0.000000	27.962032	921.473017	923.909357	920.668354	923.037639	925.138703	922.031811	922.277680	0.000000	0.000000	0.000000	0.000000	0.000000	0.000000	0.000000	0.000000	0.000000	0.000000	0.000000	192.000000	0.000000	0.000000	0.000000	0.000000	0.000000	0.000000	0.000000	0.000000	0.000000	1741714485.743361	0.000000
2.000000	55.968768	1843.147200	1847.706955	1841.135543	1846.097630	1850.187999	1843.907159	1844.398897	1847.259921	-70574.940214	1846.187037	1844.868284	1842.677813	1847.349327	1844.622415	1849.428040	0.000000	0.000000	0.000000	192.000000	0.000000	0.000000	0.000000	0.000000	0.000000	0.000000	0.000000	0.000000	0.000000	1741714485.743506	0.000000
0.000000	949.457401	1845.382374	1844.510656	1843.571883	1847.885769	1847.192865	1844.398897	922.367087	-34363.683684	-34364.421292	1845.762354	1843.817752	1844.935339	1846.119982	1847.125810	924.736372	-0.067000	0.479000	-0.084000	192.000000	125.500000	104.000000	14.500000	120.000000	125.000000	96.000000	0.000000	0.000000	0.000000	1741714485.896382	0.000000
2.000000	55.946416	1843.102496	1847.774011	1841.157894	1846.097630	1850.255054	1844.398897	1844.577711	1847.394031	-70905.455459	1846.231740	1845.024746	1842.476647	1847.416383	1844.778877	1849.450391	-0.067000	0.479000	-0.084000	192.000000	0.000000	0.000000	0.000000	0.000000	0.000000	0.000000	0.000000	0.000000	0.000000	1741714485.896572	0.000000
4.000000	56.013472	1842.990737	1847.975176	1841.247301	1846.231740	1850.098592	1844.220083	1844.667118	1847.349327	-70906.729508	1846.142333	1845.225912	1842.476647	1847.394031	1844.912987	1849.517447	-0.067000	0.479000	-0.084000	192.000000	0.000000	0.000000	0.000000	0.000000	0.000000	0.000000	0.000000	0.000000	0.000000	1741714485.896720	0.000000
6.000000	55.924065	1843.035441	1847.729307	1841.224950	1846.052926	1850.299758	1844.220083	1844.734173	1847.148162	-70907.780040	1846.008223	1845.136505	1842.521351	1847.528141	1844.756525	1849.316281	-0.067000	0.479000	-0.084000	192.000000	0.000000	0.000000	0.000000	0.000000	0.000000	0.000000	0.000000	0.000000	0.000000	1741714485.896842	0.000000
8.000000	55.924065	1843.124848	1847.662252	1841.090839	1846.142333	1850.098592	1843.884807	1844.421249	1847.394031	-70907.422412	1846.231740	1845.203560	1842.856627	1847.706955	1844.823580	1849.606854	-0.136000	0.956000	-0.160000	192.000000	125.500000	96.000000	14.500000	112.000000	125.500000	0.000000	0.000000	0.000000	0.000000	1741714485.896988	0.000000
10.000000	55.968768	1843.169551	1847.729307	1841.202598	1846.164685	1850.076240	1844.063621	1844.533008	1847.215217	-70907.735337	1846.276444	1845.181208	1842.543702	1847.438734	1844.868284	1849.584502	-0.136000	0.956000	-0.160000	192.000000	0.000000	0.000000	0.000000	0.000000	0.000000	0.000000	0.000000	0.000000	0.000000	1741714485.945476	0.000000
12.000000	55.924065	1843.348365	1847.841066	1841.202598	1846.187037	1850.322109	1843.974214	1844.354194	1847.125810	-70908.227075	1846.298795	1845.136505	1842.566054	1847.282272	1844.734173	1849.584502	-0.136000	0.956000	-0.160000	192.000000	0.000000	0.000000	0.000000	0.000000	0.000000	0.000000	0.000000	0.000000	0.000000	1741714485.945661	0.000000
14.000000	55.991120	1842.968386	1847.751659	1841.224950	1846.231740	1850.210351	1844.153028	1844.533008	1847.326976	-70907.109488	1846.187037	1844.980043	1842.364888	1847.416383	1844.622415	1849.495095	-0.136000	0.956000	-0.160000	192.000000	0.000000	0.000000	0.000000	0.000000	0.000000	0.000000	0.000000	0.000000	0.000000	1741714485.945800	0.000000
16.000000	55.946416	1842.901330	1847.751659	1840.956729	1846.187037	1850.255054	1843.951862	1844.667118	1847.326976	-70906.282473	1846.052926	1845.069450	1842.521351	1847.483438	1844.689470	1849.718612	-0.136000	0.956000	-0.160000	192.000000	0.000000	0.000000	0.000000	0.000000	0.000000	0.000000	0.000000	0.000000	0.000000	1741714485.945929	0.000000
18.000000	55.924065	1842.834275	1847.706955	1841.046136	1846.097630	1850.165647	1844.287138	1844.711822	1847.192865	-70906.170715	1845.918816	1845.069450	1842.789572	1847.349327	1844.711822	1849.450391	-0.128000	0.958000	-0.156000	192.000000	126.000000	0.000000	14.500000	120.000000	125.500000	16.000000	0.000000	0.000000	0.000000	1741714485.946060	0.000000
20.000000	55.946416	1842.990737	1847.595197	1841.023784	1846.052926	1850.210351	1844.242435	1844.577711	1847.259921	-70907.176543	1846.075278	1844.935339	1842.498999	1847.394031	1844.644766	1849.539798	-0.128000	0.958000	-0.156000	192.000000	0.000000	0.000000	0.000000	0.000000	0.000000	0.000000	0.000000	0.000000	0.000000	1741714485.985536	0.000000
22.000000	55.924065	1842.990737	1847.863418	1841.135543	1846.209389	1850.165647	1844.220083	1844.845932	1847.282272	-70908.115316	1846.030575	1845.024746	1842.789572	1847.438734	1844.912987	1849.651557	-0.128000	0.958000	-0.156000	192.000000	0.000000	0.000000	0.000000	0.000000	0.000000	0.000000	0.000000	0.000000	0.000000	1741714485.985718	0.000000
24.000000	55.991120	1843.057793	1847.796362	1840.912025	1846.052926	1850.143296	1844.063621	1844.734173	1847.326976	-70907.556523	1846.209389	1844.890636	1842.230778	1847.461086	1844.734173	1849.562150	-0.128000	0.958000	-0.156000	192.000000	0.000000	0.000000	0.000000	0.000000	0.000000	0.000000	0.000000	0.000000	0.000000	1741714485.985855	0.000000
26.000000	55.946416	1842.923682	1847.751659	1841.068487	1846.052926	1850.143296	1844.220083	1844.734173	1847.326976	-70907.936502	1846.276444	1845.002394	1842.722516	1847.706955	1844.644766	1849.696261	-0.128000	0.958000	-0.156000	192.000000	0.000000	0.000000	0.000000	0.000000	0.000000	0.000000	0.000000	0.000000	0.000000	1741714486.039518	0.000000
28.000000	55.924065	1843.214255	1847.684604	1841.247301	1846.052926	1850.098592	1844.331842	1844.443601	1847.326976	-70908.405889	1846.097630	1845.114153	1842.297833	1847.461086	1844.823580	1849.405688	-0.132000	0.960000	-0.154000	192.000000	125.500000	112.000000	15.000000	0.000000	125.500000	24.000000	0.000000	0.000000	0.000000	1741714486.039706	0.000000
30.000000	55.968768	1843.035441	1847.684604	1841.224950	1845.918816	1850.232703	1843.996566	1844.644766	1847.215217	-70909.903456	1846.030575	1844.935339	1842.588406	1847.483438	1844.689470	1849.405688	-0.132000	0.960000	-0.154000	192.000000	0.000000	0.000000	0.000000	0.000000	0.000000	0.000000	0.000000	0.000000	0.000000	1741714486.039850	0.000000
32.000000	55.924065	1843.191903	1847.639900	1841.224950	1846.142333	1850.187999	1844.264787	1844.577711	1847.058755	-70908.562351	1846.343499	1845.047098	1842.543702	1847.729307	1844.734173	1849.517447	-0.132000	0.960000	-0.154000	192.000000	0.000000	0.000000	0.000000	0.000000	0.000000	0.000000	0.000000	0.000000	0.000000	1741714486.039996	0.000000
34.000000	55.946416	1842.968386	1847.863418	1841.381412	1846.254092	1849.942130	1844.130676	1844.555359	1847.170514	-70908.450593	1846.209389	1844.868284	1842.476647	1847.572845	1844.734173	1849.495095	-0.132000	0.960000	-0.154000	192.000000	0.000000	0.000000	0.000000	0.000000	0.000000	0.000000	0.000000	0.000000	0.000000	1741714486.040132	0.000000
36.000000	55.946416	1842.946034	1847.505790	1841.113191	1845.985871	1850.120944	1844.153028	1844.600063	1847.237569	-70910.439898	1845.941168	1844.845932	1842.566054	1847.371679	1844.555359	1849.450391	-0.132000	0.960000	-0.154000	192.000000	0.000000	0.000000	0.000000	0.000000	0.000000	0.000000	0.000000	0.000000	0.000000	1741714486.040273	0.000000
38.000000	55.968768	1843.057793	1847.639900	1841.202598	1846.008223	1850.210351	1844.264787	1844.823580	1847.259921	-70910.059918	1846.097630	1844.801229	1842.297833	1847.438734	1844.600063	1849.316281	-0.132000	0.958000	-0.152000	192.000000	125.500000	112.000000	14.500000	120.000000	125.500000	32.000000	0.000000	0.000000	0.000000	1741714486.040403	0.000000
40.000000	55.924065	1842.946034	1847.706955	1841.157894	1846.052926	1849.875075	1844.287138	1844.510656	1847.103458	-70909.434069	1846.008223	1844.689470	1842.722516	1847.483438	1844.845932	1849.517447	-0.132000	0.958000	-0.152000	192.000000	0.000000	0.000000	0.000000	0.000000	0.000000	0.000000	0.000000	0.000000	0.000000	1741714486.060690	0.000000
42.000000	55.991120	1842.901330	1847.684604	1841.090839	1845.918816	1850.210351	1844.108325	1844.689470	1847.148162	-70909.881104	1846.254092	1844.823580	1842.387240	1847.371679	1844.756525	1849.405688	-0.132000	0.958000	-0.152000	192.000000	0.000000	0.000000	0.000000	0.000000	0.000000	0.000000	0.000000	0.000000	0.000000	1741714486.060845	0.000000
44.000000	56.013472	1843.258958	1847.684604	1841.001432	1846.119982	1849.830371	1844.376545	1844.555359	1847.282272	-70911.669244	1846.030575	1844.734173	1842.566054	1847.461086	1844.734173	1849.428040	-0.132000	0.958000	-0.152000	192.000000	0.000000	0.000000	0.000000	0.000000	0.000000	0.000000	0.000000	0.000000	0.000000	1741714486.124772	0.000000
46.000000	55.991120	1842.990737	1847.684604	1841.359060	1846.298795	1850.143296	1844.331842	1844.711822	1847.259921	-70912.138630	1846.164685	1844.980043	1842.610758	1847.706955	1844.957691	1849.852723	-0.132000	0.958000	-0.152000	192.000000	0.000000	0.000000	0.000000	0.000000	0.000000	0.000000	0.000000	0.000000	0.000000	1741714486.124975	0.000000
48.000000	55.901713	1842.878979	1847.639900	1841.113191	1846.209389	1850.165647	1844.108325	1844.756525	1847.394031	-70909.791697	1846.209389	1844.957691	1842.655461	1847.461086	1844.734173	1849.517447	-0.134000	0.962000	-0.158000	192.000000	125.500000	104.000000	15.000000	8.000000	125.500000	8.000000	0.000000	0.000000	0.000000	1741714486.125100	0.000000
50.000000	55.968768	1843.035441	1847.751659	1840.822618	1846.097630	1850.098592	1844.130676	1844.510656	1847.148162	-70909.501125	1846.119982	1845.002394	1842.588406	1847.304624	1844.711822	1849.517447	-0.134000	0.962000	-0.158000	192.000000	0.000000	0.000000	0.000000	0.000000	0.000000	0.000000	0.000000	0.000000	0.000000	1741714486.125248	0.000000
52.000000	55.924065	1842.946034	1847.639900	1841.292005	1845.918816	1850.031537	1844.175380	1844.376545	1847.326976	-70910.216380	1846.052926	1845.136505	1842.700165	1847.438734	1844.823580	1849.740964	-0.134000	0.962000	-0.158000	192.000000	0.000000	0.000000	0.000000	0.000000	0.000000	0.000000	0.000000	0.000000	0.000000	1741714486.125380	0.000000
54.000000	55.924065	1842.811923	1847.796362	1841.269653	1846.119982	1850.322109	1844.153028	1844.734173	1847.170514	-70911.177505	1845.896464	1844.890636	1842.588406	1847.416383	1844.801229	1849.293929	-0.134000	0.962000	-0.158000	192.000000	0.000000	0.000000	0.000000	0.000000	0.000000	0.000000	0.000000	0.000000	0.000000	1741714486.125520	0.000000
56.000000	55.968768	1843.124848	1847.997528	1841.090839	1846.052926	1849.964482	1844.085973	1844.600063	1847.461086	-70910.149325	1846.187037	1844.890636	1842.677813	1847.550493	1844.890636	1849.606854	-0.134000	0.962000	-0.158000	192.000000	0.000000	0.000000	0.000000	0.000000	0.000000	0.000000	0.000000	0.000000	0.000000	1741714486.125654	0.000000
58.000000	55.991120	1843.124848	1847.639900	1841.202598	1846.388202	1850.232703	1844.242435	1844.644766	1847.326976	-70910.216380	1846.164685	1844.868284	1842.476647	1847.483438	1844.689470	1849.785668	-0.130000	0.960000	-0.156000	192.000000	125.500000	120.000000	15.000000	0.000000	125.500000	16.000000	0.000000	0.000000	0.000000	1741714486.180111	0.000000
60.000000	55.991120	1842.990737	1847.706955	1840.934377	1846.052926	1850.322109	1844.220083	1844.756525	1847.326976	-70911.311616	1845.985871	1845.047098	1842.633109	1847.617548	1844.734173	1849.606854	-0.130000	0.960000	-0.156000	192.000000	0.000000	0.000000	0.000000	0.000000	0.000000	0.000000	0.000000	0.000000	0.000000	1741714486.180319	0.000000
62.000000	55.924065	1842.968386	1847.662252	1841.046136	1845.985871	1850.210351	1844.085973	1844.644766	1847.170514	-70911.110450	1846.187037	1845.024746	1842.677813	1847.595197	1844.823580	1849.517447	-0.130000	0.960000	-0.156000	192.000000	0.000000	0.000000	0.000000	0.000000	0.000000	0.000000	0.000000	0.000000	0.000000	1741714486.180453	0.000000
64.000000	55.968768	1843.147200	1847.751659	1841.224950	1846.142333	1849.852723	1844.063621	1844.756525	1847.170514	-70910.641064	1846.119982	1844.823580	1842.588406	1847.483438	1844.756525	1849.360984	-0.130000	0.960000	-0.156000	192.000000	0.000000	0.000000	0.000000	0.000000	0.000000	0.000000	0.000000	0.000000	0.000000	1741714486.180586	0.000000
66.000000	55.946416	1842.901330	1847.796362	1841.090839	1846.097630	1849.718612	1844.018918	1844.667118	1846.879941	-70909.925808	1846.030575	1844.980043	1842.431944	1847.282272	1844.667118	1849.539798	-0.130000	0.960000	-0.156000	192.000000	0.000000	0.000000	0.000000	0.000000	0.000000	0.000000	0.000000	0.000000	0.000000	1741714486.180715	0.000000
68.000000	55.968768	1842.901330	1847.774011	1841.426115	1846.231740	1850.120944	1844.197732	1844.890636	1847.215217	-70910.752822	1846.477609	1844.980043	1842.677813	1847.706955	1844.912987	1849.629205	-0.130000	0.958000	-0.154000	192.000000	125.500000	120.000000	14.500000	120.000000	125.500000	24.000000	0.000000	0.000000	0.000000	1741714486.180866	0.000000
70.000000	55.991120	1842.878979	1847.885769	1841.269653	1846.254092	1849.942130	1844.287138	1844.711822	1847.125810	-70912.473907	1846.298795	1845.047098	1842.454295	1847.438734	1844.667118	1849.472743	-0.130000	0.958000	-0.154000	192.000000	0.000000	0.000000	0.000000	0.000000	0.000000	0.000000	0.000000	0.000000	0.000000	1741714486.181017	0.000000
72.000000	55.968768	1842.923682	1847.841066	1841.448467	1845.918816	1850.009185	1844.242435	1844.689470	1847.505790	-70911.959816	1846.276444	1845.024746	1842.476647	1847.505790	1844.756525	1849.405688	-0.130000	0.958000	-0.154000	192.000000	0.000000	0.000000	0.000000	0.000000	0.000000	0.000000	0.000000	0.000000	0.000000	1741714486.181143	0.000000
74.000000	55.924065	1843.013089	1847.908121	1841.269653	1846.119982	1850.009185	1844.331842	1844.600063	1847.282272	-70912.384500	1845.985871	1845.047098	1842.588406	1847.282272	1844.801229	1849.606854	-0.130000	0.958000	-0.154000	192.000000	0.000000	0.000000	0.000000	0.000000	0.000000	0.000000	0.000000	0.000000	0.000000	1741714486.226935	0.000000
76.000000	55.924065	1842.923682	1847.796362	1841.314356	1846.052926	1850.120944	1844.197732	1844.667118	1847.259921	-70912.764479	1846.052926	1845.158857	1842.767220	1847.349327	1844.912987	1849.584502	-0.130000	0.958000	-0.154000	192.000000	0.000000	0.000000	0.000000	0.000000	0.000000	0.000000	0.000000	0.000000	0.000000	1741714486.227076	0.000000
78.000000	55.924065	1842.856627	1847.706955	1841.314356	1846.209389	1850.053889	1844.242435	1844.555359	1847.461086	-70911.892761	1846.187037	1844.935339	1842.566054	1847.617548	1844.912987	1849.852723	-0.128000	0.960000	-0.160000	192.000000	126.000000	0.000000	15.000000	0.000000	125.500000	0.000000	0.000000	0.000000	0.000000	1741714486.227255	0.000000
80.000000	55.946416	1843.035441	1847.729307	1841.113191	1846.075278	1850.366813	1843.862455	1844.376545	1847.215217	-70911.423375	1846.187037	1844.935339	1842.633109	1847.639900	1844.734173	1849.517447	-0.128000	0.960000	-0.160000	192.000000	0.000000	0.000000	0.000000	0.000000	0.000000	0.000000	0.000000	0.000000	0.000000	1741714486.227372	0.000000
82.000000	55.924065	1843.013089	1847.841066	1841.381412	1846.119982	1850.232703	1844.108325	1844.711822	1847.192865	-70911.490430	1846.142333	1845.292967	1842.789572	1847.394031	1844.734173	1849.450391	-0.128000	0.960000	-0.160000	192.000000	0.000000	0.000000	0.000000	0.000000	0.000000	0.000000	0.000000	0.000000	0.000000	1741714486.227468	0.000000
84.000000	55.901713	1842.990737	1847.639900	1841.068487	1845.941168	1849.942130	1844.153028	1844.577711	1847.170514	-70912.943293	1845.874112	1844.868284	1842.498999	1847.639900	1844.644766	1849.450391	-0.128000	0.960000	-0.160000	192.000000	0.000000	0.000000	0.000000	0.000000	0.000000	0.000000	0.000000	0.000000	0.000000	1741714486.278133	0.000000
86.000000	55.946416	1843.102496	1847.774011	1841.001432	1846.231740	1850.031537	1844.175380	1844.689470	1847.304624	-70912.116279	1846.075278	1844.778877	1842.431944	1847.528141	1844.756525	1849.428040	-0.128000	0.960000	-0.160000	192.000000	0.000000	0.000000	0.000000	0.000000	0.000000	0.000000	0.000000	0.000000	0.000000	1741714486.278289	0.000000
88.000000	55.946416	1843.214255	1847.841066	1841.157894	1846.097630	1850.098592	1844.421249	1844.577711	1847.014051	-70912.630369	1845.829409	1844.667118	1842.588406	1847.371679	1844.756525	1849.428040	-0.124000	0.962000	-0.158000	192.000000	126.000000	16.000000	15.000000	8.000000	125.500000	8.000000	0.000000	0.000000	0.000000	1741714486.278389	0.000000
90.000000	55.968768	1842.968386	1847.930473	1840.979080	1846.075278	1850.299758	1844.220083	1844.778877	1847.103458	-70911.579837	1846.097630	1845.091801	1842.677813	1847.394031	1844.689470	1849.495095	-0.124000	0.962000	-0.158000	192.000000	0.000000	0.000000	0.000000	0.000000	0.000000	0.000000	0.000000	0.000000	0.000000	1741714486.278488	0.000000
92.000000	55.968768	1842.923682	1847.751659	1841.135543	1846.119982	1849.964482	1844.175380	1844.644766	1847.036403	-70913.055052	1846.254092	1845.091801	1842.610758	1847.505790	1844.600063	1849.539798	-0.124000	0.962000	-0.158000	192.000000	0.000000	0.000000	0.000000	0.000000	0.000000	0.000000	0.000000	0.000000	0.000000	1741714486.278587	0.000000
94.000000	55.968768	1843.013089	1847.774011	1840.979080	1845.985871	1849.964482	1844.309490	1844.533008	1847.259921	-70912.920941	1846.254092	1844.734173	1842.297833	1847.483438	1844.510656	1849.629205	-0.124000	0.962000	-0.158000	192.000000	0.000000	0.000000	0.000000	0.000000	0.000000	0.000000	0.000000	0.000000	0.000000	1741714486.278681	0.000000
96.000000	55.968768	1842.946034	1847.751659	1841.068487	1845.918816	1850.076240	1844.153028	1844.533008	1847.483438	-70912.764479	1846.075278	1844.801229	1842.342537	1847.416383	1844.510656	1849.428040	-0.124000	0.962000	-0.158000	192.000000	0.000000	0.000000	0.000000	0.000000	0.000000	0.000000	0.000000	0.000000	0.000000	1741714486.278771	0.000000
98.000000	55.946416	1843.013089	1847.617548	1841.247301	1846.008223	1850.120944	1844.264787	1844.465952	1847.215217	-70912.742128	1846.298795	1844.980043	1842.476647	1847.595197	1844.644766	1849.562150	-0.128000	0.968000	-0.156000	192.000000	126.000000	0.000000	15.000000	32.000000	125.500000	16.000000	0.000000	0.000000	0.000000	1741714486.328792	0.000000
100.000000	55.879361	1842.789572	1847.617548	1841.202598	1845.963519	1850.031537	1844.108325	1844.510656	1847.103458	-70913.904418	1846.164685	1844.845932	1842.588406	1847.416383	1844.734173	1849.740964	-0.128000	0.968000	-0.156000	192.000000	0.000000	0.000000	0.000000	0.000000	0.000000	0.000000	0.000000	0.000000	0.000000	1741714486.328944	0.000000
102.000000	55.968768	1842.878979	1847.684604	1840.979080	1845.963519	1850.098592	1844.108325	1844.443601	1847.259921	-70913.882066	1846.388202	1845.002394	1842.677813	1847.505790	1844.711822	1849.651557	-0.128000	0.968000	-0.156000	192.000000	0.000000	0.000000	0.000000	0.000000	0.000000	0.000000	0.000000	0.000000	0.000000	1741714486.329044	0.000000
104.000000	55.968768	1843.169551	1847.684604	1841.157894	1846.008223	1850.322109	1844.242435	1844.845932	1847.349327	-70912.719776	1846.254092	1844.555359	1842.498999	1847.639900	1844.734173	1849.405688	-0.128000	0.968000	-0.156000	192.000000	0.000000	0.000000	0.000000	0.000000	0.000000	0.000000	0.000000	0.000000	0.000000	1741714486.329138	0.000000
106.000000	55.968768	1842.946034	1847.684604	1841.090839	1846.097630	1850.120944	1844.220083	1844.711822	1847.461086	-70912.473907	1846.231740	1845.002394	1842.566054	1847.751659	1844.912987	1849.428040	-0.128000	0.968000	-0.156000	192.000000	0.000000	0.000000	0.000000	0.000000	0.000000	0.000000	0.000000	0.000000	0.000000	1741714486.329241	0.000000
108.000000	55.968768	1843.147200	1847.751659	1841.336708	1846.164685	1850.143296	1844.085973	1844.868284	1847.259921	-70914.351453	1846.097630	1845.382374	1842.700165	1847.751659	1844.734173	1849.785668	-0.134000	0.962000	-0.150000	192.000000	125.500000	104.000000	15.000000	8.000000	125.500000	40.000000	0.000000	0.000000	0.000000	1741714486.329331	0.000000
110.000000	55.946416	1842.901330	1847.818714	1841.292005	1846.097630	1850.076240	1844.309490	1844.577711	1847.170514	-70914.507915	1846.321147	1845.047098	1842.253130	1847.461086	1844.689470	1849.584502	-0.134000	0.962000	-0.150000	192.000000	0.000000	0.000000	0.000000	0.000000	0.000000	0.000000	0.000000	0.000000	0.000000	1741714486.329432	0.000000
112.000000	55.879361	1843.169551	1847.706955	1841.001432	1846.254092	1849.919778	1844.153028	1844.667118	1847.416383	-70913.010348	1846.231740	1844.868284	1842.387240	1847.326976	1844.734173	1849.539798	-0.134000	0.962000	-0.150000	192.000000	0.000000	0.000000	0.000000	0.000000	0.000000	0.000000	0.000000	0.000000	0.000000	1741714486.329521	0.000000
114.000000	55.924065	1843.147200	1847.796362	1841.269653	1846.008223	1850.031537	1844.264787	1844.711822	1847.192865	-70913.077404	1846.231740	1844.734173	1842.588406	1847.371679	1844.667118	1849.450391	-0.134000	0.962000	-0.150000	192.000000	0.000000	0.000000	0.000000	0.000000	0.000000	0.000000	0.000000	0.000000	0.000000	1741714486.380113	0.000000
116.000000	55.946416	1842.946034	1847.751659	1841.135543	1845.985871	1850.053889	1844.242435	1844.465952	1847.170514	-70914.127936	1846.008223	1844.890636	1842.655461	1847.215217	1844.823580	1849.517447	-0.134000	0.962000	-0.150000	192.000000	0.000000	0.000000	0.000000	0.000000	0.000000	0.000000	0.000000	0.000000	0.000000	1741714486.380259	0.000000
118.000000	55.901713	1843.057793	1847.774011	1841.046136	1846.119982	1850.009185	1844.309490	1844.443601	1847.237569	-70915.200819	1846.097630	1844.912987	1842.297833	1847.617548	1844.778877	1849.562150	-0.132000	0.968000	-0.158000	192.000000	125.500000	112.000000	15.000000	32.000000	125.500000	8.000000	0.000000	0.000000	0.000000	1741714486.380349	0.000000
120.000000	55.968768	1843.035441	1847.818714	1841.292005	1846.052926	1850.120944	1844.287138	1844.667118	1847.081107	-70914.530267	1846.164685	1844.823580	1842.498999	1847.371679	1844.555359	1849.495095	-0.132000	0.968000	-0.158000	192.000000	0.000000	0.000000	0.000000	0.000000	0.000000	0.000000	0.000000	0.000000	0.000000	1741714486.380445	0.000000
122.000000	55.968768	1842.990737	1847.729307	1841.314356	1845.874112	1849.919778	1844.063621	1844.622415	1847.394031	-70912.965645	1846.254092	1845.069450	1842.655461	1847.371679	1844.801229	1849.360984	-0.132000	0.968000	-0.158000	192.000000	0.000000	0.000000	0.000000	0.000000	0.000000	0.000000	0.000000	0.000000	0.000000	1741714486.380533	0.000000
124.000000	-21.994117	-24.385753	-18.551948	-26.084486	-20.317736	-16.987326	-22.038820	-21.994117	1536.816542	-70915.513744	1535.676603	1534.626071	1532.279138	1537.241225	1534.693126	1539.409344	-0.132000	0.968000	-0.158000	192.000000	0.000000	0.000000	0.000000	0.000000	0.000000	0.000000	0.000000	0.000000	0.000000	1741714486.380631	0.000000
126.000000	-99.912298	-1898.020732	-1891.941058	-1899.630058	-1893.326866	-1890.376436	-1894.712674	-1895.494985	-1582.503507	-70915.290226	-1583.799909	-1584.448109	-1583.576391	-1580.760071	-1583.196412	-1578.569600	-0.130000	0.966000	-0.160000	192.000000	126.000000	0.000000	15.000000	16.000000	125.000000	120.000000	0.000000	0.000000	0.000000	1741714486.380720	0.000000
128.000000	-99.934649	-1897.931325	-1892.030465	-1899.808872	-1893.349218	-1890.465843	-1894.220936	-1895.606744	-1896.098482	-70914.038529	-1897.327828	-1898.221898	-1896.791386	-1894.131529	-1896.500814	-1892.164575	-0.130000	0.966000	-0.160000	192.000000	0.000000	0.000000	0.000000	0.000000	0.000000	0.000000	0.000000	0.000000	0.000000	1741714486.439271	0.000000
130.000000	-99.912298	-1898.110139	-1892.119872	-1899.697113	-1893.237459	-1890.354084	-1894.444453	-1895.293819	-1895.874965	-70914.954950	-1897.484290	-1898.400712	-1896.880793	-1894.176232	-1896.724331	-1892.052816	-0.130000	0.966000	-0.160000	192.000000	0.000000	0.000000	0.000000	0.000000	0.000000	0.000000	0.000000	0.000000	0.000000	1741714486.439423	0.000000
132.000000	-99.912298	-1898.244250	-1892.008113	-1899.920630	-1893.282162	-1890.242325	-1894.667970	-1895.405578	-1895.964372	-70916.005482	-1897.238421	-1898.356008	-1897.238421	-1894.086825	-1896.880793	-1891.985761	-0.130000	0.966000	-0.160000	192.000000	0.000000	0.000000	0.000000	0.000000	0.000000	0.000000	0.000000	0.000000	0.000000	1741714486.439516	0.000000
134.000000	-99.957001	-1898.110139	-1892.097520	-1899.719465	-1893.371569	-1890.421139	-1894.690322	-1895.629096	-1896.031427	-70915.446689	-1897.506642	-1898.266601	-1896.970200	-1893.706845	-1896.523165	-1891.762244	-0.130000	0.966000	-0.160000	192.000000	0.000000	0.000000	0.000000	0.000000	0.000000	0.000000	0.000000	0.000000	0.000000	1741714486.439609	0.000000
136.000000	-99.979353	-1898.065436	-1892.097520	-1899.697113	-1893.192755	-1890.421139	-1894.466805	-1895.226764	-1895.807909	-70915.625503	-1897.350180	-1898.132491	-1896.925497	-1893.908011	-1896.701979	-1892.075168	-0.126000	0.964000	-0.161000	192.000000	126.000000	24.000000	15.000000	8.000000	125.000000	120.000000	0.000000	0.000000	0.000000	1741714486.439704	0.000000
138.000000	-100.001705	-1898.288953	-1891.941058	-1899.853575	-1893.282162	-1890.264677	-1894.846784	-1895.472633	-1896.053779	-70915.066709	-1897.283125	-1898.288953	-1897.059607	-1894.131529	-1896.724331	-1891.918706	-0.126000	0.964000	-0.161000	192.000000	0.000000	0.000000	0.000000	0.000000	0.000000	0.000000	0.000000	0.000000	0.000000	1741714486.439806	0.000000
140.000000	-99.912298	-1898.020732	-1892.119872	-1899.786520	-1893.349218	-1890.510546	-1894.936191	-1895.360875	-1895.986723	-70915.670206	-1897.350180	-1898.177194	-1896.836090	-1894.109177	-1896.746683	-1891.874002	-0.126000	0.964000	-0.161000	192.000000	0.000000	0.000000	0.000000	0.000000	0.000000	0.000000	0.000000	0.000000	0.000000	1741714486.439896	0.000000
142.000000	-99.934649	-1898.199546	-1891.874002	-1899.786520	-1893.282162	-1890.287029	-1894.690322	-1895.383226	-1895.874965	-70917.011311	-1897.305476	-1897.976029	-1896.791386	-1894.064473	-1896.567869	-1891.806947	-0.126000	0.964000	-0.161000	192.000000	0.000000	0.000000	0.000000	0.000000	0.000000	0.000000	0.000000	0.000000	0.000000	1741714486.497356	0.000000
144.000000	-100.046408	-1898.177194	-1891.851651	-1899.741816	-1893.170404	-1890.287029	-1894.757377	-1895.494985	-1895.986723	-70916.318407	-1897.461939	-1898.356008	-1896.701979	-1893.796252	-1896.433758	-1891.762244	-0.126000	0.964000	-0.161000	192.000000	0.000000	0.000000	0.000000	0.000000	0.000000	0.000000	0.000000	0.000000	0.000000	1741714486.497486	0.000000
146.000000	-99.957001	-1898.132491	-1892.119872	-1899.741816	-1893.393921	-1890.421139	-1894.600915	-1895.427930	-1895.763206	-70916.608979	-1897.461939	-1898.199546	-1896.724331	-1893.639790	-1896.679627	-1891.941058	-0.125000	0.961000	-0.162500	192.000000	126.000000	16.000000	14.500000	120.000000	125.000000	112.000000	0.000000	0.000000	0.000000	1741714486.497580	0.000000
148.000000	-100.001705	-1898.043084	-1891.918706	-1899.697113	-1893.215107	-1890.197622	-1894.667970	-1895.316171	-1895.964372	-70918.821802	-1897.193718	-1898.266601	-1897.014904	-1893.818604	-1896.523165	-1891.963409	-0.125000	0.961000	-0.162500	192.000000	0.000000	0.000000	0.000000	0.000000	0.000000	0.000000	0.000000	0.000000	0.000000	1741714486.497683	0.000000
150.000000	-100.068760	-1898.221898	-1891.985761	-1899.786520	-1893.237459	-1890.085863	-1894.600915	-1895.226764	-1895.919668	-70917.547753	-1897.439587	-1898.288953	-1896.791386	-1893.930363	-1896.657276	-1891.851651	-0.125000	0.961000	-0.162500	192.000000	0.000000	0.000000	0.000000	0.000000	0.000000	0.000000	0.000000	0.000000	0.000000	1741714486.497778	0.000000
152.000000	-99.934649	-1898.199546	-1892.052816	-1899.674761	-1893.349218	-1890.242325	-1894.422101	-1895.204412	-1895.897316	-70916.296055	-1897.461939	-1898.423064	-1896.947848	-1894.064473	-1896.478462	-1891.806947	-0.125000	0.961000	-0.162500	192.000000	0.000000	0.000000	0.000000	0.000000	0.000000	0.000000	0.000000	0.000000	0.000000	1741714486.497876	0.000000
154.000000	-100.001705	-1898.087787	-1891.918706	-1899.473596	-1893.237459	-1890.510546	-1894.489157	-1895.226764	-1895.651447	-70916.474869	-1897.305476	-1898.266601	-1897.171366	-1894.042122	-1896.389055	-1892.030465	-0.125000	0.961000	-0.162500	192.000000	0.000000	0.000000	0.000000	0.000000	0.000000	0.000000	0.000000	0.000000	0.000000	1741714486.552811	0.000000
156.000000	-100.001705	-1898.378360	-1892.209279	-1899.808872	-1893.282162	-1890.488194	-1894.645619	-1895.338523	-1895.852613	-70917.793622	-1897.372532	-1898.154843	-1896.836090	-1893.997418	-1896.634924	-1891.918706	-0.126500	0.960500	-0.159250	192.000000	126.000000	0.000000	15.000000	0.000000	125.500000	16.000000	0.000000	0.000000	0.000000	1741714486.552934	0.000000
158.000000	-99.979353	-1898.266601	-1892.075168	-1899.652410	-1893.192755	-1890.242325	-1894.444453	-1895.427930	-1895.629096	-70918.620636	-1897.417235	-1897.886622	-1896.836090	-1893.751549	-1896.545517	-1892.030465	-0.126500	0.960500	-0.159250	192.000000	0.000000	0.000000	0.000000	0.000000	0.000000	0.000000	0.000000	0.000000	0.000000	1741714486.553036	0.000000
160.000000	-99.979353	-1898.221898	-1891.784595	-1899.898279	-1893.103348	-1890.309380	-1894.511508	-1895.427930	-1895.651447	-70917.950084	-1897.216069	-1898.244250	-1896.612572	-1893.662142	-1896.478462	-1891.918706	-0.126500	0.960500	-0.159250	192.000000	0.000000	0.000000	0.000000	0.000000	0.000000	0.000000	0.000000	0.000000	0.000000	1741714486.553131	0.000000
162.000000	-99.934649	-1898.221898	-1891.874002	-1899.831223	-1893.259811	-1890.130566	-1894.489157	-1895.115005	-1896.053779	-70917.145421	-1897.394883	-1898.020732	-1896.836090	-1893.863308	-1896.478462	-1891.963409	-0.126500	0.960500	-0.159250	192.000000	0.000000	0.000000	0.000000	0.000000	0.000000	0.000000	0.000000	0.000000	0.000000	1741714486.553240	0.000000
164.000000	-99.934649	-1898.221898	-1891.896354	-1899.451244	-1893.304514	-1890.264677	-1894.600915	-1895.383226	-1895.919668	-70917.547753	-1897.327828	-1898.311305	-1896.746683	-1893.908011	-1896.590221	-1892.008113	-0.126500	0.960500	-0.159250	192.000000	0.000000	0.000000	0.000000	0.000000	0.000000	0.000000	0.000000	0.000000	0.000000	1741714486.553327	0.000000
166.000000	-99.912298	-1897.976029	-1891.918706	-1899.630058	-1893.080997	-1890.264677	-1894.645619	-1895.360875	-1895.964372	-70919.201782	-1897.149014	-1898.288953	-1896.724331	-1893.908011	-1896.456110	-1891.985761	-0.128250	0.958250	-0.157625	192.000000	125.500000	120.000000	14.500000	112.000000	125.500000	16.000000	0.000000	0.000000	0.000000	1741714486.553420	0.000000
168.000000	-99.934649	-1898.154843	-1891.941058	-1899.898279	-1893.282162	-1890.331732	-1894.578564	-1895.316171	-1896.009075	-70918.173601	-1897.149014	-1897.953677	-1896.858441	-1893.975066	-1896.590221	-1891.829299	-0.128250	0.958250	-0.157625	192.000000	0.000000	0.000000	0.000000	0.000000	0.000000	0.000000	0.000000	0.000000	0.000000	1741714486.602705	0.000000
170.000000	-99.979353	-1898.266601	-1892.030465	-1899.920630	-1893.170404	-1890.376436	-1894.533860	-1895.383226	-1895.740854	-70918.240657	-1897.528994	-1898.110139	-1896.925497	-1893.796252	-1896.478462	-1891.896354	-0.128250	0.958250	-0.157625	192.000000	0.000000	0.000000	0.000000	0.000000	0.000000	0.000000	0.000000	0.000000	0.000000	1741714486.602851	0.000000
172.000000	-99.957001	-1898.199546	-1891.985761	-1899.808872	-1893.393921	-1890.309380	-1894.600915	-1895.405578	-1895.897316	-70920.252314	-1897.372532	-1898.288953	-1896.903145	-1894.109177	-1896.500814	-1891.874002	-0.128250	0.958250	-0.157625	192.000000	0.000000	0.000000	0.000000	0.000000	0.000000	0.000000	0.000000	0.000000	0.000000	1741714486.602949	0.000000
174.000000	-99.957001	-1898.266601	-1892.052816	-1900.077093	-1893.192755	-1890.532898	-1894.310343	-1895.450282	-1895.763206	-70920.632293	-1897.327828	-1898.110139	-1897.171366	-1893.773901	-1896.545517	-1891.874002	-0.128250	0.958250	-0.157625	192.000000	0.000000	0.000000	0.000000	0.000000	0.000000	0.000000	0.000000	0.000000	0.000000	1741714486.603044	0.000000
176.000000	-99.979353	-1898.244250	-1892.097520	-1899.764168	-1893.282162	-1890.264677	-1894.332694	-1895.383226	-1895.852613	-70920.028796	-1897.216069	-1898.087787	-1896.724331	-1893.863308	-1896.545517	-1892.008113	-0.129125	0.957125	-0.157813	192.000000	125.500000	120.000000	14.500000	112.000000	125.500000	8.000000	0.000000	0.000000	0.000000	1741714486.603131	0.000000
178.000000	-99.979353	-1898.043084	-1892.075168	-1899.764168	-1893.259811	-1890.197622	-1894.533860	-1895.427930	-1896.031427	-70918.777099	-1897.104311	-1898.244250	-1896.880793	-1893.885659	-1896.433758	-1892.052816	-0.129125	0.957125	-0.157813	192.000000	0.000000	0.000000	0.000000	0.000000	0.000000	0.000000	0.000000	0.000000	0.000000	1741714486.603229	0.000000
180.000000	-99.979353	-1898.132491	-1891.739892	-1899.563003	-1893.237459	-1890.152918	-1894.578564	-1895.338523	-1895.964372	-70919.604113	-1897.394883	-1898.311305	-1897.014904	-1893.885659	-1896.500814	-1891.784595	-0.129125	0.957125	-0.157813	192.000000	0.000000	0.000000	0.000000	0.000000	0.000000	0.000000	0.000000	0.000000	0.000000	1741714486.603317	0.000000
182.000000	-99.957001	-1898.266601	-1891.963409	-1899.786520	-1893.259811	-1890.287029	-1894.578564	-1895.450282	-1895.919668	-70919.581761	-1897.283125	-1898.177194	-1896.701979	-1893.840956	-1896.634924	-1891.829299	-0.129125	0.957125	-0.157813	192.000000	0.000000	0.000000	0.000000	0.000000	0.000000	0.000000	0.000000	0.000000	0.000000	1741714486.603413	0.000000
184.000000	-99.979353	-1898.266601	-1891.985761	-1899.831223	-1893.192755	-1890.287029	-1894.667970	-1895.182061	-1895.986723	-70918.888857	-1897.216069	-1898.221898	-1896.858441	-1893.952715	-1896.769034	-1892.030465	-0.129125	0.957125	-0.157813	192.000000	0.000000	0.000000	0.000000	0.000000	0.000000	0.000000	0.000000	0.000000	0.000000	1741714486.652887	0.000000
186.000000	-100.024056	-1898.244250	-1891.762244	-1899.764168	-1893.483328	-1890.532898	-1894.600915	-1895.204412	-1895.919668	-70918.732395	-1897.417235	-1898.311305	-1896.746683	-1893.908011	-1896.657276	-1891.784595	-0.129562	0.959562	-0.154906	192.000000	125.500000	120.000000	15.000000	8.000000	125.500000	32.000000	0.000000	0.000000	0.000000	1741714486.653010	0.000000
188.000000	-100.001705	-1898.221898	-1891.829299	-1899.875927	-1893.460976	-1890.309380	-1894.556212	-1895.405578	-1895.763206	-70919.581761	-1897.484290	-1898.356008	-1896.769034	-1893.818604	-1896.746683	-1891.963409	-0.129562	0.959562	-0.154906	192.000000	0.000000	0.000000	0.000000	0.000000	0.000000	0.000000	0.000000	0.000000	0.000000	1741714486.653117	0.000000
190.000000	-100.001705	-1898.221898	-1892.164575	-1899.808872	-1893.326866	-1890.376436	-1894.645619	-1895.338523	-1895.830261	-70919.738224	-1897.283125	-1898.221898	-1896.791386	-1893.975066	-1896.523165	-1891.762244	-0.129562	0.959562	-0.154906	192.000000	0.000000	0.000000	0.000000	0.000000	0.000000	0.000000	0.000000	0.000000	0.000000	1741714486.653207	0.000000
192.000000	-99.979353	-1897.931325	-1891.963409	-1899.719465	-1893.282162	-1890.376436	-1894.578564	-1895.204412	-1895.986723	-70919.402947	-1897.350180	-1898.266601	-1897.037255	-1893.975066	-1896.858441	-1892.030465	-0.129562	0.959562	-0.154906	192.000000	0.000000	0.000000	0.000000	0.000000	0.000000	0.000000	0.000000	0.000000	0.000000	1741714486.653310	0.000000
194.000000	-100.001705	-1898.110139	-1892.075168	-1899.875927	-1893.416273	-1890.219973	-1894.489157	-1895.405578	-1896.009075	-70919.626465	-1897.506642	-1898.423064	-1897.104311	-1893.840956	-1896.433758	-1892.097520	-0.129562	0.959562	-0.154906	192.000000	0.000000	0.000000	0.000000	0.000000	0.000000	0.000000	0.000000	0.000000	0.000000	1741714486.653400	0.000000
196.000000	-100.001705	-1898.244250	-1892.164575	-1899.786520	-1893.125700	-1890.309380	-1894.355046	-1895.360875	-1895.942020	-70921.146383	-1897.283125	-1898.177194	-1896.769034	-1893.662142	-1896.433758	-1891.918706	-0.129781	0.961781	-0.156453	192.000000	125.500000	120.000000	15.000000	16.000000	125.500000	8.000000	0.000000	0.000000	0.000000	1741714486.653494	0.000000
198.000000	-100.001705	-1898.199546	-1892.008113	-1899.741816	-1893.416273	-1890.667008	-1894.422101	-1895.271468	-1895.897316	-70920.297017	-1897.238421	-1897.998380	-1896.880793	-1893.863308	-1896.724331	-1891.963409	-0.129781	0.961781	-0.156453	192.000000	0.000000	0.000000	0.000000	0.000000	0.000000	0.000000	0.000000	0.000000	0.000000	1741714486.712710	0.000000
200.000000	-99.957001	-1898.221898	-1891.941058	-1899.831223	-1893.416273	-1890.488194	-1894.623267	-1895.249116	-1895.942020	-70920.498183	-1897.528994	-1898.244250	-1897.059607	-1893.684494	-1896.500814	-1891.874002	-0.129781	0.961781	-0.156453	192.000000	0.000000	0.000000	0.000000	0.000000	0.000000	0.000000	0.000000	0.000000	0.000000	1741714486.712841	0.000000
202.000000	-99.912298	-1897.998380	-1891.896354	-1899.607706	-1893.192755	-1890.331732	-1894.690322	-1895.316171	-1896.009075	-70920.341721	-1897.260773	-1898.132491	-1896.836090	-1893.908011	-1896.612572	-1891.896354	-0.129781	0.961781	-0.156453	192.000000	0.000000	0.000000	0.000000	0.000000	0.000000	0.000000	0.000000	0.000000	0.000000	1741714486.712929	0.000000
204.000000	-99.957001	-1898.154843	-1892.231630	-1899.741816	-1893.483328	-1890.421139	-1894.824433	-1895.338523	-1895.919668	-70921.638122	-1897.350180	-1898.378360	-1896.612572	-1894.198584	-1896.500814	-1891.941058	-0.129781	0.961781	-0.156453	192.000000	0.000000	0.000000	0.000000	0.000000	0.000000	0.000000	0.000000	0.000000	0.000000	1741714486.713029	0.000000
206.000000	-99.957001	-1898.311305	-1891.918706	-1899.607706	-1893.349218	-1890.421139	-1894.645619	-1895.405578	-1896.031427	-70922.085157	-1897.283125	-1898.356008	-1896.880793	-1893.639790	-1896.567869	-1891.874002	-0.131891	0.961891	-0.155227	192.000000	125.500000	104.000000	15.000000	8.000000	125.500000	24.000000	0.000000	0.000000	0.000000	1741714486.713124	0.000000
208.000000	-99.912298	-1897.998380	-1892.075168	-1899.451244	-1893.058645	-1890.354084	-1894.623267	-1895.271468	-1896.009075	-70921.034625	-1897.372532	-1898.221898	-1896.746683	-1893.930363	-1896.545517	-1891.717540	-0.131891	0.961891	-0.155227	192.000000	0.000000	0.000000	0.000000	0.000000	0.000000	0.000000	0.000000	0.000000	0.000000	1741714486.713220	0.000000
210.000000	-99.979353	-1898.378360	-1891.985761	-1899.741816	-1892.969238	-1890.689360	-1894.444453	-1895.383226	-1895.852613	-70921.258142	-1897.260773	-1898.221898	-1896.925497	-1893.952715	-1896.724331	-1891.784595	-0.131891	0.961891	-0.155227	192.000000	0.000000	0.000000	0.000000	0.000000	0.000000	0.000000	0.000000	0.000000	0.000000	1741714486.713314	0.000000
212.000000	-100.001705	-1897.998380	-1891.963409	-1899.786520	-1893.103348	-1890.577601	-1894.667970	-1895.494985	-1895.807909	-70921.995750	-1897.551346	-1898.400712	-1896.947848	-1893.818604	-1896.590221	-1891.941058	-0.131891	0.961891	-0.155227	192.000000	0.000000	0.000000	0.000000	0.000000	0.000000	0.000000	0.000000	0.000000	0.000000	1741714486.713402	0.000000
214.000000	-100.024056	-1898.110139	-1891.851651	-1899.764168	-1893.282162	-1890.331732	-1894.578564	-1895.472633	-1895.740854	-70922.487488	-1897.774863	-1898.356008	-1896.657276	-1893.818604	-1896.813738	-1891.918706	-0.131891	0.961891	-0.155227	192.000000	0.000000	0.000000	0.000000	0.000000	0.000000	0.000000	0.000000	0.000000	0.000000	1741714486.763768	0.000000
216.000000	-99.979353	-1898.110139	-1891.896354	-1899.786520	-1893.237459	-1890.264677	-1894.466805	-1895.003247	-1895.919668	-70921.056976	-1897.573697	-1898.333657	-1896.612572	-1894.109177	-1896.500814	-1891.784595	-0.130945	0.961945	-0.155613	192.000000	125.500000	120.000000	15.000000	8.000000	125.500000	16.000000	0.000000	0.000000	0.000000	1741714486.763892	0.000000
218.000000	-99.957001	-1898.087787	-1892.008113	-1899.674761	-1893.304514	-1890.443491	-1894.667970	-1895.293819	-1896.031427	-70921.928694	-1897.394883	-1898.043084	-1896.679627	-1893.975066	-1896.612572	-1891.918706	-0.130945	0.961945	-0.155613	192.000000	0.000000	0.000000	0.000000	0.000000	0.000000	0.000000	0.000000	0.000000	0.000000	1741714486.763993	0.000000
220.000000	-99.957001	-1898.132491	-1891.806947	-1899.630058	-1893.237459	-1890.219973	-1894.779729	-1895.249116	-1895.897316	-70923.158040	-1897.305476	-1898.288953	-1896.813738	-1893.840956	-1896.545517	-1892.097520	-0.130945	0.961945	-0.155613	192.000000	0.000000	0.000000	0.000000	0.000000	0.000000	0.000000	0.000000	0.000000	0.000000	1741714486.822740	0.000000
222.000000	-99.957001	-1898.311305	-1891.941058	-1899.719465	-1893.371569	-1890.398787	-1894.600915	-1895.405578	-1895.830261	-70922.085157	-1897.484290	-1898.154843	-1896.925497	-1894.019770	-1896.657276	-1892.075168	-0.130945	0.961945	-0.155613	192.000000	0.000000	0.000000	0.000000	0.000000	0.000000	0.000000	0.000000	0.000000	0.000000	1741714486.822871	0.000000
224.000000	-99.979353	-1898.221898	-1891.829299	-1899.563003	-1893.326866	-1890.242325	-1894.511508	-1895.494985	-1895.874965	-70921.571067	-1897.327828	-1898.378360	-1896.903145	-1894.042122	-1896.679627	-1892.008113	-0.130945	0.961945	-0.155613	192.000000	0.000000	0.000000	0.000000	0.000000	0.000000	0.000000	0.000000	0.000000	0.000000	1741714486.822962	0.000000
226.000000	-100.024056	-1898.177194	-1892.030465	-1899.764168	-1893.259811	-1890.264677	-1894.444453	-1895.606744	-1895.830261	-70921.258142	-1897.640753	-1898.199546	-1896.769034	-1894.109177	-1896.746683	-1892.075168	-0.128473	0.960973	-0.156807	192.000000	126.000000	8.000000	15.000000	0.000000	125.500000	8.000000	0.000000	0.000000	0.000000	1741714486.823059	0.000000
228.000000	-99.957001	-1898.333657	-1892.075168	-1899.540651	-1893.304514	-1890.242325	-1894.600915	-1895.003247	-1895.830261	-70921.615770	-1897.461939	-1898.311305	-1897.126662	-1894.064473	-1896.590221	-1891.896354	-0.128473	0.960973	-0.156807	192.000000	0.000000	0.000000	0.000000	0.000000	0.000000	0.000000	0.000000	0.000000	0.000000	1741714486.823163	0.000000
230.000000	-99.957001	-1898.154843	-1892.030465	-1899.786520	-1893.393921	-1890.219973	-1894.645619	-1895.338523	-1895.740854	-70922.979226	-1897.305476	-1898.154843	-1896.903145	-1893.952715	-1896.612572	-1891.784595	-0.128473	0.960973	-0.156807	192.000000	0.000000	0.000000	0.000000	0.000000	0.000000	0.000000	0.000000	0.000000	0.000000	1741714486.823255	0.000000
232.000000	-99.979353	-1898.177194	-1891.941058	-1899.831223	-1893.371569	-1890.532898	-1894.578564	-1895.494985	-1896.076130	-70921.973398	-1897.417235	-1898.356008	-1896.947848	-1894.019770	-1896.478462	-1891.918706	-0.128473	0.960973	-0.156807	192.000000	0.000000	0.000000	0.000000	0.000000	0.000000	0.000000	0.000000	0.000000	0.000000	1741714486.823346	0.000000
234.000000	-99.957001	-1898.177194	-1891.784595	-1899.607706	-1893.371569	-1890.152918	-1894.377398	-1895.584392	-1895.852613	-70922.286322	-1897.059607	-1898.288953	-1896.701979	-1893.840956	-1896.567869	-1892.075168	-0.128473	0.960973	-0.156807	192.000000	0.000000	0.000000	0.000000	0.000000	0.000000	0.000000	0.000000	0.000000	0.000000	1741714486.823428	0.000000
236.000000	-99.934649	-1897.908973	-1892.030465	-1899.361837	-1893.528032	-1890.354084	-1894.355046	-1895.316171	-1896.031427	-70923.694482	-1897.238421	-1898.288953	-1896.903145	-1893.863308	-1896.523165	-1892.119872	-0.125236	0.960486	-0.155403	192.000000	126.000000	24.000000	15.000000	0.000000	125.500000	24.000000	0.000000	0.000000	0.000000	1741714486.872183	0.000000
238.000000	-99.979353	-1898.065436	-1892.097520	-1899.875927	-1893.393921	-1890.264677	-1894.645619	-1895.271468	-1895.964372	-70923.158040	-1897.484290	-1898.110139	-1896.970200	-1893.818604	-1896.433758	-1891.717540	-0.125236	0.960486	-0.155403	192.000000	0.000000	0.000000	0.000000	0.000000	0.000000	0.000000	0.000000	0.000000	0.000000	1741714486.872324	0.000000
240.000000	-99.979353	-1898.065436	-1891.985761	-1899.808872	-1893.393921	-1890.331732	-1894.578564	-1895.405578	-1895.807909	-70922.152212	-1897.506642	-1898.423064	-1896.947848	-1893.997418	-1896.657276	-1892.142223	-0.125236	0.960486	-0.155403	192.000000	0.000000	0.000000	0.000000	0.000000	0.000000	0.000000	0.000000	0.000000	0.000000	1741714486.872421	0.000000
242.000000	-99.957001	-1898.266601	-1892.030465	-1899.719465	-1893.304514	-1890.309380	-1894.846784	-1895.450282	-1895.874965	-70922.152212	-1897.238421	-1898.311305	-1896.858441	-1894.019770	-1896.590221	-1891.918706	-0.125236	0.960486	-0.155403	192.000000	0.000000	0.000000	0.000000	0.000000	0.000000	0.000000	0.000000	0.000000	0.000000	1741714486.872512	0.000000
244.000000	-99.979353	-1898.087787	-1891.963409	-1899.764168	-1893.349218	-1890.309380	-1894.578564	-1895.316171	-1895.740854	-70923.113337	-1897.216069	-1897.998380	-1896.724331	-1893.863308	-1896.612572	-1891.918706	-0.125236	0.960486	-0.155403	192.000000	0.000000	0.000000	0.000000	0.000000	0.000000	0.000000	0.000000	0.000000	0.000000	1741714486.872608	0.000000
246.000000	-99.957001	-1897.953677	-1891.806947	-1899.741816	-1893.483328	-1890.242325	-1894.578564	-1895.249116	-1896.076130	-70923.403910	-1897.461939	-1898.333657	-1897.014904	-1894.131529	-1896.724331	-1892.075168	-0.129618	0.959243	-0.156702	192.000000	125.500000	104.000000	14.500000	120.000000	125.500000	8.000000	0.000000	0.000000	0.000000	1741714486.872695	0.000000
248.000000	-99.912298	-1898.244250	-1892.008113	-1899.831223	-1893.304514	-1890.331732	-1894.489157	-1895.427930	-1895.673799	-70922.912171	-1897.149014	-1898.288953	-1896.970200	-1894.019770	-1896.612572	-1892.008113	-0.129618	0.959243	-0.156702	192.000000	0.000000	0.000000	0.000000	0.000000	0.000000	0.000000	0.000000	0.000000	0.000000	1741714486.872795	0.000000
250.000000	-99.957001	-1897.976029	-1892.209279	-1899.831223	-1893.326866	-1890.644656	-1894.645619	-1895.249116	-1895.964372	-70923.001578	-1897.417235	-1898.244250	-1896.836090	-1893.930363	-1896.634924	-1892.030465	-0.129618	0.959243	-0.156702	192.000000	0.000000	0.000000	0.000000	0.000000	0.000000	0.000000	0.000000	0.000000	0.000000	1741714486.921545	0.000000
252.000000	-22.016468	-30.443076	-25.369230	-32.410029	-26.553872	-23.648146	-28.498474	-28.520826	-1585.386882	-70924.432090	-1587.152670	-1587.912630	-1586.906801	-1583.844612	-1586.437414	-1581.922362	-0.129618	0.959243	-0.156702	192.000000	0.000000	0.000000	0.000000	0.000000	0.000000	0.000000	0.000000	0.000000	0.000000	1741714486.921665	0.000000
254.000000	55.991120	1843.057793	1847.751659	1841.180246	1846.142333	1850.255054	1844.287138	1844.376545	1533.910815	-70924.968532	1532.592062	1531.362716	1529.328707	1533.732001	1531.496827	1536.078934	-0.129618	0.959243	-0.156702	192.000000	0.000000	0.000000	0.000000	0.000000	0.000000	0.000000	0.000000	0.000000	0.000000	1741714486.921753	0.000000
0.000000	55.968768	1843.102496	1847.639900	1841.269653	1846.164685	1850.322109	1844.443601	1844.890636	1847.237569	-70923.761538	1846.410554	1845.091801	1842.677813	1847.483438	1844.689470	1849.673909	-0.130809	0.955622	-0.157351	192.000000	125.500000	112.000000	14.500000	96.000000	125.500000	8.000000	0.000000	0.000000	0.000000	1741714486.921844	0.000000
2.000000	55.991120	1843.013089	1847.684604	1841.135543	1846.008223	1849.942130	1844.264787	1844.555359	1847.081107	-70924.432090	1846.164685	1844.845932	1842.521351	1847.304624	1844.600063	1849.696261	-0.130809	0.955622	-0.157351	192.000000	0.000000	0.000000	0.000000	0.000000	0.000000	0.000000	0.000000	0.000000	0.000000	1741714486.921949	0.000000
4.000000	55.991120	1843.013089	1847.595197	1841.068487	1846.030575	1850.143296	1844.220083	1844.555359	1847.259921	-70925.169697	1846.321147	1845.248264	1842.655461	1847.170514	1844.555359	1849.517447	-0.130809	0.955622	-0.157351	192.000000	0.000000	0.000000	0.000000	0.000000	0.000000	0.000000	0.000000	0.000000	0.000000	1741714486.922043	0.000000
6.000000	55.991120	1842.834275	1847.706955	1841.113191	1845.874112	1849.942130	1844.041269	1844.533008	1847.215217	-70924.990883	1846.209389	1845.002394	1842.566054	1847.416383	1844.711822	1849.428040	-0.130809	0.955622	-0.157351	192.000000	0.000000	0.000000	0.000000	0.000000	0.000000	0.000000	0.000000	0.000000	0.000000	1741714486.922135	0.000000
8.000000	55.991120	1842.923682	1847.885769	1841.336708	1846.388202	1850.165647	1844.197732	1844.823580	1847.215217	-70923.850945	1846.187037	1845.047098	1842.521351	1847.282272	1844.421249	1849.651557	-0.130809	0.955622	-0.157351	192.000000	0.000000	0.000000	0.000000	0.000000	0.000000	0.000000	0.000000	0.000000	0.000000	1741714486.922229	0.000000
10.000000	55.924065	1843.013089	1847.595197	1841.336708	1846.164685	1850.009185	1844.287138	1844.756525	1847.103458	-70924.409738	1846.276444	1845.002394	1842.476647	1847.215217	1844.711822	1849.785668	-0.132405	0.955811	-0.157675	192.000000	125.500000	104.000000	14.500000	112.000000	125.500000	8.000000	0.000000	0.000000	0.000000	1741714486.971100	0.000000
12.000000	55.968768	1843.013089	1847.818714	1841.202598	1845.896464	1849.606854	1843.974214	1844.689470	1847.081107	-70924.700311	1846.231740	1845.002394	1842.610758	1847.282272	1845.002394	1849.852723	-0.132405	0.955811	-0.157675	192.000000	0.000000	0.000000	0.000000	0.000000	0.000000	0.000000	0.000000	0.000000	0.000000	1741714486.971228	0.000000
14.000000	55.946416	1843.035441	1847.885769	1841.090839	1845.941168	1849.897426	1843.951862	1844.488304	1847.438734	-70925.057939	1846.142333	1845.047098	1842.476647	1847.394031	1844.801229	1849.673909	-0.132405	0.955811	-0.157675	192.000000	0.000000	0.000000	0.000000	0.000000	0.000000	0.000000	0.000000	0.000000	0.000000	1741714486.971324	0.000000
16.000000	55.946416	1843.147200	1847.706955	1841.090839	1846.164685	1850.187999	1844.130676	1844.555359	1847.170514	-70924.409738	1846.187037	1845.024746	1842.498999	1847.572845	1844.644766	1849.517447	-0.132405	0.955811	-0.157675	192.000000	0.000000	0.000000	0.000000	0.000000	0.000000	0.000000	0.000000	0.000000	0.000000	1741714486.971417	0.000000
18.000000	55.946416	1843.281310	1847.684604	1841.068487	1846.075278	1850.031537	1844.085973	1844.600063	1847.349327	-70923.359206	1846.164685	1845.069450	1842.409592	1847.438734	1844.510656	1849.629205	-0.132405	0.955811	-0.157675	192.000000	0.000000	0.000000	0.000000	0.000000	0.000000	0.000000	0.000000	0.000000	0.000000	1741714486.971511	0.000000
20.000000	56.013472	1842.923682	1847.774011	1841.135543	1845.896464	1850.143296	1844.175380	1844.421249	1847.304624	-70925.124994	1846.097630	1845.136505	1842.655461	1847.572845	1844.711822	1849.673909	-0.131202	0.956905	-0.160838	192.000000	125.500000	120.000000	14.500000	120.000000	125.000000	112.000000	0.000000	0.000000	0.000000	1741714486.971598	0.000000
22.000000	55.991120	1842.923682	1847.885769	1841.157894	1845.851761	1850.187999	1844.130676	1844.622415	1847.237569	-70925.840250	1846.187037	1845.091801	1842.521351	1847.528141	1844.778877	1849.740964	-0.131202	0.956905	-0.160838	192.000000	0.000000	0.000000	0.000000	0.000000	0.000000	0.000000	0.000000	0.000000	0.000000	1741714486.971699	0.000000
24.000000	55.901713	1842.856627	1847.818714	1841.157894	1845.963519	1850.009185	1844.085973	1844.689470	1847.125810	-70924.923828	1846.321147	1845.158857	1842.387240	1847.617548	1844.823580	1849.584502	-0.131202	0.956905	-0.160838	192.000000	0.000000	0.000000	0.000000	0.000000	0.000000	0.000000	0.000000	0.000000	0.000000	1741714486.993101	0.000000
26.000000	55.924065	1842.990737	1847.975176	1841.113191	1845.874112	1849.964482	1844.376545	1844.756525	1847.259921	-70925.147346	1846.075278	1845.292967	1842.677813	1847.394031	1844.823580	1849.517447	-0.131202	0.956905	-0.160838	192.000000	0.000000	0.000000	0.000000	0.000000	0.000000	0.000000	0.000000	0.000000	0.000000	1741714486.993242	0.000000
28.000000	55.968768	1843.035441	1847.885769	1841.202598	1845.829409	1850.143296	1843.951862	1844.555359	1847.103458	-70925.750843	1846.231740	1844.935339	1842.610758	1847.550493	1844.734173	1849.740964	-0.131202	0.956905	-0.160838	192.000000	0.000000	0.000000	0.000000	0.000000	0.000000	0.000000	0.000000	0.000000	0.000000	1741714487.051926	0.000000
30.000000	55.901713	1843.191903	1847.595197	1841.202598	1846.030575	1850.187999	1844.018918	1844.801229	1847.125810	-70926.019064	1845.985871	1844.957691	1842.253130	1847.416383	1844.555359	1849.629205	-0.129601	0.955453	-0.161419	192.000000	126.000000	0.000000	14.500000	104.000000	125.000000	120.000000	0.000000	0.000000	0.000000	1741714487.052051	0.000000
32.000000	55.968768	1842.990737	1847.751659	1841.224950	1846.119982	1850.210351	1844.153028	1844.868284	1847.371679	-70923.850945	1846.052926	1844.801229	1842.409592	1847.639900	1844.711822	1849.830371	-0.129601	0.955453	-0.161419	192.000000	0.000000	0.000000	0.000000	0.000000	0.000000	0.000000	0.000000	0.000000	0.000000	1741714487.052154	0.000000
34.000000	55.946416	1842.946034	1847.774011	1841.224950	1846.231740	1850.255054	1844.108325	1844.398897	1847.192865	-70923.403910	1846.209389	1845.024746	1842.566054	1847.282272	1844.756525	1849.450391	-0.129601	0.955453	-0.161419	192.000000	0.000000	0.000000	0.000000	0.000000	0.000000	0.000000	0.000000	0.000000	0.000000	1741714487.052246	0.000000
36.000000	55.901713	1843.124848	1848.064583	1841.292005	1846.119982	1850.143296	1844.130676	1844.600063	1847.148162	-70925.549677	1846.097630	1844.778877	1842.588406	1847.394031	1844.711822	1849.405688	-0.129601	0.955453	-0.161419	192.000000	0.000000	0.000000	0.000000	0.000000	0.000000	0.000000	0.000000	0.000000	0.000000	1741714487.052334	0.000000
38.000000	55.946416	1842.968386	1847.885769	1841.359060	1846.142333	1850.165647	1844.287138	1844.443601	1847.237569	-70926.779023	1845.941168	1844.823580	1842.364888	1847.394031	1844.622415	1849.584502	-0.129601	0.955453	-0.161419	192.000000	0.000000	0.000000	0.000000	0.000000	0.000000	0.000000	0.000000	0.000000	0.000000	1741714487.052431	0.000000
40.000000	55.924065	1842.901330	1847.774011	1841.224950	1846.052926	1850.120944	1844.130676	1844.600063	1847.170514	-70925.840250	1846.254092	1844.622415	1842.431944	1847.416383	1844.689470	1849.495095	-0.132801	0.953726	-0.161709	192.000000	125.500000	96.000000	14.500000	96.000000	125.000000	120.000000	0.000000	0.000000	0.000000	1741714487.052523	0.000000
42.000000	55.924065	1842.990737	1847.818714	1841.157894	1846.142333	1850.053889	1844.287138	1844.533008	1847.304624	-70925.639084	1846.164685	1844.689470	1842.253130	1847.170514	1844.533008	1849.293929	-0.132801	0.953726	-0.161709	192.000000	0.000000	0.000000	0.000000	0.000000	0.000000	0.000000	0.000000	0.000000	0.000000	1741714487.109961	0.000000
44.000000	55.968768	1842.878979	1847.617548	1841.090839	1846.075278	1850.120944	1844.197732	1844.577711	1847.170514	-70926.711968	1845.985871	1844.912987	1842.566054	1847.349327	1844.845932	1849.472743	-0.132801	0.953726	-0.161709	192.000000	0.000000	0.000000	0.000000	0.000000	0.000000	0.000000	0.000000	0.000000	0.000000	1741714487.110090	0.000000
46.000000	55.924065	1843.102496	1847.639900	1841.068487	1846.030575	1850.210351	1844.130676	1844.443601	1847.036403	-70926.890782	1846.254092	1845.002394	1842.744868	1847.192865	1844.823580	1849.718612	-0.132801	0.953726	-0.161709	192.000000	0.000000	0.000000	0.000000	0.000000	0.000000	0.000000	0.000000	0.000000	0.000000	1741714487.110189	0.000000
48.000000	55.924065	1843.191903	1847.639900	1841.157894	1846.097630	1850.232703	1844.153028	1844.689470	1847.304624	-70924.879125	1846.276444	1845.091801	1842.722516	1847.416383	1844.868284	1849.584502	-0.132801	0.953726	-0.161709	192.000000	0.000000	0.000000	0.000000	0.000000	0.000000	0.000000	0.000000	0.000000	0.000000	1741714487.110281	0.000000
50.000000	55.924065	1843.035441	1847.617548	1840.912025	1846.075278	1850.277406	1844.041269	1844.667118	1847.103458	-70925.527325	1845.941168	1845.114153	1842.588406	1847.394031	1844.756525	1849.472743	-0.132400	0.954863	-0.161855	192.000000	125.500000	112.000000	14.500000	112.000000	125.000000	120.000000	0.000000	0.000000	0.000000	1741714487.110377	0.000000
52.000000	55.968768	1843.147200	1847.841066	1841.157894	1846.052926	1850.277406	1844.264787	1844.734173	1847.237569	-70926.063767	1845.829409	1844.935339	1842.566054	1847.550493	1844.756525	1849.539798	-0.132400	0.954863	-0.161855	192.000000	0.000000	0.000000	0.000000	0.000000	0.000000	0.000000	0.000000	0.000000	0.000000	1741714487.110479	0.000000
54.000000	55.968768	1843.236607	1847.706955	1841.180246	1845.985871	1850.120944	1844.175380	1844.845932	1847.304624	-70926.734320	1845.963519	1844.980043	1842.610758	1847.550493	1844.555359	1849.606854	-0.132400	0.954863	-0.161855	192.000000	0.000000	0.000000	0.000000	0.000000	0.000000	0.000000	0.000000	0.000000	0.000000	1741714487.110574	0.000000
56.000000	55.946416	1843.124848	1847.729307	1841.135543	1846.187037	1850.143296	1844.287138	1844.823580	1847.148162	-70926.041415	1846.030575	1845.069450	1842.409592	1847.394031	1844.689470	1849.316281	-0.132400	0.954863	-0.161855	192.000000	0.000000	0.000000	0.000000	0.000000	0.000000	0.000000	0.000000	0.000000	0.000000	1741714487.110669	0.000000
58.000000	55.946416	1842.834275	1847.841066	1841.269653	1846.455258	1849.897426	1844.331842	1844.667118	1847.282272	-70924.968532	1846.097630	1845.002394	1842.610758	1847.461086	1844.533008	1849.539798	-0.132400	0.954863	-0.161855	192.000000	0.000000	0.000000	0.000000	0.000000	0.000000	0.000000	0.000000	0.000000	0.000000	1741714487.159555	0.000000
60.000000	55.968768	1842.968386	1847.841066	1841.247301	1846.231740	1850.098592	1844.421249	1844.734173	1847.349327	-70926.175526	1846.030575	1844.935339	1842.543702	1847.461086	1844.778877	1849.450391	-0.133200	0.957432	-0.160927	192.000000	125.500000	104.000000	15.000000	0.000000	125.500000	0.000000	0.000000	0.000000	0.000000	1741714487.159688	0.000000
62.000000	55.968768	1843.057793	1847.751659	1841.068487	1846.075278	1850.120944	1844.175380	1844.667118	1847.572845	-70927.091947	1846.119982	1844.868284	1842.834275	1847.371679	1844.845932	1849.606854	-0.133200	0.957432	-0.160927	192.000000	0.000000	0.000000	0.000000	0.000000	0.000000	0.000000	0.000000	0.000000	0.000000	1741714487.159798	0.000000
64.000000	55.968768	1842.856627	1847.796362	1840.979080	1846.142333	1850.120944	1844.041269	1844.354194	1847.103458	-70926.466099	1846.052926	1844.980043	1842.633109	1847.483438	1844.778877	1849.606854	-0.133200	0.957432	-0.160927	192.000000	0.000000	0.000000	0.000000	0.000000	0.000000	0.000000	0.000000	0.000000	0.000000	1741714487.159893	0.000000
66.000000	55.946416	1842.901330	1847.684604	1841.113191	1846.030575	1849.897426	1843.907159	1844.398897	1847.237569	-70925.057939	1845.985871	1844.868284	1842.610758	1847.438734	1844.622415	1849.405688	-0.133200	0.957432	-0.160927	192.000000	0.000000	0.000000	0.000000	0.000000	0.000000	0.000000	0.000000	0.000000	0.000000	1741714487.159982	0.000000
68.000000	55.946416	1842.901330	1847.706955	1841.269653	1846.008223	1850.098592	1844.063621	1844.711822	1847.595197	-70926.376692	1845.896464	1844.823580	1842.543702	1847.550493	1844.756525	1849.651557	-0.133200	0.957432	-0.160927	192.000000	0.000000	0.000000	0.000000	0.000000	0.000000	0.000000	0.000000	0.000000	0.000000	1741714487.160074	0.000000
70.000000	55.901713	1843.057793	1847.774011	1841.068487	1846.164685	1849.875075	1844.175380	1844.644766	1847.349327	-70927.740148	1846.075278	1844.823580	1842.342537	1847.550493	1844.912987	1849.338633	-0.133600	0.959716	-0.160464	192.000000	125.500000	104.000000	15.000000	8.000000	125.500000	0.000000	0.000000	0.000000	0.000000	1741714487.160159	0.000000
72.000000	55.924065	1842.901330	1847.818714	1841.314356	1846.119982	1849.897426	1844.153028	1844.689470	1847.483438	-70926.644913	1845.829409	1844.756525	1842.655461	1847.416383	1844.644766	1849.472743	-0.133600	0.959716	-0.160464	192.000000	0.000000	0.000000	0.000000	0.000000	0.000000	0.000000	0.000000	0.000000	0.000000	1741714487.215419	0.000000
74.000000	55.991120	1843.102496	1847.818714	1841.336708	1846.119982	1850.187999	1844.264787	1844.734173	1847.483438	-70926.130822	1845.963519	1845.136505	1842.633109	1847.438734	1844.577711	1849.718612	-0.133600	0.959716	-0.160464	192.000000	0.000000	0.000000	0.000000	0.000000	0.000000	0.000000	0.000000	0.000000	0.000000	1741714487.215546	0.000000
76.000000	55.879361	1843.035441	1847.617548	1840.979080	1846.052926	1850.076240	1844.220083	1844.689470	1847.304624	-70927.561334	1846.187037	1845.024746	1842.700165	1847.617548	1844.801229	1849.718612	-0.133600	0.959716	-0.160464	192.000000	0.000000	0.000000	0.000000	0.000000	0.000000	0.000000	0.000000	0.000000	0.000000	1741714487.215643	0.000000
78.000000	55.968768	1842.923682	1847.684604	1840.979080	1846.187037	1850.143296	1844.331842	1844.778877	1847.259921	-70927.628389	1846.008223	1845.047098	1842.722516	1847.371679	1844.667118	1849.629205	-0.133600	0.959716	-0.160464	192.000000	0.000000	0.000000	0.000000	0.000000	0.000000	0.000000	0.000000	0.000000	0.000000	1741714487.215739	0.000000
80.000000	55.879361	1842.946034	1847.863418	1841.046136	1845.918816	1850.210351	1843.951862	1844.488304	1847.192865	-70926.622561	1846.164685	1844.756525	1842.700165	1847.371679	1844.644766	1849.651557	-0.133800	0.962858	-0.164232	192.000000	125.500000	104.000000	15.000000	24.000000	125.000000	96.000000	0.000000	0.000000	0.000000	1741714487.215828	0.000000
82.000000	55.946416	1842.990737	1847.841066	1841.336708	1845.896464	1850.098592	1844.175380	1844.600063	1847.148162	-70927.002540	1845.985871	1844.868284	1842.342537	1847.483438	1844.510656	1849.562150	-0.133800	0.962858	-0.164232	192.000000	0.000000	0.000000	0.000000	0.000000	0.000000	0.000000	0.000000	0.000000	0.000000	1741714487.215922	0.000000
84.000000	55.968768	1843.013089	1847.997528	1841.314356	1845.896464	1849.919778	1844.085973	1844.689470	1847.192865	-70927.427224	1846.276444	1844.890636	1842.566054	1847.282272	1844.778877	1849.606854	-0.133800	0.962858	-0.164232	192.000000	0.000000	0.000000	0.000000	0.000000	0.000000	0.000000	0.000000	0.000000	0.000000	1741714487.216017	0.000000
86.000000	55.968768	1843.147200	1847.841066	1841.381412	1846.008223	1850.098592	1844.085973	1844.823580	1847.170514	-70928.209535	1846.075278	1844.912987	1842.476647	1847.259921	1844.465952	1849.562150	-0.133800	0.962858	-0.164232	192.000000	0.000000	0.000000	0.000000	0.000000	0.000000	0.000000	0.000000	0.000000	0.000000	1741714487.216109	0.000000
88.000000	55.879361	1843.281310	1847.930473	1841.224950	1846.187037	1850.277406	1844.153028	1844.622415	1847.282272	-70927.516631	1846.231740	1844.868284	1842.655461	1847.550493	1844.577711	1849.606854	-0.133800	0.962858	-0.164232	192.000000	0.000000	0.000000	0.000000	0.000000	0.000000	0.000000	0.000000	0.000000	0.000000	1741714487.252529	0.000000
90.000000	55.924065	1843.169551	1847.729307	1841.113191	1846.119982	1850.076240	1844.085973	1844.912987	1847.371679	-70926.533154	1846.097630	1844.845932	1842.476647	1847.192865	1844.667118	1849.338633	-0.131900	0.965429	-0.166116	192.000000	125.500000	120.000000	15.000000	32.000000	125.000000	96.000000	0.000000	0.000000	0.000000	1741714487.252646	0.000000
92.000000	56.013472	1843.191903	1847.639900	1841.135543	1846.008223	1850.076240	1844.130676	1844.622415	1847.371679	-70928.120128	1846.075278	1845.002394	1842.543702	1847.394031	1844.533008	1849.472743	-0.131900	0.965429	-0.166116	192.000000	0.000000	0.000000	0.000000	0.000000	0.000000	0.000000	0.000000	0.000000	0.000000	1741714487.252753	0.000000
94.000000	55.968768	1842.856627	1847.863418	1841.336708	1846.276444	1850.120944	1844.309490	1844.644766	1847.215217	-70928.813032	1846.276444	1844.980043	1842.521351	1847.505790	1844.801229	1849.562150	-0.131900	0.965429	-0.166116	192.000000	0.000000	0.000000	0.000000	0.000000	0.000000	0.000000	0.000000	0.000000	0.000000	1741714487.311622	0.000000
96.000000	55.946416	1842.878979	1847.751659	1841.113191	1846.097630	1850.031537	1843.951862	1844.533008	1847.282272	-70928.231886	1846.119982	1844.845932	1842.610758	1847.572845	1844.823580	1849.651557	-0.131900	0.965429	-0.166116	192.000000	0.000000	0.000000	0.000000	0.000000	0.000000	0.000000	0.000000	0.000000	0.000000	1741714487.311758	0.000000
98.000000	55.924065	1842.968386	1847.818714	1841.068487	1845.672947	1850.009185	1844.041269	1844.555359	1847.282272	-70928.053072	1846.231740	1845.002394	1842.566054	1847.528141	1844.957691	1849.651557	-0.131900	0.965429	-0.166116	192.000000	0.000000	0.000000	0.000000	0.000000	0.000000	0.000000	0.000000	0.000000	0.000000	1741714487.311854	0.000000
100.000000	55.901713	1843.258958	1847.706955	1841.157894	1845.963519	1849.964482	1843.951862	1844.667118	1847.259921	-70929.774157	1846.052926	1845.158857	1842.543702	1847.662252	1844.868284	1849.428040	-0.128950	0.966714	-0.164058	192.000000	126.000000	8.000000	15.000000	32.000000	125.000000	120.000000	0.000000	0.000000	0.000000	1741714487.311948	0.000000
102.000000	55.946416	1843.214255	1847.818714	1841.336708	1846.276444	1849.986833	1844.197732	1844.823580	1847.662252	-70929.081253	1846.231740	1844.935339	1842.498999	1847.461086	1844.845932	1849.651557	-0.128950	0.966714	-0.164058	192.000000	0.000000	0.000000	0.000000	0.000000	0.000000	0.000000	0.000000	0.000000	0.000000	1741714487.312046	0.000000
104.000000	55.968768	1842.968386	1847.662252	1841.292005	1846.075278	1850.187999	1843.951862	1844.778877	1847.505790	-70927.963665	1846.075278	1844.935339	1842.476647	1847.371679	1844.890636	1849.584502	-0.128950	0.966714	-0.164058	192.000000	0.000000	0.000000	0.000000	0.000000	0.000000	0.000000	0.000000	0.000000	0.000000	1741714487.312138	0.000000
106.000000	55.946416	1842.968386	1847.706955	1841.001432	1845.918816	1850.210351	1844.108325	1844.577711	1847.349327	-70927.695445	1846.052926	1844.957691	1842.677813	1847.394031	1844.778877	1849.651557	-0.128950	0.966714	-0.164058	192.000000	0.000000	0.000000	0.000000	0.000000	0.000000	0.000000	0.000000	0.000000	0.000000	1741714487.312227	0.000000
108.000000	55.946416	1842.923682	1847.841066	1841.135543	1846.276444	1850.232703	1844.264787	1844.644766	1846.946996	-70928.880087	1846.030575	1844.890636	1842.387240	1847.259921	1844.644766	1849.629205	-0.128950	0.966714	-0.164058	192.000000	0.000000	0.000000	0.000000	0.000000	0.000000	0.000000	0.000000	0.000000	0.000000	1741714487.312321	0.000000
110.000000	55.946416	1842.968386	1847.774011	1841.224950	1846.164685	1850.389165	1844.220083	1844.644766	1847.081107	-70929.684750	1845.963519	1844.912987	1842.543702	1847.572845	1844.734173	1849.584502	-0.126475	0.966357	-0.161029	192.000000	126.000000	16.000000	15.000000	24.000000	125.500000	8.000000	0.000000	0.000000	0.000000	1741714487.362048	0.000000
112.000000	55.924065	1842.834275	1847.818714	1841.180246	1846.052926	1850.120944	1843.929511	1844.734173	1847.170514	-70929.058901	1846.052926	1845.024746	1842.409592	1847.371679	1844.667118	1849.629205	-0.126475	0.966357	-0.161029	192.000000	0.000000	0.000000	0.000000	0.000000	0.000000	0.000000	0.000000	0.000000	0.000000	1741714487.362180	0.000000
114.000000	55.968768	1843.013089	1847.639900	1840.956729	1846.187037	1849.919778	1844.041269	1844.600063	1847.192865	-70929.572991	1846.209389	1845.091801	1842.454295	1847.304624	1844.734173	1849.651557	-0.126475	0.966357	-0.161029	192.000000	0.000000	0.000000	0.000000	0.000000	0.000000	0.000000	0.000000	0.000000	0.000000	1741714487.362275	0.000000
116.000000	55.924065	1843.057793	1847.751659	1841.180246	1846.075278	1850.076240	1844.108325	1844.890636	1847.438734	-70930.601171	1846.119982	1844.980043	1842.633109	1847.394031	1844.756525	1849.405688	-0.126475	0.966357	-0.161029	192.000000	0.000000	0.000000	0.000000	0.000000	0.000000	0.000000	0.000000	0.000000	0.000000	1741714487.362363	0.000000
118.000000	55.968768	1843.124848	1847.796362	1841.180246	1845.941168	1850.299758	1844.175380	1844.711822	1847.461086	-70929.930619	1846.119982	1845.047098	1842.566054	1847.237569	1844.577711	1849.562150	-0.126475	0.966357	-0.161029	192.000000	0.000000	0.000000	0.000000	0.000000	0.000000	0.000000	0.000000	0.000000	0.000000	1741714487.362456	0.000000
120.000000	56.035823	1842.946034	1847.751659	1841.157894	1845.918816	1850.098592	1844.242435	1844.421249	1847.304624	-70930.020026	1846.119982	1845.181208	1842.454295	1847.148162	1844.555359	1849.539798	-0.127238	0.965179	-0.155514	192.000000	126.000000	0.000000	15.000000	16.000000	125.500000	40.000000	0.000000	0.000000	0.000000	1741714487.362546	0.000000
122.000000	55.991120	1842.946034	1847.684604	1841.113191	1846.052926	1849.808019	1844.264787	1844.354194	1847.483438	-70929.461232	1846.008223	1844.935339	1842.431944	1847.416383	1844.510656	1849.428040	-0.127238	0.965179	-0.155514	192.000000	0.000000	0.000000	0.000000	0.000000	0.000000	0.000000	0.000000	0.000000	0.000000	1741714487.362647	0.000000
124.000000	-21.971765	-24.385753	-18.753114	-25.816265	-20.541253	-16.808512	-22.083524	-22.150579	1536.816542	-70931.472889	1535.721306	1534.536664	1532.457952	1537.151818	1534.603719	1539.498751	-0.127238	0.965179	-0.155514	192.000000	0.000000	0.000000	0.000000	0.000000	0.000000	0.000000	0.000000	0.000000	0.000000	1741714487.391788	0.000000
126.000000	-100.001705	-1898.132491	-1891.806947	-1899.697113	-1893.259811	-1890.242325	-1894.667970	-1895.360875	-1582.570563	-70931.338779	-1583.755205	-1584.604571	-1583.688150	-1580.380092	-1583.129356	-1578.413138	-0.127238	0.965179	-0.155514	192.000000	0.000000	0.000000	0.000000	0.000000	0.000000	0.000000	0.000000	0.000000	0.000000	1741714487.391933	0.000000
128.000000	-100.024056	-1898.288953	-1891.918706	-1899.764168	-1893.282162	-1890.309380	-1894.667970	-1895.293819	-1895.942020	-70929.975322	-1897.238421	-1898.356008	-1896.836090	-1893.908011	-1896.523165	-1892.052816	-0.127238	0.965179	-0.155514	192.000000	0.000000	0.000000	0.000000	0.000000	0.000000	0.000000	0.000000	0.000000	0.000000	1741714487.392032	0.000000
130.000000	-99.957001	-1897.976029	-1891.851651	-1899.674761	-1893.438625	-1890.309380	-1894.667970	-1895.360875	-1895.919668	-70929.483584	-1897.260773	-1898.244250	-1896.836090	-1893.997418	-1896.903145	-1891.896354	-0.125619	0.964589	-0.153757	192.000000	126.000000	16.000000	15.000000	16.000000	125.500000	32.000000	0.000000	0.000000	0.000000	1741714487.460178	0.000000
132.000000	-99.957001	-1898.110139	-1891.918706	-1899.741816	-1893.237459	-1890.242325	-1894.578564	-1895.249116	-1895.919668	-70930.601171	-1897.216069	-1898.110139	-1896.880793	-1894.019770	-1896.500814	-1891.784595	-0.125619	0.964589	-0.153757	192.000000	0.000000	0.000000	0.000000	0.000000	0.000000	0.000000	0.000000	0.000000	0.000000	1741714487.460331	0.000000
134.000000	-99.957001	-1898.177194	-1892.231630	-1899.652410	-1893.259811	-1890.443491	-1894.578564	-1895.338523	-1896.053779	-70931.048206	-1897.260773	-1898.423064	-1896.612572	-1893.684494	-1896.500814	-1892.164575	-0.125619	0.964589	-0.153757	192.000000	0.000000	0.000000	0.000000	0.000000	0.000000	0.000000	0.000000	0.000000	0.000000	1741714487.460432	0.000000
136.000000	-99.957001	-1898.244250	-1891.851651	-1899.697113	-1893.192755	-1890.175270	-1894.556212	-1895.427930	-1896.009075	-70930.400006	-1897.417235	-1898.154843	-1896.903145	-1893.885659	-1896.523165	-1892.119872	-0.125619	0.964589	-0.153757	192.000000	0.000000	0.000000	0.000000	0.000000	0.000000	0.000000	0.000000	0.000000	0.000000	1741714487.460521	0.000000
138.000000	-99.979353	-1898.043084	-1892.164575	-1899.697113	-1893.282162	-1890.331732	-1894.511508	-1895.360875	-1895.852613	-70930.534116	-1897.372532	-1898.221898	-1897.126662	-1894.086825	-1896.590221	-1892.052816	-0.125619	0.964589	-0.153757	192.000000	0.000000	0.000000	0.000000	0.000000	0.000000	0.000000	0.000000	0.000000	0.000000	1741714487.460612	0.000000
140.000000	-100.024056	-1898.087787	-1892.209279	-1899.719465	-1893.326866	-1890.264677	-1894.578564	-1895.383226	-1895.696151	-70932.679884	-1897.171366	-1898.132491	-1897.014904	-1893.796252	-1896.590221	-1892.298686	-0.124809	0.963295	-0.154879	192.000000	126.000000	16.000000	15.000000	8.000000	125.500000	16.000000	0.000000	0.000000	0.000000	1741714487.460699	0.000000
142.000000	-99.957001	-1897.908973	-1892.097520	-1899.898279	-1893.371569	-1890.287029	-1894.824433	-1895.629096	-1895.718502	-70932.478718	-1897.260773	-1898.445415	-1896.791386	-1893.975066	-1896.590221	-1892.030465	-0.124809	0.963295	-0.154879	192.000000	0.000000	0.000000	0.000000	0.000000	0.000000	0.000000	0.000000	0.000000	0.000000	1741714487.460800	0.000000
144.000000	-99.934649	-1898.132491	-1892.075168	-1899.831223	-1893.349218	-1890.398787	-1894.533860	-1895.405578	-1895.942020	-70932.009331	-1897.350180	-1898.311305	-1896.813738	-1893.796252	-1896.701979	-1892.008113	-0.124809	0.963295	-0.154879	192.000000	0.000000	0.000000	0.000000	0.000000	0.000000	0.000000	0.000000	0.000000	0.000000	1741714487.509462	0.000000
146.000000	-99.957001	-1898.244250	-1891.963409	-1899.786520	-1893.371569	-1890.421139	-1894.355046	-1895.562040	-1895.874965	-70931.964628	-1897.305476	-1898.132491	-1896.992552	-1894.064473	-1896.724331	-1892.097520	-0.124809	0.963295	-0.154879	192.000000	0.000000	0.000000	0.000000	0.000000	0.000000	0.000000	0.000000	0.000000	0.000000	1741714487.509595	0.000000
148.000000	-100.001705	-1898.378360	-1891.896354	-1899.875927	-1893.528032	-1890.354084	-1894.600915	-1895.651447	-1895.874965	-70932.590477	-1897.484290	-1898.266601	-1896.880793	-1893.684494	-1896.701979	-1891.941058	-0.124809	0.963295	-0.154879	192.000000	0.000000	0.000000	0.000000	0.000000	0.000000	0.000000	0.000000	0.000000	0.000000	1741714487.509683	0.000000
150.000000	-99.979353	-1898.490119	-1892.008113	-1899.652410	-1893.192755	-1890.264677	-1894.712674	-1895.360875	-1896.120834	-70933.685712	-1897.193718	-1898.288953	-1896.880793	-1893.773901	-1896.612572	-1892.119872	-0.123405	0.961647	-0.154439	192.000000	126.000000	24.000000	15.000000	0.000000	125.500000	24.000000	0.000000	0.000000	0.000000	1741714487.509777	0.000000
152.000000	-99.979353	-1898.288953	-1891.806947	-1899.741816	-1893.259811	-1890.287029	-1894.757377	-1895.360875	-1895.763206	-70932.434014	-1897.484290	-1898.065436	-1896.880793	-1893.885659	-1896.389055	-1891.985761	-0.123405	0.961647	-0.154439	192.000000	0.000000	0.000000	0.000000	0.000000	0.000000	0.000000	0.000000	0.000000	0.000000	1741714487.509877	0.000000
154.000000	-99.979353	-1898.110139	-1891.963409	-1899.674761	-1893.393921	-1890.421139	-1894.511508	-1895.517337	-1895.874965	-70931.294075	-1897.461939	-1898.244250	-1896.813738	-1893.751549	-1896.478462	-1892.119872	-0.123405	0.961647	-0.154439	192.000000	0.000000	0.000000	0.000000	0.000000	0.000000	0.000000	0.000000	0.000000	0.000000	1741714487.509971	0.000000
156.000000	-99.934649	-1898.132491	-1891.896354	-1899.786520	-1893.215107	-1890.354084	-1894.556212	-1895.584392	-1896.187889	-70932.076386	-1897.372532	-1898.356008	-1897.059607	-1893.818604	-1896.791386	-1891.963409	-0.123405	0.961647	-0.154439	192.000000	0.000000	0.000000	0.000000	0.000000	0.000000	0.000000	0.000000	0.000000	0.000000	1741714487.510064	0.000000
158.000000	-100.001705	-1898.288953	-1891.806947	-1899.630058	-1893.460976	-1890.398787	-1894.667970	-1895.584392	-1896.187889	-70932.143442	-1897.484290	-1898.221898	-1896.746683	-1893.885659	-1896.724331	-1891.851651	-0.123405	0.961647	-0.154439	192.000000	0.000000	0.000000	0.000000	0.000000	0.000000	0.000000	0.000000	0.000000	0.000000	1741714487.510150	0.000000
160.000000	-100.046408	-1898.177194	-1892.075168	-1899.741816	-1893.371569	-1890.443491	-1894.533860	-1895.338523	-1896.053779	-70930.958799	-1897.372532	-1898.311305	-1896.947848	-1893.818604	-1896.769034	-1891.874002	-0.124702	0.960824	-0.156220	192.000000	126.000000	8.000000	15.000000	0.000000	125.500000	8.000000	0.000000	0.000000	0.000000	1741714487.550025	0.000000
162.000000	-99.957001	-1898.065436	-1892.030465	-1899.831223	-1893.125700	-1890.309380	-1894.735026	-1895.249116	-1895.763206	-70931.942276	-1897.417235	-1898.378360	-1897.081959	-1893.930363	-1896.947848	-1892.186927	-0.124702	0.960824	-0.156220	192.000000	0.000000	0.000000	0.000000	0.000000	0.000000	0.000000	0.000000	0.000000	0.000000	1741714487.550131	0.000000
164.000000	-100.024056	-1898.311305	-1891.851651	-1899.719465	-1893.125700	-1890.421139	-1894.578564	-1895.405578	-1896.031427	-70932.322256	-1897.283125	-1898.244250	-1896.791386	-1893.796252	-1896.657276	-1892.030465	-0.124702	0.960824	-0.156220	192.000000	0.000000	0.000000	0.000000	0.000000	0.000000	0.000000	0.000000	0.000000	0.000000	1741714487.550248	0.000000
166.000000	-99.979353	-1898.244250	-1891.806947	-1899.674761	-1893.215107	-1890.354084	-1894.556212	-1895.405578	-1895.785558	-70933.685712	-1897.394883	-1898.177194	-1896.880793	-1893.997418	-1896.612572	-1892.052816	-0.124702	0.960824	-0.156220	192.000000	0.000000	0.000000	0.000000	0.000000	0.000000	0.000000	0.000000	0.000000	0.000000	1741714487.550341	0.000000
168.000000	-100.001705	-1898.177194	-1892.008113	-1899.853575	-1893.103348	-1890.309380	-1894.600915	-1895.293819	-1896.143186	-70932.568125	-1897.417235	-1898.423064	-1896.880793	-1893.975066	-1896.500814	-1892.075168	-0.124702	0.960824	-0.156220	192.000000	0.000000	0.000000	0.000000	0.000000	0.000000	0.000000	0.000000	0.000000	0.000000	1741714487.599749	0.000000
170.000000	-99.979353	-1898.199546	-1892.119872	-1899.697113	-1893.259811	-1890.130566	-1894.645619	-1895.293819	-1895.852613	-70932.791642	-1897.350180	-1898.311305	-1896.925497	-1893.952715	-1896.679627	-1892.186927	-0.126351	0.960412	-0.155110	192.000000	126.000000	0.000000	15.000000	0.000000	125.500000	24.000000	0.000000	0.000000	0.000000	1741714487.599872	0.000000
172.000000	-99.957001	-1898.199546	-1892.008113	-1899.674761	-1893.282162	-1890.130566	-1894.712674	-1895.450282	-1895.986723	-70933.305732	-1897.372532	-1898.110139	-1896.925497	-1894.109177	-1896.545517	-1892.008113	-0.126351	0.960412	-0.155110	192.000000	0.000000	0.000000	0.000000	0.000000	0.000000	0.000000	0.000000	0.000000	0.000000	1741714487.599971	0.000000
174.000000	-99.934649	-1898.154843	-1892.164575	-1899.808872	-1893.416273	-1890.264677	-1894.623267	-1895.360875	-1895.785558	-70933.886878	-1897.350180	-1898.154843	-1896.791386	-1893.952715	-1896.456110	-1892.097520	-0.126351	0.960412	-0.155110	192.000000	0.000000	0.000000	0.000000	0.000000	0.000000	0.000000	0.000000	0.000000	0.000000	1741714487.600059	0.000000
176.000000	-99.934649	-1898.110139	-1891.739892	-1899.697113	-1893.304514	-1890.085863	-1894.667970	-1895.360875	-1896.165537	-70932.299904	-1897.484290	-1898.445415	-1896.947848	-1894.287991	-1896.947848	-1892.209279	-0.126351	0.960412	-0.155110	192.000000	0.000000	0.000000	0.000000	0.000000	0.000000	0.000000	0.000000	0.000000	0.000000	1741714487.600156	0.000000
178.000000	-100.001705	-1898.087787	-1891.985761	-1899.853575	-1893.416273	-1890.465843	-1894.310343	-1895.383226	-1895.830261	-70932.612828	-1897.327828	-1898.110139	-1896.992552	-1893.840956	-1896.523165	-1891.806947	-0.126351	0.960412	-0.155110	192.000000	0.000000	0.000000	0.000000	0.000000	0.000000	0.000000	0.000000	0.000000	0.000000	1741714487.600256	0.000000
180.000000	-99.979353	-1898.132491	-1891.963409	-1899.563003	-1893.215107	-1890.354084	-1894.489157	-1895.383226	-1895.897316	-70933.238677	-1897.350180	-1898.065436	-1896.970200	-1893.818604	-1896.366703	-1891.784595	-0.129176	0.958206	-0.155555	192.000000	125.500000	112.000000	14.500000	112.000000	125.500000	16.000000	0.000000	0.000000	0.000000	1741714487.600341	0.000000
182.000000	-99.934649	-1898.087787	-1892.186927	-1899.652410	-1893.416273	-1890.197622	-1894.623267	-1895.494985	-1895.897316	-70934.669189	-1897.461939	-1898.132491	-1896.791386	-1893.930363	-1896.634924	-1891.851651	-0.129176	0.958206	-0.155555	192.000000	0.000000	0.000000	0.000000	0.000000	0.000000	0.000000	0.000000	0.000000	0.000000	1741714487.600442	0.000000
184.000000	-99.934649	-1898.199546	-1892.164575	-1899.875927	-1893.393921	-1890.197622	-1894.422101	-1895.517337	-1895.897316	-70932.679884	-1897.394883	-1898.423064	-1896.813738	-1893.773901	-1896.567869	-1891.985761	-0.129176	0.958206	-0.155555	192.000000	0.000000	0.000000	0.000000	0.000000	0.000000	0.000000	0.000000	0.000000	0.000000	1741714487.651308	0.000000
186.000000	-99.912298	-1898.467767	-1892.075168	-1899.808872	-1893.259811	-1890.376436	-1894.779729	-1895.316171	-1895.897316	-70932.389311	-1897.350180	-1898.244250	-1896.769034	-1893.840956	-1896.701979	-1891.695188	-0.129176	0.958206	-0.155555	192.000000	0.000000	0.000000	0.000000	0.000000	0.000000	0.000000	0.000000	0.000000	0.000000	1741714487.651510	0.000000
188.000000	-99.912298	-1898.266601	-1892.119872	-1899.808872	-1893.438625	-1890.443491	-1894.667970	-1895.450282	-1895.852613	-70934.669189	-1897.305476	-1898.244250	-1896.903145	-1893.751549	-1896.880793	-1892.008113	-0.129176	0.958206	-0.155555	192.000000	0.000000	0.000000	0.000000	0.000000	0.000000	0.000000	0.000000	0.000000	0.000000	1741714487.651672	0.000000
190.000000	-100.024056	-1898.154843	-1892.008113	-1899.540651	-1893.282162	-1890.197622	-1894.645619	-1895.562040	-1896.187889	-70935.183279	-1897.394883	-1898.467767	-1896.679627	-1893.796252	-1896.634924	-1892.097520	-0.128588	0.957103	-0.152777	192.000000	126.000000	0.000000	14.500000	112.000000	125.500000	40.000000	0.000000	0.000000	0.000000	1741714487.651857	0.000000
192.000000	-99.957001	-1898.177194	-1892.253982	-1899.764168	-1893.371569	-1890.465843	-1894.824433	-1895.472633	-1896.053779	-70933.171622	-1897.372532	-1898.423064	-1896.836090	-1893.818604	-1896.545517	-1892.030465	-0.128588	0.957103	-0.152777	192.000000	0.000000	0.000000	0.000000	0.000000	0.000000	0.000000	0.000000	0.000000	0.000000	1741714487.652023	0.000000
194.000000	-99.979353	-1898.110139	-1892.030465	-1899.875927	-1893.483328	-1890.421139	-1894.578564	-1895.427930	-1895.964372	-70934.870355	-1897.238421	-1898.177194	-1896.813738	-1893.773901	-1896.523165	-1892.030465	-0.128588	0.957103	-0.152777	192.000000	0.000000	0.000000	0.000000	0.000000	0.000000	0.000000	0.000000	0.000000	0.000000	1741714487.667311	0.000000
196.000000	-100.001705	-1897.998380	-1891.874002	-1899.853575	-1893.505680	-1890.219973	-1894.667970	-1895.316171	-1896.076130	-70935.295038	-1897.573697	-1898.132491	-1896.970200	-1893.885659	-1896.523165	-1892.097520	-0.128588	0.957103	-0.152777	192.000000	0.000000	0.000000	0.000000	0.000000	0.000000	0.000000	0.000000	0.000000	0.000000	1741714487.756970	0.000000
198.000000	-99.912298	-1898.043084	-1891.918706	-1899.853575	-1893.326866	-1890.622305	-1894.623267	-1895.115005	-1895.830261	-70935.607962	-1897.238421	-1898.065436	-1897.014904	-1893.952715	-1896.657276	-1892.030465	-0.128588	0.957103	-0.152777	192.000000	0.000000	0.000000	0.000000	0.000000	0.000000	0.000000	0.000000	0.000000	0.000000	1741714487.757165	0.000000
200.000000	-100.001705	-1898.311305	-1891.985761	-1899.563003	-1893.125700	-1890.264677	-1894.667970	-1895.204412	-1895.718502	-70934.311561	-1897.238421	-1898.356008	-1896.634924	-1894.198584	-1896.366703	-1892.119872	-0.126294	0.960551	-0.153389	192.000000	126.000000	16.000000	15.000000	16.000000	125.500000	24.000000	0.000000	0.000000	0.000000	1741714487.757335	0.000000
202.000000	-99.979353	-1898.266601	-1891.963409	-1899.719465	-1893.192755	-1890.242325	-1894.578564	-1895.360875	-1895.740854	-70934.311561	-1897.372532	-1898.512471	-1896.724331	-1893.840956	-1896.254944	-1892.030465	-0.126294	0.960551	-0.153389	192.000000	0.000000	0.000000	0.000000	0.000000	0.000000	0.000000	0.000000	0.000000	0.000000	1741714487.757484	0.000000
204.000000	-99.957001	-1898.378360	-1891.985761	-1899.495947	-1893.304514	-1890.421139	-1894.511508	-1895.316171	-1895.852613	-70935.920887	-1897.573697	-1898.445415	-1896.947848	-1894.019770	-1896.433758	-1891.829299	-0.126294	0.960551	-0.153389	192.000000	0.000000	0.000000	0.000000	0.000000	0.000000	0.000000	0.000000	0.000000	0.000000	1741714487.757617	0.000000
206.000000	-99.957001	-1898.467767	-1892.030465	-1899.853575	-1893.371569	-1890.465843	-1894.645619	-1895.584392	-1895.897316	-70937.172584	-1897.640753	-1898.199546	-1897.014904	-1894.019770	-1896.769034	-1891.896354	-0.126294	0.960551	-0.153389	192.000000	0.000000	0.000000	0.000000	0.000000	0.000000	0.000000	0.000000	0.000000	0.000000	1741714487.757746	0.000000
208.000000	-99.979353	-1898.266601	-1891.963409	-1899.719465	-1893.416273	-1890.532898	-1894.645619	-1895.360875	-1895.986723	-70936.434977	-1897.283125	-1898.177194	-1896.880793	-1893.863308	-1896.590221	-1891.717540	-0.126294	0.960551	-0.153389	192.000000	0.000000	0.000000	0.000000	0.000000	0.000000	0.000000	0.000000	0.000000	0.000000	1741714487.757887	0.000000
210.000000	-99.979353	-1897.931325	-1892.052816	-1900.032389	-1893.349218	-1890.398787	-1894.779729	-1895.338523	-1895.830261	-70936.211459	-1897.327828	-1898.110139	-1896.836090	-1894.153880	-1896.500814	-1892.052816	-0.126147	0.964276	-0.154694	192.000000	126.000000	8.000000	15.000000	32.000000	125.500000	16.000000	0.000000	0.000000	0.000000	1741714487.758021	0.000000
212.000000	-100.001705	-1898.311305	-1892.030465	-1900.010037	-1893.371569	-1890.376436	-1894.757377	-1895.539689	-1895.696151	-70936.747901	-1897.484290	-1898.311305	-1896.992552	-1893.818604	-1896.634924	-1892.142223	-0.126147	0.964276	-0.154694	192.000000	0.000000	0.000000	0.000000	0.000000	0.000000	0.000000	0.000000	0.000000	0.000000	1741714487.806548	0.000000
214.000000	-99.979353	-1898.311305	-1891.941058	-1899.875927	-1893.326866	-1890.041159	-1894.824433	-1895.427930	-1895.874965	-70936.636142	-1897.305476	-1898.132491	-1896.836090	-1893.840956	-1896.478462	-1891.985761	-0.126147	0.964276	-0.154694	192.000000	0.000000	0.000000	0.000000	0.000000	0.000000	0.000000	0.000000	0.000000	0.000000	1741714487.806743	0.000000
216.000000	-99.934649	-1898.065436	-1892.008113	-1899.697113	-1893.572735	-1890.219973	-1894.444453	-1895.517337	-1895.718502	-70934.825651	-1897.305476	-1898.244250	-1896.545517	-1893.773901	-1896.411407	-1892.030465	-0.126147	0.964276	-0.154694	192.000000	0.000000	0.000000	0.000000	0.000000	0.000000	0.000000	0.000000	0.000000	0.000000	1741714487.806876	0.000000
218.000000	-99.979353	-1898.065436	-1892.030465	-1899.808872	-1893.304514	-1890.152918	-1894.399750	-1895.472633	-1895.807909	-70936.300866	-1897.305476	-1898.557174	-1896.791386	-1893.863308	-1896.523165	-1892.075168	-0.126147	0.964276	-0.154694	192.000000	0.000000	0.000000	0.000000	0.000000	0.000000	0.000000	0.000000	0.000000	0.000000	1741714487.807012	0.000000
220.000000	-99.979353	-1898.087787	-1892.097520	-1899.920630	-1893.393921	-1890.242325	-1894.645619	-1895.383226	-1895.874965	-70936.077349	-1897.283125	-1898.132491	-1896.903145	-1893.997418	-1896.433758	-1891.941058	-0.125073	0.962138	-0.153347	192.000000	126.000000	16.000000	15.000000	0.000000	125.500000	32.000000	0.000000	0.000000	0.000000	1741714487.807149	0.000000
222.000000	-99.957001	-1898.199546	-1892.008113	-1899.630058	-1893.282162	-1890.197622	-1894.645619	-1895.360875	-1896.143186	-70937.306695	-1897.238421	-1898.400712	-1896.992552	-1893.908011	-1896.500814	-1891.829299	-0.125073	0.962138	-0.153347	192.000000	0.000000	0.000000	0.000000	0.000000	0.000000	0.000000	0.000000	0.000000	0.000000	1741714487.807295	0.000000
224.000000	-99.957001	-1898.221898	-1891.829299	-1899.674761	-1893.371569	-1890.018808	-1894.556212	-1895.204412	-1895.964372	-70936.032645	-1897.461939	-1898.333657	-1896.657276	-1893.975066	-1896.701979	-1891.918706	-0.125073	0.962138	-0.153347	192.000000	0.000000	0.000000	0.000000	0.000000	0.000000	0.000000	0.000000	0.000000	0.000000	1741714487.807428	0.000000
226.000000	-99.957001	-1898.221898	-1891.851651	-1899.607706	-1893.304514	-1890.219973	-1894.600915	-1895.472633	-1895.807909	-70935.250334	-1897.417235	-1898.311305	-1896.903145	-1893.930363	-1896.634924	-1891.918706	-0.125073	0.962138	-0.153347	192.000000	0.000000	0.000000	0.000000	0.000000	0.000000	0.000000	0.000000	0.000000	0.000000	1741714487.834488	0.000000
228.000000	-99.979353	-1898.020732	-1891.985761	-1899.808872	-1893.259811	-1890.175270	-1894.690322	-1895.405578	-1895.763206	-70937.373750	-1897.461939	-1898.132491	-1896.769034	-1894.019770	-1896.724331	-1891.739892	-0.125073	0.962138	-0.153347	192.000000	0.000000	0.000000	0.000000	0.000000	0.000000	0.000000	0.000000	0.000000	0.000000	1741714487.834660	0.000000
230.000000	-99.979353	-1897.998380	-1891.784595	-1899.808872	-1893.215107	-1890.130566	-1894.667970	-1895.427930	-1895.852613	-70936.971418	-1897.439587	-1898.356008	-1896.947848	-1894.109177	-1896.657276	-1891.829299	-0.126537	0.960069	-0.153674	192.000000	126.000000	0.000000	14.500000	120.000000	125.500000	24.000000	0.000000	0.000000	0.000000	1741714487.834804	0.000000
232.000000	-99.979353	-1898.154843	-1891.963409	-1899.719465	-1893.282162	-1890.152918	-1894.556212	-1895.494985	-1895.874965	-70936.122052	-1897.149014	-1898.221898	-1896.813738	-1893.952715	-1896.701979	-1892.186927	-0.126537	0.960069	-0.153674	192.000000	0.000000	0.000000	0.000000	0.000000	0.000000	0.000000	0.000000	0.000000	0.000000	1741714487.865520	0.000000
234.000000	-99.934649	-1898.199546	-1891.963409	-1899.540651	-1893.215107	-1890.242325	-1894.422101	-1895.249116	-1895.986723	-70937.373750	-1897.104311	-1898.221898	-1896.657276	-1893.885659	-1896.478462	-1891.829299	-0.126537	0.960069	-0.153674	192.000000	0.000000	0.000000	0.000000	0.000000	0.000000	0.000000	0.000000	0.000000	0.000000	1741714487.865708	0.000000
236.000000	-100.001705	-1898.356008	-1891.896354	-1899.719465	-1893.438625	-1890.287029	-1894.712674	-1895.427930	-1896.076130	-70938.089006	-1897.283125	-1898.020732	-1896.880793	-1893.863308	-1896.545517	-1891.941058	-0.126537	0.960069	-0.153674	192.000000	0.000000	0.000000	0.000000	0.000000	0.000000	0.000000	0.000000	0.000000	0.000000	1741714487.916247	0.000000
238.000000	-99.957001	-1898.199546	-1891.963409	-1899.808872	-1893.416273	-1890.376436	-1894.735026	-1895.383226	-1895.830261	-70937.440805	-1897.372532	-1898.221898	-1896.880793	-1893.840956	-1896.478462	-1891.851651	-0.126537	0.960069	-0.153674	192.000000	0.000000	0.000000	0.000000	0.000000	0.000000	0.000000	0.000000	0.000000	0.000000	1741714487.916433	0.000000
240.000000	-100.001705	-1898.177194	-1891.851651	-1899.764168	-1893.125700	-1890.197622	-1894.600915	-1895.204412	-1895.942020	-70935.943238	-1897.417235	-1898.579526	-1896.880793	-1893.751549	-1896.634924	-1891.762244	-0.126268	0.963034	-0.152837	192.000000	126.000000	8.000000	15.000000	24.000000	125.500000	32.000000	0.000000	0.000000	0.000000	1741714487.916582	0.000000
242.000000	-100.001705	-1898.221898	-1892.052816	-1899.831223	-1893.416273	-1890.197622	-1894.735026	-1895.360875	-1896.053779	-70936.367921	-1897.372532	-1898.266601	-1897.014904	-1894.042122	-1896.634924	-1891.963409	-0.126268	0.963034	-0.152837	192.000000	0.000000	0.000000	0.000000	0.000000	0.000000	0.000000	0.000000	0.000000	0.000000	1741714487.916745	0.000000
244.000000	-99.934649	-1898.110139	-1891.963409	-1899.719465	-1893.416273	-1890.309380	-1894.355046	-1895.383226	-1896.098482	-70938.066654	-1897.394883	-1898.244250	-1896.858441	-1893.773901	-1896.567869	-1891.829299	-0.126268	0.963034	-0.152837	192.000000	0.000000	0.000000	0.000000	0.000000	0.000000	0.000000	0.000000	0.000000	0.000000	1741714487.916900	0.000000
246.000000	-99.979353	-1898.199546	-1891.806947	-1899.764168	-1893.215107	-1890.398787	-1894.466805	-1895.405578	-1895.986723	-70938.983075	-1897.663104	-1898.266601	-1896.970200	-1893.863308	-1896.679627	-1892.097520	-0.126268	0.963034	-0.152837	192.000000	0.000000	0.000000	0.000000	0.000000	0.000000	0.000000	0.000000	0.000000	0.000000	1741714487.917051	0.000000
248.000000	-99.957001	-1898.199546	-1891.963409	-1899.764168	-1893.416273	-1890.197622	-1894.600915	-1895.450282	-1895.807909	-70938.312523	-1897.350180	-1898.221898	-1896.612572	-1893.751549	-1896.545517	-1891.784595	-0.126268	0.963034	-0.152837	192.000000	0.000000	0.000000	0.000000	0.000000	0.000000	0.000000	0.000000	0.000000	0.000000	1741714487.917195	0.000000
250.000000	-100.024056	-1898.154843	-1891.941058	-1899.808872	-1893.237459	-1890.219973	-1894.667970	-1895.360875	-1896.165537	-70937.753730	-1897.238421	-1898.423064	-1896.590221	-1894.109177	-1896.545517	-1891.851651	-0.124000	0.964000	-0.152000	192.000000	126.000000	16.000000	15.000000	16.000000	125.500000	32.000000	0.000000	0.000000	0.000000	1741714487.917360	0.000000
252.000000	-21.994117	-30.577186	-25.480989	-32.544140	-26.643279	-23.424628	-28.274957	-28.587881	-1585.297475	-70938.379578	-1587.063263	-1588.203202	-1586.817394	-1584.023426	-1586.459766	-1581.877659	-0.124000	0.964000	-0.152000	192.000000	0.000000	0.000000	0.000000	0.000000	0.000000	0.000000	0.000000	0.000000	0.000000	1741714487.967979	0.000000
254.000000	55.946416	1843.124848	1847.818714	1841.135543	1846.097630	1850.165647	1844.354194	1844.510656	1533.955518	-70938.714855	1532.659117	1531.385068	1529.328707	1533.977870	1531.250957	1535.766010	-0.124000	0.964000	-0.152000	192.000000	0.000000	0.000000	0.000000	0.000000	0.000000	0.000000	0.000000	0.000000	0.000000	1741714487.968082	0.000000
0.000000	55.968768	1843.236607	1847.751659	1841.113191	1845.941168	1850.210351	1844.108325	1844.935339	1847.259921	-70938.044302	1846.119982	1844.980043	1842.387240	1847.483438	1844.711822	1849.360984	-0.124000	0.964000	-0.152000	192.000000	0.000000	0.000000	0.000000	0.000000	0.000000	0.000000	0.000000	0.000000	0.000000	1741714487.968179	0.000000
2.000000	55.968768	1843.057793	1847.930473	1841.336708	1846.119982	1850.120944	1844.242435	1844.510656	1847.081107	-70937.641971	1846.209389	1844.912987	1842.186075	1847.282272	1844.667118	1849.495095	-0.124000	0.964000	-0.152000	192.000000	0.000000	0.000000	0.000000	0.000000	0.000000	0.000000	0.000000	0.000000	0.000000	1741714487.968274	0.000000
4.000000	56.013472	1843.080144	1847.774011	1841.180246	1846.008223	1850.053889	1844.175380	1844.845932	1847.304624	-70938.670151	1846.097630	1844.980043	1842.320185	1847.483438	1844.734173	1849.539798	-0.126000	0.960000	-0.160000	192.000000	126.000000	8.000000	15.000000	0.000000	125.500000	0.000000	0.000000	0.000000	0.000000	1741714487.968364	0.000000
6.000000	55.968768	1843.147200	1847.796362	1841.381412	1846.142333	1850.299758	1844.242435	1844.689470	1847.371679	-70939.631276	1846.164685	1844.935339	1842.476647	1847.371679	1844.756525	1849.472743	-0.126000	0.960000	-0.160000	192.000000	0.000000	0.000000	0.000000	0.000000	0.000000	0.000000	0.000000	0.000000	0.000000	1741714487.968458	0.000000
8.000000	55.991120	1843.080144	1847.863418	1841.224950	1845.985871	1850.098592	1844.175380	1844.465952	1847.192865	-70939.251296	1846.164685	1844.935339	1842.633109	1847.461086	1844.756525	1849.562150	-0.126000	0.960000	-0.160000	192.000000	0.000000	0.000000	0.000000	0.000000	0.000000	0.000000	0.000000	0.000000	0.000000	1741714487.968543	0.000000
10.000000	55.946416	1842.968386	1847.885769	1841.224950	1846.164685	1850.076240	1844.130676	1844.577711	1847.416383	-70939.228945	1846.097630	1844.868284	1842.633109	1847.394031	1844.935339	1849.673909	-0.126000	0.960000	-0.160000	192.000000	0.000000	0.000000	0.000000	0.000000	0.000000	0.000000	0.000000	0.000000	0.000000	1741714488.021765	0.000000
12.000000	55.991120	1843.102496	1847.461086	1841.157894	1846.276444	1849.986833	1844.153028	1844.890636	1847.416383	-70939.944201	1846.142333	1844.935339	1842.498999	1847.304624	1844.845932	1849.472743	-0.126000	0.960000	-0.160000	192.000000	0.000000	0.000000	0.000000	0.000000	0.000000	0.000000	0.000000	0.000000	0.000000	1741714488.021879	0.000000
14.000000	55.946416	1843.281310	1847.863418	1841.202598	1846.030575	1849.875075	1844.063621	1844.734173	1847.662252	-70941.128843	1846.298795	1845.158857	1842.856627	1847.349327	1844.890636	1849.539798	-0.126000	0.960000	-0.158000	192.000000	126.000000	8.000000	15.000000	0.000000	125.500000	8.000000	0.000000	0.000000	0.000000	1741714488.021968	0.000000
16.000000	55.946416	1843.035441	1847.729307	1841.157894	1846.142333	1850.031537	1844.242435	1844.510656	1847.282272	-70939.005427	1846.075278	1845.069450	1842.722516	1847.572845	1844.823580	1849.606854	-0.126000	0.960000	-0.158000	192.000000	0.000000	0.000000	0.000000	0.000000	0.000000	0.000000	0.000000	0.000000	0.000000	1741714488.022065	0.000000
18.000000	55.991120	1842.856627	1847.617548	1841.269653	1845.918816	1850.009185	1844.041269	1844.600063	1847.326976	-70939.228945	1846.254092	1845.270615	1842.856627	1847.282272	1844.801229	1849.696261	-0.126000	0.960000	-0.158000	192.000000	0.000000	0.000000	0.000000	0.000000	0.000000	0.000000	0.000000	0.000000	0.000000	1741714488.022155	0.000000
20.000000	55.946416	1842.700165	1847.483438	1841.068487	1846.119982	1850.009185	1843.974214	1844.555359	1847.237569	-70939.966552	1845.985871	1844.980043	1842.700165	1847.215217	1844.644766	1849.495095	-0.126000	0.960000	-0.158000	192.000000	0.000000	0.000000	0.000000	0.000000	0.000000	0.000000	0.000000	0.000000	0.000000	1741714488.077234	0.000000
22.000000	55.946416	1843.102496	1847.774011	1841.292005	1845.963519	1850.120944	1844.108325	1844.421249	1847.148162	-70941.531174	1846.008223	1845.047098	1842.677813	1847.326976	1844.667118	1849.562150	-0.126000	0.960000	-0.158000	192.000000	0.000000	0.000000	0.000000	0.000000	0.000000	0.000000	0.000000	0.000000	0.000000	1741714488.077339	0.000000
24.000000	55.924065	1843.147200	1847.684604	1841.247301	1846.164685	1850.098592	1844.063621	1844.555359	1847.461086	-70940.190070	1846.142333	1844.689470	1842.789572	1847.461086	1844.555359	1849.539798	-0.130000	0.966000	-0.160000	192.000000	125.500000	120.000000	15.000000	24.000000	125.500000	0.000000	0.000000	0.000000	0.000000	1741714488.077431	0.000000
26.000000	55.968768	1843.281310	1847.841066	1841.292005	1846.209389	1850.277406	1844.309490	1844.600063	1847.505790	-70940.234773	1846.164685	1844.957691	1842.722516	1847.326976	1844.622415	1849.584502	-0.130000	0.966000	-0.160000	192.000000	0.000000	0.000000	0.000000	0.000000	0.000000	0.000000	0.000000	0.000000	0.000000	1741714488.077533	0.000000
28.000000	56.013472	1843.080144	1847.863418	1841.403763	1846.142333	1849.897426	1844.220083	1844.622415	1847.170514	-70942.268782	1846.075278	1845.047098	1842.677813	1847.394031	1844.644766	1849.450391	-0.130000	0.966000	-0.160000	192.000000	0.000000	0.000000	0.000000	0.000000	0.000000	0.000000	0.000000	0.000000	0.000000	1741714488.077624	0.000000
30.000000	55.924065	1843.214255	1847.952825	1841.068487	1846.187037	1849.919778	1844.085973	1844.734173	1847.349327	-70941.821747	1846.119982	1845.114153	1842.521351	1847.595197	1844.801229	1849.606854	-0.130000	0.966000	-0.160000	192.000000	0.000000	0.000000	0.000000	0.000000	0.000000	0.000000	0.000000	0.000000	0.000000	1741714488.077712	0.000000
32.000000	55.968768	1843.236607	1847.952825	1841.448467	1846.187037	1850.344461	1844.153028	1844.778877	1847.371679	-70940.346532	1846.254092	1845.091801	1842.633109	1847.595197	1844.577711	1849.651557	-0.130000	0.966000	-0.160000	192.000000	0.000000	0.000000	0.000000	0.000000	0.000000	0.000000	0.000000	0.000000	0.000000	1741714488.077805	0.000000
34.000000	56.035823	1842.968386	1847.863418	1841.157894	1846.187037	1850.322109	1844.175380	1844.533008	1847.125810	-70941.061788	1846.030575	1844.845932	1842.409592	1847.259921	1844.465952	1849.405688	-0.126000	0.966000	-0.160000	192.000000	126.000000	8.000000	15.000000	24.000000	125.500000	0.000000	0.000000	0.000000	0.000000	1741714488.077898	0.000000
36.000000	55.991120	1842.856627	1847.863418	1841.113191	1846.030575	1850.299758	1844.220083	1844.644766	1847.237569	-70941.173546	1845.918816	1844.711822	1842.275481	1847.282272	1844.443601	1849.673909	-0.126000	0.966000	-0.160000	192.000000	0.000000	0.000000	0.000000	0.000000	0.000000	0.000000	0.000000	0.000000	0.000000	1741714488.117914	0.000000
38.000000	55.924065	1843.326013	1847.639900	1840.889673	1846.119982	1849.897426	1844.108325	1844.644766	1847.103458	-70943.229907	1845.963519	1844.957691	1842.320185	1847.438734	1844.577711	1849.763316	-0.126000	0.966000	-0.160000	192.000000	0.000000	0.000000	0.000000	0.000000	0.000000	0.000000	0.000000	0.000000	0.000000	1741714488.118014	0.000000
40.000000	55.991120	1843.236607	1847.662252	1841.023784	1846.276444	1850.165647	1844.041269	1844.488304	1846.946996	-70941.553526	1846.343499	1845.047098	1842.744868	1847.371679	1844.622415	1849.495095	-0.126000	0.966000	-0.160000	192.000000	0.000000	0.000000	0.000000	0.000000	0.000000	0.000000	0.000000	0.000000	0.000000	1741714488.118149	0.000000
42.000000	55.968768	1843.102496	1847.774011	1841.157894	1846.097630	1850.344461	1843.974214	1844.778877	1847.394031	-70942.112320	1846.231740	1845.069450	1842.633109	1847.326976	1844.689470	1849.495095	-0.126000	0.966000	-0.160000	192.000000	0.000000	0.000000	0.000000	0.000000	0.000000	0.000000	0.000000	0.000000	0.000000	1741714488.118238	0.000000
44.000000	56.035823	1843.214255	1847.818714	1840.912025	1845.963519	1850.120944	1844.018918	1844.734173	1847.237569	-70942.604058	1846.187037	1845.024746	1842.141371	1847.304624	1844.734173	1849.383336	-0.132000	0.972000	-0.162000	192.000000	125.500000	112.000000	15.000000	48.000000	125.000000	120.000000	0.000000	0.000000	0.000000	1741714488.183306	0.000000
46.000000	55.946416	1843.169551	1847.751659	1841.224950	1845.918816	1850.187999	1844.175380	1844.734173	1847.282272	-70941.732340	1846.164685	1844.868284	1842.610758	1847.394031	1844.600063	1849.383336	-0.132000	0.972000	-0.162000	192.000000	0.000000	0.000000	0.000000	0.000000	0.000000	0.000000	0.000000	0.000000	0.000000	1741714488.183426	0.000000
48.000000	55.924065	1843.035441	1847.595197	1841.001432	1846.164685	1850.098592	1844.085973	1844.644766	1847.125810	-70941.709988	1846.276444	1844.980043	1842.454295	1847.505790	1844.823580	1849.606854	-0.132000	0.972000	-0.162000	192.000000	0.000000	0.000000	0.000000	0.000000	0.000000	0.000000	0.000000	0.000000	0.000000	1741714488.183517	0.000000
50.000000	55.946416	1842.878979	1847.729307	1841.157894	1845.941168	1850.031537	1843.929511	1844.756525	1847.103458	-70941.374712	1846.209389	1845.024746	1842.320185	1847.662252	1844.957691	1849.584502	-0.132000	0.972000	-0.162000	192.000000	0.000000	0.000000	0.000000	0.000000	0.000000	0.000000	0.000000	0.000000	0.000000	1741714488.183610	0.000000
52.000000	55.946416	1842.901330	1847.796362	1841.202598	1845.918816	1850.053889	1843.840104	1844.510656	1847.259921	-70942.358189	1846.254092	1844.957691	1842.543702	1847.394031	1844.801229	1849.517447	-0.132000	0.972000	-0.162000	192.000000	0.000000	0.000000	0.000000	0.000000	0.000000	0.000000	0.000000	0.000000	0.000000	1741714488.183702	0.000000
54.000000	55.924065	1842.990737	1847.617548	1841.314356	1846.231740	1850.053889	1844.242435	1844.555359	1847.282272	-70942.447596	1846.298795	1844.980043	1842.476647	1847.349327	1844.890636	1849.539798	-0.132000	0.966000	-0.156000	192.000000	125.500000	112.000000	15.000000	24.000000	125.500000	16.000000	0.000000	0.000000	0.000000	1741714488.183790	0.000000
56.000000	55.968768	1843.035441	1847.885769	1841.336708	1846.209389	1850.187999	1844.242435	1844.622415	1847.304624	-70942.224078	1846.119982	1845.002394	1842.431944	1847.438734	1844.778877	1849.539798	-0.132000	0.966000	-0.156000	192.000000	0.000000	0.000000	0.000000	0.000000	0.000000	0.000000	0.000000	0.000000	0.000000	1741714488.183890	0.000000
58.000000	55.879361	1843.169551	1847.751659	1841.001432	1846.321147	1850.031537	1844.242435	1844.600063	1847.170514	-70941.866451	1845.985871	1845.047098	1842.700165	1847.550493	1844.577711	1849.808019	-0.132000	0.966000	-0.156000	192.000000	0.000000	0.000000	0.000000	0.000000	0.000000	0.000000	0.000000	0.000000	0.000000	1741714488.183980	0.000000
60.000000	55.946416	1842.968386	1847.706955	1841.180246	1846.075278	1850.322109	1844.018918	1844.533008	1847.215217	-70942.715817	1846.075278	1844.868284	1842.275481	1847.237569	1844.398897	1849.651557	-0.132000	0.966000	-0.156000	192.000000	0.000000	0.000000	0.000000	0.000000	0.000000	0.000000	0.000000	0.000000	0.000000	1741714488.238966	0.000000
62.000000	55.991120	1842.811923	1847.908121	1841.314356	1845.896464	1850.120944	1843.996566	1844.533008	1847.237569	-70942.872279	1846.052926	1844.778877	1842.320185	1847.416383	1844.756525	1849.562150	-0.132000	0.966000	-0.156000	192.000000	0.000000	0.000000	0.000000	0.000000	0.000000	0.000000	0.000000	0.000000	0.000000	1741714488.239078	0.000000
64.000000	55.901713	1843.035441	1847.595197	1841.046136	1845.985871	1850.009185	1844.018918	1844.577711	1847.058755	-70942.916983	1846.097630	1845.181208	1842.543702	1847.461086	1844.667118	1849.293929	-0.126000	0.964000	-0.154000	192.000000	126.000000	8.000000	15.000000	16.000000	125.500000	24.000000	0.000000	0.000000	0.000000	1741714488.239168	0.000000
66.000000	55.924065	1842.878979	1847.617548	1840.979080	1845.896464	1850.053889	1844.018918	1844.756525	1847.259921	-70942.693465	1846.030575	1844.890636	1842.387240	1847.394031	1844.778877	1849.673909	-0.126000	0.964000	-0.154000	192.000000	0.000000	0.000000	0.000000	0.000000	0.000000	0.000000	0.000000	0.000000	0.000000	1741714488.239267	0.000000
68.000000	55.991120	1843.124848	1847.841066	1841.090839	1846.142333	1850.031537	1844.242435	1844.421249	1847.326976	-70944.548660	1845.829409	1845.047098	1842.677813	1847.438734	1844.644766	1849.405688	-0.126000	0.964000	-0.154000	192.000000	0.000000	0.000000	0.000000	0.000000	0.000000	0.000000	0.000000	0.000000	0.000000	1741714488.239360	0.000000
70.000000	55.901713	1842.923682	1847.818714	1841.046136	1846.119982	1850.076240	1844.153028	1844.533008	1847.349327	-70944.213384	1846.008223	1845.158857	1842.677813	1847.461086	1844.644766	1849.629205	-0.126000	0.964000	-0.154000	192.000000	0.000000	0.000000	0.000000	0.000000	0.000000	0.000000	0.000000	0.000000	0.000000	1741714488.239454	0.000000
72.000000	55.857009	1843.147200	1847.662252	1841.046136	1845.874112	1850.187999	1844.264787	1844.577711	1847.416383	-70942.380541	1846.231740	1845.024746	1842.521351	1847.505790	1844.734173	1849.651557	-0.126000	0.964000	-0.154000	192.000000	0.000000	0.000000	0.000000	0.000000	0.000000	0.000000	0.000000	0.000000	0.000000	1741714488.239548	0.000000
74.000000	55.946416	1843.080144	1847.684604	1840.979080	1845.807057	1849.897426	1844.220083	1844.533008	1847.349327	-70943.945163	1846.052926	1844.912987	1842.387240	1847.550493	1844.510656	1849.428040	-0.122000	0.970000	-0.152000	192.000000	126.000000	24.000000	15.000000	40.000000	125.500000	32.000000	0.000000	0.000000	0.000000	1741714488.290840	0.000000
76.000000	55.946416	1843.035441	1847.572845	1841.046136	1845.963519	1849.986833	1844.175380	1844.689470	1847.259921	-70944.079273	1846.142333	1844.912987	1842.476647	1847.595197	1844.644766	1849.517447	-0.122000	0.970000	-0.152000	192.000000	0.000000	0.000000	0.000000	0.000000	0.000000	0.000000	0.000000	0.000000	0.000000	1741714488.290950	0.000000
78.000000	55.968768	1842.901330	1847.796362	1841.068487	1846.075278	1850.120944	1844.264787	1844.421249	1847.215217	-70944.660419	1846.008223	1844.667118	1842.364888	1847.416383	1844.644766	1849.517447	-0.122000	0.970000	-0.152000	192.000000	0.000000	0.000000	0.000000	0.000000	0.000000	0.000000	0.000000	0.000000	0.000000	1741714488.291039	0.000000
80.000000	55.946416	1843.191903	1847.684604	1841.359060	1845.985871	1850.165647	1844.354194	1844.600063	1847.192865	-70944.280439	1846.298795	1845.114153	1842.498999	1847.528141	1844.711822	1849.517447	-0.122000	0.970000	-0.152000	192.000000	0.000000	0.000000	0.000000	0.000000	0.000000	0.000000	0.000000	0.000000	0.000000	1741714488.291140	0.000000
82.000000	55.901713	1842.878979	1847.639900	1841.023784	1846.231740	1850.143296	1844.264787	1844.555359	1847.326976	-70943.542831	1846.298795	1845.114153	1842.521351	1847.662252	1844.912987	1849.584502	-0.122000	0.970000	-0.152000	192.000000	0.000000	0.000000	0.000000	0.000000	0.000000	0.000000	0.000000	0.000000	0.000000	1741714488.291238	0.000000
84.000000	55.924065	1843.080144	1847.863418	1841.023784	1846.119982	1850.120944	1844.242435	1844.533008	1847.081107	-70944.235735	1845.963519	1845.069450	1842.498999	1847.572845	1844.756525	1849.293929	-0.120000	0.966000	-0.156000	192.000000	126.000000	32.000000	15.000000	24.000000	125.500000	16.000000	0.000000	0.000000	0.000000	1741714488.291327	0.000000
86.000000	55.924065	1843.191903	1847.505790	1841.470819	1845.985871	1850.277406	1844.085973	1844.510656	1847.326976	-70944.101625	1846.209389	1845.069450	1842.566054	1847.438734	1844.778877	1849.450391	-0.120000	0.966000	-0.156000	192.000000	0.000000	0.000000	0.000000	0.000000	0.000000	0.000000	0.000000	0.000000	0.000000	1741714488.291424	0.000000
88.000000	55.924065	1843.035441	1847.729307	1841.403763	1846.119982	1850.143296	1844.354194	1844.778877	1847.081107	-70942.671113	1846.052926	1844.890636	1842.476647	1847.416383	1844.801229	1849.405688	-0.120000	0.966000	-0.156000	192.000000	0.000000	0.000000	0.000000	0.000000	0.000000	0.000000	0.000000	0.000000	0.000000	1741714488.291509	0.000000
90.000000	55.968768	1843.102496	1847.841066	1841.224950	1846.276444	1850.299758	1843.996566	1844.778877	1847.081107	-70943.319314	1846.008223	1845.024746	1842.610758	1847.416383	1844.868284	1849.539798	-0.120000	0.966000	-0.156000	192.000000	0.000000	0.000000	0.000000	0.000000	0.000000	0.000000	0.000000	0.000000	0.000000	1741714488.339959	0.000000
92.000000	55.924065	1842.834275	1847.796362	1841.135543	1846.209389	1850.165647	1844.018918	1844.577711	1847.304624	-70944.593363	1846.187037	1844.890636	1842.431944	1847.572845	1844.734173	1849.428040	-0.120000	0.966000	-0.156000	192.000000	0.000000	0.000000	0.000000	0.000000	0.000000	0.000000	0.000000	0.000000	0.000000	1741714488.340070	0.000000
94.000000	55.946416	1843.080144	1847.572845	1840.889673	1846.052926	1850.165647	1843.974214	1844.600063	1847.148162	-70944.392198	1845.762354	1844.912987	1842.454295	1847.438734	1844.912987	1849.428040	-0.128000	0.966000	-0.158000	192.000000	126.000000	0.000000	15.000000	24.000000	125.500000	8.000000	0.000000	0.000000	0.000000	1741714488.340161	0.000000
96.000000	55.924065	1842.901330	1847.528141	1840.956729	1845.985871	1850.322109	1844.085973	1844.644766	1847.438734	-70943.162852	1846.052926	1845.069450	1842.454295	1847.550493	1844.756525	1849.360984	-0.128000	0.966000	-0.158000	192.000000	0.000000	0.000000	0.000000	0.000000	0.000000	0.000000	0.000000	0.000000	0.000000	1741714488.340259	0.000000
98.000000	55.901713	1843.080144	1847.751659	1841.292005	1846.298795	1850.322109	1844.242435	1844.778877	1847.192865	-70944.794529	1846.187037	1844.912987	1842.588406	1847.505790	1844.510656	1849.495095	-0.128000	0.966000	-0.158000	192.000000	0.000000	0.000000	0.000000	0.000000	0.000000	0.000000	0.000000	0.000000	0.000000	1741714488.340347	0.000000
100.000000	55.946416	1842.968386	1847.639900	1841.180246	1846.119982	1849.986833	1844.287138	1844.622415	1847.237569	-70945.733302	1846.276444	1844.756525	1842.431944	1847.617548	1844.667118	1849.271578	-0.128000	0.966000	-0.158000	192.000000	0.000000	0.000000	0.000000	0.000000	0.000000	0.000000	0.000000	0.000000	0.000000	1741714488.340434	0.000000
102.000000	55.901713	1843.124848	1847.908121	1841.224950	1846.388202	1850.255054	1844.354194	1844.778877	1847.237569	-70946.381503	1845.874112	1844.823580	1842.588406	1847.528141	1844.689470	1849.293929	-0.128000	0.966000	-0.158000	192.000000	0.000000	0.000000	0.000000	0.000000	0.000000	0.000000	0.000000	0.000000	0.000000	1741714488.340528	0.000000
104.000000	55.968768	1843.169551	1847.841066	1841.292005	1846.075278	1850.187999	1844.130676	1844.533008	1847.125810	-70944.503956	1846.164685	1844.935339	1842.476647	1847.438734	1844.577711	1849.740964	-0.128000	0.962000	-0.156000	192.000000	126.000000	0.000000	15.000000	8.000000	125.500000	16.000000	0.000000	0.000000	0.000000	1741714488.389323	0.000000
106.000000	55.946416	1843.169551	1847.751659	1841.336708	1846.075278	1850.299758	1844.309490	1844.667118	1847.148162	-70944.258087	1845.963519	1845.248264	1842.633109	1847.729307	1844.801229	1849.629205	-0.128000	0.962000	-0.156000	192.000000	0.000000	0.000000	0.000000	0.000000	0.000000	0.000000	0.000000	0.000000	0.000000	1741714488.389435	0.000000
108.000000	55.901713	1842.878979	1847.818714	1841.202598	1846.008223	1850.143296	1844.108325	1844.667118	1847.103458	-70945.554488	1846.142333	1844.980043	1842.811923	1847.326976	1844.577711	1849.428040	-0.128000	0.962000	-0.156000	192.000000	0.000000	0.000000	0.000000	0.000000	0.000000	0.000000	0.000000	0.000000	0.000000	1741714488.389525	0.000000
110.000000	55.946416	1842.923682	1847.818714	1841.113191	1846.075278	1850.076240	1843.974214	1844.644766	1847.394031	-70945.755654	1846.187037	1844.935339	1842.521351	1847.550493	1844.644766	1849.584502	-0.128000	0.962000	-0.156000	192.000000	0.000000	0.000000	0.000000	0.000000	0.000000	0.000000	0.000000	0.000000	0.000000	1741714488.389618	0.000000
112.000000	55.946416	1843.013089	1847.684604	1841.224950	1846.119982	1850.076240	1844.018918	1844.600063	1847.125810	-70944.705122	1846.008223	1844.935339	1842.476647	1847.461086	1844.622415	1849.785668	-0.128000	0.962000	-0.156000	192.000000	0.000000	0.000000	0.000000	0.000000	0.000000	0.000000	0.000000	0.000000	0.000000	1741714488.389710	0.000000
114.000000	55.946416	1842.946034	1847.639900	1840.912025	1846.008223	1850.009185	1844.287138	1844.667118	1847.215217	-70945.956820	1846.052926	1844.644766	1842.655461	1847.550493	1844.778877	1849.405688	-0.130000	0.962000	-0.158000	192.000000	125.500000	120.000000	15.000000	8.000000	125.500000	8.000000	0.000000	0.000000	0.000000	1741714488.389803	0.000000
116.000000	55.901713	1842.878979	1847.751659	1840.934377	1846.119982	1849.919778	1844.085973	1844.600063	1847.371679	-70946.381503	1846.164685	1844.868284	1842.454295	1847.371679	1844.689470	1849.428040	-0.130000	0.962000	-0.158000	192.000000	0.000000	0.000000	0.000000	0.000000	0.000000	0.000000	0.000000	0.000000	0.000000	1741714488.389901	0.000000
118.000000	55.946416	1843.147200	1847.796362	1841.269653	1846.231740	1850.143296	1844.041269	1844.801229	1847.326976	-70947.052055	1846.119982	1844.845932	1842.610758	1847.394031	1844.622415	1849.450391	-0.130000	0.962000	-0.158000	192.000000	0.000000	0.000000	0.000000	0.000000	0.000000	0.000000	0.000000	0.000000	0.000000	1741714488.389991	0.000000
120.000000	55.924065	1842.946034	1847.662252	1841.113191	1846.097630	1850.120944	1844.175380	1844.622415	1847.438734	-70945.845061	1846.142333	1845.114153	1842.767220	1847.505790	1844.711822	1849.450391	-0.130000	0.962000	-0.158000	192.000000	0.000000	0.000000	0.000000	0.000000	0.000000	0.000000	0.000000	0.000000	0.000000	1741714488.438406	0.000000
122.000000	55.968768	1842.834275	1847.639900	1841.292005	1846.008223	1849.919778	1844.018918	1844.801229	1847.326976	-70945.353323	1846.142333	1845.225912	1842.566054	1847.461086	1844.734173	1849.584502	-0.130000	0.962000	-0.158000	192.000000	0.000000	0.000000	0.000000	0.000000	0.000000	0.000000	0.000000	0.000000	0.000000	1741714488.438509	0.000000
124.000000	-21.971765	-24.653974	-18.686058	-26.062134	-20.496550	-16.584994	-22.150579	-21.994117	1537.084763	-70947.253221	1535.766010	1534.938995	1532.413248	1537.196521	1534.469609	1539.588158	-0.124000	0.960000	-0.156000	192.000000	126.000000	16.000000	15.000000	0.000000	125.500000	16.000000	0.000000	0.000000	0.000000	1741714488.438597	0.000000
126.000000	-100.001705	-1898.266601	-1892.052816	-1899.630058	-1893.259811	-1890.197622	-1894.511508	-1895.360875	-1582.481156	-70947.946125	-1583.844612	-1584.738682	-1583.464632	-1580.357740	-1583.218763	-1578.323731	-0.124000	0.960000	-0.156000	192.000000	0.000000	0.000000	0.000000	0.000000	0.000000	0.000000	0.000000	0.000000	0.000000	1741714488.438691	0.000000
128.000000	-99.979353	-1898.020732	-1892.142223	-1899.764168	-1893.349218	-1890.130566	-1894.735026	-1895.427930	-1896.165537	-70946.806186	-1897.394883	-1898.288953	-1896.769034	-1893.930363	-1897.081959	-1892.142223	-0.124000	0.960000	-0.156000	192.000000	0.000000	0.000000	0.000000	0.000000	0.000000	0.000000	0.000000	0.000000	0.000000	1741714488.438786	0.000000
130.000000	-99.957001	-1898.132491	-1891.874002	-1899.607706	-1893.080997	-1890.264677	-1894.444453	-1895.405578	-1896.009075	-70944.928640	-1897.260773	-1898.356008	-1896.791386	-1894.086825	-1896.858441	-1891.851651	-0.124000	0.960000	-0.156000	192.000000	0.000000	0.000000	0.000000	0.000000	0.000000	0.000000	0.000000	0.000000	0.000000	1741714488.438871	0.000000
132.000000	-99.979353	-1898.132491	-1892.097520	-1900.032389	-1893.326866	-1890.376436	-1894.466805	-1895.316171	-1895.942020	-70946.627372	-1897.439587	-1898.266601	-1896.992552	-1894.198584	-1896.679627	-1891.896354	-0.124000	0.960000	-0.156000	192.000000	0.000000	0.000000	0.000000	0.000000	0.000000	0.000000	0.000000	0.000000	0.000000	1741714488.438959	0.000000
134.000000	-99.957001	-1898.288953	-1892.008113	-1899.607706	-1893.237459	-1890.398787	-1894.310343	-1895.182061	-1895.874965	-70946.940297	-1897.171366	-1898.199546	-1896.880793	-1893.952715	-1896.567869	-1891.829299	-0.130000	0.964000	-0.156000	192.000000	125.500000	120.000000	15.000000	16.000000	125.500000	16.000000	0.000000	0.000000	0.000000	1741714488.453506	0.000000
136.000000	-99.934649	-1898.177194	-1891.918706	-1899.585354	-1893.192755	-1890.264677	-1894.712674	-1895.271468	-1896.009075	-70945.375674	-1897.372532	-1898.288953	-1896.746683	-1894.131529	-1896.701979	-1891.985761	-0.130000	0.964000	-0.156000	192.000000	0.000000	0.000000	0.000000	0.000000	0.000000	0.000000	0.000000	0.000000	0.000000	1741714488.507111	0.000000
138.000000	-99.957001	-1898.132491	-1891.896354	-1899.741816	-1893.550383	-1890.287029	-1894.533860	-1895.316171	-1896.098482	-70946.448558	-1897.528994	-1898.087787	-1896.746683	-1894.019770	-1896.322000	-1892.008113	-0.130000	0.964000	-0.156000	192.000000	0.000000	0.000000	0.000000	0.000000	0.000000	0.000000	0.000000	0.000000	0.000000	1741714488.507223	0.000000
140.000000	-100.001705	-1898.311305	-1892.119872	-1899.719465	-1893.639790	-1890.219973	-1894.757377	-1895.606744	-1896.076130	-70946.694427	-1897.350180	-1898.333657	-1897.081959	-1894.019770	-1896.701979	-1892.276334	-0.130000	0.964000	-0.156000	192.000000	0.000000	0.000000	0.000000	0.000000	0.000000	0.000000	0.000000	0.000000	0.000000	1741714488.507314	0.000000
142.000000	-99.957001	-1898.065436	-1891.896354	-1899.786520	-1893.282162	-1890.309380	-1894.556212	-1895.763206	-1895.696151	-70948.124939	-1897.216069	-1898.199546	-1896.836090	-1893.796252	-1896.411407	-1891.941058	-0.130000	0.964000	-0.156000	192.000000	0.000000	0.000000	0.000000	0.000000	0.000000	0.000000	0.000000	0.000000	0.000000	1741714488.507407	0.000000
144.000000	-99.979353	-1898.244250	-1891.918706	-1899.674761	-1893.192755	-1890.309380	-1894.779729	-1895.450282	-1895.874965	-70946.582669	-1897.417235	-1898.333657	-1896.947848	-1894.086825	-1896.433758	-1891.672837	-0.130000	0.962000	-0.158000	192.000000	125.500000	120.000000	15.000000	8.000000	125.500000	8.000000	0.000000	0.000000	0.000000	1741714488.507493	0.000000
146.000000	-100.024056	-1898.378360	-1892.052816	-1899.674761	-1893.438625	-1890.287029	-1894.802081	-1895.427930	-1895.852613	-70946.940297	-1897.037255	-1898.177194	-1896.925497	-1894.109177	-1896.500814	-1891.918706	-0.130000	0.962000	-0.158000	192.000000	0.000000	0.000000	0.000000	0.000000	0.000000	0.000000	0.000000	0.000000	0.000000	1741714488.507587	0.000000
148.000000	-100.001705	-1898.043084	-1891.717540	-1899.563003	-1893.170404	-1890.108215	-1894.422101	-1895.115005	-1896.076130	-70948.124939	-1897.260773	-1898.199546	-1896.836090	-1893.773901	-1896.746683	-1891.896354	-0.130000	0.962000	-0.158000	192.000000	0.000000	0.000000	0.000000	0.000000	0.000000	0.000000	0.000000	0.000000	0.000000	1741714488.507679	0.000000
150.000000	-100.001705	-1898.356008	-1891.739892	-1899.786520	-1893.393921	-1890.197622	-1894.511508	-1895.338523	-1896.009075	-70949.019009	-1897.305476	-1898.177194	-1896.836090	-1893.885659	-1896.567869	-1891.918706	-0.130000	0.962000	-0.158000	192.000000	0.000000	0.000000	0.000000	0.000000	0.000000	0.000000	0.000000	0.000000	0.000000	1741714488.507772	0.000000
152.000000	-100.001705	-1898.132491	-1891.896354	-1899.674761	-1893.259811	-1890.398787	-1894.667970	-1895.316171	-1895.852613	-70947.432035	-1897.216069	-1898.288953	-1896.769034	-1893.796252	-1896.411407	-1891.941058	-0.130000	0.962000	-0.158000	192.000000	0.000000	0.000000	0.000000	0.000000	0.000000	0.000000	0.000000	0.000000	0.000000	1741714488.563301	0.000000
154.000000	-100.001705	-1898.221898	-1891.963409	-1899.831223	-1893.393921	-1890.488194	-1894.735026	-1895.249116	-1895.830261	-70947.275573	-1897.528994	-1898.333657	-1896.925497	-1893.930363	-1896.567869	-1892.052816	-0.132000	0.960000	-0.154000	192.000000	125.500000	112.000000	15.000000	0.000000	125.500000	24.000000	0.000000	0.000000	0.000000	1741714488.563403	0.000000
156.000000	-99.912298	-1898.244250	-1891.941058	-1899.719465	-1893.483328	-1890.421139	-1894.824433	-1895.360875	-1895.852613	-70947.834366	-1897.528994	-1898.311305	-1896.813738	-1893.952715	-1896.679627	-1892.119872	-0.132000	0.960000	-0.154000	192.000000	0.000000	0.000000	0.000000	0.000000	0.000000	0.000000	0.000000	0.000000	0.000000	1741714488.563497	0.000000
158.000000	-99.912298	-1898.177194	-1891.896354	-1899.741816	-1893.349218	-1890.287029	-1894.533860	-1895.360875	-1895.919668	-70948.437863	-1897.461939	-1898.288953	-1896.746683	-1893.930363	-1896.679627	-1891.896354	-0.132000	0.960000	-0.154000	192.000000	0.000000	0.000000	0.000000	0.000000	0.000000	0.000000	0.000000	0.000000	0.000000	1741714488.563591	0.000000
160.000000	-99.979353	-1898.110139	-1892.030465	-1899.808872	-1893.393921	-1890.175270	-1894.533860	-1895.338523	-1896.076130	-70947.677904	-1897.461939	-1898.065436	-1896.813738	-1894.131529	-1896.433758	-1891.806947	-0.132000	0.960000	-0.154000	192.000000	0.000000	0.000000	0.000000	0.000000	0.000000	0.000000	0.000000	0.000000	0.000000	1741714488.563680	0.000000
162.000000	-99.957001	-1898.110139	-1891.829299	-1899.741816	-1893.170404	-1890.309380	-1894.645619	-1895.159709	-1895.852613	-70947.834366	-1897.417235	-1898.065436	-1896.746683	-1893.975066	-1896.612572	-1891.918706	-0.132000	0.960000	-0.154000	192.000000	0.000000	0.000000	0.000000	0.000000	0.000000	0.000000	0.000000	0.000000	0.000000	1741714488.563771	0.000000
164.000000	-99.957001	-1898.221898	-1892.008113	-1899.741816	-1893.326866	-1890.421139	-1894.712674	-1895.383226	-1896.031427	-70948.460215	-1897.350180	-1898.065436	-1896.724331	-1893.930363	-1896.724331	-1891.851651	-0.132000	0.958000	-0.152000	192.000000	125.500000	112.000000	14.500000	120.000000	125.500000	32.000000	0.000000	0.000000	0.000000	1741714488.563862	0.000000
166.000000	-99.957001	-1898.333657	-1892.142223	-1899.853575	-1893.505680	-1890.376436	-1894.869136	-1895.338523	-1895.919668	-70949.913079	-1897.461939	-1898.244250	-1896.769034	-1893.863308	-1896.478462	-1891.918706	-0.132000	0.958000	-0.152000	192.000000	0.000000	0.000000	0.000000	0.000000	0.000000	0.000000	0.000000	0.000000	0.000000	1741714488.613397	0.000000
168.000000	-100.001705	-1898.154843	-1891.963409	-1899.920630	-1893.528032	-1890.354084	-1894.735026	-1895.427930	-1895.919668	-70949.063712	-1897.372532	-1898.311305	-1896.724331	-1894.064473	-1896.500814	-1891.806947	-0.132000	0.958000	-0.152000	192.000000	0.000000	0.000000	0.000000	0.000000	0.000000	0.000000	0.000000	0.000000	0.000000	1741714488.613500	0.000000
170.000000	-99.979353	-1898.132491	-1891.695188	-1899.786520	-1893.237459	-1890.398787	-1894.489157	-1895.316171	-1895.874965	-70949.063712	-1897.305476	-1898.244250	-1896.858441	-1893.975066	-1896.701979	-1891.918706	-0.132000	0.958000	-0.152000	192.000000	0.000000	0.000000	0.000000	0.000000	0.000000	0.000000	0.000000	0.000000	0.000000	1741714488.613600	0.000000
172.000000	-99.912298	-1898.244250	-1891.963409	-1899.741816	-1893.125700	-1890.264677	-1894.466805	-1895.427930	-1895.830261	-70949.242526	-1897.171366	-1898.311305	-1896.903145	-1893.908011	-1896.634924	-1891.874002	-0.132000	0.958000	-0.152000	192.000000	0.000000	0.000000	0.000000	0.000000	0.000000	0.000000	0.000000	0.000000	0.000000	1741714488.613692	0.000000
174.000000	-99.934649	-1898.266601	-1891.829299	-1899.607706	-1893.259811	-1890.152918	-1894.667970	-1895.360875	-1895.718502	-70950.941259	-1897.484290	-1898.356008	-1896.903145	-1894.109177	-1896.545517	-1892.052816	-0.132000	0.960000	-0.152000	192.000000	125.500000	112.000000	15.000000	0.000000	125.500000	32.000000	0.000000	0.000000	0.000000	1741714488.613788	0.000000
176.000000	-100.024056	-1898.177194	-1892.075168	-1899.942982	-1893.349218	-1890.354084	-1894.600915	-1895.271468	-1896.187889	-70949.711913	-1897.506642	-1898.356008	-1896.880793	-1893.952715	-1896.433758	-1891.784595	-0.132000	0.960000	-0.152000	192.000000	0.000000	0.000000	0.000000	0.000000	0.000000	0.000000	0.000000	0.000000	0.000000	1741714488.613883	0.000000
178.000000	-99.979353	-1898.378360	-1892.142223	-1899.764168	-1893.326866	-1890.488194	-1894.802081	-1895.405578	-1896.053779	-70950.114244	-1897.551346	-1898.400712	-1897.104311	-1893.975066	-1896.277296	-1891.985761	-0.132000	0.960000	-0.152000	192.000000	0.000000	0.000000	0.000000	0.000000	0.000000	0.000000	0.000000	0.000000	0.000000	1741714488.613973	0.000000
180.000000	-100.001705	-1898.199546	-1892.052816	-1899.674761	-1893.148052	-1890.287029	-1894.667970	-1895.338523	-1895.763206	-70950.784797	-1897.573697	-1898.333657	-1896.992552	-1894.042122	-1896.701979	-1891.806947	-0.132000	0.960000	-0.152000	192.000000	0.000000	0.000000	0.000000	0.000000	0.000000	0.000000	0.000000	0.000000	0.000000	1741714488.614064	0.000000
182.000000	-99.979353	-1898.445415	-1891.896354	-1899.786520	-1893.304514	-1890.242325	-1894.712674	-1895.383226	-1895.986723	-70950.717741	-1897.305476	-1898.378360	-1896.880793	-1894.064473	-1896.903145	-1892.030465	-0.132000	0.960000	-0.152000	192.000000	0.000000	0.000000	0.000000	0.000000	0.000000	0.000000	0.000000	0.000000	0.000000	1741714488.697752	0.000000
184.000000	-99.957001	-1898.087787	-1891.963409	-1899.898279	-1893.237459	-1890.197622	-1894.623267	-1895.383226	-1895.830261	-70949.533099	-1897.506642	-1898.221898	-1896.970200	-1894.086825	-1896.701979	-1891.985761	-0.130000	0.964000	-0.152000	192.000000	125.500000	120.000000	15.000000	16.000000	125.500000	32.000000	0.000000	0.000000	0.000000	1741714488.697883	0.000000
186.000000	-100.001705	-1898.356008	-1891.874002	-1899.831223	-1893.215107	-1890.465843	-1894.623267	-1895.360875	-1896.053779	-70949.287230	-1897.260773	-1898.244250	-1896.858441	-1894.064473	-1896.500814	-1891.762244	-0.130000	0.964000	-0.152000	192.000000	0.000000	0.000000	0.000000	0.000000	0.000000	0.000000	0.000000	0.000000	0.000000	1741714488.697990	0.000000
188.000000	-99.979353	-1898.266601	-1891.941058	-1899.674761	-1893.326866	-1890.376436	-1894.600915	-1895.405578	-1895.785558	-70951.254183	-1897.283125	-1898.356008	-1896.746683	-1893.885659	-1896.657276	-1891.918706	-0.130000	0.964000	-0.152000	192.000000	0.000000	0.000000	0.000000	0.000000	0.000000	0.000000	0.000000	0.000000	0.000000	1741714488.698080	0.000000
190.000000	-99.979353	-1898.311305	-1892.075168	-1899.741816	-1893.259811	-1890.242325	-1894.600915	-1895.405578	-1895.740854	-70951.880032	-1897.238421	-1898.199546	-1896.791386	-1893.908011	-1896.545517	-1891.851651	-0.130000	0.964000	-0.152000	192.000000	0.000000	0.000000	0.000000	0.000000	0.000000	0.000000	0.000000	0.000000	0.000000	1741714488.698167	0.000000
192.000000	-100.024056	-1898.288953	-1892.186927	-1899.674761	-1893.215107	-1890.152918	-1894.578564	-1895.338523	-1895.897316	-70949.756616	-1897.372532	-1898.266601	-1896.724331	-1894.042122	-1896.590221	-1891.851651	-0.130000	0.964000	-0.152000	192.000000	0.000000	0.000000	0.000000	0.000000	0.000000	0.000000	0.000000	0.000000	0.000000	1741714488.698268	0.000000
194.000000	-100.001705	-1898.043084	-1892.030465	-1899.607706	-1893.371569	-1890.309380	-1894.533860	-1895.204412	-1895.852613	-70949.287230	-1897.528994	-1898.266601	-1896.746683	-1893.908011	-1896.701979	-1891.896354	-0.132000	0.960000	-0.150000	192.000000	125.500000	112.000000	15.000000	0.000000	125.500000	40.000000	0.000000	0.000000	0.000000	1741714488.698364	0.000000
196.000000	-99.934649	-1898.065436	-1891.851651	-1899.741816	-1893.304514	-1890.130566	-1894.690322	-1895.204412	-1895.919668	-70951.343590	-1897.350180	-1898.110139	-1896.858441	-1893.840956	-1896.657276	-1891.874002	-0.132000	0.960000	-0.150000	192.000000	0.000000	0.000000	0.000000	0.000000	0.000000	0.000000	0.000000	0.000000	0.000000	1741714488.698463	0.000000
198.000000	-99.957001	-1898.110139	-1891.896354	-1899.652410	-1893.371569	-1890.175270	-1894.578564	-1895.405578	-1896.098482	-70952.170605	-1897.707808	-1898.423064	-1896.903145	-1893.863308	-1896.612572	-1891.941058	-0.132000	0.960000	-0.150000	192.000000	0.000000	0.000000	0.000000	0.000000	0.000000	0.000000	0.000000	0.000000	0.000000	1741714488.757570	0.000000
200.000000	-100.001705	-1898.311305	-1892.253982	-1900.010037	-1893.460976	-1890.577601	-1894.779729	-1895.494985	-1895.874965	-70950.605983	-1897.305476	-1898.221898	-1896.791386	-1893.684494	-1896.634924	-1891.851651	-0.132000	0.960000	-0.150000	192.000000	0.000000	0.000000	0.000000	0.000000	0.000000	0.000000	0.000000	0.000000	0.000000	1741714488.757691	0.000000
202.000000	-99.979353	-1898.288953	-1892.321037	-1899.652410	-1893.639790	-1890.443491	-1894.578564	-1895.204412	-1895.897316	-70951.053018	-1897.149014	-1898.244250	-1896.769034	-1893.796252	-1896.612572	-1891.985761	-0.132000	0.960000	-0.150000	192.000000	0.000000	0.000000	0.000000	0.000000	0.000000	0.000000	0.000000	0.000000	0.000000	1741714488.757779	0.000000
204.000000	-100.024056	-1898.199546	-1892.097520	-1899.652410	-1893.237459	-1890.264677	-1894.623267	-1895.360875	-1895.986723	-70952.416474	-1897.238421	-1897.953677	-1896.724331	-1893.773901	-1896.478462	-1891.851651	-0.128000	0.958000	-0.152000	192.000000	126.000000	0.000000	14.500000	120.000000	125.500000	32.000000	0.000000	0.000000	0.000000	1741714488.757874	0.000000
206.000000	-100.046408	-1898.311305	-1892.030465	-1899.563003	-1893.304514	-1890.287029	-1894.511508	-1895.383226	-1895.964372	-70952.617640	-1897.417235	-1898.221898	-1896.992552	-1893.908011	-1896.567869	-1892.097520	-0.128000	0.958000	-0.152000	192.000000	0.000000	0.000000	0.000000	0.000000	0.000000	0.000000	0.000000	0.000000	0.000000	1741714488.757976	0.000000
208.000000	-99.957001	-1898.177194	-1892.008113	-1899.652410	-1893.192755	-1890.219973	-1894.466805	-1895.226764	-1896.120834	-70950.807148	-1897.484290	-1898.266601	-1897.059607	-1894.064473	-1896.590221	-1891.918706	-0.128000	0.958000	-0.152000	192.000000	0.000000	0.000000	0.000000	0.000000	0.000000	0.000000	0.000000	0.000000	0.000000	1741714488.758070	0.000000
210.000000	-100.001705	-1897.998380	-1892.075168	-1899.697113	-1893.237459	-1890.264677	-1894.600915	-1895.159709	-1895.897316	-70950.673038	-1897.551346	-1898.043084	-1897.081959	-1894.064473	-1896.813738	-1892.052816	-0.128000	0.958000	-0.152000	192.000000	0.000000	0.000000	0.000000	0.000000	0.000000	0.000000	0.000000	0.000000	0.000000	1741714488.758161	0.000000
212.000000	-100.001705	-1898.311305	-1891.784595	-1899.697113	-1893.259811	-1890.264677	-1894.712674	-1895.025598	-1896.322000	-70952.170605	-1897.551346	-1898.244250	-1897.193718	-1894.220936	-1896.567869	-1891.963409	-0.128000	0.958000	-0.152000	192.000000	0.000000	0.000000	0.000000	0.000000	0.000000	0.000000	0.000000	0.000000	0.000000	1741714488.807044	0.000000
214.000000	-100.001705	-1898.356008	-1891.918706	-1899.764168	-1893.304514	-1890.488194	-1894.913840	-1895.271468	-1895.897316	-70952.260012	-1897.439587	-1898.266601	-1896.903145	-1893.885659	-1896.657276	-1891.874002	-0.124000	0.964000	-0.154000	192.000000	126.000000	16.000000	15.000000	16.000000	125.500000	24.000000	0.000000	0.000000	0.000000	1741714488.807150	0.000000
216.000000	-99.957001	-1898.020732	-1892.209279	-1899.630058	-1893.282162	-1890.287029	-1894.578564	-1895.137357	-1895.874965	-70950.918907	-1897.193718	-1898.132491	-1896.925497	-1894.042122	-1896.523165	-1891.985761	-0.124000	0.964000	-0.154000	192.000000	0.000000	0.000000	0.000000	0.000000	0.000000	0.000000	0.000000	0.000000	0.000000	1741714488.807265	0.000000
218.000000	-99.957001	-1898.244250	-1892.052816	-1899.741816	-1893.282162	-1890.219973	-1894.556212	-1895.405578	-1895.964372	-70950.851852	-1897.394883	-1898.087787	-1896.947848	-1893.908011	-1896.634924	-1892.231630	-0.124000	0.964000	-0.154000	192.000000	0.000000	0.000000	0.000000	0.000000	0.000000	0.000000	0.000000	0.000000	0.000000	1741714488.807357	0.000000
220.000000	-99.957001	-1898.512471	-1891.829299	-1899.764168	-1893.550383	-1890.264677	-1894.779729	-1895.450282	-1895.830261	-70953.154081	-1897.372532	-1898.266601	-1896.657276	-1893.773901	-1896.500814	-1891.874002	-0.124000	0.964000	-0.154000	192.000000	0.000000	0.000000	0.000000	0.000000	0.000000	0.000000	0.000000	0.000000	0.000000	1741714488.807444	0.000000
222.000000	-99.957001	-1898.199546	-1892.030465	-1899.875927	-1893.237459	-1890.331732	-1894.846784	-1895.606744	-1895.785558	-70954.338724	-1897.260773	-1898.244250	-1896.634924	-1893.908011	-1896.523165	-1891.762244	-0.124000	0.964000	-0.154000	192.000000	0.000000	0.000000	0.000000	0.000000	0.000000	0.000000	0.000000	0.000000	0.000000	1741714488.807534	0.000000
224.000000	-99.957001	-1898.065436	-1891.963409	-1899.764168	-1893.528032	-1890.421139	-1894.690322	-1895.427930	-1896.098482	-70952.930564	-1897.260773	-1898.333657	-1896.836090	-1893.706845	-1896.590221	-1891.829299	-0.130000	0.964000	-0.154000	192.000000	125.500000	120.000000	15.000000	16.000000	125.500000	24.000000	0.000000	0.000000	0.000000	1741714488.807622	0.000000
226.000000	-99.934649	-1898.199546	-1891.806947	-1899.875927	-1893.416273	-1890.510546	-1894.846784	-1895.562040	-1895.830261	-70952.841157	-1897.350180	-1898.199546	-1896.858441	-1893.997418	-1896.701979	-1891.874002	-0.130000	0.964000	-0.154000	192.000000	0.000000	0.000000	0.000000	0.000000	0.000000	0.000000	0.000000	0.000000	0.000000	1741714488.807725	0.000000
228.000000	-99.979353	-1897.953677	-1891.762244	-1899.719465	-1893.550383	-1890.309380	-1894.489157	-1895.360875	-1895.629096	-70954.629297	-1897.372532	-1898.244250	-1897.037255	-1894.176232	-1896.500814	-1891.896354	-0.130000	0.964000	-0.154000	192.000000	0.000000	0.000000	0.000000	0.000000	0.000000	0.000000	0.000000	0.000000	0.000000	1741714488.861350	0.000000
230.000000	-99.979353	-1898.110139	-1892.119872	-1899.875927	-1893.304514	-1890.443491	-1894.600915	-1895.137357	-1895.673799	-70954.070503	-1897.014904	-1898.221898	-1896.791386	-1893.751549	-1896.389055	-1891.851651	-0.130000	0.964000	-0.154000	192.000000	0.000000	0.000000	0.000000	0.000000	0.000000	0.000000	0.000000	0.000000	0.000000	1741714488.861454	0.000000
232.000000	-100.001705	-1898.087787	-1891.985761	-1899.674761	-1893.192755	-1890.376436	-1894.600915	-1895.338523	-1895.718502	-70953.578765	-1897.149014	-1898.154843	-1896.724331	-1893.997418	-1896.567869	-1891.985761	-0.130000	0.964000	-0.154000	192.000000	0.000000	0.000000	0.000000	0.000000	0.000000	0.000000	0.000000	0.000000	0.000000	1741714488.861546	0.000000
234.000000	-99.957001	-1898.087787	-1892.052816	-1899.697113	-1893.215107	-1890.242325	-1894.355046	-1895.405578	-1896.076130	-70953.288192	-1897.283125	-1897.976029	-1896.769034	-1894.064473	-1896.567869	-1892.030465	-0.124000	0.960000	-0.152000	192.000000	126.000000	16.000000	15.000000	0.000000	125.500000	32.000000	0.000000	0.000000	0.000000	1741714488.861634	0.000000
236.000000	-99.957001	-1898.110139	-1892.142223	-1899.808872	-1893.438625	-1890.264677	-1894.735026	-1895.517337	-1896.053779	-70954.606945	-1897.216069	-1898.288953	-1897.014904	-1893.840956	-1896.746683	-1892.142223	-0.124000	0.960000	-0.152000	192.000000	0.000000	0.000000	0.000000	0.000000	0.000000	0.000000	0.000000	0.000000	0.000000	1741714488.861733	0.000000
238.000000	-100.001705	-1898.221898	-1891.896354	-1899.875927	-1893.304514	-1890.152918	-1894.489157	-1895.338523	-1895.696151	-70954.986925	-1897.171366	-1898.221898	-1896.791386	-1893.840956	-1896.657276	-1891.695188	-0.124000	0.960000	-0.152000	192.000000	0.000000	0.000000	0.000000	0.000000	0.000000	0.000000	0.000000	0.000000	0.000000	1741714488.861827	0.000000
240.000000	-99.957001	-1898.311305	-1891.941058	-1899.518299	-1893.215107	-1890.219973	-1894.489157	-1895.226764	-1895.852613	-70954.629297	-1897.439587	-1898.199546	-1896.880793	-1893.930363	-1896.590221	-1891.918706	-0.124000	0.960000	-0.152000	192.000000	0.000000	0.000000	0.000000	0.000000	0.000000	0.000000	0.000000	0.000000	0.000000	1741714488.861916	0.000000
242.000000	-100.024056	-1898.020732	-1892.119872	-1899.674761	-1893.326866	-1890.331732	-1894.489157	-1895.383226	-1895.986723	-70954.763407	-1897.327828	-1898.132491	-1896.836090	-1893.952715	-1896.679627	-1892.164575	-0.124000	0.960000	-0.152000	192.000000	0.000000	0.000000	0.000000	0.000000	0.000000	0.000000	0.000000	0.000000	0.000000	1741714488.890314	0.000000
244.000000	-100.001705	-1898.132491	-1891.650485	-1899.697113	-1893.393921	-1890.085863	-1894.600915	-1895.360875	-1896.232593	-70956.082160	-1897.305476	-1898.221898	-1896.769034	-1893.840956	-1896.590221	-1892.008113	-0.126000	0.962000	-0.156000	192.000000	126.000000	8.000000	15.000000	8.000000	125.500000	16.000000	0.000000	0.000000	0.000000	1741714488.890424	0.000000
246.000000	-100.001705	-1898.154843	-1891.918706	-1899.607706	-1893.438625	-1890.421139	-1894.533860	-1895.405578	-1895.696151	-70955.791587	-1897.596049	-1898.333657	-1896.813738	-1893.997418	-1896.724331	-1891.829299	-0.126000	0.962000	-0.156000	192.000000	0.000000	0.000000	0.000000	0.000000	0.000000	0.000000	0.000000	0.000000	0.000000	1741714488.890520	0.000000
248.000000	-100.024056	-1898.333657	-1892.008113	-1899.764168	-1892.969238	-1890.421139	-1894.667970	-1895.584392	-1895.785558	-70955.255145	-1897.394883	-1898.199546	-1896.970200	-1893.885659	-1896.523165	-1891.985761	-0.126000	0.962000	-0.156000	192.000000	0.000000	0.000000	0.000000	0.000000	0.000000	0.000000	0.000000	0.000000	0.000000	1741714488.956119	0.000000
250.000000	-100.001705	-1898.288953	-1891.896354	-1899.630058	-1893.326866	-1890.376436	-1894.600915	-1895.405578	-1896.009075	-70955.612773	-1897.283125	-1898.356008	-1896.992552	-1894.243287	-1896.545517	-1891.918706	-0.126000	0.962000	-0.156000	192.000000	0.000000	0.000000	0.000000	0.000000	0.000000	0.000000	0.000000	0.000000	0.000000	1741714488.956234	0.000000
252.000000	-22.016468	-30.845407	-25.682154	-32.655899	-27.023259	-23.715201	-28.386715	-29.034916	-1585.498641	-70956.462140	-1587.152670	-1588.002037	-1586.795042	-1583.889316	-1586.459766	-1582.011769	-0.126000	0.962000	-0.156000	192.000000	0.000000	0.000000	0.000000	0.000000	0.000000	0.000000	0.000000	0.000000	0.000000	1741714488.956327	0.000000
254.000000	56.013472	1843.102496	1847.684604	1841.068487	1845.963519	1849.919778	1844.108325	1844.644766	1533.799056	-70955.702180	1532.525007	1531.295661	1529.418114	1534.000222	1531.541530	1536.078934	-0.130000	0.964000	-0.158000	192.000000	125.500000	120.000000	15.000000	16.000000	125.500000	8.000000	0.000000	0.000000	0.000000	1741714488.956411	0.000000
0.000000	55.968768	1842.946034	1847.684604	1841.359060	1846.008223	1850.165647	1843.951862	1844.465952	1847.349327	-70954.964573	1846.187037	1844.935339	1842.566054	1847.394031	1844.823580	1849.808019	-0.130000	0.964000	-0.158000	192.000000	0.000000	0.000000	0.000000	0.000000	0.000000	0.000000	0.000000	0.000000	0.000000	1741714488.956509	0.000000
2.000000	55.901713	1842.856627	1847.751659	1841.090839	1845.963519	1850.143296	1844.175380	1844.465952	1847.215217	-70955.568070	1846.254092	1844.622415	1842.588406	1847.371679	1844.622415	1849.428040	-0.130000	0.964000	-0.158000	192.000000	0.000000	0.000000	0.000000	0.000000	0.000000	0.000000	0.000000	0.000000	0.000000	1741714488.956594	0.000000
4.000000	55.901713	1842.722516	1847.818714	1841.247301	1846.365851	1849.942130	1844.108325	1844.622415	1847.371679	-70956.328029	1846.298795	1845.002394	1842.364888	1847.394031	1844.711822	1849.450391	-0.130000	0.964000	-0.158000	192.000000	0.000000	0.000000	0.000000	0.000000	0.000000	0.000000	0.000000	0.000000	0.000000	1741714488.956685	0.000000
6.000000	55.924065	1842.789572	1847.706955	1841.180246	1845.918816	1850.053889	1844.108325	1844.555359	1847.192865	-70957.199747	1845.941168	1844.957691	1842.297833	1847.282272	1844.644766	1849.383336	-0.130000	0.964000	-0.158000	192.000000	0.000000	0.000000	0.000000	0.000000	0.000000	0.000000	0.000000	0.000000	0.000000	1741714489.011576	0.000000
8.000000	56.013472	1843.169551	1847.885769	1841.403763	1845.851761	1850.031537	1844.354194	1844.533008	1847.170514	-70955.836291	1846.119982	1844.868284	1842.253130	1847.416383	1844.711822	1849.137467	-0.136000	0.962000	-0.160000	192.000000	125.500000	96.000000	15.000000	8.000000	125.500000	0.000000	0.000000	0.000000	0.000000	1741714489.011706	0.000000
10.000000	55.924065	1842.990737	1847.729307	1840.979080	1845.740002	1849.897426	1844.130676	1844.465952	1847.103458	-70955.076332	1846.119982	1844.868284	1842.431944	1847.259921	1844.711822	1849.562150	-0.136000	0.962000	-0.160000	192.000000	0.000000	0.000000	0.000000	0.000000	0.000000	0.000000	0.000000	0.000000	0.000000	1741714489.011810	0.000000
12.000000	55.991120	1843.080144	1847.662252	1841.180246	1845.985871	1850.120944	1844.041269	1844.577711	1847.170514	-70956.573898	1846.119982	1845.002394	1842.476647	1847.505790	1844.912987	1849.651557	-0.136000	0.962000	-0.160000	192.000000	0.000000	0.000000	0.000000	0.000000	0.000000	0.000000	0.000000	0.000000	0.000000	1741714489.011897	0.000000
14.000000	55.924065	1843.147200	1847.841066	1841.113191	1846.075278	1850.255054	1844.085973	1844.398897	1847.349327	-70958.071465	1846.388202	1844.756525	1842.700165	1847.371679	1844.890636	1849.539798	-0.136000	0.962000	-0.160000	192.000000	0.000000	0.000000	0.000000	0.000000	0.000000	0.000000	0.000000	0.000000	0.000000	1741714489.011993	0.000000
16.000000	55.991120	1843.080144	1847.617548	1841.314356	1845.941168	1850.031537	1843.974214	1844.622415	1847.259921	-70956.953878	1846.388202	1844.801229	1842.409592	1847.528141	1844.734173	1849.740964	-0.136000	0.962000	-0.160000	192.000000	0.000000	0.000000	0.000000	0.000000	0.000000	0.000000	0.000000	0.000000	0.000000	1741714489.012087	0.000000
18.000000	55.901713	1842.901330	1847.729307	1841.001432	1845.985871	1850.053889	1844.063621	1844.644766	1847.148162	-70956.797416	1846.097630	1844.845932	1842.476647	1847.505790	1844.577711	1849.517447	-0.134000	0.970000	-0.154000	192.000000	125.500000	104.000000	15.000000	40.000000	125.500000	24.000000	0.000000	0.000000	0.000000	1741714489.012177	0.000000
20.000000	55.857009	1842.878979	1847.885769	1841.046136	1846.142333	1850.165647	1844.018918	1844.555359	1847.170514	-70958.294983	1845.941168	1844.711822	1842.230778	1847.528141	1844.577711	1849.495095	-0.134000	0.970000	-0.154000	192.000000	0.000000	0.000000	0.000000	0.000000	0.000000	0.000000	0.000000	0.000000	0.000000	1741714489.012281	0.000000
22.000000	55.946416	1842.946034	1847.975176	1841.068487	1845.941168	1850.031537	1844.130676	1844.510656	1847.148162	-70957.579727	1846.254092	1844.957691	1842.543702	1847.416383	1844.801229	1849.606854	-0.134000	0.970000	-0.154000	192.000000	0.000000	0.000000	0.000000	0.000000	0.000000	0.000000	0.000000	0.000000	0.000000	1741714489.045567	0.000000
24.000000	55.946416	1843.013089	1847.617548	1841.247301	1846.142333	1849.919778	1843.929511	1844.644766	1847.125810	-70956.305677	1846.164685	1844.912987	1842.498999	1847.371679	1844.868284	1849.472743	-0.134000	0.970000	-0.154000	192.000000	0.000000	0.000000	0.000000	0.000000	0.000000	0.000000	0.000000	0.000000	0.000000	1741714489.045747	0.000000
26.000000	55.968768	1843.035441	1847.796362	1840.956729	1846.164685	1849.897426	1844.287138	1844.689470	1847.416383	-70957.333858	1846.187037	1844.957691	1842.409592	1847.483438	1844.711822	1849.584502	-0.134000	0.970000	-0.154000	192.000000	0.000000	0.000000	0.000000	0.000000	0.000000	0.000000	0.000000	0.000000	0.000000	1741714489.045836	0.000000
28.000000	55.946416	1842.990737	1847.729307	1841.090839	1846.052926	1850.009185	1844.108325	1844.510656	1847.192865	-70958.116169	1846.142333	1844.935339	1842.253130	1847.304624	1844.622415	1849.584502	-0.130000	0.966000	-0.150000	192.000000	125.500000	120.000000	15.000000	24.000000	125.500000	40.000000	0.000000	0.000000	0.000000	1741714489.103680	0.000000
30.000000	55.946416	1843.013089	1847.662252	1841.292005	1846.075278	1850.053889	1844.175380	1844.823580	1847.215217	-70958.652611	1846.119982	1845.248264	1842.700165	1847.237569	1844.555359	1849.405688	-0.130000	0.966000	-0.150000	192.000000	0.000000	0.000000	0.000000	0.000000	0.000000	0.000000	0.000000	0.000000	0.000000	1741714489.103917	0.000000
32.000000	55.901713	1842.990737	1847.639900	1841.336708	1846.254092	1850.277406	1844.309490	1844.801229	1847.304624	-70957.758541	1846.321147	1845.114153	1842.521351	1847.394031	1844.533008	1849.405688	-0.130000	0.966000	-0.150000	192.000000	0.000000	0.000000	0.000000	0.000000	0.000000	0.000000	0.000000	0.000000	0.000000	1741714489.104007	0.000000
34.000000	55.946416	1842.856627	1847.751659	1841.113191	1845.963519	1850.098592	1844.220083	1844.510656	1847.215217	-70957.333858	1846.097630	1844.890636	1842.566054	1847.125810	1844.778877	1849.428040	-0.130000	0.966000	-0.150000	192.000000	0.000000	0.000000	0.000000	0.000000	0.000000	0.000000	0.000000	0.000000	0.000000	1741714489.104101	0.000000
36.000000	55.946416	1843.169551	1847.796362	1841.180246	1845.985871	1850.076240	1844.175380	1844.421249	1847.103458	-70959.479625	1846.142333	1844.778877	1842.610758	1847.304624	1844.644766	1849.450391	-0.130000	0.966000	-0.150000	192.000000	0.000000	0.000000	0.000000	0.000000	0.000000	0.000000	0.000000	0.000000	0.000000	1741714489.104189	0.000000
38.000000	55.968768	1842.990737	1847.639900	1841.224950	1846.008223	1850.076240	1844.287138	1844.734173	1847.282272	-70958.987887	1846.142333	1844.912987	1842.498999	1847.304624	1844.711822	1849.562150	-0.132000	0.968000	-0.156000	192.000000	125.500000	112.000000	15.000000	32.000000	125.500000	16.000000	0.000000	0.000000	0.000000	1741714489.104286	0.000000
40.000000	55.857009	1843.080144	1847.662252	1841.202598	1845.985871	1850.031537	1844.063621	1844.533008	1846.902293	-70958.317334	1846.209389	1844.801229	1842.320185	1847.259921	1844.443601	1849.271578	-0.132000	0.968000	-0.156000	192.000000	0.000000	0.000000	0.000000	0.000000	0.000000	0.000000	0.000000	0.000000	0.000000	1741714489.104384	0.000000
42.000000	55.968768	1843.147200	1847.706955	1841.001432	1846.030575	1850.165647	1844.108325	1844.689470	1847.192865	-70958.876128	1846.142333	1844.890636	1842.588406	1847.595197	1844.711822	1849.450391	-0.132000	0.968000	-0.156000	192.000000	0.000000	0.000000	0.000000	0.000000	0.000000	0.000000	0.000000	0.000000	0.000000	1741714489.104475	0.000000
44.000000	55.924065	1843.281310	1847.908121	1840.934377	1845.963519	1850.053889	1844.376545	1844.398897	1847.148162	-70959.680791	1846.388202	1845.024746	1842.521351	1847.662252	1844.667118	1849.539798	-0.132000	0.968000	-0.156000	192.000000	0.000000	0.000000	0.000000	0.000000	0.000000	0.000000	0.000000	0.000000	0.000000	1741714489.164662	0.000000
46.000000	55.968768	1843.057793	1848.064583	1841.113191	1846.075278	1850.076240	1844.242435	1844.510656	1847.237569	-70960.172529	1846.097630	1845.047098	1842.320185	1847.528141	1844.689470	1849.539798	-0.132000	0.968000	-0.156000	192.000000	0.000000	0.000000	0.000000	0.000000	0.000000	0.000000	0.000000	0.000000	0.000000	1741714489.164773	0.000000
48.000000	55.991120	1843.080144	1847.818714	1841.180246	1845.963519	1850.143296	1844.018918	1844.510656	1847.326976	-70958.518500	1846.075278	1844.890636	1842.521351	1847.505790	1844.935339	1849.830371	-0.136000	0.964000	-0.156000	192.000000	125.500000	96.000000	15.000000	16.000000	125.500000	16.000000	0.000000	0.000000	0.000000	1741714489.164865	0.000000
50.000000	55.968768	1842.923682	1847.706955	1841.202598	1845.941168	1849.964482	1844.175380	1844.778877	1847.371679	-70958.093817	1846.254092	1845.091801	1842.454295	1847.326976	1844.622415	1849.584502	-0.136000	0.964000	-0.156000	192.000000	0.000000	0.000000	0.000000	0.000000	0.000000	0.000000	0.000000	0.000000	0.000000	1741714489.164971	0.000000
52.000000	55.968768	1843.124848	1847.751659	1841.292005	1846.119982	1850.009185	1844.041269	1844.868284	1847.326976	-70959.412570	1846.097630	1844.823580	1842.566054	1847.371679	1844.644766	1849.718612	-0.136000	0.964000	-0.156000	192.000000	0.000000	0.000000	0.000000	0.000000	0.000000	0.000000	0.000000	0.000000	0.000000	1741714489.165061	0.000000
54.000000	55.946416	1842.811923	1847.662252	1841.113191	1846.097630	1849.964482	1844.153028	1844.533008	1847.282272	-70959.613736	1846.008223	1844.778877	1842.498999	1847.438734	1844.801229	1849.539798	-0.136000	0.964000	-0.156000	192.000000	0.000000	0.000000	0.000000	0.000000	0.000000	0.000000	0.000000	0.000000	0.000000	1741714489.165152	0.000000
56.000000	55.946416	1842.968386	1847.751659	1841.292005	1846.142333	1850.009185	1844.264787	1844.488304	1847.103458	-70959.300811	1845.918816	1845.091801	1842.498999	1847.505790	1844.667118	1849.204522	-0.136000	0.964000	-0.156000	192.000000	0.000000	0.000000	0.000000	0.000000	0.000000	0.000000	0.000000	0.000000	0.000000	1741714489.165243	0.000000
58.000000	55.924065	1843.013089	1847.706955	1841.180246	1846.052926	1850.009185	1844.018918	1844.555359	1847.237569	-70958.362038	1846.231740	1845.047098	1842.476647	1847.461086	1844.465952	1849.383336	-0.134000	0.966000	-0.154000	192.000000	125.500000	104.000000	15.000000	24.000000	125.500000	24.000000	0.000000	0.000000	0.000000	1741714489.217938	0.000000
60.000000	55.946416	1843.035441	1847.885769	1841.090839	1846.187037	1850.366813	1844.063621	1844.488304	1847.371679	-70959.390218	1846.254092	1844.868284	1842.610758	1847.416383	1844.734173	1849.562150	-0.134000	0.966000	-0.154000	192.000000	0.000000	0.000000	0.000000	0.000000	0.000000	0.000000	0.000000	0.000000	0.000000	1741714489.218051	0.000000
62.000000	55.946416	1842.878979	1847.617548	1841.247301	1846.008223	1850.366813	1844.041269	1844.801229	1847.461086	-70960.954840	1846.075278	1845.002394	1842.543702	1847.528141	1844.957691	1849.696261	-0.134000	0.966000	-0.154000	192.000000	0.000000	0.000000	0.000000	0.000000	0.000000	0.000000	0.000000	0.000000	0.000000	1741714489.218147	0.000000
64.000000	55.901713	1842.968386	1847.796362	1841.157894	1846.075278	1850.433868	1844.153028	1844.622415	1846.991700	-70958.451445	1845.874112	1844.935339	1842.700165	1847.259921	1844.756525	1849.360984	-0.134000	0.966000	-0.154000	192.000000	0.000000	0.000000	0.000000	0.000000	0.000000	0.000000	0.000000	0.000000	0.000000	1741714489.218247	0.000000
66.000000	55.924065	1843.147200	1847.796362	1841.448467	1846.254092	1850.456220	1844.354194	1844.577711	1847.170514	-70958.630259	1846.119982	1844.957691	1842.387240	1847.416383	1844.689470	1849.718612	-0.134000	0.966000	-0.154000	192.000000	0.000000	0.000000	0.000000	0.000000	0.000000	0.000000	0.000000	0.000000	0.000000	1741714489.218342	0.000000
68.000000	55.991120	1843.191903	1847.774011	1841.224950	1845.941168	1850.120944	1844.220083	1844.443601	1847.058755	-70962.005372	1846.097630	1845.203560	1842.320185	1847.461086	1844.667118	1849.405688	-0.130000	0.964000	-0.156000	192.000000	125.500000	120.000000	15.000000	16.000000	125.500000	16.000000	0.000000	0.000000	0.000000	1741714489.218434	0.000000
70.000000	55.901713	1843.191903	1847.706955	1841.247301	1846.008223	1850.053889	1844.130676	1844.711822	1847.237569	-70961.670096	1846.097630	1844.957691	1842.454295	1847.394031	1844.823580	1849.651557	-0.130000	0.964000	-0.156000	192.000000	0.000000	0.000000	0.000000	0.000000	0.000000	0.000000	0.000000	0.000000	0.000000	1741714489.218532	0.000000
72.000000	55.946416	1843.080144	1847.528141	1841.224950	1846.075278	1849.964482	1843.974214	1844.644766	1847.081107	-70960.686619	1846.008223	1844.980043	1842.588406	1847.438734	1844.600063	1849.338633	-0.130000	0.964000	-0.156000	192.000000	0.000000	0.000000	0.000000	0.000000	0.000000	0.000000	0.000000	0.000000	0.000000	1741714489.218617	0.000000
74.000000	55.946416	1842.968386	1847.774011	1841.046136	1846.030575	1849.986833	1844.108325	1844.644766	1847.371679	-70959.949012	1846.075278	1844.980043	1842.655461	1847.617548	1844.756525	1849.696261	-0.130000	0.964000	-0.156000	192.000000	0.000000	0.000000	0.000000	0.000000	0.000000	0.000000	0.000000	0.000000	0.000000	1741714489.275802	0.000000
76.000000	55.968768	1843.102496	1847.751659	1841.068487	1846.008223	1850.187999	1844.153028	1844.488304	1847.371679	-70960.530157	1846.008223	1845.136505	1842.387240	1847.326976	1844.778877	1849.629205	-0.130000	0.964000	-0.156000	192.000000	0.000000	0.000000	0.000000	0.000000	0.000000	0.000000	0.000000	0.000000	0.000000	1741714489.275970	0.000000
78.000000	56.013472	1842.878979	1847.751659	1840.934377	1845.941168	1850.076240	1844.287138	1844.667118	1847.259921	-70960.999544	1845.896464	1844.935339	1842.253130	1847.326976	1844.778877	1849.696261	-0.124000	0.966000	-0.152000	192.000000	126.000000	16.000000	15.000000	24.000000	125.500000	32.000000	0.000000	0.000000	0.000000	1741714489.276058	0.000000
80.000000	55.946416	1843.080144	1847.751659	1841.135543	1846.276444	1850.120944	1844.175380	1844.555359	1847.215217	-70959.569032	1846.365851	1844.823580	1842.588406	1847.349327	1844.868284	1849.450391	-0.124000	0.966000	-0.152000	192.000000	0.000000	0.000000	0.000000	0.000000	0.000000	0.000000	0.000000	0.000000	0.000000	1741714489.276156	0.000000
82.000000	55.946416	1843.102496	1847.528141	1841.224950	1846.008223	1850.009185	1844.108325	1844.667118	1847.170514	-70960.217233	1846.209389	1845.091801	1842.633109	1847.438734	1844.734173	1849.696261	-0.124000	0.966000	-0.152000	192.000000	0.000000	0.000000	0.000000	0.000000	0.000000	0.000000	0.000000	0.000000	0.000000	1741714489.276250	0.000000
84.000000	55.991120	1843.258958	1847.639900	1841.336708	1846.209389	1849.986833	1844.153028	1844.667118	1847.259921	-70960.887785	1845.851761	1844.734173	1842.521351	1847.416383	1844.533008	1849.360984	-0.124000	0.966000	-0.152000	192.000000	0.000000	0.000000	0.000000	0.000000	0.000000	0.000000	0.000000	0.000000	0.000000	1741714489.276348	0.000000
86.000000	55.924065	1843.102496	1847.595197	1841.135543	1846.142333	1850.255054	1844.130676	1844.510656	1847.505790	-70961.692448	1846.142333	1844.823580	1842.588406	1847.505790	1844.622415	1849.763316	-0.124000	0.966000	-0.152000	192.000000	0.000000	0.000000	0.000000	0.000000	0.000000	0.000000	0.000000	0.000000	0.000000	1741714489.276440	0.000000
88.000000	55.946416	1842.990737	1847.908121	1841.224950	1846.119982	1850.277406	1844.063621	1844.577711	1847.349327	-70961.357172	1846.209389	1844.890636	1842.633109	1847.416383	1844.577711	1849.718612	-0.128000	0.962000	-0.150000	192.000000	126.000000	0.000000	15.000000	8.000000	125.500000	40.000000	0.000000	0.000000	0.000000	1741714489.303929	0.000000
90.000000	55.946416	1843.326013	1847.997528	1841.470819	1846.142333	1850.187999	1844.175380	1844.689470	1847.125810	-70961.200709	1846.119982	1844.644766	1842.364888	1847.394031	1844.443601	1849.316281	-0.128000	0.962000	-0.150000	192.000000	0.000000	0.000000	0.000000	0.000000	0.000000	0.000000	0.000000	0.000000	0.000000	1741714489.304034	0.000000
92.000000	55.946416	1843.124848	1847.706955	1841.292005	1846.075278	1850.098592	1844.220083	1844.667118	1847.304624	-70962.631221	1846.298795	1844.890636	1842.342537	1847.416383	1844.778877	1849.517447	-0.128000	0.962000	-0.150000	192.000000	0.000000	0.000000	0.000000	0.000000	0.000000	0.000000	0.000000	0.000000	0.000000	1741714489.304160	0.000000
94.000000	55.968768	1842.878979	1847.639900	1841.113191	1846.097630	1850.053889	1843.817752	1844.510656	1847.282272	-70962.877090	1846.119982	1845.024746	1842.566054	1847.349327	1844.711822	1849.450391	-0.128000	0.962000	-0.150000	192.000000	0.000000	0.000000	0.000000	0.000000	0.000000	0.000000	0.000000	0.000000	0.000000	1741714489.356826	0.000000
96.000000	55.924065	1843.035441	1847.729307	1841.068487	1845.874112	1850.255054	1844.309490	1844.667118	1847.103458	-70961.670096	1846.365851	1844.868284	1842.498999	1847.572845	1844.644766	1849.785668	-0.128000	0.962000	-0.150000	192.000000	0.000000	0.000000	0.000000	0.000000	0.000000	0.000000	0.000000	0.000000	0.000000	1741714489.356968	0.000000
98.000000	55.968768	1842.811923	1847.483438	1841.068487	1845.896464	1850.210351	1844.287138	1844.510656	1847.394031	-70961.692448	1846.209389	1845.047098	1842.364888	1847.438734	1844.711822	1849.539798	-0.126000	0.958000	-0.148000	192.000000	126.000000	8.000000	14.500000	120.000000	125.500000	48.000000	0.000000	0.000000	0.000000	1741714489.357076	0.000000
100.000000	55.946416	1842.878979	1847.774011	1841.001432	1845.896464	1850.076240	1844.264787	1844.823580	1847.192865	-70962.564166	1846.097630	1844.890636	1842.566054	1847.550493	1844.890636	1849.651557	-0.126000	0.958000	-0.148000	192.000000	0.000000	0.000000	0.000000	0.000000	0.000000	0.000000	0.000000	0.000000	0.000000	1741714489.357176	0.000000
102.000000	56.013472	1843.013089	1847.751659	1841.001432	1846.008223	1850.232703	1844.130676	1844.555359	1847.595197	-70962.854739	1846.209389	1844.957691	1842.700165	1847.505790	1844.734173	1849.942130	-0.126000	0.958000	-0.148000	192.000000	0.000000	0.000000	0.000000	0.000000	0.000000	0.000000	0.000000	0.000000	0.000000	1741714489.357265	0.000000
104.000000	55.924065	1843.191903	1847.796362	1841.135543	1846.142333	1850.210351	1844.242435	1844.622415	1847.304624	-70961.848910	1846.298795	1844.890636	1842.521351	1847.483438	1844.644766	1849.606854	-0.126000	0.958000	-0.148000	192.000000	0.000000	0.000000	0.000000	0.000000	0.000000	0.000000	0.000000	0.000000	0.000000	1741714489.357358	0.000000
106.000000	55.991120	1843.080144	1847.729307	1841.269653	1846.276444	1850.366813	1844.041269	1844.577711	1847.326976	-70961.848910	1846.164685	1845.136505	1842.498999	1847.438734	1844.689470	1849.696261	-0.126000	0.958000	-0.148000	192.000000	0.000000	0.000000	0.000000	0.000000	0.000000	0.000000	0.000000	0.000000	0.000000	1741714489.357445	0.000000
108.000000	55.968768	1843.035441	1847.662252	1841.627281	1846.097630	1850.143296	1844.130676	1844.756525	1847.259921	-70963.234718	1845.963519	1845.024746	1842.543702	1847.572845	1844.555359	1849.495095	-0.130000	0.964000	-0.150000	192.000000	125.500000	120.000000	15.000000	16.000000	125.500000	40.000000	0.000000	0.000000	0.000000	1741714489.378038	0.000000
110.000000	56.013472	1843.147200	1847.863418	1841.292005	1846.164685	1849.964482	1844.063621	1844.711822	1847.237569	-70962.474759	1845.918816	1844.980043	1842.566054	1847.595197	1844.689470	1849.495095	-0.130000	0.964000	-0.150000	192.000000	0.000000	0.000000	0.000000	0.000000	0.000000	0.000000	0.000000	0.000000	0.000000	1741714489.378147	0.000000
112.000000	56.058175	1843.258958	1847.774011	1841.157894	1846.164685	1850.098592	1843.862455	1844.756525	1847.438734	-70960.999544	1846.187037	1845.203560	1842.409592	1847.371679	1844.801229	1849.584502	-0.130000	0.964000	-0.150000	192.000000	0.000000	0.000000	0.000000	0.000000	0.000000	0.000000	0.000000	0.000000	0.000000	1741714489.430111	0.000000
114.000000	55.901713	1842.968386	1847.751659	1841.224950	1846.209389	1850.143296	1844.197732	1844.801229	1847.215217	-70961.491282	1846.075278	1844.980043	1842.454295	1847.416383	1844.577711	1849.450391	-0.130000	0.964000	-0.150000	192.000000	0.000000	0.000000	0.000000	0.000000	0.000000	0.000000	0.000000	0.000000	0.000000	1741714489.430214	0.000000
116.000000	55.946416	1843.057793	1847.595197	1841.068487	1845.762354	1850.143296	1844.063621	1844.577711	1847.192865	-70962.966497	1846.052926	1844.689470	1842.476647	1847.483438	1844.667118	1849.472743	-0.131000	0.968000	-0.149000	192.000000	125.500000	112.000000	15.000000	48.000000	125.500000	48.000000	0.000000	0.000000	0.000000	1741714489.430302	0.000000
118.000000	55.968768	1842.968386	1847.684604	1841.180246	1845.874112	1849.964482	1844.085973	1844.689470	1847.326976	-70963.234718	1846.209389	1844.935339	1842.566054	1847.394031	1844.734173	1849.495095	-0.131000	0.968000	-0.149000	192.000000	0.000000	0.000000	0.000000	0.000000	0.000000	0.000000	0.000000	0.000000	0.000000	1741714489.430455	0.000000
120.000000	55.901713	1843.013089	1847.639900	1841.202598	1846.052926	1850.187999	1844.264787	1844.689470	1847.081107	-70963.078256	1846.187037	1844.689470	1842.610758	1847.371679	1844.667118	1849.629205	-0.131000	0.968000	-0.149000	192.000000	0.000000	0.000000	0.000000	0.000000	0.000000	0.000000	0.000000	0.000000	0.000000	1741714489.488420	0.000000
122.000000	55.991120	1842.946034	1847.751659	1841.180246	1846.075278	1850.255054	1844.175380	1844.778877	1847.237569	-70963.949974	1845.896464	1845.158857	1842.521351	1847.595197	1844.801229	1849.450391	-0.131000	0.968000	-0.149000	192.000000	0.000000	0.000000	0.000000	0.000000	0.000000	0.000000	0.000000	0.000000	0.000000	1741714489.488596	0.000000
124.000000	-21.994117	-24.475160	-18.954279	-26.017431	-20.451846	-16.674401	-22.195282	-22.195282	1536.816542	-70963.391180	1535.877769	1534.871940	1532.480303	1537.263577	1534.514312	1539.610510	-0.131000	0.968000	-0.149000	192.000000	0.000000	0.000000	0.000000	0.000000	0.000000	0.000000	0.000000	0.000000	0.000000	1741714489.488692	0.000000
126.000000	-99.934649	-1898.356008	-1891.985761	-1899.786520	-1893.237459	-1890.287029	-1894.556212	-1895.338523	-1582.302342	-70964.486416	-1583.576391	-1584.626923	-1583.621095	-1580.447147	-1583.263467	-1578.413138	-0.133500	0.971000	-0.151500	192.000000	125.500000	96.000000	15.000000	56.000000	125.500000	24.000000	0.000000	0.000000	0.000000	1741714489.488776	0.000000
128.000000	-99.934649	-1898.423064	-1892.008113	-1899.674761	-1893.416273	-1890.219973	-1894.511508	-1895.405578	-1895.740854	-70964.084085	-1897.216069	-1898.288953	-1896.836090	-1893.863308	-1896.478462	-1891.851651	-0.133500	0.971000	-0.151500	192.000000	0.000000	0.000000	0.000000	0.000000	0.000000	0.000000	0.000000	0.000000	0.000000	1741714489.488874	0.000000
130.000000	-99.957001	-1898.378360	-1892.008113	-1899.786520	-1893.528032	-1890.398787	-1894.556212	-1895.450282	-1895.785558	-70963.838215	-1897.484290	-1898.132491	-1897.059607	-1893.997418	-1896.634924	-1891.918706	-0.133500	0.971000	-0.151500	192.000000	0.000000	0.000000	0.000000	0.000000	0.000000	0.000000	0.000000	0.000000	0.000000	1741714489.488971	0.000000
132.000000	-100.024056	-1898.266601	-1891.963409	-1899.384189	-1893.282162	-1890.376436	-1894.511508	-1895.316171	-1895.696151	-70963.324125	-1897.573697	-1898.244250	-1896.903145	-1893.975066	-1896.634924	-1891.829299	-0.133500	0.971000	-0.151500	192.000000	0.000000	0.000000	0.000000	0.000000	0.000000	0.000000	0.000000	0.000000	0.000000	1741714489.489061	0.000000
134.000000	-99.979353	-1898.423064	-1892.030465	-1899.741816	-1893.393921	-1890.108215	-1894.533860	-1895.316171	-1895.919668	-70964.665230	-1897.417235	-1898.110139	-1896.836090	-1894.064473	-1896.523165	-1891.717540	-0.133500	0.971000	-0.151500	192.000000	0.000000	0.000000	0.000000	0.000000	0.000000	0.000000	0.000000	0.000000	0.000000	1741714489.535316	0.000000
136.000000	-99.934649	-1898.177194	-1892.008113	-1899.719465	-1893.393921	-1890.108215	-1894.802081	-1895.271468	-1895.986723	-70964.709933	-1897.193718	-1898.110139	-1896.880793	-1894.109177	-1896.590221	-1891.851651	-0.132750	0.965500	-0.150750	192.000000	125.500000	112.000000	15.000000	0.000000	125.500000	40.000000	0.000000	0.000000	0.000000	1741714489.535476	0.000000
138.000000	-99.912298	-1898.020732	-1891.829299	-1899.473596	-1893.326866	-1890.085863	-1894.533860	-1895.405578	-1895.629096	-70964.352305	-1897.260773	-1898.065436	-1896.858441	-1893.908011	-1896.701979	-1891.918706	-0.132750	0.965500	-0.150750	192.000000	0.000000	0.000000	0.000000	0.000000	0.000000	0.000000	0.000000	0.000000	0.000000	1741714489.535573	0.000000
140.000000	-100.024056	-1898.221898	-1891.874002	-1899.741816	-1893.349218	-1890.264677	-1894.422101	-1895.472633	-1895.874965	-70966.073390	-1897.484290	-1898.177194	-1896.925497	-1893.997418	-1896.389055	-1891.739892	-0.132750	0.965500	-0.150750	192.000000	0.000000	0.000000	0.000000	0.000000	0.000000	0.000000	0.000000	0.000000	0.000000	1741714489.535662	0.000000
142.000000	-99.979353	-1897.998380	-1891.806947	-1899.518299	-1893.170404	-1890.130566	-1894.377398	-1895.182061	-1895.740854	-70966.028686	-1897.260773	-1898.266601	-1896.836090	-1893.751549	-1896.634924	-1891.874002	-0.132750	0.965500	-0.150750	192.000000	0.000000	0.000000	0.000000	0.000000	0.000000	0.000000	0.000000	0.000000	0.000000	1741714489.535755	0.000000
144.000000	-100.001705	-1897.998380	-1891.941058	-1899.630058	-1893.259811	-1890.041159	-1894.355046	-1895.137357	-1895.763206	-70964.508768	-1897.439587	-1898.043084	-1897.014904	-1893.930363	-1896.500814	-1892.052816	-0.132750	0.965500	-0.150750	192.000000	0.000000	0.000000	0.000000	0.000000	0.000000	0.000000	0.000000	0.000000	0.000000	1741714489.535847	0.000000
146.000000	-99.979353	-1898.087787	-1891.896354	-1899.652410	-1893.349218	-1890.175270	-1894.712674	-1895.472633	-1895.919668	-70965.402837	-1897.484290	-1898.423064	-1896.858441	-1893.818604	-1896.724331	-1891.851651	-0.131375	0.961750	-0.147375	192.000000	125.500000	120.000000	14.500000	120.000000	125.500000	64.000000	0.000000	0.000000	0.000000	1741714489.591270	0.000000
148.000000	-100.024056	-1898.244250	-1891.806947	-1899.540651	-1893.148052	-1890.421139	-1894.667970	-1895.427930	-1895.986723	-70965.224023	-1897.506642	-1898.311305	-1896.679627	-1894.086825	-1896.746683	-1891.941058	-0.131375	0.961750	-0.147375	192.000000	0.000000	0.000000	0.000000	0.000000	0.000000	0.000000	0.000000	0.000000	0.000000	1741714489.591374	0.000000
150.000000	-100.001705	-1898.177194	-1891.762244	-1899.719465	-1893.282162	-1890.309380	-1894.600915	-1895.338523	-1895.785558	-70966.229852	-1897.461939	-1898.043084	-1896.657276	-1893.952715	-1896.277296	-1891.762244	-0.131375	0.961750	-0.147375	192.000000	0.000000	0.000000	0.000000	0.000000	0.000000	0.000000	0.000000	0.000000	0.000000	1741714489.591470	0.000000
152.000000	-100.001705	-1898.221898	-1892.030465	-1899.786520	-1893.148052	-1890.465843	-1894.578564	-1895.360875	-1895.942020	-70965.201672	-1897.506642	-1898.333657	-1896.813738	-1893.997418	-1896.523165	-1891.941058	-0.131375	0.961750	-0.147375	192.000000	0.000000	0.000000	0.000000	0.000000	0.000000	0.000000	0.000000	0.000000	0.000000	1741714489.591562	0.000000
154.000000	-100.001705	-1898.333657	-1892.186927	-1899.898279	-1893.572735	-1890.331732	-1894.779729	-1895.204412	-1895.852613	-70965.335782	-1897.260773	-1898.288953	-1896.746683	-1893.684494	-1896.612572	-1892.097520	-0.131375	0.961750	-0.147375	192.000000	0.000000	0.000000	0.000000	0.000000	0.000000	0.000000	0.000000	0.000000	0.000000	1741714489.591658	0.000000
156.000000	-99.979353	-1898.199546	-1892.186927	-1899.831223	-1893.460976	-1890.287029	-1894.779729	-1895.494985	-1896.165537	-70966.453369	-1897.596049	-1898.177194	-1896.925497	-1894.176232	-1896.679627	-1891.896354	-0.130688	0.961875	-0.150688	192.000000	125.500000	120.000000	15.000000	8.000000	125.500000	24.000000	0.000000	0.000000	0.000000	1741714489.591752	0.000000
158.000000	-99.979353	-1898.378360	-1892.008113	-1899.898279	-1893.349218	-1890.398787	-1894.824433	-1895.494985	-1895.874965	-70966.833349	-1897.461939	-1898.132491	-1896.858441	-1894.086825	-1896.411407	-1891.874002	-0.130688	0.961875	-0.150688	192.000000	0.000000	0.000000	0.000000	0.000000	0.000000	0.000000	0.000000	0.000000	0.000000	1741714489.591847	0.000000
160.000000	-99.979353	-1898.288953	-1892.052816	-1899.652410	-1893.103348	-1890.398787	-1894.824433	-1895.249116	-1896.031427	-70965.045210	-1897.372532	-1898.311305	-1897.059607	-1893.863308	-1896.523165	-1891.918706	-0.130688	0.961875	-0.150688	192.000000	0.000000	0.000000	0.000000	0.000000	0.000000	0.000000	0.000000	0.000000	0.000000	1741714489.648404	0.000000
162.000000	-99.957001	-1898.199546	-1892.142223	-1899.831223	-1893.326866	-1890.219973	-1894.645619	-1895.494985	-1896.076130	-70965.134617	-1897.484290	-1898.311305	-1896.903145	-1893.952715	-1896.433758	-1891.985761	-0.130688	0.961875	-0.150688	192.000000	0.000000	0.000000	0.000000	0.000000	0.000000	0.000000	0.000000	0.000000	0.000000	1741714489.648504	0.000000
164.000000	-99.934649	-1898.244250	-1891.941058	-1899.786520	-1893.326866	-1890.041159	-1894.533860	-1895.472633	-1895.852613	-70965.872224	-1897.216069	-1898.043084	-1896.880793	-1893.595087	-1896.545517	-1891.806947	-0.130688	0.961875	-0.150688	192.000000	0.000000	0.000000	0.000000	0.000000	0.000000	0.000000	0.000000	0.000000	0.000000	1741714489.648590	0.000000
166.000000	-99.934649	-1898.378360	-1891.941058	-1899.585354	-1893.125700	-1889.996456	-1894.645619	-1895.405578	-1895.942020	-70965.827521	-1897.372532	-1898.288953	-1897.126662	-1893.863308	-1896.634924	-1892.164575	-0.129344	0.961938	-0.154344	192.000000	126.000000	0.000000	15.000000	8.000000	125.500000	8.000000	0.000000	0.000000	0.000000	1741714489.648690	0.000000
168.000000	-100.001705	-1898.221898	-1892.008113	-1899.875927	-1893.528032	-1890.376436	-1894.802081	-1895.562040	-1896.053779	-70965.760465	-1897.283125	-1898.266601	-1896.903145	-1893.930363	-1896.433758	-1892.052816	-0.129344	0.961938	-0.154344	192.000000	0.000000	0.000000	0.000000	0.000000	0.000000	0.000000	0.000000	0.000000	0.000000	1741714489.648788	0.000000
170.000000	-99.979353	-1898.110139	-1891.874002	-1899.540651	-1893.282162	-1890.242325	-1894.578564	-1895.562040	-1896.031427	-70965.738114	-1897.372532	-1898.423064	-1896.903145	-1894.086825	-1896.836090	-1892.008113	-0.129344	0.961938	-0.154344	192.000000	0.000000	0.000000	0.000000	0.000000	0.000000	0.000000	0.000000	0.000000	0.000000	1741714489.648877	0.000000
172.000000	-99.957001	-1898.288953	-1892.164575	-1899.853575	-1893.393921	-1890.510546	-1894.578564	-1895.629096	-1895.852613	-70967.995640	-1897.260773	-1898.221898	-1896.858441	-1893.952715	-1896.612572	-1892.030465	-0.129344	0.961938	-0.154344	192.000000	0.000000	0.000000	0.000000	0.000000	0.000000	0.000000	0.000000	0.000000	0.000000	1741714489.648973	0.000000
174.000000	-100.024056	-1898.221898	-1891.896354	-1899.697113	-1893.416273	-1890.331732	-1894.667970	-1895.651447	-1895.785558	-70968.353268	-1897.528994	-1898.266601	-1896.836090	-1893.930363	-1896.657276	-1892.119872	-0.129344	0.961938	-0.154344	192.000000	0.000000	0.000000	0.000000	0.000000	0.000000	0.000000	0.000000	0.000000	0.000000	1741714489.649059	0.000000
176.000000	-99.912298	-1898.132491	-1891.762244	-1899.875927	-1893.393921	-1890.309380	-1894.600915	-1895.360875	-1895.852613	-70967.593308	-1897.439587	-1898.423064	-1896.746683	-1893.840956	-1896.634924	-1891.829299	-0.127672	0.959969	-0.156172	192.000000	126.000000	8.000000	14.500000	120.000000	125.500000	8.000000	0.000000	0.000000	0.000000	1741714489.697569	0.000000
178.000000	-100.001705	-1898.266601	-1892.119872	-1899.808872	-1893.483328	-1890.421139	-1894.600915	-1895.651447	-1896.031427	-70967.079218	-1897.283125	-1898.356008	-1896.992552	-1893.729197	-1896.567869	-1891.985761	-0.127672	0.959969	-0.156172	192.000000	0.000000	0.000000	0.000000	0.000000	0.000000	0.000000	0.000000	0.000000	0.000000	1741714489.697683	0.000000
180.000000	-99.979353	-1898.288953	-1891.851651	-1899.674761	-1893.326866	-1890.287029	-1894.600915	-1895.316171	-1896.009075	-70968.219157	-1897.461939	-1898.288953	-1897.014904	-1893.796252	-1896.456110	-1891.963409	-0.127672	0.959969	-0.156172	192.000000	0.000000	0.000000	0.000000	0.000000	0.000000	0.000000	0.000000	0.000000	0.000000	1741714489.697774	0.000000
182.000000	-99.979353	-1898.110139	-1891.806947	-1899.808872	-1893.371569	-1890.287029	-1894.511508	-1895.539689	-1896.009075	-70967.705067	-1897.283125	-1898.244250	-1897.014904	-1894.042122	-1896.657276	-1891.963409	-0.127672	0.959969	-0.156172	192.000000	0.000000	0.000000	0.000000	0.000000	0.000000	0.000000	0.000000	0.000000	0.000000	1741714489.697863	0.000000
184.000000	-99.979353	-1898.266601	-1892.097520	-1899.563003	-1893.572735	-1890.331732	-1894.802081	-1895.427930	-1895.830261	-70967.682715	-1897.305476	-1898.288953	-1897.260773	-1893.840956	-1896.433758	-1891.784595	-0.127672	0.959969	-0.156172	192.000000	0.000000	0.000000	0.000000	0.000000	0.000000	0.000000	0.000000	0.000000	0.000000	1741714489.697950	0.000000
186.000000	-99.957001	-1898.065436	-1892.008113	-1899.808872	-1893.460976	-1890.242325	-1894.712674	-1895.539689	-1895.740854	-70968.107399	-1897.238421	-1898.266601	-1896.769034	-1893.684494	-1896.523165	-1891.806947	-0.126836	0.961984	-0.155086	192.000000	126.000000	8.000000	15.000000	16.000000	125.500000	24.000000	0.000000	0.000000	0.000000	1741714489.764569	0.000000
188.000000	-100.001705	-1897.953677	-1892.097520	-1899.831223	-1893.438625	-1890.130566	-1894.422101	-1895.159709	-1895.919668	-70969.292041	-1897.372532	-1898.244250	-1896.836090	-1893.706845	-1896.590221	-1892.030465	-0.126836	0.961984	-0.155086	192.000000	0.000000	0.000000	0.000000	0.000000	0.000000	0.000000	0.000000	0.000000	0.000000	1741714489.764686	0.000000
190.000000	-99.979353	-1898.154843	-1891.784595	-1899.518299	-1893.595087	-1890.287029	-1894.556212	-1895.494985	-1895.942020	-70969.560262	-1897.193718	-1898.020732	-1896.947848	-1893.952715	-1896.433758	-1891.963409	-0.126836	0.961984	-0.155086	192.000000	0.000000	0.000000	0.000000	0.000000	0.000000	0.000000	0.000000	0.000000	0.000000	1741714489.764781	0.000000
192.000000	-99.979353	-1898.065436	-1891.896354	-1899.540651	-1893.416273	-1890.465843	-1894.757377	-1895.517337	-1895.964372	-70968.666192	-1897.305476	-1898.311305	-1896.858441	-1894.019770	-1896.634924	-1891.896354	-0.126836	0.961984	-0.155086	192.000000	0.000000	0.000000	0.000000	0.000000	0.000000	0.000000	0.000000	0.000000	0.000000	1741714489.764871	0.000000
194.000000	-99.979353	-1898.221898	-1891.784595	-1899.674761	-1893.282162	-1890.264677	-1894.578564	-1895.427930	-1896.165537	-70968.912061	-1897.506642	-1898.221898	-1896.880793	-1893.863308	-1896.679627	-1891.963409	-0.126836	0.961984	-0.155086	192.000000	0.000000	0.000000	0.000000	0.000000	0.000000	0.000000	0.000000	0.000000	0.000000	1741714489.764964	0.000000
196.000000	-99.979353	-1898.177194	-1891.963409	-1899.630058	-1893.125700	-1890.264677	-1894.533860	-1895.204412	-1896.098482	-70969.604965	-1897.439587	-1898.512471	-1896.858441	-1893.595087	-1896.478462	-1892.142223	-0.126418	0.961992	-0.152543	192.000000	126.000000	8.000000	15.000000	8.000000	125.500000	40.000000	0.000000	0.000000	0.000000	1741714489.765050	0.000000
198.000000	-99.934649	-1898.311305	-1891.941058	-1899.786520	-1893.215107	-1890.354084	-1894.578564	-1895.338523	-1896.165537	-70969.403800	-1897.305476	-1898.199546	-1896.769034	-1893.818604	-1896.567869	-1891.985761	-0.126418	0.961992	-0.152543	192.000000	0.000000	0.000000	0.000000	0.000000	0.000000	0.000000	0.000000	0.000000	0.000000	1741714489.765146	0.000000
200.000000	-99.979353	-1898.177194	-1891.784595	-1899.741816	-1893.192755	-1890.152918	-1894.667970	-1895.092654	-1896.098482	-70968.532082	-1897.350180	-1898.087787	-1896.724331	-1893.729197	-1896.523165	-1891.851651	-0.126418	0.961992	-0.152543	192.000000	0.000000	0.000000	0.000000	0.000000	0.000000	0.000000	0.000000	0.000000	0.000000	1741714489.765243	0.000000
202.000000	-99.979353	-1898.110139	-1891.985761	-1899.585354	-1893.349218	-1890.555250	-1894.757377	-1895.472633	-1895.964372	-70968.353268	-1897.350180	-1898.199546	-1896.836090	-1893.930363	-1896.567869	-1891.784595	-0.126418	0.961992	-0.152543	192.000000	0.000000	0.000000	0.000000	0.000000	0.000000	0.000000	0.000000	0.000000	0.000000	1741714489.814323	0.000000
204.000000	-100.001705	-1898.266601	-1891.896354	-1899.741816	-1893.282162	-1890.130566	-1894.712674	-1895.271468	-1895.830261	-70968.576785	-1897.372532	-1898.333657	-1896.947848	-1893.706845	-1896.657276	-1891.829299	-0.126418	0.961992	-0.152543	192.000000	0.000000	0.000000	0.000000	0.000000	0.000000	0.000000	0.000000	0.000000	0.000000	1741714489.814426	0.000000
206.000000	-99.934649	-1898.356008	-1892.186927	-1899.674761	-1893.460976	-1890.488194	-1894.578564	-1895.293819	-1896.009075	-70970.387276	-1897.350180	-1898.378360	-1896.970200	-1894.042122	-1896.769034	-1891.851651	-0.127209	0.963996	-0.151271	192.000000	126.000000	0.000000	15.000000	24.000000	125.500000	40.000000	0.000000	0.000000	0.000000	1741714489.814521	0.000000
208.000000	-99.957001	-1898.266601	-1891.963409	-1899.674761	-1893.460976	-1890.152918	-1894.600915	-1895.360875	-1896.009075	-70969.537910	-1897.327828	-1898.288953	-1897.081959	-1893.863308	-1896.590221	-1891.762244	-0.127209	0.963996	-0.151271	192.000000	0.000000	0.000000	0.000000	0.000000	0.000000	0.000000	0.000000	0.000000	0.000000	1741714489.814611	0.000000
210.000000	-100.024056	-1898.333657	-1892.298686	-1899.630058	-1893.371569	-1890.398787	-1894.645619	-1895.539689	-1896.143186	-70969.113227	-1897.327828	-1898.288953	-1896.836090	-1894.086825	-1896.769034	-1891.829299	-0.127209	0.963996	-0.151271	192.000000	0.000000	0.000000	0.000000	0.000000	0.000000	0.000000	0.000000	0.000000	0.000000	1741714489.814704	0.000000
212.000000	-99.979353	-1898.154843	-1892.008113	-1899.764168	-1893.326866	-1890.309380	-1894.444453	-1895.673799	-1895.942020	-70970.119056	-1897.260773	-1898.400712	-1896.791386	-1893.863308	-1896.567869	-1891.874002	-0.127209	0.963996	-0.151271	192.000000	0.000000	0.000000	0.000000	0.000000	0.000000	0.000000	0.000000	0.000000	0.000000	1741714489.814795	0.000000
214.000000	-99.979353	-1898.154843	-1892.119872	-1899.652410	-1893.304514	-1890.443491	-1894.623267	-1895.383226	-1895.696151	-70971.191939	-1897.439587	-1898.356008	-1896.880793	-1894.019770	-1896.523165	-1891.717540	-0.127209	0.963996	-0.151271	192.000000	0.000000	0.000000	0.000000	0.000000	0.000000	0.000000	0.000000	0.000000	0.000000	1741714489.814883	0.000000
216.000000	-99.957001	-1898.244250	-1891.963409	-1899.831223	-1893.349218	-1890.555250	-1894.757377	-1895.338523	-1895.874965	-70969.135579	-1897.417235	-1898.132491	-1896.724331	-1894.109177	-1896.724331	-1891.851651	-0.127604	0.962998	-0.149636	192.000000	126.000000	0.000000	15.000000	8.000000	125.500000	48.000000	0.000000	0.000000	0.000000	1741714489.863719	0.000000
218.000000	-99.979353	-1898.423064	-1891.918706	-1899.853575	-1893.058645	-1890.242325	-1894.578564	-1895.383226	-1895.785558	-70970.297869	-1897.350180	-1898.311305	-1896.970200	-1894.064473	-1896.791386	-1891.985761	-0.127604	0.962998	-0.149636	192.000000	0.000000	0.000000	0.000000	0.000000	0.000000	0.000000	0.000000	0.000000	0.000000	1741714489.863864	0.000000
220.000000	-99.957001	-1898.288953	-1891.918706	-1899.719465	-1893.237459	-1890.085863	-1894.578564	-1895.494985	-1895.830261	-70971.795436	-1897.171366	-1898.266601	-1896.813738	-1893.639790	-1896.746683	-1891.941058	-0.127604	0.962998	-0.149636	192.000000	0.000000	0.000000	0.000000	0.000000	0.000000	0.000000	0.000000	0.000000	0.000000	1741714489.863967	0.000000
222.000000	-100.024056	-1898.065436	-1891.896354	-1899.719465	-1893.237459	-1890.309380	-1894.645619	-1895.293819	-1895.852613	-70970.968422	-1897.372532	-1898.132491	-1897.149014	-1894.086825	-1896.634924	-1891.851651	-0.127604	0.962998	-0.149636	192.000000	0.000000	0.000000	0.000000	0.000000	0.000000	0.000000	0.000000	0.000000	0.000000	1741714489.864057	0.000000
224.000000	-99.912298	-1898.110139	-1891.896354	-1899.808872	-1893.259811	-1890.085863	-1894.265639	-1895.159709	-1895.919668	-70968.845006	-1897.305476	-1898.154843	-1896.925497	-1894.131529	-1896.478462	-1891.762244	-0.127604	0.962998	-0.149636	192.000000	0.000000	0.000000	0.000000	0.000000	0.000000	0.000000	0.000000	0.000000	0.000000	1741714489.864151	0.000000
226.000000	-99.934649	-1898.132491	-1891.762244	-1899.630058	-1893.349218	-1890.242325	-1894.332694	-1895.271468	-1895.874965	-70969.672021	-1897.350180	-1898.221898	-1896.880793	-1893.930363	-1896.612572	-1891.784595	-0.125802	0.964499	-0.150818	192.000000	126.000000	16.000000	15.000000	24.000000	125.500000	32.000000	0.000000	0.000000	0.000000	1741714489.864244	0.000000
228.000000	-99.979353	-1898.087787	-1891.874002	-1899.741816	-1893.460976	-1890.264677	-1894.690322	-1895.159709	-1895.830261	-70969.850835	-1897.327828	-1898.199546	-1896.903145	-1893.863308	-1896.545517	-1891.784595	-0.125802	0.964499	-0.150818	192.000000	0.000000	0.000000	0.000000	0.000000	0.000000	0.000000	0.000000	0.000000	0.000000	1741714489.864342	0.000000
230.000000	-100.001705	-1898.423064	-1892.030465	-1899.652410	-1893.483328	-1890.398787	-1894.533860	-1895.629096	-1895.986723	-70969.917890	-1897.663104	-1898.467767	-1897.104311	-1893.952715	-1896.701979	-1892.164575	-0.125802	0.964499	-0.150818	192.000000	0.000000	0.000000	0.000000	0.000000	0.000000	0.000000	0.000000	0.000000	0.000000	1741714489.864425	0.000000
232.000000	-100.001705	-1898.288953	-1892.097520	-1899.786520	-1893.572735	-1890.309380	-1894.735026	-1895.562040	-1895.874965	-70968.867358	-1897.327828	-1898.244250	-1896.858441	-1893.840956	-1896.456110	-1891.851651	-0.125802	0.964499	-0.150818	192.000000	0.000000	0.000000	0.000000	0.000000	0.000000	0.000000	0.000000	0.000000	0.000000	1741714489.913207	0.000000
234.000000	-100.024056	-1898.020732	-1892.030465	-1899.585354	-1893.505680	-1890.309380	-1894.712674	-1895.182061	-1895.807909	-70970.610794	-1897.461939	-1898.087787	-1896.903145	-1893.885659	-1896.366703	-1891.963409	-0.125802	0.964499	-0.150818	192.000000	0.000000	0.000000	0.000000	0.000000	0.000000	0.000000	0.000000	0.000000	0.000000	1741714489.913376	0.000000
236.000000	-99.957001	-1898.154843	-1892.052816	-1899.719465	-1893.416273	-1890.219973	-1894.511508	-1895.338523	-1895.964372	-70971.996602	-1897.417235	-1898.333657	-1896.880793	-1893.818604	-1896.478462	-1891.583430	-0.126901	0.966250	-0.152409	192.000000	126.000000	0.000000	15.000000	32.000000	125.500000	24.000000	0.000000	0.000000	0.000000	1741714489.913469	0.000000
238.000000	-99.979353	-1898.288953	-1892.119872	-1899.674761	-1893.416273	-1890.331732	-1894.623267	-1895.405578	-1896.076130	-70970.879015	-1897.238421	-1898.311305	-1896.813738	-1893.863308	-1896.701979	-1892.052816	-0.126901	0.966250	-0.152409	192.000000	0.000000	0.000000	0.000000	0.000000	0.000000	0.000000	0.000000	0.000000	0.000000	1741714489.913567	0.000000
240.000000	-100.024056	-1898.132491	-1891.851651	-1899.630058	-1893.438625	-1890.309380	-1894.533860	-1895.539689	-1896.031427	-70969.537910	-1897.484290	-1897.998380	-1896.947848	-1894.109177	-1896.456110	-1891.918706	-0.126901	0.966250	-0.152409	192.000000	0.000000	0.000000	0.000000	0.000000	0.000000	0.000000	0.000000	0.000000	0.000000	1741714489.913651	0.000000
242.000000	-99.979353	-1898.311305	-1891.829299	-1899.786520	-1893.460976	-1890.175270	-1894.533860	-1895.517337	-1895.897316	-70971.035477	-1897.439587	-1898.311305	-1896.925497	-1893.952715	-1896.634924	-1892.164575	-0.126901	0.966250	-0.152409	192.000000	0.000000	0.000000	0.000000	0.000000	0.000000	0.000000	0.000000	0.000000	0.000000	1741714489.913753	0.000000
244.000000	-99.979353	-1898.154843	-1891.896354	-1899.786520	-1893.326866	-1890.197622	-1894.422101	-1895.316171	-1896.098482	-70971.907195	-1897.283125	-1898.087787	-1896.657276	-1893.796252	-1896.590221	-1891.806947	-0.126901	0.966250	-0.152409	192.000000	0.000000	0.000000	0.000000	0.000000	0.000000	0.000000	0.000000	0.000000	0.000000	1741714489.913843	0.000000
246.000000	-99.979353	-1897.908973	-1891.918706	-1899.875927	-1893.148052	-1890.287029	-1894.466805	-1895.204412	-1895.964372	-70972.264823	-1897.394883	-1898.557174	-1896.836090	-1893.773901	-1896.724331	-1891.538726	-0.130451	0.968125	-0.152204	192.000000	125.500000	104.000000	15.000000	40.000000	125.500000	32.000000	0.000000	0.000000	0.000000	1741714489.962012	0.000000
248.000000	-99.979353	-1898.087787	-1892.052816	-1899.853575	-1893.237459	-1890.488194	-1894.578564	-1895.383226	-1896.031427	-70971.080181	-1897.417235	-1898.266601	-1897.037255	-1893.863308	-1896.590221	-1892.097520	-0.130451	0.968125	-0.152204	192.000000	0.000000	0.000000	0.000000	0.000000	0.000000	0.000000	0.000000	0.000000	0.000000	1741714489.962147	0.000000
250.000000	-99.979353	-1898.266601	-1892.231630	-1899.719465	-1893.393921	-1890.443491	-1894.511508	-1895.159709	-1896.031427	-70970.856663	-1897.260773	-1898.199546	-1896.925497	-1894.109177	-1896.567869	-1892.030465	-0.130451	0.968125	-0.152204	192.000000	0.000000	0.000000	0.000000	0.000000	0.000000	0.000000	0.000000	0.000000	0.000000	1741714489.962239	0.000000
252.000000	-22.061172	-30.845407	-25.503340	-32.477085	-26.442114	-23.625794	-28.297308	-28.677288	-1585.275124	-70971.884843	-1587.107967	-1587.957333	-1586.906801	-1583.799909	-1586.392711	-1581.944714	-0.130451	0.968125	-0.152204	192.000000	0.000000	0.000000	0.000000	0.000000	0.000000	0.000000	0.000000	0.000000	0.000000	1741714489.962328	0.000000
254.000000	55.968768	1843.124848	1847.885769	1841.157894	1846.142333	1849.897426	1844.175380	1844.622415	1533.597891	-70972.063657	1532.614414	1531.206254	1529.172245	1534.134332	1531.429771	1535.944824	-0.130451	0.968125	-0.152204	192.000000	0.000000	0.000000	0.000000	0.000000	0.000000	0.000000	0.000000	0.000000	0.000000	1741714489.978081	0.000000
0.000000	56.013472	1843.080144	1847.863418	1841.292005	1846.052926	1850.255054	1844.197732	1844.376545	1847.148162	-70971.147236	1845.851761	1844.957691	1842.409592	1847.371679	1844.533008	1849.606854	-0.130225	0.968062	-0.152102	192.000000	125.500000	120.000000	15.000000	32.000000	125.500000	32.000000	0.000000	0.000000	0.000000	1741714490.031442	0.000000
2.000000	56.013472	1843.057793	1847.818714	1841.314356	1845.963519	1850.187999	1844.264787	1844.756525	1847.326976	-70971.326050	1846.052926	1844.912987	1842.811923	1847.438734	1844.778877	1849.584502	-0.130225	0.968062	-0.152102	192.000000	0.000000	0.000000	0.000000	0.000000	0.000000	0.000000	0.000000	0.000000	0.000000	1741714490.031578	0.000000
4.000000	55.946416	1843.057793	1847.952825	1841.090839	1845.874112	1850.031537	1844.153028	1844.622415	1847.170514	-70972.622451	1846.231740	1844.845932	1842.543702	1847.438734	1844.711822	1849.316281	-0.130225	0.968062	-0.152102	192.000000	0.000000	0.000000	0.000000	0.000000	0.000000	0.000000	0.000000	0.000000	0.000000	1741714490.031663	0.000000
6.000000	55.991120	1843.080144	1847.818714	1841.336708	1846.119982	1850.255054	1844.041269	1844.600063	1847.014051	-70974.030611	1846.052926	1844.890636	1842.387240	1847.416383	1844.756525	1849.405688	-0.130225	0.968062	-0.152102	192.000000	0.000000	0.000000	0.000000	0.000000	0.000000	0.000000	0.000000	0.000000	0.000000	1741714490.031757	0.000000
8.000000	55.991120	1843.102496	1847.908121	1841.113191	1846.276444	1850.143296	1844.331842	1844.734173	1847.192865	-70973.225948	1846.030575	1844.868284	1842.521351	1847.416383	1844.756525	1849.673909	-0.130225	0.968062	-0.152102	192.000000	0.000000	0.000000	0.000000	0.000000	0.000000	0.000000	0.000000	0.000000	0.000000	1741714490.031845	0.000000
10.000000	55.946416	1842.923682	1848.086935	1841.336708	1845.941168	1849.852723	1844.309490	1844.868284	1847.349327	-70972.980079	1845.918816	1845.024746	1842.498999	1847.438734	1844.778877	1849.562150	-0.128113	0.967031	-0.155051	192.000000	126.000000	8.000000	15.000000	24.000000	125.500000	8.000000	0.000000	0.000000	0.000000	1741714490.031939	0.000000
12.000000	55.946416	1842.946034	1847.706955	1841.314356	1846.075278	1850.232703	1844.041269	1844.868284	1847.304624	-70974.052963	1846.276444	1844.890636	1842.476647	1847.461086	1844.667118	1849.539798	-0.128113	0.967031	-0.155051	192.000000	0.000000	0.000000	0.000000	0.000000	0.000000	0.000000	0.000000	0.000000	0.000000	1741714490.032041	0.000000
14.000000	55.968768	1842.990737	1847.841066	1841.157894	1846.097630	1850.277406	1844.220083	1844.756525	1847.125810	-70974.745867	1846.343499	1845.047098	1842.521351	1847.349327	1844.734173	1849.405688	-0.128113	0.967031	-0.155051	192.000000	0.000000	0.000000	0.000000	0.000000	0.000000	0.000000	0.000000	0.000000	0.000000	1741714490.081448	0.000000
16.000000	55.946416	1842.878979	1847.885769	1841.090839	1845.851761	1850.053889	1843.951862	1844.577711	1847.304624	-70973.941204	1846.254092	1844.711822	1842.409592	1847.371679	1844.734173	1849.338633	-0.128113	0.967031	-0.155051	192.000000	0.000000	0.000000	0.000000	0.000000	0.000000	0.000000	0.000000	0.000000	0.000000	1741714490.081601	0.000000
18.000000	55.968768	1843.147200	1847.863418	1841.247301	1846.052926	1850.143296	1844.041269	1844.644766	1847.259921	-70973.829445	1846.209389	1845.114153	1842.543702	1847.349327	1844.600063	1849.562150	-0.128113	0.967031	-0.155051	192.000000	0.000000	0.000000	0.000000	0.000000	0.000000	0.000000	0.000000	0.000000	0.000000	1741714490.081687	0.000000
20.000000	55.968768	1843.035441	1847.751659	1841.292005	1846.030575	1850.210351	1844.085973	1844.778877	1847.192865	-70973.427114	1846.119982	1844.980043	1842.610758	1847.237569	1844.689470	1849.584502	-0.127056	0.965516	-0.154526	192.000000	126.000000	8.000000	15.000000	16.000000	125.500000	24.000000	0.000000	0.000000	0.000000	1741714490.081775	0.000000
22.000000	55.991120	1843.035441	1847.885769	1841.359060	1845.896464	1850.143296	1843.974214	1844.465952	1846.991700	-70973.270651	1846.231740	1845.136505	1842.253130	1847.639900	1844.711822	1849.718612	-0.127056	0.965516	-0.154526	192.000000	0.000000	0.000000	0.000000	0.000000	0.000000	0.000000	0.000000	0.000000	0.000000	1741714490.081882	0.000000
24.000000	55.991120	1843.013089	1847.505790	1841.448467	1846.075278	1850.299758	1844.376545	1844.734173	1847.103458	-70972.555396	1845.918816	1844.734173	1842.275481	1847.349327	1844.801229	1849.450391	-0.127056	0.965516	-0.154526	192.000000	0.000000	0.000000	0.000000	0.000000	0.000000	0.000000	0.000000	0.000000	0.000000	1741714490.081981	0.000000
26.000000	55.946416	1843.013089	1847.595197	1841.135543	1846.052926	1850.545627	1844.242435	1844.555359	1847.103458	-70972.734210	1846.030575	1844.689470	1842.431944	1847.371679	1844.890636	1849.584502	-0.127056	0.965516	-0.154526	192.000000	0.000000	0.000000	0.000000	0.000000	0.000000	0.000000	0.000000	0.000000	0.000000	1741714490.082068	0.000000
28.000000	55.924065	1843.102496	1847.528141	1841.001432	1845.829409	1849.986833	1844.018918	1844.622415	1847.192865	-70974.634108	1846.187037	1845.002394	1842.566054	1847.259921	1844.823580	1849.539798	-0.127056	0.965516	-0.154526	192.000000	0.000000	0.000000	0.000000	0.000000	0.000000	0.000000	0.000000	0.000000	0.000000	1741714490.082158	0.000000
30.000000	55.924065	1842.901330	1847.885769	1841.269653	1845.941168	1850.277406	1844.175380	1844.756525	1847.192865	-70975.349364	1845.963519	1844.912987	1842.655461	1847.349327	1844.689470	1849.562150	-0.125528	0.963758	-0.152263	192.000000	126.000000	16.000000	15.000000	8.000000	125.500000	40.000000	0.000000	0.000000	0.000000	1741714490.130837	0.000000
32.000000	55.968768	1843.102496	1847.841066	1841.269653	1845.851761	1850.299758	1843.996566	1844.488304	1847.215217	-70973.762390	1846.231740	1844.868284	1842.677813	1847.438734	1844.533008	1849.517447	-0.125528	0.963758	-0.152263	192.000000	0.000000	0.000000	0.000000	0.000000	0.000000	0.000000	0.000000	0.000000	0.000000	1741714490.130992	0.000000
34.000000	55.968768	1842.923682	1847.706955	1841.247301	1846.008223	1849.986833	1844.063621	1844.577711	1847.237569	-70973.672983	1846.298795	1844.868284	1842.566054	1847.349327	1844.600063	1849.495095	-0.125528	0.963758	-0.152263	192.000000	0.000000	0.000000	0.000000	0.000000	0.000000	0.000000	0.000000	0.000000	0.000000	1741714490.131087	0.000000
36.000000	55.924065	1842.923682	1847.818714	1841.135543	1845.941168	1850.009185	1844.085973	1844.644766	1847.282272	-70975.617585	1845.941168	1844.912987	1842.633109	1847.394031	1844.711822	1849.629205	-0.125528	0.963758	-0.152263	192.000000	0.000000	0.000000	0.000000	0.000000	0.000000	0.000000	0.000000	0.000000	0.000000	1741714490.131178	0.000000
38.000000	55.968768	1843.057793	1847.528141	1841.202598	1845.740002	1849.852723	1843.974214	1844.734173	1847.282272	-70974.522349	1846.276444	1845.024746	1842.476647	1847.550493	1844.912987	1849.763316	-0.125528	0.963758	-0.152263	192.000000	0.000000	0.000000	0.000000	0.000000	0.000000	0.000000	0.000000	0.000000	0.000000	1741714490.131274	0.000000
40.000000	55.968768	1842.946034	1847.617548	1840.867322	1846.075278	1850.098592	1844.018918	1844.644766	1847.170514	-70973.605928	1845.918816	1845.024746	1842.498999	1847.662252	1844.868284	1849.606854	-0.127764	0.962879	-0.150131	192.000000	125.500000	120.000000	15.000000	8.000000	125.500000	48.000000	0.000000	0.000000	0.000000	1741714490.131367	0.000000
42.000000	55.901713	1842.878979	1847.885769	1840.934377	1845.985871	1850.277406	1844.354194	1844.622415	1846.969348	-70973.985907	1846.097630	1844.868284	1842.700165	1847.215217	1844.667118	1849.271578	-0.127764	0.962879	-0.150131	192.000000	0.000000	0.000000	0.000000	0.000000	0.000000	0.000000	0.000000	0.000000	0.000000	1741714490.131464	0.000000
44.000000	55.968768	1843.147200	1847.952825	1841.157894	1846.119982	1850.232703	1844.175380	1844.555359	1847.259921	-70975.841102	1846.209389	1844.912987	1842.610758	1847.326976	1844.756525	1849.673909	-0.127764	0.962879	-0.150131	192.000000	0.000000	0.000000	0.000000	0.000000	0.000000	0.000000	0.000000	0.000000	0.000000	1741714490.183379	0.000000
46.000000	55.901713	1843.169551	1847.639900	1841.202598	1846.075278	1850.098592	1844.085973	1844.555359	1847.215217	-70975.997564	1846.276444	1844.622415	1842.633109	1847.326976	1844.667118	1849.495095	-0.127764	0.962879	-0.150131	192.000000	0.000000	0.000000	0.000000	0.000000	0.000000	0.000000	0.000000	0.000000	0.000000	1741714490.183488	0.000000
48.000000	55.946416	1843.348365	1847.729307	1841.090839	1846.231740	1850.143296	1843.974214	1844.734173	1847.326976	-70974.634108	1846.209389	1844.845932	1842.543702	1847.192865	1844.756525	1849.472743	-0.127764	0.962879	-0.150131	192.000000	0.000000	0.000000	0.000000	0.000000	0.000000	0.000000	0.000000	0.000000	0.000000	1741714490.183582	0.000000
50.000000	55.991120	1842.901330	1847.706955	1840.979080	1846.254092	1849.897426	1844.085973	1844.689470	1847.125810	-70974.209425	1846.119982	1844.890636	1842.543702	1847.125810	1844.734173	1849.428040	-0.129882	0.961439	-0.150066	192.000000	125.500000	112.000000	15.000000	0.000000	125.500000	40.000000	0.000000	0.000000	0.000000	1741714490.183667	0.000000
52.000000	56.013472	1842.856627	1847.774011	1841.113191	1846.030575	1850.098592	1844.242435	1844.711822	1847.259921	-70974.343535	1846.187037	1844.868284	1842.521351	1847.550493	1844.577711	1849.562150	-0.129882	0.961439	-0.150066	192.000000	0.000000	0.000000	0.000000	0.000000	0.000000	0.000000	0.000000	0.000000	0.000000	1741714490.183768	0.000000
54.000000	55.946416	1842.946034	1847.818714	1841.157894	1845.941168	1850.009185	1844.041269	1844.577711	1847.326976	-70975.058791	1846.276444	1844.845932	1842.610758	1847.349327	1844.555359	1849.584502	-0.129882	0.961439	-0.150066	192.000000	0.000000	0.000000	0.000000	0.000000	0.000000	0.000000	0.000000	0.000000	0.000000	1741714490.183858	0.000000
56.000000	55.946416	1843.057793	1847.550493	1840.822618	1846.008223	1850.076240	1843.907159	1844.421249	1847.192865	-70974.008259	1846.075278	1844.912987	1842.521351	1847.081107	1844.734173	1849.584502	-0.129882	0.961439	-0.150066	192.000000	0.000000	0.000000	0.000000	0.000000	0.000000	0.000000	0.000000	0.000000	0.000000	1741714490.183946	0.000000
58.000000	55.924065	1843.169551	1847.774011	1841.202598	1845.874112	1850.255054	1844.041269	1844.555359	1847.394031	-70974.432942	1846.343499	1845.002394	1842.476647	1847.371679	1844.935339	1849.539798	-0.129882	0.961439	-0.150066	192.000000	0.000000	0.000000	0.000000	0.000000	0.000000	0.000000	0.000000	0.000000	0.000000	1741714490.239445	0.000000
60.000000	55.968768	1843.214255	1848.042232	1841.135543	1846.187037	1850.210351	1844.376545	1845.002394	1847.170514	-70975.729343	1846.164685	1845.315319	1842.543702	1847.371679	1844.890636	1849.606854	-0.129941	0.961720	-0.148033	192.000000	125.500000	120.000000	15.000000	8.000000	125.500000	56.000000	0.000000	0.000000	0.000000	1741714490.239574	0.000000
62.000000	55.901713	1843.147200	1847.572845	1841.247301	1846.187037	1850.076240	1844.242435	1844.845932	1847.259921	-70976.936338	1846.254092	1845.069450	1842.342537	1847.505790	1844.533008	1849.606854	-0.129941	0.961720	-0.148033	192.000000	0.000000	0.000000	0.000000	0.000000	0.000000	0.000000	0.000000	0.000000	0.000000	1741714490.239673	0.000000
64.000000	55.968768	1842.990737	1847.796362	1840.934377	1846.298795	1850.076240	1844.242435	1844.667118	1847.036403	-70975.751695	1846.142333	1844.778877	1842.856627	1847.483438	1844.689470	1849.383336	-0.129941	0.961720	-0.148033	192.000000	0.000000	0.000000	0.000000	0.000000	0.000000	0.000000	0.000000	0.000000	0.000000	1741714490.239760	0.000000
66.000000	55.991120	1842.946034	1847.550493	1841.113191	1845.985871	1850.187999	1843.974214	1844.667118	1847.170514	-70975.394067	1846.365851	1845.069450	1842.744868	1847.416383	1844.823580	1849.495095	-0.129941	0.961720	-0.148033	192.000000	0.000000	0.000000	0.000000	0.000000	0.000000	0.000000	0.000000	0.000000	0.000000	1741714490.239849	0.000000
68.000000	55.946416	1843.080144	1847.774011	1841.224950	1846.052926	1849.986833	1844.085973	1844.443601	1847.394031	-70976.779875	1846.164685	1845.091801	1842.566054	1847.371679	1844.667118	1849.673909	-0.129941	0.961720	-0.148033	192.000000	0.000000	0.000000	0.000000	0.000000	0.000000	0.000000	0.000000	0.000000	0.000000	1741714490.239946	0.000000
70.000000	55.924065	1843.057793	1847.706955	1841.135543	1846.030575	1849.942130	1844.242435	1844.577711	1847.215217	-70977.115152	1846.030575	1845.091801	1842.521351	1847.505790	1844.756525	1849.629205	-0.126971	0.963860	-0.149016	192.000000	126.000000	16.000000	15.000000	24.000000	125.500000	40.000000	0.000000	0.000000	0.000000	1741714490.240035	0.000000
72.000000	55.924065	1843.124848	1847.706955	1841.180246	1846.209389	1849.942130	1844.287138	1844.577711	1847.461086	-70975.148198	1846.097630	1845.024746	1842.543702	1847.528141	1844.689470	1849.428040	-0.126971	0.963860	-0.149016	192.000000	0.000000	0.000000	0.000000	0.000000	0.000000	0.000000	0.000000	0.000000	0.000000	1741714490.295067	0.000000
74.000000	55.924065	1842.901330	1847.595197	1841.135543	1846.097630	1850.187999	1844.175380	1844.533008	1847.282272	-70976.154027	1846.052926	1845.069450	1842.700165	1847.505790	1844.376545	1849.539798	-0.126971	0.963860	-0.149016	192.000000	0.000000	0.000000	0.000000	0.000000	0.000000	0.000000	0.000000	0.000000	0.000000	1741714490.295167	0.000000
76.000000	55.946416	1843.035441	1847.818714	1841.157894	1846.075278	1850.232703	1844.242435	1844.689470	1847.304624	-70977.271614	1846.008223	1845.292967	1842.633109	1847.550493	1844.734173	1849.673909	-0.126971	0.963860	-0.149016	192.000000	0.000000	0.000000	0.000000	0.000000	0.000000	0.000000	0.000000	0.000000	0.000000	1741714490.295268	0.000000
78.000000	55.991120	1843.258958	1847.751659	1841.180246	1846.254092	1850.053889	1844.220083	1844.644766	1847.170514	-70978.612718	1846.164685	1844.845932	1842.677813	1847.528141	1844.778877	1849.584502	-0.126971	0.963860	-0.149016	192.000000	0.000000	0.000000	0.000000	0.000000	0.000000	0.000000	0.000000	0.000000	0.000000	1741714490.295355	0.000000
80.000000	55.946416	1843.147200	1847.729307	1841.292005	1846.119982	1849.964482	1844.063621	1844.689470	1847.215217	-70976.466951	1846.052926	1844.935339	1842.476647	1847.438734	1844.778877	1849.562150	-0.125485	0.964930	-0.150508	192.000000	126.000000	16.000000	15.000000	24.000000	125.500000	32.000000	0.000000	0.000000	0.000000	1741714490.295455	0.000000
82.000000	55.946416	1842.946034	1847.729307	1841.135543	1846.097630	1849.942130	1844.354194	1844.510656	1847.304624	-70976.332840	1846.030575	1844.845932	1842.297833	1847.416383	1844.577711	1849.316281	-0.125485	0.964930	-0.150508	192.000000	0.000000	0.000000	0.000000	0.000000	0.000000	0.000000	0.000000	0.000000	0.000000	1741714490.295556	0.000000
84.000000	55.924065	1843.102496	1847.774011	1841.135543	1846.008223	1850.098592	1844.085973	1844.667118	1847.349327	-70977.808056	1845.941168	1845.002394	1842.096668	1847.259921	1844.577711	1849.495095	-0.125485	0.964930	-0.150508	192.000000	0.000000	0.000000	0.000000	0.000000	0.000000	0.000000	0.000000	0.000000	0.000000	1741714490.295648	0.000000
86.000000	55.946416	1843.035441	1847.818714	1841.023784	1846.030575	1850.210351	1844.331842	1844.756525	1847.304624	-70978.210387	1846.231740	1845.024746	1842.431944	1847.438734	1844.711822	1849.584502	-0.125485	0.964930	-0.150508	192.000000	0.000000	0.000000	0.000000	0.000000	0.000000	0.000000	0.000000	0.000000	0.000000	1741714490.295773	0.000000
88.000000	55.924065	1843.080144	1847.617548	1841.090839	1846.075278	1850.120944	1844.354194	1844.644766	1847.215217	-70977.986870	1846.164685	1845.091801	1842.498999	1847.505790	1845.002394	1849.808019	-0.125485	0.964930	-0.150508	192.000000	0.000000	0.000000	0.000000	0.000000	0.000000	0.000000	0.000000	0.000000	0.000000	1741714490.349436	0.000000
90.000000	55.924065	1843.102496	1847.617548	1841.157894	1845.985871	1849.785668	1844.085973	1844.510656	1847.371679	-70978.992698	1846.298795	1845.047098	1842.588406	1847.259921	1844.845932	1849.584502	-0.126743	0.965465	-0.153254	192.000000	126.000000	0.000000	15.000000	24.000000	125.500000	16.000000	0.000000	0.000000	0.000000	1741714490.349587	0.000000
92.000000	55.946416	1843.080144	1847.729307	1841.292005	1846.164685	1850.165647	1844.220083	1844.600063	1847.192865	-70978.456256	1846.343499	1845.002394	1842.387240	1847.505790	1844.823580	1849.562150	-0.126743	0.965465	-0.153254	192.000000	0.000000	0.000000	0.000000	0.000000	0.000000	0.000000	0.000000	0.000000	0.000000	1741714490.349693	0.000000
94.000000	55.968768	1843.035441	1847.706955	1841.269653	1846.164685	1850.031537	1843.929511	1844.577711	1847.148162	-70977.785704	1846.119982	1845.069450	1842.610758	1847.483438	1844.845932	1849.629205	-0.126743	0.965465	-0.153254	192.000000	0.000000	0.000000	0.000000	0.000000	0.000000	0.000000	0.000000	0.000000	0.000000	1741714490.349789	0.000000
96.000000	55.946416	1843.080144	1847.617548	1841.202598	1846.052926	1850.165647	1844.153028	1844.756525	1847.170514	-70977.070448	1846.164685	1844.980043	1842.700165	1847.259921	1844.734173	1849.562150	-0.126743	0.965465	-0.153254	192.000000	0.000000	0.000000	0.000000	0.000000	0.000000	0.000000	0.000000	0.000000	0.000000	1741714490.349876	0.000000
98.000000	55.946416	1843.080144	1847.706955	1841.269653	1846.164685	1850.344461	1844.063621	1844.756525	1847.170514	-70978.344497	1846.231740	1844.689470	1842.566054	1847.394031	1844.577711	1849.450391	-0.126743	0.965465	-0.153254	192.000000	0.000000	0.000000	0.000000	0.000000	0.000000	0.000000	0.000000	0.000000	0.000000	1741714490.349973	0.000000
100.000000	55.991120	1843.102496	1847.841066	1841.202598	1846.298795	1850.277406	1844.197732	1844.600063	1847.170514	-70978.813884	1846.075278	1844.868284	1842.588406	1847.282272	1844.510656	1849.539798	-0.127371	0.964732	-0.153627	192.000000	126.000000	0.000000	15.000000	16.000000	125.500000	24.000000	0.000000	0.000000	0.000000	1741714490.350057	0.000000
102.000000	55.991120	1843.035441	1847.796362	1841.269653	1846.030575	1850.009185	1844.153028	1844.644766	1847.237569	-70978.947995	1846.142333	1844.980043	1842.566054	1847.326976	1844.555359	1849.517447	-0.127371	0.964732	-0.153627	192.000000	0.000000	0.000000	0.000000	0.000000	0.000000	0.000000	0.000000	0.000000	0.000000	1741714490.405337	0.000000
104.000000	55.946416	1843.035441	1847.550493	1841.090839	1845.874112	1850.031537	1844.264787	1844.510656	1847.371679	-70978.791532	1846.231740	1844.890636	1842.566054	1847.371679	1844.689470	1849.629205	-0.127371	0.964732	-0.153627	192.000000	0.000000	0.000000	0.000000	0.000000	0.000000	0.000000	0.000000	0.000000	0.000000	1741714490.405483	0.000000
106.000000	55.946416	1842.834275	1847.751659	1841.202598	1845.896464	1849.964482	1844.242435	1844.510656	1847.259921	-70978.031573	1846.075278	1845.158857	1842.789572	1847.483438	1844.510656	1849.495095	-0.127371	0.964732	-0.153627	192.000000	0.000000	0.000000	0.000000	0.000000	0.000000	0.000000	0.000000	0.000000	0.000000	1741714490.405605	0.000000
108.000000	55.968768	1843.080144	1847.908121	1841.336708	1845.985871	1850.053889	1844.421249	1844.912987	1847.215217	-70979.462085	1845.740002	1844.890636	1842.498999	1847.304624	1844.667118	1849.338633	-0.127371	0.964732	-0.153627	192.000000	0.000000	0.000000	0.000000	0.000000	0.000000	0.000000	0.000000	0.000000	0.000000	1741714490.405709	0.000000
110.000000	55.946416	1843.102496	1847.706955	1841.202598	1846.209389	1850.255054	1844.085973	1844.577711	1847.326976	-70980.132637	1846.097630	1844.957691	1842.655461	1847.528141	1844.644766	1849.405688	-0.127686	0.962366	-0.153814	192.000000	126.000000	0.000000	15.000000	0.000000	125.500000	24.000000	0.000000	0.000000	0.000000	1741714490.405797	0.000000
112.000000	55.968768	1842.968386	1847.706955	1841.314356	1845.963519	1850.031537	1844.130676	1844.600063	1847.282272	-70978.746829	1846.276444	1845.024746	1842.521351	1847.326976	1844.533008	1849.562150	-0.127686	0.962366	-0.153814	192.000000	0.000000	0.000000	0.000000	0.000000	0.000000	0.000000	0.000000	0.000000	0.000000	1741714490.405890	0.000000
114.000000	55.968768	1843.191903	1847.863418	1840.934377	1845.985871	1849.964482	1843.951862	1844.667118	1847.259921	-70978.612718	1846.075278	1845.069450	1842.633109	1847.461086	1844.711822	1849.383336	-0.127686	0.962366	-0.153814	192.000000	0.000000	0.000000	0.000000	0.000000	0.000000	0.000000	0.000000	0.000000	0.000000	1741714490.405986	0.000000
116.000000	55.924065	1843.147200	1847.684604	1841.068487	1846.164685	1850.031537	1844.041269	1844.622415	1847.416383	-70979.327974	1846.298795	1845.158857	1842.834275	1847.461086	1844.756525	1849.450391	-0.127686	0.962366	-0.153814	192.000000	0.000000	0.000000	0.000000	0.000000	0.000000	0.000000	0.000000	0.000000	0.000000	1741714490.406081	0.000000
118.000000	55.991120	1842.990737	1847.662252	1840.979080	1845.896464	1849.919778	1844.331842	1844.734173	1847.282272	-70980.020878	1846.164685	1844.980043	1842.655461	1847.438734	1844.756525	1849.472743	-0.127686	0.962366	-0.153814	192.000000	0.000000	0.000000	0.000000	0.000000	0.000000	0.000000	0.000000	0.000000	0.000000	1741714490.478487	0.000000
120.000000	55.946416	1843.191903	1847.617548	1841.381412	1846.119982	1849.964482	1844.220083	1844.890636	1847.215217	-70979.305622	1846.164685	1844.845932	1842.566054	1847.282272	1844.778877	1849.450391	-0.127843	0.963183	-0.154907	192.000000	126.000000	0.000000	15.000000	16.000000	125.500000	16.000000	0.000000	0.000000	0.000000	1741714490.478641	0.000000
122.000000	55.879361	1843.035441	1847.818714	1841.224950	1846.142333	1850.165647	1844.488304	1844.801229	1847.103458	-70979.462085	1846.142333	1845.069450	1842.476647	1847.662252	1844.778877	1849.182171	-0.127843	0.963183	-0.154907	192.000000	0.000000	0.000000	0.000000	0.000000	0.000000	0.000000	0.000000	0.000000	0.000000	1741714490.478743	0.000000
124.000000	-21.994117	-24.408105	-18.753114	-26.218596	-20.541253	-16.584994	-21.949413	-22.217634	1536.660080	-70980.624375	1535.967175	1534.581367	1532.457952	1537.442391	1534.559016	1539.364641	-0.127843	0.963183	-0.154907	192.000000	0.000000	0.000000	0.000000	0.000000	0.000000	0.000000	0.000000	0.000000	0.000000	1741714490.478833	0.000000
126.000000	-99.957001	-1898.177194	-1892.030465	-1899.741816	-1893.460976	-1890.398787	-1894.556212	-1895.562040	-1582.458804	-70980.490265	-1583.621095	-1584.537516	-1583.844612	-1580.402443	-1583.285818	-1578.435490	-0.127843	0.963183	-0.154907	192.000000	0.000000	0.000000	0.000000	0.000000	0.000000	0.000000	0.000000	0.000000	0.000000	1741714490.478924	0.000000
128.000000	-99.979353	-1898.244250	-1892.030465	-1899.697113	-1893.192755	-1890.219973	-1894.422101	-1895.182061	-1895.942020	-70979.484436	-1897.260773	-1898.154843	-1897.216069	-1893.952715	-1896.769034	-1891.963409	-0.127843	0.963183	-0.154907	192.000000	0.000000	0.000000	0.000000	0.000000	0.000000	0.000000	0.000000	0.000000	0.000000	1741714490.479017	0.000000
130.000000	-99.957001	-1898.043084	-1891.896354	-1899.853575	-1893.259811	-1890.175270	-1894.444453	-1895.383226	-1895.942020	-70978.545663	-1897.238421	-1898.244250	-1896.880793	-1893.885659	-1896.634924	-1892.008113	-0.127921	0.961592	-0.154453	192.000000	126.000000	0.000000	15.000000	0.000000	125.500000	24.000000	0.000000	0.000000	0.000000	1741714490.479107	0.000000
132.000000	-100.024056	-1898.199546	-1892.030465	-1899.898279	-1893.148052	-1890.376436	-1894.735026	-1895.718502	-1895.964372	-70979.707954	-1897.394883	-1898.132491	-1896.679627	-1893.997418	-1896.456110	-1891.874002	-0.127921	0.961592	-0.154453	192.000000	0.000000	0.000000	0.000000	0.000000	0.000000	0.000000	0.000000	0.000000	0.000000	1741714490.479245	0.000000
134.000000	-99.979353	-1898.154843	-1892.186927	-1900.077093	-1893.483328	-1890.264677	-1894.690322	-1895.562040	-1895.919668	-70979.506788	-1897.506642	-1898.311305	-1896.947848	-1894.086825	-1896.679627	-1891.896354	-0.127921	0.961592	-0.154453	192.000000	0.000000	0.000000	0.000000	0.000000	0.000000	0.000000	0.000000	0.000000	0.000000	1741714490.534533	0.000000
136.000000	-99.979353	-1898.177194	-1891.829299	-1899.674761	-1893.282162	-1890.264677	-1894.578564	-1895.293819	-1895.897316	-70978.746829	-1897.506642	-1898.512471	-1897.149014	-1894.086825	-1896.478462	-1891.806947	-0.127921	0.961592	-0.154453	192.000000	0.000000	0.000000	0.000000	0.000000	0.000000	0.000000	0.000000	0.000000	0.000000	1741714490.534634	0.000000
138.000000	-99.957001	-1898.221898	-1892.142223	-1899.674761	-1893.103348	-1890.197622	-1894.466805	-1895.204412	-1895.718502	-70978.992698	-1897.327828	-1898.244250	-1896.880793	-1894.042122	-1896.411407	-1891.717540	-0.127921	0.961592	-0.154453	192.000000	0.000000	0.000000	0.000000	0.000000	0.000000	0.000000	0.000000	0.000000	0.000000	1741714490.534733	0.000000
140.000000	-99.979353	-1898.244250	-1891.672837	-1899.898279	-1893.215107	-1890.421139	-1894.869136	-1895.405578	-1895.718502	-70979.640899	-1897.260773	-1898.110139	-1896.724331	-1893.885659	-1896.411407	-1892.008113	-0.128961	0.960796	-0.155227	192.000000	125.500000	120.000000	15.000000	0.000000	125.500000	16.000000	0.000000	0.000000	0.000000	1741714490.534831	0.000000
142.000000	-99.957001	-1898.288953	-1891.941058	-1899.764168	-1893.460976	-1890.264677	-1894.489157	-1895.338523	-1895.919668	-70980.512617	-1897.484290	-1898.087787	-1896.679627	-1893.818604	-1896.478462	-1892.142223	-0.128961	0.960796	-0.155227	192.000000	0.000000	0.000000	0.000000	0.000000	0.000000	0.000000	0.000000	0.000000	0.000000	1741714490.534930	0.000000
144.000000	-99.934649	-1898.311305	-1892.164575	-1899.875927	-1893.282162	-1890.465843	-1894.802081	-1895.606744	-1895.830261	-70979.506788	-1897.417235	-1898.221898	-1896.880793	-1893.908011	-1896.590221	-1892.097520	-0.128961	0.960796	-0.155227	192.000000	0.000000	0.000000	0.000000	0.000000	0.000000	0.000000	0.000000	0.000000	0.000000	1741714490.535021	0.000000
146.000000	-100.001705	-1898.423064	-1891.851651	-1899.786520	-1893.304514	-1890.242325	-1894.578564	-1895.338523	-1895.852613	-70979.797361	-1897.104311	-1898.020732	-1896.701979	-1893.952715	-1896.590221	-1891.985761	-0.128961	0.960796	-0.155227	192.000000	0.000000	0.000000	0.000000	0.000000	0.000000	0.000000	0.000000	0.000000	0.000000	1741714490.535108	0.000000
148.000000	-99.957001	-1898.445415	-1892.052816	-1899.719465	-1893.371569	-1890.443491	-1894.779729	-1895.383226	-1896.053779	-70981.719611	-1897.327828	-1898.244250	-1897.059607	-1894.176232	-1896.679627	-1892.209279	-0.128961	0.960796	-0.155227	192.000000	0.000000	0.000000	0.000000	0.000000	0.000000	0.000000	0.000000	0.000000	0.000000	1741714490.596189	0.000000
150.000000	-100.001705	-1898.311305	-1892.164575	-1899.674761	-1893.505680	-1890.488194	-1894.511508	-1895.494985	-1895.830261	-70981.987832	-1897.372532	-1898.356008	-1896.970200	-1894.019770	-1896.500814	-1891.941058	-0.127480	0.959398	-0.155613	192.000000	126.000000	8.000000	14.500000	120.000000	125.500000	16.000000	0.000000	0.000000	0.000000	1741714490.596295	0.000000
152.000000	-99.957001	-1898.177194	-1891.941058	-1899.585354	-1893.237459	-1890.264677	-1894.399750	-1895.472633	-1895.919668	-70979.864416	-1897.283125	-1898.400712	-1896.903145	-1893.997418	-1896.679627	-1891.918706	-0.127480	0.959398	-0.155613	192.000000	0.000000	0.000000	0.000000	0.000000	0.000000	0.000000	0.000000	0.000000	0.000000	1741714490.596401	0.000000
154.000000	-99.934649	-1898.177194	-1891.963409	-1899.428892	-1893.170404	-1890.219973	-1894.399750	-1895.271468	-1895.852613	-70979.529140	-1897.372532	-1898.221898	-1897.260773	-1893.930363	-1896.813738	-1892.209279	-0.127480	0.959398	-0.155613	192.000000	0.000000	0.000000	0.000000	0.000000	0.000000	0.000000	0.000000	0.000000	0.000000	1741714490.596490	0.000000
156.000000	-99.979353	-1897.931325	-1892.008113	-1899.786520	-1893.125700	-1890.152918	-1894.623267	-1895.182061	-1896.098482	-70980.803189	-1897.238421	-1898.020732	-1897.081959	-1894.064473	-1896.746683	-1892.253982	-0.127480	0.959398	-0.155613	192.000000	0.000000	0.000000	0.000000	0.000000	0.000000	0.000000	0.000000	0.000000	0.000000	1741714490.596583	0.000000
158.000000	-99.979353	-1898.400712	-1892.008113	-1899.853575	-1893.036293	-1890.264677	-1894.735026	-1895.383226	-1895.964372	-70981.294928	-1897.461939	-1898.199546	-1897.104311	-1894.176232	-1896.701979	-1892.164575	-0.127480	0.959398	-0.155613	192.000000	0.000000	0.000000	0.000000	0.000000	0.000000	0.000000	0.000000	0.000000	0.000000	1741714490.596668	0.000000
160.000000	-99.957001	-1898.043084	-1891.695188	-1899.942982	-1893.304514	-1890.264677	-1894.757377	-1895.517337	-1895.606744	-70981.630204	-1897.417235	-1898.221898	-1896.858441	-1893.729197	-1896.523165	-1892.008113	-0.127740	0.958699	-0.157807	192.000000	126.000000	0.000000	14.500000	120.000000	125.500000	0.000000	0.000000	0.000000	0.000000	1741714490.596758	0.000000
162.000000	-100.001705	-1898.110139	-1891.985761	-1899.920630	-1893.170404	-1890.398787	-1894.600915	-1895.405578	-1896.031427	-70981.071410	-1897.327828	-1898.490119	-1896.947848	-1894.019770	-1896.523165	-1892.008113	-0.127740	0.958699	-0.157807	192.000000	0.000000	0.000000	0.000000	0.000000	0.000000	0.000000	0.000000	0.000000	0.000000	1741714490.596858	0.000000
164.000000	-99.979353	-1898.199546	-1891.918706	-1899.898279	-1893.349218	-1890.488194	-1894.712674	-1895.405578	-1896.031427	-70982.077239	-1897.640753	-1898.356008	-1896.992552	-1893.930363	-1896.590221	-1891.829299	-0.127740	0.958699	-0.157807	192.000000	0.000000	0.000000	0.000000	0.000000	0.000000	0.000000	0.000000	0.000000	0.000000	1741714490.618084	0.000000
166.000000	-100.001705	-1898.445415	-1891.784595	-1899.697113	-1893.460976	-1890.287029	-1894.735026	-1895.494985	-1895.874965	-70983.105419	-1897.350180	-1898.467767	-1897.216069	-1893.997418	-1896.500814	-1891.829299	-0.127740	0.958699	-0.157807	192.000000	0.000000	0.000000	0.000000	0.000000	0.000000	0.000000	0.000000	0.000000	0.000000	1741714490.668472	0.000000
168.000000	-99.912298	-1898.333657	-1891.784595	-1899.808872	-1893.371569	-1890.421139	-1894.623267	-1895.696151	-1895.874965	-70982.345460	-1897.327828	-1898.288953	-1897.059607	-1893.796252	-1896.456110	-1892.008113	-0.127740	0.958699	-0.157807	192.000000	0.000000	0.000000	0.000000	0.000000	0.000000	0.000000	0.000000	0.000000	0.000000	1741714490.668572	0.000000
170.000000	-99.912298	-1897.976029	-1891.896354	-1899.630058	-1893.148052	-1890.421139	-1894.712674	-1895.517337	-1896.009075	-70982.121942	-1897.305476	-1898.177194	-1896.858441	-1893.818604	-1896.724331	-1892.209279	-0.128870	0.959349	-0.158903	192.000000	125.500000	120.000000	15.000000	0.000000	125.500000	0.000000	0.000000	0.000000	0.000000	1741714490.668679	0.000000
172.000000	-99.934649	-1897.908973	-1891.941058	-1899.652410	-1893.058645	-1890.421139	-1894.690322	-1895.360875	-1895.852613	-70982.904253	-1897.350180	-1898.244250	-1896.724331	-1893.885659	-1896.456110	-1891.941058	-0.128870	0.959349	-0.158903	192.000000	0.000000	0.000000	0.000000	0.000000	0.000000	0.000000	0.000000	0.000000	0.000000	1741714490.668777	0.000000
174.000000	-99.957001	-1898.043084	-1891.918706	-1899.607706	-1893.259811	-1890.197622	-1894.466805	-1895.338523	-1895.897316	-70984.088896	-1897.394883	-1898.132491	-1896.947848	-1893.930363	-1896.523165	-1891.851651	-0.128870	0.959349	-0.158903	192.000000	0.000000	0.000000	0.000000	0.000000	0.000000	0.000000	0.000000	0.000000	0.000000	1741714490.668871	0.000000
176.000000	-99.934649	-1898.087787	-1892.164575	-1899.719465	-1893.237459	-1890.309380	-1894.623267	-1895.427930	-1895.696151	-70983.060716	-1897.372532	-1898.288953	-1896.791386	-1893.639790	-1896.567869	-1892.119872	-0.128870	0.959349	-0.158903	192.000000	0.000000	0.000000	0.000000	0.000000	0.000000	0.000000	0.000000	0.000000	0.000000	1741714490.668973	0.000000
178.000000	-100.001705	-1898.177194	-1891.963409	-1899.741816	-1893.237459	-1890.443491	-1894.690322	-1895.539689	-1895.964372	-70982.367811	-1897.506642	-1898.311305	-1896.970200	-1893.863308	-1896.500814	-1892.075168	-0.128870	0.959349	-0.158903	192.000000	0.000000	0.000000	0.000000	0.000000	0.000000	0.000000	0.000000	0.000000	0.000000	1741714490.669065	0.000000
180.000000	-100.024056	-1898.020732	-1891.851651	-1899.563003	-1893.080997	-1890.287029	-1894.578564	-1895.427930	-1895.874965	-70983.351288	-1897.283125	-1898.177194	-1896.791386	-1893.997418	-1896.523165	-1891.963409	-0.130435	0.958675	-0.157452	192.000000	125.500000	112.000000	14.500000	120.000000	125.500000	16.000000	0.000000	0.000000	0.000000	1741714490.669154	0.000000
182.000000	-100.001705	-1898.110139	-1892.075168	-1899.786520	-1893.304514	-1890.398787	-1894.533860	-1895.383226	-1896.053779	-70984.133599	-1897.417235	-1898.177194	-1896.612572	-1894.019770	-1896.277296	-1891.963409	-0.130435	0.958675	-0.157452	192.000000	0.000000	0.000000	0.000000	0.000000	0.000000	0.000000	0.000000	0.000000	0.000000	1741714490.703234	0.000000
184.000000	-100.001705	-1898.087787	-1891.896354	-1899.875927	-1893.080997	-1890.242325	-1894.466805	-1895.316171	-1895.897316	-70984.602986	-1897.461939	-1898.154843	-1896.880793	-1893.930363	-1896.478462	-1891.985761	-0.130435	0.958675	-0.157452	192.000000	0.000000	0.000000	0.000000	0.000000	0.000000	0.000000	0.000000	0.000000	0.000000	1741714490.703357	0.000000
186.000000	-99.934649	-1898.154843	-1892.075168	-1899.719465	-1893.237459	-1890.242325	-1894.623267	-1895.293819	-1895.830261	-70984.088896	-1897.394883	-1898.266601	-1896.903145	-1893.796252	-1896.724331	-1891.941058	-0.130435	0.958675	-0.157452	192.000000	0.000000	0.000000	0.000000	0.000000	0.000000	0.000000	0.000000	0.000000	0.000000	1741714490.703453	0.000000
188.000000	-99.934649	-1898.177194	-1891.941058	-1899.741816	-1893.215107	-1890.421139	-1894.533860	-1895.427930	-1895.942020	-70985.184131	-1897.394883	-1898.423064	-1896.813738	-1893.751549	-1896.634924	-1891.874002	-0.130435	0.958675	-0.157452	192.000000	0.000000	0.000000	0.000000	0.000000	0.000000	0.000000	0.000000	0.000000	0.000000	1741714490.726264	0.000000
190.000000	-99.912298	-1898.199546	-1891.963409	-1899.875927	-1893.460976	-1890.376436	-1894.511508	-1895.360875	-1895.718502	-70984.960614	-1897.417235	-1898.266601	-1896.701979	-1893.863308	-1896.567869	-1891.941058	-0.134218	0.960337	-0.162726	192.000000	125.500000	88.000000	15.000000	8.000000	125.000000	96.000000	0.000000	0.000000	0.000000	1741714490.726416	0.000000
192.000000	-99.957001	-1898.087787	-1892.142223	-1899.920630	-1893.438625	-1890.175270	-1894.712674	-1895.472633	-1895.919668	-70983.306585	-1897.327828	-1898.154843	-1896.947848	-1893.885659	-1896.701979	-1891.985761	-0.134218	0.960337	-0.162726	192.000000	0.000000	0.000000	0.000000	0.000000	0.000000	0.000000	0.000000	0.000000	0.000000	1741714490.752276	0.000000
194.000000	-100.001705	-1898.490119	-1892.209279	-1899.764168	-1893.326866	-1890.532898	-1894.578564	-1895.450282	-1896.009075	-70982.568977	-1897.216069	-1898.199546	-1896.769034	-1893.997418	-1896.478462	-1891.985761	-0.134218	0.960337	-0.162726	192.000000	0.000000	0.000000	0.000000	0.000000	0.000000	0.000000	0.000000	0.000000	0.000000	1741714490.811429	0.000000
196.000000	-99.979353	-1898.244250	-1892.164575	-1899.630058	-1893.215107	-1890.197622	-1894.690322	-1895.405578	-1895.986723	-70984.312413	-1897.283125	-1898.244250	-1896.791386	-1894.287991	-1896.590221	-1891.963409	-0.134218	0.960337	-0.162726	192.000000	0.000000	0.000000	0.000000	0.000000	0.000000	0.000000	0.000000	0.000000	0.000000	1741714490.811548	0.000000
198.000000	-100.001705	-1898.333657	-1892.075168	-1899.607706	-1893.237459	-1890.354084	-1894.623267	-1895.472633	-1896.009075	-70984.938262	-1897.327828	-1898.333657	-1896.925497	-1893.840956	-1896.612572	-1892.052816	-0.134218	0.960337	-0.162726	192.000000	0.000000	0.000000	0.000000	0.000000	0.000000	0.000000	0.000000	0.000000	0.000000	1741714490.811646	0.000000
200.000000	-99.979353	-1898.311305	-1892.097520	-1899.495947	-1893.460976	-1890.219973	-1894.489157	-1895.562040	-1895.874965	-70984.178303	-1897.350180	-1898.423064	-1896.880793	-1893.975066	-1896.724331	-1891.874002	-0.134109	0.961169	-0.159363	192.000000	125.500000	104.000000	15.000000	8.000000	125.500000	16.000000	0.000000	0.000000	0.000000	1741714490.811741	0.000000
202.000000	-99.934649	-1898.087787	-1891.985761	-1899.741816	-1893.192755	-1890.532898	-1894.466805	-1895.517337	-1896.098482	-70982.300756	-1897.126662	-1898.087787	-1896.836090	-1893.952715	-1896.724331	-1892.119872	-0.134109	0.961169	-0.159363	192.000000	0.000000	0.000000	0.000000	0.000000	0.000000	0.000000	0.000000	0.000000	0.000000	1741714490.811837	0.000000
204.000000	-99.957001	-1898.020732	-1892.008113	-1899.831223	-1893.416273	-1890.756415	-1894.533860	-1895.405578	-1895.942020	-70983.217178	-1897.394883	-1898.110139	-1896.813738	-1893.997418	-1896.701979	-1892.321037	-0.134109	0.961169	-0.159363	192.000000	0.000000	0.000000	0.000000	0.000000	0.000000	0.000000	0.000000	0.000000	0.000000	1741714490.811931	0.000000
206.000000	-99.957001	-1898.087787	-1891.941058	-1899.540651	-1893.326866	-1890.376436	-1894.824433	-1895.316171	-1895.763206	-70984.692393	-1897.461939	-1898.333657	-1896.947848	-1893.952715	-1896.679627	-1891.874002	-0.134109	0.961169	-0.159363	192.000000	0.000000	0.000000	0.000000	0.000000	0.000000	0.000000	0.000000	0.000000	0.000000	1741714490.812025	0.000000
208.000000	-99.957001	-1898.065436	-1892.052816	-1899.585354	-1893.304514	-1890.331732	-1894.936191	-1895.293819	-1895.986723	-70984.468875	-1897.372532	-1898.423064	-1897.059607	-1894.019770	-1896.523165	-1891.829299	-0.134109	0.961169	-0.159363	192.000000	0.000000	0.000000	0.000000	0.000000	0.000000	0.000000	0.000000	0.000000	0.000000	1741714490.858341	0.000000
210.000000	-99.934649	-1898.199546	-1891.985761	-1899.652410	-1893.393921	-1890.130566	-1894.623267	-1895.025598	-1895.852613	-70983.753620	-1897.663104	-1898.221898	-1896.858441	-1893.975066	-1896.701979	-1892.052816	-0.132054	0.962584	-0.158681	192.000000	125.500000	120.000000	15.000000	16.000000	125.500000	8.000000	0.000000	0.000000	0.000000	1741714490.858446	0.000000
212.000000	-100.024056	-1898.154843	-1892.119872	-1899.719465	-1893.416273	-1890.197622	-1894.489157	-1895.047950	-1895.919668	-70985.519407	-1897.283125	-1898.288953	-1896.903145	-1894.064473	-1896.813738	-1892.052816	-0.132054	0.962584	-0.158681	192.000000	0.000000	0.000000	0.000000	0.000000	0.000000	0.000000	0.000000	0.000000	0.000000	1741714490.858553	0.000000
214.000000	-99.934649	-1898.266601	-1891.963409	-1899.808872	-1893.304514	-1890.175270	-1894.466805	-1895.383226	-1895.807909	-70985.340593	-1897.260773	-1898.378360	-1897.059607	-1893.952715	-1896.523165	-1891.672837	-0.132054	0.962584	-0.158681	192.000000	0.000000	0.000000	0.000000	0.000000	0.000000	0.000000	0.000000	0.000000	0.000000	1741714490.858644	0.000000
216.000000	-99.957001	-1898.221898	-1892.030465	-1899.831223	-1893.215107	-1890.309380	-1894.533860	-1895.271468	-1895.986723	-70985.899387	-1897.640753	-1898.132491	-1896.970200	-1893.930363	-1896.411407	-1891.717540	-0.132054	0.962584	-0.158681	192.000000	0.000000	0.000000	0.000000	0.000000	0.000000	0.000000	0.000000	0.000000	0.000000	1741714490.858746	0.000000
218.000000	-100.046408	-1898.445415	-1892.008113	-1899.875927	-1893.349218	-1890.175270	-1894.556212	-1895.517337	-1895.986723	-70984.893559	-1897.394883	-1898.288953	-1896.836090	-1894.064473	-1896.500814	-1891.918706	-0.132054	0.962584	-0.158681	192.000000	0.000000	0.000000	0.000000	0.000000	0.000000	0.000000	0.000000	0.000000	0.000000	1741714490.874381	0.000000
220.000000	-100.024056	-1898.244250	-1892.075168	-1899.831223	-1893.304514	-1890.085863	-1894.466805	-1895.494985	-1895.986723	-70985.541759	-1897.596049	-1898.244250	-1897.104311	-1893.908011	-1896.836090	-1891.918706	-0.127027	0.960292	-0.157341	192.000000	126.000000	24.000000	14.500000	120.000000	125.500000	16.000000	0.000000	0.000000	0.000000	1741714490.911545	0.000000
222.000000	-100.046408	-1898.065436	-1892.276334	-1899.875927	-1893.326866	-1890.197622	-1894.690322	-1895.562040	-1895.942020	-70985.720573	-1897.707808	-1898.132491	-1897.014904	-1894.198584	-1896.612572	-1892.075168	-0.127027	0.960292	-0.157341	192.000000	0.000000	0.000000	0.000000	0.000000	0.000000	0.000000	0.000000	0.000000	0.000000	1741714490.911658	0.000000
224.000000	-100.001705	-1898.244250	-1892.276334	-1899.786520	-1893.483328	-1890.309380	-1894.712674	-1895.405578	-1896.009075	-70985.921739	-1897.350180	-1898.132491	-1897.037255	-1893.818604	-1896.567869	-1892.030465	-0.127027	0.960292	-0.157341	192.000000	0.000000	0.000000	0.000000	0.000000	0.000000	0.000000	0.000000	0.000000	0.000000	1741714490.911748	0.000000
226.000000	-99.979353	-1898.110139	-1891.941058	-1899.697113	-1893.237459	-1890.242325	-1894.578564	-1895.316171	-1895.673799	-70986.346422	-1897.327828	-1898.020732	-1896.724331	-1893.930363	-1896.433758	-1891.784595	-0.127027	0.960292	-0.157341	192.000000	0.000000	0.000000	0.000000	0.000000	0.000000	0.000000	0.000000	0.000000	0.000000	1741714490.972334	0.000000
228.000000	-99.957001	-1898.065436	-1891.918706	-1899.853575	-1893.103348	-1890.108215	-1894.578564	-1895.517337	-1895.830261	-70987.441657	-1897.484290	-1898.177194	-1896.612572	-1894.042122	-1896.657276	-1891.896354	-0.127027	0.960292	-0.157341	192.000000	0.000000	0.000000	0.000000	0.000000	0.000000	0.000000	0.000000	0.000000	0.000000	1741714490.972461	0.000000
230.000000	-99.957001	-1898.199546	-1892.119872	-1899.674761	-1893.460976	-1890.175270	-1894.623267	-1895.562040	-1895.785558	-70987.754582	-1897.394883	-1898.110139	-1896.992552	-1893.997418	-1896.679627	-1891.918706	-0.127514	0.960146	-0.157670	192.000000	126.000000	0.000000	15.000000	0.000000	125.500000	8.000000	0.000000	0.000000	0.000000	1741714490.972553	0.000000
232.000000	-99.957001	-1898.221898	-1891.896354	-1899.652410	-1893.148052	-1890.130566	-1894.533860	-1895.405578	-1895.763206	-70986.815809	-1897.216069	-1898.154843	-1896.992552	-1893.840956	-1896.545517	-1891.695188	-0.127514	0.960146	-0.157670	192.000000	0.000000	0.000000	0.000000	0.000000	0.000000	0.000000	0.000000	0.000000	0.000000	1741714490.972647	0.000000
234.000000	-99.934649	-1898.020732	-1891.672837	-1899.920630	-1893.192755	-1890.287029	-1894.556212	-1895.249116	-1895.606744	-70986.435829	-1897.372532	-1898.221898	-1896.813738	-1893.840956	-1896.523165	-1891.941058	-0.127514	0.960146	-0.157670	192.000000	0.000000	0.000000	0.000000	0.000000	0.000000	0.000000	0.000000	0.000000	0.000000	1741714490.972739	0.000000
236.000000	-100.001705	-1898.266601	-1892.052816	-1899.987686	-1893.326866	-1890.242325	-1894.645619	-1895.405578	-1896.009075	-70987.978099	-1897.461939	-1898.288953	-1896.836090	-1893.997418	-1896.567869	-1891.806947	-0.127514	0.960146	-0.157670	192.000000	0.000000	0.000000	0.000000	0.000000	0.000000	0.000000	0.000000	0.000000	0.000000	1741714490.972830	0.000000
238.000000	-99.957001	-1898.110139	-1892.142223	-1899.786520	-1893.259811	-1890.242325	-1894.578564	-1895.562040	-1895.740854	-70987.642823	-1897.171366	-1898.020732	-1896.679627	-1893.952715	-1896.545517	-1891.628133	-0.127514	0.960146	-0.157670	192.000000	0.000000	0.000000	0.000000	0.000000	0.000000	0.000000	0.000000	0.000000	0.000000	1741714490.972926	0.000000
240.000000	-99.934649	-1898.244250	-1892.142223	-1899.697113	-1893.237459	-1890.309380	-1894.489157	-1895.159709	-1895.986723	-70986.413477	-1897.149014	-1898.400712	-1896.992552	-1894.086825	-1896.634924	-1891.985761	-0.130000	0.962000	-0.152000	192.000000	125.500000	120.000000	15.000000	8.000000	125.500000	32.000000	0.000000	0.000000	0.000000	1741714490.973020	0.000000
242.000000	-99.912298	-1898.221898	-1891.941058	-1899.540651	-1893.058645	-1890.130566	-1894.667970	-1895.450282	-1895.897316	-70987.039326	-1897.417235	-1898.065436	-1896.970200	-1894.042122	-1896.545517	-1892.097520	-0.130000	0.962000	-0.152000	192.000000	0.000000	0.000000	0.000000	0.000000	0.000000	0.000000	0.000000	0.000000	0.000000	1741714491.021777	0.000000
244.000000	-99.957001	-1898.154843	-1891.896354	-1899.719465	-1893.438625	-1890.197622	-1894.355046	-1895.360875	-1896.031427	-70988.112210	-1897.350180	-1898.065436	-1896.970200	-1893.952715	-1896.791386	-1892.097520	-0.130000	0.962000	-0.152000	192.000000	0.000000	0.000000	0.000000	0.000000	0.000000	0.000000	0.000000	0.000000	0.000000	1741714491.021981	0.000000
246.000000	-99.979353	-1898.132491	-1891.896354	-1899.719465	-1893.215107	-1890.376436	-1894.466805	-1895.204412	-1895.986723	-70988.425134	-1897.640753	-1898.199546	-1896.701979	-1894.042122	-1896.567869	-1892.008113	-0.130000	0.962000	-0.152000	192.000000	0.000000	0.000000	0.000000	0.000000	0.000000	0.000000	0.000000	0.000000	0.000000	1741714491.022071	0.000000
248.000000	-99.957001	-1898.087787	-1891.851651	-1900.010037	-1893.483328	-1890.354084	-1894.556212	-1895.562040	-1895.807909	-70987.218140	-1897.238421	-1898.154843	-1897.014904	-1893.617439	-1896.567869	-1891.985761	-0.130000	0.962000	-0.152000	192.000000	0.000000	0.000000	0.000000	0.000000	0.000000	0.000000	0.000000	0.000000	0.000000	1741714491.022165	0.000000
250.000000	-99.979353	-1898.311305	-1892.075168	-1899.808872	-1893.259811	-1890.242325	-1894.757377	-1895.450282	-1896.009075	-70987.061678	-1897.171366	-1898.467767	-1897.014904	-1893.930363	-1896.411407	-1891.874002	-0.128000	0.962000	-0.154000	192.000000	126.000000	0.000000	15.000000	8.000000	125.500000	24.000000	0.000000	0.000000	0.000000	1741714491.022261	0.000000
252.000000	-22.038820	-30.778352	-25.592747	-32.544140	-27.067963	-23.536387	-28.431419	-28.744343	-1585.878621	-70987.173437	-1587.107967	-1588.158499	-1586.839746	-1583.889316	-1586.191545	-1581.855307	-0.128000	0.962000	-0.154000	192.000000	0.000000	0.000000	0.000000	0.000000	0.000000	0.000000	0.000000	0.000000	0.000000	1741714491.022359	0.000000
254.000000	55.924065	1842.901330	1847.729307	1841.157894	1845.717650	1850.389165	1844.220083	1844.756525	1533.799056	-70987.732230	1532.748524	1531.228606	1529.194597	1534.179036	1531.385068	1535.922472	-0.128000	0.962000	-0.154000	192.000000	0.000000	0.000000	0.000000	0.000000	0.000000	0.000000	0.000000	0.000000	0.000000	1741714491.022443	0.000000
0.000000	55.968768	1842.834275	1847.729307	1841.292005	1846.030575	1850.187999	1844.108325	1844.711822	1847.416383	-70987.866341	1846.254092	1845.047098	1842.387240	1847.438734	1844.935339	1849.450391	-0.128000	0.962000	-0.154000	192.000000	0.000000	0.000000	0.000000	0.000000	0.000000	0.000000	0.000000	0.000000	0.000000	1741714491.070699	0.000000
2.000000	55.946416	1842.968386	1847.729307	1841.046136	1846.119982	1849.964482	1844.153028	1844.711822	1847.304624	-70987.441657	1846.187037	1844.957691	1842.767220	1847.483438	1844.778877	1849.450391	-0.128000	0.962000	-0.154000	192.000000	0.000000	0.000000	0.000000	0.000000	0.000000	0.000000	0.000000	0.000000	0.000000	1741714491.070805	0.000000
4.000000	55.991120	1842.923682	1847.841066	1841.247301	1846.187037	1850.165647	1844.018918	1844.711822	1847.170514	-70988.179265	1846.075278	1844.868284	1842.588406	1847.237569	1844.644766	1849.539798	-0.130000	0.962000	-0.154000	192.000000	125.500000	120.000000	15.000000	8.000000	125.500000	24.000000	0.000000	0.000000	0.000000	1741714491.070904	0.000000
6.000000	55.946416	1843.080144	1847.684604	1841.314356	1846.276444	1850.255054	1844.197732	1844.845932	1847.081107	-70988.447486	1846.142333	1845.024746	1842.431944	1847.394031	1844.533008	1849.562150	-0.130000	0.962000	-0.154000	192.000000	0.000000	0.000000	0.000000	0.000000	0.000000	0.000000	0.000000	0.000000	0.000000	1741714491.071000	0.000000
8.000000	55.968768	1843.013089	1847.639900	1841.046136	1846.298795	1850.232703	1844.510656	1844.778877	1847.259921	-70987.419306	1846.097630	1845.024746	1842.610758	1847.438734	1844.533008	1849.785668	-0.130000	0.962000	-0.154000	192.000000	0.000000	0.000000	0.000000	0.000000	0.000000	0.000000	0.000000	0.000000	0.000000	1741714491.071136	0.000000
10.000000	55.946416	1843.214255	1847.952825	1841.157894	1846.097630	1850.143296	1844.398897	1844.801229	1847.259921	-70987.441657	1845.918816	1844.756525	1842.566054	1847.259921	1844.711822	1849.539798	-0.130000	0.962000	-0.154000	192.000000	0.000000	0.000000	0.000000	0.000000	0.000000	0.000000	0.000000	0.000000	0.000000	1741714491.071232	0.000000
12.000000	55.946416	1842.901330	1847.729307	1841.157894	1846.052926	1850.053889	1844.153028	1844.555359	1847.125810	-70988.335727	1846.254092	1844.980043	1842.543702	1847.103458	1844.801229	1849.383336	-0.130000	0.962000	-0.154000	192.000000	0.000000	0.000000	0.000000	0.000000	0.000000	0.000000	0.000000	0.000000	0.000000	1741714491.071321	0.000000
14.000000	55.968768	1843.035441	1847.774011	1841.090839	1846.075278	1850.120944	1844.130676	1844.443601	1847.148162	-70988.380431	1846.142333	1845.024746	1842.744868	1847.394031	1844.845932	1849.696261	-0.126000	0.968000	-0.158000	192.000000	126.000000	8.000000	15.000000	32.000000	125.500000	8.000000	0.000000	0.000000	0.000000	1741714491.071406	0.000000
16.000000	55.968768	1843.124848	1847.774011	1841.224950	1846.209389	1850.143296	1843.974214	1844.600063	1847.259921	-70988.201617	1846.075278	1844.890636	1842.610758	1847.349327	1844.912987	1849.651557	-0.126000	0.968000	-0.158000	192.000000	0.000000	0.000000	0.000000	0.000000	0.000000	0.000000	0.000000	0.000000	0.000000	1741714491.122333	0.000000
18.000000	55.946416	1843.191903	1847.841066	1841.224950	1845.985871	1850.344461	1844.108325	1844.488304	1847.282272	-70988.335727	1846.142333	1845.114153	1842.610758	1847.394031	1844.555359	1849.293929	-0.126000	0.968000	-0.158000	192.000000	0.000000	0.000000	0.000000	0.000000	0.000000	0.000000	0.000000	0.000000	0.000000	1741714491.122434	0.000000
20.000000	55.968768	1843.057793	1847.751659	1841.359060	1846.052926	1850.120944	1844.264787	1844.600063	1847.259921	-70989.855646	1846.231740	1844.935339	1842.454295	1847.394031	1844.488304	1849.606854	-0.126000	0.968000	-0.158000	192.000000	0.000000	0.000000	0.000000	0.000000	0.000000	0.000000	0.000000	0.000000	0.000000	1741714491.122524	0.000000
22.000000	55.946416	1843.102496	1847.706955	1841.113191	1846.231740	1850.098592	1844.309490	1844.689470	1847.550493	-70989.185094	1846.343499	1844.801229	1842.789572	1847.461086	1844.957691	1849.539798	-0.126000	0.968000	-0.158000	192.000000	0.000000	0.000000	0.000000	0.000000	0.000000	0.000000	0.000000	0.000000	0.000000	1741714491.122616	0.000000
24.000000	55.968768	1843.303662	1847.751659	1841.314356	1846.119982	1850.232703	1844.108325	1844.689470	1847.326976	-70988.246320	1845.963519	1844.778877	1842.476647	1847.461086	1844.465952	1849.360984	-0.126000	0.964000	-0.156000	192.000000	126.000000	8.000000	15.000000	16.000000	125.500000	16.000000	0.000000	0.000000	0.000000	1741714491.122705	0.000000
26.000000	55.946416	1843.057793	1847.796362	1841.180246	1846.164685	1850.187999	1844.197732	1844.756525	1847.215217	-70989.118038	1845.918816	1844.935339	1842.431944	1847.528141	1844.711822	1849.584502	-0.126000	0.964000	-0.156000	192.000000	0.000000	0.000000	0.000000	0.000000	0.000000	0.000000	0.000000	0.000000	0.000000	1741714491.122799	0.000000
28.000000	55.968768	1843.080144	1847.706955	1841.247301	1846.119982	1850.299758	1844.331842	1844.823580	1847.081107	-70989.408611	1846.187037	1844.980043	1842.677813	1847.438734	1844.711822	1849.718612	-0.126000	0.964000	-0.156000	192.000000	0.000000	0.000000	0.000000	0.000000	0.000000	0.000000	0.000000	0.000000	0.000000	1741714491.122886	0.000000
30.000000	55.991120	1843.080144	1847.572845	1841.224950	1846.075278	1850.076240	1844.130676	1844.667118	1847.349327	-70990.459143	1846.254092	1845.114153	1842.655461	1847.729307	1844.756525	1849.495095	-0.126000	0.964000	-0.156000	192.000000	0.000000	0.000000	0.000000	0.000000	0.000000	0.000000	0.000000	0.000000	0.000000	1741714491.172537	0.000000
32.000000	55.991120	1843.080144	1847.572845	1841.224950	1846.142333	1849.986833	1843.817752	1844.600063	1847.125810	-70988.827466	1845.985871	1844.957691	1842.342537	1847.438734	1844.600063	1849.338633	-0.126000	0.964000	-0.156000	192.000000	0.000000	0.000000	0.000000	0.000000	0.000000	0.000000	0.000000	0.000000	0.000000	1741714491.172646	0.000000
34.000000	55.968768	1842.990737	1847.528141	1841.180246	1846.119982	1849.964482	1844.085973	1844.935339	1847.349327	-70988.648652	1846.119982	1844.957691	1842.498999	1847.282272	1844.644766	1849.763316	-0.126000	0.966000	-0.156000	192.000000	126.000000	8.000000	15.000000	24.000000	125.500000	16.000000	0.000000	0.000000	0.000000	1741714491.172735	0.000000
36.000000	55.946416	1843.147200	1847.796362	1841.381412	1846.075278	1849.942130	1844.175380	1844.778877	1847.349327	-70990.392088	1846.119982	1845.091801	1842.387240	1847.416383	1844.711822	1849.651557	-0.126000	0.966000	-0.156000	192.000000	0.000000	0.000000	0.000000	0.000000	0.000000	0.000000	0.000000	0.000000	0.000000	1741714491.172831	0.000000
38.000000	55.946416	1843.191903	1847.885769	1841.135543	1846.164685	1850.120944	1844.130676	1844.756525	1847.259921	-70989.520370	1845.963519	1844.845932	1842.431944	1847.349327	1844.443601	1849.562150	-0.126000	0.966000	-0.156000	192.000000	0.000000	0.000000	0.000000	0.000000	0.000000	0.000000	0.000000	0.000000	0.000000	1741714491.172918	0.000000
40.000000	55.946416	1843.057793	1847.863418	1841.314356	1846.321147	1850.411516	1844.331842	1844.845932	1847.103458	-70989.252149	1846.030575	1845.203560	1842.476647	1847.349327	1844.711822	1849.830371	-0.126000	0.966000	-0.156000	192.000000	0.000000	0.000000	0.000000	0.000000	0.000000	0.000000	0.000000	0.000000	0.000000	1741714491.173020	0.000000
42.000000	55.946416	1843.147200	1847.751659	1841.247301	1846.231740	1850.031537	1844.309490	1844.577711	1847.483438	-70987.732230	1846.209389	1845.024746	1842.633109	1847.416383	1844.711822	1849.517447	-0.126000	0.966000	-0.156000	192.000000	0.000000	0.000000	0.000000	0.000000	0.000000	0.000000	0.000000	0.000000	0.000000	1741714491.173113	0.000000
44.000000	55.946416	1842.946034	1847.908121	1841.381412	1846.142333	1850.210351	1844.130676	1844.577711	1847.461086	-70989.475666	1845.918816	1845.002394	1842.767220	1847.461086	1844.644766	1849.629205	-0.126000	0.966000	-0.162000	192.000000	126.000000	8.000000	15.000000	24.000000	125.000000	120.000000	0.000000	0.000000	0.000000	1741714491.173200	0.000000
46.000000	55.924065	1842.856627	1847.885769	1841.470819	1846.276444	1850.187999	1844.376545	1844.868284	1847.304624	-70990.548550	1846.164685	1844.823580	1842.588406	1847.595197	1844.711822	1849.495095	-0.126000	0.966000	-0.162000	192.000000	0.000000	0.000000	0.000000	0.000000	0.000000	0.000000	0.000000	0.000000	0.000000	1741714491.222151	0.000000
48.000000	55.946416	1842.923682	1847.550493	1841.224950	1845.985871	1849.964482	1844.085973	1844.533008	1847.103458	-70989.095687	1846.276444	1844.622415	1842.677813	1847.505790	1844.734173	1849.651557	-0.126000	0.966000	-0.162000	192.000000	0.000000	0.000000	0.000000	0.000000	0.000000	0.000000	0.000000	0.000000	0.000000	1741714491.222244	0.000000
50.000000	56.035823	1842.811923	1847.617548	1841.359060	1846.142333	1850.076240	1843.974214	1844.533008	1847.371679	-70990.392088	1846.097630	1844.912987	1842.767220	1847.505790	1844.756525	1849.584502	-0.126000	0.966000	-0.162000	192.000000	0.000000	0.000000	0.000000	0.000000	0.000000	0.000000	0.000000	0.000000	0.000000	1741714491.222349	0.000000
52.000000	55.991120	1842.946034	1847.818714	1841.180246	1845.941168	1849.919778	1844.153028	1844.756525	1847.304624	-70991.174399	1846.030575	1845.091801	1842.655461	1847.572845	1844.868284	1849.651557	-0.126000	0.966000	-0.162000	192.000000	0.000000	0.000000	0.000000	0.000000	0.000000	0.000000	0.000000	0.000000	0.000000	1741714491.222438	0.000000
54.000000	55.968768	1842.923682	1847.729307	1841.202598	1846.075278	1850.053889	1844.242435	1844.734173	1847.148162	-70991.912006	1845.896464	1844.890636	1842.498999	1847.349327	1844.912987	1849.651557	-0.134000	0.966000	-0.160000	192.000000	125.500000	104.000000	15.000000	24.000000	125.500000	0.000000	0.000000	0.000000	0.000000	1741714491.222532	0.000000
56.000000	55.968768	1842.923682	1847.662252	1841.269653	1846.142333	1850.009185	1844.108325	1844.600063	1847.349327	-70990.906178	1846.187037	1845.024746	1842.476647	1847.483438	1844.868284	1849.517447	-0.134000	0.966000	-0.160000	192.000000	0.000000	0.000000	0.000000	0.000000	0.000000	0.000000	0.000000	0.000000	0.000000	1741714491.222632	0.000000
58.000000	55.968768	1843.057793	1847.706955	1841.292005	1846.008223	1849.897426	1844.175380	1844.398897	1847.103458	-70990.213274	1846.254092	1844.957691	1842.700165	1847.505790	1844.801229	1849.785668	-0.134000	0.966000	-0.160000	192.000000	0.000000	0.000000	0.000000	0.000000	0.000000	0.000000	0.000000	0.000000	0.000000	1741714491.222719	0.000000
60.000000	55.946416	1843.191903	1847.885769	1841.269653	1846.052926	1850.076240	1844.309490	1844.778877	1847.103458	-70991.733192	1846.254092	1844.912987	1842.543702	1847.662252	1844.823580	1849.517447	-0.134000	0.966000	-0.160000	192.000000	0.000000	0.000000	0.000000	0.000000	0.000000	0.000000	0.000000	0.000000	0.000000	1741714491.275624	0.000000
62.000000	55.968768	1843.258958	1847.639900	1841.180246	1845.941168	1850.076240	1844.130676	1844.801229	1846.946996	-70991.263806	1846.142333	1845.024746	1842.342537	1847.237569	1844.734173	1849.316281	-0.134000	0.966000	-0.160000	192.000000	0.000000	0.000000	0.000000	0.000000	0.000000	0.000000	0.000000	0.000000	0.000000	1741714491.275725	0.000000
64.000000	55.924065	1843.013089	1847.863418	1841.157894	1846.052926	1850.076240	1844.197732	1844.957691	1847.081107	-70989.609777	1845.918816	1844.823580	1842.677813	1847.483438	1844.778877	1849.517447	-0.136000	0.964000	-0.158000	192.000000	125.500000	96.000000	15.000000	16.000000	125.500000	8.000000	0.000000	0.000000	0.000000	1741714491.275819	0.000000
66.000000	55.946416	1842.923682	1847.796362	1841.023784	1845.874112	1849.897426	1844.153028	1844.622415	1847.259921	-70989.945053	1846.075278	1844.689470	1842.588406	1847.438734	1844.667118	1849.629205	-0.136000	0.964000	-0.158000	192.000000	0.000000	0.000000	0.000000	0.000000	0.000000	0.000000	0.000000	0.000000	0.000000	1741714491.275920	0.000000
68.000000	55.946416	1842.990737	1847.885769	1841.068487	1846.097630	1850.076240	1844.242435	1844.533008	1847.394031	-70991.733192	1845.874112	1845.002394	1842.566054	1847.550493	1844.734173	1849.539798	-0.136000	0.964000	-0.158000	192.000000	0.000000	0.000000	0.000000	0.000000	0.000000	0.000000	0.000000	0.000000	0.000000	1741714491.276009	0.000000
70.000000	55.924065	1842.856627	1847.796362	1841.157894	1846.008223	1849.942130	1843.996566	1844.711822	1847.550493	-70992.537855	1846.075278	1845.225912	1842.610758	1847.483438	1844.912987	1849.696261	-0.136000	0.964000	-0.158000	192.000000	0.000000	0.000000	0.000000	0.000000	0.000000	0.000000	0.000000	0.000000	0.000000	1741714491.276100	0.000000
72.000000	56.013472	1842.968386	1847.617548	1841.157894	1846.097630	1850.143296	1844.354194	1844.734173	1847.259921	-70990.637957	1846.030575	1845.203560	1842.275481	1847.282272	1844.711822	1849.785668	-0.136000	0.964000	-0.158000	192.000000	0.000000	0.000000	0.000000	0.000000	0.000000	0.000000	0.000000	0.000000	0.000000	1741714491.276189	0.000000
74.000000	55.924065	1843.169551	1847.796362	1841.113191	1846.008223	1850.322109	1844.108325	1844.778877	1847.259921	-70990.772067	1846.254092	1845.203560	1842.521351	1847.461086	1844.667118	1849.495095	-0.132000	0.962000	-0.152000	192.000000	125.500000	112.000000	15.000000	8.000000	125.500000	32.000000	0.000000	0.000000	0.000000	1741714491.276283	0.000000
76.000000	55.946416	1843.013089	1848.019880	1841.224950	1846.209389	1850.009185	1844.041269	1844.890636	1847.259921	-70991.777896	1846.164685	1845.091801	1842.498999	1847.461086	1844.622415	1849.517447	-0.132000	0.962000	-0.152000	192.000000	0.000000	0.000000	0.000000	0.000000	0.000000	0.000000	0.000000	0.000000	0.000000	1741714491.334646	0.000000
78.000000	55.946416	1842.811923	1847.751659	1841.113191	1846.187037	1850.344461	1844.063621	1844.667118	1847.282272	-70992.157876	1845.896464	1845.069450	1842.566054	1847.550493	1844.600063	1849.651557	-0.132000	0.962000	-0.152000	192.000000	0.000000	0.000000	0.000000	0.000000	0.000000	0.000000	0.000000	0.000000	0.000000	1741714491.334753	0.000000
80.000000	55.924065	1842.990737	1847.639900	1841.426115	1845.963519	1850.120944	1844.175380	1844.600063	1847.438734	-70991.487323	1845.851761	1845.002394	1842.610758	1847.572845	1844.845932	1849.428040	-0.132000	0.962000	-0.152000	192.000000	0.000000	0.000000	0.000000	0.000000	0.000000	0.000000	0.000000	0.000000	0.000000	1741714491.334846	0.000000
82.000000	56.035823	1842.811923	1847.774011	1841.157894	1846.075278	1849.986833	1844.264787	1844.287138	1847.192865	-70991.956710	1845.985871	1844.912987	1842.476647	1847.528141	1844.868284	1849.360984	-0.132000	0.962000	-0.152000	192.000000	0.000000	0.000000	0.000000	0.000000	0.000000	0.000000	0.000000	0.000000	0.000000	1741714491.334939	0.000000
84.000000	55.946416	1843.370717	1847.662252	1841.023784	1846.052926	1849.986833	1844.242435	1844.376545	1847.237569	-70992.873131	1846.030575	1844.823580	1842.498999	1847.483438	1844.600063	1849.673909	-0.136000	0.958000	-0.154000	192.000000	125.500000	96.000000	14.500000	120.000000	125.500000	24.000000	0.000000	0.000000	0.000000	1741714491.335020	0.000000
86.000000	55.946416	1843.057793	1847.461086	1840.912025	1846.254092	1850.076240	1844.018918	1844.622415	1847.170514	-70993.141352	1846.298795	1844.890636	1842.521351	1847.662252	1844.622415	1849.495095	-0.136000	0.958000	-0.154000	192.000000	0.000000	0.000000	0.000000	0.000000	0.000000	0.000000	0.000000	0.000000	0.000000	1741714491.335124	0.000000
88.000000	55.901713	1842.856627	1847.751659	1841.247301	1846.075278	1850.299758	1844.130676	1844.443601	1847.125810	-70992.604910	1845.918816	1844.980043	1842.498999	1847.505790	1844.667118	1849.517447	-0.136000	0.958000	-0.154000	192.000000	0.000000	0.000000	0.000000	0.000000	0.000000	0.000000	0.000000	0.000000	0.000000	1741714491.335219	0.000000
90.000000	55.946416	1843.102496	1847.639900	1841.314356	1846.008223	1850.255054	1844.175380	1844.600063	1847.170514	-70992.984890	1846.119982	1845.069450	1842.498999	1847.304624	1844.622415	1849.472743	-0.136000	0.958000	-0.154000	192.000000	0.000000	0.000000	0.000000	0.000000	0.000000	0.000000	0.000000	0.000000	0.000000	1741714491.377324	0.000000
92.000000	55.879361	1843.035441	1847.461086	1841.113191	1846.187037	1850.187999	1844.041269	1844.890636	1847.192865	-70994.057774	1846.075278	1844.868284	1842.498999	1847.438734	1844.778877	1849.495095	-0.136000	0.958000	-0.154000	192.000000	0.000000	0.000000	0.000000	0.000000	0.000000	0.000000	0.000000	0.000000	0.000000	1741714491.377422	0.000000
94.000000	55.946416	1843.035441	1847.662252	1841.068487	1846.030575	1850.299758	1844.264787	1844.711822	1847.215217	-70994.549512	1845.918816	1844.912987	1842.320185	1847.349327	1844.667118	1849.584502	-0.132000	0.960000	-0.158000	192.000000	125.500000	112.000000	15.000000	0.000000	125.500000	8.000000	0.000000	0.000000	0.000000	1741714491.377511	0.000000
96.000000	55.946416	1843.214255	1847.774011	1841.269653	1846.164685	1850.344461	1844.220083	1844.756525	1847.438734	-70993.007242	1845.896464	1844.912987	1842.521351	1847.371679	1844.644766	1849.539798	-0.132000	0.960000	-0.158000	192.000000	0.000000	0.000000	0.000000	0.000000	0.000000	0.000000	0.000000	0.000000	0.000000	1741714491.377610	0.000000
98.000000	55.968768	1842.990737	1847.863418	1841.202598	1846.187037	1850.165647	1844.108325	1844.510656	1847.349327	-70994.303643	1845.985871	1845.002394	1842.588406	1847.595197	1844.689470	1849.696261	-0.132000	0.960000	-0.158000	192.000000	0.000000	0.000000	0.000000	0.000000	0.000000	0.000000	0.000000	0.000000	0.000000	1741714491.377699	0.000000
100.000000	55.946416	1843.080144	1847.662252	1841.090839	1845.941168	1849.763316	1843.929511	1844.533008	1847.036403	-70994.527160	1846.097630	1845.002394	1842.655461	1847.349327	1844.778877	1849.472743	-0.132000	0.960000	-0.158000	192.000000	0.000000	0.000000	0.000000	0.000000	0.000000	0.000000	0.000000	0.000000	0.000000	1741714491.447435	0.000000
102.000000	55.946416	1843.236607	1847.751659	1841.247301	1845.918816	1850.053889	1844.153028	1844.644766	1847.058755	-70994.817733	1846.008223	1845.069450	1842.767220	1847.326976	1844.734173	1849.495095	-0.132000	0.960000	-0.158000	192.000000	0.000000	0.000000	0.000000	0.000000	0.000000	0.000000	0.000000	0.000000	0.000000	1741714491.447580	0.000000
104.000000	55.924065	1843.124848	1847.774011	1841.180246	1846.119982	1849.986833	1844.197732	1844.600063	1847.237569	-70993.320166	1846.187037	1845.047098	1842.789572	1847.259921	1844.823580	1849.472743	-0.136000	0.966000	-0.158000	192.000000	125.500000	96.000000	15.000000	24.000000	125.500000	8.000000	0.000000	0.000000	0.000000	1741714491.447671	0.000000
106.000000	55.946416	1843.124848	1847.930473	1841.157894	1845.941168	1849.942130	1844.242435	1844.756525	1847.170514	-70993.811905	1846.276444	1844.957691	1842.543702	1847.282272	1844.823580	1849.293929	-0.136000	0.966000	-0.158000	192.000000	0.000000	0.000000	0.000000	0.000000	0.000000	0.000000	0.000000	0.000000	0.000000	1741714491.447768	0.000000
108.000000	55.924065	1842.946034	1847.930473	1840.889673	1846.075278	1850.120944	1844.220083	1844.577711	1847.215217	-70994.817733	1845.985871	1844.890636	1842.498999	1847.304624	1844.711822	1849.606854	-0.136000	0.966000	-0.158000	192.000000	0.000000	0.000000	0.000000	0.000000	0.000000	0.000000	0.000000	0.000000	0.000000	1741714491.447855	0.000000
110.000000	55.924065	1842.990737	1847.751659	1841.001432	1846.097630	1850.232703	1844.264787	1845.024746	1847.237569	-70994.571864	1845.851761	1844.801229	1842.342537	1847.617548	1845.136505	1849.517447	-0.136000	0.966000	-0.158000	192.000000	0.000000	0.000000	0.000000	0.000000	0.000000	0.000000	0.000000	0.000000	0.000000	1741714491.447951	0.000000
112.000000	56.013472	1842.946034	1847.729307	1841.180246	1845.963519	1850.098592	1844.108325	1844.644766	1847.215217	-70994.393050	1845.963519	1844.734173	1842.543702	1847.326976	1844.912987	1849.495095	-0.136000	0.966000	-0.158000	192.000000	0.000000	0.000000	0.000000	0.000000	0.000000	0.000000	0.000000	0.000000	0.000000	1741714491.448044	0.000000
114.000000	55.924065	1843.169551	1847.796362	1841.269653	1845.985871	1849.942130	1844.287138	1844.711822	1847.237569	-70994.124829	1846.052926	1845.024746	1842.342537	1847.326976	1844.555359	1849.450391	-0.132000	0.962000	-0.158000	192.000000	125.500000	112.000000	15.000000	8.000000	125.500000	8.000000	0.000000	0.000000	0.000000	1741714491.501885	0.000000
116.000000	55.901713	1843.124848	1847.841066	1841.180246	1846.142333	1850.053889	1844.041269	1844.600063	1847.014051	-70994.638919	1845.963519	1844.912987	1842.498999	1847.304624	1844.778877	1849.517447	-0.132000	0.962000	-0.158000	192.000000	0.000000	0.000000	0.000000	0.000000	0.000000	0.000000	0.000000	0.000000	0.000000	1741714491.502001	0.000000
118.000000	55.991120	1843.236607	1847.863418	1841.359060	1846.187037	1850.210351	1844.376545	1844.912987	1847.349327	-70994.303643	1846.187037	1845.158857	1842.320185	1847.483438	1844.667118	1849.584502	-0.132000	0.962000	-0.158000	192.000000	0.000000	0.000000	0.000000	0.000000	0.000000	0.000000	0.000000	0.000000	0.000000	1741714491.502083	0.000000
120.000000	55.946416	1843.214255	1847.796362	1841.113191	1846.343499	1850.232703	1844.220083	1844.622415	1847.326976	-70994.482457	1845.963519	1845.136505	1842.521351	1847.215217	1844.533008	1849.539798	-0.132000	0.962000	-0.158000	192.000000	0.000000	0.000000	0.000000	0.000000	0.000000	0.000000	0.000000	0.000000	0.000000	1741714491.502178	0.000000
122.000000	55.946416	1843.035441	1847.684604	1841.224950	1845.963519	1850.053889	1844.153028	1844.734173	1847.259921	-70995.465934	1846.008223	1844.890636	1842.811923	1847.326976	1845.002394	1849.360984	-0.132000	0.962000	-0.158000	192.000000	0.000000	0.000000	0.000000	0.000000	0.000000	0.000000	0.000000	0.000000	0.000000	1741714491.502274	0.000000
124.000000	-22.061172	-24.363401	-18.954279	-26.151541	-20.429494	-16.719105	-21.949413	-21.927061	1536.883597	-70994.482457	1535.743658	1534.559016	1532.413248	1537.308280	1534.514312	1539.454048	-0.126000	0.958000	-0.158000	192.000000	126.000000	8.000000	14.500000	120.000000	125.500000	8.000000	0.000000	0.000000	0.000000	1741714491.502365	0.000000
126.000000	-99.957001	-1898.244250	-1891.941058	-1899.831223	-1893.259811	-1890.152918	-1894.489157	-1895.047950	-1582.235287	-70995.421230	-1583.822260	-1584.716330	-1583.822260	-1580.402443	-1583.084653	-1578.211973	-0.126000	0.958000	-0.158000	192.000000	0.000000	0.000000	0.000000	0.000000	0.000000	0.000000	0.000000	0.000000	0.000000	1741714491.502460	0.000000
128.000000	-99.957001	-1898.244250	-1891.829299	-1899.808872	-1893.058645	-1890.197622	-1894.667970	-1895.070302	-1895.919668	-70994.817733	-1897.350180	-1898.266601	-1896.992552	-1893.796252	-1896.612572	-1891.739892	-0.126000	0.958000	-0.158000	192.000000	0.000000	0.000000	0.000000	0.000000	0.000000	0.000000	0.000000	0.000000	0.000000	1741714491.551193	0.000000
130.000000	-99.957001	-1898.244250	-1891.784595	-1899.697113	-1893.259811	-1890.555250	-1894.645619	-1895.360875	-1896.076130	-70994.460105	-1897.551346	-1898.110139	-1897.126662	-1893.997418	-1896.746683	-1892.008113	-0.126000	0.958000	-0.158000	192.000000	0.000000	0.000000	0.000000	0.000000	0.000000	0.000000	0.000000	0.000000	0.000000	1741714491.551298	0.000000
132.000000	-99.934649	-1898.266601	-1891.784595	-1899.719465	-1893.215107	-1890.510546	-1894.667970	-1895.472633	-1895.807909	-70996.024727	-1897.283125	-1898.110139	-1896.813738	-1893.796252	-1896.411407	-1892.008113	-0.126000	0.958000	-0.158000	192.000000	0.000000	0.000000	0.000000	0.000000	0.000000	0.000000	0.000000	0.000000	0.000000	1741714491.551393	0.000000
134.000000	-99.934649	-1898.087787	-1891.874002	-1899.630058	-1893.125700	-1890.465843	-1894.466805	-1895.316171	-1895.942020	-70996.471762	-1897.394883	-1898.199546	-1896.992552	-1893.952715	-1896.679627	-1892.030465	-0.122000	0.956000	-0.156000	192.000000	126.000000	24.000000	14.500000	112.000000	125.500000	16.000000	0.000000	0.000000	0.000000	1741714491.551485	0.000000
136.000000	-100.001705	-1898.311305	-1892.119872	-1899.652410	-1893.237459	-1890.219973	-1894.533860	-1895.159709	-1895.874965	-70995.287120	-1897.305476	-1898.244250	-1896.947848	-1894.310343	-1896.612572	-1891.963409	-0.122000	0.956000	-0.156000	192.000000	0.000000	0.000000	0.000000	0.000000	0.000000	0.000000	0.000000	0.000000	0.000000	1741714491.551584	0.000000
138.000000	-99.979353	-1898.132491	-1892.030465	-1899.831223	-1893.393921	-1890.309380	-1894.600915	-1895.249116	-1896.143186	-70995.242416	-1897.305476	-1898.177194	-1896.947848	-1893.952715	-1896.567869	-1892.030465	-0.122000	0.956000	-0.156000	192.000000	0.000000	0.000000	0.000000	0.000000	0.000000	0.000000	0.000000	0.000000	0.000000	1741714491.551677	0.000000
140.000000	-99.957001	-1897.886622	-1891.963409	-1899.697113	-1893.282162	-1890.018808	-1894.578564	-1895.427930	-1895.919668	-70996.762335	-1897.283125	-1898.154843	-1896.769034	-1893.885659	-1896.657276	-1892.097520	-0.122000	0.956000	-0.156000	192.000000	0.000000	0.000000	0.000000	0.000000	0.000000	0.000000	0.000000	0.000000	0.000000	1741714491.551765	0.000000
142.000000	-100.001705	-1897.998380	-1892.052816	-1899.764168	-1893.237459	-1890.532898	-1894.578564	-1895.360875	-1896.053779	-70997.209370	-1897.461939	-1898.244250	-1896.746683	-1894.109177	-1896.523165	-1891.963409	-0.122000	0.956000	-0.156000	192.000000	0.000000	0.000000	0.000000	0.000000	0.000000	0.000000	0.000000	0.000000	0.000000	1741714491.551856	0.000000
144.000000	-99.957001	-1898.043084	-1891.784595	-1899.607706	-1893.349218	-1890.577601	-1894.645619	-1895.360875	-1895.919668	-70995.667099	-1897.037255	-1897.998380	-1896.567869	-1893.908011	-1896.120834	-1891.941058	-0.124000	0.962000	-0.158000	192.000000	126.000000	16.000000	15.000000	8.000000	125.500000	8.000000	0.000000	0.000000	0.000000	1741714491.600249	0.000000
146.000000	-100.001705	-1898.177194	-1891.896354	-1899.786520	-1893.371569	-1890.242325	-1894.511508	-1895.539689	-1895.986723	-70996.807038	-1897.640753	-1898.244250	-1896.947848	-1894.131529	-1896.567869	-1891.829299	-0.124000	0.962000	-0.158000	192.000000	0.000000	0.000000	0.000000	0.000000	0.000000	0.000000	0.000000	0.000000	0.000000	1741714491.600357	0.000000
148.000000	-99.957001	-1898.020732	-1891.762244	-1899.741816	-1893.192755	-1890.197622	-1894.757377	-1895.226764	-1896.009075	-70998.125791	-1897.394883	-1898.445415	-1896.657276	-1893.796252	-1896.590221	-1891.829299	-0.124000	0.962000	-0.158000	192.000000	0.000000	0.000000	0.000000	0.000000	0.000000	0.000000	0.000000	0.000000	0.000000	1741714491.600450	0.000000
150.000000	-99.934649	-1897.998380	-1891.896354	-1899.652410	-1893.416273	-1890.376436	-1894.757377	-1895.338523	-1895.986723	-70997.611701	-1897.394883	-1898.132491	-1896.880793	-1894.086825	-1896.545517	-1891.851651	-0.124000	0.962000	-0.158000	192.000000	0.000000	0.000000	0.000000	0.000000	0.000000	0.000000	0.000000	0.000000	0.000000	1741714491.600539	0.000000
152.000000	-99.979353	-1898.177194	-1891.762244	-1899.652410	-1893.080997	-1890.108215	-1894.802081	-1895.517337	-1895.807909	-70996.628224	-1897.506642	-1897.998380	-1897.037255	-1893.930363	-1896.634924	-1891.985761	-0.124000	0.962000	-0.158000	192.000000	0.000000	0.000000	0.000000	0.000000	0.000000	0.000000	0.000000	0.000000	0.000000	1741714491.600626	0.000000
154.000000	-99.957001	-1898.177194	-1892.008113	-1899.920630	-1893.393921	-1890.152918	-1894.578564	-1895.427930	-1896.053779	-70996.427059	-1897.417235	-1898.423064	-1897.059607	-1893.885659	-1896.523165	-1891.784595	-0.128000	0.964000	-0.156000	192.000000	126.000000	0.000000	15.000000	16.000000	125.500000	16.000000	0.000000	0.000000	0.000000	1741714491.600718	0.000000
156.000000	-99.979353	-1898.110139	-1892.142223	-1899.965334	-1893.483328	-1890.331732	-1894.645619	-1895.338523	-1895.852613	-70998.036384	-1897.394883	-1898.266601	-1897.171366	-1894.153880	-1896.567869	-1892.052816	-0.128000	0.964000	-0.156000	192.000000	0.000000	0.000000	0.000000	0.000000	0.000000	0.000000	0.000000	0.000000	0.000000	1741714491.600815	0.000000
158.000000	-100.001705	-1898.020732	-1891.806947	-1899.764168	-1893.282162	-1890.287029	-1894.645619	-1895.338523	-1896.031427	-70997.745812	-1897.260773	-1898.266601	-1896.880793	-1894.176232	-1896.679627	-1892.253982	-0.128000	0.964000	-0.156000	192.000000	0.000000	0.000000	0.000000	0.000000	0.000000	0.000000	0.000000	0.000000	0.000000	1741714491.650545	0.000000
160.000000	-99.979353	-1898.065436	-1892.142223	-1899.741816	-1893.438625	-1890.175270	-1894.735026	-1895.450282	-1895.852613	-70996.583521	-1897.104311	-1898.154843	-1896.858441	-1893.863308	-1896.456110	-1891.851651	-0.128000	0.964000	-0.156000	192.000000	0.000000	0.000000	0.000000	0.000000	0.000000	0.000000	0.000000	0.000000	0.000000	1741714491.650646	0.000000
162.000000	-100.024056	-1898.378360	-1891.985761	-1899.741816	-1893.237459	-1890.465843	-1894.735026	-1895.450282	-1895.986723	-70998.148143	-1897.260773	-1898.087787	-1896.947848	-1893.975066	-1896.634924	-1891.784595	-0.128000	0.964000	-0.156000	192.000000	0.000000	0.000000	0.000000	0.000000	0.000000	0.000000	0.000000	0.000000	0.000000	1741714491.650748	0.000000
164.000000	-100.001705	-1898.199546	-1891.762244	-1899.808872	-1893.259811	-1890.443491	-1894.511508	-1895.338523	-1895.897316	-70999.466896	-1897.461939	-1898.512471	-1896.791386	-1893.930363	-1896.634924	-1891.874002	-0.130000	0.964000	-0.158000	192.000000	125.500000	120.000000	15.000000	16.000000	125.500000	8.000000	0.000000	0.000000	0.000000	1741714491.650836	0.000000
166.000000	-99.979353	-1898.087787	-1891.896354	-1899.540651	-1893.192755	-1890.331732	-1894.287991	-1895.338523	-1896.031427	-70999.377489	-1897.350180	-1898.400712	-1897.014904	-1893.751549	-1896.679627	-1891.941058	-0.130000	0.964000	-0.158000	192.000000	0.000000	0.000000	0.000000	0.000000	0.000000	0.000000	0.000000	0.000000	0.000000	1741714491.650939	0.000000
168.000000	-99.979353	-1897.931325	-1891.985761	-1899.741816	-1893.416273	-1890.264677	-1894.556212	-1895.383226	-1895.964372	-70999.042213	-1897.149014	-1898.445415	-1896.813738	-1893.751549	-1896.634924	-1891.874002	-0.130000	0.964000	-0.158000	192.000000	0.000000	0.000000	0.000000	0.000000	0.000000	0.000000	0.000000	0.000000	0.000000	1741714491.651033	0.000000
170.000000	-100.001705	-1898.132491	-1892.030465	-1899.719465	-1893.237459	-1890.264677	-1894.712674	-1895.450282	-1895.874965	-70998.326957	-1897.238421	-1898.221898	-1896.903145	-1893.952715	-1896.612572	-1892.075168	-0.130000	0.964000	-0.158000	192.000000	0.000000	0.000000	0.000000	0.000000	0.000000	0.000000	0.000000	0.000000	0.000000	1741714491.651226	0.000000
172.000000	-100.001705	-1898.132491	-1891.963409	-1899.719465	-1893.148052	-1890.331732	-1894.444453	-1895.383226	-1895.830261	-70999.802172	-1897.126662	-1898.132491	-1896.612572	-1893.863308	-1896.232593	-1892.231630	-0.130000	0.964000	-0.158000	192.000000	0.000000	0.000000	0.000000	0.000000	0.000000	0.000000	0.000000	0.000000	0.000000	1741714491.651315	0.000000
174.000000	-99.979353	-1898.043084	-1891.851651	-1899.898279	-1893.483328	-1890.130566	-1894.489157	-1895.472633	-1895.942020	-70999.153972	-1897.439587	-1898.154843	-1896.769034	-1893.885659	-1896.478462	-1892.030465	-0.134000	0.964000	-0.158000	192.000000	125.500000	104.000000	15.000000	16.000000	125.500000	8.000000	0.000000	0.000000	0.000000	1741714491.672799	0.000000
176.000000	-100.001705	-1898.221898	-1892.052816	-1899.898279	-1893.662142	-1890.264677	-1894.511508	-1895.517337	-1895.919668	-70998.259902	-1897.506642	-1898.423064	-1896.970200	-1893.885659	-1896.523165	-1892.119872	-0.134000	0.964000	-0.158000	192.000000	0.000000	0.000000	0.000000	0.000000	0.000000	0.000000	0.000000	0.000000	0.000000	1741714491.732046	0.000000
178.000000	-99.934649	-1898.177194	-1891.762244	-1899.741816	-1893.304514	-1890.331732	-1894.556212	-1895.629096	-1895.919668	-70997.723460	-1897.126662	-1898.132491	-1896.925497	-1893.818604	-1896.344351	-1891.717540	-0.134000	0.964000	-0.158000	192.000000	0.000000	0.000000	0.000000	0.000000	0.000000	0.000000	0.000000	0.000000	0.000000	1741714491.732194	0.000000
180.000000	-99.957001	-1898.065436	-1891.874002	-1899.652410	-1893.483328	-1890.287029	-1894.623267	-1895.427930	-1895.942020	-70998.908102	-1897.216069	-1898.288953	-1896.970200	-1893.840956	-1896.567869	-1891.806947	-0.134000	0.964000	-0.158000	192.000000	0.000000	0.000000	0.000000	0.000000	0.000000	0.000000	0.000000	0.000000	0.000000	1741714491.732287	0.000000
182.000000	-99.934649	-1898.087787	-1892.119872	-1899.831223	-1893.371569	-1890.287029	-1894.690322	-1895.383226	-1895.830261	-71000.003338	-1897.484290	-1898.177194	-1896.925497	-1893.840956	-1896.590221	-1891.918706	-0.134000	0.964000	-0.158000	192.000000	0.000000	0.000000	0.000000	0.000000	0.000000	0.000000	0.000000	0.000000	0.000000	1741714491.732375	0.000000
184.000000	-99.957001	-1898.110139	-1892.119872	-1899.674761	-1893.259811	-1890.331732	-1894.667970	-1895.405578	-1895.964372	-70998.371661	-1897.528994	-1898.110139	-1896.992552	-1894.086825	-1896.679627	-1891.784595	-0.132000	0.960000	-0.150000	192.000000	125.500000	112.000000	15.000000	0.000000	125.500000	40.000000	0.000000	0.000000	0.000000	1741714491.732465	0.000000
186.000000	-100.001705	-1898.154843	-1891.829299	-1899.764168	-1893.215107	-1890.599953	-1894.824433	-1895.405578	-1895.986723	-70998.662233	-1897.283125	-1898.199546	-1896.724331	-1893.840956	-1896.679627	-1891.806947	-0.132000	0.960000	-0.150000	192.000000	0.000000	0.000000	0.000000	0.000000	0.000000	0.000000	0.000000	0.000000	0.000000	1741714491.732565	0.000000
188.000000	-99.979353	-1897.998380	-1891.829299	-1899.652410	-1893.192755	-1890.152918	-1894.578564	-1895.360875	-1895.986723	-70999.869227	-1897.506642	-1898.557174	-1896.992552	-1893.863308	-1896.679627	-1891.874002	-0.132000	0.960000	-0.150000	192.000000	0.000000	0.000000	0.000000	0.000000	0.000000	0.000000	0.000000	0.000000	0.000000	1741714491.732657	0.000000
190.000000	-99.979353	-1898.177194	-1891.806947	-1899.652410	-1893.371569	-1890.152918	-1894.735026	-1895.450282	-1896.076130	-71000.450373	-1897.305476	-1898.288953	-1896.903145	-1893.930363	-1896.590221	-1892.164575	-0.132000	0.960000	-0.150000	192.000000	0.000000	0.000000	0.000000	0.000000	0.000000	0.000000	0.000000	0.000000	0.000000	1741714491.732752	0.000000
192.000000	-99.912298	-1898.221898	-1892.008113	-1899.808872	-1893.416273	-1890.309380	-1894.578564	-1895.092654	-1895.964372	-70999.332786	-1897.394883	-1897.998380	-1897.104311	-1893.930363	-1896.523165	-1891.918706	-0.132000	0.960000	-0.150000	192.000000	0.000000	0.000000	0.000000	0.000000	0.000000	0.000000	0.000000	0.000000	0.000000	1741714491.785684	0.000000
194.000000	-99.934649	-1898.199546	-1891.941058	-1899.630058	-1893.371569	-1890.354084	-1894.489157	-1895.360875	-1895.897316	-70999.891579	-1897.394883	-1898.199546	-1896.992552	-1893.818604	-1896.411407	-1892.075168	-0.122000	0.962000	-0.148000	192.000000	126.000000	24.000000	15.000000	8.000000	125.500000	48.000000	0.000000	0.000000	0.000000	1741714491.785789	0.000000
196.000000	-99.934649	-1898.132491	-1891.941058	-1899.697113	-1893.036293	-1890.264677	-1894.511508	-1895.539689	-1895.942020	-71000.852704	-1897.417235	-1898.199546	-1896.813738	-1893.863308	-1896.322000	-1891.918706	-0.122000	0.962000	-0.148000	192.000000	0.000000	0.000000	0.000000	0.000000	0.000000	0.000000	0.000000	0.000000	0.000000	1741714491.785883	0.000000
198.000000	-99.957001	-1898.288953	-1891.985761	-1899.741816	-1893.304514	-1890.287029	-1894.422101	-1895.293819	-1895.852613	-71001.187980	-1897.461939	-1898.378360	-1896.947848	-1894.153880	-1896.567869	-1891.985761	-0.122000	0.962000	-0.148000	192.000000	0.000000	0.000000	0.000000	0.000000	0.000000	0.000000	0.000000	0.000000	0.000000	1741714491.785975	0.000000
200.000000	-100.046408	-1898.132491	-1891.963409	-1899.652410	-1893.639790	-1890.510546	-1894.667970	-1895.494985	-1896.098482	-70999.980986	-1897.506642	-1898.288953	-1897.014904	-1893.840956	-1896.478462	-1891.985761	-0.122000	0.962000	-0.148000	192.000000	0.000000	0.000000	0.000000	0.000000	0.000000	0.000000	0.000000	0.000000	0.000000	1741714491.786079	0.000000
202.000000	-100.001705	-1898.356008	-1891.874002	-1899.719465	-1893.483328	-1890.398787	-1894.757377	-1895.450282	-1896.143186	-70999.310434	-1897.618401	-1898.445415	-1897.014904	-1893.863308	-1896.567869	-1891.918706	-0.122000	0.962000	-0.148000	192.000000	0.000000	0.000000	0.000000	0.000000	0.000000	0.000000	0.000000	0.000000	0.000000	1741714491.786173	0.000000
204.000000	-99.957001	-1898.177194	-1891.896354	-1899.697113	-1893.349218	-1890.264677	-1894.533860	-1895.293819	-1896.098482	-71000.226855	-1897.528994	-1898.177194	-1896.791386	-1893.885659	-1896.500814	-1892.119872	-0.120000	0.960000	-0.160000	192.000000	126.000000	32.000000	15.000000	0.000000	125.500000	0.000000	0.000000	0.000000	0.000000	1741714491.786264	0.000000
206.000000	-100.001705	-1898.110139	-1891.784595	-1899.674761	-1893.326866	-1890.219973	-1894.466805	-1895.450282	-1896.143186	-71001.992643	-1897.439587	-1898.177194	-1897.059607	-1894.198584	-1896.612572	-1891.918706	-0.120000	0.960000	-0.160000	192.000000	0.000000	0.000000	0.000000	0.000000	0.000000	0.000000	0.000000	0.000000	0.000000	1741714491.842163	0.000000
208.000000	-99.957001	-1898.311305	-1891.963409	-1899.808872	-1893.572735	-1890.398787	-1894.600915	-1895.472633	-1896.143186	-70999.958634	-1897.305476	-1898.132491	-1897.104311	-1894.042122	-1896.746683	-1891.896354	-0.120000	0.960000	-0.160000	192.000000	0.000000	0.000000	0.000000	0.000000	0.000000	0.000000	0.000000	0.000000	0.000000	1741714491.842313	0.000000
210.000000	-99.934649	-1898.177194	-1891.851651	-1899.786520	-1893.460976	-1890.130566	-1894.623267	-1895.360875	-1895.874965	-71000.562131	-1897.260773	-1898.087787	-1897.149014	-1893.952715	-1896.880793	-1891.829299	-0.120000	0.960000	-0.160000	192.000000	0.000000	0.000000	0.000000	0.000000	0.000000	0.000000	0.000000	0.000000	0.000000	1741714491.842410	0.000000
212.000000	-100.024056	-1897.931325	-1891.918706	-1899.652410	-1893.125700	-1890.085863	-1894.444453	-1895.092654	-1896.031427	-71001.813829	-1897.260773	-1898.020732	-1896.858441	-1893.840956	-1896.634924	-1891.762244	-0.120000	0.960000	-0.160000	192.000000	0.000000	0.000000	0.000000	0.000000	0.000000	0.000000	0.000000	0.000000	0.000000	1741714491.842500	0.000000
214.000000	-100.024056	-1898.132491	-1892.075168	-1899.652410	-1893.148052	-1890.130566	-1894.556212	-1895.316171	-1895.919668	-71002.506733	-1897.216069	-1898.244250	-1897.081959	-1893.908011	-1896.701979	-1891.896354	-0.124000	0.962000	-0.152000	192.000000	126.000000	16.000000	15.000000	8.000000	125.500000	32.000000	0.000000	0.000000	0.000000	1741714491.842595	0.000000
216.000000	-100.001705	-1898.043084	-1892.030465	-1899.652410	-1893.125700	-1890.398787	-1894.466805	-1895.360875	-1895.919668	-71000.562131	-1897.216069	-1898.445415	-1896.880793	-1893.796252	-1896.500814	-1891.605782	-0.124000	0.962000	-0.152000	192.000000	0.000000	0.000000	0.000000	0.000000	0.000000	0.000000	0.000000	0.000000	0.000000	1741714491.842691	0.000000
218.000000	-100.001705	-1898.110139	-1891.941058	-1899.674761	-1893.349218	-1890.443491	-1894.556212	-1895.293819	-1895.874965	-71001.255036	-1897.372532	-1898.244250	-1896.791386	-1894.109177	-1896.567869	-1891.874002	-0.124000	0.962000	-0.152000	192.000000	0.000000	0.000000	0.000000	0.000000	0.000000	0.000000	0.000000	0.000000	0.000000	1741714491.842784	0.000000
220.000000	-100.024056	-1898.244250	-1892.186927	-1899.786520	-1893.572735	-1890.264677	-1894.667970	-1895.427930	-1895.874965	-71002.350271	-1897.372532	-1898.020732	-1897.059607	-1893.997418	-1896.500814	-1892.008113	-0.124000	0.962000	-0.152000	192.000000	0.000000	0.000000	0.000000	0.000000	0.000000	0.000000	0.000000	0.000000	0.000000	1741714491.842869	0.000000
222.000000	-99.957001	-1898.266601	-1892.075168	-1899.607706	-1893.349218	-1890.152918	-1894.735026	-1895.338523	-1895.763206	-71002.394975	-1897.350180	-1898.065436	-1896.813738	-1893.863308	-1896.344351	-1892.030465	-0.124000	0.962000	-0.152000	192.000000	0.000000	0.000000	0.000000	0.000000	0.000000	0.000000	0.000000	0.000000	0.000000	1741714491.904528	0.000000
224.000000	-99.979353	-1898.043084	-1891.963409	-1899.674761	-1893.058645	-1890.376436	-1894.623267	-1895.562040	-1895.852613	-71001.769126	-1897.439587	-1898.356008	-1896.903145	-1893.997418	-1896.478462	-1891.918706	-0.126000	0.960000	-0.160000	192.000000	126.000000	8.000000	15.000000	0.000000	125.500000	0.000000	0.000000	0.000000	0.000000	1741714491.904642	0.000000
226.000000	-99.979353	-1898.311305	-1892.209279	-1899.875927	-1893.282162	-1890.354084	-1894.779729	-1895.405578	-1895.696151	-71001.210332	-1897.327828	-1898.221898	-1896.791386	-1893.796252	-1896.456110	-1891.717540	-0.126000	0.960000	-0.160000	192.000000	0.000000	0.000000	0.000000	0.000000	0.000000	0.000000	0.000000	0.000000	0.000000	1741714491.904740	0.000000
228.000000	-99.979353	-1898.020732	-1891.918706	-1899.674761	-1893.371569	-1890.287029	-1894.667970	-1895.293819	-1895.897316	-71003.691376	-1897.193718	-1898.199546	-1896.970200	-1893.975066	-1896.545517	-1891.874002	-0.126000	0.960000	-0.160000	192.000000	0.000000	0.000000	0.000000	0.000000	0.000000	0.000000	0.000000	0.000000	0.000000	1741714491.904831	0.000000
230.000000	-100.001705	-1898.311305	-1891.874002	-1899.630058	-1893.170404	-1890.465843	-1894.891488	-1895.494985	-1895.830261	-71003.669024	-1897.439587	-1898.244250	-1896.813738	-1894.019770	-1896.545517	-1892.008113	-0.126000	0.960000	-0.160000	192.000000	0.000000	0.000000	0.000000	0.000000	0.000000	0.000000	0.000000	0.000000	0.000000	1741714491.904917	0.000000
232.000000	-99.912298	-1897.976029	-1892.008113	-1899.697113	-1893.237459	-1890.309380	-1894.667970	-1895.316171	-1895.852613	-71002.014995	-1897.216069	-1898.400712	-1896.858441	-1894.064473	-1896.769034	-1891.985761	-0.126000	0.960000	-0.160000	192.000000	0.000000	0.000000	0.000000	0.000000	0.000000	0.000000	0.000000	0.000000	0.000000	1741714491.905012	0.000000
234.000000	-100.001705	-1898.244250	-1891.806947	-1899.473596	-1893.148052	-1890.219973	-1894.735026	-1895.360875	-1895.830261	-71003.221989	-1897.193718	-1898.400712	-1896.925497	-1893.975066	-1896.858441	-1892.142223	-0.126000	0.964000	-0.158000	192.000000	126.000000	8.000000	15.000000	16.000000	125.500000	8.000000	0.000000	0.000000	0.000000	1741714491.905106	0.000000
236.000000	-99.979353	-1898.333657	-1891.918706	-1899.674761	-1893.460976	-1890.264677	-1894.600915	-1895.338523	-1895.830261	-71004.071355	-1897.417235	-1898.221898	-1896.769034	-1893.952715	-1896.724331	-1891.896354	-0.126000	0.964000	-0.158000	192.000000	0.000000	0.000000	0.000000	0.000000	0.000000	0.000000	0.000000	0.000000	0.000000	1741714491.965117	0.000000
238.000000	-99.934649	-1898.221898	-1891.918706	-1899.831223	-1893.393921	-1890.108215	-1894.600915	-1895.137357	-1895.830261	-71003.579617	-1897.283125	-1898.288953	-1896.769034	-1893.975066	-1896.590221	-1891.985761	-0.126000	0.964000	-0.158000	192.000000	0.000000	0.000000	0.000000	0.000000	0.000000	0.000000	0.000000	0.000000	0.000000	1741714491.965261	0.000000
240.000000	-99.934649	-1898.199546	-1892.097520	-1899.786520	-1893.349218	-1890.242325	-1894.489157	-1895.427930	-1896.120834	-71002.305568	-1897.506642	-1898.244250	-1896.970200	-1893.885659	-1896.523165	-1892.119872	-0.126000	0.964000	-0.158000	192.000000	0.000000	0.000000	0.000000	0.000000	0.000000	0.000000	0.000000	0.000000	0.000000	1741714491.965352	0.000000
242.000000	-99.957001	-1898.132491	-1892.008113	-1899.808872	-1893.192755	-1890.152918	-1894.355046	-1895.293819	-1895.964372	-71003.937245	-1897.439587	-1898.199546	-1896.925497	-1893.885659	-1896.679627	-1892.008113	-0.126000	0.964000	-0.158000	192.000000	0.000000	0.000000	0.000000	0.000000	0.000000	0.000000	0.000000	0.000000	0.000000	1741714491.965436	0.000000
244.000000	-99.979353	-1898.199546	-1891.963409	-1899.920630	-1893.393921	-1890.063511	-1894.623267	-1895.316171	-1895.830261	-71004.920722	-1897.417235	-1898.221898	-1896.970200	-1893.952715	-1896.523165	-1891.963409	-0.124000	0.962000	-0.156000	192.000000	126.000000	16.000000	15.000000	8.000000	125.500000	16.000000	0.000000	0.000000	0.000000	1741714491.965530	0.000000
246.000000	-99.979353	-1898.087787	-1891.985761	-1899.853575	-1893.237459	-1890.175270	-1894.690322	-1895.696151	-1896.031427	-71004.049004	-1897.238421	-1898.288953	-1897.037255	-1893.796252	-1896.724331	-1892.097520	-0.124000	0.962000	-0.156000	192.000000	0.000000	0.000000	0.000000	0.000000	0.000000	0.000000	0.000000	0.000000	0.000000	1741714491.965639	0.000000
248.000000	-100.001705	-1898.154843	-1891.851651	-1899.808872	-1893.326866	-1890.309380	-1894.578564	-1895.405578	-1895.696151	-71003.020823	-1897.372532	-1898.177194	-1896.836090	-1894.131529	-1896.746683	-1891.806947	-0.124000	0.962000	-0.156000	192.000000	0.000000	0.000000	0.000000	0.000000	0.000000	0.000000	0.000000	0.000000	0.000000	1741714491.965726	0.000000
250.000000	-99.934649	-1898.177194	-1892.097520	-1899.875927	-1893.349218	-1890.197622	-1894.667970	-1895.360875	-1895.874965	-71002.417326	-1897.394883	-1898.199546	-1896.769034	-1894.064473	-1896.478462	-1891.896354	-0.124000	0.962000	-0.156000	192.000000	0.000000	0.000000	0.000000	0.000000	0.000000	0.000000	0.000000	0.000000	0.000000	1741714491.965816	0.000000
252.000000	-21.971765	-30.599538	-25.637451	-32.342974	-26.732686	-23.491683	-28.140846	-28.364364	-1585.476289	-71003.736079	-1587.152670	-1588.002037	-1586.638580	-1583.866964	-1586.392711	-1582.168231	-0.124000	0.962000	-0.156000	192.000000	0.000000	0.000000	0.000000	0.000000	0.000000	0.000000	0.000000	0.000000	0.000000	1741714492.023334	0.000000
254.000000	55.968768	1842.946034	1847.595197	1841.314356	1846.142333	1850.076240	1844.309490	1844.488304	1533.843760	-71005.278350	1532.435600	1531.340364	1529.440466	1534.067277	1531.318013	1536.034231	-0.122000	0.964000	-0.156000	192.000000	126.000000	24.000000	15.000000	16.000000	125.500000	16.000000	0.000000	0.000000	0.000000	1741714492.023442	0.000000
0.000000	55.901713	1843.057793	1847.751659	1841.046136	1846.187037	1850.322109	1844.421249	1844.801229	1847.237569	-71003.423155	1845.963519	1845.047098	1842.655461	1847.572845	1844.667118	1849.584502	-0.122000	0.964000	-0.156000	192.000000	0.000000	0.000000	0.000000	0.000000	0.000000	0.000000	0.000000	0.000000	0.000000	1741714492.023541	0.000000
2.000000	55.946416	1842.990737	1847.885769	1840.934377	1846.187037	1850.210351	1844.130676	1844.734173	1847.237569	-71003.199637	1845.896464	1844.980043	1842.543702	1847.572845	1844.667118	1849.539798	-0.122000	0.964000	-0.156000	192.000000	0.000000	0.000000	0.000000	0.000000	0.000000	0.000000	0.000000	0.000000	0.000000	1741714492.023632	0.000000
4.000000	55.924065	1842.990737	1847.751659	1841.314356	1846.209389	1850.076240	1844.421249	1844.957691	1847.103458	-71003.937245	1846.097630	1845.248264	1842.409592	1847.528141	1844.890636	1849.606854	-0.122000	0.964000	-0.156000	192.000000	0.000000	0.000000	0.000000	0.000000	0.000000	0.000000	0.000000	0.000000	0.000000	1741714492.023725	0.000000
6.000000	55.946416	1842.878979	1847.662252	1841.157894	1846.142333	1849.897426	1844.153028	1844.577711	1847.349327	-71004.853666	1846.365851	1844.912987	1842.387240	1847.483438	1844.756525	1849.651557	-0.122000	0.964000	-0.156000	192.000000	0.000000	0.000000	0.000000	0.000000	0.000000	0.000000	0.000000	0.000000	0.000000	1741714492.023812	0.000000
8.000000	55.968768	1842.946034	1847.617548	1841.314356	1845.985871	1849.986833	1843.996566	1844.644766	1847.326976	-71003.780783	1846.231740	1845.024746	1842.543702	1847.662252	1844.912987	1849.673909	-0.124000	0.964000	-0.162000	192.000000	126.000000	16.000000	15.000000	16.000000	125.000000	120.000000	0.000000	0.000000	0.000000	1741714492.023899	0.000000
10.000000	55.924065	1843.124848	1847.796362	1841.247301	1846.209389	1850.031537	1844.130676	1844.734173	1847.461086	-71004.384280	1846.119982	1845.069450	1842.275481	1847.572845	1844.644766	1849.562150	-0.124000	0.964000	-0.162000	192.000000	0.000000	0.000000	0.000000	0.000000	0.000000	0.000000	0.000000	0.000000	0.000000	1741714492.082951	0.000000
12.000000	55.857009	1842.923682	1847.975176	1841.113191	1846.164685	1850.143296	1844.085973	1844.600063	1847.259921	-71005.703033	1846.075278	1844.890636	1842.431944	1847.505790	1844.801229	1849.428040	-0.124000	0.964000	-0.162000	192.000000	0.000000	0.000000	0.000000	0.000000	0.000000	0.000000	0.000000	0.000000	0.000000	1741714492.083116	0.000000
14.000000	55.924065	1842.923682	1847.729307	1841.180246	1845.851761	1850.255054	1844.063621	1844.533008	1847.394031	-71005.278350	1846.142333	1844.890636	1842.700165	1847.416383	1844.801229	1849.539798	-0.124000	0.964000	-0.162000	192.000000	0.000000	0.000000	0.000000	0.000000	0.000000	0.000000	0.000000	0.000000	0.000000	1741714492.083211	0.000000
16.000000	55.968768	1843.035441	1847.572845	1841.046136	1845.918816	1850.232703	1844.108325	1844.845932	1847.617548	-71005.211294	1846.410554	1845.337670	1842.767220	1847.528141	1844.868284	1849.740964	-0.124000	0.964000	-0.162000	192.000000	0.000000	0.000000	0.000000	0.000000	0.000000	0.000000	0.000000	0.000000	0.000000	1741714492.083301	0.000000
18.000000	55.924065	1843.102496	1847.483438	1841.224950	1846.030575	1850.232703	1844.398897	1844.622415	1847.416383	-71005.323053	1846.164685	1845.158857	1842.364888	1847.371679	1844.667118	1849.539798	-0.128000	0.956000	-0.158000	192.000000	126.000000	0.000000	14.500000	112.000000	125.500000	8.000000	0.000000	0.000000	0.000000	1741714492.083395	0.000000
20.000000	55.946416	1842.878979	1847.639900	1841.336708	1846.231740	1850.210351	1844.175380	1844.734173	1847.550493	-71006.440640	1846.164685	1845.136505	1842.610758	1847.371679	1844.801229	1849.696261	-0.128000	0.956000	-0.158000	192.000000	0.000000	0.000000	0.000000	0.000000	0.000000	0.000000	0.000000	0.000000	0.000000	1741714492.083489	0.000000
22.000000	55.901713	1842.834275	1847.572845	1841.113191	1846.030575	1850.098592	1844.153028	1844.555359	1847.326976	-71007.357062	1846.254092	1845.114153	1842.610758	1847.729307	1844.778877	1849.562150	-0.128000	0.956000	-0.158000	192.000000	0.000000	0.000000	0.000000	0.000000	0.000000	0.000000	0.000000	0.000000	0.000000	1741714492.083586	0.000000
24.000000	55.924065	1842.968386	1847.639900	1841.001432	1846.142333	1850.165647	1844.153028	1844.600063	1847.192865	-71005.188943	1845.985871	1845.114153	1842.566054	1847.371679	1844.689470	1849.450391	-0.128000	0.956000	-0.158000	192.000000	0.000000	0.000000	0.000000	0.000000	0.000000	0.000000	0.000000	0.000000	0.000000	1741714492.083676	0.000000
26.000000	55.991120	1842.878979	1847.796362	1841.292005	1846.164685	1850.076240	1843.951862	1844.711822	1847.192865	-71004.428983	1846.119982	1844.801229	1842.655461	1847.237569	1844.868284	1849.740964	-0.128000	0.956000	-0.158000	192.000000	0.000000	0.000000	0.000000	0.000000	0.000000	0.000000	0.000000	0.000000	0.000000	1741714492.098488	0.000000
28.000000	55.924065	1842.834275	1847.706955	1841.180246	1846.030575	1850.076240	1844.108325	1844.667118	1847.259921	-71005.613626	1846.187037	1844.957691	1842.588406	1847.438734	1844.823580	1849.316281	-0.136000	0.960000	-0.162000	192.000000	125.500000	96.000000	15.000000	0.000000	125.000000	120.000000	0.000000	0.000000	0.000000	1741714492.154390	0.000000
30.000000	55.968768	1842.923682	1847.639900	1841.314356	1846.231740	1850.031537	1844.242435	1844.555359	1847.237569	-71006.641806	1846.075278	1844.622415	1842.633109	1847.371679	1844.778877	1849.383336	-0.136000	0.960000	-0.162000	192.000000	0.000000	0.000000	0.000000	0.000000	0.000000	0.000000	0.000000	0.000000	0.000000	1741714492.154510	0.000000
32.000000	55.968768	1843.013089	1847.796362	1841.135543	1845.963519	1850.098592	1844.153028	1844.845932	1847.014051	-71005.613626	1846.119982	1844.935339	1842.521351	1847.304624	1844.533008	1849.517447	-0.136000	0.960000	-0.162000	192.000000	0.000000	0.000000	0.000000	0.000000	0.000000	0.000000	0.000000	0.000000	0.000000	1741714492.154598	0.000000
34.000000	55.946416	1843.035441	1847.774011	1841.135543	1845.918816	1850.210351	1844.018918	1844.734173	1847.036403	-71007.647634	1845.985871	1844.868284	1842.744868	1847.438734	1844.711822	1849.629205	-0.136000	0.960000	-0.162000	192.000000	0.000000	0.000000	0.000000	0.000000	0.000000	0.000000	0.000000	0.000000	0.000000	1741714492.154697	0.000000
36.000000	55.968768	1843.169551	1847.595197	1841.336708	1846.008223	1850.165647	1844.175380	1844.577711	1847.125810	-71008.139373	1846.052926	1845.069450	1842.543702	1847.326976	1844.801229	1849.673909	-0.136000	0.960000	-0.162000	192.000000	0.000000	0.000000	0.000000	0.000000	0.000000	0.000000	0.000000	0.000000	0.000000	1741714492.154794	0.000000
38.000000	55.968768	1842.990737	1847.550493	1841.090839	1846.008223	1850.187999	1844.242435	1844.510656	1847.304624	-71007.915855	1846.410554	1844.980043	1842.454295	1847.438734	1844.778877	1849.405688	-0.134000	0.956000	-0.158000	192.000000	125.500000	104.000000	14.500000	112.000000	125.500000	8.000000	0.000000	0.000000	0.000000	1741714492.154878	0.000000
40.000000	55.946416	1843.035441	1847.863418	1840.934377	1846.075278	1850.165647	1843.996566	1844.644766	1847.148162	-71006.574751	1845.963519	1845.024746	1842.387240	1847.326976	1844.689470	1849.428040	-0.134000	0.956000	-0.158000	192.000000	0.000000	0.000000	0.000000	0.000000	0.000000	0.000000	0.000000	0.000000	0.000000	1741714492.154976	0.000000
42.000000	55.946416	1842.923682	1847.662252	1841.068487	1845.918816	1850.277406	1844.018918	1844.510656	1847.215217	-71005.792440	1845.896464	1845.315319	1842.454295	1847.550493	1844.644766	1849.539798	-0.134000	0.956000	-0.158000	192.000000	0.000000	0.000000	0.000000	0.000000	0.000000	0.000000	0.000000	0.000000	0.000000	1741714492.192640	0.000000
44.000000	55.924065	1842.878979	1847.617548	1841.090839	1846.075278	1850.255054	1843.996566	1844.555359	1847.237569	-71007.357062	1845.896464	1844.957691	1842.588406	1847.438734	1844.801229	1849.696261	-0.134000	0.956000	-0.158000	192.000000	0.000000	0.000000	0.000000	0.000000	0.000000	0.000000	0.000000	0.000000	0.000000	1741714492.192801	0.000000
46.000000	56.013472	1842.968386	1847.751659	1841.202598	1845.874112	1850.031537	1843.884807	1844.421249	1847.394031	-71007.446469	1846.187037	1844.890636	1842.454295	1847.394031	1844.935339	1849.606854	-0.134000	0.956000	-0.158000	192.000000	0.000000	0.000000	0.000000	0.000000	0.000000	0.000000	0.000000	0.000000	0.000000	1741714492.192897	0.000000
48.000000	55.968768	1842.946034	1847.304624	1841.113191	1845.941168	1850.053889	1843.728345	1844.756525	1847.304624	-71006.842972	1846.008223	1844.823580	1842.834275	1847.394031	1844.555359	1849.472743	-0.130000	0.956000	-0.156000	192.000000	125.500000	120.000000	14.500000	112.000000	125.500000	16.000000	0.000000	0.000000	0.000000	1741714492.244450	0.000000
50.000000	55.968768	1843.057793	1847.662252	1841.090839	1845.918816	1850.098592	1844.108325	1844.577711	1847.148162	-71006.910027	1845.874112	1845.024746	1842.320185	1847.416383	1844.443601	1849.338633	-0.130000	0.956000	-0.156000	192.000000	0.000000	0.000000	0.000000	0.000000	0.000000	0.000000	0.000000	0.000000	0.000000	1741714492.244620	0.000000
52.000000	55.968768	1843.080144	1847.841066	1841.269653	1846.052926	1850.299758	1844.443601	1844.756525	1847.036403	-71008.608759	1846.097630	1845.069450	1842.543702	1847.505790	1844.756525	1849.673909	-0.130000	0.956000	-0.156000	192.000000	0.000000	0.000000	0.000000	0.000000	0.000000	0.000000	0.000000	0.000000	0.000000	1741714492.244710	0.000000
54.000000	55.968768	1843.013089	1847.639900	1841.180246	1846.119982	1850.009185	1844.354194	1844.689470	1847.237569	-71007.491172	1846.187037	1845.047098	1842.230778	1847.394031	1844.622415	1849.673909	-0.130000	0.956000	-0.156000	192.000000	0.000000	0.000000	0.000000	0.000000	0.000000	0.000000	0.000000	0.000000	0.000000	1741714492.244801	0.000000
56.000000	55.968768	1842.946034	1847.796362	1841.180246	1845.985871	1850.322109	1843.929511	1844.577711	1847.081107	-71007.737041	1846.298795	1845.248264	1842.476647	1847.282272	1844.957691	1849.606854	-0.130000	0.956000	-0.156000	192.000000	0.000000	0.000000	0.000000	0.000000	0.000000	0.000000	0.000000	0.000000	0.000000	1741714492.244888	0.000000
58.000000	55.924065	1842.968386	1847.639900	1841.381412	1846.030575	1849.897426	1843.951862	1844.510656	1847.036403	-71007.379414	1846.209389	1844.912987	1842.431944	1847.505790	1844.801229	1849.606854	-0.124000	0.960000	-0.154000	192.000000	126.000000	16.000000	15.000000	0.000000	125.500000	24.000000	0.000000	0.000000	0.000000	1741714492.244982	0.000000
60.000000	55.968768	1843.303662	1847.796362	1841.068487	1845.963519	1850.120944	1844.153028	1844.622415	1847.461086	-71009.256960	1846.119982	1844.868284	1842.409592	1847.282272	1844.823580	1849.606854	-0.124000	0.960000	-0.154000	192.000000	0.000000	0.000000	0.000000	0.000000	0.000000	0.000000	0.000000	0.000000	0.000000	1741714492.245081	0.000000
62.000000	55.924065	1843.013089	1847.572845	1841.247301	1845.918816	1850.187999	1844.153028	1844.510656	1847.192865	-71009.703995	1845.985871	1844.801229	1842.387240	1847.461086	1844.778877	1849.562150	-0.124000	0.960000	-0.154000	192.000000	0.000000	0.000000	0.000000	0.000000	0.000000	0.000000	0.000000	0.000000	0.000000	1741714492.245168	0.000000
64.000000	55.879361	1843.057793	1847.662252	1841.292005	1846.209389	1849.986833	1844.175380	1844.555359	1847.125810	-71007.446469	1845.918816	1844.801229	1842.275481	1847.036403	1844.734173	1849.673909	-0.124000	0.960000	-0.154000	192.000000	0.000000	0.000000	0.000000	0.000000	0.000000	0.000000	0.000000	0.000000	0.000000	1741714492.310504	0.000000
66.000000	55.946416	1842.878979	1847.639900	1841.113191	1846.142333	1850.031537	1844.130676	1844.465952	1847.103458	-71007.804097	1846.052926	1845.091801	1842.476647	1847.326976	1844.600063	1849.472743	-0.124000	0.960000	-0.154000	192.000000	0.000000	0.000000	0.000000	0.000000	0.000000	0.000000	0.000000	0.000000	0.000000	1741714492.310640	0.000000
68.000000	55.946416	1842.946034	1847.684604	1841.046136	1846.075278	1850.098592	1844.242435	1844.309490	1847.148162	-71008.586408	1846.231740	1845.002394	1842.342537	1847.505790	1844.890636	1849.562150	-0.122000	0.962000	-0.152000	192.000000	126.000000	24.000000	15.000000	8.000000	125.500000	32.000000	0.000000	0.000000	0.000000	1741714492.310745	0.000000
70.000000	55.946416	1842.811923	1847.818714	1841.157894	1846.119982	1850.143296	1843.951862	1844.488304	1847.349327	-71009.078146	1846.254092	1845.270615	1842.476647	1847.192865	1844.823580	1849.808019	-0.122000	0.962000	-0.152000	192.000000	0.000000	0.000000	0.000000	0.000000	0.000000	0.000000	0.000000	0.000000	0.000000	1741714492.310845	0.000000
72.000000	55.991120	1843.303662	1847.706955	1841.359060	1846.276444	1850.299758	1844.108325	1844.935339	1847.416383	-71007.826448	1846.209389	1845.047098	1842.677813	1847.416383	1844.912987	1849.808019	-0.122000	0.962000	-0.152000	192.000000	0.000000	0.000000	0.000000	0.000000	0.000000	0.000000	0.000000	0.000000	0.000000	1741714492.310935	0.000000
74.000000	56.013472	1843.326013	1847.796362	1841.090839	1846.119982	1850.009185	1843.907159	1844.689470	1847.259921	-71008.608759	1846.187037	1844.980043	1842.990737	1847.349327	1844.689470	1849.584502	-0.122000	0.962000	-0.152000	192.000000	0.000000	0.000000	0.000000	0.000000	0.000000	0.000000	0.000000	0.000000	0.000000	1741714492.311028	0.000000
76.000000	55.968768	1843.124848	1847.684604	1841.292005	1846.142333	1850.098592	1844.153028	1844.577711	1847.416383	-71009.994568	1846.164685	1844.823580	1842.543702	1847.751659	1844.778877	1849.584502	-0.122000	0.962000	-0.152000	192.000000	0.000000	0.000000	0.000000	0.000000	0.000000	0.000000	0.000000	0.000000	0.000000	1741714492.311116	0.000000
78.000000	56.035823	1842.990737	1847.863418	1841.157894	1846.097630	1849.964482	1844.130676	1844.577711	1847.416383	-71009.502829	1846.008223	1844.980043	1842.677813	1847.259921	1844.577711	1849.293929	-0.130000	0.960000	-0.152000	192.000000	125.500000	120.000000	15.000000	0.000000	125.500000	32.000000	0.000000	0.000000	0.000000	1741714492.362618	0.000000
80.000000	55.968768	1843.258958	1847.751659	1841.113191	1846.075278	1850.076240	1844.175380	1844.823580	1847.170514	-71008.385242	1845.963519	1844.957691	1842.409592	1847.461086	1844.644766	1849.338633	-0.130000	0.960000	-0.152000	192.000000	0.000000	0.000000	0.000000	0.000000	0.000000	0.000000	0.000000	0.000000	0.000000	1741714492.362735	0.000000
82.000000	55.991120	1843.013089	1847.572845	1841.180246	1846.030575	1850.120944	1844.153028	1844.510656	1847.215217	-71007.871152	1846.231740	1845.091801	1842.342537	1847.461086	1844.465952	1849.606854	-0.130000	0.960000	-0.152000	192.000000	0.000000	0.000000	0.000000	0.000000	0.000000	0.000000	0.000000	0.000000	0.000000	1741714492.362831	0.000000
84.000000	55.946416	1842.968386	1847.706955	1841.269653	1845.941168	1850.299758	1844.220083	1844.801229	1847.215217	-71009.167553	1846.187037	1844.801229	1842.297833	1847.505790	1844.555359	1849.472743	-0.130000	0.960000	-0.152000	192.000000	0.000000	0.000000	0.000000	0.000000	0.000000	0.000000	0.000000	0.000000	0.000000	1741714492.362925	0.000000
86.000000	55.946416	1843.057793	1847.662252	1841.023784	1846.209389	1850.053889	1844.130676	1844.689470	1847.036403	-71009.078146	1845.985871	1844.845932	1842.431944	1847.595197	1844.600063	1849.584502	-0.130000	0.960000	-0.152000	192.000000	0.000000	0.000000	0.000000	0.000000	0.000000	0.000000	0.000000	0.000000	0.000000	1741714492.363012	0.000000
88.000000	55.991120	1843.169551	1847.774011	1841.314356	1846.164685	1850.187999	1843.929511	1844.600063	1847.349327	-71008.921684	1846.164685	1845.114153	1842.431944	1847.684604	1844.711822	1849.629205	-0.130000	0.960000	-0.154000	192.000000	125.500000	120.000000	15.000000	0.000000	125.500000	24.000000	0.000000	0.000000	0.000000	1741714492.363108	0.000000
90.000000	55.991120	1843.080144	1847.639900	1841.292005	1846.119982	1850.232703	1844.130676	1844.778877	1847.170514	-71009.502829	1846.052926	1844.778877	1842.253130	1847.438734	1844.488304	1849.651557	-0.130000	0.960000	-0.154000	192.000000	0.000000	0.000000	0.000000	0.000000	0.000000	0.000000	0.000000	0.000000	0.000000	1741714492.363203	0.000000
92.000000	55.968768	1843.258958	1847.550493	1841.135543	1846.119982	1850.277406	1844.309490	1844.622415	1847.304624	-71010.486306	1846.142333	1844.890636	1842.700165	1847.349327	1844.376545	1849.606854	-0.130000	0.960000	-0.154000	192.000000	0.000000	0.000000	0.000000	0.000000	0.000000	0.000000	0.000000	0.000000	0.000000	1741714492.363299	0.000000
94.000000	55.968768	1842.923682	1847.617548	1841.157894	1846.164685	1850.277406	1844.287138	1844.734173	1847.349327	-71010.687472	1846.254092	1845.047098	1842.566054	1847.215217	1844.398897	1849.673909	-0.130000	0.960000	-0.154000	192.000000	0.000000	0.000000	0.000000	0.000000	0.000000	0.000000	0.000000	0.000000	0.000000	1741714492.409994	0.000000
96.000000	55.924065	1843.080144	1847.684604	1841.292005	1846.142333	1850.098592	1844.153028	1844.555359	1847.192865	-71009.435774	1846.142333	1844.801229	1842.588406	1847.237569	1844.734173	1849.651557	-0.130000	0.960000	-0.154000	192.000000	0.000000	0.000000	0.000000	0.000000	0.000000	0.000000	0.000000	0.000000	0.000000	1741714492.410099	0.000000
98.000000	55.968768	1842.923682	1847.662252	1841.224950	1846.164685	1850.031537	1844.085973	1844.510656	1847.282272	-71010.106326	1846.052926	1844.957691	1842.722516	1847.394031	1844.667118	1849.584502	-0.132000	0.960000	-0.154000	192.000000	125.500000	112.000000	15.000000	0.000000	125.500000	24.000000	0.000000	0.000000	0.000000	1741714492.410186	0.000000
100.000000	55.924065	1842.990737	1847.684604	1841.046136	1846.187037	1850.143296	1844.264787	1844.756525	1847.215217	-71010.575713	1846.187037	1845.047098	1842.633109	1847.483438	1844.823580	1849.696261	-0.132000	0.960000	-0.154000	192.000000	0.000000	0.000000	0.000000	0.000000	0.000000	0.000000	0.000000	0.000000	0.000000	1741714492.410287	0.000000
102.000000	55.946416	1843.057793	1847.729307	1841.202598	1846.231740	1850.165647	1844.242435	1844.667118	1847.237569	-71010.732175	1845.963519	1844.868284	1842.297833	1847.259921	1844.756525	1849.405688	-0.132000	0.960000	-0.154000	192.000000	0.000000	0.000000	0.000000	0.000000	0.000000	0.000000	0.000000	0.000000	0.000000	1741714492.410375	0.000000
104.000000	55.901713	1843.057793	1847.751659	1841.090839	1846.052926	1850.299758	1844.153028	1844.801229	1847.349327	-71009.793402	1846.075278	1844.912987	1842.566054	1847.483438	1844.756525	1849.673909	-0.132000	0.960000	-0.154000	192.000000	0.000000	0.000000	0.000000	0.000000	0.000000	0.000000	0.000000	0.000000	0.000000	1741714492.464826	0.000000
106.000000	55.968768	1843.102496	1847.684604	1840.979080	1846.231740	1850.187999	1843.907159	1844.711822	1846.946996	-71009.324015	1846.276444	1844.868284	1842.275481	1847.438734	1844.622415	1849.405688	-0.132000	0.960000	-0.154000	192.000000	0.000000	0.000000	0.000000	0.000000	0.000000	0.000000	0.000000	0.000000	0.000000	1741714492.464941	0.000000
108.000000	55.946416	1843.013089	1848.064583	1841.180246	1846.075278	1850.322109	1844.085973	1844.644766	1847.304624	-71010.195733	1846.231740	1845.114153	1842.811923	1847.461086	1845.002394	1849.696261	-0.130000	0.964000	-0.158000	192.000000	125.500000	120.000000	15.000000	16.000000	125.500000	8.000000	0.000000	0.000000	0.000000	1741714492.465026	0.000000
110.000000	55.991120	1842.834275	1847.617548	1841.381412	1846.052926	1850.187999	1844.130676	1844.555359	1847.259921	-71010.352196	1846.052926	1845.024746	1842.722516	1847.505790	1844.890636	1849.785668	-0.130000	0.964000	-0.158000	192.000000	0.000000	0.000000	0.000000	0.000000	0.000000	0.000000	0.000000	0.000000	0.000000	1741714492.465128	0.000000
112.000000	56.013472	1842.901330	1847.572845	1841.113191	1845.963519	1850.098592	1844.108325	1844.600063	1847.259921	-71009.011091	1846.075278	1845.024746	1842.744868	1847.595197	1844.734173	1849.852723	-0.130000	0.964000	-0.158000	192.000000	0.000000	0.000000	0.000000	0.000000	0.000000	0.000000	0.000000	0.000000	0.000000	1741714492.465220	0.000000
114.000000	55.924065	1843.147200	1847.774011	1841.269653	1845.874112	1850.009185	1844.085973	1844.667118	1847.326976	-71008.765222	1846.097630	1845.069450	1842.610758	1847.461086	1844.734173	1849.629205	-0.130000	0.964000	-0.158000	192.000000	0.000000	0.000000	0.000000	0.000000	0.000000	0.000000	0.000000	0.000000	0.000000	1741714492.465314	0.000000
116.000000	55.946416	1843.080144	1848.019880	1841.224950	1845.963519	1850.120944	1844.085973	1844.711822	1847.483438	-71010.419251	1846.231740	1845.158857	1842.811923	1847.416383	1844.890636	1849.651557	-0.131000	0.961000	-0.156000	192.000000	125.500000	112.000000	14.500000	120.000000	125.500000	24.000000	0.000000	0.000000	0.000000	1741714492.465408	0.000000
118.000000	55.924065	1843.102496	1847.796362	1841.269653	1846.142333	1850.366813	1843.996566	1844.868284	1847.326976	-71010.374547	1846.119982	1845.047098	1842.498999	1847.438734	1844.756525	1849.629205	-0.131000	0.961000	-0.156000	192.000000	0.000000	0.000000	0.000000	0.000000	0.000000	0.000000	0.000000	0.000000	0.000000	1741714492.515822	0.000000
120.000000	55.968768	1843.080144	1847.796362	1841.247301	1846.164685	1850.187999	1844.197732	1844.555359	1847.058755	-71010.285140	1846.052926	1844.756525	1842.521351	1847.528141	1844.555359	1849.405688	-0.131000	0.961000	-0.156000	192.000000	0.000000	0.000000	0.000000	0.000000	0.000000	0.000000	0.000000	0.000000	0.000000	1741714492.515938	0.000000
122.000000	55.946416	1843.057793	1847.662252	1841.113191	1846.276444	1850.187999	1844.018918	1844.600063	1847.304624	-71011.447431	1846.209389	1844.935339	1842.454295	1847.349327	1844.644766	1849.539798	-0.131000	0.961000	-0.156000	192.000000	0.000000	0.000000	0.000000	0.000000	0.000000	0.000000	0.000000	0.000000	0.000000	1741714492.516026	0.000000
124.000000	-21.971765	-24.318698	-18.864872	-25.995079	-20.563605	-16.584994	-21.949413	-21.971765	1536.771838	-71012.542666	1535.944824	1534.961347	1532.569710	1537.397687	1534.670774	1539.677565	-0.131000	0.961000	-0.156000	192.000000	0.000000	0.000000	0.000000	0.000000	0.000000	0.000000	0.000000	0.000000	0.000000	1741714492.516113	0.000000
126.000000	-99.934649	-1898.266601	-1891.851651	-1899.741816	-1893.170404	-1890.219973	-1894.533860	-1895.472633	-1582.481156	-71012.542666	-1583.911667	-1584.604571	-1583.777557	-1580.424795	-1583.107005	-1578.502545	-0.129500	0.959500	-0.157000	192.000000	126.000000	0.000000	14.500000	120.000000	125.500000	8.000000	0.000000	0.000000	0.000000	1741714492.516194	0.000000
128.000000	-99.957001	-1898.266601	-1892.008113	-1900.077093	-1893.483328	-1890.532898	-1894.824433	-1895.450282	-1895.852613	-71011.492135	-1897.216069	-1898.199546	-1896.880793	-1893.975066	-1896.433758	-1891.829299	-0.129500	0.959500	-0.157000	192.000000	0.000000	0.000000	0.000000	0.000000	0.000000	0.000000	0.000000	0.000000	0.000000	1741714492.516304	0.000000
130.000000	-99.979353	-1898.065436	-1891.963409	-1899.585354	-1893.215107	-1890.219973	-1894.600915	-1895.383226	-1895.807909	-71012.274446	-1897.417235	-1898.356008	-1896.947848	-1893.930363	-1896.478462	-1891.851651	-0.129500	0.959500	-0.157000	192.000000	0.000000	0.000000	0.000000	0.000000	0.000000	0.000000	0.000000	0.000000	0.000000	1741714492.516395	0.000000
132.000000	-99.912298	-1898.132491	-1891.874002	-1899.652410	-1893.528032	-1890.197622	-1894.511508	-1895.226764	-1896.031427	-71013.280274	-1897.327828	-1898.288953	-1896.947848	-1893.930363	-1896.456110	-1892.052816	-0.129500	0.959500	-0.157000	192.000000	0.000000	0.000000	0.000000	0.000000	0.000000	0.000000	0.000000	0.000000	0.000000	1741714492.516482	0.000000
134.000000	-100.001705	-1898.154843	-1892.008113	-1899.808872	-1893.192755	-1890.331732	-1894.600915	-1895.472633	-1895.986723	-71012.877943	-1897.417235	-1898.110139	-1896.724331	-1893.773901	-1896.657276	-1891.985761	-0.129500	0.959500	-0.157000	192.000000	0.000000	0.000000	0.000000	0.000000	0.000000	0.000000	0.000000	0.000000	0.000000	1741714492.576119	0.000000
136.000000	-99.957001	-1898.244250	-1892.075168	-1899.741816	-1893.259811	-1890.331732	-1894.355046	-1895.651447	-1895.964372	-71011.693300	-1897.305476	-1898.087787	-1896.880793	-1893.773901	-1896.701979	-1891.806947	-0.128750	0.960750	-0.155500	192.000000	126.000000	0.000000	15.000000	8.000000	125.500000	24.000000	0.000000	0.000000	0.000000	1741714492.576217	0.000000
138.000000	-100.024056	-1898.020732	-1891.985761	-1899.473596	-1893.215107	-1889.951752	-1894.377398	-1895.405578	-1895.785558	-71012.185039	-1897.327828	-1898.132491	-1897.014904	-1893.796252	-1896.366703	-1891.963409	-0.128750	0.960750	-0.155500	192.000000	0.000000	0.000000	0.000000	0.000000	0.000000	0.000000	0.000000	0.000000	0.000000	1741714492.576323	0.000000
140.000000	-100.024056	-1898.043084	-1891.941058	-1899.719465	-1893.349218	-1890.130566	-1894.489157	-1895.316171	-1896.009075	-71013.056757	-1897.394883	-1898.266601	-1896.858441	-1893.863308	-1896.657276	-1891.762244	-0.128750	0.960750	-0.155500	192.000000	0.000000	0.000000	0.000000	0.000000	0.000000	0.000000	0.000000	0.000000	0.000000	1741714492.576416	0.000000
142.000000	-100.001705	-1898.154843	-1892.097520	-1899.607706	-1893.080997	-1890.376436	-1894.422101	-1895.204412	-1895.942020	-71013.794364	-1897.193718	-1898.244250	-1896.701979	-1893.617439	-1896.411407	-1892.008113	-0.128750	0.960750	-0.155500	192.000000	0.000000	0.000000	0.000000	0.000000	0.000000	0.000000	0.000000	0.000000	0.000000	1741714492.576507	0.000000
144.000000	-100.046408	-1898.199546	-1891.874002	-1899.674761	-1893.371569	-1890.421139	-1894.712674	-1895.450282	-1895.807909	-71012.609722	-1897.171366	-1898.199546	-1896.880793	-1893.908011	-1896.590221	-1891.963409	-0.128750	0.960750	-0.155500	192.000000	0.000000	0.000000	0.000000	0.000000	0.000000	0.000000	0.000000	0.000000	0.000000	1741714492.576597	0.000000
146.000000	-99.979353	-1898.065436	-1891.851651	-1899.741816	-1893.505680	-1890.331732	-1894.623267	-1895.584392	-1895.807909	-71012.587370	-1897.260773	-1898.288953	-1896.813738	-1893.818604	-1896.612572	-1891.829299	-0.129375	0.964375	-0.155750	192.000000	125.500000	120.000000	15.000000	32.000000	125.500000	16.000000	0.000000	0.000000	0.000000	1741714492.576683	0.000000
148.000000	-99.934649	-1898.199546	-1891.829299	-1899.741816	-1893.326866	-1890.331732	-1894.600915	-1895.673799	-1895.874965	-71014.487268	-1897.350180	-1898.333657	-1896.769034	-1894.109177	-1896.657276	-1891.941058	-0.129375	0.964375	-0.155750	192.000000	0.000000	0.000000	0.000000	0.000000	0.000000	0.000000	0.000000	0.000000	0.000000	1741714492.634133	0.000000
150.000000	-100.001705	-1898.266601	-1892.321037	-1899.853575	-1893.304514	-1890.264677	-1894.533860	-1895.606744	-1895.763206	-71013.772012	-1897.260773	-1898.244250	-1896.813738	-1893.975066	-1896.590221	-1891.851651	-0.129375	0.964375	-0.155750	192.000000	0.000000	0.000000	0.000000	0.000000	0.000000	0.000000	0.000000	0.000000	0.000000	1741714492.634307	0.000000
152.000000	-100.046408	-1898.266601	-1891.874002	-1899.920630	-1893.259811	-1890.465843	-1894.444453	-1895.450282	-1896.009075	-71013.280274	-1897.327828	-1898.132491	-1896.813738	-1893.908011	-1896.791386	-1891.941058	-0.129375	0.964375	-0.155750	192.000000	0.000000	0.000000	0.000000	0.000000	0.000000	0.000000	0.000000	0.000000	0.000000	1741714492.634479	0.000000
154.000000	-100.001705	-1898.177194	-1892.075168	-1900.032389	-1893.416273	-1890.532898	-1894.623267	-1895.316171	-1895.942020	-71012.676777	-1897.327828	-1898.020732	-1897.081959	-1893.840956	-1896.567869	-1891.985761	-0.129375	0.964375	-0.155750	192.000000	0.000000	0.000000	0.000000	0.000000	0.000000	0.000000	0.000000	0.000000	0.000000	1741714492.634589	0.000000
156.000000	-99.934649	-1898.020732	-1891.985761	-1899.719465	-1893.438625	-1890.421139	-1894.556212	-1895.517337	-1895.986723	-71013.794364	-1897.283125	-1898.065436	-1897.059607	-1894.109177	-1896.478462	-1892.142223	-0.130688	0.964187	-0.152875	192.000000	125.500000	112.000000	15.000000	16.000000	125.500000	40.000000	0.000000	0.000000	0.000000	1741714492.634697	0.000000
158.000000	-99.934649	-1898.110139	-1892.008113	-1899.764168	-1893.460976	-1890.532898	-1894.556212	-1895.360875	-1896.076130	-71015.046062	-1897.372532	-1898.356008	-1896.970200	-1893.773901	-1896.299648	-1892.008113	-0.130688	0.964187	-0.152875	192.000000	0.000000	0.000000	0.000000	0.000000	0.000000	0.000000	0.000000	0.000000	0.000000	1741714492.634792	0.000000
160.000000	-99.957001	-1898.445415	-1892.164575	-1899.808872	-1893.460976	-1890.532898	-1894.712674	-1895.405578	-1896.009075	-71013.526143	-1897.171366	-1898.378360	-1896.903145	-1893.908011	-1896.389055	-1891.851651	-0.130688	0.964187	-0.152875	192.000000	0.000000	0.000000	0.000000	0.000000	0.000000	0.000000	0.000000	0.000000	0.000000	1741714492.634890	0.000000
162.000000	-99.934649	-1898.199546	-1892.052816	-1899.741816	-1893.416273	-1890.376436	-1894.600915	-1895.383226	-1895.942020	-71013.704957	-1897.372532	-1898.467767	-1896.746683	-1893.952715	-1896.634924	-1891.941058	-0.130688	0.964187	-0.152875	192.000000	0.000000	0.000000	0.000000	0.000000	0.000000	0.000000	0.000000	0.000000	0.000000	1741714492.634985	0.000000
164.000000	-99.957001	-1898.356008	-1892.075168	-1899.808872	-1893.393921	-1890.510546	-1894.533860	-1895.494985	-1895.852613	-71014.621379	-1897.260773	-1898.221898	-1896.903145	-1893.952715	-1896.634924	-1891.918706	-0.130688	0.964187	-0.152875	192.000000	0.000000	0.000000	0.000000	0.000000	0.000000	0.000000	0.000000	0.000000	0.000000	1741714492.697464	0.000000
166.000000	-100.024056	-1898.356008	-1891.874002	-1899.875927	-1893.282162	-1890.398787	-1894.399750	-1895.494985	-1895.718502	-71014.174344	-1897.394883	-1898.221898	-1896.679627	-1893.863308	-1896.590221	-1891.739892	-0.131344	0.965094	-0.153438	192.000000	125.500000	112.000000	15.000000	24.000000	125.500000	24.000000	0.000000	0.000000	0.000000	1741714492.697592	0.000000
168.000000	-100.046408	-1898.087787	-1891.851651	-1899.831223	-1893.170404	-1890.354084	-1894.399750	-1895.427930	-1895.986723	-71013.861419	-1897.417235	-1898.110139	-1896.724331	-1893.818604	-1896.634924	-1891.963409	-0.131344	0.965094	-0.153438	192.000000	0.000000	0.000000	0.000000	0.000000	0.000000	0.000000	0.000000	0.000000	0.000000	1741714492.697692	0.000000
170.000000	-99.979353	-1898.087787	-1892.008113	-1899.652410	-1893.393921	-1890.309380	-1894.802081	-1895.472633	-1896.031427	-71014.353158	-1897.126662	-1898.288953	-1896.724331	-1894.086825	-1896.567869	-1892.298686	-0.131344	0.965094	-0.153438	192.000000	0.000000	0.000000	0.000000	0.000000	0.000000	0.000000	0.000000	0.000000	0.000000	1741714492.697785	0.000000
172.000000	-100.001705	-1898.244250	-1891.851651	-1899.719465	-1893.259811	-1890.264677	-1894.690322	-1895.427930	-1896.143186	-71015.381338	-1897.260773	-1898.199546	-1896.791386	-1893.975066	-1896.366703	-1891.829299	-0.131344	0.965094	-0.153438	192.000000	0.000000	0.000000	0.000000	0.000000	0.000000	0.000000	0.000000	0.000000	0.000000	1741714492.697880	0.000000
174.000000	-100.001705	-1898.177194	-1891.963409	-1899.630058	-1893.349218	-1890.242325	-1894.556212	-1895.673799	-1895.852613	-71015.448393	-1897.417235	-1898.132491	-1896.769034	-1894.153880	-1896.299648	-1891.874002	-0.131344	0.965094	-0.153438	192.000000	0.000000	0.000000	0.000000	0.000000	0.000000	0.000000	0.000000	0.000000	0.000000	1741714492.697976	0.000000
176.000000	-99.979353	-1898.110139	-1892.119872	-1899.786520	-1893.371569	-1890.555250	-1894.712674	-1895.494985	-1896.076130	-71014.867248	-1897.372532	-1898.311305	-1896.836090	-1893.840956	-1896.590221	-1892.030465	-0.131672	0.967547	-0.153719	192.000000	125.500000	112.000000	15.000000	40.000000	125.500000	24.000000	0.000000	0.000000	0.000000	1741714492.757470	0.000000
178.000000	-99.934649	-1898.132491	-1891.896354	-1899.764168	-1893.460976	-1890.264677	-1894.913840	-1895.182061	-1895.852613	-71014.800193	-1897.327828	-1898.244250	-1897.081959	-1893.863308	-1896.701979	-1891.985761	-0.131672	0.967547	-0.153719	192.000000	0.000000	0.000000	0.000000	0.000000	0.000000	0.000000	0.000000	0.000000	0.000000	1741714492.757623	0.000000
180.000000	-100.024056	-1898.087787	-1892.052816	-1899.875927	-1893.282162	-1890.532898	-1894.489157	-1895.226764	-1895.740854	-71016.610684	-1897.327828	-1898.244250	-1896.657276	-1894.019770	-1896.634924	-1891.695188	-0.131672	0.967547	-0.153719	192.000000	0.000000	0.000000	0.000000	0.000000	0.000000	0.000000	0.000000	0.000000	0.000000	1741714492.757712	0.000000
182.000000	-99.934649	-1898.333657	-1892.186927	-1899.808872	-1893.349218	-1890.264677	-1894.556212	-1895.204412	-1895.919668	-71016.342463	-1897.327828	-1898.087787	-1896.925497	-1894.019770	-1896.478462	-1891.762244	-0.131672	0.967547	-0.153719	192.000000	0.000000	0.000000	0.000000	0.000000	0.000000	0.000000	0.000000	0.000000	0.000000	1741714492.757809	0.000000
184.000000	-99.979353	-1898.288953	-1892.097520	-1899.652410	-1893.237459	-1890.309380	-1894.712674	-1895.338523	-1896.053779	-71014.308454	-1897.417235	-1898.199546	-1896.947848	-1893.908011	-1896.299648	-1891.695188	-0.131672	0.967547	-0.153719	192.000000	0.000000	0.000000	0.000000	0.000000	0.000000	0.000000	0.000000	0.000000	0.000000	1741714492.757906	0.000000
186.000000	-100.001705	-1898.065436	-1891.896354	-1899.764168	-1893.304514	-1890.376436	-1894.623267	-1895.226764	-1896.344351	-71015.381338	-1897.394883	-1898.199546	-1897.171366	-1893.908011	-1896.500814	-1891.985761	-0.132836	0.965773	-0.152859	192.000000	125.500000	104.000000	15.000000	16.000000	125.500000	32.000000	0.000000	0.000000	0.000000	1741714492.758001	0.000000
188.000000	-99.957001	-1898.020732	-1891.896354	-1899.607706	-1893.438625	-1890.331732	-1894.623267	-1895.316171	-1896.076130	-71015.627207	-1897.327828	-1898.177194	-1896.992552	-1894.153880	-1896.500814	-1891.851651	-0.132836	0.965773	-0.152859	192.000000	0.000000	0.000000	0.000000	0.000000	0.000000	0.000000	0.000000	0.000000	0.000000	1741714492.758098	0.000000
190.000000	-99.934649	-1898.177194	-1892.052816	-1899.764168	-1893.460976	-1890.063511	-1894.623267	-1895.271468	-1895.874965	-71016.186001	-1897.439587	-1898.288953	-1897.081959	-1893.952715	-1896.456110	-1892.008113	-0.132836	0.965773	-0.152859	192.000000	0.000000	0.000000	0.000000	0.000000	0.000000	0.000000	0.000000	0.000000	0.000000	1741714492.808075	0.000000
192.000000	-100.001705	-1898.087787	-1892.075168	-1899.697113	-1893.326866	-1890.331732	-1894.600915	-1895.271468	-1895.897316	-71015.738966	-1897.350180	-1898.221898	-1896.769034	-1894.019770	-1896.500814	-1891.918706	-0.132836	0.965773	-0.152859	192.000000	0.000000	0.000000	0.000000	0.000000	0.000000	0.000000	0.000000	0.000000	0.000000	1741714492.808172	0.000000
194.000000	-99.979353	-1898.177194	-1891.717540	-1899.518299	-1893.416273	-1890.197622	-1894.511508	-1895.360875	-1895.964372	-71016.029539	-1897.506642	-1898.244250	-1896.791386	-1893.952715	-1896.746683	-1892.075168	-0.132836	0.965773	-0.152859	192.000000	0.000000	0.000000	0.000000	0.000000	0.000000	0.000000	0.000000	0.000000	0.000000	1741714492.808290	0.000000
196.000000	-99.979353	-1898.132491	-1892.343389	-1899.674761	-1893.304514	-1890.309380	-1894.846784	-1895.494985	-1895.740854	-71016.923608	-1897.327828	-1898.266601	-1896.903145	-1894.109177	-1896.657276	-1891.941058	-0.134418	0.964887	-0.153430	192.000000	125.500000	96.000000	15.000000	16.000000	125.500000	24.000000	0.000000	0.000000	0.000000	1741714492.808392	0.000000
198.000000	-99.979353	-1898.244250	-1892.097520	-1899.697113	-1893.349218	-1890.443491	-1894.556212	-1895.539689	-1895.964372	-71017.013015	-1897.417235	-1898.199546	-1896.679627	-1893.975066	-1896.612572	-1892.097520	-0.134418	0.964887	-0.153430	192.000000	0.000000	0.000000	0.000000	0.000000	0.000000	0.000000	0.000000	0.000000	0.000000	1741714492.808485	0.000000
200.000000	-99.979353	-1898.266601	-1891.896354	-1899.719465	-1893.483328	-1890.309380	-1894.802081	-1895.383226	-1895.718502	-71016.588332	-1897.327828	-1898.288953	-1896.836090	-1893.952715	-1896.567869	-1892.008113	-0.134418	0.964887	-0.153430	192.000000	0.000000	0.000000	0.000000	0.000000	0.000000	0.000000	0.000000	0.000000	0.000000	1741714492.808577	0.000000
202.000000	-100.001705	-1898.132491	-1891.739892	-1899.518299	-1893.215107	-1890.376436	-1894.489157	-1895.249116	-1895.942020	-71016.163649	-1897.350180	-1898.110139	-1896.701979	-1893.997418	-1896.545517	-1892.052816	-0.134418	0.964887	-0.153430	192.000000	0.000000	0.000000	0.000000	0.000000	0.000000	0.000000	0.000000	0.000000	0.000000	1741714492.808662	0.000000
204.000000	-99.957001	-1898.311305	-1892.030465	-1899.630058	-1893.572735	-1890.443491	-1894.600915	-1895.494985	-1895.897316	-71017.236533	-1897.484290	-1898.199546	-1896.746683	-1893.863308	-1896.612572	-1891.918706	-0.134418	0.964887	-0.153430	192.000000	0.000000	0.000000	0.000000	0.000000	0.000000	0.000000	0.000000	0.000000	0.000000	1741714492.808758	0.000000
206.000000	-99.957001	-1898.288953	-1892.075168	-1900.077093	-1893.572735	-1890.599953	-1894.600915	-1895.539689	-1896.120834	-71017.147126	-1897.484290	-1898.110139	-1896.880793	-1893.930363	-1896.903145	-1891.829299	-0.133209	0.962443	-0.151715	192.000000	125.500000	112.000000	15.000000	0.000000	125.500000	40.000000	0.000000	0.000000	0.000000	1741714492.841753	0.000000
208.000000	-99.979353	-1898.311305	-1891.985761	-1899.853575	-1893.550383	-1890.555250	-1894.667970	-1895.427930	-1895.919668	-71016.744794	-1897.618401	-1898.221898	-1896.791386	-1893.863308	-1896.746683	-1891.896354	-0.133209	0.962443	-0.151715	192.000000	0.000000	0.000000	0.000000	0.000000	0.000000	0.000000	0.000000	0.000000	0.000000	1741714492.841885	0.000000
210.000000	-99.957001	-1898.110139	-1891.896354	-1899.607706	-1893.304514	-1890.287029	-1894.600915	-1895.204412	-1896.009075	-71016.633036	-1897.327828	-1898.356008	-1896.947848	-1894.332694	-1896.836090	-1891.985761	-0.133209	0.962443	-0.151715	192.000000	0.000000	0.000000	0.000000	0.000000	0.000000	0.000000	0.000000	0.000000	0.000000	1741714492.841985	0.000000
212.000000	-99.957001	-1898.199546	-1891.918706	-1899.764168	-1893.393921	-1890.108215	-1894.466805	-1895.249116	-1896.210241	-71017.862382	-1897.417235	-1898.110139	-1896.769034	-1893.997418	-1896.657276	-1892.008113	-0.133209	0.962443	-0.151715	192.000000	0.000000	0.000000	0.000000	0.000000	0.000000	0.000000	0.000000	0.000000	0.000000	1741714492.907283	0.000000
214.000000	-100.001705	-1898.110139	-1892.097520	-1899.719465	-1893.371569	-1890.242325	-1894.623267	-1895.427930	-1895.964372	-71018.823507	-1897.461939	-1898.177194	-1896.903145	-1893.751549	-1896.545517	-1891.985761	-0.133209	0.962443	-0.151715	192.000000	0.000000	0.000000	0.000000	0.000000	0.000000	0.000000	0.000000	0.000000	0.000000	1741714492.907403	0.000000
216.000000	-99.934649	-1898.333657	-1892.142223	-1899.965334	-1893.483328	-1890.354084	-1894.735026	-1895.360875	-1895.785558	-71018.018844	-1897.260773	-1898.132491	-1896.880793	-1893.885659	-1896.612572	-1892.052816	-0.130604	0.962222	-0.152857	192.000000	126.000000	0.000000	15.000000	8.000000	125.500000	24.000000	0.000000	0.000000	0.000000	1741714492.907506	0.000000
218.000000	-99.957001	-1898.244250	-1892.119872	-1899.808872	-1893.460976	-1890.219973	-1894.511508	-1895.360875	-1895.830261	-71018.018844	-1897.461939	-1898.244250	-1896.903145	-1894.153880	-1896.657276	-1892.008113	-0.130604	0.962222	-0.152857	192.000000	0.000000	0.000000	0.000000	0.000000	0.000000	0.000000	0.000000	0.000000	0.000000	1741714492.907615	0.000000
220.000000	-99.934649	-1898.020732	-1892.052816	-1899.719465	-1893.349218	-1890.197622	-1894.667970	-1895.338523	-1895.763206	-71018.734100	-1897.417235	-1898.087787	-1896.970200	-1894.064473	-1896.612572	-1891.695188	-0.130604	0.962222	-0.152857	192.000000	0.000000	0.000000	0.000000	0.000000	0.000000	0.000000	0.000000	0.000000	0.000000	1741714492.907701	0.000000
222.000000	-99.957001	-1898.266601	-1891.941058	-1899.630058	-1893.282162	-1890.152918	-1894.533860	-1895.338523	-1896.076130	-71019.203486	-1897.305476	-1898.221898	-1896.836090	-1893.863308	-1896.523165	-1891.695188	-0.130604	0.962222	-0.152857	192.000000	0.000000	0.000000	0.000000	0.000000	0.000000	0.000000	0.000000	0.000000	0.000000	1741714492.907790	0.000000
224.000000	-99.979353	-1898.288953	-1891.874002	-1899.764168	-1893.438625	-1890.108215	-1894.712674	-1895.360875	-1895.874965	-71018.287065	-1897.283125	-1898.154843	-1896.791386	-1893.818604	-1896.567869	-1891.963409	-0.130604	0.962222	-0.152857	192.000000	0.000000	0.000000	0.000000	0.000000	0.000000	0.000000	0.000000	0.000000	0.000000	1741714492.907881	0.000000
226.000000	-99.957001	-1898.333657	-1892.052816	-1899.853575	-1893.215107	-1890.287029	-1894.556212	-1895.629096	-1895.986723	-71018.152954	-1897.327828	-1898.400712	-1896.813738	-1893.662142	-1896.567869	-1891.941058	-0.126302	0.961111	-0.153429	192.000000	126.000000	24.000000	15.000000	0.000000	125.500000	24.000000	0.000000	0.000000	0.000000	1741714492.907976	0.000000
228.000000	-99.979353	-1898.333657	-1892.030465	-1899.764168	-1893.282162	-1890.488194	-1894.377398	-1895.383226	-1895.874965	-71018.689396	-1897.372532	-1898.244250	-1896.903145	-1893.930363	-1896.456110	-1891.941058	-0.126302	0.961111	-0.153429	192.000000	0.000000	0.000000	0.000000	0.000000	0.000000	0.000000	0.000000	0.000000	0.000000	1741714492.957369	0.000000
230.000000	-99.979353	-1898.087787	-1891.874002	-1899.965334	-1893.192755	-1890.309380	-1894.310343	-1895.316171	-1896.053779	-71019.672873	-1897.260773	-1898.244250	-1896.813738	-1893.908011	-1896.545517	-1891.672837	-0.126302	0.961111	-0.153429	192.000000	0.000000	0.000000	0.000000	0.000000	0.000000	0.000000	0.000000	0.000000	0.000000	1741714492.957513	0.000000
232.000000	-99.934649	-1898.221898	-1892.030465	-1899.786520	-1893.528032	-1890.465843	-1894.578564	-1895.271468	-1896.031427	-71018.376472	-1897.394883	-1898.087787	-1897.126662	-1893.930363	-1896.590221	-1891.851651	-0.126302	0.961111	-0.153429	192.000000	0.000000	0.000000	0.000000	0.000000	0.000000	0.000000	0.000000	0.000000	0.000000	1741714492.957608	0.000000
234.000000	-99.957001	-1898.311305	-1892.075168	-1899.719465	-1893.215107	-1890.309380	-1894.399750	-1895.338523	-1896.098482	-71018.398824	-1897.506642	-1898.311305	-1896.880793	-1893.885659	-1896.634924	-1891.784595	-0.126302	0.961111	-0.153429	192.000000	0.000000	0.000000	0.000000	0.000000	0.000000	0.000000	0.000000	0.000000	0.000000	1741714492.957695	0.000000
236.000000	-99.934649	-1898.132491	-1892.186927	-1899.831223	-1893.460976	-1890.398787	-1894.399750	-1895.293819	-1895.740854	-71018.957617	-1897.238421	-1898.199546	-1896.724331	-1893.751549	-1896.500814	-1891.963409	-0.126151	0.960555	-0.152714	192.000000	126.000000	8.000000	15.000000	0.000000	125.500000	32.000000	0.000000	0.000000	0.000000	1741714492.957786	0.000000
238.000000	-99.979353	-1898.221898	-1891.941058	-1899.808872	-1893.259811	-1890.398787	-1894.511508	-1895.383226	-1895.852613	-71018.979969	-1897.283125	-1898.199546	-1896.769034	-1893.639790	-1896.500814	-1891.874002	-0.126151	0.960555	-0.152714	192.000000	0.000000	0.000000	0.000000	0.000000	0.000000	0.000000	0.000000	0.000000	0.000000	1741714492.957885	0.000000
240.000000	-99.979353	-1898.244250	-1892.119872	-1899.786520	-1893.215107	-1890.331732	-1894.690322	-1895.539689	-1896.277296	-71018.510582	-1897.327828	-1898.601878	-1897.014904	-1893.952715	-1896.500814	-1891.874002	-0.126151	0.960555	-0.152714	192.000000	0.000000	0.000000	0.000000	0.000000	0.000000	0.000000	0.000000	0.000000	0.000000	1741714492.957977	0.000000
242.000000	-100.024056	-1898.154843	-1892.142223	-1899.674761	-1893.371569	-1890.376436	-1894.690322	-1895.517337	-1896.053779	-71017.817678	-1897.350180	-1898.221898	-1896.791386	-1893.908011	-1896.478462	-1891.941058	-0.126151	0.960555	-0.152714	192.000000	0.000000	0.000000	0.000000	0.000000	0.000000	0.000000	0.000000	0.000000	0.000000	1741714492.987034	0.000000
244.000000	-99.912298	-1898.154843	-1892.142223	-1899.495947	-1893.192755	-1890.197622	-1894.578564	-1895.137357	-1895.874965	-71018.152954	-1897.327828	-1898.266601	-1897.081959	-1893.997418	-1896.724331	-1891.985761	-0.126151	0.960555	-0.152714	192.000000	0.000000	0.000000	0.000000	0.000000	0.000000	0.000000	0.000000	0.000000	0.000000	1741714492.987159	0.000000
246.000000	-99.912298	-1897.953677	-1892.142223	-1899.741816	-1893.259811	-1890.175270	-1894.802081	-1895.182061	-1895.740854	-71018.667044	-1897.461939	-1898.445415	-1897.149014	-1894.265639	-1896.590221	-1892.119872	-0.126076	0.961278	-0.150357	192.000000	126.000000	8.000000	15.000000	8.000000	125.500000	48.000000	0.000000	0.000000	0.000000	1741714492.987255	0.000000
248.000000	-100.001705	-1898.154843	-1892.008113	-1899.563003	-1893.192755	-1890.287029	-1894.444453	-1895.293819	-1895.919668	-71018.108251	-1897.506642	-1898.445415	-1897.081959	-1894.042122	-1896.880793	-1891.829299	-0.126076	0.961278	-0.150357	192.000000	0.000000	0.000000	0.000000	0.000000	0.000000	0.000000	0.000000	0.000000	0.000000	1741714493.041437	0.000000
250.000000	-100.001705	-1898.110139	-1891.941058	-1899.518299	-1893.349218	-1890.398787	-1894.489157	-1895.450282	-1896.031427	-71018.018844	-1897.484290	-1898.490119	-1896.858441	-1893.908011	-1896.478462	-1892.008113	-0.126076	0.961278	-0.150357	192.000000	0.000000	0.000000	0.000000	0.000000	0.000000	0.000000	0.000000	0.000000	0.000000	1741714493.041570	0.000000
252.000000	-21.949413	-30.599538	-25.235119	-32.454733	-26.799742	-23.514035	-28.431419	-28.900806	-1585.498641	-71018.801155	-1587.264429	-1588.203202	-1587.063263	-1583.665798	-1586.191545	-1581.967066	-0.126076	0.961278	-0.150357	192.000000	0.000000	0.000000	0.000000	0.000000	0.000000	0.000000	0.000000	0.000000	0.000000	1741714493.041664	0.000000
254.000000	55.991120	1843.035441	1847.639900	1841.157894	1846.008223	1850.009185	1844.287138	1844.533008	1533.799056	-71019.427004	1532.502655	1531.228606	1529.149893	1534.268443	1531.519178	1536.034231	-0.126076	0.961278	-0.150357	192.000000	0.000000	0.000000	0.000000	0.000000	0.000000	0.000000	0.000000	0.000000	0.000000	1741714493.041753	0.000000
0.000000	55.968768	1843.013089	1847.639900	1841.135543	1846.119982	1850.120944	1844.264787	1844.309490	1847.014051	-71018.801155	1846.142333	1844.890636	1842.633109	1847.639900	1844.845932	1849.517447	-0.127038	0.962639	-0.150179	192.000000	126.000000	0.000000	15.000000	16.000000	125.500000	40.000000	0.000000	0.000000	0.000000	1741714493.041839	0.000000
2.000000	55.924065	1842.946034	1847.639900	1841.247301	1846.052926	1850.009185	1844.197732	1844.711822	1847.259921	-71019.315245	1846.030575	1844.957691	1842.498999	1847.394031	1844.734173	1849.271578	-0.127038	0.962639	-0.150179	192.000000	0.000000	0.000000	0.000000	0.000000	0.000000	0.000000	0.000000	0.000000	0.000000	1741714493.041933	0.000000
4.000000	55.991120	1842.923682	1847.818714	1841.113191	1845.963519	1850.053889	1844.085973	1844.823580	1847.014051	-71020.276370	1845.784705	1844.980043	1842.454295	1847.371679	1844.890636	1849.539798	-0.127038	0.962639	-0.150179	192.000000	0.000000	0.000000	0.000000	0.000000	0.000000	0.000000	0.000000	0.000000	0.000000	1741714493.042020	0.000000
6.000000	55.879361	1842.990737	1847.930473	1841.090839	1846.008223	1850.053889	1844.242435	1844.689470	1847.259921	-71020.768108	1845.985871	1845.024746	1842.387240	1847.550493	1844.868284	1849.584502	-0.127038	0.962639	-0.150179	192.000000	0.000000	0.000000	0.000000	0.000000	0.000000	0.000000	0.000000	0.000000	0.000000	1741714493.098569	0.000000
8.000000	55.879361	1842.901330	1847.662252	1841.247301	1845.941168	1850.098592	1843.929511	1844.465952	1847.237569	-71019.963446	1846.142333	1845.136505	1842.700165	1847.461086	1845.024746	1849.495095	-0.127038	0.962639	-0.150179	192.000000	0.000000	0.000000	0.000000	0.000000	0.000000	0.000000	0.000000	0.000000	0.000000	1741714493.098734	0.000000
10.000000	55.924065	1842.834275	1847.505790	1841.046136	1846.142333	1850.053889	1844.063621	1844.510656	1847.282272	-71020.499888	1846.119982	1844.667118	1842.633109	1847.394031	1844.935339	1849.629205	-0.125519	0.961319	-0.149089	192.000000	126.000000	16.000000	15.000000	0.000000	125.500000	48.000000	0.000000	0.000000	0.000000	1741714493.098825	0.000000
12.000000	55.946416	1842.968386	1847.774011	1841.269653	1846.365851	1850.009185	1843.996566	1844.644766	1847.259921	-71022.489193	1845.985871	1844.756525	1842.700165	1847.483438	1844.823580	1849.629205	-0.125519	0.961319	-0.149089	192.000000	0.000000	0.000000	0.000000	0.000000	0.000000	0.000000	0.000000	0.000000	0.000000	1741714493.098924	0.000000
14.000000	55.924065	1843.169551	1847.751659	1841.269653	1845.941168	1849.852723	1844.153028	1844.734173	1847.192865	-71022.690358	1845.874112	1844.868284	1842.431944	1847.461086	1844.912987	1849.763316	-0.125519	0.961319	-0.149089	192.000000	0.000000	0.000000	0.000000	0.000000	0.000000	0.000000	0.000000	0.000000	0.000000	1741714493.099008	0.000000
16.000000	55.968768	1842.968386	1847.796362	1841.292005	1845.963519	1850.076240	1844.041269	1844.711822	1847.237569	-71021.617475	1846.142333	1844.935339	1842.387240	1847.684604	1844.711822	1849.495095	-0.125519	0.961319	-0.149089	192.000000	0.000000	0.000000	0.000000	0.000000	0.000000	0.000000	0.000000	0.000000	0.000000	1741714493.099110	0.000000
18.000000	55.901713	1843.102496	1847.550493	1841.224950	1846.119982	1849.919778	1844.175380	1844.711822	1847.192865	-71021.192792	1846.164685	1845.002394	1842.163723	1847.528141	1844.644766	1849.539798	-0.125519	0.961319	-0.149089	192.000000	0.000000	0.000000	0.000000	0.000000	0.000000	0.000000	0.000000	0.000000	0.000000	1741714493.099204	0.000000
20.000000	55.946416	1843.191903	1847.930473	1841.135543	1846.142333	1850.031537	1844.421249	1844.756525	1847.259921	-71022.220972	1846.209389	1845.002394	1842.633109	1847.371679	1844.667118	1849.584502	-0.124759	0.960660	-0.150545	192.000000	126.000000	16.000000	15.000000	0.000000	125.500000	32.000000	0.000000	0.000000	0.000000	1741714493.099295	0.000000
22.000000	55.991120	1843.124848	1847.863418	1841.292005	1846.365851	1850.210351	1844.331842	1844.510656	1847.081107	-71021.863344	1845.941168	1844.778877	1842.342537	1847.349327	1844.443601	1849.584502	-0.124759	0.960660	-0.150545	192.000000	0.000000	0.000000	0.000000	0.000000	0.000000	0.000000	0.000000	0.000000	0.000000	1741714493.157643	0.000000
24.000000	56.013472	1842.856627	1847.863418	1841.046136	1845.896464	1850.009185	1844.220083	1844.600063	1847.326976	-71020.566943	1846.075278	1844.801229	1842.521351	1847.349327	1844.622415	1849.606854	-0.124759	0.960660	-0.150545	192.000000	0.000000	0.000000	0.000000	0.000000	0.000000	0.000000	0.000000	0.000000	0.000000	1741714493.157769	0.000000
26.000000	55.968768	1843.057793	1847.684604	1841.113191	1846.097630	1850.165647	1844.153028	1844.845932	1847.282272	-71021.975103	1846.097630	1844.890636	1842.588406	1847.326976	1844.443601	1849.293929	-0.124759	0.960660	-0.150545	192.000000	0.000000	0.000000	0.000000	0.000000	0.000000	0.000000	0.000000	0.000000	0.000000	1741714493.157863	0.000000
28.000000	56.013472	1842.946034	1847.796362	1841.247301	1846.030575	1850.120944	1843.929511	1844.622415	1847.282272	-71023.070338	1846.142333	1845.069450	1842.610758	1847.505790	1844.622415	1849.718612	-0.124759	0.960660	-0.150545	192.000000	0.000000	0.000000	0.000000	0.000000	0.000000	0.000000	0.000000	0.000000	0.000000	1741714493.157960	0.000000
30.000000	55.946416	1842.968386	1847.394031	1841.135543	1845.963519	1849.897426	1843.996566	1844.689470	1847.282272	-71023.271504	1846.276444	1844.845932	1842.633109	1847.416383	1844.734173	1849.405688	-0.124380	0.960330	-0.150272	192.000000	126.000000	16.000000	15.000000	0.000000	125.500000	40.000000	0.000000	0.000000	0.000000	1741714493.158054	0.000000
32.000000	55.968768	1843.303662	1847.841066	1841.247301	1845.963519	1850.232703	1844.063621	1844.711822	1847.215217	-71021.595123	1846.209389	1845.024746	1842.722516	1847.662252	1844.778877	1849.606854	-0.124380	0.960330	-0.150272	192.000000	0.000000	0.000000	0.000000	0.000000	0.000000	0.000000	0.000000	0.000000	0.000000	1741714493.158158	0.000000
34.000000	55.968768	1843.080144	1847.729307	1841.001432	1846.119982	1850.009185	1844.153028	1844.644766	1847.550493	-71022.422138	1846.410554	1844.957691	1842.633109	1847.595197	1844.711822	1849.539798	-0.124380	0.960330	-0.150272	192.000000	0.000000	0.000000	0.000000	0.000000	0.000000	0.000000	0.000000	0.000000	0.000000	1741714493.158246	0.000000
36.000000	55.968768	1843.258958	1847.751659	1841.202598	1846.075278	1850.187999	1844.197732	1844.756525	1847.394031	-71023.584428	1846.052926	1844.935339	1842.476647	1847.416383	1844.734173	1849.584502	-0.124380	0.960330	-0.150272	192.000000	0.000000	0.000000	0.000000	0.000000	0.000000	0.000000	0.000000	0.000000	0.000000	1741714493.210462	0.000000
38.000000	55.991120	1843.236607	1847.774011	1841.090839	1846.187037	1850.076240	1844.287138	1844.443601	1847.304624	-71022.355082	1846.052926	1844.935339	1842.566054	1847.461086	1844.845932	1849.562150	-0.124380	0.960330	-0.150272	192.000000	0.000000	0.000000	0.000000	0.000000	0.000000	0.000000	0.000000	0.000000	0.000000	1741714493.210572	0.000000
40.000000	55.968768	1842.923682	1847.706955	1841.113191	1846.008223	1850.165647	1844.175380	1844.689470	1847.304624	-71021.371606	1846.119982	1844.935339	1842.633109	1847.528141	1844.845932	1849.584502	-0.128190	0.959165	-0.150136	192.000000	125.500000	112.000000	14.500000	120.000000	125.500000	40.000000	0.000000	0.000000	0.000000	1741714493.210671	0.000000
42.000000	55.991120	1842.677813	1847.796362	1841.224950	1845.918816	1849.986833	1844.108325	1844.398897	1847.215217	-71021.371606	1846.164685	1845.158857	1842.498999	1847.416383	1844.756525	1849.539798	-0.128190	0.959165	-0.150136	192.000000	0.000000	0.000000	0.000000	0.000000	0.000000	0.000000	0.000000	0.000000	0.000000	1741714493.210774	0.000000
44.000000	56.013472	1842.923682	1847.729307	1841.113191	1845.918816	1850.076240	1844.220083	1844.734173	1847.103458	-71022.489193	1845.918816	1845.203560	1842.498999	1847.394031	1844.756525	1849.629205	-0.128190	0.959165	-0.150136	192.000000	0.000000	0.000000	0.000000	0.000000	0.000000	0.000000	0.000000	0.000000	0.000000	1741714493.210866	0.000000
46.000000	55.946416	1843.102496	1847.483438	1841.001432	1846.008223	1850.053889	1844.287138	1844.577711	1847.170514	-71024.254981	1846.164685	1845.047098	1842.744868	1847.505790	1844.622415	1849.673909	-0.128190	0.959165	-0.150136	192.000000	0.000000	0.000000	0.000000	0.000000	0.000000	0.000000	0.000000	0.000000	0.000000	1741714493.210953	0.000000
48.000000	55.924065	1842.811923	1847.394031	1841.068487	1845.963519	1849.852723	1844.153028	1844.644766	1847.192865	-71023.070338	1846.231740	1844.935339	1842.677813	1847.259921	1844.644766	1849.696261	-0.128190	0.959165	-0.150136	192.000000	0.000000	0.000000	0.000000	0.000000	0.000000	0.000000	0.000000	0.000000	0.000000	1741714493.211043	0.000000
50.000000	55.924065	1842.990737	1847.505790	1841.157894	1846.030575	1850.031537	1844.018918	1844.577711	1847.259921	-71022.623303	1846.209389	1845.114153	1842.655461	1847.192865	1844.711822	1849.495095	-0.128095	0.959582	-0.152068	192.000000	126.000000	0.000000	15.000000	0.000000	125.500000	24.000000	0.000000	0.000000	0.000000	1741714493.211130	0.000000
52.000000	55.946416	1842.789572	1847.751659	1841.068487	1846.164685	1850.076240	1844.153028	1844.667118	1847.259921	-71024.590257	1846.164685	1845.158857	1842.409592	1847.259921	1844.823580	1849.606854	-0.128095	0.959582	-0.152068	192.000000	0.000000	0.000000	0.000000	0.000000	0.000000	0.000000	0.000000	0.000000	0.000000	1741714493.232337	0.000000
54.000000	55.946416	1843.013089	1847.595197	1841.202598	1846.142333	1850.255054	1844.197732	1844.778877	1847.438734	-71024.031463	1846.008223	1844.801229	1842.431944	1847.371679	1844.734173	1849.495095	-0.128095	0.959582	-0.152068	192.000000	0.000000	0.000000	0.000000	0.000000	0.000000	0.000000	0.000000	0.000000	0.000000	1741714493.272446	0.000000
56.000000	55.901713	1842.968386	1847.952825	1841.224950	1846.030575	1850.210351	1844.220083	1844.577711	1847.148162	-71023.137393	1846.119982	1844.845932	1842.588406	1847.349327	1844.711822	1849.383336	-0.128095	0.959582	-0.152068	192.000000	0.000000	0.000000	0.000000	0.000000	0.000000	0.000000	0.000000	0.000000	0.000000	1741714493.272547	0.000000
58.000000	55.968768	1843.236607	1847.818714	1841.224950	1846.142333	1850.232703	1844.175380	1844.734173	1847.170514	-71023.204449	1846.119982	1845.047098	1842.744868	1847.572845	1844.577711	1849.338633	-0.128095	0.959582	-0.152068	192.000000	0.000000	0.000000	0.000000	0.000000	0.000000	0.000000	0.000000	0.000000	0.000000	1741714493.272637	0.000000
60.000000	55.991120	1843.326013	1847.885769	1841.224950	1846.097630	1850.232703	1844.309490	1844.801229	1847.103458	-71024.210277	1845.896464	1844.801229	1842.543702	1847.483438	1844.756525	1849.450391	-0.127047	0.957791	-0.154034	192.000000	126.000000	8.000000	14.500000	112.000000	125.500000	16.000000	0.000000	0.000000	0.000000	1741714493.272728	0.000000
62.000000	55.946416	1843.057793	1847.863418	1841.113191	1846.075278	1850.053889	1844.242435	1844.600063	1847.416383	-71023.718539	1846.164685	1845.024746	1842.633109	1847.416383	1844.890636	1849.651557	-0.127047	0.957791	-0.154034	192.000000	0.000000	0.000000	0.000000	0.000000	0.000000	0.000000	0.000000	0.000000	0.000000	1741714493.334954	0.000000
64.000000	56.013472	1843.057793	1847.774011	1841.202598	1846.075278	1850.009185	1844.108325	1844.622415	1847.170514	-71023.137393	1845.941168	1844.980043	1842.543702	1847.595197	1844.756525	1849.472743	-0.127047	0.957791	-0.154034	192.000000	0.000000	0.000000	0.000000	0.000000	0.000000	0.000000	0.000000	0.000000	0.000000	1741714493.335075	0.000000
66.000000	55.991120	1842.946034	1847.751659	1841.068487	1846.008223	1850.165647	1844.153028	1844.734173	1847.326976	-71022.891524	1846.321147	1845.136505	1842.633109	1847.528141	1844.801229	1849.651557	-0.127047	0.957791	-0.154034	192.000000	0.000000	0.000000	0.000000	0.000000	0.000000	0.000000	0.000000	0.000000	0.000000	1741714493.335168	0.000000
68.000000	55.924065	1843.013089	1847.774011	1841.292005	1846.119982	1850.255054	1844.331842	1844.711822	1847.081107	-71023.651483	1846.030575	1844.756525	1842.253130	1847.394031	1844.823580	1849.740964	-0.127047	0.957791	-0.154034	192.000000	0.000000	0.000000	0.000000	0.000000	0.000000	0.000000	0.000000	0.000000	0.000000	1741714493.335265	0.000000
70.000000	56.058175	1842.990737	1847.684604	1841.090839	1846.119982	1850.210351	1844.063621	1844.689470	1847.371679	-71024.657312	1846.119982	1845.024746	1842.476647	1847.483438	1844.778877	1849.562150	-0.125524	0.958896	-0.154017	192.000000	126.000000	16.000000	15.000000	0.000000	125.500000	24.000000	0.000000	0.000000	0.000000	1741714493.335356	0.000000
72.000000	55.991120	1842.968386	1847.863418	1841.135543	1846.432906	1850.143296	1844.242435	1845.002394	1847.371679	-71023.316207	1845.985871	1844.912987	1842.208426	1847.304624	1844.689470	1849.584502	-0.125524	0.958896	-0.154017	192.000000	0.000000	0.000000	0.000000	0.000000	0.000000	0.000000	0.000000	0.000000	0.000000	1741714493.335455	0.000000
74.000000	55.946416	1843.214255	1847.818714	1841.113191	1846.231740	1850.143296	1844.354194	1844.644766	1847.438734	-71023.383263	1846.075278	1845.047098	1842.409592	1847.371679	1844.689470	1849.562150	-0.125524	0.958896	-0.154017	192.000000	0.000000	0.000000	0.000000	0.000000	0.000000	0.000000	0.000000	0.000000	0.000000	1741714493.335548	0.000000
76.000000	55.924065	1842.811923	1847.952825	1841.224950	1846.075278	1850.187999	1844.175380	1844.711822	1847.461086	-71024.433795	1846.142333	1844.957691	1842.521351	1847.394031	1844.622415	1849.495095	-0.125524	0.958896	-0.154017	192.000000	0.000000	0.000000	0.000000	0.000000	0.000000	0.000000	0.000000	0.000000	0.000000	1741714493.335639	0.000000
78.000000	56.013472	1843.013089	1847.729307	1841.314356	1846.052926	1850.076240	1844.130676	1844.488304	1847.349327	-71025.529030	1846.142333	1844.980043	1842.543702	1847.282272	1844.935339	1849.517447	-0.125524	0.958896	-0.154017	192.000000	0.000000	0.000000	0.000000	0.000000	0.000000	0.000000	0.000000	0.000000	0.000000	1741714493.403935	0.000000
80.000000	55.991120	1843.080144	1847.885769	1841.247301	1846.231740	1850.187999	1844.085973	1844.533008	1847.304624	-71024.880829	1846.298795	1845.024746	1842.655461	1847.371679	1844.801229	1849.495095	-0.126762	0.958448	-0.155009	192.000000	126.000000	0.000000	14.500000	120.000000	125.500000	16.000000	0.000000	0.000000	0.000000	1741714493.404047	0.000000
82.000000	55.901713	1843.147200	1847.774011	1841.336708	1846.119982	1850.411516	1844.175380	1844.778877	1847.125810	-71024.433795	1846.097630	1844.868284	1842.610758	1847.326976	1844.778877	1849.740964	-0.126762	0.958448	-0.155009	192.000000	0.000000	0.000000	0.000000	0.000000	0.000000	0.000000	0.000000	0.000000	0.000000	1741714493.404151	0.000000
84.000000	55.946416	1842.901330	1847.729307	1841.090839	1845.784705	1850.366813	1844.085973	1844.868284	1847.282272	-71025.350216	1846.254092	1845.136505	1842.700165	1847.371679	1844.890636	1849.450391	-0.126762	0.958448	-0.155009	192.000000	0.000000	0.000000	0.000000	0.000000	0.000000	0.000000	0.000000	0.000000	0.000000	1741714493.404240	0.000000
86.000000	55.946416	1843.080144	1847.684604	1841.359060	1845.963519	1850.232703	1844.220083	1844.533008	1847.192865	-71025.730196	1846.164685	1845.091801	1842.610758	1847.774011	1844.577711	1849.517447	-0.126762	0.958448	-0.155009	192.000000	0.000000	0.000000	0.000000	0.000000	0.000000	0.000000	0.000000	0.000000	0.000000	1741714493.404335	0.000000
88.000000	55.946416	1842.856627	1847.751659	1841.046136	1846.187037	1850.120944	1844.354194	1844.577711	1847.215217	-71024.813774	1846.075278	1845.091801	1842.409592	1847.438734	1844.689470	1849.673909	-0.126762	0.958448	-0.155009	192.000000	0.000000	0.000000	0.000000	0.000000	0.000000	0.000000	0.000000	0.000000	0.000000	1741714493.404427	0.000000
90.000000	55.901713	1843.035441	1847.818714	1841.157894	1846.142333	1850.255054	1844.354194	1844.421249	1847.170514	-71024.389091	1846.343499	1844.845932	1842.498999	1847.461086	1844.622415	1849.316281	-0.126381	0.956224	-0.155504	192.000000	126.000000	8.000000	14.500000	104.000000	125.500000	16.000000	0.000000	0.000000	0.000000	1741714493.404519	0.000000
92.000000	55.946416	1843.057793	1847.796362	1841.046136	1846.209389	1850.120944	1844.153028	1844.600063	1847.148162	-71024.970236	1845.985871	1844.801229	1842.588406	1847.528141	1844.622415	1849.696261	-0.126381	0.956224	-0.155504	192.000000	0.000000	0.000000	0.000000	0.000000	0.000000	0.000000	0.000000	0.000000	0.000000	1741714493.460901	0.000000
94.000000	55.946416	1843.102496	1847.729307	1841.224950	1846.008223	1850.389165	1844.108325	1844.577711	1847.259921	-71025.998417	1845.963519	1844.801229	1842.342537	1847.326976	1844.734173	1849.495095	-0.126381	0.956224	-0.155504	192.000000	0.000000	0.000000	0.000000	0.000000	0.000000	0.000000	0.000000	0.000000	0.000000	1741714493.461086	0.000000
96.000000	55.946416	1843.191903	1847.908121	1841.269653	1845.941168	1850.210351	1844.197732	1844.510656	1847.282272	-71024.411443	1846.142333	1845.024746	1842.431944	1847.282272	1844.667118	1849.584502	-0.126381	0.956224	-0.155504	192.000000	0.000000	0.000000	0.000000	0.000000	0.000000	0.000000	0.000000	0.000000	0.000000	1741714493.461185	0.000000
98.000000	55.946416	1843.147200	1847.818714	1841.224950	1846.142333	1850.232703	1844.018918	1844.510656	1847.326976	-71024.456146	1846.231740	1845.069450	1842.387240	1847.371679	1844.577711	1849.562150	-0.126381	0.956224	-0.155504	192.000000	0.000000	0.000000	0.000000	0.000000	0.000000	0.000000	0.000000	0.000000	0.000000	1741714493.461283	0.000000
100.000000	55.946416	1843.102496	1847.684604	1841.157894	1846.187037	1850.210351	1844.153028	1844.756525	1847.103458	-71025.283161	1846.030575	1844.890636	1842.521351	1847.259921	1844.845932	1849.606854	-0.124190	0.958112	-0.153752	192.000000	126.000000	24.000000	15.000000	0.000000	125.500000	32.000000	0.000000	0.000000	0.000000	1741714493.461379	0.000000
102.000000	55.924065	1842.901330	1847.796362	1841.292005	1846.254092	1850.076240	1843.907159	1844.711822	1847.371679	-71025.171402	1845.851761	1845.069450	1842.498999	1847.416383	1844.689470	1849.584502	-0.124190	0.958112	-0.153752	192.000000	0.000000	0.000000	0.000000	0.000000	0.000000	0.000000	0.000000	0.000000	0.000000	1741714493.461475	0.000000
104.000000	55.946416	1843.191903	1848.019880	1841.314356	1846.142333	1850.210351	1844.220083	1844.689470	1847.572845	-71025.037292	1846.119982	1844.957691	1842.543702	1847.729307	1844.667118	1849.606854	-0.124190	0.958112	-0.153752	192.000000	0.000000	0.000000	0.000000	0.000000	0.000000	0.000000	0.000000	0.000000	0.000000	1741714493.461568	0.000000
106.000000	55.968768	1843.035441	1847.617548	1841.068487	1845.985871	1849.897426	1844.018918	1844.577711	1847.326976	-71025.171402	1846.164685	1845.002394	1842.521351	1847.326976	1844.801229	1849.696261	-0.124190	0.958112	-0.153752	192.000000	0.000000	0.000000	0.000000	0.000000	0.000000	0.000000	0.000000	0.000000	0.000000	1741714493.461661	0.000000
108.000000	55.968768	1843.191903	1847.662252	1841.046136	1845.963519	1850.277406	1844.175380	1844.778877	1847.237569	-71025.730196	1846.187037	1845.069450	1842.521351	1847.304624	1844.622415	1849.740964	-0.124190	0.958112	-0.153752	192.000000	0.000000	0.000000	0.000000	0.000000	0.000000	0.000000	0.000000	0.000000	0.000000	1741714493.488792	0.000000
110.000000	55.946416	1843.057793	1847.684604	1841.202598	1846.097630	1850.322109	1844.085973	1844.689470	1847.103458	-71025.372568	1846.231740	1844.935339	1842.677813	1847.394031	1844.734173	1849.629205	-0.125095	0.960056	-0.156876	192.000000	126.000000	8.000000	15.000000	8.000000	125.500000	0.000000	0.000000	0.000000	0.000000	1741714493.488907	0.000000
112.000000	55.924065	1843.080144	1847.841066	1841.001432	1846.254092	1850.143296	1844.018918	1844.600063	1847.170514	-71023.405614	1846.008223	1844.711822	1842.677813	1847.438734	1844.443601	1849.584502	-0.125095	0.960056	-0.156876	192.000000	0.000000	0.000000	0.000000	0.000000	0.000000	0.000000	0.000000	0.000000	0.000000	1741714493.539658	0.000000
114.000000	55.924065	1843.013089	1847.885769	1841.180246	1846.142333	1849.964482	1844.041269	1844.510656	1847.215217	-71024.076167	1845.963519	1845.024746	1842.364888	1847.461086	1844.577711	1849.383336	-0.125095	0.960056	-0.156876	192.000000	0.000000	0.000000	0.000000	0.000000	0.000000	0.000000	0.000000	0.000000	0.000000	1741714493.539776	0.000000
116.000000	55.991120	1842.968386	1847.662252	1841.269653	1846.209389	1849.942130	1843.996566	1844.510656	1847.394031	-71027.004245	1846.052926	1844.912987	1842.431944	1847.416383	1844.577711	1849.584502	-0.125095	0.960056	-0.156876	192.000000	0.000000	0.000000	0.000000	0.000000	0.000000	0.000000	0.000000	0.000000	0.000000	1741714493.539869	0.000000
118.000000	55.946416	1843.236607	1847.528141	1841.292005	1846.164685	1850.165647	1844.153028	1844.577711	1847.237569	-71026.847783	1846.075278	1845.047098	1842.342537	1847.148162	1844.577711	1849.428040	-0.125095	0.960056	-0.156876	192.000000	0.000000	0.000000	0.000000	0.000000	0.000000	0.000000	0.000000	0.000000	0.000000	1741714493.539959	0.000000
120.000000	55.924065	1843.013089	1847.751659	1841.068487	1846.030575	1850.120944	1844.041269	1844.600063	1847.349327	-71024.947885	1846.119982	1845.024746	1842.655461	1847.148162	1844.823580	1849.517447	-0.126548	0.961028	-0.157438	192.000000	126.000000	0.000000	15.000000	8.000000	125.500000	8.000000	0.000000	0.000000	0.000000	1741714493.540049	0.000000
122.000000	55.946416	1842.946034	1847.818714	1841.068487	1846.052926	1850.165647	1844.018918	1844.555359	1847.371679	-71024.858478	1845.941168	1844.957691	1842.543702	1847.550493	1844.689470	1849.450391	-0.126548	0.961028	-0.157438	192.000000	0.000000	0.000000	0.000000	0.000000	0.000000	0.000000	0.000000	0.000000	0.000000	1741714493.540154	0.000000
124.000000	-22.061172	-24.497512	-18.708410	-26.129189	-20.541253	-16.674401	-21.994117	-22.172930	1536.704783	-71026.244286	1535.833065	1534.871940	1532.547359	1537.352984	1534.559016	1539.588158	-0.126548	0.961028	-0.157438	192.000000	0.000000	0.000000	0.000000	0.000000	0.000000	0.000000	0.000000	0.000000	0.000000	1741714493.540251	0.000000
126.000000	-100.001705	-1897.931325	-1891.918706	-1899.875927	-1893.215107	-1890.354084	-1894.489157	-1895.450282	-1582.414100	-71027.428928	-1583.799909	-1584.448109	-1583.397577	-1580.514202	-1583.196412	-1578.346083	-0.126548	0.961028	-0.157438	192.000000	0.000000	0.000000	0.000000	0.000000	0.000000	0.000000	0.000000	0.000000	0.000000	1741714493.603654	0.000000
128.000000	-100.046408	-1898.333657	-1892.008113	-1899.697113	-1893.192755	-1890.130566	-1894.667970	-1895.383226	-1895.696151	-71025.618437	-1897.283125	-1898.199546	-1896.992552	-1893.952715	-1896.411407	-1891.874002	-0.126548	0.961028	-0.157438	192.000000	0.000000	0.000000	0.000000	0.000000	0.000000	0.000000	0.000000	0.000000	0.000000	1741714493.603776	0.000000
130.000000	-100.046408	-1898.043084	-1892.186927	-1899.540651	-1893.215107	-1890.264677	-1894.600915	-1895.450282	-1895.763206	-71025.439623	-1897.461939	-1898.221898	-1896.836090	-1894.064473	-1896.433758	-1891.896354	-0.126274	0.961514	-0.155719	192.000000	126.000000	8.000000	15.000000	8.000000	125.500000	24.000000	0.000000	0.000000	0.000000	1741714493.603861	0.000000
132.000000	-99.979353	-1898.221898	-1891.941058	-1899.652410	-1893.192755	-1890.532898	-1894.667970	-1895.494985	-1895.673799	-71027.920667	-1897.439587	-1898.333657	-1896.903145	-1893.885659	-1896.634924	-1891.941058	-0.126274	0.961514	-0.155719	192.000000	0.000000	0.000000	0.000000	0.000000	0.000000	0.000000	0.000000	0.000000	0.000000	1741714493.603967	0.000000
134.000000	-99.979353	-1897.998380	-1892.119872	-1899.674761	-1893.170404	-1890.331732	-1894.667970	-1895.338523	-1895.606744	-71027.495984	-1897.417235	-1898.110139	-1896.679627	-1893.751549	-1896.299648	-1891.874002	-0.126274	0.961514	-0.155719	192.000000	0.000000	0.000000	0.000000	0.000000	0.000000	0.000000	0.000000	0.000000	0.000000	1741714493.604058	0.000000
136.000000	-100.046408	-1898.288953	-1891.829299	-1899.585354	-1893.058645	-1890.309380	-1894.466805	-1895.226764	-1895.763206	-71026.780728	-1897.081959	-1898.177194	-1896.813738	-1893.885659	-1896.433758	-1891.851651	-0.126274	0.961514	-0.155719	192.000000	0.000000	0.000000	0.000000	0.000000	0.000000	0.000000	0.000000	0.000000	0.000000	1741714493.604150	0.000000
138.000000	-99.979353	-1897.998380	-1891.963409	-1899.786520	-1893.304514	-1890.421139	-1894.578564	-1895.405578	-1895.807909	-71027.116004	-1897.260773	-1898.110139	-1896.925497	-1893.773901	-1896.590221	-1891.784595	-0.126274	0.961514	-0.155719	192.000000	0.000000	0.000000	0.000000	0.000000	0.000000	0.000000	0.000000	0.000000	0.000000	1741714493.604244	0.000000
140.000000	-99.934649	-1898.043084	-1892.276334	-1899.920630	-1893.192755	-1890.510546	-1894.667970	-1895.494985	-1895.763206	-71028.568867	-1897.417235	-1898.154843	-1896.836090	-1893.662142	-1896.612572	-1892.008113	-0.127137	0.960757	-0.155860	192.000000	126.000000	0.000000	15.000000	0.000000	125.500000	16.000000	0.000000	0.000000	0.000000	1741714493.604334	0.000000
142.000000	-99.979353	-1898.199546	-1892.142223	-1899.786520	-1893.192755	-1890.309380	-1894.623267	-1895.383226	-1895.874965	-71028.680626	-1897.327828	-1898.087787	-1896.903145	-1894.019770	-1896.545517	-1891.985761	-0.127137	0.960757	-0.155860	192.000000	0.000000	0.000000	0.000000	0.000000	0.000000	0.000000	0.000000	0.000000	0.000000	1741714493.656100	0.000000
144.000000	-99.957001	-1898.199546	-1892.097520	-1899.764168	-1893.170404	-1890.197622	-1894.623267	-1895.383226	-1896.187889	-71028.077129	-1897.640753	-1897.998380	-1897.014904	-1893.997418	-1896.344351	-1892.030465	-0.127137	0.960757	-0.155860	192.000000	0.000000	0.000000	0.000000	0.000000	0.000000	0.000000	0.000000	0.000000	0.000000	1741714493.656211	0.000000
146.000000	-100.001705	-1898.132491	-1892.052816	-1899.786520	-1893.371569	-1890.219973	-1894.466805	-1895.562040	-1896.053779	-71028.166536	-1897.394883	-1898.266601	-1896.903145	-1893.975066	-1896.634924	-1891.806947	-0.127137	0.960757	-0.155860	192.000000	0.000000	0.000000	0.000000	0.000000	0.000000	0.000000	0.000000	0.000000	0.000000	1741714493.656313	0.000000
148.000000	-99.979353	-1898.288953	-1892.186927	-1900.054741	-1893.304514	-1890.309380	-1894.891488	-1895.539689	-1895.986723	-71029.082957	-1897.260773	-1898.288953	-1896.769034	-1893.952715	-1896.612572	-1891.918706	-0.127137	0.960757	-0.155860	192.000000	0.000000	0.000000	0.000000	0.000000	0.000000	0.000000	0.000000	0.000000	0.000000	1741714493.656394	0.000000
150.000000	-99.979353	-1898.221898	-1892.030465	-1899.875927	-1893.349218	-1890.376436	-1894.556212	-1895.316171	-1895.986723	-71029.731158	-1897.461939	-1898.288953	-1896.746683	-1894.019770	-1896.478462	-1891.717540	-0.127568	0.961378	-0.155930	192.000000	126.000000	0.000000	15.000000	8.000000	125.500000	16.000000	0.000000	0.000000	0.000000	1741714493.656483	0.000000
152.000000	-99.979353	-1898.065436	-1891.941058	-1899.674761	-1893.304514	-1890.175270	-1894.511508	-1895.271468	-1895.986723	-71028.770033	-1897.327828	-1898.154843	-1896.769034	-1894.019770	-1896.500814	-1891.941058	-0.127568	0.961378	-0.155930	192.000000	0.000000	0.000000	0.000000	0.000000	0.000000	0.000000	0.000000	0.000000	0.000000	1741714493.656576	0.000000
154.000000	-100.024056	-1898.266601	-1892.030465	-1899.652410	-1893.058645	-1890.219973	-1894.623267	-1895.494985	-1895.919668	-71028.747681	-1897.171366	-1898.199546	-1896.769034	-1893.885659	-1896.411407	-1891.806947	-0.127568	0.961378	-0.155930	192.000000	0.000000	0.000000	0.000000	0.000000	0.000000	0.000000	0.000000	0.000000	0.000000	1741714493.683103	0.000000
156.000000	-100.001705	-1898.221898	-1891.963409	-1899.563003	-1893.326866	-1890.376436	-1894.600915	-1895.427930	-1895.874965	-71029.954675	-1897.461939	-1898.221898	-1896.634924	-1893.818604	-1896.545517	-1891.963409	-0.127568	0.961378	-0.155930	192.000000	0.000000	0.000000	0.000000	0.000000	0.000000	0.000000	0.000000	0.000000	0.000000	1741714493.741298	0.000000
158.000000	-99.979353	-1898.624229	-1892.008113	-1899.808872	-1893.505680	-1890.443491	-1894.600915	-1895.159709	-1896.076130	-71030.200545	-1897.305476	-1898.311305	-1896.947848	-1893.930363	-1896.769034	-1892.008113	-0.127568	0.961378	-0.155930	192.000000	0.000000	0.000000	0.000000	0.000000	0.000000	0.000000	0.000000	0.000000	0.000000	1741714493.741407	0.000000
160.000000	-99.979353	-1898.244250	-1891.896354	-1899.942982	-1893.170404	-1890.376436	-1894.645619	-1895.293819	-1896.053779	-71029.239420	-1897.506642	-1898.333657	-1896.970200	-1893.997418	-1896.545517	-1891.941058	-0.129784	0.965689	-0.154965	192.000000	125.500000	112.000000	15.000000	40.000000	125.500000	24.000000	0.000000	0.000000	0.000000	1741714493.741500	0.000000
162.000000	-99.979353	-1898.087787	-1891.896354	-1899.741816	-1893.215107	-1890.532898	-1894.690322	-1895.338523	-1896.031427	-71029.753510	-1897.506642	-1898.154843	-1896.813738	-1893.729197	-1896.634924	-1892.030465	-0.129784	0.965689	-0.154965	192.000000	0.000000	0.000000	0.000000	0.000000	0.000000	0.000000	0.000000	0.000000	0.000000	1741714493.741595	0.000000
164.000000	-99.979353	-1898.244250	-1891.963409	-1899.585354	-1893.326866	-1890.331732	-1894.667970	-1895.293819	-1896.120834	-71030.692283	-1897.439587	-1898.132491	-1897.059607	-1893.997418	-1896.657276	-1891.896354	-0.129784	0.965689	-0.154965	192.000000	0.000000	0.000000	0.000000	0.000000	0.000000	0.000000	0.000000	0.000000	0.000000	1741714493.741680	0.000000
166.000000	-99.957001	-1898.244250	-1892.209279	-1899.808872	-1893.349218	-1890.488194	-1894.578564	-1895.562040	-1896.053779	-71029.887620	-1897.327828	-1898.132491	-1896.880793	-1893.930363	-1896.500814	-1891.941058	-0.129784	0.965689	-0.154965	192.000000	0.000000	0.000000	0.000000	0.000000	0.000000	0.000000	0.000000	0.000000	0.000000	1741714493.741776	0.000000
168.000000	-100.024056	-1898.132491	-1892.209279	-1899.719465	-1893.416273	-1890.376436	-1894.533860	-1895.293819	-1896.009075	-71028.904143	-1897.350180	-1898.445415	-1896.791386	-1893.885659	-1896.612572	-1891.739892	-0.129784	0.965689	-0.154965	192.000000	0.000000	0.000000	0.000000	0.000000	0.000000	0.000000	0.000000	0.000000	0.000000	1741714493.741869	0.000000
170.000000	-100.001705	-1898.110139	-1891.918706	-1899.607706	-1893.237459	-1890.331732	-1894.578564	-1895.427930	-1895.942020	-71029.731158	-1897.394883	-1898.199546	-1896.880793	-1893.952715	-1896.433758	-1891.784595	-0.132892	0.962845	-0.156482	192.000000	125.500000	96.000000	15.000000	0.000000	125.500000	8.000000	0.000000	0.000000	0.000000	1741714493.741961	0.000000
172.000000	-100.024056	-1898.020732	-1891.851651	-1899.607706	-1893.170404	-1890.175270	-1894.757377	-1895.472633	-1896.232593	-71029.440585	-1897.305476	-1898.154843	-1896.925497	-1894.198584	-1896.523165	-1891.874002	-0.132892	0.962845	-0.156482	192.000000	0.000000	0.000000	0.000000	0.000000	0.000000	0.000000	0.000000	0.000000	0.000000	1741714493.790276	0.000000
174.000000	-100.001705	-1898.087787	-1892.052816	-1899.652410	-1893.438625	-1890.264677	-1894.466805	-1895.606744	-1895.919668	-71030.848745	-1897.484290	-1898.288953	-1896.791386	-1893.706845	-1896.746683	-1892.030465	-0.132892	0.962845	-0.156482	192.000000	0.000000	0.000000	0.000000	0.000000	0.000000	0.000000	0.000000	0.000000	0.000000	1741714493.790427	0.000000
176.000000	-100.001705	-1897.976029	-1892.276334	-1899.719465	-1893.505680	-1890.331732	-1894.578564	-1895.271468	-1895.807909	-71028.948847	-1897.372532	-1898.244250	-1896.880793	-1893.639790	-1896.545517	-1892.142223	-0.132892	0.962845	-0.156482	192.000000	0.000000	0.000000	0.000000	0.000000	0.000000	0.000000	0.000000	0.000000	0.000000	1741714493.790521	0.000000
178.000000	-99.957001	-1898.333657	-1892.119872	-1899.786520	-1893.304514	-1890.532898	-1894.556212	-1895.293819	-1895.897316	-71028.680626	-1897.372532	-1898.356008	-1896.746683	-1893.729197	-1896.679627	-1891.941058	-0.132892	0.962845	-0.156482	192.000000	0.000000	0.000000	0.000000	0.000000	0.000000	0.000000	0.000000	0.000000	0.000000	1741714493.790617	0.000000
180.000000	-99.979353	-1898.154843	-1891.918706	-1899.674761	-1893.103348	-1890.197622	-1894.355046	-1895.316171	-1896.031427	-71029.619399	-1897.238421	-1898.154843	-1897.081959	-1894.019770	-1896.634924	-1891.784595	-0.133446	0.962422	-0.156241	192.000000	125.500000	104.000000	15.000000	8.000000	125.500000	16.000000	0.000000	0.000000	0.000000	1741714493.790707	0.000000
182.000000	-100.001705	-1898.087787	-1891.985761	-1899.495947	-1893.326866	-1890.510546	-1894.489157	-1895.450282	-1895.986723	-71030.647580	-1897.350180	-1898.288953	-1897.193718	-1893.773901	-1896.769034	-1891.918706	-0.133446	0.962422	-0.156241	192.000000	0.000000	0.000000	0.000000	0.000000	0.000000	0.000000	0.000000	0.000000	0.000000	1741714493.790808	0.000000
184.000000	-100.001705	-1898.221898	-1892.052816	-1899.697113	-1893.326866	-1890.175270	-1894.489157	-1894.980895	-1895.785558	-71029.529992	-1897.305476	-1898.311305	-1896.992552	-1893.952715	-1896.679627	-1891.829299	-0.133446	0.962422	-0.156241	192.000000	0.000000	0.000000	0.000000	0.000000	0.000000	0.000000	0.000000	0.000000	0.000000	1741714493.790896	0.000000
186.000000	-99.979353	-1898.154843	-1892.119872	-1899.764168	-1893.282162	-1890.309380	-1894.735026	-1895.182061	-1895.919668	-71029.686454	-1897.149014	-1898.512471	-1897.059607	-1894.176232	-1896.500814	-1891.985761	-0.133446	0.962422	-0.156241	192.000000	0.000000	0.000000	0.000000	0.000000	0.000000	0.000000	0.000000	0.000000	0.000000	1741714493.828389	0.000000
188.000000	-99.957001	-1898.087787	-1891.985761	-1899.786520	-1893.371569	-1890.555250	-1894.600915	-1895.405578	-1895.919668	-71031.340484	-1897.350180	-1898.356008	-1896.903145	-1894.243287	-1896.657276	-1891.784595	-0.133446	0.962422	-0.156241	192.000000	0.000000	0.000000	0.000000	0.000000	0.000000	0.000000	0.000000	0.000000	0.000000	1741714493.828565	0.000000
190.000000	-99.957001	-1898.199546	-1891.739892	-1899.719465	-1893.326866	-1890.376436	-1894.824433	-1895.182061	-1896.009075	-71032.502774	-1897.149014	-1898.356008	-1896.858441	-1894.019770	-1896.657276	-1891.963409	-0.131723	0.963211	-0.157121	192.000000	125.500000	120.000000	15.000000	16.000000	125.500000	8.000000	0.000000	0.000000	0.000000	1741714493.828662	0.000000
192.000000	-100.024056	-1898.110139	-1891.874002	-1899.652410	-1893.237459	-1890.488194	-1894.690322	-1895.494985	-1895.852613	-71031.161670	-1897.327828	-1898.445415	-1896.970200	-1893.863308	-1896.612572	-1892.008113	-0.131723	0.963211	-0.157121	192.000000	0.000000	0.000000	0.000000	0.000000	0.000000	0.000000	0.000000	0.000000	0.000000	1741714493.891373	0.000000
194.000000	-99.979353	-1897.886622	-1891.985761	-1899.585354	-1893.505680	-1890.465843	-1894.578564	-1895.383226	-1895.852613	-71030.938152	-1897.238421	-1898.512471	-1896.813738	-1894.019770	-1896.545517	-1891.985761	-0.131723	0.963211	-0.157121	192.000000	0.000000	0.000000	0.000000	0.000000	0.000000	0.000000	0.000000	0.000000	0.000000	1741714493.891490	0.000000
196.000000	-99.934649	-1898.065436	-1892.119872	-1899.652410	-1893.282162	-1890.309380	-1894.578564	-1895.249116	-1895.785558	-71031.429891	-1897.216069	-1898.266601	-1896.970200	-1893.796252	-1896.612572	-1892.097520	-0.131723	0.963211	-0.157121	192.000000	0.000000	0.000000	0.000000	0.000000	0.000000	0.000000	0.000000	0.000000	0.000000	1741714493.891586	0.000000
198.000000	-100.024056	-1898.110139	-1891.963409	-1899.831223	-1893.438625	-1890.309380	-1894.735026	-1895.450282	-1895.874965	-71030.781690	-1897.439587	-1898.154843	-1896.903145	-1893.706845	-1896.344351	-1891.874002	-0.131723	0.963211	-0.157121	192.000000	0.000000	0.000000	0.000000	0.000000	0.000000	0.000000	0.000000	0.000000	0.000000	1741714493.891679	0.000000
200.000000	-100.024056	-1898.199546	-1891.941058	-1899.518299	-1893.416273	-1890.175270	-1894.422101	-1895.316171	-1895.807909	-71030.357007	-1897.394883	-1898.110139	-1896.880793	-1893.684494	-1896.769034	-1891.829299	-0.129862	0.963606	-0.156560	192.000000	126.000000	0.000000	15.000000	16.000000	125.500000	16.000000	0.000000	0.000000	0.000000	1741714493.891774	0.000000
202.000000	-100.001705	-1898.445415	-1892.030465	-1899.786520	-1893.304514	-1890.309380	-1894.556212	-1895.450282	-1895.942020	-71030.468766	-1897.260773	-1898.490119	-1896.858441	-1893.818604	-1896.634924	-1891.874002	-0.129862	0.963606	-0.156560	192.000000	0.000000	0.000000	0.000000	0.000000	0.000000	0.000000	0.000000	0.000000	0.000000	1741714493.891876	0.000000
204.000000	-100.024056	-1898.288953	-1892.119872	-1899.786520	-1893.393921	-1890.331732	-1894.712674	-1895.539689	-1895.807909	-71032.614533	-1897.372532	-1898.266601	-1896.992552	-1894.153880	-1896.523165	-1891.874002	-0.129862	0.963606	-0.156560	192.000000	0.000000	0.000000	0.000000	0.000000	0.000000	0.000000	0.000000	0.000000	0.000000	1741714493.891970	0.000000
206.000000	-99.979353	-1898.311305	-1891.963409	-1899.853575	-1893.237459	-1890.354084	-1894.377398	-1895.539689	-1896.053779	-71031.876925	-1897.350180	-1898.110139	-1896.769034	-1893.863308	-1896.567869	-1891.739892	-0.129862	0.963606	-0.156560	192.000000	0.000000	0.000000	0.000000	0.000000	0.000000	0.000000	0.000000	0.000000	0.000000	1741714493.892058	0.000000
208.000000	-100.001705	-1898.244250	-1891.985761	-1899.652410	-1893.237459	-1890.175270	-1894.466805	-1895.159709	-1896.053779	-71030.424062	-1897.193718	-1898.266601	-1896.880793	-1893.930363	-1896.769034	-1891.941058	-0.129862	0.963606	-0.156560	192.000000	0.000000	0.000000	0.000000	0.000000	0.000000	0.000000	0.000000	0.000000	0.000000	1741714493.922542	0.000000
210.000000	-100.046408	-1898.087787	-1892.142223	-1899.808872	-1893.148052	-1890.443491	-1894.399750	-1895.271468	-1896.098482	-71029.775861	-1897.283125	-1898.266601	-1897.081959	-1893.818604	-1896.813738	-1891.985761	-0.127931	0.960803	-0.159280	192.000000	126.000000	8.000000	14.500000	120.000000	125.000000	120.000000	0.000000	0.000000	0.000000	1741714493.950579	0.000000
212.000000	-99.957001	-1898.110139	-1892.030465	-1899.674761	-1893.304514	-1890.354084	-1894.645619	-1895.316171	-1895.964372	-71031.184021	-1897.417235	-1898.356008	-1896.925497	-1893.975066	-1896.679627	-1891.784595	-0.127931	0.960803	-0.159280	192.000000	0.000000	0.000000	0.000000	0.000000	0.000000	0.000000	0.000000	0.000000	0.000000	1741714493.950704	0.000000
214.000000	-100.001705	-1898.177194	-1892.097520	-1899.831223	-1893.237459	-1890.130566	-1894.757377	-1895.249116	-1895.740854	-71032.256905	-1897.506642	-1898.423064	-1896.880793	-1893.997418	-1896.657276	-1891.874002	-0.127931	0.960803	-0.159280	192.000000	0.000000	0.000000	0.000000	0.000000	0.000000	0.000000	0.000000	0.000000	0.000000	1741714493.950798	0.000000
216.000000	-100.001705	-1898.110139	-1891.941058	-1899.652410	-1893.259811	-1890.287029	-1894.712674	-1895.338523	-1895.986723	-71031.072263	-1897.484290	-1898.333657	-1896.769034	-1893.885659	-1896.500814	-1891.985761	-0.127931	0.960803	-0.159280	192.000000	0.000000	0.000000	0.000000	0.000000	0.000000	0.000000	0.000000	0.000000	0.000000	1741714494.021695	0.000000
218.000000	-99.979353	-1897.998380	-1891.806947	-1899.808872	-1893.148052	-1890.108215	-1894.422101	-1895.159709	-1896.366703	-71030.781690	-1897.417235	-1898.244250	-1897.081959	-1893.908011	-1896.322000	-1891.896354	-0.127931	0.960803	-0.159280	192.000000	0.000000	0.000000	0.000000	0.000000	0.000000	0.000000	0.000000	0.000000	0.000000	1741714494.021820	0.000000
220.000000	-99.979353	-1897.908973	-1892.030465	-1899.518299	-1892.991590	-1890.175270	-1894.466805	-1895.271468	-1896.009075	-71033.665065	-1897.484290	-1898.356008	-1896.880793	-1894.019770	-1896.657276	-1892.052816	-0.127965	0.960401	-0.156640	192.000000	126.000000	0.000000	15.000000	0.000000	125.500000	24.000000	0.000000	0.000000	0.000000	1741714494.021910	0.000000
222.000000	-99.957001	-1898.221898	-1892.231630	-1899.808872	-1893.215107	-1890.331732	-1894.735026	-1895.450282	-1895.785558	-71034.045045	-1897.372532	-1898.333657	-1896.992552	-1894.086825	-1896.701979	-1891.762244	-0.127965	0.960401	-0.156640	192.000000	0.000000	0.000000	0.000000	0.000000	0.000000	0.000000	0.000000	0.000000	0.000000	1741714494.022012	0.000000
224.000000	-99.934649	-1898.400712	-1891.941058	-1899.875927	-1893.237459	-1890.488194	-1894.556212	-1895.226764	-1895.964372	-71033.620362	-1897.350180	-1898.177194	-1897.171366	-1893.975066	-1896.567869	-1892.008113	-0.127965	0.960401	-0.156640	192.000000	0.000000	0.000000	0.000000	0.000000	0.000000	0.000000	0.000000	0.000000	0.000000	1741714494.092459	0.000000
226.000000	-99.957001	-1898.288953	-1891.985761	-1899.652410	-1893.148052	-1890.264677	-1894.600915	-1895.383226	-1896.009075	-71033.866231	-1897.327828	-1898.132491	-1897.171366	-1894.176232	-1896.299648	-1891.829299	-0.127965	0.960401	-0.156640	192.000000	0.000000	0.000000	0.000000	0.000000	0.000000	0.000000	0.000000	0.000000	0.000000	1741714494.092570	0.000000
228.000000	-99.979353	-1898.221898	-1892.097520	-1899.607706	-1893.170404	-1890.354084	-1894.667970	-1895.494985	-1895.964372	-71034.737949	-1897.394883	-1898.199546	-1897.037255	-1893.997418	-1896.478462	-1891.650485	-0.127965	0.960401	-0.156640	192.000000	0.000000	0.000000	0.000000	0.000000	0.000000	0.000000	0.000000	0.000000	0.000000	1741714494.092657	0.000000
230.000000	-100.001705	-1898.244250	-1891.985761	-1899.875927	-1893.326866	-1890.287029	-1894.712674	-1895.562040	-1896.009075	-71033.977989	-1897.506642	-1898.244250	-1896.858441	-1894.109177	-1896.791386	-1891.963409	-0.131983	0.957201	-0.157320	192.000000	125.500000	96.000000	14.500000	104.000000	125.500000	8.000000	0.000000	0.000000	0.000000	1741714494.092746	0.000000
232.000000	-99.957001	-1898.065436	-1891.941058	-1899.741816	-1893.148052	-1890.130566	-1894.600915	-1895.226764	-1895.897316	-71032.189850	-1897.216069	-1898.110139	-1896.836090	-1893.952715	-1896.411407	-1891.605782	-0.131983	0.957201	-0.157320	192.000000	0.000000	0.000000	0.000000	0.000000	0.000000	0.000000	0.000000	0.000000	0.000000	1741714494.092845	0.000000
234.000000	-99.934649	-1897.998380	-1891.896354	-1899.741816	-1893.349218	-1890.219973	-1894.645619	-1895.338523	-1895.740854	-71032.033388	-1897.305476	-1898.266601	-1896.836090	-1894.153880	-1896.612572	-1891.874002	-0.131983	0.957201	-0.157320	192.000000	0.000000	0.000000	0.000000	0.000000	0.000000	0.000000	0.000000	0.000000	0.000000	1741714494.092945	0.000000
238.000000	-99.979353	-1897.931325	-1891.806947	-1899.630058	-1893.282162	-1890.398787	-1894.511508	-1895.338523	-1895.852613	-71034.514431	-1897.350180	-1898.333657	-1896.836090	-1893.997418	-1896.523165	-1891.896354	-0.131983	0.957201	-0.157320	192.000000	0.000000	0.000000	0.000000	0.000000	0.000000	0.000000	0.000000	0.000000	0.000000	1741714494.141476	0.000000
244.000000	-100.001705	-1897.886622	-1892.142223	-1899.473596	-1893.393921	-1890.264677	-1894.578564	-1895.360875	-1895.696151	-71033.754472	-1897.327828	-1898.177194	-1897.059607	-1893.997418	-1896.545517	-1892.030465	-0.133991	0.957600	-0.156660	192.000000	125.500000	96.000000	14.500000	120.000000	125.500000	16.000000	0.000000	0.000000	0.000000	1741714494.141574	0.000000
242.000000	-99.934649	-1898.177194	-1892.052816	-1899.607706	-1893.192755	-1890.175270	-1894.578564	-1895.517337	-1895.897316	-71031.899277	-1897.372532	-1898.356008	-1897.059607	-1893.997418	-1896.657276	-1891.941058	-0.133991	0.957600	-0.156660	192.000000	0.000000	0.000000	0.000000	0.000000	0.000000	0.000000	0.000000	0.000000	0.000000	1741714494.141678	0.000000
248.000000	-100.001705	-1898.333657	-1892.142223	-1899.786520	-1893.170404	-1890.130566	-1894.511508	-1895.383226	-1895.807909	-71033.240382	-1897.327828	-1898.221898	-1896.947848	-1893.952715	-1896.433758	-1891.918706	-0.133991	0.957600	-0.156660	192.000000	0.000000	0.000000	0.000000	0.000000	0.000000	0.000000	0.000000	0.000000	0.000000	1741714494.141769	0.000000
250.000000	-99.957001	-1898.378360	-1891.985761	-1900.054741	-1893.371569	-1890.354084	-1894.757377	-1895.427930	-1895.874965	-71032.748643	-1897.417235	-1898.423064	-1897.037255	-1894.019770	-1896.925497	-1892.008113	-0.124000	0.962000	-0.156000	192.000000	126.000000	16.000000	15.000000	8.000000	125.500000	16.000000	0.000000	0.000000	0.000000	1741714494.141861	0.000000
252.000000	55.946416	1843.013089	1847.595197	1841.202598	1846.119982	1849.964482	1844.108325	1844.667118	-1585.498641	-71034.760300	-1587.018560	-1587.957333	-1586.996208	-1584.090481	-1586.392711	-1581.877659	-0.124000	0.962000	-0.156000	192.000000	0.000000	0.000000	0.000000	0.000000	0.000000	0.000000	0.000000	0.000000	0.000000	1741714494.141958	0.000000
254.000000	55.968768	1843.013089	1847.796362	1841.269653	1846.097630	1850.120944	1844.175380	1844.644766	1533.866112	-71035.184984	1532.525007	1531.385068	1529.149893	1533.866112	1531.474475	1536.145989	-0.124000	0.962000	-0.156000	192.000000	0.000000	0.000000	0.000000	0.000000	0.000000	0.000000	0.000000	0.000000	0.000000	1741714494.142051	0.000000
4.000000	55.946416	1842.968386	1847.729307	1841.403763	1845.807057	1850.031537	1844.063621	1844.868284	1847.394031	-71034.179155	1846.343499	1844.823580	1842.610758	1847.505790	1844.533008	1849.673909	-0.126000	0.958000	-0.154000	192.000000	126.000000	8.000000	14.500000	120.000000	125.500000	24.000000	0.000000	0.000000	0.000000	1741714494.142141	0.000000
6.000000	55.946416	1842.722516	1847.729307	1841.135543	1846.052926	1850.031537	1844.153028	1844.801229	1847.081107	-71034.357969	1846.008223	1844.868284	1842.498999	1847.528141	1844.734173	1849.517447	-0.126000	0.958000	-0.154000	192.000000	0.000000	0.000000	0.000000	0.000000	0.000000	0.000000	0.000000	0.000000	0.000000	1741714494.176940	0.000000
8.000000	55.968768	1843.057793	1847.684604	1841.135543	1846.097630	1850.322109	1844.018918	1844.711822	1847.125810	-71034.380321	1846.008223	1844.957691	1842.409592	1847.416383	1844.488304	1849.450391	-0.126000	0.958000	-0.154000	192.000000	0.000000	0.000000	0.000000	0.000000	0.000000	0.000000	0.000000	0.000000	0.000000	1741714494.177035	0.000000
10.000000	55.968768	1843.080144	1847.885769	1841.292005	1846.164685	1850.277406	1844.153028	1844.756525	1847.304624	-71035.766129	1846.321147	1844.980043	1842.677813	1847.483438	1844.689470	1849.584502	-0.126000	0.958000	-0.154000	192.000000	0.000000	0.000000	0.000000	0.000000	0.000000	0.000000	0.000000	0.000000	0.000000	1741714494.177135	0.000000
12.000000	55.968768	1843.013089	1847.818714	1841.202598	1846.075278	1850.031537	1844.220083	1844.711822	1847.304624	-71036.973123	1846.298795	1845.002394	1842.476647	1847.662252	1844.667118	1849.360984	-0.126000	0.958000	-0.154000	192.000000	0.000000	0.000000	0.000000	0.000000	0.000000	0.000000	0.000000	0.000000	0.000000	1741714494.241373	0.000000
14.000000	56.013472	1843.013089	1847.818714	1841.224950	1846.119982	1850.210351	1843.773048	1844.622415	1847.237569	-71037.353103	1846.231740	1845.069450	1842.677813	1847.416383	1844.711822	1849.651557	-0.128000	0.960000	-0.152000	192.000000	126.000000	0.000000	15.000000	0.000000	125.500000	32.000000	0.000000	0.000000	0.000000	1741714494.241477	0.000000
16.000000	55.968768	1843.169551	1847.595197	1841.180246	1845.896464	1850.076240	1844.018918	1844.711822	1847.483438	-71034.916763	1846.209389	1845.248264	1842.700165	1847.505790	1844.890636	1849.584502	-0.128000	0.960000	-0.152000	192.000000	0.000000	0.000000	0.000000	0.000000	0.000000	0.000000	0.000000	0.000000	0.000000	1741714494.241574	0.000000
18.000000	55.879361	1843.080144	1847.751659	1841.023784	1846.097630	1850.411516	1844.331842	1844.555359	1847.304624	-71034.737949	1846.321147	1844.980043	1842.498999	1847.483438	1844.756525	1849.673909	-0.128000	0.960000	-0.152000	192.000000	0.000000	0.000000	0.000000	0.000000	0.000000	0.000000	0.000000	0.000000	0.000000	1741714494.241662	0.000000
20.000000	55.924065	1842.901330	1847.818714	1841.157894	1846.187037	1850.232703	1844.287138	1844.689470	1847.304624	-71035.989646	1846.254092	1844.957691	1842.454295	1847.394031	1844.845932	1849.495095	-0.128000	0.960000	-0.152000	192.000000	0.000000	0.000000	0.000000	0.000000	0.000000	0.000000	0.000000	0.000000	0.000000	1741714494.241758	0.000000
22.000000	55.968768	1843.013089	1847.818714	1841.090839	1846.097630	1850.255054	1843.795400	1844.577711	1847.282272	-71036.771957	1846.052926	1844.980043	1842.387240	1847.416383	1844.644766	1849.517447	-0.128000	0.960000	-0.152000	192.000000	0.000000	0.000000	0.000000	0.000000	0.000000	0.000000	0.000000	0.000000	0.000000	1741714494.241853	0.000000
24.000000	55.924065	1842.990737	1847.751659	1841.292005	1846.410554	1850.187999	1843.951862	1844.555359	1847.170514	-71035.810832	1846.119982	1844.801229	1842.387240	1847.371679	1844.622415	1849.472743	-0.128000	0.960000	-0.152000	192.000000	126.000000	0.000000	15.000000	0.000000	125.500000	32.000000	0.000000	0.000000	0.000000	1741714494.241946	0.000000
26.000000	55.924065	1842.923682	1847.841066	1841.180246	1846.119982	1850.076240	1844.264787	1844.577711	1847.259921	-71036.034350	1846.142333	1845.069450	1842.454295	1847.282272	1845.024746	1849.830371	-0.128000	0.960000	-0.152000	192.000000	0.000000	0.000000	0.000000	0.000000	0.000000	0.000000	0.000000	0.000000	0.000000	1741714494.242044	0.000000
28.000000	55.968768	1842.968386	1847.595197	1841.224950	1846.097630	1850.009185	1844.175380	1844.555359	1847.326976	-71036.995475	1846.365851	1845.337670	1842.543702	1847.706955	1844.957691	1849.428040	-0.128000	0.960000	-0.152000	192.000000	0.000000	0.000000	0.000000	0.000000	0.000000	0.000000	0.000000	0.000000	0.000000	1741714494.285131	0.000000
30.000000	55.946416	1842.901330	1847.796362	1841.224950	1845.941168	1850.232703	1844.220083	1844.600063	1847.394031	-71037.151937	1846.298795	1845.047098	1842.566054	1847.639900	1844.801229	1849.740964	-0.128000	0.960000	-0.152000	192.000000	0.000000	0.000000	0.000000	0.000000	0.000000	0.000000	0.000000	0.000000	0.000000	1741714494.285235	0.000000
32.000000	55.924065	1842.990737	1847.863418	1841.269653	1846.119982	1850.165647	1844.242435	1844.577711	1847.394031	-71036.704902	1846.187037	1845.069450	1842.431944	1847.394031	1844.734173	1849.517447	-0.128000	0.960000	-0.152000	192.000000	0.000000	0.000000	0.000000	0.000000	0.000000	0.000000	0.000000	0.000000	0.000000	1741714494.313188	0.000000
34.000000	55.968768	1843.013089	1847.796362	1841.224950	1846.231740	1849.986833	1844.242435	1844.600063	1847.081107	-71037.353103	1846.097630	1844.980043	1842.543702	1847.394031	1844.823580	1849.360984	-0.126000	0.962000	-0.160000	192.000000	126.000000	8.000000	15.000000	8.000000	125.500000	0.000000	0.000000	0.000000	0.000000	1741714494.313330	0.000000
36.000000	55.924065	1842.878979	1847.639900	1841.068487	1846.052926	1850.009185	1844.331842	1844.488304	1847.304624	-71037.800138	1846.276444	1845.069450	1842.744868	1847.416383	1844.980043	1849.495095	-0.126000	0.962000	-0.160000	192.000000	0.000000	0.000000	0.000000	0.000000	0.000000	0.000000	0.000000	0.000000	0.000000	1741714494.355392	0.000000
38.000000	55.946416	1842.878979	1847.662252	1841.023784	1846.052926	1849.986833	1843.974214	1844.443601	1847.282272	-71037.978952	1846.142333	1844.980043	1842.677813	1847.326976	1844.734173	1849.606854	-0.126000	0.962000	-0.160000	192.000000	0.000000	0.000000	0.000000	0.000000	0.000000	0.000000	0.000000	0.000000	0.000000	1741714494.355525	0.000000
42.000000	55.968768	1843.035441	1847.684604	1841.157894	1846.142333	1850.031537	1844.220083	1844.488304	1847.215217	-71037.174289	1846.164685	1844.845932	1842.409592	1847.394031	1844.600063	1849.159819	-0.126000	0.962000	-0.160000	192.000000	0.000000	0.000000	0.000000	0.000000	0.000000	0.000000	0.000000	0.000000	0.000000	1741714494.355625	0.000000
44.000000	55.946416	1843.124848	1847.796362	1841.381412	1846.231740	1850.255054	1844.376545	1844.644766	1847.192865	-71038.202469	1846.276444	1845.069450	1842.566054	1847.483438	1844.488304	1849.472743	-0.124000	0.966000	-0.164000	192.000000	126.000000	16.000000	15.000000	24.000000	125.000000	112.000000	0.000000	0.000000	0.000000	1741714494.355710	0.000000
46.000000	55.968768	1842.946034	1847.751659	1841.247301	1846.164685	1849.986833	1844.309490	1844.890636	1847.416383	-71039.297705	1846.209389	1845.091801	1842.543702	1847.461086	1844.689470	1849.517447	-0.124000	0.966000	-0.164000	192.000000	0.000000	0.000000	0.000000	0.000000	0.000000	0.000000	0.000000	0.000000	0.000000	1741714494.355812	0.000000
48.000000	55.924065	1842.923682	1847.908121	1841.180246	1845.918816	1850.031537	1844.063621	1844.868284	1847.438734	-71037.777786	1846.119982	1845.024746	1842.543702	1847.572845	1844.711822	1849.383336	-0.124000	0.966000	-0.164000	192.000000	0.000000	0.000000	0.000000	0.000000	0.000000	0.000000	0.000000	0.000000	0.000000	1741714494.420791	0.000000
50.000000	55.857009	1842.923682	1847.461086	1841.247301	1846.052926	1850.009185	1844.041269	1844.644766	1847.170514	-71037.531917	1845.762354	1844.912987	1842.230778	1847.416383	1844.577711	1849.405688	-0.124000	0.966000	-0.164000	192.000000	0.000000	0.000000	0.000000	0.000000	0.000000	0.000000	0.000000	0.000000	0.000000	1741714494.420920	0.000000
52.000000	55.857009	1843.013089	1847.796362	1841.224950	1846.030575	1850.299758	1844.063621	1844.734173	1847.505790	-71038.917725	1846.030575	1844.801229	1842.789572	1847.215217	1844.600063	1849.584502	-0.124000	0.966000	-0.164000	192.000000	0.000000	0.000000	0.000000	0.000000	0.000000	0.000000	0.000000	0.000000	0.000000	1741714494.421014	0.000000
54.000000	55.946416	1843.035441	1847.885769	1841.180246	1846.276444	1850.098592	1844.175380	1844.622415	1847.304624	-71039.744740	1846.030575	1844.667118	1842.633109	1847.125810	1844.622415	1849.495095	-0.124000	0.962000	-0.160000	192.000000	126.000000	16.000000	15.000000	8.000000	125.500000	0.000000	0.000000	0.000000	0.000000	1741714494.421109	0.000000
54.000000	55.924065	1843.057793	1847.706955	1841.292005	1845.941168	1850.210351	1844.018918	1844.667118	1847.304624	-71039.744740	1846.030575	1844.667118	1842.633109	1847.125810	1844.622415	1849.495095	-0.124000	0.962000	-0.160000	192.000000	63.000000	8.000000	7.500000	4.000000	62.750000	0.000000	0.000000	0.000000	0.000000	1741714494.421202	0.000000
54.000000	55.946416	1843.080144	1847.863418	1841.135543	1846.097630	1849.964482	1844.175380	1844.600063	1847.304624	-71039.744740	1846.030575	1844.667118	1842.633109	1847.125810	1844.622415	1849.495095	-0.124000	0.962000	-0.160000	192.000000	31.500000	4.000000	3.750000	2.000000	31.375000	0.000000	0.000000	0.000000	0.000000	1741714494.421299	0.000000
54.000000	55.946416	1842.744868	1847.528141	1841.247301	1846.008223	1850.165647	1844.018918	1844.421249	1847.304624	-71039.744740	1846.030575	1844.667118	1842.633109	1847.125810	1844.622415	1849.495095	-0.124000	0.962000	-0.160000	192.000000	15.750000	2.000000	1.875000	1.000000	15.687500	0.000000	0.000000	0.000000	0.000000	1741714494.421393	0.000000
66.000000	55.946416	1842.901330	1847.483438	1841.247301	1845.985871	1850.098592	1844.175380	1844.577711	1847.103458	-71038.962428	1846.209389	1844.845932	1842.633109	1847.192865	1844.778877	1849.383336	-0.124000	0.962000	-0.160000	192.000000	0.000000	0.000000	0.000000	0.000000	0.000000	0.000000	0.000000	0.000000	0.000000	1741714494.421487	0.000000
74.000000	55.968768	1842.990737	1847.684604	1841.224950	1846.209389	1850.187999	1844.085973	1844.689470	1847.461086	-71039.185946	1845.941168	1844.957691	1842.409592	1847.528141	1844.868284	1849.539798	-0.122000	0.962000	-0.158000	192.000000	126.000000	24.000000	15.000000	8.000000	125.500000	8.000000	0.000000	0.000000	0.000000	1741714494.421574	0.000000
70.000000	55.991120	1842.923682	1847.639900	1841.269653	1846.231740	1849.986833	1844.153028	1844.734173	1847.461086	-71041.130548	1846.164685	1844.868284	1842.588406	1847.528141	1844.912987	1849.629205	-0.122000	0.962000	-0.158000	192.000000	0.000000	0.000000	0.000000	0.000000	0.000000	0.000000	0.000000	0.000000	0.000000	1741714494.472373	0.000000
70.000000	55.857009	1843.214255	1847.796362	1841.269653	1846.030575	1850.120944	1844.220083	1844.644766	1847.461086	-71041.130548	1846.164685	1844.868284	1842.588406	1847.528141	1844.912987	1849.629205	-0.122000	0.962000	-0.158000	192.000000	0.000000	0.000000	0.000000	0.000000	0.000000	0.000000	0.000000	0.000000	0.000000	1741714494.472492	0.000000
76.000000	55.901713	1843.057793	1847.639900	1841.068487	1846.030575	1850.232703	1843.996566	1844.354194	1847.371679	-71040.951734	1846.075278	1844.980043	1842.610758	1847.572845	1844.778877	1849.763316	-0.122000	0.962000	-0.158000	192.000000	0.000000	0.000000	0.000000	0.000000	0.000000	0.000000	0.000000	0.000000	0.000000	1741714494.472592	0.000000
78.000000	55.968768	1842.968386	1847.774011	1841.359060	1846.298795	1850.031537	1844.398897	1844.600063	1847.282272	-71041.041141	1846.164685	1845.158857	1842.342537	1847.617548	1844.510656	1849.740964	-0.122000	0.962000	-0.158000	192.000000	0.000000	0.000000	0.000000	0.000000	0.000000	0.000000	0.000000	0.000000	0.000000	1741714494.472685	0.000000
80.000000	56.013472	1843.035441	1847.729307	1841.314356	1846.097630	1850.031537	1844.108325	1844.600063	1847.170514	-71041.421120	1846.432906	1845.091801	1842.655461	1847.416383	1844.533008	1849.763316	-0.122000	0.962000	-0.158000	192.000000	0.000000	0.000000	0.000000	0.000000	0.000000	0.000000	0.000000	0.000000	0.000000	1741714494.472778	0.000000
86.000000	55.946416	1842.811923	1847.684604	1841.359060	1845.896464	1850.009185	1844.175380	1844.555359	1847.438734	-71042.248135	1846.231740	1845.002394	1842.409592	1847.416383	1844.823580	1849.517447	-0.122000	0.962000	-0.158000	192.000000	0.000000	0.000000	0.000000	0.000000	0.000000	0.000000	0.000000	0.000000	0.000000	1741714494.472868	0.000000
86.000000	55.968768	1843.169551	1847.706955	1840.956729	1846.008223	1849.897426	1844.264787	1844.689470	1847.438734	-71042.248135	1846.231740	1845.002394	1842.409592	1847.416383	1844.823580	1849.517447	-0.122000	0.962000	-0.158000	192.000000	0.000000	0.000000	0.000000	0.000000	0.000000	0.000000	0.000000	0.000000	0.000000	1741714494.472958	0.000000
88.000000	55.924065	1843.102496	1847.662252	1841.135543	1845.896464	1850.255054	1844.376545	1844.398897	1847.148162	-71040.169423	1845.963519	1844.980043	1842.476647	1847.505790	1844.689470	1849.517447	-0.122000	0.962000	-0.158000	192.000000	0.000000	0.000000	0.000000	0.000000	0.000000	0.000000	0.000000	0.000000	0.000000	1741714494.473045	0.000000
90.000000	55.879361	1843.102496	1847.662252	1840.979080	1846.164685	1850.187999	1844.264787	1844.644766	1847.259921	-71039.945905	1845.963519	1845.002394	1842.297833	1847.438734	1844.600063	1849.383336	-0.122000	0.962000	-0.158000	192.000000	0.000000	0.000000	0.000000	0.000000	0.000000	0.000000	0.000000	0.000000	0.000000	1741714494.521426	0.000000
92.000000	55.946416	1842.856627	1847.706955	1841.157894	1846.209389	1850.187999	1844.153028	1844.756525	1847.326976	-71042.471652	1846.097630	1844.845932	1842.744868	1847.394031	1844.689470	1849.539798	-0.122000	0.962000	-0.158000	192.000000	0.000000	0.000000	0.000000	0.000000	0.000000	0.000000	0.000000	0.000000	0.000000	1741714494.521555	0.000000
94.000000	55.946416	1842.968386	1847.706955	1841.001432	1846.276444	1850.322109	1844.130676	1844.667118	1847.081107	-71042.337542	1845.784705	1845.181208	1842.543702	1847.438734	1844.756525	1849.517447	-0.126000	0.962000	-0.158000	192.000000	126.000000	8.000000	15.000000	8.000000	125.500000	8.000000	0.000000	0.000000	0.000000	1741714494.521644	0.000000
96.000000	55.968768	1843.214255	1847.952825	1841.135543	1846.321147	1850.053889	1844.108325	1844.644766	1847.237569	-71041.219955	1846.097630	1844.935339	1842.431944	1847.394031	1844.667118	1849.360984	-0.126000	0.962000	-0.158000	192.000000	0.000000	0.000000	0.000000	0.000000	0.000000	0.000000	0.000000	0.000000	0.000000	1741714494.521745	0.000000
98.000000	55.924065	1843.035441	1847.662252	1840.912025	1846.119982	1850.143296	1843.884807	1844.689470	1847.125810	-71040.884678	1846.142333	1844.890636	1842.409592	1847.662252	1844.711822	1849.405688	-0.126000	0.962000	-0.158000	192.000000	0.000000	0.000000	0.000000	0.000000	0.000000	0.000000	0.000000	0.000000	0.000000	1741714494.521835	0.000000
100.000000	55.968768	1842.968386	1847.706955	1841.202598	1846.231740	1850.165647	1844.041269	1844.622415	1847.349327	-71041.756397	1846.075278	1845.002394	1842.566054	1847.304624	1844.667118	1849.584502	-0.126000	0.962000	-0.158000	192.000000	0.000000	0.000000	0.000000	0.000000	0.000000	0.000000	0.000000	0.000000	0.000000	1741714494.521928	0.000000
102.000000	55.901713	1843.169551	1847.617548	1841.113191	1845.963519	1850.031537	1844.197732	1844.331842	1847.326976	-71042.404597	1846.187037	1845.024746	1842.521351	1847.394031	1844.734173	1849.606854	-0.126000	0.962000	-0.158000	192.000000	0.000000	0.000000	0.000000	0.000000	0.000000	0.000000	0.000000	0.000000	0.000000	1741714494.522021	0.000000
104.000000	55.924065	1843.080144	1847.796362	1841.157894	1845.963519	1850.120944	1844.197732	1844.354194	1847.282272	-71041.197603	1845.918816	1844.980043	1842.610758	1847.416383	1844.935339	1849.562150	-0.124000	0.964000	-0.156000	192.000000	126.000000	16.000000	15.000000	16.000000	125.500000	16.000000	0.000000	0.000000	0.000000	1741714494.522113	0.000000
106.000000	55.946416	1843.169551	1847.662252	1841.090839	1846.142333	1850.076240	1844.175380	1844.465952	1847.259921	-71041.890507	1846.187037	1845.069450	1842.387240	1847.550493	1844.667118	1849.651557	-0.124000	0.964000	-0.156000	192.000000	0.000000	0.000000	0.000000	0.000000	0.000000	0.000000	0.000000	0.000000	0.000000	1741714494.592849	0.000000
108.000000	56.013472	1842.923682	1847.662252	1841.224950	1846.164685	1850.143296	1844.287138	1844.689470	1847.237569	-71043.812757	1846.030575	1844.980043	1842.610758	1847.371679	1844.868284	1849.740964	-0.124000	0.964000	-0.156000	192.000000	0.000000	0.000000	0.000000	0.000000	0.000000	0.000000	0.000000	0.000000	0.000000	1741714494.592973	0.000000
110.000000	55.879361	1843.080144	1847.818714	1841.292005	1846.231740	1850.255054	1844.130676	1844.667118	1847.125810	-71043.790405	1846.276444	1845.225912	1842.566054	1847.326976	1845.047098	1849.718612	-0.124000	0.964000	-0.156000	192.000000	0.000000	0.000000	0.000000	0.000000	0.000000	0.000000	0.000000	0.000000	0.000000	1741714494.593067	0.000000
112.000000	55.924065	1843.102496	1847.796362	1841.202598	1845.941168	1850.255054	1844.242435	1844.801229	1847.125810	-71041.711693	1846.142333	1845.181208	1842.566054	1847.416383	1844.644766	1849.405688	-0.124000	0.964000	-0.156000	192.000000	0.000000	0.000000	0.000000	0.000000	0.000000	0.000000	0.000000	0.000000	0.000000	1741714494.593154	0.000000
114.000000	55.879361	1843.057793	1847.729307	1841.247301	1846.365851	1850.187999	1844.018918	1844.555359	1847.215217	-71041.778748	1846.164685	1845.091801	1842.387240	1847.416383	1844.689470	1849.383336	-0.126000	0.964000	-0.154000	192.000000	126.000000	8.000000	15.000000	16.000000	125.500000	24.000000	0.000000	0.000000	0.000000	1741714494.593260	0.000000
116.000000	55.991120	1842.990737	1847.706955	1841.090839	1846.075278	1849.964482	1844.242435	1844.600063	1847.304624	-71044.103330	1846.276444	1845.002394	1842.610758	1847.438734	1844.756525	1849.495095	-0.126000	0.964000	-0.154000	192.000000	0.000000	0.000000	0.000000	0.000000	0.000000	0.000000	0.000000	0.000000	0.000000	1741714494.593361	0.000000
118.000000	55.924065	1843.080144	1847.952825	1841.180246	1846.254092	1850.232703	1844.175380	1844.756525	1847.192865	-71043.365722	1845.941168	1844.957691	1842.566054	1847.371679	1844.711822	1849.539798	-0.126000	0.964000	-0.154000	192.000000	0.000000	0.000000	0.000000	0.000000	0.000000	0.000000	0.000000	0.000000	0.000000	1741714494.593448	0.000000
120.000000	55.924065	1843.013089	1847.684604	1841.135543	1846.052926	1850.232703	1844.130676	1844.778877	1847.349327	-71042.516356	1846.119982	1844.935339	1842.610758	1847.639900	1844.734173	1849.651557	-0.126000	0.964000	-0.154000	192.000000	0.000000	0.000000	0.000000	0.000000	0.000000	0.000000	0.000000	0.000000	0.000000	1741714494.651100	0.000000
122.000000	55.924065	1843.214255	1847.662252	1841.359060	1845.963519	1849.875075	1844.130676	1844.756525	1847.371679	-71042.270487	1846.052926	1845.002394	1842.521351	1847.595197	1844.622415	1849.293929	-0.126000	0.964000	-0.154000	192.000000	0.000000	0.000000	0.000000	0.000000	0.000000	0.000000	0.000000	0.000000	0.000000	1741714494.651225	0.000000
124.000000	-22.038820	-24.430457	-18.775465	-26.263300	-20.496550	-16.853215	-22.128227	-22.128227	1536.816542	-71043.835109	1535.967175	1534.626071	1532.636766	1537.330632	1534.536664	1539.297585	-0.126000	0.960000	-0.156000	192.000000	126.000000	8.000000	15.000000	0.000000	125.500000	16.000000	0.000000	0.000000	0.000000	1741714494.651325	0.000000
126.000000	-99.912298	-1898.311305	-1891.896354	-1899.920630	-1893.326866	-1890.331732	-1894.556212	-1895.182061	-1582.592914	-71044.952696	-1583.822260	-1584.738682	-1583.509336	-1580.268333	-1583.285818	-1578.480193	-0.126000	0.960000	-0.156000	192.000000	0.000000	0.000000	0.000000	0.000000	0.000000	0.000000	0.000000	0.000000	0.000000	1741714494.651419	0.000000
128.000000	-99.979353	-1898.154843	-1892.142223	-1899.808872	-1893.125700	-1890.287029	-1894.824433	-1895.338523	-1895.897316	-71043.186908	-1897.417235	-1898.177194	-1896.880793	-1893.840956	-1896.545517	-1891.985761	-0.126000	0.960000	-0.156000	192.000000	0.000000	0.000000	0.000000	0.000000	0.000000	0.000000	0.000000	0.000000	0.000000	1741714494.651512	0.000000
130.000000	-100.024056	-1898.356008	-1892.075168	-1899.741816	-1893.483328	-1890.488194	-1894.645619	-1895.405578	-1896.098482	-71042.605763	-1897.461939	-1898.110139	-1896.925497	-1893.930363	-1896.478462	-1891.829299	-0.126000	0.960000	-0.156000	192.000000	0.000000	0.000000	0.000000	0.000000	0.000000	0.000000	0.000000	0.000000	0.000000	1741714494.651604	0.000000
132.000000	-100.046408	-1898.378360	-1892.231630	-1899.697113	-1893.416273	-1890.376436	-1894.891488	-1895.360875	-1895.807909	-71044.684475	-1897.350180	-1898.333657	-1896.813738	-1894.064473	-1896.634924	-1891.874002	-0.126000	0.960000	-0.156000	192.000000	0.000000	0.000000	0.000000	0.000000	0.000000	0.000000	0.000000	0.000000	0.000000	1741714494.651696	0.000000
134.000000	-100.001705	-1898.266601	-1891.941058	-1899.741816	-1893.528032	-1890.264677	-1894.869136	-1895.584392	-1895.852613	-71045.802062	-1897.283125	-1898.378360	-1896.836090	-1893.952715	-1896.456110	-1891.896354	-0.128000	0.960000	-0.156000	192.000000	126.000000	0.000000	15.000000	0.000000	125.500000	16.000000	0.000000	0.000000	0.000000	1741714494.651781	0.000000
136.000000	-99.934649	-1898.020732	-1891.941058	-1899.898279	-1893.505680	-1890.130566	-1894.645619	-1895.427930	-1896.009075	-71043.991571	-1897.417235	-1898.288953	-1896.858441	-1893.975066	-1896.567869	-1891.985761	-0.128000	0.960000	-0.156000	192.000000	0.000000	0.000000	0.000000	0.000000	0.000000	0.000000	0.000000	0.000000	0.000000	1741714494.700623	0.000000
138.000000	-100.024056	-1898.266601	-1891.963409	-1899.764168	-1893.192755	-1890.309380	-1894.444453	-1895.472633	-1895.718502	-71043.477481	-1897.193718	-1898.199546	-1896.634924	-1893.729197	-1896.523165	-1891.583430	-0.128000	0.960000	-0.156000	192.000000	0.000000	0.000000	0.000000	0.000000	0.000000	0.000000	0.000000	0.000000	0.000000	1741714494.700778	0.000000
140.000000	-99.979353	-1898.154843	-1892.008113	-1899.630058	-1893.416273	-1890.376436	-1894.377398	-1895.472633	-1895.718502	-71045.019751	-1897.350180	-1898.154843	-1896.612572	-1893.863308	-1896.456110	-1891.806947	-0.128000	0.960000	-0.156000	192.000000	0.000000	0.000000	0.000000	0.000000	0.000000	0.000000	0.000000	0.000000	0.000000	1741714494.700865	0.000000
142.000000	-99.979353	-1897.953677	-1891.941058	-1899.540651	-1893.259811	-1890.354084	-1894.489157	-1895.182061	-1895.964372	-71045.824414	-1897.238421	-1898.288953	-1896.813738	-1893.773901	-1896.612572	-1891.806947	-0.128000	0.960000	-0.156000	192.000000	0.000000	0.000000	0.000000	0.000000	0.000000	0.000000	0.000000	0.000000	0.000000	1741714494.700959	0.000000
144.000000	-100.001705	-1898.221898	-1892.097520	-1899.697113	-1893.215107	-1890.488194	-1894.489157	-1895.271468	-1895.942020	-71043.700998	-1897.305476	-1898.378360	-1897.081959	-1894.220936	-1896.724331	-1891.784595	-0.138000	0.960000	-0.162000	192.000000	125.500000	88.000000	15.000000	0.000000	125.000000	120.000000	0.000000	0.000000	0.000000	1741714494.701045	0.000000
146.000000	-99.979353	-1897.886622	-1892.075168	-1899.741816	-1893.215107	-1890.421139	-1894.578564	-1895.383226	-1895.830261	-71044.371551	-1897.216069	-1898.266601	-1896.836090	-1893.885659	-1896.366703	-1891.851651	-0.138000	0.960000	-0.162000	192.000000	0.000000	0.000000	0.000000	0.000000	0.000000	0.000000	0.000000	0.000000	0.000000	1741714494.701150	0.000000
148.000000	-99.957001	-1897.998380	-1891.829299	-1899.674761	-1893.192755	-1890.219973	-1894.735026	-1895.427930	-1895.696151	-71045.846766	-1897.238421	-1897.998380	-1896.724331	-1893.885659	-1896.769034	-1891.829299	-0.138000	0.960000	-0.162000	192.000000	0.000000	0.000000	0.000000	0.000000	0.000000	0.000000	0.000000	0.000000	0.000000	1741714494.701244	0.000000
150.000000	-99.979353	-1898.177194	-1891.985761	-1899.563003	-1893.393921	-1890.175270	-1894.511508	-1895.182061	-1895.830261	-71046.360856	-1897.663104	-1898.244250	-1897.081959	-1893.997418	-1896.612572	-1891.806947	-0.138000	0.960000	-0.162000	192.000000	0.000000	0.000000	0.000000	0.000000	0.000000	0.000000	0.000000	0.000000	0.000000	1741714494.701338	0.000000
152.000000	-100.001705	-1898.221898	-1891.874002	-1899.585354	-1893.237459	-1890.197622	-1894.444453	-1895.338523	-1895.874965	-71045.109158	-1897.216069	-1898.266601	-1896.903145	-1893.952715	-1896.679627	-1892.164575	-0.138000	0.960000	-0.162000	192.000000	0.000000	0.000000	0.000000	0.000000	0.000000	0.000000	0.000000	0.000000	0.000000	1741714494.749688	0.000000
154.000000	-99.957001	-1898.288953	-1892.142223	-1899.563003	-1893.572735	-1890.331732	-1894.802081	-1895.450282	-1895.897316	-71044.773882	-1897.260773	-1898.043084	-1896.970200	-1893.997418	-1896.545517	-1892.119872	-0.130000	0.960000	-0.156000	192.000000	125.500000	120.000000	15.000000	0.000000	125.500000	16.000000	0.000000	0.000000	0.000000	1741714494.749806	0.000000
156.000000	-99.979353	-1898.043084	-1891.829299	-1899.808872	-1893.393921	-1890.443491	-1894.600915	-1895.271468	-1896.076130	-71046.159690	-1897.484290	-1898.266601	-1896.836090	-1894.086825	-1896.679627	-1892.276334	-0.130000	0.960000	-0.156000	192.000000	0.000000	0.000000	0.000000	0.000000	0.000000	0.000000	0.000000	0.000000	0.000000	1741714494.749909	0.000000
158.000000	-100.001705	-1898.177194	-1891.874002	-1899.875927	-1893.304514	-1890.264677	-1894.735026	-1895.405578	-1896.076130	-71045.802062	-1897.417235	-1898.423064	-1897.014904	-1893.908011	-1896.478462	-1891.963409	-0.130000	0.960000	-0.156000	192.000000	0.000000	0.000000	0.000000	0.000000	0.000000	0.000000	0.000000	0.000000	0.000000	1741714494.750011	0.000000
160.000000	-100.001705	-1898.177194	-1892.075168	-1899.808872	-1893.393921	-1890.197622	-1894.623267	-1895.584392	-1896.098482	-71044.483309	-1897.372532	-1898.333657	-1896.947848	-1893.997418	-1896.567869	-1891.896354	-0.130000	0.960000	-0.156000	192.000000	0.000000	0.000000	0.000000	0.000000	0.000000	0.000000	0.000000	0.000000	0.000000	1741714494.750107	0.000000
162.000000	-99.979353	-1898.221898	-1891.874002	-1899.965334	-1893.393921	-1890.331732	-1894.511508	-1895.360875	-1896.143186	-71046.182042	-1897.461939	-1898.356008	-1896.903145	-1893.840956	-1896.679627	-1892.164575	-0.130000	0.960000	-0.156000	192.000000	0.000000	0.000000	0.000000	0.000000	0.000000	0.000000	0.000000	0.000000	0.000000	1741714494.750199	0.000000
164.000000	-99.957001	-1897.976029	-1892.097520	-1899.585354	-1893.170404	-1890.465843	-1894.489157	-1895.249116	-1895.919668	-71046.427911	-1897.394883	-1898.378360	-1897.014904	-1893.908011	-1896.612572	-1892.052816	-0.128000	0.960000	-0.154000	192.000000	126.000000	0.000000	15.000000	0.000000	125.500000	24.000000	0.000000	0.000000	0.000000	1741714494.750294	0.000000
166.000000	-99.979353	-1898.244250	-1891.874002	-1899.652410	-1893.304514	-1890.242325	-1894.444453	-1895.316171	-1895.673799	-71046.584373	-1897.551346	-1898.423064	-1896.970200	-1894.131529	-1896.523165	-1891.963409	-0.128000	0.960000	-0.154000	192.000000	0.000000	0.000000	0.000000	0.000000	0.000000	0.000000	0.000000	0.000000	0.000000	1741714494.799009	0.000000
168.000000	-99.957001	-1898.065436	-1891.941058	-1899.563003	-1893.192755	-1890.264677	-1894.533860	-1895.115005	-1895.852613	-71045.824414	-1897.305476	-1898.110139	-1896.701979	-1893.952715	-1896.590221	-1891.851651	-0.128000	0.960000	-0.154000	192.000000	0.000000	0.000000	0.000000	0.000000	0.000000	0.000000	0.000000	0.000000	0.000000	1741714494.799147	0.000000
170.000000	-99.912298	-1898.154843	-1891.985761	-1899.540651	-1893.416273	-1890.242325	-1894.667970	-1895.249116	-1895.942020	-71045.355027	-1897.238421	-1898.356008	-1896.724331	-1893.684494	-1896.523165	-1891.762244	-0.128000	0.960000	-0.154000	192.000000	0.000000	0.000000	0.000000	0.000000	0.000000	0.000000	0.000000	0.000000	0.000000	1741714494.799246	0.000000
172.000000	-99.934649	-1898.154843	-1891.941058	-1899.518299	-1893.259811	-1890.152918	-1894.533860	-1895.338523	-1896.143186	-71048.014885	-1897.238421	-1898.199546	-1896.701979	-1893.550383	-1896.612572	-1892.052816	-0.128000	0.960000	-0.154000	192.000000	0.000000	0.000000	0.000000	0.000000	0.000000	0.000000	0.000000	0.000000	0.000000	1741714494.799338	0.000000
174.000000	-99.934649	-1897.953677	-1891.874002	-1899.786520	-1893.125700	-1890.264677	-1894.422101	-1895.249116	-1896.009075	-71048.417216	-1897.372532	-1898.221898	-1896.791386	-1893.818604	-1896.590221	-1892.030465	-0.132000	0.954000	-0.158000	192.000000	125.500000	112.000000	14.500000	104.000000	125.500000	8.000000	0.000000	0.000000	0.000000	1741714494.799435	0.000000
176.000000	-99.934649	-1898.199546	-1891.851651	-1899.674761	-1893.371569	-1890.152918	-1894.265639	-1895.405578	-1895.807909	-71047.031408	-1897.327828	-1898.087787	-1896.746683	-1893.885659	-1896.523165	-1891.985761	-0.132000	0.954000	-0.158000	192.000000	0.000000	0.000000	0.000000	0.000000	0.000000	0.000000	0.000000	0.000000	0.000000	1741714494.799529	0.000000
178.000000	-99.934649	-1898.356008	-1891.874002	-1899.719465	-1893.237459	-1890.510546	-1894.533860	-1895.472633	-1895.718502	-71046.316152	-1897.394883	-1898.154843	-1896.701979	-1893.773901	-1896.567869	-1891.739892	-0.132000	0.954000	-0.158000	192.000000	0.000000	0.000000	0.000000	0.000000	0.000000	0.000000	0.000000	0.000000	0.000000	1741714494.799615	0.000000
180.000000	-99.934649	-1898.087787	-1891.918706	-1899.719465	-1893.259811	-1890.264677	-1894.422101	-1895.226764	-1895.874965	-71047.634905	-1897.059607	-1898.199546	-1896.813738	-1893.729197	-1896.389055	-1891.762244	-0.132000	0.954000	-0.158000	192.000000	0.000000	0.000000	0.000000	0.000000	0.000000	0.000000	0.000000	0.000000	0.000000	1741714494.799709	0.000000
182.000000	-99.979353	-1898.288953	-1892.075168	-1899.786520	-1893.505680	-1890.309380	-1894.645619	-1895.338523	-1895.830261	-71047.925478	-1897.305476	-1898.110139	-1896.791386	-1893.840956	-1896.456110	-1891.672837	-0.132000	0.954000	-0.158000	192.000000	0.000000	0.000000	0.000000	0.000000	0.000000	0.000000	0.000000	0.000000	0.000000	1741714494.852293	0.000000
184.000000	-99.979353	-1898.244250	-1892.052816	-1899.786520	-1893.170404	-1890.354084	-1894.422101	-1895.405578	-1895.807909	-71047.366684	-1897.372532	-1898.266601	-1896.880793	-1893.997418	-1896.433758	-1891.941058	-0.130000	0.962000	-0.162000	192.000000	125.500000	120.000000	15.000000	8.000000	125.000000	120.000000	0.000000	0.000000	0.000000	1741714494.852421	0.000000
186.000000	-100.001705	-1898.087787	-1891.985761	-1899.585354	-1893.349218	-1890.085863	-1894.578564	-1895.226764	-1896.120834	-71046.293801	-1897.394883	-1898.132491	-1897.081959	-1893.908011	-1896.746683	-1891.918706	-0.130000	0.962000	-0.162000	192.000000	0.000000	0.000000	0.000000	0.000000	0.000000	0.000000	0.000000	0.000000	0.000000	1741714494.852523	0.000000
188.000000	-100.001705	-1898.244250	-1892.209279	-1899.741816	-1893.528032	-1890.219973	-1894.511508	-1895.427930	-1896.009075	-71046.807891	-1897.238421	-1898.087787	-1896.836090	-1893.997418	-1896.701979	-1891.806947	-0.130000	0.962000	-0.162000	192.000000	0.000000	0.000000	0.000000	0.000000	0.000000	0.000000	0.000000	0.000000	0.000000	1741714494.852611	0.000000
190.000000	-99.979353	-1898.199546	-1891.963409	-1899.540651	-1893.393921	-1890.354084	-1894.489157	-1895.472633	-1895.919668	-71047.947830	-1897.439587	-1898.266601	-1896.880793	-1893.729197	-1896.746683	-1892.209279	-0.130000	0.962000	-0.162000	192.000000	0.000000	0.000000	0.000000	0.000000	0.000000	0.000000	0.000000	0.000000	0.000000	1741714494.852701	0.000000
192.000000	-100.024056	-1898.154843	-1891.896354	-1899.831223	-1893.505680	-1890.264677	-1894.533860	-1895.070302	-1896.053779	-71046.740836	-1897.327828	-1898.244250	-1896.903145	-1893.818604	-1896.590221	-1891.941058	-0.130000	0.962000	-0.162000	192.000000	0.000000	0.000000	0.000000	0.000000	0.000000	0.000000	0.000000	0.000000	0.000000	1741714494.852793	0.000000
194.000000	-99.979353	-1898.154843	-1891.762244	-1899.786520	-1893.282162	-1890.398787	-1894.489157	-1895.472633	-1896.053779	-71047.634905	-1897.506642	-1898.154843	-1896.813738	-1893.840956	-1896.590221	-1892.097520	-0.130000	0.960000	-0.158000	192.000000	125.500000	120.000000	15.000000	0.000000	125.500000	8.000000	0.000000	0.000000	0.000000	1741714494.852886	0.000000
196.000000	-99.957001	-1897.886622	-1892.097520	-1899.741816	-1893.326866	-1890.242325	-1894.377398	-1895.360875	-1895.852613	-71048.014885	-1897.372532	-1897.998380	-1896.813738	-1894.176232	-1896.746683	-1892.119872	-0.130000	0.960000	-0.158000	192.000000	0.000000	0.000000	0.000000	0.000000	0.000000	0.000000	0.000000	0.000000	0.000000	1741714494.867312	0.000000
198.000000	-99.957001	-1898.266601	-1891.874002	-1899.786520	-1893.438625	-1890.130566	-1894.444453	-1895.182061	-1895.830261	-71048.171347	-1897.461939	-1898.087787	-1896.612572	-1894.019770	-1896.411407	-1891.695188	-0.130000	0.960000	-0.158000	192.000000	0.000000	0.000000	0.000000	0.000000	0.000000	0.000000	0.000000	0.000000	0.000000	1741714494.920541	0.000000
200.000000	-99.934649	-1898.110139	-1891.963409	-1899.764168	-1893.483328	-1890.219973	-1894.712674	-1895.271468	-1895.807909	-71046.964353	-1897.439587	-1898.087787	-1896.634924	-1893.885659	-1896.523165	-1891.806947	-0.130000	0.960000	-0.158000	192.000000	0.000000	0.000000	0.000000	0.000000	0.000000	0.000000	0.000000	0.000000	0.000000	1741714494.920665	0.000000
202.000000	-99.934649	-1898.244250	-1892.142223	-1899.808872	-1893.460976	-1890.488194	-1894.466805	-1895.271468	-1895.874965	-71046.562022	-1897.260773	-1898.311305	-1896.947848	-1894.019770	-1896.836090	-1891.896354	-0.130000	0.960000	-0.158000	192.000000	0.000000	0.000000	0.000000	0.000000	0.000000	0.000000	0.000000	0.000000	0.000000	1741714494.920764	0.000000
204.000000	-100.024056	-1898.288953	-1891.829299	-1899.674761	-1893.036293	-1890.130566	-1894.846784	-1895.293819	-1896.031427	-71048.461920	-1897.327828	-1898.266601	-1896.858441	-1893.908011	-1896.523165	-1892.030465	-0.126000	0.958000	-0.158000	192.000000	126.000000	8.000000	14.500000	120.000000	125.500000	8.000000	0.000000	0.000000	0.000000	1741714494.920859	0.000000
206.000000	-99.979353	-1898.154843	-1891.941058	-1899.898279	-1893.125700	-1890.443491	-1894.578564	-1895.383226	-1895.942020	-71048.238402	-1897.305476	-1898.333657	-1896.701979	-1894.131529	-1896.590221	-1892.052816	-0.126000	0.958000	-0.158000	192.000000	0.000000	0.000000	0.000000	0.000000	0.000000	0.000000	0.000000	0.000000	0.000000	1741714494.920956	0.000000
208.000000	-99.912298	-1898.199546	-1892.276334	-1899.652410	-1893.215107	-1890.354084	-1894.377398	-1895.249116	-1896.009075	-71047.612554	-1897.327828	-1898.467767	-1896.679627	-1894.042122	-1896.567869	-1891.896354	-0.126000	0.958000	-0.158000	192.000000	0.000000	0.000000	0.000000	0.000000	0.000000	0.000000	0.000000	0.000000	0.000000	1741714494.921042	0.000000
210.000000	-99.957001	-1898.177194	-1892.030465	-1899.607706	-1893.371569	-1890.242325	-1894.422101	-1895.159709	-1895.942020	-71045.936173	-1897.305476	-1898.199546	-1896.836090	-1894.131529	-1896.813738	-1891.806947	-0.126000	0.958000	-0.158000	192.000000	0.000000	0.000000	0.000000	0.000000	0.000000	0.000000	0.000000	0.000000	0.000000	1741714494.921135	0.000000
212.000000	-100.001705	-1898.221898	-1892.008113	-1899.920630	-1893.371569	-1890.287029	-1894.489157	-1895.450282	-1896.053779	-71048.372513	-1897.551346	-1898.221898	-1896.947848	-1894.176232	-1896.746683	-1892.030465	-0.126000	0.958000	-0.158000	192.000000	0.000000	0.000000	0.000000	0.000000	0.000000	0.000000	0.000000	0.000000	0.000000	1741714494.976974	0.000000
214.000000	-99.934649	-1898.132491	-1891.851651	-1899.719465	-1893.393921	-1890.331732	-1894.556212	-1895.360875	-1895.874965	-71048.998362	-1897.283125	-1897.886622	-1896.791386	-1893.662142	-1896.657276	-1891.695188	-0.130000	0.954000	-0.160000	192.000000	125.500000	120.000000	14.500000	104.000000	125.500000	0.000000	0.000000	0.000000	0.000000	1741714494.977121	0.000000
216.000000	-99.957001	-1898.221898	-1891.963409	-1899.674761	-1893.393921	-1890.264677	-1894.623267	-1895.338523	-1895.874965	-71047.947830	-1897.484290	-1898.356008	-1897.081959	-1894.019770	-1896.657276	-1891.784595	-0.130000	0.954000	-0.160000	192.000000	0.000000	0.000000	0.000000	0.000000	0.000000	0.000000	0.000000	0.000000	0.000000	1741714494.977229	0.000000
218.000000	-99.957001	-1898.378360	-1892.030465	-1899.831223	-1893.148052	-1890.421139	-1894.511508	-1895.293819	-1895.919668	-71048.238402	-1897.260773	-1898.087787	-1896.679627	-1893.908011	-1896.634924	-1891.963409	-0.130000	0.954000	-0.160000	192.000000	0.000000	0.000000	0.000000	0.000000	0.000000	0.000000	0.000000	0.000000	0.000000	1741714494.977325	0.000000
220.000000	-100.024056	-1898.087787	-1892.097520	-1899.719465	-1893.259811	-1890.398787	-1894.556212	-1895.249116	-1895.830261	-71049.713618	-1897.327828	-1898.333657	-1896.813738	-1893.908011	-1896.523165	-1891.717540	-0.130000	0.954000	-0.160000	192.000000	0.000000	0.000000	0.000000	0.000000	0.000000	0.000000	0.000000	0.000000	0.000000	1741714494.977413	0.000000
222.000000	-100.024056	-1898.266601	-1891.963409	-1899.741816	-1893.148052	-1890.287029	-1894.489157	-1895.338523	-1895.830261	-71049.177176	-1897.327828	-1898.244250	-1896.836090	-1893.952715	-1896.389055	-1891.650485	-0.130000	0.954000	-0.160000	192.000000	0.000000	0.000000	0.000000	0.000000	0.000000	0.000000	0.000000	0.000000	0.000000	1741714494.977504	0.000000
224.000000	-99.979353	-1898.177194	-1891.918706	-1899.741816	-1893.282162	-1890.376436	-1894.623267	-1895.494985	-1895.942020	-71048.193699	-1897.260773	-1898.087787	-1896.679627	-1893.885659	-1896.478462	-1891.896354	-0.126000	0.962000	-0.156000	192.000000	126.000000	8.000000	15.000000	8.000000	125.500000	16.000000	0.000000	0.000000	0.000000	1741714494.977596	0.000000
226.000000	-99.957001	-1898.154843	-1891.985761	-1899.741816	-1893.416273	-1890.354084	-1894.600915	-1895.316171	-1895.830261	-71048.908955	-1897.350180	-1898.311305	-1896.992552	-1893.975066	-1896.679627	-1892.164575	-0.126000	0.962000	-0.156000	192.000000	0.000000	0.000000	0.000000	0.000000	0.000000	0.000000	0.000000	0.000000	0.000000	1741714494.977694	0.000000
228.000000	-99.979353	-1898.244250	-1892.097520	-1899.786520	-1893.393921	-1890.309380	-1894.735026	-1895.360875	-1896.210241	-71048.953658	-1897.350180	-1898.445415	-1896.992552	-1894.176232	-1896.500814	-1891.896354	-0.126000	0.962000	-0.156000	192.000000	0.000000	0.000000	0.000000	0.000000	0.000000	0.000000	0.000000	0.000000	0.000000	1741714495.005562	0.000000
230.000000	-100.001705	-1898.244250	-1892.075168	-1899.786520	-1893.505680	-1890.309380	-1894.757377	-1895.450282	-1895.897316	-71050.138301	-1897.484290	-1898.221898	-1896.836090	-1893.684494	-1896.657276	-1891.874002	-0.126000	0.962000	-0.156000	192.000000	0.000000	0.000000	0.000000	0.000000	0.000000	0.000000	0.000000	0.000000	0.000000	1741714495.005678	0.000000
232.000000	-100.001705	-1898.065436	-1891.985761	-1899.652410	-1893.237459	-1890.309380	-1894.645619	-1895.360875	-1895.852613	-71049.311286	-1897.394883	-1898.154843	-1896.992552	-1894.086825	-1896.679627	-1891.695188	-0.126000	0.962000	-0.156000	192.000000	0.000000	0.000000	0.000000	0.000000	0.000000	0.000000	0.000000	0.000000	0.000000	1741714495.062141	0.000000
234.000000	-99.957001	-1898.244250	-1891.918706	-1899.697113	-1893.483328	-1890.443491	-1894.489157	-1895.226764	-1895.942020	-71049.221879	-1897.707808	-1898.199546	-1896.813738	-1894.109177	-1896.567869	-1891.717540	-0.124000	0.964000	-0.154000	192.000000	126.000000	16.000000	15.000000	16.000000	125.500000	24.000000	0.000000	0.000000	0.000000	1741714495.062269	0.000000
236.000000	-100.024056	-1898.199546	-1891.963409	-1899.808872	-1893.148052	-1890.331732	-1894.623267	-1895.293819	-1895.942020	-71049.825376	-1897.528994	-1898.020732	-1896.791386	-1894.243287	-1896.724331	-1892.052816	-0.124000	0.964000	-0.154000	192.000000	0.000000	0.000000	0.000000	0.000000	0.000000	0.000000	0.000000	0.000000	0.000000	1741714495.062374	0.000000
238.000000	-100.024056	-1898.154843	-1891.941058	-1899.495947	-1893.259811	-1890.152918	-1894.623267	-1895.383226	-1895.964372	-71050.652391	-1897.461939	-1898.154843	-1896.724331	-1893.840956	-1896.500814	-1891.874002	-0.124000	0.964000	-0.154000	192.000000	0.000000	0.000000	0.000000	0.000000	0.000000	0.000000	0.000000	0.000000	0.000000	1741714495.062466	0.000000
240.000000	-99.934649	-1898.065436	-1891.963409	-1899.652410	-1893.371569	-1890.197622	-1894.511508	-1895.360875	-1895.942020	-71048.730141	-1897.350180	-1898.110139	-1896.746683	-1894.019770	-1896.478462	-1892.052816	-0.124000	0.964000	-0.154000	192.000000	0.000000	0.000000	0.000000	0.000000	0.000000	0.000000	0.000000	0.000000	0.000000	1741714495.062562	0.000000
242.000000	-99.957001	-1898.356008	-1891.874002	-1899.920630	-1893.528032	-1890.108215	-1894.556212	-1895.271468	-1895.763206	-71049.400693	-1897.283125	-1898.087787	-1897.059607	-1893.952715	-1896.456110	-1892.097520	-0.124000	0.964000	-0.154000	192.000000	0.000000	0.000000	0.000000	0.000000	0.000000	0.000000	0.000000	0.000000	0.000000	1741714495.062652	0.000000
244.000000	-99.934649	-1898.221898	-1891.941058	-1899.607706	-1893.483328	-1890.354084	-1894.489157	-1895.405578	-1896.165537	-71050.026542	-1897.484290	-1897.953677	-1897.149014	-1894.064473	-1896.545517	-1892.052816	-0.130000	0.966000	-0.152000	192.000000	125.500000	120.000000	15.000000	24.000000	125.500000	32.000000	0.000000	0.000000	0.000000	1741714495.062742	0.000000
246.000000	-99.912298	-1898.221898	-1892.075168	-1899.607706	-1893.438625	-1890.577601	-1894.533860	-1895.293819	-1895.942020	-71049.288934	-1897.394883	-1898.221898	-1897.037255	-1893.997418	-1896.545517	-1892.075168	-0.130000	0.966000	-0.152000	192.000000	0.000000	0.000000	0.000000	0.000000	0.000000	0.000000	0.000000	0.000000	0.000000	1741714495.062835	0.000000
248.000000	-100.001705	-1898.177194	-1891.918706	-1899.764168	-1893.259811	-1890.354084	-1894.556212	-1895.338523	-1895.874965	-71048.908955	-1897.506642	-1898.423064	-1897.014904	-1893.863308	-1896.746683	-1891.963409	-0.130000	0.966000	-0.152000	192.000000	0.000000	0.000000	0.000000	0.000000	0.000000	0.000000	0.000000	0.000000	0.000000	1741714495.090567	0.000000
250.000000	-100.001705	-1898.199546	-1892.030465	-1899.786520	-1893.349218	-1890.510546	-1894.489157	-1895.383226	-1895.964372	-71048.841899	-1897.171366	-1898.356008	-1896.880793	-1893.840956	-1896.657276	-1892.253982	-0.130000	0.966000	-0.152000	192.000000	0.000000	0.000000	0.000000	0.000000	0.000000	0.000000	0.000000	0.000000	0.000000	1741714495.090690	0.000000
252.000000	-22.016468	-30.465428	-25.436285	-32.454733	-26.665631	-23.446980	-28.185550	-28.632585	-1585.364531	-71051.457054	-1587.018560	-1587.756167	-1587.018560	-1583.643446	-1586.392711	-1581.765900	-0.130000	0.966000	-0.152000	192.000000	0.000000	0.000000	0.000000	0.000000	0.000000	0.000000	0.000000	0.000000	0.000000	1741714495.142655	0.000000
254.000000	55.991120	1842.968386	1847.751659	1841.224950	1846.030575	1850.255054	1844.175380	1844.443601	1533.888463	-71051.166481	1532.502655	1531.318013	1529.239300	1534.134332	1531.474475	1535.989527	-0.126000	0.964000	-0.150000	192.000000	126.000000	8.000000	15.000000	16.000000	125.500000	40.000000	0.000000	0.000000	0.000000	1741714495.142775	0.000000
0.000000	55.968768	1842.722516	1847.595197	1841.180246	1846.075278	1850.098592	1844.108325	1844.689470	1847.148162	-71050.451225	1846.030575	1844.912987	1842.387240	1847.192865	1844.890636	1849.562150	-0.126000	0.964000	-0.150000	192.000000	0.000000	0.000000	0.000000	0.000000	0.000000	0.000000	0.000000	0.000000	0.000000	1741714495.142872	0.000000
2.000000	55.968768	1843.057793	1847.885769	1841.292005	1846.075278	1850.120944	1844.085973	1844.756525	1847.349327	-71050.071245	1846.187037	1845.158857	1842.498999	1847.394031	1844.912987	1849.338633	-0.126000	0.964000	-0.150000	192.000000	0.000000	0.000000	0.000000	0.000000	0.000000	0.000000	0.000000	0.000000	0.000000	1741714495.142970	0.000000
4.000000	55.968768	1843.147200	1847.595197	1841.090839	1846.097630	1849.942130	1844.242435	1844.734173	1847.282272	-71051.345295	1846.030575	1845.047098	1842.633109	1847.550493	1844.778877	1849.271578	-0.126000	0.964000	-0.150000	192.000000	0.000000	0.000000	0.000000	0.000000	0.000000	0.000000	0.000000	0.000000	0.000000	1741714495.143061	0.000000
6.000000	55.968768	1843.080144	1847.729307	1841.269653	1845.963519	1849.919778	1844.242435	1844.868284	1847.371679	-71051.457054	1846.075278	1844.890636	1842.543702	1847.326976	1844.845932	1849.718612	-0.126000	0.964000	-0.150000	192.000000	0.000000	0.000000	0.000000	0.000000	0.000000	0.000000	0.000000	0.000000	0.000000	1741714495.143154	0.000000
8.000000	55.946416	1842.968386	1847.796362	1841.381412	1846.142333	1850.120944	1844.063621	1844.734173	1847.103458	-71050.138301	1845.985871	1844.801229	1842.566054	1847.259921	1844.644766	1849.718612	-0.126000	0.966000	-0.152000	192.000000	126.000000	8.000000	15.000000	24.000000	125.500000	32.000000	0.000000	0.000000	0.000000	1741714495.143251	0.000000
10.000000	55.968768	1843.057793	1847.751659	1841.157894	1846.187037	1850.210351	1844.220083	1844.689470	1847.192865	-71050.898260	1846.164685	1845.404726	1842.834275	1847.528141	1844.868284	1849.651557	-0.126000	0.966000	-0.152000	192.000000	0.000000	0.000000	0.000000	0.000000	0.000000	0.000000	0.000000	0.000000	0.000000	1741714495.194093	0.000000
12.000000	55.946416	1842.811923	1847.885769	1841.202598	1845.918816	1850.165647	1844.242435	1844.644766	1847.326976	-71051.389998	1846.209389	1844.935339	1842.655461	1847.259921	1844.622415	1849.651557	-0.126000	0.966000	-0.152000	192.000000	0.000000	0.000000	0.000000	0.000000	0.000000	0.000000	0.000000	0.000000	0.000000	1741714495.194230	0.000000
14.000000	55.946416	1843.191903	1847.818714	1841.292005	1845.963519	1850.299758	1844.398897	1844.667118	1847.259921	-71052.038199	1846.075278	1844.912987	1842.655461	1847.572845	1844.644766	1849.338633	-0.126000	0.966000	-0.152000	192.000000	0.000000	0.000000	0.000000	0.000000	0.000000	0.000000	0.000000	0.000000	0.000000	1741714495.194332	0.000000
16.000000	55.946416	1843.258958	1847.617548	1841.202598	1846.321147	1850.255054	1844.175380	1844.935339	1847.192865	-71051.680571	1845.985871	1844.801229	1842.498999	1847.528141	1844.577711	1849.360984	-0.126000	0.966000	-0.152000	192.000000	0.000000	0.000000	0.000000	0.000000	0.000000	0.000000	0.000000	0.000000	0.000000	1741714495.194422	0.000000
18.000000	55.991120	1843.013089	1847.751659	1841.224950	1846.142333	1850.053889	1843.884807	1844.622415	1847.215217	-71052.149958	1846.254092	1844.868284	1842.677813	1847.304624	1844.734173	1849.405688	-0.122000	0.972000	-0.152000	192.000000	126.000000	24.000000	15.000000	48.000000	125.500000	32.000000	0.000000	0.000000	0.000000	1741714495.194512	0.000000
20.000000	55.968768	1843.035441	1847.751659	1841.202598	1846.388202	1850.076240	1844.041269	1844.644766	1847.170514	-71052.820510	1846.075278	1845.002394	1842.431944	1847.528141	1844.778877	1849.450391	-0.122000	0.972000	-0.152000	192.000000	0.000000	0.000000	0.000000	0.000000	0.000000	0.000000	0.000000	0.000000	0.000000	1741714495.194604	0.000000
22.000000	55.857009	1843.035441	1847.751659	1841.157894	1845.963519	1850.031537	1843.996566	1844.622415	1847.304624	-71053.513414	1846.119982	1844.667118	1842.521351	1847.528141	1844.845932	1849.740964	-0.122000	0.972000	-0.152000	192.000000	0.000000	0.000000	0.000000	0.000000	0.000000	0.000000	0.000000	0.000000	0.000000	1741714495.194696	0.000000
24.000000	55.946416	1842.946034	1847.662252	1841.135543	1846.052926	1850.232703	1844.108325	1844.734173	1847.326976	-71051.769978	1846.187037	1844.667118	1842.454295	1847.438734	1844.711822	1849.673909	-0.122000	0.972000	-0.152000	192.000000	0.000000	0.000000	0.000000	0.000000	0.000000	0.000000	0.000000	0.000000	0.000000	1741714495.194784	0.000000
26.000000	55.946416	1842.767220	1847.818714	1841.135543	1845.896464	1850.098592	1844.018918	1844.533008	1847.215217	-71052.105254	1846.522313	1844.935339	1842.566054	1847.483438	1844.644766	1849.405688	-0.122000	0.972000	-0.152000	192.000000	0.000000	0.000000	0.000000	0.000000	0.000000	0.000000	0.000000	0.000000	0.000000	1741714495.248510	0.000000
28.000000	55.991120	1842.901330	1847.684604	1841.068487	1845.717650	1849.942130	1844.242435	1844.488304	1847.259921	-71053.491062	1846.231740	1845.002394	1842.610758	1847.505790	1844.868284	1849.360984	-0.128000	0.964000	-0.156000	192.000000	126.000000	0.000000	15.000000	16.000000	125.500000	16.000000	0.000000	0.000000	0.000000	1741714495.248635	0.000000
30.000000	55.968768	1843.124848	1847.885769	1841.247301	1846.097630	1850.277406	1844.354194	1844.644766	1847.461086	-71053.558118	1846.209389	1845.203560	1842.498999	1847.528141	1844.890636	1849.606854	-0.128000	0.964000	-0.156000	192.000000	0.000000	0.000000	0.000000	0.000000	0.000000	0.000000	0.000000	0.000000	0.000000	1741714495.248741	0.000000
32.000000	55.946416	1842.946034	1847.952825	1841.202598	1846.209389	1850.053889	1844.197732	1844.801229	1847.259921	-71051.635868	1846.164685	1844.912987	1842.677813	1847.505790	1844.845932	1849.316281	-0.128000	0.964000	-0.156000	192.000000	0.000000	0.000000	0.000000	0.000000	0.000000	0.000000	0.000000	0.000000	0.000000	1741714495.248837	0.000000
34.000000	55.924065	1842.811923	1847.774011	1841.046136	1846.142333	1849.964482	1844.018918	1844.600063	1847.170514	-71051.725275	1846.142333	1845.069450	1842.610758	1847.550493	1844.555359	1849.673909	-0.128000	0.964000	-0.156000	192.000000	0.000000	0.000000	0.000000	0.000000	0.000000	0.000000	0.000000	0.000000	0.000000	1741714495.248925	0.000000
36.000000	55.968768	1843.147200	1847.751659	1841.359060	1846.119982	1850.187999	1844.197732	1844.868284	1847.215217	-71053.938097	1845.918816	1844.890636	1842.543702	1847.461086	1844.823580	1849.673909	-0.128000	0.964000	-0.156000	192.000000	0.000000	0.000000	0.000000	0.000000	0.000000	0.000000	0.000000	0.000000	0.000000	1741714495.249010	0.000000
38.000000	55.946416	1842.901330	1847.885769	1841.046136	1846.209389	1850.165647	1844.108325	1844.823580	1847.371679	-71053.155786	1846.008223	1845.091801	1842.521351	1847.572845	1845.091801	1849.450391	-0.126000	0.960000	-0.160000	192.000000	126.000000	8.000000	15.000000	0.000000	125.500000	0.000000	0.000000	0.000000	0.000000	1741714495.249108	0.000000
40.000000	55.968768	1842.700165	1847.706955	1841.269653	1845.784705	1850.120944	1844.287138	1844.510656	1847.282272	-71051.904088	1846.254092	1845.158857	1842.498999	1847.483438	1844.689470	1849.584502	-0.126000	0.960000	-0.160000	192.000000	0.000000	0.000000	0.000000	0.000000	0.000000	0.000000	0.000000	0.000000	0.000000	1741714495.307954	0.000000
42.000000	55.946416	1843.326013	1847.796362	1841.224950	1846.075278	1850.232703	1844.085973	1844.689470	1847.461086	-71051.814682	1846.164685	1844.935339	1842.633109	1847.617548	1844.711822	1849.562150	-0.126000	0.960000	-0.160000	192.000000	0.000000	0.000000	0.000000	0.000000	0.000000	0.000000	0.000000	0.000000	0.000000	1741714495.308074	0.000000
44.000000	55.946416	1843.303662	1847.617548	1841.359060	1846.254092	1850.120944	1844.242435	1844.577711	1847.170514	-71052.641696	1846.075278	1844.756525	1842.342537	1847.371679	1844.510656	1849.539798	-0.126000	0.960000	-0.160000	192.000000	0.000000	0.000000	0.000000	0.000000	0.000000	0.000000	0.000000	0.000000	0.000000	1741714495.308173	0.000000
46.000000	56.035823	1843.057793	1847.505790	1841.202598	1845.941168	1850.031537	1844.018918	1844.600063	1847.170514	-71053.871042	1846.119982	1845.091801	1842.543702	1847.416383	1844.600063	1849.472743	-0.126000	0.960000	-0.160000	192.000000	0.000000	0.000000	0.000000	0.000000	0.000000	0.000000	0.000000	0.000000	0.000000	1741714495.308262	0.000000
48.000000	55.968768	1842.767220	1847.528141	1841.023784	1846.008223	1849.964482	1843.974214	1844.465952	1847.170514	-71052.418179	1846.187037	1844.935339	1842.811923	1847.528141	1844.644766	1849.517447	-0.130000	0.962000	-0.162000	192.000000	125.500000	120.000000	15.000000	8.000000	125.000000	120.000000	0.000000	0.000000	0.000000	1741714495.308357	0.000000
50.000000	55.924065	1842.811923	1847.729307	1841.292005	1846.075278	1850.322109	1844.063621	1844.533008	1847.192865	-71052.820510	1846.231740	1845.181208	1842.454295	1847.483438	1844.778877	1849.539798	-0.130000	0.962000	-0.162000	192.000000	0.000000	0.000000	0.000000	0.000000	0.000000	0.000000	0.000000	0.000000	0.000000	1741714495.308457	0.000000
52.000000	55.946416	1843.147200	1847.908121	1841.224950	1846.231740	1850.053889	1843.862455	1844.644766	1847.125810	-71055.279202	1846.254092	1845.158857	1842.543702	1847.639900	1844.823580	1849.562150	-0.130000	0.962000	-0.162000	192.000000	0.000000	0.000000	0.000000	0.000000	0.000000	0.000000	0.000000	0.000000	0.000000	1741714495.308549	0.000000
54.000000	55.879361	1842.968386	1847.975176	1841.269653	1846.119982	1850.277406	1844.108325	1844.756525	1847.215217	-71055.078036	1846.209389	1844.980043	1842.744868	1847.237569	1844.756525	1849.517447	-0.130000	0.962000	-0.162000	192.000000	0.000000	0.000000	0.000000	0.000000	0.000000	0.000000	0.000000	0.000000	0.000000	1741714495.308644	0.000000
56.000000	55.901713	1843.057793	1847.617548	1841.224950	1845.941168	1850.053889	1843.884807	1844.577711	1847.237569	-71054.183966	1846.187037	1844.957691	1842.498999	1847.528141	1844.801229	1849.249226	-0.130000	0.962000	-0.162000	192.000000	0.000000	0.000000	0.000000	0.000000	0.000000	0.000000	0.000000	0.000000	0.000000	1741714495.340008	0.000000
58.000000	55.924065	1843.057793	1847.572845	1841.113191	1846.164685	1850.076240	1844.041269	1844.778877	1847.528141	-71053.982801	1846.075278	1845.449429	1842.476647	1847.483438	1844.756525	1849.539798	-0.132000	0.968000	-0.160000	192.000000	125.500000	112.000000	15.000000	32.000000	125.500000	0.000000	0.000000	0.000000	0.000000	1741714495.405027	0.000000
60.000000	55.946416	1843.236607	1847.662252	1841.135543	1846.298795	1850.076240	1844.287138	1844.622415	1847.326976	-71054.429836	1846.030575	1844.980043	1842.677813	1847.416383	1844.756525	1849.629205	-0.132000	0.968000	-0.160000	192.000000	0.000000	0.000000	0.000000	0.000000	0.000000	0.000000	0.000000	0.000000	0.000000	1741714495.405167	0.000000
62.000000	55.924065	1843.057793	1847.706955	1841.247301	1845.963519	1850.299758	1844.063621	1844.644766	1847.259921	-71055.256850	1846.119982	1845.091801	1842.655461	1847.371679	1844.756525	1849.405688	-0.132000	0.968000	-0.160000	192.000000	0.000000	0.000000	0.000000	0.000000	0.000000	0.000000	0.000000	0.000000	0.000000	1741714495.405270	0.000000
64.000000	55.968768	1842.990737	1847.639900	1841.068487	1845.918816	1850.165647	1844.108325	1844.555359	1847.170514	-71054.608650	1846.030575	1844.980043	1842.431944	1847.438734	1844.823580	1849.584502	-0.132000	0.968000	-0.160000	192.000000	0.000000	0.000000	0.000000	0.000000	0.000000	0.000000	0.000000	0.000000	0.000000	1741714495.405360	0.000000
66.000000	55.968768	1843.147200	1847.818714	1841.292005	1845.896464	1849.852723	1844.063621	1844.533008	1847.326976	-71054.541594	1846.097630	1844.935339	1842.498999	1847.416383	1844.533008	1849.450391	-0.132000	0.968000	-0.160000	192.000000	0.000000	0.000000	0.000000	0.000000	0.000000	0.000000	0.000000	0.000000	0.000000	1741714495.405446	0.000000
68.000000	55.946416	1843.013089	1847.684604	1841.157894	1846.075278	1850.076240	1844.018918	1844.533008	1847.192865	-71055.636830	1846.097630	1844.845932	1842.364888	1847.282272	1844.443601	1849.495095	-0.132000	0.962000	-0.158000	192.000000	125.500000	112.000000	15.000000	8.000000	125.500000	8.000000	0.000000	0.000000	0.000000	1741714495.405536	0.000000
70.000000	55.901713	1842.811923	1847.729307	1841.090839	1845.896464	1850.299758	1844.130676	1844.689470	1847.081107	-71055.614478	1846.119982	1845.047098	1842.588406	1847.528141	1844.845932	1849.450391	-0.132000	0.962000	-0.158000	192.000000	0.000000	0.000000	0.000000	0.000000	0.000000	0.000000	0.000000	0.000000	0.000000	1741714495.471150	0.000000
72.000000	55.946416	1842.923682	1847.595197	1841.046136	1846.164685	1850.299758	1844.130676	1844.778877	1847.259921	-71054.943926	1845.896464	1844.823580	1842.633109	1847.461086	1844.845932	1849.629205	-0.132000	0.962000	-0.158000	192.000000	0.000000	0.000000	0.000000	0.000000	0.000000	0.000000	0.000000	0.000000	0.000000	1741714495.471283	0.000000
74.000000	55.879361	1842.968386	1847.751659	1841.202598	1846.052926	1850.165647	1844.197732	1844.577711	1847.237569	-71055.636830	1846.187037	1844.935339	1842.476647	1847.461086	1844.734173	1849.606854	-0.132000	0.962000	-0.158000	192.000000	0.000000	0.000000	0.000000	0.000000	0.000000	0.000000	0.000000	0.000000	0.000000	1741714495.471378	0.000000
76.000000	55.946416	1842.990737	1847.774011	1841.157894	1846.209389	1850.143296	1844.085973	1844.622415	1847.081107	-71055.659182	1846.052926	1844.778877	1842.588406	1847.528141	1844.622415	1849.405688	-0.132000	0.962000	-0.158000	192.000000	0.000000	0.000000	0.000000	0.000000	0.000000	0.000000	0.000000	0.000000	0.000000	1741714495.471479	0.000000
78.000000	55.968768	1842.990737	1847.975176	1841.314356	1846.209389	1850.210351	1844.264787	1844.689470	1847.416383	-71055.681533	1846.030575	1844.823580	1842.521351	1847.662252	1844.488304	1849.606854	-0.134000	0.958000	-0.154000	192.000000	125.500000	104.000000	14.500000	120.000000	125.500000	24.000000	0.000000	0.000000	0.000000	1741714495.471570	0.000000
80.000000	55.924065	1843.214255	1847.841066	1841.113191	1846.119982	1850.232703	1844.331842	1844.644766	1847.416383	-71055.100388	1845.829409	1844.801229	1842.454295	1847.394031	1844.644766	1849.428040	-0.134000	0.958000	-0.154000	192.000000	0.000000	0.000000	0.000000	0.000000	0.000000	0.000000	0.000000	0.000000	0.000000	1741714495.471670	0.000000
82.000000	55.901713	1843.013089	1847.774011	1841.001432	1846.097630	1850.076240	1844.108325	1844.577711	1847.058755	-71055.770940	1846.008223	1844.980043	1842.409592	1847.259921	1844.868284	1849.405688	-0.134000	0.958000	-0.154000	192.000000	0.000000	0.000000	0.000000	0.000000	0.000000	0.000000	0.000000	0.000000	0.000000	1741714495.471754	0.000000
84.000000	55.946416	1842.901330	1847.751659	1841.157894	1846.075278	1850.255054	1844.063621	1844.689470	1847.014051	-71056.732065	1846.119982	1844.980043	1842.498999	1847.371679	1844.689470	1849.495095	-0.134000	0.958000	-0.154000	192.000000	0.000000	0.000000	0.000000	0.000000	0.000000	0.000000	0.000000	0.000000	0.000000	1741714495.471848	0.000000
86.000000	55.924065	1842.968386	1847.841066	1841.046136	1846.097630	1850.143296	1844.018918	1844.555359	1847.237569	-71057.670839	1846.052926	1845.024746	1842.677813	1847.550493	1844.957691	1849.293929	-0.134000	0.958000	-0.154000	192.000000	0.000000	0.000000	0.000000	0.000000	0.000000	0.000000	0.000000	0.000000	0.000000	1741714495.534653	0.000000
88.000000	55.901713	1843.102496	1847.662252	1841.247301	1846.142333	1850.098592	1844.242435	1844.533008	1847.371679	-71057.089693	1846.209389	1845.047098	1842.498999	1847.394031	1844.778877	1849.651557	-0.130000	0.958000	-0.160000	192.000000	125.500000	120.000000	14.500000	120.000000	125.500000	0.000000	0.000000	0.000000	0.000000	1741714495.534782	0.000000
90.000000	55.879361	1843.214255	1847.796362	1841.247301	1846.209389	1850.031537	1844.287138	1844.600063	1847.103458	-71056.709714	1846.276444	1844.957691	1842.498999	1847.371679	1844.667118	1849.584502	-0.130000	0.958000	-0.160000	192.000000	0.000000	0.000000	0.000000	0.000000	0.000000	0.000000	0.000000	0.000000	0.000000	1741714495.534878	0.000000
92.000000	55.946416	1842.878979	1847.841066	1841.202598	1846.097630	1850.255054	1844.063621	1844.778877	1847.304624	-71056.329734	1846.231740	1844.868284	1842.566054	1847.461086	1844.801229	1849.562150	-0.130000	0.958000	-0.160000	192.000000	0.000000	0.000000	0.000000	0.000000	0.000000	0.000000	0.000000	0.000000	0.000000	1741714495.534978	0.000000
94.000000	55.901713	1842.946034	1847.863418	1841.292005	1845.829409	1850.098592	1844.264787	1844.778877	1847.103458	-71057.603783	1846.119982	1844.890636	1842.655461	1847.326976	1844.622415	1849.472743	-0.130000	0.958000	-0.160000	192.000000	0.000000	0.000000	0.000000	0.000000	0.000000	0.000000	0.000000	0.000000	0.000000	1741714495.535070	0.000000
96.000000	55.901713	1843.035441	1847.639900	1841.336708	1845.985871	1849.919778	1844.287138	1844.644766	1847.282272	-71056.217975	1846.209389	1844.957691	1842.521351	1847.595197	1844.823580	1849.495095	-0.130000	0.958000	-0.160000	192.000000	0.000000	0.000000	0.000000	0.000000	0.000000	0.000000	0.000000	0.000000	0.000000	1741714495.535164	0.000000
98.000000	55.991120	1842.901330	1847.684604	1841.224950	1846.119982	1849.964482	1844.130676	1844.398897	1847.192865	-71056.486196	1846.052926	1844.868284	1842.588406	1847.371679	1844.801229	1849.696261	-0.120000	0.958000	-0.154000	192.000000	126.000000	32.000000	14.500000	120.000000	125.500000	24.000000	0.000000	0.000000	0.000000	1741714495.535263	0.000000
100.000000	55.968768	1843.013089	1847.639900	1841.157894	1846.075278	1850.143296	1844.041269	1844.644766	1846.946996	-71058.028466	1846.164685	1844.890636	1842.543702	1847.483438	1844.778877	1849.517447	-0.120000	0.958000	-0.154000	192.000000	0.000000	0.000000	0.000000	0.000000	0.000000	0.000000	0.000000	0.000000	0.000000	1741714495.585777	0.000000
102.000000	55.879361	1843.348365	1847.841066	1841.224950	1846.097630	1850.165647	1844.287138	1844.309490	1847.192865	-71057.804949	1845.918816	1844.756525	1842.521351	1847.215217	1844.734173	1849.539798	-0.120000	0.958000	-0.154000	192.000000	0.000000	0.000000	0.000000	0.000000	0.000000	0.000000	0.000000	0.000000	0.000000	1741714495.585903	0.000000
104.000000	55.901713	1842.990737	1847.908121	1841.336708	1845.985871	1850.322109	1844.197732	1844.734173	1847.259921	-71056.642658	1846.209389	1844.868284	1842.454295	1847.394031	1845.002394	1849.562150	-0.120000	0.958000	-0.154000	192.000000	0.000000	0.000000	0.000000	0.000000	0.000000	0.000000	0.000000	0.000000	0.000000	1741714495.585993	0.000000
106.000000	55.879361	1842.968386	1847.528141	1841.224950	1846.187037	1849.964482	1844.041269	1844.711822	1847.259921	-71055.681533	1846.142333	1844.957691	1842.521351	1847.416383	1844.667118	1849.606854	-0.120000	0.958000	-0.154000	192.000000	0.000000	0.000000	0.000000	0.000000	0.000000	0.000000	0.000000	0.000000	0.000000	1741714495.586084	0.000000
108.000000	55.968768	1843.035441	1847.550493	1841.247301	1846.052926	1849.942130	1844.197732	1844.756525	1847.326976	-71058.117873	1846.142333	1844.912987	1842.498999	1847.416383	1844.734173	1849.517447	-0.132000	0.962000	-0.150000	192.000000	125.500000	112.000000	15.000000	8.000000	125.500000	40.000000	0.000000	0.000000	0.000000	1741714495.586181	0.000000
110.000000	55.946416	1842.968386	1847.438734	1840.934377	1846.008223	1849.919778	1844.108325	1844.689470	1847.371679	-71057.559080	1846.477609	1845.047098	1842.633109	1847.639900	1844.600063	1849.696261	-0.132000	0.962000	-0.150000	192.000000	0.000000	0.000000	0.000000	0.000000	0.000000	0.000000	0.000000	0.000000	0.000000	1741714495.586288	0.000000
112.000000	56.013472	1843.147200	1847.796362	1841.202598	1846.030575	1850.210351	1844.175380	1844.711822	1847.215217	-71056.352086	1846.410554	1845.069450	1842.342537	1847.706955	1844.734173	1849.651557	-0.132000	0.962000	-0.150000	192.000000	0.000000	0.000000	0.000000	0.000000	0.000000	0.000000	0.000000	0.000000	0.000000	1741714495.586379	0.000000
114.000000	55.968768	1842.946034	1847.930473	1841.157894	1846.298795	1850.322109	1844.063621	1844.577711	1847.081107	-71055.748589	1846.008223	1844.890636	1842.297833	1847.438734	1844.689470	1849.383336	-0.132000	0.962000	-0.150000	192.000000	0.000000	0.000000	0.000000	0.000000	0.000000	0.000000	0.000000	0.000000	0.000000	1741714495.586472	0.000000
116.000000	55.901713	1843.013089	1847.729307	1841.135543	1846.052926	1850.076240	1844.421249	1844.644766	1847.326976	-71057.782597	1846.164685	1844.980043	1842.588406	1847.505790	1845.002394	1849.651557	-0.132000	0.962000	-0.150000	192.000000	0.000000	0.000000	0.000000	0.000000	0.000000	0.000000	0.000000	0.000000	0.000000	1741714495.635484	0.000000
118.000000	55.901713	1843.035441	1847.639900	1841.135543	1846.075278	1850.143296	1843.840104	1844.689470	1846.946996	-71057.536728	1846.119982	1845.024746	1842.655461	1847.394031	1844.577711	1849.562150	-0.130000	0.966000	-0.158000	192.000000	125.500000	120.000000	15.000000	24.000000	125.500000	8.000000	0.000000	0.000000	0.000000	1741714495.635634	0.000000
120.000000	55.901713	1843.147200	1847.550493	1841.381412	1846.209389	1850.187999	1844.108325	1844.510656	1847.081107	-71057.223804	1845.985871	1845.047098	1842.633109	1847.461086	1844.622415	1849.584502	-0.130000	0.966000	-0.158000	192.000000	0.000000	0.000000	0.000000	0.000000	0.000000	0.000000	0.000000	0.000000	0.000000	1741714495.635749	0.000000
122.000000	55.946416	1842.901330	1847.662252	1841.470819	1846.164685	1850.210351	1844.354194	1844.600063	1847.192865	-71057.782597	1846.164685	1844.778877	1842.722516	1847.550493	1844.778877	1849.562150	-0.130000	0.966000	-0.158000	192.000000	0.000000	0.000000	0.000000	0.000000	0.000000	0.000000	0.000000	0.000000	0.000000	1741714495.635841	0.000000
124.000000	-22.061172	-24.296346	-18.596651	-26.330355	-20.474198	-16.652050	-22.128227	-21.971765	1536.816542	-71058.408446	1535.810713	1534.916643	1532.502655	1537.352984	1534.514312	1539.498751	-0.130000	0.966000	-0.158000	192.000000	0.000000	0.000000	0.000000	0.000000	0.000000	0.000000	0.000000	0.000000	0.000000	1741714495.635936	0.000000
126.000000	-99.979353	-1898.043084	-1891.672837	-1899.764168	-1893.349218	-1889.951752	-1894.489157	-1895.249116	-1582.458804	-71058.140225	-1583.621095	-1584.403406	-1583.621095	-1580.424795	-1583.352874	-1578.346083	-0.130000	0.966000	-0.158000	192.000000	0.000000	0.000000	0.000000	0.000000	0.000000	0.000000	0.000000	0.000000	0.000000	1741714495.636020	0.000000
128.000000	-100.001705	-1897.886622	-1891.695188	-1899.540651	-1893.282162	-1890.152918	-1894.444453	-1895.427930	-1896.009075	-71057.112045	-1897.305476	-1898.378360	-1896.903145	-1893.818604	-1896.389055	-1891.762244	-0.132000	0.966000	-0.154000	192.000000	125.500000	112.000000	15.000000	24.000000	125.500000	24.000000	0.000000	0.000000	0.000000	1741714495.636107	0.000000
130.000000	-100.068760	-1898.087787	-1891.896354	-1899.607706	-1893.237459	-1890.175270	-1894.399750	-1895.427930	-1895.942020	-71057.089693	-1897.640753	-1898.557174	-1896.724331	-1893.975066	-1896.366703	-1891.851651	-0.132000	0.966000	-0.154000	192.000000	0.000000	0.000000	0.000000	0.000000	0.000000	0.000000	0.000000	0.000000	0.000000	1741714495.693252	0.000000
132.000000	-100.024056	-1898.110139	-1891.695188	-1899.786520	-1893.326866	-1890.331732	-1894.466805	-1895.338523	-1895.763206	-71058.073170	-1897.283125	-1898.356008	-1896.746683	-1894.019770	-1896.523165	-1891.806947	-0.132000	0.966000	-0.154000	192.000000	0.000000	0.000000	0.000000	0.000000	0.000000	0.000000	0.000000	0.000000	0.000000	1741714495.693419	0.000000
134.000000	-99.979353	-1898.043084	-1891.963409	-1899.764168	-1893.125700	-1890.309380	-1894.578564	-1895.494985	-1895.807909	-71058.341391	-1897.327828	-1898.266601	-1897.104311	-1893.975066	-1896.679627	-1891.985761	-0.132000	0.966000	-0.154000	192.000000	0.000000	0.000000	0.000000	0.000000	0.000000	0.000000	0.000000	0.000000	0.000000	1741714495.693511	0.000000
136.000000	-99.979353	-1898.177194	-1891.739892	-1899.875927	-1893.103348	-1890.354084	-1894.533860	-1895.316171	-1895.874965	-71057.424969	-1897.104311	-1898.266601	-1896.836090	-1893.885659	-1896.612572	-1891.829299	-0.132000	0.966000	-0.154000	192.000000	0.000000	0.000000	0.000000	0.000000	0.000000	0.000000	0.000000	0.000000	0.000000	1741714495.693599	0.000000
138.000000	-100.001705	-1898.266601	-1891.963409	-1899.585354	-1893.304514	-1890.197622	-1894.444453	-1895.539689	-1895.942020	-71058.341391	-1897.350180	-1898.177194	-1896.545517	-1893.751549	-1896.679627	-1891.829299	-0.134000	0.964000	-0.152000	192.000000	125.500000	104.000000	15.000000	16.000000	125.500000	32.000000	0.000000	0.000000	0.000000	1741714495.693691	0.000000
140.000000	-100.024056	-1898.423064	-1892.142223	-1899.518299	-1893.371569	-1890.242325	-1894.600915	-1895.517337	-1896.098482	-71059.481330	-1897.596049	-1898.177194	-1896.880793	-1893.840956	-1896.590221	-1891.963409	-0.134000	0.964000	-0.152000	192.000000	0.000000	0.000000	0.000000	0.000000	0.000000	0.000000	0.000000	0.000000	0.000000	1741714495.693791	0.000000
142.000000	-99.979353	-1898.043084	-1891.985761	-1899.674761	-1893.438625	-1890.354084	-1894.802081	-1895.450282	-1896.143186	-71060.509510	-1897.506642	-1898.244250	-1896.970200	-1893.840956	-1896.746683	-1891.806947	-0.134000	0.964000	-0.152000	192.000000	0.000000	0.000000	0.000000	0.000000	0.000000	0.000000	0.000000	0.000000	0.000000	1741714495.693881	0.000000
144.000000	-99.979353	-1898.266601	-1891.874002	-1899.473596	-1893.349218	-1890.197622	-1894.757377	-1895.338523	-1895.919668	-71058.766074	-1897.484290	-1898.356008	-1897.126662	-1893.863308	-1896.769034	-1891.806947	-0.134000	0.964000	-0.152000	192.000000	0.000000	0.000000	0.000000	0.000000	0.000000	0.000000	0.000000	0.000000	0.000000	1741714495.693978	0.000000
146.000000	-99.957001	-1898.177194	-1892.097520	-1899.741816	-1893.528032	-1890.622305	-1894.690322	-1895.249116	-1895.964372	-71058.520205	-1897.350180	-1898.423064	-1896.970200	-1893.796252	-1896.701979	-1891.874002	-0.131000	0.966000	-0.152000	192.000000	126.000000	0.000000	15.000000	32.000000	125.500000	32.000000	0.000000	0.000000	0.000000	1741714495.743354	0.000000
148.000000	-99.957001	-1898.132491	-1891.918706	-1899.563003	-1893.282162	-1890.465843	-1894.600915	-1895.338523	-1895.919668	-71058.766074	-1897.260773	-1898.244250	-1896.769034	-1893.952715	-1896.232593	-1891.918706	-0.131000	0.966000	-0.152000	192.000000	0.000000	0.000000	0.000000	0.000000	0.000000	0.000000	0.000000	0.000000	0.000000	1741714495.743504	0.000000
150.000000	-99.934649	-1898.221898	-1892.052816	-1899.764168	-1893.058645	-1890.287029	-1894.422101	-1895.316171	-1895.986723	-71059.660144	-1897.394883	-1898.400712	-1897.104311	-1894.176232	-1896.679627	-1891.985761	-0.131000	0.966000	-0.152000	192.000000	0.000000	0.000000	0.000000	0.000000	0.000000	0.000000	0.000000	0.000000	0.000000	1741714495.743594	0.000000
152.000000	-99.889946	-1898.110139	-1892.008113	-1899.518299	-1893.192755	-1890.465843	-1894.645619	-1895.584392	-1895.830261	-71060.196586	-1897.305476	-1898.333657	-1896.880793	-1893.885659	-1896.545517	-1891.851651	-0.131000	0.966000	-0.152000	192.000000	0.000000	0.000000	0.000000	0.000000	0.000000	0.000000	0.000000	0.000000	0.000000	1741714495.743687	0.000000
154.000000	-99.934649	-1898.132491	-1891.963409	-1899.719465	-1893.215107	-1890.398787	-1894.556212	-1895.338523	-1896.009075	-71060.062475	-1897.551346	-1898.199546	-1896.836090	-1894.019770	-1896.634924	-1891.941058	-0.131000	0.966000	-0.152000	192.000000	0.000000	0.000000	0.000000	0.000000	0.000000	0.000000	0.000000	0.000000	0.000000	1741714495.743780	0.000000
156.000000	-99.979353	-1898.087787	-1891.985761	-1899.965334	-1893.393921	-1890.175270	-1894.779729	-1895.629096	-1895.763206	-71059.995420	-1897.104311	-1898.445415	-1896.903145	-1893.952715	-1896.590221	-1891.963409	-0.128500	0.966000	-0.153000	192.000000	126.000000	8.000000	15.000000	24.000000	125.500000	24.000000	0.000000	0.000000	0.000000	1741714495.743871	0.000000
158.000000	-100.046408	-1898.311305	-1892.097520	-1899.786520	-1893.349218	-1890.331732	-1894.690322	-1895.472633	-1895.807909	-71060.978897	-1897.283125	-1898.378360	-1896.769034	-1893.908011	-1896.523165	-1891.717540	-0.128500	0.966000	-0.153000	192.000000	0.000000	0.000000	0.000000	0.000000	0.000000	0.000000	0.000000	0.000000	0.000000	1741714495.743963	0.000000
160.000000	-99.979353	-1898.087787	-1891.918706	-1899.808872	-1893.349218	-1890.376436	-1894.578564	-1895.494985	-1896.120834	-71059.816606	-1897.417235	-1898.288953	-1896.612572	-1894.109177	-1896.634924	-1891.806947	-0.128500	0.966000	-0.153000	192.000000	0.000000	0.000000	0.000000	0.000000	0.000000	0.000000	0.000000	0.000000	0.000000	1741714495.795445	0.000000
162.000000	-100.001705	-1898.244250	-1891.896354	-1899.741816	-1893.393921	-1890.242325	-1894.466805	-1895.383226	-1896.053779	-71059.146054	-1897.372532	-1898.199546	-1896.925497	-1893.796252	-1896.657276	-1891.918706	-0.128500	0.966000	-0.153000	192.000000	0.000000	0.000000	0.000000	0.000000	0.000000	0.000000	0.000000	0.000000	0.000000	1741714495.795573	0.000000
164.000000	-99.979353	-1898.311305	-1892.008113	-1899.697113	-1893.349218	-1890.197622	-1894.399750	-1895.450282	-1895.919668	-71059.548385	-1897.149014	-1898.266601	-1897.037255	-1893.908011	-1896.657276	-1892.052816	-0.128500	0.966000	-0.153000	192.000000	0.000000	0.000000	0.000000	0.000000	0.000000	0.000000	0.000000	0.000000	0.000000	1741714495.795673	0.000000
166.000000	-99.957001	-1898.020732	-1891.851651	-1899.674761	-1893.237459	-1890.287029	-1894.511508	-1895.360875	-1895.986723	-71060.844786	-1897.260773	-1898.400712	-1896.858441	-1893.930363	-1896.657276	-1892.030465	-0.125250	0.967000	-0.152500	192.000000	126.000000	24.000000	15.000000	32.000000	125.500000	32.000000	0.000000	0.000000	0.000000	1741714495.795776	0.000000
168.000000	-99.979353	-1898.110139	-1892.075168	-1899.719465	-1893.215107	-1890.130566	-1894.600915	-1895.293819	-1895.919668	-71060.643621	-1897.372532	-1898.110139	-1896.992552	-1893.729197	-1896.567869	-1891.963409	-0.125250	0.967000	-0.152500	192.000000	0.000000	0.000000	0.000000	0.000000	0.000000	0.000000	0.000000	0.000000	0.000000	1741714495.795883	0.000000
170.000000	-100.001705	-1898.221898	-1891.985761	-1899.786520	-1893.326866	-1890.599953	-1894.667970	-1895.562040	-1895.874965	-71060.241289	-1897.350180	-1898.065436	-1896.813738	-1893.975066	-1896.523165	-1891.896354	-0.125250	0.967000	-0.152500	192.000000	0.000000	0.000000	0.000000	0.000000	0.000000	0.000000	0.000000	0.000000	0.000000	1741714495.795970	0.000000
172.000000	-100.001705	-1898.177194	-1892.008113	-1899.898279	-1893.259811	-1890.398787	-1894.466805	-1895.405578	-1895.986723	-71061.090655	-1897.327828	-1898.311305	-1896.791386	-1894.153880	-1896.389055	-1891.762244	-0.125250	0.967000	-0.152500	192.000000	0.000000	0.000000	0.000000	0.000000	0.000000	0.000000	0.000000	0.000000	0.000000	1741714495.796057	0.000000
174.000000	-99.934649	-1898.087787	-1891.941058	-1899.764168	-1893.103348	-1890.287029	-1894.735026	-1895.383226	-1895.986723	-71061.135359	-1897.327828	-1898.400712	-1896.791386	-1894.019770	-1896.389055	-1891.896354	-0.125250	0.967000	-0.152500	192.000000	0.000000	0.000000	0.000000	0.000000	0.000000	0.000000	0.000000	0.000000	0.000000	1741714495.796143	0.000000
176.000000	-99.957001	-1898.311305	-1892.097520	-1899.674761	-1893.550383	-1890.421139	-1894.466805	-1895.539689	-1895.696151	-71061.157711	-1897.104311	-1898.378360	-1897.059607	-1893.796252	-1896.433758	-1891.985761	-0.124625	0.966500	-0.153250	192.000000	126.000000	16.000000	15.000000	24.000000	125.500000	24.000000	0.000000	0.000000	0.000000	1741714495.849865	0.000000
178.000000	-100.001705	-1898.087787	-1891.829299	-1899.674761	-1893.237459	-1890.152918	-1894.533860	-1895.226764	-1896.009075	-71061.783560	-1897.439587	-1898.333657	-1896.657276	-1894.042122	-1896.523165	-1891.829299	-0.124625	0.966500	-0.153250	192.000000	0.000000	0.000000	0.000000	0.000000	0.000000	0.000000	0.000000	0.000000	0.000000	1741714495.850056	0.000000
180.000000	-100.024056	-1898.221898	-1891.918706	-1899.831223	-1893.438625	-1890.354084	-1894.645619	-1895.338523	-1896.009075	-71062.744685	-1897.461939	-1898.333657	-1897.014904	-1893.997418	-1896.813738	-1891.896354	-0.124625	0.966500	-0.153250	192.000000	0.000000	0.000000	0.000000	0.000000	0.000000	0.000000	0.000000	0.000000	0.000000	1741714495.850186	0.000000
182.000000	-99.912298	-1898.132491	-1891.739892	-1899.697113	-1893.237459	-1890.130566	-1894.623267	-1895.450282	-1896.098482	-71062.543519	-1897.305476	-1898.199546	-1897.014904	-1893.840956	-1896.500814	-1891.829299	-0.124625	0.966500	-0.153250	192.000000	0.000000	0.000000	0.000000	0.000000	0.000000	0.000000	0.000000	0.000000	0.000000	1741714495.850412	0.000000
184.000000	-99.979353	-1898.199546	-1892.231630	-1899.786520	-1893.528032	-1890.242325	-1894.712674	-1895.517337	-1895.874965	-71061.492987	-1897.171366	-1898.288953	-1896.769034	-1893.885659	-1896.478462	-1891.874002	-0.124625	0.966500	-0.153250	192.000000	0.000000	0.000000	0.000000	0.000000	0.000000	0.000000	0.000000	0.000000	0.000000	1741714495.850511	0.000000
186.000000	-100.001705	-1898.177194	-1892.030465	-1899.540651	-1893.304514	-1890.309380	-1894.712674	-1895.450282	-1895.897316	-71061.336525	-1897.283125	-1898.087787	-1896.903145	-1894.042122	-1896.523165	-1892.186927	-0.122312	0.964250	-0.154625	192.000000	126.000000	32.000000	15.000000	8.000000	125.500000	16.000000	0.000000	0.000000	0.000000	1741714495.850606	0.000000
188.000000	-99.979353	-1898.132491	-1892.008113	-1899.563003	-1893.192755	-1890.152918	-1894.489157	-1895.316171	-1895.740854	-71061.984725	-1897.551346	-1898.043084	-1896.947848	-1893.997418	-1896.478462	-1891.806947	-0.122312	0.964250	-0.154625	192.000000	0.000000	0.000000	0.000000	0.000000	0.000000	0.000000	0.000000	0.000000	0.000000	1741714495.850705	0.000000
190.000000	-99.979353	-1898.132491	-1891.963409	-1899.607706	-1893.371569	-1890.532898	-1894.802081	-1895.405578	-1896.031427	-71063.147016	-1897.506642	-1898.311305	-1896.903145	-1893.863308	-1896.567869	-1891.784595	-0.122312	0.964250	-0.154625	192.000000	0.000000	0.000000	0.000000	0.000000	0.000000	0.000000	0.000000	0.000000	0.000000	1741714495.899134	0.000000
192.000000	-99.912298	-1898.378360	-1892.030465	-1899.674761	-1893.505680	-1890.443491	-1894.869136	-1895.472633	-1895.986723	-71061.716504	-1897.305476	-1898.356008	-1896.724331	-1893.662142	-1896.657276	-1891.851651	-0.122312	0.964250	-0.154625	192.000000	0.000000	0.000000	0.000000	0.000000	0.000000	0.000000	0.000000	0.000000	0.000000	1741714495.899291	0.000000
194.000000	-100.001705	-1898.445415	-1891.985761	-1899.920630	-1893.304514	-1890.085863	-1894.690322	-1895.427930	-1896.009075	-71061.872967	-1897.216069	-1898.199546	-1896.813738	-1893.818604	-1896.590221	-1891.941058	-0.122312	0.964250	-0.154625	192.000000	0.000000	0.000000	0.000000	0.000000	0.000000	0.000000	0.000000	0.000000	0.000000	1741714495.899381	0.000000
196.000000	-100.001705	-1898.110139	-1891.851651	-1899.786520	-1893.148052	-1890.354084	-1894.712674	-1895.316171	-1896.009075	-71062.878795	-1897.283125	-1898.378360	-1896.858441	-1893.818604	-1896.612572	-1891.806947	-0.123156	0.964125	-0.152313	192.000000	126.000000	16.000000	15.000000	16.000000	125.500000	40.000000	0.000000	0.000000	0.000000	1741714495.899470	0.000000
198.000000	-99.934649	-1898.110139	-1891.851651	-1899.652410	-1893.416273	-1890.197622	-1894.690322	-1895.338523	-1896.053779	-71063.348182	-1897.461939	-1898.423064	-1896.858441	-1893.997418	-1896.545517	-1891.985761	-0.123156	0.964125	-0.152313	192.000000	0.000000	0.000000	0.000000	0.000000	0.000000	0.000000	0.000000	0.000000	0.000000	1741714495.899572	0.000000
200.000000	-99.979353	-1898.221898	-1891.941058	-1899.630058	-1893.237459	-1890.287029	-1894.712674	-1895.204412	-1895.964372	-71063.214071	-1897.663104	-1898.467767	-1896.791386	-1893.796252	-1896.500814	-1891.918706	-0.123156	0.964125	-0.152313	192.000000	0.000000	0.000000	0.000000	0.000000	0.000000	0.000000	0.000000	0.000000	0.000000	1741714495.899669	0.000000
202.000000	-100.001705	-1898.177194	-1892.097520	-1899.875927	-1893.393921	-1890.421139	-1894.690322	-1895.562040	-1895.897316	-71063.728161	-1897.260773	-1898.467767	-1896.903145	-1894.176232	-1896.701979	-1892.097520	-0.123156	0.964125	-0.152313	192.000000	0.000000	0.000000	0.000000	0.000000	0.000000	0.000000	0.000000	0.000000	0.000000	1741714495.899757	0.000000
204.000000	-99.957001	-1898.132491	-1891.896354	-1899.741816	-1893.282162	-1890.555250	-1894.779729	-1895.472633	-1895.696151	-71065.024562	-1897.417235	-1898.288953	-1896.947848	-1894.064473	-1896.612572	-1891.874002	-0.123156	0.964125	-0.152313	192.000000	0.000000	0.000000	0.000000	0.000000	0.000000	0.000000	0.000000	0.000000	0.000000	1741714495.899849	0.000000
206.000000	-99.934649	-1898.221898	-1892.052816	-1899.741816	-1893.416273	-1890.667008	-1894.511508	-1895.450282	-1895.942020	-71065.002211	-1897.327828	-1898.266601	-1896.880793	-1893.796252	-1896.433758	-1892.119872	-0.126578	0.964062	-0.151156	192.000000	125.500000	120.000000	15.000000	16.000000	125.500000	40.000000	0.000000	0.000000	0.000000	1741714495.948716	0.000000
208.000000	-99.957001	-1897.998380	-1892.030465	-1899.495947	-1893.393921	-1890.130566	-1894.355046	-1895.584392	-1896.098482	-71064.175196	-1897.327828	-1898.244250	-1896.903145	-1893.863308	-1896.322000	-1892.186927	-0.126578	0.964062	-0.151156	192.000000	0.000000	0.000000	0.000000	0.000000	0.000000	0.000000	0.000000	0.000000	0.000000	1741714495.948855	0.000000
210.000000	-100.024056	-1898.177194	-1891.941058	-1899.607706	-1893.237459	-1890.197622	-1894.355046	-1895.159709	-1895.964372	-71062.677629	-1897.461939	-1898.288953	-1896.858441	-1893.796252	-1896.411407	-1891.896354	-0.126578	0.964062	-0.151156	192.000000	0.000000	0.000000	0.000000	0.000000	0.000000	0.000000	0.000000	0.000000	0.000000	1741714495.948952	0.000000
212.000000	-99.979353	-1898.288953	-1891.874002	-1899.495947	-1893.215107	-1890.152918	-1894.489157	-1895.405578	-1895.874965	-71064.532824	-1897.327828	-1898.065436	-1896.813738	-1893.840956	-1896.545517	-1891.650485	-0.126578	0.964062	-0.151156	192.000000	0.000000	0.000000	0.000000	0.000000	0.000000	0.000000	0.000000	0.000000	0.000000	1741714495.949043	0.000000
