%OpenBCI Raw EXG Data
%Number of channels = 8
%Sample Rate = 250 Hz
%Board = OpenBCI_GUI$BoardCytonSerial
Sample Index, EXG Channel 0, EXG Channel 1, EXG Channel 2, EXG Channel 3, EXG Channel 4, EXG Channel 5, EXG Channel 6, EXG Channel 7, Accel Channel 0, Accel Channel 1, Accel Channel 2, Not Used, Digital Channel 0 (D11), Digital Channel 1 (D12), Digital Channel 2 (D13), Digital Channel 3 (D17), Not Used, Digital Channel 4 (D18), Analog Channel 0, Analog Channel 1, Analog Channel 2, Timestamp, Marker Channel, Timestamp (Formatted)
253.0, -33753.8163368483, -40414.323260107434, -45921.81544563955, -44887.6449331814, -19499.125420942953, -22622.13350798291, -52930.741361468004, -39666.27742842167, 0.0, 0.0, 0.0, 192.0, 0.0, 0.0, 0.0, 0.0, 0.0, 0.0, 0.0, 0.0, 0.0, 1.74127969048854E9, 0.0, 2025-03-06 10:48:10.488
254.0, -33748.608380390215, -40411.19401588369, -45916.42867522582, -44885.18624129132, -19452.097350608987, -22621.395900415886, -52930.00375390098, -39661.38239638596, 0.0, 0.0, 0.0, 192.0, 0.0, 0.0, 0.0, 0.0, 0.0, 0.0, 0.0, 0.0, 0.0, 1.741279690488594E9, 0.0, 2025-03-06 10:48:10.488
255.0, -33746.082633266764, -40407.01423967055, -45911.69010540129, -44885.00742733567, -19463.31792632555, -22624.122813239435, -52922.38180904172, -39628.41357331438, 0.0, 0.0, 0.0, 192.0, 0.0, 0.0, 0.0, 0.0, 0.0, 0.0, 0.0, 0.0, 0.0, 1.741279690488615E9, 0.0, 2025-03-06 10:48:10.488
0.0, -33736.04670000633, -40399.48170178911, -45902.79411110808, -44871.26110449566, -19518.347921174518, -22614.220990445734, -52920.34780029629, -39669.00434124522, 0.096, 0.916, -0.358, 192.0, 3.0, 0.0, 28.0, 160.0, 244.0, 208.0, 0.0, 0.0, 0.0, 1.741279690488642E9, 0.0, 2025-03-06 10:48:10.488
1.0, -33735.9125895396, -40398.00648665506, -45900.96126806275, -44873.138651029905, -19518.52673513016, -22620.188906215302, -52924.035838131414, -39670.92659126838, 0.096, 0.916, -0.358, 192.0, 0.0, 0.0, 0.0, 0.0, 0.0, 0.0, 0.0, 0.0, 0.0, 1.741279690488665E9, 0.0, 2025-03-06 10:48:10.488
2.0, -33734.72794708347, -40399.079370388914, -45907.55503267706, -44879.285380755115, -19468.503531039183, -22631.878868565425, -52924.661686976164, -39659.929532996364, 0.096, 0.916, -0.358, 192.0, 0.0, 0.0, 0.0, 0.0, 0.0, 0.0, 0.0, 0.0, 0.0, 1.741279690488684E9, 0.0, 2025-03-06 10:48:10.488
3.0, -33736.91841804009, -40400.80045471197, -45907.06329429904, -44879.419491221845, -19475.47727530924, -22627.09559525199, -52918.89493690669, -39675.28518143716, 0.096, 0.916, -0.358, 192.0, 0.0, 0.0, 0.0, 0.0, 0.0, 0.0, 0.0, 0.0, 0.0, 1.741279690488703E9, 0.0, 2025-03-06 10:48:10.488
4.0, -33738.52774364087, -40398.721742477625, -45904.89517508688, -44877.541944687604, -19523.935857288347, -22619.160725970356, -52916.95033513908, -39679.12968148347, 0.096, 0.916, -0.358, 192.0, 0.0, 0.0, 0.0, 0.0, 0.0, 0.0, 0.0, 0.0, 0.0, 1.74127969048873E9, 0.0, 2025-03-06 10:48:10.488
5.0, -33727.642444091136, -40390.406893540254, -45900.22366049572, -44872.6916161408, -19545.617049409993, -22626.827374318527, -52921.018352629944, -39658.83429751806, 0.096, 0.916, -0.358, 192.0, 0.0, 0.0, 0.0, 0.0, 0.0, 0.0, 0.0, 0.0, 0.0, 1.74127969048875E9, 0.0, 2025-03-06 10:48:10.488
6.0, -33717.18182768605, -40383.969591137124, -45896.334456960496, -44879.06186331056, -19517.09622348502, -22644.507604182676, -52922.87354741974, -39659.08016670706, 0.096, 0.916, -0.358, 192.0, 0.0, 0.0, 0.0, 0.0, 0.0, 0.0, 0.0, 0.0, 0.0, 1.741279690488769E9, 0.0, 2025-03-06 10:48:10.488
7.0, -33726.457801635006, -40383.768425437025, -45896.15564300485, -44875.664398153356, -19493.783354018135, -22637.33269421252, -52919.47608226253, -39685.47757690878, 0.096, 0.916, -0.358, 192.0, 0.0, 0.0, 0.0, 0.0, 0.0, 0.0, 0.0, 0.0, 0.0, 1.741279690488788E9, 0.0, 2025-03-06 10:48:10.488
8.0, -33737.141935484644, -40380.86269865784, -45900.96126806275, -44868.75770911667, -19521.655979353905, -22629.33076969752, -52918.04557061739, -39665.00337898772, 0.096, 0.916, -0.358, 192.0, 0.0, 0.0, 0.0, 0.0, 0.0, 0.0, 0.0, 0.0, 0.0, 1.741279690488806E9, 0.0, 2025-03-06 10:48:10.488
9.0, -33741.20995297551, -40379.47689050161, -45909.87961410041, -44878.92775284383, -19556.502348959726, -22632.05768252107, -52916.57035548334, -39656.06268120559, 0.096, 0.916, -0.358, 192.0, 0.0, 0.0, 0.0, 0.0, 0.0, 0.0, 0.0, 0.0, 0.0, 1.741279690488826E9, 0.0, 2025-03-06 10:48:10.488
10.0, -33732.71629008249, -40385.51186150454, -45909.186710022295, -44892.718779172756, -19530.373159691473, -22637.91383956836, -52920.45955901856, -39644.59623630002, 0.09, 0.916, -0.364, 192.0, 2.0, 208.0, 28.0, 160.0, 244.0, 160.0, 0.0, 0.0, 0.0, 1.741279690488845E9, 0.0, 2025-03-06 10:48:10.488
11.0, -33721.272196921374, -40382.00263762506, -45899.351942461966, -44879.75476738868, -19502.94756924481, -22626.134470240413, -52916.12332059423, -39667.551477855624, 0.09, 0.916, -0.364, 192.0, 0.0, 0.0, 0.0, 0.0, 0.0, 0.0, 0.0, 0.0, 0.0, 1.741279690488866E9, 0.0, 2025-03-06 10:48:10.488
12.0, -33714.8572462627, -40367.630465940296, -45889.51717490163, -44853.96085428725, -19545.30412498762, -22608.81186828755, -52907.49554723449, -39660.33186439656, 0.09, 0.916, -0.364, 192.0, 0.0, 0.0, 0.0, 0.0, 0.0, 0.0, 0.0, 0.0, 0.0, 1.741279690488886E9, 0.0, 2025-03-06 10:48:10.488
13.0, -33719.14878119812, -40370.31267527493, -45895.46273892674, -44860.73343285721, -19555.474168714783, -22617.752566069674, -52910.02129435793, -39657.87317250647, 0.09, 0.916, -0.364, 192.0, 0.0, 0.0, 0.0, 0.0, 0.0, 0.0, 0.0, 0.0, 0.0, 1.741279690488913E9, 0.0, 2025-03-06 10:48:10.488
14.0, -33717.11477245269, -40369.68682643018, -45891.640590624884, -44865.516706170645, -19527.802709079115, -22622.826412061026, -52911.027122858424, -39644.86445723349, 0.09, 0.916, -0.364, 192.0, 0.0, 0.0, 0.0, 0.0, 0.0, 0.0, 0.0, 0.0, 0.0, 1.741279690488937E9, 0.0, 2025-03-06 10:48:10.488
0.0, 0.0, 0.0, 0.0, 0.0, 0.0, 0.0, 0.0, 0.0, 0.058, 0.914, -0.38, 192.0, 1.0, 208.0, 28.0, 144.0, 244.0, 32.0, 0.0, 0.0, 0.0, 1.741279690576288E9, 0.0, 2025-03-06 10:48:10.576
1.0, -36861.24525800291, -43218.37195377016, -48720.231499699534, -47717.86751960129, -22717.955436462813, -25532.598856997356, -55630.72033294682, -42833.34080378304, 0.058, 0.914, -0.38, 192.0, 0.0, 0.0, 0.0, 0.0, 0.0, 0.0, 0.0, 0.0, 0.0, 1.741279690635604E9, 0.0, 2025-03-06 10:48:10.635
2.0, -36868.77779588435, -43229.927805653555, -48728.94868003711, -47733.24551978654, -22666.166444559865, -25549.697941505667, -55639.236347584294, -42862.398071574935, 0.058, 0.914, -0.38, 192.0, 0.0, 0.0, 0.0, 0.0, 0.0, 0.0, 0.0, 0.0, 0.0, 1.741279690635637E9, 0.0, 2025-03-06 10:48:10.635
3.0, -36870.2530110184, -43234.06287837779, -48723.20428171209, -47727.00938308351, -22656.421083977355, -25532.330636063893, -55639.61632724003, -42897.11033071403, 0.058, 0.914, -0.38, 192.0, 0.0, 0.0, 0.0, 0.0, 0.0, 0.0, 0.0, 0.0, 0.0, 1.741279690635657E9, 0.0, 2025-03-06 10:48:10.635
4.0, -36869.91773485157, -43235.47103827847, -48720.455017144086, -47723.70132490413, -22693.01088965069, -25531.660083730232, -55634.92246090442, -42872.03167343517, 0.058, 0.914, -0.38, 192.0, 0.0, 0.0, 0.0, 0.0, 0.0, 0.0, 0.0, 0.0, 0.0, 1.7412796906357E9, 0.0, 2025-03-06 10:48:10.635
5.0, -36870.2530110184, -43239.6061110027, -48718.17513920965, -47724.48363596006, -22706.86897121298, -25536.689226232676, -55633.42489402591, -42860.319359340596, 0.058, 0.914, -0.38, 192.0, 0.0, 0.0, 0.0, 0.0, 0.0, 0.0, 0.0, 0.0, 0.0, 1.741279690635719E9, 0.0, 2025-03-06 10:48:10.635
6.0, -36870.968266840966, -43237.59445400172, -48717.169310709156, -47722.762551637, -22675.978860375748, -25533.09059537537, -55636.5317865052, -42881.79938576215, 0.058, 0.914, -0.38, 192.0, 0.0, 0.0, 0.0, 0.0, 0.0, 0.0, 0.0, 0.0, 0.0, 1.741279690635738E9, 0.0, 2025-03-06 10:48:10.635
7.0, -36881.25006929041, -43244.14351512713, -48720.656182844185, -47720.72854289157, -22672.022601607157, -25524.82044992691, -55637.33644930559, -42880.368874117004, 0.058, 0.914, -0.38, 192.0, 0.0, 0.0, 0.0, 0.0, 0.0, 0.0, 0.0, 0.0, 0.0, 1.741279690635757E9, 0.0, 2025-03-06 10:48:10.635
8.0, -36879.73015066745, -43242.17656161506, -48719.11391247677, -47719.1639207797, -22731.567648836095, -25525.84863017185, -55634.92246090442, -42877.30668512663, 0.044, 0.914, -0.38, 192.0, 1.0, 96.0, 28.0, 144.0, 244.0, 32.0, 0.0, 0.0, 0.0, 1.741279690635775E9, 0.0, 2025-03-06 10:48:10.635
9.0, -36879.283115778344, -43244.545846527326, -48722.98076426754, -47716.705228889616, -22736.440329127352, -25526.09449936086, -55634.09544635957, -42870.95878970132, 0.044, 0.914, -0.38, 192.0, 0.0, 0.0, 0.0, 0.0, 0.0, 0.0, 0.0, 0.0, 0.0, 1.741279690635796E9, 0.0, 2025-03-06 10:48:10.635
10.0, -36871.57176394126, -43245.39521281663, -48720.58912761082, -47716.146435278235, -22684.38311629094, -25526.943865650162, -55626.4287980114, -42850.35048131353, 0.044, 0.914, -0.38, 192.0, 0.0, 0.0, 0.0, 0.0, 0.0, 0.0, 0.0, 0.0, 0.0, 1.741279690635815E9, 0.0, 2025-03-06 10:48:10.635
11.0, -36875.39391224312, -43247.6080355177, -48721.147921222204, -47717.82281611238, -22653.80592987608, -25527.39090053927, -55629.178062579405, -42858.978254673275, 0.044, 0.914, -0.38, 192.0, 0.0, 0.0, 0.0, 0.0, 0.0, 0.0, 0.0, 0.0, 0.0, 1.741279690635835E9, 0.0, 2025-03-06 10:48:10.635
12.0, -36877.83025238875, -43246.95983492849, -48716.610517097775, -47715.47588294457, -22685.567758747075, -25527.547362750454, -55631.972030636316, -42862.48747855276, 0.044, 0.914, -0.38, 192.0, 0.0, 0.0, 0.0, 0.0, 0.0, 0.0, 0.0, 0.0, 0.0, 1.741279690635854E9, 0.0, 2025-03-06 10:48:10.635
13.0, -36880.66892393457, -43251.27372160837, -48721.90788053368, -47722.94136559265, -22688.831113437547, -25533.783499453486, -55640.46569352933, -42877.8207752491, 0.044, 0.914, -0.38, 192.0, 0.0, 0.0, 0.0, 0.0, 0.0, 0.0, 0.0, 0.0, 0.0, 1.741279690635881E9, 0.0, 2025-03-06 10:48:10.635
14.0, -36882.03238034635, -43253.84417222073, -48726.624098613756, -47729.31161276241, -22641.28895298111, -25538.276200089003, -55650.412219811944, -42879.117176427506, 0.044, 0.914, -0.38, 192.0, 0.0, 0.0, 0.0, 0.0, 0.0, 0.0, 0.0, 0.0, 0.0, 1.741279690635907E9, 0.0, 2025-03-06 10:48:10.635
15.0, -36891.375409528664, -43261.376710102166, -48736.3024039629, -47734.29605177594, -22601.905179250858, -25549.09444440537, -55657.274205359725, -42871.67404552389, 0.044, 0.914, -0.38, 192.0, 0.0, 0.0, 0.0, 0.0, 0.0, 0.0, 0.0, 0.0, 0.0, 1.741279690635933E9, 0.0, 2025-03-06 10:48:10.635
16.0, -36886.34626702622, -43253.17361988707, -48732.07792426085, -47727.948156350634, -22634.315208711054, -25547.68628450469, -55649.89812968947, -42865.52731579868, 0.044, 0.914, -0.38, 192.0, 0.0, 0.0, 0.0, 0.0, 0.0, 0.0, 0.0, 0.0, 0.0, 1.741279690696058E9, 0.0, 2025-03-06 10:48:10.696
17.0, -36875.63978143213, -43242.713003481986, -48717.5492903649, -47719.409789968704, -22653.62711592044, -25534.878734931797, -55638.52109176172, -42866.51079255471, 0.044, 0.914, -0.38, 192.0, 0.0, 0.0, 0.0, 0.0, 0.0, 0.0, 0.0, 0.0, 0.0, 1.741279690696093E9, 0.0, 2025-03-06 10:48:10.696
18.0, -36872.59994418621, -43242.66829999308, -48716.20818569758, -47717.21931901209, -22630.090729009, -25525.178077838194, -55643.863158686545, -42887.096749198055, 0.038, 0.918, -0.38, 192.0, 1.0, 48.0, 28.0, 176.0, 244.0, 32.0, 0.0, 0.0, 0.0, 1.741279690696114E9, 0.0, 2025-03-06 10:48:10.696
19.0, -36880.557165212296, -43251.49723905292, -48727.56287188088, -47726.53999644995, -22593.098591935468, -25529.13433660678, -55648.7358389778, -42896.43977838037, 0.038, 0.918, -0.38, 192.0, 0.0, 0.0, 0.0, 0.0, 0.0, 0.0, 0.0, 0.0, 0.0, 1.741279690696136E9, 0.0, 2025-03-06 10:48:10.696
20.0, -36888.62614496066, -43254.604131532215, -48729.753342837495, -47727.14349355024, -22615.04800499058, -25538.63382800029, -55646.366554065535, -42875.138565914465, 0.038, 0.918, -0.38, 192.0, 0.0, 0.0, 0.0, 0.0, 0.0, 0.0, 0.0, 0.0, 0.0, 1.741279690696175E9, 0.0, 2025-03-06 10:48:10.696
21.0, -36885.206328059, -43252.74893674242, -48728.79221782592, -47726.763513894504, -22656.331676999533, -25543.037121657984, -55643.0361441417, -42869.43887107836, 0.038, 0.918, -0.38, 192.0, 0.0, 0.0, 0.0, 0.0, 0.0, 0.0, 0.0, 0.0, 0.0, 1.741279690696195E9, 0.0, 2025-03-06 10:48:10.696
22.0, -36883.418188502576, -43256.30286411082, -48735.564796395876, -47733.267871530996, -22654.163557787368, -25547.68628450469, -55650.61338551204, -42883.185193918376, 0.038, 0.918, -0.38, 192.0, 0.0, 0.0, 0.0, 0.0, 0.0, 0.0, 0.0, 0.0, 0.0, 1.741279690696215E9, 0.0, 2025-03-06 10:48:10.696
23.0, -36887.01681935988, -43266.11527992669, -48742.829113343854, -47741.582720468374, -22583.88967321988, -25558.124549165317, -55660.984594939306, -42895.83628128008, 0.038, 0.918, -0.38, 192.0, 0.0, 0.0, 0.0, 0.0, 0.0, 0.0, 0.0, 0.0, 0.0, 1.741279690696234E9, 0.0, 2025-03-06 10:48:10.696
24.0, -36880.31129602329, -43258.06865192278, -48729.97686028205, -47728.238729028555, -22601.56990308403, -25542.701845491156, -55650.59103376759, -42881.844089251055, 0.038, 0.918, -0.38, 192.0, 0.0, 0.0, 0.0, 0.0, 0.0, 0.0, 0.0, 0.0, 0.0, 1.741279690696254E9, 0.0, 2025-03-06 10:48:10.696
25.0, -36890.123711839165, -43268.08223343876, -48744.17021801117, -47736.10654307682, -22642.406540203876, -25538.097386133362, -55656.55894953715, -42878.73719677177, 0.038, 0.918, -0.38, 192.0, 0.0, 0.0, 0.0, 0.0, 0.0, 0.0, 0.0, 0.0, 0.0, 1.741279690696273E9, 0.0, 2025-03-06 10:48:10.696
26.0, -36893.65528746311, -43271.50205034042, -48746.89713083472, -47742.74501118005, -22651.838976364015, -25550.97199093962, -55663.64445252949, -42887.364970131515, 0.038, 0.918, -0.38, 192.0, 0.0, 0.0, 0.0, 0.0, 0.0, 0.0, 0.0, 0.0, 0.0, 1.741279690696293E9, 0.0, 2025-03-06 10:48:10.696
27.0, -36888.380275771655, -43265.914114226594, -48743.20909299959, -47736.8665023883, -22623.921647539337, -25547.753339738054, -55658.68236526041, -42892.66233356742, 0.038, 0.918, -0.38, 192.0, 0.0, 0.0, 0.0, 0.0, 0.0, 0.0, 0.0, 0.0, 0.0, 1.741279690696313E9, 0.0, 2025-03-06 10:48:10.696
28.0, -36890.548394983816, -43270.5632770733, -48744.97488081156, -47739.10167683383, -22633.28702846611, -25558.30336312096, -55657.140094892995, -42881.86644099551, 0.044, 0.906, -0.38, 192.0, 1.0, 96.0, 28.0, 80.0, 244.0, 32.0, 0.0, 0.0, 0.0, 1.741279690696344E9, 0.0, 2025-03-06 10:48:10.696
29.0, -36894.21408107449, -43275.90534399812, -48750.69692739212, -47746.43304901518, -22683.086715112535, -25566.908784736253, -55658.34708909358, -42888.39315037646, 0.044, 0.906, -0.38, 192.0, 0.0, 0.0, 0.0, 0.0, 0.0, 0.0, 0.0, 0.0, 0.0, 1.741279690696373E9, 0.0, 2025-03-06 10:48:10.696
30.0, -36893.09649385172, -43271.99378871844, -48749.69109889163, -47745.24840655904, -22690.373383804963, -25567.892261492285, -55661.1410571505, -42872.545763557646, 0.044, 0.906, -0.38, 192.0, 0.0, 0.0, 0.0, 0.0, 0.0, 0.0, 0.0, 0.0, 0.0, 1.741279690696399E9, 0.0, 2025-03-06 10:48:10.696
31.0, -36899.287927065845, -43278.47579461048, -48758.18476178465, -47756.60309274234, -22642.272429737142, -25579.828093031418, -55672.67455728943, -42887.05204570914, 0.044, 0.906, -0.38, 192.0, 0.0, 0.0, 0.0, 0.0, 0.0, 0.0, 0.0, 0.0, 0.0, 1.741279690756407E9, 0.0, 2025-03-06 10:48:10.756
32.0, -36899.06440962129, -43279.99571323344, -48753.71441289358, -47750.63517697277, -22634.91870581135, -25572.5861278279, -55675.42382185743, -42924.02183103822, 0.044, 0.906, -0.38, 192.0, 0.0, 0.0, 0.0, 0.0, 0.0, 0.0, 0.0, 0.0, 0.0, 1.741279690756439E9, 0.0, 2025-03-06 10:48:10.756
33.0, -36898.57267124327, -43278.67696031058, -48748.79702911342, -47742.1191623353, -22675.934156886837, -25560.02444744402, -55671.37815611102, -42911.281336698696, 0.044, 0.906, -0.38, 192.0, 0.0, 0.0, 0.0, 0.0, 0.0, 0.0, 0.0, 0.0, 0.0, 1.741279690756459E9, 0.0, 2025-03-06 10:48:10.756
34.0, -36901.67956372256, -43283.03555047936, -48752.44036345963, -47748.06472636041, -22694.26258734019, -25567.10995043635, -55674.93208347942, -42902.63121159449, 0.044, 0.906, -0.38, 192.0, 0.0, 0.0, 0.0, 0.0, 0.0, 0.0, 0.0, 0.0, 0.0, 1.741279690756479E9, 0.0, 2025-03-06 10:48:10.756
35.0, -36911.246110349435, -43293.250297695435, -48765.80670664391, -47765.11910737981, -22653.738874642717, -25574.888357506796, -55685.19153418441, -42903.43587439488, 0.044, 0.906, -0.38, 192.0, 0.0, 0.0, 0.0, 0.0, 0.0, 0.0, 0.0, 0.0, 0.0, 1.741279690756527E9, 0.0, 2025-03-06 10:48:10.756
36.0, -36918.73394474196, -43298.10062624224, -48767.37132875578, -47765.05205214644, -22602.687490306795, -25571.78146502751, -55682.509324849765, -42901.625383094004, 0.044, 0.906, -0.38, 192.0, 0.0, 0.0, 0.0, 0.0, 0.0, 0.0, 0.0, 0.0, 0.0, 1.741279690756547E9, 0.0, 2025-03-06 10:48:10.756
37.0, -36909.74854347092, -43288.712893571006, -48752.64152915973, -47753.42914502969, -22641.557173914574, -25554.280049119003, -55659.241158871795, -42883.34165612956, 0.044, 0.906, -0.38, 192.0, 0.0, 0.0, 0.0, 0.0, 0.0, 0.0, 0.0, 0.0, 0.0, 1.741279690756566E9, 0.0, 2025-03-06 10:48:10.756
38.0, -36901.25488057791, -43280.21923067799, -48745.04193604493, -47742.65560420223, -22672.804912663094, -25539.729063478597, -55661.67749901742, -42916.62340362351, 0.048, 0.91, -0.368, 192.0, 1.0, 128.0, 28.0, 112.0, 244.0, 128.0, 0.0, 0.0, 0.0, 1.741279690756586E9, 0.0, 2025-03-06 10:48:10.756
39.0, -36900.181996844054, -43276.15121318713, -48747.567683168374, -47741.33685127936, -22651.369589730453, -25539.662008245232, -55659.75524899427, -42909.96258377583, 0.048, 0.91, -0.368, 192.0, 0.0, 0.0, 0.0, 0.0, 0.0, 0.0, 0.0, 0.0, 0.0, 1.741279690756607E9, 0.0, 2025-03-06 10:48:10.756
40.0, -36920.99147093195, -43293.80909130682, -48764.59971244332, -47758.74886021005, -22582.95089995276, -25562.281973634002, -55677.36842362505, -42919.86440656953, 0.048, 0.91, -0.368, 192.0, 0.0, 0.0, 0.0, 0.0, 0.0, 0.0, 0.0, 0.0, 0.0, 1.741279690756627E9, 0.0, 2025-03-06 10:48:10.756
41.0, -36919.09157265325, -43284.71193131351, -48756.37427048377, -47747.86356066031, -22610.75647005516, -25558.30336312096, -55677.83781025861, -42915.952851289854, 0.048, 0.91, -0.368, 192.0, 0.0, 0.0, 0.0, 0.0, 0.0, 0.0, 0.0, 0.0, 0.0, 1.741279690756647E9, 0.0, 2025-03-06 10:48:10.756
42.0, -36906.68635448055, -43271.25618115142, -48747.74649712402, -47740.06280184541, -22638.293819224098, -25553.67655201871, -55669.3888508545, -42890.985952733274, 0.048, 0.91, -0.368, 192.0, 0.0, 0.0, 0.0, 0.0, 0.0, 0.0, 0.0, 0.0, 0.0, 1.741279690756666E9, 0.0, 2025-03-06 10:48:10.756
43.0, -36899.46674102148, -43267.590495060744, -48746.964186068086, -47747.394174026755, -22628.72727259723, -25552.938944451686, -55665.27612987473, -42895.97039174681, 0.048, 0.91, -0.368, 192.0, 0.0, 0.0, 0.0, 0.0, 0.0, 0.0, 0.0, 0.0, 0.0, 1.741279690756693E9, 0.0, 2025-03-06 10:48:10.756
44.0, -36903.333592812254, -43274.13955618615, -48749.08760179134, -47756.267816575506, -22590.684603534297, -25561.656124789253, -55667.60071129808, -42904.95579301784, 0.048, 0.91, -0.368, 192.0, 0.0, 0.0, 0.0, 0.0, 0.0, 0.0, 0.0, 0.0, 0.0, 1.741279690756719E9, 0.0, 2025-03-06 10:48:10.756
45.0, -36913.39187781714, -43278.498146354934, -48757.648319917724, -47758.68180497668, -22597.680699548808, -25566.97583996962, -55673.61333055655, -42896.953868502846, 0.048, 0.91, -0.368, 192.0, 0.0, 0.0, 0.0, 0.0, 0.0, 0.0, 0.0, 0.0, 0.0, 1.741279690756745E9, 0.0, 2025-03-06 10:48:10.756
46.0, -36906.73105796946, -43271.05501545132, -48758.274168762466, -47756.8713136758, -22632.035330776613, -25571.401485371767, -55665.67846127492, -42883.386359618475, 0.048, 0.91, -0.368, 192.0, 0.0, 0.0, 0.0, 0.0, 0.0, 0.0, 0.0, 0.0, 0.0, 1.74127969081562E9, 0.0, 2025-03-06 10:48:10.815
47.0, -36909.569729515286, -43274.63129456417, -48763.41506998719, -47765.141459124265, -22620.188906215302, -25586.15363671227, -55674.4403451014, -42900.26192668223, 0.048, 0.91, -0.368, 192.0, 0.0, 0.0, 0.0, 0.0, 0.0, 0.0, 0.0, 0.0, 0.0, 1.741279690815651E9, 0.0, 2025-03-06 10:48:10.815
48.0, -36902.52893001186, -43265.288265381845, -48751.41218321469, -47751.88687466227, -22580.201635384758, -25575.804779029462, -55680.96705448235, -42944.004290581266, 0.04, 0.912, -0.376, 192.0, 1.0, 64.0, 28.0, 128.0, 244.0, 64.0, 0.0, 0.0, 0.0, 1.741279690815673E9, 0.0, 2025-03-06 10:48:10.815
49.0, -36906.44048529154, -43269.44568985054, -48751.009851814495, -47753.45149677414, -22580.62631852941, -25572.004982472063, -55677.07785094713, -42911.19192972087, 0.04, 0.912, -0.376, 192.0, 0.0, 0.0, 0.0, 0.0, 0.0, 0.0, 0.0, 0.0, 0.0, 1.741279690815695E9, 0.0, 2025-03-06 10:48:10.815
50.0, -36901.6125084892, -43262.628407791664, -48745.66778488967, -47754.18910434117, -22626.24622896269, -25574.038991217494, -55667.24308338679, -42891.075359711096, 0.04, 0.912, -0.376, 192.0, 0.0, 0.0, 0.0, 0.0, 0.0, 0.0, 0.0, 0.0, 0.0, 1.741279690815734E9, 0.0, 2025-03-06 10:48:10.815
51.0, -36896.561014242296, -43256.07934666626, -48741.97974705455, -47746.54480773745, -22631.834165076514, -25569.81451151544, -55667.064269431154, -42910.6778395984, 0.04, 0.912, -0.376, 192.0, 0.0, 0.0, 0.0, 0.0, 0.0, 0.0, 0.0, 0.0, 0.0, 1.741279690815754E9, 0.0, 2025-03-06 10:48:10.815
52.0, -36898.48326426545, -43257.7110240115, -48748.79702911342, -47753.20562758513, -22586.728344765706, -25573.68136330621, -55672.00400495577, -42905.11225522903, 0.04, 0.912, -0.376, 192.0, 0.0, 0.0, 0.0, 0.0, 0.0, 0.0, 0.0, 0.0, 0.0, 1.741279690815774E9, 0.0, 2025-03-06 10:48:10.815
53.0, -36906.08285738026, -43266.65172179362, -48753.04386055993, -47763.196857356656, -22586.013088943135, -25581.97386049913, -55673.076888689626, -42915.59522337857, 0.04, 0.912, -0.376, 192.0, 0.0, 0.0, 0.0, 0.0, 0.0, 0.0, 0.0, 0.0, 0.0, 1.741279690815794E9, 0.0, 2025-03-06 10:48:10.815
54.0, -36904.317069568286, -43263.07544268077, -48749.5569884249, -47756.98307239808, -22626.983836529715, -25565.29945913547, -55669.96999621034, -42915.68463035639, 0.04, 0.912, -0.376, 192.0, 0.0, 0.0, 0.0, 0.0, 0.0, 0.0, 0.0, 0.0, 0.0, 1.741279690815814E9, 0.0, 2025-03-06 10:48:10.815
55.0, -36908.13921787014, -43266.31644562679, -48756.17310478367, -47759.44176428816, -22618.87015329244, -25567.15465392526, -55677.23431315832, -42903.033542994686, 0.04, 0.912, -0.376, 192.0, 0.0, 0.0, 0.0, 0.0, 0.0, 0.0, 0.0, 0.0, 0.0, 1.741279690815834E9, 0.0, 2025-03-06 10:48:10.815
56.0, -36911.246110349435, -43268.596323561236, -48763.258607776, -47767.667206247716, -22579.240510373176, -25573.927232495218, -55679.245970159296, -42880.234763650275, 0.04, 0.912, -0.376, 192.0, 0.0, 0.0, 0.0, 0.0, 0.0, 0.0, 0.0, 0.0, 0.0, 1.741279690815853E9, 0.0, 2025-03-06 10:48:10.815
57.0, -36914.956499929016, -43266.38350086016, -48764.33149150986, -47767.55544752544, -22555.74882695065, -25577.414104630247, -55683.78337428372, -42907.146263974464, 0.04, 0.912, -0.376, 192.0, 0.0, 0.0, 0.0, 0.0, 0.0, 0.0, 0.0, 0.0, 0.0, 1.741279690815873E9, 0.0, 2025-03-06 10:48:10.815
58.0, -36909.32386032627, -43257.86748622268, -48756.37427048377, -47756.625444486795, -22605.45910661925, -25571.043857460485, -55672.40633635597, -42913.516511144226, 0.044, 0.912, -0.38, 192.0, 1.0, 96.0, 28.0, 128.0, 244.0, 32.0, 0.0, 0.0, 0.0, 1.741279690815892E9, 0.0, 2025-03-06 10:48:10.815
59.0, -36911.1119998827, -43262.51664906939, -48760.866971119285, -47760.58170325538, -22623.51931613914, -25576.028296474018, -55665.20907464136, -42873.86451648051, 0.044, 0.912, -0.38, 192.0, 0.0, 0.0, 0.0, 0.0, 0.0, 0.0, 0.0, 0.0, 0.0, 1.741279690815926E9, 0.0, 2025-03-06 10:48:10.815
60.0, -36902.88655792315, -43253.37478558717, -48748.39469771322, -47751.28337756197, -22595.691394292284, -25568.67457254822, -55658.57060653813, -42870.511754812214, 0.044, 0.912, -0.38, 192.0, 0.0, 0.0, 0.0, 0.0, 0.0, 0.0, 0.0, 0.0, 0.0, 1.741279690815946E9, 0.0, 2025-03-06 10:48:10.815
61.0, -36916.766991229895, -43263.23190489196, -48759.72703215206, -47755.75372645304, -22551.434940270778, -25564.628906801812, -55671.91459797795, -42934.81772361013, 0.044, 0.912, -0.38, 192.0, 0.0, 0.0, 0.0, 0.0, 0.0, 0.0, 0.0, 0.0, 0.0, 1.741279690875543E9, 0.0, 2025-03-06 10:48:10.875
62.0, -36928.59106404675, -43272.463175352, -48767.52779096697, -47762.9733399121, -22570.545681780062, -25561.991400956085, -55684.14100219501, -42946.887665616, 0.044, 0.912, -0.38, 192.0, 0.0, 0.0, 0.0, 0.0, 0.0, 0.0, 0.0, 0.0, 0.0, 1.741279690875575E9, 0.0, 2025-03-06 10:48:10.875
63.0, -36922.86901746619, -43267.56814331629, -48764.93498861015, -47763.44272654566, -22593.76914426913, -25563.44426434568, -55673.412164856454, -42914.25411871125, 0.044, 0.912, -0.38, 192.0, 0.0, 0.0, 0.0, 0.0, 0.0, 0.0, 0.0, 0.0, 0.0, 1.741279690875602E9, 0.0, 2025-03-06 10:48:10.875
64.0, -36917.526950541374, -43263.45542233651, -48765.963168855094, -47766.54961902495, -22571.37269632491, -25569.903918493263, -55676.60846431357, -42906.54276687417, 0.044, 0.912, -0.38, 192.0, 0.0, 0.0, 0.0, 0.0, 0.0, 0.0, 0.0, 0.0, 0.0, 1.741279690875622E9, 0.0, 2025-03-06 10:48:10.875
65.0, -36918.711592997504, -43266.204686904515, -48772.266360791495, -47765.81201145792, -22540.70610293223, -25576.67649706322, -55686.10795570707, -42931.59907240857, 0.044, 0.912, -0.38, 192.0, 0.0, 0.0, 0.0, 0.0, 0.0, 0.0, 0.0, 0.0, 0.0, 1.741279690875667E9, 0.0, 2025-03-06 10:48:10.875
66.0, -36930.40155534763, -43277.26880040989, -48783.59869523033, -47779.53598255348, -22563.527234021098, -25589.886378036306, -55691.114746465064, -42932.11316253104, 0.044, 0.912, -0.38, 192.0, 0.0, 0.0, 0.0, 0.0, 0.0, 0.0, 0.0, 0.0, 0.0, 1.741279690875687E9, 0.0, 2025-03-06 10:48:10.875
67.0, -36921.2149883765, -43268.32810262777, -48778.636607961256, -47775.95970344063, -22600.966405983738, -25585.68425007871, -55693.707548821876, -42929.4309531964, 0.044, 0.912, -0.38, 192.0, 0.0, 0.0, 0.0, 0.0, 0.0, 0.0, 0.0, 0.0, 0.0, 1.741279690875707E9, 0.0, 2025-03-06 10:48:10.875
68.0, -36910.15087487112, -43258.38157634516, -48772.109898580304, -47764.76147946853, -22600.34055713899, -25583.784351800008, -55686.4432318739, -42927.575758406616, 0.04, 0.906, -0.376, 192.0, 1.0, 64.0, 28.0, 80.0, 244.0, 64.0, 0.0, 0.0, 0.0, 1.741279690875726E9, 0.0, 2025-03-06 10:48:10.875
69.0, -36912.52015978339, -43264.170678159084, -48772.86985789178, -47768.33775858137, -22570.791550969072, -25587.517093124046, -55684.319816150644, -42924.424162438416, 0.04, 0.906, -0.376, 192.0, 0.0, 0.0, 0.0, 0.0, 0.0, 0.0, 0.0, 0.0, 0.0, 1.741279690875748E9, 0.0, 2025-03-06 10:48:10.875
70.0, -36922.712555255006, -43270.965608473496, -48776.26732304899, -47774.46213656213, -22588.42707734431, -25599.229407218627, -55689.080737719625, -42925.65350838345, 0.04, 0.906, -0.376, 192.0, 0.0, 0.0, 0.0, 0.0, 0.0, 0.0, 0.0, 0.0, 0.0, 1.741279690875767E9, 0.0, 2025-03-06 10:48:10.875
71.0, -36917.75046798593, -43262.18137290256, -48772.266360791495, -47767.48839229207, -22628.302589452578, -25597.061288006462, -55680.92235099344, -42913.29299369967, 0.04, 0.906, -0.376, 192.0, 0.0, 0.0, 0.0, 0.0, 0.0, 0.0, 0.0, 0.0, 0.0, 1.741279690875787E9, 0.0, 2025-03-06 10:48:10.875
72.0, -36917.63870926365, -43258.80625948981, -48772.3110642804, -47768.784793470484, -22619.630112603918, -25596.793067073, -55681.14586843799, -42910.789598320676, 0.04, 0.906, -0.376, 192.0, 0.0, 0.0, 0.0, 0.0, 0.0, 0.0, 0.0, 0.0, 0.0, 1.741279690875807E9, 0.0, 2025-03-06 10:48:10.875
73.0, -36919.963290687, -43262.58370430276, -48769.22652354557, -47778.03841567498, -22575.373658582408, -25607.052517777982, -55685.77267954024, -42906.878043041, 0.04, 0.906, -0.376, 192.0, 0.0, 0.0, 0.0, 0.0, 0.0, 0.0, 0.0, 0.0, 0.0, 1.741279690875826E9, 0.0, 2025-03-06 10:48:10.875
74.0, -36928.32284311329, -43269.75861427291, -48775.23914280405, -47784.721587267115, -22598.798286771573, -25604.97380554364, -55692.25468543228, -42926.994613050774, 0.04, 0.906, -0.376, 192.0, 0.0, 0.0, 0.0, 0.0, 0.0, 0.0, 0.0, 0.0, 0.0, 1.741279690875854E9, 0.0, 2025-03-06 10:48:10.875
75.0, -36923.51721805539, -43260.77321300188, -48771.260532291, -47772.85281096135, -22641.49011868121, -25596.34603218389, -55686.04090047371, -42922.09958101506, 0.04, 0.906, -0.376, 192.0, 0.0, 0.0, 0.0, 0.0, 0.0, 0.0, 0.0, 0.0, 0.0, 1.74127969087588E9, 0.0, 2025-03-06 10:48:10.875
76.0, -36919.695069753536, -43254.78294548785, -48770.589979957345, -47765.78965971347, -22646.38515071692, -25593.283843193512, -55678.35190038108, -42915.48346465629, 0.04, 0.906, -0.376, 192.0, 0.0, 0.0, 0.0, 0.0, 0.0, 0.0, 0.0, 0.0, 0.0, 1.741279690935816E9, 0.0, 2025-03-06 10:48:10.935
77.0, -36946.0701282108, -43279.28045741087, -48801.72595998359, -47789.39310185827, -22582.66032727484, -25616.5967126604, -55702.715301837365, -42933.34250847608, 0.042, 0.908, -0.38, 192.0, 1.0, 80.0, 28.0, 96.0, 244.0, 32.0, 0.0, 0.0, 0.0, 1.741279690935848E9, 0.0, 2025-03-06 10:48:10.935
78.0, -36947.92532300059, -43280.241582422444, -48798.90964018222, -47789.01312220253, -22601.480496106207, -25610.07000327945, -55692.92523776594, -42925.809970594644, 0.042, 0.908, -0.38, 192.0, 0.0, 0.0, 0.0, 0.0, 0.0, 0.0, 0.0, 0.0, 0.0, 1.74127969093587E9, 0.0, 2025-03-06 10:48:10.935
79.0, -36943.56673283181, -43281.04624522284, -48797.30031458144, -47789.84013674738, -22656.24227002171, -25604.616177632353, -55693.752252310784, -42932.47079044233, 0.042, 0.908, -0.38, 192.0, 0.0, 0.0, 0.0, 0.0, 0.0, 0.0, 0.0, 0.0, 0.0, 1.74127969093589E9, 0.0, 2025-03-06 10:48:10.935
80.0, -36944.32669214329, -43288.55643135982, -48799.53548902697, -47803.02766597601, -22668.82630215005, -25610.047651534995, -55704.50344139379, -42929.67682238541, 0.042, 0.908, -0.38, 192.0, 0.0, 0.0, 0.0, 0.0, 0.0, 0.0, 0.0, 0.0, 0.0, 1.741279690935931E9, 0.0, 2025-03-06 10:48:10.935
81.0, -36950.60753233523, -43296.06661749681, -48809.21379437611, -47815.49993938207, -22609.281254921112, -25623.25753250808, -55716.39456944401, -42948.251122027774, 0.042, 0.908, -0.38, 192.0, 0.0, 0.0, 0.0, 0.0, 0.0, 0.0, 0.0, 0.0, 0.0, 1.74127969093595E9, 0.0, 2025-03-06 10:48:10.935
82.0, -36950.56282884632, -43292.915021528606, -48807.2691926085, -47809.75554105706, -22590.32697562301, -25618.004872561083, -55709.51023215178, -42932.91782533143, 0.042, 0.908, -0.38, 192.0, 0.0, 0.0, 0.0, 0.0, 0.0, 0.0, 0.0, 0.0, 0.0, 1.741279690935969E9, 0.0, 2025-03-06 10:48:10.935
83.0, -36950.7192910575, -43293.18324246207, -48802.955305928626, -47808.10151196737, -22625.933304540315, -25619.815363861962, -55705.82219431665, -42923.5300926602, 0.042, 0.908, -0.38, 192.0, 0.0, 0.0, 0.0, 0.0, 0.0, 0.0, 0.0, 0.0, 0.0, 1.741279690935988E9, 0.0, 2025-03-06 10:48:10.935
84.0, -36944.25963690992, -43288.578783104276, -48795.93685816966, -47804.81580553244, -22647.502737939685, -25608.773602101042, -55703.94464778241, -42936.82938061111, 0.042, 0.908, -0.38, 192.0, 0.0, 0.0, 0.0, 0.0, 0.0, 0.0, 0.0, 0.0, 0.0, 1.741279690936007E9, 0.0, 2025-03-06 10:48:10.936
85.0, -36941.219799664, -43288.24350693745, -48796.80857620342, -47796.79152927298, -22614.15393521237, -25608.080698022928, -55705.17399372745, -42949.41341273945, 0.042, 0.908, -0.38, 192.0, 0.0, 0.0, 0.0, 0.0, 0.0, 0.0, 0.0, 0.0, 0.0, 1.741279690936026E9, 0.0, 2025-03-06 10:48:10.936
86.0, -36948.93115150108, -43292.6691523396, -48801.055407649925, -47791.36005537034, -22574.345478337465, -25607.25368347808, -55710.650171119, -42979.431805542925, 0.042, 0.908, -0.38, 192.0, 0.0, 0.0, 0.0, 0.0, 0.0, 0.0, 0.0, 0.0, 0.0, 1.741279690936046E9, 0.0, 2025-03-06 10:48:10.936
87.0, -36960.84463129576, -43305.364943190216, -48807.4703583086, -47797.46208160664, -22591.489266334687, -25606.44902067769, -55718.16035725598, -42982.426939299934, 0.036000000000000004, 0.914, -0.378, 192.0, 1.0, 32.0, 28.0, 144.0, 244.0, 48.0, 0.0, 0.0, 0.0, 1.741279690936065E9, 0.0, 2025-03-06 10:48:10.936
88.0, -36960.531706873386, -43307.19778623555, -48812.320686855404, -47804.12290145432, -22602.32986239551, -25617.580189416432, -55722.94363056942, -42971.83221242812, 0.036000000000000004, 0.914, -0.378, 192.0, 0.0, 0.0, 0.0, 0.0, 0.0, 0.0, 0.0, 0.0, 0.0, 1.741279690936085E9, 0.0, 2025-03-06 10:48:10.936
89.0, -36954.49673587045, -43307.08602751327, -48813.70649501163, -47811.498977124575, -22577.072391161015, -25631.058291322985, -55719.72497936786, -42942.21615102484, 0.036000000000000004, 0.914, -0.378, 192.0, 0.0, 0.0, 0.0, 0.0, 0.0, 0.0, 0.0, 0.0, 0.0, 1.741279690936111E9, 0.0, 2025-03-06 10:48:10.936
90.0, -36957.53657311638, -43310.19291999256, -48815.2711171235, -47814.38235215931, -22534.78289065157, -25634.41105299128, -55720.350828212606, -42961.97509312333, 0.036000000000000004, 0.914, -0.378, 192.0, 0.0, 0.0, 0.0, 0.0, 0.0, 0.0, 0.0, 0.0, 0.0, 1.741279690936138E9, 0.0, 2025-03-06 10:48:10.936
91.0, -36959.056491739335, -43309.544719403355, -48806.06219840792, -47801.016008975035, -22551.054960615034, -25614.518000426055, -55712.371255442056, -42968.97118913784, 0.036000000000000004, 0.914, -0.378, 192.0, 0.0, 0.0, 0.0, 0.0, 0.0, 0.0, 0.0, 0.0, 0.0, 1.741279690996076E9, 0.0, 2025-03-06 10:48:10.996
92.0, -36956.84366903826, -43311.60107989325, -48809.92905019868, -47806.22396543312, -22572.311469592034, -25619.994177817607, -55714.4499676764, -42963.47266000183, 0.036000000000000004, 0.914, -0.378, 192.0, 0.0, 0.0, 0.0, 0.0, 0.0, 0.0, 0.0, 0.0, 0.0, 1.741279690996112E9, 0.0, 2025-03-06 10:48:10.996
93.0, -36961.291666184865, -43317.39018170717, -48821.44019859317, -47813.309468425454, -22545.623486712397, -25627.705529654686, -55724.41884570347, -42973.776814195735, 0.036000000000000004, 0.914, -0.378, 192.0, 0.0, 0.0, 0.0, 0.0, 0.0, 0.0, 0.0, 0.0, 0.0, 1.741279690996133E9, 0.0, 2025-03-06 10:48:10.996
94.0, -36965.80671856484, -43315.28911772837, -48829.88915799727, -47814.11413122584, -22498.014271022592, -25638.210849548683, -55724.21768000337, -42963.18208732392, 0.036000000000000004, 0.914, -0.378, 192.0, 0.0, 0.0, 0.0, 0.0, 0.0, 0.0, 0.0, 0.0, 0.0, 1.741279690996152E9, 0.0, 2025-03-06 10:48:10.996
95.0, -36967.21487846552, -43315.93731831757, -48824.25651839453, -47816.259898693555, -22543.768291922606, -25638.88140188234, -55725.223508503856, -42967.004235625776, 0.036000000000000004, 0.914, -0.378, 192.0, 0.0, 0.0, 0.0, 0.0, 0.0, 0.0, 0.0, 0.0, 0.0, 1.741279690996171E9, 0.0, 2025-03-06 10:48:10.996
96.0, -36959.324712672795, -43314.305640972336, -48815.94166945716, -47815.902270782266, -22598.66417630484, -25630.83477387843, -55718.96502005637, -42960.902209389475, 0.036000000000000004, 0.914, -0.378, 192.0, 0.0, 0.0, 0.0, 0.0, 0.0, 0.0, 0.0, 0.0, 0.0, 1.741279690996216E9, 0.0, 2025-03-06 10:48:10.996
97.0, -36968.22070696601, -43325.03447831088, -48828.21277716313, -47827.1899017322, -22584.783742998094, -25646.97273337516, -55726.51990968227, -42954.35314826407, 0.036000000000000004, 0.908, -0.382, 192.0, 1.0, 32.0, 28.0, 96.0, 244.0, 16.0, 0.0, 0.0, 0.0, 1.741279690996235E9, 0.0, 2025-03-06 10:48:10.996
98.0, -36965.60555286474, -43323.22398701, -48825.84349225086, -47830.654422122774, -22543.880050644882, -25651.174861332758, -55730.78909287323, -42952.944988363386, 0.036000000000000004, 0.908, -0.382, 192.0, 0.0, 0.0, 0.0, 0.0, 0.0, 0.0, 0.0, 0.0, 0.0, 1.741279690996256E9, 0.0, 2025-03-06 10:48:10.996
99.0, -36972.51224190143, -43330.95769059154, -48830.82793126439, -47833.76131460206, -22569.383391068386, -25647.531526986546, -55739.08159006615, -42971.36282579456, 0.036000000000000004, 0.908, -0.382, 192.0, 0.0, 0.0, 0.0, 0.0, 0.0, 0.0, 0.0, 0.0, 0.0, 1.741279690996275E9, 0.0, 2025-03-06 10:48:10.996
100.0, -36976.84848032576, -43336.81384763883, -48833.66660281022, -47838.85751233787, -22614.310397423556, -25650.928992143752, -55734.83475861964, -42970.15583159398, 0.036000000000000004, 0.908, -0.382, 192.0, 0.0, 0.0, 0.0, 0.0, 0.0, 0.0, 0.0, 0.0, 0.0, 1.741279690996294E9, 0.0, 2025-03-06 10:48:10.996
101.0, -36973.316904701824, -43332.745830147964, -48833.10780919884, -47839.863340838354, -22630.13543249791, -25658.28271606955, -55737.62872667656, -42969.373520538036, 0.036000000000000004, 0.908, -0.382, 192.0, 0.0, 0.0, 0.0, 0.0, 0.0, 0.0, 0.0, 0.0, 0.0, 1.741279690996313E9, 0.0, 2025-03-06 10:48:10.996
102.0, -36983.7775211069, -43341.686527930084, -48846.67531808321, -47848.401707220284, -22594.61851055843, -25664.809425450498, -55745.51889246928, -42984.28213408973, 0.036000000000000004, 0.908, -0.382, 192.0, 0.0, 0.0, 0.0, 0.0, 0.0, 0.0, 0.0, 0.0, 0.0, 1.741279690996333E9, 0.0, 2025-03-06 10:48:10.996
103.0, -37004.1846637946, -43361.7360427065, -48859.013481022535, -47859.1975997922, -22588.270615133122, -25670.911451686796, -55755.84539840763, -42996.12855865104, 0.036000000000000004, 0.908, -0.382, 192.0, 0.0, 0.0, 0.0, 0.0, 0.0, 0.0, 0.0, 0.0, 0.0, 1.741279690996352E9, 0.0, 2025-03-06 10:48:10.996
104.0, -36998.99905908097, -43364.64176948569, -48855.303091442955, -47859.6446346813, -22638.42792969083, -25669.57034701948, -55763.15441884452, -43016.356887383095, 0.036000000000000004, 0.908, -0.382, 192.0, 0.0, 0.0, 0.0, 0.0, 0.0, 0.0, 0.0, 0.0, 0.0, 1.741279690996377E9, 0.0, 2025-03-06 10:48:10.996
105.0, -36999.7813701369, -43363.099499118274, -48855.90658854325, -47856.448335224195, -22649.559098429574, -25666.59756500692, -55766.90951191301, -43005.158663410984, 0.036000000000000004, 0.908, -0.382, 192.0, 0.0, 0.0, 0.0, 0.0, 0.0, 0.0, 0.0, 0.0, 0.0, 1.741279690996403E9, 0.0, 2025-03-06 10:48:10.996
106.0, -37011.560739464854, -43373.69422599009, -48865.42843168121, -47864.22674229464, -22609.61653108794, -25682.22143438118, -55775.02319515029, -43012.490035592324, 0.036000000000000004, 0.908, -0.382, 192.0, 0.0, 0.0, 0.0, 0.0, 0.0, 0.0, 0.0, 0.0, 0.0, 1.741279691056375E9, 0.0, 2025-03-06 10:48:11.056
107.0, -37025.77644893843, -43388.37932209722, -48875.55377191946, -47877.19075407872, -22577.295908605567, -25689.4633995847, -55786.19906737794, -43030.17026545647, 0.04, 0.912, -0.382, 192.0, 1.0, 64.0, 28.0, 128.0, 244.0, 16.0, 0.0, 0.0, 0.0, 1.74127969105641E9, 0.0, 2025-03-06 10:48:11.056
108.0, -37023.63068147071, -43387.01586568545, -48874.16796376323, -47878.397748279305, -22621.57471437153, -25691.855036241417, -55785.14853538854, -43034.730021325355, 0.04, 0.912, -0.382, 192.0, 0.0, 0.0, 0.0, 0.0, 0.0, 0.0, 0.0, 0.0, 0.0, 1.741279691056432E9, 0.0, 2025-03-06 10:48:11.056
109.0, -37003.46940797203, -43370.1850021106, -48856.82301006592, -47863.71265217217, -22655.325848499044, -25670.330306330958, -55765.94838690143, -43010.03134370224, 0.04, 0.912, -0.382, 192.0, 0.0, 0.0, 0.0, 0.0, 0.0, 0.0, 0.0, 0.0, 0.0, 1.741279691056451E9, 0.0, 2025-03-06 10:48:11.056
110.0, -37009.124399319226, -43371.36964456674, -48864.35554794736, -47871.200486564696, -22614.265693934645, -25683.115504159392, -55773.01153814931, -43008.936108223934, 0.04, 0.912, -0.382, 192.0, 0.0, 0.0, 0.0, 0.0, 0.0, 0.0, 0.0, 0.0, 0.0, 1.741279691056471E9, 0.0, 2025-03-06 10:48:11.056
111.0, -37022.2895768034, -43379.50567954846, -48874.190315507694, -47875.13439358883, -22578.257033617145, -25685.32832686047, -55782.958064431914, -43031.9584050129, 0.04, 0.912, -0.382, 192.0, 0.0, 0.0, 0.0, 0.0, 0.0, 0.0, 0.0, 0.0, 0.0, 1.741279691056515E9, 0.0, 2025-03-06 10:48:11.056
112.0, -37026.312890805355, -43379.99741792648, -48874.07855678542, -47872.72040518766, -22619.89833353738, -25686.870597227884, -55779.962930674905, -43015.641631560524, 0.04, 0.912, -0.382, 192.0, 0.0, 0.0, 0.0, 0.0, 0.0, 0.0, 0.0, 0.0, 0.0, 1.741279691056536E9, 0.0, 2025-03-06 10:48:11.056
113.0, -37034.91831242065, -43381.96437143855, -48883.75686213456, -47880.61057098038, -22667.708714927285, -25696.101867687925, -55777.12425912908, -43002.722323265356, 0.04, 0.912, -0.382, 192.0, 0.0, 0.0, 0.0, 0.0, 0.0, 0.0, 0.0, 0.0, 0.0, 1.741279691056555E9, 0.0, 2025-03-06 10:48:11.056
114.0, -37027.67634721713, -43383.10431040577, -48886.46142321365, -47883.40453903729, -22638.249115735187, -25699.633443311865, -55781.25933185331, -43015.28400364924, 0.04, 0.912, -0.382, 192.0, 0.0, 0.0, 0.0, 0.0, 0.0, 0.0, 0.0, 0.0, 0.0, 1.741279691056575E9, 0.0, 2025-03-06 10:48:11.056
115.0, -37033.644262986694, -43396.20243265658, -48895.4915279736, -47894.96039092069, -22595.333766380998, -25710.809315539518, -55800.07950068468, -43046.57644588667, 0.04, 0.912, -0.382, 192.0, 0.0, 0.0, 0.0, 0.0, 0.0, 0.0, 0.0, 0.0, 0.0, 1.741279691056594E9, 0.0, 2025-03-06 10:48:11.056
116.0, -37051.30214110639, -43412.094522964304, -48907.78498742402, -47910.94188820623, -22613.2375136897, -25719.414737154813, -55810.24954441185, -43062.93792282795, 0.04, 0.912, -0.382, 192.0, 0.0, 0.0, 0.0, 0.0, 0.0, 0.0, 0.0, 0.0, 0.0, 1.741279691056614E9, 0.0, 2025-03-06 10:48:11.056
117.0, -37046.295350348395, -43405.56781358335, -48903.404045510775, -47905.800986981514, -22658.164520044866, -25716.6207690979, -55801.86764024111, -43042.93311154046, 0.044, 0.904, -0.384, 192.0, 1.0, 96.0, 28.0, 64.0, 244.0, 0.0, 0.0, 0.0, 0.0, 1.741279691056633E9, 0.0, 2025-03-06 10:48:11.056
118.0, -37041.132097379224, -43401.20922341457, -48900.118339075845, -47899.25192585611, -22654.14120604291, -25712.75391730713, -55806.69561704346, -43046.64350112004, 0.044, 0.904, -0.384, 192.0, 0.0, 0.0, 0.0, 0.0, 0.0, 0.0, 0.0, 0.0, 0.0, 1.741279691056654E9, 0.0, 2025-03-06 10:48:11.056
119.0, -37048.329359093834, -43410.842825274805, -48901.77236816554, -47891.80879495249, -22609.281254921112, -25707.344795148947, -55813.69171305797, -43085.28966728326, 0.044, 0.904, -0.384, 192.0, 0.0, 0.0, 0.0, 0.0, 0.0, 0.0, 0.0, 0.0, 0.0, 1.741279691056681E9, 0.0, 2025-03-06 10:48:11.056
120.0, -37056.443042331106, -43414.95554625458, -48905.5945164674, -47898.33550433344, -22635.388092444908, -25713.782097552074, -55815.59161133666, -43073.465594466405, 0.044, 0.904, -0.384, 192.0, 0.0, 0.0, 0.0, 0.0, 0.0, 0.0, 0.0, 0.0, 0.0, 1.741279691056707E9, 0.0, 2025-03-06 10:48:11.056
121.0, -37057.828850487334, -43414.061476476374, -48908.20967056867, -47903.74462649162, -22676.87293015396, -25725.203838968737, -55819.43611138298, -43069.889315353554, 0.044, 0.904, -0.384, 192.0, 0.0, 0.0, 0.0, 0.0, 0.0, 0.0, 0.0, 0.0, 0.0, 1.741279691116685E9, 0.0, 2025-03-06 10:48:11.116
122.0, -37066.27780989144, -43418.71063932308, -48919.564356751966, -47911.47833007316, -22670.592089962018, -25733.742205350663, -55833.38359992309, -43088.6200772071, 0.044, 0.904, -0.384, 192.0, 0.0, 0.0, 0.0, 0.0, 0.0, 0.0, 0.0, 0.0, 0.0, 1.74127969111672E9, 0.0, 2025-03-06 10:48:11.116
123.0, -37068.93766748162, -43421.057572490885, -48919.2961358185, -47910.49485331713, -22633.979932544225, -25732.579914638987, -55830.81314931073, -43086.5190132283, 0.044, 0.904, -0.384, 192.0, 0.0, 0.0, 0.0, 0.0, 0.0, 0.0, 0.0, 0.0, 0.0, 1.74127969111674E9, 0.0, 2025-03-06 10:48:11.116
124.0, -37090.060065991885, -43441.86704657877, -48934.60708077039, -47927.07984770297, -22632.48236566572, -25752.80824337104, -55838.122169747614, -43083.99326610485, 0.044, 0.904, -0.384, 192.0, 0.0, 0.0, 0.0, 0.0, 0.0, 0.0, 0.0, 0.0, 0.0, 1.74127969111676E9, 0.0, 2025-03-06 10:48:11.116
125.0, -37094.97744977206, -43447.83496234834, -48943.614833785876, -47930.52201634908, -22670.167406817367, -25753.00940907114, -55840.17853023751, -43075.633713678566, 0.044, 0.904, -0.384, 192.0, 0.0, 0.0, 0.0, 0.0, 0.0, 0.0, 0.0, 0.0, 0.0, 1.74127969111678E9, 0.0, 2025-03-06 10:48:11.116
126.0, -37093.74810382701, -43451.70181413911, -48948.17458965476, -47937.42870538577, -22671.26264229568, -25755.401045727856, -55840.96084129344, -43056.74648961383, 0.044, 0.904, -0.384, 192.0, 0.0, 0.0, 0.0, 0.0, 0.0, 0.0, 0.0, 0.0, 0.0, 1.741279691116824E9, 0.0, 2025-03-06 10:48:11.116
127.0, -37097.57025212887, -43459.860200865296, -48955.9529967252, -47949.699813091735, -22635.388092444908, -25775.227043059713, -55857.05409730126, -43094.990324376864, 0.042, 0.902, -0.384, 192.0, 1.0, 80.0, 28.0, 48.0, 244.0, 0.0, 0.0, 0.0, 0.0, 1.741279691116843E9, 0.0, 2025-03-06 10:48:11.116
128.0, -37096.05033350591, -43459.83784912084, -48951.504999578596, -47937.87574027488, -22649.91672634086, -25760.921926608316, -55852.27082398783, -43120.225443866904, 0.042, 0.902, -0.384, 192.0, 0.0, 0.0, 0.0, 0.0, 0.0, 0.0, 0.0, 0.0, 0.0, 1.741279691116864E9, 0.0, 2025-03-06 10:48:11.116
129.0, -37102.800560331416, -43468.93500911415, -48957.29410139252, -47948.2693014466, -22686.975918647757, -25759.80433938555, -55854.12601877761, -43112.67055424101, 0.042, 0.902, -0.384, 192.0, 0.0, 0.0, 0.0, 0.0, 0.0, 0.0, 0.0, 0.0, 0.0, 1.741279691116883E9, 0.0, 2025-03-06 10:48:11.116
130.0, -37104.879272565755, -43472.48893648254, -48957.6070258149, -47949.565702625005, -22707.07013691308, -25755.71397015023, -55859.08810604669, -43103.931022158984, 0.042, 0.902, -0.384, 192.0, 0.0, 0.0, 0.0, 0.0, 0.0, 0.0, 0.0, 0.0, 0.0, 1.741279691116902E9, 0.0, 2025-03-06 10:48:11.116
131.0, -37111.3612784578, -43480.37910227527, -48965.51954335208, -47957.92525505129, -22661.226709035243, -25770.130845323903, -55864.54193169379, -43095.75028368834, 0.042, 0.902, -0.384, 192.0, 0.0, 0.0, 0.0, 0.0, 0.0, 0.0, 0.0, 0.0, 0.0, 1.741279691116922E9, 0.0, 2025-03-06 10:48:11.116
132.0, -37133.422450235186, -43495.22066059359, -48981.72455808218, -47975.091394792966, -22635.29868546709, -25792.974328157226, -55878.71293767845, -43124.13699914658, 0.042, 0.902, -0.384, 192.0, 0.0, 0.0, 0.0, 0.0, 0.0, 0.0, 0.0, 0.0, 0.0, 1.741279691116941E9, 0.0, 2025-03-06 10:48:11.116
133.0, -37141.02204334999, -43497.388779805755, -48989.59237213044, -47977.28186574959, -22674.81656966407, -25797.355270070468, -55888.34653953869, -43131.40131609456, 0.042, 0.902, -0.384, 192.0, 0.0, 0.0, 0.0, 0.0, 0.0, 0.0, 0.0, 0.0, 0.0, 1.741279691116961E9, 0.0, 2025-03-06 10:48:11.116
134.0, -37148.0181393645, -43506.86591945481, -48999.65065713533, -47984.88145886439, -22695.044898396125, -25810.811020232562, -55897.0413681318, -43133.30121437326, 0.042, 0.902, -0.384, 192.0, 0.0, 0.0, 0.0, 0.0, 0.0, 0.0, 0.0, 0.0, 0.0, 1.741279691116987E9, 0.0, 2025-03-06 10:48:11.116
135.0, -37134.89766536924, -43497.92522167268, -48987.17838372927, -47982.66863616331, -22682.460866267786, -25803.837275962505, -55888.748870938885, -43129.948452704964, 0.042, 0.902, -0.384, 192.0, 0.0, 0.0, 0.0, 0.0, 0.0, 0.0, 0.0, 0.0, 0.0, 1.741279691117013E9, 0.0, 2025-03-06 10:48:11.117
136.0, -37143.77130791799, -43506.24007061006, -48993.101596009925, -47984.233258275184, -22655.1470345434, -25802.92085443984, -55898.22601058793, -43145.66172905704, 0.042, 0.902, -0.384, 192.0, 0.0, 0.0, 0.0, 0.0, 0.0, 0.0, 0.0, 0.0, 0.0, 1.741279691175933E9, 0.0, 2025-03-06 10:48:11.175
137.0, -37150.85681091032, -43509.39166657825, -49000.991761802645, -47987.76483389912, -22695.1566571184, -25808.35232834248, -55902.696359479, -43153.17191519403, 0.04, 0.908, -0.386, 192.0, 1.0, 64.0, 28.0, 96.0, 243.0, 240.0, 0.0, 0.0, 0.0, 1.741279691175991E9, 0.0, 2025-03-06 10:48:11.175
138.0, -37154.92482840119, -43511.49273055705, -49004.1657095153, -47993.486880479686, -22734.383968637463, -25809.693433009797, -55899.947094911, -43127.06507767023, 0.04, 0.908, -0.386, 192.0, 0.0, 0.0, 0.0, 0.0, 0.0, 0.0, 0.0, 0.0, 0.0, 1.741279691176014E9, 0.0, 2025-03-06 10:48:11.176
139.0, -37159.484584270074, -43519.338192860865, -49010.89358459635, -48002.427578261806, -22715.317930617086, -25818.432965091823, -55906.54085952531, -43129.747287004866, 0.04, 0.908, -0.386, 192.0, 0.0, 0.0, 0.0, 0.0, 0.0, 0.0, 0.0, 0.0, 0.0, 1.741279691176034E9, 0.0, 2025-03-06 10:48:11.176
140.0, -37158.59051449186, -43523.540320818465, -49011.899413096835, -48004.34982828496, -22670.88266263994, -25821.651616293388, -55916.37562708565, -43166.40414791157, 0.04, 0.908, -0.386, 192.0, 0.0, 0.0, 0.0, 0.0, 0.0, 0.0, 0.0, 0.0, 0.0, 1.741279691176053E9, 0.0, 2025-03-06 10:48:11.176
141.0, -37158.41170053622, -43524.07676268539, -49012.83818636396, -48002.58404047299, -22715.943779461835, -25815.68370052382, -55916.576792785745, -43174.9425142935, 0.04, 0.908, -0.386, 192.0, 0.0, 0.0, 0.0, 0.0, 0.0, 0.0, 0.0, 0.0, 0.0, 1.74127969117608E9, 0.0, 2025-03-06 10:48:11.176
142.0, -37160.55746800393, -43530.37995462179, -49016.05683756553, -48008.50725275365, -22767.576309153596, -25822.277465138133, -55920.98008644344, -43156.1894006955, 0.04, 0.908, -0.386, 192.0, 0.0, 0.0, 0.0, 0.0, 0.0, 0.0, 0.0, 0.0, 0.0, 1.741279691176099E9, 0.0, 2025-03-06 10:48:11.176
143.0, -37170.01225590852, -43545.53443736249, -49028.52911097158, -48027.796808218576, -22757.696838104348, -25838.705997312787, -55936.26867965087, -43189.515851678356, 0.04, 0.908, -0.386, 192.0, 0.0, 0.0, 0.0, 0.0, 0.0, 0.0, 0.0, 0.0, 0.0, 1.741279691176118E9, 0.0, 2025-03-06 10:48:11.176
144.0, -37180.69638975816, -43550.29535893147, -49032.530073229085, -48023.21470060524, -22711.74165150424, -25842.68460782583, -55947.22103443397, -43204.87150011915, 0.04, 0.908, -0.386, 192.0, 0.0, 0.0, 0.0, 0.0, 0.0, 0.0, 0.0, 0.0, 0.0, 1.741279691176138E9, 0.0, 2025-03-06 10:48:11.176
145.0, -37189.30181137345, -43553.26814094403, -49040.219073321714, -48026.85803495146, -22739.860146029016, -25851.82647130805, -55946.88575826714, -43193.002723813384, 0.04, 0.908, -0.386, 192.0, 0.0, 0.0, 0.0, 0.0, 0.0, 0.0, 0.0, 0.0, 0.0, 1.741279691176157E9, 0.0, 2025-03-06 10:48:11.176
146.0, -37188.921831717715, -43549.46834438662, -49046.74578270266, -48034.68114551081, -22806.580103228105, -25858.375532433456, -55944.672935566065, -43194.38853196961, 0.04, 0.908, -0.386, 192.0, 0.0, 0.0, 0.0, 0.0, 0.0, 0.0, 0.0, 0.0, 0.0, 1.741279691176176E9, 0.0, 2025-03-06 10:48:11.176
147.0, -37191.76050326353, -43548.61897809732, -49051.46200078273, -48034.27881411062, -22825.266161592743, -25853.704017842298, -55952.54074961433, -43202.81513962927, 0.038, 0.908, -0.382, 192.0, 1.0, 48.0, 28.0, 96.0, 244.0, 16.0, 0.0, 0.0, 0.0, 1.741279691176196E9, 0.0, 2025-03-06 10:48:11.176
148.0, -37195.761465521035, -43551.83762929888, -49051.618462993916, -48032.02128792063, -22778.238091258776, -25852.899355041907, -55952.38428740315, -43190.96871506795, 0.038, 0.908, -0.382, 192.0, 0.0, 0.0, 0.0, 0.0, 0.0, 0.0, 0.0, 0.0, 0.0, 1.741279691176217E9, 0.0, 2025-03-06 10:48:11.176
149.0, -37208.4349046272, -43561.784155581496, -49058.86042819744, -48039.35266010197, -22795.47128623382, -25857.704980099796, -55958.01692700588, -43197.94245933801, 0.038, 0.908, -0.382, 192.0, 0.0, 0.0, 0.0, 0.0, 0.0, 0.0, 0.0, 0.0, 0.0, 1.741279691176236E9, 0.0, 2025-03-06 10:48:11.176
150.0, -37219.09668673237, -43579.330274978915, -49073.70198651576, -48059.737451045214, -22829.870620950536, -25881.576643178065, -55972.16558124609, -43204.98325884143, 0.038, 0.908, -0.382, 192.0, 0.0, 0.0, 0.0, 0.0, 0.0, 0.0, 0.0, 0.0, 0.0, 1.741279691176268E9, 0.0, 2025-03-06 10:48:11.176
151.0, -37218.60494835436, -43584.649990159276, -49076.87593422842, -48064.23015168073, -22836.12910939802, -25883.677707156865, -55979.340491216244, -43209.990049599415, 0.038, 0.908, -0.382, 192.0, 0.0, 0.0, 0.0, 0.0, 0.0, 0.0, 0.0, 0.0, 0.0, 1.74127969123585E9, 0.0, 2025-03-06 10:48:11.235
152.0, -37226.40570716926, -43592.897783863285, -49084.81080351005, -48075.070747741556, -22780.897948848957, -25895.07709682907, -55988.68352039856, -43236.208645845494, 0.038, 0.908, -0.382, 192.0, 0.0, 0.0, 0.0, 0.0, 0.0, 0.0, 0.0, 0.0, 0.0, 1.741279691235905E9, 0.0, 2025-03-06 10:48:11.235
153.0, -37228.86439905935, -43593.74715015259, -49082.6873877868, -48070.935675017325, -22780.070934304113, -25886.717544402785, -55995.567857690796, -43256.14640189963, 0.038, 0.908, -0.382, 192.0, 0.0, 0.0, 0.0, 0.0, 0.0, 0.0, 0.0, 0.0, 0.0, 1.741279691235926E9, 0.0, 2025-03-06 10:48:11.235
154.0, -37239.16855325324, -43599.737417666605, -49093.505632103166, -48077.73060533174, -22831.725815740327, -25892.35018400552, -55998.5182879589, -43238.04148889083, 0.038, 0.908, -0.382, 192.0, 0.0, 0.0, 0.0, 0.0, 0.0, 0.0, 0.0, 0.0, 0.0, 1.741279691235945E9, 0.0, 2025-03-06 10:48:11.235
155.0, -37248.86921034684, -43605.66062994726, -49108.14602472139, -48090.024064782156, -22848.28845838171, -25898.385155008455, -55997.803032136326, -43246.24457910593, 0.038, 0.908, -0.382, 192.0, 0.0, 0.0, 0.0, 0.0, 0.0, 0.0, 0.0, 0.0, 0.0, 1.741279691235964E9, 0.0, 2025-03-06 10:48:11.235
156.0, -37251.73023363713, -43610.28744104951, -49109.934164277816, -48091.700445616305, -22809.664643962937, -25907.6164254685, -56008.4201107526, -43265.06474793729, 0.038, 0.908, -0.382, 192.0, 0.0, 0.0, 0.0, 0.0, 0.0, 0.0, 0.0, 0.0, 0.0, 1.74127969123599E9, 0.0, 2025-03-06 10:48:11.235
157.0, -37258.03342557352, -43617.998792886596, -49111.252917200676, -48097.89187883042, -22774.862977846024, -25911.93031214837, -56016.17616607859, -43255.63231177715, 0.04, 0.9, -0.382, 192.0, 1.0, 64.0, 28.0, 32.0, 244.0, 16.0, 0.0, 0.0, 0.0, 1.74127969123601E9, 0.0, 2025-03-06 10:48:11.236
158.0, -37256.871134861845, -43615.83067367443, -49106.424940398334, -48089.97936129324, -22825.646141248482, -25911.952663892826, -56011.48229974298, -43256.973416444474, 0.04, 0.9, -0.382, 192.0, 0.0, 0.0, 0.0, 0.0, 0.0, 0.0, 0.0, 0.0, 0.0, 1.741279691236031E9, 0.0, 2025-03-06 10:48:11.236
159.0, -37259.70980640767, -43618.624641731345, -49110.2917921891, -48091.16400374937, -22849.71897002685, -25915.260722072213, -56012.26461079891, -43255.922884455074, 0.04, 0.9, -0.382, 192.0, 0.0, 0.0, 0.0, 0.0, 0.0, 0.0, 0.0, 0.0, 0.0, 1.74127969123605E9, 0.0, 2025-03-06 10:48:11.236
160.0, -37267.17528905574, -43630.47106629265, -49121.020629527644, -48105.02208531166, -22823.768594714238, -25932.113937391514, -56022.50170975945, -43248.92678844056, 0.04, 0.9, -0.382, 192.0, 0.0, 0.0, 0.0, 0.0, 0.0, 0.0, 0.0, 0.0, 0.0, 1.741279691236069E9, 0.0, 2025-03-06 10:48:11.236
161.0, -37277.837071160924, -43640.19407513071, -49129.38018195393, -48112.040533070634, -22792.476152476807, -25940.562896795618, -56031.73298021949, -43279.03458822186, 0.04, 0.9, -0.382, 192.0, 0.0, 0.0, 0.0, 0.0, 0.0, 0.0, 0.0, 0.0, 0.0, 1.741279691236089E9, 0.0, 2025-03-06 10:48:11.236
162.0, -37280.02754211755, -43641.64693852031, -49131.90592907738, -48115.84032962803, -22831.79287097369, -25942.865126474517, -56029.14017786267, -43257.0628234223, 0.04, 0.9, -0.382, 192.0, 0.0, 0.0, 0.0, 0.0, 0.0, 0.0, 0.0, 0.0, 0.0, 1.741279691236108E9, 0.0, 2025-03-06 10:48:11.236
163.0, -37278.66408570577, -43642.317490853966, -49138.05265880259, -48122.36703900898, -22869.05322898069, -25949.548298066653, -56032.2247185975, -43243.85294244921, 0.04, 0.9, -0.382, 192.0, 0.0, 0.0, 0.0, 0.0, 0.0, 0.0, 0.0, 0.0, 0.0, 1.741279691236127E9, 0.0, 2025-03-06 10:48:11.236
164.0, -37272.49500423611, -43639.59057803042, -49136.48803669072, -48121.38356225295, -22853.85404275108, -25950.174146911402, -56046.261614115436, -43307.935393802574, 0.04, 0.9, -0.382, 192.0, 0.0, 0.0, 0.0, 0.0, 0.0, 0.0, 0.0, 0.0, 0.0, 1.741279691236146E9, 0.0, 2025-03-06 10:48:11.236
165.0, -37278.529975239035, -43639.76939198606, -49129.4472371873, -48112.040533070634, -22824.975588914825, -25939.445309572853, -56047.69212576057, -43320.586481164275, 0.04, 0.9, -0.382, 192.0, 0.0, 0.0, 0.0, 0.0, 0.0, 0.0, 0.0, 0.0, 0.0, 1.741279691236171E9, 0.0, 2025-03-06 10:48:11.236
166.0, -37293.68445797974, -43654.4544880932, -49136.51038843518, -48120.60125119701, -22850.456577593875, -25945.100300920047, -56053.19065489658, -43307.75657984693, 0.04, 0.9, -0.382, 192.0, 0.0, 0.0, 0.0, 0.0, 0.0, 0.0, 0.0, 0.0, 0.0, 1.74127969129604E9, 0.0, 2025-03-06 10:48:11.296
167.0, -37300.16646387178, -43658.85778175089, -49143.908815849885, -48131.821826913576, -22867.555662102182, -25960.701818549853, -56077.844629030784, -43324.40862946613, 0.034, 0.91, -0.382, 192.0, 1.0, 16.0, 28.0, 112.0, 244.0, 16.0, 0.0, 0.0, 0.0, 1.741279691296097E9, 0.0, 2025-03-06 10:48:11.296
168.0, -37301.19464411672, -43660.69062479623, -49152.80481014309, -48141.94716715183, -22864.67228706745, -25966.155644196948, -56088.14878322468, -43336.21035053854, 0.034, 0.91, -0.382, 192.0, 0.0, 0.0, 0.0, 0.0, 0.0, 0.0, 0.0, 0.0, 0.0, 1.74127969129612E9, 0.0, 2025-03-06 10:48:11.296
169.0, -37311.38703958834, -43669.363101644885, -49166.43937426083, -48152.519542279195, -22819.432356289908, -25974.470493134322, -56096.35187343978, -43331.89646385866, 0.034, 0.91, -0.382, 192.0, 0.0, 0.0, 0.0, 0.0, 0.0, 0.0, 0.0, 0.0, 0.0, 1.74127969129614E9, 0.0, 2025-03-06 10:48:11.296
170.0, -37318.450190836214, -43676.89563952633, -49171.17794408536, -48157.749850481734, -22851.350647372084, -25981.645403104474, -56099.05643451887, -43326.50969344493, 0.034, 0.91, -0.382, 192.0, 0.0, 0.0, 0.0, 0.0, 0.0, 0.0, 0.0, 0.0, 0.0, 1.74127969129616E9, 0.0, 2025-03-06 10:48:11.296
171.0, -37316.997327446625, -43682.12594772887, -49171.73673769674, -48161.92962669487, -22903.29610148622, -25984.260557205744, -56100.978684542024, -43326.55439693385, 0.034, 0.91, -0.382, 192.0, 0.0, 0.0, 0.0, 0.0, 0.0, 0.0, 0.0, 0.0, 0.0, 1.741279691296187E9, 0.0, 2025-03-06 10:48:11.296
172.0, -37316.997327446625, -43684.62934310787, -49172.34023479703, -48159.47093480479, -22904.033709053245, -25982.85239730506, -56098.09530950729, -43344.41344075363, 0.034, 0.91, -0.382, 192.0, 0.0, 0.0, 0.0, 0.0, 0.0, 0.0, 0.0, 0.0, 0.0, 1.741279691296206E9, 0.0, 2025-03-06 10:48:11.296
173.0, -37330.25191190862, -43695.872270568885, -49189.70754023881, -48172.88198147798, -22853.071731695145, -25997.649252134473, -56106.164289255656, -43344.25697854245, 0.034, 0.91, -0.382, 192.0, 0.0, 0.0, 0.0, 0.0, 0.0, 0.0, 0.0, 0.0, 0.0, 1.741279691296226E9, 0.0, 2025-03-06 10:48:11.296
174.0, -37349.18383946226, -43711.116160287405, -49206.85132823603, -48190.45045261985, -22869.075580725144, -26009.1380487845, -56102.40919618717, -43343.2287982975, 0.034, 0.91, -0.382, 192.0, 0.0, 0.0, 0.0, 0.0, 0.0, 0.0, 0.0, 0.0, 0.0, 1.741279691296246E9, 0.0, 2025-03-06 10:48:11.296
175.0, -37357.878668055375, -43725.60009069444, -49212.39456086094, -48202.58744985908, -22903.698432886416, -26012.915493597447, -56111.126376524735, -43357.66802521563, 0.034, 0.91, -0.382, 192.0, 0.0, 0.0, 0.0, 0.0, 0.0, 0.0, 0.0, 0.0, 0.0, 1.741279691296265E9, 0.0, 2025-03-06 10:48:11.296
176.0, -37355.26351395411, -43730.13749481887, -49212.6627817944, -48207.616592361526, -22903.58667416414, -26015.66475816545, -56119.15065278419, -43361.44547002858, 0.034, 0.91, -0.382, 192.0, 0.0, 0.0, 0.0, 0.0, 0.0, 0.0, 0.0, 0.0, 0.0, 1.741279691296285E9, 0.0, 2025-03-06 10:48:11.296
177.0, -37359.085662255966, -43728.48346572918, -49216.328467885076, -48200.64284809147, -22865.991039990313, -26018.48107796682, -56118.50245219499, -43364.26178982995, 0.038, 0.906, -0.382, 192.0, 1.0, 48.0, 28.0, 80.0, 244.0, 16.0, 0.0, 0.0, 0.0, 1.741279691296305E9, 0.0, 2025-03-06 10:48:11.296
178.0, -37369.65803738333, -43731.27743378609, -49222.92223249939, -48199.39115040197, -22868.606194091582, -26026.706519926374, -56119.91061209567, -43356.19281008158, 0.038, 0.906, -0.382, 192.0, 0.0, 0.0, 0.0, 0.0, 0.0, 0.0, 0.0, 0.0, 0.0, 1.741279691296327E9, 0.0, 2025-03-06 10:48:11.296
179.0, -37371.78145310658, -43734.585491965474, -49222.58695633256, -48201.447510891856, -22922.764470906794, -26026.05831933717, -56120.53646094042, -43349.57669372281, 0.038, 0.906, -0.382, 192.0, 0.0, 0.0, 0.0, 0.0, 0.0, 0.0, 0.0, 0.0, 0.0, 1.741279691296346E9, 0.0, 2025-03-06 10:48:11.296
180.0, -37378.934011332276, -43741.939215891274, -49232.64524133745, -48211.01405751873, -22946.88200317407, -26038.083557854126, -56127.845481377306, -43357.39980428217, 0.038, 0.906, -0.382, 192.0, 0.0, 0.0, 0.0, 0.0, 0.0, 0.0, 0.0, 0.0, 0.0, 1.741279691296372E9, 0.0, 2025-03-06 10:48:11.296
181.0, -37379.20223226574, -43747.81772468302, -49233.89693902695, -48218.859519822545, -22915.522505703273, -26044.543212001707, -56141.256528050486, -43380.53385979341, 0.038, 0.906, -0.382, 192.0, 0.0, 0.0, 0.0, 0.0, 0.0, 0.0, 0.0, 0.0, 0.0, 1.741279691356467E9, 0.0, 2025-03-06 10:48:11.356
182.0, -37388.232337025685, -43763.329835335, -49244.51401764322, -48229.45424669436, -22894.154238004, -26050.421720793453, -56153.79585668992, -43382.09848190528, 0.038, 0.906, -0.382, 192.0, 0.0, 0.0, 0.0, 0.0, 0.0, 0.0, 0.0, 0.0, 0.0, 1.741279691356526E9, 0.0, 2025-03-06 10:48:11.356
183.0, -37396.86011038543, -43774.52805930711, -49254.773468348205, -48240.3395462441, -22925.15610756351, -26061.06115115418, -56151.87360666676, -43355.94694089257, 0.038, 0.906, -0.382, 192.0, 0.0, 0.0, 0.0, 0.0, 0.0, 0.0, 0.0, 0.0, 0.0, 1.741279691356547E9, 0.0, 2025-03-06 10:48:11.356
184.0, -37402.31393603253, -43781.47945183271, -49260.67432888441, -48249.07907832612, -22950.41357879801, -26068.25841286879, -56158.91440617018, -43370.87790618872, 0.038, 0.906, -0.382, 192.0, 0.0, 0.0, 0.0, 0.0, 0.0, 0.0, 0.0, 0.0, 0.0, 1.741279691356567E9, 0.0, 2025-03-06 10:48:11.356
185.0, -37398.24591854166, -43775.913867463336, -49257.38862244948, -48241.45713346686, -22948.178404352475, -26067.20788087939, -56164.23412135054, -43407.95945024007, 0.038, 0.906, -0.382, 192.0, 0.0, 0.0, 0.0, 0.0, 0.0, 0.0, 0.0, 0.0, 0.0, 1.741279691356587E9, 0.0, 2025-03-06 10:48:11.356
186.0, -37404.996145367164, -43777.165565152834, -49261.50134342925, -48241.52418870023, -22912.52737194626, -26068.72779950235, -56165.03878415094, -43383.41723482814, 0.038, 0.906, -0.382, 192.0, 0.0, 0.0, 0.0, 0.0, 0.0, 0.0, 0.0, 0.0, 0.0, 1.741279691356613E9, 0.0, 2025-03-06 10:48:11.356
187.0, -37411.81342742604, -43778.43961458679, -49265.16702951992, -48247.17918004742, -22977.950927966944, -26076.640317039528, -56160.18845560413, -43382.321999349835, 0.04, 0.91, -0.38, 192.0, 1.0, 64.0, 28.0, 112.0, 244.0, 32.0, 0.0, 0.0, 0.0, 1.741279691356633E9, 0.0, 2025-03-06 10:48:11.356
188.0, -37421.67054673083, -43787.29090539109, -49276.2311430253, -48255.896360384984, -23007.432878903495, -26084.619889810074, -56176.773449989974, -43418.50947362298, 0.04, 0.91, -0.38, 192.0, 0.0, 0.0, 0.0, 0.0, 0.0, 0.0, 0.0, 0.0, 0.0, 1.741279691356654E9, 0.0, 2025-03-06 10:48:11.356
189.0, -37417.64723272887, -43785.14513792338, -49274.01832032423, -48253.683537683915, -22986.891625749067, -26078.808436251693, -56182.60725529281, -43439.430706433144, 0.04, 0.91, -0.38, 192.0, 0.0, 0.0, 0.0, 0.0, 0.0, 0.0, 0.0, 0.0, 0.0, 1.741279691356674E9, 0.0, 2025-03-06 10:48:11.356
190.0, -37425.7832677106, -43796.72334155123, -49284.38952975149, -48261.23842730981, -22957.812006212713, -26086.58684332214, -56185.69179602764, -43434.73684009753, 0.04, 0.91, -0.38, 192.0, 0.0, 0.0, 0.0, 0.0, 0.0, 0.0, 0.0, 0.0, 0.0, 1.741279691356693E9, 0.0, 2025-03-06 10:48:11.356
191.0, -37436.802677727064, -43809.15091146838, -49291.98912286629, -48271.5425815037, -22992.658375818537, -26086.676250299963, -56186.11647917229, -43421.057572490885, 0.04, 0.91, -0.38, 192.0, 0.0, 0.0, 0.0, 0.0, 0.0, 0.0, 0.0, 0.0, 0.0, 1.741279691356712E9, 0.0, 2025-03-06 10:48:11.356
192.0, -37426.8337997, -43800.791359042094, -49280.61208493854, -48267.56397099066, -23024.934294812, -26088.285575900743, -56186.67527278367, -43415.26847067696, 0.04, 0.91, -0.38, 192.0, 0.0, 0.0, 0.0, 0.0, 0.0, 0.0, 0.0, 0.0, 0.0, 1.741279691356732E9, 0.0, 2025-03-06 10:48:11.356
193.0, -37425.917378177335, -43798.73499855221, -49286.736462919296, -48270.17912509193, -23015.390099929584, -26090.856026513105, -56191.32443563038, -43420.990517257516, 0.04, 0.91, -0.38, 192.0, 0.0, 0.0, 0.0, 0.0, 0.0, 0.0, 0.0, 0.0, 0.0, 1.741279691356752E9, 0.0, 2025-03-06 10:48:11.356
194.0, -37435.57333178203, -43808.65917309036, -49298.38172178051, -48282.18201186443, -22969.63607902957, -26096.35455564911, -56202.79088053595, -43441.196494245116, 0.04, 0.91, -0.38, 192.0, 0.0, 0.0, 0.0, 0.0, 0.0, 0.0, 0.0, 0.0, 0.0, 1.741279691356771E9, 0.0, 2025-03-06 10:48:11.356
195.0, -37454.05822444656, -43826.56292039906, -49312.28450683171, -48296.64359052701, -22969.45726507393, -26105.965805764892, -56217.252459198535, -43453.624064162264, 0.04, 0.91, -0.38, 192.0, 0.0, 0.0, 0.0, 0.0, 0.0, 0.0, 0.0, 0.0, 0.0, 1.741279691356797E9, 0.0, 2025-03-06 10:48:11.356
196.0, -37460.56258208306, -43829.893330322906, -49315.07847488862, -48293.8496224701, -23012.88670455059, -26106.859875543105, -56212.87151728529, -43448.34905247081, 0.04, 0.91, -0.38, 192.0, 0.0, 0.0, 0.0, 0.0, 0.0, 0.0, 0.0, 0.0, 0.0, 1.741279691416593E9, 0.0, 2025-03-06 10:48:11.416
197.0, -37463.6918263068, -43833.313147224566, -49322.298088347685, -48297.31414286067, -23020.910980810044, -26106.010509253803, -56213.206793452126, -43437.10612500979, 0.04, 0.912, -0.382, 192.0, 1.0, 64.0, 28.0, 128.0, 244.0, 16.0, 0.0, 0.0, 0.0, 1.74127969141665E9, 0.0, 2025-03-06 10:48:11.416
198.0, -37472.16313745536, -43841.11390603947, -49334.189216397914, -48308.42295985496, -22986.891625749067, -26124.495401918342, -56220.35935167782, -43438.98367154404, 0.04, 0.912, -0.382, 192.0, 0.0, 0.0, 0.0, 0.0, 0.0, 0.0, 0.0, 0.0, 0.0, 1.741279691416673E9, 0.0, 2025-03-06 10:48:11.416
199.0, -37484.65776260588, -43857.74360391422, -49342.25819614628, -48317.22954717035, -22979.873177990103, -26138.867573603104, -56231.155244249734, -43460.17312528767, 0.04, 0.912, -0.382, 192.0, 0.0, 0.0, 0.0, 0.0, 0.0, 0.0, 0.0, 0.0, 0.0, 1.741279691416693E9, 0.0, 2025-03-06 10:48:11.416
200.0, -37492.950259798796, -43868.11481334148, -49346.19210317041, -48323.13040770655, -23011.433841160997, -26139.18049802548, -56238.93365132018, -43468.398567247226, 0.04, 0.912, -0.382, 192.0, 0.0, 0.0, 0.0, 0.0, 0.0, 0.0, 0.0, 0.0, 0.0, 1.741279691416712E9, 0.0, 2025-03-06 10:48:11.416
201.0, -37497.644126134415, -43871.86990640997, -49353.05408871819, -48326.5055211193, -23023.213210488942, -26140.186326525967, -56244.52158743401, -43469.44909923662, 0.04, 0.912, -0.382, 192.0, 0.0, 0.0, 0.0, 0.0, 0.0, 0.0, 0.0, 0.0, 0.0, 1.741279691416731E9, 0.0, 2025-03-06 10:48:11.416
202.0, -37497.5994226455, -43874.37330178897, -49358.038527731725, -48335.06623924569, -22998.64864333256, -26152.636248187573, -56250.3777444813, -43460.46369796559, 0.04, 0.912, -0.382, 192.0, 0.0, 0.0, 0.0, 0.0, 0.0, 0.0, 0.0, 0.0, 0.0, 1.741279691416761E9, 0.0, 2025-03-06 10:48:11.416
203.0, -37511.56926293007, -43891.91942118638, -49369.46026914839, -48350.95832955341, -22999.207436943943, -26164.974411126903, -56258.73729690758, -43490.10211111332, 0.04, 0.912, -0.382, 192.0, 0.0, 0.0, 0.0, 0.0, 0.0, 0.0, 0.0, 0.0, 0.0, 1.74127969141678E9, 0.0, 2025-03-06 10:48:11.416
204.0, -37514.56439668708, -43895.62981076596, -49372.32129243867, -48351.65123363152, -23035.305504239263, -26162.40396051454, -56267.36507026733, -43507.98350667757, 0.04, 0.912, -0.382, 192.0, 0.0, 0.0, 0.0, 0.0, 0.0, 0.0, 0.0, 0.0, 0.0, 1.741279691416799E9, 0.0, 2025-03-06 10:48:11.416
205.0, -37508.44001870633, -43893.2605258537, -49366.82276330266, -48351.38301269806, -23060.76414117386, -26158.470053490408, -56260.167808552724, -43466.4092619907, 0.04, 0.912, -0.382, 192.0, 0.0, 0.0, 0.0, 0.0, 0.0, 0.0, 0.0, 0.0, 0.0, 1.741279691416819E9, 0.0, 2025-03-06 10:48:11.416
206.0, -37506.69658263881, -43892.43351130885, -49366.420431902465, -48356.52391392278, -23036.71366413995, -26161.778111669795, -56264.45934348814, -43492.53845125895, 0.04, 0.912, -0.382, 192.0, 0.0, 0.0, 0.0, 0.0, 0.0, 0.0, 0.0, 0.0, 0.0, 1.741279691416838E9, 0.0, 2025-03-06 10:48:11.416
207.0, -37519.101800811506, -43897.19443287783, -49372.47775464985, -48361.10602153612, -23009.712756837936, -26169.22124257341, -56272.90830289225, -43513.23616662457, 0.042, 0.916, -0.378, 192.0, 1.0, 80.0, 28.0, 160.0, 244.0, 48.0, 0.0, 0.0, 0.0, 1.741279691416858E9, 0.0, 2025-03-06 10:48:11.416
208.0, -37514.98907983173, -43888.99134266274, -49361.97243475586, -48350.980681297864, -23056.763178916357, -26160.59346921366, -56262.60414869835, -43493.27605882598, 0.042, 0.916, -0.378, 192.0, 0.0, 0.0, 0.0, 0.0, 0.0, 0.0, 0.0, 0.0, 0.0, 1.741279691416879E9, 0.0, 2025-03-06 10:48:11.416
209.0, -37515.63728042094, -43884.94567691632, -49362.575931856154, -48342.7105358494, -23084.00995540738, -26150.55753595323, -56264.25817778805, -43517.05831492643, 0.042, 0.916, -0.378, 192.0, 0.0, 0.0, 0.0, 0.0, 0.0, 0.0, 0.0, 0.0, 0.0, 1.741279691416899E9, 0.0, 2025-03-06 10:48:11.416
210.0, -37518.252434522205, -43889.9077641854, -49369.9520075264, -48354.15462901052, -23047.934239856513, -26163.968582626414, -56279.50206750656, -43528.994146465564, 0.042, 0.916, -0.378, 192.0, 0.0, 0.0, 0.0, 0.0, 0.0, 0.0, 0.0, 0.0, 0.0, 1.741279691416924E9, 0.0, 2025-03-06 10:48:11.416
211.0, -37528.33307127155, -43893.6628572539, -49382.73720535484, -48364.95052158243, -23016.50768715235, -26175.99382114337, -56283.19010534169, -43521.88629172877, 0.042, 0.916, -0.378, 192.0, 0.0, 0.0, 0.0, 0.0, 0.0, 0.0, 0.0, 0.0, 0.0, 1.74127969147741E9, 0.0, 2025-03-06 10:48:11.477
212.0, -37537.3631760315, -43898.244964867234, -49385.15119375601, -48366.82806811668, -23056.785530660814, -26181.671164235016, -56285.44763153168, -43529.351774376846, 0.042, 0.916, -0.378, 192.0, 0.0, 0.0, 0.0, 0.0, 0.0, 0.0, 0.0, 0.0, 0.0, 1.741279691477464E9, 0.0, 2025-03-06 10:48:11.477
213.0, -37539.12896384346, -43897.79792997813, -49384.57004840017, -48371.38782398556, -23081.886539684125, -26185.89564393707, -56291.12497462332, -43523.07093418491, 0.042, 0.916, -0.378, 192.0, 0.0, 0.0, 0.0, 0.0, 0.0, 0.0, 0.0, 0.0, 0.0, 1.741279691477485E9, 0.0, 2025-03-06 10:48:11.477
214.0, -37542.97346388978, -43899.07197941208, -49392.59432465963, -48384.687111936466, -23059.624202206636, -26199.172580143524, -56297.539925282, -43520.29931787244, 0.042, 0.916, -0.378, 192.0, 0.0, 0.0, 0.0, 0.0, 0.0, 0.0, 0.0, 0.0, 0.0, 1.741279691477509E9, 0.0, 2025-03-06 10:48:11.477
215.0, -37546.39328079144, -43898.64729626743, -49395.05301654971, -48387.30226603774, -23020.374538943117, -26206.83922849169, -56302.77023348454, -43527.04954469795, 0.042, 0.916, -0.378, 192.0, 0.0, 0.0, 0.0, 0.0, 0.0, 0.0, 0.0, 0.0, 0.0, 1.741279691477528E9, 0.0, 2025-03-06 10:48:11.477
216.0, -37548.91902791489, -43902.514148058195, -49392.4602141929, -48393.18077482948, -23048.0907020677, -26203.75468775686, -56302.50201255108, -43527.2730621425, 0.042, 0.916, -0.378, 192.0, 0.0, 0.0, 0.0, 0.0, 0.0, 0.0, 0.0, 0.0, 0.0, 1.741279691477548E9, 0.0, 2025-03-06 10:48:11.477
217.0, -37535.23976030824, -43889.9077641854, -49378.57978088615, -48377.10987056612, -23108.28394988584, -26193.115257396134, -56296.64585550378, -43543.0757454724, 0.042, 0.914, -0.378, 192.0, 1.0, 80.0, 28.0, 144.0, 244.0, 48.0, 0.0, 0.0, 0.0, 1.741279691477574E9, 0.0, 2025-03-06 10:48:11.477
218.0, -37539.33012954356, -43891.5617932751, -49385.82174608967, -48379.501507222834, -23108.19454290802, -26201.34069935569, -56304.62542827433, -43529.50823658803, 0.042, 0.914, -0.378, 192.0, 0.0, 0.0, 0.0, 0.0, 0.0, 0.0, 0.0, 0.0, 0.0, 1.741279691477596E9, 0.0, 2025-03-06 10:48:11.477
219.0, -37550.4612982823, -43895.518052043684, -49394.3601124716, -48386.5199549818, -23068.9448796445, -26213.52240008383, -56309.587515543404, -43533.777419779, 0.042, 0.914, -0.378, 192.0, 0.0, 0.0, 0.0, 0.0, 0.0, 0.0, 0.0, 0.0, 0.0, 1.741279691477615E9, 0.0, 2025-03-06 10:48:11.477
220.0, -37558.79849896413, -43894.93690668785, -49396.77410087277, -48383.971856113894, -23087.563882775772, -26208.493257581387, -56309.16283239875, -43552.28466418799, 0.042, 0.914, -0.378, 192.0, 0.0, 0.0, 0.0, 0.0, 0.0, 0.0, 0.0, 0.0, 0.0, 1.741279691477634E9, 0.0, 2025-03-06 10:48:11.477
221.0, -37561.01132166521, -43898.28966835614, -49400.79741487472, -48387.704597437936, -23122.67847331506, -26208.828533748216, -56309.67692252123, -43552.95521652165, 0.042, 0.914, -0.378, 192.0, 0.0, 0.0, 0.0, 0.0, 0.0, 0.0, 0.0, 0.0, 0.0, 1.741279691477654E9, 0.0, 2025-03-06 10:48:11.477
222.0, -37564.252324611225, -43906.06807542659, -49408.44171147844, -48403.7755017013, -23131.68622633055, -26227.983978746415, -56327.75948378557, -43563.035853270994, 0.042, 0.914, -0.378, 192.0, 0.0, 0.0, 0.0, 0.0, 0.0, 0.0, 0.0, 0.0, 0.0, 1.741279691477673E9, 0.0, 2025-03-06 10:48:11.477
223.0, -37571.82956598158, -43914.40527610842, -49417.941202871945, -48415.26429835133, -23089.441429310016, -26233.169583460043, -56335.98492574513, -43563.035853270994, 0.042, 0.914, -0.378, 192.0, 0.0, 0.0, 0.0, 0.0, 0.0, 0.0, 0.0, 0.0, 0.0, 1.741279691477692E9, 0.0, 2025-03-06 10:48:11.477
224.0, -37578.26686838471, -43918.942680232845, -49419.4611214949, -48415.800740218256, -23088.033269409334, -26232.677845082027, -56330.776969287035, -43560.532457892, 0.042, 0.914, -0.378, 192.0, 0.0, 0.0, 0.0, 0.0, 0.0, 0.0, 0.0, 0.0, 0.0, 1.741279691477711E9, 0.0, 2025-03-06 10:48:11.477
225.0, -37582.848975998044, -43921.379020378474, -49422.411551763005, -48418.035914663786, -23135.15074672112, -26243.00435102038, -56339.15887345778, -43571.57421965292, 0.042, 0.914, -0.378, 192.0, 0.0, 0.0, 0.0, 0.0, 0.0, 0.0, 0.0, 0.0, 0.0, 1.741279691477736E9, 0.0, 2025-03-06 10:48:11.477
226.0, -37577.48455732877, -43915.992249964744, -49418.499996483326, -48414.9290221845, -23161.25758424492, -26244.323103943243, -56341.751675814594, -43566.321559705924, 0.042, 0.914, -0.378, 192.0, 0.0, 0.0, 0.0, 0.0, 0.0, 0.0, 0.0, 0.0, 0.0, 1.741279691536372E9, 0.0, 2025-03-06 10:48:11.536
227.0, -37584.7712260212, -43922.20603492332, -49427.798322176735, -48426.30606011225, -23121.918514003577, -26258.069426783255, -56350.692373596714, -43575.552830165965, 0.036000000000000004, 0.914, -0.378, 192.0, 1.0, 32.0, 28.0, 144.0, 244.0, 48.0, 0.0, 0.0, 0.0, 1.741279691536427E9, 0.0, 2025-03-06 10:48:11.536
228.0, -37597.332906405085, -43935.48297112977, -49433.520368757294, -48439.20301666296, -23118.185772679542, -26255.744845359906, -56355.743867843616, -43575.977513310616, 0.036000000000000004, 0.914, -0.378, 192.0, 0.0, 0.0, 0.0, 0.0, 0.0, 0.0, 0.0, 0.0, 0.0, 1.74127969153645E9, 0.0, 2025-03-06 10:48:11.536
229.0, -37605.89362453147, -43940.8697415435, -49442.84104619516, -48446.44498186648, -23160.519976677893, -26266.786607120826, -56360.01305103458, -43571.30599871946, 0.036000000000000004, 0.914, -0.378, 192.0, 0.0, 0.0, 0.0, 0.0, 0.0, 0.0, 0.0, 0.0, 0.0, 1.741279691536469E9, 0.0, 2025-03-06 10:48:11.536
230.0, -37620.15403749395, -43946.23416021278, -49460.74479350386, -48450.87062726863, -23147.690075360548, -26284.131560818143, -56377.73798438764, -43590.05911231746, 0.036000000000000004, 0.914, -0.378, 192.0, 0.0, 0.0, 0.0, 0.0, 0.0, 0.0, 0.0, 0.0, 0.0, 1.741279691536489E9, 0.0, 2025-03-06 10:48:11.536
231.0, -37616.95773803684, -43941.62970085498, -49460.253055125846, -48451.49647611338, -23120.130374447155, -26291.194712066022, -56377.08978379844, -43592.80837688546, 0.036000000000000004, 0.914, -0.378, 192.0, 0.0, 0.0, 0.0, 0.0, 0.0, 0.0, 0.0, 0.0, 0.0, 1.741279691536513E9, 0.0, 2025-03-06 10:48:11.536
232.0, -37617.248310714764, -43944.06604100061, -49454.50865680083, -48457.12911571612, -23103.7018422725, -26299.442505770032, -56378.07326055447, -43590.61790592884, 0.036000000000000004, 0.914, -0.378, 192.0, 0.0, 0.0, 0.0, 0.0, 0.0, 0.0, 0.0, 0.0, 0.0, 1.74127969153654E9, 0.0, 2025-03-06 10:48:11.536
233.0, -37622.34450845057, -43949.2739974587, -49453.59223527816, -48459.67721458402, -23138.615267111694, -26286.63495619714, -56375.7039756422, -43618.91521440926, 0.036000000000000004, 0.914, -0.378, 192.0, 0.0, 0.0, 0.0, 0.0, 0.0, 0.0, 0.0, 0.0, 0.0, 1.741279691536559E9, 0.0, 2025-03-06 10:48:11.536
234.0, -37630.70406087686, -43954.50430566124, -49457.16851439101, -48454.60336859267, -23150.39463643964, -26282.29871777281, -56382.811830378996, -43649.29123512402, 0.036000000000000004, 0.914, -0.378, 192.0, 0.0, 0.0, 0.0, 0.0, 0.0, 0.0, 0.0, 0.0, 0.0, 1.741279691536578E9, 0.0, 2025-03-06 10:48:11.536
235.0, -37647.19964828487, -43973.88326810399, -49476.45806985594, -48478.89971481558, -23091.60954852218, -26303.68933721654, -56403.93422888926, -43652.06285143648, 0.036000000000000004, 0.914, -0.378, 192.0, 0.0, 0.0, 0.0, 0.0, 0.0, 0.0, 0.0, 0.0, 0.0, 1.741279691536598E9, 0.0, 2025-03-06 10:48:11.536
236.0, -37651.91586636494, -43978.867707117526, -49479.09557570166, -48483.37006370665, -23040.51346069735, -26312.607683254206, -56407.957542891214, -43637.69067975172, 0.036000000000000004, 0.914, -0.378, 192.0, 0.0, 0.0, 0.0, 0.0, 0.0, 0.0, 0.0, 0.0, 0.0, 1.741279691536617E9, 0.0, 2025-03-06 10:48:11.536
237.0, -37645.65737791746, -43969.65878840194, -49471.16070642003, -48471.97067403444, -23079.830179194236, -26303.44346802753, -56403.911877144805, -43639.88115070834, 0.042, 0.914, -0.38, 192.0, 1.0, 80.0, 28.0, 144.0, 244.0, 32.0, 0.0, 0.0, 0.0, 1.741279691536636E9, 0.0, 2025-03-06 10:48:11.536
238.0, -37635.24146500129, -43962.68504413188, -49465.52806681729, -48468.05911875476, -23109.222723152965, -26293.452238256006, -56391.86428688339, -43619.6975254652, 0.042, 0.914, -0.38, 192.0, 0.0, 0.0, 0.0, 0.0, 0.0, 0.0, 0.0, 0.0, 0.0, 1.741279691536657E9, 0.0, 2025-03-06 10:48:11.536
239.0, -37640.382366226004, -43972.139832036475, -49477.3297878897, -48479.7937845938, -23077.706763470982, -26302.907026160603, -56404.64948471183, -43648.44186883472, 0.042, 0.914, -0.38, 192.0, 0.0, 0.0, 0.0, 0.0, 0.0, 0.0, 0.0, 0.0, 0.0, 1.741279691536677E9, 0.0, 2025-03-06 10:48:11.536
240.0, -37654.2851512772, -43984.61210544254, -49491.92547701901, -48493.47305220045, -23015.92654179651, -26313.568808265783, -56411.48911851515, -43636.662499506776, 0.042, 0.914, -0.38, 192.0, 0.0, 0.0, 0.0, 0.0, 0.0, 0.0, 0.0, 0.0, 0.0, 1.741279691536702E9, 0.0, 2025-03-06 10:48:11.536
241.0, -37665.21515431585, -43988.769529911224, -49497.96044802194, -48494.45652895648, -23042.32395199823, -26316.899218189625, -56413.29960981603, -43654.02980494855, 0.042, 0.914, -0.38, 192.0, 0.0, 0.0, 0.0, 0.0, 0.0, 0.0, 0.0, 0.0, 0.0, 1.741279691596121E9, 0.0, 2025-03-06 10:48:11.596
242.0, -37663.85169790408, -43986.86963163252, -49497.82633755521, -48493.16012777807, -23097.935092203035, -26324.901142704624, -56419.4686912857, -43653.87334273736, 0.042, 0.914, -0.38, 192.0, 0.0, 0.0, 0.0, 0.0, 0.0, 0.0, 0.0, 0.0, 0.0, 1.741279691596173E9, 0.0, 2025-03-06 10:48:11.596
243.0, -37659.0907763351, -43983.74038740878, -49498.072206744226, -48495.283543501326, -23111.748470276412, -26328.1644973951, -56420.72038897519, -43652.174610158756, 0.042, 0.914, -0.38, 192.0, 0.0, 0.0, 0.0, 0.0, 0.0, 0.0, 0.0, 0.0, 0.0, 1.741279691596195E9, 0.0, 2025-03-06 10:48:11.596
244.0, -37664.164622326454, -43986.757872910246, -49504.37539868062, -48498.47984295843, -23088.390897320616, -26325.415232827097, -56421.54740352004, -43641.602235031394, 0.042, 0.914, -0.38, 192.0, 0.0, 0.0, 0.0, 0.0, 0.0, 0.0, 0.0, 0.0, 0.0, 1.741279691596215E9, 0.0, 2025-03-06 10:48:11.596
245.0, -37680.68256147892, -43996.816157915135, -49518.09936977618, -48504.157186050084, -23101.66783352707, -26332.567791052796, -56426.129511133375, -43649.62651129085, 0.042, 0.914, -0.38, 192.0, 0.0, 0.0, 0.0, 0.0, 0.0, 0.0, 0.0, 0.0, 0.0, 1.741279691596235E9, 0.0, 2025-03-06 10:48:11.596
246.0, -37691.45610230638, -44009.44489353239, -49527.15182628058, -48519.89281414662, -23127.305284417307, -26347.722273793494, -56434.51141530412, -43654.43213634875, 0.042, 0.914, -0.38, 192.0, 0.0, 0.0, 0.0, 0.0, 0.0, 0.0, 0.0, 0.0, 0.0, 1.741279691596254E9, 0.0, 2025-03-06 10:48:11.596
247.0, -37687.20927085987, -44015.25634709076, -49526.07894254672, -48530.3534305517, -23132.87086878668, -26351.79029128436, -56438.46767407271, -43653.87334273736, 0.044, 0.906, -0.38, 192.0, 1.0, 96.0, 28.0, 80.0, 244.0, 32.0, 0.0, 0.0, 0.0, 1.741279691596281E9, 0.0, 2025-03-06 10:48:11.596
248.0, -37694.428884318935, -44025.80637047367, -49539.42293398654, -48542.266910346385, -23077.215025092963, -26355.03129423038, -56453.398639368854, -43668.98312198915, 0.044, 0.906, -0.38, 192.0, 0.0, 0.0, 0.0, 0.0, 0.0, 0.0, 0.0, 0.0, 0.0, 1.741279691596305E9, 0.0, 2025-03-06 10:48:11.596
249.0, -37708.30931762568, -44034.88117872253, -49555.62794871664, -48548.12306739367, -23068.38608603312, -26364.21786120151, -56463.41222088483, -43677.92381977127, 0.044, 0.906, -0.38, 192.0, 0.0, 0.0, 0.0, 0.0, 0.0, 0.0, 0.0, 0.0, 0.0, 1.741279691596325E9, 0.0, 2025-03-06 10:48:11.596
250.0, -37705.202425146395, -44031.28254786522, -49547.447210246, -48542.22220685747, -23116.084708700742, -26364.396675157153, -56463.36751739592, -43675.21925869218, 0.044, 0.906, -0.38, 192.0, 0.0, 0.0, 0.0, 0.0, 0.0, 0.0, 0.0, 0.0, 0.0, 1.741279691596345E9, 0.0, 2025-03-06 10:48:11.596
251.0, -37694.361829085574, -44018.072666892134, -49536.025468829335, -48534.24263408693, -23140.470461901485, -26368.732913581483, -56451.99047946817, -43663.909275997794, 0.044, 0.906, -0.38, 192.0, 0.0, 0.0, 0.0, 0.0, 0.0, 0.0, 0.0, 0.0, 0.0, 1.741279691596365E9, 0.0, 2025-03-06 10:48:11.596
252.0, -37696.14996864199, -44021.26896634924, -49541.121666565145, -48537.17071261057, -23104.126525417152, -26377.60655613024, -56462.160523195336, -43669.83248827845, 0.044, 0.906, -0.38, 192.0, 0.0, 0.0, 0.0, 0.0, 0.0, 0.0, 0.0, 0.0, 0.0, 1.741279691596385E9, 0.0, 2025-03-06 10:48:11.596
253.0, -37721.51919859877, -44038.368050857556, -49558.57837898474, -48551.900512206616, -23096.862208469178, -26386.547253912362, -56470.542427366076, -43687.28920069805, 0.044, 0.906, -0.38, 192.0, 0.0, 0.0, 0.0, 0.0, 0.0, 0.0, 0.0, 0.0, 0.0, 1.741279691596405E9, 0.0, 2025-03-06 10:48:11.596
254.0, -37726.81656203468, -44044.648891049495, -49564.3004255653, -48564.775117012876, -23168.49954944844, -26396.22555926151, -56478.07496524751, -43685.858689052904, 0.044, 0.906, -0.38, 192.0, 0.0, 0.0, 0.0, 0.0, 0.0, 0.0, 0.0, 0.0, 0.0, 1.741279691596426E9, 0.0, 2025-03-06 10:48:11.596
255.0, -37724.38022188905, -44047.62167306205, -49568.167277356064, -48573.42524211708, -23194.762849183422, -26396.873759850714, -56488.490878163684, -43705.03648579556, 0.044, 0.906, -0.38, 192.0, 0.0, 0.0, 0.0, 0.0, 0.0, 0.0, 0.0, 0.0, 0.0, 1.741279691596446E9, 0.0, 2025-03-06 10:48:11.596
0.0, -37717.45118110791, -44039.57504505814, -49563.361652298176, -48559.99184369944, -23156.273145231386, -26390.950547570057, -56492.89417182138, -43751.170486351315, 0.044, 0.906, -0.38, 192.0, 0.0, 0.0, 0.0, 0.0, 0.0, 0.0, 0.0, 0.0, 0.0, 1.741279691656346E9, 0.0, 2025-03-06 10:48:11.656
1.0, -37727.26359692378, -44045.9452922279, -49569.48603027893, -48565.60213155772, -23128.177002451062, -26395.9796900725, -56493.96705555524, -43711.89847134334, 0.042, 0.912, -0.38, 192.0, 1.0, 80.0, 28.0, 128.0, 244.0, 32.0, 0.0, 0.0, 0.0, 1.741279691656378E9, 0.0, 2025-03-06 10:48:11.656
2.0, -37721.049811965204, -44038.61392004656, -49562.75815519788, -48562.83051524527, -23202.0271661314, -26391.308175481343, -56476.77856406911, -43654.745060771114, 0.042, 0.912, -0.38, 192.0, 0.0, 0.0, 0.0, 0.0, 0.0, 0.0, 0.0, 0.0, 0.0, 1.741279691656423E9, 0.0, 2025-03-06 10:48:11.656
3.0, -37729.90110276951, -44046.70525153938, -49572.05648089129, -48569.9160182376, -23234.861878736243, -26393.677460393606, -56487.97678804121, -43719.18514003577, 0.042, 0.912, -0.38, 192.0, 0.0, 0.0, 0.0, 0.0, 0.0, 0.0, 0.0, 0.0, 0.0, 1.741279691656444E9, 0.0, 2025-03-06 10:48:11.656
4.0, -37740.18290521895, -44054.774231287745, -49585.40047233111, -48570.988901971454, -23201.35661379774, -26386.301384723352, -56501.432538203306, -43748.48827701667, 0.042, 0.912, -0.38, 192.0, 0.0, 0.0, 0.0, 0.0, 0.0, 0.0, 0.0, 0.0, 0.0, 1.741279691656464E9, 0.0, 2025-03-06 10:48:11.656
5.0, -37756.96906530489, -44073.86262105258, -49598.163318415085, -48587.082157979276, -23164.16331102411, -26402.88637910919, -56504.584134171506, -43732.86440764242, 0.042, 0.912, -0.38, 192.0, 0.0, 0.0, 0.0, 0.0, 0.0, 0.0, 0.0, 0.0, 0.0, 1.741279691656484E9, 0.0, 2025-03-06 10:48:11.656
6.0, -37764.03221655276, -44080.41168217798, -49599.2585538934, -48594.86056504972, -23188.660822947124, -26410.396565246174, -56515.44708197679, -43737.871198400404, 0.042, 0.912, -0.38, 192.0, 0.0, 0.0, 0.0, 0.0, 0.0, 0.0, 0.0, 0.0, 0.0, 1.741279691656515E9, 0.0, 2025-03-06 10:48:11.656
7.0, -37765.44037645344, -44080.59049613363, -49603.617144062184, -48599.4203209186, -23213.35950057024, -26420.879533395713, -56526.667657693346, -43753.29390207457, 0.042, 0.912, -0.38, 192.0, 0.0, 0.0, 0.0, 0.0, 0.0, 0.0, 0.0, 0.0, 0.0, 1.741279691656536E9, 0.0, 2025-03-06 10:48:11.656
8.0, -37767.38497822106, -44089.39708344902, -49614.4130366341, -48611.44555943556, -23208.755041212447, -26430.42372827813, -56526.533547226616, -43725.6224424389, 0.042, 0.912, -0.38, 192.0, 0.0, 0.0, 0.0, 0.0, 0.0, 0.0, 0.0, 0.0, 0.0, 1.741279691656556E9, 0.0, 2025-03-06 10:48:11.656
9.0, -37778.29262951525, -44105.28917375674, -49629.96985077499, -48627.136484043185, -23161.995191811944, -26447.858088953268, -56549.6452509934, -43743.28032055859, 0.042, 0.912, -0.38, 192.0, 0.0, 0.0, 0.0, 0.0, 0.0, 0.0, 0.0, 0.0, 0.0, 1.741279691656575E9, 0.0, 2025-03-06 10:48:11.656
10.0, -37779.54432720475, -44105.71385690139, -49624.29250768334, -48618.24048974997, -23193.98053812749, -26437.777452203925, -56549.57819576004, -43759.23946609968, 0.042, 0.912, -0.38, 192.0, 0.0, 0.0, 0.0, 0.0, 0.0, 0.0, 0.0, 0.0, 0.0, 1.741279691656595E9, 0.0, 2025-03-06 10:48:11.656
11.0, -37783.74645516234, -44107.52434820227, -49627.712324585, -48616.09472228226, -23236.202983403564, -26436.950437659078, -56548.9970504042, -43770.34828309397, 0.048, 0.91, -0.378, 192.0, 1.0, 128.0, 28.0, 112.0, 244.0, 48.0, 0.0, 0.0, 0.0, 1.741279691656615E9, 0.0, 2025-03-06 10:48:11.656
12.0, -37781.51128071681, -44107.79256913574, -49628.226414707475, -48622.19674851856, -23237.387625859694, -26448.014551164455, -56553.69091673982, -43772.985788939695, 0.048, 0.91, -0.378, 192.0, 0.0, 0.0, 0.0, 0.0, 0.0, 0.0, 0.0, 0.0, 0.0, 1.741279691656637E9, 0.0, 2025-03-06 10:48:11.656
13.0, -37777.555021948225, -44105.40093247902, -49627.22058620699, -48621.86147235173, -23212.93481742559, -26440.28084758292, -56551.32163182755, -43763.97803592421, 0.048, 0.91, -0.378, 192.0, 0.0, 0.0, 0.0, 0.0, 0.0, 0.0, 0.0, 0.0, 0.0, 1.741279691656656E9, 0.0, 2025-03-06 10:48:11.656
14.0, -37799.54913849224, -44122.56707222069, -49642.37506894769, -48628.2764230104, -23219.193305873076, -26451.27790585493, -56567.66075702438, -43777.2326203862, 0.048, 0.91, -0.378, 192.0, 0.0, 0.0, 0.0, 0.0, 0.0, 0.0, 0.0, 0.0, 0.0, 1.741279691656677E9, 0.0, 2025-03-06 10:48:11.656
15.0, -37800.71142920392, -44126.00924086681, -49648.7676678619, -48633.707896913045, -23260.096998226287, -26462.18555714912, -56566.453762823796, -43768.04605341507, 0.048, 0.91, -0.378, 192.0, 0.0, 0.0, 0.0, 0.0, 0.0, 0.0, 0.0, 0.0, 0.0, 1.741279691716597E9, 0.0, 2025-03-06 10:48:11.716
16.0, -37805.382943795084, -44135.68754621596, -49657.88717959967, -48648.75062093147, -23266.958983774064, -26472.109731687277, -56574.09805942751, -43770.392986582876, 0.048, 0.91, -0.378, 192.0, 0.0, 0.0, 0.0, 0.0, 0.0, 0.0, 0.0, 0.0, 0.0, 1.741279691716641E9, 0.0, 2025-03-06 10:48:11.716
17.0, -37810.546196764255, -44136.223988082886, -49663.9221506026, -48647.051888352864, -23246.015399219443, -26471.975621220547, -56570.52178031466, -43768.783660982095, 0.048, 0.91, -0.378, 192.0, 0.0, 0.0, 0.0, 0.0, 0.0, 0.0, 0.0, 0.0, 0.0, 1.741279691716667E9, 0.0, 2025-03-06 10:48:11.716
18.0, -37829.79104874028, -44156.89935170404, -49677.75788042044, -48665.24620833948, -23247.468262609036, -26488.828836539848, -56582.56937057607, -43781.56885881053, 0.048, 0.91, -0.378, 192.0, 0.0, 0.0, 0.0, 0.0, 0.0, 0.0, 0.0, 0.0, 0.0, 1.741279691716687E9, 0.0, 2025-03-06 10:48:11.716
19.0, -37824.20311262645, -44157.88282846008, -49672.86284838472, -48671.594103764786, -23288.349603217794, -26489.320574917863, -56585.899780499916, -43773.05284417306, 0.048, 0.91, -0.378, 192.0, 0.0, 0.0, 0.0, 0.0, 0.0, 0.0, 0.0, 0.0, 0.0, 1.741279691716706E9, 0.0, 2025-03-06 10:48:11.716
20.0, -37823.15258063705, -44160.900313961545, -49674.427470496594, -48672.555228776364, -23296.910321344178, -26494.796752309412, -56590.01250147969, -43780.42891984331, 0.048, 0.91, -0.378, 192.0, 0.0, 0.0, 0.0, 0.0, 0.0, 0.0, 0.0, 0.0, 0.0, 1.741279691716726E9, 0.0, 2025-03-06 10:48:11.716
21.0, -37827.71233650593, -44163.291950618266, -49681.33415953328, -48673.471650299034, -23264.343829672795, -26498.305976188898, -56594.57225734857, -43783.08877743349, 0.042, 0.908, -0.38, 192.0, 1.0, 80.0, 28.0, 96.0, 244.0, 32.0, 0.0, 0.0, 0.0, 1.741279691716751E9, 0.0, 2025-03-06 10:48:11.716
22.0, -37837.92708372201, -44166.421194842005, -49687.0785578583, -48672.39876656518, -23264.187367461607, -26509.21362748309, -56597.567391105586, -43791.224812415225, 0.042, 0.908, -0.38, 192.0, 0.0, 0.0, 0.0, 0.0, 0.0, 0.0, 0.0, 0.0, 0.0, 1.741279691716773E9, 0.0, 2025-03-06 10:48:11.716
23.0, -37850.756985039356, -44175.74187227987, -49701.24956384296, -48684.8933917157, -23301.380670235238, -26519.07074678788, -56610.59845812303, -43807.496882378684, 0.042, 0.908, -0.38, 192.0, 0.0, 0.0, 0.0, 0.0, 0.0, 0.0, 0.0, 0.0, 0.0, 1.741279691716792E9, 0.0, 2025-03-06 10:48:11.716
24.0, -37851.40518562856, -44181.26275316033, -49704.49056678898, -48694.526993575935, -23311.349548262304, -26530.91717134919, -56613.59359188004, -43807.47453063423, 0.042, 0.908, -0.38, 192.0, 0.0, 0.0, 0.0, 0.0, 0.0, 0.0, 0.0, 0.0, 0.0, 1.741279691716812E9, 0.0, 2025-03-06 10:48:11.716
25.0, -37847.06894720423, -44180.2792764043, -49700.82488069831, -48696.493947088, -23293.021117808952, -26532.571200438884, -56611.58193487906, -43786.37448386842, 0.042, 0.908, -0.38, 192.0, 0.0, 0.0, 0.0, 0.0, 0.0, 0.0, 0.0, 0.0, 0.0, 1.741279691716831E9, 0.0, 2025-03-06 10:48:11.716
26.0, -37855.60731358616, -44189.21997418642, -49708.22330811302, -48706.01579022596, -23289.37778346274, -26532.61590392779, -56618.5109756602, -43827.70285936628, 0.042, 0.908, -0.38, 192.0, 0.0, 0.0, 0.0, 0.0, 0.0, 0.0, 0.0, 0.0, 0.0, 1.741279691716851E9, 0.0, 2025-03-06 10:48:11.716
27.0, -37860.10001422167, -44193.51150912184, -49713.00658142645, -48709.86029027227, -23341.99378991053, -26526.647988158227, -56622.82486234008, -43821.2432052187, 0.042, 0.908, -0.38, 192.0, 0.0, 0.0, 0.0, 0.0, 0.0, 0.0, 0.0, 0.0, 0.0, 1.741279691716871E9, 0.0, 2025-03-06 10:48:11.716
28.0, -37861.4858223779, -44196.10431147865, -49717.007543683954, -48716.0964269753, -23361.90919422021, -26538.092081319344, -56638.11345554751, -43826.98760354371, 0.042, 0.908, -0.38, 192.0, 0.0, 0.0, 0.0, 0.0, 0.0, 0.0, 0.0, 0.0, 0.0, 1.74127969171689E9, 0.0, 2025-03-06 10:48:11.716
29.0, -37866.29144743579, -44199.926459780516, -49722.886052475704, -48721.48319738903, -23344.340723078338, -26543.903534877725, -56638.515786947704, -43839.750449627696, 0.042, 0.908, -0.38, 192.0, 0.0, 0.0, 0.0, 0.0, 0.0, 0.0, 0.0, 0.0, 0.0, 1.74127969171691E9, 0.0, 2025-03-06 10:48:11.716
30.0, -37878.093168508196, -44208.48717790689, -49730.75386652397, -48720.27620318845, -23311.12603081775, -26536.259238274008, -56638.0687520586, -43844.712536896775, 0.042, 0.908, -0.38, 192.0, 0.0, 0.0, 0.0, 0.0, 0.0, 0.0, 0.0, 0.0, 0.0, 1.74127969177694E9, 0.0, 2025-03-06 10:48:11.776
31.0, -37880.77537784283, -44209.001268029366, -49725.545910065885, -48712.67661007364, -23349.123996391776, -26533.934656850655, -56634.045438056644, -43822.15962674137, 0.044, 0.92, -0.384, 192.0, 1.0, 96.0, 28.0, 192.0, 244.0, 0.0, 0.0, 0.0, 0.0, 1.741279691776991E9, 0.0, 2025-03-06 10:48:11.776
32.0, -37883.43523543301, -44205.648506361074, -49726.0376484439, -48708.51918560496, -23406.143296497263, -26525.709214891103, -56622.646048384435, -43837.13529552642, 0.044, 0.92, -0.384, 192.0, 0.0, 0.0, 0.0, 0.0, 0.0, 0.0, 0.0, 0.0, 0.0, 1.741279691777019E9, 0.0, 2025-03-06 10:48:11.777
33.0, -37881.4906336654, -44208.21895697343, -49721.209671641554, -48706.55223209289, -23410.300720965948, -26523.854020101313, -56631.78791186666, -43858.3023975256, 0.044, 0.92, -0.384, 192.0, 0.0, 0.0, 0.0, 0.0, 0.0, 0.0, 0.0, 0.0, 0.0, 1.741279691777039E9, 0.0, 2025-03-06 10:48:11.777
34.0, -37885.26807847835, -44222.30055598028, -49724.60713679876, -48720.79029331092, -23358.33291510736, -26535.521630706982, -56651.524502220695, -43863.53270572814, 0.044, 0.92, -0.384, 192.0, 0.0, 0.0, 0.0, 0.0, 0.0, 0.0, 0.0, 0.0, 0.0, 1.741279691777059E9, 0.0, 2025-03-06 10:48:11.777
35.0, -37895.68399139452, -44232.24708226289, -49735.80536077087, -48730.4015434267, -23370.514615835502, -26557.560450739915, -56665.293176805164, -43880.25181058071, 0.044, 0.92, -0.384, 192.0, 0.0, 0.0, 0.0, 0.0, 0.0, 0.0, 0.0, 0.0, 0.0, 1.74127969177708E9, 0.0, 2025-03-06 10:48:11.777
36.0, -37892.77826461533, -44228.42493396103, -49737.52644509393, -48732.5026074055, -23421.54364842697, -26561.15908159722, -56663.68385120438, -43871.98166513225, 0.044, 0.92, -0.384, 192.0, 0.0, 0.0, 0.0, 0.0, 0.0, 0.0, 0.0, 0.0, 0.0, 1.741279691777099E9, 0.0, 2025-03-06 10:48:11.777
37.0, -37890.319572725246, -44229.60957641716, -49741.59446258479, -48734.82718882885, -23440.676741680712, -26561.62846823078, -56663.08035410409, -43860.73873767123, 0.044, 0.92, -0.384, 192.0, 0.0, 0.0, 0.0, 0.0, 0.0, 0.0, 0.0, 0.0, 0.0, 1.741279691777126E9, 0.0, 2025-03-06 10:48:11.777
38.0, -37903.954136842985, -44243.244140534895, -49756.34661392529, -48750.18283726965, -23385.33382240937, -26575.240680604064, -56676.58080775509, -43880.74354895873, 0.044, 0.92, -0.384, 192.0, 0.0, 0.0, 0.0, 0.0, 0.0, 0.0, 0.0, 0.0, 0.0, 1.741279691777145E9, 0.0, 2025-03-06 10:48:11.777
39.0, -37906.56929094426, -44240.47252422244, -49752.524465623435, -48742.829113343854, -23417.497982680557, -26566.523500266496, -56670.9258164079, -43874.418005277876, 0.044, 0.92, -0.384, 192.0, 0.0, 0.0, 0.0, 0.0, 0.0, 0.0, 0.0, 0.0, 0.0, 1.741279691777165E9, 0.0, 2025-03-06 10:48:11.777
40.0, -37908.133913056125, -44237.7903148878, -49756.145448225194, -48744.21492150008, -23466.02361989303, -26571.64204974676, -56670.63524372998, -43872.026368621155, 0.044, 0.92, -0.384, 192.0, 0.0, 0.0, 0.0, 0.0, 0.0, 0.0, 0.0, 0.0, 0.0, 1.741279691777184E9, 0.0, 2025-03-06 10:48:11.777
41.0, -37911.55372995779, -44241.94773935649, -49762.13571573922, -48752.14979078172, -23469.73400947261, -26577.542910282962, -56682.772240969214, -43882.107005370504, 0.046, 0.912, -0.38, 192.0, 1.0, 112.0, 28.0, 128.0, 244.0, 32.0, 0.0, 0.0, 0.0, 1.741279691777205E9, 0.0, 2025-03-06 10:48:11.777
42.0, -37920.40502076209, -44251.80485866128, -49770.11528850976, -48763.48212522056, -23429.366758986325, -26582.482645807584, -56685.27563634821, -43887.49377578423, 0.046, 0.912, -0.38, 192.0, 0.0, 0.0, 0.0, 0.0, 0.0, 0.0, 0.0, 0.0, 0.0, 1.741279691777226E9, 0.0, 2025-03-06 10:48:11.777
43.0, -37936.36416630318, -44268.769832702856, -49780.01711130347, -48776.17791607117, -23416.49215418007, -26591.132770911787, -56696.67502602041, -43891.71825548628, 0.046, 0.912, -0.38, 192.0, 0.0, 0.0, 0.0, 0.0, 0.0, 0.0, 0.0, 0.0, 0.0, 1.741279691777246E9, 0.0, 2025-03-06 10:48:11.777
44.0, -37929.815105177775, -44265.61823673466, -49779.39126245872, -48771.88638113575, -23463.83314893641, -26596.78776225898, -56695.9821219423, -43893.282877598154, 0.046, 0.912, -0.38, 192.0, 0.0, 0.0, 0.0, 0.0, 0.0, 0.0, 0.0, 0.0, 0.0, 1.741279691777265E9, 0.0, 2025-03-06 10:48:11.777
45.0, -37932.4526110235, -44270.312103070275, -49783.928666583146, -48775.552067226425, -23463.184948347207, -26601.68279429469, -56699.93838071089, -43907.69975277183, 0.046, 0.912, -0.38, 192.0, 0.0, 0.0, 0.0, 0.0, 0.0, 0.0, 0.0, 0.0, 0.0, 1.74127969183732E9, 0.0, 2025-03-06 10:48:11.837
46.0, -37935.78302094734, -44271.47439378195, -49789.82952711934, -48780.916485895694, -23416.78272685799, -26607.963634486634, -56707.113290681045, -43905.82220623758, 0.046, 0.912, -0.38, 192.0, 0.0, 0.0, 0.0, 0.0, 0.0, 0.0, 0.0, 0.0, 0.0, 1.741279691837369E9, 0.0, 2025-03-06 10:48:11.837
47.0, -37949.55169553181, -44282.22558286495, -49802.726483670056, -48795.06514013591, -23406.67973836419, -26616.300835168462, -56712.500061094775, -43915.88049124247, 0.046, 0.912, -0.38, 192.0, 0.0, 0.0, 0.0, 0.0, 0.0, 0.0, 0.0, 0.0, 0.0, 1.741279691837398E9, 0.0, 2025-03-06 10:48:11.837
48.0, -37956.726605501965, -44285.64539976662, -49808.67204769517, -48801.904773939226, -23471.16452111775, -26613.573922344916, -56709.50492733776, -43894.17694737637, 0.046, 0.912, -0.38, 192.0, 0.0, 0.0, 0.0, 0.0, 0.0, 0.0, 0.0, 0.0, 0.0, 1.741279691837418E9, 0.0, 2025-03-06 10:48:11.837
49.0, -37963.454480583016, -44288.72994050145, -49814.751722187015, -48803.40234081773, -23506.83790526842, -26623.87807653881, -56700.02778768871, -43877.48019426825, 0.046, 0.912, -0.38, 192.0, 0.0, 0.0, 0.0, 0.0, 0.0, 0.0, 0.0, 0.0, 0.0, 1.741279691837438E9, 0.0, 2025-03-06 10:48:11.837
50.0, -37969.869431241685, -44298.94468771752, -49826.19581534813, -48809.97375368759, -23480.149922388784, -26631.097689997878, -56729.64384909199, -43943.99898576725, 0.046, 0.912, -0.38, 192.0, 0.0, 0.0, 0.0, 0.0, 0.0, 0.0, 0.0, 0.0, 0.0, 1.741279691837458E9, 0.0, 2025-03-06 10:48:11.837
51.0, -37982.78873953685, -44317.362525148696, -49839.1151236433, -48829.62093706381, -23435.133509055795, -26647.526222172528, -56751.68266912492, -43925.04470646915, 0.04, 0.912, -0.384, 192.0, 1.0, 64.0, 28.0, 128.0, 244.0, 0.0, 0.0, 0.0, 0.0, 1.741279691837477E9, 0.0, 2025-03-06 10:48:11.837
52.0, -37967.27662888487, -44304.3091063868, -49819.80321643391, -48810.04080892096, -23485.246120124593, -26635.724501100125, -56735.36589567255, -43961.455698186845, 0.04, 0.912, -0.384, 192.0, 0.0, 0.0, 0.0, 0.0, 0.0, 0.0, 0.0, 0.0, 0.0, 1.741279691837521E9, 0.0, 2025-03-06 10:48:11.837
53.0, -37963.432128838554, -44298.76587376188, -49816.495158254525, -48793.99225640205, -23520.472469386157, -26619.899466025767, -56735.56706137265, -44005.75685569726, 0.04, 0.912, -0.384, 192.0, 0.0, 0.0, 0.0, 0.0, 0.0, 0.0, 0.0, 0.0, 0.0, 1.741279691837537E9, 0.0, 2025-03-06 10:48:11.837
54.0, -37972.12695743167, -44311.975754734965, -49830.755571217014, -48808.49853855355, -23488.442419581705, -26633.17640223222, -56736.77405557324, -43970.70932039134, 0.04, 0.912, -0.384, 192.0, 0.0, 0.0, 0.0, 0.0, 0.0, 0.0, 0.0, 0.0, 0.0, 1.741279691837551E9, 0.0, 2025-03-06 10:48:11.837
55.0, -37982.83344302576, -44328.38193516516, -49842.55729228941, -48826.49169284006, -23449.05864585145, -26651.571887918937, -56748.17344524544, -43970.10582329104, 0.04, 0.912, -0.384, 192.0, 0.0, 0.0, 0.0, 0.0, 0.0, 0.0, 0.0, 0.0, 0.0, 1.741279691837564E9, 0.0, 2025-03-06 10:48:11.837
56.0, -37982.14053894765, -44328.80661830981, -49839.360992832306, -48827.87750099629, -23479.322907843936, -26649.917858829245, -56748.32990745663, -43975.716111149326, 0.04, 0.912, -0.384, 192.0, 0.0, 0.0, 0.0, 0.0, 0.0, 0.0, 0.0, 0.0, 0.0, 1.741279691837578E9, 0.0, 2025-03-06 10:48:11.837
57.0, -37996.646821099144, -44338.462571914504, -49852.88379822777, -48835.6782598112, -23499.5959400649, -26662.546594446492, -56762.00917506328, -44000.101864350065, 0.04, 0.912, -0.384, 192.0, 0.0, 0.0, 0.0, 0.0, 0.0, 0.0, 0.0, 0.0, 0.0, 1.741279691837591E9, 0.0, 2025-03-06 10:48:11.837
58.0, -37994.054018742325, -44336.29445270234, -49851.22976913807, -48835.36533538882, -23492.666899283755, -26665.787597392515, -56759.9975180623, -43987.60723919955, 0.04, 0.912, -0.384, 192.0, 0.0, 0.0, 0.0, 0.0, 0.0, 0.0, 0.0, 0.0, 0.0, 1.741279691837609E9, 0.0, 2025-03-06 10:48:11.837
59.0, -37980.03947496885, -44324.60449035221, -49837.81872246489, -48822.53543407148, -23478.7417624881, -26656.958658332667, -56749.62630863504, -43981.52756470771, 0.04, 0.912, -0.384, 192.0, 0.0, 0.0, 0.0, 0.0, 0.0, 0.0, 0.0, 0.0, 0.0, 1.741279691837622E9, 0.0, 2025-03-06 10:48:11.837
60.0, -37986.83440528326, -44328.87367354318, -49843.87604521228, -48827.81044576293, -23514.348091405405, -26664.62530668084, -56755.52716917124, -43977.30308500565, 0.04, 0.912, -0.384, 192.0, 0.0, 0.0, 0.0, 0.0, 0.0, 0.0, 0.0, 0.0, 0.0, 1.741279691896601E9, 0.0, 2025-03-06 10:48:11.896
61.0, -37994.90338503163, -44338.10494400322, -49853.91197847271, -48840.506236613546, -23551.85431860141, -26679.1986440657, -56765.58545417613, -43981.6840269189, 0.046, 0.91, -0.386, 192.0, 1.0, 112.0, 28.0, 112.0, 243.0, 240.0, 0.0, 0.0, 0.0, 1.741279691896636E9, 0.0, 2025-03-06 10:48:11.896
62.0, -38002.92766129108, -44351.895970332145, -49867.14421119025, -48856.80065832146, -23534.621123626366, -26699.96341466468, -56777.4542304819, -43991.49644273477, 0.046, 0.91, -0.386, 192.0, 0.0, 0.0, 0.0, 0.0, 0.0, 0.0, 0.0, 0.0, 0.0, 1.74127969189666E9, 0.0, 2025-03-06 10:48:11.896
63.0, -38016.94220506456, -44367.58689493977, -49884.71268233212, -48871.39634745078, -23467.141207115797, -26702.466810043672, -56789.99355912132, -43998.5372422382, 0.046, 0.91, -0.386, 192.0, 0.0, 0.0, 0.0, 0.0, 0.0, 0.0, 0.0, 0.0, 0.0, 1.741279691896676E9, 0.0, 2025-03-06 10:48:11.896
64.0, -38026.218179013515, -44374.337121765275, -49887.1266707333, -48873.45270794067, -23479.12174214384, -26705.46194380068, -56793.368672534074, -43999.3866085275, 0.046, 0.91, -0.386, 192.0, 0.0, 0.0, 0.0, 0.0, 0.0, 0.0, 0.0, 0.0, 0.0, 1.741279691896692E9, 0.0, 2025-03-06 10:48:11.896
65.0, -38024.98883306847, -44365.70934840552, -49885.53969687697, -48869.27293172752, -23519.488992630126, -26700.74572572061, -56787.065480597674, -43985.79674789867, 0.046, 0.91, -0.386, 192.0, 0.0, 0.0, 0.0, 0.0, 0.0, 0.0, 0.0, 0.0, 0.0, 1.741279691896709E9, 0.0, 2025-03-06 10:48:11.896
66.0, -38030.88969360467, -44369.03975832937, -49896.045016770964, -48875.866696341836, -23526.730957833643, -26706.691289745726, -56792.13932658903, -43993.46339624684, 0.046, 0.91, -0.386, 192.0, 0.0, 0.0, 0.0, 0.0, 0.0, 0.0, 0.0, 0.0, 0.0, 1.741279691896726E9, 0.0, 2025-03-06 10:48:11.896
67.0, -38027.268711002915, -44369.64325542966, -49892.267571958015, -48875.91139983075, -23498.61246330887, -26710.133458391843, -56800.789451693236, -43994.20100381387, 0.046, 0.91, -0.386, 192.0, 0.0, 0.0, 0.0, 0.0, 0.0, 0.0, 0.0, 0.0, 0.0, 1.741279691896747E9, 0.0, 2025-03-06 10:48:11.896
68.0, -38022.23956850047, -44373.24188628696, -49885.4726416436, -48876.9395800757, -23506.16735293476, -26715.18495263874, -56800.074195870664, -44002.89583240698, 0.046, 0.91, -0.386, 192.0, 0.0, 0.0, 0.0, 0.0, 0.0, 0.0, 0.0, 0.0, 0.0, 1.741279691896763E9, 0.0, 2025-03-06 10:48:11.896
69.0, -38024.474742946004, -44380.21563055702, -49889.07127250091, -48882.52751618952, -23550.13323427835, -26712.972129937665, -56807.94200991893, -44009.42254178793, 0.046, 0.91, -0.386, 192.0, 0.0, 0.0, 0.0, 0.0, 0.0, 0.0, 0.0, 0.0, 0.0, 1.74127969189678E9, 0.0, 2025-03-06 10:48:11.896
70.0, -38033.59425468377, -44380.550906723845, -49896.84967957136, -48884.5391731905, -23569.221624043184, -26721.219923641675, -56813.17231812148, -43999.766588183236, 0.046, 0.91, -0.386, 192.0, 0.0, 0.0, 0.0, 0.0, 0.0, 0.0, 0.0, 0.0, 0.0, 1.741279691896797E9, 0.0, 2025-03-06 10:48:11.896
71.0, -38042.780821654895, -44388.798700427855, -49908.11495877683, -48897.01144659656, -23529.726091590655, -26733.960417981198, -56818.42497806847, -44018.497350036785, 0.048, 0.91, -0.386, 192.0, 1.0, 128.0, 28.0, 112.0, 243.0, 240.0, 0.0, 0.0, 0.0, 1.741279691896813E9, 0.0, 2025-03-06 10:48:11.896
72.0, -38054.15785958265, -44399.37107555522, -49914.48520594659, -48904.96866762265, -23522.394719409316, -26743.012874485597, -56826.04692292773, -44035.61878628955, 0.048, 0.91, -0.386, 192.0, 0.0, 0.0, 0.0, 0.0, 0.0, 0.0, 0.0, 0.0, 0.0, 1.74127969189683E9, 0.0, 2025-03-06 10:48:11.896
73.0, -38043.205504799545, -44393.58197374129, -49907.086778531884, -48899.15721406427, -23573.736676423156, -26729.132441178852, -56824.549356049225, -44033.13774265501, 0.048, 0.91, -0.386, 192.0, 0.0, 0.0, 0.0, 0.0, 0.0, 0.0, 0.0, 0.0, 0.0, 1.741279691896844E9, 0.0, 2025-03-06 10:48:11.896
74.0, -38034.890655862175, -44386.07178760431, -49902.124691262805, -48885.947333091186, -23603.01746165961, -26718.33654860694, -56821.621277525584, -44030.12025715355, 0.048, 0.91, -0.386, 192.0, 0.0, 0.0, 0.0, 0.0, 0.0, 0.0, 0.0, 0.0, 0.0, 1.741279691896857E9, 0.0, 2025-03-06 10:48:11.896
75.0, -38036.365870996226, -44386.295305048865, -49903.93518256369, -48888.67424591473, -23569.936879865752, -26726.33847312194, -56823.74469324884, -44025.225225117836, 0.048, 0.91, -0.386, 192.0, 0.0, 0.0, 0.0, 0.0, 0.0, 0.0, 0.0, 0.0, 0.0, 1.741279691956515E9, 0.0, 2025-03-06 10:48:11.956
76.0, -38058.69526370708, -44402.857947690245, -49920.386066482795, -48908.030856613026, -23533.838812570433, -26733.24516215863, -56831.63485904156, -44027.99684143029, 0.048, 0.91, -0.386, 192.0, 0.0, 0.0, 0.0, 0.0, 0.0, 0.0, 0.0, 0.0, 0.0, 1.741279691956558E9, 0.0, 2025-03-06 10:48:11.956
77.0, -38070.02759814592, -44416.17958738561, -49930.712572421144, -48919.273784074045, -23575.077781090473, -26733.513383092093, -56837.759237022314, -44023.392382072496, 0.048, 0.91, -0.386, 192.0, 0.0, 0.0, 0.0, 0.0, 0.0, 0.0, 0.0, 0.0, 0.0, 1.741279691956572E9, 0.0, 2025-03-06 10:48:11.956
78.0, -38078.945944183586, -44430.261186392454, -49941.709630693156, -48929.488531290124, -23585.404287028825, -26758.994371771143, -56850.87971101758, -44039.686803780416, 0.048, 0.91, -0.386, 192.0, 0.0, 0.0, 0.0, 0.0, 0.0, 0.0, 0.0, 0.0, 0.0, 1.74127969195659E9, 0.0, 2025-03-06 10:48:11.956
79.0, -38073.64858074768, -44427.98130845801, -49938.893310891784, -48924.05705738748, -23568.90869962081, -26752.28884843455, -56854.25482443033, -44075.404891419996, 0.048, 0.91, -0.386, 192.0, 0.0, 0.0, 0.0, 0.0, 0.0, 0.0, 0.0, 0.0, 0.0, 1.741279691956604E9, 0.0, 2025-03-06 10:48:11.956
80.0, -38086.03144717592, -44437.950186485075, -49945.91175865076, -48929.06384814547, -23537.41509168328, -26749.941915266743, -56854.43363838597, -44063.75963255878, 0.048, 0.91, -0.386, 192.0, 0.0, 0.0, 0.0, 0.0, 0.0, 0.0, 0.0, 0.0, 0.0, 1.741279691956618E9, 0.0, 2025-03-06 10:48:11.956
81.0, -38096.22384264754, -44445.97446274453, -49953.511351765555, -48935.63526101533, -23580.28573754856, -26755.753368825124, -56854.94772850844, -44048.96277772937, 0.052000000000000005, 0.912, -0.388, 192.0, 1.0, 160.0, 28.0, 128.0, 243.0, 224.0, 0.0, 0.0, 0.0, 1.741279691956631E9, 0.0, 2025-03-06 10:48:11.956
82.0, -38099.21897640455, -44448.74607905699, -49958.24992159008, -48937.736324994126, -23616.58497054398, -26755.082816491464, -56856.82527504269, -44065.03368199273, 0.052000000000000005, 0.912, -0.388, 192.0, 0.0, 0.0, 0.0, 0.0, 0.0, 0.0, 0.0, 0.0, 0.0, 1.74127969195665E9, 0.0, 2025-03-06 10:48:11.956
83.0, -38097.5425955704, -44448.36609940125, -49954.24895933258, -48934.20474937019, -23598.345947068447, -26746.231525687163, -56857.562882609716, -44042.9948619598, 0.052000000000000005, 0.912, -0.388, 192.0, 0.0, 0.0, 0.0, 0.0, 0.0, 0.0, 0.0, 0.0, 0.0, 1.741279691956664E9, 0.0, 2025-03-06 10:48:11.956
84.0, -38112.11593295526, -44464.07937575333, -49968.97875892863, -48949.31452862198, -23544.075911530963, -26765.208156729717, -56872.31503395022, -44057.03175747774, 0.052000000000000005, 0.912, -0.388, 192.0, 0.0, 0.0, 0.0, 0.0, 0.0, 0.0, 0.0, 0.0, 0.0, 1.741279691956678E9, 0.0, 2025-03-06 10:48:11.956
85.0, -38110.327793398836, -44460.883076296224, -49960.82037220244, -48933.757714481086, -23575.68127819077, -26754.121691479886, -56865.788324569265, -44095.0073713073, 0.052000000000000005, 0.912, -0.388, 192.0, 0.0, 0.0, 0.0, 0.0, 0.0, 0.0, 0.0, 0.0, 0.0, 1.741279691956692E9, 0.0, 2025-03-06 10:48:11.956
86.0, -38105.365706129756, -44459.206695462075, -49954.67364247723, -48933.265976103066, -23613.992168187164, -26746.745615809636, -56868.314071692716, -44078.98117053285, 0.052000000000000005, 0.912, -0.388, 192.0, 0.0, 0.0, 0.0, 0.0, 0.0, 0.0, 0.0, 0.0, 0.0, 1.741279691956705E9, 0.0, 2025-03-06 10:48:11.956
87.0, -38105.18689217411, -44463.408823419675, -49957.86994193435, -48938.4515808167, -23614.036871676075, -26761.944802039245, -56870.146914738056, -44073.303827441196, 0.052000000000000005, 0.912, -0.388, 192.0, 0.0, 0.0, 0.0, 0.0, 0.0, 0.0, 0.0, 0.0, 0.0, 1.741279691956718E9, 0.0, 2025-03-06 10:48:11.956
88.0, -38111.82536027734, -44471.41074793467, -49964.8436862044, -48943.65953727478, -23562.583155939956, -26774.35002021194, -56882.41802244401, -44101.93641208845, 0.052000000000000005, 0.912, -0.388, 192.0, 0.0, 0.0, 0.0, 0.0, 0.0, 0.0, 0.0, 0.0, 0.0, 1.741279691956732E9, 0.0, 2025-03-06 10:48:11.956
89.0, -38118.55323535839, -44476.50694567048, -49969.15757288427, -48947.101705920904, -23558.38102798236, -26778.01570630261, -56885.54726666776, -44102.159929533, 0.052000000000000005, 0.912, -0.388, 192.0, 0.0, 0.0, 0.0, 0.0, 0.0, 0.0, 0.0, 0.0, 0.0, 1.741279691956746E9, 0.0, 2025-03-06 10:48:11.956
90.0, -38104.27047065145, -44462.246532708, -49959.255750090575, -48936.126999393346, -23612.91928445331, -26764.470549162692, -56873.410269428525, -44073.1026617411, 0.052000000000000005, 0.912, -0.388, 192.0, 0.0, 0.0, 0.0, 0.0, 0.0, 0.0, 0.0, 0.0, 0.0, 1.741279692016658E9, 0.0, 2025-03-06 10:48:12.016
91.0, -38104.13636018471, -44465.912218798665, -49962.60851175887, -48944.553607053, -23617.613150788922, -26763.62118287339, -56880.07108927621, -44062.97732150285, 0.048, 0.912, -0.384, 192.0, 1.0, 128.0, 28.0, 128.0, 244.0, 0.0, 0.0, 0.0, 0.0, 1.741279692016709E9, 0.0, 2025-03-06 10:48:12.016
92.0, -38120.34137491481, -44479.0997480273, -49984.40146260279, -48964.04432821803, -23556.90581284831, -26782.57546217149, -56893.124508038105, -44074.555525130694, 0.048, 0.912, -0.384, 192.0, 0.0, 0.0, 0.0, 0.0, 0.0, 0.0, 0.0, 0.0, 0.0, 1.741279692016735E9, 0.0, 2025-03-06 10:48:12.016
93.0, -38133.61831112127, -44485.38058821924, -49992.62690456235, -48967.17357244177, -23552.56957442398, -26790.085648308475, -56896.79019412878, -44100.371789976576, 0.048, 0.912, -0.384, 192.0, 0.0, 0.0, 0.0, 0.0, 0.0, 0.0, 0.0, 0.0, 0.0, 1.741279692016752E9, 0.0, 2025-03-06 10:48:12.016
94.0, -38134.26651171047, -44485.224126008055, -49989.47530859415, -48967.39708988632, -23590.05344987553, -26792.119657053907, -56896.6784354065, -44086.78192934775, 0.048, 0.912, -0.384, 192.0, 0.0, 0.0, 0.0, 0.0, 0.0, 0.0, 0.0, 0.0, 0.0, 1.741279692016766E9, 0.0, 2025-03-06 10:48:12.016
95.0, -38135.07117451086, -44490.7003033996, -49990.05645394998, -48975.73429056815, -23595.306109822526, -26797.662889678824, -56901.84168837568, -44085.70904561389, 0.048, 0.912, -0.384, 192.0, 0.0, 0.0, 0.0, 0.0, 0.0, 0.0, 0.0, 0.0, 0.0, 1.741279692016779E9, 0.0, 2025-03-06 10:48:12.016
96.0, -38128.54446512991, -44497.294068013915, -49993.163346429275, -48979.84701154793, -23563.410170484804, -26800.903892624843, -56905.17209829952, -44098.44953995342, 0.048, 0.912, -0.384, 192.0, 0.0, 0.0, 0.0, 0.0, 0.0, 0.0, 0.0, 0.0, 0.0, 1.741279692016793E9, 0.0, 2025-03-06 10:48:12.016
97.0, -38133.84182856582, -44505.31834427337, -49999.13126219884, -48985.88198255086, -23559.14098729384, -26802.513218225627, -56910.5812204577, -44094.44857769592, 0.048, 0.912, -0.384, 192.0, 0.0, 0.0, 0.0, 0.0, 0.0, 0.0, 0.0, 0.0, 0.0, 1.741279692016817E9, 0.0, 2025-03-06 10:48:12.016
98.0, -38141.642587380724, -44509.34165827533, -50004.78625354603, -48989.4135581748, -23586.5665777405, -26806.536532227583, -56922.82997641921, -44113.089932571645, 0.048, 0.912, -0.384, 192.0, 0.0, 0.0, 0.0, 0.0, 0.0, 0.0, 0.0, 0.0, 0.0, 1.74127969201683E9, 0.0, 2025-03-06 10:48:12.016
99.0, -38144.34714845981, -44509.69928618662, -50006.39557914682, -48988.430081418766, -23597.273063334593, -26813.532628242094, -56922.04766536327, -44112.41938023799, 0.048, 0.912, -0.384, 192.0, 0.0, 0.0, 0.0, 0.0, 0.0, 0.0, 0.0, 0.0, 0.0, 1.741279692016844E9, 0.0, 2025-03-06 10:48:12.016
100.0, -38151.79027936343, -44512.6050129658, -50016.61032636289, -48995.94026755575, -23573.915490378797, -26819.433488778293, -56921.868851407635, -44095.72262712987, 0.048, 0.912, -0.384, 192.0, 0.0, 0.0, 0.0, 0.0, 0.0, 0.0, 0.0, 0.0, 0.0, 1.741279692016858E9, 0.0, 2025-03-06 10:48:12.016
101.0, -38161.46858471258, -44521.23278632555, -50024.92517530027, -49001.70701762522, -23567.880519375864, -26823.054471380052, -56924.19343283099, -44105.959726090405, 0.048, 0.912, -0.384, 192.0, 1.0, 128.0, 28.0, 128.0, 244.0, 0.0, 0.0, 0.0, 0.0, 1.741279692016871E9, 0.0, 2025-03-06 10:48:12.016
102.0, -38159.6580934117, -44522.7080014596, -50019.89603279782, -49002.64579089234, -23622.262313635627, -26828.03891039359, -56927.188566587996, -44126.74684843384, 0.048, 0.912, -0.384, 192.0, 0.0, 0.0, 0.0, 0.0, 0.0, 0.0, 0.0, 0.0, 0.0, 1.741279692016886E9, 0.0, 2025-03-06 10:48:12.016
103.0, -38166.2071545371, -44528.273585828974, -50024.0087537776, -49007.5184711836, -23637.95323824325, -26821.7804219461, -56929.490796266895, -44106.18324353496, 0.048, 0.912, -0.384, 192.0, 0.0, 0.0, 0.0, 0.0, 0.0, 0.0, 0.0, 0.0, 0.0, 1.741279692016899E9, 0.0, 2025-03-06 10:48:12.016
104.0, -38170.431634239154, -44533.928577176164, -50034.98346030515, -49017.62145967739, -23621.569409557513, -26836.554925031058, -56933.17883410202, -44099.812996365195, 0.048, 0.912, -0.384, 192.0, 0.0, 0.0, 0.0, 0.0, 0.0, 0.0, 0.0, 0.0, 0.0, 1.741279692016913E9, 0.0, 2025-03-06 10:48:12.016
105.0, -38169.89519237223, -44532.98980390904, -50030.40135269181, -49014.2686980091, -23584.08553410596, -26845.83089898001, -56950.16615988805, -44138.07918287268, 0.048, 0.912, -0.384, 192.0, 0.0, 0.0, 0.0, 0.0, 0.0, 0.0, 0.0, 0.0, 0.0, 1.741279692076895E9, 0.0, 2025-03-06 10:48:12.076
106.0, -38166.92241035967, -44524.45143752712, -50022.28766945454, -49004.88096533787, -23620.988264201675, -26837.851326209468, -56946.679287753024, -44135.91106366051, 0.048, 0.912, -0.384, 192.0, 0.0, 0.0, 0.0, 0.0, 0.0, 0.0, 0.0, 0.0, 0.0, 1.741279692076934E9, 0.0, 2025-03-06 10:48:12.076
107.0, -38177.04775059793, -44529.8605596853, -50034.62583239387, -49018.87315736689, -23657.131034985905, -26844.51214605715, -56953.675383767535, -44113.26874652729, 0.048, 0.912, -0.384, 192.0, 0.0, 0.0, 0.0, 0.0, 0.0, 0.0, 0.0, 0.0, 0.0, 1.741279692076958E9, 0.0, 2025-03-06 10:48:12.076
108.0, -38173.73969241854, -44531.24636784153, -50033.12826551536, -49015.76626488761, -23644.032912735096, -26844.154518145864, -56964.56068331727, -44144.85176144264, 0.048, 0.912, -0.384, 192.0, 0.0, 0.0, 0.0, 0.0, 0.0, 0.0, 0.0, 0.0, 0.0, 1.741279692076974E9, 0.0, 2025-03-06 10:48:12.076
109.0, -38171.16924180618, -44532.31925157538, -50025.61807937838, -49009.35131422893, -23589.38289754187, -26839.8853349549, -56970.57330257575, -44145.87994168758, 0.048, 0.912, -0.384, 192.0, 0.0, 0.0, 0.0, 0.0, 0.0, 0.0, 0.0, 0.0, 0.0, 1.741279692076988E9, 0.0, 2025-03-06 10:48:12.076
110.0, -38164.37431149177, -44527.29010907294, -50017.92907928576, -49004.500985682134, -23648.81618604853, -26838.767747732134, -56960.00092744839, -44155.84881971464, 0.048, 0.912, -0.384, 192.0, 0.0, 0.0, 0.0, 0.0, 0.0, 0.0, 0.0, 0.0, 0.0, 1.741279692077002E9, 0.0, 2025-03-06 10:48:12.077
111.0, -38168.352922004815, -44535.18027486566, -50026.04276252303, -49013.64284916435, -23677.22525325123, -26843.126337900918, -56962.30315712728, -44165.81769774172, 0.044, 0.91, -0.384, 192.0, 1.0, 96.0, 28.0, 112.0, 244.0, 0.0, 0.0, 0.0, 0.0, 1.74127969207702E9, 0.0, 2025-03-06 10:48:12.077
112.0, -38171.68333192865, -44533.88387368726, -50030.93779455874, -49019.320192256, -23689.96574759075, -26853.721064772733, -56960.537369315316, -44140.426116040486, 0.044, 0.91, -0.384, 192.0, 0.0, 0.0, 0.0, 0.0, 0.0, 0.0, 0.0, 0.0, 0.0, 1.741279692077038E9, 0.0, 2025-03-06 10:48:12.077
113.0, -38183.14977683422, -44544.45624881462, -50043.58888192045, -49028.395000504854, -23662.808378077552, -26863.30996314406, -56971.04268920931, -44171.98677921138, 0.044, 0.91, -0.384, 192.0, 0.0, 0.0, 0.0, 0.0, 0.0, 0.0, 0.0, 0.0, 0.0, 1.741279692077051E9, 0.0, 2025-03-06 10:48:12.077
114.0, -38187.03898036945, -44552.07819367388, -50043.47712319817, -49033.6253087074, -23671.749075859676, -26861.253602654175, -56968.0475554523, -44163.71663376292, 0.044, 0.91, -0.384, 192.0, 0.0, 0.0, 0.0, 0.0, 0.0, 0.0, 0.0, 0.0, 0.0, 1.741279692077064E9, 0.0, 2025-03-06 10:48:12.077
115.0, -38180.22169831058, -44546.0655744154, -50036.61513765039, -49024.61755569191, -23711.334015290024, -26852.02233219413, -56958.74922975889, -44146.19286610995, 0.044, 0.91, -0.384, 192.0, 0.0, 0.0, 0.0, 0.0, 0.0, 0.0, 0.0, 0.0, 0.0, 1.741279692077078E9, 0.0, 2025-03-06 10:48:12.077
116.0, -38176.108977330805, -44540.25412085702, -50030.624870136366, -49018.09084631096, -23728.433099798334, -26845.65208502437, -56951.95429944448, -44146.1705143655, 0.044, 0.91, -0.384, 192.0, 0.0, 0.0, 0.0, 0.0, 0.0, 0.0, 0.0, 0.0, 0.0, 1.741279692077092E9, 0.0, 2025-03-06 10:48:12.077
117.0, -38186.32372454688, -44551.22882738458, -50040.12436152987, -49027.433875493276, -23678.63341315191, -26846.143823402384, -56957.13990415811, -44136.849836927635, 0.044, 0.91, -0.384, 192.0, 0.0, 0.0, 0.0, 0.0, 0.0, 0.0, 0.0, 0.0, 0.0, 1.741279692077105E9, 0.0, 2025-03-06 10:48:12.077
118.0, -38199.75712296452, -44562.13647867876, -50053.02131808059, -49035.391096519365, -23662.987192033197, -26861.03008520962, -56964.18070366153, -44137.58744449466, 0.044, 0.91, -0.384, 192.0, 0.0, 0.0, 0.0, 0.0, 0.0, 0.0, 0.0, 0.0, 0.0, 1.741279692077119E9, 0.0, 2025-03-06 10:48:12.077
119.0, -38197.09726537434, -44559.23075189957, -50052.440172724746, -49035.01111686363, -23696.98419534972, -26863.13114918842, -56965.41004960657, -44155.73706099237, 0.044, 0.91, -0.384, 192.0, 0.0, 0.0, 0.0, 0.0, 0.0, 0.0, 0.0, 0.0, 0.0, 1.741279692077133E9, 0.0, 2025-03-06 10:48:12.077
120.0, -38183.373294278776, -44551.45234482913, -50038.69384988474, -49026.2715847816, -23719.11242236047, -26854.481024084216, -56955.619985535144, -44130.3678310356, 0.044, 0.91, -0.384, 192.0, 0.0, 0.0, 0.0, 0.0, 0.0, 0.0, 0.0, 0.0, 0.0, 1.741279692137244E9, 0.0, 2025-03-06 10:48:12.137
121.0, -38189.117692603795, -44562.9187897347, -50046.204036021714, -49036.173407575305, -23672.374924704425, -26861.87945149892, -56969.23219790843, -44146.46108704342, 0.042, 0.906, -0.388, 192.0, 1.0, 80.0, 28.0, 80.0, 243.0, 224.0, 0.0, 0.0, 0.0, 1.741279692137293E9, 0.0, 2025-03-06 10:48:12.137
122.0, -38205.90385268973, -44578.36384515332, -50059.90565537282, -49048.265701325625, -23647.050398236563, -26874.12820746043, -56978.82109627975, -44174.825450757206, 0.042, 0.906, -0.388, 192.0, 0.0, 0.0, 0.0, 0.0, 0.0, 0.0, 0.0, 0.0, 0.0, 1.741279692137313E9, 0.0, 2025-03-06 10:48:12.137
123.0, -38203.020477654994, -44573.20059218414, -50057.64812918283, -49045.69525071326, -23685.02601206613, -26877.682134828825, -56980.318663158265, -44172.83614550068, 0.042, 0.906, -0.388, 192.0, 0.0, 0.0, 0.0, 0.0, 0.0, 0.0, 0.0, 0.0, 0.0, 1.74127969213733E9, 0.0, 2025-03-06 10:48:12.137
124.0, -38197.52194851899, -44571.43480437217, -50054.742402403645, -49046.36580304692, -23717.413689781868, -26877.95035576229, -56973.14375318811, -44146.6175492546, 0.042, 0.906, -0.388, 192.0, 0.0, 0.0, 0.0, 0.0, 0.0, 0.0, 0.0, 0.0, 0.0, 1.741279692137344E9, 0.0, 2025-03-06 10:48:12.137
125.0, -38209.41307656921, -44582.43186264418, -50067.70641418772, -49056.647605496364, -23684.623680665933, -26885.03585875462, -56974.23898866642, -44156.139392392564, 0.042, 0.906, -0.388, 192.0, 0.0, 0.0, 0.0, 0.0, 0.0, 0.0, 0.0, 0.0, 0.0, 1.741279692137358E9, 0.0, 2025-03-06 10:48:12.137
126.0, -38215.828027227886, -44584.35411266734, -50067.50524848762, -49052.49018102768, -23661.422569921324, -26887.382791922428, -56977.27882591234, -44163.18019189599, 0.042, 0.906, -0.388, 192.0, 0.0, 0.0, 0.0, 0.0, 0.0, 0.0, 0.0, 0.0, 0.0, 1.741279692137372E9, 0.0, 2025-03-06 10:48:12.137
127.0, -38213.03405917097, -44579.68259807618, -50064.93479787526, -49051.95373916075, -23711.31166354557, -26889.863835556967, -56980.162200947074, -44144.94116842046, 0.042, 0.906, -0.388, 192.0, 0.0, 0.0, 0.0, 0.0, 0.0, 0.0, 0.0, 0.0, 0.0, 1.741279692137386E9, 0.0, 2025-03-06 10:48:12.137
128.0, -38205.79209396745, -44575.50282186304, -50059.570379205994, -49048.71273621473, -23734.959809179283, -26888.61213786747, -56984.297273671305, -44169.908066977034, 0.042, 0.906, -0.388, 192.0, 0.0, 0.0, 0.0, 0.0, 0.0, 0.0, 0.0, 0.0, 0.0, 1.741279692137409E9, 0.0, 2025-03-06 10:48:12.137
129.0, -38199.399495053236, -44573.93819975117, -50057.7151844162, -49046.075230369, -23714.664425213865, -26888.053344256085, -56985.3031021718, -44168.0752239317, 0.042, 0.906, -0.388, 192.0, 0.0, 0.0, 0.0, 0.0, 0.0, 0.0, 0.0, 0.0, 0.0, 1.741279692137422E9, 0.0, 2025-03-06 10:48:12.137
130.0, -38219.56076855192, -44594.16652848322, -50077.34001604796, -49068.91871320233, -23650.604325604956, -26907.56641716557, -56997.88713430013, -44186.69422706297, 0.042, 0.906, -0.388, 192.0, 0.0, 0.0, 0.0, 0.0, 0.0, 0.0, 0.0, 0.0, 0.0, 1.741279692137435E9, 0.0, 2025-03-06 10:48:12.137
131.0, -38215.02336442749, -44586.522231879506, -50066.16414382031, -49055.84294269597, -23687.50705570067, -26892.300175702596, -56983.98434924893, -44173.193773411964, 0.044, 0.908, -0.384, 192.0, 1.0, 96.0, 28.0, 96.0, 244.0, 0.0, 0.0, 0.0, 0.0, 1.741279692137449E9, 0.0, 2025-03-06 10:48:12.137
132.0, -38216.36446909481, -44588.71270283612, -50068.06404209901, -49057.67578574131, -23725.057986385586, -26892.099010002497, -56983.91729401556, -44144.82940969818, 0.044, 0.908, -0.384, 192.0, 0.0, 0.0, 0.0, 0.0, 0.0, 0.0, 0.0, 0.0, 0.0, 1.741279692137463E9, 0.0, 2025-03-06 10:48:12.137
133.0, -38229.12731517879, -44604.962421055134, -50086.32541731899, -49078.70877727375, -23694.92783485983, -26914.160181779884, -57007.028997782356, -44184.86138401763, 0.044, 0.908, -0.384, 192.0, 0.0, 0.0, 0.0, 0.0, 0.0, 0.0, 0.0, 0.0, 0.0, 1.741279692137476E9, 0.0, 2025-03-06 10:48:12.137
134.0, -38234.4246786147, -44611.64559264727, -50090.08051038749, -49082.10624243096, -23645.01638949113, -26912.170876523363, -57014.986218808444, -44212.354029697664, 0.044, 0.908, -0.384, 192.0, 0.0, 0.0, 0.0, 0.0, 0.0, 0.0, 0.0, 0.0, 0.0, 1.74127969213749E9, 0.0, 2025-03-06 10:48:12.137
135.0, -38235.54226583747, -44615.44538920467, -50093.18740286677, -49084.1849546653, -23667.390485690892, -26905.778277609144, -57016.036750797844, -44218.70192512297, 0.044, 0.908, -0.384, 192.0, 0.0, 0.0, 0.0, 0.0, 0.0, 0.0, 0.0, 0.0, 0.0, 1.741279692197676E9, 0.0, 2025-03-06 10:48:12.197
136.0, -38226.19923665515, -44612.8302351034, -50085.31958881851, -49082.41916685333, -23697.766506405653, -26900.19034149532, -57013.98039030795, -44195.567869611725, 0.044, 0.908, -0.384, 192.0, 0.0, 0.0, 0.0, 0.0, 0.0, 0.0, 0.0, 0.0, 0.0, 1.74127969219773E9, 0.0, 2025-03-06 10:48:12.197
137.0, -38215.06806791641, -44603.75542685454, -50075.797745680546, -49079.22286739622, -23705.902541387386, -26908.41578345487, -57009.71120711699, -44187.76711079683, 0.044, 0.908, -0.384, 192.0, 0.0, 0.0, 0.0, 0.0, 0.0, 0.0, 0.0, 0.0, 0.0, 1.741279692197747E9, 0.0, 2025-03-06 10:48:12.197
138.0, -38222.91353022022, -44605.49886292206, -50084.872553929396, -49083.335588376, -23653.554755873058, -26919.412841726884, -57021.222355511476, -44197.02073300132, 0.044, 0.908, -0.384, 192.0, 0.0, 0.0, 0.0, 0.0, 0.0, 0.0, 0.0, 0.0, 0.0, 1.741279692197764E9, 0.0, 2025-03-06 10:48:12.197
139.0, -38236.436335615675, -44612.40555195875, -50093.120347633405, -49084.16260292085, -23660.260279209648, -26921.871533616966, -57026.83264336976, -44193.355046910656, 0.044, 0.908, -0.384, 192.0, 0.0, 0.0, 0.0, 0.0, 0.0, 0.0, 0.0, 0.0, 0.0, 1.741279692197778E9, 0.0, 2025-03-06 10:48:12.197
140.0, -38247.209876443136, -44622.03915381899, -50103.268039616116, -49091.15869893536, -23710.88698040092, -26929.247609287217, -57025.42448346907, -44179.20639267044, 0.044, 0.908, -0.384, 192.0, 0.0, 0.0, 0.0, 0.0, 0.0, 0.0, 0.0, 0.0, 0.0, 1.741279692197791E9, 0.0, 2025-03-06 10:48:12.197
141.0, -38245.15351595325, -44617.45704620565, -50105.54791755056, -49089.303504145566, -23726.868477686465, -26929.404071498404, -57027.88317535915, -44187.58829684118, 0.048, 0.908, -0.386, 192.0, 1.0, 128.0, 28.0, 96.0, 243.0, 240.0, 0.0, 0.0, 0.0, 1.741279692197805E9, 0.0, 2025-03-06 10:48:12.197
142.0, -38252.3284259234, -44628.40940098875, -50116.00853395564, -49099.942934506296, -23681.29327074209, -26931.99687385522, -57038.94728886453, -44206.900204050566, 0.048, 0.908, -0.386, 192.0, 0.0, 0.0, 0.0, 0.0, 0.0, 0.0, 0.0, 0.0, 0.0, 1.74127969219782E9, 0.0, 2025-03-06 10:48:12.197
143.0, -38249.95914101114, -44626.95653759915, -50106.5760977955, -49100.7923007956, -23695.73249766022, -26930.700472676814, -57033.448759728526, -44201.245212703376, 0.048, 0.908, -0.386, 192.0, 0.0, 0.0, 0.0, 0.0, 0.0, 0.0, 0.0, 0.0, 0.0, 1.741279692197837E9, 0.0, 2025-03-06 10:48:12.197
144.0, -38256.217629458624, -44626.82242713242, -50108.16307165183, -49100.30056241758, -23747.02975118515, -26936.109594834998, -57035.84039638525, -44204.2850499493, 0.048, 0.908, -0.386, 192.0, 0.0, 0.0, 0.0, 0.0, 0.0, 0.0, 0.0, 0.0, 0.0, 1.74127969219785E9, 0.0, 2025-03-06 10:48:12.197
145.0, -38256.03881550298, -44624.11786605333, -50108.63245828539, -49097.417187382845, -23772.37662939747, -26945.13969959494, -57036.08626557425, -44207.92838429551, 0.048, 0.908, -0.386, 192.0, 0.0, 0.0, 0.0, 0.0, 0.0, 0.0, 0.0, 0.0, 0.0, 1.741279692197863E9, 0.0, 2025-03-06 10:48:12.197
146.0, -38251.52376312301, -44621.54741544097, -50107.6266297849, -49096.567821093544, -23738.156108636394, -26941.496365248724, -57034.991030095945, -44190.046988731265, 0.048, 0.908, -0.386, 192.0, 0.0, 0.0, 0.0, 0.0, 0.0, 0.0, 0.0, 0.0, 0.0, 1.741279692197877E9, 0.0, 2025-03-06 10:48:12.197
147.0, -38252.462536390136, -44624.65430792026, -50108.00660944064, -49098.22185018323, -23718.464221771268, -26937.115423335486, -57036.77916965236, -44192.05864573224, 0.048, 0.908, -0.386, 192.0, 0.0, 0.0, 0.0, 0.0, 0.0, 0.0, 0.0, 0.0, 0.0, 1.741279692197891E9, 0.0, 2025-03-06 10:48:12.197
148.0, -38251.90374277875, -44623.000278830565, -50107.87249897391, -49100.92641126233, -23760.127873435962, -26930.834583143544, -57040.33309702076, -44216.37734369962, 0.048, 0.908, -0.386, 192.0, 0.0, 0.0, 0.0, 0.0, 0.0, 0.0, 0.0, 0.0, 0.0, 1.741279692197904E9, 0.0, 2025-03-06 10:48:12.197
149.0, -38265.65006561876, -44631.82921789041, -50122.691705547775, -49116.72909459223, -23775.595280599035, -26945.787900184143, -57052.470094259996, -44201.111102236646, 0.048, 0.908, -0.386, 192.0, 0.0, 0.0, 0.0, 0.0, 0.0, 0.0, 0.0, 0.0, 0.0, 1.741279692197917E9, 0.0, 2025-03-06 10:48:12.197
150.0, -38273.33906571139, -44643.787401174, -50131.6324033299, -49127.03324878612, -23744.727521506255, -26961.948211425333, -57062.34956530924, -44210.76705584134, 0.048, 0.908, -0.386, 192.0, 0.0, 0.0, 0.0, 0.0, 0.0, 0.0, 0.0, 0.0, 0.0, 1.741279692256931E9, 0.0, 2025-03-06 10:48:12.256
151.0, -38284.24671700558, -44652.37047104484, -50137.19798769927, -49128.3967051979, -23706.237817554214, -26961.76939746969, -57068.876274690185, -44217.62904138912, 0.054, 0.912, -0.386, 192.0, 1.0, 176.0, 28.0, 128.0, 243.0, 240.0, 0.0, 0.0, 0.0, 1.741279692256967E9, 0.0, 2025-03-06 10:48:12.256
152.0, -38280.35751347036, -44645.95552038617, -50131.02890622961, -49121.62412662794, -23764.106483949006, -26945.98906588424, -57059.309728063316, -44210.90116630807, 0.054, 0.912, -0.386, 192.0, 0.0, 0.0, 0.0, 0.0, 0.0, 0.0, 0.0, 0.0, 0.0, 1.741279692256987E9, 0.0, 2025-03-06 10:48:12.256
153.0, -38280.02223730353, -44645.46378200815, -50134.11344696444, -49125.088647018514, -23792.783772085164, -26941.988103626743, -57054.839379172256, -44228.33552698321, 0.054, 0.912, -0.386, 192.0, 0.0, 0.0, 0.0, 0.0, 0.0, 0.0, 0.0, 0.0, 0.0, 1.741279692257004E9, 0.0, 2025-03-06 10:48:12.257
154.0, -38276.490661679585, -44640.6358052058, -50127.184406183296, -49119.59011788251, -23764.97820198276, -26950.258249075207, -57067.60222525623, -44260.723204698945, 0.054, 0.912, -0.386, 192.0, 0.0, 0.0, 0.0, 0.0, 0.0, 0.0, 0.0, 0.0, 0.0, 1.741279692257018E9, 0.0, 2025-03-06 10:48:12.257
155.0, -38280.983362315106, -44641.8875028953, -50123.764589281636, -49120.3947806829, -23737.910239447385, -26952.94045840984, -57073.95012068154, -44243.400602746085, 0.054, 0.912, -0.386, 192.0, 0.0, 0.0, 0.0, 0.0, 0.0, 0.0, 0.0, 0.0, 0.0, 1.741279692257031E9, 0.0, 2025-03-06 10:48:12.257
156.0, -38289.47702520812, -44641.954558128666, -50128.81608352853, -49123.68048711783, -23775.751742810222, -26952.71694096529, -57076.654681760636, -44237.030355576324, 0.054, 0.912, -0.386, 192.0, 0.0, 0.0, 0.0, 0.0, 0.0, 0.0, 0.0, 0.0, 0.0, 1.741279692257044E9, 0.0, 2025-03-06 10:48:12.257
157.0, -38304.944432371194, -44653.86803792334, -50149.35733668296, -49137.315051235564, -23802.484429178767, -26968.966659184298, -57086.13182140968, -44245.88164638062, 0.054, 0.912, -0.386, 192.0, 0.0, 0.0, 0.0, 0.0, 0.0, 0.0, 0.0, 0.0, 0.0, 1.741279692257059E9, 0.0, 2025-03-06 10:48:12.257
158.0, -38308.230138806124, -44657.466668780646, -50151.72662159522, -49149.16147579688, -23800.18219949987, -26980.9695459568, -57087.271760376905, -44240.33841375571, 0.054, 0.912, -0.386, 192.0, 0.0, 0.0, 0.0, 0.0, 0.0, 0.0, 0.0, 0.0, 0.0, 1.741279692257075E9, 0.0, 2025-03-06 10:48:12.257
159.0, -38300.116455568845, -44654.49388676809, -50142.71886857973, -49152.58129269854, -23768.46507411779, -26979.62844128948, -57094.20080115805, -44248.83207664872, 0.054, 0.912, -0.386, 192.0, 0.0, 0.0, 0.0, 0.0, 0.0, 0.0, 0.0, 0.0, 0.0, 1.741279692257088E9, 0.0, 2025-03-06 10:48:12.257
160.0, -38298.39537124579, -44654.91856991274, -50141.69068833479, -49156.22462704476, -23788.38047842747, -26979.7178482673, -57085.7741934984, -44245.74753591389, 0.054, 0.912, -0.386, 192.0, 0.0, 0.0, 0.0, 0.0, 0.0, 0.0, 0.0, 0.0, 0.0, 1.741279692257102E9, 0.0, 2025-03-06 10:48:12.257
161.0, -38301.81518814745, -44653.331596056414, -50145.19991221427, -49162.43841200333, -23811.581589172078, -26987.071572193097, -57093.82082150231, -44249.36851851565, 0.048, 0.908, -0.39, 192.0, 1.0, 128.0, 28.0, 96.0, 243.0, 208.0, 0.0, 0.0, 0.0, 1.741279692257116E9, 0.0, 2025-03-06 10:48:12.257
162.0, -38302.15046431428, -44651.521104755535, -50150.18435122781, -49165.2547318047, -23811.223961260792, -26990.469037350304, -57099.31935063832, -44254.576474973735, 0.048, 0.908, -0.39, 192.0, 0.0, 0.0, 0.0, 0.0, 0.0, 0.0, 0.0, 0.0, 0.0, 1.741279692257131E9, 0.0, 2025-03-06 10:48:12.257
163.0, -38304.22917654862, -44656.013805391056, -50157.225150731225, -49170.619150473976, -23775.572928854577, -26996.59341533106, -57105.376673385705, -44265.9982163904, 0.048, 0.908, -0.39, 192.0, 0.0, 0.0, 0.0, 0.0, 0.0, 0.0, 0.0, 0.0, 0.0, 1.741279692257144E9, 0.0, 2025-03-06 10:48:12.257
164.0, -38311.35938302986, -44659.5900845039, -50159.482676921216, -49172.29553130812, -23802.976167556786, -27004.751802057246, -57105.935466997085, -44263.09248961121, 0.048, 0.908, -0.39, 192.0, 0.0, 0.0, 0.0, 0.0, 0.0, 0.0, 0.0, 0.0, 0.0, 1.741279692257158E9, 0.0, 2025-03-06 10:48:12.257
165.0, -38305.27970853802, -44651.31993905544, -50148.37385992693, -49163.24307480372, -23866.388066576492, -26992.346583884548, -57098.55939132684, -44252.36365227267, 0.048, 0.908, -0.39, 192.0, 0.0, 0.0, 0.0, 0.0, 0.0, 0.0, 0.0, 0.0, 0.0, 1.741279692316533E9, 0.0, 2025-03-06 10:48:12.316
166.0, -38300.898766624785, -44648.03423262051, -50147.166865726336, -49156.38108925594, -23890.751468032777, -26983.24942389124, -57096.88301049269, -44227.57556767173, 0.048, 0.908, -0.39, 192.0, 0.0, 0.0, 0.0, 0.0, 0.0, 0.0, 0.0, 0.0, 0.0, 1.74127969231656E9, 0.0, 2025-03-06 10:48:12.316
167.0, -38310.97940337413, -44656.81846819144, -50160.46615367725, -49172.04966211911, -23841.644685464467, -27006.83051429159, -57105.46608036353, -44242.01479458986, 0.048, 0.908, -0.39, 192.0, 0.0, 0.0, 0.0, 0.0, 0.0, 0.0, 0.0, 0.0, 0.0, 1.741279692316581E9, 0.0, 2025-03-06 10:48:12.316
168.0, -38325.508037270076, -44665.021558406545, -50169.339796226006, -49173.815449931084, -23823.450365477845, -27009.222150948306, -57109.75761529894, -44258.89036165361, 0.048, 0.908, -0.39, 192.0, 0.0, 0.0, 0.0, 0.0, 0.0, 0.0, 0.0, 0.0, 0.0, 1.7412796923166E9, 0.0, 2025-03-06 10:48:12.316
169.0, -38336.86272345337, -44666.56382877396, -50176.44765096279, -49178.17404009987, -23860.57661301811, -27007.948101514354, -57119.25710669245, -44262.28782681082, 0.048, 0.908, -0.39, 192.0, 0.0, 0.0, 0.0, 0.0, 0.0, 0.0, 0.0, 0.0, 0.0, 1.741279692316614E9, 0.0, 2025-03-06 10:48:12.316
170.0, -38346.80924973598, -44668.17315437474, -50182.952008599284, -49183.1584791134, -23876.513406814745, -27015.48063939579, -57122.31929568283, -44256.47637325244, 0.046, 0.908, -0.388, 192.0, 1.0, 112.0, 28.0, 96.0, 243.0, 224.0, 0.0, 0.0, 0.0, 1.741279692316628E9, 0.0, 2025-03-06 10:48:12.316
171.0, -38337.242703109114, -44665.870924695846, -50178.52636319713, -49189.37226407198, -23839.878897652496, -27019.839229564575, -57120.486452637495, -44246.97688185894, 0.046, 0.908, -0.388, 192.0, 0.0, 0.0, 0.0, 0.0, 0.0, 0.0, 0.0, 0.0, 0.0, 1.741279692316642E9, 0.0, 2025-03-06 10:48:12.316
172.0, -38334.82871470794, -44670.207163120176, -50175.46417420676, -49190.22163036128, -23820.835211376576, -27028.86933432452, -57124.174490472615, -44289.735769001934, 0.046, 0.908, -0.388, 192.0, 0.0, 0.0, 0.0, 0.0, 0.0, 0.0, 0.0, 0.0, 0.0, 1.741279692316656E9, 0.0, 2025-03-06 10:48:12.316
173.0, -38332.213560606666, -44670.87771545383, -50172.22317126074, -49180.07393837857, -23858.319086828124, -27026.455345923347, -57122.00637126045, -44297.42476909456, 0.046, 0.908, -0.388, 192.0, 0.0, 0.0, 0.0, 0.0, 0.0, 0.0, 0.0, 0.0, 0.0, 1.741279692316673E9, 0.0, 2025-03-06 10:48:12.316
174.0, -38327.6985082267, -44664.35100607288, -50172.42433696084, -49180.83389769005, -23890.885578499507, -27025.53892440068, -57112.39512114467, -44234.37049798614, 0.046, 0.908, -0.388, 192.0, 0.0, 0.0, 0.0, 0.0, 0.0, 0.0, 0.0, 0.0, 0.0, 1.741279692316686E9, 0.0, 2025-03-06 10:48:12.316
175.0, -38343.07650841195, -44678.544363802, -50186.93061911233, -49196.56952578659, -23862.521214785724, -27032.669130881925, -57118.094815980774, -44279.14104213012, 0.046, 0.908, -0.388, 192.0, 0.0, 0.0, 0.0, 0.0, 0.0, 0.0, 0.0, 0.0, 0.0, 1.7412796923167E9, 0.0, 2025-03-06 10:48:12.316
176.0, -38354.18532540624, -44690.681361041236, -50190.81982264755, -49203.386807845454, -23815.202571773836, -27024.197819733363, -57122.431054405104, -44332.673470100584, 0.046, 0.908, -0.388, 192.0, 0.0, 0.0, 0.0, 0.0, 0.0, 0.0, 0.0, 0.0, 0.0, 1.741279692316714E9, 0.0, 2025-03-06 10:48:12.316
177.0, -38352.64305503882, -44686.769805761556, -50186.237715034214, -49192.16623212889, -23842.85167966505, -27014.117182984017, -57125.76146432894, -44321.58700485075, 0.046, 0.908, -0.388, 192.0, 0.0, 0.0, 0.0, 0.0, 0.0, 0.0, 0.0, 0.0, 0.0, 1.741279692316727E9, 0.0, 2025-03-06 10:48:12.316
178.0, -38348.97736894815, -44677.42677657924, -50186.19301154531, -49186.08655763705, -23867.215081121336, -27016.799392318655, -57125.850871306764, -44298.6541150396, 0.046, 0.908, -0.388, 192.0, 0.0, 0.0, 0.0, 0.0, 0.0, 0.0, 0.0, 0.0, 0.0, 1.741279692316741E9, 0.0, 2025-03-06 10:48:12.316
179.0, -38341.53423804453, -44674.118718399855, -50181.92382835434, -49186.824165204074, -23837.397854017956, -27020.934465042887, -57123.0345515054, -44291.47920506945, 0.046, 0.908, -0.388, 192.0, 0.0, 0.0, 0.0, 0.0, 0.0, 0.0, 0.0, 0.0, 0.0, 1.741279692316754E9, 0.0, 2025-03-06 10:48:12.316
180.0, -38347.524505558555, -44684.534631316026, -50187.444709234805, -49196.614229275496, -23782.83724580255, -27019.39219467547, -57130.23181322001, -44294.16141440409, 0.044, 0.906, -0.384, 192.0, 1.0, 96.0, 28.0, 80.0, 244.0, 0.0, 0.0, 0.0, 0.0, 1.741279692376797E9, 0.0, 2025-03-06 10:48:12.376
181.0, -38350.72080501566, -44681.96418070367, -50188.67405517984, -49193.41792981839, -23803.24438849025, -27025.53892440068, -57131.14823474267, -44298.87763248416, 0.044, 0.906, -0.384, 192.0, 0.0, 0.0, 0.0, 0.0, 0.0, 0.0, 0.0, 0.0, 0.0, 1.741279692376826E9, 0.0, 2025-03-06 10:48:12.376
182.0, -38354.49824982861, -44678.27614286854, -50196.00542736118, -49194.53551704115, -23825.707891667833, -27024.622502878014, -57128.75659808596, -44291.345094602715, 0.044, 0.906, -0.384, 192.0, 0.0, 0.0, 0.0, 0.0, 0.0, 0.0, 0.0, 0.0, 0.0, 1.741279692376844E9, 0.0, 2025-03-06 10:48:12.376
183.0, -38361.2037731652, -44684.1993551492, -50203.91794489836, -49208.03597069216, -23807.826496103586, -27039.374654218514, -57131.662324865145, -44266.33349255723, 0.044, 0.906, -0.384, 192.0, 0.0, 0.0, 0.0, 0.0, 0.0, 0.0, 0.0, 0.0, 0.0, 1.741279692376857E9, 0.0, 2025-03-06 10:48:12.376
184.0, -38361.717863287675, -44689.09438718491, -50208.65651472289, -49216.28376439617, -23764.307649649105, -27044.537907187692, -57137.965516801545, -44289.19932713501, 0.044, 0.906, -0.384, 192.0, 0.0, 0.0, 0.0, 0.0, 0.0, 0.0, 0.0, 0.0, 0.0, 1.741279692376874E9, 0.0, 2025-03-06 10:48:12.376
185.0, -38358.47686034165, -44684.579334804934, -50201.03456986363, -49207.521880569686, -23781.89847253543, -27032.40090994846, -57133.91985105513, -44310.14291168963, 0.044, 0.906, -0.384, 192.0, 0.0, 0.0, 0.0, 0.0, 0.0, 0.0, 0.0, 0.0, 0.0, 1.741279692376888E9, 0.0, 2025-03-06 10:48:12.376
186.0, -38351.77133700506, -44683.08176792643, -50199.805223918585, -49205.89020322445, -23820.701100909842, -27025.091889511576, -57131.01412427594, -44299.52583307336, 0.044, 0.906, -0.384, 192.0, 0.0, 0.0, 0.0, 0.0, 0.0, 0.0, 0.0, 0.0, 0.0, 1.741279692376902E9, 0.0, 2025-03-06 10:48:12.376
187.0, -38352.53129631654, -44688.24502089561, -50207.53892750012, -49216.68609579636, -23817.169525285903, -27036.938314072886, -57138.50195866847, -44299.97286796247, 0.044, 0.906, -0.384, 192.0, 0.0, 0.0, 0.0, 0.0, 0.0, 0.0, 0.0, 0.0, 0.0, 1.741279692376915E9, 0.0, 2025-03-06 10:48:12.376
188.0, -38362.008435965596, -44692.290686642016, -50215.6526107374, -49228.37605814649, -23765.581699083057, -27046.594267677578, -57144.55928141586, -44301.984524963445, 0.044, 0.906, -0.384, 192.0, 0.0, 0.0, 0.0, 0.0, 0.0, 0.0, 0.0, 0.0, 0.0, 1.741279692376932E9, 0.0, 2025-03-06 10:48:12.376
189.0, -38372.200831437214, -44694.48115759864, -50219.02772415015, -49223.92806099988, -23776.578757355066, -27049.097663056575, -57141.9888308035, -44311.17109193458, 0.044, 0.906, -0.384, 192.0, 0.0, 0.0, 0.0, 0.0, 0.0, 0.0, 0.0, 0.0, 0.0, 1.741279692376946E9, 0.0, 2025-03-06 10:48:12.376
190.0, -38367.68577905724, -44688.04385519551, -50213.3503810585, -49217.33429638557, -23834.559182472134, -27049.54469794568, -57138.725476113024, -44309.69587680053, 0.05, 0.906, -0.39, 192.0, 1.0, 144.0, 28.0, 80.0, 243.0, 208.0, 0.0, 0.0, 0.0, 1.74127969237696E9, 0.0, 2025-03-06 10:48:12.376
191.0, -38357.06870044097, -44679.43843358022, -50206.734264699735, -49212.17104341639, -23855.39100830448, -27050.438767723892, -57138.92664181312, -44312.333382646255, 0.05, 0.906, -0.39, 192.0, 0.0, 0.0, 0.0, 0.0, 0.0, 0.0, 0.0, 0.0, 0.0, 1.741279692376975E9, 0.0, 2025-03-06 10:48:12.376
192.0, -38368.02105522407, -44685.6969220277, -50217.82072994956, -49220.0165057202, -23803.691423379354, -27058.708913172355, -57148.80611286237, -44320.06708622779, 0.05, 0.906, -0.39, 192.0, 0.0, 0.0, 0.0, 0.0, 0.0, 0.0, 0.0, 0.0, 0.0, 1.741279692376988E9, 0.0, 2025-03-06 10:48:12.376
193.0, -38380.47097688568, -44696.2469454106, -50227.52138704317, -49226.78908429016, -23806.865371092008, -27060.49705272878, -57150.66130765215, -44321.05056298382, 0.05, 0.906, -0.39, 192.0, 0.0, 0.0, 0.0, 0.0, 0.0, 0.0, 0.0, 0.0, 0.0, 1.741279692377006E9, 0.0, 2025-03-06 10:48:12.377
194.0, -38370.14447094732, -44690.01080870758, -50220.771160217664, -49222.65401156593, -23869.427903822412, -27058.59715445008, -57146.347420972284, -44310.25467041191, 0.05, 0.906, -0.39, 192.0, 0.0, 0.0, 0.0, 0.0, 0.0, 0.0, 0.0, 0.0, 0.0, 1.741279692377019E9, 0.0, 2025-03-06 10:48:12.377
195.0, -38365.18238367825, -44690.36843661886, -50219.78768346163, -49224.777427289184, -23894.215988423348, -27059.602982950568, -57147.30854598386, -44309.874690756165, 0.05, 0.906, -0.39, 192.0, 0.0, 0.0, 0.0, 0.0, 0.0, 0.0, 0.0, 0.0, 0.0, 1.741279692437258E9, 0.0, 2025-03-06 10:48:12.437
196.0, -38362.52252608806, -44690.21197440767, -50219.0053724057, -49222.206976676825, -23877.899214970974, -27051.69046541339, -57138.56901390183, -44281.73384448694, 0.05, 0.906, -0.39, 192.0, 0.0, 0.0, 0.0, 0.0, 0.0, 0.0, 0.0, 0.0, 0.0, 1.741279692437275E9, 0.0, 2025-03-06 10:48:12.437
197.0, -38379.9121832743, -44701.74547454661, -50224.973288175264, -49229.13601745797, -23847.679656467397, -27060.184128306406, -57148.247319250986, -44283.320818343265, 0.05, 0.906, -0.39, 192.0, 0.0, 0.0, 0.0, 0.0, 0.0, 0.0, 0.0, 0.0, 0.0, 1.741279692437298E9, 0.0, 2025-03-06 10:48:12.437
198.0, -38401.571023651486, -44719.73862883313, -50237.64672728142, -49246.34686068855, -23861.00129616276, -27065.25797429776, -57163.066525824855, -44339.513103903904, 0.05, 0.906, -0.39, 192.0, 0.0, 0.0, 0.0, 0.0, 0.0, 0.0, 0.0, 0.0, 0.0, 1.741279692437311E9, 0.0, 2025-03-06 10:48:12.437
199.0, -38393.90437530332, -44712.02727699605, -50231.32118360057, -49224.37509588899, -23866.164549131936, -27048.53886944519, -57170.17438056164, -44346.39744119614, 0.05, 0.906, -0.39, 192.0, 0.0, 0.0, 0.0, 0.0, 0.0, 0.0, 0.0, 0.0, 0.0, 1.741279692437327E9, 0.0, 2025-03-06 10:48:12.437
200.0, -38377.54289836203, -44700.58318383493, -50225.241509108724, -49216.663744051904, -23827.6748451799, -27059.78179690621, -57160.65253742368, -44332.740525333946, 0.05, 0.906, -0.384, 192.0, 1.0, 144.0, 28.0, 80.0, 244.0, 0.0, 0.0, 0.0, 0.0, 1.741279692437341E9, 0.0, 2025-03-06 10:48:12.437
201.0, -38380.78390130805, -44701.38784663533, -50225.37561957546, -49214.83090100657, -23798.84109483255, -27053.70212241437, -57158.35030774478, -44331.37706892217, 0.05, 0.906, -0.384, 192.0, 0.0, 0.0, 0.0, 0.0, 0.0, 0.0, 0.0, 0.0, 0.0, 1.741279692437355E9, 0.0, 2025-03-06 10:48:12.437
202.0, -38387.712942089194, -44703.75713154759, -50228.817788221575, -49217.2672411522, -23848.551374501156, -27052.539831702692, -57162.50773221347, -44340.362470193206, 0.05, 0.906, -0.384, 192.0, 0.0, 0.0, 0.0, 0.0, 0.0, 0.0, 0.0, 0.0, 0.0, 1.741279692437369E9, 0.0, 2025-03-06 10:48:12.437
203.0, -38395.35723869291, -44709.970916506165, -50237.24439588123, -49227.50434011273, -23882.77189526223, -27052.986866591797, -57158.81969437834, -44318.36835364919, 0.05, 0.906, -0.384, 192.0, 0.0, 0.0, 0.0, 0.0, 0.0, 0.0, 0.0, 0.0, 0.0, 1.741279692437385E9, 0.0, 2025-03-06 10:48:12.437
204.0, -38394.19494798123, -44714.173044463765, -50244.687526784845, -49236.55679661713, -23860.084874640095, -27056.36198000455, -57169.68264218362, -44352.43241219907, 0.05, 0.906, -0.384, 192.0, 0.0, 0.0, 0.0, 0.0, 0.0, 0.0, 0.0, 0.0, 0.0, 1.741279692437399E9, 0.0, 2025-03-06 10:48:12.437
205.0, -38393.90437530332, -44722.24202421213, -50248.532026831155, -49242.99409902026, -23807.53592342567, -27062.396951007482, -57174.13063933023, -44347.31386271881, 0.05, 0.906, -0.384, 192.0, 0.0, 0.0, 0.0, 0.0, 0.0, 0.0, 0.0, 0.0, 0.0, 1.741279692437412E9, 0.0, 2025-03-06 10:48:12.437
206.0, -38392.22799446917, -44722.64435561233, -50239.56897730458, -49239.5742821186, -23829.172412058404, -27059.848852139578, -57174.62237770825, -44350.62192089819, 0.05, 0.906, -0.384, 192.0, 0.0, 0.0, 0.0, 0.0, 0.0, 0.0, 0.0, 0.0, 0.0, 1.741279692437425E9, 0.0, 2025-03-06 10:48:12.437
207.0, -38392.85384331392, -44720.945623033724, -50239.792494749134, -49235.774485561196, -23863.39293281948, -27062.911041129955, -57179.11507834376, -44363.74239489346, 0.05, 0.906, -0.384, 192.0, 0.0, 0.0, 0.0, 0.0, 0.0, 0.0, 0.0, 0.0, 0.0, 1.741279692437438E9, 0.0, 2025-03-06 10:48:12.437
208.0, -38388.53995663404, -44720.722105589164, -50241.71474477229, -49241.02714550819, -23876.513406814745, -27065.25797429776, -57180.389127777715, -44355.740470378456, 0.05, 0.906, -0.384, 192.0, 0.0, 0.0, 0.0, 0.0, 0.0, 0.0, 0.0, 0.0, 0.0, 1.741279692437452E9, 0.0, 2025-03-06 10:48:12.437
209.0, -38391.490386902144, -44726.555910892, -50245.98392796325, -49251.46541016882, -23839.94595288586, -27068.566032477145, -57184.1442208462, -44359.69672914705, 0.05, 0.906, -0.384, 192.0, 0.0, 0.0, 0.0, 0.0, 0.0, 0.0, 0.0, 0.0, 0.0, 1.741279692437466E9, 0.0, 2025-03-06 10:48:12.437
210.0, -38395.491349159645, -44729.57339639347, -50247.503846586216, -49252.60534913604, -23856.709761227343, -27078.378448293028, -57178.55628473238, -44350.152534264635, 0.052000000000000005, 0.906, -0.388, 192.0, 1.0, 160.0, 28.0, 80.0, 243.0, 224.0, 0.0, 0.0, 0.0, 1.741279692497499E9, 0.0, 2025-03-06 10:48:12.497
211.0, -38393.79261658104, -44727.09235275893, -50246.453314596816, -49249.252587467745, -23915.047814255693, -27084.54752976269, -57177.30458704288, -44334.48396140146, 0.052000000000000005, 0.906, -0.388, 192.0, 0.0, 0.0, 0.0, 0.0, 0.0, 0.0, 0.0, 0.0, 0.0, 1.741279692497539E9, 0.0, 2025-03-06 10:48:12.497
212.0, -38397.19008173825, -44729.34987894892, -50247.32503263057, -49250.5266369017, -23921.865096314563, -27085.30748907417, -57179.65152021069, -44337.59085388075, 0.052000000000000005, 0.906, -0.388, 192.0, 0.0, 0.0, 0.0, 0.0, 0.0, 0.0, 0.0, 0.0, 0.0, 1.741279692497561E9, 0.0, 2025-03-06 10:48:12.497
213.0, -38415.5185121916, -44746.739536135145, -50267.978044507276, -49268.206866765846, -23874.367639347034, -27100.50667530378, -57193.84487793981, -44355.718118634, 0.052000000000000005, 0.906, -0.388, 192.0, 0.0, 0.0, 0.0, 0.0, 0.0, 0.0, 0.0, 0.0, 0.0, 1.741279692497578E9, 0.0, 2025-03-06 10:48:12.497
214.0, -38432.952872866736, -44761.08935607545, -50281.00911152472, -49284.45658498485, -23871.23839512329, -27112.196637653906, -57203.41142456668, -44361.93190359258, 0.052000000000000005, 0.906, -0.388, 192.0, 0.0, 0.0, 0.0, 0.0, 0.0, 0.0, 0.0, 0.0, 0.0, 1.741279692497595E9, 0.0, 2025-03-06 10:48:12.497
215.0, -38424.213340784714, -44754.42853622777, -50271.06258524211, -49280.58973319409, -23923.183849237426, -27107.681585273935, -57199.25400009799, -44357.573313423796, 0.052000000000000005, 0.906, -0.388, 192.0, 0.0, 0.0, 0.0, 0.0, 0.0, 0.0, 0.0, 0.0, 0.0, 1.741279692497608E9, 0.0, 2025-03-06 10:48:12.497
216.0, -38413.864483101905, -44752.193361782236, -50263.53004736067, -49275.69470115837, -23941.445224457413, -27098.45031481389, -57198.292875086416, -44352.25359824343, 0.052000000000000005, 0.906, -0.388, 192.0, 0.0, 0.0, 0.0, 0.0, 0.0, 0.0, 0.0, 0.0, 0.0, 1.741279692497622E9, 0.0, 2025-03-06 10:48:12.497
217.0, -38417.75368663713, -44758.00481534062, -50270.12381197498, -49282.601390195065, -23892.919587244938, -27111.123753920052, -57204.28314260044, -44354.37701396668, 0.052000000000000005, 0.906, -0.388, 192.0, 0.0, 0.0, 0.0, 0.0, 0.0, 0.0, 0.0, 0.0, 0.0, 1.741279692497635E9, 0.0, 2025-03-06 10:48:12.497
218.0, -38428.01313734212, -44764.777393910575, -50273.342463176545, -49285.14948906297, -23879.150912660472, -27118.388070868026, -57205.914819945676, -44346.509199918415, 0.052000000000000005, 0.906, -0.388, 192.0, 0.0, 0.0, 0.0, 0.0, 0.0, 0.0, 0.0, 0.0, 0.0, 1.741279692497654E9, 0.0, 2025-03-06 10:48:12.497
219.0, -38420.83822737196, -44756.037861828554, -50268.08980322955, -49272.811326123636, -23950.050646072705, -27110.475553330845, -57197.93524717513, -44332.315842189295, 0.052000000000000005, 0.906, -0.388, 192.0, 0.0, 0.0, 0.0, 0.0, 0.0, 0.0, 0.0, 0.0, 0.0, 1.741279692497668E9, 0.0, 2025-03-06 10:48:12.497
220.0, -38427.990785597656, -44764.79974565503, -50277.38812892296, -49282.26611402823, -23957.873756632063, -27125.540629093724, -57213.71557876058, -44362.11071754822, 0.044, 0.914, -0.384, 192.0, 1.0, 96.0, 28.0, 144.0, 244.0, 0.0, 0.0, 0.0, 0.0, 1.741279692497681E9, 0.0, 2025-03-06 10:48:12.497
221.0, -38425.28622451857, -44763.34688226544, -50274.30358818812, -49280.500326216265, -23920.032253269226, -27124.534800593236, -57213.91674446067, -44386.921153893614, 0.044, 0.914, -0.384, 192.0, 0.0, 0.0, 0.0, 0.0, 0.0, 0.0, 0.0, 0.0, 0.0, 1.741279692497696E9, 0.0, 2025-03-06 10:48:12.497
222.0, -38432.97522461119, -44762.45281248722, -50273.27540794318, -49273.861858113036, -23916.411270667468, -27115.50469583329, -57213.29089561593, -44381.75790092444, 0.044, 0.914, -0.384, 192.0, 0.0, 0.0, 0.0, 0.0, 0.0, 0.0, 0.0, 0.0, 0.0, 1.741279692497709E9, 0.0, 2025-03-06 10:48:12.497
223.0, -38449.85079167495, -44773.49457424815, -50284.5183354042, -49284.52364021822, -23962.008829356295, -27117.739870278823, -57212.84386072682, -44368.43626122907, 0.044, 0.914, -0.384, 192.0, 0.0, 0.0, 0.0, 0.0, 0.0, 0.0, 0.0, 0.0, 0.0, 1.741279692497723E9, 0.0, 2025-03-06 10:48:12.497
224.0, -38453.96351265473, -44779.08251036197, -50293.74960586424, -49289.53043097621, -23977.252719074815, -27122.56784708117, -57226.813701011386, -44384.5742207258, 0.044, 0.914, -0.384, 192.0, 0.0, 0.0, 0.0, 0.0, 0.0, 0.0, 0.0, 0.0, 0.0, 1.741279692497736E9, 0.0, 2025-03-06 10:48:12.497
225.0, -38452.01891088711, -44778.59077198396, -50297.34823672155, -49291.72090193283, -23939.724140134353, -27126.568809338667, -57229.831186512856, -44384.484813747986, 0.044, 0.914, -0.384, 192.0, 0.0, 0.0, 0.0, 0.0, 0.0, 0.0, 0.0, 0.0, 0.0, 1.741279692497749E9, 0.0, 2025-03-06 10:48:12.497
226.0, -38448.59909398545, -44776.735577194166, -50292.632018641474, -49284.2330675403, -23915.003110766782, -27122.92547499245, -57220.33169511935, -44368.50331646244, 0.044, 0.914, -0.384, 192.0, 0.0, 0.0, 0.0, 0.0, 0.0, 0.0, 0.0, 0.0, 0.0, 1.741279692557856E9, 0.0, 2025-03-06 10:48:12.557
227.0, -38454.768175455116, -44776.69087370526, -50290.77682385169, -49282.3331692616, -23953.850442630108, -27123.216047670372, -57225.29378238843, -44370.425566485595, 0.044, 0.914, -0.384, 192.0, 0.0, 0.0, 0.0, 0.0, 0.0, 0.0, 0.0, 0.0, 0.0, 1.741279692557882E9, 0.0, 2025-03-06 10:48:12.557
228.0, -38448.73320445218, -44772.30993179201, -50286.03825402716, -49282.7802041507, -23988.495646535834, -27124.98183548234, -57225.629058555256, -44364.055319315834, 0.044, 0.914, -0.384, 192.0, 0.0, 0.0, 0.0, 0.0, 0.0, 0.0, 0.0, 0.0, 0.0, 1.7412796925579E9, 0.0, 2025-03-06 10:48:12.557
229.0, -38433.84694264495, -44767.05727184502, -50281.746719091745, -49283.651922184465, -23975.352820796114, -27116.756393522788, -57222.052779442405, -44364.99409258296, 0.044, 0.914, -0.384, 192.0, 0.0, 0.0, 0.0, 0.0, 0.0, 0.0, 0.0, 0.0, 0.0, 1.741279692557916E9, 0.0, 2025-03-06 10:48:12.557
230.0, -38445.38044278389, -44777.11555684991, -50291.35796920752, -49293.06200660014, -23936.79606161071, -27122.813716270175, -57231.30640164691, -44383.65779920314, 0.042, 0.914, -0.38, 192.0, 1.0, 80.0, 28.0, 144.0, 244.0, 32.0, 0.0, 0.0, 0.0, 1.74127969255793E9, 0.0, 2025-03-06 10:48:12.557
231.0, -38450.94602715326, -44777.42848127228, -50288.92162906189, -49287.40701525295, -23977.856216175107, -27119.79623076871, -57230.05470395741, -44393.134938852185, 0.042, 0.914, -0.38, 192.0, 0.0, 0.0, 0.0, 0.0, 0.0, 0.0, 0.0, 0.0, 0.0, 1.741279692557944E9, 0.0, 2025-03-06 10:48:12.557
232.0, -38450.70015796425, -44780.781242940575, -50288.20637323933, -49289.41867225393, -23999.336242596655, -27113.94007372142, -57228.355971378805, -44390.139805095176, 0.042, 0.914, -0.38, 192.0, 0.0, 0.0, 0.0, 0.0, 0.0, 0.0, 0.0, 0.0, 0.0, 1.741279692557958E9, 0.0, 2025-03-06 10:48:12.557
233.0, -38456.80218420055, -44785.117481364905, -50298.06349254412, -49299.298143303175, -23971.150692838513, -27126.948788994407, -57238.2577941725, -44394.945430153064, 0.042, 0.914, -0.38, 192.0, 0.0, 0.0, 0.0, 0.0, 0.0, 0.0, 0.0, 0.0, 0.0, 1.741279692557975E9, 0.0, 2025-03-06 10:48:12.557
234.0, -38460.42316680231, -44784.51398426462, -50300.119853034004, -49296.68298920191, -23951.391750740022, -27132.46966987487, -57239.733009306554, -44418.83944497579, 0.042, 0.914, -0.38, 192.0, 0.0, 0.0, 0.0, 0.0, 0.0, 0.0, 0.0, 0.0, 0.0, 1.741279692557988E9, 0.0, 2025-03-06 10:48:12.557
235.0, -38467.37455932791, -44795.332228580985, -50303.8749461025, -49303.299105560676, -23969.69782944892, -27136.69414957692, -57241.923480263176, -44400.82393894481, 0.042, 0.914, -0.38, 192.0, 0.0, 0.0, 0.0, 0.0, 0.0, 0.0, 0.0, 0.0, 0.0, 1.741279692558002E9, 0.0, 2025-03-06 10:48:12.558
236.0, -38477.25403037715, -44807.133949653384, -50318.67180093191, -49318.9900301683, -23996.18464662846, -27145.880716548054, -57247.39965765473, -44398.27584007691, 0.042, 0.914, -0.38, 192.0, 0.0, 0.0, 0.0, 0.0, 0.0, 0.0, 0.0, 0.0, 0.0, 1.741279692558015E9, 0.0, 2025-03-06 10:48:12.558
237.0, -38478.03634143309, -44810.643173532866, -50324.19268181237, -49326.366105838555, -23990.440248303446, -27150.820452072676, -57247.75728556601, -44390.631543473195, 0.042, 0.914, -0.38, 192.0, 0.0, 0.0, 0.0, 0.0, 0.0, 0.0, 0.0, 0.0, 0.0, 1.741279692558029E9, 0.0, 2025-03-06 10:48:12.558
238.0, -38479.39979784487, -44815.49350207967, -50328.7300859368, -49330.85880647407, -23930.090538274115, -27152.116853251086, -57252.741724579544, -44414.07852340681, 0.042, 0.914, -0.38, 192.0, 0.0, 0.0, 0.0, 0.0, 0.0, 0.0, 0.0, 0.0, 0.0, 1.741279692558042E9, 0.0, 2025-03-06 10:48:12.558
239.0, -38480.3832746009, -44812.69953402276, -50325.69024869088, -49323.639193015006, -23942.272239002257, -27146.41715841498, -57247.46671288809, -44398.85698543274, 0.042, 0.914, -0.38, 192.0, 0.0, 0.0, 0.0, 0.0, 0.0, 0.0, 0.0, 0.0, 0.0, 1.741279692558055E9, 0.0, 2025-03-06 10:48:12.558
240.0, -38480.24916413417, -44812.09603692246, -50324.43855100138, -49323.10275114808, -23993.03305066026, -27154.977876541365, -57247.04202974344, -44396.08536912029, 0.044, 0.91, -0.384, 192.0, 1.0, 96.0, 28.0, 112.0, 244.0, 0.0, 0.0, 0.0, 0.0, 1.741279692558069E9, 0.0, 2025-03-06 10:48:12.558
241.0, -38468.84977446196, -44807.37981884239, -50318.20241429835, -49316.41957955594, -24006.153524655525, -27144.74077758083, -57241.074113973875, -44399.97457265551, 0.044, 0.91, -0.384, 192.0, 0.0, 0.0, 0.0, 0.0, 0.0, 0.0, 0.0, 0.0, 0.0, 1.741279692617621E9, 0.0, 2025-03-06 10:48:12.617
242.0, -38477.99163794418, -44815.96288871323, -50330.0264871152, -49328.310707606164, -23950.274163517257, -27158.308286465202, -57254.61927111379, -44422.0357444329, 0.044, 0.91, -0.384, 192.0, 0.0, 0.0, 0.0, 0.0, 0.0, 0.0, 0.0, 0.0, 0.0, 1.741279692617648E9, 0.0, 2025-03-06 10:48:12.617
243.0, -38486.59705955948, -44817.5275108251, -50326.74078068027, -49327.975431439336, -23938.6512564005, -27147.89237354903, -57250.35008792282, -44398.36524705473, 0.044, 0.91, -0.384, 192.0, 0.0, 0.0, 0.0, 0.0, 0.0, 0.0, 0.0, 0.0, 0.0, 1.741279692617665E9, 0.0, 2025-03-06 10:48:12.617
244.0, -38484.71951302523, -44810.26319387713, -50319.8787951325, -49312.15039636498, -23983.287690077745, -27135.26363793178, -57239.688305817646, -44383.434281758586, 0.044, 0.91, -0.384, 192.0, 0.0, 0.0, 0.0, 0.0, 0.0, 0.0, 0.0, 0.0, 0.0, 1.741279692617681E9, 0.0, 2025-03-06 10:48:12.617
245.0, -38497.28119340911, -44818.041600947574, -50336.17321684041, -49316.576041767126, -24006.868780478097, -27145.344274681127, -57249.321907677884, -44401.33802906729, 0.044, 0.91, -0.384, 192.0, 0.0, 0.0, 0.0, 0.0, 0.0, 0.0, 0.0, 0.0, 0.0, 1.741279692617695E9, 0.0, 2025-03-06 10:48:12.617
246.0, -38492.67673405132, -44822.82487426101, -50338.56485349713, -49325.53909129371, -23975.196358584926, -27152.295667206727, -57251.75824782351, -44405.96484016953, 0.044, 0.91, -0.384, 192.0, 0.0, 0.0, 0.0, 0.0, 0.0, 0.0, 0.0, 0.0, 0.0, 1.741279692617708E9, 0.0, 2025-03-06 10:48:12.617
247.0, -38493.45904510725, -44830.49152260918, -50337.55902499665, -49338.3466408666, -23936.661951143975, -27161.6610481335, -57262.397678184236, -44413.05034316186, 0.044, 0.91, -0.384, 192.0, 0.0, 0.0, 0.0, 0.0, 0.0, 0.0, 0.0, 0.0, 0.0, 1.741279692617722E9, 0.0, 2025-03-06 10:48:12.617
248.0, -38485.01008570315, -44821.99785971616, -50332.082847605096, -49331.66346927446, -23971.843596916628, -27161.102254522117, -57261.12362875028, -44418.81709323134, 0.044, 0.91, -0.384, 192.0, 0.0, 0.0, 0.0, 0.0, 0.0, 0.0, 0.0, 0.0, 0.0, 1.741279692617735E9, 0.0, 2025-03-06 10:48:12.617
249.0, -38468.64860876186, -44812.27485087811, -50325.26556554623, -49324.08622790411, -23995.067059405694, -27158.241231231837, -57254.507512391516, -44404.93665992459, 0.044, 0.91, -0.384, 192.0, 0.0, 0.0, 0.0, 0.0, 0.0, 0.0, 0.0, 0.0, 0.0, 1.741279692617752E9, 0.0, 2025-03-06 10:48:12.617
250.0, -38470.30263785156, -44813.370086356415, -50325.33262077959, -49318.610050512565, -23958.499605476813, -27155.00022828582, -57257.368535681795, -44411.48572104999, 0.046, 0.906, -0.386, 192.0, 1.0, 112.0, 28.0, 80.0, 243.0, 240.0, 0.0, 0.0, 0.0, 1.741279692617765E9, 0.0, 2025-03-06 10:48:12.617
251.0, -38474.99650418717, -44817.5275108251, -50325.04204810167, -49319.034733657216, -23921.485116658823, -27152.36272244009, -57254.61927111379, -44417.386581586194, 0.046, 0.906, -0.386, 192.0, 0.0, 0.0, 0.0, 0.0, 0.0, 0.0, 0.0, 0.0, 0.0, 1.74127969261778E9, 0.0, 2025-03-06 10:48:12.617
252.0, -38481.836137990496, -44820.61205155993, -50328.57362372561, -49326.008477927266, -23956.622058942565, -27150.865155561587, -57255.133361236265, -44412.62566001721, 0.046, 0.906, -0.386, 192.0, 0.0, 0.0, 0.0, 0.0, 0.0, 0.0, 0.0, 0.0, 0.0, 1.741279692617793E9, 0.0, 2025-03-06 10:48:12.617
253.0, -38488.675771793816, -44822.82487426101, -50331.725219693806, -49328.28835586171, -23972.849425417116, -27144.8078328142, -57256.78739032595, -44408.60234601526, 0.046, 0.906, -0.386, 192.0, 0.0, 0.0, 0.0, 0.0, 0.0, 0.0, 0.0, 0.0, 0.0, 1.741279692617806E9, 0.0, 2025-03-06 10:48:12.617
254.0, -38494.889556752394, -44823.562481828034, -50338.721315708324, -49325.181463382425, -23955.727989164352, -27148.339408438136, -57259.82722757188, -44406.210709358544, 0.046, 0.906, -0.386, 192.0, 0.0, 0.0, 0.0, 0.0, 0.0, 0.0, 0.0, 0.0, 0.0, 1.741279692617819E9, 0.0, 2025-03-06 10:48:12.617
255.0, -38507.74180981419, -44833.844284277475, -50347.34908906807, -49333.228091386336, -23918.087651501617, -27162.577469656168, -57268.700870120636, -44425.07558167882, 0.046, 0.906, -0.386, 192.0, 0.0, 0.0, 0.0, 0.0, 0.0, 0.0, 0.0, 0.0, 0.0, 1.741279692617832E9, 0.0, 2025-03-06 10:48:12.617
0.0, -38507.20536794727, -44833.68782206629, -50343.95162391086, -49336.53614956572, -23947.368436738067, -27163.404484201015, -57262.107105506315, -44412.96093618404, 0.046, 0.906, -0.386, 192.0, 0.0, 0.0, 0.0, 0.0, 0.0, 0.0, 0.0, 0.0, 0.0, 1.741279692677909E9, 0.0, 2025-03-06 10:48:12.677
1.0, -38489.2345654052, -44824.18833067278, -50336.419086029426, -49333.988050697815, -23994.262396605303, -27160.834033588653, -57252.83113155737, -44385.58004922629, 0.046, 0.906, -0.386, 192.0, 0.0, 0.0, 0.0, 0.0, 0.0, 0.0, 0.0, 0.0, 0.0, 1.741279692677939E9, 0.0, 2025-03-06 10:48:12.677
2.0, -38488.96634447174, -44828.256348163646, -50343.616347744035, -49343.46519034686, -23983.913538922494, -27175.697943651434, -57266.15277125273, -44423.7344770115, 0.046, 0.906, -0.386, 192.0, 0.0, 0.0, 0.0, 0.0, 0.0, 0.0, 0.0, 0.0, 0.0, 1.741279692677956E9, 0.0, 2025-03-06 10:48:12.677
3.0, -38491.961478228746, -44830.06683946453, -50343.97397565532, -49341.0959054346, -23934.56088716518, -27175.787350629253, -57269.63964338775, -44428.31658462484, 0.046, 0.906, -0.386, 192.0, 0.0, 0.0, 0.0, 0.0, 0.0, 0.0, 0.0, 0.0, 0.0, 1.741279692677972E9, 0.0, 2025-03-06 10:48:12.677
4.0, -38490.687428794794, -44825.84235976248, -50339.79419944218, -49334.122161164545, -23967.306192792203, -27172.47929244987, -57262.57649213988, -44422.52748281092, 0.042, 0.91, -0.386, 192.0, 1.0, 80.0, 28.0, 112.0, 243.0, 240.0, 0.0, 0.0, 0.0, 1.741279692677986E9, 0.0, 2025-03-06 10:48:12.677
5.0, -38500.67865856632, -44836.61590058993, -50347.170275112425, -49348.67314680495, -23997.950434440427, -27183.05166757723, -57270.17608525469, -44388.84340391677, 0.042, 0.91, -0.386, 192.0, 0.0, 0.0, 0.0, 0.0, 0.0, 0.0, 0.0, 0.0, 0.0, 1.741279692678001E9, 0.0, 2025-03-06 10:48:12.678
6.0, -38498.66700156534, -44837.50997036815, -50349.897187935974, -49353.411716629475, -24000.90086470853, -27191.165350814506, -57273.46179168962, -44405.11547388023, 0.042, 0.91, -0.386, 192.0, 0.0, 0.0, 0.0, 0.0, 0.0, 0.0, 0.0, 0.0, 0.0, 1.741279692678015E9, 0.0, 2025-03-06 10:48:12.678
7.0, -38492.22969916221, -44830.67033656482, -50340.37534479801, -49335.08328617612, -23960.734779922343, -27177.575490185678, -57278.133306280775, -44471.790727590414, 0.042, 0.91, -0.386, 192.0, 0.0, 0.0, 0.0, 0.0, 0.0, 0.0, 0.0, 0.0, 0.0, 1.741279692678029E9, 0.0, 2025-03-06 10:48:12.678
8.0, -38493.74961778517, -44831.609109831945, -50335.16738833993, -49332.60224254159, -23982.50537902181, -27168.903013337018, -57267.11389626431, -44450.60127384678, 0.042, 0.91, -0.386, 192.0, 0.0, 0.0, 0.0, 0.0, 0.0, 0.0, 0.0, 0.0, 0.0, 1.741279692678045E9, 0.0, 2025-03-06 10:48:12.678
9.0, -38489.74865552767, -44827.22816791871, -50332.03814411618, -49330.79175124071, -24040.083472738683, -27159.51528066579, -57259.82722757188, -44433.16691317164, 0.042, 0.91, -0.386, 192.0, 0.0, 0.0, 0.0, 0.0, 0.0, 0.0, 0.0, 0.0, 0.0, 1.741279692678059E9, 0.0, 2025-03-06 10:48:12.678
10.0, -38488.04992294907, -44826.15528418485, -50333.35689703905, -49331.99874544129, -24060.53531891529, -27165.773769113275, -57253.792256568944, -44401.56154651184, 0.042, 0.91, -0.386, 192.0, 0.0, 0.0, 0.0, 0.0, 0.0, 0.0, 0.0, 0.0, 0.0, 1.741279692678072E9, 0.0, 2025-03-06 10:48:12.678
11.0, -38498.77876028762, -44833.1290284549, -50342.65522273246, -49336.55850131017, -24014.736594526363, -27171.65227790502, -57259.42489617168, -44413.631488517705, 0.042, 0.91, -0.386, 192.0, 0.0, 0.0, 0.0, 0.0, 0.0, 0.0, 0.0, 0.0, 0.0, 1.741279692678085E9, 0.0, 2025-03-06 10:48:12.678
12.0, -38503.696144067784, -44837.0852872235, -50341.381173298505, -49340.51476007876, -24003.203094387423, -27170.62409766008, -57261.86123631731, -44408.535290781896, 0.042, 0.91, -0.386, 192.0, 0.0, 0.0, 0.0, 0.0, 0.0, 0.0, 0.0, 0.0, 0.0, 1.741279692678099E9, 0.0, 2025-03-06 10:48:12.678
13.0, -38498.80111203207, -44837.66643257933, -50340.64356573148, -49337.541978066205, -24043.592696618165, -27163.069208034183, -57264.968128796594, -44415.97842168551, 0.042, 0.91, -0.386, 192.0, 0.0, 0.0, 0.0, 0.0, 0.0, 0.0, 0.0, 0.0, 0.0, 1.741279692678112E9, 0.0, 2025-03-06 10:48:12.678
14.0, -38500.03045797711, -44837.24174943468, -50340.93413840939, -49334.122161164545, -24068.559595174742, -27162.443359189438, -57266.51039916401, -44419.86762522074, 0.044, 0.902, -0.386, 192.0, 1.0, 96.0, 28.0, 48.0, 243.0, 240.0, 0.0, 0.0, 0.0, 1.741279692678126E9, 0.0, 2025-03-06 10:48:12.678
15.0, -38497.50471085367, -44837.487618623694, -50344.82334194462, -49342.77228626875, -24032.908562768527, -27164.90205107952, -57267.15859975322, -44414.36909608473, 0.044, 0.902, -0.386, 192.0, 0.0, 0.0, 0.0, 0.0, 0.0, 0.0, 0.0, 0.0, 0.0, 1.741279692738016E9, 0.0, 2025-03-06 10:48:12.738
16.0, -38507.898272025384, -44844.50606638266, -50351.43945830339, -49345.320385136656, -24009.595693301642, -27166.57843191367, -57283.60948367232, -44439.201884174574, 0.044, 0.902, -0.386, 192.0, 0.0, 0.0, 0.0, 0.0, 0.0, 0.0, 0.0, 0.0, 0.0, 1.741279692738045E9, 0.0, 2025-03-06 10:48:12.738
17.0, -38504.09847546798, -44841.890912281386, -50346.34326056758, -49337.541978066205, -24049.113577498625, -27168.36657147009, -57274.26645449, -44429.61298580325, 0.044, 0.902, -0.386, 192.0, 0.0, 0.0, 0.0, 0.0, 0.0, 0.0, 0.0, 0.0, 0.0, 1.741279692738062E9, 0.0, 2025-03-06 10:48:12.738
18.0, -38501.259803922156, -44841.332118670005, -50347.50555127925, -49341.34177462361, -24070.325382986714, -27169.171234270485, -57274.557027167924, -44433.74805852748, 0.044, 0.902, -0.386, 192.0, 0.0, 0.0, 0.0, 0.0, 0.0, 0.0, 0.0, 0.0, 0.0, 1.741279692738081E9, 0.0, 2025-03-06 10:48:12.738
19.0, -38504.45610337926, -44843.34377567098, -50349.74072572479, -49339.06189668917, -24045.582001874685, -27166.019638302285, -57274.93700682366, -44436.36321262875, 0.044, 0.902, -0.386, 192.0, 0.0, 0.0, 0.0, 0.0, 0.0, 0.0, 0.0, 0.0, 0.0, 1.741279692738094E9, 0.0, 2025-03-06 10:48:12.738
20.0, -38513.32974592802, -44854.25142696517, -50354.41224031595, -49343.50989383578, -24022.55970508572, -27176.971993085386, -57280.45788770413, -44435.20092191707, 0.044, 0.902, -0.386, 192.0, 0.0, 0.0, 0.0, 0.0, 0.0, 0.0, 0.0, 0.0, 0.0, 1.741279692738108E9, 0.0, 2025-03-06 10:48:12.738
21.0, -38513.82148430604, -44854.3855374319, -50355.999214172276, -49348.382574127034, -24062.43521719399, -27175.787350629253, -57287.90101860774, -44431.06584919284, 0.044, 0.902, -0.386, 192.0, 0.0, 0.0, 0.0, 0.0, 0.0, 0.0, 0.0, 0.0, 0.0, 1.741279692738121E9, 0.0, 2025-03-06 10:48:12.738
22.0, -38508.14414121439, -44849.91518854084, -50351.52886528121, -49347.600263071094, -24104.411793281055, -27170.132359282063, -57280.88257084878, -44415.64314551868, 0.044, 0.902, -0.386, 192.0, 0.0, 0.0, 0.0, 0.0, 0.0, 0.0, 0.0, 0.0, 0.0, 1.741279692738135E9, 0.0, 2025-03-06 10:48:12.738
23.0, -38501.81859753354, -44842.33794717049, -50347.25968209025, -49341.98997521281, -24100.85786591266, -27167.18192901396, -57278.49093419206, -44422.0357444329, 0.044, 0.902, -0.386, 192.0, 0.0, 0.0, 0.0, 0.0, 0.0, 0.0, 0.0, 0.0, 0.0, 1.741279692738151E9, 0.0, 2025-03-06 10:48:12.738
24.0, -38503.562033601054, -44848.037642006595, -50352.24412110378, -49344.58277756963, -24060.065932281726, -27172.836920361155, -57286.448155218146, -44422.907462466654, 0.042, 0.906, -0.384, 192.0, 1.0, 80.0, 28.0, 80.0, 244.0, 0.0, 0.0, 0.0, 0.0, 1.741279692738165E9, 0.0, 2025-03-06 10:48:12.738
25.0, -38507.49594062519, -44853.491467653694, -50356.5356560392, -49351.35535613959, -24098.175656578023, -27170.489987193345, -57280.86021910432, -44423.22038688903, 0.042, 0.906, -0.384, 192.0, 0.0, 0.0, 0.0, 0.0, 0.0, 0.0, 0.0, 0.0, 0.0, 1.74127969273818E9, 0.0, 2025-03-06 10:48:12.738
26.0, -38512.10039998298, -44858.43120317831, -50361.989481686294, -49350.39423112801, -24128.909305204073, -27166.08669353565, -57278.64739640324, -44411.50807279445, 0.042, 0.906, -0.384, 192.0, 0.0, 0.0, 0.0, 0.0, 0.0, 0.0, 0.0, 0.0, 0.0, 1.741279692738194E9, 0.0, 2025-03-06 10:48:12.738
27.0, -38513.2403389502, -44860.84519157949, -50366.325720110624, -49358.507914365284, -24119.499220788388, -27187.365554257103, -57281.620178415804, -44391.54796499586, 0.042, 0.906, -0.384, 192.0, 0.0, 0.0, 0.0, 0.0, 0.0, 0.0, 0.0, 0.0, 0.0, 1.741279692738207E9, 0.0, 2025-03-06 10:48:12.738
28.0, -38508.81469354805, -44860.889895068394, -50360.91659795244, -49358.32910040964, -24077.321479001224, -27182.537577454757, -57282.178972027184, -44401.42743604511, 0.042, 0.906, -0.384, 192.0, 0.0, 0.0, 0.0, 0.0, 0.0, 0.0, 0.0, 0.0, 0.0, 1.741279692738221E9, 0.0, 2025-03-06 10:48:12.738
29.0, -38528.86420832446, -44888.248430281696, -50379.84852550609, -49376.702234351906, -24060.624725893107, -27188.505493224326, -57302.83198390389, -44443.56047434336, 0.042, 0.906, -0.384, 192.0, 0.0, 0.0, 0.0, 0.0, 0.0, 0.0, 0.0, 0.0, 0.0, 1.741279692738235E9, 0.0, 2025-03-06 10:48:12.738
30.0, -38527.07606876804, -44883.80043313509, -50374.95349347038, -49365.32519642415, -24100.164961834547, -27183.655164677522, -57300.842678647365, -44447.69554706759, 0.042, 0.906, -0.384, 192.0, 0.0, 0.0, 0.0, 0.0, 0.0, 0.0, 0.0, 0.0, 0.0, 1.741279692797819E9, 0.0, 2025-03-06 10:48:12.797
31.0, -38523.76801058865, -44882.05699706757, -50376.048728948685, -49367.09098423612, -24106.33404330421, -27183.543405955246, -57300.06036759143, -44431.64699454868, 0.042, 0.906, -0.384, 192.0, 0.0, 0.0, 0.0, 0.0, 0.0, 0.0, 0.0, 0.0, 0.0, 1.741279692797839E9, 0.0, 2025-03-06 10:48:12.797
32.0, -38524.68443211132, -44887.08613957002, -50380.228505161824, -49374.64587386201, -24049.940592043473, -27191.38886825906, -57302.317893781415, -44432.67517479362, 0.042, 0.906, -0.384, 192.0, 0.0, 0.0, 0.0, 0.0, 0.0, 0.0, 0.0, 0.0, 0.0, 1.741279692797861E9, 0.0, 2025-03-06 10:48:12.797
33.0, -38520.974042531736, -44878.994808077194, -50365.45400207687, -49360.09488822161, -24065.184481761993, -27180.19064428695, -57293.4218994882, -44429.94826197008, 0.042, 0.906, -0.384, 192.0, 0.0, 0.0, 0.0, 0.0, 0.0, 0.0, 0.0, 0.0, 0.0, 1.741279692797875E9, 0.0, 2025-03-06 10:48:12.797
34.0, -38510.692240082295, -44863.706214869766, -50351.59592051458, -49341.98997521281, -24124.707177246473, -27165.10321677962, -57284.280036005985, -44431.110552681756, 0.044, 0.904, -0.386, 192.0, 1.0, 96.0, 28.0, 64.0, 243.0, 240.0, 0.0, 0.0, 0.0, 1.741279692797891E9, 0.0, 2025-03-06 10:48:12.797
35.0, -38515.944900029295, -44874.56916267505, -50366.50453406627, -49358.53026610974, -24123.924866190537, -27185.108028067116, -57296.95347511214, -44429.434171847606, 0.044, 0.904, -0.386, 192.0, 0.0, 0.0, 0.0, 0.0, 0.0, 0.0, 0.0, 0.0, 0.0, 1.741279692797906E9, 0.0, 2025-03-06 10:48:12.797
36.0, -38521.48813265421, -44883.01812207915, -50374.32764462563, -49372.96949302787, -24061.18351950449, -27200.083696852173, -57306.31885603892, -44438.26311090745, 0.044, 0.904, -0.386, 192.0, 0.0, 0.0, 0.0, 0.0, 0.0, 0.0, 0.0, 0.0, 0.0, 1.74127969279792E9, 0.0, 2025-03-06 10:48:12.797
37.0, -38521.93516754331, -44880.71589240026, -50365.02931893222, -49361.23482718883, -24055.19325199047, -27177.530786696767, -57301.736748425574, -44454.51282912646, 0.044, 0.904, -0.386, 192.0, 0.0, 0.0, 0.0, 0.0, 0.0, 0.0, 0.0, 0.0, 0.0, 1.741279692797933E9, 0.0, 2025-03-06 10:48:12.797
38.0, -38520.1917314758, -44872.512802185156, -50364.89520846549, -49349.991899727815, -24117.66637774305, -27171.004077315818, -57292.50547796553, -44443.24754992098, 0.044, 0.904, -0.386, 192.0, 0.0, 0.0, 0.0, 0.0, 0.0, 0.0, 0.0, 0.0, 0.0, 1.741279692797949E9, 0.0, 2025-03-06 10:48:12.797
39.0, -38522.38220243242, -44875.46323245326, -50371.421917846434, -49357.9491207539, -24124.885991202118, -27180.99530708734, -57297.8251931459, -44445.32626215533, 0.044, 0.904, -0.386, 192.0, 0.0, 0.0, 0.0, 0.0, 0.0, 0.0, 0.0, 0.0, 0.0, 1.741279692797963E9, 0.0, 2025-03-06 10:48:12.797
40.0, -38528.88656006892, -44885.20859303577, -50377.83686850511, -49362.48652487833, -24068.671353897018, -27184.95156585593, -57310.0292456185, -44435.20092191707, 0.044, 0.904, -0.386, 192.0, 0.0, 0.0, 0.0, 0.0, 0.0, 0.0, 0.0, 0.0, 0.0, 1.741279692797977E9, 0.0, 2025-03-06 10:48:12.797
41.0, -38537.179057261834, -44896.31741003006, -50384.5423918417, -49367.98505401434, -24037.4236151485, -27188.90782462452, -57312.644399719764, -44413.22915711751, 0.044, 0.904, -0.386, 192.0, 0.0, 0.0, 0.0, 0.0, 0.0, 0.0, 0.0, 0.0, 0.0, 1.741279692797991E9, 0.0, 2025-03-06 10:48:12.797
42.0, -38533.6474816379, -44893.635200695426, -50381.234333662316, -49370.17552497095, -24062.412865449533, -27193.6687461935, -57311.884440408285, -44446.66736682265, 0.044, 0.904, -0.386, 192.0, 0.0, 0.0, 0.0, 0.0, 0.0, 0.0, 0.0, 0.0, 0.0, 1.741279692798004E9, 0.0, 2025-03-06 10:48:12.798
43.0, -38518.2918331971, -44878.48071795473, -50367.06332767765, -49360.966606255366, -24104.3894415366, -27172.546347683234, -57301.267361792015, -44414.57026178483, 0.044, 0.904, -0.386, 192.0, 0.0, 0.0, 0.0, 0.0, 0.0, 0.0, 0.0, 0.0, 0.0, 1.741279692798017E9, 0.0, 2025-03-06 10:48:12.798
44.0, -38518.11301924146, -44879.82182262204, -50372.80772600266, -49358.373803898554, -24077.790865634786, -27180.99530708734, -57307.7270159396, -44438.82190451884, 0.048, 0.908, -0.386, 192.0, 1.0, 128.0, 28.0, 96.0, 243.0, 240.0, 0.0, 0.0, 0.0, 1.741279692798031E9, 0.0, 2025-03-06 10:48:12.798
45.0, -38534.51919967165, -44887.08613957002, -50389.34801689959, -49362.66533883397, -24033.13208021308, -27193.33347002667, -57320.1769376012, -44459.45256465108, 0.048, 0.908, -0.386, 192.0, 0.0, 0.0, 0.0, 0.0, 0.0, 0.0, 0.0, 0.0, 0.0, 1.741279692858192E9, 0.0, 2025-03-06 10:48:12.858
46.0, -38539.01190030717, -44886.639104680915, -50392.03022623423, -49364.63229234604, -24068.403132963555, -27195.5686444722, -57314.141966598276, -44426.975479957524, 0.048, 0.908, -0.386, 192.0, 0.0, 0.0, 0.0, 0.0, 0.0, 0.0, 0.0, 0.0, 0.0, 1.741279692858215E9, 0.0, 2025-03-06 10:48:12.858
47.0, -38529.981795547224, -44876.17848827583, -50383.380101130024, -49355.24455967481, -24111.363185806655, -27185.085676322662, -57309.47045200711, -44413.69854375107, 0.048, 0.908, -0.386, 192.0, 0.0, 0.0, 0.0, 0.0, 0.0, 0.0, 0.0, 0.0, 0.0, 1.741279692858243E9, 0.0, 2025-03-06 10:48:12.858
48.0, -38532.75341185968, -44883.621619179445, -50392.56666810116, -49372.74597558332, -24090.419601252033, -27198.519074740303, -57311.593867730364, -44401.09215987827, 0.048, 0.908, -0.386, 192.0, 0.0, 0.0, 0.0, 0.0, 0.0, 0.0, 0.0, 0.0, 0.0, 1.741279692858261E9, 0.0, 2025-03-06 10:48:12.858
49.0, -38532.641653137405, -44882.95106684579, -50384.00594997477, -49371.516629638274, -24063.28458348329, -27192.28293803727, -57309.98454212958, -44441.995852231485, 0.048, 0.908, -0.386, 192.0, 0.0, 0.0, 0.0, 0.0, 0.0, 0.0, 0.0, 0.0, 0.0, 1.741279692858277E9, 0.0, 2025-03-06 10:48:12.858
50.0, -38540.64357765241, -44889.72364541575, -50380.40731911747, -49358.507914365284, -24077.09796155667, -27185.018621089297, -57319.46168177864, -44491.86259411128, 0.048, 0.908, -0.386, 192.0, 0.0, 0.0, 0.0, 0.0, 0.0, 0.0, 0.0, 0.0, 0.0, 1.74127969285829E9, 0.0, 2025-03-06 10:48:12.858
51.0, -38541.381185219434, -44895.93743037432, -50383.00012147428, -49369.66143484848, -24087.089191328192, -27198.98846137386, -57330.570498772926, -44479.122099771754, 0.048, 0.908, -0.386, 192.0, 0.0, 0.0, 0.0, 0.0, 0.0, 0.0, 0.0, 0.0, 0.0, 1.741279692858304E9, 0.0, 2025-03-06 10:48:12.858
52.0, -38530.80881009207, -44886.08031106953, -50375.489935337304, -49365.39225165752, -24076.226243522913, -27196.730935183878, -57319.05935037844, -44459.206695462075, 0.048, 0.908, -0.386, 192.0, 0.0, 0.0, 0.0, 0.0, 0.0, 0.0, 0.0, 0.0, 0.0, 1.741279692858317E9, 0.0, 2025-03-06 10:48:12.858
53.0, -38528.663042624365, -44883.353398245985, -50375.17701091493, -49361.86067603358, -24042.363350673124, -27198.38496427357, -57314.544297998465, -44456.12215472724, 0.048, 0.908, -0.386, 192.0, 0.0, 0.0, 0.0, 0.0, 0.0, 0.0, 0.0, 0.0, 0.0, 1.741279692858334E9, 0.0, 2025-03-06 10:48:12.858
54.0, -38527.72426935724, -44888.874279126445, -50374.640569048, -49363.134725467535, -24066.503234684853, -27198.586129973668, -57317.67354222221, -44448.50020986798, 0.05, 0.908, -0.382, 192.0, 1.0, 144.0, 28.0, 96.0, 244.0, 16.0, 0.0, 0.0, 0.0, 1.741279692858347E9, 0.0, 2025-03-06 10:48:12.858
55.0, -38533.15574325988, -44899.22313680925, -50378.48506909431, -49369.16969647047, -24117.375805065134, -27201.514208497312, -57313.493766009065, -44428.1377706692, 0.05, 0.908, -0.382, 192.0, 0.0, 0.0, 0.0, 0.0, 0.0, 0.0, 0.0, 0.0, 0.0, 1.741279692858361E9, 0.0, 2025-03-06 10:48:12.858
56.0, -38545.06922305456, -44920.85962544199, -50395.22652569134, -49394.49422293833, -24091.179560563512, -27224.11182214163, -57326.6812952377, -44419.10766590925, 0.05, 0.908, -0.382, 192.0, 0.0, 0.0, 0.0, 0.0, 0.0, 0.0, 0.0, 0.0, 0.0, 1.741279692858375E9, 0.0, 2025-03-06 10:48:12.858
57.0, -38542.364661975465, -44913.70706721629, -50390.82323203364, -49388.81687984668, -24031.3215889122, -27222.77071747431, -57324.55787951445, -44451.27182618044, 0.05, 0.908, -0.382, 192.0, 0.0, 0.0, 0.0, 0.0, 0.0, 0.0, 0.0, 0.0, 0.0, 1.741279692858389E9, 0.0, 2025-03-06 10:48:12.858
58.0, -38558.301455772096, -44918.646802740914, -50402.28967693922, -49387.63223739055, -24019.788088773264, -27220.44613605096, -57333.25270810756, -44462.8947332972, 0.05, 0.908, -0.382, 192.0, 0.0, 0.0, 0.0, 0.0, 0.0, 0.0, 0.0, 0.0, 0.0, 1.741279692858402E9, 0.0, 2025-03-06 10:48:12.858
59.0, -38563.755281419195, -44926.98400342274, -50410.00102877629, -49402.49614745333, -24064.133949772593, -27229.364482088626, -57337.92422269872, -44448.83548603481, 0.05, 0.908, -0.382, 192.0, 0.0, 0.0, 0.0, 0.0, 0.0, 0.0, 0.0, 0.0, 0.0, 1.741279692858415E9, 0.0, 2025-03-06 10:48:12.858
60.0, -38548.62315042295, -44918.53504401864, -50396.947610014395, -49391.45438569241, -24078.215548779437, -27217.875685438597, -57326.703646982154, -44457.396204161196, 0.05, 0.908, -0.382, 192.0, 0.0, 0.0, 0.0, 0.0, 0.0, 0.0, 0.0, 0.0, 0.0, 1.741279692918418E9, 0.0, 2025-03-06 10:48:12.918
61.0, -38551.305359757585, -44918.42328529636, -50399.78628156022, -49388.48160367985, -24021.4197661185, -27213.76296445882, -57329.87759469481, -44461.77714607443, 0.05, 0.908, -0.382, 192.0, 0.0, 0.0, 0.0, 0.0, 0.0, 0.0, 0.0, 0.0, 0.0, 1.741279692918441E9, 0.0, 2025-03-06 10:48:12.918
62.0, -38557.72031041626, -44913.03651488263, -50397.03701699222, -49381.68667336544, -24031.27688542329, -27202.654147464535, -57325.451949292656, -44447.60614008977, 0.05, 0.908, -0.382, 192.0, 0.0, 0.0, 0.0, 0.0, 0.0, 0.0, 0.0, 0.0, 0.0, 1.741279692918468E9, 0.0, 2025-03-06 10:48:12.918
63.0, -38556.625074937954, -44910.399009036904, -50397.17112745895, -49378.42331867496, -24070.347734731167, -27203.168237587004, -57323.19442310267, -44436.51967483994, 0.05, 0.908, -0.382, 192.0, 0.0, 0.0, 0.0, 0.0, 0.0, 0.0, 0.0, 0.0, 0.0, 1.741279692918486E9, 0.0, 2025-03-06 10:48:12.918
64.0, -38558.59202845002, -44914.534081761136, -50402.49084263931, -49384.61475188909, -24081.814179636738, -27219.373252317102, -57325.58605975939, -44443.336956898806, 0.05, 0.912, -0.384, 192.0, 1.0, 144.0, 28.0, 128.0, 244.0, 0.0, 0.0, 0.0, 0.0, 1.741279692918504E9, 0.0, 2025-03-06 10:48:12.918
65.0, -38561.18483080684, -44922.84893069851, -50409.68810435392, -49393.35428397111, -24023.006739974826, -27227.129307643096, -57338.795940732474, -44455.67511983814, 0.05, 0.912, -0.384, 192.0, 0.0, 0.0, 0.0, 0.0, 0.0, 0.0, 0.0, 0.0, 0.0, 1.741279692918519E9, 0.0, 2025-03-06 10:48:12.918
66.0, -38558.234400538735, -44924.97234642176, -50405.73184558533, -49391.74495837033, -23995.5140942948, -27224.514153541822, -57336.851338964865, -44446.332090655815, 0.05, 0.912, -0.384, 192.0, 0.0, 0.0, 0.0, 0.0, 0.0, 0.0, 0.0, 0.0, 0.0, 1.741279692918533E9, 0.0, 2025-03-06 10:48:12.918
67.0, -38560.84955464, -44925.19586386631, -50404.83777580712, -49392.571972915175, -24031.053367978737, -27226.257589609337, -57337.07485640942, -44441.97350048703, 0.05, 0.912, -0.384, 192.0, 0.0, 0.0, 0.0, 0.0, 0.0, 0.0, 0.0, 0.0, 0.0, 1.741279692918551E9, 0.0, 2025-03-06 10:48:12.918
68.0, -38555.82041213756, -44916.411628295384, -50403.42961590643, -49393.37663571556, -24058.367199703123, -27222.77071747431, -57343.57921404591, -44436.31850913984, 0.05, 0.912, -0.384, 192.0, 0.0, 0.0, 0.0, 0.0, 0.0, 0.0, 0.0, 0.0, 0.0, 1.741279692918564E9, 0.0, 2025-03-06 10:48:12.918
69.0, -38550.187772534824, -44915.96459340627, -50409.86691830956, -49400.953877085914, -24038.630609349086, -27226.704624498445, -57350.08357168241, -44397.29236332088, 0.05, 0.912, -0.384, 192.0, 0.0, 0.0, 0.0, 0.0, 0.0, 0.0, 0.0, 0.0, 0.0, 1.741279692918588E9, 0.0, 2025-03-06 10:48:12.918
70.0, -38560.02254009516, -44921.46312254228, -50413.82317707815, -49406.49710971083, -24012.65788229202, -27229.25272336635, -57361.92999624372, -44469.66731186716, 0.05, 0.912, -0.384, 192.0, 0.0, 0.0, 0.0, 0.0, 0.0, 0.0, 0.0, 0.0, 0.0, 1.741279692918603E9, 0.0, 2025-03-06 10:48:12.918
71.0, -38562.03419709614, -44924.7041254883, -50409.24106946481, -49399.16573752949, -24049.337094943177, -27204.062307365217, -57368.12142945784, -44497.67404766966, 0.05, 0.912, -0.384, 192.0, 0.0, 0.0, 0.0, 0.0, 0.0, 0.0, 0.0, 0.0, 0.0, 1.741279692918616E9, 0.0, 2025-03-06 10:48:12.918
72.0, -38550.21012427928, -44917.70802947379, -50397.26053443677, -49390.51561242528, -24080.987165091894, -27208.264435322817, -57360.85711250986, -44461.59833211879, 0.05, 0.912, -0.384, 192.0, 0.0, 0.0, 0.0, 0.0, 0.0, 0.0, 0.0, 0.0, 0.0, 1.741279692918629E9, 0.0, 2025-03-06 10:48:12.918
73.0, -38546.79030737762, -44912.47772127124, -50396.612333847566, -49389.554487413705, -24073.745199888373, -27221.38490931808, -57357.6384613083, -44451.22712269153, 0.05, 0.912, -0.384, 192.0, 0.0, 0.0, 0.0, 0.0, 0.0, 0.0, 0.0, 0.0, 0.0, 1.741279692918643E9, 0.0, 2025-03-06 10:48:12.918
74.0, -38572.4054065234, -44934.65065177091, -50421.288659726226, -49412.15210105802, -24033.065024979715, -27244.787185762787, -57373.8434760384, -44476.261076481474, 0.046, 0.914, -0.388, 192.0, 1.0, 112.0, 28.0, 144.0, 243.0, 224.0, 0.0, 0.0, 0.0, 1.741279692918656E9, 0.0, 2025-03-06 10:48:12.918
75.0, -38576.339313547534, -44941.24441638523, -50420.21577599237, -49421.24926105133, -24066.011496306837, -27251.82798526621, -57377.2409411956, -44492.533146444934, 0.046, 0.914, -0.388, 192.0, 0.0, 0.0, 0.0, 0.0, 0.0, 0.0, 0.0, 0.0, 0.0, 1.741279692978616E9, 0.0, 2025-03-06 10:48:12.978
76.0, -38565.96810412027, -44936.550550049615, -50411.275078210245, -49417.78474066076, -24096.43222051051, -27238.416938593025, -57371.49654287059, -44498.09873081431, 0.046, 0.914, -0.388, 192.0, 0.0, 0.0, 0.0, 0.0, 0.0, 0.0, 0.0, 0.0, 0.0, 1.741279692978636E9, 0.0, 2025-03-06 10:48:12.978
77.0, -38569.49967974421, -44940.104477418005, -50415.23133697884, -49420.69046743995, -24067.62082190762, -27236.38292984759, -57369.68605156971, -44496.891736613725, 0.046, 0.914, -0.388, 192.0, 0.0, 0.0, 0.0, 0.0, 0.0, 0.0, 0.0, 0.0, 0.0, 1.741279692978661E9, 0.0, 2025-03-06 10:48:12.978
78.0, -38572.695979201315, -44941.98202395225, -50414.62783987854, -49418.41058950551, -24009.975672957382, -27242.216735150425, -57362.95817648866, -44481.08905328382, 0.046, 0.914, -0.388, 192.0, 0.0, 0.0, 0.0, 0.0, 0.0, 0.0, 0.0, 0.0, 0.0, 1.741279692978681E9, 0.0, 2025-03-06 10:48:12.978
79.0, -38579.1556333489, -44944.55247456461, -50414.650191623, -49413.87318538108, -24023.967864986404, -27242.663770039533, -57356.67733629672, -44461.79949781889, 0.046, 0.914, -0.388, 192.0, 0.0, 0.0, 0.0, 0.0, 0.0, 0.0, 0.0, 0.0, 0.0, 1.741279692978698E9, 0.0, 2025-03-06 10:48:12.978
80.0, -38587.91751717538, -44946.22885539876, -50422.339191715626, -49415.862490637606, -24068.00080156336, -27242.887287484085, -57354.08453393991, -44458.46908789505, 0.046, 0.914, -0.388, 192.0, 0.0, 0.0, 0.0, 0.0, 0.0, 0.0, 0.0, 0.0, 0.0, 1.741279692978711E9, 0.0, 2025-03-06 10:48:12.978
81.0, -38584.29653457362, -44944.999509453715, -50419.14289225852, -49416.66715343799, -24061.00470554885, -27236.517040314324, -57354.799789762474, -44482.92189632916, 0.046, 0.914, -0.388, 192.0, 0.0, 0.0, 0.0, 0.0, 0.0, 0.0, 0.0, 0.0, 0.0, 1.741279692978728E9, 0.0, 2025-03-06 10:48:12.978
82.0, -38575.48994725823, -44939.970366951275, -50411.83387182163, -49406.02772307727, -24000.453829819424, -27230.526772800302, -57354.84449325139, -44479.479727683036, 0.046, 0.914, -0.388, 192.0, 0.0, 0.0, 0.0, 0.0, 0.0, 0.0, 0.0, 0.0, 0.0, 1.741279692978742E9, 0.0, 2025-03-06 10:48:12.978
83.0, -38578.93211590435, -44942.25024488571, -50411.38683693252, -49404.44074922094, -23996.586978028656, -27244.29544738477, -57357.07966769692, -44446.197980189085, 0.046, 0.914, -0.388, 192.0, 0.0, 0.0, 0.0, 0.0, 0.0, 0.0, 0.0, 0.0, 0.0, 1.741279692978755E9, 0.0, 2025-03-06 10:48:12.978
84.0, -38575.13231934694, -44938.003413439204, -50412.03503752173, -49402.54085094224, -24045.04556000776, -27239.86980198262, -57351.35762111636, -44471.07547176784, 0.046, 0.914, -0.388, 192.0, 1.0, 112.0, 28.0, 144.0, 243.0, 224.0, 0.0, 0.0, 0.0, 1.741279692978772E9, 0.0, 2025-03-06 10:48:12.978
85.0, -38577.43454902584, -44940.5068088182, -50413.26438346677, -49404.59721143213, -24046.051388508247, -27235.690025769476, -57359.851284009375, -44497.718751158565, 0.046, 0.914, -0.388, 192.0, 0.0, 0.0, 0.0, 0.0, 0.0, 0.0, 0.0, 0.0, 0.0, 1.741279692978787E9, 0.0, 2025-03-06 10:48:12.978
86.0, -38578.79800543762, -44942.85374198601, -50411.766816588264, -49410.3639615016, -23996.966957684395, -27230.504421055844, -57362.8911212553, -44478.94328581611, 0.046, 0.914, -0.388, 192.0, 0.0, 0.0, 0.0, 0.0, 0.0, 0.0, 0.0, 0.0, 0.0, 1.7412796929788E9, 0.0, 2025-03-06 10:48:12.978
87.0, -38584.587107251544, -44951.97325372377, -50419.47816842535, -49419.63993545055, -23980.091390620637, -27235.7794327473, -57366.19917943468, -44473.51181191347, 0.046, 0.914, -0.388, 192.0, 0.0, 0.0, 0.0, 0.0, 0.0, 0.0, 0.0, 0.0, 0.0, 1.741279692978814E9, 0.0, 2025-03-06 10:48:12.978
88.0, -38573.07595885706, -44943.07725943056, -50408.279944453236, -49405.088949810146, -24031.723920312397, -27224.201229119448, -57358.62193806433, -44482.51956492896, 0.046, 0.914, -0.388, 192.0, 0.0, 0.0, 0.0, 0.0, 0.0, 0.0, 0.0, 0.0, 0.0, 1.741279692978827E9, 0.0, 2025-03-06 10:48:12.978
89.0, -38575.95933389179, -44949.11223043349, -50413.46554916687, -49405.53598469925, -24031.858030779127, -27232.560781545733, -57363.87459801133, -44482.56426841787, 0.046, 0.914, -0.388, 192.0, 0.0, 0.0, 0.0, 0.0, 0.0, 0.0, 0.0, 0.0, 0.0, 1.741279692978841E9, 0.0, 2025-03-06 10:48:12.978
90.0, -38579.84853742702, -44952.554399079614, -50424.73082837234, -49414.54373771474, -23992.407201815513, -27237.63462753709, -57368.07672596893, -44473.78003284693, 0.046, 0.914, -0.388, 192.0, 0.0, 0.0, 0.0, 0.0, 0.0, 0.0, 0.0, 0.0, 0.0, 1.741279693038918E9, 0.0, 2025-03-06 10:48:13.038
91.0, -38594.84655795652, -44962.23270442876, -50443.998032092815, -49429.899386155535, -23954.74451240832, -27246.642380552577, -57377.91149352926, -44466.02397752094, 0.046, 0.914, -0.388, 192.0, 0.0, 0.0, 0.0, 0.0, 0.0, 0.0, 0.0, 0.0, 0.0, 1.741279693038937E9, 0.0, 2025-03-06 10:48:13.038
92.0, -38591.31498233259, -44960.601027083525, -50444.13214255955, -49431.10638035612, -24002.063155420205, -27239.601581049155, -57372.94940626019, -44484.66533239667, 0.046, 0.914, -0.388, 192.0, 0.0, 0.0, 0.0, 0.0, 0.0, 0.0, 0.0, 0.0, 0.0, 1.741279693038959E9, 0.0, 2025-03-06 10:48:13.038
93.0, -38588.81158695359, -44961.69626256183, -50438.09717155662, -49428.580633232676, -24029.93578075597, -27237.969903703917, -57372.41296439326, -44479.43502419413, 0.046, 0.914, -0.388, 192.0, 0.0, 0.0, 0.0, 0.0, 0.0, 0.0, 0.0, 0.0, 0.0, 1.741279693038976E9, 0.0, 2025-03-06 10:48:13.038
94.0, -38582.88837467293, -44961.07041371708, -50440.30999425769, -49436.11317111411, -23999.403297830024, -27248.475223597914, -57378.246769696096, -44465.643997865205, 0.05, 0.912, -0.384, 192.0, 1.0, 144.0, 28.0, 128.0, 244.0, 0.0, 0.0, 0.0, 0.0, 1.741279693038993E9, 0.0, 2025-03-06 10:48:13.038
95.0, -38583.00013339522, -44962.63503582896, -50443.305128014705, -49442.08108688368, -23966.993268369828, -27251.537412588288, -57384.32644418794, -44465.97927403203, 0.05, 0.912, -0.384, 192.0, 0.0, 0.0, 0.0, 0.0, 0.0, 0.0, 0.0, 0.0, 0.0, 1.741279693039008E9, 0.0, 2025-03-06 10:48:13.039
96.0, -38591.717313732785, -44971.19575395534, -50443.05925882569, -49440.49411302735, -23990.686117492452, -27247.827023008707, -57385.68990059971, -44500.06568432638, 0.05, 0.912, -0.384, 192.0, 0.0, 0.0, 0.0, 0.0, 0.0, 0.0, 0.0, 0.0, 0.0, 1.741279693039022E9, 0.0, 2025-03-06 10:48:13.039
97.0, -38592.11964513298, -44966.14425970844, -50440.779380891254, -49435.979060647376, -24007.427574089477, -27248.028188708806, -57389.757918090574, -44498.88104187024, 0.05, 0.912, -0.384, 192.0, 0.0, 0.0, 0.0, 0.0, 0.0, 0.0, 0.0, 0.0, 0.0, 1.741279693039036E9, 0.0, 2025-03-06 10:48:13.039
98.0, -38584.67651422936, -44960.69043406135, -50440.89113961353, -49441.5222932723, -23986.014602901294, -27261.43923538199, -57390.4955256576, -44484.95590507459, 0.05, 0.912, -0.384, 192.0, 0.0, 0.0, 0.0, 0.0, 0.0, 0.0, 0.0, 0.0, 0.0, 1.74127969303905E9, 0.0, 2025-03-06 10:48:13.039
99.0, -38587.42577879736, -44961.629207328464, -50441.29347101373, -49441.9693281614, -23945.937925092927, -27254.06315971174, -57392.26131346957, -44512.22503331006, 0.05, 0.912, -0.384, 192.0, 0.0, 0.0, 0.0, 0.0, 0.0, 0.0, 0.0, 0.0, 0.0, 1.741279693039079E9, 0.0, 2025-03-06 10:48:13.039
100.0, -38608.92815696337, -44975.77786156868, -50460.06893635618, -49448.60779626463, -23956.867928131574, -27254.756063789853, -57396.97753154964, -44499.57394594836, 0.05, 0.912, -0.384, 192.0, 0.0, 0.0, 0.0, 0.0, 0.0, 0.0, 0.0, 0.0, 0.0, 1.741279693039092E9, 0.0, 2025-03-06 10:48:13.039
101.0, -38595.628869012464, -44966.121907963985, -50450.10005832912, -49446.48438054138, -24003.113687409605, -27265.26138368385, -57389.53440064602, -44475.85874508128, 0.05, 0.912, -0.384, 192.0, 0.0, 0.0, 0.0, 0.0, 0.0, 0.0, 0.0, 0.0, 0.0, 1.741279693039106E9, 0.0, 2025-03-06 10:48:13.039
102.0, -38584.29653457362, -44956.42125087038, -50440.3546977466, -49435.64378448055, -24008.209885145414, -27248.497575342368, -57386.51691514456, -44477.445718937604, 0.05, 0.912, -0.384, 192.0, 0.0, 0.0, 0.0, 0.0, 0.0, 0.0, 0.0, 0.0, 0.0, 1.741279693039119E9, 0.0, 2025-03-06 10:48:13.039
103.0, -38597.104084146515, -44967.48536437576, -50448.58013970615, -49433.43096177947, -23970.524843993768, -27243.669598540022, -57389.31088320147, -44504.69249542862, 0.05, 0.912, -0.384, 192.0, 0.0, 0.0, 0.0, 0.0, 0.0, 0.0, 0.0, 0.0, 0.0, 1.741279693039133E9, 0.0, 2025-03-06 10:48:13.039
104.0, -38594.35481957851, -44970.74871906623, -50440.153532046505, -49428.24535706584, -23994.12828613857, -27248.54227883128, -57390.58493263542, -44504.26781228397, 0.052000000000000005, 0.906, -0.388, 192.0, 1.0, 160.0, 28.0, 80.0, 243.0, 224.0, 0.0, 0.0, 0.0, 1.741279693039147E9, 0.0, 2025-03-06 10:48:13.039
105.0, -38581.502566516705, -44963.05971897361, -50431.05637205319, -49422.74682792984, -24046.31960944171, -27247.603505564155, -57386.60632212238, -44499.57394594836, 0.052000000000000005, 0.906, -0.388, 192.0, 0.0, 0.0, 0.0, 0.0, 0.0, 0.0, 0.0, 0.0, 0.0, 1.741279693098281E9, 0.0, 2025-03-06 10:48:13.098
106.0, -38584.788272951635, -44960.35515789451, -50434.342078488124, -49422.29979304073, -24055.01443803483, -27247.648209053066, -57381.867752297854, -44498.43400698114, 0.052000000000000005, 0.906, -0.388, 192.0, 0.0, 0.0, 0.0, 0.0, 0.0, 0.0, 0.0, 0.0, 0.0, 1.741279693098299E9, 0.0, 2025-03-06 10:48:13.098
107.0, -38601.149749892924, -44972.08982373355, -50447.641366439035, -49434.63795598006, -23997.570454784687, -27254.666656812034, -57396.619903638355, -44507.732332674546, 0.052000000000000005, 0.906, -0.388, 192.0, 0.0, 0.0, 0.0, 0.0, 0.0, 0.0, 0.0, 0.0, 0.0, 1.741279693098322E9, 0.0, 2025-03-06 10:48:13.098
108.0, -38609.59870929703, -44983.01982677219, -50454.056317097704, -49436.15787460302, -23993.74830648283, -27244.720130529422, -57395.859944326876, -44498.47871047005, 0.052000000000000005, 0.906, -0.388, 192.0, 0.0, 0.0, 0.0, 0.0, 0.0, 0.0, 0.0, 0.0, 0.0, 1.741279693098343E9, 0.0, 2025-03-06 10:48:13.098
109.0, -38601.507377804206, -44976.80604181362, -50445.07091582667, -49428.53592974376, -24045.38083617459, -27234.706549013445, -57388.305054700984, -44483.19011726262, 0.052000000000000005, 0.906, -0.388, 192.0, 0.0, 0.0, 0.0, 0.0, 0.0, 0.0, 0.0, 0.0, 0.0, 1.74127969309836E9, 0.0, 2025-03-06 10:48:13.098
110.0, -38599.42866556987, -44973.29681793413, -50444.288604770736, -49425.38433377556, -24058.836586336685, -27244.138985173584, -57388.68503435672, -44482.51956492896, 0.052000000000000005, 0.906, -0.388, 192.0, 0.0, 0.0, 0.0, 0.0, 0.0, 0.0, 0.0, 0.0, 0.0, 1.741279693098373E9, 0.0, 2025-03-06 10:48:13.098
111.0, -38602.22263362678, -44972.17923071137, -50448.80365715071, -49427.172473331986, -24021.866801007607, -27246.9329532305, -57394.78706059302, -44493.538974945426, 0.052000000000000005, 0.906, -0.388, 192.0, 0.0, 0.0, 0.0, 0.0, 0.0, 0.0, 0.0, 0.0, 0.0, 1.741279693098386E9, 0.0, 2025-03-06 10:48:13.098
112.0, -38605.418933083885, -44972.67096908939, -50447.79782865022, -49427.507749498815, -24016.12240268259, -27244.38485436259, -57392.842458825406, -44488.845108609814, 0.052000000000000005, 0.906, -0.388, 192.0, 0.0, 0.0, 0.0, 0.0, 0.0, 0.0, 0.0, 0.0, 0.0, 1.741279693098399E9, 0.0, 2025-03-06 10:48:13.098
113.0, -38603.96606969429, -44970.50284987722, -50442.76868614778, -49430.05584836672, -24064.33511547269, -27237.38875834808, -57387.85801981187, -44455.630416349224, 0.052000000000000005, 0.906, -0.388, 192.0, 0.0, 0.0, 0.0, 0.0, 0.0, 0.0, 0.0, 0.0, 0.0, 1.741279693098412E9, 0.0, 2025-03-06 10:48:13.098
114.0, -38607.00590694021, -44971.30751267762, -50442.29929951421, -49434.28032806877, -24101.416659524046, -27242.82023225072, -57382.80652556498, -44460.816021062856, 0.046, 0.912, -0.386, 192.0, 1.0, 112.0, 28.0, 128.0, 243.0, 240.0, 0.0, 0.0, 0.0, 1.741279693098429E9, 0.0, 2025-03-06 10:48:13.098
115.0, -38594.75715097871, -44963.19382944034, -50428.21770050737, -49420.958688373415, -24080.67424066952, -27233.656017024045, -57388.75208959009, -44516.04718161192, 0.046, 0.912, -0.386, 192.0, 0.0, 0.0, 0.0, 0.0, 0.0, 0.0, 0.0, 0.0, 0.0, 1.741279693098444E9, 0.0, 2025-03-06 10:48:13.098
116.0, -38595.137130634444, -44966.79246029764, -50430.49757844181, -49431.419304778494, -24045.403187919044, -27238.10401417065, -57401.31376997397, -44503.7537221615, 0.046, 0.912, -0.386, 192.0, 0.0, 0.0, 0.0, 0.0, 0.0, 0.0, 0.0, 0.0, 0.0, 1.741279693098457E9, 0.0, 2025-03-06 10:48:13.098
117.0, -38594.220709111774, -44962.00918698421, -50429.42469470796, -49433.386258290564, -24089.078496584716, -27237.321703114714, -57402.09608102991, -44493.96365809008, 0.046, 0.912, -0.386, 192.0, 0.0, 0.0, 0.0, 0.0, 0.0, 0.0, 0.0, 0.0, 0.0, 1.741279693098471E9, 0.0, 2025-03-06 10:48:13.098
118.0, -38590.91265093239, -44953.78374502465, -50424.775531861254, -49429.139426844056, -24118.694557987998, -27243.759005517844, -57395.569371648955, -44492.689608656125, 0.046, 0.912, -0.386, 192.0, 0.0, 0.0, 0.0, 0.0, 0.0, 0.0, 0.0, 0.0, 0.0, 1.741279693098485E9, 0.0, 2025-03-06 10:48:13.098
119.0, -38589.616249753984, -44947.18998041034, -50424.909642327984, -49426.121941342586, -24092.744182675386, -27245.994179963374, -57396.64225538281, -44505.29599252892, 0.046, 0.912, -0.386, 192.0, 0.0, 0.0, 0.0, 0.0, 0.0, 0.0, 0.0, 0.0, 0.0, 1.741279693098501E9, 0.0, 2025-03-06 10:48:13.098
120.0, -38590.71148523229, -44940.104477418005, -50421.24395623731, -49421.13750232905, -24049.85118506565, -27233.611313535133, -57391.83663032492, -44514.66137345569, 0.046, 0.912, -0.386, 192.0, 0.0, 0.0, 0.0, 0.0, 0.0, 0.0, 0.0, 0.0, 0.0, 1.741279693158093E9, 0.0, 2025-03-06 10:48:13.158
121.0, -38587.62694449746, -44931.14142789143, -50416.818310835166, -49422.433903507466, -24075.443932466977, -27224.134173886083, -57383.87940929883, -44489.09097779882, 0.046, 0.912, -0.386, 192.0, 0.0, 0.0, 0.0, 0.0, 0.0, 0.0, 0.0, 0.0, 0.0, 1.741279693158112E9, 0.0, 2025-03-06 10:48:13.158
122.0, -38583.335409562045, -44924.12298013246, -50416.1477585015, -49423.8644151526, -24096.991014121893, -27237.165240903527, -57386.82983956693, -44477.04338753741, 0.046, 0.912, -0.386, 192.0, 0.0, 0.0, 0.0, 0.0, 0.0, 0.0, 0.0, 0.0, 0.0, 1.741279693158126E9, 0.0, 2025-03-06 10:48:13.158
123.0, -38584.56475550708, -44918.24447134072, -50418.6511538805, -49420.55635697322, -24077.880272612605, -27244.831889251698, -57387.14276398931, -44490.18621327713, 0.046, 0.912, -0.386, 192.0, 0.0, 0.0, 0.0, 0.0, 0.0, 0.0, 0.0, 0.0, 0.0, 1.74127969315815E9, 0.0, 2025-03-06 10:48:13.158
124.0, -38600.0098109257, -44930.604986024504, -50432.86686335407, -49433.050982123736, -24028.058234221728, -27260.165185948037, -57401.53728741852, -44523.53501600445, 0.042, 0.91, -0.374, 192.0, 1.0, 80.0, 28.0, 112.0, 244.0, 80.0, 0.0, 0.0, 0.0, 1.741279693158164E9, 0.0, 2025-03-06 10:48:13.158
125.0, -38588.05162764211, -44920.9043289309, -50417.75708410229, -49428.02183962129, -24065.139778273082, -27259.226412680917, -57397.513973416564, -44509.38636176424, 0.042, 0.91, -0.374, 192.0, 0.0, 0.0, 0.0, 0.0, 0.0, 0.0, 0.0, 0.0, 0.0, 1.741279693158182E9, 0.0, 2025-03-06 10:48:13.158
126.0, -38575.221726324766, -44908.02972412464, -50406.08947349661, -49422.769179674295, -24106.75872644886, -27249.57045907622, -57386.762784333565, -44491.370855733265, 0.042, 0.91, -0.374, 192.0, 0.0, 0.0, 0.0, 0.0, 0.0, 0.0, 0.0, 0.0, 0.0, 1.741279693158196E9, 0.0, 2025-03-06 10:48:13.158
127.0, -38574.39471177992, -44905.23575606773, -50408.414054919966, -49426.5689762317, -24100.34377579019, -27247.402339864057, -57383.767650576556, -44490.18621327713, 0.042, 0.91, -0.374, 192.0, 0.0, 0.0, 0.0, 0.0, 0.0, 0.0, 0.0, 0.0, 0.0, 1.74127969315821E9, 0.0, 2025-03-06 10:48:13.158
128.0, -38571.44428151182, -44908.78968343612, -50413.5996596336, -49432.201615834434, -24062.099941027158, -27250.39747362107, -57383.65589185428, -44489.62741966575, 0.042, 0.91, -0.374, 192.0, 0.0, 0.0, 0.0, 0.0, 0.0, 0.0, 0.0, 0.0, 0.0, 1.741279693158223E9, 0.0, 2025-03-06 10:48:13.158
129.0, -38582.03900838363, -44906.68861945732, -50411.900927054994, -49422.88093839657, -24090.866636141138, -27250.241011409882, -57380.30313018598, -44481.2008120061, 0.042, 0.91, -0.374, 192.0, 0.0, 0.0, 0.0, 0.0, 0.0, 0.0, 0.0, 0.0, 0.0, 1.74127969315824E9, 0.0, 2025-03-06 10:48:13.158
130.0, -38593.57250852257, -44914.84700618351, -50419.90285157, -49429.42999952198, -24120.14742137759, -27259.49463361438, -57390.85315356889, -44495.03654182393, 0.042, 0.91, -0.374, 192.0, 0.0, 0.0, 0.0, 0.0, 0.0, 0.0, 0.0, 0.0, 0.0, 1.741279693158254E9, 0.0, 2025-03-06 10:48:13.158
131.0, -38584.05066538461, -44907.02389562415, -50411.83387182163, -49423.99852561933, -24125.936523191514, -27251.604467821657, -57388.01448202306, -44495.12594880175, 0.042, 0.91, -0.374, 192.0, 0.0, 0.0, 0.0, 0.0, 0.0, 0.0, 0.0, 0.0, 0.0, 1.741279693158267E9, 0.0, 2025-03-06 10:48:13.158
132.0, -38586.822281697074, -44912.634183482434, -50414.62783987854, -49428.53592974376, -24078.170845290526, -27248.810499764742, -57390.22730472414, -44476.194021248106, 0.042, 0.91, -0.374, 192.0, 0.0, 0.0, 0.0, 0.0, 0.0, 0.0, 0.0, 0.0, 0.0, 1.74127969315828E9, 0.0, 2025-03-06 10:48:13.158
133.0, -38597.4617120578, -44921.48547428673, -50421.66863938196, -49436.49315076985, -24068.33607773019, -27263.696761571977, -57394.809412337476, -44490.96852433307, 0.042, 0.91, -0.374, 192.0, 0.0, 0.0, 0.0, 0.0, 0.0, 0.0, 0.0, 0.0, 0.0, 1.741279693158294E9, 0.0, 2025-03-06 10:48:13.158
134.0, -38580.27322057167, -44901.659476954876, -50404.435444406925, -49415.10253132612, -24121.980264422928, -27245.86006949664, -57381.21955170865, -44510.660411198194, 0.04, 0.91, -0.376, 192.0, 1.0, 64.0, 28.0, 112.0, 244.0, 64.0, 0.0, 0.0, 0.0, 1.741279693158308E9, 0.0, 2025-03-06 10:48:13.158
135.0, -38570.751377433706, -44893.09875882849, -50399.11572922656, -49410.40866499051, -24143.281476888835, -27241.903810728054, -57376.07865048393, -44512.00151586551, 0.04, 0.91, -0.376, 192.0, 0.0, 0.0, 0.0, 0.0, 0.0, 0.0, 0.0, 0.0, 0.0, 1.741279693218416E9, 0.0, 2025-03-06 10:48:13.218
136.0, -38578.46272927079, -44901.57006997705, -50407.11765374156, -49424.95965063091, -24086.53039771681, -27244.29544738477, -57385.75695583308, -44501.94323086062, 0.04, 0.91, -0.376, 192.0, 0.0, 0.0, 0.0, 0.0, 0.0, 0.0, 0.0, 0.0, 0.0, 1.74127969321844E9, 0.0, 2025-03-06 10:48:13.218
137.0, -38582.88837467293, -44904.78872117862, -50410.55982238768, -49422.21038606291, -24063.150473016558, -27242.887287484085, -57384.86288605486, -44482.340750973315, 0.04, 0.91, -0.376, 192.0, 0.0, 0.0, 0.0, 0.0, 0.0, 0.0, 0.0, 0.0, 0.0, 1.741279693218454E9, 0.0, 2025-03-06 10:48:13.218
138.0, -38581.39080779443, -44904.98988687872, -50411.58800263262, -49419.68463893946, -24090.95604311896, -27237.85814498164, -57378.17971446273, -44485.73821613052, 0.04, 0.91, -0.376, 192.0, 0.0, 0.0, 0.0, 0.0, 0.0, 0.0, 0.0, 0.0, 0.0, 1.741279693218478E9, 0.0, 2025-03-06 10:48:13.218
139.0, -38586.17408110787, -44911.091913115015, -50417.846491080105, -49426.27840355378, -24096.655737955065, -27250.173956176517, -57383.49942964309, -44505.72067567357, 0.04, 0.91, -0.376, 192.0, 0.0, 0.0, 0.0, 0.0, 0.0, 0.0, 0.0, 0.0, 0.0, 1.741279693218497E9, 0.0, 2025-03-06 10:48:13.218
140.0, -38579.87088917147, -44909.88491891443, -50416.72890385734, -49430.12290360009, -24056.534356657787, -27258.220584180428, -57384.102926743384, -44498.56811744787, 0.04, 0.91, -0.376, 192.0, 0.0, 0.0, 0.0, 0.0, 0.0, 0.0, 0.0, 0.0, 0.0, 1.741279693218515E9, 0.0, 2025-03-06 10:48:13.218
141.0, -38580.56379324959, -44909.52729100315, -50414.717246856366, -49434.61560423561, -24047.168975731012, -27260.120482459126, -57384.16998197675, -44496.04237032442, 0.04, 0.91, -0.376, 192.0, 0.0, 0.0, 0.0, 0.0, 0.0, 0.0, 0.0, 0.0, 0.0, 1.74127969321853E9, 0.0, 2025-03-06 10:48:13.218
142.0, -38585.0564938851, -44907.71679970226, -50415.4995579123, -49434.660307724516, -24101.036679868303, -27251.224488165917, -57384.102926743384, -44503.597259950315, 0.04, 0.91, -0.376, 192.0, 0.0, 0.0, 0.0, 0.0, 0.0, 0.0, 0.0, 0.0, 0.0, 1.741279693218543E9, 0.0, 2025-03-06 10:48:13.218
143.0, -38584.45299678481, -44907.29211655761, -50418.18176724694, -49434.54854900224, -24117.398156809588, -27250.64334281008, -57383.00769126508, -44501.51854771597, 0.04, 0.91, -0.376, 192.0, 0.0, 0.0, 0.0, 0.0, 0.0, 0.0, 0.0, 0.0, 0.0, 1.741279693218557E9, 0.0, 2025-03-06 10:48:13.218
144.0, -38588.74453172023, -44914.69054397232, -50428.128293529546, -49445.99264216336, -24074.2816417553, -27271.497520386878, -57392.88716231432, -44508.38053326375, 0.044, 0.908, -0.372, 192.0, 1.0, 96.0, 28.0, 96.0, 244.0, 96.0, 0.0, 0.0, 0.0, 1.741279693218574E9, 0.0, 2025-03-06 10:48:13.218
145.0, -38589.70565673181, -44913.26003232718, -50428.10594178509, -49440.76233396082, -24029.399338889045, -27283.992145537395, -57401.872563585355, -44538.17540862267, 0.044, 0.908, -0.372, 192.0, 0.0, 0.0, 0.0, 0.0, 0.0, 0.0, 0.0, 0.0, 0.0, 1.741279693218589E9, 0.0, 2025-03-06 10:48:13.218
146.0, -38585.32471481856, -44909.79551193661, -50420.21577599237, -49436.671964725494, -24060.445911937466, -27281.958136791964, -57395.23409548213, -44510.012210608984, 0.044, 0.908, -0.372, 192.0, 0.0, 0.0, 0.0, 0.0, 0.0, 0.0, 0.0, 0.0, 0.0, 1.741279693218602E9, 0.0, 2025-03-06 10:48:13.218
147.0, -38586.03997064113, -44911.69541021531, -50421.69099112642, -49441.81286595021, -24085.926900616516, -27279.87942455762, -57393.91534255927, -44505.47480648456, 0.044, 0.908, -0.372, 192.0, 0.0, 0.0, 0.0, 0.0, 0.0, 0.0, 0.0, 0.0, 0.0, 1.741279693218616E9, 0.0, 2025-03-06 10:48:13.218
148.0, -38591.717313732785, -44911.29307881511, -50426.54131967322, -49437.1189996146, -24065.072723039713, -27275.364372177646, -57397.111642016374, -44523.53501600445, 0.044, 0.908, -0.372, 192.0, 0.0, 0.0, 0.0, 0.0, 0.0, 0.0, 0.0, 0.0, 0.0, 1.741279693218629E9, 0.0, 2025-03-06 10:48:13.218
149.0, -38603.049648171625, -44927.40868656739, -50443.439238481435, -49452.11702014411, -24012.79199275875, -27286.093209516195, -57407.48285144364, -44529.190007351644, 0.044, 0.908, -0.372, 192.0, 0.0, 0.0, 0.0, 0.0, 0.0, 0.0, 0.0, 0.0, 0.0, 1.741279693218642E9, 0.0, 2025-03-06 10:48:13.218
150.0, -38604.16723539439, -44931.67786975836, -50436.64430816702, -49452.42994456649, -24038.451795393445, -27285.445008926992, -57407.3487409769, -44531.67105098618, 0.044, 0.908, -0.372, 192.0, 0.0, 0.0, 0.0, 0.0, 0.0, 0.0, 0.0, 0.0, 0.0, 1.741279693278651E9, 0.0, 2025-03-06 10:48:13.278
151.0, -38592.276107344165, -44921.77604696465, -50423.03209579374, -49439.6670984825, -24076.919147601027, -27277.800712323275, -57403.21366825267, -44531.58164400836, 0.044, 0.908, -0.372, 192.0, 0.0, 0.0, 0.0, 0.0, 0.0, 0.0, 0.0, 0.0, 0.0, 1.741279693278673E9, 0.0, 2025-03-06 10:48:13.278
152.0, -38585.95056366331, -44917.037477140126, -50421.489825426324, -49436.15787460302, -24055.908507813037, -27265.01551449484, -57398.586857150425, -44521.05397236991, 0.044, 0.908, -0.372, 192.0, 0.0, 0.0, 0.0, 0.0, 0.0, 0.0, 0.0, 0.0, 0.0, 1.741279693278687E9, 0.0, 2025-03-06 10:48:13.278
153.0, -38589.10215963151, -44915.87518642845, -50426.675430139956, -49441.61170025012, -24011.294425880245, -27277.15251173407, -57399.972665306654, -44514.28139379995, 0.044, 0.908, -0.372, 192.0, 0.0, 0.0, 0.0, 0.0, 0.0, 0.0, 0.0, 0.0, 0.0, 1.741279693278713E9, 0.0, 2025-03-06 10:48:13.278
154.0, -38597.037028913146, -44919.11618937447, -50429.75997087479, -49442.3716595616, -24015.630664304575, -27276.72782858942, -57401.33612171843, -44505.22893729555, 0.042, 0.902, -0.378, 192.0, 1.0, 80.0, 28.0, 48.0, 244.0, 48.0, 0.0, 0.0, 0.0, 1.741279693278733E9, 0.0, 2025-03-06 10:48:13.278
155.0, -38594.73479923425, -44916.67984922884, -50426.451912695404, -49439.197711848945, -24057.830757836196, -27265.909584273053, -57395.77053734905, -44514.72842868906, 0.042, 0.902, -0.378, 192.0, 0.0, 0.0, 0.0, 0.0, 0.0, 0.0, 0.0, 0.0, 0.0, 1.741279693278751E9, 0.0, 2025-03-06 10:48:13.278
156.0, -38591.96318292179, -44918.42328529636, -50426.11663652857, -49434.88382516907, -24054.589754890178, -27264.456720883456, -57400.93379031823, -44539.896492945736, 0.042, 0.902, -0.378, 192.0, 0.0, 0.0, 0.0, 0.0, 0.0, 0.0, 0.0, 0.0, 0.0, 1.741279693278766E9, 0.0, 2025-03-06 10:48:13.278
157.0, -38593.0584184001, -44917.953898662796, -50426.60837490659, -49432.87216816809, -24013.08256543667, -27260.120482459126, -57394.943522804206, -44515.89071940073, 0.042, 0.902, -0.378, 192.0, 0.0, 0.0, 0.0, 0.0, 0.0, 0.0, 0.0, 0.0, 0.0, 1.741279693278779E9, 0.0, 2025-03-06 10:48:13.278
158.0, -38607.721162762784, -44928.995660423716, -50435.1020377996, -49445.92558692999, -24013.529600325775, -27262.266249926837, -57396.68695887172, -44493.02488482295, 0.042, 0.902, -0.378, 192.0, 0.0, 0.0, 0.0, 0.0, 0.0, 0.0, 0.0, 0.0, 0.0, 1.741279693278793E9, 0.0, 2025-03-06 10:48:13.278
159.0, -38611.87858723147, -44932.75075349221, -50440.712325657885, -49453.41342132252, -24044.419711163013, -27262.44506388248, -57406.342912476415, -44520.27166131397, 0.042, 0.902, -0.378, 192.0, 0.0, 0.0, 0.0, 0.0, 0.0, 0.0, 0.0, 0.0, 0.0, 1.741279693278809E9, 0.0, 2025-03-06 10:48:13.278
160.0, -38596.03120041266, -44918.602099252, -50430.76579937527, -49441.58934850566, -24060.356504959644, -27257.304162657758, -57393.42360418125, -44507.48646348554, 0.042, 0.902, -0.378, 192.0, 0.0, 0.0, 0.0, 0.0, 0.0, 0.0, 0.0, 0.0, 0.0, 1.741279693278823E9, 0.0, 2025-03-06 10:48:13.278
161.0, -38589.2586218427, -44908.76733169166, -50429.961136574886, -49436.00141239184, -24041.24576345036, -27260.321648159224, -57390.8978570578, -44499.41748373717, 0.042, 0.902, -0.378, 192.0, 0.0, 0.0, 0.0, 0.0, 0.0, 0.0, 0.0, 0.0, 0.0, 1.741279693278837E9, 0.0, 2025-03-06 10:48:13.278
162.0, -38606.35770635101, -44922.87128244297, -50443.75216290381, -49452.22877886639, -24006.42174558899, -27271.899851787075, -57407.97458982165, -44524.18321659365, 0.042, 0.902, -0.378, 192.0, 0.0, 0.0, 0.0, 0.0, 0.0, 0.0, 0.0, 0.0, 0.0, 1.74127969327885E9, 0.0, 2025-03-06 10:48:13.278
163.0, -38612.79500875414, -44927.386334822935, -50449.47420948437, -49456.967348690916, -24030.069891222705, -27284.081552515217, -57417.22821202615, -44527.7594957065, 0.042, 0.902, -0.378, 192.0, 0.0, 0.0, 0.0, 0.0, 0.0, 0.0, 0.0, 0.0, 0.0, 1.741279693278863E9, 0.0, 2025-03-06 10:48:13.278
164.0, -38602.24498537123, -44912.34361080451, -50435.9067006, -49446.21615960791, -24062.748141616365, -27284.17095949304, -57409.919191589266, -44521.23278632555, 0.052000000000000005, 0.9, -0.38, 192.0, 1.0, 160.0, 28.0, 32.0, 244.0, 32.0, 0.0, 0.0, 0.0, 1.741279693278877E9, 0.0, 2025-03-06 10:48:13.278
165.0, -38603.72020050528, -44912.18714859333, -50439.75120064631, -49449.54656953175, -24029.08641446667, -27293.53634041981, -57419.30692426049, -44534.085039387355, 0.052000000000000005, 0.9, -0.38, 192.0, 0.0, 0.0, 0.0, 0.0, 0.0, 0.0, 0.0, 0.0, 0.0, 1.741279693338942E9, 0.0, 2025-03-06 10:48:13.338
166.0, -38605.150712150426, -44918.42328529636, -50444.44506698192, -49455.08980215667, -23990.619062259088, -27299.72777363393, -57422.65968592879, -44538.689498745145, 0.052000000000000005, 0.9, -0.38, 192.0, 0.0, 0.0, 0.0, 0.0, 0.0, 0.0, 0.0, 0.0, 0.0, 1.741279693338994E9, 0.0, 2025-03-06 10:48:13.338
167.0, -38598.69105800284, -44914.57878525004, -50435.01263082178, -49447.82548520869, -24029.578152844686, -27292.619918897144, -57415.909459103284, -44528.22888234006, 0.052000000000000005, 0.9, -0.38, 192.0, 0.0, 0.0, 0.0, 0.0, 0.0, 0.0, 0.0, 0.0, 0.0, 1.741279693339008E9, 0.0, 2025-03-06 10:48:13.339
168.0, -38601.61913652648, -44916.88101492894, -50439.43827622393, -49453.100496900144, -24059.216565992425, -27300.890064345607, -57411.729682890145, -44506.726504174054, 0.052000000000000005, 0.9, -0.38, 192.0, 0.0, 0.0, 0.0, 0.0, 0.0, 0.0, 0.0, 0.0, 0.0, 1.741279693339032E9, 0.0, 2025-03-06 10:48:13.339
169.0, -38606.71533426229, -44921.105494630996, -50444.51212221529, -49456.49796205735, -24021.240952162858, -27293.02225029734, -57418.502261460104, -44543.53982729195, 0.052000000000000005, 0.9, -0.38, 192.0, 0.0, 0.0, 0.0, 0.0, 0.0, 0.0, 0.0, 0.0, 0.0, 1.74127969333905E9, 0.0, 2025-03-06 10:48:13.339
170.0, -38619.70169779083, -44936.7070122608, -50456.7608781768, -49466.06450868422, -23974.011716128793, -27299.839532356207, -57425.40895049679, -44524.071457871374, 0.052000000000000005, 0.9, -0.38, 192.0, 0.0, 0.0, 0.0, 0.0, 0.0, 0.0, 0.0, 0.0, 0.0, 1.741279693339067E9, 0.0, 2025-03-06 10:48:13.339
171.0, -38596.99232542424, -44921.97721266475, -50435.45966571089, -49445.836179952166, -24042.4751093954, -27285.06502927125, -57406.85700259889, -44508.6040507083, 0.052000000000000005, 0.9, -0.38, 192.0, 0.0, 0.0, 0.0, 0.0, 0.0, 0.0, 0.0, 0.0, 0.0, 1.74127969333908E9, 0.0, 2025-03-06 10:48:13.339
172.0, -38590.28680208764, -44911.62835498194, -50423.9038138275, -49432.98392689037, -24091.24661579688, -27278.001878023373, -57405.11356653137, -44521.47865551456, 0.052000000000000005, 0.9, -0.38, 192.0, 0.0, 0.0, 0.0, 0.0, 0.0, 0.0, 0.0, 0.0, 0.0, 1.741279693339094E9, 0.0, 2025-03-06 10:48:13.339
173.0, -38597.12643589097, -44921.440770797824, -50434.006802321295, -49439.2200635934, -24059.797711348263, -27280.237052468903, -57413.607229424386, -44530.41935329668, 0.052000000000000005, 0.9, -0.38, 192.0, 0.0, 0.0, 0.0, 0.0, 0.0, 0.0, 0.0, 0.0, 0.0, 1.741279693339108E9, 0.0, 2025-03-06 10:48:13.339
174.0, -38607.3635348515, -44936.617605282976, -50444.623880937565, -49452.69816549995, -24005.147696155036, -27290.049468284782, -57420.826842883456, -44530.97814690806, 0.042, 0.902, -0.382, 192.0, 1.0, 80.0, 28.0, 48.0, 244.0, 16.0, 0.0, 0.0, 0.0, 1.741279693339122E9, 0.0, 2025-03-06 10:48:13.339
175.0, -38623.27797690368, -44948.68754728884, -50454.4586484979, -49457.90612195803, -24002.957225198417, -27281.131122247116, -57422.12324406186, -44535.85082719932, 0.042, 0.902, -0.382, 192.0, 0.0, 0.0, 0.0, 0.0, 0.0, 0.0, 0.0, 0.0, 0.0, 1.741279693339141E9, 0.0, 2025-03-06 10:48:13.339
176.0, -38618.80762801262, -44938.96453845078, -50448.08840132814, -49445.56795901871, -24043.011551262327, -27275.5878896222, -57415.484775958634, -44521.18808283664, 0.042, 0.902, -0.382, 192.0, 0.0, 0.0, 0.0, 0.0, 0.0, 0.0, 0.0, 0.0, 0.0, 1.741279693339155E9, 0.0, 2025-03-06 10:48:13.339
177.0, -38610.89511047544, -44932.19195988082, -50442.43340998094, -49444.78564796277, -24051.23699322188, -27275.610241366656, -57413.22724976865, -44513.52143448847, 0.042, 0.902, -0.382, 192.0, 0.0, 0.0, 0.0, 0.0, 0.0, 0.0, 0.0, 0.0, 0.0, 1.741279693339169E9, 0.0, 2025-03-06 10:48:13.339
178.0, -38615.67838378887, -44941.17736115186, -50449.250692039815, -49453.88280795608, -24003.18074264297, -27281.980488536417, -57419.73160740514, -44518.77409443547, 0.042, 0.902, -0.382, 192.0, 0.0, 0.0, 0.0, 0.0, 0.0, 0.0, 0.0, 0.0, 0.0, 1.741279693339182E9, 0.0, 2025-03-06 10:48:13.339
179.0, -38626.49662810524, -44953.22495141327, -50455.73269793185, -49460.36481384812, -24011.85321949163, -27280.59468038019, -57423.73256966264, -44519.534053746946, 0.042, 0.902, -0.382, 192.0, 0.0, 0.0, 0.0, 0.0, 0.0, 0.0, 0.0, 0.0, 0.0, 1.741279693339196E9, 0.0, 2025-03-06 10:48:13.339
180.0, -38629.044726973145, -44951.74973627922, -50458.0125758663, -49459.35898534763, -24062.85990033864, -27274.24678495488, -57422.5032237176, -44516.82949266786, 0.042, 0.902, -0.382, 192.0, 0.0, 0.0, 0.0, 0.0, 0.0, 0.0, 0.0, 0.0, 0.0, 1.741279693399132E9, 0.0, 2025-03-06 10:48:13.399
181.0, -38624.59672982654, -44948.39697461092, -50460.06893635618, -49458.73313650288, -24066.123255029113, -27274.090322743694, -57422.07854057295, -44515.08605660034, 0.042, 0.902, -0.382, 192.0, 0.0, 0.0, 0.0, 0.0, 0.0, 0.0, 0.0, 0.0, 0.0, 1.741279693399157E9, 0.0, 2025-03-06 10:48:13.399
182.0, -38625.200226926834, -44959.84106777204, -50463.06407011319, -49474.26759889932, -24017.351748627636, -27289.289508973303, -57427.71118017569, -44523.177388093165, 0.042, 0.902, -0.382, 192.0, 0.0, 0.0, 0.0, 0.0, 0.0, 0.0, 0.0, 0.0, 0.0, 1.741279693399171E9, 0.0, 2025-03-06 10:48:13.399
183.0, -38625.69196530485, -44960.89159976144, -50458.817238666685, -49475.899276244556, -24029.13111795558, -27288.529549661824, -57425.94539236372, -44515.622498467266, 0.042, 0.902, -0.382, 192.0, 0.0, 0.0, 0.0, 0.0, 0.0, 0.0, 0.0, 0.0, 0.0, 1.741279693399197E9, 0.0, 2025-03-06 10:48:13.399
184.0, -38622.272148403186, -44958.23174217126, -50458.10198284411, -49475.966331477925, -24072.895833599072, -27299.75012537839, -57429.99105811013, -44507.26294604099, 0.044, 0.906, -0.384, 192.0, 1.0, 96.0, 28.0, 80.0, 244.0, 0.0, 0.0, 0.0, 0.0, 1.741279693399214E9, 0.0, 2025-03-06 10:48:13.399
185.0, -38613.77848551017, -44958.209390426804, -50459.46543925589, -49477.9779884789, -24070.504196942355, -27307.707346404477, -57429.92400287676, -44532.34160331984, 0.044, 0.906, -0.384, 192.0, 0.0, 0.0, 0.0, 0.0, 0.0, 0.0, 0.0, 0.0, 0.0, 1.741279693399235E9, 0.0, 2025-03-06 10:48:13.399
186.0, -38615.3654593665, -44960.35515789451, -50457.409078766, -49474.8263925107, -24026.448908620943, -27298.5431311778, -57430.952183121706, -44555.25214138653, 0.044, 0.906, -0.384, 192.0, 0.0, 0.0, 0.0, 0.0, 0.0, 0.0, 0.0, 0.0, 0.0, 1.741279693399249E9, 0.0, 2025-03-06 10:48:13.399
187.0, -38626.47427636079, -44967.10538472002, -50461.49944800132, -49480.88371525809, -24018.916370739506, -27313.585855196223, -57429.812244154484, -44522.752704948514, 0.044, 0.906, -0.384, 192.0, 0.0, 0.0, 0.0, 0.0, 0.0, 0.0, 0.0, 0.0, 0.0, 1.741279693399262E9, 0.0, 2025-03-06 10:48:13.399
188.0, -38633.60448284203, -44971.0616434886, -50470.82012543918, -49489.91382001803, -24067.75493237435, -27320.93957912202, -57435.80251166851, -44537.68367024466, 0.044, 0.906, -0.384, 192.0, 0.0, 0.0, 0.0, 0.0, 0.0, 0.0, 0.0, 0.0, 0.0, 1.741279693399276E9, 0.0, 2025-03-06 10:48:13.399
189.0, -38626.58603508306, -44957.382375881956, -50457.69965144392, -49470.49015408637, -24106.691671215496, -27299.34779397819, -57428.2029185537, -44555.38625185326, 0.044, 0.906, -0.384, 192.0, 0.0, 0.0, 0.0, 0.0, 0.0, 0.0, 0.0, 0.0, 0.0, 1.741279693399289E9, 0.0, 2025-03-06 10:48:13.399
190.0, -38627.32364265009, -44959.99752998323, -50459.15251483351, -49472.948845976454, -24079.511949957843, -27304.01930856935, -57426.526537719554, -44524.09380961583, 0.044, 0.906, -0.384, 192.0, 0.0, 0.0, 0.0, 0.0, 0.0, 0.0, 0.0, 0.0, 0.0, 1.741279693399314E9, 0.0, 2025-03-06 10:48:13.399
191.0, -38629.335299651066, -44965.65252133042, -50461.56650323469, -49478.179154179, -24048.219507720412, -27313.518799962858, -57437.92592739176, -44541.684632502154, 0.044, 0.906, -0.384, 192.0, 0.0, 0.0, 0.0, 0.0, 0.0, 0.0, 0.0, 0.0, 0.0, 1.741279693399327E9, 0.0, 2025-03-06 10:48:13.399
192.0, -38619.120552434986, -44957.717652048785, -50451.15059031852, -49471.74185177587, -24102.131915346614, -27301.940596335007, -57429.92400287676, -44532.85569344231, 0.044, 0.906, -0.384, 192.0, 0.0, 0.0, 0.0, 0.0, 0.0, 0.0, 0.0, 0.0, 0.0, 1.741279693399341E9, 0.0, 2025-03-06 10:48:13.399
193.0, -38614.49374133274, -44950.02865195616, -50448.78130540625, -49467.919703474014, -24133.53611630632, -27292.843436341696, -57414.858927113884, -44508.73816117503, 0.044, 0.906, -0.384, 192.0, 0.0, 0.0, 0.0, 0.0, 0.0, 0.0, 0.0, 0.0, 0.0, 1.741279693399354E9, 0.0, 2025-03-06 10:48:13.399
194.0, -38622.49566584774, -44954.70016654732, -50456.62676771006, -49471.920665731515, -24101.640176968598, -27299.571311422744, -57431.13099707735, -44521.23278632555, 0.042, 0.906, -0.384, 192.0, 1.0, 80.0, 28.0, 80.0, 244.0, 0.0, 0.0, 0.0, 0.0, 1.741279693399368E9, 0.0, 2025-03-06 10:48:13.399
195.0, -38625.759020538215, -44959.17051543838, -50455.0621455982, -49463.56111330523, -24073.92401384402, -27293.02225029734, -57427.7558836646, -44512.06857109888, 0.042, 0.906, -0.384, 192.0, 0.0, 0.0, 0.0, 0.0, 0.0, 0.0, 0.0, 0.0, 0.0, 1.741279693459557E9, 0.0, 2025-03-06 10:48:13.459
196.0, -38619.09820069053, -44954.4095938694, -50440.89113961353, -49449.14423813156, -24136.10656691868, -27278.627726868122, -57423.531403962545, -44530.19583585213, 0.042, 0.906, -0.384, 192.0, 0.0, 0.0, 0.0, 0.0, 0.0, 0.0, 0.0, 0.0, 0.0, 1.741279693459617E9, 0.0, 2025-03-06 10:48:13.459
197.0, -38625.42374437139, -44963.529105607166, -50445.182674548945, -49456.520313801804, -24167.533119622844, -27283.098075759182, -57433.16500582278, -44562.09177518985, 0.042, 0.906, -0.384, 192.0, 0.0, 0.0, 0.0, 0.0, 0.0, 0.0, 0.0, 0.0, 0.0, 1.741279693459631E9, 0.0, 2025-03-06 10:48:13.459
198.0, -38620.863988502504, -44957.67294855988, -50446.4567239829, -49456.45325856844, -24162.25810793139, -27280.549976891278, -57433.70144768971, -44561.51062983402, 0.042, 0.906, -0.384, 192.0, 0.0, 0.0, 0.0, 0.0, 0.0, 0.0, 0.0, 0.0, 0.0, 1.741279693459653E9, 0.0, 2025-03-06 10:48:13.459
199.0, -38632.688061319364, -44960.33280615006, -50459.35368053361, -49458.88959871407, -24107.518685760344, -27285.60147113818, -57429.27580228756, -44541.63992901325, 0.042, 0.906, -0.384, 192.0, 0.0, 0.0, 0.0, 0.0, 0.0, 0.0, 0.0, 0.0, 0.0, 1.74127969345967E9, 0.0, 2025-03-06 10:48:13.459
200.0, -38646.14381148146, -44967.21714344229, -50468.89787541603, -49464.54459006126, -24133.178488395035, -27293.849264842185, -57434.17083432327, -44516.605975223305, 0.042, 0.906, -0.384, 192.0, 0.0, 0.0, 0.0, 0.0, 0.0, 0.0, 0.0, 0.0, 0.0, 1.741279693459688E9, 0.0, 2025-03-06 10:48:13.459
201.0, -38633.76094505322, -44965.02667248567, -50458.07963109966, -49469.50667733034, -24183.22404423047, -27294.899796831585, -57436.56247097999, -44539.02477491197, 0.042, 0.906, -0.384, 192.0, 0.0, 0.0, 0.0, 0.0, 0.0, 0.0, 0.0, 0.0, 0.0, 1.741279693459702E9, 0.0, 2025-03-06 10:48:13.459
202.0, -38634.565607853605, -44968.73706206525, -50461.25357881231, -49473.48528784338, -24165.454407388497, -27288.88717757311, -57441.12222684887, -44540.12001039029, 0.042, 0.906, -0.384, 192.0, 0.0, 0.0, 0.0, 0.0, 0.0, 0.0, 0.0, 0.0, 0.0, 1.741279693459716E9, 0.0, 2025-03-06 10:48:13.459
203.0, -38622.67447980338, -44959.41638462739, -50452.44699149692, -49464.11990691661, -24115.922941675537, -27280.795846080287, -57433.16500582278, -44520.56223399189, 0.042, 0.906, -0.384, 192.0, 0.0, 0.0, 0.0, 0.0, 0.0, 0.0, 0.0, 0.0, 0.0, 1.741279693459729E9, 0.0, 2025-03-06 10:48:13.459
204.0, -38618.919386734895, -44956.890637503944, -50450.36827926258, -49458.3755085916, -24133.53611630632, -27285.757933349363, -57429.43226449875, -44511.73329493205, 0.042, 0.904, -0.378, 192.0, 1.0, 80.0, 28.0, 64.0, 244.0, 48.0, 0.0, 0.0, 0.0, 1.741279693459743E9, 0.0, 2025-03-06 10:48:13.459
205.0, -38611.230386642266, -44947.435849599344, -50444.26625302628, -49454.55336028974, -24202.22302701748, -27285.579119393722, -57420.826842883456, -44506.3018210294, 0.042, 0.904, -0.378, 192.0, 0.0, 0.0, 0.0, 0.0, 0.0, 0.0, 0.0, 0.0, 0.0, 1.741279693459762E9, 0.0, 2025-03-06 10:48:13.459
206.0, -38614.00200295472, -44948.486381588744, -50449.65302344001, -49457.25792136883, -24205.799306130328, -27292.06112528576, -57428.13586332034, -44519.17642583566, 0.042, 0.904, -0.378, 192.0, 0.0, 0.0, 0.0, 0.0, 0.0, 0.0, 0.0, 0.0, 0.0, 1.741279693459775E9, 0.0, 2025-03-06 10:48:13.459
207.0, -38615.566625066596, -44947.458201343805, -50449.78713390674, -49456.63207252408, -24159.82176778576, -27290.608261896166, -57428.82876739845, -44512.38149552125, 0.042, 0.904, -0.378, 192.0, 0.0, 0.0, 0.0, 0.0, 0.0, 0.0, 0.0, 0.0, 0.0, 1.741279693459789E9, 0.0, 2025-03-06 10:48:13.459
208.0, -38622.965052481304, -44953.7613932802, -50454.346889775625, -49465.46101158393, -24165.297945177314, -27291.12235201864, -57428.582898209446, -44509.56517571988, 0.042, 0.904, -0.378, 192.0, 0.0, 0.0, 0.0, 0.0, 0.0, 0.0, 0.0, 0.0, 0.0, 1.741279693459802E9, 0.0, 2025-03-06 10:48:13.459
209.0, -38631.65988107442, -44960.46691661679, -50461.49944800132, -49477.016863467325, -24227.189925574057, -27289.4906746734, -57428.2029185537, -44511.5544809764, 0.042, 0.904, -0.378, 192.0, 0.0, 0.0, 0.0, 0.0, 0.0, 0.0, 0.0, 0.0, 0.0, 1.741279693459816E9, 0.0, 2025-03-06 10:48:13.459
210.0, -38620.729878035774, -44955.59423632553, -50451.821142652174, -49468.70201452995, -24256.537766043875, -27287.367258950148, -57424.090197573925, -44509.542823975426, 0.042, 0.904, -0.378, 192.0, 0.0, 0.0, 0.0, 0.0, 0.0, 0.0, 0.0, 0.0, 0.0, 1.741279693518376E9, 0.0, 2025-03-06 10:48:13.518
211.0, -38627.18953218336, -44967.731233564766, -50462.30411080171, -49477.82152626771, -24192.92470132407, -27303.08053530223, -57437.389485524836, -44514.46020775559, 0.042, 0.904, -0.378, 192.0, 0.0, 0.0, 0.0, 0.0, 0.0, 0.0, 0.0, 0.0, 0.0, 1.741279693518395E9, 0.0, 2025-03-06 10:48:13.518
212.0, -38635.057346231624, -44971.62043709999, -50464.24871256932, -49482.49304085887, -24179.714820350986, -27315.5975121972, -57441.993944882626, -44514.996649622524, 0.042, 0.904, -0.378, 192.0, 0.0, 0.0, 0.0, 0.0, 0.0, 0.0, 0.0, 0.0, 0.0, 1.741279693518409E9, 0.0, 2025-03-06 10:48:13.518
213.0, -38637.60544509953, -44973.60974235651, -50462.237055568345, -49479.542610590775, -24217.757489413918, -27317.765631409366, -57443.26799431658, -44515.66720195618, 0.042, 0.904, -0.378, 192.0, 0.0, 0.0, 0.0, 0.0, 0.0, 0.0, 0.0, 0.0, 0.0, 1.74127969351843E9, 0.0, 2025-03-06 10:48:13.518
214.0, -38641.20407595683, -44975.93432377986, -50465.522762003275, -49474.33465413268, -24228.955713386025, -27314.994015096905, -57442.061000115995, -44539.36005107881, 0.04, 0.904, -0.38, 192.0, 1.0, 64.0, 28.0, 64.0, 244.0, 32.0, 0.0, 0.0, 0.0, 1.741279693518447E9, 0.0, 2025-03-06 10:48:13.518
215.0, -38648.26722720471, -44981.67872210488, -50474.8657911856, -49482.94007574798, -24191.203617001014, -27315.7986778973, -57452.052229887515, -44543.651586014224, 0.04, 0.904, -0.38, 192.0, 0.0, 0.0, 0.0, 0.0, 0.0, 0.0, 0.0, 0.0, 0.0, 1.741279693518466E9, 0.0, 2025-03-06 10:48:13.518
216.0, -38648.200171971344, -44986.43964367386, -50477.52564877578, -49487.54453510577, -24168.4048376566, -27320.6490064441, -57452.07458163197, -44530.57581550787, 0.04, 0.904, -0.38, 192.0, 0.0, 0.0, 0.0, 0.0, 0.0, 0.0, 0.0, 0.0, 0.0, 1.74127969351848E9, 0.0, 2025-03-06 10:48:13.518
217.0, -38639.058308489126, -44980.158803481914, -50465.90274165902, -49479.07322395721, -24221.780803415873, -27317.65387268709, -57442.351572793916, -44510.63805945373, 0.04, 0.904, -0.38, 192.0, 0.0, 0.0, 0.0, 0.0, 0.0, 0.0, 0.0, 0.0, 0.0, 1.741279693518495E9, 0.0, 2025-03-06 10:48:13.518
218.0, -38636.8678375325, -44977.789518569654, -50462.661738712995, -49476.61453206713, -24246.099501383247, -27315.35164300819, -57446.64310772933, -44533.593301009336, 0.04, 0.904, -0.38, 192.0, 0.0, 0.0, 0.0, 0.0, 0.0, 0.0, 0.0, 0.0, 0.0, 1.741279693518509E9, 0.0, 2025-03-06 10:48:13.518
219.0, -38639.70650907833, -44982.93041979437, -50470.775421950275, -49483.67768331501, -24210.56022769931, -27315.530456963836, -57455.60615725591, -44551.407641340214, 0.04, 0.904, -0.38, 192.0, 0.0, 0.0, 0.0, 0.0, 0.0, 0.0, 0.0, 0.0, 0.0, 1.741279693518523E9, 0.0, 2025-03-06 10:48:13.518
220.0, -38647.21669521531, -44986.394940184946, -50473.79290745174, -49484.83997402668, -24173.568090625777, -27310.65777667258, -57446.46429377369, -44530.933443419155, 0.04, 0.904, -0.38, 192.0, 0.0, 0.0, 0.0, 0.0, 0.0, 0.0, 0.0, 0.0, 0.0, 1.741279693518539E9, 0.0, 2025-03-06 10:48:13.518
221.0, -38655.822116830605, -44987.60193438554, -50477.637407498056, -49488.483308372895, -24210.895503866137, -27315.93278836403, -57439.557604737, -44489.62741966575, 0.04, 0.904, -0.38, 192.0, 0.0, 0.0, 0.0, 0.0, 0.0, 0.0, 0.0, 0.0, 0.0, 1.741279693518554E9, 0.0, 2025-03-06 10:48:13.518
222.0, -38650.05536676113, -44981.343445938044, -50474.57521850768, -49479.252037912855, -24239.729254213486, -27317.251541286892, -57449.32531706397, -44541.19289412414, 0.04, 0.904, -0.38, 192.0, 0.0, 0.0, 0.0, 0.0, 0.0, 0.0, 0.0, 0.0, 0.0, 1.741279693518568E9, 0.0, 2025-03-06 10:48:13.518
223.0, -38626.36251763851, -44974.2132394568, -50466.595645737136, -49476.21220066693, -24234.118966355203, -27321.6995384335, -57455.695564233734, -44577.559182352925, 0.04, 0.904, -0.38, 192.0, 0.0, 0.0, 0.0, 0.0, 0.0, 0.0, 0.0, 0.0, 0.0, 1.741279693518581E9, 0.0, 2025-03-06 10:48:13.518
224.0, -38629.55881709562, -44974.07912899007, -50459.241921811335, -49473.15001167655, -24200.345480483233, -27303.304052746782, -57453.102761876915, -44565.265722902506, 0.04, 0.908, -0.382, 192.0, 1.0, 64.0, 28.0, 96.0, 244.0, 16.0, 0.0, 0.0, 0.0, 1.741279693518594E9, 0.0, 2025-03-06 10:48:13.518
225.0, -38646.70260509284, -44982.841012816556, -50467.93675040445, -49473.64175005457, -24221.71374818251, -27302.96877657995, -57461.84229395894, -44575.99456024105, 0.04, 0.908, -0.382, 192.0, 0.0, 0.0, 0.0, 0.0, 0.0, 0.0, 0.0, 0.0, 0.0, 1.741279693578652E9, 0.0, 2025-03-06 10:48:13.578
226.0, -38642.83575330207, -44971.151050466426, -50464.628692225066, -49456.7214795019, -24272.496911584964, -27289.334212462214, -57447.157197851804, -44548.59132153885, 0.04, 0.908, -0.382, 192.0, 0.0, 0.0, 0.0, 0.0, 0.0, 0.0, 0.0, 0.0, 0.0, 1.741279693578671E9, 0.0, 2025-03-06 10:48:13.578
227.0, -38646.590846370564, -44976.873097046984, -50469.099041116126, -49466.042156939766, -24265.41140859263, -27302.231169012925, -57451.44873278723, -44518.75174269101, 0.04, 0.908, -0.382, 192.0, 0.0, 0.0, 0.0, 0.0, 0.0, 0.0, 0.0, 0.0, 0.0, 1.741279693578705E9, 0.0, 2025-03-06 10:48:13.578
228.0, -38640.511171878716, -44979.0188645147, -50470.149573105526, -49475.51929658882, -24220.439698748556, -27304.913378347563, -57454.22034909968, -44536.879007444266, 0.04, 0.908, -0.382, 192.0, 0.0, 0.0, 0.0, 0.0, 0.0, 0.0, 0.0, 0.0, 0.0, 1.741279693578733E9, 0.0, 2025-03-06 10:48:13.578
229.0, -38644.98152076978, -44986.14907099594, -50476.67628248648, -49481.17428793601, -24220.730271426473, -27308.512009204867, -57462.9151776928, -44551.85467622932, 0.04, 0.908, -0.382, 192.0, 0.0, 0.0, 0.0, 0.0, 0.0, 0.0, 0.0, 0.0, 0.0, 1.741279693578757E9, 0.0, 2025-03-06 10:48:13.578
230.0, -38636.26434043221, -44975.621399357486, -50467.64617772653, -49471.80890700924, -24267.71363827153, -27307.72969814893, -57457.6625177458, -44521.14337934773, 0.04, 0.908, -0.382, 192.0, 0.0, 0.0, 0.0, 0.0, 0.0, 0.0, 0.0, 0.0, 0.0, 1.74127969357877E9, 0.0, 2025-03-06 10:48:13.578
231.0, -38626.742497294246, -44966.70305331982, -50458.325500288665, -49468.344386618664, -24285.483275113496, -27298.207855010973, -57445.39141003983, -44521.94804214812, 0.04, 0.908, -0.382, 192.0, 0.0, 0.0, 0.0, 0.0, 0.0, 0.0, 0.0, 0.0, 0.0, 1.741279693578787E9, 0.0, 2025-03-06 10:48:13.578
232.0, -38633.55977935312, -44979.108271492514, -50472.98824465135, -49484.147069948565, -24235.594181489254, -27294.072782286737, -57448.85593043041, -44535.49319928804, 0.04, 0.908, -0.382, 192.0, 0.0, 0.0, 0.0, 0.0, 0.0, 0.0, 0.0, 0.0, 0.0, 1.7412796935788E9, 0.0, 2025-03-06 10:48:13.578
233.0, -38650.7706225837, -44993.43573968837, -50484.74526223484, -49489.01975023982, -24211.02961433287, -27309.96487259446, -57464.45744806021, -44542.35518483582, 0.04, 0.908, -0.382, 192.0, 0.0, 0.0, 0.0, 0.0, 0.0, 0.0, 0.0, 0.0, 0.0, 1.741279693578814E9, 0.0, 2025-03-06 10:48:13.578
234.0, -38645.98734927027, -44983.48921340576, -50473.34587256263, -49476.79334602277, -24253.296763097856, -27312.177695295537, -57461.57407302548, -44534.59912950983, 0.04, 0.906, -0.382, 192.0, 1.0, 64.0, 28.0, 80.0, 244.0, 16.0, 0.0, 0.0, 0.0, 1.741279693578827E9, 0.0, 2025-03-06 10:48:13.578
235.0, -38639.43828814486, -44975.219067957296, -50471.5130295173, -49477.35213963415, -24279.783580277395, -27309.517837705356, -57455.337936322445, -44526.038411383444, 0.04, 0.906, -0.382, 192.0, 0.0, 0.0, 0.0, 0.0, 0.0, 0.0, 0.0, 0.0, 0.0, 1.741279693578844E9, 0.0, 2025-03-06 10:48:13.578
236.0, -38644.89211379196, -44985.85849831802, -50479.313788332205, -49491.09846247417, -24240.198640847047, -27321.07368958875, -57465.15035213833, -44539.51651328999, 0.04, 0.906, -0.382, 192.0, 0.0, 0.0, 0.0, 0.0, 0.0, 0.0, 0.0, 0.0, 0.0, 1.741279693578858E9, 0.0, 2025-03-06 10:48:13.578
237.0, -38649.63068361648, -44997.436701945866, -50482.82301221169, -49499.36860792263, -24224.79828891734, -27332.048396116305, -57471.27473011908, -44538.57774002287, 0.04, 0.906, -0.382, 192.0, 0.0, 0.0, 0.0, 0.0, 0.0, 0.0, 0.0, 0.0, 0.0, 1.741279693578871E9, 0.0, 2025-03-06 10:48:13.578
238.0, -38641.74051782376, -44987.154899496425, -50474.351701063126, -49483.454165870455, -24280.834112266795, -27321.185448311026, -57457.997793912626, -44524.87612067177, 0.04, 0.906, -0.382, 192.0, 0.0, 0.0, 0.0, 0.0, 0.0, 0.0, 0.0, 0.0, 0.0, 1.741279693578885E9, 0.0, 2025-03-06 10:48:13.578
239.0, -38653.18461098488, -44997.41435020141, -50483.38180582307, -49492.21604969693, -24291.965281005538, -27318.65970118758, -57458.82480845747, -44523.08798111534, 0.04, 0.906, -0.382, 192.0, 0.0, 0.0, 0.0, 0.0, 0.0, 0.0, 0.0, 0.0, 0.0, 1.741279693578898E9, 0.0, 2025-03-06 10:48:13.578
240.0, -38651.284712706176, -44997.83903334606, -50479.22438135438, -49493.26658168633, -24263.1762341471, -27324.113526834673, -57459.58476776895, -44536.40962081071, 0.04, 0.906, -0.382, 192.0, 0.0, 0.0, 0.0, 0.0, 0.0, 0.0, 0.0, 0.0, 0.0, 1.741279693638855E9, 0.0, 2025-03-06 10:48:13.638
241.0, -38651.21765747281, -45002.35408572604, -50484.03000641227, -49498.899221289066, -24229.335693041765, -27326.996901869406, -57459.22713985767, -44514.7060769446, 0.04, 0.906, -0.382, 192.0, 0.0, 0.0, 0.0, 0.0, 0.0, 0.0, 0.0, 0.0, 0.0, 1.741279693638875E9, 0.0, 2025-03-06 10:48:13.638
242.0, -38657.09616626456, -45011.25008001925, -50489.372073337094, -49507.929326049016, -24272.720429029516, -27323.152401823092, -57460.76941022509, -44528.18417885115, 0.04, 0.906, -0.382, 192.0, 0.0, 0.0, 0.0, 0.0, 0.0, 0.0, 0.0, 0.0, 0.0, 1.741279693638889E9, 0.0, 2025-03-06 10:48:13.638
243.0, -38647.149639981944, -45007.76320788422, -50478.21855285389, -49500.66500910104, -24306.1362869902, -27310.188390039017, -57463.02693641507, -44567.635007814766, 0.04, 0.906, -0.382, 192.0, 0.0, 0.0, 0.0, 0.0, 0.0, 0.0, 0.0, 0.0, 0.0, 1.741279693638903E9, 0.0, 2025-03-06 10:48:13.638
244.0, -38653.76575634072, -45013.440550975865, -50487.963913436404, -49503.83895681369, -24265.970202204015, -27316.78215465333, -57477.10853542192, -44578.900287020246, 0.042, 0.902, -0.386, 192.0, 1.0, 80.0, 28.0, 48.0, 243.0, 240.0, 0.0, 0.0, 0.0, 1.741279693638926E9, 0.0, 2025-03-06 10:48:13.638
245.0, -38659.040768032166, -45017.46386497782, -50494.200050139436, -49505.470634158926, -24230.788556431362, -27326.616922213667, -57483.00939595811, -44582.67773183319, 0.042, 0.902, -0.386, 192.0, 0.0, 0.0, 0.0, 0.0, 0.0, 0.0, 0.0, 0.0, 0.0, 1.741279693638946E9, 0.0, 2025-03-06 10:48:13.638
246.0, -38652.51405865122, -45013.798178887155, -50485.0134831683, -49496.95461952146, -24280.85646401125, -27322.59360821171, -57472.23585513066, -44561.24240890055, 0.042, 0.902, -0.386, 192.0, 0.0, 0.0, 0.0, 0.0, 0.0, 0.0, 0.0, 0.0, 0.0, 1.741279693638962E9, 0.0, 2025-03-06 10:48:13.638
247.0, -38645.16033472542, -45001.88469909247, -50476.3633580641, -49482.58244783669, -24315.99340629499, -27307.617939426655, -57456.83550320095, -44528.85473118481, 0.042, 0.902, -0.386, 192.0, 0.0, 0.0, 0.0, 0.0, 0.0, 0.0, 0.0, 0.0, 0.0, 1.741279693638976E9, 0.0, 2025-03-06 10:48:13.638
248.0, -38661.499459922255, -45011.071266063605, -50494.200050139436, -49489.802061295755, -24298.179065964112, -27323.442974501013, -57474.09104992045, -44544.210379625605, 0.042, 0.902, -0.386, 192.0, 0.0, 0.0, 0.0, 0.0, 0.0, 0.0, 0.0, 0.0, 0.0, 1.741279693638989E9, 0.0, 2025-03-06 10:48:13.638
249.0, -38673.569401928115, -45018.58145220059, -50500.32442812019, -49495.07707298721, -24244.289010082368, -27330.237904815425, -57477.8684947334, -44544.05391741442, 0.042, 0.902, -0.386, 192.0, 0.0, 0.0, 0.0, 0.0, 0.0, 0.0, 0.0, 0.0, 0.0, 1.741279693639003E9, 0.0, 2025-03-06 10:48:13.639
250.0, -38657.96788429831, -45011.18302478588, -50485.2146488684, -49489.55619210675, -24281.437609367087, -27318.03385234283, -57465.10564864941, -44521.568062492384, 0.042, 0.902, -0.386, 192.0, 0.0, 0.0, 0.0, 0.0, 0.0, 0.0, 0.0, 0.0, 0.0, 1.741279693639019E9, 0.0, 2025-03-06 10:48:13.639
251.0, -38639.61710210051, -45002.532899681675, -50473.412927796, -49487.20925893894, -24338.456909472574, -27311.194218539506, -57457.52840727907, -44522.57389099287, 0.042, 0.902, -0.386, 192.0, 0.0, 0.0, 0.0, 0.0, 0.0, 0.0, 0.0, 0.0, 0.0, 1.741279693639033E9, 0.0, 2025-03-06 10:48:13.639
252.0, -38644.08745099157, -45004.45514970484, -50479.5149540323, -49488.03627348379, -24333.47247045904, -27316.536285464324, -57472.52642780858, -44550.42416458418, 0.042, 0.902, -0.386, 192.0, 0.0, 0.0, 0.0, 0.0, 0.0, 0.0, 0.0, 0.0, 0.0, 1.741279693639046E9, 0.0, 2025-03-06 10:48:13.639
253.0, -38648.758965582725, -45006.936193339374, -50485.460518057414, -49488.818584539724, -24288.09842921477, -27321.006634355384, -57477.086183677464, -44560.795374011446, 0.042, 0.902, -0.386, 192.0, 0.0, 0.0, 0.0, 0.0, 0.0, 0.0, 0.0, 0.0, 0.0, 1.741279693639059E9, 0.0, 2025-03-06 10:48:13.639
254.0, -38654.145735996455, -45008.16553928442, -50480.5654860217, -49489.35502640665, -24303.029394510915, -27321.45366924449, -57479.07548893398, -44553.48635357456, 0.038, 0.906, -0.382, 192.0, 1.0, 48.0, 28.0, 80.0, 244.0, 16.0, 0.0, 0.0, 0.0, 1.741279693639073E9, 0.0, 2025-03-06 10:48:13.639
255.0, -38663.95815181234, -45016.167463799415, -50490.69082625995, -49505.49298590339, -24322.095432531292, -27333.143631594616, -57487.45739310472, -44555.766231509, 0.038, 0.906, -0.382, 192.0, 0.0, 0.0, 0.0, 0.0, 0.0, 0.0, 0.0, 0.0, 0.0, 1.74127969369908E9, 0.0, 2025-03-06 10:48:13.699
0.0, -38664.85222159055, -45016.659202177434, -50494.200050139436, -49509.806872583256, -24318.00506329597, -27334.417681028568, -57487.59150357146, -44548.94894945013, 0.038, 0.906, -0.382, 192.0, 0.0, 0.0, 0.0, 0.0, 0.0, 0.0, 0.0, 0.0, 0.0, 1.7412796936991E9, 0.0, 2025-03-06 10:48:13.699
1.0, -38676.34101824058, -45024.37055401452, -50504.07952118868, -49520.89333783309, -24266.126664415202, -27343.93952416653, -57492.44183211826, -44562.35999612332, 0.038, 0.906, -0.382, 192.0, 0.0, 0.0, 0.0, 0.0, 0.0, 0.0, 0.0, 0.0, 0.0, 1.741279693699114E9, 0.0, 2025-03-06 10:48:13.699
2.0, -38671.066006549125, -45019.22965278979, -50496.81520424071, -49503.8836603026, -24271.446379595563, -27329.634407715133, -57492.464183862714, -44554.04514718594, 0.038, 0.906, -0.382, 192.0, 0.0, 0.0, 0.0, 0.0, 0.0, 0.0, 0.0, 0.0, 0.0, 1.741279693699127E9, 0.0, 2025-03-06 10:48:13.699
3.0, -38671.55774492714, -45019.810798145634, -50498.62569554159, -49501.71554109044, -24315.456964428064, -27339.111547364184, -57496.308683909025, -44557.375557109786, 0.038, 0.906, -0.382, 192.0, 0.0, 0.0, 0.0, 0.0, 0.0, 0.0, 0.0, 0.0, 0.0, 1.741279693699148E9, 0.0, 2025-03-06 10:48:13.699
4.0, -38661.38770119997, -45016.61449868852, -50493.976532694884, -49504.66597135854, -24339.418034484155, -27342.64312298812, -57491.503058851136, -44528.3629928068, 0.038, 0.906, -0.382, 192.0, 0.0, 0.0, 0.0, 0.0, 0.0, 0.0, 0.0, 0.0, 0.0, 1.741279693699164E9, 0.0, 2025-03-06 10:48:13.699
5.0, -38657.76671859821, -45014.11110330953, -50498.737454263864, -49512.77965459581, -24295.921539774125, -27350.734454480942, -57487.83737276046, -44497.53993720293, 0.038, 0.906, -0.382, 192.0, 0.0, 0.0, 0.0, 0.0, 0.0, 0.0, 0.0, 0.0, 0.0, 1.741279693699181E9, 0.0, 2025-03-06 10:48:13.699
6.0, -38665.79099485767, -45019.69903942335, -50500.212669397915, -49509.69511386098, -24274.3297546303, -27346.97936141245, -57488.23970416066, -44548.837190727856, 0.038, 0.906, -0.382, 192.0, 0.0, 0.0, 0.0, 0.0, 0.0, 0.0, 0.0, 0.0, 0.0, 1.741279693699194E9, 0.0, 2025-03-06 10:48:13.699
7.0, -38664.338131468074, -45016.63685043298, -50490.064977415204, -49495.6358665986, -24314.920522561137, -27328.539172236822, -57494.65465481933, -44582.09658647735, 0.04, 0.908, -0.372, 192.0, 1.0, 64.0, 28.0, 96.0, 244.0, 96.0, 0.0, 0.0, 0.0, 1.741279693699208E9, 0.0, 2025-03-06 10:48:13.699
8.0, -38657.31968370911, -45014.31226900963, -50485.393462824046, -49498.22866895541, -24346.30237177639, -27323.912361134575, -57493.514715852114, -44587.282191190985, 0.04, 0.908, -0.372, 192.0, 0.0, 0.0, 0.0, 0.0, 0.0, 0.0, 0.0, 0.0, 0.0, 1.741279693699223E9, 0.0, 2025-03-06 10:48:13.699
9.0, -38649.02718651619, -45010.69128640786, -50479.60436101012, -49496.865212543635, -24325.67171164414, -27311.529494706334, -57485.60219831493, -44550.53592330646, 0.04, 0.908, -0.372, 192.0, 0.0, 0.0, 0.0, 0.0, 0.0, 0.0, 0.0, 0.0, 0.0, 1.741279693699239E9, 0.0, 2025-03-06 10:48:13.699
10.0, -38659.71132036583, -45018.64850743396, -50487.65098901403, -49500.53089863431, -24306.538618390397, -27326.572218724756, -57489.06671870551, -44533.63800449824, 0.04, 0.908, -0.372, 192.0, 0.0, 0.0, 0.0, 0.0, 0.0, 0.0, 0.0, 0.0, 0.0, 1.741279693699252E9, 0.0, 2025-03-06 10:48:13.699
11.0, -38668.406148958944, -45021.46482723532, -50491.78606173826, -49502.22963121291, -24340.021531584447, -27327.734509436432, -57483.83641050296, -44527.46892302858, 0.04, 0.908, -0.372, 192.0, 0.0, 0.0, 0.0, 0.0, 0.0, 0.0, 0.0, 0.0, 0.0, 1.741279693699266E9, 0.0, 2025-03-06 10:48:13.699
12.0, -38664.04755879016, -45021.66599293542, -50488.813279725706, -49498.809814311244, -24361.769778939462, -27323.3982710121, -57485.24457040365, -44559.655435044224, 0.04, 0.908, -0.372, 192.0, 0.0, 0.0, 0.0, 0.0, 0.0, 0.0, 0.0, 0.0, 0.0, 1.74127969369928E9, 0.0, 2025-03-06 10:48:13.699
13.0, -38671.51304143823, -45029.89143489498, -50495.27293387329, -49505.537689392295, -24336.087624560314, -27322.861829145175, -57494.3193786525, -44574.34053115136, 0.04, 0.908, -0.372, 192.0, 0.0, 0.0, 0.0, 0.0, 0.0, 0.0, 0.0, 0.0, 0.0, 1.741279693699294E9, 0.0, 2025-03-06 10:48:13.699
14.0, -38678.21856477482, -45033.42301051891, -50496.70344551843, -49507.079959759714, -24300.123667731725, -27321.990111111416, -57493.20179142974, -44557.554371065424, 0.04, 0.908, -0.372, 192.0, 0.0, 0.0, 0.0, 0.0, 0.0, 0.0, 0.0, 0.0, 0.0, 1.741279693759481E9, 0.0, 2025-03-06 10:48:13.759
15.0, -38672.92120133891, -45027.008059860236, -50491.45078557143, -49497.75928232185, -24353.969020124558, -27324.4488030015, -57486.7197855377, -44553.59811229684, 0.04, 0.908, -0.372, 192.0, 0.0, 0.0, 0.0, 0.0, 0.0, 0.0, 0.0, 0.0, 0.0, 1.741279693759506E9, 0.0, 2025-03-06 10:48:13.759
16.0, -38663.108785523036, -45022.045972591164, -50486.48869830235, -49493.75832006435, -24390.961157198093, -27320.626654699645, -57482.56236106901, -44556.034452442465, 0.04, 0.908, -0.372, 192.0, 0.0, 0.0, 0.0, 0.0, 0.0, 0.0, 0.0, 0.0, 0.0, 1.741279693759519E9, 0.0, 2025-03-06 10:48:13.759
17.0, -38663.444061689865, -45028.21505406083, -50493.149518150036, -49504.17423298052, -24368.095322620313, -27321.87835238914, -57488.217352416206, -44542.757516236015, 0.036000000000000004, 0.91, -0.38, 192.0, 1.0, 32.0, 28.0, 112.0, 244.0, 32.0, 0.0, 0.0, 0.0, 1.741279693759533E9, 0.0, 2025-03-06 10:48:13.759
18.0, -38673.167070527925, -45040.642623977976, -50507.43228285698, -49519.55223316577, -24322.698929631584, -27330.863753660175, -57491.86068676242, -44545.260911615005, 0.036000000000000004, 0.91, -0.38, 192.0, 0.0, 0.0, 0.0, 0.0, 0.0, 0.0, 0.0, 0.0, 0.0, 1.741279693759555E9, 0.0, 2025-03-06 10:48:13.759
19.0, -38679.22439327531, -45046.25291183626, -50512.19320442596, -49519.75339886587, -24350.303334033888, -27332.942465894517, -57494.498192608145, -44556.74970826504, 0.036000000000000004, 0.91, -0.38, 192.0, 0.0, 0.0, 0.0, 0.0, 0.0, 0.0, 0.0, 0.0, 0.0, 1.741279693759571E9, 0.0, 2025-03-06 10:48:13.759
20.0, -38676.98921882978, -45042.16254260094, -50505.26416364482, -49508.42106442703, -24388.793037985928, -27322.146573322603, -57485.75866052612, -44524.853768927314, 0.036000000000000004, 0.91, -0.38, 192.0, 0.0, 0.0, 0.0, 0.0, 0.0, 0.0, 0.0, 0.0, 0.0, 1.741279693759587E9, 0.0, 2025-03-06 10:48:13.759
21.0, -38663.75698611224, -45037.96041464334, -50495.63056178458, -49508.197546982476, -24382.936880938636, -27329.679111204045, -57486.384509370866, -44529.50293177401, 0.036000000000000004, 0.91, -0.38, 192.0, 0.0, 0.0, 0.0, 0.0, 0.0, 0.0, 0.0, 0.0, 0.0, 1.741279693759601E9, 0.0, 2025-03-06 10:48:13.759
22.0, -38656.671483119906, -45034.96528088633, -50489.39442508155, -49503.52603239132, -24336.691121660606, -27331.84723041621, -57495.32520715299, -44545.90911220421, 0.036000000000000004, 0.91, -0.38, 192.0, 0.0, 0.0, 0.0, 0.0, 0.0, 0.0, 0.0, 0.0, 0.0, 1.741279693759614E9, 0.0, 2025-03-06 10:48:13.759
23.0, -38666.55095416915, -45041.24612107827, -50495.317637362205, -49508.24225047139, -24335.3947204822, -27337.770442696863, -57497.53802985407, -44542.511647047, 0.036000000000000004, 0.91, -0.38, 192.0, 0.0, 0.0, 0.0, 0.0, 0.0, 0.0, 0.0, 0.0, 0.0, 1.741279693759628E9, 0.0, 2025-03-06 10:48:13.759
24.0, -38662.57234365611, -45036.26168206474, -50493.06011117221, -49507.12466324862, -24384.568558283874, -27333.233038572438, -57489.29023615006, -44532.31925157538, 0.036000000000000004, 0.91, -0.38, 192.0, 0.0, 0.0, 0.0, 0.0, 0.0, 0.0, 0.0, 0.0, 0.0, 1.741279693759641E9, 0.0, 2025-03-06 10:48:13.759
25.0, -38658.191401742864, -45031.81368491813, -50490.95904719342, -49501.58143062371, -24396.929072967658, -27324.046471601305, -57484.708128536724, -44516.53891998994, 0.036000000000000004, 0.91, -0.38, 192.0, 0.0, 0.0, 0.0, 0.0, 0.0, 0.0, 0.0, 0.0, 0.0, 1.741279693759658E9, 0.0, 2025-03-06 10:48:13.759
26.0, -38655.08450926358, -45029.310289539135, -50489.997922181836, -49500.17327072302, -24358.43936901562, -27325.521686735356, -57480.506000579124, -44514.437856011136, 0.036000000000000004, 0.91, -0.38, 192.0, 0.0, 0.0, 0.0, 0.0, 0.0, 0.0, 0.0, 0.0, 0.0, 1.741279693759671E9, 0.0, 2025-03-06 10:48:13.759
27.0, -38660.00189304374, -45030.070248850614, -50492.07663441618, -49494.09359623118, -24370.91164242168, -27309.78605863882, -57480.90833197932, -44566.67388280319, 0.034, 0.91, -0.378, 192.0, 1.0, 16.0, 28.0, 112.0, 244.0, 48.0, 0.0, 0.0, 0.0, 1.741279693759685E9, 0.0, 2025-03-06 10:48:13.759
28.0, -38664.24872449025, -45030.38317327299, -50494.60238153963, -49493.60185785316, -24402.226436403565, -27313.94348310751, -57490.13960243936, -44576.12867070779, 0.034, 0.91, -0.378, 192.0, 0.0, 0.0, 0.0, 0.0, 0.0, 0.0, 0.0, 0.0, 0.0, 1.7412796937597E9, 0.0, 2025-03-06 10:48:13.759
29.0, -38656.537372653176, -45019.07319057861, -50484.11941339009, -49485.80109903826, -24409.3119393959, -27309.96487259446, -57485.02105295909, -44540.20941736811, 0.034, 0.91, -0.378, 192.0, 0.0, 0.0, 0.0, 0.0, 0.0, 0.0, 0.0, 0.0, 0.0, 1.741279693818909E9, 0.0, 2025-03-06 10:48:13.818
30.0, -38660.448927932855, -45025.9798796153, -50493.507146061325, -49500.97793352341, -24370.86693893277, -27315.888084875118, -57489.82667801699, -44515.77896067846, 0.034, 0.91, -0.378, 192.0, 0.0, 0.0, 0.0, 0.0, 0.0, 0.0, 0.0, 0.0, 0.0, 1.741279693818933E9, 0.0, 2025-03-06 10:48:13.818
31.0, -38672.13889028298, -45041.827266434106, -50503.85600374413, -49512.98082029591, -24354.505461991484, -27318.056204087283, -57494.54289609705, -44539.42710631217, 0.034, 0.91, -0.378, 192.0, 0.0, 0.0, 0.0, 0.0, 0.0, 0.0, 0.0, 0.0, 0.0, 1.741279693818947E9, 0.0, 2025-03-06 10:48:13.818
32.0, -38661.499459922255, -45032.752458185256, -50493.6189047836, -49496.798157310266, -24412.59764583083, -27306.030965570328, -57481.31066337951, -44541.52817029097, 0.034, 0.91, -0.378, 192.0, 0.0, 0.0, 0.0, 0.0, 0.0, 0.0, 0.0, 0.0, 0.0, 1.741279693818961E9, 0.0, 2025-03-06 10:48:13.818
33.0, -38657.78907034267, -45025.51049298173, -50489.05914891472, -49488.14803220607, -24436.156384486723, -27309.11550630516, -57486.026881459584, -44531.67105098618, 0.034, 0.91, -0.378, 192.0, 0.0, 0.0, 0.0, 0.0, 0.0, 0.0, 0.0, 0.0, 0.0, 1.741279693818993E9, 0.0, 2025-03-06 10:48:13.818
34.0, -38660.89596282196, -45027.566853471624, -50491.87546871608, -49495.07707298721, -24406.11563993879, -27323.331215778737, -57492.955922240726, -44533.74976322053, 0.034, 0.91, -0.378, 192.0, 0.0, 0.0, 0.0, 0.0, 0.0, 0.0, 0.0, 0.0, 0.0, 1.74127969381901E9, 0.0, 2025-03-06 10:48:13.819
35.0, -38666.14862276895, -45032.21601631833, -50492.5683727942, -49497.11108173264, -24383.652136761208, -27325.40992801308, -57489.401994872336, -44535.15792312121, 0.034, 0.91, -0.378, 192.0, 0.0, 0.0, 0.0, 0.0, 0.0, 0.0, 0.0, 0.0, 0.0, 1.741279693819027E9, 0.0, 2025-03-06 10:48:13.819
36.0, -38660.717148866315, -45024.705830181345, -50482.82301221169, -49489.533840362295, -24435.30701819742, -27306.410945226067, -57483.925817480784, -44525.94900440562, 0.034, 0.91, -0.378, 192.0, 0.0, 0.0, 0.0, 0.0, 0.0, 0.0, 0.0, 0.0, 0.0, 1.74127969381904E9, 0.0, 2025-03-06 10:48:13.819
37.0, -38665.14279426847, -45027.52214998271, -50487.53923029175, -49496.306418932254, -24469.9745738476, -27308.288491760315, -57484.57401806999, -44505.94419311812, 0.032, 0.916, -0.38, 192.0, 1.0, 0.0, 28.0, 160.0, 244.0, 32.0, 0.0, 0.0, 0.0, 1.741279693819053E9, 0.0, 2025-03-06 10:48:13.819
38.0, -38667.422672202905, -45033.87004540802, -50495.40704434002, -49506.65527661506, -24439.59855313284, -27315.26223603037, -57495.258151919625, -44518.32705954636, 0.032, 0.916, -0.38, 192.0, 0.0, 0.0, 0.0, 0.0, 0.0, 0.0, 0.0, 0.0, 0.0, 1.741279693819067E9, 0.0, 2025-03-06 10:48:13.819
39.0, -38663.91344832342, -45031.411353517935, -50494.87060247309, -49504.218936469435, -24396.34792761182, -27322.7500704229, -57508.66919859281, -44540.96937667959, 0.032, 0.916, -0.38, 192.0, 0.0, 0.0, 0.0, 0.0, 0.0, 0.0, 0.0, 0.0, 0.0, 1.741279693819081E9, 0.0, 2025-03-06 10:48:13.819
40.0, -38660.76185235523, -45022.15773131344, -50486.019311668795, -49497.356950921654, -24433.675340852184, -27318.726756420943, -57509.40680615984, -44544.836228470354, 0.032, 0.916, -0.38, 192.0, 0.0, 0.0, 0.0, 0.0, 0.0, 0.0, 0.0, 0.0, 0.0, 1.741279693819098E9, 0.0, 2025-03-06 10:48:13.819
41.0, -38658.057291276134, -45018.91672836742, -50486.309884346716, -49493.110119475146, -24453.277820739488, -27327.622750714156, -57516.04527426306, -44561.421222856196, 0.032, 0.916, -0.38, 192.0, 0.0, 0.0, 0.0, 0.0, 0.0, 0.0, 0.0, 0.0, 0.0, 1.741279693819111E9, 0.0, 2025-03-06 10:48:13.819
42.0, -38649.56362838312, -45017.352106255545, -50482.800660467234, -49489.01975023982, -24429.093233238847, -27314.703442418988, -57515.5758876295, -44548.72543200558, 0.032, 0.916, -0.38, 192.0, 0.0, 0.0, 0.0, 0.0, 0.0, 0.0, 0.0, 0.0, 0.0, 1.741279693819125E9, 0.0, 2025-03-06 10:48:13.819
43.0, -38649.83184931658, -45023.43178074739, -50482.21951511139, -49492.35016016366, -24394.40332584421, -27323.465326245467, -57512.84897480595, -44540.25412085702, 0.032, 0.916, -0.38, 192.0, 0.0, 0.0, 0.0, 0.0, 0.0, 0.0, 0.0, 0.0, 0.0, 1.741279693819139E9, 0.0, 2025-03-06 10:48:13.819
44.0, -38653.162259240424, -45025.9798796153, -50479.157326121014, -49486.60576183865, -24417.470326122086, -27325.65579720209, -57509.2726956931, -44563.27641764598, 0.032, 0.916, -0.38, 192.0, 0.0, 0.0, 0.0, 0.0, 0.0, 0.0, 0.0, 0.0, 0.0, 1.741279693878661E9, 0.0, 2025-03-06 10:48:13.878
45.0, -38652.17878248439, -45026.91865288242, -50479.64906449903, -49487.70099731696, -24433.630637363272, -27325.812259413276, -57507.52925962559, -44565.4221851137, 0.032, 0.916, -0.38, 192.0, 0.0, 0.0, 0.0, 0.0, 0.0, 0.0, 0.0, 0.0, 0.0, 1.74127969387868E9, 0.0, 2025-03-06 10:48:13.878
46.0, -38646.47908764829, -45025.06345809263, -50477.480945286865, -49491.836070041194, -24423.17002095819, -27327.51099199188, -57497.60508508743, -44552.122897162786, 0.032, 0.916, -0.38, 192.0, 0.0, 0.0, 0.0, 0.0, 0.0, 0.0, 0.0, 0.0, 0.0, 1.741279693878694E9, 0.0, 2025-03-06 10:48:13.878
47.0, -38645.18268646988, -45024.7281819258, -50478.01738715379, -49499.63682885609, -24375.4043430572, -27326.438108258022, -57487.367986126905, -44534.73323997656, 0.028, 0.908, -0.382, 192.0, 0.0, 224.0, 28.0, 96.0, 244.0, 16.0, 0.0, 0.0, 0.0, 1.741279693878707E9, 0.0, 2025-03-06 10:48:13.878
48.0, -38656.00093078625, -45031.32194654011, -50482.62184651159, -49501.22380271242, -24376.92426168016, -27320.49254423291, -57486.20569541523, -44533.43683879815, 0.028, 0.908, -0.382, 192.0, 0.0, 0.0, 0.0, 0.0, 0.0, 0.0, 0.0, 0.0, 0.0, 1.741279693878733E9, 0.0, 2025-03-06 10:48:13.878
49.0, -38656.4256139309, -45025.264623792726, -50480.29726508824, -49490.51731711833, -24432.31188444041, -27314.97166335245, -57475.90154122133, -44518.550576990914, 0.028, 0.908, -0.382, 192.0, 0.0, 0.0, 0.0, 0.0, 0.0, 0.0, 0.0, 0.0, 0.0, 1.74127969387875E9, 0.0, 2025-03-06 10:48:13.878
50.0, -38660.292465721664, -45031.63487096249, -50483.650026756535, -49495.32294217622, -24420.979550001568, -27319.44201224351, -57487.61385531591, -44534.48737078755, 0.028, 0.908, -0.382, 192.0, 0.0, 0.0, 0.0, 0.0, 0.0, 0.0, 0.0, 0.0, 0.0, 1.741279693878767E9, 0.0, 2025-03-06 10:48:13.878
51.0, -38652.44700341785, -45034.428839019405, -50479.872581943586, -49498.049854999765, -24362.552089995395, -27316.938616864518, -57493.939398996765, -44529.257062585006, 0.028, 0.908, -0.382, 192.0, 0.0, 0.0, 0.0, 0.0, 0.0, 0.0, 0.0, 0.0, 0.0, 1.741279693878781E9, 0.0, 2025-03-06 10:48:13.878
52.0, -38649.65303536094, -45031.25489130675, -50474.77638420778, -49492.84189854168, -24368.475302276052, -27310.63542492812, -57483.70230003623, -44522.886815415244, 0.028, 0.908, -0.382, 192.0, 0.0, 0.0, 0.0, 0.0, 0.0, 0.0, 0.0, 0.0, 0.0, 1.741279693878794E9, 0.0, 2025-03-06 10:48:13.878
53.0, -38652.804631329134, -45028.39386801647, -50472.22828533987, -49489.71265431794, -24411.770631285985, -27318.03385234283, -57486.026881459584, -44516.673030456666, 0.028, 0.908, -0.382, 192.0, 0.0, 0.0, 0.0, 0.0, 0.0, 0.0, 0.0, 0.0, 0.0, 1.741279693878808E9, 0.0, 2025-03-06 10:48:13.878
54.0, -38656.26915171971, -45028.282109294196, -50477.212724353405, -49489.3326746622, -24428.579143116374, -27308.17673303804, -57484.641073303355, -44537.46015280011, 0.028, 0.908, -0.382, 192.0, 0.0, 0.0, 0.0, 0.0, 0.0, 0.0, 0.0, 0.0, 0.0, 1.741279693878821E9, 0.0, 2025-03-06 10:48:13.878
55.0, -38669.41197745943, -45035.6805367089, -50491.94252394945, -49495.90408753206, -24371.53749126643, -27318.50323897639, -57492.30772165152, -44536.20845511061, 0.028, 0.908, -0.382, 192.0, 0.0, 0.0, 0.0, 0.0, 0.0, 0.0, 0.0, 0.0, 0.0, 1.741279693878838E9, 0.0, 2025-03-06 10:48:13.878
56.0, -38666.103919280045, -45032.21601631833, -50485.862849457604, -49496.440529398984, -24361.92624115065, -27319.129087821137, -57490.69839605074, -44525.61372823879, 0.028, 0.908, -0.382, 192.0, 0.0, 0.0, 0.0, 0.0, 0.0, 0.0, 0.0, 0.0, 0.0, 1.741279693878852E9, 0.0, 2025-03-06 10:48:13.878
57.0, -38656.537372653176, -45024.638774947976, -50477.59270400914, -49493.66891308653, -24411.144782441235, -27321.967759366962, -57486.07158494849, -44520.316364802886, 0.03, 0.91, -0.382, 192.0, 0.0, 240.0, 28.0, 112.0, 244.0, 16.0, 0.0, 0.0, 0.0, 1.741279693878866E9, 0.0, 2025-03-06 10:48:13.878
58.0, -38664.38283495699, -45037.982766387795, -50490.15438439303, -49508.30930570475, -24420.554866856917, -27318.88321863213, -57494.45348911924, -44541.03643191295, 0.03, 0.91, -0.382, 192.0, 0.0, 0.0, 0.0, 0.0, 0.0, 0.0, 0.0, 0.0, 0.0, 1.74127969387888E9, 0.0, 2025-03-06 10:48:13.878
59.0, -38651.061195261624, -45026.6280802045, -50479.64906449903, -49492.953657263955, -24390.24590137552, -27305.561578936766, -57485.37868087038, -44526.15017010572, 0.03, 0.91, -0.382, 192.0, 0.0, 0.0, 0.0, 0.0, 0.0, 0.0, 0.0, 0.0, 0.0, 1.741279693938933E9, 0.0, 2025-03-06 10:48:13.938
60.0, -38656.33620695308, -45031.16548432893, -50479.42554705448, -49494.02654099781, -24356.15949108118, -27313.02706158484, -57488.843201260956, -44549.91007446171, 0.03, 0.91, -0.382, 192.0, 0.0, 0.0, 0.0, 0.0, 0.0, 0.0, 0.0, 0.0, 0.0, 1.741279693938951E9, 0.0, 2025-03-06 10:48:13.938
61.0, -38656.82794533109, -45023.32002202512, -50475.15636386351, -49490.226744440406, -24390.20119788661, -27307.394421982102, -57486.49626809314, -44543.3610133363, 0.03, 0.91, -0.382, 192.0, 0.0, 0.0, 0.0, 0.0, 0.0, 0.0, 0.0, 0.0, 0.0, 1.741279693938965E9, 0.0, 2025-03-06 10:48:13.938
62.0, -38658.347863954055, -45024.61642320352, -50479.33614007666, -49491.52314561882, -24415.525724354473, -27313.45174472949, -57485.42338435929, -44536.8119522109, 0.03, 0.91, -0.382, 192.0, 0.0, 0.0, 0.0, 0.0, 0.0, 0.0, 0.0, 0.0, 0.0, 1.741279693938978E9, 0.0, 2025-03-06 10:48:13.938
63.0, -38659.75602385474, -45036.932234398395, -50491.830765227176, -49503.235459713396, -24376.58898551333, -27323.018291356362, -57498.16387869882, -44533.36978356478, 0.03, 0.91, -0.382, 192.0, 0.0, 0.0, 0.0, 0.0, 0.0, 0.0, 0.0, 0.0, 0.0, 1.741279693938992E9, 0.0, 2025-03-06 10:48:13.938
64.0, -38659.42074768791, -45044.10714436855, -50496.770500751794, -49514.23251798541, -24317.24510398449, -27322.83947740072, -57496.19692518675, -44534.82264695438, 0.03, 0.91, -0.382, 192.0, 0.0, 0.0, 0.0, 0.0, 0.0, 0.0, 0.0, 0.0, 0.0, 1.741279693939015E9, 0.0, 2025-03-06 10:48:13.939
65.0, -38655.71035810833, -45035.94875764236, -50483.5159162898, -49499.43566315599, -24341.809671140873, -27315.910436619575, -57486.585675070964, -44536.78960046644, 0.03, 0.91, -0.382, 192.0, 0.0, 0.0, 0.0, 0.0, 0.0, 0.0, 0.0, 0.0, 0.0, 1.741279693939033E9, 0.0, 2025-03-06 10:48:13.939
66.0, -38648.17782022689, -45022.69417318037, -50474.03877664075, -49492.64073284158, -24382.221625116068, -27318.65970118758, -57483.7693552696, -44520.62928922526, 0.03, 0.91, -0.382, 192.0, 0.0, 0.0, 0.0, 0.0, 0.0, 0.0, 0.0, 0.0, 0.0, 1.741279693939049E9, 0.0, 2025-03-06 10:48:13.939
67.0, -38645.16033472542, -45018.51439696722, -50477.70446273142, -49495.92643927651, -24383.898005950214, -27321.900704133597, -57482.31649188, -44498.99280059252, 0.04, 0.914, -0.378, 192.0, 1.0, 64.0, 28.0, 144.0, 244.0, 48.0, 0.0, 0.0, 0.0, 1.741279693939063E9, 0.0, 2025-03-06 10:48:13.939
68.0, -38657.431442431385, -45031.85838840704, -50492.724835005385, -49505.20241322547, -24323.280074987422, -27333.814183928276, -57492.30772165152, -44520.62928922526, 0.04, 0.914, -0.378, 192.0, 0.0, 0.0, 0.0, 0.0, 0.0, 0.0, 0.0, 0.0, 0.0, 1.741279693939078E9, 0.0, 2025-03-06 10:48:13.939
69.0, -38652.6258173735, -45027.52214998271, -50480.140802877046, -49489.64559908457, -24349.498671233498, -27313.608206940677, -57491.972445484695, -44578.36384515332, 0.04, 0.914, -0.378, 192.0, 0.0, 0.0, 0.0, 0.0, 0.0, 0.0, 0.0, 0.0, 0.0, 1.741279693939092E9, 0.0, 2025-03-06 10:48:13.939
70.0, -38649.34011093857, -45030.45022850636, -50483.09123314515, -49497.021674754826, -24384.166226883677, -27309.65194817209, -57495.124041452895, -44556.05680418692, 0.04, 0.914, -0.378, 192.0, 0.0, 0.0, 0.0, 0.0, 0.0, 0.0, 0.0, 0.0, 0.0, 1.741279693939109E9, 0.0, 2025-03-06 10:48:13.939
71.0, -38656.35855869753, -45038.85448442155, -50497.195183896445, -49509.315134205244, -24361.143930094713, -27316.245712786404, -57500.55551535553, -44522.23861482604, 0.04, 0.914, -0.378, 192.0, 0.0, 0.0, 0.0, 0.0, 0.0, 0.0, 0.0, 0.0, 0.0, 1.741279693939122E9, 0.0, 2025-03-06 10:48:13.939
72.0, -38659.733672110284, -45041.33552805609, -50498.42452984149, -49504.420102169526, -24299.56487412034, -27319.732584921432, -57502.56717235651, -44548.613673283304, 0.04, 0.914, -0.378, 192.0, 0.0, 0.0, 0.0, 0.0, 0.0, 0.0, 0.0, 0.0, 0.0, 1.741279693939136E9, 0.0, 2025-03-06 10:48:13.939
73.0, -38665.545125668665, -45040.642623977976, -50497.15048040754, -49500.32973293421, -24326.208153511066, -27308.713174904966, -57495.63813157537, -44556.593246053846, 0.04, 0.914, -0.378, 192.0, 0.0, 0.0, 0.0, 0.0, 0.0, 0.0, 0.0, 0.0, 0.0, 1.74127969393915E9, 0.0, 2025-03-06 10:48:13.939
74.0, -38668.0261693032, -45042.47546702331, -50501.397311854045, -49501.201450967965, -24375.046715145912, -27315.64221568611, -57498.78972754356, -44563.94696997965, 0.04, 0.914, -0.378, 192.0, 0.0, 0.0, 0.0, 0.0, 0.0, 0.0, 0.0, 0.0, 0.0, 1.741279693999141E9, 0.0, 2025-03-06 10:48:13.999
75.0, -38661.18653549988, -45032.752458185256, -50492.94835244994, -49493.26658168633, -24387.451933318607, -27314.32346276325, -57493.157087940825, -44555.83328674237, 0.04, 0.914, -0.378, 192.0, 0.0, 0.0, 0.0, 0.0, 0.0, 0.0, 0.0, 0.0, 0.0, 1.741279693999161E9, 0.0, 2025-03-06 10:48:13.999
76.0, -38659.71132036583, -45033.780638430195, -50496.23405888487, -49501.31320969024, -24349.632781700227, -27319.68788143252, -57496.28633216457, -44541.2599493575, 0.04, 0.914, -0.378, 192.0, 0.0, 0.0, 0.0, 0.0, 0.0, 0.0, 0.0, 0.0, 0.0, 1.741279693999174E9, 0.0, 2025-03-06 10:48:13.999
77.0, -38660.717148866315, -45041.02260363372, -50497.485756574366, -49499.41331141154, -24353.276116046443, -27302.298224246293, -57492.397128629345, -44543.27160635848, 0.038, 0.912, -0.378, 192.0, 1.0, 48.0, 28.0, 128.0, 244.0, 48.0, 0.0, 0.0, 0.0, 1.741279693999188E9, 0.0, 2025-03-06 10:48:13.999
78.0, -38664.60635240154, -45049.29274908218, -50501.553774065236, -49498.36277942214, -24402.33819512584, -27300.241863756404, -57480.90833197932, -44519.06466711339, 0.038, 0.912, -0.378, 192.0, 0.0, 0.0, 0.0, 0.0, 0.0, 0.0, 0.0, 0.0, 0.0, 1.741279693999203E9, 0.0, 2025-03-06 10:48:13.999
79.0, -38663.108785523036, -45045.49295252478, -50495.80937574022, -49495.546459620775, -24419.705500567616, -27304.533398691823, -57484.19403841425, -44543.159847636205, 0.038, 0.912, -0.378, 192.0, 0.0, 0.0, 0.0, 0.0, 0.0, 0.0, 0.0, 0.0, 0.0, 1.741279693999228E9, 0.0, 2025-03-06 10:48:13.999
80.0, -38669.21081175933, -45046.85640893655, -50501.106739176124, -49501.15674747906, -24363.53556675143, -27312.51297146237, -57505.539954369066, -44566.18214442518, 0.038, 0.912, -0.378, 192.0, 0.0, 0.0, 0.0, 0.0, 0.0, 0.0, 0.0, 0.0, 0.0, 1.741279693999245E9, 0.0, 2025-03-06 10:48:13.999
81.0, -38662.34882621156, -45042.52017051222, -50496.52463156279, -49500.776767823314, -24349.118691577758, -27308.377898738137, -57496.66631182031, -44541.975205180075, 0.038, 0.912, -0.378, 192.0, 0.0, 0.0, 0.0, 0.0, 0.0, 0.0, 0.0, 0.0, 0.0, 1.741279693999261E9, 0.0, 2025-03-06 10:48:13.999
82.0, -38650.9717882838, -45034.205321574846, -50487.203954124925, -49493.26658168633, -24404.88629399375, -27299.638366656112, -57486.47391634869, -44524.27262357147, 0.038, 0.912, -0.378, 192.0, 0.0, 0.0, 0.0, 0.0, 0.0, 0.0, 0.0, 0.0, 0.0, 1.741279693999275E9, 0.0, 2025-03-06 10:48:13.999
83.0, -38655.28567496368, -45033.19949307436, -50490.10968090411, -49498.69805558897, -24423.92998026967, -27302.857017857674, -57492.24066641816, -44539.22594061207, 0.038, 0.912, -0.378, 192.0, 0.0, 0.0, 0.0, 0.0, 0.0, 0.0, 0.0, 0.0, 0.0, 1.741279693999288E9, 0.0, 2025-03-06 10:48:13.999
84.0, -38659.62191338801, -45037.02164137622, -50499.028026941785, -49513.31609646274, -24381.752238482506, -27315.17282905255, -57496.48749786467, -44531.3134230749, 0.038, 0.912, -0.378, 192.0, 0.0, 0.0, 0.0, 0.0, 0.0, 0.0, 0.0, 0.0, 0.0, 1.741279693999302E9, 0.0, 2025-03-06 10:48:13.999
85.0, -38663.712282623324, -45035.03233611969, -50499.229192641884, -49512.06439877325, -24352.82908115734, -27313.138820307115, -57496.018111231104, -44521.94804214812, 0.038, 0.912, -0.378, 192.0, 0.0, 0.0, 0.0, 0.0, 0.0, 0.0, 0.0, 0.0, 0.0, 1.741279693999319E9, 0.0, 2025-03-06 10:48:13.999
86.0, -38658.057291276134, -45023.588242958576, -50481.951294177925, -49490.11498571813, -24407.88142775076, -27299.280738744827, -57483.41172735831, -44530.374649807774, 0.038, 0.912, -0.378, 192.0, 0.0, 0.0, 0.0, 0.0, 0.0, 0.0, 0.0, 0.0, 0.0, 1.741279693999333E9, 0.0, 2025-03-06 10:48:13.999
87.0, -38658.39256744296, -45026.67278369341, -50482.95712267842, -49499.01098001134, -24436.69282635365, -27309.942520850007, -57490.787803028565, -44523.13268460425, 0.038, 0.912, -0.38, 192.0, 1.0, 48.0, 28.0, 128.0, 244.0, 32.0, 0.0, 0.0, 0.0, 1.741279693999346E9, 0.0, 2025-03-06 10:48:13.999
88.0, -38643.84158180256, -45018.24617603376, -50473.74820396283, -49500.150918978565, -24430.993131517545, -27301.02417481234, -57492.48653560717, -44549.06070817241, 0.038, 0.912, -0.38, 192.0, 0.0, 0.0, 0.0, 0.0, 0.0, 0.0, 0.0, 0.0, 0.0, 1.74127969399936E9, 0.0, 2025-03-06 10:48:13.999
89.0, -38644.288616691665, -45017.88854812247, -50472.67532022898, -49500.642657356584, -24408.909607995705, -27292.374049708134, -57493.76058504112, -44552.56993205189, 0.038, 0.912, -0.38, 192.0, 0.0, 0.0, 0.0, 0.0, 0.0, 0.0, 0.0, 0.0, 0.0, 1.741279694059374E9, 0.0, 2025-03-06 10:48:14.059
90.0, -38655.59859938605, -45017.55327195564, -50478.665587742995, -49497.82633755521, -24444.672399124196, -27307.327366748737, -57497.225105431695, -44543.3610133363, 0.038, 0.912, -0.38, 192.0, 0.0, 0.0, 0.0, 0.0, 0.0, 0.0, 0.0, 0.0, 0.0, 1.741279694059422E9, 0.0, 2025-03-06 10:48:14.059
91.0, -38653.43048017388, -45011.0265625747, -50473.74820396283, -49494.27241018682, -24479.786989663484, -27318.16796280956, -57499.50498336613, -44538.35422257832, 0.038, 0.912, -0.38, 192.0, 0.0, 0.0, 0.0, 0.0, 0.0, 0.0, 0.0, 0.0, 0.0, 1.741279694059435E9, 0.0, 2025-03-06 10:48:14.059
92.0, -38640.578227112084, -45001.214146758815, -50466.0592038702, -49497.17813696601, -24475.875434383805, -27311.797715639797, -57493.313550152016, -44512.38149552125, 0.038, 0.912, -0.38, 192.0, 0.0, 0.0, 0.0, 0.0, 0.0, 0.0, 0.0, 0.0, 0.0, 1.741279694059449E9, 0.0, 2025-03-06 10:48:14.059
93.0, -38650.50240165024, -45012.76999864221, -50475.20106735243, -49504.44245391399, -24441.27493396699, -27312.423564484547, -57492.44183211826, -44506.19006230713, 0.038, 0.912, -0.38, 192.0, 0.0, 0.0, 0.0, 0.0, 0.0, 0.0, 0.0, 0.0, 0.0, 1.741279694059462E9, 0.0, 2025-03-06 10:48:14.059
94.0, -38659.21958198781, -45014.31226900963, -50475.98337840836, -49495.30059043176, -24475.27193728351, -27305.762744636864, -57490.85485826193, -44546.28909185995, 0.038, 0.912, -0.38, 192.0, 0.0, 0.0, 0.0, 0.0, 0.0, 0.0, 0.0, 0.0, 0.0, 1.741279694059484E9, 0.0, 2025-03-06 10:48:14.059
95.0, -38657.38673894248, -45011.2277282748, -50473.74820396283, -49492.61838109713, -24516.309740103454, -27299.392497467103, -57491.19013442876, -44523.13268460425, 0.038, 0.912, -0.38, 192.0, 0.0, 0.0, 0.0, 0.0, 0.0, 0.0, 0.0, 0.0, 0.0, 1.741279694059503E9, 0.0, 2025-03-06 10:48:14.059
96.0, -38653.251666218246, -45002.91287933742, -50474.821087696684, -49492.46191888594, -24511.168838878733, -27306.478000459436, -57495.816945531005, -44531.983975408555, 0.038, 0.912, -0.38, 192.0, 0.0, 0.0, 0.0, 0.0, 0.0, 0.0, 0.0, 0.0, 0.0, 1.741279694059519E9, 0.0, 2025-03-06 10:48:14.059
97.0, -38652.71522435132, -45001.974106070295, -50472.250637084326, -49490.60672409615, -24464.565451689417, -27304.041660313807, -57497.918009509805, -44546.89258896025, 0.03, 0.912, -0.38, 192.0, 0.0, 240.0, 28.0, 128.0, 244.0, 32.0, 0.0, 0.0, 0.0, 1.741279694059533E9, 0.0, 2025-03-06 10:48:14.059
98.0, -38656.91735230891, -45007.070303806104, -50472.742375462345, -49493.35598866415, -24471.4274372372, -27296.6432328991, -57489.69256755026, -44520.29401305843, 0.03, 0.912, -0.38, 192.0, 0.0, 0.0, 0.0, 0.0, 0.0, 0.0, 0.0, 0.0, 0.0, 1.741279694059548E9, 0.0, 2025-03-06 10:48:14.059
99.0, -38656.71618660881, -45005.32686773859, -50475.89397143054, -49498.94392477798, -24525.026920441025, -27305.807448125775, -57486.42921285978, -44493.51662320097, 0.03, 0.912, -0.38, 192.0, 0.0, 0.0, 0.0, 0.0, 0.0, 0.0, 0.0, 0.0, 0.0, 1.741279694059561E9, 0.0, 2025-03-06 10:48:14.059
100.0, -38668.60731465904, -45012.34531549756, -50483.9629511789, -49505.94002079249, -24530.61485655485, -27321.11839307766, -57495.973407742196, -44538.95771967861, 0.03, 0.912, -0.38, 192.0, 0.0, 0.0, 0.0, 0.0, 0.0, 0.0, 0.0, 0.0, 0.0, 1.74127969405958E9, 0.0, 2025-03-06 10:48:14.059
101.0, -38649.76479408322, -44996.743797867755, -50468.02615738227, -49489.3326746622, -24494.963824148635, -27305.047488814296, -57485.825715759485, -44533.43683879815, 0.03, 0.912, -0.38, 192.0, 0.0, 0.0, 0.0, 0.0, 0.0, 0.0, 0.0, 0.0, 0.0, 1.741279694059599E9, 0.0, 2025-03-06 10:48:14.059
102.0, -38645.42855565889, -44996.20735600083, -50465.254541069815, -49485.7787472938, -24468.298193013456, -27302.58879692421, -57483.1211546804, -44534.509722532006, 0.03, 0.912, -0.38, 192.0, 0.0, 0.0, 0.0, 0.0, 0.0, 0.0, 0.0, 0.0, 0.0, 1.741279694059613E9, 0.0, 2025-03-06 10:48:14.059
103.0, -38643.595712613554, -44989.50183266423, -50464.74045094734, -49486.315189160734, -24513.538123790997, -27304.421639969547, -57472.72759350867, -44498.925745359156, 0.03, 0.912, -0.38, 192.0, 0.0, 0.0, 0.0, 0.0, 0.0, 0.0, 0.0, 0.0, 0.0, 1.741279694059626E9, 0.0, 2025-03-06 10:48:14.059
104.0, -38643.394546913456, -44987.780748341174, -50466.34977654812, -49495.8817357876, -24525.76452800805, -27308.78023013833, -57474.53808480956, -44523.71382996009, 0.03, 0.912, -0.38, 192.0, 0.0, 0.0, 0.0, 0.0, 0.0, 0.0, 0.0, 0.0, 0.0, 1.74127969411984E9, 0.0, 2025-03-06 10:48:14.119
105.0, -38646.85906730402, -44992.85459433253, -50473.27881732927, -49498.72040733343, -24469.818111636414, -27303.81814286925, -57481.95886396872, -44548.50191456103, 0.03, 0.912, -0.38, 192.0, 0.0, 0.0, 0.0, 0.0, 0.0, 0.0, 0.0, 0.0, 0.0, 1.74127969411986E9, 0.0, 2025-03-06 10:48:14.119
106.0, -38645.42855565889, -44988.94303905285, -50470.84247718364, -49488.03627348379, -24454.954201573637, -27297.894930588598, -57472.95111095323, -44526.44074278364, 0.03, 0.912, -0.38, 192.0, 0.0, 0.0, 0.0, 0.0, 0.0, 0.0, 0.0, 0.0, 0.0, 1.741279694119873E9, 0.0, 2025-03-06 10:48:14.119
107.0, -38647.149639981944, -44983.82448957259, -50473.12235511808, -49487.81275603924, -24497.75779220555, -27303.08053530223, -57468.16783763979, -44493.89660285671, 0.028, 0.908, -0.374, 192.0, 0.0, 224.0, 28.0, 96.0, 244.0, 80.0, 0.0, 0.0, 0.0, 1.741279694119887E9, 0.0, 2025-03-06 10:48:14.119
108.0, -38655.486840663776, -44986.50669890722, -50483.784137223265, -49502.07316900172, -24509.961844678146, -27308.623767927143, -57464.59155852695, -44488.86746035427, 0.028, 0.908, -0.374, 192.0, 0.0, 0.0, 0.0, 0.0, 0.0, 0.0, 0.0, 0.0, 0.0, 1.741279694119902E9, 0.0, 2025-03-06 10:48:14.119
109.0, -38648.758965582725, -44989.63594313097, -50481.45955579991, -49500.66500910104, -24463.246698766554, -27302.186465524017, -57469.73245975166, -44498.41165523668, 0.028, 0.908, -0.374, 192.0, 0.0, 0.0, 0.0, 0.0, 0.0, 0.0, 0.0, 0.0, 0.0, 1.741279694119925E9, 0.0, 2025-03-06 10:48:14.119
110.0, -38647.864895804516, -44988.40659718592, -50472.7647272068, -49486.78457579429, -24408.864904506794, -27293.134009019617, -57474.69454702074, -44518.57292873537, 0.028, 0.908, -0.374, 192.0, 0.0, 0.0, 0.0, 0.0, 0.0, 0.0, 0.0, 0.0, 0.0, 1.741279694119943E9, 0.0, 2025-03-06 10:48:14.119
111.0, -38642.00873875723, -44972.62626560048, -50458.616072966586, -49464.47753482789, -24454.909498084726, -27281.77932283632, -57468.10078240643, -44516.09188510083, 0.028, 0.908, -0.374, 192.0, 0.0, 0.0, 0.0, 0.0, 0.0, 0.0, 0.0, 0.0, 0.0, 1.74127969411996E9, 0.0, 2025-03-06 10:48:14.119
112.0, -38633.22450318629, -44972.5145068782, -50457.632596210555, -49470.22193315291, -24474.959012861134, -27287.3896106946, -57473.39814584234, -44515.197815322615, 0.028, 0.908, -0.374, 192.0, 0.0, 0.0, 0.0, 0.0, 0.0, 0.0, 0.0, 0.0, 0.0, 1.741279694119973E9, 0.0, 2025-03-06 10:48:14.119
113.0, -38625.24493041574, -44969.7652423102, -50456.73852643234, -49471.04894769775, -24448.561602659418, -27286.182616494014, -57468.95014869573, -44522.08215261485, 0.028, 0.908, -0.374, 192.0, 0.0, 0.0, 0.0, 0.0, 0.0, 0.0, 0.0, 0.0, 0.0, 1.741279694119987E9, 0.0, 2025-03-06 10:48:14.119
114.0, -38630.67640431839, -44973.07330048958, -50463.24288406884, -49476.14514543357, -24393.1069246658, -27294.341003220205, -57470.91710220779, -44500.244498282016, 0.028, 0.908, -0.374, 192.0, 0.0, 0.0, 0.0, 0.0, 0.0, 0.0, 0.0, 0.0, 0.0, 1.741279694120001E9, 0.0, 2025-03-06 10:48:14.120
115.0, -38627.301290905634, -44959.28227416066, -50459.599549722625, -49467.60677905164, -24439.106814754825, -27286.92022406104, -57462.78106722607, -44506.77120766297, 0.028, 0.908, -0.374, 192.0, 0.0, 0.0, 0.0, 0.0, 0.0, 0.0, 0.0, 0.0, 0.0, 1.741279694120015E9, 0.0, 2025-03-06 10:48:14.120
116.0, -38625.28963390466, -44952.822620013074, -50454.50335198681, -49460.20835163693, -24479.094085585366, -27282.24870946988, -57458.26601484609, -44505.497158229016, 0.028, 0.908, -0.374, 192.0, 0.0, 0.0, 0.0, 0.0, 0.0, 0.0, 0.0, 0.0, 0.0, 1.741279694120032E9, 0.0, 2025-03-06 10:48:14.120
117.0, -38631.21284618531, -44960.19869568333, -50459.48779100034, -49472.45710759844, -24461.436207465675, -27291.50233167438, -57465.99971842763, -44502.211451794086, 0.028, 0.906, -0.376, 192.0, 0.0, 224.0, 28.0, 80.0, 244.0, 64.0, 0.0, 0.0, 0.0, 1.741279694120045E9, 0.0, 2025-03-06 10:48:14.120
118.0, -38637.20311369933, -44961.33863465055, -50462.460573012904, -49477.709767545435, -24428.713253583104, -27296.553825921277, -57469.55364579602, -44505.87713788475, 0.028, 0.906, -0.376, 192.0, 0.0, 0.0, 0.0, 0.0, 0.0, 0.0, 0.0, 0.0, 0.0, 1.74127969412006E9, 0.0, 2025-03-06 10:48:14.120
119.0, -38645.0709277476, -44961.629207328464, -50468.540247504745, -49478.04504371226, -24452.607268405827, -27294.36335496466, -57470.13479115186, -44515.823664167365, 0.028, 0.906, -0.376, 192.0, 0.0, 0.0, 0.0, 0.0, 0.0, 0.0, 0.0, 0.0, 0.0, 1.741279694180066E9, 0.0, 2025-03-06 10:48:14.180
120.0, -38634.61031134252, -44959.57284683858, -50459.19721832243, -49474.66993029952, -24488.995908379067, -27293.558692164268, -57471.565302797, -44509.72163793107, 0.028, 0.906, -0.376, 192.0, 0.0, 0.0, 0.0, 0.0, 0.0, 0.0, 0.0, 0.0, 0.0, 1.741279694180087E9, 0.0, 2025-03-06 10:48:14.180
121.0, -38622.272148403186, -44959.88577126095, -50452.60345370811, -49473.3288256322, -24483.475027498607, -27297.626709655135, -57469.12896265137, -44508.1570158192, 0.028, 0.906, -0.376, 192.0, 0.0, 0.0, 0.0, 0.0, 0.0, 0.0, 0.0, 0.0, 0.0, 1.741279694180101E9, 0.0, 2025-03-06 10:48:14.180
122.0, -38625.53550309366, -44966.613646342, -50461.767668934786, -49482.44833736996, -24425.40519540372, -27306.835628370718, -57471.341785352444, -44516.82949266786, 0.028, 0.906, -0.376, 192.0, 0.0, 0.0, 0.0, 0.0, 0.0, 0.0, 0.0, 0.0, 0.0, 1.741279694180115E9, 0.0, 2025-03-06 10:48:14.180
123.0, -38631.34695665204, -44971.218105699794, -50462.79584917973, -49492.394863652575, -24436.49166065355, -27303.058183557772, -57469.03955567355, -44501.67500992716, 0.028, 0.906, -0.376, 192.0, 0.0, 0.0, 0.0, 0.0, 0.0, 0.0, 0.0, 0.0, 0.0, 1.741279694180129E9, 0.0, 2025-03-06 10:48:14.180
124.0, -38631.8163432856, -44971.083995233064, -50461.45474451241, -49491.50079387436, -24483.877358898804, -27309.383727238623, -57468.36900333989, -44503.887832628236, 0.028, 0.906, -0.376, 192.0, 0.0, 0.0, 0.0, 0.0, 0.0, 0.0, 0.0, 0.0, 0.0, 1.741279694180151E9, 0.0, 2025-03-06 10:48:14.180
125.0, -38625.490799604755, -44964.13260270746, -50453.11754383058, -49476.45806985594, -24506.13969637629, -27299.459552700468, -57464.18922712675, -44526.57485325037, 0.028, 0.906, -0.376, 192.0, 0.0, 0.0, 0.0, 0.0, 0.0, 0.0, 0.0, 0.0, 0.0, 1.741279694180168E9, 0.0, 2025-03-06 10:48:14.180
126.0, -38625.87077926049, -44960.77984103916, -50452.02230835227, -49474.08878494368, -24464.31958250041, -27298.386668966614, -57462.199921870226, -44501.47384422706, 0.028, 0.906, -0.376, 192.0, 0.0, 0.0, 0.0, 0.0, 0.0, 0.0, 0.0, 0.0, 0.0, 1.741279694180185E9, 0.0, 2025-03-06 10:48:14.180
127.0, -38640.26530268971, -44965.94309400834, -50460.001881122815, -49480.81666002473, -24464.23017552259, -27305.91920684805, -57463.27280560408, -44500.22214653756, 0.03, 0.916, -0.382, 192.0, 0.0, 240.0, 28.0, 160.0, 244.0, 16.0, 0.0, 0.0, 0.0, 1.741279694180199E9, 0.0, 2025-03-06 10:48:14.180
128.0, -38641.67346259039, -44968.87117253199, -50461.43239276796, -49486.40459613855, -24527.28444663101, -27307.193256282004, -57463.585730026454, -44516.09188510083, 0.03, 0.916, -0.382, 192.0, 0.0, 0.0, 0.0, 0.0, 0.0, 0.0, 0.0, 0.0, 0.0, 1.741279694180214E9, 0.0, 2025-03-06 10:48:14.180
129.0, -38640.84644804555, -44971.19575395534, -50461.03006136776, -49486.27048567182, -24540.248458415088, -27308.512009204867, -57464.05511666002, -44497.316419758376, 0.03, 0.916, -0.382, 192.0, 0.0, 0.0, 0.0, 0.0, 0.0, 0.0, 0.0, 0.0, 0.0, 1.741279694180227E9, 0.0, 2025-03-06 10:48:14.180
130.0, -38642.478125390786, -44973.54268712315, -50466.52859050377, -49496.306418932254, -24502.071678885422, -27320.850172144197, -57463.742192237645, -44476.90927707068, 0.03, 0.916, -0.382, 192.0, 0.0, 0.0, 0.0, 0.0, 0.0, 0.0, 0.0, 0.0, 0.0, 1.741279694180241E9, 0.0, 2025-03-06 10:48:14.180
131.0, -38642.16520096841, -44976.78369006916, -50464.74045094734, -49494.09359623118, -24490.649937468763, -27313.518799962858, -57463.09399164844, -44496.1541290467, 0.03, 0.916, -0.382, 192.0, 0.0, 0.0, 0.0, 0.0, 0.0, 0.0, 0.0, 0.0, 0.0, 1.74127969418026E9, 0.0, 2025-03-06 10:48:14.180
132.0, -38638.208942199824, -44973.02859700067, -50463.35464279111, -49482.22481992541, -24545.47876661763, -27305.718041147953, -57468.88309346236, -44539.38240282326, 0.03, 0.916, -0.382, 192.0, 0.0, 0.0, 0.0, 0.0, 0.0, 0.0, 0.0, 0.0, 0.0, 1.741279694180274E9, 0.0, 2025-03-06 10:48:14.180
133.0, -38635.01264274272, -44969.80994579911, -50464.74045094734, -49476.54747683376, -24576.65945013278, -27292.865788086154, -57468.03372717306, -44517.99178337953, 0.03, 0.916, -0.382, 192.0, 0.0, 0.0, 0.0, 0.0, 0.0, 0.0, 0.0, 0.0, 0.0, 1.741279694180287E9, 0.0, 2025-03-06 10:48:14.180
134.0, -38651.19530572835, -44985.29970470664, -50477.59270400914, -49495.85938404315, -24528.782013509513, -27317.095079075705, -57474.82865748747, -44495.550631946404, 0.03, 0.916, -0.382, 192.0, 0.0, 0.0, 0.0, 0.0, 0.0, 0.0, 0.0, 0.0, 0.0, 1.741279694238848E9, 0.0, 2025-03-06 10:48:14.238
135.0, -38663.68993087887, -44992.87694607698, -50480.11845113259, -49496.39582591008, -24496.863722427337, -27326.728680935943, -57481.824753501984, -44535.67201324368, 0.03, 0.916, -0.382, 192.0, 0.0, 0.0, 0.0, 0.0, 0.0, 0.0, 0.0, 0.0, 0.0, 1.741279694238867E9, 0.0, 2025-03-06 10:48:14.238
136.0, -38647.19434347085, -44981.85753606052, -50465.07572711417, -49479.85553501315, -24552.43015914323, -27307.68499466002, -57481.73534652416, -44552.56993205189, 0.03, 0.916, -0.382, 192.0, 0.0, 0.0, 0.0, 0.0, 0.0, 0.0, 0.0, 0.0, 0.0, 1.741279694238881E9, 0.0, 2025-03-06 10:48:14.238
137.0, -38629.55881709562, -44972.80507955612, -50456.291491543234, -49474.89344774407, -24595.703136408705, -27295.97268056544, -57478.829619744974, -44517.56710023488, 0.03, 0.912, -0.38, 192.0, 0.0, 240.0, 28.0, 128.0, 244.0, 32.0, 0.0, 0.0, 0.0, 1.741279694238895E9, 0.0, 2025-03-06 10:48:14.238
138.0, -38637.24781718825, -44977.5660011251, -50466.148610848024, -49487.25396242785, -24568.90339480679, -27308.377898738137, -57481.422422101794, -44518.349411290816, 0.03, 0.912, -0.38, 192.0, 0.0, 0.0, 0.0, 0.0, 0.0, 0.0, 0.0, 0.0, 0.0, 1.741279694238909E9, 0.0, 2025-03-06 10:48:14.238
139.0, -38648.51309639372, -44982.23751571626, -50471.73654696185, -49489.26561942883, -24539.533202592516, -27314.92695986354, -57482.78587851356, -44528.72062071808, 0.03, 0.912, -0.38, 192.0, 0.0, 0.0, 0.0, 0.0, 0.0, 0.0, 0.0, 0.0, 0.0, 1.741279694238927E9, 0.0, 2025-03-06 10:48:14.238
140.0, -38646.79201207066, -44982.416329671905, -50464.91926490299, -49491.41138689654, -24573.060819275477, -27315.753974408388, -57483.90346573633, -44524.227920082565, 0.03, 0.912, -0.38, 192.0, 0.0, 0.0, 0.0, 0.0, 0.0, 0.0, 0.0, 0.0, 0.0, 1.741279694238944E9, 0.0, 2025-03-06 10:48:14.238
141.0, -38637.2701689327, -44982.14810873844, -50461.52179974578, -49498.11691023313, -24598.742973654626, -27321.431317500035, -57489.91608499481, -44528.47475152907, 0.03, 0.912, -0.38, 192.0, 0.0, 0.0, 0.0, 0.0, 0.0, 0.0, 0.0, 0.0, 0.0, 1.741279694238961E9, 0.0, 2025-03-06 10:48:14.238
142.0, -38622.65212805893, -44973.386224911956, -50453.4081165085, -49493.9818375089, -24596.686613164737, -27319.397308754604, -57480.506000579124, -44516.27069905648, 0.03, 0.912, -0.38, 192.0, 0.0, 0.0, 0.0, 0.0, 0.0, 0.0, 0.0, 0.0, 0.0, 1.741279694238974E9, 0.0, 2025-03-06 10:48:14.238
143.0, -38634.140924708954, -44987.154899496425, -50473.45763128491, -49503.32486669122, -24546.171670695745, -27317.22918954244, -57479.72368952318, -44499.37278024826, 0.03, 0.912, -0.38, 192.0, 0.0, 0.0, 0.0, 0.0, 0.0, 0.0, 0.0, 0.0, 0.0, 1.741279694238988E9, 0.0, 2025-03-06 10:48:14.238
144.0, -38649.89890454995, -44993.90512632193, -50485.0134831683, -49509.60570688316, -24576.25711873259, -27329.612055970676, -57479.589579056454, -44497.003495336, 0.03, 0.912, -0.38, 192.0, 0.0, 0.0, 0.0, 0.0, 0.0, 0.0, 0.0, 0.0, 0.0, 1.741279694239002E9, 0.0, 2025-03-06 10:48:14.239
145.0, -38640.19824745634, -44986.23847797376, -50469.724889960875, -49500.32973293421, -24634.550468272028, -27319.21849479896, -57478.09201217795, -44520.56223399189, 0.03, 0.912, -0.38, 192.0, 0.0, 0.0, 0.0, 0.0, 0.0, 0.0, 0.0, 0.0, 0.0, 1.741279694239016E9, 0.0, 2025-03-06 10:48:14.239
146.0, -38637.13605846597, -44986.037312273664, -50468.830820182666, -49493.46774738643, -24627.77788970207, -27312.982358095927, -57477.510866822115, -44513.11910308828, 0.03, 0.912, -0.38, 192.0, 0.0, 0.0, 0.0, 0.0, 0.0, 0.0, 0.0, 0.0, 0.0, 1.741279694239033E9, 0.0, 2025-03-06 10:48:14.239
147.0, -38641.628759101484, -44983.69037910586, -50471.89300917304, -49496.373474165615, -24585.66720314827, -27320.917227377562, -57481.53418082407, -44510.52630073146, 0.028, 0.914, -0.38, 192.0, 0.0, 224.0, 28.0, 144.0, 244.0, 32.0, 0.0, 0.0, 0.0, 1.741279694239051E9, 0.0, 2025-03-06 10:48:14.239
148.0, -38653.028148773694, -44993.301629221634, -50478.91145693201, -49498.74275907788, -24605.895531880324, -27317.22918954244, -57480.32718662348, -44517.32123104587, 0.028, 0.914, -0.38, 192.0, 0.0, 0.0, 0.0, 0.0, 0.0, 0.0, 0.0, 0.0, 0.0, 1.741279694239065E9, 0.0, 2025-03-06 10:48:14.239
149.0, -38648.37898592699, -44988.40659718592, -50477.10096563113, -49496.865212543635, -24651.560145802516, -27313.92113136305, -57473.62166328689, -44511.777998420956, 0.028, 0.914, -0.38, 192.0, 0.0, 0.0, 0.0, 0.0, 0.0, 0.0, 0.0, 0.0, 0.0, 1.741279694299317E9, 0.0, 2025-03-06 10:48:14.299
150.0, -38639.661805589414, -44985.25500121772, -50473.301169073726, -49494.74179682038, -24681.26561418362, -27298.67724164453, -57466.42440157228, -44488.26396325397, 0.028, 0.914, -0.38, 192.0, 0.0, 0.0, 0.0, 0.0, 0.0, 0.0, 0.0, 0.0, 0.0, 1.741279694299337E9, 0.0, 2025-03-06 10:48:14.299
151.0, -38651.5752853841, -45001.90705083693, -50483.85119245663, -49507.0352562708, -24639.266686352097, -27310.88129411713, -57476.23681738816, -44514.54961473341, 0.028, 0.914, -0.38, 192.0, 0.0, 0.0, 0.0, 0.0, 0.0, 0.0, 0.0, 0.0, 0.0, 1.74127969429935E9, 0.0, 2025-03-06 10:48:14.299
152.0, -38665.03103554619, -45013.19468178686, -50488.7685762368, -49501.89435504608, -24602.92274986777, -27309.58489293872, -57480.77422151258, -44521.52335900347, 0.028, 0.914, -0.38, 192.0, 0.0, 0.0, 0.0, 0.0, 0.0, 0.0, 0.0, 0.0, 0.0, 1.741279694299364E9, 0.0, 2025-03-06 10:48:14.299
153.0, -38661.342997711065, -45006.042123561165, -50486.82397446918, -49503.436625413495, -24643.044131165047, -27316.15630580858, -57470.20184638523, -44493.6507336677, 0.028, 0.914, -0.38, 192.0, 0.0, 0.0, 0.0, 0.0, 0.0, 0.0, 0.0, 0.0, 0.0, 1.741279694299377E9, 0.0, 2025-03-06 10:48:14.299
154.0, -38654.45866041883, -45002.91287933742, -50482.51008778931, -49505.49298590339, -24667.78751227707, -27313.585855196223, -57474.47102957619, -44511.57683272086, 0.028, 0.914, -0.38, 192.0, 0.0, 0.0, 0.0, 0.0, 0.0, 0.0, 0.0, 0.0, 0.0, 1.741279694299398E9, 0.0, 2025-03-06 10:48:14.299
155.0, -38649.02718651619, -44996.319114723105, -50477.59270400914, -49497.848689299666, -24616.892590152336, -27303.192294024506, -57478.89667497834, -44518.081190357356, 0.028, 0.914, -0.38, 192.0, 0.0, 0.0, 0.0, 0.0, 0.0, 0.0, 0.0, 0.0, 0.0, 1.741279694299415E9, 0.0, 2025-03-06 10:48:14.299
156.0, -38646.814363815116, -44988.7195216083, -50475.7151574749, -49495.8817357876, -24619.105412853412, -27305.94155859251, -57468.637224273356, -44481.46903293956, 0.028, 0.914, -0.38, 192.0, 0.0, 0.0, 0.0, 0.0, 0.0, 0.0, 0.0, 0.0, 0.0, 1.741279694299428E9, 0.0, 2025-03-06 10:48:14.299
157.0, -38656.20209648635, -44994.19569899985, -50485.035834912764, -49502.8331283132, -24656.365770860408, -27316.15630580858, -57483.90346573633, -44488.37572197625, 0.026000000000000002, 0.914, -0.378, 192.0, 0.0, 208.0, 28.0, 144.0, 244.0, 48.0, 0.0, 0.0, 0.0, 1.741279694299447E9, 0.0, 2025-03-06 10:48:14.299
158.0, -38656.47031741981, -44992.38520769897, -50485.75109073533, -49498.29572418878, -24666.401704120843, -27315.26223603037, -57480.66246279031, -44497.27171626946, 0.026000000000000002, 0.914, -0.378, 192.0, 0.0, 0.0, 0.0, 0.0, 0.0, 0.0, 0.0, 0.0, 0.0, 1.741279694299461E9, 0.0, 2025-03-06 10:48:14.299
159.0, -38646.948474281846, -44990.2170884868, -50478.91145693201, -49497.04402649928, -24626.97322690168, -27317.87739013164, -57486.160991926314, -44539.471809801085, 0.026000000000000002, 0.914, -0.378, 192.0, 0.0, 0.0, 0.0, 0.0, 0.0, 0.0, 0.0, 0.0, 0.0, 1.741279694299475E9, 0.0, 2025-03-06 10:48:14.299
160.0, -38650.368291183506, -44993.52514666619, -50478.889105187554, -49496.82050905473, -24599.413525988286, -27314.412869741067, -57486.63037855988, -44536.320213832885, 0.026000000000000002, 0.914, -0.378, 192.0, 0.0, 0.0, 0.0, 0.0, 0.0, 0.0, 0.0, 0.0, 0.0, 1.741279694299488E9, 0.0, 2025-03-06 10:48:14.299
161.0, -38646.70260509284, -44984.38328318397, -50469.8142969387, -49487.25396242785, -24640.808956719513, -27303.773439380344, -57476.75090751063, -44521.90333865921, 0.026000000000000002, 0.914, -0.378, 192.0, 0.0, 0.0, 0.0, 0.0, 0.0, 0.0, 0.0, 0.0, 0.0, 1.741279694299508E9, 0.0, 2025-03-06 10:48:14.299
162.0, -38634.47620087578, -44979.957637781816, -50463.913436402494, -49484.75056704886, -24677.77874204859, -27301.82883761273, -57472.90640746432, -44508.67110594167, 0.026000000000000002, 0.914, -0.378, 192.0, 0.0, 0.0, 0.0, 0.0, 0.0, 0.0, 0.0, 0.0, 0.0, 1.741279694299521E9, 0.0, 2025-03-06 10:48:14.299
163.0, -38631.50341886323, -44983.243344216746, -50468.09321261564, -49494.45122414246, -24645.703988755227, -27316.938616864518, -57482.830582002476, -44503.93253611714, 0.026000000000000002, 0.914, -0.378, 192.0, 0.0, 0.0, 0.0, 0.0, 0.0, 0.0, 0.0, 0.0, 0.0, 1.741279694299535E9, 0.0, 2025-03-06 10:48:14.299
164.0, -38633.246854930745, -44979.4658994038, -50465.58981723664, -49488.10332871715, -24610.63410170485, -27307.617939426655, -57480.014262201104, -44527.40186779522, 0.026000000000000002, 0.914, -0.378, 192.0, 0.0, 0.0, 0.0, 0.0, 0.0, 0.0, 0.0, 0.0, 0.0, 1.741279694359532E9, 0.0, 2025-03-06 10:48:14.359
165.0, -38635.70554682083, -44979.37649242598, -50462.03588986825, -49482.537744347785, -24642.999427676135, -27300.130105034128, -57472.07939291947, -44508.87227164177, 0.026000000000000002, 0.914, -0.378, 192.0, 0.0, 0.0, 0.0, 0.0, 0.0, 0.0, 0.0, 0.0, 0.0, 1.74127969435956E9, 0.0, 2025-03-06 10:48:14.359
166.0, -38640.511171878716, -44986.596105885044, -50469.590779494145, -49491.8807735301, -24666.0217244651, -27309.60724468318, -57472.45937257521, -44495.640038924226, 0.026000000000000002, 0.914, -0.378, 192.0, 0.0, 0.0, 0.0, 0.0, 0.0, 0.0, 0.0, 0.0, 0.0, 1.741279694359574E9, 0.0, 2025-03-06 10:48:14.359
167.0, -38650.7706225837, -44991.93817280986, -50480.43137555497, -49498.474538144415, -24627.73318621316, -27309.83076212773, -57472.77229699759, -44513.454379255105, 0.028, 0.918, -0.374, 192.0, 0.0, 224.0, 28.0, 176.0, 244.0, 80.0, 0.0, 0.0, 0.0, 1.741279694359587E9, 0.0, 2025-03-06 10:48:14.359
168.0, -38674.55287868415, -45012.881757364485, -50499.363303108614, -49519.28401223231, -24561.90729879228, -27310.16603829456, -57485.691605292755, -44518.50587350201, 0.028, 0.918, -0.374, 192.0, 0.0, 0.0, 0.0, 0.0, 0.0, 0.0, 0.0, 0.0, 0.0, 1.741279694359602E9, 0.0, 2025-03-06 10:48:14.359
169.0, -38676.98921882978, -45018.559100456136, -50498.402178097036, -49516.13241626411, -24577.508816422083, -27315.26223603037, -57483.7693552696, -44488.912163843175, 0.028, 0.918, -0.374, 192.0, 0.0, 0.0, 0.0, 0.0, 0.0, 0.0, 0.0, 0.0, 0.0, 1.741279694359616E9, 0.0, 2025-03-06 10:48:14.359
170.0, -38658.41491918742, -45004.87983284949, -50485.12524189058, -49503.235459713396, -24626.570895501485, -27316.066898830763, -57473.53225630907, -44484.37475971875, 0.028, 0.918, -0.374, 192.0, 0.0, 0.0, 0.0, 0.0, 0.0, 0.0, 0.0, 0.0, 0.0, 1.74127969435964E9, 0.0, 2025-03-06 10:48:14.359
171.0, -38644.64624460295, -44990.75353035373, -50472.47415452888, -49489.01975023982, -24635.086910138954, -27300.040698056306, -57463.22810211517, -44504.40192275071, 0.028, 0.918, -0.374, 192.0, 0.0, 0.0, 0.0, 0.0, 0.0, 0.0, 0.0, 0.0, 0.0, 1.741279694359654E9, 0.0, 2025-03-06 10:48:14.359
172.0, -38647.26139870422, -44996.96731531231, -50478.93380867646, -49492.17134620802, -24576.950022810703, -27298.87840734463, -57471.05121267453, -44512.87323389926, 0.028, 0.918, -0.374, 192.0, 0.0, 0.0, 0.0, 0.0, 0.0, 0.0, 0.0, 0.0, 0.0, 1.74127969435967E9, 0.0, 2025-03-06 10:48:14.359
173.0, -38654.011625529725, -45008.09848405105, -50481.548962777735, -49501.492023645886, -24563.47192090415, -27308.891988860607, -57479.00843370062, -44515.89071940073, 0.028, 0.918, -0.374, 192.0, 0.0, 0.0, 0.0, 0.0, 0.0, 0.0, 0.0, 0.0, 0.0, 1.741279694359684E9, 0.0, 2025-03-06 10:48:14.359
174.0, -38647.32845393759, -45000.5212426807, -50481.66072150001, -49498.69805558897, -24617.20551457471, -27304.421639969547, -57465.619738771886, -44490.27562025495, 0.028, 0.918, -0.374, 192.0, 0.0, 0.0, 0.0, 0.0, 0.0, 0.0, 0.0, 0.0, 0.0, 1.741279694359698E9, 0.0, 2025-03-06 10:48:14.359
175.0, -38646.85906730402, -44997.54846066814, -50478.01738715379, -49494.94296252048, -24634.662226994304, -27298.185503266515, -57462.35638408142, -44502.122044816264, 0.028, 0.918, -0.374, 192.0, 0.0, 0.0, 0.0, 0.0, 0.0, 0.0, 0.0, 0.0, 0.0, 1.741279694359711E9, 0.0, 2025-03-06 10:48:14.359
176.0, -38654.7268813523, -45007.025600317196, -50482.68890174495, -49505.56004113675, -24577.397057699807, -27307.640291171112, -57477.935549966765, -44508.17936756365, 0.028, 0.918, -0.374, 192.0, 0.0, 0.0, 0.0, 0.0, 0.0, 0.0, 0.0, 0.0, 0.0, 1.741279694359729E9, 0.0, 2025-03-06 10:48:14.359
177.0, -38662.43823318937, -45013.015867831215, -50488.03096866977, -49515.08188427471, -24546.66340907376, -27327.287474547324, -57484.19403841425, -44501.40678899369, 0.028, 0.916, -0.374, 192.0, 0.0, 224.0, 28.0, 160.0, 244.0, 80.0, 0.0, 0.0, 0.0, 1.741279694359742E9, 0.0, 2025-03-06 10:48:14.359
178.0, -38639.70650907833, -44997.5708124126, -50470.55190450572, -49501.84965155717, -24602.498066723118, -27319.576122710245, -57483.07645119148, -44499.66335292618, 0.028, 0.916, -0.374, 192.0, 0.0, 0.0, 0.0, 0.0, 0.0, 0.0, 0.0, 0.0, 0.0, 1.741279694359757E9, 0.0, 2025-03-06 10:48:14.359
179.0, -38625.08846820456, -44981.54461163814, -50461.208875323406, -49492.238401441384, -24644.944029443745, -27309.495485960902, -57474.76160225411, -44504.714847173076, 0.028, 0.916, -0.374, 192.0, 0.0, 0.0, 0.0, 0.0, 0.0, 0.0, 0.0, 0.0, 0.0, 1.741279694419745E9, 0.0, 2025-03-06 10:48:14.419
180.0, -38629.31294790661, -44983.13158549447, -50468.00380563782, -49494.562982864736, -24594.898473608315, -27306.902683604087, -57475.25334063212, -44542.131667391266, 0.028, 0.916, -0.374, 192.0, 0.0, 0.0, 0.0, 0.0, 0.0, 0.0, 0.0, 0.0, 0.0, 1.741279694419762E9, 0.0, 2025-03-06 10:48:14.419
181.0, -38636.77843055468, -44987.780748341174, -50471.04364288374, -49484.54940134876, -24570.71388610767, -27300.018346311852, -57477.6673290333, -44516.36010603429, 0.028, 0.916, -0.374, 192.0, 0.0, 0.0, 0.0, 0.0, 0.0, 0.0, 0.0, 0.0, 0.0, 1.741279694419776E9, 0.0, 2025-03-06 10:48:14.419
182.0, -38634.20797994232, -44986.05966401812, -50469.70253821642, -49485.73404380489, -24621.29588381003, -27295.97268056544, -57465.50798004961, -44506.86061464079, 0.028, 0.916, -0.374, 192.0, 0.0, 0.0, 0.0, 0.0, 0.0, 0.0, 0.0, 0.0, 0.0, 1.74127969441979E9, 0.0, 2025-03-06 10:48:14.419
183.0, -38632.062212474615, -44984.38328318397, -50466.97562539287, -49484.39293913757, -24637.903229940326, -27297.671413144042, -57461.84229395894, -44495.550631946404, 0.028, 0.916, -0.374, 192.0, 0.0, 0.0, 0.0, 0.0, 0.0, 0.0, 0.0, 0.0, 0.0, 1.741279694419803E9, 0.0, 2025-03-06 10:48:14.419
184.0, -38626.00488972722, -44976.604876113524, -50462.63938696854, -49485.35406414915, -24610.432936004752, -27304.198122524995, -57464.85977946041, -44480.239686994515, 0.028, 0.916, -0.374, 192.0, 0.0, 0.0, 0.0, 0.0, 0.0, 0.0, 0.0, 0.0, 0.0, 1.741279694419816E9, 0.0, 2025-03-06 10:48:14.419
185.0, -38631.83869503006, -44985.18794598436, -50463.712270702395, -49491.52314561882, -24579.00638330059, -27298.789000366807, -57458.5118840351, -44490.92382084415, 0.028, 0.916, -0.374, 192.0, 0.0, 0.0, 0.0, 0.0, 0.0, 0.0, 0.0, 0.0, 0.0, 1.741279694419838E9, 0.0, 2025-03-06 10:48:14.419
186.0, -38635.83965728756, -44988.339541952555, -50465.388651536545, -49480.52608734681, -24607.460153992197, -27293.290471230805, -57460.434134058254, -44505.988896607036, 0.028, 0.916, -0.374, 192.0, 0.0, 0.0, 0.0, 0.0, 0.0, 0.0, 0.0, 0.0, 0.0, 1.741279694419855E9, 0.0, 2025-03-06 10:48:14.419
187.0, -38628.754154295224, -44984.7185593508, -50463.578160235666, -49476.01103496683, -24625.989750145647, -27294.899796831585, -57464.74802073813, -44498.0540273254, 0.026000000000000002, 0.91, -0.372, 192.0, 0.0, 208.0, 28.0, 112.0, 244.0, 96.0, 0.0, 0.0, 0.0, 1.74127969441987E9, 0.0, 2025-03-06 10:48:14.419
188.0, -38621.33337513606, -44980.22585871528, -50461.79002067924, -49475.608703566635, -24599.279415521552, -27285.243843226894, -57457.19313111224, -44491.68378015563, 0.026000000000000002, 0.91, -0.372, 192.0, 0.0, 0.0, 0.0, 0.0, 0.0, 0.0, 0.0, 0.0, 0.0, 1.741279694419885E9, 0.0, 2025-03-06 10:48:14.419
189.0, -38643.50630563573, -44992.36285595451, -50479.04556739874, -49480.88371525809, -24546.41753988475, -27286.40613393857, -57462.7140119927, -44506.882966385245, 0.026000000000000002, 0.91, -0.372, 192.0, 0.0, 0.0, 0.0, 0.0, 0.0, 0.0, 0.0, 0.0, 0.0, 1.741279694419899E9, 0.0, 2025-03-06 10:48:14.419
190.0, -38651.99996852875, -44990.64177163145, -50479.17967786547, -49480.32492164671, -24577.508816422083, -27289.289508973303, -57460.434134058254, -44500.937402360134, 0.026000000000000002, 0.91, -0.372, 192.0, 0.0, 0.0, 0.0, 0.0, 0.0, 0.0, 0.0, 0.0, 0.0, 1.741279694419912E9, 0.0, 2025-03-06 10:48:14.419
191.0, -38636.532561365675, -44986.8196233296, -50471.200105094926, -49482.403633881055, -24598.519456210073, -27292.284642730316, -57458.15425612382, -44483.458338196084, 0.026000000000000002, 0.91, -0.372, 192.0, 0.0, 0.0, 0.0, 0.0, 0.0, 0.0, 0.0, 0.0, 0.0, 1.741279694419928E9, 0.0, 2025-03-06 10:48:14.419
192.0, -38625.84842751604, -44984.986780284264, -50466.19331433694, -49481.37545363611, -24566.042371516513, -27292.374049708134, -57453.259224088106, -44476.66340788167, 0.026000000000000002, 0.91, -0.372, 192.0, 0.0, 0.0, 0.0, 0.0, 0.0, 0.0, 0.0, 0.0, 0.0, 1.741279694419942E9, 0.0, 2025-03-06 10:48:14.419
193.0, -38627.860084517015, -44983.71273085031, -50462.34881429062, -49474.491116343874, -24506.720841732127, -27299.414849211556, -57464.97153818268, -44506.882966385245, 0.026000000000000002, 0.91, -0.372, 192.0, 0.0, 0.0, 0.0, 0.0, 0.0, 0.0, 0.0, 0.0, 0.0, 1.741279694419955E9, 0.0, 2025-03-06 10:48:14.419
194.0, -38635.906712520926, -44986.28318146267, -50462.393517779536, -49471.58538956468, -24517.449679070676, -27289.423619440036, -57465.59738702743, -44509.609879208794, 0.026000000000000002, 0.91, -0.372, 192.0, 0.0, 0.0, 0.0, 0.0, 0.0, 0.0, 0.0, 0.0, 0.0, 1.741279694480096E9, 0.0, 2025-03-06 10:48:14.480
195.0, -38638.07483173309, -44988.09367276355, -50465.00867188081, -49473.440584354474, -24547.46807187415, -27287.7919420948, -57460.34472708044, -44490.163861532674, 0.026000000000000002, 0.91, -0.372, 192.0, 0.0, 0.0, 0.0, 0.0, 0.0, 0.0, 0.0, 0.0, 0.0, 1.741279694480113E9, 0.0, 2025-03-06 10:48:14.480
196.0, -38634.45384913133, -44995.35798971153, -50473.412927796, -49487.008093238845, -24531.598333310885, -27299.034869555817, -57466.46910506119, -44489.29214349892, 0.026000000000000002, 0.91, -0.372, 192.0, 0.0, 0.0, 0.0, 0.0, 0.0, 0.0, 0.0, 0.0, 0.0, 1.741279694480126E9, 0.0, 2025-03-06 10:48:14.480
197.0, -38637.31487242161, -45005.21510901632, -50483.627675012074, -49496.574639865714, -24463.917251100214, -27299.72777363393, -57475.700375521235, -44510.61570770928, 0.03, 0.908, -0.376, 192.0, 0.0, 240.0, 28.0, 96.0, 244.0, 64.0, 0.0, 0.0, 0.0, 1.74127969448014E9, 0.0, 2025-03-06 10:48:14.480
198.0, -38648.200171971344, -45011.42889397489, -50487.65098901403, -49499.43566315599, -24441.900782811736, -27305.6956894035, -57477.712032522206, -44515.130760089254, 0.03, 0.908, -0.376, 192.0, 0.0, 0.0, 0.0, 0.0, 0.0, 0.0, 0.0, 0.0, 0.0, 1.741279694480155E9, 0.0, 2025-03-06 10:48:14.480
199.0, -38655.64330287496, -45008.79138812917, -50494.17769839498, -49503.45897715795, -24473.237928538078, -27308.512009204867, -57471.85587547492, -44490.119158043766, 0.03, 0.908, -0.376, 192.0, 0.0, 0.0, 0.0, 0.0, 0.0, 0.0, 0.0, 0.0, 0.0, 1.741279694480168E9, 0.0, 2025-03-06 10:48:14.480
200.0, -38644.713299836316, -45000.40948395842, -50480.72194823289, -49493.69126483098, -24499.925911417715, -27301.515913190357, -57465.485628305156, -44490.163861532674, 0.03, 0.908, -0.376, 192.0, 0.0, 0.0, 0.0, 0.0, 0.0, 0.0, 0.0, 0.0, 0.0, 1.741279694480189E9, 0.0, 2025-03-06 10:48:14.480
201.0, -38641.159372467926, -45003.91870783791, -50479.42554705448, -49500.75441607886, -24461.816187121414, -27308.757878393877, -57470.13479115186, -44506.391228007225, 0.03, 0.908, -0.376, 192.0, 0.0, 0.0, 0.0, 0.0, 0.0, 0.0, 0.0, 0.0, 0.0, 1.741279694480205E9, 0.0, 2025-03-06 10:48:14.480
202.0, -38635.28086367618, -45001.01298105872, -50472.18358185096, -49492.03723574129, -24443.331294456875, -27311.149515050594, -57474.67219527629, -44493.315457500874, 0.03, 0.908, -0.376, 192.0, 0.0, 0.0, 0.0, 0.0, 0.0, 0.0, 0.0, 0.0, 0.0, 1.741279694480221E9, 0.0, 2025-03-06 10:48:14.480
203.0, -38630.43053512937, -44993.63690538846, -50468.115564360094, -49482.44833736996, -24491.007565380045, -27306.343889992702, -57476.460334832715, -44528.74297246253, 0.03, 0.908, -0.376, 192.0, 0.0, 0.0, 0.0, 0.0, 0.0, 0.0, 0.0, 0.0, 0.0, 1.741279694480235E9, 0.0, 2025-03-06 10:48:14.480
204.0, -38628.30711940612, -44989.52418440869, -50473.301169073726, -49484.72821530441, -24498.31658581693, -27301.202988767982, -57476.92972146627, -44516.1589403342, 0.03, 0.908, -0.376, 192.0, 0.0, 0.0, 0.0, 0.0, 0.0, 0.0, 0.0, 0.0, 0.0, 1.741279694480248E9, 0.0, 2025-03-06 10:48:14.480
205.0, -38628.2177124283, -44997.7719781127, -50481.79483196674, -49493.46774738643, -24441.900782811736, -27307.10384930418, -57486.98800647116, -44533.21332135359, 0.03, 0.908, -0.376, 192.0, 0.0, 0.0, 0.0, 0.0, 0.0, 0.0, 0.0, 0.0, 0.0, 1.741279694480262E9, 0.0, 2025-03-06 10:48:14.480
206.0, -38639.3712329115, -45003.76224562672, -50483.47121280089, -49491.277276429806, -24407.97083472858, -27306.478000459436, -57489.84902976144, -44556.77206000949, 0.03, 0.908, -0.376, 192.0, 0.0, 0.0, 0.0, 0.0, 0.0, 0.0, 0.0, 0.0, 0.0, 1.741279694480278E9, 0.0, 2025-03-06 10:48:14.480
207.0, -38644.33332018057, -45002.51054793722, -50485.594628524144, -49494.74179682038, -24441.118471755803, -27305.047488814296, -57478.85197148943, -44521.81393168139, 0.032, 0.908, -0.376, 192.0, 1.0, 0.0, 28.0, 96.0, 244.0, 64.0, 0.0, 0.0, 0.0, 1.741279694480291E9, 0.0, 2025-03-06 10:48:14.480
208.0, -38645.339148681065, -45006.28799275017, -50482.93477093396, -49503.436625413495, -24466.577108690395, -27307.93086384903, -57478.494343578146, -44506.34652451832, 0.032, 0.908, -0.376, 192.0, 0.0, 0.0, 0.0, 0.0, 0.0, 0.0, 0.0, 0.0, 0.0, 1.741279694480306E9, 0.0, 2025-03-06 10:48:14.480
209.0, -38645.964997525814, -45006.55621368363, -50483.85119245663, -49500.35208467866, -24432.55775362942, -27314.79284939681, -57481.71299477971, -44525.94900440562, 0.032, 0.908, -0.376, 192.0, 0.0, 0.0, 0.0, 0.0, 0.0, 0.0, 0.0, 0.0, 0.0, 1.741279694480319E9, 0.0, 2025-03-06 10:48:14.480
210.0, -38658.25845697623, -45015.6757254214, -50496.81520424071, -49508.57752663822, -24400.147724169223, -27322.906532634086, -57492.687701307266, -44533.0121556535, 0.032, 0.908, -0.376, 192.0, 0.0, 0.0, 0.0, 0.0, 0.0, 0.0, 0.0, 0.0, 0.0, 1.741279694540478E9, 0.0, 2025-03-06 10:48:14.540
211.0, -38669.79195711517, -45027.72331568281, -50503.27485838829, -49518.121721520634, -24415.861000521305, -27333.79183218382, -57498.543858354555, -44539.36005107881, 0.032, 0.908, -0.376, 192.0, 0.0, 0.0, 0.0, 0.0, 0.0, 0.0, 0.0, 0.0, 0.0, 1.741279694540496E9, 0.0, 2025-03-06 10:48:14.540
212.0, -38651.08354700608, -45016.43568473288, -50486.10871864662, -49501.17909922351, -24461.860890610325, -27316.02219534185, -57487.94913148274, -44529.190007351644, 0.032, 0.908, -0.376, 192.0, 0.0, 0.0, 0.0, 0.0, 0.0, 0.0, 0.0, 0.0, 0.0, 1.741279694540509E9, 0.0, 2025-03-06 10:48:14.540
213.0, -38640.66763408991, -45007.83026311758, -50481.10192788862, -49494.25005844236, -24444.94062005766, -27314.5469802078, -57483.32232038049, -44510.23572805354, 0.032, 0.908, -0.376, 192.0, 0.0, 0.0, 0.0, 0.0, 0.0, 0.0, 0.0, 0.0, 0.0, 1.741279694540523E9, 0.0, 2025-03-06 10:48:14.540
214.0, -38657.87847732049, -45023.588242958576, -50501.2184978984, -49513.94194530749, -24370.621069743764, -27329.5002972484, -57497.56038159852, -44524.987879394044, 0.032, 0.908, -0.376, 192.0, 0.0, 0.0, 0.0, 0.0, 0.0, 0.0, 0.0, 0.0, 0.0, 1.741279694540537E9, 0.0, 2025-03-06 10:48:14.540
215.0, -38670.283695493184, -45030.31611803963, -50506.627620056584, -49517.205299997964, -24391.609357787296, -27326.70632919149, -57494.699358308244, -44523.1103328598, 0.032, 0.908, -0.376, 192.0, 0.0, 0.0, 0.0, 0.0, 0.0, 0.0, 0.0, 0.0, 0.0, 1.741279694540559E9, 0.0, 2025-03-06 10:48:14.540
216.0, -38668.38379721449, -45027.52214998271, -50504.70537003343, -49515.86419533064, -24428.132108227266, -27325.946369880006, -57492.2183146737, -44510.97333562057, 0.032, 0.908, -0.376, 192.0, 0.0, 0.0, 0.0, 0.0, 0.0, 0.0, 0.0, 0.0, 0.0, 1.741279694540576E9, 0.0, 2025-03-06 10:48:14.540
217.0, -38662.058253533636, -45026.89630113796, -50499.653875786535, -49517.65233488707, -24419.4149278897, -27327.488640247422, -57495.66048331982, -44515.04135311143, 0.032, 0.902, -0.378, 192.0, 1.0, 0.0, 28.0, 48.0, 244.0, 48.0, 0.0, 0.0, 0.0, 1.741279694540593E9, 0.0, 2025-03-06 10:48:14.540
218.0, -38656.4256139309, -45023.18591155838, -50490.82493672668, -49508.957506293955, -24385.328517595353, -27322.97358786745, -57486.18334367077, -44513.297917043914, 0.032, 0.902, -0.378, 192.0, 0.0, 0.0, 0.0, 0.0, 0.0, 0.0, 0.0, 0.0, 0.0, 1.741279694540608E9, 0.0, 2025-03-06 10:48:14.540
219.0, -38658.10199476504, -45025.04110634817, -50488.545058792246, -49504.55421263626, -24408.753145784518, -27322.437146000524, -57483.5681895695, -44511.01803910948, 0.032, 0.902, -0.378, 192.0, 0.0, 0.0, 0.0, 0.0, 0.0, 0.0, 0.0, 0.0, 0.0, 1.741279694540621E9, 0.0, 2025-03-06 10:48:14.540
220.0, -38657.83377383158, -45025.48814123728, -50492.166041394004, -49509.3374859497, -24444.471233424098, -27329.07561410375, -57485.333977381466, -44510.86157689829, 0.032, 0.902, -0.378, 192.0, 0.0, 0.0, 0.0, 0.0, 0.0, 0.0, 0.0, 0.0, 0.0, 1.741279694540634E9, 0.0, 2025-03-06 10:48:14.540
221.0, -38657.45379417584, -45028.3268127831, -50500.503242075836, -49520.0886750327, -24431.417814662196, -27327.93567513653, -57487.39033787136, -44501.295030271416, 0.032, 0.902, -0.378, 192.0, 0.0, 0.0, 0.0, 0.0, 0.0, 0.0, 0.0, 0.0, 0.0, 1.741279694540647E9, 0.0, 2025-03-06 10:48:14.540
222.0, -38659.71132036583, -45028.34916452756, -50503.364265366115, -49523.59789891218, -24373.258575589487, -27328.539172236822, -57490.586637328466, -44500.64682968221, 0.032, 0.902, -0.378, 192.0, 0.0, 0.0, 0.0, 0.0, 0.0, 0.0, 0.0, 0.0, 0.0, 1.741279694540663E9, 0.0, 2025-03-06 10:48:14.540
223.0, -38664.85222159055, -45030.8302081621, -50502.49254733235, -49518.63581164311, -24374.19734885661, -27331.064919360273, -57493.20179142974, -44524.69730671612, 0.032, 0.902, -0.378, 192.0, 0.0, 0.0, 0.0, 0.0, 0.0, 0.0, 0.0, 0.0, 0.0, 1.741279694540677E9, 0.0, 2025-03-06 10:48:14.540
224.0, -38655.620951130506, -45032.10425759605, -50493.06011117221, -49524.71548613495, -24411.278892907965, -27330.014387370873, -57494.40878563032, -44560.705967033624, 0.032, 0.902, -0.378, 192.0, 0.0, 0.0, 0.0, 0.0, 0.0, 0.0, 0.0, 0.0, 0.0, 1.74127969454069E9, 0.0, 2025-03-06 10:48:14.540
225.0, -38643.97569226929, -45023.364725514024, -50486.80162272473, -49517.629983142615, -24420.420756390187, -27325.432279757533, -57487.47974484918, -44542.95868193611, 0.032, 0.902, -0.378, 192.0, 0.0, 0.0, 0.0, 0.0, 0.0, 0.0, 0.0, 0.0, 0.0, 1.74127969460018E9, 0.0, 2025-03-06 10:48:14.600
226.0, -38633.20215144183, -45008.59022242907, -50480.72194823289, -49506.69998010397, -24388.278947863455, -27318.547942465302, -57477.82379124449, -44495.43887322413, 0.032, 0.902, -0.378, 192.0, 0.0, 0.0, 0.0, 0.0, 0.0, 0.0, 0.0, 0.0, 0.0, 1.741279694600197E9, 0.0, 2025-03-06 10:48:14.600
227.0, -38653.74340459626, -45019.56492895662, -50495.876430973585, -49518.054666287266, -24368.520005764964, -27332.36132053868, -57496.77807054258, -44536.163751621694, 0.03, 0.91, -0.374, 192.0, 0.0, 240.0, 28.0, 112.0, 244.0, 80.0, 0.0, 0.0, 0.0, 1.741279694600211E9, 0.0, 2025-03-06 10:48:14.600
228.0, -38652.961093540325, -45017.82149288911, -50493.015407683306, -49515.05953253026, -24400.147724169223, -27329.857925159686, -57492.08420420697, -44511.24155655403, 0.03, 0.91, -0.374, 192.0, 0.0, 0.0, 0.0, 0.0, 0.0, 0.0, 0.0, 0.0, 0.0, 1.741279694600226E9, 0.0, 2025-03-06 10:48:14.600
229.0, -38638.87949453348, -45012.34531549756, -50486.42164306899, -49516.80296859777, -24413.514067353495, -27326.996901869406, -57480.2154279012, -44502.256155282994, 0.03, 0.91, -0.374, 192.0, 0.0, 0.0, 0.0, 0.0, 0.0, 0.0, 0.0, 0.0, 0.0, 1.74127969460024E9, 0.0, 2025-03-06 10:48:14.600
230.0, -38630.13996245146, -45009.86427186302, -50478.71029123191, -49502.07316900172, -24361.188633583624, -27319.486715732422, -57486.160991926314, -44548.32310060538, 0.03, 0.91, -0.374, 192.0, 0.0, 0.0, 0.0, 0.0, 0.0, 0.0, 0.0, 0.0, 0.0, 1.74127969460026E9, 0.0, 2025-03-06 10:48:14.600
231.0, -38650.05536676113, -45021.64364119097, -50490.15438439303, -49506.78938708179, -24318.362691207254, -27327.756861180886, -57494.632303074875, -44535.04616439893, 0.03, 0.91, -0.374, 192.0, 0.0, 0.0, 0.0, 0.0, 0.0, 0.0, 0.0, 0.0, 0.0, 1.741279694600276E9, 0.0, 2025-03-06 10:48:14.600
232.0, -38657.856125576036, -45023.32002202512, -50492.300151860734, -49509.583355138704, -24345.20713629808, -27328.807393170286, -57492.44183211826, -44513.36497227728, 0.03, 0.91, -0.374, 192.0, 0.0, 0.0, 0.0, 0.0, 0.0, 0.0, 0.0, 0.0, 0.0, 1.741279694600294E9, 0.0, 2025-03-06 10:48:14.600
233.0, -38651.39647142845, -45018.44734173386, -50487.47217505839, -49503.28016320231, -24365.658982474684, -27323.085346589727, -57492.128907695886, -44513.454379255105, 0.03, 0.91, -0.374, 192.0, 0.0, 0.0, 0.0, 0.0, 0.0, 0.0, 0.0, 0.0, 0.0, 1.741279694600308E9, 0.0, 2025-03-06 10:48:14.600
234.0, -38646.14381148146, -45013.14997829795, -50484.32057909019, -49500.441491656486, -24345.05067408689, -27318.45853548748, -57487.72561403819, -44524.38438229375, 0.03, 0.91, -0.374, 192.0, 0.0, 0.0, 0.0, 0.0, 0.0, 0.0, 0.0, 0.0, 0.0, 1.741279694600321E9, 0.0, 2025-03-06 10:48:14.600
235.0, -38653.54223889616, -45022.35889701354, -50488.45565181442, -49504.01777076934, -24299.117839231236, -27321.185448311026, -57488.28440764957, -44520.40577178071, 0.03, 0.91, -0.374, 192.0, 0.0, 0.0, 0.0, 0.0, 0.0, 0.0, 0.0, 0.0, 0.0, 1.741279694600335E9, 0.0, 2025-03-06 10:48:14.600
236.0, -38650.94943653935, -45022.00126910225, -50486.019311668795, -49499.36860792263, -24332.153717536177, -27308.55671269378, -57490.67604430629, -44534.30855683191, 0.03, 0.91, -0.374, 192.0, 0.0, 0.0, 0.0, 0.0, 0.0, 0.0, 0.0, 0.0, 0.0, 1.741279694600349E9, 0.0, 2025-03-06 10:48:14.600
237.0, -38642.29931143514, -45017.508568466736, -50481.59366626664, -49495.36764566513, -24374.733790723538, -27294.296299731293, -57481.2659598906, -44511.80035016541, 0.03, 0.914, -0.376, 192.0, 0.0, 240.0, 28.0, 144.0, 244.0, 64.0, 0.0, 0.0, 0.0, 1.741279694600365E9, 0.0, 2025-03-06 10:48:14.600
238.0, -38640.62293060099, -45016.56979519961, -50481.951294177925, -49492.886602030594, -24353.477281746542, -27301.694727145998, -57478.337881366955, -44505.60891695129, 0.03, 0.914, -0.376, 192.0, 0.0, 0.0, 0.0, 0.0, 0.0, 0.0, 0.0, 0.0, 0.0, 1.74127969460038E9, 0.0, 2025-03-06 10:48:14.600
239.0, -38644.355671925034, -45017.016830088716, -50482.6665500005, -49488.75152930636, -24310.67369111463, -27303.03583181332, -57471.40884058581, -44503.12787331676, 0.03, 0.914, -0.376, 192.0, 0.0, 0.0, 0.0, 0.0, 0.0, 0.0, 0.0, 0.0, 0.0, 1.741279694600393E9, 0.0, 2025-03-06 10:48:14.600
240.0, -38650.50240165024, -45022.045972591164, -50483.56061977871, -49487.07514847221, -24323.883572087714, -27303.795791124798, -57475.85683773242, -44498.970448848064, 0.03, 0.914, -0.376, 192.0, 0.0, 0.0, 0.0, 0.0, 0.0, 0.0, 0.0, 0.0, 0.0, 1.741279694660525E9, 0.0, 2025-03-06 10:48:14.660
241.0, -38643.84158180256, -45016.23451903278, -50478.77734646528, -49491.81371829673, -24351.91265963467, -27312.535323206823, -57477.89084647785, -44490.85676561079, 0.03, 0.914, -0.376, 192.0, 0.0, 0.0, 0.0, 0.0, 0.0, 0.0, 0.0, 0.0, 0.0, 1.741279694660543E9, 0.0, 2025-03-06 10:48:14.660
242.0, -38645.69677659235, -45021.10719932404, -50485.68403550197, -49499.54742187827, -24332.734862892015, -27320.760765166375, -57492.15125944034, -44521.74687644802, 0.03, 0.914, -0.376, 192.0, 0.0, 0.0, 0.0, 0.0, 0.0, 0.0, 0.0, 0.0, 0.0, 1.741279694660557E9, 0.0, 2025-03-06 10:48:14.660
243.0, -38642.00873875723, -45021.420123746415, -50484.14176513455, -49496.865212543635, -24271.200510406557, -27317.07272733125, -57482.98704421366, -44500.55742270439, 0.03, 0.914, -0.376, 192.0, 0.0, 0.0, 0.0, 0.0, 0.0, 0.0, 0.0, 0.0, 0.0, 1.741279694660571E9, 0.0, 2025-03-06 10:48:14.660
244.0, -38638.901846277935, -45018.02265858921, -50477.54800052023, -49492.104290974654, -24298.894321786684, -27303.125238791137, -57472.749945253134, -44509.18519606414, 0.03, 0.914, -0.376, 192.0, 0.0, 0.0, 0.0, 0.0, 0.0, 0.0, 0.0, 0.0, 0.0, 1.741279694660585E9, 0.0, 2025-03-06 10:48:14.660
245.0, -38643.50630563573, -45022.2247865468, -50482.2642186003, -49496.306418932254, -24320.75432786397, -27308.891988860607, -57481.33301512397, -44521.81393168139, 0.03, 0.914, -0.376, 192.0, 0.0, 0.0, 0.0, 0.0, 0.0, 0.0, 0.0, 0.0, 0.0, 1.741279694660606E9, 0.0, 2025-03-06 10:48:14.660
246.0, -38647.50726789323, -45023.56589121412, -50487.09219540265, -49501.44732015697, -24312.171257993134, -27316.089250575216, -57481.0200907016, -44505.25128904001, 0.03, 0.914, -0.376, 192.0, 0.0, 0.0, 0.0, 0.0, 0.0, 0.0, 0.0, 0.0, 0.0, 1.741279694660623E9, 0.0, 2025-03-06 10:48:14.660
247.0, -38649.876552805494, -45025.10816158154, -50495.36234085111, -49504.75537833636, -24264.27146962541, -27321.006634355384, -57480.90833197932, -44491.05793131089, 0.028, 0.912, -0.372, 192.0, 0.0, 224.0, 28.0, 128.0, 244.0, 96.0, 0.0, 0.0, 0.0, 1.741279694660639E9, 0.0, 2025-03-06 10:48:14.660
248.0, -38647.8201923156, -45025.398734259456, -50488.3662448366, -49499.74858757837, -24273.413333107634, -27314.30111101879, -57479.90250347883, -44525.054934627406, 0.028, 0.912, -0.372, 192.0, 0.0, 0.0, 0.0, 0.0, 0.0, 0.0, 0.0, 0.0, 0.0, 1.741279694660653E9, 0.0, 2025-03-06 10:48:14.660
249.0, -38635.54908460964, -45012.76999864221, -50475.69280573044, -49490.49496537387, -24323.660054643162, -27297.559654421766, -57469.19601788474, -44513.83435891085, 0.028, 0.912, -0.372, 192.0, 0.0, 0.0, 0.0, 0.0, 0.0, 0.0, 0.0, 0.0, 0.0, 1.741279694660667E9, 0.0, 2025-03-06 10:48:14.660
250.0, -38648.490744649265, -45021.688344679875, -50493.30598036123, -49499.32390443372, -24304.057574755858, -27301.78413412382, -57482.45060234673, -44527.98301315105, 0.028, 0.912, -0.372, 192.0, 0.0, 0.0, 0.0, 0.0, 0.0, 0.0, 0.0, 0.0, 0.0, 1.741279694660681E9, 0.0, 2025-03-06 10:48:14.660
251.0, -38659.13017500999, -45027.835074405084, -50501.35260836514, -49500.82147131222, -24237.69524546805, -27315.77632615284, -57488.44086986076, -44526.21722533908, 0.028, 0.912, -0.372, 192.0, 0.0, 0.0, 0.0, 0.0, 0.0, 0.0, 0.0, 0.0, 0.0, 1.741279694660694E9, 0.0, 2025-03-06 10:48:14.660
252.0, -38648.4236894159, -45017.95560335584, -50485.728738990874, -49487.79040429478, -24242.36676005921, -27307.237959770915, -57480.506000579124, -44507.82173965237, 0.028, 0.912, -0.372, 192.0, 0.0, 0.0, 0.0, 0.0, 0.0, 0.0, 0.0, 0.0, 0.0, 1.741279694660719E9, 0.0, 2025-03-06 10:48:14.660
253.0, -38640.33235792308, -45012.05474281964, -50480.65489299952, -49488.907991517546, -24295.13922871819, -27308.6461196716, -57480.32718662348, -44511.88975714323, 0.028, 0.912, -0.372, 192.0, 0.0, 0.0, 0.0, 0.0, 0.0, 0.0, 0.0, 0.0, 0.0, 1.74127969466074E9, 0.0, 2025-03-06 10:48:14.660
254.0, -38647.641378359964, -45028.259757549735, -50492.34485534965, -49506.14118649259, -24305.599845123274, -27316.670395931054, -57488.351462882936, -44500.33390525984, 0.028, 0.912, -0.372, 192.0, 0.0, 0.0, 0.0, 0.0, 0.0, 0.0, 0.0, 0.0, 0.0, 1.741279694660753E9, 0.0, 2025-03-06 10:48:14.660
255.0, -38641.71816607931, -45022.872987136005, -50485.12524189058, -49501.42496841252, -24271.021696450913, -27319.93375062153, -57480.12602092338, -44496.37764649125, 0.028, 0.912, -0.372, 192.0, 0.0, 0.0, 0.0, 0.0, 0.0, 0.0, 0.0, 0.0, 0.0, 1.741279694720858E9, 0.0, 2025-03-06 10:48:14.720
0.0, -38635.43732588737, -45013.35114399805, -50478.33031157617, -49490.293799673775, -24272.005173206948, -27301.918244590554, -57472.191151641746, -44498.2551930255, 0.028, 0.912, -0.372, 192.0, 0.0, 0.0, 0.0, 0.0, 0.0, 0.0, 0.0, 0.0, 0.0, 1.741279694720876E9, 0.0, 2025-03-06 10:48:14.720
1.0, -38637.40427939943, -45006.176234027895, -50476.96685516439, -49478.693244301474, -24328.800955867882, -27298.789000366807, -57468.816038229, -44500.155091304194, 0.026000000000000002, 0.916, -0.378, 192.0, 0.0, 208.0, 28.0, 160.0, 244.0, 48.0, 0.0, 0.0, 0.0, 1.74127969472089E9, 0.0, 2025-03-06 10:48:14.720
2.0, -38636.91254102141, -45004.54455668265, -50475.64810224153, -49475.74281403337, -24346.458833987577, -27298.364317222156, -57466.402049827826, -44509.408713508696, 0.026000000000000002, 0.916, -0.378, 192.0, 0.0, 0.0, 0.0, 0.0, 0.0, 0.0, 0.0, 0.0, 0.0, 1.741279694720905E9, 0.0, 2025-03-06 10:48:14.720
3.0, -38641.561703868116, -45010.71363815232, -50484.52174479029, -49484.95173274896, -24307.589150379798, -27296.6432328991, -57469.598349284934, -44502.971411105565, 0.026000000000000002, 0.916, -0.378, 192.0, 0.0, 0.0, 0.0, 0.0, 0.0, 0.0, 0.0, 0.0, 0.0, 1.741279694720918E9, 0.0, 2025-03-06 10:48:14.720
4.0, -38652.469355162306, -45025.24227204827, -50487.65098901403, -49489.93617176249, -24266.551347559853, -27301.35945097917, -57477.33205286647, -44504.73719891754, 0.026000000000000002, 0.916, -0.378, 192.0, 0.0, 0.0, 0.0, 0.0, 0.0, 0.0, 0.0, 0.0, 0.0, 1.741279694720939E9, 0.0, 2025-03-06 10:48:14.720
5.0, -38647.66373010442, -45020.235481290285, -50471.02129113928, -49471.25011339785, -24308.393813180188, -27281.77932283632, -57470.157142896314, -44501.71971341607, 0.026000000000000002, 0.916, -0.378, 192.0, 0.0, 0.0, 0.0, 0.0, 0.0, 0.0, 0.0, 0.0, 0.0, 1.741279694720955E9, 0.0, 2025-03-06 10:48:14.720
6.0, -38656.090337764064, -45028.550330227656, -50479.157326121014, -49477.39684312306, -24331.036130313412, -27294.92214857604, -57475.87918947687, -44516.740085690035, 0.026000000000000002, 0.916, -0.378, 192.0, 0.0, 0.0, 0.0, 0.0, 0.0, 0.0, 0.0, 0.0, 0.0, 1.741279694720972E9, 0.0, 2025-03-06 10:48:14.720
7.0, -38648.80366907164, -45020.70486792384, -50471.22245683938, -49470.89248548657, -24320.53081041942, -27284.10390425967, -57462.669308503784, -44499.41748373717, 0.026000000000000002, 0.916, -0.378, 192.0, 0.0, 0.0, 0.0, 0.0, 0.0, 0.0, 0.0, 0.0, 0.0, 1.741279694720986E9, 0.0, 2025-03-06 10:48:14.720
8.0, -38645.74148008126, -45024.549367970154, -50469.456669027415, -49478.134450690086, -24269.546481316866, -27285.95909904946, -57467.162009139305, -44506.27946928495, 0.026000000000000002, 0.916, -0.378, 192.0, 0.0, 0.0, 0.0, 0.0, 0.0, 0.0, 0.0, 0.0, 0.0, 1.741279694721E9, 0.0, 2025-03-06 10:48:14.721
9.0, -38632.53159910817, -45018.46969347831, -50459.666604955986, -49476.56982857822, -24308.550275391375, -27280.862901313652, -57460.881168947366, -44483.43598645163, 0.026000000000000002, 0.916, -0.378, 192.0, 0.0, 0.0, 0.0, 0.0, 0.0, 0.0, 0.0, 0.0, 0.0, 1.741279694721014E9, 0.0, 2025-03-06 10:48:14.721
10.0, -38619.344069879546, -45007.04795206165, -50452.156418819, -49460.990662692864, -24367.782398197938, -27274.537357632802, -57462.28932884805, -44466.42630892114, 0.026000000000000002, 0.916, -0.378, 192.0, 0.0, 0.0, 0.0, 0.0, 0.0, 0.0, 0.0, 0.0, 0.0, 1.741279694721028E9, 0.0, 2025-03-06 10:48:14.721
11.0, -38629.55881709562, -45012.591184686564, -50464.29341605824, -49469.14904941905, -24356.383008525732, -27287.41196243906, -57475.119230165394, -44480.239686994515, 0.03, 0.916, -0.372, 192.0, 0.0, 240.0, 28.0, 160.0, 244.0, 96.0, 0.0, 0.0, 0.0, 1.741279694721043E9, 0.0, 2025-03-06 10:48:14.721
12.0, -38631.12343920749, -45015.04987657665, -50467.02032888179, -49472.59121806517, -24288.344298403776, -27292.955195063972, -57485.132811681375, -44503.261983783486, 0.03, 0.916, -0.372, 192.0, 0.0, 0.0, 0.0, 0.0, 0.0, 0.0, 0.0, 0.0, 0.0, 1.741279694721058E9, 0.0, 2025-03-06 10:48:14.721
13.0, -38626.42957287187, -45007.96437358432, -50457.99022412184, -49467.11504067362, -24302.22473171052, -27286.182616494014, -57482.89763723584, -44503.61961169477, 0.03, 0.916, -0.372, 192.0, 0.0, 0.0, 0.0, 0.0, 0.0, 0.0, 0.0, 0.0, 0.0, 1.741279694721072E9, 0.0, 2025-03-06 10:48:14.721
14.0, -38625.133171693466, -45009.260774762726, -50456.582064221155, -49471.54068607577, -24339.887421117714, -27290.340040962703, -57483.098802935936, -44538.35422257832, 0.03, 0.916, -0.372, 192.0, 0.0, 0.0, 0.0, 0.0, 0.0, 0.0, 0.0, 0.0, 0.0, 1.741279694781106E9, 0.0, 2025-03-06 10:48:14.781
15.0, -38624.64143331545, -45009.23842301827, -50458.8619421556, -49478.87205825711, -24343.664865930663, -27286.40613393857, -57481.556532568524, -44525.39021079424, 0.03, 0.916, -0.372, 192.0, 0.0, 0.0, 0.0, 0.0, 0.0, 0.0, 0.0, 0.0, 0.0, 1.741279694781128E9, 0.0, 2025-03-06 10:48:14.781
16.0, -38639.885323033974, -45017.48621672228, -50476.07278538618, -49494.89825903157, -24300.883627043204, -27302.45468645748, -57482.964692469206, -44513.56613797738, 0.03, 0.916, -0.372, 192.0, 0.0, 0.0, 0.0, 0.0, 0.0, 0.0, 0.0, 0.0, 0.0, 1.741279694781141E9, 0.0, 2025-03-06 10:48:14.781
17.0, -38645.67442484789, -45017.82149288911, -50475.35752956361, -49484.83997402668, -24317.692138873594, -27300.77830562333, -57483.456430847225, -44540.52234179048, 0.03, 0.916, -0.372, 192.0, 0.0, 0.0, 0.0, 0.0, 0.0, 0.0, 0.0, 0.0, 0.0, 1.741279694781155E9, 0.0, 2025-03-06 10:48:14.781
18.0, -38620.77458152468, -45003.2705072487, -50459.19721832243, -49468.9255319745, -24362.48503476203, -27292.06112528576, -57465.93266319426, -44512.44855075461, 0.03, 0.916, -0.372, 192.0, 0.0, 0.0, 0.0, 0.0, 0.0, 0.0, 0.0, 0.0, 0.0, 1.741279694781169E9, 0.0, 2025-03-06 10:48:14.781
19.0, -38622.07098270309, -45009.730161396285, -50468.02615738227, -49483.34240714817, -24356.11478759227, -27306.098020803693, -57467.09495390594, -44496.19883253561, 0.03, 0.916, -0.372, 192.0, 0.0, 0.0, 0.0, 0.0, 0.0, 0.0, 0.0, 0.0, 0.0, 1.741279694781183E9, 0.0, 2025-03-06 10:48:14.781
20.0, -38640.26530268971, -45027.11981858252, -50483.98530292336, -49503.50368064686, -24303.52113288893, -27317.22918954244, -57477.644977288845, -44507.26294604099, 0.03, 0.916, -0.372, 192.0, 0.0, 0.0, 0.0, 0.0, 0.0, 0.0, 0.0, 0.0, 0.0, 1.741279694781208E9, 0.0, 2025-03-06 10:48:14.781
21.0, -38645.13798298097, -45032.10425759605, -50484.18646862346, -49496.90991603255, -24290.624176338217, -27302.767610879855, -57476.05800343252, -44525.43491428315, 0.026000000000000002, 0.91, -0.376, 192.0, 0.0, 208.0, 28.0, 112.0, 244.0, 64.0, 0.0, 0.0, 0.0, 1.741279694781226E9, 0.0, 2025-03-06 10:48:14.781
22.0, -38641.762869568214, -45032.66305120743, -50476.788041208754, -49495.41234915404, -24318.250932484978, -27296.30795673227, -57476.2144656437, -44527.33481256185, 0.026000000000000002, 0.91, -0.376, 192.0, 0.0, 0.0, 0.0, 0.0, 0.0, 0.0, 0.0, 0.0, 0.0, 1.741279694781244E9, 0.0, 2025-03-06 10:48:14.781
23.0, -38625.58020658257, -45017.26269927772, -50461.23122706786, -49481.93424724749, -24356.226546314545, -27295.324479976236, -57468.57016903999, -44510.168672820175, 0.026000000000000002, 0.91, -0.376, 192.0, 0.0, 0.0, 0.0, 0.0, 0.0, 0.0, 0.0, 0.0, 0.0, 1.741279694781258E9, 0.0, 2025-03-06 10:48:14.781
24.0, -38620.036973957656, -45011.94298409736, -50461.03006136776, -49479.92259024651, -24331.594923924797, -27296.442067199, -57466.84908471693, -44504.13370181724, 0.026000000000000002, 0.91, -0.376, 192.0, 0.0, 0.0, 0.0, 0.0, 0.0, 0.0, 0.0, 0.0, 0.0, 1.741279694781272E9, 0.0, 2025-03-06 10:48:14.781
25.0, -38634.5209043647, -45023.32002202512, -50469.27785507177, -49489.08680547319, -24299.274301442423, -27307.439125471014, -57468.838389973454, -44503.57490820586, 0.026000000000000002, 0.91, -0.376, 192.0, 0.0, 0.0, 0.0, 0.0, 0.0, 0.0, 0.0, 0.0, 0.0, 1.741279694781286E9, 0.0, 2025-03-06 10:48:14.781
26.0, -38642.56753236861, -45033.04303086317, -50475.02225339678, -49493.311285175245, -24343.642514186206, -27294.63157589812, -57464.25628236011, -44506.7041524296, 0.026000000000000002, 0.91, -0.376, 192.0, 0.0, 0.0, 0.0, 0.0, 0.0, 0.0, 0.0, 0.0, 0.0, 1.741279694781302E9, 0.0, 2025-03-06 10:48:14.781
27.0, -38646.523791137195, -45038.98859488829, -50484.85702095712, -49499.0333317558, -24369.3023168209, -27295.81621835425, -57463.742192237645, -44499.90922211519, 0.026000000000000002, 0.91, -0.376, 192.0, 0.0, 0.0, 0.0, 0.0, 0.0, 0.0, 0.0, 0.0, 0.0, 1.741279694781316E9, 0.0, 2025-03-06 10:48:14.781
28.0, -38640.0194335007, -45030.651394206456, -50477.07861388667, -49490.13733746259, -24344.693046175606, -27299.034869555817, -57458.86951194639, -44486.833451608836, 0.026000000000000002, 0.91, -0.376, 192.0, 0.0, 0.0, 0.0, 0.0, 0.0, 0.0, 0.0, 0.0, 0.0, 1.741279694781334E9, 0.0, 2025-03-06 10:48:14.781
29.0, -38639.259474189224, -45031.36665002903, -50474.0164248963, -49486.739872305385, -24290.847693782773, -27297.939634077506, -57463.02693641507, -44496.690570913626, 0.026000000000000002, 0.91, -0.376, 192.0, 0.0, 0.0, 0.0, 0.0, 0.0, 0.0, 0.0, 0.0, 0.0, 1.741279694841387E9, 0.0, 2025-03-06 10:48:14.841
30.0, -38638.03012824418, -45030.4278767619, -50471.55773300621, -49483.655331570546, -24306.42685966812, -27290.720020618443, -57462.35638408142, -44504.491329728524, 0.026000000000000002, 0.91, -0.376, 192.0, 0.0, 0.0, 0.0, 0.0, 0.0, 0.0, 0.0, 0.0, 0.0, 1.741279694841407E9, 0.0, 2025-03-06 10:48:14.841
31.0, -38631.83869503006, -45026.27045229322, -50469.92605566097, -49476.50277334485, -24344.87186013125, -27283.321593203735, -57453.01335489909, -44482.22899225104, 0.03, 0.918, -0.37, 192.0, 0.0, 240.0, 28.0, 176.0, 244.0, 112.0, 0.0, 0.0, 0.0, 1.74127969484142E9, 0.0, 2025-03-06 10:48:14.841
32.0, -38627.77067753919, -45022.448303991354, -50462.12529684607, -49472.88179074309, -24332.600752425285, -27280.237052468903, -57448.67711647476, -44473.93649505812, 0.03, 0.918, -0.37, 192.0, 0.0, 0.0, 0.0, 0.0, 0.0, 0.0, 0.0, 0.0, 0.0, 1.741279694841435E9, 0.0, 2025-03-06 10:48:14.841
33.0, -38632.2186746858, -45028.282109294196, -50464.047546869224, -49477.866229756626, -24264.47263532551, -27282.44987516998, -57457.12607587887, -44495.19300403512, 0.03, 0.918, -0.37, 192.0, 0.0, 0.0, 0.0, 0.0, 0.0, 0.0, 0.0, 0.0, 0.0, 1.741279694841449E9, 0.0, 2025-03-06 10:48:14.841
34.0, -38630.721107807294, -45025.06345809263, -50459.21957006688, -49469.86430524162, -24301.4871241435, -27280.169997235538, -57456.56728226749, -44503.64196343922, 0.03, 0.918, -0.37, 192.0, 0.0, 0.0, 0.0, 0.0, 0.0, 0.0, 0.0, 0.0, 0.0, 1.741279694841462E9, 0.0, 2025-03-06 10:48:14.841
35.0, -38628.26241591721, -45028.617385461024, -50462.75114569082, -49472.322997131705, -24330.231467513022, -27280.415866424548, -57457.863683445896, -44499.93157385964, 0.03, 0.918, -0.37, 192.0, 0.0, 0.0, 0.0, 0.0, 0.0, 0.0, 0.0, 0.0, 0.0, 1.741279694841484E9, 0.0, 2025-03-06 10:48:14.841
36.0, -38639.55004686714, -45038.51920825472, -50479.76082322131, -49487.11985196112, -24288.72427805952, -27288.954232806474, -57463.00458467062, -44486.34171323082, 0.03, 0.918, -0.37, 192.0, 0.0, 0.0, 0.0, 0.0, 0.0, 0.0, 0.0, 0.0, 0.0, 1.741279694841501E9, 0.0, 2025-03-06 10:48:14.841
37.0, -38650.68121560588, -45040.62027223352, -50487.829802969674, -49489.06445372873, -24226.474669751486, -27286.16026474956, -57466.066773661, -44538.10835338931, 0.03, 0.918, -0.37, 192.0, 0.0, 0.0, 0.0, 0.0, 0.0, 0.0, 0.0, 0.0, 0.0, 1.741279694841518E9, 0.0, 2025-03-06 10:48:14.841
38.0, -38643.88628529147, -45033.98180413029, -50478.4644220429, -49479.676721057505, -24238.388149546165, -27268.100055229672, -57458.93656717975, -44535.113219632294, 0.03, 0.918, -0.37, 192.0, 0.0, 0.0, 0.0, 0.0, 0.0, 0.0, 0.0, 0.0, 0.0, 1.741279694841532E9, 0.0, 2025-03-06 10:48:14.841
39.0, -38629.22354092879, -45022.33654526908, -50465.63452072555, -49472.09947968715, -24281.728182045008, -27263.517947616336, -57452.09693337643, -44510.39219026473, 0.03, 0.918, -0.37, 192.0, 0.0, 0.0, 0.0, 0.0, 0.0, 0.0, 0.0, 0.0, 0.0, 1.741279694841545E9, 0.0, 2025-03-06 10:48:14.841
40.0, -38625.53550309366, -45019.162597556424, -50465.85803817011, -49469.9760639639, -24265.925498715103, -27266.289563928793, -57455.80732295601, -44505.38539950674, 0.03, 0.918, -0.37, 192.0, 0.0, 0.0, 0.0, 0.0, 0.0, 0.0, 0.0, 0.0, 0.0, 1.741279694841559E9, 0.0, 2025-03-06 10:48:14.841
41.0, -38630.9669769963, -45022.470655735815, -50473.301169073726, -49476.16749717802, -24199.3620037272, -27275.92316578903, -57459.33889857995, -44502.56907970537, 0.032, 0.91, -0.374, 192.0, 1.0, 0.0, 28.0, 112.0, 244.0, 80.0, 0.0, 0.0, 0.0, 1.741279694841576E9, 0.0, 2025-03-06 10:48:14.841
42.0, -38632.755116552726, -45022.470655735815, -50472.34004406215, -49469.685491285985, -24206.46985846399, -27267.720075573932, -57450.97934615366, -44492.28727725593, 0.032, 0.91, -0.374, 192.0, 0.0, 0.0, 0.0, 0.0, 0.0, 0.0, 0.0, 0.0, 0.0, 1.741279694841591E9, 0.0, 2025-03-06 10:48:14.841
43.0, -38631.39166014095, -45020.81662664612, -50470.44014578345, -49465.79628775076, -24254.816681720815, -27269.10588373016, -57453.885072932855, -44506.61474545178, 0.032, 0.91, -0.374, 192.0, 0.0, 0.0, 0.0, 0.0, 0.0, 0.0, 0.0, 0.0, 0.0, 1.741279694841604E9, 0.0, 2025-03-06 10:48:14.841
44.0, -38631.97280549679, -45020.12372256801, -50474.03877664075, -49467.785593007284, -24259.018809678415, -27273.844453554688, -57451.04640138703, -44476.886925326224, 0.032, 0.91, -0.374, 192.0, 0.0, 0.0, 0.0, 0.0, 0.0, 0.0, 0.0, 0.0, 0.0, 1.741279694900758E9, 0.0, 2025-03-06 10:48:14.900
45.0, -38622.94270073685, -45015.608670188034, -50466.95327364842, -49465.773936006306, -24218.942131870048, -27267.094226729183, -57446.19607284023, -44489.29214349892, 0.032, 0.91, -0.374, 192.0, 0.0, 0.0, 0.0, 0.0, 0.0, 0.0, 0.0, 0.0, 0.0, 1.741279694900778E9, 0.0, 2025-03-06 10:48:14.900
46.0, -38624.75319203773, -45019.184949300885, -50466.930921903964, -49466.22097089541, -24202.98298632896, -27261.4839388709, -57455.89672993383, -44500.22214653756, 0.032, 0.91, -0.374, 192.0, 0.0, 0.0, 0.0, 0.0, 0.0, 0.0, 0.0, 0.0, 0.0, 1.741279694900792E9, 0.0, 2025-03-06 10:48:14.900
47.0, -38616.93008147837, -45012.09944630855, -50462.594683479634, -49458.1743428915, -24242.098539125745, -27265.619011595132, -57447.82775018546, -44477.311608470874, 0.032, 0.91, -0.374, 192.0, 0.0, 0.0, 0.0, 0.0, 0.0, 0.0, 0.0, 0.0, 0.0, 1.741279694900806E9, 0.0, 2025-03-06 10:48:14.900
48.0, -38623.07681120358, -45008.277298006695, -50467.69088121544, -49455.80505797924, -24263.60091729175, -27258.62291558062, -57445.12318910637, -44476.7975183484, 0.032, 0.91, -0.374, 192.0, 0.0, 0.0, 0.0, 0.0, 0.0, 0.0, 0.0, 0.0, 0.0, 1.74127969490082E9, 0.0, 2025-03-06 10:48:14.900
49.0, -38622.71918329229, -45001.90705083693, -50465.70157595892, -49457.90612195803, -24233.738986699464, -27257.907659758053, -57454.10859037741, -44490.43208246614, 0.032, 0.91, -0.374, 192.0, 0.0, 0.0, 0.0, 0.0, 0.0, 0.0, 0.0, 0.0, 0.0, 1.741279694900834E9, 0.0, 2025-03-06 10:48:14.900
50.0, -38615.05253494412, -45003.38226597098, -50457.207913065904, -49459.180171391985, -24216.55049521333, -27270.7375610754, -57445.52552050657, -44468.37091068875, 0.032, 0.91, -0.374, 192.0, 0.0, 0.0, 0.0, 0.0, 0.0, 0.0, 0.0, 0.0, 0.0, 1.741279694900854E9, 0.0, 2025-03-06 10:48:14.900
51.0, -38609.889281974945, -45001.12473978099, -50452.84932289712, -49455.96152019042, -24261.455149824043, -27267.45185464047, -57449.70529671971, -44497.919916858664, 0.028, 0.91, -0.38, 192.0, 0.0, 224.0, 28.0, 112.0, 244.0, 32.0, 0.0, 0.0, 0.0, 1.741279694900871E9, 0.0, 2025-03-06 10:48:14.900
52.0, -38606.044781928635, -44997.70492287933, -50446.34496526062, -49454.285139356274, -24285.03624022439, -27259.02524698082, -57446.93368040725, -44480.21733525006, 0.028, 0.91, -0.38, 192.0, 0.0, 0.0, 0.0, 0.0, 0.0, 0.0, 0.0, 0.0, 0.0, 1.741279694900889E9, 0.0, 2025-03-06 10:48:14.900
53.0, -38615.25370064422, -45007.942021839866, -50454.81627640918, -49462.756450504836, -24241.517393769907, -27269.754084319364, -57449.77235195308, -44477.69158812661, 0.028, 0.91, -0.38, 192.0, 0.0, 0.0, 0.0, 0.0, 0.0, 0.0, 0.0, 0.0, 0.0, 1.741279694900902E9, 0.0, 2025-03-06 10:48:14.900
54.0, -38622.67447980338, -45012.36766724201, -50459.48779100034, -49467.11504067362, -24189.683698378052, -27275.744351833386, -57455.494398533636, -44502.72554191656, 0.028, 0.91, -0.38, 192.0, 0.0, 0.0, 0.0, 0.0, 0.0, 0.0, 0.0, 0.0, 0.0, 1.741279694900916E9, 0.0, 2025-03-06 10:48:14.900
55.0, -38626.27311066069, -45009.90897535193, -50455.531532231755, -49461.013014437325, -24208.481515464966, -27270.96107851995, -57447.17954959626, -44491.9520010891, 0.028, 0.91, -0.38, 192.0, 0.0, 0.0, 0.0, 0.0, 0.0, 0.0, 0.0, 0.0, 0.0, 1.74127969490093E9, 0.0, 2025-03-06 10:48:14.900
56.0, -38624.082639704066, -45001.86234734802, -50447.46255248339, -49448.09370614216, -24238.92459141309, -27253.459662611447, -57435.95897387969, -44493.47191971206, 0.028, 0.91, -0.38, 192.0, 0.0, 0.0, 0.0, 0.0, 0.0, 0.0, 0.0, 0.0, 0.0, 1.741279694900943E9, 0.0, 2025-03-06 10:48:14.900
57.0, -38609.86693023049, -44992.85459433253, -50438.03011632325, -49446.886711941566, -24223.390129016654, -27247.134118930593, -57435.04255235703, -44481.67019863966, 0.028, 0.91, -0.38, 192.0, 0.0, 0.0, 0.0, 0.0, 0.0, 0.0, 0.0, 0.0, 0.0, 1.74127969490096E9, 0.0, 2025-03-06 10:48:14.900
58.0, -38604.860139472505, -44994.933306566876, -50436.800770378206, -49449.77008697631, -24172.674020847564, -27257.706494057955, -57447.89480541883, -44493.874251112255, 0.028, 0.91, -0.38, 192.0, 0.0, 0.0, 0.0, 0.0, 0.0, 0.0, 0.0, 0.0, 0.0, 1.741279694900974E9, 0.0, 2025-03-06 10:48:14.900
59.0, -38612.280918631666, -44996.20735600083, -50434.61029942159, -49449.70303174294, -24183.82754133076, -27258.220584180428, -57446.08431411795, -44484.41946320766, 0.028, 0.91, -0.38, 192.0, 0.0, 0.0, 0.0, 0.0, 0.0, 0.0, 0.0, 0.0, 0.0, 1.741279694960488E9, 0.0, 2025-03-06 10:48:14.960
60.0, -38614.69490703284, -44994.083940277575, -50434.81146512169, -49452.54170328876, -24217.019881846893, -27258.19823243597, -57441.569261737975, -44477.55747765988, 0.028, 0.91, -0.38, 192.0, 0.0, 0.0, 0.0, 0.0, 0.0, 0.0, 0.0, 0.0, 0.0, 1.741279694960508E9, 0.0, 2025-03-06 10:48:14.960
61.0, -38612.52678782067, -44988.04896927464, -50432.62099416507, -49453.27931085579, -24220.88673363766, -27254.577249834212, -57440.384619281846, -44477.35631195978, 0.028, 0.916, -0.38, 192.0, 0.0, 224.0, 28.0, 160.0, 244.0, 32.0, 0.0, 0.0, 0.0, 1.741279694960521E9, 0.0, 2025-03-06 10:48:14.960
62.0, -38621.780410025174, -44995.64856238944, -50441.56169194719, -49462.063546426725, -24179.334840695246, -27267.273040684828, -57450.53231126456, -44493.6507336677, 0.028, 0.916, -0.38, 192.0, 0.0, 0.0, 0.0, 0.0, 0.0, 0.0, 0.0, 0.0, 0.0, 1.741279694960536E9, 0.0, 2025-03-06 10:48:14.960
63.0, -38624.10499144853, -44997.12377752349, -50441.44993322491, -49460.70009001495, -24196.702146137017, -27279.097113501684, -57452.70043047672, -44495.37181799076, 0.028, 0.916, -0.38, 192.0, 0.0, 0.0, 0.0, 0.0, 0.0, 0.0, 0.0, 0.0, 0.0, 1.741279694960549E9, 0.0, 2025-03-06 10:48:14.960
64.0, -38615.07488668858, -44988.45130067484, -50437.6054331786, -49459.403688836544, -24242.947905415047, -27278.270098956837, -57448.565357752486, -44497.651695925204, 0.028, 0.916, -0.38, 192.0, 0.0, 0.0, 0.0, 0.0, 0.0, 0.0, 0.0, 0.0, 0.0, 1.741279694960563E9, 0.0, 2025-03-06 10:48:14.960
65.0, -38603.42962782736, -44977.7671668252, -50429.71526738587, -49454.93333994548, -24260.874004468205, -27269.508215130358, -57447.023087385074, -44499.9539256041, 0.028, 0.916, -0.38, 192.0, 0.0, 0.0, 0.0, 0.0, 0.0, 0.0, 0.0, 0.0, 0.0, 1.741279694960584E9, 0.0, 2025-03-06 10:48:14.960
66.0, -38616.14777042243, -44993.39103619946, -50440.26529076878, -49470.870133742115, -24203.966463084995, -27283.366296692646, -57457.64016600134, -44493.49427145652, 0.028, 0.916, -0.38, 192.0, 0.0, 0.0, 0.0, 0.0, 0.0, 0.0, 0.0, 0.0, 0.0, 1.741279694960601E9, 0.0, 2025-03-06 10:48:14.960
67.0, -38622.80859027011, -44999.738931624765, -50442.61222393659, -49469.953712219445, -24199.987852571947, -27291.412924696557, -57460.0094509136, -44504.938364617636, 0.028, 0.916, -0.38, 192.0, 0.0, 0.0, 0.0, 0.0, 0.0, 0.0, 0.0, 0.0, 0.0, 1.741279694960617E9, 0.0, 2025-03-06 10:48:14.960
68.0, -38617.086543689555, -44990.08297802007, -50435.99610757782, -49458.71078475843, -24228.88865815266, -27289.82595084023, -57465.351517838426, -44525.6584317277, 0.028, 0.916, -0.38, 192.0, 0.0, 0.0, 0.0, 0.0, 0.0, 0.0, 0.0, 0.0, 0.0, 1.741279694960631E9, 0.0, 2025-03-06 10:48:14.960
69.0, -38616.4159913559, -44987.69134136335, -50437.69484015642, -49468.45614534094, -24231.74968144294, -27300.77830562333, -57453.661555488296, -44460.72661408503, 0.028, 0.916, -0.38, 192.0, 0.0, 0.0, 0.0, 0.0, 0.0, 0.0, 0.0, 0.0, 0.0, 1.741279694960645E9, 0.0, 2025-03-06 10:48:14.960
70.0, -38619.85816000201, -44991.4687861763, -50443.32747975916, -49471.2277616534, -24192.12003852368, -27290.854131085176, -57452.11928512088, -44507.777036163454, 0.028, 0.916, -0.38, 192.0, 0.0, 0.0, 0.0, 0.0, 0.0, 0.0, 0.0, 0.0, 0.0, 1.741279694960659E9, 0.0, 2025-03-06 10:48:14.960
71.0, -38624.59672982654, -44987.40076868544, -50439.32651750166, -49448.80896196473, -24177.457294161, -27267.608316851656, -57451.69460197623, -44525.47961777206, 0.02, 0.914, -0.376, 192.0, 0.0, 160.0, 28.0, 144.0, 244.0, 64.0, 0.0, 0.0, 0.0, 1.741279694960677E9, 0.0, 2025-03-06 10:48:14.960
72.0, -38624.2167501708, -44985.45616691782, -50436.3537354891, -49451.46881955491, -24216.12581206868, -27268.05535174076, -57443.78208443905, -44494.76832089047, 0.02, 0.914, -0.376, 192.0, 0.0, 0.0, 0.0, 0.0, 0.0, 0.0, 0.0, 0.0, 0.0, 1.741279694960696E9, 0.0, 2025-03-06 10:48:14.960
73.0, -38614.091409932546, -44977.43189065837, -50426.22839525085, -49449.59127302066, -24242.23264959248, -27270.446988397478, -57445.16789259528, -44511.710943187594, 0.02, 0.914, -0.376, 192.0, 0.0, 0.0, 0.0, 0.0, 0.0, 0.0, 0.0, 0.0, 0.0, 1.74127969496071E9, 0.0, 2025-03-06 10:48:14.960
74.0, -38599.763941736695, -44963.70791956281, -50411.65505786599, -49436.78372344777, -24214.404727745623, -27256.186575434993, -57435.13195933485, -44492.86842261177, 0.02, 0.914, -0.376, 192.0, 0.0, 0.0, 0.0, 0.0, 0.0, 0.0, 0.0, 0.0, 0.0, 1.741279695020786E9, 0.0, 2025-03-06 10:48:15.020
75.0, -38601.82030222658, -44966.747756808734, -50413.666714866966, -49438.88478742657, -24185.950957054014, -27254.95722948995, -57437.34478203592, -44480.1502800167, 0.02, 0.914, -0.376, 192.0, 0.0, 0.0, 0.0, 0.0, 0.0, 0.0, 0.0, 0.0, 0.0, 1.741279695020805E9, 0.0, 2025-03-06 10:48:15.020
76.0, -38601.61913652648, -44964.66904457439, -50415.186633489924, -49440.650575238535, -24225.535896484365, -27264.41201739455, -57435.69075294623, -44458.60319836178, 0.02, 0.914, -0.376, 192.0, 0.0, 0.0, 0.0, 0.0, 0.0, 0.0, 0.0, 0.0, 0.0, 1.741279695020818E9, 0.0, 2025-03-06 10:48:15.020
77.0, -38601.10504640401, -44964.646692829934, -50421.06514228167, -49446.12675263009, -24258.88469921168, -27256.745369046377, -57432.1591773223, -44479.23385849403, 0.02, 0.914, -0.376, 192.0, 0.0, 0.0, 0.0, 0.0, 0.0, 0.0, 0.0, 0.0, 0.0, 1.741279695020832E9, 0.0, 2025-03-06 10:48:15.020
78.0, -38591.292630588134, -44954.76722178069, -50412.92910729994, -49425.9654791314, -24222.764280171905, -27241.434424094492, -57422.838499884434, -44481.67019863966, 0.02, 0.914, -0.376, 192.0, 0.0, 0.0, 0.0, 0.0, 0.0, 0.0, 0.0, 0.0, 0.0, 1.741279695020846E9, 0.0, 2025-03-06 10:48:15.020
79.0, -38595.49475854573, -44953.62728281347, -50407.855261308585, -49421.89746164053, -24171.98111676945, -27250.710398043444, -57428.001752853605, -44469.823774078344, 0.02, 0.914, -0.376, 192.0, 0.0, 0.0, 0.0, 0.0, 0.0, 0.0, 0.0, 0.0, 0.0, 1.74127969502086E9, 0.0, 2025-03-06 10:48:15.020
80.0, -38608.88345347446, -44961.80802128411, -50416.795959090705, -49430.97226988939, -24191.628300145665, -27259.896965014574, -57427.21944179767, -44467.16391648816, 0.02, 0.914, -0.376, 192.0, 0.0, 0.0, 0.0, 0.0, 0.0, 0.0, 0.0, 0.0, 0.0, 1.74127969502088E9, 0.0, 2025-03-06 10:48:15.020
81.0, -38606.22359588428, -44957.53883809315, -50415.968944545864, -49429.07237161069, -24219.053890592324, -27253.236145166895, -57421.05036032801, -44465.912218798665, 0.018000000000000002, 0.908, -0.378, 192.0, 0.0, 144.0, 28.0, 96.0, 244.0, 48.0, 0.0, 0.0, 0.0, 1.741279695020897E9, 0.0, 2025-03-06 10:48:15.020
82.0, -38591.56085152159, -44943.56899780858, -50405.86595605206, -49418.1647203165, -24212.683643422562, -27237.098185670162, -57413.07078755746, -44466.068681009856, 0.018000000000000002, 0.908, -0.378, 192.0, 0.0, 0.0, 0.0, 0.0, 0.0, 0.0, 0.0, 0.0, 0.0, 1.741279695020915E9, 0.0, 2025-03-06 10:48:15.020
83.0, -38585.414121796384, -44937.1540471499, -50402.22262170585, -49410.319258012685, -24179.49130290643, -27233.38779609058, -57412.73551139063, -44460.883076296224, 0.018000000000000002, 0.908, -0.378, 192.0, 0.0, 0.0, 0.0, 0.0, 0.0, 0.0, 0.0, 0.0, 0.0, 1.741279695020929E9, 0.0, 2025-03-06 10:48:15.020
84.0, -38586.196432852325, -44939.210407639795, -50402.043807750204, -49416.197766804435, -24182.777009341364, -27239.48982232688, -57415.61888642536, -44450.98125350252, 0.018000000000000002, 0.908, -0.378, 192.0, 0.0, 0.0, 0.0, 0.0, 0.0, 0.0, 0.0, 0.0, 0.0, 1.741279695020943E9, 0.0, 2025-03-06 10:48:15.020
85.0, -38584.14007236243, -44938.94218670633, -50401.708531583376, -49418.96938311689, -24195.96453856999, -27243.24491539537, -57414.45659571369, -44443.404012132174, 0.018000000000000002, 0.908, -0.378, 192.0, 0.0, 0.0, 0.0, 0.0, 0.0, 0.0, 0.0, 0.0, 0.0, 1.741279695020956E9, 0.0, 2025-03-06 10:48:15.020
86.0, -38578.26156357069, -44931.81198022509, -50399.36159841557, -49416.913022627, -24184.92277680907, -27246.575325319212, -57417.60819168189, -44462.80532631938, 0.018000000000000002, 0.908, -0.378, 192.0, 0.0, 0.0, 0.0, 0.0, 0.0, 0.0, 0.0, 0.0, 0.0, 1.74127969502097E9, 0.0, 2025-03-06 10:48:15.020
87.0, -38576.56283099209, -44930.09089590203, -50401.64147635001, -49416.15306331552, -24140.465157087467, -27244.697778784965, -57421.25152602811, -44483.07835854034, 0.018000000000000002, 0.908, -0.378, 192.0, 0.0, 0.0, 0.0, 0.0, 0.0, 0.0, 0.0, 0.0, 0.0, 1.741279695020987E9, 0.0, 2025-03-06 10:48:15.020
88.0, -38578.865060670985, -44927.72161098976, -50399.6968745824, -49413.15792955851, -24150.523442092355, -27241.121499672117, -57416.58001143694, -44469.73436710052, 0.018000000000000002, 0.908, -0.378, 192.0, 0.0, 0.0, 0.0, 0.0, 0.0, 0.0, 0.0, 0.0, 0.0, 1.741279695021E9, 0.0, 2025-03-06 10:48:15.021
89.0, -38579.06622637108, -44928.81684646808, -50405.84360430761, -49423.8644151526, -24174.708029592995, -27247.089415441682, -57418.68107541574, -44464.25818970898, 0.018000000000000002, 0.908, -0.378, 192.0, 0.0, 0.0, 0.0, 0.0, 0.0, 0.0, 0.0, 0.0, 0.0, 1.741279695081167E9, 0.0, 2025-03-06 10:48:15.081
90.0, -38586.17408110787, -44933.957747692795, -50418.60645039159, -49434.079162368675, -24156.98309623994, -27253.571421333723, -57425.18543305224, -44479.59148640531, 0.018000000000000002, 0.908, -0.378, 192.0, 0.0, 0.0, 0.0, 0.0, 0.0, 0.0, 0.0, 0.0, 0.0, 1.741279695081186E9, 0.0, 2025-03-06 10:48:15.081
91.0, -38593.70661898931, -44938.18222739485, -50429.961136574886, -49442.8186944507, -24098.2874153003, -27260.88044177061, -57429.72283717667, -44472.774204346446, 0.03, 0.91, -0.376, 192.0, 0.0, 240.0, 28.0, 112.0, 244.0, 64.0, 0.0, 0.0, 0.0, 1.7412796950812E9, 0.0, 2025-03-06 10:48:15.081
92.0, -38592.901956188914, -44937.51167506119, -50424.283793483235, -49442.751639217335, -24107.116354360147, -27259.382874892104, -57420.93860160573, -44464.101727497786, 0.03, 0.91, -0.376, 192.0, 0.0, 0.0, 0.0, 0.0, 0.0, 0.0, 0.0, 0.0, 0.0, 1.741279695081214E9, 0.0, 2025-03-06 10:48:15.081
93.0, -38578.015694381684, -44925.642898755425, -50405.73184558533, -49433.14038910156, -24179.759523839897, -27244.183688662495, -57410.14270903382, -44452.54587561439, 0.03, 0.91, -0.376, 192.0, 0.0, 0.0, 0.0, 0.0, 0.0, 0.0, 0.0, 0.0, 0.0, 1.741279695081228E9, 0.0, 2025-03-06 10:48:15.081
94.0, -38574.59587748002, -44922.84893069851, -50405.57538337415, -49428.357115788116, -24194.422268202576, -27244.787185762787, -57413.830746868945, -44462.11242224126, 0.03, 0.91, -0.376, 192.0, 0.0, 0.0, 0.0, 0.0, 0.0, 0.0, 0.0, 0.0, 0.0, 1.741279695081242E9, 0.0, 2025-03-06 10:48:15.081
95.0, -38581.61432523898, -44925.218215610774, -50413.95728754489, -49429.184130332964, -24146.097796690203, -27254.398435878567, -57418.859889371386, -44465.57694263184, 0.03, 0.91, -0.376, 192.0, 0.0, 0.0, 0.0, 0.0, 0.0, 0.0, 0.0, 0.0, 0.0, 1.741279695081255E9, 0.0, 2025-03-06 10:48:15.081
96.0, -38587.805758453105, -44933.86834071497, -50421.780398104245, -49442.30460432823, -24128.864601715162, -27264.456720883456, -57425.09602607442, -44476.1493177592, 0.03, 0.91, -0.376, 192.0, 0.0, 0.0, 0.0, 0.0, 0.0, 0.0, 0.0, 0.0, 0.0, 1.74127969508128E9, 0.0, 2025-03-06 10:48:15.081
97.0, -38573.72415944626, -44927.72161098976, -50407.788206075216, -49432.24631932334, -24187.02384078787, -27258.689970813986, -57415.19420328071, -44482.65367539569, 0.03, 0.91, -0.376, 192.0, 0.0, 0.0, 0.0, 0.0, 0.0, 0.0, 0.0, 0.0, 0.0, 1.741279695081294E9, 0.0, 2025-03-06 10:48:15.081
98.0, -38573.54534549062, -44924.525311532656, -50407.45292990839, -49422.07627559618, -24200.099611294227, -27256.477148112914, -57415.97651433665, -44461.88890479671, 0.03, 0.91, -0.376, 192.0, 0.0, 0.0, 0.0, 0.0, 0.0, 0.0, 0.0, 0.0, 0.0, 1.74127969508131E9, 0.0, 2025-03-06 10:48:15.081
99.0, -38577.61336298149, -44926.045230155614, -50410.582174132134, -49421.18220581797, -24175.512692393386, -27251.49270909938, -57415.216555025174, -44467.83446882182, 0.03, 0.91, -0.376, 192.0, 0.0, 0.0, 0.0, 0.0, 0.0, 0.0, 0.0, 0.0, 0.0, 1.741279695081324E9, 0.0, 2025-03-06 10:48:15.081
100.0, -38578.14980484841, -44923.31831733207, -50404.77072057375, -49413.35909525861, -24161.63225908664, -27241.188554905482, -57409.6509706558, -44476.395186948204, 0.03, 0.914, -0.376, 192.0, 0.0, 240.0, 28.0, 144.0, 244.0, 64.0, 0.0, 0.0, 0.0, 1.741279695081338E9, 0.0, 2025-03-06 10:48:15.081
101.0, -38577.34514204802, -44925.88876794443, -50401.440310649916, -49411.12392081308, -24203.966463084995, -27239.199249648962, -57413.02608406855, -44475.635227636725, 0.03, 0.914, -0.376, 192.0, 0.0, 0.0, 0.0, 0.0, 0.0, 0.0, 0.0, 0.0, 0.0, 1.741279695081353E9, 0.0, 2025-03-06 10:48:15.081
102.0, -38576.69694145882, -44927.587500523034, -50399.07102573765, -49411.70506616891, -24227.815774418807, -27233.745424001867, -57409.628618911345, -44459.497268139996, 0.03, 0.914, -0.376, 192.0, 0.0, 0.0, 0.0, 0.0, 0.0, 0.0, 0.0, 0.0, 0.0, 1.741279695081369E9, 0.0, 2025-03-06 10:48:15.081
103.0, -38581.927249661356, -44935.67883201585, -50405.7989008187, -49422.03157210727, -24199.45141070502, -27240.853278738654, -57417.07174981496, -44465.59929437629, 0.03, 0.914, -0.376, 192.0, 0.0, 0.0, 0.0, 0.0, 0.0, 0.0, 0.0, 0.0, 0.0, 1.741279695081383E9, 0.0, 2025-03-06 10:48:15.081
104.0, -38590.84559569903, -44947.48055308826, -50412.83970032212, -49429.29588905524, -24159.240622429923, -27245.748310774365, -57422.056188828494, -44461.35246292978, 0.03, 0.914, -0.376, 192.0, 0.0, 0.0, 0.0, 0.0, 0.0, 0.0, 0.0, 0.0, 0.0, 1.741279695141454E9, 0.0, 2025-03-06 10:48:15.141
105.0, -38592.23140385526, -44948.37462286647, -50409.822214820655, -49430.12290360009, -24198.26676824889, -27241.30031362776, -57413.830746868945, -44454.6916430821, 0.03, 0.914, -0.376, 192.0, 0.0, 0.0, 0.0, 0.0, 0.0, 0.0, 0.0, 0.0, 0.0, 1.741279695141472E9, 0.0, 2025-03-06 10:48:15.141
106.0, -38590.26445034319, -44951.61562581249, -50410.448063665404, -49428.4688745104, -24229.179230830578, -27242.39554910607, -57413.09313930192, -44453.23877969251, 0.03, 0.914, -0.376, 192.0, 0.0, 0.0, 0.0, 0.0, 0.0, 0.0, 0.0, 0.0, 0.0, 1.741279695141486E9, 0.0, 2025-03-06 10:48:15.141
107.0, -38591.717313732785, -44957.82941077106, -50417.13123525754, -49433.83329317967, -24210.448468977032, -27252.163261433037, -57416.468252714665, -44447.673195323136, 0.03, 0.914, -0.376, 192.0, 0.0, 0.0, 0.0, 0.0, 0.0, 0.0, 0.0, 0.0, 0.0, 1.741279695141501E9, 0.0, 2025-03-06 10:48:15.141
108.0, -38599.78629348115, -44965.205486441315, -50421.1992527484, -49437.29781357024, -24170.394142913123, -27252.811462022244, -57417.49643295961, -44433.56924457184, 0.03, 0.914, -0.376, 192.0, 0.0, 0.0, 0.0, 0.0, 0.0, 0.0, 0.0, 0.0, 0.0, 1.741279695141515E9, 0.0, 2025-03-06 10:48:15.141
109.0, -38604.03312492766, -44970.860477788505, -50421.08749402613, -49442.25990083932, -24199.3620037272, -27250.95626723245, -57414.34483699141, -44467.16391648816, 0.03, 0.914, -0.376, 192.0, 0.0, 0.0, 0.0, 0.0, 0.0, 0.0, 0.0, 0.0, 0.0, 1.741279695141528E9, 0.0, 2025-03-06 10:48:15.141
110.0, -38604.2119388833, -44972.35804466702, -50417.399456191, -49434.90617691352, -24231.41440527611, -27237.43346183699, -57416.200031781205, -44481.96077131758, 0.032, 0.906, -0.38, 192.0, 1.0, 0.0, 28.0, 80.0, 244.0, 32.0, 0.0, 0.0, 0.0, 1.741279695141542E9, 0.0, 2025-03-06 10:48:15.141
111.0, -38612.39267735394, -44977.5660011251, -50419.254650980794, -49434.39208679105, -24219.992663859448, -27243.3790258621, -57415.708293403186, -44474.36117820277, 0.032, 0.906, -0.38, 192.0, 0.0, 0.0, 0.0, 0.0, 0.0, 0.0, 0.0, 0.0, 0.0, 1.741279695141563E9, 0.0, 2025-03-06 10:48:15.141
112.0, -38627.234235672266, -44991.2676204762, -50427.12246502906, -49438.12482811509, -24157.11720670667, -27257.080645213206, -57417.00469458159, -44468.59442813331, 0.032, 0.906, -0.38, 192.0, 0.0, 0.0, 0.0, 0.0, 0.0, 0.0, 0.0, 0.0, 0.0, 1.74127969514158E9, 0.0, 2025-03-06 10:48:15.141
113.0, -38637.292520677154, -45004.835129360574, -50427.07776154015, -49442.63988049506, -24164.850910288205, -27257.259459168847, -57413.02608406855, -44467.387433932716, 0.032, 0.906, -0.38, 192.0, 0.0, 0.0, 0.0, 0.0, 0.0, 0.0, 0.0, 0.0, 0.0, 1.741279695141601E9, 0.0, 2025-03-06 10:48:15.141
114.0, -38638.767735811205, -45010.91480385242, -50424.79788360571, -49441.432886294475, -24234.253076821933, -27239.981560704895, -57406.2982089875, -44469.37673918924, 0.032, 0.906, -0.38, 192.0, 0.0, 0.0, 0.0, 0.0, 0.0, 0.0, 0.0, 0.0, 0.0, 1.741279695141615E9, 0.0, 2025-03-06 10:48:15.141
115.0, -38649.29540744965, -45026.27045229322, -50433.62682266555, -49458.08493591368, -24247.1723851171, -27244.563668318235, -57409.919191589266, -44448.008471489964, 0.032, 0.906, -0.38, 192.0, 0.0, 0.0, 0.0, 0.0, 0.0, 0.0, 0.0, 0.0, 0.0, 1.741279695141629E9, 0.0, 2025-03-06 10:48:15.141
116.0, -38655.73270985278, -45039.97207164432, -50440.5558634467, -49460.9236074595, -24194.064640291293, -27258.041770224783, -57421.89972661731, -44467.16391648816, 0.032, 0.906, -0.38, 192.0, 0.0, 0.0, 0.0, 0.0, 0.0, 0.0, 0.0, 0.0, 0.0, 1.741279695141642E9, 0.0, 2025-03-06 10:48:15.141
117.0, -38671.73655888278, -45049.315100826636, -50445.62970943806, -49450.15006663204, -24192.231797245957, -27254.86782251213, -57418.09993005991, -44456.971521016545, 0.032, 0.906, -0.38, 192.0, 0.0, 0.0, 0.0, 0.0, 0.0, 0.0, 0.0, 0.0, 0.0, 1.741279695141659E9, 0.0, 2025-03-06 10:48:15.141
118.0, -38682.64421017697, -45055.9312171854, -50448.84836063962, -49455.78270623478, -24246.18890836107, -27252.967924233428, -57409.94154333372, -44435.46914285054, 0.032, 0.906, -0.38, 192.0, 0.0, 0.0, 0.0, 0.0, 0.0, 0.0, 0.0, 0.0, 0.0, 1.741279695141673E9, 0.0, 2025-03-06 10:48:15.141
119.0, -38682.867727621524, -45064.67074926743, -50448.468380983875, -49457.14616264655, -24263.712676014027, -27251.5821160772, -57409.919191589266, -44462.358291430275, 0.032, 0.906, -0.38, 192.0, 0.0, 0.0, 0.0, 0.0, 0.0, 0.0, 0.0, 0.0, 0.0, 1.741279695201703E9, 0.0, 2025-03-06 10:48:15.201
120.0, -38693.35069577106, -45088.56476409016, -50458.57136947768, -49469.43962209697, -24214.292969023343, -27263.473244127425, -57418.54696494901, -44469.22027697805, 0.026000000000000002, 0.91, -0.382, 192.0, 0.0, 208.0, 28.0, 112.0, 244.0, 16.0, 0.0, 0.0, 0.0, 1.741279695201744E9, 0.0, 2025-03-06 10:48:15.201
121.0, -38692.61308820404, -45094.465624626355, -50455.687994442946, -49468.41144185203, -24214.181210301067, -27260.276944670313, -57417.74230214862, -44462.067718752354, 0.026000000000000002, 0.91, -0.382, 192.0, 0.0, 0.0, 0.0, 0.0, 0.0, 0.0, 0.0, 0.0, 0.0, 1.741279695201764E9, 0.0, 2025-03-06 10:48:15.201
122.0, -38705.666506965936, -45105.68620034292, -50464.963968391894, -49479.27438965731, -24239.215164091012, -27265.753122061866, -57419.86571787187, -44432.921043982635, 0.026000000000000002, 0.91, -0.382, 192.0, 0.0, 0.0, 0.0, 0.0, 0.0, 0.0, 0.0, 0.0, 0.0, 1.741279695201778E9, 0.0, 2025-03-06 10:48:15.201
123.0, -38709.37689654552, -45108.5472236332, -50465.522762003275, -49480.50373560235, -24256.738931743974, -27266.78130230681, -57417.13880504833, -44448.790782545904, 0.026000000000000002, 0.91, -0.382, 192.0, 0.0, 0.0, 0.0, 0.0, 0.0, 0.0, 0.0, 0.0, 0.0, 1.741279695201792E9, 0.0, 2025-03-06 10:48:15.201
124.0, -38701.397323774974, -45104.97094452035, -50460.33715728964, -49473.28412214329, -24219.947960370537, -27262.199194693472, -57424.62663944085, -44480.887887583725, 0.026000000000000002, 0.91, -0.382, 192.0, 0.0, 0.0, 0.0, 0.0, 0.0, 0.0, 0.0, 0.0, 0.0, 1.741279695201805E9, 0.0, 2025-03-06 10:48:15.201
125.0, -38705.264175565746, -45107.56374687717, -50465.79098293674, -49479.877886757604, -24184.609852386697, -27264.233203438904, -57430.08046508795, -44459.698433840094, 0.026000000000000002, 0.91, -0.382, 192.0, 0.0, 0.0, 0.0, 0.0, 0.0, 0.0, 0.0, 0.0, 0.0, 1.741279695201819E9, 0.0, 2025-03-06 10:48:15.201
126.0, -38705.82296917713, -45104.3450956756, -50464.65104396952, -49467.96440696292, -24223.94892262804, -27260.098130714672, -57426.973572608666, -44465.71105309857, 0.026000000000000002, 0.91, -0.382, 192.0, 0.0, 0.0, 0.0, 0.0, 0.0, 0.0, 0.0, 0.0, 0.0, 1.741279695201848E9, 0.0, 2025-03-06 10:48:15.201
127.0, -38710.785056446206, -45103.31691543066, -50462.43822126844, -49466.42213659551, -24248.669951995606, -27261.4839388709, -57421.87737487285, -44457.262093694466, 0.026000000000000002, 0.91, -0.382, 192.0, 0.0, 0.0, 0.0, 0.0, 0.0, 0.0, 0.0, 0.0, 0.0, 1.741279695201865E9, 0.0, 2025-03-06 10:48:15.201
128.0, -38699.85505340756, -45097.37135140555, -50451.03883159624, -49462.86820922711, -24218.539800469855, -27255.627781823612, -57412.154366034796, -44442.219369676044, 0.026000000000000002, 0.91, -0.382, 192.0, 0.0, 0.0, 0.0, 0.0, 0.0, 0.0, 0.0, 0.0, 0.0, 1.741279695201881E9, 0.0, 2025-03-06 10:48:15.201
129.0, -38698.06691385114, -45094.2421071818, -50447.95429086141, -49460.74479350386, -24185.30275646481, -27254.197270178473, -57409.4498049557, -44420.493474065486, 0.026000000000000002, 0.91, -0.382, 192.0, 0.0, 0.0, 0.0, 0.0, 0.0, 0.0, 0.0, 0.0, 0.0, 1.741279695201895E9, 0.0, 2025-03-06 10:48:15.201
130.0, -38696.99403011728, -45088.050673967686, -50441.6063954361, -49448.94307243146, -24222.853687149727, -27248.34111313118, -57407.77342412155, -44448.589616845806, 0.024, 0.914, -0.382, 192.0, 0.0, 192.0, 28.0, 144.0, 244.0, 16.0, 0.0, 0.0, 0.0, 1.741279695201909E9, 0.0, 2025-03-06 10:48:15.201
131.0, -38696.34582952807, -45090.57642109114, -50443.305128014705, -49448.87601719809, -24247.19473686156, -27241.52383107231, -57412.98138057964, -44451.13771571371, 0.024, 0.914, -0.382, 192.0, 0.0, 0.0, 0.0, 0.0, 0.0, 0.0, 0.0, 0.0, 0.0, 1.741279695201923E9, 0.0, 2025-03-06 10:48:15.201
132.0, -38701.37497203052, -45098.108958972574, -50456.157381076504, -49461.30358711524, -24218.83037314777, -27252.945572488974, -57424.35841850739, -44443.962805743555, 0.024, 0.914, -0.382, 192.0, 0.0, 0.0, 0.0, 0.0, 0.0, 0.0, 0.0, 0.0, 0.0, 1.741279695201941E9, 0.0, 2025-03-06 10:48:15.201
133.0, -38698.29043129569, -45093.906831014974, -50447.68606992794, -49451.37941257709, -24160.134692208136, -27249.369293376127, -57418.41285448228, -44444.096916210285, 0.024, 0.914, -0.382, 192.0, 0.0, 0.0, 0.0, 0.0, 0.0, 0.0, 0.0, 0.0, 0.0, 1.741279695201954E9, 0.0, 2025-03-06 10:48:15.201
134.0, -38701.86671040854, -45089.369426890546, -50442.72398265886, -49449.70303174294, -24179.17837848406, -27248.72109278692, -57413.29430500201, -44433.45748584956, 0.024, 0.914, -0.382, 192.0, 0.0, 0.0, 0.0, 0.0, 0.0, 0.0, 0.0, 0.0, 0.0, 1.741279695261049E9, 0.0, 2025-03-06 10:48:15.261
135.0, -38694.37887601601, -45081.97099947584, -50440.7570291468, -49451.06648815471, -24218.27157953639, -27246.68708404149, -57406.968761321164, -44426.99783170198, 0.024, 0.914, -0.382, 192.0, 0.0, 0.0, 0.0, 0.0, 0.0, 0.0, 0.0, 0.0, 0.0, 1.741279695261072E9, 0.0, 2025-03-06 10:48:15.261
136.0, -38685.01349508923, -45079.6911215414, -50433.49271219882, -49443.39983980654, -24216.818716146794, -27242.686121783987, -57401.872563585355, -44430.14942767018, 0.024, 0.914, -0.382, 192.0, 0.0, 0.0, 0.0, 0.0, 0.0, 0.0, 0.0, 0.0, 0.0, 1.741279695261086E9, 0.0, 2025-03-06 10:48:15.261
137.0, -38689.84147189158, -45087.11190070056, -50435.57142443317, -49447.847836953144, -24174.97625052646, -27246.86589799713, -57403.77246186406, -44424.29327062288, 0.024, 0.914, -0.382, 192.0, 0.0, 0.0, 0.0, 0.0, 0.0, 0.0, 0.0, 0.0, 0.0, 1.741279695261099E9, 0.0, 2025-03-06 10:48:15.261
138.0, -38696.18936731689, -45098.26542118376, -50447.3060902722, -49465.30454937274, -24192.74588736843, -27254.197270178473, -57406.477022943145, -44407.12713088121, 0.024, 0.914, -0.382, 192.0, 0.0, 0.0, 0.0, 0.0, 0.0, 0.0, 0.0, 0.0, 0.0, 1.741279695261113E9, 0.0, 2025-03-06 10:48:15.261
139.0, -38676.89981185196, -45083.73678728781, -50432.665697653974, -49458.80019173625, -24254.74962648745, -27237.545220559266, -57397.22340073865, -44428.80832300286, 0.024, 0.914, -0.382, 192.0, 0.0, 0.0, 0.0, 0.0, 0.0, 0.0, 0.0, 0.0, 0.0, 1.741279695261126E9, 0.0, 2025-03-06 10:48:15.261
140.0, -38668.45085244785, -45071.64449353749, -50421.98156380434, -49438.32599381519, -24245.94303917206, -27232.851354223654, -57395.50231641559, -44439.98419523051, 0.024, 0.91, -0.374, 192.0, 0.0, 192.0, 28.0, 112.0, 244.0, 80.0, 0.0, 0.0, 0.0, 1.74127969526114E9, 0.0, 2025-03-06 10:48:15.261
141.0, -38675.08932055108, -45076.02543545073, -50430.74344763082, -49445.54560727425, -24183.06758201928, -27251.604467821657, -57404.84534559791, -44438.6877940521, 0.024, 0.91, -0.374, 192.0, 0.0, 0.0, 0.0, 0.0, 0.0, 0.0, 0.0, 0.0, 0.0, 1.741279695261168E9, 0.0, 2025-03-06 10:48:15.261
142.0, -38682.68891366589, -45078.35001687408, -50438.633613423546, -49448.54074103126, -24173.97042202597, -27255.71718880143, -57402.25254324109, -44438.95601498557, 0.024, 0.91, -0.374, 192.0, 0.0, 0.0, 0.0, 0.0, 0.0, 0.0, 0.0, 0.0, 0.0, 1.741279695261188E9, 0.0, 2025-03-06 10:48:15.261
143.0, -38669.65784664844, -45063.35199634457, -50427.94947957391, -49433.050982123736, -24221.154954571124, -27238.618104293124, -57387.813316322965, -44436.5867300733, 0.024, 0.91, -0.374, 192.0, 0.0, 0.0, 0.0, 0.0, 0.0, 0.0, 0.0, 0.0, 0.0, 1.741279695261205E9, 0.0, 2025-03-06 10:48:15.261
144.0, -38655.755061597236, -45048.06340313714, -50413.82317707815, -49421.24926105133, -24239.1704606021, -27226.034072164784, -57381.15249647528, -44415.82195947432, 0.024, 0.91, -0.374, 192.0, 0.0, 0.0, 0.0, 0.0, 0.0, 0.0, 0.0, 0.0, 0.0, 1.741279695261219E9, 0.0, 2025-03-06 10:48:15.261
145.0, -38663.39935820095, -45053.24900785077, -50422.40624694899, -49430.12290360009, -24181.949994796516, -27234.125403657607, -57393.66947337025, -44410.971630927525, 0.024, 0.91, -0.374, 192.0, 0.0, 0.0, 0.0, 0.0, 0.0, 0.0, 0.0, 0.0, 0.0, 1.741279695261233E9, 0.0, 2025-03-06 10:48:15.261
146.0, -38672.31770423862, -45056.7358799858, -50434.073857554664, -49436.00141239184, -24153.69738980501, -27238.81926999322, -57397.6480838833, -44412.73741873949, 0.024, 0.91, -0.374, 192.0, 0.0, 0.0, 0.0, 0.0, 0.0, 0.0, 0.0, 0.0, 0.0, 1.741279695261246E9, 0.0, 2025-03-06 10:48:15.261
147.0, -38671.89302109397, -45051.259702594245, -50429.15647377449, -49430.86051116711, -24195.450448447522, -27236.740557758876, -57388.506220401076, -44396.1300726092, 0.024, 0.91, -0.374, 192.0, 0.0, 0.0, 0.0, 0.0, 0.0, 0.0, 0.0, 0.0, 0.0, 1.741279695261259E9, 0.0, 2025-03-06 10:48:15.261
148.0, -38660.13600351048, -45043.369536801525, -50418.137063758026, -49424.60202271963, -24236.75647220093, -27223.15069713005, -57386.74043258911, -44422.728648511016, 0.024, 0.91, -0.374, 192.0, 0.0, 0.0, 0.0, 0.0, 0.0, 0.0, 0.0, 0.0, 0.0, 1.741279695261283E9, 0.0, 2025-03-06 10:48:15.261
149.0, -38653.40812842943, -45046.11880136953, -50421.66863938196, -49429.78762743326, -24196.389221714642, -27214.567627259214, -57396.86577282736, -44423.98034620051, 0.024, 0.91, -0.374, 192.0, 0.0, 0.0, 0.0, 0.0, 0.0, 0.0, 0.0, 0.0, 0.0, 1.741279695320966E9, 0.0, 2025-03-06 10:48:15.320
150.0, -38651.79880282865, -45041.71550771183, -50414.09139801162, -49420.15402557302, -24165.879090533148, -27212.6230254916, -57387.23217096712, -44431.26701489294, 0.028, 0.912, -0.374, 192.0, 0.0, 224.0, 28.0, 128.0, 244.0, 80.0, 0.0, 0.0, 0.0, 1.741279695320988E9, 0.0, 2025-03-06 10:48:15.320
151.0, -38642.813401557614, -45025.734010426284, -50401.88734553902, -49400.86447010809, -24202.64771016213, -27207.459772522423, -57376.30216792848, -44408.870566948724, 0.028, 0.912, -0.374, 192.0, 0.0, 0.0, 0.0, 0.0, 0.0, 0.0, 0.0, 0.0, 0.0, 1.741279695321003E9, 0.0, 2025-03-06 10:48:15.321
152.0, -38637.4713346328, -45019.07319057861, -50403.60842986208, -49403.8596038651, -24222.384300516165, -27217.652167994045, -57376.97272026214, -44380.79677591286, 0.028, 0.912, -0.374, 192.0, 0.0, 0.0, 0.0, 0.0, 0.0, 0.0, 0.0, 0.0, 0.0, 1.741279695321017E9, 0.0, 2025-03-06 10:48:15.321
153.0, -38620.88634024696, -45001.12473978099, -50390.867935522554, -49394.449519449416, -24225.80411741783, -27199.591958474157, -57363.49461835559, -44386.07178760431, 0.028, 0.912, -0.374, 192.0, 0.0, 0.0, 0.0, 0.0, 0.0, 0.0, 0.0, 0.0, 0.0, 1.741279695321031E9, 0.0, 2025-03-06 10:48:15.321
154.0, -38628.8659130175, -45006.55621368363, -50391.27026692275, -49393.24252524883, -24189.326070466766, -27187.030278090275, -57369.61899633634, -44420.09114266529, 0.028, 0.912, -0.374, 192.0, 0.0, 0.0, 0.0, 0.0, 0.0, 0.0, 0.0, 0.0, 0.0, 1.741279695321044E9, 0.0, 2025-03-06 10:48:15.321
155.0, -38633.17979969738, -45010.98185908578, -50398.40047340399, -49395.47769969436, -24211.07431782178, -27197.736763684366, -57375.63161559482, -44407.01537215893, 0.028, 0.912, -0.374, 192.0, 0.0, 0.0, 0.0, 0.0, 0.0, 0.0, 0.0, 0.0, 0.0, 1.741279695321058E9, 0.0, 2025-03-06 10:48:15.321
156.0, -38627.21188392781, -45001.72823688129, -50401.48501413882, -49402.51849919779, -24247.731178728485, -27207.10214461114, -57371.675356826236, -44391.9279446516, 0.028, 0.912, -0.374, 192.0, 0.0, 0.0, 0.0, 0.0, 0.0, 0.0, 0.0, 0.0, 0.0, 1.741279695321089E9, 0.0, 2025-03-06 10:48:15.321
157.0, -38621.89216874745, -44993.54749841065, -50402.37908391703, -49403.479624209365, -24216.908123124616, -27196.28390029477, -57375.721022572645, -44400.980401156, 0.028, 0.912, -0.374, 192.0, 0.0, 0.0, 0.0, 0.0, 0.0, 0.0, 0.0, 0.0, 0.0, 1.741279695321106E9, 0.0, 2025-03-06 10:48:15.321
158.0, -38629.670575817894, -45000.297725236145, -50412.72794159984, -49409.78281614576, -24156.804282284294, -27198.85435090713, -57382.78417382052, -44397.78410169889, 0.028, 0.912, -0.374, 192.0, 0.0, 0.0, 0.0, 0.0, 0.0, 0.0, 0.0, 0.0, 0.0, 1.741279695321123E9, 0.0, 2025-03-06 10:48:15.321
159.0, -38636.91254102141, -45015.16163529893, -50420.05931378118, -49425.67490645348, -24163.442750387523, -27207.48212426688, -57394.60824663738, -44417.69950600857, 0.028, 0.912, -0.374, 192.0, 0.0, 0.0, 0.0, 0.0, 0.0, 0.0, 0.0, 0.0, 0.0, 1.741279695321137E9, 0.0, 2025-03-06 10:48:15.321
160.0, -38621.780410025174, -45006.28799275017, -50407.81055781968, -49416.48833948235, -24203.385317729157, -27202.43063001998, -57384.952293032686, -44399.81811044432, 0.026000000000000002, 0.91, -0.374, 192.0, 0.0, 208.0, 28.0, 112.0, 244.0, 80.0, 0.0, 0.0, 0.0, 1.74127969532115E9, 0.0, 2025-03-06 10:48:15.321
161.0, -38611.11862791999, -44993.100463521536, -50401.93204902793, -49405.20070853242, -24199.630224660665, -27203.235292820373, -57379.632577852324, -44386.4741190045, 0.026000000000000002, 0.91, -0.374, 192.0, 0.0, 0.0, 0.0, 0.0, 0.0, 0.0, 0.0, 0.0, 0.0, 1.741279695321165E9, 0.0, 2025-03-06 10:48:15.321
162.0, -38610.40337209742, -44991.424082687394, -50403.07198799515, -49408.68758066745, -24162.839253287228, -27210.790182446264, -57381.59953136439, -44392.21851732952, 0.026000000000000002, 0.91, -0.374, 192.0, 0.0, 0.0, 0.0, 0.0, 0.0, 0.0, 0.0, 0.0, 0.0, 1.741279695321178E9, 0.0, 2025-03-06 10:48:15.321
163.0, -38617.19830241183, -44990.97704779828, -50401.37325541655, -49405.62539167707, -24179.468951161976, -27200.731897441376, -57379.45376389668, -44404.55668026885, 0.026000000000000002, 0.91, -0.374, 192.0, 0.0, 0.0, 0.0, 0.0, 0.0, 0.0, 0.0, 0.0, 0.0, 1.741279695321195E9, 0.0, 2025-03-06 10:48:15.321
164.0, -38618.60646231252, -44996.47557693429, -50407.721150841855, -49409.44753997893, -24212.437774233553, -27199.413144518512, -57380.92897903073, -44407.55181402586, 0.026000000000000002, 0.91, -0.374, 192.0, 0.0, 0.0, 0.0, 0.0, 0.0, 0.0, 0.0, 0.0, 0.0, 1.74127969538123E9, 0.0, 2025-03-06 10:48:15.381
165.0, -38606.15654065091, -44990.97704779828, -50401.216793205356, -49407.05590332221, -24215.298797523832, -27198.921406140496, -57377.91149352926, -44397.22530808751, 0.026000000000000002, 0.91, -0.374, 192.0, 0.0, 0.0, 0.0, 0.0, 0.0, 0.0, 0.0, 0.0, 0.0, 1.741279695381253E9, 0.0, 2025-03-06 10:48:15.381
166.0, -38602.93788944935, -44988.80892858612, -50399.98744726032, -49409.17931904546, -24161.766369553374, -27214.120592370105, -57386.51691514456, -44399.61694474422, 0.026000000000000002, 0.91, -0.374, 192.0, 0.0, 0.0, 0.0, 0.0, 0.0, 0.0, 0.0, 0.0, 0.0, 1.741279695381267E9, 0.0, 2025-03-06 10:48:15.381
167.0, -38602.64731677143, -44988.630114630476, -50397.238182692316, -49410.07338882368, -24165.052075988304, -27220.647301751054, -57388.34975818989, -44404.1319971242, 0.026000000000000002, 0.91, -0.374, 192.0, 0.0, 0.0, 0.0, 0.0, 0.0, 0.0, 0.0, 0.0, 0.0, 1.741279695381281E9, 0.0, 2025-03-06 10:48:15.381
168.0, -38604.63662202795, -44990.57471639809, -50396.99231350331, -49410.3639615016, -24201.17249502808, -27216.86985693811, -57380.54899937499, -44400.37690405571, 0.026000000000000002, 0.91, -0.374, 192.0, 0.0, 0.0, 0.0, 0.0, 0.0, 0.0, 0.0, 0.0, 0.0, 1.741279695381294E9, 0.0, 2025-03-06 10:48:15.381
169.0, -38598.422837069375, -44980.449376159835, -50389.191554688405, -49397.62346716207, -24229.380396530676, -27205.24694982135, -57368.34494690239, -44389.06692136132, 0.026000000000000002, 0.91, -0.374, 192.0, 0.0, 0.0, 0.0, 0.0, 0.0, 0.0, 0.0, 0.0, 0.0, 1.741279695381307E9, 0.0, 2025-03-06 10:48:15.381
170.0, -38598.5122440472, -44977.90127729193, -50387.6939878099, -49396.01414156129, -24190.82363734527, -27206.029260877283, -57373.77642080503, -44392.39733128516, 0.03, 0.914, -0.374, 192.0, 0.0, 240.0, 28.0, 144.0, 244.0, 80.0, 0.0, 0.0, 0.0, 1.741279695381321E9, 0.0, 2025-03-06 10:48:15.381
171.0, -38606.335354606555, -44985.03148377317, -50392.70077856789, -49403.43492072045, -24169.187148712535, -27218.255665094337, -57381.59953136439, -44396.420645287115, 0.03, 0.914, -0.374, 192.0, 0.0, 0.0, 0.0, 0.0, 0.0, 0.0, 0.0, 0.0, 0.0, 1.741279695381351E9, 0.0, 2025-03-06 10:48:15.381
172.0, -38586.24113634123, -44964.66904457439, -50375.31112138166, -49386.3581879566, -24225.737062184464, -27197.42383926199, -57367.09324921289, -44369.4197379851, 0.03, 0.914, -0.374, 192.0, 0.0, 0.0, 0.0, 0.0, 0.0, 0.0, 0.0, 0.0, 0.0, 1.741279695381369E9, 0.0, 2025-03-06 10:48:15.381
173.0, -38578.88741241544, -44962.210352684306, -50375.51228708176, -49387.11814726808, -24258.88469921168, -27194.451057249436, -57373.15057196029, -44365.61994142771, 0.03, 0.914, -0.374, 192.0, 0.0, 0.0, 0.0, 0.0, 0.0, 0.0, 0.0, 0.0, 0.0, 1.741279695381385E9, 0.0, 2025-03-06 10:48:15.381
174.0, -38581.61432523898, -44964.24436142974, -50383.603618574576, -49395.231830505356, -24233.962504144016, -27200.150752085538, -57381.085441241914, -44385.69180794857, 0.03, 0.914, -0.374, 192.0, 0.0, 0.0, 0.0, 0.0, 0.0, 0.0, 0.0, 0.0, 0.0, 1.741279695381403E9, 0.0, 2025-03-06 10:48:15.381
175.0, -38587.78340670865, -44971.39691965544, -50387.35871164307, -49399.05397880721, -24188.096724521725, -27205.13519109907, -57380.5937028639, -44402.83559594579, 0.03, 0.914, -0.374, 192.0, 0.0, 0.0, 0.0, 0.0, 0.0, 0.0, 0.0, 0.0, 0.0, 1.741279695381417E9, 0.0, 2025-03-06 10:48:15.381
176.0, -38572.070130356566, -44958.432907871356, -50369.67848177892, -49388.83923159113, -24245.071321138304, -27189.75719091382, -57366.713269557156, -44405.96484016953, 0.03, 0.914, -0.374, 192.0, 0.0, 0.0, 0.0, 0.0, 0.0, 0.0, 0.0, 0.0, 0.0, 1.741279695381431E9, 0.0, 2025-03-06 10:48:15.381
177.0, -38568.73972043273, -44956.93534099285, -50374.48410683681, -49392.415510703984, -24280.94587098907, -27185.599766445135, -57375.00576675007, -44388.597534727756, 0.03, 0.914, -0.374, 192.0, 0.0, 0.0, 0.0, 0.0, 0.0, 0.0, 0.0, 0.0, 0.0, 1.741279695381444E9, 0.0, 2025-03-06 10:48:15.381
178.0, -38570.7066739448, -44954.74487003623, -50380.85435400657, -49396.058845050204, -24250.03340840738, -27192.43940024846, -57380.97368251964, -44386.80939517134, 0.03, 0.914, -0.374, 192.0, 0.0, 0.0, 0.0, 0.0, 0.0, 0.0, 0.0, 0.0, 0.0, 1.74127969538146E9, 0.0, 2025-03-06 10:48:15.381
179.0, -38577.23338332574, -44958.611721827, -50387.76104304326, -49406.22888877737, -24195.383393214153, -27197.267377050804, -57381.75599357558, -44373.33129326478, 0.03, 0.914, -0.374, 192.0, 0.0, 0.0, 0.0, 0.0, 0.0, 0.0, 0.0, 0.0, 0.0, 1.741279695441443E9, 0.0, 2025-03-06 10:48:15.441
180.0, -38578.79800543762, -44952.12971593496, -50385.615275575554, -49394.24835374932, -24217.80219290283, -27190.38303975857, -57380.325481930435, -44389.44690101706, 0.034, 0.916, -0.37, 192.0, 1.0, 16.0, 28.0, 160.0, 244.0, 112.0, 0.0, 0.0, 0.0, 1.741279695441464E9, 0.0, 2025-03-06 10:48:15.441
181.0, -38580.809662438594, -44948.88871298894, -50386.01760697575, -49390.96264731439, -24247.3735508172, -27195.076906094186, -57381.19719996419, -44412.31273559484, 0.034, 0.916, -0.37, 192.0, 0.0, 0.0, 0.0, 0.0, 0.0, 0.0, 0.0, 0.0, 0.0, 1.74127969544148E9, 0.0, 2025-03-06 10:48:15.441
182.0, -38574.01473212418, -44945.93828272084, -50380.87670575103, -49395.097720038626, -24231.436757020565, -27188.19256880195, -57379.52081913005, -44415.084351907295, 0.034, 0.916, -0.37, 192.0, 0.0, 0.0, 0.0, 0.0, 0.0, 0.0, 0.0, 0.0, 0.0, 1.741279695441496E9, 0.0, 2025-03-06 10:48:15.441
183.0, -38572.33835129003, -44948.642843799935, -50382.35192088508, -49404.35134224312, -24171.668192347075, -27200.418973019, -57386.22634246664, -44403.282630834896, 0.034, 0.916, -0.37, 192.0, 0.0, 0.0, 0.0, 0.0, 0.0, 0.0, 0.0, 0.0, 0.0, 1.74127969544151E9, 0.0, 2025-03-06 10:48:15.441
184.0, -38577.032217625645, -44947.860532743995, -50384.83296451962, -49404.97719108787, -24186.040364031836, -27203.90584515403, -57384.952293032686, -44389.49160450597, 0.034, 0.916, -0.37, 192.0, 0.0, 0.0, 0.0, 0.0, 0.0, 0.0, 0.0, 0.0, 0.0, 1.741279695441523E9, 0.0, 2025-03-06 10:48:15.441
185.0, -38558.48026972774, -44931.789628480634, -50373.053595191675, -49389.77800485826, -24234.074262866292, -27198.072039851195, -57379.990205763606, -44382.093177091265, 0.034, 0.916, -0.37, 192.0, 0.0, 0.0, 0.0, 0.0, 0.0, 0.0, 0.0, 0.0, 0.0, 1.741279695441537E9, 0.0, 2025-03-06 10:48:15.441
186.0, -38547.81848762256, -44920.680811486345, -50368.04680443368, -49382.17841174346, -24233.80604193283, -27198.13909508456, -57375.69867082819, -44376.95227586655, 0.034, 0.916, -0.37, 192.0, 0.0, 0.0, 0.0, 0.0, 0.0, 0.0, 0.0, 0.0, 0.0, 1.741279695441563E9, 0.0, 2025-03-06 10:48:15.441
187.0, -38553.98756909223, -44922.6030615095, -50372.137173669005, -49387.38636820154, -24184.855721575706, -27197.848522406643, -57375.18458070572, -44379.96976136801, 0.034, 0.916, -0.37, 192.0, 0.0, 0.0, 0.0, 0.0, 0.0, 0.0, 0.0, 0.0, 0.0, 1.74127969544158E9, 0.0, 2025-03-06 10:48:15.441
188.0, -38558.72613891675, -44924.21238711028, -50375.78050801522, -49390.22503974737, -24195.22693100297, -27201.42480151949, -57378.246769696096, -44383.21076431403, 0.034, 0.916, -0.37, 192.0, 0.0, 0.0, 0.0, 0.0, 0.0, 0.0, 0.0, 0.0, 0.0, 1.741279695441596E9, 0.0, 2025-03-06 10:48:15.441
189.0, -38554.032272581135, -44919.09383763002, -50370.34903411258, -49377.596304130115, -24208.12388755368, -27201.268339308303, -57384.61701686586, -44398.29819182136, 0.034, 0.916, -0.37, 192.0, 0.0, 0.0, 0.0, 0.0, 0.0, 0.0, 0.0, 0.0, 0.0, 1.741279695441611E9, 0.0, 2025-03-06 10:48:15.441
190.0, -38544.06339455407, -44908.47675901375, -50359.35197584057, -49364.52053362376, -24218.919780125594, -27194.67457469399, -57376.011595250566, -44374.53828746537, 0.028, 0.912, -0.37, 192.0, 0.0, 224.0, 28.0, 128.0, 244.0, 112.0, 0.0, 0.0, 0.0, 1.741279695441625E9, 0.0, 2025-03-06 10:48:15.441
191.0, -38545.29274049911, -44917.596270751514, -50366.616292788545, -49373.43887966143, -24172.808131314294, -27200.53073174128, -57380.9960342641, -44375.521764221405, 0.028, 0.912, -0.37, 192.0, 0.0, 0.0, 0.0, 0.0, 0.0, 0.0, 0.0, 0.0, 0.0, 1.741279695441639E9, 0.0, 2025-03-06 10:48:15.441
192.0, -38546.16445853287, -44921.84310219802, -50363.86702822054, -49372.52245813876, -24158.435959629533, -27197.446191006446, -57383.767650576556, -44375.387653754675, 0.028, 0.912, -0.37, 192.0, 0.0, 0.0, 0.0, 0.0, 0.0, 0.0, 0.0, 0.0, 0.0, 1.741279695441653E9, 0.0, 2025-03-06 10:48:15.441
193.0, -38534.22862699373, -44910.44371252581, -50349.62896700251, -49357.97147249836, -24211.65546317762, -27187.365554257103, -57371.3400806594, -44358.91441809111, 0.028, 0.912, -0.37, 192.0, 0.0, 0.0, 0.0, 0.0, 0.0, 0.0, 0.0, 0.0, 0.0, 1.741279695441669E9, 0.0, 2025-03-06 10:48:15.441
194.0, -38526.11494375646, -44904.118168844965, -50345.44919078937, -49352.517646851265, -24240.80213794734, -27178.08958030815, -57363.80754277796, -44340.071897515285, 0.028, 0.912, -0.37, 192.0, 0.0, 0.0, 0.0, 0.0, 0.0, 0.0, 0.0, 0.0, 0.0, 1.741279695501796E9, 0.0, 2025-03-06 10:48:15.501
195.0, -38529.75827810267, -44907.13565434643, -50351.864141448044, -49357.457382375884, -24182.84406457473, -27180.548272198233, -57368.43435388021, -44320.89410077263, 0.028, 0.912, -0.37, 192.0, 0.0, 0.0, 0.0, 0.0, 0.0, 0.0, 0.0, 0.0, 0.0, 1.741279695501818E9, 0.0, 2025-03-06 10:48:15.501
196.0, -38537.894313084405, -44912.902404415894, -50354.81457171614, -49358.06087947618, -24161.967535253472, -27183.543405955246, -57368.12142945784, -44352.387708710165, 0.028, 0.912, -0.37, 192.0, 0.0, 0.0, 0.0, 0.0, 0.0, 0.0, 0.0, 0.0, 0.0, 1.741279695501832E9, 0.0, 2025-03-06 10:48:15.501
197.0, -38539.59304566301, -44911.42718928184, -50348.95841466885, -49351.57887358414, -24199.607872916207, -27172.792216872243, -57364.321632900435, -44354.15349652213, 0.028, 0.912, -0.37, 192.0, 0.0, 0.0, 0.0, 0.0, 0.0, 0.0, 0.0, 0.0, 0.0, 1.741279695501846E9, 0.0, 2025-03-06 10:48:15.501
198.0, -38535.7485456167, -44909.25907006968, -50347.81847570163, -49352.67410906245, -24223.50188773893, -27169.081827292663, -57362.35467938837, -44350.93484532057, 0.028, 0.912, -0.37, 192.0, 0.0, 0.0, 0.0, 0.0, 0.0, 0.0, 0.0, 0.0, 0.0, 1.741279695501859E9, 0.0, 2025-03-06 10:48:15.501
199.0, -38544.890409098916, -44916.74690446221, -50359.86606596304, -49362.46417313387, -24184.363983197687, -27175.18385352896, -57360.67829855422, -44345.70453711803, 0.028, 0.912, -0.37, 192.0, 0.0, 0.0, 0.0, 0.0, 0.0, 0.0, 0.0, 0.0, 0.0, 1.741279695501873E9, 0.0, 2025-03-06 10:48:15.501
200.0, -38546.23151376623, -44917.28334632914, -50354.792219971685, -49361.90537952249, -24160.02293348586, -27170.914670337996, -57362.06410671045, -44374.09125257627, 0.028, 0.912, -0.372, 192.0, 0.0, 224.0, 28.0, 128.0, 244.0, 96.0, 0.0, 0.0, 0.0, 1.741279695501886E9, 0.0, 2025-03-06 10:48:15.501
201.0, -38527.45604842377, -44904.18522407833, -50338.11781860803, -49353.59053058512, -24225.692358695553, -27154.37437944107, -57358.867807253344, -44376.080557832785, 0.028, 0.912, -0.372, 192.0, 0.0, 0.0, 0.0, 0.0, 0.0, 0.0, 0.0, 0.0, 0.0, 1.741279695501914E9, 0.0, 2025-03-06 10:48:15.501
202.0, -38522.024574521136, -44897.99379086421, -50338.60955698604, -49348.22611191584, -24242.679684481584, -27149.47934740536, -57360.20891192066, -44361.887200103665, 0.028, 0.912, -0.372, 192.0, 0.0, 0.0, 0.0, 0.0, 0.0, 0.0, 0.0, 0.0, 0.0, 1.741279695501931E9, 0.0, 2025-03-06 10:48:15.501
203.0, -38523.29862395509, -44895.78096816313, -50342.72227796582, -49349.58956832762, -24207.52039045339, -27159.31411496569, -57356.3867636188, -44358.51208669091, 0.028, 0.912, -0.372, 192.0, 0.0, 0.0, 0.0, 0.0, 0.0, 0.0, 0.0, 0.0, 0.0, 1.741279695501947E9, 0.0, 2025-03-06 10:48:15.501
204.0, -38530.697051369796, -44905.928660145844, -50353.27230134873, -49358.28439692073, -24166.080256233246, -27163.493891178834, -57359.11367644235, -44351.80656335432, 0.028, 0.912, -0.372, 192.0, 0.0, 0.0, 0.0, 0.0, 0.0, 0.0, 0.0, 0.0, 0.0, 1.74127969550196E9, 0.0, 2025-03-06 10:48:15.501
205.0, -38536.128525272434, -44909.97432589225, -50354.34518508258, -49363.33589116763, -24193.014108301893, -27169.148882526028, -57360.745353787584, -44346.88917957416, 0.028, 0.912, -0.372, 192.0, 0.0, 0.0, 0.0, 0.0, 0.0, 0.0, 0.0, 0.0, 0.0, 1.741279695501974E9, 0.0, 2025-03-06 10:48:15.501
206.0, -38526.78549609012, -44899.02197110915, -50344.935100666895, -49355.95981549738, -24222.94309412755, -27162.555117911714, -57351.335269371906, -44343.514066161406, 0.028, 0.912, -0.372, 192.0, 0.0, 0.0, 0.0, 0.0, 0.0, 0.0, 0.0, 0.0, 0.0, 1.741279695501988E9, 0.0, 2025-03-06 10:48:15.501
207.0, -38519.00708901967, -44891.802357650085, -50344.86804543353, -49355.26691141927, -24190.421305945078, -27163.51624292329, -57352.83283625041, -44340.3177667043, 0.028, 0.912, -0.372, 192.0, 0.0, 0.0, 0.0, 0.0, 0.0, 0.0, 0.0, 0.0, 0.0, 1.741279695502002E9, 0.0, 2025-03-06 10:48:15.502
208.0, -38515.76608607365, -44891.15415706088, -50340.19653084237, -49357.39032714252, -24148.73530253593, -27168.8136063592, -57345.14383615778, -44315.395571636625, 0.028, 0.912, -0.372, 192.0, 0.0, 0.0, 0.0, 0.0, 0.0, 0.0, 0.0, 0.0, 0.0, 1.741279695502024E9, 0.0, 2025-03-06 10:48:15.502
209.0, -38521.465780909755, -44897.189128063816, -50341.42587678741, -49360.18429519943, -24170.327087679754, -27166.779597613764, -57344.00389719056, -44337.412039925104, 0.028, 0.912, -0.372, 192.0, 0.0, 0.0, 0.0, 0.0, 0.0, 0.0, 0.0, 0.0, 0.0, 1.741279695561949E9, 0.0, 2025-03-06 10:48:15.561
210.0, -38512.54743487209, -44883.17458429034, -50329.60180397055, -49341.85586474608, -24217.824544647283, -27157.727141109364, -57343.89213846828, -44357.19333376805, 0.026000000000000002, 0.918, -0.38, 192.0, 0.0, 208.0, 28.0, 176.0, 244.0, 32.0, 0.0, 0.0, 0.0, 1.741279695561972E9, 0.0, 2025-03-06 10:48:15.561
211.0, -38512.21215870525, -44883.66632266835, -50333.02162087222, -49345.14157118101, -24200.054907805315, -27168.38892321455, -57345.70262976916, -44349.236112741964, 0.026000000000000002, 0.918, -0.38, 192.0, 0.0, 0.0, 0.0, 0.0, 0.0, 0.0, 0.0, 0.0, 0.0, 1.741279695561988E9, 0.0, 2025-03-06 10:48:15.561
212.0, -38500.05280972157, -44879.97828483323, -50322.00221085575, -49338.9948414558, -24166.54964286681, -27157.682437620457, -57338.72888549911, -44342.82116208329, 0.026000000000000002, 0.918, -0.38, 192.0, 0.0, 0.0, 0.0, 0.0, 0.0, 0.0, 0.0, 0.0, 0.0, 1.741279695562001E9, 0.0, 2025-03-06 10:48:15.562
213.0, -38507.67475458083, -44884.672151168845, -50328.238347558785, -49345.20862641438, -24172.517558636377, -27161.102254522117, -57341.92518495622, -44334.03692651235, 0.026000000000000002, 0.918, -0.38, 192.0, 0.0, 0.0, 0.0, 0.0, 0.0, 0.0, 0.0, 0.0, 0.0, 1.741279695562014E9, 0.0, 2025-03-06 10:48:15.562
214.0, -38506.33364991351, -44881.00646507817, -50327.09840859156, -49340.60416705658, -24211.23078003297, -27155.08963526364, -57337.343077342884, -44335.15451373512, 0.026000000000000002, 0.918, -0.38, 192.0, 0.0, 0.0, 0.0, 0.0, 0.0, 0.0, 0.0, 0.0, 0.0, 1.741279695562028E9, 0.0, 2025-03-06 10:48:15.562
215.0, -38501.70683881126, -44881.14057554491, -50322.27043178921, -49339.48657983382, -24210.15789629911, -27151.267486961784, -57333.74444648558, -44335.66860385759, 0.026000000000000002, 0.918, -0.38, 192.0, 0.0, 0.0, 0.0, 0.0, 0.0, 0.0, 0.0, 0.0, 0.0, 1.741279695562041E9, 0.0, 2025-03-06 10:48:15.562
216.0, -38508.166492958844, -44888.2931337706, -50331.18877782688, -49345.05216420319, -24146.701293790495, -27152.653295118012, -57338.170091887725, -44350.19723775354, 0.026000000000000002, 0.918, -0.38, 192.0, 0.0, 0.0, 0.0, 0.0, 0.0, 0.0, 0.0, 0.0, 0.0, 1.741279695562054E9, 0.0, 2025-03-06 10:48:15.562
217.0, -38513.59796686148, -44890.684770427324, -50330.80879817114, -49337.20670189938, -24131.39034883861, -27144.539611880737, -57339.89117621079, -44338.50727540342, 0.026000000000000002, 0.918, -0.38, 192.0, 0.0, 0.0, 0.0, 0.0, 0.0, 0.0, 0.0, 0.0, 0.0, 1.741279695562086E9, 0.0, 2025-03-06 10:48:15.562
218.0, -38515.07318199553, -44883.17458429034, -50324.885585890486, -49329.89768146249, -24172.942241781027, -27137.409405399492, -57312.644399719764, -44300.33049587375, 0.026000000000000002, 0.918, -0.38, 192.0, 0.0, 0.0, 0.0, 0.0, 0.0, 0.0, 0.0, 0.0, 0.0, 1.7412796955621E9, 0.0, 2025-03-06 10:48:15.562
219.0, -38503.87495802343, -44877.25137200968, -50324.99734461276, -49328.19894888389, -24195.808076358808, -27129.60864658459, -57247.489064632544, -44340.63069112667, 0.026000000000000002, 0.918, -0.38, 192.0, 0.0, 0.0, 0.0, 0.0, 0.0, 0.0, 0.0, 0.0, 0.0, 1.741279695562116E9, 0.0, 2025-03-06 10:48:15.562
220.0, -38482.461986835246, -44862.94625555829, -50321.28695503318, -49319.07943714612, -24155.172604939056, -27118.85745750159, -57217.314209617885, -44341.70357486053, 0.026000000000000002, 0.906, -0.392, 192.0, 0.0, 208.0, 28.0, 80.0, 243.0, 192.0, 0.0, 0.0, 0.0, 1.74127969556213E9, 0.0, 2025-03-06 10:48:15.562
221.0, -38480.87501297892, -44860.46521192374, -50323.81270215663, -49326.61197502756, -24142.186241410524, -27122.657254058988, -57225.67376204416, -44342.19531323854, 0.026000000000000002, 0.906, -0.392, 192.0, 0.0, 0.0, 0.0, 0.0, 0.0, 0.0, 0.0, 0.0, 0.0, 1.741279695562145E9, 0.0, 2025-03-06 10:48:15.562
222.0, -38478.4833763222, -44862.387461946906, -50321.82339690011, -49326.634326772015, -24176.563224382786, -27122.32197789216, -57226.8584045003, -44356.925112834586, 0.026000000000000002, 0.906, -0.392, 192.0, 0.0, 0.0, 0.0, 0.0, 0.0, 0.0, 0.0, 0.0, 0.0, 1.741279695562158E9, 0.0, 2025-03-06 10:48:15.562
223.0, -38469.38621632889, -44855.05608976556, -50310.602821183544, -49319.34765807959, -24209.062660820804, -27123.93130349294, -57213.82733748286, -44342.55294114983, 0.026000000000000002, 0.906, -0.392, 192.0, 0.0, 0.0, 0.0, 0.0, 0.0, 0.0, 0.0, 0.0, 0.0, 1.741279695562175E9, 0.0, 2025-03-06 10:48:15.562
224.0, -38472.582515785994, -44857.69359561129, -50319.38705675448, -49330.50117856279, -24185.615680887186, -27131.866172774575, -57211.27923861495, -44316.736676303946, 0.026000000000000002, 0.906, -0.392, 192.0, 0.0, 0.0, 0.0, 0.0, 0.0, 0.0, 0.0, 0.0, 0.0, 1.741279695621348E9, 0.0, 2025-03-06 10:48:15.621
225.0, -38475.57764954301, -44856.97833978872, -50317.755379409246, -49322.25338485878, -24161.185224197536, -27131.910876263486, -57215.14609040572, -44334.77453407938, 0.026000000000000002, 0.906, -0.392, 192.0, 0.0, 0.0, 0.0, 0.0, 0.0, 0.0, 0.0, 0.0, 0.0, 1.74127969562137E9, 0.0, 2025-03-06 10:48:15.621
226.0, -38477.85752747745, -44856.844229321985, -50313.262678773724, -49313.983239410314, -24197.84208510424, -27123.663082559477, -57213.06737817137, -44340.563635893304, 0.026000000000000002, 0.906, -0.392, 192.0, 0.0, 0.0, 0.0, 0.0, 0.0, 0.0, 0.0, 0.0, 0.0, 1.741279695621384E9, 0.0, 2025-03-06 10:48:15.621
227.0, -38479.3327426115, -44858.252389222675, -50313.262678773724, -49320.15232087998, -24226.899352896136, -27129.474536117857, -57211.59216303733, -44328.94072877654, 0.026000000000000002, 0.906, -0.392, 192.0, 0.0, 0.0, 0.0, 0.0, 0.0, 0.0, 0.0, 0.0, 0.0, 1.741279695621398E9, 0.0, 2025-03-06 10:48:15.621
228.0, -38477.81282398854, -44865.11437477045, -50320.37053351051, -49335.68678327642, -24208.056832320315, -27136.358873410092, -57213.26854387147, -44309.07002795578, 0.026000000000000002, 0.906, -0.392, 192.0, 0.0, 0.0, 0.0, 0.0, 0.0, 0.0, 0.0, 0.0, 0.0, 1.741279695621411E9, 0.0, 2025-03-06 10:48:15.621
229.0, -38486.88763223739, -44879.17362203284, -50333.334545294594, -49346.16975142596, -24170.215328957478, -27138.526992622257, -57222.343352120326, -44337.18852248055, 0.026000000000000002, 0.906, -0.392, 192.0, 0.0, 0.0, 0.0, 0.0, 0.0, 0.0, 0.0, 0.0, 0.0, 1.741279695621425E9, 0.0, 2025-03-06 10:48:15.621
230.0, -38487.84875724897, -44872.60220916298, -50330.38411502649, -49333.9433472089, -24202.267730506388, -27138.079957733153, -57215.59312529482, -44352.030080798875, 0.026000000000000002, 0.906, -0.382, 192.0, 0.0, 208.0, 28.0, 80.0, 244.0, 16.0, 0.0, 0.0, 0.0, 1.741279695621438E9, 0.0, 2025-03-06 10:48:15.621
231.0, -38480.15975715635, -44860.66637762384, -50318.85061488755, -49328.78009423973, -24243.41729204861, -27143.623190358066, -57212.17330839316, -44320.156493205606, 0.026000000000000002, 0.906, -0.382, 192.0, 0.0, 0.0, 0.0, 0.0, 0.0, 0.0, 0.0, 0.0, 0.0, 1.741279695621453E9, 0.0, 2025-03-06 10:48:15.621
232.0, -38476.60582978795, -44853.424412420325, -50316.81660614212, -49326.008477927266, -24235.571829744797, -27146.953600281908, -57209.28993335843, -44320.13414146115, 0.026000000000000002, 0.906, -0.382, 192.0, 0.0, 0.0, 0.0, 0.0, 0.0, 0.0, 0.0, 0.0, 0.0, 1.741279695621477E9, 0.0, 2025-03-06 10:48:15.621
233.0, -38479.1315769114, -44853.62557812042, -50312.078036317595, -49316.37487606703, -24195.070468791782, -27135.598914098613, -57208.73113974705, -44347.82795284128, 0.026000000000000002, 0.906, -0.382, 192.0, 0.0, 0.0, 0.0, 0.0, 0.0, 0.0, 0.0, 0.0, 0.0, 1.741279695621496E9, 0.0, 2025-03-06 10:48:15.621
234.0, -38481.07617867901, -44856.844229321985, -50310.58046943909, -49320.50994879126, -24223.658349950118, -27139.17519321146, -57205.87011645677, -44330.371240421686, 0.026000000000000002, 0.906, -0.382, 192.0, 0.0, 0.0, 0.0, 0.0, 0.0, 0.0, 0.0, 0.0, 0.0, 1.741279695621513E9, 0.0, 2025-03-06 10:48:15.621
235.0, -38478.63983853338, -44857.626540377925, -50313.01680958472, -49325.13675989351, -24261.678667268596, -27141.879754290552, -57213.35795084929, -44330.90768228861, 0.026000000000000002, 0.906, -0.382, 192.0, 0.0, 0.0, 0.0, 0.0, 0.0, 0.0, 0.0, 0.0, 0.0, 1.741279695621526E9, 0.0, 2025-03-06 10:48:15.621
236.0, -38470.146175640366, -44851.39040367489, -50308.56881243811, -49316.19606211139, -24267.221899893513, -27128.356948895093, -57219.83995674133, -44340.60833938221, 0.026000000000000002, 0.906, -0.382, 192.0, 0.0, 0.0, 0.0, 0.0, 0.0, 0.0, 0.0, 0.0, 0.0, 1.74127969562154E9, 0.0, 2025-03-06 10:48:15.621
237.0, -38471.062597163036, -44855.59253163249, -50306.66891415941, -49311.85982368706, -24213.51065796741, -27122.254922658794, -57218.54355556292, -44325.07387698578, 0.026000000000000002, 0.906, -0.382, 192.0, 0.0, 0.0, 0.0, 0.0, 0.0, 0.0, 0.0, 0.0, 0.0, 1.741279695621553E9, 0.0, 2025-03-06 10:48:15.621
238.0, -38482.37257985742, -44869.1376887724, -50313.977934596296, -49323.28156510372, -24221.177306315578, -27129.966274495873, -57224.33265737685, -44325.8114845528, 0.026000000000000002, 0.906, -0.382, 192.0, 0.0, 0.0, 0.0, 0.0, 0.0, 0.0, 0.0, 0.0, 0.0, 1.741279695621569E9, 0.0, 2025-03-06 10:48:15.621
239.0, -38474.258896620144, -44868.98122656122, -50309.82051012761, -49324.01917267075, -24259.46584456752, -27130.659178573987, -57224.51147133249, -44334.93099629057, 0.026000000000000002, 0.906, -0.382, 192.0, 0.0, 0.0, 0.0, 0.0, 0.0, 0.0, 0.0, 0.0, 0.0, 1.74127969568113E9, 0.0, 2025-03-06 10:48:15.681
240.0, -38464.91586743783, -44866.701348626775, -50307.00419032624, -49324.71207674886, -24271.401676106656, -27123.886600004033, -57219.549384063415, -44311.30520240131, 0.02, 0.912, -0.38, 192.0, 0.0, 160.0, 28.0, 128.0, 244.0, 32.0, 0.0, 0.0, 0.0, 1.741279695681153E9, 0.0, 2025-03-06 10:48:15.681
241.0, -38478.99746644467, -44876.02202606464, -50321.35401026655, -49337.20670189938, -24210.493172465944, -27144.89723979202, -57220.42110209717, -44282.2032311205, 0.02, 0.912, -0.38, 192.0, 0.0, 0.0, 0.0, 0.0, 0.0, 0.0, 0.0, 0.0, 0.0, 1.741279695681169E9, 0.0, 2025-03-06 10:48:15.681
242.0, -38474.03537917559, -44861.247522979684, -50307.272411259706, -49318.36418132355, -24224.55241972833, -27137.23059144385, -57211.770976992964, -44331.17590322207, 0.02, 0.912, -0.38, 192.0, 0.0, 0.0, 0.0, 0.0, 0.0, 0.0, 0.0, 0.0, 0.0, 1.741279695681182E9, 0.0, 2025-03-06 10:48:15.681
243.0, -38470.19087912928, -44855.30195895457, -50296.09653903205, -49299.47695725882, -24260.829300979294, -27115.907027233487, -57207.881773457746, -44350.93484532057, 0.02, 0.912, -0.38, 192.0, 0.0, 0.0, 0.0, 0.0, 0.0, 0.0, 0.0, 0.0, 0.0, 1.741279695681196E9, 0.0, 2025-03-06 10:48:15.681
244.0, -38472.940143697284, -44859.59349388999, -50299.31519023362, -49307.99297189629, -24278.71069654354, -27118.45512610139, -57199.58927626482, -44327.845493298235, 0.02, 0.912, -0.38, 192.0, 0.0, 0.0, 0.0, 0.0, 0.0, 0.0, 0.0, 0.0, 0.0, 1.74127969568121E9, 0.0, 2025-03-06 10:48:15.681
245.0, -38472.180184385805, -44864.622636392436, -50300.09750128955, -49314.07264638814, -24232.442585521054, -27116.734041778334, -57199.09753788681, -44323.86688278519, 0.02, 0.912, -0.38, 192.0, 0.0, 0.0, 0.0, 0.0, 0.0, 0.0, 0.0, 0.0, 0.0, 1.741279695681223E9, 0.0, 2025-03-06 10:48:15.681
246.0, -38469.76619598463, -44860.17463924583, -50292.25203898574, -49305.06489337265, -24218.18217255857, -27117.8516290011, -57199.36575882027, -44315.84260652574, 0.02, 0.912, -0.38, 192.0, 0.0, 0.0, 0.0, 0.0, 0.0, 0.0, 0.0, 0.0, 0.0, 1.741279695681237E9, 0.0, 2025-03-06 10:48:15.681
247.0, -38454.52230626611, -44845.243673949684, -50281.5679051361, -49295.408939767956, -24280.588243077786, -27108.84387598561, -57186.31234005837, -44287.992332934424, 0.02, 0.912, -0.38, 192.0, 0.0, 0.0, 0.0, 0.0, 0.0, 0.0, 0.0, 0.0, 0.0, 1.741279695681262E9, 0.0, 2025-03-06 10:48:15.681
248.0, -38452.242428331665, -44838.739316313186, -50282.68549235887, -49292.61497171104, -24286.064420469334, -27106.876922473544, -57188.636921481724, -44294.653152782106, 0.02, 0.912, -0.38, 192.0, 0.0, 0.0, 0.0, 0.0, 0.0, 0.0, 0.0, 0.0, 0.0, 1.741279695681279E9, 0.0, 2025-03-06 10:48:15.681
249.0, -38448.62144572991, -44827.71990629672, -50280.964408035805, -49287.11644257503, -24254.861385209726, -27102.563035793668, -57187.34052030332, -44293.647324281614, 0.02, 0.912, -0.38, 192.0, 0.0, 0.0, 0.0, 0.0, 0.0, 0.0, 0.0, 0.0, 0.0, 1.741279695681297E9, 0.0, 2025-03-06 10:48:15.681
250.0, -38452.30948356503, -44828.50221735266, -50283.557210392624, -49286.021207096725, -24237.449376279044, -27104.239416627817, -57180.79145917791, -44295.92720221606, 0.022, 0.914, -0.376, 192.0, 0.0, 176.0, 28.0, 144.0, 244.0, 64.0, 0.0, 0.0, 0.0, 1.741279695681311E9, 0.0, 2025-03-06 10:48:15.681
251.0, -38458.21034410124, -44826.512912096136, -50289.88275407348, -49282.109651817045, -24282.979879734503, -27097.55624503568, -57175.918778886655, -44298.60941155069, 0.022, 0.914, -0.376, 192.0, 0.0, 0.0, 0.0, 0.0, 0.0, 0.0, 0.0, 0.0, 0.0, 1.741279695681326E9, 0.0, 2025-03-06 10:48:15.681
252.0, -38461.85367844745, -44832.01144123214, -50297.14707102145, -49293.643151955985, -24314.607598138762, -27102.943015449408, -57188.9498459041, -44303.638554053134, 0.022, 0.914, -0.376, 192.0, 0.0, 0.0, 0.0, 0.0, 0.0, 0.0, 0.0, 0.0, 0.0, 1.741279695681339E9, 0.0, 2025-03-06 10:48:15.681
253.0, -38452.68946322078, -44831.050316220564, -50283.870134815, -49293.441986255886, -24281.75053378946, -27099.612605525566, -57185.57473249135, -44278.559896774284, 0.022, 0.914, -0.376, 192.0, 0.0, 0.0, 0.0, 0.0, 0.0, 0.0, 0.0, 0.0, 0.0, 1.741279695681356E9, 0.0, 2025-03-06 10:48:15.681
254.0, -38454.09762312146, -44834.49248486668, -50288.318131961605, -49299.07462585862, -24223.50188773893, -27110.073221930652, -57190.536819760426, -44270.200344348, 0.022, 0.914, -0.376, 192.0, 0.0, 0.0, 0.0, 0.0, 0.0, 0.0, 0.0, 0.0, 0.0, 1.741279695741512E9, 0.0, 2025-03-06 10:48:15.741
255.0, -38463.1277278814, -44838.89577852438, -50290.48625117377, -49302.40503578247, -24242.053835636838, -27116.331710378137, -57194.38131980674, -44270.33445481473, 0.022, 0.914, -0.376, 192.0, 0.0, 0.0, 0.0, 0.0, 0.0, 0.0, 0.0, 0.0, 0.0, 1.741279695741535E9, 0.0, 2025-03-06 10:48:15.741
0.0, -38450.32017830851, -44830.916205753834, -50279.33273069057, -49293.06200660014, -24281.683478556097, -27110.766126008766, -57180.255017310985, -44282.963190431976, 0.022, 0.914, -0.376, 192.0, 0.0, 0.0, 0.0, 0.0, 0.0, 0.0, 0.0, 0.0, 0.0, 1.74127969574155E9, 0.0, 2025-03-06 10:48:15.741
1.0, -38431.67882343278, -44817.326345125, -50263.57475084958, -49274.73357614679, -24287.85256002576, -27094.717573489856, -57177.37164227625, -44317.38487689315, 0.022, 0.914, -0.376, 192.0, 0.0, 0.0, 0.0, 0.0, 0.0, 0.0, 0.0, 0.0, 0.0, 1.741279695741563E9, 0.0, 2025-03-06 10:48:15.741
2.0, -38440.23954155917, -44829.239824919685, -50272.96248352081, -49296.19125082389, -24241.293876325355, -27094.069372900653, -57182.57959873434, -44292.64149578113, 0.022, 0.914, -0.376, 192.0, 0.0, 0.0, 0.0, 0.0, 0.0, 0.0, 0.0, 0.0, 0.0, 1.741279695741577E9, 0.0, 2025-03-06 10:48:15.741
3.0, -38449.78373644158, -44838.180522701805, -50278.99745452374, -49295.94538163488, -24262.19275739107, -27102.36187009357, -57181.64082546721, -44285.31012359978, 0.022, 0.914, -0.376, 192.0, 0.0, 0.0, 0.0, 0.0, 0.0, 0.0, 0.0, 0.0, 0.0, 1.74127969574159E9, 0.0, 2025-03-06 10:48:15.741
4.0, -38448.397928285354, -44833.576063344015, -50272.515448631704, -49286.40118675247, -24296.927368274613, -27095.58929152361, -57177.70691844308, -44298.967039461975, 0.028, 0.916, -0.372, 192.0, 0.0, 224.0, 28.0, 160.0, 244.0, 96.0, 0.0, 0.0, 0.0, 1.741279695741603E9, 0.0, 2025-03-06 10:48:15.741
5.0, -38451.191896342265, -44833.37489764392, -50275.152954477424, -49289.55278272066, -24279.403600621656, -27101.244282870804, -57183.36190979027, -44298.31883887277, 0.028, 0.916, -0.372, 192.0, 0.0, 0.0, 0.0, 0.0, 0.0, 0.0, 0.0, 0.0, 0.0, 1.741279695741618E9, 0.0, 2025-03-06 10:48:15.741
6.0, -38450.65545447534, -44831.13972319839, -50276.851687056034, -49286.5352972192, -24233.336655299267, -27102.965367193865, -57182.87017141225, -44287.232373622945, 0.028, 0.916, -0.372, 192.0, 0.0, 0.0, 0.0, 0.0, 0.0, 0.0, 0.0, 0.0, 0.0, 1.741279695741646E9, 0.0, 2025-03-06 10:48:15.741
7.0, -38458.679730734795, -44836.6829558233, -50278.66217835691, -49285.97650360782, -24240.93624841407, -27104.41823058346, -57181.55141848939, -44289.109920157185, 0.028, 0.916, -0.372, 192.0, 0.0, 0.0, 0.0, 0.0, 0.0, 0.0, 0.0, 0.0, 0.0, 1.741279695741663E9, 0.0, 2025-03-06 10:48:15.741
8.0, -38448.48733526318, -44830.75974354264, -50269.81088755261, -49279.42744248241, -24300.86127529875, -27093.197654866894, -57175.11411608626, -44280.39273981962, 0.028, 0.916, -0.372, 192.0, 0.0, 0.0, 0.0, 0.0, 0.0, 0.0, 0.0, 0.0, 0.0, 1.741279695741682E9, 0.0, 2025-03-06 10:48:15.741
9.0, -38446.49803000665, -44838.44874363527, -50272.023710253685, -49284.4342332404, -24290.624176338217, -27096.08102990163, -57179.58446497732, -44280.19157411952, 0.028, 0.916, -0.372, 192.0, 0.0, 0.0, 0.0, 0.0, 0.0, 0.0, 0.0, 0.0, 0.0, 1.741279695741695E9, 0.0, 2025-03-06 10:48:15.741
10.0, -38442.742936938164, -44838.44874363527, -50269.98970150825, -49284.8812681295, -24250.949829930047, -27094.6952217454, -57176.25405505348, -44260.723204698945, 0.028, 0.916, -0.372, 192.0, 0.0, 0.0, 0.0, 0.0, 0.0, 0.0, 0.0, 0.0, 0.0, 1.741279695741713E9, 0.0, 2025-03-06 10:48:15.741
11.0, -38444.84400091696, -44840.0357174916, -50267.30749217361, -49279.025111082214, -24258.03533292238, -27084.592233251602, -57169.973214861544, -44259.44915526499, 0.028, 0.916, -0.372, 192.0, 0.0, 0.0, 0.0, 0.0, 0.0, 0.0, 0.0, 0.0, 0.0, 1.741279695741726E9, 0.0, 2025-03-06 10:48:15.741
12.0, -38436.41739325731, -44830.20094993126, -50257.495076357736, -49268.6315499105, -24322.43070869812, -27077.082047114618, -57160.808999634864, -44283.946667188015, 0.028, 0.916, -0.372, 192.0, 0.0, 0.0, 0.0, 0.0, 0.0, 0.0, 0.0, 0.0, 0.0, 1.741279695741739E9, 0.0, 2025-03-06 10:48:15.741
13.0, -38449.26964631911, -44844.64017684939, -50272.582503865066, -49283.1825355509, -24308.684385858105, -27081.8429686836, -57171.82840965133, -44269.127460614145, 0.028, 0.916, -0.372, 192.0, 0.0, 0.0, 0.0, 0.0, 0.0, 0.0, 0.0, 0.0, 0.0, 1.741279695801544E9, 0.0, 2025-03-06 10:48:15.801
14.0, -38450.38723354188, -44848.64113910689, -50280.00328302423, -49292.033826355204, -24247.59706826175, -27091.230701354827, -57179.271540554946, -44285.891268955624, 0.028, 0.912, -0.378, 192.0, 0.0, 224.0, 28.0, 128.0, 244.0, 48.0, 0.0, 0.0, 0.0, 1.741279695801568E9, 0.0, 2025-03-06 10:48:15.801
15.0, -38448.3755765409, -44844.84134254949, -50274.415346910406, -49278.265151770735, -24230.36387328671, -27076.947936647888, -57174.48826724151, -44299.190556906535, 0.028, 0.912, -0.378, 192.0, 0.0, 0.0, 0.0, 0.0, 0.0, 0.0, 0.0, 0.0, 0.0, 1.741279695801584E9, 0.0, 2025-03-06 10:48:15.801
16.0, -38448.59909398545, -44840.549807614065, -50275.75645157772, -49281.99789309477, -24272.586318562786, -27086.670945485945, -57172.65542419618, -44276.16826011756, 0.028, 0.912, -0.378, 192.0, 0.0, 0.0, 0.0, 0.0, 0.0, 0.0, 0.0, 0.0, 0.0, 1.741279695801598E9, 0.0, 2025-03-06 10:48:15.801
17.0, -38449.940198652774, -44833.7325255552, -50277.7681085787, -49276.74523314777, -24294.781600806906, -27085.59806175209, -57175.561150975365, -44295.748388260414, 0.028, 0.912, -0.378, 192.0, 0.0, 0.0, 0.0, 0.0, 0.0, 0.0, 0.0, 0.0, 0.0, 1.741279695801611E9, 0.0, 2025-03-06 10:48:15.801
18.0, -38437.646739202355, -44827.51874059662, -50272.22487595378, -49273.81715462413, -24257.65535326664, -27078.289041315205, -57181.707880700575, -44292.61914403667, 0.028, 0.912, -0.378, 192.0, 0.0, 0.0, 0.0, 0.0, 0.0, 0.0, 0.0, 0.0, 0.0, 1.741279695801625E9, 0.0, 2025-03-06 10:48:15.801
19.0, -38435.59037871246, -44833.03962147709, -50273.09659398754, -49279.449794226864, -24227.07816685178, -27083.586404751113, -57179.830334166334, -44264.657111723085, 0.028, 0.912, -0.378, 192.0, 0.0, 0.0, 0.0, 0.0, 0.0, 0.0, 0.0, 0.0, 0.0, 1.741279695801638E9, 0.0, 2025-03-06 10:48:15.801
20.0, -38441.357128781936, -44829.68685980879, -50278.70688184582, -49284.18836405139, -24265.03142893689, -27089.8448931986, -57174.46591549706, -44256.20815231898, 0.028, 0.912, -0.378, 192.0, 0.0, 0.0, 0.0, 0.0, 0.0, 0.0, 0.0, 0.0, 0.0, 1.741279695801652E9, 0.0, 2025-03-06 10:48:15.801
21.0, -38437.60203571344, -44824.277737650606, -50277.49988764524, -49280.2321052828, -24303.23056021101, -27082.357058806072, -57174.60002596379, -44285.95832418899, 0.028, 0.912, -0.378, 192.0, 0.0, 0.0, 0.0, 0.0, 0.0, 0.0, 0.0, 0.0, 0.0, 1.741279695801679E9, 0.0, 2025-03-06 10:48:15.801
22.0, -38445.20162882825, -44827.47403710771, -50277.969274278796, -49282.51198321724, -24273.212167407535, -27082.200596594885, -57183.36190979027, -44304.24205115343, 0.028, 0.912, -0.378, 192.0, 0.0, 0.0, 0.0, 0.0, 0.0, 0.0, 0.0, 0.0, 0.0, 1.741279695801697E9, 0.0, 2025-03-06 10:48:15.801
23.0, -38457.51744002312, -44834.827761033506, -50288.38518719497, -49288.59165770908, -24208.213294531502, -27090.917776932452, -57199.65633149819, -44311.88634775714, 0.028, 0.912, -0.378, 192.0, 0.0, 0.0, 0.0, 0.0, 0.0, 0.0, 0.0, 0.0, 0.0, 1.741279695801715E9, 0.0, 2025-03-06 10:48:15.801
24.0, -38442.40766077133, -44818.24276664767, -50269.67677708588, -49272.2301807678, -24253.676742753596, -27087.22973909733, -57179.38329927723, -44278.694007241014, 0.032, 0.92, -0.38, 192.0, 1.0, 0.0, 28.0, 192.0, 244.0, 32.0, 0.0, 0.0, 0.0, 1.741279695801729E9, 0.0, 2025-03-06 10:48:15.801
25.0, -38436.998538613145, -44815.6276125464, -50263.284178171656, -49272.99014007928, -24291.294728671877, -27088.995526909297, -57166.352232259786, -44265.417071034564, 0.032, 0.92, -0.38, 192.0, 0.0, 0.0, 0.0, 0.0, 0.0, 0.0, 0.0, 0.0, 0.0, 1.741279695801743E9, 0.0, 2025-03-06 10:48:15.801
26.0, -38436.14917232384, -44816.38757185788, -50261.22781768177, -49276.789936636684, -24267.423065593608, -27090.560149021167, -57172.78953466291, -44269.44038503652, 0.032, 0.92, -0.38, 192.0, 0.0, 0.0, 0.0, 0.0, 0.0, 0.0, 0.0, 0.0, 0.0, 1.741279695801756E9, 0.0, 2025-03-06 10:48:15.801
27.0, -38431.969396110704, -44813.12421716741, -50262.56892234909, -49271.87255285651, -24222.093727838248, -27081.910023916964, -57169.74969741699, -44277.71053048498, 0.032, 0.92, -0.38, 192.0, 0.0, 0.0, 0.0, 0.0, 0.0, 0.0, 0.0, 0.0, 0.0, 1.741279695801769E9, 0.0, 2025-03-06 10:48:15.801
28.0, -38433.91399787831, -44815.180577657295, -50262.39010839345, -49268.832715610595, -24247.664123495117, -27083.87697742903, -57167.15689506017, -44267.0487483798, 0.032, 0.92, -0.38, 192.0, 0.0, 0.0, 0.0, 0.0, 0.0, 0.0, 0.0, 0.0, 0.0, 1.741279695861465E9, 0.0, 2025-03-06 10:48:15.861
29.0, -38439.01019561412, -44818.86861549242, -50258.23268392476, -49274.44300346888, -24268.719466772018, -27097.288024102214, -57174.06358409686, -44258.24216106441, 0.032, 0.92, -0.38, 192.0, 0.0, 0.0, 0.0, 0.0, 0.0, 0.0, 0.0, 0.0, 0.0, 1.741279695861501E9, 0.0, 2025-03-06 10:48:15.861
30.0, -38438.98784386967, -44817.080475935996, -50257.91975950239, -49277.12521280351, -24246.658294994628, -27100.394916581503, -57179.71857544406, -44276.19061186202, 0.032, 0.92, -0.38, 192.0, 0.0, 0.0, 0.0, 0.0, 0.0, 0.0, 0.0, 0.0, 0.0, 1.741279695861515E9, 0.0, 2025-03-06 10:48:15.861
31.0, -38436.75266942414, -44815.02411544611, -50255.57282633458, -49272.49840170126, -24209.889675365648, -27086.73800071931, -57173.72830793003, -44294.87667022666, 0.032, 0.92, -0.38, 192.0, 0.0, 0.0, 0.0, 0.0, 0.0, 0.0, 0.0, 0.0, 0.0, 1.741279695861529E9, 0.0, 2025-03-06 10:48:15.861
32.0, -38435.36686126791, -44809.81615898802, -50245.82746575207, -49256.69571837136, -24226.60878021822, -27079.496035515793, -57165.36875550375, -44284.1031293992, 0.032, 0.92, -0.38, 192.0, 0.0, 0.0, 0.0, 0.0, 0.0, 0.0, 0.0, 0.0, 0.0, 1.741279695861543E9, 0.0, 2025-03-06 10:48:15.861
33.0, -38429.600111198444, -44801.25544086164, -50238.02670693716, -49252.27007296921, -24263.04212368037, -27067.604907465568, -57155.82456062133, -44256.27520755234, 0.032, 0.92, -0.38, 192.0, 0.0, 0.0, 0.0, 0.0, 0.0, 0.0, 0.0, 0.0, 0.0, 1.741279695861556E9, 0.0, 2025-03-06 10:48:15.861
34.0, -38429.77892515408, -44797.18742337077, -50238.92077671537, -49249.83373282358, -24271.04404819537, -27061.838157396098, -57149.85664485177, -44241.500704467384, 0.026000000000000002, 0.916, -0.37, 192.0, 0.0, 208.0, 28.0, 160.0, 244.0, 112.0, 0.0, 0.0, 0.0, 1.74127969586157E9, 0.0, 2025-03-06 10:48:15.861
35.0, -38438.92078863631, -44805.65873451933, -50249.40374486491, -49259.84731433956, -24227.569905229797, -27078.423151781935, -57157.00920307746, -44238.214998032454, 0.026000000000000002, 0.916, -0.37, 192.0, 0.0, 0.0, 0.0, 0.0, 0.0, 0.0, 0.0, 0.0, 0.0, 1.741279695861585E9, 0.0, 2025-03-06 10:48:15.861
36.0, -38445.38044278389, -44810.93374621079, -50252.376526877466, -49264.78704986418, -24214.44943123453, -27075.204500580374, -57160.71959265704, -44262.57839948874, 0.026000000000000002, 0.916, -0.37, 192.0, 0.0, 0.0, 0.0, 0.0, 0.0, 0.0, 0.0, 0.0, 0.0, 1.741279695861615E9, 0.0, 2025-03-06 10:48:15.861
37.0, -38432.818762400006, -44795.823966959, -50238.51844531518, -49249.56551189012, -24257.61064977773, -27055.98200034881, -57148.18026401762, -44247.28980628131, 0.026000000000000002, 0.916, -0.37, 192.0, 0.0, 0.0, 0.0, 0.0, 0.0, 0.0, 0.0, 0.0, 0.0, 1.741279695861632E9, 0.0, 2025-03-06 10:48:15.861
38.0, -38422.246387272644, -44789.00668490013, -50237.490265070235, -49250.03489852368, -24259.532899800888, -27048.53886944519, -57143.79932210438, -44218.21018674495, 0.026000000000000002, 0.916, -0.37, 192.0, 0.0, 0.0, 0.0, 0.0, 0.0, 0.0, 0.0, 0.0, 0.0, 1.741279695861649E9, 0.0, 2025-03-06 10:48:15.861
39.0, -38420.25708201612, -44780.69183596275, -50237.64672728142, -49247.8220758226, -24197.775029870874, -27055.959648604352, -57151.108342541265, -44252.833038906225, 0.026000000000000002, 0.916, -0.37, 192.0, 0.0, 0.0, 0.0, 0.0, 0.0, 0.0, 0.0, 0.0, 0.0, 1.741279695861662E9, 0.0, 2025-03-06 10:48:15.861
40.0, -38425.57679719649, -44780.84829817394, -50238.540797059635, -49244.55872113213, -24159.77706429685, -27057.948953860876, -57154.55051118738, -44252.16248657257, 0.026000000000000002, 0.916, -0.37, 192.0, 0.0, 0.0, 0.0, 0.0, 0.0, 0.0, 0.0, 0.0, 0.0, 1.741279695861676E9, 0.0, 2025-03-06 10:48:15.861
41.0, -38423.63219542887, -44778.30019930604, -50239.05488718211, -49244.96105253232, -24199.898445594128, -27061.45817774036, -57150.2366245075, -44220.601823401674, 0.026000000000000002, 0.916, -0.37, 192.0, 0.0, 0.0, 0.0, 0.0, 0.0, 0.0, 0.0, 0.0, 0.0, 1.74127969586169E9, 0.0, 2025-03-06 10:48:15.861
42.0, -38417.440762214756, -44771.840545158455, -50234.91981445788, -49249.9231398014, -24220.774974915385, -27067.917831887942, -57150.57190067434, -44238.46086722146, 0.026000000000000002, 0.916, -0.37, 192.0, 0.0, 0.0, 0.0, 0.0, 0.0, 0.0, 0.0, 0.0, 0.0, 1.741279695861704E9, 0.0, 2025-03-06 10:48:15.861
43.0, -38407.82951209897, -44764.643283443846, -50232.28230861215, -49248.760849089726, -24176.518520893875, -27065.816767909142, -57158.104438555776, -44279.409263063586, 0.026000000000000002, 0.916, -0.37, 192.0, 0.0, 0.0, 0.0, 0.0, 0.0, 0.0, 0.0, 0.0, 0.0, 1.741279695921661E9, 0.0, 2025-03-06 10:48:15.921
44.0, -38409.72941037767, -44766.47612648918, -50233.9586894463, -49253.99115729227, -24130.742148249406, -27076.769122692243, -57155.66809841015, -44248.206227803974, 0.022, 0.908, -0.372, 192.0, 0.0, 176.0, 28.0, 96.0, 244.0, 96.0, 0.0, 0.0, 0.0, 1.741279695921684E9, 0.0, 2025-03-06 10:48:15.921
45.0, -38408.812988855, -44758.36244325191, -50230.360058588994, -49248.35851768953, -24153.67503806055, -27076.36679129205, -57153.27646175343, -44263.316007055764, 0.022, 0.908, -0.372, 192.0, 0.0, 0.0, 0.0, 0.0, 0.0, 0.0, 0.0, 0.0, 0.0, 1.7412796959217E9, 0.0, 2025-03-06 10:48:15.921
46.0, -38398.37472419438, -44746.29250124604, -50220.19001486183, -49240.04366875216, -24176.362058682687, -27069.102474344072, -57146.68269713911, -44271.29557982631, 0.022, 0.908, -0.372, 192.0, 0.0, 0.0, 0.0, 0.0, 0.0, 0.0, 0.0, 0.0, 0.0, 1.741279695921714E9, 0.0, 2025-03-06 10:48:15.921
47.0, -38395.133721248356, -44744.14673377833, -50223.34161083002, -49246.257453710736, -24153.607982827187, -27086.447428041392, -57147.84498785079, -44263.62893147814, 0.022, 0.908, -0.372, 192.0, 0.0, 0.0, 0.0, 0.0, 0.0, 0.0, 0.0, 0.0, 0.0, 1.741279695921727E9, 0.0, 2025-03-06 10:48:15.921
48.0, -38397.97239279418, -44743.18560876675, -50226.24733760922, -49250.75015434625, -24109.150363105582, -27084.25695708477, -57149.85664485177, -44250.15082957159, 0.022, 0.908, -0.372, 192.0, 0.0, 0.0, 0.0, 0.0, 0.0, 0.0, 0.0, 0.0, 0.0, 1.741279695921741E9, 0.0, 2025-03-06 10:48:15.921
49.0, -38409.59529991094, -44751.67927165977, -50231.23177662275, -49258.41680269442, -24115.00652015287, -27083.206425095374, -57145.67686863862, -44229.698983394985, 0.022, 0.908, -0.372, 192.0, 0.0, 0.0, 0.0, 0.0, 0.0, 0.0, 0.0, 0.0, 0.0, 1.741279695921755E9, 0.0, 2025-03-06 10:48:15.921
50.0, -38399.246442228134, -44743.07385004447, -50223.98981141923, -49251.15248574645, -24155.30671540579, -27079.496035515793, -57134.56805164434, -44244.40643124657, 0.022, 0.908, -0.372, 192.0, 0.0, 0.0, 0.0, 0.0, 0.0, 0.0, 0.0, 0.0, 0.0, 1.741279695921768E9, 0.0, 2025-03-06 10:48:15.921
51.0, -38394.95490729272, -44742.7609256221, -50223.83334920804, -49247.6209101225, -24114.984168408417, -27079.11605586005, -57143.21817674854, -44261.86314366617, 0.022, 0.908, -0.372, 192.0, 0.0, 0.0, 0.0, 0.0, 0.0, 0.0, 0.0, 0.0, 0.0, 1.741279695921782E9, 0.0, 2025-03-06 10:48:15.921
52.0, -38391.89271830234, -44741.19630351023, -50216.79254970462, -49242.055325753136, -24046.61018211963, -27073.751637190777, -57138.70312436857, -44239.8913788666, 0.022, 0.908, -0.372, 192.0, 0.0, 0.0, 0.0, 0.0, 0.0, 0.0, 0.0, 0.0, 0.0, 1.741279695921813E9, 0.0, 2025-03-06 10:48:15.921
53.0, -38385.477767643664, -44732.81439933949, -50202.5991919755, -49229.62775583599, -24080.137798802592, -27063.17926206342, -57124.956801528555, -44211.8846430641, 0.022, 0.908, -0.372, 192.0, 0.0, 0.0, 0.0, 0.0, 0.0, 0.0, 0.0, 0.0, 0.0, 1.741279695921826E9, 0.0, 2025-03-06 10:48:15.921
54.0, -38375.33007566095, -44724.298384702015, -50195.468985494255, -49217.55781383012, -24135.123090162648, -27048.047131067175, -57113.93739151209, -44216.936137311, 0.024, 0.91, -0.372, 192.0, 0.0, 192.0, 28.0, 112.0, 244.0, 96.0, 0.0, 0.0, 0.0, 1.741279695921844E9, 0.0, 2025-03-06 10:48:15.921
55.0, -38378.6604855848, -44730.40041093832, -50204.23086932074, -49222.87752901048, -24108.837438683207, -27053.16568054744, -57121.246411948974, -44226.547387426785, 0.024, 0.91, -0.372, 192.0, 0.0, 0.0, 0.0, 0.0, 0.0, 0.0, 0.0, 0.0, 0.0, 1.741279695921859E9, 0.0, 2025-03-06 10:48:15.921
56.0, -38386.57300312197, -44733.7084691177, -50212.61277349148, -49226.27499416769, -24045.872574552606, -27054.4844334703, -57121.984019516, -44215.41621868804, 0.024, 0.91, -0.372, 192.0, 0.0, 0.0, 0.0, 0.0, 0.0, 0.0, 0.0, 0.0, 0.0, 1.741279695921873E9, 0.0, 2025-03-06 10:48:15.921
57.0, -38387.64588685583, -44735.496608674126, -50206.98013388874, -49221.558776087615, -24072.24763300987, -27046.370750233025, -57115.59142060178, -44202.31809643723, 0.024, 0.91, -0.372, 192.0, 0.0, 0.0, 0.0, 0.0, 0.0, 0.0, 0.0, 0.0, 0.0, 1.741279695921886E9, 0.0, 2025-03-06 10:48:15.921
58.0, -38392.94325029174, -44742.58211166646, -50211.94222115782, -49225.895014511945, -24106.62461598213, -27039.77698561871, -57118.20657470305, -44201.69224759248, 0.024, 0.91, -0.372, 192.0, 0.0, 0.0, 0.0, 0.0, 0.0, 0.0, 0.0, 0.0, 0.0, 1.74127969598193E9, 0.0, 2025-03-06 10:48:15.981
59.0, -38394.23965147015, -44744.14673377833, -50213.9538781588, -49223.01163947721, -24102.04250836879, -27041.743939130778, -57119.30181018136, -44215.99736404388, 0.024, 0.91, -0.372, 192.0, 0.0, 0.0, 0.0, 0.0, 0.0, 0.0, 0.0, 0.0, 0.0, 1.741279695981973E9, 0.0, 2025-03-06 10:48:15.981
60.0, -38393.233822969654, -44742.403297710815, -50213.64095373642, -49218.295421397146, -24055.103845012647, -27035.932485572397, -57120.44174914858, -44212.68930586449, 0.024, 0.91, -0.372, 192.0, 0.0, 0.0, 0.0, 0.0, 0.0, 0.0, 0.0, 0.0, 0.0, 1.741279695981987E9, 0.0, 2025-03-06 10:48:15.981
61.0, -38392.98795378065, -44743.6102919114, -50215.29498282611, -49220.575299331584, -24054.477996167898, -27033.630255893502, -57118.98888575898, -44217.316116966744, 0.024, 0.91, -0.372, 192.0, 0.0, 0.0, 0.0, 0.0, 0.0, 0.0, 0.0, 0.0, 0.0, 1.741279695982001E9, 0.0, 2025-03-06 10:48:15.982
62.0, -38388.070570000484, -44733.9096348178, -50205.77313968816, -49208.03597069216, -24090.75487741886, -27031.48448842579, -57115.39025490168, -44203.27922144881, 0.024, 0.91, -0.372, 192.0, 0.0, 0.0, 0.0, 0.0, 0.0, 0.0, 0.0, 0.0, 0.0, 1.741279695982015E9, 0.0, 2025-03-06 10:48:15.982
63.0, -38388.271735700575, -44733.32848946196, -50207.47187226676, -49212.55102307213, -24085.368107005135, -27038.771157118223, -57125.33678118429, -44226.681497893514, 0.024, 0.91, -0.372, 192.0, 0.0, 0.0, 0.0, 0.0, 0.0, 0.0, 0.0, 0.0, 0.0, 1.741279695982028E9, 0.0, 2025-03-06 10:48:15.982
64.0, -38388.31643918949, -44740.63750989884, -50217.86543343848, -49231.706468070326, -24028.28175166628, -27058.731264916813, -57135.19390048908, -44205.51439589434, 0.022, 0.914, -0.372, 192.0, 0.0, 176.0, 28.0, 144.0, 244.0, 96.0, 0.0, 0.0, 0.0, 1.741279695982042E9, 0.0, 2025-03-06 10:48:15.982
65.0, -38396.5642328935, -44740.61515815439, -50219.54181427263, -49231.08061922558, -24010.020376446293, -27056.384331749003, -57132.846967321275, -44226.90501533807, 0.022, 0.914, -0.372, 192.0, 0.0, 0.0, 0.0, 0.0, 0.0, 0.0, 0.0, 0.0, 0.0, 1.741279695982057E9, 0.0, 2025-03-06 10:48:15.982
66.0, -38386.08126474396, -44727.04764927002, -50205.23669782123, -49212.17104341639, -24060.557670659742, -27039.844040852076, -57123.70510383906, -44236.9409485985, 0.022, 0.914, -0.372, 192.0, 0.0, 0.0, 0.0, 0.0, 0.0, 0.0, 0.0, 0.0, 0.0, 1.74127969598207E9, 0.0, 2025-03-06 10:48:15.982
67.0, -38387.310610689, -44732.054440028005, -50211.42813103535, -49226.76673254571, -24064.782150361796, -27054.819709637133, -57129.38244693071, -44235.018698575346, 0.022, 0.914, -0.372, 192.0, 0.0, 0.0, 0.0, 0.0, 0.0, 0.0, 0.0, 0.0, 0.0, 1.741279695982099E9, 0.0, 2025-03-06 10:48:15.982
68.0, -38389.83635781245, -44738.15646626431, -50221.486416040236, -49239.90955828543, -24020.346882384645, -27067.046113854187, -57137.09379876778, -44236.046878820285, 0.022, 0.914, -0.372, 192.0, 0.0, 0.0, 0.0, 0.0, 0.0, 0.0, 0.0, 0.0, 0.0, 1.741279695982118E9, 0.0, 2025-03-06 10:48:15.982
69.0, -38384.62840135436, -44731.69681211672, -50215.07146538156, -49240.33424143008, -24001.034975175262, -27065.682657442412, -57130.14240624219, -44206.207299972455, 0.022, 0.914, -0.372, 192.0, 0.0, 0.0, 0.0, 0.0, 0.0, 0.0, 0.0, 0.0, 0.0, 1.741279695982135E9, 0.0, 2025-03-06 10:48:15.982
70.0, -38383.22024145368, -44725.415971924784, -50212.0539798801, -49244.24579670976, -24040.19523146096, -27072.41053252346, -57128.086045752294, -44212.286974464296, 0.022, 0.914, -0.372, 192.0, 0.0, 0.0, 0.0, 0.0, 0.0, 0.0, 0.0, 0.0, 0.0, 1.741279695982149E9, 0.0, 2025-03-06 10:48:15.982
71.0, -38383.77903506506, -44725.59478588042, -50218.535985772134, -49243.999927520745, -24057.160205502536, -27073.371657535037, -57132.44463592108, -44224.55808217026, 0.022, 0.914, -0.372, 192.0, 0.0, 0.0, 0.0, 0.0, 0.0, 0.0, 0.0, 0.0, 0.0, 1.741279695982168E9, 0.0, 2025-03-06 10:48:15.982
72.0, -38385.07543624347, -44721.39265792283, -50220.10060788401, -49242.56941587561, -24024.504306853334, -27079.563090749158, -57135.573880144824, -44230.101314795174, 0.022, 0.914, -0.372, 192.0, 0.0, 0.0, 0.0, 0.0, 0.0, 0.0, 0.0, 0.0, 0.0, 1.741279695982182E9, 0.0, 2025-03-06 10:48:15.982
73.0, -38390.14928223482, -44721.437361411736, -50217.79837820511, -49245.63160486599, -23983.108876122104, -27083.25112858428, -57138.92664181312, -44246.552198714286, 0.022, 0.914, -0.372, 192.0, 0.0, 0.0, 0.0, 0.0, 0.0, 0.0, 0.0, 0.0, 0.0, 1.741279696042209E9, 0.0, 2025-03-06 10:48:16.042
74.0, -38373.676046571265, -44710.08267522844, -50199.78287217413, -49228.59957559104, -24012.568475314198, -27061.145253317984, -57126.72258934052, -44244.47348647994, 0.02, 0.902, -0.372, 192.0, 0.0, 160.0, 28.0, 48.0, 244.0, 96.0, 0.0, 0.0, 0.0, 1.741279696042233E9, 0.0, 2025-03-06 10:48:16.042
75.0, -38361.2037731652, -44700.0020384791, -50191.60213370349, -49217.04372370765, -24056.579060146698, -27054.462081725847, -57118.67596133661, -44218.88073907861, 0.02, 0.902, -0.372, 192.0, 0.0, 0.0, 0.0, 0.0, 0.0, 0.0, 0.0, 0.0, 0.0, 1.741279696042248E9, 0.0, 2025-03-06 10:48:16.042
76.0, -38361.04731095402, -44703.8018350365, -50197.905325639884, -49226.520863356694, -24042.698626839952, -27060.228831795317, -57120.44174914858, -44204.866195305134, 0.02, 0.902, -0.372, 192.0, 0.0, 0.0, 0.0, 0.0, 0.0, 0.0, 0.0, 0.0, 0.0, 1.741279696042262E9, 0.0, 2025-03-06 10:48:16.042
77.0, -38368.848069768916, -44718.44222765473, -50202.666247208865, -49240.98244201928, -23988.138018624548, -27066.196747564885, -57129.11422599724, -44201.04404700328, 0.02, 0.902, -0.372, 192.0, 0.0, 0.0, 0.0, 0.0, 0.0, 0.0, 0.0, 0.0, 0.0, 1.741279696042276E9, 0.0, 2025-03-06 10:48:16.042
78.0, -38375.19596519422, -44726.15357949181, -50201.146328585906, -49238.03201175118, -24012.948454969937, -27053.769177647733, -57124.15213872816, -44179.631075815094, 0.02, 0.902, -0.372, 192.0, 0.0, 0.0, 0.0, 0.0, 0.0, 0.0, 0.0, 0.0, 0.0, 1.74127969604229E9, 0.0, 2025-03-06 10:48:16.042
79.0, -38375.5088896166, -44725.55008239151, -50197.19006981732, -49220.55294758713, -24048.465376909422, -27050.572878190625, -57131.43880742059, -44237.1421142986, 0.02, 0.902, -0.372, 192.0, 0.0, 0.0, 0.0, 0.0, 0.0, 0.0, 0.0, 0.0, 0.0, 1.741279696042304E9, 0.0, 2025-03-06 10:48:16.042
80.0, -38364.511831344586, -44714.374210163856, -50186.371825500944, -49203.051531678626, -24056.176728746505, -27044.716721143333, -57134.657458622154, -44250.91078888307, 0.02, 0.902, -0.372, 192.0, 0.0, 0.0, 0.0, 0.0, 0.0, 0.0, 0.0, 0.0, 0.0, 1.741279696042318E9, 0.0, 2025-03-06 10:48:16.042
81.0, -38371.06089246999, -44720.92327128926, -50193.859659893475, -49212.08163643857, -23999.000966429827, -27046.907192099952, -57133.003429532466, -44234.862236364155, 0.02, 0.902, -0.372, 192.0, 0.0, 0.0, 0.0, 0.0, 0.0, 0.0, 0.0, 0.0, 0.0, 1.741279696042332E9, 0.0, 2025-03-06 10:48:16.042
82.0, -38381.6109158529, -44727.98642253714, -50198.46411925127, -49217.98249697477, -24016.591789316153, -27045.767253132733, -57126.78964457389, -44216.24323323289, 0.02, 0.902, -0.372, 192.0, 0.0, 0.0, 0.0, 0.0, 0.0, 0.0, 0.0, 0.0, 0.0, 1.741279696042359E9, 0.0, 2025-03-06 10:48:16.042
83.0, -38381.94619201973, -44728.43345742625, -50200.431072763335, -49219.41300861991, -24057.026095035806, -27037.16183151744, -57125.49324339548, -44208.26366046234, 0.02, 0.902, -0.372, 192.0, 0.0, 0.0, 0.0, 0.0, 0.0, 0.0, 0.0, 0.0, 0.0, 1.741279696042377E9, 0.0, 2025-03-06 10:48:16.042
84.0, -38373.11725295988, -44721.34795443391, -50196.31835178356, -49208.81828174809, -24055.81910083522, -27035.753671616756, -57125.225022462015, -44221.96527981345, 0.022, 0.9, -0.372, 192.0, 0.0, 176.0, 28.0, 32.0, 244.0, 96.0, 0.0, 0.0, 0.0, 1.741279696042394E9, 0.0, 2025-03-06 10:48:16.042
85.0, -38373.83250878245, -44727.27116671457, -50201.481604752735, -49213.31098238361, -24002.107858909116, -27045.320218243625, -57134.16572024414, -44221.74176236889, 0.022, 0.9, -0.372, 192.0, 0.0, 0.0, 0.0, 0.0, 0.0, 0.0, 0.0, 0.0, 0.0, 1.741279696042409E9, 0.0, 2025-03-06 10:48:16.042
86.0, -38395.066666014995, -44742.135076777355, -50217.03841889363, -49227.95137500184, -23980.27020457628, -27053.92563985892, -57137.22790923452, -44205.849672061166, 0.022, 0.9, -0.372, 192.0, 0.0, 0.0, 0.0, 0.0, 0.0, 0.0, 0.0, 0.0, 0.0, 1.741279696042423E9, 0.0, 2025-03-06 10:48:16.042
87.0, -38391.93742179125, -44734.937815062745, -50210.914040912874, -49220.731761542775, -24029.801670289242, -27045.990770577286, -57127.66136260764, -44208.84480581818, 0.022, 0.9, -0.372, 192.0, 0.0, 0.0, 0.0, 0.0, 0.0, 0.0, 0.0, 0.0, 0.0, 1.741279696042436E9, 0.0, 2025-03-06 10:48:16.042
88.0, -38386.34948567742, -44731.361535949894, -50207.6506862224, -49218.138959185955, -24043.793862318264, -27038.279418740207, -57129.5836126308, -44216.757323355356, 0.022, 0.9, -0.372, 192.0, 0.0, 0.0, 0.0, 0.0, 0.0, 0.0, 0.0, 0.0, 0.0, 1.741279696102504E9, 0.0, 2025-03-06 10:48:16.102
89.0, -38387.60118336692, -44732.79204759503, -50209.68469496784, -49222.810473777114, -24016.27886489378, -27044.292037998683, -57129.717723097536, -44219.50658792336, 0.022, 0.9, -0.372, 192.0, 0.0, 0.0, 0.0, 0.0, 0.0, 0.0, 0.0, 0.0, 0.0, 1.741279696102553E9, 0.0, 2025-03-06 10:48:16.102
90.0, -38385.902450788315, -44735.89894007432, -50208.56710774507, -49222.87752901048, -24004.119515910093, -27046.527212444213, -57125.381484673206, -44207.16842498403, 0.022, 0.9, -0.372, 192.0, 0.0, 0.0, 0.0, 0.0, 0.0, 0.0, 0.0, 0.0, 0.0, 1.741279696102568E9, 0.0, 2025-03-06 10:48:16.102
91.0, -38383.667276342785, -44734.04374528453, -50207.22600307775, -49223.74924704424, -24040.731673327886, -27056.138462559997, -57127.30373469636, -44207.66016336205, 0.022, 0.9, -0.372, 192.0, 0.0, 0.0, 0.0, 0.0, 0.0, 0.0, 0.0, 0.0, 0.0, 1.741279696102582E9, 0.0, 2025-03-06 10:48:16.102
92.0, -38378.48167162915, -44735.407201696304, -50209.08119786754, -49238.613157107015, -24048.04069376477, -27065.6379539535, -57131.43880742059, -44195.81373880074, 0.022, 0.9, -0.372, 192.0, 0.0, 0.0, 0.0, 0.0, 0.0, 0.0, 0.0, 0.0, 0.0, 1.741279696102595E9, 0.0, 2025-03-06 10:48:16.102
93.0, -38370.54680234752, -44729.21576848219, -50207.293058311116, -49236.668555339405, -24012.27790263628, -27057.21134629385, -57121.22406020452, -44193.37739865511, 0.022, 0.9, -0.372, 192.0, 0.0, 0.0, 0.0, 0.0, 0.0, 0.0, 0.0, 0.0, 0.0, 1.741279696102609E9, 0.0, 2025-03-06 10:48:16.102
94.0, -38370.50209885861, -44726.891187058834, -50206.68956121082, -49233.382848904475, -23987.825094202173, -27049.701160156867, -57119.145347970174, -44204.62032611613, 0.02, 0.916, -0.368, 192.0, 0.0, 160.0, 28.0, 160.0, 244.0, 128.0, 0.0, 0.0, 0.0, 1.741279696102622E9, 0.0, 2025-03-06 10:48:16.102
95.0, -38368.87042151337, -44723.09139050143, -50193.79260466011, -49221.134092942964, -24021.576228329686, -27044.090872298584, -57122.296943938374, -44229.58722467271, 0.02, 0.916, -0.368, 192.0, 0.0, 0.0, 0.0, 0.0, 0.0, 0.0, 0.0, 0.0, 0.0, 1.741279696102637E9, 0.0, 2025-03-06 10:48:16.102
96.0, -38369.31745640248, -44724.231329468654, -50193.77025291565, -49222.966935988305, -24041.75985357283, -27052.048093324673, -57119.502975881456, -44221.74176236889, 0.02, 0.916, -0.368, 192.0, 0.0, 0.0, 0.0, 0.0, 0.0, 0.0, 0.0, 0.0, 0.0, 1.741279696102651E9, 0.0, 2025-03-06 10:48:16.102
97.0, -38367.864593012884, -44722.487893401136, -50194.910191882875, -49222.22932842128, -24024.727824297886, -27047.376578733514, -57119.81590030383, -44219.8865675791, 0.02, 0.916, -0.368, 192.0, 0.0, 0.0, 0.0, 0.0, 0.0, 0.0, 0.0, 0.0, 0.0, 1.741279696102668E9, 0.0, 2025-03-06 10:48:16.102
98.0, -38372.22318318167, -44730.82509408297, -50201.72747394174, -49229.69481106935, -23970.100160849117, -27053.478604969812, -57132.087008009796, -44221.07121003523, 0.02, 0.916, -0.368, 192.0, 0.0, 0.0, 0.0, 0.0, 0.0, 0.0, 0.0, 0.0, 0.0, 1.741279696102686E9, 0.0, 2025-03-06 10:48:16.102
99.0, -38366.41172962329, -44727.91936730377, -50192.63031394844, -49221.17879643188, -23998.03984141825, -27051.846927624578, -57121.08994973778, -44199.635887102595, 0.02, 0.916, -0.368, 192.0, 0.0, 0.0, 0.0, 0.0, 0.0, 0.0, 0.0, 0.0, 0.0, 1.741279696102702E9, 0.0, 2025-03-06 10:48:16.102
100.0, -38363.7071685442, -44724.70071610221, -50186.46123247877, -49211.701656782825, -24011.584998558166, -27040.425186207915, -57123.10160673876, -44207.74957033987, 0.02, 0.916, -0.368, 192.0, 0.0, 0.0, 0.0, 0.0, 0.0, 0.0, 0.0, 0.0, 0.0, 1.741279696102716E9, 0.0, 2025-03-06 10:48:16.102
101.0, -38364.80240402251, -44721.68323060074, -50180.91799985385, -49204.0126566902, -23987.690983735443, -27035.68661638339, -57117.759539813946, -44202.563965626236, 0.02, 0.916, -0.368, 192.0, 0.0, 0.0, 0.0, 0.0, 0.0, 0.0, 0.0, 0.0, 0.0, 1.74127969610273E9, 0.0, 2025-03-06 10:48:16.102
102.0, -38369.94330524722, -44725.03599226904, -50185.00836908918, -49205.21965089079, -23936.79606161071, -27032.73618611529, -57118.1842229586, -44190.24815443136, 0.02, 0.916, -0.368, 192.0, 0.0, 0.0, 0.0, 0.0, 0.0, 0.0, 0.0, 0.0, 0.0, 1.741279696102744E9, 0.0, 2025-03-06 10:48:16.102
103.0, -38374.03367448255, -44729.61809988238, -50184.427223733335, -49205.57727880208, -23955.12449206406, -27019.615712120023, -57112.439824633584, -44196.12666322311, 0.02, 0.916, -0.368, 192.0, 0.0, 0.0, 0.0, 0.0, 0.0, 0.0, 0.0, 0.0, 0.0, 1.741279696161722E9, 0.0, 2025-03-06 10:48:16.161
104.0, -38368.781014535554, -44724.32073644647, -50178.146383541396, -49199.29643861013, -24021.75504228533, -27007.143438713963, -57112.10454846675, -44208.442474417985, 0.018000000000000002, 0.914, -0.372, 192.0, 0.0, 144.0, 28.0, 144.0, 244.0, 96.0, 0.0, 0.0, 0.0, 1.741279696161759E9, 0.0, 2025-03-06 10:48:16.161
105.0, -38368.93747674674, -44730.62392838287, -50185.92479061184, -49200.034046177156, -24009.886265979563, -27013.8266103061, -57115.83728979079, -44183.967314239424, 0.018000000000000002, 0.914, -0.372, 192.0, 0.0, 0.0, 0.0, 0.0, 0.0, 0.0, 0.0, 0.0, 0.0, 1.741279696161775E9, 0.0, 2025-03-06 10:48:16.161
106.0, -38363.68481679974, -44731.24977722762, -50190.03751159162, -49201.79983398913, -23950.02829432825, -27027.125898257007, -57116.127862468704, -44167.91876172051, 0.018000000000000002, 0.914, -0.372, 192.0, 0.0, 0.0, 0.0, 0.0, 0.0, 0.0, 0.0, 0.0, 0.0, 1.741279696161788E9, 0.0, 2025-03-06 10:48:16.161
107.0, -38356.956941718694, -44720.05155325551, -50177.006444574174, -49188.61230476049, -23971.73183819435, -27017.24642720776, -57109.39998738766, -44188.303552663754, 0.018000000000000002, 0.914, -0.372, 192.0, 0.0, 0.0, 0.0, 0.0, 0.0, 0.0, 0.0, 0.0, 0.0, 1.741279696161802E9, 0.0, 2025-03-06 10:48:16.161
108.0, -38344.954054946196, -44710.17208220626, -50166.97051131374, -49181.72796746826, -24031.56745810121, -27008.7751160592, -57101.26395240593, -44195.90314577856, 0.018000000000000002, 0.914, -0.372, 192.0, 0.0, 0.0, 0.0, 0.0, 0.0, 0.0, 0.0, 0.0, 0.0, 1.741279696161815E9, 0.0, 2025-03-06 10:48:16.161
109.0, -38346.38456659133, -44718.39752416581, -50176.4923544517, -49193.48498505175, -24040.03876924977, -27019.503953397747, -57104.99669372996, -44209.04597151828, 0.018000000000000002, 0.914, -0.372, 192.0, 0.0, 0.0, 0.0, 0.0, 0.0, 0.0, 0.0, 0.0, 0.0, 1.741279696161829E9, 0.0, 2025-03-06 10:48:16.161
110.0, -38354.855877739894, -44720.722105589164, -50177.90051435239, -49199.20703163231, -23988.115666880094, -27019.77217433121, -57104.54965884086, -44201.60284061466, 0.018000000000000002, 0.914, -0.372, 192.0, 0.0, 0.0, 0.0, 0.0, 0.0, 0.0, 0.0, 0.0, 0.0, 1.741279696161843E9, 0.0, 2025-03-06 10:48:16.161
111.0, -38369.98800873614, -44733.7084691177, -50193.92671512684, -49215.65791555142, -23958.343143265625, -27033.138517515483, -57115.859641535244, -44184.50375610635, 0.018000000000000002, 0.914, -0.372, 192.0, 0.0, 0.0, 0.0, 0.0, 0.0, 0.0, 0.0, 0.0, 0.0, 1.741279696161856E9, 0.0, 2025-03-06 10:48:16.161
112.0, -38360.26499989808, -44726.04182076953, -50190.77511915864, -49218.78715977516, -24024.14667894205, -27027.863505824032, -57103.49912685146, -44185.46488111793, 0.018000000000000002, 0.914, -0.372, 192.0, 0.0, 0.0, 0.0, 0.0, 0.0, 0.0, 0.0, 0.0, 0.0, 1.741279696161873E9, 0.0, 2025-03-06 10:48:16.161
113.0, -38347.457450325186, -44718.352820676904, -50177.47583120773, -49211.25462189372, -24038.675312837997, -27023.460212166337, -57102.44859486206, -44189.24232593088, 0.018000000000000002, 0.914, -0.372, 192.0, 0.0, 0.0, 0.0, 0.0, 0.0, 0.0, 0.0, 0.0, 0.0, 1.74127969616189E9, 0.0, 2025-03-06 10:48:16.161
114.0, -38343.3000258565, -44717.97284102116, -50176.35824398497, -49214.87560449548, -23984.31587032269, -27038.838212351588, -57107.8800687647, -44179.25109615935, 0.022, 0.92, -0.368, 192.0, 0.0, 176.0, 28.0, 192.0, 244.0, 128.0, 0.0, 0.0, 0.0, 1.741279696161907E9, 0.0, 2025-03-06 10:48:16.161
115.0, -38348.217409636665, -44716.94466077622, -50177.67699690783, -49213.243927150244, -23953.26929727427, -27033.250276237763, -57110.472871121514, -44210.543538396785, 0.022, 0.92, -0.368, 192.0, 0.0, 0.0, 0.0, 0.0, 0.0, 0.0, 0.0, 0.0, 0.0, 1.741279696161922E9, 0.0, 2025-03-06 10:48:16.161
116.0, -38353.4030143503, -44715.067114241974, -50182.16969754335, -49209.98057245977, -23971.73183819435, -27033.16086925994, -57112.81980428932, -44217.76315185585, 0.022, 0.92, -0.368, 192.0, 0.0, 0.0, 0.0, 0.0, 0.0, 0.0, 0.0, 0.0, 0.0, 1.741279696161936E9, 0.0, 2025-03-06 10:48:16.161
117.0, -38342.18243863373, -44699.21972742316, -50175.17360152884, -49202.3139241116, -24016.12240268259, -27029.897514569464, -57100.86162100573, -44195.97020101192, 0.022, 0.92, -0.368, 192.0, 0.0, 0.0, 0.0, 0.0, 0.0, 0.0, 0.0, 0.0, 0.0, 1.741279696161949E9, 0.0, 2025-03-06 10:48:16.161
118.0, -38343.456488067684, -44700.82905302395, -50181.87912486543, -49209.198261403835, -23980.78429469875, -27034.904305327454, -57103.81205127383, -44189.912878264535, 0.022, 0.92, -0.368, 192.0, 0.0, 0.0, 0.0, 0.0, 0.0, 0.0, 0.0, 0.0, 0.0, 1.741279696221546E9, 0.0, 2025-03-06 10:48:16.221
119.0, -38348.30681661449, -44700.29261115702, -50183.868430121955, -49207.92421196988, -23945.289724503724, -27029.07050002462, -57099.296998893864, -44187.07420671871, 0.022, 0.92, -0.368, 192.0, 0.0, 0.0, 0.0, 0.0, 0.0, 0.0, 0.0, 0.0, 0.0, 1.741279696221572E9, 0.0, 2025-03-06 10:48:16.221
120.0, -38350.251418382104, -44699.3985413788, -50179.59924693099, -49202.470386322784, -23980.27020457628, -27023.63902612198, -57097.59826631526, -44185.39782588456, 0.022, 0.92, -0.368, 192.0, 0.0, 0.0, 0.0, 0.0, 0.0, 0.0, 0.0, 0.0, 0.0, 1.741279696221586E9, 0.0, 2025-03-06 10:48:16.221
121.0, -38345.24462762411, -44700.113797201375, -50174.90538059537, -49202.202165389324, -23997.682213506963, -27021.40385167645, -57102.985036728984, -44177.485308347386, 0.022, 0.92, -0.368, 192.0, 0.0, 0.0, 0.0, 0.0, 0.0, 0.0, 0.0, 0.0, 0.0, 1.7412796962216E9, 0.0, 2025-03-06 10:48:16.221
122.0, -38346.22810438015, -44698.52682334505, -50174.05601430607, -49197.083615909054, -23971.441265516434, -27017.984034774785, -57102.8285745178, -44155.33472959218, 0.022, 0.92, -0.368, 192.0, 0.0, 0.0, 0.0, 0.0, 0.0, 0.0, 0.0, 0.0, 0.0, 1.741279696221614E9, 0.0, 2025-03-06 10:48:16.221
123.0, -38348.19505789221, -44700.672590812756, -50168.98216831472, -49188.90287743841, -23950.207108283892, -27013.468982394814, -57092.59147555727, -44157.547552293254, 0.022, 0.92, -0.368, 192.0, 0.0, 0.0, 0.0, 0.0, 0.0, 0.0, 0.0, 0.0, 0.0, 1.741279696221632E9, 0.0, 2025-03-06 10:48:16.221
124.0, -38347.233932880634, -44701.47725361315, -50163.103659522974, -49182.17500235737, -23981.45484703241, -26999.87912176599, -57086.24358013196, -44175.47365134641, 0.024, 0.922, -0.366, 192.0, 0.0, 192.0, 28.0, 208.0, 244.0, 144.0, 0.0, 0.0, 0.0, 1.741279696221646E9, 0.0, 2025-03-06 10:48:16.221
125.0, -38346.138697402326, -44708.495701372114, -50169.63036890392, -49189.618133260985, -23995.737611739354, -26999.67795606589, -57097.754728526445, -44187.0295032298, 0.024, 0.922, -0.366, 192.0, 0.0, 0.0, 0.0, 0.0, 0.0, 0.0, 0.0, 0.0, 0.0, 1.741279696221662E9, 0.0, 2025-03-06 10:48:16.221
126.0, -38338.31558684297, -44706.10406471539, -50156.97928154222, -49181.59385700153, -23984.718201722884, -27000.86259852202, -57091.58564705678, -44168.656369287535, 0.024, 0.922, -0.366, 192.0, 0.0, 0.0, 0.0, 0.0, 0.0, 0.0, 0.0, 0.0, 0.0, 1.741279696221675E9, 0.0, 2025-03-06 10:48:16.221
127.0, -38335.78983971952, -44704.91942225926, -50152.196008228784, -49181.862077934995, -23953.112835063082, -27002.181351444884, -57083.82959173079, -44146.863418443616, 0.024, 0.922, -0.366, 192.0, 0.0, 0.0, 0.0, 0.0, 0.0, 0.0, 0.0, 0.0, 0.0, 1.741279696221696E9, 0.0, 2025-03-06 10:48:16.221
128.0, -38338.13677288732, -44702.59484083591, -50150.74314483919, -49176.16238309889, -23972.715314950387, -26993.53122634068, -57081.23678937397, -44167.51643032032, 0.024, 0.922, -0.366, 192.0, 0.0, 0.0, 0.0, 0.0, 0.0, 0.0, 0.0, 0.0, 0.0, 1.741279696221713E9, 0.0, 2025-03-06 10:48:16.221
129.0, -38338.58380777643, -44701.07492221295, -50153.89474080739, -49176.54236275463, -24007.002890944827, -26995.788752530665, -57085.90830396513, -44149.67973824498, 0.024, 0.922, -0.366, 192.0, 0.0, 0.0, 0.0, 0.0, 0.0, 0.0, 0.0, 0.0, 0.0, 1.74127969622173E9, 0.0, 2025-03-06 10:48:16.221
130.0, -38339.768450232565, -44705.74643680411, -50158.81212458755, -49184.76780471418, -24004.47714382138, -27005.511761368725, -57092.77028951291, -44185.5319363513, 0.024, 0.922, -0.366, 192.0, 0.0, 0.0, 0.0, 0.0, 0.0, 0.0, 0.0, 0.0, 0.0, 1.741279696221744E9, 0.0, 2025-03-06 10:48:16.221
131.0, -38338.62851126534, -44705.96995424866, -50155.347604196984, -49169.836839418036, -23958.499605476813, -26983.38353435797, -57089.7751557559, -44186.11308170713, 0.024, 0.922, -0.366, 192.0, 0.0, 0.0, 0.0, 0.0, 0.0, 0.0, 0.0, 0.0, 0.0, 1.741279696221757E9, 0.0, 2025-03-06 10:48:16.221
132.0, -38335.67808099724, -44705.09823621491, -50155.12408675243, -49172.764917941684, -23980.158445854002, -26977.23680463276, -57084.20957138653, -44165.9741599529, 0.024, 0.922, -0.366, 192.0, 0.0, 0.0, 0.0, 0.0, 0.0, 0.0, 0.0, 0.0, 0.0, 1.741279696221771E9, 0.0, 2025-03-06 10:48:16.221
133.0, -38329.15137161629, -44702.147805946806, -50155.16879024134, -49172.31788305258, -24033.690873824464, -26973.369952841993, -57082.801411485845, -44163.291950618266, 0.024, 0.922, -0.366, 192.0, 0.0, 0.0, 0.0, 0.0, 0.0, 0.0, 0.0, 0.0, 0.0, 1.741279696281963E9, 0.0, 2025-03-06 10:48:16.281
134.0, -38325.1951128477, -44697.811567522476, -50152.35247043997, -49160.13618232444, -24044.53146988529, -26975.046333676142, -57083.427260330594, -44161.7720319953, 0.026000000000000002, 0.922, -0.364, 192.0, 0.0, 208.0, 28.0, 208.0, 244.0, 160.0, 0.0, 0.0, 0.0, 1.741279696281997E9, 0.0, 2025-03-06 10:48:16.281
135.0, -38337.466220553666, -44710.395599650816, -50169.339796226006, -49173.86015341999, -23966.03214335825, -26994.358240885525, -57105.086100707784, -44180.14516593757, 0.026000000000000002, 0.922, -0.364, 192.0, 0.0, 0.0, 0.0, 0.0, 0.0, 0.0, 0.0, 0.0, 0.0, 1.741279696282012E9, 0.0, 2025-03-06 10:48:16.282
136.0, -38349.31264511498, -44722.08556200094, -50179.48748820871, -49182.80085120212, -23941.199355268403, -26992.950080984843, -57101.24160066147, -44168.43285184298, 0.026000000000000002, 0.922, -0.364, 192.0, 0.0, 0.0, 0.0, 0.0, 0.0, 0.0, 0.0, 0.0, 0.0, 1.741279696282026E9, 0.0, 2025-03-06 10:48:16.282
137.0, -38330.6489384948, -44704.315925158975, -50157.80629608707, -49167.311092294585, -24016.077699193684, -26970.866557463, -57083.15903939713, -44168.656369287535, 0.026000000000000002, 0.922, -0.364, 192.0, 0.0, 0.0, 0.0, 0.0, 0.0, 0.0, 0.0, 0.0, 0.0, 1.741279696282039E9, 0.0, 2025-03-06 10:48:16.282
138.0, -38311.98523187461, -44690.323733129946, -50148.910301793854, -49161.812563158586, -24056.780225846796, -26974.308726109117, -57076.855847460734, -44153.278369102285, 0.026000000000000002, 0.922, -0.364, 192.0, 0.0, 0.0, 0.0, 0.0, 0.0, 0.0, 0.0, 0.0, 0.0, 1.741279696282057E9, 0.0, 2025-03-06 10:48:16.282
139.0, -38304.65385969327, -44685.585163305426, -50147.83741806, -49162.46076374779, -24017.597617816642, -26982.042429690653, -57078.68869050607, -44146.79636321025, 0.026000000000000002, 0.922, -0.364, 192.0, 0.0, 0.0, 0.0, 0.0, 0.0, 0.0, 0.0, 0.0, 0.0, 1.741279696282071E9, 0.0, 2025-03-06 10:48:16.282
140.0, -38316.276766810035, -44689.11673892936, -50150.18435122781, -49169.07688010656, -23980.113742365094, -26986.311612881615, -57081.52736205189, -44153.568941780206, 0.026000000000000002, 0.922, -0.364, 192.0, 0.0, 0.0, 0.0, 0.0, 0.0, 0.0, 0.0, 0.0, 0.0, 1.741279696282085E9, 0.0, 2025-03-06 10:48:16.282
141.0, -38317.05907786597, -44688.35677961788, -50148.32915643801, -49165.2547318047, -24010.668577035496, -26982.489464579758, -57077.92873119459, -44154.50771504733, 0.026000000000000002, 0.922, -0.364, 192.0, 0.0, 0.0, 0.0, 0.0, 0.0, 0.0, 0.0, 0.0, 0.0, 1.741279696282098E9, 0.0, 2025-03-06 10:48:16.282
142.0, -38314.08629585341, -44681.517145814556, -50146.183388970305, -49162.93015038135, -24021.062138207217, -26982.869444235497, -57069.05508864583, -44149.25505510033, 0.026000000000000002, 0.922, -0.364, 192.0, 0.0, 0.0, 0.0, 0.0, 0.0, 0.0, 0.0, 0.0, 0.0, 1.741279696282115E9, 0.0, 2025-03-06 10:48:16.282
143.0, -38318.17666508874, -44684.26641038256, -50155.79463908609, -49172.83197317505, -23972.98353588385, -26986.28926113716, -57070.39619331315, -44159.04511917176, 0.026000000000000002, 0.922, -0.364, 192.0, 0.0, 0.0, 0.0, 0.0, 0.0, 0.0, 0.0, 0.0, 0.0, 1.741279696282133E9, 0.0, 2025-03-06 10:48:16.282
144.0, -38320.41183953427, -44687.663875539765, -50158.05216527607, -49176.855287177, -23932.5492301642, -26992.838322262567, -57070.57500726879, -44153.61364526911, 0.018000000000000002, 0.922, -0.372, 192.0, 0.0, 144.0, 28.0, 208.0, 244.0, 96.0, 0.0, 0.0, 0.0, 1.741279696282147E9, 0.0, 2025-03-06 10:48:16.282
145.0, -38304.65385969327, -44678.32084635745, -50141.26600519014, -49169.68037720685, -23984.74055346734, -26987.652717548935, -57047.642117457646, -44131.68658395846, 0.018000000000000002, 0.922, -0.372, 192.0, 0.0, 0.0, 0.0, 0.0, 0.0, 0.0, 0.0, 0.0, 0.0, 1.741279696282165E9, 0.0, 2025-03-06 10:48:16.282
146.0, -38299.31179276846, -44676.689169012214, -50137.55561561056, -49166.484077749745, -24008.768678756798, -26978.466150577802, -57044.982259867465, -44151.75845047933, 0.018000000000000002, 0.922, -0.372, 192.0, 0.0, 0.0, 0.0, 0.0, 0.0, 0.0, 0.0, 0.0, 0.0, 1.741279696282179E9, 0.0, 2025-03-06 10:48:16.282
147.0, -38297.121321811836, -44671.21299162066, -50135.02986848711, -49157.09634507851, -23987.825094202173, -26976.38743834346, -57047.6644692021, -44153.05485165773, 0.018000000000000002, 0.922, -0.372, 192.0, 0.0, 0.0, 0.0, 0.0, 0.0, 0.0, 0.0, 0.0, 0.0, 1.741279696282192E9, 0.0, 2025-03-06 10:48:16.282
148.0, -38302.73160967012, -44677.404424834785, -50137.46620863274, -49156.425792744856, -23951.21293678438, -26981.796560501643, -57043.97643136697, -44131.194845580445, 0.018000000000000002, 0.922, -0.372, 192.0, 0.0, 0.0, 0.0, 0.0, 0.0, 0.0, 0.0, 0.0, 0.0, 1.741279696342276E9, 0.0, 2025-03-06 10:48:16.342
149.0, -38314.10864759787, -44682.27710512604, -50139.20964470025, -49153.408307243386, -23977.69975396392, -26979.49433082275, -57043.305879033316, -44143.60006375314, 0.018000000000000002, 0.922, -0.372, 192.0, 0.0, 0.0, 0.0, 0.0, 0.0, 0.0, 0.0, 0.0, 0.0, 1.741279696342312E9, 0.0, 2025-03-06 10:48:16.342
150.0, -38307.00079286108, -44673.78344223302, -50127.47497886122, -49151.374298497954, -24030.360463900623, -26971.693572007844, -57044.64698370064, -44136.04517412725, 0.018000000000000002, 0.922, -0.372, 192.0, 0.0, 0.0, 0.0, 0.0, 0.0, 0.0, 0.0, 0.0, 0.0, 1.741279696342326E9, 0.0, 2025-03-06 10:48:16.342
151.0, -38309.079505095426, -44684.13229991583, -50130.42540912931, -49158.77272591266, -24011.160315413515, -26966.15033938293, -57047.88798664665, -44176.85945950264, 0.018000000000000002, 0.922, -0.372, 192.0, 0.0, 0.0, 0.0, 0.0, 0.0, 0.0, 0.0, 0.0, 0.0, 1.74127969634234E9, 0.0, 2025-03-06 10:48:16.342
152.0, -38314.332165042426, -44688.60264880689, -50139.56727261154, -49159.51033347969, -23951.682323417943, -26970.777150485177, -57056.82868442878, -44183.65438981705, 0.018000000000000002, 0.922, -0.372, 192.0, 0.0, 0.0, 0.0, 0.0, 0.0, 0.0, 0.0, 0.0, 0.0, 1.741279696342353E9, 0.0, 2025-03-06 10:48:16.342
153.0, -38311.58290047442, -44685.920439472255, -50137.510912121645, -49159.622092201964, -23972.31298355019, -26967.7149614948, -57050.4137337701, -44175.294837390764, 0.018000000000000002, 0.922, -0.372, 192.0, 0.0, 0.0, 0.0, 0.0, 0.0, 0.0, 0.0, 0.0, 0.0, 1.741279696342367E9, 0.0, 2025-03-06 10:48:16.342
154.0, -38304.43034224872, -44684.55698306048, -50137.935595266295, -49161.11965908047, -24006.578207800176, -26970.643040018447, -57044.60228021172, -44163.51546806282, 0.022, 0.916, -0.372, 192.0, 0.0, 176.0, 28.0, 160.0, 244.0, 96.0, 0.0, 0.0, 0.0, 1.741279696342381E9, 0.0, 2025-03-06 10:48:16.342
155.0, -38304.877377137826, -44684.735797016125, -50141.44481914578, -49163.91362713738, -23988.249777346824, -26980.164883156405, -57047.32919303527, -44168.74577626536, 0.022, 0.916, -0.372, 192.0, 0.0, 0.0, 0.0, 0.0, 0.0, 0.0, 0.0, 0.0, 0.0, 1.741279696342396E9, 0.0, 2025-03-06 10:48:16.342
156.0, -38308.96774637315, -44682.925305715245, -50143.881159291406, -49164.092441093024, -23928.078881273137, -26964.541013782145, -57045.7645709234, -44163.2248953849, 0.022, 0.916, -0.372, 192.0, 0.0, 0.0, 0.0, 0.0, 0.0, 0.0, 0.0, 0.0, 0.0, 1.74127969634241E9, 0.0, 2025-03-06 10:48:16.342
157.0, -38306.285537038515, -44677.31501785696, -50132.16884519683, -49148.62503392995, -23951.101178062105, -26954.326266566073, -57031.95119285002, -44122.07533384268, 0.022, 0.916, -0.372, 192.0, 0.0, 0.0, 0.0, 0.0, 0.0, 0.0, 0.0, 0.0, 0.0, 1.741279696342423E9, 0.0, 2025-03-06 10:48:16.342
158.0, -38301.25639453607, -44676.756224245575, -50128.79373178408, -49148.69208916332, -24009.238065390356, -26959.78009221317, -57029.53720444885, -44138.816790439705, 0.022, 0.916, -0.372, 192.0, 0.0, 0.0, 0.0, 0.0, 0.0, 0.0, 0.0, 0.0, 0.0, 1.741279696342444E9, 0.0, 2025-03-06 10:48:16.342
159.0, -38308.76658067305, -44678.45495682418, -50131.25242367416, -49147.57450194055, -23988.719163980386, -26954.885060177454, -57038.835530142256, -44161.21323838392, 0.022, 0.916, -0.372, 192.0, 0.0, 0.0, 0.0, 0.0, 0.0, 0.0, 0.0, 0.0, 0.0, 1.741279696342457E9, 0.0, 2025-03-06 10:48:16.342
160.0, -38302.79866490349, -44673.537573044014, -50129.86661551793, -49144.02057457216, -23902.039098982706, -26959.981257913263, -57037.226204541475, -44158.62043602711, 0.022, 0.916, -0.372, 192.0, 0.0, 0.0, 0.0, 0.0, 0.0, 0.0, 0.0, 0.0, 0.0, 1.741279696342475E9, 0.0, 2025-03-06 10:48:16.342
161.0, -38291.91336535375, -44659.3889188038, -50116.70143803376, -49129.38018195393, -23885.76702901924, -26943.619780971978, -57019.389512466136, -44141.16372360751, 0.022, 0.916, -0.372, 192.0, 0.0, 0.0, 0.0, 0.0, 0.0, 0.0, 0.0, 0.0, 0.0, 1.741279696342489E9, 0.0, 2025-03-06 10:48:16.342
162.0, -38277.1835657577, -44647.40838377576, -50100.51877504811, -49114.6950858468, -23922.937980048417, -26921.156277794395, -57002.402186680105, -44122.74588617634, 0.022, 0.916, -0.372, 192.0, 0.0, 0.0, 0.0, 0.0, 0.0, 0.0, 0.0, 0.0, 0.0, 1.741279696342505E9, 0.0, 2025-03-06 10:48:16.342
163.0, -38277.85411809136, -44652.37047104484, -50107.2242983847, -49121.177091738835, -23922.334482948125, -26922.832658628544, -57005.64318962613, -44121.02480185328, 0.022, 0.916, -0.372, 192.0, 0.0, 0.0, 0.0, 0.0, 0.0, 0.0, 0.0, 0.0, 0.0, 1.741279696402631E9, 0.0, 2025-03-06 10:48:16.402
164.0, -38283.710275138656, -44662.96519791665, -50116.58967931148, -49138.45499020279, -23891.60083432208, -26947.643094973933, -57017.1096345317, -44139.30852881772, 0.028, 0.914, -0.37, 192.0, 0.0, 224.0, 28.0, 144.0, 244.0, 112.0, 0.0, 0.0, 0.0, 1.741279696402695E9, 0.0, 2025-03-06 10:48:16.402
165.0, -38285.587821672896, -44664.529820028525, -50115.65090604436, -49135.929243079336, -23881.47549408382, -26943.172746082873, -57017.04257929833, -44140.292005573756, 0.028, 0.914, -0.37, 192.0, 0.0, 0.0, 0.0, 0.0, 0.0, 0.0, 0.0, 0.0, 0.0, 1.741279696402712E9, 0.0, 2025-03-06 10:48:16.402
166.0, -38289.432321719214, -44667.65906425227, -50119.74127527968, -49141.40542047089, -23911.940921776408, -26943.418615271883, -57019.97065782198, -44155.0218051698, 0.028, 0.914, -0.37, 192.0, 0.0, 0.0, 0.0, 0.0, 0.0, 0.0, 0.0, 0.0, 0.0, 1.741279696402725E9, 0.0, 2025-03-06 10:48:16.402
167.0, -38282.25741174906, -44659.903008926274, -50112.72282752071, -49130.609527898974, -23928.078881273137, -26941.764586182187, -57016.32732347576, -44158.531029049285, 0.028, 0.914, -0.37, 192.0, 0.0, 0.0, 0.0, 0.0, 0.0, 0.0, 0.0, 0.0, 0.0, 1.741279696402739E9, 0.0, 2025-03-06 10:48:16.402
168.0, -38282.05624604896, -44657.824296691935, -50117.75197002316, -49129.6484028874, -23891.287909899704, -26946.503156006715, -57017.959000821, -44138.056831128226, 0.028, 0.914, -0.37, 192.0, 0.0, 0.0, 0.0, 0.0, 0.0, 0.0, 0.0, 0.0, 0.0, 1.741279696402752E9, 0.0, 2025-03-06 10:48:16.402
169.0, -38294.10383631037, -44673.761090488566, -50129.86661551793, -49148.8485513745, -23833.262781293724, -26964.205737615317, -57027.14556779213, -44143.6671189865, 0.028, 0.914, -0.37, 192.0, 0.0, 0.0, 0.0, 0.0, 0.0, 0.0, 0.0, 0.0, 0.0, 1.74127969640277E9, 0.0, 2025-03-06 10:48:16.402
170.0, -38295.444940977686, -44678.81258473547, -50130.738333551686, -49154.324728766056, -23862.118883385527, -26962.372894569984, -57027.27967825886, -44144.51648527581, 0.028, 0.914, -0.37, 192.0, 0.0, 0.0, 0.0, 0.0, 0.0, 0.0, 0.0, 0.0, 0.0, 1.741279696402784E9, 0.0, 2025-03-06 10:48:16.402
171.0, -38285.67722865072, -44674.56575328896, -50123.675182303814, -49150.99431884221, -23904.72130831734, -26952.605182243013, -57025.42448346907, -44142.14720036354, 0.028, 0.914, -0.37, 192.0, 0.0, 0.0, 0.0, 0.0, 0.0, 0.0, 0.0, 0.0, 0.0, 1.741279696402798E9, 0.0, 2025-03-06 10:48:16.402
172.0, -38276.557716912954, -44664.90979968427, -50115.27092638861, -49137.20329251329, -23894.10422970107, -26950.615876986492, -57020.86472760019, -44120.130732075064, 0.028, 0.914, -0.37, 192.0, 0.0, 0.0, 0.0, 0.0, 0.0, 0.0, 0.0, 0.0, 0.0, 1.741279696402812E9, 0.0, 2025-03-06 10:48:16.402
173.0, -38279.23992624759, -44662.38405256082, -50116.32145837801, -49129.067257531555, -23866.85745321005, -26945.8102519286, -57016.5061374314, -44139.06265962871, 0.028, 0.914, -0.37, 192.0, 0.0, 0.0, 0.0, 0.0, 0.0, 0.0, 0.0, 0.0, 0.0, 1.741279696402829E9, 0.0, 2025-03-06 10:48:16.402
174.0, -38297.680115423216, -44676.26448586756, -50129.66544981783, -49141.11484779297, -23894.81948552364, -26954.90741192191, -57028.59843118172, -44152.76427897981, 0.028, 0.914, -0.368, 192.0, 0.0, 224.0, 28.0, 144.0, 244.0, 128.0, 0.0, 0.0, 0.0, 1.741279696402846E9, 0.0, 2025-03-06 10:48:16.402
175.0, -38301.41285674726, -44677.6949975127, -50132.52647310811, -49142.45595246029, -23917.86413405706, -26954.505080521714, -57029.3583904932, -44139.17441835099, 0.028, 0.914, -0.368, 192.0, 0.0, 0.0, 0.0, 0.0, 0.0, 0.0, 0.0, 0.0, 0.0, 1.741279696402865E9, 0.0, 2025-03-06 10:48:16.402
176.0, -38284.045551305484, -44670.83301196492, -50122.982278225696, -49135.03517330113, -23902.4414303829, -26950.548821753124, -57025.31272474679, -44129.40670602402, 0.028, 0.914, -0.368, 192.0, 0.0, 0.0, 0.0, 0.0, 0.0, 0.0, 0.0, 0.0, 0.0, 1.741279696402878E9, 0.0, 2025-03-06 10:48:16.402
177.0, -38275.4848331791, -44667.21202936316, -50120.09890319096, -49130.76599011016, -23865.67281075392, -26945.720844950778, -57023.74810263492, -44114.87807212807, 0.028, 0.914, -0.368, 192.0, 0.0, 0.0, 0.0, 0.0, 0.0, 0.0, 0.0, 0.0, 0.0, 1.741279696402892E9, 0.0, 2025-03-06 10:48:16.402
178.0, -38277.00475180206, -44664.6415787508, -50114.041580443576, -49125.46862667425, -23887.01872670874, -26942.166917582384, -57024.39630322413, -44126.8139036672, 0.028, 0.914, -0.368, 192.0, 0.0, 0.0, 0.0, 0.0, 0.0, 0.0, 0.0, 0.0, 0.0, 1.7412796964628E9, 0.0, 2025-03-06 10:48:16.462
179.0, -38264.755995840555, -44652.996319889586, -50101.41284482633, -49110.24708870019, -23939.366512223067, -26929.00174009821, -57011.18642225104, -44117.5155779738, 0.028, 0.914, -0.368, 192.0, 0.0, 0.0, 0.0, 0.0, 0.0, 0.0, 0.0, 0.0, 0.0, 1.741279696462838E9, 0.0, 2025-03-06 10:48:16.462
180.0, -38275.8871645793, -44664.529820028525, -50114.71213277723, -49122.62995512843, -23930.02348304075, -26928.867629631477, -57015.18738450854, -44102.316391744185, 0.028, 0.914, -0.368, 192.0, 0.0, 0.0, 0.0, 0.0, 0.0, 0.0, 0.0, 0.0, 0.0, 1.741279696462853E9, 0.0, 2025-03-06 10:48:16.462
181.0, -38291.13105429782, -44674.14107014431, -50121.77528402511, -49131.593004655006, -23882.14604641748, -26927.48182147525, -57012.10284377371, -44093.375693962065, 0.028, 0.914, -0.368, 192.0, 0.0, 0.0, 0.0, 0.0, 0.0, 0.0, 0.0, 0.0, 0.0, 1.741279696462867E9, 0.0, 2025-03-06 10:48:16.462
182.0, -38307.91721438375, -44683.059416181975, -50131.1853684408, -49143.01474607167, -23881.564901061643, -26939.909391392397, -57022.96579157899, -44118.90138613003, 0.028, 0.914, -0.368, 192.0, 0.0, 0.0, 0.0, 0.0, 0.0, 0.0, 0.0, 0.0, 0.0, 1.741279696462881E9, 0.0, 2025-03-06 10:48:16.462
183.0, -38308.40895276177, -44678.47730856864, -50128.34669689497, -49143.81940887206, -23916.768898578754, -26930.409899998893, -57014.785053108346, -44095.25324049631, 0.028, 0.914, -0.368, 192.0, 0.0, 0.0, 0.0, 0.0, 0.0, 0.0, 0.0, 0.0, 0.0, 1.741279696462894E9, 0.0, 2025-03-06 10:48:16.462
184.0, -38290.86283336435, -44662.11583162735, -50113.54984206556, -49128.664926131365, -23936.326674977146, -26921.916237105877, -57006.76077684889, -44111.413551737496, 0.024, 0.92, -0.376, 192.0, 0.0, 192.0, 28.0, 192.0, 244.0, 64.0, 0.0, 0.0, 0.0, 1.741279696462908E9, 0.0, 2025-03-06 10:48:16.462
185.0, -38287.91240309625, -44664.12748862833, -50114.82389149951, -49122.04880977259, -23890.460895354856, -26922.475030717258, -57019.76949212188, -44181.41921537152, 0.024, 0.92, -0.376, 192.0, 0.0, 0.0, 0.0, 0.0, 0.0, 0.0, 0.0, 0.0, 0.0, 1.741279696462923E9, 0.0, 2025-03-06 10:48:16.462
186.0, -38290.90753685326, -44671.95059918769, -50117.50610083414, -49133.2470337447, -23875.887557969996, -26933.449737244817, -57022.45170145651, -44155.0218051698, 0.024, 0.92, -0.376, 192.0, 0.0, 0.0, 0.0, 0.0, 0.0, 0.0, 0.0, 0.0, 0.0, 1.741279696462936E9, 0.0, 2025-03-06 10:48:16.462
187.0, -38290.77342638653, -44665.647407251294, -50116.56732756703, -49130.475417432244, -23917.551209634687, -26938.657693702902, -57015.254439741904, -44133.34061304815, 0.024, 0.92, -0.376, 192.0, 0.0, 0.0, 0.0, 0.0, 0.0, 0.0, 0.0, 0.0, 0.0, 1.74127969646295E9, 0.0, 2025-03-06 10:48:16.462
188.0, -38289.05234206347, -44663.211067105665, -50118.91426073483, -49128.597870898, -23933.219782497858, -26939.57411522557, -57019.456567699504, -44137.74390670585, 0.024, 0.92, -0.376, 192.0, 0.0, 0.0, 0.0, 0.0, 0.0, 0.0, 0.0, 0.0, 0.0, 1.741279696462968E9, 0.0, 2025-03-06 10:48:16.462
189.0, -38284.42553096122, -44665.80386946248, -50123.27285090362, -49138.656155902885, -23896.71938380234, -26948.067778118584, -57023.52458519037, -44129.026726368276, 0.024, 0.92, -0.376, 192.0, 0.0, 0.0, 0.0, 0.0, 0.0, 0.0, 0.0, 0.0, 0.0, 1.741279696462985E9, 0.0, 2025-03-06 10:48:16.462
190.0, -38294.170891543734, -44673.67168351074, -50129.57604284001, -49150.5025804642, -23864.5328717867, -26954.43802528835, -57023.25636425691, -44124.84695015514, 0.024, 0.92, -0.376, 192.0, 0.0, 0.0, 0.0, 0.0, 0.0, 0.0, 0.0, 0.0, 0.0, 1.741279696463002E9, 0.0, 2025-03-06 10:48:16.463
191.0, -38291.53338569801, -44676.37624458984, -50124.6810108043, -49145.719307150765, -23903.15668620547, -26951.37583629797, -57021.9599630785, -44138.660328228514, 0.024, 0.92, -0.376, 192.0, 0.0, 0.0, 0.0, 0.0, 0.0, 0.0, 0.0, 0.0, 0.0, 1.741279696463015E9, 0.0, 2025-03-06 10:48:16.463
192.0, -38277.65295239126, -44665.80386946248, -50111.49348157567, -49132.28590873312, -23943.009846569283, -26949.118310107984, -57016.55084092032, -44112.307621515705, 0.024, 0.92, -0.376, 192.0, 0.0, 0.0, 0.0, 0.0, 0.0, 0.0, 0.0, 0.0, 0.0, 1.741279696463029E9, 0.0, 2025-03-06 10:48:16.463
193.0, -38274.14372851178, -44663.45693629467, -50108.855975729944, -49133.29173723361, -23919.808735824674, -26949.990028141743, -57016.863765342685, -44101.37761847706, 0.02, 0.916, -0.372, 192.0, 0.0, 160.0, 28.0, 160.0, 244.0, 96.0, 0.0, 0.0, 0.0, 1.741279696463043E9, 0.0, 2025-03-06 10:48:16.463
194.0, -38280.73749312609, -44669.64836950879, -50111.359371108934, -49138.499693691694, -23891.466723855345, -26944.312685050096, -57017.66842814308, -44114.1628163055, 0.02, 0.916, -0.372, 192.0, 0.0, 0.0, 0.0, 0.0, 0.0, 0.0, 0.0, 0.0, 0.0, 1.741279696522557E9, 0.0, 2025-03-06 10:48:16.522
195.0, -38284.134958283306, -44674.521049800045, -50109.19125189677, -49138.20912101378, -23920.322825947147, -26940.334074537048, -57013.578058907755, -44104.126883045064, 0.02, 0.916, -0.372, 192.0, 0.0, 0.0, 0.0, 0.0, 0.0, 0.0, 0.0, 0.0, 0.0, 1.74127969652258E9, 0.0, 2025-03-06 10:48:16.522
196.0, -38278.68113263621, -44666.273256096036, -50101.81517622652, -49125.75919935217, -23956.778521153752, -26934.835545401045, -57009.15241350561, -44094.22506025137, 0.02, 0.916, -0.372, 192.0, 0.0, 0.0, 0.0, 0.0, 0.0, 0.0, 0.0, 0.0, 0.0, 1.741279696522595E9, 0.0, 2025-03-06 10:48:16.522
197.0, -38281.29628673748, -44662.9428461722, -50109.9288594638, -49124.887481318416, -23940.93113433494, -26944.625609472467, -57012.48282342945, -44108.99956333632, 0.02, 0.916, -0.372, 192.0, 0.0, 0.0, 0.0, 0.0, 0.0, 0.0, 0.0, 0.0, 0.0, 1.74127969652261E9, 0.0, 2025-03-06 10:48:16.522
198.0, -38281.36334197084, -44660.953540915674, -50107.045484429065, -49121.735885350216, -23882.369563862034, -26939.41765301438, -57019.83654735525, -44125.517502488794, 0.02, 0.916, -0.372, 192.0, 0.0, 0.0, 0.0, 0.0, 0.0, 0.0, 0.0, 0.0, 0.0, 1.741279696522624E9, 0.0, 2025-03-06 10:48:16.522
199.0, -38273.1826035002, -44652.281064067014, -50095.04259765656, -49111.9905247677, -23921.999206781293, -26925.559571452093, -57002.245724468914, -44080.21051647789, 0.02, 0.916, -0.372, 192.0, 0.0, 0.0, 0.0, 0.0, 0.0, 0.0, 0.0, 0.0, 0.0, 1.741279696522637E9, 0.0, 2025-03-06 10:48:16.522
200.0, -38265.91828655223, -44646.000223875075, -50093.85795520043, -49112.795187568096, -23963.238175301336, -26919.681062660347, -56992.99210226442, -44078.131804243545, 0.02, 0.916, -0.372, 192.0, 0.0, 0.0, 0.0, 0.0, 0.0, 0.0, 0.0, 0.0, 0.0, 1.741279696522651E9, 0.0, 2025-03-06 10:48:16.522
201.0, -38265.20303072966, -44643.29566279599, -50094.84143195646, -49108.950687521785, -23945.401483226, -26910.80742011159, -56992.43330865304, -44081.35045544511, 0.02, 0.916, -0.372, 192.0, 0.0, 0.0, 0.0, 0.0, 0.0, 0.0, 0.0, 0.0, 0.0, 1.741279696522664E9, 0.0, 2025-03-06 10:48:16.522
202.0, -38267.63937087529, -44644.10032559637, -50097.00955116863, -49106.53669912061, -23905.436564139913, -26911.008585811687, -56995.47314589896, -44082.06571126768, 0.02, 0.916, -0.372, 192.0, 0.0, 0.0, 0.0, 0.0, 0.0, 0.0, 0.0, 0.0, 0.0, 1.74127969652268E9, 0.0, 2025-03-06 10:48:16.522
203.0, -38270.05335927646, -44641.77574417302, -50099.66940875881, -49097.66305657185, -23929.509392918277, -26894.736515848224, -56994.4002621651, -44090.40291194951, 0.018000000000000002, 0.91, -0.374, 192.0, 0.0, 144.0, 28.0, 112.0, 244.0, 80.0, 0.0, 0.0, 0.0, 1.741279696522708E9, 0.0, 2025-03-06 10:48:16.522
204.0, -38269.62867613181, -44641.90985463975, -50101.12227214841, -49097.01485598265, -23957.53848046523, -26898.357498449983, -57006.98429429344, -44105.602098179115, 0.018000000000000002, 0.91, -0.374, 192.0, 0.0, 0.0, 0.0, 0.0, 0.0, 0.0, 0.0, 0.0, 0.0, 1.741279696522727E9, 0.0, 2025-03-06 10:48:16.522
205.0, -38261.51499289453, -44635.02551734752, -50092.74036797767, -49091.739844291194, -23940.752320379295, -26903.096068274506, -57016.97552406497, -44123.32703153218, 0.018000000000000002, 0.91, -0.374, 192.0, 0.0, 0.0, 0.0, 0.0, 0.0, 0.0, 0.0, 0.0, 0.0, 1.741279696522744E9, 0.0, 2025-03-06 10:48:16.522
206.0, -38254.92122828022, -44625.77189514302, -50081.67625447229, -49083.89438198738, -23890.840875010595, -26897.32931820504, -57012.77339610737, -44101.131749288055, 0.018000000000000002, 0.91, -0.374, 192.0, 0.0, 0.0, 0.0, 0.0, 0.0, 0.0, 0.0, 0.0, 0.0, 1.741279696522758E9, 0.0, 2025-03-06 10:48:16.522
207.0, -38267.10292900836, -44635.33844176989, -50088.381777808885, -49094.958495492756, -23885.610566808056, -26907.56641716557, -57015.8579368422, -44109.69246741444, 0.018000000000000002, 0.91, -0.374, 192.0, 0.0, 0.0, 0.0, 0.0, 0.0, 0.0, 0.0, 0.0, 0.0, 1.741279696522772E9, 0.0, 2025-03-06 10:48:16.522
208.0, -38271.05918777695, -44638.55709297146, -50091.91335343282, -49101.753425807176, -23918.892314302007, -26911.23210325624, -57025.603297424714, -44128.69145020145, 0.018000000000000002, 0.91, -0.374, 192.0, 0.0, 0.0, 0.0, 0.0, 0.0, 0.0, 0.0, 0.0, 0.0, 1.741279696522785E9, 0.0, 2025-03-06 10:48:16.522
209.0, -38261.1797167277, -44635.517255725536, -50087.465356286215, -49103.00512349667, -23937.667779644464, -26911.969710823265, -57015.23208799745, -44122.790589665245, 0.018000000000000002, 0.91, -0.374, 192.0, 0.0, 0.0, 0.0, 0.0, 0.0, 0.0, 0.0, 0.0, 0.0, 1.741279696582825E9, 0.0, 2025-03-06 10:48:16.582
210.0, -38259.011597515535, -44638.02065110453, -50093.65678950033, -49111.3423241785, -23890.460895354856, -26923.927894106855, -57013.868631585676, -44117.426170995976, 0.018000000000000002, 0.91, -0.374, 192.0, 0.0, 0.0, 0.0, 0.0, 0.0, 0.0, 0.0, 0.0, 0.0, 1.74127969658285E9, 0.0, 2025-03-06 10:48:16.582
211.0, -38264.08544350689, -44643.49682849608, -50093.9250104338, -49114.873899802435, -23867.460950310346, -26935.774318668166, -57013.443948441025, -44118.63316519656, 0.018000000000000002, 0.91, -0.374, 192.0, 0.0, 0.0, 0.0, 0.0, 0.0, 0.0, 0.0, 0.0, 0.0, 1.741279696582864E9, 0.0, 2025-03-06 10:48:16.582
212.0, -38266.03004527451, -44644.16738082974, -50090.48284178768, -49114.180995724324, -23897.52404660273, -26926.699510419312, -57003.60918088069, -44093.15217651751, 0.018000000000000002, 0.91, -0.374, 192.0, 0.0, 0.0, 0.0, 0.0, 0.0, 0.0, 0.0, 0.0, 0.0, 1.741279696582877E9, 0.0, 2025-03-06 10:48:16.582
213.0, -38265.873583063316, -44648.92830239872, -50098.35065583595, -49126.36269645247, -23904.453087383878, -26935.550801223613, -56994.579076120746, -44049.16394342946, 0.024, 0.908, -0.368, 192.0, 0.0, 192.0, 28.0, 96.0, 244.0, 128.0, 0.0, 0.0, 0.0, 1.74127969658289E9, 0.0, 2025-03-06 10:48:16.582
214.0, -38256.59760911437, -44639.920549383234, -50091.46631854372, -49111.454082900775, -23875.73109575881, -26926.721862163766, -56992.478012141946, -44092.23575499484, 0.024, 0.908, -0.368, 192.0, 0.0, 0.0, 0.0, 0.0, 0.0, 0.0, 0.0, 0.0, 0.0, 1.741279696582905E9, 0.0, 2025-03-06 10:48:16.582
215.0, -38254.38478641329, -44637.90889238226, -50087.174783608294, -49100.43467288431, -23819.76232764272, -26914.875437602455, -56991.18161096354, -44096.28142074125, 0.024, 0.908, -0.368, 192.0, 0.0, 0.0, 0.0, 0.0, 0.0, 0.0, 0.0, 0.0, 0.0, 1.741279696582919E9, 0.0, 2025-03-06 10:48:16.582
216.0, -38251.14378346727, -44630.37635450082, -50079.1728590933, -49092.05276871357, -23832.905153382442, -26902.246701985205, -56976.183590434026, -44076.12014724257, 0.024, 0.908, -0.368, 192.0, 0.0, 0.0, 0.0, 0.0, 0.0, 0.0, 0.0, 0.0, 0.0, 1.741279696582933E9, 0.0, 2025-03-06 10:48:16.582
217.0, -38253.1777922127, -44633.840874891386, -50081.13981260536, -49096.03137922662, -23835.207383061337, -26902.246701985205, -56974.28369215533, -44061.90443776899, 0.024, 0.908, -0.368, 192.0, 0.0, 0.0, 0.0, 0.0, 0.0, 0.0, 0.0, 0.0, 0.0, 1.741279696582946E9, 0.0, 2025-03-06 10:48:16.582
218.0, -38247.99218749907, -44636.92541562622, -50080.737481205164, -49100.16645195085, -23773.89654802043, -26898.75982985018, -56978.37406139065, -44081.484565911844, 0.024, 0.908, -0.368, 192.0, 0.0, 0.0, 0.0, 0.0, 0.0, 0.0, 0.0, 0.0, 0.0, 1.741279696582962E9, 0.0, 2025-03-06 10:48:16.582
219.0, -38234.536437336974, -44624.22962477561, -50062.297292029536, -49081.882724986404, -23735.02686441265, -26875.64812608339, -56961.23027339343, -44060.96566450187, 0.024, 0.908, -0.368, 192.0, 0.0, 0.0, 0.0, 0.0, 0.0, 0.0, 0.0, 0.0, 0.0, 1.741279696582978E9, 0.0, 2025-03-06 10:48:16.582
220.0, -38232.033041957984, -44624.11786605333, -50050.36146049041, -49074.46194582724, -23747.119158162972, -26868.473216113238, -56961.99023270491, -44050.12506844105, 0.024, 0.908, -0.368, 192.0, 0.0, 0.0, 0.0, 0.0, 0.0, 0.0, 0.0, 0.0, 0.0, 1.741279696582995E9, 0.0, 2025-03-06 10:48:16.582
221.0, -38222.06416393092, -44612.4279037032, -50042.62775690887, -49066.81764922353, -23786.972318526783, -26867.13211144592, -56953.72008725644, -44038.12218166854, 0.024, 0.908, -0.368, 192.0, 0.0, 0.0, 0.0, 0.0, 0.0, 0.0, 0.0, 0.0, 0.0, 1.741279696583008E9, 0.0, 2025-03-06 10:48:16.583
222.0, -38220.3207278634, -44610.46095019114, -50044.70646914321, -49067.28703585709, -23776.66816433289, -26872.85415802648, -56954.45769482347, -44038.39040260201, 0.024, 0.908, -0.368, 192.0, 0.0, 0.0, 0.0, 0.0, 0.0, 0.0, 0.0, 0.0, 0.0, 1.741279696583022E9, 0.0, 2025-03-06 10:48:16.583
223.0, -38230.11079193483, -44613.992525815076, -50052.75309714712, -49067.37644283491, -23721.03467238363, -26873.21178593776, -56964.53833157282, -44052.539056842215, 0.018000000000000002, 0.912, -0.364, 192.0, 0.0, 144.0, 28.0, 128.0, 244.0, 160.0, 0.0, 0.0, 0.0, 1.741279696583035E9, 0.0, 2025-03-06 10:48:16.583
224.0, -38241.64429207376, -44619.26753750653, -50059.65978618381, -49067.5329050461, -23748.102634919007, -26871.42364638134, -56962.37021236065, -44050.437992863415, 0.018000000000000002, 0.912, -0.364, 192.0, 0.0, 0.0, 0.0, 0.0, 0.0, 0.0, 0.0, 0.0, 0.0, 1.741279696643242E9, 0.0, 2025-03-06 10:48:16.643
225.0, -38240.504353106546, -44618.99931657306, -50061.58203620697, -49068.29286435758, -23794.303690708126, -26876.184567950317, -56965.25358739538, -44053.63429232053, 0.018000000000000002, 0.912, -0.364, 192.0, 0.0, 0.0, 0.0, 0.0, 0.0, 0.0, 0.0, 0.0, 0.0, 1.741279696643302E9, 0.0, 2025-03-06 10:48:16.643
226.0, -38241.51018160703, -44620.98862182959, -50064.264245541606, -49074.417242338335, -23777.13755096645, -26881.75015231969, -56970.19332292001, -44058.19404818941, 0.018000000000000002, 0.912, -0.364, 192.0, 0.0, 0.0, 0.0, 0.0, 0.0, 0.0, 0.0, 0.0, 0.0, 1.741279696643316E9, 0.0, 2025-03-06 10:48:16.643
227.0, -38249.512106122034, -44632.589177201895, -50075.12719334688, -49090.51049834615, -23715.78201243663, -26893.08248675853, -56976.407107878586, -44050.25917890778, 0.018000000000000002, 0.912, -0.364, 192.0, 0.0, 0.0, 0.0, 0.0, 0.0, 0.0, 0.0, 0.0, 0.0, 1.741279696643329E9, 0.0, 2025-03-06 10:48:16.643
228.0, -38264.107795251344, -44642.49099999559, -50082.88324867288, -49093.90796350336, -23717.100765359493, -26889.41680066786, -56979.268131168865, -44076.38836817603, 0.018000000000000002, 0.912, -0.364, 192.0, 0.0, 0.0, 0.0, 0.0, 0.0, 0.0, 0.0, 0.0, 0.0, 1.741279696643343E9, 0.0, 2025-03-06 10:48:16.643
229.0, -38263.59370512888, -44640.74756392808, -50082.972655650694, -49088.20826866726, -23759.8596525025, -26888.45567565628, -56979.93868350252, -44080.12110950007, 0.018000000000000002, 0.912, -0.364, 192.0, 0.0, 0.0, 0.0, 0.0, 0.0, 0.0, 0.0, 0.0, 0.0, 1.741279696643356E9, 0.0, 2025-03-06 10:48:16.643
230.0, -38254.34008292438, -44634.891406880786, -50077.7199957037, -49081.72626277522, -23757.669181545876, -26893.19424548081, -56980.98921549192, -44084.81497583568, 0.018000000000000002, 0.912, -0.364, 192.0, 0.0, 0.0, 0.0, 0.0, 0.0, 0.0, 0.0, 0.0, 0.0, 1.74127969664337E9, 0.0, 2025-03-06 10:48:16.643
231.0, -38250.67439683371, -44638.244168549085, -50080.35750154943, -49089.169393678836, -23708.182419321827, -26899.117457761462, -56982.73265155943, -44083.943257801926, 0.018000000000000002, 0.912, -0.364, 192.0, 0.0, 0.0, 0.0, 0.0, 0.0, 0.0, 0.0, 0.0, 0.0, 1.741279696643383E9, 0.0, 2025-03-06 10:48:16.643
232.0, -38258.20693471515, -44645.75435468607, -50081.653902727834, -49100.05469322857, -23705.41080300937, -26897.7987048386, -56985.03488123833, -44074.711987341885, 0.018000000000000002, 0.912, -0.364, 192.0, 0.0, 0.0, 0.0, 0.0, 0.0, 0.0, 0.0, 0.0, 0.0, 1.741279696643397E9, 0.0, 2025-03-06 10:48:16.643
233.0, -38253.20014395716, -44642.26748255104, -50076.44594626975, -49097.46189087175, -23747.096806418518, -26896.90463506039, -56982.30796841478, -44083.83149907965, 0.022, 0.912, -0.36, 192.0, 0.0, 176.0, 28.0, 128.0, 244.0, 192.0, 0.0, 0.0, 0.0, 1.741279696643413E9, 0.0, 2025-03-06 10:48:16.643
234.0, -38239.83380077288, -44637.73007842661, -50073.80844042402, -49093.505632103166, -23746.403902340404, -26902.89490257441, -56985.25839868288, -44094.3591707181, 0.022, 0.912, -0.36, 192.0, 0.0, 0.0, 0.0, 0.0, 0.0, 0.0, 0.0, 0.0, 0.0, 1.741279696643431E9, 0.0, 2025-03-06 10:48:16.643
235.0, -38236.771611782504, -44633.10326732436, -50076.2224288252, -49101.01581824015, -23694.21257903726, -26909.287501488627, -56983.313796915274, -44087.29601947022, 0.022, 0.912, -0.36, 192.0, 0.0, 0.0, 0.0, 0.0, 0.0, 0.0, 0.0, 0.0, 0.0, 1.741279696643449E9, 0.0, 2025-03-06 10:48:16.643
236.0, -38243.25361767455, -44629.41522948924, -50073.80844042402, -49097.0372077271, -23689.585767935012, -26895.8988065599, -56978.68698581302, -44071.985074518336, 0.022, 0.912, -0.36, 192.0, 0.0, 0.0, 0.0, 0.0, 0.0, 0.0, 0.0, 0.0, 0.0, 1.741279696643463E9, 0.0, 2025-03-06 10:48:16.643
237.0, -38244.34885315286, -44631.89627312378, -50070.79095492255, -49098.22185018323, -23746.202736640305, -26888.500379145193, -56978.3964131351, -44092.97336256187, 0.022, 0.912, -0.36, 192.0, 0.0, 0.0, 0.0, 0.0, 0.0, 0.0, 0.0, 0.0, 0.0, 1.741279696643476E9, 0.0, 2025-03-06 10:48:16.643
238.0, -38237.86684726082, -44629.52698821152, -50065.38183276437, -49084.85550699896, -23772.734257308755, -26883.873568042945, -56972.629663065636, -44078.66824611047, 0.022, 0.912, -0.36, 192.0, 0.0, 0.0, 0.0, 0.0, 0.0, 0.0, 0.0, 0.0, 0.0, 1.741279696643497E9, 0.0, 2025-03-06 10:48:16.643
239.0, -38235.16228618172, -44629.34817425587, -50070.410975266816, -49088.67765530082, -23730.04242539912, -26896.90463506039, -56976.51886660086, -44053.589588831615, 0.022, 0.912, -0.36, 192.0, 0.0, 0.0, 0.0, 0.0, 0.0, 0.0, 0.0, 0.0, 0.0, 1.741279696703515E9, 0.0, 2025-03-06 10:48:16.703
240.0, -38241.28666416248, -44638.668851693736, -50075.48482125817, -49097.126614704925, -23688.624642923434, -26900.41385893987, -56986.13011671664, -44085.99961829181, 0.022, 0.912, -0.36, 192.0, 0.0, 0.0, 0.0, 0.0, 0.0, 0.0, 0.0, 0.0, 0.0, 1.741279696703556E9, 0.0, 2025-03-06 10:48:16.703
241.0, -38236.83866701587, -44636.23251154811, -50069.919236888796, -49092.61156232495, -23727.293160831116, -26894.758867592678, -56982.062099225775, -44082.1551182455, 0.022, 0.912, -0.36, 192.0, 0.0, 0.0, 0.0, 0.0, 0.0, 0.0, 0.0, 0.0, 0.0, 1.74127969670357E9, 0.0, 2025-03-06 10:48:16.703
242.0, -38230.87075124631, -44632.61152894635, -50069.02516711059, -49097.886574016404, -23763.815911271085, -26902.939606063323, -56976.250645667395, -44061.85973428008, 0.022, 0.912, -0.36, 192.0, 0.0, 0.0, 0.0, 0.0, 0.0, 0.0, 0.0, 0.0, 0.0, 1.741279696703584E9, 0.0, 2025-03-06 10:48:16.703
243.0, -38223.33821336487, -44626.5318544545, -50063.124306574384, -49088.05180645607, -23745.107501161994, -26893.104838502986, -56972.629663065636, -44082.13276650105, 0.016, 0.914, -0.366, 192.0, 0.0, 128.0, 28.0, 144.0, 244.0, 144.0, 0.0, 0.0, 0.0, 1.741279696703597E9, 0.0, 2025-03-06 10:48:16.703
244.0, -38231.675414046695, -44629.59404344488, -50065.7171089312, -49080.89924823037, -23707.422460010348, -26888.120399489453, -56973.814305521766, -44080.00935077779, 0.016, 0.914, -0.366, 192.0, 0.0, 0.0, 0.0, 0.0, 0.0, 0.0, 0.0, 0.0, 0.0, 1.741279696703612E9, 0.0, 2025-03-06 10:48:16.703
245.0, -38238.64915831675, -44625.74954339857, -50065.38183276437, -49081.8380214975, -23752.46122508779, -26884.633527354425, -56969.947453731, -44075.96368503138, 0.016, 0.914, -0.366, 192.0, 0.0, 0.0, 0.0, 0.0, 0.0, 0.0, 0.0, 0.0, 0.0, 1.741279696703626E9, 0.0, 2025-03-06 10:48:16.703
246.0, -38238.738565294574, -44616.67473514971, -50061.78320190706, -49074.52900106061, -23813.257970006227, -26874.79875979409, -56958.86098848117, -44049.186295173924, 0.016, 0.914, -0.366, 192.0, 0.0, 0.0, 0.0, 0.0, 0.0, 0.0, 0.0, 0.0, 0.0, 1.741279696703639E9, 0.0, 2025-03-06 10:48:16.703
247.0, -38241.48782986258, -44626.06246782094, -50068.935760132765, -49081.8380214975, -23786.65939410441, -26882.957146520275, -56971.10974444268, -44070.19693496191, 0.016, 0.914, -0.366, 192.0, 0.0, 0.0, 0.0, 0.0, 0.0, 0.0, 0.0, 0.0, 0.0, 1.741279696703652E9, 0.0, 2025-03-06 10:48:16.703
248.0, -38244.59472234186, -44632.87974987981, -50070.34392003345, -49084.78845176559, -23723.247495084703, -26892.344879191507, -56976.51886660086, -44079.450557166405, 0.016, 0.914, -0.366, 192.0, 0.0, 0.0, 0.0, 0.0, 0.0, 0.0, 0.0, 0.0, 0.0, 1.741279696703671E9, 0.0, 2025-03-06 10:48:16.703
249.0, -38244.59472234186, -44629.0352498335, -50066.25355079813, -49084.78845176559, -23758.31738213508, -26889.41680066786, -56970.238026408915, -44080.4563856669, 0.016, 0.914, -0.366, 192.0, 0.0, 0.0, 0.0, 0.0, 0.0, 0.0, 0.0, 0.0, 0.0, 1.741279696703689E9, 0.0, 2025-03-06 10:48:16.703
250.0, -38242.06897521841, -44624.56490094244, -50066.544123476044, -49078.19468715128, -23813.257970006227, -26879.693791829803, -56964.717145528455, -44070.04047275073, 0.016, 0.914, -0.366, 192.0, 0.0, 0.0, 0.0, 0.0, 0.0, 0.0, 0.0, 0.0, 0.0, 1.741279696703707E9, 0.0, 2025-03-06 10:48:16.703
251.0, -38245.48879212008, -44625.57072944292, -50069.18162932177, -49075.601884794465, -23806.373632713992, -26884.789989565612, -56969.478067097436, -44074.30965594169, 0.016, 0.914, -0.366, 192.0, 0.0, 0.0, 0.0, 0.0, 0.0, 0.0, 0.0, 0.0, 0.0, 1.74127969670372E9, 0.0, 2025-03-06 10:48:16.703
252.0, -38253.62482710181, -44638.82531390492, -50079.284617815574, -49093.6844460588, -23736.904410946896, -26903.096068274506, -56986.33128241674, -44090.648781138516, 0.016, 0.914, -0.366, 192.0, 0.0, 0.0, 0.0, 0.0, 0.0, 0.0, 0.0, 0.0, 0.0, 1.741279696703733E9, 0.0, 2025-03-06 10:48:16.703
253.0, -38246.651082831755, -44629.236415533596, -50065.69475718674, -49086.151908177366, -23766.721638050276, -26897.32931820504, -56975.60244507819, -44071.135708229034, 0.014, 0.916, -0.37, 192.0, 0.0, 112.0, 28.0, 160.0, 244.0, 112.0, 0.0, 0.0, 0.0, 1.741279696703747E9, 0.0, 2025-03-06 10:48:16.703
254.0, -38236.05635595994, -44615.177168271206, -50056.88816987135, -49078.41820459583, -23827.116051568515, -26891.98725128022, -56967.377003118636, -44064.40783314798, 0.014, 0.916, -0.37, 192.0, 0.0, 0.0, 0.0, 0.0, 0.0, 0.0, 0.0, 0.0, 0.0, 1.741279696763731E9, 0.0, 2025-03-06 10:48:16.763
255.0, -38229.84257100136, -44614.819540359924, -50055.85998962641, -49078.06057668455, -23831.80991790413, -26880.207881952272, -56965.41004960657, -44058.350510400596, 0.014, 0.916, -0.37, 192.0, 0.0, 0.0, 0.0, 0.0, 0.0, 0.0, 0.0, 0.0, 0.0, 1.741279696763771E9, 0.0, 2025-03-06 10:48:16.763
0.0, -38234.24586465906, -44620.38512472929, -50060.062117584006, -49084.117899431934, -23783.396039413936, -26881.928966275333, -56970.12626768664, -44052.49435335331, 0.014, 0.916, -0.37, 192.0, 0.0, 0.0, 0.0, 0.0, 0.0, 0.0, 0.0, 0.0, 0.0, 1.741279696763785E9, 0.0, 2025-03-06 10:48:16.763
1.0, -38245.71230956463, -44624.45314222016, -50064.55481821953, -49083.29088488709, -23800.495123922246, -26888.545082634104, -56974.171933433056, -44063.71492906987, 0.014, 0.916, -0.37, 192.0, 0.0, 0.0, 0.0, 0.0, 0.0, 0.0, 0.0, 0.0, 0.0, 1.741279696763798E9, 0.0, 2025-03-06 10:48:16.763
2.0, -38242.98539674108, -44618.01583981703, -50062.565512963, -49080.29575113008, -23872.758313746253, -26894.311832703574, -56966.5946920627, -44059.24458017881, 0.014, 0.916, -0.37, 192.0, 0.0, 0.0, 0.0, 0.0, 0.0, 0.0, 0.0, 0.0, 0.0, 1.741279696763812E9, 0.0, 2025-03-06 10:48:16.763
3.0, -38237.1739431827, -44610.37154321332, -50056.0164518376, -49084.09554768748, -23903.983700750316, -26896.32348970455, -56970.34978513119, -44060.74214705732, 0.014, 0.916, -0.37, 192.0, 0.0, 0.0, 0.0, 0.0, 0.0, 0.0, 0.0, 0.0, 0.0, 1.741279696763825E9, 0.0, 2025-03-06 10:48:16.763
4.0, -38231.80952451343, -44607.51051992304, -50055.18943729275, -49083.1344226759, -23846.852641922553, -26894.46829491476, -56978.88815151312, -44078.78000483275, 0.014, 0.916, -0.37, 192.0, 0.0, 0.0, 0.0, 0.0, 0.0, 0.0, 0.0, 0.0, 0.0, 1.741279696763838E9, 0.0, 2025-03-06 10:48:16.763
5.0, -38236.39163212677, -44608.739865868076, -50056.217617537695, -49086.53188783311, -23819.494106709255, -26904.392469452916, -56985.57132310526, -44106.54087144624, 0.014, 0.916, -0.37, 192.0, 0.0, 0.0, 0.0, 0.0, 0.0, 0.0, 0.0, 0.0, 0.0, 1.741279696763851E9, 0.0, 2025-03-06 10:48:16.763
6.0, -38232.70359429164, -44601.20732798664, -50047.701602900226, -49077.25591388415, -23858.408493805946, -26895.250605970694, -56974.015471221865, -44079.0035222773, 0.014, 0.916, -0.37, 192.0, 0.0, 0.0, 0.0, 0.0, 0.0, 0.0, 0.0, 0.0, 0.0, 1.741279696763865E9, 0.0, 2025-03-06 10:48:16.763
7.0, -38221.50537031953, -44589.29384819196, -50036.83865509494, -49070.058652169544, -23888.851569754075, -26891.428457668837, -56958.637471036614, -44022.05127740518, 0.008, 0.916, -0.37, 192.0, 0.0, 64.0, 28.0, 160.0, 244.0, 112.0, 0.0, 0.0, 0.0, 1.741279696763878E9, 0.0, 2025-03-06 10:48:16.763
8.0, -38219.40430634074, -44587.01397025752, -50037.03982079504, -49073.90315221586, -23849.780720446197, -26904.48187643074, -56959.442133837, -44021.06780064914, 0.008, 0.916, -0.37, 192.0, 0.0, 0.0, 0.0, 0.0, 0.0, 0.0, 0.0, 0.0, 0.0, 1.741279696763901E9, 0.0, 2025-03-06 10:48:16.763
9.0, -38218.063201673416, -44586.00814175703, -50029.797855591525, -49063.3307770885, -23826.937237612874, -26894.088315259018, -56961.31968037125, -44064.653702337, 0.008, 0.916, -0.37, 192.0, 0.0, 0.0, 0.0, 0.0, 0.0, 0.0, 0.0, 0.0, 0.0, 1.741279696763915E9, 0.0, 2025-03-06 10:48:16.763
10.0, -38222.06416393092, -44584.73409232308, -50031.56364340349, -49062.14613463237, -23861.180110118403, -26890.176759979342, -56961.31968037125, -44078.57883913265, 0.008, 0.916, -0.37, 192.0, 0.0, 0.0, 0.0, 0.0, 0.0, 0.0, 0.0, 0.0, 0.0, 1.741279696763932E9, 0.0, 2025-03-06 10:48:16.763
11.0, -38221.63948078627, -44585.35994116783, -50030.9601463032, -49062.21318986573, -23882.034287695205, -26889.41680066786, -56957.49753206939, -44067.73824307183, 0.008, 0.916, -0.37, 192.0, 0.0, 0.0, 0.0, 0.0, 0.0, 0.0, 0.0, 0.0, 0.0, 1.741279696763945E9, 0.0, 2025-03-06 10:48:16.763
12.0, -38202.0146491545, -44576.97803699709, -50021.79593107652, -49056.96052991874, -23869.070275911126, -26885.259376199174, -56946.56752903075, -44041.11731542556, 0.008, 0.916, -0.37, 192.0, 0.0, 0.0, 0.0, 0.0, 0.0, 0.0, 0.0, 0.0, 0.0, 1.741279696763959E9, 0.0, 2025-03-06 10:48:16.763
13.0, -38195.331477562366, -44574.005254984535, -50018.532576386046, -49054.12185837291, -23842.963438387327, -26887.94158553381, -56947.863930209154, -44044.11244918257, 0.008, 0.916, -0.37, 192.0, 0.0, 0.0, 0.0, 0.0, 0.0, 0.0, 0.0, 0.0, 0.0, 1.741279696824005E9, 0.0, 2025-03-06 10:48:16.824
14.0, -38202.0146491545, -44575.86044977432, -50020.61128862039, -49053.96539616173, -23862.67767699691, -26884.834693054523, -56948.690944754, -44049.678033551936, 0.008, 0.916, -0.37, 192.0, 0.0, 0.0, 0.0, 0.0, 0.0, 0.0, 0.0, 0.0, 0.0, 1.74127969682403E9, 0.0, 2025-03-06 10:48:16.824
15.0, -38208.206082368626, -44577.40272014174, -50025.66278286729, -49054.30067232856, -23884.045944696183, -26882.376001164437, -56944.46646505195, -44040.35735611407, 0.008, 0.916, -0.37, 192.0, 0.0, 0.0, 0.0, 0.0, 0.0, 0.0, 0.0, 0.0, 0.0, 1.741279696824044E9, 0.0, 2025-03-06 10:48:16.824
16.0, -38199.04186714195, -44566.42801361418, -50018.5549281305, -49043.370669289914, -23858.184976361394, -26876.721009817247, -56939.10204638267, -44039.887969480515, 0.008, 0.916, -0.37, 192.0, 0.0, 0.0, 0.0, 0.0, 0.0, 0.0, 0.0, 0.0, 0.0, 1.741279696824057E9, 0.0, 2025-03-06 10:48:16.824
17.0, -38201.969945665594, -44566.56212408091, -50019.62781186436, -49042.118971600416, -23789.676879605875, -26876.02810573913, -56939.10204638267, -44049.0968881961, 0.014, 0.914, -0.37, 192.0, 0.0, 112.0, 28.0, 144.0, 244.0, 112.0, 0.0, 0.0, 0.0, 1.741279696824071E9, 0.0, 2025-03-06 10:48:16.824
18.0, -38197.70076247463, -44561.64474030075, -50016.56562287398, -49032.954756373736, -23805.144286768947, -26867.065056212552, -56929.84842417818, -44041.653757292486, 0.014, 0.914, -0.37, 192.0, 0.0, 0.0, 0.0, 0.0, 0.0, 0.0, 0.0, 0.0, 0.0, 1.741279696824086E9, 0.0, 2025-03-06 10:48:16.824
19.0, -38200.62884099827, -44560.95183622263, -50020.32071594247, -49039.436762265774, -23817.683615408376, -26873.949393504787, -56937.872700437634, -44035.1941031449, 0.014, 0.914, -0.37, 192.0, 0.0, 0.0, 0.0, 0.0, 0.0, 0.0, 0.0, 0.0, 0.0, 1.741279696824099E9, 0.0, 2025-03-06 10:48:16.824
20.0, -38197.61135549681, -44557.554371065424, -50021.550061887516, -49043.21420707872, -23821.975150343795, -26872.36241964846, -56936.688057981504, -44024.934652439915, 0.014, 0.914, -0.37, 192.0, 0.0, 0.0, 0.0, 0.0, 0.0, 0.0, 0.0, 0.0, 0.0, 1.741279696824113E9, 0.0, 2025-03-06 10:48:16.824
21.0, -38207.066143401404, -44570.920714249696, -50030.33429745845, -49059.75449797565, -23774.23182418726, -26881.996021508698, -56945.06996215224, -44027.34864084109, 0.014, 0.914, -0.37, 192.0, 0.0, 0.0, 0.0, 0.0, 0.0, 0.0, 0.0, 0.0, 0.0, 1.741279696824126E9, 0.0, 2025-03-06 10:48:16.824
22.0, -38210.84358821435, -44575.99456024105, -50026.60155613441, -49058.77102121962, -23779.216263200793, -26881.07959998603, -56941.22546210593, -44012.976469156325, 0.014, 0.914, -0.37, 192.0, 0.0, 0.0, 0.0, 0.0, 0.0, 0.0, 0.0, 0.0, 0.0, 1.74127969682414E9, 0.0, 2025-03-06 10:48:16.824
23.0, -38202.30522183242, -44568.39496712625, -50015.112759484386, -49041.38136403339, -23822.243371277258, -26869.45669286927, -56935.95045041448, -44036.49050432331, 0.014, 0.914, -0.37, 192.0, 0.0, 0.0, 0.0, 0.0, 0.0, 0.0, 0.0, 0.0, 0.0, 1.741279696824157E9, 0.0, 2025-03-06 10:48:16.824
24.0, -38193.92331766168, -44555.09567917534, -50007.75903555859, -49032.15009357335, -23820.18701078737, -26868.9426027468, -56930.09429336718, -44035.10469616708, 0.014, 0.914, -0.37, 192.0, 0.0, 0.0, 0.0, 0.0, 0.0, 0.0, 0.0, 0.0, 0.0, 1.741279696824173E9, 0.0, 2025-03-06 10:48:16.824
25.0, -38194.79503569544, -44551.09471691784, -50010.82122454896, -49028.685573182775, -23761.26781240318, -26862.46059685476, -56930.92130791203, -44041.31848112565, 0.014, 0.914, -0.37, 192.0, 0.0, 0.0, 0.0, 0.0, 0.0, 0.0, 0.0, 0.0, 0.0, 1.741279696824189E9, 0.0, 2025-03-06 10:48:16.824
26.0, -38197.164320607706, -44547.83136222736, -50009.36836115937, -49031.054858095034, -23760.261983902692, -26863.533480588616, -56923.6346392196, -44013.75878021226, 0.014, 0.914, -0.37, 192.0, 0.0, 0.0, 0.0, 0.0, 0.0, 0.0, 0.0, 0.0, 0.0, 1.741279696824203E9, 0.0, 2025-03-06 10:48:16.824
27.0, -38208.38489632427, -44552.30171111843, -50020.23130896465, -49043.370669289914, -23791.979109284774, -26869.50139635818, -56924.43930201999, -44013.37880055652, 0.018000000000000002, 0.92, -0.368, 192.0, 0.0, 144.0, 28.0, 192.0, 244.0, 128.0, 0.0, 0.0, 0.0, 1.741279696824217E9, 0.0, 2025-03-06 10:48:16.824
28.0, -38218.689050518165, -44566.62917931428, -50036.59278590594, -49062.21318986573, -23789.22984471677, -26893.149541991897, -56946.32165984174, -44061.569161602165, 0.018000000000000002, 0.92, -0.368, 192.0, 0.0, 0.0, 0.0, 0.0, 0.0, 0.0, 0.0, 0.0, 0.0, 1.741279696882927E9, 0.0, 2025-03-06 10:48:16.882
29.0, -38193.92331766168, -44556.794411753945, -50020.90186129831, -49050.70204147125, -23745.286315117635, -26885.862873299466, -56941.33722082821, -44057.076460966644, 0.018000000000000002, 0.92, -0.368, 192.0, 0.0, 0.0, 0.0, 0.0, 0.0, 0.0, 0.0, 0.0, 0.0, 1.741279696883E9, 0.0, 2025-03-06 10:48:16.883
30.0, -38191.50932926051, -44551.966434951595, -50013.45873039469, -49040.26377681062, -23723.135736362427, -26865.7910067786, -56933.894089924586, -44020.08432389311, 0.018000000000000002, 0.92, -0.368, 192.0, 0.0, 0.0, 0.0, 0.0, 0.0, 0.0, 0.0, 0.0, 0.0, 1.741279696883014E9, 0.0, 2025-03-06 10:48:16.883
31.0, -38189.45296877062, -44549.731260506065, -50011.00003850461, -49046.70107921375, -23785.51945513719, -26859.8901462424, -56925.37807528712, -43983.87449787551, 0.018000000000000002, 0.92, -0.368, 192.0, 0.0, 0.0, 0.0, 0.0, 0.0, 0.0, 0.0, 0.0, 0.0, 1.741279696883027E9, 0.0, 2025-03-06 10:48:16.883
32.0, -38195.30912581791, -44553.55340880792, -50013.41402690578, -49050.70204147125, -23801.61271114501, -26865.9921724787, -56931.41304629005, -44008.75198945427, 0.018000000000000002, 0.92, -0.368, 192.0, 0.0, 0.0, 0.0, 0.0, 0.0, 0.0, 0.0, 0.0, 0.0, 1.741279696883041E9, 0.0, 2025-03-06 10:48:16.883
33.0, -38194.52681476198, -44552.99461519654, -50018.264355452586, -49051.14907636036, -23768.12979795096, -26872.69769581529, -56937.15744461506, -44021.87246344954, 0.018000000000000002, 0.92, -0.368, 192.0, 0.0, 0.0, 0.0, 0.0, 0.0, 0.0, 0.0, 0.0, 0.0, 1.741279696883054E9, 0.0, 2025-03-06 10:48:16.883
34.0, -38198.32661131938, -44559.744842022046, -50020.61128862039, -49053.80893395054, -23750.047236686616, -26882.71127733127, -56950.36732558815, -44038.56921655765, 0.018000000000000002, 0.92, -0.368, 192.0, 0.0, 0.0, 0.0, 0.0, 0.0, 0.0, 0.0, 0.0, 0.0, 1.741279696883068E9, 0.0, 2025-03-06 10:48:16.883
35.0, -38196.65023048523, -44555.766231509, -50012.49760538311, -49049.91973041531, -23809.726394382287, -26880.252585441183, -56941.47133129494, -44016.70921048036, 0.018000000000000002, 0.92, -0.368, 192.0, 0.0, 0.0, 0.0, 0.0, 0.0, 0.0, 0.0, 0.0, 0.0, 1.741279696883081E9, 0.0, 2025-03-06 10:48:16.883
36.0, -38189.385913537255, -44552.97226345209, -50010.88827978233, -49046.723430958205, -23836.123804584004, -26872.295364415095, -56933.87173818013, -44020.06197214866, 0.018000000000000002, 0.92, -0.368, 192.0, 0.0, 0.0, 0.0, 0.0, 0.0, 0.0, 0.0, 0.0, 0.0, 1.741279696883095E9, 0.0, 2025-03-06 10:48:16.883
37.0, -38182.2110035671, -44548.1666383942, -50008.2060704477, -49037.55921573153, -23800.04808903314, -26869.92607950283, -56939.973764416434, -44039.64210029151, 0.016, 0.92, -0.366, 192.0, 0.0, 128.0, 28.0, 192.0, 244.0, 144.0, 0.0, 0.0, 0.0, 1.741279696883109E9, 0.0, 2025-03-06 10:48:16.883
38.0, -38183.52975648997, -44548.45721107211, -50007.557869858494, -49032.395962762355, -23771.437856130346, -26868.607326579968, -56935.34695331418, -44038.03277469072, 0.016, 0.92, -0.366, 192.0, 0.0, 0.0, 0.0, 0.0, 0.0, 0.0, 0.0, 0.0, 0.0, 1.741279696883127E9, 0.0, 2025-03-06 10:48:16.883
39.0, -38197.58900375236, -44554.000443697034, -50016.40916066279, -49043.81770417902, -23823.226848033293, -26875.826940039035, -56941.78425571731, -44031.3943065875, 0.016, 0.92, -0.366, 192.0, 0.0, 0.0, 0.0, 0.0, 0.0, 0.0, 0.0, 0.0, 0.0, 1.741279696883143E9, 0.0, 2025-03-06 10:48:16.883
40.0, -38197.05256188543, -44551.65351052923, -50014.621021106366, -49038.09565759846, -23860.800130462663, -26872.18360569282, -56940.823130705736, -44037.33987061261, 0.016, 0.92, -0.366, 192.0, 0.0, 0.0, 0.0, 0.0, 0.0, 0.0, 0.0, 0.0, 0.0, 1.74127969688316E9, 0.0, 2025-03-06 10:48:16.883
41.0, -38200.27121308699, -44558.78371701047, -50022.444131665725, -49044.80118093505, -23810.24048450476, -26882.823036053545, -56953.742439000904, -44029.85203622008, 0.016, 0.92, -0.366, 192.0, 0.0, 0.0, 0.0, 0.0, 0.0, 0.0, 0.0, 0.0, 0.0, 1.741279696883174E9, 0.0, 2025-03-06 10:48:16.883
42.0, -38196.04673338494, -44556.325025120386, -50018.733742086144, -49050.83615193798, -23769.89558576293, -26877.905652273377, -56949.27209010984, -44011.031867388716, 0.016, 0.92, -0.366, 192.0, 0.0, 0.0, 0.0, 0.0, 0.0, 0.0, 0.0, 0.0, 0.0, 1.741279696883187E9, 0.0, 2025-03-06 10:48:16.883
43.0, -38193.63274498376, -44551.80997274041, -50011.335314671436, -49037.73802968717, -23809.659339148922, -26857.65497179687, -56942.23129060642, -44038.90449272448, 0.016, 0.92, -0.366, 192.0, 0.0, 0.0, 0.0, 0.0, 0.0, 0.0, 0.0, 0.0, 0.0, 1.741279696943223E9, 0.0, 2025-03-06 10:48:16.943
44.0, -38192.381047294264, -44549.39598433924, -50009.97185825966, -49035.055820352536, -23858.72141822832, -26856.336218874007, -56942.16423537305, -44030.20966413137, 0.016, 0.92, -0.366, 192.0, 0.0, 0.0, 0.0, 0.0, 0.0, 0.0, 0.0, 0.0, 0.0, 1.741279696943243E9, 0.0, 2025-03-06 10:48:16.943
45.0, -38197.67841073017, -44548.747783750034, -50016.029181007056, -49040.46494251072, -23853.088778625584, -26863.019390466143, -56944.734685985415, -44034.47884732233, 0.016, 0.92, -0.366, 192.0, 0.0, 0.0, 0.0, 0.0, 0.0, 0.0, 0.0, 0.0, 0.0, 1.741279696943268E9, 0.0, 2025-03-06 10:48:16.943
46.0, -38199.57830900887, -44548.680728516665, -50020.67834385375, -49043.68359371228, -23810.687519393865, -26867.55679459057, -56945.40523831907, -44032.51189381026, 0.016, 0.92, -0.366, 192.0, 0.0, 0.0, 0.0, 0.0, 0.0, 0.0, 0.0, 0.0, 0.0, 1.741279696943281E9, 0.0, 2025-03-06 10:48:16.943
47.0, -38189.00593388152, -44543.33866159185, -50015.13511122884, -49044.44355302377, -23834.46977549431, -26866.327448645527, -56942.83478770671, -44019.07849539262, 0.016, 0.912, -0.368, 192.0, 0.0, 128.0, 28.0, 128.0, 244.0, 128.0, 0.0, 0.0, 0.0, 1.741279696943295E9, 0.0, 2025-03-06 10:48:16.943
48.0, -38182.45687275611, -44539.5612167789, -50012.34114317193, -49037.73802968717, -23884.045944696183, -26869.88137601392, -56940.666668494545, -44012.79765520068, 0.016, 0.912, -0.368, 192.0, 0.0, 0.0, 0.0, 0.0, 0.0, 0.0, 0.0, 0.0, 0.0, 1.74127969694331E9, 0.0, 2025-03-06 10:48:16.943
49.0, -38177.31597153139, -44543.69628950313, -50011.1565007158, -49042.34248904497, -23868.086799155095, -26869.166120191352, -56947.95333718698, -44029.31559435315, 0.016, 0.912, -0.368, 192.0, 0.0, 0.0, 0.0, 0.0, 0.0, 0.0, 0.0, 0.0, 0.0, 1.741279696943324E9, 0.0, 2025-03-06 10:48:16.943
50.0, -38177.04775059793, -44540.6117487683, -50012.60936410539, -49038.74385818766, -23798.95285355483, -26857.677323541324, -56938.52090102684, -44001.912355650944, 0.016, 0.912, -0.368, 192.0, 0.0, 0.0, 0.0, 0.0, 0.0, 0.0, 0.0, 0.0, 0.0, 1.741279696943337E9, 0.0, 2025-03-06 10:48:16.943
51.0, -38192.44810252763, -44548.837190727856, -50020.79010257604, -49047.75161120315, -23797.03060353167, -26865.768655034146, -56938.83382544921, -44004.97454464132, 0.016, 0.912, -0.368, 192.0, 0.0, 0.0, 0.0, 0.0, 0.0, 0.0, 0.0, 0.0, 0.0, 1.74127969694335E9, 0.0, 2025-03-06 10:48:16.943
52.0, -38188.98358213706, -44549.753612250526, -50016.6550298518, -49038.29682329856, -23841.309409297635, -26858.347875874984, -56939.66083999406, -44018.51970178124, 0.016, 0.912, -0.368, 192.0, 0.0, 0.0, 0.0, 0.0, 0.0, 0.0, 0.0, 0.0, 0.0, 1.741279696943368E9, 0.0, 2025-03-06 10:48:16.943
53.0, -38176.98069536456, -44543.27160635848, -50006.730855313646, -49031.99363136216, -23863.86231945304, -26854.615134550946, -56931.77067420133, -43995.05037010317, 0.016, 0.912, -0.368, 192.0, 0.0, 0.0, 0.0, 0.0, 0.0, 0.0, 0.0, 0.0, 0.0, 1.741279696943386E9, 0.0, 2025-03-06 10:48:16.943
54.0, -38173.02443659597, -44544.500952303526, -50005.255640179596, -49037.80508492054, -23830.871144637007, -26855.50920432916, -56929.066113122244, -44015.36810581304, 0.016, 0.912, -0.368, 192.0, 0.0, 0.0, 0.0, 0.0, 0.0, 0.0, 0.0, 0.0, 0.0, 1.741279696943403E9, 0.0, 2025-03-06 10:48:16.943
55.0, -38163.949628347116, -44533.19096960914, -49995.91261099728, -49026.56215745952, -23840.594153475067, -26837.31488434254, -56928.19439508849, -44025.26992860674, 0.016, 0.912, -0.368, 192.0, 0.0, 0.0, 0.0, 0.0, 0.0, 0.0, 0.0, 0.0, 0.0, 1.741279696943421E9, 0.0, 2025-03-06 10:48:16.943
56.0, -38177.24891629803, -44539.27064410099, -50003.75807330109, -49029.71375342772, -23883.062467940148, -26835.303227341563, -56926.45095902097, -44009.958983654855, 0.016, 0.912, -0.368, 192.0, 0.0, 0.0, 0.0, 0.0, 0.0, 0.0, 0.0, 0.0, 0.0, 1.741279696943435E9, 0.0, 2025-03-06 10:48:16.943
57.0, -38183.865032656795, -44548.3678040943, -50006.32852391345, -49038.09565759846, -23872.959479446352, -26853.83282349501, -56935.8386916922, -44005.33217255261, 0.016, 0.914, -0.372, 192.0, 0.0, 128.0, 28.0, 144.0, 244.0, 96.0, 0.0, 0.0, 0.0, 1.741279696943449E9, 0.0, 2025-03-06 10:48:16.943
58.0, -38173.78439590745, -44537.84013245584, -50001.14291919982, -49028.75262841614, -23841.86820290902, -26854.525727573127, -56932.0388951348, -44002.001762628766, 0.016, 0.914, -0.372, 192.0, 0.0, 0.0, 0.0, 0.0, 0.0, 0.0, 0.0, 0.0, 0.0, 1.741279697003419E9, 0.0, 2025-03-06 10:48:17.003
59.0, -38173.9632098631, -44540.8129144684, -50002.99811398961, -49026.584509203974, -23812.341548483557, -26853.07286418353, -56934.1399591136, -44009.31078306565, 0.016, 0.914, -0.372, 192.0, 0.0, 0.0, 0.0, 0.0, 0.0, 0.0, 0.0, 0.0, 0.0, 1.741279697003439E9, 0.0, 2025-03-06 10:48:17.003
60.0, -38175.17020406368, -44550.69238551764, -50009.591878603926, -49035.01111686363, -23831.742862670766, -26853.36343686145, -56935.86104343666, -44002.44879751788, 0.016, 0.914, -0.372, 192.0, 0.0, 0.0, 0.0, 0.0, 0.0, 0.0, 0.0, 0.0, 0.0, 1.741279697003461E9, 0.0, 2025-03-06 10:48:17.003
61.0, -38173.91850637418, -44552.63698728526, -50008.27312568106, -49036.866311653415, -23847.56789774512, -26858.392579363895, -56936.08456088121, -43999.1854428274, 0.016, 0.914, -0.372, 192.0, 0.0, 0.0, 0.0, 0.0, 0.0, 0.0, 0.0, 0.0, 0.0, 1.741279697003474E9, 0.0, 2025-03-06 10:48:17.003
62.0, -38174.18672730765, -44555.408603597716, -50014.17398621726, -49047.86336992543, -23818.778850886687, -26866.573317834536, -56937.35861031516, -43961.388642953476, 0.016, 0.914, -0.372, 192.0, 0.0, 0.0, 0.0, 0.0, 0.0, 0.0, 0.0, 0.0, 0.0, 1.741279697003487E9, 0.0, 2025-03-06 10:48:17.003
63.0, -38186.07785535787, -44568.05969095942, -50023.31584969948, -49059.933311931294, -23755.99280071173, -26876.89982377289, -56944.2876510963, -43974.46441345983, 0.016, 0.914, -0.372, 192.0, 0.0, 0.0, 0.0, 0.0, 0.0, 0.0, 0.0, 0.0, 0.0, 1.741279697003502E9, 0.0, 2025-03-06 10:48:17.003
64.0, -38185.13908209075, -44558.336682121364, -50012.251736194106, -49038.18506457628, -23796.315347709104, -26852.558774061057, -56937.42566554853, -44040.26794913625, 0.016, 0.914, -0.372, 192.0, 0.0, 0.0, 0.0, 0.0, 0.0, 0.0, 0.0, 0.0, 0.0, 1.741279697003515E9, 0.0, 2025-03-06 10:48:17.003
65.0, -38189.65413447072, -44554.89451347524, -50014.24104145063, -49036.68749769777, -23836.213211561826, -26848.17783214782, -56937.91740392654, -44054.81893477666, 0.016, 0.914, -0.372, 192.0, 0.0, 0.0, 0.0, 0.0, 0.0, 0.0, 0.0, 0.0, 0.0, 1.741279697003529E9, 0.0, 2025-03-06 10:48:17.003
66.0, -38180.17699482167, -44550.40181283973, -50005.456805879694, -49033.98293661868, -23817.19187703036, -26842.098157655975, -56940.86783419464, -44037.40692584597, 0.016, 0.914, -0.372, 192.0, 0.0, 0.0, 0.0, 0.0, 0.0, 0.0, 0.0, 0.0, 0.0, 1.741279697003543E9, 0.0, 2025-03-06 10:48:17.003
67.0, -38175.21490755259, -44552.86050472981, -50003.914535512275, -49035.79342791956, -23756.350428623013, -26847.775500747623, -56941.60544176167, -44022.140684383, 0.016, 0.92, -0.37, 192.0, 0.0, 128.0, 28.0, 192.0, 244.0, 112.0, 0.0, 0.0, 0.0, 1.741279697003557E9, 0.0, 2025-03-06 10:48:17.003
68.0, -38171.32570401737, -44547.74195524955, -50000.38295988834, -49028.819683649504, -23777.94221376684, -26849.96597170424, -56934.385828302606, -44001.62178297303, 0.016, 0.92, -0.37, 192.0, 0.0, 0.0, 0.0, 0.0, 0.0, 0.0, 0.0, 0.0, 0.0, 1.741279697003579E9, 0.0, 2025-03-06 10:48:17.003
69.0, -38169.045826082925, -44541.975205180075, -50002.97576224515, -49030.76428541712, -23806.798315858643, -26854.615134550946, -56933.402351546574, -43982.80161414166, 0.016, 0.92, -0.37, 192.0, 0.0, 0.0, 0.0, 0.0, 0.0, 0.0, 0.0, 0.0, 0.0, 1.741279697003595E9, 0.0, 2025-03-06 10:48:17.003
70.0, -38170.02930283896, -44542.08696390235, -50009.83774779293, -49036.26281455312, -23786.435876659856, -26866.930945745822, -56935.54811901428, -44008.61787898754, 0.016, 0.92, -0.37, 192.0, 0.0, 0.0, 0.0, 0.0, 0.0, 0.0, 0.0, 0.0, 0.0, 1.741279697003612E9, 0.0, 2025-03-06 10:48:17.003
71.0, -38172.666808684684, -44542.82457146938, -50007.826090791954, -49037.067477353514, -23735.071567901563, -26863.868756755444, -56941.33722082821, -44029.33794609761, 0.016, 0.92, -0.37, 192.0, 0.0, 0.0, 0.0, 0.0, 0.0, 0.0, 0.0, 0.0, 0.0, 1.741279697003626E9, 0.0, 2025-03-06 10:48:17.003
72.0, -38170.31987551688, -44540.63410051276, -49998.70657905419, -49034.60878546343, -23748.728483763753, -26866.975649234733, -56937.44801729298, -44008.12614060952, 0.016, 0.92, -0.37, 192.0, 0.0, 0.0, 0.0, 0.0, 0.0, 0.0, 0.0, 0.0, 0.0, 1.74127969700364E9, 0.0, 2025-03-06 10:48:17.003
73.0, -38166.36361674829, -44537.34839407783, -49999.600648832406, -49035.055820352536, -23784.826551059075, -26866.70742830127, -56938.431494049015, -44018.564405270154, 0.016, 0.92, -0.37, 192.0, 0.0, 0.0, 0.0, 0.0, 0.0, 0.0, 0.0, 0.0, 0.0, 1.741279697063861E9, 0.0, 2025-03-06 10:48:17.063
74.0, -38163.726110902564, -44531.38047830826, -49992.06811095096, -49028.66322143832, -23776.534053866155, -26857.051474696575, -56935.59282250319, -44020.28548959321, 0.016, 0.92, -0.37, 192.0, 0.0, 0.0, 0.0, 0.0, 0.0, 0.0, 0.0, 0.0, 0.0, 1.741279697063881E9, 0.0, 2025-03-06 10:48:17.063
75.0, -38157.31116024389, -44528.29593757343, -49986.50252658159, -49027.85855863793, -23722.822811940052, -26843.39455883438, -56920.8853746516, -43995.69857069237, 0.016, 0.92, -0.37, 192.0, 0.0, 0.0, 0.0, 0.0, 0.0, 0.0, 0.0, 0.0, 0.0, 1.741279697063903E9, 0.0, 2025-03-06 10:48:17.063
76.0, -38169.805785394405, -44538.130705133764, -50001.58995408892, -49034.38526801888, -23709.03178561113, -26854.279858384118, -56923.612287475145, -43983.29335251968, 0.016, 0.92, -0.37, 192.0, 0.0, 0.0, 0.0, 0.0, 0.0, 0.0, 0.0, 0.0, 0.0, 1.741279697063916E9, 0.0, 2025-03-06 10:48:17.063
77.0, -38172.77856740696, -44536.63313825526, -50002.14874770031, -49028.41735224931, -23756.75276002321, -26854.637486295404, -56924.93104039801, -44002.73937019579, 0.012, 0.92, -0.372, 192.0, 0.0, 96.0, 28.0, 192.0, 244.0, 96.0, 0.0, 0.0, 0.0, 1.741279697063931E9, 0.0, 2025-03-06 10:48:17.063
78.0, -38158.071119555374, -44528.1618271067, -49985.34023586992, -49021.10833181242, -23779.663298089898, -26851.865869982943, -56916.86206064965, -43982.89102111948, 0.012, 0.92, -0.372, 192.0, 0.0, 0.0, 0.0, 0.0, 0.0, 0.0, 0.0, 0.0, 0.0, 1.741279697063945E9, 0.0, 2025-03-06 10:48:17.063
79.0, -38147.49874442801, -44529.05589688491, -49978.32178811095, -49020.68364866777, -23740.726559248753, -26842.96987568973, -56915.722121682425, -43993.91043113595, 0.012, 0.92, -0.372, 192.0, 0.0, 0.0, 0.0, 0.0, 0.0, 0.0, 0.0, 0.0, 0.0, 1.741279697063959E9, 0.0, 2025-03-06 10:48:17.063
80.0, -38156.461793954586, -44534.66618474319, -49981.65219803479, -49018.15790154433, -23725.795593952607, -26841.60641927796, -56917.197336816476, -44010.27190807723, 0.012, 0.92, -0.372, 192.0, 0.0, 0.0, 0.0, 0.0, 0.0, 0.0, 0.0, 0.0, 0.0, 1.741279697063972E9, 0.0, 2025-03-06 10:48:17.063
81.0, -38168.46468072709, -44539.67297550118, -49995.97966623064, -49026.96448885972, -23759.122044935473, -26844.69096001279, -56924.57341248672, -44005.68980046389, 0.012, 0.92, -0.372, 192.0, 0.0, 0.0, 0.0, 0.0, 0.0, 0.0, 0.0, 0.0, 0.0, 1.741279697063985E9, 0.0, 2025-03-06 10:48:17.063
82.0, -38176.15368081971, -44543.316309847396, -50008.742512314624, -49040.777866933095, -23769.09092296254, -26854.279858384118, -56927.099159610174, -44007.1873673424, 0.012, 0.92, -0.372, 192.0, 0.0, 0.0, 0.0, 0.0, 0.0, 0.0, 0.0, 0.0, 0.0, 1.741279697063998E9, 0.0, 2025-03-06 10:48:17.063
83.0, -38171.59392495083, -44542.24342611354, -50003.17692794525, -49040.42023902181, -23743.632286027943, -26847.999018192175, -56924.77457818682, -43998.55959398265, 0.012, 0.92, -0.372, 192.0, 0.0, 0.0, 0.0, 0.0, 0.0, 0.0, 0.0, 0.0, 0.0, 1.741279697064016E9, 0.0, 2025-03-06 10:48:17.064
84.0, -38171.12453831727, -44545.73029824857, -49998.550116843006, -49032.597128462454, -23723.426309040347, -26849.11660541494, -56926.80858693225, -43992.94930612437, 0.012, 0.92, -0.372, 192.0, 0.0, 0.0, 0.0, 0.0, 0.0, 0.0, 0.0, 0.0, 0.0, 1.741279697064034E9, 0.0, 2025-03-06 10:48:17.064
85.0, -38166.184802792646, -44541.52817029097, -49995.42087261926, -49024.39403824735, -23776.7128678218, -26847.999018192175, -56921.444168262984, -43978.48772746178, 0.012, 0.92, -0.372, 192.0, 0.0, 0.0, 0.0, 0.0, 0.0, 0.0, 0.0, 0.0, 0.0, 1.741279697064053E9, 0.0, 2025-03-06 10:48:17.064
86.0, -38163.34613124682, -44536.163751621694, -49992.91747724026, -49014.40280847583, -23810.531057182678, -26840.198259377274, -56918.33727578369, -43997.37495152652, 0.012, 0.92, -0.372, 192.0, 0.0, 0.0, 0.0, 0.0, 0.0, 0.0, 0.0, 0.0, 0.0, 1.741279697064071E9, 0.0, 2025-03-06 10:48:17.064
87.0, -38162.87674461326, -44536.43197255516, -49997.36547438687, -49016.570927688, -23794.080173263574, -26836.912552942344, -56925.51218575385, -44021.76070472726, 0.012, 0.914, -0.372, 192.0, 0.0, 96.0, 28.0, 144.0, 244.0, 96.0, 0.0, 0.0, 0.0, 1.741279697064085E9, 0.0, 2025-03-06 10:48:17.064
88.0, -38171.482166228554, -44543.20455112512, -50003.06516922297, -49025.91395687032, -23763.12300719297, -26833.805660463055, -56930.20605208947, -44023.61589951705, 0.012, 0.914, -0.372, 192.0, 0.0, 0.0, 0.0, 0.0, 0.0, 0.0, 0.0, 0.0, 0.0, 1.741279697124165E9, 0.0, 2025-03-06 10:48:17.124
89.0, -38167.68236967115, -44537.14722837773, -49992.381035373335, -49018.02379107759, -23805.971301313795, -26824.037948136087, -56919.141938584085, -44001.577079484116, 0.012, 0.914, -0.372, 192.0, 0.0, 0.0, 0.0, 0.0, 0.0, 0.0, 0.0, 0.0, 0.0, 1.741279697124184E9, 0.0, 2025-03-06 10:48:17.124
90.0, -38155.8582968543, -44525.43491428315, -49981.92041896826, -49005.90914558282, -23854.787511204187, -26813.420869519818, -56906.66966517802, -43968.652959901454, 0.012, 0.914, -0.372, 192.0, 0.0, 0.0, 0.0, 0.0, 0.0, 0.0, 0.0, 0.0, 0.0, 1.741279697124205E9, 0.0, 2025-03-06 10:48:17.124
91.0, -38143.90011357071, -44521.836283425844, -49975.86309622086, -49000.07534027998, -23860.57661301811, -26815.097250353963, -56909.37422625712, -43965.143736021964, 0.012, 0.914, -0.372, 192.0, 0.0, 0.0, 0.0, 0.0, 0.0, 0.0, 0.0, 0.0, 0.0, 1.741279697124218E9, 0.0, 2025-03-06 10:48:17.124
92.0, -38156.01475906548, -44537.46015280011, -49988.8494597494, -49010.89358459635, -23815.850772363043, -26830.564657517036, -56918.873717650626, -43965.858991844536, 0.012, 0.914, -0.372, 192.0, 0.0, 0.0, 0.0, 0.0, 0.0, 0.0, 0.0, 0.0, 0.0, 1.741279697124232E9, 0.0, 2025-03-06 10:48:17.124
93.0, -38171.772738906475, -44550.155943650716, -50000.762939544074, -49023.67878242479, -23824.679711422887, -26838.655989009858, -56927.881470666114, -43993.86572764704, 0.012, 0.914, -0.372, 192.0, 0.0, 0.0, 0.0, 0.0, 0.0, 0.0, 0.0, 0.0, 0.0, 1.741279697124246E9, 0.0, 2025-03-06 10:48:17.124
94.0, -38164.06138706939, -44542.17637088017, -49993.94565748521, -49018.22495677769, -23863.594098519578, -26840.801756477566, -56931.54715675678, -44008.52847200972, 0.012, 0.914, -0.372, 192.0, 0.0, 0.0, 0.0, 0.0, 0.0, 0.0, 0.0, 0.0, 0.0, 1.74127969712426E9, 0.0, 2025-03-06 10:48:17.124
95.0, -38150.8515060963, -44532.8109899534, -49988.670645793754, -49016.12389279889, -23882.190749906393, -26841.137032644398, -56927.8367671772, -43993.50809973575, 0.012, 0.914, -0.372, 192.0, 0.0, 0.0, 0.0, 0.0, 0.0, 0.0, 0.0, 0.0, 0.0, 1.741279697124274E9, 0.0, 2025-03-06 10:48:17.124
96.0, -38151.41029970769, -44534.24150159854, -49993.20804991818, -49019.49900621164, -23851.032418135695, -26840.622942521924, -56923.947563641974, -43996.190309070385, 0.012, 0.914, -0.372, 192.0, 0.0, 0.0, 0.0, 0.0, 0.0, 0.0, 0.0, 0.0, 0.0, 1.741279697124287E9, 0.0, 2025-03-06 10:48:17.124
97.0, -38160.708625401094, -44537.97424292257, -49994.28093365204, -49018.24730852214, -23861.805958963152, -26830.8328784505, -56923.6346392196, -44011.25538483327, 0.012, 0.914, -0.37, 192.0, 0.0, 96.0, 28.0, 144.0, 244.0, 112.0, 0.0, 0.0, 0.0, 1.741279697124301E9, 0.0, 2025-03-06 10:48:17.124
98.0, -38174.58905870785, -44551.698214018135, -50006.015599491075, -49030.786637161575, -23885.76702901924, -26846.434396080305, -56936.73276147041, -44003.812253929646, 0.012, 0.914, -0.37, 192.0, 0.0, 0.0, 0.0, 0.0, 0.0, 0.0, 0.0, 0.0, 0.0, 1.74127969712432E9, 0.0, 2025-03-06 10:48:17.124
99.0, -38163.390834735736, -44549.70890876161, -50000.67353256626, -49033.871177896406, -23879.083857427104, -26848.26723912564, -56934.721104469434, -43989.976524111815, 0.012, 0.914, -0.37, 192.0, 0.0, 0.0, 0.0, 0.0, 0.0, 0.0, 0.0, 0.0, 0.0, 1.741279697124341E9, 0.0, 2025-03-06 10:48:17.124
100.0, -38160.03807306744, -44541.23759761305, -49993.2527534071, -49024.03641033607, -23825.81965039011, -26845.987361191197, -56927.99322938839, -44000.54889923918, 0.012, 0.914, -0.37, 192.0, 0.0, 0.0, 0.0, 0.0, 0.0, 0.0, 0.0, 0.0, 0.0, 1.741279697124354E9, 0.0, 2025-03-06 10:48:17.124
101.0, -38163.79316613593, -44540.94702493513, -49993.07393945145, -49022.00240159064, -23832.882801637985, -26843.84159372349, -56929.557851500256, -43995.81032941465, 0.012, 0.914, -0.37, 192.0, 0.0, 0.0, 0.0, 0.0, 0.0, 0.0, 0.0, 0.0, 0.0, 1.741279697124371E9, 0.0, 2025-03-06 10:48:17.124
102.0, -38165.53660220344, -44539.941196434644, -49994.839727263425, -49019.20843353372, -23882.816598751142, -26838.70069249877, -56925.847461920675, -43980.07470131811, 0.012, 0.914, -0.37, 192.0, 0.0, 0.0, 0.0, 0.0, 0.0, 0.0, 0.0, 0.0, 0.0, 1.741279697124384E9, 0.0, 2025-03-06 10:48:17.124
103.0, -38167.81648013789, -44539.9635481791, -49995.35381738589, -49016.392113732356, -23874.54645330268, -26842.679303011813, -56925.9368688985, -43978.912410606434, 0.012, 0.914, -0.37, 192.0, 0.0, 0.0, 0.0, 0.0, 0.0, 0.0, 0.0, 0.0, 0.0, 1.741279697184292E9, 0.0, 2025-03-06 10:48:17.184
104.0, -38156.193573021126, -44528.38534455125, -49981.31692186796, -49004.12100602639, -23841.152947086448, -26838.857154709956, -56922.852328163666, -43986.04261708768, 0.012, 0.914, -0.37, 192.0, 0.0, 0.0, 0.0, 0.0, 0.0, 0.0, 0.0, 0.0, 0.0, 1.741279697184312E9, 0.0, 2025-03-06 10:48:17.184
105.0, -38148.571628161866, -44521.03162062545, -49967.905875194774, -48992.900430309826, -23839.94595288586, -26824.216762091728, -56916.54913622727, -43972.81038437014, 0.012, 0.914, -0.37, 192.0, 0.0, 0.0, 0.0, 0.0, 0.0, 0.0, 0.0, 0.0, 0.0, 1.741279697184335E9, 0.0, 2025-03-06 10:48:17.184
106.0, -38148.3034072284, -44521.74687644802, -49965.961273427165, -48993.861555321404, -23885.476456341323, -26821.579256246005, -56911.430586747, -43954.21373298332, 0.012, 0.914, -0.37, 192.0, 0.0, 0.0, 0.0, 0.0, 0.0, 0.0, 0.0, 0.0, 0.0, 1.741279697184349E9, 0.0, 2025-03-06 10:48:17.184
107.0, -38142.491953670025, -44524.071457871374, -49970.0963461514, -49000.34356121344, -23924.726119604842, -26819.96993064522, -56907.02729308931, -43934.27597692919, 0.008, 0.916, -0.366, 192.0, 0.0, 64.0, 28.0, 160.0, 244.0, 144.0, 0.0, 0.0, 0.0, 1.741279697184362E9, 0.0, 2025-03-06 10:48:17.184
108.0, -38138.64745362371, -44523.69147821564, -49971.86213396337, -49001.37174145839, -23897.92637800293, -26821.60160799046, -56908.45780473445, -43968.54120117917, 0.008, 0.916, -0.366, 192.0, 0.0, 0.0, 0.0, 0.0, 0.0, 0.0, 0.0, 0.0, 0.0, 1.741279697184377E9, 0.0, 2025-03-06 10:48:17.184
109.0, -38161.26741901248, -44538.89066444524, -49986.03313994803, -49009.12779678438, -23855.81569144913, -26825.289645825585, -56923.12054909713, -44017.580928514115, 0.008, 0.916, -0.366, 192.0, 0.0, 0.0, 0.0, 0.0, 0.0, 0.0, 0.0, 0.0, 0.0, 1.741279697184391E9, 0.0, 2025-03-06 10:48:17.184
110.0, -38161.22271552357, -44536.454324299615, -49983.12741316884, -49004.32217172649, -23887.24224415329, -26817.91357015533, -56915.40919726005, -43991.74231192378, 0.008, 0.916, -0.366, 192.0, 0.0, 0.0, 0.0, 0.0, 0.0, 0.0, 0.0, 0.0, 0.0, 1.741279697184405E9, 0.0, 2025-03-06 10:48:17.184
111.0, -38152.43847995263, -44529.23471084055, -49973.717328753155, -48999.404787946325, -23907.20235195188, -26808.078802595, -56908.658970434546, -43955.085451017076, 0.008, 0.916, -0.366, 192.0, 0.0, 0.0, 0.0, 0.0, 0.0, 0.0, 0.0, 0.0, 0.0, 1.741279697184418E9, 0.0, 2025-03-06 10:48:17.184
112.0, -38147.31993047237, -44528.6088619958, -49973.449107819695, -49000.70118912473, -23874.144121902482, -26819.455840522747, -56915.67741819351, -43966.686006389384, 0.008, 0.916, -0.366, 192.0, 0.0, 0.0, 0.0, 0.0, 0.0, 0.0, 0.0, 0.0, 0.0, 1.741279697184432E9, 0.0, 2025-03-06 10:48:17.184
113.0, -38151.18678226314, -44531.24636784153, -49978.679416022234, -48998.93540131276, -23820.18701078737, -26830.542305772582, -56922.20412757446, -43981.39345424098, 0.008, 0.916, -0.366, 192.0, 0.0, 0.0, 0.0, 0.0, 0.0, 0.0, 0.0, 0.0, 0.0, 1.741279697184446E9, 0.0, 2025-03-06 10:48:17.184
114.0, -38153.44430845312, -44530.642870741234, -49978.210029388676, -48996.677875122776, -23838.828365663096, -26822.428622535306, -56921.89120315209, -43990.5800212121, 0.008, 0.916, -0.366, 192.0, 0.0, 0.0, 0.0, 0.0, 0.0, 0.0, 0.0, 0.0, 0.0, 1.741279697184463E9, 0.0, 2025-03-06 10:48:17.184
115.0, -38153.01962530847, -44534.15209462072, -49980.51225906757, -49006.803215361026, -23857.603831005556, -26833.336273829496, -56924.90868865355, -43990.960000867846, 0.008, 0.916, -0.366, 192.0, 0.0, 0.0, 0.0, 0.0, 0.0, 0.0, 0.0, 0.0, 0.0, 1.74127969718448E9, 0.0, 2025-03-06 10:48:17.184
116.0, -38151.79027936343, -44537.080173144364, -49986.03313994803, -49015.74391314315, -23839.297752296658, -26838.946561687775, -56925.13220609811, -43980.253515273755, 0.008, 0.916, -0.366, 192.0, 0.0, 0.0, 0.0, 0.0, 0.0, 0.0, 0.0, 0.0, 0.0, 1.741279697184498E9, 0.0, 2025-03-06 10:48:17.184
117.0, -38163.97198009157, -44542.69046100265, -49997.074901708955, -49016.61563117691, -23772.264870675193, -26842.567544289537, -56931.860081179155, -43996.614992215036, 0.008, 0.92, -0.366, 192.0, 0.0, 64.0, 28.0, 192.0, 244.0, 144.0, 0.0, 0.0, 0.0, 1.741279697184512E9, 0.0, 2025-03-06 10:48:17.184
118.0, -38167.77177664897, -44541.52817029097, -49994.50445109659, -49018.38141898888, -23788.738106338755, -26842.813413478543, -56933.0894271242, -43987.249611288265, 0.008, 0.92, -0.366, 192.0, 0.0, 0.0, 0.0, 0.0, 0.0, 0.0, 0.0, 0.0, 0.0, 1.74127969724372E9, 0.0, 2025-03-06 10:48:17.243
119.0, -38161.87091611277, -44537.23663535555, -49990.436433605726, -49014.358104986924, -23832.972208615807, -26840.35472158846, -56930.02723813382, -43980.2311635293, 0.008, 0.92, -0.366, 192.0, 0.0, 0.0, 0.0, 0.0, 0.0, 0.0, 0.0, 0.0, 0.0, 1.741279697243742E9, 0.0, 2025-03-06 10:48:17.243
120.0, -38160.730977145555, -44539.85178945682, -49989.63177080533, -49023.879948124886, -23822.422185232903, -26846.389692591394, -56932.351819557174, -43995.363294525545, 0.008, 0.92, -0.366, 192.0, 0.0, 0.0, 0.0, 0.0, 0.0, 0.0, 0.0, 0.0, 0.0, 1.741279697243767E9, 0.0, 2025-03-06 10:48:17.243
121.0, -38145.352976960305, -44528.85473118481, -49975.12548865384, -49010.93828808526, -23777.405771899914, -26838.45482330976, -56928.17204334403, -43984.32153276462, 0.008, 0.92, -0.366, 192.0, 0.0, 0.0, 0.0, 0.0, 0.0, 0.0, 0.0, 0.0, 0.0, 1.741279697243784E9, 0.0, 2025-03-06 10:48:17.243
122.0, -38148.99631130652, -44527.9606614066, -49974.276122364536, -49009.64188690685, -23787.821684816085, -26833.35862557395, -56924.75222644237, -43969.278808746196, 0.008, 0.92, -0.366, 192.0, 0.0, 0.0, 0.0, 0.0, 0.0, 0.0, 0.0, 0.0, 0.0, 1.741279697243801E9, 0.0, 2025-03-06 10:48:17.243
123.0, -38154.293674742425, -44532.94510042013, -49977.47242182165, -49010.4689014517, -23830.424109747903, -26831.25756159515, -56924.796929931275, -43966.909523833936, 0.008, 0.92, -0.366, 192.0, 0.0, 0.0, 0.0, 0.0, 0.0, 0.0, 0.0, 0.0, 0.0, 1.741279697243817E9, 0.0, 2025-03-06 10:48:17.243
124.0, -38146.82819209435, -44531.760457964, -49972.08565140792, -49004.52333742659, -23840.102415097048, -26831.615189506436, -56925.13220609811, -43972.98919832578, 0.008, 0.92, -0.366, 192.0, 0.0, 0.0, 0.0, 0.0, 0.0, 0.0, 0.0, 0.0, 0.0, 1.741279697243833E9, 0.0, 2025-03-06 10:48:17.243
125.0, -38142.98369204804, -44529.72644921857, -49974.41023283127, -49004.23276474867, -23777.584585855555, -26838.54423028758, -56923.053493863765, -43950.23512247028, 0.008, 0.92, -0.366, 192.0, 0.0, 0.0, 0.0, 0.0, 0.0, 0.0, 0.0, 0.0, 0.0, 1.741279697243851E9, 0.0, 2025-03-06 10:48:17.243
126.0, -38145.755308360494, -44527.98301315105, -49969.98458742912, -48999.65065713533, -23770.789655541143, -26829.424718549817, -56917.174985072015, -43951.08448875958, 0.008, 0.92, -0.366, 192.0, 0.0, 0.0, 0.0, 0.0, 0.0, 0.0, 0.0, 0.0, 0.0, 1.741279697243867E9, 0.0, 2025-03-06 10:48:17.243
127.0, -38153.1537357752, -44531.201664352615, -49967.503543794584, -48991.9616570427, -23805.546618169144, -26815.70074745426, -56912.704636180955, -43957.32062546261, 0.01, 0.924, -0.366, 192.0, 0.0, 80.0, 28.0, 224.0, 244.0, 144.0, 0.0, 0.0, 0.0, 1.74127969724388E9, 0.0, 2025-03-06 10:48:17.243
128.0, -38147.61050315029, -44524.58554799385, -49969.09051765091, -48989.92764829727, -23819.918789853906, -26815.70074745426, -56909.910668124045, -43967.42361395641, 0.01, 0.924, -0.366, 192.0, 0.0, 0.0, 0.0, 0.0, 0.0, 0.0, 0.0, 0.0, 0.0, 1.741279697243895E9, 0.0, 2025-03-06 10:48:17.243
129.0, -38142.4025466922, -44527.62538523977, -49970.38691882932, -48993.48157566567, -23775.684687576853, -26809.889293895878, -56911.944676869476, -43971.737500636285, 0.01, 0.924, -0.366, 192.0, 0.0, 0.0, 0.0, 0.0, 0.0, 0.0, 0.0, 0.0, 0.0, 1.741279697243911E9, 0.0, 2025-03-06 10:48:17.243
130.0, -38146.85054383881, -44535.113219632294, -49970.7445467406, -49002.042293792045, -23766.56517583909, -26810.716308440726, -56909.620095446124, -43925.00000298023, 0.01, 0.924, -0.366, 192.0, 0.0, 0.0, 0.0, 0.0, 0.0, 0.0, 0.0, 0.0, 0.0, 1.741279697243927E9, 0.0, 2025-03-06 10:48:17.243
131.0, -38138.82626757935, -44524.8090654384, -49957.86994193435, -48987.60306687392, -23823.405661988934, -26805.68716593828, -56910.670627435524, -43987.450776988364, 0.01, 0.924, -0.366, 192.0, 0.0, 0.0, 0.0, 0.0, 0.0, 0.0, 0.0, 0.0, 0.0, 1.741279697243944E9, 0.0, 2025-03-06 10:48:17.243
132.0, -38147.90107582821, -44527.33481256185, -49969.35873858437, -48983.98208427216, -23816.029586318684, -26807.00591886114, -56920.86302290714, -43995.96679162583, 0.01, 0.924, -0.366, 192.0, 0.0, 0.0, 0.0, 0.0, 0.0, 0.0, 0.0, 0.0, 0.0, 1.741279697243958E9, 0.0, 2025-03-06 10:48:17.243
133.0, -38145.86706708277, -44528.966489907085, -49969.26933160655, -48990.21822097519, -23771.840187530543, -26812.057413108043, -56925.31102005375, -43982.488689719285, 0.01, 0.924, -0.366, 192.0, 0.0, 0.0, 0.0, 0.0, 0.0, 0.0, 0.0, 0.0, 0.0, 1.741279697303534E9, 0.0, 2025-03-06 10:48:17.303
134.0, -38149.13042177325, -44539.40475456772, -49973.80673573098, -49000.25415423563, -23721.146431105906, -26820.662834723335, -56928.015581132844, -43973.0786053036, 0.01, 0.924, -0.366, 192.0, 0.0, 0.0, 0.0, 0.0, 0.0, 0.0, 0.0, 0.0, 0.0, 1.741279697303552E9, 0.0, 2025-03-06 10:48:17.303
135.0, -38150.13625027374, -44537.72837373357, -49968.88935195081, -48998.08603502346, -23749.08611167504, -26822.898009168865, -56922.002961874365, -43953.43142192739, 0.01, 0.924, -0.366, 192.0, 0.0, 0.0, 0.0, 0.0, 0.0, 0.0, 0.0, 0.0, 0.0, 1.741279697303575E9, 0.0, 2025-03-06 10:48:17.303
136.0, -38141.66493912518, -44529.97231840758, -49962.60851175887, -48996.00732278911, -23779.283318434158, -26823.009767891144, -56916.81735716073, -43927.12341870349, 0.01, 0.924, -0.366, 192.0, 0.0, 0.0, 0.0, 0.0, 0.0, 0.0, 0.0, 0.0, 0.0, 1.741279697303588E9, 0.0, 2025-03-06 10:48:17.303
137.0, -38144.369500204266, -44537.84013245584, -49971.83978221891, -49008.636058406366, -23731.137660877426, -26825.021424892122, -56934.49758702488, -43992.16699506843, 0.01, 0.918, -0.362, 192.0, 0.0, 80.0, 28.0, 176.0, 244.0, 176.0, 0.0, 0.0, 0.0, 1.741279697303602E9, 0.0, 2025-03-06 10:48:17.303
138.0, -38148.66103513969, -44541.12583889077, -49973.51616305306, -49007.74198862815, -23677.672288140333, -26821.60160799046, -56934.654049236065, -43975.8278698716, 0.01, 0.918, -0.362, 192.0, 0.0, 0.0, 0.0, 0.0, 0.0, 0.0, 0.0, 0.0, 0.0, 1.741279697303616E9, 0.0, 2025-03-06 10:48:17.303
139.0, -38141.17320074716, -44523.78088519345, -49962.78732571451, -48983.22212496068, -23722.286370073125, -26817.421831777316, -56920.84067116269, -43955.13015450599, 0.01, 0.918, -0.362, 192.0, 0.0, 0.0, 0.0, 0.0, 0.0, 0.0, 0.0, 0.0, 0.0, 1.741279697303629E9, 0.0, 2025-03-06 10:48:17.303
140.0, -38137.932197801136, -44514.59431822233, -49957.780534956524, -48978.841183047436, -23762.675972303867, -26815.991320132176, -56917.62201996113, -43945.80947706813, 0.01, 0.918, -0.362, 192.0, 0.0, 0.0, 0.0, 0.0, 0.0, 0.0, 0.0, 0.0, 0.0, 1.741279697303643E9, 0.0, 2025-03-06 10:48:17.303
141.0, -38127.98567151853, -44508.29112628593, -49950.06918311944, -48972.761508555595, -23762.050123459117, -26810.06810785152, -56910.69297917998, -43954.37019519451, 0.01, 0.918, -0.362, 192.0, 0.0, 0.0, 0.0, 0.0, 0.0, 0.0, 0.0, 0.0, 0.0, 1.741279697303656E9, 0.0, 2025-03-06 10:48:17.303
142.0, -38130.33260468634, -44518.26000431299, -49958.65225299028, -48980.11523248139, -23697.96767210575, -26809.039927606576, -56916.72795018291, -43955.97952079529, 0.01, 0.918, -0.362, 192.0, 0.0, 0.0, 0.0, 0.0, 0.0, 0.0, 0.0, 0.0, 0.0, 1.741279697303669E9, 0.0, 2025-03-06 10:48:17.303
143.0, -38137.12753500075, -44518.88585315774, -49961.11094488036, -48982.14924122683, -23727.091995131017, -26798.57931120149, -56910.603572202155, -43945.20597996783, 0.01, 0.918, -0.362, 192.0, 0.0, 0.0, 0.0, 0.0, 0.0, 0.0, 0.0, 0.0, 0.0, 1.741279697303683E9, 0.0, 2025-03-06 10:48:17.303
144.0, -38139.16154374618, -44519.80227468041, -49963.70374723718, -48983.64680810533, -23770.789655541143, -26800.613319946926, -56913.062264092245, -43945.00481426773, 0.01, 0.918, -0.362, 192.0, 0.0, 0.0, 0.0, 0.0, 0.0, 0.0, 0.0, 0.0, 0.0, 1.741279697303699E9, 0.0, 2025-03-06 10:48:17.303
145.0, -38134.445325666115, -44517.56710023488, -49965.44718330469, -48982.97625577167, -23762.631268814956, -26801.172113558307, -56907.809604145245, -43940.40035490994, 0.01, 0.918, -0.362, 192.0, 0.0, 0.0, 0.0, 0.0, 0.0, 0.0, 0.0, 0.0, 0.0, 1.741279697303716E9, 0.0, 2025-03-06 10:48:17.303
146.0, -38142.961340303584, -44525.52432126097, -49968.91170369527, -48987.75952908511, -23708.920026888853, -26805.15072407135, -56908.54721171227, -43919.05443895512, 0.01, 0.918, -0.362, 192.0, 0.0, 0.0, 0.0, 0.0, 0.0, 0.0, 0.0, 0.0, 0.0, 1.741279697303733E9, 0.0, 2025-03-06 10:48:17.303
147.0, -38145.352976960305, -44528.1618271067, -49965.17896237123, -48990.12881399737, -23740.659504015388, -26810.001052618154, -56908.14488031207, -43907.275069627176, 0.008, 0.922, -0.362, 192.0, 0.0, 64.0, 28.0, 208.0, 244.0, 176.0, 0.0, 0.0, 0.0, 1.741279697303747E9, 0.0, 2025-03-06 10:48:17.303
148.0, -38136.79225883392, -44526.77601895047, -49957.445258789696, -48986.01609301759, -23793.52137965219, -26812.34798578596, -56914.06809259273, -43945.89888404595, 0.008, 0.922, -0.362, 192.0, 0.0, 0.0, 0.0, 0.0, 0.0, 0.0, 0.0, 0.0, 0.0, 1.741279697363831E9, 0.0, 2025-03-06 10:48:17.363
149.0, -38133.70771809909, -44523.602071237816, -49952.34906105388, -48976.06956673498, -23797.298824465135, -26798.60166294595, -56916.325618782714, -43966.775413367206, 0.008, 0.922, -0.362, 192.0, 0.0, 0.0, 0.0, 0.0, 0.0, 0.0, 0.0, 0.0, 0.0, 1.741279697363849E9, 0.0, 2025-03-06 10:48:17.363
150.0, -38129.192665719114, -44519.735219447044, -49949.59979648588, -48975.488421379145, -23762.720675792778, -26787.269328507107, -56911.16236581354, -43956.80653534014, 0.008, 0.922, -0.362, 192.0, 0.0, 0.0, 0.0, 0.0, 0.0, 0.0, 0.0, 0.0, 0.0, 1.741279697363863E9, 0.0, 2025-03-06 10:48:17.363
151.0, -38136.36757568927, -44527.155998606206, -49958.339328567905, -48989.4135581748, -23759.479672846755, -26802.73673567018, -56911.05060709127, -43936.17587520789, 0.008, 0.922, -0.362, 192.0, 0.0, 0.0, 0.0, 0.0, 0.0, 0.0, 0.0, 0.0, 0.0, 1.741279697363884E9, 0.0, 2025-03-06 10:48:17.363
152.0, -38138.08866001233, -44531.29107133044, -49963.81550595946, -49003.316343226, -23803.959644312818, -26814.180828831297, -56906.60260994466, -43896.68034275536, 0.008, 0.922, -0.362, 192.0, 0.0, 0.0, 0.0, 0.0, 0.0, 0.0, 0.0, 0.0, 0.0, 1.741279697363898E9, 0.0, 2025-03-06 10:48:17.363
153.0, -38133.05951750988, -44527.5583300064, -49960.10511637988, -48987.89363955184, -23799.08696402156, -26807.765878172624, -56913.7328164259, -43937.181703708375, 0.008, 0.922, -0.362, 192.0, 0.0, 0.0, 0.0, 0.0, 0.0, 0.0, 0.0, 0.0, 0.0, 1.741279697363911E9, 0.0, 2025-03-06 10:48:17.363
154.0, -38128.18683721863, -44515.89071940073, -49955.16538085525, -48975.622531845875, -23758.697361790822, -26801.283872280583, -56912.0340838473, -43964.71905287731, 0.008, 0.922, -0.362, 192.0, 0.0, 0.0, 0.0, 0.0, 0.0, 0.0, 0.0, 0.0, 0.0, 1.741279697363924E9, 0.0, 2025-03-06 10:48:17.363
155.0, -38128.05272675189, -44509.49812048652, -49945.10709585036, -48968.06764221998, -23755.03167570015, -26791.985546587177, -56912.0340838473, -43969.61408491303, 0.008, 0.922, -0.362, 192.0, 0.0, 0.0, 0.0, 0.0, 0.0, 0.0, 0.0, 0.0, 0.0, 1.741279697363938E9, 0.0, 2025-03-06 10:48:17.363
156.0, -38119.08967722532, -44505.407751251194, -49937.082819590905, -48965.564246840986, -23803.311443723615, -26788.78924713007, -56905.015636088334, -43956.65007312895, 0.008, 0.922, -0.362, 192.0, 0.0, 0.0, 0.0, 0.0, 0.0, 0.0, 0.0, 0.0, 0.0, 1.741279697363951E9, 0.0, 2025-03-06 10:48:17.363
157.0, -38116.07219172385, -44502.36791400527, -49938.625089958325, -48967.35238639741, -23819.494106709255, -26793.34900299895, -56902.66870292053, -43937.539331619664, 0.008, 0.914, -0.36, 192.0, 0.0, 64.0, 28.0, 144.0, 244.0, 192.0, 0.0, 0.0, 0.0, 1.741279697363965E9, 0.0, 2025-03-06 10:48:17.363
158.0, -38129.10325874129, -44511.73329493205, -49952.684337220715, -48981.4116336598, -23772.443684630834, -26807.654119450348, -56913.062264092245, -43937.047593241645, 0.008, 0.914, -0.36, 192.0, 0.0, 0.0, 0.0, 0.0, 0.0, 0.0, 0.0, 0.0, 0.0, 1.74127969736398E9, 0.0, 2025-03-06 10:48:17.363
159.0, -38131.53959888692, -44516.20364382311, -49956.238264589105, -48979.98112201466, -23738.64784701441, -26808.391727017373, -56916.30326703826, -43959.04170978567, 0.008, 0.914, -0.36, 192.0, 0.0, 0.0, 0.0, 0.0, 0.0, 0.0, 0.0, 0.0, 0.0, 1.741279697363997E9, 0.0, 2025-03-06 10:48:17.363
160.0, -38132.92540704315, -44514.929594389156, -49954.78540119951, -48976.203677201716, -23765.827568272063, -26804.077840337497, -56912.726987925416, -43939.707450831826, 0.008, 0.914, -0.36, 192.0, 0.0, 0.0, 0.0, 0.0, 0.0, 0.0, 0.0, 0.0, 0.0, 1.741279697364014E9, 0.0, 2025-03-06 10:48:17.364
161.0, -38134.93706404413, -44517.0083066235, -49959.3451570684, -48984.87615405037, -23781.719658579786, -26804.524875226605, -56911.229421046904, -43937.42757289739, 0.008, 0.914, -0.36, 192.0, 0.0, 0.0, 0.0, 0.0, 0.0, 0.0, 0.0, 0.0, 0.0, 1.741279697364031E9, 0.0, 2025-03-06 10:48:17.364
162.0, -38136.92636930065, -44523.13268460425, -49966.520067038546, -48995.67204662228, -23748.88494597494, -26807.810581661535, -56911.69880768047, -43927.14577044795, 0.008, 0.914, -0.36, 192.0, 0.0, 0.0, 0.0, 0.0, 0.0, 0.0, 0.0, 0.0, 0.0, 1.741279697364044E9, 0.0, 2025-03-06 10:48:17.364
163.0, -38136.9040175562, -44529.10060037382, -49964.217837359654, -48998.15309025683, -23704.628491953434, -26819.321730056017, -56922.94173514149, -43947.35174743554, 0.008, 0.914, -0.36, 192.0, 0.0, 0.0, 0.0, 0.0, 0.0, 0.0, 0.0, 0.0, 0.0, 1.741279697424144E9, 0.0, 2025-03-06 10:48:17.424
164.0, -38122.71065982708, -44517.41063802369, -49949.42098253024, -48979.28821793655, -23761.625440314467, -26802.334404269983, -56910.894144880076, -43944.043689256156, 0.008, 0.914, -0.36, 192.0, 0.0, 0.0, 0.0, 0.0, 0.0, 0.0, 0.0, 0.0, 0.0, 1.741279697424163E9, 0.0, 2025-03-06 10:48:17.424
165.0, -38119.000270247496, -44511.353315276305, -49944.995337128086, -48969.967540498685, -23810.687519393865, -26787.604604673936, -56907.58608670069, -43930.476180371785, 0.008, 0.914, -0.36, 192.0, 0.0, 0.0, 0.0, 0.0, 0.0, 0.0, 0.0, 0.0, 0.0, 1.741279697424176E9, 0.0, 2025-03-06 10:48:17.424
166.0, -38121.9507005156, -44514.48255950005, -49950.76208719756, -48979.467031892185, -23782.501969635723, -26800.05452633554, -56918.091406594685, -43911.99128770725, 0.008, 0.914, -0.36, 192.0, 0.0, 0.0, 0.0, 0.0, 0.0, 0.0, 0.0, 0.0, 0.0, 1.741279697424198E9, 0.0, 2025-03-06 10:48:17.424
167.0, -38123.336508671826, -44515.66720195618, -49957.31114832296, -48981.769261571084, -23728.656617242887, -26806.69299443877, -56929.7366654559, -43931.37025015, 0.008, 0.914, -0.364, 192.0, 0.0, 64.0, 28.0, 144.0, 244.0, 160.0, 0.0, 0.0, 0.0, 1.741279697424211E9, 0.0, 2025-03-06 10:48:17.424
168.0, -38121.727183071045, -44509.36401001978, -49951.92437790923, -48977.67889233576, -23777.875158533476, -26804.9272066268, -56931.68126722351, -43948.312872447124, 0.008, 0.914, -0.364, 192.0, 0.0, 0.0, 0.0, 0.0, 0.0, 0.0, 0.0, 0.0, 0.0, 1.741279697424226E9, 0.0, 2025-03-06 10:48:17.424
169.0, -38118.53088361393, -44504.87130938427, -49949.75625869707, -48975.37666265687, -23822.019853832706, -26802.15559031434, -56938.40914230456, -43960.74044236427, 0.008, 0.914, -0.364, 192.0, 0.0, 0.0, 0.0, 0.0, 0.0, 0.0, 0.0, 0.0, 0.0, 1.741279697424239E9, 0.0, 2025-03-06 10:48:17.424
170.0, -38109.43372362062, -44501.33973376033, -49946.44820051768, -48972.8062120445, -23816.633083418976, -26794.511293710628, -56934.54229051379, -43956.203038239844, 0.008, 0.914, -0.364, 192.0, 0.0, 0.0, 0.0, 0.0, 0.0, 0.0, 0.0, 0.0, 0.0, 1.741279697424253E9, 0.0, 2025-03-06 10:48:17.424
171.0, -38117.70386906909, -44515.130760089254, -49950.69503196419, -48980.07052899248, -23757.98210596825, -26793.080782065488, -56940.398447561085, -43935.84059904106, 0.008, 0.914, -0.364, 192.0, 0.0, 0.0, 0.0, 0.0, 0.0, 0.0, 0.0, 0.0, 0.0, 1.741279697424267E9, 0.0, 2025-03-06 10:48:17.424
172.0, -38120.16256095917, -44520.42812352516, -49946.045869117486, -48977.94711326923, -23792.33673719606, -26803.429639748294, -56934.18466260251, -43949.40810792543, 0.008, 0.914, -0.364, 192.0, 0.0, 0.0, 0.0, 0.0, 0.0, 0.0, 0.0, 0.0, 0.0, 1.741279697424281E9, 0.0, 2025-03-06 10:48:17.424
173.0, -38117.815627791366, -44517.94707989062, -49945.10709585036, -48973.11913646688, -23828.47950798029, -26804.748392671157, -56931.94948815698, -43947.61996836901, 0.008, 0.914, -0.364, 192.0, 0.0, 0.0, 0.0, 0.0, 0.0, 0.0, 0.0, 0.0, 0.0, 1.741279697424295E9, 0.0, 2025-03-06 10:48:17.424
174.0, -38114.46286612307, -44514.14728333322, -49943.40836327176, -48970.30281666551, -23824.09856606705, -26800.993299602666, -56928.12733985512, -43953.11849750501, 0.008, 0.914, -0.364, 192.0, 0.0, 0.0, 0.0, 0.0, 0.0, 0.0, 0.0, 0.0, 0.0, 1.741279697424311E9, 0.0, 2025-03-06 10:48:17.424
175.0, -38117.25683417998, -44519.35523979131, -49947.34227029589, -48978.37179641388, -23770.722600307778, -26797.081744322986, -56927.61324973265, -43945.720070090305, 0.008, 0.914, -0.364, 192.0, 0.0, 0.0, 0.0, 0.0, 0.0, 0.0, 0.0, 0.0, 0.0, 1.741279697424328E9, 0.0, 2025-03-06 10:48:17.424
176.0, -38128.20918896308, -44525.59137649434, -49951.94672965369, -48984.07149124998, -23767.503949106213, -26802.98260485919, -56921.868851407635, -43936.26528218571, 0.008, 0.914, -0.364, 192.0, 0.0, 0.0, 0.0, 0.0, 0.0, 0.0, 0.0, 0.0, 0.0, 1.741279697424346E9, 0.0, 2025-03-06 10:48:17.424
177.0, -38129.86321805277, -44518.684687457644, -49946.58231098441, -48973.253246933615, -23825.976112601296, -26794.980680344186, -56915.565659471235, -43933.761886806715, 0.008, 0.916, -0.368, 192.0, 0.0, 64.0, 28.0, 160.0, 244.0, 128.0, 0.0, 0.0, 0.0, 1.74127969742436E9, 0.0, 2025-03-06 10:48:17.424
178.0, -38127.18100871814, -44522.0598008704, -49948.88454066331, -48979.399976658824, -23846.070330866616, -26794.824218133, -56916.52678448281, -43931.034973983165, 0.008, 0.916, -0.368, 192.0, 0.0, 0.0, 0.0, 0.0, 0.0, 0.0, 0.0, 0.0, 0.0, 1.741279697484445E9, 0.0, 2025-03-06 10:48:17.484
179.0, -38115.08871496782, -44521.45630377011, -49949.01865113004, -48988.51948839659, -23818.44357471986, -26795.472418722205, -56916.50443273836, -43915.12053193099, 0.008, 0.916, -0.368, 192.0, 0.0, 0.0, 0.0, 0.0, 0.0, 0.0, 0.0, 0.0, 0.0, 1.741279697484464E9, 0.0, 2025-03-06 10:48:17.484
180.0, -38125.415220906165, -44525.56902474988, -49956.90881692277, -48990.732311097665, -23787.106428993517, -26804.569578715513, -56920.90772639606, -43919.61323256651, 0.008, 0.916, -0.368, 192.0, 0.0, 0.0, 0.0, 0.0, 0.0, 0.0, 0.0, 0.0, 0.0, 1.741279697484477E9, 0.0, 2025-03-06 10:48:17.484
181.0, -38128.723279085556, -44522.37272529277, -49957.579369256426, -48987.40190117382, -23827.00429284624, -26803.474343237205, -56925.579240987216, -43928.50922685972, 0.008, 0.916, -0.368, 192.0, 0.0, 0.0, 0.0, 0.0, 0.0, 0.0, 0.0, 0.0, 0.0, 1.7412796974845E9, 0.0, 2025-03-06 10:48:17.484
182.0, -38135.80878207788, -44528.18417885115, -49963.860209448365, -48997.23666873416, -23840.683560452886, -26807.520008983614, -56929.915479411546, -43934.99123275176, 0.008, 0.916, -0.368, 192.0, 0.0, 0.0, 0.0, 0.0, 0.0, 0.0, 0.0, 0.0, 0.0, 1.741279697484514E9, 0.0, 2025-03-06 10:48:17.484
183.0, -38137.798087334406, -44531.17931260816, -49965.6930524937, -48992.78867158755, -23800.7186413668, -26811.11863984092, -56929.46844452244, -43933.96305250681, 0.008, 0.916, -0.368, 192.0, 0.0, 0.0, 0.0, 0.0, 0.0, 0.0, 0.0, 0.0, 0.0, 1.741279697484527E9, 0.0, 2025-03-06 10:48:17.484
184.0, -38132.83600006533, -44527.60303349532, -49957.288796578505, -48992.25222972062, -23768.576832840066, -26814.940788142776, -56926.7862351878, -43945.80947706813, 0.008, 0.916, -0.368, 192.0, 0.0, 0.0, 0.0, 0.0, 0.0, 0.0, 0.0, 0.0, 0.0, 1.741279697484541E9, 0.0, 2025-03-06 10:48:17.484
185.0, -38123.15769471618, -44517.61180372379, -49948.415154029746, -48976.82952604646, -23812.252141505738, -26805.374241515907, -56916.12445308262, -43929.425648382385, 0.008, 0.916, -0.368, 192.0, 0.0, 0.0, 0.0, 0.0, 0.0, 0.0, 0.0, 0.0, 0.0, 1.741279697484554E9, 0.0, 2025-03-06 10:48:17.484
186.0, -38126.756325573486, -44523.57971949336, -49956.57354075593, -48981.05400574851, -23845.265668066226, -26811.655081707846, -56920.08071185121, -43955.644244628464, 0.008, 0.916, -0.368, 192.0, 0.0, 0.0, 0.0, 0.0, 0.0, 0.0, 0.0, 0.0, 0.0, 1.741279697484567E9, 0.0, 2025-03-06 10:48:17.484
187.0, -38126.51045638448, -44527.088943372844, -49960.440392546705, -48988.87711630787, -23816.878952607985, -26818.11473585543, -56929.423741033526, -43964.0261487992, 0.004, 0.914, -0.37, 192.0, 0.0, 32.0, 28.0, 144.0, 244.0, 112.0, 0.0, 0.0, 0.0, 1.741279697484581E9, 0.0, 2025-03-06 10:48:17.484
188.0, -38120.16256095917, -44522.685649715146, -49950.67268021974, -48983.98208427216, -23770.968469496784, -26811.096288096465, -56930.63073523412, -43950.77156433721, 0.004, 0.914, -0.37, 192.0, 0.0, 0.0, 0.0, 0.0, 0.0, 0.0, 0.0, 0.0, 0.0, 1.741279697484596E9, 0.0, 2025-03-06 10:48:17.484
189.0, -38124.387040661226, -44529.16765560718, -49953.84662793239, -48990.03940701955, -23798.70698436582, -26806.44712524976, -56922.69586595248, -43921.9154622454, 0.004, 0.914, -0.37, 192.0, 0.0, 0.0, 0.0, 0.0, 0.0, 0.0, 0.0, 0.0, 0.0, 1.741279697484612E9, 0.0, 2025-03-06 10:48:17.484
190.0, -38114.06053472287, -44523.5573677489, -49946.76112494006, -48991.425215175776, -23847.00910413374, -26806.49182873867, -56923.23230781941, -43927.682212314874, 0.004, 0.914, -0.37, 192.0, 0.0, 0.0, 0.0, 0.0, 0.0, 0.0, 0.0, 0.0, 0.0, 1.741279697484629E9, 0.0, 2025-03-06 10:48:17.484
191.0, -38108.89728175369, -44518.86350141329, -49939.00506961407, -48981.4116336598, -23823.986807344772, -26796.433543733783, -56922.82997641921, -43963.13207902099, 0.004, 0.914, -0.37, 192.0, 0.0, 0.0, 0.0, 0.0, 0.0, 0.0, 0.0, 0.0, 0.0, 1.741279697484646E9, 0.0, 2025-03-06 10:48:17.484
192.0, -38112.65237482219, -44517.790617679435, -49942.626052215826, -48977.34361616893, -23755.27754488916, -26800.54626471356, -56923.92521189752, -43942.859046800026, 0.004, 0.914, -0.37, 192.0, 0.0, 0.0, 0.0, 0.0, 0.0, 0.0, 0.0, 0.0, 0.0, 1.741279697484659E9, 0.0, 2025-03-06 10:48:17.484
193.0, -38112.764133544464, -44514.214338566584, -49944.078915605416, -48975.287255679046, -23776.80227479962, -26800.21098854673, -56921.42181651853, -43945.89888404595, 0.004, 0.914, -0.37, 192.0, 0.0, 0.0, 0.0, 0.0, 0.0, 0.0, 0.0, 0.0, 0.0, 1.741279697544578E9, 0.0, 2025-03-06 10:48:17.544
194.0, -38110.037220720915, -44512.44855075461, -49939.049773102975, -48970.41457538779, -23802.640891389954, -26787.6716599073, -56919.25369730636, -43938.656918842426, 0.004, 0.914, -0.37, 192.0, 0.0, 0.0, 0.0, 0.0, 0.0, 0.0, 0.0, 0.0, 0.0, 1.741279697544597E9, 0.0, 2025-03-06 10:48:17.544
195.0, -38118.35206965829, -44515.66720195618, -49950.583273241915, -48977.14245046883, -23790.99563252874, -26795.472418722205, -56914.671589693025, -43915.32169763109, 0.004, 0.914, -0.37, 192.0, 0.0, 0.0, 0.0, 0.0, 0.0, 0.0, 0.0, 0.0, 0.0, 1.741279697544611E9, 0.0, 2025-03-06 10:48:17.544
196.0, -38125.92931102864, -44526.61955673928, -49966.02832866053, -48991.425215175776, -23731.517640533166, -26809.196389817764, -56922.159424085556, -43929.11272396001, 0.004, 0.914, -0.37, 192.0, 0.0, 0.0, 0.0, 0.0, 0.0, 0.0, 0.0, 0.0, 0.0, 1.741279697544633E9, 0.0, 2025-03-06 10:48:17.544
197.0, -38126.97984301804, -44522.886815415244, -49959.03223264602, -48976.673063835275, -23735.69741674631, -26793.01372683212, -56926.74153169889, -43941.808514810626, 0.006, 0.914, -0.372, 192.0, 0.0, 48.0, 28.0, 144.0, 244.0, 96.0, 0.0, 0.0, 0.0, 1.741279697544647E9, 0.0, 2025-03-06 10:48:17.544
198.0, -38124.02941274994, -44518.46117001309, -49953.82427618793, -48970.34752015442, -23767.03456247265, -26782.173130771298, -56922.11472059664, -43938.3216426756, 0.006, 0.914, -0.372, 192.0, 0.0, 0.0, 0.0, 0.0, 0.0, 0.0, 0.0, 0.0, 0.0, 1.741279697544661E9, 0.0, 2025-03-06 10:48:17.544
199.0, -38118.35206965829, -44517.05301011241, -49948.25869181856, -48969.98989224314, -23753.17648091036, -26787.649308162847, -56924.57341248672, -43937.76284906422, 0.006, 0.914, -0.372, 192.0, 0.0, 0.0, 0.0, 0.0, 0.0, 0.0, 0.0, 0.0, 0.0, 1.741279697544675E9, 0.0, 2025-03-06 10:48:17.544
200.0, -38122.3977354047, -44524.987879394044, -49955.88063667782, -48983.62445636088, -23691.105686557974, -26805.888331638376, -56933.044723635285, -43936.17587520789, 0.006, 0.914, -0.372, 192.0, 0.0, 0.0, 0.0, 0.0, 0.0, 0.0, 0.0, 0.0, 0.0, 1.741279697544688E9, 0.0, 2025-03-06 10:48:17.544
201.0, -38119.71552607007, -44522.10450435931, -49953.53370351002, -48981.925723782275, -23682.187340520304, -26808.034099106088, -56930.9883631454, -43932.66665132841, 0.006, 0.914, -0.372, 192.0, 0.0, 0.0, 0.0, 0.0, 0.0, 0.0, 0.0, 0.0, 0.0, 1.741279697544701E9, 0.0, 2025-03-06 10:48:17.544
202.0, -38106.30447939688, -44509.34165827533, -49943.49777024958, -48969.45345037621, -23739.966599937274, -26793.01372683212, -56921.511223496345, -43928.26335767071, 0.006, 0.914, -0.372, 192.0, 0.0, 0.0, 0.0, 0.0, 0.0, 0.0, 0.0, 0.0, 0.0, 1.741279697544715E9, 0.0, 2025-03-06 10:48:17.544
203.0, -38100.85065374978, -44502.63613493874, -49940.234415559105, -48965.38543288534, -23768.777998540165, -26788.275157007596, -56915.54330772678, -43933.493665873255, 0.006, 0.914, -0.372, 192.0, 0.0, 0.0, 0.0, 0.0, 0.0, 0.0, 0.0, 0.0, 0.0, 1.741279697544729E9, 0.0, 2025-03-06 10:48:17.544
204.0, -38100.13539792722, -44502.50202447201, -49938.490979491595, -48966.681834063755, -23729.394224809912, -26785.771761628603, -56910.044778590775, -43920.52965408917, 0.006, 0.914, -0.372, 192.0, 0.0, 0.0, 0.0, 0.0, 0.0, 0.0, 0.0, 0.0, 0.0, 1.741279697544742E9, 0.0, 2025-03-06 10:48:17.544
205.0, -38104.56104332936, -44507.70998093009, -49942.11196209335, -48972.60504634441, -23713.323320546548, -26789.884482608377, -56910.9835518579, -43917.467465098794, 0.006, 0.914, -0.372, 192.0, 0.0, 0.0, 0.0, 0.0, 0.0, 0.0, 0.0, 0.0, 0.0, 1.741279697544762E9, 0.0, 2025-03-06 10:48:17.544
206.0, -38106.7962177749, -44510.83922515383, -49946.31409005095, -48979.69054933674, -23757.60212631251, -26781.68139239328, -56914.26925829283, -43917.892148243445, 0.006, 0.914, -0.372, 192.0, 0.0, 0.0, 0.0, 0.0, 0.0, 0.0, 0.0, 0.0, 0.0, 1.741279697544775E9, 0.0, 2025-03-06 10:48:17.544
207.0, -38100.314211882855, -44501.786768649436, -49945.8894069063, -48969.676967820764, -23779.775056812177, -26788.141046540863, -56915.230383304406, -43927.30223265913, 0.008, 0.916, -0.376, 192.0, 0.0, 64.0, 28.0, 160.0, 244.0, 64.0, 0.0, 0.0, 0.0, 1.741279697544791E9, 0.0, 2025-03-06 10:48:17.544
208.0, -38095.01684844695, -44498.925745359156, -49941.37435452633, -48965.54189509653, -23755.188137911337, -26793.50546521014, -56913.5316507258, -43917.42276160989, 0.008, 0.916, -0.376, 192.0, 0.0, 0.0, 0.0, 0.0, 0.0, 0.0, 0.0, 0.0, 0.0, 1.741279697604002E9, 0.0, 2025-03-06 10:48:17.604
209.0, -38105.008078218474, -44503.41844599467, -49943.34130803839, -48968.26880792008, -23731.048253899608, -26799.898064124354, -56912.83874664769, -43919.25560465522, 0.008, 0.916, -0.376, 192.0, 0.0, 0.0, 0.0, 0.0, 0.0, 0.0, 0.0, 0.0, 0.0, 1.741279697604021E9, 0.0, 2025-03-06 10:48:17.604
210.0, -38126.51045638448, -44519.48935025804, -49958.272273334536, -48980.584619114954, -23754.919916977873, -26805.35188977145, -56921.377113029615, -43933.29250017316, 0.008, 0.916, -0.376, 192.0, 0.0, 0.0, 0.0, 0.0, 0.0, 0.0, 0.0, 0.0, 0.0, 1.741279697604034E9, 0.0, 2025-03-06 10:48:17.604
211.0, -38120.14020921472, -44513.76730367748, -49948.01282262956, -48973.74498531163, -23780.60207135702, -26797.037040834075, -56917.71142693895, -43924.687078557865, 0.008, 0.916, -0.376, 192.0, 0.0, 0.0, 0.0, 0.0, 0.0, 0.0, 0.0, 0.0, 0.0, 1.741279697604056E9, 0.0, 2025-03-06 10:48:17.604
212.0, -38114.35110740079, -44509.18519606414, -49944.10126734988, -48974.54964811202, -23761.401922869914, -26797.864055378923, -56919.633676962105, -43911.45484584032, 0.008, 0.916, -0.376, 192.0, 0.0, 0.0, 0.0, 0.0, 0.0, 0.0, 0.0, 0.0, 0.0, 1.74127969760407E9, 0.0, 2025-03-06 10:48:17.604
213.0, -38108.360839886765, -44504.67014368417, -49936.36756376834, -48968.559380597995, -23732.165841122373, -26798.78047690159, -56914.00103735937, -43921.08844770056, 0.008, 0.916, -0.376, 192.0, 0.0, 0.0, 0.0, 0.0, 0.0, 0.0, 0.0, 0.0, 0.0, 1.741279697604084E9, 0.0, 2025-03-06 10:48:17.604
214.0, -38095.12860716922, -44498.16578604768, -49928.38799099779, -48959.57397932697, -23770.56613809659, -26783.804808116533, -56914.44807224847, -43930.92321526089, 0.008, 0.916, -0.376, 192.0, 0.0, 0.0, 0.0, 0.0, 0.0, 0.0, 0.0, 0.0, 0.0, 1.741279697604098E9, 0.0, 2025-03-06 10:48:17.604
215.0, -38096.402656603175, -44495.43887322413, -49927.89625261978, -48959.41751711578, -23811.559237427624, -26779.31210748102, -56911.11766232463, -43909.443188839345, 0.008, 0.916, -0.376, 192.0, 0.0, 0.0, 0.0, 0.0, 0.0, 0.0, 0.0, 0.0, 0.0, 1.741279697604111E9, 0.0, 2025-03-06 10:48:17.604
216.0, -38097.743761270496, -44487.07932079784, -49923.1353310508, -48949.627453044355, -23810.888685093963, -26777.63572664687, -56905.708540166444, -43898.75905498971, 0.008, 0.916, -0.376, 192.0, 0.0, 0.0, 0.0, 0.0, 0.0, 0.0, 0.0, 0.0, 0.0, 1.741279697604125E9, 0.0, 2025-03-06 10:48:17.604
217.0, -38106.326831141334, -44493.248402267505, -49931.96427011064, -48964.60312182941, -23764.955850238308, -26791.694973909256, -56914.55983097075, -43913.488854585754, 0.008, 0.918, -0.374, 192.0, 0.0, 64.0, 28.0, 176.0, 244.0, 80.0, 0.0, 0.0, 0.0, 1.741279697604139E9, 0.0, 2025-03-06 10:48:17.604
218.0, -38104.27047065145, -44491.504966199995, -49927.9856595976, -48961.429174116754, -23799.89162682195, -26788.945709341257, -56913.35283677016, -43944.177799722886, 0.008, 0.918, -0.374, 192.0, 0.0, 0.0, 0.0, 0.0, 0.0, 0.0, 0.0, 0.0, 0.0, 1.741279697604153E9, 0.0, 2025-03-06 10:48:17.604
219.0, -38105.9468514856, -44481.357274217284, -49921.36954323883, -48946.11822916487, -23843.76810118772, -26769.857319576422, -56905.77559539981, -43930.051497227134, 0.008, 0.918, -0.374, 192.0, 0.0, 0.0, 0.0, 0.0, 0.0, 0.0, 0.0, 0.0, 0.0, 1.741279697604167E9, 0.0, 2025-03-06 10:48:17.604
220.0, -38107.15384568618, -44474.85291658079, -49921.05661881645, -48938.60804302789, -23825.596132945557, -26768.00212478663, -56900.8805633641, -43923.72595354628, 0.008, 0.918, -0.374, 192.0, 0.0, 0.0, 0.0, 0.0, 0.0, 0.0, 0.0, 0.0, 0.0, 1.741279697604186E9, 0.0, 2025-03-06 10:48:17.604
221.0, -38114.95460450109, -44483.07835854034, -49930.39964799877, -48954.43307810224, -23762.89948974842, -26781.994316815653, -56908.81543264574, -43924.28474715767, 0.008, 0.918, -0.374, 192.0, 0.0, 0.0, 0.0, 0.0, 0.0, 0.0, 0.0, 0.0, 0.0, 1.7412796976042E9, 0.0, 2025-03-06 10:48:17.604
222.0, -38111.378325388236, -44479.99381780551, -49922.822406628424, -48945.62649078685, -23764.33000139356, -26777.613374902416, -56905.32856051071, -43925.02235472469, 0.008, 0.918, -0.374, 192.0, 0.0, 0.0, 0.0, 0.0, 0.0, 0.0, 0.0, 0.0, 0.0, 1.741279697604216E9, 0.0, 2025-03-06 10:48:17.604
223.0, -38101.744723528, -44474.316474713865, -49914.239336757586, -48941.78199074054, -23806.060708291618, -26775.19938650124, -56897.952484840454, -43915.63462205346, 0.008, 0.918, -0.374, 192.0, 0.0, 0.0, 0.0, 0.0, 0.0, 0.0, 0.0, 0.0, 0.0, 1.741279697663801E9, 0.0, 2025-03-06 10:48:17.663
224.0, -38103.4434561066, -44478.8985823272, -49918.88849960429, -48956.824714758965, -23802.395022200948, -26782.59781391595, -56902.31107500924, -43912.68419178536, 0.008, 0.918, -0.374, 192.0, 0.0, 0.0, 0.0, 0.0, 0.0, 0.0, 0.0, 0.0, 0.0, 1.741279697663819E9, 0.0, 2025-03-06 10:48:17.663
225.0, -38098.52607232644, -44476.886925326224, -49920.98956358308, -48952.26495889008, -23750.270754131172, -26784.63182266138, -56900.92526685301, -43910.80664525111, 0.008, 0.918, -0.374, 192.0, 0.0, 0.0, 0.0, 0.0, 0.0, 0.0, 0.0, 0.0, 0.0, 1.741279697663833E9, 0.0, 2025-03-06 10:48:17.663
226.0, -38087.663124521154, -44475.45641368108, -49908.696104132665, -48943.54777855251, -23751.99183845423, -26784.408305216828, -56898.086595307184, -43906.13513065995, 0.008, 0.918, -0.374, 192.0, 0.0, 0.0, 0.0, 0.0, 0.0, 0.0, 0.0, 0.0, 0.0, 1.741279697663855E9, 0.0, 2025-03-06 10:48:17.663
227.0, -38078.00717091646, -44467.70035835509, -49902.19174649617, -48941.13379015133, -23792.113219751503, -26789.7727238861, -56906.66966517802, -43908.057380683116, 0.012, 0.914, -0.368, 192.0, 0.0, 96.0, 28.0, 144.0, 244.0, 128.0, 0.0, 0.0, 0.0, 1.741279697663869E9, 0.0, 2025-03-06 10:48:17.663
228.0, -38075.83905170429, -44468.12504149974, -49904.76219710853, -48948.286348377034, -23807.33475772557, -26794.31012801053, -56919.25369730636, -43916.72985753177, 0.012, 0.914, -0.368, 192.0, 0.0, 0.0, 0.0, 0.0, 0.0, 0.0, 0.0, 0.0, 0.0, 1.741279697663884E9, 0.0, 2025-03-06 10:48:17.663
229.0, -38086.85846172076, -44479.546782916404, -49915.625144913814, -48959.462220604684, -23763.79355952663, -26802.78143915909, -56923.12054909713, -43915.07582844208, 0.012, 0.914, -0.368, 192.0, 0.0, 0.0, 0.0, 0.0, 0.0, 0.0, 0.0, 0.0, 0.0, 1.741279697663897E9, 0.0, 2025-03-06 10:48:17.663
230.0, -38090.479444322526, -44482.60897190678, -49915.289868746986, -48963.329072395456, -23754.27171638867, -26792.276119265094, -56914.313961781736, -43917.17689242088, 0.012, 0.914, -0.368, 192.0, 0.0, 0.0, 0.0, 0.0, 0.0, 0.0, 0.0, 0.0, 0.0, 1.741279697663911E9, 0.0, 2025-03-06 10:48:17.663
231.0, -38086.85846172076, -44483.123062029255, -49913.72524663511, -48966.055985219005, -23799.51164716621, -26777.38985745786, -56910.15653731305, -43926.69873555884, 0.012, 0.914, -0.368, 192.0, 0.0, 0.0, 0.0, 0.0, 0.0, 0.0, 0.0, 0.0, 0.0, 1.741279697663924E9, 0.0, 2025-03-06 10:48:17.663
232.0, -38081.87402270723, -44477.110442770776, -49908.919621577224, -48958.34463338192, -23830.75938591473, -26777.38985745786, -56903.87569712111, -43923.211863423814, 0.012, 0.914, -0.368, 192.0, 0.0, 0.0, 0.0, 0.0, 0.0, 0.0, 0.0, 0.0, 0.0, 1.741279697663937E9, 0.0, 2025-03-06 10:48:17.663
233.0, -38092.714618768056, -44475.56817240336, -49917.860319359344, -48955.39420311382, -23791.219149973294, -26785.92822383979, -56905.79794714427, -43917.84744475454, 0.012, 0.914, -0.368, 192.0, 0.0, 0.0, 0.0, 0.0, 0.0, 0.0, 0.0, 0.0, 0.0, 1.741279697663951E9, 0.0, 2025-03-06 10:48:17.663
234.0, -38109.03139222043, -44481.8490125953, -49931.897214877274, -48961.362118883386, -23763.972373482273, -26800.769782158113, -56906.37909250011, -43902.78236899166, 0.012, 0.914, -0.368, 192.0, 0.0, 0.0, 0.0, 0.0, 0.0, 0.0, 0.0, 0.0, 0.0, 1.741279697663964E9, 0.0, 2025-03-06 10:48:17.663
235.0, -38104.8963194962, -44481.916067828664, -49928.276232275515, -48955.23774090264, -23820.410528231925, -26796.21002628923, -56904.41213898804, -43914.06999994159, 0.012, 0.914, -0.368, 192.0, 0.0, 0.0, 0.0, 0.0, 0.0, 0.0, 0.0, 0.0, 0.0, 1.74127969766398E9, 0.0, 2025-03-06 10:48:17.663
236.0, -38089.87594722223, -44474.0482537804, -49918.0838368039, -48949.4039355998, -23855.279249582203, -26785.481188950682, -56901.819336631226, -43925.715258802804, 0.012, 0.914, -0.368, 192.0, 0.0, 0.0, 0.0, 0.0, 0.0, 0.0, 0.0, 0.0, 0.0, 1.741279697663998E9, 0.0, 2025-03-06 10:48:17.663
237.0, -38088.803063488376, -44478.13862301572, -49922.464778717134, -48962.23383691715, -23817.99653983075, -26798.624014690402, -56910.201240801965, -43929.38094489348, 0.014, 0.916, -0.366, 192.0, 0.0, 112.0, 28.0, 160.0, 244.0, 144.0, 0.0, 0.0, 0.0, 1.741279697664015E9, 0.0, 2025-03-06 10:48:17.664
238.0, -38087.2384413765, -44476.08226252583, -49920.27430776052, -48961.51858109458, -23773.42716138687, -26796.7241164117, -56908.83778439019, -43926.74343904775, 0.014, 0.916, -0.366, 192.0, 0.0, 0.0, 0.0, 0.0, 0.0, 0.0, 0.0, 0.0, 0.0, 1.74127969772403E9, 0.0, 2025-03-06 10:48:17.724
239.0, -38087.28314486541, -44475.38935844772, -49918.19559552617, -48958.277578148554, -23808.34058622606, -26785.63765116187, -56900.902915108556, -43928.531578604176, 0.014, 0.916, -0.366, 192.0, 0.0, 0.0, 0.0, 0.0, 0.0, 0.0, 0.0, 0.0, 0.0, 1.741279697724051E9, 0.0, 2025-03-06 10:48:17.724
240.0, -38091.88760422321, -44484.37475971875, -49925.348153751875, -48969.69931956522, -23845.91386865543, -26790.264462264116, -56910.42475824652, -43941.29442468815, 0.014, 0.916, -0.366, 192.0, 0.0, 0.0, 0.0, 0.0, 0.0, 0.0, 0.0, 0.0, 0.0, 1.741279697724064E9, 0.0, 2025-03-06 10:48:17.724
241.0, -38089.92065071114, -44480.64201839471, -49924.923470607224, -48971.26394167709, -23850.540679757676, -26784.520063939104, -56911.69880768047, -43933.35955540652, 0.014, 0.916, -0.366, 192.0, 0.0, 0.0, 0.0, 0.0, 0.0, 0.0, 0.0, 0.0, 0.0, 1.741279697724086E9, 0.0, 2025-03-06 10:48:17.724
242.0, -38105.499816596486, -44490.946172588614, -49937.865130646846, -48978.617665602884, -23797.99172854325, -26795.092439066466, -56917.51026123885, -43927.03401172567, 0.014, 0.916, -0.366, 192.0, 0.0, 0.0, 0.0, 0.0, 0.0, 0.0, 0.0, 0.0, 0.0, 1.741279697724099E9, 0.0, 2025-03-06 10:48:17.724
243.0, -38122.66595633816, -44499.64100118173, -49945.84470341739, -48977.12009872438, -23815.51549619621, -26793.572520443504, -56913.77751991481, -43936.68996533036, 0.014, 0.916, -0.366, 192.0, 0.0, 0.0, 0.0, 0.0, 0.0, 0.0, 0.0, 0.0, 0.0, 1.741279697724113E9, 0.0, 2025-03-06 10:48:17.724
244.0, -38115.46869462355, -44494.008361578984, -49939.049773102975, -48974.12496496737, -23889.231549409815, -26782.44135170476, -56907.20610704495, -43986.199079298865, 0.014, 0.916, -0.366, 192.0, 0.0, 0.0, 0.0, 0.0, 0.0, 0.0, 0.0, 0.0, 0.0, 1.741279697724126E9, 0.0, 2025-03-06 10:48:17.724
245.0, -38111.60184283279, -44493.315457500874, -49934.89234863429, -48974.9072760233, -23904.900122272986, -26785.414133717317, -56919.03017986181, -44001.97941088431, 0.014, 0.916, -0.366, 192.0, 0.0, 0.0, 0.0, 0.0, 0.0, 0.0, 0.0, 0.0, 0.0, 1.741279697724141E9, 0.0, 2025-03-06 10:48:17.724
246.0, -38112.09358121081, -44500.08803607083, -49937.75337192457, -48978.148278969325, -23862.923546185917, -26801.55209321405, -56922.87467990812, -43985.68498917639, 0.014, 0.916, -0.366, 192.0, 0.0, 0.0, 0.0, 0.0, 0.0, 0.0, 0.0, 0.0, 0.0, 1.741279697724154E9, 0.0, 2025-03-06 10:48:17.724
247.0, -38113.63585157822, -44509.49812048652, -49940.25676730356, -48985.85963080641, -23857.24620309427, -26809.9787008737, -56927.92617415502, -43975.291428004675, 0.012, 0.914, -0.358, 192.0, 0.0, 96.0, 28.0, 144.0, 244.0, 208.0, 0.0, 0.0, 0.0, 1.741279697724168E9, 0.0, 2025-03-06 10:48:17.724
248.0, -38106.37153463025, -44497.718751158565, -49933.663002689245, -48976.09191847943, -23889.008031965262, -26798.60166294595, -56916.39267401608, -43949.60927362553, 0.012, 0.914, -0.358, 192.0, 0.0, 0.0, 0.0, 0.0, 0.0, 0.0, 0.0, 0.0, 0.0, 1.741279697724183E9, 0.0, 2025-03-06 10:48:17.724
249.0, -38106.907976497176, -44491.61672492227, -49936.85930214635, -48973.655578333804, -23881.363735361545, -26796.9252821118, -56917.57731647221, -43937.204055452836, 0.012, 0.914, -0.358, 192.0, 0.0, 0.0, 0.0, 0.0, 0.0, 0.0, 0.0, 0.0, 0.0, 1.741279697724197E9, 0.0, 2025-03-06 10:48:17.724
250.0, -38109.45607536508, -44494.52245170146, -49945.50942725056, -48978.79647955853, -23822.310426510627, -26804.904854882345, -56922.27118280783, -43955.46543067282, 0.012, 0.914, -0.358, 192.0, 0.0, 0.0, 0.0, 0.0, 0.0, 0.0, 0.0, 0.0, 0.0, 1.741279697724214E9, 0.0, 2025-03-06 10:48:17.724
251.0, -38106.77386603044, -44493.315457500874, -49933.8865201338, -48972.3591771554, -23833.79922316065, -26794.176017543796, -56921.13124384061, -43953.11849750501, 0.012, 0.914, -0.358, 192.0, 0.0, 0.0, 0.0, 0.0, 0.0, 0.0, 0.0, 0.0, 0.0, 1.741279697724231E9, 0.0, 2025-03-06 10:48:17.724
252.0, -38112.09358121081, -44498.210489536585, -49937.708668435655, -48976.047214990525, -23878.68152602691, -26799.048697835053, -56924.26048806435, -43950.25747421473, 0.012, 0.914, -0.358, 192.0, 0.0, 0.0, 0.0, 0.0, 0.0, 0.0, 0.0, 0.0, 0.0, 1.741279697724248E9, 0.0, 2025-03-06 10:48:17.724
253.0, -38111.87006376625, -44499.66335292618, -49939.85443590337, -48976.22602894617, -23896.048831468685, -26801.194465302764, -56927.12151135463, -43949.430459669886, 0.012, 0.914, -0.358, 192.0, 0.0, 0.0, 0.0, 0.0, 0.0, 0.0, 0.0, 0.0, 0.0, 1.741279697784532E9, 0.0, 2025-03-06 10:48:17.784
254.0, -38117.63681383572, -44494.07541681235, -49941.93314813771, -48976.963636513196, -23868.19855787737, -26797.752296656647, -56925.66864796504, -43946.9717677798, 0.012, 0.914, -0.358, 192.0, 0.0, 0.0, 0.0, 0.0, 0.0, 0.0, 0.0, 0.0, 0.0, 1.741279697784567E9, 0.0, 2025-03-06 10:48:17.784
255.0, -38138.781564090445, -44506.52533847396, -49960.41804080225, -48991.156994242316, -23858.028514150206, -26807.609415961437, -56932.8882614241, -43949.0728317586, 0.012, 0.914, -0.358, 192.0, 0.0, 0.0, 0.0, 0.0, 0.0, 0.0, 0.0, 0.0, 0.0, 1.741279697784581E9, 0.0, 2025-03-06 10:48:17.784
0.0, -38143.34131995933, -44512.67206819917, -49964.86603794886, -48999.02480829058, -23901.413250137957, -26818.092384110976, -56942.03012490632, -43949.922198047905, 0.012, 0.914, -0.358, 192.0, 0.0, 0.0, 0.0, 0.0, 0.0, 0.0, 0.0, 0.0, 0.0, 1.741279697784604E9, 0.0, 2025-03-06 10:48:17.784
1.0, -38131.6513576092, -44508.067608841375, -49956.30531982247, -48992.609857631905, -23930.15759350748, -26811.72213694121, -56941.04664815029, -43941.33912817707, 0.004, 0.914, -0.364, 192.0, 0.0, 32.0, 28.0, 144.0, 244.0, 160.0, 0.0, 0.0, 0.0, 1.741279697784618E9, 0.0, 2025-03-06 10:48:17.784
2.0, -38131.4501919091, -44514.48255950005, -49962.09442163639, -49000.20945074671, -23897.5911018361, -26823.345044057973, -56955.03884017931, -43960.628683642, 0.004, 0.914, -0.364, 192.0, 0.0, 0.0, 0.0, 0.0, 0.0, 0.0, 0.0, 0.0, 0.0, 1.741279697784632E9, 0.0, 2025-03-06 10:48:17.784
3.0, -38137.97690129005, -44518.349411290816, -49963.77080247054, -49001.81877634749, -23875.57463354762, -26827.54717201557, -56954.591805290205, -43961.83567784258, 0.004, 0.914, -0.364, 192.0, 0.0, 0.0, 0.0, 0.0, 0.0, 0.0, 0.0, 0.0, 0.0, 1.741279697784646E9, 0.0, 2025-03-06 10:48:17.784
4.0, -38140.9049798137, -44515.46603625608, -49961.781497214026, -48997.90722106781, -23924.05556727118, -26817.868866666424, -56946.3887150751, -43962.46152668733, 0.004, 0.914, -0.364, 192.0, 0.0, 0.0, 0.0, 0.0, 0.0, 0.0, 0.0, 0.0, 0.0, 1.74127969778466E9, 0.0, 2025-03-06 10:48:17.784
5.0, -38149.91273282919, -44522.93151890415, -49975.75133749859, -49007.36200897241, -23939.21005001188, -26828.620055749423, -56968.27107289685, -44003.65579171846, 0.004, 0.914, -0.364, 192.0, 0.0, 0.0, 0.0, 0.0, 0.0, 0.0, 0.0, 0.0, 0.0, 1.741279697784673E9, 0.0, 2025-03-06 10:48:17.784
6.0, -38157.82525036636, -44533.21332135359, -49987.12837542634, -49016.34741024344, -23908.20818045237, -26849.273067626127, -56974.574264833245, -43978.84535537307, 0.004, 0.914, -0.364, 192.0, 0.0, 0.0, 0.0, 0.0, 0.0, 0.0, 0.0, 0.0, 0.0, 1.741279697784687E9, 0.0, 2025-03-06 10:48:17.784
7.0, -38157.087642799335, -44537.14722837773, -49984.13324166933, -49019.90133761184, -23871.26074686775, -26850.12243391543, -56972.85318051019, -43986.266134532234, 0.004, 0.914, -0.364, 192.0, 0.0, 0.0, 0.0, 0.0, 0.0, 0.0, 0.0, 0.0, 0.0, 1.7412796977847E9, 0.0, 2025-03-06 10:48:17.784
8.0, -38153.824288108866, -44533.88387368726, -49979.55113405599, -49012.547613686045, -23894.26069191226, -26839.058320410055, -56978.977558490944, -44009.75781795476, 0.004, 0.914, -0.364, 192.0, 0.0, 0.0, 0.0, 0.0, 0.0, 0.0, 0.0, 0.0, 0.0, 1.741279697784713E9, 0.0, 2025-03-06 10:48:17.784
9.0, -38139.58622689083, -44517.790617679435, -49962.58616001441, -48994.39799718833, -23944.909744847984, -26824.35087255846, -56964.56068331727, -44000.884175406005, 0.004, 0.914, -0.364, 192.0, 0.0, 0.0, 0.0, 0.0, 0.0, 0.0, 0.0, 0.0, 0.0, 1.741279697784729E9, 0.0, 2025-03-06 10:48:17.784
10.0, -38141.5531804029, -44520.22695782506, -49968.28585485052, -48998.622476890385, -23942.60751516909, -26828.441241793782, -56966.3488228737, -44013.80348370117, 0.004, 0.914, -0.364, 192.0, 0.0, 0.0, 0.0, 0.0, 0.0, 0.0, 0.0, 0.0, 0.0, 1.741279697784746E9, 0.0, 2025-03-06 10:48:17.784
11.0, -38143.676596126155, -44523.46796077108, -49973.22559037514, -49006.33382872747, -23895.802962279675, -26827.54717201557, -56967.89109324111, -43989.7306549228, 0.004, 0.914, -0.364, 192.0, 0.0, 0.0, 28.0, 208.0, 244.0, 176.0, 0.0, 0.0, 0.0, 1.741279697784763E9, 0.0, 2025-03-06 10:48:17.784
12.0, -38151.34324447432, -44533.63800449824, -49979.84170673391, -49014.291049753556, -23900.608587337567, -26840.958218688753, -56972.51790434336, -43996.50323349276, 0.004, 0.914, -0.364, 192.0, 0.0, 0.0, 0.0, 0.0, 0.0, 0.0, 0.0, 0.0, 0.0, 1.741279697844747E9, 0.0, 2025-03-06 10:48:17.844
13.0, -38149.823325851365, -44536.56608302189, -49974.834915975924, -49014.492215453654, -23944.909744847984, -26836.420814564328, -56970.662709553566, -44011.12127436653, 0.004, 0.914, -0.364, 192.0, 0.0, 0.0, 0.0, 0.0, 0.0, 0.0, 0.0, 0.0, 0.0, 1.741279697844765E9, 0.0, 2025-03-06 10:48:17.844
14.0, -38147.56579966137, -44536.23080685506, -49975.259599120574, -49016.83914862146, -23951.92819260695, -26834.431509307804, -56968.628700808134, -43999.81129167215, 0.004, 0.914, -0.364, 192.0, 0.0, 0.0, 0.0, 0.0, 0.0, 0.0, 0.0, 0.0, 0.0, 1.741279697844779E9, 0.0, 2025-03-06 10:48:17.844
15.0, -38149.1527735177, -44533.593301009336, -49977.18184914373, -49011.98882007466, -23913.662006099465, -26842.07580591152, -56967.17583741854, -43991.36233226804, 0.004, 0.914, -0.364, 192.0, 0.0, 0.0, 0.0, 0.0, 0.0, 0.0, 0.0, 0.0, 0.0, 1.741279697844792E9, 0.0, 2025-03-06 10:48:17.844
16.0, -38154.87482009826, -44537.32604233337, -49980.422852089745, -49017.4202939773, -23944.999151825807, -26845.808547235556, -56966.3488228737, -43988.367198511034, 0.004, 0.914, -0.364, 192.0, 0.0, 0.0, 0.0, 0.0, 0.0, 0.0, 0.0, 0.0, 0.0, 1.741279697844814E9, 0.0, 2025-03-06 10:48:17.844
17.0, -38159.188706778135, -44542.9139784472, -49989.028273705044, -49027.567985960006, -23995.871722206084, -26851.17296590483, -56969.43336360853, -43962.03684354268, 0.004, 0.914, -0.364, 192.0, 0.0, 0.0, 0.0, 0.0, 0.0, 0.0, 0.0, 0.0, 0.0, 1.741279697844827E9, 0.0, 2025-03-06 10:48:17.844
18.0, -38161.848564368316, -44544.52330404798, -49991.30815163948, -49027.88091038238, -24028.549972599743, -26851.128262415918, -56971.31091014277, -43970.262285502235, 0.004, 0.914, -0.364, 192.0, 0.0, 0.0, 0.0, 0.0, 0.0, 0.0, 0.0, 0.0, 0.0, 1.741279697844841E9, 0.0, 2025-03-06 10:48:17.844
19.0, -38171.0574830839, -44556.302673375925, -50003.55690760099, -49038.98972737667, -23991.93781518195, -26853.07286418353, -56983.671424826556, -43998.26902130473, 0.004, 0.914, -0.364, 192.0, 0.0, 0.0, 0.0, 0.0, 0.0, 0.0, 0.0, 0.0, 0.0, 1.741279697844855E9, 0.0, 2025-03-06 10:48:17.844
20.0, -38185.31789604639, -44567.00915897002, -50011.00003850461, -49046.25404432465, -23987.020431401783, -26861.857099754467, -56993.305026686794, -44015.47986453532, 0.004, 0.914, -0.364, 192.0, 0.0, 0.0, 0.0, 0.0, 0.0, 0.0, 0.0, 0.0, 0.0, 1.741279697844868E9, 0.0, 2025-03-06 10:48:17.844
21.0, -38180.91460238869, -44561.73414727857, -50005.18858494623, -49038.49798899866, -24047.124272242105, -26875.670477827847, -56992.388605164124, -44012.4400272894, 0.004, 0.914, -0.364, 192.0, 0.0, 0.0, 28.0, 192.0, 244.0, 208.0, 0.0, 0.0, 0.0, 1.741279697844881E9, 0.0, 2025-03-06 10:48:17.844
22.0, -38170.722206917075, -44552.92755996318, -49995.77850053054, -49030.004326105634, -24062.703438127453, -26863.22055616624, -56985.39250914961, -44002.1358730955, 0.004, 0.914, -0.364, 192.0, 0.0, 0.0, 0.0, 0.0, 0.0, 0.0, 0.0, 0.0, 0.0, 1.741279697844896E9, 0.0, 2025-03-06 10:48:17.844
23.0, -38181.920430889186, -44563.74580427955, -50007.982553003145, -49041.89545415586, -23997.07871640667, -26871.37894289243, -56997.32834068875, -44015.837492446604, 0.004, 0.914, -0.364, 192.0, 0.0, 0.0, 0.0, 0.0, 0.0, 0.0, 0.0, 0.0, 0.0, 1.74127969784491E9, 0.0, 2025-03-06 10:48:17.844
24.0, -38190.2129280821, -44568.41731887071, -50013.03404725004, -49046.20934083573, -23971.038934116237, -26875.446960383295, -56999.809384323285, -44013.870538934534, 0.004, 0.914, -0.364, 192.0, 0.0, 0.0, 0.0, 0.0, 0.0, 0.0, 0.0, 0.0, 0.0, 1.741279697844927E9, 0.0, 2025-03-06 10:48:17.844
25.0, -38174.16437556319, -44556.928522220674, -50000.919401755265, -49036.575738975494, -24015.5189055823, -26867.065056212552, -56991.76275631938, -43992.636381701996, 0.004, 0.914, -0.364, 192.0, 0.0, 0.0, 0.0, 0.0, 0.0, 0.0, 0.0, 0.0, 0.0, 1.741279697844943E9, 0.0, 2025-03-06 10:48:17.844
26.0, -38166.16245104819, -44554.492182075046, -49994.52680284105, -49030.11608482791, -24050.29821995476, -26864.65106781138, -56989.72874757394, -43989.95417236736, 0.004, 0.914, -0.364, 192.0, 0.0, 0.0, 0.0, 0.0, 0.0, 0.0, 0.0, 0.0, 0.0, 1.741279697844961E9, 0.0, 2025-03-06 10:48:17.844
27.0, -38185.87668965777, -44574.3181794069, -50020.4548264092, -49054.18891360628, -24006.980539200373, -26883.98532676522, -57005.129099503654, -43998.89487014948, 0.004, 0.914, -0.364, 192.0, 0.0, 0.0, 0.0, 0.0, 0.0, 0.0, 0.0, 0.0, 0.0, 1.74127969790498E9, 0.0, 2025-03-06 10:48:17.904
28.0, -38197.45489328562, -44586.27636269049, -50028.36734394638, -49064.04603291107, -23975.01754462928, -26882.755980820177, -57010.448814684016, -44038.72567876884, 0.004, 0.914, -0.364, 192.0, 0.0, 0.0, 0.0, 0.0, 0.0, 0.0, 0.0, 0.0, 0.0, 1.741279697904999E9, 0.0, 2025-03-06 10:48:17.904
29.0, -38196.02438164048, -44587.01397025752, -50023.11468399938, -49062.74963173266, -24027.03005397678, -26874.977573749733, -57003.36331169168, -44038.30099562419, 0.004, 0.914, -0.364, 192.0, 0.0, 0.0, 0.0, 0.0, 0.0, 0.0, 0.0, 0.0, 0.0, 1.741279697905013E9, 0.0, 2025-03-06 10:48:17.905
30.0, -38194.012724639506, -44581.49308937706, -50020.03014326455, -49055.28414908459, -24075.488635955888, -26876.050457483587, -56998.825907567254, -44009.66841097694, 0.004, 0.914, -0.364, 192.0, 0.0, 0.0, 28.0, 240.0, 244.0, 192.0, 0.0, 0.0, 0.0, 1.741279697905027E9, 0.0, 2025-03-06 10:48:17.905
31.0, -38200.60648925382, -44586.991618513064, -50030.51311141409, -49063.55429453305, -24051.61697287762, -26889.349745434494, -57004.03386402534, -43994.08924509159, 0.004, 0.914, -0.364, 192.0, 0.0, 0.0, 0.0, 0.0, 0.0, 0.0, 0.0, 0.0, 0.0, 1.741279697905048E9, 0.0, 2025-03-06 10:48:17.905
32.0, -38201.45585554312, -44586.097548734855, -50029.32846895796, -49058.882779941894, -24018.312873639214, -26889.685021601323, -57012.28165772935, -44028.6897455084, 0.004, 0.914, -0.364, 192.0, 0.0, 0.0, 0.0, 0.0, 0.0, 0.0, 0.0, 0.0, 0.0, 1.741279697905062E9, 0.0, 2025-03-06 10:48:17.905
33.0, -38204.02630615548, -44585.38229291228, -50025.23809972264, -49052.71369847223, -24049.739426343374, -26883.962975020764, -57013.39924495212, -44061.36799590207, 0.004, 0.914, -0.364, 192.0, 0.0, 0.0, 0.0, 0.0, 0.0, 0.0, 0.0, 0.0, 0.0, 1.741279697905076E9, 0.0, 2025-03-06 10:48:17.905
34.0, -38192.671619972185, -44574.65345557374, -50014.35280017291, -49047.483390269685, -24095.3369850322, -26876.966879006253, -56998.66944535607, -43987.83075664411, 0.004, 0.914, -0.364, 192.0, 0.0, 0.0, 0.0, 0.0, 0.0, 0.0, 0.0, 0.0, 0.0, 1.741279697905089E9, 0.0, 2025-03-06 10:48:17.905
35.0, -38200.785303209464, -44589.69617959216, -50026.04276252303, -49065.56595153403, -24059.730656114898, -26891.07082975755, -57011.8569745847, -44013.2893935787, 0.004, 0.914, -0.364, 192.0, 0.0, 0.0, 0.0, 0.0, 0.0, 0.0, 0.0, 0.0, 0.0, 1.741279697905103E9, 0.0, 2025-03-06 10:48:17.905
36.0, -38204.138064877756, -44597.78751108498, -50025.7074863562, -49070.10335565846, -23982.08069587716, -26890.08735300152, -57030.788902138345, -44077.32714144315, 0.004, 0.914, -0.364, 192.0, 0.0, 0.0, 0.0, 0.0, 0.0, 0.0, 0.0, 0.0, 0.0, 1.741279697905117E9, 0.0, 2025-03-06 10:48:17.905
37.0, -38203.780436966474, -44591.70783659314, -50024.32167819997, -49060.916788687326, -24005.393565344046, -26875.22344293874, -57018.38368396565, -44062.463231380374, 0.004, 0.914, -0.364, 192.0, 0.0, 0.0, 0.0, 0.0, 0.0, 0.0, 0.0, 0.0, 0.0, 1.741279697905131E9, 0.0, 2025-03-06 10:48:17.905
38.0, -38209.882463202775, -44592.98188602709, -50034.06703878249, -49062.66022475484, -24042.2739436953, -26892.009603024675, -57020.68591364455, -44056.67412956645, 0.004, 0.914, -0.364, 192.0, 0.0, 0.0, 0.0, 0.0, 0.0, 0.0, 0.0, 0.0, 0.0, 1.741279697905144E9, 0.0, 2025-03-06 10:48:17.905
39.0, -38204.920375933696, -44582.74478706656, -50025.93100380075, -49055.01592815112, -24031.299237167746, -26887.8968820449, -57016.01439905338, -44048.15811492898, 0.004, 0.914, -0.364, 192.0, 0.0, 0.0, 0.0, 0.0, 0.0, 0.0, 0.0, 0.0, 0.0, 1.741279697905162E9, 0.0, 2025-03-06 10:48:17.905
40.0, -38210.68712600316, -44585.00231325654, -50030.84838758092, -49060.11212588694, -23984.360573811602, -26894.17772223684, -57017.3108002318, -44042.90545498198, -0.004, 0.918, -0.358, 192.0, 255.0, 224.0, 28.0, 176.0, 244.0, 208.0, 0.0, 0.0, 0.0, 1.741279697905178E9, 0.0, 2025-03-06 10:48:17.905
41.0, -38210.24009111406, -44587.05867374643, -50027.62973637936, -49062.21318986573, -23983.958242411405, -26899.18451299483, -57020.73061713346, -44031.43901007641, -0.004, 0.918, -0.358, 192.0, 0.0, 0.0, 0.0, 0.0, 0.0, 0.0, 0.0, 0.0, 0.0, 1.741279697905196E9, 0.0, 2025-03-06 10:48:17.905
42.0, -38203.42280905519, -44585.29288593446, -50023.71818109968, -49062.2802450991, -24008.209885145414, -26905.107725275484, -57024.23984101294, -44029.33794609761, -0.004, 0.918, -0.358, 192.0, 0.0, 0.0, 0.0, 0.0, 0.0, 0.0, 0.0, 0.0, 0.0, 1.74127969796439E9, 0.0, 2025-03-06 10:48:17.964
43.0, -38194.19153859515, -44578.02856898648, -50017.88437579684, -49055.865294440424, -24017.08352769417, -26898.17868449434, -57017.24374499843, -44036.266986878756, -0.004, 0.918, -0.358, 192.0, 0.0, 0.0, 0.0, 0.0, 0.0, 0.0, 0.0, 0.0, 0.0, 1.741279697964409E9, 0.0, 2025-03-06 10:48:17.964
44.0, -38200.450027042636, -44585.672865590204, -50026.087466011944, -49061.36382357643, -23958.767826410276, -26897.50813216068, -57024.75393113541, -44040.08913518061, -0.004, 0.918, -0.358, 192.0, 0.0, 0.0, 0.0, 0.0, 0.0, 0.0, 0.0, 0.0, 0.0, 1.741279697964423E9, 0.0, 2025-03-06 10:48:17.964
45.0, -38213.995184182546, -44596.80403432895, -50033.86587308239, -49072.3832335929, -23930.15759350748, -26905.241835742218, -57028.061989314796, -44027.77332398574, -0.004, 0.918, -0.358, 192.0, 0.0, 0.0, 0.0, 0.0, 0.0, 0.0, 0.0, 0.0, 0.0, 1.741279697964437E9, 0.0, 2025-03-06 10:48:17.964
46.0, -38212.69878300414, -44599.75446459705, -50037.64331789534, -49081.36863486393, -23965.65216370251, -26912.70731839029, -57030.96771609399, -44036.82578049014, -0.004, 0.918, -0.358, 192.0, 0.0, 0.0, 0.0, 0.0, 0.0, 0.0, 0.0, 0.0, 0.0, 1.741279697964458E9, 0.0, 2025-03-06 10:48:17.964
47.0, -38206.46264630111, -44592.043112759966, -50035.09521902743, -49069.656320769354, -23974.682268462453, -26898.357498449983, -57028.37491373717, -44038.45745783537, -0.004, 0.918, -0.358, 192.0, 0.0, 0.0, 0.0, 0.0, 0.0, 0.0, 0.0, 0.0, 0.0, 1.741279697964472E9, 0.0, 2025-03-06 10:48:17.964
48.0, -38212.810541726416, -44600.31325820843, -50041.95720457521, -49080.7874895081, -23924.68141611593, -26912.28263524564, -57034.29812601783, -44024.97935592882, -0.004, 0.918, -0.358, 192.0, 0.0, 0.0, 0.0, 0.0, 0.0, 0.0, 0.0, 0.0, 0.0, 1.741279697964486E9, 0.0, 2025-03-06 10:48:17.964
49.0, -38212.34115509286, -44599.46389191913, -50035.81047485, -49076.227733639214, -23899.87097977054, -26908.66165264388, -57034.65575392911, -44044.00069046029, -0.004, 0.918, -0.358, 192.0, 0.0, 0.0, 0.0, 0.0, 0.0, 0.0, 0.0, 0.0, 0.0, 1.741279697964501E9, 0.0, 2025-03-06 10:48:17.964
50.0, -38214.03988767146, -44598.9274500522, -50035.20697774971, -49076.07127142802, -23934.11385227607, -26906.672347387357, -57033.42640798407, -44066.732414571336, -0.006, 0.92, -0.366, 192.0, 255.0, 208.0, 28.0, 192.0, 244.0, 144.0, 0.0, 0.0, 0.0, 1.741279697964515E9, 0.0, 2025-03-06 10:48:17.964
51.0, -38217.482056317574, -44594.43474941668, -50041.57722491947, -49074.0819661715, -23951.59291644012, -26906.046498542608, -57034.02990508437, -44053.34371964261, -0.006, 0.92, -0.366, 192.0, 0.0, 0.0, 0.0, 0.0, 0.0, 0.0, 0.0, 0.0, 0.0, 1.74127969796453E9, 0.0, 2025-03-06 10:48:17.964
52.0, -38215.537454549965, -44592.13251973779, -50041.7113353862, -49070.483335314195, -23916.523029389744, -26908.19226601032, -57034.991030095945, -44046.168809672454, -0.006, 0.92, -0.366, 192.0, 0.0, 0.0, 0.0, 0.0, 0.0, 0.0, 0.0, 0.0, 0.0, 1.741279697964543E9, 0.0, 2025-03-06 10:48:17.964
53.0, -38214.777495238486, -44597.78751108498, -50037.37509696187, -49077.0323964396, -23878.703877771364, -26912.684966645837, -57031.79473063883, -44026.27575710723, -0.006, 0.92, -0.366, 192.0, 0.0, 0.0, 0.0, 0.0, 0.0, 0.0, 0.0, 0.0, 0.0, 1.741279697964557E9, 0.0, 2025-03-06 10:48:17.964
54.0, -38210.307146347426, -44598.189842485175, -50031.675402125766, -49080.832192997004, -23918.31116894617, -26915.210713769284, -57028.79959688182, -44042.547827070695, -0.006, 0.92, -0.366, 192.0, 0.0, 0.0, 0.0, 0.0, 0.0, 0.0, 0.0, 0.0, 0.0, 1.741279697964571E9, 0.0, 2025-03-06 10:48:17.964
55.0, -38207.982564924074, -44597.6757523627, -50033.75411436011, -49080.72043427473, -23939.098291289603, -26903.43134444134, -57030.00659108241, -44051.62263531955, -0.006, 0.92, -0.366, 192.0, 0.0, 0.0, 0.0, 0.0, 0.0, 0.0, 0.0, 0.0, 0.0, 1.741279697964591E9, 0.0, 2025-03-06 10:48:17.964
56.0, -38208.89898644674, -44601.96728729812, -50039.34205047394, -49083.067367442534, -23902.888465272008, -26915.300120747106, -57046.83745465725, -44068.766423316774, -0.006, 0.92, -0.366, 192.0, 0.0, 0.0, 0.0, 0.0, 0.0, 0.0, 0.0, 0.0, 0.0, 1.741279697964605E9, 0.0, 2025-03-06 10:48:17.964
57.0, -38210.441256814156, -44602.48137742059, -50038.49268418464, -49080.92159997483, -23873.47356956882, -26916.37300448096, -57047.17273082409, -44070.55456287319, -0.006, 0.92, -0.366, 192.0, 0.0, 0.0, 0.0, 0.0, 0.0, 0.0, 0.0, 0.0, 0.0, 1.741279698024116E9, 0.0, 2025-03-06 10:48:18.024
58.0, -38221.415963341715, -44605.85649083334, -50044.393544720835, -49083.82732675401, -23899.468648370344, -26922.877362117455, -57048.62559421368, -44055.73535629932, -0.006, 0.92, -0.366, 192.0, 0.0, 0.0, 0.0, 0.0, 0.0, 0.0, 0.0, 0.0, 0.0, 1.741279698024135E9, 0.0, 2025-03-06 10:48:18.024
59.0, -38211.11180914781, -44591.909002293236, -50034.91640507179, -49075.91480921684, -23950.58708793963, -26916.149487036408, -57036.2650795299, -44055.891818510514, -0.006, 0.92, -0.366, 192.0, 0.0, 0.0, 0.0, 0.0, 0.0, 0.0, 0.0, 0.0, 0.0, 1.741279698024149E9, 0.0, 2025-03-06 10:48:18.024
60.0, -38209.18955912466, -44594.9264877947, -50036.928062072766, -49078.75348076266, -23942.78632912473, -26917.8035161261, -57037.15914930811, -44057.9481790004, -0.002, 0.914, -0.364, 192.0, 255.0, 240.0, 28.0, 144.0, 244.0, 160.0, 0.0, 0.0, 0.0, 1.741279698024163E9, 0.0, 2025-03-06 10:48:18.024
61.0, -38219.158437151724, -44607.063485033934, -50047.07575405548, -49086.353073877464, -23890.192674421392, -26921.290388261128, -57045.675163945576, -44057.45644062239, -0.002, 0.914, -0.364, 192.0, 0.0, 0.0, 0.0, 0.0, 0.0, 0.0, 0.0, 0.0, 0.0, 1.741279698024187E9, 0.0, 2025-03-06 10:48:18.024
62.0, -38227.22741690009, -44610.81857810242, -50050.51792270159, -49088.83411751201, -23907.78349730772, -26923.883190617944, -57042.612974955206, -44041.9443299704, -0.002, 0.914, -0.364, 192.0, 0.0, 0.0, 0.0, 0.0, 0.0, 0.0, 0.0, 0.0, 0.0, 1.7412796980242E9, 0.0, 2025-03-06 10:48:18.024
63.0, -38231.116620435314, -44614.43956070418, -50053.96009134771, -49091.09164370199, -23937.35485522209, -26924.218466784772, -57046.01044011241, -44049.23099866283, -0.002, 0.914, -0.364, 192.0, 0.0, 0.0, 0.0, 0.0, 0.0, 0.0, 0.0, 0.0, 0.0, 1.741279698024214E9, 0.0, 2025-03-06 10:48:18.024
64.0, -38232.591835569365, -44621.27919450751, -50060.33033851747, -49094.84673677048, -23930.470517929854, -26929.18055405385, -57048.737352935954, -44058.7975452897, -0.002, 0.914, -0.364, 192.0, 0.0, 0.0, 0.0, 0.0, 0.0, 0.0, 0.0, 0.0, 0.0, 1.741279698024228E9, 0.0, 2025-03-06 10:48:18.024
65.0, -38235.09523094836, -44623.000278830565, -50059.74919316163, -49092.74567279169, -23896.272348913237, -26919.010510326687, -57053.43121927157, -44076.34366468712, -0.002, 0.914, -0.364, 192.0, 0.0, 0.0, 0.0, 0.0, 0.0, 0.0, 0.0, 0.0, 0.0, 1.741279698024242E9, 0.0, 2025-03-06 10:48:18.024
66.0, -38244.818239786415, -44632.16449405724, -50068.309911288015, -49100.43467288431, -23901.07797397113, -26932.42155699987, -57060.89670191964, -44079.4058536775, -0.002, 0.914, -0.364, 192.0, 0.0, 0.0, 0.0, 0.0, 0.0, 0.0, 0.0, 0.0, 0.0, 1.741279698024255E9, 0.0, 2025-03-06 10:48:18.024
67.0, -38232.27891114699, -44624.676659664714, -50055.4129547373, -49094.80203328157, -23958.521957221266, -26928.979388353753, -57050.34667853674, -44068.29703668321, -0.002, 0.914, -0.364, 192.0, 0.0, 0.0, 0.0, 0.0, 0.0, 0.0, 0.0, 0.0, 0.0, 1.741279698024269E9, 0.0, 2025-03-06 10:48:18.024
68.0, -38227.830914000384, -44618.798150872964, -50051.52375120208, -49090.75636753516, -23986.75221046832, -26933.114461077985, -57047.93269013557, -44072.63327510754, -0.002, 0.914, -0.364, 192.0, 0.0, 0.0, 0.0, 0.0, 0.0, 0.0, 0.0, 0.0, 0.0, 1.741279698024283E9, 0.0, 2025-03-06 10:48:18.024
69.0, -38238.93973099467, -44625.660136420745, -50060.93383561776, -49094.466757114744, -23926.804831839185, -26940.937571637343, -57056.69457396204, -44071.403929162494, -0.002, 0.914, -0.364, 192.0, 0.0, 0.0, 0.0, 0.0, 0.0, 0.0, 0.0, 0.0, 0.0, 1.741279698024296E9, 0.0, 2025-03-06 10:48:18.024
70.0, -38244.10298396385, -44631.672755679225, -50061.15735306232, -49097.752463549674, -23918.31116894617, -26941.921048393375, -57054.48175126097, -44067.514725627276, -0.004, 0.914, -0.362, 192.0, 255.0, 224.0, 28.0, 144.0, 244.0, 176.0, 0.0, 0.0, 0.0, 1.741279698024313E9, 0.0, 2025-03-06 10:48:18.024
71.0, -38240.347890895355, -44635.20433130316, -50060.50915247311, -49106.40258865387, -23963.79696891272, -26945.117347850486, -57056.783980939865, -44052.606112075584, -0.004, 0.914, -0.362, 192.0, 0.0, 0.0, 0.0, 0.0, 0.0, 0.0, 0.0, 0.0, 0.0, 1.741279698024335E9, 0.0, 2025-03-06 10:48:18.024
72.0, -38242.51601010752, -44636.85836039286, -50066.7676409206, -49109.4424258998, -23979.867873176085, -26944.5585542391, -57058.817989685296, -44044.8947602385, -0.004, 0.914, -0.362, 192.0, 0.0, 0.0, 0.0, 0.0, 0.0, 0.0, 0.0, 0.0, 0.0, 1.741279698084434E9, 0.0, 2025-03-06 10:48:18.084
73.0, -38246.82989678739, -44643.22860756262, -50069.96394037771, -49107.542527621095, -23934.270314487258, -26941.585772226546, -57059.734411207966, -44102.048170810725, -0.004, 0.914, -0.362, 192.0, 0.0, 0.0, 0.0, 0.0, 0.0, 0.0, 0.0, 0.0, 0.0, 1.741279698084453E9, 0.0, 2025-03-06 10:48:18.084
74.0, -38249.154478210745, -44645.19556107468, -50064.71128043071, -49098.42301588333, -23915.047814255693, -26925.403109240906, -57053.63238497167, -44090.62642939406, -0.004, 0.914, -0.362, 192.0, 0.0, 0.0, 0.0, 0.0, 0.0, 0.0, 0.0, 0.0, 0.0, 1.741279698084467E9, 0.0, 2025-03-06 10:48:18.084
75.0, -38265.11362375184, -44659.567732759446, -50082.95030390624, -49114.76214108016, -23956.73381766484, -26935.506097734702, -57058.01332688491, -44062.48558312483, -0.004, 0.914, -0.362, 192.0, 0.0, 0.0, 0.0, 0.0, 0.0, 0.0, 0.0, 0.0, 0.0, 1.741279698084481E9, 0.0, 2025-03-06 10:48:18.084
76.0, -38268.667551120234, -44665.26742759555, -50090.5722487655, -49126.7426761082, -23995.60350127262, -26943.53037399416, -57065.47880953298, -44088.83828983764, -0.004, 0.914, -0.362, 192.0, 0.0, 0.0, 0.0, 0.0, 0.0, 0.0, 0.0, 0.0, 0.0, 1.741279698084503E9, 0.0, 2025-03-06 10:48:18.084
77.0, -38265.47125166312, -44665.26742759555, -50090.28167608758, -49129.558995909574, -23965.495701491323, -26951.129967108962, -57077.21347537202, -44117.49322622934, -0.004, 0.914, -0.362, 192.0, 0.0, 0.0, 0.0, 0.0, 0.0, 0.0, 0.0, 0.0, 0.0, 1.741279698084517E9, 0.0, 2025-03-06 10:48:18.084
78.0, -38265.82887957441, -44667.63671250781, -50088.91821967581, -49126.67562087484, -23922.15566899248, -26952.20285084282, -57075.49239104896, -44095.83438585215, -0.004, 0.914, -0.362, 192.0, 0.0, 0.0, 0.0, 0.0, 0.0, 0.0, 0.0, 0.0, 0.0, 1.741279698084531E9, 0.0, 2025-03-06 10:48:18.084
79.0, -38268.24286797558, -44667.74847123009, -50091.6227807549, -49126.31799296355, -23958.320791521168, -26945.85495541751, -57069.7703444684, -44052.85198126459, -0.004, 0.914, -0.362, 192.0, 0.0, 0.0, 0.0, 0.0, 0.0, 0.0, 0.0, 0.0, 0.0, 1.741279698084544E9, 0.0, 2025-03-06 10:48:18.084
80.0, -38257.08934749238, -44653.6892239677, -50081.13981260536, -49107.65428634337, -24005.125344410582, -26933.38268201145, -57064.36122231022, -44083.04918802371, -0.006, 0.922, -0.356, 192.0, 255.0, 208.0, 28.0, 208.0, 244.0, 224.0, 0.0, 0.0, 0.0, 1.741279698084558E9, 0.0, 2025-03-06 10:48:18.084
81.0, -38255.99411201407, -44653.86803792334, -50080.51396376061, -49102.2898676741, -23984.338222067145, -26923.704376662303, -57062.50602752042, -44090.358208460595, -0.006, 0.922, -0.356, 192.0, 0.0, 0.0, 0.0, 0.0, 0.0, 0.0, 0.0, 0.0, 0.0, 1.741279698084574E9, 0.0, 2025-03-06 10:48:18.084
82.0, -38271.34976045487, -44666.16149737376, -50095.19905986775, -49117.15377773688, -23938.74066337832, -26944.80442342811, -57083.20374288604, -44101.57878417716, -0.006, 0.922, -0.356, 192.0, 0.0, 0.0, 0.0, 0.0, 0.0, 0.0, 0.0, 0.0, 0.0, 1.741279698084592E9, 0.0, 2025-03-06 10:48:18.084
83.0, -38267.21468773064, -44660.685319982214, -50087.107728374926, -49113.01870501265, -23978.839692931142, -26943.172746082873, -57073.32427183679, -44114.900423872525, -0.006, 0.922, -0.356, 192.0, 0.0, 0.0, 0.0, 0.0, 0.0, 0.0, 0.0, 0.0, 0.0, 1.741279698084606E9, 0.0, 2025-03-06 10:48:18.084
84.0, -38270.969780799125, -44665.20037236218, -50089.409958053824, -49114.42686491333, -24007.025242689284, -26936.847202402023, -57074.77713522639, -44104.126883045064, -0.006, 0.922, -0.356, 192.0, 0.0, 0.0, 0.0, 0.0, 0.0, 0.0, 0.0, 0.0, 0.0, 1.74127969808462E9, 0.0, 2025-03-06 10:48:18.084
85.0, -38272.3332372109, -44669.558962530966, -50094.3720453229, -49120.37242893844, -23986.12636162357, -26944.625609472467, -57083.38255684168, -44106.384409235056, -0.006, 0.922, -0.356, 192.0, 0.0, 0.0, 0.0, 0.0, 0.0, 0.0, 0.0, 0.0, 0.0, 1.741279698084637E9, 0.0, 2025-03-06 10:48:18.084
86.0, -38278.524670425024, -44676.89033471231, -50103.49155706067, -49128.26259473117, -23933.443299942413, -26956.740254967244, -57086.645911532156, -44107.68081041346, -0.006, 0.922, -0.356, 192.0, 0.0, 0.0, 0.0, 0.0, 0.0, 0.0, 0.0, 0.0, 0.0, 1.741279698084654E9, 0.0, 2025-03-06 10:48:18.084
87.0, -38291.75690314256, -44687.48506158413, -50110.44294958627, -49135.213987256764, -23946.74258789332, -26964.29514459314, -57090.065728433816, -44106.60792667961, -0.006, 0.922, -0.356, 192.0, 0.0, 0.0, 0.0, 0.0, 0.0, 0.0, 0.0, 0.0, 0.0, 1.741279698144718E9, 0.0, 2025-03-06 10:48:18.144
88.0, -38282.61503966034, -44678.544363802, -50099.132966891884, -49126.36269645247, -23989.881454692062, -26966.820891716587, -57085.327158609296, -44094.89561258502, -0.006, 0.922, -0.356, 192.0, 0.0, 0.0, 0.0, 0.0, 0.0, 0.0, 0.0, 0.0, 0.0, 1.741279698144737E9, 0.0, 2025-03-06 10:48:18.144
89.0, -38273.71904536713, -44670.07305265344, -50092.00276041064, -49121.668830116854, -23994.620024516586, -26970.508929551714, -57083.8742952197, -44090.984057305344, -0.006, 0.922, -0.356, 192.0, 0.0, 0.0, 0.0, 0.0, 0.0, 0.0, 0.0, 0.0, 0.0, 1.74127969814475E9, 0.0, 2025-03-06 10:48:18.144
90.0, -38273.272010478024, -44671.54826778749, -50094.86378370092, -49124.26163247367, -23951.615268184578, -26970.933612696364, -57087.85290573275, -44107.36788599109, -0.006, 0.924, -0.358, 192.0, 255.0, 208.0, 28.0, 224.0, 244.0, 208.0, 0.0, 0.0, 0.0, 1.741279698144764E9, 0.0, 2025-03-06 10:48:18.144
91.0, -38277.94352506918, -44674.07401491094, -50093.746196478154, -49122.11586500596, -23956.957335109393, -26967.75966498371, -57084.65660627563, -44105.78091213476, -0.006, 0.924, -0.358, 192.0, 0.0, 0.0, 0.0, 0.0, 0.0, 0.0, 0.0, 0.0, 0.0, 1.741279698144788E9, 0.0, 2025-03-06 10:48:18.144
92.0, -38277.742359369084, -44671.235343365115, -50095.087301145475, -49121.55707139458, -23998.84450421864, -26963.311667837104, -57077.16877188311, -44090.67113288297, -0.006, 0.924, -0.358, 192.0, 0.0, 0.0, 0.0, 0.0, 0.0, 0.0, 0.0, 0.0, 0.0, 1.741279698144801E9, 0.0, 2025-03-06 10:48:18.144
93.0, -38293.701504910176, -44682.52297431505, -50115.226222899706, -49138.231472758234, -24015.407146860023, -26972.52058655269, -57084.902475464645, -44098.471891697875, -0.006, 0.924, -0.358, 192.0, 0.0, 0.0, 0.0, 0.0, 0.0, 0.0, 0.0, 0.0, 0.0, 1.741279698144815E9, 0.0, 2025-03-06 10:48:18.144
94.0, -38293.50033921008, -44688.40148310679, -50117.05906594504, -49146.79219088462, -23972.447094016923, -26980.410752345415, -57096.435975603585, -44112.7099529159, -0.006, 0.924, -0.358, 192.0, 0.0, 0.0, 0.0, 0.0, 0.0, 0.0, 0.0, 0.0, 0.0, 1.741279698144829E9, 0.0, 2025-03-06 10:48:18.144
95.0, -38286.280725751014, -44691.06134069697, -50109.615935041424, -49148.26740601867, -23976.51511150779, -26977.661487777412, -57097.553562826346, -44115.12394131708, -0.006, 0.924, -0.358, 192.0, 0.0, 0.0, 0.0, 0.0, 0.0, 0.0, 0.0, 0.0, 0.0, 1.741279698144842E9, 0.0, 2025-03-06 10:48:18.144
96.0, -38300.09410382439, -44703.73477980313, -50121.12708343591, -49154.43648748833, -24004.633606032563, -26972.319420852593, -57105.01904547442, -44122.14238907604, -0.006, 0.924, -0.358, 192.0, 0.0, 0.0, 0.0, 0.0, 0.0, 0.0, 0.0, 0.0, 0.0, 1.741279698144856E9, 0.0, 2025-03-06 10:48:18.144
97.0, -38299.87058637984, -44701.27608791305, -50122.64700205887, -49155.48701947773, -24016.882361994074, -26979.382572100472, -57107.56714434233, -44116.97913610687, -0.006, 0.924, -0.358, 192.0, 0.0, 0.0, 0.0, 0.0, 0.0, 0.0, 0.0, 0.0, 0.0, 1.74127969814487E9, 0.0, 2025-03-06 10:48:18.144
98.0, -38292.42745547622, -44699.331486145435, -50124.166920681826, -49153.542417710116, -24000.94556819744, -26988.72560128279, -57107.50008910896, -44140.64963348504, -0.006, 0.924, -0.358, 192.0, 0.0, 0.0, 0.0, 0.0, 0.0, 0.0, 0.0, 0.0, 0.0, 1.741279698144884E9, 0.0, 2025-03-06 10:48:18.144
99.0, -38304.00565910407, -44713.16721596327, -50134.716944064734, -49163.66775794837, -23978.102085364117, -26999.7226595548, -57119.994714259476, -44139.66615672901, -0.006, 0.924, -0.358, 192.0, 0.0, 0.0, 0.0, 0.0, 0.0, 0.0, 0.0, 0.0, 0.0, 1.741279698144897E9, 0.0, 2025-03-06 10:48:18.144
100.0, -38303.2904032815, -44714.575375863955, -50129.687801562286, -49164.27125504867, -24021.08448995167, -27003.05306947864, -57113.66917057862, -44103.03164756676, -0.004, 0.92, -0.356, 192.0, 255.0, 224.0, 28.0, 192.0, 244.0, 224.0, 0.0, 0.0, 0.0, 1.741279698144915E9, 0.0, 2025-03-06 10:48:18.144
101.0, -38303.24569979259, -44716.31881193147, -50131.47594111871, -49165.433545760345, -24040.32934192769, -27002.449572378348, -57117.02193224692, -44145.90229343204, -0.004, 0.92, -0.356, 192.0, 0.0, 0.0, 0.0, 0.0, 0.0, 0.0, 0.0, 0.0, 0.0, 1.741279698144934E9, 0.0, 2025-03-06 10:48:18.144
102.0, -38301.27874628052, -44715.4023904088, -50129.01724922863, -49165.67941494935, -24014.55778057072, -26992.704211795834, -57113.7809293009, -44160.274465116796, -0.004, 0.92, -0.356, 192.0, 0.0, 0.0, 0.0, 0.0, 0.0, 0.0, 0.0, 0.0, 0.0, 1.741279698205054E9, 0.0, 2025-03-06 10:48:18.205
103.0, -38307.20195856118, -44716.6540880983, -50130.045429473575, -49158.41509800137, -23985.299347078722, -26981.90831922392, -57110.04818797686, -44143.17538060849, -0.004, 0.92, -0.356, 192.0, 0.0, 0.0, 0.0, 0.0, 0.0, 0.0, 0.0, 0.0, 0.0, 1.741279698205093E9, 0.0, 2025-03-06 10:48:18.205
104.0, -38320.52359825654, -44724.41014342429, -50138.60614759996, -49161.41023175839, -24032.908562768527, -26990.312575139116, -57111.14342345517, -44135.82165668269, -0.004, 0.92, -0.356, 192.0, 0.0, 0.0, 0.0, 0.0, 0.0, 0.0, 0.0, 0.0, 0.0, 1.741279698205108E9, 0.0, 2025-03-06 10:48:18.205
105.0, -38327.34088031541, -44731.76386735009, -50146.20574071476, -49170.01565337368, -24078.282604012802, -27001.15317119994, -57116.39608340217, -44136.983947394365, -0.004, 0.92, -0.356, 192.0, 0.0, 0.0, 0.0, 0.0, 0.0, 0.0, 0.0, 0.0, 0.0, 1.741279698205122E9, 0.0, 2025-03-06 10:48:18.205
106.0, -38318.91427265576, -44724.52190214657, -50141.087191234496, -49161.43258350284, -24071.28650799829, -26995.744049041758, -57120.57585961531, -44161.70497676194, -0.004, 0.92, -0.356, 192.0, 0.0, 0.0, 0.0, 0.0, 0.0, 0.0, 0.0, 0.0, 0.0, 1.741279698205156E9, 0.0, 2025-03-06 10:48:18.205
107.0, -38322.37879304634, -44727.78525683704, -50145.758705825654, -49162.48311549224, -24028.684083066473, -26999.00740373223, -57123.414531161136, -44163.917799463015, -0.004, 0.92, -0.356, 192.0, 0.0, 0.0, 0.0, 0.0, 0.0, 0.0, 0.0, 0.0, 0.0, 1.74127969820517E9, 0.0, 2025-03-06 10:48:18.205
108.0, -38339.567284532466, -44744.48200994516, -50158.02981353162, -49177.324673810566, -24045.80551931924, -27012.95489227234, -57127.683714352104, -44164.945979707954, -0.004, 0.92, -0.356, 192.0, 0.0, 0.0, 0.0, 0.0, 0.0, 0.0, 0.0, 0.0, 0.0, 1.741279698205183E9, 0.0, 2025-03-06 10:48:18.205
109.0, -38340.3495955884, -44748.214751269195, -50161.02494728863, -49185.75128147021, -24082.2835662703, -27018.36401443053, -57121.984019516, -44165.102441919145, -0.004, 0.92, -0.356, 192.0, 0.0, 0.0, 0.0, 0.0, 0.0, 0.0, 0.0, 0.0, 0.0, 1.741279698205198E9, 0.0, 2025-03-06 10:48:18.205
110.0, -38334.046403652006, -44749.57820768097, -50159.99676704369, -49193.529688540664, -24085.99395584988, -27018.29695919716, -57130.187109731094, -44166.845877986656, -0.002, 0.914, -0.358, 192.0, 255.0, 240.0, 28.0, 144.0, 244.0, 208.0, 0.0, 0.0, 0.0, 1.741279698205212E9, 0.0, 2025-03-06 10:48:18.205
111.0, -38338.69556649871, -44761.357577008916, -50166.61288340246, -49201.95629620031, -24036.440138392467, -27024.73426160029, -57143.41934244864, -44178.245267658865, -0.002, 0.914, -0.358, 192.0, 0.0, 0.0, 0.0, 0.0, 0.0, 0.0, 0.0, 0.0, 0.0, 1.741279698205227E9, 0.0, 2025-03-06 10:48:18.205
112.0, -38341.89186595582, -44763.07866133197, -50163.77421185663, -49200.25756362171, -24063.44104569448, -27017.134668485483, -57134.59040338879, -44171.49504083336, -0.002, 0.914, -0.358, 192.0, 0.0, 0.0, 0.0, 0.0, 0.0, 0.0, 0.0, 0.0, 0.0, 1.74127969820524E9, 0.0, 2025-03-06 10:48:18.205
113.0, -38341.62364502235, -44763.19042005425, -50160.77907809962, -49193.14970888492, -24103.651833969576, -27024.086061011087, -57134.322182455326, -44172.54557282276, -0.002, 0.914, -0.358, 192.0, 0.0, 0.0, 0.0, 0.0, 0.0, 0.0, 0.0, 0.0, 0.0, 1.741279698205254E9, 0.0, 2025-03-06 10:48:18.205
114.0, -38337.3991653203, -44761.96107410921, -50161.293168222095, -49190.28868559464, -24107.608092738163, -27023.68372961089, -57132.37758068772, -44170.93624722198, -0.002, 0.914, -0.358, 192.0, 0.0, 0.0, 0.0, 0.0, 0.0, 0.0, 0.0, 0.0, 0.0, 1.741279698205268E9, 0.0, 2025-03-06 10:48:18.205
115.0, -38338.13677288732, -44761.826963642474, -50161.60609264447, -49191.20510711731, -24069.4313132085, -27025.673034867414, -57132.98107778801, -44174.467822845916, -0.002, 0.914, -0.358, 192.0, 0.0, 0.0, 0.0, 0.0, 0.0, 0.0, 0.0, 0.0, 0.0, 1.741279698205286E9, 0.0, 2025-03-06 10:48:18.205
116.0, -38351.12313641586, -44768.28661779006, -50169.809182859564, -49194.446110063334, -24073.52168244382, -27029.092851769074, -57138.30079296837, -44181.21804967142, -0.002, 0.914, -0.358, 192.0, 0.0, 0.0, 0.0, 0.0, 0.0, 0.0, 0.0, 0.0, 0.0, 1.741279698205303E9, 0.0, 2025-03-06 10:48:18.205
117.0, -38360.42146210927, -44775.416824271306, -50178.30284575258, -49198.35766534301, -24120.43799405551, -27021.40385167645, -57137.339667956796, -44179.139337437075, -0.002, 0.914, -0.358, 192.0, 0.0, 0.0, 0.0, 0.0, 0.0, 0.0, 0.0, 0.0, 0.0, 1.741279698265349E9, 0.0, 2025-03-06 10:48:18.265
118.0, -38363.796575522014, -44784.31281856452, -50181.61090393197, -49207.81245324761, -24128.752842992886, -27024.35428194455, -57140.200691247075, -44179.27344790381, -0.002, 0.914, -0.358, 192.0, 0.0, 0.0, 0.0, 0.0, 0.0, 0.0, 0.0, 0.0, 0.0, 1.741279698265367E9, 0.0, 2025-03-06 10:48:18.265
119.0, -38366.16586043428, -44788.64905698885, -50184.561334200065, -49213.89212773945, -24071.152397531558, -27039.620523407524, -57142.21234824805, -44153.81481096921, -0.002, 0.914, -0.358, 192.0, 0.0, 0.0, 0.0, 0.0, 0.0, 0.0, 0.0, 0.0, 0.0, 1.741279698265381E9, 0.0, 2025-03-06 10:48:18.265
120.0, -38372.40199713731, -44795.77926347009, -50190.88687788092, -49218.40718011942, -24049.404150176546, -27052.003389835765, -57142.25705173696, -44169.17045941001, -0.006, 0.922, -0.36, 192.0, 255.0, 208.0, 28.0, 208.0, 244.0, 192.0, 0.0, 0.0, 0.0, 1.741279698265395E9, 0.0, 2025-03-06 10:48:18.265
121.0, -38363.68481679974, -44784.223411586696, -50176.20178177378, -49192.56856352909, -24091.1348570746, -27023.88489531099, -57134.59040338879, -44219.70775362346, -0.006, 0.922, -0.36, 192.0, 0.0, 0.0, 0.0, 0.0, 0.0, 0.0, 0.0, 0.0, 0.0, 1.741279698265419E9, 0.0, 2025-03-06 10:48:18.265
122.0, -38369.69743605822, -44787.24089708816, -50184.36016849997, -49194.98255193026, -24108.524514260833, -27025.091889511576, -57138.68077262411, -44212.82341633122, -0.006, 0.922, -0.36, 192.0, 0.0, 0.0, 0.0, 0.0, 0.0, 0.0, 0.0, 0.0, 0.0, 1.741279698265433E9, 0.0, 2025-03-06 10:48:18.265
123.0, -38373.676046571265, -44791.688894234765, -50197.81591866206, -49204.83967123505, -24068.112560285637, -27024.980130789296, -57145.94508957209, -44210.87881456361, -0.006, 0.922, -0.36, 192.0, 0.0, 0.0, 0.0, 0.0, 0.0, 0.0, 0.0, 0.0, 0.0, 1.741279698265447E9, 0.0, 2025-03-06 10:48:18.265
124.0, -38377.54289836203, -44795.68985649227, -50197.3465320285, -49204.705560768314, -24053.919202556517, -27028.958741302344, -57151.55537743037, -44226.52503568233, -0.006, 0.922, -0.36, 192.0, 0.0, 0.0, 0.0, 0.0, 0.0, 0.0, 0.0, 0.0, 0.0, 1.74127969826546E9, 0.0, 2025-03-06 10:48:18.265
125.0, -38366.79170927903, -44789.76664421161, -50187.82468889054, -49199.78817698815, -24113.754822463372, -27019.5263051422, -57145.296888982884, -44189.30938116424, -0.006, 0.922, -0.36, 192.0, 0.0, 0.0, 0.0, 0.0, 0.0, 0.0, 0.0, 0.0, 0.0, 1.741279698265474E9, 0.0, 2025-03-06 10:48:18.265
126.0, -38372.625514581865, -44792.35944656843, -50192.65266569289, -49205.487871824254, -24120.795621966794, -27023.527267399702, -57146.16860701664, -44169.66219778803, -0.006, 0.922, -0.36, 192.0, 0.0, 0.0, 0.0, 0.0, 0.0, 0.0, 0.0, 0.0, 0.0, 1.741279698265487E9, 0.0, 2025-03-06 10:48:18.265
127.0, -38383.041427498036, -44790.39249305636, -50203.73913094272, -49209.891165481946, -24101.416659524046, -27027.260008723737, -57154.46110420956, -44209.18008198501, -0.006, 0.922, -0.36, 192.0, 0.0, 0.0, 0.0, 0.0, 0.0, 0.0, 0.0, 0.0, 0.0, 1.741279698265503E9, 0.0, 2025-03-06 10:48:18.265
128.0, -38394.641982870344, -44801.85893796193, -50212.27749732465, -49212.774540516686, -24075.19806327797, -27030.29984596966, -57171.35902301777, -44246.954530114475, -0.006, 0.922, -0.36, 192.0, 0.0, 0.0, 0.0, 0.0, 0.0, 0.0, 0.0, 0.0, 0.0, 1.741279698265518E9, 0.0, 2025-03-06 10:48:18.265
129.0, -38377.2076221952, -44796.69568499276, -50198.77704367365, -49206.15842415791, -24107.943368904995, -27028.601113391058, -57169.88380788372, -44244.36172775766, -0.006, 0.922, -0.36, 192.0, 0.0, 0.0, 0.0, 0.0, 0.0, 0.0, 0.0, 0.0, 0.0, 1.741279698265531E9, 0.0, 2025-03-06 10:48:18.265
130.0, -38362.67898829925, -44788.336132566474, -50188.02585459064, -49198.24590662073, -24137.112395419168, -27025.650683122956, -57168.140371816204, -44249.346166771196, -0.002, 0.922, -0.36, 192.0, 255.0, 240.0, 28.0, 208.0, 244.0, 192.0, 0.0, 0.0, 0.0, 1.741279698265547E9, 0.0, 2025-03-06 10:48:18.265
131.0, -38359.08035744195, -44787.643228488356, -50187.89174412391, -49200.83870897755, -24110.223246839436, -27024.600151133556, -57170.107325328274, -44246.30632952527, -0.002, 0.922, -0.36, 192.0, 0.0, 0.0, 0.0, 0.0, 0.0, 0.0, 0.0, 0.0, 0.0, 1.741279698265566E9, 0.0, 2025-03-06 10:48:18.265
132.0, -38369.25040116911, -44794.48286229168, -50196.54186922811, -49211.83576724956, -24063.351638716656, -27034.233752993794, -57180.50088649999, -44248.18387605952, -0.002, 0.922, -0.36, 192.0, 0.0, 0.0, 0.0, 0.0, 0.0, 0.0, 0.0, 0.0, 0.0, 1.741279698324824E9, 0.0, 2025-03-06 10:48:18.324
133.0, -38375.57594484997, -44792.046522146054, -50201.52630824165, -49208.93004047037, -24116.88406668712, -27046.437805466394, -57178.19865682109, -44260.20911457648, -0.002, 0.922, -0.36, 192.0, 0.0, 0.0, 0.0, 0.0, 0.0, 0.0, 0.0, 0.0, 0.0, 1.741279698324844E9, 0.0, 2025-03-06 10:48:18.324
134.0, -38382.773206564576, -44797.58975477097, -50208.56710774507, -49216.462578351806, -24152.892727004615, -27058.731264916813, -57178.66804345466, -44275.81063220628, -0.002, 0.922, -0.36, 192.0, 0.0, 0.0, 0.0, 0.0, 0.0, 0.0, 0.0, 0.0, 0.0, 1.741279698324858E9, 0.0, 2025-03-06 10:48:18.324
135.0, -38379.331037918455, -44799.243783860664, -50207.628334477944, -49220.39648537594, -24135.39131109611, -27061.74875041828, -57175.20352306408, -44267.11580361317, -0.002, 0.922, -0.36, 192.0, 0.0, 0.0, 0.0, 0.0, 0.0, 0.0, 0.0, 0.0, 0.0, 1.741279698324871E9, 0.0, 2025-03-06 10:48:18.324
136.0, -38384.20371820971, -44803.98235368518, -50209.5505845011, -49223.27986041068, -24091.425429752522, -27058.619506194533, -57167.40276424918, -44258.912713398066, -0.002, 0.922, -0.36, 192.0, 0.0, 0.0, 0.0, 0.0, 0.0, 0.0, 0.0, 0.0, 0.0, 1.741279698324885E9, 0.0, 2025-03-06 10:48:18.324
137.0, -38389.83635781245, -44806.038714175076, -50208.99179088972, -49226.00677323422, -24134.385482595622, -27054.015046836743, -57156.56216818836, -44246.50749522537, -0.002, 0.922, -0.36, 192.0, 0.0, 0.0, 0.0, 0.0, 0.0, 0.0, 0.0, 0.0, 0.0, 1.741279698324911E9, 0.0, 2025-03-06 10:48:18.324
138.0, -38388.271735700575, -44800.80840597253, -50205.28140131014, -49220.575299331584, -24184.609852386697, -27051.243430524282, -57152.44944720858, -44257.48220175293, -0.002, 0.922, -0.36, 192.0, 0.0, 0.0, 0.0, 0.0, 0.0, 0.0, 0.0, 0.0, 0.0, 1.741279698324924E9, 0.0, 2025-03-06 10:48:18.324
139.0, -38384.784863565554, -44796.49451929266, -50203.22504082025, -49213.02040970569, -24190.5107129229, -27046.415453721937, -57147.30854598386, -44249.65909119357, -0.002, 0.922, -0.36, 192.0, 0.0, 0.0, 0.0, 0.0, 0.0, 0.0, 0.0, 0.0, 0.0, 1.741279698324938E9, 0.0, 2025-03-06 10:48:18.324
140.0, -38383.376703664864, -44796.650981503844, -50200.31931404106, -49210.98640096026, -24156.625468328653, -27039.821689107623, -57142.12294127023, -44244.54054171331, -0.004, 0.924, -0.358, 192.0, 255.0, 224.0, 28.0, 224.0, 244.0, 208.0, 0.0, 0.0, 0.0, 1.741279698324951E9, 0.0, 2025-03-06 10:48:18.324
141.0, -38393.725561347674, -44811.09020842197, -50208.544756000614, -49220.59765107604, -24144.533174578333, -27043.286209498194, -57149.85664485177, -44251.42487900554, -0.004, 0.924, -0.358, 192.0, 0.0, 0.0, 0.0, 0.0, 0.0, 0.0, 0.0, 0.0, 0.0, 1.741279698324967E9, 0.0, 2025-03-06 10:48:18.324
142.0, -38393.50204390312, -44811.67135377781, -50210.31054381258, -49221.357610387524, -24189.102553022214, -27048.91884910093, -57149.36490647375, -44257.459850008476, -0.004, 0.924, -0.358, 192.0, 0.0, 0.0, 0.0, 0.0, 0.0, 0.0, 0.0, 0.0, 0.0, 1.74127969832498E9, 0.0, 2025-03-06 10:48:18.324
143.0, -38401.88394807386, -44820.276775393104, -50219.02772415015, -49231.281784925675, -24194.17639901357, -27052.69629391388, -57153.81290362035, -44250.731974927425, -0.004, 0.924, -0.358, 192.0, 0.0, 0.0, 0.0, 0.0, 0.0, 0.0, 0.0, 0.0, 0.0, 1.741279698324994E9, 0.0, 2025-03-06 10:48:18.324
144.0, -38410.33290747797, -44827.18346442979, -50227.67784925435, -49239.84250305206, -24159.531195107844, -27058.083064327606, -57165.41345899266, -44268.43455653603, -0.004, 0.924, -0.358, 192.0, 0.0, 0.0, 0.0, 0.0, 0.0, 0.0, 0.0, 0.0, 0.0, 1.741279698325007E9, 0.0, 2025-03-06 10:48:18.325
145.0, -38411.338735978454, -44827.74225804118, -50224.99563991972, -49236.46738963931, -24165.096779477215, -27061.234660295806, -57164.98877584801, -44276.1012048842, -0.004, 0.924, -0.358, 192.0, 0.0, 0.0, 0.0, 0.0, 0.0, 0.0, 0.0, 0.0, 0.0, 1.741279698325027E9, 0.0, 2025-03-06 10:48:18.325
146.0, -38407.717753376695, -44826.55761558504, -50225.06269515309, -49236.89207278396, -24222.45135574953, -27062.665171940946, -57147.532063428414, -44231.442419462495, -0.004, 0.924, -0.358, 192.0, 0.0, 0.0, 0.0, 0.0, 0.0, 0.0, 0.0, 0.0, 0.0, 1.741279698325044E9, 0.0, 2025-03-06 10:48:18.325
147.0, -38413.03746855706, -44836.079458723005, -50231.2541283672, -49247.41974442241, -24239.818661191304, -27072.388180779002, -57145.922737827634, -44243.825285890736, -0.004, 0.924, -0.358, 192.0, 0.0, 0.0, 0.0, 0.0, 0.0, 0.0, 0.0, 0.0, 0.0, 1.741279698385225E9, 0.0, 2025-03-06 10:48:18.385
148.0, -38410.2658522446, -44833.68782206629, -50227.52138704317, -49235.14863671645, -24204.189980529547, -27055.266744526238, -57162.86536012476, -44320.44706588353, -0.004, 0.924, -0.358, 192.0, 0.0, 0.0, 0.0, 0.0, 0.0, 0.0, 0.0, 0.0, 0.0, 1.741279698385249E9, 0.0, 2025-03-06 10:48:18.385
149.0, -38419.675936660286, -44840.43804889179, -50230.784741733645, -49233.56166286012, -24180.877111062662, -27055.49026197079, -57164.944072359096, -44322.12344671768, -0.004, 0.924, -0.358, 192.0, 0.0, 0.0, 0.0, 0.0, 0.0, 0.0, 0.0, 0.0, 0.0, 1.741279698385263E9, 0.0, 2025-03-06 10:48:18.385
150.0, -38420.592358182956, -44843.991976260186, -50231.16472138938, -49235.953299516834, -24227.994588374448, -27049.701160156867, -57157.47858971103, -44293.26734462588, -0.004, 0.92, -0.352, 192.0, 255.0, 224.0, 28.0, 192.0, 245.0, 0.0, 0.0, 0.0, 0.0, 1.741279698385277E9, 0.0, 2025-03-06 10:48:18.385
151.0, -38427.65550943083, -44850.94336878579, -50240.977137205264, -49247.1738752334, -24235.70594021153, -27057.434863738403, -57163.91589211416, -44284.9524956885, -0.004, 0.92, -0.352, 192.0, 0.0, 0.0, 0.0, 0.0, 0.0, 0.0, 0.0, 0.0, 0.0, 1.741279698385291E9, 0.0, 2025-03-06 10:48:18.385
152.0, -38440.10543109244, -44856.39719443288, -50255.08108795656, -49257.36627070502, -24204.12292529618, -27069.281288299717, -57174.95765387508, -44312.266327412886, -0.004, 0.92, -0.352, 192.0, 0.0, 0.0, 0.0, 0.0, 0.0, 0.0, 0.0, 0.0, 0.0, 1.741279698385319E9, 0.0, 2025-03-06 10:48:18.385
153.0, -38451.01308238663, -44864.86850558144, -50266.48047762877, -49268.69860514386, -24181.59236688523, -27082.982907650818, -57184.21127607957, -44325.92324327508, -0.004, 0.92, -0.352, 192.0, 0.0, 0.0, 0.0, 0.0, 0.0, 0.0, 0.0, 0.0, 0.0, 1.741279698385333E9, 0.0, 2025-03-06 10:48:18.385
154.0, -38456.39985280036, -44872.78102311862, -50273.16364922091, -49280.27680877171, -24216.058756835315, -27094.494056045303, -57190.8497441828, -44339.84838007073, -0.004, 0.92, -0.352, 192.0, 0.0, 0.0, 0.0, 0.0, 0.0, 0.0, 0.0, 0.0, 0.0, 1.741279698385346E9, 0.0, 2025-03-06 10:48:18.385
155.0, -38453.98586439918, -44873.98801731921, -50272.42604165388, -49282.71314891734, -24261.52220505741, -27100.283157859227, -57195.18598260713, -44331.53353113336, -0.004, 0.92, -0.352, 192.0, 0.0, 0.0, 0.0, 0.0, 0.0, 0.0, 0.0, 0.0, 0.0, 1.74127969838536E9, 0.0, 2025-03-06 10:48:18.385
156.0, -38440.95479738174, -44863.706214869766, -50263.015957238196, -49275.381776736, -24264.85261498125, -27103.255939871782, -57184.97123539105, -44318.07778097127, -0.004, 0.92, -0.352, 192.0, 0.0, 0.0, 0.0, 0.0, 0.0, 0.0, 0.0, 0.0, 0.0, 1.741279698385373E9, 0.0, 2025-03-06 10:48:18.385
157.0, -38433.46696298921, -44860.17463924583, -50256.82452402407, -49273.03484356819, -24223.94892262804, -27104.88761721702, -57185.910008658175, -44309.71822854498, -0.004, 0.92, -0.352, 192.0, 0.0, 0.0, 0.0, 0.0, 0.0, 0.0, 0.0, 0.0, 0.0, 1.741279698385386E9, 0.0, 2025-03-06 10:48:18.385
158.0, -38435.00923335663, -44863.05801428056, -50254.99168097874, -49279.13686980449, -24246.099501383247, -27101.8477799711, -57180.14325858871, -44306.90190874361, -0.004, 0.92, -0.352, 192.0, 0.0, 0.0, 0.0, 0.0, 0.0, 0.0, 0.0, 0.0, 0.0, 1.741279698385399E9, 0.0, 2025-03-06 10:48:18.385
159.0, -38434.070460089504, -44859.95112180128, -50253.360003633505, -49275.962922091836, -24286.533807102896, -27095.388125823516, -57175.18117131963, -44325.14093221914, -0.004, 0.92, -0.352, 192.0, 0.0, 0.0, 0.0, 0.0, 0.0, 0.0, 0.0, 0.0, 0.0, 1.741279698385413E9, 0.0, 2025-03-06 10:48:18.385
160.0, -38436.998538613145, -44861.78396484661, -50259.10440195852, -49273.504230201754, -24273.413333107634, -27104.21706488336, -57175.11411608626, -44315.753199547915, -0.01, 0.916, -0.352, 192.0, 255.0, 176.0, 28.0, 160.0, 245.0, 0.0, 0.0, 0.0, 0.0, 1.74127969838543E9, 0.0, 2025-03-06 10:48:18.385
161.0, -38444.50872475013, -44869.31650272805, -50267.821582296085, -49280.05329132716, -24223.07720459428, -27118.499829590302, -57181.32790104484, -44329.23130145446, -0.01, 0.916, -0.352, 192.0, 0.0, 0.0, 0.0, 0.0, 0.0, 0.0, 0.0, 0.0, 0.0, 1.741279698385448E9, 0.0, 2025-03-06 10:48:18.385
162.0, -38454.23173358819, -44878.61482842146, -50272.89542828744, -49282.109651817045, -24245.98774266097, -27120.958521480385, -57185.55238074689, -44353.147668021644, -0.01, 0.916, -0.352, 192.0, 0.0, 0.0, 0.0, 0.0, 0.0, 0.0, 0.0, 0.0, 0.0, 1.741279698445623E9, 0.0, 2025-03-06 10:48:18.445
163.0, -38444.486373005675, -44873.272761496635, -50263.30652991612, -49272.96778833483, -24299.676632842617, -27100.73019274833, -57176.63403470923, -44333.38872592315, -0.01, 0.916, -0.352, 192.0, 0.0, 0.0, 0.0, 0.0, 0.0, 0.0, 0.0, 0.0, 0.0, 1.741279698445642E9, 0.0, 2025-03-06 10:48:18.445
164.0, -38450.65545447534, -44882.95106684579, -50273.498925387736, -49285.0824338296, -24289.260719926446, -27106.161666650973, -57179.830334166334, -44332.7628770784, -0.01, 0.916, -0.352, 192.0, 0.0, 0.0, 0.0, 0.0, 0.0, 0.0, 0.0, 0.0, 0.0, 1.741279698445655E9, 0.0, 2025-03-06 10:48:18.445
165.0, -38459.21617260172, -44890.3941977494, -50280.539724891154, -49288.815175153635, -24225.737062184464, -27118.32101563466, -57185.641787724715, -44344.05050802833, -0.01, 0.916, -0.352, 192.0, 0.0, 0.0, 0.0, 0.0, 0.0, 0.0, 0.0, 0.0, 0.0, 1.741279698445669E9, 0.0, 2025-03-06 10:48:18.445
166.0, -38458.85854469044, -44888.02491283714, -50273.27540794318, -49279.248628526766, -24246.770053716908, -27113.31422487667, -57178.33276728783, -44324.17980720756, -0.01, 0.916, -0.352, 192.0, 0.0, 0.0, 0.0, 0.0, 0.0, 0.0, 0.0, 0.0, 0.0, 1.741279698445682E9, 0.0, 2025-03-06 10:48:18.445
167.0, -38457.89741967886, -44887.15319480338, -50269.654425341425, -49272.58780867908, -24289.797161793373, -27108.463896329868, -57168.96738636105, -44325.78913280835, -0.01, 0.916, -0.352, 192.0, 0.0, 0.0, 0.0, 0.0, 0.0, 0.0, 0.0, 0.0, 0.0, 1.741279698445705E9, 0.0, 2025-03-06 10:48:18.445
168.0, -38465.20644011575, -44892.4952617282, -50276.11407948901, -49276.99110233678, -24288.09842921477, -27109.98381495283, -57175.8964271422, -44342.8658655722, -0.01, 0.916, -0.352, 192.0, 0.0, 0.0, 0.0, 0.0, 0.0, 0.0, 0.0, 0.0, 0.0, 1.741279698445719E9, 0.0, 2025-03-06 10:48:18.445
169.0, -38470.72732099621, -44899.156081575886, -50281.61260862501, -49284.09895707357, -24227.592256974254, -27116.108192933585, -57183.250151067994, -44352.72298487699, -0.01, 0.916, -0.352, 192.0, 0.0, 0.0, 0.0, 0.0, 0.0, 0.0, 0.0, 0.0, 0.0, 1.741279698445732E9, 0.0, 2025-03-06 10:48:18.445
170.0, -38483.19959440227, -44912.634183482434, -50290.687416873865, -49293.39728276698, -24198.557340926807, -27115.32588187765, -57185.485325513524, -44346.62095864069, -0.01, 0.916, -0.358, 192.0, 255.0, 176.0, 28.0, 160.0, 244.0, 208.0, 0.0, 0.0, 0.0, 1.741279698445746E9, 0.0, 2025-03-06 10:48:18.445
171.0, -38485.14419616988, -44915.22698583925, -50291.22385874079, -49295.56540197914, -24262.595088791262, -27111.45903008688, -57182.08786035632, -44361.30605474783, -0.01, 0.916, -0.358, 192.0, 0.0, 0.0, 0.0, 0.0, 0.0, 0.0, 0.0, 0.0, 0.0, 1.741279698445765E9, 0.0, 2025-03-06 10:48:18.445
172.0, -38477.276382121614, -44906.912136901876, -50282.03729176966, -49287.80934665315, -24282.354030889754, -27106.27342537325, -57177.997491120994, -44364.43529897157, -0.01, 0.916, -0.358, 192.0, 0.0, 0.0, 0.0, 0.0, 0.0, 0.0, 0.0, 0.0, 0.0, 1.741279698445778E9, 0.0, 2025-03-06 10:48:18.445
173.0, -38480.09270192298, -44912.88005267144, -50293.03435004167, -49294.87249790102, -24240.60097224724, -27114.252998143795, -57178.48922949901, -44365.99992108344, -0.01, 0.916, -0.358, 192.0, 0.0, 0.0, 0.0, 0.0, 0.0, 0.0, 0.0, 0.0, 0.0, 1.741279698445791E9, 0.0, 2025-03-06 10:48:18.445
174.0, -38487.24526014868, -44918.1997678518, -50299.426948955894, -49299.36519853654, -24206.402803230623, -27118.969216223864, -57179.42800276614, -44368.14568855115, -0.01, 0.916, -0.358, 192.0, 0.0, 0.0, 0.0, 0.0, 0.0, 0.0, 0.0, 0.0, 0.0, 1.741279698445805E9, 0.0, 2025-03-06 10:48:18.445
175.0, -38488.07227469353, -44914.243509083215, -50297.03531229917, -49298.71699794734, -24264.4279318366, -27117.717518534366, -57174.98000561953, -44354.10879303322, -0.01, 0.916, -0.358, 192.0, 0.0, 0.0, 0.0, 0.0, 0.0, 0.0, 0.0, 0.0, 0.0, 1.741279698445822E9, 0.0, 2025-03-06 10:48:18.445
176.0, -38487.51348108214, -44913.50590151619, -50300.0751495451, -49300.8851171595, -24292.90405427266, -27122.634902314534, -57182.82546792334, -44366.6704734171, -0.01, 0.916, -0.358, 192.0, 0.0, 0.0, 0.0, 0.0, 0.0, 0.0, 0.0, 0.0, 0.0, 1.741279698445838E9, 0.0, 2025-03-06 10:48:18.445
177.0, -38477.678713521804, -44903.961706633774, -50298.599934411046, -49298.94051539189, -24271.938117973583, -27123.819544770664, -57177.14812483169, -44362.42364197059, -0.01, 0.916, -0.358, 192.0, 0.0, 0.0, 0.0, 0.0, 0.0, 0.0, 0.0, 0.0, 0.0, 1.741279698445856E9, 0.0, 2025-03-06 10:48:18.445
178.0, -38483.60192580246, -44903.17939557784, -50302.086806546075, -49299.61106772555, -24258.169443389113, -27124.84772501561, -57174.667081197156, -44371.811374641824, -0.01, 0.916, -0.358, 192.0, 0.0, 0.0, 0.0, 0.0, 0.0, 0.0, 0.0, 0.0, 0.0, 1.741279698505276E9, 0.0, 2025-03-06 10:48:18.505
179.0, -38487.91581248234, -44903.11234034447, -50304.16551878041, -49304.193175338885, -24307.05270851287, -27126.099422705105, -57186.55820924738, -44395.727741209004, -0.01, 0.916, -0.358, 192.0, 0.0, 0.0, 0.0, 0.0, 0.0, 0.0, 0.0, 0.0, 0.0, 1.741279698505296E9, 0.0, 2025-03-06 10:48:18.505
180.0, -38484.49599558068, -44896.96561061926, -50304.05376005814, -49305.80250093967, -24347.86699388826, -27135.04012048723, -57190.93915116062, -44390.609191728734, -0.012, 0.924, -0.362, 192.0, 255.0, 160.0, 28.0, 224.0, 244.0, 176.0, 0.0, 0.0, 0.0, 1.741279698505309E9, 0.0, 2025-03-06 10:48:18.505
181.0, -38478.2822106221, -44892.20468905028, -50305.52897519219, -49309.870518430536, -24338.501612961485, -27147.758263082298, -57176.29875854239, -44368.391557740164, -0.012, 0.924, -0.362, 192.0, 0.0, 0.0, 0.0, 0.0, 0.0, 0.0, 0.0, 0.0, 0.0, 1.741279698505324E9, 0.0, 2025-03-06 10:48:18.505
182.0, -38485.18889965879, -44898.17260481985, -50308.21118452683, -49309.937573663905, -24289.886568771195, -27145.81366131469, -57185.86530516927, -44425.1873404011, -0.012, 0.924, -0.362, 192.0, 0.0, 0.0, 0.0, 0.0, 0.0, 0.0, 0.0, 0.0, 0.0, 1.741279698505348E9, 0.0, 2025-03-06 10:48:18.505
183.0, -38481.4338065903, -44888.382540748426, -50295.96242856532, -49296.928858390915, -24323.43653719861, -27139.354007167105, -57184.97123539105, -44412.20097687256, -0.012, 0.924, -0.362, 192.0, 0.0, 0.0, 0.0, 0.0, 0.0, 0.0, 0.0, 0.0, 0.0, 1.741279698505361E9, 0.0, 2025-03-06 10:48:18.505
184.0, -38475.62235303192, -44881.095872055994, -50289.994512795754, -49287.98816060879, -24368.29648832041, -27135.26363793178, -57189.21806683756, -44408.535290781896, -0.012, 0.924, -0.362, 192.0, 0.0, 0.0, 0.0, 0.0, 0.0, 0.0, 0.0, 0.0, 0.0, 1.741279698505379E9, 0.0, 2025-03-06 10:48:18.505
185.0, -38480.51738506763, -44886.147366302896, -50300.63394315648, -49298.269963058236, -24358.72994169354, -27151.245135217327, -57183.496020257, -44406.41187505864, -0.012, 0.924, -0.362, 192.0, 0.0, 0.0, 0.0, 0.0, 0.0, 0.0, 0.0, 0.0, 0.0, 1.741279698505393E9, 0.0, 2025-03-06 10:48:18.505
186.0, -38487.87110899343, -44895.579802463035, -50308.50175720474, -49312.239803342796, -24305.465734656544, -27161.258716733304, -57176.16464807566, -44394.29722956386, -0.012, 0.924, -0.362, 192.0, 0.0, 0.0, 0.0, 0.0, 0.0, 0.0, 0.0, 0.0, 0.0, 1.741279698505406E9, 0.0, 2025-03-06 10:48:18.505
187.0, -38478.103396666455, -44883.487508712715, -50290.687416873865, -49298.62759096952, -24348.53754622192, -27142.75147232431, -57162.59713919129, -44377.131089822185, -0.012, 0.924, -0.362, 192.0, 0.0, 0.0, 0.0, 0.0, 0.0, 0.0, 0.0, 0.0, 0.0, 1.741279698505419E9, 0.0, 2025-03-06 10:48:18.505
188.0, -38470.61556227393, -44875.41852896435, -50283.91483830391, -49289.75394842076, -24406.853247505816, -27137.94584726642, -57150.10251404077, -44385.870621904214, -0.012, 0.924, -0.362, 192.0, 0.0, 0.0, 0.0, 0.0, 0.0, 0.0, 0.0, 0.0, 0.0, 1.741279698505432E9, 0.0, 2025-03-06 10:48:18.505
189.0, -38487.44642584878, -44890.17068030485, -50302.46678620181, -49306.18248059541, -24389.552997297407, -27147.959428782397, -57161.47955196853, -44397.98526739899, -0.012, 0.924, -0.362, 192.0, 0.0, 0.0, 0.0, 0.0, 0.0, 0.0, 0.0, 0.0, 0.0, 1.741279698505446E9, 0.0, 2025-03-06 10:48:18.505
190.0, -38496.09655095298, -44897.77027341966, -50312.636829928975, -49317.067780145146, -24344.894211875704, -27161.16930975548, -57169.36971776125, -44408.04355240388, -0.016, 0.914, -0.354, 192.0, 255.0, 128.0, 28.0, 144.0, 244.0, 240.0, 0.0, 0.0, 0.0, 1.741279698505462E9, 0.0, 2025-03-06 10:48:18.505
191.0, -38501.326859155524, -44903.71583744477, -50313.95558285184, -49318.3418295791, -24352.38204626823, -27163.069208034183, -57167.02278459344, -44404.824901202315, -0.016, 0.914, -0.354, 192.0, 0.0, 0.0, 0.0, 0.0, 0.0, 0.0, 0.0, 0.0, 0.0, 1.741279698505481E9, 0.0, 2025-03-06 10:48:18.505
192.0, -38498.24231842069, -44903.8499479115, -50309.79815838316, -49316.86661444505, -24399.097192179823, -27156.207222486406, -57141.653554636665, -44390.72095045101, -0.016, 0.914, -0.354, 192.0, 0.0, 0.0, 0.0, 0.0, 0.0, 0.0, 0.0, 0.0, 0.0, 1.7412796985055E9, 0.0, 2025-03-06 10:48:18.505
193.0, -38494.4872253522, -44901.01127636567, -50308.792329882664, -49318.02890515672, -24414.564599342895, -27151.870984062076, -57134.74686559998, -44391.458558018036, -0.016, 0.914, -0.354, 192.0, 0.0, 0.0, 0.0, 0.0, 0.0, 0.0, 0.0, 0.0, 0.0, 1.741279698565577E9, 0.0, 2025-03-06 10:48:18.565
194.0, -38496.94591724228, -44902.7994159221, -50315.654315430445, -49322.25338485878, -24362.999124884504, -27157.011885286796, -57136.557356900856, -44389.73747369498, -0.016, 0.914, -0.354, 192.0, 0.0, 0.0, 0.0, 0.0, 0.0, 0.0, 0.0, 0.0, 0.0, 1.741279698565613E9, 0.0, 2025-03-06 10:48:18.565
195.0, -38510.7369435712, -44912.83534918253, -50324.326792279106, -49333.00457394178, -24341.58615369632, -27172.032257560764, -57141.49709242548, -44400.488662777985, -0.016, 0.914, -0.354, 192.0, 0.0, 0.0, 0.0, 0.0, 0.0, 0.0, 0.0, 0.0, 0.0, 1.741279698565632E9, 0.0, 2025-03-06 10:48:18.565
196.0, -38511.42984764932, -44914.69054397232, -50323.29861203416, -49338.324289122145, -24386.557863540398, -27166.243155746837, -57134.54569989988, -44399.97457265551, -0.016, 0.914, -0.354, 192.0, 0.0, 0.0, 0.0, 0.0, 0.0, 0.0, 0.0, 0.0, 0.0, 1.741279698565645E9, 0.0, 2025-03-06 10:48:18.565
197.0, -38501.595080088984, -44907.35917179098, -50319.90114687695, -49332.8928152195, -24421.583047101863, -27146.66302760399, -57118.58655435879, -44383.45663350304, -0.016, 0.914, -0.354, 192.0, 0.0, 0.0, 0.0, 0.0, 0.0, 0.0, 0.0, 0.0, 0.0, 1.741279698565665E9, 0.0, 2025-03-06 10:48:18.565
198.0, -38507.20536794727, -44910.89074741492, -50328.506568492245, -49341.23001590133, -24377.63951750273, -27154.46378641889, -57121.49228113798, -44394.543098752874, -0.016, 0.914, -0.354, 192.0, 0.0, 0.0, 0.0, 0.0, 0.0, 0.0, 0.0, 0.0, 0.0, 1.741279698565679E9, 0.0, 2025-03-06 10:48:18.565
199.0, -38533.93805431581, -44927.05105865611, -50348.578435013114, -49351.02007997275, -24346.72705492104, -27177.731952396865, -57127.884880052196, -44416.067828663334, -0.016, 0.914, -0.354, 192.0, 0.0, 0.0, 0.0, 0.0, 0.0, 0.0, 0.0, 0.0, 0.0, 1.741279698565692E9, 0.0, 2025-03-06 10:48:18.565
200.0, -38530.42883043633, -44926.760485978186, -50344.935100666895, -49349.209588671874, -24399.49952358002, -27179.94477509794, -57123.839214305786, -44412.446846061575, -0.018000000000000002, 0.914, -0.34600000000000003, 192.0, 255.0, 112.0, 28.0, 144.0, 245.0, 48.0, 0.0, 0.0, 0.0, 1.741279698565706E9, 0.0, 2025-03-06 10:48:18.565
201.0, -38512.99446976119, -44917.104532373494, -50333.5804144836, -49344.00163221379, -24430.88137279527, -27176.882586107564, -57118.1842229586, -44401.382732556194, -0.018000000000000002, 0.914, -0.34600000000000003, 192.0, 0.0, 0.0, 0.0, 0.0, 0.0, 0.0, 0.0, 0.0, 0.0, 1.741279698565721E9, 0.0, 2025-03-06 10:48:18.565
202.0, -38509.351135414974, -44913.50590151619, -50334.67564996191, -49348.42727761594, -24398.583102057353, -27180.302403009227, -57117.42426364712, -44402.90265117915, -0.018000000000000002, 0.914, -0.34600000000000003, 192.0, 0.0, 0.0, 0.0, 0.0, 0.0, 0.0, 0.0, 0.0, 0.0, 1.741279698565735E9, 0.0, 2025-03-06 10:48:18.565
203.0, -38519.90115879788, -44922.021916153666, -50344.71158322234, -49352.852923018094, -24348.068159588358, -27185.4656559784, -57119.25710669245, -44416.917194952635, -0.018000000000000002, 0.914, -0.34600000000000003, 192.0, 0.0, 0.0, 0.0, 0.0, 0.0, 0.0, 0.0, 0.0, 0.0, 1.741279698565748E9, 0.0, 2025-03-06 10:48:18.565
204.0, -38526.830199579024, -44929.777971479656, -50348.44432454638, -49359.75961205478, -24377.77362796946, -27192.729972926376, -57125.15796722865, -44421.11932291023, -0.018000000000000002, 0.914, -0.34600000000000003, 192.0, 0.0, 0.0, 0.0, 0.0, 0.0, 0.0, 0.0, 0.0, 0.0, 1.741279698565762E9, 0.0, 2025-03-06 10:48:18.565
205.0, -38519.923510542336, -44923.89946268791, -50344.041030888686, -49358.731431809836, -24421.35952965731, -27193.132304326573, -57119.65943809265, -44421.32048861033, -0.018000000000000002, 0.914, -0.34600000000000003, 192.0, 0.0, 0.0, 0.0, 0.0, 0.0, 0.0, 0.0, 0.0, 0.0, 1.741279698565779E9, 0.0, 2025-03-06 10:48:18.565
206.0, -38513.82148430604, -44922.51365453168, -50345.40448730046, -49361.748917311306, -24397.979604957058, -27195.52394098329, -57116.776063057914, -44422.92981421111, -0.018000000000000002, 0.914, -0.34600000000000003, 192.0, 0.0, 0.0, 0.0, 0.0, 0.0, 0.0, 0.0, 0.0, 0.0, 1.741279698565798E9, 0.0, 2025-03-06 10:48:18.565
207.0, -38521.465780909755, -44924.257090599196, -50352.065307148136, -49362.978263256344, -24339.28392401742, -27194.406353760525, -57124.64387710618, -44454.28931168191, -0.018000000000000002, 0.914, -0.34600000000000003, 192.0, 0.0, 0.0, 0.0, 0.0, 0.0, 0.0, 0.0, 0.0, 0.0, 1.741279698565814E9, 0.0, 2025-03-06 10:48:18.565
208.0, -38519.94586228679, -44920.77021846417, -50346.119743123025, -49359.26787367676, -24366.44129353062, -27190.606557203122, -57116.19491770207, -44441.526465597926, -0.018000000000000002, 0.914, -0.34600000000000003, 192.0, 0.0, 0.0, 0.0, 0.0, 0.0, 0.0, 0.0, 0.0, 0.0, 1.741279698625955E9, 0.0, 2025-03-06 10:48:18.625
209.0, -38500.29867891058, -44904.02876186714, -50332.17225458292, -49350.43893461692, -24429.204991961124, -27186.29267052325, -57103.990865229476, -44415.21846237403, -0.018000000000000002, 0.914, -0.34600000000000003, 192.0, 0.0, 0.0, 0.0, 0.0, 0.0, 0.0, 0.0, 0.0, 0.0, 1.741279698625973E9, 0.0, 2025-03-06 10:48:18.625
210.0, -38500.99158298869, -44897.92673563084, -50334.27331856172, -49346.59443457061, -24414.721061554083, -27182.291708265748, -57106.96364724203, -44419.733514754, -0.014, 0.922, -0.352, 192.0, 255.0, 144.0, 28.0, 208.0, 245.0, 0.0, 0.0, 0.0, 0.0, 1.741279698625987E9, 0.0, 2025-03-06 10:48:18.625
211.0, -38517.73303958571, -44908.4991107582, -50348.846655946574, -49354.43989687442, -24347.397607254698, -27178.08958030815, -57115.32319966832, -44441.50411385347, -0.014, 0.922, -0.352, 192.0, 0.0, 0.0, 0.0, 0.0, 0.0, 0.0, 0.0, 0.0, 0.0, 1.741279698626002E9, 0.0, 2025-03-06 10:48:18.626
212.0, -38526.561978645565, -44922.22308185376, -50354.70281299386, -49362.844152789614, -24349.76689216696, -27182.269356521294, -57130.20946147555, -44475.925800314646, -0.014, 0.922, -0.352, 192.0, 0.0, 0.0, 0.0, 0.0, 0.0, 0.0, 0.0, 0.0, 0.0, 1.741279698626029E9, 0.0, 2025-03-06 10:48:18.626
213.0, -38514.112056983955, -44919.02678239665, -50345.695059978374, -49356.205684686385, -24383.69684025012, -27175.85440586262, -57125.7838160734, -44461.866553052256, -0.014, 0.922, -0.352, 192.0, 0.0, 0.0, 0.0, 0.0, 0.0, 0.0, 0.0, 0.0, 0.0, 1.741279698626043E9, 0.0, 2025-03-06 10:48:18.626
214.0, -38503.42792313432, -44915.04817188361, -50341.00119364276, -49358.28439692073, -24390.82704673136, -27178.178987285974, -57122.31929568283, -44444.812172032856, -0.014, 0.922, -0.352, 192.0, 0.0, 0.0, 0.0, 0.0, 0.0, 0.0, 0.0, 0.0, 0.0, 1.741279698626056E9, 0.0, 2025-03-06 10:48:18.626
215.0, -38508.54647261459, -44919.27265158566, -50345.7844669562, -49363.84998129011, -24350.705665434085, -27182.448170476935, -57125.850871306764, -44436.7878957734, -0.014, 0.922, -0.352, 192.0, 0.0, 0.0, 0.0, 0.0, 0.0, 0.0, 0.0, 0.0, 0.0, 1.74127969862607E9, 0.0, 2025-03-06 10:48:18.626
216.0, -38523.32097569954, -44928.28040460115, -50353.7863914712, -49366.554542369195, -24353.030246857437, -27182.850501877132, -57131.19293823159, -44434.01627946094, -0.014, 0.922, -0.352, 192.0, 0.0, 0.0, 0.0, 0.0, 0.0, 0.0, 0.0, 0.0, 0.0, 1.741279698626083E9, 0.0, 2025-03-06 10:48:18.626
217.0, -38520.86228380946, -44928.83919821253, -50350.99242341428, -49370.77902207125, -24416.844477277336, -27188.796065902243, -57122.699275338564, -44397.67234297661, -0.014, 0.922, -0.352, 192.0, 0.0, 0.0, 0.0, 0.0, 0.0, 0.0, 0.0, 0.0, 0.0, 1.741279698626101E9, 0.0, 2025-03-06 10:48:18.626
218.0, -38526.78549609012, -44935.432962826846, -50358.74847874028, -49374.64587386201, -24429.652026850228, -27193.154656071027, -57135.05979002235, -44463.27471295294, -0.014, 0.922, -0.352, 192.0, 0.0, 0.0, 0.0, 0.0, 0.0, 0.0, 0.0, 0.0, 0.0, 1.741279698626114E9, 0.0, 2025-03-06 10:48:18.626
219.0, -38530.540589158605, -44939.18805589534, -50360.804839230164, -49373.885914550534, -24376.343116324322, -27181.799969887732, -57145.60981340526, -44461.82184956335, -0.014, 0.922, -0.352, 192.0, 0.0, 0.0, 0.0, 0.0, 0.0, 0.0, 0.0, 0.0, 0.0, 1.741279698626128E9, 0.0, 2025-03-06 10:48:18.626
220.0, -38542.58817942002, -44953.20259966882, -50373.27711263623, -49391.72260662587, -24376.164302368677, -27195.32277528319, -57150.88482509671, -44453.10466922577, -0.008, 0.918, -0.352, 192.0, 255.0, 192.0, 28.0, 176.0, 245.0, 0.0, 0.0, 0.0, 0.0, 1.741279698626144E9, 0.0, 2025-03-06 10:48:18.626
221.0, -38555.239266781726, -44962.92560850688, -50388.45394712138, -49404.41839747648, -24407.009709717004, -27215.372290059604, -57160.76429614596, -44451.04830873589, -0.008, 0.918, -0.352, 192.0, 0.0, 0.0, 0.0, 0.0, 0.0, 0.0, 0.0, 0.0, 0.0, 1.741279698626162E9, 0.0, 2025-03-06 10:48:18.626
222.0, -38548.86901961196, -44948.82165775557, -50377.07690919363, -49391.74495837033, -24443.375997945786, -27207.325662055693, -57147.01797330594, -44432.69752653808, -0.008, 0.918, -0.352, 192.0, 0.0, 0.0, 0.0, 0.0, 0.0, 0.0, 0.0, 0.0, 0.0, 1.741279698626179E9, 0.0, 2025-03-06 10:48:18.626
223.0, -38557.27327552716, -44952.08501244605, -50383.44715636339, -49395.61181016109, -24424.332311669867, -27216.512229026823, -57161.74777290199, -44439.02307021893, -0.008, 0.918, -0.352, 192.0, 0.0, 0.0, 0.0, 0.0, 0.0, 0.0, 0.0, 0.0, 0.0, 1.741279698686208E9, 0.0, 2025-03-06 10:48:18.686
224.0, -38580.36262754949, -44977.230724958274, -50407.51998514176, -49420.31048778421, -24381.81929371587, -27251.604467821657, -57194.18015410664, -44466.336901943316, -0.008, 0.918, -0.352, 192.0, 0.0, 0.0, 0.0, 0.0, 0.0, 0.0, 0.0, 0.0, 0.0, 1.741279698686227E9, 0.0, 2025-03-06 10:48:18.686
225.0, -38585.838804941035, -44980.49407964874, -50409.799863076194, -49422.54566222974, -24428.132108227266, -27256.186575434993, -57189.64274998221, -44461.50892514097, -0.008, 0.918, -0.352, 192.0, 0.0, 0.0, 0.0, 0.0, 0.0, 0.0, 0.0, 0.0, 0.0, 1.741279698686241E9, 0.0, 2025-03-06 10:48:18.686
226.0, -38581.63667698344, -44976.89544879144, -50405.754197329785, -49422.903290141025, -24477.954146618147, -27254.06315971174, -57187.65344472569, -44459.11728848425, -0.008, 0.918, -0.352, 192.0, 0.0, 0.0, 0.0, 0.0, 0.0, 0.0, 0.0, 0.0, 0.0, 1.741279698686254E9, 0.0, 2025-03-06 10:48:18.686
227.0, -38581.94960140582, -44978.16949822539, -50408.70462759789, -49428.51357799931, -24446.818166591904, -27260.54516560378, -57195.16363086267, -44467.722710099544, -0.008, 0.918, -0.352, 192.0, 0.0, 0.0, 0.0, 0.0, 0.0, 0.0, 0.0, 0.0, 0.0, 1.741279698686275E9, 0.0, 2025-03-06 10:48:18.686
228.0, -38599.182796380854, -44988.5183559082, -50422.540357415724, -49430.70404895593, -24417.626788333273, -27264.41201739455, -57203.27731409995, -44466.09103275431, -0.008, 0.918, -0.352, 192.0, 0.0, 0.0, 0.0, 0.0, 0.0, 0.0, 0.0, 0.0, 0.0, 1.741279698686289E9, 0.0, 2025-03-06 10:48:18.686
229.0, -38603.83195922756, -44992.29580072115, -50425.960174317384, -49434.995583891345, -24476.523634973008, -27269.195290707983, -57206.51831704597, -44456.77035531645, -0.008, 0.918, -0.352, 192.0, 0.0, 0.0, 0.0, 0.0, 0.0, 0.0, 0.0, 0.0, 0.0, 1.741279698686302E9, 0.0, 2025-03-06 10:48:18.686
230.0, -38607.944680207336, -44997.90608857943, -50432.196311020416, -49443.109267128624, -24519.66250177175, -27280.795846080287, -57219.1023491743, -44478.96563756056, -0.016, 0.918, -0.356, 192.0, 255.0, 128.0, 28.0, 176.0, 244.0, 224.0, 0.0, 0.0, 0.0, 1.741279698686317E9, 0.0, 2025-03-06 10:48:18.686
231.0, -38615.566625066596, -45006.26564100572, -50443.05925882569, -49455.29096785677, -24514.163972635746, -27299.10192478918, -57231.909898747195, -44499.99862909301, -0.016, 0.918, -0.356, 192.0, 0.0, 0.0, 0.0, 0.0, 0.0, 0.0, 0.0, 0.0, 0.0, 1.741279698686332E9, 0.0, 2025-03-06 10:48:18.686
232.0, -38625.98253798277, -45013.61936493151, -50453.69868918642, -49464.61164529463, -24492.438077025185, -27305.94155859251, -57239.66595407319, -44521.52335900347, -0.016, 0.918, -0.356, 192.0, 0.0, 0.0, 0.0, 0.0, 0.0, 0.0, 0.0, 0.0, 0.0, 1.741279698686345E9, 0.0, 2025-03-06 10:48:18.686
233.0, -38635.347918909545, -45016.793312644164, -50455.0621455982, -49464.87986622809, -24548.831528285926, -27298.67724164453, -57239.37538139527, -44496.37764649125, -0.016, 0.918, -0.356, 192.0, 0.0, 0.0, 0.0, 0.0, 0.0, 0.0, 0.0, 0.0, 0.0, 1.741279698686359E9, 0.0, 2025-03-06 10:48:18.686
234.0, -38642.03109050168, -45028.14799882746, -50462.393517779536, -49475.65340705555, -24590.316365994975, -27302.678203902033, -57239.688305817646, -44474.47293692505, -0.016, 0.918, -0.356, 192.0, 0.0, 0.0, 0.0, 0.0, 0.0, 0.0, 0.0, 0.0, 0.0, 1.741279698686372E9, 0.0, 2025-03-06 10:48:18.686
235.0, -38639.61710210051, -45034.31708029712, -50465.254541069815, -49484.303532159756, -24573.91018556478, -27309.048451071794, -57247.779637310465, -44490.454434210595, -0.016, 0.918, -0.356, 192.0, 0.0, 0.0, 0.0, 0.0, 0.0, 0.0, 0.0, 0.0, 0.0, 1.741279698686389E9, 0.0, 2025-03-06 10:48:18.686
236.0, -38641.87462829049, -45036.14992334246, -50467.60147423762, -49478.894410001565, -24518.23199012661, -27310.009576083372, -57257.59205312635, -44522.48448401505, -0.016, 0.918, -0.356, 192.0, 0.0, 0.0, 0.0, 0.0, 0.0, 0.0, 0.0, 0.0, 0.0, 1.741279698686406E9, 0.0, 2025-03-06 10:48:18.686
237.0, -38661.901791322445, -45049.35980431554, -50485.34875933514, -49489.71265431794, -24527.95499896467, -27321.006634355384, -57268.276186975985, -44514.370800777775, -0.016, 0.918, -0.356, 192.0, 0.0, 0.0, 0.0, 0.0, 0.0, 0.0, 0.0, 0.0, 0.0, 1.741279698686422E9, 0.0, 2025-03-06 10:48:18.686
238.0, -38672.0271315607, -45054.67951949591, -50494.04358792825, -49499.83799455619, -24577.44176118872, -27329.857925159686, -57273.48414343407, -44515.51073974499, -0.016, 0.918, -0.356, 192.0, 0.0, 0.0, 0.0, 0.0, 0.0, 0.0, 0.0, 0.0, 0.0, 1.741279698746411E9, 0.0, 2025-03-06 10:48:18.746
239.0, -38682.71126541034, -45064.894266711985, -50504.45950084442, -49509.15867199405, -24580.302784478998, -27340.139727609127, -57290.29265526446, -44538.17540862267, -0.016, 0.918, -0.356, 192.0, 0.0, 0.0, 0.0, 0.0, 0.0, 0.0, 0.0, 0.0, 0.0, 1.741279698746431E9, 0.0, 2025-03-06 10:48:18.746
240.0, -38685.549936956166, -45069.990464447794, -50508.95220147994, -49511.99734353988, -24536.71688279115, -27340.69852122051, -57298.56280071292, -44560.370690866795, -0.026000000000000002, 0.914, -0.34800000000000003, 192.0, 255.0, 48.0, 28.0, 144.0, 245.0, 32.0, 0.0, 0.0, 0.0, 1.741279698746444E9, 0.0, 2025-03-06 10:48:18.746
241.0, -38704.839492421095, -45088.76592979025, -50523.078503975696, -49530.16931178204, -24534.14643217879, -27359.004599929405, -57309.11282409583, -44562.874086245785, -0.026000000000000002, 0.914, -0.34800000000000003, 192.0, 0.0, 0.0, 0.0, 0.0, 0.0, 0.0, 0.0, 0.0, 0.0, 1.741279698746459E9, 0.0, 2025-03-06 10:48:18.746
242.0, -38710.53918725719, -45093.571554848146, -50529.60521335664, -49537.701849663485, -24590.517531695074, -27364.167852898583, -57306.38591127228, -44540.52234179048, -0.026000000000000002, 0.914, -0.34800000000000003, 192.0, 0.0, 0.0, 0.0, 0.0, 0.0, 0.0, 0.0, 0.0, 0.0, 1.741279698746483E9, 0.0, 2025-03-06 10:48:18.746
243.0, -38722.095039140586, -45102.35579041908, -50542.010431529336, -49552.789277170814, -24620.781793687558, -27370.51574832389, -57316.220678832615, -44547.74195524955, -0.026000000000000002, 0.914, -0.34800000000000003, 192.0, 0.0, 0.0, 0.0, 0.0, 0.0, 0.0, 0.0, 0.0, 0.0, 1.741279698746498E9, 0.0, 2025-03-06 10:48:18.746
244.0, -38735.48373406932, -45116.23622372583, -50552.15812351205, -49556.76788768386, -24613.808049417505, -27365.955992455005, -57329.69878073916, -44595.68644710618, -0.026000000000000002, 0.914, -0.34800000000000003, 192.0, 0.0, 0.0, 0.0, 0.0, 0.0, 0.0, 0.0, 0.0, 0.0, 1.741279698746511E9, 0.0, 2025-03-06 10:48:18.746
245.0, -38747.03958595271, -45130.87661634405, -50563.691623650986, -49568.61431224517, -24602.051031834013, -27379.143521683636, -57341.321687855925, -44587.72922608009, -0.026000000000000002, 0.914, -0.34800000000000003, 192.0, 0.0, 0.0, 0.0, 0.0, 0.0, 0.0, 0.0, 0.0, 0.0, 1.741279698746524E9, 0.0, 2025-03-06 10:48:18.746
246.0, -38748.78302202022, -45127.92618607595, -50563.19988527297, -49564.59099824321, -24671.22968092319, -27382.473931607477, -57336.694876753674, -44598.9274500522, -0.026000000000000002, 0.914, -0.34800000000000003, 192.0, 0.0, 0.0, 0.0, 0.0, 0.0, 0.0, 0.0, 0.0, 0.0, 1.741279698746538E9, 0.0, 2025-03-06 10:48:18.746
247.0, -38751.86756275506, -45130.94367157742, -50566.15031554107, -49568.14492561161, -24716.93899833429, -27388.28538516586, -57340.47232156662, -44591.618429615315, -0.026000000000000002, 0.914, -0.34800000000000003, 192.0, 0.0, 0.0, 0.0, 0.0, 0.0, 0.0, 0.0, 0.0, 0.0, 1.741279698746552E9, 0.0, 2025-03-06 10:48:18.746
248.0, -38743.79858300669, -45130.898968088506, -50564.00454807336, -49576.43742280453, -24692.508541644638, -27398.32131842629, -57346.06025768045, -44580.86724053231, -0.026000000000000002, 0.914, -0.34800000000000003, 192.0, 0.0, 0.0, 0.0, 0.0, 0.0, 0.0, 0.0, 0.0, 0.0, 1.741279698746565E9, 0.0, 2025-03-06 10:48:18.746
249.0, -38757.120222702055, -45145.002918839804, -50576.94620811298, -49585.71339675348, -24661.283154640576, -27409.407783676124, -57364.76866778954, -44603.66601987672, -0.026000000000000002, 0.914, -0.34800000000000003, 192.0, 0.0, 0.0, 0.0, 0.0, 0.0, 0.0, 0.0, 0.0, 0.0, 1.741279698746579E9, 0.0, 2025-03-06 10:48:18.746
250.0, -38761.99290299331, -45149.428564241956, -50574.71103366745, -49583.277056607854, -24726.79611763908, -27401.539969627855, -57356.49852234108, -44614.43956070418, -0.026000000000000002, 0.92, -0.34600000000000003, 192.0, 255.0, 48.0, 28.0, 192.0, 245.0, 48.0, 0.0, 0.0, 0.0, 1.741279698746596E9, 0.0, 2025-03-06 10:48:18.746
251.0, -38757.58960933562, -45142.61128218309, -50564.384527729104, -49578.2032106165, -24785.625909045448, -27406.79262957485, -57352.13993217229, -44613.411380459234, -0.026000000000000002, 0.92, -0.34600000000000003, 192.0, 0.0, 0.0, 0.0, 0.0, 0.0, 0.0, 0.0, 0.0, 0.0, 1.741279698746613E9, 0.0, 2025-03-06 10:48:18.746
252.0, -38765.72564431735, -45148.154514808004, -50577.19207730199, -49588.35090259921, -24763.452978545785, -27430.463126953022, -57371.11656321485, -44630.890444623285, -0.026000000000000002, 0.92, -0.34600000000000003, 192.0, 0.0, 0.0, 0.0, 0.0, 0.0, 0.0, 0.0, 0.0, 0.0, 1.74127969874663E9, 0.0, 2025-03-06 10:48:18.746
253.0, -38772.6993885874, -45158.39161376854, -50587.29506579579, -49595.27994338035, -24736.51912647714, -27446.91401087213, -57377.01742375105, -44637.953595871164, -0.026000000000000002, 0.92, -0.34600000000000003, 192.0, 0.0, 0.0, 0.0, 0.0, 0.0, 0.0, 0.0, 0.0, 0.0, 1.741279698805966E9, 0.0, 2025-03-06 10:48:18.805
254.0, -38783.22706022586, -45167.44407027293, -50594.62643797713, -49606.23229816345, -24774.025353673143, -27455.027694109405, -57381.867752297854, -44636.09840108138, -0.026000000000000002, 0.92, -0.34600000000000003, 192.0, 0.0, 0.0, 0.0, 0.0, 0.0, 0.0, 0.0, 0.0, 0.0, 1.741279698805991E9, 0.0, 2025-03-06 10:48:18.805
255.0, -38794.91702257598, -45181.45861404641, -50610.40676956258, -49623.57725186077, -24794.43249636084, -27463.05197036886, -57395.23409548213, -44651.878732666824, -0.026000000000000002, 0.92, -0.34600000000000003, 192.0, 0.0, 0.0, 0.0, 0.0, 0.0, 0.0, 0.0, 0.0, 0.0, 1.741279698806005E9, 0.0, 2025-03-06 10:48:18.806
0.0, -38794.872319087066, -45182.0174076578, -50617.04523766581, -49626.43827515105, -24789.0010224582, -27456.122929587716, -57392.75305184759, -44644.2344360631, -0.026000000000000002, 0.92, -0.34600000000000003, 192.0, 0.0, 0.0, 0.0, 0.0, 0.0, 0.0, 0.0, 0.0, 0.0, 1.741279698806018E9, 0.0, 2025-03-06 10:48:18.806
1.0, -38817.82756064267, -45204.81618700221, -50634.993688463415, -49644.47613292648, -24741.57062072404, -27470.830377439306, -57411.79673812351, -44667.10027064088, -0.026000000000000002, 0.92, -0.34600000000000003, 192.0, 0.0, 0.0, 0.0, 0.0, 0.0, 0.0, 0.0, 0.0, 0.0, 1.741279698806041E9, 0.0, 2025-03-06 10:48:18.806
2.0, -38822.32026127819, -45211.94639348345, -50634.59135706322, -49647.96300506151, -24773.488911806216, -27489.00234568147, -57425.632467941345, -44683.84172723791, -0.026000000000000002, 0.92, -0.34600000000000003, 192.0, 0.0, 0.0, 0.0, 0.0, 0.0, 0.0, 0.0, 0.0, 0.0, 1.741279698806054E9, 0.0, 2025-03-06 10:48:18.806
3.0, -38809.3115460052, -45201.418721845, -50623.88487146913, -49635.17780723308, -24815.264322193187, -27481.939194433595, -57419.686903916234, -44671.81648872096, -0.026000000000000002, 0.92, -0.34600000000000003, 192.0, 0.0, 0.0, 0.0, 0.0, 0.0, 0.0, 0.0, 0.0, 0.0, 1.741279698806068E9, 0.0, 2025-03-06 10:48:18.806
4.0, -38808.17160703798, -45204.19033815746, -50627.30468837079, -49638.016478778896, -24827.043691521132, -27480.687496744096, -57420.49156671662, -44666.40736656277, -0.036000000000000004, 0.924, -0.34600000000000003, 192.0, 254.0, 224.0, 28.0, 224.0, 245.0, 48.0, 0.0, 0.0, 0.0, 1.741279698806081E9, 0.0, 2025-03-06 10:48:18.806
5.0, -38820.599176955126, -45219.76950404281, -50644.001441478904, -49656.680185399084, -24796.33239463954, -27493.137418405702, -57428.31467727598, -44658.33838681441, -0.036000000000000004, 0.924, -0.34600000000000003, 192.0, 0.0, 0.0, 0.0, 0.0, 0.0, 0.0, 0.0, 0.0, 0.0, 1.741279698806096E9, 0.0, 2025-03-06 10:48:18.806
6.0, -38835.46308701791, -45230.81126580373, -50650.48344737094, -49661.4187552236, -24828.42949967736, -27497.697174274588, -57434.61786921238, -44682.67943652623, -0.036000000000000004, 0.924, -0.34600000000000003, 192.0, 0.0, 0.0, 0.0, 0.0, 0.0, 0.0, 0.0, 0.0, 0.0, 1.74127969880611E9, 0.0, 2025-03-06 10:48:18.806
7.0, -38848.87413369109, -45239.97548103041, -50662.59809286572, -49666.4255459816, -24881.000802636245, -27504.894435989194, -57457.439000301245, -44724.25368121311, -0.036000000000000004, 0.924, -0.34600000000000003, 192.0, 0.0, 0.0, 0.0, 0.0, 0.0, 0.0, 0.0, 0.0, 0.0, 1.741279698806123E9, 0.0, 2025-03-06 10:48:18.806
8.0, -38864.63211353208, -45259.19798126197, -50678.3113692178, -49683.50227874545, -24881.179616591886, -27520.25008442999, -57472.01233768611, -44743.47618144467, -0.036000000000000004, 0.924, -0.34600000000000003, 192.0, 0.0, 0.0, 0.0, 0.0, 0.0, 0.0, 0.0, 0.0, 0.0, 1.741279698806137E9, 0.0, 2025-03-06 10:48:18.806
9.0, -38868.74483451186, -45271.78201339031, -50679.093680273734, -49696.75686320745, -24846.95909583081, -27517.277302417435, -57476.99677669964, -44741.978614566164, -0.036000000000000004, 0.924, -0.34600000000000003, 192.0, 0.0, 0.0, 0.0, 0.0, 0.0, 0.0, 0.0, 0.0, 0.0, 1.741279698806151E9, 0.0, 2025-03-06 10:48:18.806
10.0, -38882.78173002979, -45279.940400116495, -50688.973151322985, -49704.89289818918, -24864.77343616169, -27523.468735631555, -57476.37092785489, -44711.714352573676, -0.036000000000000004, 0.924, -0.34600000000000003, 192.0, 0.0, 0.0, 0.0, 0.0, 0.0, 0.0, 0.0, 0.0, 0.0, 1.741279698806173E9, 0.0, 2025-03-06 10:48:18.806
11.0, -38899.79140756028, -45285.2377635524, -50707.1674713096, -49705.608154011745, -24924.74316653528, -27533.63877935872, -57495.66048331982, -44763.68215843227, -0.036000000000000004, 0.924, -0.34600000000000003, 192.0, 0.0, 0.0, 0.0, 0.0, 0.0, 0.0, 0.0, 0.0, 0.0, 1.741279698806187E9, 0.0, 2025-03-06 10:48:18.806
12.0, -38905.26758495183, -45293.01617062285, -50717.56103248132, -49717.25341287296, -24934.846155029078, -27550.424939444656, -57511.86549804992, -44780.06598711801, -0.036000000000000004, 0.924, -0.34600000000000003, 192.0, 0.0, 0.0, 0.0, 0.0, 0.0, 0.0, 0.0, 0.0, 0.0, 1.741279698865635E9, 0.0, 2025-03-06 10:48:18.865
13.0, -38899.65729709355, -45295.78778693531, -50719.03624761537, -49723.243680386986, -24897.49639004426, -27561.73492213904, -57519.62155337591, -44767.45960324522, -0.036000000000000004, 0.924, -0.34600000000000003, 192.0, 0.0, 0.0, 0.0, 0.0, 0.0, 0.0, 0.0, 0.0, 0.0, 1.741279698865659E9, 0.0, 2025-03-06 10:48:18.865
14.0, -38911.8837013106, -45312.01515340986, -50734.03426814488, -49741.59446258479, -24883.54890150415, -27575.59300370133, -57533.0326000491, -44793.231164602184, -0.04, 0.932, -0.34400000000000003, 192.0, 254.0, 192.0, 29.0, 32.0, 245.0, 64.0, 0.0, 0.0, 0.0, 1.741279698865673E9, 0.0, 2025-03-06 10:48:18.865
15.0, -38923.84188459419, -45324.55448204929, -50746.03715491738, -49753.79851505739, -24920.429279855405, -27580.622146203776, -57540.073399552515, -44804.71996125221, -0.04, 0.932, -0.34400000000000003, 192.0, 0.0, 0.0, 0.0, 0.0, 0.0, 0.0, 0.0, 0.0, 0.0, 1.741279698865688E9, 0.0, 2025-03-06 10:48:18.865
16.0, -38921.71846887094, -45326.566139050265, -50746.55124503985, -49764.192076229105, -24955.856794817068, -27585.89715789523, -57539.73812338569, -44814.264156134624, -0.04, 0.932, -0.34400000000000003, 192.0, 0.0, 0.0, 0.0, 0.0, 0.0, 0.0, 0.0, 0.0, 0.0, 1.741279698865711E9, 0.0, 2025-03-06 10:48:18.865
17.0, -38931.21796026444, -45340.98301422394, -50759.291739379376, -49777.53606766892, -24919.445803099374, -27588.08762885185, -57549.6846496683, -44854.87727580992, -0.04, 0.932, -0.34400000000000003, 192.0, 0.0, 0.0, 0.0, 0.0, 0.0, 0.0, 0.0, 0.0, 0.0, 1.741279698865724E9, 0.0, 2025-03-06 10:48:18.865
18.0, -38944.04786158179, -45353.52234286336, -50770.35585288476, -49788.84605036331, -24888.198064350854, -27601.87865518077, -57557.57481546102, -44850.36222342995, -0.04, 0.932, -0.34400000000000003, 192.0, 0.0, 0.0, 0.0, 0.0, 0.0, 0.0, 0.0, 0.0, 0.0, 1.741279698865737E9, 0.0, 2025-03-06 10:48:18.865
19.0, -38931.620291664636, -45340.893607246115, -50754.79903874386, -49778.13956476922, -24958.159024495963, -27604.337347070858, -57551.048106080074, -44827.764609785634, -0.04, 0.932, -0.34400000000000003, 192.0, 0.0, 0.0, 0.0, 0.0, 0.0, 0.0, 0.0, 0.0, 0.0, 1.741279698865751E9, 0.0, 2025-03-06 10:48:18.865
20.0, -38932.40260272058, -45339.77602002335, -50754.530817810395, -49771.679910621635, -24997.520446481758, -27612.115754141305, -57558.55829221706, -44825.77530452911, -0.04, 0.932, -0.34400000000000003, 192.0, 0.0, 0.0, 0.0, 0.0, 0.0, 0.0, 0.0, 0.0, 0.0, 1.741279698865764E9, 0.0, 2025-03-06 10:48:18.865
21.0, -38950.507515729376, -45356.51747662038, -50775.586161087296, -49791.72942539804, -24967.03266704472, -27637.03794920897, -57576.50674301467, -44837.286452923596, -0.04, 0.932, -0.34400000000000003, 192.0, 0.0, 0.0, 0.0, 0.0, 0.0, 0.0, 0.0, 0.0, 0.0, 1.741279698865778E9, 0.0, 2025-03-06 10:48:18.865
22.0, -38963.96326589147, -45372.54367739483, -50786.31499842584, -49806.30276278291, -24928.386500881494, -27646.738606302573, -57589.51545828766, -44844.17079021583, -0.04, 0.932, -0.34400000000000003, 192.0, 0.0, 0.0, 0.0, 0.0, 0.0, 0.0, 0.0, 0.0, 0.0, 1.741279698865791E9, 0.0, 2025-03-06 10:48:18.865
23.0, -38961.07989085673, -45374.42122392908, -50780.59295184528, -49802.637076692234, -24961.712951864356, -27638.311998642923, -57587.16852511985, -44844.193141960284, -0.04, 0.932, -0.34400000000000003, 192.0, 0.0, 0.0, 0.0, 0.0, 0.0, 0.0, 0.0, 0.0, 0.0, 1.741279698865805E9, 0.0, 2025-03-06 10:48:18.865
24.0, -38953.74851867539, -45366.84398255873, -50774.75914654245, -49791.43885272013, -25008.38339428704, -27629.527763071987, -57584.39690880739, -44845.06485999404, -0.034, 0.92, -0.35000000000000003, 192.0, 254.0, 240.0, 28.0, 192.0, 245.0, 16.0, 0.0, 0.0, 0.0, 1.741279698865819E9, 0.0, 2025-03-06 10:48:18.865
25.0, -38956.76600417686, -45372.4095669281, -50784.258637935956, -49797.16089930069, -24989.339708011117, -27635.115699185815, -57590.65539725488, -44838.1358192129, -0.034, 0.92, -0.35000000000000003, 192.0, 0.0, 0.0, 0.0, 0.0, 0.0, 0.0, 0.0, 0.0, 0.0, 1.741279698865837E9, 0.0, 2025-03-06 10:48:18.865
26.0, -38984.05748415679, -45394.62720091667, -50807.79502484739, -49816.6069169768, -24928.69942530387, -27643.43054812319, -57607.21803989626, -44862.722738113735, -0.034, 0.92, -0.35000000000000003, 192.0, 0.0, 0.0, 0.0, 0.0, 0.0, 0.0, 0.0, 0.0, 0.0, 1.741279698865853E9, 0.0, 2025-03-06 10:48:18.865
27.0, -38991.99235343842, -45398.784625385364, -50808.73379811452, -49816.629268721255, -24973.872300848045, -27637.932018987183, -57604.75934800618, -44854.29613045408, -0.034, 0.92, -0.35000000000000003, 192.0, 0.0, 0.0, 0.0, 0.0, 0.0, 0.0, 0.0, 0.0, 0.0, 1.741279698925963E9, 0.0, 2025-03-06 10:48:18.925
28.0, -38998.4073040971, -45408.999372601436, -50821.47429245404, -49826.084056625856, -25008.025766375755, -27655.835766295884, -57616.4493103563, -44854.87727580992, -0.034, 0.92, -0.35000000000000003, 192.0, 0.0, 0.0, 0.0, 0.0, 0.0, 0.0, 0.0, 0.0, 0.0, 1.741279698925986E9, 0.0, 2025-03-06 10:48:18.925
29.0, -38997.468530829974, -45411.34630576924, -50819.57439417534, -49822.373667046275, -24993.027745846244, -27657.24392619657, -57624.518290104665, -44883.487508712715, -0.034, 0.92, -0.35000000000000003, 192.0, 0.0, 0.0, 0.0, 0.0, 0.0, 0.0, 0.0, 0.0, 0.0, 1.741279698926E9, 0.0, 2025-03-06 10:48:18.926
30.0, -39004.91166173359, -45426.70195421004, -50830.035010580425, -49838.62338526528, -24927.715948547837, -27667.57043213492, -57635.18007220985, -44891.82470939454, -0.034, 0.92, -0.35000000000000003, 192.0, 0.0, 0.0, 0.0, 0.0, 0.0, 0.0, 0.0, 0.0, 0.0, 1.741279698926013E9, 0.0, 2025-03-06 10:48:18.926
31.0, -39018.63563282915, -45440.113000883226, -50839.51215022948, -49849.352222603826, -24941.8869545325, -27662.13895823228, -57633.03430474214, -44879.19597377729, -0.034, 0.92, -0.35000000000000003, 192.0, 0.0, 0.0, 0.0, 0.0, 0.0, 0.0, 0.0, 0.0, 0.0, 1.741279698926035E9, 0.0, 2025-03-06 10:48:18.926
32.0, -39023.620071842684, -45446.70676549754, -50845.92710088815, -49855.3201383734, -24989.451466733393, -27661.75897857654, -57635.69416233232, -44873.22805800773, -0.034, 0.92, -0.35000000000000003, 192.0, 0.0, 0.0, 0.0, 0.0, 0.0, 0.0, 0.0, 0.0, 0.0, 1.741279698926048E9, 0.0, 2025-03-06 10:48:18.926
33.0, -39033.119563236185, -45454.46282082353, -50856.38771729323, -49864.462001855616, -24986.61279518757, -27675.460597927642, -57644.14312173642, -44870.54584867309, -0.034, 0.92, -0.35000000000000003, 192.0, 0.0, 0.0, 0.0, 0.0, 0.0, 0.0, 0.0, 0.0, 0.0, 1.741279698926062E9, 0.0, 2025-03-06 10:48:18.926
34.0, -39046.50825816492, -45468.18679191909, -50872.39156632323, -49879.05769098493, -24910.25923612824, -27695.085429559404, -57668.97590982627, -44900.58659322102, -0.034, 0.918, -0.34400000000000003, 192.0, 254.0, 240.0, 28.0, 176.0, 245.0, 64.0, 0.0, 0.0, 0.0, 1.741279698926076E9, 0.0, 2025-03-06 10:48:18.926
35.0, -39060.72396763849, -45480.793175791885, -50879.745290249026, -49887.238429455574, -24904.26896861422, -27698.751115650073, -57674.027404073175, -44895.82567165204, -0.034, 0.918, -0.34400000000000003, 192.0, 0.0, 0.0, 0.0, 0.0, 0.0, 0.0, 0.0, 0.0, 0.0, 1.74127969892609E9, 0.0, 2025-03-06 10:48:18.926
36.0, -39058.93582808207, -45485.06235898285, -50878.292426859436, -49898.36959819432, -24952.45932965986, -27705.92602562023, -57679.50358146472, -44888.0472645816, -0.034, 0.918, -0.34400000000000003, 192.0, 0.0, 0.0, 0.0, 0.0, 0.0, 0.0, 0.0, 0.0, 0.0, 1.741279698926104E9, 0.0, 2025-03-06 10:48:18.926
37.0, -39052.47617393448, -45483.96712350454, -50878.694758259626, -49897.34141794937, -24969.737228123813, -27709.94933962218, -57690.07595659208, -44934.69535525982, -0.034, 0.918, -0.34400000000000003, 192.0, 0.0, 0.0, 0.0, 0.0, 0.0, 0.0, 0.0, 0.0, 0.0, 1.741279698926117E9, 0.0, 2025-03-06 10:48:18.926
38.0, -39065.842517118755, -45501.80381557987, -50900.62181957028, -49914.440502457684, -24907.01823318222, -27727.763679953063, -57712.74062546976, -44962.27740791767, -0.034, 0.918, -0.34400000000000003, 192.0, 0.0, 0.0, 0.0, 0.0, 0.0, 0.0, 0.0, 0.0, 0.0, 1.741279698926131E9, 0.0, 2025-03-06 10:48:18.926
39.0, -39072.65979917763, -45510.431588939624, -50906.76854929549, -49925.16933979623, -24891.997860908254, -27738.76073822507, -57714.215840603814, -44945.31243387609, -0.034, 0.918, -0.34400000000000003, 192.0, 0.0, 0.0, 0.0, 0.0, 0.0, 0.0, 0.0, 0.0, 0.0, 1.741279698926146E9, 0.0, 2025-03-06 10:48:18.926
40.0, -39071.13988055466, -45503.48019641402, -50902.544069593445, -49910.43954020018, -24937.193088196887, -27744.90746795028, -57719.37909357299, -44994.53097516668, -0.034, 0.918, -0.34400000000000003, 192.0, 0.0, 0.0, 0.0, 0.0, 0.0, 0.0, 0.0, 0.0, 0.0, 1.741279698926164E9, 0.0, 2025-03-06 10:48:18.926
41.0, -39070.53638345437, -45500.48506265701, -50900.93474399266, -49907.73497912109, -24961.735303608813, -27736.704377735186, -57711.46657603581, -44966.390128897445, -0.034, 0.918, -0.34400000000000003, 192.0, 0.0, 0.0, 0.0, 0.0, 0.0, 0.0, 0.0, 0.0, 0.0, 1.741279698926181E9, 0.0, 2025-03-06 10:48:18.926
42.0, -39076.817223646314, -45505.33539120381, -50905.472148117085, -49919.64845891577, -24944.59151561159, -27751.5012325646, -57710.46074753532, -44950.36392812299, -0.034, 0.918, -0.34400000000000003, 192.0, 0.0, 0.0, 0.0, 0.0, 0.0, 0.0, 0.0, 0.0, 0.0, 1.74127969898621E9, 0.0, 2025-03-06 10:48:18.986
43.0, -39099.057209379345, -45524.35672573528, -50923.085322747866, -49943.49777024958, -24910.0804221726, -27774.74704679812, -57734.75709375824, -44968.67000683189, -0.034, 0.918, -0.34400000000000003, 192.0, 0.0, 0.0, 0.0, 0.0, 0.0, 0.0, 0.0, 0.0, 0.0, 1.741279698986227E9, 0.0, 2025-03-06 10:48:18.986
44.0, -39095.57033724432, -45529.38586823772, -50919.30787793492, -49944.68241270571, -24937.081329474608, -27773.003610730604, -57746.67057355292, -45014.26756552071, -0.028, 0.918, -0.34400000000000003, 192.0, 255.0, 32.0, 28.0, 176.0, 245.0, 64.0, 0.0, 0.0, 0.0, 1.741279698986241E9, 0.0, 2025-03-06 10:48:18.986
45.0, -39092.7763691874, -45535.35378400729, -50927.80154082794, -49952.617281987346, -24956.214422728353, -27777.02692473256, -57758.06996322513, -45028.79619941666, -0.028, 0.918, -0.34400000000000003, 192.0, 0.0, 0.0, 0.0, 0.0, 0.0, 0.0, 0.0, 0.0, 0.0, 1.741279698986256E9, 0.0, 2025-03-06 10:48:18.986
46.0, -39093.178700587596, -45536.60548169679, -50933.36712519731, -49960.574503013435, -24937.55071610817, -27790.16975047228, -57760.2827859262, -45009.84192011856, -0.028, 0.918, -0.34400000000000003, 192.0, 0.0, 0.0, 0.0, 0.0, 0.0, 0.0, 0.0, 0.0, 0.0, 1.741279698986273E9, 0.0, 2025-03-06 10:48:18.986
47.0, -39113.56349153084, -45549.48008650304, -50947.135799781776, -49964.10607863737, -24903.956044191844, -27796.11531449739, -57767.50239938527, -45012.21120503083, -0.028, 0.918, -0.34400000000000003, 192.0, 0.0, 0.0, 0.0, 0.0, 0.0, 0.0, 0.0, 0.0, 0.0, 1.741279698986286E9, 0.0, 2025-03-06 10:48:18.986
48.0, -39130.66257603915, -45558.465487774076, -50959.31750050992, -49966.81063971647, -24941.283457432208, -27798.35048894292, -57770.7881058202, -45017.776789400195, -0.028, 0.918, -0.34400000000000003, 192.0, 0.0, 0.0, 0.0, 0.0, 0.0, 0.0, 0.0, 0.0, 0.0, 1.7412796989863E9, 0.0, 2025-03-06 10:48:18.986
49.0, -39124.426439336115, -45552.87755166025, -50956.367070241824, -49968.12939263933, -24984.824655631146, -27805.771268102082, -57771.45865815385, -44996.9226118234, -0.028, 0.918, -0.34400000000000003, 192.0, 0.0, 0.0, 0.0, 0.0, 0.0, 0.0, 0.0, 0.0, 0.0, 1.741279698986313E9, 0.0, 2025-03-06 10:48:18.986
50.0, -39120.716049756535, -45556.02914762845, -50955.94238709717, -49973.82908747543, -24973.42526595894, -27804.452515179222, -57779.70645185786, -45021.75539991324, -0.028, 0.918, -0.34400000000000003, 192.0, 0.0, 0.0, 0.0, 0.0, 0.0, 0.0, 0.0, 0.0, 0.0, 1.741279698986327E9, 0.0, 2025-03-06 10:48:18.986
51.0, -39133.68006154062, -45570.60248501331, -50967.81116340294, -49982.34510211291, -24911.622692540015, -27798.953986043216, -57789.67532988493, -45030.986670373284, -0.028, 0.918, -0.34400000000000003, 192.0, 0.0, 0.0, 0.0, 0.0, 0.0, 0.0, 0.0, 0.0, 0.0, 1.74127969898634E9, 0.0, 2025-03-06 10:48:18.986
52.0, -39149.79566929289, -45582.60537178581, -50977.265951307534, -49985.56375331447, -24946.46906214584, -27796.830570319962, -57786.09905077208, -45011.965335841815, -0.028, 0.918, -0.34400000000000003, 192.0, 0.0, 0.0, 0.0, 0.0, 0.0, 0.0, 0.0, 0.0, 0.0, 1.741279698986353E9, 0.0, 2025-03-06 10:48:18.986
53.0, -39163.96667527755, -45600.10678769431, -50991.2357915921, -50001.388788388824, -24984.51173120877, -27809.45930593721, -57797.16316427746, -45020.794274901666, -0.028, 0.918, -0.34400000000000003, 192.0, 0.0, 0.0, 0.0, 0.0, 0.0, 0.0, 0.0, 0.0, 0.0, 1.741279698986367E9, 0.0, 2025-03-06 10:48:18.986
54.0, -39155.9423990181, -45599.570345827386, -50987.95008515717, -50003.33339015644, -24983.61766143056, -27813.437916450253, -57798.83954511161, -45015.832187632586, -0.034, 0.922, -0.34400000000000003, 192.0, 254.0, 240.0, 28.0, 208.0, 245.0, 64.0, 0.0, 0.0, 0.0, 1.74127969898638E9, 0.0, 2025-03-06 10:48:18.986
55.0, -39166.22420146754, -45613.22726168958, -51000.9364486857, -50017.28087869655, -24923.44676535687, -27833.845059137948, -57817.52560347624, -45048.51043802624, -0.034, 0.922, -0.34400000000000003, 192.0, 0.0, 0.0, 0.0, 0.0, 0.0, 0.0, 0.0, 0.0, 0.0, 1.741279698986399E9, 0.0, 2025-03-06 10:48:18.986
56.0, -39171.63332362573, -45616.93765126916, -51001.20466961917, -50016.20799496269, -24945.284419689706, -27827.094832312447, -57810.1942312949, -45024.839940648075, -0.034, 0.922, -0.34400000000000003, 192.0, 0.0, 0.0, 0.0, 0.0, 0.0, 0.0, 0.0, 0.0, 0.0, 1.741279698986415E9, 0.0, 2025-03-06 10:48:18.986
57.0, -39182.585678408825, -45625.297203695445, -51011.08414066841, -50023.360553188395, -24994.860588891577, -27830.44759398074, -57814.48576623032, -45042.877798423506, -0.034, 0.922, -0.34400000000000003, 192.0, 0.0, 0.0, 0.0, 0.0, 0.0, 0.0, 0.0, 0.0, 0.0, 1.741279699046562E9, 0.0, 2025-03-06 10:48:19.046
58.0, -39194.18623378113, -45638.06004977942, -51027.80324552098, -50040.90667258581, -24999.800324416203, -27842.472832497697, -57830.15433909349, -45060.80389747666, -0.034, 0.922, -0.34400000000000003, 192.0, 0.0, 0.0, 0.0, 0.0, 0.0, 0.0, 0.0, 0.0, 0.0, 1.741279699046579E9, 0.0, 2025-03-06 10:48:19.046
59.0, -39185.93844007712, -45641.144590514254, -51025.59042281991, -50048.61802442289, -24966.496225177794, -27850.921791901805, -57836.97162115236, -45050.18681886039, -0.034, 0.922, -0.34400000000000003, 192.0, 0.0, 0.0, 0.0, 0.0, 0.0, 0.0, 0.0, 0.0, 0.0, 1.741279699046593E9, 0.0, 2025-03-06 10:48:19.046
60.0, -39186.005495310485, -45643.35741321533, -51024.83046350843, -50047.65689941131, -24965.713914121858, -27864.578707763998, -57841.77724621025, -45057.33937708609, -0.034, 0.922, -0.34400000000000003, 192.0, 0.0, 0.0, 0.0, 0.0, 0.0, 0.0, 0.0, 0.0, 0.0, 1.741279699046606E9, 0.0, 2025-03-06 10:48:19.046
61.0, -39189.80529186789, -45645.570235916406, -51028.54085308801, -50054.47418147018, -25020.118060126075, -27874.011143924137, -57843.900661933505, -45049.82919094911, -0.034, 0.922, -0.34400000000000003, 192.0, 0.0, 0.0, 0.0, 0.0, 0.0, 0.0, 0.0, 0.0, 0.0, 1.741279699046624E9, 0.0, 2025-03-06 10:48:19.046
62.0, -39198.2989547609, -45653.79567787596, -51038.06269622597, -50062.74432691865, -25041.128699914065, -27880.51550156063, -57850.87440620356, -45037.558083243144, -0.034, 0.922, -0.34400000000000003, 192.0, 0.0, 0.0, 0.0, 0.0, 0.0, 0.0, 0.0, 0.0, 0.0, 1.741279699046647E9, 0.0, 2025-03-06 10:48:19.046
63.0, -39206.61380369828, -45657.37195698881, -51042.30952767248, -50064.64422519734, -24982.298908507695, -27886.70693477475, -57859.97156619687, -45108.033133510726, -0.034, 0.922, -0.34400000000000003, 192.0, 0.0, 0.0, 0.0, 0.0, 0.0, 0.0, 0.0, 0.0, 0.0, 1.741279699046661E9, 0.0, 2025-03-06 10:48:19.046
64.0, -39224.00346088451, -45669.397195505764, -51049.126809731344, -50071.70737644522, -24958.78487334071, -27888.651536542362, -57879.149362939526, -45165.03008187176, -0.036000000000000004, 0.924, -0.34600000000000003, 192.0, 254.0, 224.0, 28.0, 224.0, 245.0, 48.0, 0.0, 0.0, 0.0, 1.741279699046674E9, 0.0, 2025-03-06 10:48:19.046
65.0, -39218.28141430395, -45673.68873044119, -51043.38241140633, -50080.58101899398, -25015.37949030155, -27903.448391371774, -57880.19989492893, -45146.81341014068, -0.036000000000000004, 0.924, -0.34600000000000003, 192.0, 0.0, 0.0, 0.0, 0.0, 0.0, 0.0, 0.0, 0.0, 0.0, 1.74127969904669E9, 0.0, 2025-03-06 10:48:19.046
66.0, -39213.699306690614, -45682.74118694558, -51047.09280098591, -50098.216545369214, -25024.990740417332, -27918.692281090294, -57890.325235167176, -45143.63946242803, -0.036000000000000004, 0.924, -0.34600000000000003, 192.0, 0.0, 0.0, 0.0, 0.0, 0.0, 0.0, 0.0, 0.0, 0.0, 1.741279699046703E9, 0.0, 2025-03-06 10:48:19.046
67.0, -39226.59626324133, -45690.56429750494, -51063.27546397156, -50104.76560649462, -24973.648783403492, -27918.222894456732, -57898.26010444881, -45129.64727039901, -0.036000000000000004, 0.924, -0.34600000000000003, 192.0, 0.0, 0.0, 0.0, 0.0, 0.0, 0.0, 0.0, 0.0, 0.0, 1.741279699046717E9, 0.0, 2025-03-06 10:48:19.046
68.0, -39250.758498997515, -45701.494300543585, -51085.269580515574, -50107.55957455154, -24939.517669620236, -27932.595066141497, -57909.32421795419, -45155.95527362291, -0.036000000000000004, 0.924, -0.34600000000000003, 192.0, 0.0, 0.0, 0.0, 0.0, 0.0, 0.0, 0.0, 0.0, 0.0, 1.74127969904673E9, 0.0, 2025-03-06 10:48:19.046
69.0, -39264.035435203965, -45716.40291409528, -51092.80211839701, -50125.26215616014, -24988.8479696331, -27938.697092377795, -57912.94520055595, -45131.100133788605, -0.036000000000000004, 0.924, -0.34600000000000003, 192.0, 0.0, 0.0, 0.0, 0.0, 0.0, 0.0, 0.0, 0.0, 0.0, 1.741279699046744E9, 0.0, 2025-03-06 10:48:19.046
70.0, -39253.08308042087, -45718.213405396156, -51082.81088862549, -50123.049333459065, -25020.207467103897, -27931.410423685364, -57914.710988367915, -45145.6064159401, -0.036000000000000004, 0.924, -0.34600000000000003, 192.0, 0.0, 0.0, 0.0, 0.0, 0.0, 0.0, 0.0, 0.0, 0.0, 1.741279699046761E9, 0.0, 2025-03-06 10:48:19.046
71.0, -39260.77208051349, -45725.00833571057, -51093.45031898622, -50122.982278225696, -24963.32227746514, -27941.42400520134, -57928.837290863674, -45170.32744530767, -0.036000000000000004, 0.924, -0.34600000000000003, 192.0, 0.0, 0.0, 0.0, 0.0, 0.0, 0.0, 0.0, 0.0, 0.0, 1.741279699046779E9, 0.0, 2025-03-06 10:48:19.046
72.0, -39265.6671125492, -45724.44954209919, -51095.93136262076, -50118.355467123445, -24933.728567806313, -27945.29085699211, -57927.04915130725, -45155.53059047826, -0.036000000000000004, 0.924, -0.34600000000000003, 192.0, 0.0, 0.0, 0.0, 0.0, 0.0, 0.0, 0.0, 0.0, 0.0, 1.741279699106764E9, 0.0, 2025-03-06 10:48:19.106
73.0, -39270.048054462444, -45723.868396743346, -51093.40561549731, -50114.868594988424, -25003.153086084498, -27943.659179646875, -57919.69542738145, -45129.33434597663, -0.036000000000000004, 0.924, -0.34600000000000003, 192.0, 0.0, 0.0, 0.0, 0.0, 0.0, 0.0, 0.0, 0.0, 0.0, 1.741279699106782E9, 0.0, 2025-03-06 10:48:19.106
74.0, -39277.8711650218, -45730.70803054667, -51099.038255100044, -50119.87538574641, -25065.134473459064, -27945.58142967003, -57920.29892448174, -45147.55101770771, -0.04, 0.918, -0.34800000000000003, 192.0, 254.0, 192.0, 28.0, 176.0, 245.0, 32.0, 0.0, 0.0, 0.0, 1.741279699106796E9, 0.0, 2025-03-06 10:48:19.106
75.0, -39296.44546466416, -45752.38922266832, -51120.384171054866, -50139.03083074461, -25046.470766838884, -27959.998304843702, -57949.78087541829, -45199.407064844025, -0.04, 0.918, -0.34800000000000003, 192.0, 0.0, 0.0, 0.0, 0.0, 0.0, 0.0, 0.0, 0.0, 0.0, 1.741279699106811E9, 0.0, 2025-03-06 10:48:19.106
76.0, -39299.73117109909, -45762.11223150638, -51125.94975542423, -50146.71983083723, -24985.71872540936, -27967.709656680785, -57959.05684936725, -45180.89982043503, -0.04, 0.918, -0.34800000000000003, 192.0, 0.0, 0.0, 0.0, 0.0, 0.0, 0.0, 0.0, 0.0, 0.0, 1.741279699106824E9, 0.0, 2025-03-06 10:48:19.106
77.0, -39309.0294967925, -45770.494135677116, -51131.291822349056, -50154.27472046312, -25009.81390593218, -27975.756284684692, -57964.15304710306, -45173.59079999814, -0.04, 0.918, -0.34800000000000003, 192.0, 0.0, 0.0, 0.0, 0.0, 0.0, 0.0, 0.0, 0.0, 0.0, 1.741279699106845E9, 0.0, 2025-03-06 10:48:19.106
78.0, -39311.510540427036, -45774.18217351224, -51135.73981949566, -50156.12991525292, -25070.43183689497, -27972.269412549667, -57968.75750646085, -45173.83666918715, -0.04, 0.918, -0.34800000000000003, 192.0, 0.0, 0.0, 0.0, 0.0, 0.0, 0.0, 0.0, 0.0, 0.0, 1.741279699106859E9, 0.0, 2025-03-06 10:48:19.106
79.0, -39319.5795201754, -45787.68262716325, -51149.77671501359, -50175.53122944012, -25067.235537437864, -27980.49485450922, -57984.64959676858, -45185.414872815, -0.04, 0.918, -0.34800000000000003, 192.0, 0.0, 0.0, 0.0, 0.0, 0.0, 0.0, 0.0, 0.0, 0.0, 1.741279699106873E9, 0.0, 2025-03-06 10:48:19.106
80.0, -39337.103287828366, -45803.88764189335, -51171.212037946236, -50191.60213370349, -25009.925664654456, -28004.54533154313, -58010.979951736925, -45205.822015502694, -0.04, 0.918, -0.34800000000000003, 192.0, 0.0, 0.0, 0.0, 0.0, 0.0, 0.0, 0.0, 0.0, 0.0, 1.741279699106886E9, 0.0, 2025-03-06 10:48:19.106
81.0, -39341.4842297416, -45804.178214571264, -51174.631854847896, -50187.444709234805, -25028.164688129986, -28012.36844210249, -58028.30255368979, -45221.222367432405, -0.04, 0.918, -0.34800000000000003, 192.0, 0.0, 0.0, 0.0, 0.0, 0.0, 0.0, 0.0, 0.0, 0.0, 1.7412796991069E9, 0.0, 2025-03-06 10:48:19.106
82.0, -39335.91864537223, -45792.06356907649, -51170.765003057124, -50175.95591258477, -25076.310345686717, -28009.194494389834, -58018.22191694044, -45210.35941962712, -0.04, 0.918, -0.34800000000000003, 192.0, 0.0, 0.0, 0.0, 0.0, 0.0, 0.0, 0.0, 0.0, 0.0, 1.741279699106913E9, 0.0, 2025-03-06 10:48:19.106
83.0, -39349.75437519007, -45801.38424651435, -51180.75623282865, -50188.763462157665, -25075.572738119692, -28026.1147649425, -58030.6494868576, -45220.39535288756, -0.04, 0.918, -0.34800000000000003, 192.0, 0.0, 0.0, 0.0, 0.0, 0.0, 0.0, 0.0, 0.0, 0.0, 1.741279699106927E9, 0.0, 2025-03-06 10:48:19.106
84.0, -39373.73779699061, -45821.61257524641, -51199.91167782684, -50213.39508454742, -25034.24436262183, -28052.758044333226, -58051.70483013449, -45260.24851325137, -0.038, 0.922, -0.34800000000000003, 192.0, 254.0, 208.0, 28.0, 208.0, 245.0, 32.0, 0.0, 0.0, 0.0, 1.74127969910694E9, 0.0, 2025-03-06 10:48:19.106
85.0, -39378.901049959786, -45835.6718225088, -51207.10893954145, -50231.835273723045, -25054.651505309525, -28054.948515289845, -58053.29180399082, -45266.77522263232, -0.038, 0.922, -0.34800000000000003, 192.0, 0.0, 0.0, 0.0, 0.0, 0.0, 0.0, 0.0, 0.0, 0.0, 1.741279699106959E9, 0.0, 2025-03-06 10:48:19.106
86.0, -39374.9447911912, -45844.54546505755, -51209.03118956461, -50237.44556158133, -25089.989613293365, -28062.25753572673, -58054.96818482497, -45265.56822843173, -0.038, 0.922, -0.34800000000000003, 192.0, 0.0, 0.0, 0.0, 0.0, 0.0, 0.0, 0.0, 0.0, 0.0, 1.741279699106977E9, 0.0, 2025-03-06 10:48:19.106
87.0, -39380.19745113819, -45852.279168639085, -51215.446140223285, -50249.359041376, -25090.52605516029, -28082.441160969873, -58066.68049891955, -45262.41663246354, -0.038, 0.922, -0.34800000000000003, 192.0, 0.0, 0.0, 0.0, 0.0, 0.0, 0.0, 0.0, 0.0, 0.0, 1.741279699166171E9, 0.0, 2025-03-06 10:48:19.166
88.0, -39385.02542794054, -45855.38606111838, -51222.8892711269, -50260.28904441465, -25058.361894889105, -28095.47222798732, -58068.178065798056, -45225.67036457901, -0.038, 0.922, -0.34800000000000003, 192.0, 0.0, 0.0, 0.0, 0.0, 0.0, 0.0, 0.0, 0.0, 0.0, 1.741279699166188E9, 0.0, 2025-03-06 10:48:19.166
89.0, -39400.44813161471, -45863.16446818882, -51238.20021607879, -50271.28610268666, -25056.663162310502, -28103.496504246774, -58063.618309929174, -45208.81714925971, -0.038, 0.922, -0.34800000000000003, 192.0, 0.0, 0.0, 0.0, 0.0, 0.0, 0.0, 0.0, 0.0, 0.0, 1.741279699166202E9, 0.0, 2025-03-06 10:48:19.166
90.0, -39417.12253297836, -45877.98367476269, -51248.50437027268, -50269.27444568568, -25097.812723852723, -28094.80167565366, -58088.40639453011, -45338.85959850068, -0.038, 0.922, -0.34800000000000003, 192.0, 0.0, 0.0, 0.0, 0.0, 0.0, 0.0, 0.0, 0.0, 0.0, 1.741279699166216E9, 0.0, 2025-03-06 10:48:19.166
91.0, -39410.52876836405, -45880.956456775246, -51241.91060565837, -50271.822544553586, -25137.26355281634, -28089.191387795378, -58088.80872593031, -45341.675918302055, -0.038, 0.922, -0.34800000000000003, 192.0, 0.0, 0.0, 0.0, 0.0, 0.0, 0.0, 0.0, 0.0, 0.0, 1.74127969916623E9, 0.0, 2025-03-06 10:48:19.166
92.0, -39414.485027132636, -45888.39958767886, -51252.28181508563, -50288.40753893943, -25094.01292729532, -28114.650024729974, -58105.61723776069, -45337.20556941099, -0.038, 0.922, -0.34800000000000003, 192.0, 0.0, 0.0, 0.0, 0.0, 0.0, 0.0, 0.0, 0.0, 0.0, 1.741279699166251E9, 0.0, 2025-03-06 10:48:19.166
93.0, -39436.14386750983, -45908.96319257774, -51274.20887639629, -50311.04985607265, -25052.550441330724, -28137.784080241214, -58121.509328068416, -45339.77602002335, -0.038, 0.922, -0.34800000000000003, 192.0, 0.0, 0.0, 0.0, 0.0, 0.0, 0.0, 0.0, 0.0, 0.0, 1.741279699166265E9, 0.0, 2025-03-06 10:48:19.166
94.0, -39441.97767281267, -45910.438407711794, -51273.538324062625, -50296.498870432246, -25105.188799522974, -28124.99888241278, -58116.12255765469, -45337.31732813327, -0.04, 0.926, -0.34800000000000003, 192.0, 254.0, 192.0, 28.0, 240.0, 245.0, 32.0, 0.0, 0.0, 0.0, 1.741279699166278E9, 0.0, 2025-03-06 10:48:19.166
95.0, -39448.28086474906, -45914.998163580676, -51278.858039242994, -50297.05766404363, -25143.566744752738, -28131.838516216103, -58115.18378438757, -45326.20851113898, -0.04, 0.926, -0.34800000000000003, 192.0, 0.0, 0.0, 0.0, 0.0, 0.0, 0.0, 0.0, 0.0, 0.0, 1.741279699166294E9, 0.0, 2025-03-06 10:48:19.166
96.0, -39462.85420213392, -45930.21970155474, -51295.89006851793, -50315.90018461945, -25118.24221828487, -28145.629542545026, -58127.097264182245, -45331.50587457489, -0.04, 0.926, -0.34800000000000003, 192.0, 0.0, 0.0, 0.0, 0.0, 0.0, 0.0, 0.0, 0.0, 0.0, 1.741279699166307E9, 0.0, 2025-03-06 10:48:19.166
97.0, -39476.064083107005, -45941.70849820477, -51305.65778084491, -50323.81270215663, -25089.05084002624, -28152.692693792906, -58140.21773817751, -45344.22401716996, -0.04, 0.926, -0.34800000000000003, 192.0, 0.0, 0.0, 0.0, 0.0, 0.0, 0.0, 0.0, 0.0, 0.0, 1.741279699166321E9, 0.0, 2025-03-06 10:48:19.166
98.0, -39486.7705687011, -45950.73860296472, -51310.798682069624, -50326.11493183553, -25140.12457610662, -28160.76167354127, -58145.93978475807, -45346.99563348242, -0.04, 0.926, -0.34800000000000003, 192.0, 0.0, 0.0, 0.0, 0.0, 0.0, 0.0, 0.0, 0.0, 0.0, 1.741279699166335E9, 0.0, 2025-03-06 10:48:19.166
99.0, -39501.20979561923, -45969.98345494073, -51328.143635766944, -50346.544426267676, -25176.8931957356, -28177.324316182654, -58163.79882857786, -45346.54859859331, -0.04, 0.926, -0.34800000000000003, 192.0, 0.0, 0.0, 0.0, 0.0, 0.0, 0.0, 0.0, 0.0, 0.0, 1.741279699166349E9, 0.0, 2025-03-06 10:48:19.166
100.0, -39511.6257085354, -45988.98243772775, -51342.627566173986, -50362.59297878659, -25149.55701226676, -28190.95888030039, -58179.93678807459, -45375.02472102937, -0.04, 0.926, -0.34800000000000003, 192.0, 0.0, 0.0, 0.0, 0.0, 0.0, 0.0, 0.0, 0.0, 0.0, 1.741279699166368E9, 0.0, 2025-03-06 10:48:19.166
101.0, -39524.4779615972, -46003.846347790524, -51356.41859250291, -50375.758156270764, -25095.421087196006, -28206.87332235257, -58191.31382600234, -45388.25695374691, -0.04, 0.926, -0.34800000000000003, 192.0, 0.0, 0.0, 0.0, 0.0, 0.0, 0.0, 0.0, 0.0, 0.0, 1.741279699166385E9, 0.0, 2025-03-06 10:48:19.166
102.0, -39537.26315942564, -46013.703467095314, -51366.14160134096, -50382.30721739617, -25124.366596265627, -28213.78001138926, -58198.33227376131, -45396.683561406564, -0.04, 0.926, -0.34800000000000003, 192.0, 0.0, 0.0, 0.0, 0.0, 0.0, 0.0, 0.0, 0.0, 0.0, 1.741279699225983E9, 0.0, 2025-03-06 10:48:19.225
103.0, -39538.82778153751, -46015.178682229365, -51370.097860109556, -50384.45298486388, -25188.22553017444, -28212.863589866593, -58203.651988941674, -45396.549450939834, -0.04, 0.926, -0.34800000000000003, 192.0, 0.0, 0.0, 0.0, 0.0, 0.0, 0.0, 0.0, 0.0, 0.0, 1.741279699226041E9, 0.0, 2025-03-06 10:48:19.226
104.0, -39548.97547352022, -46026.39925794593, -51382.7265957268, -50403.228450206334, -25195.042812233307, -28229.046252852233, -58213.10677684627, -45422.1198465967, -0.036000000000000004, 0.93, -0.34400000000000003, 192.0, 254.0, 224.0, 29.0, 16.0, 245.0, 64.0, 0.0, 0.0, 0.0, 1.741279699226055E9, 0.0, 2025-03-06 10:48:19.226
105.0, -39552.6858630998, -46029.707316125314, -51384.492383538774, -50407.296467697204, -25143.946724408477, -28230.38735751955, -58213.91143964666, -45421.851625663236, -0.036000000000000004, 0.93, -0.34400000000000003, 192.0, 0.0, 0.0, 0.0, 0.0, 0.0, 0.0, 0.0, 0.0, 0.0, 1.74127969922607E9, 0.0, 2025-03-06 10:48:19.226
106.0, -39565.44870918378, -46036.278728995174, -51394.79653773267, -50412.52677589974, -25158.296544348785, -28231.527296486773, -58218.337085048806, -45391.386197970656, -0.036000000000000004, 0.93, -0.34400000000000003, 192.0, 0.0, 0.0, 0.0, 0.0, 0.0, 0.0, 0.0, 0.0, 0.0, 1.741279699226085E9, 0.0, 2025-03-06 10:48:19.226
107.0, -39587.46517747226, -46051.99200534725, -51419.5399188447, -50431.05637205319, -25211.739565341424, -28252.40382580803, -58231.45755904407, -45407.63591618966, -0.036000000000000004, 0.93, -0.34400000000000003, 192.0, 0.0, 0.0, 0.0, 0.0, 0.0, 0.0, 0.0, 0.0, 0.0, 1.741279699226106E9, 0.0, 2025-03-06 10:48:19.226
108.0, -39591.555546707576, -46055.90356062693, -51428.391209648995, -50435.750238388806, -25219.115641011675, -28269.74877950535, -58248.08725691882, -45460.25192263746, -0.036000000000000004, 0.93, -0.34400000000000003, 192.0, 0.0, 0.0, 0.0, 0.0, 0.0, 0.0, 0.0, 0.0, 0.0, 1.74127969922612E9, 0.0, 2025-03-06 10:48:19.226
109.0, -39590.862642629465, -46060.44096475136, -51425.70900031436, -50435.750238388806, -25159.280021104816, -28275.336715619174, -58262.928815237145, -45496.662914355154, -0.036000000000000004, 0.93, -0.34400000000000003, 192.0, 0.0, 0.0, 0.0, 0.0, 0.0, 0.0, 0.0, 0.0, 0.0, 1.741279699226134E9, 0.0, 2025-03-06 10:48:19.226
110.0, -39596.942317121306, -46069.26990381121, -51429.35233466057, -50448.758953661796, -25164.8903089631, -28285.88673900208, -58268.62851007325, -45485.06235898285, -0.036000000000000004, 0.93, -0.34400000000000003, 192.0, 0.0, 0.0, 0.0, 0.0, 0.0, 0.0, 0.0, 0.0, 0.0, 1.741279699226147E9, 0.0, 2025-03-06 10:48:19.226
111.0, -39607.22411957075, -46083.954999918344, -51444.953852290375, -50467.73558470435, -25203.089440237218, -28300.840056042678, -58284.23002770305, -45507.90584181617, -0.036000000000000004, 0.93, -0.34400000000000003, 192.0, 0.0, 0.0, 0.0, 0.0, 0.0, 0.0, 0.0, 0.0, 0.0, 1.741279699226161E9, 0.0, 2025-03-06 10:48:19.226
112.0, -39607.6488027154, -46086.145470874966, -51443.97037553434, -50472.49650627333, -25230.917362084077, -28303.991652010878, -58284.29708293642, -45518.63467915472, -0.036000000000000004, 0.93, -0.34400000000000003, 192.0, 0.0, 0.0, 0.0, 0.0, 0.0, 0.0, 0.0, 0.0, 0.0, 1.741279699226175E9, 0.0, 2025-03-06 10:48:19.226
113.0, -39612.78970394012, -46092.67218025591, -51450.05005002619, -50482.733605233865, -25192.539416854313, -28309.51253289134, -58289.14741148322, -45503.54725164739, -0.036000000000000004, 0.93, -0.34400000000000003, 192.0, 0.0, 0.0, 0.0, 0.0, 0.0, 0.0, 0.0, 0.0, 0.0, 1.741279699226189E9, 0.0, 2025-03-06 10:48:19.226
114.0, -39627.60891051399, -46104.69741877287, -51465.09277404461, -50496.41287284051, -25169.22654738743, -28322.52124816433, -58299.94330405514, -45500.26154521246, -0.046, 0.926, -0.35000000000000003, 192.0, 254.0, 144.0, 28.0, 240.0, 245.0, 16.0, 0.0, 0.0, 0.0, 1.741279699226202E9, 0.0, 2025-03-06 10:48:19.226
115.0, -39635.812000729085, -46109.74891301977, -51471.28420725873, -50497.977494952385, -25221.060242779287, -28323.616483642636, -58302.714920367594, -45528.737667648515, -0.046, 0.926, -0.35000000000000003, 192.0, 0.0, 0.0, 0.0, 0.0, 0.0, 0.0, 0.0, 0.0, 0.0, 1.74127969922622E9, 0.0, 2025-03-06 10:48:19.226
116.0, -39646.18321015635, -46117.594375323584, -51474.61461718257, -50503.90070723304, -25252.151519316616, -28324.84582958768, -58303.98896980155, -45517.47238844304, -0.046, 0.926, -0.35000000000000003, 192.0, 0.0, 0.0, 0.0, 0.0, 0.0, 0.0, 0.0, 0.0, 0.0, 1.741279699226237E9, 0.0, 2025-03-06 10:48:19.226
117.0, -39661.78472778615, -46134.04525924269, -51490.260838301285, -50519.301059162746, -25231.09617603972, -28340.9390855955, -58321.22216477659, -45551.759964437486, -0.046, 0.926, -0.35000000000000003, 192.0, 0.0, 0.0, 0.0, 0.0, 0.0, 0.0, 0.0, 0.0, 0.0, 1.741279699286218E9, 0.0, 2025-03-06 10:48:19.286
118.0, -39675.50869888171, -46153.78184959672, -51502.39783554052, -50528.62173660061, -25205.03404200483, -28349.544507210794, -58327.324191012885, -45548.51896149146, -0.046, 0.926, -0.35000000000000003, 192.0, 0.0, 0.0, 0.0, 0.0, 0.0, 0.0, 0.0, 0.0, 0.0, 1.741279699286234E9, 0.0, 2025-03-06 10:48:19.286
119.0, -39684.85172806403, -46167.08113754763, -51508.05282688771, -50539.23881521688, -25244.61898143518, -28356.56295496976, -58332.37568525979, -45526.301327502886, -0.046, 0.926, -0.35000000000000003, 192.0, 0.0, 0.0, 0.0, 0.0, 0.0, 0.0, 0.0, 0.0, 0.0, 1.741279699286248E9, 0.0, 2025-03-06 10:48:19.286
120.0, -39674.10053898103, -46157.51459092076, -51497.21223082689, -50529.94048952347, -25306.10863043173, -28349.008065343867, -58321.19981303213, -45531.263414771965, -0.046, 0.926, -0.35000000000000003, 192.0, 0.0, 0.0, 0.0, 0.0, 0.0, 0.0, 0.0, 0.0, 0.0, 1.741279699286261E9, 0.0, 2025-03-06 10:48:19.286
121.0, -39684.42704491938, -46169.13749803752, -51511.33853332264, -50538.14357973857, -25296.85500822723, -28362.709684694968, -58338.433008007174, -45581.62189502978, -0.046, 0.926, -0.35000000000000003, 192.0, 0.0, 0.0, 0.0, 0.0, 0.0, 0.0, 0.0, 0.0, 0.0, 1.741279699286275E9, 0.0, 2025-03-06 10:48:19.286
122.0, -39702.71077188382, -46186.57185871266, -51523.69904800643, -50548.26891997682, -25254.364342017692, -28369.41520803156, -58351.95581340264, -45607.59462208684, -0.046, 0.926, -0.35000000000000003, 192.0, 0.0, 0.0, 0.0, 0.0, 0.0, 0.0, 0.0, 0.0, 0.0, 1.741279699286296E9, 0.0, 2025-03-06 10:48:19.286
123.0, -39707.04701030815, -46192.51742273777, -51521.95561193891, -50546.74900135386, -25287.020240666898, -28357.881707892622, -58352.35814480283, -45564.79103145493, -0.046, 0.926, -0.35000000000000003, 192.0, 0.0, 0.0, 0.0, 0.0, 0.0, 0.0, 0.0, 0.0, 0.0, 1.74127969928631E9, 0.0, 2025-03-06 10:48:19.286
124.0, -39711.4726557103, -46198.753559440804, -51526.73888525234, -50549.29710022177, -25315.38460438068, -28377.41713254656, -58363.668127497214, -45565.08160413284, -0.046, 0.922, -0.34800000000000003, 192.0, 254.0, 144.0, 28.0, 208.0, 245.0, 32.0, 0.0, 0.0, 0.0, 1.741279699286323E9, 0.0, 2025-03-06 10:48:19.286
125.0, -39714.49014121177, -46200.20642283039, -51533.98085045587, -50553.92391132402, -25295.022165181897, -28391.118751897666, -58373.189970635176, -45595.368217869785, -0.046, 0.922, -0.34800000000000003, 192.0, 0.0, 0.0, 0.0, 0.0, 0.0, 0.0, 0.0, 0.0, 0.0, 1.741279699286338E9, 0.0, 2025-03-06 10:48:19.286
126.0, -39730.91867338642, -46208.23069908985, -51551.25874891982, -50565.05508006276, -25245.28953376884, -28404.32863287075, -58379.38140384929, -45601.06791270589, -0.046, 0.922, -0.34800000000000003, 192.0, 0.0, 0.0, 0.0, 0.0, 0.0, 0.0, 0.0, 0.0, 0.0, 1.741279699286351E9, 0.0, 2025-03-06 10:48:19.286
127.0, -39736.21603682233, -46203.33566705414, -51549.62707157458, -50561.56820792773, -25286.662612755612, -28400.28296712434, -58380.14136316078, -45610.053313976925, -0.046, 0.922, -0.34800000000000003, 192.0, 0.0, 0.0, 0.0, 0.0, 0.0, 0.0, 0.0, 0.0, 0.0, 1.741279699286365E9, 0.0, 2025-03-06 10:48:19.286
128.0, -39731.321004786616, -46200.295829808216, -51545.916681995, -50563.93749283999, -25337.62459011371, -28404.865074737678, -58387.65154929776, -45624.090209494854, -0.046, 0.922, -0.34800000000000003, 192.0, 0.0, 0.0, 0.0, 0.0, 0.0, 0.0, 0.0, 0.0, 0.0, 1.741279699286379E9, 0.0, 2025-03-06 10:48:19.286
129.0, -39740.86519966903, -46211.42699854696, -51564.15570547053, -50584.34463552769, -25337.468127902524, -28418.589045833236, -58398.425090125216, -45625.83364556237, -0.046, 0.922, -0.34800000000000003, 192.0, 0.0, 0.0, 0.0, 0.0, 0.0, 0.0, 0.0, 0.0, 0.0, 1.741279699286392E9, 0.0, 2025-03-06 10:48:19.286
130.0, -39753.337473075095, -46224.838045220145, -51579.26548472232, -50601.39901654709, -25277.230176595473, -28435.464612896994, -58414.45129089968, -45634.170846244204, -0.046, 0.922, -0.34800000000000003, 192.0, 0.0, 0.0, 0.0, 0.0, 0.0, 0.0, 0.0, 0.0, 0.0, 1.741279699286409E9, 0.0, 2025-03-06 10:48:19.286
131.0, -39758.076042899615, -46225.86622546509, -51578.63963587757, -50601.577830502734, -25283.645127254145, -28445.589953135248, -58422.07323575893, -45659.13774480078, -0.046, 0.922, -0.34800000000000003, 192.0, 0.0, 0.0, 0.0, 0.0, 0.0, 0.0, 0.0, 0.0, 0.0, 1.741279699286426E9, 0.0, 2025-03-06 10:48:19.286
132.0, -39759.417147566935, -46218.19957711692, -51576.605627132136, -50597.174536845036, -25336.082319746296, -28446.036988024356, -58422.02853227002, -45656.14261104377, -0.046, 0.922, -0.34800000000000003, 192.0, 0.0, 0.0, 0.0, 0.0, 0.0, 0.0, 0.0, 0.0, 0.0, 1.741279699346422E9, 0.0, 2025-03-06 10:48:19.346
133.0, -39757.07021439913, -46219.25010910632, -51583.042929535266, -50608.417464306054, -25360.44572120258, -28458.598668408238, -58423.36963693734, -45632.002727032035, -0.042, 0.928, -0.34600000000000003, 192.0, 254.0, 176.0, 29.0, 0.0, 245.0, 48.0, 0.0, 0.0, 0.0, 1.741279699346438E9, 0.0, 2025-03-06 10:48:19.346
134.0, -39762.74755749077, -46231.834141234656, -51599.91849659902, -50630.54569131681, -25321.888962017176, -28469.126340046685, -58432.77972135303, -45640.876369580794, -0.042, 0.928, -0.34600000000000003, 192.0, 0.0, 0.0, 0.0, 0.0, 0.0, 0.0, 0.0, 0.0, 0.0, 1.741279699346454E9, 0.0, 2025-03-06 10:48:19.346
135.0, -39779.42195885444, -46242.63003380657, -51606.087578068684, -50638.63702280963, -25320.48080211649, -28475.83186338328, -58443.35209648038, -45681.66830321173, -0.042, 0.928, -0.34600000000000003, 192.0, 0.0, 0.0, 0.0, 0.0, 0.0, 0.0, 0.0, 0.0, 0.0, 1.741279699346467E9, 0.0, 2025-03-06 10:48:19.346
136.0, -39783.55703157867, -46240.37250761659, -51607.49573796937, -50635.84305475272, -25378.148302811183, -28483.25264254244, -58444.58144242543, -45677.51087874304, -0.042, 0.928, -0.34600000000000003, 192.0, 0.0, 0.0, 0.0, 0.0, 0.0, 0.0, 0.0, 0.0, 0.0, 1.741279699346481E9, 0.0, 2025-03-06 10:48:19.346
137.0, -39787.15566243597, -46244.44052510745, -51616.235270051395, -50646.28131941335, -25420.549562042903, -28493.199168825053, -58449.67764016124, -45684.149346846265, -0.042, 0.928, -0.34600000000000003, 192.0, 0.0, 0.0, 0.0, 0.0, 0.0, 0.0, 0.0, 0.0, 0.0, 1.741279699346502E9, 0.0, 2025-03-06 10:48:19.346
138.0, -39796.319877662645, -46251.10134495513, -51629.668668469036, -50654.21618869498, -25373.92382310913, -28501.424610784605, -58459.69122167722, -45697.9850766641, -0.042, 0.928, -0.34600000000000003, 192.0, 0.0, 0.0, 0.0, 0.0, 0.0, 0.0, 0.0, 0.0, 0.0, 1.741279699346516E9, 0.0, 2025-03-06 10:48:19.346
139.0, -39812.63665111502, -46267.08284224068, -51641.962127919454, -50668.45424991301, -25364.35727648226, -28515.819134213823, -58472.744640439116, -45707.439864568696, -0.042, 0.928, -0.34600000000000003, 192.0, 0.0, 0.0, 0.0, 0.0, 0.0, 0.0, 0.0, 0.0, 0.0, 1.74127969934653E9, 0.0, 2025-03-06 10:48:19.346
140.0, -39812.748409837295, -46271.50848764283, -51639.92811917402, -50674.5115726604, -25427.523306312956, -28514.656843502147, -58468.83308515944, -45705.04822791198, -0.042, 0.928, -0.34600000000000003, 192.0, 0.0, 0.0, 0.0, 0.0, 0.0, 0.0, 0.0, 0.0, 0.0, 1.741279699346544E9, 0.0, 2025-03-06 10:48:19.346
141.0, -39814.80477032719, -46271.8214120652, -51638.966994162445, -50673.304578459814, -25479.535815660456, -28507.861913187735, -58462.68635543423, -45685.22223058012, -0.042, 0.928, -0.34600000000000003, 192.0, 0.0, 0.0, 0.0, 0.0, 0.0, 0.0, 0.0, 0.0, 0.0, 1.741279699346557E9, 0.0, 2025-03-06 10:48:19.346
142.0, -39821.912625063975, -46274.66008361102, -51650.45579081247, -50676.94791280603, -25468.739923088542, -28523.463430817537, -58471.18001832724, -45681.489489256084, -0.042, 0.928, -0.34600000000000003, 192.0, 0.0, 0.0, 0.0, 0.0, 0.0, 0.0, 0.0, 0.0, 0.0, 1.741279699346571E9, 0.0, 2025-03-06 10:48:19.346
143.0, -39837.82706711615, -46293.39084546457, -51666.97372996494, -50695.1645845371, -25434.765271516477, -28543.200021171575, -58488.65908249129, -45701.80722496596, -0.038, 0.92, -0.34600000000000003, 192.0, 254.0, 208.0, 28.0, 192.0, 245.0, 48.0, 0.0, 0.0, 0.0, 1.741279699346584E9, 0.0, 2025-03-06 10:48:19.346
144.0, -39832.3508897246, -46290.73098787439, -51656.6919275155, -50685.59803791023, -25494.645594912243, -28531.64416928818, -58488.86024819139, -45730.17158867975, -0.038, 0.92, -0.34600000000000003, 192.0, 0.0, 0.0, 0.0, 0.0, 0.0, 0.0, 0.0, 0.0, 0.0, 1.7412796993466E9, 0.0, 2025-03-06 10:48:19.346
145.0, -39843.45970671889, -46304.76788339232, -51668.35953812117, -50699.21025028351, -25532.91178141973, -28542.328303137816, -58503.210068131695, -45710.457350070166, -0.038, 0.92, -0.34600000000000003, 192.0, 0.0, 0.0, 0.0, 0.0, 0.0, 0.0, 0.0, 0.0, 0.0, 1.741279699346616E9, 0.0, 2025-03-06 10:48:19.346
146.0, -39849.02529108826, -46312.38982825158, -51673.05340445678, -50708.821500399295, -25526.183906338683, -28551.403111386673, -58502.159536142295, -45726.55060607799, -0.038, 0.92, -0.34600000000000003, 192.0, 0.0, 0.0, 0.0, 0.0, 0.0, 0.0, 0.0, 0.0, 0.0, 1.741279699346632E9, 0.0, 2025-03-06 10:48:19.346
147.0, -39867.487832008344, -46324.92915689101, -51687.671445330554, -50716.868128403206, -25470.729228345066, -28557.058102733863, -58510.6084955464, -45740.83337078492, -0.038, 0.92, -0.34600000000000003, 192.0, 0.0, 0.0, 0.0, 0.0, 0.0, 0.0, 0.0, 0.0, 0.0, 1.741279699406704E9, 0.0, 2025-03-06 10:48:19.406
148.0, -39882.2623350933, -46329.0865813597, -51694.42167215606, -50714.36473302421, -25500.300586259436, -28561.03671324691, -58516.554059571514, -45746.510713876574, -0.038, 0.92, -0.34600000000000003, 192.0, 0.0, 0.0, 0.0, 0.0, 0.0, 0.0, 0.0, 0.0, 0.0, 1.741279699406725E9, 0.0, 2025-03-06 10:48:19.406
149.0, -39886.665628751, -46330.15946509355, -51700.85897455919, -50717.11399759221, -25572.72023829463, -28565.596469115793, -58511.77078625808, -45753.26094070208, -0.038, 0.92, -0.34600000000000003, 192.0, 0.0, 0.0, 0.0, 0.0, 0.0, 0.0, 0.0, 0.0, 0.0, 1.741279699406738E9, 0.0, 2025-03-06 10:48:19.406
150.0, -39894.37698058808, -46345.51511353435, -51713.130082265154, -50735.97886991249, -25560.5832410554, -28586.85297809279, -58529.74158880015, -45760.704071605694, -0.038, 0.92, -0.34600000000000003, 192.0, 0.0, 0.0, 0.0, 0.0, 0.0, 0.0, 0.0, 0.0, 0.0, 1.741279699406752E9, 0.0, 2025-03-06 10:48:19.406
151.0, -39884.162233372, -46343.23523559991, -51704.16703273857, -50733.31901232231, -25520.506563247036, -28585.511873425472, -58534.79308304704, -45766.44846993071, -0.038, 0.92, -0.34600000000000003, 192.0, 0.0, 0.0, 0.0, 0.0, 0.0, 0.0, 0.0, 0.0, 0.0, 1.741279699406765E9, 0.0, 2025-03-06 10:48:19.406
152.0, -39886.10683513962, -46346.27507284583, -51707.4527391735, -50738.66107924713, -25557.92338346522, -28592.284451995427, -58539.48694938266, -45761.799307084, -0.038, 0.92, -0.34600000000000003, 192.0, 0.0, 0.0, 0.0, 0.0, 0.0, 0.0, 0.0, 0.0, 0.0, 1.741279699406789E9, 0.0, 2025-03-06 10:48:19.406
153.0, -39898.33323935667, -46357.42859332903, -51719.8579573462, -50750.79807648636, -25578.86696801984, -28602.745068400513, -58552.45096116674, -45789.582525441954, -0.038, 0.922, -0.35000000000000003, 192.0, 254.0, 208.0, 28.0, 208.0, 245.0, 16.0, 0.0, 0.0, 0.0, 1.741279699406802E9, 0.0, 2025-03-06 10:48:19.406
154.0, -39911.56547207421, -46367.173953911544, -51734.453646475515, -50761.70572778055, -25565.29945913547, -28612.781001660944, -58570.15354277534, -45819.153883356325, -0.038, 0.922, -0.35000000000000003, 192.0, 0.0, 0.0, 0.0, 0.0, 0.0, 0.0, 0.0, 0.0, 0.0, 1.741279699406816E9, 0.0, 2025-03-06 10:48:19.406
155.0, -39922.38371639058, -46379.60152382869, -51745.02602160288, -50778.447184377575, -25524.66398771572, -28619.017138363975, -58574.46742945522, -45824.674764236785, -0.038, 0.922, -0.35000000000000003, 192.0, 0.0, 0.0, 0.0, 0.0, 0.0, 0.0, 0.0, 0.0, 0.0, 1.74127969940683E9, 0.0, 2025-03-06 10:48:19.406
156.0, -39940.063946254726, -46398.064064748774, -51762.01334738891, -50802.430606178124, -25532.174173852705, -28634.19397284913, -58578.826019624, -45822.17136885779, -0.038, 0.922, -0.35000000000000003, 192.0, 0.0, 0.0, 0.0, 0.0, 0.0, 0.0, 0.0, 0.0, 0.0, 1.741279699406843E9, 0.0, 2025-03-06 10:48:19.406
157.0, -39945.450716668456, -46399.114596738174, -51770.529362026384, -50811.81833884935, -25575.558909840456, -28647.42620556667, -58589.30898777354, -45827.37932531587, -0.038, 0.922, -0.35000000000000003, 192.0, 0.0, 0.0, 0.0, 0.0, 0.0, 0.0, 0.0, 0.0, 0.0, 1.741279699406857E9, 0.0, 2025-03-06 10:48:19.406
158.0, -39943.43905966748, -46395.53831762532, -51771.512838782415, -50807.57150740284, -25578.889319764297, -28650.063711412397, -58599.83665941199, -45865.06436646752, -0.038, 0.922, -0.35000000000000003, 192.0, 0.0, 0.0, 0.0, 0.0, 0.0, 0.0, 0.0, 0.0, 0.0, 1.74127969940687E9, 0.0, 2025-03-06 10:48:19.406
159.0, -39952.089184771685, -46397.61702985967, -51779.29124585286, -50806.45392018008, -25531.727138963597, -28645.123975887775, -58599.25551405615, -45859.23056116469, -0.038, 0.922, -0.35000000000000003, 192.0, 0.0, 0.0, 0.0, 0.0, 0.0, 0.0, 0.0, 0.0, 0.0, 1.741279699406884E9, 0.0, 2025-03-06 10:48:19.406
160.0, -39961.923952332014, -46401.57328862826, -51786.51085931192, -50814.098216783794, -25556.448168331168, -28649.19199337864, -58596.90858088835, -45843.763154001615, -0.038, 0.922, -0.35000000000000003, 192.0, 0.0, 0.0, 0.0, 0.0, 0.0, 0.0, 0.0, 0.0, 0.0, 1.741279699406897E9, 0.0, 2025-03-06 10:48:19.406
161.0, -39959.062929041735, -46408.36821894267, -51789.64010353567, -50826.07875181184, -25608.661843378766, -28659.160871405707, -58606.609237981946, -45845.03720343557, -0.038, 0.922, -0.35000000000000003, 192.0, 0.0, 0.0, 0.0, 0.0, 0.0, 0.0, 0.0, 0.0, 0.0, 1.741279699406917E9, 0.0, 2025-03-06 10:48:19.406
162.0, -39953.49734467237, -46409.01641953187, -51788.366054101716, -50827.3975047347, -25621.89407609631, -28662.893612729742, -58614.45470028576, -45869.55706710304, -0.038, 0.922, -0.35000000000000003, 192.0, 0.0, 0.0, 0.0, 0.0, 0.0, 0.0, 0.0, 0.0, 0.0, 1.741279699467075E9, 0.0, 2025-03-06 10:48:19.467
163.0, -39965.45552795596, -46425.44495170653, -51806.02393222141, -50845.92710088815, -25561.276145133514, -28674.695333802145, -58631.017342927145, -45868.7747560471, -0.04, 0.924, -0.34800000000000003, 192.0, 254.0, 192.0, 28.0, 224.0, 245.0, 32.0, 0.0, 0.0, 0.0, 1.741279699467104E9, 0.0, 2025-03-06 10:48:19.467
164.0, -39977.07843507271, -46432.84337912123, -51813.15413870265, -50850.531560245945, -25553.989476441086, -28686.698220574646, -58633.36427609495, -45885.1809364773, -0.04, 0.924, -0.34800000000000003, 192.0, 0.0, 0.0, 0.0, 0.0, 0.0, 0.0, 0.0, 0.0, 0.0, 1.741279699467119E9, 0.0, 2025-03-06 10:48:19.467
165.0, -39972.54103094829, -46424.483826694945, -51808.549679344855, -50838.640432195716, -25617.826058605442, -28687.72640081959, -58631.19615688278, -45873.15569796034, -0.04, 0.924, -0.34800000000000003, 192.0, 0.0, 0.0, 0.0, 0.0, 0.0, 0.0, 0.0, 0.0, 0.0, 1.741279699467132E9, 0.0, 2025-03-06 10:48:19.467
166.0, -39978.19602229548, -46431.8599023652, -51816.64101083768, -50845.68123169914, -25650.012570621082, -28690.85564504333, -58634.61597378445, -45861.733956543685, -0.04, 0.924, -0.34800000000000003, 192.0, 0.0, 0.0, 0.0, 0.0, 0.0, 0.0, 0.0, 0.0, 0.0, 1.741279699467146E9, 0.0, 2025-03-06 10:48:19.467
167.0, -39994.78101668132, -46449.42837350707, -51834.76827559093, -50864.97078716407, -25604.616177632353, -28712.983872054087, -58649.56929082505, -45895.66390462684, -0.04, 0.924, -0.34800000000000003, 192.0, 0.0, 0.0, 0.0, 0.0, 0.0, 0.0, 0.0, 0.0, 0.0, 1.741279699467167E9, 0.0, 2025-03-06 10:48:19.467
168.0, -40004.369915052645, -46461.23009457947, -51835.39412443568, -50868.50236278801, -25577.123531952326, -28717.565979667426, -58656.118351950456, -45901.3859512074, -0.04, 0.924, -0.34800000000000003, 192.0, 0.0, 0.0, 0.0, 0.0, 0.0, 0.0, 0.0, 0.0, 0.0, 1.741279699467181E9, 0.0, 2025-03-06 10:48:19.467
169.0, -40006.470979031445, -46462.92882715807, -51828.9344702881, -50865.127249375255, -25630.87947736734, -28710.793401097468, -58650.68687804781, -45882.96811377622, -0.04, 0.924, -0.34800000000000003, 192.0, 0.0, 0.0, 0.0, 0.0, 0.0, 0.0, 0.0, 0.0, 0.0, 1.741279699467194E9, 0.0, 2025-03-06 10:48:19.467
170.0, -40012.46124654546, -46464.44874578104, -51831.59432787828, -50865.68604298664, -25660.160262603793, -28711.64276738677, -58647.46822684625, -45863.29857865555, -0.04, 0.924, -0.34800000000000003, 192.0, 0.0, 0.0, 0.0, 0.0, 0.0, 0.0, 0.0, 0.0, 0.0, 1.741279699467208E9, 0.0, 2025-03-06 10:48:19.467
171.0, -40020.21730187146, -46467.846210938245, -51840.087990771295, -50867.69769998762, -25633.18170704624, -28723.042157058975, -58659.538168852116, -45898.8825558284, -0.04, 0.924, -0.34800000000000003, 192.0, 0.0, 0.0, 0.0, 0.0, 0.0, 0.0, 0.0, 0.0, 0.0, 1.741279699467221E9, 0.0, 2025-03-06 10:48:19.467
172.0, -40042.45728760449, -46478.329179087785, -51854.59427292279, -50873.44209831263, -25599.721145596643, -28732.251075774562, -58675.13968648192, -45937.03698361361, -0.04, 0.924, -0.34800000000000003, 192.0, 0.0, 0.0, 0.0, 0.0, 0.0, 0.0, 0.0, 0.0, 0.0, 1.741279699467235E9, 0.0, 2025-03-06 10:48:19.467
173.0, -40038.61278755817, -46475.24463835295, -51847.37465946373, -50869.21761861058, -25655.913431157285, -28729.30064550646, -58673.19508471431, -45927.62689919793, -0.042, 0.918, -0.356, 192.0, 254.0, 176.0, 28.0, 176.0, 244.0, 224.0, 0.0, 0.0, 0.0, 1.741279699467248E9, 0.0, 2025-03-06 10:48:19.467
174.0, -40032.44370608851, -46480.832574466775, -51847.37465946373, -50878.09126115934, -25695.587777565455, -28732.809869385943, -58677.95600628329, -45927.82806489802, -0.042, 0.918, -0.356, 192.0, 0.0, 0.0, 0.0, 0.0, 0.0, 0.0, 0.0, 0.0, 0.0, 1.741279699467263E9, 0.0, 2025-03-06 10:48:19.467
175.0, -40037.94223522452, -46488.83449898178, -51856.18124677912, -50888.2613048865, -25674.7112482442, -28740.342407267384, -58688.52838141065, -45937.305204547076, -0.042, 0.918, -0.356, 192.0, 0.0, 0.0, 0.0, 0.0, 0.0, 0.0, 0.0, 0.0, 0.0, 1.741279699467276E9, 0.0, 2025-03-06 10:48:19.467
176.0, -40054.638988332634, -46501.93262123259, -51871.894523131195, -50904.10869170531, -25624.799802875496, -28755.340427796895, -58698.743128626724, -45925.59289045249, -0.042, 0.918, -0.356, 192.0, 0.0, 0.0, 0.0, 0.0, 0.0, 0.0, 0.0, 0.0, 0.0, 1.741279699467298E9, 0.0, 2025-03-06 10:48:19.467
177.0, -40055.68952032203, -46502.15613867714, -51870.55341846388, -50906.656790573215, -25651.733654944142, -28762.69415172269, -58696.172678014365, -45907.107997787956, -0.042, 0.918, -0.356, 192.0, 0.0, 0.0, 0.0, 0.0, 0.0, 0.0, 0.0, 0.0, 0.0, 1.741279699526276E9, 0.0, 2025-03-06 10:48:19.526
178.0, -40052.24735167591, -46499.786853764876, -51868.09472657379, -50901.94057249315, -25687.02705943907, -28764.661105234758, -58703.03466356214, -45924.162378807356, -0.042, 0.918, -0.356, 192.0, 0.0, 0.0, 0.0, 0.0, 0.0, 0.0, 0.0, 0.0, 0.0, 1.741279699526302E9, 0.0, 2025-03-06 10:48:19.526
179.0, -40055.04131973282, -46504.79364452287, -51876.38722376672, -50916.02217149999, -25683.026097181573, -28775.7922739735, -58716.155137557405, -45931.71726843325, -0.042, 0.918, -0.356, 192.0, 0.0, 0.0, 0.0, 0.0, 0.0, 0.0, 0.0, 0.0, 0.0, 1.741279699526316E9, 0.0, 2025-03-06 10:48:19.526
180.0, -40061.568029113776, -46514.22608068301, -51889.46299427307, -50935.021154287, -25635.148660558305, -28778.161558885764, -58718.30090502512, -45941.93201564933, -0.042, 0.918, -0.356, 192.0, 0.0, 0.0, 0.0, 0.0, 0.0, 0.0, 0.0, 0.0, 0.0, 1.741279699526329E9, 0.0, 2025-03-06 10:48:19.526
181.0, -40059.28815117933, -46506.93941199058, -51883.11509884776, -50926.39338092726, -25677.236995367646, -28763.69998022318, -58715.9092683684, -45966.72010025026, -0.042, 0.918, -0.356, 192.0, 0.0, 0.0, 0.0, 0.0, 0.0, 0.0, 0.0, 0.0, 0.0, 1.741279699526343E9, 0.0, 2025-03-06 10:48:19.526
182.0, -40064.83138380425, -46508.034647468885, -51888.814793683865, -50922.05714250293, -25734.837440828975, -28771.63484950481, -58730.75082668672, -45989.22830691675, -0.042, 0.918, -0.356, 192.0, 0.0, 0.0, 0.0, 0.0, 0.0, 0.0, 0.0, 0.0, 0.0, 1.741279699526359E9, 0.0, 2025-03-06 10:48:19.526
183.0, -40070.106395495706, -46515.790702794875, -51900.05772114488, -50935.71405836512, -25727.684882603276, -28786.07407642294, -58740.138559357954, -45985.4061586149, -0.036000000000000004, 0.92, -0.354, 192.0, 254.0, 224.0, 28.0, 192.0, 244.0, 240.0, 0.0, 0.0, 0.0, 1.741279699526372E9, 0.0, 2025-03-06 10:48:19.526
184.0, -40073.459157164, -46517.601194095754, -51902.89639269071, -50939.55855841143, -25688.502274573122, -28787.683402023722, -58735.48939651125, -45975.28081837664, -0.036000000000000004, 0.92, -0.354, 192.0, 0.0, 0.0, 0.0, 0.0, 0.0, 0.0, 0.0, 0.0, 0.0, 1.741279699526387E9, 0.0, 2025-03-06 10:48:19.526
185.0, -40086.95961081501, -46525.96074652204, -51914.92163120767, -50950.66737540572, -25690.7150972742, -28796.579396316934, -58742.77606520368, -45971.548077052605, -0.036000000000000004, 0.92, -0.354, 192.0, 0.0, 0.0, 0.0, 0.0, 0.0, 0.0, 0.0, 0.0, 0.0, 1.741279699526401E9, 0.0, 2025-03-06 10:48:19.526
186.0, -40086.75844511491, -46529.38056342371, -51913.69228526262, -50950.3768027278, -25742.638199643876, -28800.98268997463, -58739.98209714676, -45982.388673113426, -0.036000000000000004, 0.92, -0.354, 192.0, 0.0, 0.0, 0.0, 0.0, 0.0, 0.0, 0.0, 0.0, 0.0, 1.741279699526414E9, 0.0, 2025-03-06 10:48:19.526
187.0, -40099.1636632876, -46538.05304027236, -51922.07418943336, -50957.03762257548, -25755.62456317241, -28805.385983632324, -58746.57586176108, -45973.67149277586, -0.036000000000000004, 0.92, -0.354, 192.0, 0.0, 0.0, 0.0, 0.0, 0.0, 0.0, 0.0, 0.0, 0.0, 1.741279699526428E9, 0.0, 2025-03-06 10:48:19.526
188.0, -40113.848759394736, -46554.68273814711, -51933.31711689438, -50972.97441637211, -25719.638254599366, -28819.735803572632, -58759.04813516714, -45984.400330114404, -0.036000000000000004, 0.92, -0.354, 192.0, 0.0, 0.0, 0.0, 0.0, 0.0, 0.0, 0.0, 0.0, 0.0, 1.741279699526442E9, 0.0, 2025-03-06 10:48:19.526
189.0, -40121.31424204281, -46567.73615690901, -51937.45218961861, -50985.08906186689, -25699.298167145036, -28820.76398381758, -58764.90429221443, -45984.400330114404, -0.036000000000000004, 0.92, -0.354, 192.0, 0.0, 0.0, 0.0, 0.0, 0.0, 0.0, 0.0, 0.0, 0.0, 1.741279699526455E9, 0.0, 2025-03-06 10:48:19.526
190.0, -40125.60577697823, -46573.7934796564, -51941.69902106512, -50985.022006633524, -25740.71594962072, -28814.12551571435, -58764.032574180674, -45977.31482712208, -0.036000000000000004, 0.92, -0.354, 192.0, 0.0, 0.0, 0.0, 0.0, 0.0, 0.0, 0.0, 0.0, 0.0, 1.741279699526468E9, 0.0, 2025-03-06 10:48:19.526
191.0, -40120.286061797866, -46566.46210747506, -51934.881739006254, -50971.678015193706, -25791.566168256544, -28820.585169861934, -58757.97525143329, -45980.10879517899, -0.036000000000000004, 0.92, -0.354, 192.0, 0.0, 0.0, 0.0, 0.0, 0.0, 0.0, 0.0, 0.0, 0.0, 1.741279699526485E9, 0.0, 2025-03-06 10:48:19.526
192.0, -40150.975006935005, -46594.13356711073, -51967.180009744174, -50997.471928295134, -25733.13870825037, -28850.648266154323, -58788.64184482597, -46022.10772301051, -0.036000000000000004, 0.92, -0.354, 192.0, 0.0, 0.0, 0.0, 0.0, 0.0, 0.0, 0.0, 0.0, 0.0, 1.741279699586105E9, 0.0, 2025-03-06 10:48:19.586
193.0, -40158.50754481644, -46601.75551196999, -51971.605655146326, -51002.90340219777, -25685.730658260665, -28856.14679529033, -58789.424155881905, -45991.19526042882, -0.044, 0.92, -0.34600000000000003, 192.0, 254.0, 160.0, 28.0, 192.0, 245.0, 48.0, 0.0, 0.0, 0.0, 1.741279699586133E9, 0.0, 2025-03-06 10:48:19.586
194.0, -40151.1761726351, -46598.447453790606, -51972.075041779884, -50997.87425969532, -25724.28741744607, -28846.89317308583, -58779.29881564365, -45997.18552794284, -0.044, 0.92, -0.34600000000000003, 192.0, 0.0, 0.0, 0.0, 0.0, 0.0, 0.0, 0.0, 0.0, 0.0, 1.741279699586148E9, 0.0, 2025-03-06 10:48:19.586
195.0, -40145.454126054545, -46597.32986656784, -51957.85933230631, -50992.39808230378, -25755.66926666132, -28839.785318349044, -58782.76333603422, -46025.594595145536, -0.044, 0.92, -0.34600000000000003, 192.0, 0.0, 0.0, 0.0, 0.0, 0.0, 0.0, 0.0, 0.0, 0.0, 1.741279699586162E9, 0.0, 2025-03-06 10:48:19.586
196.0, -40147.66694875562, -46603.27543059295, -51957.59111137284, -51002.41166381975, -25736.826746085495, -28843.585114906447, -58790.541743104666, -45999.7559785552, -0.044, 0.92, -0.34600000000000003, 192.0, 0.0, 0.0, 0.0, 0.0, 0.0, 0.0, 0.0, 0.0, 0.0, 1.741279699586175E9, 0.0, 2025-03-06 10:48:19.586
197.0, -40150.19269587907, -46601.84491894781, -51958.172256728685, -50992.934524170705, -25720.398213910845, -28842.109899772397, -58791.48051637179, -46009.4119321599, -0.044, 0.92, -0.34600000000000003, 192.0, 0.0, 0.0, 0.0, 0.0, 0.0, 0.0, 0.0, 0.0, 0.0, 1.741279699586192E9, 0.0, 2025-03-06 10:48:19.586
198.0, -40156.74175700447, -46609.51156729598, -51963.38021318677, -50993.31450382644, -25757.14448179537, -28842.7581003616, -58797.98487400829, -46030.9143103259, -0.044, 0.92, -0.34600000000000003, 192.0, 0.0, 0.0, 0.0, 0.0, 0.0, 0.0, 0.0, 0.0, 0.0, 1.741279699586205E9, 0.0, 2025-03-06 10:48:19.586
199.0, -40160.98858845098, -46613.043142919916, -51968.99050104505, -50997.09194863939, -25795.96946191424, -28844.8591643404, -58800.9800077653, -46040.1679325304, -0.044, 0.92, -0.34600000000000003, 192.0, 0.0, 0.0, 0.0, 0.0, 0.0, 0.0, 0.0, 0.0, 0.0, 1.741279699586218E9, 0.0, 2025-03-06 10:48:19.586
200.0, -40170.80100426686, -46619.27927962295, -51981.6192366623, -51014.325143614435, -25789.979194400217, -28865.42276923928, -58810.14422299198, -46034.69175513885, -0.044, 0.92, -0.34600000000000003, 192.0, 0.0, 0.0, 0.0, 0.0, 0.0, 0.0, 0.0, 0.0, 0.0, 1.741279699586233E9, 0.0, 2025-03-06 10:48:19.586
201.0, -40179.85346077126, -46629.56108207239, -51994.873821124296, -51027.266803654056, -25729.33891169297, -28876.4645310002, -58822.81766209813, -46043.81126687661, -0.044, 0.92, -0.34600000000000003, 192.0, 0.0, 0.0, 0.0, 0.0, 0.0, 0.0, 0.0, 0.0, 0.0, 1.74127969958625E9, 0.0, 2025-03-06 10:48:19.586
202.0, -40179.227611926515, -46625.89539598172, -51992.48218446758, -51024.20461466368, -25762.66536267583, -28871.413036753303, -58823.398807453974, -46059.94922637335, -0.044, 0.92, -0.34600000000000003, 192.0, 0.0, 0.0, 0.0, 0.0, 0.0, 0.0, 0.0, 0.0, 0.0, 1.741279699586264E9, 0.0, 2025-03-06 10:48:19.586
203.0, -40179.227611926515, -46620.82154999037, -51994.784414146474, -51027.51267284306, -25823.238590149715, -28873.469397243192, -58823.622324898526, -46053.24370303675, -0.05, 0.922, -0.34600000000000003, 192.0, 254.0, 112.0, 28.0, 208.0, 245.0, 48.0, 0.0, 0.0, 0.0, 1.741279699586277E9, 0.0, 2025-03-06 10:48:19.586
204.0, -40178.64646657067, -46625.44836109261, -51997.39956824775, -51040.744905560605, -25822.322168627044, -28878.610298467913, -58824.06935978763, -46047.70047041184, -0.05, 0.922, -0.34600000000000003, 192.0, 0.0, 0.0, 0.0, 0.0, 0.0, 0.0, 0.0, 0.0, 0.0, 1.741279699586292E9, 0.0, 2025-03-06 10:48:19.586
205.0, -40188.011847497444, -46636.06543970889, -52011.74938818805, -51060.68266161474, -25775.20469131526, -28894.52474052009, -58832.60772616956, -46056.52940947168, -0.05, 0.922, -0.34600000000000003, 192.0, 0.0, 0.0, 0.0, 0.0, 0.0, 0.0, 0.0, 0.0, 0.0, 1.741279699586306E9, 0.0, 2025-03-06 10:48:19.586
206.0, -40203.1886819826, -46641.8098380339, -52023.50640577154, -51071.18798150873, -25787.453447276766, -28909.679223260788, -58844.18592979741, -46051.99200534725, -0.05, 0.922, -0.34600000000000003, 192.0, 0.0, 0.0, 0.0, 0.0, 0.0, 0.0, 0.0, 0.0, 0.0, 1.741279699586322E9, 0.0, 2025-03-06 10:48:19.586
207.0, -40199.545347636384, -46634.94785248612, -52017.806710935445, -51066.404708195296, -25839.15303220189, -28918.418755342813, -58840.45318847337, -46064.64309270896, -0.05, 0.922, -0.34600000000000003, 192.0, 0.0, 0.0, 0.0, 0.0, 0.0, 0.0, 0.0, 0.0, 0.0, 1.741279699646555E9, 0.0, 2025-03-06 10:48:19.646
208.0, -40199.970030781034, -46630.25398615051, -52018.276097569, -51057.464010413176, -25846.663218338876, -28908.494580804658, -58843.69419141939, -46100.07060767062, -0.05, 0.922, -0.34600000000000003, 192.0, 0.0, 0.0, 0.0, 0.0, 0.0, 0.0, 0.0, 0.0, 0.0, 1.741279699646583E9, 0.0, 2025-03-06 10:48:19.646
209.0, -40207.63667912921, -46643.37446014577, -52036.44806581117, -51075.72538563316, -25797.087049137004, -28925.19133391277, -58855.58531946961, -46086.88307844199, -0.05, 0.922, -0.34600000000000003, 192.0, 0.0, 0.0, 0.0, 0.0, 0.0, 0.0, 0.0, 0.0, 0.0, 1.741279699646597E9, 0.0, 2025-03-06 10:48:19.646
210.0, -40214.990403055, -46659.93710278715, -52044.62880428181, -51088.3094177615, -25805.40189807438, -28933.01444447213, -58861.03914511671, -46094.57207853461, -0.05, 0.922, -0.34600000000000003, 192.0, 0.0, 0.0, 0.0, 0.0, 0.0, 0.0, 0.0, 0.0, 0.0, 1.74127969964661E9, 0.0, 2025-03-06 10:48:19.646
211.0, -40214.23044374352, -46660.652358609725, -52037.00685942255, -51081.69330140273, -25857.41440742188, -28920.29630187706, -58861.24031081681, -46106.329096118105, -0.05, 0.922, -0.34600000000000003, 192.0, 0.0, 0.0, 0.0, 0.0, 0.0, 0.0, 0.0, 0.0, 0.0, 1.741279699646624E9, 0.0, 2025-03-06 10:48:19.646
212.0, -40216.28680423341, -46663.20045747763, -52038.37031583433, -51086.83420262745, -25886.382268235957, -28918.7763832541, -58858.08871484861, -46084.20086910735, -0.05, 0.922, -0.34600000000000003, 192.0, 0.0, 0.0, 0.0, 0.0, 0.0, 0.0, 0.0, 0.0, 0.0, 1.741279699646641E9, 0.0, 2025-03-06 10:48:19.646
213.0, -40235.15167655369, -46683.56289667641, -52061.81729576794, -51104.00034236912, -25823.90914248337, -28928.208819414238, -58875.768944712756, -46098.77420649221, -0.048, 0.926, -0.34600000000000003, 192.0, 254.0, 128.0, 28.0, 240.0, 245.0, 48.0, 0.0, 0.0, 0.0, 1.741279699646654E9, 0.0, 2025-03-06 10:48:19.646
214.0, -40254.932970396636, -46698.49386197256, -52073.88723777381, -51107.55426973752, -25792.929624668315, -28941.530459109603, -58885.08962215062, -46109.8830234865, -0.048, 0.926, -0.34600000000000003, 192.0, 0.0, 0.0, 0.0, 0.0, 0.0, 0.0, 0.0, 0.0, 0.0, 1.741279699646669E9, 0.0, 2025-03-06 10:48:19.646
215.0, -40252.63074071774, -46693.777643892485, -52063.091345201894, -51095.10434807591, -25839.644770579907, -28933.34972063896, -58876.21597960186, -46108.07253218562, -0.048, 0.926, -0.34600000000000003, 192.0, 0.0, 0.0, 0.0, 0.0, 0.0, 0.0, 0.0, 0.0, 0.0, 1.741279699646683E9, 0.0, 2025-03-06 10:48:19.646
216.0, -40250.06029010538, -46689.57551593489, -52060.856170756364, -51090.231667784654, -25867.27152672667, -28939.898781764365, -58874.293729578705, -46088.78297672069, -0.048, 0.926, -0.34600000000000003, 192.0, 0.0, 0.0, 0.0, 0.0, 0.0, 0.0, 0.0, 0.0, 0.0, 1.741279699646696E9, 0.0, 2025-03-06 10:48:19.646
217.0, -40245.00879585848, -46686.4686234556, -52060.31972888944, -51087.63886542784, -25854.30751494259, -28940.122299208917, -58880.61927325956, -46103.199851894366, -0.048, 0.926, -0.34600000000000003, 192.0, 0.0, 0.0, 0.0, 0.0, 0.0, 0.0, 0.0, 0.0, 0.0, 1.74127969964671E9, 0.0, 2025-03-06 10:48:19.646
218.0, -40253.390700029224, -46697.979771850085, -52067.427583626224, -51093.42796724176, -25831.44168036481, -28936.903648007352, -58888.621197774555, -46124.03167772671, -0.048, 0.926, -0.34600000000000003, 192.0, 0.0, 0.0, 0.0, 0.0, 0.0, 0.0, 0.0, 0.0, 0.0, 1.741279699646724E9, 0.0, 2025-03-06 10:48:19.646
219.0, -40264.499517023505, -46709.021533611005, -52073.21668544015, -51102.94981037972, -25872.83711109604, -28945.30790392255, -58896.42195658946, -46128.81495104015, -0.048, 0.926, -0.34600000000000003, 192.0, 0.0, 0.0, 0.0, 0.0, 0.0, 0.0, 0.0, 0.0, 0.0, 1.741279699646737E9, 0.0, 2025-03-06 10:48:19.646
220.0, -40258.10691810929, -46709.69208594467, -52067.24876967058, -51101.78751966805, -25902.02848935467, -28946.939581267787, -58898.053633934695, -46138.11327673355, -0.048, 0.926, -0.34600000000000003, 192.0, 0.0, 0.0, 0.0, 0.0, 0.0, 0.0, 0.0, 0.0, 0.0, 1.74127969964675E9, 0.0, 2025-03-06 10:48:19.646
221.0, -40255.91644715267, -46715.90587090324, -52070.78034529452, -51107.77778718207, -25876.54750067562, -28960.797662830075, -58901.22758164735, -46134.872273787536, -0.048, 0.926, -0.34600000000000003, 192.0, 0.0, 0.0, 0.0, 0.0, 0.0, 0.0, 0.0, 0.0, 0.0, 1.741279699646771E9, 0.0, 2025-03-06 10:48:19.646
222.0, -40269.28279033695, -46724.04190588497, -52081.46447914416, -51118.8642524319, -25835.107366455482, -28969.626601889922, -58904.289770637726, -46118.287279401695, -0.048, 0.926, -0.34600000000000003, 192.0, 0.0, 0.0, 0.0, 0.0, 0.0, 0.0, 0.0, 0.0, 0.0, 1.741279699706758E9, 0.0, 2025-03-06 10:48:19.706
223.0, -40280.525717797966, -46732.75908622254, -52091.52276414904, -51130.80008397104, -25874.826416352564, -28975.706276381767, -58910.10122419611, -46137.934462777914, -0.048, 0.92, -0.342, 192.0, 254.0, 128.0, 28.0, 192.0, 245.0, 80.0, 0.0, 0.0, 0.0, 1.741279699706785E9, 0.0, 2025-03-06 10:48:19.706
224.0, -40279.72105499757, -46736.424772313214, -52094.67436011724, -51141.86419747641, -25904.576588222575, -28977.40500896037, -58921.36650340158, -46156.08407927562, -0.048, 0.92, -0.342, 192.0, 0.0, 0.0, 0.0, 0.0, 0.0, 0.0, 0.0, 0.0, 0.0, 1.741279699706804E9, 0.0, 2025-03-06 10:48:19.706
225.0, -40282.1573951432, -46733.004955411554, -52096.373092695845, -51140.14311315335, -25882.69423040083, -28985.49634045319, -58929.50253838331, -46168.198724770395, -0.048, 0.92, -0.342, 192.0, 0.0, 0.0, 0.0, 0.0, 0.0, 0.0, 0.0, 0.0, 0.0, 1.741279699706819E9, 0.0, 2025-03-06 10:48:19.706
226.0, -40288.88527022425, -46735.35188857936, -52103.369188710356, -51137.84088347446, -25834.794442033108, -28996.06871558055, -58936.655096609014, -46166.43293695843, -0.048, 0.92, -0.342, 192.0, 0.0, 0.0, 0.0, 0.0, 0.0, 0.0, 0.0, 0.0, 0.0, 1.741279699706832E9, 0.0, 2025-03-06 10:48:19.706
227.0, -40287.67827602366, -46734.52487403451, -52104.73264512213, -51139.69607826425, -25867.31623021558, -28997.49922722569, -58934.03994250774, -46161.76142236727, -0.048, 0.92, -0.342, 192.0, 0.0, 0.0, 0.0, 0.0, 0.0, 0.0, 0.0, 0.0, 0.0, 1.74127969970685E9, 0.0, 2025-03-06 10:48:19.706
228.0, -40294.62966854926, -46743.06324041644, -52115.37207548286, -51155.9234447388, -25904.598939967032, -29004.048288351096, -58940.700762355424, -46166.23177125833, -0.048, 0.92, -0.342, 192.0, 0.0, 0.0, 0.0, 0.0, 0.0, 0.0, 0.0, 0.0, 0.0, 1.741279699706863E9, 0.0, 2025-03-06 10:48:19.706
229.0, -40305.87259601028, -46753.92618822172, -52130.75007566811, -51176.95643627125, -25897.93812011935, -29005.50115174069, -58946.60162289163, -46170.61271317157, -0.048, 0.92, -0.342, 192.0, 0.0, 0.0, 0.0, 0.0, 0.0, 0.0, 0.0, 0.0, 0.0, 1.741279699706877E9, 0.0, 2025-03-06 10:48:19.706
230.0, -40315.08151472587, -46762.375147625826, -52140.45073276171, -51185.40539567535, -25864.20933773629, -29012.31843379956, -58950.24495723784, -46165.94119858041, -0.048, 0.92, -0.342, 192.0, 0.0, 0.0, 0.0, 0.0, 0.0, 0.0, 0.0, 0.0, 0.0, 1.74127969970689E9, 0.0, 2025-03-06 10:48:19.706
231.0, -40316.42261939319, -46761.97281622563, -52142.08241010695, -51180.93504678429, -25889.198588037325, -29020.476820525746, -58953.8659398396, -46175.10541380709, -0.048, 0.92, -0.342, 192.0, 0.0, 0.0, 0.0, 0.0, 0.0, 0.0, 0.0, 0.0, 0.0, 1.741279699706903E9, 0.0, 2025-03-06 10:48:19.706
232.0, -40309.69474431214, -46756.94367372319, -52135.801569915006, -51172.30727342454, -25940.04880667315, -29020.812096692574, -58952.18955900545, -46172.28909400572, -0.048, 0.92, -0.342, 192.0, 0.0, 0.0, 0.0, 0.0, 0.0, 0.0, 0.0, 0.0, 0.0, 1.741279699706917E9, 0.0, 2025-03-06 10:48:19.706
233.0, -40302.944517486634, -46755.311996377946, -52133.36522976938, -51176.3305874265, -25955.18093766939, -29016.006471634686, -58952.8154078502, -46170.81387887167, -0.044, 0.918, -0.342, 192.0, 254.0, 160.0, 28.0, 176.0, 245.0, 80.0, 0.0, 0.0, 0.0, 1.74127969970693E9, 0.0, 2025-03-06 10:48:19.706
234.0, -40310.67822106817, -46765.68320580521, -52144.74226769713, -51188.48993641019, -25901.26853004319, -29026.489439784225, -58959.90091084253, -46154.69827111939, -0.044, 0.918, -0.342, 192.0, 0.0, 0.0, 0.0, 0.0, 0.0, 0.0, 0.0, 0.0, 0.0, 1.741279699706945E9, 0.0, 2025-03-06 10:48:19.706
235.0, -40323.53047412998, -46775.80854604347, -52153.10182012342, -51193.51907891263, -25900.732088176264, -29032.435003809336, -58967.344041746146, -46179.955742353886, -0.044, 0.918, -0.342, 192.0, 0.0, 0.0, 0.0, 0.0, 0.0, 0.0, 0.0, 0.0, 0.0, 1.741279699706959E9, 0.0, 2025-03-06 10:48:19.706
236.0, -40319.373049661284, -46770.757051796565, -52142.08241010695, -51176.24118044868, -25955.538565580675, -29017.727555957743, -58962.158437032514, -46220.12182714007, -0.044, 0.918, -0.342, 192.0, 0.0, 0.0, 0.0, 0.0, 0.0, 0.0, 0.0, 0.0, 0.0, 1.741279699706977E9, 0.0, 2025-03-06 10:48:19.706
237.0, -40328.470209654595, -46784.68218859222, -52154.688793979745, -51193.47437542372, -25967.630859330995, -29033.597294521012, -58973.490771471355, -46221.842911463136, -0.044, 0.918, -0.342, 192.0, 0.0, 0.0, 0.0, 0.0, 0.0, 0.0, 0.0, 0.0, 0.0, 1.74127969976699E9, 0.0, 2025-03-06 10:48:19.766
238.0, -40341.50127667204, -46802.80945334548, -52168.23395111966, -51211.691047154796, -25917.495896517743, -29050.6069720515, -58989.226399567895, -46225.396838831526, -0.044, 0.918, -0.342, 192.0, 0.0, 0.0, 0.0, 0.0, 0.0, 0.0, 0.0, 0.0, 0.0, 1.741279699767017E9, 0.0, 2025-03-06 10:48:19.767
239.0, -40343.31176797292, -46801.669514378256, -52163.137753383846, -51203.622067406424, -25928.001216411736, -29048.528259817158, -58989.092289101165, -46214.77976021526, -0.044, 0.918, -0.342, 192.0, 0.0, 0.0, 0.0, 0.0, 0.0, 0.0, 0.0, 0.0, 0.0, 1.741279699767032E9, 0.0, 2025-03-06 10:48:19.767
240.0, -40351.17958202119, -46806.74336036961, -52167.80926797501, -51208.1371197864, -25996.665775378442, -29049.5564400621, -58985.13603033257, -46205.01204788829, -0.044, 0.918, -0.342, 192.0, 0.0, 0.0, 0.0, 0.0, 0.0, 0.0, 0.0, 0.0, 0.0, 1.741279699767046E9, 0.0, 2025-03-06 10:48:19.767
241.0, -40353.995901822556, -46810.40904646028, -52166.95990168571, -51204.91846858484, -26031.601551962085, -29046.628361538456, -58983.61611170961, -46211.87403343607, -0.044, 0.918, -0.342, 192.0, 0.0, 0.0, 0.0, 0.0, 0.0, 0.0, 0.0, 0.0, 0.0, 1.741279699767059E9, 0.0, 2025-03-06 10:48:19.767
242.0, -40360.09792805886, -46819.50620645359, -52172.301968610525, -51210.95343958777, -25982.651231604963, -29058.36302737749, -58995.1272601041, -46208.6553822345, -0.044, 0.918, -0.342, 192.0, 0.0, 0.0, 0.0, 0.0, 0.0, 0.0, 0.0, 0.0, 0.0, 1.741279699767076E9, 0.0, 2025-03-06 10:48:19.767
243.0, -40375.386521266286, -46831.017354848074, -52184.260151894116, -51220.408227492364, -25944.630914286485, -29074.970373507786, -58998.90470491704, -46212.49988228082, -0.046, 0.918, -0.34600000000000003, 192.0, 254.0, 144.0, 28.0, 176.0, 245.0, 48.0, 0.0, 0.0, 0.0, 1.741279699767089E9, 0.0, 2025-03-06 10:48:19.767
244.0, -40378.404006767756, -46833.92308162726, -52187.054119951026, -51219.715323414246, -26011.037947063203, -29078.211376453804, -58991.70744320243, -46203.089797865134, -0.046, 0.918, -0.34600000000000003, 192.0, 0.0, 0.0, 0.0, 0.0, 0.0, 0.0, 0.0, 0.0, 0.0, 1.741279699767105E9, 0.0, 2025-03-06 10:48:19.767
245.0, -40367.60811419584, -46829.78800890303, -52177.107593668414, -51212.11573029945, -26059.809453464684, -29071.215280439294, -59000.35756830664, -46253.04594672274, -0.046, 0.918, -0.34600000000000003, 192.0, 0.0, 0.0, 0.0, 0.0, 0.0, 0.0, 0.0, 0.0, 0.0, 1.741279699767119E9, 0.0, 2025-03-06 10:48:19.767
246.0, -40379.298076545965, -46845.277767810556, -52187.79172751805, -51228.67837294083, -26023.91255186946, -29082.27939394467, -59017.38959758158, -46258.70093806994, -0.046, 0.918, -0.34600000000000003, 192.0, 0.0, 0.0, 0.0, 0.0, 0.0, 0.0, 0.0, 0.0, 0.0, 1.741279699767132E9, 0.0, 2025-03-06 10:48:19.767
247.0, -40381.17562308021, -46849.0105091346, -52186.964712973204, -51230.84649215299, -25977.175054213414, -29075.08213223006, -59009.6782457445, -46259.639711337055, -0.046, 0.918, -0.34600000000000003, 192.0, 0.0, 0.0, 0.0, 0.0, 0.0, 0.0, 0.0, 0.0, 0.0, 1.741279699767146E9, 0.0, 2025-03-06 10:48:19.767
248.0, -40395.19016685369, -46865.640207009346, -52201.80627129153, -51250.06899238456, -25985.601661873065, -29097.210359240817, -59029.37013260963, -46267.14989747404, -0.046, 0.918, -0.34600000000000003, 192.0, 0.0, 0.0, 0.0, 0.0, 0.0, 0.0, 0.0, 0.0, 0.0, 1.74127969976716E9, 0.0, 2025-03-06 10:48:19.767
249.0, -40384.14840509277, -46854.710203970695, -52192.84322176495, -51237.50731200067, -26035.267238052755, -29083.061705000608, -59026.687923274985, -46288.8757930846, -0.046, 0.918, -0.34600000000000003, 192.0, 0.0, 0.0, 0.0, 0.0, 0.0, 0.0, 0.0, 0.0, 0.0, 1.741279699767173E9, 0.0, 2025-03-06 10:48:19.767
250.0, -40390.31748656243, -46859.78404996205, -52205.784881804575, -51247.543245261106, -26018.81635413365, -29081.497082888734, -59028.74428376488, -46290.619229152115, -0.046, 0.918, -0.34600000000000003, 192.0, 0.0, 0.0, 0.0, 0.0, 0.0, 0.0, 0.0, 0.0, 0.0, 1.741279699767187E9, 0.0, 2025-03-06 10:48:19.767
251.0, -40394.56431800894, -46861.2592650961, -52212.37864641889, -51253.064126141566, -25977.957365269347, -29074.903318274417, -59032.991115211385, -46285.00894129383, -0.046, 0.918, -0.34600000000000003, 192.0, 0.0, 0.0, 0.0, 0.0, 0.0, 0.0, 0.0, 0.0, 0.0, 1.741279699767204E9, 0.0, 2025-03-06 10:48:19.767
252.0, -40407.79655072648, -46868.45652681071, -52220.4252744228, -51256.7968674656, -25994.452952677366, -29084.402809667925, -59033.10287393366, -46271.30732194273, -0.046, 0.918, -0.34600000000000003, 192.0, 0.0, 0.0, 0.0, 0.0, 0.0, 0.0, 0.0, 0.0, 0.0, 1.741279699827262E9, 0.0, 2025-03-06 10:48:19.827
253.0, -40408.243585615586, -46862.756831974606, -52219.79942557805, -51259.00969016668, -26054.422683050954, -29086.839149813553, -59031.82882449971, -46265.33940617316, -0.044, 0.93, -0.34800000000000003, 192.0, 254.0, 160.0, 29.0, 16.0, 245.0, 32.0, 0.0, 0.0, 0.0, 1.741279699827291E9, 0.0, 2025-03-06 10:48:19.827
254.0, -40405.874300703326, -46859.00173890612, -52222.19106223477, -51259.16615237787, -26057.68603774143, -29090.326021948582, -59034.84631000118, -46269.9215137865, -0.044, 0.93, -0.34800000000000003, 192.0, 0.0, 0.0, 0.0, 0.0, 0.0, 0.0, 0.0, 0.0, 0.0, 1.741279699827305E9, 0.0, 2025-03-06 10:48:19.827
255.0, -40412.80334148447, -46866.266055854096, -52235.82562635251, -51270.252617627695, -25999.012708546248, -29104.541731422156, -59041.529481593316, -46269.58623761967, -0.044, 0.93, -0.34800000000000003, 192.0, 0.0, 0.0, 0.0, 0.0, 0.0, 0.0, 0.0, 0.0, 0.0, 1.741279699827318E9, 0.0, 2025-03-06 10:48:19.827
0.0, -40424.64976604578, -46876.27963737007, -52248.74493464768, -51279.126260176454, -26010.32269124063, -29104.362917466515, -59039.5848798257, -46260.44437413745, -0.044, 0.93, -0.34800000000000003, 192.0, 0.0, 0.0, 0.0, 0.0, 0.0, 0.0, 0.0, 0.0, 0.0, 1.741279699827332E9, 0.0, 2025-03-06 10:48:19.827
1.0, -40422.503998578075, -46876.23493388116, -52242.978184578205, -51283.14957417841, -26073.801645493706, -29106.91101633442, -59052.79476079879, -46273.38603417707, -0.044, 0.93, -0.34800000000000003, 192.0, 0.0, 0.0, 0.0, 0.0, 0.0, 0.0, 0.0, 0.0, 0.0, 1.741279699827349E9, 0.0, 2025-03-06 10:48:19.827
2.0, -40406.29898384798, -46866.17664887627, -52233.411637951336, -51276.57816130855, -26085.40220086601, -29105.122876777994, -59054.40408639957, -46272.380205676585, -0.044, 0.93, -0.34800000000000003, 192.0, 0.0, 0.0, 0.0, 0.0, 0.0, 0.0, 0.0, 0.0, 0.0, 1.741279699827361E9, 0.0, 2025-03-06 10:48:19.827
3.0, -40410.76933273904, -46873.48566931316, -52236.67499264181, -51278.232190398245, -26029.72400542784, -29118.712737406822, -59062.24954870338, -46274.749490588845, -0.044, 0.93, -0.34800000000000003, 192.0, 0.0, 0.0, 0.0, 0.0, 0.0, 0.0, 0.0, 0.0, 0.0, 1.741279699827375E9, 0.0, 2025-03-06 10:48:19.827
4.0, -40420.537045066005, -46880.794689750044, -52238.88781534288, -51279.9532747213, -26022.794964646695, -29123.116031064517, -59062.51776963685, -46293.10027278665, -0.044, 0.93, -0.34800000000000003, 192.0, 0.0, 0.0, 0.0, 0.0, 0.0, 0.0, 0.0, 0.0, 0.0, 1.741279699827388E9, 0.0, 2025-03-06 10:48:19.827
5.0, -40421.60992879986, -46883.096919428936, -52236.898510086365, -51277.49458283122, -26063.29632559971, -29124.367728754012, -59064.529426637826, -46296.8777175996, -0.044, 0.93, -0.34800000000000003, 192.0, 0.0, 0.0, 0.0, 0.0, 0.0, 0.0, 0.0, 0.0, 0.0, 1.741279699827401E9, 0.0, 2025-03-06 10:48:19.827
6.0, -40425.923815479735, -46880.54882056103, -52240.743010132675, -51274.27593162965, -26074.807473994195, -29131.073252090606, -59068.32922319523, -46294.64254315407, -0.044, 0.93, -0.34800000000000003, 192.0, 0.0, 0.0, 0.0, 0.0, 0.0, 0.0, 0.0, 0.0, 0.0, 1.741279699827415E9, 0.0, 2025-03-06 10:48:19.827
7.0, -40432.38346962732, -46886.82966075298, -52249.63900442589, -51286.77055678017, -26031.48979323981, -29143.322008052113, -59073.805400586774, -46300.14107229008, -0.044, 0.926, -0.352, 192.0, 254.0, 160.0, 28.0, 240.0, 245.0, 0.0, 0.0, 0.0, 0.0, 1.741279699827428E9, 0.0, 2025-03-06 10:48:19.827
8.0, -40436.898522007294, -46891.45647185522, -52249.4825422147, -51289.78804228164, -26024.806621647673, -29147.501784265256, -59074.990043042904, -46297.90589784455, -0.044, 0.926, -0.352, 192.0, 0.0, 0.0, 0.0, 0.0, 0.0, 0.0, 0.0, 0.0, 0.0, 1.741279699827443E9, 0.0, 2025-03-06 10:48:19.827
9.0, -40443.78285929953, -46899.70426555923, -52257.55152196307, -51294.951295250816, -26070.78415999224, -29153.000313401262, -59079.63920588961, -46308.27710727181, -0.044, 0.926, -0.352, 192.0, 0.0, 0.0, 0.0, 0.0, 0.0, 0.0, 0.0, 0.0, 0.0, 1.741279699827456E9, 0.0, 2025-03-06 10:48:19.827
10.0, -40451.158934969775, -46903.7722830501, -52262.96064412125, -51293.252562672205, -26077.266165884277, -29154.56493551313, -59081.67321463505, -46315.00498235285, -0.044, 0.926, -0.352, 192.0, 0.0, 0.0, 0.0, 0.0, 0.0, 0.0, 0.0, 0.0, 0.0, 1.741279699827473E9, 0.0, 2025-03-06 10:48:19.827
11.0, -40448.20850470168, -46902.69939931624, -52261.17250456483, -51289.51982134817, -26067.431398323944, -29152.57563025661, -59076.50996166587, -46304.14203454758, -0.044, 0.926, -0.352, 192.0, 0.0, 0.0, 0.0, 0.0, 0.0, 0.0, 0.0, 0.0, 0.0, 1.741279699887568E9, 0.0, 2025-03-06 10:48:19.887
12.0, -40464.83820257642, -46921.87719605889, -52275.23175182722, -51302.2603156877, -26033.300284540688, -29165.606697274055, -59095.50894445288, -46343.57051176674, -0.044, 0.926, -0.352, 192.0, 0.0, 0.0, 0.0, 0.0, 0.0, 0.0, 0.0, 0.0, 0.0, 1.741279699887595E9, 0.0, 2025-03-06 10:48:19.887
13.0, -40471.27550497955, -46930.706135118744, -52276.12582160543, -51309.63639135795, -26074.651011783008, -29175.843796234585, -59102.10270906719, -46328.17015983703, -0.044, 0.926, -0.352, 192.0, 0.0, 0.0, 0.0, 0.0, 0.0, 0.0, 0.0, 0.0, 0.0, 1.741279699887609E9, 0.0, 2025-03-06 10:48:19.887
14.0, -40468.34742645591, -46935.84703634346, -52274.717661704744, -51312.47506290377, -26105.31760517569, -29169.384142087, -59092.8490868627, -46324.54917723527, -0.044, 0.926, -0.352, 192.0, 0.0, 0.0, 0.0, 0.0, 0.0, 0.0, 0.0, 0.0, 0.0, 1.741279699887622E9, 0.0, 2025-03-06 10:48:19.887
15.0, -40471.20844974619, -46942.48550444669, -52278.65156872888, -51314.28555420465, -26086.922119488972, -29156.084854136094, -59090.56920892825, -46329.89124416009, -0.044, 0.926, -0.352, 192.0, 0.0, 0.0, 0.0, 0.0, 0.0, 0.0, 0.0, 0.0, 0.0, 1.741279699887636E9, 0.0, 2025-03-06 10:48:19.887
16.0, -40488.86632786588, -46955.449516230765, -52292.55435378008, -51324.1650252539, -26043.045645123202, -29162.164528627938, -59098.39231948761, -46332.93108140601, -0.044, 0.926, -0.352, 192.0, 0.0, 0.0, 0.0, 0.0, 0.0, 0.0, 0.0, 0.0, 0.0, 1.74127969988765E9, 0.0, 2025-03-06 10:48:19.887
17.0, -40482.80900511849, -46946.933501593296, -52282.71958621974, -51310.038722758145, -26092.39829688052, -29157.560069270145, -59091.95501708449, -46351.97476768193, -0.048, 0.922, -0.34600000000000003, 192.0, 254.0, 128.0, 28.0, 208.0, 245.0, 48.0, 0.0, 0.0, 0.0, 1.741279699887667E9, 0.0, 2025-03-06 10:48:19.887
18.0, -40482.74194988512, -46951.09092606198, -52284.373615309436, -51321.706333363814, -26127.669349630996, -29159.30350533766, -59099.196982288006, -46365.36346261066, -0.048, 0.922, -0.34600000000000003, 192.0, 0.0, 0.0, 0.0, 0.0, 0.0, 0.0, 0.0, 0.0, 0.0, 1.741279699887682E9, 0.0, 2025-03-06 10:48:19.887
19.0, -40489.402769732806, -46959.49518197718, -52296.175336381835, -51333.77627536968, -26119.712128604908, -29153.7826244572, -59101.45450847799, -46348.443192057995, -0.048, 0.922, -0.34600000000000003, 192.0, 0.0, 0.0, 0.0, 0.0, 0.0, 0.0, 0.0, 0.0, 0.0, 1.741279699887696E9, 0.0, 2025-03-06 10:48:19.887
20.0, -40492.688476167736, -46960.2327895442, -52299.595153283495, -51330.40116195693, -26079.16606416298, -29159.258801848748, -59105.25430503539, -46361.943645709, -0.048, 0.922, -0.34600000000000003, 192.0, 0.0, 0.0, 0.0, 0.0, 0.0, 0.0, 0.0, 0.0, 0.0, 1.741279699887709E9, 0.0, 2025-03-06 10:48:19.887
21.0, -40500.46688323819, -46960.74687966667, -52306.85947023147, -51336.59259517105, -26112.44781165693, -29166.947801941373, -59104.583752701736, -46336.70852621896, -0.048, 0.922, -0.34600000000000003, 192.0, 0.0, 0.0, 0.0, 0.0, 0.0, 0.0, 0.0, 0.0, 0.0, 1.741279699887723E9, 0.0, 2025-03-06 10:48:19.887
22.0, -40499.885737882345, -46955.62833018641, -52314.45906334628, -51339.65478416142, -26170.249422818357, -29170.6358397765, -59110.730482426945, -46328.2819185593, -0.048, 0.922, -0.34600000000000003, 192.0, 0.0, 0.0, 0.0, 0.0, 0.0, 0.0, 0.0, 0.0, 0.0, 1.741279699887737E9, 0.0, 2025-03-06 10:48:19.887
23.0, -40504.53490072905, -46957.63998718739, -52319.97994422674, -51345.332127253074, -26161.1746145695, -29181.67760153742, -59128.67893322455, -46373.58890457021, -0.048, 0.922, -0.34600000000000003, 192.0, 0.0, 0.0, 0.0, 0.0, 0.0, 0.0, 0.0, 0.0, 0.0, 1.74127969988775E9, 0.0, 2025-03-06 10:48:19.887
24.0, -40511.10631359891, -46962.71383317874, -52320.78460702713, -51355.72568842479, -26102.948320263426, -29191.981755731318, -59145.62155552168, -46357.56270379576, -0.048, 0.922, -0.34600000000000003, 192.0, 0.0, 0.0, 0.0, 0.0, 0.0, 0.0, 0.0, 0.0, 0.0, 1.741279699887763E9, 0.0, 2025-03-06 10:48:19.887
25.0, -40504.82547340697, -46965.64191170239, -52320.18110992684, -51358.139676825966, -26101.003718495813, -29200.341308157604, -59151.58947129124, -46366.65986378907, -0.048, 0.922, -0.34600000000000003, 192.0, 0.0, 0.0, 0.0, 0.0, 0.0, 0.0, 0.0, 0.0, 0.0, 1.74127969988778E9, 0.0, 2025-03-06 10:48:19.887
26.0, -40498.38817100384, -46961.50683897815, -52316.02368545815, -51351.121229067, -26160.79463491376, -29189.05367720767, -59149.443703823534, -46388.139890210616, -0.048, 0.922, -0.34600000000000003, 192.0, 0.0, 0.0, 0.0, 0.0, 0.0, 0.0, 0.0, 0.0, 0.0, 1.741279699946572E9, 0.0, 2025-03-06 10:48:19.946
27.0, -40510.368706031884, -46972.503897250164, -52329.457083875786, -51367.59446473056, -26175.099751365156, -29198.55316860118, -59156.32804111577, -46387.04465473231, -0.038, 0.924, -0.342, 192.0, 254.0, 208.0, 28.0, 224.0, 245.0, 80.0, 0.0, 0.0, 0.0, 1.741279699946599E9, 0.0, 2025-03-06 10:48:19.946
28.0, -40519.35410730292, -46980.0364351316, -52338.5542438691, -51375.685796223384, -26125.814154841206, -29223.07303226865, -59170.11906744469, -46402.3555996842, -0.038, 0.924, -0.342, 192.0, 0.0, 0.0, 0.0, 0.0, 0.0, 0.0, 0.0, 0.0, 0.0, 1.741279699946614E9, 0.0, 2025-03-06 10:48:19.946
29.0, -40522.99744164913, -46985.244391589695, -52336.92256652386, -51371.86364792152, -26125.434175185466, -29231.7008056284, -59169.82849476678, -46390.95621001199, -0.038, 0.924, -0.342, 192.0, 0.0, 0.0, 0.0, 0.0, 0.0, 0.0, 0.0, 0.0, 0.0, 1.741279699946627E9, 0.0, 2025-03-06 10:48:19.946
30.0, -40517.655374724316, -46984.52913576712, -52330.59702284301, -51373.78589794468, -26180.41946654552, -29238.87571559855, -59164.486427841955, -46380.093262206705, -0.038, 0.924, -0.342, 192.0, 0.0, 0.0, 0.0, 0.0, 0.0, 0.0, 0.0, 0.0, 0.0, 1.741279699946641E9, 0.0, 2025-03-06 10:48:19.946
31.0, -40514.48142701166, -46986.87606893493, -52332.519272866164, -51380.67023523692, -26200.960719699946, -29237.64636965351, -59165.872235998184, -46404.210794473984, -0.038, 0.924, -0.342, 192.0, 0.0, 0.0, 0.0, 0.0, 0.0, 0.0, 0.0, 0.0, 0.0, 1.741279699946654E9, 0.0, 2025-03-06 10:48:19.946
32.0, -40518.0130026356, -46993.51453703816, -52340.74471482572, -51386.90637193994, -26156.88307963408, -29239.009826065285, -59167.39215462115, -46409.105826509694, -0.038, 0.924, -0.342, 192.0, 0.0, 0.0, 0.0, 0.0, 0.0, 0.0, 0.0, 0.0, 0.0, 1.741279699946672E9, 0.0, 2025-03-06 10:48:19.946
33.0, -40525.65729923932, -46996.420263817345, -52341.45997064829, -51383.3300928271, -26138.84522185865, -29232.21489575087, -59162.877102241175, -46413.48676842294, -0.038, 0.924, -0.342, 192.0, 0.0, 0.0, 0.0, 0.0, 0.0, 0.0, 0.0, 0.0, 0.0, 1.741279699946686E9, 0.0, 2025-03-06 10:48:19.946
34.0, -40533.81568596551, -47001.6952755088, -52343.11399973798, -51383.41949980492, -26182.542882268775, -29232.840744595618, -59156.32804111577, -46387.78226229933, -0.038, 0.924, -0.342, 192.0, 0.0, 0.0, 0.0, 0.0, 0.0, 0.0, 0.0, 0.0, 0.0, 1.7412796999467E9, 0.0, 2025-03-06 10:48:19.946
35.0, -40540.67767151328, -47009.83131049053, -52353.68637486534, -51392.40490107595, -26207.956815714457, -29242.943733089418, -59157.222110893985, -46398.622858360155, -0.038, 0.924, -0.342, 192.0, 0.0, 0.0, 0.0, 0.0, 0.0, 0.0, 0.0, 0.0, 0.0, 1.741279699946714E9, 0.0, 2025-03-06 10:48:19.946
36.0, -40545.818572738004, -47015.53100532663, -52362.112982524995, -51399.3339418571, -26171.121140852112, -29247.279971513748, -59166.34162263175, -46411.6539253776, -0.038, 0.924, -0.342, 192.0, 0.0, 0.0, 0.0, 0.0, 0.0, 0.0, 0.0, 0.0, 0.0, 1.741279699946727E9, 0.0, 2025-03-06 10:48:19.946
37.0, -40562.515325846114, -47029.88082526694, -52370.67370065137, -51415.538956587196, -26120.405032683022, -29252.64439018302, -59178.970358249, -46408.904660809596, -0.044, 0.924, -0.338, 192.0, 254.0, 160.0, 28.0, 224.0, 245.0, 112.0, 0.0, 0.0, 0.0, 1.741279699946741E9, 0.0, 2025-03-06 10:48:19.946
38.0, -40563.25293341314, -47030.59608108951, -52371.388956473944, -51419.718732800335, -26166.76255068333, -29250.18569829294, -59175.50583785842, -46399.62868686065, -0.044, 0.924, -0.338, 192.0, 0.0, 0.0, 0.0, 0.0, 0.0, 0.0, 0.0, 0.0, 0.0, 1.741279699946757E9, 0.0, 2025-03-06 10:48:19.946
39.0, -40557.150907176845, -47030.30550841159, -52377.89331411044, -51425.999572992274, -26201.921844711527, -29254.588991950633, -59175.394079136146, -46398.95813452699, -0.044, 0.924, -0.338, 192.0, 0.0, 0.0, 0.0, 0.0, 0.0, 0.0, 0.0, 0.0, 0.0, 1.74127969994677E9, 0.0, 2025-03-06 10:48:19.946
40.0, -40562.89530550186, -47036.78751430363, -52383.52595371318, -51432.07924748412, -26173.646887975563, -29254.11960531707, -59183.66422458461, -46410.446931177015, -0.044, 0.924, -0.338, 192.0, 0.0, 0.0, 0.0, 0.0, 0.0, 0.0, 0.0, 0.0, 0.0, 1.741279699946786E9, 0.0, 2025-03-06 10:48:19.946
41.0, -40562.805898524035, -47033.322993913054, -52374.87582860897, -51419.7857880337, -26153.865594132614, -29248.30815175869, -59179.55150360483, -46418.85118709221, -0.044, 0.924, -0.338, 192.0, 0.0, 0.0, 0.0, 0.0, 0.0, 0.0, 0.0, 0.0, 0.0, 1.741279700006854E9, 0.0, 2025-03-06 10:48:20.006
42.0, -40564.37052063591, -47037.9051015264, -52374.09351755304, -51414.24255540879, -26191.70709749545, -29238.36162547608, -59177.58455009277, -46424.46147495049, -0.044, 0.924, -0.338, 192.0, 0.0, 0.0, 0.0, 0.0, 0.0, 0.0, 0.0, 0.0, 0.0, 1.741279700006906E9, 0.0, 2025-03-06 10:48:20.006
43.0, -40573.8253085405, -47048.87980805395, -52383.83887813555, -51430.916956772446, -26214.818801262238, -29251.482099471345, -59190.839134554764, -46431.52462619837, -0.044, 0.924, -0.338, 192.0, 0.0, 0.0, 0.0, 0.0, 0.0, 0.0, 0.0, 0.0, 0.0, 1.741279700006919E9, 0.0, 2025-03-06 10:48:20.006
44.0, -40586.722265091215, -47058.356947703, -52398.27810505368, -51442.80808482267, -26183.727524724905, -29268.46942525738, -59205.34541670626, -46447.41671650609, -0.044, 0.924, -0.338, 192.0, 0.0, 0.0, 0.0, 0.0, 0.0, 0.0, 0.0, 0.0, 0.0, 1.741279700006933E9, 0.0, 2025-03-06 10:48:20.006
45.0, -40585.26940170162, -47053.9089505564, -52392.42194800639, -51436.25902369726, -26138.46524220291, -29267.26243105679, -59202.015006782414, -46436.55376870081, -0.044, 0.924, -0.338, 192.0, 0.0, 0.0, 0.0, 0.0, 0.0, 0.0, 0.0, 0.0, 0.0, 1.741279700006946E9, 0.0, 2025-03-06 10:48:20.006
46.0, -40582.43073015579, -47053.260749967194, -52387.07988108157, -51436.437837652906, -26165.89083264957, -29263.999076366315, -59195.53300089038, -46422.02513480486, -0.044, 0.924, -0.338, 192.0, 0.0, 0.0, 0.0, 0.0, 0.0, 0.0, 0.0, 0.0, 0.0, 1.74127970000696E9, 0.0, 2025-03-06 10:48:20.006
47.0, -40582.76600632263, -47054.512447656685, -52391.4161195059, -51439.54473013219, -26209.432030848508, -29264.893146144528, -59198.08109975828, -46430.362335486694, -0.042, 0.922, -0.342, 192.0, 254.0, 176.0, 28.0, 208.0, 245.0, 80.0, 0.0, 0.0, 0.0, 1.741279700006976E9, 0.0, 2025-03-06 10:48:20.006
48.0, -40585.805843568545, -47055.607683135, -52398.50162249823, -51438.9412330319, -26210.840190749193, -29264.5578699777, -59204.51840216141, -46448.98133861797, -0.042, 0.922, -0.342, 192.0, 0.0, 0.0, 0.0, 0.0, 0.0, 0.0, 0.0, 0.0, 0.0, 1.741279700006992E9, 0.0, 2025-03-06 10:48:20.006
49.0, -40591.684352360295, -47058.17813374736, -52408.04581738065, -51444.752686590284, -26163.253326803846, -29264.26729729978, -59205.323064961805, -46444.24276879344, -0.042, 0.922, -0.342, 192.0, 0.0, 0.0, 0.0, 0.0, 0.0, 0.0, 0.0, 0.0, 0.0, 1.741279700007005E9, 0.0, 2025-03-06 10:48:20.007
50.0, -40603.68723913279, -47065.19658150632, -52416.360666318025, -51450.85471282658, -26179.056010133747, -29272.38098053706, -59209.368730708215, -46432.9104343546, -0.042, 0.922, -0.342, 192.0, 0.0, 0.0, 0.0, 0.0, 0.0, 0.0, 0.0, 0.0, 0.0, 1.741279700007019E9, 0.0, 2025-03-06 10:48:20.007
51.0, -40602.32378272102, -47065.59891290652, -52414.03608489467, -51454.14041926151, -26226.62052233464, -29279.868814929585, -59216.834213356284, -46456.089193354754, -0.042, 0.922, -0.342, 192.0, 0.0, 0.0, 0.0, 0.0, 0.0, 0.0, 0.0, 0.0, 0.0, 1.741279700007032E9, 0.0, 2025-03-06 10:48:20.007
52.0, -40590.70087560426, -47050.51148539919, -52402.18966033336, -51436.81781730865, -26265.177281520046, -29274.61615498259, -59206.842983584764, -46459.88898991216, -0.042, 0.922, -0.342, 192.0, 0.0, 0.0, 0.0, 0.0, 0.0, 0.0, 0.0, 0.0, 0.0, 1.741279700007046E9, 0.0, 2025-03-06 10:48:20.007
53.0, -40591.90786980485, -47053.35015694501, -52404.76011094572, -51445.06561101265, -26232.163754959554, -29284.786198709753, -59212.38621620968, -46455.55275148783, -0.042, 0.922, -0.342, 192.0, 0.0, 0.0, 0.0, 0.0, 0.0, 0.0, 0.0, 0.0, 0.0, 1.74127970000706E9, 0.0, 2025-03-06 10:48:20.007
54.0, -40602.07791353201, -47070.06926179758, -52418.05939889663, -51462.41056470997, -26204.827571490714, -29298.13019014957, -59227.227774528, -46462.83942018026, -0.042, 0.922, -0.342, 192.0, 0.0, 0.0, 0.0, 0.0, 0.0, 0.0, 0.0, 0.0, 0.0, 1.741279700007074E9, 0.0, 2025-03-06 10:48:20.007
55.0, -40605.78830311159, -47070.806869364606, -52419.221689608305, -51459.03545129722, -26257.24241223841, -29286.730800477362, -59213.637913899176, -46448.73546942895, -0.042, 0.922, -0.342, 192.0, 0.0, 0.0, 0.0, 0.0, 0.0, 0.0, 0.0, 0.0, 0.0, 1.74127970000709E9, 0.0, 2025-03-06 10:48:20.007
56.0, -40620.54045445209, -47081.37924449197, -52437.63952703948, -51473.273512515254, -26282.0528485838, -29305.506265819822, -59225.75255939395, -46436.35260300071, -0.042, 0.922, -0.342, 192.0, 0.0, 0.0, 0.0, 0.0, 0.0, 0.0, 0.0, 0.0, 0.0, 1.74127970006715E9, 0.0, 2025-03-06 10:48:20.067
57.0, -40615.33249799401, -47089.64938994043, -52434.33146886009, -51484.0023498538, -26241.506784141875, -29325.689891062964, -59244.460969503045, -46470.550772017334, -0.042, 0.92, -0.342, 192.0, 254.0, 176.0, 28.0, 192.0, 245.0, 80.0, 0.0, 0.0, 0.0, 1.741279700067176E9, 0.0, 2025-03-06 10:48:20.067
58.0, -40600.982678053704, -47080.75339564722, -52413.43258779438, -51466.16565777847, -26236.18706896151, -29308.635510043565, -59238.448350244566, -46510.60509808124, -0.042, 0.92, -0.342, 192.0, 0.0, 0.0, 0.0, 0.0, 0.0, 0.0, 0.0, 0.0, 0.0, 1.741279700067191E9, 0.0, 2025-03-06 10:48:20.067
59.0, -40596.5346809071, -47079.09936655752, -52409.74454995925, -51457.00144255179, -26296.402668524108, -29303.13698090756, -59227.38423673919, -46489.70621701553, -0.042, 0.92, -0.342, 192.0, 0.0, 0.0, 0.0, 0.0, 0.0, 0.0, 0.0, 0.0, 0.0, 1.741279700067204E9, 0.0, 2025-03-06 10:48:20.067
60.0, -40605.49773043367, -47088.017712595196, -52422.23917510977, -51466.81385836767, -26317.97210192348, -29306.355632109124, -59229.55235595135, -46497.59638280826, -0.042, 0.92, -0.342, 192.0, 0.0, 0.0, 0.0, 0.0, 0.0, 0.0, 0.0, 0.0, 0.0, 1.741279700067218E9, 0.0, 2025-03-06 10:48:20.067
61.0, -40615.84658811648, -47096.62313421049, -52435.06907642711, -51480.336663763126, -26282.72340091746, -29317.151524681038, -59245.55620498135, -46496.7246647745, -0.042, 0.92, -0.342, 192.0, 0.0, 0.0, 0.0, 0.0, 0.0, 0.0, 0.0, 0.0, 0.0, 1.741279700067231E9, 0.0, 2025-03-06 10:48:20.067
62.0, -40627.17892255532, -47106.65906747092, -52442.89218698647, -51486.5057452328, -26239.316313185253, -29328.774431797796, -59250.67475446162, -46504.257202655936, -0.042, 0.92, -0.342, 192.0, 0.0, 0.0, 0.0, 0.0, 0.0, 0.0, 0.0, 0.0, 0.0, 1.741279700067248E9, 0.0, 2025-03-06 10:48:20.067
63.0, -40623.982623098214, -47104.08861685856, -52438.80181775115, -51484.49408823182, -26296.045040612822, -29322.873571261596, -59242.158739824146, -46507.65466781315, -0.042, 0.92, -0.342, 192.0, 0.0, 0.0, 0.0, 0.0, 0.0, 0.0, 0.0, 0.0, 0.0, 1.741279700067262E9, 0.0, 2025-03-06 10:48:20.067
64.0, -40627.13421906641, -47102.52399474669, -52438.42183809541, -51481.76717540827, -26352.818471529303, -29314.782239768774, -59237.91190837764, -46490.37676934919, -0.042, 0.92, -0.342, 192.0, 0.0, 0.0, 0.0, 0.0, 0.0, 0.0, 0.0, 0.0, 0.0, 1.741279700067275E9, 0.0, 2025-03-06 10:48:20.067
65.0, -40633.03507960261, -47106.100273859534, -52444.166236420424, -51482.68359693094, -26326.48811656095, -29315.788068269263, -59250.741809694984, -46516.26008942844, -0.042, 0.92, -0.342, 192.0, 0.0, 0.0, 0.0, 0.0, 0.0, 0.0, 0.0, 0.0, 0.0, 1.741279700067289E9, 0.0, 2025-03-06 10:48:20.067
66.0, -40646.26731232015, -47117.007925153724, -52454.98448073679, -51493.18891682493, -26265.80313036479, -29320.66074856052, -59260.330708066314, -46518.71878131852, -0.042, 0.92, -0.342, 192.0, 0.0, 0.0, 0.0, 0.0, 0.0, 0.0, 0.0, 0.0, 0.0, 1.741279700067302E9, 0.0, 2025-03-06 10:48:20.067
67.0, -40644.05448961908, -47115.28684083067, -52451.81053302414, -51495.31233254819, -26324.096479904234, -29318.716146792907, -59245.3326875368, -46505.19597592306, -0.044, 0.922, -0.34600000000000003, 192.0, 254.0, 160.0, 28.0, 208.0, 245.0, 48.0, 0.0, 0.0, 0.0, 1.741279700067317E9, 0.0, 2025-03-06 10:48:20.067
68.0, -40639.070050605544, -47112.60463149603, -52447.116666688526, -51490.685521445936, -26388.13422776869, -29305.953300708927, -59243.67865844711, -46522.94326102058, -0.044, 0.922, -0.34600000000000003, 192.0, 0.0, 0.0, 0.0, 0.0, 0.0, 0.0, 0.0, 0.0, 0.0, 1.741279700067331E9, 0.0, 2025-03-06 10:48:20.067
69.0, -40642.087536107014, -47118.550195521144, -52454.604501081056, -51496.45227151541, -26371.817454316315, -29314.804591513228, -59250.987678884, -46519.38933365218, -0.044, 0.922, -0.34600000000000003, 192.0, 0.0, 0.0, 0.0, 0.0, 0.0, 0.0, 0.0, 0.0, 0.0, 1.741279700067346E9, 0.0, 2025-03-06 10:48:20.067
70.0, -40645.1944285863, -47114.03514314117, -52456.52675110421, -51491.98192262434, -26320.1625728801, -29315.050460702238, -59252.73111495151, -46518.60702259625, -0.044, 0.922, -0.34600000000000003, 192.0, 0.0, 0.0, 0.0, 0.0, 0.0, 0.0, 0.0, 0.0, 0.0, 1.741279700067364E9, 0.0, 2025-03-06 10:48:20.067
71.0, -40654.22453334624, -47108.13428260497, -52459.0301464832, -51489.16560282298, -26351.522070350897, -29320.146658438047, -59251.8370451733, -46512.48264461549, -0.044, 0.922, -0.34600000000000003, 192.0, 0.0, 0.0, 0.0, 0.0, 0.0, 0.0, 0.0, 0.0, 0.0, 1.741279700127274E9, 0.0, 2025-03-06 10:48:20.127
72.0, -40675.72691151225, -47121.99236416726, -52481.60540838307, -51507.67284723197, -26382.926271310604, -29331.546048110253, -59269.24905410398, -46522.228005198005, -0.044, 0.922, -0.34600000000000003, 192.0, 0.0, 0.0, 0.0, 0.0, 0.0, 0.0, 0.0, 0.0, 0.0, 1.7412797001273E9, 0.0, 2025-03-06 10:48:20.127
73.0, -40663.56756252856, -47116.672648986896, -52476.06217575815, -51506.44350128693, -26394.75034412746, -29334.630588845088, -59269.5396267819, -46522.67504008711, -0.044, 0.922, -0.34600000000000003, 192.0, 0.0, 0.0, 0.0, 0.0, 0.0, 0.0, 0.0, 0.0, 0.0, 1.741279700127314E9, 0.0, 2025-03-06 10:48:20.127
74.0, -40650.17886759983, -47113.14107336296, -52464.595730852576, -51507.22581234286, -26351.96910524, -29332.14954521055, -59265.20338835757, -46516.550662106354, -0.044, 0.922, -0.34600000000000003, 192.0, 0.0, 0.0, 0.0, 0.0, 0.0, 0.0, 0.0, 0.0, 0.0, 1.741279700127328E9, 0.0, 2025-03-06 10:48:20.127
75.0, -40658.80664095958, -47120.51714903321, -52469.71428033284, -51512.67963798996, -26348.70575054953, -29327.142754452558, -59266.477437791524, -46511.90149925966, -0.044, 0.922, -0.34600000000000003, 192.0, 0.0, 0.0, 0.0, 0.0, 0.0, 0.0, 0.0, 0.0, 0.0, 1.741279700127341E9, 0.0, 2025-03-06 10:48:20.127
76.0, -40658.33725432602, -47118.416085054414, -52471.01068151125, -51514.870108946576, -26401.232350019498, -29334.317664422713, -59263.50465577897, -46510.560394592336, -0.044, 0.922, -0.34600000000000003, 192.0, 0.0, 0.0, 0.0, 0.0, 0.0, 0.0, 0.0, 0.0, 0.0, 1.741279700127355E9, 0.0, 2025-03-06 10:48:20.127
77.0, -40666.31682709656, -47121.43357055588, -52476.97859728082, -51523.07319916168, -26406.328547755307, -29337.603370857643, -59271.55128378288, -46518.49526387397, -0.04, 0.926, -0.35000000000000003, 192.0, 254.0, 192.0, 28.0, 240.0, 245.0, 16.0, 0.0, 0.0, 0.0, 1.741279700127372E9, 0.0, 2025-03-06 10:48:20.127
78.0, -40666.09330965201, -47118.192567609854, -52469.691928588385, -51522.53675729475, -26363.07792223429, -29346.99110352887, -59274.322900095336, -46504.03368521138, -0.04, 0.926, -0.35000000000000003, 192.0, 0.0, 0.0, 0.0, 0.0, 0.0, 0.0, 0.0, 0.0, 0.0, 1.741279700127388E9, 0.0, 2025-03-06 10:48:20.127
79.0, -40671.39067308792, -47119.2207478548, -52472.217675711836, -51523.63199277306, -26353.623134329693, -29353.271943720814, -59277.742716996996, -46521.959784264545, -0.04, 0.926, -0.35000000000000003, 192.0, 0.0, 0.0, 0.0, 0.0, 0.0, 0.0, 0.0, 0.0, 0.0, 1.741279700127402E9, 0.0, 2025-03-06 10:48:20.127
80.0, -40664.01459741767, -47108.51426226071, -52462.5840738516, -51514.803053713214, -26418.666710694637, -29345.851164561653, -59265.15868486866, -46505.240679411974, -0.04, 0.926, -0.35000000000000003, 192.0, 0.0, 0.0, 0.0, 0.0, 0.0, 0.0, 0.0, 0.0, 0.0, 1.741279700127415E9, 0.0, 2025-03-06 10:48:20.127
81.0, -40662.8970101949, -47107.508433760224, -52463.92517851892, -51519.58632702665, -26448.081606397824, -29351.304990208744, -59263.549359267876, -46487.29222861436, -0.04, 0.926, -0.35000000000000003, 192.0, 0.0, 0.0, 0.0, 0.0, 0.0, 0.0, 0.0, 0.0, 0.0, 1.741279700127428E9, 0.0, 2025-03-06 10:48:20.127
82.0, -40672.7988329886, -47111.86702392901, -52469.758983821754, -51522.9614404394, -26400.51709419693, -29359.61983914612, -59270.09842039328, -46539.30473796186, -0.04, 0.926, -0.35000000000000003, 192.0, 0.0, 0.0, 0.0, 0.0, 0.0, 0.0, 0.0, 0.0, 0.0, 1.741279700127441E9, 0.0, 2025-03-06 10:48:20.127
83.0, -40682.16421391538, -47113.65516348543, -52470.94362627788, -51526.828292230166, -26379.864082320226, -29362.86084209214, -59277.653310019174, -46554.21335151355, -0.04, 0.926, -0.35000000000000003, 192.0, 0.0, 0.0, 0.0, 0.0, 0.0, 0.0, 0.0, 0.0, 0.0, 1.741279700127455E9, 0.0, 2025-03-06 10:48:20.127
84.0, -40678.54323131362, -47115.73387571977, -52469.80368731066, -51530.5610335542, -26441.487841783506, -29358.61401064563, -59280.58138854282, -46537.471894916525, -0.04, 0.926, -0.35000000000000003, 192.0, 0.0, 0.0, 0.0, 0.0, 0.0, 0.0, 0.0, 0.0, 0.0, 1.741279700127468E9, 0.0, 2025-03-06 10:48:20.127
85.0, -40668.931981197835, -47114.370419308, -52465.065117486134, -51532.72915276637, -26461.872632726747, -29360.446853690966, -59270.053716904375, -46494.78006300689, -0.04, 0.926, -0.35000000000000003, 192.0, 0.0, 0.0, 0.0, 0.0, 0.0, 0.0, 0.0, 0.0, 0.0, 1.741279700127482E9, 0.0, 2025-03-06 10:48:20.127
86.0, -40668.10496665299, -47114.39277105246, -52471.54712337818, -51533.93614696695, -26419.51607698394, -29364.67133339302, -59275.97692918503, -46524.68669708809, -0.04, 0.926, -0.35000000000000003, 192.0, 0.0, 0.0, 0.0, 0.0, 0.0, 0.0, 0.0, 0.0, 0.0, 1.741279700187647E9, 0.0, 2025-03-06 10:48:20.187
87.0, -40668.9990364312, -47107.26256457121, -52468.70845183235, -51525.66600151849, -26395.37619297221, -29366.593583416176, -59282.50363856598, -46561.34355799479, -0.048, 0.926, -0.34800000000000003, 192.0, 254.0, 128.0, 28.0, 240.0, 245.0, 32.0, 0.0, 0.0, 0.0, 1.741279700187665E9, 0.0, 2025-03-06 10:48:20.187
88.0, -40674.92224871186, -47109.5200907612, -52466.29446343118, -51520.122768893576, -26429.686120711103, -29357.943458311973, -59286.057565934374, -46579.96256112606, -0.048, 0.926, -0.34800000000000003, 192.0, 0.0, 0.0, 0.0, 0.0, 0.0, 0.0, 0.0, 0.0, 0.0, 1.74127970018769E9, 0.0, 2025-03-06 10:48:20.187
89.0, -40681.96304821528, -47115.44330304186, -52476.77743158072, -51532.77385625528, -26452.596658777795, -29365.85597584915, -59297.00992071747, -46571.67006393315, -0.048, 0.926, -0.34800000000000003, 192.0, 0.0, 0.0, 0.0, 0.0, 0.0, 0.0, 0.0, 0.0, 0.0, 1.741279700187704E9, 0.0, 2025-03-06 10:48:20.187
90.0, -40686.411045361885, -47117.74553272075, -52487.39451019699, -51541.53574008176, -26431.362501545253, -29373.455568963956, -59299.11098469627, -46578.867325647756, -0.048, 0.926, -0.34800000000000003, 192.0, 0.0, 0.0, 0.0, 0.0, 0.0, 0.0, 0.0, 0.0, 0.0, 1.741279700187718E9, 0.0, 2025-03-06 10:48:20.187
91.0, -40704.42655139286, -47132.76590499472, -52502.07960630413, -51556.44435363345, -26382.859216077235, -29390.554653472263, -59303.536630098424, -46574.26286628996, -0.048, 0.926, -0.34800000000000003, 192.0, 0.0, 0.0, 0.0, 0.0, 0.0, 0.0, 0.0, 0.0, 0.0, 1.741279700187731E9, 0.0, 2025-03-06 10:48:20.187
92.0, -40703.53248161465, -47132.49768406126, -52497.162222523955, -51553.2704059208, -26420.387795017697, -29388.118313326635, -59304.028368476436, -46568.25024703148, -0.048, 0.926, -0.34800000000000003, 192.0, 0.0, 0.0, 0.0, 0.0, 0.0, 0.0, 0.0, 0.0, 0.0, 1.741279700187748E9, 0.0, 2025-03-06 10:48:20.187
93.0, -40700.313830413084, -47130.75424799374, -52496.759891123766, -51550.92347275299, -26459.10101641429, -29385.6372696921, -59300.0944614523, -46558.95192133808, -0.048, 0.926, -0.34800000000000003, 192.0, 0.0, 0.0, 0.0, 0.0, 0.0, 0.0, 0.0, 0.0, 0.0, 1.741279700187763E9, 0.0, 2025-03-06 10:48:20.187
94.0, -40700.738513557735, -47129.949585193346, -52500.872612103536, -51555.125600710584, -26452.41784482215, -29389.325307527222, -59305.59299058831, -46574.59814245679, -0.048, 0.926, -0.34800000000000003, 192.0, 0.0, 0.0, 0.0, 0.0, 0.0, 0.0, 0.0, 0.0, 0.0, 1.741279700187776E9, 0.0, 2025-03-06 10:48:20.187
95.0, -40707.26522293869, -47138.957338208835, -52513.948382609895, -51568.24607470585, -26399.84654186327, -29400.881159410616, -59317.528822127446, -46580.253133803984, -0.048, 0.926, -0.34800000000000003, 192.0, 0.0, 0.0, 0.0, 0.0, 0.0, 0.0, 0.0, 0.0, 0.0, 1.74127970018779E9, 0.0, 2025-03-06 10:48:20.187
96.0, -40709.835673551046, -47142.28774813268, -52515.2447837883, -51572.11292649662, -26419.024338605923, -29406.066764124247, -59317.77469131645, -46581.05779660437, -0.048, 0.926, -0.34800000000000003, 192.0, 0.0, 0.0, 0.0, 0.0, 0.0, 0.0, 0.0, 0.0, 0.0, 1.741279700187803E9, 0.0, 2025-03-06 10:48:20.187
97.0, -40708.494568883725, -47144.52292257821, -52513.05431283168, -51574.34810094215, -26450.652057010182, -29399.29418555429, -59316.7018075826, -46576.833316902324, -0.05, 0.922, -0.34400000000000003, 192.0, 254.0, 112.0, 28.0, 208.0, 245.0, 64.0, 0.0, 0.0, 0.0, 1.741279700187817E9, 0.0, 2025-03-06 10:48:20.187
98.0, -40708.360458416995, -47140.633719042984, -52515.71417042186, -51579.10902251113, -26440.303199327376, -29407.609034491663, -59320.00986576198, -46579.493174492505, -0.05, 0.922, -0.34400000000000003, 192.0, 0.0, 0.0, 0.0, 0.0, 0.0, 0.0, 0.0, 0.0, 0.0, 1.741279700187832E9, 0.0, 2025-03-06 10:48:20.187
99.0, -40708.561624117094, -47139.06909693112, -52518.351676267586, -51574.839839320164, -26383.79798934436, -29410.693575226498, -59325.66485710918, -46577.77209016944, -0.05, 0.922, -0.34400000000000003, 192.0, 0.0, 0.0, 0.0, 0.0, 0.0, 0.0, 0.0, 0.0, 0.0, 1.741279700187846E9, 0.0, 2025-03-06 10:48:20.187
100.0, -40715.691830598334, -47142.1759894104, -52521.90560363598, -51573.16345848602, -26382.345125954766, -29411.3417758157, -59325.10606349779, -46581.19190707111, -0.05, 0.922, -0.34400000000000003, 192.0, 0.0, 0.0, 0.0, 0.0, 0.0, 0.0, 0.0, 0.0, 0.0, 1.741279700187859E9, 0.0, 2025-03-06 10:48:20.187
101.0, -40724.45371442482, -47148.45682960234, -52530.242804317815, -51578.66198762202, -26415.246893792977, -29407.474924024933, -59321.68624659613, -46567.33382550882, -0.05, 0.922, -0.34400000000000003, 192.0, 0.0, 0.0, 0.0, 0.0, 0.0, 0.0, 0.0, 0.0, 0.0, 1.741279700246996E9, 0.0, 2025-03-06 10:48:20.246
102.0, -40719.87160681148, -47146.04284120117, -52525.72775193784, -51577.11971725461, -26437.978617904024, -29405.39621179059, -59312.65614183619, -46566.4397557306, -0.05, 0.922, -0.34400000000000003, 192.0, 0.0, 0.0, 0.0, 0.0, 0.0, 0.0, 0.0, 0.0, 0.0, 1.741279700247025E9, 0.0, 2025-03-06 10:48:20.247
103.0, -40722.285595212656, -47149.90969299194, -52532.902661907996, -51580.8748103231, -26390.23529174749, -29411.90056942708, -59326.15659548719, -46593.93240141063, -0.05, 0.922, -0.34400000000000003, 192.0, 0.0, 0.0, 0.0, 0.0, 0.0, 0.0, 0.0, 0.0, 0.0, 1.741279700247043E9, 0.0, 2025-03-06 10:48:20.247
104.0, -40742.87155185599, -47165.108879221545, -52546.55957777019, -51595.51520294133, -26363.770826312404, -29425.53513354482, -59340.81933984988, -46600.861442191774, -0.05, 0.922, -0.34400000000000003, 192.0, 0.0, 0.0, 0.0, 0.0, 0.0, 0.0, 0.0, 0.0, 0.0, 1.741279700247057E9, 0.0, 2025-03-06 10:48:20.247
105.0, -40739.78701112116, -47163.83482978759, -52540.368144556065, -51601.10313905515, -26415.358652515253, -29429.49139231341, -59335.41021769169, -46570.35131101028, -0.05, 0.922, -0.34400000000000003, 192.0, 0.0, 0.0, 0.0, 0.0, 0.0, 0.0, 0.0, 0.0, 0.0, 1.741279700247071E9, 0.0, 2025-03-06 10:48:20.247
106.0, -40734.33318547406, -47164.415975143434, -52539.58583350013, -51603.13714780059, -26434.55880100236, -29437.02393019485, -59339.76880786048, -46579.18025007013, -0.05, 0.922, -0.34400000000000003, 192.0, 0.0, 0.0, 0.0, 0.0, 0.0, 0.0, 0.0, 0.0, 0.0, 1.741279700247084E9, 0.0, 2025-03-06 10:48:20.247
107.0, -40730.68985112785, -47163.83482978759, -52538.22237708836, -51598.82326112071, -26396.002041816955, -29433.15707840408, -59343.61330790679, -46632.533864084944, -0.046, 0.926, -0.35000000000000003, 192.0, 254.0, 144.0, 28.0, 240.0, 245.0, 16.0, 0.0, 0.0, 0.0, 1.741279700247101E9, 0.0, 2025-03-06 10:48:20.247
108.0, -40738.66942389839, -47166.13705946649, -52540.47990327834, -51592.65417965105, -26377.2265764745, -29429.424337080043, -59339.43353169365, -46620.39686684572, -0.046, 0.926, -0.35000000000000003, 192.0, 0.0, 0.0, 0.0, 0.0, 0.0, 0.0, 0.0, 0.0, 0.0, 1.741279700247116E9, 0.0, 2025-03-06 10:48:20.247
109.0, -40743.16212453391, -47164.10305072106, -52546.49252253682, -51597.079825053195, -26450.450891310084, -29438.342683117713, -59337.712447370584, -46586.824546673844, -0.046, 0.926, -0.35000000000000003, 192.0, 0.0, 0.0, 0.0, 0.0, 0.0, 0.0, 0.0, 0.0, 0.0, 1.741279700247129E9, 0.0, 2025-03-06 10:48:20.247
110.0, -40746.671348413394, -47166.33822516659, -52556.64021451953, -51615.49766248437, -26488.8511882843, -29453.988904236427, -59340.729932872055, -46581.70599719358, -0.046, 0.926, -0.35000000000000003, 192.0, 0.0, 0.0, 0.0, 0.0, 0.0, 0.0, 0.0, 0.0, 0.0, 1.741279700247143E9, 0.0, 2025-03-06 10:48:20.247
111.0, -40744.704394901324, -47165.041823988184, -52554.47209530736, -51609.328581014706, -26453.021341922446, -29443.081252942236, -59348.82126436487, -46639.84288452183, -0.046, 0.926, -0.35000000000000003, 192.0, 0.0, 0.0, 0.0, 0.0, 0.0, 0.0, 0.0, 0.0, 0.0, 1.741279700247156E9, 0.0, 2025-03-06 10:48:20.247
112.0, -40745.95609259082, -47166.11470772204, -52550.985223172334, -51603.226554778405, -26415.425707748618, -29427.904418457085, -59355.50443595701, -46639.97699498857, -0.046, 0.926, -0.35000000000000003, 192.0, 0.0, 0.0, 0.0, 0.0, 0.0, 0.0, 0.0, 0.0, 0.0, 1.74127970024717E9, 0.0, 2025-03-06 10:48:20.247
113.0, -40749.48766821476, -47170.47329789082, -52554.36033658509, -51603.29361001177, -26462.99021994951, -29437.001578450392, -59359.84067438134, -46633.29382339642, -0.046, 0.926, -0.35000000000000003, 192.0, 0.0, 0.0, 0.0, 0.0, 0.0, 0.0, 0.0, 0.0, 0.0, 1.741279700247184E9, 0.0, 2025-03-06 10:48:20.247
114.0, -40744.77145013469, -47171.36736766903, -52550.851112705604, -51604.18767978998, -26511.381746695253, -29438.901476729094, -59360.66768892619, -46641.22869267806, -0.046, 0.926, -0.35000000000000003, 192.0, 0.0, 0.0, 0.0, 0.0, 0.0, 0.0, 0.0, 0.0, 0.0, 1.741279700247198E9, 0.0, 2025-03-06 10:48:20.247
115.0, -40748.03480482517, -47176.016530515735, -52555.29910985221, -51610.46851998193, -26483.419714381664, -29448.289209400322, -59362.63464243826, -46639.61936707728, -0.046, 0.926, -0.35000000000000003, 192.0, 0.0, 0.0, 0.0, 0.0, 0.0, 0.0, 0.0, 0.0, 0.0, 1.741279700247212E9, 0.0, 2025-03-06 10:48:20.247
116.0, -40753.801554894635, -47178.47522240582, -52566.25146463531, -51620.95148813147, -26455.792958234902, -29457.98986649393, -59368.64726169673, -46629.18110241665, -0.046, 0.926, -0.35000000000000003, 192.0, 0.0, 0.0, 0.0, 0.0, 0.0, 0.0, 0.0, 0.0, 0.0, 1.741279700306826E9, 0.0, 2025-03-06 10:48:20.306
117.0, -40756.97550260729, -47181.269190462735, -52568.9113222255, -51621.487929998395, -26480.938670747124, -29457.87810777165, -59377.789125178955, -46648.40360264821, -0.042, 0.926, -0.352, 192.0, 254.0, 176.0, 28.0, 240.0, 245.0, 0.0, 0.0, 0.0, 0.0, 1.741279700306856E9, 0.0, 2025-03-06 10:48:20.306
118.0, -40756.88609562947, -47181.35859744056, -52566.76555475778, -51622.89608989908, -26511.337043206342, -29458.526308360855, -59368.22257855208, -46634.992555975026, -0.042, 0.926, -0.352, 192.0, 0.0, 0.0, 0.0, 0.0, 0.0, 0.0, 0.0, 0.0, 0.0, 1.741279700306875E9, 0.0, 2025-03-06 10:48:20.306
119.0, -40757.578999707584, -47183.95139979737, -52572.35349087161, -51628.43932252399, -26512.320519962374, -29461.87907002915, -59374.43636351066, -46633.42793386316, -0.042, 0.926, -0.352, 192.0, 0.0, 0.0, 0.0, 0.0, 0.0, 0.0, 0.0, 0.0, 0.0, 1.741279700306888E9, 0.0, 2025-03-06 10:48:20.306
120.0, -40772.93464814838, -47195.462548191856, -52584.17756368847, -51637.24590983938, -26455.792958234902, -29466.863509042683, -59383.868799670796, -46648.11302997029, -0.042, 0.926, -0.352, 192.0, 0.0, 0.0, 0.0, 0.0, 0.0, 0.0, 0.0, 0.0, 0.0, 1.741279700306902E9, 0.0, 2025-03-06 10:48:20.306
121.0, -40775.326284805094, -47197.42950170392, -52581.71887179838, -51634.09431387119, -26486.19133069412, -29464.382465408144, -59373.49759024353, -46631.46098035109, -0.042, 0.926, -0.352, 192.0, 0.0, 0.0, 0.0, 0.0, 0.0, 0.0, 0.0, 0.0, 0.0, 1.741279700306915E9, 0.0, 2025-03-06 10:48:20.306
122.0, -40773.20286908184, -47201.43046396142, -52578.16494442999, -51635.681287727515, -26536.34864525183, -29470.149215477613, -59372.245892554034, -46618.139340655725, -0.042, 0.926, -0.352, 192.0, 0.0, 0.0, 0.0, 0.0, 0.0, 0.0, 0.0, 0.0, 0.0, 1.741279700306932E9, 0.0, 2025-03-06 10:48:20.306
123.0, -40772.93464814838, -47203.46447270685, -52579.88602875305, -51638.69877322898, -26541.847174387836, -29473.725494590464, -59378.39262227924, -46637.83122752085, -0.042, 0.926, -0.352, 192.0, 0.0, 0.0, 0.0, 0.0, 0.0, 0.0, 0.0, 0.0, 0.0, 1.741279700306945E9, 0.0, 2025-03-06 10:48:20.306
124.0, -40775.08041561609, -47206.1913855304, -52583.0599764657, -51643.571453520235, -26483.66558357067, -29482.77795109486, -59389.27792182898, -46660.51824814299, -0.042, 0.926, -0.352, 192.0, 0.0, 0.0, 0.0, 0.0, 0.0, 0.0, 0.0, 0.0, 0.0, 1.741279700306958E9, 0.0, 2025-03-06 10:48:20.306
125.0, -40789.20671811184, -47219.55772871467, -52591.93361901446, -51653.67444201404, -26467.393513607207, -29489.59523315373, -59399.023282411494, -46663.66984411119, -0.042, 0.926, -0.352, 192.0, 0.0, 0.0, 0.0, 0.0, 0.0, 0.0, 0.0, 0.0, 0.0, 1.741279700306972E9, 0.0, 2025-03-06 10:48:20.306
126.0, -40790.77134022371, -47217.52371996924, -52594.191145204444, -51653.361517591664, -26506.28554895944, -29489.461122687, -59392.02718639698, -46647.442477636636, -0.042, 0.926, -0.352, 192.0, 0.0, 0.0, 0.0, 0.0, 0.0, 0.0, 0.0, 0.0, 0.0, 1.741279700306986E9, 0.0, 2025-03-06 10:48:20.306
127.0, -40783.439968042374, -47209.38768498751, -52593.96762775989, -51648.31002334476, -26535.767499895992, -29479.69341036003, -59390.775488707484, -46657.18783821915, -0.044, 0.926, -0.35000000000000003, 192.0, 254.0, 160.0, 28.0, 240.0, 245.0, 16.0, 0.0, 0.0, 0.0, 1.741279700306999E9, 0.0, 2025-03-06 10:48:20.306
128.0, -40798.84031997208, -47215.69087692391, -52606.32814244368, -51656.46841007095, -26509.168923994177, -29484.968422051483, -59395.02232015399, -46655.332643429356, -0.044, 0.926, -0.35000000000000003, 192.0, 0.0, 0.0, 0.0, 0.0, 0.0, 0.0, 0.0, 0.0, 0.0, 1.741279700307013E9, 0.0, 2025-03-06 10:48:20.307
129.0, -40816.45349460286, -47228.6995921969, -52608.965648289406, -51662.70454677398, -26497.30014768841, -29492.88093958866, -59403.4712795581, -46653.790373061944, -0.044, 0.926, -0.35000000000000003, 192.0, 0.0, 0.0, 0.0, 0.0, 0.0, 0.0, 0.0, 0.0, 0.0, 1.741279700307027E9, 0.0, 2025-03-06 10:48:20.307
130.0, -40818.17457892592, -47237.7967521902, -52610.46321516791, -51670.192381166504, -26544.439976744652, -29500.32407049228, -59408.36631159381, -46661.36761443229, -0.044, 0.926, -0.35000000000000003, 192.0, 0.0, 0.0, 0.0, 0.0, 0.0, 0.0, 0.0, 0.0, 0.0, 1.74127970030704E9, 0.0, 2025-03-06 10:48:20.307
131.0, -40805.814064242135, -47232.05235386519, -52602.34953193063, -51661.98929095141, -26582.34853534085, -29497.328936735266, -59402.867782457804, -46666.28499821246, -0.044, 0.926, -0.35000000000000003, 192.0, 0.0, 0.0, 0.0, 0.0, 0.0, 0.0, 0.0, 0.0, 0.0, 1.7412797003672E9, 0.0, 2025-03-06 10:48:20.367
132.0, -40800.226128128306, -47233.30405155469, -52597.32038942819, -51662.302215373784, -26553.894764649245, -29490.82457909877, -59399.582076022874, -46676.924428573184, -0.044, 0.926, -0.35000000000000003, 192.0, 0.0, 0.0, 0.0, 0.0, 0.0, 0.0, 0.0, 0.0, 0.0, 1.741279700367227E9, 0.0, 2025-03-06 10:48:20.367
133.0, -40811.08907593359, -47243.78701970423, -52609.12211050059, -51674.03688121282, -26531.319502749386, -29488.902329075616, -59405.326474347894, -46653.34333817284, -0.044, 0.926, -0.35000000000000003, 192.0, 0.0, 0.0, 0.0, 0.0, 0.0, 0.0, 0.0, 0.0, 0.0, 1.741279700367244E9, 0.0, 2025-03-06 10:48:20.367
134.0, -40821.259119660754, -47246.983319161336, -52623.40487520753, -51680.22831442694, -26581.387410329273, -29503.1627420381, -59406.645227270754, -46639.686422310646, -0.044, 0.926, -0.35000000000000003, 192.0, 0.0, 0.0, 0.0, 0.0, 0.0, 0.0, 0.0, 0.0, 0.0, 1.741279700367257E9, 0.0, 2025-03-06 10:48:20.367
135.0, -40826.13179995201, -47248.01149940628, -52623.18135776298, -51673.79101202381, -26622.805192804957, -29512.259902031412, -59414.08835817437, -46687.13917578926, -0.044, 0.926, -0.35000000000000003, 192.0, 0.0, 0.0, 0.0, 0.0, 0.0, 0.0, 0.0, 0.0, 0.0, 1.741279700367271E9, 0.0, 2025-03-06 10:48:20.367
136.0, -40822.44376211688, -47247.83268545064, -52623.4719304409, -51678.08254695923, -26589.12111391081, -29515.769125910894, -59422.53731757848, -46703.97003936411, -0.044, 0.926, -0.35000000000000003, 192.0, 0.0, 0.0, 0.0, 0.0, 0.0, 0.0, 0.0, 0.0, 0.0, 1.741279700367285E9, 0.0, 2025-03-06 10:48:20.367
137.0, -40819.448628359874, -47249.95610117389, -52623.427226951986, -51685.168049951564, -26556.219346072598, -29522.206428314024, -59427.25353565854, -46719.035115126986, -0.046, 0.924, -0.356, 192.0, 254.0, 144.0, 28.0, 224.0, 244.0, 224.0, 0.0, 0.0, 0.0, 1.741279700367301E9, 0.0, 2025-03-06 10:48:20.367
138.0, -40820.67797430491, -47250.961929674384, -52621.169700762, -51685.14569820711, -26609.058869964945, -29519.1665910681, -59420.27979138849, -46699.63380093978, -0.046, 0.924, -0.356, 192.0, 0.0, 0.0, 0.0, 0.0, 0.0, 0.0, 0.0, 0.0, 0.0, 1.741279700367317E9, 0.0, 2025-03-06 10:48:20.367
139.0, -40815.87234924702, -47246.692746483415, -52618.50984317182, -51685.033939484834, -26655.394036220794, -29521.424117258088, -59421.28561988898, -46687.89913510074, -0.046, 0.924, -0.356, 192.0, 0.0, 0.0, 0.0, 0.0, 0.0, 0.0, 0.0, 0.0, 0.0, 1.741279700367338E9, 0.0, 2025-03-06 10:48:20.367
140.0, -40821.2367679163, -47254.381746576044, -52624.36600021911, -51698.69085534702, -26635.880963311312, -29534.45518427553, -59429.39930312626, -46699.320876517406, -0.046, 0.924, -0.356, 192.0, 0.0, 0.0, 0.0, 0.0, 0.0, 0.0, 0.0, 0.0, 0.0, 1.741279700367359E9, 0.0, 2025-03-06 10:48:20.367
141.0, -40827.629366830515, -47263.97064494737, -52633.284346256776, -51706.916297306576, -26591.669212778714, -29532.51058250792, -59430.47218686011, -46684.52402168799, -0.046, 0.924, -0.356, 192.0, 0.0, 0.0, 0.0, 0.0, 0.0, 0.0, 0.0, 0.0, 0.0, 1.741279700367372E9, 0.0, 2025-03-06 10:48:20.367
142.0, -40829.70807906486, -47265.44586008142, -52640.056924826735, -51709.5538031523, -26627.432003907204, -29543.060605890823, -59434.47314911761, -46697.10805381633, -0.046, 0.924, -0.356, 192.0, 0.0, 0.0, 0.0, 0.0, 0.0, 0.0, 0.0, 0.0, 0.0, 1.741279700367386E9, 0.0, 2025-03-06 10:48:20.367
143.0, -40828.41167788645, -47264.820011236676, -52639.56518644872, -51706.782186839846, -26671.442588739705, -29540.98189365648, -59432.84147177237, -46693.84469912585, -0.046, 0.924, -0.356, 192.0, 0.0, 0.0, 0.0, 0.0, 0.0, 0.0, 0.0, 0.0, 0.0, 1.741279700367403E9, 0.0, 2025-03-06 10:48:20.367
144.0, -40833.6866895779, -47268.95508396091, -52646.427171996496, -51710.13494850814, -26663.015981080054, -29543.32882682429, -59436.88713751878, -46690.89426885775, -0.046, 0.924, -0.356, 192.0, 0.0, 0.0, 0.0, 0.0, 0.0, 0.0, 0.0, 0.0, 0.0, 1.741279700367417E9, 0.0, 2025-03-06 10:48:20.367
145.0, -40847.56712288465, -47281.382653878056, -52658.96650063593, -51714.69470437703, -26592.228006390098, -29545.116966380712, -59449.96290802514, -46726.6794117307, -0.046, 0.924, -0.356, 192.0, 0.0, 0.0, 0.0, 0.0, 0.0, 0.0, 0.0, 0.0, 0.0, 1.74127970036743E9, 0.0, 2025-03-06 10:48:20.367
146.0, -40841.241579203794, -47271.61494155109, -52648.7741051643, -51701.41776817057, -26623.140468971786, -29539.014940144414, -59435.63543982929, -46709.937955133675, -0.046, 0.924, -0.356, 192.0, 0.0, 0.0, 0.0, 0.0, 0.0, 0.0, 0.0, 0.0, 0.0, 1.741279700427411E9, 0.0, 2025-03-06 10:48:20.427
147.0, -40828.27756741972, -47260.908455957, -52633.73138114588, -51688.40905289758, -26675.42119925275, -29526.006224871428, -59427.74527403656, -46694.627010181786, -0.04, 0.926, -0.354, 192.0, 254.0, 192.0, 28.0, 240.0, 244.0, 240.0, 0.0, 0.0, 0.0, 1.74127970042744E9, 0.0, 2025-03-06 10:48:20.427
148.0, -40836.95004426838, -47274.63242705255, -52645.46604698492, -51701.12719549265, -26664.55825144747, -29534.075204619792, -59442.34096316588, -46722.34317330637, -0.04, 0.926, -0.354, 192.0, 0.0, 0.0, 0.0, 0.0, 0.0, 0.0, 0.0, 0.0, 0.0, 1.741279700427459E9, 0.0, 2025-03-06 10:48:20.427
149.0, -40842.13564898201, -47277.22522940937, -52648.37177376411, -51701.14954723711, -26607.606006575348, -29534.902219164636, -59444.71024807814, -46697.51038521653, -0.04, 0.926, -0.354, 192.0, 0.0, 0.0, 0.0, 0.0, 0.0, 0.0, 0.0, 0.0, 0.0, 1.741279700427472E9, 0.0, 2025-03-06 10:48:20.427
150.0, -40846.494239150794, -47278.231057909856, -52648.93056737549, -51699.11553849167, -26604.36500362933, -29534.388129042167, -59438.451759630654, -46678.93608557416, -0.04, 0.926, -0.354, 192.0, 0.0, 0.0, 0.0, 0.0, 0.0, 0.0, 0.0, 0.0, 0.0, 1.741279700427486E9, 0.0, 2025-03-06 10:48:20.427
151.0, -40847.36595718455, -47277.33698813165, -52651.79159066577, -51703.89881180511, -26647.593277405893, -29539.439623289065, -59442.922108521714, -46734.279004845506, -0.04, 0.926, -0.354, 192.0, 0.0, 0.0, 0.0, 0.0, 0.0, 0.0, 0.0, 0.0, 0.0, 1.741279700427502E9, 0.0, 2025-03-06 10:48:20.427
152.0, -40860.75465211328, -47284.62365682407, -52666.36492805063, -51713.24184098743, -26632.908181298757, -29543.552344268843, -59454.38855342729, -46738.10115314736, -0.04, 0.926, -0.354, 192.0, 0.0, 0.0, 0.0, 0.0, 0.0, 0.0, 0.0, 0.0, 0.0, 1.741279700427519E9, 0.0, 2025-03-06 10:48:20.427
153.0, -40860.73230036882, -47282.67905505646, -52669.628282741105, -51715.61112589969, -26591.78097150099, -29543.775861713395, -59456.86959706183, -46745.6336910288, -0.04, 0.926, -0.354, 192.0, 0.0, 0.0, 0.0, 0.0, 0.0, 0.0, 0.0, 0.0, 0.0, 1.741279700427532E9, 0.0, 2025-03-06 10:48:20.427
154.0, -40851.16575374195, -47277.806374765205, -52655.926663390004, -51705.46343391698, -26592.049192434453, -29542.501812279443, -59453.33802143789, -46732.66967924472, -0.04, 0.926, -0.354, 192.0, 0.0, 0.0, 0.0, 0.0, 0.0, 0.0, 0.0, 0.0, 0.0, 1.741279700427546E9, 0.0, 2025-03-06 10:48:20.427
155.0, -40849.914056052454, -47280.22036316638, -52654.89848314506, -51715.722884621966, -26645.000475049077, -29546.726291981497, -59452.86863480433, -46722.14200760627, -0.04, 0.926, -0.354, 192.0, 0.0, 0.0, 0.0, 0.0, 0.0, 0.0, 0.0, 0.0, 0.0, 1.741279700427559E9, 0.0, 2025-03-06 10:48:20.427
156.0, -40854.36205319906, -47283.77429053477, -52660.03938436978, -51723.545995181325, -26667.88866137131, -29545.340483825268, -59450.74521908107, -46708.52979523299, -0.04, 0.926, -0.354, 192.0, 0.0, 0.0, 0.0, 0.0, 0.0, 0.0, 0.0, 0.0, 0.0, 1.741279700427572E9, 0.0, 2025-03-06 10:48:20.427
157.0, -40867.974265572346, -47292.9608575059, -52674.590370010184, -51732.10671330771, -26617.55253285796, -29565.367646857223, -59463.88804482079, -46715.63764996978, -0.04, 0.924, -0.354, 192.0, 254.0, 192.0, 28.0, 224.0, 244.0, 240.0, 0.0, 0.0, 0.0, 1.741279700427585E9, 0.0, 2025-03-06 10:48:20.427
158.0, -40878.25606802179, -47304.382598922566, -52684.08986140369, -51736.10767556521, -26573.698410236648, -29574.733027783994, -59475.220379259634, -46750.17109515323, -0.04, 0.924, -0.354, 192.0, 0.0, 0.0, 0.0, 0.0, 0.0, 0.0, 0.0, 0.0, 0.0, 1.7412797004276E9, 0.0, 2025-03-06 10:48:20.427
159.0, -40875.95383834289, -47298.36997966409, -52680.51358229084, -51729.02217257288, -26622.358157915853, -29562.506623566944, -59465.83264658841, -46718.744542449065, -0.04, 0.924, -0.354, 192.0, 0.0, 0.0, 0.0, 0.0, 0.0, 0.0, 0.0, 0.0, 0.0, 1.741279700427613E9, 0.0, 2025-03-06 10:48:20.427
160.0, -40878.90426861099, -47298.995828508836, -52684.46984105943, -51734.69951566452, -26653.71765538665, -29567.312248624832, -59465.47501867712, -46716.82229242591, -0.04, 0.924, -0.354, 192.0, 0.0, 0.0, 0.0, 0.0, 0.0, 0.0, 0.0, 0.0, 0.0, 1.741279700427627E9, 0.0, 2025-03-06 10:48:20.427
161.0, -40879.03837907772, -47303.399122166535, -52683.262846858845, -51739.79571340033, -26623.811021305446, -29573.66014405014, -59473.49929493658, -46741.319804348925, -0.04, 0.924, -0.354, 192.0, 0.0, 0.0, 0.0, 0.0, 0.0, 0.0, 0.0, 0.0, 0.0, 1.741279700427644E9, 0.0, 2025-03-06 10:48:20.427
162.0, -40886.280344281244, -47308.87529955808, -52688.85078297267, -51743.617861702194, -26583.890805708266, -29577.683458052095, -59473.45459144767, -46731.21681585513, -0.04, 0.924, -0.354, 192.0, 0.0, 0.0, 0.0, 0.0, 0.0, 0.0, 0.0, 0.0, 0.0, 1.741279700488657E9, 0.0, 2025-03-06 10:48:20.488
163.0, -40886.056826836684, -47312.54098564875, -52688.24728587238, -51751.306861794816, -26622.156992215754, -29583.271394165924, -59474.169847270234, -46718.40926628224, -0.04, 0.924, -0.354, 192.0, 0.0, 0.0, 0.0, 0.0, 0.0, 0.0, 0.0, 0.0, 0.0, 1.741279700488682E9, 0.0, 2025-03-06 10:48:20.488
164.0, -40880.692408167415, -47307.735360590865, -52686.32503584922, -51749.406963516114, -26671.353181761886, -29579.203376675057, -59467.73254486711, -46722.29846981746, -0.04, 0.924, -0.354, 192.0, 0.0, 0.0, 0.0, 0.0, 0.0, 0.0, 0.0, 0.0, 0.0, 1.741279700488695E9, 0.0, 2025-03-06 10:48:20.488
165.0, -40887.3532280151, -47309.635258869566, -52699.065530188745, -51752.04446936184, -26651.594239663395, -29578.555176085854, -59474.035736803504, -46741.49861830457, -0.04, 0.924, -0.354, 192.0, 0.0, 0.0, 0.0, 0.0, 0.0, 0.0, 0.0, 0.0, 0.0, 1.741279700488708E9, 0.0, 2025-03-06 10:48:20.488
166.0, -40890.70598968339, -47314.59734613864, -52697.947942965984, -51754.50316125192, -26600.229930905098, -29590.66982158063, -59482.95408284117, -46753.09917367687, -0.04, 0.924, -0.354, 192.0, 0.0, 0.0, 0.0, 0.0, 0.0, 0.0, 0.0, 0.0, 0.0, 1.741279700488722E9, 0.0, 2025-03-06 10:48:20.488
167.0, -40887.04030359272, -47314.03855252726, -52688.917838206035, -51752.983242628965, -26624.03453875, -29592.52501637042, -59487.11150730986, -46750.03698468649, -0.042, 0.926, -0.352, 192.0, 254.0, 176.0, 28.0, 240.0, 245.0, 0.0, 0.0, 0.0, 0.0, 1.741279700488735E9, 0.0, 2025-03-06 10:48:20.488
168.0, -40873.91982959746, -47303.15325297752, -52680.24536135738, -51749.697536194035, -26686.57471973595, -29577.482292351997, -59479.44485896169, -46732.73673447809, -0.042, 0.926, -0.352, 192.0, 0.0, 0.0, 0.0, 0.0, 0.0, 0.0, 0.0, 0.0, 0.0, 1.741279700488753E9, 0.0, 2025-03-06 10:48:20.488
169.0, -40881.65353317899, -47312.764503093305, -52691.33182660721, -51750.65866120561, -26669.65444918328, -29585.975955245016, -59490.35251025588, -46749.701708519664, -0.042, 0.926, -0.352, 192.0, 0.0, 0.0, 0.0, 0.0, 0.0, 0.0, 0.0, 0.0, 0.0, 1.741279700488767E9, 0.0, 2025-03-06 10:48:20.488
170.0, -40886.32504777015, -47319.91706131901, -52698.305570877266, -51754.25729206292, -26616.904332268758, -29593.2849756819, -59487.603245687875, -46732.177940866706, -0.042, 0.926, -0.352, 192.0, 0.0, 0.0, 0.0, 0.0, 0.0, 0.0, 0.0, 0.0, 0.0, 1.74127970048878E9, 0.0, 2025-03-06 10:48:20.488
171.0, -40893.52230948476, -47322.66632588701, -52698.57379181073, -51752.15622808412, -26636.59621913388, -29588.591109346286, -59484.742222397595, -46746.86303697384, -0.042, 0.926, -0.352, 192.0, 0.0, 0.0, 0.0, 0.0, 0.0, 0.0, 0.0, 0.0, 0.0, 1.741279700488793E9, 0.0, 2025-03-06 10:48:20.488
172.0, -40887.5990972041, -47315.82669208368, -52686.4367945715, -51741.9638326125, -26686.060629613476, -29574.733027783994, -59480.31657699544, -46737.52000779152, -0.042, 0.926, -0.352, 192.0, 0.0, 0.0, 0.0, 0.0, 0.0, 0.0, 0.0, 0.0, 0.0, 1.741279700488807E9, 0.0, 2025-03-06 10:48:20.488
173.0, -40898.797321176215, -47326.30966023322, -52698.506736577365, -51754.36905078519, -26681.456170255682, -29584.94777500007, -59488.49731546609, -46739.86694095933, -0.042, 0.926, -0.352, 192.0, 0.0, 0.0, 0.0, 0.0, 0.0, 0.0, 0.0, 0.0, 0.0, 1.74127970048882E9, 0.0, 2025-03-06 10:48:20.488
174.0, -40906.70983871339, -47331.22704401339, -52707.00039947038, -51756.403059530625, -26626.090899239887, -29588.47935062401, -59500.25433304958, -46777.77549955553, -0.042, 0.926, -0.352, 192.0, 0.0, 0.0, 0.0, 0.0, 0.0, 0.0, 0.0, 0.0, 0.0, 1.741279700488841E9, 0.0, 2025-03-06 10:48:20.488
175.0, -40904.608774734595, -47327.74017187836, -52702.19477441249, -51750.16692282759, -26635.16570748874, -29591.89916752567, -59504.90349589628, -46777.753147811076, -0.042, 0.926, -0.352, 192.0, 0.0, 0.0, 0.0, 0.0, 0.0, 0.0, 0.0, 0.0, 0.0, 1.741279700488871E9, 0.0, 2025-03-06 10:48:20.488
176.0, -40902.59711773362, -47325.12501777709, -52702.842975001695, -51747.328251281775, -26670.302649772486, -29589.373420402222, -59500.321388282944, -46770.60058958538, -0.042, 0.926, -0.352, 192.0, 0.0, 0.0, 0.0, 0.0, 0.0, 0.0, 0.0, 0.0, 0.0, 1.741279700488888E9, 0.0, 2025-03-06 10:48:20.488
177.0, -40905.59225149063, -47322.30869797572, -52706.441605859, -51746.74710592593, -26679.399809765793, -29591.318022169835, -59502.221286561646, -46775.18269719872, -0.044, 0.922, -0.35000000000000003, 192.0, 254.0, 160.0, 28.0, 208.0, 245.0, 16.0, 0.0, 0.0, 0.0, 1.741279700548933E9, 0.0, 2025-03-06 10:48:20.548
178.0, -40916.18697836244, -47333.529273692286, -52720.47850137693, -51763.37680380068, -26637.333826700906, -29607.299519455377, -59504.29999879599, -46774.19922044268, -0.044, 0.922, -0.35000000000000003, 192.0, 0.0, 0.0, 0.0, 0.0, 0.0, 0.0, 0.0, 0.0, 0.0, 1.741279700548964E9, 0.0, 2025-03-06 10:48:20.548
179.0, -40922.3113563432, -47346.8285616432, -52724.859443290174, -51780.654702264634, -26623.69926258317, -29616.150810259678, -59505.015254618556, -46757.52481907902, -0.044, 0.922, -0.35000000000000003, 192.0, 0.0, 0.0, 0.0, 0.0, 0.0, 0.0, 0.0, 0.0, 0.0, 1.741279700548978E9, 0.0, 2025-03-06 10:48:20.548
180.0, -40916.18697836244, -47347.99085235487, -52720.590260099205, -51782.86752496571, -26667.91101311577, -29603.67853685362, -59504.47881275163, -46762.241037159096, -0.044, 0.922, -0.35000000000000003, 192.0, 0.0, 0.0, 0.0, 0.0, 0.0, 0.0, 0.0, 0.0, 0.0, 1.741279700548991E9, 0.0, 2025-03-06 10:48:20.548
181.0, -40901.01014387729, -47335.94326209346, -52712.36481813966, -51760.15815259912, -26719.252970129608, -29586.28887966739, -59489.32433001093, -46754.84260974439, -0.044, 0.922, -0.35000000000000003, 192.0, 0.0, 0.0, 0.0, 0.0, 0.0, 0.0, 0.0, 0.0, 0.0, 1.741279700549004E9, 0.0, 2025-03-06 10:48:20.549
182.0, -40909.30264107021, -47347.25324478785, -52720.746722310396, -51766.01430964641, -26671.12966431733, -29599.230539707012, -59507.76451918656, -46776.903781521774, -0.044, 0.922, -0.35000000000000003, 192.0, 0.0, 0.0, 0.0, 0.0, 0.0, 0.0, 0.0, 0.0, 0.0, 1.741279700549018E9, 0.0, 2025-03-06 10:48:20.549
183.0, -40923.875978455064, -47361.915989150526, -52728.145149725104, -51780.14061214216, -26635.076300510922, -29618.90007482768, -59522.069635637956, -46809.51497668207, -0.044, 0.922, -0.35000000000000003, 192.0, 0.0, 0.0, 0.0, 0.0, 0.0, 0.0, 0.0, 0.0, 0.0, 1.741279700549035E9, 0.0, 2025-03-06 10:48:20.549
184.0, -40932.57080704818, -47368.353291553656, -52735.834149817725, -51786.890838967665, -26661.205489779175, -29628.041938309903, -59524.41656880577, -46804.61994464636, -0.044, 0.922, -0.35000000000000003, 192.0, 0.0, 0.0, 0.0, 0.0, 0.0, 0.0, 0.0, 0.0, 0.0, 1.741279700549049E9, 0.0, 2025-03-06 10:48:20.549
185.0, -40924.05479241071, -47360.23960831638, -52733.82249281675, -51786.24263837846, -26706.356013578894, -29631.841734867307, -59511.89959191079, -46774.15451695377, -0.044, 0.922, -0.35000000000000003, 192.0, 0.0, 0.0, 0.0, 0.0, 0.0, 0.0, 0.0, 0.0, 0.0, 1.741279700549062E9, 0.0, 2025-03-06 10:48:20.549
186.0, -40929.50861805781, -47366.85572467515, -52738.91869055256, -51792.67994078159, -26683.66899295676, -29633.562819190363, -59521.01910364856, -46786.22445895964, -0.044, 0.922, -0.35000000000000003, 192.0, 0.0, 0.0, 0.0, 0.0, 0.0, 0.0, 0.0, 0.0, 0.0, 1.74127970054908E9, 0.0, 2025-03-06 10:48:20.549
187.0, -40941.53385657476, -47376.06464339074, -52748.351126712696, -51800.57010657431, -26657.673914155235, -29633.763984890462, -59528.439882807725, -46792.281781707024, -0.046, 0.918, -0.354, 192.0, 254.0, 144.0, 28.0, 176.0, 244.0, 240.0, 0.0, 0.0, 0.0, 1.741279700549093E9, 0.0, 2025-03-06 10:48:20.549
188.0, -40939.65631004051, -47381.42906206001, -52749.08873427972, -51803.69935079806, -26713.441516571227, -29641.229467538535, -59529.98215317514, -46794.807528830475, -0.046, 0.918, -0.354, 192.0, 0.0, 0.0, 0.0, 0.0, 0.0, 0.0, 0.0, 0.0, 0.0, 1.741279700549108E9, 0.0, 2025-03-06 10:48:20.549
189.0, -40933.86720822659, -47379.57386727022, -52738.31519345227, -51792.702292526046, -26748.220830943686, -29637.83200238133, -59534.519557299565, -46818.992116331116, -0.046, 0.918, -0.354, 192.0, 0.0, 0.0, 0.0, 0.0, 0.0, 0.0, 0.0, 0.0, 0.0, 1.741279700549122E9, 0.0, 2025-03-06 10:48:20.549
190.0, -40925.73117324486, -47371.638997988586, -52730.49208289291, -51786.466155823015, -26743.57166809698, -29634.322778501843, -59530.27272585306, -46821.40610473229, -0.046, 0.918, -0.354, 192.0, 0.0, 0.0, 0.0, 0.0, 0.0, 0.0, 0.0, 0.0, 0.0, 1.741279700549136E9, 0.0, 2025-03-06 10:48:20.549
191.0, -40930.24622562483, -47375.03646314579, -52732.9954782719, -51791.472946581, -26698.108219874888, -29632.154659289678, -59533.06669390997, -46807.391560958815, -0.046, 0.918, -0.354, 192.0, 0.0, 0.0, 0.0, 0.0, 0.0, 0.0, 0.0, 0.0, 0.0, 1.741279700549152E9, 0.0, 2025-03-06 10:48:20.549
192.0, -40933.10724891511, -47375.84112594618, -52730.469731148456, -51787.15905990113, -26720.504667819103, -29626.879647598227, -59532.37378983186, -46794.807528830475, -0.046, 0.918, -0.354, 192.0, 0.0, 0.0, 0.0, 0.0, 0.0, 0.0, 0.0, 0.0, 0.0, 1.741279700608316E9, 0.0, 2025-03-06 10:48:20.608
193.0, -40927.184036634455, -47366.69926246396, -52725.10531247918, -51780.56529528681, -26786.509369195628, -29625.359728975265, -59524.88595543933, -46814.07473255095, -0.046, 0.918, -0.354, 192.0, 0.0, 0.0, 0.0, 0.0, 0.0, 0.0, 0.0, 0.0, 0.0, 1.741279700608344E9, 0.0, 2025-03-06 10:48:20.608
194.0, -40939.72336527388, -47376.9810649134, -52741.712658609475, -51797.507917583935, -26776.764008613114, -29628.19840052109, -59536.71002825619, -46818.76859888656, -0.046, 0.918, -0.354, 192.0, 0.0, 0.0, 0.0, 0.0, 0.0, 0.0, 0.0, 0.0, 0.0, 1.741279700608357E9, 0.0, 2025-03-06 10:48:20.608
195.0, -40955.79426953725, -47389.47569006392, -52755.25781574939, -51799.0278362069, -26712.122763648364, -29635.32860700233, -59546.09776092741, -46817.49454945261, -0.046, 0.918, -0.354, 192.0, 0.0, 0.0, 0.0, 0.0, 0.0, 0.0, 0.0, 0.0, 0.0, 1.741279700608371E9, 0.0, 2025-03-06 10:48:20.608
196.0, -40970.74758657785, -47399.57867855772, -52764.086754809236, -51805.08515895429, -26720.415260841284, -29655.48988050102, -59558.078295955456, -46822.210767532684, -0.046, 0.918, -0.354, 192.0, 0.0, 0.0, 0.0, 0.0, 0.0, 0.0, 0.0, 0.0, 0.0, 1.741279700608385E9, 0.0, 2025-03-06 10:48:20.608
197.0, -40962.29862717374, -47393.96839069944, -52763.930292598045, -51801.48652809698, -26752.57942111247, -29657.032150868436, -59561.296947157025, -46821.74138089912, -0.038, 0.914, -0.36, 192.0, 254.0, 208.0, 28.0, 144.0, 244.0, 192.0, 0.0, 0.0, 0.0, 1.741279700608399E9, 0.0, 2025-03-06 10:48:20.608
198.0, -40951.05569971272, -47388.60397203016, -52758.72233613996, -51797.84319375076, -26751.171261211784, -29649.276095542446, -59557.78772327754, -46819.50620645359, -0.038, 0.914, -0.36, 192.0, 0.0, 0.0, 0.0, 0.0, 0.0, 0.0, 0.0, 0.0, 0.0, 1.741279700608417E9, 0.0, 2025-03-06 10:48:20.608
199.0, -40949.5134293453, -47390.72738775342, -52762.49978095291, -51805.621600821214, -26704.769039722567, -29650.39368276521, -59561.296947157025, -46815.23702326263, -0.038, 0.914, -0.36, 192.0, 0.0, 0.0, 0.0, 0.0, 0.0, 0.0, 0.0, 0.0, 0.0, 1.741279700608431E9, 0.0, 2025-03-06 10:48:20.608
200.0, -40961.33750216216, -47397.74583551238, -52772.043975835324, -51812.37182764672, -26702.310347832485, -29646.370368763255, -59557.16187443279, -46793.55583114098, -0.038, 0.914, -0.36, 192.0, 0.0, 0.0, 0.0, 0.0, 0.0, 0.0, 0.0, 0.0, 0.0, 1.741279700608445E9, 0.0, 2025-03-06 10:48:20.608
201.0, -40963.50562137432, -47396.49413782288, -52770.94874035702, -51809.01906597842, -26765.208156729717, -29646.795051907906, -59552.60211856391, -46798.20499398768, -0.038, 0.914, -0.36, 192.0, 0.0, 0.0, 0.0, 0.0, 0.0, 0.0, 0.0, 0.0, 0.0, 1.741279700608459E9, 0.0, 2025-03-06 10:48:20.608
202.0, -40961.62807484008, -47392.873155221125, -52771.52988571285, -51804.90634499864, -26796.36648850042, -29650.639551954217, -59557.76537153308, -46827.70929666869, -0.038, 0.914, -0.36, 192.0, 0.0, 0.0, 0.0, 0.0, 0.0, 0.0, 0.0, 0.0, 0.0, 1.741279700608476E9, 0.0, 2025-03-06 10:48:20.608
203.0, -40965.271409186294, -47398.684608779506, -52779.62121720568, -51817.17745270461, -26752.9146972793, -29654.662865956172, -59566.661365826294, -46835.64416595032, -0.038, 0.914, -0.36, 192.0, 0.0, 0.0, 0.0, 0.0, 0.0, 0.0, 0.0, 0.0, 0.0, 1.741279700608489E9, 0.0, 2025-03-06 10:48:20.608
204.0, -40970.5687726222, -47404.38430361561, -52781.49876373992, -51823.12301672972, -26748.801976299525, -29664.028246882946, -59569.544740861034, -46833.744267671624, -0.038, 0.914, -0.36, 192.0, 0.0, 0.0, 0.0, 0.0, 0.0, 0.0, 0.0, 0.0, 0.0, 1.741279700608504E9, 0.0, 2025-03-06 10:48:20.608
205.0, -40970.34525517765, -47403.44553034849, -52782.951627129514, -51823.59240336328, -26807.49765723916, -29667.179842851147, -59565.25320592561, -46828.73747691363, -0.038, 0.914, -0.36, 192.0, 0.0, 0.0, 0.0, 0.0, 0.0, 0.0, 0.0, 0.0, 0.0, 1.741279700608518E9, 0.0, 2025-03-06 10:48:20.608
206.0, -40970.188792966466, -47405.41248386056, -52786.460851009, -51834.567109890835, -26828.46359353824, -29668.81152019638, -59570.50586587261, -46810.72197088265, -0.038, 0.914, -0.36, 192.0, 0.0, 0.0, 0.0, 0.0, 0.0, 0.0, 0.0, 0.0, 0.0, 1.741279700608536E9, 0.0, 2025-03-06 10:48:20.608
207.0, -40968.11008073212, -47403.490233837394, -52782.97397887397, -51830.521444144426, -26792.544340198558, -29672.432502798143, -59569.611796094396, -46814.722933140154, -0.038, 0.914, -0.358, 192.0, 254.0, 208.0, 28.0, 144.0, 244.0, 208.0, 0.0, 0.0, 0.0, 1.741279700668099E9, 0.0, 2025-03-06 10:48:20.668
208.0, -40980.78351983828, -47408.31821063974, -52787.04199636484, -51834.96944129103, -26766.10222650793, -29680.479130802054, -59571.48934262864, -46851.24568358013, -0.038, 0.914, -0.358, 192.0, 0.0, 0.0, 0.0, 0.0, 0.0, 0.0, 0.0, 0.0, 0.0, 1.741279700668158E9, 0.0, 2025-03-06 10:48:20.668
209.0, -40987.6231536416, -47409.23463216241, -52789.813612677295, -51831.95195578956, -26794.243072777164, -29678.668639501175, -59576.809057809005, -46858.062965638994, -0.038, 0.914, -0.358, 192.0, 0.0, 0.0, 0.0, 0.0, 0.0, 0.0, 0.0, 0.0, 0.0, 1.741279700668177E9, 0.0, 2025-03-06 10:48:20.668
210.0, -40981.007037282834, -47405.34542862719, -52787.04199636484, -51827.92864178761, -26818.49471551117, -29676.321706333365, -59574.81975255248, -46841.567378230975, -0.038, 0.914, -0.358, 192.0, 0.0, 0.0, 0.0, 0.0, 0.0, 0.0, 0.0, 0.0, 0.0, 1.74127970066819E9, 0.0, 2025-03-06 10:48:20.668
211.0, -40977.20724072543, -47405.50189083837, -52787.7572521874, -51830.856720311254, -26799.11575306842, -29675.44998829961, -59574.015089752094, -46845.32247129947, -0.038, 0.914, -0.358, 192.0, 0.0, 0.0, 0.0, 0.0, 0.0, 0.0, 0.0, 0.0, 0.0, 1.741279700668204E9, 0.0, 2025-03-06 10:48:20.668
212.0, -40993.926345578, -47424.79144630331, -52806.42095880758, -51850.79447636539, -26758.860261304413, -29692.593776296828, -59583.60398812342, -46844.56251198799, -0.038, 0.914, -0.358, 192.0, 0.0, 0.0, 0.0, 0.0, 0.0, 0.0, 0.0, 0.0, 0.0, 1.741279700668217E9, 0.0, 2025-03-06 10:48:20.668
213.0, -40991.75822636583, -47421.17046370154, -52795.759176702406, -51842.323165216825, -26794.86892162191, -29692.593776296828, -59584.74392709064, -46862.44390755223, -0.038, 0.914, -0.358, 192.0, 0.0, 0.0, 0.0, 0.0, 0.0, 0.0, 0.0, 0.0, 0.0, 1.741279700668234E9, 0.0, 2025-03-06 10:48:20.668
214.0, -40990.28301123178, -47420.03052473433, -52793.56870574578, -51839.819769837835, -26835.146765130376, -29693.465494330587, -59586.733232347164, -46860.67811974027, -0.038, 0.914, -0.358, 192.0, 0.0, 0.0, 0.0, 0.0, 0.0, 0.0, 0.0, 0.0, 0.0, 1.741279700668247E9, 0.0, 2025-03-06 10:48:20.668
215.0, -40990.01479029832, -47423.87502478064, -52800.095415126736, -51842.77020010593, -26815.521933498614, -29688.995145439523, -59587.426136425274, -46861.97452091867, -0.038, 0.914, -0.358, 192.0, 0.0, 0.0, 0.0, 0.0, 0.0, 0.0, 0.0, 0.0, 0.0, 1.74127970066826E9, 0.0, 2025-03-06 10:48:20.668
216.0, -40992.29466823276, -47433.01688826286, -52803.17995586157, -51852.336746732806, -26758.279115948575, -29696.080648431856, -59594.8692673289, -46854.97842490416, -0.038, 0.914, -0.358, 192.0, 0.0, 0.0, 0.0, 0.0, 0.0, 0.0, 0.0, 0.0, 0.0, 1.741279700668273E9, 0.0, 2025-03-06 10:48:20.668
217.0, -40996.809720612735, -47435.54263538631, -52801.03418839386, -51845.340650718295, -26776.294621979552, -29693.085514674847, -59589.23662772615, -46822.23311927714, -0.036000000000000004, 0.918, -0.352, 192.0, 254.0, 224.0, 28.0, 176.0, 245.0, 0.0, 0.0, 0.0, 0.0, 1.741279700668286E9, 0.0, 2025-03-06 10:48:20.668
218.0, -40992.69699963296, -47429.70883008347, -52799.89424942664, -51832.15312148966, -26814.426698020307, -29684.189520381635, -59581.05588925551, -46840.02510786356, -0.036000000000000004, 0.918, -0.352, 192.0, 0.0, 0.0, 0.0, 0.0, 0.0, 0.0, 0.0, 0.0, 0.0, 1.741279700668301E9, 0.0, 2025-03-06 10:48:20.668
219.0, -40992.0264472993, -47428.65829809407, -52803.582287261765, -51830.14146448868, -26811.29745379656, -29679.96504067958, -59584.07337475698, -46846.529465500054, -0.036000000000000004, 0.918, -0.352, 192.0, 0.0, 0.0, 0.0, 0.0, 0.0, 0.0, 0.0, 0.0, 0.0, 1.741279700668314E9, 0.0, 2025-03-06 10:48:20.668
220.0, -41005.99628758387, -47443.365745945666, -52815.87574671218, -51846.949976319076, -26753.451139146226, -29693.197273397123, -59601.060700543014, -46848.85404692341, -0.036000000000000004, 0.918, -0.352, 192.0, 0.0, 0.0, 0.0, 0.0, 0.0, 0.0, 0.0, 0.0, 0.0, 1.741279700668335E9, 0.0, 2025-03-06 10:48:20.668
221.0, -41016.21103479994, -47453.60284490619, -52821.0166479369, -51860.428078225625, -26752.82529030148, -29693.93488096415, -59606.49217444565, -46849.52459925706, -0.036000000000000004, 0.918, -0.352, 192.0, 0.0, 0.0, 0.0, 0.0, 0.0, 0.0, 0.0, 0.0, 0.0, 1.74127970066837E9, 0.0, 2025-03-06 10:48:20.668
222.0, -41007.426799229004, -47442.382269189635, -52813.93114494457, -51848.67106064213, -26805.486000238183, -29668.58800275183, -59592.611741138906, -46846.395355033324, -0.036000000000000004, 0.918, -0.352, 192.0, 0.0, 0.0, 0.0, 0.0, 0.0, 0.0, 0.0, 0.0, 0.0, 1.741279700728424E9, 0.0, 2025-03-06 10:48:20.728
223.0, -41013.43941848748, -47444.52803665734, -52824.12354041619, -51847.911101330654, -26803.11671532592, -29672.499558031508, -59592.41057543881, -46846.194189333226, -0.036000000000000004, 0.918, -0.352, 192.0, 0.0, 0.0, 0.0, 0.0, 0.0, 0.0, 0.0, 0.0, 0.0, 1.741279700728477E9, 0.0, 2025-03-06 10:48:20.728
224.0, -41020.52492147982, -47449.981862304434, -52828.83975849626, -51854.616624667244, -26759.687275849257, -29681.97669768056, -59599.49607843114, -46847.7588114451, -0.036000000000000004, 0.918, -0.352, 192.0, 0.0, 0.0, 0.0, 0.0, 0.0, 0.0, 0.0, 0.0, 0.0, 1.741279700728492E9, 0.0, 2025-03-06 10:48:20.728
225.0, -41024.145904081575, -47453.58049316174, -52829.666773041106, -51852.113229288254, -26762.816520073, -29687.855206472304, -59602.13358427687, -46843.534331743045, -0.036000000000000004, 0.918, -0.352, 192.0, 0.0, 0.0, 0.0, 0.0, 0.0, 0.0, 0.0, 0.0, 0.0, 1.741279700728505E9, 0.0, 2025-03-06 10:48:20.728
226.0, -41014.82522664371, -47454.608673406685, -52827.18572940656, -51862.395031737695, -26810.49279099617, -29684.658907015197, -59598.624360397385, -46839.55572123, -0.04, 0.922, -0.34800000000000003, 192.0, 254.0, 192.0, 28.0, 208.0, 245.0, 32.0, 0.0, 0.0, 0.0, 1.741279700728518E9, 0.0, 2025-03-06 10:48:20.728
227.0, -41009.661973674534, -47459.1013740422, -52827.87863348468, -51876.70014818909, -26802.848494392456, -29698.516988577485, -59601.23951449866, -46843.17670383176, -0.04, 0.922, -0.34800000000000003, 192.0, 0.0, 0.0, 0.0, 0.0, 0.0, 0.0, 0.0, 0.0, 0.0, 1.741279700728533E9, 0.0, 2025-03-06 10:48:20.728
228.0, -41015.42872374401, -47462.163563032576, -52832.50544458693, -51880.32113079085, -26742.38702564085, -29715.30314866342, -59614.04706407155, -46858.73351797265, -0.04, 0.922, -0.34800000000000003, 192.0, 0.0, 0.0, 0.0, 0.0, 0.0, 0.0, 0.0, 0.0, 0.0, 1.741279700728549E9, 0.0, 2025-03-06 10:48:20.728
229.0, -41022.961261625445, -47466.34333924572, -52834.85237775474, -51881.483421502526, -26722.71749052018, -29715.057279474415, -59617.31041876202, -46859.60523600641, -0.04, 0.922, -0.34800000000000003, 192.0, 0.0, 0.0, 0.0, 0.0, 0.0, 0.0, 0.0, 0.0, 0.0, 1.741279700728563E9, 0.0, 2025-03-06 10:48:20.728
230.0, -41029.242101817385, -47466.209228778986, -52837.64634581165, -51891.966389652065, -26777.367505713406, -29719.080593476367, -59614.31528500501, -46844.808381177, -0.04, 0.922, -0.34800000000000003, 192.0, 0.0, 0.0, 0.0, 0.0, 0.0, 0.0, 0.0, 0.0, 0.0, 1.741279700728576E9, 0.0, 2025-03-06 10:48:20.728
231.0, -41029.33150879521, -47459.90603684259, -52839.90387200164, -51889.46299427307, -26801.44033449177, -29719.192352198646, -59615.70109316124, -46867.51775354359, -0.04, 0.922, -0.34800000000000003, 192.0, 0.0, 0.0, 0.0, 0.0, 0.0, 0.0, 0.0, 0.0, 0.0, 1.74127970072859E9, 0.0, 2025-03-06 10:48:20.728
232.0, -41022.82715115871, -47456.12859202964, -52839.725058045995, -51889.61945648426, -26760.000200271632, -29726.434317402163, -59637.494044005165, -46902.14060570486, -0.04, 0.922, -0.34800000000000003, 192.0, 0.0, 0.0, 0.0, 0.0, 0.0, 0.0, 0.0, 0.0, 0.0, 1.741279700728603E9, 0.0, 2025-03-06 10:48:20.728
233.0, -41026.53754073829, -47459.54840893131, -52839.45683711253, -51890.33471230682, -26729.71358653469, -29735.307959950922, -59648.13347436589, -46925.90051006085, -0.04, 0.922, -0.34800000000000003, 192.0, 0.0, 0.0, 0.0, 0.0, 0.0, 0.0, 0.0, 0.0, 0.0, 1.741279700728617E9, 0.0, 2025-03-06 10:48:20.728
234.0, -41021.59780521367, -47454.98865306243, -52834.60650856573, -51886.80313668289, -26780.809674359523, -29736.716119851604, -59652.06738139003, -46910.030771497586, -0.04, 0.922, -0.34800000000000003, 192.0, 0.0, 0.0, 0.0, 0.0, 0.0, 0.0, 0.0, 0.0, 0.0, 1.74127970072863E9, 0.0, 2025-03-06 10:48:20.728
235.0, -41016.47925573341, -47453.24521699491, -52832.1701684201, -51886.69137796061, -26811.96800613022, -29738.727776852582, -59645.540672009076, -46886.76260551961, -0.04, 0.922, -0.34800000000000003, 192.0, 0.0, 0.0, 0.0, 0.0, 0.0, 0.0, 0.0, 0.0, 0.0, 1.741279700728643E9, 0.0, 2025-03-06 10:48:20.728
236.0, -41020.77079066882, -47460.889513598624, -52841.58025283578, -51899.11894787776, -26794.667755921815, -29750.01540780251, -59648.893433677375, -46881.219372894695, -0.04, 0.928, -0.35000000000000003, 192.0, 254.0, 192.0, 29.0, 0.0, 245.0, 16.0, 0.0, 0.0, 0.0, 1.74127970072866E9, 0.0, 2025-03-06 10:48:20.728
237.0, -41036.998157143375, -47475.97694110596, -52854.477209386496, -51911.01007592799, -26757.563860126003, -29758.531422439984, -59655.01781165812, -46929.61089964043, -0.04, 0.928, -0.35000000000000003, 192.0, 0.0, 0.0, 0.0, 0.0, 0.0, 0.0, 0.0, 0.0, 0.0, 1.741279700788614E9, 0.0, 2025-03-06 10:48:20.788
238.0, -41039.97093915593, -47475.1052230722, -52848.73281106148, -51895.40855829818, -26794.48894196617, -29733.810393072417, -59647.03823888758, -46929.40973394034, -0.04, 0.928, -0.35000000000000003, 192.0, 0.0, 0.0, 0.0, 0.0, 0.0, 0.0, 0.0, 0.0, 0.0, 1.74127970078864E9, 0.0, 2025-03-06 10:48:20.788
239.0, -41045.536523525305, -47478.97207486297, -52851.951462263045, -51893.88863967522, -26821.668663223823, -29727.864829047303, -59643.59607024147, -46906.47684412919, -0.04, 0.928, -0.35000000000000003, 192.0, 0.0, 0.0, 0.0, 0.0, 0.0, 0.0, 0.0, 0.0, 0.0, 1.741279700788653E9, 0.0, 2025-03-06 10:48:20.788
240.0, -41057.80763123127, -47494.461833770496, -52868.33529094879, -51911.41240732818, -26786.196444773253, -29743.332236210375, -59649.318116822025, -46904.28637317257, -0.04, 0.928, -0.35000000000000003, 192.0, 0.0, 0.0, 0.0, 0.0, 0.0, 0.0, 0.0, 0.0, 0.0, 1.741279700788667E9, 0.0, 2025-03-06 10:48:20.788
241.0, -41053.158468384565, -47490.57263023527, -52854.63367159769, -51900.907087434185, -26748.82432804398, -29733.475116905585, -59636.10823584894, -46902.05119872704, -0.04, 0.928, -0.35000000000000003, 192.0, 0.0, 0.0, 0.0, 0.0, 0.0, 0.0, 0.0, 0.0, 0.0, 1.74127970078868E9, 0.0, 2025-03-06 10:48:20.788
242.0, -41049.13515438261, -47484.62706621016, -52840.97675573549, -51886.020825626954, -26793.39370648786, -29720.511105121506, -59628.86627064542, -46884.66154154081, -0.04, 0.928, -0.35000000000000003, 192.0, 0.0, 0.0, 0.0, 0.0, 0.0, 0.0, 0.0, 0.0, 0.0, 1.741279700788693E9, 0.0, 2025-03-06 10:48:20.788
243.0, -41049.96216892746, -47490.39381627963, -52844.64244182616, -51887.87602041674, -26819.254674822652, -29712.39742188423, -59631.79434916906, -46879.252419382625, -0.04, 0.928, -0.35000000000000003, 192.0, 0.0, 0.0, 0.0, 0.0, 0.0, 0.0, 0.0, 0.0, 0.0, 1.74127970078871E9, 0.0, 2025-03-06 10:48:20.788
244.0, -41041.915540923546, -47487.93512438955, -52847.14583720516, -51882.95863663658, -26805.44129674927, -29717.60537834232, -59634.25304105914, -46886.62849505288, -0.04, 0.928, -0.35000000000000003, 192.0, 0.0, 0.0, 0.0, 0.0, 0.0, 0.0, 0.0, 0.0, 0.0, 1.741279700788723E9, 0.0, 2025-03-06 10:48:20.788
245.0, -41050.69977649448, -47489.432691268055, -52856.48886638747, -51888.971255895056, -26748.9137350218, -29739.59949488634, -59650.45805578924, -46898.63138182538, -0.04, 0.928, -0.35000000000000003, 192.0, 0.0, 0.0, 0.0, 0.0, 0.0, 0.0, 0.0, 0.0, 0.0, 1.741279700788736E9, 0.0, 2025-03-06 10:48:20.788
246.0, -41050.766831727844, -47482.74951967592, -52851.01268899592, -51884.79147968191, -26784.296546494552, -29738.347797196842, -59649.20635809975, -46892.32818988898, -0.04, 0.918, -0.35000000000000003, 192.0, 254.0, 192.0, 28.0, 176.0, 245.0, 16.0, 0.0, 0.0, 0.0, 1.741279700788749E9, 0.0, 2025-03-06 10:48:20.788
247.0, -41047.43642180401, -47484.69412144353, -52851.16915120711, -51889.5971047398, -26828.105965626954, -29737.386672185265, -59646.61355574293, -46880.52646881658, -0.04, 0.918, -0.35000000000000003, 192.0, 0.0, 0.0, 0.0, 0.0, 0.0, 0.0, 0.0, 0.0, 0.0, 1.741279700788764E9, 0.0, 2025-03-06 10:48:20.788
248.0, -41041.200285100975, -47480.961380119494, -52851.01268899592, -51895.095633875804, -26845.49562281318, -29738.593666385852, -59634.051875359044, -46880.19119264975, -0.04, 0.918, -0.35000000000000003, 192.0, 0.0, 0.0, 0.0, 0.0, 0.0, 0.0, 0.0, 0.0, 0.0, 1.741279700788777E9, 0.0, 2025-03-06 10:48:20.788
249.0, -41047.99521541539, -47482.861278398195, -52862.50148564595, -51904.37160782476, -26794.35483149944, -29751.26710549201, -59644.60189874195, -46907.86265228542, -0.04, 0.918, -0.35000000000000003, 192.0, 0.0, 0.0, 0.0, 0.0, 0.0, 0.0, 0.0, 0.0, 0.0, 1.741279700788791E9, 0.0, 2025-03-06 10:48:20.788
250.0, -41061.76388999986, -47495.02062738188, -52867.79884908186, -51913.066436417874, -26804.7260409267, -29767.852099877848, -59653.27437559061, -46904.353428405935, -0.04, 0.918, -0.35000000000000003, 192.0, 0.0, 0.0, 0.0, 0.0, 0.0, 0.0, 0.0, 0.0, 0.0, 1.741279700788804E9, 0.0, 2025-03-06 10:48:20.788
251.0, -41052.532619539816, -47488.382159278655, -52854.14193321967, -51901.264715345475, -26876.02810573913, -29756.40800671673, -59652.246195345666, -46931.84607408597, -0.04, 0.918, -0.35000000000000003, 192.0, 0.0, 0.0, 0.0, 0.0, 0.0, 0.0, 0.0, 0.0, 0.0, 1.741279700788821E9, 0.0, 2025-03-06 10:48:20.788
252.0, -41053.292578851295, -47491.958438391506, -52861.09332574527, -51908.93136369364, -26893.08248675853, -29753.904611337737, -59658.7282012377, -46929.0744577735, -0.04, 0.918, -0.35000000000000003, 192.0, 0.0, 0.0, 0.0, 0.0, 0.0, 0.0, 0.0, 0.0, 0.0, 1.74127970084893E9, 0.0, 2025-03-06 10:48:20.848
253.0, -41063.35086385618, -47507.64936299913, -52877.79007885338, -51929.83024475935, -26834.655026752356, -29774.065884836422, -59669.18881764279, -46924.15707399334, -0.04, 0.918, -0.35000000000000003, 192.0, 0.0, 0.0, 0.0, 0.0, 0.0, 0.0, 0.0, 0.0, 0.0, 1.741279700848974E9, 0.0, 2025-03-06 10:48:20.848
254.0, -41066.591866802206, -47508.20815661051, -52874.124392762715, -51929.07028544787, -26813.867904408922, -29774.959954614635, -59666.171332141326, -46936.00349855465, -0.04, 0.918, -0.35000000000000003, 192.0, 0.0, 0.0, 0.0, 0.0, 0.0, 0.0, 0.0, 0.0, 0.0, 1.741279700848991E9, 0.0, 2025-03-06 10:48:20.848
255.0, -41064.759023756866, -47500.92148791808, -52868.42469792661, -51921.69420977762, -26866.059227712063, -29762.308867252934, -59661.611576272444, -46937.836341599985, -0.04, 0.918, -0.35000000000000003, 192.0, 0.0, 0.0, 0.0, 0.0, 0.0, 0.0, 0.0, 0.0, 0.0, 1.741279700849008E9, 0.0, 2025-03-06 10:48:20.849
0.0, -41057.67352076453, -47496.428787282566, -52865.250750213956, -51921.381285355244, -26896.569358893557, -29764.253469020543, -59659.35405008245, -46914.9258035333, -0.042, 0.926, -0.34800000000000003, 192.0, 254.0, 176.0, 28.0, 240.0, 245.0, 32.0, 0.0, 0.0, 0.0, 1.741279700849025E9, 0.0, 2025-03-06 10:48:20.849
1.0, -41070.637532548615, -47512.23147061247, -52881.589875410784, -51939.82147453088, -26836.82314596452, -29782.89482389627, -59675.67082353483, -46924.224129226706, -0.042, 0.926, -0.34800000000000003, 192.0, 0.0, 0.0, 0.0, 0.0, 0.0, 0.0, 0.0, 0.0, 0.0, 1.741279700849044E9, 0.0, 2025-03-06 10:48:20.849
