100.000000	-22377.761886	-7444.203787	-29090.638946	-24821.969846	-11238.434760	-18281.290624	-13476.738450	-9218.015876	-22864.068790	-25634.925143	-28336.781661	-6547.876483	-26314.395823	-19163.022240	-28745.438605	-24148.534137	0.000000	0.000000	0.000000	192.000000	0.000000	0.000000	0.000000	0.000000	0.000000	0.000000	0.000000	0.000000	0.000000	1741629019.372960	0.000000
102.000000	-22384.713278	-7445.254319	-29096.740973	-24825.434366	-11241.519301	-18275.769743	-13478.727755	-9210.863317	-22876.876340	-25634.388701	-28354.461891	-6559.700556	-26339.697998	-19172.208807	-28776.731047	-24153.786797	0.000000	0.000000	0.000000	192.000000	0.000000	0.000000	0.000000	0.000000	0.000000	0.000000	0.000000	0.000000	0.000000	1741629019.373295	0.000000
104.000000	-22370.430514	-7441.432171	-29091.130685	-24824.719110	-11236.467807	-18276.999089	-13461.606319	-9193.272494	-22864.404066	-25635.841565	-28342.816632	-6556.124277	-26313.792326	-19174.891016	-28756.055684	-24150.791663	0.000000	0.000000	0.000000	192.000000	0.000000	0.000000	0.000000	0.000000	0.000000	0.000000	0.000000	0.000000	0.000000	1741629019.373568	0.000000
106.000000	-22375.012621	-7448.204750	-29090.616595	-24818.862953	-11243.486255	-18270.025345	-13477.766630	-9202.660227	-22873.434171	-25635.707454	-28356.428845	-6558.158285	-26341.329675	-19170.443019	-28774.428818	-24151.663381	0.000000	0.000000	0.000000	192.000000	0.000000	0.000000	0.000000	0.000000	0.000000	0.000000	0.000000	0.000000	0.000000	1741629019.373823	0.000000
108.000000	-22366.138979	-7440.806322	-29089.007269	-24822.752157	-11238.926499	-18281.089459	-13480.180619	-9209.455157	-22865.320488	-25633.293466	-28344.068330	-6547.295338	-26322.978893	-19165.637394	-28755.161614	-24156.044323	-0.026000	0.490000	0.120000	192.000000	127.000000	48.000000	15.000000	80.000000	3.500000	64.000000	0.000000	0.000000	0.000000	1741629019.374076	0.000000
110.000000	-22382.589863	-7454.507942	-29092.203568	-24827.781299	-11242.256909	-18285.693918	-13484.874485	-9211.824442	-22868.628546	-25636.378007	-28353.970153	-6552.436239	-26343.609553	-19167.805513	-28775.300536	-24161.140521	-0.026000	0.490000	0.120000	192.000000	0.000000	0.000000	0.000000	0.000000	0.000000	0.000000	0.000000	0.000000	0.000000	1741629019.374357	0.000000
112.000000	-22369.424685	-7448.338860	-29091.153036	-24833.503346	-11232.131568	-18282.832895	-13467.842456	-9197.385215	-22870.774313	-25644.223469	-28350.930315	-6556.660719	-26331.003169	-19164.966841	-28756.703884	-24163.666268	-0.026000	0.490000	0.120000	192.000000	0.000000	0.000000	0.000000	0.000000	0.000000	0.000000	0.000000	0.000000	0.000000	1741629019.374612	0.000000
114.000000	-22396.984386	-7462.711032	-29101.814819	-24837.884288	-11248.984784	-18288.666700	-13484.695671	-9210.639800	-22882.687793	-25650.169033	-28370.733961	-6567.456611	-26354.025466	-19173.527559	-28768.796178	-24170.617660	-0.026000	0.490000	0.120000	192.000000	0.000000	0.000000	0.000000	0.000000	0.000000	0.000000	0.000000	0.000000	0.000000	1741629019.374870	0.000000
116.000000	-22375.750229	-7449.523503	-29088.336717	-24831.558744	-11232.109217	-18281.692956	-13463.237996	-9202.414358	-22879.290328	-25640.334265	-28368.655249	-6560.639329	-26341.195564	-19169.280728	-28768.527957	-24167.823692	-0.026000	0.490000	0.120000	192.000000	0.000000	0.000000	0.000000	0.000000	0.000000	0.000000	0.000000	0.000000	0.000000	1741629019.375143	0.000000
118.000000	-22399.241912	-7457.838351	-29089.588414	-24828.317741	-11237.339525	-18273.355755	-13462.500389	-9199.173355	-22883.112476	-25637.361483	-28374.489054	-6557.666547	-26345.464748	-19165.413876	-28763.722332	-24162.794550	-0.046000	0.735000	0.175000	192.000000	126.500000	120.000000	15.000000	80.000000	3.500000	24.000000	0.000000	0.000000	0.000000	1741629019.375404	0.000000
0.000000	-11144.177454	-3661.014576	-14503.801108	-12362.235768	-5577.877829	-9035.089199	-6738.447456	-4501.931906	-11441.008620	-12819.105425	-14186.540447	-3282.174859	-13171.167752	-9577.789554	-14386.655615	-12079.486201	-0.054000	0.982000	0.232000	192.000000	127.000000	40.000000	15.000000	88.000000	3.500000	32.000000	0.000000	0.000000	0.000000	1741629019.519389	0.000000
2.000000	-22274.697992	-7304.594791	-28994.504093	-24716.491963	-11153.989870	-18078.962633	-13464.467342	-8995.571315	-22708.321835	-25347.884041	-28089.101981	-6304.242468	-26164.549728	-19055.465645	-28713.788535	-24122.472003	-0.054000	0.982000	0.232000	192.000000	0.000000	0.000000	0.000000	0.000000	0.000000	0.000000	0.000000	0.000000	0.000000	1741629019.519709	0.000000
4.000000	-22260.437579	-7310.629762	-28989.407896	-24719.397690	-11151.709992	-18076.727459	-13450.788075	-8996.957123	-22696.408355	-25346.140605	-28074.305126	-6296.776986	-26110.726727	-19123.839632	-28682.093761	-24120.169773	-0.054000	0.982000	0.232000	192.000000	0.000000	0.000000	0.000000	0.000000	0.000000	0.000000	0.000000	0.000000	0.000000	1741629019.519970	0.000000
6.000000	-22266.316088	-7316.038885	-28991.196035	-24720.962312	-11158.393163	-18074.134657	-13463.439162	-8982.204972	-22705.237294	-25352.466148	-28084.072838	-6309.964515	-26123.914257	-19103.857172	-28713.833238	-24126.540020	-0.054000	0.982000	0.232000	192.000000	0.000000	0.000000	0.000000	0.000000	0.000000	0.000000	0.000000	0.000000	0.000000	1741629019.520230	0.000000
8.000000	-22252.145082	-7307.075835	-28990.838407	-24712.982740	-11144.333916	-18069.150218	-13458.700592	-8998.477042	-22698.330605	-25344.844204	-28069.879481	-6304.644800	-26116.068794	-19084.366451	-28684.910081	-24118.471041	-0.048000	0.982000	0.236000	192.000000	127.000000	64.000000	15.000000	88.000000	3.500000	48.000000	0.000000	0.000000	0.000000	1741629019.520471	0.000000
10.000000	-22285.583292	-7325.739542	-29013.056041	-24718.257751	-11167.132696	-18069.999584	-13476.313767	-9004.690826	-22717.754271	-25355.841262	-28091.828894	-6321.900347	-26159.989972	-19067.848512	-28711.598064	-24127.411738	-0.048000	0.982000	0.236000	192.000000	0.000000	0.000000	0.000000	0.000000	0.000000	0.000000	0.000000	0.000000	0.000000	1741629019.520755	0.000000
12.000000	-22245.059579	-7302.806652	-28982.322393	-24697.470629	-11145.518559	-18052.252299	-13431.990258	-8963.921245	-22702.555085	-25346.051198	-28073.433408	-6305.985904	-26133.301989	-19079.314957	-28697.449410	-24107.831610	-0.048000	0.982000	0.236000	192.000000	0.000000	0.000000	0.000000	0.000000	0.000000	0.000000	0.000000	0.000000	0.000000	1741629019.520999	0.000000
14.000000	-22265.287908	-7314.898946	-28993.498265	-24707.081879	-11154.794533	-18063.159950	-13455.548996	-8984.373091	-22705.907846	-25348.465186	-28071.868786	-6310.568012	-26120.181515	-19089.641463	-28696.734154	-24105.752898	-0.048000	0.982000	0.236000	192.000000	0.000000	0.000000	0.000000	0.000000	0.000000	0.000000	0.000000	0.000000	0.000000	1741629019.521260	0.000000
16.000000	-22244.679599	-7310.540356	-28994.794666	-24718.123641	-11156.068582	-18077.308604	-13461.472209	-9012.938620	-22703.203285	-25356.712980	-28063.576289	-6315.664210	-26137.258248	-19101.398480	-28697.091782	-24121.443823	-0.048000	0.982000	0.236000	192.000000	0.000000	0.000000	0.000000	0.000000	0.000000	0.000000	0.000000	0.000000	0.000000	1741629019.580209	0.000000
18.000000	-22266.740771	-7313.222565	-29008.630396	-24714.949693	-11158.348460	-18078.247378	-13470.882293	-9020.918193	-22699.269378	-25352.063817	-28065.163263	-6309.763349	-26135.961847	-19065.479227	-28705.361927	-24122.270837	-0.040000	0.986000	0.234000	192.000000	127.000000	96.000000	15.000000	104.000000	3.500000	40.000000	0.000000	0.000000	0.000000	1741629019.580503	0.000000
20.000000	-22229.726282	-7303.164280	-28999.913216	-24713.318016	-11149.161893	-18066.155084	-13460.578139	-8979.366300	-22702.689195	-25359.238727	-28070.102998	-6310.992695	-26151.429254	-19100.057375	-28700.533950	-24123.388424	-0.040000	0.986000	0.234000	192.000000	0.000000	0.000000	0.000000	0.000000	0.000000	0.000000	0.000000	0.000000	0.000000	1741629019.580786	0.000000
22.000000	-22244.813710	-7296.704626	-28993.140637	-24699.772859	-11156.381506	-18080.124924	-13458.834703	-8992.732643	-22692.452096	-25359.708114	-28058.323629	-6301.984942	-26125.188306	-19105.801774	-28690.498017	-24120.125070	-0.040000	0.986000	0.234000	192.000000	0.000000	0.000000	0.000000	0.000000	0.000000	0.000000	0.000000	0.000000	0.000000	1741629019.581035	0.000000
24.000000	-22232.766120	-7299.766815	-28996.716916	-24703.013862	-11155.420381	-18080.035517	-13467.753049	-8994.364321	-22694.106125	-25357.428236	-28058.345980	-6304.778910	-26124.517754	-19080.700765	-28696.845913	-24116.168811	-0.040000	0.986000	0.234000	192.000000	0.000000	0.000000	0.000000	0.000000	0.000000	0.000000	0.000000	0.000000	0.000000	1741629019.581300	0.000000
26.000000	-22260.325820	-7308.774568	-29008.362175	-24701.136315	-11164.137562	-18075.743982	-13466.858979	-8986.295341	-22698.308253	-25359.037561	-28065.431483	-6307.930506	-26150.602239	-19089.082669	-28694.655442	-24120.683863	-0.040000	0.986000	0.234000	192.000000	0.000000	0.000000	0.000000	0.000000	0.000000	0.000000	0.000000	0.000000	0.000000	1741629019.581560	0.000000
28.000000	-22229.391006	-7289.686178	-28995.845198	-24692.150914	-11146.412628	-18057.974345	-13446.518892	-8975.320634	-22692.250930	-25348.331076	-28063.777454	-6299.146271	-26180.195949	-19067.401477	-28696.398878	-24102.198971	-0.036000	0.984000	0.238000	192.000000	127.000000	112.000000	15.000000	96.000000	3.500000	56.000000	0.000000	0.000000	0.000000	1741629019.581818	0.000000
30.000000	-22250.602812	-7300.727940	-29001.231969	-24700.286949	-11170.463105	-18071.318337	-13467.328366	-8999.706387	-22687.534712	-25344.531279	-28058.278925	-6299.190974	-26125.612989	-19090.401422	-28682.138465	-24105.618787	-0.036000	0.984000	0.238000	192.000000	0.000000	0.000000	0.000000	0.000000	0.000000	0.000000	0.000000	0.000000	0.000000	1741629019.639113	0.000000
32.000000	-22231.916753	-7297.844565	-28993.297099	-24697.627091	-11157.007355	-18073.486456	-13462.656851	-8998.275876	-22693.010890	-25344.531279	-28059.530623	-6301.962590	-26120.025053	-19084.075878	-28703.462029	-24108.837439	-0.036000	0.984000	0.238000	192.000000	0.000000	0.000000	0.000000	0.000000	0.000000	0.000000	0.000000	0.000000	0.000000	1741629019.639432	0.000000
34.000000	-22251.385123	-7292.949533	-28996.761620	-24687.546454	-11154.906291	-18066.244491	-13451.056296	-8981.847344	-22682.572625	-25348.912221	-28051.461643	-6296.620524	-26125.300065	-19077.638576	-28683.703087	-24108.122183	-0.036000	0.984000	0.238000	192.000000	0.000000	0.000000	0.000000	0.000000	0.000000	0.000000	0.000000	0.000000	0.000000	1741629019.639691	0.000000
36.000000	-22235.627143	-7287.629817	-28993.475913	-24685.445390	-11156.359155	-18058.331973	-13442.540281	-8974.381861	-22674.637756	-25339.725654	-28052.623934	-6290.853773	-26150.445777	-19064.160474	-28697.784686	-24086.351584	-0.036000	0.984000	0.238000	192.000000	0.000000	0.000000	0.000000	0.000000	0.000000	0.000000	0.000000	0.000000	0.000000	1741629019.639954	0.000000
38.000000	-22251.407474	-7298.336303	-28996.806323	-24692.843818	-11170.396050	-18063.651689	-13472.491619	-8991.302132	-22672.693154	-25346.274715	-28043.124442	-6290.630256	-26099.819076	-19074.509332	-28677.668116	-24086.932729	-0.032000	0.984000	0.242000	192.000000	127.500000	0.000000	15.000000	96.000000	3.500000	72.000000	0.000000	0.000000	0.000000	1741629019.640223	0.000000
40.000000	-22245.260745	-7293.105995	-28992.425381	-24690.251015	-11164.674004	-18078.493247	-13465.517874	-9016.224327	-22685.768924	-25347.749930	-28055.060274	-6301.381445	-26096.846294	-19107.768727	-28709.161724	-24083.758781	-0.032000	0.984000	0.242000	192.000000	0.000000	0.000000	0.000000	0.000000	0.000000	0.000000	0.000000	0.000000	0.000000	1741629019.640504	0.000000
42.000000	-22248.926431	-7287.451003	-28993.073582	-24679.298661	-11158.661384	-18054.152197	-13465.204950	-8979.813335	-22673.430762	-25339.122157	-28038.542335	-6295.569992	-26090.654861	-19078.219721	-28684.373639	-24086.284529	-0.032000	0.984000	0.242000	192.000000	0.000000	0.000000	0.000000	0.000000	0.000000	0.000000	0.000000	0.000000	0.000000	1741629019.640752	0.000000
44.000000	-22253.128559	-7289.060329	-28996.582806	-24676.191768	-11164.025803	-18054.778046	-13441.601508	-8973.331329	-22666.747590	-25322.134831	-28038.721149	-6284.371768	-26085.268090	-19087.898026	-28703.730250	-24058.993049	-0.032000	0.984000	0.242000	192.000000	0.000000	0.000000	0.000000	0.000000	0.000000	0.000000	0.000000	0.000000	0.000000	1741629019.640990	0.000000
46.000000	-22254.223794	-7289.887344	-28997.454524	-24674.001297	-11165.836294	-18055.068619	-13448.575252	-8974.963006	-22667.731067	-25333.310703	-28035.256628	-6291.211401	-26084.821056	-19063.914605	-28676.729343	-24070.548900	-0.032000	0.984000	0.242000	192.000000	0.000000	0.000000	0.000000	0.000000	0.000000	0.000000	0.000000	0.000000	0.000000	1741629019.700364	0.000000
48.000000	-22248.568803	-7290.222620	-28982.903538	-24666.044076	-11152.022916	-18054.196901	-13457.851226	-8982.003806	-22668.848654	-25324.817041	-28033.759062	-6293.938314	-26083.994041	-19048.760122	-28703.104401	-24060.200043	-0.034000	0.984000	0.244000	192.000000	127.000000	120.000000	15.000000	96.000000	3.500000	80.000000	0.000000	0.000000	0.000000	1741629019.700652	0.000000
50.000000	-22249.418169	-7293.933009	-28995.040535	-24674.314222	-11161.857684	-18051.671154	-13453.984374	-8996.890068	-22665.048857	-25331.321398	-28025.712434	-6291.949009	-26046.465462	-19096.034061	-28680.037401	-24071.554729	-0.034000	0.984000	0.244000	192.000000	0.000000	0.000000	0.000000	0.000000	0.000000	0.000000	0.000000	0.000000	0.000000	1741629019.700930	0.000000
52.000000	-22261.152835	-7287.383948	-28999.555588	-24667.049905	-11165.188094	-18045.345610	-13467.216607	-9014.078559	-22676.358840	-25331.142584	-28047.728902	-6300.152099	-26087.458561	-19075.492808	-28720.315244	-24079.355488	-0.034000	0.984000	0.244000	192.000000	0.000000	0.000000	0.000000	0.000000	0.000000	0.000000	0.000000	0.000000	0.000000	1741629019.701183	0.000000
54.000000	-22250.289887	-7285.595809	-28997.052192	-24667.184015	-11158.728440	-18033.745054	-13457.247729	-8964.748259	-22668.289860	-25316.323378	-28034.228448	-6285.891686	-26067.654916	-19049.363619	-28689.805113	-24069.319554	-0.034000	0.984000	0.244000	192.000000	0.000000	0.000000	0.000000	0.000000	0.000000	0.000000	0.000000	0.000000	0.000000	1741629019.701440	0.000000
56.000000	-22257.911832	-7295.877611	-28993.006527	-24670.469722	-11157.923777	-18044.652706	-13454.274947	-8971.073803	-22680.292747	-25321.196058	-28044.309085	-6295.614695	-26066.470273	-19059.779532	-28707.485343	-24066.659697	-0.034000	0.984000	0.244000	192.000000	0.000000	0.000000	0.000000	0.000000	0.000000	0.000000	0.000000	0.000000	0.000000	1741629019.701699	0.000000
58.000000	-22255.810768	-7300.102091	-29004.405916	-24687.255882	-11160.136600	-18070.446619	-13449.603432	-9000.891030	-22677.118799	-25327.365139	-28037.178878	-6297.626352	-26057.820148	-19041.205232	-28685.290061	-24073.298165	-0.038000	0.982000	0.242000	192.000000	127.000000	104.000000	15.000000	88.000000	3.500000	72.000000	0.000000	0.000000	0.000000	1741629019.701957	0.000000
60.000000	-22267.187806	-7296.481108	-29002.461314	-24672.168454	-11146.814960	-18079.633186	-13462.925072	-9005.271972	-22684.427820	-25331.075529	-28048.555916	-6304.577745	-26098.947358	-19113.714291	-28710.279311	-24093.459438	-0.038000	0.982000	0.242000	192.000000	0.000000	0.000000	0.000000	0.000000	0.000000	0.000000	0.000000	0.000000	0.000000	1741629019.744287	0.000000
62.000000	-22241.528003	-7284.925256	-28995.912253	-24675.364754	-11150.972384	-18056.901462	-13450.810427	-8983.814297	-22676.224730	-25323.073604	-28035.726015	-6288.462137	-26068.571337	-19050.324744	-28689.112209	-24084.921072	-0.038000	0.982000	0.242000	192.000000	0.000000	0.000000	0.000000	0.000000	0.000000	0.000000	0.000000	0.000000	0.000000	1741629019.744590	0.000000
64.000000	-22261.152835	-7295.050597	-29000.919044	-24679.991565	-11171.580693	-18066.870340	-13463.617976	-8997.739434	-22679.733953	-25325.174668	-28037.760024	-6290.362035	-26066.805549	-19092.658948	-28709.832276	-24079.623709	-0.038000	0.982000	0.242000	192.000000	0.000000	0.000000	0.000000	0.000000	0.000000	0.000000	0.000000	0.000000	0.000000	1741629019.744839	0.000000
66.000000	-22243.718474	-7282.243047	-28996.381640	-24684.953652	-11160.226007	-18049.815959	-13459.751124	-9001.092196	-22682.997308	-25329.577962	-28040.933972	-6299.034512	-26071.991154	-19078.487942	-28711.128677	-24088.184427	-0.038000	0.982000	0.242000	192.000000	0.000000	0.000000	0.000000	0.000000	0.000000	0.000000	0.000000	0.000000	0.000000	1741629019.745128	0.000000
68.000000	-22262.382181	-7296.235239	-29001.053155	-24685.490094	-11165.255149	-18064.970441	-13457.046563	-9008.669437	-22678.035221	-25325.711110	-28041.649227	-6295.905268	-26082.340012	-19076.744506	-28707.954730	-24088.273834	-0.044000	0.982000	0.242000	192.000000	127.000000	80.000000	15.000000	88.000000	3.500000	72.000000	0.000000	0.000000	0.000000	1741629019.745401	0.000000
70.000000	-22245.752483	-7287.898038	-29001.209617	-24686.361812	-11167.043289	-18062.399991	-13468.825933	-9010.815204	-22678.191683	-25321.866610	-28043.973809	-6295.748805	-26066.760846	-19084.947596	-28710.614587	-24091.894816	-0.044000	0.982000	0.242000	192.000000	0.000000	0.000000	0.000000	0.000000	0.000000	0.000000	0.000000	0.000000	0.000000	1741629019.796576	0.000000
72.000000	-22270.965251	-7308.126367	-29012.229027	-24688.306414	-11180.521391	-18072.033593	-13460.600491	-9016.224327	-22689.144038	-25334.383587	-28055.529661	-6305.024779	-26098.097992	-19064.719267	-28703.663195	-24093.258273	-0.044000	0.982000	0.242000	192.000000	0.000000	0.000000	0.000000	0.000000	0.000000	0.000000	0.000000	0.000000	0.000000	1741629019.796874	0.000000
74.000000	-22230.955628	-7286.936913	-28984.848140	-24674.224815	-11157.275576	-18058.756656	-13456.644232	-9021.119359	-22680.069230	-25334.808270	-28041.783338	-6301.180279	-26071.477064	-19073.481151	-28718.728270	-24093.660604	-0.044000	0.982000	0.242000	192.000000	0.000000	0.000000	0.000000	0.000000	0.000000	0.000000	0.000000	0.000000	0.000000	1741629019.797138	0.000000
76.000000	-22265.690239	-7297.621047	-29001.567245	-24682.874940	-11172.005376	-18065.149255	-13463.662680	-8998.097062	-22671.284994	-25327.521602	-28035.547201	-6291.189050	-26054.780311	-19054.392762	-28691.034459	-24079.489598	-0.044000	0.982000	0.242000	192.000000	0.000000	0.000000	0.000000	0.000000	0.000000	0.000000	0.000000	0.000000	0.000000	1741629019.797401	0.000000
78.000000	-22244.098454	-7286.892210	-29004.070640	-24687.769972	-11169.211408	-18058.242566	-13463.372107	-9008.892954	-22686.215959	-25337.959866	-28054.702646	-6305.158890	-26085.089276	-19114.451899	-28723.042157	-24096.991014	-0.042000	0.980000	0.238000	192.000000	127.000000	88.000000	15.000000	80.000000	3.500000	56.000000	0.000000	0.000000	0.000000	1741629019.797658	0.000000
80.000000	-22271.747562	-7300.683236	-29016.989948	-24694.631957	-11176.676890	-18076.526293	-13464.377935	-8996.487736	-22677.878759	-25328.929762	-28040.799861	-6297.112262	-26088.643204	-19042.971020	-28699.349308	-24085.658680	-0.042000	0.980000	0.238000	192.000000	0.000000	0.000000	0.000000	0.000000	0.000000	0.000000	0.000000	0.000000	0.000000	1741629019.797929	0.000000
82.000000	-22244.053751	-7296.883440	-29006.998719	-24704.310263	-11174.262902	-18078.761468	-13466.702517	-9038.017277	-22692.407393	-25341.849070	-28055.015571	-6319.396951	-26094.141733	-19111.277951	-28735.313265	-24110.200895	-0.042000	0.980000	0.238000	192.000000	0.000000	0.000000	0.000000	0.000000	0.000000	0.000000	0.000000	0.000000	0.000000	1741629019.798198	0.000000
84.000000	-22267.187806	-7298.313951	-29011.893751	-24693.827295	-11178.330920	-18075.140485	-13462.098058	-8996.174812	-22679.488084	-25335.836451	-28039.950495	-6306.611753	-26050.399369	-19112.887277	-28700.153971	-24101.304901	-0.042000	0.980000	0.238000	192.000000	0.000000	0.000000	0.000000	0.000000	0.000000	0.000000	0.000000	0.000000	0.000000	1741629019.856821	0.000000
86.000000	-22258.783550	-7293.776547	-29012.988986	-24697.515332	-11173.055908	-18076.056907	-13468.155380	-9008.647085	-22688.473486	-25334.316532	-28055.216736	-6304.533041	-26087.235044	-19080.790172	-28735.045044	-24100.589645	-0.042000	0.980000	0.238000	192.000000	0.000000	0.000000	0.000000	0.000000	0.000000	0.000000	0.000000	0.000000	0.000000	1741629019.857125	0.000000
88.000000	-22264.617355	-7298.425710	-29010.731460	-24692.508542	-11171.468934	-18057.147331	-13462.992127	-8992.218553	-22685.791276	-25330.874363	-28050.701684	-6301.493204	-26087.995003	-19082.198332	-28706.770087	-24102.713061	-0.038000	0.984000	0.234000	192.000000	127.000000	104.000000	15.000000	96.000000	3.500000	40.000000	0.000000	0.000000	0.000000	1741629019.857384	0.000000
90.000000	-22255.989582	-7297.777509	-29007.713974	-24694.408440	-11188.098632	-18073.799381	-13455.079610	-9015.754940	-22687.579416	-25328.661541	-28059.016533	-6306.745864	-26098.366213	-19080.633710	-28728.294817	-24096.253407	-0.038000	0.984000	0.234000	192.000000	0.000000	0.000000	0.000000	0.000000	0.000000	0.000000	0.000000	0.000000	0.000000	1741629019.857672	0.000000
92.000000	-22261.622222	-7297.397530	-29012.273730	-24700.599873	-11164.875169	-18068.680831	-13473.206875	-9000.935733	-22689.568721	-25339.815061	-28051.439291	-6313.116111	-26066.336163	-19100.437355	-28697.583520	-24099.203837	-0.038000	0.984000	0.234000	192.000000	0.000000	0.000000	0.000000	0.000000	0.000000	0.000000	0.000000	0.000000	0.000000	1741629019.857929	0.000000
94.000000	-22253.128559	-7296.682274	-29014.486553	-24698.029423	-11166.909178	-18058.399029	-13466.099020	-9021.097007	-22683.198474	-25335.769395	-28054.188556	-6313.831367	-26090.386640	-19096.928131	-28719.398823	-24092.900645	-0.038000	0.984000	0.234000	192.000000	0.000000	0.000000	0.000000	0.000000	0.000000	0.000000	0.000000	0.000000	0.000000	1741629019.858188	0.000000
96.000000	-22264.282079	-7296.078777	-29024.097803	-24698.834085	-11167.333861	-18050.285345	-13463.752087	-8998.030007	-22680.538616	-25339.166860	-28051.059312	-6311.104454	-26074.248680	-19071.335384	-28695.750677	-24100.187314	-0.038000	0.984000	0.234000	192.000000	0.000000	0.000000	0.000000	0.000000	0.000000	0.000000	0.000000	0.000000	0.000000	1741629019.858450	0.000000
98.000000	-22263.835044	-7301.152623	-29021.862629	-24695.727193	-11183.315359	-18058.376677	-13477.319595	-9017.677190	-22687.802933	-25337.602238	-28062.905736	-6308.824576	-26112.716033	-19086.780439	-28730.686454	-24100.902569	-0.034000	0.974000	0.232000	192.000000	127.000000	120.000000	15.000000	56.000000	3.500000	32.000000	0.000000	0.000000	0.000000	1741629019.858709	0.000000
100.000000	-22241.148024	-7293.195402	-29007.602216	-24693.067335	-11166.775068	-18052.341706	-13459.751124	-9016.000809	-22679.510436	-25342.139642	-28047.393626	-6301.761425	-26074.203977	-19028.196517	-28696.801209	-24096.946311	-0.034000	0.974000	0.232000	192.000000	0.000000	0.000000	0.000000	0.000000	0.000000	0.000000	0.000000	0.000000	0.000000	1741629019.884545	0.000000
102.000000	-22251.407474	-7299.364483	-29006.015242	-24693.894350	-11168.384393	-18070.267805	-13453.827912	-9013.095082	-22676.537654	-25346.274715	-28050.947553	-6306.701160	-26098.835599	-19128.399387	-28718.415346	-24100.455535	-0.034000	0.974000	0.232000	192.000000	0.000000	0.000000	0.000000	0.000000	0.000000	0.000000	0.000000	0.000000	0.000000	1741629019.884847	0.000000
104.000000	-22252.301544	-7296.414053	-29010.038556	-24702.566827	-11168.943187	-18069.038459	-13463.148590	-9017.230155	-22676.694116	-25351.527375	-28048.600620	-6308.534003	-26084.999869	-19097.062242	-28689.939224	-24095.046412	-0.034000	0.974000	0.232000	192.000000	0.000000	0.000000	0.000000	0.000000	0.000000	0.000000	0.000000	0.000000	0.000000	1741629019.938261	0.000000
106.000000	-22273.870978	-7303.812480	-29015.470030	-24692.821466	-11175.492248	-18034.437959	-13454.476113	-8991.905629	-22686.394773	-25350.096864	-28066.191443	-6314.680733	-26116.448774	-19099.252713	-28721.879866	-24100.008500	-0.034000	0.974000	0.232000	192.000000	0.000000	0.000000	0.000000	0.000000	0.000000	0.000000	0.000000	0.000000	0.000000	1741629019.938552	0.000000
108.000000	-22243.986695	-7296.190536	-29003.355384	-24688.418172	-11158.884902	-18046.776121	-13450.162226	-9012.893917	-22682.192645	-25333.333055	-28058.010704	-6308.779873	-26094.745230	-19054.348058	-28699.617529	-24078.103790	-0.032000	0.980000	0.234000	192.000000	127.500000	0.000000	15.000000	80.000000	3.500000	40.000000	0.000000	0.000000	0.000000	1741629019.938807	0.000000
110.000000	-22268.126579	-7312.239088	-29021.259132	-24702.522123	-11176.475725	-18046.038514	-13457.001860	-8992.799698	-22695.335471	-25349.985105	-28076.227376	-6325.744847	-26103.037727	-19075.962195	-28719.018843	-24092.006575	-0.032000	0.980000	0.234000	192.000000	0.000000	0.000000	0.000000	0.000000	0.000000	0.000000	0.000000	0.000000	0.000000	1741629019.939085	0.000000
112.000000	-22236.968248	-7290.021454	-29005.612910	-24690.251015	-11162.237664	-18043.445712	-13451.011592	-8998.119414	-22683.086715	-25347.012323	-28058.591850	-6313.652553	-26077.914366	-19076.811561	-28710.256959	-24088.899683	-0.032000	0.980000	0.234000	192.000000	0.000000	0.000000	0.000000	0.000000	0.000000	0.000000	0.000000	0.000000	0.000000	1741629019.939358	0.000000
114.000000	-22259.364695	-7295.967018	-29011.849047	-24690.139257	-11171.491286	-18057.482607	-13466.277834	-9045.214539	-22686.260663	-25341.580849	-28057.586021	-6307.952858	-26098.701489	-19072.318861	-28706.434811	-24096.588683	-0.032000	0.980000	0.234000	192.000000	0.000000	0.000000	0.000000	0.000000	0.000000	0.000000	0.000000	0.000000	0.000000	1741629019.939648	0.000000
116.000000	-22243.629067	-7289.641474	-29007.579864	-24690.988623	-11167.825600	-18054.778046	-13460.466380	-9000.153422	-22682.036183	-25342.385512	-28056.311972	-6305.494166	-26108.871533	-19090.088497	-28715.554323	-24099.606168	-0.032000	0.980000	0.234000	192.000000	0.000000	0.000000	0.000000	0.000000	0.000000	0.000000	0.000000	0.000000	0.000000	1741629019.939896	0.000000
118.000000	-22269.914719	-7302.963114	-29005.970538	-24684.484265	-11164.964576	-18052.587575	-13451.503331	-8991.279780	-22684.673689	-25341.804366	-28068.873652	-6315.887727	-26097.203922	-19084.411154	-28714.324977	-24094.107639	-0.032000	0.986000	0.234000	192.000000	127.500000	0.000000	15.000000	104.000000	3.500000	40.000000	0.000000	0.000000	0.000000	1741629019.940171	0.000000
120.000000	-22229.279247	-7298.068082	-28992.067753	-24694.721364	-11157.588501	-18065.685697	-13456.979508	-9024.203899	-22685.277186	-25343.972486	-28064.827986	-6315.865376	-26092.957090	-19051.665849	-28716.940131	-24093.526494	-0.032000	0.986000	0.234000	192.000000	0.000000	0.000000	0.000000	0.000000	0.000000	0.000000	0.000000	0.000000	0.000000	1741629019.971694	0.000000
122.000000	-22258.671791	-7301.085568	-29004.562378	-24695.749545	-11174.709937	-18056.342668	-13450.631613	-9006.255449	-22687.199436	-25341.379683	-28064.179786	-6313.004352	-26080.596576	-19087.674509	-28708.111192	-24107.272817	-0.032000	0.986000	0.234000	192.000000	0.000000	0.000000	0.000000	0.000000	0.000000	0.000000	0.000000	0.000000	0.000000	1741629019.972012	0.000000
124.000000	-22245.528966	-7289.641474	-29002.438963	-24706.903065	-11170.887789	-18053.727514	-13454.811389	-9023.131016	-22682.259701	-25333.668331	-28062.905736	-6305.807090	-26103.618873	-19056.203253	-28720.136430	-24097.482752	-0.032000	0.986000	0.234000	192.000000	0.000000	0.000000	0.000000	0.000000	0.000000	0.000000	0.000000	0.000000	0.000000	1741629019.972301	0.000000
126.000000	-22260.236414	-7288.792108	-29000.248492	-24700.823391	-11175.983986	-18057.013220	-13463.059183	-9007.864774	-22679.845712	-25340.195041	-28066.571422	-6309.137500	-26093.515884	-19091.183733	-28707.597102	-24106.468154	-0.032000	0.986000	0.234000	192.000000	0.000000	0.000000	0.000000	0.000000	0.000000	0.000000	0.000000	0.000000	0.000000	1741629020.028337	0.000000
128.000000	-22249.842852	-7294.692969	-29005.814076	-24712.356891	-11178.241513	-18070.200750	-13467.954215	-9034.396295	-22686.059497	-25348.599297	-28073.858091	-6318.368771	-26123.780146	-19079.292605	-28729.859439	-24105.663491	-0.036000	0.990000	0.230000	192.000000	127.000000	112.000000	15.000000	120.000000	3.500000	24.000000	0.000000	0.000000	0.000000	1741629020.028790	0.000000
130.000000	-22253.083855	-7298.403358	-28996.672213	-24690.161608	-11164.070507	-18057.594366	-13454.409057	-9010.077597	-22686.752401	-25346.520584	-28065.923222	-6319.419303	-26093.202960	-19073.481151	-28710.569884	-24113.397195	-0.036000	0.990000	0.230000	192.000000	0.000000	0.000000	0.000000	0.000000	0.000000	0.000000	0.000000	0.000000	0.000000	1741629020.029234	0.000000
132.000000	-22231.268553	-7295.497631	-28993.587672	-24683.143161	-11173.838219	-18040.696447	-13453.112656	-9029.590670	-22686.797105	-25330.784956	-28061.609335	-6303.571916	-26096.689832	-19049.028343	-28725.813773	-24096.588683	-0.036000	0.990000	0.230000	192.000000	0.000000	0.000000	0.000000	0.000000	0.000000	0.000000	0.000000	0.000000	0.000000	1741629020.029673	0.000000
134.000000	-22254.112036	-7294.491803	-29000.740230	-24684.126637	-11169.010242	-18053.325183	-13457.270081	-8998.879373	-22681.410334	-25329.712073	-28059.396512	-6298.095739	-26100.042593	-19064.942785	-28707.038308	-24106.825782	-0.036000	0.990000	0.230000	192.000000	0.000000	0.000000	0.000000	0.000000	0.000000	0.000000	0.000000	0.000000	0.000000	1741629020.030114	0.000000
136.000000	-22231.760291	-7276.319835	-28983.261166	-24688.149951	-11155.330974	-18045.233851	-13447.792941	-9006.277800	-22671.597918	-25322.805384	-28059.128292	-6292.418396	-26120.382681	-19083.695898	-28719.599988	-24097.370994	-0.036000	0.990000	0.230000	192.000000	0.000000	0.000000	0.000000	0.000000	0.000000	0.000000	0.000000	0.000000	0.000000	1741629020.030548	0.000000
138.000000	-22249.686390	-7285.349940	-28990.860759	-24697.828257	-11169.993719	-18057.527311	-13466.009613	-9027.847234	-22662.456055	-25328.505078	-28044.733768	-6290.272628	-26070.851215	-19056.359715	-28695.661270	-24109.955026	-0.034000	0.992000	0.230000	192.000000	127.000000	120.000000	15.500000	0.000000	3.500000	24.000000	0.000000	0.000000	0.000000	1741629020.030970	0.000000
140.000000	-22234.755425	-7274.822268	-28982.121227	-24696.710670	-11167.177399	-18068.658479	-13461.025174	-9026.237908	-22678.504607	-25333.064834	-28063.799806	-6302.521384	-26117.320492	-19021.848622	-28739.738910	-24119.007482	-0.034000	0.992000	0.230000	192.000000	0.000000	0.000000	0.000000	0.000000	0.000000	0.000000	0.000000	0.000000	0.000000	1741629020.031449	0.000000
142.000000	-22240.544527	-7283.919428	-28985.630451	-24691.078030	-11162.617643	-18058.980174	-13445.803636	-9028.875414	-22664.534767	-25323.073604	-28047.371274	-6281.488393	-26079.501340	-19090.155553	-28694.856607	-24116.101756	-0.034000	0.992000	0.230000	192.000000	0.000000	0.000000	0.000000	0.000000	0.000000	0.000000	0.000000	0.000000	0.000000	1741629020.082458	0.000000
144.000000	-22239.337532	-7283.405338	-28985.988079	-24686.406515	-11166.015108	-18072.257110	-13464.154418	-9040.431266	-22668.982764	-25325.800517	-28056.669600	-6284.483526	-26115.532352	-19041.607564	-28726.931361	-24111.564352	-0.034000	0.992000	0.230000	192.000000	0.000000	0.000000	0.000000	0.000000	0.000000	0.000000	0.000000	0.000000	0.000000	1741629020.082763	0.000000
146.000000	-22233.056692	-7277.325663	-28986.077486	-24692.106210	-11169.703146	-18078.962633	-13460.488732	-9038.173740	-22660.109122	-25326.985160	-28046.477204	-6281.734262	-26101.875437	-19082.198332	-28710.838105	-24121.153250	-0.034000	0.992000	0.230000	192.000000	0.000000	0.000000	0.000000	0.000000	0.000000	0.000000	0.000000	0.000000	0.000000	1741629020.083036	0.000000
148.000000	-22245.283096	-7282.555971	-28981.383619	-24702.455068	-11177.012167	-18074.291119	-13454.342002	-9039.894824	-22668.692192	-25325.822869	-28060.156472	-6290.809070	-26105.295253	-19089.060317	-28728.674797	-24126.338855	-0.042000	0.992000	0.224000	192.000000	127.000000	88.000000	15.500000	0.000000	3.500000	0.000000	0.000000	0.000000	0.000000	1741629020.083305	0.000000
150.000000	-22239.985733	-7281.438384	-28978.276727	-24706.053699	-11166.417440	-18072.614738	-13471.038755	-9042.979365	-22664.221843	-25326.873401	-28054.546184	-6288.059805	-26084.016393	-19038.500671	-28702.903235	-24127.277628	-0.042000	0.992000	0.224000	192.000000	0.000000	0.000000	0.000000	0.000000	0.000000	0.000000	0.000000	0.000000	0.000000	1741629020.083560	0.000000
152.000000	-22251.474530	-7287.719224	-28992.783009	-24716.290798	-11177.682719	-18091.479610	-13466.747220	-9048.008507	-22676.224730	-25334.808270	-28068.873652	-6297.224021	-26103.685928	-19096.995186	-28733.100442	-24128.708140	-0.042000	0.992000	0.224000	192.000000	0.000000	0.000000	0.000000	0.000000	0.000000	0.000000	0.000000	0.000000	0.000000	1741629020.083804	0.000000
154.000000	-22231.246201	-7262.595864	-28975.460407	-24700.488114	-11166.976233	-18060.634203	-13447.032982	-9014.145614	-22663.595994	-25334.808270	-28052.959210	-6286.495183	-26095.035803	-19053.252823	-28709.407593	-24120.214477	-0.042000	0.992000	0.224000	192.000000	0.000000	0.000000	0.000000	0.000000	0.000000	0.000000	0.000000	0.000000	0.000000	1741629020.084077	0.000000
156.000000	-22270.764085	-7300.280905	-28999.242663	-24717.207219	-11188.970350	-18092.396032	-13484.248636	-9042.845254	-22670.905014	-25331.679026	-28064.962097	-6293.580686	-26106.725765	-19077.213893	-28730.753509	-24123.746052	-0.042000	0.992000	0.224000	192.000000	0.000000	0.000000	0.000000	0.000000	0.000000	0.000000	0.000000	0.000000	0.000000	1741629020.142986	0.000000
158.000000	-22242.064445	-7279.471431	-28989.474951	-24708.735908	-11172.899446	-18090.317320	-13465.227302	-9042.442923	-22675.576529	-25340.060930	-28071.779379	-6300.912058	-26114.414765	-19088.009785	-28725.009111	-24136.598305	-0.048000	0.992000	0.210000	192.000000	127.000000	64.000000	15.500000	0.000000	3.000000	72.000000	0.000000	0.000000	0.000000	1741629020.143287	0.000000
160.000000	-22248.099416	-7294.894134	-28985.116361	-24702.790344	-11190.289103	-18071.094819	-13454.073781	-9041.213577	-22669.049820	-25334.696512	-28075.825045	-6307.304657	-26108.603312	-19080.052564	-28736.989646	-24135.078387	-0.048000	0.992000	0.210000	192.000000	0.000000	0.000000	0.000000	0.000000	0.000000	0.000000	0.000000	0.000000	0.000000	1741629020.143564	0.000000
162.000000	-22232.989637	-7281.460736	-28971.146521	-24703.326786	-11167.758544	-18079.856703	-13444.775456	-9055.205769	-22674.548349	-25336.484651	-28064.224489	-6304.868317	-26090.654861	-19055.286831	-28720.672872	-24131.233887	-0.048000	0.992000	0.210000	192.000000	0.000000	0.000000	0.000000	0.000000	0.000000	0.000000	0.000000	0.000000	0.000000	1741629020.143817	0.000000
164.000000	-22266.673716	-7296.950495	-28991.732477	-24714.457955	-11182.778917	-18076.638052	-13465.763744	-9056.703336	-22681.499741	-25341.916125	-28078.931937	-6312.490262	-26115.532352	-19092.726003	-28728.183058	-24139.414625	-0.048000	0.992000	0.210000	192.000000	0.000000	0.000000	0.000000	0.000000	0.000000	0.000000	0.000000	0.000000	0.000000	1741629020.144081	0.000000
166.000000	-22224.853602	-7265.836867	-28971.392390	-24703.170324	-11162.930568	-18055.783874	-13437.511139	-8997.560620	-22665.495892	-25330.382625	-28066.929050	-6294.005369	-26099.506152	-19048.603660	-28718.147125	-24122.762575	-0.048000	0.992000	0.210000	192.000000	0.000000	0.000000	0.000000	0.000000	0.000000	0.000000	0.000000	0.000000	0.000000	1741629020.144354	0.000000
168.000000	-22249.775797	-7276.811573	-28979.304907	-24711.015786	-11178.710899	-18075.207540	-13452.732677	-9020.024123	-22671.843788	-25331.991951	-28071.131178	-6298.431015	-26112.648977	-19071.000108	-28715.420212	-24128.417567	-0.042000	0.990000	0.220000	192.000000	127.000000	88.000000	15.000000	120.000000	3.000000	112.000000	0.000000	0.000000	0.000000	1741629020.144620	0.000000
170.000000	-22217.477526	-7254.839808	-28967.614945	-24700.622225	-11171.915969	-18074.626395	-13440.930956	-9019.644144	-22650.699037	-25321.732500	-28057.094283	-6295.122957	-26096.488666	-19080.410192	-28727.668968	-24129.736320	-0.042000	0.990000	0.220000	192.000000	0.000000	0.000000	0.000000	0.000000	0.000000	0.000000	0.000000	0.000000	0.000000	1741629020.144892	0.000000
172.000000	-22250.111073	-7266.507419	-28977.784989	-24696.822428	-11166.484495	-18072.637090	-13461.159284	-9030.931774	-22644.440549	-25318.335035	-28051.931030	-6285.310541	-26103.216541	-19076.364526	-28709.564055	-24126.942352	-0.042000	0.990000	0.220000	192.000000	0.000000	0.000000	0.000000	0.000000	0.000000	0.000000	0.000000	0.000000	0.000000	1741629020.201908	0.000000
174.000000	-22228.005198	-7266.462715	-28977.762637	-24691.905045	-11159.644861	-18063.919909	-13437.198214	-9012.737455	-22658.969183	-25318.871477	-28064.045675	-6291.703140	-26108.782126	-19063.579328	-28721.745756	-24127.523497	-0.042000	0.990000	0.220000	192.000000	0.000000	0.000000	0.000000	0.000000	0.000000	0.000000	0.000000	0.000000	0.000000	1741629020.202200	0.000000
176.000000	-22234.666018	-7270.933064	-28981.696544	-24683.567844	-11177.235684	-18070.245453	-13446.630650	-9042.957013	-22659.036238	-25328.326264	-28066.839643	-6298.162794	-26098.746192	-19062.774666	-28704.803134	-24120.750918	-0.042000	0.990000	0.220000	192.000000	0.000000	0.000000	0.000000	0.000000	0.000000	0.000000	0.000000	0.000000	0.000000	1741629020.202479	0.000000
178.000000	-22222.305503	-7263.869913	-28966.251488	-24674.493036	-11159.622509	-18036.896650	-13438.651078	-9007.104815	-22664.355953	-25322.045424	-28070.639440	-6302.186108	-26100.802553	-19039.886479	-28720.941093	-24118.627503	-0.038000	0.988000	0.220000	192.000000	127.000000	104.000000	15.000000	112.000000	3.000000	112.000000	0.000000	0.000000	0.000000	1741629020.202727	0.000000
180.000000	-22233.034341	-7257.969053	-28967.167910	-24672.503730	-11169.099649	-18044.987982	-13438.829892	-9023.086312	-22642.518299	-25303.448773	-28047.594791	-6281.331930	-26092.219483	-19038.858299	-28685.379468	-24099.784982	-0.038000	0.988000	0.220000	192.000000	0.000000	0.000000	0.000000	0.000000	0.000000	0.000000	0.000000	0.000000	0.000000	1741629020.202998	0.000000
182.000000	-22228.876916	-7248.201340	-28970.565375	-24675.811789	-11176.498076	-18051.894671	-13434.448950	-9021.141710	-22652.911860	-25302.532351	-28061.184652	-6285.042320	-26126.775280	-19041.920488	-28714.973177	-24108.971549	-0.038000	0.988000	0.220000	192.000000	0.000000	0.000000	0.000000	0.000000	0.000000	0.000000	0.000000	0.000000	0.000000	1741629020.203256	0.000000
184.000000	-22233.749596	-7248.558968	-28972.867605	-24680.215082	-11164.294024	-18044.406837	-13442.227357	-8993.939637	-22638.159709	-25305.572189	-28053.942687	-6274.894628	-26094.633471	-19053.588099	-28692.420267	-24115.766479	-0.038000	0.988000	0.220000	192.000000	0.000000	0.000000	0.000000	0.000000	0.000000	0.000000	0.000000	0.000000	0.000000	1741629020.203508	0.000000
186.000000	-22216.874029	-7235.684363	-28963.099893	-24672.526082	-11146.837312	-18023.127976	-13420.590868	-8980.282722	-22640.260773	-25294.351613	-28060.916431	-6273.888799	-26100.757849	-19028.330627	-28713.587369	-24103.338910	-0.038000	0.988000	0.220000	192.000000	0.000000	0.000000	0.000000	0.000000	0.000000	0.000000	0.000000	0.000000	0.000000	1741629020.262245	0.000000
188.000000	-22230.910925	-7272.475335	-28986.010431	-24695.950710	-11167.400917	-18050.486511	-13434.806578	-9007.127167	-22640.841918	-25308.723785	-28053.026265	-6286.271666	-26087.302099	-19060.651250	-28686.027668	-24104.478849	-0.028000	0.986000	0.220000	192.000000	127.500000	16.000000	15.000000	104.000000	3.000000	112.000000	0.000000	0.000000	0.000000	1741629020.262548	0.000000
190.000000	-22223.467794	-7269.882532	-28983.596442	-24700.577521	-11165.411611	-18055.940337	-13436.192386	-9007.082463	-22668.289860	-25333.757738	-28074.707457	-6317.072370	-26138.733463	-19044.043904	-28726.685491	-24125.780061	-0.028000	0.986000	0.220000	192.000000	0.000000	0.000000	0.000000	0.000000	0.000000	0.000000	0.000000	0.000000	0.000000	1741629020.262852	0.000000
192.000000	-22218.528058	-7261.366518	-28979.595480	-24692.061507	-11165.366908	-18065.618642	-13443.501406	-9026.550833	-22641.132491	-25318.022110	-28039.995198	-6295.055901	-26081.758867	-19085.037003	-28693.739020	-24117.554619	-0.028000	0.986000	0.220000	192.000000	0.000000	0.000000	0.000000	0.000000	0.000000	0.000000	0.000000	0.000000	0.000000	1741629020.263100	0.000000
194.000000	-22227.245239	-7260.919483	-28978.835521	-24693.447315	-11165.098687	-18055.962688	-13442.249708	-8998.678207	-22649.268526	-25311.785974	-28053.763873	-6294.452404	-26118.594541	-19084.031175	-28721.857515	-24123.388424	-0.028000	0.986000	0.220000	192.000000	0.000000	0.000000	0.000000	0.000000	0.000000	0.000000	0.000000	0.000000	0.000000	1741629020.263348	0.000000
196.000000	-22234.084872	-7261.701794	-28990.100800	-24710.322882	-11172.072431	-18071.452447	-13440.439217	-9012.938620	-22647.614497	-25309.617854	-28050.813443	-6292.597210	-26097.092163	-19052.314049	-28689.000450	-24117.375805	-0.028000	0.986000	0.220000	192.000000	0.000000	0.000000	0.000000	0.000000	0.000000	0.000000	0.000000	0.000000	0.000000	1741629020.263602	0.000000
198.000000	-22247.406512	-7285.171126	-28988.111495	-24717.564847	-11183.628283	-18078.850875	-13450.586909	-9036.229138	-22669.116875	-25336.618762	-28090.398382	-6324.739018	-26158.850033	-19095.274102	-28734.039215	-24136.240677	-0.028000	1.006000	0.218000	192.000000	127.500000	16.000000	15.500000	56.000000	3.000000	104.000000	0.000000	0.000000	0.000000	1741629020.263865	0.000000
200.000000	-22233.034341	-7271.044823	-28954.203898	-24697.850609	-11165.389260	-18062.958784	-13410.443176	-8991.637408	-22664.378305	-25336.149375	-28075.802693	-6311.283268	-26090.319585	-19073.414096	-28705.116058	-24124.550715	-0.028000	1.006000	0.218000	192.000000	0.000000	0.000000	0.000000	0.000000	0.000000	0.000000	0.000000	0.000000	0.000000	1741629020.264144	0.000000
202.000000	-22249.529928	-7279.873762	-28970.520672	-24693.492018	-11178.286216	-18050.218290	-13436.572365	-8997.001826	-22666.926404	-25324.548820	-28084.810446	-6308.846928	-26100.176704	-19075.470457	-28720.449355	-24113.128974	-0.028000	1.006000	0.218000	192.000000	0.000000	0.000000	0.000000	0.000000	0.000000	0.000000	0.000000	0.000000	0.000000	1741629020.322894	0.000000
204.000000	-22240.700989	-7271.357747	-28970.833596	-24671.430847	-11161.991794	-18040.852909	-13414.421787	-9007.641257	-22667.753418	-25325.867573	-28075.959155	-6302.253163	-26105.809344	-19078.398535	-28705.518389	-24117.264046	-0.028000	1.006000	0.218000	192.000000	0.000000	0.000000	0.000000	0.000000	0.000000	0.000000	0.000000	0.000000	0.000000	1741629020.323210	0.000000
206.000000	-22252.212137	-7268.899056	-28974.141654	-24651.046056	-11154.772181	-18043.602174	-13426.335266	-8991.860925	-22660.779674	-25315.965750	-28061.832853	-6286.696349	-26155.296106	-19040.333514	-28694.856607	-24100.544941	-0.028000	1.006000	0.218000	192.000000	0.000000	0.000000	0.000000	0.000000	0.000000	0.000000	0.000000	0.000000	0.000000	1741629020.323458	0.000000
208.000000	-22212.336625	-7247.776657	-28970.163044	-24658.176262	-11143.864530	-18036.226098	-13441.042714	-9007.842422	-22632.236496	-25299.805438	-28026.919428	-6260.991843	-26091.191303	-19008.705796	-28678.159854	-24088.519703	-0.026000	0.976000	0.210000	192.000000	127.500000	24.000000	15.000000	64.000000	3.000000	72.000000	0.000000	0.000000	0.000000	1741629020.323721	0.000000
210.000000	-22240.723341	-7244.848579	-28983.954070	-24669.173320	-11156.940300	-18041.501110	-13455.437238	-9005.786062	-22628.101424	-25301.750040	-28022.404375	-6266.043337	-26093.135904	-19049.274212	-28686.295889	-24107.630444	-0.026000	0.976000	0.210000	192.000000	0.000000	0.000000	0.000000	0.000000	0.000000	0.000000	0.000000	0.000000	0.000000	1741629020.323994	0.000000
212.000000	-22227.625218	-7255.130381	-28985.049306	-24686.786495	-11158.862550	-18058.086104	-13449.648136	-9015.844347	-22630.224839	-25306.734479	-28026.785317	-6274.157020	-26119.287445	-19072.609433	-28694.677793	-24119.946256	-0.026000	0.976000	0.210000	192.000000	0.000000	0.000000	0.000000	0.000000	0.000000	0.000000	0.000000	0.000000	0.000000	1741629020.324257	0.000000
214.000000	-22266.092571	-7286.959265	-28998.281538	-24715.195562	-11178.129754	-18075.676927	-13461.092229	-9044.901615	-22647.279220	-25323.565343	-28060.536451	-6296.039378	-26159.162958	-19064.026363	-28705.808962	-24132.686750	-0.026000	0.976000	0.210000	192.000000	0.000000	0.000000	0.000000	0.000000	0.000000	0.000000	0.000000	0.000000	0.000000	1741629020.324510	0.000000
216.000000	-22229.614524	-7275.559875	-28975.080428	-24707.059527	-11163.690527	-18089.982044	-13455.571348	-9034.508054	-22664.937099	-25340.642076	-28078.306088	-6312.870242	-26102.925969	-19085.484038	-28720.091727	-24148.288268	-0.026000	0.976000	0.210000	192.000000	0.000000	0.000000	0.000000	0.000000	0.000000	0.000000	0.000000	0.000000	0.000000	1741629020.382690	0.000000
218.000000	-22243.472605	-7272.743556	-28979.416666	-24704.109097	-11163.846989	-18092.418384	-13459.907587	-9050.176626	-22655.057628	-25321.553686	-28064.582117	-6292.485451	-26090.274881	-19106.181753	-28705.585445	-24136.061863	-0.034000	0.988000	0.208000	192.000000	127.000000	120.000000	15.000000	112.000000	3.000000	64.000000	0.000000	0.000000	0.000000	1741629020.382996	0.000000
220.000000	-22241.550355	-7265.009852	-28981.003640	-24709.428812	-11159.019012	-18083.187113	-13439.522796	-9038.285498	-22660.243232	-25321.352520	-28071.466454	-6293.066596	-26126.954094	-19068.183788	-28716.917779	-24149.204689	-0.034000	0.988000	0.208000	192.000000	0.000000	0.000000	0.000000	0.000000	0.000000	0.000000	0.000000	0.000000	0.000000	1741629020.383290	0.000000
222.000000	-22253.977925	-7270.061346	-28977.628526	-24701.829219	-11175.089917	-18061.371811	-13444.730752	-9019.442978	-22659.058590	-25314.892866	-28072.069952	-6292.217230	-26117.342844	-19014.427842	-28710.659291	-24143.415587	-0.034000	0.988000	0.208000	192.000000	0.000000	0.000000	0.000000	0.000000	0.000000	0.000000	0.000000	0.000000	0.000000	1741629020.383559	0.000000
224.000000	-22239.471643	-7264.987500	-28960.909422	-24687.479399	-11153.364021	-18048.676020	-13411.180784	-8991.726815	-22660.466750	-25316.233971	-28086.196254	-6290.429090	-26157.821853	-19085.126410	-28717.856552	-24118.426337	-0.034000	0.988000	0.208000	192.000000	0.000000	0.000000	0.000000	0.000000	0.000000	0.000000	0.000000	0.000000	0.000000	1741629020.383813	0.000000
226.000000	-22257.308335	-7275.246951	-28968.576070	-24697.850609	-11165.255149	-18037.410741	-13425.038865	-9001.561582	-22663.305421	-25312.054194	-28088.431428	-6291.099643	-26093.292367	-19062.193520	-28693.537854	-24113.553657	-0.034000	0.988000	0.208000	192.000000	0.000000	0.000000	0.000000	0.000000	0.000000	0.000000	0.000000	0.000000	0.000000	1741629020.384086	0.000000
228.000000	-22237.594096	-7275.224599	-28967.145558	-24682.226739	-11166.506847	-18040.763502	-13421.641400	-9005.383731	-22677.588186	-25325.331131	-28096.567463	-6309.137500	-26128.764585	-19036.690180	-28724.003282	-24124.684826	-0.032000	0.992000	0.200000	192.000000	127.500000	0.000000	15.500000	0.000000	3.000000	32.000000	0.000000	0.000000	0.000000	1741629020.384334	0.000000
230.000000	-22262.940975	-7291.317855	-28988.670288	-24686.585329	-11179.672024	-18044.496244	-13443.590813	-9022.751036	-22667.664011	-25320.100822	-28074.528643	-6297.224021	-26122.461393	-19024.553183	-28699.036384	-24116.526439	-0.032000	0.992000	0.200000	192.000000	0.000000	0.000000	0.000000	0.000000	0.000000	0.000000	0.000000	0.000000	0.000000	1741629020.384607	0.000000
232.000000	-22240.097492	-7270.106050	-28973.448750	-24654.756445	-11149.720687	-18018.344703	-13416.165223	-8987.681149	-22681.075058	-25327.141622	-28087.179731	-6297.693407	-26162.560423	-19057.320840	-28731.200544	-24103.562427	-0.032000	0.992000	0.200000	192.000000	0.000000	0.000000	0.000000	0.000000	0.000000	0.000000	0.000000	0.000000	0.000000	1741629020.441697	0.000000
234.000000	-22252.368599	-7276.543352	-28987.150370	-24670.872053	-11162.505884	-18038.036589	-13423.273077	-9011.418702	-22659.527976	-25313.350596	-28074.059257	-6274.805221	-26140.789824	-19081.684241	-28689.626299	-24090.799581	-0.032000	0.992000	0.200000	192.000000	0.000000	0.000000	0.000000	0.000000	0.000000	0.000000	0.000000	0.000000	0.000000	1741629020.442005	0.000000
236.000000	-22233.749596	-7260.785372	-28980.131922	-24674.269518	-11148.357230	-18030.459348	-13427.765778	-8994.319617	-22662.389000	-25317.664482	-28078.194330	-6283.544753	-26134.196059	-19041.585212	-28719.309416	-24101.215494	-0.032000	0.992000	0.200000	192.000000	0.000000	0.000000	0.000000	0.000000	0.000000	0.000000	0.000000	0.000000	0.000000	1741629020.442255	0.000000
238.000000	-22258.023591	-7288.367425	-28998.058021	-24708.400632	-11183.538876	-18062.377639	-13440.036886	-9015.687885	-22657.270450	-25325.308779	-28064.515062	-6287.344550	-26120.315626	-19072.140047	-28683.233700	-24111.519648	-0.026000	0.988000	0.202000	192.000000	127.500000	24.000000	15.000000	112.000000	3.000000	40.000000	0.000000	0.000000	0.000000	1741629020.442498	0.000000
240.000000	-22232.453195	-7270.843657	-28966.810282	-24693.648481	-11152.827579	-18040.718799	-13422.222545	-9007.417739	-22677.096448	-25340.172689	-28088.543187	-6310.277439	-26150.602239	-19058.729000	-28727.065471	-24125.087157	-0.026000	0.988000	0.202000	192.000000	0.000000	0.000000	0.000000	0.000000	0.000000	0.000000	0.000000	0.000000	0.000000	1741629020.442786	0.000000
242.000000	-22242.153852	-7272.497686	-28975.929794	-24708.065356	-11162.528236	-18047.558433	-13425.754121	-9018.057170	-22650.430816	-25319.586732	-28064.380951	-6291.770195	-26131.580905	-19051.129407	-28689.000450	-24125.467137	-0.026000	0.988000	0.202000	192.000000	0.000000	0.000000	0.000000	0.000000	0.000000	0.000000	0.000000	0.000000	0.000000	1741629020.443035	0.000000
244.000000	-22238.510518	-7270.754250	-28968.061980	-24702.164495	-11166.171571	-18051.022953	-13441.959136	-9060.570188	-22648.597973	-25317.977407	-28066.414960	-6300.420320	-26145.260173	-19034.007971	-28716.001358	-24139.213459	-0.026000	0.988000	0.202000	192.000000	0.000000	0.000000	0.000000	0.000000	0.000000	0.000000	0.000000	0.000000	0.000000	1741629020.443294	0.000000
246.000000	-22244.590192	-7275.649282	-28969.224270	-24704.533780	-11161.298890	-18063.316412	-13422.848394	-8996.308922	-22654.051799	-25324.727634	-28066.839643	-6296.844041	-26113.945379	-19083.070050	-28700.355136	-24153.049189	-0.026000	0.988000	0.202000	192.000000	0.000000	0.000000	0.000000	0.000000	0.000000	0.000000	0.000000	0.000000	0.000000	1741629020.501865	0.000000
248.000000	-22256.257803	-7288.099204	-28972.554680	-24707.461859	-11167.713841	-18065.372773	-13438.449912	-9031.647030	-22668.669840	-25327.119270	-28094.846379	-6304.376579	-26143.449681	-19042.814558	-28720.136430	-24148.288268	-0.034000	0.998000	0.200000	192.000000	127.000000	120.000000	15.500000	24.000000	3.000000	32.000000	0.000000	0.000000	0.000000	1741629020.502179	0.000000
250.000000	-22248.948783	-7287.965094	-28969.917175	-24702.924455	-11162.237664	-18064.791628	-13414.600601	-9018.571260	-22670.368573	-25333.109538	-28096.880388	-6309.942163	-26105.965806	-19074.822256	-28705.384279	-24144.510823	-0.034000	0.998000	0.200000	192.000000	0.000000	0.000000	0.000000	0.000000	0.000000	0.000000	0.000000	0.000000	0.000000	1741629020.502453	0.000000
252.000000	-22271.077010	-7300.236201	-28980.444846	-24704.690242	-11176.676890	-18056.677944	-13426.424673	-9013.631524	-22676.671764	-25327.767471	-28106.156362	-6313.116111	-26133.614914	-19054.884500	-28725.992587	-24130.183355	-0.034000	0.998000	0.200000	192.000000	0.000000	0.000000	0.000000	0.000000	0.000000	0.000000	0.000000	0.000000	0.000000	1741629020.502707	0.000000
254.000000	-22256.101341	-7284.791146	-28970.721837	-24698.454106	-11159.466047	-18035.712008	-13411.024321	-9016.023161	-22676.738820	-25337.334017	-28097.126257	-6315.239527	-26129.546896	-19071.156570	-28716.090765	-24125.400081	-0.034000	0.998000	0.200000	192.000000	0.000000	0.000000	0.000000	0.000000	0.000000	0.000000	0.000000	0.000000	0.000000	1741629020.502973	0.000000
0.000000	-22269.937071	-7284.277056	-28977.181492	-24691.480361	-11172.675928	-18035.533194	-13408.118595	-8998.901725	-22659.818549	-25325.085261	-28079.714248	-6303.370750	-26097.896826	-19020.239296	-28718.549456	-24105.059994	-0.034000	0.998000	0.200000	192.000000	0.000000	0.000000	0.000000	0.000000	0.000000	0.000000	0.000000	0.000000	0.000000	1741629020.503232	0.000000
2.000000	-22255.609602	-7283.450041	-28971.906480	-24679.164550	-11159.801323	-18042.171662	-13415.047635	-9023.443940	-22656.622250	-25325.062910	-28072.427579	-6293.603038	-26088.397335	-19073.883483	-28708.088840	-24096.454572	-0.038000	1.000000	0.190000	192.000000	127.000000	104.000000	15.500000	32.000000	2.500000	120.000000	0.000000	0.000000	0.000000	1741629020.503473	0.000000
4.000000	-22285.672699	-7297.777509	-28981.651840	-24679.700992	-11158.616681	-18045.166796	-13428.615144	-9030.149463	-22667.462846	-25328.460375	-28083.290527	-6291.166698	-26092.107724	-19091.653120	-28717.007186	-24094.778191	-0.038000	1.000000	0.190000	192.000000	0.000000	0.000000	0.000000	0.000000	0.000000	0.000000	0.000000	0.000000	0.000000	1741629020.503733	0.000000
6.000000	-22262.493940	-7291.161393	-28980.109570	-24691.547417	-11161.164780	-18026.167813	-13416.232278	-8992.665588	-22677.744648	-25329.309741	-28089.347850	-6295.100605	-26082.362364	-19066.440352	-28707.865323	-24079.780171	-0.038000	1.000000	0.190000	192.000000	0.000000	0.000000	0.000000	0.000000	0.000000	0.000000	0.000000	0.000000	0.000000	1741629020.563567	0.000000
8.000000	-22282.744620	-7292.346036	-28986.211596	-24686.227701	-11160.471876	-18013.181450	-13424.636534	-9007.797719	-22674.771866	-25322.805384	-28083.111713	-6300.129747	-26067.431398	-19017.087700	-28709.094669	-24076.740334	-0.038000	1.000000	0.190000	192.000000	0.000000	0.000000	0.000000	0.000000	0.000000	0.000000	0.000000	0.000000	0.000000	1741629020.563850	0.000000
10.000000	-22260.884614	-7282.734785	-28981.718896	-24679.276309	-11156.292100	-18012.309732	-13422.334304	-9020.135882	-22667.038163	-25319.452622	-28072.382876	-6302.499032	-26077.109704	-19009.219886	-28719.220009	-24085.725735	-0.038000	1.000000	0.190000	192.000000	0.000000	0.000000	0.000000	0.000000	0.000000	0.000000	0.000000	0.000000	0.000000	1741629020.564112	0.000000
12.000000	-22266.427847	-7273.414108	-28973.716971	-24659.316201	-11148.021954	-18013.874354	-13422.624877	-9006.769539	-22647.078055	-25304.320491	-28053.294486	-6283.701215	-26059.720046	-19024.910811	-28694.655442	-24070.280679	-0.050000	0.976000	0.188000	192.000000	127.000000	56.000000	15.000000	64.000000	2.500000	112.000000	0.000000	0.000000	0.000000	1741629020.564374	0.000000
14.000000	-22242.667942	-7251.352936	-28971.191224	-24663.697143	-11152.268786	-18043.870395	-13435.633592	-9026.059094	-22645.267563	-25299.648976	-28040.241067	-6274.849924	-26069.890090	-19049.631840	-28705.987776	-24079.243729	-0.050000	0.976000	0.188000	192.000000	0.000000	0.000000	0.000000	0.000000	0.000000	0.000000	0.000000	0.000000	0.000000	1741629020.564650	0.000000
16.000000	-22254.983754	-7263.914617	-28968.956050	-24667.698105	-11157.119114	-18046.194976	-13429.062179	-9023.421588	-22630.560116	-25295.066869	-28028.171125	-6266.803296	-26070.158311	-19027.235392	-28701.629186	-24093.727659	-0.050000	0.976000	0.188000	192.000000	0.000000	0.000000	0.000000	0.000000	0.000000	0.000000	0.000000	0.000000	0.000000	1741629020.564898	0.000000
18.000000	-22226.172355	-7250.101239	-28946.470195	-24662.221928	-11136.086123	-18041.031723	-13410.443176	-9022.572222	-22645.804005	-25304.879284	-28043.370312	-6270.401927	-26052.031046	-19051.509386	-28705.339575	-24079.288433	-0.050000	0.976000	0.188000	192.000000	0.000000	0.000000	0.000000	0.000000	0.000000	0.000000	0.000000	0.000000	0.000000	1741629020.565145	0.000000
20.000000	-22254.514367	-7283.181820	-28961.468215	-24674.001297	-11151.151198	-18044.652706	-13418.579211	-9008.714141	-22652.286011	-25312.702395	-28060.894079	-6283.589457	-26043.984418	-19070.083686	-28695.057773	-24091.134857	-0.050000	0.976000	0.188000	192.000000	0.000000	0.000000	0.000000	0.000000	0.000000	0.000000	0.000000	0.000000	0.000000	1741629020.621473	0.000000
22.000000	-22236.096529	-7284.254704	-28954.986209	-24668.972155	-11145.675021	-18025.921944	-13400.742519	-8992.017387	-22671.955546	-25321.643093	-28076.450893	-6300.979114	-26044.856136	-19051.218814	-28716.537799	-24075.645098	-0.046000	0.996000	0.206000	192.000000	127.000000	72.000000	15.500000	16.000000	3.000000	56.000000	0.000000	0.000000	0.000000	1741629020.621785	0.000000
24.000000	-22255.497844	-7286.713396	-28965.424474	-24668.391009	-11154.347498	-18029.811147	-13420.300295	-9011.932792	-22658.924479	-25316.345729	-28052.467472	-6284.863506	-26039.737587	-19036.041979	-28682.898424	-24066.458531	-0.046000	0.996000	0.206000	192.000000	0.000000	0.000000	0.000000	0.000000	0.000000	0.000000	0.000000	0.000000	0.000000	1741629020.622049	0.000000
26.000000	-22249.440521	-7279.672596	-28966.966744	-24658.265669	-11161.969443	-18051.827616	-13419.741502	-9030.797664	-22673.587224	-25322.425404	-28065.409132	-6293.245410	-26062.223442	-19050.347096	-28716.493096	-24085.390459	-0.046000	0.996000	0.206000	192.000000	0.000000	0.000000	0.000000	0.000000	0.000000	0.000000	0.000000	0.000000	0.000000	1741629020.622314	0.000000
28.000000	-22242.109149	-7264.875742	-28961.088236	-24645.279306	-11159.488399	-18017.607095	-13423.116615	-9006.367207	-22646.899241	-25307.852066	-28036.485974	-6272.905323	-26041.861003	-19046.592003	-28672.750732	-24062.524624	-0.046000	0.996000	0.206000	192.000000	0.000000	0.000000	0.000000	0.000000	0.000000	0.000000	0.000000	0.000000	0.000000	1741629020.622581	0.000000
30.000000	-22233.280210	-7253.431648	-28961.535270	-24644.519346	-11152.425248	-18004.508973	-13409.057368	-8985.535382	-22649.469691	-25300.207770	-28042.520945	-6273.017081	-26048.767692	-19014.629008	-28699.930453	-24054.545051	-0.046000	0.996000	0.206000	192.000000	0.000000	0.000000	0.000000	0.000000	0.000000	0.000000	0.000000	0.000000	0.000000	1741629020.622833	0.000000
32.000000	-22236.655323	-7258.997233	-28972.845253	-24661.037285	-11157.655556	-18044.228023	-13437.622897	-9017.207803	-22636.796252	-25299.537218	-28029.959265	-6266.177448	-26039.022331	-19032.420997	-28673.845968	-24062.636383	-0.044000	0.990000	0.204000	192.000000	127.000000	80.000000	15.000000	120.000000	3.000000	48.000000	0.000000	0.000000	0.000000	1741629020.623084	0.000000
34.000000	-22240.142195	-7273.056480	-28984.021125	-24671.699068	-11157.297928	-18055.582709	-13458.946462	-9044.789856	-22646.519261	-25314.267017	-28048.980600	-6281.890724	-26048.767692	-19048.290735	-28703.327918	-24085.144590	-0.044000	0.990000	0.204000	192.000000	0.000000	0.000000	0.000000	0.000000	0.000000	0.000000	0.000000	0.000000	0.000000	1741629020.623374	0.000000
36.000000	-22247.182995	-7285.104070	-29005.657614	-24685.512446	-11168.943187	-18062.578805	-13471.306976	-9064.548798	-22633.845822	-25325.934628	-28036.150698	-6285.779927	-26059.921212	-19044.178014	-28689.671003	-24103.227151	-0.044000	0.990000	0.204000	192.000000	0.000000	0.000000	0.000000	0.000000	0.000000	0.000000	0.000000	0.000000	0.000000	1741629020.681190	0.000000
38.000000	-22239.203422	-7273.212942	-28997.655689	-24681.779704	-11157.409687	-18057.080276	-13470.971700	-9033.815150	-22644.328790	-25326.627532	-28042.118614	-6298.967457	-26064.436265	-19035.103206	-28723.511544	-24113.464250	-0.044000	0.990000	0.204000	192.000000	0.000000	0.000000	0.000000	0.000000	0.000000	0.000000	0.000000	0.000000	0.000000	1741629020.681469	0.000000
40.000000	-22229.458061	-7265.076907	-28998.683870	-24686.697088	-11154.615719	-18069.306680	-13456.241900	-9052.165932	-22630.470709	-25312.747099	-28020.660939	-6281.801317	-26049.393541	-19082.935939	-28693.493151	-24113.553657	-0.044000	0.990000	0.204000	192.000000	0.000000	0.000000	0.000000	0.000000	0.000000	0.000000	0.000000	0.000000	0.000000	1741629020.681730	0.000000
42.000000	-22240.902155	-7275.403413	-28992.961823	-24689.938091	-11180.476687	-18066.199787	-13479.420659	-9052.657670	-22641.467767	-25321.620741	-28043.102091	-6292.932486	-26058.714218	-19050.525910	-28726.104346	-24125.020102	-0.044000	0.988000	0.210000	192.000000	127.000000	80.000000	15.000000	112.000000	3.000000	72.000000	0.000000	0.000000	0.000000	1741629020.681998	0.000000
44.000000	-22232.475547	-7274.866971	-28978.142617	-24690.452181	-11166.126867	-18061.729439	-13445.557767	-9054.311699	-22647.838014	-25330.896715	-28053.965039	-6299.190974	-26060.323544	-19093.128335	-28711.709823	-24120.840325	-0.044000	0.988000	0.210000	192.000000	0.000000	0.000000	0.000000	0.000000	0.000000	0.000000	0.000000	0.000000	0.000000	1741629020.682270	0.000000
46.000000	-22257.911832	-7289.932047	-28982.925890	-24698.789382	-11171.446582	-18062.958784	-13440.461569	-9025.097969	-22662.813683	-25331.813137	-28078.149626	-6308.690466	-26071.901747	-19047.374314	-28721.321073	-24109.262122	-0.044000	0.988000	0.210000	192.000000	0.000000	0.000000	0.000000	0.000000	0.000000	0.000000	0.000000	0.000000	0.000000	1741629020.682509	0.000000
48.000000	-22233.481375	-7284.522925	-28975.885090	-24707.171286	-11156.560320	-18063.629337	-13436.885290	-9026.729647	-22666.233500	-25342.139642	-28077.300260	-6313.160814	-26036.273067	-19016.640665	-28708.200599	-24105.082346	-0.044000	0.988000	0.210000	192.000000	0.000000	0.000000	0.000000	0.000000	0.000000	0.000000	0.000000	0.000000	0.000000	1741629020.682763	0.000000
50.000000	-22249.149948	-7286.244009	-28984.937547	-24703.371489	-11166.238626	-18067.898520	-13454.118485	-9041.682964	-22667.328735	-25345.335942	-28074.327478	-6315.910079	-26065.509148	-19101.845515	-28721.388128	-24111.698462	-0.044000	0.988000	0.210000	192.000000	0.000000	0.000000	0.000000	0.000000	0.000000	0.000000	0.000000	0.000000	0.000000	1741629020.741654	0.000000
52.000000	-22228.452233	-7282.578323	-28982.814131	-24701.315129	-11153.922815	-18047.513729	-13432.146720	-8995.794832	-22653.425950	-25346.878212	-28055.663771	-6308.645762	-26050.041741	-19100.593817	-28707.485343	-24104.612959	-0.034000	0.988000	0.200000	192.000000	127.000000	120.000000	15.000000	112.000000	3.000000	32.000000	0.000000	0.000000	0.000000	1741629020.741960	0.000000
54.000000	-22249.909908	-7294.290637	-28992.224216	-24699.974024	-11167.177399	-18057.817883	-13447.144740	-9015.263202	-22653.269488	-25345.291238	-28058.703608	-6306.142367	-26059.496529	-19073.704669	-28700.891578	-24101.170790	-0.034000	0.988000	0.200000	192.000000	0.000000	0.000000	0.000000	0.000000	0.000000	0.000000	0.000000	0.000000	0.000000	1741629020.742233	0.000000
56.000000	-22232.386140	-7282.913599	-28987.239777	-24702.946806	-11161.298890	-18052.744037	-13436.572365	-9027.199033	-22653.895337	-25347.459358	-28060.134120	-6308.176375	-26081.512997	-19061.947651	-28710.145201	-24105.417622	-0.034000	0.988000	0.200000	192.000000	0.000000	0.000000	0.000000	0.000000	0.000000	0.000000	0.000000	0.000000	0.000000	1741629020.742502	0.000000
58.000000	-22244.411378	-7293.485974	-28992.805361	-24707.148934	-11170.507809	-18057.773180	-13446.496540	-9019.465330	-22649.648505	-25340.955000	-28057.295448	-6309.919811	-26074.136922	-19044.245070	-28704.378450	-24104.255331	-0.034000	0.988000	0.200000	192.000000	0.000000	0.000000	0.000000	0.000000	0.000000	0.000000	0.000000	0.000000	0.000000	1741629020.742754	0.000000
60.000000	-22227.804032	-7289.328550	-28986.815093	-24714.167382	-11167.646786	-18070.200750	-13429.129234	-9027.579013	-22659.326811	-25349.806291	-28066.280850	-6320.983925	-26064.816244	-19061.612375	-28713.587369	-24109.619750	-0.034000	0.988000	0.200000	192.000000	0.000000	0.000000	0.000000	0.000000	0.000000	0.000000	0.000000	0.000000	0.000000	1741629020.743008	0.000000
62.000000	-22246.780663	-7295.743501	-28993.654727	-24717.117812	-11181.415460	-18073.866436	-13438.494615	-9040.990059	-22662.880738	-25350.767416	-28074.998030	-6327.354172	-26088.754963	-19088.076840	-28709.944035	-24119.901552	-0.026000	0.996000	0.196000	192.000000	127.500000	24.000000	15.500000	16.000000	3.000000	16.000000	0.000000	0.000000	0.000000	1741629020.743266	0.000000
64.000000	-22224.741843	-7279.694948	-28985.675154	-24713.921513	-11177.079222	-18073.598215	-13441.556804	-9038.486664	-22660.802026	-25348.062855	-28077.054391	-6325.096646	-26088.330279	-19089.663814	-28729.054776	-24122.695520	-0.026000	0.996000	0.196000	192.000000	0.000000	0.000000	0.000000	0.000000	0.000000	0.000000	0.000000	0.000000	0.000000	1741629020.743533	0.000000
66.000000	-22241.907983	-7284.791146	-28991.330146	-24711.395766	-11176.185152	-18071.787724	-13437.086455	-9030.887071	-22647.659200	-25342.564326	-28060.022361	-6314.948954	-26059.943564	-19060.405381	-28715.219046	-24125.131860	-0.026000	0.996000	0.196000	192.000000	0.000000	0.000000	0.000000	0.000000	0.000000	0.000000	0.000000	0.000000	0.000000	1741629020.803291	0.000000
68.000000	-22228.742806	-7274.911675	-28983.954070	-24707.998301	-11160.695393	-18067.429133	-13434.225432	-9032.518748	-22644.105273	-25343.950134	-28058.100111	-6311.976172	-26068.437227	-19058.326669	-28725.009111	-24121.801450	-0.026000	0.996000	0.196000	192.000000	0.000000	0.000000	0.000000	0.000000	0.000000	0.000000	0.000000	0.000000	0.000000	1741629020.803561	0.000000
70.000000	-22253.776759	-7292.077815	-28996.426343	-24720.716443	-11171.871265	-18072.614738	-13443.277889	-9037.570243	-22639.523165	-25342.094939	-28050.612277	-6301.224983	-26068.459579	-19041.585212	-28699.170494	-24123.544887	-0.026000	0.996000	0.196000	192.000000	0.000000	0.000000	0.000000	0.000000	0.000000	0.000000	0.000000	0.000000	0.000000	1741629020.803825	0.000000
72.000000	-22236.342399	-7273.347053	-28985.272823	-24717.967179	-11160.337765	-18080.460200	-13448.575252	-9074.964711	-22656.354029	-25350.968582	-28072.762856	-6315.172471	-26084.374021	-19108.081652	-28730.619398	-24141.180413	-0.038000	0.994000	0.198000	192.000000	127.000000	104.000000	15.500000	8.000000	3.000000	24.000000	0.000000	0.000000	0.000000	1741629020.804082	0.000000
74.000000	-22241.148024	-7279.963169	-28968.129035	-24710.077013	-11164.897521	-18061.841197	-13433.979563	-9006.814242	-22643.457072	-25339.256267	-28056.669600	-6301.493204	-26049.594706	-19075.783381	-28697.203540	-24126.964703	-0.038000	0.994000	0.198000	192.000000	0.000000	0.000000	0.000000	0.000000	0.000000	0.000000	0.000000	0.000000	0.000000	1741629020.804360	0.000000
76.000000	-22230.419186	-7269.971939	-28959.545965	-24706.768955	-11159.309585	-18063.182302	-13432.102016	-9036.072676	-22649.961430	-25328.460375	-28065.967925	-6301.269686	-26056.635506	-19066.730924	-28721.075204	-24114.246561	-0.038000	0.994000	0.198000	192.000000	0.000000	0.000000	0.000000	0.000000	0.000000	0.000000	0.000000	0.000000	0.000000	1741629020.804602	0.000000
78.000000	-22236.789434	-7272.855314	-28965.782102	-24707.238341	-11161.254187	-18052.118188	-13432.303182	-9018.928888	-22637.131529	-25326.851049	-28052.847451	-6295.100605	-26043.269163	-19065.725096	-28694.946014	-24111.497296	-0.038000	0.994000	0.198000	192.000000	0.000000	0.000000	0.000000	0.000000	0.000000	0.000000	0.000000	0.000000	0.000000	1741629020.804866	0.000000
80.000000	-22247.384160	-7276.498649	-28973.560509	-24710.322882	-11174.642882	-18058.041401	-13429.308048	-9033.703391	-22651.593107	-25332.886020	-28074.506292	-6304.823614	-26074.896881	-19068.049677	-28728.987721	-24116.213514	-0.038000	0.994000	0.198000	192.000000	0.000000	0.000000	0.000000	0.000000	0.000000	0.000000	0.000000	0.000000	0.000000	1741629020.862266	0.000000
82.000000	-22245.573669	-7276.744518	-28977.069733	-24708.311225	-11168.183228	-18066.400953	-13444.060200	-9041.370039	-22642.250078	-25326.113442	-28062.659867	-6293.245410	-26067.654916	-19046.323782	-28708.513523	-24113.732471	-0.046000	0.996000	0.194000	192.000000	127.000000	72.000000	15.500000	16.000000	3.000000	8.000000	0.000000	0.000000	0.000000	1741629020.862570	0.000000
84.000000	-22243.517309	-7277.638588	-28971.370038	-24707.059527	-11171.223065	-18061.461218	-13431.610278	-9031.602327	-22655.057628	-25339.949172	-28078.998992	-6308.221079	-26069.688925	-19081.728945	-28732.005207	-24120.683863	-0.046000	0.996000	0.194000	192.000000	0.000000	0.000000	0.000000	0.000000	0.000000	0.000000	0.000000	0.000000	0.000000	1741629020.862849	0.000000
86.000000	-22232.944934	-7269.703718	-28971.057114	-24697.694146	-11164.271672	-18049.435979	-13427.296391	-9026.036742	-22640.551345	-25330.583791	-28059.552975	-6288.260971	-26027.757052	-19080.186675	-28703.685546	-24111.832572	-0.046000	0.996000	0.194000	192.000000	0.000000	0.000000	0.000000	0.000000	0.000000	0.000000	0.000000	0.000000	0.000000	1741629020.863107	0.000000
88.000000	-22244.836062	-7273.592922	-28978.299079	-24700.622225	-11169.591387	-18056.700296	-13442.629688	-9049.059039	-22644.820529	-25323.274770	-28070.840606	-6290.652608	-26086.340974	-19022.720340	-28722.662177	-24114.671244	-0.046000	0.996000	0.194000	192.000000	0.000000	0.000000	0.000000	0.000000	0.000000	0.000000	0.000000	0.000000	0.000000	1741629020.863357	0.000000
90.000000	-22230.463890	-7265.568646	-28972.442922	-24702.723289	-11163.779934	-18060.365982	-13433.286659	-9048.634356	-22636.259810	-25329.309741	-28056.043751	-6289.669131	-26048.320657	-19062.260576	-28701.182151	-24112.883104	-0.046000	0.996000	0.194000	192.000000	0.000000	0.000000	0.000000	0.000000	0.000000	0.000000	0.000000	0.000000	0.000000	1741629020.863603	0.000000
92.000000	-22246.110111	-7279.449079	-28983.037649	-24707.305396	-11171.401879	-18064.232834	-13433.018438	-9030.663554	-22646.653372	-25329.935590	-28071.041771	-6300.554431	-26083.368192	-19088.657986	-28720.762279	-24123.455480	-0.044000	0.994000	0.196000	192.000000	127.000000	80.000000	15.500000	8.000000	3.000000	16.000000	0.000000	0.000000	0.000000	1741629020.863864	0.000000
94.000000	-22225.390044	-7267.982634	-28973.694619	-24712.826277	-11158.862550	-18064.992793	-13433.130197	-9050.064868	-22643.881755	-25336.015265	-28062.123425	-6293.848907	-26061.217613	-19063.355811	-28709.586407	-24125.936523	-0.044000	0.994000	0.196000	192.000000	0.000000	0.000000	0.000000	0.000000	0.000000	0.000000	0.000000	0.000000	0.000000	1741629020.864131	0.000000
96.000000	-22236.543564	-7267.915579	-28970.341858	-24704.287911	-11164.226969	-18053.235776	-13427.944592	-9023.712161	-22645.424026	-25334.808270	-28067.733713	-6298.721588	-26065.307983	-19050.369448	-28722.662177	-24127.255276	-0.044000	0.994000	0.196000	192.000000	0.000000	0.000000	0.000000	0.000000	0.000000	0.000000	0.000000	0.000000	0.000000	1741629020.922448	0.000000
98.000000	-22222.037282	-7266.820343	-28972.398218	-24711.596931	-11165.791591	-18060.768313	-13417.059292	-9027.981344	-22635.812776	-25324.370006	-28054.926164	-6289.803241	-26068.370172	-19082.980643	-28700.846875	-24111.072613	-0.044000	0.994000	0.196000	192.000000	0.000000	0.000000	0.000000	0.000000	0.000000	0.000000	0.000000	0.000000	0.000000	1741629020.922737	0.000000
100.000000	-22242.824405	-7281.751309	-28980.646012	-24715.575542	-11175.715765	-18059.449561	-13444.507235	-9045.326298	-22650.363761	-25340.329151	-28071.779379	-6308.936335	-26097.382736	-19086.467515	-28720.225837	-24127.925828	-0.044000	0.994000	0.196000	192.000000	0.000000	0.000000	0.000000	0.000000	0.000000	0.000000	0.000000	0.000000	0.000000	1741629020.922995	0.000000
102.000000	-22219.936218	-7263.534637	-28973.694619	-24709.987606	-11156.761486	-18060.343630	-13433.063141	-9035.849158	-22642.942982	-25329.667369	-28060.536451	-6302.364922	-26064.391561	-19059.578366	-28715.666081	-24122.784927	-0.048000	0.990000	0.196000	192.000000	127.000000	64.000000	15.000000	120.000000	3.000000	16.000000	0.000000	0.000000	0.000000	1741629020.923253	0.000000
104.000000	-22246.244221	-7287.495707	-28976.801512	-24713.161554	-11180.141411	-18059.114284	-13431.878499	-9019.308867	-22650.587279	-25328.527430	-28071.555861	-6304.153061	-26091.280710	-19031.705741	-28718.527105	-24120.728567	-0.048000	0.990000	0.196000	192.000000	0.000000	0.000000	0.000000	0.000000	0.000000	0.000000	0.000000	0.000000	0.000000	1741629020.923528	0.000000
106.000000	-22222.506669	-7274.665806	-28963.412817	-24706.858362	-11161.589463	-18055.426247	-13408.096243	-9024.807397	-22656.801064	-25335.881154	-28078.104923	-6308.176375	-26079.210768	-19095.564675	-28724.383262	-24118.649854	-0.048000	0.990000	0.196000	192.000000	0.000000	0.000000	0.000000	0.000000	0.000000	0.000000	0.000000	0.000000	0.000000	1741629020.923792	0.000000
108.000000	-22251.183957	-7284.657035	-28970.364209	-24706.053699	-11173.011204	-18055.426247	-13428.548089	-9027.780179	-22652.062494	-25329.600314	-28076.316783	-6303.504861	-26069.621869	-19093.262445	-28709.385241	-24112.972511	-0.048000	0.990000	0.196000	192.000000	0.000000	0.000000	0.000000	0.000000	0.000000	0.000000	0.000000	0.000000	0.000000	1741629020.924047	0.000000
110.000000	-22231.670884	-7290.624951	-28972.018239	-24721.521106	-11168.943187	-18081.220160	-13417.126348	-9074.964711	-22659.192700	-25333.355407	-28082.061181	-6314.077236	-26097.248625	-19063.042887	-28720.851686	-24120.907381	-0.048000	0.990000	0.196000	192.000000	0.000000	0.000000	0.000000	0.000000	0.000000	0.000000	0.000000	0.000000	0.000000	1741629020.983945	0.000000
112.000000	-22246.914774	-7288.412128	-28969.447788	-24711.261655	-11174.754640	-18058.756656	-13425.441197	-9027.400199	-22668.356916	-25352.287334	-28093.862902	-6323.442617	-26093.448829	-19101.219666	-28718.795326	-24138.542907	-0.048000	1.000000	0.188000	192.000000	127.000000	64.000000	15.500000	32.000000	2.500000	112.000000	0.000000	0.000000	0.000000	1741629020.984224	0.000000
114.000000	-22227.088776	-7290.848469	-28969.045457	-24721.856382	-11159.130771	-18074.000546	-13407.135118	-9027.288440	-22657.359857	-25327.856878	-28084.229301	-6303.996599	-26072.639355	-19066.708573	-28713.520314	-24121.779099	-0.048000	1.000000	0.188000	192.000000	0.000000	0.000000	0.000000	0.000000	0.000000	0.000000	0.000000	0.000000	0.000000	1741629020.984523	0.000000
116.000000	-22254.581422	-7300.951457	-28979.327259	-24722.035196	-11162.952919	-18062.914081	-13425.061217	-9015.129091	-22667.172273	-25346.542936	-28087.515007	-6318.905213	-26085.066925	-19073.972890	-28694.364869	-24134.273724	-0.048000	1.000000	0.188000	192.000000	0.000000	0.000000	0.000000	0.000000	0.000000	0.000000	0.000000	0.000000	0.000000	1741629020.984770	0.000000
118.000000	-22230.598000	-7282.086585	-28964.150424	-24713.362719	-11151.397067	-18063.986965	-13407.559801	-9023.019257	-22666.434665	-25337.289314	-28084.139894	-6314.926602	-26101.093125	-19056.918509	-28710.391070	-24124.461308	-0.048000	1.000000	0.188000	192.000000	0.000000	0.000000	0.000000	0.000000	0.000000	0.000000	0.000000	0.000000	0.000000	1741629020.985028	0.000000
120.000000	-22249.149948	-7305.131233	-28982.031820	-24730.148879	-11166.708012	-18076.146314	-13430.738560	-9051.383621	-22656.063456	-25332.282523	-28074.796864	-6307.461120	-26086.765657	-19081.281910	-28679.478607	-24125.735357	-0.048000	1.000000	0.188000	192.000000	0.000000	0.000000	0.000000	0.000000	0.000000	0.000000	0.000000	0.000000	0.000000	1741629020.985286	0.000000
122.000000	-22244.657248	-7287.898038	-28972.509977	-24718.436565	-11163.846989	-18067.675003	-13415.762891	-9037.279670	-22673.475465	-25343.368988	-28095.204007	-6322.593251	-26081.602404	-19091.407250	-28721.946922	-24133.983151	-0.048000	0.998000	0.190000	192.000000	127.000000	64.000000	15.500000	24.000000	2.500000	120.000000	0.000000	0.000000	0.000000	1741629020.985549	0.000000
124.000000	-22254.581422	-7296.056425	-28968.643125	-24717.386033	-11161.835332	-18058.264918	-13400.586057	-9022.192242	-22665.630003	-25340.753834	-28086.643289	-6309.249259	-26080.931852	-19091.675471	-28689.648651	-24126.092985	-0.048000	0.998000	0.190000	192.000000	0.000000	0.000000	0.000000	0.000000	0.000000	0.000000	0.000000	0.000000	0.000000	1741629020.985820	0.000000
126.000000	-22258.805902	-7315.502443	-28981.853006	-24737.144975	-11172.675928	-18074.089953	-13416.724016	-9045.683926	-22687.735878	-25351.840300	-28113.510086	-6331.198672	-26111.330224	-19053.163416	-28718.862381	-24133.223192	-0.048000	0.998000	0.190000	192.000000	0.000000	0.000000	0.000000	0.000000	0.000000	0.000000	0.000000	0.000000	0.000000	1741629021.043870	0.000000
128.000000	-22261.286945	-7307.612277	-28979.841349	-24716.648426	-11164.428134	-18063.204654	-13422.960153	-9010.457577	-22681.969128	-25351.929707	-28103.921187	-6328.807036	-26092.912387	-19123.124376	-28697.337651	-24134.653704	-0.048000	0.998000	0.190000	192.000000	0.000000	0.000000	0.000000	0.000000	0.000000	0.000000	0.000000	0.000000	0.000000	1741629021.044182	0.000000
130.000000	-22272.105190	-7319.168129	-28986.256300	-24728.696016	-11175.000510	-18067.540892	-13427.162281	-9034.910385	-22693.055593	-25357.160015	-28117.756917	-6339.290004	-26101.607216	-19057.700820	-28728.183058	-24132.038549	-0.048000	0.998000	0.190000	192.000000	0.000000	0.000000	0.000000	0.000000	0.000000	0.000000	0.000000	0.000000	0.000000	1741629021.044445	0.000000
132.000000	-22253.642649	-7306.539393	-28968.441959	-24710.099365	-11150.502998	-18053.526348	-13398.797917	-9014.525594	-22687.378250	-25353.382570	-28107.631577	-6334.864358	-26085.871587	-19108.416928	-28695.370697	-24129.579858	-0.050000	1.008000	0.194000	192.000000	127.000000	56.000000	15.500000	64.000000	3.000000	8.000000	0.000000	0.000000	0.000000	1741629021.044692	0.000000
134.000000	-22275.033268	-7321.783283	-28978.634355	-24723.063376	-11162.014146	-18059.360154	-13403.447080	-9040.207748	-22691.781544	-25340.999704	-28119.276836	-6327.756504	-26109.944416	-19108.171059	-28709.653462	-24121.712043	-0.050000	1.008000	0.194000	192.000000	0.000000	0.000000	0.000000	0.000000	0.000000	0.000000	0.000000	0.000000	0.000000	1741629021.044964	0.000000
136.000000	-22267.232510	-7322.789111	-28981.718896	-24734.418062	-11166.372736	-18058.711953	-13396.272170	-9013.966800	-22709.618236	-25367.218300	-28129.312769	-6349.661213	-26115.487649	-19081.639538	-28699.081087	-24134.541945	-0.050000	1.008000	0.194000	192.000000	0.000000	0.000000	0.000000	0.000000	0.000000	0.000000	0.000000	0.000000	0.000000	1741629021.045230	0.000000
138.000000	-22268.774780	-7324.085513	-28985.250471	-24728.696016	-11164.159914	-18052.766389	-13400.451946	-9017.610135	-22702.443326	-25358.612878	-28121.288493	-6344.989699	-26119.756832	-19078.242073	-28710.256959	-24125.757709	-0.050000	1.008000	0.194000	192.000000	0.000000	0.000000	0.000000	0.000000	0.000000	0.000000	0.000000	0.000000	0.000000	1741629021.045491	0.000000
140.000000	-22259.990544	-7320.218661	-28987.865625	-24727.041987	-11158.035536	-18049.011296	-13398.037958	-9016.492548	-22700.923407	-25361.406846	-28109.352661	-6343.134504	-26085.715125	-19066.507407	-28688.799285	-24129.021064	-0.050000	1.008000	0.194000	192.000000	0.000000	0.000000	0.000000	0.000000	0.000000	0.000000	0.000000	0.000000	0.000000	1741629021.110546	0.000000
142.000000	-22280.665908	-7331.506292	-28995.465218	-24726.863173	-11172.720632	-18060.656555	-13417.618086	-9034.642164	-22707.405413	-25362.479730	-28113.554789	-6345.079106	-26132.653789	-19115.278913	-28710.949863	-24130.228058	-0.048000	0.998000	0.190000	192.000000	127.000000	64.000000	15.500000	24.000000	2.500000	120.000000	0.000000	0.000000	0.000000	1741629021.110856	0.000000
144.000000	-22262.270422	-7324.800768	-28995.129942	-24735.893278	-11163.288196	-18054.532177	-13415.897002	-9030.440036	-22696.765983	-25358.948154	-28097.774458	-6333.567957	-26123.690739	-19070.195445	-28693.850779	-24134.541945	-0.048000	0.998000	0.190000	192.000000	0.000000	0.000000	0.000000	0.000000	0.000000	0.000000	0.000000	0.000000	0.000000	1741629021.111134	0.000000
146.000000	-22276.217911	-7329.986373	-29001.276672	-24730.305342	-11181.773088	-18064.076372	-13429.889194	-9047.047382	-22705.058480	-25362.122102	-28111.699594	-6340.921681	-26137.124138	-19099.431527	-28719.197657	-24145.315486	-0.048000	0.998000	0.190000	192.000000	0.000000	0.000000	0.000000	0.000000	0.000000	0.000000	0.000000	0.000000	0.000000	1741629021.111398	0.000000
148.000000	-22266.807826	-7328.980545	-29000.427306	-24734.239249	-11161.678870	-18062.064715	-13407.068063	-9045.102780	-22699.582303	-25362.747951	-28104.524684	-6337.680678	-26101.808381	-19095.363509	-28698.321128	-24138.744073	-0.048000	0.998000	0.190000	192.000000	0.000000	0.000000	0.000000	0.000000	0.000000	0.000000	0.000000	0.000000	0.000000	1741629021.111655	0.000000
150.000000	-22286.969100	-7338.614147	-29003.958881	-24731.422929	-11165.210446	-18061.505921	-13417.439272	-9002.142728	-22702.309215	-25368.581756	-28116.371109	-6344.006222	-26130.150393	-19087.607454	-28702.389145	-24140.398102	-0.048000	0.998000	0.190000	192.000000	0.000000	0.000000	0.000000	0.000000	0.000000	0.000000	0.000000	0.000000	0.000000	1741629021.111921	0.000000
152.000000	-22251.273364	-7310.719169	-28984.937547	-24721.252885	-11145.719724	-18047.603136	-13404.654074	-9011.195184	-22693.837904	-25365.608974	-28109.352661	-6335.803132	-26122.170820	-19068.317898	-28695.795381	-24135.547773	-0.046000	0.990000	0.194000	192.000000	127.000000	72.000000	15.000000	120.000000	3.000000	8.000000	0.000000	0.000000	0.000000	1741629021.112180	0.000000
154.000000	-22272.395762	-7316.865899	-28988.759695	-24725.007978	-11164.539893	-18055.001563	-13417.528679	-9044.879263	-22686.238311	-25354.164881	-28103.049469	-6326.393047	-26123.690739	-19053.856320	-28681.043229	-24131.323294	-0.046000	0.990000	0.194000	192.000000	0.000000	0.000000	0.000000	0.000000	0.000000	0.000000	0.000000	0.000000	0.000000	1741629021.162975	0.000000
156.000000	-22267.143103	-7323.079684	-28989.363192	-24727.824298	-11159.354289	-18053.973383	-13412.164260	-9011.396350	-22697.727108	-25360.110445	-28120.662644	-6335.177283	-26116.135849	-19107.411099	-28700.019860	-24139.906363	-0.046000	0.990000	0.194000	192.000000	0.000000	0.000000	0.000000	0.000000	0.000000	0.000000	0.000000	0.000000	0.000000	1741629021.163315	0.000000
158.000000	-22262.069257	-7302.381969	-28968.151387	-24707.439507	-11146.569091	-18031.018142	-13398.999083	-9016.291382	-22688.160561	-25347.101730	-28115.409984	-6321.229794	-26119.354501	-19061.008878	-28686.452351	-24126.607076	-0.046000	0.990000	0.194000	192.000000	0.000000	0.000000	0.000000	0.000000	0.000000	0.000000	0.000000	0.000000	0.000000	1741629021.163583	0.000000
160.000000	-22234.241335	-7283.159469	-28954.315657	-24697.314167	-11147.261995	-18033.253316	-13388.672577	-9011.865736	-22673.654279	-25323.274770	-28104.010594	-6306.969381	-26100.310814	-19068.429657	-28688.709878	-24112.279607	-0.046000	0.990000	0.194000	192.000000	0.000000	0.000000	0.000000	0.000000	0.000000	0.000000	0.000000	0.000000	0.000000	1741629021.163845	0.000000
162.000000	-22260.437579	-7293.776547	-28962.250526	-24700.421059	-11163.802286	-18033.566240	-13403.961170	-9018.258335	-22672.670802	-25320.503154	-28102.513027	-6304.130710	-26100.824905	-19019.836965	-28678.137502	-24114.313616	-0.048000	1.004000	0.200000	192.000000	127.000000	64.000000	15.500000	48.000000	3.000000	32.000000	0.000000	0.000000	0.000000	1741629021.164087	0.000000
164.000000	-22237.594096	-7289.261495	-28947.766596	-24703.438545	-11149.832445	-18033.990924	-13385.588036	-9019.912364	-22671.083828	-25321.151354	-28102.580083	-6303.504861	-26112.000777	-19094.849419	-28696.220064	-24110.312654	-0.048000	1.004000	0.200000	192.000000	0.000000	0.000000	0.000000	0.000000	0.000000	0.000000	0.000000	0.000000	0.000000	1741629021.164368	0.000000
166.000000	-22259.096475	-7309.825100	-28974.186358	-24719.218876	-11159.555454	-18045.457369	-13396.808612	-9027.266088	-22677.163503	-25334.182421	-28104.837609	-6312.199689	-26085.491608	-19080.164323	-28677.288136	-24120.482698	-0.048000	1.004000	0.200000	192.000000	0.000000	0.000000	0.000000	0.000000	0.000000	0.000000	0.000000	0.000000	0.000000	1741629021.164618	0.000000
168.000000	-22248.948783	-7314.876594	-28980.333087	-24724.672702	-11167.624434	-18065.551587	-13405.391682	-9044.342821	-22697.213018	-25352.957887	-28122.048452	-6331.712762	-26134.754853	-19067.312070	-28706.457163	-24136.531250	-0.048000	1.004000	0.200000	192.000000	0.000000	0.000000	0.000000	0.000000	0.000000	0.000000	0.000000	0.000000	0.000000	1741629021.164878	0.000000
170.000000	-22263.678582	-7310.160376	-28975.438055	-24712.356891	-11158.013184	-18059.270747	-13414.801766	-9049.327260	-22690.082811	-25353.091997	-28107.698632	-6325.275460	-26106.524599	-19064.115770	-28687.860511	-24137.693541	-0.048000	1.004000	0.200000	192.000000	0.000000	0.000000	0.000000	0.000000	0.000000	0.000000	0.000000	0.000000	0.000000	1741629021.209726	0.000000
172.000000	-22236.565916	-7293.485974	-28949.621791	-24695.056641	-11145.853835	-18027.508918	-13374.456868	-8973.644253	-22683.243177	-25338.920991	-28109.464420	-6318.838158	-26133.547858	-19079.449067	-28705.026651	-24115.900590	-0.044000	1.002000	0.200000	192.000000	127.000000	80.000000	15.500000	40.000000	3.000000	32.000000	0.000000	0.000000	0.000000	1741629021.210027	0.000000
174.000000	-22248.166472	-7291.049634	-28955.768520	-24693.000280	-11157.297928	-18032.739226	-13386.660920	-9024.695638	-22664.713581	-25327.968637	-28089.504312	-6303.102529	-26071.544119	-19060.092456	-28666.581651	-24106.132878	-0.044000	1.002000	0.200000	192.000000	0.000000	0.000000	0.000000	0.000000	0.000000	0.000000	0.000000	0.000000	0.000000	1741629021.210300	0.000000
176.000000	-22251.876861	-7303.611315	-28972.107646	-24707.573617	-11166.171571	-18033.722703	-13401.234257	-9007.797719	-22677.767000	-25334.808270	-28106.581045	-6317.519405	-26145.036655	-19029.492918	-28700.846875	-24111.944331	-0.044000	1.002000	0.200000	192.000000	0.000000	0.000000	0.000000	0.000000	0.000000	0.000000	0.000000	0.000000	0.000000	1741629021.210543	0.000000
178.000000	-22247.160643	-7292.524849	-28963.524576	-24700.286949	-11159.197826	-18044.384485	-13394.372272	-9015.173795	-22675.665936	-25340.776186	-28096.701574	-6314.837195	-26101.942492	-19050.861186	-28681.132636	-24128.529326	-0.044000	1.002000	0.200000	192.000000	0.000000	0.000000	0.000000	0.000000	0.000000	0.000000	0.000000	0.000000	0.000000	1741629021.210810	0.000000
180.000000	-22239.561050	-7286.422823	-28953.779215	-24688.373469	-11151.285309	-18037.410741	-13381.743536	-9015.017332	-22672.469636	-25331.857840	-28087.067972	-6305.762387	-26127.043501	-19074.643442	-28696.935320	-24117.599323	-0.044000	1.002000	0.200000	192.000000	0.000000	0.000000	0.000000	0.000000	0.000000	0.000000	0.000000	0.000000	0.000000	1741629021.272079	0.000000
182.000000	-22247.093588	-7295.519983	-28967.056151	-24703.170324	-11159.734268	-18047.938412	-13399.043786	-9014.816167	-22660.109122	-25329.890887	-28076.830873	-6297.179317	-26112.291349	-19046.212023	-28670.940241	-24114.760651	-0.044000	0.996000	0.202000	192.000000	127.000000	80.000000	15.500000	16.000000	3.000000	40.000000	0.000000	0.000000	0.000000	1741629021.272375	0.000000
184.000000	-22251.943916	-7294.111823	-28967.816111	-24708.288873	-11154.995698	-18032.873336	-13398.194420	-9010.502280	-22683.824323	-25343.704265	-28110.582007	-6318.815806	-26145.707207	-19047.620183	-28711.262788	-24124.885991	-0.044000	0.996000	0.202000	192.000000	0.000000	0.000000	0.000000	0.000000	0.000000	0.000000	0.000000	0.000000	0.000000	1741629021.272637	0.000000
186.000000	-22237.482338	-7297.151661	-28966.564413	-24710.524048	-11169.501980	-18046.798473	-13403.715301	-9020.717027	-22665.540596	-25344.173651	-28090.398382	-6320.894518	-26093.091201	-19036.846642	-28679.165683	-24125.176564	-0.044000	0.996000	0.202000	192.000000	0.000000	0.000000	0.000000	0.000000	0.000000	0.000000	0.000000	0.000000	0.000000	1741629021.272901	0.000000
188.000000	-22259.565861	-7311.210908	-28975.661573	-24710.725213	-11177.816829	-18046.686714	-13407.202173	-9031.065885	-22677.342317	-25352.197927	-28106.357528	-6322.347381	-26137.258248	-19101.845515	-28713.922645	-24133.513765	-0.044000	0.996000	0.202000	192.000000	0.000000	0.000000	0.000000	0.000000	0.000000	0.000000	0.000000	0.000000	0.000000	1741629021.273160	0.000000
190.000000	-22237.683503	-7291.541373	-28963.234003	-24704.265559	-11161.790629	-18045.636183	-13402.843583	-9051.763600	-22672.760209	-25346.118253	-28093.617033	-6310.590364	-26134.911315	-19056.829102	-28696.600043	-24130.518631	-0.044000	0.996000	0.202000	192.000000	0.000000	0.000000	0.000000	0.000000	0.000000	0.000000	0.000000	0.000000	0.000000	1741629021.273418	0.000000
192.000000	-22266.070219	-7308.171071	-28974.588689	-24709.093536	-11171.781858	-18052.207595	-13416.992237	-9017.766597	-22682.572625	-25342.966657	-28102.691841	-6312.222041	-26147.785920	-19035.863165	-28700.511599	-24136.039512	-0.036000	0.992000	0.204000	192.000000	127.000000	112.000000	15.500000	0.000000	3.000000	48.000000	0.000000	0.000000	0.000000	1741629021.273683	0.000000
194.000000	-22227.066425	-7288.501535	-28957.377846	-24702.812696	-11156.023879	-18032.068674	-13401.725996	-9023.510995	-22677.185855	-25344.330113	-28093.505274	-6315.127768	-26101.718974	-19054.146892	-28689.894520	-24133.536116	-0.036000	0.992000	0.204000	192.000000	0.000000	0.000000	0.000000	0.000000	0.000000	0.000000	0.000000	0.000000	0.000000	1741629021.322594	0.000000
196.000000	-22264.393838	-7305.533565	-28974.007544	-24711.529876	-11175.224027	-18063.361116	-13420.076778	-9029.456559	-22670.770904	-25343.905430	-28092.387687	-6311.998524	-26129.323379	-19089.194428	-28701.383317	-24132.105605	-0.036000	0.992000	0.204000	192.000000	0.000000	0.000000	0.000000	0.000000	0.000000	0.000000	0.000000	0.000000	0.000000	1741629021.322897	0.000000
198.000000	-22233.883707	-7289.596771	-28963.479872	-24711.708690	-11160.047193	-18052.855796	-13409.549106	-9056.680984	-22674.481293	-25348.599297	-28091.985356	-6317.586460	-26134.196059	-19049.520081	-28701.472724	-24145.941334	-0.036000	0.992000	0.204000	192.000000	0.000000	0.000000	0.000000	0.000000	0.000000	0.000000	0.000000	0.000000	0.000000	1741629021.323155	0.000000
200.000000	-22251.496881	-7292.055463	-28964.999791	-24703.371489	-11172.966501	-18036.404912	-13416.031112	-9026.126149	-22670.905014	-25342.989009	-28090.554844	-6311.126806	-26134.486632	-19057.052619	-28693.426096	-24134.609000	-0.036000	0.992000	0.204000	192.000000	0.000000	0.000000	0.000000	0.000000	0.000000	0.000000	0.000000	0.000000	0.000000	1741629021.323429	0.000000
202.000000	-22242.846756	-7292.547201	-28958.115453	-24704.869056	-11167.222103	-18049.145406	-13399.736690	-9019.822957	-22668.289860	-25341.960829	-28092.879426	-6309.964515	-26094.834637	-19043.552165	-28706.524218	-24127.545849	-0.034000	0.992000	0.200000	192.000000	127.000000	120.000000	15.500000	0.000000	3.000000	32.000000	0.000000	0.000000	0.000000	1741629021.323671	0.000000
204.000000	-22273.356888	-7308.126367	-28973.560509	-24707.148934	-11185.304664	-18042.350476	-13412.924220	-9042.509978	-22674.838921	-25349.895698	-28098.467362	-6314.770140	-26105.697585	-19040.154700	-28709.072317	-24126.607076	-0.034000	0.992000	0.200000	192.000000	0.000000	0.000000	0.000000	0.000000	0.000000	0.000000	0.000000	0.000000	0.000000	1741629021.323953	0.000000
206.000000	-22245.037227	-7292.569553	-28962.317581	-24700.644577	-11159.711916	-18051.626450	-13411.985446	-9035.558586	-22671.732029	-25345.984143	-28097.238016	-6313.451387	-26111.397280	-19065.568634	-28718.013015	-24118.940427	-0.034000	0.992000	0.200000	192.000000	0.000000	0.000000	0.000000	0.000000	0.000000	0.000000	0.000000	0.000000	0.000000	1741629021.324211	0.000000
208.000000	-22263.231547	-7305.578268	-28975.952146	-24709.182943	-11175.402841	-18054.532177	-13428.369275	-9040.408914	-22670.122703	-25347.861689	-28100.523722	-6316.446521	-26084.910462	-19074.866959	-28706.121887	-24125.131860	-0.034000	0.992000	0.200000	192.000000	0.000000	0.000000	0.000000	0.000000	0.000000	0.000000	0.000000	0.000000	0.000000	1741629021.324472	0.000000
210.000000	-22250.982791	-7289.932047	-28969.336029	-24705.964292	-11160.114248	-18043.512767	-13408.342112	-9022.192242	-22672.357878	-25349.672180	-28104.435278	-6319.486358	-26083.234082	-19066.574462	-28725.947884	-24111.430241	-0.034000	0.992000	0.200000	192.000000	0.000000	0.000000	0.000000	0.000000	0.000000	0.000000	0.000000	0.000000	0.000000	1741629021.378177	0.000000
212.000000	-22272.842797	-7316.709437	-28986.479817	-24714.346196	-11178.487382	-18054.152197	-13423.787168	-9036.005620	-22675.956509	-25350.499195	-28100.724888	-6321.989753	-26072.169968	-19058.080799	-28710.234607	-24108.256293	-0.038000	0.990000	0.196000	192.000000	127.000000	104.000000	15.000000	120.000000	3.000000	16.000000	0.000000	0.000000	0.000000	1741629021.378457	0.000000
214.000000	-22248.077065	-7296.279943	-28964.664515	-24697.403574	-11152.537006	-18055.739171	-13414.779415	-9046.823865	-22671.843788	-25345.201831	-28095.472228	-6321.363905	-26070.314773	-19014.941933	-28731.245247	-24103.718889	-0.038000	0.990000	0.196000	192.000000	0.000000	0.000000	0.000000	0.000000	0.000000	0.000000	0.000000	0.000000	0.000000	1741629021.378752	0.000000
216.000000	-22263.723286	-7304.259515	-28972.085294	-24694.408440	-11164.361079	-18059.717782	-13426.245859	-9049.327260	-22659.438569	-25343.950134	-28078.149626	-6313.518442	-26056.367285	-19065.278061	-28701.740945	-24096.767497	-0.038000	0.990000	0.196000	192.000000	0.000000	0.000000	0.000000	0.000000	0.000000	0.000000	0.000000	0.000000	0.000000	1741629021.379008	0.000000
218.000000	-22254.000277	-7292.457794	-28971.213576	-24697.247111	-11164.137562	-18059.404857	-13422.043731	-9039.872472	-22660.042067	-25341.022055	-28080.250690	-6321.967402	-26059.630640	-19066.350945	-28729.434756	-24092.766534	-0.038000	0.990000	0.196000	192.000000	0.000000	0.000000	0.000000	0.000000	0.000000	0.000000	0.000000	0.000000	0.000000	1741629021.379254	0.000000
220.000000	-22267.254861	-7304.527736	-28978.835521	-24697.716498	-11167.669137	-18055.135674	-13429.196290	-9052.590615	-22655.839939	-25347.861689	-28073.366353	-6322.459140	-26068.191358	-19072.005936	-28708.491171	-24100.991976	-0.038000	0.990000	0.196000	192.000000	0.000000	0.000000	0.000000	0.000000	0.000000	0.000000	0.000000	0.000000	0.000000	1741629021.379507	0.000000
222.000000	-22261.622222	-7305.712379	-28978.142617	-24700.733984	-11169.926664	-18056.901462	-13427.542261	-9033.211652	-22668.491026	-25346.945268	-28080.496559	-6323.107341	-26070.203015	-19036.779587	-28730.909971	-24088.519703	-0.042000	0.996000	0.194000	192.000000	127.000000	88.000000	15.500000	16.000000	3.000000	8.000000	0.000000	0.000000	0.000000	1741629021.379778	0.000000
224.000000	-22251.116902	-7288.188611	-28967.592593	-24690.005146	-11162.841161	-18055.962688	-13435.365371	-9057.552702	-22657.337506	-25343.726616	-28067.554899	-6315.217175	-26032.361511	-19047.396666	-28706.635977	-24092.163037	-0.042000	0.996000	0.194000	192.000000	0.000000	0.000000	0.000000	0.000000	0.000000	0.000000	0.000000	0.000000	0.000000	1741629021.400974	0.000000
226.000000	-22255.900175	-7286.266361	-28973.761675	-24691.659175	-11167.758544	-18049.435979	-13419.585040	-9033.234004	-22657.203395	-25337.602238	-28072.159359	-6310.880936	-26048.298305	-19064.763971	-28731.982855	-24095.292282	-0.042000	0.996000	0.194000	192.000000	0.000000	0.000000	0.000000	0.000000	0.000000	0.000000	0.000000	0.000000	0.000000	1741629021.452507	0.000000
228.000000	-22262.136312	-7292.077815	-28981.383619	-24690.742754	-11170.597216	-18049.637145	-13433.107845	-9032.362286	-22654.521186	-25340.262096	-28066.303201	-6308.601059	-26055.316753	-19058.013744	-28704.579616	-24085.993956	-0.042000	0.996000	0.194000	192.000000	0.000000	0.000000	0.000000	0.000000	0.000000	0.000000	0.000000	0.000000	0.000000	1741629021.452795	0.000000
230.000000	-22262.516291	-7300.437367	-28987.753867	-24693.693184	-11171.334824	-18058.577843	-13431.632630	-9046.846217	-22668.938061	-25345.514756	-28085.145722	-6319.732227	-26079.300175	-19049.162453	-28738.688378	-24092.520665	-0.042000	0.996000	0.194000	192.000000	0.000000	0.000000	0.000000	0.000000	0.000000	0.000000	0.000000	0.000000	0.000000	1741629021.453062	0.000000
232.000000	-22266.830178	-7294.447100	-28983.909367	-24679.611585	-11166.350385	-18047.960764	-13413.483013	-9035.446827	-22662.858386	-25343.927782	-28075.512120	-6318.301716	-26065.933831	-19038.344209	-28712.916817	-24095.269930	-0.038000	1.002000	0.198000	192.000000	127.000000	104.000000	15.500000	40.000000	3.000000	24.000000	0.000000	0.000000	0.000000	1741629021.453324	0.000000
234.000000	-22265.489073	-7299.967980	-28980.623660	-24676.392934	-11167.311510	-18036.740188	-13423.295429	-9013.787986	-22669.072171	-25344.441872	-28082.038830	-6320.782759	-26067.297288	-19060.986526	-28734.150974	-24080.920110	-0.038000	1.002000	0.198000	192.000000	0.000000	0.000000	0.000000	0.000000	0.000000	0.000000	0.000000	0.000000	0.000000	1741629021.453594	0.000000
236.000000	-22252.659172	-7294.558858	-28976.935622	-24678.181073	-11158.996661	-18046.753770	-13419.361522	-9024.941507	-22658.611555	-25336.283485	-28068.113693	-6315.999486	-26038.307075	-19032.309238	-28702.925587	-24081.545959	-0.038000	1.002000	0.198000	192.000000	0.000000	0.000000	0.000000	0.000000	0.000000	0.000000	0.000000	0.000000	0.000000	1741629021.453860	0.000000
238.000000	-22280.263577	-7305.175937	-28993.967652	-24698.655271	-11178.286216	-18052.162892	-13442.316764	-9045.013373	-22668.491026	-25344.687741	-28082.128237	-6332.204501	-26080.373058	-19035.818462	-28727.490154	-24085.926901	-0.038000	1.002000	0.198000	192.000000	0.000000	0.000000	0.000000	0.000000	0.000000	0.000000	0.000000	0.000000	0.000000	1741629021.454112	0.000000
240.000000	-22254.693181	-7290.893172	-28978.589651	-24691.659175	-11166.462143	-18040.003543	-13424.122444	-9023.376885	-22662.880738	-25346.207660	-28071.108827	-6329.231719	-26060.681171	-19034.969096	-28719.130602	-24088.854979	-0.038000	1.002000	0.198000	192.000000	0.000000	0.000000	0.000000	0.000000	0.000000	0.000000	0.000000	0.000000	0.000000	1741629021.454357	0.000000
242.000000	-22269.132408	-7301.398492	-28985.921024	-24693.581425	-11181.080184	-18070.737192	-13437.958174	-9044.432228	-22658.700962	-25341.267924	-28071.242937	-6321.229794	-26056.814320	-19073.682317	-28730.485288	-24086.753915	-0.034000	0.994000	0.200000	192.000000	127.000000	120.000000	15.500000	8.000000	3.000000	32.000000	0.000000	0.000000	0.000000	1741629021.504651	0.000000
244.000000	-22253.173262	-7298.358655	-28980.713067	-24695.816600	-11173.748812	-18053.124017	-13432.191423	-9029.747132	-22659.975011	-25351.974410	-28071.935841	-6326.862434	-26056.411988	-19073.391744	-28730.887619	-24098.287415	-0.034000	0.994000	0.200000	192.000000	0.000000	0.000000	0.000000	0.000000	0.000000	0.000000	0.000000	0.000000	0.000000	1741629021.504965	0.000000
246.000000	-22260.750504	-7298.179841	-28977.025029	-24686.205350	-11172.810039	-18051.782912	-13437.466435	-9043.471103	-22659.058590	-25343.190174	-28068.113693	-6327.085951	-26062.111683	-19038.120692	-28718.504753	-24080.093095	-0.034000	0.994000	0.200000	192.000000	0.000000	0.000000	0.000000	0.000000	0.000000	0.000000	0.000000	0.000000	0.000000	1741629021.505231	0.000000
248.000000	-22246.355980	-7288.032149	-28973.784026	-24686.317108	-11173.368832	-18058.555491	-13425.083569	-9027.042571	-22655.504662	-25340.619724	-28062.771626	-6325.431922	-26058.378942	-19021.669808	-28716.761317	-24088.206779	-0.034000	0.994000	0.200000	192.000000	0.000000	0.000000	0.000000	0.000000	0.000000	0.000000	0.000000	0.000000	0.000000	1741629021.505487	0.000000
250.000000	-22267.590137	-7300.526774	-28982.858835	-24685.803018	-11184.343539	-18057.147331	-13427.721075	-9023.309830	-22664.065381	-25345.157128	-28072.628745	-6326.638916	-26061.262317	-19096.414041	-28720.784631	-24083.512912	-0.034000	0.994000	0.200000	192.000000	0.000000	0.000000	0.000000	0.000000	0.000000	0.000000	0.000000	0.000000	0.000000	1741629021.505756	0.000000
252.000000	-22241.572707	-7276.163373	-28964.552756	-24677.197597	-11162.394126	-18061.304755	-13430.269173	-9038.173740	-22655.594069	-25331.902544	-28065.364428	-6313.898422	-26052.589840	-19047.195500	-28722.706881	-24081.590662	-0.032000	0.992000	0.200000	192.000000	127.500000	0.000000	15.500000	0.000000	3.000000	32.000000	0.000000	0.000000	0.000000	1741629021.506004	0.000000
254.000000	-22269.467684	-7287.965094	-28978.410837	-24680.349193	-11177.705071	-18057.773180	-13437.444083	-9033.815150	-22648.173290	-25328.169802	-28055.775530	-6308.846928	-26057.127244	-19048.871881	-28710.033442	-24086.239825	-0.032000	0.992000	0.200000	192.000000	0.000000	0.000000	0.000000	0.000000	0.000000	0.000000	0.000000	0.000000	0.000000	1741629021.506279	0.000000
0.000000	-22252.681524	-7291.407262	-28976.443884	-24686.875902	-11163.511713	-18057.192034	-13423.027208	-9041.526501	-22661.897261	-25341.290276	-28071.846434	-6326.929489	-26067.498454	-19025.871936	-28721.522238	-24091.738354	-0.032000	0.992000	0.200000	192.000000	0.000000	0.000000	0.000000	0.000000	0.000000	0.000000	0.000000	0.000000	0.000000	1741629021.563694	0.000000
2.000000	-22284.376298	-7310.294486	-28994.191169	-24684.640728	-11180.990777	-18042.752807	-13426.402322	-9018.683019	-22663.148959	-25342.720788	-28079.110751	-6327.756504	-26064.704486	-19004.682482	-28709.072317	-24081.970642	-0.032000	0.992000	0.200000	192.000000	0.000000	0.000000	0.000000	0.000000	0.000000	0.000000	0.000000	0.000000	0.000000	1741629021.563983	0.000000
4.000000	-22260.839911	-7311.322667	-28986.882149	-24689.222835	-11174.821696	-18058.086104	-13433.085493	-9046.935624	-22680.091581	-25352.332038	-28097.327423	-6340.787571	-26082.161198	-19095.832896	-28733.972160	-24092.498313	-0.032000	0.992000	0.200000	192.000000	0.000000	0.000000	0.000000	0.000000	0.000000	0.000000	0.000000	0.000000	0.000000	1741629021.564237	0.000000
6.000000	-22263.745637	-7295.832908	-28982.098875	-24673.777780	-11181.370757	-18050.017124	-13420.523813	-9031.579975	-22669.787427	-25344.419520	-28085.637460	-6323.062637	-26052.947468	-19049.117750	-28716.984834	-24089.592587	-0.038000	0.994000	0.194000	192.000000	127.000000	104.000000	15.500000	8.000000	3.000000	8.000000	0.000000	0.000000	0.000000	1741629021.564479	0.000000
8.000000	-22257.889480	-7289.663826	-28975.505111	-24681.153855	-11176.207504	-18038.550680	-13413.058330	-9015.844347	-22664.512415	-25336.439948	-28083.625803	-6313.205518	-26072.885224	-19019.278171	-28724.271503	-24072.381743	-0.038000	0.994000	0.194000	192.000000	0.000000	0.000000	0.000000	0.000000	0.000000	0.000000	0.000000	0.000000	0.000000	1741629021.564753	0.000000
10.000000	-22280.420039	-7313.602544	-28991.598367	-24700.711632	-11183.270655	-18063.249357	-13435.566537	-9036.653821	-22665.741761	-25349.672180	-28083.558748	-6323.889652	-26076.640317	-19059.421904	-28709.340538	-24080.338965	-0.038000	0.994000	0.194000	192.000000	0.000000	0.000000	0.000000	0.000000	0.000000	0.000000	0.000000	0.000000	0.000000	1741629021.565007	0.000000
12.000000	-22254.201443	-7289.306198	-28974.253413	-24697.403574	-11173.435888	-18055.962688	-13437.019400	-9056.055135	-22674.458942	-25360.646887	-28098.132086	-6336.965422	-26104.222370	-19088.903855	-28733.055739	-24096.923959	-0.038000	0.994000	0.194000	192.000000	0.000000	0.000000	0.000000	0.000000	0.000000	0.000000	0.000000	0.000000	0.000000	1741629021.565261	0.000000
14.000000	-22252.837986	-7287.696873	-28967.234965	-24692.799114	-11174.486419	-18057.326145	-13429.620973	-9042.442923	-22650.944907	-25341.446738	-28072.047600	-6320.648649	-26051.963991	-19047.955459	-28699.706936	-24094.532322	-0.038000	0.994000	0.194000	192.000000	0.000000	0.000000	0.000000	0.000000	0.000000	0.000000	0.000000	0.000000	0.000000	1741629021.565511	0.000000
16.000000	-22245.126634	-7294.692969	-28964.195128	-24703.706766	-11174.866399	-18066.490360	-13436.304144	-9049.573129	-22657.382209	-25349.381608	-28080.183635	-6331.668059	-26082.340012	-19068.966099	-28728.026596	-24100.343776	-0.036000	1.000000	0.192000	192.000000	127.000000	112.000000	15.500000	32.000000	3.000000	0.000000	0.000000	0.000000	0.000000	1741629021.626140	0.000000
18.000000	-22255.475492	-7298.045730	-28975.840387	-24710.904027	-11188.836239	-18071.921834	-13439.276926	-9040.945356	-22653.716523	-25356.534166	-28076.160321	-6330.550472	-26053.707427	-19042.568689	-28723.802116	-24116.302921	-0.036000	1.000000	0.192000	192.000000	0.000000	0.000000	0.000000	0.000000	0.000000	0.000000	0.000000	0.000000	0.000000	1741629021.626436	0.000000
20.000000	-22258.940012	-7289.283847	-28972.487625	-24700.421059	-11182.421289	-18071.094819	-13431.520871	-9038.106684	-22660.578508	-25347.124082	-28093.371164	-6327.376524	-26093.202960	-19084.813486	-28740.856497	-24104.232979	-0.036000	1.000000	0.192000	192.000000	0.000000	0.000000	0.000000	0.000000	0.000000	0.000000	0.000000	0.000000	0.000000	1741629021.626703	0.000000
22.000000	-22254.782588	-7290.088509	-28976.332125	-24704.287911	-11183.181248	-18061.997659	-13436.281793	-9050.690717	-22654.387075	-25344.196003	-28089.169036	-6319.262841	-26065.531500	-19076.945672	-28718.929436	-24108.189238	-0.036000	1.000000	0.192000	192.000000	0.000000	0.000000	0.000000	0.000000	0.000000	0.000000	0.000000	0.000000	0.000000	1741629021.626966	0.000000
24.000000	-22270.227643	-7308.618105	-28988.312660	-24716.983702	-11188.679777	-18080.929587	-13450.162226	-9068.348595	-22667.753418	-25360.356314	-28110.179676	-6342.396896	-26089.336108	-19066.887387	-28743.628114	-24112.614883	-0.036000	1.000000	0.192000	192.000000	0.000000	0.000000	0.000000	0.000000	0.000000	0.000000	0.000000	0.000000	0.000000	1741629021.627231	0.000000
26.000000	-22253.016800	-7298.939800	-28977.807340	-24712.915684	-11175.849876	-18068.323203	-13424.077740	-9033.055190	-22662.120779	-25363.820835	-28098.556769	-6349.370640	-26067.029067	-19024.575534	-28722.796288	-24110.491468	-0.040000	1.000000	0.192000	192.000000	127.000000	96.000000	15.500000	32.000000	3.000000	0.000000	0.000000	0.000000	0.000000	1741629021.627486	0.000000
28.000000	-22268.953594	-7305.734730	-28975.795683	-24705.696071	-11189.082109	-18072.704145	-13439.388685	-9047.784990	-22665.697058	-25358.545823	-28101.395440	-6346.800190	-26086.184512	-19114.653065	-28737.481384	-24101.103735	-0.040000	1.000000	0.192000	192.000000	0.000000	0.000000	0.000000	0.000000	0.000000	0.000000	0.000000	0.000000	0.000000	1741629021.627741	0.000000
30.000000	-22247.831195	-7288.903867	-28964.686866	-24695.168399	-11177.526257	-18061.751790	-13418.333342	-9048.723763	-22656.063456	-25354.634268	-28089.727830	-6331.444541	-26054.400331	-19060.025401	-28715.196695	-24104.478849	-0.040000	1.000000	0.192000	192.000000	0.000000	0.000000	0.000000	0.000000	0.000000	0.000000	0.000000	0.000000	0.000000	1741629021.685913	0.000000
32.000000	-22256.548376	-7282.980655	-28968.263145	-24686.607681	-11184.902332	-18069.463142	-13434.158377	-9043.582862	-22653.850633	-25344.821852	-28094.041716	-6322.950878	-26073.868701	-19064.965137	-28731.066433	-24098.510933	-0.040000	1.000000	0.192000	192.000000	0.000000	0.000000	0.000000	0.000000	0.000000	0.000000	0.000000	0.000000	0.000000	1741629021.686206	0.000000
34.000000	-22246.758312	-7277.079794	-28973.940489	-24694.810771	-11181.571922	-18071.854779	-13422.468415	-9055.406935	-22641.803043	-25335.456471	-28081.614146	-6311.842062	-26070.940622	-19040.467625	-28714.101459	-24096.186351	-0.040000	1.000000	0.192000	192.000000	0.000000	0.000000	0.000000	0.000000	0.000000	0.000000	0.000000	0.000000	0.000000	1741629021.686469	0.000000
36.000000	-22261.421056	-7282.086585	-28974.588689	-24692.530893	-11185.818754	-18070.983061	-13439.947479	-9047.315603	-22655.772883	-25341.156166	-28096.008670	-6321.430960	-26093.784105	-19048.894232	-28733.167497	-24103.182447	-0.044000	1.002000	0.184000	192.000000	127.000000	80.000000	15.500000	40.000000	2.500000	96.000000	0.000000	0.000000	0.000000	1741629021.686726	0.000000
38.000000	-22249.373466	-7285.059367	-28969.738361	-24698.431754	-11190.289103	-18068.390258	-13434.314839	-9031.110588	-22648.262697	-25336.484651	-28082.128237	-6318.167605	-26086.832713	-19064.451047	-28720.315244	-24095.269930	-0.044000	1.002000	0.184000	192.000000	0.000000	0.000000	0.000000	0.000000	0.000000	0.000000	0.000000	0.000000	0.000000	1741629021.687001	0.000000
40.000000	-22255.207271	-7287.316893	-28958.249564	-24691.525065	-11180.968425	-18073.687622	-13442.964964	-9044.186359	-22653.917689	-25348.644000	-28092.298280	-6325.498977	-26075.612137	-19081.483076	-28733.122794	-24105.551732	-0.044000	1.002000	0.184000	192.000000	0.000000	0.000000	0.000000	0.000000	0.000000	0.000000	0.000000	0.000000	0.000000	1741629021.687257	0.000000
42.000000	-22235.716550	-7281.483088	-28955.768520	-24698.364699	-11178.755603	-18078.515599	-13432.102016	-9061.665423	-22641.154843	-25343.436044	-28073.522815	-6316.446521	-26057.037837	-19046.055561	-28726.439622	-24109.977378	-0.044000	1.002000	0.184000	192.000000	0.000000	0.000000	0.000000	0.000000	0.000000	0.000000	0.000000	0.000000	0.000000	1741629021.687517	0.000000
44.000000	-22258.403570	-7292.860126	-28966.206785	-24695.637786	-11189.439737	-18083.455334	-13460.980470	-9068.080374	-22644.284087	-25339.278619	-28070.460626	-6312.423207	-26079.613099	-19055.108017	-28722.930398	-24108.636273	-0.044000	1.002000	0.184000	192.000000	0.000000	0.000000	0.000000	0.000000	0.000000	0.000000	0.000000	0.000000	0.000000	1741629021.687790	0.000000
46.000000	-22235.604791	-7280.320797	-28955.097968	-24695.391917	-11168.451448	-18073.195883	-13427.028170	-9035.245661	-22652.174253	-25338.585715	-28078.529606	-6314.077236	-26068.079599	-19040.668790	-28730.842916	-24115.207686	-0.042000	0.998000	0.186000	192.000000	127.000000	88.000000	15.500000	24.000000	2.500000	104.000000	0.000000	0.000000	0.000000	1741629021.746203	0.000000
48.000000	-22273.401591	-7303.052521	-28976.354477	-24704.310263	-11190.110289	-18074.894616	-13435.119502	-9042.152350	-22656.041104	-25350.700361	-28087.537359	-6323.666134	-26079.076657	-19107.098175	-28715.733137	-24107.853962	-0.042000	0.998000	0.186000	192.000000	0.000000	0.000000	0.000000	0.000000	0.000000	0.000000	0.000000	0.000000	0.000000	1741629021.746495	0.000000
50.000000	-22243.629067	-7291.027283	-28953.354532	-24694.363736	-11162.617643	-18072.950014	-13418.489804	-9031.579975	-22658.008058	-25346.855861	-28092.700612	-6324.113169	-26074.360439	-19076.386878	-28726.439622	-24100.209665	-0.042000	0.998000	0.186000	192.000000	0.000000	0.000000	0.000000	0.000000	0.000000	0.000000	0.000000	0.000000	0.000000	1741629021.746747	0.000000
52.000000	-22271.859321	-7310.093321	-28976.019201	-24709.428812	-11176.788649	-18075.587520	-13435.722999	-9043.940490	-22659.438569	-25354.187233	-28094.578158	-6328.248242	-26068.347820	-19051.084703	-28703.774953	-24100.410831	-0.042000	0.998000	0.186000	192.000000	0.000000	0.000000	0.000000	0.000000	0.000000	0.000000	0.000000	0.000000	0.000000	1741629021.747023	0.000000
54.000000	-22250.513405	-7289.887344	-28958.987172	-24694.564902	-11161.097725	-18062.131770	-13424.748293	-9043.448751	-22667.149921	-25361.742122	-28108.950330	-6334.618489	-26106.122268	-19053.521043	-28731.289951	-24105.708194	-0.042000	0.998000	0.186000	192.000000	0.000000	0.000000	0.000000	0.000000	0.000000	0.000000	0.000000	0.000000	0.000000	1741629021.747277	0.000000
56.000000	-22255.922527	-7291.876649	-28959.277744	-24685.423039	-11172.072431	-18071.027764	-13441.087418	-9068.750926	-22650.520223	-25340.910297	-28089.481960	-6311.260916	-26086.117457	-19089.887332	-28709.921683	-24098.801505	-0.042000	1.000000	0.186000	192.000000	127.000000	88.000000	15.500000	32.000000	2.500000	104.000000	0.000000	0.000000	0.000000	1741629021.747533	0.000000
58.000000	-22241.975038	-7292.346036	-28963.435169	-24696.263635	-11170.261940	-18066.937395	-13432.727865	-9039.447789	-22662.277241	-25344.128948	-28098.243844	-6314.948954	-26081.937680	-19044.602697	-28732.564000	-24101.215494	-0.042000	1.000000	0.186000	192.000000	0.000000	0.000000	0.000000	0.000000	0.000000	0.000000	0.000000	0.000000	0.000000	1741629021.747805	0.000000
60.000000	-22253.575594	-7286.892210	-28959.255392	-24699.035251	-11173.748812	-18068.949052	-13419.808557	-9031.803493	-22652.353066	-25345.715922	-28088.565539	-6306.723512	-26070.627698	-19058.147855	-28712.425078	-24109.597398	-0.042000	1.000000	0.186000	192.000000	0.000000	0.000000	0.000000	0.000000	0.000000	0.000000	0.000000	0.000000	0.000000	1741629021.805855	0.000000
62.000000	-22250.021666	-7286.869858	-28956.550831	-24703.974987	-11161.522408	-18070.223101	-13426.961115	-9043.135827	-22653.247136	-25335.881154	-28095.539283	-6312.132634	-26072.862872	-19068.496712	-28732.005207	-24104.791773	-0.042000	1.000000	0.186000	192.000000	0.000000	0.000000	0.000000	0.000000	0.000000	0.000000	0.000000	0.000000	0.000000	1741629021.806136	0.000000
64.000000	-22257.554204	-7301.644361	-28968.419608	-24712.848629	-11169.859608	-18077.375660	-13433.621935	-9046.890920	-22650.006133	-25349.716884	-28089.750181	-6317.295887	-26095.706355	-19090.334367	-28710.860456	-24118.851020	-0.042000	1.000000	0.186000	192.000000	0.000000	0.000000	0.000000	0.000000	0.000000	0.000000	0.000000	0.000000	0.000000	1741629021.806393	0.000000
66.000000	-22235.649495	-7290.356730	-28959.702427	-24705.874885	-11179.269693	-18074.201712	-13437.488787	-9062.850066	-22663.014849	-25361.451550	-28103.228283	-6330.505768	-26102.881265	-19075.023422	-28741.795271	-24122.583762	-0.044000	1.000000	0.190000	192.000000	127.000000	80.000000	15.500000	32.000000	2.500000	120.000000	0.000000	0.000000	0.000000	1741629021.806655	0.000000
68.000000	-22244.858413	-7285.729919	-28961.423512	-24704.891408	-11180.409632	-18075.676927	-13440.930956	-9047.159141	-22648.374456	-25351.169747	-28085.391591	-6318.569937	-26063.810416	-19032.063369	-28713.140334	-24112.994863	-0.044000	1.000000	0.190000	192.000000	0.000000	0.000000	0.000000	0.000000	0.000000	0.000000	0.000000	0.000000	0.000000	1741629021.806928	0.000000
70.000000	-22250.893384	-7296.414053	-28958.450730	-24700.622225	-11172.050079	-18080.057869	-13430.649153	-9052.568263	-22654.208261	-25350.610954	-28091.828894	-6323.777893	-26088.374983	-19053.185767	-28736.341445	-24111.407889	-0.044000	1.000000	0.190000	192.000000	0.000000	0.000000	0.000000	0.000000	0.000000	0.000000	0.000000	0.000000	0.000000	1741629021.807178	0.000000
72.000000	-22223.154869	-7290.468489	-28958.920116	-24704.891408	-11167.937358	-18071.631261	-13433.018438	-9042.375868	-22645.781654	-25351.527375	-28086.285661	-6322.079160	-26099.483800	-19092.658948	-28710.636939	-24116.057052	-0.044000	1.000000	0.190000	192.000000	0.000000	0.000000	0.000000	0.000000	0.000000	0.000000	0.000000	0.000000	0.000000	1741629021.807429	0.000000
74.000000	-22264.371486	-7289.283847	-28956.528480	-24706.903065	-11166.283329	-18080.057869	-13436.348848	-9047.516769	-22651.257831	-25357.718808	-28097.260368	-6323.755541	-26098.008585	-19072.989413	-28724.875000	-24114.112450	-0.044000	1.000000	0.190000	192.000000	0.000000	0.000000	0.000000	0.000000	0.000000	0.000000	0.000000	0.000000	0.000000	1741629021.807698	0.000000
76.000000	-22263.119789	-7293.307161	-28962.094064	-24712.870981	-11166.529198	-18080.437849	-13435.320668	-9075.232932	-22647.033351	-25354.321343	-28090.823065	-6319.419303	-26071.834692	-19062.260576	-28702.120924	-24124.863639	-0.038000	0.998000	0.188000	192.000000	127.000000	104.000000	15.500000	24.000000	2.500000	112.000000	0.000000	0.000000	0.000000	1741629021.865672	0.000000
78.000000	-22260.772855	-7304.415978	-28967.860814	-24717.631902	-11178.085050	-18087.143372	-13433.711342	-9042.375868	-22666.904052	-25355.260116	-28112.437202	-6333.478550	-26095.572245	-19049.028343	-28737.459032	-24128.462270	-0.038000	0.998000	0.188000	192.000000	0.000000	0.000000	0.000000	0.000000	0.000000	0.000000	0.000000	0.000000	0.000000	1741629021.865997	0.000000
80.000000	-22226.932314	-7295.765852	-28959.680076	-24707.730080	-11153.520483	-18074.693450	-13420.948496	-9034.373943	-22650.028485	-25358.948154	-28098.713231	-6323.107341	-26092.063021	-19091.563713	-28708.111192	-24118.359282	-0.038000	0.998000	0.188000	192.000000	0.000000	0.000000	0.000000	0.000000	0.000000	0.000000	0.000000	0.000000	0.000000	1741629021.866256	0.000000
82.000000	-22257.867129	-7298.537469	-28959.970648	-24704.153801	-11164.294024	-18075.654575	-13423.586002	-9040.744190	-22662.992497	-25363.574965	-28110.716118	-6330.550472	-26113.610102	-19068.608471	-28723.377433	-24121.935561	-0.038000	0.998000	0.188000	192.000000	0.000000	0.000000	0.000000	0.000000	0.000000	0.000000	0.000000	0.000000	0.000000	1741629021.866514	0.000000
84.000000	-22229.279247	-7276.655111	-28956.796701	-24699.035251	-11160.002489	-18069.664308	-13412.723054	-9049.371964	-22644.664066	-25344.352465	-28088.699649	-6302.968419	-26074.695715	-19057.387895	-28700.533950	-24108.010424	-0.038000	0.998000	0.188000	192.000000	0.000000	0.000000	0.000000	0.000000	0.000000	0.000000	0.000000	0.000000	0.000000	1741629021.866769	0.000000
86.000000	-22249.127597	-7287.249838	-28964.642163	-24707.707728	-11168.205579	-18060.969479	-13434.203080	-9043.918138	-22652.308363	-25343.368988	-28105.821086	-6308.176375	-26105.272902	-19063.199349	-28724.539724	-24124.640122	-0.046000	1.004000	0.186000	192.000000	127.000000	72.000000	15.500000	48.000000	2.500000	104.000000	0.000000	0.000000	0.000000	1741629021.867021	0.000000
88.000000	-22241.058617	-7280.790184	-28968.710180	-24714.994397	-11167.713841	-18086.562227	-13423.809519	-9046.846217	-22641.087787	-25335.389416	-28103.809429	-6304.689503	-26088.106762	-19065.590985	-28719.108250	-24124.908343	-0.046000	1.004000	0.186000	192.000000	0.000000	0.000000	0.000000	0.000000	0.000000	0.000000	0.000000	0.000000	0.000000	1741629021.867299	0.000000
90.000000	-22261.488111	-7306.360579	-28977.762637	-24721.275237	-11169.300815	-18084.908198	-13435.231261	-9052.344746	-22656.622250	-25361.406846	-28125.870600	-6327.264765	-26119.510963	-19074.934015	-28733.882753	-24140.353398	-0.046000	1.004000	0.186000	192.000000	0.000000	0.000000	0.000000	0.000000	0.000000	0.000000	0.000000	0.000000	0.000000	1741629021.925974	0.000000
92.000000	-22235.783605	-7302.538431	-28965.536233	-24722.370472	-11156.783838	-18078.984985	-13439.567499	-9065.129944	-22655.594069	-25360.602183	-28121.132031	-6334.104399	-26117.365195	-19066.082724	-28734.262733	-24139.571087	-0.046000	1.004000	0.186000	192.000000	0.000000	0.000000	0.000000	0.000000	0.000000	0.000000	0.000000	0.000000	0.000000	1741629021.926243	0.000000
94.000000	-22258.180053	-7309.199251	-28972.733494	-24715.463783	-11173.100611	-18088.685642	-13437.377028	-9040.610080	-22659.237404	-25361.451550	-28119.835629	-6332.472722	-26093.560588	-19062.551148	-28725.411442	-24137.447672	-0.046000	1.004000	0.186000	192.000000	0.000000	0.000000	0.000000	0.000000	0.000000	0.000000	0.000000	0.000000	0.000000	1741629021.926506	0.000000
96.000000	-22231.089739	-7287.339245	-28962.339933	-24708.221818	-11159.331937	-18086.852799	-13423.518947	-9046.622699	-22655.683476	-25355.841262	-28114.784135	-6326.683620	-26111.397280	-19094.469439	-28731.446413	-24131.546811	-0.044000	1.002000	0.192000	192.000000	127.000000	80.000000	15.500000	40.000000	3.000000	0.000000	0.000000	0.000000	0.000000	1741629021.926764	0.000000
98.000000	-22261.778684	-7296.704626	-28975.572166	-24712.289835	-11174.419364	-18083.097706	-13424.189499	-9051.517731	-22649.872023	-25346.386474	-28106.178714	-6320.045152	-26096.712184	-19083.204160	-28710.525180	-24128.462270	-0.044000	1.002000	0.192000	192.000000	0.000000	0.000000	0.000000	0.000000	0.000000	0.000000	0.000000	0.000000	0.000000	1741629021.927028	0.000000
100.000000	-22237.236468	-7286.311065	-28967.167910	-24712.893333	-11158.884902	-18089.602064	-13426.335266	-9065.420516	-22655.772883	-25357.227070	-28120.237961	-6325.007239	-26121.008530	-19067.893215	-28734.553305	-24134.653704	-0.044000	1.002000	0.192000	192.000000	0.000000	0.000000	0.000000	0.000000	0.000000	0.000000	0.000000	0.000000	0.000000	1741629021.927272	0.000000
102.000000	-22259.990544	-7306.673504	-28969.760712	-24709.540571	-11166.328033	-18076.079258	-13415.762891	-9041.593557	-22651.660162	-25351.527375	-28110.805525	-6317.452349	-26092.845332	-19040.914660	-28710.636939	-24130.518631	-0.044000	1.002000	0.192000	192.000000	0.000000	0.000000	0.000000	0.000000	0.000000	0.000000	0.000000	0.000000	0.000000	1741629021.927537	0.000000
104.000000	-22252.703876	-7304.550088	-28974.342820	-24718.593027	-11160.427172	-18077.241549	-13423.764816	-9030.372981	-22665.652354	-25362.837358	-28123.344853	-6333.120922	-26124.696568	-19100.213838	-28731.580523	-24125.914171	-0.044000	1.002000	0.192000	192.000000	0.000000	0.000000	0.000000	0.000000	0.000000	0.000000	0.000000	0.000000	0.000000	1741629021.927782	0.000000
106.000000	-22267.277213	-7308.305181	-28977.539119	-24713.429774	-11162.438829	-18061.461218	-13424.658886	-9036.542062	-22665.674706	-25367.642983	-28119.857981	-6338.507693	-26120.472088	-19072.497675	-28716.068413	-24134.899573	-0.046000	0.990000	0.196000	192.000000	127.000000	72.000000	15.000000	120.000000	3.000000	16.000000	0.000000	0.000000	0.000000	1741629021.983480	0.000000
108.000000	-22242.287963	-7291.653131	-28962.317581	-24698.610568	-11152.022916	-18056.812055	-13405.682255	-9007.551850	-22657.181043	-25351.817948	-28110.134972	-6322.347381	-26111.933722	-19061.321802	-28722.393956	-24112.547828	-0.046000	0.990000	0.196000	192.000000	0.000000	0.000000	0.000000	0.000000	0.000000	0.000000	0.000000	0.000000	0.000000	1741629021.983840	0.000000
110.000000	-22256.190748	-7295.318818	-28970.051285	-24700.309300	-11156.560320	-18061.662383	-13427.385798	-9022.952202	-22651.168424	-25355.550689	-28099.897873	-6317.228832	-26105.965806	-19062.171169	-28702.232683	-24117.107584	-0.046000	0.990000	0.196000	192.000000	0.000000	0.000000	0.000000	0.000000	0.000000	0.000000	0.000000	0.000000	0.000000	1741629021.984108	0.000000
112.000000	-22249.954611	-7293.083643	-28966.430302	-24705.003167	-11153.341669	-18066.490360	-13407.269228	-9031.378809	-22658.611555	-25356.578869	-28109.196199	-6319.598117	-26120.226219	-19092.167210	-28723.869172	-24119.096889	-0.046000	0.990000	0.196000	192.000000	0.000000	0.000000	0.000000	0.000000	0.000000	0.000000	0.000000	0.000000	0.000000	1741629021.984362	0.000000
114.000000	-22253.732056	-7284.053538	-28966.698523	-24700.868094	-11162.237664	-18054.889805	-13416.701665	-9020.962896	-22649.715561	-25348.822814	-28097.595644	-6311.886765	-26095.214617	-19069.435486	-28694.141351	-24115.721776	-0.046000	0.990000	0.196000	192.000000	0.000000	0.000000	0.000000	0.000000	0.000000	0.000000	0.000000	0.000000	0.000000	1741629021.984610	0.000000
116.000000	-22241.371541	-7275.850448	-28955.433244	-24694.073164	-11154.258091	-18051.268822	-13419.272115	-9022.326353	-22655.035276	-25346.431177	-28105.262292	-6315.440692	-26109.832658	-19066.328593	-28716.560151	-24111.296131	-0.050000	0.990000	0.200000	192.000000	127.000000	56.000000	15.000000	120.000000	3.000000	32.000000	0.000000	0.000000	0.000000	1741629021.984866	0.000000
118.000000	-22249.686390	-7280.231390	-28961.758788	-24706.657196	-11164.964576	-18066.222139	-13421.887269	-9042.554682	-22638.159709	-25342.541974	-28089.414905	-6311.573841	-26082.496474	-18998.759270	-28691.906177	-24116.213514	-0.050000	0.990000	0.200000	192.000000	0.000000	0.000000	0.000000	0.000000	0.000000	0.000000	0.000000	0.000000	0.000000	1741629021.985142	0.000000
120.000000	-22260.459931	-7292.167222	-28966.877337	-24711.708690	-11166.216274	-18081.868360	-13431.051484	-9058.044441	-22650.140244	-25344.128948	-28112.124278	-6329.835216	-26118.058100	-19088.456820	-28728.339520	-24126.808241	-0.050000	0.990000	0.200000	192.000000	0.000000	0.000000	0.000000	0.000000	0.000000	0.000000	0.000000	0.000000	0.000000	1741629021.998852	0.000000
122.000000	-22259.677620	-7304.460681	-28974.499282	-24726.416138	-11154.056925	-18083.008299	-13415.472319	-9043.426400	-22656.622250	-25366.234823	-28114.381804	-6343.335669	-26104.557646	-19111.456765	-28708.021785	-24144.577878	-0.050000	0.990000	0.200000	192.000000	0.000000	0.000000	0.000000	0.000000	0.000000	0.000000	0.000000	0.000000	0.000000	1741629022.054986	0.000000
124.000000	-22287.930225	-7324.621955	-28988.871454	-24739.469557	-11186.422251	-18096.374642	-13454.543168	-9065.599330	-22670.927366	-25378.148303	-28131.011502	-6355.763239	-26137.347655	-19095.184695	-28731.535820	-24147.975343	-0.050000	0.990000	0.200000	192.000000	0.000000	0.000000	0.000000	0.000000	0.000000	0.000000	0.000000	0.000000	0.000000	1741629022.055326	0.000000
126.000000	-22272.999260	-7301.599658	-28978.410837	-24728.159574	-11170.172533	-18090.742003	-13432.727865	-9046.019202	-22679.711602	-25390.732335	-28137.672322	-6362.066431	-26131.670312	-19096.972835	-28727.736023	-24161.162872	-0.046000	0.994000	0.196000	192.000000	127.000000	72.000000	15.500000	8.000000	3.000000	16.000000	0.000000	0.000000	0.000000	1741629022.055586	0.000000
128.000000	-22276.664946	-7306.695855	-28967.614945	-24715.128507	-11156.292100	-18065.976270	-13405.257571	-9019.755902	-22666.702886	-25362.323268	-28131.994978	-6339.446466	-26116.538181	-19059.824235	-28724.740890	-24128.126994	-0.046000	0.994000	0.196000	192.000000	0.000000	0.000000	0.000000	0.000000	0.000000	0.000000	0.000000	0.000000	0.000000	1741629022.055863	0.000000
130.000000	-22263.946803	-7306.919373	-28972.197053	-24727.354911	-11166.953882	-18074.961671	-13425.932935	-9050.958938	-22665.518244	-25370.012268	-28120.215609	-6343.290966	-26112.492515	-19072.251805	-28704.400802	-24132.574991	-0.046000	0.994000	0.196000	192.000000	0.000000	0.000000	0.000000	0.000000	0.000000	0.000000	0.000000	0.000000	0.000000	1741629022.056132	0.000000
132.000000	-22269.132408	-7304.840661	-28965.536233	-24714.592065	-11169.032594	-18072.413572	-13418.780377	-9037.324373	-22671.776732	-25372.895643	-28122.808411	-6346.956652	-26125.367120	-19098.515105	-28726.059643	-24138.721721	-0.046000	0.994000	0.196000	192.000000	0.000000	0.000000	0.000000	0.000000	0.000000	0.000000	0.000000	0.000000	0.000000	1741629022.056390	0.000000
134.000000	-22256.347210	-7303.186632	-28969.648954	-24721.543458	-11161.857684	-18073.151180	-13409.638513	-9044.409876	-22661.383171	-25370.436951	-28113.286568	-6343.760353	-26121.522620	-19087.719212	-28710.301663	-24133.826689	-0.046000	0.994000	0.196000	192.000000	0.000000	0.000000	0.000000	0.000000	0.000000	0.000000	0.000000	0.000000	0.000000	1741629022.104109	0.000000
136.000000	-22272.887501	-7315.167167	-28972.331163	-24722.661045	-11169.569036	-18058.555491	-13422.669580	-9052.076525	-22667.596956	-25376.226053	-28124.507144	-6349.840027	-26133.413748	-19085.126410	-28717.677738	-24133.446709	-0.044000	0.996000	0.194000	192.000000	127.000000	80.000000	15.500000	16.000000	3.000000	8.000000	0.000000	0.000000	0.000000	1741629022.104399	0.000000
138.000000	-22258.269460	-7302.426672	-28958.607192	-24713.765051	-11158.057887	-18068.814942	-13418.243935	-9024.539176	-22657.113988	-25373.409733	-28112.325443	-6340.876978	-26100.556684	-19060.092456	-28709.318186	-24124.684826	-0.044000	0.996000	0.194000	192.000000	0.000000	0.000000	0.000000	0.000000	0.000000	0.000000	0.000000	0.000000	0.000000	1741629022.104702	0.000000
140.000000	-22283.973966	-7319.570460	-28966.385599	-24722.482231	-11167.132696	-18079.879055	-13432.459644	-9042.800551	-22673.095485	-25379.891739	-28123.277798	-6350.778800	-26118.415727	-19070.731887	-28704.244340	-24130.406872	-0.044000	0.996000	0.194000	192.000000	0.000000	0.000000	0.000000	0.000000	0.000000	0.000000	0.000000	0.000000	0.000000	1741629022.104952	0.000000
142.000000	-22253.642649	-7319.056370	-28972.867605	-24733.658103	-11168.585559	-18070.312508	-13433.912508	-9051.204807	-22671.352049	-25382.328079	-28119.187429	-6352.656347	-26111.620797	-19099.945617	-28722.550419	-24139.056997	-0.044000	0.996000	0.194000	192.000000	0.000000	0.000000	0.000000	0.000000	0.000000	0.000000	0.000000	0.000000	0.000000	1741629022.105215	0.000000
144.000000	-22280.822370	-7329.114655	-28980.936585	-24735.558001	-11173.525294	-18080.057869	-13425.418845	-9035.200958	-22673.587224	-25393.101620	-28121.802583	-6364.145144	-26137.548821	-19091.362547	-28723.377433	-24146.366018	-0.044000	0.996000	0.194000	192.000000	0.000000	0.000000	0.000000	0.000000	0.000000	0.000000	0.000000	0.000000	0.000000	1741629022.105468	0.000000
146.000000	-22248.680562	-7306.919373	-28968.374904	-24727.690187	-11158.348460	-18069.060811	-13412.030150	-9032.965783	-22670.033296	-25384.607957	-28118.248656	-6359.384222	-26129.256323	-19112.194373	-28724.338558	-24144.019084	-0.036000	0.996000	0.190000	192.000000	127.000000	112.000000	15.500000	16.000000	2.500000	120.000000	0.000000	0.000000	0.000000	1741629022.105722	0.000000
148.000000	-22280.062411	-7327.259460	-28976.242718	-24734.641580	-11169.278463	-18077.286253	-13421.373179	-9045.594519	-22666.993459	-25384.093867	-28115.030004	-6357.774896	-26114.638283	-19076.252768	-28703.305567	-24141.962724	-0.036000	0.996000	0.190000	192.000000	0.000000	0.000000	0.000000	0.000000	0.000000	0.000000	0.000000	0.000000	0.000000	1741629022.144092	0.000000
150.000000	-22264.438541	-7310.316838	-28971.347686	-24728.405443	-11162.595291	-18067.362078	-13422.244897	-9063.766487	-22680.583320	-25386.686669	-28126.965836	-6354.645652	-26140.365140	-19075.828084	-28727.221933	-24152.468044	-0.036000	0.996000	0.190000	192.000000	0.000000	0.000000	0.000000	0.000000	0.000000	0.000000	0.000000	0.000000	0.000000	1741629022.144392	0.000000
152.000000	-22283.705745	-7310.786225	-28968.888994	-24717.520144	-11168.496152	-18070.245453	-13419.026246	-9036.050324	-22676.716468	-25377.567157	-28126.541153	-6347.291928	-26138.912277	-19060.405381	-28707.306529	-24146.366018	-0.036000	0.996000	0.190000	192.000000	0.000000	0.000000	0.000000	0.000000	0.000000	0.000000	0.000000	0.000000	0.000000	1741629022.144667	0.000000
154.000000	-22261.354001	-7298.738634	-28965.335067	-24713.094498	-11165.255149	-18063.696392	-13421.417883	-9038.665478	-22666.993459	-25365.877195	-28122.584894	-6337.859492	-26122.126117	-19082.064221	-28725.791422	-24130.451576	-0.036000	0.996000	0.190000	192.000000	0.000000	0.000000	0.000000	0.000000	0.000000	0.000000	0.000000	0.000000	0.000000	1741629022.144924	0.000000
156.000000	-22262.896271	-7302.337265	-28961.378808	-24704.690242	-11171.938321	-18051.648802	-13431.118540	-9034.798626	-22663.886567	-25370.079323	-28113.599493	-6339.871149	-26122.215524	-19078.532646	-28707.507695	-24133.267895	-0.032000	1.004000	0.192000	192.000000	127.500000	0.000000	15.500000	48.000000	3.000000	0.000000	0.000000	0.000000	0.000000	1741629022.195198	0.000000
158.000000	-22257.375390	-7303.611315	-28964.038666	-24713.027443	-11178.017995	-18064.299889	-13427.698723	-9054.222292	-22659.080942	-25357.495291	-28111.163153	-6334.998469	-26114.928855	-19061.210044	-28728.406576	-24118.493392	-0.032000	1.004000	0.192000	192.000000	0.000000	0.000000	0.000000	0.000000	0.000000	0.000000	0.000000	0.000000	0.000000	1741629022.195549	0.000000
160.000000	-22275.726172	-7313.781358	-28971.817073	-24717.810716	-11182.756565	-18065.529235	-13418.556859	-9039.045458	-22657.873947	-25373.745009	-28109.263254	-6343.000393	-26109.318567	-19068.675526	-28706.323052	-24132.083253	-0.032000	1.004000	0.192000	192.000000	0.000000	0.000000	0.000000	0.000000	0.000000	0.000000	0.000000	0.000000	0.000000	1741629022.195839	0.000000
162.000000	-22270.071181	-7313.781358	-28972.241756	-24721.185830	-11169.122001	-18070.916005	-13416.724016	-9037.972574	-22674.280128	-25380.562291	-28131.436185	-6362.133487	-26137.124138	-19077.884445	-28734.910933	-24126.540020	-0.032000	1.004000	0.192000	192.000000	0.000000	0.000000	0.000000	0.000000	0.000000	0.000000	0.000000	0.000000	0.000000	1741629022.196088	0.000000
164.000000	-22271.009954	-7309.914507	-28977.427361	-24722.839859	-11175.983986	-18079.297910	-13419.517984	-9052.076525	-22654.230613	-25370.369896	-28111.341967	-6349.258882	-26073.265204	-19089.552056	-28706.948901	-24125.087157	-0.032000	1.004000	0.192000	192.000000	0.000000	0.000000	0.000000	0.000000	0.000000	0.000000	0.000000	0.000000	0.000000	1741629022.196351	0.000000
166.000000	-22269.311222	-7296.011722	-28964.038666	-24705.986644	-11159.443695	-18072.905311	-13420.836737	-9035.580937	-22658.097465	-25365.564271	-28113.934769	-6348.789495	-26082.295308	-19070.776590	-28740.051835	-24124.461308	-0.040000	0.996000	0.204000	192.000000	127.000000	96.000000	15.500000	16.000000	3.000000	48.000000	0.000000	0.000000	0.000000	1741629022.196603	0.000000
168.000000	-22274.988565	-7300.571477	-28972.934660	-24709.160591	-11169.501980	-18089.378546	-13428.682200	-9051.987118	-22637.936191	-25351.393265	-28084.698687	-6327.108303	-26063.475140	-19040.244107	-28705.026651	-24111.966683	-0.040000	0.996000	0.204000	192.000000	0.000000	0.000000	0.000000	0.000000	0.000000	0.000000	0.000000	0.000000	0.000000	1741629022.196878	0.000000
170.000000	-22275.122675	-7295.072948	-28967.011448	-24697.828257	-11178.107402	-18090.943169	-13438.673429	-9074.830601	-22652.867157	-25353.583736	-28100.277853	-6338.775914	-26085.938643	-19097.263407	-28741.102367	-24116.325273	-0.040000	0.996000	0.204000	192.000000	0.000000	0.000000	0.000000	0.000000	0.000000	0.000000	0.000000	0.000000	0.000000	1741629022.197140	0.000000
172.000000	-22270.942899	-7300.504422	-28968.978401	-24694.028460	-11176.408670	-18060.231872	-13425.284734	-9024.494472	-22648.262697	-25353.896660	-28090.241920	-6340.876978	-26061.910517	-19069.770762	-28708.245302	-24099.874389	-0.040000	0.996000	0.204000	192.000000	0.000000	0.000000	0.000000	0.000000	0.000000	0.000000	0.000000	0.000000	0.000000	1741629022.247289	0.000000
174.000000	-22272.686335	-7298.112786	-28971.168872	-24690.921568	-11185.349367	-18060.298927	-13423.742464	-9044.588690	-22650.766093	-25352.823776	-28095.628690	-6343.939167	-26061.262317	-19067.222663	-28738.464861	-24088.832627	-0.040000	0.996000	0.204000	192.000000	0.000000	0.000000	0.000000	0.000000	0.000000	0.000000	0.000000	0.000000	0.000000	1741629022.247634	0.000000
176.000000	-22262.516291	-7293.463623	-28971.660611	-24683.970175	-11173.681757	-18038.371866	-13402.709473	-9010.055245	-22638.338523	-25343.190174	-28081.345925	-6329.477588	-26055.674381	-19014.137270	-28721.298721	-24073.074648	-0.040000	0.992000	0.204000	192.000000	127.000000	96.000000	15.500000	0.000000	3.000000	48.000000	0.000000	0.000000	0.000000	1741629022.247884	0.000000
178.000000	-22278.922472	-7291.586076	-28984.691678	-24677.108190	-11184.768222	-18057.236738	-13431.923203	-9028.517786	-22641.803043	-25342.944305	-28088.677298	-6324.224928	-26070.471236	-19067.803808	-28730.708805	-24063.463397	-0.040000	0.992000	0.204000	192.000000	0.000000	0.000000	0.000000	0.000000	0.000000	0.000000	0.000000	0.000000	0.000000	1741629022.248153	0.000000
180.000000	-22251.049847	-7272.341224	-28973.538157	-24676.839969	-11176.632187	-18066.713878	-13440.998011	-9043.538158	-22632.884697	-25336.529355	-28075.467417	-6315.552451	-26056.367285	-19081.460724	-28724.942055	-24074.639270	-0.040000	0.992000	0.204000	192.000000	0.000000	0.000000	0.000000	0.000000	0.000000	0.000000	0.000000	0.000000	0.000000	1741629022.248410	0.000000
182.000000	-22273.267481	-7280.030224	-28981.294212	-24686.674736	-11189.327978	-18068.367907	-13424.569479	-9044.879263	-22635.052816	-25337.892811	-28081.457684	-6327.980021	-26062.044628	-19052.626974	-28730.150012	-24082.797656	-0.040000	0.992000	0.204000	192.000000	0.000000	0.000000	0.000000	0.000000	0.000000	0.000000	0.000000	0.000000	0.000000	1741629022.248676	0.000000
184.000000	-22252.279192	-7279.270265	-28972.822901	-24691.770934	-11165.724536	-18062.064715	-13421.842566	-9041.191225	-22633.488194	-25330.717901	-28074.461588	-6324.068466	-26071.410009	-19063.288756	-28715.040233	-24080.048392	-0.040000	0.992000	0.204000	192.000000	0.000000	0.000000	0.000000	0.000000	0.000000	0.000000	0.000000	0.000000	0.000000	1741629022.248941	0.000000
186.000000	-22281.068239	-7306.517042	-28982.098875	-24705.763126	-11190.579676	-18080.035517	-13436.929993	-9043.560510	-22636.885659	-25344.397169	-28081.815312	-6339.290004	-26059.675343	-19033.538584	-28728.406576	-24086.373936	-0.038000	0.986000	0.210000	192.000000	127.000000	104.000000	15.000000	104.000000	3.000000	72.000000	0.000000	0.000000	0.000000	1741629022.306205	0.000000
188.000000	-22268.595966	-7308.975733	-28976.645050	-24717.207219	-11176.587483	-18086.092840	-13436.371200	-9056.144542	-22651.682514	-25362.055047	-28094.667565	-6355.763239	-26060.748227	-19109.355701	-28735.648541	-24103.048337	-0.038000	0.986000	0.210000	192.000000	0.000000	0.000000	0.000000	0.000000	0.000000	0.000000	0.000000	0.000000	0.000000	1741629022.306565	0.000000
190.000000	-22287.952577	-7318.408170	-28983.439980	-24713.407423	-11189.529144	-18094.094764	-13441.847377	-9068.527409	-22657.203395	-25365.407808	-28096.858036	-6359.473629	-26065.687962	-19102.851343	-28729.904143	-24116.481735	-0.038000	0.986000	0.210000	192.000000	0.000000	0.000000	0.000000	0.000000	0.000000	0.000000	0.000000	0.000000	0.000000	1741629022.306826	0.000000
192.000000	-22272.507521	-7309.221603	-28983.127056	-24710.099365	-11170.485457	-18079.454372	-13426.849357	-9053.194112	-22658.320982	-25370.571061	-28097.685051	-6357.037289	-26083.636413	-19089.149724	-28732.407538	-24116.682901	-0.038000	0.986000	0.210000	192.000000	0.000000	0.000000	0.000000	0.000000	0.000000	0.000000	0.000000	0.000000	0.000000	1741629022.307094	0.000000
194.000000	-22286.499713	-7302.471376	-28982.590614	-24689.647518	-11172.385356	-18071.743020	-13421.842566	-9019.487681	-22652.487177	-25357.584698	-28089.906644	-6345.459085	-26070.784160	-19062.238224	-28713.319148	-24098.622691	-0.038000	0.986000	0.210000	192.000000	0.000000	0.000000	0.000000	0.000000	0.000000	0.000000	0.000000	0.000000	0.000000	1741629022.307353	0.000000
196.000000	-22271.546396	-7301.823175	-28986.725686	-24692.039155	-11175.447545	-18069.463142	-13419.272115	-9037.480836	-22647.614497	-25348.286372	-28087.023269	-6340.072315	-26071.901747	-19081.572483	-28719.845858	-24082.954119	-0.042000	0.988000	0.204000	192.000000	127.000000	88.000000	15.000000	112.000000	3.000000	48.000000	0.000000	0.000000	0.000000	1741629022.307620	0.000000
198.000000	-22295.015728	-7311.926164	-28993.341803	-24691.770934	-11191.138469	-18056.141502	-13427.028170	-9025.768522	-22662.031372	-25361.876233	-28097.662699	-6355.092687	-26056.791968	-19078.912625	-28715.420212	-24089.570235	-0.042000	0.988000	0.204000	192.000000	0.000000	0.000000	0.000000	0.000000	0.000000	0.000000	0.000000	0.000000	0.000000	1741629022.307893	0.000000
200.000000	-22265.399666	-7297.710454	-28981.093047	-24679.857454	-11174.039385	-18043.535119	-13405.436385	-9018.973591	-22660.466750	-25348.889869	-28097.439181	-6346.956652	-26081.401239	-19058.326669	-28727.356044	-24067.710229	-0.042000	0.988000	0.204000	192.000000	0.000000	0.000000	0.000000	0.000000	0.000000	0.000000	0.000000	0.000000	0.000000	1741629022.308133	0.000000
202.000000	-22288.332556	-7304.080701	-28987.552701	-24679.835103	-11185.304664	-18053.615755	-13426.022342	-9034.999792	-22650.900203	-25341.491442	-28082.552920	-6338.328879	-26067.118474	-19010.605694	-28708.155895	-24068.447836	-0.042000	0.988000	0.204000	192.000000	0.000000	0.000000	0.000000	0.000000	0.000000	0.000000	0.000000	0.000000	0.000000	1741629022.367450	0.000000
204.000000	-22268.864187	-7296.883440	-28982.367096	-24685.423039	-11173.614701	-18070.670136	-13435.141854	-9038.374905	-22655.147035	-25348.778111	-28086.196254	-6338.775914	-26076.439151	-19073.503503	-28731.669930	-24081.501255	-0.042000	0.988000	0.204000	192.000000	0.000000	0.000000	0.000000	0.000000	0.000000	0.000000	0.000000	0.000000	0.000000	1741629022.367801	0.000000
206.000000	-22276.732001	-7294.625913	-28984.736381	-24695.123696	-11187.182210	-18070.580729	-13446.228319	-9053.954071	-22637.802081	-25339.368026	-28069.477149	-6320.805111	-26041.592782	-19091.630768	-28713.944997	-24089.167904	-0.038000	0.992000	0.208000	192.000000	127.000000	104.000000	15.500000	0.000000	3.000000	64.000000	0.000000	0.000000	0.000000	1741629022.368059	0.000000
208.000000	-22279.660079	-7296.883440	-28991.821884	-24712.893333	-11185.930513	-18079.744945	-13442.875557	-9048.813170	-22650.184947	-25348.554593	-28088.833760	-6333.053867	-26074.226329	-19042.300468	-28745.371550	-24095.113468	-0.038000	0.992000	0.208000	192.000000	0.000000	0.000000	0.000000	0.000000	0.000000	0.000000	0.000000	0.000000	0.000000	1741629022.368324	0.000000
210.000000	-22282.029364	-7304.795957	-28994.146466	-24709.384109	-11188.411556	-18089.222084	-13443.747275	-9057.999737	-22654.409427	-25355.953021	-28093.572330	-6346.129637	-26075.343916	-19072.564730	-28727.311340	-24109.619750	-0.038000	0.992000	0.208000	192.000000	0.000000	0.000000	0.000000	0.000000	0.000000	0.000000	0.000000	0.000000	0.000000	1741629022.368595	0.000000
212.000000	-22272.909853	-7304.192460	-28980.154274	-24710.948731	-11180.163763	-18077.688584	-13438.338153	-9056.613929	-22659.818549	-25354.075474	-28101.440144	-6356.724364	-26081.356535	-19119.659855	-28753.440530	-24111.765517	-0.038000	0.992000	0.208000	192.000000	0.000000	0.000000	0.000000	0.000000	0.000000	0.000000	0.000000	0.000000	0.000000	1741629022.368848	0.000000
214.000000	-22273.222777	-7312.864937	-28985.541044	-24718.101289	-11182.242475	-18102.655483	-13444.529586	-9056.390411	-22656.130511	-25361.250384	-28091.292452	-6356.657309	-26068.057247	-19072.475323	-28718.907084	-24114.403023	-0.038000	0.992000	0.208000	192.000000	0.000000	0.000000	0.000000	0.000000	0.000000	0.000000	0.000000	0.000000	0.000000	1741629022.369110	0.000000
216.000000	-22271.188768	-7312.462606	-28978.366134	-24714.077975	-11180.923722	-18091.278445	-13431.923203	-9053.238815	-22663.998325	-25363.865538	-28099.652004	-6360.971196	-26069.286593	-19058.304317	-28746.086806	-24111.720814	-0.042000	0.986000	0.206000	192.000000	127.000000	88.000000	15.000000	104.000000	3.000000	56.000000	0.000000	0.000000	0.000000	1741629022.427627	0.000000
218.000000	-22272.976908	-7305.421806	-28980.377791	-24707.864190	-11172.653576	-18086.785744	-13442.316764	-9068.147429	-22655.862290	-25360.780997	-28086.263309	-6353.773934	-26052.634543	-19074.598739	-28721.522238	-24111.027910	-0.042000	0.986000	0.206000	192.000000	0.000000	0.000000	0.000000	0.000000	0.000000	0.000000	0.000000	0.000000	0.000000	1741629022.427953	0.000000
220.000000	-22285.695050	-7314.787187	-28991.933643	-24709.786440	-11180.923722	-18079.677889	-13429.442159	-9066.202827	-22664.043029	-25361.160977	-28099.428487	-6355.092687	-26096.332204	-19097.978663	-28737.928419	-24102.176619	-0.042000	0.986000	0.206000	192.000000	0.000000	0.000000	0.000000	0.000000	0.000000	0.000000	0.000000	0.000000	0.000000	1741629022.428209	0.000000
222.000000	-22274.675640	-7310.607411	-28985.406933	-24709.898199	-11175.939283	-18065.953918	-13428.481034	-9030.350629	-22669.072171	-25366.726561	-28102.110696	-6359.965367	-26075.075695	-19078.845570	-28714.973177	-24112.279607	-0.042000	0.986000	0.206000	192.000000	0.000000	0.000000	0.000000	0.000000	0.000000	0.000000	0.000000	0.000000	0.000000	1741629022.428446	0.000000
224.000000	-22265.332611	-7302.516079	-28983.372925	-24695.123696	-11182.510696	-18063.048191	-13429.911546	-9035.983269	-22670.770904	-25353.293163	-28107.743336	-6356.545550	-26094.588768	-19068.809637	-28729.613570	-24087.312709	-0.042000	0.986000	0.206000	192.000000	0.000000	0.000000	0.000000	0.000000	0.000000	0.000000	0.000000	0.000000	0.000000	1741629022.428720	0.000000
226.000000	-22255.922527	-7303.656018	-28974.007544	-24694.117867	-11174.106440	-18074.224064	-13420.769682	-9033.032838	-22652.934212	-25353.315515	-28093.997013	-6346.844893	-26068.124302	-19070.977756	-28709.809924	-24095.180523	-0.036000	0.992000	0.204000	192.000000	127.000000	112.000000	15.500000	0.000000	3.000000	48.000000	0.000000	0.000000	0.000000	1741629022.428965	0.000000
228.000000	-22276.732001	-7312.440254	-28979.997811	-24695.526027	-11179.046175	-18072.391221	-13422.669580	-9027.556661	-22661.338468	-25354.746026	-28099.227321	-6346.889597	-26081.825922	-19051.397628	-28727.400747	-24093.906473	-0.036000	0.992000	0.204000	192.000000	0.000000	0.000000	0.000000	0.000000	0.000000	0.000000	0.000000	0.000000	0.000000	1741629022.479423	0.000000
230.000000	-22247.719437	-7290.177916	-28969.000753	-24698.498809	-11174.799344	-18069.843122	-13430.649153	-9052.970595	-22654.968221	-25351.817948	-28089.191388	-6335.244338	-26086.519788	-19025.581363	-28719.354119	-24090.464305	-0.036000	0.992000	0.204000	192.000000	0.000000	0.000000	0.000000	0.000000	0.000000	0.000000	0.000000	0.000000	0.000000	1741629022.479712	0.000000
232.000000	-22298.077917	-7311.456777	-28986.412762	-24714.189734	-11190.400862	-18091.211389	-13449.335211	-9047.919100	-22657.426912	-25353.091997	-28098.534417	-6339.625280	-26075.500378	-19107.053471	-28733.033387	-24106.334043	-0.036000	0.992000	0.204000	192.000000	0.000000	0.000000	0.000000	0.000000	0.000000	0.000000	0.000000	0.000000	0.000000	1741629022.479986	0.000000
234.000000	-22259.230585	-7303.007818	-28970.788893	-24715.173211	-11170.776030	-18075.051078	-13423.787168	-9040.319507	-22660.019715	-25359.216375	-28102.289510	-6351.382297	-26080.171893	-19099.967968	-28733.256904	-24111.184372	-0.036000	0.992000	0.204000	192.000000	0.000000	0.000000	0.000000	0.000000	0.000000	0.000000	0.000000	0.000000	0.000000	1741629022.480249	0.000000
236.000000	-22279.525969	-7325.426617	-28981.562433	-24724.225667	-11187.271617	-18088.752698	-13436.840586	-9055.563397	-22665.250023	-25367.866500	-28103.407097	-6361.619396	-26082.876454	-19070.977756	-28732.496945	-24122.628465	-0.042000	0.994000	0.202000	192.000000	127.000000	88.000000	15.500000	8.000000	3.000000	40.000000	0.000000	0.000000	0.000000	1741629022.480501	0.000000
238.000000	-22258.671791	-7315.122463	-28972.018239	-24717.251923	-11174.687585	-18079.476724	-13430.313877	-9050.735420	-22662.500758	-25365.899547	-28104.591740	-6362.580521	-26078.249643	-19063.065238	-28736.229686	-24123.991921	-0.042000	0.994000	0.202000	192.000000	0.000000	0.000000	0.000000	0.000000	0.000000	0.000000	0.000000	0.000000	0.000000	1741629022.480785	0.000000
240.000000	-22277.313146	-7316.083588	-28982.076524	-24711.686338	-11193.865382	-18070.983061	-13432.124368	-9058.714993	-22659.796197	-25355.170710	-28105.508161	-6357.260806	-26075.902709	-19093.932997	-28730.686454	-24114.626540	-0.042000	0.994000	0.202000	192.000000	0.000000	0.000000	0.000000	0.000000	0.000000	0.000000	0.000000	0.000000	0.000000	1741629022.481042	0.000000
242.000000	-22254.760236	-7306.628800	-28969.783064	-24710.099365	-11170.373699	-18074.805209	-13427.430502	-9043.962842	-22659.952660	-25356.556518	-28106.804562	-6352.768106	-26077.355573	-19065.568634	-28737.034349	-24112.369014	-0.042000	0.994000	0.202000	192.000000	0.000000	0.000000	0.000000	0.000000	0.000000	0.000000	0.000000	0.000000	0.000000	1741629022.481289	0.000000
244.000000	-22275.614414	-7311.389722	-28976.108608	-24715.419080	-11181.102536	-18087.478648	-13440.416865	-9052.747077	-22654.185910	-25362.435026	-28101.350737	-6354.668004	-26063.318677	-19077.727983	-28718.080070	-24111.318482	-0.042000	0.994000	0.202000	192.000000	0.000000	0.000000	0.000000	0.000000	0.000000	0.000000	0.000000	0.000000	0.000000	1741629022.534301	0.000000
246.000000	-22261.801036	-7301.353789	-28975.102779	-24712.066318	-11168.093821	-18074.425229	-13429.196290	-9054.557568	-22654.588241	-25356.333000	-28105.038775	-6354.377431	-26078.249643	-19080.074916	-28737.481384	-24109.753860	-0.044000	0.996000	0.202000	192.000000	127.000000	80.000000	15.500000	16.000000	3.000000	40.000000	0.000000	0.000000	0.000000	1741629022.534617	0.000000
248.000000	-22282.476399	-7313.379027	-28977.270898	-24712.379242	-11184.410594	-18060.902424	-13439.746313	-9051.741249	-22662.009020	-25362.546785	-28109.531475	-6354.891521	-26105.809344	-19065.389820	-28717.253055	-24109.329177	-0.044000	0.996000	0.202000	192.000000	0.000000	0.000000	0.000000	0.000000	0.000000	0.000000	0.000000	0.000000	0.000000	1741629022.534876	0.000000
250.000000	-22257.062466	-7308.841623	-28964.038666	-24707.618321	-11174.084088	-18044.429188	-13420.479109	-9030.372981	-22656.711657	-25360.646887	-28106.916321	-6352.969271	-26068.616041	-19036.265497	-28738.330750	-24102.757764	-0.044000	0.996000	0.202000	192.000000	0.000000	0.000000	0.000000	0.000000	0.000000	0.000000	0.000000	0.000000	0.000000	1741629022.535136	0.000000
252.000000	-22277.760181	-7318.430521	-28980.243681	-24708.981777	-11186.399899	-18077.576825	-13415.807595	-9050.042516	-22657.896299	-25358.456416	-28101.350737	-6350.577635	-26072.438189	-19081.259558	-28718.281235	-24103.271854	-0.044000	0.996000	0.202000	192.000000	0.000000	0.000000	0.000000	0.000000	0.000000	0.000000	0.000000	0.000000	0.000000	1741629022.535393	0.000000
254.000000	-22267.925414	-7315.413036	-28979.282555	-24715.396728	-11178.554437	-18068.993755	-13433.778397	-9049.751943	-22665.048857	-25360.155149	-28111.632539	-6355.137391	-26108.268035	-19090.736698	-28745.282143	-24111.296131	-0.044000	0.996000	0.202000	192.000000	0.000000	0.000000	0.000000	0.000000	0.000000	0.000000	0.000000	0.000000	0.000000	1741629022.535652	0.000000
0.000000	-22272.753390	-7319.346943	-28975.393352	-24715.150859	-11172.005376	-18069.753715	-13425.687066	-9041.615908	-22656.577546	-25367.374762	-28100.680184	-6358.713670	-26075.612137	-19071.961233	-28717.320110	-24113.263084	-0.044000	1.002000	0.202000	192.000000	127.000000	80.000000	15.500000	40.000000	3.000000	40.000000	0.000000	0.000000	0.000000	1741629022.535911	0.000000
2.000000	-22264.997335	-7310.361542	-28973.761675	-24716.156687	-11167.982062	-18075.520465	-13424.524775	-9046.354478	-22661.316116	-25360.356314	-28108.346833	-6356.813771	-26083.524654	-19068.474361	-28738.442509	-24108.412756	-0.044000	1.002000	0.202000	192.000000	0.000000	0.000000	0.000000	0.000000	0.000000	0.000000	0.000000	0.000000	0.000000	1741629022.596012	0.000000
4.000000	-22271.255824	-7310.920335	-28971.437093	-24710.568751	-11175.425193	-18073.978194	-13426.178804	-9029.054228	-22660.802026	-25367.531224	-28100.657833	-6359.853609	-26080.082486	-19057.097323	-28716.962483	-24119.946256	-0.044000	1.002000	0.202000	192.000000	0.000000	0.000000	0.000000	0.000000	0.000000	0.000000	0.000000	0.000000	0.000000	1741629022.596327	0.000000
6.000000	-22260.974021	-7312.619068	-28964.061018	-24708.914722	-11162.125905	-18076.772163	-13417.796900	-9029.836539	-22657.046933	-25361.406846	-28100.054336	-6355.606777	-26097.516846	-19077.035079	-28733.078090	-24105.909360	-0.044000	1.002000	0.202000	192.000000	0.000000	0.000000	0.000000	0.000000	0.000000	0.000000	0.000000	0.000000	0.000000	1741629022.596586	0.000000
8.000000	-22266.718419	-7322.632649	-28970.990058	-24711.909856	-11169.166704	-18066.713878	-13413.974752	-9037.234966	-22655.772883	-25371.442779	-28094.846379	-6354.913873	-26075.679192	-19085.148762	-28700.712764	-24110.379709	-0.044000	1.002000	0.202000	192.000000	0.000000	0.000000	0.000000	0.000000	0.000000	0.000000	0.000000	0.000000	0.000000	1741629022.596828	0.000000
10.000000	-22276.642594	-7325.180748	-28973.091122	-24709.831144	-11177.056870	-18070.379564	-13422.602525	-9048.746115	-22673.609575	-25371.889814	-28116.773440	-6365.776821	-26121.053233	-19085.573445	-28734.195678	-24110.826744	-0.044000	1.002000	0.196000	192.000000	127.000000	80.000000	15.500000	40.000000	3.000000	16.000000	0.000000	0.000000	0.000000	1741629022.597074	0.000000
12.000000	-22264.863225	-7318.765797	-28972.085294	-24717.587199	-11175.805172	-18083.164761	-13432.191423	-9066.359289	-22661.249061	-25361.719771	-28100.523722	-6353.393954	-26072.773465	-19061.120637	-28711.352195	-24111.609055	-0.044000	1.002000	0.196000	192.000000	0.000000	0.000000	0.000000	0.000000	0.000000	0.000000	0.000000	0.000000	0.000000	1741629022.597366	0.000000
14.000000	-22266.830178	-7311.188556	-28963.368113	-24705.785478	-11176.699242	-18056.119151	-13428.995124	-9039.380734	-22672.670802	-25370.951041	-28112.928940	-6360.479457	-26091.660689	-19081.326614	-28734.709768	-24120.527401	-0.044000	1.002000	0.196000	192.000000	0.000000	0.000000	0.000000	0.000000	0.000000	0.000000	0.000000	0.000000	0.000000	1741629022.597612	0.000000
16.000000	-22264.170321	-7318.743446	-28968.777236	-24716.670777	-11172.564169	-18065.126904	-13418.087473	-9048.746115	-22659.595032	-25366.525396	-28098.646176	-6349.035364	-26078.137884	-19070.731887	-28713.810887	-24108.368052	-0.044000	1.002000	0.196000	192.000000	0.000000	0.000000	0.000000	0.000000	0.000000	0.000000	0.000000	0.000000	0.000000	1741629022.597859	0.000000
18.000000	-22283.303414	-7329.069952	-28977.427361	-24716.916647	-11172.184190	-18088.193904	-13427.922240	-9042.174702	-22671.821436	-25374.952003	-28117.175772	-6360.591216	-26126.127079	-19061.657078	-28730.887619	-24115.498259	-0.044000	1.002000	0.196000	192.000000	0.000000	0.000000	0.000000	0.000000	0.000000	0.000000	0.000000	0.000000	0.000000	1741629022.654733	0.000000
20.000000	-22256.883652	-7314.608373	-28970.632430	-24716.894295	-11171.781858	-18080.817828	-13426.447025	-9061.598368	-22660.712619	-25369.654640	-28104.658795	-6356.456143	-26097.852123	-19116.329445	-28718.102422	-24122.159078	-0.046000	0.990000	0.204000	192.000000	127.000000	72.000000	15.000000	120.000000	3.000000	48.000000	0.000000	0.000000	0.000000	1741629022.655037	0.000000
22.000000	-22290.858303	-7324.689010	-28978.701410	-24721.342292	-11178.085050	-18072.279462	-13430.358580	-9034.172777	-22672.335526	-25377.723620	-28119.992092	-6367.877885	-26091.727745	-19089.216779	-28731.044082	-24122.807279	-0.046000	0.990000	0.204000	192.000000	0.000000	0.000000	0.000000	0.000000	0.000000	0.000000	0.000000	0.000000	0.000000	1741629022.655315	0.000000
24.000000	-22264.036210	-7310.160376	-28965.960916	-24712.021615	-11159.041364	-18064.925738	-13416.321685	-9034.776275	-22661.182006	-25368.738218	-28106.692804	-6350.979966	-26091.079544	-19078.733811	-28716.224875	-24116.593494	-0.046000	0.990000	0.204000	192.000000	0.000000	0.000000	0.000000	0.000000	0.000000	0.000000	0.000000	0.000000	0.000000	1741629022.655574	0.000000
26.000000	-22279.123638	-7318.966963	-28974.499282	-24708.981777	-11178.397975	-18065.551587	-13439.254575	-9031.088237	-22665.048857	-25364.089056	-28112.660719	-6352.656347	-26123.869553	-19044.401532	-28719.756451	-24110.938503	-0.046000	0.990000	0.204000	192.000000	0.000000	0.000000	0.000000	0.000000	0.000000	0.000000	0.000000	0.000000	0.000000	1741629022.655842	0.000000
28.000000	-22250.334591	-7312.484957	-28960.797663	-24708.959426	-11168.272635	-18066.959747	-13427.855185	-9046.756810	-22658.253927	-25367.754742	-28102.669490	-6347.135466	-26081.401239	-19107.187582	-28715.867247	-24111.094965	-0.046000	0.990000	0.204000	192.000000	0.000000	0.000000	0.000000	0.000000	0.000000	0.000000	0.000000	0.000000	0.000000	1741629022.656098	0.000000
30.000000	-22279.101286	-7321.291545	-28965.826805	-24709.562923	-11176.922760	-18074.872264	-13425.217679	-9045.303946	-22660.019715	-25373.119160	-28110.380842	-6352.812809	-26096.399259	-19072.654137	-28715.956654	-24118.694558	-0.042000	0.996000	0.192000	192.000000	127.000000	88.000000	15.500000	16.000000	3.000000	0.000000	0.000000	0.000000	0.000000	1741629022.656347	0.000000
32.000000	-22257.934184	-7312.663771	-28964.083369	-24716.246094	-11168.451448	-18068.658479	-13414.846470	-9033.032838	-22658.119817	-25374.706134	-28110.358490	-6355.293853	-26094.678175	-19057.991392	-28714.280273	-24115.006520	-0.042000	0.996000	0.192000	192.000000	0.000000	0.000000	0.000000	0.000000	0.000000	0.000000	0.000000	0.000000	0.000000	1741629022.714092	0.000000
34.000000	-22273.960385	-7314.518966	-28967.324372	-24709.317053	-11173.972329	-18070.200750	-13426.491729	-9036.743228	-22655.325848	-25368.425294	-28106.044603	-6347.291928	-26097.762716	-19096.458745	-28709.720517	-24114.492430	-0.042000	0.996000	0.192000	192.000000	0.000000	0.000000	0.000000	0.000000	0.000000	0.000000	0.000000	0.000000	0.000000	1741629022.714410	0.000000
36.000000	-22251.563937	-7296.615219	-28961.199994	-24708.601798	-11173.905274	-18078.157971	-13427.005819	-9050.936586	-22653.716523	-25368.380590	-28106.737507	-6344.833236	-26111.665501	-19052.045828	-28728.518334	-24118.426337	-0.042000	0.996000	0.192000	192.000000	0.000000	0.000000	0.000000	0.000000	0.000000	0.000000	0.000000	0.000000	0.000000	1741629022.714671	0.000000
38.000000	-22274.630937	-7303.901887	-28962.116416	-24706.254864	-11174.307606	-18067.160912	-13431.230298	-9046.220368	-22651.682514	-25367.866500	-28101.373089	-6338.105361	-26088.419686	-19105.801774	-28709.497000	-24120.505049	-0.042000	0.996000	0.192000	192.000000	0.000000	0.000000	0.000000	0.000000	0.000000	0.000000	0.000000	0.000000	0.000000	1741629022.714918	0.000000
40.000000	-22249.082893	-7291.384911	-28951.588744	-24702.432716	-11161.678870	-18064.232834	-13407.984484	-9040.073638	-22653.515357	-25362.345619	-28109.196199	-6343.782704	-26130.016283	-19062.685259	-28721.589294	-24115.162982	-0.046000	1.002000	0.200000	192.000000	127.000000	72.000000	15.500000	40.000000	3.000000	32.000000	0.000000	0.000000	0.000000	1741629022.715190	0.000000
42.000000	-22266.986640	-7309.534527	-28957.288439	-24708.735908	-11158.482570	-18065.149255	-13424.681237	-9038.374905	-22644.261735	-25355.349523	-28097.796809	-6338.127713	-26070.650050	-19041.585212	-28698.656404	-24115.274741	-0.046000	1.002000	0.200000	192.000000	0.000000	0.000000	0.000000	0.000000	0.000000	0.000000	0.000000	0.000000	0.000000	1741629022.715460	0.000000
44.000000	-22262.270422	-7320.419827	-28965.089198	-24721.766975	-11169.189056	-18082.404802	-13427.966944	-9053.216464	-22665.495892	-25378.349469	-28116.929903	-6357.931359	-26122.439041	-19115.167155	-28723.936227	-24122.673169	-0.046000	1.002000	0.200000	192.000000	0.000000	0.000000	0.000000	0.000000	0.000000	0.000000	0.000000	0.000000	0.000000	1741629022.715721	0.000000
46.000000	-22268.908890	-7313.736655	-28958.987172	-24709.115888	-11160.382469	-18063.808151	-13415.807595	-9044.700449	-22658.432741	-25374.482617	-28104.904664	-6352.388126	-26094.477009	-19079.739640	-28702.098573	-24124.058977	-0.046000	1.002000	0.200000	192.000000	0.000000	0.000000	0.000000	0.000000	0.000000	0.000000	0.000000	0.000000	0.000000	1741629022.715971	0.000000
48.000000	-22255.877823	-7314.407207	-28956.774349	-24706.903065	-11166.462143	-18062.578805	-13405.726958	-9029.233042	-22662.344296	-25369.028791	-28114.202990	-6353.170437	-26113.699509	-19063.847549	-28720.002320	-24109.530343	-0.046000	1.002000	0.200000	192.000000	0.000000	0.000000	0.000000	0.000000	0.000000	0.000000	0.000000	0.000000	0.000000	1741629022.775758	0.000000
50.000000	-22259.163530	-7307.075835	-28956.886108	-24707.439507	-11173.145315	-18056.432075	-13413.058330	-9042.577033	-22656.845767	-25369.855806	-28107.408060	-6348.700088	-26087.615024	-19038.143043	-28699.170494	-24112.056090	-0.036000	0.996000	0.198000	192.000000	127.000000	112.000000	15.500000	16.000000	3.000000	24.000000	0.000000	0.000000	0.000000	1741629022.776042	0.000000
52.000000	-22261.644573	-7308.931030	-28963.278706	-24714.010920	-11170.574864	-18077.398011	-13416.656961	-9055.161065	-22659.371514	-25362.211509	-28117.801621	-6349.661213	-26115.577056	-19119.436338	-28731.759337	-24112.279607	-0.036000	0.996000	0.198000	192.000000	0.000000	0.000000	0.000000	0.000000	0.000000	0.000000	0.000000	0.000000	0.000000	1741629022.776303	0.000000
54.000000	-22258.157701	-7308.215774	-28957.020218	-24711.574580	-11156.828541	-18066.289194	-13412.946571	-9016.514899	-22657.158692	-25368.604108	-28109.643234	-6351.114077	-26098.768544	-19075.515160	-28700.176322	-24118.091061	-0.036000	0.996000	0.198000	192.000000	0.000000	0.000000	0.000000	0.000000	0.000000	0.000000	0.000000	0.000000	0.000000	1741629022.776557	0.000000
56.000000	-22265.757294	-7318.452873	-28963.055189	-24719.956484	-11163.332899	-18077.532122	-13420.188537	-9042.174702	-22660.310288	-25370.369896	-28117.399289	-6356.657309	-26117.052271	-19079.337308	-28725.880829	-24116.772308	-0.036000	0.996000	0.198000	192.000000	0.000000	0.000000	0.000000	0.000000	0.000000	0.000000	0.000000	0.000000	0.000000	1741629022.776817	0.000000
58.000000	-22259.699972	-7320.308068	-28963.055189	-24722.683397	-11163.489361	-18079.543779	-13420.769682	-9055.853970	-22658.499796	-25383.177445	-28110.850228	-6358.288986	-26107.441021	-19079.627881	-28702.120924	-24130.362169	-0.036000	0.996000	0.198000	192.000000	0.000000	0.000000	0.000000	0.000000	0.000000	0.000000	0.000000	0.000000	0.000000	1741629022.777080	0.000000
60.000000	-22263.477416	-7317.000010	-28957.310791	-24719.554152	-11164.964576	-18078.023860	-13421.753159	-9047.606176	-22665.048857	-25377.298937	-28119.165077	-6360.211237	-26127.691701	-19051.285869	-28731.178192	-24134.407834	-0.034000	0.998000	0.194000	192.000000	127.000000	120.000000	15.500000	24.000000	3.000000	8.000000	0.000000	0.000000	0.000000	1741629022.777333	0.000000
62.000000	-22255.341381	-7311.859108	-28954.494471	-24719.285932	-11159.600158	-18087.232779	-13401.457775	-9042.286461	-22652.286011	-25375.086114	-28105.686975	-6353.036327	-26111.285521	-19109.601570	-28707.932378	-24137.335913	-0.034000	0.998000	0.194000	192.000000	0.000000	0.000000	0.000000	0.000000	0.000000	0.000000	0.000000	0.000000	0.000000	1741629022.835588	0.000000
64.000000	-22261.398704	-7309.109844	-28954.539174	-24716.581370	-11170.105478	-18064.702221	-13414.131214	-9046.175664	-22659.773846	-25370.548710	-28117.689862	-6353.706879	-26106.792820	-19090.155553	-28724.338558	-24128.506974	-0.034000	0.998000	0.194000	192.000000	0.000000	0.000000	0.000000	0.000000	0.000000	0.000000	0.000000	0.000000	0.000000	1741629022.836000	0.000000
66.000000	-22257.107169	-7305.265344	-28955.008561	-24718.727138	-11158.147294	-18079.476724	-13415.025284	-9073.310682	-22651.704866	-25368.112370	-28109.397365	-6344.028574	-26092.398297	-19103.946579	-28712.492134	-24126.249448	-0.034000	0.998000	0.194000	192.000000	0.000000	0.000000	0.000000	0.000000	0.000000	0.000000	0.000000	0.000000	0.000000	1741629022.836342	0.000000
68.000000	-22274.273309	-7320.531585	-28962.138767	-24718.883600	-11168.160876	-18056.029744	-13422.669580	-9034.329240	-22671.307346	-25376.538977	-28123.255446	-6356.210274	-26137.951152	-19070.396611	-28731.513468	-24127.858773	-0.034000	0.998000	0.194000	192.000000	0.000000	0.000000	0.000000	0.000000	0.000000	0.000000	0.000000	0.000000	0.000000	1741629022.836611	0.000000
70.000000	-22250.088722	-7301.845527	-28949.286514	-24701.449239	-11151.195902	-18042.551642	-13405.324627	-9019.331219	-22653.560061	-25367.620631	-28105.619920	-6344.207387	-26110.100878	-19055.130369	-28703.484381	-24104.389442	-0.034000	0.996000	0.198000	192.000000	127.000000	120.000000	15.500000	16.000000	3.000000	24.000000	0.000000	0.000000	0.000000	1741629022.836876	0.000000
72.000000	-22269.087704	-7311.300315	-28958.249564	-24702.745641	-11165.880998	-18060.053058	-13418.065121	-9037.033801	-22658.924479	-25366.368933	-28112.638368	-6348.297757	-26115.554704	-19084.701727	-28719.823506	-24114.604189	-0.034000	0.996000	0.198000	192.000000	0.000000	0.000000	0.000000	0.000000	0.000000	0.000000	0.000000	0.000000	0.000000	1741629022.837139	0.000000
74.000000	-22230.843870	-7288.121556	-28941.485756	-24691.681527	-11151.084143	-18048.385447	-13399.267304	-9029.970649	-22644.015866	-25353.449625	-28093.840551	-6335.356097	-26094.186436	-19080.566654	-28712.290968	-24115.006520	-0.034000	0.996000	0.198000	192.000000	0.000000	0.000000	0.000000	0.000000	0.000000	0.000000	0.000000	0.000000	0.000000	1741629022.837382	0.000000
76.000000	-22255.408437	-7293.083643	-28950.359398	-24700.979853	-11166.596254	-18052.587575	-13421.104958	-9031.043533	-22638.405578	-25345.693570	-28091.828894	-6328.181187	-26104.132963	-19055.152721	-28708.021785	-24108.569218	-0.034000	0.996000	0.198000	192.000000	0.000000	0.000000	0.000000	0.000000	0.000000	0.000000	0.000000	0.000000	0.000000	1741629022.837654	0.000000
78.000000	-22242.466777	-7293.307161	-28949.308866	-24718.257751	-11161.634166	-18070.446619	-13414.287676	-9050.154275	-22647.122758	-25363.083227	-28103.675318	-6345.973175	-26117.365195	-19061.947651	-28714.861419	-24125.780061	-0.034000	0.996000	0.198000	192.000000	0.000000	0.000000	0.000000	0.000000	0.000000	0.000000	0.000000	0.000000	0.000000	1741629022.897182	0.000000
80.000000	-22260.147007	-7311.657943	-28956.416721	-24722.415176	-11167.445620	-18086.539875	-13425.575307	-9071.030804	-22637.757377	-25357.562346	-28094.019365	-6341.748696	-26112.313701	-19084.366451	-28711.575712	-24129.401044	-0.040000	0.992000	0.200000	192.000000	127.000000	96.000000	15.500000	0.000000	3.000000	32.000000	0.000000	0.000000	0.000000	1741629022.897486	0.000000
82.000000	-22245.551317	-7305.354751	-28951.029951	-24724.002150	-11161.857684	-18081.421325	-13419.316819	-9050.020164	-22656.152863	-25386.194931	-28108.480943	-6358.892484	-26116.068794	-19106.874657	-28729.725329	-24150.366980	-0.040000	0.992000	0.200000	192.000000	0.000000	0.000000	0.000000	0.000000	0.000000	0.000000	0.000000	0.000000	0.000000	1741629022.897754	0.000000
84.000000	-22269.199463	-7315.524795	-28954.449767	-24714.279141	-11166.663309	-18087.121020	-13426.692894	-9053.328222	-22650.542575	-25374.460265	-28101.551902	-6346.375507	-26112.201942	-19104.684187	-28715.643730	-24140.643971	-0.040000	0.992000	0.200000	192.000000	0.000000	0.000000	0.000000	0.000000	0.000000	0.000000	0.000000	0.000000	0.000000	1741629022.898016	0.000000
86.000000	-22248.479396	-7302.493728	-28955.500299	-24716.424908	-11160.628338	-18082.650671	-13430.023304	-9053.887016	-22657.918651	-25375.421390	-28114.650025	-6348.543626	-26115.912332	-19100.549114	-28729.658273	-24142.432111	-0.040000	0.992000	0.200000	192.000000	0.000000	0.000000	0.000000	0.000000	0.000000	0.000000	0.000000	0.000000	0.000000	1741629022.898274	0.000000
88.000000	-22268.372448	-7316.530623	-28970.319506	-24722.459879	-11173.257074	-18079.812000	-13434.516005	-9057.664461	-22653.269488	-25375.063762	-28112.437202	-6350.599986	-26113.163067	-19074.777552	-28714.839067	-24141.582744	-0.040000	0.992000	0.200000	192.000000	0.000000	0.000000	0.000000	0.000000	0.000000	0.000000	0.000000	0.000000	0.000000	1741629022.898533	0.000000
90.000000	-22240.253954	-7298.358655	-28955.567355	-24715.843763	-11155.375678	-18065.909215	-13410.934914	-9044.298118	-22654.677648	-25363.999649	-28112.258388	-6348.588329	-26136.297123	-19079.829047	-28740.118890	-24139.593439	-0.040000	0.988000	0.194000	192.000000	127.000000	96.000000	15.000000	112.000000	3.000000	8.000000	0.000000	0.000000	0.000000	1741629022.898806	0.000000
92.000000	-22270.026478	-7317.357638	-28971.459445	-24728.561905	-11166.797419	-18081.488381	-13413.974752	-9054.825789	-22650.810796	-25374.013230	-28096.880388	-6342.486303	-26115.398242	-19050.123578	-28701.606834	-24132.887916	-0.040000	0.988000	0.194000	192.000000	0.000000	0.000000	0.000000	0.000000	0.000000	0.000000	0.000000	0.000000	0.000000	1741629022.954792	0.000000
94.000000	-22255.453140	-7309.243954	-28961.289401	-24728.025464	-11157.208521	-18085.265825	-13422.624877	-9057.820923	-22664.624174	-25379.176483	-28113.599493	-6358.937187	-26157.061894	-19114.787175	-28738.867192	-24143.862622	-0.040000	0.988000	0.194000	192.000000	0.000000	0.000000	0.000000	0.000000	0.000000	0.000000	0.000000	0.000000	0.000000	1741629022.955096	0.000000
96.000000	-22250.289887	-7302.516079	-28951.253468	-24721.454051	-11164.428134	-18083.187113	-13417.528679	-9058.156199	-22650.654334	-25373.297974	-28097.059202	-6344.609719	-26114.526524	-19090.736698	-28703.327918	-24147.394198	-0.040000	0.988000	0.194000	192.000000	0.000000	0.000000	0.000000	0.000000	0.000000	0.000000	0.000000	0.000000	0.000000	1741629022.955357	0.000000
98.000000	-22240.164547	-7298.001027	-28946.112567	-24719.487097	-11172.675928	-18087.635110	-13424.502423	-9070.717880	-22649.939078	-25369.676992	-28105.374051	-6343.425076	-26128.496364	-19110.763861	-28735.849707	-24144.734340	-0.040000	0.988000	0.194000	192.000000	0.000000	0.000000	0.000000	0.000000	0.000000	0.000000	0.000000	0.000000	0.000000	1741629022.955632	0.000000
100.000000	-22252.033323	-7294.760024	-28955.746169	-24722.973969	-11185.863457	-18085.936378	-13436.706476	-9058.558531	-22640.774863	-25368.648811	-28088.967870	-6333.545605	-26106.345785	-19065.859206	-28717.454221	-24153.697390	-0.036000	1.002000	0.190000	192.000000	127.000000	112.000000	15.500000	40.000000	2.500000	120.000000	0.000000	0.000000	0.000000	1741629022.955876	0.000000
102.000000	-22246.668905	-7291.831945	-28955.813224	-24716.916647	-11168.205579	-18066.669174	-13414.578249	-9043.694621	-22653.135378	-25364.111407	-28111.096097	-6342.083972	-26164.281507	-19080.767820	-28755.183966	-24147.170680	-0.036000	1.002000	0.190000	192.000000	0.000000	0.000000	0.000000	0.000000	0.000000	0.000000	0.000000	0.000000	0.000000	1741629022.956155	0.000000
104.000000	-22245.797187	-7298.492765	-28948.571259	-24716.380205	-11176.520428	-18084.975253	-13414.622952	-9060.614891	-22637.802081	-25359.708114	-28099.450839	-6337.948899	-26112.581922	-19091.094326	-28719.823506	-24141.649800	-0.036000	1.002000	0.190000	192.000000	0.000000	0.000000	0.000000	0.000000	0.000000	0.000000	0.000000	0.000000	0.000000	1741629022.956406	0.000000
106.000000	-22253.061504	-7307.053483	-28954.919154	-24721.029368	-11170.373699	-18072.950014	-13424.591830	-9040.923004	-22657.069285	-25370.727524	-28120.215609	-6354.131562	-26124.093071	-19093.664777	-28745.192736	-24142.141538	-0.036000	1.002000	0.190000	192.000000	0.000000	0.000000	0.000000	0.000000	0.000000	0.000000	0.000000	0.000000	0.000000	1741629022.956666	0.000000
108.000000	-22246.512442	-7297.174012	-28946.760767	-24712.803926	-11171.044251	-18069.977232	-13421.484938	-9059.743173	-22639.791386	-25367.017134	-28100.769591	-6343.335669	-26111.464335	-19042.725151	-28713.117983	-24131.770328	-0.036000	1.002000	0.190000	192.000000	0.000000	0.000000	0.000000	0.000000	0.000000	0.000000	0.000000	0.000000	0.000000	1741629022.992546	0.000000
110.000000	-22250.535756	-7300.996161	-28943.072729	-24714.413251	-11178.420327	-18076.056907	-13431.498519	-9052.277690	-22652.710694	-25372.493311	-28115.924074	-6355.852646	-26160.459359	-19098.448050	-28746.533840	-24149.092930	-0.038000	1.000000	0.192000	192.000000	127.000000	104.000000	15.500000	32.000000	3.000000	0.000000	0.000000	0.000000	0.000000	1741629022.992845	0.000000
112.000000	-22231.335608	-7295.698797	-28931.829802	-24701.739812	-11167.020937	-18073.888787	-13391.444193	-9026.126149	-22632.460014	-25358.791692	-28091.739487	-6338.597100	-26103.171838	-19095.899951	-28709.899331	-24128.931657	-0.038000	1.000000	0.192000	192.000000	0.000000	0.000000	0.000000	0.000000	0.000000	0.000000	0.000000	0.000000	0.000000	1741629022.993141	0.000000
114.000000	-22244.567841	-7297.553992	-28935.830764	-24705.606664	-11162.260015	-18061.796494	-13407.001007	-9034.061019	-22642.428892	-25366.994782	-28104.010594	-6345.302623	-26131.446794	-19084.232340	-28720.404651	-24132.485584	-0.038000	1.000000	0.192000	192.000000	0.000000	0.000000	0.000000	0.000000	0.000000	0.000000	0.000000	0.000000	0.000000	1741629023.045048	0.000000
116.000000	-22239.896326	-7294.156527	-28939.451747	-24713.407423	-11167.289158	-18065.864511	-13403.961170	-9032.988135	-22639.210241	-25368.425294	-28098.355603	-6347.157818	-26109.877361	-19050.414151	-28706.658328	-24132.373826	-0.038000	1.000000	0.192000	192.000000	0.000000	0.000000	0.000000	0.000000	0.000000	0.000000	0.000000	0.000000	0.000000	1741629023.045354	0.000000
118.000000	-22250.111073	-7303.208983	-28940.904610	-24711.731042	-11163.779934	-18062.847026	-13413.728883	-9051.338917	-22638.494985	-25364.983125	-28107.251597	-6346.151989	-26112.268998	-19085.931073	-28723.668006	-24127.948180	-0.038000	1.000000	0.192000	192.000000	0.000000	0.000000	0.000000	0.000000	0.000000	0.000000	0.000000	0.000000	0.000000	1741629023.045615	0.000000
120.000000	-22255.430788	-7305.555916	-28949.867660	-24722.504583	-11181.907199	-18070.200750	-13411.024321	-9052.255339	-22637.980895	-25365.206643	-28106.759859	-6342.598062	-26091.884207	-19081.594835	-28718.281235	-24125.914171	-0.050000	0.996000	0.192000	192.000000	127.000000	56.000000	15.500000	16.000000	3.000000	0.000000	0.000000	0.000000	0.000000	1741629023.045887	0.000000
122.000000	-22270.071181	-7299.342132	-28940.546982	-24705.092574	-11182.018957	-18064.031668	-13411.940743	-9041.682964	-22642.451244	-25362.591489	-28116.035833	-6344.296794	-26083.390544	-19100.504410	-28738.464861	-24124.036625	-0.050000	0.996000	0.192000	192.000000	0.000000	0.000000	0.000000	0.000000	0.000000	0.000000	0.000000	0.000000	0.000000	1741629023.046152	0.000000
124.000000	-22250.446349	-7293.217754	-28937.708311	-24702.008033	-11170.172533	-18064.545758	-13403.827060	-9036.229138	-22629.844860	-25345.581811	-28098.288548	-6329.768161	-26072.795817	-19067.915567	-28721.812811	-24109.910322	-0.050000	0.996000	0.192000	192.000000	0.000000	0.000000	0.000000	0.000000	0.000000	0.000000	0.000000	0.000000	0.000000	1741629023.046409	0.000000
126.000000	-22283.504579	-7320.218661	-28957.288439	-24713.295664	-11187.003396	-18072.301814	-13425.731769	-9043.895786	-22638.830261	-25361.898585	-28105.575216	-6343.805056	-26094.991099	-19072.721192	-28726.506677	-24111.296131	-0.050000	0.996000	0.192000	192.000000	0.000000	0.000000	0.000000	0.000000	0.000000	0.000000	0.000000	0.000000	0.000000	1741629023.046676	0.000000
128.000000	-22248.769969	-7285.573457	-28942.804509	-24699.057603	-11161.030669	-18077.286253	-13416.433444	-9054.065830	-22635.768072	-25361.540957	-28102.691841	-6345.660251	-26058.423645	-19075.246939	-28728.786555	-24112.436070	-0.050000	0.996000	0.192000	192.000000	0.000000	0.000000	0.000000	0.000000	0.000000	0.000000	0.000000	0.000000	0.000000	1741629023.046923	0.000000
130.000000	-22279.816542	-7304.281867	-28959.456558	-24709.607626	-11177.280388	-18084.036479	-13431.498519	-9069.108554	-22626.335636	-25343.525451	-28091.828894	-6338.395934	-26034.842555	-19074.263462	-28720.404651	-24107.652796	-0.054000	0.994000	0.190000	192.000000	127.000000	40.000000	15.500000	8.000000	2.500000	120.000000	0.000000	0.000000	0.000000	1741629023.101721	0.000000
132.000000	-22267.210158	-7302.761948	-28959.858890	-24709.585274	-11163.936396	-18086.629282	-13403.961170	-9022.706333	-22638.226764	-25358.858747	-28099.607301	-6351.985795	-26062.938698	-19092.703652	-28731.625227	-24108.882142	-0.054000	0.994000	0.190000	192.000000	0.000000	0.000000	0.000000	0.000000	0.000000	0.000000	0.000000	0.000000	0.000000	1741629023.102033	0.000000
134.000000	-22278.117809	-7307.187594	-28954.583878	-24697.828257	-11169.904312	-18063.875206	-13410.756101	-9032.496397	-22639.344351	-25357.361180	-28096.925091	-6350.868207	-26070.404180	-19114.451899	-28709.206427	-24099.449706	-0.054000	0.994000	0.190000	192.000000	0.000000	0.000000	0.000000	0.000000	0.000000	0.000000	0.000000	0.000000	0.000000	1741629023.102308	0.000000
136.000000	-22257.710666	-7299.744463	-28947.297209	-24693.804943	-11154.727477	-18071.228930	-13405.928124	-9032.965783	-22636.818604	-25351.415616	-28084.586928	-6347.895425	-26048.655933	-19063.847549	-28714.079108	-24081.389496	-0.054000	0.994000	0.190000	192.000000	0.000000	0.000000	0.000000	0.000000	0.000000	0.000000	0.000000	0.000000	0.000000	1741629023.102564	0.000000
138.000000	-22272.373411	-7304.170108	-28949.845308	-24689.803981	-11175.782821	-18084.081183	-13422.200194	-9051.048344	-22634.583430	-25352.868480	-28081.010649	-6348.543626	-26051.673418	-19093.418907	-28701.562131	-24089.816104	-0.054000	0.994000	0.190000	192.000000	0.000000	0.000000	0.000000	0.000000	0.000000	0.000000	0.000000	0.000000	0.000000	1741629023.102809	0.000000
140.000000	-22241.259782	-7291.876649	-28949.778253	-24696.665966	-11171.871265	-18075.498113	-13408.632685	-9042.889958	-22633.957581	-25346.341770	-28078.909585	-6343.961518	-26048.052436	-19064.339288	-28726.104346	-24091.537188	-0.046000	0.990000	0.190000	192.000000	127.000000	72.000000	15.000000	120.000000	2.500000	120.000000	0.000000	0.000000	0.000000	1741629023.103072	0.000000
142.000000	-22269.802960	-7295.363521	-28957.333142	-24692.083858	-11176.788649	-18082.583616	-13429.084531	-9048.969632	-22620.881810	-25341.334980	-28067.823120	-6335.423152	-26052.455730	-19064.406343	-28706.792439	-24095.448744	-0.046000	0.990000	0.190000	192.000000	0.000000	0.000000	0.000000	0.000000	0.000000	0.000000	0.000000	0.000000	0.000000	1741629023.103351	0.000000
144.000000	-22248.546451	-7295.117652	-28948.481852	-24689.893388	-11173.078260	-18083.030651	-13423.474243	-9052.501208	-22630.716578	-25355.461282	-28077.009687	-6345.123809	-26069.308945	-19074.174055	-28731.245247	-24098.198008	-0.046000	0.990000	0.190000	192.000000	0.000000	0.000000	0.000000	0.000000	0.000000	0.000000	0.000000	0.000000	0.000000	1741629023.138871	0.000000
146.000000	-22256.190748	-7298.693931	-28954.136843	-24683.612547	-11176.609835	-18067.965575	-13416.455795	-9025.343838	-22619.250133	-25357.696457	-28065.096207	-6338.954728	-26038.620000	-19112.239076	-28698.969328	-24086.508046	-0.046000	0.990000	0.190000	192.000000	0.000000	0.000000	0.000000	0.000000	0.000000	0.000000	0.000000	0.000000	0.000000	1741629023.139164	0.000000
148.000000	-22252.055675	-7316.396513	-28956.416721	-24684.372507	-11178.777954	-18078.761468	-13428.413979	-9053.775257	-22633.063511	-25367.419465	-28072.159359	-6345.682603	-26076.416800	-19090.468477	-28729.859439	-24084.786962	-0.046000	0.990000	0.190000	192.000000	0.000000	0.000000	0.000000	0.000000	0.000000	0.000000	0.000000	0.000000	0.000000	1741629023.139450	0.000000
150.000000	-22260.348172	-7319.503405	-28966.229137	-24687.389992	-11177.772126	-18070.804247	-13420.948496	-9039.246623	-22632.214145	-25368.246480	-28061.989315	-6342.441600	-26059.250660	-19040.758197	-28704.199636	-24083.401153	-0.040000	0.990000	0.194000	192.000000	127.000000	96.000000	15.000000	120.000000	3.000000	8.000000	0.000000	0.000000	0.000000	1741629023.139698	0.000000
152.000000	-22249.731094	-7310.383893	-28962.027009	-24683.724306	-11181.214295	-18080.616663	-13420.747330	-9039.626603	-22643.658238	-25372.403904	-28077.568481	-6356.769068	-26083.368192	-19090.401422	-28737.123756	-24087.826799	-0.040000	0.990000	0.194000	192.000000	0.000000	0.000000	0.000000	0.000000	0.000000	0.000000	0.000000	0.000000	0.000000	1741629023.195013	0.000000
154.000000	-22244.992524	-7311.523832	-28958.696599	-24686.652385	-11173.100611	-18081.622491	-13415.449967	-9034.977440	-22630.716578	-25374.236748	-28064.068027	-6348.118943	-26050.265259	-19098.291588	-28701.495075	-24087.022136	-0.040000	0.990000	0.194000	192.000000	0.000000	0.000000	0.000000	0.000000	0.000000	0.000000	0.000000	0.000000	0.000000	1741629023.195309	0.000000
156.000000	-22252.055675	-7315.234222	-28961.065884	-24682.964347	-11165.702184	-18070.781895	-13420.568516	-9034.306888	-22634.181098	-25364.781960	-28073.545167	-6347.269576	-26062.312849	-19095.654082	-28723.757413	-24083.311747	-0.040000	0.990000	0.194000	192.000000	0.000000	0.000000	0.000000	0.000000	0.000000	0.000000	0.000000	0.000000	0.000000	1741629023.195578	0.000000
158.000000	-22246.199518	-7322.185614	-28962.138767	-24694.743716	-11165.903350	-18072.055944	-13425.105920	-9047.405010	-22626.559153	-25366.681858	-28064.135082	-6345.526140	-26042.866831	-19050.592965	-28696.734154	-24085.613976	-0.040000	0.990000	0.194000	192.000000	0.000000	0.000000	0.000000	0.000000	0.000000	0.000000	0.000000	0.000000	0.000000	1741629023.195836	0.000000
160.000000	-22266.696068	-7337.943594	-28978.455541	-24703.840876	-11182.309530	-18091.636073	-13431.699685	-9067.275711	-22655.303497	-25390.240597	-28100.635481	-6377.779708	-26111.933722	-19065.881558	-28733.458070	-24106.714023	-0.036000	0.992000	0.192000	192.000000	127.000000	112.000000	15.500000	0.000000	3.000000	0.000000	0.000000	0.000000	0.000000	1741629023.196081	0.000000
162.000000	-22244.903117	-7312.239088	-28958.584840	-24686.853550	-11175.916931	-18087.344538	-13421.127310	-9056.301004	-22640.484290	-25374.750838	-28074.752161	-6359.853609	-26051.226384	-19140.849309	-28702.478552	-24099.427354	-0.036000	0.992000	0.192000	192.000000	0.000000	0.000000	0.000000	0.000000	0.000000	0.000000	0.000000	0.000000	0.000000	1741629023.196359	0.000000
164.000000	-22258.738847	-7323.236146	-28964.642163	-24690.876864	-11179.694376	-18077.554474	-13427.743426	-9026.774350	-22644.194680	-25377.500102	-28079.714248	-6362.401707	-26068.347820	-19106.874657	-28722.259846	-24093.370032	-0.036000	0.992000	0.192000	192.000000	0.000000	0.000000	0.000000	0.000000	0.000000	0.000000	0.000000	0.000000	0.000000	1741629023.196613	0.000000
166.000000	-22243.427902	-7315.077760	-28961.624677	-24690.116905	-11180.230818	-18079.052040	-13423.273077	-9036.586766	-22635.678665	-25374.862596	-28070.080646	-6353.416306	-26062.804587	-19073.905834	-28713.766183	-24093.347680	-0.036000	0.992000	0.192000	192.000000	0.000000	0.000000	0.000000	0.000000	0.000000	0.000000	0.000000	0.000000	0.000000	1741629023.229029	0.000000
168.000000	-22280.129466	-7340.782266	-28979.863701	-24709.160591	-11193.865382	-18094.899427	-13447.770589	-9061.978348	-22649.849671	-25384.585605	-28086.218606	-6365.240379	-26070.337125	-19089.283835	-28730.328826	-24101.975453	-0.036000	0.992000	0.192000	192.000000	0.000000	0.000000	0.000000	0.000000	0.000000	0.000000	0.000000	0.000000	0.000000	1741629023.229310	0.000000
170.000000	-22246.490091	-7319.861033	-28963.010486	-24695.458972	-11178.755603	-18076.593349	-13421.775511	-9038.799589	-22650.766093	-25388.743030	-28089.727830	-6372.482344	-26075.634489	-19106.092346	-28731.155840	-24109.552695	-0.040000	0.996000	0.198000	192.000000	127.000000	96.000000	15.500000	16.000000	3.000000	24.000000	0.000000	0.000000	0.000000	1741629023.229581	0.000000
172.000000	-22263.678582	-7331.238071	-28971.548852	-24697.895312	-11182.890675	-18079.700241	-13445.177787	-9053.730554	-22646.452206	-25377.142474	-28088.945519	-6366.357966	-26077.601442	-19075.023422	-28731.334654	-24099.695575	-0.040000	0.996000	0.198000	192.000000	0.000000	0.000000	0.000000	0.000000	0.000000	0.000000	0.000000	0.000000	0.000000	1741629023.278778	0.000000
174.000000	-22254.827291	-7320.241013	-28970.274802	-24703.796173	-11182.711861	-18078.157971	-13420.009723	-9046.734458	-22650.855500	-25384.518550	-28094.891083	-6371.543571	-26093.873512	-19085.551093	-28738.196640	-24099.986148	-0.040000	0.996000	0.198000	192.000000	0.000000	0.000000	0.000000	0.000000	0.000000	0.000000	0.000000	0.000000	0.000000	1741629023.279100	0.000000
176.000000	-22274.340364	-7326.700667	-28970.811244	-24701.449239	-11188.545667	-18087.344538	-13439.455740	-9042.733496	-22647.927421	-25381.210492	-28093.147647	-6369.107231	-26069.778331	-19084.724079	-28726.081994	-24097.348642	-0.040000	0.996000	0.198000	192.000000	0.000000	0.000000	0.000000	0.000000	0.000000	0.000000	0.000000	0.000000	0.000000	1741629023.279377	0.000000
178.000000	-22257.800073	-7328.242937	-28972.711143	-24715.508487	-11187.025748	-18084.215293	-13430.023304	-9059.877284	-22651.973087	-25384.965585	-28098.646176	-6371.498867	-26082.518826	-19113.177849	-28732.742814	-24103.137744	-0.040000	0.996000	0.198000	192.000000	0.000000	0.000000	0.000000	0.000000	0.000000	0.000000	0.000000	0.000000	0.000000	1741629023.279648	0.000000
180.000000	-22265.332611	-7324.107864	-28963.412817	-24705.092574	-11177.794478	-18086.003433	-13419.026246	-9055.384583	-22652.621287	-25383.423315	-28098.467362	-6369.844838	-26094.097029	-19085.662852	-28727.467802	-24109.485639	-0.042000	1.002000	0.194000	192.000000	127.000000	88.000000	15.500000	40.000000	3.000000	8.000000	0.000000	0.000000	0.000000	1741629023.279894	0.000000
182.000000	-22243.673771	-7315.301277	-28955.545003	-24700.465763	-11168.339690	-18073.061773	-13413.281848	-9020.113530	-22645.222860	-25371.755704	-28088.610242	-6359.093649	-26087.972651	-19064.048715	-28723.131564	-24103.271854	-0.042000	1.002000	0.194000	192.000000	0.000000	0.000000	0.000000	0.000000	0.000000	0.000000	0.000000	0.000000	0.000000	1741629023.280157	0.000000
184.000000	-22267.880710	-7334.456722	-28965.156253	-24705.249036	-11183.002434	-18074.089953	-13424.994162	-9047.583824	-22645.938116	-25372.180387	-28091.627728	-6358.557207	-26085.335146	-19055.108017	-28710.324014	-24097.572159	-0.042000	1.002000	0.194000	192.000000	0.000000	0.000000	0.000000	0.000000	0.000000	0.000000	0.000000	0.000000	0.000000	1741629023.280428	0.000000
186.000000	-22259.297640	-7323.370257	-28956.751997	-24706.321920	-11167.602082	-18084.796439	-13416.701665	-9046.153312	-22661.047895	-25383.333908	-28109.710289	-6374.516353	-26085.871587	-19111.501469	-28736.944942	-24108.859790	-0.042000	1.002000	0.194000	192.000000	0.000000	0.000000	0.000000	0.000000	0.000000	0.000000	0.000000	0.000000	0.000000	1741629023.280673	0.000000
188.000000	-22269.199463	-7324.644306	-28954.159195	-24699.906969	-11172.385356	-18084.349404	-13427.788130	-9045.818036	-22648.352104	-25376.762495	-28099.003804	-6362.088783	-26070.247718	-19093.821239	-28706.457163	-24098.667395	-0.042000	1.002000	0.194000	192.000000	0.000000	0.000000	0.000000	0.000000	0.000000	0.000000	0.000000	0.000000	0.000000	1741629023.333500	0.000000
190.000000	-22250.848681	-7317.067065	-28948.079520	-24693.916702	-11158.571977	-18074.402878	-13400.898981	-9030.060056	-22649.335581	-25371.040448	-28102.915359	-6360.993548	-26078.227291	-19082.891236	-28727.199582	-24099.092078	-0.050000	0.998000	0.194000	192.000000	127.000000	56.000000	15.500000	24.000000	3.000000	8.000000	0.000000	0.000000	0.000000	1741629023.333832	0.000000
192.000000	-22272.060486	-7330.433408	-28962.295230	-24705.360795	-11170.843085	-18066.400953	-13427.877537	-9048.813170	-22646.049875	-25373.655602	-28092.611205	-6356.880827	-26076.282689	-19072.967061	-28701.383317	-24097.035718	-0.050000	0.998000	0.194000	192.000000	0.000000	0.000000	0.000000	0.000000	0.000000	0.000000	0.000000	0.000000	0.000000	1741629023.334101	0.000000
194.000000	-22243.964344	-7317.692914	-28944.346779	-24684.752486	-11165.813943	-18042.953973	-13419.897964	-9025.746170	-22654.454130	-25379.958794	-28104.457629	-6364.592178	-26085.692774	-19071.558901	-28725.836125	-24099.561465	-0.050000	0.998000	0.194000	192.000000	0.000000	0.000000	0.000000	0.000000	0.000000	0.000000	0.000000	0.000000	0.000000	1741629023.334367	0.000000
196.000000	-22258.314163	-7330.858091	-28958.763654	-24704.846705	-11185.215257	-18021.742168	-13413.393606	-9043.359344	-22642.294781	-25378.796503	-28080.541263	-6357.976062	-26055.517919	-19082.399497	-28700.265729	-24091.403078	-0.050000	0.998000	0.194000	192.000000	0.000000	0.000000	0.000000	0.000000	0.000000	0.000000	0.000000	0.000000	0.000000	1741629023.334622	0.000000
198.000000	-22262.695105	-7326.320687	-28970.990058	-24711.552228	-11202.403748	-18051.224119	-13417.394569	-9062.470086	-22662.009020	-25394.420373	-28105.575216	-6382.026539	-26093.180608	-19110.562695	-28747.807890	-24111.720814	-0.050000	0.998000	0.194000	192.000000	0.000000	0.000000	0.000000	0.000000	0.000000	0.000000	0.000000	0.000000	0.000000	1741629023.334890	0.000000
200.000000	-22258.582384	-7323.996106	-28964.552756	-24710.501696	-11173.100611	-18083.164761	-13444.529586	-9066.024013	-22648.441511	-25374.080285	-28094.019365	-6363.005205	-26096.645128	-19036.153738	-28727.780727	-24113.173677	-0.042000	1.002000	0.200000	192.000000	127.000000	88.000000	15.500000	40.000000	3.000000	32.000000	0.000000	0.000000	0.000000	1741629023.335146	0.000000
202.000000	-22249.172300	-7324.040809	-28953.645105	-24708.266521	-11162.684698	-18079.923758	-13440.953307	-9066.918083	-22651.414293	-25373.029753	-28097.863865	-6358.892484	-26075.455675	-19107.567562	-28743.158727	-24110.714985	-0.042000	1.002000	0.200000	192.000000	0.000000	0.000000	0.000000	0.000000	0.000000	0.000000	0.000000	0.000000	0.000000	1741629023.395217	0.000000
204.000000	-22246.534794	-7326.432446	-28955.030913	-24716.938998	-11171.960672	-18063.830502	-13431.498519	-9064.168818	-22647.323924	-25378.930614	-28084.162245	-6356.970234	-26058.669514	-19105.846477	-28716.761317	-24121.533230	-0.042000	1.002000	0.200000	192.000000	0.000000	0.000000	0.000000	0.000000	0.000000	0.000000	0.000000	0.000000	0.000000	1741629023.395509	0.000000
206.000000	-22249.328762	-7331.305126	-28960.954125	-24726.259676	-11181.437812	-18050.888842	-13438.159339	-9076.439926	-22647.547441	-25380.539939	-28082.016478	-6365.039213	-26074.092218	-19084.858189	-28742.063492	-24114.939465	-0.042000	1.002000	0.200000	192.000000	0.000000	0.000000	0.000000	0.000000	0.000000	0.000000	0.000000	0.000000	0.000000	1741629023.395789	0.000000
208.000000	-22246.333628	-7328.444103	-28961.691733	-24737.301438	-11190.311455	-18046.485549	-13439.589851	-9104.804290	-22641.311305	-25384.585605	-28069.365390	-6365.352138	-26064.235099	-19086.422811	-28737.034349	-24131.166831	-0.042000	1.002000	0.200000	192.000000	0.000000	0.000000	0.000000	0.000000	0.000000	0.000000	0.000000	0.000000	0.000000	1741629023.396036	0.000000
210.000000	-22245.059579	-7330.276946	-28956.372017	-24734.954504	-11174.419364	-18013.404967	-13414.310028	-9064.101763	-22647.927421	-25388.005422	-28079.133103	-6378.606722	-26094.007622	-19105.108870	-28754.155785	-24134.944276	-0.038000	0.994000	0.198000	192.000000	127.000000	104.000000	15.500000	8.000000	3.000000	24.000000	0.000000	0.000000	0.000000	1741629023.396292	0.000000
212.000000	-22233.771948	-7318.005838	-28954.762692	-24745.660990	-11176.341614	-18017.428281	-13428.570441	-9091.929685	-22627.073244	-25378.640041	-28059.441216	-6363.787516	-26073.108741	-19056.560881	-28725.858477	-24125.131860	-0.038000	0.994000	0.198000	192.000000	0.000000	0.000000	0.000000	0.000000	0.000000	0.000000	0.000000	0.000000	0.000000	1741629023.396559	0.000000
214.000000	-22245.283096	-7330.031077	-28954.270953	-24736.005036	-11174.262902	-18014.008464	-13431.610278	-9106.234802	-22628.391996	-25386.619614	-28072.159359	-6368.056699	-26092.510056	-19091.496657	-28749.551326	-24133.357302	-0.038000	0.994000	0.198000	192.000000	0.000000	0.000000	0.000000	0.000000	0.000000	0.000000	0.000000	0.000000	0.000000	1741629023.396816	0.000000
216.000000	-22220.942047	-7310.540356	-28941.977494	-24731.691150	-11172.452411	-18005.894781	-13436.818235	-9086.878191	-22625.486270	-25383.691535	-28061.363466	-6363.340481	-26082.496474	-19099.587989	-28738.733082	-24132.150308	-0.038000	0.994000	0.198000	192.000000	0.000000	0.000000	0.000000	0.000000	0.000000	0.000000	0.000000	0.000000	0.000000	1741629023.397073	0.000000
218.000000	-22239.538698	-7326.678315	-28951.387578	-24739.804833	-11188.858591	-18002.765537	-13435.588889	-9102.949095	-22616.858496	-25374.884948	-28055.350847	-6353.192789	-26090.900730	-19094.670605	-28739.873021	-24124.483660	-0.038000	0.994000	0.198000	192.000000	0.000000	0.000000	0.000000	0.000000	0.000000	0.000000	0.000000	0.000000	0.000000	1741629023.455042	0.000000
220.000000	-22218.438651	-7313.736655	-28941.910439	-24744.476348	-11184.947036	-17998.406946	-13439.701610	-9099.015188	-22623.295799	-25378.796503	-28059.240050	-6358.981891	-26079.277823	-19070.664831	-28743.203431	-24140.576916	-0.038000	0.990000	0.196000	192.000000	127.000000	104.000000	15.000000	120.000000	3.000000	16.000000	0.000000	0.000000	0.000000	1741629023.455352	0.000000
222.000000	-22253.955573	-7325.806597	-28955.343837	-24751.137167	-11192.323112	-18009.605170	-13442.294412	-9104.558421	-22626.000360	-25384.652660	-28059.620030	-6362.759335	-26092.599463	-19107.589913	-28746.444434	-24144.868451	-0.038000	0.990000	0.196000	192.000000	0.000000	0.000000	0.000000	0.000000	0.000000	0.000000	0.000000	0.000000	0.000000	1741629023.455621	0.000000
224.000000	-22219.869163	-7315.994181	-28943.855041	-24750.176042	-11179.001472	-17996.976435	-13434.694819	-9112.068607	-22634.091691	-25389.726506	-28060.312934	-6368.995472	-26089.045535	-19085.349928	-28749.350160	-24150.501090	-0.038000	0.990000	0.196000	192.000000	0.000000	0.000000	0.000000	0.000000	0.000000	0.000000	0.000000	0.000000	0.000000	1741629023.455866	0.000000
226.000000	-22240.052788	-7325.046638	-28951.365227	-24744.006961	-11193.999492	-18000.552714	-13448.619956	-9107.464148	-22619.361892	-25381.903396	-28051.886326	-6357.886655	-26094.544064	-19096.346986	-28736.900239	-24147.729474	-0.038000	0.990000	0.196000	192.000000	0.000000	0.000000	0.000000	0.000000	0.000000	0.000000	0.000000	0.000000	0.000000	1741629023.456126	0.000000
228.000000	-22210.682596	-7308.483995	-28940.278761	-24734.283952	-11174.642882	-18006.140650	-13416.724016	-9084.710072	-22623.608723	-25387.580739	-28058.144815	-6363.407536	-26088.173817	-19106.069995	-28747.271448	-24144.220250	-0.038000	0.990000	0.196000	192.000000	0.000000	0.000000	0.000000	0.000000	0.000000	0.000000	0.000000	0.000000	0.000000	1741629023.456400	0.000000
230.000000	-22246.892422	-7326.208928	-28958.741302	-24742.419987	-11193.239533	-18016.668322	-13447.927052	-9111.018075	-22625.173345	-25383.646832	-28059.575326	-6362.692280	-26108.759774	-19088.412117	-28736.475555	-24134.273724	-0.022000	0.994000	0.198000	192.000000	127.500000	40.000000	15.500000	8.000000	3.000000	24.000000	0.000000	0.000000	0.000000	1741629023.456651	0.000000
232.000000	-22220.003273	-7315.681257	-28950.873488	-24739.581315	-11196.078205	-18012.890877	-13434.672467	-9094.880115	-22635.678665	-25387.267815	-28071.287640	-6376.483306	-26109.653844	-19075.604567	-28759.229631	-24147.617715	-0.022000	0.994000	0.198000	192.000000	0.000000	0.000000	0.000000	0.000000	0.000000	0.000000	0.000000	0.000000	0.000000	1741629023.512814	0.000000
234.000000	-22233.034341	-7312.552013	-28942.938619	-24734.485118	-11185.528181	-18013.203801	-13449.357563	-9088.152240	-22622.088804	-25374.482617	-28056.624896	-6360.390050	-26075.992116	-19071.760067	-28735.469727	-24131.390349	-0.022000	0.994000	0.198000	192.000000	0.000000	0.000000	0.000000	0.000000	0.000000	0.000000	0.000000	0.000000	0.000000	1741629023.513099	0.000000
236.000000	-22216.605808	-7309.847451	-28939.719968	-24741.704731	-11181.951902	-18026.480738	-13440.148644	-9106.883002	-22625.285104	-25385.032640	-28060.268230	-6369.733080	-26095.974576	-19103.812469	-28746.980875	-24143.169718	-0.022000	0.994000	0.198000	192.000000	0.000000	0.000000	0.000000	0.000000	0.000000	0.000000	0.000000	0.000000	0.000000	1741629023.513355	0.000000
238.000000	-22235.940067	-7319.436350	-28952.616924	-24745.124548	-11194.938266	-18041.545813	-13457.203025	-9099.261057	-22627.408520	-25388.184236	-28064.179786	-6372.012958	-26107.709242	-19115.502431	-28734.106271	-24150.612849	-0.022000	0.994000	0.198000	192.000000	0.000000	0.000000	0.000000	0.000000	0.000000	0.000000	0.000000	0.000000	0.000000	1741629023.513616	0.000000
240.000000	-22225.546506	-7316.530623	-28945.442014	-24746.800929	-11182.980082	-18022.345665	-13436.885290	-9086.632322	-22639.433758	-25390.285300	-28078.708420	-6377.869115	-26116.091146	-19090.066146	-28759.408445	-24149.383503	-0.020000	1.002000	0.200000	192.000000	127.500000	48.000000	15.500000	40.000000	3.000000	32.000000	0.000000	0.000000	0.000000	1741629023.513871	0.000000
242.000000	-22240.365713	-7322.811463	-28946.939581	-24746.353894	-11186.712824	-18040.338819	-13432.951383	-9088.554572	-22628.570810	-25387.111352	-28064.380951	-6371.007129	-26095.572245	-19118.430509	-28732.318131	-24146.343666	-0.020000	1.002000	0.200000	192.000000	0.000000	0.000000	0.000000	0.000000	0.000000	0.000000	0.000000	0.000000	0.000000	1741629023.514142	0.000000
244.000000	-22241.505652	-7324.689010	-28953.309828	-24748.164385	-11181.571922	-18043.468063	-13439.254575	-9094.209563	-22646.720427	-25394.934463	-28086.553882	-6383.345292	-26129.770414	-19064.115770	-28760.056646	-24154.144425	-0.020000	1.002000	0.200000	192.000000	0.000000	0.000000	0.000000	0.000000	0.000000	0.000000	0.000000	0.000000	0.000000	1741629023.514389	0.000000
246.000000	-22242.936163	-7325.158396	-28949.822956	-24745.012789	-11173.033556	-18050.799435	-13444.082551	-9110.235764	-22631.878869	-25383.579777	-28072.338172	-6367.050870	-26125.300065	-19123.191431	-28729.658273	-24146.343666	-0.020000	1.002000	0.200000	192.000000	0.000000	0.000000	0.000000	0.000000	0.000000	0.000000	0.000000	0.000000	0.000000	1741629023.514639	0.000000
248.000000	-22237.929373	-7316.038885	-28940.077596	-24740.497737	-11178.487382	-18043.266898	-13440.170996	-9102.233839	-22643.769997	-25391.648756	-28091.717135	-6377.757356	-26108.782126	-19083.472381	-28762.113006	-24160.984058	-0.020000	1.002000	0.200000	192.000000	0.000000	0.000000	0.000000	0.000000	0.000000	0.000000	0.000000	0.000000	0.000000	1741629023.574717	0.000000
250.000000	-22243.114977	-7323.772588	-28938.043587	-24735.178022	-11172.452411	-18044.585651	-13429.777435	-9067.901560	-22627.520278	-25378.036544	-28073.567518	-6357.171399	-26080.529521	-19071.111866	-28723.802116	-24142.342704	-0.036000	0.998000	0.192000	192.000000	127.000000	112.000000	15.500000	24.000000	3.000000	0.000000	0.000000	0.000000	0.000000	1741629023.575024	0.000000
252.000000	-22249.127597	-7324.532548	-28944.838517	-24736.072092	-11178.889713	-18053.772217	-13441.601508	-9085.067700	-22646.519261	-25394.085097	-28094.913434	-6373.532876	-26119.868591	-19133.830861	-28753.686399	-24149.450558	-0.036000	0.998000	0.192000	192.000000	0.000000	0.000000	0.000000	0.000000	0.000000	0.000000	0.000000	0.000000	0.000000	1741629023.575321	0.000000
254.000000	-22232.095567	-7312.440254	-28937.373035	-24736.317961	-11181.102536	-18054.331011	-13439.433389	-9098.836374	-22630.001322	-25382.372783	-28078.663716	-6359.004242	-26123.690739	-19072.296509	-28729.837087	-24142.387407	-0.036000	0.998000	0.192000	192.000000	0.000000	0.000000	0.000000	0.000000	0.000000	0.000000	0.000000	0.000000	0.000000	1741629023.575572	0.000000
0.000000	-22244.389027	-7324.197271	-28938.021235	-24735.848574	-11166.842123	-18037.813072	-13430.872671	-9085.604141	-22631.431834	-25378.908262	-28087.738524	-6355.249149	-26101.450753	-19089.015614	-28748.813718	-24144.600230	-0.036000	0.998000	0.192000	192.000000	0.000000	0.000000	0.000000	0.000000	0.000000	0.000000	0.000000	0.000000	0.000000	1741629023.575842	0.000000
2.000000	-22240.164547	-7321.202138	-28934.981398	-24734.239249	-11168.429097	-18057.750828	-13432.414941	-9094.723653	-22640.618401	-25381.769285	-28089.124333	-6356.187923	-26090.498399	-19086.422811	-28726.819602	-24146.678942	-0.036000	0.998000	0.192000	192.000000	0.000000	0.000000	0.000000	0.000000	0.000000	0.000000	0.000000	0.000000	0.000000	1741629023.576088	0.000000
4.000000	-22255.699009	-7330.031077	-28939.965837	-24736.385016	-11177.481553	-18060.768313	-13429.598621	-9098.948133	-22644.798177	-25381.322251	-28100.568426	-6364.145144	-26113.923027	-19086.266349	-28751.630038	-24145.539003	-0.048000	0.998000	0.186000	192.000000	127.000000	64.000000	15.500000	24.000000	2.500000	104.000000	0.000000	0.000000	0.000000	1741629023.576346	0.000000
6.000000	-22244.903117	-7324.286678	-28935.607247	-24739.782481	-11155.778009	-18057.862587	-13401.323664	-9052.970595	-22647.279220	-25389.435934	-28097.573292	-6371.208295	-26117.409899	-19085.953425	-28731.513468	-24152.266878	-0.048000	0.998000	0.186000	192.000000	0.000000	0.000000	0.000000	0.000000	0.000000	0.000000	0.000000	0.000000	0.000000	1741629023.633632	0.000000
8.000000	-22267.433675	-7332.534472	-28944.480889	-24735.043911	-11175.112268	-18062.847026	-13437.332325	-9071.343728	-22655.728180	-25386.060820	-28103.764725	-6368.034347	-26129.390434	-19078.823218	-28737.973122	-24143.281477	-0.048000	0.998000	0.186000	192.000000	0.000000	0.000000	0.000000	0.000000	0.000000	0.000000	0.000000	0.000000	0.000000	1741629023.633950	0.000000
10.000000	-22230.843870	-7311.769701	-28928.812317	-24730.014769	-11165.076335	-18062.891729	-13420.926144	-9081.625531	-22644.306438	-25377.477750	-28089.526664	-6353.729231	-26084.910462	-19100.213838	-28734.441547	-24149.070579	-0.048000	0.998000	0.186000	192.000000	0.000000	0.000000	0.000000	0.000000	0.000000	0.000000	0.000000	0.000000	0.000000	1741629023.634200	0.000000
12.000000	-22265.712591	-7341.206949	-28949.644142	-24743.001132	-11177.593312	-18074.961671	-13440.573328	-9082.005511	-22652.487177	-25388.675974	-28098.199141	-6364.659234	-26121.544972	-19118.028178	-28743.315189	-24158.033628	-0.048000	0.998000	0.186000	192.000000	0.000000	0.000000	0.000000	0.000000	0.000000	0.000000	0.000000	0.000000	0.000000	1741629023.634446	0.000000
14.000000	-22234.241335	-7333.294431	-28939.608209	-24736.317961	-11165.791591	-18065.484532	-13430.135063	-9081.290255	-22657.091636	-25395.984995	-28098.377955	-6367.877885	-26118.303969	-19104.661835	-28744.388073	-24160.514672	-0.044000	1.002000	0.190000	192.000000	127.000000	80.000000	15.500000	40.000000	2.500000	120.000000	0.000000	0.000000	0.000000	1741629023.634722	0.000000
16.000000	-22251.273364	-7328.354696	-28941.262238	-24721.431699	-11168.540855	-18068.792590	-13423.630705	-9075.858781	-22657.583375	-25388.318347	-28093.527626	-6365.285082	-26115.062966	-19078.554997	-28733.323960	-24151.059884	-0.044000	1.002000	0.190000	192.000000	0.000000	0.000000	0.000000	0.000000	0.000000	0.000000	0.000000	0.000000	0.000000	1741629023.634983	0.000000
18.000000	-22229.748634	-7319.525757	-28943.944448	-24727.734891	-11160.091896	-18077.688584	-13429.240993	-9085.626493	-22648.083883	-25381.411658	-28086.397420	-6357.216103	-26114.973559	-19069.055506	-28736.877887	-24144.287305	-0.044000	1.002000	0.190000	192.000000	0.000000	0.000000	0.000000	0.000000	0.000000	0.000000	0.000000	0.000000	0.000000	1741629023.635246	0.000000
20.000000	-22264.997335	-7337.317745	-28956.506128	-24729.523030	-11182.220123	-18075.766334	-13446.205967	-9075.970540	-22658.656258	-25390.575873	-28095.204007	-6363.742812	-26126.082376	-19120.039835	-28742.465823	-24154.591460	-0.044000	1.002000	0.190000	192.000000	0.000000	0.000000	0.000000	0.000000	0.000000	0.000000	0.000000	0.000000	0.000000	1741629023.635481	0.000000
22.000000	-22232.386140	-7324.912527	-28944.279724	-24724.717405	-11166.484495	-18061.438866	-13424.927106	-9073.668310	-22661.316116	-25384.518550	-28097.774458	-6363.005205	-26126.752928	-19107.142878	-28753.954620	-24143.393236	-0.044000	1.002000	0.190000	192.000000	0.000000	0.000000	0.000000	0.000000	0.000000	0.000000	0.000000	0.000000	0.000000	1741629023.695224	0.000000
24.000000	-22254.179091	-7334.322612	-28952.683980	-24721.722272	-11184.365891	-18062.757619	-13435.454778	-9063.945301	-22655.169386	-25393.146323	-28090.599548	-6367.453202	-26121.232047	-19094.692957	-28726.573733	-24148.131805	-0.028000	0.996000	0.194000	192.000000	127.500000	16.000000	15.500000	16.000000	3.000000	8.000000	0.000000	0.000000	0.000000	1741629023.695528	0.000000
26.000000	-22228.385178	-7310.562707	-28943.184488	-24710.524048	-11169.032594	-18038.975363	-13421.775511	-9064.660557	-22649.246174	-25377.477750	-28082.329402	-6357.998414	-26129.055158	-19051.799959	-28743.382245	-24122.829631	-0.028000	0.996000	0.194000	192.000000	0.000000	0.000000	0.000000	0.000000	0.000000	0.000000	0.000000	0.000000	0.000000	1741629023.695800	0.000000
28.000000	-22238.734035	-7306.271172	-28942.558639	-24697.358870	-11172.139486	-18037.209575	-13425.754121	-9039.134865	-22636.192755	-25373.275623	-28069.991239	-6345.503789	-26116.001739	-19045.832043	-28716.470744	-24121.309712	-0.028000	0.996000	0.194000	192.000000	0.000000	0.000000	0.000000	0.000000	0.000000	0.000000	0.000000	0.000000	0.000000	1741629023.696068	0.000000
30.000000	-22229.838041	-7319.995143	-28942.804509	-24709.495867	-11166.015108	-18065.842159	-13431.409112	-9070.360252	-22641.199546	-25374.460265	-28077.657888	-6347.291928	-26131.603257	-19076.923320	-28732.832221	-24123.030796	-0.028000	0.996000	0.194000	192.000000	0.000000	0.000000	0.000000	0.000000	0.000000	0.000000	0.000000	0.000000	0.000000	1741629023.696327	0.000000
32.000000	-22243.673771	-7335.686068	-28949.957067	-24722.348120	-11167.445620	-18069.887825	-13434.828929	-9055.228121	-22647.145110	-25393.548655	-28078.998992	-6361.150010	-26116.918161	-19121.582105	-28715.531971	-24137.268858	-0.028000	0.996000	0.194000	192.000000	0.000000	0.000000	0.000000	0.000000	0.000000	0.000000	0.000000	0.000000	0.000000	1741629023.696575	0.000000
34.000000	-22232.229678	-7334.434370	-28952.952201	-24729.187754	-11169.725498	-18086.249302	-13428.123406	-9087.839316	-22660.578508	-25400.075364	-28089.169036	-6372.169420	-26135.604219	-19109.355701	-28741.951733	-24144.399064	-0.026000	0.996000	0.190000	192.000000	127.500000	24.000000	15.500000	16.000000	2.500000	120.000000	0.000000	0.000000	0.000000	1741629023.696821	0.000000
36.000000	-22239.851623	-7329.651097	-28945.576125	-24713.519181	-11163.355251	-18073.061773	-13410.711397	-9037.927871	-22650.073189	-25394.755649	-28072.584042	-6360.591216	-26100.735498	-19093.038928	-28709.742869	-24136.263029	-0.026000	0.996000	0.190000	192.000000	0.000000	0.000000	0.000000	0.000000	0.000000	0.000000	0.000000	0.000000	0.000000	1741629023.753833	0.000000
38.000000	-22240.700989	-7327.259460	-28948.906535	-24712.982740	-11168.004414	-18069.530197	-13425.217679	-9051.048344	-22661.226709	-25397.259044	-28090.286623	-6364.078088	-26136.051254	-19077.571521	-28732.541648	-24132.954971	-0.026000	0.996000	0.190000	192.000000	0.000000	0.000000	0.000000	0.000000	0.000000	0.000000	0.000000	0.000000	0.000000	1741629023.754144	0.000000
40.000000	-22245.618373	-7329.628745	-28956.304962	-24710.881676	-11173.190018	-18074.738154	-13430.358580	-9065.487571	-22650.073189	-25393.660413	-28076.942632	-6355.785591	-26129.725710	-19073.168227	-28709.340538	-24135.458366	-0.026000	0.996000	0.190000	192.000000	0.000000	0.000000	0.000000	0.000000	0.000000	0.000000	0.000000	0.000000	0.000000	1741629023.754407	0.000000
42.000000	-22239.114015	-7332.467417	-28950.806433	-24710.412289	-11170.016071	-18057.460255	-13438.628726	-9067.454525	-22661.427875	-25392.319309	-28094.354641	-6364.972158	-26143.114405	-19127.080634	-28742.711692	-24137.760596	-0.026000	0.996000	0.190000	192.000000	0.000000	0.000000	0.000000	0.000000	0.000000	0.000000	0.000000	0.000000	0.000000	1741629023.754664	0.000000
44.000000	-22246.512442	-7327.907661	-28949.107700	-24716.067280	-11172.385356	-18071.743020	-13437.019400	-9072.997758	-22651.213128	-25386.105524	-28082.843492	-6357.797248	-26130.530373	-19094.782364	-28719.599988	-24140.375750	-0.028000	0.994000	0.196000	192.000000	127.500000	16.000000	15.500000	8.000000	3.000000	16.000000	0.000000	0.000000	0.000000	1741629023.754921	0.000000
46.000000	-22234.151928	-7315.882422	-28933.103851	-24710.881676	-11159.153123	-18062.109418	-13414.555897	-9066.694566	-22657.181043	-25383.244501	-28092.298280	-6359.853609	-26120.695605	-19084.433506	-28730.462936	-24134.653704	-0.028000	0.994000	0.196000	192.000000	0.000000	0.000000	0.000000	0.000000	0.000000	0.000000	0.000000	0.000000	0.000000	1741629023.755185	0.000000
48.000000	-22238.085835	-7325.024286	-28943.497413	-24710.613455	-11159.801323	-18057.080276	-13419.048598	-9050.064868	-22643.792348	-25379.422352	-28081.234167	-6348.811847	-26100.757849	-19042.926317	-28703.484381	-24126.897648	-0.028000	0.994000	0.196000	192.000000	0.000000	0.000000	0.000000	0.000000	0.000000	0.000000	0.000000	0.000000	0.000000	1741629023.755437	0.000000
50.000000	-22259.476454	-7329.874614	-28949.331218	-24701.963330	-11159.331937	-18057.192034	-13429.062179	-9051.070696	-22663.841863	-25391.760515	-28113.577141	-6370.425984	-26152.479786	-19084.433506	-28740.141242	-24140.107529	-0.028000	0.994000	0.196000	192.000000	0.000000	0.000000	0.000000	0.000000	0.000000	0.000000	0.000000	0.000000	0.000000	1741629023.755703	0.000000
52.000000	-22246.467739	-7327.393571	-28939.921134	-24698.252940	-11148.267823	-18059.002526	-13423.071912	-9052.657670	-22650.453168	-25378.640041	-28097.886216	-6358.847780	-26119.019225	-19079.024384	-28708.178247	-24118.180468	-0.028000	0.994000	0.196000	192.000000	0.000000	0.000000	0.000000	0.000000	0.000000	0.000000	0.000000	0.000000	0.000000	1741629023.815098	0.000000
54.000000	-22261.465759	-7342.838626	-28950.135881	-24713.318016	-11166.104515	-18064.568110	-13426.268211	-9060.100801	-22664.467712	-25391.536998	-28112.481906	-6373.108193	-26153.239745	-19101.510239	-28729.077128	-24128.261105	-0.036000	0.996000	0.186000	192.000000	127.000000	112.000000	15.500000	16.000000	2.500000	104.000000	0.000000	0.000000	0.000000	1741629023.815525	0.000000
56.000000	-22234.598963	-7326.790074	-28939.339988	-24709.674681	-11152.782876	-18061.327107	-13420.456758	-9053.864664	-22655.750532	-25389.838265	-28096.209836	-6366.514428	-26114.459469	-19087.450992	-28719.599988	-24139.995770	-0.036000	0.996000	0.186000	192.000000	0.000000	0.000000	0.000000	0.000000	0.000000	0.000000	0.000000	0.000000	0.000000	1741629023.815925	0.000000
58.000000	-22257.531852	-7333.808521	-28949.130052	-24713.765051	-11162.684698	-18058.779008	-13420.613220	-9065.487571	-22650.900203	-25382.685707	-28098.243844	-6363.720460	-26130.016283	-19052.425808	-28729.814736	-24134.676055	-0.036000	0.996000	0.186000	192.000000	0.000000	0.000000	0.000000	0.000000	0.000000	0.000000	0.000000	0.000000	0.000000	1741629023.816307	0.000000
60.000000	-22242.265611	-7328.824082	-28943.452709	-24716.894295	-11159.466047	-18059.337802	-13406.755138	-9050.131923	-22650.564927	-25392.319309	-28104.837609	-6365.262731	-26148.747045	-19079.963157	-28719.242361	-24134.318427	-0.036000	0.996000	0.186000	192.000000	0.000000	0.000000	0.000000	0.000000	0.000000	0.000000	0.000000	0.000000	0.000000	1741629023.816565	0.000000
62.000000	-22254.626126	-7332.556824	-28947.252506	-24708.110059	-11156.470913	-18079.476724	-13430.626801	-9061.643071	-22660.466750	-25394.465076	-28114.605321	-6373.063490	-26141.125100	-19125.806585	-28729.613570	-24142.454462	-0.036000	0.996000	0.186000	192.000000	0.000000	0.000000	0.000000	0.000000	0.000000	0.000000	0.000000	0.000000	0.000000	1741629023.816826	0.000000
64.000000	-22239.583402	-7328.913489	-28946.872526	-24712.938036	-11155.509788	-18060.924776	-13427.788130	-9055.809266	-22647.011000	-25380.428181	-28101.507199	-6363.496943	-26134.061949	-19094.290625	-28718.974140	-24131.010369	-0.038000	1.002000	0.188000	192.000000	127.000000	104.000000	15.500000	40.000000	2.500000	112.000000	0.000000	0.000000	0.000000	1741629023.817078	0.000000
66.000000	-22256.704838	-7336.110751	-28954.069788	-24716.737833	-11166.350385	-18065.685697	-13430.045656	-9073.534199	-22663.014849	-25395.381498	-28120.483830	-6382.272408	-26126.216486	-19070.776590	-28724.919704	-24141.158061	-0.038000	1.002000	0.188000	192.000000	0.000000	0.000000	0.000000	0.000000	0.000000	0.000000	0.000000	0.000000	0.000000	1741629023.873937	0.000000
68.000000	-22250.334591	-7344.157379	-28960.641201	-24727.734891	-11164.450486	-18084.170590	-13425.038865	-9067.342766	-22663.908918	-25400.455344	-28122.227266	-6383.077071	-26136.028902	-19113.736643	-28733.949808	-24145.494300	-0.038000	1.002000	0.188000	192.000000	0.000000	0.000000	0.000000	0.000000	0.000000	0.000000	0.000000	0.000000	0.000000	1741629023.874244	0.000000
70.000000	-22273.401591	-7346.079629	-28967.771407	-24731.847612	-11172.988853	-18070.558378	-13436.035923	-9063.945301	-22672.201416	-25403.137553	-28133.447842	-6394.610571	-26149.104673	-19088.233303	-28736.184983	-24157.072503	-0.038000	1.002000	0.188000	192.000000	0.000000	0.000000	0.000000	0.000000	0.000000	0.000000	0.000000	0.000000	0.000000	1741629023.874499	0.000000
72.000000	-22244.411378	-7339.083533	-28944.637352	-24719.777670	-11160.561283	-18087.635110	-13433.286659	-9075.165877	-22664.646526	-25401.014137	-28123.590723	-6386.720405	-26139.158146	-19113.624884	-28744.030445	-24148.735303	-0.038000	1.002000	0.188000	192.000000	0.000000	0.000000	0.000000	0.000000	0.000000	0.000000	0.000000	0.000000	0.000000	1741629023.874770	0.000000
74.000000	-22260.169358	-7342.011612	-28946.269029	-24711.529876	-11163.981100	-18084.394107	-13420.568516	-9066.113420	-22653.269488	-25396.789658	-28106.893969	-6374.628112	-26123.020187	-19088.166247	-28723.735061	-24135.078387	-0.032000	1.008000	0.186000	192.000000	127.500000	0.000000	15.500000	64.000000	2.500000	104.000000	0.000000	0.000000	0.000000	1741629023.875022	0.000000
76.000000	-22241.215079	-7349.007708	-28940.636389	-24712.669815	-11155.778009	-18074.984023	-13408.476223	-9044.521635	-22658.768017	-25397.348451	-28109.732641	-6378.070280	-26099.260282	-19072.609433	-28734.709768	-24125.288323	-0.032000	1.008000	0.186000	192.000000	0.000000	0.000000	0.000000	0.000000	0.000000	0.000000	0.000000	0.000000	0.000000	1741629023.875288	0.000000
78.000000	-22264.550300	-7363.983377	-28952.706331	-24711.038138	-11168.205579	-18077.867398	-13418.132176	-9052.322394	-22665.741761	-25413.866390	-28110.269083	-6393.113004	-26096.488666	-19130.455748	-28721.611645	-24118.538096	-0.032000	1.008000	0.186000	192.000000	0.000000	0.000000	0.000000	0.000000	0.000000	0.000000	0.000000	0.000000	0.000000	1741629023.875545	0.000000
80.000000	-22249.172300	-7357.724888	-28952.035779	-24709.942902	-11166.238626	-18086.472820	-13435.924165	-9063.766487	-22662.813683	-25404.501010	-28107.966853	-6390.766071	-26084.284614	-19046.390837	-28742.711692	-24109.910322	-0.032000	1.008000	0.186000	192.000000	0.000000	0.000000	0.000000	0.000000	0.000000	0.000000	0.000000	0.000000	0.000000	1741629023.875812	0.000000
82.000000	-22254.380256	-7349.678260	-28953.488642	-24702.566827	-11161.589463	-18090.987872	-13426.648191	-9069.265016	-22655.638773	-25401.841152	-28098.467362	-6386.966275	-26076.595614	-19125.851289	-28729.166535	-24112.547828	-0.032000	1.008000	0.186000	192.000000	0.000000	0.000000	0.000000	0.000000	0.000000	0.000000	0.000000	0.000000	0.000000	1741629023.934416	0.000000
84.000000	-22252.413303	-7347.756010	-28956.796701	-24705.293739	-11166.775068	-18088.797401	-13436.728828	-9077.088127	-22658.030410	-25403.294015	-28102.915359	-6389.000283	-26089.961957	-19105.265332	-28755.340428	-24107.518686	-0.028000	1.004000	0.182000	192.000000	127.500000	16.000000	15.500000	48.000000	2.500000	88.000000	0.000000	0.000000	0.000000	1741629023.934690	0.000000
86.000000	-22256.973059	-7352.606339	-28960.060055	-24706.299568	-11175.313434	-18090.451430	-13422.870746	-9060.413725	-22651.079017	-25401.975262	-28095.114600	-6382.898257	-26099.282634	-19109.936846	-28732.966332	-24105.059994	-0.028000	1.004000	0.182000	192.000000	0.000000	0.000000	0.000000	0.000000	0.000000	0.000000	0.000000	0.000000	0.000000	1741629023.934975	0.000000
88.000000	-22254.380256	-7355.824990	-28958.160157	-24705.852533	-11168.898483	-18104.376567	-13450.631613	-9077.624569	-22669.519206	-25414.045204	-28113.554789	-6401.517260	-26075.165102	-19078.443239	-28760.526033	-24113.240732	-0.028000	1.004000	0.182000	192.000000	0.000000	0.000000	0.000000	0.000000	0.000000	0.000000	0.000000	0.000000	0.000000	1741629023.935227	0.000000
90.000000	-22253.374428	-7350.505275	-28956.863756	-24700.488114	-11173.592350	-18089.602064	-13435.991220	-9072.394260	-22659.595032	-25401.751745	-28101.954234	-6389.246153	-26063.050456	-19129.785196	-28729.568866	-24107.339872	-0.028000	1.004000	0.182000	192.000000	0.000000	0.000000	0.000000	0.000000	0.000000	0.000000	0.000000	0.000000	0.000000	1741629023.935489	0.000000
92.000000	-22266.986640	-7363.670452	-28971.705314	-24717.788365	-11183.918856	-18104.644788	-13450.251633	-9086.453508	-22666.121741	-25404.053975	-28110.939635	-6397.538650	-26098.254454	-19105.801774	-28751.495928	-24112.257256	-0.028000	1.004000	0.182000	192.000000	0.000000	0.000000	0.000000	0.000000	0.000000	0.000000	0.000000	0.000000	0.000000	1741629023.935740	0.000000
94.000000	-22249.328762	-7345.587891	-28963.189299	-24705.785478	-11173.815867	-18082.404802	-13435.164205	-9044.566339	-22661.204357	-25411.720623	-28101.440144	-6396.689283	-26110.637320	-19065.345116	-28742.152899	-24117.822840	-0.030000	0.998000	0.192000	192.000000	127.500000	8.000000	15.500000	24.000000	3.000000	0.000000	0.000000	0.000000	0.000000	1741629023.936001	0.000000
96.000000	-22256.146044	-7355.422658	-28966.296192	-24713.787402	-11184.544705	-18095.435869	-13445.088380	-9070.293196	-22664.087732	-25402.735222	-28105.038775	-6397.158670	-26094.029974	-19135.596649	-28766.538652	-24120.750918	-0.030000	0.998000	0.192000	192.000000	0.000000	0.000000	0.000000	0.000000	0.000000	0.000000	0.000000	0.000000	0.000000	1741629023.979150	0.000000
98.000000	-22254.871995	-7352.516932	-28965.513881	-24713.228609	-11174.195847	-18102.521372	-13446.004802	-9078.540990	-22654.029447	-25399.181294	-28092.767667	-6388.061510	-26058.580108	-19058.103151	-28738.330750	-24123.634294	-0.030000	0.998000	0.192000	192.000000	0.000000	0.000000	0.000000	0.000000	0.000000	0.000000	0.000000	0.000000	0.000000	1741629023.979405	0.000000
100.000000	-22273.222777	-7365.816220	-28972.889957	-24713.876809	-11189.819716	-18108.601047	-13462.276871	-9087.504040	-22669.765075	-25408.434917	-28115.275874	-6402.590144	-26114.459469	-19135.484890	-28761.598916	-24131.949142	-0.030000	0.998000	0.192000	192.000000	0.000000	0.000000	0.000000	0.000000	0.000000	0.000000	0.000000	0.000000	0.000000	1741629023.979665	0.000000
102.000000	-22251.809806	-7354.081554	-28964.955087	-24710.568751	-11180.052004	-18109.740986	-13447.725886	-9073.556551	-22662.009020	-25401.885855	-28099.830818	-6393.560039	-26100.802553	-19124.644294	-28743.449300	-24120.549753	-0.030000	0.998000	0.192000	192.000000	0.000000	0.000000	0.000000	0.000000	0.000000	0.000000	0.000000	0.000000	0.000000	1741629023.979920	0.000000
104.000000	-22269.110056	-7364.117487	-28973.292288	-24716.402556	-11196.145260	-18101.448488	-13454.990203	-9065.040537	-22677.387020	-25410.468925	-28117.198124	-6407.865156	-26117.119326	-19135.574297	-28760.615439	-24124.349549	-0.032000	0.996000	0.182000	192.000000	127.500000	0.000000	15.500000	16.000000	2.500000	88.000000	0.000000	0.000000	0.000000	1741629024.031969	0.000000
106.000000	-22241.818576	-7353.388650	-28965.536233	-24717.050757	-11183.628283	-18111.260904	-13459.684069	-9095.573019	-22662.053724	-25404.076326	-28101.507199	-6396.376359	-26082.809399	-19113.446070	-28751.227707	-24122.226134	-0.032000	0.996000	0.182000	192.000000	0.000000	0.000000	0.000000	0.000000	0.000000	0.000000	0.000000	0.000000	0.000000	1741629024.032248	0.000000
108.000000	-22265.086742	-7363.961025	-28975.572166	-24716.469612	-11198.872173	-18114.077224	-13454.252595	-9071.299025	-22661.561985	-25400.790620	-28104.837609	-6398.902106	-26098.857951	-19082.153628	-28755.631000	-24125.824764	-0.032000	0.996000	0.182000	192.000000	0.000000	0.000000	0.000000	0.000000	0.000000	0.000000	0.000000	0.000000	0.000000	1741629024.032516	0.000000
110.000000	-22235.940067	-7334.143798	-28952.795738	-24696.129524	-11172.407707	-18094.988834	-13423.898926	-9056.904502	-22659.572680	-25397.348451	-28094.488751	-6388.329731	-26089.649032	-19059.488959	-28742.242306	-24113.620712	-0.032000	0.996000	0.182000	192.000000	0.000000	0.000000	0.000000	0.000000	0.000000	0.000000	0.000000	0.000000	0.000000	1741629024.032767	0.000000
112.000000	-22260.728152	-7351.444048	-28968.061980	-24699.906969	-11184.321187	-18107.908143	-13442.383819	-9061.173685	-22653.738875	-25394.912111	-28089.861940	-6386.027501	-26089.269053	-19147.376018	-28740.476518	-24105.037642	-0.032000	0.996000	0.182000	192.000000	0.000000	0.000000	0.000000	0.000000	0.000000	0.000000	0.000000	0.000000	0.000000	1741629024.033032	0.000000
114.000000	-22240.700989	-7353.746278	-28972.577032	-24711.105193	-11185.818754	-18114.814832	-13449.558729	-9068.192132	-22659.639735	-25409.753669	-28098.422658	-6398.410368	-26095.169913	-19123.482004	-28748.947829	-24118.135764	-0.030000	0.994000	0.182000	192.000000	127.500000	16.000000	15.500000	0.000000	2.500000	88.000000	0.000000	0.000000	0.000000	1741629024.033302	0.000000
116.000000	-22271.322879	-7362.329347	-28978.142617	-24712.915684	-11188.836239	-18109.293951	-13447.994107	-9072.036633	-22663.886567	-25408.010233	-28101.574254	-6400.086749	-26102.434230	-19081.281910	-28743.158727	-24121.510878	-0.030000	0.994000	0.182000	192.000000	0.000000	0.000000	0.000000	0.000000	0.000000	0.000000	0.000000	0.000000	0.000000	1741629024.033583	0.000000
118.000000	-22250.781626	-7344.827932	-28968.956050	-24712.066318	-11179.649672	-18115.954771	-13448.374086	-9075.791726	-22665.831168	-25402.355242	-28102.222455	-6397.002208	-26106.636358	-19091.451954	-28755.698056	-24118.985131	-0.030000	0.994000	0.182000	192.000000	0.000000	0.000000	0.000000	0.000000	0.000000	0.000000	0.000000	0.000000	0.000000	1741629024.033823	0.000000
120.000000	-22278.631899	-7363.715156	-28986.390410	-24728.114871	-11200.950885	-18129.008189	-13466.680165	-9096.355331	-22668.222805	-25410.647739	-28107.028080	-6402.210164	-26091.906559	-19118.542268	-28746.556192	-24129.669265	-0.030000	0.994000	0.182000	192.000000	0.000000	0.000000	0.000000	0.000000	0.000000	0.000000	0.000000	0.000000	0.000000	1741629024.086192	0.000000
122.000000	-22244.545489	-7340.223472	-28965.245660	-24714.994397	-11182.488344	-18106.008244	-13441.981488	-9058.245606	-22671.262642	-25408.501972	-28111.498429	-6402.791310	-26111.821963	-19131.573335	-28764.035256	-24127.411738	-0.030000	0.994000	0.182000	192.000000	0.000000	0.000000	0.000000	0.000000	0.000000	0.000000	0.000000	0.000000	0.000000	1741629024.086480	0.000000
124.000000	-22272.708687	-7358.931882	-28972.062942	-24719.978836	-11190.132641	-18115.574791	-13452.822084	-9074.987063	-22666.881700	-25407.384385	-28103.094173	-6398.097443	-26082.407067	-19109.892143	-28737.995474	-24122.919038	-0.029000	0.995000	0.180000	192.000000	127.500000	16.000000	15.500000	16.000000	2.500000	72.000000	0.000000	0.000000	0.000000	1741629024.086728	0.000000
126.000000	-22249.395817	-7350.035888	-28963.077541	-24716.111984	-11179.783783	-18119.106367	-13450.363392	-9082.944284	-22670.368573	-25410.692443	-28109.799696	-6401.249039	-26113.744213	-19080.566654	-28750.110120	-24128.104642	-0.029000	0.995000	0.180000	192.000000	0.000000	0.000000	0.000000	0.000000	0.000000	0.000000	0.000000	0.000000	0.000000	1741629024.086997	0.000000
128.000000	-22263.008030	-7356.763763	-28967.234965	-24718.347158	-11185.952864	-18099.056852	-13444.954270	-9075.277635	-22662.567814	-25404.366899	-28101.998937	-6397.292781	-26094.029974	-19121.403291	-28728.652445	-24131.345645	-0.029000	0.995000	0.180000	192.000000	0.000000	0.000000	0.000000	0.000000	0.000000	0.000000	0.000000	0.000000	0.000000	1741629024.087250	0.000000
130.000000	-22243.003219	-7348.359507	-28960.238869	-24715.240266	-11169.569036	-18105.471802	-13439.455740	-9061.128981	-22672.268471	-25408.837248	-28119.343891	-6402.545441	-26119.242742	-19128.667608	-28757.262678	-24129.177526	-0.029000	0.995000	0.180000	192.000000	0.000000	0.000000	0.000000	0.000000	0.000000	0.000000	0.000000	0.000000	0.000000	1741629024.087507	0.000000
132.000000	-22256.101341	-7356.316728	-28967.458483	-24723.666873	-11179.180286	-18114.591314	-13441.780322	-9055.250472	-22661.606689	-25396.946120	-28105.396403	-6389.268504	-26091.794800	-19090.200256	-28717.990663	-24122.494355	-0.029000	0.995000	0.180000	192.000000	0.000000	0.000000	0.000000	0.000000	0.000000	0.000000	0.000000	0.000000	0.000000	1741629024.087757	0.000000
134.000000	-22273.915681	-7361.859961	-28977.472064	-24729.992417	-11183.762393	-18120.134547	-13457.493598	-9080.731461	-22688.406430	-25415.207495	-28133.537249	-6413.251926	-26111.129059	-19112.909628	-28760.235460	-24144.264954	-0.031500	0.996500	0.182000	192.000000	127.000000	120.000000	15.500000	24.000000	2.500000	96.000000	0.000000	0.000000	0.000000	1741629024.145166	0.000000
136.000000	-22268.193635	-7358.842475	-28973.605212	-24721.007016	-11183.851800	-18102.476669	-13435.298316	-9053.663499	-22679.242215	-25414.961626	-28123.747185	-6410.055627	-26114.370062	-19113.870754	-28731.088785	-24137.246506	-0.031500	0.996500	0.182000	192.000000	0.000000	0.000000	0.000000	0.000000	0.000000	0.000000	0.000000	0.000000	0.000000	1741629024.145473	0.000000
138.000000	-22260.996373	-7343.263309	-28964.888032	-24719.665911	-11176.967463	-18115.932419	-13439.835720	-9072.863647	-22673.117837	-25410.401870	-28121.355548	-6409.809757	-26118.035748	-19093.396556	-28756.748588	-24131.032721	-0.031500	0.996500	0.182000	192.000000	0.000000	0.000000	0.000000	0.000000	0.000000	0.000000	0.000000	0.000000	0.000000	1741629024.145730	0.000000
140.000000	-22268.417152	-7355.623824	-28977.852044	-24728.092519	-11184.388242	-18123.576715	-13448.396438	-9077.333996	-22669.362744	-25412.234713	-28119.455650	-6406.971086	-26119.287445	-19095.855247	-28729.904143	-24140.912192	-0.031500	0.996500	0.182000	192.000000	0.000000	0.000000	0.000000	0.000000	0.000000	0.000000	0.000000	0.000000	0.000000	1741629024.145976	0.000000
142.000000	-22257.598908	-7352.516932	-28968.441959	-24715.933170	-11190.423213	-18108.668102	-13447.480017	-9072.908351	-22671.977898	-25410.133649	-28124.373034	-6404.914725	-26113.990082	-19133.562640	-28753.976971	-24133.938448	-0.031500	0.996500	0.182000	192.000000	0.000000	0.000000	0.000000	0.000000	0.000000	0.000000	0.000000	0.000000	0.000000	1741629024.146226	0.000000
144.000000	-22253.486187	-7353.656871	-28971.392390	-24720.470574	-11189.998530	-18118.793442	-13447.390610	-9072.260150	-22665.115913	-25406.400908	-28113.487734	-6395.750510	-26087.838541	-19116.955294	-28739.068358	-24138.140576	-0.034750	0.996250	0.184000	192.000000	127.000000	104.000000	15.500000	16.000000	2.500000	104.000000	0.000000	0.000000	0.000000	1741629024.146492	0.000000
146.000000	-22271.524044	-7365.168019	-28980.981288	-24730.059472	-11189.506792	-18127.152995	-13448.999935	-9069.756755	-22675.464770	-25411.832382	-28128.016368	-6405.831147	-26116.761698	-19109.333349	-28758.357913	-24136.687712	-0.034750	0.996250	0.184000	192.000000	0.000000	0.000000	0.000000	0.000000	0.000000	0.000000	0.000000	0.000000	0.000000	1741629024.146753	0.000000
148.000000	-22244.456082	-7346.191388	-28963.189299	-24716.871943	-11180.230818	-18108.601047	-13452.285642	-9082.653711	-22665.853520	-25414.447536	-28113.420679	-6403.283048	-26116.359367	-19081.773648	-28738.241343	-24136.777119	-0.034750	0.996250	0.184000	192.000000	0.000000	0.000000	0.000000	0.000000	0.000000	0.000000	0.000000	0.000000	0.000000	1741629024.147011	0.000000
150.000000	-22261.778684	-7355.176789	-28978.723762	-24725.365606	-11197.218144	-18105.494154	-13455.034906	-9067.856856	-22663.908918	-25404.970396	-28112.504257	-6399.326789	-26100.757849	-19115.524783	-28753.887564	-24127.881125	-0.034750	0.996250	0.184000	192.000000	0.000000	0.000000	0.000000	0.000000	0.000000	0.000000	0.000000	0.000000	0.000000	1741629024.204869	0.000000
152.000000	-22248.412341	-7352.114600	-28971.772369	-24723.622170	-11181.326053	-18117.027654	-13436.058275	-9071.097859	-22665.831168	-25419.923713	-28114.091231	-6404.825318	-26092.532407	-19121.827975	-28747.785538	-24139.369922	-0.034750	0.996250	0.184000	192.000000	0.000000	0.000000	0.000000	0.000000	0.000000	0.000000	0.000000	0.000000	0.000000	1741629024.205146	0.000000
154.000000	-22265.533777	-7354.282719	-28970.677134	-24720.202353	-11174.911103	-18121.252134	-13457.895930	-9089.426290	-22661.673744	-25409.798373	-28115.968778	-6399.505603	-26100.400221	-19092.413079	-28756.279201	-24133.200840	-0.036375	0.999125	0.184000	192.000000	127.000000	104.000000	15.500000	40.000000	2.500000	96.000000	0.000000	0.000000	0.000000	1741629024.205440	0.000000
156.000000	-22254.357905	-7353.008670	-28972.018239	-24727.310208	-11178.420327	-18121.632114	-13449.625784	-9078.384528	-22665.920575	-25409.060765	-28115.164115	-6399.572658	-26123.042539	-19159.915347	-28753.686399	-24138.207631	-0.036375	0.999125	0.184000	192.000000	0.000000	0.000000	0.000000	0.000000	0.000000	0.000000	0.000000	0.000000	0.000000	1741629024.205713	0.000000
158.000000	-22267.321916	-7358.395440	-28974.365172	-24729.500679	-11184.902332	-18124.135509	-13458.946462	-9075.232932	-22672.491988	-25419.074347	-28124.305978	-6409.832109	-26114.727690	-19093.888294	-28758.648486	-24149.875242	-0.036375	0.999125	0.184000	192.000000	0.000000	0.000000	0.000000	0.000000	0.000000	0.000000	0.000000	0.000000	0.000000	1741629024.205977	0.000000
160.000000	-22240.633934	-7345.297318	-28971.414741	-24722.862211	-11180.007300	-18116.781785	-13439.723961	-9066.314586	-22660.310288	-25409.150172	-28109.397365	-6400.690246	-26077.646146	-19116.307094	-28748.523146	-24134.340779	-0.036375	0.999125	0.184000	192.000000	0.000000	0.000000	0.000000	0.000000	0.000000	0.000000	0.000000	0.000000	0.000000	1741629024.206241	0.000000
162.000000	-22282.878731	-7365.615054	-28993.565320	-24737.457900	-11194.044196	-18135.289030	-13470.234093	-9085.268865	-22673.676631	-25413.687576	-28123.478964	-6409.787406	-26120.874419	-19112.484945	-28758.849652	-24146.388369	-0.036375	0.999125	0.184000	192.000000	0.000000	0.000000	0.000000	0.000000	0.000000	0.000000	0.000000	0.000000	0.000000	1741629024.206488	0.000000
164.000000	-22248.032361	-7356.003804	-28978.924928	-24729.657141	-11179.314396	-18120.738044	-13442.003839	-9079.435060	-22673.274299	-25420.773079	-28123.993054	-6411.039103	-26121.992007	-19150.997001	-28760.056646	-24143.147366	-0.035188	1.001562	0.187000	192.000000	127.000000	120.000000	15.500000	48.000000	2.500000	120.000000	0.000000	0.000000	0.000000	1741629024.264202	0.000000
166.000000	-22260.258765	-7354.685051	-28971.571204	-24712.312187	-11173.637053	-18115.552439	-13439.969831	-9067.007490	-22668.312212	-25411.050071	-28114.940597	-6405.898202	-26111.821963	-19130.947486	-28738.554268	-24135.458366	-0.035188	1.001562	0.187000	192.000000	0.000000	0.000000	0.000000	0.000000	0.000000	0.000000	0.000000	0.000000	0.000000	1741629024.264547	0.000000
168.000000	-22256.771893	-7358.574254	-28979.751942	-24726.192621	-11181.996606	-18120.179250	-13440.036886	-9070.315548	-22665.048857	-25405.171562	-28116.371109	-6401.070225	-26119.175687	-19109.109832	-28747.204393	-24130.876259	-0.035188	1.001562	0.187000	192.000000	0.000000	0.000000	0.000000	0.000000	0.000000	0.000000	0.000000	0.000000	0.000000	1741629024.264812	0.000000
170.000000	-22271.501693	-7367.939635	-28979.461369	-24724.270371	-11190.065585	-18120.849803	-13449.066991	-9082.206676	-22677.230558	-25416.414489	-28127.837554	-6409.966220	-26113.431288	-19096.905779	-28743.359893	-24141.560393	-0.035188	1.001562	0.187000	192.000000	0.000000	0.000000	0.000000	0.000000	0.000000	0.000000	0.000000	0.000000	0.000000	1741629024.265059	0.000000
172.000000	-22248.121768	-7354.416830	-28965.826805	-24724.337426	-11169.569036	-18118.368759	-13436.170034	-9058.871455	-22673.207244	-25412.815858	-28123.255446	-6407.194603	-26104.155314	-19109.646274	-28747.182041	-24134.564297	-0.035188	1.001562	0.187000	192.000000	0.000000	0.000000	0.000000	0.000000	0.000000	0.000000	0.000000	0.000000	0.000000	1741629024.265323	0.000000
174.000000	-22266.226681	-7355.512065	-28967.458483	-24726.796118	-11169.904312	-18109.182192	-13443.523758	-9057.373888	-22662.031372	-25413.061728	-28107.743336	-6396.130490	-26098.969710	-19090.468477	-28721.164611	-24130.473927	-0.032594	1.001781	0.188500	192.000000	127.500000	8.000000	15.500000	40.000000	2.500000	120.000000	0.000000	0.000000	0.000000	1741629024.265570	0.000000
176.000000	-22244.344323	-7350.885254	-28968.911346	-24728.137222	-11170.574864	-18124.336675	-13447.323554	-9076.685795	-22671.396753	-25411.854733	-28118.114545	-6400.645542	-26141.393321	-19145.878452	-28753.887564	-24140.934544	-0.032594	1.001781	0.188500	192.000000	0.000000	0.000000	0.000000	0.000000	0.000000	0.000000	0.000000	0.000000	0.000000	1741629024.265848	0.000000
178.000000	-22266.047867	-7357.546074	-28978.701410	-24726.617304	-11181.326053	-18122.213259	-13452.263290	-9074.808249	-22665.317078	-25413.084079	-28114.962949	-6397.650408	-26126.752928	-19132.981495	-28735.089747	-24143.750864	-0.032594	1.001781	0.188500	192.000000	0.000000	0.000000	0.000000	0.000000	0.000000	0.000000	0.000000	0.000000	0.000000	1741629024.266096	0.000000
180.000000	-22260.549338	-7353.835685	-28976.242718	-24725.834993	-11174.262902	-18117.809965	-13447.323554	-9087.906371	-22680.292747	-25415.051033	-28134.096042	-6406.367589	-26123.802498	-19106.248809	-28766.315134	-24148.332971	-0.032594	1.001781	0.188500	192.000000	0.000000	0.000000	0.000000	0.000000	0.000000	0.000000	0.000000	0.000000	0.000000	1741629024.294674	0.000000
182.000000	-22265.220853	-7353.366298	-28976.980326	-24721.699920	-11177.660367	-18107.639922	-13439.813368	-9068.192132	-22669.541558	-25415.073385	-28120.863810	-6403.126586	-26130.351559	-19120.330408	-28735.134451	-24140.688675	-0.032594	1.001781	0.188500	192.000000	0.000000	0.000000	0.000000	0.000000	0.000000	0.000000	0.000000	0.000000	0.000000	1741629024.294967	0.000000
184.000000	-22260.415227	-7356.160266	-28980.757771	-24725.320903	-11171.111306	-18104.555381	-13443.300240	-9056.144542	-22673.609575	-25407.183219	-28127.167002	-6404.244173	-26121.679082	-19095.207047	-28758.156748	-24128.462270	-0.035297	1.002891	0.188250	192.000000	127.000000	104.000000	15.500000	48.000000	2.500000	112.000000	0.000000	0.000000	0.000000	1741629024.350902	0.000000
186.000000	-22255.430788	-7354.193312	-28973.359343	-24726.729062	-11167.736193	-18099.123907	-13436.505310	-9056.569225	-22671.776732	-25407.652605	-28119.835629	-6404.691208	-26118.773355	-19089.842628	-28730.507640	-24129.691616	-0.035297	1.002891	0.188250	192.000000	0.000000	0.000000	0.000000	0.000000	0.000000	0.000000	0.000000	0.000000	0.000000	1741629024.351250	0.000000
188.000000	-22260.258765	-7354.550940	-28974.409875	-24729.075996	-11171.781858	-18098.498058	-13434.918336	-9054.535217	-22675.017735	-25410.938312	-28129.826859	-6407.686342	-26124.026015	-19115.703597	-28753.574640	-24126.607076	-0.035297	1.002891	0.188250	192.000000	0.000000	0.000000	0.000000	0.000000	0.000000	0.000000	0.000000	0.000000	0.000000	1741629024.351529	0.000000
190.000000	-22263.298602	-7354.595644	-28982.143579	-24729.567734	-11167.959710	-18108.288122	-13432.057313	-9066.068717	-22675.308308	-25417.912056	-28125.490621	-6406.099368	-26133.234934	-19098.135125	-28734.866230	-24142.990904	-0.035297	1.002891	0.188250	192.000000	0.000000	0.000000	0.000000	0.000000	0.000000	0.000000	0.000000	0.000000	0.000000	1741629024.351784	0.000000
192.000000	-22252.010972	-7353.276891	-28974.879262	-24720.001187	-11174.687585	-18115.843012	-13443.926089	-9084.687720	-22678.079924	-25409.016062	-28130.050377	-6403.238345	-26161.666353	-19135.440187	-28756.837995	-24139.056997	-0.035297	1.002891	0.188250	192.000000	0.000000	0.000000	0.000000	0.000000	0.000000	0.000000	0.000000	0.000000	0.000000	1741629024.352031	0.000000
194.000000	-22251.921565	-7360.362394	-28975.192186	-24727.243153	-11176.185152	-18108.623398	-13439.008705	-9070.203789	-22674.593052	-25417.755594	-28120.684996	-6407.932211	-26091.727745	-19128.868774	-28738.107233	-24148.623544	-0.035648	1.003445	0.188125	192.000000	127.000000	112.000000	15.500000	48.000000	2.500000	112.000000	0.000000	0.000000	0.000000	1741629024.352301	0.000000
196.000000	-22258.112998	-7355.981452	-28967.614945	-24716.581370	-11173.637053	-18105.315340	-13434.337191	-9054.848141	-22681.298576	-25413.911094	-28132.106737	-6409.005095	-26137.571172	-19102.828992	-28754.133434	-24130.608038	-0.035648	1.003445	0.188125	192.000000	0.000000	0.000000	0.000000	0.000000	0.000000	0.000000	0.000000	0.000000	0.000000	1741629024.352560	0.000000
198.000000	-22249.395817	-7355.780286	-28969.626602	-24726.460841	-11176.632187	-18112.646712	-13443.501406	-9084.106575	-22672.402581	-25409.440745	-28119.343891	-6397.002208	-26115.375890	-19097.777498	-28733.502773	-24125.891820	-0.035648	1.003445	0.188125	192.000000	0.000000	0.000000	0.000000	0.000000	0.000000	0.000000	0.000000	0.000000	0.000000	1741629024.352813	0.000000
200.000000	-22271.412286	-7359.200103	-28976.309773	-24730.797080	-11183.427117	-18104.913009	-13454.096133	-9060.413725	-22684.517227	-25416.503896	-28134.408967	-6408.379246	-26167.120179	-19094.335329	-28759.251983	-24134.877221	-0.035648	1.003445	0.188125	192.000000	0.000000	0.000000	0.000000	0.000000	0.000000	0.000000	0.000000	0.000000	0.000000	1741629024.404543	0.000000
202.000000	-22238.309352	-7349.387687	-28951.544041	-24722.884562	-11157.342632	-18096.218180	-13418.556859	-9060.391374	-22671.620270	-25406.758536	-28114.627673	-6397.762167	-26122.908428	-19114.250733	-28743.315189	-24127.657608	-0.035648	1.003445	0.188125	192.000000	0.000000	0.000000	0.000000	0.000000	0.000000	0.000000	0.000000	0.000000	0.000000	1741629024.404860	0.000000
204.000000	-22271.881672	-7373.684034	-28967.592593	-24729.500679	-11175.715765	-18113.361968	-13440.908604	-9076.372871	-22680.046878	-25421.555391	-28121.489659	-6406.434644	-26120.270922	-19125.448957	-28743.225782	-24133.536116	-0.033824	1.001723	0.188062	192.000000	127.500000	0.000000	15.500000	32.000000	2.500000	112.000000	0.000000	0.000000	0.000000	1741629024.405099	0.000000
206.000000	-22254.313201	-7355.579121	-28981.405971	-24744.319885	-11179.739079	-18122.213259	-13443.456703	-9077.669272	-22683.220826	-25417.241504	-28129.670397	-6412.156691	-26129.301027	-19117.357626	-28751.562983	-24153.116244	-0.033824	1.001723	0.188062	192.000000	0.000000	0.000000	0.000000	0.000000	0.000000	0.000000	0.000000	0.000000	0.000000	1741629024.405367	0.000000
208.000000	-22271.971079	-7392.906534	-28972.018239	-24725.544420	-11172.251245	-18119.642808	-13440.416865	-9072.237798	-22692.787372	-25427.500955	-28142.276781	-6424.696019	-26149.507004	-19117.514088	-28757.307381	-24153.160948	-0.033824	1.001723	0.188062	192.000000	0.000000	0.000000	0.000000	0.000000	0.000000	0.000000	0.000000	0.000000	0.000000	1741629024.405643	0.000000
210.000000	-22257.867129	-7405.535269	-28967.190262	-24733.523993	-11169.233760	-18089.244436	-13421.239069	-9055.362231	-22718.782451	-25436.262838	-28138.052301	-6424.696019	-26141.996818	-19124.443129	-28752.680570	-24135.234849	-0.033824	1.001723	0.188062	192.000000	0.000000	0.000000	0.000000	0.000000	0.000000	0.000000	0.000000	0.000000	0.000000	1741629024.405897	0.000000
212.000000	-22304.068184	-7455.424363	-28986.479817	-24748.097330	-11187.651597	-18107.125831	-13438.271098	-9055.116362	-22738.228469	-25446.388179	-28143.707293	-6430.909804	-26142.332094	-19120.285704	-28746.824413	-24137.917058	-0.033824	1.001723	0.188062	192.000000	0.000000	0.000000	0.000000	0.000000	0.000000	0.000000	0.000000	0.000000	0.000000	1741629024.406158	0.000000
214.000000	-22292.937016	-7495.903372	-28990.726649	-24757.149787	-11185.438774	-18108.556343	-13439.813368	-9062.112458	-22785.904740	-25478.529987	-28176.430246	-6458.111877	-26156.547803	-19157.613117	-28767.499777	-24149.294096	-0.033912	1.000861	0.189031	192.000000	127.000000	120.000000	15.500000	32.000000	2.500000	120.000000	0.000000	0.000000	0.000000	1741629024.465256	0.000000
216.000000	-22334.913592	-7549.055821	-29010.217370	-24767.990383	-11197.173440	-18119.285180	-13460.064049	-9082.251380	-22821.891048	-25500.188828	-28190.891825	-6476.887343	-26162.873347	-19139.642315	-28756.413312	-24152.713913	-0.033912	1.000861	0.189031	192.000000	0.000000	0.000000	0.000000	0.000000	0.000000	0.000000	0.000000	0.000000	0.000000	1741629024.465584	0.000000
218.000000	-22338.199298	-7593.938123	-29019.694509	-24785.715316	-11196.994626	-18130.595163	-13458.924110	-9091.035615	-22860.514863	-25526.921514	-28214.607026	-6503.061235	-26192.824685	-19171.337089	-28784.688268	-24175.199768	-0.033912	1.000861	0.189031	192.000000	0.000000	0.000000	0.000000	0.000000	0.000000	0.000000	0.000000	0.000000	0.000000	1741629024.465848	0.000000
220.000000	-22367.949470	-7644.207197	-29038.782899	-24798.321700	-11213.736083	-18144.028562	-13473.162171	-9108.827604	-22897.261130	-25563.108988	-28231.951980	-6525.323573	-26200.200760	-19139.374094	-28772.640678	-24194.891655	-0.033912	1.000861	0.189031	192.000000	0.000000	0.000000	0.000000	0.000000	0.000000	0.000000	0.000000	0.000000	0.000000	1741629024.466100	0.000000
222.000000	-22343.630772	-7676.840744	-29035.944228	-24805.720127	-11210.271562	-18143.670934	-13467.730697	-9086.006473	-22927.704206	-25578.799913	-28246.838241	-6539.315765	-26187.437914	-19194.180571	-28807.352937	-24198.132658	-0.033912	1.000861	0.189031	192.000000	0.000000	0.000000	0.000000	0.000000	0.000000	0.000000	0.000000	0.000000	0.000000	1741629024.466367	0.000000
224.000000	-22366.921290	-7716.336276	-29044.929629	-24809.654034	-11215.412464	-18150.197643	-13474.637386	-9091.907333	-22946.345561	-25598.938835	-28250.705093	-6551.296300	-26167.477807	-19184.904597	-28787.504588	-24204.972292	-0.032956	0.996431	0.185516	192.000000	127.500000	0.000000	15.500000	0.000000	2.500000	88.000000	0.000000	0.000000	0.000000	1741629024.466627	0.000000
226.000000	-22370.676383	-7735.826997	-29051.590449	-24822.126308	-11220.016923	-18163.116951	-13490.261256	-9118.751778	-22979.873178	-25614.115669	-28269.145282	-6568.395384	-26210.884894	-19189.330243	-28819.087603	-24213.242437	-0.032956	0.996431	0.185516	192.000000	0.000000	0.000000	0.000000	0.000000	0.000000	0.000000	0.000000	0.000000	0.000000	1741629024.466884	0.000000
228.000000	-22391.619967	-7769.689890	-29061.693437	-24835.403244	-11222.520318	-18172.057649	-13467.149552	-9085.358272	-22989.618539	-25635.238068	-28274.666163	-6582.946370	-26209.476734	-19204.820002	-28793.494856	-24218.003359	-0.032956	0.996431	0.185516	192.000000	0.000000	0.000000	0.000000	0.000000	0.000000	0.000000	0.000000	0.000000	0.000000	1741629024.467138	0.000000
230.000000	-22388.378964	-7774.271998	-29067.236670	-24853.932840	-11235.417275	-18181.311271	-13485.746203	-9103.217316	-23018.385234	-25664.876481	-28304.997481	-6612.383617	-26247.966438	-19195.588731	-28832.833926	-24231.347350	-0.032956	0.996431	0.185516	192.000000	0.000000	0.000000	0.000000	0.000000	0.000000	0.000000	0.000000	0.000000	0.000000	1741629024.525530	0.000000
232.000000	-22410.149564	-7800.624704	-29079.775999	-24870.763704	-11235.216109	-18191.302501	-13492.675244	-9125.881985	-23018.899324	-25672.140798	-28303.835190	-6620.989039	-26199.776077	-19262.152226	-28814.013757	-24248.222917	-0.032956	0.996431	0.185516	192.000000	0.000000	0.000000	0.000000	0.000000	0.000000	0.000000	0.000000	0.000000	0.000000	1741629024.525819	0.000000
234.000000	-22396.850276	-7811.286487	-29080.960641	-24874.585852	-11249.856502	-18198.365652	-13490.037738	-9130.911127	-23033.383254	-25687.563501	-28317.849734	-6635.070638	-26224.139479	-19243.242650	-28843.071025	-24252.402693	-0.034478	0.995215	0.182758	192.000000	127.000000	112.000000	15.500000	8.000000	2.500000	80.000000	0.000000	0.000000	0.000000	1741629024.526088	0.000000
236.000000	-22406.126250	-7808.984257	-29083.396981	-24867.343887	-11243.016868	-18196.599865	-13489.456593	-9119.757607	-23022.050920	-25693.598472	-28309.825457	-6631.449655	-26224.228886	-19262.621613	-28821.635702	-24256.113083	-0.034478	0.995215	0.182758	192.000000	0.000000	0.000000	0.000000	0.000000	0.000000	0.000000	0.000000	0.000000	0.000000	1741629024.526360	0.000000
238.000000	-22401.097107	-7775.568399	-29081.362972	-24853.955192	-11248.157769	-18188.776754	-13500.185430	-9120.137587	-23023.392024	-25698.605263	-28316.799202	-6625.928775	-26235.091833	-19261.414619	-28852.458757	-24244.043141	-0.034478	0.995215	0.182758	192.000000	0.000000	0.000000	0.000000	0.000000	0.000000	0.000000	0.000000	0.000000	0.000000	1741629024.526617	0.000000
240.000000	-22398.571360	-7774.473163	-29083.106408	-24860.101922	-11255.623252	-18195.258760	-13501.995921	-9136.432008	-23000.280321	-25678.242824	-28300.169504	-6607.175661	-26220.451441	-19194.269978	-28830.799917	-24239.326923	-0.034478	0.995215	0.182758	192.000000	0.000000	0.000000	0.000000	0.000000	0.000000	0.000000	0.000000	0.000000	0.000000	1741629024.526862	0.000000
242.000000	-22387.909578	-7746.600538	-29082.279394	-24861.934765	-11251.331717	-18182.205341	-13504.074634	-9125.099674	-22997.508704	-25674.800655	-28310.987748	-6616.228117	-26232.409624	-19263.090999	-28857.487900	-24249.049932	-0.034478	0.995215	0.182758	192.000000	0.000000	0.000000	0.000000	0.000000	0.000000	0.000000	0.000000	0.000000	0.000000	1741629024.527113	0.000000
244.000000	-22371.726915	-7726.774541	-29082.637022	-24867.947384	-11248.582452	-18183.457039	-13504.164041	-9142.489331	-22968.719658	-25666.731675	-28291.474675	-6605.678094	-26232.588438	-19243.197947	-28835.382025	-24247.909993	-0.036239	0.996608	0.183379	192.000000	127.000000	104.000000	15.500000	24.000000	2.500000	96.000000	0.000000	0.000000	0.000000	1741629024.583107	0.000000
246.000000	-22380.533502	-7711.441244	-29079.641888	-24866.561576	-11248.828322	-18173.398754	-13512.702407	-9140.902357	-22964.785750	-25667.983373	-28300.683594	-6606.818033	-26244.010180	-19182.557664	-28856.191499	-24261.455150	-0.036239	0.996608	0.183379	192.000000	0.000000	0.000000	0.000000	0.000000	0.000000	0.000000	0.000000	0.000000	0.000000	1741629024.583446	0.000000
248.000000	-22357.399447	-7674.717328	-29080.491254	-24867.589756	-11252.538711	-18203.931237	-13501.772404	-9139.740066	-22930.721692	-25644.178765	-28274.397942	-6588.757824	-26214.975263	-19249.031752	-28838.868897	-24270.507606	-0.036239	0.996608	0.183379	192.000000	0.000000	0.000000	0.000000	0.000000	0.000000	0.000000	0.000000	0.000000	0.000000	1741629024.583693	0.000000
250.000000	-22360.171063	-7656.455953	-29068.868347	-24846.735578	-11243.285089	-18204.042995	-13495.379805	-9109.296991	-22917.511811	-25639.283733	-28279.471788	-6586.567353	-26233.437804	-19254.262060	-28857.577307	-24268.540653	-0.036239	0.996608	0.183379	192.000000	0.000000	0.000000	0.000000	0.000000	0.000000	0.000000	0.000000	0.000000	0.000000	1741629024.583941	0.000000
252.000000	-22330.845574	-7636.473493	-29065.537937	-24849.954230	-11242.279260	-18200.354958	-13497.905552	-9135.984973	-22889.438020	-25624.308064	-28255.264849	-6568.730661	-26203.061784	-19238.437025	-28835.404376	-24258.147092	-0.036239	0.996608	0.183379	192.000000	0.000000	0.000000	0.000000	0.000000	0.000000	0.000000	0.000000	0.000000	0.000000	1741629024.584212	0.000000
254.000000	-22348.168176	-7628.628031	-29071.215280	-24853.888137	-11249.878854	-18189.603769	-13506.376863	-9135.068552	-22882.285462	-25627.593771	-28260.115178	-6578.096041	-26226.553467	-19214.297141	-28844.210964	-24260.739894	-0.032120	0.997304	0.179689	192.000000	127.500000	16.000000	15.500000	24.000000	2.500000	64.000000	0.000000	0.000000	0.000000	1741629024.584459	0.000000
0.000000	-22312.003054	-7600.822461	-29061.179347	-24858.514948	-11229.717580	-18190.877818	-13474.145648	-9130.665258	-22862.928851	-25616.149678	-28248.536974	-6570.362338	-26199.440801	-19215.593543	-28838.488917	-24258.974106	-0.032120	0.997304	0.179689	192.000000	0.000000	0.000000	0.000000	0.000000	0.000000	0.000000	0.000000	0.000000	0.000000	1741629024.584730	0.000000
2.000000	-22337.975781	-7592.954647	-29072.086998	-24862.024172	-11250.348240	-18184.284053	-13488.271950	-9126.306668	-22856.625659	-25608.125402	-28250.906259	-6565.243788	-26223.759499	-19218.834545	-28837.259571	-24263.332696	-0.032120	0.997304	0.179689	192.000000	0.000000	0.000000	0.000000	0.000000	0.000000	0.000000	0.000000	0.000000	0.000000	1741629024.584976	0.000000
4.000000	-22313.701786	-7580.527077	-29068.667182	-24864.684029	-11234.165577	-18178.629062	-13487.891971	-9129.190043	-22852.937621	-25606.292558	-28249.431044	-6567.970701	-26203.084135	-19191.990100	-28840.210001	-24268.115970	-0.032120	0.997304	0.179689	192.000000	0.000000	0.000000	0.000000	0.000000	0.000000	0.000000	0.000000	0.000000	0.000000	1741629024.643392	0.000000
6.000000	-22337.998132	-7577.844867	-29077.429065	-24856.771512	-11246.950775	-18197.628045	-13505.281628	-9143.517511	-22837.514918	-25596.144866	-28241.295009	-6556.906588	-26228.319255	-19209.513868	-28840.321760	-24269.702944	-0.032120	0.997304	0.179689	192.000000	0.000000	0.000000	0.000000	0.000000	0.000000	0.000000	0.000000	0.000000	0.000000	1741629024.643691	0.000000
8.000000	-22299.508429	-7559.516437	-29065.515586	-24859.051390	-11239.552348	-18196.689272	-13506.130994	-9167.366823	-22835.972647	-25597.977710	-28245.452433	-6556.839532	-26216.137554	-19253.010363	-28857.644362	-24292.255854	-0.030060	0.998652	0.179845	192.000000	127.500000	16.000000	15.500000	32.000000	2.500000	80.000000	0.000000	0.000000	0.000000	1741629024.643938	0.000000
10.000000	-22323.223629	-7571.116992	-29071.662315	-24861.644192	-11247.017830	-18190.475487	-13495.133936	-9124.071494	-22826.562563	-25596.144866	-28241.160898	-6554.000861	-26204.626406	-19194.001757	-28843.003970	-24292.501723	-0.030060	0.998652	0.179845	192.000000	0.000000	0.000000	0.000000	0.000000	0.000000	0.000000	0.000000	0.000000	0.000000	1741629024.644225	0.000000
12.000000	-22297.362661	-7544.406658	-29058.877117	-24853.776378	-11246.794313	-18191.347205	-13497.749090	-9171.121916	-22821.175792	-25587.986480	-28238.858669	-6549.284643	-26201.474810	-19231.060950	-28854.917449	-24284.902130	-0.030060	0.998652	0.179845	192.000000	0.000000	0.000000	0.000000	0.000000	0.000000	0.000000	0.000000	0.000000	0.000000	1741629024.644479	0.000000
14.000000	-22330.331484	-7555.783696	-29069.851824	-24856.391532	-11254.796237	-18198.008024	-13504.566372	-9125.278488	-22808.927036	-25582.487951	-28228.532163	-6539.606338	-26197.965586	-19187.273882	-28841.864031	-24278.129551	-0.030060	0.998652	0.179845	192.000000	0.000000	0.000000	0.000000	0.000000	0.000000	0.000000	0.000000	0.000000	0.000000	1741629024.644714	0.000000
16.000000	-22302.458859	-7529.766265	-29052.037484	-24846.713227	-11240.468769	-18189.469658	-13495.625674	-9139.784770	-22803.182638	-25581.817398	-28225.268808	-6536.477093	-26189.449571	-19251.848072	-28860.192461	-24272.183987	-0.030060	0.998652	0.179845	192.000000	0.000000	0.000000	0.000000	0.000000	0.000000	0.000000	0.000000	0.000000	0.000000	1741629024.644965	0.000000
18.000000	-22318.596818	-7536.337678	-29061.291106	-24844.835680	-11259.959490	-18200.064385	-13514.579954	-9136.990802	-22790.844475	-25578.107009	-28213.489439	-6532.699648	-26166.717847	-19220.712092	-28836.141984	-24268.563005	-0.031030	0.996326	0.179922	192.000000	127.500000	0.000000	15.500000	8.000000	2.500000	80.000000	0.000000	0.000000	0.000000	1741629024.704879	0.000000
20.000000	-22298.144972	-7525.564137	-29045.510774	-24833.525697	-11240.200548	-18192.353033	-13490.417718	-9124.116197	-22783.960138	-25572.206148	-28214.204695	-6532.811407	-26155.698437	-19199.366176	-28859.812481	-24251.329810	-0.031030	0.996326	0.179922	192.000000	0.000000	0.000000	0.000000	0.000000	0.000000	0.000000	0.000000	0.000000	0.000000	1741629024.705205	0.000000
22.000000	-22322.798946	-7534.482483	-29059.458263	-24828.116575	-11247.420162	-18191.369556	-13499.984264	-9128.117159	-22778.975699	-25572.161445	-28200.748944	-6528.676334	-26140.543954	-19205.647016	-28836.052577	-24246.144205	-0.031030	0.996326	0.179922	192.000000	0.000000	0.000000	0.000000	0.000000	0.000000	0.000000	0.000000	0.000000	0.000000	1741629024.705453	0.000000
24.000000	-22305.342234	-7522.211376	-29056.731350	-24829.524735	-11249.431819	-18189.693176	-13498.285532	-9144.389229	-22786.865865	-25568.898090	-28212.036575	-6534.823064	-26170.607051	-19160.049458	-28867.724999	-24234.789519	-0.031030	0.996326	0.179922	192.000000	0.000000	0.000000	0.000000	0.000000	0.000000	0.000000	0.000000	0.000000	0.000000	1741629024.705716	0.000000
26.000000	-22310.036100	-7528.179291	-29063.258059	-24832.810442	-11260.630043	-18193.537676	-13517.798605	-9154.112238	-22780.652080	-25573.211977	-28202.872360	-6537.237053	-26126.663521	-19232.692627	-28842.936914	-24240.802138	-0.031030	0.996326	0.179922	192.000000	0.000000	0.000000	0.000000	0.000000	0.000000	0.000000	0.000000	0.000000	0.000000	1741629024.705969	0.000000
28.000000	-22315.936961	-7523.619535	-29063.079245	-24833.771567	-11255.332679	-18199.930274	-13508.992017	-9158.828456	-22784.742449	-25567.981668	-28212.148334	-6542.288547	-26160.012324	-19239.465206	-28873.804673	-24232.867269	-0.029515	0.996163	0.179961	192.000000	127.500000	16.000000	15.500000	16.000000	2.500000	80.000000	0.000000	0.000000	0.000000	1741629024.706228	0.000000
30.000000	-22310.281969	-7521.563175	-29063.749798	-24834.710340	-11256.986708	-18197.806859	-13511.696578	-9146.311479	-22783.736620	-25569.009849	-28204.392279	-6541.953271	-26140.096920	-19198.829734	-28846.334379	-24242.143243	-0.029515	0.996163	0.179961	192.000000	0.000000	0.000000	0.000000	0.000000	0.000000	0.000000	0.000000	0.000000	0.000000	1741629024.706495	0.000000
32.000000	-22313.210048	-7523.485425	-29054.116196	-24823.266247	-11248.828322	-18183.188818	-13506.287456	-9131.738142	-22782.373164	-25568.853387	-28208.482648	-6542.757933	-26152.837414	-19188.726746	-28865.601583	-24226.318208	-0.029515	0.996163	0.179961	192.000000	0.000000	0.000000	0.000000	0.000000	0.000000	0.000000	0.000000	0.000000	0.000000	1741629024.706752	0.000000
34.000000	-22305.118716	-7514.321210	-29051.746911	-24811.956264	-11250.594109	-18184.932254	-13502.062977	-9129.480616	-22779.556844	-25566.260584	-28194.110476	-6537.125294	-26123.690739	-19188.436173	-28838.332455	-24218.606856	-0.029515	0.996163	0.179961	192.000000	0.000000	0.000000	0.000000	0.000000	0.000000	0.000000	0.000000	0.000000	0.000000	1741629024.763770	0.000000
36.000000	-22317.568638	-7527.396980	-29061.089940	-24821.411052	-11258.797200	-18195.817553	-13508.410872	-9143.495160	-22787.223493	-25570.507416	-28213.578846	-6551.206893	-26151.451606	-19215.794708	-28865.959211	-24218.316283	-0.029515	0.996163	0.179961	192.000000	0.000000	0.000000	0.000000	0.000000	0.000000	0.000000	0.000000	0.000000	0.000000	1741629024.764057	0.000000
38.000000	-22293.741678	-7509.493233	-29051.836318	-24825.903753	-11254.684479	-18193.984710	-13509.662570	-9151.318270	-22774.706516	-25562.952526	-28197.172665	-6536.164169	-26132.542030	-19220.622685	-28844.367426	-24224.664178	-0.028757	1.001081	0.180981	192.000000	127.500000	16.000000	15.500000	56.000000	2.500000	88.000000	0.000000	0.000000	0.000000	1741629024.764324	0.000000
40.000000	-22301.564789	-7507.325114	-29051.992780	-24822.260418	-11255.287976	-18186.630987	-13511.651875	-9139.248328	-22773.208949	-25556.716389	-28204.615796	-6532.476131	-26147.830623	-19191.923045	-28861.824138	-24228.598085	-0.028757	1.001081	0.180981	192.000000	0.000000	0.000000	0.000000	0.000000	0.000000	0.000000	0.000000	0.000000	0.000000	1741629024.764598	0.000000
42.000000	-22294.523990	-7503.122986	-29055.591411	-24833.190421	-11255.399734	-18207.641626	-13512.076558	-9158.046145	-22764.245899	-25555.375285	-28191.785895	-6527.223471	-26123.891905	-19155.713219	-28847.831946	-24229.626266	-0.028757	1.001081	0.180981	192.000000	0.000000	0.000000	0.000000	0.000000	0.000000	0.000000	0.000000	0.000000	0.000000	1741629024.764857	0.000000
44.000000	-22303.509391	-7505.000532	-29050.651676	-24821.254590	-11250.996441	-18199.460888	-13518.066826	-9141.036468	-22767.822178	-25558.079846	-28203.587616	-6533.750180	-26144.567268	-19235.821871	-28867.568537	-24234.633056	-0.028757	1.001081	0.180981	192.000000	0.000000	0.000000	0.000000	0.000000	0.000000	0.000000	0.000000	0.000000	0.000000	1741629024.765100	0.000000
46.000000	-22286.276196	-7495.992779	-29052.283353	-24825.300255	-11252.426952	-18212.469603	-13515.921058	-9156.325061	-22759.350867	-25554.682381	-28192.322337	-6525.502387	-26123.109594	-19219.818022	-28852.436406	-24232.129661	-0.028757	1.001081	0.180981	192.000000	0.000000	0.000000	0.000000	0.000000	0.000000	0.000000	0.000000	0.000000	0.000000	1741629024.765366	0.000000
48.000000	-22314.260580	-7521.496120	-29055.926687	-24822.528639	-11263.468714	-18211.083795	-13523.408893	-9156.861503	-22767.933937	-25558.325715	-28211.880113	-6534.532492	-26149.104673	-19227.395264	-28866.294487	-24240.176289	-0.030379	1.002541	0.182490	192.000000	127.500000	0.000000	15.500000	48.000000	2.500000	96.000000	0.000000	0.000000	0.000000	1741629024.826044	0.000000
50.000000	-22288.064335	-7541.456227	-29039.252286	-24821.321645	-11240.871101	-18207.596923	-13508.634389	-9155.498046	-22783.758972	-25583.851407	-28208.236779	-6541.103904	-26129.457489	-19211.793746	-28857.398493	-24229.469804	-0.030379	1.002541	0.182490	192.000000	0.000000	0.000000	0.000000	0.000000	0.000000	0.000000	0.000000	0.000000	0.000000	1741629024.826374	0.000000
52.000000	-22313.455917	-7567.607768	-29049.981123	-24837.124328	-11254.371554	-18217.834022	-13524.347666	-9161.264796	-22787.670527	-25592.993271	-28210.427250	-6550.469285	-26114.526524	-19221.159127	-28848.904830	-24229.581562	-0.030379	1.002541	0.182490	192.000000	0.000000	0.000000	0.000000	0.000000	0.000000	0.000000	0.000000	0.000000	0.000000	1741629024.826637	0.000000
54.000000	-22298.569655	-7584.483336	-29054.049141	-24854.513985	-11252.494008	-18228.786377	-13517.955067	-9169.289073	-22804.590798	-25623.928085	-28223.547724	-6572.485754	-26124.629512	-19219.683912	-28860.885365	-24240.623324	-0.030379	1.002541	0.182490	192.000000	0.000000	0.000000	0.000000	0.000000	0.000000	0.000000	0.000000	0.000000	0.000000	1741629024.826898	0.000000
56.000000	-22327.090481	-7614.412321	-29066.074379	-24866.047486	-11267.223807	-18230.149833	-13535.031800	-9174.251160	-22822.785118	-25647.643286	-28244.915991	-6589.338969	-26142.466204	-19266.443761	-28858.180804	-24253.564984	-0.030379	1.002541	0.182490	192.000000	0.000000	0.000000	0.000000	0.000000	0.000000	0.000000	0.000000	0.000000	0.000000	1741629024.827140	0.000000
58.000000	-22300.335443	-7611.528946	-29057.088978	-24868.506177	-11252.963394	-18224.360731	-13526.985172	-9164.528151	-22837.313752	-25669.816216	-28255.376608	-6604.247582	-26139.225202	-19264.722677	-28878.878519	-24257.208318	-0.034189	1.004270	0.176245	192.000000	127.000000	104.000000	15.500000	56.000000	2.500000	40.000000	0.000000	0.000000	0.000000	1741629024.827374	0.000000
60.000000	-22330.644409	-7644.318955	-29068.577775	-24880.665526	-11265.681537	-18224.785414	-13533.422474	-9175.704023	-22837.403159	-25669.413885	-28251.621515	-6598.704350	-26123.377815	-19261.749895	-28860.147758	-24251.016885	-0.034189	1.004270	0.176245	192.000000	0.000000	0.000000	0.000000	0.000000	0.000000	0.000000	0.000000	0.000000	0.000000	1741629024.827660	0.000000
62.000000	-22320.809641	-7656.902988	-29063.079245	-24894.814181	-11258.193702	-18250.042886	-13525.442901	-9195.328855	-22872.003659	-25700.259292	-28281.841073	-6620.832577	-26143.092053	-19264.186235	-28896.134066	-24279.157731	-0.034189	1.004270	0.176245	192.000000	0.000000	0.000000	0.000000	0.000000	0.000000	0.000000	0.000000	0.000000	0.000000	1741629024.827906	0.000000
64.000000	-22346.156519	-7670.649310	-29068.957754	-24910.795678	-11271.917674	-18236.207156	-13518.826785	-9196.692311	-22868.986174	-25706.875409	-28276.990745	-6619.603231	-26130.753890	-19271.741125	-28871.927127	-24281.191740	-0.034189	1.004270	0.176245	192.000000	0.000000	0.000000	0.000000	0.000000	0.000000	0.000000	0.000000	0.000000	0.000000	1741629024.885076	0.000000
66.000000	-22322.508374	-7656.902988	-29045.309609	-24907.577027	-11252.695173	-18222.840813	-13517.262163	-9190.277361	-22874.887034	-25700.661624	-28291.206454	-6620.340838	-26118.974521	-19241.901546	-28896.402287	-24289.126609	-0.034189	1.004270	0.176245	192.000000	0.000000	0.000000	0.000000	0.000000	0.000000	0.000000	0.000000	0.000000	0.000000	1741629024.885351	0.000000
68.000000	-22362.294479	-7667.967101	-29062.855728	-24926.620713	-11253.030450	-18255.139083	-13533.176605	-9231.583384	-22871.891901	-25700.214589	-28291.251158	-6612.651838	-26101.338995	-19301.737166	-28862.025304	-24291.853522	-0.073095	1.003135	0.169123	192.000000	126.000000	64.000000	15.500000	40.000000	2.500000	8.000000	0.000000	0.000000	0.000000	1741629024.885619	0.000000
70.000000	-22359.835787	-7667.676528	-29061.782844	-24932.678036	-11247.822493	-18249.595851	-13542.519634	-9266.228588	-22888.678061	-25702.650929	-28315.771021	-6615.378751	-26127.423480	-19301.424241	-28898.883331	-24327.102223	-0.073095	1.003135	0.169123	192.000000	0.000000	0.000000	0.000000	0.000000	0.000000	0.000000	0.000000	0.000000	0.000000	1741629024.885889	0.000000
72.000000	-22343.139034	-7663.027366	-29050.472862	-24911.667396	-11244.201510	-18205.004120	-13503.158212	-9155.654509	-22879.402087	-25702.896798	-28298.783696	-6592.065882	-26096.779239	-19293.958759	-28869.311973	-24309.556104	-0.073095	1.003135	0.169123	192.000000	0.000000	0.000000	0.000000	0.000000	0.000000	0.000000	0.000000	0.000000	0.000000	1741629024.886147	0.000000
74.000000	-22339.965086	-7667.073031	-29053.222126	-24909.275759	-11244.246214	-18213.877763	-13506.712139	-9190.791451	-22868.472084	-25692.793810	-28294.782733	-6576.777289	-26106.055213	-19261.951061	-28879.750237	-24293.708717	-0.073095	1.003135	0.169123	192.000000	0.000000	0.000000	0.000000	0.000000	0.000000	0.000000	0.000000	0.000000	0.000000	1741629024.886412	0.000000
76.000000	-22338.713388	-7674.963197	-29072.578737	-24896.423506	-11250.862330	-18226.461795	-13524.593535	-9202.794338	-22878.552720	-25724.779156	-28278.287146	-6579.437146	-26103.082431	-19278.960738	-28859.901888	-24304.214037	-0.073095	1.003135	0.169123	192.000000	0.000000	0.000000	0.000000	0.000000	0.000000	0.000000	0.000000	0.000000	0.000000	1741629024.886672	0.000000
78.000000	-22334.846536	-7674.292645	-29101.725412	-24904.827762	-11269.056650	-18239.425807	-13546.408838	-9182.633064	-22892.701375	-25722.722795	-28274.599108	-6594.792795	-26170.987030	-19289.801334	-28895.195293	-24294.714546	-0.082547	0.993568	0.160561	192.000000	126.500000	16.000000	15.000000	96.000000	2.000000	96.000000	0.000000	0.000000	0.000000	1741629024.944672	0.000000
80.000000	-22310.907818	-7663.832028	-29097.612691	-24894.188332	-11268.721374	-18250.646383	-13532.438997	-9190.120898	-22875.602290	-25730.143574	-28254.951925	-6600.268972	-26168.483635	-19324.379483	-28874.005839	-24299.900150	-0.082547	0.993568	0.160561	192.000000	0.000000	0.000000	0.000000	0.000000	0.000000	0.000000	0.000000	0.000000	0.000000	1741629024.944983	0.000000
82.000000	-22320.116737	-7669.397613	-29109.012080	-24891.170846	-11264.653357	-18251.786322	-13534.115378	-9197.072291	-22869.790837	-25724.287417	-28256.695361	-6599.844289	-26184.129856	-19316.265800	-28890.769647	-24295.698022	-0.082547	0.993568	0.160561	192.000000	0.000000	0.000000	0.000000	0.000000	0.000000	0.000000	0.000000	0.000000	0.000000	1741629024.945263	0.000000
84.000000	-22306.750394	-7660.568674	-29105.122877	-24885.202931	-11259.512455	-18241.102188	-13528.214518	-9189.182125	-22853.362304	-25721.001711	-28233.717767	-6591.887068	-26175.725600	-19280.145381	-28852.034074	-24283.404563	-0.082547	0.993568	0.160561	192.000000	0.000000	0.000000	0.000000	0.000000	0.000000	0.000000	0.000000	0.000000	0.000000	1741629024.945514	0.000000
86.000000	-22325.011769	-7643.894272	-29122.557237	-24892.288434	-11279.226694	-18241.571574	-13545.782989	-9192.221962	-22865.298136	-25719.258275	-28251.308590	-6600.984228	-26217.098679	-19258.084209	-28882.052467	-24291.473543	-0.082547	0.993568	0.160561	192.000000	0.000000	0.000000	0.000000	0.000000	0.000000	0.000000	0.000000	0.000000	0.000000	1741629024.945777	0.000000
88.000000	-22300.737774	-7658.512313	-29112.789525	-24877.625689	-11260.361822	-18239.895194	-13543.592518	-9189.584457	-22844.823938	-25714.497353	-28238.210468	-6590.814184	-26193.875217	-19298.116183	-28857.487900	-24286.198531	-0.074274	0.987784	0.155281	192.000000	126.500000	120.000000	15.000000	88.000000	2.000000	88.000000	0.000000	0.000000	0.000000	1741629024.946029	0.000000
90.000000	-22313.768841	-7661.730964	-29109.369708	-24859.967811	-11277.773831	-18234.061388	-13546.945279	-9186.790489	-22862.347706	-25715.637292	-28248.022884	-6590.501260	-26199.329042	-19300.306654	-28872.821197	-24280.498836	-0.074274	0.987784	0.155281	192.000000	0.000000	0.000000	0.000000	0.000000	0.000000	0.000000	0.000000	0.000000	0.000000	1741629024.946303	0.000000
92.000000	-22300.402498	-7633.970098	-29105.234636	-24862.314744	-11270.911845	-18226.260629	-13525.375846	-9177.402756	-22853.809339	-25703.835571	-28241.049140	-6587.796699	-26175.815007	-19261.973412	-28858.672542	-24266.551348	-0.074274	0.987784	0.155281	192.000000	0.000000	0.000000	0.000000	0.000000	0.000000	0.000000	0.000000	0.000000	0.000000	1741629024.946558	0.000000
94.000000	-22322.687188	-7651.627976	-29116.969301	-24873.021230	-11286.893342	-18246.399551	-13552.086181	-9183.929465	-22863.800569	-25710.854019	-28255.644829	-6598.950219	-26205.028737	-19297.043299	-28870.273098	-24273.860368	-0.074274	0.987784	0.155281	192.000000	0.000000	0.000000	0.000000	0.000000	0.000000	0.000000	0.000000	0.000000	0.000000	1741629025.003490	0.000000
96.000000	-22282.007013	-7621.050789	-29099.758458	-24862.068875	-11272.945854	-18259.117694	-13539.815073	-9180.599055	-22850.613040	-25711.233999	-28243.507832	-6591.596495	-26178.117237	-19294.450497	-28870.362505	-24278.800104	-0.074274	0.987784	0.155281	192.000000	0.000000	0.000000	0.000000	0.000000	0.000000	0.000000	0.000000	0.000000	0.000000	1741629025.003811	0.000000
98.000000	-22315.445222	-7636.965232	-29130.201534	-24874.496445	-11302.092529	-18268.281909	-13575.734326	-9224.028495	-22849.338990	-25703.477943	-28249.699265	-6596.849155	-26204.089964	-19309.783794	-28881.136046	-24281.370554	-0.047137	0.994892	0.153640	192.000000	127.500000	48.000000	15.500000	40.000000	2.000000	96.000000	0.000000	0.000000	0.000000	1741629025.004075	0.000000
100.000000	-22283.348117	-7604.935182	-29125.574723	-24866.092189	-11284.211133	-18222.125557	-13517.396273	-9123.803273	-22850.009543	-25703.366185	-28247.777015	-6602.012408	-26218.104508	-19290.337776	-28880.644307	-24283.292804	-0.047137	0.994892	0.153640	192.000000	0.000000	0.000000	0.000000	0.000000	0.000000	0.000000	0.000000	0.000000	0.000000	1741629025.004337	0.000000
102.000000	-22286.276196	-7601.247144	-29128.100470	-24851.921183	-11285.753403	-18202.724243	-13512.456538	-9134.442703	-22834.877412	-25692.816161	-28230.700282	-6595.932734	-26203.486467	-19285.308633	-28865.802749	-24261.388095	-0.047137	0.994892	0.153640	192.000000	0.000000	0.000000	0.000000	0.000000	0.000000	0.000000	0.000000	0.000000	0.000000	1741629025.004587	0.000000
104.000000	-22285.762106	-7604.778720	-29136.728243	-24855.206890	-11287.608598	-18245.907813	-13540.843253	-9163.634081	-22826.339045	-25684.501312	-28223.748889	-6594.211649	-26206.883932	-19290.360128	-28868.172034	-24267.892452	-0.047137	0.994892	0.153640	192.000000	0.000000	0.000000	0.000000	0.000000	0.000000	0.000000	0.000000	0.000000	0.000000	1741629025.004854	0.000000
106.000000	-22310.080804	-7618.480339	-29138.426976	-24867.880329	-11293.040072	-18205.920542	-13530.606154	-9156.794448	-22822.516897	-25688.278757	-28223.704186	-6591.820013	-26197.339737	-19241.163938	-28854.671580	-24269.725295	-0.047137	0.994892	0.153640	192.000000	0.000000	0.000000	0.000000	0.000000	0.000000	0.000000	0.000000	0.000000	0.000000	1741629025.005107	0.000000
108.000000	-22296.893274	-7592.664074	-29135.275380	-24880.263195	-11294.515287	-18103.974236	-13535.657649	-9171.010157	-22826.562563	-25685.820065	-28239.305704	-6608.270896	-26222.217229	-19276.703212	-28872.485920	-24288.679575	-0.028568	0.994446	0.147820	192.000000	127.500000	88.000000	15.500000	8.000000	2.000000	56.000000	0.000000	0.000000	0.000000	1741629025.068358	0.000000
110.000000	-22323.782423	-7594.251048	-29126.088813	-24877.759800	-11265.212150	-18232.764987	-13556.265957	-9178.877971	-22813.062109	-25679.226301	-28239.193945	-6602.973533	-26181.291185	-19267.203720	-28857.130272	-24291.562950	-0.028568	0.994446	0.147820	192.000000	0.000000	0.000000	0.000000	0.000000	0.000000	0.000000	0.000000	0.000000	0.000000	1741629025.068673	0.000000
112.000000	-22289.316033	-7591.255914	-29109.548522	-24886.812256	-11257.478447	-18192.978882	-13557.003564	-9202.704931	-22815.006711	-25677.281699	-28245.944172	-6593.339931	-26187.259100	-19295.344567	-28868.864938	-24289.618348	-0.028568	0.994446	0.147820	192.000000	0.000000	0.000000	0.000000	0.000000	0.000000	0.000000	0.000000	0.000000	0.000000	1741629025.068937	0.000000
114.000000	-22330.711464	-7600.151908	-29120.500877	-24907.442916	-11286.178087	-18183.747611	-13560.445733	-9201.341474	-22811.050452	-25681.752048	-28237.808137	-6597.318542	-26167.790731	-19252.608031	-28860.214813	-24304.906941	-0.028568	0.994446	0.147820	192.000000	0.000000	0.000000	0.000000	0.000000	0.000000	0.000000	0.000000	0.000000	0.000000	1741629025.069193	0.000000
116.000000	-22303.598798	-7592.865240	-29113.080098	-24922.440937	-11287.720357	-18176.952681	-13562.166817	-9226.308373	-22816.750147	-25688.412868	-28253.253192	-6611.757769	-26189.561330	-19276.122067	-28898.503351	-24314.652302	-0.028568	0.994446	0.147820	192.000000	0.000000	0.000000	0.000000	0.000000	0.000000	0.000000	0.000000	0.000000	0.000000	1741629025.069437	0.000000
118.000000	-22312.450089	-7604.085815	-29115.851714	-24922.999730	-11296.638703	-18176.125667	-13535.948221	-9191.104375	-22837.492566	-25700.683975	-28244.513660	-6619.893804	-26168.997725	-19283.319328	-28883.348868	-24329.046825	-0.016284	0.997223	0.142910	192.000000	127.500000	112.000000	15.500000	32.000000	2.000000	40.000000	0.000000	0.000000	0.000000	1741629025.069710	0.000000
120.000000	-22293.406402	-7618.010952	-29106.463981	-24914.282550	-11274.286958	-18130.282239	-13549.627489	-9191.551410	-22827.300170	-25682.310841	-28233.963637	-6611.869527	-26177.290222	-19310.968436	-28906.438220	-24311.456002	-0.016284	0.997223	0.142910	192.000000	0.000000	0.000000	0.000000	0.000000	0.000000	0.000000	0.000000	0.000000	0.000000	1741629025.069970	0.000000
122.000000	-22295.932149	-7587.210248	-29107.894493	-24918.059995	-11277.349147	-18122.727349	-13556.467123	-9214.797224	-22814.000882	-25678.198120	-28223.681834	-6601.878298	-26182.945214	-19257.883043	-28875.056371	-24318.899133	-0.016284	0.997223	0.142910	192.000000	0.000000	0.000000	0.000000	0.000000	0.000000	0.000000	0.000000	0.000000	0.000000	1741629025.070218	0.000000
124.000000	-22276.329670	-7576.369652	-29085.386286	-24910.885085	-11265.078040	-18110.411538	-13553.896672	-9216.428902	-22804.411984	-25675.582966	-28221.491363	-6596.156251	-26195.059859	-19245.097845	-28899.129200	-24318.452098	-0.016284	0.997223	0.142910	192.000000	0.000000	0.000000	0.000000	0.000000	0.000000	0.000000	0.000000	0.000000	0.000000	1741629025.125431	0.000000
126.000000	-22286.097382	-7589.356016	-29094.662260	-24927.358321	-11290.871953	-18107.036425	-13572.739193	-9238.266556	-22789.369260	-25667.312821	-28201.106572	-6587.237905	-26150.781053	-19231.418578	-28873.223528	-24324.665883	-0.016284	0.997223	0.142910	192.000000	0.000000	0.000000	0.000000	0.000000	0.000000	0.000000	0.000000	0.000000	0.000000	1741629025.125734	0.000000
128.000000	-22292.557036	-7575.006196	-29083.799313	-24918.864658	-11298.024511	-18107.706977	-13590.195905	-9254.695088	-22807.250656	-25672.096094	-28222.810116	-6602.280629	-26192.578816	-19276.502046	-28909.500409	-24330.969075	-0.007142	1.001611	0.138455	192.000000	0.000000	8.000000	15.500000	56.000000	2.000000	24.000000	0.000000	0.000000	0.000000	1741629025.126004	0.000000
130.000000	-22289.874827	-7582.628141	-29080.826531	-24924.720815	-11288.323854	-18106.656445	-13594.487440	-9257.600815	-22796.141839	-25670.665582	-28211.746003	-6598.950219	-26167.924841	-19288.035546	-28880.286679	-24333.383063	-0.007142	1.001611	0.138455	192.000000	0.000000	0.000000	0.000000	0.000000	0.000000	0.000000	0.000000	0.000000	0.000000	1741629025.126271	0.000000
132.000000	-22298.055565	-7578.671882	-29071.192929	-24923.670283	-11276.119802	-18100.085032	-13559.976346	-9214.059617	-22811.385728	-25674.487731	-28228.599218	-6614.507033	-26212.114240	-19242.035656	-28902.236092	-24323.727110	-0.007142	1.001611	0.138455	192.000000	0.000000	0.000000	0.000000	0.000000	0.000000	0.000000	0.000000	0.000000	0.000000	1741629025.126539	0.000000
134.000000	-22277.536664	-7573.598036	-29068.845996	-24937.774234	-11273.482296	-18097.693395	-13576.404879	-9244.592100	-22787.648176	-25660.048504	-28206.560398	-6604.091120	-26141.572135	-19232.603220	-28873.558804	-24325.627008	-0.007142	1.001611	0.138455	192.000000	0.000000	0.000000	0.000000	0.000000	0.000000	0.000000	0.000000	0.000000	0.000000	1741629025.126784	0.000000
136.000000	-22290.768896	-7571.988710	-29077.406714	-24938.914173	-11283.182953	-18096.017015	-13581.903408	-9231.583384	-22793.079650	-25673.928937	-28222.519543	-6622.978344	-26181.313536	-19279.184256	-28908.583988	-24342.569630	-0.007142	1.001611	0.138455	192.000000	0.000000	0.000000	0.000000	0.000000	0.000000	0.000000	0.000000	0.000000	0.000000	1741629025.127046	0.000000
138.000000	-22275.815579	-7560.164638	-29075.417408	-24942.199879	-11275.181028	-18098.520410	-13578.930626	-9231.784550	-22775.108847	-25653.410036	-28206.985081	-6610.617830	-26171.434065	-19276.323232	-28887.349831	-24333.494822	0.004429	1.008806	0.132228	192.000000	0.000000	64.000000	15.500000	96.000000	1.500000	120.000000	0.000000	0.000000	0.000000	1741629025.184184	0.000000
140.000000	-22302.212990	-7576.123783	-29082.100580	-24949.598306	-11288.346206	-18093.088936	-13602.422309	-9250.671774	-22785.591815	-25653.790015	-28218.898561	-6617.166891	-26172.082266	-19252.205700	-28902.325499	-24345.408302	0.004429	1.008806	0.132228	192.000000	0.000000	0.000000	0.000000	0.000000	0.000000	0.000000	0.000000	0.000000	0.000000	1741629025.184501	0.000000
142.000000	-22282.454047	-7557.884760	-29068.108388	-24951.811129	-11274.823400	-18095.771145	-13591.939341	-9248.615414	-22782.842551	-25652.404207	-28222.564247	-6620.698466	-26163.700362	-19269.662412	-28899.129200	-24351.487976	0.004429	1.008806	0.132228	192.000000	0.000000	0.000000	0.000000	0.000000	0.000000	0.000000	0.000000	0.000000	0.000000	1741629025.184758	0.000000
144.000000	-22299.240208	-7567.183085	-29067.102559	-24953.711027	-11284.859334	-18077.286253	-13598.510754	-9234.153835	-22779.758010	-25639.909582	-28230.767337	-6627.426341	-26179.212472	-19228.244630	-28904.270101	-24348.269325	0.004429	1.008806	0.132228	192.000000	0.000000	0.000000	0.000000	0.000000	0.000000	0.000000	0.000000	0.000000	0.000000	1741629025.185002	0.000000
146.000000	-22289.561902	-7569.462963	-29071.818778	-24972.642955	-11297.264552	-18103.594256	-13603.808117	-9262.875827	-22787.826990	-25655.354638	-28239.886849	-6642.603176	-26157.330115	-19234.167842	-28912.294377	-24352.560860	0.004429	1.008806	0.132228	192.000000	0.000000	0.000000	0.000000	0.000000	0.000000	0.000000	0.000000	0.000000	0.000000	1741629025.185271	0.000000
148.000000	-22313.567676	-7578.336606	-29079.060743	-24976.040420	-11296.728110	-18093.692433	-13604.813946	-9246.737867	-22806.423641	-25663.311859	-28257.343561	-6655.634243	-26182.140551	-19290.248369	-28925.616017	-24362.753256	0.010214	1.015403	0.121114	192.000000	0.000000	64.000000	15.500000	120.000000	1.500000	56.000000	0.000000	0.000000	0.000000	1741629025.185526	0.000000
150.000000	-22275.592062	-7557.750649	-29067.393132	-24965.691562	-11268.654319	-18072.190055	-13584.183286	-9224.922565	-22790.620958	-25647.106844	-28238.366930	-6645.061868	-26165.264984	-19268.701287	-28909.321595	-24347.621125	0.010214	1.015403	0.121114	192.000000	0.000000	0.000000	0.000000	0.000000	0.000000	0.000000	0.000000	0.000000	0.000000	1741629025.185800	0.000000
152.000000	-22310.483135	-7583.969245	-29087.219129	-24978.744981	-11300.237334	-18097.626340	-13602.802289	-9231.404571	-22793.325519	-25654.326457	-28241.764395	-6649.062830	-26188.130818	-19251.065761	-28907.622863	-24353.566689	0.010214	1.015403	0.121114	192.000000	0.000000	0.000000	0.000000	0.000000	0.000000	0.000000	0.000000	0.000000	0.000000	1741629025.186042	0.000000
154.000000	-22272.753390	-7553.906149	-29071.282336	-24961.176510	-11276.969168	-18063.316412	-13603.629303	-9208.784605	-22789.145743	-25653.275925	-28235.952942	-6653.108496	-26159.431179	-19242.370932	-28924.520782	-24354.214889	0.010214	1.015403	0.121114	192.000000	0.000000	0.000000	0.000000	0.000000	0.000000	0.000000	0.000000	0.000000	0.000000	1741629025.245931	0.000000
156.000000	-22296.446240	-7568.501838	-29082.435856	-24965.155121	-11291.028415	-18088.953863	-13625.377551	-9228.387085	-22776.069972	-25650.303143	-28222.296026	-6638.669269	-26165.801426	-19260.788770	-28904.203046	-24341.854375	0.010214	1.015403	0.121114	192.000000	0.000000	0.000000	0.000000	0.000000	0.000000	0.000000	0.000000	0.000000	0.000000	1741629025.246219	0.000000
158.000000	-22289.494847	-7578.828344	-29092.494141	-24985.226987	-11292.257761	-18099.906218	-13625.243440	-9245.597928	-22785.323594	-25663.289507	-28239.752738	-6659.098763	-26188.913129	-19251.021057	-28933.662645	-24357.724113	0.011107	1.019701	0.106557	192.000000	0.000000	48.000000	16.000000	0.000000	1.000000	112.000000	0.000000	0.000000	0.000000	1741629025.246486	0.000000
160.000000	-22295.306301	-7578.470716	-29073.115179	-24958.941336	-11296.862220	-18092.127811	-13617.241516	-9218.105283	-22792.543208	-25667.648097	-28254.169614	-6658.852894	-26185.269795	-19258.352430	-28919.625750	-24362.127407	0.011107	1.019701	0.106557	192.000000	0.000000	0.000000	0.000000	0.000000	0.000000	0.000000	0.000000	0.000000	0.000000	1741629025.246758	0.000000
162.000000	-22278.184864	-7563.293882	-29056.127853	-24952.682847	-11285.529886	-18072.748849	-13604.746891	-9206.996466	-22785.502408	-25656.449873	-28247.151166	-6651.946205	-26154.647905	-19271.741125	-28924.610189	-24339.149814	0.011107	1.019701	0.106557	192.000000	0.000000	0.000000	0.000000	0.000000	0.000000	0.000000	0.000000	0.000000	0.000000	1741629025.247018	0.000000
164.000000	-22298.212027	-7566.624292	-29077.674935	-24963.724609	-11296.884572	-18114.658369	-13630.138472	-9227.716533	-22782.149647	-25658.305068	-28237.204640	-6647.051173	-26167.477807	-19229.921011	-28902.571369	-24342.480223	0.011107	1.019701	0.106557	192.000000	0.000000	0.000000	0.000000	0.000000	0.000000	0.000000	0.000000	0.000000	0.000000	1741629025.247267	0.000000
166.000000	-22271.211120	-7563.964434	-29080.446551	-24960.461254	-11280.858371	-18114.501907	-13622.494176	-9233.662097	-22785.480056	-25667.491635	-28239.372759	-6659.858723	-26174.920937	-19276.949081	-28934.109680	-24362.932070	0.011107	1.019701	0.106557	192.000000	0.000000	0.000000	0.000000	0.000000	0.000000	0.000000	0.000000	0.000000	0.000000	1741629025.247512	0.000000
168.000000	-22291.439449	-7569.038280	-29094.908130	-24958.583708	-11288.525020	-18123.509660	-13634.340600	-9236.098437	-22768.917414	-25659.266193	-28211.880113	-6649.845141	-26175.390324	-19254.105598	-28900.582063	-24362.552090	0.009554	1.017851	0.095278	192.000000	0.000000	32.000000	15.500000	96.000000	1.000000	80.000000	0.000000	0.000000	0.000000	1741629025.303589	0.000000
170.000000	-22288.064335	-7561.081059	-29085.229824	-24952.034647	-11292.570685	-18110.031558	-13633.290068	-9227.180091	-22771.689030	-25655.935783	-28218.295064	-6652.057964	-26195.193970	-19248.472959	-28921.659758	-24361.926241	0.009554	1.017851	0.095278	192.000000	0.000000	0.000000	0.000000	0.000000	0.000000	0.000000	0.000000	0.000000	0.000000	1741629025.303891	0.000000
172.000000	-22299.441373	-7559.494085	-29079.328964	-24956.549699	-11288.323854	-18107.192887	-13633.513586	-9225.369600	-22768.626841	-25652.225393	-28220.396128	-6643.318432	-26178.161940	-19266.332002	-28901.654947	-24356.561822	0.009554	1.017851	0.095278	192.000000	0.000000	0.000000	0.000000	0.000000	0.000000	0.000000	0.000000	0.000000	0.000000	1741629025.304162	0.000000
174.000000	-22282.319937	-7550.486332	-29059.838243	-24954.739208	-11279.517267	-18120.939210	-13627.880946	-9253.488094	-22771.957251	-25643.217640	-28239.059834	-6642.603176	-26177.804312	-19215.682950	-28925.928941	-24354.863090	0.009554	1.017851	0.095278	192.000000	0.000000	0.000000	0.000000	0.000000	0.000000	0.000000	0.000000	0.000000	0.000000	1741629025.304406	0.000000
176.000000	-22298.703766	-7567.987748	-29072.131702	-24967.546757	-11280.791316	-18122.123852	-13635.793464	-9227.224794	-22767.352792	-25644.938725	-28233.717767	-6641.038554	-26154.714960	-19258.285374	-28900.313842	-24364.139064	0.009554	1.017851	0.095278	192.000000	0.000000	0.000000	0.000000	0.000000	0.000000	0.000000	0.000000	0.000000	0.000000	1741629025.304664	0.000000
178.000000	-22307.040966	-7582.538734	-29081.497083	-24979.661403	-11287.765060	-18146.621364	-13656.379420	-9279.796097	-22790.710365	-25666.619917	-28260.048122	-6666.586598	-26189.561330	-19269.796523	-28937.551849	-24380.254672	0.005777	1.017925	0.087639	192.000000	0.000000	8.000000	15.500000	104.000000	1.000000	64.000000	0.000000	0.000000	0.000000	1741629025.304916	0.000000
180.000000	-22321.547249	-7588.327836	-29086.034487	-24983.081220	-11300.393796	-18145.146149	-13667.823513	-9254.292757	-22786.083554	-25675.828835	-28254.035503	-6667.637130	-26196.266853	-19251.021057	-28925.973645	-24394.403326	0.005777	1.017925	0.087639	192.000000	0.000000	0.000000	0.000000	0.000000	0.000000	0.000000	0.000000	0.000000	0.000000	1741629025.305181	0.000000
182.000000	-22301.698899	-7555.783696	-29054.362065	-24953.420455	-11266.732069	-18121.498003	-13596.901428	-9205.051864	-22794.331347	-25662.462492	-28255.153090	-6650.135714	-26176.887891	-19279.251311	-28940.926962	-24371.872767	0.005777	1.017925	0.087639	192.000000	0.000000	0.000000	0.000000	0.000000	0.000000	0.000000	0.000000	0.000000	0.000000	1741629025.305444	0.000000
184.000000	-22298.413193	-7561.192818	-29057.580716	-24965.423341	-11273.035261	-18143.089788	-13635.368781	-9251.051754	-22770.705553	-25648.157376	-28234.075395	-6624.230042	-26156.525452	-19227.708188	-28906.415869	-24367.625936	0.005777	1.017925	0.087639	192.000000	0.000000	0.000000	0.000000	0.000000	0.000000	0.000000	0.000000	0.000000	0.000000	1741629025.367442	0.000000
186.000000	-22319.736757	-7583.522211	-29060.687609	-24971.525368	-11276.857409	-18124.940172	-13624.394074	-9226.509538	-22789.413963	-25664.362391	-28257.388265	-6639.853911	-26178.810141	-19287.476753	-28933.684997	-24380.724058	0.005777	1.017925	0.087639	192.000000	0.000000	0.000000	0.000000	0.000000	0.000000	0.000000	0.000000	0.000000	0.000000	1741629025.367739	0.000000
188.000000	-22304.805792	-7576.213190	-29057.066626	-24973.984060	-11271.627101	-18156.433780	-13617.956772	-9241.731076	-22789.190446	-25665.301164	-28257.969410	-6638.401048	-26176.038525	-19246.304839	-28918.128183	-24376.611337	-0.002112	1.019963	0.078820	192.000000	127.500000	88.000000	15.500000	120.000000	1.000000	24.000000	0.000000	0.000000	0.000000	1741629025.367987	0.000000
190.000000	-22320.094385	-7581.264684	-29063.481577	-24974.475798	-11278.600845	-18131.131605	-13639.034467	-9255.075068	-22792.677318	-25659.579117	-28270.173463	-6642.692583	-26183.548711	-19282.939349	-28933.126203	-24391.117619	-0.002112	1.019963	0.078820	192.000000	0.000000	0.000000	0.000000	0.000000	0.000000	0.000000	0.000000	0.000000	0.000000	1741629025.368281	0.000000
192.000000	-22306.616283	-7561.975129	-29053.155071	-24960.550661	-11271.738860	-18152.611631	-13630.518452	-9256.840856	-22789.793943	-25654.594678	-28266.306611	-6634.355382	-26173.736295	-19262.487502	-28921.190372	-24392.391669	-0.002112	1.019963	0.078820	192.000000	0.000000	0.000000	0.000000	0.000000	0.000000	0.000000	0.000000	0.000000	0.000000	1741629025.368528	0.000000
194.000000	-22313.299455	-7564.344414	-29041.107481	-24947.877222	-11263.938101	-18123.152032	-13622.784748	-9245.150893	-22779.623899	-25640.155451	-28254.236669	-6615.624620	-26149.551707	-19257.525415	-28918.709328	-24378.578291	-0.002112	1.019963	0.078820	192.000000	0.000000	0.000000	0.000000	0.000000	0.000000	0.000000	0.000000	0.000000	0.000000	1741629025.368786	0.000000
196.000000	-22310.483135	-7561.192818	-29044.549649	-24965.736266	-11268.542560	-18136.786596	-13624.930516	-9267.592045	-22782.104943	-25644.782262	-28255.980105	-6616.161062	-26159.408827	-19228.199926	-28911.534418	-24382.914529	-0.002112	1.019963	0.078820	192.000000	0.000000	0.000000	0.000000	0.000000	0.000000	0.000000	0.000000	0.000000	0.000000	1741629025.369079	0.000000
198.000000	-22347.587031	-7584.751556	-29064.465054	-24975.615737	-11289.687310	-18150.219995	-13641.940193	-9282.523010	-22789.212798	-25661.143739	-28269.502910	-6631.740228	-26185.783885	-19249.098807	-28925.593665	-24401.041794	-0.017056	1.012981	0.070410	192.000000	127.500000	0.000000	15.500000	56.000000	0.500000	120.000000	0.000000	0.000000	0.000000	1741629025.424075	0.000000
200.000000	-22311.801888	-7569.597074	-29040.280466	-24969.916042	-11273.638758	-18150.979954	-13624.684647	-9255.812675	-22799.561655	-25667.245766	-28275.582585	-6635.897653	-26181.157074	-19269.863578	-28938.960008	-24410.697748	-0.017056	1.012981	0.070410	192.000000	0.000000	0.000000	0.000000	0.000000	0.000000	0.000000	0.000000	0.000000	0.000000	1741629025.424413	0.000000
202.000000	-22332.924286	-7569.284149	-29038.201754	-24963.501091	-11278.265569	-18147.090751	-13642.990725	-9267.592045	-22782.350812	-25652.180690	-28260.897489	-6616.697504	-26152.010399	-19264.432104	-28918.821087	-24399.834800	-0.017056	1.012981	0.070410	192.000000	0.000000	0.000000	0.000000	0.000000	0.000000	0.000000	0.000000	0.000000	0.000000	1741629025.424673	0.000000
204.000000	-22312.785365	-7569.172391	-29036.458318	-24966.630336	-11263.044031	-18145.548480	-13616.638019	-9262.741716	-22794.398402	-25655.868728	-28275.403771	-6618.530347	-26177.089057	-19257.324249	-28938.825898	-24410.273064	-0.017056	1.012981	0.070410	192.000000	0.000000	0.000000	0.000000	0.000000	0.000000	0.000000	0.000000	0.000000	0.000000	1741629025.424946	0.000000
206.000000	-22319.245019	-7565.059670	-29035.206620	-24956.192071	-11281.215999	-18129.432872	-13626.763359	-9246.916681	-22783.937786	-25646.928030	-28265.524300	-6607.354475	-26169.310650	-19270.757648	-28912.562598	-24396.347928	-0.017056	1.012981	0.070410	192.000000	0.000000	0.000000	0.000000	0.000000	0.000000	0.000000	0.000000	0.000000	0.000000	1741629025.425208	0.000000
208.000000	-22301.430679	-7564.612635	-29029.261056	-24960.707123	-11278.734956	-18145.615535	-13625.779882	-9258.919568	-22781.568501	-25645.162242	-28265.412541	-6605.454577	-26158.782978	-19238.392322	-28940.502279	-24394.358622	-0.030528	1.012491	0.064205	192.000000	127.000000	80.000000	15.500000	80.000000	0.500000	104.000000	0.000000	0.000000	0.000000	1741629025.425457	0.000000
210.000000	-22331.918458	-7588.037263	-29051.836318	-24974.341687	-11297.421014	-18142.821567	-13644.465941	-9287.730967	-22793.705498	-25661.747236	-28275.314364	-6619.312658	-26172.305783	-19276.949081	-28926.845363	-24402.002919	-0.030528	1.012491	0.064205	192.000000	0.000000	0.000000	0.000000	0.000000	0.000000	0.000000	0.000000	0.000000	0.000000	1741629025.425723	0.000000
212.000000	-22311.891295	-7579.610655	-29050.562269	-24976.062772	-11285.932217	-18142.598050	-13617.308571	-9246.246129	-22801.662719	-25660.272021	-28292.681669	-6630.220310	-26186.588548	-19224.735406	-28952.706331	-24406.987358	-0.030528	1.012491	0.064205	192.000000	0.000000	0.000000	0.000000	0.000000	0.000000	0.000000	0.000000	0.000000	0.000000	1741629025.425988	0.000000
214.000000	-22327.090481	-7577.576647	-29049.198812	-24954.359228	-11291.743671	-18153.952736	-13621.041312	-9236.389010	-22802.936769	-25661.344905	-28285.216187	-6627.918080	-26171.165844	-19274.959776	-28931.226305	-24388.189541	-0.030528	1.012491	0.064205	192.000000	0.000000	0.000000	0.000000	0.000000	0.000000	0.000000	0.000000	0.000000	0.000000	1741629025.484316	0.000000
216.000000	-22304.895199	-7557.415373	-29039.140527	-24950.246507	-11280.254874	-18145.615535	-13618.426158	-9258.114905	-22789.011632	-25639.149623	-28275.046143	-6615.289344	-26157.464225	-19238.682895	-28951.789910	-24372.722134	-0.030528	1.012491	0.064205	192.000000	0.000000	0.000000	0.000000	0.000000	0.000000	0.000000	0.000000	0.000000	0.000000	1741629025.484618	0.000000
218.000000	-22314.506449	-7563.852675	-29043.521469	-24937.863641	-11277.058575	-18137.434797	-13609.418405	-9218.641724	-22779.199216	-25648.671466	-28258.416445	-6607.823862	-26136.699454	-19266.644927	-28916.161229	-24365.279003	-0.027264	1.014245	0.056102	192.000000	127.500000	32.000000	15.500000	96.000000	0.500000	64.000000	0.000000	0.000000	0.000000	1741629025.484882	0.000000
220.000000	-22311.623074	-7574.223885	-29061.246402	-24950.850004	-11287.429784	-18158.534844	-13637.045161	-9259.143085	-22788.743411	-25656.829853	-28271.045181	-6625.705257	-26170.025905	-19260.833473	-28957.511956	-24365.256651	-0.027264	1.014245	0.056102	192.000000	0.000000	0.000000	0.000000	0.000000	0.000000	0.000000	0.000000	0.000000	0.000000	1741629025.485162	0.000000
222.000000	-22303.442336	-7564.143248	-29062.006362	-24939.025931	-11290.290808	-18142.218070	-13632.463054	-9239.808826	-22768.425675	-25645.721036	-28240.311532	-6617.524519	-26132.698492	-19276.882026	-28927.918247	-24368.497654	-0.027264	1.014245	0.056102	192.000000	0.000000	0.000000	0.000000	0.000000	0.000000	0.000000	0.000000	0.000000	0.000000	1741629025.485419	0.000000
224.000000	-22312.919475	-7565.327891	-29068.287202	-24934.622638	-11293.934142	-18155.204434	-13649.986821	-9242.088704	-22777.656946	-25659.154434	-28251.241535	-6633.751885	-26163.812120	-19254.642040	-28962.697561	-24370.419904	-0.027264	1.014245	0.056102	192.000000	0.000000	0.000000	0.000000	0.000000	0.000000	0.000000	0.000000	0.000000	0.000000	1741629025.485672	0.000000
226.000000	-22296.826219	-7550.463980	-29050.808138	-24917.501201	-11275.046918	-18133.322076	-13620.750740	-9231.806902	-22760.982545	-25630.834774	-28227.034596	-6610.886051	-26116.605236	-19240.381627	-28924.252561	-24351.107997	-0.027264	1.014245	0.056102	192.000000	0.000000	0.000000	0.000000	0.000000	0.000000	0.000000	0.000000	0.000000	0.000000	1741629025.485939	0.000000
228.000000	-22322.575429	-7573.396870	-29071.863481	-24936.790757	-11307.233430	-18166.804989	-13648.869234	-9258.628995	-22780.965004	-25642.748254	-28258.036465	-6633.953051	-26125.590637	-19241.141586	-28956.774349	-24355.041904	-0.022632	1.017123	0.050051	192.000000	127.500000	56.000000	15.500000	112.000000	0.500000	48.000000	0.000000	0.000000	0.000000	1741629025.544208	0.000000
230.000000	-22313.768841	-7576.481411	-29075.864443	-24939.696484	-11296.951627	-18144.699114	-13640.196757	-9231.806902	-22784.697745	-25645.408111	-28265.211375	-6637.685792	-26127.356425	-19274.602148	-28935.942523	-24349.610430	-0.022632	1.017123	0.050051	192.000000	0.000000	0.000000	0.000000	0.000000	0.000000	0.000000	0.000000	0.000000	0.000000	1741629025.544519	0.000000
232.000000	-22305.856324	-7576.347301	-29066.029676	-24931.918077	-11295.319950	-18147.180158	-13639.839129	-9234.623222	-22798.622882	-25656.338114	-28278.778884	-6655.835409	-26145.841318	-19253.904433	-28963.345762	-24343.575459	-0.022632	1.017123	0.050051	192.000000	0.000000	0.000000	0.000000	0.000000	0.000000	0.000000	0.000000	0.000000	0.000000	1741629025.544781	0.000000
234.000000	-22301.341272	-7572.771021	-29083.240519	-24929.459385	-11296.437537	-18143.380361	-13638.676839	-9226.151911	-22781.479094	-25639.171975	-28254.415483	-6639.988022	-26119.041576	-19252.429217	-28941.105776	-24335.148851	-0.022632	1.017123	0.050051	192.000000	0.000000	0.000000	0.000000	0.000000	0.000000	0.000000	0.000000	0.000000	0.000000	1741629025.545045	0.000000
236.000000	-22307.264484	-7574.514458	-29096.472752	-24928.744129	-11303.523040	-18145.414370	-13647.036391	-9244.726210	-22797.706461	-25645.341056	-28272.296878	-6654.650766	-26171.165844	-19281.844113	-28966.542061	-24340.379159	-0.022632	1.017123	0.050051	192.000000	0.000000	0.000000	0.000000	0.000000	0.000000	0.000000	0.000000	0.000000	0.000000	1741629025.545307	0.000000
238.000000	-22271.144065	-7559.784658	-29089.186083	-24922.820917	-11274.935159	-18135.356085	-13627.702132	-9206.348265	-22774.840626	-25635.953323	-28247.329980	-6640.926795	-26116.538181	-19243.935554	-28940.010540	-24326.409319	-0.010316	1.019561	0.048026	192.000000	0.000000	8.000000	15.500000	120.000000	0.500000	56.000000	0.000000	0.000000	0.000000	1741629025.545558	0.000000
240.000000	-22312.226571	-7591.770004	-29115.695252	-24941.529327	-11295.297598	-18108.355177	-13655.664165	-9242.111056	-22789.749240	-25640.267210	-28258.014114	-6649.398106	-26154.804367	-19202.227199	-28950.739378	-24326.319912	-0.010316	1.019561	0.048026	192.000000	0.000000	0.000000	0.000000	0.000000	0.000000	0.000000	0.000000	0.000000	0.000000	1741629025.545837	0.000000
242.000000	-22287.036155	-7580.348263	-29112.521304	-24940.657609	-11289.061462	-18165.195664	-13638.341563	-9228.968230	-22786.463533	-25654.974658	-28252.493233	-6656.662423	-26164.147397	-19254.195005	-28949.420625	-24343.486052	-0.010316	1.019561	0.048026	192.000000	0.000000	0.000000	0.000000	0.000000	0.000000	0.000000	0.000000	0.000000	0.000000	1741629025.546084	0.000000
244.000000	-22303.352929	-7584.148059	-29113.661243	-24934.242658	-11303.366578	-18166.134437	-13660.000403	-9234.265594	-22787.178789	-25657.455702	-28250.079244	-6660.037537	-26147.562402	-19244.315534	-28953.466291	-24347.285849	-0.010316	1.019561	0.048026	192.000000	0.000000	0.000000	0.000000	0.000000	0.000000	0.000000	0.000000	0.000000	0.000000	1741629025.597718	0.000000
246.000000	-22269.870015	-7574.492106	-29119.852676	-24961.690600	-11302.047825	-18185.625158	-13674.819610	-9269.022556	-22774.304184	-25667.983373	-28245.899468	-6662.093897	-26132.072643	-19305.715776	-28963.837500	-24375.739619	-0.010316	1.019561	0.048026	192.000000	0.000000	0.000000	0.000000	0.000000	0.000000	0.000000	0.000000	0.000000	0.000000	1741629025.598188	0.000000
248.000000	-22302.011824	-7564.165600	-29109.414412	-24937.617771	-11301.936066	-18131.265716	-13664.291938	-9247.944861	-22751.505405	-25640.758948	-28236.310570	-6640.815036	-26142.846184	-19257.838340	-28946.961933	-24374.577329	-0.004158	1.018781	0.048013	192.000000	0.000000	8.000000	15.500000	104.000000	0.500000	64.000000	0.000000	0.000000	0.000000	1741629025.598626	0.000000
250.000000	-22282.632861	-7559.605844	-29104.005290	-24941.395216	-11297.398662	-18158.914823	-13649.718600	-9240.054696	-22767.688068	-25636.847393	-28240.915029	-6643.027859	-26119.935646	-19259.000630	-28946.447843	-24368.274137	-0.004158	1.018781	0.048013	192.000000	0.000000	0.000000	0.000000	0.000000	0.000000	0.000000	0.000000	0.000000	0.000000	1741629025.599076	0.000000
252.000000	-22310.281969	-7551.045126	-29110.084964	-24933.974437	-11301.824308	-18131.399826	-13669.634005	-9245.866149	-22765.743466	-25619.323625	-28237.897544	-6632.276670	-26115.442945	-19233.430235	-28935.719006	-24368.810578	-0.004158	1.018781	0.048013	192.000000	0.000000	0.000000	0.000000	0.000000	0.000000	0.000000	0.000000	0.000000	0.000000	1741629025.599498	0.000000
254.000000	-22280.889425	-7517.092826	-29078.077266	-24895.618844	-11266.799124	-18131.399826	-13637.961583	-9225.324896	-22748.309105	-25577.950546	-28224.218276	-6603.755844	-26132.966713	-19247.802406	-28941.105776	-24349.096340	-0.004158	1.018781	0.048013	192.000000	0.000000	0.000000	0.000000	0.000000	0.000000	0.000000	0.000000	0.000000	0.000000	1741629025.648886	0.000000
0.000000	-22300.313091	-7516.332867	-29077.607879	-24887.371050	-11273.750517	-18108.131660	-13636.061685	-9211.600925	-22742.944687	-25561.030276	-28215.925779	-6594.792795	-26093.247663	-19177.796743	-28910.707404	-24328.465680	-0.004158	1.018781	0.048013	192.000000	0.000000	0.000000	0.000000	0.000000	0.000000	0.000000	0.000000	0.000000	0.000000	1741629025.649360	0.000000
2.000000	-22273.379239	-7486.493288	-29050.562269	-24879.972622	-11260.115953	-18073.441753	-13611.407710	-9204.873050	-22736.596791	-25534.454052	-28216.551628	-6591.171812	-26140.745120	-19223.193136	-28922.196200	-24316.351034	-0.000079	1.020390	0.046006	192.000000	0.000000	16.000000	15.500000	120.000000	0.500000	48.000000	0.000000	0.000000	0.000000	1741629025.649795	0.000000
4.000000	-22281.738792	-7478.513715	-29036.994760	-24857.598526	-11253.678650	-18066.266843	-13624.684647	-9184.264741	-22707.070137	-25503.094554	-28185.885034	-6567.054280	-26062.223442	-19183.116458	-28879.191444	-24295.519208	-0.000079	1.020390	0.046006	192.000000	0.000000	0.000000	0.000000	0.000000	0.000000	0.000000	0.000000	0.000000	0.000000	1741629025.650248	0.000000
6.000000	-22278.363678	-7470.668253	-29041.196888	-24872.462436	-11256.651432	-18063.629337	-13626.629248	-9205.521250	-22718.424823	-25495.159685	-28195.295119	-6571.278759	-26104.334128	-19143.173890	-28907.824028	-24291.451191	-0.000079	1.020390	0.046006	192.000000	0.000000	0.000000	0.000000	0.000000	0.000000	0.000000	0.000000	0.000000	0.000000	1741629025.650689	0.000000
8.000000	-22290.075992	-7456.899578	-29024.701300	-24844.343942	-11242.212205	-18031.889860	-13601.148260	-9164.729317	-22703.627968	-25466.370638	-28183.649860	-6554.783172	-26091.437172	-19115.144803	-28868.842586	-24275.804970	-0.000079	1.020390	0.046006	192.000000	0.000000	0.000000	0.000000	0.000000	0.000000	0.000000	0.000000	0.000000	0.000000	1741629025.651101	0.000000
10.000000	-22289.293681	-7447.064811	-29018.129887	-24831.245819	-11234.813778	-18028.045360	-13581.098745	-9157.688517	-22714.580323	-25449.450368	-28200.503075	-6545.238977	-26105.407012	-19185.373984	-28894.681203	-24265.947850	-0.000079	1.020390	0.046006	192.000000	0.000000	0.000000	0.000000	0.000000	0.000000	0.000000	0.000000	0.000000	0.000000	1741629025.651529	0.000000
12.000000	-22303.621149	-7457.368965	-29038.693492	-24852.278811	-11261.457057	-18036.114339	-13594.219219	-9179.123840	-22701.191628	-25433.848850	-28191.472970	-6534.644250	-26072.348782	-19133.182661	-28849.687141	-24260.516377	-0.000079	1.020390	0.046006	192.000000	0.000000	0.000000	15.500000	112.000000	0.500000	80.000000	0.000000	0.000000	0.000000	1741629025.651961	0.000000
14.000000	-22282.431696	-7438.839369	-29020.677986	-24852.457625	-11242.189853	-18043.132787	-13597.750795	-9201.721454	-22705.438460	-25424.841097	-28201.106572	-6544.948404	-26099.707317	-19125.046626	-28895.999956	-24282.689307	-0.000079	1.020390	0.046006	192.000000	0.000000	0.000000	0.000000	0.000000	0.000000	0.000000	0.000000	0.000000	0.000000	1741629025.706202	0.000000
16.000000	-22293.674623	-7437.386505	-29018.152239	-24851.295334	-11231.863348	-18020.781043	-13571.800419	-9149.261910	-22684.941910	-25414.402832	-28178.441903	-6531.179730	-26075.589785	-19086.266349	-28854.492766	-24276.542577	-0.000079	1.020390	0.046006	192.000000	0.000000	0.000000	0.000000	0.000000	0.000000	0.000000	0.000000	0.000000	0.000000	1741629025.706489	0.000000
18.000000	-22299.754298	-7440.024011	-29022.332015	-24859.297259	-11246.123760	-18018.054130	-13605.596257	-9172.664186	-22713.015701	-25424.729338	-28214.696433	-6546.602434	-26112.805440	-19117.290570	-28893.630671	-24284.611557	-0.000079	1.020390	0.046006	192.000000	0.000000	0.000000	0.000000	0.000000	0.000000	0.000000	0.000000	0.000000	0.000000	1741629025.706738	0.000000
20.000000	-22285.873864	-7427.104703	-29010.195018	-24839.515965	-11229.762284	-18031.420473	-13593.481611	-9188.533925	-22669.139227	-25406.780887	-28177.301964	-6518.238070	-26061.150558	-19144.358533	-28864.014609	-24280.275319	-0.000079	1.020390	0.046006	192.000000	0.000000	0.000000	0.000000	0.000000	0.000000	0.000000	0.000000	0.000000	0.000000	1741629025.707010	0.000000
22.000000	-22301.296568	-7442.996793	-29014.710070	-24835.000913	-11235.394923	-18028.760615	-13586.239646	-9142.064648	-22694.553160	-25409.999539	-28194.490456	-6525.904718	-26102.121306	-19077.660927	-28880.443142	-24268.428894	0.000961	1.019195	0.047003	192.000000	0.000000	8.000000	15.500000	104.000000	0.500000	64.000000	0.000000	0.000000	0.000000	1741629025.707259	0.000000
24.000000	-22285.136257	-7455.804343	-29023.114326	-24849.775416	-11247.218996	-18034.639124	-13603.294027	-9176.709852	-22703.627968	-25422.628274	-28193.194055	-6535.806541	-26116.448774	-19122.900858	-28874.363467	-24288.813685	0.000961	1.019195	0.047003	192.000000	0.000000	0.000000	0.000000	0.000000	0.000000	0.000000	0.000000	0.000000	0.000000	1741629025.707533	0.000000
26.000000	-22282.074068	-7435.263090	-29023.628416	-24846.132081	-11242.413371	-18023.329142	-13599.762452	-9166.964491	-22689.233445	-25419.096699	-28178.799531	-6517.344000	-26093.560588	-19110.942675	-28883.013592	-24288.925444	0.000961	1.019195	0.047003	192.000000	0.000000	0.000000	0.000000	0.000000	0.000000	0.000000	0.000000	0.000000	0.000000	1741629025.707785	0.000000
28.000000	-22268.573614	-7426.724723	-29022.019091	-24853.776378	-11242.793351	-18037.142520	-13605.082167	-9187.773965	-22682.751439	-25414.715757	-28167.310735	-6518.774512	-26100.243759	-19118.296399	-28875.324592	-24302.738822	0.000961	1.019195	0.047003	192.000000	0.000000	0.000000	0.000000	0.000000	0.000000	0.000000	0.000000	0.000000	0.000000	1741629025.766925	0.000000
30.000000	-22300.670719	-7450.596386	-29014.799477	-24859.006686	-11265.323909	-18028.492395	-13617.710902	-9182.297788	-22678.146980	-25418.828478	-28163.198014	-6514.862956	-26105.094088	-19142.436283	-28879.839644	-24292.904054	0.000961	1.019195	0.047003	192.000000	0.000000	0.000000	0.000000	0.000000	0.000000	0.000000	0.000000	0.000000	0.000000	1741629025.767231	0.000000
32.000000	-22280.174170	-7436.917119	-29009.859742	-24858.492596	-11237.205414	-18027.039531	-13608.122004	-9177.827439	-22690.395736	-25428.976170	-28175.849101	-6537.013535	-26084.977518	-19105.645312	-28880.465493	-24294.692194	0.002480	1.013598	0.046502	192.000000	0.000000	16.000000	15.500000	64.000000	0.500000	56.000000	0.000000	0.000000	0.000000	1741629025.767499	0.000000
34.000000	-22304.381109	-7464.901503	-29047.656542	-24876.373992	-11269.906017	-18032.493357	-13634.519414	-9205.297733	-22702.644492	-25432.194821	-28192.612909	-6548.994070	-26126.507059	-19057.901985	-28901.878464	-24319.882610	0.002480	1.013598	0.046502	192.000000	0.000000	0.000000	0.000000	0.000000	0.000000	0.000000	0.000000	0.000000	0.000000	1741629025.767790	0.000000
36.000000	-22275.636765	-7442.035668	-29023.136678	-24842.376988	-11245.117932	-18044.317430	-13611.653580	-9185.583494	-22684.874855	-25433.893553	-28164.226194	-6534.308974	-26091.392468	-19200.841391	-28892.848360	-24307.700909	0.002480	1.013598	0.046502	192.000000	0.000000	0.000000	0.000000	0.000000	0.000000	0.000000	0.000000	0.000000	0.000000	1741629025.768050	0.000000
38.000000	-22302.458859	-7449.299985	-29042.515641	-24854.648096	-11264.027508	-18026.078406	-13623.768225	-9183.124802	-22687.802933	-25425.332835	-28160.739322	-6532.431428	-26134.218411	-19118.899896	-28886.791037	-24308.393813	0.002480	1.013598	0.046502	192.000000	0.000000	0.000000	0.000000	0.000000	0.000000	0.000000	0.000000	0.000000	0.000000	1741629025.768296	0.000000
40.000000	-22289.897178	-7452.228064	-29044.840222	-24870.316669	-11256.874950	-18011.013330	-13619.588449	-9189.897381	-22690.194570	-25432.373635	-28162.169833	-6533.683125	-26089.984308	-19036.667828	-28898.123371	-24312.327720	0.002480	1.013598	0.046502	192.000000	0.000000	0.000000	0.000000	0.000000	0.000000	0.000000	0.000000	0.000000	0.000000	1741629025.768545	0.000000
42.000000	-22308.404423	-7451.736325	-29052.395112	-24865.689858	-11259.892435	-18025.050226	-13636.151092	-9196.781718	-22692.183875	-25432.440690	-28166.059037	-6525.055352	-26109.005643	-19135.708408	-28900.984395	-24322.475412	-0.003760	1.004799	0.049251	192.000000	127.500000	88.000000	15.500000	16.000000	0.500000	80.000000	0.000000	0.000000	0.000000	1741629025.768817	0.000000
44.000000	-22284.532760	-7434.301965	-29022.086146	-24849.417788	-11243.530958	-18021.518650	-13623.969391	-9197.653436	-22683.332584	-25421.689501	-28153.162080	-6511.085512	-26113.274826	-19139.016466	-28897.922206	-24319.882610	-0.003760	1.004799	0.049251	192.000000	0.000000	0.000000	0.000000	0.000000	0.000000	0.000000	0.000000	0.000000	0.000000	1741629025.826300	0.000000
46.000000	-22316.138126	-7452.518636	-29026.467088	-24866.941555	-11260.674746	-18015.483679	-13639.615612	-9199.329817	-22687.177084	-25419.119050	-28153.542060	-6515.712323	-26090.252529	-19128.309980	-28882.924185	-24315.881648	-0.003760	1.004799	0.049251	192.000000	0.000000	0.000000	0.000000	0.000000	0.000000	0.000000	0.000000	0.000000	0.000000	1741629025.826607	0.000000
48.000000	-22299.933112	-7441.566282	-29014.307739	-24852.055294	-11250.504702	-18009.493412	-13636.419313	-9195.820593	-22693.077945	-25427.143327	-28163.846214	-6522.931936	-26099.930835	-19035.058503	-28913.814296	-24334.165375	-0.003760	1.004799	0.049251	192.000000	0.000000	0.000000	0.000000	0.000000	0.000000	0.000000	0.000000	0.000000	0.000000	1741629025.826871	0.000000
50.000000	-22310.729004	-7451.669270	-29014.374794	-24844.589811	-11256.942005	-18003.637255	-13636.776940	-9207.421149	-22674.950680	-25410.468925	-28142.656761	-6497.518003	-26072.527596	-19118.497565	-28883.818255	-24318.787374	-0.003760	1.004799	0.049251	192.000000	0.000000	0.000000	0.000000	0.000000	0.000000	0.000000	0.000000	0.000000	0.000000	1741629025.827135	0.000000
52.000000	-22294.836914	-7441.029840	-29018.554571	-24860.057218	-11247.196644	-18004.911304	-13631.189004	-9189.293884	-22691.736840	-25425.399891	-28161.968668	-6491.863011	-26065.576204	-19148.940641	-28917.323520	-24337.227564	-0.013880	1.001399	0.055625	192.000000	127.500000	32.000000	15.500000	24.000000	0.500000	120.000000	0.000000	0.000000	0.000000	1741629025.827400	0.000000
54.000000	-22301.989472	-7439.733438	-29023.024919	-24864.460512	-11247.218996	-17991.500257	-13634.787635	-9192.557239	-22682.460866	-25419.677844	-28147.395330	-6493.449985	-26095.304024	-19085.551093	-28882.857130	-24337.071101	-0.013880	1.001399	0.055625	192.000000	0.000000	0.000000	0.000000	0.000000	0.000000	0.000000	0.000000	0.000000	0.000000	1741629025.827671	0.000000
56.000000	-22288.868998	-7432.692639	-29018.934550	-24861.688895	-11240.915804	-17997.736394	-13622.807100	-9184.644721	-22687.445305	-25413.329949	-28154.369075	-6494.724035	-26095.527541	-19030.029360	-28911.802639	-24333.204250	-0.013880	1.001399	0.055625	192.000000	0.000000	0.000000	0.000000	0.000000	0.000000	0.000000	0.000000	0.000000	0.000000	1741629025.827932	0.000000
58.000000	-22278.028402	-7423.349610	-29013.927759	-24852.815253	-11231.662182	-17959.380801	-13630.652562	-9178.118012	-22669.452151	-25408.077289	-28132.553772	-6481.089471	-26074.874529	-19105.712367	-28869.759008	-24325.470546	-0.013880	1.001399	0.055625	192.000000	0.000000	0.000000	0.000000	0.000000	0.000000	0.000000	0.000000	0.000000	0.000000	1741629025.885894	0.000000
60.000000	-22279.145989	-7436.850063	-29018.822791	-24861.800654	-11236.356048	-17982.559560	-13647.975164	-9206.303561	-22673.967203	-25412.905265	-28131.413833	-6484.308122	-26076.193282	-19055.532700	-28903.487790	-24335.819404	-0.013880	1.001399	0.055625	192.000000	0.000000	0.000000	0.000000	0.000000	0.000000	0.000000	0.000000	0.000000	0.000000	1741629025.886187	0.000000
62.000000	-22302.727080	-7447.355383	-29020.990911	-24865.153416	-11237.406580	-17986.694632	-13635.212318	-9201.252067	-22671.128532	-25415.296902	-28125.445917	-6480.351863	-26082.831750	-18999.765098	-28880.554900	-24341.049712	-0.022940	0.998700	0.061813	192.000000	127.500000	0.000000	15.500000	16.000000	1.000000	16.000000	0.000000	0.000000	0.000000	1741629025.886447	0.000000
64.000000	-22304.068184	-7447.869473	-29024.142507	-24871.367201	-11236.087827	-18009.828688	-13624.125853	-9194.591247	-22691.602730	-25418.090870	-28157.051284	-6491.237162	-26095.684003	-19029.090587	-28909.165133	-24337.719302	-0.022940	0.998700	0.061813	192.000000	0.000000	0.000000	0.000000	0.000000	0.000000	0.000000	0.000000	0.000000	0.000000	1741629025.886739	0.000000
66.000000	-22304.023481	-7453.368003	-29022.779050	-24879.592643	-11239.753513	-18001.267970	-13643.996554	-9204.068387	-22689.389907	-25425.712815	-28157.051284	-6497.473299	-26078.987250	-19029.403511	-28894.457685	-24338.456909	-0.022940	0.998700	0.061813	192.000000	0.000000	0.000000	0.000000	0.000000	0.000000	0.000000	0.000000	0.000000	0.000000	1741629025.886993	0.000000
68.000000	-22288.801943	-7445.522540	-29005.612910	-24867.969736	-11224.129644	-18019.283476	-13631.904260	-9184.778832	-22695.179009	-25418.850829	-28164.002676	-6501.921296	-26093.001794	-19029.157642	-28909.746278	-24331.460813	-0.022940	0.998700	0.061813	192.000000	0.000000	0.000000	0.000000	0.000000	0.000000	0.000000	0.000000	0.000000	0.000000	1741629025.887243	0.000000
70.000000	-22278.430733	-7441.231005	-28999.890864	-24871.389553	-11216.932382	-18021.742168	-13614.604010	-9175.078174	-22683.265529	-25412.368824	-28139.572220	-6490.566610	-26067.520805	-18984.007118	-28877.000973	-24316.373386	-0.022940	0.998700	0.061813	192.000000	0.000000	0.000000	0.000000	0.000000	0.000000	0.000000	0.000000	0.000000	0.000000	1741629025.887498	0.000000
72.000000	-22309.834934	-7466.801401	-29018.487515	-24890.768515	-11256.092639	-18051.581747	-13650.612670	-9222.396817	-22692.765020	-25412.368824	-28154.078502	-6496.690988	-26086.363326	-18968.785580	-28908.472229	-24325.962284	-0.027470	1.004350	0.064906	192.000000	127.500000	0.000000	15.500000	72.000000	1.000000	16.000000	0.000000	0.000000	0.000000	1741629025.887758	0.000000
74.000000	-22291.282987	-7458.263035	-29001.589596	-24880.553768	-11236.668973	-18030.660514	-13613.218202	-9182.856582	-22705.818439	-25435.547583	-28173.479816	-6513.365390	-26106.837524	-18994.825363	-28908.382822	-24336.557011	-0.027470	1.004350	0.064906	192.000000	0.000000	0.000000	0.000000	0.000000	0.000000	0.000000	0.000000	0.000000	0.000000	1741629025.948165	0.000000
76.000000	-22308.180905	-7461.146410	-29015.514733	-24881.783114	-11254.080982	-18026.212517	-13630.138472	-9169.713756	-22708.075965	-25421.957722	-28186.913215	-6510.392607	-26101.160181	-18932.888679	-28908.271063	-24307.052709	-0.027470	1.004350	0.064906	192.000000	0.000000	0.000000	0.000000	0.000000	0.000000	0.000000	0.000000	0.000000	0.000000	1741629025.948665	0.000000
78.000000	-22285.918568	-7454.239721	-29006.261111	-24878.720925	-11255.198569	-18051.872319	-13636.799292	-9187.371634	-22704.253817	-25425.489298	-28188.701354	-6514.415921	-26112.470163	-18911.565114	-28912.696709	-24320.016720	-0.027470	1.004350	0.064906	192.000000	0.000000	0.000000	0.000000	0.000000	0.000000	0.000000	0.000000	0.000000	0.000000	1741629025.949124	0.000000
80.000000	-22303.196466	-7461.436982	-29009.546817	-24891.461419	-11262.932272	-18053.772217	-13652.803141	-9202.257896	-22692.765020	-25410.156001	-28176.385543	-6504.469395	-26103.663576	-18906.178344	-28914.328386	-24313.758232	-0.027470	1.004350	0.064906	192.000000	0.000000	0.000000	0.000000	0.000000	0.000000	0.000000	0.000000	0.000000	0.000000	1741629025.949389	0.000000
82.000000	-22266.293736	-7446.483665	-28993.453561	-24892.444896	-11240.871101	-18052.274651	-13649.673897	-9205.498899	-22685.500704	-25428.059748	-28176.273784	-6515.667619	-26098.410916	-18956.313307	-28906.639386	-24334.187726	-0.030735	1.008175	0.062453	192.000000	127.000000	120.000000	15.500000	80.000000	0.500000	112.000000	0.000000	0.000000	0.000000	1741629025.949630	0.000000
84.000000	-22303.732908	-7468.321320	-29012.787820	-24907.487620	-11265.301557	-18067.183264	-13655.462999	-9209.119881	-22678.012869	-25407.898475	-28171.468159	-6502.614200	-26088.263224	-18889.168667	-28904.404212	-24329.247991	-0.030735	1.008175	0.062453	192.000000	0.000000	0.000000	0.000000	0.000000	0.000000	0.000000	0.000000	0.000000	0.000000	1741629025.949908	0.000000
86.000000	-22281.515274	-7462.442811	-29017.280521	-24913.902570	-11263.088735	-18059.918947	-13660.693307	-9207.152928	-22698.643529	-25434.295885	-28188.120209	-6520.070913	-26108.759774	-18844.755750	-28911.757935	-24349.297506	-0.030735	1.008175	0.062453	192.000000	0.000000	0.000000	0.000000	0.000000	0.000000	0.000000	0.000000	0.000000	0.000000	1741629025.950168	0.000000
88.000000	-22304.694033	-7466.264959	-29034.334902	-24902.570236	-11268.408450	-18067.697354	-13680.184028	-9208.672846	-22684.383116	-25413.106431	-28183.068715	-6498.859107	-26133.167879	-18921.042254	-28893.787133	-24348.828119	-0.030735	1.008175	0.062453	192.000000	0.000000	0.000000	0.000000	0.000000	0.000000	0.000000	0.000000	0.000000	0.000000	1741629026.006534	0.000000
90.000000	-22280.665908	-7468.880113	-29037.397091	-24913.500239	-11272.834095	-18088.149200	-13680.228732	-9229.459969	-22691.580378	-25437.402777	-28190.154217	-6511.979581	-26140.566306	-18850.947183	-28895.463514	-24357.366485	-0.030735	1.008175	0.062453	192.000000	0.000000	0.000000	0.000000	0.000000	0.000000	0.000000	0.000000	0.000000	0.000000	1741629026.006830	0.000000
92.000000	-22294.389879	-7472.322282	-29035.251324	-24904.671300	-11274.443421	-18055.694468	-13684.274397	-9202.056730	-22688.764058	-25431.524269	-28182.889901	-6504.827023	-26125.255361	-18883.334861	-28867.724999	-24343.351942	-0.028367	1.012087	0.052227	192.000000	127.500000	24.000000	15.500000	96.000000	0.500000	40.000000	0.000000	0.000000	0.000000	1741629026.007108	0.000000
94.000000	-22281.291757	-7465.683814	-29026.847068	-24908.113469	-11253.030450	-18086.875151	-13668.069383	-9209.164585	-22689.211093	-25434.027664	-28180.073581	-6510.526718	-26137.995856	-18859.507902	-28868.104979	-24330.790261	-0.028367	1.012087	0.052227	192.000000	0.000000	0.000000	0.000000	0.000000	0.000000	0.000000	0.000000	0.000000	0.000000	1741629026.007394	0.000000
96.000000	-22304.805792	-7480.883000	-29038.313513	-24919.334044	-11271.649453	-18093.267750	-13687.649511	-9218.127634	-22686.193608	-25424.997559	-28175.536177	-6504.156471	-26120.919123	-18801.505125	-28856.437368	-24331.125537	-0.028367	1.012087	0.052227	192.000000	0.000000	0.000000	0.000000	0.000000	0.000000	0.000000	0.000000	0.000000	0.000000	1741629026.007674	0.000000
98.000000	-22288.578425	-7478.759584	-29044.259077	-24919.758728	-11259.087772	-18083.276520	-13691.359900	-9207.331742	-22712.367500	-25461.408551	-28200.704241	-6528.408114	-26142.510908	-18851.260108	-28893.429505	-24356.248898	-0.028367	1.012087	0.052227	192.000000	0.000000	0.000000	0.000000	0.000000	0.000000	0.000000	0.000000	0.000000	0.000000	1741629026.007928	0.000000
100.000000	-22296.088612	-7475.429174	-29040.526335	-24910.572161	-11265.659185	-18067.764410	-13685.012005	-9194.792413	-22682.773791	-25418.426146	-28163.287421	-6484.576343	-26132.631437	-18811.965741	-28850.804728	-24325.314084	-0.028367	1.012087	0.052227	192.000000	0.000000	0.000000	0.000000	0.000000	0.000000	0.000000	0.000000	0.000000	0.000000	1741629026.008192	0.000000
102.000000	-22300.871885	-7485.643922	-29041.107481	-24916.808297	-11259.579511	-18089.155029	-13693.706834	-9212.070312	-22701.705718	-25447.416359	-28184.879206	-6511.532546	-26139.538126	-18862.257166	-28883.304165	-24342.815500	-0.025184	1.017044	0.051113	192.000000	127.500000	40.000000	15.500000	120.000000	0.500000	72.000000	0.000000	0.000000	0.000000	1741629026.008444	0.000000
104.000000	-22310.550190	-7489.264904	-29043.610876	-24913.299073	-11265.413316	-18079.096744	-13684.833191	-9196.289980	-22700.074041	-25432.887725	-28177.860758	-6505.832852	-26127.892867	-18777.409944	-28844.032150	-24326.923409	-0.025184	1.017044	0.051113	192.000000	0.000000	0.000000	0.000000	0.000000	0.000000	0.000000	0.000000	0.000000	0.000000	1741629026.065429	0.000000
106.000000	-22312.606551	-7500.686646	-29059.525318	-24929.571143	-11268.475505	-18080.281386	-13699.875915	-9204.738939	-22719.117727	-25448.288077	-28204.571093	-6526.910547	-26161.398132	-18820.973494	-28882.611261	-24338.054578	-0.025184	1.017044	0.051113	192.000000	0.000000	0.000000	0.000000	0.000000	0.000000	0.000000	0.000000	0.000000	0.000000	1741629026.065722	0.000000
108.000000	-22281.358812	-7473.953959	-29052.417463	-24903.017271	-11253.991575	-18069.105514	-13690.823459	-9192.512535	-22708.254779	-25448.444539	-28186.242662	-6519.892099	-26143.717902	-18733.444063	-28851.318818	-24332.086662	-0.025184	1.017044	0.051113	192.000000	0.000000	0.000000	0.000000	0.000000	0.000000	0.000000	0.000000	0.000000	0.000000	1741629026.065986	0.000000
110.000000	-22294.278120	-7481.307683	-29073.316344	-24916.160097	-11275.985691	-18075.162837	-13700.032377	-9190.523230	-22693.994366	-25422.918847	-28169.456502	-6510.817291	-26130.463318	-18747.972697	-28867.076798	-24324.688235	-0.025184	1.017044	0.051113	192.000000	0.000000	0.000000	0.000000	0.000000	0.000000	0.000000	0.000000	0.000000	0.000000	1741629026.066248	0.000000
112.000000	-22291.484152	-7468.298968	-29067.370780	-24903.218437	-11277.349147	-18075.274596	-13701.641703	-9201.766157	-22695.201361	-25432.261876	-28164.136787	-6500.870764	-26166.874309	-18817.397215	-28857.912583	-24332.868973	-0.020592	1.012522	0.048557	192.000000	127.500000	64.000000	15.500000	64.000000	0.500000	56.000000	0.000000	0.000000	0.000000	1741629026.066494	0.000000
114.000000	-22297.385013	-7478.647826	-29056.127853	-24911.712100	-11272.320005	-18084.930549	-13708.079005	-9209.276343	-22686.551236	-25419.722547	-28158.638258	-6488.465546	-26157.419522	-18752.688915	-28876.978621	-24324.621180	-0.020592	1.012522	0.048557	192.000000	0.000000	0.000000	0.000000	0.000000	0.000000	0.000000	0.000000	0.000000	0.000000	1741629026.066782	0.000000
116.000000	-22292.378222	-7487.834393	-29047.053045	-24916.853001	-11273.549351	-18095.279407	-13725.535718	-9220.049884	-22705.572570	-25458.435769	-28170.104703	-6516.002895	-26140.946286	-18741.043656	-28865.936859	-24357.500596	-0.020592	1.012522	0.048557	192.000000	0.000000	0.000000	0.000000	0.000000	0.000000	0.000000	0.000000	0.000000	0.000000	1741629026.067032	0.000000
118.000000	-22307.666815	-7482.514677	-29038.961713	-24904.604245	-11270.621272	-18092.530142	-13696.925485	-9202.570820	-22699.135268	-25436.396949	-28168.160101	-6496.467471	-26154.446739	-18698.418879	-28876.956269	-24338.680427	-0.020592	1.012522	0.048557	192.000000	0.000000	0.000000	0.000000	0.000000	0.000000	0.000000	0.000000	0.000000	0.000000	1741629026.125707	0.000000
120.000000	-22312.181868	-7496.149241	-29053.870327	-24916.093041	-11282.266531	-18076.861570	-13692.857467	-9218.641724	-22705.371404	-25444.622391	-28169.389447	-6503.687084	-26141.259210	-18770.369145	-28856.146795	-24345.497709	-0.020592	1.012522	0.048557	192.000000	0.000000	0.000000	0.000000	0.000000	0.000000	0.000000	0.000000	0.000000	0.000000	1741629026.126219	0.000000
122.000000	-22304.738737	-7494.562268	-29041.710978	-24922.575047	-11268.251987	-18032.202784	-13708.593095	-9204.940105	-22710.981692	-25439.302676	-28182.375810	-6509.990276	-26165.041466	-18672.490856	-28886.008726	-24340.222697	-0.020296	1.011261	0.045278	192.000000	127.500000	48.000000	15.500000	72.000000	0.500000	40.000000	0.000000	0.000000	0.000000	1741629026.126548	0.000000
124.000000	-22286.723231	-7480.905352	-29032.882039	-24927.380672	-11274.264607	-18037.768368	-13699.518287	-9203.241372	-22695.447230	-25439.280324	-28166.640182	-6508.492709	-26131.200925	-18720.792976	-28863.478167	-24355.108959	-0.020296	1.011261	0.045278	192.000000	0.000000	0.000000	0.000000	0.000000	0.000000	0.000000	0.000000	0.000000	0.000000	1741629026.126809	0.000000
126.000000	-22306.191600	-7501.066625	-29036.480670	-24933.348588	-11282.154773	-18083.120058	-13723.322895	-9218.462910	-22707.450117	-25450.836176	-28181.369982	-6511.286677	-26166.024943	-18699.201190	-28878.431485	-24356.494767	-0.020296	1.011261	0.045278	192.000000	0.000000	0.000000	0.000000	0.000000	0.000000	0.000000	0.000000	0.000000	0.000000	1741629026.127056	0.000000
128.000000	-22292.713498	-7482.559381	-29028.925780	-24933.080367	-11278.690252	-18049.905366	-13706.000293	-9237.774818	-22693.815552	-25440.710836	-28171.289345	-6500.669599	-26138.465242	-18697.368347	-28865.758045	-24355.287773	-0.020296	1.011261	0.045278	192.000000	0.000000	0.000000	0.000000	0.000000	0.000000	0.000000	0.000000	0.000000	0.000000	1741629026.127369	0.000000
130.000000	-22315.288760	-7499.569058	-29019.694509	-24934.220306	-11266.374441	-18061.975308	-13704.636837	-9208.114053	-22710.691120	-25450.187975	-28196.636223	-6517.075779	-26168.126007	-18696.988368	-28886.567519	-24360.182805	-0.020296	1.011261	0.045278	192.000000	0.000000	0.000000	0.000000	0.000000	0.000000	0.000000	0.000000	0.000000	0.000000	1741629026.127619	0.000000
132.000000	-22302.168286	-7507.772149	-29030.736271	-24935.740225	-11280.947778	-18046.709066	-13701.418185	-9215.266611	-22705.326701	-25442.946010	-28184.789799	-6508.068026	-26125.881210	-18681.699774	-28850.715321	-24343.418997	-0.018148	1.014630	0.045639	192.000000	127.500000	64.000000	15.500000	104.000000	0.500000	56.000000	0.000000	0.000000	0.000000	1741629026.127880	0.000000
134.000000	-22319.736757	-7509.739102	-29050.942248	-24940.098815	-11278.779659	-18015.349569	-13727.994410	-9234.645573	-22725.532678	-25472.293850	-28205.375755	-6543.249672	-26189.248406	-18759.416790	-28882.477150	-24369.034096	-0.018148	1.014630	0.045639	192.000000	0.000000	0.000000	0.000000	0.000000	0.000000	0.000000	0.000000	0.000000	0.000000	1741629026.188719	0.000000
136.000000	-22297.966158	-7501.804233	-29056.306667	-24945.597344	-11283.518229	-18061.394162	-13747.708648	-9245.754390	-22699.135268	-25443.929487	-28178.553662	-6523.513081	-26143.494385	-18725.375083	-28864.126368	-24351.286811	-0.018148	1.014630	0.045639	192.000000	0.000000	0.000000	0.000000	0.000000	0.000000	0.000000	0.000000	0.000000	0.000000	1741629026.189079	0.000000
138.000000	-22323.447147	-7517.942192	-29052.193946	-24947.765463	-11290.335511	-18057.661421	-13763.936015	-9220.876899	-22713.798012	-25465.901252	-28187.270842	-6536.499445	-26165.376743	-18800.834572	-28872.329458	-24356.248898	-0.018148	1.014630	0.045639	192.000000	0.000000	0.000000	0.000000	0.000000	0.000000	0.000000	0.000000	0.000000	0.000000	1741629026.189344	0.000000
140.000000	-22289.204274	-7495.657503	-29011.826695	-24935.807280	-11273.951682	-18028.134767	-13772.563788	-9214.573707	-22708.299483	-25445.449405	-28164.919098	-6513.521852	-26137.705283	-18766.658755	-28872.955307	-24339.283924	-0.018148	1.014630	0.045639	192.000000	0.000000	0.000000	0.000000	0.000000	0.000000	0.000000	0.000000	0.000000	0.000000	1741629026.189598	0.000000
142.000000	-22311.935998	-7497.736215	-29006.842256	-24934.533231	-11295.364654	-18036.650781	-13775.000128	-9200.939143	-22691.803895	-25440.956705	-28146.367150	-6480.798898	-26133.749024	-18790.865694	-28849.865955	-24324.397662	-0.019074	1.019315	0.043820	192.000000	127.500000	48.000000	16.000000	0.000000	0.500000	40.000000	0.000000	0.000000	0.000000	1741629026.189904	0.000000
144.000000	-22297.027385	-7498.987913	-29010.262073	-24964.842196	-11273.124668	-18081.063697	-13801.576352	-9223.067370	-22703.940893	-25442.096644	-28151.865679	-6483.548162	-26148.501175	-18816.614904	-28876.308069	-24325.001159	-0.019074	1.019315	0.043820	192.000000	0.000000	0.000000	0.000000	0.000000	0.000000	0.000000	0.000000	0.000000	0.000000	1741629026.190189	0.000000
146.000000	-22308.158554	-7498.138547	-29012.899579	-24965.691562	-11272.476467	-18064.009316	-13822.497585	-9229.392914	-22693.770849	-25443.750673	-28136.219458	-6476.105032	-26124.227181	-18809.887029	-28850.603563	-24325.247028	-0.019074	1.019315	0.043820	192.000000	0.000000	0.000000	0.000000	0.000000	0.000000	0.000000	0.000000	0.000000	0.000000	1741629026.190433	0.000000
148.000000	-22293.294644	-7486.895619	-29017.414632	-24979.035554	-11286.736880	-18045.166796	-13820.955315	-9250.649422	-22700.409317	-25451.618487	-28146.992999	-6488.107918	-26162.202795	-18792.519723	-28872.374162	-24337.205212	-0.019074	1.019315	0.043820	192.000000	0.000000	0.000000	0.000000	0.000000	0.000000	0.000000	0.000000	0.000000	0.000000	1741629026.246208	0.000000
150.000000	-22309.253789	-7491.053044	-29018.755736	-24970.363077	-11298.292732	-18069.329032	-13829.672495	-9234.734980	-22689.367555	-25442.655437	-28128.821031	-6481.983540	-26102.389527	-18839.033704	-28853.866917	-24346.123558	-0.019074	1.019315	0.043820	192.000000	0.000000	0.000000	0.000000	0.000000	0.000000	0.000000	0.000000	0.000000	0.000000	1741629026.246741	0.000000
152.000000	-22301.810658	-7481.173573	-29015.738251	-24969.826635	-11291.050767	-18048.877185	-13814.361550	-9223.670867	-22696.676576	-25433.021835	-28134.498374	-6483.548162	-26120.002701	-18887.335823	-28869.423731	-24339.842718	-0.022537	1.021658	0.041910	192.000000	127.500000	24.000000	16.000000	0.000000	0.500000	32.000000	0.000000	0.000000	0.000000	1741629026.247133	0.000000
154.000000	-22316.339292	-7493.109404	-29034.066681	-24980.555472	-11293.263590	-18037.723665	-13811.925210	-9230.510501	-22704.991425	-25438.274495	-28138.655798	-6480.441270	-26130.932704	-18817.844250	-28856.794996	-24351.175052	-0.022537	1.021658	0.041910	192.000000	0.000000	0.000000	0.000000	0.000000	0.000000	0.000000	0.000000	0.000000	0.000000	1741629026.247529	0.000000
156.000000	-22311.198391	-7488.706111	-29041.710978	-24988.356231	-11314.833023	-17961.437161	-13815.747358	-9225.146082	-22712.322797	-25432.239524	-28154.637296	-6483.771680	-26099.729669	-18847.728532	-28887.327479	-24349.006933	-0.022537	1.021658	0.041910	192.000000	0.000000	0.000000	0.000000	0.000000	0.000000	0.000000	0.000000	0.000000	0.000000	1741629026.247893	0.000000
158.000000	-22330.577353	-7503.167689	-29065.001495	-24997.363984	-11350.104076	-17989.779173	-13806.940771	-9252.638728	-22720.347073	-25446.388179	-28164.025028	-6497.763872	-26105.965806	-18798.957026	-28878.207967	-24362.775607	-0.022537	1.021658	0.041910	192.000000	0.000000	0.000000	0.000000	0.000000	0.000000	0.000000	0.000000	0.000000	0.000000	1741629026.248383	0.000000
160.000000	-22309.745527	-7480.905352	-29052.819795	-24980.264900	-11299.656188	-17981.598435	-13793.932056	-9216.741826	-22725.800899	-25444.868260	-28175.424418	-6519.512119	-26125.612989	-18896.053004	-28915.133049	-24366.731866	-0.022537	1.021658	0.041910	192.000000	0.000000	0.000000	0.000000	0.000000	0.000000	0.000000	0.000000	0.000000	0.000000	1741629026.248808	0.000000
162.000000	-22309.611417	-7487.297951	-29076.110312	-24983.997641	-11323.729017	-17911.726881	-13783.985529	-9251.901120	-22698.978805	-25425.712815	-28140.868621	-6495.729863	-26050.220555	-18824.505070	-28855.632705	-24361.099227	-0.028268	1.016829	0.039955	192.000000	127.000000	120.000000	15.500000	80.000000	0.500000	24.000000	0.000000	0.000000	0.000000	1741629026.249224	0.000000
164.000000	-22298.234379	-7475.853857	-29096.271586	-24951.274687	-11286.267494	-17990.181505	-13803.453899	-9210.103358	-22716.323759	-25422.762385	-28156.224269	-6510.392607	-26053.327448	-18854.523463	-28887.774514	-24356.695933	-0.028268	1.016829	0.039955	192.000000	0.000000	0.000000	0.000000	0.000000	0.000000	0.000000	0.000000	0.000000	0.000000	1741629026.308928	0.000000
166.000000	-22306.728042	-7496.596276	-29146.272438	-24954.538042	-11303.299523	-18035.063807	-13824.710408	-9240.501731	-22701.504553	-25419.789603	-28131.659702	-6495.551049	-26039.312904	-18853.785855	-28868.194386	-24354.550165	-0.028268	1.016829	0.039955	192.000000	0.000000	0.000000	0.000000	0.000000	0.000000	0.000000	0.000000	0.000000	0.000000	1741629026.309430	0.000000
168.000000	-22301.341272	-7485.196887	-29128.100470	-24936.813109	-11305.311180	-18052.900499	-13835.081617	-9228.431788	-22716.748442	-25433.602981	-28146.165984	-6506.458700	-26053.036875	-18889.347480	-28896.245825	-24361.792131	-0.028268	1.016829	0.039955	192.000000	0.000000	0.000000	0.000000	0.000000	0.000000	0.000000	0.000000	0.000000	0.000000	1741629026.309686	0.000000
170.000000	-22289.070164	-7475.630340	-29090.683650	-24928.006521	-11295.454060	-17989.354490	-13821.849385	-9220.765140	-22688.697003	-25409.217228	-28123.210743	-6478.608427	-25956.410284	-18876.115248	-28847.899002	-24357.254727	-0.028268	1.016829	0.039955	192.000000	0.000000	0.000000	0.000000	0.000000	0.000000	0.000000	0.000000	0.000000	0.000000	1741629026.309954	0.000000
172.000000	-22320.429661	-7499.166727	-29090.080153	-24943.764501	-11304.327703	-17977.396307	-13829.493681	-9212.047960	-22707.897151	-25405.573893	-28155.106682	-6491.930067	-25984.148798	-18882.999585	-28865.467473	-24350.795072	-0.038134	1.020414	0.040977	192.000000	127.000000	64.000000	16.000000	0.000000	0.500000	40.000000	0.000000	0.000000	0.000000	1741629026.310232	0.000000
174.000000	-22298.882580	-7499.658465	-29086.235653	-24928.386501	-11289.039110	-18025.251392	-13841.474216	-9223.268536	-22710.646416	-25408.949007	-28156.760711	-6492.198288	-25961.908813	-18921.086958	-28853.911621	-24352.851433	-0.038134	1.020414	0.040977	192.000000	0.000000	0.000000	0.000000	0.000000	0.000000	0.000000	0.000000	0.000000	0.000000	1741629026.310510	0.000000
176.000000	-22312.159516	-7498.317361	-29094.997537	-24927.403024	-11306.607581	-18022.077444	-13857.299251	-9231.628088	-22712.993349	-25402.221132	-28160.247583	-6491.773604	-25959.338362	-18906.111289	-28877.649173	-24366.128369	-0.038134	1.020414	0.040977	192.000000	0.000000	0.000000	0.000000	0.000000	0.000000	0.000000	0.000000	0.000000	0.000000	1741629026.310762	0.000000
178.000000	-22309.946693	-7533.051972	-29101.904226	-24946.089082	-11294.716453	-18064.054020	-13863.982423	-9241.306393	-22707.763041	-25413.218190	-28172.675153	-6498.523831	-25919.149926	-18954.949850	-28880.912528	-24397.264349	-0.038134	1.020414	0.040977	192.000000	0.000000	0.000000	0.000000	0.000000	0.000000	0.000000	0.000000	0.000000	0.000000	1741629026.360084	0.000000
180.000000	-22329.951504	-7574.894437	-29093.723487	-24948.257202	-11295.834040	-18046.038514	-13872.386679	-9229.638783	-22733.534602	-25449.048036	-28181.481741	-6518.550994	-25932.873897	-18979.961452	-28882.253633	-24415.391614	-0.038134	1.020414	0.040977	192.000000	0.000000	0.000000	0.000000	0.000000	0.000000	0.000000	0.000000	0.000000	0.000000	1741629026.360376	0.000000
182.000000	-22324.207106	-7605.739845	-29103.714717	-24976.778028	-11306.920505	-18065.529235	-13881.752060	-9240.412324	-22751.058370	-25460.492129	-28174.507996	-6525.569442	-25950.308257	-18927.747777	-28886.165188	-24421.851268	-0.044067	1.022207	0.043489	192.000000	127.000000	56.000000	16.000000	0.000000	0.500000	56.000000	0.000000	0.000000	0.000000	1741629026.360644	0.000000
184.000000	-22326.464632	-7624.403551	-29105.726374	-24975.056943	-11317.068197	-18072.927662	-13884.702490	-9244.994431	-22772.873673	-25502.401650	-28180.811188	-6561.265178	-25949.145967	-19017.422976	-28905.186523	-24450.528556	-0.044067	1.022207	0.043489	192.000000	0.000000	0.000000	0.000000	0.000000	0.000000	0.000000	0.000000	0.000000	0.000000	1741629026.360908	0.000000
186.000000	-22306.102193	-7649.370450	-29114.555313	-24985.316394	-11317.761101	-18073.642918	-13886.445926	-9211.511518	-22762.547167	-25505.977929	-28156.559546	-6558.717079	-25905.157734	-19023.793223	-28896.536398	-24438.413911	-0.044067	1.022207	0.043489	192.000000	0.000000	0.000000	0.000000	0.000000	0.000000	0.000000	0.000000	0.000000	0.000000	1741629026.361177	0.000000
188.000000	-22348.346990	-7699.103081	-29159.594078	-25005.835295	-11356.317861	-18085.198770	-13902.338016	-9237.931280	-22790.039812	-25553.229517	-28181.168816	-6595.575106	-25928.135327	-19046.077913	-28907.689918	-24453.031952	-0.044067	1.022207	0.043489	192.000000	0.000000	0.000000	0.000000	0.000000	0.000000	0.000000	0.000000	0.000000	0.000000	1741629026.361433	0.000000
190.000000	-22308.449126	-7690.899991	-29139.388101	-24985.182284	-11325.159529	-18031.576935	-13895.565438	-9244.659155	-22814.403214	-25579.872797	-28200.681889	-6616.921022	-25982.450066	-19088.009785	-28931.673340	-24462.218519	-0.044067	1.022207	0.043489	192.000000	0.000000	0.000000	0.000000	0.000000	0.000000	0.000000	0.000000	0.000000	0.000000	1741629026.404123	0.000000
192.000000	-22329.817394	-7716.090407	-29168.221851	-25005.343557	-11345.477265	-18085.087011	-13898.962903	-9245.441466	-22807.116545	-25579.090485	-28182.912252	-6603.241754	-25928.403548	-19013.109090	-28896.335232	-24446.661704	-0.045034	1.014104	0.047744	192.000000	127.000000	72.000000	15.500000	56.000000	0.500000	80.000000	0.000000	0.000000	0.000000	1741629026.404432	0.000000
194.000000	-22314.662911	-7716.760959	-29169.428846	-25012.227894	-11330.970982	-17988.281606	-13882.824943	-9245.441466	-22828.708330	-25611.589922	-28203.185285	-6625.861719	-25937.768929	-19163.782199	-28921.548000	-24472.612080	-0.045034	1.014104	0.047744	192.000000	0.000000	0.000000	0.000000	0.000000	0.000000	0.000000	0.000000	0.000000	0.000000	1741629026.404710	0.000000
196.000000	-22339.741569	-7725.500491	-29208.969082	-25025.102499	-11346.281927	-18138.284163	-13894.716071	-9249.665946	-22821.913400	-25608.751250	-28201.419497	-6622.911289	-25967.228528	-19100.079727	-28905.410040	-24481.463370	-0.045034	1.014104	0.047744	192.000000	0.000000	0.000000	0.000000	0.000000	0.000000	0.000000	0.000000	0.000000	0.000000	1741629026.457800	0.000000
198.000000	-22302.771783	-7705.205107	-29192.026459	-25022.107365	-11321.493843	-18095.972311	-13880.969749	-9253.443391	-22826.942542	-25632.242934	-28206.448639	-6641.485589	-25941.725188	-19146.593707	-28934.154383	-24489.375888	-0.045034	1.014104	0.047744	192.000000	0.000000	0.000000	0.000000	0.000000	0.000000	0.000000	0.000000	0.000000	0.000000	1741629026.458091	0.000000
200.000000	-22331.471423	-7735.804646	-29224.145916	-25036.792461	-11357.211930	-18138.172405	-13888.591693	-9272.710594	-22822.136917	-25636.825041	-28199.229026	-6636.389391	-25956.320877	-19098.693919	-28906.326462	-24501.848161	-0.045034	1.014104	0.047744	192.000000	0.000000	0.000000	0.000000	0.000000	0.000000	0.000000	0.000000	0.000000	0.000000	1741629026.458365	0.000000
202.000000	-22307.622112	-7727.825073	-29217.038061	-25048.638886	-11356.027288	-18056.342668	-13890.804516	-9284.869943	-22827.814260	-25653.119463	-28205.889846	-6645.866531	-25943.178051	-19173.348746	-28941.575163	-24508.084298	-0.039517	1.009052	0.060872	192.000000	127.000000	120.000000	15.500000	48.000000	1.000000	40.000000	0.000000	0.000000	0.000000	1741629026.458614	0.000000
204.000000	-22316.294589	-7721.208956	-29194.082820	-25042.447453	-11346.796018	-18055.046267	-13889.441060	-9276.577446	-22832.217554	-25678.734562	-28207.968558	-6656.349499	-25934.259705	-19151.645202	-28921.838572	-24511.213542	-0.039517	1.009052	0.060872	192.000000	0.000000	0.000000	0.000000	0.000000	0.000000	0.000000	0.000000	0.000000	0.000000	1741629026.458895	0.000000
206.000000	-22314.126469	-7726.126340	-29176.514349	-25053.802139	-11353.278023	-18075.073430	-13886.021243	-9278.298530	-22824.148574	-25653.342981	-28213.891770	-6640.815036	-25930.348150	-19165.257414	-28929.885200	-24473.506149	-0.039517	1.009052	0.060872	192.000000	0.000000	0.000000	0.000000	0.000000	0.000000	0.000000	0.000000	0.000000	0.000000	1741629026.459159	0.000000
208.000000	-22302.257693	-7703.104043	-29154.587287	-25049.018866	-11351.378125	-18103.907180	-13887.339996	-9264.596911	-22820.371130	-25661.344905	-28209.197904	-6648.615795	-25911.997367	-19196.393394	-28913.523723	-24489.353536	-0.039517	1.009052	0.060872	192.000000	0.000000	0.000000	0.000000	0.000000	0.000000	0.000000	0.000000	0.000000	0.000000	1741629026.459425	0.000000
210.000000	-22281.582329	-7698.343122	-29153.559107	-25067.749628	-11363.738640	-18051.291174	-13880.634472	-9280.757222	-22803.160286	-25644.871669	-28193.283462	-6634.578900	-25930.884591	-19189.196132	-28935.294322	-24482.558606	-0.039517	1.009052	0.060872	192.000000	0.000000	0.000000	0.000000	0.000000	0.000000	0.000000	0.000000	0.000000	0.000000	1741629026.514215	0.000000
212.000000	-22273.893329	-7685.267351	-29147.971171	-25047.051912	-11366.130276	-18060.365982	-13889.418708	-9293.989455	-22783.468399	-25643.239992	-28163.645049	-6619.178548	-25892.439591	-19177.103839	-28913.613130	-24483.922062	-0.026758	1.010526	0.063436	192.000000	127.500000	72.000000	15.500000	80.000000	1.000000	8.000000	0.000000	0.000000	0.000000	1741629026.514503	0.000000
214.000000	-22295.976853	-7681.780479	-29168.378314	-25039.027636	-11364.252730	-18053.302831	-13894.425499	-9267.502638	-22789.346908	-25632.868783	-28174.820921	-6611.757769	-25963.182862	-19165.659745	-28941.306942	-24477.015373	-0.026758	1.010526	0.063436	192.000000	0.000000	0.000000	0.000000	0.000000	0.000000	0.000000	0.000000	0.000000	0.000000	1741629026.514807	0.000000
216.000000	-22274.921510	-7677.913627	-29175.687334	-25051.097578	-11364.319785	-18074.291119	-13883.070813	-9267.592045	-22786.038850	-25627.236143	-28168.808302	-6609.880222	-25981.287775	-19164.497455	-28921.190372	-24484.123228	-0.026758	1.010526	0.063436	192.000000	0.000000	0.000000	0.000000	0.000000	0.000000	0.000000	0.000000	0.000000	0.000000	1741629026.515064	0.000000
218.000000	-22278.453085	-7670.314034	-29180.403552	-25047.320133	-11364.789172	-18040.405874	-13901.868630	-9271.972987	-22779.310975	-25626.699701	-28157.744188	-6605.991019	-25960.657115	-19212.978388	-28940.412872	-24491.812228	-0.026758	1.010526	0.063436	192.000000	0.000000	0.000000	0.000000	0.000000	0.000000	0.000000	0.000000	0.000000	0.000000	1741629026.515324	0.000000
220.000000	-22290.388917	-7685.982607	-29203.761125	-25068.219014	-11368.030175	-18073.844084	-13915.994932	-9304.003036	-22782.954309	-25634.835736	-28154.883165	-6609.880222	-25969.776627	-19192.839467	-28927.247694	-24508.732499	-0.026758	1.010526	0.063436	192.000000	0.000000	0.000000	0.000000	0.000000	0.000000	0.000000	0.000000	0.000000	0.000000	1741629026.515565	0.000000
222.000000	-22290.232455	-7682.316921	-29201.883579	-25055.925555	-11371.785268	-18039.422398	-13898.717034	-9282.523010	-22792.297339	-25635.461585	-28174.284479	-6616.183414	-26022.884372	-19190.894865	-28941.441052	-24527.463261	-0.018379	1.011263	0.061718	192.000000	127.500000	88.000000	15.500000	80.000000	0.500000	112.000000	0.000000	0.000000	0.000000	1741629026.515829	0.000000
224.000000	-22284.890388	-7687.770747	-29209.684337	-25073.829302	-11377.596721	-17909.894038	-13865.971728	-9287.485097	-22780.361507	-25631.125347	-28172.406932	-6603.219402	-25922.055652	-19247.176557	-28936.143689	-24539.600258	-0.018379	1.011263	0.061718	192.000000	0.000000	0.000000	0.000000	0.000000	0.000000	0.000000	0.000000	0.000000	0.000000	1741629026.516103	0.000000
226.000000	-22302.145934	-7689.603590	-29218.937960	-25069.582471	-11394.002902	-17893.979596	-13866.418763	-9291.731929	-22798.399365	-25643.999951	-28198.312604	-6619.290306	-25965.663906	-19175.047478	-28954.226250	-24545.299953	-0.018379	1.011263	0.061718	192.000000	0.000000	0.000000	0.000000	0.000000	0.000000	0.000000	0.000000	0.000000	0.000000	1741629026.565901	0.000000
228.000000	-22272.306356	-7664.703746	-29196.876788	-25048.907107	-11324.108997	-17980.257330	-13850.593728	-9281.159554	-22784.429524	-25624.710396	-28182.554624	-6595.373940	-25953.482205	-19227.998761	-28942.826860	-24532.760624	-0.018379	1.011263	0.061718	192.000000	0.000000	0.000000	0.000000	0.000000	0.000000	0.000000	0.000000	0.000000	0.000000	1741629026.566212	0.000000
230.000000	-22310.997225	-7696.443224	-29244.396596	-25085.899244	-11381.932960	-18016.981246	-13844.223481	-9302.527821	-22795.650100	-25629.113690	-28194.892787	-6601.520670	-25954.800958	-19188.391470	-28939.004712	-24535.509889	-0.018379	1.011263	0.061718	192.000000	0.000000	0.000000	0.000000	0.000000	0.000000	0.000000	0.000000	0.000000	0.000000	1741629026.566475	0.000000
232.000000	-22276.687297	-7681.400500	-29249.761015	-25077.249119	-11352.316898	-18031.956915	-13846.279841	-9288.356815	-22804.657853	-25626.163259	-28192.121171	-6604.985190	-25932.158641	-19228.781072	-28972.621736	-24557.325191	-0.015190	1.003631	0.057859	192.000000	127.500000	80.000000	15.500000	16.000000	0.500000	88.000000	0.000000	0.000000	0.000000	1741629026.566721	0.000000
234.000000	-22303.285873	-7708.803738	-29278.460655	-25100.338471	-11402.653027	-17989.533304	-13869.302138	-9299.040949	-22792.766725	-25626.364425	-28171.088179	-6592.647027	-25925.251952	-19244.784921	-28955.835576	-24548.272735	-0.015190	1.003631	0.057859	192.000000	0.000000	0.000000	0.000000	0.000000	0.000000	0.000000	0.000000	0.000000	0.000000	1741629026.566985	0.000000
236.000000	-22290.098344	-7707.306171	-29257.338257	-25096.650433	-11359.715326	-18021.406892	-13870.531484	-9300.292647	-22822.092214	-25654.326457	-28187.851988	-6618.575051	-25951.805824	-19215.325322	-28987.798570	-24561.460264	-0.015190	1.003631	0.057859	192.000000	0.000000	0.000000	0.000000	0.000000	0.000000	0.000000	0.000000	0.000000	0.000000	1741629026.567258	0.000000
238.000000	-22301.363623	-7730.954317	-29242.831974	-25104.317081	-11372.724041	-17940.627687	-13876.879379	-9292.648350	-22815.945484	-25649.431425	-28181.280575	-6604.515803	-25934.773795	-19252.429217	-28960.976477	-24529.743139	-0.015190	1.003631	0.057859	192.000000	0.000000	0.000000	0.000000	0.000000	0.000000	0.000000	0.000000	0.000000	0.000000	1741629026.567508	0.000000
240.000000	-22263.365658	-7724.204090	-29221.709576	-25088.089715	-11364.923282	-18050.642973	-13883.473144	-9284.735833	-22823.120394	-25644.983428	-28197.507941	-6602.146518	-25922.010949	-19257.815988	-28969.514843	-24506.609083	-0.015190	1.003631	0.057859	192.000000	0.000000	0.000000	0.000000	0.000000	0.000000	0.000000	0.000000	0.000000	0.000000	1741629026.617699	0.000000
242.000000	-22299.799001	-7767.566474	-29273.878547	-25126.400605	-11427.329353	-18140.072303	-13985.195933	-9310.909726	-22822.472194	-25634.075777	-28204.951072	-6604.024065	-25928.291789	-19288.996671	-28973.784026	-24504.776240	-0.004595	1.016816	0.055930	192.000000	0.000000	24.000000	16.000000	24.000000	0.500000	88.000000	0.000000	0.000000	0.000000	1741629026.617993	0.000000
244.000000	-22288.377260	-7776.730690	-29250.610381	-25113.078965	-11393.689977	-18123.129681	-13951.422447	-9287.529801	-22853.675229	-25660.674353	-28231.080262	-6637.328164	-25982.137141	-19234.748988	-29022.644940	-24514.968635	-0.004595	1.016816	0.055930	192.000000	0.000000	0.000000	0.000000	0.000000	0.000000	0.000000	0.000000	0.000000	0.000000	1741629026.618274	0.000000
246.000000	-22287.773763	-7781.469259	-29242.541402	-25094.459962	-11409.872640	-18122.906163	-13931.082360	-9285.071109	-22825.199106	-25610.315872	-28180.453560	-6586.701463	-25919.440498	-19192.750060	-28950.784081	-24476.344821	-0.004595	1.016816	0.055930	192.000000	0.000000	0.000000	0.000000	0.000000	0.000000	0.000000	0.000000	0.000000	0.000000	1741629026.618530	0.000000
248.000000	-22269.445332	-7774.517867	-29224.078861	-25080.668936	-11396.282780	-18122.257962	-13903.075624	-9282.053623	-22826.674321	-25610.897018	-28176.564357	-6587.237905	-25909.829248	-19280.793581	-28978.232024	-24488.213597	-0.004595	1.016816	0.055930	192.000000	0.000000	0.000000	0.000000	0.000000	0.000000	0.000000	0.000000	0.000000	0.000000	1741629026.618779	0.000000
250.000000	-22296.356833	-7810.794748	-29239.278047	-25089.408468	-11413.761844	-18118.704035	-13890.133964	-9287.216876	-22823.388615	-25590.691041	-28161.946316	-6570.250579	-25913.897266	-19198.449755	-28942.938619	-24478.177664	-0.004595	1.016816	0.055930	192.000000	0.000000	0.000000	0.000000	0.000000	0.000000	0.000000	0.000000	0.000000	0.000000	1741629026.619045	0.000000
252.000000	-22284.108077	-7801.876402	-29225.956407	-25071.281203	-11389.152573	-18094.273578	-13845.139902	-9263.389917	-22839.370112	-25581.482122	-28180.364153	-6574.318597	-25910.857428	-19228.021112	-28960.663552	-24475.696620	-0.000297	1.027408	0.048965	192.000000	0.000000	16.000000	16.000000	56.000000	0.500000	40.000000	0.000000	0.000000	0.000000	1741629026.619300	0.000000
254.000000	-22305.319882	-7828.385571	-29258.321733	-25090.034317	-11395.612227	-18105.628265	-13791.272198	-9264.395745	-22851.037723	-25574.441323	-28184.789799	-6564.595588	-25915.663053	-19173.125228	-28917.479982	-24477.641222	-0.000297	1.027408	0.048965	192.000000	0.000000	0.000000	0.000000	0.000000	0.000000	0.000000	0.000000	0.000000	0.000000	1741629026.619555	0.000000
0.000000	-22302.056527	-7821.411827	-29249.381035	-25071.929404	-11387.990283	-18104.376567	-13769.948634	-9267.569693	-22866.639241	-25574.284860	-28197.463238	-6574.296245	-25920.915713	-19179.987214	-28944.458538	-24489.442943	-0.000297	1.027408	0.048965	192.000000	0.000000	0.000000	0.000000	0.000000	0.000000	0.000000	0.000000	0.000000	0.000000	1741629026.673535	0.000000
2.000000	-22303.442336	-7796.936667	-29233.176021	-25037.261848	-11375.406250	-18097.514581	-13750.301451	-9269.067260	-22839.168947	-25534.007017	-28160.426397	-6526.061180	-25880.190835	-19192.951225	-28887.238072	-24472.679135	-0.000297	1.027408	0.048965	192.000000	0.000000	0.000000	0.000000	0.000000	0.000000	0.000000	0.000000	0.000000	0.000000	1741629026.673851	0.000000
4.000000	-22298.435545	-7772.550913	-29213.707651	-25020.274522	-11384.391652	-18036.069636	-13723.613468	-9274.252865	-22845.785063	-25523.501697	-28171.088179	-6518.416884	-25878.805027	-19180.769525	-28915.133049	-24474.891958	-0.000297	1.027408	0.048965	192.000000	0.000000	0.000000	0.000000	0.000000	0.000000	0.000000	0.000000	0.000000	0.000000	1741629026.674111	0.000000
6.000000	-22320.720234	-7767.141791	-29227.722195	-25022.420290	-11369.527742	-17986.024080	-13672.427973	-9203.889573	-22828.909496	-25479.513464	-28149.250525	-6475.523886	-25853.011114	-19109.445108	-28873.357639	-24456.742341	-0.018149	1.020704	0.048482	192.000000	127.000000	112.000000	15.500000	88.000000	0.500000	64.000000	0.000000	0.000000	0.000000	1741629026.674380	0.000000
8.000000	-22316.853382	-7751.361460	-29219.519105	-25006.483496	-11316.732921	-18057.728476	-13644.868272	-9218.619373	-22852.378828	-25489.258824	-28172.518691	-6481.089471	-25888.885664	-19068.027326	-28879.079685	-24472.075638	-0.018149	1.020704	0.048482	192.000000	0.000000	0.000000	0.000000	0.000000	0.000000	0.000000	0.000000	0.000000	0.000000	1741629026.674648	0.000000
10.000000	-22308.002091	-7711.932982	-29226.537553	-25011.155011	-11297.175145	-18060.164816	-13628.395036	-9219.938126	-22830.272952	-25450.433844	-28134.185449	-6440.342240	-25854.352218	-19096.235227	-28833.571533	-24481.530426	-0.018149	1.020704	0.048482	192.000000	0.000000	0.000000	0.000000	0.000000	0.000000	0.000000	0.000000	0.000000	0.000000	1741629026.674904	0.000000
12.000000	-22311.734833	-7665.664871	-29215.696957	-24995.553493	-11297.041034	-18061.662383	-13605.730367	-9221.390989	-22812.793888	-25435.972266	-28119.746222	-6415.464749	-25873.462960	-19093.284797	-28836.633722	-24498.316586	-0.018149	1.020704	0.048482	192.000000	0.000000	0.000000	0.000000	0.000000	0.000000	0.000000	0.000000	0.000000	0.000000	1741629026.675160	0.000000
14.000000	-22281.202350	-7617.876842	-29173.943898	-24967.434998	-11286.222790	-18046.731418	-13587.111364	-9209.298695	-22783.401344	-25426.763347	-28101.238978	-6385.647522	-25852.251154	-19058.572538	-28820.182838	-24499.210656	-0.018149	1.020704	0.048482	192.000000	0.000000	0.000000	0.000000	0.000000	0.000000	0.000000	0.000000	0.000000	0.000000	1741629026.733665	0.000000
16.000000	-22299.150801	-7602.677656	-29158.945877	-24953.085179	-11298.248029	-18032.605115	-13574.482629	-9201.117957	-22767.598661	-25393.928634	-28098.132086	-6346.911949	-25851.468843	-19010.851563	-28801.720298	-24456.094141	-0.046074	1.020352	0.059241	192.000000	126.500000	88.000000	15.500000	112.000000	1.000000	24.000000	0.000000	0.000000	0.000000	1741629026.733992	0.000000
18.000000	-22265.734943	-7569.798239	-29118.444516	-24925.324312	-11258.685441	-17983.699499	-13563.083239	-9178.341529	-22747.906774	-25378.841207	-28096.254539	-6326.549509	-25854.978067	-18995.875895	-28794.031297	-24436.379902	-0.046074	1.020352	0.059241	192.000000	0.000000	0.000000	0.000000	0.000000	0.000000	0.000000	0.000000	0.000000	0.000000	1741629026.734273	0.000000
20.000000	-22266.405495	-7560.634024	-29112.588359	-24922.932675	-11293.375348	-17997.132897	-13594.666254	-9180.129669	-22738.630800	-25367.151245	-28088.878463	-6319.687524	-25847.065550	-18921.466937	-28788.555120	-24414.408137	-0.046074	1.020352	0.059241	192.000000	0.000000	0.000000	0.000000	0.000000	0.000000	0.000000	0.000000	0.000000	0.000000	1741629026.734511	0.000000
22.000000	-22244.143157	-7534.661297	-29094.885778	-24900.759745	-11275.493953	-18033.298020	-13547.124093	-9173.781773	-22708.321835	-25335.434119	-28060.000010	-6303.214288	-25839.376550	-18991.271435	-28789.002155	-24400.930035	-0.046074	1.020352	0.059241	192.000000	0.000000	0.000000	0.000000	0.000000	0.000000	0.000000	0.000000	0.000000	0.000000	1741629026.734769	0.000000
24.000000	-22250.401646	-7523.418370	-29092.136513	-24881.760762	-11271.135363	-18009.783984	-13536.372904	-9141.930537	-22697.302425	-25337.982218	-28045.247858	-6305.091835	-25844.450396	-18965.209301	-28775.725219	-24390.491771	-0.046074	1.020352	0.059241	192.000000	0.000000	0.000000	0.000000	0.000000	0.000000	0.000000	0.000000	0.000000	0.000000	1741629026.735031	0.000000
26.000000	-22231.201497	-7496.685683	-29091.465961	-24867.857977	-11253.701002	-18009.091080	-13488.786040	-9143.182235	-22679.801009	-25325.621703	-28030.182782	-6291.345512	-25865.908070	-18951.105350	-28762.113006	-24376.432523	-0.057037	1.017176	0.067621	192.000000	126.500000	112.000000	15.500000	88.000000	1.000000	48.000000	0.000000	0.000000	0.000000	1741629026.735292	0.000000
28.000000	-22222.081986	-7491.924762	-29087.800275	-24851.831776	-11270.196589	-17997.669339	-13505.192221	-9148.390192	-22656.108160	-25311.383642	-28008.814515	-6270.781907	-25871.339544	-18939.325981	-28752.032370	-24370.196387	-0.057037	1.017176	0.067621	192.000000	0.000000	0.000000	0.000000	0.000000	0.000000	0.000000	0.000000	0.000000	0.000000	1741629026.735550	0.000000
30.000000	-22225.546506	-7495.813965	-29093.187045	-24863.164111	-11275.873932	-17932.670466	-13496.765613	-9157.621462	-22665.719410	-25335.210602	-28012.793125	-6276.146326	-25838.258962	-18959.040220	-28759.430797	-24378.399477	-0.057037	1.017176	0.067621	192.000000	0.000000	0.000000	0.000000	0.000000	0.000000	0.000000	0.000000	0.000000	0.000000	1741629026.792604	0.000000
32.000000	-22232.699064	-7491.433023	-29085.654507	-24841.281753	-11262.239368	-18024.334970	-13540.552681	-9160.974224	-22663.216014	-25314.088203	-28018.492820	-6263.092907	-25882.940100	-18893.773126	-28748.098463	-24376.141951	-0.057037	1.017176	0.067621	192.000000	0.000000	0.000000	0.000000	0.000000	0.000000	0.000000	0.000000	0.000000	0.000000	1741629026.792906	0.000000
34.000000	-22228.698102	-7493.042349	-29087.040316	-24853.239936	-11246.615499	-18037.455444	-13479.845343	-9127.357200	-22664.735933	-25300.051308	-28016.235294	-6258.689613	-25881.308422	-19019.747558	-28763.275297	-24378.466532	-0.057037	1.017176	0.067621	192.000000	0.000000	0.000000	0.000000	0.000000	0.000000	0.000000	0.000000	0.000000	0.000000	1741629026.793179	0.000000
36.000000	-22248.077065	-7495.791614	-29099.199664	-24861.621840	-11250.169426	-18025.653723	-13445.691877	-9124.071494	-22676.448247	-25316.055157	-28018.917503	-6273.598227	-25898.340452	-18932.598106	-28727.914837	-24392.123448	-0.069519	1.011588	0.077810	192.000000	126.500000	56.000000	15.500000	56.000000	1.000000	96.000000	0.000000	0.000000	0.000000	1741629026.793430	0.000000
38.000000	-22213.096584	-7474.691567	-29088.716696	-24842.376988	-11239.977031	-18002.273798	-13456.331307	-9128.318325	-22661.226709	-25292.652880	-28003.315986	-6252.341718	-25897.535789	-18967.243310	-28747.159689	-24390.603529	-0.069519	1.011588	0.077810	192.000000	0.000000	0.000000	0.000000	0.000000	0.000000	0.000000	0.000000	0.000000	0.000000	1741629026.793705	0.000000
40.000000	-22230.195669	-7471.294102	-29092.248272	-24841.572325	-11264.474543	-18010.275723	-13481.409965	-9126.999572	-22650.497872	-25291.110610	-27992.162465	-6238.908319	-25915.685405	-18924.238554	-28728.943018	-24381.931052	-0.069519	1.011588	0.077810	192.000000	0.000000	0.000000	0.000000	0.000000	0.000000	0.000000	0.000000	0.000000	0.000000	1741629026.793960	0.000000
42.000000	-22228.027550	-7480.883000	-29086.146246	-24843.807500	-11246.123760	-18019.261124	-13460.488732	-9129.011229	-22672.268471	-25302.331186	-28020.683291	-6252.274663	-25915.305426	-18944.288068	-28765.465768	-24391.989337	-0.069519	1.011588	0.077810	192.000000	0.000000	0.000000	0.000000	0.000000	0.000000	0.000000	0.000000	0.000000	0.000000	1741629026.794202	0.000000
44.000000	-22255.028457	-7513.605954	-29128.815726	-24870.473131	-11291.676616	-17978.223321	-13486.081479	-9160.013099	-22672.939023	-25318.558552	-28023.097279	-6264.769288	-25911.840905	-18931.189946	-28738.174288	-24396.459686	-0.069519	1.011588	0.077810	192.000000	0.000000	0.000000	0.000000	0.000000	0.000000	0.000000	0.000000	0.000000	0.000000	1741629026.852860	0.000000
46.000000	-22240.388064	-7517.383399	-29141.287999	-24875.837550	-11289.463793	-17922.433367	-13485.321520	-9150.848883	-22713.954474	-25356.735332	-28067.309030	-6319.508710	-25954.286868	-19027.771834	-28792.511379	-24420.666626	-0.063759	1.001794	0.085905	192.000000	127.000000	24.000000	15.500000	0.000000	1.000000	120.000000	0.000000	0.000000	0.000000	1741629026.853162	0.000000
48.000000	-22235.805957	-7502.318323	-29145.490127	-24861.845358	-11309.759177	-17894.694852	-13492.809354	-9135.694401	-22683.936081	-25322.626570	-28026.919428	-6295.368826	-25920.491030	-18928.418330	-28753.999323	-24391.676413	-0.063759	1.001794	0.085905	192.000000	0.000000	0.000000	0.000000	0.000000	0.000000	0.000000	0.000000	0.000000	0.000000	1741629026.853447	0.000000
50.000000	-22225.255933	-7502.720654	-29151.458043	-24863.566442	-11277.416203	-18069.664308	-13467.998918	-9165.399869	-22696.162486	-25318.558552	-28029.601637	-6300.643838	-25934.438519	-18973.971185	-28803.463734	-24399.320710	-0.063759	1.001794	0.085905	192.000000	0.000000	0.000000	0.000000	0.000000	0.000000	0.000000	0.000000	0.000000	0.000000	1741629026.853695	0.000000
52.000000	-22229.145137	-7500.798404	-29159.258802	-24882.006631	-11264.005156	-17942.549937	-13449.938709	-9106.681836	-22693.927311	-25322.201886	-28016.369404	-6298.028683	-25940.965228	-18927.256039	-28754.938096	-24404.103983	-0.063759	1.001794	0.085905	192.000000	0.000000	0.000000	0.000000	0.000000	0.000000	0.000000	0.000000	0.000000	0.000000	1741629026.853963	0.000000
54.000000	-22223.020759	-7489.711939	-29150.765139	-24876.888082	-11278.153810	-17945.813292	-13444.574290	-9107.106520	-22686.953567	-25325.420538	-28018.738689	-6310.925640	-25944.742673	-18955.665106	-28752.635867	-24386.915491	-0.063759	1.001794	0.085905	192.000000	0.000000	0.000000	0.000000	0.000000	0.000000	0.000000	0.000000	0.000000	0.000000	1741629026.854214	0.000000
56.000000	-22215.935256	-7488.884925	-29122.177258	-24874.317631	-11243.106275	-17937.565498	-13477.677223	-9110.772206	-22683.913730	-25316.166915	-28021.309140	-6309.003390	-25891.880797	-18938.275449	-28724.785593	-24385.641442	-0.062880	1.003897	0.101953	192.000000	127.000000	8.000000	15.500000	56.000000	1.500000	88.000000	0.000000	0.000000	0.000000	1741629026.854475	0.000000
58.000000	-22211.286093	-7478.334901	-29090.773057	-24853.418750	-11266.687365	-17899.992216	-13474.458572	-9103.172613	-22677.096448	-25303.247607	-28027.589980	-6296.598172	-25866.220995	-18946.545595	-28740.588276	-24361.412151	-0.062880	1.003897	0.101953	192.000000	0.000000	0.000000	0.000000	0.000000	0.000000	0.000000	0.000000	0.000000	0.000000	1741629026.854754	0.000000
60.000000	-22219.220962	-7515.639963	-29106.642795	-24901.519704	-11261.859389	-17878.333375	-13448.172921	-9130.397037	-22662.031372	-25304.544008	-28006.668747	-6282.762442	-25852.273506	-18904.345501	-28715.979006	-24337.272267	-0.062880	1.003897	0.101953	192.000000	0.000000	0.000000	0.000000	0.000000	0.000000	0.000000	0.000000	0.000000	0.000000	1741629026.914512	0.000000
62.000000	-22219.667997	-7530.012134	-29118.332758	-24921.569219	-11277.170334	-18003.793717	-13486.796735	-9150.312442	-22722.090509	-25362.300916	-28064.917393	-6359.093649	-25885.219978	-18965.276356	-28787.370478	-24397.018480	-0.062880	1.003897	0.101953	192.000000	0.000000	0.000000	0.000000	0.000000	0.000000	0.000000	0.000000	0.000000	0.000000	1741629026.914806	0.000000
64.000000	-22196.511590	-7531.062666	-29102.105391	-24934.242658	-11291.207229	-17950.015420	-13507.181526	-9160.661299	-22703.695024	-25356.467111	-28031.009797	-6361.753507	-25826.591352	-18912.995626	-28769.667896	-24383.518026	-0.062880	1.003897	0.101953	192.000000	0.000000	0.000000	0.000000	0.000000	0.000000	0.000000	0.000000	0.000000	0.000000	1741629026.915057	0.000000
66.000000	-22171.768209	-7513.650657	-29051.568097	-24912.941445	-11276.700947	-17969.260272	-13480.225322	-9167.635044	-22707.338358	-25359.685762	-28034.854297	-6373.599931	-25797.690546	-18975.535807	-28784.151826	-24386.513160	-0.052440	1.008948	0.113976	192.000000	127.000000	88.000000	15.500000	88.000000	1.500000	120.000000	0.000000	0.000000	0.000000	1741629026.915345	0.000000
68.000000	-22131.602124	-7502.206564	-29008.451582	-24905.833591	-11262.217016	-17935.665600	-13505.080462	-9192.244314	-22681.455038	-25362.233861	-28004.120648	-6366.134449	-25653.231222	-18940.890603	-28756.569774	-24394.470381	-0.052440	1.008948	0.113976	192.000000	0.000000	0.000000	0.000000	0.000000	0.000000	0.000000	0.000000	0.000000	0.000000	1741629026.915619	0.000000
70.000000	-22123.644903	-7484.101651	-28971.168872	-24869.802579	-11253.656298	-17852.941794	-13480.381784	-9173.379442	-22635.499851	-25342.005532	-27976.739761	-6344.073277	-25661.881347	-18948.870176	-28752.859384	-24393.576311	-0.052440	1.008948	0.113976	192.000000	0.000000	0.000000	0.000000	0.000000	0.000000	0.000000	0.000000	0.000000	0.000000	1741629026.915882	0.000000
72.000000	-22143.493252	-7515.930535	-28983.909367	-24904.894817	-11287.876819	-17998.541057	-13522.313657	-9220.027533	-22608.029557	-25321.777203	-27948.241287	-6322.682658	-25694.492542	-18988.231598	-28749.238402	-24409.647216	-0.052440	1.008948	0.113976	192.000000	0.000000	0.000000	0.000000	0.000000	0.000000	0.000000	0.000000	0.000000	0.000000	1741629026.916118	0.000000
74.000000	-22168.527206	-7517.293992	-28987.843274	-24909.029890	-11266.374441	-17971.786019	-13500.520706	-9207.309390	-22643.747645	-25351.952058	-27976.292727	-6344.296794	-25713.022138	-18978.240368	-28774.205300	-24461.570318	-0.052440	1.008948	0.113976	192.000000	0.000000	0.000000	0.000000	0.000000	0.000000	0.000000	0.000000	0.000000	0.000000	1741629026.974753	0.000000
76.000000	-22165.308555	-7517.405750	-29008.406879	-24908.046413	-11248.314231	-17958.129103	-13453.827912	-9201.207364	-22637.556212	-25316.569247	-27959.394808	-6309.875108	-25728.802470	-18981.034336	-28767.924460	-24453.143710	-0.058220	0.999474	0.122988	192.000000	127.000000	0.000000	15.000000	120.000000	2.000000	16.000000	0.000000	0.000000	0.000000	1741629026.975059	0.000000
78.000000	-22188.330852	-7522.323134	-29023.449603	-24900.603283	-11266.575607	-17941.812330	-13474.346813	-9193.764233	-22659.796197	-25345.157128	-27969.721314	-6330.773989	-25710.652853	-19001.285017	-28767.075094	-24454.529518	-0.058220	0.999474	0.122988	192.000000	0.000000	0.000000	0.000000	0.000000	0.000000	0.000000	0.000000	0.000000	0.000000	1741629026.975331	0.000000
80.000000	-22171.499988	-7514.321210	-29014.397146	-24898.301053	-11252.561063	-17904.261399	-13468.065973	-9198.413396	-22659.349163	-25340.820890	-27966.189738	-6329.589347	-25694.850170	-18959.442551	-28782.922480	-24438.883297	-0.058220	0.999474	0.122988	192.000000	0.000000	0.000000	0.000000	0.000000	0.000000	0.000000	0.000000	0.000000	0.000000	1741629026.975600	0.000000
82.000000	-22194.678747	-7530.436817	-29020.812097	-24913.343777	-11306.272305	-17821.917572	-13490.373014	-9223.670867	-22660.489101	-25348.666352	-27959.908898	-6329.455236	-25682.400248	-18991.137325	-28768.505605	-24443.420701	-0.058220	0.999474	0.122988	192.000000	0.000000	0.000000	0.000000	0.000000	0.000000	0.000000	0.000000	0.000000	0.000000	1741629026.975866	0.000000
84.000000	-22180.440686	-7511.951925	-29003.109515	-24905.677129	-11277.215037	-17845.945698	-13467.283662	-9208.605791	-22675.844750	-25353.896660	-27959.484215	-6337.099533	-25680.679164	-19016.104223	-28795.439457	-24461.436207	-0.058220	0.999474	0.122988	192.000000	0.000000	0.000000	0.000000	0.000000	0.000000	0.000000	0.000000	0.000000	0.000000	1741629026.976114	0.000000
86.000000	-22206.413413	-7514.589431	-29036.637132	-24901.452649	-11259.445400	-17906.384815	-13485.589741	-9218.485262	-22674.570700	-25338.563363	-27941.312246	-6317.787626	-25658.349771	-18996.144115	-28764.482291	-24456.071789	-0.078110	0.974737	0.133494	192.000000	126.000000	120.000000	14.500000	88.000000	2.000000	64.000000	0.000000	0.000000	0.000000	1741629026.976367	0.000000
88.000000	-22203.373576	-7497.065663	-29073.428103	-24892.891931	-11263.468714	-17858.775599	-13473.251578	-9193.004274	-22676.537654	-25322.850087	-27942.206316	-6299.995637	-25710.697557	-18897.885847	-28793.003117	-24448.025161	-0.078110	0.974737	0.133494	192.000000	0.000000	0.000000	0.000000	0.000000	0.000000	0.000000	0.000000	0.000000	0.000000	1741629026.976656	0.000000
90.000000	-22208.201552	-7500.887811	-29070.254155	-24877.558634	-11270.487162	-17901.936817	-13483.198104	-9217.144158	-22679.197512	-25325.398186	-27938.473575	-6283.164773	-25684.814237	-18980.386136	-28771.388980	-24456.496472	-0.078110	0.974737	0.133494	192.000000	0.000000	0.000000	0.000000	0.000000	0.000000	0.000000	0.000000	0.000000	0.000000	1741629027.032702	0.000000
92.000000	-22215.242352	-7506.654561	-29054.049141	-24893.115448	-11239.865272	-17889.375137	-13482.147572	-9213.232602	-22697.838866	-25343.972486	-27957.405502	-6299.079215	-25658.662696	-18980.967281	-28801.742649	-24452.450806	-0.078110	0.974737	0.133494	192.000000	0.000000	0.000000	0.000000	0.000000	0.000000	0.000000	0.000000	0.000000	0.000000	1741629027.033012	0.000000
94.000000	-22209.430898	-7496.529221	-29012.676062	-24870.339021	-11242.949813	-17844.001096	-13493.077575	-9205.610657	-22689.948701	-25341.871422	-27947.637790	-6291.926657	-25653.141815	-18936.241440	-28755.519242	-24430.590800	-0.078110	0.974737	0.133494	192.000000	0.000000	0.000000	0.000000	0.000000	0.000000	0.000000	0.000000	0.000000	0.000000	1741629027.033280	0.000000
96.000000	-22216.717567	-7507.928611	-29005.724669	-24887.080477	-11277.326796	-17873.773619	-13523.699465	-9224.788454	-22707.919503	-25335.858802	-27966.837939	-6299.079215	-25675.828835	-18886.732326	-28800.379193	-24418.096175	-0.093055	0.981369	0.147747	192.000000	126.000000	80.000000	15.000000	112.000000	2.500000	8.000000	0.000000	0.000000	0.000000	1741629027.033541	0.000000
98.000000	-22222.171393	-7524.558309	-29001.924873	-24887.616919	-11272.208246	-17838.949602	-13513.015331	-9243.943899	-22722.157564	-25343.972486	-27974.593994	-6302.946067	-25621.737614	-18928.172461	-28789.069210	-24425.181678	-0.093055	0.981369	0.147747	192.000000	0.000000	0.000000	0.000000	0.000000	0.000000	0.000000	0.000000	0.000000	0.000000	1741629027.033810	0.000000
100.000000	-22205.809916	-7513.181271	-28983.685849	-24862.135930	-11259.870083	-17783.003185	-13481.633482	-9173.200628	-22723.275152	-25337.468128	-27977.477369	-6300.196803	-25650.683123	-18937.806062	-28807.151771	-24411.904742	-0.093055	0.981369	0.147747	192.000000	0.000000	0.000000	0.000000	0.000000	0.000000	0.000000	0.000000	0.000000	0.000000	1741629027.034058	0.000000
102.000000	-22201.965416	-7516.131701	-28991.665422	-24856.860919	-11273.750517	-17790.423964	-13470.815238	-9196.044111	-22701.236332	-25330.583791	-27945.179098	-6280.884895	-25660.674353	-18874.014184	-28756.167442	-24388.703631	-0.093055	0.981369	0.147747	192.000000	0.000000	0.000000	0.000000	0.000000	0.000000	0.000000	0.000000	0.000000	0.000000	1741629027.034328	0.000000
104.000000	-22208.559180	-7530.235652	-29003.690660	-24861.308916	-11283.697043	-17833.607535	-13484.114526	-9214.752521	-22723.521021	-25351.795596	-27969.028410	-6298.810994	-25724.287417	-18839.458387	-28805.654205	-24422.722986	-0.093055	0.981369	0.147747	192.000000	0.000000	0.000000	0.000000	0.000000	0.000000	0.000000	0.000000	0.000000	0.000000	1741629027.093580	0.000000
106.000000	-22182.586453	-7496.864497	-28981.048343	-24826.440194	-11251.287013	-17766.641708	-13442.674392	-9188.936256	-22709.282960	-25344.732445	-27927.387110	-6270.871314	-25639.484899	-18889.369832	-28744.700997	-24413.961102	-0.092527	0.976684	0.162874	192.000000	126.500000	16.000000	15.000000	48.000000	2.500000	72.000000	0.000000	0.000000	0.000000	1741629027.093882	0.000000
108.000000	-22217.410471	-7520.691457	-29020.365062	-24837.526660	-11260.853560	-17879.227445	-13491.535305	-9218.909945	-22702.845657	-25332.506041	-27914.668967	-6256.052107	-25703.522647	-18882.194922	-28765.890451	-24407.412041	-0.092527	0.976684	0.162874	192.000000	0.000000	0.000000	0.000000	0.000000	0.000000	0.000000	0.000000	0.000000	0.000000	1741629027.094168	0.000000
110.000000	-22189.113163	-7517.539861	-29034.871344	-24845.461529	-11262.798162	-17853.053552	-13506.421567	-9219.804015	-22708.701814	-25357.919974	-27909.013976	-6270.468983	-25755.021066	-18893.974292	-28761.978896	-24435.105852	-0.092527	0.976684	0.162874	192.000000	0.000000	0.000000	0.000000	0.000000	0.000000	0.000000	0.000000	0.000000	0.000000	1741629027.094445	0.000000
112.000000	-22196.399831	-7510.834338	-29043.521469	-24845.014494	-11283.764098	-17791.429793	-13486.752032	-9203.487242	-22695.246064	-25345.268887	-27893.971252	-6261.371823	-25744.873374	-18898.399937	-28780.776713	-24431.239001	-0.092527	0.976684	0.162874	192.000000	0.000000	0.000000	0.000000	0.000000	0.000000	0.000000	0.000000	0.000000	0.000000	1741629027.094694	0.000000
114.000000	-22186.676823	-7500.530183	-29030.870382	-24839.583020	-11265.100392	-17875.561759	-13481.007633	-9196.088814	-22695.670747	-25347.168785	-27880.940185	-6247.938424	-25742.973476	-18861.676021	-28762.761207	-24421.717158	-0.092527	0.976684	0.162874	192.000000	0.000000	0.000000	0.000000	0.000000	0.000000	0.000000	0.000000	0.000000	0.000000	1741629027.094957	0.000000
116.000000	-22211.308445	-7527.553442	-29038.157050	-24849.820119	-11290.603732	-17880.702660	-13525.778177	-9215.534832	-22704.767907	-25362.122102	-27887.980984	-6254.353375	-25802.853799	-18925.222030	-28777.356896	-24415.391614	-0.078264	0.979342	0.179437	192.000000	127.000000	0.000000	15.000000	88.000000	3.000000	16.000000	0.000000	0.000000	0.000000	1741629027.095213	0.000000
118.000000	-22183.949910	-7509.850861	-29007.065774	-24847.808462	-11273.906979	-17871.538445	-13482.751069	-9177.559218	-22703.091526	-25369.006439	-27892.518388	-6259.494276	-25759.290249	-18930.765263	-28773.624155	-24409.781326	-0.078264	0.979342	0.179437	192.000000	0.000000	0.000000	0.000000	0.000000	0.000000	0.000000	0.000000	0.000000	0.000000	1741629027.095483	0.000000
120.000000	-22208.358015	-7529.140416	-29035.407786	-24861.152454	-11276.276264	-17882.468448	-13494.038700	-9185.136459	-22694.642567	-25356.198890	-27886.416362	-6260.522456	-25744.895726	-18912.593295	-28763.364704	-24393.844532	-0.078264	0.979342	0.179437	192.000000	0.000000	0.000000	0.000000	0.000000	0.000000	0.000000	0.000000	0.000000	0.000000	1741629027.153415	0.000000
122.000000	-22191.191875	-7532.359067	-29041.040425	-24889.315652	-11278.913770	-17848.717314	-13504.566372	-9224.117902	-22703.784430	-25360.222204	-27896.362888	-6275.967512	-25804.977215	-18862.301870	-28776.082847	-24408.954311	-0.078264	0.979342	0.179437	192.000000	0.000000	0.000000	0.000000	0.000000	0.000000	0.000000	0.000000	0.000000	0.000000	1741629027.153704	0.000000
124.000000	-22207.441593	-7529.587451	-29041.822736	-24882.364259	-11317.336418	-17788.188790	-13507.717968	-9189.986788	-22708.187724	-25377.209530	-27902.554322	-6292.999541	-25782.916043	-18897.751736	-28792.377268	-24430.881373	-0.078264	0.979342	0.179437	192.000000	0.000000	0.000000	0.000000	0.000000	0.000000	0.000000	0.000000	0.000000	0.000000	1741629027.153974	0.000000
126.000000	-22197.785639	-7517.629268	-29024.388376	-24872.507140	-11324.846604	-17676.430068	-13463.640328	-9180.576704	-22687.691174	-25349.269849	-27885.455237	-6266.445669	-25752.584726	-18923.679760	-28788.443361	-24405.512143	-0.071132	0.978671	0.186718	192.000000	127.000000	0.000000	15.000000	72.000000	3.000000	8.000000	0.000000	0.000000	0.000000	1741629027.154234	0.000000
128.000000	-22204.424108	-7526.234690	-29022.980216	-24879.950271	-11261.971147	-17782.422040	-13483.443973	-9192.020797	-22694.799029	-25373.722657	-27892.116057	-6285.243486	-25789.420401	-18906.088937	-28791.147922	-24426.500431	-0.071132	0.978671	0.186718	192.000000	0.000000	0.000000	0.000000	0.000000	0.000000	0.000000	0.000000	0.000000	0.000000	1741629027.154489	0.000000
130.000000	-22201.987767	-7520.736160	-29036.279504	-24888.622747	-11278.600845	-17872.253701	-13433.264307	-9187.863372	-22685.388945	-25348.353427	-27880.247281	-6269.194933	-25755.423397	-18865.140541	-28777.580414	-24425.606361	-0.071132	0.978671	0.186718	192.000000	0.000000	0.000000	0.000000	0.000000	0.000000	0.000000	0.000000	0.000000	0.000000	1741629027.154761	0.000000
132.000000	-22228.675750	-7540.115123	-29057.915992	-24923.647931	-11271.984729	-17844.045799	-13513.037683	-9212.472643	-22702.488029	-25363.932593	-27893.524217	-6278.068576	-25764.699371	-18868.202730	-28791.080867	-24459.670420	-0.071132	0.978671	0.186718	192.000000	0.000000	0.000000	0.000000	0.000000	0.000000	0.000000	0.000000	0.000000	0.000000	1741629027.155018	0.000000
134.000000	-22207.441593	-7517.137530	-29026.221219	-24910.661568	-11254.840941	-17847.353857	-13507.919134	-9210.215117	-22715.429689	-25360.155149	-27900.721479	-6273.978206	-25759.402008	-18868.068620	-28810.571588	-24472.232100	-0.071132	0.978671	0.186718	192.000000	0.000000	0.000000	0.000000	0.000000	0.000000	0.000000	0.000000	0.000000	0.000000	1741629027.213172	0.000000
136.000000	-22240.991562	-7541.344469	-29003.444791	-24922.105661	-11281.841848	-17798.761165	-13533.377771	-9214.819576	-22719.676521	-25366.570099	-27904.811848	-6271.251294	-25773.148331	-18843.258183	-28791.013812	-24459.290440	-0.071566	1.001336	0.196359	192.000000	126.500000	96.000000	16.000000	0.000000	3.000000	56.000000	0.000000	0.000000	0.000000	1741629027.213480	0.000000
138.000000	-22221.098509	-7558.085925	-28970.230099	-24919.803431	-11270.241293	-17784.254883	-13571.107515	-9222.195652	-22743.347018	-25372.716829	-27933.399729	-6284.684692	-25764.162930	-18844.599288	-28831.381062	-24440.872603	-0.071566	1.001336	0.196359	192.000000	0.000000	0.000000	0.000000	0.000000	0.000000	0.000000	0.000000	0.000000	0.000000	1741629027.213775	0.000000
140.000000	-22237.169413	-7591.434728	-28980.556605	-24928.855888	-11318.565764	-17735.461025	-13677.613578	-9265.558036	-22742.967039	-25377.790675	-27933.265618	-6295.949971	-25716.911342	-18838.989000	-28820.071080	-24440.023236	-0.071566	1.001336	0.196359	192.000000	0.000000	0.000000	0.000000	0.000000	0.000000	0.000000	0.000000	0.000000	0.000000	1741629027.214025	0.000000
142.000000	-22204.804087	-7587.120841	-28957.601363	-24898.546922	-11304.059482	-17720.172431	-13552.756733	-9183.549486	-22764.000030	-25357.718808	-27956.198508	-6308.958686	-25763.157101	-18784.808372	-28868.149682	-24443.286591	-0.071566	1.001336	0.196359	192.000000	0.000000	0.000000	0.000000	0.000000	0.000000	0.000000	0.000000	0.000000	0.000000	1741629027.214289	0.000000
144.000000	-22191.013061	-7589.601885	-28955.902631	-24878.743276	-11291.944837	-17720.910039	-13562.479742	-9167.590340	-22733.936934	-25340.575020	-27919.362833	-6289.892648	-25698.538208	-18820.168831	-28826.798955	-24435.508184	-0.071566	1.001336	0.196359	192.000000	0.000000	0.000000	0.000000	0.000000	0.000000	0.000000	0.000000	0.000000	0.000000	1741629027.214548	0.000000
146.000000	-22185.648642	-7582.628141	-28974.476930	-24871.098980	-11285.552238	-17757.812769	-13591.224085	-9225.459006	-22732.193498	-25340.999704	-27917.887618	-6281.510744	-25800.573921	-18843.191128	-28843.540411	-24442.079597	-0.064783	1.004668	0.194180	192.000000	127.000000	24.000000	15.500000	64.000000	3.000000	0.000000	0.000000	0.000000	0.000000	1741629027.214809	0.000000
148.000000	-22185.358070	-7546.999460	-28982.680021	-24855.922145	-11295.722281	-17814.988531	-13604.411614	-9191.573762	-22704.320872	-25355.237765	-27881.811903	-6268.412622	-25772.835406	-18767.597528	-28821.211019	-24467.515882	-0.064783	1.004668	0.194180	192.000000	0.000000	0.000000	0.000000	0.000000	0.000000	0.000000	0.000000	0.000000	0.000000	1741629027.215072	0.000000
150.000000	-22184.888683	-7528.894547	-28988.156198	-24844.902735	-11269.414278	-17797.218895	-13579.802344	-9178.542695	-22677.789352	-25342.653733	-27858.722551	-6224.469092	-25807.592369	-18887.447582	-28824.809650	-24466.733571	-0.064783	1.004668	0.194180	192.000000	0.000000	0.000000	0.000000	0.000000	0.000000	0.000000	0.000000	0.000000	0.000000	1741629027.274863	0.000000
152.000000	-22197.584474	-7527.933422	-29009.926797	-24853.217584	-11288.525020	-17860.072000	-13594.912123	-9202.302599	-22634.762244	-25357.294125	-27831.632236	-6194.428348	-25808.732308	-18815.430262	-28807.308234	-24492.169856	-0.064783	1.004668	0.194180	192.000000	0.000000	0.000000	0.000000	0.000000	0.000000	0.000000	0.000000	0.000000	0.000000	1741629027.275166	0.000000
154.000000	-22210.123802	-7540.048068	-29001.679003	-24868.886157	-11315.056540	-17846.973878	-13603.964580	-9203.263724	-22630.761281	-25372.158035	-27856.710894	-6206.230069	-25845.165651	-18785.993014	-28870.384857	-24515.281560	-0.064783	1.004668	0.194180	192.000000	0.000000	0.000000	0.000000	0.000000	0.000000	0.000000	0.000000	0.000000	0.000000	1741629027.275430	0.000000
156.000000	-22199.372613	-7523.016038	-28979.327259	-24868.305012	-11292.101299	-17810.518183	-13594.487440	-9208.248163	-22581.989775	-25355.774207	-27819.964626	-6175.943455	-25785.128866	-18757.896871	-28826.262513	-24486.939548	-0.058391	1.000334	0.196090	192.000000	127.000000	48.000000	15.500000	16.000000	3.000000	24.000000	0.000000	0.000000	0.000000	1741629027.275687	0.000000
158.000000	-22212.649550	-7549.480504	-28984.982250	-24890.589701	-11309.781529	-17782.176171	-13594.867420	-9190.478526	-22596.496057	-25358.545823	-27842.048149	-6189.689778	-25791.007375	-18755.035848	-28853.375179	-24494.449734	-0.058391	1.000334	0.196090	192.000000	0.000000	0.000000	0.000000	0.000000	0.000000	0.000000	0.000000	0.000000	0.000000	1741629027.275947	0.000000
160.000000	-22188.487314	-7528.469864	-28977.248547	-24885.784076	-11289.709662	-17854.707581	-13617.241516	-9197.653436	-22592.338633	-25369.207605	-27834.716777	-6196.574115	-25763.917060	-18682.750306	-28839.472394	-24488.750039	-0.058391	1.000334	0.196090	192.000000	0.000000	0.000000	0.000000	0.000000	0.000000	0.000000	0.000000	0.000000	0.000000	1741629027.276216	0.000000
162.000000	-22215.599980	-7566.758402	-28996.649861	-24893.651890	-11289.530848	-17865.861102	-13560.557492	-9163.611730	-22591.466915	-25351.348561	-27838.941257	-6193.131947	-25786.738191	-18715.473260	-28845.909696	-24469.236966	-0.058391	1.000334	0.196090	192.000000	0.000000	0.000000	0.000000	0.000000	0.000000	0.000000	0.000000	0.000000	0.000000	1741629027.276456	0.000000
164.000000	-22182.340584	-7549.659318	-28995.576977	-24891.886102	-11283.629988	-17853.724105	-13533.422474	-9161.935349	-22605.995548	-25389.435934	-27850.653571	-6221.429255	-25771.270784	-18685.097240	-28832.565705	-24487.788914	-0.058391	1.000334	0.196090	192.000000	0.000000	0.000000	0.000000	0.000000	0.000000	0.000000	0.000000	0.000000	0.000000	1741629027.333147	0.000000
166.000000	-22192.108296	-7543.020850	-29005.612910	-24887.527512	-11291.050767	-17858.440323	-13542.318468	-9188.846849	-22575.194845	-25367.642983	-27824.457326	-6205.291296	-25785.374735	-18642.785387	-28831.828097	-24489.979385	-0.052196	0.982167	0.200045	192.000000	127.000000	72.000000	15.000000	16.000000	3.000000	48.000000	0.000000	0.000000	0.000000	1741629027.364455	0.000000
168.000000	-22170.047125	-7547.513550	-29006.395222	-24884.554730	-11297.175145	-17817.246058	-13528.415683	-9150.871235	-22571.797379	-25386.373745	-27815.606036	-6215.818967	-25825.384358	-18708.141888	-28823.401490	-24502.742231	-0.052196	0.982167	0.200045	192.000000	0.000000	0.000000	0.000000	0.000000	0.000000	0.000000	0.000000	0.000000	0.000000	1741629027.364745	0.000000
170.000000	-22182.295881	-7548.742896	-29007.155181	-24878.676221	-11284.457002	-17874.377116	-13546.051210	-9157.465000	-22555.190033	-25372.828588	-27792.427277	-6197.982275	-25859.828396	-18598.081898	-28804.827190	-24476.657745	-0.052196	0.982167	0.200045	192.000000	0.000000	0.000000	0.000000	0.000000	0.000000	0.000000	0.000000	0.000000	0.000000	1741629027.364998	0.000000
172.000000	-22166.381439	-7539.690440	-28994.571149	-24872.149512	-11272.320005	-17850.661916	-13547.325259	-9162.024756	-22562.834330	-25380.271719	-27796.472942	-6207.526470	-25816.398956	-18671.619138	-28806.302405	-24477.328298	-0.052196	0.982167	0.200045	192.000000	0.000000	0.000000	0.000000	0.000000	0.000000	0.000000	0.000000	0.000000	0.000000	1741629027.365252	0.000000
174.000000	-22182.206474	-7524.312439	-28974.968669	-24858.112616	-11270.777735	-17888.995157	-13529.197994	-9140.902357	-22548.529213	-25350.990933	-27790.572082	-6188.035749	-25818.120041	-18586.123715	-28795.417106	-24447.354608	-0.052196	0.982167	0.200045	192.000000	0.000000	0.000000	0.000000	0.000000	0.000000	0.000000	0.000000	0.000000	0.000000	1741629027.365525	0.000000
176.000000	-22178.540788	-7539.444570	-28979.908404	-24891.662585	-11273.795220	-17868.006869	-13521.553698	-9143.942194	-22560.286231	-25364.536090	-27805.525399	-6201.759720	-25799.411631	-18528.702084	-28795.595920	-24442.347818	-0.051098	0.981083	0.206022	192.000000	127.000000	56.000000	15.000000	80.000000	3.000000	80.000000	0.000000	0.000000	0.000000	1741629027.365777	0.000000
178.000000	-22200.937235	-7554.822571	-28988.513826	-24897.094059	-11259.937139	-17820.956447	-13538.585727	-9145.082133	-22568.623432	-25370.951041	-27817.125954	-6212.019171	-25756.116302	-18573.182055	-28793.673670	-24455.445940	-0.051098	0.981083	0.206022	192.000000	0.000000	0.000000	0.000000	0.000000	0.000000	0.000000	0.000000	0.000000	0.000000	1741629027.366059	0.000000
180.000000	-22181.111238	-7546.239501	-28987.843274	-24897.138762	-11268.319043	-17848.896128	-13520.413759	-9150.759477	-22587.600063	-25386.105524	-27836.996655	-6228.000668	-25780.949090	-18461.177464	-28815.958359	-24463.693734	-0.051098	0.981083	0.206022	192.000000	0.000000	0.000000	0.000000	0.000000	0.000000	0.000000	0.000000	0.000000	0.000000	1741629027.393922	0.000000
182.000000	-22179.188988	-7549.480504	-28979.193149	-24889.427410	-11269.213112	-17879.003928	-13531.299058	-9153.665203	-22585.543702	-25383.713887	-27827.005425	-6223.575023	-25743.129938	-18478.254196	-28792.980765	-24456.183548	-0.051098	0.981083	0.206022	192.000000	0.000000	0.000000	0.000000	0.000000	0.000000	0.000000	0.000000	0.000000	0.000000	1741629027.394215	0.000000
184.000000	-22169.331869	-7546.239501	-28975.818035	-24884.644137	-11258.752496	-17844.269317	-13523.543003	-9135.359125	-22577.541778	-25365.318401	-27818.914094	-6212.443854	-25731.015293	-18509.412528	-28796.355879	-24440.716140	-0.051098	0.981083	0.206022	192.000000	0.000000	0.000000	0.000000	0.000000	0.000000	0.000000	0.000000	0.000000	0.000000	1741629027.394484	0.000000
186.000000	-22193.292939	-7563.316234	-28995.554625	-24896.334099	-11282.668863	-17846.079808	-13529.220346	-9140.187101	-22601.547551	-25398.600149	-27834.470908	-6233.499197	-25777.775142	-18413.434138	-28782.654260	-24447.600478	-0.043549	0.987542	0.210011	192.000000	127.000000	112.000000	15.500000	8.000000	3.000000	88.000000	0.000000	0.000000	0.000000	1741629027.394746	0.000000
188.000000	-22152.836281	-7541.635041	-28970.140692	-24868.103846	-11265.010985	-17802.784479	-13489.881276	-9107.218278	-22581.095705	-25382.842169	-27821.126917	-6217.361238	-25798.048174	-18428.610972	-28793.584263	-24424.846402	-0.043549	0.987542	0.210011	192.000000	0.000000	0.000000	0.000000	0.000000	0.000000	0.000000	0.000000	0.000000	0.000000	1741629027.395026	0.000000
190.000000	-22181.982956	-7565.260835	-28994.749963	-24871.501311	-11280.210171	-17919.840565	-13527.700427	-9118.617668	-22592.852723	-25396.230864	-27826.267818	-6224.200871	-25759.647877	-18470.229920	-28773.110065	-24424.086442	-0.043549	0.987542	0.210011	192.000000	0.000000	0.000000	0.000000	0.000000	0.000000	0.000000	0.000000	0.000000	0.000000	1741629027.395283	0.000000
192.000000	-22149.260002	-7556.677765	-28986.770390	-24866.718038	-11253.186912	-17878.646300	-13494.061052	-9105.117214	-22603.134525	-25386.932538	-27831.989864	-6229.565290	-25802.630282	-18375.503227	-28793.785428	-24419.191410	-0.043549	0.987542	0.210011	192.000000	0.000000	0.000000	0.000000	0.000000	0.000000	0.000000	0.000000	0.000000	0.000000	1741629027.395542	0.000000
194.000000	-22186.900340	-7594.586324	-29031.295065	-24894.054221	-11279.226694	-17865.011736	-13531.544928	-9136.834340	-22610.130621	-25409.731318	-27834.023873	-6244.853883	-25834.570925	-18437.261097	-28766.493948	-24422.454765	-0.043549	0.987542	0.210011	192.000000	0.000000	0.000000	0.000000	0.000000	0.000000	0.000000	0.000000	0.000000	0.000000	1741629027.457783	0.000000
196.000000	-22141.727464	-7558.398850	-28987.351535	-24852.815253	-11263.803990	-17865.168198	-13502.130032	-9124.630287	-22622.289970	-25404.098678	-27846.674960	-6247.379630	-25831.866364	-18449.643964	-28801.385021	-24418.297341	-0.027774	0.992771	0.213006	192.000000	127.500000	80.000000	15.500000	24.000000	3.000000	96.000000	0.000000	0.000000	0.000000	1741629027.458104	0.000000
198.000000	-22136.988895	-7569.038280	-29013.100745	-24866.136893	-11273.147020	-17874.846503	-13494.552790	-9123.333886	-22584.403763	-25389.659451	-27807.358242	-6224.223223	-25803.412593	-18400.246608	-28745.237439	-24398.896026	-0.027774	0.992771	0.213006	192.000000	0.000000	0.000000	0.000000	0.000000	0.000000	0.000000	0.000000	0.000000	0.000000	1741629027.458374	0.000000
200.000000	-22130.685703	-7577.464888	-29029.261056	-24867.008611	-11285.194610	-17905.781317	-13501.794756	-9125.658467	-22602.195752	-25410.983015	-27834.247391	-6255.828590	-25872.792408	-18406.527448	-28801.943815	-24414.832820	-0.027774	0.992771	0.213006	192.000000	0.000000	0.000000	0.000000	0.000000	0.000000	0.000000	0.000000	0.000000	0.000000	1741629027.458641	0.000000
202.000000	-22107.462240	-7592.239391	-29055.993742	-24883.168922	-11304.305351	-17903.099108	-13551.281518	-9148.412543	-22583.420287	-25421.041300	-27821.484544	-6255.515665	-25867.115065	-18452.549690	-28784.151826	-24419.571390	-0.027774	0.992771	0.213006	192.000000	0.000000	0.000000	0.000000	0.000000	0.000000	0.000000	0.000000	0.000000	0.000000	1741629027.458893	0.000000
204.000000	-22057.751960	-7569.820591	-29035.117213	-24857.196195	-11321.851471	-17874.980614	-13549.068695	-9135.537939	-22564.890690	-25429.222039	-27818.221190	-6261.058898	-25908.979882	-18432.276658	-28820.048728	-24410.787155	-0.027774	0.992771	0.213006	192.000000	0.000000	0.000000	0.000000	0.000000	0.000000	0.000000	0.000000	0.000000	0.000000	1741629027.459152	0.000000
206.000000	-22023.687902	-7579.230676	-29031.406824	-24855.117483	-11285.820459	-17944.248670	-13520.994904	-9110.883964	-22526.579800	-25412.480582	-27787.398134	-6242.238729	-25904.598940	-18463.636156	-28778.340373	-24382.981584	-0.003887	1.001385	0.209503	192.000000	0.000000	80.000000	15.500000	72.000000	3.000000	56.000000	0.000000	0.000000	0.000000	1741629027.459412	0.000000
208.000000	-22005.001844	-7592.284094	-29023.360196	-24874.339983	-11299.857354	-17920.958152	-13559.395201	-9151.027697	-22518.622579	-25422.494164	-27795.668280	-6257.974357	-25949.011856	-18473.046240	-28800.759173	-24385.060297	-0.003887	1.001385	0.209503	192.000000	0.000000	0.000000	0.000000	0.000000	0.000000	0.000000	0.000000	0.000000	0.000000	1741629027.459669	0.000000
210.000000	-22004.241884	-7590.674769	-29002.975405	-24877.960965	-11277.572665	-17948.495501	-13538.742189	-9139.158921	-22490.772306	-25408.010233	-27776.289317	-6241.009383	-25877.955661	-18530.758444	-28784.442399	-24397.845494	-0.003887	1.001385	0.209503	192.000000	0.000000	0.000000	0.000000	0.000000	0.000000	0.000000	0.000000	0.000000	0.000000	1741629027.515002	0.000000
212.000000	-22023.643198	-7595.458042	-28977.360305	-24882.610128	-11266.709717	-17900.305140	-13524.414721	-9127.603069	-22499.847114	-25415.632178	-27796.852922	-6248.810142	-25891.925501	-18435.651772	-28786.766981	-24408.864905	-0.003887	1.001385	0.209503	192.000000	0.000000	0.000000	0.000000	0.000000	0.000000	0.000000	0.000000	0.000000	0.000000	1741629027.515308	0.000000
214.000000	-22026.571277	-7563.629158	-28951.767558	-24873.870596	-11251.219958	-17837.250869	-13499.626636	-9146.736163	-22498.327195	-25408.010233	-27797.210550	-6233.610956	-25841.656428	-18461.468036	-28779.234443	-24441.207879	-0.003887	1.001385	0.209503	192.000000	0.000000	0.000000	0.000000	0.000000	0.000000	0.000000	0.000000	0.000000	0.000000	1741629027.515556	0.000000
216.000000	-22069.352516	-7568.077155	-28954.315657	-24864.549919	-11248.381287	-17864.810570	-13522.626582	-9166.830381	-22501.411736	-25385.367916	-27801.747954	-6215.707209	-25771.874281	-18365.802570	-28774.227652	-24466.822978	-0.042944	1.000693	0.202751	192.000000	126.500000	56.000000	15.500000	32.000000	3.000000	16.000000	0.000000	0.000000	0.000000	1741629027.515821	0.000000
218.000000	-22077.756772	-7560.745783	-28945.866698	-24876.150474	-11248.269528	-17816.061415	-13541.647916	-9185.672901	-22539.052074	-25401.952911	-27830.313484	-6222.479787	-25704.416717	-18276.529703	-28785.761152	-24505.826772	-0.042944	1.000693	0.202751	192.000000	0.000000	0.000000	0.000000	0.000000	0.000000	0.000000	0.000000	0.000000	0.000000	1741629027.516100	0.000000
220.000000	-22137.592392	-7573.061594	-28959.836538	-24895.283567	-11269.973072	-17793.262636	-13571.308681	-9217.434730	-22575.351307	-25409.351338	-27864.623411	-6225.676087	-25668.117484	-18293.651139	-28802.748478	-24538.661485	-0.042944	1.000693	0.202751	192.000000	0.000000	0.000000	0.000000	0.000000	0.000000	0.000000	0.000000	0.000000	0.000000	1741629027.516364	0.000000
222.000000	-22145.683723	-7564.366766	-28944.369131	-24907.375861	-11260.138304	-17764.294775	-13534.428303	-9195.552372	-22616.053833	-25427.813879	-27898.218083	-6226.525453	-25651.912469	-18363.567396	-28820.540466	-24562.197871	-0.042944	1.000693	0.202751	192.000000	0.000000	0.000000	0.000000	0.000000	0.000000	0.000000	0.000000	0.000000	0.000000	1741629027.516614	0.000000
224.000000	-22174.048087	-7565.886684	-28940.256410	-24907.666434	-11267.872008	-17717.825498	-13538.496320	-9215.199556	-22641.490119	-25427.009216	-27913.596083	-6211.818005	-25654.013533	-18362.159236	-28807.375289	-24553.793616	-0.042944	1.000693	0.202751	192.000000	0.000000	0.000000	0.000000	0.000000	0.000000	0.000000	0.000000	0.000000	0.000000	1741629027.574050	0.000000
226.000000	-22132.406787	-7526.100579	-28905.767668	-24884.197102	-11245.117932	-17690.556370	-13516.099872	-9215.221908	-22632.012979	-25417.241504	-27899.313319	-6181.754909	-25589.886378	-18448.481673	-28804.626024	-24477.708277	-0.102472	0.987346	0.195376	192.000000	125.000000	120.000000	15.000000	56.000000	2.500000	112.000000	0.000000	0.000000	0.000000	1741629027.574345	0.000000
228.000000	-22160.190005	-7543.467884	-28921.749165	-24886.342870	-11242.525130	-17666.058858	-13536.931698	-9198.279285	-22646.385151	-25420.683673	-27909.326900	-6168.992063	-25571.267375	-18427.895716	-28796.937024	-24455.043609	-0.102472	0.987346	0.195376	192.000000	0.000000	0.000000	0.000000	0.000000	0.000000	0.000000	0.000000	0.000000	0.000000	1741629027.574636	0.000000
230.000000	-22144.141453	-7547.670012	-28919.581046	-24894.613015	-11239.261775	-17716.976132	-13518.692674	-9207.510556	-22683.086715	-25442.387216	-27932.393900	-6172.031900	-25602.671576	-18496.515572	-28821.926275	-24452.182585	-0.102472	0.987346	0.195376	192.000000	0.000000	0.000000	0.000000	0.000000	0.000000	0.000000	0.000000	0.000000	0.000000	1741629027.574884	0.000000
232.000000	-22140.073435	-7541.344469	-28904.583026	-24873.222396	-11237.831263	-17685.191951	-13513.127090	-9190.277361	-22676.917634	-25435.167603	-27921.508601	-6154.396374	-25553.520090	-18471.146342	-28800.178027	-24445.633524	-0.102472	0.987346	0.195376	192.000000	0.000000	0.000000	0.000000	0.000000	0.000000	0.000000	0.000000	0.000000	0.000000	1741629027.575154	0.000000
234.000000	-22136.251287	-7557.907111	-28908.516933	-24891.930806	-11244.156807	-17725.492147	-13503.761709	-9195.842945	-22698.151791	-25449.226850	-27940.574639	-6162.040670	-25589.528750	-18558.429904	-28821.702757	-24449.835652	-0.102472	0.987346	0.195376	192.000000	0.000000	0.000000	0.000000	0.000000	0.000000	0.000000	0.000000	0.000000	0.000000	1741629027.575401	0.000000
236.000000	-22130.640999	-7543.266719	-28900.000918	-24864.259346	-11240.222900	-17737.316219	-13499.827802	-9183.102451	-22698.911750	-25442.320161	-27929.398767	-6154.508132	-25593.529712	-18458.651717	-28789.985632	-24434.189431	-0.140236	0.983673	0.195688	192.000000	125.000000	56.000000	15.000000	80.000000	3.000000	16.000000	0.000000	0.000000	0.000000	1741629027.575644	0.000000
238.000000	-22108.535124	-7546.619480	-28896.312880	-24857.687933	-11228.689400	-17791.563903	-13509.573163	-9175.145230	-22711.115803	-25448.645705	-27939.948790	-6160.654862	-25593.283843	-18597.098422	-28819.713452	-24432.155422	-0.140236	0.983673	0.195688	192.000000	0.000000	0.000000	0.000000	0.000000	0.000000	0.000000	0.000000	0.000000	0.000000	1741629027.624297	0.000000
240.000000	-22115.531220	-7553.682632	-28909.813334	-24851.585907	-11236.110179	-17781.773839	-13513.417663	-9158.761401	-22701.661015	-25436.441652	-27919.988682	-6148.450810	-25589.528750	-18597.701919	-28771.612498	-24404.975701	-0.140236	0.983673	0.195688	192.000000	0.000000	0.000000	0.000000	0.000000	0.000000	0.000000	0.000000	0.000000	0.000000	1741629027.624605	0.000000
242.000000	-22116.715862	-7562.936254	-28915.267159	-24849.238974	-11243.977993	-17805.556095	-13498.710215	-9172.619483	-22728.885440	-25451.484376	-27938.630037	-6167.002757	-25630.275980	-18587.755393	-28802.167332	-24402.472306	-0.140236	0.983673	0.195688	192.000000	0.000000	0.000000	0.000000	0.000000	0.000000	0.000000	0.000000	0.000000	0.000000	1741629027.624872	0.000000
244.000000	-22108.110441	-7565.976091	-28909.478058	-24851.585907	-11242.391019	-17817.894258	-13499.403119	-9147.674936	-22725.018588	-25455.306525	-27924.637845	-6167.673310	-25631.304161	-18470.922824	-28767.767998	-24387.362526	-0.140236	0.983673	0.195688	192.000000	0.000000	0.000000	0.000000	0.000000	0.000000	0.000000	0.000000	0.000000	0.000000	1741629027.625134	0.000000
246.000000	-22123.890772	-7578.180144	-28927.314750	-24858.783169	-11254.192740	-17867.828055	-13505.214573	-9173.178276	-22739.502518	-25461.877938	-27943.636828	-6186.269961	-25644.938725	-18703.425670	-28806.168295	-24399.030137	-0.151118	0.984837	0.199844	192.000000	125.000000	120.000000	15.000000	104.000000	3.000000	48.000000	0.000000	0.000000	0.000000	1741629027.625399	0.000000
248.000000	-22120.068624	-7578.627179	-28924.409023	-24860.638363	-11240.804045	-17886.245893	-13486.841439	-9133.414523	-22743.726998	-25462.637897	-27934.405557	-6188.616894	-25655.511100	-18651.390809	-28771.724256	-24396.571445	-0.151118	0.984837	0.199844	192.000000	0.000000	0.000000	0.000000	0.000000	0.000000	0.000000	0.000000	0.000000	0.000000	1741629027.625668	0.000000
250.000000	-22106.791688	-7569.038280	-28915.267159	-24853.821081	-11245.162635	-17868.364497	-13511.987151	-9136.968450	-22754.388780	-25475.847778	-27945.961409	-6202.162051	-25668.855091	-18603.468669	-28799.708641	-24393.755125	-0.151118	0.984837	0.199844	192.000000	0.000000	0.000000	0.000000	0.000000	0.000000	0.000000	0.000000	0.000000	0.000000	1741629027.625927	0.000000
252.000000	-22105.472935	-7556.007213	-28914.753069	-24839.873593	-11235.081999	-17871.851369	-13475.263235	-9137.996630	-22719.028320	-25436.888687	-27909.684528	-6159.514923	-25623.950437	-18682.258568	-28765.242251	-24381.372259	-0.151118	0.984837	0.199844	192.000000	0.000000	0.000000	0.000000	0.000000	0.000000	0.000000	0.000000	0.000000	0.000000	1741629027.686379	0.000000
254.000000	-22124.404862	-7557.773001	-28913.121392	-24835.403244	-11222.743836	-17910.743405	-13480.180619	-9125.680819	-22742.922335	-25458.659286	-27936.350159	-6171.674272	-25669.927975	-18668.847521	-28787.392829	-24389.798866	-0.151118	0.984837	0.199844	192.000000	0.000000	0.000000	0.000000	0.000000	0.000000	0.000000	0.000000	0.000000	0.000000	1741629027.686683	0.000000
0.000000	-22134.463147	-7560.634024	-28918.262293	-24854.290468	-11228.421179	-17927.820137	-13498.441994	-9153.084058	-22748.130291	-25460.179205	-27938.831203	-6167.896827	-25682.646118	-18599.780631	-28775.479350	-24396.414983	-0.166559	0.980418	0.201922	192.000000	125.000000	40.000000	15.000000	64.000000	3.000000	48.000000	0.000000	0.000000	0.000000	1741629027.686928	0.000000
2.000000	-22149.260002	-7556.409545	-28903.174866	-24850.088340	-11244.492083	-17944.807463	-13540.686791	-9160.393078	-22742.430597	-25444.354170	-27936.819546	-6157.838542	-25615.009739	-18721.843508	-28794.500684	-24398.896026	-0.166559	0.980418	0.201922	192.000000	0.000000	0.000000	0.000000	0.000000	0.000000	0.000000	0.000000	0.000000	0.000000	1741629027.687193	0.000000
4.000000	-22132.675008	-7532.582585	-28878.610298	-24843.516927	-11207.589353	-17905.222524	-13469.898816	-9141.841130	-22760.334344	-25447.125786	-27949.895316	-6158.889074	-25607.052518	-18699.134135	-28787.214015	-24411.748280	-0.166559	0.980418	0.201922	192.000000	0.000000	0.000000	0.000000	0.000000	0.000000	0.000000	0.000000	0.000000	0.000000	1741629027.687458	0.000000
6.000000	-22162.291069	-7534.236614	-28883.415924	-24848.814291	-11216.284182	-17916.241934	-13504.633427	-9166.584512	-22752.757103	-25433.893553	-27946.095520	-6140.404182	-25597.351861	-18591.510486	-28776.105198	-24395.476210	-0.166559	0.980418	0.201922	192.000000	0.000000	0.000000	0.000000	0.000000	0.000000	0.000000	0.000000	0.000000	0.000000	1741629027.687709	0.000000
8.000000	-22161.866386	-7525.877062	-28881.381915	-24851.518852	-11209.735121	-17928.758911	-13486.349700	-9154.671032	-22752.891213	-25417.196800	-27950.141186	-6122.925117	-25605.622006	-18614.398672	-28785.224710	-24400.527704	-0.166559	0.980418	0.201922	192.000000	0.000000	0.000000	0.000000	0.000000	0.000000	0.000000	0.000000	0.000000	0.000000	1741629027.687962	0.000000
10.000000	-22152.948040	-7508.465053	-28875.861034	-24825.993160	-11214.898373	-17928.490690	-13499.425471	-9149.194854	-22765.452893	-25425.109318	-27968.514319	-6128.982440	-25597.173047	-18644.171196	-28800.155675	-24398.247826	-0.181279	0.963209	0.198961	192.000000	124.500000	112.000000	14.500000	72.000000	3.000000	16.000000	0.000000	0.000000	0.000000	1741629027.688212	0.000000
12.000000	-22140.431063	-7507.570983	-28892.043697	-24815.554895	-11220.598068	-17953.167016	-13481.700537	-9148.010212	-22753.204137	-25413.173486	-27958.567793	-6108.642353	-25578.732858	-18620.590105	-28801.452077	-24389.530646	-0.181279	0.963209	0.198961	192.000000	0.000000	0.000000	0.000000	0.000000	0.000000	0.000000	0.000000	0.000000	0.000000	1741629027.746547	0.000000
14.000000	-22152.746874	-7518.970373	-28921.056261	-24799.126363	-11226.498929	-17970.243748	-13495.782136	-9145.283299	-22746.297448	-25400.969434	-27948.733026	-6082.043777	-25616.663768	-18499.153078	-28791.103219	-24358.685238	-0.181279	0.963209	0.198961	192.000000	0.000000	0.000000	0.000000	0.000000	0.000000	0.000000	0.000000	0.000000	0.000000	1741629027.746838	0.000000
16.000000	-22131.557421	-7503.391207	-28915.580084	-24786.318813	-11216.977086	-17989.555656	-13491.490601	-9164.528151	-22768.135103	-25408.747841	-27957.807834	-6083.943675	-25636.959152	-18643.388884	-28808.023489	-24370.978698	-0.181279	0.963209	0.198961	192.000000	0.000000	0.000000	0.000000	0.000000	0.000000	0.000000	0.000000	0.000000	0.000000	1741629027.747090	0.000000
18.000000	-22156.926651	-7517.383399	-28928.834668	-24787.749325	-11221.246269	-17997.490525	-13486.863790	-9111.912145	-22768.425675	-25399.583626	-27946.430796	-6068.118640	-25693.419658	-18596.494925	-28782.140169	-24341.362636	-0.181279	0.963209	0.198961	192.000000	0.000000	0.000000	0.000000	0.000000	0.000000	0.000000	0.000000	0.000000	0.000000	1741629027.747363	0.000000
20.000000	-22147.896546	-7519.730332	-28932.500354	-24799.059307	-11221.670952	-18017.763557	-13495.804488	-9107.687665	-22778.126333	-25409.217228	-27952.421063	-6070.152649	-25753.188223	-18631.542460	-28801.675594	-24336.892287	-0.183640	0.956605	0.192480	192.000000	125.000000	24.000000	14.500000	88.000000	2.500000	104.000000	0.000000	0.000000	0.000000	1741629027.747625	0.000000
22.000000	-22154.602069	-7501.223087	-28918.418755	-24776.461694	-11215.434815	-18018.098833	-13493.703424	-9105.430139	-22764.916452	-25397.773134	-27936.663084	-6051.801867	-25716.285493	-18657.135207	-28774.473521	-24328.711549	-0.183640	0.956605	0.192480	192.000000	0.000000	0.000000	0.000000	0.000000	0.000000	0.000000	0.000000	0.000000	0.000000	1741629027.747884	0.000000
24.000000	-22152.612764	-7505.156994	-28928.320578	-24779.143903	-11199.229801	-18037.857775	-13486.886142	-9114.303781	-22777.120504	-25382.596300	-27948.867136	-6049.991375	-25727.550772	-18657.559890	-28789.404486	-24314.004101	-0.183640	0.956605	0.192480	192.000000	0.000000	0.000000	0.000000	0.000000	0.000000	0.000000	0.000000	0.000000	0.000000	1741629027.748134	0.000000
26.000000	-22166.828473	-7511.661352	-28940.032892	-24761.351915	-11205.287123	-18018.747034	-13478.593645	-9079.278598	-22777.142856	-25386.999594	-27952.421063	-6057.456858	-25759.513767	-18656.822283	-28766.695114	-24299.050784	-0.183640	0.956605	0.192480	192.000000	0.000000	0.000000	0.000000	0.000000	0.000000	0.000000	0.000000	0.000000	0.000000	1741629027.806132	0.000000
28.000000	-22154.177386	-7528.536919	-28973.851082	-24777.691040	-11221.179214	-18031.979267	-13474.615034	-9082.094918	-22803.383804	-25401.572931	-27975.488064	-6081.484983	-25821.204581	-18651.793140	-28798.166370	-24277.995441	-0.183640	0.956605	0.192480	192.000000	0.000000	0.000000	0.000000	0.000000	0.000000	0.000000	0.000000	0.000000	0.000000	1741629027.806404	0.000000
30.000000	-22150.064665	-7537.119989	-29004.964710	-24758.647353	-11240.558176	-18076.794514	-13511.137785	-9087.012301	-22780.719135	-25398.890722	-27937.065415	-6076.969931	-25815.907218	-18748.799711	-28773.422989	-24248.714655	-0.138820	0.967302	0.193240	192.000000	126.500000	8.000000	15.000000	72.000000	3.000000	8.000000	0.000000	0.000000	0.000000	1741629027.806672	0.000000
32.000000	-22141.928630	-7561.215170	-29024.276617	-24769.666764	-11245.497912	-18108.086957	-13525.107625	-9090.163897	-22824.193278	-25435.882859	-27973.945793	-6132.692830	-25943.647438	-18686.460696	-28817.366519	-24241.003304	-0.138820	0.967302	0.193240	192.000000	0.000000	0.000000	0.000000	0.000000	0.000000	0.000000	0.000000	0.000000	0.000000	1741629027.806936	0.000000
34.000000	-22128.271714	-7560.164638	-29017.146411	-24721.007016	-11243.598013	-18074.671099	-13509.953142	-9037.100856	-22777.545187	-25395.873236	-27920.391014	-6127.060190	-25911.036242	-18747.480958	-28770.494911	-24194.489323	-0.138820	0.967302	0.193240	192.000000	0.000000	0.000000	0.000000	0.000000	0.000000	0.000000	0.000000	0.000000	0.000000	1741629027.807194	0.000000
36.000000	-22134.619610	-7643.447237	-29069.985934	-24739.491908	-11290.111994	-18036.717836	-13595.448565	-9024.181548	-22804.881371	-25411.564161	-27929.331711	-6194.271886	-25995.212912	-18767.306956	-28807.375289	-24255.174310	-0.138820	0.967302	0.193240	192.000000	0.000000	0.000000	0.000000	0.000000	0.000000	0.000000	0.000000	0.000000	0.000000	1741629027.807445	0.000000
38.000000	-22062.870510	-7635.333554	-29065.694400	-24714.033272	-11287.519191	-18035.242621	-13602.288199	-9059.117324	-22813.307978	-25417.330911	-27910.131563	-6227.397171	-26026.035968	-18762.613089	-28769.734951	-24276.989612	-0.138820	0.967302	0.193240	192.000000	0.000000	0.000000	0.000000	0.000000	0.000000	0.000000	0.000000	0.000000	0.000000	1741629027.807698	0.000000
40.000000	-22000.844419	-7580.258856	-29087.330888	-24738.687246	-11270.956549	-18065.059848	-13576.293120	-9130.866424	-22798.064089	-25425.466946	-27909.438659	-6274.827573	-26020.090404	-18768.379839	-28783.123646	-24253.587336	-0.048410	0.993651	0.196620	192.000000	0.500000	40.000000	15.500000	112.000000	3.000000	32.000000	0.000000	0.000000	0.000000	1741629027.807967	0.000000
42.000000	-21945.143872	-7498.764396	-29091.018926	-24733.501641	-11274.264607	-18077.062735	-13449.044639	-9099.976313	-22785.457705	-25425.913981	-27905.571807	-6300.934410	-26067.274936	-18790.195142	-28767.879756	-24265.925499	-0.048410	0.993651	0.196620	192.000000	0.000000	0.000000	0.000000	0.000000	0.000000	0.000000	0.000000	0.000000	0.000000	1741629027.864926	0.000000
44.000000	-21918.008854	-7472.568151	-29058.787711	-24725.164440	-11262.172313	-18032.850985	-13375.127420	-9119.623496	-22745.358675	-25406.356204	-27896.631109	-6300.576782	-26039.603476	-18742.429464	-28781.670783	-24274.553272	-0.048410	0.993651	0.196620	192.000000	0.000000	0.000000	0.000000	0.000000	0.000000	0.000000	0.000000	0.000000	0.000000	1741629027.865205	0.000000
46.000000	-21937.052540	-7503.815890	-29049.042350	-24730.975894	-11265.569778	-18025.877240	-13374.501571	-9156.950910	-22724.236277	-25403.048146	-27879.308507	-6295.525288	-26006.947578	-18797.884142	-28753.753454	-24311.366595	-0.048410	0.993651	0.196620	192.000000	0.000000	0.000000	0.000000	0.000000	0.000000	0.000000	0.000000	0.000000	0.000000	1741629027.865466	0.000000
48.000000	-21978.917358	-7517.115178	-29028.165821	-24752.634734	-11245.944947	-18012.265028	-13374.948606	-9138.868348	-22749.829024	-25413.195838	-27904.364813	-6313.250221	-26031.825069	-18761.517854	-28795.059478	-24340.982657	-0.048410	0.993651	0.196620	192.000000	0.000000	0.000000	0.000000	0.000000	0.000000	0.000000	0.000000	0.000000	0.000000	1741629027.865742	0.000000
50.000000	-21977.173922	-7509.493233	-28993.520617	-24756.255717	-11249.007136	-17990.181505	-13375.775620	-9137.504892	-22738.988428	-25384.831474	-27879.040286	-6273.531172	-25985.758124	-18686.617158	-28769.109102	-24346.034151	-0.025205	0.995826	0.197310	192.000000	127.500000	120.000000	15.500000	24.000000	3.000000	24.000000	0.000000	0.000000	0.000000	1741629027.865986	0.000000
52.000000	-22028.113547	-7547.401792	-28998.639166	-24766.001077	-11252.873987	-17996.238827	-13414.242973	-9144.009250	-22760.870786	-25393.816876	-27903.291929	-6266.758593	-26019.933941	-18742.541223	-28802.390850	-24360.786302	-0.025205	0.995826	0.197310	192.000000	0.000000	0.000000	0.000000	0.000000	0.000000	0.000000	0.000000	0.000000	0.000000	1741629027.866257	0.000000
54.000000	-22038.462405	-7570.044109	-29008.228065	-24791.638528	-11267.380269	-18008.398176	-13403.067100	-9155.810971	-22779.623899	-25399.829495	-27909.796287	-6258.555503	-25993.648290	-18708.879496	-28789.024507	-24367.178901	-0.025205	0.995826	0.197310	192.000000	0.000000	0.000000	0.000000	0.000000	0.000000	0.000000	0.000000	0.000000	0.000000	1741629027.866504	0.000000
56.000000	-22031.734530	-7560.566969	-28990.905463	-24762.737723	-11265.346261	-17977.217493	-13395.311045	-9121.970430	-22785.278891	-25396.923768	-27915.138354	-6263.361128	-26041.838651	-18666.478236	-28810.973920	-24366.016610	-0.025205	0.995826	0.197310	192.000000	0.000000	0.000000	0.000000	0.000000	0.000000	0.000000	0.000000	0.000000	0.000000	1741629027.925304	0.000000
58.000000	-22029.789928	-7579.118917	-28983.819960	-24768.526825	-11264.139267	-18018.501165	-13389.767812	-9119.332924	-22777.478132	-25374.035582	-27889.903234	-6240.741162	-26010.434450	-18657.761056	-28776.686344	-24328.823308	-0.025205	0.995826	0.197310	192.000000	0.000000	0.000000	0.000000	0.000000	0.000000	0.000000	0.000000	0.000000	0.000000	1741629027.925606	0.000000
60.000000	-22052.566356	-7618.703856	-29003.891826	-24784.128342	-11289.642607	-18019.551697	-13417.618086	-9140.164750	-22810.134031	-25403.472829	-27912.657310	-6270.290169	-26022.504392	-18689.388775	-28798.836923	-24339.194517	-0.006602	1.003913	0.192655	192.000000	0.000000	48.000000	15.500000	80.000000	2.500000	112.000000	0.000000	0.000000	0.000000	1741629027.925861	0.000000
62.000000	-22052.052266	-7621.766045	-29002.796591	-24786.855255	-11275.091621	-18030.973438	-13384.202228	-9140.924709	-22812.816240	-25395.850884	-27910.824467	-6267.496201	-26021.431508	-18693.032109	-28801.407373	-24337.004046	-0.006602	1.003913	0.192655	192.000000	0.000000	0.000000	0.000000	0.000000	0.000000	0.000000	0.000000	0.000000	0.000000	1741629027.926149	0.000000
64.000000	-22069.151350	-7628.337458	-28989.318489	-24782.474313	-11266.486200	-17999.524534	-13372.065231	-9094.053101	-22819.991150	-25399.427164	-27918.804040	-6275.609884	-26022.347930	-18642.181890	-28797.786391	-24335.238258	-0.006602	1.003913	0.192655	192.000000	0.000000	0.000000	0.000000	0.000000	0.000000	0.000000	0.000000	0.000000	0.000000	1741629027.926398	0.000000
66.000000	-22062.714048	-7621.319010	-28979.103742	-24795.550084	-11258.171351	-17988.594531	-13364.018603	-9114.974334	-22814.514973	-25387.513684	-27912.277330	-6261.930616	-25991.390764	-18681.923292	-28789.359783	-24332.332531	-0.006602	1.003913	0.192655	192.000000	0.000000	0.000000	0.000000	0.000000	0.000000	0.000000	0.000000	0.000000	0.000000	1741629027.926648	0.000000
68.000000	-22107.641054	-7645.347136	-28997.052192	-24814.973750	-11277.147982	-17940.068893	-13357.715411	-9124.719694	-22823.522726	-25402.668166	-27926.649502	-6265.261026	-25993.245958	-18634.112911	-28782.162521	-24348.761064	-0.006602	1.003913	0.192655	192.000000	0.000000	0.000000	0.000000	0.000000	0.000000	0.000000	0.000000	0.000000	0.000000	1741629027.926904	0.000000
70.000000	-22096.174609	-7643.827217	-28995.375812	-24815.733709	-11287.541543	-17973.350641	-13365.918501	-9139.494197	-22854.368133	-25422.784736	-27957.316096	-6286.830459	-26034.440224	-18688.718222	-28827.536562	-24377.661869	-0.007301	1.007956	0.181328	192.000000	127.500000	96.000000	15.500000	80.000000	2.500000	40.000000	0.000000	0.000000	0.000000	1741629027.927173	0.000000
72.000000	-22115.620627	-7658.266444	-28999.555588	-24824.070910	-11269.280168	-17934.726827	-13398.373234	-9147.205549	-22849.808377	-25412.860562	-27951.214069	-6280.996654	-25992.106020	-18686.237179	-28810.191609	-24380.053506	-0.007301	1.007956	0.181328	192.000000	0.000000	0.000000	0.000000	0.000000	0.000000	0.000000	0.000000	0.000000	0.000000	1741629027.986902	0.000000
74.000000	-22086.295138	-7647.068220	-28982.389448	-24798.545217	-11246.928423	-17966.332193	-13374.300405	-9140.522378	-22846.612078	-25400.164771	-27940.619342	-6276.705119	-26004.846514	-18671.194455	-28813.790240	-24366.083666	-0.007301	1.007956	0.181328	192.000000	0.000000	0.000000	0.000000	0.000000	0.000000	0.000000	0.000000	0.000000	0.000000	1741629027.987185	0.000000
76.000000	-22110.390319	-7665.731927	-29007.199884	-24820.069947	-11318.409302	-17869.683250	-13371.171161	-9135.917918	-22862.705334	-25425.243428	-27943.681531	-6295.301771	-26011.060299	-18659.124513	-28806.145943	-24375.583157	-0.007301	1.007956	0.181328	192.000000	0.000000	0.000000	0.000000	0.000000	0.000000	0.000000	0.000000	0.000000	0.000000	1741629027.987492	0.000000
78.000000	-22076.035687	-7637.926357	-28980.266032	-24793.940758	-11260.115953	-17919.482937	-13352.440399	-9143.673974	-22850.590688	-25412.793507	-27939.300589	-6291.032587	-26042.218631	-18698.284769	-28831.582228	-24356.695933	-0.007301	1.007956	0.181328	192.000000	0.000000	0.000000	0.000000	0.000000	0.000000	0.000000	0.000000	0.000000	0.000000	1741629027.987748	0.000000
80.000000	-22107.149316	-7666.178962	-29009.792687	-24832.229296	-11314.765968	-17944.695705	-13347.791236	-9165.578683	-22837.157290	-25389.838265	-27918.804040	-6278.448555	-26027.242962	-18631.385998	-28791.304385	-24357.366485	-0.007651	1.011978	0.172664	192.000000	127.500000	96.000000	15.500000	96.000000	2.500000	16.000000	0.000000	0.000000	0.000000	1741629027.988015	0.000000
82.000000	-22097.761583	-7669.732889	-28984.289346	-24850.982410	-11285.731052	-17818.587162	-13388.583170	-9203.666056	-22867.287441	-25428.797356	-27953.024561	-6316.468873	-26065.173872	-18692.048632	-28855.476243	-24410.317768	-0.007651	1.011978	0.172664	192.000000	0.000000	0.000000	0.000000	0.000000	0.000000	0.000000	0.000000	0.000000	0.000000	1741629027.988286	0.000000
84.000000	-22091.637205	-7655.450124	-28953.086311	-24831.357578	-11297.689235	-17901.422727	-13326.802948	-9181.627236	-22831.189374	-25394.710945	-27911.115040	-6273.441765	-25985.914586	-18739.791958	-28814.729013	-24386.334346	-0.007651	1.011978	0.172664	192.000000	0.000000	0.000000	0.000000	0.000000	0.000000	0.000000	0.000000	0.000000	0.000000	1741629027.988547	0.000000
86.000000	-22104.377699	-7668.682357	-28942.424529	-24853.798730	-11269.660147	-18009.269894	-13385.185705	-9204.917753	-22850.858909	-25394.263911	-27933.287970	-6276.503954	-26015.374185	-18655.235309	-28846.490842	-24415.503373	-0.007651	1.011978	0.172664	192.000000	0.000000	0.000000	0.000000	0.000000	0.000000	0.000000	0.000000	0.000000	0.000000	1741629028.045743	0.000000
88.000000	-22118.101671	-7685.356758	-28942.491584	-24874.630555	-11273.147020	-17902.830887	-13398.999083	-9198.569858	-22859.307868	-25390.777038	-27933.690302	-6276.235733	-26052.433378	-18624.032274	-28842.735749	-24447.444015	-0.007651	1.011978	0.172664	192.000000	0.000000	0.000000	0.000000	0.000000	0.000000	0.000000	0.000000	0.000000	0.000000	1741629028.046020	0.000000
90.000000	-22080.036650	-7653.147895	-28895.709383	-24853.016419	-11267.648490	-17973.708269	-13384.671615	-9196.513497	-22844.242793	-25391.894626	-27920.770993	-6264.881046	-26026.080671	-18682.079754	-28868.730827	-24449.902707	-0.013825	1.018989	0.170332	192.000000	127.500000	48.000000	16.000000	8.000000	2.500000	32.000000	0.000000	0.000000	0.000000	1741629028.046284	0.000000
92.000000	-22099.929702	-7663.943787	-28907.153476	-24877.759800	-11270.218941	-17894.225466	-13408.118595	-9196.133518	-22826.227287	-25374.035582	-27884.605871	-6233.365087	-26019.553962	-18651.346105	-28828.117708	-24438.212745	-0.013825	1.018989	0.170332	192.000000	0.000000	0.000000	0.000000	0.000000	0.000000	0.000000	0.000000	0.000000	0.000000	1741629028.046561	0.000000
94.000000	-22111.820830	-7674.225590	-28916.854133	-24887.795733	-11297.622180	-17894.918370	-13403.402377	-9210.863317	-22849.540156	-25374.013230	-27909.125734	-6243.758648	-26071.231195	-18612.208201	-28880.286679	-24458.999867	-0.013825	1.018989	0.170332	192.000000	0.000000	0.000000	0.000000	0.000000	0.000000	0.000000	0.000000	0.000000	0.000000	1741629028.046825	0.000000
96.000000	-22103.416574	-7663.876732	-28930.645160	-24892.042564	-11285.865162	-17998.116374	-13431.789092	-9235.383181	-22851.663572	-25388.363050	-27902.263749	-6236.203758	-26108.424498	-18630.044893	-28872.128293	-24481.709240	-0.013825	1.018989	0.170332	192.000000	0.000000	0.000000	0.000000	0.000000	0.000000	0.000000	0.000000	0.000000	0.000000	1741629028.047074	0.000000
98.000000	-22105.674101	-7665.240188	-28933.372072	-24898.055184	-11300.036168	-17961.370106	-13419.674447	-9219.446387	-22829.356531	-25363.731428	-27873.094722	-6208.912278	-26077.199111	-18613.124622	-28891.574310	-24495.142638	-0.013825	1.018989	0.170332	192.000000	0.000000	0.000000	0.000000	0.000000	0.000000	0.000000	0.000000	0.000000	0.000000	1741629028.047344	0.000000
100.000000	-22079.477856	-7643.156665	-28931.874506	-24886.856960	-11329.853395	-17939.040713	-13381.564722	-9213.366713	-22802.132106	-25371.912166	-27842.852812	-6187.052272	-26052.992171	-18625.194564	-28877.023325	-24511.861743	-0.012913	1.002495	0.168166	192.000000	127.500000	80.000000	15.000000	104.000000	2.500000	24.000000	0.000000	0.000000	0.000000	1741629028.047598	0.000000
102.000000	-22078.896711	-7636.160569	-28952.594573	-24900.715041	-11316.665866	-17987.320481	-13393.165278	-9217.322972	-22743.078797	-25367.352410	-27815.717794	-6163.672348	-26077.802608	-18553.713686	-28883.505331	-24512.554647	-0.012913	1.002495	0.168166	192.000000	0.000000	0.000000	0.000000	0.000000	0.000000	0.000000	0.000000	0.000000	0.000000	1741629028.108971	0.000000
104.000000	-22042.061036	-7600.442481	-28951.544041	-24916.607132	-11291.318988	-17910.385777	-13379.776583	-9225.034323	-22656.152863	-25394.196855	-27799.266910	-6152.161199	-26084.016393	-18599.266541	-28877.135083	-24548.697418	-0.012913	1.002495	0.168166	192.000000	0.000000	0.000000	0.000000	0.000000	0.000000	0.000000	0.000000	0.000000	0.000000	1741629028.109284	0.000000
106.000000	-22037.702446	-7576.414356	-28941.217535	-24906.034756	-11335.396628	-17918.633571	-13383.352862	-9219.468739	-22520.142498	-25369.587585	-27761.671276	-6095.208954	-26054.780311	-18583.665023	-28877.068028	-24544.249421	-0.012913	1.002495	0.168166	192.000000	0.000000	0.000000	0.000000	0.000000	0.000000	0.000000	0.000000	0.000000	0.000000	1741629028.109556	0.000000
108.000000	-22033.321504	-7568.434783	-28910.573293	-24914.997806	-11315.995314	-17974.311766	-13369.159504	-9251.744658	-22421.973636	-25381.143437	-27753.356427	-6054.282910	-26000.800848	-18593.522143	-28894.927072	-24546.931630	-0.012913	1.002495	0.168166	192.000000	0.000000	0.000000	0.000000	0.000000	0.000000	0.000000	0.000000	0.000000	0.000000	1741629028.109794	0.000000
110.000000	-22055.382676	-7575.028548	-28876.084551	-24915.489544	-11297.979808	-17932.983390	-13399.244952	-9254.493923	-22373.470351	-25401.304710	-27773.629460	-6026.879671	-25902.900207	-18567.705878	-28912.920226	-24494.583844	-0.049456	0.982247	0.160083	192.000000	126.500000	40.000000	15.000000	8.000000	2.000000	96.000000	0.000000	0.000000	0.000000	1741629028.110038	0.000000
112.000000	-22060.903556	-7582.918713	-28858.314915	-24915.020158	-11290.268456	-17925.607315	-13367.751344	-9260.886521	-22344.010752	-25375.533149	-27782.190178	-5979.628084	-25769.326183	-18630.402521	-28910.729755	-24499.948263	-0.049456	0.982247	0.160083	192.000000	0.000000	0.000000	0.000000	0.000000	0.000000	0.000000	0.000000	0.000000	0.000000	1741629028.110332	0.000000
114.000000	-22098.990929	-7606.320990	-28878.297374	-24919.132879	-11282.422993	-17913.895001	-13360.174103	-9241.418152	-22355.164272	-25377.254233	-27814.019062	-5963.087793	-25724.466231	-18621.081844	-28912.316729	-24501.646996	-0.049456	0.982247	0.160083	192.000000	0.000000	0.000000	0.000000	0.000000	0.000000	0.000000	0.000000	0.000000	0.000000	1741629028.110581	0.000000
116.000000	-22091.279577	-7628.985659	-28889.607357	-24930.487565	-11260.294766	-17867.023393	-13345.846635	-9233.550338	-22395.285654	-25366.905375	-27852.195841	-5958.975072	-25698.314690	-18662.991364	-28925.280741	-24487.945376	-0.049456	0.982247	0.160083	192.000000	0.000000	0.000000	0.000000	0.000000	0.000000	0.000000	0.000000	0.000000	0.000000	1741629028.164812	0.000000
118.000000	-22107.015205	-7668.145915	-28911.914398	-24928.252390	-11290.134345	-17831.819395	-13350.316983	-9220.228698	-22440.436177	-25373.879120	-27871.954783	-5980.343339	-25659.221489	-18647.680419	-28910.506238	-24475.406048	-0.049456	0.982247	0.160083	192.000000	0.000000	0.000000	0.000000	0.000000	0.000000	0.000000	0.000000	0.000000	0.000000	1741629028.165089	0.000000
120.000000	-22107.998682	-7695.504450	-28945.374959	-24926.799527	-11288.614427	-17834.501604	-13351.322812	-9210.505689	-22505.166829	-25379.489407	-27915.071298	-6029.874805	-25654.840547	-18793.994939	-28940.032892	-24484.726725	-0.086728	0.995124	0.157041	192.000000	126.000000	16.000000	15.500000	64.000000	2.000000	104.000000	0.000000	0.000000	0.000000	1741629028.165360	0.000000
122.000000	-22094.945263	-7693.425738	-28956.461424	-24910.393347	-11274.622235	-17796.749508	-13336.481254	-9192.758404	-22521.371844	-25372.806236	-27928.527049	-6054.573483	-25694.939577	-18786.060069	-28918.754032	-24485.486684	-0.086728	0.995124	0.157041	192.000000	0.000000	0.000000	0.000000	0.000000	0.000000	0.000000	0.000000	0.000000	0.000000	1741629028.165639	0.000000
124.000000	-22058.646030	-7671.610435	-28959.389503	-24905.565370	-11257.366688	-17921.874573	-13333.664934	-9185.359977	-22532.726530	-25374.862596	-27929.756395	-6079.629788	-25651.130158	-18716.099109	-28915.133049	-24482.670365	-0.086728	0.995124	0.157041	192.000000	0.000000	0.000000	0.000000	0.000000	0.000000	0.000000	0.000000	0.000000	0.000000	1741629028.165892	0.000000
126.000000	-22062.982269	-7677.667758	-28970.945355	-24917.724719	-11273.415240	-17885.038899	-13341.420989	-9184.711776	-22542.784815	-25391.604053	-27935.165517	-6097.555887	-25641.138928	-18840.978305	-28885.628746	-24492.572187	-0.086728	0.995124	0.157041	192.000000	0.000000	0.000000	0.000000	0.000000	0.000000	0.000000	0.000000	0.000000	0.000000	1741629028.166156	0.000000
128.000000	-22045.860832	-7676.773688	-28963.099893	-24907.442916	-11258.126647	-17925.294390	-13328.121701	-9191.774928	-22548.328048	-25409.820725	-27945.089691	-6115.683152	-25635.014550	-18756.444008	-28898.771572	-24487.140714	-0.086728	0.995124	0.157041	192.000000	0.000000	0.000000	0.000000	0.000000	0.000000	0.000000	0.000000	0.000000	0.000000	1741629028.166417	0.000000
130.000000	-22026.101890	-7668.078860	-28955.947334	-24900.402117	-11251.644641	-17914.543201	-13344.214957	-9201.073253	-22566.477664	-25414.291074	-27954.589183	-6123.372152	-25631.348864	-18785.545979	-28873.849377	-24499.165952	-0.114364	0.990562	0.156521	192.000000	125.500000	72.000000	15.000000	104.000000	2.000000	112.000000	0.000000	0.000000	0.000000	1741629028.166660	0.000000
132.000000	-21992.663681	-7656.992395	-28938.781195	-24886.141704	-11243.061571	-17898.964035	-13331.407408	-9179.995558	-22545.176452	-25399.136591	-27935.590200	-6105.937792	-25603.140962	-18696.966016	-28878.655002	-24485.374926	-0.114364	0.990562	0.156521	192.000000	0.000000	0.000000	0.000000	0.000000	0.000000	0.000000	0.000000	0.000000	0.000000	1741629028.226813	0.000000
134.000000	-22021.564486	-7690.318846	-28971.772369	-24907.264102	-11276.991520	-17929.340056	-13341.242175	-9198.793375	-22554.787702	-25401.170600	-27934.226743	-6098.517012	-25594.535541	-18787.647043	-28844.747406	-24482.558606	-0.114364	0.990562	0.156521	192.000000	0.000000	0.000000	0.000000	0.000000	0.000000	0.000000	0.000000	0.000000	0.000000	1741629028.227141	0.000000
136.000000	-22015.238943	-7712.625887	-28975.393352	-24916.584780	-11293.151831	-17956.072742	-13341.823321	-9214.819576	-22597.971272	-25443.907135	-27978.952584	-6142.237025	-25675.448856	-18743.368237	-28901.677299	-24514.387490	-0.114364	0.990562	0.156521	192.000000	0.000000	0.000000	0.000000	0.000000	0.000000	0.000000	0.000000	0.000000	0.000000	1741629028.227392	0.000000
138.000000	-22010.478021	-7717.073884	-28971.682962	-24891.483771	-11269.950720	-18009.001673	-13324.746588	-9178.497991	-22602.843953	-25446.634048	-27964.513357	-6137.319641	-25653.298277	-18754.387647	-28860.594792	-24498.249531	-0.114364	0.990562	0.156521	192.000000	0.000000	0.000000	0.000000	0.000000	0.000000	0.000000	0.000000	0.000000	0.000000	1741629028.227657	0.000000
140.000000	-22015.373053	-7737.458675	-28983.708201	-24894.233035	-11271.202418	-18042.171662	-13329.418102	-9169.512590	-22629.978970	-25461.900289	-27982.662974	-6163.247664	-25708.618845	-18832.328180	-28880.733714	-24497.824847	-0.123182	0.991281	0.160260	192.000000	125.500000	112.000000	15.500000	0.000000	2.500000	16.000000	0.000000	0.000000	0.000000	1741629028.227908	0.000000
142.000000	-21991.635500	-7729.724971	-28962.719913	-24879.503236	-11242.748647	-17993.646025	-13302.864230	-9147.451418	-22616.769089	-25454.300696	-27950.431758	-6149.344879	-25673.012516	-18784.026061	-28839.695911	-24475.361344	-0.123182	0.991281	0.160260	192.000000	0.000000	0.000000	0.000000	0.000000	0.000000	0.000000	0.000000	0.000000	0.000000	1741629028.228184	0.000000
144.000000	-22040.988152	-7764.884265	-29002.885998	-24892.556655	-11279.070232	-18070.603081	-13332.212070	-9169.847866	-22639.456110	-25454.993600	-27973.968145	-6165.818115	-25724.399176	-18715.428557	-28856.683237	-24468.812283	-0.123182	0.991281	0.160260	192.000000	0.000000	0.000000	0.000000	0.000000	0.000000	0.000000	0.000000	0.000000	0.000000	1741629028.228446	0.000000
146.000000	-22002.096117	-7741.057305	-28970.207747	-24872.730657	-11261.881740	-18020.289304	-13305.769957	-9152.301747	-22658.522148	-25470.930394	-27984.831093	-6181.129060	-25721.024063	-18885.435925	-28848.144871	-24480.055211	-0.123182	0.991281	0.160260	192.000000	0.000000	0.000000	0.000000	0.000000	0.000000	0.000000	0.000000	0.000000	0.000000	1741629028.285616	0.000000
148.000000	-22041.569298	-7763.610216	-28968.419608	-24887.013422	-11274.912807	-18086.696337	-13327.719370	-9160.773058	-22661.137302	-25467.599984	-27986.730991	-6175.339958	-25693.240844	-18778.371069	-28846.200269	-24468.365248	-0.123182	0.991281	0.160260	192.000000	0.000000	0.000000	0.000000	0.000000	0.000000	0.000000	0.000000	0.000000	0.000000	1741629028.285923	0.000000
150.000000	-22031.935696	-7743.448942	-28944.145613	-24884.711192	-11238.233595	-18063.159950	-13321.371474	-9155.140418	-22663.238366	-25461.207385	-27979.958413	-6167.181571	-25665.636440	-18718.133118	-28826.977769	-24473.729667	-0.147591	0.985640	0.164130	192.000000	125.000000	80.000000	15.000000	80.000000	2.500000	32.000000	0.000000	0.000000	0.000000	1741629028.286193	0.000000
152.000000	-22069.888958	-7752.926082	-28962.250526	-24898.345756	-11266.620310	-18061.014183	-13353.379172	-9165.913959	-22686.886512	-25464.157815	-28002.645433	-6177.396319	-25674.040696	-18766.211720	-28842.020493	-24492.303967	-0.147591	0.985640	0.164130	192.000000	0.000000	0.000000	0.000000	0.000000	0.000000	0.000000	0.000000	0.000000	0.000000	1741629028.286456	0.000000
154.000000	-22063.898690	-7748.455733	-28963.859852	-24904.224265	-11257.389040	-18048.765427	-13340.996306	-9179.280302	-22695.782506	-25472.025630	-28005.528808	-6177.150449	-25668.385705	-18797.459459	-28846.870821	-24507.614912	-0.147591	0.985640	0.164130	192.000000	0.000000	0.000000	0.000000	0.000000	0.000000	0.000000	0.000000	0.000000	0.000000	1741629028.286703	0.000000
156.000000	-22064.770408	-7732.809512	-28948.906535	-24882.185445	-11260.250063	-18049.033648	-13346.964222	-9162.829419	-22704.209114	-25478.507635	-28015.922369	-6179.720900	-25727.550772	-18722.894039	-28846.334379	-24511.504115	-0.147591	0.985640	0.164130	192.000000	0.000000	0.000000	0.000000	0.000000	0.000000	0.000000	0.000000	0.000000	0.000000	1741629028.286971	0.000000
158.000000	-22044.005638	-7733.077733	-28942.290418	-24889.516817	-11262.619348	-18051.201767	-13344.058495	-9162.628253	-22688.540541	-25453.093702	-27989.547311	-6152.094144	-25666.061123	-18710.108842	-28822.328606	-24486.626623	-0.147591	0.985640	0.164130	192.000000	0.000000	0.000000	0.000000	0.000000	0.000000	0.000000	0.000000	0.000000	0.000000	1741629028.287223	0.000000
160.000000	-22058.154292	-7737.279861	-28956.103796	-24875.926957	-11280.254874	-18087.210427	-13352.641565	-9156.235654	-22717.307236	-25486.107229	-28011.161448	-6173.663577	-25709.624673	-18746.251612	-28844.166260	-24503.971577	-0.158796	0.985820	0.167065	192.000000	125.000000	88.000000	15.000000	104.000000	2.500000	40.000000	0.000000	0.000000	0.000000	1741629028.287476	0.000000
162.000000	-22028.582934	-7717.811491	-28933.081500	-24843.829852	-11238.255946	-18077.867398	-13326.467672	-9131.156997	-22704.365576	-25456.669981	-27991.938948	-6155.022222	-25702.650929	-18741.937726	-28832.453946	-24472.030934	-0.158796	0.985820	0.167065	192.000000	0.000000	0.000000	0.000000	0.000000	0.000000	0.000000	0.000000	0.000000	0.000000	1741629028.345772	0.000000
164.000000	-22067.787894	-7751.741439	-28960.484738	-24866.136893	-11265.569778	-18113.987817	-13349.847597	-9145.596224	-22720.749405	-25458.771045	-27999.180913	-6167.829772	-25755.915136	-18739.188461	-28811.242141	-24462.933774	-0.158796	0.985820	0.167065	192.000000	0.000000	0.000000	0.000000	0.000000	0.000000	0.000000	0.000000	0.000000	0.000000	1741629028.346051	0.000000
166.000000	-22053.371019	-7755.630643	-28941.105776	-24866.338058	-11246.839016	-18093.513619	-13316.834070	-9133.012191	-22748.532623	-25483.447371	-28020.392718	-6195.210659	-25733.921019	-18786.529456	-28834.063272	-24466.442998	-0.158796	0.985820	0.167065	192.000000	0.000000	0.000000	0.000000	0.000000	0.000000	0.000000	0.000000	0.000000	0.000000	1741629028.346320	0.000000
168.000000	-22059.473045	-7754.021317	-28936.009578	-24862.381800	-11248.180121	-18098.721576	-13318.935134	-9133.638040	-22745.604544	-25470.170435	-28009.462715	-6182.738386	-25683.808408	-18724.682179	-28792.511379	-24446.326428	-0.158796	0.985820	0.167065	192.000000	0.000000	0.000000	0.000000	0.000000	0.000000	0.000000	0.000000	0.000000	0.000000	1741629028.346576	0.000000
170.000000	-22036.383693	-7727.936831	-28915.289511	-24852.435273	-11227.862385	-18076.436886	-13324.701884	-9128.452436	-22757.607431	-25463.330801	-28021.353843	-6179.944417	-25698.158228	-18707.404281	-28811.711527	-24452.093178	-0.179398	0.989910	0.170533	192.000000	124.500000	96.000000	15.500000	8.000000	2.500000	56.000000	0.000000	0.000000	0.000000	1741629028.346842	0.000000
172.000000	-22045.570260	-7735.357611	-28912.339081	-24857.844395	-11241.787522	-18056.923813	-13341.018658	-9134.800331	-22739.480166	-25448.712760	-27999.024451	-6160.386641	-25637.607352	-18761.093171	-28782.542501	-24449.142748	-0.179398	0.989910	0.170533	192.000000	0.000000	0.000000	0.000000	0.000000	0.000000	0.000000	0.000000	0.000000	0.000000	1741629028.347110	0.000000
174.000000	-22039.468234	-7735.894052	-28910.036851	-24866.427465	-11245.073228	-18069.709011	-13332.636754	-9128.363029	-22768.179806	-25468.158778	-28032.842640	-6182.358406	-25632.064120	-18738.026170	-28810.102202	-24457.882280	-0.179398	0.989910	0.170533	192.000000	0.000000	0.000000	0.000000	0.000000	0.000000	0.000000	0.000000	0.000000	0.000000	1741629028.347356	0.000000
176.000000	-22034.796719	-7732.563643	-28912.361433	-24860.414846	-11234.120874	-18066.333898	-13342.627983	-9134.308593	-22774.281832	-25468.650516	-28041.068082	-6188.259266	-25616.663768	-18695.021414	-28788.197492	-24453.367228	-0.179398	0.989910	0.170533	192.000000	0.000000	0.000000	0.000000	0.000000	0.000000	0.000000	0.000000	0.000000	0.000000	1741629028.347617	0.000000
178.000000	-21989.690899	-7721.320715	-28903.510142	-24849.686009	-11222.296801	-18086.450468	-13343.924385	-9115.264906	-22781.032059	-25469.410475	-28054.032094	-6200.552726	-25573.234328	-18653.424818	-28814.773716	-24437.676303	-0.179398	0.989910	0.170533	192.000000	0.000000	0.000000	0.000000	0.000000	0.000000	0.000000	0.000000	0.000000	0.000000	1741629028.406345	0.000000
180.000000	-21982.605396	-7712.983514	-28917.144706	-24837.928991	-11225.984839	-18081.577788	-13323.003152	-9110.861613	-22784.764801	-25468.516406	-28042.833870	-6193.109595	-25538.075034	-18735.902755	-28802.524960	-24432.110719	-0.188699	0.983955	0.174266	192.000000	124.500000	104.000000	15.000000	72.000000	2.500000	72.000000	0.000000	0.000000	0.000000	1741629028.406643	0.000000
182.000000	-21956.096227	-7710.524823	-28910.193313	-24832.989256	-11230.164615	-18110.165669	-13344.393771	-9130.464093	-22781.032059	-25460.693295	-28036.463623	-6182.090185	-25565.724142	-18709.728862	-28837.036054	-24418.073823	-0.188699	0.983955	0.174266	192.000000	0.000000	0.000000	0.000000	0.000000	0.000000	0.000000	0.000000	0.000000	0.000000	1741629028.406911	0.000000
184.000000	-21957.884366	-7712.178852	-28914.797773	-24828.295389	-11228.845862	-18095.190000	-13338.425855	-9115.108444	-22782.730792	-25455.999429	-28014.357747	-6177.798650	-25505.597950	-18671.976766	-28818.372347	-24416.844477	-0.188699	0.983955	0.174266	192.000000	0.000000	0.000000	0.000000	0.000000	0.000000	0.000000	0.000000	0.000000	0.000000	1741629028.407185	0.000000
186.000000	-21949.681276	-7707.417930	-28904.627729	-24797.628796	-11218.206432	-18088.082145	-13323.673704	-9093.807232	-22785.323594	-25451.529080	-28017.330529	-6182.648979	-25554.168290	-18749.693781	-28829.302350	-24387.898968	-0.188699	0.983955	0.174266	192.000000	0.000000	0.000000	0.000000	0.000000	0.000000	0.000000	0.000000	0.000000	0.000000	1741629028.407437	0.000000
188.000000	-21958.957250	-7712.983514	-28913.881351	-24804.021395	-11228.287068	-18111.395015	-13344.684344	-9107.933534	-22796.968853	-25457.049961	-28020.102146	-6187.275790	-25527.346197	-18759.394438	-28809.208132	-24390.245901	-0.188699	0.983955	0.174266	192.000000	0.000000	0.000000	0.000000	0.000000	0.000000	0.000000	0.000000	0.000000	0.000000	1741629028.407699	0.000000
190.000000	-21982.985375	-7733.010677	-28933.126203	-24803.194380	-11241.072266	-18134.193794	-13346.785408	-9112.046255	-22819.544115	-25465.744789	-28038.609390	-6202.340865	-25561.253793	-18747.950345	-28838.578324	-24393.151628	-0.187349	0.970978	0.176133	192.000000	125.000000	24.000000	14.500000	120.000000	2.500000	72.000000	0.000000	0.000000	0.000000	1741629028.407952	0.000000
192.000000	-21963.673468	-7711.329485	-28935.651950	-24787.995194	-11217.625286	-18118.838146	-13344.349068	-9096.735310	-22820.728757	-25463.353153	-28026.673559	-6193.824851	-25562.505491	-18787.535284	-28821.322777	-24393.062221	-0.187349	0.970978	0.176133	192.000000	0.000000	0.000000	0.000000	0.000000	0.000000	0.000000	0.000000	0.000000	0.000000	1741629028.467484	0.000000
194.000000	-21977.129218	-7708.155538	-28962.876375	-24776.729915	-11221.961525	-18127.175346	-13363.370402	-9104.759586	-22821.488717	-25447.662228	-28022.158506	-6173.998853	-25600.078774	-18800.074613	-28832.073967	-24376.834855	-0.187349	0.970978	0.176133	192.000000	0.000000	0.000000	0.000000	0.000000	0.000000	0.000000	0.000000	0.000000	0.000000	1741629028.467769	0.000000
196.000000	-21952.408189	-7704.132224	-28964.373942	-24783.301328	-11222.721484	-18121.408596	-13356.419010	-9108.715845	-22819.633522	-25445.784682	-28008.635701	-6170.176705	-25641.943591	-18696.831905	-28816.248931	-24372.409209	-0.187349	0.970978	0.176133	192.000000	0.000000	0.000000	0.000000	0.000000	0.000000	0.000000	0.000000	0.000000	0.000000	1741629028.468012	0.000000
198.000000	-21975.944576	-7712.670590	-28972.398218	-24783.480142	-11251.130551	-18138.015942	-13375.015661	-9109.632267	-22828.350702	-25443.191879	-28007.249893	-6173.775336	-25699.476981	-18825.488547	-28821.076908	-24353.544337	-0.187349	0.970978	0.176133	192.000000	0.000000	0.000000	0.000000	0.000000	0.000000	0.000000	0.000000	0.000000	0.000000	1741629028.468281	0.000000
200.000000	-21963.427599	-7706.903840	-28962.876375	-24778.115723	-11245.676726	-18122.079149	-13348.014754	-9089.001607	-22837.514918	-25454.010123	-28002.958358	-6182.961903	-25749.567240	-18818.425395	-28807.129420	-24339.283924	-0.152675	0.970489	0.183067	192.000000	126.000000	40.000000	15.000000	40.000000	2.500000	120.000000	0.000000	0.000000	0.000000	1741629028.468537	0.000000
202.000000	-22000.196219	-7736.721067	-28990.436076	-24800.020432	-11268.676671	-18146.666067	-13385.856257	-9122.015133	-22857.430322	-25455.954725	-28016.101183	-6200.709188	-25817.829468	-18838.027875	-28810.236312	-24331.527869	-0.152675	0.970489	0.183067	192.000000	0.000000	0.000000	0.000000	0.000000	0.000000	0.000000	0.000000	0.000000	0.000000	1741629028.468816	0.000000
204.000000	-21972.077724	-7713.162328	-28979.483721	-24778.585110	-11256.830246	-18134.059684	-13348.730010	-9093.114328	-22860.470159	-25456.938202	-28009.507419	-6200.977409	-25837.700169	-18815.072634	-28812.650301	-24333.494822	-0.152675	0.970489	0.183067	192.000000	0.000000	0.000000	0.000000	0.000000	0.000000	0.000000	0.000000	0.000000	0.000000	1741629028.469055	0.000000
206.000000	-22017.094137	-7748.075753	-29005.612910	-24785.670613	-11281.148944	-18128.494099	-13379.351900	-9079.815040	-22874.730572	-25447.259897	-28016.101183	-6196.708226	-25878.648565	-18853.629393	-28811.420955	-24305.733956	-0.152675	0.970489	0.183067	192.000000	0.000000	0.000000	0.000000	0.000000	0.000000	0.000000	0.000000	0.000000	0.000000	1741629028.469320	0.000000
208.000000	-21992.417811	-7729.479102	-28980.578957	-24759.630830	-11245.475560	-18121.162727	-13348.774713	-9078.764508	-22881.905482	-25446.857565	-28011.407317	-6189.645075	-25881.397829	-18857.250375	-28815.287806	-24305.041052	-0.152675	0.970489	0.183067	192.000000	0.000000	0.000000	0.000000	0.000000	0.000000	0.000000	0.000000	0.000000	0.000000	1741629028.526207	0.000000
210.000000	-22026.437167	-7742.219596	-28991.464256	-24769.711467	-11250.191778	-18158.825416	-13367.773696	-9086.386452	-22883.425401	-25436.419301	-28000.343204	-6192.796671	-25887.499855	-18882.306681	-28792.041992	-24287.830208	-0.117337	0.978244	0.186533	192.000000	126.500000	56.000000	15.000000	104.000000	2.500000	120.000000	0.000000	0.000000	0.000000	1741629028.526509	0.000000
212.000000	-22018.837573	-7743.538349	-28992.201864	-24778.003964	-11246.324926	-18153.259832	-13357.760114	-9108.514679	-22887.180494	-25444.912963	-28004.724145	-6218.568232	-25906.252969	-18820.861735	-28806.324757	-24297.262644	-0.117337	0.978244	0.186533	192.000000	0.000000	0.000000	0.000000	0.000000	0.000000	0.000000	0.000000	0.000000	0.000000	1741629028.526798	0.000000
214.000000	-22043.200975	-7746.041744	-28998.281538	-24768.660935	-11250.907034	-18160.904129	-13359.257681	-9092.600237	-22880.653784	-25440.040283	-28000.276148	-6212.689723	-25932.180993	-18921.466937	-28793.830132	-24295.921540	-0.117337	0.978244	0.186533	192.000000	0.000000	0.000000	0.000000	0.000000	0.000000	0.000000	0.000000	0.000000	0.000000	1741629028.527058	0.000000
216.000000	-22024.894896	-7723.399427	-28985.898672	-24763.542386	-11258.685441	-18150.421161	-13359.481199	-9097.249400	-22877.368078	-25435.726397	-27994.107067	-6202.720845	-25929.543487	-18857.295079	-28796.937024	-24284.410391	-0.117337	0.978244	0.186533	192.000000	0.000000	0.000000	0.000000	0.000000	0.000000	0.000000	0.000000	0.000000	0.000000	1741629028.527315	0.000000
218.000000	-22058.556623	-7735.178797	-29010.284425	-24763.631793	-11264.183970	-18146.911937	-13350.004059	-9103.127909	-22883.335994	-25421.063652	-27995.626986	-6191.232048	-25943.021589	-18956.313307	-28784.241233	-24288.344298	-0.117337	0.978244	0.186533	192.000000	0.000000	0.000000	0.000000	0.000000	0.000000	0.000000	0.000000	0.000000	0.000000	1741629028.527555	0.000000
220.000000	-22047.738379	-7726.931003	-29006.194056	-24767.051609	-11254.684479	-18146.777826	-13356.709582	-9101.384473	-22890.868532	-25430.384330	-28005.640567	-6195.501232	-25943.736845	-18931.279353	-28810.079850	-24293.440496	-0.089669	0.982122	0.184267	192.000000	127.000000	8.000000	15.000000	104.000000	2.500000	88.000000	0.000000	0.000000	0.000000	1741629028.527839	0.000000
222.000000	-22062.199958	-7723.108855	-29006.730498	-24750.578374	-11250.929386	-18172.750553	-13365.493818	-9097.987008	-22894.891846	-25421.711853	-27998.935044	-6180.860839	-25943.915658	-18871.868416	-28781.626079	-24285.706793	-0.089669	0.982122	0.184267	192.000000	0.000000	0.000000	0.000000	0.000000	0.000000	0.000000	0.000000	0.000000	0.000000	1741629028.585614	0.000000
224.000000	-22049.481815	-7720.091369	-29004.651785	-24750.153691	-11236.512510	-18161.775847	-13354.541463	-9098.523450	-22886.532293	-25406.870294	-27992.810666	-6172.724804	-25951.828176	-18843.861680	-28803.933120	-24270.552310	-0.089669	0.982122	0.184267	192.000000	0.000000	0.000000	0.000000	0.000000	0.000000	0.000000	0.000000	0.000000	0.000000	1741629028.585936	0.000000
226.000000	-22087.144504	-7748.925120	-29028.635207	-24758.557947	-11255.243272	-18163.966318	-13370.902940	-9100.535107	-22894.958901	-25415.453364	-27996.230483	-6186.202906	-25967.854377	-18986.823438	-28789.583300	-24270.619365	-0.089669	0.982122	0.184267	192.000000	0.000000	0.000000	0.000000	0.000000	0.000000	0.000000	0.000000	0.000000	0.000000	1741629028.586192	0.000000
228.000000	-22084.059964	-7748.992175	-29039.833431	-24774.539444	-11264.251025	-18141.011076	-13377.876684	-9112.023903	-22921.780994	-25443.281286	-28028.618160	-6213.717903	-26041.011636	-18965.343412	-28831.738690	-24286.757325	-0.089669	0.982122	0.184267	192.000000	0.000000	0.000000	0.000000	0.000000	0.000000	0.000000	0.000000	0.000000	0.000000	1741629028.586447	0.000000
230.000000	-22082.048307	-7750.154465	-29033.843164	-24761.709542	-11250.482351	-18161.641736	-13351.054591	-9089.091014	-22910.761584	-25437.335722	-28010.088564	-6204.956020	-25986.585139	-18918.091824	-28801.385021	-24281.303499	-0.069834	0.988061	0.179133	192.000000	127.000000	56.000000	15.500000	8.000000	2.500000	56.000000	0.000000	0.000000	0.000000	1741629028.586709	0.000000
232.000000	-22083.054135	-7749.841541	-29036.503021	-24765.844615	-11262.217016	-18145.593184	-13367.349013	-9097.048235	-22915.477802	-25446.969324	-28018.917503	-6210.365142	-26044.297343	-18983.493028	-28820.115783	-24270.418199	-0.069834	0.988061	0.179133	192.000000	0.000000	0.000000	0.000000	0.000000	0.000000	0.000000	0.000000	0.000000	0.000000	1741629028.586970	0.000000
234.000000	-22073.331126	-7737.413971	-29036.972408	-24751.763016	-11249.521226	-18166.849693	-13359.280033	-9097.942304	-22904.234875	-25428.842059	-27999.292672	-6191.612028	-25994.184732	-18978.553293	-28784.643565	-24266.640755	-0.069834	0.988061	0.179133	192.000000	0.000000	0.000000	0.000000	0.000000	0.000000	0.000000	0.000000	0.000000	0.000000	1741629028.587236	0.000000
236.000000	-22088.753830	-7744.387715	-29050.159937	-24758.468540	-11257.813723	-18146.710771	-13358.810646	-9107.575906	-22918.674102	-25428.171507	-28013.664843	-6201.782072	-26040.162270	-18915.431966	-28816.539504	-24273.346278	-0.069834	0.988061	0.179133	192.000000	0.000000	0.000000	0.000000	0.000000	0.000000	0.000000	0.000000	0.000000	0.000000	1741629028.587490	0.000000
238.000000	-22086.719821	-7755.407125	-29054.227955	-24754.065246	-11257.746668	-18141.659277	-13362.901016	-9110.682799	-22923.166802	-25429.154984	-28011.273207	-6214.276697	-26023.599627	-18984.007118	-28792.399620	-24268.697115	-0.069834	0.988061	0.179133	192.000000	0.000000	0.000000	0.000000	0.000000	0.000000	0.000000	0.000000	0.000000	0.000000	1741629028.647318	0.000000
240.000000	-22086.585711	-7754.669518	-29049.757606	-24753.797025	-11262.909921	-18139.200585	-13366.432591	-9096.757662	-22935.974352	-25448.288077	-28032.239143	-6244.473904	-26039.201145	-18995.339453	-28827.111879	-24274.597976	-0.053917	0.996031	0.176567	192.000000	127.000000	104.000000	15.500000	48.000000	2.500000	56.000000	0.000000	0.000000	0.000000	1741629028.647615	0.000000
242.000000	-22085.199903	-7750.377983	-29045.533126	-24752.701789	-11249.320060	-18121.006265	-13337.487082	-9086.006473	-22925.759605	-25435.793452	-28014.536561	-6231.889872	-26024.985436	-18947.126740	-28795.595920	-24262.528034	-0.053917	0.996031	0.176567	192.000000	0.000000	0.000000	0.000000	0.000000	0.000000	0.000000	0.000000	0.000000	0.000000	1741629028.647920	0.000000
244.000000	-22101.360214	-7760.056288	-29058.519490	-24760.167272	-11265.256854	-18125.990704	-13352.641565	-9098.366988	-22927.659503	-25426.472774	-28024.348977	-6225.206700	-26041.324561	-18905.284274	-28814.170219	-24259.756417	-0.053917	0.996031	0.176567	192.000000	0.000000	0.000000	0.000000	0.000000	0.000000	0.000000	0.000000	0.000000	0.000000	1741629028.648172	0.000000
246.000000	-22099.549723	-7768.617006	-29075.171539	-24773.555967	-11269.503685	-18152.455169	-13372.758135	-9119.601145	-22946.278506	-25441.426091	-28042.208021	-6241.411715	-26064.346858	-19001.150906	-28826.486030	-24286.802028	-0.053917	0.996031	0.176567	192.000000	0.000000	0.000000	0.000000	0.000000	0.000000	0.000000	0.000000	0.000000	0.000000	1741629028.648431	0.000000
248.000000	-22112.580790	-7767.857047	-29076.534996	-24767.006906	-11266.195627	-18150.063533	-13349.579376	-9106.368912	-22937.427215	-25425.981036	-28042.185669	-6243.401020	-26030.841593	-18993.283092	-28830.665807	-24278.129551	-0.053917	0.996031	0.176567	192.000000	0.000000	0.000000	0.000000	0.000000	0.000000	0.000000	0.000000	0.000000	0.000000	1741629028.648682	0.000000
250.000000	-22110.211505	-7777.155373	-29079.239557	-24769.309136	-11264.139267	-18153.662163	-13371.931120	-9099.641037	-22947.127872	-25435.972266	-28046.365445	-6247.737258	-26027.645293	-18940.778844	-28825.077870	-24272.228691	-0.044959	1.001015	0.173283	192.000000	127.000000	112.000000	15.500000	56.000000	2.500000	40.000000	0.000000	0.000000	0.000000	1741629028.648941	0.000000
252.000000	-22122.504964	-7766.717108	-29078.658411	-24749.930173	-11267.067345	-18149.482387	-13367.170199	-9092.913162	-22958.884890	-25435.033492	-28055.909640	-6251.268834	-26060.412951	-19006.358863	-28834.398548	-24273.480388	-0.044959	1.001015	0.173283	192.000000	0.000000	0.000000	0.000000	0.000000	0.000000	0.000000	0.000000	0.000000	0.000000	1741629028.707150	0.000000
254.000000	-22099.505019	-7759.184570	-29072.131702	-24759.049685	-11268.654319	-18100.487363	-13348.551196	-9085.045348	-22939.729445	-25416.280379	-28036.933009	-6234.192101	-26072.661707	-18943.639868	-28816.539504	-24251.106292	-0.044959	1.001015	0.173283	192.000000	0.000000	0.000000	0.000000	0.000000	0.000000	0.000000	0.000000	0.000000	0.000000	1741629028.707463	0.000000
0.000000	-22114.145412	-7761.531503	-29074.992725	-24749.192566	-11262.418182	-18144.565003	-13358.385963	-9100.333941	-22944.713884	-25426.562181	-28045.381969	-6244.362145	-26055.540270	-18976.228711	-28817.590036	-24253.430874	-0.044959	1.001015	0.173283	192.000000	0.000000	0.000000	0.000000	0.000000	0.000000	0.000000	0.000000	0.000000	0.000000	1741629028.707739	0.000000
2.000000	-22108.803345	-7753.127247	-29076.110312	-24754.512281	-11253.812761	-18140.832262	-13364.443286	-9101.160956	-22939.349465	-25422.024777	-28039.324646	-6240.048258	-26051.584012	-18970.014926	-28812.896170	-24245.943039	-0.044959	1.001015	0.173283	192.000000	0.000000	0.000000	0.000000	0.000000	0.000000	0.000000	0.000000	0.000000	0.000000	1741629028.707985	0.000000
4.000000	-22122.393205	-7754.781277	-29085.989784	-24749.080807	-11265.614482	-18136.160748	-13372.065231	-9088.509868	-22949.161881	-25418.604960	-28053.808576	-6243.356316	-26083.971689	-19025.648418	-28817.746498	-24251.978010	-0.038479	1.005508	0.168642	192.000000	127.500000	0.000000	15.500000	72.000000	2.500000	16.000000	0.000000	0.000000	0.000000	1741629028.708227	0.000000
6.000000	-22104.064775	-7744.655936	-29075.596222	-24754.869909	-11255.310327	-18127.868250	-13346.181911	-9091.236781	-22930.207602	-25407.674957	-28037.357692	-6230.638174	-26059.407122	-18969.679650	-28822.038033	-24241.159766	-0.038479	1.005508	0.168642	192.000000	0.000000	0.000000	0.000000	0.000000	0.000000	0.000000	0.000000	0.000000	0.000000	1741629028.708497	0.000000
8.000000	-22116.604104	-7755.451829	-29077.294955	-24757.306249	-11259.959490	-18128.717617	-13359.324737	-9096.534144	-22942.903393	-25435.636990	-28048.444158	-6253.682822	-26087.324451	-18968.271490	-28814.885475	-24268.831225	-0.038479	1.005508	0.168642	192.000000	0.000000	0.000000	0.000000	0.000000	0.000000	0.000000	0.000000	0.000000	0.000000	1741629028.708756	0.000000
10.000000	-22102.075470	-7742.756038	-29071.483501	-24750.131339	-11257.232577	-18122.056797	-13344.460826	-9095.707130	-22927.838317	-25404.009271	-28030.428652	-6230.816988	-26059.116549	-18984.722374	-28810.593940	-24251.016885	-0.038479	1.005508	0.168642	192.000000	0.000000	0.000000	0.000000	0.000000	0.000000	0.000000	0.000000	0.000000	0.000000	1741629028.709010	0.000000
12.000000	-22139.872270	-7770.785126	-29091.734182	-24757.350952	-11272.923502	-18132.852689	-13375.350937	-9103.239668	-22943.775111	-25423.947027	-28047.170108	-6249.435991	-26076.260337	-19036.578421	-28806.145943	-24264.159711	-0.038479	1.005508	0.168642	192.000000	0.000000	0.000000	0.000000	0.000000	0.000000	0.000000	0.000000	0.000000	0.000000	1741629028.780783	0.000000
14.000000	-22124.963656	-7769.555780	-29086.995612	-24766.179891	-11258.640737	-18112.356140	-13349.735838	-9107.754720	-22965.769227	-25432.932428	-28070.527681	-6264.657529	-26115.979387	-19034.209136	-28829.145888	-24269.434723	-0.038240	1.004754	0.166321	192.000000	127.000000	104.000000	15.500000	48.000000	2.500000	16.000000	0.000000	0.000000	0.000000	1741629028.781098	0.000000
16.000000	-22115.039482	-7760.816248	-29074.970374	-24751.405388	-11245.766133	-18081.667195	-13345.623117	-9078.473935	-22948.088997	-25420.929542	-28050.254649	-6253.839285	-26086.788009	-18980.229673	-28789.203321	-24262.304516	-0.038240	1.004754	0.166321	192.000000	0.000000	0.000000	0.000000	0.000000	0.000000	0.000000	0.000000	0.000000	0.000000	1741629028.781364	0.000000
18.000000	-22098.074507	-7752.300233	-29063.258059	-24744.275182	-11245.810836	-18109.316302	-13341.063361	-9088.442813	-22944.691532	-25415.431013	-28046.030169	-6251.470000	-26053.506262	-19007.051767	-28815.041937	-24254.548461	-0.038240	1.004754	0.166321	192.000000	0.000000	0.000000	0.000000	0.000000	0.000000	0.000000	0.000000	0.000000	0.000000	1741629028.781627	0.000000
20.000000	-22157.776017	-7785.514925	-29120.322063	-24772.393676	-11283.250008	-18150.577623	-13386.951493	-9104.781938	-22955.822701	-25421.868315	-28050.768739	-6257.460267	-26086.050401	-19039.439444	-28794.277167	-24257.163615	-0.038240	1.004754	0.166321	192.000000	0.000000	0.000000	0.000000	0.000000	0.000000	0.000000	0.000000	0.000000	0.000000	1741629028.781880	0.000000
22.000000	-22101.539028	-7738.173930	-29068.041333	-24733.322827	-11236.646621	-18106.902314	-13340.370457	-9070.047327	-22964.606937	-25419.499030	-28066.079684	-6267.607959	-26114.861800	-19060.159512	-28834.398548	-24262.170406	-0.038240	1.004754	0.166321	192.000000	0.000000	0.000000	0.000000	0.000000	0.000000	0.000000	0.000000	0.000000	0.000000	1741629028.782154	0.000000
24.000000	-22129.210488	-7755.876512	-29104.564083	-24752.299458	-11263.379307	-18115.440680	-13359.391792	-9080.262075	-22942.165785	-25404.389251	-28035.100166	-6246.999651	-26082.407067	-18994.423031	-28782.609556	-24237.672894	-0.028120	1.006377	0.164160	192.000000	127.500000	56.000000	15.500000	64.000000	2.500000	8.000000	0.000000	0.000000	0.000000	1741629028.782413	0.000000
26.000000	-22122.549668	-7759.050460	-29119.293883	-24757.060380	-11294.783508	-18085.265825	-13365.382059	-9085.537086	-22962.930556	-25413.352300	-28054.590887	-6262.489410	-26142.466204	-19076.990375	-28831.314007	-24242.880850	-0.028120	1.006377	0.164160	192.000000	0.000000	0.000000	0.000000	0.000000	0.000000	0.000000	0.000000	0.000000	0.000000	1741629028.782664	0.000000
28.000000	-22114.078357	-7758.223445	-29124.613598	-24752.075941	-11276.812706	-18119.285180	-13363.459809	-9088.666330	-22956.180329	-25416.190972	-28039.212887	-6262.064727	-26111.821963	-19077.683279	-28806.011832	-24243.484347	-0.028120	1.006377	0.164160	192.000000	0.000000	0.000000	0.000000	0.000000	0.000000	0.000000	0.000000	0.000000	0.000000	1741629028.830708	0.000000
30.000000	-22120.605066	-7762.716146	-29129.620389	-24743.716388	-11272.498819	-18109.763337	-13356.888396	-9080.552647	-22964.271660	-25415.520420	-28050.545222	-6268.658491	-26124.271884	-19055.264480	-28820.696929	-24236.354141	-0.028120	1.006377	0.164160	192.000000	0.000000	0.000000	0.000000	0.000000	0.000000	0.000000	0.000000	0.000000	0.000000	1741629028.831025	0.000000
32.000000	-22104.802383	-7763.721974	-29122.378423	-24741.257696	-11275.203380	-18095.972311	-13342.136245	-9081.424365	-22958.549614	-25408.747841	-28034.876649	-6257.862599	-26100.690794	-19056.516177	-28795.081829	-24227.681664	-0.028120	1.006377	0.164160	192.000000	0.000000	0.000000	0.000000	0.000000	0.000000	0.000000	0.000000	0.000000	0.000000	1741629028.831293	0.000000
34.000000	-22114.637150	-7769.019338	-29125.887647	-24746.108025	-11289.553200	-18093.893599	-13354.921443	-9073.176572	-22966.596242	-25416.012158	-28045.381969	-6270.536038	-26107.172800	-19088.210951	-28818.126478	-24224.440661	-0.015060	1.011188	0.163080	192.000000	127.500000	120.000000	15.500000	96.000000	2.500000	8.000000	0.000000	0.000000	0.000000	1741629028.831544	0.000000
36.000000	-22119.174554	-7772.796783	-29125.150040	-24748.611420	-11283.674691	-18119.128718	-13338.917594	-9087.839316	-22972.072419	-25413.307597	-28047.460681	-6271.631273	-26097.203922	-19066.328593	-28807.643510	-24231.950847	-0.015060	1.011188	0.163080	192.000000	0.000000	0.000000	0.000000	0.000000	0.000000	0.000000	0.000000	0.000000	0.000000	1741629028.831821	0.000000
38.000000	-22128.696397	-7775.166068	-29117.170467	-24747.247964	-11281.171296	-18075.051078	-13355.748457	-9066.560455	-22975.894567	-25411.586513	-28055.686123	-6273.128840	-26105.295253	-19078.711459	-28814.684309	-24236.197679	-0.015060	1.011188	0.163080	192.000000	0.000000	0.000000	0.000000	0.000000	0.000000	0.000000	0.000000	0.000000	0.000000	1741629028.832074	0.000000
40.000000	-22118.258133	-7766.381832	-29108.006252	-24741.749435	-11261.278243	-18071.228930	-13342.627983	-9071.969577	-22957.789654	-25401.371765	-28035.904829	-6260.701270	-26079.568396	-19045.586174	-28782.386039	-24222.406652	-0.015060	1.011188	0.163080	192.000000	0.000000	0.000000	0.000000	0.000000	0.000000	0.000000	0.000000	0.000000	0.000000	1741629028.832333	0.000000
42.000000	-22133.993761	-7762.649091	-29113.325967	-24729.746548	-11281.663034	-18076.012203	-13353.826207	-9065.152295	-22966.640945	-25405.640948	-28053.115672	-6270.089003	-26125.009492	-19104.840649	-28803.821362	-24232.241420	-0.015060	1.011188	0.163080	192.000000	0.000000	0.000000	0.000000	0.000000	0.000000	0.000000	0.000000	0.000000	0.000000	1741629028.890515	0.000000
44.000000	-22107.797516	-7755.720050	-29096.182179	-24727.041987	-11253.499836	-18104.264808	-13346.159559	-9063.364156	-22952.358181	-25384.429143	-28031.657998	-6253.302843	-26075.276861	-19058.460779	-28784.710620	-24218.182173	-0.006530	1.012594	0.162540	192.000000	0.000000	8.000000	15.500000	88.000000	2.500000	8.000000	0.000000	0.000000	0.000000	1741629028.890817	0.000000
46.000000	-22140.788691	-7780.172858	-29113.549484	-24739.603667	-11275.650415	-18106.120003	-13370.321795	-9082.698415	-22971.737143	-25401.885855	-28045.650190	-6266.870352	-26086.542140	-19125.068977	-28796.780562	-24234.342484	-0.006530	1.012594	0.162540	192.000000	0.000000	0.000000	0.000000	0.000000	0.000000	0.000000	0.000000	0.000000	0.000000	1741629028.891077	0.000000
48.000000	-22122.974351	-7770.852181	-29121.819630	-24755.339295	-11268.229636	-18114.725425	-13365.940853	-9101.026845	-22979.314384	-25402.534056	-28045.359617	-6269.351395	-26099.841428	-19059.913642	-28805.743612	-24241.763263	-0.006530	1.012594	0.162540	192.000000	0.000000	0.000000	0.000000	0.000000	0.000000	0.000000	0.000000	0.000000	0.000000	1741629028.891324	0.000000
50.000000	-22149.461168	-7800.177670	-29122.691348	-24755.562813	-11278.377328	-18116.982951	-13365.538521	-9097.808194	-22977.615652	-25410.603036	-28056.870765	-6283.008311	-26110.883190	-19118.542268	-28815.377213	-24256.381304	-0.006530	1.012594	0.162540	192.000000	0.000000	0.000000	0.000000	0.000000	0.000000	0.000000	0.000000	0.000000	0.000000	1741629028.891597	0.000000
52.000000	-22150.422293	-7832.118312	-29120.277360	-24753.573507	-11270.889493	-18107.148183	-13349.445265	-9091.549705	-23007.477582	-25417.465021	-28058.547146	-6284.930561	-26097.583902	-19127.952353	-28813.387908	-24237.784652	-0.006530	1.012594	0.162540	192.000000	0.000000	0.000000	0.000000	0.000000	0.000000	0.000000	0.000000	0.000000	0.000000	1741629028.891844	0.000000
54.000000	-22190.074288	-7888.265894	-29142.897325	-24774.472389	-11285.909866	-18111.931457	-13365.918501	-9092.130851	-23050.862318	-25446.678751	-28084.810446	-6310.277439	-26115.465297	-19110.316826	-28814.885475	-24254.727275	-0.004265	1.011297	0.163270	192.000000	127.500000	120.000000	15.500000	72.000000	2.500000	16.000000	0.000000	0.000000	0.000000	1741629028.892104	0.000000
56.000000	-22201.808954	-7937.015049	-29152.530927	-24787.279938	-11277.416203	-18134.931402	-13368.600710	-9110.280467	-23098.560941	-25481.234548	-28107.899798	-6337.010126	-26112.470163	-19134.233193	-28830.062310	-24265.120836	-0.004265	1.011297	0.163270	192.000000	0.000000	0.000000	0.000000	0.000000	0.000000	0.000000	0.000000	0.000000	0.000000	1741629028.892366	0.000000
58.000000	-22229.636875	-7987.708806	-29164.377351	-24785.827075	-11271.716508	-18109.606875	-13377.988443	-9090.946208	-23150.171119	-25489.974080	-28137.068824	-6352.835161	-26148.478824	-19153.992135	-28818.238237	-24277.101371	-0.004265	1.011297	0.163270	192.000000	0.000000	0.000000	0.000000	0.000000	0.000000	0.000000	0.000000	0.000000	0.000000	1741629028.950371	0.000000
60.000000	-22219.667997	-8024.097445	-29161.337514	-24797.248816	-11292.593037	-18117.675855	-13371.975824	-9093.024921	-23183.944605	-25512.504639	-28151.440996	-6368.973120	-26160.146434	-19201.310778	-28839.830022	-24280.878816	-0.004265	1.011297	0.163270	192.000000	0.000000	0.000000	0.000000	0.000000	0.000000	0.000000	0.000000	0.000000	0.000000	1741629028.950666	0.000000
62.000000	-22258.895309	-8063.391812	-29181.521139	-24804.490781	-11294.671749	-18154.533881	-13385.364519	-9113.700284	-23211.101974	-25525.133374	-28151.731569	-6385.267542	-26110.994948	-19150.907594	-28817.679443	-24281.504665	-0.004265	1.011297	0.163270	192.000000	0.000000	0.000000	0.000000	0.000000	0.000000	0.000000	0.000000	0.000000	0.000000	1741629028.950923	0.000000
64.000000	-22264.706762	-8098.282885	-29203.090573	-24834.777395	-11308.239258	-18160.948832	-13395.534563	-9123.155072	-23259.381742	-25553.810662	-28183.024011	-6421.946755	-26171.434065	-19200.148487	-28857.443196	-24307.566799	-0.007132	1.004649	0.161635	192.000000	127.500000	88.000000	15.500000	24.000000	2.500000	0.000000	0.000000	0.000000	0.000000	1741629028.951192	0.000000
66.000000	-22290.388917	-8105.167223	-29211.964215	-24833.279828	-11315.861203	-18156.657297	-13410.398473	-9112.470938	-23269.752952	-25567.981668	-28183.113418	-6423.511377	-26170.718809	-19141.452806	-28842.311065	-24306.806839	-0.007132	1.004649	0.161635	192.000000	0.000000	0.000000	0.000000	0.000000	0.000000	0.000000	0.000000	0.000000	0.000000	1741629028.951466	0.000000
68.000000	-22265.377315	-8103.602601	-29204.051698	-24828.474203	-11306.294657	-18166.849693	-13407.045711	-9121.411636	-23283.834551	-25570.887395	-28194.244587	-6432.295612	-26177.491388	-19268.433066	-28868.820234	-24304.571665	-0.007132	1.004649	0.161635	192.000000	0.000000	0.000000	0.000000	0.000000	0.000000	0.000000	0.000000	0.000000	0.000000	1741629028.951712	0.000000
70.000000	-22289.494847	-8132.190482	-29223.877695	-24857.933802	-11329.518119	-18176.930329	-13419.696798	-9142.109351	-23279.721830	-25584.454904	-28188.142560	-6438.487046	-26153.753835	-19184.234045	-28846.647304	-24312.081851	-0.007132	1.004649	0.161635	192.000000	0.000000	0.000000	0.000000	0.000000	0.000000	0.000000	0.000000	0.000000	0.000000	1741629028.951956	0.000000
72.000000	-22291.640614	-8112.990333	-29221.039024	-24852.234108	-11323.416093	-18157.529015	-13403.178859	-9131.626383	-23300.464249	-25605.465544	-28223.212448	-6462.448116	-26211.466040	-19212.754871	-28888.310956	-24329.605619	-0.007132	1.004649	0.161635	192.000000	0.000000	0.000000	0.000000	0.000000	0.000000	0.000000	0.000000	0.000000	0.000000	1741629029.009727	0.000000
74.000000	-22288.779591	-8118.913545	-29226.939884	-24859.811349	-11322.812596	-18165.262719	-13405.525792	-9132.006363	-23277.263138	-25581.593881	-28206.113363	-6441.683345	-26175.703248	-19173.885187	-28851.005894	-24311.858334	-0.009566	1.000324	0.163818	192.000000	127.500000	80.000000	15.500000	16.000000	2.500000	24.000000	0.000000	0.000000	0.000000	1741629029.010015	0.000000
76.000000	-22293.272292	-8110.933973	-29232.907800	-24865.935727	-11331.373314	-18185.513399	-13424.591830	-9160.080154	-23303.928769	-25604.057384	-28241.429119	-6471.858200	-26190.477752	-19240.336924	-28894.770610	-24337.473433	-0.009566	1.000324	0.163818	192.000000	0.000000	0.000000	0.000000	0.000000	0.000000	0.000000	0.000000	0.000000	0.000000	1741629029.010303	0.000000
78.000000	-22277.760181	-8084.089528	-29222.335425	-24851.295334	-11325.763026	-18175.477466	-13413.438310	-9134.398000	-23280.347679	-25581.929157	-28215.366985	-6445.863121	-26154.223222	-19206.652845	-28857.264383	-24325.425842	-0.009566	1.000324	0.163818	192.000000	0.000000	0.000000	0.000000	0.000000	0.000000	0.000000	0.000000	0.000000	0.000000	1741629029.010559	0.000000
80.000000	-22286.946748	-8076.288769	-29233.623056	-24856.279773	-11338.637631	-18170.291861	-13421.663752	-9137.974279	-23275.899682	-25576.989421	-28219.211485	-6448.746496	-26192.556464	-19248.361200	-28881.560729	-24317.558028	-0.009566	1.000324	0.163818	192.000000	0.000000	0.000000	0.000000	0.000000	0.000000	0.000000	0.000000	0.000000	0.000000	1741629029.010810	0.000000
82.000000	-22268.461855	-8053.959376	-29232.103137	-24859.721942	-11336.491863	-18171.968242	-13410.711397	-9133.615689	-23261.929841	-25583.426724	-28214.003529	-6452.993328	-26188.644909	-19222.142604	-28863.098188	-24330.745558	-0.009566	1.000324	0.163818	192.000000	0.000000	0.000000	0.000000	0.000000	0.000000	0.000000	0.000000	0.000000	0.000000	1741629029.011065	0.000000
84.000000	-22254.626126	-8020.409408	-29216.568675	-24838.890116	-11326.970020	-18166.581472	-13408.319760	-9135.135607	-23232.112614	-25559.644468	-28201.821828	-6440.833979	-26175.300917	-19140.715199	-28876.173958	-24307.343281	-0.007783	1.000162	0.163909	192.000000	127.500000	104.000000	15.500000	32.000000	2.500000	16.000000	0.000000	0.000000	0.000000	1741629029.011323	0.000000
86.000000	-22243.226736	-8006.864251	-29221.128431	-24836.453776	-11333.966116	-18179.389021	-13400.876629	-9128.474787	-23207.257474	-25546.881622	-28186.175607	-6425.143054	-26135.514812	-19261.615784	-28855.252726	-24298.089659	-0.007783	1.000162	0.163909	192.000000	0.000000	0.000000	0.000000	0.000000	0.000000	0.000000	0.000000	0.000000	0.000000	1741629029.011602	0.000000
88.000000	-22262.672754	-8000.449300	-29229.376224	-24838.063102	-11326.522985	-18169.822475	-13416.634609	-9141.349392	-23212.130155	-25559.756227	-28205.263997	-6434.553139	-26188.823722	-19211.950208	-28877.649173	-24307.075060	-0.007783	1.000162	0.163909	192.000000	0.000000	0.000000	0.000000	0.000000	0.000000	0.000000	0.000000	0.000000	0.000000	1741629029.069433	0.000000
90.000000	-22233.280210	-7975.616512	-29225.956407	-24839.493613	-11335.888366	-18185.021661	-13412.298371	-9137.415485	-23194.896960	-25538.320904	-28190.802418	-6420.002153	-26155.094940	-19162.463446	-28867.590888	-24313.601770	-0.007783	1.000162	0.163909	192.000000	0.000000	0.000000	0.000000	0.000000	0.000000	0.000000	0.000000	0.000000	0.000000	1741629029.069707	0.000000
92.000000	-22246.110111	-7965.133544	-29236.193506	-24827.177802	-11343.085628	-18165.106257	-13414.578249	-9130.933479	-23187.878512	-25527.033273	-28191.249453	-6414.995362	-26172.685763	-19268.611880	-28886.567519	-24315.903999	-0.007783	1.000162	0.163909	192.000000	0.000000	0.000000	0.000000	0.000000	0.000000	0.000000	0.000000	0.000000	0.000000	1741629029.069963	0.000000
94.000000	-22235.001294	-7952.460105	-29231.477288	-24829.569439	-11331.619183	-18156.366725	-13403.245914	-9136.320250	-23183.810494	-25532.397691	-28189.416610	-6421.052685	-26141.438024	-19213.626589	-28886.612223	-24307.991482	-0.007892	1.001081	0.160954	192.000000	127.500000	96.000000	15.500000	40.000000	2.000000	120.000000	0.000000	0.000000	0.000000	1741629029.070244	0.000000
96.000000	-22234.621314	-7943.988793	-29223.810640	-24817.857125	-11329.540471	-18152.343411	-13415.159394	-9116.337790	-23168.991288	-25527.234438	-28182.912252	-6416.559984	-26156.503100	-19125.203088	-28871.413037	-24298.760211	-0.007892	1.001081	0.160954	192.000000	0.000000	0.000000	0.000000	0.000000	0.000000	0.000000	0.000000	0.000000	0.000000	1741629029.070500	0.000000
98.000000	-22214.549448	-7922.329953	-29215.428736	-24812.559761	-11337.967078	-18170.403620	-13420.076778	-9149.999517	-23153.434474	-25514.270427	-28171.781084	-6409.608592	-26113.185419	-19231.820909	-28875.637516	-24304.772831	-0.007892	1.001081	0.160954	192.000000	0.000000	0.000000	0.000000	0.000000	0.000000	0.000000	0.000000	0.000000	0.000000	1741629029.070753	0.000000
100.000000	-22237.817614	-7929.862491	-29233.958332	-24824.942628	-11335.396628	-18168.727239	-13442.160301	-9145.707982	-23145.924288	-25502.692223	-28170.350572	-6405.428816	-26137.861745	-19203.165973	-28882.588909	-24315.702834	-0.007892	1.001081	0.160954	192.000000	0.000000	0.000000	0.000000	0.000000	0.000000	0.000000	0.000000	0.000000	0.000000	1741629029.071005	0.000000
102.000000	-22205.631102	-7902.056921	-29209.058488	-24808.379985	-11340.157549	-18142.463939	-13416.120519	-9130.665258	-23144.829052	-25507.699014	-28174.105665	-6416.895260	-26166.606088	-19193.621778	-28891.820179	-24316.306331	-0.007892	1.001081	0.160954	192.000000	0.000000	0.000000	0.000000	0.000000	0.000000	0.000000	0.000000	0.000000	0.000000	1741629029.130208	0.000000
104.000000	-22235.984771	-7920.117130	-29226.470497	-24823.713282	-11323.237279	-18150.667030	-13427.654019	-9135.225014	-23130.881564	-25496.277272	-28162.549813	-6400.422025	-26120.270922	-19163.670440	-28869.222566	-24311.254836	-0.008946	0.998541	0.160477	192.000000	127.500000	88.000000	15.500000	16.000000	2.500000	0.000000	0.000000	0.000000	0.000000	1741629029.130509	0.000000
106.000000	-22211.710776	-7902.459252	-29212.455954	-24809.184648	-11314.654209	-18143.782692	-13407.202173	-9122.752741	-23141.744511	-25511.722328	-28174.865624	-6416.336467	-26149.954039	-19232.871441	-28880.689011	-24309.198476	-0.008946	0.998541	0.160477	192.000000	0.000000	0.000000	0.000000	0.000000	0.000000	0.000000	0.000000	0.000000	0.000000	1741629029.130772	0.000000
108.000000	-22229.256896	-7907.689560	-29226.783422	-24813.140906	-11328.646401	-18176.058611	-13428.950420	-9135.850863	-23130.725101	-25494.936168	-28164.047380	-6397.985685	-26132.922010	-19181.998871	-28864.618106	-24302.582360	-0.008946	0.998541	0.160477	192.000000	0.000000	0.000000	0.000000	0.000000	0.000000	0.000000	0.000000	0.000000	0.000000	1741629029.131055	0.000000
110.000000	-22207.978035	-7895.329046	-29216.076936	-24822.327473	-11330.076913	-18161.172350	-13434.091322	-9134.085075	-23130.836860	-25503.228665	-28170.194110	-6407.105196	-26146.131891	-19207.748080	-28893.518912	-24318.452098	-0.008946	0.998541	0.160477	192.000000	0.000000	0.000000	0.000000	0.000000	0.000000	0.000000	0.000000	0.000000	0.000000	1741629029.131312	0.000000
112.000000	-22222.081986	-7894.613790	-29227.990416	-24823.623875	-11336.268346	-18172.236463	-13440.886252	-9140.276508	-23114.095403	-25493.080973	-28152.759749	-6393.917667	-26122.126117	-19141.408103	-28868.552013	-24313.042976	-0.008946	0.998541	0.160477	192.000000	0.000000	0.000000	0.000000	0.000000	0.000000	0.000000	0.000000	0.000000	0.000000	1741629029.131562	0.000000
114.000000	-22217.298712	-7896.089005	-29222.514239	-24820.382872	-11347.623032	-18173.130533	-13438.427560	-9167.523285	-23133.340255	-25509.956540	-28177.346668	-6416.045894	-26166.717847	-19267.829569	-28912.674357	-24335.886459	-0.006473	0.998270	0.158239	192.000000	127.500000	112.000000	15.500000	24.000000	2.000000	112.000000	0.000000	0.000000	0.000000	1741629029.131820	0.000000
116.000000	-22222.283151	-7894.971418	-29223.788288	-24816.761889	-11341.409247	-18161.552329	-13430.649153	-9120.606973	-23119.146898	-25489.325880	-28153.966743	-6394.655275	-26133.033768	-19210.251476	-28875.928089	-24322.050729	-0.006473	0.998270	0.158239	192.000000	0.000000	0.000000	0.000000	0.000000	0.000000	0.000000	0.000000	0.000000	0.000000	1741629029.132125	0.000000
118.000000	-22205.988730	-7876.911208	-29221.463707	-24809.542276	-11341.208081	-18172.236463	-13425.485900	-9135.761456	-23127.260581	-25497.283101	-28162.795682	-6399.304438	-26175.278565	-19161.837597	-28891.261386	-24317.289807	-0.006473	0.998270	0.158239	192.000000	0.000000	0.000000	0.000000	0.000000	0.000000	0.000000	0.000000	0.000000	0.000000	1741629029.190036	0.000000
120.000000	-22188.554369	-7864.774211	-29213.305320	-24804.714299	-11323.818424	-18161.999364	-13396.585095	-9123.557404	-23104.618264	-25487.828313	-28139.706330	-6386.407481	-26135.246591	-19202.629531	-28862.360580	-24312.126555	-0.006473	0.998270	0.158239	192.000000	0.000000	0.000000	0.000000	0.000000	0.000000	0.000000	0.000000	0.000000	0.000000	1741629029.190328	0.000000
122.000000	-22192.667090	-7863.030775	-29217.127468	-24808.067060	-11333.764950	-18164.614518	-13425.329438	-9136.744933	-23103.858304	-25480.921624	-28143.439072	-6390.050815	-26137.146489	-19225.987104	-28884.153531	-24311.567761	-0.006473	0.998270	0.158239	192.000000	0.000000	0.000000	0.000000	0.000000	0.000000	0.000000	0.000000	0.000000	0.000000	1741629029.190616	0.000000
124.000000	-22205.385233	-7878.386423	-29226.962236	-24819.779375	-11331.932107	-18172.616443	-13414.891173	-9131.067590	-23107.501639	-25500.904083	-28139.035778	-6395.348179	-26138.353483	-19167.894920	-28861.801787	-24314.071156	-0.002236	0.997135	0.155119	192.000000	0.000000	8.000000	15.500000	16.000000	2.000000	96.000000	0.000000	0.000000	0.000000	1741629029.190869	0.000000
126.000000	-22187.526189	-7858.158095	-29207.225645	-24799.104011	-11319.303372	-18142.486291	-13403.424728	-9113.655581	-23110.206200	-25493.259787	-28150.569278	-6393.090653	-26151.272792	-19168.163141	-28883.594737	-24304.370499	-0.002236	0.997135	0.155119	192.000000	0.000000	0.000000	0.000000	0.000000	0.000000	0.000000	0.000000	0.000000	0.000000	1741629029.191154	0.000000
128.000000	-22191.795372	-7857.733412	-29206.800962	-24801.942682	-11321.851471	-18177.310309	-13405.168164	-9127.759531	-23105.624092	-25484.877883	-28138.544040	-6384.865211	-26120.829716	-19140.022295	-28859.678371	-24304.303444	-0.002236	0.997135	0.155119	192.000000	0.000000	0.000000	0.000000	0.000000	0.000000	0.000000	0.000000	0.000000	0.000000	1741629029.191405	0.000000
130.000000	-22198.679709	-7857.196970	-29203.939939	-24793.359613	-11322.969058	-18159.853597	-13409.392644	-9108.045293	-23099.052679	-25476.428923	-28141.829746	-6382.495926	-26128.116385	-19207.010473	-28876.956269	-24293.596958	-0.002236	0.997135	0.155119	192.000000	0.000000	0.000000	0.000000	0.000000	0.000000	0.000000	0.000000	0.000000	0.000000	1741629029.191684	0.000000
132.000000	-22197.204494	-7862.650795	-29210.958387	-24807.530619	-11328.221718	-18170.068344	-13401.904810	-9125.680819	-23101.868999	-25482.061563	-28140.645104	-6380.372510	-26124.115422	-19124.621943	-28855.766816	-24295.139229	-0.002236	0.997135	0.155119	192.000000	0.000000	0.000000	0.000000	0.000000	0.000000	0.000000	0.000000	0.000000	0.000000	1741629029.249042	0.000000
134.000000	-22212.537791	-7857.085211	-29202.509427	-24791.638528	-11322.432616	-18146.956640	-13398.060310	-9121.232822	-23113.849534	-25483.626185	-28154.838461	-6391.235458	-26142.734425	-19162.664612	-28884.287642	-24303.185857	0.000882	1.001568	0.150560	192.000000	0.000000	16.000000	15.500000	56.000000	2.000000	72.000000	0.000000	0.000000	0.000000	1741629029.249335	0.000000
136.000000	-22182.877026	-7850.804371	-29189.657174	-24791.549121	-11312.597848	-18151.158768	-13367.550178	-9089.470993	-23101.220799	-25464.627202	-28140.242772	-6375.768051	-26135.939495	-19121.515050	-28846.915525	-24281.012926	0.000882	1.001568	0.150560	192.000000	0.000000	0.000000	0.000000	0.000000	0.000000	0.000000	0.000000	0.000000	0.000000	1741629029.249632	0.000000
138.000000	-22211.822535	-7866.204723	-29204.565788	-24799.707508	-11320.532718	-18151.359934	-13411.381949	-9115.175499	-23101.399613	-25474.238452	-28149.183470	-6387.770937	-26122.819021	-19171.940586	-28865.087493	-24284.186874	0.000882	1.001568	0.150560	192.000000	0.000000	0.000000	0.000000	0.000000	0.000000	0.000000	0.000000	0.000000	0.000000	1741629029.249913	0.000000
140.000000	-22196.779811	-7868.730470	-29204.006994	-24805.161334	-11307.166375	-18152.321059	-13381.095336	-9092.220258	-23117.135241	-25483.045040	-28160.962839	-6400.086749	-26129.613951	-19050.905889	-28860.259516	-24288.187836	0.000882	1.001568	0.150560	192.000000	0.000000	0.000000	0.000000	0.000000	0.000000	0.000000	0.000000	0.000000	0.000000	1741629029.250182	0.000000
142.000000	-22203.686500	-7865.042432	-29204.744602	-24795.103049	-11308.462776	-18159.563024	-13384.783373	-9091.192078	-23117.403462	-25473.925528	-28166.975458	-6401.763129	-26151.429254	-19191.744231	-28866.048618	-24282.108162	0.000882	1.001568	0.150560	192.000000	0.000000	0.000000	0.000000	0.000000	0.000000	0.000000	0.000000	0.000000	0.000000	1741629029.250433	0.000000
144.000000	-22201.741898	-7874.854848	-29210.846628	-24812.202133	-11311.033226	-18159.451265	-13388.851391	-9111.845089	-23113.469555	-25483.469723	-28165.164967	-6405.965257	-26161.644001	-19099.275064	-28856.213851	-24289.372479	0.001441	1.006784	0.146280	192.000000	0.000000	8.000000	15.500000	80.000000	2.000000	56.000000	0.000000	0.000000	0.000000	1741629029.250717	0.000000
146.000000	-22209.341491	-7873.536095	-29210.086669	-24799.439287	-11311.144985	-18118.011131	-13379.530714	-9085.782955	-23118.811622	-25488.163589	-28165.544947	-6403.394807	-26154.938478	-19202.808345	-28855.386836	-24284.410391	0.001441	1.006784	0.146280	192.000000	0.000000	0.000000	0.000000	0.000000	0.000000	0.000000	0.000000	0.000000	0.000000	1741629029.250981	0.000000
148.000000	-22184.687517	-7852.391345	-29190.551244	-24788.196360	-11306.495822	-18134.126739	-13341.130417	-9078.675101	-23108.306302	-25468.650516	-28152.737397	-6393.537687	-26159.297068	-19068.250843	-28858.583135	-24279.872987	0.001441	1.006784	0.146280	192.000000	0.000000	0.000000	0.000000	0.000000	0.000000	0.000000	0.000000	0.000000	0.000000	1741629029.309311	0.000000
150.000000	-22229.659227	-7878.609941	-29218.289759	-24802.233255	-11299.700892	-18179.098449	-13396.674501	-9110.101653	-23112.195505	-25471.511539	-28160.806377	-6397.873926	-26146.087187	-19083.025346	-28846.669656	-24282.532845	0.001441	1.006784	0.146280	192.000000	0.000000	0.000000	0.000000	0.000000	0.000000	0.000000	0.000000	0.000000	0.000000	1741629029.309622	0.000000
152.000000	-22204.111183	-7868.551656	-29198.731983	-24799.104011	-11290.916656	-18154.176254	-13380.380080	-9102.591467	-23116.934075	-25477.166531	-28168.987116	-6402.724254	-26158.805330	-19210.407938	-28853.799862	-24287.606691	0.001441	1.006784	0.146280	192.000000	0.000000	0.000000	0.000000	0.000000	0.000000	0.000000	0.000000	0.000000	0.000000	1741629029.309903	0.000000
154.000000	-22214.057709	-7868.484601	-29201.637709	-24796.622967	-11306.115843	-18164.391001	-13389.320778	-9105.899525	-23118.811622	-25482.396839	-28167.757770	-6406.792272	-26149.663466	-19092.815410	-28842.601638	-24292.457019	-0.000280	1.006392	0.141140	192.000000	127.500000	120.000000	15.500000	56.000000	2.000000	32.000000	0.000000	0.000000	0.000000	1741629029.310154	0.000000
156.000000	-22210.704948	-7875.435993	-29208.857323	-24803.261435	-11302.740729	-18160.054762	-13389.343129	-9095.416557	-23107.613398	-25468.359943	-28162.348647	-6398.924458	-26139.225202	-19146.124321	-28858.113749	-24285.818551	-0.000280	1.006392	0.141140	192.000000	0.000000	0.000000	0.000000	0.000000	0.000000	0.000000	0.000000	0.000000	0.000000	1741629029.310411	0.000000
158.000000	-22217.231657	-7864.751859	-29209.729041	-24783.681307	-11300.684369	-18130.438701	-13373.048708	-9085.492383	-23108.842743	-25474.551377	-28161.566336	-6405.205298	-26155.854899	-19140.670495	-28841.215830	-24278.934214	-0.000280	1.006392	0.141140	192.000000	0.000000	0.000000	0.000000	0.000000	0.000000	0.000000	0.000000	0.000000	0.000000	1741629029.310694	0.000000
160.000000	-22207.754518	-7873.647854	-29224.660006	-24808.134116	-11313.201346	-18169.643661	-13391.578304	-9111.398055	-23108.351005	-25467.018839	-28168.562432	-6407.485176	-26186.946176	-19055.085666	-28861.421807	-24284.566854	-0.000280	1.006392	0.141140	192.000000	0.000000	0.000000	0.000000	0.000000	0.000000	0.000000	0.000000	0.000000	0.000000	1741629029.310948	0.000000
162.000000	-22211.151983	-7860.460324	-29209.371413	-24777.646336	-11311.077930	-18149.080056	-13374.725088	-9082.944284	-23105.847610	-25467.197653	-28162.147482	-6401.897240	-26148.277658	-19186.715089	-28848.100167	-24280.498836	-0.000280	1.006392	0.141140	192.000000	0.000000	0.000000	0.000000	0.000000	0.000000	0.000000	0.000000	0.000000	0.000000	1741629029.370914	0.000000
164.000000	-22211.509611	-7864.595397	-29215.540494	-24785.625909	-11303.545392	-18149.907070	-13372.176990	-9089.739214	-23106.227589	-25466.057714	-28162.728627	-6399.192679	-26169.489464	-19134.121434	-28857.890231	-24265.456112	0.002860	1.011196	0.139570	192.000000	0.000000	24.000000	15.500000	96.000000	2.000000	40.000000	0.000000	0.000000	0.000000	1741629029.371202	0.000000
166.000000	-22207.866276	-7858.962757	-29216.658082	-24779.725049	-11298.225677	-18156.970222	-13365.180894	-9074.338862	-23101.868999	-25458.882804	-28151.709217	-6393.448281	-26163.610955	-19087.965082	-28824.809650	-24266.841920	0.002860	1.011196	0.139570	192.000000	0.000000	0.000000	0.000000	0.000000	0.000000	0.000000	0.000000	0.000000	0.000000	1741629029.371497	0.000000
168.000000	-22202.680672	-7854.581816	-29220.189657	-24785.111819	-11304.707683	-18151.851672	-13376.535580	-9081.402013	-23104.998243	-25469.969269	-28159.800549	-6403.417159	-26193.204664	-19157.836635	-28852.972848	-24274.687383	0.002860	1.011196	0.139570	192.000000	0.000000	0.000000	0.000000	0.000000	0.000000	0.000000	0.000000	0.000000	0.000000	1741629029.371758	0.000000
170.000000	-22205.027605	-7853.352470	-29214.311148	-24785.402392	-11309.937991	-18145.660239	-13377.429650	-9081.625531	-23091.117810	-25452.154929	-28131.145612	-6381.244228	-26155.363161	-19111.389710	-28814.885475	-24275.402638	0.002860	1.011196	0.139570	192.000000	0.000000	0.000000	0.000000	0.000000	0.000000	0.000000	0.000000	0.000000	0.000000	1741629029.372024	0.000000
172.000000	-22212.068404	-7856.057031	-29224.212971	-24798.344052	-11314.922430	-18145.146149	-13381.095336	-9092.644941	-23109.088613	-25465.320106	-28140.689807	-6408.312191	-26180.888853	-19117.089405	-28851.810557	-24302.738822	0.002860	1.011196	0.139570	192.000000	0.000000	0.000000	0.000000	0.000000	0.000000	0.000000	0.000000	0.000000	0.000000	1741629029.372303	0.000000
174.000000	-22209.117974	-7846.937519	-29222.134259	-24792.599653	-11321.627953	-18132.897393	-13372.378155	-9081.871400	-23091.944825	-25452.669019	-28119.455650	-6404.221821	-26182.900510	-19113.781347	-28816.025414	-24307.365633	0.009430	1.011598	0.143785	192.000000	0.000000	64.000000	15.500000	80.000000	2.000000	80.000000	0.000000	0.000000	0.000000	1741629029.372604	0.000000
176.000000	-22203.820611	-7834.755818	-29217.552151	-24787.950490	-11314.341285	-18134.864346	-13371.349975	-9074.294159	-23090.402554	-25450.009161	-28125.647083	-6406.479348	-26175.278565	-19123.996094	-28834.063272	-24315.121688	0.009430	1.011598	0.143785	192.000000	0.000000	0.000000	0.000000	0.000000	0.000000	0.000000	0.000000	0.000000	0.000000	1741629029.372873	0.000000
