28.000000	-3612.086607	-2125.472084	-21519.343140	-11398.875582	-20085.121105	-187500.022352	-23281.219397	872.679159	-6725.572851	-14595.532667	-30135.359482	187500.000000	-17736.243336	-187500.022352	-18611.560000	-29328.416804	0.000000	0.000000	0.000000	192.000000	0.000000	0.000000	0.000000	0.000000	0.000000	0.000000	0.000000	0.000000	0.000000	1741983475.386325	0.000000
30.000000	-3611.326648	-2129.070715	-21533.000056	-11404.240001	-20089.792620	-187500.022352	-23284.147475	868.678197	-6727.159825	-14602.998150	-30079.234252	187500.000000	-17743.306487	-187500.022352	-18620.746567	-29331.344882	-0.016000	0.489000	0.075000	192.000000	127.500000	0.000000	15.000000	72.000000	2.000000	88.000000	0.000000	0.000000	0.000000	1741983475.386604	0.000000
32.000000	-3628.202215	-2145.275729	-21533.491794	-11413.046588	-20095.537018	-187500.022352	-23296.418583	863.649054	-6728.679744	-14607.401443	-30126.821116	187500.000000	-17735.148100	-187500.022352	-18620.232477	-29335.658769	-0.016000	0.489000	0.075000	192.000000	0.000000	0.000000	0.000000	0.000000	0.000000	0.000000	0.000000	0.000000	0.000000	1741983475.386835	0.000000
34.000000	-3633.365468	-2149.120229	-21553.697771	-11417.204013	-20098.465097	-187500.022352	-23295.479810	857.792897	-6751.187951	-14612.497641	-30026.998225	187500.000000	-17753.588289	-187500.022352	-18638.180928	-29347.549897	-0.016000	0.489000	0.075000	192.000000	0.000000	0.000000	0.000000	0.000000	0.000000	0.000000	0.000000	0.000000	0.000000	1741983475.387060	0.000000
36.000000	-3628.850416	-2142.593520	-21532.262448	-11407.123376	-20093.055975	-187500.022352	-23289.042507	868.946417	-6736.748724	-14602.461708	-30089.493703	187500.000000	-17746.279269	-187500.022352	-18627.765015	-29335.658769	-0.016000	0.489000	0.075000	192.000000	0.000000	0.000000	0.000000	0.000000	0.000000	0.000000	0.000000	0.000000	0.000000	1741983475.387265	0.000000
38.000000	-3623.508349	-2142.615872	-21547.416931	-11408.866812	-20087.311576	-187500.022352	-23284.415696	870.555743	-6743.878930	-14610.575391	-29990.207254	187500.000000	-17749.810845	-187500.022352	-18630.804852	-29338.653903	-0.016000	0.489000	0.075000	192.000000	0.000000	0.000000	0.000000	0.000000	0.000000	0.000000	0.000000	0.000000	0.000000	1741983475.387499	0.000000
40.000000	-3630.482093	-2146.348613	-21537.246887	-11409.894992	-20091.401946	-187500.022352	-23293.356394	865.124269	-6745.354145	-14614.688112	-30074.361572	187500.000000	-17746.614545	-187500.022352	-18628.480271	-29340.285580	-0.028000	0.731500	0.111500	192.000000	127.000000	96.000000	15.000000	56.000000	2.000000	80.000000	0.000000	0.000000	0.000000	1741983475.387724	0.000000
42.000000	-3625.698820	-2143.442886	-21549.339181	-11413.337161	-20091.558408	-187500.022352	-23287.611996	869.572266	-6746.270567	-14608.429624	-29980.439541	187500.000000	-17751.487225	-187500.022352	-18628.726140	-29338.139813	-0.028000	0.731500	0.111500	192.000000	0.000000	0.000000	0.000000	0.000000	0.000000	0.000000	0.000000	0.000000	0.000000	1741983475.387957	0.000000
44.000000	-3611.997200	-2126.008526	-21522.874716	-11402.831841	-20078.817913	-187500.022352	-23273.150417	873.975560	-6734.334735	-14593.677472	-30072.551080	187500.000000	-17739.059656	-187500.022352	-18624.009922	-29332.976560	-0.028000	0.731500	0.111500	192.000000	0.000000	0.000000	0.000000	0.000000	0.000000	0.000000	0.000000	0.000000	0.000000	1741983475.388166	0.000000
0.000000	-1782.864545	-1060.836144	-10769.472810	-5710.267211	-10027.841929	-93750.011176	-11629.232660	454.947407	-3366.195067	-7301.644361	-14996.008873	93749.988824	-8869.932159	-93750.011176	-9305.500603	-14667.415877	-0.038000	0.968000	0.142000	192.000000	127.000000	104.000000	15.000000	32.000000	2.000000	56.000000	0.000000	0.000000	0.000000	1741983475.552436	0.000000
2.000000	-3549.457020	-2101.868642	-21519.633713	-11407.525707	-20049.827701	-187500.022352	-23254.777283	910.341848	-6777.272436	-14637.509243	-29984.284041	187500.000000	-17711.142327	-187500.022352	-18594.080936	-29287.915443	-0.038000	0.968000	0.142000	192.000000	0.000000	0.000000	0.000000	0.000000	0.000000	0.000000	0.000000	0.000000	0.000000	1741983475.552709	0.000000
4.000000	-3530.033354	-2087.675284	-21529.066149	-11403.725911	-20044.150358	-187500.022352	-23253.100902	908.665467	-6761.112125	-14611.603571	-29900.956738	187500.000000	-17701.754594	-187500.022352	-18587.777744	-29279.399428	-0.038000	0.968000	0.142000	192.000000	0.000000	0.000000	0.000000	0.000000	0.000000	0.000000	0.000000	0.000000	0.000000	1741983475.552953	0.000000
6.000000	-3522.992554	-2077.661702	-21514.269294	-11407.548059	-20050.051218	-187500.022352	-23256.297202	913.292278	-6751.545578	-14607.334388	-29996.778667	187500.000000	-17696.837210	-187500.022352	-18591.644596	-29284.115646	-0.038000	0.968000	0.142000	192.000000	0.000000	0.000000	0.000000	0.000000	0.000000	0.000000	0.000000	0.000000	0.000000	1741983475.553170	0.000000
8.000000	-3506.720484	-2065.703519	-21526.406291	-11403.971780	-20050.677067	-187500.022352	-23248.585850	917.092075	-6749.466866	-14603.221667	-29905.717660	187500.000000	-17698.848867	-187500.022352	-18596.494925	-29293.726896	-0.044000	0.974000	0.140000	192.000000	127.000000	80.000000	15.000000	56.000000	2.000000	48.000000	0.000000	0.000000	0.000000	1741983475.553380	0.000000
10.000000	-3503.747702	-2062.484868	-21511.743547	-11401.736605	-20053.672201	-187500.022352	-23254.039675	913.359334	-6739.542692	-14597.007882	-29991.861283	187500.000000	-17689.952873	-187500.022352	-18593.700957	-29281.589899	-0.044000	0.974000	0.140000	192.000000	0.000000	0.000000	0.000000	0.000000	0.000000	0.000000	0.000000	0.000000	0.000000	1741983475.553615	0.000000
12.000000	-3494.136452	-2053.946501	-21523.165288	-11402.854193	-20050.855881	-187500.022352	-23245.501309	931.576005	-6744.638889	-14604.451013	-29878.403828	187500.000000	-17697.306597	-187500.022352	-18591.801058	-29281.969879	-0.044000	0.974000	0.140000	192.000000	0.000000	0.000000	0.000000	0.000000	0.000000	0.000000	0.000000	0.000000	0.000000	1741983475.553827	0.000000
14.000000	-3487.185059	-2040.758972	-21507.049681	-11398.473251	-20048.754817	-187500.022352	-23250.373989	936.135761	-6736.391096	-14588.380109	-29960.390027	187500.000000	-17692.948007	-187500.022352	-18590.862285	-29277.879510	-0.044000	0.974000	0.140000	192.000000	0.000000	0.000000	0.000000	0.000000	0.000000	0.000000	0.000000	0.000000	0.000000	1741983475.554058	0.000000
16.000000	-3475.606856	-2033.226434	-21518.136146	-11400.239038	-20041.512852	-187500.022352	-23232.067911	934.973471	-6735.631136	-14583.887408	-29849.927706	187500.000000	-17693.730318	-187500.022352	-18585.654329	-29287.379001	-0.044000	0.974000	0.140000	192.000000	0.000000	0.000000	0.000000	0.000000	0.000000	0.000000	0.000000	0.000000	0.000000	1741983475.612740	0.000000
18.000000	-3468.320187	-2025.939766	-21503.048718	-11393.868791	-20035.410826	-187500.022352	-23232.872573	930.078439	-6728.344468	-14584.625016	-29920.000424	187500.000000	-17690.042280	-187500.022352	-18586.280177	-29282.685135	-0.046000	0.974000	0.142000	192.000000	127.000000	72.000000	15.000000	56.000000	2.000000	56.000000	0.000000	0.000000	0.000000	1741983475.613011	0.000000
20.000000	-3457.703109	-2016.708495	-21501.305282	-11382.759974	-20021.284523	-187500.022352	-23226.949361	937.901549	-6723.717657	-14581.987510	-29839.377682	187500.000000	-17676.877102	-187500.022352	-18576.668927	-29277.432475	-0.046000	0.974000	0.142000	192.000000	0.000000	0.000000	0.000000	0.000000	0.000000	0.000000	0.000000	0.000000	0.000000	1741983475.613240	0.000000
22.000000	-3459.155972	-2012.729885	-21498.868942	-11384.905742	-20028.705302	-187500.022352	-23244.540184	924.758723	-6722.465959	-14566.765972	-29915.887703	187500.000000	-17679.380498	-187500.022352	-18580.245206	-29270.123454	-0.046000	0.974000	0.142000	192.000000	0.000000	0.000000	0.000000	0.000000	0.000000	0.000000	0.000000	0.000000	0.000000	1741983475.613445	0.000000
24.000000	-3452.718670	-2007.767797	-21499.897122	-11383.072899	-20021.731558	-187500.022352	-23230.212716	932.783000	-6717.548575	-14568.531760	-29852.922839	187500.000000	-17676.720640	-187500.022352	-18572.891482	-29274.839672	-0.046000	0.974000	0.142000	192.000000	0.000000	0.000000	0.000000	0.000000	0.000000	0.000000	0.000000	0.000000	0.000000	1741983475.613674	0.000000
26.000000	-3460.161800	-2014.026286	-21490.531741	-11385.330425	-20021.731558	-187500.022352	-23228.759852	941.097849	-6713.189985	-14563.949652	-29917.608788	187500.000000	-17672.071477	-187500.022352	-18564.956613	-29271.129283	-0.046000	0.974000	0.142000	192.000000	0.000000	0.000000	0.000000	0.000000	0.000000	0.000000	0.000000	0.000000	0.000000	1741983475.613915	0.000000
28.000000	-3471.404728	-2029.069010	-21504.903913	-11390.448974	-20034.762625	-187500.022352	-23225.898829	953.301901	-6725.639907	-14575.751373	-29863.562270	187500.000000	-17684.588454	-187500.022352	-18566.230663	-29281.813417	-0.040000	0.970000	0.144000	192.000000	127.000000	96.000000	15.000000	40.000000	2.000000	64.000000	0.000000	0.000000	0.000000	1741983475.614128	0.000000
30.000000	-3457.501943	-2010.338248	-21495.650291	-11380.703614	-20033.980314	-187500.022352	-23228.513983	950.195009	-6719.515529	-14563.904949	-29894.787657	187500.000000	-17682.889722	-187500.022352	-18574.456105	-29268.558832	-0.040000	0.970000	0.144000	192.000000	0.000000	0.000000	0.000000	0.000000	0.000000	0.000000	0.000000	0.000000	0.000000	1741983475.672984	0.000000
32.000000	-3470.912989	-2023.615184	-21507.809640	-11394.069957	-20047.793692	-187500.022352	-23255.671353	926.770380	-6724.254098	-14573.762068	-29882.225976	187500.000000	-17682.889722	-187500.022352	-18584.939073	-29276.337239	-0.040000	0.970000	0.144000	192.000000	0.000000	0.000000	0.000000	0.000000	0.000000	0.000000	0.000000	0.000000	0.000000	1741983475.673249	0.000000
34.000000	-3463.380452	-2017.423751	-21508.837820	-11392.795908	-20046.631401	-187500.022352	-23261.259289	912.532319	-6731.317250	-14576.533684	-29887.277471	187500.000000	-17691.025757	-187500.022352	-18602.060509	-29282.416914	-0.040000	0.970000	0.144000	192.000000	0.000000	0.000000	0.000000	0.000000	0.000000	0.000000	0.000000	0.000000	0.000000	1741983475.673462	0.000000
36.000000	-3461.905236	-2015.009763	-21495.247960	-11387.856172	-20040.372913	-187500.022352	-23249.994010	926.300994	-6717.280354	-14570.208141	-29894.988822	187500.000000	-17672.831437	-187500.022352	-18587.151895	-29277.231309	-0.040000	0.970000	0.144000	192.000000	0.000000	0.000000	0.000000	0.000000	0.000000	0.000000	0.000000	0.000000	0.000000	1741983475.673701	0.000000
38.000000	-3457.144315	-2014.473321	-21501.640558	-11389.040815	-20040.238802	-187500.022352	-23242.528527	933.118276	-6722.220090	-14564.955481	-29878.470883	187500.000000	-17683.515571	-187500.022352	-18587.755393	-29279.712353	-0.042000	0.976000	0.142000	192.000000	127.000000	88.000000	15.000000	64.000000	2.000000	56.000000	0.000000	0.000000	0.000000	1741983475.674014	0.000000
40.000000	-3465.548571	-2024.509254	-21497.684300	-11395.902800	-20047.614878	-187500.022352	-23249.301106	932.470075	-6720.320191	-14569.112905	-29896.642851	187500.000000	-17682.062707	-187500.022352	-18580.513427	-29281.031106	-0.042000	0.976000	0.142000	192.000000	0.000000	0.000000	0.000000	0.000000	0.000000	0.000000	0.000000	0.000000	0.000000	1741983475.674165	0.000000
42.000000	-3453.523332	-2012.863995	-21492.543398	-11380.345986	-20028.370026	-187500.022352	-23220.824983	944.182389	-6725.282279	-14572.778591	-29844.473880	187500.000000	-17683.940254	-187500.022352	-18578.322956	-29273.498568	-0.042000	0.976000	0.142000	192.000000	0.000000	0.000000	0.000000	0.000000	0.000000	0.000000	0.000000	0.000000	0.000000	1741983475.674310	0.000000
44.000000	-3444.716745	-2003.029228	-21479.691145	-11375.786230	-20031.745140	-187500.022352	-23231.754986	944.405907	-6713.681723	-14562.429734	-29894.877064	187500.000000	-17671.356222	-187500.022352	-18564.621337	-29265.518995	-0.042000	0.976000	0.142000	192.000000	0.000000	0.000000	0.000000	0.000000	0.000000	0.000000	0.000000	0.000000	0.000000	1741983475.674450	0.000000
46.000000	-3434.971384	-1991.205155	-21492.275178	-11374.445125	-20026.738349	-187500.022352	-23226.591733	945.925825	-6712.698247	-14552.438504	-29842.149298	187500.000000	-17672.563216	-187500.022352	-18568.801113	-29262.635620	-0.042000	0.976000	0.142000	192.000000	0.000000	0.000000	0.000000	0.000000	0.000000	0.000000	0.000000	0.000000	0.000000	1741983475.732268	0.000000
48.000000	-3454.082126	-2007.119597	-21492.409288	-11384.972797	-20035.746102	-187500.022352	-23236.448853	945.054107	-6713.055874	-14542.670791	-29905.807067	187500.000000	-17670.350393	-187500.022352	-18569.069334	-29264.669629	-0.036000	0.978000	0.138000	192.000000	127.000000	112.000000	15.000000	72.000000	2.000000	40.000000	0.000000	0.000000	0.000000	1741983475.732447	0.000000
50.000000	-3448.650652	-2009.153606	-21509.374262	-11387.811469	-20028.727654	-187500.022352	-23223.708358	951.379651	-6726.869253	-14570.856341	-29812.153257	187500.000000	-17687.181257	-187500.022352	-18586.682509	-29278.460655	-0.036000	0.978000	0.138000	192.000000	0.000000	0.000000	0.000000	0.000000	0.000000	0.000000	0.000000	0.000000	0.000000	1741983475.732599	0.000000
52.000000	-3444.135600	-2001.397550	-21484.049736	-11380.413041	-20018.736424	-187500.022352	-23220.556762	960.230942	-6708.362008	-14557.802922	-29904.577721	187500.000000	-17669.344565	-187500.022352	-18569.695183	-29261.048646	-0.036000	0.978000	0.138000	192.000000	0.000000	0.000000	0.000000	0.000000	0.000000	0.000000	0.000000	0.000000	0.000000	1741983475.732750	0.000000
54.000000	-3444.649690	-2000.145853	-21505.194486	-11385.956274	-20018.647017	-187500.022352	-23225.116518	954.844171	-6728.232709	-14568.151780	-29810.990967	187500.000000	-17681.526265	-187500.022352	-18579.641709	-29273.230347	-0.036000	0.978000	0.138000	192.000000	0.000000	0.000000	0.000000	0.000000	0.000000	0.000000	0.000000	0.000000	0.000000	1741983475.732916	0.000000
56.000000	-3447.153085	-2001.129329	-21487.737773	-11385.084556	-20023.519698	-187500.022352	-23231.151489	956.006462	-6719.426122	-14554.964251	-29904.488314	187500.000000	-17673.077306	-187500.022352	-18574.344346	-29261.853309	-0.040000	0.974000	0.140000	192.000000	127.000000	80.000000	15.000000	40.000000	2.000000	56.000000	0.000000	0.000000	0.000000	1741983475.733058	0.000000
58.000000	-3458.485420	-2014.898004	-21514.515163	-11402.720082	-20027.632419	-187500.022352	-23233.207850	943.310671	-6726.265755	-14573.002109	-29805.201865	187500.000000	-17684.834324	-187500.022352	-18577.808866	-29279.891167	-0.040000	0.974000	0.140000	192.000000	0.000000	0.000000	0.000000	0.000000	0.000000	0.000000	0.000000	0.000000	0.000000	1741983475.733224	0.000000
60.000000	-3442.883902	-1991.875707	-21490.911721	-11383.721099	-20019.697549	-187500.022352	-23228.983370	950.865561	-6719.470825	-14560.149856	-29886.137532	187500.000000	-17681.481562	-187500.022352	-18577.026555	-29273.587975	-0.040000	0.974000	0.140000	192.000000	0.000000	0.000000	0.000000	0.000000	0.000000	0.000000	0.000000	0.000000	0.000000	1741983475.792128	0.000000
62.000000	-3448.270672	-1996.927201	-21512.972893	-11392.080652	-20031.946305	-187500.022352	-23236.135928	934.995822	-6723.114159	-14562.630899	-29791.164969	187500.000000	-17686.108373	-187500.022352	-18575.417230	-29277.119550	-0.040000	0.974000	0.140000	192.000000	0.000000	0.000000	0.000000	0.000000	0.000000	0.000000	0.000000	0.000000	0.000000	1741983475.792309	0.000000
64.000000	-3433.071486	-1977.950570	-21489.302395	-11379.518971	-20026.648942	-187500.022352	-23236.359446	935.778133	-6711.044217	-14562.541492	-29888.842093	187500.000000	-17676.675937	-187500.022352	-18576.020727	-29269.966992	-0.040000	0.974000	0.140000	192.000000	0.000000	0.000000	0.000000	0.000000	0.000000	0.000000	0.000000	0.000000	0.000000	1741983475.792451	0.000000
66.000000	-3430.322222	-1976.698873	-21504.926265	-11380.949483	-20033.622686	-187500.022352	-23237.409978	931.486598	-6704.226935	-14565.290757	-29812.868513	187500.000000	-17675.826570	-187500.022352	-18573.137352	-29268.491777	-0.040000	0.974000	0.142000	192.000000	127.000000	96.000000	15.000000	56.000000	2.000000	64.000000	0.000000	0.000000	0.000000	1741983475.792590	0.000000
68.000000	-3423.527291	-1968.093451	-21489.727079	-11369.885370	-20027.587715	-187500.022352	-23235.733597	939.287357	-6695.822679	-14538.893347	-29896.464037	187500.000000	-17674.932501	-187500.022352	-18573.718497	-29259.662838	-0.040000	0.974000	0.142000	192.000000	0.000000	0.000000	0.000000	0.000000	0.000000	0.000000	0.000000	0.000000	0.000000	1741983475.792745	0.000000
70.000000	-3429.919890	-1973.748442	-21508.614303	-11378.535495	-20033.957962	-187500.022352	-23236.404149	937.521569	-6697.700226	-14553.913719	-29822.926798	187500.000000	-17675.983033	-187500.022352	-18568.242320	-29261.942716	-0.040000	0.974000	0.142000	192.000000	0.000000	0.000000	0.000000	0.000000	0.000000	0.000000	0.000000	0.000000	0.000000	1741983475.792896	0.000000
72.000000	-3427.125922	-1968.942817	-21496.030271	-11372.880503	-20031.879250	-187500.022352	-23229.653922	938.706212	-6698.616648	-14559.568710	-29889.378534	187500.000000	-17682.487390	-187500.022352	-18579.284081	-29261.942716	-0.040000	0.974000	0.142000	192.000000	0.000000	0.000000	0.000000	0.000000	0.000000	0.000000	0.000000	0.000000	0.000000	1741983475.793034	0.000000
74.000000	-3431.931547	-1975.514230	-21507.653178	-11379.451916	-20039.300029	-187500.022352	-23236.582963	933.162979	-6703.981066	-14571.996280	-29813.404955	187500.000000	-17689.818763	-187500.022352	-18574.053773	-29268.916460	-0.040000	0.974000	0.142000	192.000000	0.000000	0.000000	0.000000	0.000000	0.000000	0.000000	0.000000	0.000000	0.000000	1741983475.793177	0.000000
76.000000	-3420.241585	-1956.939931	-21496.544361	-11368.253692	-20037.377779	-187500.022352	-23237.879364	938.303880	-6699.130738	-14555.165417	-29855.470938	187500.000000	-17686.488353	-187500.022352	-18577.093610	-29255.907745	-0.038000	0.973000	0.142000	192.000000	127.000000	112.000000	15.000000	48.000000	2.000000	56.000000	0.000000	0.000000	0.000000	1741983475.852288	0.000000
78.000000	-3421.381524	-1956.492896	-21497.080803	-11369.013651	-20035.522584	-187500.022352	-23242.707341	930.681936	-6702.170575	-14563.681431	-29812.108554	187500.000000	-17688.432954	-187500.022352	-18574.590215	-29254.968972	-0.038000	0.973000	0.142000	192.000000	0.000000	0.000000	0.000000	0.000000	0.000000	0.000000	0.000000	0.000000	0.000000	1741983475.852477	0.000000
80.000000	-3417.492320	-1953.542465	-21492.319881	-11365.638538	-20032.102767	-187500.022352	-23234.504251	938.393287	-6700.874174	-14561.736829	-29842.864554	187500.000000	-17686.577760	-187500.022352	-18578.233549	-29245.782405	-0.038000	0.973000	0.142000	192.000000	0.000000	0.000000	0.000000	0.000000	0.000000	0.000000	0.000000	0.000000	0.000000	1741983475.852629	0.000000
82.000000	-3423.482588	-1961.924370	-21493.281006	-11370.131239	-20045.446759	-187500.022352	-23237.544088	933.878235	-6696.202659	-14560.283966	-29830.638150	187500.000000	-17686.153076	-187500.022352	-18570.499846	-29246.877640	-0.038000	0.973000	0.142000	192.000000	0.000000	0.000000	0.000000	0.000000	0.000000	0.000000	0.000000	0.000000	0.000000	1741983475.852776	0.000000
84.000000	-3410.719742	-1950.502628	-21489.838837	-11363.962157	-20029.554669	-187500.022352	-23225.340036	933.028869	-6704.897488	-14555.925376	-29819.395223	187500.000000	-17696.747803	-187500.022352	-18577.652404	-29251.571506	-0.038000	0.973000	0.142000	192.000000	0.000000	0.000000	0.000000	0.000000	0.000000	0.000000	0.000000	0.000000	0.000000	1741983475.852922	0.000000
86.000000	-3418.051114	-1954.861218	-21484.407363	-11365.236207	-20032.281581	-187500.022352	-23235.197155	928.424409	-6695.465052	-14554.316050	-29846.776110	187500.000000	-17678.374669	-187500.022352	-18561.715610	-29244.329541	-0.035000	0.975500	0.144000	192.000000	127.500000	0.000000	15.000000	72.000000	2.000000	72.000000	0.000000	0.000000	0.000000	1741983475.853057	0.000000
88.000000	-3418.386390	-1959.756250	-21494.331538	-11365.057393	-20034.181480	-187500.022352	-23231.732635	927.820912	-6708.898450	-14571.012803	-29824.022034	187500.000000	-17692.813896	-187500.022352	-18575.841913	-29251.325637	-0.035000	0.975500	0.144000	192.000000	0.000000	0.000000	0.000000	0.000000	0.000000	0.000000	0.000000	0.000000	0.000000	1741983475.853207	0.000000
90.000000	-3420.912137	-1958.973939	-21487.089573	-11361.257596	-20040.015285	-187500.022352	-23240.092187	930.547825	-6703.489328	-14561.513312	-29853.325171	187500.000000	-17687.941216	-187500.022352	-18568.309375	-29246.028274	-0.035000	0.975500	0.144000	192.000000	0.000000	0.000000	0.000000	0.000000	0.000000	0.000000	0.000000	0.000000	0.000000	1741983475.912671	0.000000
92.000000	-3399.789739	-1937.516265	-21482.976852	-11343.309145	-20023.184421	-187500.022352	-23222.523716	942.953043	-6696.582639	-14546.895271	-29813.337900	187500.000000	-17683.113239	-187500.022352	-18567.236491	-29236.260561	-0.035000	0.975500	0.144000	192.000000	0.000000	0.000000	0.000000	0.000000	0.000000	0.000000	0.000000	0.000000	0.000000	1741983475.912870	0.000000
94.000000	-3410.697390	-1949.675614	-21482.798038	-11358.038945	-20032.326285	-187500.022352	-23239.868669	926.010421	-6696.336770	-14553.086704	-29869.016095	187500.000000	-17679.514608	-187500.022352	-18560.978003	-29239.523916	-0.035000	0.975500	0.144000	192.000000	0.000000	0.000000	0.000000	0.000000	0.000000	0.000000	0.000000	0.000000	0.000000	1741983475.913014	0.000000
96.000000	-3399.163890	-1943.439477	-21485.882579	-11355.312032	-20020.546916	-187500.022352	-23221.674350	931.844226	-6691.866421	-14553.623146	-29821.138659	187500.000000	-17677.525303	-187500.022352	-18562.855549	-29239.926248	-0.037500	0.972750	0.143000	192.000000	127.000000	96.000000	15.000000	40.000000	2.000000	56.000000	0.000000	0.000000	0.000000	1741983475.913157	0.000000
98.000000	-3418.229928	-1961.253817	-21482.060430	-11369.237169	-20031.879250	-187500.022352	-23242.819100	919.841340	-6690.458261	-14551.455027	-29908.310462	187500.000000	-17673.814913	-187500.022352	-18557.960517	-29242.317884	-0.037500	0.972750	0.143000	192.000000	0.000000	0.000000	0.000000	0.000000	0.000000	0.000000	0.000000	0.000000	0.000000	1741983475.913300	0.000000
100.000000	-3413.379599	-1954.570646	-21499.338329	-11365.973814	-20027.744177	-187500.022352	-23229.072777	925.496331	-6706.149185	-14562.541492	-29819.372871	187500.000000	-17684.566103	-187500.022352	-18569.784590	-29256.444187	-0.037500	0.972750	0.143000	192.000000	0.000000	0.000000	0.000000	0.000000	0.000000	0.000000	0.000000	0.000000	0.000000	1741983475.913445	0.000000
102.000000	-3419.034591	-1961.879666	-21485.077916	-11364.722117	-20035.924916	-187500.022352	-23237.700550	932.358316	-6686.814926	-14552.974946	-29908.221055	187500.000000	-17675.491294	-187500.022352	-18560.933299	-29239.613323	-0.037500	0.972750	0.143000	192.000000	0.000000	0.000000	0.000000	0.000000	0.000000	0.000000	0.000000	0.000000	0.000000	1741983475.913592	0.000000
104.000000	-3414.810111	-1964.450117	-21502.087593	-11370.287701	-20045.625573	-187500.022352	-23239.756911	923.059991	-6705.053950	-14572.264501	-29818.344691	187500.000000	-17690.243446	-187500.022352	-18578.948805	-29257.606477	-0.037500	0.972750	0.143000	192.000000	0.000000	0.000000	0.000000	0.000000	0.000000	0.000000	0.000000	0.000000	0.000000	1741983475.913735	0.000000
106.000000	-3421.470931	-1968.339320	-21487.648366	-11370.332404	-20052.219337	-187500.022352	-23254.643173	922.098866	-6693.252229	-14561.803885	-29907.550503	187500.000000	-17685.057841	-187500.022352	-18577.875921	-29255.304248	-0.039750	0.968375	0.139500	192.000000	127.000000	88.000000	15.000000	16.000000	2.000000	32.000000	0.000000	0.000000	0.000000	1741983475.973087	0.000000
108.000000	-3411.055018	-1962.930198	-21493.638634	-11363.269253	-20030.918125	-187500.022352	-23231.173841	931.643061	-6700.941229	-14560.552187	-29794.450676	187500.000000	-17686.845981	-187500.022352	-18574.523160	-29254.834861	-0.039750	0.968375	0.139500	192.000000	0.000000	0.000000	0.000000	0.000000	0.000000	0.000000	0.000000	0.000000	0.000000	1741983475.973245	0.000000
110.000000	-3412.597288	-1959.890361	-21475.421962	-11362.911625	-20024.793747	-187500.022352	-23233.967809	929.720811	-6690.279447	-14544.704800	-29904.845942	187500.000000	-17667.310556	-187500.022352	-18563.369639	-29239.099233	-0.039750	0.968375	0.139500	192.000000	0.000000	0.000000	0.000000	0.000000	0.000000	0.000000	0.000000	0.000000	0.000000	1741983475.973406	0.000000
112.000000	-3417.224099	-1966.305311	-21492.453991	-11366.666718	-20026.268962	-187500.022352	-23231.196193	929.564348	-6705.791558	-14562.876768	-29814.947225	187500.000000	-17678.240559	-187500.022352	-18568.287023	-29261.741550	-0.039750	0.968375	0.139500	192.000000	0.000000	0.000000	0.000000	0.000000	0.000000	0.000000	0.000000	0.000000	0.000000	1741983475.973556	0.000000
114.000000	-3400.370884	-1949.385041	-21467.174168	-11347.444218	-20011.941494	-187500.022352	-23211.370195	951.871389	-6695.330941	-14543.788379	-29908.668090	187500.000000	-17669.031640	-187500.022352	-18561.916776	-29241.602628	-0.039750	0.968375	0.139500	192.000000	0.000000	0.000000	0.000000	0.000000	0.000000	0.000000	0.000000	0.000000	0.000000	1741983475.973704	0.000000
116.000000	-3414.720704	-1967.378195	-21493.683337	-11366.040869	-20025.888983	-187500.022352	-23234.928934	938.192122	-6692.559325	-14554.561920	-29836.561362	187500.000000	-17665.857692	-187500.022352	-18554.808921	-29244.575410	-0.040875	0.968187	0.138750	192.000000	127.000000	88.000000	15.000000	32.000000	2.000000	40.000000	0.000000	0.000000	0.000000	1741983475.973844	0.000000
118.000000	-3417.425265	-1970.663902	-21485.413192	-11367.136105	-20025.732520	-187500.022352	-23227.128175	941.410773	-6703.914011	-14557.579405	-29913.361956	187500.000000	-17673.747858	-187500.022352	-18572.757372	-29251.258582	-0.040875	0.968187	0.138750	192.000000	0.000000	0.000000	0.000000	0.000000	0.000000	0.000000	0.000000	0.000000	0.000000	1741983475.974001	0.000000
120.000000	-3426.298908	-1981.549201	-21498.734832	-11375.428602	-20027.654770	-187500.022352	-23227.977541	939.220302	-6709.099616	-14566.430696	-29832.091013	187500.000000	-17678.464076	-187500.022352	-18565.470703	-29256.220669	-0.040875	0.968187	0.138750	192.000000	0.000000	0.000000	0.000000	0.000000	0.000000	0.000000	0.000000	0.000000	0.000000	1741983476.033150	0.000000
122.000000	-3423.884919	-1977.727053	-21490.218817	-11375.048622	-20026.537183	-187500.022352	-23225.876477	936.493389	-6708.652581	-14558.451123	-29897.022831	187500.000000	-17677.435896	-187500.022352	-18568.868168	-29250.543326	-0.040875	0.968187	0.138750	192.000000	0.000000	0.000000	0.000000	0.000000	0.000000	0.000000	0.000000	0.000000	0.000000	1741983476.033332	0.000000
124.000000	-3433.853797	-1985.930143	-21500.098288	-11382.469402	-20034.650866	-187500.022352	-23238.393454	930.369011	-6703.265810	-14571.057507	-29847.491365	187500.000000	-17678.329966	-187500.022352	-18567.057677	-29257.628829	-0.040875	0.968187	0.138750	192.000000	0.000000	0.000000	0.000000	0.000000	0.000000	0.000000	0.000000	0.000000	0.000000	1741983476.033482	0.000000
126.000000	-3436.223082	-1986.712454	-21502.825201	-11387.610303	-20035.164956	-187500.022352	-23237.588792	931.620709	-6724.790540	-14582.702766	-29872.324153	187500.000000	-17692.210399	-187500.022352	-18582.972119	-29266.860100	-0.042438	0.972094	0.139375	192.000000	127.000000	80.000000	15.000000	64.000000	2.000000	48.000000	0.000000	0.000000	0.000000	1741983476.033627	0.000000
128.000000	-3439.128809	-1991.182803	-21506.245018	-11394.181716	-20043.368047	-187500.022352	-23253.190309	919.617822	-6717.861500	-14576.757202	-29832.985083	187500.000000	-17686.466001	-187500.022352	-18576.803038	-29272.448036	-0.042438	0.972094	0.139375	192.000000	0.000000	0.000000	0.000000	0.000000	0.000000	0.000000	0.000000	0.000000	0.000000	1741983476.033780	0.000000
130.000000	-3435.977213	-1989.908754	-21509.530724	-11395.254599	-20038.920050	-187500.022352	-23251.133949	915.683915	-6721.862462	-14576.690147	-29847.871345	187500.000000	-17693.104469	-187500.022352	-18584.872017	-29268.849405	-0.042438	0.972094	0.139375	192.000000	0.000000	0.000000	0.000000	0.000000	0.000000	0.000000	0.000000	0.000000	0.000000	1741983476.033919	0.000000
132.000000	-3421.828559	-1976.073024	-21498.801887	-11379.071936	-20027.297142	-187500.022352	-23232.961980	925.608090	-6715.291049	-14571.973928	-29841.858726	187500.000000	-17680.051050	-187500.022352	-18582.882712	-29273.029181	-0.042438	0.972094	0.139375	192.000000	0.000000	0.000000	0.000000	0.000000	0.000000	0.000000	0.000000	0.000000	0.000000	1741983476.034055	0.000000
134.000000	-3413.983096	-1964.919503	-21489.235340	-11366.890236	-20019.451680	-187500.022352	-23218.589809	938.192122	-6707.266773	-14564.106114	-29865.752741	187500.000000	-17671.780905	-187500.022352	-18564.576634	-29246.542364	-0.042438	0.972094	0.139375	192.000000	0.000000	0.000000	0.000000	0.000000	0.000000	0.000000	0.000000	0.000000	0.000000	1741983476.034205	0.000000
136.000000	-3420.889785	-1967.244085	-21489.972948	-11374.020442	-20030.538145	-187500.022352	-23229.385701	940.315537	-6705.366874	-14555.120713	-29872.927651	187500.000000	-17678.866408	-187500.022352	-18562.967308	-29256.555945	-0.043219	0.971047	0.142688	192.000000	127.000000	80.000000	15.000000	40.000000	2.000000	72.000000	0.000000	0.000000	0.000000	1741983476.092444	0.000000
138.000000	-3423.326126	-1971.893248	-21503.965140	-11376.032099	-20030.672256	-187500.022352	-23226.770547	940.270834	-6711.357142	-14561.379202	-29851.872307	187500.000000	-17688.410603	-187500.022352	-18571.751543	-29255.170137	-0.043219	0.971047	0.142688	192.000000	0.000000	0.000000	0.000000	0.000000	0.000000	0.000000	0.000000	0.000000	0.000000	1741983476.092637	0.000000
140.000000	-3426.209501	-1976.765928	-21495.627939	-11373.372242	-20025.844279	-187500.022352	-23225.541201	938.080363	-6717.213299	-14570.118734	-29891.077267	187500.000000	-17690.377556	-187500.022352	-18567.080029	-29255.885393	-0.043219	0.971047	0.142688	192.000000	0.000000	0.000000	0.000000	0.000000	0.000000	0.000000	0.000000	0.000000	0.000000	1741983476.092788	0.000000
142.000000	-3420.219233	-1969.456907	-21501.081765	-11367.247864	-20027.319494	-187500.022352	-23223.864820	941.924863	-6712.877061	-14567.436524	-29855.582697	187500.000000	-17687.449478	-187500.022352	-18565.604814	-29253.002018	-0.043219	0.971047	0.142688	192.000000	0.000000	0.000000	0.000000	0.000000	0.000000	0.000000	0.000000	0.000000	0.000000	1741983476.092929	0.000000
144.000000	-3428.176454	-1973.480221	-21497.907817	-11377.596721	-20039.881175	-187500.022352	-23237.901716	933.006517	-6709.390188	-14558.071143	-29908.958663	187500.000000	-17684.856675	-187500.022352	-18567.460009	-29257.628829	-0.043219	0.971047	0.142688	192.000000	0.000000	0.000000	0.000000	0.000000	0.000000	0.000000	0.000000	0.000000	0.000000	1741983476.093080	0.000000
146.000000	-3417.537024	-1966.551181	-21508.569599	-11380.167172	-20037.735407	-187500.022352	-23240.159242	929.184369	-6709.256078	-14554.181940	-29841.165822	187500.000000	-17687.762402	-187500.022352	-18579.261730	-29263.864966	-0.044609	0.966523	0.145344	192.000000	127.000000	72.000000	15.000000	8.000000	2.000000	80.000000	0.000000	0.000000	0.000000	1741983476.093221	0.000000
148.000000	-3429.338745	-1979.179916	-21494.264483	-11378.513143	-20040.417616	-187500.022352	-23245.568364	927.105657	-6704.383398	-14561.960347	-29928.762308	187500.000000	-17679.738126	-187500.022352	-18578.077087	-29259.908707	-0.044609	0.966523	0.145344	192.000000	0.000000	0.000000	0.000000	0.000000	0.000000	0.000000	0.000000	0.000000	0.000000	1741983476.093368	0.000000
150.000000	-3434.166722	-1986.131309	-21512.391748	-11383.542285	-20037.780111	-187500.022352	-23237.521736	934.995822	-6722.533014	-14584.200333	-29834.862630	187500.000000	-17693.998539	-187500.022352	-18585.989605	-29264.669629	-0.044609	0.966523	0.145344	192.000000	0.000000	0.000000	0.000000	0.000000	0.000000	0.000000	0.000000	0.000000	0.000000	1741983476.153721	0.000000
152.000000	-3440.536969	-1987.181841	-21497.483134	-11384.816335	-20038.383608	-187500.022352	-23241.075664	932.537130	-6717.794444	-14572.555074	-29927.734128	187500.000000	-17687.851809	-187500.022352	-18578.859398	-29255.237193	-0.044609	0.966523	0.145344	192.000000	0.000000	0.000000	0.000000	0.000000	0.000000	0.000000	0.000000	0.000000	0.000000	1741983476.153884	0.000000
154.000000	-3449.969405	-1999.005914	-21523.746434	-11394.248771	-20041.959887	-187500.022352	-23235.107748	921.651831	-6735.541729	-14577.830085	-29819.082298	187500.000000	-17704.459155	-187500.022352	-18584.022651	-29276.605460	-0.044609	0.966523	0.145344	192.000000	0.000000	0.000000	0.000000	0.000000	0.000000	0.000000	0.000000	0.000000	0.000000	1741983476.154039	0.000000
156.000000	-3445.052021	-1993.507384	-21505.999149	-11385.062204	-20036.237840	-187500.022352	-23234.705417	934.727601	-6738.425104	-14589.117716	-29896.933424	187500.000000	-17701.642835	-187500.022352	-18584.939073	-29269.743475	-0.045305	0.965262	0.143672	192.000000	127.000000	72.000000	15.000000	16.000000	2.000000	56.000000	0.000000	0.000000	0.000000	1741983476.154187	0.000000
158.000000	-3440.916948	-1992.054521	-21513.688149	-11381.821201	-20039.948230	-187500.022352	-23234.683065	937.275700	-6732.770113	-14572.286853	-29813.539066	187500.000000	-17696.501934	-187500.022352	-18578.881750	-29259.528727	-0.045305	0.965262	0.143672	192.000000	0.000000	0.000000	0.000000	0.000000	0.000000	0.000000	0.000000	0.000000	0.000000	1741983476.154338	0.000000
160.000000	-3448.024803	-1996.279001	-21506.557942	-11390.627788	-20045.446759	-187500.022352	-23239.935725	929.027907	-6732.367782	-14573.449144	-29894.519436	187500.000000	-17697.507763	-187500.022352	-18585.609625	-29267.910632	-0.045305	0.965262	0.143672	192.000000	0.000000	0.000000	0.000000	0.000000	0.000000	0.000000	0.000000	0.000000	0.000000	1741983476.154483	0.000000
162.000000	-3432.937376	-1983.449099	-21506.222666	-11379.340157	-20030.627552	-187500.022352	-23223.730710	941.522532	-6730.713753	-14573.337385	-29792.193150	187500.000000	-17692.031585	-187500.022352	-18578.166494	-29265.496643	-0.045305	0.965262	0.143672	192.000000	0.000000	0.000000	0.000000	0.000000	0.000000	0.000000	0.000000	0.000000	0.000000	1741983476.154624	0.000000
164.000000	-3435.440771	-1987.271248	-21496.901989	-11382.558809	-20040.708189	-187500.022352	-23244.070797	935.331098	-6722.510662	-14580.646405	-29891.054915	187500.000000	-17688.321196	-187500.022352	-18577.942977	-29260.489852	-0.045305	0.965262	0.143672	192.000000	0.000000	0.000000	0.000000	0.000000	0.000000	0.000000	0.000000	0.000000	0.000000	1741983476.154772	0.000000
166.000000	-3433.920852	-1988.947629	-21507.921399	-11389.107870	-20036.215488	-187500.022352	-23235.174803	926.725677	-6713.905241	-14580.847571	-29806.028879	187500.000000	-17688.500010	-187500.022352	-18573.338517	-29267.061265	-0.046652	0.966631	0.143836	192.000000	127.000000	64.000000	15.000000	32.000000	2.000000	64.000000	0.000000	0.000000	0.000000	1741983476.212745	0.000000
168.000000	-3430.143408	-1982.085643	-21495.270311	-11379.563675	-20035.947268	-187500.022352	-23231.978504	938.750915	-6713.838186	-14576.623091	-29885.914014	187500.000000	-17686.242483	-187500.022352	-18578.434715	-29267.374190	-0.046652	0.966631	0.143836	192.000000	0.000000	0.000000	0.000000	0.000000	0.000000	0.000000	0.000000	0.000000	0.000000	1741983476.212944	0.000000
170.000000	-3422.767332	-1975.804803	-21497.617244	-11373.372242	-20028.079453	-187500.022352	-23224.468318	942.997747	-6708.071435	-14569.001146	-29818.367042	187500.000000	-17683.157943	-187500.022352	-18566.632994	-29256.757111	-0.046652	0.966631	0.143836	192.000000	0.000000	0.000000	0.000000	0.000000	0.000000	0.000000	0.000000	0.000000	0.000000	1741983476.213085	0.000000
172.000000	-3427.550605	-1979.269323	-21494.108021	-11375.182733	-20029.979352	-187500.022352	-23228.134004	942.796581	-6709.434892	-14566.140123	-29888.462113	187500.000000	-17684.566103	-187500.022352	-18568.510541	-29251.951486	-0.046652	0.966631	0.143836	192.000000	0.000000	0.000000	0.000000	0.000000	0.000000	0.000000	0.000000	0.000000	0.000000	1741983476.213229	0.000000
174.000000	-3428.399972	-1978.732881	-21497.974872	-11379.988358	-20032.169823	-187500.022352	-23235.599486	940.047317	-6715.223994	-14569.917568	-29839.265923	187500.000000	-17682.755611	-187500.022352	-18564.084895	-29261.875661	-0.046652	0.966631	0.143836	192.000000	0.000000	0.000000	0.000000	0.000000	0.000000	0.000000	0.000000	0.000000	0.000000	1741983476.213363	0.000000
176.000000	-3413.446654	-1963.936027	-21484.608529	-11365.280910	-20017.685892	-187500.022352	-23219.461527	947.535151	-6709.926630	-14548.124617	-29868.971392	187500.000000	-17679.983995	-187500.022352	-18567.795285	-29257.964105	-0.044326	0.968315	0.141918	192.000000	127.000000	88.000000	15.000000	40.000000	2.000000	48.000000	0.000000	0.000000	0.000000	1741983476.213508	0.000000
178.000000	-3424.197844	-1978.688178	-21498.086631	-11378.490791	-20042.049294	-187500.022352	-23245.747178	938.952081	-6703.869308	-14560.574539	-29855.269772	187500.000000	-17676.050088	-187500.022352	-18566.632994	-29255.661876	-0.044326	0.968315	0.141918	192.000000	0.000000	0.000000	0.000000	0.000000	0.000000	0.000000	0.000000	0.000000	0.000000	1741983476.213665	0.000000
180.000000	-3417.671134	-1976.251838	-21496.790230	-11374.579236	-20035.477881	-187500.022352	-23231.754986	948.026889	-6705.836261	-14571.012803	-29862.064703	187500.000000	-17681.190989	-187500.022352	-18580.714593	-29258.478195	-0.044326	0.968315	0.141918	192.000000	0.000000	0.000000	0.000000	0.000000	0.000000	0.000000	0.000000	0.000000	0.000000	1741983476.272961	0.000000
182.000000	-3439.575844	-1998.111844	-21502.422869	-11384.101079	-20038.271849	-187500.022352	-23239.891021	936.851017	-6719.269659	-14568.464705	-29864.322229	187500.000000	-17684.968434	-187500.022352	-18576.199541	-29267.530652	-0.044326	0.968315	0.141918	192.000000	0.000000	0.000000	0.000000	0.000000	0.000000	0.000000	0.000000	0.000000	0.000000	1741983476.273139	0.000000
184.000000	-3434.054963	-1996.167242	-21504.769803	-11378.267274	-20023.452642	-187500.022352	-23222.635475	947.401040	-6727.830378	-14578.031251	-29846.150261	187500.000000	-17693.350338	-187500.022352	-18581.809828	-29266.569527	-0.044326	0.968315	0.141918	192.000000	0.000000	0.000000	0.000000	0.000000	0.000000	0.000000	0.000000	0.000000	0.000000	1741983476.273274	0.000000
186.000000	-3436.893634	-2001.062274	-21496.767878	-11382.514105	-20026.470128	-187500.022352	-23236.202983	945.545846	-6710.083092	-14580.624054	-29884.304688	187500.000000	-17677.145323	-187500.022352	-18568.108209	-29255.818338	-0.041163	0.970158	0.141959	192.000000	127.000000	104.000000	15.000000	48.000000	2.000000	56.000000	0.000000	0.000000	0.000000	1741983476.273415	0.000000
188.000000	-3431.082181	-1997.798919	-21504.590989	-11383.363471	-20020.390453	-187500.022352	-23223.104861	946.484619	-6722.533014	-14592.917513	-29832.426290	187500.000000	-17689.595245	-187500.022352	-18583.262692	-29271.129283	-0.041163	0.970158	0.141959	192.000000	0.000000	0.000000	0.000000	0.000000	0.000000	0.000000	0.000000	0.000000	0.000000	1741983476.273569	0.000000
190.000000	-3443.688565	-2002.761007	-21494.555055	-11384.950445	-20034.896736	-187500.022352	-23234.101919	946.663433	-6711.982991	-14562.586196	-29897.760439	187500.000000	-17675.580701	-187500.022352	-18567.951747	-29264.133187	-0.041163	0.970158	0.141959	192.000000	0.000000	0.000000	0.000000	0.000000	0.000000	0.000000	0.000000	0.000000	0.000000	1741983476.273718	0.000000
192.000000	-3430.478684	-1991.294562	-21504.926265	-11374.132201	-20026.201907	-187500.022352	-23222.680178	954.218323	-6726.891604	-14574.678490	-29813.159086	187500.000000	-17694.870257	-187500.022352	-18584.380279	-29274.236175	-0.041163	0.970158	0.141959	192.000000	0.000000	0.000000	0.000000	0.000000	0.000000	0.000000	0.000000	0.000000	0.000000	1741983476.273857	0.000000
194.000000	-3434.591405	-2001.174033	-21486.374317	-11373.998091	-20020.904544	-187500.022352	-23221.696701	960.096831	-6703.042293	-14571.124562	-29903.661299	187500.000000	-17665.455361	-187500.022352	-18561.737962	-29250.386864	-0.041163	0.970158	0.141959	192.000000	0.000000	0.000000	0.000000	0.000000	0.000000	0.000000	0.000000	0.000000	0.000000	1741983476.273993	0.000000
196.000000	-3444.359117	-2015.412094	-21516.750338	-11390.359567	-20035.544936	-187500.022352	-23241.790920	937.163942	-6720.901337	-14593.006920	-29822.569170	187500.000000	-17687.538885	-187500.022352	-18581.318090	-29271.218690	-0.039582	0.973079	0.144979	192.000000	127.000000	104.000000	15.000000	64.000000	2.000000	80.000000	0.000000	0.000000	0.000000	1741983476.333376	0.000000
198.000000	-3439.307623	-2003.498614	-21495.717346	-11383.832858	-20029.040578	-187500.022352	-23229.184536	941.343718	-6717.101540	-14583.216856	-29888.931500	187500.000000	-17686.935387	-187500.022352	-18583.821485	-29274.683210	-0.039582	0.973079	0.144979	192.000000	0.000000	0.000000	0.000000	0.000000	0.000000	0.000000	0.000000	0.000000	0.000000	1741983476.333569	0.000000
200.000000	-3436.066620	-1996.033132	-21506.736756	-11380.033062	-20023.944381	-187500.022352	-23219.059195	954.464192	-6716.699209	-14571.459838	-29814.366080	187500.000000	-17680.431030	-187500.022352	-18573.785552	-29267.307135	-0.039582	0.973079	0.144979	192.000000	0.000000	0.000000	0.000000	0.000000	0.000000	0.000000	0.000000	0.000000	0.000000	1741983476.333721	0.000000
202.000000	-3434.166722	-1992.702722	-21492.275178	-11376.792059	-20028.817061	-187500.022352	-23227.061120	955.268855	-6717.347409	-14569.694051	-29891.971337	187500.000000	-17680.788658	-187500.022352	-18570.186921	-29261.853309	-0.039582	0.973079	0.144979	192.000000	0.000000	0.000000	0.000000	0.000000	0.000000	0.000000	0.000000	0.000000	0.000000	1741983476.333861	0.000000
204.000000	-3431.998602	-1993.596791	-21507.072032	-11375.897989	-20029.845241	-187500.022352	-23231.419710	942.058974	-6720.543709	-14567.101248	-29791.947280	187500.000000	-17683.314405	-187500.022352	-18572.355041	-29263.797911	-0.039582	0.973079	0.144979	192.000000	0.000000	0.000000	0.000000	0.000000	0.000000	0.000000	0.000000	0.000000	0.000000	1741983476.334011	0.000000
206.000000	-3430.054001	-1986.466585	-21488.944768	-11373.305186	-20027.654770	-187500.022352	-23232.716111	937.543921	-6719.180252	-14563.524969	-29886.249290	187500.000000	-17680.118105	-187500.022352	-18575.774857	-29266.144844	-0.040791	0.972539	0.145490	192.000000	127.000000	88.000000	15.000000	48.000000	2.000000	72.000000	0.000000	0.000000	0.000000	1741983476.334144	0.000000
208.000000	-3426.678887	-1985.863088	-21498.846590	-11375.987396	-20025.441948	-187500.022352	-23223.283675	958.286340	-6719.001438	-14565.894254	-29796.529388	187500.000000	-17675.200722	-187500.022352	-18568.130561	-29261.003943	-0.040791	0.972539	0.145490	192.000000	0.000000	0.000000	0.000000	0.000000	0.000000	0.000000	0.000000	0.000000	0.000000	1741983476.334298	0.000000
210.000000	-3428.645841	-1988.902925	-21484.653233	-11375.830934	-20015.987160	-187500.022352	-23217.740442	962.555523	-6712.273563	-14559.300489	-29892.597186	187500.000000	-17669.545730	-187500.022352	-18566.007145	-29257.651181	-0.040791	0.972539	0.145490	192.000000	0.000000	0.000000	0.000000	0.000000	0.000000	0.000000	0.000000	0.000000	0.000000	1741983476.392994	0.000000
212.000000	-3432.959727	-1995.340228	-21503.540457	-11380.301282	-20029.353503	-187500.022352	-23230.927972	953.413660	-6719.448473	-14572.845646	-29811.750926	187500.000000	-17669.992765	-187500.022352	-18564.733096	-29258.366437	-0.040791	0.972539	0.145490	192.000000	0.000000	0.000000	0.000000	0.000000	0.000000	0.000000	0.000000	0.000000	0.000000	1741983476.393174	0.000000
214.000000	-3435.664288	-1993.887364	-21495.627939	-11380.413041	-20029.554669	-187500.022352	-23230.145661	948.652738	-6726.109293	-14579.729984	-29882.427142	187500.000000	-17682.934425	-187500.022352	-18583.262692	-29265.071960	-0.040791	0.972539	0.145490	192.000000	0.000000	0.000000	0.000000	0.000000	0.000000	0.000000	0.000000	0.000000	0.000000	1741983476.393310	0.000000
216.000000	-3435.038440	-1992.434501	-21498.824239	-11378.937826	-20029.621724	-187500.022352	-23227.038768	958.465154	-6714.955773	-14556.372411	-29814.008452	187500.000000	-17672.294995	-187500.022352	-18574.254939	-29260.847480	-0.044395	0.974270	0.147745	192.000000	127.000000	64.000000	15.000000	64.000000	2.000000	88.000000	0.000000	0.000000	0.000000	1741983476.393446	0.000000
218.000000	-3452.696318	-2012.126388	-21506.647349	-11395.858097	-20035.991971	-187500.022352	-23237.611143	942.885988	-6726.355162	-14573.046812	-29870.200738	187500.000000	-17679.402850	-187500.022352	-18582.301567	-29268.894108	-0.044395	0.974270	0.147745	192.000000	0.000000	0.000000	0.000000	0.000000	0.000000	0.000000	0.000000	0.000000	0.000000	1741983476.393601	0.000000
220.000000	-3443.688565	-2005.264402	-21512.123527	-11389.353739	-20027.319494	-187500.022352	-23227.686969	949.837381	-6730.713753	-14577.718327	-29794.696545	187500.000000	-17680.185161	-187500.022352	-18581.988642	-29276.560757	-0.044395	0.974270	0.147745	192.000000	0.000000	0.000000	0.000000	0.000000	0.000000	0.000000	0.000000	0.000000	0.000000	1741983476.393748	0.000000
222.000000	-3452.673966	-2010.897042	-21509.776593	-11390.583085	-20042.608087	-187500.022352	-23241.925030	942.841285	-6731.585471	-14573.449144	-29846.753758	187500.000000	-17684.208475	-187500.022352	-18584.559093	-29266.055437	-0.044395	0.974270	0.147745	192.000000	0.000000	0.000000	0.000000	0.000000	0.000000	0.000000	0.000000	0.000000	0.000000	1741983476.393893	0.000000
224.000000	-3437.854759	-1998.000085	-21500.232399	-11383.117602	-20031.208698	-187500.022352	-23233.699588	948.742145	-6728.500930	-14580.266426	-29795.277690	187500.000000	-17687.516533	-187500.022352	-18583.262692	-29273.364457	-0.044395	0.974270	0.147745	192.000000	0.000000	0.000000	0.000000	0.000000	0.000000	0.000000	0.000000	0.000000	0.000000	1741983476.394034	0.000000
226.000000	-3435.194902	-1997.061312	-21497.349024	-11386.291550	-20026.917163	-187500.022352	-23229.162184	949.278587	-6721.326020	-14572.912702	-29832.940380	187500.000000	-17679.447553	-187500.022352	-18577.004203	-29268.916460	-0.045198	0.974135	0.145872	192.000000	127.000000	72.000000	15.000000	56.000000	2.000000	64.000000	0.000000	0.000000	0.000000	1741983476.453181	0.000000
228.000000	-3439.955823	-1999.832928	-21494.778573	-11384.190486	-20023.452642	-187500.022352	-23225.787070	954.084212	-6723.337677	-14576.109001	-29815.148391	187500.000000	-17679.112277	-187500.022352	-18567.281195	-29274.884376	-0.045198	0.974135	0.145872	192.000000	0.000000	0.000000	0.000000	0.000000	0.000000	0.000000	0.000000	0.000000	0.000000	1741983476.453353	0.000000
230.000000	-3437.921815	-1997.284829	-21506.580294	-11392.013597	-20027.543012	-187500.022352	-23229.251591	949.032718	-6728.612689	-14589.430641	-29806.028879	187500.000000	-17688.947044	-187500.022352	-18582.860360	-29279.064152	-0.045198	0.974135	0.145872	192.000000	0.000000	0.000000	0.000000	0.000000	0.000000	0.000000	0.000000	0.000000	0.000000	1741983476.453510	0.000000
232.000000	-3430.702201	-1988.031207	-21491.716384	-11381.910608	-20027.006570	-187500.022352	-23233.766643	951.960796	-6709.658409	-14562.608548	-29820.535162	187500.000000	-17673.859617	-187500.022352	-18572.064468	-29265.988382	-0.045198	0.974135	0.145872	192.000000	0.000000	0.000000	0.000000	0.000000	0.000000	0.000000	0.000000	0.000000	0.000000	1741983476.453654	0.000000
234.000000	-3428.243509	-1988.858222	-21500.768840	-11384.503410	-20022.133889	-187500.022352	-23228.245762	949.435049	-6712.519433	-14591.844629	-29793.266033	187500.000000	-17680.252216	-187500.022352	-18576.087782	-29265.362533	-0.045198	0.974135	0.145872	192.000000	0.000000	0.000000	0.000000	0.000000	0.000000	0.000000	0.000000	0.000000	0.000000	1741983476.453799	0.000000
236.000000	-3430.992774	-1985.572515	-21499.025404	-11385.285721	-20028.392378	-187500.022352	-23230.592696	942.304843	-6716.676857	-14570.722231	-29824.625531	187500.000000	-17677.547655	-187500.022352	-18570.723363	-29270.682248	-0.043599	0.973067	0.146936	192.000000	127.000000	88.000000	15.000000	48.000000	2.000000	80.000000	0.000000	0.000000	0.000000	1741983476.453937	0.000000
238.000000	-3412.351419	-1962.147887	-21495.963215	-11367.471381	-20017.797651	-187500.022352	-23218.187477	955.581779	-6708.116139	-14564.240225	-29794.473028	187500.000000	-17675.848922	-187500.022352	-18571.416267	-29256.667704	-0.043599	0.973067	0.146936	192.000000	0.000000	0.000000	0.000000	0.000000	0.000000	0.000000	0.000000	0.000000	0.000000	1741983476.454080	0.000000
240.000000	-3407.970477	-1957.990463	-21479.713497	-11364.453896	-20015.964808	-187500.022352	-23217.829849	961.504991	-6694.861554	-14563.837893	-29868.502005	187500.000000	-17666.908224	-187500.022352	-18560.352154	-29247.011751	-0.043599	0.973067	0.146936	192.000000	0.000000	0.000000	0.000000	0.000000	0.000000	0.000000	0.000000	0.000000	0.000000	1741983476.513426	0.000000
242.000000	-3412.217309	-1966.081794	-21499.360681	-11372.925207	-20023.676160	-187500.022352	-23228.938666	944.294148	-6701.634133	-14571.929225	-29812.935568	187500.000000	-17676.094791	-187500.022352	-18561.827369	-29252.487928	-0.043599	0.973067	0.146936	192.000000	0.000000	0.000000	0.000000	0.000000	0.000000	0.000000	0.000000	0.000000	0.000000	1741983476.513714	0.000000
244.000000	-3414.474835	-1964.673634	-21485.435544	-11372.500524	-20023.854974	-187500.022352	-23228.424576	938.683860	-6697.901392	-14591.755222	-29863.249345	187500.000000	-17682.599149	-187500.022352	-18562.587328	-29263.663800	-0.043599	0.973067	0.146936	192.000000	0.000000	0.000000	0.000000	0.000000	0.000000	0.000000	0.000000	0.000000	0.000000	1741983476.513905	0.000000
246.000000	-3418.162873	-1962.796088	-21500.679433	-11371.070012	-20026.827756	-187500.022352	-23230.212716	936.940424	-6706.998552	-14570.297548	-29791.857873	187500.000000	-17685.840152	-187500.022352	-18562.609680	-29262.613268	-0.045799	0.970534	0.146468	192.000000	127.000000	64.000000	15.000000	32.000000	2.000000	72.000000	0.000000	0.000000	0.000000	1741983476.514053	0.000000
248.000000	-3420.509806	-1966.461774	-21487.849532	-11376.523838	-20018.825831	-187500.022352	-23227.508155	932.917110	-6708.317305	-14579.014728	-29870.357200	187500.000000	-17684.454344	-187500.022352	-18562.207349	-29261.070998	-0.045799	0.970534	0.146468	192.000000	0.000000	0.000000	0.000000	0.000000	0.000000	0.000000	0.000000	0.000000	0.000000	1741983476.514215	0.000000
250.000000	-3416.531195	-1968.875762	-21501.417041	-11375.294492	-20021.731558	-187500.022352	-23224.177745	942.640119	-6705.657447	-14597.901952	-29788.125132	187500.000000	-17683.582626	-187500.022352	-18558.720476	-29262.479158	-0.045799	0.970534	0.146468	192.000000	0.000000	0.000000	0.000000	0.000000	0.000000	0.000000	0.000000	0.000000	0.000000	1741983476.514361	0.000000
252.000000	-3408.596326	-1956.336433	-21478.841779	-11362.084611	-20021.776262	-187500.022352	-23225.362387	940.561407	-6700.203621	-14564.843722	-29876.302764	187500.000000	-17680.118105	-187500.022352	-18559.681601	-29249.068111	-0.045799	0.970534	0.146468	192.000000	0.000000	0.000000	0.000000	0.000000	0.000000	0.000000	0.000000	0.000000	0.000000	1741983476.514515	0.000000
254.000000	-3410.742093	-1963.667806	-21490.621148	-11368.253692	-20022.066834	-187500.022352	-23227.329341	942.036622	-6698.907220	-14573.963234	-29801.804400	187500.000000	-17675.133666	-187500.022352	-18551.322049	-29244.843631	-0.045799	0.970534	0.146468	192.000000	0.000000	0.000000	0.000000	0.000000	0.000000	0.000000	0.000000	0.000000	0.000000	1741983476.514658	0.000000
0.000000	-3415.435960	-1969.926294	-21480.875788	-11379.496620	-20028.861765	-187500.022352	-23232.447890	936.314575	-6700.583601	-14583.149801	-29879.141436	187500.000000	-17678.039393	-187500.022352	-18559.122808	-29252.577335	-0.046900	0.969267	0.146234	192.000000	127.000000	64.000000	15.000000	32.000000	2.000000	72.000000	0.000000	0.000000	0.000000	1741983476.573716	0.000000
2.000000	-3416.508843	-1974.709567	-21499.651253	-11379.407213	-20039.255326	-187500.022352	-23225.094166	941.120200	-6704.361046	-14586.726080	-29780.302022	187500.000000	-17683.224998	-187500.022352	-18559.033401	-29250.878602	-0.046900	0.969267	0.146234	192.000000	0.000000	0.000000	0.000000	0.000000	0.000000	0.000000	0.000000	0.000000	0.000000	1741983476.573893	0.000000
4.000000	-3403.343666	-1959.532733	-21480.607567	-11371.405288	-20031.365160	-187500.022352	-23217.583980	953.771288	-6704.472805	-14591.956388	-29861.975296	187500.000000	-17689.528190	-187500.022352	-18562.363811	-29242.519050	-0.046900	0.969267	0.146234	192.000000	0.000000	0.000000	0.000000	0.000000	0.000000	0.000000	0.000000	0.000000	0.000000	1741983476.574032	0.000000
6.000000	-3404.014218	-1970.127460	-21494.018614	-11377.797887	-20031.186346	-187500.022352	-23213.739480	961.572046	-6704.003418	-14566.207178	-29780.883167	187500.000000	-17691.517495	-187500.022352	-18557.915814	-29246.564716	-0.046900	0.969267	0.146234	192.000000	0.000000	0.000000	0.000000	0.000000	0.000000	0.000000	0.000000	0.000000	0.000000	1741983476.574177	0.000000
8.000000	-3396.705198	-1968.898114	-21480.585215	-11374.467477	-20028.057102	-187500.022352	-23215.371158	966.556485	-6691.262924	-14568.554112	-29856.186194	187500.000000	-17688.544713	-187500.022352	-18561.782665	-29237.087576	-0.046900	0.969267	0.146234	192.000000	0.000000	0.000000	0.000000	0.000000	0.000000	0.000000	0.000000	0.000000	0.000000	1741983476.574324	0.000000
10.000000	-3404.170681	-1975.715396	-21497.214913	-11377.574370	-20024.391416	-187500.022352	-23211.571361	962.309654	-6700.605953	-14584.066222	-29796.618795	187500.000000	-17686.488353	-187500.022352	-18556.239433	-29242.451995	-0.044450	0.964633	0.146117	192.000000	127.000000	88.000000	15.000000	0.000000	2.000000	72.000000	0.000000	0.000000	0.000000	1741983476.574463	0.000000
12.000000	-3407.210518	-1973.055538	-21484.206198	-11373.394593	-20019.004645	-187500.022352	-23210.967864	966.131802	-6698.236668	-14566.765972	-29877.576813	187500.000000	-17676.921806	-187500.022352	-18553.981907	-29234.695939	-0.044450	0.964633	0.146117	192.000000	0.000000	0.000000	0.000000	0.000000	0.000000	0.000000	0.000000	0.000000	0.000000	1741983476.574613	0.000000
14.000000	-3420.710971	-1993.619143	-21498.958349	-11390.918361	-20027.274791	-187500.022352	-23220.243838	955.581779	-6709.211374	-14598.103118	-29800.440943	187500.000000	-17683.761440	-187500.022352	-18554.339535	-29249.716312	-0.044450	0.964633	0.146117	192.000000	0.000000	0.000000	0.000000	0.000000	0.000000	0.000000	0.000000	0.000000	0.000000	1741983476.634633	0.000000
16.000000	-3405.757654	-1982.398567	-21483.781515	-11386.984454	-20015.383663	-187500.022352	-23205.134059	965.349491	-6699.086034	-14597.857249	-29848.810118	187500.000000	-17679.156980	-187500.022352	-18553.534872	-29245.313018	-0.044450	0.964633	0.146117	192.000000	0.000000	0.000000	0.000000	0.000000	0.000000	0.000000	0.000000	0.000000	0.000000	1741983476.634797	0.000000
18.000000	-3409.266878	-1982.979713	-21485.055564	-11383.765803	-20019.384625	-187500.022352	-23212.845410	962.801392	-6691.598200	-14576.511333	-29818.232932	187500.000000	-17668.629309	-187500.022352	-18541.107302	-29251.571506	-0.044450	0.964633	0.146117	192.000000	0.000000	0.000000	0.000000	0.000000	0.000000	0.000000	0.000000	0.000000	0.000000	1741983476.634953	0.000000
20.000000	-3405.847061	-1981.415091	-21487.000166	-11381.977663	-20020.770433	-187500.022352	-23210.789050	967.182334	-6702.863479	-14576.488981	-29839.288275	187500.000000	-17677.346489	-187500.022352	-18554.518349	-29253.650219	-0.043225	0.966317	0.144059	192.000000	127.000000	88.000000	15.000000	32.000000	2.000000	56.000000	0.000000	0.000000	0.000000	1741983476.635094	0.000000
22.000000	-3401.577878	-1981.526849	-21475.265500	-11374.601588	-20016.344788	-187500.022352	-23202.407146	985.600172	-6695.867383	-14568.844684	-29834.728519	187500.000000	-17670.238634	-187500.022352	-18544.571822	-29238.965123	-0.043225	0.966317	0.144059	192.000000	0.000000	0.000000	0.000000	0.000000	0.000000	0.000000	0.000000	0.000000	0.000000	1741983476.635245	0.000000
24.000000	-3401.890803	-1990.936934	-21485.703765	-11388.213800	-20019.384625	-187500.022352	-23200.998986	988.438843	-6694.883906	-14574.320862	-29841.836374	187500.000000	-17670.730373	-187500.022352	-18551.389104	-29234.897105	-0.043225	0.966317	0.144059	192.000000	0.000000	0.000000	0.000000	0.000000	0.000000	0.000000	0.000000	0.000000	0.000000	1741983476.635383	0.000000
26.000000	-3408.439864	-1998.782396	-21492.208122	-11397.959161	-20032.236878	-187500.022352	-23212.398376	981.286285	-6692.715787	-14590.704690	-29855.090958	187500.000000	-17671.110352	-187500.022352	-18554.987735	-29248.688131	-0.043225	0.966317	0.144059	192.000000	0.000000	0.000000	0.000000	0.000000	0.000000	0.000000	0.000000	0.000000	0.000000	1741983476.635515	0.000000
28.000000	-3405.221213	-1993.999123	-21505.350948	-11400.306094	-20034.159128	-187500.022352	-23212.510134	979.945180	-6698.929572	-14581.808696	-29828.671197	187500.000000	-17681.883893	-187500.022352	-18571.148046	-29258.142919	-0.043225	0.966317	0.144059	192.000000	0.000000	0.000000	0.000000	0.000000	0.000000	0.000000	0.000000	0.000000	0.000000	1741983476.635659	0.000000
30.000000	-3406.025875	-1990.713416	-21495.270311	-11394.137012	-20035.500233	-187500.022352	-23215.639379	982.761500	-6699.555421	-14579.864094	-29865.238650	187500.000000	-17677.570007	-187500.022352	-18566.498884	-29256.265373	-0.037612	0.972158	0.144029	192.000000	127.500000	0.000000	15.000000	72.000000	2.000000	64.000000	0.000000	0.000000	0.000000	1741983476.693154	0.000000
32.000000	-3405.131806	-2001.397550	-21503.093422	-11397.512126	-20026.805404	-187500.022352	-23217.472222	978.917000	-6693.587505	-14586.949597	-29825.027862	187500.000000	-17676.720640	-187500.022352	-18568.622299	-29253.739626	-0.037612	0.972158	0.144029	192.000000	0.000000	0.000000	0.000000	0.000000	0.000000	0.000000	0.000000	0.000000	0.000000	1741983476.693331	0.000000
34.000000	-3408.752788	-2002.202213	-21486.866055	-11395.299303	-20021.239820	-187500.022352	-23218.254533	984.840212	-6687.932514	-14578.590045	-29887.433933	187500.000000	-17664.516588	-187500.022352	-18563.235529	-29259.193451	-0.037612	0.972158	0.144029	192.000000	0.000000	0.000000	0.000000	0.000000	0.000000	0.000000	0.000000	0.000000	0.000000	1741983476.693479	0.000000
36.000000	-3414.497186	-2009.555937	-21506.401480	-11402.585972	-20022.424462	-187500.022352	-23204.552913	983.119128	-6705.322171	-14586.681376	-29805.313624	187500.000000	-17677.100620	-187500.022352	-18569.963404	-29267.485949	-0.037612	0.972158	0.144029	192.000000	0.000000	0.000000	0.000000	0.000000	0.000000	0.000000	0.000000	0.000000	0.000000	1741983476.693617	0.000000
38.000000	-3403.343666	-1992.076873	-21484.027384	-11391.723024	-20015.271904	-187500.022352	-23205.111707	985.309599	-6696.873211	-14574.678490	-29883.298860	187500.000000	-17671.624443	-187500.022352	-18562.743790	-29257.092387	-0.037612	0.972158	0.144029	192.000000	0.000000	0.000000	0.000000	0.000000	0.000000	0.000000	0.000000	0.000000	0.000000	1741983476.693763	0.000000
40.000000	-3406.227041	-1997.798919	-21504.859210	-11398.182678	-20017.060043	-187500.022352	-23195.902788	992.998599	-6696.381473	-14574.902007	-29824.066737	187500.000000	-17667.757591	-187500.022352	-18558.899290	-29253.359646	-0.036806	0.974079	0.144015	192.000000	127.000000	112.000000	15.000000	64.000000	2.000000	64.000000	0.000000	0.000000	0.000000	1741983476.693907	0.000000
42.000000	-3408.886899	-1992.725073	-21492.990433	-11391.745376	-20015.987160	-187500.022352	-23204.977596	982.962666	-6697.923743	-14569.515237	-29909.740974	187500.000000	-17668.852826	-187500.022352	-18554.674811	-29254.812509	-0.036806	0.974079	0.144015	192.000000	0.000000	0.000000	0.000000	0.000000	0.000000	0.000000	0.000000	0.000000	0.000000	1741983476.694060	0.000000
44.000000	-3413.737227	-1999.989390	-21514.179887	-11396.528649	-20024.659637	-187500.022352	-23205.603445	988.192974	-6705.478633	-14574.745545	-29831.688682	187500.000000	-17673.971376	-187500.022352	-18560.978003	-29259.171100	-0.036806	0.974079	0.144015	192.000000	0.000000	0.000000	0.000000	0.000000	0.000000	0.000000	0.000000	0.000000	0.000000	1741983476.753719	0.000000
46.000000	-3403.298963	-1991.763948	-21488.654195	-11387.006806	-20012.880267	-187500.022352	-23198.070907	994.183242	-6697.320246	-14567.101248	-29918.994596	187500.000000	-17668.092867	-187500.022352	-18563.637860	-29252.957315	-0.036806	0.974079	0.144015	192.000000	0.000000	0.000000	0.000000	0.000000	0.000000	0.000000	0.000000	0.000000	0.000000	1741983476.753882	0.000000
48.000000	-3421.783855	-2013.154568	-21515.968027	-11408.732701	-20024.726692	-187500.022352	-23211.347844	974.670169	-6710.016037	-14577.852437	-29839.467089	187500.000000	-17673.636100	-187500.022352	-18561.782665	-29263.976725	-0.036806	0.974079	0.144015	192.000000	0.000000	0.000000	0.000000	0.000000	0.000000	0.000000	0.000000	0.000000	0.000000	1741983476.754020	0.000000
50.000000	-3427.125922	-2014.607431	-21504.278064	-11405.759919	-20027.163032	-187500.022352	-23211.146678	978.358207	-6703.757549	-14601.254714	-29915.999462	187500.000000	-17676.497123	-187500.022352	-18566.543587	-29267.105969	-0.037403	0.975040	0.144007	192.000000	127.000000	104.000000	15.000000	64.000000	2.000000	64.000000	0.000000	0.000000	0.000000	1741983476.754168	0.000000
52.000000	-3429.629317	-2016.172053	-21527.076844	-11413.895954	-20036.148433	-187500.022352	-23216.712262	972.502050	-6718.107369	-14590.257655	-29808.845199	187500.000000	-17688.052975	-187500.022352	-18570.857474	-29270.615193	-0.037403	0.975040	0.144007	192.000000	0.000000	0.000000	0.000000	0.000000	0.000000	0.000000	0.000000	0.000000	0.000000	1741983476.754326	0.000000
54.000000	-3416.732361	-2003.498614	-21504.322768	-11403.323579	-20033.399169	-187500.022352	-23218.925085	972.814974	-6711.737122	-14599.779499	-29906.924654	187500.000000	-17684.364937	-187500.022352	-18578.278253	-29268.938812	-0.037403	0.975040	0.144007	192.000000	0.000000	0.000000	0.000000	0.000000	0.000000	0.000000	0.000000	0.000000	0.000000	1741983476.754464	0.000000
56.000000	-3414.966573	-1999.520004	-21507.586122	-11397.199201	-20024.860802	-187500.022352	-23208.553876	979.274628	-6705.277467	-14572.152742	-29830.213467	187500.000000	-17674.038431	-187500.022352	-18566.387125	-29271.151635	-0.037403	0.975040	0.144007	192.000000	0.000000	0.000000	0.000000	0.000000	0.000000	0.000000	0.000000	0.000000	0.000000	1741983476.754610	0.000000
58.000000	-3410.160948	-1988.634704	-21497.125506	-11385.330425	-20023.162070	-187500.022352	-23209.492649	980.459271	-6709.904279	-14573.091516	-29900.129724	187500.000000	-17678.262911	-187500.022352	-18568.041154	-29264.267297	-0.037403	0.975040	0.144007	192.000000	0.000000	0.000000	0.000000	0.000000	0.000000	0.000000	0.000000	0.000000	0.000000	1741983476.754746	0.000000
60.000000	-3415.927698	-1998.111844	-21508.591951	-11391.119527	-20031.543974	-187500.022352	-23210.923160	987.209497	-6703.802252	-14577.315995	-29842.842203	187500.000000	-17673.390230	-187500.022352	-18560.374506	-29261.339219	-0.036702	0.974520	0.145004	192.000000	127.000000	112.000000	15.000000	56.000000	2.000000	72.000000	0.000000	0.000000	0.000000	1741983476.814885	0.000000
62.000000	-3402.360189	-1987.539469	-21495.650291	-11381.284759	-20015.160145	-187500.022352	-23194.919311	992.685675	-6708.764340	-14570.968100	-29889.065610	187500.000000	-17680.699251	-187500.022352	-18564.733096	-29257.561774	-0.036702	0.974520	0.145004	192.000000	0.000000	0.000000	0.000000	0.000000	0.000000	0.000000	0.000000	0.000000	0.000000	1741983476.815070	0.000000
64.000000	-3407.188166	-1992.836832	-21503.540457	-11382.000015	-20026.961866	-187500.022352	-23209.291483	981.308637	-6697.677874	-14570.342251	-29851.626438	187500.000000	-17667.377611	-187500.022352	-18555.702991	-29252.219707	-0.036702	0.974520	0.145004	192.000000	0.000000	0.000000	0.000000	0.000000	0.000000	0.000000	0.000000	0.000000	0.000000	1741983476.815214	0.000000
66.000000	-3407.210518	-1985.974847	-21506.446183	-11384.816335	-20030.381683	-187500.022352	-23208.486820	982.783852	-6711.625363	-14568.844684	-29882.695363	187500.000000	-17679.179332	-187500.022352	-18567.705878	-29256.824166	-0.036702	0.974520	0.145004	192.000000	0.000000	0.000000	0.000000	0.000000	0.000000	0.000000	0.000000	0.000000	0.000000	1741983476.815352	0.000000
68.000000	-3414.251317	-1995.429635	-21511.743547	-11391.946541	-20041.445797	-187500.022352	-23220.087376	983.677922	-6700.807119	-14585.608493	-29860.790653	187500.000000	-17678.553483	-187500.022352	-18568.152913	-29258.880527	-0.036702	0.974520	0.145004	192.000000	0.000000	0.000000	0.000000	0.000000	0.000000	0.000000	0.000000	0.000000	0.000000	1741983476.815484	0.000000
70.000000	-3407.657553	-1989.148794	-21514.805736	-11389.130222	-20039.769416	-187500.022352	-23219.975617	982.202707	-6705.009246	-14562.921472	-29871.273621	187500.000000	-17684.096716	-187500.022352	-18582.480381	-29258.589954	-0.037351	0.972260	0.145502	192.000000	127.000000	104.000000	15.000000	40.000000	2.000000	72.000000	0.000000	0.000000	0.000000	1741983476.815620	0.000000
72.000000	-3411.345591	-1990.199326	-21511.251809	-11391.275989	-20041.401093	-187500.022352	-23222.657826	974.826631	-6702.707017	-14578.210065	-29874.581680	187500.000000	-17680.006347	-187500.022352	-18575.752506	-29267.798873	-0.037351	0.972260	0.145502	192.000000	0.000000	0.000000	0.000000	0.000000	0.000000	0.000000	0.000000	0.000000	0.000000	1741983476.815778	0.000000
74.000000	-3414.072503	-1993.395626	-21512.235285	-11391.544210	-20042.943364	-187500.022352	-23220.713224	972.636160	-6707.244421	-14568.509408	-29854.979200	187500.000000	-17684.454344	-187500.022352	-18574.836084	-29264.244946	-0.037351	0.972260	0.145502	192.000000	0.000000	0.000000	0.000000	0.000000	0.000000	0.000000	0.000000	0.000000	0.000000	1741983476.873761	0.000000
76.000000	-3418.341687	-1994.379103	-21507.742585	-11391.097175	-20050.922936	-187500.022352	-23230.838565	962.957855	-6709.658409	-14573.650309	-29853.012246	187500.000000	-17693.171524	-187500.022352	-18575.305471	-29270.078751	-0.037351	0.972260	0.145502	192.000000	0.000000	0.000000	0.000000	0.000000	0.000000	0.000000	0.000000	0.000000	0.000000	1741983476.873938	0.000000
78.000000	-3413.290192	-1991.093396	-21515.275123	-11384.503410	-20047.816044	-187500.022352	-23220.757928	962.689634	-6708.809043	-14578.545341	-29813.427307	187500.000000	-17691.115164	-187500.022352	-18580.088744	-29268.514129	-0.037351	0.972260	0.145502	192.000000	0.000000	0.000000	0.000000	0.000000	0.000000	0.000000	0.000000	0.000000	0.000000	1741983476.874088	0.000000
80.000000	-3412.373771	-1985.863088	-21502.109945	-11375.942692	-20040.350561	-187500.022352	-23218.053367	968.210515	-6702.058816	-14570.386955	-29847.536069	187500.000000	-17682.420335	-187500.022352	-18570.835122	-29265.474292	-0.037675	0.973130	0.148751	192.000000	127.000000	104.000000	15.000000	56.000000	2.000000	96.000000	0.000000	0.000000	0.000000	1741983476.874221	0.000000
82.000000	-3388.658570	-1961.186762	-21494.867980	-11363.313957	-20017.864706	-187500.022352	-23194.695794	998.675942	-6691.709959	-14543.542510	-29819.149353	187500.000000	-17672.786733	-187500.022352	-18567.929395	-29247.816413	-0.037675	0.973130	0.148751	192.000000	0.000000	0.000000	0.000000	0.000000	0.000000	0.000000	0.000000	0.000000	0.000000	1741983476.874377	0.000000
84.000000	-3412.507881	-1984.298466	-21495.315015	-11380.144820	-20030.158166	-187500.022352	-23211.928989	990.137576	-6691.888772	-14560.775704	-29900.599110	187500.000000	-17668.517550	-187500.022352	-18559.323974	-29250.498623	-0.037675	0.973130	0.148751	192.000000	0.000000	0.000000	0.000000	0.000000	0.000000	0.000000	0.000000	0.000000	0.000000	1741983476.874521	0.000000
86.000000	-3421.850910	-1997.150719	-21521.578314	-11393.578219	-20042.161052	-187500.022352	-23225.138870	977.777061	-6713.569965	-14577.897141	-29810.119249	187500.000000	-17686.644815	-187500.022352	-18580.871055	-29271.889242	-0.037675	0.973130	0.148751	192.000000	0.000000	0.000000	0.000000	0.000000	0.000000	0.000000	0.000000	0.000000	0.000000	1741983476.874664	0.000000
88.000000	-3410.965611	-1980.319855	-21500.232399	-11376.769707	-20034.404997	-187500.022352	-23218.098070	982.269762	-6706.104482	-14569.537588	-29877.308592	187500.000000	-17675.960681	-187500.022352	-18580.848703	-29264.736684	-0.037675	0.973130	0.148751	192.000000	0.000000	0.000000	0.000000	0.000000	0.000000	0.000000	0.000000	0.000000	0.000000	1741983476.874810	0.000000
90.000000	-3400.057960	-1975.067195	-21513.017596	-11382.044719	-20036.103730	-187500.022352	-23218.031015	973.217305	-6701.857651	-14561.222739	-29805.581845	187500.000000	-17678.419373	-187500.022352	-18581.519256	-29263.149710	-0.038838	0.973565	0.148375	192.000000	127.000000	96.000000	15.000000	56.000000	2.000000	80.000000	0.000000	0.000000	0.000000	1741983476.934122	0.000000
92.000000	-3401.287306	-1976.296541	-21493.392765	-11382.424698	-20031.543974	-187500.022352	-23218.500402	969.462212	-6688.938342	-14569.202312	-29904.264796	187500.000000	-17668.226977	-187500.022352	-18575.908968	-29265.004905	-0.038838	0.973565	0.148375	192.000000	0.000000	0.000000	0.000000	0.000000	0.000000	0.000000	0.000000	0.000000	0.000000	1741983476.934298	0.000000
94.000000	-3406.472910	-1984.633742	-21513.866963	-11390.851306	-20037.087206	-187500.022352	-23218.478050	966.355320	-6696.895563	-14567.011841	-29821.295121	187500.000000	-17673.054954	-187500.022352	-18576.892445	-29275.756094	-0.038838	0.973565	0.148375	192.000000	0.000000	0.000000	0.000000	0.000000	0.000000	0.000000	0.000000	0.000000	0.000000	1741983476.936668	0.000000
96.000000	-3395.744073	-1972.586152	-21487.626015	-11374.690995	-20024.860802	-187500.022352	-23202.295387	986.315428	-6691.106461	-14563.234396	-29917.877009	187500.000000	-17673.099658	-187500.022352	-18570.879825	-29263.261469	-0.038838	0.973565	0.148375	192.000000	0.000000	0.000000	0.000000	0.000000	0.000000	0.000000	0.000000	0.000000	0.000000	1741983476.936817	0.000000
98.000000	-3405.780006	-1987.226544	-21509.731890	-11390.493678	-20032.370988	-187500.022352	-23211.169030	983.856736	-6692.648732	-14568.576463	-29823.351481	187500.000000	-17675.290129	-187500.022352	-18562.855549	-29261.518033	-0.038838	0.973565	0.148375	192.000000	0.000000	0.000000	0.000000	0.000000	0.000000	0.000000	0.000000	0.000000	0.000000	1741983476.936959	0.000000
100.000000	-3404.841233	-1985.930143	-21491.917550	-11385.844515	-20024.704340	-187500.022352	-23209.336187	984.728454	-6693.565153	-14576.667795	-29920.492163	187500.000000	-17672.116181	-187500.022352	-18567.616471	-29258.902879	-0.040419	0.972782	0.146188	192.000000	127.000000	88.000000	15.000000	48.000000	2.000000	64.000000	0.000000	0.000000	0.000000	1741983476.937107	0.000000
102.000000	-3411.032666	-1992.367446	-21503.518105	-11380.815373	-20024.458471	-187500.022352	-23202.474201	989.601134	-6696.984970	-14563.100286	-29832.113365	187500.000000	-17671.199759	-187500.022352	-18560.106285	-29261.026294	-0.040419	0.972782	0.146188	192.000000	0.000000	0.000000	0.000000	0.000000	0.000000	0.000000	0.000000	0.000000	0.000000	1741983476.937247	0.000000
104.000000	-3417.693486	-1995.206117	-21494.376241	-11383.810506	-20028.481785	-187500.022352	-23204.061175	995.926678	-6708.473767	-14579.797039	-29900.554407	187500.000000	-17674.843094	-187500.022352	-18570.008107	-29256.198318	-0.040419	0.972782	0.146188	192.000000	0.000000	0.000000	0.000000	0.000000	0.000000	0.000000	0.000000	0.000000	0.000000	1741983476.994357	0.000000
106.000000	-3422.253242	-2001.397550	-21499.494791	-11386.872695	-20031.298105	-187500.022352	-23207.458640	990.294038	-6704.986895	-14589.385937	-29817.964711	187500.000000	-17676.161847	-187500.022352	-18565.358945	-29259.595783	-0.040419	0.972782	0.146188	192.000000	0.000000	0.000000	0.000000	0.000000	0.000000	0.000000	0.000000	0.000000	0.000000	1741983476.994537	0.000000
108.000000	-3416.888823	-1996.189594	-21486.575483	-11385.442184	-20022.938552	-187500.022352	-23204.821134	989.355265	-6707.736159	-14576.131353	-29877.308592	187500.000000	-17680.989823	-187500.022352	-18567.750581	-29260.132225	-0.040419	0.972782	0.146188	192.000000	0.000000	0.000000	0.000000	0.000000	0.000000	0.000000	0.000000	0.000000	0.000000	1741983476.994681	0.000000
110.000000	-3418.922832	-1997.597754	-21493.951558	-11380.927131	-20014.534296	-187500.022352	-23193.287634	995.457291	-6706.819738	-14576.466629	-29820.445755	187500.000000	-17664.471884	-187500.022352	-18558.832235	-29258.500547	-0.040209	0.973391	0.147094	192.000000	127.000000	96.000000	15.000000	56.000000	2.000000	80.000000	0.000000	0.000000	0.000000	1741983476.994822	0.000000
112.000000	-3414.743056	-1993.462681	-21483.580349	-11380.368338	-20005.615950	-187500.022352	-23185.196303	1009.963573	-6696.716749	-14568.017670	-29887.836264	187500.000000	-17663.644870	-187500.022352	-18560.575671	-29250.319809	-0.040209	0.973391	0.147094	192.000000	0.000000	0.000000	0.000000	0.000000	0.000000	0.000000	0.000000	0.000000	0.000000	1741983476.994965	0.000000
114.000000	-3427.729419	-2010.293545	-21500.746489	-11392.862963	-20021.128061	-187500.022352	-23199.456716	1001.626373	-6705.255116	-14583.775650	-29852.565211	187500.000000	-17668.450495	-187500.022352	-18556.530006	-29257.248850	-0.040209	0.973391	0.147094	192.000000	0.000000	0.000000	0.000000	0.000000	0.000000	0.000000	0.000000	0.000000	0.000000	1741983476.995110	0.000000
116.000000	-3415.860643	-1994.759082	-21499.673605	-11389.666663	-20020.792785	-187500.022352	-23202.764774	999.771178	-6706.327999	-14580.758164	-29879.722581	187500.000000	-17674.753687	-187500.022352	-18568.443485	-29258.053512	-0.040209	0.973391	0.147094	192.000000	0.000000	0.000000	0.000000	0.000000	0.000000	0.000000	0.000000	0.000000	0.000000	1741983476.995255	0.000000
118.000000	-3427.818826	-2000.615239	-21508.279027	-11396.953332	-20029.018227	-187500.022352	-23207.726861	987.902401	-6709.770168	-14581.562827	-29860.142453	187500.000000	-17669.903358	-187500.022352	-18562.609680	-29260.802777	-0.040209	0.973391	0.147094	192.000000	0.000000	0.000000	0.000000	0.000000	0.000000	0.000000	0.000000	0.000000	0.000000	1741983476.995396	0.000000
120.000000	-3429.852835	-2003.878594	-21513.934018	-11401.736605	-20033.980314	-187500.022352	-23213.739480	977.262971	-6720.744875	-14578.187713	-29849.257153	187500.000000	-17681.660376	-187500.022352	-18580.200503	-29270.369324	-0.040105	0.968696	0.147547	192.000000	127.000000	96.000000	15.000000	16.000000	2.000000	80.000000	0.000000	0.000000	0.000000	1741983477.053761	0.000000
122.000000	-3425.673059	-2000.905812	-21501.685262	-11392.639445	-20025.330189	-187500.022352	-23209.403242	984.437881	-6719.001438	-14580.802868	-29854.621572	187500.000000	-17676.005384	-187500.022352	-18566.722401	-29266.010733	-0.040105	0.968696	0.147547	192.000000	0.000000	0.000000	0.000000	0.000000	0.000000	0.000000	0.000000	0.000000	0.000000	1741983477.053954	0.000000
124.000000	-3424.644878	-1998.469472	-21511.631788	-11392.617094	-20028.101805	-187500.022352	-23207.302178	986.538945	-6709.054912	-14579.104135	-29832.694511	187500.000000	-17685.884855	-187500.022352	-18570.678660	-29263.105007	-0.040105	0.968696	0.147547	192.000000	0.000000	0.000000	0.000000	0.000000	0.000000	0.000000	0.000000	0.000000	0.000000	1741983477.054093	0.000000
126.000000	-3428.467027	-1999.922335	-21504.613340	-11393.980550	-20030.471090	-187500.022352	-23208.844448	989.355265	-6717.168595	-14575.550208	-29857.214374	187500.000000	-17679.604015	-187500.022352	-18569.717535	-29263.127358	-0.040105	0.968696	0.147547	192.000000	0.000000	0.000000	0.000000	0.000000	0.000000	0.000000	0.000000	0.000000	0.000000	1741983477.054246	0.000000
128.000000	-3434.971384	-2008.304239	-21518.024387	-11401.401329	-20029.554669	-187500.022352	-23209.693814	990.204631	-6719.649639	-14591.062318	-29820.646920	187500.000000	-17683.895550	-187500.022352	-18577.138314	-29262.657972	-0.040105	0.968696	0.147547	192.000000	0.000000	0.000000	0.000000	0.000000	0.000000	0.000000	0.000000	0.000000	0.000000	1741983477.054388	0.000000
130.000000	-3433.473818	-2006.784321	-21501.886428	-11394.137012	-20020.613971	-187500.022352	-23204.083527	991.948067	-6719.157901	-14593.006920	-29860.835357	187500.000000	-17678.285262	-187500.022352	-18573.919663	-29265.563698	-0.037052	0.968348	0.145773	192.000000	127.000000	120.000000	15.000000	32.000000	2.000000	64.000000	0.000000	0.000000	0.000000	1741983477.054526	0.000000
132.000000	-3433.049134	-2005.085588	-21518.136146	-11396.707463	-20025.084320	-187500.022352	-23205.916370	986.985980	-6723.136511	-14583.194504	-29809.828676	187500.000000	-17681.839190	-187500.022352	-18575.149009	-29265.407236	-0.037052	0.968348	0.145773	192.000000	0.000000	0.000000	0.000000	0.000000	0.000000	0.000000	0.000000	0.000000	0.000000	1741983477.054674	0.000000
134.000000	-3435.060791	-2003.096283	-21501.126468	-11392.550038	-20025.285485	-187500.022352	-23205.603445	999.212384	-6718.330886	-14574.052641	-29883.567081	187500.000000	-17673.904320	-187500.022352	-18572.220930	-29260.556908	-0.037052	0.968348	0.145773	192.000000	0.000000	0.000000	0.000000	0.000000	0.000000	0.000000	0.000000	0.000000	0.000000	1741983477.113428	0.000000
136.000000	-3441.095762	-2012.752236	-21524.484041	-11403.033007	-20025.061968	-187500.022352	-23202.988291	993.512689	-6729.149130	-14594.973873	-29802.720821	187500.000000	-17682.308576	-187500.022352	-18581.876884	-29271.755132	-0.037052	0.968348	0.145773	192.000000	0.000000	0.000000	0.000000	0.000000	0.000000	0.000000	0.000000	0.000000	0.000000	1741983477.113613	0.000000
138.000000	-3439.106457	-2000.235260	-21506.893218	-11392.550038	-20027.408901	-187500.022352	-23204.910541	996.865451	-6719.560232	-14579.148838	-29891.412543	187500.000000	-17674.284300	-187500.022352	-18577.384183	-29266.413065	-0.037052	0.968348	0.145773	192.000000	0.000000	0.000000	0.000000	0.000000	0.000000	0.000000	0.000000	0.000000	0.000000	1741983477.113770	0.000000
140.000000	-3433.630280	-1995.943725	-21516.348006	-11388.370262	-20021.150413	-187500.022352	-23202.831829	995.792567	-6719.224956	-14572.488019	-29809.806324	187500.000000	-17674.999556	-187500.022352	-18572.444448	-29261.696847	-0.038526	0.968174	0.145887	192.000000	127.000000	96.000000	15.000000	32.000000	2.000000	72.000000	0.000000	0.000000	0.000000	1741983477.113912	0.000000
142.000000	-3444.716745	-2001.062274	-21515.565695	-11400.931943	-20025.017264	-187500.022352	-23214.275922	979.900477	-6724.365857	-14591.799926	-29896.151113	187500.000000	-17681.481562	-187500.022352	-18578.121791	-29268.469425	-0.038526	0.968174	0.145887	192.000000	0.000000	0.000000	0.000000	0.000000	0.000000	0.000000	0.000000	0.000000	0.000000	1741983477.114070	0.000000
144.000000	-3445.186132	-1999.676466	-21532.351855	-11404.798794	-20028.213564	-187500.022352	-23208.509172	986.851869	-6729.417351	-14593.811583	-29812.801458	187500.000000	-17686.063669	-187500.022352	-18577.451238	-29273.565623	-0.038526	0.968174	0.145887	192.000000	0.000000	0.000000	0.000000	0.000000	0.000000	0.000000	0.000000	0.000000	0.000000	1741983477.114212	0.000000
146.000000	-3443.397992	-1992.926239	-21512.659968	-11387.967931	-20025.285485	-187500.022352	-23205.268169	990.271686	-6722.287145	-14572.353908	-29909.360994	187500.000000	-17681.861541	-187500.022352	-18574.120828	-29259.439320	-0.038526	0.968174	0.145887	192.000000	0.000000	0.000000	0.000000	0.000000	0.000000	0.000000	0.000000	0.000000	0.000000	1741983477.114350	0.000000
148.000000	-3452.964539	-2001.151681	-21539.929097	-11402.697730	-20042.004590	-187500.022352	-23221.070852	966.668244	-6736.614613	-14596.829068	-29797.512865	187500.000000	-17693.596207	-187500.022352	-18577.138314	-29274.750265	-0.038526	0.968174	0.145887	192.000000	0.000000	0.000000	0.000000	0.000000	0.000000	0.000000	0.000000	0.000000	0.000000	1741983477.114504	0.000000
150.000000	-3438.145332	-1979.805765	-21514.671625	-11391.119527	-20030.225221	-187500.022352	-23210.453774	971.764442	-6724.321154	-14581.585179	-29875.498101	187500.000000	-17691.003405	-187500.022352	-18577.294776	-29265.362533	-0.042263	0.965087	0.146943	192.000000	127.000000	72.000000	15.000000	8.000000	2.000000	80.000000	0.000000	0.000000	0.000000	1741983477.173811	0.000000
152.000000	-3443.979137	-1984.209059	-21525.780442	-11395.008730	-20033.063892	-187500.022352	-23215.393509	967.361148	-6722.063627	-14594.102155	-29799.233949	187500.000000	-17689.304672	-187500.022352	-18563.369639	-29264.982553	-0.042263	0.965087	0.146943	192.000000	0.000000	0.000000	0.000000	0.000000	0.000000	0.000000	0.000000	0.000000	0.000000	1741983477.173988	0.000000
154.000000	-3434.792570	-1971.066233	-21513.978721	-11385.956274	-20031.163994	-187500.022352	-23221.272018	958.375747	-6716.319229	-14584.625016	-29880.527244	187500.000000	-17685.460172	-187500.022352	-18567.124732	-29256.623001	-0.042263	0.965087	0.146943	192.000000	0.000000	0.000000	0.000000	0.000000	0.000000	0.000000	0.000000	0.000000	0.000000	1741983477.174128	0.000000
156.000000	-3427.036515	-1965.634759	-21515.588047	-11380.725966	-20026.090148	-187500.022352	-23210.878457	972.725567	-6710.440720	-14583.038042	-29819.171705	187500.000000	-17680.542789	-187500.022352	-18561.872072	-29254.633695	-0.042263	0.965087	0.146943	192.000000	0.000000	0.000000	0.000000	0.000000	0.000000	0.000000	0.000000	0.000000	0.000000	1741983477.174268	0.000000
158.000000	-3435.217254	-1975.246009	-21513.643445	-11389.309035	-20034.002666	-187500.022352	-23217.583980	960.633273	-6719.157901	-14595.286798	-29881.801293	187500.000000	-17693.260931	-187500.022352	-18565.493055	-29257.427663	-0.042263	0.965087	0.146943	192.000000	0.000000	0.000000	0.000000	0.000000	0.000000	0.000000	0.000000	0.000000	0.000000	1741983477.174417	0.000000
160.000000	-3427.148274	-1964.181896	-21510.000111	-11377.350852	-20023.407939	-187500.022352	-23213.247742	961.147363	-6713.838186	-14593.453955	-29826.234856	187500.000000	-17684.163771	-187500.022352	-18558.161683	-29254.209012	-0.043132	0.966543	0.145472	192.000000	127.000000	80.000000	15.000000	32.000000	2.000000	64.000000	0.000000	0.000000	0.000000	1741983477.174570	0.000000
162.000000	-3437.765352	-1969.658073	-21513.978721	-11382.849381	-20031.342808	-187500.022352	-23222.501364	952.139610	-6710.843052	-14581.004033	-29874.224052	187500.000000	-17687.583588	-187500.022352	-18561.201520	-29246.609419	-0.043132	0.966543	0.145472	192.000000	0.000000	0.000000	0.000000	0.000000	0.000000	0.000000	0.000000	0.000000	0.000000	1741983477.174718	0.000000
164.000000	-3433.563225	-1966.886457	-21520.728948	-11384.257541	-20037.847166	-187500.022352	-23231.218544	943.109506	-6724.164691	-14599.131298	-29814.634301	187500.000000	-17700.480545	-187500.022352	-18571.528026	-29261.070998	-0.043132	0.966543	0.145472	192.000000	0.000000	0.000000	0.000000	0.000000	0.000000	0.000000	0.000000	0.000000	0.000000	1741983477.235503	0.000000
166.000000	-3423.929623	-1960.337396	-21503.272236	-11372.545227	-20030.694608	-187500.022352	-23219.685044	959.359224	-6708.160842	-14604.071033	-29864.590450	187500.000000	-17692.120992	-187500.022352	-18571.483323	-29245.648294	-0.043132	0.966543	0.145472	192.000000	0.000000	0.000000	0.000000	0.000000	0.000000	0.000000	0.000000	0.000000	0.000000	1741983477.235665	0.000000
168.000000	-3441.162818	-1978.911695	-21517.264428	-11387.945579	-20049.045390	-187500.022352	-23240.561574	937.901549	-6715.000476	-14606.127394	-29836.740176	187500.000000	-17697.239542	-187500.022352	-18566.632994	-29259.148748	-0.043132	0.966543	0.145472	192.000000	0.000000	0.000000	0.000000	0.000000	0.000000	0.000000	0.000000	0.000000	0.000000	1741983477.235810	0.000000
170.000000	-3424.220195	-1959.420974	-21508.502544	-11378.289625	-20033.801500	-187500.022352	-23224.423614	944.607072	-6716.989781	-14601.813507	-29829.274694	187500.000000	-17696.814859	-187500.022352	-18579.485247	-29261.249812	-0.042566	0.970272	0.143736	192.000000	127.000000	88.000000	15.000000	56.000000	2.000000	56.000000	0.000000	0.000000	0.000000	1741983477.235958	0.000000
172.000000	-3429.003469	-1963.488992	-21500.835896	-11376.322672	-20031.968657	-187500.022352	-23224.200097	952.184314	-6703.109348	-14597.298455	-29863.092883	187500.000000	-17680.565140	-187500.022352	-18562.028535	-29247.525841	-0.042566	0.970272	0.143736	192.000000	0.000000	0.000000	0.000000	0.000000	0.000000	0.000000	0.000000	0.000000	0.000000	1741983477.236117	0.000000
174.000000	-3418.945184	-1955.665881	-21501.171172	-11368.276044	-20016.769471	-187500.022352	-23206.408108	952.229017	-6707.289124	-14597.656083	-29847.379607	187500.000000	-17683.426164	-187500.022352	-18562.386163	-29244.553059	-0.042566	0.970272	0.143736	192.000000	0.000000	0.000000	0.000000	0.000000	0.000000	0.000000	0.000000	0.000000	0.000000	1741983477.236257	0.000000
176.000000	-3421.381524	-1955.777640	-21493.303358	-11365.750297	-20020.345750	-187500.022352	-23216.220524	950.060898	-6701.745892	-14601.589990	-29891.211378	187500.000000	-17676.161847	-187500.022352	-18552.618450	-29244.620114	-0.042566	0.970272	0.143736	192.000000	0.000000	0.000000	0.000000	0.000000	0.000000	0.000000	0.000000	0.000000	0.000000	1741983477.236396	0.000000
178.000000	-3429.718724	-1961.298521	-21511.654140	-11374.400422	-20023.989084	-187500.022352	-23224.825945	940.628462	-6707.423235	-14593.297493	-29859.851880	187500.000000	-17682.040355	-187500.022352	-18556.619412	-29246.542364	-0.042566	0.970272	0.143736	192.000000	0.000000	0.000000	0.000000	0.000000	0.000000	0.000000	0.000000	0.000000	0.000000	1741983477.236537	0.000000
180.000000	-3434.501998	-1962.773736	-21505.507410	-11376.121506	-20024.346712	-187500.022352	-23226.614085	939.175599	-6716.542747	-14602.752281	-29892.977165	187500.000000	-17693.104469	-187500.022352	-18561.045058	-29252.107948	-0.042283	0.970136	0.141868	192.000000	127.000000	88.000000	15.000000	40.000000	2.000000	48.000000	0.000000	0.000000	0.000000	1741983477.294404	0.000000
182.000000	-3425.807169	-1955.844695	-21513.643445	-11368.790134	-20026.045445	-187500.022352	-23220.020320	947.065764	-6720.767226	-14602.282894	-29833.633284	187500.000000	-17696.613693	-187500.022352	-18563.280232	-29246.095329	-0.042283	0.970136	0.141868	192.000000	0.000000	0.000000	0.000000	0.000000	0.000000	0.000000	0.000000	0.000000	0.000000	1741983477.294587	0.000000
184.000000	-3428.936413	-1959.197457	-21504.255713	-11371.584102	-20034.650866	-187500.022352	-23229.296294	939.086192	-6717.414465	-14591.822278	-29903.415430	187500.000000	-17692.568027	-187500.022352	-18559.994526	-29245.156556	-0.042283	0.970136	0.141868	192.000000	0.000000	0.000000	0.000000	0.000000	0.000000	0.000000	0.000000	0.000000	0.000000	1741983477.294728	0.000000
186.000000	-3424.913099	-1957.275207	-21520.796003	-11375.897989	-20032.303933	-187500.022352	-23222.791937	946.954006	-6718.934383	-14597.119641	-29816.824772	187500.000000	-17695.697271	-187500.022352	-18565.515407	-29255.304248	-0.042283	0.970136	0.141868	192.000000	0.000000	0.000000	0.000000	0.000000	0.000000	0.000000	0.000000	0.000000	0.000000	1741983477.294872	0.000000
188.000000	-3431.350402	-1963.310178	-21505.015672	-11377.596721	-20028.750006	-187500.022352	-23231.173841	942.550712	-6712.787654	-14598.281932	-29913.943102	187500.000000	-17687.561236	-187500.022352	-18566.163607	-29255.036027	-0.042283	0.970136	0.141868	192.000000	0.000000	0.000000	0.000000	0.000000	0.000000	0.000000	0.000000	0.000000	0.000000	1741983477.295009	0.000000
190.000000	-3438.525312	-1974.798974	-21521.533611	-11385.196314	-20034.382645	-187500.022352	-23228.916315	940.248482	-6724.522319	-14604.115737	-29824.558476	187500.000000	-17693.260931	-187500.022352	-18571.796247	-29265.787216	-0.040141	0.971068	0.141934	192.000000	127.000000	104.000000	15.000000	48.000000	2.000000	56.000000	0.000000	0.000000	0.000000	1741983477.295156	0.000000
192.000000	-3430.635146	-1964.338358	-21502.981663	-11378.535495	-20029.509965	-187500.022352	-23227.731672	948.719793	-6724.969354	-14604.428661	-29916.938235	187500.000000	-17688.410603	-187500.022352	-18573.092648	-29257.628829	-0.040141	0.971068	0.141934	192.000000	0.000000	0.000000	0.000000	0.000000	0.000000	0.000000	0.000000	0.000000	0.000000	1741983477.295312	0.000000
194.000000	-3427.170626	-1964.271303	-21516.817393	-11386.224495	-20024.033788	-187500.022352	-23216.935780	952.653700	-6723.561194	-14602.148783	-29827.531258	187500.000000	-17685.974262	-187500.022352	-18568.599948	-29255.259544	-0.040141	0.971068	0.141934	192.000000	0.000000	0.000000	0.000000	0.000000	0.000000	0.000000	0.000000	0.000000	0.000000	1741983477.354701	0.000000
196.000000	-3431.618623	-1969.434556	-21508.882524	-11386.693881	-20034.874384	-187500.022352	-23231.665579	941.209607	-6719.381418	-14602.752281	-29919.307520	187500.000000	-17688.924693	-187500.022352	-18572.377392	-29265.071960	-0.040141	0.971068	0.141934	192.000000	0.000000	0.000000	0.000000	0.000000	0.000000	0.000000	0.000000	0.000000	0.000000	1741983477.354868	0.000000
198.000000	-3433.652631	-1971.759137	-21523.522916	-11384.615169	-20042.451625	-187500.022352	-23233.967809	940.762572	-6722.935346	-14603.065205	-29839.154165	187500.000000	-17688.365899	-187500.022352	-18573.964366	-29268.827053	-0.040141	0.971068	0.141934	192.000000	0.000000	0.000000	0.000000	0.000000	0.000000	0.000000	0.000000	0.000000	0.000000	1741983477.355001	0.000000
200.000000	-3430.903367	-1966.662939	-21506.088556	-11377.976701	-20041.736369	-187500.022352	-23232.514946	942.416601	-6716.319229	-14599.421871	-29921.788564	187500.000000	-17692.523324	-187500.022352	-18576.333651	-29263.976725	-0.039071	0.973534	0.140967	192.000000	127.000000	104.000000	15.000000	64.000000	2.000000	48.000000	0.000000	0.000000	0.000000	1741983477.355147	0.000000
202.000000	-3429.405800	-1965.433593	-21516.862096	-11384.816335	-20038.540070	-187500.022352	-23228.424576	939.220302	-6720.297840	-14595.242094	-29834.505002	187500.000000	-17691.673957	-187500.022352	-18568.108209	-29267.597707	-0.039071	0.973534	0.140967	192.000000	0.000000	0.000000	0.000000	0.000000	0.000000	0.000000	0.000000	0.000000	0.000000	1741983477.355306	0.000000
204.000000	-3422.365001	-1959.085698	-21499.740660	-11378.557846	-20028.772358	-187500.022352	-23220.959094	945.232921	-6715.983953	-14588.961254	-29922.861448	187500.000000	-17681.839190	-187500.022352	-18568.756410	-29263.462634	-0.039071	0.973534	0.140967	192.000000	0.000000	0.000000	0.000000	0.000000	0.000000	0.000000	0.000000	0.000000	0.000000	1741983477.355449	0.000000
206.000000	-3425.047210	-1963.533695	-21511.318864	-11380.636559	-20033.935611	-187500.022352	-23227.776376	940.047317	-6713.972296	-14593.744528	-29867.496177	187500.000000	-17676.854751	-187500.022352	-18565.135427	-29264.893146	-0.039071	0.973534	0.140967	192.000000	0.000000	0.000000	0.000000	0.000000	0.000000	0.000000	0.000000	0.000000	0.000000	1741983477.355586	0.000000
208.000000	-3433.272652	-1970.753309	-21511.318864	-11389.644312	-20036.126081	-187500.022352	-23236.895887	932.067744	-6720.543709	-14594.169211	-29932.472698	187500.000000	-17684.454344	-187500.022352	-18576.132485	-29266.211899	-0.039071	0.973534	0.140967	192.000000	0.000000	0.000000	0.000000	0.000000	0.000000	0.000000	0.000000	0.000000	0.000000	1741983477.355734	0.000000
210.000000	-3441.542797	-1980.297504	-21520.281913	-11400.261390	-20041.088169	-187500.022352	-23242.483824	926.680973	-6728.411523	-14608.563734	-29866.892680	187500.000000	-17690.623425	-187500.022352	-18579.194674	-29285.344992	-0.036535	0.974767	0.144483	192.000000	127.000000	120.000000	15.000000	64.000000	2.000000	80.000000	0.000000	0.000000	0.000000	1741983477.414909	0.000000
212.000000	-3438.815884	-1977.503535	-21519.007864	-11393.444108	-20039.657657	-187500.022352	-23239.131062	928.580872	-6727.763322	-14607.088519	-29891.636061	187500.000000	-17693.551504	-187500.022352	-18585.676680	-29281.679306	-0.036535	0.974767	0.144483	192.000000	0.000000	0.000000	0.000000	0.000000	0.000000	0.000000	0.000000	0.000000	0.000000	1741983477.415098	0.000000
214.000000	-3440.849893	-1978.464660	-21515.409233	-11388.169096	-20040.462320	-187500.022352	-23236.761777	937.096886	-6718.621459	-14609.658970	-29865.439816	187500.000000	-17685.773097	-187500.022352	-18572.109171	-29271.777483	-0.036535	0.974767	0.144483	192.000000	0.000000	0.000000	0.000000	0.000000	0.000000	0.000000	0.000000	0.000000	0.000000	1741983477.415248	0.000000
216.000000	-3430.858663	-1968.182858	-21513.308169	-11384.950445	-20027.051273	-187500.022352	-23226.010588	939.846151	-6726.981011	-14604.942752	-29880.147264	187500.000000	-17693.439745	-187500.022352	-18576.445410	-29269.698771	-0.036535	0.974767	0.144483	192.000000	0.000000	0.000000	0.000000	0.000000	0.000000	0.000000	0.000000	0.000000	0.000000	1741983477.415396	0.000000
218.000000	-3445.275539	-1984.097300	-21518.203201	-11393.801736	-20040.283506	-187500.022352	-23239.868669	932.447723	-6720.275488	-14618.934944	-29891.636061	187500.000000	-17687.494181	-187500.022352	-18565.068372	-29268.715294	-0.036535	0.974767	0.144483	192.000000	0.000000	0.000000	0.000000	0.000000	0.000000	0.000000	0.000000	0.000000	0.000000	1741983477.415533	0.000000
220.000000	-3440.000527	-1975.581285	-21530.228440	-11391.566562	-20039.635305	-187500.022352	-23238.214640	928.536168	-6733.708886	-14605.412138	-29869.910165	187500.000000	-17703.386271	-187500.022352	-18584.849666	-29272.023353	-0.036268	0.975383	0.143242	192.000000	127.000000	112.000000	15.000000	64.000000	2.000000	56.000000	0.000000	0.000000	0.000000	1741983477.415666	0.000000
222.000000	-3445.141428	-1981.146870	-21528.082672	-11398.070919	-20043.748026	-187500.022352	-23246.775359	923.864654	-6733.015982	-14609.435452	-29891.054915	187500.000000	-17696.725452	-187500.022352	-18581.586311	-29275.778446	-0.036268	0.975383	0.143242	192.000000	0.000000	0.000000	0.000000	0.000000	0.000000	0.000000	0.000000	0.000000	0.000000	1741983477.415820	0.000000
224.000000	-3437.832408	-1975.648341	-21528.887335	-11395.969855	-20036.595468	-187500.022352	-23232.000855	935.487561	-6723.449436	-14607.714368	-29868.569060	187500.000000	-17693.149172	-187500.022352	-18586.011956	-29274.102065	-0.036268	0.975383	0.143242	192.000000	0.000000	0.000000	0.000000	0.000000	0.000000	0.000000	0.000000	0.000000	0.000000	1741983477.475100	0.000000
226.000000	-3438.033573	-1977.816460	-21515.319826	-11398.674416	-20041.356390	-187500.022352	-23246.440082	933.140628	-6718.934383	-14609.301342	-29914.881875	187500.000000	-17688.947044	-187500.022352	-18579.999337	-29279.175911	-0.036268	0.975383	0.143242	192.000000	0.000000	0.000000	0.000000	0.000000	0.000000	0.000000	0.000000	0.000000	0.000000	1741983477.475273	0.000000
228.000000	-3439.620547	-1981.057463	-21526.428643	-11396.863925	-20043.613916	-187500.022352	-23242.908507	929.430238	-6726.288107	-14622.332409	-29857.460243	187500.000000	-17698.066556	-187500.022352	-18588.001262	-29282.327507	-0.036268	0.975383	0.143242	192.000000	0.000000	0.000000	0.000000	0.000000	0.000000	0.000000	0.000000	0.000000	0.000000	1741983477.475417	0.000000
230.000000	-3435.843102	-1971.312102	-21508.435489	-11384.436355	-20040.775244	-187500.022352	-23239.935725	929.541997	-6719.671991	-14606.060339	-29916.804125	187500.000000	-17688.544713	-187500.022352	-18578.166494	-29273.319754	-0.030000	0.976000	0.146000	192.000000	127.500000	8.000000	15.000000	64.000000	2.000000	72.000000	0.000000	0.000000	0.000000	1741983477.475563	0.000000
232.000000	-3431.685678	-1967.244085	-21521.779480	-11381.083593	-20039.456491	-187500.022352	-23236.426501	937.007479	-6722.153034	-14603.646350	-29847.916049	187500.000000	-17692.724489	-187500.022352	-18584.223817	-29272.269222	-0.030000	0.976000	0.146000	192.000000	0.000000	0.000000	0.000000	0.000000	0.000000	0.000000	0.000000	0.000000	0.000000	1741983477.475718	0.000000
234.000000	-3444.359117	-1980.565724	-21510.983588	-11389.465498	-20046.452587	-187500.022352	-23249.502271	932.425372	-6719.470825	-14609.077824	-29938.999407	187500.000000	-17690.064632	-187500.022352	-18578.345308	-29266.882451	-0.030000	0.976000	0.146000	192.000000	0.000000	0.000000	0.000000	0.000000	0.000000	0.000000	0.000000	0.000000	0.000000	1741983477.475866	0.000000
236.000000	-3433.205597	-1974.977788	-21523.768785	-11388.169096	-20041.110520	-187500.022352	-23235.621838	932.827703	-6728.791503	-14613.011731	-29839.668255	187500.000000	-17699.765289	-187500.022352	-18589.096497	-29281.522844	-0.030000	0.976000	0.146000	192.000000	0.000000	0.000000	0.000000	0.000000	0.000000	0.000000	0.000000	0.000000	0.000000	1741983477.476013	0.000000
238.000000	-3444.582635	-1982.957361	-21517.912628	-11395.478117	-20049.492425	-187500.022352	-23253.145606	921.607127	-6727.875081	-14620.320752	-29925.990692	187500.000000	-17696.680748	-187500.022352	-18587.353061	-29284.339164	-0.030000	0.976000	0.146000	192.000000	0.000000	0.000000	0.000000	0.000000	0.000000	0.000000	0.000000	0.000000	0.000000	1741983477.476154	0.000000
240.000000	-3442.861550	-1981.660960	-21528.037969	-11392.997073	-20041.512852	-187500.022352	-23246.305972	930.413715	-6729.663221	-14613.615228	-29836.293141	187500.000000	-17694.400870	-187500.022352	-18584.939073	-29280.159388	-0.030000	0.972000	0.148000	192.000000	127.500000	8.000000	15.000000	48.000000	2.000000	80.000000	0.000000	0.000000	0.000000	1741983477.534893	0.000000
242.000000	-3446.460181	-1985.304294	-21514.090480	-11388.079690	-20045.647925	-187500.022352	-23248.339981	928.692630	-6731.429008	-14614.665760	-29930.997483	187500.000000	-17695.116126	-187500.022352	-18587.241302	-29275.823149	-0.030000	0.972000	0.148000	192.000000	0.000000	0.000000	0.000000	0.000000	0.000000	0.000000	0.000000	0.000000	0.000000	1741983477.535060	0.000000
244.000000	-3443.755620	-1982.510326	-21531.457786	-11393.667626	-20049.335962	-187500.022352	-23251.402170	919.439008	-6734.222976	-14616.275086	-29843.043368	187500.000000	-17694.043242	-187500.022352	-18586.056660	-29277.901861	-0.030000	0.972000	0.148000	192.000000	0.000000	0.000000	0.000000	0.000000	0.000000	0.000000	0.000000	0.000000	0.000000	1741983477.535209	0.000000
246.000000	-3434.524350	-1973.033187	-21517.309131	-11383.765803	-20045.737332	-187500.022352	-23256.565423	917.472055	-6722.175386	-14607.893182	-29934.439651	187500.000000	-17690.198742	-187500.022352	-18588.895331	-29275.286707	-0.030000	0.972000	0.148000	192.000000	0.000000	0.000000	0.000000	0.000000	0.000000	0.000000	0.000000	0.000000	0.000000	1741983477.535365	0.000000
248.000000	-3442.861550	-1986.444233	-21536.375169	-11391.834783	-20048.285430	-187500.022352	-23245.210736	926.368049	-6730.445532	-14614.375188	-29843.199830	187500.000000	-17698.088908	-187500.022352	-18590.817582	-29284.137998	-0.030000	0.972000	0.148000	192.000000	0.000000	0.000000	0.000000	0.000000	0.000000	0.000000	0.000000	0.000000	0.000000	1741983477.535503	0.000000
250.000000	-3435.954861	-1978.710530	-21516.683282	-11381.463573	-20034.472052	-187500.022352	-23242.349713	931.866578	-6722.711828	-14612.810566	-29929.656378	187500.000000	-17690.355204	-187500.022352	-18590.348195	-29274.325582	-0.038000	0.966000	0.148000	192.000000	127.000000	104.000000	15.000000	24.000000	2.000000	80.000000	0.000000	0.000000	0.000000	1741983477.535648	0.000000
252.000000	-3434.054963	-1976.877687	-21527.792099	-11386.805640	-20036.953096	-187500.022352	-23240.963905	935.196988	-6722.533014	-14604.026330	-29864.366932	187500.000000	-17683.962605	-187500.022352	-18579.149971	-29271.397504	-0.038000	0.966000	0.148000	192.000000	0.000000	0.000000	0.000000	0.000000	0.000000	0.000000	0.000000	0.000000	0.000000	1741983477.535799	0.000000
254.000000	-3438.234739	-1977.995274	-21521.243038	-11392.192410	-20038.808291	-187500.022352	-23236.538260	941.611939	-6723.561194	-14598.974836	-29937.188916	187500.000000	-17685.706042	-187500.022352	-18590.147029	-29270.078751	-0.038000	0.966000	0.148000	192.000000	0.000000	0.000000	0.000000	0.000000	0.000000	0.000000	0.000000	0.000000	0.000000	1741983477.535936	0.000000
0.000000	-3458.552475	-2000.838757	-21540.465539	-11411.057283	-20057.561404	-187500.022352	-23260.544033	922.121218	-6735.049991	-14630.647258	-29859.784825	187500.000000	-17694.155001	-187500.022352	-18597.143125	-29287.311946	-0.038000	0.966000	0.148000	192.000000	0.000000	0.000000	0.000000	0.000000	0.000000	0.000000	0.000000	0.000000	0.000000	1741983477.595887	0.000000
2.000000	-3447.644824	-1989.059387	-21526.227477	-11397.757995	-20040.954058	-187500.022352	-23243.288486	928.402058	-6736.256985	-14623.002961	-29898.185122	187500.000000	-17696.300768	-187500.022352	-18605.972064	-29289.234196	-0.038000	0.966000	0.148000	192.000000	0.000000	0.000000	0.000000	0.000000	0.000000	0.000000	0.000000	0.000000	0.000000	1741983477.596066	0.000000
4.000000	-3442.727440	-1983.136175	-21526.003960	-11393.444108	-20041.512852	-187500.022352	-23236.806481	930.480770	-6730.333773	-14611.581220	-29862.355275	187500.000000	-17683.984957	-187500.022352	-18588.358890	-29283.221577	-0.036000	0.970000	0.146000	192.000000	127.000000	112.000000	15.000000	40.000000	2.000000	72.000000	0.000000	0.000000	0.000000	1741983477.596208	0.000000
6.000000	-3448.605949	-1990.847527	-21522.159460	-11397.601533	-20048.017210	-187500.022352	-23246.954172	929.251424	-6723.091808	-14608.988417	-29903.795410	187500.000000	-17686.309539	-187500.022352	-18588.157724	-29276.717219	-0.036000	0.970000	0.146000	192.000000	0.000000	0.000000	0.000000	0.000000	0.000000	0.000000	0.000000	0.000000	0.000000	1741983477.596356	0.000000
8.000000	-3449.432963	-1995.004951	-21528.842631	-11402.138937	-20050.788826	-187500.022352	-23248.474091	931.754819	-6736.458151	-14631.720141	-29855.716807	187500.000000	-17699.005329	-187500.022352	-18600.317073	-29296.297347	-0.036000	0.970000	0.146000	192.000000	0.000000	0.000000	0.000000	0.000000	0.000000	0.000000	0.000000	0.000000	0.000000	1741983477.596491	0.000000
10.000000	-3431.819788	-1979.246972	-21520.416024	-11388.124393	-20027.207735	-187500.022352	-23235.666542	937.387459	-6714.978124	-14609.927191	-29888.596223	187500.000000	-17681.906245	-187500.022352	-18594.438564	-29279.175911	-0.036000	0.970000	0.146000	192.000000	0.000000	0.000000	0.000000	0.000000	0.000000	0.000000	0.000000	0.000000	0.000000	1741983477.596637	0.000000
12.000000	-3445.029669	-1987.360655	-21523.455861	-11392.862963	-20039.836471	-187500.022352	-23238.572268	939.376764	-6718.822625	-14606.507374	-29900.889683	187500.000000	-17681.302748	-187500.022352	-18587.822448	-29282.282803	-0.036000	0.970000	0.146000	192.000000	0.000000	0.000000	0.000000	0.000000	0.000000	0.000000	0.000000	0.000000	0.000000	1741983477.596787	0.000000
14.000000	-3451.332861	-1995.630800	-21533.603553	-11402.697730	-20049.000686	-187500.022352	-23250.753969	933.833532	-6733.306555	-14623.517051	-29871.430084	187500.000000	-17694.847905	-187500.022352	-18595.667910	-29280.807588	-0.038000	0.976000	0.144000	192.000000	127.000000	104.000000	15.000000	64.000000	2.000000	64.000000	0.000000	0.000000	0.000000	1741983477.655614	0.000000
16.000000	-3441.386335	-1985.281943	-21517.912628	-11387.498544	-20043.837433	-187500.022352	-23239.756911	935.375802	-6729.327944	-14616.833880	-29890.250253	187500.000000	-17691.159867	-187500.022352	-18595.578503	-29279.555891	-0.038000	0.976000	0.144000	192.000000	0.000000	0.000000	0.000000	0.000000	0.000000	0.000000	0.000000	0.000000	0.000000	1741983477.655804	0.000000
18.000000	-3425.874224	-1966.350015	-21516.549172	-11373.081669	-20027.945343	-187500.022352	-23220.243838	955.157096	-6716.542747	-14602.327597	-29856.744988	187500.000000	-17685.013137	-187500.022352	-18592.024576	-29268.089446	-0.038000	0.976000	0.144000	192.000000	0.000000	0.000000	0.000000	0.000000	0.000000	0.000000	0.000000	0.000000	0.000000	1741983477.655943	0.000000
20.000000	-3431.618623	-1968.495782	-21512.235285	-11381.150649	-20037.042503	-187500.022352	-23232.738463	950.530285	-6710.664238	-14588.178943	-29907.461096	187500.000000	-17676.072440	-187500.022352	-18577.205369	-29261.674495	-0.038000	0.976000	0.144000	192.000000	0.000000	0.000000	0.000000	0.000000	0.000000	0.000000	0.000000	0.000000	0.000000	1741983477.656092	0.000000
22.000000	-3438.547664	-1980.141041	-21530.407254	-11392.371224	-20047.659582	-187500.022352	-23241.656809	945.121163	-6727.115122	-14604.875696	-29840.852897	187500.000000	-17686.555408	-187500.022352	-18595.377337	-29276.851329	-0.038000	0.976000	0.144000	192.000000	0.000000	0.000000	0.000000	0.000000	0.000000	0.000000	0.000000	0.000000	0.000000	1741983477.656237	0.000000
24.000000	-3443.442696	-1983.471451	-21517.398538	-11390.806602	-20048.643058	-187500.022352	-23242.841452	942.148381	-6722.801235	-14610.508336	-29914.099564	187500.000000	-17689.639949	-187500.022352	-18597.590160	-29276.516053	-0.040000	0.970000	0.148000	192.000000	127.000000	96.000000	15.000000	40.000000	2.000000	80.000000	0.000000	0.000000	0.000000	1741983477.656382	0.000000
26.000000	-3435.619585	-1979.224620	-21527.881506	-11390.650140	-20046.385532	-187500.022352	-23247.155338	933.230034	-6715.738084	-14607.043815	-29830.481688	187500.000000	-17687.270664	-187500.022352	-18595.936131	-29280.584071	-0.040000	0.970000	0.148000	192.000000	0.000000	0.000000	0.000000	0.000000	0.000000	0.000000	0.000000	0.000000	0.000000	1741983477.656528	0.000000
28.000000	-3437.474780	-1977.659998	-21512.592913	-11388.347910	-20045.066779	-187500.022352	-23246.641248	939.443819	-6721.482482	-14591.934036	-29905.114163	187500.000000	-17684.543751	-187500.022352	-18594.103288	-29276.650164	-0.040000	0.970000	0.148000	192.000000	0.000000	0.000000	0.000000	0.000000	0.000000	0.000000	0.000000	0.000000	0.000000	1741983477.656664	0.000000
30.000000	-3439.754658	-1982.420919	-21524.215820	-11390.516030	-20040.216451	-187500.022352	-23240.203946	941.366069	-6724.723485	-14615.269257	-29811.974443	187500.000000	-17688.634120	-187500.022352	-18598.148954	-29279.064152	-0.040000	0.970000	0.148000	192.000000	0.000000	0.000000	0.000000	0.000000	0.000000	0.000000	0.000000	0.000000	0.000000	1741983477.715092	0.000000
32.000000	-3433.853797	-1973.994312	-21499.695957	-11380.033062	-20033.130948	-187500.022352	-23241.612106	945.836418	-6713.100578	-14593.006920	-29908.668090	187500.000000	-17675.960681	-187500.022352	-18592.002224	-29274.347934	-0.040000	0.970000	0.148000	192.000000	0.000000	0.000000	0.000000	0.000000	0.000000	0.000000	0.000000	0.000000	0.000000	1741983477.715264	0.000000
34.000000	-3427.036515	-1969.412204	-21513.151707	-11380.658910	-20029.286448	-187500.022352	-23225.429443	955.201799	-6709.367837	-14598.013711	-29827.039519	187500.000000	-17670.909187	-187500.022352	-18585.900198	-29271.643373	-0.038000	0.970000	0.144000	192.000000	127.000000	104.000000	15.000000	40.000000	2.000000	64.000000	0.000000	0.000000	0.000000	1741983477.715414	0.000000
36.000000	-3441.006355	-1982.420919	-21513.732852	-11390.739547	-20043.837433	-187500.022352	-23245.456606	952.586645	-6720.878985	-14598.259580	-29926.683596	187500.000000	-17678.508780	-187500.022352	-18588.068317	-29270.861062	-0.038000	0.970000	0.144000	192.000000	0.000000	0.000000	0.000000	0.000000	0.000000	0.000000	0.000000	0.000000	0.000000	1741983477.715567	0.000000
38.000000	-3443.085068	-1988.120614	-21531.256620	-11396.886277	-20050.162977	-187500.022352	-23249.770492	935.040526	-6726.958660	-14612.609400	-29820.490458	187500.000000	-17687.002443	-187500.022352	-18595.399689	-29282.640431	-0.038000	0.970000	0.144000	192.000000	0.000000	0.000000	0.000000	0.000000	0.000000	0.000000	0.000000	0.000000	0.000000	1741983477.715714	0.000000
40.000000	-3436.714820	-1978.174088	-21512.101175	-11381.910608	-20032.661561	-187500.022352	-23223.551896	948.093945	-6725.326982	-14610.441281	-29894.921767	187500.000000	-17689.572893	-187500.022352	-18598.595989	-29280.025277	-0.038000	0.970000	0.144000	192.000000	0.000000	0.000000	0.000000	0.000000	0.000000	0.000000	0.000000	0.000000	0.000000	1741983477.715847	0.000000
42.000000	-3435.463123	-1974.664864	-21520.818355	-11381.731794	-20031.722788	-187500.022352	-23226.681140	955.492372	-6720.409598	-14593.521010	-29826.480726	187500.000000	-17676.497123	-187500.022352	-18579.127619	-29267.485949	-0.038000	0.970000	0.144000	192.000000	0.000000	0.000000	0.000000	0.000000	0.000000	0.000000	0.000000	0.000000	0.000000	1741983477.715995	0.000000
44.000000	-3441.006355	-1976.251838	-21517.711463	-11390.717195	-20043.077474	-187500.022352	-23247.222393	944.942349	-6733.083038	-14598.773670	-29892.060744	187500.000000	-17688.835286	-187500.022352	-18593.477439	-29274.482045	-0.038000	0.974000	0.148000	192.000000	127.000000	104.000000	15.000000	56.000000	2.000000	80.000000	0.000000	0.000000	0.000000	1741983477.774629	0.000000
46.000000	-3445.342594	-1985.170184	-21526.652160	-11401.200164	-20040.954058	-187500.022352	-23240.762739	942.193084	-6725.505796	-14612.430586	-29807.906426	187500.000000	-17683.292053	-187500.022352	-18594.147991	-29283.132170	-0.038000	0.974000	0.148000	192.000000	0.000000	0.000000	0.000000	0.000000	0.000000	0.000000	0.000000	0.000000	0.000000	1741983477.774837	0.000000
48.000000	-3435.060791	-1974.642512	-21517.353835	-11394.516992	-20032.393340	-187500.022352	-23237.141757	944.472962	-6722.667125	-14606.417967	-29863.115235	187500.000000	-17683.336757	-187500.022352	-18600.562942	-29283.422742	-0.038000	0.974000	0.148000	192.000000	0.000000	0.000000	0.000000	0.000000	0.000000	0.000000	0.000000	0.000000	0.000000	1741983477.774974	0.000000
50.000000	-3426.544777	-1959.711547	-21515.453937	-11387.386785	-20023.854974	-187500.022352	-23220.959094	956.229980	-6714.195813	-14593.208086	-29824.536124	187500.000000	-17674.261948	-187500.022352	-18582.212160	-29276.024315	-0.038000	0.974000	0.148000	192.000000	0.000000	0.000000	0.000000	0.000000	0.000000	0.000000	0.000000	0.000000	0.000000	1741983477.775115	0.000000
52.000000	-3430.679849	-1963.511343	-21516.057434	-11385.352777	-20025.732520	-187500.022352	-23227.262286	951.849038	-6719.224956	-14597.365510	-29870.647773	187500.000000	-17682.263873	-187500.022352	-18582.636843	-29272.135111	-0.038000	0.974000	0.148000	192.000000	0.000000	0.000000	0.000000	0.000000	0.000000	0.000000	0.000000	0.000000	0.000000	1741983477.775254	0.000000
54.000000	-3441.721611	-1979.761062	-21522.360626	-11386.380957	-20032.974486	-187500.022352	-23236.292390	947.825724	-6715.223994	-14617.593839	-29831.912199	187500.000000	-17680.408678	-187500.022352	-18576.758334	-29272.604498	-0.042000	0.978000	0.148000	192.000000	127.000000	88.000000	15.000000	72.000000	2.000000	80.000000	0.000000	0.000000	0.000000	1741983477.775401	0.000000
56.000000	-3433.920852	-1968.160506	-21523.947599	-11380.077765	-20030.314628	-187500.022352	-23229.855088	951.692575	-6714.039351	-14606.149746	-29843.423348	187500.000000	-17681.548617	-187500.022352	-18581.295738	-29262.434454	-0.042000	0.978000	0.148000	192.000000	0.000000	0.000000	0.000000	0.000000	0.000000	0.000000	0.000000	0.000000	0.000000	1741983477.775563	0.000000
58.000000	-3426.924756	-1953.698928	-21518.806698	-11378.423736	-20029.465262	-187500.022352	-23234.951286	949.345642	-6715.492215	-14605.166269	-29823.954978	187500.000000	-17681.392155	-187500.022352	-18580.133448	-29267.932983	-0.042000	0.978000	0.148000	192.000000	0.000000	0.000000	0.000000	0.000000	0.000000	0.000000	0.000000	0.000000	0.000000	1741983477.775701	0.000000
60.000000	-3414.206614	-1942.277186	-21512.704672	-11374.713346	-20023.385587	-187500.022352	-23238.058178	938.817971	-6713.994648	-14601.120603	-29829.051176	187500.000000	-17684.409640	-187500.022352	-18584.045003	-29266.994210	-0.042000	0.978000	0.148000	192.000000	0.000000	0.000000	0.000000	0.000000	0.000000	0.000000	0.000000	0.000000	0.000000	1741983477.835167	0.000000
62.000000	-3415.391256	-1944.087677	-21505.149782	-11375.585064	-20030.336980	-187500.022352	-23238.169937	936.202817	-6695.487403	-14594.370376	-29840.159993	187500.000000	-17674.686632	-187500.022352	-18569.225796	-29263.037951	-0.042000	0.978000	0.148000	192.000000	0.000000	0.000000	0.000000	0.000000	0.000000	0.000000	0.000000	0.000000	0.000000	1741983477.835334	0.000000
64.000000	-3404.908288	-1934.163503	-21510.603608	-11372.277006	-20021.329227	-187500.022352	-23222.121384	938.415639	-6699.957752	-14593.923342	-29809.180475	187500.000000	-17681.548617	-187500.022352	-18573.740849	-29261.786254	-0.038000	0.974000	0.142000	192.000000	127.000000	104.000000	15.000000	56.000000	2.000000	56.000000	0.000000	0.000000	0.000000	1741983477.835490	0.000000
66.000000	-3416.531195	-1941.092544	-21508.301378	-11378.267274	-20036.148433	-187500.022352	-23239.891021	932.246558	-6702.461148	-14603.378129	-29849.637133	187500.000000	-17683.672033	-187500.022352	-18569.628128	-29263.619097	-0.038000	0.974000	0.142000	192.000000	0.000000	0.000000	0.000000	0.000000	0.000000	0.000000	0.000000	0.000000	0.000000	1741983477.835651	0.000000
68.000000	-3401.041436	-1927.972070	-21510.447146	-11364.744468	-20021.172764	-187500.022352	-23225.518850	938.505046	-6708.943153	-14612.855269	-29792.729591	187500.000000	-17691.271626	-187500.022352	-18579.351137	-29260.087521	-0.038000	0.974000	0.142000	192.000000	0.000000	0.000000	0.000000	0.000000	0.000000	0.000000	0.000000	0.000000	0.000000	1741983477.835798	0.000000
70.000000	-3406.942297	-1929.626099	-21494.264483	-11359.871788	-20022.849145	-187500.022352	-23233.498422	936.515741	-6684.982083	-14572.085687	-29877.666220	187500.000000	-17669.657489	-187500.022352	-18559.659250	-29239.948599	-0.038000	0.974000	0.142000	192.000000	0.000000	0.000000	0.000000	0.000000	0.000000	0.000000	0.000000	0.000000	0.000000	1741983477.835938	0.000000
72.000000	-3406.338800	-1932.911805	-21518.873753	-11373.148724	-20023.117366	-187500.022352	-23230.547992	931.061915	-6700.181270	-14599.958313	-29810.365118	187500.000000	-17686.063669	-187500.022352	-18572.600910	-29259.238155	-0.038000	0.974000	0.142000	192.000000	0.000000	0.000000	0.000000	0.000000	0.000000	0.000000	0.000000	0.000000	0.000000	1741983477.836072	0.000000
74.000000	-3403.745997	-1927.726201	-21497.170210	-11366.443201	-20028.146509	-187500.022352	-23235.286562	937.007479	-6695.554459	-14595.376205	-29900.710869	187500.000000	-17678.642890	-187500.022352	-18567.012974	-29252.175004	-0.040000	0.970000	0.146000	192.000000	127.000000	96.000000	15.000000	40.000000	2.000000	72.000000	0.000000	0.000000	0.000000	1741983477.895222	0.000000
76.000000	-3411.457349	-1941.628986	-21511.274160	-11374.020442	-20036.059026	-187500.022352	-23239.131062	930.123142	-6702.639962	-14607.066167	-29820.222237	187500.000000	-17685.326062	-187500.022352	-18572.757372	-29252.823204	-0.040000	0.970000	0.146000	192.000000	0.000000	0.000000	0.000000	0.000000	0.000000	0.000000	0.000000	0.000000	0.000000	1741983477.895423	0.000000
78.000000	-3411.345591	-1936.868064	-21496.745526	-11371.986434	-20038.070683	-187500.022352	-23250.888080	918.835511	-6698.415482	-14611.156536	-29893.223035	187500.000000	-17684.297882	-187500.022352	-18575.886616	-29254.812509	-0.040000	0.970000	0.146000	192.000000	0.000000	0.000000	0.000000	0.000000	0.000000	0.000000	0.000000	0.000000	0.000000	1741983477.895566	0.000000
80.000000	-3410.071541	-1933.269433	-21513.531686	-11371.561750	-20031.052235	-187500.022352	-23243.623763	919.729581	-6704.182232	-14600.450051	-29804.106629	187500.000000	-17685.504876	-187500.022352	-18577.048907	-29256.511242	-0.040000	0.970000	0.146000	192.000000	0.000000	0.000000	0.000000	0.000000	0.000000	0.000000	0.000000	0.000000	0.000000	1741983477.895721	0.000000
82.000000	-3408.752788	-1929.782561	-21499.159515	-11364.565654	-20028.750006	-187500.022352	-23234.951286	932.157151	-6711.692418	-14601.835859	-29879.610822	187500.000000	-17687.717699	-187500.022352	-18575.797209	-29252.934963	-0.040000	0.970000	0.146000	192.000000	0.000000	0.000000	0.000000	0.000000	0.000000	0.000000	0.000000	0.000000	0.000000	1741983477.895877	0.000000
84.000000	-3404.170681	-1933.336488	-21505.976797	-11357.793076	-20032.683913	-187500.022352	-23235.554783	934.258215	-6700.158918	-14595.107984	-29791.544949	187500.000000	-17681.839190	-187500.022352	-18564.911910	-29243.480175	-0.042000	0.976000	0.148000	192.000000	127.000000	88.000000	15.000000	64.000000	2.000000	80.000000	0.000000	0.000000	0.000000	1741983477.896028	0.000000
86.000000	-3398.381579	-1925.893358	-21487.044869	-11352.741582	-20026.112500	-187500.022352	-23232.783167	930.860750	-6690.972351	-14588.380109	-29891.010212	187500.000000	-17676.139495	-187500.022352	-18561.648555	-29234.986512	-0.042000	0.976000	0.148000	192.000000	0.000000	0.000000	0.000000	0.000000	0.000000	0.000000	0.000000	0.000000	0.000000	1741983477.896188	0.000000
88.000000	-3409.624506	-1939.125590	-21514.135184	-11374.936864	-20036.081378	-187500.022352	-23244.137853	918.902566	-6701.947057	-14610.463632	-29790.494417	187500.000000	-17681.816838	-187500.022352	-18563.816674	-29247.704655	-0.042000	0.976000	0.148000	192.000000	0.000000	0.000000	0.000000	0.000000	0.000000	0.000000	0.000000	0.000000	0.000000	1741983477.896326	0.000000
90.000000	-3414.318373	-1945.071154	-21502.869904	-11379.966006	-20034.807329	-187500.022352	-23250.731617	913.784017	-6710.597183	-14613.615228	-29871.832415	187500.000000	-17684.655510	-187500.022352	-18575.663099	-29257.762940	-0.042000	0.976000	0.148000	192.000000	0.000000	0.000000	0.000000	0.000000	0.000000	0.000000	0.000000	0.000000	0.000000	1741983477.956112	0.000000
92.000000	-3413.960745	-1947.909826	-21515.163364	-11382.357643	-20037.646000	-187500.022352	-23253.905565	912.733485	-6704.763377	-14619.761958	-29797.132885	187500.000000	-17679.961643	-187500.022352	-18571.662137	-29262.792082	-0.042000	0.976000	0.148000	192.000000	0.000000	0.000000	0.000000	0.000000	0.000000	0.000000	0.000000	0.000000	0.000000	1741983477.956278	0.000000
94.000000	-3404.416550	-1935.303442	-21501.640558	-11370.690032	-20031.253401	-187500.022352	-23237.789957	924.468151	-6701.231802	-14600.047719	-29872.078284	187500.000000	-17682.353280	-187500.022352	-18578.367660	-29262.456806	-0.036000	0.974000	0.146000	192.000000	127.000000	112.000000	15.000000	56.000000	2.000000	72.000000	0.000000	0.000000	0.000000	1741983477.956414	0.000000
96.000000	-3412.619640	-1940.399640	-21515.275123	-11370.891198	-20035.120253	-187500.022352	-23240.047483	931.084267	-6698.728406	-14591.285836	-29813.561417	187500.000000	-17677.793524	-187500.022352	-18567.303546	-29255.572469	-0.036000	0.974000	0.146000	192.000000	0.000000	0.000000	0.000000	0.000000	0.000000	0.000000	0.000000	0.000000	0.000000	1741983477.956569	0.000000
98.000000	-3412.105550	-1944.065326	-21510.245980	-11376.635596	-20033.466224	-187500.022352	-23244.741350	918.880215	-6711.513604	-14600.450051	-29869.194909	187500.000000	-17686.488353	-187500.022352	-18575.752506	-29252.063245	-0.036000	0.974000	0.146000	192.000000	0.000000	0.000000	0.000000	0.000000	0.000000	0.000000	0.000000	0.000000	0.000000	1741983477.956719	0.000000
100.000000	-3408.886899	-1948.200398	-21516.035082	-11384.279893	-20041.378741	-187500.022352	-23246.753007	921.808293	-6709.323133	-14610.620095	-29816.556551	187500.000000	-17686.913036	-187500.022352	-18575.841913	-29267.932983	-0.036000	0.974000	0.146000	192.000000	0.000000	0.000000	0.000000	0.000000	0.000000	0.000000	0.000000	0.000000	0.000000	1741983477.956862	0.000000
102.000000	-3416.419437	-1953.229541	-21509.463669	-11387.431489	-20041.289334	-187500.022352	-23243.869632	927.396229	-6702.394092	-14614.956333	-29875.565156	187500.000000	-17684.387289	-187500.022352	-18579.306433	-29260.311039	-0.036000	0.974000	0.146000	192.000000	0.000000	0.000000	0.000000	0.000000	0.000000	0.000000	0.000000	0.000000	0.000000	1741983477.957001	0.000000
104.000000	-3419.571032	-1954.503590	-21514.805736	-11382.514105	-20046.519643	-187500.022352	-23244.607239	927.977375	-6718.040313	-14606.283856	-29820.781031	187500.000000	-17692.590379	-187500.022352	-18578.367660	-29266.949507	-0.032000	0.974000	0.148000	192.000000	127.500000	0.000000	15.000000	56.000000	2.000000	80.000000	0.000000	0.000000	0.000000	1741983478.017301	0.000000
106.000000	-3415.100684	-1949.340337	-21512.212934	-11373.349890	-20037.869518	-187500.022352	-23239.578097	934.057049	-6715.469863	-14591.352891	-29844.295066	187500.000000	-17690.489315	-187500.022352	-18582.010994	-29251.035065	-0.032000	0.974000	0.148000	192.000000	0.000000	0.000000	0.000000	0.000000	0.000000	0.000000	0.000000	0.000000	0.000000	1741983478.017485	0.000000
108.000000	-3404.774178	-1940.287881	-21500.970006	-11366.800829	-20033.108596	-187500.022352	-23237.924068	935.308747	-6706.015075	-14601.187658	-29834.572057	187500.000000	-17679.604015	-187500.022352	-18576.288948	-29259.238155	-0.032000	0.974000	0.148000	192.000000	0.000000	0.000000	0.000000	0.000000	0.000000	0.000000	0.000000	0.000000	0.000000	1741983478.017644	0.000000
110.000000	-3411.211480	-1943.350070	-21512.905838	-11377.261445	-20037.064855	-187500.022352	-23243.243783	921.920052	-6699.622476	-14591.978740	-29845.367950	187500.000000	-17681.369803	-187500.022352	-18575.819561	-29256.645352	-0.032000	0.974000	0.148000	192.000000	0.000000	0.000000	0.000000	0.000000	0.000000	0.000000	0.000000	0.000000	0.000000	1741983478.017794	0.000000
112.000000	-3406.159986	-1936.197512	-21500.634730	-11368.320747	-20027.833584	-187500.022352	-23240.047483	930.257252	-6705.679799	-14580.266426	-29866.847976	187500.000000	-17679.983995	-187500.022352	-18574.277291	-29261.249812	-0.032000	0.974000	0.148000	192.000000	0.000000	0.000000	0.000000	0.000000	0.000000	0.000000	0.000000	0.000000	0.000000	1741983478.017935	0.000000
114.000000	-3399.789739	-1933.470599	-21504.836858	-11365.415021	-20026.961866	-187500.022352	-23226.815251	938.728564	-6703.288162	-14585.653196	-29857.415540	187500.000000	-17675.580701	-187500.022352	-18571.125695	-29250.409216	-0.038000	0.976000	0.148000	192.000000	127.000000	104.000000	15.000000	64.000000	2.000000	80.000000	0.000000	0.000000	0.000000	1741983478.018072	0.000000
116.000000	-3403.455425	-1936.018698	-21502.422869	-11372.992262	-20032.840375	-187500.022352	-23229.072777	939.510875	-6698.504889	-14587.083708	-29903.549540	187500.000000	-17674.463114	-187500.022352	-18568.734058	-29252.778501	-0.038000	0.976000	0.148000	192.000000	0.000000	0.000000	0.000000	0.000000	0.000000	0.000000	0.000000	0.000000	0.000000	1741983478.018218	0.000000
118.000000	-3400.996733	-1935.526959	-21513.107003	-11377.261445	-20029.554669	-187500.022352	-23239.555745	928.893796	-6698.482537	-14578.254769	-29858.309610	187500.000000	-17678.553483	-187500.022352	-18574.813732	-29252.979666	-0.038000	0.976000	0.148000	192.000000	0.000000	0.000000	0.000000	0.000000	0.000000	0.000000	0.000000	0.000000	0.000000	1741983478.018365	0.000000
120.000000	-3415.637125	-1947.418087	-21507.653178	-11384.615169	-20038.294201	-187500.022352	-23250.843376	918.120255	-6704.450453	-14589.989434	-29920.581570	187500.000000	-17676.810047	-187500.022352	-18576.423058	-29264.736684	-0.038000	0.976000	0.148000	192.000000	0.000000	0.000000	0.000000	0.000000	0.000000	0.000000	0.000000	0.000000	0.000000	1741983478.076121	0.000000
122.000000	-3422.454408	-1957.789297	-21527.725044	-11393.488812	-20039.903526	-187500.022352	-23248.474091	917.874386	-6711.133624	-14613.726987	-29840.003531	187500.000000	-17686.555408	-187500.022352	-18585.475515	-29271.241042	-0.038000	0.976000	0.148000	192.000000	0.000000	0.000000	0.000000	0.000000	0.000000	0.000000	0.000000	0.000000	0.000000	1741983478.076288	0.000000
124.000000	-3418.900480	-1948.133343	-21510.178925	-11385.620998	-20039.367084	-187500.022352	-23248.317629	916.488578	-6715.223994	-14608.899010	-29908.198703	187500.000000	-17685.795449	-187500.022352	-18584.246169	-29272.850367	-0.034000	0.978000	0.154000	192.000000	127.000000	120.000000	15.000000	72.000000	2.000000	104.000000	0.000000	0.000000	0.000000	1741983478.076444	0.000000
126.000000	-3412.686695	-1937.113933	-21521.578314	-11380.211875	-20046.005553	-187500.022352	-23246.820062	915.683915	-6719.403770	-14596.136164	-29821.988025	187500.000000	-17689.863466	-187500.022352	-18583.642672	-29269.430550	-0.034000	0.978000	0.154000	192.000000	0.000000	0.000000	0.000000	0.000000	0.000000	0.000000	0.000000	0.000000	0.000000	1741983478.076594	0.000000
128.000000	-3400.080311	-1922.920575	-21491.783439	-11364.409192	-20036.573116	-187500.022352	-23244.920164	921.338906	-6702.818776	-14583.507429	-29911.171485	187500.000000	-17680.408678	-187500.022352	-18574.567863	-29259.618134	-0.034000	0.978000	0.154000	192.000000	0.000000	0.000000	0.000000	0.000000	0.000000	0.000000	0.000000	0.000000	0.000000	1741983478.076740	0.000000
130.000000	-3394.067692	-1925.312212	-21506.334425	-11364.006861	-20032.974486	-187500.022352	-23238.818138	923.529377	-6697.543764	-14573.069164	-29831.711034	187500.000000	-17678.642890	-187500.022352	-18565.716572	-29253.560812	-0.034000	0.978000	0.154000	192.000000	0.000000	0.000000	0.000000	0.000000	0.000000	0.000000	0.000000	0.000000	0.000000	1741983478.076888	0.000000
132.000000	-3404.729474	-1931.481294	-21503.093422	-11367.605492	-20040.864651	-187500.022352	-23255.067856	912.129988	-6700.315380	-14572.353908	-29930.684558	187500.000000	-17681.012175	-187500.022352	-18575.238416	-29255.617172	-0.034000	0.978000	0.154000	192.000000	0.000000	0.000000	0.000000	0.000000	0.000000	0.000000	0.000000	0.000000	0.000000	1741983478.077033	0.000000
134.000000	-3412.016143	-1937.091581	-21521.466556	-11372.813448	-20042.675143	-187500.022352	-23248.339981	921.540072	-6713.368799	-14581.249902	-29845.859688	187500.000000	-17687.941216	-187500.022352	-18580.535779	-29261.786254	-0.034000	0.972000	0.148000	192.000000	127.000000	120.000000	15.000000	48.000000	2.000000	80.000000	0.000000	0.000000	0.000000	1741983478.120957	0.000000
136.000000	-3408.596326	-1935.705773	-21502.914608	-11367.583140	-20032.750968	-187500.022352	-23231.375007	935.398154	-6716.766264	-14587.821315	-29938.552372	187500.000000	-17689.841114	-187500.022352	-18582.972119	-29258.947582	-0.034000	0.972000	0.148000	192.000000	0.000000	0.000000	0.000000	0.000000	0.000000	0.000000	0.000000	0.000000	0.000000	1741983478.121145	0.000000
138.000000	-3407.836367	-1941.204302	-21516.415062	-11378.222570	-20030.694608	-187500.022352	-23236.091225	936.247520	-6712.966467	-14599.980664	-29851.492328	187500.000000	-17680.542789	-187500.022352	-18574.657270	-29257.427663	-0.034000	0.972000	0.148000	192.000000	0.000000	0.000000	0.000000	0.000000	0.000000	0.000000	0.000000	0.000000	0.000000	1741983478.121284	0.000000
140.000000	-3410.295059	-1938.678555	-21504.434526	-11375.786230	-20036.304895	-187500.022352	-23238.639324	933.207683	-6697.633171	-14595.979702	-29940.362864	187500.000000	-17675.066611	-187500.022352	-18578.278253	-29253.381998	-0.034000	0.972000	0.148000	192.000000	0.000000	0.000000	0.000000	0.000000	0.000000	0.000000	0.000000	0.000000	0.000000	1741983478.121433	0.000000
142.000000	-3411.300887	-1940.220826	-21517.823221	-11379.317806	-20044.776207	-187500.022352	-23236.851184	924.289337	-6715.447511	-14604.719234	-29854.286296	187500.000000	-17684.588454	-187500.022352	-18582.636843	-29268.491777	-0.034000	0.972000	0.148000	192.000000	0.000000	0.000000	0.000000	0.000000	0.000000	0.000000	0.000000	0.000000	0.000000	1741983478.121585	0.000000
144.000000	-3410.071541	-1936.309270	-21505.149782	-11379.183695	-20036.640172	-187500.022352	-23238.371103	921.562424	-6708.943153	-14593.744528	-29927.577666	187500.000000	-17680.185161	-187500.022352	-18579.060564	-29260.176928	-0.036000	0.970000	0.146000	192.000000	127.000000	112.000000	15.000000	40.000000	2.000000	72.000000	0.000000	0.000000	0.000000	1741983478.170479	0.000000
146.000000	-3405.869413	-1935.549311	-21512.615265	-11374.132201	-20037.869518	-187500.022352	-23239.712207	926.166883	-6708.786691	-14597.834897	-29864.635153	187500.000000	-17678.955815	-187500.022352	-18577.115962	-29266.323658	-0.036000	0.970000	0.146000	192.000000	0.000000	0.000000	0.000000	0.000000	0.000000	0.000000	0.000000	0.000000	0.000000	1741983478.170663	0.000000
148.000000	-3403.611887	-1930.676631	-21507.742585	-11369.952425	-20034.650866	-187500.022352	-23242.908507	928.111485	-6704.293991	-14582.121620	-29927.465907	187500.000000	-17676.787696	-187500.022352	-18579.038212	-29260.154576	-0.036000	0.970000	0.146000	192.000000	0.000000	0.000000	0.000000	0.000000	0.000000	0.000000	0.000000	0.000000	0.000000	1741983478.170808	0.000000
150.000000	-3418.676963	-1945.317023	-21522.070053	-11381.642387	-20046.474939	-187500.022352	-23252.989143	917.449703	-6714.084055	-14592.805754	-29881.108389	187500.000000	-17681.526265	-187500.022352	-18576.020727	-29266.703637	-0.036000	0.970000	0.146000	192.000000	0.000000	0.000000	0.000000	0.000000	0.000000	0.000000	0.000000	0.000000	0.000000	1741983478.170954	0.000000
152.000000	-3425.203672	-1957.319910	-21523.120585	-11390.650140	-20049.425369	-187500.022352	-23257.861824	918.097904	-6724.790540	-14603.422833	-29901.135552	187500.000000	-17692.679786	-187500.022352	-18589.185904	-29273.051533	-0.036000	0.970000	0.146000	192.000000	0.000000	0.000000	0.000000	0.000000	0.000000	0.000000	0.000000	0.000000	0.000000	1741983478.171103	0.000000
154.000000	-3414.586593	-1948.580378	-21508.927227	-11383.631692	-20034.919087	-187500.022352	-23240.963905	924.490502	-6714.173462	-14602.238190	-29869.418427	187500.000000	-17684.722565	-187500.022352	-18581.966291	-29271.866890	-0.042000	0.970000	0.150000	192.000000	127.000000	88.000000	15.000000	40.000000	2.000000	88.000000	0.000000	0.000000	0.000000	1741983478.171248	0.000000
156.000000	-3417.514672	-1949.787372	-21513.017596	-11390.091347	-20034.025018	-187500.022352	-23250.999838	913.135816	-6712.921764	-14594.884467	-29887.255119	187500.000000	-17681.168637	-187500.022352	-18577.026555	-29266.480120	-0.042000	0.970000	0.150000	192.000000	0.000000	0.000000	0.000000	0.000000	0.000000	0.000000	0.000000	0.000000	0.000000	1741983478.171398	0.000000
158.000000	-3421.292117	-1955.867047	-21514.693977	-11393.309998	-20037.310724	-187500.022352	-23245.568364	900.015342	-6724.634078	-14613.056435	-29868.569060	187500.000000	-17689.170562	-187500.022352	-18582.122753	-29292.452847	-0.042000	0.970000	0.150000	192.000000	0.000000	0.000000	0.000000	0.000000	0.000000	0.000000	0.000000	0.000000	0.000000	1741983478.230743	0.000000
160.000000	-3413.044323	-1950.122648	-21516.102137	-11382.558809	-20026.984218	-187500.022352	-23233.364312	915.907433	-6716.162767	-14605.121565	-29846.709054	187500.000000	-17685.527228	-187500.022352	-18577.294776	-29280.427609	-0.042000	0.970000	0.150000	192.000000	0.000000	0.000000	0.000000	0.000000	0.000000	0.000000	0.000000	0.000000	0.000000	1741983478.230938	0.000000
162.000000	-3424.801341	-1961.522038	-21514.470460	-11388.683187	-20038.517718	-187500.022352	-23248.004704	911.280621	-6716.296877	-14613.101138	-29866.579755	187500.000000	-17681.258044	-187500.022352	-18569.561073	-29272.336277	-0.042000	0.970000	0.150000	192.000000	0.000000	0.000000	0.000000	0.000000	0.000000	0.000000	0.000000	0.000000	0.000000	1741983478.231089	0.000000
164.000000	-3415.100684	-1950.189704	-21521.131280	-11387.766765	-20032.996837	-187500.022352	-23244.607239	916.175653	-6725.036410	-14609.524859	-29834.996740	187500.000000	-17686.823629	-187500.022352	-18581.765125	-29280.382905	-0.044000	0.976000	0.144000	192.000000	127.000000	80.000000	15.000000	64.000000	2.000000	64.000000	0.000000	0.000000	0.000000	1741983478.231242	0.000000
166.000000	-3434.881977	-1971.066233	-21525.847498	-11405.871678	-20057.047314	-187500.022352	-23268.456551	908.307839	-6726.511625	-14625.036970	-29887.299822	187500.000000	-17687.695347	-187500.022352	-18586.548398	-29291.961109	-0.044000	0.976000	0.144000	192.000000	0.000000	0.000000	0.000000	0.000000	0.000000	0.000000	0.000000	0.000000	0.000000	1741983478.231388	0.000000
168.000000	-3418.028762	-1957.856352	-21525.936905	-11389.845477	-20040.507023	-187500.022352	-23245.724827	924.669316	-6727.271584	-14625.461653	-29811.236836	187500.000000	-17699.027681	-187500.022352	-18598.618340	-29291.983460	-0.044000	0.976000	0.144000	192.000000	0.000000	0.000000	0.000000	0.000000	0.000000	0.000000	0.000000	0.000000	0.000000	1741983478.231530	0.000000
170.000000	-3412.373771	-1947.552198	-21503.205181	-11372.522875	-20032.415692	-187500.022352	-23245.300143	923.730543	-6709.971334	-14589.140068	-29888.395058	187500.000000	-17672.004422	-187500.022352	-18580.491076	-29269.944640	-0.044000	0.976000	0.144000	192.000000	0.000000	0.000000	0.000000	0.000000	0.000000	0.000000	0.000000	0.000000	0.000000	1741983478.231666	0.000000
172.000000	-3402.762521	-1937.471561	-21504.032195	-11364.409192	-20016.121270	-187500.022352	-23221.808460	931.464247	-6710.485424	-14584.982644	-29835.421423	187500.000000	-17672.764381	-187500.022352	-18570.209273	-29259.953411	-0.044000	0.976000	0.144000	192.000000	0.000000	0.000000	0.000000	0.000000	0.000000	0.000000	0.000000	0.000000	0.000000	1741983478.231822	0.000000
174.000000	-3410.540928	-1948.178047	-21491.291701	-11371.986434	-20016.836526	-187500.022352	-23233.163146	926.546863	-6705.053950	-14586.390804	-29929.634026	187500.000000	-17665.097733	-187500.022352	-18558.631069	-29256.488890	-0.046000	0.970000	0.144000	192.000000	127.000000	72.000000	15.000000	40.000000	2.000000	64.000000	0.000000	0.000000	0.000000	1741983478.291081	0.000000
176.000000	-3414.988925	-1959.130402	-21513.598742	-11383.832858	-20022.200945	-187500.022352	-23229.832736	930.927805	-6714.285220	-14601.835859	-29824.089089	187500.000000	-17675.737164	-187500.022352	-18564.733096	-29266.368361	-0.046000	0.970000	0.144000	192.000000	0.000000	0.000000	0.000000	0.000000	0.000000	0.000000	0.000000	0.000000	0.000000	1741983478.291262	0.000000
178.000000	-3410.451521	-1947.999233	-21487.938939	-11374.042794	-20019.541087	-187500.022352	-23233.386664	944.852942	-6702.438796	-14601.433528	-29915.731241	187500.000000	-17666.729410	-187500.022352	-18563.548453	-29259.327562	-0.046000	0.970000	0.144000	192.000000	0.000000	0.000000	0.000000	0.000000	0.000000	0.000000	0.000000	0.000000	0.000000	1741983478.291402	0.000000
180.000000	-3418.654611	-1957.163448	-21508.793117	-11382.469402	-20032.460395	-187500.022352	-23229.676274	946.730488	-6714.665200	-14603.936923	-29817.003586	187500.000000	-17677.167675	-187500.022352	-18569.717535	-29264.982553	-0.046000	0.970000	0.144000	192.000000	0.000000	0.000000	0.000000	0.000000	0.000000	0.000000	0.000000	0.000000	0.000000	1741983478.291541	0.000000
182.000000	-3417.089989	-1950.972015	-21497.594893	-11377.976701	-20029.666427	-187500.022352	-23234.079568	947.490447	-6712.385322	-14595.778536	-29907.572854	187500.000000	-17676.094791	-187500.022352	-18573.115000	-29263.194414	-0.046000	0.970000	0.144000	192.000000	0.000000	0.000000	0.000000	0.000000	0.000000	0.000000	0.000000	0.000000	0.000000	1741983478.291675	0.000000
184.000000	-3416.955878	-1949.206227	-21511.676492	-11373.841628	-20023.519698	-187500.022352	-23225.451794	946.261102	-6713.793482	-14592.045795	-29832.158069	187500.000000	-17674.641928	-187500.022352	-18570.388087	-29262.657972	-0.044000	0.968000	0.144000	192.000000	127.000000	80.000000	15.000000	32.000000	2.000000	64.000000	0.000000	0.000000	0.000000	1741983478.291828	0.000000
186.000000	-3413.267841	-1944.624119	-21498.243093	-11378.513143	-20027.654770	-187500.022352	-23237.946419	938.236825	-6710.932459	-14586.681376	-29920.246294	187500.000000	-17669.970413	-187500.022352	-18567.616471	-29264.446111	-0.044000	0.968000	0.144000	192.000000	0.000000	0.000000	0.000000	0.000000	0.000000	0.000000	0.000000	0.000000	0.000000	1741983478.291979	0.000000
188.000000	-3409.132768	-1943.774753	-21510.514201	-11381.374166	-20034.159128	-187500.022352	-23243.199079	934.682898	-6707.423235	-14593.610417	-29826.905409	187500.000000	-17668.383440	-187500.022352	-18574.947843	-29273.342106	-0.044000	0.968000	0.144000	192.000000	0.000000	0.000000	0.000000	0.000000	0.000000	0.000000	0.000000	0.000000	0.000000	1741983478.351253	0.000000
190.000000	-3412.820806	-1949.809724	-21504.501582	-11384.771631	-20034.874384	-187500.022352	-23245.143681	928.066782	-6711.647715	-14595.555019	-29902.297843	187500.000000	-17674.664280	-187500.022352	-18587.151895	-29276.761922	-0.044000	0.968000	0.144000	192.000000	0.000000	0.000000	0.000000	0.000000	0.000000	0.000000	0.000000	0.000000	0.000000	1741983478.351429	0.000000
192.000000	-3418.766370	-1954.011852	-21512.279989	-11380.904780	-20030.784015	-187500.022352	-23238.661675	926.815084	-6716.788616	-14594.370376	-29825.139621	187500.000000	-17674.843094	-187500.022352	-18580.669890	-29280.382905	-0.044000	0.968000	0.144000	192.000000	0.000000	0.000000	0.000000	0.000000	0.000000	0.000000	0.000000	0.000000	0.000000	1741983478.351574	0.000000
194.000000	-3406.159986	-1940.243177	-21492.208122	-11369.661852	-20015.875401	-187500.022352	-23232.403187	934.593491	-6705.724502	-14578.634748	-29901.202607	187500.000000	-17666.751762	-187500.022352	-18575.528988	-29265.742512	-0.046000	0.970000	0.140000	192.000000	127.000000	72.000000	15.000000	40.000000	2.000000	48.000000	0.000000	0.000000	0.000000	1741983478.351730	0.000000
196.000000	-3420.040419	-1955.710585	-21509.061338	-11386.805640	-20037.713055	-187500.022352	-23247.088283	926.591566	-6705.746854	-14587.620150	-29861.103578	187500.000000	-17658.280451	-187500.022352	-18569.337555	-29271.531614	-0.046000	0.970000	0.140000	192.000000	0.000000	0.000000	0.000000	0.000000	0.000000	0.000000	0.000000	0.000000	0.000000	1741983478.351879	0.000000
198.000000	-3416.128864	-1952.760154	-21509.597779	-11393.578219	-20036.550765	-187500.022352	-23248.049408	923.350563	-6725.684610	-14596.404385	-29892.731296	187500.000000	-17681.123934	-187500.022352	-18591.309320	-29286.328469	-0.046000	0.970000	0.140000	192.000000	0.000000	0.000000	0.000000	0.000000	0.000000	0.000000	0.000000	0.000000	0.000000	1741983478.352021	0.000000
200.000000	-3415.413608	-1951.709622	-21499.226570	-11387.230323	-20027.207735	-187500.022352	-23231.129137	938.236825	-6707.199717	-14595.510315	-29872.838244	187500.000000	-17664.270719	-187500.022352	-18570.231625	-29277.052495	-0.046000	0.970000	0.140000	192.000000	0.000000	0.000000	0.000000	0.000000	0.000000	0.000000	0.000000	0.000000	0.000000	1741983478.352159	0.000000
202.000000	-3406.852890	-1942.903035	-21492.968082	-11376.769707	-20024.771395	-187500.022352	-23226.256457	942.662471	-6707.222069	-14591.844629	-29899.258006	187500.000000	-17670.395097	-187500.022352	-18576.758334	-29272.157463	-0.046000	0.970000	0.140000	192.000000	0.000000	0.000000	0.000000	0.000000	0.000000	0.000000	0.000000	0.000000	0.000000	1741983478.352298	0.000000
204.000000	-3408.328105	-1943.640643	-21497.840762	-11378.669605	-20032.348637	-187500.022352	-23239.175765	936.560444	-6706.685627	-14598.237228	-29876.280412	187500.000000	-17660.381515	-187500.022352	-18570.298680	-29270.883414	-0.040000	0.970000	0.148000	192.000000	127.000000	96.000000	15.000000	40.000000	2.000000	80.000000	0.000000	0.000000	0.000000	1741983478.418266	0.000000
206.000000	-3413.379599	-1947.753364	-21506.200314	-11380.211875	-20031.789843	-187500.022352	-23237.857012	934.638194	-6715.447511	-14585.116754	-29876.794502	187500.000000	-17672.943195	-187500.022352	-18587.576579	-29271.442207	-0.040000	0.970000	0.148000	192.000000	0.000000	0.000000	0.000000	0.000000	0.000000	0.000000	0.000000	0.000000	0.000000	1741983478.418463	0.000000
208.000000	-3424.756637	-1960.315044	-21505.865038	-11388.079690	-20037.400131	-187500.022352	-23244.763702	934.548787	-6717.302706	-14590.525876	-29874.380514	187500.000000	-17671.110352	-187500.022352	-18581.139276	-29274.079713	-0.040000	0.970000	0.148000	192.000000	0.000000	0.000000	0.000000	0.000000	0.000000	0.000000	0.000000	0.000000	0.000000	1741983478.418606	0.000000
210.000000	-3423.370829	-1962.617274	-21517.912628	-11396.618056	-20039.210622	-187500.022352	-23249.792844	927.798561	-6717.280354	-14602.796984	-29844.742101	187500.000000	-17675.558350	-187500.022352	-18592.292797	-29278.103027	-0.040000	0.970000	0.148000	192.000000	0.000000	0.000000	0.000000	0.000000	0.000000	0.000000	0.000000	0.000000	0.000000	1741983478.418750	0.000000
212.000000	-3413.670172	-1953.207189	-21499.964178	-11390.583085	-20025.531355	-187500.022352	-23231.397358	935.934596	-6709.859575	-14603.691054	-29873.911127	187500.000000	-17667.198797	-187500.022352	-18584.402631	-29279.913518	-0.040000	0.970000	0.148000	192.000000	0.000000	0.000000	0.000000	0.000000	0.000000	0.000000	0.000000	0.000000	0.000000	1741983478.418906	0.000000
214.000000	-3404.550660	-1941.092544	-21506.937922	-11378.311977	-20015.249552	-187500.022352	-23222.210791	938.259177	-6704.696322	-14594.146859	-29853.682799	187500.000000	-17662.750800	-187500.022352	-18575.976023	-29267.754169	-0.044000	0.972000	0.150000	192.000000	127.000000	80.000000	15.000000	48.000000	2.000000	88.000000	0.000000	0.000000	0.000000	1741983478.419045	0.000000
216.000000	-3406.383503	-1930.922500	-21493.303358	-11369.483038	-20016.925933	-187500.022352	-23225.697664	946.551674	-6698.303723	-14581.763993	-29936.004273	187500.000000	-17657.229919	-187500.022352	-18560.530968	-29254.365475	-0.044000	0.972000	0.150000	192.000000	0.000000	0.000000	0.000000	0.000000	0.000000	0.000000	0.000000	0.000000	0.000000	1741983478.419202	0.000000
218.000000	-3415.055980	-1937.538616	-21523.098233	-11385.732756	-20034.293238	-187500.022352	-23235.353617	930.681936	-6709.345485	-14592.962216	-29848.296028	187500.000000	-17675.200722	-187500.022352	-18573.785552	-29266.725989	-0.044000	0.972000	0.150000	192.000000	0.000000	0.000000	0.000000	0.000000	0.000000	0.000000	0.000000	0.000000	0.000000	1741983478.471491	0.000000
220.000000	-3411.859681	-1930.207244	-21508.748413	-11382.268236	-20031.700436	-187500.022352	-23232.112614	932.380668	-6718.286183	-14590.101193	-29894.407677	187500.000000	-17681.190989	-187500.022352	-18575.506637	-29264.535518	-0.044000	0.972000	0.150000	192.000000	0.000000	0.000000	0.000000	0.000000	0.000000	0.000000	0.000000	0.000000	0.000000	1741983478.471672	0.000000
222.000000	-3399.029779	-1921.087732	-21510.201277	-11374.020442	-20019.742253	-187500.022352	-23225.675312	938.549750	-6705.456281	-14582.255731	-29833.454470	187500.000000	-17676.050088	-187500.022352	-18571.595081	-29257.070036	-0.044000	0.972000	0.150000	192.000000	0.000000	0.000000	0.000000	0.000000	0.000000	0.000000	0.000000	0.000000	0.000000	1741983478.471815	0.000000
224.000000	-3401.242602	-1921.981802	-21492.610454	-11368.812486	-20028.526488	-187500.022352	-23233.364312	932.358316	-6692.626380	-14593.029272	-29926.393023	187500.000000	-17663.175483	-187500.022352	-18559.703953	-29244.709521	-0.044000	0.968000	0.152000	192.000000	127.000000	80.000000	15.000000	32.000000	2.000000	96.000000	0.000000	0.000000	0.000000	1741983478.471951	0.000000
226.000000	-3399.342704	-1922.607651	-21509.731890	-11370.533570	-20028.191212	-187500.022352	-23236.202983	930.301956	-6697.275543	-14605.255676	-29828.984121	187500.000000	-17673.032602	-187500.022352	-18567.482360	-29256.444187	-0.044000	0.968000	0.152000	192.000000	0.000000	0.000000	0.000000	0.000000	0.000000	0.000000	0.000000	0.000000	0.000000	1741983478.472108	0.000000
228.000000	-3403.880108	-1921.110084	-21495.069146	-11366.934939	-20026.045445	-187500.022352	-23241.008608	922.881177	-6695.710921	-14591.799926	-29913.876046	187500.000000	-17671.736201	-187500.022352	-18567.907043	-29250.900954	-0.044000	0.968000	0.152000	192.000000	0.000000	0.000000	0.000000	0.000000	0.000000	0.000000	0.000000	0.000000	0.000000	1741983478.472255	0.000000
230.000000	-3409.468044	-1926.161578	-21508.167268	-11367.761954	-20029.644076	-187500.022352	-23243.199079	918.142607	-6702.416444	-14597.141993	-29814.522542	187500.000000	-17677.704117	-187500.022352	-18567.683526	-29253.381998	-0.044000	0.968000	0.152000	192.000000	0.000000	0.000000	0.000000	0.000000	0.000000	0.000000	0.000000	0.000000	0.000000	1741983478.472395	0.000000
232.000000	-3394.782948	-1914.315154	-21482.842741	-11351.534587	-20015.249552	-187500.022352	-23234.906582	923.395267	-6695.129775	-14596.493792	-29899.727392	187500.000000	-17673.792562	-187500.022352	-18566.253014	-29241.066187	-0.044000	0.968000	0.152000	192.000000	0.000000	0.000000	0.000000	0.000000	0.000000	0.000000	0.000000	0.000000	0.000000	1741983478.472538	0.000000
234.000000	-3393.643009	-1917.444398	-21491.492866	-11355.177922	-20017.484727	-187500.022352	-23233.833698	924.378744	-6683.618627	-14594.616246	-29831.018130	187500.000000	-17665.254195	-187500.022352	-18551.769084	-29234.874753	-0.044000	0.970000	0.148000	192.000000	127.000000	80.000000	15.000000	40.000000	2.000000	80.000000	0.000000	0.000000	0.000000	1741983478.532148	0.000000
236.000000	-3397.085178	-1919.009020	-21491.090535	-11367.270215	-20028.302971	-187500.022352	-23241.969733	913.180520	-6695.219182	-14606.552077	-29909.562160	187500.000000	-17675.625405	-187500.022352	-18564.174302	-29247.838765	-0.044000	0.970000	0.148000	192.000000	0.000000	0.000000	0.000000	0.000000	0.000000	0.000000	0.000000	0.000000	0.000000	1741983478.532325	0.000000
238.000000	-3387.049244	-1909.777750	-21496.276140	-11367.739602	-20026.201907	-187500.022352	-23241.030960	918.813159	-6692.112290	-14607.356740	-29834.057967	187500.000000	-17673.725507	-187500.022352	-18560.732133	-29247.391730	-0.044000	0.970000	0.148000	192.000000	0.000000	0.000000	0.000000	0.000000	0.000000	0.000000	0.000000	0.000000	0.000000	1741983478.532474	0.000000
240.000000	-3393.151271	-1914.538671	-21485.971986	-11374.623939	-20029.509965	-187500.022352	-23248.965829	908.978392	-6685.786746	-14597.633731	-29925.096622	187500.000000	-17664.024849	-187500.022352	-18561.313279	-29245.983570	-0.044000	0.970000	0.148000	192.000000	0.000000	0.000000	0.000000	0.000000	0.000000	0.000000	0.000000	0.000000	0.000000	1741983478.532623	0.000000
242.000000	-3401.466119	-1921.691230	-21500.500619	-11376.836762	-20032.013361	-187500.022352	-23238.371103	916.488578	-6700.382435	-14610.016598	-29834.102670	187500.000000	-17680.431030	-187500.022352	-18564.308413	-29261.115701	-0.044000	0.970000	0.148000	192.000000	0.000000	0.000000	0.000000	0.000000	0.000000	0.000000	0.000000	0.000000	0.000000	1741983478.532768	0.000000
244.000000	-3406.025875	-1924.976936	-21502.445221	-11374.333367	-20037.042503	-187500.022352	-23242.997914	916.935613	-6699.868345	-14601.589990	-29893.044221	187500.000000	-17683.940254	-187500.022352	-18568.264671	-29248.911649	-0.038000	0.966000	0.148000	192.000000	127.000000	104.000000	15.000000	24.000000	2.000000	80.000000	0.000000	0.000000	0.000000	1741983478.532904	0.000000
246.000000	-3412.127902	-1933.448247	-21513.732852	-11374.601588	-20033.220355	-187500.022352	-23234.884230	923.618784	-6711.424197	-14616.610362	-29847.066682	187500.000000	-17687.851809	-187500.022352	-18569.203445	-29250.722140	-0.038000	0.966000	0.148000	192.000000	0.000000	0.000000	0.000000	0.000000	0.000000	0.000000	0.000000	0.000000	0.000000	1741983478.533051	0.000000
248.000000	-3405.154157	-1928.754381	-21503.272236	-11365.750297	-20023.474994	-187500.022352	-23220.221486	931.441895	-6713.279392	-14610.463632	-29887.366877	187500.000000	-17688.947044	-187500.022352	-18566.074200	-29236.193506	-0.038000	0.966000	0.148000	192.000000	0.000000	0.000000	0.000000	0.000000	0.000000	0.000000	0.000000	0.000000	0.000000	1741983478.590966	0.000000
250.000000	-3405.489433	-1926.094523	-21502.132297	-11368.007823	-20032.616858	-187500.022352	-23232.179669	924.714020	-6709.814872	-14613.369359	-29863.472863	187500.000000	-17682.420335	-187500.022352	-18552.841968	-29233.399538	-0.038000	0.966000	0.148000	192.000000	0.000000	0.000000	0.000000	0.000000	0.000000	0.000000	0.000000	0.000000	0.000000	1741983478.591150	0.000000
252.000000	-3394.380616	-1912.035276	-21495.091497	-11363.112791	-20027.587715	-187500.022352	-23229.765681	921.964755	-6708.071435	-14596.359682	-29862.265868	187500.000000	-17686.398946	-187500.022352	-18555.390067	-29231.410233	-0.038000	0.966000	0.148000	192.000000	0.000000	0.000000	0.000000	0.000000	0.000000	0.000000	0.000000	0.000000	0.000000	1741983478.591289	0.000000
254.000000	-3391.385483	-1908.011962	-21487.022518	-11354.417962	-20021.664503	-187500.022352	-23226.502326	932.291261	-6699.287200	-14586.457859	-29860.075398	187500.000000	-17677.212379	-187500.022352	-18547.499901	-29231.164364	-0.036000	0.972000	0.146000	192.000000	127.000000	112.000000	15.000000	48.000000	2.000000	72.000000	0.000000	0.000000	0.000000	1741983478.591436	0.000000
0.000000	-3398.046303	-1916.371514	-21498.846590	-11359.402401	-20025.978389	-187500.022352	-23228.916315	929.631404	-6704.986895	-14593.096327	-29857.192022	187500.000000	-17678.709946	-187500.022352	-18555.367715	-29233.265428	-0.036000	0.972000	0.146000	192.000000	0.000000	0.000000	0.000000	0.000000	0.000000	0.000000	0.000000	0.000000	0.000000	1741983478.591581	0.000000
2.000000	-3395.542907	-1916.595032	-21490.285872	-11356.206102	-20024.167898	-187500.022352	-23227.396396	929.720811	-6708.473767	-14589.475344	-29870.915994	187500.000000	-17676.161847	-187500.022352	-18554.808921	-29236.908762	-0.036000	0.972000	0.146000	192.000000	0.000000	0.000000	0.000000	0.000000	0.000000	0.000000	0.000000	0.000000	0.000000	1741983478.591729	0.000000
4.000000	-3393.933582	-1917.891433	-21498.310149	-11364.543303	-20018.825831	-187500.022352	-23225.630608	934.526436	-6697.499060	-14578.590045	-29864.456339	187500.000000	-17666.930576	-187500.022352	-18555.300660	-29230.136184	-0.036000	0.972000	0.146000	192.000000	0.000000	0.000000	0.000000	0.000000	0.000000	0.000000	0.000000	0.000000	0.000000	1741983478.591876	0.000000
6.000000	-3405.020047	-1929.737858	-21488.855361	-11373.931035	-20025.643113	-187500.022352	-23234.727768	923.685840	-6700.069511	-14595.934999	-29904.890645	187500.000000	-17666.036506	-187500.022352	-18553.557224	-29240.909724	-0.036000	0.972000	0.146000	192.000000	0.000000	0.000000	0.000000	0.000000	0.000000	0.000000	0.000000	0.000000	0.000000	1741983478.592018	0.000000
8.000000	-3399.789739	-1930.319003	-21492.453991	-11367.672547	-20021.105709	-187500.022352	-23218.925085	935.889892	-6709.256078	-14601.433528	-29857.437892	187500.000000	-17674.708983	-187500.022352	-18559.502788	-29243.837803	-0.038000	0.974000	0.154000	192.000000	127.000000	104.000000	15.000000	56.000000	2.000000	104.000000	0.000000	0.000000	0.000000	1741983478.651352	0.000000
10.000000	-3409.468044	-1936.823361	-21487.022518	-11363.693936	-20032.683913	-187500.022352	-23235.845355	932.425372	-6704.741026	-14590.883504	-29903.057802	187500.000000	-17672.764381	-187500.022352	-18550.875014	-29237.422852	-0.038000	0.974000	0.154000	192.000000	0.000000	0.000000	0.000000	0.000000	0.000000	0.000000	0.000000	0.000000	0.000000	1741983478.651519	0.000000
12.000000	-3401.421416	-1932.151846	-21505.082727	-11364.185675	-20024.123195	-187500.022352	-23217.293408	942.729526	-6714.709904	-14591.330539	-29815.550723	187500.000000	-17683.046184	-187500.022352	-18561.536796	-29241.289704	-0.038000	0.974000	0.154000	192.000000	0.000000	0.000000	0.000000	0.000000	0.000000	0.000000	0.000000	0.000000	0.000000	1741983478.651662	0.000000
14.000000	-3405.824710	-1934.945814	-21496.656119	-11366.622015	-20025.285485	-187500.022352	-23224.311855	942.282491	-6708.429063	-14591.017615	-29902.163732	187500.000000	-17677.055916	-187500.022352	-18555.121846	-29235.947637	-0.038000	0.974000	0.154000	192.000000	0.000000	0.000000	0.000000	0.000000	0.000000	0.000000	0.000000	0.000000	0.000000	1741983478.651814	0.000000
16.000000	-3398.225117	-1932.040087	-21508.614303	-11365.772649	-20015.920104	-187500.022352	-23213.180687	944.092982	-6716.095712	-14590.369414	-29814.656653	187500.000000	-17682.353280	-187500.022352	-18558.452256	-29237.802832	-0.038000	0.974000	0.154000	192.000000	0.000000	0.000000	0.000000	0.000000	0.000000	0.000000	0.000000	0.000000	0.000000	1741983478.651966	0.000000
18.000000	-3389.820861	-1917.980840	-21475.310203	-11357.055468	-20012.813212	-187500.022352	-23217.315759	947.378689	-6693.118118	-14575.639615	-29915.015985	187500.000000	-17659.263928	-187500.022352	-18544.415360	-29224.794117	-0.036000	0.978000	0.150000	192.000000	127.000000	112.000000	15.000000	72.000000	2.000000	88.000000	0.000000	0.000000	0.000000	1741983478.652107	0.000000
20.000000	-3400.616753	-1931.794218	-21498.265445	-11371.427640	-20026.537183	-187500.022352	-23225.652960	936.806314	-6701.455319	-14601.299417	-29822.859743	187500.000000	-17672.362050	-187500.022352	-18552.014953	-29241.714387	-0.036000	0.978000	0.150000	192.000000	0.000000	0.000000	0.000000	0.000000	0.000000	0.000000	0.000000	0.000000	0.000000	1741983478.652259	0.000000
22.000000	-3403.634239	-1931.838922	-21488.162457	-11373.662814	-20023.318532	-187500.022352	-23229.519812	934.012346	-6704.495156	-14597.186696	-29918.234637	187500.000000	-17668.785771	-187500.022352	-18555.077142	-29239.903896	-0.036000	0.978000	0.150000	192.000000	0.000000	0.000000	0.000000	0.000000	0.000000	0.000000	0.000000	0.000000	0.000000	1741983478.713475	0.000000
24.000000	-3406.718779	-1938.142113	-21508.189620	-11376.210913	-20025.151375	-187500.022352	-23219.170954	942.573064	-6705.836261	-14591.487001	-29833.543877	187500.000000	-17667.243501	-187500.022352	-18556.798226	-29241.356759	-0.036000	0.978000	0.150000	192.000000	0.000000	0.000000	0.000000	0.000000	0.000000	0.000000	0.000000	0.000000	0.000000	1741983478.713660	0.000000
26.000000	-3411.926736	-1936.644547	-21497.796058	-11378.043756	-20022.312703	-187500.022352	-23219.014492	940.404944	-6716.587450	-14595.979702	-29925.074270	187500.000000	-17682.532094	-187500.022352	-18563.526102	-29246.072977	-0.036000	0.978000	0.150000	192.000000	0.000000	0.000000	0.000000	0.000000	0.000000	0.000000	0.000000	0.000000	0.000000	1741983478.713815	0.000000
28.000000	-3417.939355	-1944.065326	-21517.331483	-11388.034986	-20021.306875	-187500.022352	-23222.948399	932.425372	-6724.075284	-14600.964141	-29833.141545	187500.000000	-17684.923730	-187500.022352	-18561.425038	-29254.991323	-0.044000	0.984000	0.150000	192.000000	127.000000	80.000000	15.000000	96.000000	2.000000	88.000000	0.000000	0.000000	0.000000	1741983478.713960	0.000000
30.000000	-3416.575899	-1937.136285	-21497.013747	-11379.586027	-20017.864706	-187500.022352	-23227.105823	929.698459	-6723.672953	-14598.706615	-29911.149134	187500.000000	-17683.314405	-187500.022352	-18564.241357	-29252.398521	-0.044000	0.984000	0.150000	192.000000	0.000000	0.000000	0.000000	0.000000	0.000000	0.000000	0.000000	0.000000	0.000000	1741983478.714105	0.000000
32.000000	-3410.362114	-1932.643584	-21503.138125	-11372.902855	-20016.233029	-187500.022352	-23218.858030	939.466171	-6725.326982	-14600.807679	-29817.003586	187500.000000	-17683.560274	-187500.022352	-18554.183072	-29252.376169	-0.044000	0.984000	0.150000	192.000000	0.000000	0.000000	0.000000	0.000000	0.000000	0.000000	0.000000	0.000000	0.000000	1741983478.714238	0.000000
34.000000	-3399.745035	-1919.903090	-21489.034175	-11359.670622	-20011.181535	-187500.022352	-23215.013530	950.016195	-6710.396017	-14583.820353	-29894.899415	187500.000000	-17678.084097	-187500.022352	-18549.064523	-29230.516163	-0.044000	0.984000	0.150000	192.000000	0.000000	0.000000	0.000000	0.000000	0.000000	0.000000	0.000000	0.000000	0.000000	1741983478.714377	0.000000
36.000000	-3400.393236	-1919.523110	-21493.012785	-11355.870826	-20009.102822	-187500.022352	-23209.984387	951.491410	-6715.738084	-14587.083708	-29837.030749	187500.000000	-17674.507818	-187500.022352	-18534.602944	-29226.984588	-0.044000	0.984000	0.150000	192.000000	0.000000	0.000000	0.000000	0.000000	0.000000	0.000000	0.000000	0.000000	0.000000	1741983478.714548	0.000000
38.000000	-3400.952029	-1921.691230	-21492.096364	-11361.525817	-20009.169878	-187500.022352	-23219.014492	933.408848	-6718.867328	-14578.902969	-29882.315383	187500.000000	-17681.079230	-187500.022352	-18542.359000	-29229.599742	-0.040000	0.978000	0.150000	192.000000	127.000000	96.000000	15.000000	72.000000	2.000000	88.000000	0.000000	0.000000	0.000000	1741983478.764985	0.000000
40.000000	-3403.656590	-1926.295689	-21501.215875	-11373.953387	-20018.870535	-187500.022352	-23225.518850	930.905453	-6712.787654	-14601.545286	-29829.408804	187500.000000	-17677.815876	-187500.022352	-18543.700104	-29241.401463	-0.040000	0.978000	0.150000	192.000000	0.000000	0.000000	0.000000	0.000000	0.000000	0.000000	0.000000	0.000000	0.000000	1741983478.765158	0.000000
42.000000	-3388.077425	-1912.750532	-21490.040003	-11364.655061	-20005.526543	-187500.022352	-23211.481954	946.551674	-6708.294953	-14582.278083	-29872.502967	187500.000000	-17669.389268	-187500.022352	-18552.663154	-29238.920419	-0.040000	0.978000	0.150000	192.000000	0.000000	0.000000	0.000000	0.000000	0.000000	0.000000	0.000000	0.000000	0.000000	1741983478.765307	0.000000
44.000000	-3405.735303	-1931.481294	-21497.438430	-11376.501486	-20025.039616	-187500.022352	-23229.944495	939.287357	-6707.490290	-14595.040929	-29868.546709	187500.000000	-17670.417448	-187500.022352	-18543.364828	-29236.729948	-0.040000	0.978000	0.150000	192.000000	0.000000	0.000000	0.000000	0.000000	0.000000	0.000000	0.000000	0.000000	0.000000	1741983478.765443	0.000000
46.000000	-3396.369922	-1921.735933	-21492.722212	-11366.577311	-20012.232067	-187500.022352	-23214.275922	951.625520	-6719.336715	-14592.559885	-29872.212395	187500.000000	-17681.950948	-187500.022352	-18555.904157	-29240.306227	-0.040000	0.978000	0.150000	192.000000	0.000000	0.000000	0.000000	0.000000	0.000000	0.000000	0.000000	0.000000	0.000000	1741983478.765589	0.000000
48.000000	-3388.859736	-1916.438570	-21482.663927	-11357.949538	-20008.052290	-187500.022352	-23216.779317	950.642043	-6707.534994	-14585.943769	-29879.789636	187500.000000	-17667.846998	-187500.022352	-18536.614601	-29231.566695	-0.038000	0.976000	0.148000	192.000000	127.000000	104.000000	15.000000	64.000000	2.000000	80.000000	0.000000	0.000000	0.000000	1741983478.818366	0.000000
50.000000	-3395.498204	-1927.592090	-21495.002090	-11365.906759	-20011.382700	-187500.022352	-23219.796803	940.427296	-6713.189985	-14583.663891	-29870.468959	187500.000000	-17665.745934	-187500.022352	-18544.035380	-29231.521992	-0.038000	0.976000	0.148000	192.000000	0.000000	0.000000	0.000000	0.000000	0.000000	0.000000	0.000000	0.000000	0.000000	1741983478.818547	0.000000
52.000000	-3403.835404	-1933.448247	-21495.851457	-11371.159419	-20021.373930	-187500.022352	-23231.464414	926.502159	-6715.134587	-14602.640522	-29876.258060	187500.000000	-17679.134629	-187500.022352	-18550.360924	-29249.559849	-0.038000	0.976000	0.148000	192.000000	0.000000	0.000000	0.000000	0.000000	0.000000	0.000000	0.000000	0.000000	0.000000	1741983478.818687	0.000000
54.000000	-3387.943314	-1920.528939	-21493.839800	-11360.072954	-20008.588732	-187500.022352	-23221.473184	928.290299	-6709.457244	-14585.228513	-29847.401958	187500.000000	-17676.608882	-187500.022352	-18557.781703	-29245.201259	-0.038000	0.976000	0.148000	192.000000	0.000000	0.000000	0.000000	0.000000	0.000000	0.000000	0.000000	0.000000	0.000000	1741983478.818822	0.000000
56.000000	-3390.066730	-1922.294727	-21481.389878	-11365.124448	-20012.768509	-187500.022352	-23233.163146	929.564348	-6706.015075	-14593.364548	-29891.658412	187500.000000	-17669.411620	-187500.022352	-18549.399799	-29245.760053	-0.038000	0.976000	0.148000	192.000000	0.000000	0.000000	0.000000	0.000000	0.000000	0.000000	0.000000	0.000000	0.000000	1741983478.818972	0.000000
58.000000	-3389.753805	-1927.100352	-21497.036099	-11372.120544	-20008.387567	-187500.022352	-23214.700605	938.996785	-6704.741026	-14591.621112	-29828.447679	187500.000000	-17668.942233	-187500.022352	-18554.965383	-29245.894163	-0.042000	0.986000	0.148000	192.000000	127.000000	88.000000	15.000000	104.000000	2.000000	80.000000	0.000000	0.000000	0.000000	1741983478.819121	0.000000
60.000000	-3403.120149	-1941.293709	-21496.566712	-11382.134125	-20018.423500	-187500.022352	-23228.759852	934.191160	-6709.189023	-14597.879600	-29905.404735	187500.000000	-17663.734277	-187500.022352	-18555.501825	-29244.508355	-0.042000	0.986000	0.148000	192.000000	0.000000	0.000000	0.000000	0.000000	0.000000	0.000000	0.000000	0.000000	0.000000	1741983478.819269	0.000000
62.000000	-3394.157099	-1933.560006	-21514.269294	-11382.447050	-20014.534296	-187500.022352	-23217.226352	933.520607	-6720.051970	-14602.640522	-29828.626493	187500.000000	-17679.112277	-187500.022352	-18563.816674	-29256.555945	-0.042000	0.986000	0.148000	192.000000	0.000000	0.000000	0.000000	0.000000	0.000000	0.000000	0.000000	0.000000	0.000000	1741983478.819411	0.000000
64.000000	-3393.531250	-1936.465733	-21497.594893	-11382.827030	-20019.518735	-187500.022352	-23227.306989	930.816046	-6698.840165	-14591.285836	-29918.055823	187500.000000	-17667.042335	-187500.022352	-18550.785607	-29249.313980	-0.042000	0.986000	0.148000	192.000000	0.000000	0.000000	0.000000	0.000000	0.000000	0.000000	0.000000	0.000000	0.000000	1741983478.874627	0.000000
66.000000	-3384.389387	-1932.800047	-21505.797983	-11382.715271	-20019.317570	-187500.022352	-23217.293408	934.526436	-6703.243459	-14601.612342	-29818.098821	187500.000000	-17676.854751	-187500.022352	-18555.568881	-29254.432530	-0.042000	0.986000	0.148000	192.000000	0.000000	0.000000	0.000000	0.000000	0.000000	0.000000	0.000000	0.000000	0.000000	1741983478.874805	0.000000
68.000000	-3387.809204	-1932.017735	-21490.263521	-11378.602550	-20029.532317	-187500.022352	-23232.984332	923.641136	-6701.254153	-14594.348025	-29902.275491	187500.000000	-17679.268739	-187500.022352	-18558.988697	-29252.733797	-0.038000	0.978000	0.152000	192.000000	127.000000	104.000000	15.000000	72.000000	2.000000	96.000000	0.000000	0.000000	0.000000	1741983478.874963	0.000000
70.000000	-3384.612904	-1931.950680	-21502.981663	-11380.189524	-20025.196078	-187500.022352	-23220.333245	930.301956	-6701.052988	-14593.431603	-29807.146467	187500.000000	-17674.552521	-187500.022352	-18559.055753	-29256.600649	-0.038000	0.978000	0.152000	192.000000	0.000000	0.000000	0.000000	0.000000	0.000000	0.000000	0.000000	0.000000	0.000000	1741983478.875111	0.000000
72.000000	-3375.895724	-1921.691230	-21481.680451	-11370.667681	-20015.294256	-187500.022352	-23221.294370	937.320404	-6689.385377	-14587.798964	-29905.740011	187500.000000	-17668.115219	-187500.022352	-18553.132540	-29246.520012	-0.038000	0.978000	0.152000	192.000000	0.000000	0.000000	0.000000	0.000000	0.000000	0.000000	0.000000	0.000000	0.000000	1741983478.875253	0.000000
74.000000	-3385.126994	-1935.973994	-21507.474364	-11384.011672	-20024.212602	-187500.022352	-23230.838565	928.491465	-6692.782842	-14594.191562	-29823.127964	187500.000000	-17663.488408	-187500.022352	-18552.484340	-29252.398521	-0.038000	0.978000	0.152000	192.000000	0.000000	0.000000	0.000000	0.000000	0.000000	0.000000	0.000000	0.000000	0.000000	1741983478.875396	0.000000
76.000000	-3385.842250	-1934.051744	-21492.096364	-11380.457745	-20021.373930	-187500.022352	-23235.510079	931.598357	-6693.743967	-14598.997187	-29917.072346	187500.000000	-17665.701230	-187500.022352	-18567.214139	-29255.930097	-0.038000	0.978000	0.152000	192.000000	0.000000	0.000000	0.000000	0.000000	0.000000	0.000000	0.000000	0.000000	0.000000	1741983478.875534	0.000000
78.000000	-3399.901497	-1954.190666	-21510.089518	-11394.181716	-20028.526488	-187500.022352	-23247.378856	918.723752	-6699.577773	-14616.520955	-29825.609008	187500.000000	-17666.461190	-187500.022352	-18564.643689	-29267.374190	-0.036000	0.978000	0.150000	192.000000	127.000000	112.000000	15.000000	72.000000	2.000000	88.000000	0.000000	0.000000	0.000000	1741983478.936285	0.000000
80.000000	-3406.785835	-1962.304349	-21509.731890	-11406.028140	-20030.158166	-187500.022352	-23251.916260	911.034752	-6705.590392	-14615.626885	-29892.306613	187500.000000	-17669.121047	-187500.022352	-18575.730154	-29275.711390	-0.036000	0.978000	0.150000	192.000000	0.000000	0.000000	0.000000	0.000000	0.000000	0.000000	0.000000	0.000000	0.000000	1741983478.936485	0.000000
82.000000	-3403.947163	-1960.315044	-21521.958294	-11406.005789	-20037.757759	-187500.022352	-23246.171861	920.690706	-6709.412540	-14628.613249	-29817.115345	187500.000000	-17676.787696	-187500.022352	-18577.428887	-29284.674440	-0.036000	0.978000	0.150000	192.000000	0.000000	0.000000	0.000000	0.000000	0.000000	0.000000	0.000000	0.000000	0.000000	1741983478.936627	0.000000
84.000000	-3386.401044	-1942.701869	-21500.254750	-11386.626826	-20026.313666	-187500.022352	-23222.568419	936.269872	-6695.599162	-14605.054510	-29897.156942	187500.000000	-17669.143399	-187500.022352	-18573.897311	-29261.808605	-0.036000	0.978000	0.150000	192.000000	0.000000	0.000000	0.000000	0.000000	0.000000	0.000000	0.000000	0.000000	0.000000	1741983478.936780	0.000000
86.000000	-3392.860698	-1950.457925	-21508.457840	-11392.415928	-20031.253401	-187500.022352	-23231.509117	931.196026	-6697.856688	-14613.011731	-29835.510830	187500.000000	-17670.775076	-187500.022352	-18568.890520	-29271.218690	-0.036000	0.978000	0.150000	192.000000	0.000000	0.000000	0.000000	0.000000	0.000000	0.000000	0.000000	0.000000	0.000000	1741983478.936917	0.000000
88.000000	-3392.614829	-1949.608558	-21501.931131	-11392.348873	-20027.900640	-187500.022352	-23228.111652	926.077476	-6697.163784	-14609.994246	-29879.096732	187500.000000	-17670.037469	-187500.022352	-18565.269538	-29265.474292	-0.040000	0.978000	0.148000	192.000000	127.000000	96.000000	15.000000	72.000000	2.000000	80.000000	0.000000	0.000000	0.000000	1741983478.937056	0.000000
90.000000	-3392.413663	-1944.177084	-21504.523933	-11384.995149	-20030.135814	-187500.022352	-23235.867707	929.117314	-6705.679799	-14605.121565	-29828.894714	187500.000000	-17673.569044	-187500.022352	-18564.040192	-29270.436379	-0.040000	0.978000	0.148000	192.000000	0.000000	0.000000	0.000000	0.000000	0.000000	0.000000	0.000000	0.000000	0.000000	1741983478.937218	0.000000
92.000000	-3387.473927	-1935.951643	-21495.404422	-11376.009748	-20016.769471	-187500.022352	-23220.132079	936.739258	-6704.293991	-14604.473365	-29854.465110	187500.000000	-17665.835341	-187500.022352	-18565.940090	-29260.176928	-0.040000	0.978000	0.148000	192.000000	0.000000	0.000000	0.000000	0.000000	0.000000	0.000000	0.000000	0.000000	0.000000	1741983478.937356	0.000000
94.000000	-3395.140576	-1944.713526	-21496.186733	-11376.546189	-20018.021168	-187500.022352	-23220.310893	946.484619	-6700.695360	-14589.810621	-29848.966581	187500.000000	-17662.102599	-187500.022352	-18554.875976	-29254.946620	-0.040000	0.978000	0.148000	192.000000	0.000000	0.000000	0.000000	0.000000	0.000000	0.000000	0.000000	0.000000	0.000000	1741983478.995132	0.000000
96.000000	-3392.458366	-1943.730050	-21504.948617	-11379.742489	-20028.593544	-187500.022352	-23235.912411	932.246558	-6706.305648	-14598.594856	-29849.100691	187500.000000	-17669.366916	-187500.022352	-18568.041154	-29254.410178	-0.040000	0.978000	0.148000	192.000000	0.000000	0.000000	0.000000	0.000000	0.000000	0.000000	0.000000	0.000000	0.000000	1741983478.995305	0.000000
98.000000	-3394.112396	-1942.277186	-21504.680396	-11382.312939	-20035.008494	-187500.022352	-23250.575155	926.837436	-6705.791558	-14589.005958	-29859.829528	187500.000000	-17665.097733	-187500.022352	-18576.467762	-29266.770693	-0.042000	0.980000	0.148000	192.000000	127.000000	88.000000	15.000000	80.000000	2.000000	80.000000	0.000000	0.000000	0.000000	1741983478.995441	0.000000
100.000000	-3395.833480	-1943.372422	-21519.611361	-11394.271123	-20039.434140	-187500.022352	-23250.709266	917.829683	-6713.033523	-14599.600685	-29843.915086	187500.000000	-17678.642890	-187500.022352	-18592.493962	-29282.171045	-0.042000	0.980000	0.148000	192.000000	0.000000	0.000000	0.000000	0.000000	0.000000	0.000000	0.000000	0.000000	0.000000	1741983478.995597	0.000000
102.000000	-3394.425320	-1945.071154	-21505.261541	-11391.164230	-20032.415692	-187500.022352	-23236.582963	922.948232	-6707.043255	-14606.306208	-29874.648735	187500.000000	-17670.238634	-187500.022352	-18582.145105	-29280.025277	-0.042000	0.980000	0.148000	192.000000	0.000000	0.000000	0.000000	0.000000	0.000000	0.000000	0.000000	0.000000	0.000000	1741983478.995751	0.000000
104.000000	-3402.069617	-1952.491933	-21512.056471	-11390.985416	-20027.855936	-187500.022352	-23236.001818	925.809255	-6706.998552	-14593.833935	-29842.819851	187500.000000	-17665.611823	-187500.022352	-18576.423058	-29269.788178	-0.042000	0.980000	0.148000	192.000000	0.000000	0.000000	0.000000	0.000000	0.000000	0.000000	0.000000	0.000000	0.000000	1741983478.995891	0.000000
106.000000	-3401.689637	-1947.663957	-21500.031233	-11386.470364	-20026.492480	-187500.022352	-23231.017379	930.279604	-6711.982991	-14599.153650	-29881.264851	187500.000000	-17670.216283	-187500.022352	-18574.523160	-29272.850367	-0.042000	0.980000	0.148000	192.000000	0.000000	0.000000	0.000000	0.000000	0.000000	0.000000	0.000000	0.000000	0.000000	1741983478.996036	0.000000
108.000000	-3406.428207	-1954.749460	-21514.381053	-11392.930018	-20030.024055	-187500.022352	-23239.913373	927.083305	-6711.290087	-14599.555981	-29824.804345	187500.000000	-17670.953890	-187500.022352	-18573.584387	-29268.201204	-0.038000	0.980000	0.150000	192.000000	127.000000	104.000000	15.000000	80.000000	2.000000	88.000000	0.000000	0.000000	0.000000	1741983479.054094	0.000000
110.000000	-3409.579803	-1956.805820	-21503.473401	-11394.271123	-20026.134852	-187500.022352	-23237.320571	932.604186	-6714.642848	-14611.581220	-29881.488369	187500.000000	-17674.798390	-187500.022352	-18576.713631	-29270.995172	-0.038000	0.980000	0.150000	192.000000	0.000000	0.000000	0.000000	0.000000	0.000000	0.000000	0.000000	0.000000	0.000000	1741983479.054280	0.000000
112.000000	-3404.796529	-1948.379212	-21515.319826	-11386.671530	-20022.111538	-187500.022352	-23234.236030	933.498255	-6720.096674	-14593.163382	-29809.247531	187500.000000	-17665.053030	-187500.022352	-18575.886616	-29268.715294	-0.038000	0.980000	0.150000	192.000000	0.000000	0.000000	0.000000	0.000000	0.000000	0.000000	0.000000	0.000000	0.000000	1741983479.054432	0.000000
114.000000	-3406.294096	-1950.524980	-21508.837820	-11392.885315	-20026.604238	-187500.022352	-23239.443986	922.791770	-6722.711828	-14599.310112	-29884.371744	187500.000000	-17676.005384	-187500.022352	-18583.128581	-29278.550062	-0.038000	0.980000	0.150000	192.000000	0.000000	0.000000	0.000000	0.000000	0.000000	0.000000	0.000000	0.000000	0.000000	1741983479.054578	0.000000
116.000000	-3399.700332	-1949.273282	-21516.124489	-11393.265294	-20024.659637	-187500.022352	-23234.258382	933.162979	-6712.832357	-14601.612342	-29804.039574	187500.000000	-17668.785771	-187500.022352	-18579.015860	-29271.822187	-0.038000	0.980000	0.150000	192.000000	0.000000	0.000000	0.000000	0.000000	0.000000	0.000000	0.000000	0.000000	0.000000	1741983479.054719	0.000000
118.000000	-3396.235811	-1943.059497	-21494.465648	-11382.558809	-20021.642151	-187500.022352	-23235.644190	926.323345	-6706.104482	-14594.817411	-29904.331852	187500.000000	-17663.734277	-187500.022352	-18574.254939	-29266.346010	-0.040000	0.964000	0.148000	192.000000	127.000000	96.000000	15.000000	16.000000	2.000000	80.000000	0.000000	0.000000	0.000000	1741983479.054853	0.000000
120.000000	-3402.516651	-1949.250930	-21516.750338	-11388.616131	-20036.528413	-187500.022352	-23242.796748	925.652793	-6712.586488	-14591.531705	-29810.208656	187500.000000	-17668.405791	-187500.022352	-18576.378355	-29271.017524	-0.040000	0.964000	0.148000	192.000000	0.000000	0.000000	0.000000	0.000000	0.000000	0.000000	0.000000	0.000000	0.000000	1741983479.055001	0.000000
122.000000	-3405.981172	-1947.954529	-21502.691090	-11387.520896	-20025.888983	-187500.022352	-23232.380835	933.475904	-6715.514566	-14586.659025	-29900.800276	187500.000000	-17671.915015	-187500.022352	-18582.279215	-29267.530652	-0.040000	0.964000	0.148000	192.000000	0.000000	0.000000	0.000000	0.000000	0.000000	0.000000	0.000000	0.000000	0.000000	1741983479.055148	0.000000
124.000000	-3406.830538	-1955.174143	-21516.884448	-11394.271123	-20024.033788	-187500.022352	-23231.889097	931.106619	-6714.821662	-14599.868906	-29818.814077	187500.000000	-17668.562254	-187500.022352	-18573.763200	-29272.828015	-0.040000	0.964000	0.148000	192.000000	0.000000	0.000000	0.000000	0.000000	0.000000	0.000000	0.000000	0.000000	0.000000	1741983479.114351	0.000000
126.000000	-3413.312544	-1956.716413	-21506.781460	-11389.577256	-20031.566326	-187500.022352	-23235.264210	937.342755	-6717.347409	-14600.494754	-29914.233674	187500.000000	-17672.496161	-187500.022352	-18579.798171	-29268.156501	-0.040000	0.964000	0.148000	192.000000	0.000000	0.000000	0.000000	0.000000	0.000000	0.000000	0.000000	0.000000	0.000000	1741983479.114535	0.000000
128.000000	-3415.681829	-1955.978806	-21522.964123	-11392.192410	-20031.141642	-187500.022352	-23231.397358	932.291261	-6724.119988	-14609.614266	-29822.882095	187500.000000	-17677.055916	-187500.022352	-18581.608663	-29271.822187	-0.044000	0.966000	0.146000	192.000000	127.000000	80.000000	15.000000	24.000000	2.000000	72.000000	0.000000	0.000000	0.000000	1741983479.114685	0.000000
130.000000	-3407.568146	-1944.378250	-21512.570561	-11391.231285	-20022.938552	-187500.022352	-23226.681140	941.500180	-6717.727389	-14589.296530	-29909.316291	187500.000000	-17674.574873	-187500.022352	-18578.635881	-29263.462634	-0.044000	0.966000	0.146000	192.000000	0.000000	0.000000	0.000000	0.000000	0.000000	0.000000	0.000000	0.000000	0.000000	1741983479.114837	0.000000
132.000000	-3412.083198	-1951.955492	-21526.048663	-11400.417852	-20035.701398	-187500.022352	-23236.001818	934.817008	-6716.118063	-14595.778536	-29834.393243	187500.000000	-17677.681765	-187500.022352	-18570.321032	-29265.764864	-0.044000	0.966000	0.146000	192.000000	0.000000	0.000000	0.000000	0.000000	0.000000	0.000000	0.000000	0.000000	0.000000	1741983479.114987	0.000000
134.000000	-3410.540928	-1949.452096	-21523.232344	-11403.770614	-20040.574079	-187500.022352	-23246.216565	922.970584	-6719.023790	-14612.251772	-29895.838189	187500.000000	-17681.682728	-187500.022352	-18587.464820	-29274.079713	-0.044000	0.966000	0.146000	192.000000	0.000000	0.000000	0.000000	0.000000	0.000000	0.000000	0.000000	0.000000	0.000000	1741983479.115138	0.000000
136.000000	-3412.597288	-1947.976881	-21536.174004	-11409.447957	-20045.782035	-187500.022352	-23247.937649	914.029886	-6720.431950	-14613.525821	-29836.337845	187500.000000	-17689.572893	-187500.022352	-18589.498829	-29285.188530	-0.045000	0.968000	0.148000	192.000000	127.000000	72.000000	15.000000	40.000000	2.000000	88.000000	0.000000	0.000000	0.000000	1741983479.115281	0.000000
138.000000	-3396.772253	-1928.866140	-21522.159460	-11396.014559	-20038.584773	-187500.022352	-23243.132024	921.450665	-6714.732255	-14610.128356	-29887.299822	187500.000000	-17680.922768	-187500.022352	-18588.157724	-29274.705562	-0.045000	0.968000	0.148000	192.000000	0.000000	0.000000	0.000000	0.000000	0.000000	0.000000	0.000000	0.000000	0.000000	1741983479.174682	0.000000
140.000000	-3391.519593	-1920.886567	-21519.521954	-11389.979588	-20040.864651	-187500.022352	-23242.327361	921.987107	-6701.455319	-14604.383958	-29865.462168	187500.000000	-17676.742992	-187500.022352	-18573.316166	-29264.446111	-0.045000	0.968000	0.148000	192.000000	0.000000	0.000000	0.000000	0.000000	0.000000	0.000000	0.000000	0.000000	0.000000	1741983479.174836	0.000000
142.000000	-3383.137689	-1906.916726	-21519.209030	-11378.781364	-20040.641134	-187500.022352	-23243.936687	915.818026	-6702.662313	-14593.699824	-29885.936366	187500.000000	-17687.516533	-187500.022352	-18582.949767	-29260.758073	-0.045000	0.968000	0.148000	192.000000	0.000000	0.000000	0.000000	0.000000	0.000000	0.000000	0.000000	0.000000	0.000000	1741983479.174996	0.000000
144.000000	-3393.620657	-1912.415256	-21523.053530	-11380.480096	-20040.663486	-187500.022352	-23249.144643	913.515796	-6707.356180	-14590.212952	-29861.483557	187500.000000	-17691.405736	-187500.022352	-18576.244244	-29263.909669	-0.045000	0.968000	0.148000	192.000000	0.000000	0.000000	0.000000	0.000000	0.000000	0.000000	0.000000	0.000000	0.000000	1741983479.175140	0.000000
146.000000	-3385.261105	-1907.252003	-21516.660931	-11375.920341	-20033.555631	-187500.022352	-23238.527565	909.693648	-6711.513604	-14591.151725	-29850.620610	187500.000000	-17692.210399	-187500.022352	-18577.205369	-29257.315905	-0.040500	0.971000	0.148000	192.000000	127.000000	112.000000	15.000000	56.000000	2.000000	80.000000	0.000000	0.000000	0.000000	1741983479.175292	0.000000
148.000000	-3378.622637	-1898.288953	-21500.299454	-11365.482076	-20028.302971	-187500.022352	-23228.648094	918.544938	-6696.984970	-14593.945693	-29863.651677	187500.000000	-17680.900416	-187500.022352	-18559.614546	-29247.436434	-0.040500	0.971000	0.148000	192.000000	0.000000	0.000000	0.000000	0.000000	0.000000	0.000000	0.000000	0.000000	0.000000	1741983479.175437	0.000000
150.000000	-3377.683863	-1900.971162	-21505.462707	-11364.498599	-20034.695570	-187500.022352	-23231.151489	922.456494	-6699.309552	-14585.362623	-29850.553554	187500.000000	-17684.923730	-187500.022352	-18560.240395	-29235.657064	-0.040500	0.971000	0.148000	192.000000	0.000000	0.000000	0.000000	0.000000	0.000000	0.000000	0.000000	0.000000	0.000000	1741983479.175583	0.000000
152.000000	-3390.156137	-1914.337506	-21503.004015	-11372.567579	-20046.698457	-187500.022352	-23242.617934	920.601299	-6701.745892	-14600.315940	-29888.417409	187500.000000	-17684.074364	-187500.022352	-18562.475570	-29242.094367	-0.040500	0.971000	0.148000	192.000000	0.000000	0.000000	0.000000	0.000000	0.000000	0.000000	0.000000	0.000000	0.000000	1741983479.175720	0.000000
154.000000	-3390.133785	-1917.757323	-21510.201277	-11373.953387	-20033.130948	-187500.022352	-23227.195230	922.657659	-6714.508738	-14616.252734	-29828.470031	187500.000000	-17699.765289	-187500.022352	-18570.768067	-29250.140995	-0.040500	0.971000	0.148000	192.000000	0.000000	0.000000	0.000000	0.000000	0.000000	0.000000	0.000000	0.000000	0.000000	1741983479.234970	0.000000
156.000000	-3398.515689	-1921.959450	-21498.891294	-11372.031137	-20037.042503	-187500.022352	-23239.131062	912.979354	-6706.082130	-14603.579295	-29887.165712	187500.000000	-17687.874161	-187500.022352	-18553.311354	-29244.865983	-0.038250	0.977500	0.149000	192.000000	127.000000	112.000000	15.000000	96.000000	2.000000	88.000000	0.000000	0.000000	0.000000	1741983479.235147	0.000000
158.000000	-3371.559485	-1896.456110	-21489.637672	-11351.109904	-20013.506116	-187500.022352	-23212.398376	932.514779	-6709.211374	-14590.503525	-29821.071603	187500.000000	-17688.701175	-187500.022352	-18557.334668	-29238.853364	-0.038250	0.977500	0.149000	192.000000	0.000000	0.000000	0.000000	0.000000	0.000000	0.000000	0.000000	0.000000	0.000000	1741983479.235302	0.000000
160.000000	-3382.176564	-1907.810796	-21482.418058	-11361.212893	-20021.731558	-187500.022352	-23224.557725	924.155226	-6699.622476	-14587.553094	-29919.620445	187500.000000	-17675.357184	-187500.022352	-18541.755502	-29225.241151	-0.038250	0.977500	0.149000	192.000000	0.000000	0.000000	0.000000	0.000000	0.000000	0.000000	0.000000	0.000000	0.000000	1741983479.235440	0.000000
162.000000	-3380.455480	-1906.804968	-21501.841724	-11364.051564	-20024.637285	-187500.022352	-23232.872573	920.981279	-6706.640924	-14587.083708	-29840.517621	187500.000000	-17679.067573	-187500.022352	-18550.986773	-29230.963198	-0.038250	0.977500	0.149000	192.000000	0.000000	0.000000	0.000000	0.000000	0.000000	0.000000	0.000000	0.000000	0.000000	1741983479.235572	0.000000
164.000000	-3394.537079	-1914.985706	-21503.518105	-11372.053489	-20039.568250	-187500.022352	-23243.489652	909.291316	-6706.573869	-14591.956388	-29909.606863	187500.000000	-17681.772135	-187500.022352	-18557.960517	-29240.328579	-0.038250	0.977500	0.149000	192.000000	0.000000	0.000000	0.000000	0.000000	0.000000	0.000000	0.000000	0.000000	0.000000	1741983479.235714	0.000000
166.000000	-3398.649800	-1919.768980	-21527.568582	-11381.262407	-20044.642096	-187500.022352	-23245.188385	907.391418	-6727.830378	-14604.853345	-29802.564359	187500.000000	-17703.609789	-187500.022352	-18577.540645	-29254.767806	-0.041125	0.975750	0.149500	192.000000	127.000000	80.000000	15.000000	56.000000	2.000000	88.000000	0.000000	0.000000	0.000000	1741983479.235864	0.000000
168.000000	-3384.344683	-1903.273392	-21496.745526	-11367.001994	-20029.934648	-187500.022352	-23234.481899	919.059029	-6706.752683	-14598.974836	-29904.331852	187500.000000	-17687.114201	-187500.022352	-18563.168474	-29235.187678	-0.041125	0.975750	0.149500	192.000000	0.000000	0.000000	0.000000	0.000000	0.000000	0.000000	0.000000	0.000000	0.000000	1741983479.294500	0.000000
170.000000	-3375.918076	-1902.401674	-21507.630826	-11359.715326	-20030.158166	-187500.022352	-23226.301161	928.938500	-6707.780863	-14590.570580	-29810.432173	187500.000000	-17688.321196	-187500.022352	-18563.436695	-29240.261524	-0.041125	0.975750	0.149500	192.000000	0.000000	0.000000	0.000000	0.000000	0.000000	0.000000	0.000000	0.000000	0.000000	1741983479.294682	0.000000
172.000000	-3376.588628	-1898.177194	-21487.804829	-11355.870826	-20032.035712	-187500.022352	-23228.402225	925.406924	-6702.170575	-14573.560902	-29905.963529	187500.000000	-17677.547655	-187500.022352	-18555.993564	-29230.002073	-0.041125	0.975750	0.149500	192.000000	0.000000	0.000000	0.000000	0.000000	0.000000	0.000000	0.000000	0.000000	0.000000	1741983479.294834	0.000000
174.000000	-3371.358320	-1898.713636	-21494.018614	-11355.714364	-20024.592581	-187500.022352	-23224.423614	926.971546	-6703.601087	-14584.423850	-29811.996795	187500.000000	-17682.174466	-187500.022352	-18554.205424	-29237.556963	-0.041125	0.975750	0.149500	192.000000	0.000000	0.000000	0.000000	0.000000	0.000000	0.000000	0.000000	0.000000	0.000000	1741983479.294968	0.000000
176.000000	-3371.604189	-1900.568831	-21475.243148	-11353.792114	-20010.980369	-187500.022352	-23222.031977	926.189235	-6698.907220	-14573.203274	-29916.021814	187500.000000	-17671.199759	-187500.022352	-18549.511558	-29230.806736	-0.040563	0.972875	0.149750	192.000000	127.000000	96.000000	15.000000	40.000000	2.000000	88.000000	0.000000	0.000000	0.000000	1741983479.295115	0.000000
178.000000	-3372.140631	-1902.625192	-21483.468590	-11352.898044	-20013.439061	-187500.022352	-23217.092242	933.721773	-6699.778938	-14577.315995	-29837.455432	187500.000000	-17666.349431	-187500.022352	-18538.290982	-29228.325692	-0.040563	0.972875	0.149750	192.000000	0.000000	0.000000	0.000000	0.000000	0.000000	0.000000	0.000000	0.000000	0.000000	1741983479.295268	0.000000
180.000000	-3376.588628	-1908.324886	-21480.048773	-11358.396573	-20011.494459	-187500.022352	-23222.367254	930.413715	-6707.199717	-14583.194504	-29903.594244	187500.000000	-17674.396059	-187500.022352	-18546.516424	-29229.689149	-0.040563	0.972875	0.149750	192.000000	0.000000	0.000000	0.000000	0.000000	0.000000	0.000000	0.000000	0.000000	0.000000	1741983479.295408	0.000000
182.000000	-3381.885991	-1919.143131	-21493.526875	-11368.387803	-20023.251477	-187500.022352	-23229.743329	929.206720	-6712.474729	-14595.532667	-29818.679967	187500.000000	-17675.647757	-187500.022352	-18550.897366	-29242.742567	-0.040563	0.972875	0.149750	192.000000	0.000000	0.000000	0.000000	0.000000	0.000000	0.000000	0.000000	0.000000	0.000000	1741983479.295547	0.000000
184.000000	-3376.454517	-1914.516320	-21480.764029	-11357.681317	-20016.568305	-187500.022352	-23212.644245	945.881122	-6707.870270	-14584.937940	-29871.295973	187500.000000	-17676.050088	-187500.022352	-18549.645668	-29230.762032	-0.040563	0.972875	0.149750	192.000000	0.000000	0.000000	0.000000	0.000000	0.000000	0.000000	0.000000	0.000000	0.000000	1741983479.356108	0.000000
186.000000	-3374.644026	-1912.817587	-21488.475381	-11354.641480	-20018.222334	-187500.022352	-23218.053367	945.881122	-6708.786691	-14586.211990	-29818.970539	187500.000000	-17675.491294	-187500.022352	-18543.364828	-29232.371358	-0.037281	0.972437	0.148875	192.000000	127.000000	120.000000	15.000000	48.000000	2.000000	80.000000	0.000000	0.000000	0.000000	1741983479.356282	0.000000
188.000000	-3386.199878	-1921.557119	-21500.120640	-11364.990337	-20021.038654	-187500.022352	-23223.350730	938.303880	-6711.982991	-14583.239208	-29865.462168	187500.000000	-17679.581664	-187500.022352	-18557.513482	-29233.958332	-0.037281	0.972437	0.148875	192.000000	0.000000	0.000000	0.000000	0.000000	0.000000	0.000000	0.000000	0.000000	0.000000	1741983479.356444	0.000000
190.000000	-3390.178489	-1924.105218	-21502.020538	-11368.276044	-20031.991009	-187500.022352	-23230.816213	935.375802	-6713.279392	-14589.855324	-29846.776110	187500.000000	-17679.738126	-187500.022352	-18556.217081	-29239.970951	-0.037281	0.972437	0.148875	192.000000	0.000000	0.000000	0.000000	0.000000	0.000000	0.000000	0.000000	0.000000	0.000000	1741983479.356587	0.000000
192.000000	-3379.673169	-1913.912822	-21498.533666	-11364.118619	-20022.178593	-187500.022352	-23217.472222	936.783962	-6713.301744	-14589.251827	-29859.583659	187500.000000	-17686.778925	-187500.022352	-18564.621337	-29236.215858	-0.037281	0.972437	0.148875	192.000000	0.000000	0.000000	0.000000	0.000000	0.000000	0.000000	0.000000	0.000000	0.000000	1741983479.356737	0.000000
194.000000	-3381.506012	-1914.516320	-21490.129410	-11359.156532	-20017.104747	-187500.022352	-23224.960056	935.062878	-6702.282334	-14583.194504	-29862.936421	187500.000000	-17669.746896	-187500.022352	-18545.667058	-29227.655140	-0.037281	0.972437	0.148875	192.000000	0.000000	0.000000	0.000000	0.000000	0.000000	0.000000	0.000000	0.000000	0.000000	1741983479.356872	0.000000
196.000000	-3396.906364	-1928.597919	-21508.591951	-11372.589931	-20029.599372	-187500.022352	-23226.167050	930.659584	-6717.325058	-14587.128411	-29852.766377	187500.000000	-17680.118105	-187500.022352	-18558.072276	-29233.243076	-0.036641	0.970219	0.150438	192.000000	127.000000	112.000000	15.000000	32.000000	2.000000	96.000000	0.000000	0.000000	0.000000	1741983479.357010	0.000000
198.000000	-3399.074483	-1928.709677	-21506.066204	-11378.311977	-20029.129985	-187500.022352	-23228.581039	920.646002	-6724.768189	-14597.477269	-29858.175499	187500.000000	-17689.327024	-187500.022352	-18562.363811	-29250.655085	-0.036641	0.970219	0.150438	192.000000	0.000000	0.000000	0.000000	0.000000	0.000000	0.000000	0.000000	0.000000	0.000000	1741983479.417083	0.000000
200.000000	-3387.540983	-1918.830206	-21504.568637	-11372.478172	-20019.362273	-187500.022352	-23225.854126	930.391363	-6713.391151	-14578.321824	-29856.141490	187500.000000	-17677.324137	-187500.022352	-18560.642726	-29240.127413	-0.036641	0.970219	0.150438	192.000000	0.000000	0.000000	0.000000	0.000000	0.000000	0.000000	0.000000	0.000000	0.000000	1741983479.417259	0.000000
202.000000	-3388.926791	-1920.439532	-21490.040003	-11369.147762	-20014.199020	-187500.022352	-23215.997006	939.734392	-6717.973258	-14591.822278	-29898.855674	187500.000000	-17678.240559	-187500.022352	-18550.897366	-29242.608457	-0.036641	0.970219	0.150438	192.000000	0.000000	0.000000	0.000000	0.000000	0.000000	0.000000	0.000000	0.000000	0.000000	1741983479.417400	0.000000
204.000000	-3377.281532	-1911.632945	-21489.078878	-11355.356736	-20005.683006	-187500.022352	-23200.261378	951.916093	-6708.429063	-14589.475344	-29851.827604	187500.000000	-17674.016079	-187500.022352	-18543.610697	-29227.901009	-0.036641	0.970219	0.150438	192.000000	0.000000	0.000000	0.000000	0.000000	0.000000	0.000000	0.000000	0.000000	0.000000	1741983479.417534	0.000000
206.000000	-3386.736320	-1915.835072	-21477.970061	-11354.060334	-20014.780166	-187500.022352	-23216.041710	946.171695	-6702.684665	-14574.969062	-29927.354148	187500.000000	-17666.304727	-187500.022352	-18531.786624	-29220.502582	-0.038320	0.971109	0.153219	192.000000	127.000000	96.000000	15.000000	48.000000	2.000000	112.000000	0.000000	0.000000	0.000000	1741983479.417672	0.000000
208.000000	-3383.249448	-1911.632945	-21500.299454	-11357.748372	-20018.982293	-187500.022352	-23219.662693	937.230997	-6713.681723	-14576.801905	-29837.522487	187500.000000	-17678.888759	-187500.022352	-18545.510596	-29230.560867	-0.038320	0.971109	0.153219	192.000000	0.000000	0.000000	0.000000	0.000000	0.000000	0.000000	0.000000	0.000000	0.000000	1741983479.417837	0.000000
210.000000	-3388.680922	-1914.873947	-21488.162457	-11362.151666	-20017.462375	-187500.022352	-23224.289504	930.771343	-6711.558308	-14581.540475	-29912.914921	187500.000000	-17673.233768	-187500.022352	-18544.996505	-29229.867963	-0.038320	0.971109	0.153219	192.000000	0.000000	0.000000	0.000000	0.000000	0.000000	0.000000	0.000000	0.000000	0.000000	1741983479.417987	0.000000
212.000000	-3394.291209	-1928.732029	-21512.436451	-11374.758050	-20024.346712	-187500.022352	-23224.803594	924.758723	-6726.176348	-14602.975798	-29817.651787	187500.000000	-17683.984957	-187500.022352	-18554.071314	-29243.882506	-0.038320	0.971109	0.153219	192.000000	0.000000	0.000000	0.000000	0.000000	0.000000	0.000000	0.000000	0.000000	0.000000	1741983479.418124	0.000000
214.000000	-3388.859736	-1918.807855	-21489.235340	-11363.179846	-20017.037692	-187500.022352	-23216.332283	940.673165	-6711.647715	-14589.855324	-29909.673918	187500.000000	-17676.899454	-187500.022352	-18549.533910	-29235.880582	-0.038320	0.971109	0.153219	192.000000	0.000000	0.000000	0.000000	0.000000	0.000000	0.000000	0.000000	0.000000	0.000000	1741983479.475389	0.000000
216.000000	-3378.265009	-1910.805930	-21497.013747	-11362.196369	-20012.857916	-187500.022352	-23215.661730	939.421468	-6713.771130	-14577.427754	-29817.227103	187500.000000	-17678.352318	-187500.022352	-18545.488244	-29235.321788	-0.041160	0.967555	0.153609	192.000000	127.000000	80.000000	15.000000	16.000000	2.000000	104.000000	0.000000	0.000000	0.000000	1741983479.475562	0.000000
218.000000	-3386.624561	-1919.299593	-21481.635747	-11364.140971	-20012.924971	-187500.022352	-23221.920219	946.305805	-6707.892622	-14582.166324	-29920.380404	187500.000000	-17670.730373	-187500.022352	-18540.280287	-29228.079823	-0.041160	0.967555	0.153609	192.000000	0.000000	0.000000	0.000000	0.000000	0.000000	0.000000	0.000000	0.000000	0.000000	1741983479.475720	0.000000
220.000000	-3389.105605	-1922.920575	-21501.484096	-11365.683242	-20018.311741	-187500.022352	-23218.746271	945.188218	-6717.235651	-14593.923342	-29810.476877	187500.000000	-17675.357184	-187500.022352	-18541.554337	-29231.611399	-0.041160	0.967555	0.153609	192.000000	0.000000	0.000000	0.000000	0.000000	0.000000	0.000000	0.000000	0.000000	0.000000	1741983479.475869	0.000000
222.000000	-3375.605151	-1907.028485	-21484.742640	-11360.967023	-20011.762680	-187500.022352	-23215.058233	939.577930	-6711.982991	-14579.014728	-29896.732258	187500.000000	-17671.825608	-187500.022352	-18541.174357	-29227.766899	-0.041160	0.967555	0.153609	192.000000	0.000000	0.000000	0.000000	0.000000	0.000000	0.000000	0.000000	0.000000	0.000000	1741983479.476015	0.000000
224.000000	-3382.847116	-1916.170349	-21500.970006	-11369.326576	-20015.763642	-187500.022352	-23217.338111	935.465209	-6714.933421	-14589.005958	-29813.203789	187500.000000	-17675.535998	-187500.022352	-18542.783683	-29240.373282	-0.041160	0.967555	0.153609	192.000000	0.000000	0.000000	0.000000	0.000000	0.000000	0.000000	0.000000	0.000000	0.000000	1741983479.476156	0.000000
226.000000	-3381.416605	-1915.566852	-21482.105134	-11362.956329	-20007.225276	-187500.022352	-23213.627722	938.281529	-6710.775997	-14588.581275	-29886.383401	187500.000000	-17672.250291	-187500.022352	-18543.767159	-29230.873791	-0.044580	0.967777	0.149805	192.000000	127.000000	64.000000	15.000000	32.000000	2.000000	72.000000	0.000000	0.000000	0.000000	1741983479.476292	0.000000
228.000000	-3379.516706	-1916.818549	-21491.783439	-11363.179846	-20012.924971	-187500.022352	-23223.440137	929.117314	-6713.838186	-14587.351929	-29814.254321	187500.000000	-17669.255158	-187500.022352	-18547.052866	-29241.066187	-0.044580	0.967777	0.149805	192.000000	0.000000	0.000000	0.000000	0.000000	0.000000	0.000000	0.000000	0.000000	0.000000	1741983479.535411	0.000000
230.000000	-3364.943369	-1900.032389	-21473.812637	-11347.041887	-20004.386604	-187500.022352	-23210.900809	945.992881	-6692.268752	-14569.202312	-29911.104430	187500.000000	-17654.190082	-187500.022352	-18543.923622	-29226.470497	-0.044580	0.967777	0.149805	192.000000	0.000000	0.000000	0.000000	0.000000	0.000000	0.000000	0.000000	0.000000	0.000000	1741983479.535600	0.000000
232.000000	-3379.896686	-1917.600860	-21497.147858	-11365.079744	-20021.664503	-187500.022352	-23221.383777	940.092020	-6706.842090	-14577.986548	-29851.604086	187500.000000	-17663.868387	-187500.022352	-18546.516424	-29238.361625	-0.044580	0.967777	0.149805	192.000000	0.000000	0.000000	0.000000	0.000000	0.000000	0.000000	0.000000	0.000000	0.000000	1741983479.535756	0.000000
234.000000	-3381.818936	-1919.791331	-21488.900064	-11360.899968	-20013.707282	-187500.022352	-23213.873591	949.725622	-6706.484462	-14578.545341	-29903.527189	187500.000000	-17667.109390	-187500.022352	-18550.517386	-29230.672625	-0.044580	0.967777	0.149805	192.000000	0.000000	0.000000	0.000000	0.000000	0.000000	0.000000	0.000000	0.000000	0.000000	1741983479.535892	0.000000
236.000000	-3391.787814	-1930.251948	-21502.869904	-11370.578274	-20025.106671	-187500.022352	-23229.139832	934.817008	-6716.810968	-14592.872810	-29858.019037	187500.000000	-17675.111315	-187500.022352	-18553.758389	-29246.229440	-0.042290	0.972889	0.148902	192.000000	127.000000	96.000000	15.000000	72.000000	2.000000	80.000000	0.000000	0.000000	0.000000	1741983479.536039	0.000000
238.000000	-3390.469061	-1927.413276	-21506.557942	-11370.421811	-20016.814174	-187500.022352	-23226.457623	932.358316	-6722.689476	-14587.575446	-29878.403828	187500.000000	-17681.660376	-187500.022352	-18558.564014	-29245.603591	-0.042290	0.972889	0.148902	192.000000	0.000000	0.000000	0.000000	0.000000	0.000000	0.000000	0.000000	0.000000	0.000000	1741983479.536180	0.000000
240.000000	-3392.525422	-1929.380230	-21504.389823	-11370.175942	-20017.261209	-187500.022352	-23229.452757	938.795619	-6723.136511	-14594.660949	-29846.641999	187500.000000	-17675.670108	-187500.022352	-18550.226814	-29245.402425	-0.042290	0.972889	0.148902	192.000000	0.000000	0.000000	0.000000	0.000000	0.000000	0.000000	0.000000	0.000000	0.000000	1741983479.536328	0.000000
242.000000	-3379.717872	-1921.490064	-21497.326672	-11361.659928	-20005.325378	-187500.022352	-23207.883323	946.372860	-6717.593279	-14581.182847	-29855.247421	187500.000000	-17673.658451	-187500.022352	-18551.277346	-29233.690111	-0.042290	0.972889	0.148902	192.000000	0.000000	0.000000	0.000000	0.000000	0.000000	0.000000	0.000000	0.000000	0.000000	1741983479.536475	0.000000
244.000000	-3392.525422	-1931.190721	-21499.494791	-11370.913550	-20019.429328	-187500.022352	-23225.362387	936.247520	-6712.050046	-14588.067184	-29870.379552	187500.000000	-17670.059820	-187500.022352	-18545.935279	-29240.619152	-0.042290	0.972889	0.148902	192.000000	0.000000	0.000000	0.000000	0.000000	0.000000	0.000000	0.000000	0.000000	0.000000	1741983479.594653	0.000000
246.000000	-3382.668302	-1920.841863	-21497.661948	-11367.180808	-20008.812250	-187500.022352	-23212.688948	936.269872	-6712.094749	-14588.380109	-29865.976258	187500.000000	-17666.192969	-187500.022352	-18550.204462	-29237.758128	-0.039145	0.972444	0.150451	192.000000	127.000000	112.000000	15.000000	48.000000	2.000000	96.000000	0.000000	0.000000	0.000000	1741983479.594826	0.000000
248.000000	-3388.815032	-1928.910843	-21490.665852	-11370.220646	-20017.060043	-187500.022352	-23229.944495	930.458418	-6710.418369	-14594.839763	-29897.559273	187500.000000	-17670.082172	-187500.022352	-18544.258898	-29245.380073	-0.039145	0.972444	0.150451	192.000000	0.000000	0.000000	0.000000	0.000000	0.000000	0.000000	0.000000	0.000000	0.000000	1741983479.594966	0.000000
250.000000	-3383.405910	-1926.049820	-21494.398593	-11363.135143	-20016.545953	-187500.022352	-23216.555800	946.059936	-6713.011171	-14584.982644	-29857.661409	187500.000000	-17668.405791	-187500.022352	-18550.137407	-29238.696902	-0.039145	0.972444	0.150451	192.000000	0.000000	0.000000	0.000000	0.000000	0.000000	0.000000	0.000000	0.000000	0.000000	1741983479.595112	0.000000
252.000000	-3391.854869	-1930.430762	-21490.084707	-11368.320747	-20022.916201	-187500.022352	-23226.345864	940.919035	-6712.988819	-14583.865056	-29897.492218	187500.000000	-17666.483541	-187500.022352	-18544.348305	-29241.580277	-0.039145	0.972444	0.150451	192.000000	0.000000	0.000000	0.000000	0.000000	0.000000	0.000000	0.000000	0.000000	0.000000	1741983479.595260	0.000000
254.000000	-3382.198916	-1921.892395	-21496.745526	-11366.800829	-20011.248590	-187500.022352	-23215.639379	941.433125	-6710.708941	-14585.921417	-29830.280522	187500.000000	-17673.770210	-187500.022352	-18549.958593	-29242.697864	-0.039145	0.972444	0.150451	192.000000	0.000000	0.000000	0.000000	0.000000	0.000000	0.000000	0.000000	0.000000	0.000000	1741983479.595408	0.000000
0.000000	-3387.675093	-1927.837959	-21486.150800	-11368.208989	-20014.377834	-187500.022352	-23222.389605	945.881122	-6717.839148	-14597.410214	-29897.693383	187500.000000	-17672.876140	-187500.022352	-18547.008162	-29242.809623	-0.039573	0.976222	0.150226	192.000000	127.000000	96.000000	15.000000	80.000000	2.000000	88.000000	0.000000	0.000000	0.000000	1741983479.595547	0.000000
2.000000	-3386.356340	-1926.161578	-21495.873808	-11366.599663	-20015.249552	-187500.022352	-23221.249666	945.769363	-6714.039351	-14584.557961	-29819.216409	187500.000000	-17673.211416	-187500.022352	-18545.085912	-29235.679416	-0.039573	0.976222	0.150226	192.000000	0.000000	0.000000	0.000000	0.000000	0.000000	0.000000	0.000000	0.000000	0.000000	1741983479.654818	0.000000
4.000000	-3387.161003	-1922.965279	-21483.982680	-11367.024346	-20017.596485	-187500.022352	-23227.105823	934.369973	-6715.112235	-14582.635711	-29888.998555	187500.000000	-17671.557387	-187500.022352	-18551.970250	-29242.072015	-0.039573	0.976222	0.150226	192.000000	0.000000	0.000000	0.000000	0.000000	0.000000	0.000000	0.000000	0.000000	0.000000	1741983479.655001	0.000000
6.000000	-3395.118224	-1934.677593	-21506.669701	-11377.216742	-20016.344788	-187500.022352	-23230.525640	930.927805	-6721.147206	-14578.880617	-29817.383566	187500.000000	-17674.194893	-187500.022352	-18558.251090	-29249.001056	-0.039573	0.976222	0.150226	192.000000	0.000000	0.000000	0.000000	0.000000	0.000000	0.000000	0.000000	0.000000	0.000000	1741983479.655158	0.000000
8.000000	-3399.543869	-1940.377288	-21493.884503	-11378.691957	-20016.367139	-187500.022352	-23227.798727	936.806314	-6721.594241	-14599.600685	-29905.337680	187500.000000	-17668.495198	-187500.022352	-18558.809883	-29252.309114	-0.039573	0.976222	0.150226	192.000000	0.000000	0.000000	0.000000	0.000000	0.000000	0.000000	0.000000	0.000000	0.000000	1741983479.655308	0.000000
10.000000	-3403.231907	-1947.082811	-21518.829050	-11391.588913	-20026.358369	-187500.022352	-23231.509117	929.653755	-6729.976145	-14607.177926	-29802.877283	187500.000000	-17680.475733	-187500.022352	-18562.564977	-29261.853309	-0.040786	0.977111	0.154113	192.000000	127.000000	88.000000	15.000000	72.000000	2.000000	120.000000	0.000000	0.000000	0.000000	1741983479.655452	0.000000
12.000000	-3402.337837	-1937.985651	-21502.936960	-11385.866867	-20025.643113	-187500.022352	-23235.286562	936.381630	-6722.622421	-14593.476307	-29894.675898	187500.000000	-17673.725507	-187500.022352	-18567.839988	-29253.829033	-0.040786	0.977111	0.154113	192.000000	0.000000	0.000000	0.000000	0.000000	0.000000	0.000000	0.000000	0.000000	0.000000	1741983479.655598	0.000000
14.000000	-3396.995771	-1934.811704	-21517.398538	-11387.789117	-20023.162070	-187500.022352	-23228.513983	940.963738	-6729.305593	-14597.790193	-29797.848141	187500.000000	-17680.855713	-187500.022352	-18567.482360	-29257.628829	-0.040786	0.977111	0.154113	192.000000	0.000000	0.000000	0.000000	0.000000	0.000000	0.000000	0.000000	0.000000	0.000000	1741983479.655738	0.000000
16.000000	-3400.773215	-1939.036183	-21500.612378	-11387.118565	-20016.434195	-187500.022352	-23225.049463	942.237788	-6717.570927	-14592.470478	-29901.537883	187500.000000	-17669.322213	-187500.022352	-18559.212215	-29243.726044	-0.040786	0.977111	0.154113	192.000000	0.000000	0.000000	0.000000	0.000000	0.000000	0.000000	0.000000	0.000000	0.000000	1741983479.655878	0.000000
18.000000	-3407.456387	-1946.591073	-21516.973855	-11391.566562	-20020.077529	-187500.022352	-23227.038768	935.442857	-6729.618517	-14600.427699	-29809.135772	187500.000000	-17678.821704	-187500.022352	-18557.692296	-29260.445149	-0.040786	0.977111	0.154113	192.000000	0.000000	0.000000	0.000000	0.000000	0.000000	0.000000	0.000000	0.000000	0.000000	1741983479.715113	0.000000
20.000000	-3394.559430	-1929.246119	-21503.942788	-11382.201181	-20015.674235	-187500.022352	-23227.910486	930.659584	-6732.434837	-14580.221722	-29875.676915	187500.000000	-17683.694385	-187500.022352	-18562.587328	-29254.298419	-0.040393	0.973556	0.156056	192.000000	127.000000	96.000000	15.000000	40.000000	2.000000	120.000000	0.000000	0.000000	0.000000	1741983479.715289	0.000000
22.000000	-3402.896631	-1943.618291	-21510.603608	-11388.906704	-20027.274791	-187500.022352	-23242.997914	923.730543	-6720.253136	-14588.536571	-29822.971502	187500.000000	-17672.630271	-187500.022352	-18550.807959	-29248.129338	-0.040393	0.973556	0.156056	192.000000	0.000000	0.000000	0.000000	0.000000	0.000000	0.000000	0.000000	0.000000	0.000000	1741983479.715440	0.000000
24.000000	-3398.694503	-1938.499741	-21497.460782	-11377.484963	-20009.840430	-187500.022352	-23211.146678	946.350508	-6726.310459	-14598.773670	-29869.843110	187500.000000	-17678.978166	-187500.022352	-18561.045058	-29248.866945	-0.040393	0.973556	0.156056	192.000000	0.000000	0.000000	0.000000	0.000000	0.000000	0.000000	0.000000	0.000000	0.000000	1741983479.715585	0.000000
26.000000	-3412.239660	-1949.742669	-21504.479230	-11383.072899	-20017.440023	-187500.022352	-23219.550934	949.211532	-6723.695305	-14593.811583	-29830.638150	187500.000000	-17669.299861	-187500.022352	-18542.515462	-29241.177945	-0.040393	0.973556	0.156056	192.000000	0.000000	0.000000	0.000000	0.000000	0.000000	0.000000	0.000000	0.000000	0.000000	1741983479.715725	0.000000
28.000000	-3413.223137	-1947.976881	-21506.937922	-11387.677358	-20024.637285	-187500.022352	-23229.408053	942.170732	-6739.520340	-14604.227496	-29857.080264	187500.000000	-17682.621501	-187500.022352	-18561.067410	-29252.532631	-0.040393	0.973556	0.156056	192.000000	0.000000	0.000000	0.000000	0.000000	0.000000	0.000000	0.000000	0.000000	0.000000	1741983479.715875	0.000000
30.000000	-3411.479701	-1952.827210	-21511.207105	-11392.304169	-20019.608142	-187500.022352	-23231.598524	948.004538	-6733.284203	-14602.171135	-29818.344691	187500.000000	-17677.704117	-187500.022352	-18559.838064	-29255.416006	-0.039197	0.974778	0.154028	192.000000	127.000000	104.000000	15.000000	64.000000	2.000000	96.000000	0.000000	0.000000	0.000000	1741983479.716013	0.000000
32.000000	-3408.328105	-1949.608558	-21508.748413	-11388.794945	-20019.317570	-187500.022352	-23220.824983	946.216398	-6728.769151	-14604.048682	-29845.814985	187500.000000	-17671.289166	-187500.022352	-18569.516369	-29254.410178	-0.039197	0.974778	0.154028	192.000000	0.000000	0.000000	0.000000	0.000000	0.000000	0.000000	0.000000	0.000000	0.000000	1741983479.775382	0.000000
34.000000	-3399.722683	-1941.740744	-21502.914608	-11378.401384	-20025.509003	-187500.022352	-23226.636437	942.885988	-6726.086941	-14592.828106	-29830.191115	187500.000000	-17669.970413	-187500.022352	-18564.464875	-29252.756149	-0.039197	0.974778	0.154028	192.000000	0.000000	0.000000	0.000000	0.000000	0.000000	0.000000	0.000000	0.000000	0.000000	1741983479.775558	0.000000
36.000000	-3400.326180	-1938.723259	-21500.992358	-11379.138992	-20019.921067	-187500.022352	-23221.048501	944.964700	-6725.282279	-14582.009862	-29847.379607	187500.000000	-17670.395097	-187500.022352	-18564.911910	-29245.380073	-0.039197	0.974778	0.154028	192.000000	0.000000	0.000000	0.000000	0.000000	0.000000	0.000000	0.000000	0.000000	0.000000	1741983479.775700	0.000000
38.000000	-3405.310620	-1943.059497	-21498.757183	-11385.866867	-20015.383663	-187500.022352	-23227.016416	938.527398	-6727.048067	-14597.969007	-29848.050159	187500.000000	-17666.416486	-187500.022352	-18563.906081	-29257.047684	-0.039197	0.974778	0.154028	192.000000	0.000000	0.000000	0.000000	0.000000	0.000000	0.000000	0.000000	0.000000	0.000000	1741983479.775846	0.000000
40.000000	-3398.560393	-1939.036183	-21498.578369	-11384.615169	-20001.637340	-187500.022352	-23222.501364	936.471037	-6722.264793	-14596.650254	-29841.456394	187500.000000	-17664.605995	-187500.022352	-18561.022706	-29253.493756	-0.040598	0.972389	0.154014	192.000000	127.000000	88.000000	15.000000	40.000000	2.000000	104.000000	0.000000	0.000000	0.000000	1741983479.775990	0.000000
42.000000	-3408.752788	-1943.506532	-21499.204218	-11387.118565	-20020.748081	-187500.022352	-23246.931821	920.400133	-6725.371686	-14587.798964	-29879.409656	187500.000000	-17661.990841	-187500.022352	-18556.485302	-29258.455844	-0.040598	0.972389	0.154014	192.000000	0.000000	0.000000	0.000000	0.000000	0.000000	0.000000	0.000000	0.000000	0.000000	1741983479.776144	0.000000
44.000000	-3412.932564	-1948.423916	-21516.593875	-11392.862963	-20026.224259	-187500.022352	-23245.523661	916.801502	-6737.128703	-14590.414118	-29825.631359	187500.000000	-17673.524341	-187500.022352	-18571.393916	-29265.697809	-0.040598	0.972389	0.154014	192.000000	0.000000	0.000000	0.000000	0.000000	0.000000	0.000000	0.000000	0.000000	0.000000	1741983479.776288	0.000000
46.000000	-3419.794550	-1956.269378	-21509.396614	-11403.077710	-20028.660599	-187500.022352	-23248.943478	916.309764	-6740.906148	-14604.786289	-29867.339714	187500.000000	-17672.630271	-187500.022352	-18572.109171	-29273.096236	-0.040598	0.972389	0.154014	192.000000	0.000000	0.000000	0.000000	0.000000	0.000000	0.000000	0.000000	0.000000	0.000000	1741983479.776431	0.000000
48.000000	-3410.362114	-1952.827210	-21517.353835	-11402.205992	-20025.754872	-187500.022352	-23238.214640	926.256290	-6731.652526	-14609.591914	-29806.990004	187500.000000	-17671.266815	-187500.022352	-18575.506637	-29272.313925	-0.040598	0.972389	0.154014	192.000000	0.000000	0.000000	0.000000	0.000000	0.000000	0.000000	0.000000	0.000000	0.000000	1741983479.835712	0.000000
50.000000	-3410.317410	-1948.088640	-21505.283893	-11397.668588	-20032.482747	-187500.022352	-23240.203946	928.446761	-6724.455264	-14601.366472	-29877.442703	187500.000000	-17666.774114	-187500.022352	-18573.629090	-29269.139978	-0.038299	0.974194	0.153007	192.000000	127.000000	112.000000	15.000000	64.000000	2.000000	96.000000	0.000000	0.000000	0.000000	1741983479.835890	0.000000
52.000000	-3402.807224	-1940.690212	-21515.141012	-11396.528649	-20026.939515	-187500.022352	-23227.061120	943.288320	-6729.819683	-14601.947618	-29790.539120	187500.000000	-17677.145323	-187500.022352	-18571.863302	-29267.575355	-0.038299	0.974194	0.153007	192.000000	0.000000	0.000000	0.000000	0.000000	0.000000	0.000000	0.000000	0.000000	0.000000	1741983479.836040	0.000000
54.000000	-3405.780006	-1939.885550	-21504.143954	-11397.646236	-20028.437081	-187500.022352	-23236.828832	932.626537	-6726.757494	-14604.495717	-29867.317363	187500.000000	-17677.435896	-187500.022352	-18568.734058	-29264.915498	-0.038299	0.974194	0.153007	192.000000	0.000000	0.000000	0.000000	0.000000	0.000000	0.000000	0.000000	0.000000	0.000000	1741983479.836182	0.000000
56.000000	-3405.914117	-1942.008965	-21520.930114	-11399.792004	-20031.879250	-187500.022352	-23243.422597	919.751933	-6730.154959	-14604.406310	-29773.596498	187500.000000	-17682.085059	-187500.022352	-18572.019764	-29270.861062	-0.038299	0.974194	0.153007	192.000000	0.000000	0.000000	0.000000	0.000000	0.000000	0.000000	0.000000	0.000000	0.000000	1741983479.836318	0.000000
58.000000	-3394.693541	-1927.033296	-21494.085669	-11382.447050	-20020.502212	-187500.022352	-23234.101919	930.279604	-6723.203566	-14595.979702	-29854.040426	187500.000000	-17673.747858	-187500.022352	-18569.873997	-29263.015600	-0.038299	0.974194	0.153007	192.000000	0.000000	0.000000	0.000000	0.000000	0.000000	0.000000	0.000000	0.000000	0.000000	1741983479.836451	0.000000
60.000000	-3387.719797	-1921.825340	-21512.592913	-11383.877562	-20025.576058	-187500.022352	-23226.010588	934.615843	-6718.353238	-14599.980664	-29759.537251	187500.000000	-17671.557387	-187500.022352	-18561.559148	-29256.533594	-0.038150	0.973097	0.152504	192.000000	127.000000	104.000000	15.000000	48.000000	2.000000	96.000000	0.000000	0.000000	0.000000	1741983479.836596	0.000000
62.000000	-3381.483660	-1911.767055	-21493.124544	-11374.422774	-20017.864706	-187500.022352	-23230.436233	934.615843	-6701.544726	-14589.475344	-29871.541842	187500.000000	-17659.107466	-187500.022352	-18560.463913	-29243.256658	-0.038150	0.973097	0.152504	192.000000	0.000000	0.000000	0.000000	0.000000	0.000000	0.000000	0.000000	0.000000	0.000000	1741983479.895019	0.000000
64.000000	-3390.022026	-1920.707753	-21518.627884	-11383.229361	-20030.359331	-187500.022352	-23245.076626	913.873424	-6706.149185	-14594.057452	-29776.882205	187500.000000	-17665.857692	-187500.022352	-18560.419209	-29253.292591	-0.038150	0.973097	0.152504	192.000000	0.000000	0.000000	0.000000	0.000000	0.000000	0.000000	0.000000	0.000000	0.000000	1741983479.895211	0.000000
66.000000	-3397.956896	-1923.054686	-21516.750338	-11388.325559	-20033.645038	-187500.022352	-23253.011495	908.173729	-6716.922726	-14609.524859	-29850.464147	187500.000000	-17679.201684	-187500.022352	-18577.697108	-29262.434454	-0.038150	0.973097	0.152504	192.000000	0.000000	0.000000	0.000000	0.000000	0.000000	0.000000	0.000000	0.000000	0.000000	1741983479.895360	0.000000
68.000000	-3384.836422	-1912.057628	-21508.502544	-11373.998091	-20020.122232	-187500.022352	-23237.633495	920.221319	-6712.921764	-14605.725063	-29781.352554	187500.000000	-17670.417448	-187500.022352	-18565.828331	-29251.191527	-0.038150	0.973097	0.152504	192.000000	0.000000	0.000000	0.000000	0.000000	0.000000	0.000000	0.000000	0.000000	0.000000	1741983479.895497	0.000000
70.000000	-3378.689692	-1903.385151	-21496.007919	-11366.174980	-20021.061006	-187500.022352	-23232.984332	920.355430	-6703.958714	-14591.330539	-29862.042351	187500.000000	-17669.657489	-187500.022352	-18559.256918	-29242.049663	-0.040075	0.971549	0.151252	192.000000	127.000000	88.000000	15.000000	40.000000	2.000000	88.000000	0.000000	0.000000	0.000000	1741983479.895641	0.000000
72.000000	-3381.707177	-1906.112064	-21507.921399	-11373.349890	-20030.515794	-187500.022352	-23242.796748	908.777226	-6706.260944	-14593.811583	-29787.365173	187500.000000	-17678.911111	-187500.022352	-18549.377447	-29242.988437	-0.040075	0.971549	0.151252	192.000000	0.000000	0.000000	0.000000	0.000000	0.000000	0.000000	0.000000	0.000000	0.000000	1741983479.895801	0.000000
74.000000	-3384.523497	-1906.357933	-21505.060375	-11380.770669	-20039.121215	-187500.022352	-23249.390513	892.661618	-6712.564136	-14590.592932	-29833.275656	187500.000000	-17688.835286	-187500.022352	-18569.717535	-29252.420873	-0.040075	0.971549	0.151252	192.000000	0.000000	0.000000	0.000000	0.000000	0.000000	0.000000	0.000000	0.000000	0.000000	1741983479.895951	0.000000
76.000000	-3381.774233	-1907.542575	-21504.076899	-11380.390689	-20037.534241	-187500.022352	-23246.373027	905.916203	-6710.798348	-14608.519031	-29780.547891	187500.000000	-17687.672995	-187500.022352	-18568.152913	-29254.879565	-0.040075	0.971549	0.151252	192.000000	0.000000	0.000000	0.000000	0.000000	0.000000	0.000000	0.000000	0.000000	0.000000	1741983479.896087	0.000000
78.000000	-3367.670282	-1894.913840	-21492.766916	-11368.343099	-20021.306875	-187500.022352	-23236.784129	912.934651	-6700.851822	-14600.181830	-29824.804345	187500.000000	-17680.766306	-187500.022352	-18566.096552	-29242.966085	-0.040075	0.971549	0.151252	192.000000	0.000000	0.000000	0.000000	0.000000	0.000000	0.000000	0.000000	0.000000	0.000000	1741983479.955797	0.000000
80.000000	-3376.342759	-1899.138319	-21501.014710	-11377.730832	-20024.972561	-187500.022352	-23235.957114	908.486653	-6697.879040	-14592.828106	-29816.936531	187500.000000	-17668.808123	-187500.022352	-18554.741866	-29245.804756	-0.039037	0.976774	0.154626	192.000000	127.000000	104.000000	15.000000	88.000000	2.000000	120.000000	0.000000	0.000000	0.000000	1741983479.955956	0.000000
82.000000	-3379.360244	-1904.323924	-21501.506448	-11381.150649	-20026.090148	-187500.022352	-23237.544088	908.017267	-6709.725465	-14606.507374	-29828.514734	187500.000000	-17672.473809	-187500.022352	-18562.833197	-29249.179870	-0.039037	0.976774	0.154626	192.000000	0.000000	0.000000	0.000000	0.000000	0.000000	0.000000	0.000000	0.000000	0.000000	1741983479.956112	0.000000
84.000000	-3386.088119	-1912.728180	-21507.206143	-11387.051509	-20041.781073	-187500.022352	-23249.435216	899.501252	-6712.899412	-14612.184717	-29822.256246	187500.000000	-17674.172541	-187500.022352	-18562.810846	-29257.829995	-0.039037	0.976774	0.154626	192.000000	0.000000	0.000000	0.000000	0.000000	0.000000	0.000000	0.000000	0.000000	0.000000	1741983479.956263	0.000000
86.000000	-3375.314578	-1903.273392	-21508.770765	-11384.458707	-20036.193137	-187500.022352	-23245.546013	900.082397	-6713.793482	-14601.768804	-29822.658577	187500.000000	-17682.241521	-187500.022352	-18571.706840	-29253.761977	-0.039037	0.976774	0.154626	192.000000	0.000000	0.000000	0.000000	0.000000	0.000000	0.000000	0.000000	0.000000	0.000000	1741983479.956405	0.000000
88.000000	-3379.539058	-1906.268526	-21506.736756	-11392.058300	-20042.585736	-187500.022352	-23254.285545	897.266078	-6708.227898	-14603.087557	-29853.034598	187500.000000	-17677.122972	-187500.022352	-18567.795285	-29261.182757	-0.039037	0.976774	0.154626	192.000000	0.000000	0.000000	0.000000	0.000000	0.000000	0.000000	0.000000	0.000000	0.000000	1741983479.956554	0.000000
90.000000	-3378.220305	-1905.977953	-21517.823221	-11391.723024	-20039.344733	-187500.022352	-23243.512004	898.406017	-6717.012133	-14618.957295	-29805.403031	187500.000000	-17684.253178	-187500.022352	-18570.924529	-29263.306172	-0.038519	0.974387	0.154313	192.000000	127.000000	104.000000	15.000000	48.000000	2.000000	104.000000	0.000000	0.000000	0.000000	1741983479.956694	0.000000
92.000000	-3384.210573	-1913.443436	-21506.401480	-11387.252675	-20047.369009	-187500.022352	-23255.425484	899.121272	-6709.233726	-14605.702711	-29860.164804	187500.000000	-17677.882931	-187500.022352	-18562.475570	-29252.376169	-0.038519	0.974387	0.154313	192.000000	0.000000	0.000000	0.000000	0.000000	0.000000	0.000000	0.000000	0.000000	0.000000	1741983480.015018	0.000000
94.000000	-3378.823802	-1912.549366	-21520.483079	-11391.410099	-20043.189233	-187500.022352	-23251.044542	894.315647	-6722.801235	-14616.990342	-29796.082353	187500.000000	-17686.175428	-187500.022352	-18574.523160	-29260.691018	-0.038519	0.974387	0.154313	192.000000	0.000000	0.000000	0.000000	0.000000	0.000000	0.000000	0.000000	0.000000	0.000000	1741983480.015208	0.000000
96.000000	-3383.249448	-1915.589203	-21503.920436	-11388.414966	-20045.714980	-187500.022352	-23252.944440	895.656752	-6713.145281	-14612.229420	-29859.740121	187500.000000	-17682.979129	-187500.022352	-18570.276328	-29259.640486	-0.038519	0.974387	0.154313	192.000000	0.000000	0.000000	0.000000	0.000000	0.000000	0.000000	0.000000	0.000000	0.000000	1741983480.015353	0.000000
98.000000	-3375.068709	-1907.229651	-21509.575428	-11378.513143	-20036.260192	-187500.022352	-23237.387626	911.258270	-6714.441683	-14611.737682	-29788.996850	187500.000000	-17679.536960	-187500.022352	-18568.890520	-29253.627867	-0.038519	0.974387	0.154313	192.000000	0.000000	0.000000	0.000000	0.000000	0.000000	0.000000	0.000000	0.000000	0.000000	1741983480.015492	0.000000
100.000000	-3376.789794	-1908.458997	-21489.056526	-11372.589931	-20033.421520	-187500.022352	-23236.828832	920.511892	-6706.015075	-14598.013711	-29887.925671	187500.000000	-17670.797428	-187500.022352	-18557.759351	-29241.245001	-0.041259	0.972194	0.153156	192.000000	127.000000	80.000000	15.000000	40.000000	2.000000	96.000000	0.000000	0.000000	0.000000	1741983480.015624	0.000000
102.000000	-3383.070634	-1917.377343	-21510.625960	-11383.341120	-20036.394302	-187500.022352	-23240.874498	908.196081	-6719.448473	-14608.407272	-29800.575054	187500.000000	-17681.503914	-187500.022352	-18562.050886	-29246.587067	-0.041259	0.972194	0.153156	192.000000	0.000000	0.000000	0.000000	0.000000	0.000000	0.000000	0.000000	0.000000	0.000000	1741983480.015774	0.000000
104.000000	-3389.217364	-1922.942927	-21499.204218	-11389.599608	-20037.221317	-187500.022352	-23244.718998	904.128063	-6722.376552	-14603.065205	-29884.572909	187500.000000	-17677.055916	-187500.022352	-18567.057677	-29252.733797	-0.041259	0.972194	0.153156	192.000000	0.000000	0.000000	0.000000	0.000000	0.000000	0.000000	0.000000	0.000000	0.000000	1741983480.015917	0.000000
106.000000	-3389.932619	-1931.235424	-21514.001073	-11390.694844	-20038.227145	-187500.022352	-23244.964867	903.859842	-6725.796369	-14615.828051	-29804.598368	187500.000000	-17676.519475	-187500.022352	-18567.661174	-29259.953411	-0.041259	0.972194	0.153156	192.000000	0.000000	0.000000	0.000000	0.000000	0.000000	0.000000	0.000000	0.000000	0.000000	1741983480.016067	0.000000
108.000000	-3388.122128	-1931.369535	-21506.759108	-11387.632655	-20040.328209	-187500.022352	-23242.148547	909.425427	-6728.590337	-14624.433473	-29878.716752	187500.000000	-17687.360071	-187500.022352	-18580.200503	-29267.932983	-0.041259	0.972194	0.153156	192.000000	0.000000	0.000000	0.000000	0.000000	0.000000	0.000000	0.000000	0.000000	0.000000	1741983480.075431	0.000000
110.000000	-3376.879201	-1920.126607	-21508.882524	-11375.741527	-20038.741236	-187500.022352	-23238.348751	928.938500	-6714.933421	-14604.786289	-29807.034708	187500.000000	-17675.178370	-187500.022352	-18570.991584	-29250.252754	-0.041630	0.973097	0.153578	192.000000	127.000000	88.000000	15.000000	56.000000	2.000000	104.000000	0.000000	0.000000	0.000000	1741983480.075601	0.000000
112.000000	-3375.918076	-1914.739837	-21487.380145	-11369.460686	-20034.717922	-187500.022352	-23238.169937	927.440933	-6711.982991	-14592.962216	-29906.254102	187500.000000	-17669.858655	-187500.022352	-18563.526102	-29240.909724	-0.041630	0.973097	0.153578	192.000000	0.000000	0.000000	0.000000	0.000000	0.000000	0.000000	0.000000	0.000000	0.000000	1741983480.075747	0.000000
114.000000	-3379.539058	-1922.585299	-21500.008881	-11378.915474	-20032.683913	-187500.022352	-23237.700550	916.510930	-6719.359066	-14604.249847	-29808.286406	187500.000000	-17673.859617	-187500.022352	-18562.721439	-29253.292591	-0.041630	0.973097	0.153578	192.000000	0.000000	0.000000	0.000000	0.000000	0.000000	0.000000	0.000000	0.000000	0.000000	1741983480.075904	0.000000
116.000000	-3377.236828	-1917.913785	-21481.144009	-11372.969910	-20027.475956	-187500.022352	-23235.375969	917.874386	-6710.418369	-14596.046757	-29895.793485	187500.000000	-17665.254195	-187500.022352	-18558.653421	-29246.989399	-0.041630	0.973097	0.153578	192.000000	0.000000	0.000000	0.000000	0.000000	0.000000	0.000000	0.000000	0.000000	0.000000	1741983480.076051	0.000000
118.000000	-3376.901552	-1915.745666	-21494.353890	-11371.382936	-20025.151375	-187500.022352	-23237.231164	920.668354	-6713.681723	-14601.478231	-29813.136734	187500.000000	-17670.059820	-187500.022352	-18553.043133	-29247.168213	-0.041630	0.973097	0.153578	192.000000	0.000000	0.000000	0.000000	0.000000	0.000000	0.000000	0.000000	0.000000	0.000000	1741983480.076194	0.000000
120.000000	-3383.607076	-1921.802988	-21498.310149	-11383.184657	-20033.242706	-187500.022352	-23243.847280	909.224261	-6721.862462	-14598.572504	-29881.510720	187500.000000	-17671.915015	-187500.022352	-18557.066447	-29246.877640	-0.041815	0.970548	0.151789	192.000000	127.000000	88.000000	15.000000	32.000000	2.000000	88.000000	0.000000	0.000000	0.000000	1741983480.076332	0.000000
122.000000	-3379.203782	-1921.601823	-21508.793117	-11381.865905	-20041.334038	-187500.022352	-23250.910431	903.032828	-6720.610764	-14607.110871	-29806.386507	187500.000000	-17675.088963	-187500.022352	-18561.894424	-29255.773634	-0.041815	0.970548	0.151789	192.000000	0.000000	0.000000	0.000000	0.000000	0.000000	0.000000	0.000000	0.000000	0.000000	1741983480.135641	0.000000
124.000000	-3368.810221	-1907.900203	-21497.773707	-11373.171076	-20028.593544	-187500.022352	-23239.086358	911.213566	-6711.580659	-14594.348025	-29868.747874	187500.000000	-17676.430068	-187500.022352	-18569.672831	-29249.515146	-0.041815	0.970548	0.151789	192.000000	0.000000	0.000000	0.000000	0.000000	0.000000	0.000000	0.000000	0.000000	0.000000	1741983480.135812	0.000000
126.000000	-3391.184317	-1925.267509	-21513.844611	-11387.096213	-20042.161052	-187500.022352	-23251.536280	900.060046	-6716.989781	-14594.571542	-29835.622589	187500.000000	-17676.206550	-187500.022352	-18561.045058	-29256.086559	-0.041815	0.970548	0.151789	192.000000	0.000000	0.000000	0.000000	0.000000	0.000000	0.000000	0.000000	0.000000	0.000000	1741983480.135976	0.000000
128.000000	-3387.585686	-1919.612517	-21512.972893	-11386.358605	-20042.630439	-187500.022352	-23252.050370	899.478900	-6732.367782	-14610.150708	-29850.330037	187500.000000	-17689.505838	-187500.022352	-18573.539683	-29260.311039	-0.041815	0.970548	0.151789	192.000000	0.000000	0.000000	0.000000	0.000000	0.000000	0.000000	0.000000	0.000000	0.000000	1741983480.136117	0.000000
130.000000	-3381.774233	-1916.349163	-21509.106041	-11383.922265	-20040.059989	-187500.022352	-23258.018286	898.897755	-6723.292973	-14604.585124	-29829.498211	187500.000000	-17681.101582	-187500.022352	-18567.191788	-29260.512204	-0.038907	0.970274	0.151895	192.000000	127.000000	112.000000	15.000000	40.000000	2.000000	96.000000	0.000000	0.000000	0.000000	1741983480.136257	0.000000
132.000000	-3373.638198	-1910.224785	-21500.835896	-11373.260483	-20029.889945	-187500.022352	-23240.963905	919.818988	-6715.961601	-14595.577371	-29851.179403	187500.000000	-17679.782829	-187500.022352	-18568.331727	-29248.799890	-0.038907	0.970274	0.151895	192.000000	0.000000	0.000000	0.000000	0.000000	0.000000	0.000000	0.000000	0.000000	0.000000	1741983480.136413	0.000000
134.000000	-3383.517669	-1917.287936	-21508.927227	-11385.755108	-20035.813157	-187500.022352	-23250.150472	907.860805	-6720.342543	-14604.026330	-29846.552592	187500.000000	-17679.760478	-187500.022352	-18564.598985	-29253.538460	-0.038907	0.970274	0.151895	192.000000	0.000000	0.000000	0.000000	0.000000	0.000000	0.000000	0.000000	0.000000	0.000000	1741983480.136551	0.000000
136.000000	-3380.902515	-1917.332639	-21512.659968	-11389.286684	-20031.745140	-187500.022352	-23247.512966	905.044485	-6722.823587	-14590.905856	-29840.092938	187500.000000	-17681.190989	-187500.022352	-18572.064468	-29255.550117	-0.038907	0.970274	0.151895	192.000000	0.000000	0.000000	0.000000	0.000000	0.000000	0.000000	0.000000	0.000000	0.000000	1741983480.136698	0.000000
138.000000	-3384.836422	-1918.874910	-21507.206143	-11386.738585	-20039.903526	-187500.022352	-23255.157263	909.403075	-6719.850805	-14603.601647	-29870.267793	187500.000000	-17676.899454	-187500.022352	-18568.734058	-29257.606477	-0.038907	0.970274	0.151895	192.000000	0.000000	0.000000	0.000000	0.000000	0.000000	0.000000	0.000000	0.000000	0.000000	1741983480.195917	0.000000
140.000000	-3378.913209	-1911.007096	-21518.180849	-11383.698748	-20038.830643	-187500.022352	-23249.345809	906.631459	-6725.796369	-14595.487964	-29833.074490	187500.000000	-17685.594283	-187500.022352	-18582.525084	-29257.606477	-0.039454	0.969137	0.153947	192.000000	127.000000	96.000000	15.000000	32.000000	2.000000	112.000000	0.000000	0.000000	0.000000	1741983480.196073	0.000000
142.000000	-3386.266933	-1917.019715	-21511.296512	-11385.755108	-20046.541994	-187500.022352	-23259.292335	906.787921	-6724.052933	-14592.895161	-29888.037430	187500.000000	-17679.671071	-187500.022352	-18576.691279	-29258.791120	-0.039454	0.969137	0.153947	192.000000	0.000000	0.000000	0.000000	0.000000	0.000000	0.000000	0.000000	0.000000	0.000000	1741983480.196217	0.000000
144.000000	-3377.505049	-1915.119817	-21519.119623	-11388.236152	-20036.640172	-187500.022352	-23248.429388	905.759741	-6728.255061	-14605.054510	-29826.212505	187500.000000	-17683.135591	-187500.022352	-18586.503695	-29266.144844	-0.039454	0.969137	0.153947	192.000000	0.000000	0.000000	0.000000	0.000000	0.000000	0.000000	0.000000	0.000000	0.000000	1741983480.196352	0.000000
146.000000	-3381.930695	-1916.282107	-21501.662910	-11381.664739	-20037.422483	-187500.022352	-23246.753007	909.559537	-6712.117101	-14600.919438	-29909.092773	187500.000000	-17666.707059	-187500.022352	-18568.756410	-29260.333390	-0.039454	0.969137	0.153947	192.000000	0.000000	0.000000	0.000000	0.000000	0.000000	0.000000	0.000000	0.000000	0.000000	1741983480.196496	0.000000
148.000000	-3387.317465	-1924.976936	-21524.908724	-11390.136050	-20047.637230	-187500.022352	-23256.207795	895.097958	-6723.091808	-14603.534592	-29838.640075	187500.000000	-17672.563216	-187500.022352	-18575.908968	-29264.960201	-0.039454	0.969137	0.153947	192.000000	0.000000	0.000000	0.000000	0.000000	0.000000	0.000000	0.000000	0.000000	0.000000	1741983480.196643	0.000000
150.000000	-3380.477831	-1914.516320	-21504.255713	-11381.687091	-20041.937535	-187500.022352	-23257.124216	902.228165	-6722.197738	-14600.494754	-29899.973261	187500.000000	-17680.296919	-187500.022352	-18577.831218	-29265.496643	-0.041727	0.968569	0.153974	192.000000	127.000000	80.000000	15.000000	32.000000	2.000000	104.000000	0.000000	0.000000	0.000000	1741983480.196787	0.000000
152.000000	-3371.872410	-1911.521186	-21514.805736	-11379.697785	-20039.747064	-187500.022352	-23254.978449	906.944383	-6717.749741	-14607.244981	-29816.847124	187500.000000	-17676.139495	-187500.022352	-18574.120828	-29258.142919	-0.041727	0.968569	0.153974	192.000000	0.000000	0.000000	0.000000	0.000000	0.000000	0.000000	0.000000	0.000000	0.000000	1741983480.255201	0.000000
154.000000	-3367.647930	-1906.134415	-21493.146896	-11368.387803	-20032.393340	-187500.022352	-23245.769530	917.762627	-6708.585526	-14586.010824	-29907.930482	187500.000000	-17671.669146	-187500.022352	-18569.717535	-29251.437396	-0.041727	0.968569	0.153974	192.000000	0.000000	0.000000	0.000000	0.000000	0.000000	0.000000	0.000000	0.000000	0.000000	1741983480.255383	0.000000
156.000000	-3371.693596	-1912.482311	-21511.162402	-11374.690995	-20038.361256	-187500.022352	-23243.199079	915.818026	-6715.179290	-14588.737737	-29810.074545	187500.000000	-17675.670108	-187500.022352	-18567.616471	-29255.304248	-0.041727	0.968569	0.153974	192.000000	0.000000	0.000000	0.000000	0.000000	0.000000	0.000000	0.000000	0.000000	0.000000	1741983480.255524	0.000000
158.000000	-3382.958875	-1920.685401	-21497.304320	-11376.300320	-20034.561459	-187500.022352	-23242.752045	922.300031	-6717.101540	-14597.946656	-29900.688517	187500.000000	-17675.603053	-187500.022352	-18568.734058	-29248.375207	-0.041727	0.968569	0.153974	192.000000	0.000000	0.000000	0.000000	0.000000	0.000000	0.000000	0.000000	0.000000	0.000000	1741983480.255675	0.000000
160.000000	-3382.042454	-1926.720372	-21511.162402	-11381.284759	-20031.767491	-187500.022352	-23242.729693	913.985183	-6724.723485	-14605.725063	-29789.175664	187500.000000	-17680.118105	-187500.022352	-18570.745715	-29257.829995	-0.042863	0.969284	0.154987	192.000000	127.000000	80.000000	15.000000	40.000000	2.000000	112.000000	0.000000	0.000000	0.000000	1741983480.255826	0.000000
162.000000	-3367.625578	-1909.978915	-21482.283948	-11366.085573	-20014.780166	-187500.022352	-23225.362387	929.005555	-6710.932459	-14594.258618	-29874.358162	187500.000000	-17664.740105	-187500.022352	-18561.536796	-29248.486966	-0.042863	0.969284	0.154987	192.000000	0.000000	0.000000	0.000000	0.000000	0.000000	0.000000	0.000000	0.000000	0.000000	1741983480.255972	0.000000
164.000000	-3367.290302	-1912.012924	-21496.432602	-11371.315881	-20014.020206	-187500.022352	-23225.831774	928.491465	-6700.225973	-14593.431603	-29801.938510	187500.000000	-17655.330021	-187500.022352	-18550.182110	-29245.514184	-0.042863	0.969284	0.154987	192.000000	0.000000	0.000000	0.000000	0.000000	0.000000	0.000000	0.000000	0.000000	0.000000	1741983480.256114	0.000000
166.000000	-3381.684826	-1923.792294	-21496.231436	-11384.659873	-20025.777224	-187500.022352	-23249.569327	911.124159	-6700.158918	-14593.900990	-29892.127799	187500.000000	-17658.258099	-187500.022352	-18558.094628	-29250.945658	-0.042863	0.969284	0.154987	192.000000	0.000000	0.000000	0.000000	0.000000	0.000000	0.000000	0.000000	0.000000	0.000000	1741983480.256243	0.000000
168.000000	-3384.992884	-1926.675669	-21516.012730	-11392.348873	-20034.404997	-187500.022352	-23250.508100	903.569270	-6724.656430	-14610.754205	-29807.392336	187500.000000	-17679.156980	-187500.022352	-18570.477494	-29279.019449	-0.042863	0.969284	0.154987	192.000000	0.000000	0.000000	0.000000	0.000000	0.000000	0.000000	0.000000	0.000000	0.000000	1741983480.315029	0.000000
170.000000	-3377.102718	-1919.165482	-21502.624035	-11383.586989	-20026.671294	-187500.022352	-23247.647077	900.507081	-6713.637020	-14601.567638	-29877.487406	187500.000000	-17670.886835	-187500.022352	-18571.259805	-29269.542309	-0.041432	0.972642	0.156493	192.000000	127.000000	96.000000	15.000000	64.000000	2.000000	120.000000	0.000000	0.000000	0.000000	1741983480.315215	0.000000
172.000000	-3379.896686	-1923.255852	-21505.418003	-11383.452878	-20029.040578	-187500.022352	-23248.518795	903.636325	-6710.351313	-14605.166269	-29825.676063	187500.000000	-17668.361088	-187500.022352	-18561.402686	-29266.234251	-0.041432	0.972642	0.156493	192.000000	0.000000	0.000000	0.000000	0.000000	0.000000	0.000000	0.000000	0.000000	0.000000	1741983480.315373	0.000000
174.000000	-3377.572105	-1919.657221	-21497.192561	-11377.484963	-20028.504137	-187500.022352	-23243.444949	917.337944	-6706.573869	-14595.264446	-29882.315383	187500.000000	-17669.545730	-187500.022352	-18566.789456	-29253.538460	-0.041432	0.972642	0.156493	192.000000	0.000000	0.000000	0.000000	0.000000	0.000000	0.000000	0.000000	0.000000	0.000000	1741983480.315519	0.000000
176.000000	-3385.149346	-1924.462846	-21511.028291	-11387.856172	-20037.847166	-187500.022352	-23250.686914	901.803482	-6720.074322	-14607.624961	-29823.463240	187500.000000	-17680.006347	-187500.022352	-18569.762238	-29268.894108	-0.041432	0.972642	0.156493	192.000000	0.000000	0.000000	0.000000	0.000000	0.000000	0.000000	0.000000	0.000000	0.000000	1741983480.315658	0.000000
178.000000	-3377.572105	-1914.002229	-21502.266407	-11378.043756	-20022.446814	-187500.022352	-23237.924068	912.867595	-6718.532052	-14589.117716	-29857.884927	187500.000000	-17669.053992	-187500.022352	-18568.957575	-29260.489852	-0.041432	0.972642	0.156493	192.000000	0.000000	0.000000	0.000000	0.000000	0.000000	0.000000	0.000000	0.000000	0.000000	1741983480.315802	0.000000
180.000000	-3384.769366	-1923.188796	-21500.187695	-11378.088460	-20025.196078	-187500.022352	-23235.912411	923.104694	-6714.307572	-14583.753298	-29858.577831	187500.000000	-17664.158960	-187500.022352	-18557.826407	-29255.192489	-0.042716	0.971321	0.158247	192.000000	127.000000	80.000000	15.000000	40.000000	2.500000	0.000000	0.000000	0.000000	0.000000	1741983480.315953	0.000000
182.000000	-3382.534192	-1925.915709	-21499.271274	-11377.708480	-20018.647017	-187500.022352	-23226.368216	933.028869	-6718.822625	-14592.246961	-29862.221165	187500.000000	-17670.484504	-187500.022352	-18562.341459	-29250.096291	-0.042716	0.971321	0.158247	192.000000	0.000000	0.000000	0.000000	0.000000	0.000000	0.000000	0.000000	0.000000	0.000000	1741983480.375397	0.000000
184.000000	-3381.684826	-1923.389962	-21495.270311	-11378.200218	-20019.250514	-187500.022352	-23228.625742	924.870482	-6708.473767	-14598.438394	-29865.730389	187500.000000	-17659.196873	-187500.022352	-18553.691334	-29250.990361	-0.042716	0.971321	0.158247	192.000000	0.000000	0.000000	0.000000	0.000000	0.000000	0.000000	0.000000	0.000000	0.000000	1741983480.375577	0.000000
186.000000	-3373.369977	-1917.377343	-21493.191599	-11373.171076	-20015.316607	-187500.022352	-23231.665579	929.005555	-6705.880965	-14596.069109	-29853.302819	187500.000000	-17658.414562	-187500.022352	-18553.981907	-29247.637599	-0.042716	0.971321	0.158247	192.000000	0.000000	0.000000	0.000000	0.000000	0.000000	0.000000	0.000000	0.000000	0.000000	1741983480.375726	0.000000
188.000000	-3383.584724	-1926.943889	-21493.035137	-11378.602550	-20021.955075	-187500.022352	-23238.192289	921.540072	-6714.642848	-14601.522935	-29876.392171	187500.000000	-17662.750800	-187500.022352	-18560.083933	-29254.968972	-0.042716	0.971321	0.158247	192.000000	0.000000	0.000000	0.000000	0.000000	0.000000	0.000000	0.000000	0.000000	0.000000	1741983480.375859	0.000000
190.000000	-3388.904439	-1932.241253	-21516.348006	-11387.453841	-20039.769416	-187500.022352	-23257.839472	899.769473	-6721.527186	-14603.914571	-29823.530295	187500.000000	-17668.405791	-187500.022352	-18572.243282	-29261.920364	-0.041358	0.976661	0.160123	192.000000	127.000000	96.000000	15.000000	88.000000	2.500000	8.000000	0.000000	0.000000	0.000000	1741983480.376003	0.000000
192.000000	-3387.451576	-1925.938061	-21504.009843	-11381.083593	-20037.623648	-187500.022352	-23255.201966	908.888985	-6723.136511	-14600.606513	-29869.865462	187500.000000	-17676.944158	-187500.022352	-18580.468724	-29274.213824	-0.041358	0.976661	0.160123	192.000000	0.000000	0.000000	0.000000	0.000000	0.000000	0.000000	0.000000	0.000000	0.000000	1741983480.376159	0.000000
194.000000	-3385.752843	-1920.394828	-21511.229457	-11379.742489	-20028.705302	-187500.022352	-23238.907544	927.217415	-6720.901337	-14589.184772	-29805.850065	187500.000000	-17669.389268	-187500.022352	-18571.863302	-29261.227460	-0.041358	0.976661	0.160123	192.000000	0.000000	0.000000	0.000000	0.000000	0.000000	0.000000	0.000000	0.000000	0.000000	1741983480.376297	0.000000
196.000000	-3387.831555	-1917.980840	-21502.802849	-11378.580198	-20033.868555	-187500.022352	-23241.433292	920.735409	-6724.231747	-14587.240170	-29869.306668	187500.000000	-17673.077306	-187500.022352	-18566.901215	-29257.248850	-0.041358	0.976661	0.160123	192.000000	0.000000	0.000000	0.000000	0.000000	0.000000	0.000000	0.000000	0.000000	0.000000	1741983480.376443	0.000000
198.000000	-3380.522535	-1913.130511	-21516.415062	-11375.942692	-20034.114424	-187500.022352	-23245.478957	918.164959	-6730.624346	-14578.567693	-29794.182455	187500.000000	-17678.329966	-187500.022352	-18571.908006	-29259.238155	-0.041358	0.976661	0.160123	192.000000	0.000000	0.000000	0.000000	0.000000	0.000000	0.000000	0.000000	0.000000	0.000000	1741983480.435619	0.000000
200.000000	-3373.325273	-1902.468729	-21492.297529	-11364.185675	-20027.051273	-187500.022352	-23241.232126	921.897700	-6718.666162	-14567.995318	-29881.376610	187500.000000	-17666.461190	-187500.022352	-18566.364773	-29246.296495	-0.041679	0.975330	0.161062	192.000000	127.000000	88.000000	15.000000	56.000000	2.500000	8.000000	0.000000	0.000000	0.000000	1741983480.435809	0.000000
202.000000	-3370.397195	-1902.535785	-21503.316939	-11366.174980	-20021.776262	-187500.022352	-23236.404149	922.903529	-6718.286183	-14570.632824	-29807.571150	187500.000000	-17665.589472	-187500.022352	-18565.247186	-29244.396596	-0.041679	0.975330	0.161062	192.000000	0.000000	0.000000	0.000000	0.000000	0.000000	0.000000	0.000000	0.000000	0.000000	1741983480.435976	0.000000
204.000000	-3379.047320	-1906.983782	-21490.598797	-11368.633672	-20017.238857	-187500.022352	-23237.834661	928.267947	-6718.420293	-14566.900082	-29906.678785	187500.000000	-17662.996669	-187500.022352	-18562.833197	-29243.055492	-0.041679	0.975330	0.161062	192.000000	0.000000	0.000000	0.000000	0.000000	0.000000	0.000000	0.000000	0.000000	0.000000	1741983480.436119	0.000000
206.000000	-3391.139614	-1923.032334	-21511.765899	-11382.871733	-20032.818023	-187500.022352	-23243.377893	921.763590	-6725.528148	-14574.857303	-29820.579865	187500.000000	-17668.294033	-187500.022352	-18562.207349	-29250.498623	-0.041679	0.975330	0.161062	192.000000	0.000000	0.000000	0.000000	0.000000	0.000000	0.000000	0.000000	0.000000	0.000000	1741983480.436257	0.000000
208.000000	-3392.212497	-1926.988593	-21498.868942	-11383.922265	-20026.358369	-187500.022352	-23238.773434	923.574081	-6730.534939	-14589.452993	-29889.557348	187500.000000	-17674.843094	-187500.022352	-18572.846779	-29258.858175	-0.041679	0.975330	0.161062	192.000000	0.000000	0.000000	0.000000	0.000000	0.000000	0.000000	0.000000	0.000000	0.000000	1741983480.436397	0.000000
210.000000	-3387.518631	-1926.675669	-21508.860172	-11379.027233	-20022.782090	-187500.022352	-23233.163146	937.812142	-6725.729314	-14593.431603	-29812.354423	187500.000000	-17668.338736	-187500.022352	-18565.180131	-29254.656047	-0.040839	0.973665	0.160531	192.000000	127.000000	96.000000	15.000000	48.000000	2.500000	0.000000	0.000000	0.000000	0.000000	1741983480.436536	0.000000
212.000000	-3393.039512	-1933.180026	-21503.004015	-11383.877562	-20029.979352	-187500.022352	-23239.846318	932.470075	-6725.550500	-14595.555019	-29908.288110	187500.000000	-17673.770210	-187500.022352	-18573.942014	-29250.565678	-0.040839	0.973665	0.160531	192.000000	0.000000	0.000000	0.000000	0.000000	0.000000	0.000000	0.000000	0.000000	0.000000	1741983480.495904	0.000000
214.000000	-3395.744073	-1935.728125	-21515.588047	-11390.292512	-20032.102767	-187500.022352	-23244.607239	922.456494	-6731.116084	-14602.126432	-29821.362176	187500.000000	-17676.072440	-187500.022352	-18572.109171	-29265.541347	-0.040839	0.973665	0.160531	192.000000	0.000000	0.000000	0.000000	0.000000	0.000000	0.000000	0.000000	0.000000	0.000000	1741983480.496083	0.000000
216.000000	-3391.944276	-1926.586262	-21504.590989	-11381.217704	-20031.298105	-187500.022352	-23240.025132	931.151322	-6730.467883	-14589.318882	-29890.339659	187500.000000	-17679.961643	-187500.022352	-18578.434715	-29262.032123	-0.040839	0.973665	0.160531	192.000000	0.000000	0.000000	0.000000	0.000000	0.000000	0.000000	0.000000	0.000000	0.000000	1741983480.496222	0.000000
218.000000	-3387.272762	-1923.725238	-21504.903913	-11370.958253	-20030.515794	-187500.022352	-23237.409978	943.891817	-6728.098598	-14583.619187	-29822.815039	187500.000000	-17678.575835	-187500.022352	-18571.751543	-29250.386864	-0.040839	0.973665	0.160531	192.000000	0.000000	0.000000	0.000000	0.000000	0.000000	0.000000	0.000000	0.000000	0.000000	1741983480.496366	0.000000
220.000000	-3382.578895	-1918.249061	-21494.733869	-11366.219683	-20029.197041	-187500.022352	-23242.886155	934.995822	-6723.315325	-14574.879655	-29881.398962	187500.000000	-17671.110352	-187500.022352	-18570.477494	-29240.775614	-0.041420	0.971833	0.159265	192.000000	127.000000	88.000000	15.000000	40.000000	2.000000	120.000000	0.000000	0.000000	0.000000	1741983480.496500	0.000000
222.000000	-3384.143518	-1919.187834	-21498.868942	-11371.628806	-20026.268962	-187500.022352	-23228.156355	942.573064	-6719.224956	-14577.763030	-29830.772261	187500.000000	-17670.350393	-187500.022352	-18561.872072	-29245.983570	-0.041420	0.971833	0.159265	192.000000	0.000000	0.000000	0.000000	0.000000	0.000000	0.000000	0.000000	0.000000	0.000000	1741983480.496655	0.000000
224.000000	-3370.374843	-1905.374456	-21485.659061	-11362.956329	-20010.131003	-187500.022352	-23219.886210	955.246503	-6715.112235	-14568.710574	-29870.893642	187500.000000	-17669.255158	-187500.022352	-18559.458084	-29236.081748	-0.041420	0.971833	0.159265	192.000000	0.000000	0.000000	0.000000	0.000000	0.000000	0.000000	0.000000	0.000000	0.000000	1741983480.496807	0.000000
226.000000	-3383.674131	-1919.612517	-21492.476343	-11371.829971	-20019.228163	-187500.022352	-23225.585905	945.165866	-6712.206508	-14580.713461	-29845.971447	187500.000000	-17665.991803	-187500.022352	-18553.534872	-29241.937905	-0.041420	0.971833	0.159265	192.000000	0.000000	0.000000	0.000000	0.000000	0.000000	0.000000	0.000000	0.000000	0.000000	1741983480.496947	0.000000
228.000000	-3381.573067	-1916.282107	-21495.851457	-11369.527742	-20019.228163	-187500.022352	-23225.205925	944.696479	-6724.611726	-14580.244074	-29848.139566	187500.000000	-17675.670108	-187500.022352	-18566.096552	-29244.910687	-0.041420	0.971833	0.159265	192.000000	0.000000	0.000000	0.000000	0.000000	0.000000	0.000000	0.000000	0.000000	0.000000	1741983480.556200	0.000000
230.000000	-3392.190146	-1924.462846	-21494.867980	-11375.026271	-20027.028921	-187500.022352	-23233.185498	945.702308	-6724.164691	-14584.736775	-29851.447624	187500.000000	-17668.830474	-187500.022352	-18557.848758	-29240.596800	-0.041710	0.970916	0.156633	192.000000	127.000000	88.000000	15.000000	40.000000	2.000000	104.000000	0.000000	0.000000	0.000000	1741983480.556361	0.000000
232.000000	-3381.930695	-1919.858386	-21491.269349	-11371.517047	-20014.780166	-187500.022352	-23217.494573	955.090041	-6730.132607	-14592.336368	-29833.476822	187500.000000	-17671.266815	-187500.022352	-18566.297718	-29241.021483	-0.041710	0.970916	0.156633	192.000000	0.000000	0.000000	0.000000	0.000000	0.000000	0.000000	0.000000	0.000000	0.000000	1741983480.556515	0.000000
234.000000	-3380.723701	-1916.572680	-21486.307262	-11367.449029	-20015.718939	-187500.022352	-23220.892038	961.125012	-6722.980049	-14580.333481	-29853.146357	187500.000000	-17663.778980	-187500.022352	-18556.887633	-29236.707596	-0.041710	0.970916	0.156633	192.000000	0.000000	0.000000	0.000000	0.000000	0.000000	0.000000	0.000000	0.000000	0.000000	1741983480.556669	0.000000
236.000000	-3379.270837	-1912.750532	-21491.783439	-11366.130276	-20015.070738	-187500.022352	-23211.593713	969.193991	-6721.706000	-14571.035155	-29836.539011	187500.000000	-17664.494236	-187500.022352	-18557.915814	-29229.979721	-0.041710	0.970916	0.156633	192.000000	0.000000	0.000000	0.000000	0.000000	0.000000	0.000000	0.000000	0.000000	0.000000	1741983480.556816	0.000000
238.000000	-3391.743111	-1921.020677	-21490.867018	-11372.992262	-20026.984218	-187500.022352	-23230.257419	948.518628	-6730.646697	-14580.109963	-29853.414578	187500.000000	-17672.518512	-187500.022352	-18560.888596	-29243.189602	-0.041710	0.970916	0.156633	192.000000	0.000000	0.000000	0.000000	0.000000	0.000000	0.000000	0.000000	0.000000	0.000000	1741983480.556950	0.000000
240.000000	-3385.261105	-1917.779674	-21506.334425	-11377.216742	-20028.437081	-187500.022352	-23238.594620	937.298052	-6733.977107	-14584.557961	-29780.592594	187500.000000	-17680.587492	-187500.022352	-18573.092648	-29254.186661	-0.042855	0.977458	0.159316	192.000000	127.000000	80.000000	15.000000	96.000000	2.500000	8.000000	0.000000	0.000000	0.000000	1741983480.557099	0.000000
242.000000	-3369.748994	-1899.071264	-21480.071125	-11365.504428	-20007.918180	-187500.022352	-23212.241913	953.480715	-6722.153034	-14576.891312	-29844.250362	187500.000000	-17667.824646	-187500.022352	-18563.839026	-29248.308152	-0.042855	0.977458	0.159316	192.000000	0.000000	0.000000	0.000000	0.000000	0.000000	0.000000	0.000000	0.000000	0.000000	1741983480.616557	0.000000
244.000000	-3375.739262	-1898.490119	-21497.684300	-11373.349890	-20019.339921	-187500.022352	-23220.087376	949.189180	-6715.425159	-14556.215949	-29801.245606	187500.000000	-17665.142437	-187500.022352	-18552.685505	-29237.691073	-0.042855	0.977458	0.159316	192.000000	0.000000	0.000000	0.000000	0.000000	0.000000	0.000000	0.000000	0.000000	0.000000	1741983480.616748	0.000000
246.000000	-3381.885991	-1900.501776	-21490.285872	-11376.501486	-20022.960904	-187500.022352	-23227.329341	938.974433	-6721.460130	-14573.247978	-29865.842148	187500.000000	-17669.053992	-187500.022352	-18558.318145	-29246.810585	-0.042855	0.977458	0.159316	192.000000	0.000000	0.000000	0.000000	0.000000	0.000000	0.000000	0.000000	0.000000	0.000000	1741983480.616893	0.000000
248.000000	-3378.935561	-1901.351142	-21507.563771	-11377.708480	-20019.854012	-187500.022352	-23219.953265	943.690651	-6723.672953	-14582.076917	-29776.502225	187500.000000	-17681.503914	-187500.022352	-18557.222910	-29243.480175	-0.042855	0.977458	0.159316	192.000000	0.000000	0.000000	0.000000	0.000000	0.000000	0.000000	0.000000	0.000000	0.000000	1741983480.617037	0.000000
250.000000	-3375.739262	-1895.494985	-21492.275178	-11369.818314	-20013.863744	-187500.022352	-23215.348806	946.015232	-6718.442645	-14587.106059	-29860.142453	187500.000000	-17678.866408	-187500.022352	-18554.250128	-29233.064262	-0.045427	0.977729	0.159658	192.000000	127.000000	64.000000	15.000000	72.000000	2.500000	0.000000	0.000000	0.000000	0.000000	1741983480.617176	0.000000
252.000000	-3391.251372	-1912.817587	-21515.543343	-11382.536457	-20024.749044	-187500.022352	-23224.893001	931.151322	-6724.768189	-14602.551115	-29777.105722	187500.000000	-17681.123934	-187500.022352	-18551.791436	-29235.232381	-0.045427	0.977729	0.159658	192.000000	0.000000	0.000000	0.000000	0.000000	0.000000	0.000000	0.000000	0.000000	0.000000	1741983480.617315	0.000000
254.000000	-3386.982189	-1908.749570	-21500.142992	-11381.508277	-20018.155279	-187500.022352	-23229.050425	929.251424	-6726.086941	-14604.652179	-29863.584621	187500.000000	-17681.436858	-187500.022352	-18562.184997	-29244.553059	-0.045427	0.977729	0.159658	192.000000	0.000000	0.000000	0.000000	0.000000	0.000000	0.000000	0.000000	0.000000	0.000000	1741983480.617458	0.000000
0.000000	-3380.120204	-1903.362799	-21510.581256	-11378.982530	-20021.753910	-187500.022352	-23229.922143	929.921976	-6717.772093	-14598.796022	-29776.457521	187500.000000	-17677.659414	-187500.022352	-18556.395895	-29242.451995	-0.045427	0.977729	0.159658	192.000000	0.000000	0.000000	0.000000	0.000000	0.000000	0.000000	0.000000	0.000000	0.000000	1741983480.617602	0.000000
2.000000	-3368.720814	-1890.823470	-21488.631843	-11365.727945	-20010.689796	-187500.022352	-23219.886210	934.705250	-6712.251212	-14589.117716	-29871.206566	187500.000000	-17674.798390	-187500.022352	-18555.881805	-29234.360663	-0.045427	0.977729	0.159658	192.000000	0.000000	0.000000	0.000000	0.000000	0.000000	0.000000	0.000000	0.000000	0.000000	1741983480.678170	0.000000
4.000000	-3372.744128	-1895.226764	-21504.166306	-11371.047660	-20018.579962	-187500.022352	-23234.101919	918.410828	-6713.771130	-14598.885429	-29787.141655	187500.000000	-17676.564178	-187500.022352	-18548.751598	-29235.187678	-0.044714	0.974865	0.156829	192.000000	127.000000	80.000000	15.000000	48.000000	2.000000	104.000000	0.000000	0.000000	0.000000	1741983480.678336	0.000000
6.000000	-3369.726642	-1889.884697	-21486.262558	-11368.074878	-20016.255381	-187500.022352	-23234.772472	919.439008	-6710.351313	-14589.207123	-29867.473825	187500.000000	-17675.893626	-187500.022352	-18556.798226	-29238.518088	-0.044714	0.974865	0.156829	192.000000	0.000000	0.000000	0.000000	0.000000	0.000000	0.000000	0.000000	0.000000	0.000000	1741983480.678506	0.000000
8.000000	-3370.643064	-1897.014904	-21496.633768	-11372.165247	-20020.233991	-187500.022352	-23232.447890	917.226185	-6715.916898	-14604.830993	-29783.185397	187500.000000	-17682.576797	-187500.022352	-18553.199596	-29245.916515	-0.044714	0.974865	0.156829	192.000000	0.000000	0.000000	0.000000	0.000000	0.000000	0.000000	0.000000	0.000000	0.000000	1741983480.678639	0.000000
10.000000	-3366.418584	-1889.415311	-21480.942843	-11365.169151	-20014.936628	-187500.022352	-23223.216620	927.128008	-6713.324095	-14604.585124	-29851.201755	187500.000000	-17678.575835	-187500.022352	-18550.025648	-29229.331521	-0.044714	0.974865	0.156829	192.000000	0.000000	0.000000	0.000000	0.000000	0.000000	0.000000	0.000000	0.000000	0.000000	1741983480.678787	0.000000
12.000000	-3360.808296	-1883.335636	-21485.770820	-11358.530683	-20017.484727	-187500.022352	-23229.028073	928.603223	-6713.637020	-14591.934036	-29797.222292	187500.000000	-17672.317347	-187500.022352	-18542.426055	-29224.481192	-0.044714	0.974865	0.156829	192.000000	0.000000	0.000000	0.000000	0.000000	0.000000	0.000000	0.000000	0.000000	0.000000	1741983480.678929	0.000000
14.000000	-3360.137744	-1883.849726	-21479.288814	-11355.379087	-20019.429328	-187500.022352	-23230.279771	929.609052	-6706.439758	-14577.181885	-29868.971392	187500.000000	-17669.344565	-187500.022352	-18550.897366	-29220.279064	-0.043357	0.973432	0.154415	192.000000	127.000000	88.000000	15.000000	48.000000	2.000000	96.000000	0.000000	0.000000	0.000000	1741983480.679069	0.000000
16.000000	-3369.883105	-1893.528032	-21494.577407	-11366.040869	-20031.834547	-187500.022352	-23239.376931	918.164959	-6710.530127	-14592.425775	-29814.567246	187500.000000	-17672.831437	-187500.022352	-18551.143235	-29230.493811	-0.043357	0.973432	0.154415	192.000000	0.000000	0.000000	0.000000	0.000000	0.000000	0.000000	0.000000	0.000000	0.000000	1741983480.735742	0.000000
18.000000	-3366.530343	-1889.281200	-21493.325710	-11363.850399	-20027.922991	-187500.022352	-23234.660713	914.432217	-6714.352276	-14592.314016	-29831.755737	187500.000000	-17678.508780	-187500.022352	-18565.180131	-29239.367454	-0.043357	0.973432	0.154415	192.000000	0.000000	0.000000	0.000000	0.000000	0.000000	0.000000	0.000000	0.000000	0.000000	1741983480.735914	0.000000
20.000000	-3369.927808	-1890.734063	-21491.604625	-11364.811524	-20032.616858	-187500.022352	-23239.846318	917.941441	-6710.328962	-14583.350966	-29821.585694	187500.000000	-17674.105486	-187500.022352	-18551.120883	-29231.320826	-0.043357	0.973432	0.154415	192.000000	0.000000	0.000000	0.000000	0.000000	0.000000	0.000000	0.000000	0.000000	0.000000	1741983480.736069	0.000000
22.000000	-3374.666378	-1895.115005	-21502.758146	-11375.808582	-20032.728616	-187500.022352	-23242.148547	902.988124	-6721.683648	-14597.946656	-29821.853914	187500.000000	-17688.052975	-187500.022352	-18562.252052	-29243.927210	-0.043357	0.973432	0.154415	192.000000	0.000000	0.000000	0.000000	0.000000	0.000000	0.000000	0.000000	0.000000	0.000000	1741983480.736219	0.000000
24.000000	-3366.195067	-1889.772938	-21488.251864	-11365.325614	-20018.758776	-187500.022352	-23232.872573	910.632421	-6713.972296	-14599.533629	-29820.848086	187500.000000	-17676.497123	-187500.022352	-18553.132540	-29241.692035	-0.041678	0.973716	0.155207	192.000000	127.000000	96.000000	15.000000	56.000000	2.000000	112.000000	0.000000	0.000000	0.000000	1741983480.736356	0.000000
26.000000	-3368.989035	-1893.773901	-21493.772744	-11369.348928	-20019.876363	-187500.022352	-23233.386664	912.219395	-6711.155976	-14589.140068	-29824.960807	187500.000000	-17671.110352	-187500.022352	-18550.673848	-29230.650274	-0.041678	0.973716	0.155207	192.000000	0.000000	0.000000	0.000000	0.000000	0.000000	0.000000	0.000000	0.000000	0.000000	1741983480.736524	0.000000
28.000000	-3367.335006	-1893.796252	-21485.726116	-11369.259521	-20020.032825	-187500.022352	-23236.359446	920.400133	-6711.155976	-14595.555019	-29859.784825	187500.000000	-17669.746896	-187500.022352	-18547.701066	-29236.819355	-0.041678	0.973716	0.155207	192.000000	0.000000	0.000000	0.000000	0.000000	0.000000	0.000000	0.000000	0.000000	0.000000	1741983480.736664	0.000000
30.000000	-3364.272817	-1891.784595	-21491.872846	-11366.443201	-20020.055177	-187500.022352	-23228.290466	919.439008	-6710.597183	-14589.497696	-29838.841240	187500.000000	-17667.511722	-187500.022352	-18549.824482	-29234.137146	-0.041678	0.973716	0.155207	192.000000	0.000000	0.000000	0.000000	0.000000	0.000000	0.000000	0.000000	0.000000	0.000000	1741983480.736803	0.000000
32.000000	-3381.796584	-1910.224785	-21495.203256	-11373.863980	-20034.494404	-187500.022352	-23243.444949	907.927860	-6719.381418	-14595.510315	-29871.631249	187500.000000	-17677.949986	-187500.022352	-18549.913889	-29241.692035	-0.041678	0.973716	0.155207	192.000000	0.000000	0.000000	0.000000	0.000000	0.000000	0.000000	0.000000	0.000000	0.000000	1741983480.796889	0.000000
34.000000	-3376.365110	-1909.509529	-21506.736756	-11374.132201	-20035.813157	-187500.022352	-23240.047483	911.258270	-6730.601994	-14612.117661	-29792.617833	187500.000000	-17690.511667	-187500.022352	-18566.498884	-29248.106986	-0.040839	0.970858	0.156604	192.000000	127.000000	96.000000	15.000000	32.000000	2.000000	120.000000	0.000000	0.000000	0.000000	1741983480.797061	0.000000
36.000000	-3377.840326	-1909.397770	-21491.023480	-11374.668643	-20034.404997	-187500.022352	-23248.027056	908.844281	-6723.896471	-14594.325673	-29863.428159	187500.000000	-17680.743954	-187500.022352	-18561.313279	-29244.106024	-0.040839	0.970858	0.156604	192.000000	0.000000	0.000000	0.000000	0.000000	0.000000	0.000000	0.000000	0.000000	0.000000	1741983480.797212	0.000000
38.000000	-3374.778137	-1909.755398	-21508.770765	-11381.508277	-20034.874384	-187500.022352	-23245.210736	907.436121	-6730.445532	-14601.724100	-29780.838463	187500.000000	-17686.801277	-187500.022352	-18567.884692	-29253.449053	-0.040839	0.970858	0.156604	192.000000	0.000000	0.000000	0.000000	0.000000	0.000000	0.000000	0.000000	0.000000	0.000000	1741983480.797359	0.000000
40.000000	-3363.512857	-1898.087787	-21486.039041	-11372.791096	-20024.637285	-187500.022352	-23234.146623	914.543976	-6721.013095	-14601.880563	-29861.684723	187500.000000	-17678.844056	-187500.022352	-18567.035325	-29251.347989	-0.040839	0.970858	0.156604	192.000000	0.000000	0.000000	0.000000	0.000000	0.000000	0.000000	0.000000	0.000000	0.000000	1741983480.797493	0.000000
42.000000	-3370.330139	-1909.464825	-21503.898085	-11382.648216	-20027.095977	-187500.022352	-23229.229239	921.025982	-6715.849843	-14594.303321	-29785.934661	187500.000000	-17675.021908	-187500.022352	-18555.904157	-29246.676474	-0.040839	0.970858	0.156604	192.000000	0.000000	0.000000	0.000000	0.000000	0.000000	0.000000	0.000000	0.000000	0.000000	1741983480.797637	0.000000
44.000000	-3374.152288	-1910.671820	-21488.520084	-11380.949483	-20019.764605	-187500.022352	-23233.453719	917.941441	-6720.096674	-14607.915534	-29857.415540	187500.000000	-17673.189065	-187500.022352	-18560.575671	-29247.279972	-0.040420	0.972429	0.155302	192.000000	127.000000	96.000000	15.000000	56.000000	2.000000	104.000000	0.000000	0.000000	0.000000	1741983480.797790	0.000000
46.000000	-3370.732471	-1911.588241	-21509.262503	-11386.716233	-20027.945343	-187500.022352	-23240.829795	905.715037	-6730.646697	-14614.039912	-29770.310792	187500.000000	-17681.906245	-187500.022352	-18563.704915	-29261.316867	-0.040420	0.972429	0.155302	192.000000	0.000000	0.000000	0.000000	0.000000	0.000000	0.000000	0.000000	0.000000	0.000000	1741983480.797937	0.000000
48.000000	-3359.333081	-1896.500814	-21481.166361	-11370.600625	-20020.904544	-187500.022352	-23228.625742	922.948232	-6707.624401	-14590.101193	-29877.018020	187500.000000	-17669.098695	-187500.022352	-18557.334668	-29240.507393	-0.040420	0.972429	0.155302	192.000000	0.000000	0.000000	0.000000	0.000000	0.000000	0.000000	0.000000	0.000000	0.000000	1741983480.859140	0.000000
50.000000	-3364.161058	-1902.915764	-21500.120640	-11379.429564	-20024.100843	-187500.022352	-23230.235068	916.130950	-6717.727389	-14592.984568	-29779.430304	187500.000000	-17674.552521	-187500.022352	-18555.434770	-29248.039931	-0.040420	0.972429	0.155302	192.000000	0.000000	0.000000	0.000000	0.000000	0.000000	0.000000	0.000000	0.000000	0.000000	1741983480.859312	0.000000
52.000000	-3367.156192	-1906.402636	-21485.636709	-11381.485925	-20024.458471	-187500.022352	-23238.929896	913.068761	-6713.391151	-14589.318882	-29865.238650	187500.000000	-17668.919881	-187500.022352	-18556.261785	-29246.095329	-0.040420	0.972429	0.155302	192.000000	0.000000	0.000000	0.000000	0.000000	0.000000	0.000000	0.000000	0.000000	0.000000	1741983480.859459	0.000000
54.000000	-3359.534247	-1901.775825	-21495.203256	-11377.440259	-20014.713110	-187500.022352	-23228.044597	912.129988	-6719.359066	-14602.707577	-29778.983269	187500.000000	-17668.472847	-187500.022352	-18557.625241	-29255.483062	-0.039210	0.972215	0.154651	192.000000	127.000000	104.000000	15.000000	48.000000	2.000000	104.000000	0.000000	0.000000	0.000000	1741983480.859610	0.000000
56.000000	-3362.171753	-1904.748607	-21488.810657	-11377.730832	-20018.244686	-187500.022352	-23234.951286	915.840377	-6713.972296	-14593.006920	-29864.121063	187500.000000	-17666.952928	-187500.022352	-18557.111151	-29245.961219	-0.039210	0.972215	0.154651	192.000000	0.000000	0.000000	0.000000	0.000000	0.000000	0.000000	0.000000	0.000000	0.000000	1741983480.859772	0.000000
58.000000	-3351.197046	-1894.958543	-21493.549227	-11370.868846	-20013.774337	-187500.022352	-23228.201059	921.338906	-6710.507776	-14594.973873	-29796.596443	187500.000000	-17665.053030	-187500.022352	-18554.674811	-29247.838765	-0.039210	0.972215	0.154651	192.000000	0.000000	0.000000	0.000000	0.000000	0.000000	0.000000	0.000000	0.000000	0.000000	1741983480.859909	0.000000
60.000000	-3358.394308	-1897.998380	-21485.502599	-11371.919378	-20025.464299	-187500.022352	-23240.405111	914.074589	-6706.842090	-14592.425775	-29887.232767	187500.000000	-17661.208530	-187500.022352	-18553.758389	-29239.166288	-0.039210	0.972215	0.154651	192.000000	0.000000	0.000000	0.000000	0.000000	0.000000	0.000000	0.000000	0.000000	0.000000	1741983480.860042	0.000000
62.000000	-3364.541038	-1902.848709	-21501.461744	-11380.748317	-20033.667390	-187500.022352	-23249.926954	906.206775	-6717.637982	-14596.650254	-29809.493400	187500.000000	-17672.697326	-187500.022352	-18560.687430	-29255.237193	-0.039210	0.972215	0.154651	192.000000	0.000000	0.000000	0.000000	0.000000	0.000000	0.000000	0.000000	0.000000	0.000000	1741983480.917599	0.000000
64.000000	-3351.420564	-1887.493061	-21487.760125	-11370.712384	-20017.305913	-187500.022352	-23240.427463	910.788883	-6710.910107	-14593.051623	-29862.981124	187500.000000	-17668.651661	-187500.022352	-18566.498884	-29253.247887	-0.038000	0.974000	0.152000	192.000000	127.000000	104.000000	15.000000	56.000000	2.000000	96.000000	0.000000	0.000000	0.000000	1741983480.917804	0.000000
66.000000	-3366.709157	-1903.943944	-21496.432602	-11379.608378	-20026.872459	-187500.022352	-23240.449815	912.375857	-6708.071435	-14591.330539	-29829.632322	187500.000000	-17662.929614	-187500.022352	-18549.779779	-29252.733797	-0.038000	0.974000	0.152000	192.000000	0.000000	0.000000	0.000000	0.000000	0.000000	0.000000	0.000000	0.000000	0.000000	1741983480.917968	0.000000
68.000000	-3366.552695	-1903.608668	-21495.292663	-11381.932960	-20027.744177	-187500.022352	-23244.786053	909.447778	-6711.781825	-14599.243057	-29857.862575	187500.000000	-17670.015117	-187500.022352	-18558.094628	-29248.978704	-0.038000	0.974000	0.152000	192.000000	0.000000	0.000000	0.000000	0.000000	0.000000	0.000000	0.000000	0.000000	0.000000	1741983480.918107	0.000000
70.000000	-3375.649855	-1912.549366	-21498.466611	-11388.660835	-20026.000741	-187500.022352	-23245.747178	904.709209	-6722.845939	-14597.477269	-29835.801403	187500.000000	-17673.613748	-187500.022352	-18559.748657	-29264.267297	-0.038000	0.974000	0.152000	192.000000	0.000000	0.000000	0.000000	0.000000	0.000000	0.000000	0.000000	0.000000	0.000000	1741983480.918255	0.000000
72.000000	-3372.118279	-1910.962392	-21503.383995	-11386.515067	-20019.384625	-187500.022352	-23242.305010	905.290354	-6728.992668	-14610.195411	-29839.020054	187500.000000	-17678.128800	-187500.022352	-18569.494017	-29260.936887	-0.038000	0.974000	0.152000	192.000000	0.000000	0.000000	0.000000	0.000000	0.000000	0.000000	0.000000	0.000000	0.000000	1741983480.918387	0.000000
74.000000	-3363.512857	-1903.675724	-21491.984605	-11377.440259	-20020.211639	-187500.022352	-23235.845355	912.085284	-6713.860537	-14601.634693	-29853.392226	187500.000000	-17661.320288	-187500.022352	-18558.452256	-29253.784329	-0.040000	0.980000	0.150000	192.000000	127.000000	96.000000	15.000000	80.000000	2.000000	88.000000	0.000000	0.000000	0.000000	1741983480.918531	0.000000
76.000000	-3362.909360	-1905.575622	-21500.791192	-11377.730832	-20024.614933	-187500.022352	-23236.873536	912.800540	-6714.464034	-14598.885429	-29842.953961	187500.000000	-17671.892663	-187500.022352	-18564.442523	-29248.554021	-0.040000	0.980000	0.150000	192.000000	0.000000	0.000000	0.000000	0.000000	0.000000	0.000000	0.000000	0.000000	0.000000	1741983480.918696	0.000000
78.000000	-3368.765517	-1907.699038	-21493.683337	-11375.585064	-20026.537183	-187500.022352	-23236.448853	920.020154	-6717.794444	-14596.985530	-29868.792578	187500.000000	-17671.155056	-187500.022352	-18560.598023	-29246.251791	-0.040000	0.980000	0.150000	192.000000	0.000000	0.000000	0.000000	0.000000	0.000000	0.000000	0.000000	0.000000	0.000000	1741983480.976771	0.000000
80.000000	-3364.719852	-1904.703904	-21501.506448	-11372.567579	-20025.084320	-187500.022352	-23237.879364	914.432217	-6727.293936	-14597.231400	-29820.132830	187500.000000	-17682.308576	-187500.022352	-18566.789456	-29247.302323	-0.040000	0.980000	0.150000	192.000000	0.000000	0.000000	0.000000	0.000000	0.000000	0.000000	0.000000	0.000000	0.000000	1741983480.977055	0.000000
82.000000	-3364.317520	-1905.508567	-21482.351003	-11371.405288	-20027.520660	-187500.022352	-23245.948344	914.231052	-6716.542747	-14590.816449	-29886.472808	187500.000000	-17669.143399	-187500.022352	-18558.362849	-29243.010788	-0.040000	0.980000	0.150000	192.000000	0.000000	0.000000	0.000000	0.000000	0.000000	0.000000	0.000000	0.000000	0.000000	1741983480.977281	0.000000
84.000000	-3360.651834	-1902.245212	-21489.011823	-11368.790134	-20019.451680	-187500.022352	-23230.391530	923.551729	-6714.754607	-14598.952484	-29821.563342	187500.000000	-17669.210454	-187500.022352	-18559.033401	-29246.609419	-0.050000	0.976000	0.152000	192.000000	127.000000	56.000000	15.000000	64.000000	2.000000	96.000000	0.000000	0.000000	0.000000	1741983480.977513	0.000000
86.000000	-3373.079404	-1914.739837	-21484.474419	-11375.674471	-20027.587715	-187500.022352	-23234.370140	920.400133	-6714.419331	-14601.902914	-29879.923747	187500.000000	-17667.243501	-187500.022352	-18557.446427	-29248.844594	-0.050000	0.976000	0.152000	192.000000	0.000000	0.000000	0.000000	0.000000	0.000000	0.000000	0.000000	0.000000	0.000000	1741983480.977776	0.000000
88.000000	-3373.101756	-1915.633907	-21500.612378	-11377.261445	-20024.793747	-187500.022352	-23229.184536	920.556595	-6722.041276	-14606.529725	-29801.111496	187500.000000	-17670.909187	-187500.022352	-18558.318145	-29246.609419	-0.050000	0.976000	0.152000	192.000000	0.000000	0.000000	0.000000	0.000000	0.000000	0.000000	0.000000	0.000000	0.000000	1741983480.978019	0.000000
90.000000	-3358.237846	-1895.852613	-21477.545378	-11362.330480	-20012.433232	-187500.022352	-23222.434309	924.222281	-6717.660334	-14595.264446	-29877.621517	187500.000000	-17669.389268	-187500.022352	-18557.044096	-29245.447128	-0.050000	0.976000	0.152000	192.000000	0.000000	0.000000	0.000000	0.000000	0.000000	0.000000	0.000000	0.000000	0.000000	1741983480.978248	0.000000
92.000000	-3353.454572	-1892.902183	-21487.022518	-11361.592872	-20009.728671	-187500.022352	-23213.471259	934.995822	-6705.836261	-14575.371394	-29826.883057	187500.000000	-17658.593376	-187500.022352	-18545.108264	-29232.751338	-0.050000	0.976000	0.152000	192.000000	0.000000	0.000000	0.000000	0.000000	0.000000	0.000000	0.000000	0.000000	0.000000	1741983481.036580	0.000000
94.000000	-3362.775250	-1902.379322	-21480.987547	-11375.205085	-20017.618837	-187500.022352	-23231.240896	922.031811	-6712.988819	-14586.211990	-29914.658357	187500.000000	-17664.874216	-187500.022352	-18550.048000	-29241.982608	-0.044000	0.974000	0.152000	192.000000	127.000000	80.000000	15.000000	56.000000	2.000000	96.000000	0.000000	0.000000	0.000000	1741983481.036835	0.000000
96.000000	-3360.093040	-1902.669895	-21493.146896	-11370.175942	-20015.182497	-187500.022352	-23226.815251	927.038601	-6711.379494	-14592.604589	-29809.471048	187500.000000	-17668.919881	-187500.022352	-18550.986773	-29243.658989	-0.044000	0.974000	0.152000	192.000000	0.000000	0.000000	0.000000	0.000000	0.000000	0.000000	0.000000	0.000000	0.000000	1741983481.037094	0.000000
98.000000	-3356.784982	-1893.103348	-21480.764029	-11364.565654	-20014.981331	-187500.022352	-23228.603390	935.219340	-6713.994648	-14585.407327	-29892.150151	187500.000000	-17666.707059	-187500.022352	-18557.982869	-29240.842669	-0.044000	0.974000	0.152000	192.000000	0.000000	0.000000	0.000000	0.000000	0.000000	0.000000	0.000000	0.000000	0.000000	1741983481.037339	0.000000
100.000000	-3362.261160	-1899.495947	-21494.711518	-11369.147762	-20016.411843	-187500.022352	-23223.775413	936.962776	-6710.708941	-14586.167286	-29817.227103	187500.000000	-17662.013192	-187500.022352	-18548.215157	-29234.271256	-0.044000	0.974000	0.152000	192.000000	0.000000	0.000000	0.000000	0.000000	0.000000	0.000000	0.000000	0.000000	0.000000	1741983481.037566	0.000000
102.000000	-3367.871448	-1906.469692	-21490.576445	-11378.043756	-20031.611029	-187500.022352	-23246.618896	926.904491	-6720.901337	-14587.843667	-29903.214264	187500.000000	-17672.674975	-187500.022352	-18561.000354	-29244.910687	-0.044000	0.974000	0.152000	192.000000	0.000000	0.000000	0.000000	0.000000	0.000000	0.000000	0.000000	0.000000	0.000000	1741983481.037778	0.000000
104.000000	-3370.017215	-1912.504663	-21505.954445	-11386.023329	-20028.213564	-187500.022352	-23231.218544	923.395267	-6725.975183	-14607.423795	-29802.474952	187500.000000	-17679.425201	-187500.022352	-18567.527064	-29261.540384	-0.040000	0.970000	0.142000	192.000000	127.000000	96.000000	15.000000	40.000000	2.000000	56.000000	0.000000	0.000000	0.000000	1741983481.037983	0.000000
106.000000	-3362.775250	-1900.769997	-21485.659061	-11377.596721	-20012.500288	-187500.022352	-23221.450832	924.222281	-6718.375590	-14581.987510	-29876.101598	187500.000000	-17666.595300	-187500.022352	-18563.123770	-29251.638562	-0.040000	0.970000	0.142000	192.000000	0.000000	0.000000	0.000000	0.000000	0.000000	0.000000	0.000000	0.000000	0.000000	1741983481.038203	0.000000
108.000000	-3377.437994	-1917.533805	-21498.444259	-11387.565599	-20024.883154	-187500.022352	-23232.179669	914.923956	-6718.286183	-14594.526839	-29806.990004	187500.000000	-17669.769248	-187500.022352	-18555.099494	-29260.422797	-0.040000	0.970000	0.142000	192.000000	0.000000	0.000000	0.000000	0.000000	0.000000	0.000000	0.000000	0.000000	0.000000	1741983481.096784	0.000000
110.000000	-3375.582799	-1917.131474	-21492.431640	-11387.029158	-20028.660599	-187500.022352	-23244.674295	912.264098	-6726.399866	-14608.608438	-29856.141490	187500.000000	-17670.283338	-187500.022352	-18566.141256	-29260.601611	-0.040000	0.970000	0.142000	192.000000	0.000000	0.000000	0.000000	0.000000	0.000000	0.000000	0.000000	0.000000	0.000000	1741983481.097045	0.000000
112.000000	-3358.483715	-1899.987686	-21487.514256	-11372.522875	-20022.513869	-187500.022352	-23227.016416	930.123142	-6717.190947	-14590.861153	-29801.223254	187500.000000	-17664.628347	-187500.022352	-18561.447389	-29256.265373	-0.040000	0.970000	0.142000	192.000000	0.000000	0.000000	0.000000	0.000000	0.000000	0.000000	0.000000	0.000000	0.000000	1741983481.097206	0.000000
114.000000	-3360.093040	-1899.272430	-21484.072087	-11368.410154	-20016.545953	-187500.022352	-23223.283675	936.046354	-6710.261906	-14577.584216	-29859.717770	187500.000000	-17660.470922	-187500.022352	-18554.853625	-29237.735777	-0.034000	0.974000	0.148000	192.000000	127.000000	120.000000	15.000000	56.000000	2.000000	80.000000	0.000000	0.000000	0.000000	1741983481.097352	0.000000
116.000000	-3371.827706	-1914.248099	-21499.427736	-11384.458707	-20026.760701	-187500.022352	-23234.794824	921.562424	-6723.225918	-14616.923287	-29816.645958	187500.000000	-17671.311518	-187500.022352	-18561.693258	-29259.148748	-0.034000	0.974000	0.148000	192.000000	0.000000	0.000000	0.000000	0.000000	0.000000	0.000000	0.000000	0.000000	0.000000	1741983481.097500	0.000000
118.000000	-3373.325273	-1918.830206	-21499.807715	-11384.548114	-20024.100843	-187500.022352	-23231.687931	927.865616	-6719.046142	-14591.978740	-29845.613819	187500.000000	-17670.730373	-187500.022352	-18567.437657	-29253.851384	-0.034000	0.974000	0.148000	192.000000	0.000000	0.000000	0.000000	0.000000	0.000000	0.000000	0.000000	0.000000	0.000000	1741983481.097650	0.000000
120.000000	-3381.751881	-1924.842826	-21504.479230	-11388.191448	-20021.552744	-187500.022352	-23233.006684	921.942404	-6727.897433	-14599.064243	-29829.632322	187500.000000	-17667.176445	-187500.022352	-18562.117942	-29260.378094	-0.034000	0.974000	0.148000	192.000000	0.000000	0.000000	0.000000	0.000000	0.000000	0.000000	0.000000	0.000000	0.000000	1741983481.097793	0.000000
122.000000	-3383.987055	-1921.870044	-21510.916532	-11391.544210	-20020.099881	-187500.022352	-23236.292390	920.377781	-6732.412485	-14595.934999	-29825.921932	187500.000000	-17675.558350	-187500.022352	-18567.124732	-29257.382960	-0.034000	0.974000	0.148000	192.000000	0.000000	0.000000	0.000000	0.000000	0.000000	0.000000	0.000000	0.000000	0.000000	1741983481.157142	0.000000
124.000000	-3388.032721	-1927.502683	-21502.624035	-11394.271123	-20022.491517	-187500.022352	-23240.874498	918.634345	-6735.765247	-14611.692978	-29855.292124	187500.000000	-17671.020945	-187500.022352	-18569.494017	-29269.631716	-0.040000	0.974000	0.146000	192.000000	127.000000	96.000000	15.000000	56.000000	2.000000	72.000000	0.000000	0.000000	0.000000	1741983481.157288	0.000000
126.000000	-3376.231000	-1923.054686	-21500.679433	-11386.202143	-20021.642151	-187500.022352	-23233.252553	926.770380	-6727.696267	-14614.442243	-29830.816964	187500.000000	-17669.389268	-187500.022352	-18568.823465	-29258.120568	-0.040000	0.974000	0.146000	192.000000	0.000000	0.000000	0.000000	0.000000	0.000000	0.000000	0.000000	0.000000	0.000000	1741983481.157432	0.000000
128.000000	-3388.323294	-1931.369535	-21497.818410	-11391.275989	-20033.734445	-187500.022352	-23245.747178	915.952136	-6727.137473	-14608.362568	-29855.493290	187500.000000	-17670.484504	-187500.022352	-18560.508616	-29258.299382	-0.040000	0.974000	0.146000	192.000000	0.000000	0.000000	0.000000	0.000000	0.000000	0.000000	0.000000	0.000000	0.000000	1741983481.157581	0.000000
130.000000	-3377.795622	-1916.751494	-21505.663872	-11381.105945	-20018.915238	-187500.022352	-23227.217582	923.127046	-6739.542692	-14590.280007	-29795.188283	187500.000000	-17679.179332	-187500.022352	-18569.628128	-29258.388789	-0.040000	0.974000	0.146000	192.000000	0.000000	0.000000	0.000000	0.000000	0.000000	0.000000	0.000000	0.000000	0.000000	1741983481.157729	0.000000
132.000000	-3368.810221	-1910.068322	-21479.467628	-11371.986434	-20013.036729	-187500.022352	-23220.333245	935.845189	-6719.962564	-14586.033176	-29869.194909	187500.000000	-17660.135646	-187500.022352	-18551.813787	-29245.111852	-0.040000	0.974000	0.146000	192.000000	0.000000	0.000000	0.000000	0.000000	0.000000	0.000000	0.000000	0.000000	0.000000	1741983481.157870	0.000000
134.000000	-3370.084270	-1918.114950	-21491.537570	-11381.262407	-20019.496384	-187500.022352	-23231.307951	928.156189	-6714.374627	-14588.245998	-29815.908350	187500.000000	-17658.727486	-187500.022352	-18554.518349	-29244.016617	-0.040000	0.970000	0.152000	192.000000	127.000000	96.000000	15.000000	40.000000	2.000000	96.000000	0.000000	0.000000	0.000000	1741983481.158013	0.000000
136.000000	-3375.225171	-1918.092599	-21489.838837	-11389.286684	-20023.117366	-187500.022352	-23241.455643	923.685840	-6723.203566	-14609.614266	-29869.686648	187500.000000	-17668.741067	-187500.022352	-18569.561073	-29260.758073	-0.040000	0.970000	0.152000	192.000000	0.000000	0.000000	0.000000	0.000000	0.000000	0.000000	0.000000	0.000000	0.000000	1741983481.158164	0.000000
138.000000	-3378.265009	-1917.600860	-21506.937922	-11386.045681	-20022.692683	-187500.022352	-23230.592696	931.665412	-6730.177311	-14601.992321	-29800.798571	187500.000000	-17667.332908	-187500.022352	-18567.415305	-29255.594820	-0.040000	0.970000	0.152000	192.000000	0.000000	0.000000	0.000000	0.000000	0.000000	0.000000	0.000000	0.000000	0.000000	1741983481.217547	0.000000
140.000000	-3376.946256	-1920.014849	-21486.553131	-11387.498544	-20015.338959	-187500.022352	-23227.038768	930.905453	-6724.097636	-14591.643464	-29897.022831	187500.000000	-17663.644870	-187500.022352	-18561.894424	-29250.319809	-0.040000	0.970000	0.152000	192.000000	0.000000	0.000000	0.000000	0.000000	0.000000	0.000000	0.000000	0.000000	0.000000	1741983481.217741	0.000000
142.000000	-3376.610980	-1924.641660	-21504.725099	-11399.859059	-20023.519698	-187500.022352	-23238.281696	921.629479	-6724.231747	-14605.322731	-29810.499228	187500.000000	-17666.707059	-187500.022352	-18567.862340	-29268.111797	-0.040000	0.970000	0.152000	192.000000	0.000000	0.000000	0.000000	0.000000	0.000000	0.000000	0.000000	0.000000	0.000000	1741983481.217881	0.000000
144.000000	-3375.605151	-1919.992497	-21487.558959	-11392.550038	-20018.758776	-187500.022352	-23234.191326	931.911282	-6719.046142	-14600.494754	-29897.089886	187500.000000	-17663.220187	-187500.022352	-18569.471666	-29263.775559	-0.036000	0.968000	0.152000	192.000000	127.000000	112.000000	15.000000	32.000000	2.000000	96.000000	0.000000	0.000000	0.000000	1741983481.218020	0.000000
146.000000	-3371.648892	-1911.789407	-21501.394689	-11384.391652	-20014.355482	-187500.022352	-23223.037806	931.307784	-6730.847863	-14592.828106	-29788.974498	187500.000000	-17669.925710	-187500.022352	-18565.291889	-29258.455844	-0.036000	0.968000	0.152000	192.000000	0.000000	0.000000	0.000000	0.000000	0.000000	0.000000	0.000000	0.000000	0.000000	1741983481.218169	0.000000
148.000000	-3375.135764	-1916.930308	-21486.553131	-11381.664739	-20010.846259	-187500.022352	-23227.351693	931.553654	-6720.700171	-14584.289740	-29888.059782	187500.000000	-17655.240614	-187500.022352	-18563.347288	-29252.040893	-0.036000	0.968000	0.152000	192.000000	0.000000	0.000000	0.000000	0.000000	0.000000	0.000000	0.000000	0.000000	0.000000	1741983481.218304	0.000000
150.000000	-3383.495317	-1925.692192	-21501.126468	-11388.571428	-20015.115442	-187500.022352	-23228.491632	932.984165	-6726.422218	-14600.450051	-29804.106629	187500.000000	-17665.187140	-187500.022352	-18562.073238	-29260.892184	-0.036000	0.968000	0.152000	192.000000	0.000000	0.000000	0.000000	0.000000	0.000000	0.000000	0.000000	0.000000	0.000000	1741983481.218447	0.000000
152.000000	-3383.763538	-1924.172273	-21483.155666	-11387.029158	-20011.583866	-187500.022352	-23227.731672	933.095924	-6727.159825	-14594.370376	-29879.610822	187500.000000	-17665.097733	-187500.022352	-18563.883729	-29256.064207	-0.036000	0.968000	0.152000	192.000000	0.000000	0.000000	0.000000	0.000000	0.000000	0.000000	0.000000	0.000000	0.000000	1741983481.277853	0.000000
154.000000	-3379.404948	-1925.915709	-21497.147858	-11389.890181	-20016.858878	-187500.022352	-23231.553821	929.296127	-6727.651564	-14599.958313	-29795.456504	187500.000000	-17660.515626	-187500.022352	-18562.408514	-29262.143882	-0.034000	0.966000	0.154000	192.000000	127.000000	120.000000	15.000000	24.000000	2.000000	104.000000	0.000000	0.000000	0.000000	1741983481.278034	0.000000
156.000000	-3371.917113	-1923.211148	-21484.787343	-11382.670567	-20009.527506	-187500.022352	-23223.753062	934.727601	-6722.600069	-14595.711481	-29871.698305	187500.000000	-17659.666259	-187500.022352	-18565.113075	-29256.354780	-0.034000	0.966000	0.154000	192.000000	0.000000	0.000000	0.000000	0.000000	0.000000	0.000000	0.000000	0.000000	0.000000	1741983481.278192	0.000000
158.000000	-3384.568201	-1929.335526	-21503.004015	-11391.454803	-20023.944381	-187500.022352	-23240.986257	916.712095	-6725.706962	-14598.594856	-29815.729537	187500.000000	-17660.448570	-187500.022352	-18556.038267	-29257.785291	-0.034000	0.966000	0.154000	192.000000	0.000000	0.000000	0.000000	0.000000	0.000000	0.000000	0.000000	0.000000	0.000000	1741983481.278332	0.000000
160.000000	-3368.094965	-1909.576584	-21483.557997	-11373.528704	-20008.365215	-187500.022352	-23221.741405	932.917110	-6729.774979	-14585.675548	-29859.181328	187500.000000	-17664.293070	-187500.022352	-18565.850683	-29256.801815	-0.034000	0.966000	0.154000	192.000000	0.000000	0.000000	0.000000	0.000000	0.000000	0.000000	0.000000	0.000000	0.000000	1741983481.278474	0.000000
162.000000	-3375.403985	-1919.567814	-21490.509390	-11382.670567	-20011.136831	-187500.022352	-23240.181594	928.893796	-6725.528148	-14596.627903	-29820.356348	187500.000000	-17654.570062	-187500.022352	-18554.652459	-29254.141957	-0.034000	0.966000	0.154000	192.000000	0.000000	0.000000	0.000000	0.000000	0.000000	0.000000	0.000000	0.000000	0.000000	1741983481.278619	0.000000
164.000000	-3363.088174	-1907.922555	-21480.093477	-11372.254654	-19994.127154	-187500.022352	-23214.745309	935.554616	-6721.437779	-14588.447164	-29863.539918	187500.000000	-17654.279489	-187500.022352	-18559.323974	-29246.520012	-0.038000	0.970000	0.154000	192.000000	127.000000	104.000000	15.000000	40.000000	2.000000	104.000000	0.000000	0.000000	0.000000	1741983481.278767	0.000000
166.000000	-3360.875352	-1901.597011	-21476.852474	-11365.280910	-19998.955130	-187500.022352	-23217.651036	937.476866	-6713.748779	-14575.550208	-29850.844127	187500.000000	-17646.009343	-187500.022352	-18545.823520	-29242.854326	-0.038000	0.970000	0.154000	192.000000	0.000000	0.000000	0.000000	0.000000	0.000000	0.000000	0.000000	0.000000	0.000000	1741983481.278915	0.000000
168.000000	-3368.810221	-1904.167462	-21488.341270	-11371.897027	-20011.941494	-187500.022352	-23229.698626	925.921014	-6722.734180	-14576.824257	-29860.365970	187500.000000	-17658.347506	-187500.022352	-18558.519311	-29245.223611	-0.038000	0.970000	0.154000	192.000000	0.000000	0.000000	0.000000	0.000000	0.000000	0.000000	0.000000	0.000000	0.000000	1741983481.338876	0.000000
170.000000	-3368.229075	-1904.122758	-21488.162457	-11374.646291	-20023.944381	-187500.022352	-23241.656809	923.082343	-6722.421255	-14582.099269	-29848.407787	187500.000000	-17660.716791	-187500.022352	-18562.073238	-29255.214841	-0.038000	0.970000	0.154000	192.000000	0.000000	0.000000	0.000000	0.000000	0.000000	0.000000	0.000000	0.000000	0.000000	1741983481.339046	0.000000
172.000000	-3358.595474	-1894.600915	-21490.352927	-11370.891198	-20019.943418	-187500.022352	-23240.136890	925.272813	-6716.520395	-14572.733888	-29826.503077	187500.000000	-17664.382477	-187500.022352	-18569.784590	-29250.610381	-0.038000	0.970000	0.154000	192.000000	0.000000	0.000000	0.000000	0.000000	0.000000	0.000000	0.000000	0.000000	0.000000	1741983481.339195	0.000000
174.000000	-3373.749956	-1907.430817	-21496.186733	-11379.586027	-20032.639209	-187500.022352	-23253.145606	912.442912	-6721.236613	-14591.218780	-29836.270790	187500.000000	-17663.555463	-187500.022352	-18568.644651	-29256.958277	-0.040000	0.970000	0.152000	192.000000	127.000000	96.000000	15.000000	40.000000	2.000000	96.000000	0.000000	0.000000	0.000000	1741983481.339347	0.000000
176.000000	-3369.726642	-1901.999343	-21503.048718	-11373.685166	-20024.100843	-187500.022352	-23235.420672	920.735409	-6726.310459	-14591.598760	-29794.249510	187500.000000	-17674.843094	-187500.022352	-18573.986718	-29253.426701	-0.040000	0.970000	0.152000	192.000000	0.000000	0.000000	0.000000	0.000000	0.000000	0.000000	0.000000	0.000000	0.000000	1741983481.339494	0.000000
178.000000	-3363.021119	-1893.349218	-21476.003108	-11362.576349	-20008.320511	-187500.022352	-23218.276884	936.448686	-6707.155014	-14572.689184	-29854.979200	187500.000000	-17655.352373	-187500.022352	-18548.192805	-29230.829088	-0.040000	0.970000	0.152000	192.000000	0.000000	0.000000	0.000000	0.000000	0.000000	0.000000	0.000000	0.000000	0.000000	1741983481.339646	0.000000
180.000000	-3364.563389	-1892.343389	-21493.281006	-11369.930073	-20008.991064	-187500.022352	-23218.612161	934.705250	-6710.708941	-14590.011786	-29807.034708	187500.000000	-17662.057896	-187500.022352	-18543.834215	-29231.611399	-0.040000	0.970000	0.152000	192.000000	0.000000	0.000000	0.000000	0.000000	0.000000	0.000000	0.000000	0.000000	0.000000	1741983481.339782	0.000000
182.000000	-3372.632369	-1896.053779	-21491.135239	-11377.999053	-20021.396282	-187500.022352	-23222.993102	926.368049	-6714.866366	-14597.678435	-29860.388322	187500.000000	-17666.952928	-187500.022352	-18545.108264	-29239.456861	-0.040000	0.970000	0.152000	192.000000	0.000000	0.000000	0.000000	0.000000	0.000000	0.000000	0.000000	0.000000	0.000000	1741983481.403490	0.000000
184.000000	-3356.405003	-1881.368683	-21494.286835	-11364.677413	-20012.433232	-187500.022352	-23216.198172	935.353450	-6708.473767	-14586.167286	-29793.936586	187500.000000	-17671.244463	-187500.022352	-18542.493110	-29225.978759	-0.040000	0.968000	0.152000	192.000000	127.000000	96.000000	15.000000	32.000000	2.000000	96.000000	0.000000	0.000000	0.000000	1741983481.403692	0.000000
186.000000	-3353.320462	-1880.765185	-21476.606605	-11359.312994	-20005.392433	-187500.022352	-23219.997969	928.916148	-6706.082130	-14591.621112	-29868.278488	187500.000000	-17671.847960	-187500.022352	-18544.236546	-29225.442317	-0.040000	0.968000	0.152000	192.000000	0.000000	0.000000	0.000000	0.000000	0.000000	0.000000	0.000000	0.000000	0.000000	1741983481.403845	0.000000
188.000000	-3365.703328	-1894.422101	-21496.276140	-11370.242997	-20016.791823	-187500.022352	-23227.262286	919.148435	-6709.837223	-14594.415080	-29794.718897	187500.000000	-17670.104524	-187500.022352	-18537.173395	-29223.251846	-0.040000	0.968000	0.152000	192.000000	0.000000	0.000000	0.000000	0.000000	0.000000	0.000000	0.000000	0.000000	0.000000	1741983481.403987	0.000000
190.000000	-3367.960855	-1888.498889	-21483.714459	-11369.013651	-20018.915238	-187500.022352	-23234.504251	915.125121	-6718.353238	-14601.969970	-29869.798406	187500.000000	-17674.396059	-187500.022352	-18548.304564	-29234.360663	-0.040000	0.968000	0.152000	192.000000	0.000000	0.000000	0.000000	0.000000	0.000000	0.000000	0.000000	0.000000	0.000000	1741983481.404120	0.000000
192.000000	-3356.606168	-1880.429909	-21492.006957	-11365.772649	-20015.964808	-187500.022352	-23227.999893	915.996840	-6712.877061	-14591.285836	-29790.852045	187500.000000	-17677.122972	-187500.022352	-18550.226814	-29232.281951	-0.040000	0.968000	0.152000	192.000000	0.000000	0.000000	0.000000	0.000000	0.000000	0.000000	0.000000	0.000000	0.000000	1741983481.404258	0.000000
194.000000	-3353.700442	-1878.775880	-21477.903006	-11362.129314	-20018.490555	-187500.022352	-23232.961980	916.957965	-6707.423235	-14591.285836	-29890.362011	187500.000000	-17672.518512	-187500.022352	-18552.998430	-29226.917532	-0.042000	0.976000	0.154000	192.000000	127.000000	88.000000	15.000000	64.000000	2.000000	104.000000	0.000000	0.000000	0.000000	1741983481.404402	0.000000
196.000000	-3365.032776	-1894.600915	-21498.779535	-11375.607416	-20023.430291	-187500.022352	-23240.002780	902.742255	-6714.240517	-14603.780461	-29805.067754	187500.000000	-17675.446591	-187500.022352	-18555.457122	-29238.003998	-0.042000	0.976000	0.154000	192.000000	0.000000	0.000000	0.000000	0.000000	0.000000	0.000000	0.000000	0.000000	0.000000	1741983481.404560	0.000000
198.000000	-3369.726642	-1897.014904	-21489.369451	-11381.240056	-20030.448738	-187500.022352	-23243.444949	895.209717	-6720.655468	-14619.359627	-29880.348430	187500.000000	-17682.777963	-187500.022352	-18562.855549	-29250.565678	-0.042000	0.976000	0.154000	192.000000	0.000000	0.000000	0.000000	0.000000	0.000000	0.000000	0.000000	0.000000	0.000000	1741983481.457283	0.000000
200.000000	-3361.814125	-1890.398787	-21500.433564	-11377.574370	-20030.918125	-187500.022352	-23231.531469	911.146511	-6721.258965	-14605.948580	-29775.719914	187500.000000	-17687.136553	-187500.022352	-18555.948860	-29251.236230	-0.042000	0.976000	0.154000	192.000000	0.000000	0.000000	0.000000	0.000000	0.000000	0.000000	0.000000	0.000000	0.000000	1741983481.457456	0.000000
202.000000	-3344.826799	-1872.651502	-21479.244110	-11359.044773	-20014.310779	-187500.022352	-23226.614085	922.009459	-6713.279392	-14595.912647	-29858.957810	187500.000000	-17679.961643	-187500.022352	-18553.937203	-29232.371358	-0.042000	0.976000	0.154000	192.000000	0.000000	0.000000	0.000000	0.000000	0.000000	0.000000	0.000000	0.000000	0.000000	1741983481.457592	0.000000
204.000000	-3348.090154	-1875.892505	-21486.530779	-11354.887349	-20018.334093	-187500.022352	-23219.148602	930.570177	-6706.283296	-14583.194504	-29807.995833	187500.000000	-17670.640966	-187500.022352	-18540.034418	-29217.060413	-0.034000	0.974000	0.156000	192.000000	127.000000	120.000000	15.000000	56.000000	2.000000	112.000000	0.000000	0.000000	0.000000	1741983481.457745	0.000000
206.000000	-3348.671299	-1875.870153	-21480.831084	-11359.938843	-20019.161107	-187500.022352	-23222.680178	925.116351	-6711.312438	-14585.653196	-29871.161863	187500.000000	-17678.553483	-187500.022352	-18547.186976	-29214.758183	-0.034000	0.974000	0.156000	192.000000	0.000000	0.000000	0.000000	0.000000	0.000000	0.000000	0.000000	0.000000	0.000000	1741983481.457904	0.000000
208.000000	-3355.466229	-1886.397825	-21496.611416	-11373.752221	-20029.532317	-187500.022352	-23234.392492	911.414732	-6716.229822	-14594.616246	-29803.883112	187500.000000	-17681.459210	-187500.022352	-18549.265689	-29232.930152	-0.034000	0.974000	0.156000	192.000000	0.000000	0.000000	0.000000	0.000000	0.000000	0.000000	0.000000	0.000000	0.000000	1741983481.458045	0.000000
210.000000	-3346.704346	-1877.680645	-21479.445276	-11366.465553	-20016.031863	-187500.022352	-23225.161222	913.336982	-6715.089883	-14591.218780	-29858.153147	187500.000000	-17677.413544	-187500.022352	-18551.478511	-29225.867000	-0.034000	0.974000	0.156000	192.000000	0.000000	0.000000	0.000000	0.000000	0.000000	0.000000	0.000000	0.000000	0.000000	1741983481.458184	0.000000
212.000000	-3357.053203	-1888.767110	-21485.636709	-11373.841628	-20018.490555	-187500.022352	-23227.865783	911.057104	-6707.534994	-14597.834897	-29826.078394	187500.000000	-17669.746896	-187500.022352	-18542.940145	-29229.286817	-0.034000	0.974000	0.156000	192.000000	0.000000	0.000000	0.000000	0.000000	0.000000	0.000000	0.000000	0.000000	0.000000	1741983481.517513	0.000000
214.000000	-3360.629482	-1895.986723	-21494.152724	-11380.077765	-20024.704340	-187500.022352	-23231.218544	907.972563	-6717.950907	-14596.359682	-29840.539973	187500.000000	-17681.347451	-187500.022352	-18553.266651	-29238.071053	-0.032000	0.974000	0.154000	192.000000	127.500000	0.000000	15.000000	56.000000	2.000000	104.000000	0.000000	0.000000	0.000000	1741983481.517686	0.000000
216.000000	-3346.011441	-1887.157784	-21488.117753	-11369.639500	-20020.971599	-187500.022352	-23221.920219	920.780113	-6717.436816	-14605.367435	-29809.381641	187500.000000	-17675.200722	-187500.022352	-18553.825444	-29238.674550	-0.032000	0.974000	0.154000	192.000000	0.000000	0.000000	0.000000	0.000000	0.000000	0.000000	0.000000	0.000000	0.000000	1741983481.517857	0.000000
218.000000	-3353.923959	-1892.701017	-21497.729003	-11377.552018	-20033.622686	-187500.022352	-23237.789957	910.118331	-6711.155976	-14593.833935	-29834.773223	187500.000000	-17676.139495	-187500.022352	-18553.758389	-29230.046777	-0.032000	0.974000	0.154000	192.000000	0.000000	0.000000	0.000000	0.000000	0.000000	0.000000	0.000000	0.000000	0.000000	1741983481.518001	0.000000
220.000000	-3354.035718	-1890.175270	-21485.659061	-11376.032099	-20030.068759	-187500.022352	-23229.698626	915.259232	-6713.905241	-14597.656083	-29848.161918	187500.000000	-17673.099658	-187500.022352	-18555.099494	-29238.383977	-0.032000	0.974000	0.154000	192.000000	0.000000	0.000000	0.000000	0.000000	0.000000	0.000000	0.000000	0.000000	0.000000	1741983481.518138	0.000000
222.000000	-3353.611035	-1893.997418	-21495.002090	-11378.311977	-20035.813157	-187500.022352	-23234.750120	912.889947	-6721.862462	-14593.185734	-29829.587618	187500.000000	-17677.860579	-187500.022352	-18561.000354	-29237.601666	-0.032000	0.974000	0.154000	192.000000	0.000000	0.000000	0.000000	0.000000	0.000000	0.000000	0.000000	0.000000	0.000000	1741983481.518287	0.000000
224.000000	-3352.649910	-1895.427930	-21492.878675	-11380.569503	-20041.937535	-187500.022352	-23241.813271	910.855938	-6726.645735	-14600.181830	-29839.131813	187500.000000	-17682.979129	-187500.022352	-18565.314241	-29246.005922	-0.038000	0.974000	0.154000	192.000000	127.000000	104.000000	15.000000	56.000000	2.000000	104.000000	0.000000	0.000000	0.000000	1741983481.518428	0.000000
226.000000	-3346.905511	-1888.342427	-21497.594893	-11375.249788	-20029.800538	-187500.022352	-23230.905620	919.059029	-6725.394037	-14590.391766	-29808.286406	187500.000000	-17683.090887	-187500.022352	-18565.403648	-29241.602628	-0.038000	0.974000	0.154000	192.000000	0.000000	0.000000	0.000000	0.000000	0.000000	0.000000	0.000000	0.000000	0.000000	1741983481.518587	0.000000
228.000000	-3357.701404	-1896.143186	-21483.312128	-11374.758050	-20031.432215	-187500.022352	-23235.375969	917.337944	-6723.740008	-14590.615283	-29862.422331	187500.000000	-17678.665242	-187500.022352	-18557.535834	-29239.993303	-0.038000	0.974000	0.154000	192.000000	0.000000	0.000000	0.000000	0.000000	0.000000	0.000000	0.000000	0.000000	0.000000	1741983481.577718	0.000000
230.000000	-3347.307843	-1889.057683	-21487.670718	-11370.041832	-20018.512907	-187500.022352	-23215.594675	930.771343	-6727.383343	-14590.280007	-29793.623661	187500.000000	-17677.525303	-187500.022352	-18554.943032	-29236.752300	-0.038000	0.974000	0.154000	192.000000	0.000000	0.000000	0.000000	0.000000	0.000000	0.000000	0.000000	0.000000	0.000000	1741983481.577890	0.000000
232.000000	-3349.699479	-1891.248154	-21477.053640	-11366.979643	-20023.586753	-187500.022352	-23221.853163	924.110523	-6716.967430	-14579.551170	-29865.529223	187500.000000	-17673.658451	-187500.022352	-18545.488244	-29230.762032	-0.038000	0.974000	0.154000	192.000000	0.000000	0.000000	0.000000	0.000000	0.000000	0.000000	0.000000	0.000000	0.000000	1741983481.578031	0.000000
234.000000	-3344.491523	-1884.676741	-21489.995300	-11363.939806	-20020.166936	-187500.022352	-23216.444041	933.453552	-6720.297840	-14580.199370	-29792.550778	187500.000000	-17678.486428	-187500.022352	-18546.784645	-29226.984588	-0.036000	0.972000	0.150000	192.000000	127.000000	112.000000	15.000000	48.000000	2.000000	88.000000	0.000000	0.000000	0.000000	1741983481.578163	0.000000
236.000000	-3362.194104	-1898.333657	-21485.502599	-11372.947559	-20026.738349	-187500.022352	-23226.189402	924.356392	-6721.862462	-14584.490905	-29879.901395	187500.000000	-17677.368841	-187500.022352	-18547.388142	-29225.978759	-0.036000	0.972000	0.150000	192.000000	0.000000	0.000000	0.000000	0.000000	0.000000	0.000000	0.000000	0.000000	0.000000	1741983481.578323	0.000000
238.000000	-3361.791773	-1901.306439	-21504.166306	-11381.575332	-20027.498308	-187500.022352	-23225.027111	922.322383	-6730.087904	-14594.593894	-29789.779161	187500.000000	-17682.241521	-187500.022352	-18554.630107	-29239.367454	-0.036000	0.972000	0.150000	192.000000	0.000000	0.000000	0.000000	0.000000	0.000000	0.000000	0.000000	0.000000	0.000000	1741983481.578464	0.000000
240.000000	-3359.377785	-1895.919668	-21484.519122	-11382.648216	-20020.949247	-187500.022352	-23224.200097	920.824816	-6726.377514	-14596.627903	-29874.984011	187500.000000	-17678.151152	-187500.022352	-18554.898328	-29241.200297	-0.036000	0.972000	0.150000	192.000000	0.000000	0.000000	0.000000	0.000000	0.000000	0.000000	0.000000	0.000000	0.000000	1741983481.578603	0.000000
242.000000	-3345.631462	-1884.564982	-21488.676547	-11369.237169	-20011.919142	-187500.022352	-23214.790012	932.984165	-6720.297840	-14582.076917	-29795.970594	187500.000000	-17670.685669	-187500.022352	-18544.705933	-29233.913628	-0.036000	0.972000	0.150000	192.000000	0.000000	0.000000	0.000000	0.000000	0.000000	0.000000	0.000000	0.000000	0.000000	1741983481.638021	0.000000
244.000000	-3353.342814	-1888.387130	-21477.411267	-11369.706556	-20019.719901	-187500.022352	-23226.144698	929.385534	-6716.922726	-14577.114830	-29904.220093	187500.000000	-17669.389268	-187500.022352	-18541.710799	-29226.738718	-0.038000	0.972000	0.156000	192.000000	127.000000	104.000000	15.000000	48.000000	2.000000	112.000000	0.000000	0.000000	0.000000	1741983481.638229	0.000000
246.000000	-3356.695575	-1898.758340	-21495.694994	-11378.200218	-20023.363235	-187500.022352	-23217.896905	927.932671	-6725.930479	-14600.695920	-29804.911292	187500.000000	-17678.464076	-187500.022352	-18548.438674	-29239.456861	-0.038000	0.972000	0.156000	192.000000	0.000000	0.000000	0.000000	0.000000	0.000000	0.000000	0.000000	0.000000	0.000000	1741983481.638380	0.000000
248.000000	-3359.735413	-1899.451244	-21483.803866	-11376.188561	-20021.865669	-187500.022352	-23230.793861	927.932671	-6720.588412	-14592.269312	-29890.697287	187500.000000	-17674.798390	-187500.022352	-18547.052866	-29235.254733	-0.038000	0.972000	0.156000	192.000000	0.000000	0.000000	0.000000	0.000000	0.000000	0.000000	0.000000	0.000000	0.000000	1741983481.638533	0.000000
250.000000	-3352.046412	-1891.896354	-21494.778573	-11377.306149	-20019.026997	-187500.022352	-23218.522754	926.010421	-6727.964488	-14590.302359	-29781.933699	187500.000000	-17679.648719	-187500.022352	-18546.494072	-29241.647332	-0.038000	0.972000	0.156000	192.000000	0.000000	0.000000	0.000000	0.000000	0.000000	0.000000	0.000000	0.000000	0.000000	1741983481.638678	0.000000
252.000000	-3347.933691	-1885.906087	-21475.533721	-11369.460686	-20009.616913	-187500.022352	-23213.381852	931.441895	-6713.458206	-14579.081783	-29877.599165	187500.000000	-17670.462152	-187500.022352	-18538.849776	-29226.179925	-0.038000	0.972000	0.156000	192.000000	0.000000	0.000000	0.000000	0.000000	0.000000	0.000000	0.000000	0.000000	0.000000	1741983481.638823	0.000000
254.000000	-3364.451631	-1904.458035	-21495.516180	-11384.056376	-20028.101805	-187500.022352	-23230.033902	917.427351	-6724.947003	-14598.863077	-29801.446772	187500.000000	-17674.686632	-187500.022352	-18544.974154	-29239.568620	-0.036000	0.974000	0.158000	192.000000	127.000000	112.000000	15.000000	56.000000	2.000000	120.000000	0.000000	0.000000	0.000000	1741983481.638959	0.000000
0.000000	-3356.941445	-1897.730159	-21481.412230	-11377.842591	-20019.004645	-187500.022352	-23222.747233	921.316555	-6724.343505	-14598.594856	-29848.340732	187500.000000	-17681.258044	-187500.022352	-18554.227776	-29238.294570	-0.036000	0.974000	0.158000	192.000000	0.000000	0.000000	0.000000	0.000000	0.000000	0.000000	0.000000	0.000000	0.000000	1741983481.639102	0.000000
2.000000	-3345.653814	-1888.655351	-21483.781515	-11368.119582	-20013.640227	-187500.022352	-23218.858030	924.334040	-6718.263831	-14589.318882	-29802.363193	187500.000000	-17669.791599	-187500.022352	-18548.215157	-29238.674550	-0.036000	0.974000	0.158000	192.000000	0.000000	0.000000	0.000000	0.000000	0.000000	0.000000	0.000000	0.000000	0.000000	1741983481.698876	0.000000
4.000000	-3346.503180	-1885.615514	-21475.712535	-11363.828047	-20008.141697	-187500.022352	-23212.130155	932.760648	-6708.093787	-14572.376260	-29887.366877	187500.000000	-17659.129817	-187500.022352	-18540.235584	-29218.625035	-0.036000	0.974000	0.158000	192.000000	0.000000	0.000000	0.000000	0.000000	0.000000	0.000000	0.000000	0.000000	0.000000	1741983481.699068	0.000000
6.000000	-3355.198008	-1895.696151	-21488.922416	-11377.529666	-20016.814174	-187500.022352	-23228.625742	921.651831	-6720.722523	-14585.541437	-29844.742101	187500.000000	-17670.283338	-187500.022352	-18542.627220	-29239.680378	-0.036000	0.974000	0.158000	192.000000	0.000000	0.000000	0.000000	0.000000	0.000000	0.000000	0.000000	0.000000	0.000000	1741983481.699211	0.000000
8.000000	-3344.625633	-1886.978970	-21485.010861	-11370.935902	-20014.579000	-187500.022352	-23222.791937	926.725677	-6713.659372	-14582.903931	-29857.572002	187500.000000	-17667.891701	-187500.022352	-18551.947898	-29237.311093	-0.040000	0.980000	0.158000	192.000000	127.000000	96.000000	15.000000	80.000000	2.000000	120.000000	0.000000	0.000000	0.000000	1741983481.699359	0.000000
10.000000	-3351.733488	-1892.075168	-21488.855361	-11374.489829	-20032.303933	-187500.022352	-23237.789957	923.574081	-6714.128758	-14578.791211	-29846.306723	187500.000000	-17667.601129	-187500.022352	-18554.518349	-29243.748396	-0.040000	0.980000	0.158000	192.000000	0.000000	0.000000	0.000000	0.000000	0.000000	0.000000	0.000000	0.000000	0.000000	1741983481.699505	0.000000
12.000000	-3349.118334	-1890.577601	-21491.381108	-11373.640463	-20022.290352	-187500.022352	-23219.394472	931.531302	-6720.029619	-14583.820353	-29831.308702	187500.000000	-17673.949024	-187500.022352	-18562.609680	-29240.887373	-0.040000	0.980000	0.158000	192.000000	0.000000	0.000000	0.000000	0.000000	0.000000	0.000000	0.000000	0.000000	0.000000	1741983481.699647	0.000000
14.000000	-3354.862732	-1894.377398	-21483.312128	-11373.126372	-20024.413767	-187500.022352	-23225.094166	929.609052	-6719.649639	-14592.001091	-29853.325171	187500.000000	-17666.572948	-187500.022352	-18556.887633	-29246.497660	-0.040000	0.980000	0.158000	192.000000	0.000000	0.000000	0.000000	0.000000	0.000000	0.000000	0.000000	0.000000	0.000000	1741983481.699797	0.000000
16.000000	-3348.045450	-1886.509584	-21487.290738	-11367.940768	-20019.384625	-187500.022352	-23218.142774	934.705250	-6720.946040	-14574.030289	-29822.792688	187500.000000	-17671.624443	-187500.022352	-18557.379372	-29241.647332	-0.040000	0.980000	0.158000	192.000000	0.000000	0.000000	0.000000	0.000000	0.000000	0.000000	0.000000	0.000000	0.000000	1741983481.757309	0.000000
18.000000	-3352.627558	-1894.153880	-21483.826218	-11375.294492	-20026.917163	-187500.022352	-23238.929896	919.439008	-6721.370723	-14581.071088	-29849.726540	187500.000000	-17669.389268	-187500.022352	-18554.473645	-29246.765881	-0.038000	0.974000	0.158000	192.000000	127.000000	104.000000	15.000000	56.000000	2.000000	120.000000	0.000000	0.000000	0.000000	1741983481.757493	0.000000
20.000000	-3340.155284	-1885.593162	-21486.664890	-11365.683242	-20011.002721	-187500.022352	-23209.827925	925.339869	-6721.415427	-14593.878638	-29792.997812	187500.000000	-17673.434934	-187500.022352	-18555.166549	-29245.983570	-0.038000	0.974000	0.158000	192.000000	0.000000	0.000000	0.000000	0.000000	0.000000	0.000000	0.000000	0.000000	0.000000	1741983481.757645	0.000000
22.000000	-3342.323404	-1884.721444	-21466.838892	-11356.183750	-20008.655788	-187500.022352	-23217.673387	931.643061	-6705.299819	-14575.952539	-29860.008342	187500.000000	-17649.295050	-187500.022352	-18535.809938	-29226.112870	-0.038000	0.974000	0.158000	192.000000	0.000000	0.000000	0.000000	0.000000	0.000000	0.000000	0.000000	0.000000	0.000000	1741983481.757787	0.000000
24.000000	-3343.485694	-1887.962447	-21476.718363	-11357.077820	-20010.913314	-187500.022352	-23215.706434	937.029831	-6709.010209	-14573.113867	-29800.306833	187500.000000	-17659.643908	-187500.022352	-18539.810901	-29221.687224	-0.038000	0.974000	0.158000	192.000000	0.000000	0.000000	0.000000	0.000000	0.000000	0.000000	0.000000	0.000000	0.000000	1741983481.757929	0.000000
26.000000	-3352.649910	-1897.059607	-21474.729058	-11368.633672	-20018.065872	-187500.022352	-23225.161222	928.714982	-6711.312438	-14583.082745	-29861.595316	187500.000000	-17663.689573	-187500.022352	-18541.576688	-29233.466593	-0.038000	0.974000	0.158000	192.000000	0.000000	0.000000	0.000000	0.000000	0.000000	0.000000	0.000000	0.000000	0.000000	1741983481.758082	0.000000
28.000000	-3354.907436	-1897.484290	-21496.879637	-11372.500524	-20008.789898	-187500.022352	-23221.942570	930.123142	-6724.410561	-14581.763993	-29785.532330	187500.000000	-17671.736201	-187500.022352	-18549.466854	-29245.067149	-0.040000	0.970000	0.156000	192.000000	127.000000	96.000000	15.000000	40.000000	2.000000	112.000000	0.000000	0.000000	0.000000	1741983481.758221	0.000000
30.000000	-3355.376822	-1892.589258	-21478.662965	-11364.453896	-20014.355482	-187500.022352	-23226.301161	934.280566	-6721.281316	-14581.696937	-29883.500026	187500.000000	-17663.220187	-187500.022352	-18550.897366	-29239.076881	-0.040000	0.970000	0.156000	192.000000	0.000000	0.000000	0.000000	0.000000	0.000000	0.000000	0.000000	0.000000	0.000000	1741983481.758374	0.000000
32.000000	-3341.921072	-1881.614552	-21485.614358	-11354.350907	-20009.929837	-187500.022352	-23212.778355	936.940424	-6719.381418	-14578.143010	-29787.499283	187500.000000	-17668.450495	-187500.022352	-18550.271517	-29235.813527	-0.040000	0.970000	0.156000	192.000000	0.000000	0.000000	0.000000	0.000000	0.000000	0.000000	0.000000	0.000000	0.000000	1741983481.817515	0.000000
34.000000	-3341.965776	-1882.821546	-21465.542491	-11357.122523	-20005.727709	-187500.022352	-23218.142774	940.382593	-6704.696322	-14559.032268	-29886.986898	187500.000000	-17654.860634	-187500.022352	-18536.234622	-29222.000149	-0.040000	0.970000	0.156000	192.000000	0.000000	0.000000	0.000000	0.000000	0.000000	0.000000	0.000000	0.000000	0.000000	1741983481.817706	0.000000
36.000000	-3353.588683	-1902.826357	-21490.375279	-11374.936864	-20013.841392	-187500.022352	-23226.904658	931.821875	-6717.258002	-14584.379147	-29798.339879	187500.000000	-17661.923785	-187500.022352	-18544.191843	-29240.820317	-0.040000	0.970000	0.156000	192.000000	0.000000	0.000000	0.000000	0.000000	0.000000	0.000000	0.000000	0.000000	0.000000	1741983481.817861	0.000000
38.000000	-3355.645043	-1903.541613	-21481.792209	-11373.238131	-20018.267038	-187500.022352	-23228.759852	934.705250	-6725.349334	-14589.542400	-29888.730334	187500.000000	-17667.019983	-187500.022352	-18556.887633	-29246.095329	-0.040000	0.972000	0.156000	192.000000	127.000000	96.000000	15.000000	48.000000	2.000000	112.000000	0.000000	0.000000	0.000000	1741983481.818003	0.000000
40.000000	-3352.493447	-1898.333657	-21492.074012	-11370.935902	-20026.917163	-187500.022352	-23233.721940	930.570177	-6720.409598	-14581.316958	-29805.537141	187500.000000	-17666.774114	-187500.022352	-18556.105322	-29245.313018	-0.040000	0.972000	0.156000	192.000000	0.000000	0.000000	0.000000	0.000000	0.000000	0.000000	0.000000	0.000000	0.000000	1741983481.818149	0.000000
42.000000	-3346.033793	-1890.868174	-21476.405439	-11365.951463	-20019.250514	-187500.022352	-23225.541201	932.648889	-6715.313401	-14578.254769	-29874.134645	187500.000000	-17665.008326	-187500.022352	-18557.804055	-29243.189602	-0.040000	0.972000	0.156000	192.000000	0.000000	0.000000	0.000000	0.000000	0.000000	0.000000	0.000000	0.000000	0.000000	1741983481.818280	0.000000
44.000000	-3349.140686	-1896.299648	-21490.509390	-11370.712384	-20026.380721	-187500.022352	-23230.413882	930.033735	-6716.498043	-14583.932112	-29794.405972	187500.000000	-17665.455361	-187500.022352	-18552.998430	-29244.016617	-0.040000	0.972000	0.156000	192.000000	0.000000	0.000000	0.000000	0.000000	0.000000	0.000000	0.000000	0.000000	0.000000	1741983481.818416	0.000000
46.000000	-3342.010479	-1889.549421	-21475.243148	-11364.811524	-20012.254418	-187500.022352	-23221.160259	931.307784	-6711.357142	-14577.383051	-29871.765360	187500.000000	-17662.907262	-187500.022352	-18557.021744	-29238.719253	-0.040000	0.972000	0.156000	192.000000	0.000000	0.000000	0.000000	0.000000	0.000000	0.000000	0.000000	0.000000	0.000000	1741983481.877713	0.000000
48.000000	-3347.061973	-1894.399750	-21482.172189	-11364.699765	-20013.662578	-187500.022352	-23220.892038	937.476866	-6708.294953	-14575.393745	-29820.378699	187500.000000	-17654.257137	-187500.022352	-18543.811863	-29233.935980	-0.042000	0.964000	0.158000	192.000000	127.000000	88.000000	15.000000	16.000000	2.000000	120.000000	0.000000	0.000000	0.000000	1741983481.877886	0.000000
50.000000	-3352.404040	-1898.020732	-21482.485113	-11370.466515	-20016.210677	-187500.022352	-23225.340036	932.872407	-6720.543709	-14583.038042	-29860.813005	187500.000000	-17662.549634	-187500.022352	-18552.976078	-29233.712463	-0.042000	0.964000	0.158000	192.000000	0.000000	0.000000	0.000000	0.000000	0.000000	0.000000	0.000000	0.000000	0.000000	1741983481.878038	0.000000
52.000000	-3348.313671	-1895.852613	-21483.267424	-11370.064183	-20017.954113	-187500.022352	-23222.434309	941.299014	-6715.179290	-14578.746507	-29809.851028	187500.000000	-17659.666259	-187500.022352	-18545.600002	-29238.205163	-0.042000	0.964000	0.158000	192.000000	0.000000	0.000000	0.000000	0.000000	0.000000	0.000000	0.000000	0.000000	0.000000	1741983481.878181	0.000000
54.000000	-3334.790866	-1879.669950	-21469.834026	-11360.430582	-20012.053253	-187500.022352	-23220.020320	940.449648	-6709.032560	-14568.464705	-29846.150261	187500.000000	-17657.989878	-187500.022352	-18550.048000	-29234.159498	-0.042000	0.964000	0.158000	192.000000	0.000000	0.000000	0.000000	0.000000	0.000000	0.000000	0.000000	0.000000	0.000000	1741983481.878317	0.000000
56.000000	-3352.336985	-1895.986723	-21486.419020	-11378.669605	-20037.556593	-187500.022352	-23249.792844	917.181482	-6716.475691	-14569.984623	-29807.302929	187500.000000	-17662.817855	-187500.022352	-18548.751598	-29248.151690	-0.042000	0.964000	0.158000	192.000000	0.000000	0.000000	0.000000	0.000000	0.000000	0.000000	0.000000	0.000000	0.000000	1741983481.878466	0.000000
58.000000	-3348.872465	-1894.556212	-21487.402497	-11376.523838	-20021.083357	-187500.022352	-23236.381797	919.237842	-6720.968392	-14584.602664	-29803.704298	187500.000000	-17671.065649	-187500.022352	-18565.850683	-29250.632733	-0.042000	0.966000	0.160000	192.000000	127.000000	88.000000	15.000000	24.000000	2.500000	0.000000	0.000000	0.000000	0.000000	1741983481.878613	0.000000
60.000000	-3354.750974	-1902.111101	-21477.947709	-11373.014614	-20011.114479	-187500.022352	-23226.681140	931.866578	-6721.348372	-14584.200333	-29810.052193	187500.000000	-17658.056934	-187500.022352	-18553.110189	-29246.989399	-0.042000	0.966000	0.160000	192.000000	0.000000	0.000000	0.000000	0.000000	0.000000	0.000000	0.000000	0.000000	0.000000	1741983481.878764	0.000000
62.000000	-3353.745145	-1898.668933	-21482.082782	-11368.790134	-20006.711186	-187500.022352	-23213.471259	945.009404	-6723.985878	-14586.524914	-29810.387470	187500.000000	-17662.259062	-187500.022352	-18551.925546	-29238.160460	-0.042000	0.966000	0.160000	192.000000	0.000000	0.000000	0.000000	0.000000	0.000000	0.000000	0.000000	0.000000	0.000000	1741983481.937929	0.000000
64.000000	-3343.731564	-1886.286066	-21463.530834	-11353.322727	-20002.509058	-187500.022352	-23211.303140	956.207628	-6713.301744	-14566.073068	-29829.833487	187500.000000	-17651.194948	-187500.022352	-18539.050941	-29226.895181	-0.042000	0.966000	0.160000	192.000000	0.000000	0.000000	0.000000	0.000000	0.000000	0.000000	0.000000	0.000000	0.000000	1741983481.938073	0.000000
66.000000	-3352.024061	-1898.423064	-21479.601738	-11364.878579	-20015.875401	-187500.022352	-23221.428480	950.619692	-6718.554404	-14573.627958	-29793.422496	187500.000000	-17659.040410	-187500.022352	-18545.421189	-29225.576428	-0.042000	0.966000	0.160000	192.000000	0.000000	0.000000	0.000000	0.000000	0.000000	0.000000	0.000000	0.000000	0.000000	1741983481.938215	0.000000
68.000000	-3364.004596	-1911.185910	-21473.410305	-11373.796925	-20011.181535	-187500.022352	-23211.817230	942.081325	-6723.360029	-14584.714423	-29824.938455	187500.000000	-17657.587547	-187500.022352	-18545.711761	-29237.422852	-0.040000	0.972000	0.164000	192.000000	127.000000	96.000000	15.000000	48.000000	2.500000	16.000000	0.000000	0.000000	0.000000	1741983481.938365	0.000000
70.000000	-3355.466229	-1904.636849	-21480.696974	-11369.505390	-20005.213619	-187500.022352	-23209.760870	945.568197	-6731.250194	-14585.049699	-29766.533347	187500.000000	-17655.218262	-187500.022352	-18547.745770	-29242.362588	-0.040000	0.972000	0.164000	192.000000	0.000000	0.000000	0.000000	0.000000	0.000000	0.000000	0.000000	0.000000	0.000000	1741983481.938518	0.000000
72.000000	-3371.112450	-1919.187834	-21481.300471	-11379.787192	-20021.306875	-187500.022352	-23234.370140	935.711078	-6724.499968	-14589.207123	-29824.871400	187500.000000	-17659.241576	-187500.022352	-18549.556261	-29243.994265	-0.040000	0.972000	0.164000	192.000000	0.000000	0.000000	0.000000	0.000000	0.000000	0.000000	0.000000	0.000000	0.000000	1741983481.938655	0.000000
74.000000	-3357.857866	-1911.007096	-21489.056526	-11376.657948	-20006.353558	-187500.022352	-23221.562591	943.713003	-6726.489273	-14593.878638	-29740.158288	187500.000000	-17661.476751	-187500.022352	-18561.559148	-29248.308152	-0.040000	0.972000	0.164000	192.000000	0.000000	0.000000	0.000000	0.000000	0.000000	0.000000	0.000000	0.000000	0.000000	1741983481.938804	0.000000
76.000000	-3356.829686	-1905.866194	-21473.142084	-11372.388765	-20006.890000	-187500.022352	-23218.410995	948.540979	-6716.676857	-14588.335405	-29825.050214	187500.000000	-17652.647811	-187500.022352	-18552.931375	-29240.373282	-0.040000	0.972000	0.164000	192.000000	0.000000	0.000000	0.000000	0.000000	0.000000	0.000000	0.000000	0.000000	0.000000	1741983481.998440	0.000000
78.000000	-3333.829741	-1881.703959	-21464.648421	-11352.652175	-19986.013470	-187500.022352	-23195.075774	965.818878	-6705.791558	-14560.887463	-29780.883167	187500.000000	-17638.923840	-187500.022352	-18536.972229	-29225.576428	-0.040000	0.972000	0.160000	192.000000	127.000000	96.000000	15.000000	48.000000	2.500000	0.000000	0.000000	0.000000	0.000000	1741983481.998629	0.000000
80.000000	-3355.466229	-1898.557174	-21464.961346	-11370.287701	-20009.728671	-187500.022352	-23223.127213	943.869465	-6705.746854	-14567.928263	-29867.295011	187500.000000	-17642.768340	-187500.022352	-18533.127729	-29230.896143	-0.040000	0.972000	0.160000	192.000000	0.000000	0.000000	0.000000	0.000000	0.000000	0.000000	0.000000	0.000000	0.000000	1741983481.998789	0.000000
82.000000	-3348.224264	-1898.199546	-21483.468590	-11370.600625	-20001.458526	-187500.022352	-23210.498477	943.847113	-6717.861500	-14584.937940	-29740.717082	187500.000000	-17657.408733	-187500.022352	-18545.845872	-29244.150727	-0.040000	0.972000	0.160000	192.000000	0.000000	0.000000	0.000000	0.000000	0.000000	0.000000	0.000000	0.000000	0.000000	1741983481.998935	0.000000
84.000000	-3346.994918	-1895.718502	-21466.950651	-11366.554960	-19998.597503	-187500.022352	-23210.029091	945.814067	-6705.411578	-14576.220760	-29843.199830	187500.000000	-17644.400018	-187500.022352	-18541.353171	-29236.215858	-0.040000	0.972000	0.160000	192.000000	0.000000	0.000000	0.000000	0.000000	0.000000	0.000000	0.000000	0.000000	0.000000	1741983481.999071	0.000000
86.000000	-3348.380726	-1898.691285	-21478.864131	-11368.410154	-20001.458526	-187500.022352	-23213.806535	947.803372	-6710.775997	-14571.884521	-29758.866699	187500.000000	-17644.377666	-187500.022352	-18538.022761	-29235.791175	-0.040000	0.972000	0.160000	192.000000	0.000000	0.000000	0.000000	0.000000	0.000000	0.000000	0.000000	0.000000	0.000000	1741983481.999209	0.000000
88.000000	-3354.527456	-1902.200508	-21472.873863	-11372.433468	-20004.185439	-187500.022352	-23214.298274	949.367994	-6716.118063	-14573.605606	-29851.380569	187500.000000	-17651.619631	-187500.022352	-18549.265689	-29239.725082	-0.036000	0.972000	0.156000	192.000000	127.000000	112.000000	15.000000	48.000000	2.000000	112.000000	0.000000	0.000000	0.000000	1741983481.999349	0.000000
90.000000	-3349.587721	-1902.155805	-21483.937977	-11372.679338	-20007.940532	-187500.022352	-23211.549009	953.301901	-6721.951869	-14585.943769	-29759.559603	187500.000000	-17656.984050	-187500.022352	-18548.550433	-29244.575410	-0.036000	0.972000	0.156000	192.000000	0.000000	0.000000	0.000000	0.000000	0.000000	0.000000	0.000000	0.000000	0.000000	1741983481.999507	0.000000
92.000000	-3344.469171	-1896.366703	-21469.565805	-11366.622015	-20002.509058	-187500.022352	-23207.659806	954.352433	-6712.385322	-14578.187713	-29851.894659	187500.000000	-17649.116236	-187500.022352	-18548.617488	-29235.277085	-0.036000	0.972000	0.156000	192.000000	0.000000	0.000000	0.000000	0.000000	0.000000	0.000000	0.000000	0.000000	0.000000	1741983482.058674	0.000000
94.000000	-3358.349604	-1904.860366	-21486.307262	-11372.969910	-20011.785032	-187500.022352	-23220.959094	949.926788	-6718.196776	-14573.046812	-29785.755847	187500.000000	-17655.307669	-187500.022352	-18546.561127	-29243.748396	-0.036000	0.972000	0.156000	192.000000	0.000000	0.000000	0.000000	0.000000	0.000000	0.000000	0.000000	0.000000	0.000000	1741983482.058847	0.000000
96.000000	-3342.926901	-1887.291895	-21465.609546	-11360.363526	-19997.748136	-187500.022352	-23211.079623	951.424354	-6720.051970	-14571.213969	-29850.128871	187500.000000	-17649.719733	-187500.022352	-18555.904157	-29237.601666	-0.036000	0.972000	0.156000	192.000000	0.000000	0.000000	0.000000	0.000000	0.000000	0.000000	0.000000	0.000000	0.000000	1741983482.058993	0.000000
98.000000	-3354.169828	-1901.529956	-21479.177055	-11372.142896	-20006.644131	-187500.022352	-23228.893963	939.913206	-6708.898450	-14573.471495	-29810.789801	187500.000000	-17642.164843	-187500.022352	-18547.052866	-29239.613323	-0.042000	0.978000	0.154000	192.000000	127.000000	88.000000	15.000000	72.000000	2.000000	104.000000	0.000000	0.000000	0.000000	1741983482.059131	0.000000
100.000000	-3352.538151	-1903.675724	-21476.159570	-11376.434431	-20002.598465	-187500.022352	-23215.214695	947.579854	-6715.291049	-14576.086649	-29858.466072	187500.000000	-17649.451512	-187500.022352	-18555.188901	-29242.317884	-0.042000	0.978000	0.154000	192.000000	0.000000	0.000000	0.000000	0.000000	0.000000	0.000000	0.000000	0.000000	0.000000	1741983482.059291	0.000000
102.000000	-3359.847171	-1909.375418	-21483.602701	-11380.591855	-20007.292331	-187500.022352	-23224.244800	942.126029	-6722.331848	-14582.412193	-29811.303891	187500.000000	-17652.267832	-187500.022352	-18550.964421	-29249.381035	-0.042000	0.978000	0.154000	192.000000	0.000000	0.000000	0.000000	0.000000	0.000000	0.000000	0.000000	0.000000	0.000000	1741983482.059436	0.000000
104.000000	-3361.724718	-1909.755398	-21482.261596	-11378.960178	-19994.261264	-187500.022352	-23205.268169	948.451572	-6725.863424	-14588.827144	-29846.641999	187500.000000	-17655.017096	-187500.022352	-18557.759351	-29245.156556	-0.042000	0.978000	0.154000	192.000000	0.000000	0.000000	0.000000	0.000000	0.000000	0.000000	0.000000	0.000000	0.000000	1741983482.059578	0.000000
106.000000	-3365.524514	-1915.857424	-21481.993375	-11379.988358	-19998.552799	-187500.022352	-23211.459602	950.887913	-6720.744875	-14590.168248	-29823.977330	187500.000000	-17650.412637	-187500.022352	-18548.416322	-29246.855288	-0.042000	0.978000	0.154000	192.000000	0.000000	0.000000	0.000000	0.000000	0.000000	0.000000	0.000000	0.000000	0.000000	1741983482.118275	0.000000
108.000000	-3364.652796	-1910.805930	-21483.982680	-11383.318768	-20005.660654	-187500.022352	-23214.566495	941.321366	-6726.019886	-14588.313054	-29818.612912	187500.000000	-17658.839245	-187500.022352	-18551.702029	-29245.849460	-0.038000	0.978000	0.152000	192.000000	127.000000	104.000000	15.000000	72.000000	2.000000	96.000000	0.000000	0.000000	0.000000	1741983482.118446	0.000000
110.000000	-3352.046412	-1892.611610	-21474.617299	-11372.589931	-20002.464354	-187500.022352	-23215.237047	941.254311	-6725.103465	-14581.048737	-29815.506019	187500.000000	-17656.849939	-187500.022352	-18548.505729	-29250.520974	-0.038000	0.978000	0.152000	192.000000	0.000000	0.000000	0.000000	0.000000	0.000000	0.000000	0.000000	0.000000	0.000000	1741983482.118603	0.000000
112.000000	-3354.303939	-1894.019770	-21486.463724	-11374.109849	-20005.481840	-187500.022352	-23219.573286	940.315537	-6718.174424	-14576.779554	-29808.800496	187500.000000	-17657.654602	-187500.022352	-18548.952764	-29245.245963	-0.038000	0.978000	0.152000	192.000000	0.000000	0.000000	0.000000	0.000000	0.000000	0.000000	0.000000	0.000000	0.000000	1741983482.118760	0.000000
114.000000	-3350.191218	-1889.057683	-21479.065297	-11368.812486	-20006.912351	-187500.022352	-23220.042672	937.745087	-6707.400883	-14579.908798	-29830.548743	187500.000000	-17655.106503	-187500.022352	-18547.835177	-29240.172117	-0.038000	0.978000	0.152000	192.000000	0.000000	0.000000	0.000000	0.000000	0.000000	0.000000	0.000000	0.000000	0.000000	1741983482.118901	0.000000
116.000000	-3349.855942	-1884.632037	-21492.498695	-11369.058355	-20010.421575	-187500.022352	-23219.997969	936.985128	-6713.748779	-14583.216856	-29798.898673	187500.000000	-17660.001535	-187500.022352	-18554.071314	-29240.105062	-0.038000	0.978000	0.152000	192.000000	0.000000	0.000000	0.000000	0.000000	0.000000	0.000000	0.000000	0.000000	0.000000	1741983482.119046	0.000000
118.000000	-3350.437087	-1881.346331	-21487.313090	-11368.790134	-20010.309817	-187500.022352	-23220.333245	937.253348	-6715.514566	-14578.321824	-29828.514734	187500.000000	-17662.974317	-187500.022352	-18545.734113	-29236.864059	-0.040000	0.978000	0.154000	192.000000	127.000000	96.000000	15.000000	72.000000	2.000000	104.000000	0.000000	0.000000	0.000000	1741983482.119186	0.000000
120.000000	-3348.358375	-1877.837107	-21504.367471	-11374.154553	-20012.187363	-187500.022352	-23224.244800	932.023040	-6722.644773	-14590.481173	-29760.207803	187500.000000	-17675.312480	-187500.022352	-18553.557224	-29239.993303	-0.040000	0.978000	0.154000	192.000000	0.000000	0.000000	0.000000	0.000000	0.000000	0.000000	0.000000	0.000000	0.000000	1741983482.119334	0.000000
122.000000	-3342.792790	-1874.149069	-21482.887445	-11367.069050	-20006.532372	-187500.022352	-23219.349768	935.644023	-6709.993685	-14581.585179	-29831.599275	187500.000000	-17661.990841	-187500.022352	-18543.968325	-29230.046777	-0.040000	0.978000	0.154000	192.000000	0.000000	0.000000	0.000000	0.000000	0.000000	0.000000	0.000000	0.000000	0.000000	1741983482.178539	0.000000
124.000000	-3334.701459	-1863.174363	-21492.588102	-11363.939806	-20011.740328	-187500.022352	-23221.741405	934.302918	-6710.775997	-14580.199370	-29759.291382	187500.000000	-17668.383440	-187500.022352	-18545.845872	-29231.477288	-0.040000	0.978000	0.154000	192.000000	0.000000	0.000000	0.000000	0.000000	0.000000	0.000000	0.000000	0.000000	0.000000	1741983482.178707	0.000000
126.000000	-3340.356450	-1864.336653	-21476.450142	-11364.319785	-20015.003683	-187500.022352	-23222.031977	930.369011	-6711.893584	-14570.945748	-29836.181383	187500.000000	-17667.757591	-187500.022352	-18541.152005	-29226.157573	-0.040000	0.978000	0.154000	192.000000	0.000000	0.000000	0.000000	0.000000	0.000000	0.000000	0.000000	0.000000	0.000000	1741983482.178851	0.000000
128.000000	-3332.354526	-1861.162706	-21488.989471	-11366.666718	-20013.997854	-187500.022352	-23220.623818	919.863691	-6723.851767	-14588.581275	-29734.190373	187500.000000	-17677.793524	-187500.022352	-18547.254032	-29236.238210	-0.040000	0.984000	0.152000	192.000000	127.000000	96.000000	15.000000	96.000000	2.000000	96.000000	0.000000	0.000000	0.000000	1741983482.178991	0.000000
130.000000	-3336.690764	-1865.096613	-21467.420038	-11358.933015	-20018.065872	-187500.022352	-23230.100957	913.716962	-6700.024807	-14576.779554	-29835.220258	187500.000000	-17664.941271	-187500.022352	-18540.883784	-29226.895181	-0.040000	0.984000	0.152000	192.000000	0.000000	0.000000	0.000000	0.000000	0.000000	0.000000	0.000000	0.000000	0.000000	1741983482.179134	0.000000
132.000000	-3341.854017	-1874.730214	-21488.788305	-11364.565654	-20024.503174	-187500.022352	-23229.072777	912.957002	-6714.486386	-14591.554057	-29735.531477	187500.000000	-17674.440762	-187500.022352	-18544.437712	-29234.159498	-0.040000	0.984000	0.152000	192.000000	0.000000	0.000000	0.000000	0.000000	0.000000	0.000000	0.000000	0.000000	0.000000	1741983482.179279	0.000000
134.000000	-3340.937595	-1868.739947	-21478.886483	-11361.101134	-20021.172764	-187500.022352	-23225.630608	924.445799	-6720.789578	-14592.179905	-29818.545856	187500.000000	-17678.665242	-187500.022352	-18550.785607	-29229.219762	-0.040000	0.984000	0.152000	192.000000	0.000000	0.000000	0.000000	0.000000	0.000000	0.000000	0.000000	0.000000	0.000000	1741983482.179429	0.000000
136.000000	-3329.135874	-1860.335691	-21482.038079	-11355.446143	-20010.533334	-187500.022352	-23211.861934	940.337889	-6713.212337	-14588.223647	-29742.996960	187500.000000	-17669.903358	-187500.022352	-18542.515462	-29216.613378	-0.040000	0.984000	0.152000	192.000000	0.000000	0.000000	0.000000	0.000000	0.000000	0.000000	0.000000	0.000000	0.000000	1741983482.238824	0.000000
138.000000	-3332.734505	-1864.202543	-21468.291756	-11360.430582	-20014.310779	-187500.022352	-23223.618951	928.379706	-6703.668142	-14587.575446	-29838.170688	187500.000000	-17663.823684	-187500.022352	-18539.497976	-29214.624073	-0.042000	0.976000	0.154000	192.000000	127.000000	88.000000	15.000000	64.000000	2.000000	104.000000	0.000000	0.000000	0.000000	1741983482.239008	0.000000
140.000000	-3332.801560	-1868.918761	-21481.166361	-11362.956329	-20017.820003	-187500.022352	-23223.417786	923.954061	-6705.456281	-14588.894199	-29759.380789	187500.000000	-17666.036506	-187500.022352	-18543.387180	-29226.336387	-0.042000	0.976000	0.154000	192.000000	0.000000	0.000000	0.000000	0.000000	0.000000	0.000000	0.000000	0.000000	0.000000	1741983482.239160	0.000000
142.000000	-3334.232072	-1870.148107	-21476.092515	-11362.263425	-20022.223296	-187500.022352	-23230.458585	920.422485	-6712.027694	-14584.446202	-29838.505964	187500.000000	-17672.809085	-187500.022352	-18549.824482	-29223.296550	-0.042000	0.976000	0.154000	192.000000	0.000000	0.000000	0.000000	0.000000	0.000000	0.000000	0.000000	0.000000	0.000000	1741983482.239301	0.000000
144.000000	-3331.549863	-1870.550438	-21479.467628	-11363.291605	-20007.068814	-187500.022352	-23211.660768	926.435104	-6701.410616	-14589.520048	-29790.226196	187500.000000	-17659.554501	-187500.022352	-18539.363866	-29221.419003	-0.042000	0.976000	0.154000	192.000000	0.000000	0.000000	0.000000	0.000000	0.000000	0.000000	0.000000	0.000000	0.000000	1741983482.239449	0.000000
146.000000	-3328.934709	-1869.432851	-21476.405439	-11370.332404	-20006.197096	-187500.022352	-23215.505268	921.450665	-6700.717712	-14590.034138	-29854.085130	187500.000000	-17664.650698	-187500.022352	-18539.676790	-29226.828125	-0.042000	0.976000	0.154000	192.000000	0.000000	0.000000	0.000000	0.000000	0.000000	0.000000	0.000000	0.000000	0.000000	1741983482.239594	0.000000
148.000000	-3326.721886	-1867.130621	-21479.713497	-11366.420849	-20015.517773	-187500.022352	-23222.657826	924.311688	-6695.330941	-14591.531705	-29802.430249	187500.000000	-17657.296974	-187500.022352	-18532.211308	-29226.269332	-0.044000	0.966000	0.154000	192.000000	127.000000	80.000000	15.000000	24.000000	2.000000	104.000000	0.000000	0.000000	0.000000	1741983482.239737	0.000000
150.000000	-3328.979412	-1867.309435	-21475.868997	-11360.922320	-20018.110575	-187500.022352	-23229.452757	926.524511	-6693.967485	-14579.729984	-29858.890755	187500.000000	-17657.408733	-187500.022352	-18542.806034	-29217.485096	-0.044000	0.966000	0.154000	192.000000	0.000000	0.000000	0.000000	0.000000	0.000000	0.000000	0.000000	0.000000	0.000000	1741983482.239883	0.000000
152.000000	-3335.349659	-1875.803098	-21479.065297	-11360.631747	-20011.293293	-187500.022352	-23216.041710	928.647927	-6708.339656	-14587.597798	-29814.701356	187500.000000	-17663.466056	-187500.022352	-18540.123825	-29225.241151	-0.044000	0.966000	0.154000	192.000000	0.000000	0.000000	0.000000	0.000000	0.000000	0.000000	0.000000	0.000000	0.000000	1741983482.298222	0.000000
154.000000	-3323.078552	-1862.593217	-21473.566767	-11349.791151	-19996.429383	-187500.022352	-23204.374099	938.482694	-6709.099616	-14580.691109	-29839.735310	187500.000000	-17666.505893	-187500.022352	-18539.609735	-29220.256712	-0.044000	0.966000	0.154000	192.000000	0.000000	0.000000	0.000000	0.000000	0.000000	0.000000	0.000000	0.000000	0.000000	1741983482.298420	0.000000
156.000000	-3322.609165	-1862.861438	-21466.481264	-11347.444218	-19998.128116	-187500.022352	-23211.101974	941.343718	-6699.823642	-14574.656138	-29842.261057	187500.000000	-17644.981163	-187500.022352	-18524.812880	-29210.109020	-0.044000	0.966000	0.154000	192.000000	0.000000	0.000000	0.000000	0.000000	0.000000	0.000000	0.000000	0.000000	0.000000	1741983482.298572	0.000000
158.000000	-3323.927918	-1869.499906	-21473.902044	-11357.435448	-20005.817116	-187500.022352	-23207.548047	935.800485	-6706.193889	-14583.619187	-29838.818889	187500.000000	-17658.369858	-187500.022352	-18533.865337	-29211.718346	-0.040000	0.972000	0.154000	192.000000	127.000000	96.000000	15.000000	48.000000	2.000000	104.000000	0.000000	0.000000	0.000000	1741983482.298714	0.000000
160.000000	-3333.539168	-1882.173345	-21477.388916	-11369.952425	-20013.617875	-187500.022352	-23219.170954	929.832569	-6717.459168	-14597.119641	-29830.124060	187500.000000	-17665.835341	-187500.022352	-18536.391084	-29226.761070	-0.040000	0.972000	0.154000	192.000000	0.000000	0.000000	0.000000	0.000000	0.000000	0.000000	0.000000	0.000000	0.000000	1741983482.298869	0.000000
162.000000	-3326.587776	-1874.685511	-21476.852474	-11363.626881	-20005.839468	-187500.022352	-23206.564570	938.303880	-6714.016999	-14582.434545	-29804.799533	187500.000000	-17664.561291	-187500.022352	-18538.469796	-29225.419965	-0.040000	0.972000	0.154000	192.000000	0.000000	0.000000	0.000000	0.000000	0.000000	0.000000	0.000000	0.000000	0.000000	1741983482.299001	0.000000
164.000000	-3332.734505	-1876.071319	-21474.773762	-11365.303262	-20016.121270	-187500.022352	-23222.233143	928.782037	-6712.161805	-14579.528818	-29832.873324	187500.000000	-17661.633213	-187500.022352	-18531.026665	-29226.112870	-0.040000	0.972000	0.154000	192.000000	0.000000	0.000000	0.000000	0.000000	0.000000	0.000000	0.000000	0.000000	0.000000	1741983482.299149	0.000000
166.000000	-3332.779209	-1876.965389	-21488.251864	-11366.622015	-20015.830698	-187500.022352	-23216.332283	933.811180	-6720.186081	-14585.496734	-29775.429341	187500.000000	-17670.685669	-187500.022352	-18542.470758	-29229.555038	-0.040000	0.972000	0.154000	192.000000	0.000000	0.000000	0.000000	0.000000	0.000000	0.000000	0.000000	0.000000	0.000000	1741983482.358022	0.000000
168.000000	-3329.493502	-1875.981912	-21470.169302	-11362.844570	-20004.900694	-187500.022352	-23217.092242	935.420505	-6714.307572	-14583.820353	-29823.217371	187500.000000	-17663.443704	-187500.022352	-18541.174357	-29227.588085	-0.040000	0.972000	0.162000	192.000000	127.000000	96.000000	15.000000	48.000000	2.500000	8.000000	0.000000	0.000000	0.000000	1741983482.358200	0.000000
170.000000	-3327.347735	-1873.478517	-21478.908834	-11362.106962	-20006.465317	-187500.022352	-23215.751137	937.521569	-6709.747816	-14581.920455	-29768.947335	187500.000000	-17658.548672	-187500.022352	-18535.564069	-29222.246018	-0.040000	0.972000	0.162000	192.000000	0.000000	0.000000	0.000000	0.000000	0.000000	0.000000	0.000000	0.000000	0.000000	1741983482.358347	0.000000
172.000000	-3313.087322	-1853.876037	-21455.193633	-11343.979698	-19995.132982	-187500.022352	-23201.848352	950.306767	-6697.432005	-14565.849550	-29845.859688	187500.000000	-17652.089018	-187500.022352	-18525.997523	-29211.003090	-0.040000	0.972000	0.162000	192.000000	0.000000	0.000000	0.000000	0.000000	0.000000	0.000000	0.000000	0.000000	0.000000	1741983482.358476	0.000000
174.000000	-3327.303031	-1869.969293	-21485.390840	-11360.140009	-20009.549857	-187500.022352	-23216.287579	933.207683	-6708.697284	-14568.218835	-29786.784027	187500.000000	-17656.469960	-187500.022352	-18533.865337	-29221.664872	-0.040000	0.972000	0.162000	192.000000	0.000000	0.000000	0.000000	0.000000	0.000000	0.000000	0.000000	0.000000	0.000000	1741983482.358616	0.000000
176.000000	-3336.489598	-1880.407558	-21474.840817	-11364.722117	-20014.064910	-187500.022352	-23227.463451	925.406924	-6711.290087	-14577.315995	-29859.717770	187500.000000	-17663.711925	-187500.022352	-18542.157834	-29226.448146	-0.040000	0.972000	0.162000	192.000000	0.000000	0.000000	0.000000	0.000000	0.000000	0.000000	0.000000	0.000000	0.000000	1741983482.358768	0.000000
178.000000	-3324.777284	-1872.137412	-21480.093477	-11357.748372	-20001.771450	-187500.022352	-23209.671463	941.835456	-6703.511680	-14574.253806	-29773.752960	187500.000000	-17657.408733	-187500.022352	-18538.402741	-29221.977797	-0.038000	0.978000	0.166000	192.000000	127.000000	104.000000	15.000000	72.000000	2.500000	24.000000	0.000000	0.000000	0.000000	1741983482.358915	0.000000
180.000000	-3329.359392	-1873.567924	-21468.001183	-11359.782381	-20005.839468	-187500.022352	-23214.499440	936.158113	-6697.253191	-14578.232417	-29874.000534	187500.000000	-17650.882024	-187500.022352	-18531.183127	-29218.692090	-0.038000	0.978000	0.166000	192.000000	0.000000	0.000000	0.000000	0.000000	0.000000	0.000000	0.000000	0.000000	0.000000	1741983482.359060	0.000000
182.000000	-3325.894871	-1869.969293	-21481.054602	-11363.112791	-20007.113517	-187500.022352	-23209.425594	935.778133	-6706.193889	-14588.402461	-29783.274804	187500.000000	-17658.459265	-187500.022352	-18533.440653	-29225.419965	-0.038000	0.978000	0.166000	192.000000	0.000000	0.000000	0.000000	0.000000	0.000000	0.000000	0.000000	0.000000	0.000000	1741983482.421278	0.000000
184.000000	-3325.336078	-1870.215162	-21465.520139	-11363.358660	-19996.831715	-187500.022352	-23205.536390	935.755782	-6708.674933	-14580.825219	-29870.647773	187500.000000	-17658.213396	-187500.022352	-18533.485357	-29224.816468	-0.038000	0.978000	0.166000	192.000000	0.000000	0.000000	0.000000	0.000000	0.000000	0.000000	0.000000	0.000000	0.000000	1741983482.421446	0.000000
186.000000	-3318.451741	-1863.129659	-21474.304375	-11354.909701	-19998.128116	-187500.022352	-23199.523771	944.584721	-6703.466976	-14577.092478	-29787.253414	187500.000000	-17653.027791	-187500.022352	-18524.589363	-29217.887428	-0.038000	0.978000	0.166000	192.000000	0.000000	0.000000	0.000000	0.000000	0.000000	0.000000	0.000000	0.000000	0.000000	1741983482.421595	0.000000
188.000000	-3327.303031	-1871.444508	-21470.705744	-11362.464590	-20005.727709	-187500.022352	-23212.487783	935.375802	-6709.345485	-14566.855379	-29878.157959	187500.000000	-17657.945175	-187500.022352	-18532.099549	-29215.585198	-0.042000	0.982000	0.158000	192.000000	127.000000	88.000000	15.000000	88.000000	2.000000	120.000000	0.000000	0.000000	0.000000	1741983482.421744	0.000000
190.000000	-3334.924976	-1885.950790	-21488.318919	-11375.562713	-20011.472107	-187500.022352	-23222.411957	928.267947	-6714.307572	-14589.788269	-29793.221330	187500.000000	-17660.292108	-187500.022352	-18536.905174	-29231.432585	-0.042000	0.982000	0.158000	192.000000	0.000000	0.000000	0.000000	0.000000	0.000000	0.000000	0.000000	0.000000	0.000000	1741983482.421899	0.000000
192.000000	-3327.504197	-1878.664121	-21475.489017	-11366.107925	-20010.578038	-187500.022352	-23222.724881	929.005555	-6713.525261	-14593.565714	-29856.208546	187500.000000	-17662.504931	-187500.022352	-18549.377447	-29231.901971	-0.042000	0.982000	0.158000	192.000000	0.000000	0.000000	0.000000	0.000000	0.000000	0.000000	0.000000	0.000000	0.000000	1741983482.422039	0.000000
194.000000	-3332.958023	-1881.458090	-21483.245073	-11367.806657	-20016.680064	-187500.022352	-23225.518850	924.602261	-6710.016037	-14592.582237	-29803.234911	187500.000000	-17653.966564	-187500.022352	-18541.733151	-29231.924323	-0.042000	0.982000	0.158000	192.000000	0.000000	0.000000	0.000000	0.000000	0.000000	0.000000	0.000000	0.000000	0.000000	1741983482.422172	0.000000
196.000000	-3323.659697	-1866.013034	-21465.810712	-11356.049640	-19995.803534	-187500.022352	-23199.769640	939.980261	-6714.262869	-14578.143010	-29865.462168	187500.000000	-17660.605033	-187500.022352	-18542.135482	-29225.375262	-0.042000	0.982000	0.158000	192.000000	0.000000	0.000000	0.000000	0.000000	0.000000	0.000000	0.000000	0.000000	0.000000	1741983482.478624	0.000000
198.000000	-3336.064915	-1878.485308	-21480.205236	-11364.565654	-20012.567343	-187500.022352	-23216.511097	932.358316	-6715.827491	-14583.954463	-29821.853914	187500.000000	-17652.513701	-187500.022352	-18524.991694	-29221.419003	-0.042000	0.976000	0.162000	192.000000	127.000000	88.000000	15.000000	64.000000	2.500000	8.000000	0.000000	0.000000	0.000000	1741983482.478812	0.000000
200.000000	-3327.683011	-1869.186982	-21480.786381	-11362.710460	-20004.274846	-187500.022352	-23210.833753	938.303880	-6722.443607	-14579.014728	-29831.152240	187500.000000	-17668.361088	-187500.022352	-18542.694276	-29230.426756	-0.042000	0.976000	0.162000	192.000000	0.000000	0.000000	0.000000	0.000000	0.000000	0.000000	0.000000	0.000000	0.000000	1741983482.478963	0.000000
202.000000	-3319.256403	-1864.314302	-21474.282023	-11355.669660	-20000.899732	-187500.022352	-23209.626759	945.724660	-6709.077264	-14561.513312	-29812.555589	187500.000000	-17653.899509	-187500.022352	-18527.293924	-29220.591989	-0.042000	0.976000	0.162000	192.000000	0.000000	0.000000	0.000000	0.000000	0.000000	0.000000	0.000000	0.000000	0.000000	1741983482.479105	0.000000
204.000000	-3332.265119	-1880.698130	-21484.295605	-11371.315881	-20011.226238	-187500.022352	-23215.527620	933.319441	-6717.481520	-14587.910722	-29821.764508	187500.000000	-17667.601129	-187500.022352	-18538.313334	-29228.258637	-0.042000	0.976000	0.162000	192.000000	0.000000	0.000000	0.000000	0.000000	0.000000	0.000000	0.000000	0.000000	0.000000	1741983482.479249	0.000000
206.000000	-3324.039677	-1872.986778	-21467.196520	-11360.296471	-19997.837543	-187500.022352	-23199.367309	945.188218	-6703.578735	-14586.100231	-29810.275711	187500.000000	-17653.675992	-187500.022352	-18530.914906	-29223.698881	-0.042000	0.976000	0.162000	192.000000	0.000000	0.000000	0.000000	0.000000	0.000000	0.000000	0.000000	0.000000	0.000000	1741983482.479385	0.000000
208.000000	-3329.761723	-1877.032444	-21476.204273	-11364.990337	-20001.726747	-187500.022352	-23200.797820	942.394250	-6704.696322	-14578.143010	-29824.402013	187500.000000	-17653.027791	-187500.022352	-18525.729302	-29216.680433	-0.042000	0.968000	0.158000	192.000000	127.000000	88.000000	15.000000	32.000000	2.000000	120.000000	0.000000	0.000000	0.000000	1741983482.479533	0.000000
210.000000	-3328.353563	-1874.864325	-21471.733924	-11365.973814	-20005.168915	-187500.022352	-23210.923160	935.956947	-6711.133624	-14580.802868	-29832.135717	187500.000000	-17655.285317	-187500.022352	-18525.326970	-29223.631826	-0.042000	0.968000	0.158000	192.000000	0.000000	0.000000	0.000000	0.000000	0.000000	0.000000	0.000000	0.000000	0.000000	1741983482.479682	0.000000
212.000000	-3326.073685	-1876.607761	-21477.120695	-11367.538436	-20002.129078	-187500.022352	-23208.218599	940.427296	-6711.871232	-14573.046812	-29809.068717	187500.000000	-17656.849939	-187500.022352	-18532.457177	-29220.636692	-0.042000	0.968000	0.158000	192.000000	0.000000	0.000000	0.000000	0.000000	0.000000	0.000000	0.000000	0.000000	0.000000	1741983482.538854	0.000000
214.000000	-3333.181540	-1886.286066	-21470.102247	-11373.685166	-20005.727709	-187500.022352	-23210.923160	941.254311	-6700.941229	-14587.418984	-29857.616706	187500.000000	-17647.238689	-187500.022352	-18527.875069	-29224.302378	-0.042000	0.968000	0.158000	192.000000	0.000000	0.000000	0.000000	0.000000	0.000000	0.000000	0.000000	0.000000	0.000000	1741983482.539012	0.000000
216.000000	-3326.364258	-1881.994531	-21477.701840	-11367.314919	-20001.860857	-187500.022352	-23209.872628	944.696479	-6704.562212	-14598.058414	-29818.925836	187500.000000	-17650.345582	-187500.022352	-18538.045113	-29228.035120	-0.042000	0.968000	0.158000	192.000000	0.000000	0.000000	0.000000	0.000000	0.000000	0.000000	0.000000	0.000000	0.000000	1741983482.539147	0.000000
218.000000	-3324.687877	-1873.210296	-21462.323840	-11355.513198	-19993.970691	-187500.022352	-23200.328434	955.537075	-6702.818776	-14574.991414	-29886.897491	187500.000000	-17646.143454	-187500.022352	-18531.317238	-29220.927265	-0.046000	0.966000	0.158000	192.000000	127.000000	72.000000	15.000000	24.000000	2.000000	120.000000	0.000000	0.000000	0.000000	1741983482.539298	0.000000
220.000000	-3343.061011	-1893.148052	-21487.804829	-11372.299358	-20006.577075	-187500.022352	-23212.733652	945.121163	-6709.569002	-14584.177981	-29826.257208	187500.000000	-17655.687649	-187500.022352	-18535.094683	-29222.335425	-0.046000	0.966000	0.158000	192.000000	0.000000	0.000000	0.000000	0.000000	0.000000	0.000000	0.000000	0.000000	0.000000	1741983482.539456	0.000000
222.000000	-3337.942462	-1888.677703	-21476.651308	-11367.471381	-20005.325378	-187500.022352	-23214.052405	945.456439	-6712.094749	-14595.242094	-29879.901395	187500.000000	-17658.280451	-187500.022352	-18546.628183	-29233.868925	-0.046000	0.966000	0.158000	192.000000	0.000000	0.000000	0.000000	0.000000	0.000000	0.000000	0.000000	0.000000	0.000000	1741983482.539593	0.000000
224.000000	-3333.293299	-1884.766148	-21492.901026	-11368.678375	-20008.879305	-187500.022352	-23220.757928	939.063840	-6710.396017	-14581.786344	-29809.269882	187500.000000	-17656.380553	-187500.022352	-18550.137407	-29232.438413	-0.046000	0.966000	0.158000	192.000000	0.000000	0.000000	0.000000	0.000000	0.000000	0.000000	0.000000	0.000000	0.000000	1741983482.539739	0.000000
226.000000	-3328.152398	-1875.601932	-21467.800017	-11356.273157	-20005.660654	-187500.022352	-23208.330358	956.565256	-6704.629267	-14571.146914	-29891.770171	187500.000000	-17648.177463	-187500.022352	-18546.449369	-29223.989454	-0.046000	0.966000	0.158000	192.000000	0.000000	0.000000	0.000000	0.000000	0.000000	0.000000	0.000000	0.000000	0.000000	1741983482.599612	0.000000
228.000000	-3322.542110	-1878.977046	-21477.321860	-11360.542340	-19999.603331	-187500.022352	-23207.235123	946.752840	-6703.288162	-14572.867998	-29796.864664	187500.000000	-17648.937422	-187500.022352	-18539.386218	-29222.894218	-0.044000	0.972000	0.156000	192.000000	127.000000	80.000000	15.000000	48.000000	2.000000	112.000000	0.000000	0.000000	0.000000	1741983482.599789	0.000000
230.000000	-3333.852092	-1887.627171	-21469.766971	-11371.002957	-20003.783107	-187500.022352	-23216.265227	941.053145	-6699.466014	-14583.775650	-29893.513607	187500.000000	-17647.886890	-187500.022352	-18539.766197	-29230.203239	-0.044000	0.972000	0.156000	192.000000	0.000000	0.000000	0.000000	0.000000	0.000000	0.000000	0.000000	0.000000	0.000000	1741983482.599954	0.000000
232.000000	-3330.275813	-1882.016883	-21479.892311	-11366.957291	-19997.211694	-187500.022352	-23203.524733	947.356337	-6707.602049	-14586.837839	-29798.652804	187500.000000	-17652.625460	-187500.022352	-18533.820633	-29234.159498	-0.044000	0.972000	0.156000	192.000000	0.000000	0.000000	0.000000	0.000000	0.000000	0.000000	0.000000	0.000000	0.000000	1741983482.600099	0.000000
234.000000	-3337.473075	-1881.547497	-21473.544416	-11367.225512	-19999.648035	-187500.022352	-23211.057271	940.248482	-6714.620497	-14570.901045	-29873.687610	187500.000000	-17648.535091	-187500.022352	-18537.486319	-29231.566695	-0.044000	0.972000	0.156000	192.000000	0.000000	0.000000	0.000000	0.000000	0.000000	0.000000	0.000000	0.000000	0.000000	1741983482.600242	0.000000
236.000000	-3338.143627	-1889.437662	-21486.553131	-11372.992262	-20008.298160	-187500.022352	-23216.399338	938.996785	-6718.777921	-14585.317920	-29789.645051	187500.000000	-17659.643908	-187500.022352	-18541.353171	-29240.686207	-0.044000	0.972000	0.156000	192.000000	0.000000	0.000000	0.000000	0.000000	0.000000	0.000000	0.000000	0.000000	0.000000	1741983482.600380	0.000000
238.000000	-3328.621784	-1882.687435	-21471.845683	-11366.622015	-19999.715090	-187500.022352	-23208.665634	948.138648	-6716.162767	-14582.814525	-29856.409711	187500.000000	-17658.772189	-187500.022352	-18545.979982	-29234.830050	-0.040000	0.966000	0.158000	192.000000	127.000000	96.000000	15.000000	24.000000	2.000000	120.000000	0.000000	0.000000	0.000000	1741983482.600515	0.000000
240.000000	-3314.897813	-1869.052871	-21475.220796	-11355.401439	-19997.301101	-187500.022352	-23201.133096	953.458363	-6703.712845	-14574.924359	-29783.990059	187500.000000	-17649.742085	-187500.022352	-18535.049979	-29230.136184	-0.040000	0.966000	0.158000	192.000000	0.000000	0.000000	0.000000	0.000000	0.000000	0.000000	0.000000	0.000000	0.000000	1741983482.600671	0.000000
242.000000	-3320.284584	-1870.125755	-21467.129465	-11353.032154	-19999.782145	-187500.022352	-23210.811402	954.084212	-6704.629267	-14561.602719	-29876.928613	187500.000000	-17648.713904	-187500.022352	-18539.855604	-29218.133297	-0.040000	0.966000	0.158000	192.000000	0.000000	0.000000	0.000000	0.000000	0.000000	0.000000	0.000000	0.000000	0.000000	1741983482.659366	0.000000
244.000000	-3325.067857	-1879.334674	-21475.913701	-11361.123486	-20005.638302	-187500.022352	-23211.146678	953.301901	-6703.757549	-14567.391821	-29810.253359	187500.000000	-17647.462207	-187500.022352	-18540.235584	-29228.482154	-0.040000	0.966000	0.158000	192.000000	0.000000	0.000000	0.000000	0.000000	0.000000	0.000000	0.000000	0.000000	0.000000	1741983482.659532	0.000000
246.000000	-3324.084380	-1883.849726	-21469.565805	-11366.242035	-19997.614026	-187500.022352	-23212.510134	942.550712	-6704.919839	-14576.623091	-29865.082188	187500.000000	-17649.786788	-187500.022352	-18546.181148	-29234.450070	-0.042000	0.971000	0.159000	192.000000	127.000000	80.000000	15.000000	64.000000	2.500000	0.000000	0.000000	0.000000	0.000000	1741983482.659686	0.000000
248.000000	-3329.717020	-1885.101424	-21471.510407	-11365.996166	-19992.875456	-187500.022352	-23206.944550	943.243616	-6708.540822	-14581.942806	-29835.242609	187500.000000	-17645.986992	-187500.022352	-18537.128691	-29240.306227	-0.042000	0.971000	0.159000	192.000000	0.000000	0.000000	0.000000	0.000000	0.000000	0.000000	0.000000	0.000000	0.000000	1741983482.659833	0.000000
250.000000	-3327.124217	-1876.384244	-21471.577462	-11362.688108	-19994.797706	-187500.022352	-23205.379928	948.853904	-6712.072398	-14570.766934	-29869.954869	187500.000000	-17644.422370	-187500.022352	-18539.855604	-29230.203239	-0.042000	0.971000	0.159000	192.000000	0.000000	0.000000	0.000000	0.000000	0.000000	0.000000	0.000000	0.000000	0.000000	1741983482.659971	0.000000
252.000000	-3335.260252	-1886.107252	-21481.099305	-11374.534532	-20001.860857	-187500.022352	-23213.381852	939.913206	-6713.033523	-14575.281987	-29848.296028	187500.000000	-17649.250346	-187500.022352	-18541.867261	-29243.256658	-0.042000	0.971000	0.159000	192.000000	0.000000	0.000000	0.000000	0.000000	0.000000	0.000000	0.000000	0.000000	0.000000	1741983482.660120	0.000000
254.000000	-3332.555691	-1885.235534	-21480.093477	-11373.171076	-19994.887113	-187500.022352	-23209.291483	946.819895	-6708.585526	-14580.780516	-29856.186194	187500.000000	-17648.490387	-187500.022352	-18539.743845	-29234.293608	-0.042000	0.971000	0.159000	192.000000	0.000000	0.000000	0.000000	0.000000	0.000000	0.000000	0.000000	0.000000	0.000000	1741983482.660266	0.000000
0.000000	-3345.854979	-1896.009075	-21489.838837	-11381.262407	-20010.086299	-187500.022352	-23227.910486	933.297090	-6723.583546	-14589.497696	-29843.333941	187500.000000	-17657.185216	-187500.022352	-18546.628183	-29245.201259	-0.043000	0.969500	0.159500	192.000000	127.000000	80.000000	15.000000	32.000000	2.500000	0.000000	0.000000	0.000000	0.000000	1741983482.718351	0.000000
2.000000	-3333.069781	-1882.128642	-21482.149837	-11369.259521	-19994.171857	-187500.022352	-23206.542219	943.511837	-6730.333773	-14579.439411	-29822.747984	187500.000000	-17661.879082	-187500.022352	-18554.764218	-29242.116719	-0.043000	0.969500	0.159500	192.000000	0.000000	0.000000	0.000000	0.000000	0.000000	0.000000	0.000000	0.000000	0.000000	1741983482.718527	0.000000
4.000000	-3338.635366	-1889.191793	-21475.153741	-11371.785268	-20003.090203	-187500.022352	-23213.583018	952.139610	-6714.195813	-14577.383051	-29851.000589	187500.000000	-17645.048218	-187500.022352	-18537.978058	-29233.466593	-0.043000	0.969500	0.159500	192.000000	0.000000	0.000000	0.000000	0.000000	0.000000	0.000000	0.000000	0.000000	0.000000	1741983482.718669	0.000000
6.000000	-3330.365220	-1879.938171	-21475.489017	-11361.972852	-19997.211694	-187500.022352	-23204.396451	963.941331	-6716.207470	-14564.642556	-29820.423403	187500.000000	-17651.619631	-187500.022352	-18542.247241	-29227.744547	-0.043000	0.969500	0.159500	192.000000	0.000000	0.000000	0.000000	0.000000	0.000000	0.000000	0.000000	0.000000	0.000000	1741983482.718821	0.000000
8.000000	-3332.309822	-1874.149069	-21467.576500	-11355.826122	-19995.691776	-187500.022352	-23200.171971	964.209552	-6718.397941	-14561.088629	-29859.606011	187500.000000	-17647.261041	-187500.022352	-18537.486319	-29225.956407	-0.043000	0.969500	0.159500	192.000000	0.000000	0.000000	0.000000	0.000000	0.000000	0.000000	0.000000	0.000000	0.000000	1741983482.718969	0.000000
10.000000	-3345.385593	-1889.370607	-21491.716384	-11370.310053	-20009.683968	-187500.022352	-23215.393509	956.967587	-6726.422218	-14570.476362	-29811.415650	187500.000000	-17652.312535	-187500.022352	-18544.817691	-29230.985550	-0.040500	0.971750	0.159750	192.000000	127.000000	104.000000	15.000000	56.000000	2.500000	0.000000	0.000000	0.000000	0.000000	1741983482.719105	0.000000
12.000000	-3340.356450	-1891.225802	-21474.192616	-11366.800829	-20000.005662	-187500.022352	-23207.324530	962.756689	-6725.662258	-14587.575446	-29859.941287	187500.000000	-17653.519530	-187500.022352	-18547.924584	-29233.667759	-0.040500	0.971750	0.159750	192.000000	0.000000	0.000000	0.000000	0.000000	0.000000	0.000000	0.000000	0.000000	0.000000	1741983482.719259	0.000000
14.000000	-3337.964813	-1889.325904	-21488.140105	-11370.287701	-19994.350671	-187500.022352	-23198.964977	960.767384	-6719.224956	-14580.713461	-29795.501208	187500.000000	-17650.323230	-187500.022352	-18544.147139	-29230.426756	-0.040500	0.971750	0.159750	192.000000	0.000000	0.000000	0.000000	0.000000	0.000000	0.000000	0.000000	0.000000	0.000000	1741983482.719395	0.000000
16.000000	-3345.027965	-1889.996456	-21476.852474	-11372.858152	-19999.089241	-187500.022352	-23210.163201	953.704232	-6721.996572	-14571.035155	-29871.743008	187500.000000	-17650.926727	-187500.022352	-18540.816729	-29231.454936	-0.040500	0.971750	0.159750	192.000000	0.000000	0.000000	0.000000	0.000000	0.000000	0.000000	0.000000	0.000000	0.000000	1741983482.779443	0.000000
18.000000	-3340.870540	-1890.532898	-21487.178980	-11375.115678	-20006.130040	-187500.022352	-23216.444041	950.306767	-6724.075284	-14583.328615	-29774.423513	187500.000000	-17650.412637	-187500.022352	-18545.063561	-29236.238210	-0.040500	0.971750	0.159750	192.000000	0.000000	0.000000	0.000000	0.000000	0.000000	0.000000	0.000000	0.000000	0.000000	1741983482.779619	0.000000
20.000000	-3331.818084	-1883.201526	-21463.687296	-11368.745431	-20001.212657	-187500.022352	-23211.191381	956.229980	-6710.597183	-14577.919492	-29861.483557	187500.000000	-17642.388361	-187500.022352	-18543.051904	-29233.466593	-0.037250	0.971875	0.160875	192.000000	127.000000	120.000000	15.000000	48.000000	2.500000	8.000000	0.000000	0.000000	0.000000	1741983482.779768	0.000000
22.000000	-3335.886101	-1889.929401	-21486.173151	-11374.311015	-20003.403128	-187500.022352	-23205.424631	951.402003	-6715.268697	-14580.311129	-29781.307850	187500.000000	-17646.456378	-187500.022352	-18540.593212	-29239.345102	-0.037250	0.971875	0.160875	192.000000	0.000000	0.000000	0.000000	0.000000	0.000000	0.000000	0.000000	0.000000	0.000000	1741983482.779918	0.000000
24.000000	-3336.266081	-1885.973142	-21470.616337	-11365.996166	-19994.775354	-187500.022352	-23207.324530	950.753802	-6719.828453	-14578.254769	-29865.261002	187500.000000	-17646.590489	-187500.022352	-18546.024686	-29232.036082	-0.037250	0.971875	0.160875	192.000000	0.000000	0.000000	0.000000	0.000000	0.000000	0.000000	0.000000	0.000000	0.000000	1741983482.780045	0.000000
26.000000	-3340.982299	-1893.013941	-21483.200369	-11372.634634	-20002.464354	-187500.022352	-23212.510134	949.457401	-6717.347409	-14579.975853	-29766.779216	187500.000000	-17644.243556	-187500.022352	-18543.409532	-29233.220724	-0.037250	0.971875	0.160875	192.000000	0.000000	0.000000	0.000000	0.000000	0.000000	0.000000	0.000000	0.000000	0.000000	1741983482.780189	0.000000
28.000000	-3338.724773	-1893.438625	-21468.179997	-11374.243960	-20003.336072	-187500.022352	-23213.337149	950.418526	-6712.251212	-14592.604589	-29847.021979	187500.000000	-17648.065704	-187500.022352	-18551.187939	-29237.199335	-0.037250	0.971875	0.160875	192.000000	0.000000	0.000000	0.000000	0.000000	0.000000	0.000000	0.000000	0.000000	0.000000	1741983482.780330	0.000000
30.000000	-3332.153360	-1885.660217	-21479.355869	-11373.059317	-19995.937645	-187500.022352	-23201.446021	958.107526	-6713.525261	-14585.988472	-29772.255394	187500.000000	-17643.349486	-187500.022352	-18545.242375	-29238.518088	-0.039625	0.973938	0.160438	192.000000	127.000000	88.000000	15.000000	64.000000	2.500000	0.000000	0.000000	0.000000	0.000000	1741983482.780479	0.000000
32.000000	-3334.634404	-1882.016883	-21472.069201	-11374.065146	-20000.318587	-187500.022352	-23206.028128	961.996730	-6714.620497	-14563.189693	-29868.278488	187500.000000	-17639.616744	-187500.022352	-18545.801168	-29230.784384	-0.039625	0.973938	0.160438	192.000000	0.000000	0.000000	0.000000	0.000000	0.000000	0.000000	0.000000	0.000000	0.000000	1741983482.839812	0.000000
34.000000	-3345.922034	-1896.009075	-21485.815523	-11383.654044	-20009.303988	-187500.022352	-23217.405166	955.201799	-6726.869253	-14583.283911	-29788.348650	187500.000000	-17649.920899	-187500.022352	-18554.875976	-29247.458785	-0.039625	0.973938	0.160438	192.000000	0.000000	0.000000	0.000000	0.000000	0.000000	0.000000	0.000000	0.000000	0.000000	1741983482.839998	0.000000
36.000000	-3335.528473	-1889.124738	-21469.789323	-11376.367375	-19996.071755	-187500.022352	-23203.971768	956.922884	-6723.158863	-14587.083708	-29839.288275	187500.000000	-17651.887852	-187500.022352	-18559.502788	-29243.614285	-0.039625	0.973938	0.160438	192.000000	0.000000	0.000000	0.000000	0.000000	0.000000	0.000000	0.000000	0.000000	0.000000	1741983482.840137	0.000000
38.000000	-3330.722848	-1884.520279	-21471.532759	-11372.701689	-19991.869627	-187500.022352	-23201.982463	954.799468	-6707.870270	-14578.813562	-29788.616870	187500.000000	-17635.012285	-187500.022352	-18535.184090	-29235.545306	-0.039625	0.973938	0.160438	192.000000	0.000000	0.000000	0.000000	0.000000	0.000000	0.000000	0.000000	0.000000	0.000000	1741983482.840290	0.000000
40.000000	-3332.712154	-1883.201526	-21480.093477	-11376.166210	-19995.825886	-187500.022352	-23207.101012	949.591511	-6719.292011	-14575.840780	-29834.370891	187500.000000	-17648.937422	-187500.022352	-18550.048000	-29243.323713	-0.041813	0.971969	0.160219	192.000000	127.000000	80.000000	15.000000	40.000000	2.500000	0.000000	0.000000	0.000000	0.000000	1741983482.840436	0.000000
42.000000	-3333.516816	-1883.961485	-21484.161494	-11377.864942	-19995.043575	-187500.022352	-23205.938721	954.754764	-6716.945078	-14578.724155	-29801.267958	187500.000000	-17641.650753	-187500.022352	-18547.835177	-29243.726044	-0.041813	0.971969	0.160219	192.000000	0.000000	0.000000	0.000000	0.000000	0.000000	0.000000	0.000000	0.000000	0.000000	1741983482.840590	0.000000
44.000000	-3327.347735	-1877.434776	-21482.172189	-11376.412079	-19994.618892	-187500.022352	-23201.736593	952.765459	-6714.464034	-14578.165362	-29825.497249	187500.000000	-17648.646849	-187500.022352	-18550.875014	-29240.842669	-0.041813	0.971969	0.160219	192.000000	0.000000	0.000000	0.000000	0.000000	0.000000	0.000000	0.000000	0.000000	0.000000	1741983482.840730	0.000000
46.000000	-3326.990107	-1870.483383	-21475.757238	-11373.081669	-19990.349709	-187500.022352	-23200.283730	960.007424	-6702.215278	-14573.672661	-29807.213522	187500.000000	-17638.946192	-187500.022352	-18533.798281	-29233.958332	-0.041813	0.971969	0.160219	192.000000	0.000000	0.000000	0.000000	0.000000	0.000000	0.000000	0.000000	0.000000	0.000000	1741983482.901498	0.000000
48.000000	-3323.480883	-1864.671929	-21479.422924	-11368.141933	-19985.722898	-187500.022352	-23200.283730	950.239712	-6706.126834	-14574.879655	-29814.991929	187500.000000	-17642.209547	-187500.022352	-18540.012066	-29233.131317	-0.041813	0.971969	0.160219	192.000000	0.000000	0.000000	0.000000	0.000000	0.000000	0.000000	0.000000	0.000000	0.000000	1741983482.901671	0.000000
50.000000	-3332.376877	-1872.159764	-21474.885520	-11370.891198	-19996.362328	-187500.022352	-23209.827925	946.395212	-6700.829470	-14579.752336	-29830.504040	187500.000000	-17634.922878	-187500.022352	-18530.892555	-29230.292646	-0.047906	0.968984	0.160109	192.000000	127.000000	40.000000	15.000000	24.000000	2.500000	0.000000	0.000000	0.000000	0.000000	1741983482.901829	0.000000
52.000000	-3322.966793	-1862.526162	-21480.987547	-11371.561750	-19995.580017	-187500.022352	-23209.135021	936.560444	-6708.697284	-14586.346100	-29793.400144	187500.000000	-17650.122064	-187500.022352	-18548.729247	-29238.920419	-0.047906	0.968984	0.160109	192.000000	0.000000	0.000000	0.000000	0.000000	0.000000	0.000000	0.000000	0.000000	0.000000	1741983482.901979	0.000000
54.000000	-3327.794770	-1859.933360	-21478.126523	-11372.724041	-20000.251532	-187500.022352	-23214.767660	932.939462	-6704.293991	-14580.020556	-29830.369929	187500.000000	-17642.656582	-187500.022352	-18542.984848	-29239.032178	-0.047906	0.968984	0.160109	192.000000	0.000000	0.000000	0.000000	0.000000	0.000000	0.000000	0.000000	0.000000	0.000000	1741983482.902118	0.000000
56.000000	-3323.838511	-1857.631130	-21485.949634	-11368.387803	-19996.027052	-187500.022352	-23207.637454	945.881122	-6706.305648	-14577.628920	-29800.396240	187500.000000	-17650.502044	-187500.022352	-18544.035380	-29233.868925	-0.047906	0.968984	0.160109	192.000000	0.000000	0.000000	0.000000	0.000000	0.000000	0.000000	0.000000	0.000000	0.000000	1741983482.902264	0.000000
58.000000	-3326.543072	-1862.414403	-21476.539549	-11371.248826	-20003.894866	-187500.022352	-23217.338111	936.940424	-6703.690494	-14586.077879	-29851.112348	187500.000000	-17650.077361	-187500.022352	-18538.626258	-29232.393710	-0.047906	0.968984	0.160109	192.000000	0.000000	0.000000	0.000000	0.000000	0.000000	0.000000	0.000000	0.000000	0.000000	1741983482.902401	0.000000
60.000000	-3312.573232	-1851.372641	-21476.651308	-11365.593835	-19992.763697	-187500.022352	-23205.804611	934.079401	-6702.885831	-14590.190600	-29787.454580	187500.000000	-17653.452474	-187500.022352	-18544.325953	-29238.093405	-0.043953	0.969492	0.159055	192.000000	127.000000	96.000000	15.000000	40.000000	2.000000	120.000000	0.000000	0.000000	0.000000	1741983482.902547	0.000000
62.000000	-3323.123255	-1855.507714	-21469.185825	-11367.113753	-20004.967750	-187500.022352	-23220.243838	934.615843	-6701.052988	-14587.709557	-29856.812043	187500.000000	-17649.742085	-187500.022352	-18535.139386	-29227.319864	-0.043953	0.969492	0.159055	192.000000	0.000000	0.000000	0.000000	0.000000	0.000000	0.000000	0.000000	0.000000	0.000000	1741983482.959519	0.000000
64.000000	-3331.214587	-1864.180191	-21490.263521	-11373.305186	-20010.399224	-187500.022352	-23220.020320	934.280566	-6710.060741	-14592.336368	-29764.678152	187500.000000	-17663.130780	-187500.022352	-18547.566956	-29228.571561	-0.043953	0.969492	0.159055	192.000000	0.000000	0.000000	0.000000	0.000000	0.000000	0.000000	0.000000	0.000000	0.000000	1741983482.959697	0.000000
66.000000	-3320.776322	-1855.306549	-21466.861244	-11359.782381	-20001.279712	-187500.022352	-23217.025187	935.979299	-6704.316342	-14593.275141	-29841.679912	187500.000000	-17659.085114	-187500.022352	-18548.930412	-29224.369433	-0.043953	0.969492	0.159055	192.000000	0.000000	0.000000	0.000000	0.000000	0.000000	0.000000	0.000000	0.000000	0.000000	1741983482.959840	0.000000
68.000000	-3324.866691	-1863.017900	-21489.794134	-11372.388765	-20014.802517	-187500.022352	-23232.134966	918.343773	-6700.561249	-14600.315940	-29766.175719	187500.000000	-17658.839245	-187500.022352	-18546.024686	-29229.756204	-0.043953	0.969492	0.159055	192.000000	0.000000	0.000000	0.000000	0.000000	0.000000	0.000000	0.000000	0.000000	0.000000	1741983482.959974	0.000000
70.000000	-3315.702476	-1850.120944	-21470.325764	-11365.280910	-20009.125174	-187500.022352	-23224.065986	918.679049	-6705.076302	-14599.131298	-29844.093900	187500.000000	-17664.181312	-187500.022352	-18551.433808	-29235.165326	-0.037977	0.969746	0.158527	192.000000	127.500000	0.000000	15.000000	40.000000	2.000000	120.000000	0.000000	0.000000	0.000000	1741983482.960115	0.000000
72.000000	-3307.968772	-1844.644766	-21467.755314	-11360.698803	-20001.659692	-187500.022352	-23209.894980	929.743162	-6696.046197	-14589.184772	-29766.846271	187500.000000	-17655.307669	-187500.022352	-18535.854642	-29223.609474	-0.037977	0.969746	0.158527	192.000000	0.000000	0.000000	0.000000	0.000000	0.000000	0.000000	0.000000	0.000000	0.000000	1741983482.960272	0.000000
74.000000	-3313.690819	-1851.327938	-21458.077008	-11364.163323	-20004.855991	-187500.022352	-23223.261323	919.304898	-6693.207525	-14589.095365	-29854.129833	187500.000000	-17651.753742	-187500.022352	-18534.535889	-29223.475364	-0.037977	0.969746	0.158527	192.000000	0.000000	0.000000	0.000000	0.000000	0.000000	0.000000	0.000000	0.000000	0.000000	1741983482.960411	0.000000
76.000000	-3309.108711	-1849.584502	-21476.494846	-11366.219683	-20005.615950	-187500.022352	-23228.513983	914.231052	-6691.620552	-14591.196429	-29760.721893	187500.000000	-17655.955870	-187500.022352	-18541.040247	-29228.862134	-0.037977	0.969746	0.158527	192.000000	0.000000	0.000000	0.000000	0.000000	0.000000	0.000000	0.000000	0.000000	0.000000	1741983483.019215	0.000000
78.000000	-3306.828833	-1845.136505	-21469.074067	-11366.487904	-20005.951226	-187500.022352	-23222.277847	918.164959	-6690.659427	-14585.742603	-29852.364046	187500.000000	-17658.168692	-187500.022352	-18544.974154	-29228.415099	-0.037977	0.969746	0.158527	192.000000	0.000000	0.000000	0.000000	0.000000	0.000000	0.000000	0.000000	0.000000	0.000000	1741983483.019407	0.000000
80.000000	-3316.931822	-1854.770107	-21485.122619	-11378.133163	-20017.417671	-187500.022352	-23229.720978	917.695572	-6696.515584	-14592.783403	-29771.853062	187500.000000	-17658.481617	-187500.022352	-18540.637915	-29229.264465	-0.031988	0.967873	0.157264	192.000000	127.500000	24.000000	15.000000	24.000000	2.000000	112.000000	0.000000	0.000000	0.000000	1741983483.019548	0.000000
82.000000	-3319.569328	-1862.079127	-21484.273253	-11383.475230	-20020.368102	-187500.022352	-23236.806481	909.336020	-6706.015075	-14606.060339	-29831.666330	187500.000000	-17669.255158	-187500.022352	-18560.463913	-29241.826146	-0.031988	0.967873	0.157264	192.000000	0.000000	0.000000	0.000000	0.000000	0.000000	0.000000	0.000000	0.000000	0.000000	1741983483.019712	0.000000
84.000000	-3319.904604	-1865.409537	-21490.285872	-11378.423736	-20014.869573	-187500.022352	-23224.624780	920.869520	-6701.857651	-14599.555981	-29768.679114	187500.000000	-17660.985012	-187500.022352	-18554.987735	-29242.742567	-0.031988	0.967873	0.157264	192.000000	0.000000	0.000000	0.000000	0.000000	0.000000	0.000000	0.000000	0.000000	0.000000	1741983483.019852	0.000000
86.000000	-3316.082456	-1858.234627	-21484.764991	-11372.232303	-20012.813212	-187500.022352	-23224.893001	919.103732	-6709.121967	-14595.420908	-29825.027862	187500.000000	-17667.489370	-187500.022352	-18561.156817	-29240.395634	-0.031988	0.967873	0.157264	192.000000	0.000000	0.000000	0.000000	0.000000	0.000000	0.000000	0.000000	0.000000	0.000000	1741983483.019991	0.000000
88.000000	-3307.454682	-1848.422211	-21477.254805	-11362.397535	-20007.337035	-187500.022352	-23212.666596	934.571139	-6702.841127	-14587.039004	-29784.727667	187500.000000	-17657.989878	-187500.022352	-18545.532947	-29227.230457	-0.031988	0.967873	0.157264	192.000000	0.000000	0.000000	0.000000	0.000000	0.000000	0.000000	0.000000	0.000000	0.000000	1741983483.020128	0.000000
90.000000	-3310.069836	-1854.233665	-21477.008936	-11361.905797	-20010.734500	-187500.022352	-23217.025187	936.113410	-6710.932459	-14585.027347	-29824.446717	187500.000000	-17658.906300	-187500.022352	-18551.389104	-29223.788288	-0.035994	0.970937	0.156632	192.000000	127.000000	96.000000	15.000000	56.000000	2.000000	112.000000	0.000000	0.000000	0.000000	1741983483.020261	0.000000
92.000000	-3315.948345	-1862.503810	-21476.785419	-11366.376146	-20010.645093	-187500.022352	-23214.968826	937.096886	-6705.500985	-14587.977777	-29811.482705	187500.000000	-17653.184253	-187500.022352	-18545.354133	-29220.301416	-0.035994	0.970937	0.156632	192.000000	0.000000	0.000000	0.000000	0.000000	0.000000	0.000000	0.000000	0.000000	0.000000	1741983483.079524	0.000000
94.000000	-3323.659697	-1868.404671	-21486.486076	-11376.903817	-20008.588732	-187500.022352	-23210.252608	930.994860	-6720.588412	-14584.423850	-29832.918028	187500.000000	-17661.096771	-187500.022352	-18550.740904	-29228.057471	-0.035994	0.970937	0.156632	192.000000	0.000000	0.000000	0.000000	0.000000	0.000000	0.000000	0.000000	0.000000	0.000000	1741983483.079704	0.000000
96.000000	-3311.276831	-1857.407612	-21474.594948	-11373.461649	-20006.442965	-187500.022352	-23213.158335	926.077476	-6714.531090	-14585.027347	-29821.384528	187500.000000	-17651.060838	-187500.022352	-18542.604869	-29234.159498	-0.035994	0.970937	0.156632	192.000000	0.000000	0.000000	0.000000	0.000000	0.000000	0.000000	0.000000	0.000000	0.000000	1741983483.079844	0.000000
98.000000	-3307.477034	-1855.328900	-21476.852474	-11370.444163	-20003.648997	-187500.022352	-23208.665634	934.437029	-6709.613706	-14582.591007	-29815.237798	187500.000000	-17654.659468	-187500.022352	-18545.622354	-29235.545306	-0.035994	0.970937	0.156632	192.000000	0.000000	0.000000	0.000000	0.000000	0.000000	0.000000	0.000000	0.000000	0.000000	1741983483.079992	0.000000
100.000000	-3316.328325	-1860.223932	-21475.310203	-11372.299358	-20009.907485	-187500.022352	-23221.070852	929.296127	-6702.327037	-14577.092478	-29840.629380	187500.000000	-17644.645887	-187500.022352	-18534.178261	-29230.806736	-0.037997	0.971468	0.158316	192.000000	127.000000	96.000000	15.000000	48.000000	2.500000	0.000000	0.000000	0.000000	0.000000	1741983483.080133	0.000000
102.000000	-3311.969735	-1853.965444	-21494.577407	-11375.249788	-20016.791823	-187500.022352	-23222.546068	924.825779	-6717.392113	-14585.072051	-29803.369022	187500.000000	-17664.807160	-187500.022352	-18555.792398	-29240.485041	-0.037997	0.971468	0.158316	192.000000	0.000000	0.000000	0.000000	0.000000	0.000000	0.000000	0.000000	0.000000	0.000000	1741983483.080282	0.000000
104.000000	-3320.552805	-1864.962502	-21482.060430	-11377.529666	-20017.261209	-187500.022352	-23222.099033	931.285433	-6713.815834	-14576.354870	-29856.275601	187500.000000	-17658.325155	-187500.022352	-18551.970250	-29235.969989	-0.037997	0.971468	0.158316	192.000000	0.000000	0.000000	0.000000	0.000000	0.000000	0.000000	0.000000	0.000000	0.000000	1741983483.080434	0.000000
106.000000	-3314.093150	-1860.201581	-21488.542436	-11373.036965	-20009.728671	-187500.022352	-23215.326454	936.381630	-6711.670066	-14578.143010	-29801.267958	187500.000000	-17660.202701	-187500.022352	-18550.472683	-29231.432585	-0.037997	0.971468	0.158316	192.000000	0.000000	0.000000	0.000000	0.000000	0.000000	0.000000	0.000000	0.000000	0.000000	1741983483.140121	0.000000
108.000000	-3321.133950	-1860.492153	-21477.075991	-11371.807620	-20010.823907	-187500.022352	-23221.093204	931.196026	-6707.646752	-14567.660042	-29869.038447	187500.000000	-17649.160939	-187500.022352	-18547.946936	-29224.995282	-0.037997	0.971468	0.158316	192.000000	0.000000	0.000000	0.000000	0.000000	0.000000	0.000000	0.000000	0.000000	0.000000	1741983483.140272	0.000000
110.000000	-3325.336078	-1866.437717	-21496.052622	-11378.580198	-20009.348692	-187500.022352	-23214.991178	929.787866	-6721.169558	-14575.505504	-29802.005565	187500.000000	-17666.885873	-187500.022352	-18554.585404	-29234.181849	-0.040999	0.973734	0.162158	192.000000	127.000000	80.000000	15.000000	64.000000	2.500000	24.000000	0.000000	0.000000	0.000000	1741983483.140408	0.000000
112.000000	-3324.486712	-1866.348310	-21481.926320	-11378.513143	-20016.031863	-187500.022352	-23222.255495	923.194101	-6716.922726	-14589.341234	-29875.676915	187500.000000	-17659.800370	-187500.022352	-18555.501825	-29236.774652	-0.040999	0.973734	0.162158	192.000000	0.000000	0.000000	0.000000	0.000000	0.000000	0.000000	0.000000	0.000000	0.000000	1741983483.140548	0.000000
114.000000	-3311.366238	-1859.799249	-21486.977814	-11372.925207	-20011.405052	-187500.022352	-23214.208867	934.057049	-6714.151110	-14594.996225	-29797.870493	187500.000000	-17660.895605	-187500.022352	-18552.797264	-29237.244038	-0.040999	0.973734	0.162158	192.000000	0.000000	0.000000	0.000000	0.000000	0.000000	0.000000	0.000000	0.000000	0.000000	1741983483.140695	0.000000
116.000000	-3320.731618	-1862.369700	-21475.421962	-11370.555922	-20018.289389	-187500.022352	-23223.373082	931.955985	-6704.383398	-14576.377222	-29889.959680	187500.000000	-17651.820797	-187500.022352	-18545.152968	-29225.487021	-0.040999	0.973734	0.162158	192.000000	0.000000	0.000000	0.000000	0.000000	0.000000	0.000000	0.000000	0.000000	0.000000	1741983483.140847	0.000000
118.000000	-3316.596546	-1856.670005	-21488.251864	-11370.690032	-20012.701453	-187500.022352	-23215.482916	930.033735	-6715.291049	-14574.365565	-29793.847179	187500.000000	-17661.476751	-187500.022352	-18545.957630	-29232.483117	-0.040999	0.973734	0.162158	192.000000	0.000000	0.000000	0.000000	0.000000	0.000000	0.000000	0.000000	0.000000	0.000000	1741983483.140987	0.000000
120.000000	-3314.160206	-1852.534932	-21474.662003	-11370.466515	-20010.689796	-187500.022352	-23223.104861	925.228110	-6712.944116	-14579.461763	-29885.444627	187500.000000	-17661.208530	-187500.022352	-18548.550433	-29236.752300	-0.042499	0.972867	0.166079	192.000000	127.000000	80.000000	15.000000	48.000000	2.500000	40.000000	0.000000	0.000000	0.000000	1741983483.141137	0.000000
122.000000	-3316.305973	-1858.480496	-21489.011823	-11373.126372	-20009.102822	-187500.022352	-23219.081547	927.955023	-6712.318267	-14580.177019	-29799.457467	187500.000000	-17659.398038	-187500.022352	-18544.281250	-29235.344140	-0.042499	0.972867	0.166079	192.000000	0.000000	0.000000	0.000000	0.000000	0.000000	0.000000	0.000000	0.000000	0.000000	1741983483.200019	0.000000
124.000000	-3316.440084	-1852.356118	-21471.823331	-11361.279948	-20000.922084	-187500.022352	-23210.856105	933.855883	-6705.344523	-14570.923396	-29896.486389	187500.000000	-17656.715829	-187500.022352	-18539.855604	-29226.269332	-0.042499	0.972867	0.166079	192.000000	0.000000	0.000000	0.000000	0.000000	0.000000	0.000000	0.000000	0.000000	0.000000	1741983483.200185	0.000000
126.000000	-3321.335116	-1859.016938	-21488.564788	-11370.645329	-20007.694663	-187500.022352	-23215.281751	933.252386	-6715.603973	-14572.465667	-29813.382603	187500.000000	-17657.945175	-187500.022352	-18540.012066	-29232.080785	-0.042499	0.972867	0.166079	192.000000	0.000000	0.000000	0.000000	0.000000	0.000000	0.000000	0.000000	0.000000	0.000000	1741983483.200334	0.000000
128.000000	-3320.642212	-1858.748717	-21480.965195	-11370.980605	-20013.461413	-187500.022352	-23223.708358	932.805351	-6716.475691	-14583.507429	-29886.383401	187500.000000	-17669.098695	-187500.022352	-18545.957630	-29228.437451	-0.042499	0.972867	0.166079	192.000000	0.000000	0.000000	0.000000	0.000000	0.000000	0.000000	0.000000	0.000000	0.000000	1741983483.200476	0.000000
130.000000	-3315.858938	-1859.218104	-21490.196465	-11371.785268	-20008.365215	-187500.022352	-23217.025187	930.704287	-6714.955773	-14579.931149	-29804.978347	187500.000000	-17664.807160	-187500.022352	-18545.600002	-29236.797003	-0.041250	0.970434	0.164039	192.000000	127.000000	96.000000	15.000000	32.000000	2.500000	8.000000	0.000000	0.000000	0.000000	1741983483.200613	0.000000
132.000000	-3321.983316	-1861.430926	-21477.724192	-11368.700727	-20006.577075	-187500.022352	-23216.198172	939.712040	-6708.473767	-14573.851475	-29886.338697	187500.000000	-17657.341678	-187500.022352	-18543.588345	-29226.649311	-0.041250	0.970434	0.164039	192.000000	0.000000	0.000000	0.000000	0.000000	0.000000	0.000000	0.000000	0.000000	0.000000	1741983483.200763	0.000000
134.000000	-3325.559595	-1870.148107	-21484.630881	-11370.354756	-20007.918180	-187500.022352	-23206.497515	941.835456	-6722.510662	-14586.793135	-29812.399127	187500.000000	-17668.629309	-187500.022352	-18543.074255	-29235.746471	-0.041250	0.970434	0.164039	192.000000	0.000000	0.000000	0.000000	0.000000	0.000000	0.000000	0.000000	0.000000	0.000000	1741983483.200898	0.000000
136.000000	-3324.374953	-1873.612627	-21479.959366	-11374.713346	-20010.600389	-187500.022352	-23219.238009	934.146456	-6718.710866	-14579.908798	-29868.524357	187500.000000	-17663.264890	-187500.022352	-18542.068427	-29227.632788	-0.041250	0.970434	0.164039	192.000000	0.000000	0.000000	0.000000	0.000000	0.000000	0.000000	0.000000	0.000000	0.000000	1741983483.261763	0.000000
138.000000	-3315.300145	-1867.242380	-21479.422924	-11368.544265	-19998.239875	-187500.022352	-23197.020375	949.882084	-6719.537880	-14586.122583	-29822.747984	187500.000000	-17662.571986	-187500.022352	-18544.460064	-29235.724120	-0.041250	0.970434	0.164039	192.000000	0.000000	0.000000	0.000000	0.000000	0.000000	0.000000	0.000000	0.000000	0.000000	1741983483.261956	0.000000
140.000000	-3325.604299	-1871.176287	-21481.814561	-11378.781364	-20011.539163	-187500.022352	-23212.666596	937.499218	-6714.016999	-14582.769821	-29873.419389	187500.000000	-17657.229919	-187500.022352	-18542.336648	-29228.638617	-0.039625	0.970217	0.161020	192.000000	127.000000	104.000000	15.000000	40.000000	2.000000	120.000000	0.000000	0.000000	0.000000	1741983483.262095	0.000000
142.000000	-3332.108656	-1879.737005	-21488.564788	-11388.571428	-20022.044482	-187500.022352	-23225.094166	931.173674	-6723.382380	-14602.171135	-29821.585694	187500.000000	-17668.383440	-187500.022352	-18551.702029	-29252.890259	-0.039625	0.970217	0.161020	192.000000	0.000000	0.000000	0.000000	0.000000	0.000000	0.000000	0.000000	0.000000	0.000000	1741983483.262249	0.000000
144.000000	-3318.652906	-1868.494078	-21483.647404	-11376.434431	-20011.092128	-187500.022352	-23213.940646	937.990956	-6717.168595	-14585.787307	-29830.235819	187500.000000	-17662.616690	-187500.022352	-18554.920680	-29240.842669	-0.039625	0.970217	0.161020	192.000000	0.000000	0.000000	0.000000	0.000000	0.000000	0.000000	0.000000	0.000000	0.000000	1741983483.262386	0.000000
146.000000	-3313.377895	-1864.314302	-21476.450142	-11367.806657	-20008.096994	-187500.022352	-23213.381852	938.929729	-6712.720598	-14575.237283	-29830.302874	187500.000000	-17655.285317	-187500.022352	-18545.041209	-29236.193506	-0.039625	0.970217	0.161020	192.000000	0.000000	0.000000	0.000000	0.000000	0.000000	0.000000	0.000000	0.000000	0.000000	1741983483.262535	0.000000
148.000000	-3309.511043	-1858.100517	-21479.892311	-11366.018518	-20004.900694	-187500.022352	-23213.404204	933.677069	-6709.971334	-14571.929225	-29823.329130	187500.000000	-17651.239652	-187500.022352	-18546.315258	-29231.253771	-0.039625	0.970217	0.161020	192.000000	0.000000	0.000000	0.000000	0.000000	0.000000	0.000000	0.000000	0.000000	0.000000	1741983483.262680	0.000000
150.000000	-3319.792845	-1865.409537	-21476.986584	-11371.002957	-20019.362273	-187500.022352	-23226.412919	930.637232	-6708.429063	-14582.568655	-29852.475804	187500.000000	-17651.262003	-187500.022352	-18543.878918	-29239.300399	-0.039812	0.972108	0.156510	192.000000	127.000000	96.000000	15.000000	56.000000	2.000000	96.000000	0.000000	0.000000	0.000000	1741983483.262856	0.000000
152.000000	-3322.698572	-1870.170459	-21493.146896	-11373.975739	-20012.813212	-187500.022352	-23218.790974	928.469113	-6719.359066	-14587.798964	-29800.843275	187500.000000	-17663.376649	-187500.022352	-18555.926508	-29241.334407	-0.039812	0.972108	0.156510	192.000000	0.000000	0.000000	0.000000	0.000000	0.000000	0.000000	0.000000	0.000000	0.000000	1741983483.320949	0.000000
154.000000	-3323.279717	-1866.191848	-21475.220796	-11368.656024	-20013.416709	-187500.022352	-23219.617989	931.441895	-6717.816796	-14573.605606	-29838.394205	187500.000000	-17656.604070	-187500.022352	-18553.780741	-29235.612361	-0.039812	0.972108	0.156510	192.000000	0.000000	0.000000	0.000000	0.000000	0.000000	0.000000	0.000000	0.000000	0.000000	1741983483.321131	0.000000
156.000000	-3329.292337	-1872.763261	-21489.771782	-11376.725003	-20019.608142	-187500.022352	-23222.858992	931.777171	-6722.801235	-14571.571597	-29793.780123	187500.000000	-17660.113294	-187500.022352	-18552.305526	-29236.685245	-0.039812	0.972108	0.156510	192.000000	0.000000	0.000000	0.000000	0.000000	0.000000	0.000000	0.000000	0.000000	0.000000	1741983483.321275	0.000000
158.000000	-3322.385648	-1870.237514	-21477.724192	-11377.283797	-20015.629532	-187500.022352	-23224.356559	932.604186	-6720.566061	-14578.366527	-29852.386397	187500.000000	-17658.034582	-187500.022352	-18556.440599	-29246.363550	-0.039812	0.972108	0.156510	192.000000	0.000000	0.000000	0.000000	0.000000	0.000000	0.000000	0.000000	0.000000	0.000000	1741983483.321430	0.000000
160.000000	-3314.450778	-1865.297778	-21484.742640	-11372.120544	-20011.002721	-187500.022352	-23211.973692	939.265006	-6711.446549	-14582.680414	-29802.452600	187500.000000	-17649.473864	-187500.022352	-18554.160721	-29239.881544	-0.042906	0.974054	0.155255	192.000000	127.000000	72.000000	15.000000	64.000000	2.000000	104.000000	0.000000	0.000000	0.000000	1741983483.321573	0.000000
162.000000	-3314.249613	-1858.704014	-21463.754352	-11359.581215	-20009.281636	-187500.022352	-23215.147640	938.437991	-6710.798348	-14573.225626	-29885.668145	187500.000000	-17651.619631	-187500.022352	-18552.082008	-29238.473384	-0.042906	0.974054	0.155255	192.000000	0.000000	0.000000	0.000000	0.000000	0.000000	0.000000	0.000000	0.000000	0.000000	1741983483.321721	0.000000
164.000000	-3320.105770	-1868.292912	-21475.354907	-11367.829009	-20007.225276	-187500.022352	-23215.237047	935.062878	-6711.290087	-14569.358774	-29799.636280	187500.000000	-17653.497178	-187500.022352	-18545.197671	-29236.662893	-0.042906	0.974054	0.155255	192.000000	0.000000	0.000000	0.000000	0.000000	0.000000	0.000000	0.000000	0.000000	0.000000	1741983483.321869	0.000000
166.000000	-3329.135874	-1879.222915	-21471.309241	-11375.383899	-20009.169878	-187500.022352	-23221.473184	929.139665	-6713.391151	-14576.176056	-29885.332869	187500.000000	-17648.915070	-187500.022352	-18548.885709	-29243.368416	-0.042906	0.974054	0.155255	192.000000	0.000000	0.000000	0.000000	0.000000	0.000000	0.000000	0.000000	0.000000	0.000000	1741983483.380524	0.000000
168.000000	-3318.228223	-1870.148107	-21487.022518	-11370.690032	-20009.035767	-187500.022352	-23212.353672	938.326232	-6713.525261	-14573.292681	-29794.763600	187500.000000	-17655.933518	-187500.022352	-18547.432846	-29240.015655	-0.042906	0.974054	0.155255	192.000000	0.000000	0.000000	0.000000	0.000000	0.000000	0.000000	0.000000	0.000000	0.000000	1741983483.380721	0.000000
170.000000	-3320.731618	-1870.550438	-21474.058506	-11371.762916	-20013.103785	-187500.022352	-23224.691835	930.190197	-6708.138491	-14572.331556	-29886.204587	187500.000000	-17653.072495	-187500.022352	-18553.758389	-29239.658027	-0.041453	0.973027	0.157627	192.000000	127.000000	96.000000	15.000000	48.000000	2.500000	0.000000	0.000000	0.000000	0.000000	1741983483.380861	0.000000
172.000000	-3309.712208	-1865.789517	-21474.617299	-11365.057393	-20004.028976	-187500.022352	-23212.867762	936.895721	-6699.242496	-14581.875751	-29803.570188	187500.000000	-17643.573003	-187500.022352	-18543.029552	-29237.422852	-0.041453	0.973027	0.157627	192.000000	0.000000	0.000000	0.000000	0.000000	0.000000	0.000000	0.000000	0.000000	0.000000	1741983483.381010	0.000000
174.000000	-3326.140741	-1880.161688	-21473.522064	-11376.680300	-20017.194154	-187500.022352	-23232.000855	922.054162	-6699.890697	-14582.255731	-29899.570930	187500.000000	-17647.037524	-187500.022352	-18544.102436	-29237.959294	-0.041453	0.973027	0.157627	192.000000	0.000000	0.000000	0.000000	0.000000	0.000000	0.000000	0.000000	0.000000	0.000000	1741983483.381153	0.000000
176.000000	-3332.533340	-1885.682569	-21496.030271	-11385.822163	-20017.462375	-187500.022352	-23223.909524	918.768456	-6728.009192	-14596.963179	-29786.314641	187500.000000	-17667.154094	-187500.022352	-18558.027572	-29260.981591	-0.041453	0.973027	0.157627	192.000000	0.000000	0.000000	0.000000	0.000000	0.000000	0.000000	0.000000	0.000000	0.000000	1741983483.381284	0.000000
178.000000	-3321.849206	-1871.578618	-21472.784456	-11374.422774	-20007.784070	-187500.022352	-23219.975617	935.822837	-6715.201642	-14567.883559	-29877.107427	187500.000000	-17653.921861	-187500.022352	-18553.199596	-29242.228477	-0.041453	0.973027	0.157627	192.000000	0.000000	0.000000	0.000000	0.000000	0.000000	0.000000	0.000000	0.000000	0.000000	1741983483.381428	0.000000
180.000000	-3316.797711	-1869.790479	-21480.674622	-11375.160381	-20008.566381	-187500.022352	-23214.141812	940.717869	-6708.853747	-14578.612397	-29807.213522	187500.000000	-17648.848015	-187500.022352	-18552.663154	-29247.682303	-0.037727	0.971514	0.157814	192.000000	127.000000	120.000000	15.000000	40.000000	2.000000	120.000000	0.000000	0.000000	0.000000	1741983483.381579	0.000000
182.000000	-3324.978450	-1877.255962	-21477.746544	-11378.490791	-20007.962883	-187500.022352	-23219.573286	939.890854	-6706.529165	-14574.544379	-29880.482540	187500.000000	-17649.920899	-187500.022352	-18553.668982	-29238.003998	-0.037727	0.971514	0.157814	192.000000	0.000000	0.000000	0.000000	0.000000	0.000000	0.000000	0.000000	0.000000	0.000000	1741983483.439905	0.000000
184.000000	-3326.923052	-1878.530011	-21486.195503	-11377.104983	-20007.717014	-187500.022352	-23217.673387	943.109506	-6720.409598	-14593.364548	-29791.656708	187500.000000	-17658.682782	-187500.022352	-18554.875976	-29252.309114	-0.037727	0.971514	0.157814	192.000000	0.000000	0.000000	0.000000	0.000000	0.000000	0.000000	0.000000	0.000000	0.000000	1741983483.440077	0.000000
186.000000	-3327.615956	-1875.400767	-21483.267424	-11380.480096	-20008.879305	-187500.022352	-23215.549972	940.159075	-6715.492215	-14577.315995	-29851.872307	187500.000000	-17655.240614	-187500.022352	-18555.948860	-29245.849460	-0.037727	0.971514	0.157814	192.000000	0.000000	0.000000	0.000000	0.000000	0.000000	0.000000	0.000000	0.000000	0.000000	1741983483.440217	0.000000
188.000000	-3328.197101	-1878.418252	-21482.775686	-11382.335291	-20010.220410	-187500.022352	-23218.410995	937.923901	-6715.849843	-14586.591969	-29809.716917	187500.000000	-17651.709038	-187500.022352	-18556.015915	-29257.204146	-0.037727	0.971514	0.157814	192.000000	0.000000	0.000000	0.000000	0.000000	0.000000	0.000000	0.000000	0.000000	0.000000	1741983483.440357	0.000000
190.000000	-3325.291374	-1877.077148	-21482.283948	-11376.032099	-20010.354520	-187500.022352	-23217.114594	941.857808	-6722.264793	-14587.240170	-29823.463240	187500.000000	-17658.705134	-187500.022352	-18565.783628	-29254.477233	-0.036863	0.971757	0.158907	192.000000	127.000000	112.000000	15.000000	48.000000	2.500000	0.000000	0.000000	0.000000	0.000000	1741983483.440506	0.000000
192.000000	-3322.475055	-1869.298741	-21474.371430	-11363.738640	-20002.084375	-187500.022352	-23218.366291	946.261102	-6713.726427	-14568.040021	-29809.828676	187500.000000	-17648.691553	-187500.022352	-18551.277346	-29239.456861	-0.036863	0.971757	0.158907	192.000000	0.000000	0.000000	0.000000	0.000000	0.000000	0.000000	0.000000	0.000000	0.000000	1741983483.440656	0.000000
194.000000	-3315.948345	-1862.414403	-21472.605642	-11362.308128	-19993.881284	-187500.022352	-23198.428535	958.062823	-6708.429063	-14562.787361	-29837.947170	187500.000000	-17643.528300	-187500.022352	-18547.678715	-29226.783422	-0.036863	0.971757	0.158907	192.000000	0.000000	0.000000	0.000000	0.000000	0.000000	0.000000	0.000000	0.000000	0.000000	1741983483.440801	0.000000
196.000000	-3321.290412	-1870.081052	-21470.437523	-11369.639500	-20001.547933	-187500.022352	-23207.145716	951.133782	-6709.032560	-14573.739716	-29841.366987	187500.000000	-17640.443759	-187500.022352	-18543.387180	-29237.176983	-0.036863	0.971757	0.158907	192.000000	0.000000	0.000000	0.000000	0.000000	0.000000	0.000000	0.000000	0.000000	0.000000	1741983483.500677	0.000000
198.000000	-3321.536281	-1872.338578	-21479.378221	-11375.316843	-20000.095069	-187500.022352	-23211.034919	945.612901	-6717.481520	-14577.114830	-29812.644996	187500.000000	-17651.820797	-187500.022352	-18555.255956	-29245.156556	-0.036863	0.971757	0.158907	192.000000	0.000000	0.000000	0.000000	0.000000	0.000000	0.000000	0.000000	0.000000	0.000000	1741983483.500852	0.000000
200.000000	-3322.162130	-1870.058700	-21463.799055	-11370.153590	-19996.295273	-187500.022352	-23206.855143	945.434087	-6710.932459	-14561.915643	-29839.154165	187500.000000	-17630.988971	-187500.022352	-18545.085912	-29243.211954	-0.039432	0.968878	0.160453	192.000000	127.000000	88.000000	15.000000	24.000000	2.500000	8.000000	0.000000	0.000000	0.000000	1741983483.501004	0.000000
202.000000	-3321.648040	-1873.120889	-21479.557035	-11376.903817	-20008.119346	-187500.022352	-23214.432384	943.802410	-6715.223994	-14573.516199	-29798.764562	187500.000000	-17647.797483	-187500.022352	-18549.153930	-29244.240134	-0.039432	0.968878	0.160453	192.000000	0.000000	0.000000	0.000000	0.000000	0.000000	0.000000	0.000000	0.000000	0.000000	1741983483.501162	0.000000
204.000000	-3307.566441	-1861.252113	-21460.535700	-11365.660890	-19998.351633	-187500.022352	-23205.290521	951.916093	-6708.138491	-14569.381126	-29847.714883	187500.000000	-17640.957849	-187500.022352	-18550.606793	-29242.720216	-0.039432	0.968878	0.160453	192.000000	0.000000	0.000000	0.000000	0.000000	0.000000	0.000000	0.000000	0.000000	0.000000	1741983483.501306	0.000000
206.000000	-3318.898775	-1870.639845	-21480.093477	-11372.947559	-20004.185439	-187500.022352	-23211.794878	954.173619	-6705.903316	-14561.870940	-29817.227103	187500.000000	-17636.286335	-187500.022352	-18542.202537	-29232.617227	-0.039432	0.968878	0.160453	192.000000	0.000000	0.000000	0.000000	0.000000	0.000000	0.000000	0.000000	0.000000	0.000000	1741983483.501448	0.000000
208.000000	-3321.871557	-1868.985816	-21466.838892	-11368.454858	-20003.090203	-187500.022352	-23216.734614	945.299977	-6718.621459	-14567.660042	-29862.869366	187500.000000	-17647.462207	-187500.022352	-18556.217081	-29244.620114	-0.039432	0.968878	0.160453	192.000000	0.000000	0.000000	0.000000	0.000000	0.000000	0.000000	0.000000	0.000000	0.000000	1741983483.501587	0.000000
210.000000	-3312.930860	-1862.168534	-21474.617299	-11367.739602	-19997.569322	-187500.022352	-23198.272073	955.738241	-6717.816796	-14570.230492	-29782.268975	187500.000000	-17648.199814	-187500.022352	-18553.289003	-29241.110890	-0.039716	0.970439	0.161227	192.000000	127.000000	96.000000	15.000000	48.000000	2.500000	8.000000	0.000000	0.000000	0.000000	1741983483.501727	0.000000
212.000000	-3311.925031	-1863.442583	-21462.949689	-11367.694899	-19996.362328	-187500.022352	-23205.670500	956.453497	-6705.009246	-14562.876768	-29874.291107	187500.000000	-17638.052122	-187500.022352	-18545.398837	-29231.700806	-0.039716	0.970439	0.161227	192.000000	0.000000	0.000000	0.000000	0.000000	0.000000	0.000000	0.000000	0.000000	0.000000	1741983483.560412	0.000000
214.000000	-3318.742313	-1871.690377	-21483.468590	-11377.909646	-20004.766584	-187500.022352	-23208.509172	946.708136	-6715.313401	-14570.968100	-29798.853969	187500.000000	-17645.338791	-187500.022352	-18552.484340	-29242.988437	-0.039716	0.970439	0.161227	192.000000	0.000000	0.000000	0.000000	0.000000	0.000000	0.000000	0.000000	0.000000	0.000000	1741983483.560585	0.000000
216.000000	-3318.764665	-1864.403709	-21470.750448	-11375.428602	-20007.851125	-187500.022352	-23217.114594	937.365107	-6719.873157	-14564.754315	-29867.652639	187500.000000	-17648.579794	-187500.022352	-18559.033401	-29251.504451	-0.039716	0.970439	0.161227	192.000000	0.000000	0.000000	0.000000	0.000000	0.000000	0.000000	0.000000	0.000000	0.000000	1741983483.560730	0.000000
218.000000	-3298.692798	-1848.288101	-21474.572596	-11364.565654	-19995.311796	-187500.022352	-23207.480992	945.769363	-6709.099616	-14559.367545	-29770.623716	187500.000000	-17644.020038	-187500.022352	-18555.546529	-29247.391730	-0.039716	0.970439	0.161227	192.000000	0.000000	0.000000	0.000000	0.000000	0.000000	0.000000	0.000000	0.000000	0.000000	1741983483.560867	0.000000
220.000000	-3305.934764	-1855.150086	-21457.518215	-11361.615224	-19989.701508	-187500.022352	-23197.445059	961.303826	-6696.940267	-14556.283004	-29880.683706	187500.000000	-17625.378683	-187500.022352	-18541.308468	-29232.103137	-0.041858	0.970220	0.158613	192.000000	127.000000	80.000000	15.000000	40.000000	2.000000	112.000000	0.000000	0.000000	0.000000	1741983483.560998	0.000000
222.000000	-3314.182557	-1861.855610	-21480.987547	-11369.974777	-19994.507133	-187500.022352	-23203.524733	950.552636	-6712.742950	-14569.671699	-29775.585803	187500.000000	-17644.981163	-187500.022352	-18542.247241	-29242.139070	-0.041858	0.970220	0.158613	192.000000	0.000000	0.000000	0.000000	0.000000	0.000000	0.000000	0.000000	0.000000	0.000000	1741983483.561157	0.000000
224.000000	-3303.833700	-1847.058755	-21460.379238	-11358.597739	-19994.529485	-187500.022352	-23211.996044	952.094907	-6697.722578	-14546.850568	-29858.778996	187500.000000	-17634.766416	-187500.022352	-18537.531023	-29226.246980	-0.041858	0.970220	0.158613	192.000000	0.000000	0.000000	0.000000	0.000000	0.000000	0.000000	0.000000	0.000000	0.000000	1741983483.561304	0.000000
226.000000	-3299.922144	-1844.912987	-21476.450142	-11359.737678	-20002.196133	-187500.022352	-23213.694777	950.776154	-6698.884868	-14552.483207	-29767.159196	187500.000000	-17637.828605	-187500.022352	-18542.381351	-29234.025387	-0.041858	0.970220	0.158613	192.000000	0.000000	0.000000	0.000000	0.000000	0.000000	0.000000	0.000000	0.000000	0.000000	1741983483.620699	0.000000
228.000000	-3297.888136	-1838.945072	-21465.609546	-11359.357698	-19991.199075	-187500.022352	-23194.114649	962.242599	-6701.544726	-14559.903986	-29844.317418	187500.000000	-17643.483596	-187500.022352	-18545.287078	-29226.671663	-0.041858	0.970220	0.158613	192.000000	0.000000	0.000000	0.000000	0.000000	0.000000	0.000000	0.000000	0.000000	0.000000	1741983483.620876	0.000000
230.000000	-3311.813272	-1851.149124	-21480.406401	-11368.924245	-19995.065927	-187500.022352	-23199.769640	958.867485	-6700.360084	-14564.039059	-29783.498321	187500.000000	-17642.008381	-187500.022352	-18532.300715	-29226.716367	-0.043929	0.970110	0.156307	192.000000	127.000000	72.000000	15.000000	40.000000	2.000000	104.000000	0.000000	0.000000	0.000000	1741983483.621011	0.000000
232.000000	-3311.790921	-1847.371679	-21476.092515	-11369.550093	-19998.753965	-187500.022352	-23205.290521	947.378689	-6708.362008	-14570.945748	-29832.694511	187500.000000	-17651.597280	-187500.022352	-18544.281250	-29231.901971	-0.043929	0.970110	0.156307	192.000000	0.000000	0.000000	0.000000	0.000000	0.000000	0.000000	0.000000	0.000000	0.000000	1741983483.621166	0.000000
234.000000	-3303.185499	-1839.459162	-21477.411267	-11366.465553	-19998.262226	-187500.022352	-23209.045614	943.690651	-6701.231802	-14575.840780	-29779.564414	187500.000000	-17644.042390	-187500.022352	-18535.787587	-29232.594875	-0.043929	0.970110	0.156307	192.000000	0.000000	0.000000	0.000000	0.000000	0.000000	0.000000	0.000000	0.000000	0.000000	1741983483.621312	0.000000
236.000000	-3294.401264	-1829.892615	-21477.254805	-11364.878579	-19997.435212	-187500.022352	-23216.376986	927.776209	-6704.964543	-14572.108039	-29817.540028	187500.000000	-17656.022925	-187500.022352	-18547.544604	-29239.389806	-0.043929	0.970110	0.156307	192.000000	0.000000	0.000000	0.000000	0.000000	0.000000	0.000000	0.000000	0.000000	0.000000	1741983483.621455	0.000000
238.000000	-3288.701569	-1823.432961	-21467.218872	-11355.669660	-19993.411898	-187500.022352	-23204.821134	934.861712	-6691.173517	-14564.307280	-29797.535217	187500.000000	-17639.393227	-187500.022352	-18533.373598	-29235.500602	-0.043929	0.970110	0.156307	192.000000	0.000000	0.000000	0.000000	0.000000	0.000000	0.000000	0.000000	0.000000	0.000000	1741983483.621592	0.000000
240.000000	-3290.757929	-1825.355211	-21463.821407	-11353.009802	-19999.111593	-187500.022352	-23209.067966	932.090096	-6690.078281	-14563.949652	-29815.327205	187500.000000	-17649.473864	-187500.022352	-18529.730264	-29222.223666	-0.043964	0.969055	0.156153	192.000000	127.000000	80.000000	15.000000	32.000000	2.000000	112.000000	0.000000	0.000000	0.000000	1741983483.621732	0.000000
242.000000	-3285.639380	-1822.158911	-21458.099360	-11346.438390	-19997.412860	-187500.022352	-23210.364367	933.118276	-6690.190040	-14570.766934	-29794.271862	187500.000000	-17651.619631	-187500.022352	-18526.623371	-29222.067204	-0.043964	0.969055	0.156153	192.000000	0.000000	0.000000	0.000000	0.000000	0.000000	0.000000	0.000000	0.000000	0.000000	1741983483.682448	0.000000
244.000000	-3283.314798	-1816.190996	-21462.055619	-11342.839759	-19998.083412	-187500.022352	-23205.536390	937.186293	-6688.424252	-14562.697954	-29807.168818	187500.000000	-17648.646849	-187500.022352	-18528.277401	-29205.146933	-0.043964	0.969055	0.156153	192.000000	0.000000	0.000000	0.000000	0.000000	0.000000	0.000000	0.000000	0.000000	0.000000	1741983483.682638	0.000000
246.000000	-3292.791938	-1820.929566	-21466.458913	-11348.897081	-20003.894866	-187500.022352	-23221.674350	928.759686	-6694.570982	-14566.743620	-29813.606121	187500.000000	-17650.792617	-187500.022352	-18533.373598	-29216.188695	-0.043964	0.969055	0.156153	192.000000	0.000000	0.000000	0.000000	0.000000	0.000000	0.000000	0.000000	0.000000	0.000000	1741983483.682796	0.000000
248.000000	-3289.394473	-1820.437827	-21474.550244	-11351.825160	-20003.112555	-187500.022352	-23214.097108	927.776209	-6696.761453	-14562.206216	-29780.391429	187500.000000	-17652.826625	-187500.022352	-18542.269593	-29219.899085	-0.043964	0.969055	0.156153	192.000000	0.000000	0.000000	0.000000	0.000000	0.000000	0.000000	0.000000	0.000000	0.000000	1741983483.682937	0.000000
250.000000	-3282.554839	-1816.436865	-21450.879747	-11344.650250	-19989.567398	-187500.022352	-23201.624835	946.015232	-6684.557400	-14555.523045	-29829.900542	187500.000000	-17645.674067	-187500.022352	-18529.797319	-29208.924378	-0.042982	0.969527	0.157077	192.000000	127.000000	88.000000	15.000000	40.000000	2.000000	120.000000	0.000000	0.000000	0.000000	1741983483.683079	0.000000
252.000000	-3282.778356	-1820.124903	-21459.485168	-11349.210006	-19989.947377	-187500.022352	-23197.869742	942.506008	-6689.854764	-14565.871902	-29797.311699	187500.000000	-17643.818872	-187500.022352	-18526.779834	-29208.186770	-0.042982	0.969527	0.157077	192.000000	0.000000	0.000000	0.000000	0.000000	0.000000	0.000000	0.000000	0.000000	0.000000	1741983483.683224	0.000000
254.000000	-3285.102938	-1819.007316	-21447.236412	-11342.750352	-19995.647072	-187500.022352	-23204.396451	937.096886	-6693.095767	-14563.435562	-29846.686703	187500.000000	-17648.557442	-187500.022352	-18523.382368	-29205.728079	-0.042982	0.969527	0.157077	192.000000	0.000000	0.000000	0.000000	0.000000	0.000000	0.000000	0.000000	0.000000	0.000000	1741983483.683372	0.000000
0.000000	-3273.994121	-1812.882938	-21459.284003	-11339.308183	-19995.222389	-187500.022352	-23195.612215	936.336927	-6696.001493	-14562.027402	-29762.465329	187500.000000	-17656.224091	-187500.022352	-18529.618505	-29206.890369	-0.042982	0.969527	0.157077	192.000000	0.000000	0.000000	0.000000	0.000000	0.000000	0.000000	0.000000	0.000000	0.000000	1741983483.740353	0.000000
2.000000	-3278.799746	-1817.129769	-21442.497843	-11338.749389	-19996.407032	-187500.022352	-23204.351748	938.169770	-6682.433985	-14555.634803	-29835.153202	187500.000000	-17642.656582	-187500.022352	-18516.542735	-29193.792247	-0.042982	0.969527	0.157077	192.000000	0.000000	0.000000	0.000000	0.000000	0.000000	0.000000	0.000000	0.000000	0.000000	1741983483.740539	0.000000
4.000000	-3281.236086	-1817.934432	-21466.928299	-11349.053544	-19997.949302	-187500.022352	-23210.476126	925.563386	-6699.980104	-14571.839818	-29746.997922	187500.000000	-17655.106503	-187500.022352	-18528.880898	-29213.506486	-0.043491	0.968764	0.157538	192.000000	127.000000	80.000000	15.000000	32.000000	2.000000	120.000000	0.000000	0.000000	0.000000	1741983483.740675	0.000000
6.000000	-3283.962999	-1813.844063	-21454.768950	-11345.231395	-20000.139773	-187500.022352	-23214.365329	922.568252	-6693.118118	-14558.428771	-29834.214429	187500.000000	-17645.763474	-187500.022352	-18527.293924	-29208.678509	-0.043491	0.968764	0.157538	192.000000	0.000000	0.000000	0.000000	0.000000	0.000000	0.000000	0.000000	0.000000	0.000000	1741983483.740822	0.000000
8.000000	-3273.412975	-1807.160891	-21466.570671	-11340.939860	-19996.004700	-187500.022352	-23199.143791	933.699421	-6695.576810	-14560.552187	-29740.560620	187500.000000	-17648.333925	-187500.022352	-18535.452310	-29212.902989	-0.043491	0.968764	0.157538	192.000000	0.000000	0.000000	0.000000	0.000000	0.000000	0.000000	0.000000	0.000000	0.000000	1741983483.740963	0.000000
10.000000	-3281.638417	-1818.850853	-21454.008991	-11346.997183	-20003.425479	-187500.022352	-23211.392547	931.620709	-6681.226990	-14551.879710	-29854.956848	187500.000000	-17635.504023	-187500.022352	-18528.657380	-29202.576483	-0.043491	0.968764	0.157538	192.000000	0.000000	0.000000	0.000000	0.000000	0.000000	0.000000	0.000000	0.000000	0.000000	1741983483.741111	0.000000
12.000000	-3298.961019	-1841.806095	-21486.955462	-11367.650195	-20007.672311	-187500.022352	-23224.401262	914.767494	-6708.429063	-14576.891312	-29748.517841	187500.000000	-17660.426219	-187500.022352	-18545.018857	-29231.946675	-0.043491	0.968764	0.157538	192.000000	0.000000	0.000000	0.000000	0.000000	0.000000	0.000000	0.000000	0.000000	0.000000	1741983483.741256	0.000000
14.000000	-3303.118444	-1846.008223	-21477.567730	-11372.858152	-20004.900694	-187500.022352	-23225.384739	912.197043	-6710.865404	-14585.742603	-29836.807232	187500.000000	-17656.894643	-187500.022352	-18555.948860	-29241.312056	-0.043746	0.967382	0.155769	192.000000	127.000000	80.000000	15.000000	24.000000	2.000000	104.000000	0.000000	0.000000	0.000000	1741983483.741395	0.000000
16.000000	-3292.188441	-1841.806095	-21481.278119	-11367.627843	-19996.697604	-187500.022352	-23209.023262	932.492427	-6705.165709	-14582.501600	-29750.753015	187500.000000	-17653.050143	-187500.022352	-18543.476587	-29235.902934	-0.043746	0.967382	0.155769	192.000000	0.000000	0.000000	0.000000	0.000000	0.000000	0.000000	0.000000	0.000000	0.000000	1741983483.801427	0.000000
18.000000	-3295.474147	-1841.850798	-21468.939956	-11365.951463	-19999.402165	-187500.022352	-23209.760870	937.722735	-6700.382435	-14572.555074	-29851.849956	187500.000000	-17648.557442	-187500.022352	-18542.962497	-29224.816468	-0.043746	0.967382	0.155769	192.000000	0.000000	0.000000	0.000000	0.000000	0.000000	0.000000	0.000000	0.000000	0.000000	1741983483.801584	0.000000
20.000000	-3302.224374	-1849.919778	-21486.843704	-11368.477210	-20010.689796	-187500.022352	-23212.487783	935.867540	-6713.659372	-14585.586141	-29764.387579	187500.000000	-17660.649736	-187500.022352	-18546.605831	-29233.779518	-0.043746	0.967382	0.155769	192.000000	0.000000	0.000000	0.000000	0.000000	0.000000	0.000000	0.000000	0.000000	0.000000	1741983483.801738	0.000000
22.000000	-3285.795842	-1832.775990	-21467.487093	-11352.473361	-19999.201000	-187500.022352	-23207.771564	940.583758	-6705.523337	-14562.295623	-29848.921877	187500.000000	-17653.497178	-187500.022352	-18548.304564	-29218.759146	-0.043746	0.967382	0.155769	192.000000	0.000000	0.000000	0.000000	0.000000	0.000000	0.000000	0.000000	0.000000	0.000000	1741983483.801887	0.000000
24.000000	-3293.998932	-1843.571883	-21476.405439	-11363.671585	-20005.951226	-187500.022352	-23210.476126	937.007479	-6699.331903	-14569.738754	-29795.367097	187500.000000	-17649.675029	-187500.022352	-18539.095645	-29224.615303	-0.041873	0.969691	0.156885	192.000000	127.000000	96.000000	15.000000	48.000000	2.000000	120.000000	0.000000	0.000000	0.000000	1741983483.802028	0.000000
26.000000	-3287.852202	-1837.156932	-21465.095456	-11354.417962	-19994.909465	-187500.022352	-23204.709375	939.086192	-6704.606915	-14571.795114	-29830.772261	187500.000000	-17655.911166	-187500.022352	-18543.834215	-29225.643483	-0.041873	0.969691	0.156885	192.000000	0.000000	0.000000	0.000000	0.000000	0.000000	0.000000	0.000000	0.000000	0.000000	1741983483.802174	0.000000
28.000000	-3296.301162	-1842.431944	-21464.894291	-11353.322727	-19996.719956	-187500.022352	-23200.194323	944.897645	-6702.617610	-14565.558978	-29790.337955	187500.000000	-17645.852881	-187500.022352	-18527.606848	-29219.832029	-0.041873	0.969691	0.156885	192.000000	0.000000	0.000000	0.000000	0.000000	0.000000	0.000000	0.000000	0.000000	0.000000	1741983483.802309	0.000000
30.000000	-3289.260362	-1840.532045	-21462.927337	-11354.641480	-19999.804497	-187500.022352	-23211.191381	943.556540	-6702.908182	-14567.391821	-29810.163952	187500.000000	-17651.351410	-187500.022352	-18533.686523	-29217.775669	-0.041873	0.969691	0.156885	192.000000	0.000000	0.000000	0.000000	0.000000	0.000000	0.000000	0.000000	0.000000	0.000000	1741983483.860561	0.000000
32.000000	-3283.940647	-1839.012127	-21465.564843	-11358.709497	-19994.283616	-187500.022352	-23205.134059	941.231959	-6699.689531	-14575.818428	-29777.351591	187500.000000	-17651.105541	-187500.022352	-18533.284191	-29223.788288	-0.041873	0.969691	0.156885	192.000000	0.000000	0.000000	0.000000	0.000000	0.000000	0.000000	0.000000	0.000000	0.000000	1741983483.860761	0.000000
34.000000	-3276.497516	-1830.339650	-21462.100322	-11352.898044	-19987.220465	-187500.022352	-23191.320681	950.127953	-6696.180307	-14567.727097	-29803.793705	187500.000000	-17648.870367	-187500.022352	-18535.429959	-29218.535628	-0.039936	0.968845	0.159442	192.000000	127.000000	104.000000	15.000000	32.000000	2.500000	8.000000	0.000000	0.000000	0.000000	1741983483.860904	0.000000
36.000000	-3275.357577	-1822.337725	-21452.042037	-11344.560843	-19986.281691	-187500.022352	-23196.819210	947.311634	-6687.150203	-14550.136274	-29809.001661	187500.000000	-17637.493329	-187500.022352	-18519.627275	-29212.902989	-0.039936	0.968845	0.159442	192.000000	0.000000	0.000000	0.000000	0.000000	0.000000	0.000000	0.000000	0.000000	0.000000	1741983483.861056	0.000000
38.000000	-3266.998025	-1814.604022	-21454.433674	-11343.242090	-19983.599482	-187500.022352	-23193.488800	939.354412	-6694.503927	-14554.919547	-29786.292289	187500.000000	-17646.076399	-187500.022352	-18524.835232	-29218.490925	-0.039936	0.968845	0.159442	192.000000	0.000000	0.000000	0.000000	0.000000	0.000000	0.000000	0.000000	0.000000	0.000000	1741983483.861198	0.000000
40.000000	-3269.635531	-1815.475740	-21447.750503	-11343.063276	-19982.951281	-187500.022352	-23197.892093	946.596378	-6684.713863	-14549.756294	-29810.767449	187500.000000	-17633.224146	-187500.022352	-18516.296865	-29212.545361	-0.039936	0.968845	0.159442	192.000000	0.000000	0.000000	0.000000	0.000000	0.000000	0.000000	0.000000	0.000000	0.000000	1741983483.861333	0.000000
42.000000	-3282.845412	-1828.082124	-21466.190692	-11351.244015	-19986.996947	-187500.022352	-23202.138925	942.058974	-6696.225011	-14554.494864	-29779.050324	187500.000000	-17637.806253	-187500.022352	-18524.522307	-29208.924378	-0.039936	0.968845	0.159442	192.000000	0.000000	0.000000	0.000000	0.000000	0.000000	0.000000	0.000000	0.000000	0.000000	1741983483.861484	0.000000
44.000000	-3287.807499	-1828.037420	-21459.641631	-11348.226529	-19992.562532	-187500.022352	-23196.662747	945.836418	-6702.997589	-14558.674640	-29817.160048	187500.000000	-17643.260079	-187500.022352	-18523.784700	-29212.388898	-0.038968	0.966423	0.158721	192.000000	127.000000	104.000000	15.000000	16.000000	2.000000	120.000000	0.000000	0.000000	0.000000	1741983483.861625	0.000000
46.000000	-3280.185554	-1825.534025	-21466.570671	-11352.383954	-19995.267093	-187500.022352	-23203.390623	936.783962	-6698.393130	-14549.108094	-29773.484739	187500.000000	-17645.785826	-187500.022352	-18528.500918	-29214.445259	-0.038968	0.966423	0.158721	192.000000	0.000000	0.000000	0.000000	0.000000	0.000000	0.000000	0.000000	0.000000	0.000000	1741983483.920763	0.000000
48.000000	-3282.778356	-1828.417400	-21458.456988	-11356.854303	-19998.239875	-187500.022352	-23208.889152	931.128971	-6697.946095	-14559.881635	-29833.230952	187500.000000	-17649.518567	-187500.022352	-18532.345418	-29226.224628	-0.038968	0.966423	0.158721	192.000000	0.000000	0.000000	0.000000	0.000000	0.000000	0.000000	0.000000	0.000000	0.000000	1741983483.920941	0.000000
50.000000	-3290.579115	-1837.358098	-21479.221759	-11365.571483	-20011.136831	-187500.022352	-23218.031015	919.662526	-6708.607877	-14567.280062	-29762.420626	187500.000000	-17651.753742	-187500.022352	-18539.341514	-29232.460765	-0.038968	0.966423	0.158721	192.000000	0.000000	0.000000	0.000000	0.000000	0.000000	0.000000	0.000000	0.000000	0.000000	1741983483.921078	0.000000
52.000000	-3284.007702	-1830.831388	-21457.562918	-11354.842646	-20014.109613	-187500.022352	-23224.133041	918.366124	-6706.976200	-14563.815542	-29823.373833	187500.000000	-17655.173559	-187500.022352	-18544.415360	-29232.192544	-0.038968	0.966423	0.158721	192.000000	0.000000	0.000000	0.000000	0.000000	0.000000	0.000000	0.000000	0.000000	0.000000	1741983483.921226	0.000000
54.000000	-3274.999949	-1826.584557	-21468.425866	-11354.194445	-20002.218485	-187500.022352	-23211.906637	929.184369	-6700.449491	-14564.217873	-29747.176736	187500.000000	-17649.719733	-187500.022352	-18538.134520	-29228.526858	-0.040484	0.969211	0.156361	192.000000	127.000000	88.000000	15.000000	48.000000	2.000000	104.000000	0.000000	0.000000	0.000000	1741983483.921368	0.000000
56.000000	-3287.204002	-1837.671022	-21465.922471	-11361.548169	-20005.817116	-187500.022352	-23216.108765	927.507988	-6696.269714	-14561.580367	-29828.134755	187500.000000	-17644.936460	-187500.022352	-18540.682619	-29226.090518	-0.040484	0.969211	0.156361	192.000000	0.000000	0.000000	0.000000	0.000000	0.000000	0.000000	0.000000	0.000000	0.000000	1741983483.921521	0.000000
58.000000	-3275.044653	-1827.366868	-21471.935090	-11350.774628	-19991.936683	-187500.022352	-23196.483934	941.634290	-6706.953848	-14569.559940	-29733.944504	187500.000000	-17651.530224	-187500.022352	-18546.784645	-29231.454936	-0.040484	0.969211	0.156361	192.000000	0.000000	0.000000	0.000000	0.000000	0.000000	0.000000	0.000000	0.000000	0.000000	1741983483.921666	0.000000
60.000000	-3272.407147	-1820.281365	-21446.431750	-11342.370372	-19992.786049	-187500.022352	-23203.658843	939.913206	-6692.201697	-14550.918585	-29841.523450	187500.000000	-17636.398093	-187500.022352	-18527.517441	-29213.640596	-0.040484	0.969211	0.156361	192.000000	0.000000	0.000000	0.000000	0.000000	0.000000	0.000000	0.000000	0.000000	0.000000	1741983483.982347	0.000000
62.000000	-3274.105880	-1826.338688	-21460.088665	-11348.382991	-19999.536276	-187500.022352	-23205.514038	939.555578	-6692.067586	-14558.093495	-29749.747187	187500.000000	-17641.226070	-187500.022352	-18526.332799	-29219.876733	-0.040484	0.969211	0.156361	192.000000	0.000000	0.000000	0.000000	0.000000	0.000000	0.000000	0.000000	0.000000	0.000000	1741983483.982519	0.000000
64.000000	-3266.461583	-1818.604984	-21444.129520	-11339.352887	-19983.063040	-187500.022352	-23189.756058	949.144477	-6690.055929	-14555.612452	-29833.141545	187500.000000	-17641.114311	-187500.022352	-18529.037360	-29215.227570	-0.039242	0.970606	0.157180	192.000000	127.000000	104.000000	15.000000	48.000000	2.000000	120.000000	0.000000	0.000000	0.000000	1741983483.982674	0.000000
66.000000	-3277.413938	-1829.400877	-21458.814616	-11344.717305	-19984.873531	-187500.022352	-23190.560721	949.055070	-6688.290142	-14553.042001	-29775.988135	187500.000000	-17632.374779	-187500.022352	-18512.027682	-29203.962291	-0.039242	0.970606	0.157180	192.000000	0.000000	0.000000	0.000000	0.000000	0.000000	0.000000	0.000000	0.000000	0.000000	1741983483.982864	0.000000
68.000000	-3276.832792	-1827.724496	-21447.705799	-11343.934994	-19986.147581	-187500.022352	-23201.021338	944.182389	-6696.336770	-14563.413210	-29843.043368	187500.000000	-17635.839300	-187500.022352	-18525.125805	-29212.858285	-0.039242	0.970606	0.157180	192.000000	0.000000	0.000000	0.000000	0.000000	0.000000	0.000000	0.000000	0.000000	0.000000	1741983483.983016	0.000000
70.000000	-3279.827926	-1833.759467	-21457.764084	-11351.512236	-19994.037747	-187500.022352	-23202.474201	942.707174	-6695.822679	-14563.949652	-29762.420626	187500.000000	-17633.939401	-187500.022352	-18522.823575	-29219.630864	-0.039242	0.970606	0.157180	192.000000	0.000000	0.000000	0.000000	0.000000	0.000000	0.000000	0.000000	0.000000	0.000000	1741983483.983156	0.000000
72.000000	-3277.235124	-1831.814865	-21446.945840	-11347.846549	-19986.304043	-187500.022352	-23195.858085	948.429221	-6694.995665	-14557.713515	-29832.180420	187500.000000	-17633.604125	-187500.022352	-18527.159813	-29214.802887	-0.039242	0.970606	0.157180	192.000000	0.000000	0.000000	0.000000	0.000000	0.000000	0.000000	0.000000	0.000000	0.000000	1741983483.983292	0.000000
74.000000	-3273.994121	-1825.668135	-21449.471587	-11343.152683	-19980.045555	-187500.022352	-23193.622910	951.759631	-6688.960694	-14556.283004	-29788.236891	187500.000000	-17627.882079	-187500.022352	-18520.029607	-29213.595893	-0.039621	0.970303	0.155590	192.000000	127.000000	96.000000	15.000000	40.000000	2.000000	104.000000	0.000000	0.000000	0.000000	1741983483.983436	0.000000
76.000000	-3287.159298	-1835.614662	-21462.100322	-11357.346041	-19998.552799	-187500.022352	-23212.040748	939.712040	-6692.156993	-14543.944841	-29848.474842	187500.000000	-17632.665352	-187500.022352	-18524.991694	-29211.830105	-0.039621	0.970303	0.155590	192.000000	0.000000	0.000000	0.000000	0.000000	0.000000	0.000000	0.000000	0.000000	0.000000	1741983484.041231	0.000000
78.000000	-3285.415862	-1835.525255	-21467.420038	-11361.995204	-20001.279712	-187500.022352	-23206.542219	938.929729	-6706.104482	-14562.988527	-29796.864664	187500.000000	-17642.656582	-187500.022352	-18537.240450	-29231.633750	-0.039621	0.970303	0.155590	192.000000	0.000000	0.000000	0.000000	0.000000	0.000000	0.000000	0.000000	0.000000	0.000000	1741983484.041386	0.000000
80.000000	-3280.632589	-1834.519426	-21460.982735	-11355.110866	-19993.031918	-187500.022352	-23196.595692	944.428258	-6701.052988	-14561.490960	-29842.931610	187500.000000	-17639.750855	-187500.022352	-18538.648610	-29227.498678	-0.039621	0.970303	0.155590	192.000000	0.000000	0.000000	0.000000	0.000000	0.000000	0.000000	0.000000	0.000000	0.000000	1741983484.041536	0.000000
82.000000	-3280.811403	-1832.507769	-21455.707724	-11346.393686	-19995.088279	-187500.022352	-23200.887227	950.530285	-6693.475746	-14564.955481	-29822.077432	187500.000000	-17633.917050	-187500.022352	-18525.081101	-29223.140088	-0.039621	0.970303	0.155590	192.000000	0.000000	0.000000	0.000000	0.000000	0.000000	0.000000	0.000000	0.000000	0.000000	1741983484.041673	0.000000
84.000000	-3279.447946	-1830.138484	-21461.206253	-11350.640518	-19996.608197	-187500.022352	-23204.307044	945.210570	-6700.382435	-14559.836931	-29815.930702	187500.000000	-17642.209547	-187500.022352	-18533.977095	-29221.262541	-0.039811	0.971151	0.156795	192.000000	127.000000	96.000000	15.000000	48.000000	2.000000	120.000000	0.000000	0.000000	0.000000	1741983484.041820	0.000000
86.000000	-3275.156412	-1824.707010	-21451.863224	-11344.091456	-19990.506171	-187500.022352	-23196.327471	963.226076	-6692.156993	-14554.003126	-29824.938455	187500.000000	-17634.654657	-187500.022352	-18528.567973	-29217.350986	-0.039811	0.971151	0.156795	192.000000	0.000000	0.000000	0.000000	0.000000	0.000000	0.000000	0.000000	0.000000	0.000000	1741983484.041976	0.000000
88.000000	-3271.401318	-1822.650650	-21457.093532	-11342.415076	-19991.064965	-187500.022352	-23191.655957	961.460288	-6689.497136	-14545.978850	-29817.405917	187500.000000	-17635.124044	-187500.022352	-18525.706950	-29205.884541	-0.039811	0.971151	0.156795	192.000000	0.000000	0.000000	0.000000	0.000000	0.000000	0.000000	0.000000	0.000000	0.000000	1741983484.042120	0.000000
90.000000	-3276.564571	-1828.260938	-21454.299564	-11346.639555	-19994.440078	-187500.022352	-23200.283730	952.988977	-6698.348427	-14544.414228	-29823.127964	187500.000000	-17636.666314	-187500.022352	-18529.864374	-29218.088593	-0.039811	0.971151	0.156795	192.000000	0.000000	0.000000	0.000000	0.000000	0.000000	0.000000	0.000000	0.000000	0.000000	1741983484.100911	0.000000
92.000000	-3268.048557	-1823.164740	-21458.009953	-11339.598756	-19980.604348	-187500.022352	-23190.091335	961.393233	-6691.508793	-14551.835007	-29779.586766	187500.000000	-17637.180404	-187500.022352	-18531.250183	-29211.450125	-0.039811	0.971151	0.156795	192.000000	0.000000	0.000000	0.000000	0.000000	0.000000	0.000000	0.000000	0.000000	0.000000	1741983484.101057	0.000000
94.000000	-3272.116574	-1824.863473	-21445.336514	-11339.285831	-19983.711241	-187500.022352	-23193.265282	956.364090	-6684.266828	-14549.063390	-29845.524412	187500.000000	-17622.540012	-187500.022352	-18519.247296	-29206.733907	-0.038905	0.970576	0.157398	192.000000	127.000000	104.000000	15.000000	40.000000	2.000000	120.000000	0.000000	0.000000	0.000000	1741983484.101194	0.000000
96.000000	-3270.596656	-1823.500016	-21452.958459	-11341.811578	-19984.158276	-187500.022352	-23192.102992	956.341738	-6686.904333	-14546.269422	-29784.727667	187500.000000	-17630.027846	-187500.022352	-18523.181203	-29210.936035	-0.038905	0.970576	0.157398	192.000000	0.000000	0.000000	0.000000	0.000000	0.000000	0.000000	0.000000	0.000000	0.000000	1741983484.101353	0.000000
98.000000	-3273.502382	-1825.578728	-21441.581421	-11344.516140	-19980.559645	-187500.022352	-23203.927064	944.271796	-6684.602104	-14548.236376	-29828.872362	187500.000000	-17626.876250	-187500.022352	-18517.190935	-29213.215913	-0.038905	0.970576	0.157398	192.000000	0.000000	0.000000	0.000000	0.000000	0.000000	0.000000	0.000000	0.000000	0.000000	1741983484.101506	0.000000
100.000000	-3284.566496	-1843.638938	-21467.084762	-11359.044773	-19993.054270	-187500.022352	-23213.560666	931.151322	-6693.296932	-14551.075047	-29749.277800	187500.000000	-17632.240669	-187500.022352	-18525.595191	-29223.832992	-0.038905	0.970576	0.157398	192.000000	0.000000	0.000000	0.000000	0.000000	0.000000	0.000000	0.000000	0.000000	0.000000	1741983484.101641	0.000000
102.000000	-3287.025188	-1841.180246	-21455.931241	-11356.206102	-19992.920159	-187500.022352	-23210.364367	936.269872	-6698.482537	-14563.994356	-29823.351481	187500.000000	-17633.201794	-187500.022352	-18534.088854	-29227.163402	-0.038905	0.970576	0.157398	192.000000	0.000000	0.000000	0.000000	0.000000	0.000000	0.000000	0.000000	0.000000	0.000000	1741983484.101792	0.000000
104.000000	-3282.286618	-1835.145275	-21467.844721	-11351.042849	-19992.249607	-187500.022352	-23201.736593	948.540979	-6702.572906	-14563.860245	-29744.382768	187500.000000	-17640.488463	-187500.022352	-18536.480491	-29224.570599	-0.036453	0.971288	0.159699	192.000000	127.000000	120.000000	15.000000	48.000000	2.500000	8.000000	0.000000	0.000000	0.000000	1741983484.101927	0.000000
106.000000	-3282.577191	-1833.290080	-21451.863224	-11348.852378	-19987.533389	-187500.022352	-23199.859047	955.604131	-6694.638037	-14546.716457	-29834.817926	187500.000000	-17630.720750	-187500.022352	-18533.150081	-29215.585198	-0.036453	0.971288	0.159699	192.000000	0.000000	0.000000	0.000000	0.000000	0.000000	0.000000	0.000000	0.000000	0.000000	1741983484.160416	0.000000
108.000000	-3273.345920	-1829.602042	-21457.965250	-11345.790189	-19978.570340	-187500.022352	-23189.756058	959.180410	-6696.001493	-14554.159588	-29755.044550	187500.000000	-17629.938439	-187500.022352	-18532.703046	-29221.955445	-0.036453	0.971288	0.159699	192.000000	0.000000	0.000000	0.000000	0.000000	0.000000	0.000000	0.000000	0.000000	0.000000	1741983484.160627	0.000000
110.000000	-3281.794880	-1834.832351	-21447.035247	-11345.700782	-19981.677232	-187500.022352	-23198.227370	959.135706	-6692.827546	-14549.666887	-29859.516604	187500.000000	-17627.390340	-187500.022352	-18524.790528	-29216.121640	-0.036453	0.971288	0.159699	192.000000	0.000000	0.000000	0.000000	0.000000	0.000000	0.000000	0.000000	0.000000	0.000000	1741983484.160770	0.000000
112.000000	-3281.392548	-1835.167627	-21460.111017	-11347.019535	-19981.386659	-187500.022352	-23193.689965	963.181372	-6699.667180	-14555.076010	-29761.884184	187500.000000	-17630.608991	-187500.022352	-18526.310447	-29221.307244	-0.036453	0.971288	0.159699	192.000000	0.000000	0.000000	0.000000	0.000000	0.000000	0.000000	0.000000	0.000000	0.000000	1741983484.160908	0.000000
114.000000	-3282.443080	-1835.324089	-21442.229622	-11344.806712	-19980.760810	-187500.022352	-23188.794933	970.266875	-6693.743967	-14551.186806	-29843.535107	187500.000000	-17625.065759	-187500.022352	-18521.147194	-29207.069183	-0.033226	0.972644	0.158849	192.000000	127.500000	8.000000	15.000000	56.000000	2.000000	120.000000	0.000000	0.000000	0.000000	1741983484.161045	0.000000
116.000000	-3281.146679	-1834.407667	-21460.423942	-11350.014669	-19978.100953	-187500.022352	-23188.973747	965.148326	-6701.298857	-14565.067239	-29745.187431	187500.000000	-17630.653695	-187500.022352	-18525.014046	-29219.675567	-0.033226	0.972644	0.158849	192.000000	0.000000	0.000000	0.000000	0.000000	0.000000	0.000000	0.000000	0.000000	0.000000	1741983484.161193	0.000000
118.000000	-3284.968827	-1834.832351	-21450.723285	-11352.249843	-19983.398316	-187500.022352	-23199.948454	955.380613	-6698.370778	-14546.448236	-29833.029787	187500.000000	-17625.311628	-187500.022352	-18525.259915	-29213.551189	-0.033226	0.972644	0.158849	192.000000	0.000000	0.000000	0.000000	0.000000	0.000000	0.000000	0.000000	0.000000	0.000000	1741983484.161339	0.000000
120.000000	-3288.522755	-1840.308528	-21460.558052	-11351.467532	-19987.779258	-187500.022352	-23200.887227	953.927750	-6709.859575	-14556.752390	-29747.534364	187500.000000	-17633.134739	-187500.022352	-18527.293924	-29227.833954	-0.033226	0.972644	0.158849	192.000000	0.000000	0.000000	0.000000	0.000000	0.000000	0.000000	0.000000	0.000000	0.000000	1741983484.220620	0.000000
122.000000	-3276.273999	-1829.937319	-21444.196575	-11344.337326	-19980.693755	-187500.022352	-23195.343995	957.727546	-6696.001493	-14544.950669	-29816.087164	187500.000000	-17625.423387	-187500.022352	-18523.538831	-29209.505523	-0.033226	0.972644	0.158849	192.000000	0.000000	0.000000	0.000000	0.000000	0.000000	0.000000	0.000000	0.000000	0.000000	1741983484.220775	0.000000
124.000000	-3281.191383	-1835.704069	-21452.198500	-11349.455875	-19984.113572	-187500.022352	-23202.340091	954.486543	-6687.776051	-14545.710629	-29755.268068	187500.000000	-17623.299971	-187500.022352	-18518.956723	-29216.233398	-0.032613	0.972322	0.160425	192.000000	127.500000	0.000000	15.000000	48.000000	2.500000	8.000000	0.000000	0.000000	0.000000	1741983484.220924	0.000000
126.000000	-3280.029092	-1831.568996	-21449.762160	-11348.226529	-19984.650014	-187500.022352	-23201.714242	949.502104	-6696.448528	-14545.665925	-29800.843275	187500.000000	-17622.003570	-187500.022352	-18535.876994	-29220.927265	-0.032613	0.972322	0.160425	192.000000	0.000000	0.000000	0.000000	0.000000	0.000000	0.000000	0.000000	0.000000	0.000000	1741983484.221065	0.000000
128.000000	-3285.885249	-1837.402801	-21454.545433	-11349.746448	-19989.321529	-187500.022352	-23199.747288	957.593436	-6692.402863	-14552.036172	-29774.848196	187500.000000	-17619.880154	-187500.022352	-18528.724435	-29216.456916	-0.032613	0.972322	0.160425	192.000000	0.000000	0.000000	0.000000	0.000000	0.000000	0.000000	0.000000	0.000000	0.000000	1741983484.221215	0.000000
130.000000	-3293.686008	-1847.304624	-21461.139197	-11360.162361	-19985.231159	-187500.022352	-23199.121439	953.257198	-6705.076302	-14554.763085	-29787.231062	187500.000000	-17632.173614	-187500.022352	-18536.100511	-29223.922399	-0.032613	0.972322	0.160425	192.000000	0.000000	0.000000	0.000000	0.000000	0.000000	0.000000	0.000000	0.000000	0.000000	1741983484.221363	0.000000
132.000000	-3286.265229	-1840.956729	-21453.785474	-11355.669660	-19972.133037	-187500.022352	-23191.387736	963.494296	-6700.248325	-14557.244129	-29779.475007	187500.000000	-17625.646904	-187500.022352	-18531.250183	-29227.453974	-0.032613	0.972322	0.160425	192.000000	0.000000	0.000000	0.000000	0.000000	0.000000	0.000000	0.000000	0.000000	0.000000	1741983484.221505	0.000000
134.000000	-3284.655903	-1838.363926	-21452.936107	-11351.288718	-19972.580072	-187500.022352	-23181.552968	968.389329	-6691.888772	-14540.167396	-29808.264054	187500.000000	-17618.315532	-187500.022352	-18523.494127	-29213.305320	-0.031307	0.974161	0.160212	192.000000	127.500000	8.000000	15.000000	64.000000	2.500000	0.000000	0.000000	0.000000	0.000000	1741983484.221643	0.000000
136.000000	-3298.782205	-1850.322109	-21460.222776	-11361.861093	-19983.286558	-187500.022352	-23202.362442	953.793639	-6705.322171	-14554.003126	-29806.878246	187500.000000	-17625.892773	-187500.022352	-18522.935334	-29223.900047	-0.031307	0.974161	0.160212	192.000000	0.000000	0.000000	0.000000	0.000000	0.000000	0.000000	0.000000	0.000000	0.000000	1741983484.288214	0.000000
138.000000	-3296.636438	-1850.657386	-21469.118770	-11366.577311	-19983.890055	-187500.022352	-23196.573340	952.363128	-6715.134587	-14563.837893	-29760.386617	187500.000000	-17637.336867	-187500.022352	-18540.414398	-29232.974855	-0.031307	0.974161	0.160212	192.000000	0.000000	0.000000	0.000000	0.000000	0.000000	0.000000	0.000000	0.000000	0.000000	1741983484.288384	0.000000
140.000000	-3293.820118	-1846.790534	-21452.489072	-11359.312994	-19985.298215	-187500.022352	-23201.088393	953.815991	-6705.523337	-14560.038097	-29799.323356	187500.000000	-17624.126986	-187500.022352	-18534.312372	-29230.426756	-0.031307	0.974161	0.160212	192.000000	0.000000	0.000000	0.000000	0.000000	0.000000	0.000000	0.000000	0.000000	0.000000	1741983484.288542	0.000000
142.000000	-3295.295333	-1847.438734	-21468.872901	-11359.044773	-19984.761773	-187500.022352	-23199.121439	956.207628	-6710.865404	-14563.636728	-29755.782158	187500.000000	-17634.878175	-187500.022352	-18538.670962	-29224.101213	-0.031307	0.974161	0.160212	192.000000	0.000000	0.000000	0.000000	0.000000	0.000000	0.000000	0.000000	0.000000	0.000000	1741983484.288690	0.000000
144.000000	-3289.215659	-1842.610758	-21451.997334	-11353.859169	-19982.817171	-187500.022352	-23197.981500	960.968549	-6705.188060	-14550.426847	-29811.907388	187500.000000	-17625.892773	-187500.022352	-18534.290020	-29221.553114	-0.033653	0.974080	0.161106	192.000000	127.000000	112.000000	15.000000	56.000000	2.500000	8.000000	0.000000	0.000000	0.000000	1741983484.288829	0.000000
146.000000	-3288.880383	-1844.801229	-21471.711573	-11363.157494	-19992.316662	-187500.022352	-23199.456716	961.572046	-6707.490290	-14557.847626	-29752.429396	187500.000000	-17636.509852	-187500.022352	-18539.430921	-29225.978759	-0.033653	0.974080	0.161106	192.000000	0.000000	0.000000	0.000000	0.000000	0.000000	0.000000	0.000000	0.000000	0.000000	1741983484.288986	0.000000
148.000000	-3277.704510	-1830.563167	-21450.276250	-11351.065201	-19978.570340	-187500.022352	-23184.168122	975.340721	-6699.890697	-14547.990507	-29824.983159	187500.000000	-17630.832509	-187500.022352	-18536.256973	-29222.246018	-0.033653	0.974080	0.161106	192.000000	0.000000	0.000000	0.000000	0.000000	0.000000	0.000000	0.000000	0.000000	0.000000	1741983484.289123	0.000000
150.000000	-3279.671464	-1830.362002	-21461.049791	-11349.679393	-19983.197151	-187500.022352	-23184.190474	974.536058	-6692.693435	-14538.200443	-29763.582917	187500.000000	-17624.283448	-187500.022352	-18525.148156	-29213.327672	-0.033653	0.974080	0.161106	192.000000	0.000000	0.000000	0.000000	0.000000	0.000000	0.000000	0.000000	0.000000	0.000000	1741983484.289271	0.000000
152.000000	-3283.962999	-1830.898444	-21448.197537	-11351.668698	-19987.913369	-187500.022352	-23197.310948	965.908285	-6697.767281	-14545.576518	-29839.757662	187500.000000	-17627.390340	-187500.022352	-18529.573802	-29216.166343	-0.033653	0.974080	0.161106	192.000000	0.000000	0.000000	0.000000	0.000000	0.000000	0.000000	0.000000	0.000000	0.000000	1741983484.344961	0.000000
154.000000	-3281.169031	-1826.651612	-21468.738791	-11354.060334	-19981.341956	-187500.022352	-23184.950433	960.856791	-6697.253191	-14548.370486	-29745.321541	187500.000000	-17631.458358	-187500.022352	-18528.255049	-29219.787326	-0.035827	0.975040	0.164553	192.000000	127.000000	104.000000	15.000000	64.000000	2.500000	32.000000	0.000000	0.000000	0.000000	1741983484.345139	0.000000
156.000000	-3279.112670	-1816.727438	-21453.696067	-11347.846549	-19978.905616	-187500.022352	-23186.135076	969.082233	-6690.659427	-14540.301507	-29845.077377	187500.000000	-17625.848070	-187500.022352	-18526.623371	-29210.176076	-0.035827	0.975040	0.164553	192.000000	0.000000	0.000000	0.000000	0.000000	0.000000	0.000000	0.000000	0.000000	0.000000	1741983484.345287	0.000000
158.000000	-3282.197211	-1818.962612	-21470.817503	-11351.780457	-19983.957110	-187500.022352	-23190.046631	965.885933	-6696.895563	-14547.856396	-29752.116472	187500.000000	-17634.364085	-187500.022352	-18527.718607	-29213.685300	-0.035827	0.975040	0.164553	192.000000	0.000000	0.000000	0.000000	0.000000	0.000000	0.000000	0.000000	0.000000	0.000000	1741983484.345423	0.000000
160.000000	-3273.994121	-1807.920850	-21449.181014	-11341.118674	-19978.123305	-187500.022352	-23186.179779	969.082233	-6692.402863	-14541.821425	-29826.771298	187500.000000	-17639.482634	-187500.022352	-18529.350284	-29205.258692	-0.035827	0.975040	0.164553	192.000000	0.000000	0.000000	0.000000	0.000000	0.000000	0.000000	0.000000	0.000000	0.000000	1741983484.345570	0.000000
162.000000	-3275.335226	-1809.351362	-21461.116846	-11340.805750	-19981.163142	-187500.022352	-23189.554893	964.991863	-6685.295008	-14545.107132	-29745.656818	187500.000000	-17623.255268	-187500.022352	-18518.576743	-29199.134314	-0.035827	0.975040	0.164553	192.000000	0.000000	0.000000	0.000000	0.000000	0.000000	0.000000	0.000000	0.000000	0.000000	1741983484.345721	0.000000
164.000000	-3267.020377	-1797.929620	-21441.782587	-11331.842700	-19973.787066	-187500.022352	-23189.018451	952.944273	-6682.836316	-14538.312201	-29827.844182	187500.000000	-17629.714922	-187500.022352	-18516.788604	-29194.395744	-0.038000	0.974000	0.166000	192.000000	127.000000	104.000000	15.000000	56.000000	2.500000	24.000000	0.000000	0.000000	0.000000	1741983484.345866	0.000000
166.000000	-3264.338167	-1797.527289	-21452.712590	-11337.162416	-19980.693755	-187500.022352	-23186.582111	958.062823	-6677.941284	-14549.778646	-29756.832690	187500.000000	-17629.491404	-187500.022352	-18507.087947	-29193.702840	-0.038000	0.974000	0.166000	192.000000	0.000000	0.000000	0.000000	0.000000	0.000000	0.000000	0.000000	0.000000	0.000000	1741983484.403378	0.000000
168.000000	-3265.545161	-1796.610868	-21443.794244	-11340.448122	-19985.633491	-187500.022352	-23198.361480	943.847113	-6678.254208	-14553.109056	-29827.553609	187500.000000	-17633.335904	-187500.022352	-18513.793470	-29192.652308	-0.038000	0.974000	0.166000	192.000000	0.000000	0.000000	0.000000	0.000000	0.000000	0.000000	0.000000	0.000000	0.000000	1741983484.403561	0.000000
170.000000	-3266.081603	-1800.187147	-21454.545433	-11344.963174	-19987.086354	-187500.022352	-23199.747288	943.511837	-6686.010264	-14559.591062	-29757.771463	187500.000000	-17636.666314	-187500.022352	-18512.787642	-29201.525951	-0.038000	0.974000	0.166000	192.000000	0.000000	0.000000	0.000000	0.000000	0.000000	0.000000	0.000000	0.000000	0.000000	1741983484.403707	0.000000
172.000000	-3262.415917	-1795.001542	-21451.460892	-11346.125465	-19991.623758	-187500.022352	-23207.905675	934.347622	-6684.624456	-14557.333536	-29824.334958	187500.000000	-17640.063779	-187500.022352	-18528.143290	-29205.213988	-0.038000	0.974000	0.166000	192.000000	0.000000	0.000000	0.000000	0.000000	0.000000	0.000000	0.000000	0.000000	0.000000	1741983484.403860	0.000000
174.000000	-3260.337205	-1796.119129	-21450.410360	-11345.432561	-19993.702471	-187500.022352	-23206.206942	934.191160	-6676.846048	-14553.176111	-29782.537196	187500.000000	-17635.705189	-187500.022352	-18523.091796	-29207.471515	-0.038000	0.976000	0.162000	192.000000	127.000000	104.000000	15.000000	64.000000	2.500000	8.000000	0.000000	0.000000	0.000000	1741983484.404002	0.000000
176.000000	-3254.011661	-1790.687655	-21446.185880	-11343.085628	-19981.923101	-187500.022352	-23196.841561	939.779096	-6678.455374	-14550.873882	-29809.135772	187500.000000	-17637.716846	-187500.022352	-18527.942124	-29207.695032	-0.038000	0.976000	0.162000	192.000000	0.000000	0.000000	0.000000	0.000000	0.000000	0.000000	0.000000	0.000000	0.000000	1741983484.404150	0.000000
178.000000	-3254.682214	-1790.240620	-21449.046904	-11339.956384	-19985.097049	-187500.022352	-23196.774506	942.863636	-6681.674025	-14549.868053	-29784.750019	187500.000000	-17636.129872	-187500.022352	-18519.940200	-29203.716422	-0.038000	0.976000	0.162000	192.000000	0.000000	0.000000	0.000000	0.000000	0.000000	0.000000	0.000000	0.000000	0.000000	1741983484.404290	0.000000
180.000000	-3240.578263	-1775.309655	-21437.736921	-11330.032209	-19976.357517	-187500.022352	-23183.184646	951.938445	-6671.906313	-14542.000239	-29821.116307	187500.000000	-17633.313553	-187500.022352	-18517.906191	-29186.863206	-0.038000	0.976000	0.162000	192.000000	0.000000	0.000000	0.000000	0.000000	0.000000	0.000000	0.000000	0.000000	0.000000	1741983484.404421	0.000000
182.000000	-3246.680289	-1785.077367	-21441.179090	-11341.610413	-19992.093145	-187500.022352	-23204.597617	937.633328	-6671.101650	-14552.639669	-29820.848086	187500.000000	-17633.894698	-187500.022352	-18514.508726	-29198.106134	-0.038000	0.976000	0.162000	192.000000	0.000000	0.000000	0.000000	0.000000	0.000000	0.000000	0.000000	0.000000	0.000000	1741983484.463641	0.000000
184.000000	-3234.811513	-1775.600228	-21437.647514	-11329.920450	-19981.900749	-187500.022352	-23194.852256	934.459380	-6675.169668	-14554.964251	-29797.870493	187500.000000	-17638.454454	-187500.022352	-18524.276438	-29200.631881	-0.038000	0.982000	0.160000	192.000000	127.000000	104.000000	15.000000	88.000000	2.500000	0.000000	0.000000	0.000000	0.000000	1741983484.463828	0.000000
186.000000	-3241.539388	-1778.148327	-21424.594095	-11324.243107	-19983.040688	-187500.022352	-23190.091335	945.299977	-6666.497191	-14533.081893	-29821.272769	187500.000000	-17625.311628	-187500.022352	-18504.919828	-29190.819465	-0.038000	0.982000	0.160000	192.000000	0.000000	0.000000	0.000000	0.000000	0.000000	0.000000	0.000000	0.000000	0.000000	1741983484.463981	0.000000
188.000000	-3247.708469	-1786.999617	-21442.631953	-11334.882538	-19984.158276	-187500.022352	-23195.813381	943.131857	-6672.465107	-14543.006068	-29783.431266	187500.000000	-17633.067683	-187500.022352	-18512.832345	-29197.167360	-0.038000	0.982000	0.160000	192.000000	0.000000	0.000000	0.000000	0.000000	0.000000	0.000000	0.000000	0.000000	0.000000	1741983484.464130	0.000000
190.000000	-3250.368327	-1789.391254	-21438.161604	-11343.152683	-19985.901712	-187500.022352	-23205.178762	933.252386	-6669.335862	-14557.579405	-29819.529333	187500.000000	-17629.558459	-187500.022352	-18510.820688	-29200.542474	-0.038000	0.982000	0.160000	192.000000	0.000000	0.000000	0.000000	0.000000	0.000000	0.000000	0.000000	0.000000	0.000000	1741983484.464268	0.000000
192.000000	-3254.548103	-1793.436920	-21458.769913	-11345.209044	-19987.980424	-187500.022352	-23204.262341	927.217415	-6684.467993	-14553.667850	-29760.096045	187500.000000	-17640.756683	-187500.022352	-18524.097624	-29211.271311	-0.038000	0.982000	0.160000	192.000000	0.000000	0.000000	0.000000	0.000000	0.000000	0.000000	0.000000	0.000000	0.000000	1741983484.464413	0.000000
194.000000	-3248.915464	-1784.719740	-21436.574630	-11329.898099	-19976.603386	-187500.022352	-23195.031070	933.542959	-6678.164801	-14546.045905	-29816.489496	187500.000000	-17630.676047	-187500.022352	-18514.709892	-29203.291738	-0.036000	0.978000	0.158000	192.000000	127.000000	112.000000	15.000000	72.000000	2.000000	120.000000	0.000000	0.000000	0.000000	1741983484.464561	0.000000
196.000000	-3251.016528	-1792.006408	-21453.383142	-11335.039000	-19986.371098	-187500.022352	-23196.305120	941.611939	-6676.488421	-14546.783512	-29756.005675	187500.000000	-17635.906355	-187500.022352	-18518.129709	-29200.564826	-0.036000	0.978000	0.158000	192.000000	0.000000	0.000000	0.000000	0.000000	0.000000	0.000000	0.000000	0.000000	0.000000	1741983484.522857	0.000000
198.000000	-3254.704565	-1797.057902	-21442.073159	-11337.698858	-19982.303081	-187500.022352	-23191.164218	948.049241	-6674.029729	-14549.108094	-29831.375758	187500.000000	-17627.569154	-187500.022352	-18520.364883	-29199.067259	-0.036000	0.978000	0.158000	192.000000	0.000000	0.000000	0.000000	0.000000	0.000000	0.000000	0.000000	0.000000	0.000000	1741983484.523037	0.000000
200.000000	-3257.498533	-1798.555469	-21455.126578	-11337.385933	-19986.460505	-187500.022352	-23194.695794	948.563331	-6683.730386	-14546.895271	-29753.614039	187500.000000	-17638.700323	-187500.022352	-18519.403758	-29200.006032	-0.036000	0.978000	0.158000	192.000000	0.000000	0.000000	0.000000	0.000000	0.000000	0.000000	0.000000	0.000000	0.000000	1741983484.523177	0.000000
202.000000	-3255.755097	-1789.100681	-21433.937124	-11331.172148	-19981.140790	-187500.022352	-23192.527675	950.105602	-6682.858668	-14539.541547	-29838.908296	187500.000000	-17633.559422	-187500.022352	-18515.559258	-29191.490017	-0.036000	0.978000	0.158000	192.000000	0.000000	0.000000	0.000000	0.000000	0.000000	0.000000	0.000000	0.000000	0.000000	1741983484.523317	0.000000
204.000000	-3246.747344	-1792.051112	-21448.197537	-11334.681372	-19973.183569	-187500.022352	-23187.476180	955.447668	-6684.400938	-14536.725227	-29748.383730	187500.000000	-17634.609954	-187500.022352	-18513.346435	-29197.100305	-0.038000	0.974000	0.164000	192.000000	127.000000	104.000000	15.000000	56.000000	2.500000	16.000000	0.000000	0.000000	0.000000	1741983484.523459	0.000000
206.000000	-3252.156467	-1803.919888	-21436.239354	-11340.179901	-19977.184531	-187500.022352	-23194.137000	945.925825	-6677.315435	-14544.548338	-29845.837336	187500.000000	-17627.993837	-187500.022352	-18512.899400	-29199.581349	-0.038000	0.974000	0.164000	192.000000	0.000000	0.000000	0.000000	0.000000	0.000000	0.000000	0.000000	0.000000	0.000000	1741983484.523618	0.000000
208.000000	-3253.296405	-1809.887804	-21449.650401	-11340.492826	-19978.927967	-187500.022352	-23187.610291	949.725622	-6681.942246	-14557.288832	-29762.353571	187500.000000	-17631.011323	-187500.022352	-18517.369749	-29206.868018	-0.038000	0.974000	0.164000	192.000000	0.000000	0.000000	0.000000	0.000000	0.000000	0.000000	0.000000	0.000000	0.000000	1741983484.523762	0.000000
210.000000	-3257.207961	-1808.837272	-21433.333627	-11337.855320	-19979.822037	-187500.022352	-23183.721087	955.313558	-6683.193944	-14543.721323	-29842.328112	187500.000000	-17631.637172	-187500.022352	-18512.921752	-29201.391840	-0.038000	0.974000	0.164000	192.000000	0.000000	0.000000	0.000000	0.000000	0.000000	0.000000	0.000000	0.000000	0.000000	1741983484.523905	0.000000
212.000000	-3252.268225	-1805.886842	-21449.940974	-11336.491863	-19978.525636	-187500.022352	-23185.486875	958.912189	-6690.994703	-14553.511388	-29746.461480	187500.000000	-17635.012285	-187500.022352	-18514.352264	-29206.018651	-0.038000	0.974000	0.164000	192.000000	0.000000	0.000000	0.000000	0.000000	0.000000	0.000000	0.000000	0.000000	0.000000	1741983484.583272	0.000000
214.000000	-3251.910597	-1803.450501	-21437.491052	-11330.166320	-19972.915348	-187500.022352	-23177.730820	970.892724	-6679.751775	-14544.637745	-29853.883964	187500.000000	-17627.367989	-187500.022352	-18510.887743	-29189.366602	-0.042000	0.974000	0.162000	192.000000	127.000000	88.000000	15.000000	56.000000	2.500000	8.000000	0.000000	0.000000	0.000000	1741983484.583454	0.000000
216.000000	-3256.202132	-1805.797435	-21448.354000	-11333.094398	-19974.032935	-187500.022352	-23176.859102	971.518573	-6679.595313	-14538.423960	-29793.198978	187500.000000	-17624.641076	-187500.022352	-18505.165697	-29191.981756	-0.042000	0.974000	0.162000	192.000000	0.000000	0.000000	0.000000	0.000000	0.000000	0.000000	0.000000	0.000000	0.000000	1741983484.583614	0.000000
218.000000	-3253.206998	-1800.924754	-21443.257802	-11336.380105	-19969.786104	-187500.022352	-23178.960166	963.650759	-6685.674988	-14540.547376	-29850.352389	187500.000000	-17633.581773	-187500.022352	-18511.200668	-29190.573596	-0.042000	0.974000	0.162000	192.000000	0.000000	0.000000	0.000000	0.000000	0.000000	0.000000	0.000000	0.000000	0.000000	1741983484.583764	0.000000
220.000000	-3266.886266	-1813.911118	-21462.212081	-11350.998145	-19977.788028	-187500.022352	-23183.922253	954.039509	-6693.431043	-14559.278138	-29782.313679	187500.000000	-17630.430178	-187500.022352	-18510.105432	-29204.744602	-0.042000	0.974000	0.162000	192.000000	0.000000	0.000000	0.000000	0.000000	0.000000	0.000000	0.000000	0.000000	0.000000	1741983484.583904	0.000000
222.000000	-3263.354690	-1808.501996	-21454.299564	-11349.679393	-19977.095124	-187500.022352	-23185.375117	945.747011	-6696.761453	-14547.230547	-29836.918990	187500.000000	-17637.493329	-187500.022352	-18517.302694	-29206.197465	-0.042000	0.974000	0.162000	192.000000	0.000000	0.000000	0.000000	0.000000	0.000000	0.000000	0.000000	0.000000	0.000000	1741983484.584040	0.000000
224.000000	-3264.248760	-1810.066618	-21456.579442	-11350.774628	-19980.067906	-187500.022352	-23189.845465	940.539055	-6694.570982	-14556.350059	-29788.281594	187500.000000	-17636.129872	-187500.022352	-18515.402796	-29215.942826	-0.042000	0.972000	0.168000	192.000000	127.000000	88.000000	15.000000	48.000000	2.500000	32.000000	0.000000	0.000000	0.000000	1741983484.584177	0.000000
226.000000	-3255.620987	-1802.601135	-21451.639706	-11348.293584	-19978.950319	-187500.022352	-23193.779372	938.437991	-6684.825621	-14551.700896	-29817.607083	187500.000000	-17629.938439	-187500.022352	-18514.173450	-29207.605625	-0.042000	0.972000	0.168000	192.000000	0.000000	0.000000	0.000000	0.000000	0.000000	0.000000	0.000000	0.000000	0.000000	1741983484.644431	0.000000
228.000000	-3261.208923	-1805.529214	-21457.987602	-11349.902910	-19987.958072	-187500.022352	-23203.390623	941.254311	-6692.961656	-14553.980774	-29790.673231	187500.000000	-17640.622573	-187500.022352	-18517.883839	-29218.490925	-0.042000	0.972000	0.168000	192.000000	0.000000	0.000000	0.000000	0.000000	0.000000	0.000000	0.000000	0.000000	0.000000	1741983484.644709	0.000000
230.000000	-3254.637510	-1793.973362	-21451.147968	-11339.486997	-19975.754020	-187500.022352	-23185.553930	958.643968	-6697.700226	-14542.134350	-29805.693603	187500.000000	-17641.986029	-187500.022352	-18520.677807	-29203.135276	-0.042000	0.972000	0.168000	192.000000	0.000000	0.000000	0.000000	0.000000	0.000000	0.000000	0.000000	0.000000	0.000000	1741983484.644921	0.000000
232.000000	-3245.428591	-1786.194955	-21439.413302	-11330.121616	-19969.942566	-187500.022352	-23179.228387	958.018119	-6688.513659	-14530.198518	-29813.695528	187500.000000	-17631.190137	-187500.022352	-18506.730319	-29196.854436	-0.042000	0.972000	0.168000	192.000000	0.000000	0.000000	0.000000	0.000000	0.000000	0.000000	0.000000	0.000000	0.000000	1741983484.645146	0.000000
234.000000	-3240.466504	-1786.999617	-21445.582383	-11332.155625	-19971.931871	-187500.022352	-23180.100105	956.878180	-6677.360139	-14531.919602	-29812.689699	187500.000000	-17629.737273	-187500.022352	-18506.529153	-29189.031325	-0.036000	0.966000	0.168000	192.000000	127.000000	112.000000	15.000000	24.000000	2.500000	32.000000	0.000000	0.000000	0.000000	1741983484.645352	0.000000
236.000000	-3251.575321	-1800.008333	-21440.687351	-11334.837834	-19968.601461	-187500.022352	-23177.172026	958.666320	-6680.489383	-14545.889443	-29840.785842	187500.000000	-17628.619686	-187500.022352	-18502.841115	-29195.178055	-0.036000	0.966000	0.168000	192.000000	0.000000	0.000000	0.000000	0.000000	0.000000	0.000000	0.000000	0.000000	0.000000	1741983484.645589	0.000000
238.000000	-3268.182667	-1813.017048	-21462.055619	-11343.219738	-19985.499380	-187500.022352	-23185.352765	948.451572	-6700.002456	-14551.700896	-29798.608100	187500.000000	-17638.365047	-187500.022352	-18512.452365	-29201.861227	-0.036000	0.966000	0.168000	192.000000	0.000000	0.000000	0.000000	0.000000	0.000000	0.000000	0.000000	0.000000	0.000000	1741983484.645826	0.000000
240.000000	-3260.694833	-1801.327086	-21437.848680	-11330.546299	-19973.608252	-187500.022352	-23178.043744	960.230942	-6689.899467	-14544.235414	-29843.959790	187500.000000	-17632.508890	-187500.022352	-18507.087947	-29195.580387	-0.036000	0.966000	0.168000	192.000000	0.000000	0.000000	0.000000	0.000000	0.000000	0.000000	0.000000	0.000000	0.000000	1741983484.646040	0.000000
242.000000	-3264.695795	-1812.726475	-21464.961346	-11348.047715	-19991.243779	-187500.022352	-23200.395489	944.338851	-6696.984970	-14548.392838	-29773.797664	187500.000000	-17642.030733	-187500.022352	-18522.577706	-29209.840800	-0.036000	0.966000	0.168000	192.000000	0.000000	0.000000	0.000000	0.000000	0.000000	0.000000	0.000000	0.000000	0.000000	1741983484.703324	0.000000
244.000000	-3266.081603	-1815.118112	-21450.544471	-11351.154608	-19985.275863	-187500.022352	-23197.445059	943.109506	-6687.574886	-14543.430751	-29843.669217	187500.000000	-17630.430178	-187500.022352	-18521.057787	-29212.165381	-0.034000	0.968000	0.164000	192.000000	127.000000	120.000000	15.000000	32.000000	2.500000	16.000000	0.000000	0.000000	0.000000	1741983484.703558	0.000000
246.000000	-3267.020377	-1818.828502	-21462.770875	-11352.920395	-19985.834656	-187500.022352	-23198.026204	934.414677	-6701.410616	-14561.289795	-29769.215556	187500.000000	-17637.493329	-187500.022352	-18528.523270	-29224.660006	-0.034000	0.968000	0.164000	192.000000	0.000000	0.000000	0.000000	0.000000	0.000000	0.000000	0.000000	0.000000	0.000000	1741983484.703794	0.000000
248.000000	-3270.037862	-1819.253185	-21448.465758	-11351.221663	-19989.321529	-187500.022352	-23206.877495	929.072610	-6697.499060	-14556.461818	-29831.375758	187500.000000	-17636.979239	-187500.022352	-18520.387235	-29225.509372	-0.034000	0.968000	0.164000	192.000000	0.000000	0.000000	0.000000	0.000000	0.000000	0.000000	0.000000	0.000000	0.000000	1741983484.704031	0.000000
250.000000	-3260.225446	-1815.855720	-21462.614413	-11352.182788	-19977.340994	-187500.022352	-23192.281806	937.141590	-6693.162822	-14562.362678	-29743.443995	187500.000000	-17633.358256	-187500.022352	-18521.214249	-29225.419965	-0.034000	0.968000	0.164000	192.000000	0.000000	0.000000	0.000000	0.000000	0.000000	0.000000	0.000000	0.000000	0.000000	1741983484.704250	0.000000
252.000000	-3256.917388	-1804.836310	-21440.173261	-11338.525872	-19967.506226	-187500.022352	-23184.101067	954.061860	-6684.959732	-14541.217928	-29847.647828	187500.000000	-17621.847108	-187500.022352	-18512.228848	-29210.064317	-0.034000	0.968000	0.164000	192.000000	0.000000	0.000000	0.000000	0.000000	0.000000	0.000000	0.000000	0.000000	0.000000	1741983484.704464	0.000000
254.000000	-3265.969845	-1814.514615	-21456.244165	-11339.665811	-19977.162180	-187500.022352	-23188.504361	961.594398	-6693.431043	-14537.529890	-29780.860815	187500.000000	-17624.618724	-187500.022352	-18508.809031	-29206.845666	-0.044000	0.970000	0.160000	192.000000	127.000000	80.000000	15.000000	40.000000	2.500000	0.000000	0.000000	0.000000	0.000000	1741983484.704696	0.000000
0.000000	-3266.461583	-1817.867377	-21443.906003	-11342.705648	-19985.722898	-187500.022352	-23194.248759	950.642043	-6696.314418	-14551.656193	-29856.052083	187500.000000	-17631.391303	-187500.022352	-18518.733206	-29213.461782	-0.044000	0.970000	0.160000	192.000000	0.000000	0.000000	0.000000	0.000000	0.000000	0.000000	0.000000	0.000000	0.000000	1741983484.763966	0.000000
2.000000	-3266.238066	-1823.052981	-21461.049791	-11346.281927	-19983.934758	-187500.022352	-23194.382870	950.373822	-6694.638037	-14556.014783	-29767.405065	187500.000000	-17632.687704	-187500.022352	-18516.542735	-29215.004053	-0.044000	0.970000	0.160000	192.000000	0.000000	0.000000	0.000000	0.000000	0.000000	0.000000	0.000000	0.000000	0.000000	1741983484.764224	0.000000
4.000000	-3275.201115	-1826.808074	-21463.016744	-11353.076858	-19985.857008	-187500.022352	-23197.378003	942.103677	-6702.125871	-14558.160550	-29849.681836	187500.000000	-17640.555518	-187500.022352	-18528.277401	-29220.144954	-0.044000	0.970000	0.160000	192.000000	0.000000	0.000000	0.000000	0.000000	0.000000	0.000000	0.000000	0.000000	0.000000	1741983484.764436	0.000000
6.000000	-3275.558743	-1825.846949	-21472.337421	-11351.333422	-19989.433287	-187500.022352	-23199.344957	947.110468	-6703.243459	-14557.937033	-29777.709219	187500.000000	-17641.918974	-187500.022352	-18527.092758	-29220.167305	-0.044000	0.970000	0.160000	192.000000	0.000000	0.000000	0.000000	0.000000	0.000000	0.000000	0.000000	0.000000	0.000000	1741983484.764651	0.000000
8.000000	-3266.595693	-1818.247356	-21454.903061	-11347.243052	-19981.878398	-187500.022352	-23194.539332	950.083250	-6699.287200	-14554.137236	-29856.320304	187500.000000	-17635.928707	-187500.022352	-18531.652514	-29217.574503	-0.042000	0.970000	0.158000	192.000000	127.000000	88.000000	15.000000	40.000000	2.000000	120.000000	0.000000	0.000000	0.000000	1741983484.764859	0.000000
10.000000	-3268.808516	-1825.466970	-21464.179035	-11353.143913	-19980.403183	-187500.022352	-23186.157428	953.525418	-6695.666217	-14556.193597	-29781.732533	187500.000000	-17637.739198	-187500.022352	-18520.320180	-29221.575465	-0.042000	0.970000	0.158000	192.000000	0.000000	0.000000	0.000000	0.000000	0.000000	0.000000	0.000000	0.000000	0.000000	1741983484.765071	0.000000
12.000000	-3269.412013	-1822.449484	-21455.327744	-11349.589986	-19981.520770	-187500.022352	-23190.739535	952.653700	-6698.728406	-14549.733943	-29845.323246	187500.000000	-17636.085169	-187500.022352	-18521.661284	-29218.803849	-0.042000	0.970000	0.158000	192.000000	0.000000	0.000000	0.000000	0.000000	0.000000	0.000000	0.000000	0.000000	0.000000	1741983484.765288	0.000000
14.000000	-3265.612217	-1817.330935	-21453.047866	-11345.410209	-19980.649052	-187500.022352	-23190.404259	945.478790	-6696.381473	-14548.571652	-29792.304908	187500.000000	-17631.905393	-187500.022352	-18515.760424	-29222.424832	-0.042000	0.970000	0.158000	192.000000	0.000000	0.000000	0.000000	0.000000	0.000000	0.000000	0.000000	0.000000	0.000000	1741983484.765504	0.000000
16.000000	-3263.198228	-1821.309545	-21455.081875	-11353.769762	-19980.067906	-187500.022352	-23193.421745	939.130895	-6692.648732	-14559.300489	-29821.205714	187500.000000	-17634.654657	-187500.022352	-18524.611714	-29230.002073	-0.042000	0.970000	0.158000	192.000000	0.000000	0.000000	0.000000	0.000000	0.000000	0.000000	0.000000	0.000000	0.000000	1741983484.822505	0.000000
18.000000	-3267.154487	-1822.740057	-21457.808788	-11349.791151	-19982.772467	-187500.022352	-23198.339128	945.858770	-6686.725520	-14558.473475	-29780.860815	187500.000000	-17625.959829	-187500.022352	-18514.955761	-29226.962236	-0.034000	0.972000	0.156000	192.000000	127.000000	120.000000	15.000000	48.000000	2.000000	112.000000	0.000000	0.000000	0.000000	1741983484.822771	0.000000
20.000000	-3269.210848	-1820.594289	-21456.378276	-11341.655116	-19988.539218	-187500.022352	-23195.008718	948.786849	-6694.861554	-14551.231510	-29792.215501	187500.000000	-17635.951058	-187500.022352	-18528.724435	-29217.306282	-0.034000	0.972000	0.156000	192.000000	0.000000	0.000000	0.000000	0.000000	0.000000	0.000000	0.000000	0.000000	0.000000	1741983484.822931	0.000000
22.000000	-3266.461583	-1815.967478	-21445.604735	-11334.413151	-19982.034860	-187500.022352	-23186.962090	963.896628	-6693.185174	-14540.636783	-29779.586766	187500.000000	-17629.334942	-187500.022352	-18518.666150	-29206.420983	-0.034000	0.972000	0.156000	192.000000	0.000000	0.000000	0.000000	0.000000	0.000000	0.000000	0.000000	0.000000	0.000000	1741983484.823075	0.000000
24.000000	-3265.232237	-1820.683696	-21453.919584	-11345.432561	-19975.776371	-187500.022352	-23181.575320	963.516648	-6699.555421	-14553.578443	-29777.284536	187500.000000	-17636.331038	-187500.022352	-18525.841060	-29211.204256	-0.034000	0.972000	0.156000	192.000000	0.000000	0.000000	0.000000	0.000000	0.000000	0.000000	0.000000	0.000000	0.000000	1741983484.823226	0.000000
26.000000	-3267.802688	-1823.544720	-21447.884613	-11347.533625	-19980.000851	-187500.022352	-23195.053422	957.682843	-6685.384415	-14545.241242	-29802.743173	187500.000000	-17620.170727	-187500.022352	-18515.425147	-29215.473439	-0.034000	0.972000	0.156000	192.000000	0.000000	0.000000	0.000000	0.000000	0.000000	0.000000	0.000000	0.000000	0.000000	1741983484.823371	0.000000
28.000000	-3269.970807	-1823.030630	-21460.960384	-11350.551111	-19987.645148	-187500.022352	-23199.367309	946.574026	-6699.868345	-14553.265518	-29768.835577	187500.000000	-17635.638134	-187500.022352	-18532.121901	-29226.917532	-0.042000	0.974000	0.156000	192.000000	127.000000	88.000000	15.000000	56.000000	2.000000	112.000000	0.000000	0.000000	0.000000	1741983484.823517	0.000000
30.000000	-3271.960112	-1825.019935	-21444.263630	-11346.416038	-19987.019299	-187500.022352	-23201.334262	948.183352	-6692.671084	-14551.857358	-29797.870493	187500.000000	-17625.781015	-187500.022352	-18522.667113	-29220.994320	-0.042000	0.974000	0.156000	192.000000	0.000000	0.000000	0.000000	0.000000	0.000000	0.000000	0.000000	0.000000	0.000000	1741983484.882777	0.000000
32.000000	-3258.638472	-1817.152121	-21445.984715	-11341.185730	-19976.111648	-187500.022352	-23188.616119	954.888875	-6697.834336	-14553.578443	-29741.007655	187500.000000	-17632.039503	-187500.022352	-18528.120938	-29220.301416	-0.042000	0.974000	0.156000	192.000000	0.000000	0.000000	0.000000	0.000000	0.000000	0.000000	0.000000	0.000000	0.000000	1741983484.882931	0.000000
34.000000	-3263.913484	-1819.119074	-21438.586287	-11339.576404	-19976.268110	-187500.022352	-23186.269186	955.827648	-6686.814926	-14541.150873	-29805.023051	187500.000000	-17617.667331	-187500.022352	-18515.805127	-29213.327672	-0.042000	0.974000	0.156000	192.000000	0.000000	0.000000	0.000000	0.000000	0.000000	0.000000	0.000000	0.000000	0.000000	1741983484.883082	0.000000
36.000000	-3261.767717	-1815.185167	-21448.711628	-11337.520044	-19969.651993	-187500.022352	-23173.863968	965.841230	-6689.877115	-14536.658172	-29748.651951	187500.000000	-17616.840317	-187500.022352	-18514.620485	-29207.315052	-0.042000	0.974000	0.156000	192.000000	0.000000	0.000000	0.000000	0.000000	0.000000	0.000000	0.000000	0.000000	0.000000	1741983484.883232	0.000000
38.000000	-3269.009682	-1822.628298	-21444.308334	-11346.103113	-19983.755944	-187500.022352	-23194.986367	958.599264	-6690.279447	-14544.056600	-29810.141600	187500.000000	-17618.986084	-187500.022352	-18518.397929	-29214.557018	-0.040000	0.974000	0.160000	192.000000	127.000000	96.000000	15.000000	56.000000	2.500000	0.000000	0.000000	0.000000	0.000000	1741983484.883372	0.000000
40.000000	-3262.706490	-1820.862510	-21455.439503	-11347.712439	-19973.317680	-187500.022352	-23188.258492	961.817916	-6688.491307	-14547.655230	-29741.365283	187500.000000	-17621.802404	-187500.022352	-18525.595191	-29217.909779	-0.040000	0.974000	0.160000	192.000000	0.000000	0.000000	0.000000	0.000000	0.000000	0.000000	0.000000	0.000000	0.000000	1741983484.883525	0.000000
42.000000	-3275.089356	-1829.043249	-21448.108130	-11351.713401	-19985.029994	-187500.022352	-23201.893056	943.645947	-6690.570020	-14547.029382	-29827.218333	187500.000000	-17614.180459	-187500.022352	-18520.923677	-29218.446221	-0.040000	0.974000	0.160000	192.000000	0.000000	0.000000	0.000000	0.000000	0.000000	0.000000	0.000000	0.000000	0.000000	1741983484.883664	0.000000
44.000000	-3279.515002	-1833.401839	-21471.644517	-11358.441276	-19998.150468	-187500.022352	-23213.895942	937.700383	-6708.898450	-14556.193597	-29731.485812	187500.000000	-17633.559422	-187500.022352	-18537.240450	-29229.957370	-0.040000	0.974000	0.160000	192.000000	0.000000	0.000000	0.000000	0.000000	0.000000	0.000000	0.000000	0.000000	0.000000	1741983484.883803	0.000000
46.000000	-3266.774507	-1819.722571	-21442.766064	-11347.824198	-19980.179665	-187500.022352	-23195.589864	949.993843	-6695.152127	-14545.196539	-29826.257208	187500.000000	-17623.188212	-187500.022352	-18533.127729	-29221.731928	-0.040000	0.974000	0.160000	192.000000	0.000000	0.000000	0.000000	0.000000	0.000000	0.000000	0.000000	0.000000	0.000000	1741983484.944056	0.000000
48.000000	-3268.517943	-1823.432961	-21459.462817	-11351.199311	-19982.303081	-187500.022352	-23193.466448	950.664395	-6689.564191	-14552.036172	-29754.530460	187500.000000	-17616.840317	-187500.022352	-18521.638932	-29218.714442	-0.042000	0.972000	0.164000	192.000000	127.000000	88.000000	15.000000	48.000000	2.500000	16.000000	0.000000	0.000000	0.000000	1741983484.944237	0.000000
50.000000	-3280.789051	-1831.859569	-21458.255822	-11361.950500	-19993.255436	-187500.022352	-23207.212771	943.757706	-6700.561249	-14549.823350	-29834.907333	187500.000000	-17625.915125	-187500.022352	-18537.151043	-29229.398576	-0.042000	0.972000	0.164000	192.000000	0.000000	0.000000	0.000000	0.000000	0.000000	0.000000	0.000000	0.000000	0.000000	1741983484.944381	0.000000
52.000000	-3272.876534	-1825.466970	-21461.854453	-11354.172093	-19986.572264	-187500.022352	-23200.127268	956.386442	-6701.388264	-14544.950669	-29744.338065	187500.000000	-17629.178480	-187500.022352	-18537.508671	-29229.510335	-0.042000	0.972000	0.164000	192.000000	0.000000	0.000000	0.000000	0.000000	0.000000	0.000000	0.000000	0.000000	0.000000	1741983484.944521	0.000000
54.000000	-3273.323569	-1827.098647	-21447.839910	-11351.758105	-19977.095124	-187500.022352	-23190.337204	956.654663	-6699.622476	-14553.712553	-29831.353406	187500.000000	-17621.936515	-187500.022352	-18534.066502	-29223.028329	-0.042000	0.972000	0.164000	192.000000	0.000000	0.000000	0.000000	0.000000	0.000000	0.000000	0.000000	0.000000	0.000000	1741983484.944660	0.000000
56.000000	-3277.570400	-1835.927586	-21459.552224	-11355.177922	-19985.342918	-187500.022352	-23198.964977	955.246503	-6693.431043	-14552.840835	-29767.896803	187500.000000	-17620.885983	-187500.022352	-18523.136499	-29220.368471	-0.042000	0.972000	0.164000	192.000000	0.000000	0.000000	0.000000	0.000000	0.000000	0.000000	0.000000	0.000000	0.000000	1741983484.944807	0.000000
58.000000	-3267.579170	-1823.120036	-21445.761197	-11348.561805	-19984.135924	-187500.022352	-23192.281806	956.654663	-6691.464089	-14551.879710	-29838.908296	187500.000000	-17624.506965	-187500.022352	-18535.765235	-29219.630864	-0.036000	0.974000	0.166000	192.000000	127.000000	112.000000	15.000000	56.000000	2.500000	24.000000	0.000000	0.000000	0.000000	1741983484.944959	0.000000
60.000000	-3270.842525	-1825.086990	-21460.714514	-11359.357698	-19994.753002	-187500.022352	-23207.346881	947.199875	-6692.447566	-14555.903024	-29765.639277	187500.000000	-17622.852936	-187500.022352	-18534.424130	-29231.477288	-0.036000	0.974000	0.166000	192.000000	0.000000	0.000000	0.000000	0.000000	0.000000	0.000000	0.000000	0.000000	0.000000	1741983485.004814	0.000000
62.000000	-3261.991234	-1816.839196	-21447.996372	-11353.635651	-19988.047479	-187500.022352	-23198.652053	959.247465	-6689.944171	-14546.582347	-29819.574037	187500.000000	-17625.758663	-187500.022352	-18541.263764	-29227.632788	-0.036000	0.974000	0.166000	192.000000	0.000000	0.000000	0.000000	0.000000	0.000000	0.000000	0.000000	0.000000	0.000000	1741983485.005004	0.000000
64.000000	-3270.529600	-1824.841121	-21460.111017	-11356.206102	-19994.149505	-187500.022352	-23207.056309	954.955930	-6691.709959	-14551.097399	-29765.348704	187500.000000	-17623.367026	-187500.022352	-18536.659305	-29232.505468	-0.036000	0.974000	0.166000	192.000000	0.000000	0.000000	0.000000	0.000000	0.000000	0.000000	0.000000	0.000000	0.000000	1741983485.005148	0.000000
66.000000	-3271.200153	-1823.120036	-21458.814616	-11356.228454	-19991.824924	-187500.022352	-23210.923160	947.490447	-6699.041331	-14546.649402	-29794.048344	187500.000000	-17630.340771	-187500.022352	-18546.427017	-29233.086614	-0.036000	0.974000	0.166000	192.000000	0.000000	0.000000	0.000000	0.000000	0.000000	0.000000	0.000000	0.000000	0.000000	1741983485.005292	0.000000
68.000000	-3254.637510	-1807.652629	-21445.202404	-11345.231395	-19981.654880	-187500.022352	-23199.009681	958.912189	-6690.391206	-14541.732018	-29765.169891	187500.000000	-17620.148375	-187500.022352	-18533.172433	-29229.778556	-0.038000	0.970000	0.164000	192.000000	127.000000	104.000000	15.000000	40.000000	2.500000	16.000000	0.000000	0.000000	0.000000	1741983485.005439	0.000000
70.000000	-3257.722051	-1814.380504	-21447.035247	-11350.171131	-19976.849255	-187500.022352	-23195.031070	955.782945	-6680.735252	-14539.653306	-29792.595481	187500.000000	-17617.399110	-187500.022352	-18530.110244	-29222.246018	-0.038000	0.970000	0.164000	192.000000	0.000000	0.000000	0.000000	0.000000	0.000000	0.000000	0.000000	0.000000	0.000000	1741983485.005597	0.000000
72.000000	-3278.911505	-1828.707973	-21458.456988	-11363.649233	-19985.700546	-187500.022352	-23210.051442	939.712040	-6684.199772	-14538.379257	-29780.100856	187500.000000	-17613.196983	-187500.022352	-18526.310447	-29233.310131	-0.038000	0.970000	0.164000	192.000000	0.000000	0.000000	0.000000	0.000000	0.000000	0.000000	0.000000	0.000000	0.000000	1741983485.005744	0.000000
74.000000	-3270.998987	-1818.917909	-21466.056581	-11359.335346	-19982.325433	-187500.022352	-23196.506285	949.345642	-6706.238592	-14539.027457	-29759.246678	187500.000000	-17628.619686	-187500.022352	-18549.086875	-29243.189602	-0.038000	0.970000	0.164000	192.000000	0.000000	0.000000	0.000000	0.000000	0.000000	0.000000	0.000000	0.000000	0.000000	1741983485.005880	0.000000
76.000000	-3270.127269	-1819.208481	-21458.166415	-11356.764896	-19990.059136	-187500.022352	-23207.011605	955.894703	-6693.118118	-14530.690256	-29792.327260	187500.000000	-17620.506003	-187500.022352	-18537.128691	-29228.057471	-0.038000	0.970000	0.164000	192.000000	0.000000	0.000000	0.000000	0.000000	0.000000	0.000000	0.000000	0.000000	0.000000	1741983485.063656	0.000000
78.000000	-3272.317740	-1828.283289	-21472.382125	-11364.520951	-19997.524619	-187500.022352	-23217.204001	943.780058	-6702.796424	-14540.346210	-29751.021236	187500.000000	-17636.241631	-187500.022352	-18552.149064	-29235.813527	-0.040000	0.972000	0.160000	192.000000	127.000000	96.000000	15.000000	48.000000	2.500000	0.000000	0.000000	0.000000	0.000000	1741983485.063840	0.000000
80.000000	-3278.978560	-1830.943147	-21464.313145	-11365.392669	-19990.796744	-187500.022352	-23206.855143	952.519590	-6702.952886	-14549.532777	-29778.513882	187500.000000	-17633.067683	-187500.022352	-18549.086875	-29240.082710	-0.040000	0.972000	0.160000	192.000000	0.000000	0.000000	0.000000	0.000000	0.000000	0.000000	0.000000	0.000000	0.000000	1741983485.063998	0.000000
82.000000	-3280.923162	-1831.926624	-21474.036154	-11365.705593	-19988.963901	-187500.022352	-23199.099088	953.346605	-6708.272601	-14547.856396	-29728.602437	187500.000000	-17632.039503	-187500.022352	-18548.058694	-29236.014692	-0.040000	0.972000	0.160000	192.000000	0.000000	0.000000	0.000000	0.000000	0.000000	0.000000	0.000000	0.000000	0.000000	1741983485.064140	0.000000
84.000000	-3288.768624	-1838.006298	-21465.184863	-11370.555922	-19996.071755	-187500.022352	-23208.173896	948.071593	-6711.804177	-14553.421981	-29789.823865	187500.000000	-17631.257192	-187500.022352	-18549.153930	-29238.339274	-0.040000	0.972000	0.160000	192.000000	0.000000	0.000000	0.000000	0.000000	0.000000	0.000000	0.000000	0.000000	0.000000	1741983485.064283	0.000000
86.000000	-3273.256513	-1825.936356	-21473.902044	-11365.884407	-19993.568360	-187500.022352	-23208.553876	952.944273	-6709.434892	-14549.800998	-29727.931884	187500.000000	-17632.441835	-187500.022352	-18554.652459	-29238.763957	-0.040000	0.972000	0.160000	192.000000	0.000000	0.000000	0.000000	0.000000	0.000000	0.000000	0.000000	0.000000	0.000000	1741983485.064419	0.000000
88.000000	-3270.529600	-1821.331897	-21457.585270	-11361.548169	-19989.880322	-187500.022352	-23203.480030	956.118221	-6696.672046	-14531.539623	-29806.475914	187500.000000	-17621.422424	-187500.022352	-18549.556261	-29233.421890	-0.050000	0.976000	0.162000	192.000000	127.000000	56.000000	15.000000	64.000000	2.500000	8.000000	0.000000	0.000000	0.000000	1741983485.064564	0.000000
90.000000	-3270.216676	-1825.489321	-21476.718363	-11370.779439	-19999.178648	-187500.022352	-23212.890114	946.462267	-6701.567078	-14544.213062	-29717.650082	187500.000000	-17627.390340	-187500.022352	-18553.087837	-29242.049663	-0.050000	0.976000	0.162000	192.000000	0.000000	0.000000	0.000000	0.000000	0.000000	0.000000	0.000000	0.000000	0.000000	1741983485.123184	0.000000
92.000000	-3271.200153	-1821.622470	-21456.043000	-11361.972852	-19994.015395	-187500.022352	-23201.624835	949.569160	-6699.086034	-14546.448236	-29793.780123	187500.000000	-17627.524451	-187500.022352	-18554.630107	-29244.441300	-0.050000	0.976000	0.162000	192.000000	0.000000	0.000000	0.000000	0.000000	0.000000	0.000000	0.000000	0.000000	0.000000	1741983485.123385	0.000000
94.000000	-3267.020377	-1815.475740	-21463.374372	-11357.457800	-19985.342918	-187500.022352	-23193.824076	955.335910	-6698.013150	-14536.568765	-29707.033003	187500.000000	-17626.697436	-187500.022352	-18542.269593	-29235.724120	-0.050000	0.976000	0.162000	192.000000	0.000000	0.000000	0.000000	0.000000	0.000000	0.000000	0.000000	0.000000	0.000000	1741983485.123527	0.000000
96.000000	-3261.007757	-1799.673057	-21442.855471	-11342.906814	-19968.601461	-187500.022352	-23179.429552	966.534134	-6692.604028	-14531.606678	-29799.613929	187500.000000	-17619.075491	-187500.022352	-18533.083026	-29225.241151	-0.050000	0.976000	0.162000	192.000000	0.000000	0.000000	0.000000	0.000000	0.000000	0.000000	0.000000	0.000000	0.000000	1741983485.123665	0.000000
98.000000	-3264.472278	-1802.914060	-21464.179035	-11348.561805	-19975.016412	-187500.022352	-23191.454791	958.554561	-6693.520450	-14526.890460	-29732.536344	187500.000000	-17616.572096	-187500.022352	-18523.382368	-29218.133297	-0.056000	0.970000	0.162000	192.000000	127.000000	32.000000	15.000000	40.000000	2.500000	8.000000	0.000000	0.000000	0.000000	1741983485.123809	0.000000
100.000000	-3260.381908	-1797.281420	-21458.233471	-11352.473361	-19984.247683	-187500.022352	-23197.690928	957.816953	-6691.933476	-14529.595021	-29821.049252	187500.000000	-17621.623590	-187500.022352	-18534.446482	-29216.836896	-0.056000	0.970000	0.162000	192.000000	0.000000	0.000000	0.000000	0.000000	0.000000	0.000000	0.000000	0.000000	0.000000	1741983485.123964	0.000000
102.000000	-3260.404260	-1797.348475	-21473.633823	-11357.591910	-19994.261264	-187500.022352	-23210.163201	948.093945	-6687.753700	-14532.456044	-29735.017387	187500.000000	-17630.296067	-187500.022352	-18539.520328	-29225.665835	-0.056000	0.970000	0.162000	192.000000	0.000000	0.000000	0.000000	0.000000	0.000000	0.000000	0.000000	0.000000	0.000000	1741983485.124110	0.000000
104.000000	-3257.990272	-1792.229926	-21459.038134	-11350.752276	-19984.761773	-187500.022352	-23202.854181	944.540017	-6687.507831	-14537.574594	-29806.565321	187500.000000	-17631.436006	-187500.022352	-18539.654438	-29222.737756	-0.056000	0.970000	0.162000	192.000000	0.000000	0.000000	0.000000	0.000000	0.000000	0.000000	0.000000	0.000000	0.000000	1741983485.124249	0.000000
106.000000	-3258.951397	-1789.435958	-21466.704782	-11345.857244	-19981.766639	-187500.022352	-23197.802686	948.339814	-6687.641941	-14538.155739	-29726.277855	187500.000000	-17624.596372	-187500.022352	-18529.327933	-29223.363605	-0.056000	0.970000	0.162000	192.000000	0.000000	0.000000	0.000000	0.000000	0.000000	0.000000	0.000000	0.000000	0.000000	1741983485.183501	0.000000
108.000000	-3258.861990	-1788.608943	-21456.132407	-11344.292622	-19981.565473	-187500.022352	-23200.574303	940.695517	-6690.324150	-14539.273326	-29800.686812	187500.000000	-17631.011323	-187500.022352	-18532.121901	-29211.919512	-0.052000	0.970000	0.160000	192.000000	127.000000	48.000000	15.000000	40.000000	2.500000	0.000000	0.000000	0.000000	0.000000	1741983485.183709	0.000000
110.000000	-3247.239083	-1780.986998	-21460.222776	-11345.857244	-19987.175761	-187500.022352	-23207.704509	930.816046	-6685.585581	-14547.632879	-29736.470251	187500.000000	-17638.901489	-187500.022352	-18534.267668	-29229.197410	-0.052000	0.970000	0.160000	192.000000	0.000000	0.000000	0.000000	0.000000	0.000000	0.000000	0.000000	0.000000	0.000000	1741983485.183875	0.000000
112.000000	-3243.528693	-1776.606056	-21449.471587	-11340.157549	-19986.102877	-187500.022352	-23199.993157	937.543921	-6680.109403	-14544.481283	-29784.437094	187500.000000	-17637.381570	-187500.022352	-18536.614601	-29217.932131	-0.052000	0.970000	0.160000	192.000000	0.000000	0.000000	0.000000	0.000000	0.000000	0.000000	0.000000	0.000000	0.000000	1741983485.184021	0.000000
114.000000	-3249.898940	-1782.551620	-21450.544471	-11341.521006	-19987.958072	-187500.022352	-23200.551951	943.578892	-6679.729423	-14544.950669	-29735.933809	187500.000000	-17631.726579	-187500.022352	-18524.723473	-29212.344195	-0.052000	0.970000	0.160000	192.000000	0.000000	0.000000	0.000000	0.000000	0.000000	0.000000	0.000000	0.000000	0.000000	1741983485.184167	0.000000
116.000000	-3247.574359	-1785.546754	-21443.526023	-11341.610413	-19984.717069	-187500.022352	-23199.926102	945.679956	-6682.501040	-14547.565824	-29761.370094	187500.000000	-17639.326172	-187500.022352	-18528.746787	-29205.817486	-0.052000	0.970000	0.160000	192.000000	0.000000	0.000000	0.000000	0.000000	0.000000	0.000000	0.000000	0.000000	0.000000	1741983485.184306	0.000000
118.000000	-3241.762905	-1783.065710	-21441.939049	-11342.795055	-19980.760810	-187500.022352	-23198.473239	938.862674	-6676.913104	-14551.969117	-29738.705425	187500.000000	-17631.011323	-187500.022352	-18516.162755	-29206.644500	-0.040000	0.970000	0.158000	192.000000	127.000000	96.000000	15.000000	40.000000	2.000000	120.000000	0.000000	0.000000	0.000000	1741983485.184445	0.000000
120.000000	-3233.693926	-1770.325216	-21437.602811	-11330.591003	-19972.781238	-187500.022352	-23189.018451	948.250407	-6673.783859	-14545.062428	-29771.629545	187500.000000	-17624.439910	-187500.022352	-18515.291037	-29196.273291	-0.040000	0.970000	0.158000	192.000000	0.000000	0.000000	0.000000	0.000000	0.000000	0.000000	0.000000	0.000000	0.000000	1741983485.245325	0.000000
122.000000	-3243.372231	-1779.198859	-21438.318066	-11335.240166	-19977.832732	-187500.022352	-23190.024279	938.482694	-6676.309607	-14541.441446	-29774.177644	187500.000000	-17626.406863	-187500.022352	-18511.178316	-29199.424887	-0.040000	0.970000	0.158000	192.000000	0.000000	0.000000	0.000000	0.000000	0.000000	0.000000	0.000000	0.000000	0.000000	1741983485.245514	0.000000
124.000000	-3244.780391	-1783.691559	-21445.291811	-11342.012744	-19984.180627	-187500.022352	-23191.879474	938.706212	-6683.372758	-14549.733943	-29755.201013	187500.000000	-17632.084207	-187500.022352	-18519.627275	-29204.163456	-0.040000	0.970000	0.158000	192.000000	0.000000	0.000000	0.000000	0.000000	0.000000	0.000000	0.000000	0.000000	0.000000	1741983485.245657	0.000000
126.000000	-3238.253681	-1776.404891	-21434.294752	-11339.241128	-19981.990156	-187500.022352	-23201.244855	936.158113	-6668.464144	-14546.001201	-29771.338972	187500.000000	-17628.127948	-187500.022352	-18513.055863	-29202.978814	-0.040000	0.970000	0.158000	192.000000	0.000000	0.000000	0.000000	0.000000	0.000000	0.000000	0.000000	0.000000	0.000000	1741983485.245799	0.000000
128.000000	-3227.189568	-1768.827649	-21437.021665	-11334.301392	-19966.746267	-187500.022352	-23188.124381	944.361203	-6672.442755	-14545.353001	-29732.849268	187500.000000	-17631.212489	-187500.022352	-18520.610752	-29202.196503	-0.046000	0.970000	0.158000	192.000000	127.000000	72.000000	15.000000	40.000000	2.000000	120.000000	0.000000	0.000000	0.000000	1741983485.245946	0.000000
130.000000	-3239.125399	-1780.048225	-21433.065406	-11337.698858	-19971.641299	-187500.022352	-23189.621948	939.175599	-6672.107479	-14541.575556	-29782.000754	187500.000000	-17619.410767	-187500.022352	-18507.266761	-29199.201369	-0.046000	0.970000	0.158000	192.000000	0.000000	0.000000	0.000000	0.000000	0.000000	0.000000	0.000000	0.000000	0.000000	1741983485.246090	0.000000
132.000000	-3236.756115	-1780.271742	-21449.046904	-11339.330535	-19975.686964	-187500.022352	-23192.102992	946.372860	-6673.627397	-14543.520158	-29741.186469	187500.000000	-17625.266925	-187500.022352	-18513.972284	-29196.228587	-0.046000	0.970000	0.158000	192.000000	0.000000	0.000000	0.000000	0.000000	0.000000	0.000000	0.000000	0.000000	0.000000	1741983485.246238	0.000000
134.000000	-3232.017545	-1770.436975	-21433.490090	-11333.764950	-19972.602424	-187500.022352	-23189.152561	944.674128	-6668.844124	-14535.629992	-29814.947225	187500.000000	-17623.791709	-187500.022352	-18511.513592	-29194.731020	-0.046000	0.970000	0.158000	192.000000	0.000000	0.000000	0.000000	0.000000	0.000000	0.000000	0.000000	0.000000	0.000000	1741983485.246380	0.000000
136.000000	-3242.858141	-1782.439862	-21455.484206	-11342.884462	-19982.012508	-187500.022352	-23192.102992	937.655680	-6680.131755	-14544.123655	-29744.963914	187500.000000	-17632.307724	-187500.022352	-18516.274514	-29201.682413	-0.046000	0.970000	0.158000	192.000000	0.000000	0.000000	0.000000	0.000000	0.000000	0.000000	0.000000	0.000000	0.000000	1741983485.305598	0.000000
138.000000	-3250.681251	-1791.939353	-21444.978886	-11344.337326	-19987.958072	-187500.022352	-23201.334262	930.771343	-6686.211429	-14548.079914	-29811.616816	187500.000000	-17635.884003	-187500.022352	-18524.723473	-29212.724175	-0.046000	0.976000	0.158000	192.000000	127.000000	72.000000	15.000000	64.000000	2.000000	120.000000	0.000000	0.000000	0.000000	1741983485.305779	0.000000
140.000000	-3246.434420	-1792.498147	-21455.506558	-11344.337326	-19985.208808	-187500.022352	-23192.952358	937.186293	-6683.216296	-14551.142103	-29729.921190	187500.000000	-17633.917050	-187500.022352	-18525.103453	-29214.512314	-0.046000	0.976000	0.158000	192.000000	0.000000	0.000000	0.000000	0.000000	0.000000	0.000000	0.000000	0.000000	0.000000	1741983485.305933	0.000000
142.000000	-3247.999042	-1790.486490	-21443.280154	-11343.532663	-19982.660709	-187500.022352	-23201.513076	937.655680	-6683.439813	-14546.783512	-29820.646920	187500.000000	-17628.217355	-187500.022352	-18521.728339	-29209.080840	-0.046000	0.976000	0.158000	192.000000	0.000000	0.000000	0.000000	0.000000	0.000000	0.000000	0.000000	0.000000	0.000000	1741983485.306078	0.000000
144.000000	-3252.134115	-1796.834385	-21460.133369	-11347.064238	-19985.164104	-187500.022352	-23199.076736	933.341793	-6688.468956	-14555.008954	-29743.443995	187500.000000	-17629.022018	-187500.022352	-18522.778871	-29208.946730	-0.046000	0.976000	0.158000	192.000000	0.000000	0.000000	0.000000	0.000000	0.000000	0.000000	0.000000	0.000000	0.000000	1741983485.306221	0.000000
146.000000	-3257.275016	-1800.477719	-21448.354000	-11349.902910	-19986.661671	-187500.022352	-23198.562646	935.867540	-6694.123947	-14550.672716	-29838.684778	187500.000000	-17630.139605	-187500.022352	-18530.110244	-29210.779573	-0.046000	0.976000	0.158000	192.000000	0.000000	0.000000	0.000000	0.000000	0.000000	0.000000	0.000000	0.000000	0.000000	1741983485.306362	0.000000
148.000000	-3242.053478	-1790.978228	-21457.205290	-11345.611375	-19979.732630	-187500.022352	-23186.358593	948.138648	-6684.579752	-14549.108094	-29753.546983	187500.000000	-17627.502099	-187500.022352	-18524.477604	-29205.728079	-0.044000	0.978000	0.158000	192.000000	127.000000	80.000000	15.000000	72.000000	2.000000	120.000000	0.000000	0.000000	0.000000	1741983485.306509	0.000000
150.000000	-3247.596711	-1798.778987	-21450.388008	-11347.891253	-19986.728726	-187500.022352	-23195.858085	942.237788	-6681.495211	-14545.107132	-29848.810118	187500.000000	-17625.579849	-187500.022352	-18528.590325	-29207.471515	-0.044000	0.978000	0.158000	192.000000	0.000000	0.000000	0.000000	0.000000	0.000000	0.000000	0.000000	0.000000	0.000000	1741983485.364443	0.000000
152.000000	-3261.186571	-1810.357190	-21467.777666	-11351.109904	-19994.104802	-187500.022352	-23200.283730	943.824761	-6697.744930	-14551.835007	-29755.625696	187500.000000	-17638.007419	-187500.022352	-18530.378465	-29211.651291	-0.044000	0.978000	0.158000	192.000000	0.000000	0.000000	0.000000	0.000000	0.000000	0.000000	0.000000	0.000000	0.000000	1741983485.364615	0.000000
154.000000	-3261.231275	-1807.764388	-21451.483244	-11348.271233	-19988.673328	-187500.022352	-23198.495591	945.568197	-6701.209450	-14555.947728	-29836.136679	187500.000000	-17639.661448	-187500.022352	-18536.167566	-29208.454991	-0.044000	0.978000	0.158000	192.000000	0.000000	0.000000	0.000000	0.000000	0.000000	0.000000	0.000000	0.000000	0.000000	1741983485.364774	0.000000
156.000000	-3254.570455	-1805.439807	-21463.463779	-11353.590948	-19986.192284	-187500.022352	-23192.550026	944.651776	-6693.207525	-14554.584271	-29755.737454	187500.000000	-17636.308686	-187500.022352	-18530.579630	-29214.869942	-0.044000	0.978000	0.158000	192.000000	0.000000	0.000000	0.000000	0.000000	0.000000	0.000000	0.000000	0.000000	0.000000	1741983485.364918	0.000000
158.000000	-3252.827019	-1802.824653	-21453.561956	-11354.239148	-19979.442058	-187500.022352	-23198.205018	941.924863	-6680.869362	-14546.582347	-29841.948133	187500.000000	-17625.557497	-187500.022352	-18531.965438	-29208.611454	-0.046000	0.984000	0.164000	192.000000	127.000000	72.000000	15.000000	96.000000	2.500000	16.000000	0.000000	0.000000	0.000000	1741983485.365055	0.000000
160.000000	-3267.579170	-1816.369810	-21471.555110	-11364.230378	-19987.265168	-187500.022352	-23203.837657	940.293186	-6698.795462	-14560.976870	-29785.621737	187500.000000	-17632.732407	-187500.022352	-18536.748712	-29224.145916	-0.046000	0.984000	0.164000	192.000000	0.000000	0.000000	0.000000	0.000000	0.000000	0.000000	0.000000	0.000000	0.000000	1741983485.365205	0.000000
162.000000	-3257.923217	-1807.831443	-21456.601793	-11355.312032	-19975.597557	-187500.022352	-23183.966957	948.876256	-6698.795462	-14549.286908	-29833.074490	187500.000000	-17634.833471	-187500.022352	-18535.854642	-29217.686262	-0.046000	0.984000	0.164000	192.000000	0.000000	0.000000	0.000000	0.000000	0.000000	0.000000	0.000000	0.000000	0.000000	1741983485.365341	0.000000
164.000000	-3260.963054	-1814.469911	-21462.055619	-11362.062259	-19990.237950	-187500.022352	-23199.903750	943.355375	-6692.581677	-14566.184827	-29795.456504	187500.000000	-17632.866518	-187500.022352	-18529.573802	-29219.764974	-0.046000	0.984000	0.164000	192.000000	0.000000	0.000000	0.000000	0.000000	0.000000	0.000000	0.000000	0.000000	0.000000	1741983485.365481	0.000000
166.000000	-3259.912522	-1808.971382	-21470.325764	-11364.766820	-19993.233084	-187500.022352	-23202.764774	943.869465	-6694.079243	-14561.982699	-29832.336883	187500.000000	-17640.086131	-187500.022352	-18543.767159	-29223.363605	-0.046000	0.984000	0.164000	192.000000	0.000000	0.000000	0.000000	0.000000	0.000000	0.000000	0.000000	0.000000	0.000000	1741983485.423628	0.000000
168.000000	-3257.252664	-1801.997638	-21467.263575	-11363.649233	-19990.103840	-187500.022352	-23203.457678	936.359279	-6697.499060	-14552.617318	-29815.953054	187500.000000	-17634.989933	-187500.022352	-18535.139386	-29226.202276	-0.048000	0.980000	0.160000	192.000000	127.000000	64.000000	15.000000	80.000000	2.500000	0.000000	0.000000	0.000000	0.000000	1741983485.423798	0.000000
170.000000	-3248.088449	-1797.393179	-21463.553186	-11358.016593	-19986.639319	-187500.022352	-23197.757983	934.951119	-6692.782842	-14553.109056	-29815.193095	187500.000000	-17636.085169	-187500.022352	-18537.531023	-29220.212009	-0.048000	0.980000	0.160000	192.000000	0.000000	0.000000	0.000000	0.000000	0.000000	0.000000	0.000000	0.000000	0.000000	1741983485.423956	0.000000
172.000000	-3256.246836	-1807.362057	-21460.513349	-11359.715326	-19991.623758	-187500.022352	-23208.308006	933.945290	-6681.629322	-14549.666887	-29828.917066	187500.000000	-17629.334942	-187500.022352	-18530.981962	-29219.720271	-0.048000	0.980000	0.160000	192.000000	0.000000	0.000000	0.000000	0.000000	0.000000	0.000000	0.000000	0.000000	0.000000	1741983485.424090	0.000000
174.000000	-3255.933911	-1806.982077	-21467.397686	-11356.340212	-19984.717069	-187500.022352	-23198.786163	938.259177	-6694.012188	-14551.097399	-29809.895731	187500.000000	-17641.203718	-187500.022352	-18537.955706	-29218.848553	-0.048000	0.980000	0.160000	192.000000	0.000000	0.000000	0.000000	0.000000	0.000000	0.000000	0.000000	0.000000	0.000000	1741983485.424233	0.000000
176.000000	-3256.403298	-1803.584612	-21455.931241	-11348.874730	-19983.375965	-187500.022352	-23192.058288	947.646910	-6693.989836	-14551.365620	-29839.757662	187500.000000	-17634.073512	-187500.022352	-18527.137462	-29212.165381	-0.048000	0.980000	0.160000	192.000000	0.000000	0.000000	0.000000	0.000000	0.000000	0.000000	0.000000	0.000000	0.000000	1741983485.424382	0.000000
178.000000	-3251.172990	-1800.947106	-21463.329668	-11351.892215	-19983.621834	-187500.022352	-23194.002890	949.166828	-6696.359121	-14549.622184	-29793.355440	187500.000000	-17638.700323	-187500.022352	-18529.462043	-29207.203294	-0.044000	0.970000	0.156000	192.000000	127.000000	80.000000	15.000000	40.000000	2.000000	112.000000	0.000000	0.000000	0.000000	1741983485.424527	0.000000
