0.000000	-16130.069331	-1498.304486	548.601216	-3547.579473	-1879.714653	4390.396701	-14081.040213	-1913.085808	0.000000	0.000000	0.000000	0.000000	0.000000	0.000000	0.000000	0.000000	0.014000	0.445000	0.041000	192.000000	0.000000	112.000000	13.500000	104.000000	1.000000	72.000000	0.000000	0.000000	0.000000	1745266288.647731	0.000000
2.000000	-32258.417578	-3000.453472	1092.061531	-7100.411606	-3764.100822	8774.803135	-28168.651839	-3837.213378	-2177.238724	-22419.447889	-31100.887787	-3814.392247	-25501.753450	-9476.290283	5311.310924	-187500.022352	0.014000	0.445000	0.041000	192.000000	0.000000	0.000000	0.000000	0.000000	0.000000	0.000000	0.000000	0.000000	0.000000	1745266288.647810	0.000000
0.000000	-15543.246632	-1549.020594	1000.173509	-3429.115227	-1615.405275	4610.114349	-13773.010823	-1773.409757	-1100.152862	-11222.185042	-15558.669336	-1912.661125	-12765.058907	-4750.505656	2646.982985	-93750.011176	0.006000	0.693500	0.006500	192.000000	127.500000	120.000000	14.500000	56.000000	127.500000	16.000000	0.000000	0.000000	0.000000	1745266288.814345	0.000000
2.000000	-31075.339744	-3103.539718	2003.476263	-6852.955443	-3229.424742	9229.772893	-27536.410396	-3539.555197	-1757.540018	-21705.980206	-30251.007408	-1323.446789	-24543.534165	-8723.729399	5742.945462	-187500.022352	0.006000	0.693500	0.006500	192.000000	0.000000	0.000000	0.000000	0.000000	0.000000	0.000000	0.000000	0.000000	0.000000	1745266288.814445	0.000000
4.000000	-31064.677961	-3093.727302	2005.845547	-6853.849513	-3227.390734	9229.549376	-27535.941009	-3532.983784	-1749.716908	-21739.239602	-30249.263972	-1322.083333	-24544.227069	-8739.777951	5742.274909	-187500.022352	0.006000	0.693500	0.006500	192.000000	0.000000	0.000000	0.000000	0.000000	0.000000	0.000000	0.000000	0.000000	0.000000	1745266288.814490	0.000000
6.000000	-31071.607002	-3105.685485	1995.943725	-6861.985548	-3237.828998	9226.666001	-27547.340399	-3544.360822	-1742.609053	-21720.553544	-30241.776138	-1317.769446	-24533.230011	-8727.909175	5743.392497	-187500.022352	0.006000	0.693500	0.006500	192.000000	0.000000	0.000000	0.000000	0.000000	0.000000	0.000000	0.000000	0.000000	0.000000	1745266288.814534	0.000000
8.000000	-31064.230927	-3104.232622	1997.843623	-6863.214894	-3238.387792	9237.461893	-27551.944858	-3531.016830	-1756.668300	-21729.360131	-30252.773196	-1335.136752	-24548.250383	-8733.027724	5725.824025	-187500.022352	-0.022000	0.960000	-0.074000	192.000000	127.500000	40.000000	15.000000	0.000000	126.500000	88.000000	0.000000	0.000000	0.000000	1745266288.814578	0.000000
10.000000	-31059.581764	-3106.825424	1998.916507	-6860.331519	-3239.907711	9229.348210	-27550.737864	-3539.868121	-1756.556542	-21694.022023	-30242.804318	-1332.879225	-24550.664371	-8739.174454	5723.700610	-187500.022352	-0.022000	0.960000	-0.074000	192.000000	0.000000	0.000000	0.000000	0.000000	0.000000	0.000000	0.000000	0.000000	0.000000	1745266288.814624	0.000000
12.000000	-31044.181412	-3096.409511	2014.406266	-6842.986565	-3225.669649	9241.239338	-27535.896306	-3534.213130	-1741.379707	-21751.287192	-30228.566257	-1310.259260	-24524.982217	-8735.039381	5736.217587	-187500.022352	-0.022000	0.960000	-0.074000	192.000000	0.000000	0.000000	0.000000	0.000000	0.000000	0.000000	0.000000	0.000000	0.000000	1745266288.814672	0.000000
14.000000	-31049.590534	-3103.025627	2010.919393	-6845.601719	-3225.781408	9233.907966	-27529.235486	-3527.507606	-1745.581835	-21727.504936	-30227.694539	-1305.185414	-24527.932647	-8726.366905	5740.822046	-187500.022352	-0.022000	0.960000	-0.074000	192.000000	0.000000	0.000000	0.000000	0.000000	0.000000	0.000000	0.000000	0.000000	0.000000	1745266288.814716	0.000000
16.000000	-31045.276647	-3106.043113	2006.270231	-6847.658080	-3223.278013	9241.664021	-27524.787489	-3521.338525	-1745.671242	-21708.885933	-30227.873353	-1306.638277	-24526.300970	-8736.067562	5739.369183	-187500.022352	-0.022000	0.960000	-0.074000	192.000000	0.000000	0.000000	0.000000	0.000000	0.000000	0.000000	0.000000	0.000000	0.000000	1745266288.874593	0.000000
18.000000	-31037.788813	-3099.047017	2009.622992	-6837.510388	-3217.801835	9256.259710	-27513.455154	-3504.082978	-1746.632367	-21741.675942	-30222.888913	-1294.121300	-24529.094938	-8733.720628	5747.035831	-187500.022352	-0.022000	0.960000	-0.102000	192.000000	127.500000	40.000000	15.000000	0.000000	126.000000	104.000000	0.000000	0.000000	0.000000	1745266288.874652	0.000000
20.000000	-31025.271836	-3089.368712	2020.083609	-6828.949669	-3206.894184	9263.479324	-27508.023680	-3507.525147	-1738.563387	-21736.132710	-30212.674166	-1276.172850	-24524.669293	-8717.850890	5749.271005	-187500.022352	-0.022000	0.960000	-0.102000	192.000000	0.000000	0.000000	0.000000	0.000000	0.000000	0.000000	0.000000	0.000000	0.000000	1745266288.874755	0.000000
22.000000	-31031.709138	-3102.668000	2014.495673	-6836.213986	-3210.962201	9270.207199	-27509.878875	-3508.307458	-1732.975451	-21729.226020	-30207.756783	-1263.879390	-24518.991949	-8718.566146	5752.534360	-187500.022352	-0.022000	0.960000	-0.102000	192.000000	0.000000	0.000000	0.000000	0.000000	0.000000	0.000000	0.000000	0.000000	0.000000	1745266288.874800	0.000000
24.000000	-31033.698444	-3098.622334	2016.015591	-6829.866091	-3219.612327	9267.636748	-27519.043090	-3508.553327	-1746.408850	-21715.703215	-30213.188256	-1258.738489	-24521.428290	-8728.311506	5740.307956	-187500.022352	-0.022000	0.960000	-0.102000	192.000000	0.000000	0.000000	0.000000	0.000000	0.000000	0.000000	0.000000	0.000000	0.000000	1745266288.874850	0.000000
26.000000	-31036.850040	-3101.259840	2009.064199	-6830.156664	-3223.702696	9263.859303	-27523.088756	-3512.733103	-1749.560445	-21693.485581	-30210.126067	-1242.712288	-24521.987083	-8736.626355	5742.990165	-187500.022352	-0.022000	0.960000	-0.102000	192.000000	0.000000	0.000000	0.000000	0.000000	0.000000	0.000000	0.000000	0.000000	0.000000	1745266288.874894	0.000000
28.000000	-31037.185316	-3101.393950	2009.779454	-6826.312164	-3226.116684	9280.019615	-27522.820535	-3513.113083	-1749.001652	-21720.687654	-30213.411774	-1243.651061	-24524.825755	-8716.375675	5736.932842	-187500.022352	-0.024000	0.964000	-0.114000	192.000000	127.500000	32.000000	15.000000	16.000000	126.000000	56.000000	0.000000	0.000000	0.000000	1745266288.874938	0.000000
30.000000	-31020.533266	-3089.458119	2019.435408	-6810.218908	-3211.878623	9285.987530	-27502.525151	-3506.966353	-1743.279605	-21716.641988	-30205.856884	-1228.496579	-24513.716938	-8703.434015	5744.130104	-187500.022352	-0.024000	0.964000	-0.114000	192.000000	0.000000	0.000000	0.000000	0.000000	0.000000	0.000000	0.000000	0.000000	0.000000	1745266288.934887	0.000000
32.000000	-31017.605188	-3090.575706	2022.877577	-6808.408416	-3212.057437	9294.078862	-27501.966357	-3494.225859	-1724.593547	-21693.843209	-30190.814160	-1213.386800	-24499.881208	-8697.957837	5755.864770	-187500.022352	-0.024000	0.964000	-0.114000	192.000000	0.000000	0.000000	0.000000	0.000000	0.000000	0.000000	0.000000	0.000000	0.000000	1745266288.934957	0.000000
34.000000	-31019.683900	-3092.028569	2014.786245	-6813.415207	-3218.874719	9282.858286	-27507.911921	-3500.573754	-1731.276719	-21683.829627	-30191.819989	-1209.296430	-24501.803458	-8713.134672	5752.601415	-187500.022352	-0.024000	0.964000	-0.114000	192.000000	0.000000	0.000000	0.000000	0.000000	0.000000	0.000000	0.000000	0.000000	0.000000	1745266288.935024	0.000000
36.000000	-31015.727641	-3092.274438	2009.824158	-6808.117844	-3220.931079	9289.876734	-27513.321044	-3507.793368	-1737.334041	-21693.686747	-30196.916186	-1196.399474	-24503.435135	-8702.048207	5740.531473	-187500.022352	-0.024000	0.964000	-0.114000	192.000000	0.000000	0.000000	0.000000	0.000000	0.000000	0.000000	0.000000	0.000000	0.000000	1745266288.935068	0.000000
38.000000	-31038.437013	-3107.563032	1995.608448	-6821.595946	-3233.671574	9282.277141	-27525.279227	-3518.924537	-1750.074536	-21695.877218	-30205.163980	-1186.877631	-24513.024034	-8713.805224	5739.525645	-187500.022352	-0.028000	0.956000	-0.130000	192.000000	127.500000	16.000000	14.500000	112.000000	125.500000	120.000000	0.000000	0.000000	0.000000	1745266288.935137	0.000000
40.000000	-31024.266007	-3112.838043	1999.832928	-6820.679524	-3232.218710	9286.747490	-27514.237465	-3509.916784	-1748.822838	-21701.509857	-30212.517704	-1194.164299	-24520.735386	-8727.462140	5731.210796	-187500.022352	-0.028000	0.956000	-0.130000	192.000000	0.000000	0.000000	0.000000	0.000000	0.000000	0.000000	0.000000	0.000000	0.000000	1745266288.935186	0.000000
42.000000	-31016.554656	-3102.220965	2003.543318	-6811.403550	-3228.284803	9294.123565	-27513.745727	-3513.358952	-1741.782038	-21703.722680	-30202.302957	-1186.765872	-24508.285464	-8716.845061	5736.888139	-187500.022352	-0.028000	0.956000	-0.130000	192.000000	0.000000	0.000000	0.000000	0.000000	0.000000	0.000000	0.000000	0.000000	0.000000	1745266288.935249	0.000000
44.000000	-31015.459420	-3101.483357	2004.549146	-6806.955553	-3225.334373	9314.441301	-27510.080041	-3503.367722	-1741.044431	-21698.827648	-30198.480809	-1182.586096	-24505.066813	-8699.254239	5735.770552	-187500.022352	-0.028000	0.956000	-0.130000	192.000000	0.000000	0.000000	0.000000	0.000000	0.000000	0.000000	0.000000	0.000000	0.000000	1745266288.935299	0.000000
46.000000	-31015.526475	-3103.182090	1999.765873	-6802.060521	-3230.967013	9307.825185	-27516.740861	-3490.738987	-1748.331100	-21685.193084	-30201.565349	-1176.484069	-24511.437060	-8693.912172	5737.469284	-187500.022352	-0.028000	0.956000	-0.130000	192.000000	0.000000	0.000000	0.000000	0.000000	0.000000	0.000000	0.000000	0.000000	0.000000	1745266288.995322	0.000000
48.000000	-31009.312690	-3104.411436	2003.811539	-6797.321951	-3221.467521	9317.011752	-27502.972186	-3482.759414	-1740.820913	-21699.453497	-30196.960890	-1173.354825	-24508.263112	-8687.810145	5736.329345	-187500.022352	-0.030000	0.961000	-0.130000	192.000000	127.500000	0.000000	15.000000	24.000000	125.500000	120.000000	0.000000	0.000000	0.000000	1745266288.995380	0.000000
50.000000	-31023.818973	-3122.717514	1989.282905	-6818.064370	-3236.510245	9302.438414	-27507.487238	-3488.749682	-1746.967643	-21712.372805	-30201.744163	-1177.132270	-24512.219371	-8707.233811	5735.703496	-187500.022352	-0.030000	0.961000	-0.130000	192.000000	0.000000	0.000000	0.000000	0.000000	0.000000	0.000000	0.000000	0.000000	0.000000	1745266288.995428	0.000000
52.000000	-31012.196065	-3109.239412	1994.244992	-6808.810748	-3236.823170	9324.566641	-27506.079078	-3488.257943	-1753.382594	-21706.382538	-30208.270873	-1183.234296	-24511.459412	-8739.308565	5726.651040	-187500.022352	-0.030000	0.961000	-0.130000	192.000000	0.000000	0.000000	0.000000	0.000000	0.000000	0.000000	0.000000	0.000000	0.000000	1745266288.995472	0.000000
54.000000	-30996.438086	-3088.921677	2009.153606	-6787.554239	-3232.397524	9353.221578	-27501.608730	-3473.058757	-1742.184370	-21668.921014	-30190.948271	-1152.947682	-24503.368080	-8695.745015	5735.837607	-187500.022352	-0.030000	0.961000	-0.130000	192.000000	0.000000	0.000000	0.000000	0.000000	0.000000	0.000000	0.000000	0.000000	0.000000	1745266288.995515	0.000000
56.000000	-30974.823949	-3069.766232	2037.339155	-6756.932349	-3211.208071	9397.634494	-27482.565043	-3441.006355	-1720.883157	-21631.794766	-30168.887099	-1132.048801	-24488.325356	-8669.951102	5753.003747	-187500.022352	-0.030000	0.961000	-0.130000	192.000000	0.000000	0.000000	0.000000	0.000000	0.000000	0.000000	0.000000	0.000000	0.000000	1745266288.995581	0.000000
58.000000	-30966.710265	-3064.155944	2038.635557	-6747.656375	-3211.297478	9412.878384	-27488.465904	-3441.475742	-1710.713114	-21665.970584	-30150.737482	-1094.520222	-24470.823940	-8643.508988	5769.901665	-187500.022352	-0.033000	0.964500	-0.129000	192.000000	127.000000	112.000000	15.000000	32.000000	126.000000	0.000000	0.000000	0.000000	0.000000	1745266288.995625	0.000000
60.000000	-30988.793789	-3085.457156	2013.579251	-6776.914808	-3228.463617	9370.454773	-27508.828343	-3475.651559	-1718.603279	-21655.129988	-30161.153395	-1097.850632	-24482.066868	-8656.338889	5751.617938	-187500.022352	-0.033000	0.964500	-0.129000	192.000000	0.000000	0.000000	0.000000	0.000000	0.000000	0.000000	0.000000	0.000000	0.000000	1745266289.055512	0.000000
62.000000	-30994.247615	-3093.056749	2009.153606	-6783.016835	-3225.088504	9369.225427	-27503.732145	-3480.501888	-1723.878291	-21658.594508	-30170.898756	-1108.892394	-24483.318565	-8687.765442	5741.805523	-187500.022352	-0.033000	0.964500	-0.129000	192.000000	0.000000	0.000000	0.000000	0.000000	0.000000	0.000000	0.000000	0.000000	0.000000	1745266289.055573	0.000000
64.000000	-30983.943460	-3085.859488	2011.120559	-6771.885666	-3221.892205	9369.583055	-27495.909035	-3468.342539	-1736.127047	-21678.085229	-30171.435198	-1090.742778	-24486.581920	-8682.624541	5741.961985	-187500.022352	-0.033000	0.964500	-0.129000	192.000000	0.000000	0.000000	0.000000	0.000000	0.000000	0.000000	0.000000	0.000000	0.000000	1745266289.055662	0.000000
66.000000	-30979.786036	-3085.077177	2011.053504	-6772.556218	-3216.818359	9372.734651	-27486.230729	-3461.838181	-1723.721829	-21654.280621	-30161.399265	-1068.748661	-24479.138789	-8671.426317	5754.702479	-187500.022352	-0.033000	0.964500	-0.129000	192.000000	0.000000	0.000000	0.000000	0.000000	0.000000	0.000000	0.000000	0.000000	0.000000	1745266289.055706	0.000000
68.000000	-30975.807425	-3078.192839	2015.277984	-6763.146134	-3214.426722	9392.001854	-27487.683593	-3454.618568	-1724.437085	-21660.136778	-30158.784110	-1070.223876	-24489.532350	-8692.638122	5751.483828	-187500.022352	-0.033500	0.970250	-0.132500	192.000000	127.000000	120.000000	15.000000	64.000000	125.500000	96.000000	0.000000	0.000000	0.000000	1745266289.055755	0.000000
70.000000	-30976.075646	-3068.961569	2025.760952	-6748.259872	-3202.870870	9386.928008	-27477.155921	-3447.734230	-1716.837492	-21624.061063	-30141.372101	-1036.428039	-24469.460484	-8655.333061	5762.302072	-187500.022352	-0.033500	0.970250	-0.132500	192.000000	0.000000	0.000000	0.000000	0.000000	0.000000	0.000000	0.000000	0.000000	0.000000	1745266289.055803	0.000000
72.000000	-30987.855016	-3087.357055	2014.026286	-6751.992613	-3211.163367	9375.819191	-27479.279337	-3449.298853	-1717.396285	-21634.387569	-30136.857049	-1026.660326	-24464.230176	-8643.330174	5763.442011	-187500.022352	-0.033500	0.970250	-0.132500	192.000000	0.000000	0.000000	0.000000	0.000000	0.000000	0.000000	0.000000	0.000000	0.000000	1745266289.055848	0.000000
74.000000	-30980.747161	-3085.121880	2014.875652	-6753.400773	-3205.150748	9379.462526	-27469.556328	-3446.549588	-1724.750009	-21656.158168	-30148.457604	-1028.493169	-24467.739399	-8642.100828	5759.329290	-187500.022352	-0.033500	0.970250	-0.132500	192.000000	0.000000	0.000000	0.000000	0.000000	0.000000	0.000000	0.000000	0.000000	0.000000	1745266289.055892	0.000000
76.000000	-30997.287452	-3110.111130	2000.011742	-6770.678672	-3217.041876	9364.039822	-27482.945023	-3457.680757	-1732.863692	-21643.596487	-30157.666523	-1030.705992	-24472.276804	-8670.554599	5756.155343	-187500.022352	-0.033500	0.970250	-0.132500	192.000000	0.000000	0.000000	0.000000	0.000000	0.000000	0.000000	0.000000	0.000000	0.000000	1745266289.114830	0.000000
78.000000	-30990.581929	-3094.934296	2006.314934	-6763.280244	-3207.520033	9365.515037	-27482.140360	-3455.557341	-1732.282547	-21657.834549	-30158.426482	-1032.672946	-24485.665498	-8673.236808	5751.483828	-187500.022352	-0.030750	0.972125	-0.137250	192.000000	127.500000	16.000000	15.000000	56.000000	125.500000	72.000000	0.000000	0.000000	0.000000	1745266289.114904	0.000000
80.000000	-30979.987202	-3093.816709	2009.801806	-6760.553331	-3208.659972	9364.620967	-27478.362915	-3459.982986	-1730.852035	-21663.355430	-30150.357503	-1024.447504	-24475.763676	-8671.783945	5756.892950	-187500.022352	-0.030750	0.972125	-0.137250	192.000000	0.000000	0.000000	0.000000	0.000000	0.000000	0.000000	0.000000	0.000000	0.000000	1745266289.114953	0.000000
82.000000	-30978.556690	-3090.173374	2010.919393	-6756.664128	-3211.565699	9360.888226	-27480.218110	-3452.450449	-1728.549806	-21631.794766	-30140.433328	-1015.484454	-24464.990135	-8669.459363	5758.815200	-187500.022352	-0.030750	0.972125	-0.137250	192.000000	0.000000	0.000000	0.000000	0.000000	0.000000	0.000000	0.000000	0.000000	0.000000	1745266289.115016	0.000000
84.000000	-30989.441990	-3093.503784	2001.397550	-6757.334680	-3222.719219	9360.731764	-27486.051915	-3465.682681	-1732.371954	-21638.299124	-30138.421671	-1011.483492	-24464.140769	-8633.607165	5751.662642	-187500.022352	-0.030750	0.972125	-0.137250	192.000000	0.000000	0.000000	0.000000	0.000000	0.000000	0.000000	0.000000	0.000000	0.000000	1745266289.115061	0.000000
86.000000	-30978.668449	-3080.338607	2007.209004	-6749.265700	-3215.566661	9359.994156	-27474.652526	-3455.557341	-1731.835512	-21640.757816	-30135.940628	-1005.962611	-24475.540158	-8667.313596	5746.164113	-187500.022352	-0.030750	0.972125	-0.137250	192.000000	0.000000	0.000000	0.000000	0.000000	0.000000	0.000000	0.000000	0.000000	0.000000	1745266289.115121	0.000000
88.000000	-30972.320553	-3072.023758	2009.824158	-6733.083038	-3215.834882	9378.367290	-27483.436761	-3449.768239	-1727.163998	-21627.547935	-30130.576209	-988.729416	-24480.256376	-8636.848168	5752.579063	-187500.022352	-0.028375	0.974063	-0.137625	192.000000	127.500000	24.000000	15.000000	64.000000	125.500000	88.000000	0.000000	0.000000	0.000000	1745266289.115165	0.000000
90.000000	-30958.641286	-3056.958682	2022.184673	-6719.940212	-3201.373303	9383.418785	-27460.459168	-3434.814922	-1705.438102	-21596.791935	-30113.790049	-971.831497	-24459.335143	-8628.041581	5762.346776	-187500.022352	-0.028375	0.974063	-0.137625	192.000000	0.000000	0.000000	0.000000	0.000000	0.000000	0.000000	0.000000	0.000000	0.000000	1745266289.176040	0.000000
92.000000	-30960.250611	-3065.899380	2016.328516	-6719.694343	-3208.704675	9383.932875	-27467.701133	-3440.827541	-1703.828776	-21565.432437	-30111.040784	-972.390291	-24461.123283	-8633.249537	5759.619863	-187500.022352	-0.028375	0.974063	-0.137625	192.000000	0.000000	0.000000	0.000000	0.000000	0.000000	0.000000	0.000000	0.000000	0.000000	1745266289.176126	0.000000
94.000000	-30961.234088	-3066.815801	2012.282850	-6723.762360	-3212.638582	9380.244837	-27472.104427	-3446.281367	-1716.055181	-21625.826851	-30111.621930	-972.256180	-24463.984306	-8624.979392	5758.502276	-187500.022352	-0.028375	0.974063	-0.137625	192.000000	0.000000	0.000000	0.000000	0.000000	0.000000	0.000000	0.000000	0.000000	0.000000	1745266289.176171	0.000000
96.000000	-30970.800635	-3078.058729	2004.325629	-6733.820645	-3220.841673	9370.052441	-27474.831340	-3447.153085	-1711.182500	-21629.693702	-30116.293444	-985.197840	-24470.309850	-8635.082380	5754.300148	-187500.022352	-0.028375	0.974063	-0.137625	192.000000	0.000000	0.000000	0.000000	0.000000	0.000000	0.000000	0.000000	0.000000	0.000000	1745266289.176216	0.000000
98.000000	-30972.722885	-3076.359996	2005.420864	-6736.659317	-3221.087542	9370.164200	-27480.978069	-3451.936358	-1720.614936	-21628.956095	-30124.541238	-1012.802245	-24468.633469	-8609.891964	5738.408057	-187500.022352	-0.030187	0.974031	-0.137813	192.000000	127.500000	0.000000	15.000000	56.000000	125.500000	88.000000	0.000000	0.000000	0.000000	1745266289.176261	0.000000
100.000000	-30968.364295	-3079.824517	2011.053504	-6726.265755	-3217.019524	9363.749249	-27479.413447	-3451.690489	-1710.422541	-21578.999946	-30113.812401	-1020.021858	-24456.608231	-8621.783092	5744.845360	-187500.022352	-0.030187	0.974031	-0.137813	192.000000	0.000000	0.000000	0.000000	0.000000	0.000000	0.000000	0.000000	0.000000	0.000000	1745266289.176314	0.000000
102.000000	-30960.161204	-3061.540790	2014.115693	-6720.141377	-3211.431588	9363.011642	-27466.896470	-3448.628300	-1711.718942	-21597.462487	-30117.478087	-1033.946995	-24467.895862	-8618.273868	5749.315709	-187500.022352	-0.030187	0.974031	-0.137813	192.000000	0.000000	0.000000	0.000000	0.000000	0.000000	0.000000	0.000000	0.000000	0.000000	1745266289.176378	0.000000
104.000000	-30953.343922	-3053.561217	2024.509254	-6711.714770	-3203.921402	9374.902770	-27459.565098	-3434.166722	-1702.331209	-21613.555743	-30107.464505	-1048.766202	-24446.147614	-8611.411883	5760.648043	-187500.022352	-0.030187	0.974031	-0.137813	192.000000	0.000000	0.000000	0.000000	0.000000	0.000000	0.000000	0.000000	0.000000	0.000000	1745266289.176446	0.000000
106.000000	-30950.415844	-3051.951891	2029.180769	-6704.785729	-3196.746492	9381.317721	-27450.311476	-3424.063733	-1701.481843	-21614.874496	-30104.268206	-1075.588295	-24442.347818	-8609.400226	5764.939578	-187500.022352	-0.030187	0.974031	-0.137813	192.000000	0.000000	0.000000	0.000000	0.000000	0.000000	0.000000	0.000000	0.000000	0.000000	1745266289.234885	0.000000
108.000000	-30958.596582	-3055.997557	2018.898966	-6712.742950	-3204.033161	9370.052441	-27456.569964	-3429.919890	-1696.899736	-21577.144751	-30094.276976	-1090.854536	-24432.915382	-8595.050406	5773.097965	-187500.022352	-0.030187	0.974031	-0.137813	192.000000	0.000000	0.000000	0.000000	0.000000	0.000000	0.000000	0.000000	0.000000	0.000000	1745266289.234983	0.000000
110.000000	-30963.871594	-3064.021833	2006.314934	-6716.475691	-3214.382018	9362.452848	-27467.052933	-3441.095762	-1716.032829	-21604.995025	-30114.125325	-1126.550272	-24461.637373	-8623.817101	5748.198122	-187500.022352	-0.032000	0.974000	-0.132000	192.000000	127.500000	0.000000	15.000000	56.000000	125.500000	112.000000	0.000000	0.000000	0.000000	1745266289.235029	0.000000
112.000000	-30955.489690	-3055.103487	2013.065161	-6704.316342	-3207.832957	9369.963034	-27457.553441	-3437.139504	-1701.258326	-21582.062135	-30094.075810	-1113.295688	-24456.161196	-8613.959982	5758.792848	-187500.022352	-0.032000	0.974000	-0.132000	192.000000	0.000000	0.000000	0.000000	0.000000	0.000000	0.000000	0.000000	0.000000	0.000000	1745266289.235082	0.000000
114.000000	-30957.188422	-3058.724470	2005.554975	-6703.735197	-3211.073960	9366.498514	-27465.443607	-3445.677870	-1709.126140	-21583.850275	-30103.754116	-1125.991479	-24472.254452	-8627.773360	5751.349718	-187500.022352	-0.032000	0.974000	-0.132000	192.000000	0.000000	0.000000	0.000000	0.000000	0.000000	0.000000	0.000000	0.000000	0.000000	1745266289.235127	0.000000
116.000000	-30949.633533	-3048.174447	2019.010725	-6689.318322	-3196.947658	9373.762831	-27452.189023	-3435.731344	-1701.884175	-21566.527673	-30090.790104	-1112.692191	-24458.061094	-8590.200077	5762.570293	-187500.022352	-0.032000	0.974000	-0.132000	192.000000	0.000000	0.000000	0.000000	0.000000	0.000000	0.000000	0.000000	0.000000	0.000000	1745266289.235172	0.000000
118.000000	-30959.401245	-3065.809973	2007.320763	-6699.935400	-3204.055512	9361.648185	-27449.260944	-3445.432001	-1710.221375	-21546.075826	-30089.024316	-1114.860310	-24457.479949	-8595.676255	5764.425488	-187500.022352	-0.032000	0.974000	-0.132000	192.000000	0.000000	0.000000	0.000000	0.000000	0.000000	0.000000	0.000000	0.000000	0.000000	1745266289.235216	0.000000
120.000000	-30956.540222	-3068.849810	2009.667696	-6702.908182	-3200.836861	9365.224465	-27448.702150	-3436.580710	-1704.231108	-21573.635527	-30091.103028	-1120.068266	-24455.468292	-8611.367179	5751.550883	-187500.022352	-0.038000	0.966000	-0.132000	192.000000	127.000000	104.000000	15.000000	24.000000	125.500000	112.000000	0.000000	0.000000	0.000000	1745266289.295193	0.000000
122.000000	-30971.851167	-3081.053863	1990.735768	-6715.671029	-3216.438379	9349.555892	-27467.790540	-3461.994643	-1711.294259	-21593.394469	-30099.440229	-1119.531825	-24468.409952	-8617.245688	5737.983374	-187500.022352	-0.038000	0.966000	-0.132000	192.000000	0.000000	0.000000	0.000000	0.000000	0.000000	0.000000	0.000000	0.000000	0.000000	1745266289.295259	0.000000
124.000000	-30972.924050	-3080.986807	1994.826137	-6711.513604	-3212.929155	9352.931005	-27463.342543	-3457.725460	-1711.182500	-21592.321586	-30097.137999	-1111.149920	-24463.671382	-8617.245688	5739.145665	-187500.022352	-0.038000	0.966000	-0.132000	192.000000	0.000000	0.000000	0.000000	0.000000	0.000000	0.000000	0.000000	0.000000	0.000000	1745266289.295328	0.000000
126.000000	-30979.316649	-3084.473680	1990.646361	-6714.620497	-3215.454902	9347.454828	-27460.503872	-3453.948015	-1736.015288	-21595.026147	-30107.822133	-1114.145054	-24477.305946	-8617.044522	5726.025191	-187500.022352	-0.038000	0.966000	-0.132000	192.000000	0.000000	0.000000	0.000000	0.000000	0.000000	0.000000	0.000000	0.000000	0.000000	1745266289.295393	0.000000
128.000000	-30973.125216	-3075.309464	1999.587059	-6706.730331	-3207.743550	9360.217674	-27450.289124	-3439.911120	-1730.606166	-21580.698679	-30101.675403	-1110.792292	-24479.496417	-8603.655827	5741.827874	-187500.022352	-0.038000	0.966000	-0.132000	192.000000	0.000000	0.000000	0.000000	0.000000	0.000000	0.000000	0.000000	0.000000	0.000000	1745266289.295438	0.000000
130.000000	-30976.142702	-3077.589342	2002.805710	-6702.371741	-3203.116739	9349.242967	-27448.791557	-3442.056887	-1713.931765	-21551.015562	-30090.521883	-1101.225746	-24462.732609	-8632.578985	5754.925997	-187500.022352	-0.034000	0.966000	-0.130000	192.000000	127.000000	120.000000	15.000000	24.000000	125.500000	120.000000	0.000000	0.000000	0.000000	1745266289.295500	0.000000
132.000000	-30965.100940	-3072.694310	2003.789187	-6698.281371	-3201.350951	9349.935871	-27448.545688	-3442.235701	-1730.181483	-21601.821077	-30104.022336	-1113.854481	-24477.641222	-8620.039656	5749.561578	-187500.022352	-0.034000	0.966000	-0.130000	192.000000	0.000000	0.000000	0.000000	0.000000	0.000000	0.000000	0.000000	0.000000	0.000000	1745266289.295549	0.000000
134.000000	-30958.037789	-3052.510685	2017.691972	-6682.970426	-3184.587143	9367.236122	-27432.899467	-3432.982079	-1706.958021	-21583.626757	-30082.296441	-1081.802080	-24453.255469	-8609.199060	5776.070747	-187500.022352	-0.034000	0.966000	-0.130000	192.000000	0.000000	0.000000	0.000000	0.000000	0.000000	0.000000	0.000000	0.000000	0.000000	1745266289.295598	0.000000
136.000000	-30960.719998	-3052.197761	2014.786245	-6681.137583	-3186.107062	9370.007738	-27439.739101	-3436.066620	-1720.972564	-21572.674402	-30095.439267	-1087.635885	-24464.587803	-8609.668447	5769.633445	-187500.022352	-0.034000	0.966000	-0.130000	192.000000	0.000000	0.000000	0.000000	0.000000	0.000000	0.000000	0.000000	0.000000	0.000000	1745266289.355645	0.000000
138.000000	-30965.659733	-3051.638967	2012.998106	-6673.560342	-3192.343198	9367.414936	-27448.813909	-3450.282329	-1711.875404	-21552.311963	-30082.922290	-1074.269542	-24460.519786	-8587.786089	5775.176677	-187500.022352	-0.034000	0.966000	-0.130000	192.000000	0.000000	0.000000	0.000000	0.000000	0.000000	0.000000	0.000000	0.000000	0.000000	1745266289.355703	0.000000
140.000000	-30958.484824	-3054.097659	2013.400437	-6667.458316	-3196.992361	9373.651072	-27454.245383	-3439.642899	-1731.813160	-21548.199242	-30086.945604	-1078.516373	-24469.773408	-8604.974580	5764.537247	-187500.022352	-0.032000	0.972000	-0.126000	192.000000	127.500000	0.000000	15.000000	48.000000	126.000000	8.000000	0.000000	0.000000	0.000000	1745266289.355749	0.000000
142.000000	-30948.672408	-3036.842112	2016.462626	-6664.887865	-3199.048722	9374.165162	-27445.371741	-3436.513655	-1711.227204	-21543.304210	-30079.614232	-1069.843897	-24465.414818	-8610.271944	5758.614034	-187500.022352	-0.032000	0.972000	-0.126000	192.000000	0.000000	0.000000	0.000000	0.000000	0.000000	0.000000	0.000000	0.000000	0.000000	1745266289.355796	0.000000
144.000000	-30945.990198	-3037.400906	2020.217719	-6656.371851	-3199.585164	9361.223502	-27447.897488	-3436.401896	-1704.164053	-21536.933963	-30071.813473	-1055.650539	-24464.408989	-8573.346862	5759.597511	-187500.022352	-0.032000	0.972000	-0.126000	192.000000	0.000000	0.000000	0.000000	0.000000	0.000000	0.000000	0.000000	0.000000	0.000000	1745266289.355840	0.000000
146.000000	-30953.835661	-3042.675917	2020.552995	-6668.598255	-3201.641524	9351.947528	-27453.440720	-3446.929568	-1704.499329	-21561.900861	-30068.728932	-1051.157838	-24465.995963	-8589.194249	5755.797715	-187500.022352	-0.032000	0.972000	-0.126000	192.000000	0.000000	0.000000	0.000000	0.000000	0.000000	0.000000	0.000000	0.000000	0.000000	1745266289.355902	0.000000
148.000000	-30958.976562	-3038.764362	2026.073876	-6672.330996	-3188.901030	9368.085488	-27445.662313	-3438.279443	-1701.705361	-21559.397466	-30066.806682	-1054.063565	-24455.289478	-8602.538240	5758.569331	-187500.022352	-0.032000	0.972000	-0.126000	192.000000	0.000000	0.000000	0.000000	0.000000	0.000000	0.000000	0.000000	0.000000	0.000000	1745266289.355980	0.000000
150.000000	-30959.088321	-3046.810990	2037.920301	-6674.923798	-3181.033216	9367.437287	-27437.436871	-3429.472855	-1716.099884	-21528.194431	-30075.009772	-1056.812830	-24460.050399	-8624.062970	5761.989148	-187500.022352	-0.030000	0.972000	-0.124000	192.000000	127.500000	8.000000	15.000000	48.000000	126.000000	16.000000	0.000000	0.000000	0.000000	1745266289.414692	0.000000
152.000000	-30961.792882	-3048.710888	2045.072859	-6671.615740	-3175.512335	9371.572360	-27440.029674	-3429.294041	-1703.247631	-21558.369286	-30069.801816	-1043.312376	-24453.613097	-8609.668447	5770.460459	-187500.022352	-0.030000	0.972000	-0.124000	192.000000	0.000000	0.000000	0.000000	0.000000	0.000000	0.000000	0.000000	0.000000	0.000000	1745266289.414794	0.000000
154.000000	-30964.944478	-3049.135572	2045.475190	-6669.000586	-3172.763070	9371.550008	-27434.888772	-3426.634184	-1706.712151	-21572.495588	-30075.635621	-1039.825504	-24467.560585	-8590.848278	5765.766593	-187500.022352	-0.030000	0.972000	-0.124000	192.000000	0.000000	0.000000	0.000000	0.000000	0.000000	0.000000	0.000000	0.000000	0.000000	1745266289.414839	0.000000
156.000000	-30964.832719	-3046.252197	2048.939711	-6663.278540	-3168.404480	9372.511133	-27439.806156	-3432.043306	-1725.822893	-21549.003905	-30080.575357	-1038.864379	-24469.125208	-8612.037732	5770.438107	-187500.022352	-0.030000	0.972000	-0.124000	192.000000	0.000000	0.000000	0.000000	0.000000	0.000000	0.000000	0.000000	0.000000	0.000000	1745266289.414889	0.000000
158.000000	-30962.575193	-3037.087981	2058.416850	-6655.075449	-3153.160590	9377.652034	-27412.134696	-3420.599213	-1714.468207	-21519.767823	-30071.098217	-1036.606853	-24461.257394	-8610.942496	5789.325331	-187500.022352	-0.030000	0.972000	-0.124000	192.000000	0.000000	0.000000	0.000000	0.000000	0.000000	0.000000	0.000000	0.000000	0.000000	1745266289.414933	0.000000
160.000000	-30973.751065	-3044.754630	2040.088420	-6661.915083	-3180.295608	9363.905712	-27451.160842	-3447.331899	-1718.603279	-21568.964013	-30079.569528	-1041.524236	-24469.013449	-8605.756891	5781.211648	-187500.022352	-0.030000	0.978000	-0.130000	192.000000	127.500000	8.000000	15.000000	72.000000	125.500000	120.000000	0.000000	0.000000	0.000000	1745266289.414977	0.000000
162.000000	-30965.950306	-3035.143380	2039.440219	-6656.371851	-3183.201335	9372.935816	-27446.735197	-3442.302757	-1724.258271	-21560.917385	-30079.614232	-1041.278367	-24468.879338	-8600.124252	5772.650930	-187500.022352	-0.030000	0.978000	-0.130000	192.000000	0.000000	0.000000	0.000000	0.000000	0.000000	0.000000	0.000000	0.000000	0.000000	1745266289.415025	0.000000
164.000000	-30960.161204	-3030.404810	2040.133123	-6657.847066	-3179.960332	9376.556799	-27434.039406	-3439.262919	-1713.462378	-21539.996152	-30073.109874	-1042.641824	-24470.086333	-8600.347769	5767.130049	-187500.022352	-0.030000	0.978000	-0.130000	192.000000	0.000000	0.000000	0.000000	0.000000	0.000000	0.000000	0.000000	0.000000	0.000000	1745266289.415069	0.000000
166.000000	-30962.083454	-3038.026755	2037.607376	-6664.709051	-3187.381111	9359.614177	-27442.644828	-3446.348422	-1710.623707	-21499.874771	-30066.270240	-1045.502847	-24468.231138	-8592.636417	5763.062032	-187500.022352	-0.030000	0.978000	-0.130000	192.000000	0.000000	0.000000	0.000000	0.000000	0.000000	0.000000	0.000000	0.000000	0.000000	1745266289.475236	0.000000
168.000000	-30939.821117	-3018.938365	2050.504333	-6655.723650	-3185.525916	9347.611290	-27436.855726	-3451.109344	-1712.568308	-21528.440300	-30068.125435	-1053.147144	-24466.264184	-8613.758816	5750.612110	-187500.022352	-0.030000	0.978000	-0.130000	192.000000	0.000000	0.000000	0.000000	0.000000	0.000000	0.000000	0.000000	0.000000	0.000000	1745266289.475321	0.000000
170.000000	-30928.667596	-3001.861632	2063.647159	-6644.368964	-3186.464690	9358.742459	-27438.107424	-3451.444620	-1693.859898	-21534.832899	-30054.133243	-1032.583539	-24454.976553	-8602.404130	5757.563502	-187500.022352	-0.032000	0.975000	-0.131000	192.000000	127.000000	120.000000	15.000000	48.000000	125.500000	112.000000	0.000000	0.000000	0.000000	1745266289.475389	0.000000
172.000000	-30940.402262	-3012.076379	2064.943560	-6650.225121	-3190.867983	9368.264302	-27440.856688	-3448.918873	-1684.963904	-21510.871829	-30044.387882	-1021.877053	-24455.222423	-8590.289484	5763.486715	-187500.022352	-0.032000	0.975000	-0.131000	192.000000	0.000000	0.000000	0.000000	0.000000	0.000000	0.000000	0.000000	0.000000	0.000000	1745266289.475438	0.000000
174.000000	-30950.169975	-3022.872272	2071.336159	-6656.707127	-3190.912687	9374.746308	-27437.727444	-3442.839198	-1707.695628	-21514.626922	-30062.761016	-1046.061641	-24472.701487	-8607.232107	5752.914340	-187500.022352	-0.032000	0.975000	-0.131000	192.000000	0.000000	0.000000	0.000000	0.000000	0.000000	0.000000	0.000000	0.000000	0.000000	1745266289.475502	0.000000
176.000000	-30951.287562	-3021.508815	2079.516897	-6645.039516	-3175.020596	9379.998968	-27421.745947	-3431.260995	-1699.067855	-21514.381053	-30052.255696	-1041.971271	-24446.795815	-8587.339054	5766.683014	-187500.022352	-0.032000	0.975000	-0.131000	192.000000	0.000000	0.000000	0.000000	0.000000	0.000000	0.000000	0.000000	0.000000	0.000000	1745266289.475547	0.000000
178.000000	-30958.194251	-3034.539882	2080.768595	-6649.018127	-3169.075032	9387.531506	-27421.522429	-3432.423286	-1703.314686	-21521.846535	-30055.407292	-1043.290024	-24452.249640	-8594.312798	5770.415756	-187500.022352	-0.032000	0.975000	-0.131000	192.000000	0.000000	0.000000	0.000000	0.000000	0.000000	0.000000	0.000000	0.000000	0.000000	1745266289.475596	0.000000
180.000000	-30983.786998	-3050.879008	2062.775441	-6658.651728	-3186.934076	9372.913465	-27444.790595	-3450.081164	-1716.122236	-21540.599649	-30073.333391	-1056.768126	-24473.014411	-8616.306915	5758.658738	-187500.022352	-0.034000	0.974500	-0.134500	192.000000	127.000000	112.000000	15.000000	56.000000	125.500000	88.000000	0.000000	0.000000	0.000000	1745266289.534995	0.000000
182.000000	-30985.910414	-3057.718641	2054.974682	-6661.333938	-3189.392768	9376.869723	-27435.447566	-3442.883902	-1718.223300	-21548.936850	-30075.300345	-1056.589312	-24466.845330	-8626.521662	5763.911398	-187500.022352	-0.034000	0.974500	-0.134500	192.000000	0.000000	0.000000	0.000000	0.000000	0.000000	0.000000	0.000000	0.000000	0.000000	1745266289.535063	0.000000
184.000000	-30986.603318	-3052.220112	2050.973719	-6654.561359	-3200.590992	9363.950415	-27447.249287	-3451.824600	-1736.082344	-21543.348914	-30090.276014	-1066.513487	-24479.027030	-8612.820043	5747.304052	-187500.022352	-0.034000	0.974500	-0.134500	192.000000	0.000000	0.000000	0.000000	0.000000	0.000000	0.000000	0.000000	0.000000	0.000000	1745266289.535120	0.000000
186.000000	-30987.430333	-3053.695327	2050.839609	-6645.464199	-3196.031236	9370.722994	-27436.006360	-3450.148219	-1731.679050	-21549.473292	-30082.296441	-1051.537818	-24475.048420	-8605.645133	5757.138819	-187500.022352	-0.034000	0.974500	-0.134500	192.000000	0.000000	0.000000	0.000000	0.000000	0.000000	0.000000	0.000000	0.000000	0.000000	1745266289.535153	0.000000
188.000000	-30988.547920	-3049.828476	2050.727850	-6638.356345	-3193.349027	9373.651072	-27425.568095	-3444.627338	-1728.348640	-21547.014600	-30076.261470	-1036.964481	-24471.293327	-8601.286543	5766.571256	-187500.022352	-0.034000	0.974500	-0.134500	192.000000	0.000000	0.000000	0.000000	0.000000	0.000000	0.000000	0.000000	0.000000	0.000000	1745266289.535202	0.000000
190.000000	-30992.258309	-3048.040336	2040.334289	-6640.457408	-3203.541422	9367.549046	-27438.733272	-3450.058812	-1746.878236	-21545.964068	-30087.772618	-1032.851760	-24484.123228	-8616.172804	5752.981395	-187500.022352	-0.034000	0.973250	-0.135250	192.000000	127.000000	120.000000	15.000000	48.000000	125.500000	96.000000	0.000000	0.000000	0.000000	1745266289.535233	0.000000
192.000000	-30988.614975	-3039.904301	2044.983452	-6634.645955	-3201.239193	9367.258473	-27437.213354	-3446.549588	-1739.077477	-21527.300361	-30081.983516	-1017.518463	-24488.012432	-8601.890040	5750.254482	-187500.022352	-0.034000	0.973250	-0.135250	192.000000	0.000000	0.000000	0.000000	0.000000	0.000000	0.000000	0.000000	0.000000	0.000000	1745266289.535286	0.000000
194.000000	-30977.975545	-3030.114237	2049.207932	-6629.437998	-3195.673608	9381.585942	-27431.267790	-3444.157951	-1730.069724	-21505.552114	-30074.428627	-1007.638992	-24477.261243	-8596.950304	5752.064973	-187500.022352	-0.034000	0.973250	-0.135250	192.000000	0.000000	0.000000	0.000000	0.000000	0.000000	0.000000	0.000000	0.000000	0.000000	1745266289.535315	0.000000
196.000000	-30970.532414	-3024.749818	2053.521818	-6626.867548	-3190.063320	9381.787107	-27431.603066	-3445.074373	-1724.884120	-21514.716329	-30068.393656	-995.077311	-24480.457542	-8599.163127	5753.741354	-187500.022352	-0.034000	0.973250	-0.135250	192.000000	0.000000	0.000000	0.000000	0.000000	0.000000	0.000000	0.000000	0.000000	0.000000	1745266289.596560	0.000000
198.000000	-30970.912393	-3021.777036	2053.097135	-6632.500187	-3189.348065	9373.002872	-27434.732310	-3446.348422	-1725.621727	-21508.502544	-30065.711446	-1000.732303	-24484.302042	-8624.822929	5748.823970	-187500.022352	-0.034000	0.973250	-0.135250	192.000000	0.000000	0.000000	0.000000	0.000000	0.000000	0.000000	0.000000	0.000000	0.000000	1745266289.596615	0.000000
200.000000	-30976.254460	-3020.480635	2059.154458	-6632.835464	-3181.033216	9367.839619	-27428.719691	-3443.107419	-1730.606166	-21521.243038	-30063.811548	-998.698294	-24482.938586	-8598.716092	5754.791886	-187500.022352	-0.036000	0.972625	-0.137625	192.000000	127.000000	104.000000	15.000000	48.000000	125.500000	80.000000	0.000000	0.000000	0.000000	1745266289.596661	0.000000
202.000000	-30974.622783	-3024.548653	2059.199161	-6634.310679	-3187.828146	9369.851276	-27438.710921	-3449.164742	-1726.247576	-21511.832954	-30060.659952	-999.927640	-24471.628603	-8605.622781	5759.396346	-187500.022352	-0.036000	0.972625	-0.137625	192.000000	0.000000	0.000000	0.000000	0.000000	0.000000	0.000000	0.000000	0.000000	0.000000	1745266289.596694	0.000000
204.000000	-30974.935707	-3024.436894	2058.372147	-6633.975403	-3198.378169	9382.256494	-27449.350351	-3443.018012	-1720.033791	-21514.291646	-30059.117682	-999.502957	-24484.100876	-8613.334133	5753.786058	-187500.022352	-0.036000	0.972625	-0.137625	192.000000	0.000000	0.000000	0.000000	0.000000	0.000000	0.000000	0.000000	0.000000	0.000000	1745266289.596725	0.000000
206.000000	-30954.237992	-3000.095844	2076.231191	-6602.325332	-3181.413195	9402.775395	-27428.406766	-3423.169663	-1703.538204	-21517.644407	-30047.025388	-987.365960	-24477.082429	-8599.297237	5758.278758	-187500.022352	-0.036000	0.972625	-0.137625	192.000000	0.000000	0.000000	0.000000	0.000000	0.000000	0.000000	0.000000	0.000000	0.000000	1745266289.596759	0.000000
208.000000	-30964.363332	-3009.997667	2073.146650	-6604.135824	-3185.950599	9399.914372	-27443.561249	-3441.542797	-1694.441044	-21490.174114	-30035.134260	-973.105547	-24471.740362	-8573.011586	5769.320520	-187500.022352	-0.036000	0.972625	-0.137625	192.000000	0.000000	0.000000	0.000000	0.000000	0.000000	0.000000	0.000000	0.000000	0.000000	1745266289.596789	0.000000
210.000000	-30971.582946	-3020.346525	2059.489734	-6614.462330	-3187.626980	9372.220561	-27450.110310	-3463.402803	-1709.751989	-21482.485113	-30041.370397	-982.359169	-24473.796722	-8585.975598	5761.050375	-187500.022352	-0.035000	0.969313	-0.138813	192.000000	127.000000	120.000000	15.000000	24.000000	125.500000	80.000000	0.000000	0.000000	0.000000	1745266289.655356	0.000000
212.000000	-30994.828760	-3049.381441	2043.709403	-6634.645955	-3196.634733	9342.313926	-27457.262869	-3478.043196	-1722.090152	-21533.424739	-30056.279010	-1006.320239	-24479.876397	-8628.734485	5749.472171	-187500.022352	-0.035000	0.969313	-0.138813	192.000000	0.000000	0.000000	0.000000	0.000000	0.000000	0.000000	0.000000	0.000000	0.000000	1745266289.655400	0.000000
214.000000	-30987.966774	-3040.999537	2052.851266	-6618.485644	-3181.122623	9366.207941	-27436.453394	-3457.881922	-1733.981280	-21562.169082	-30069.131263	-1024.156931	-24500.507057	-8632.891909	5740.576177	-187500.022352	-0.035000	0.969313	-0.138813	192.000000	0.000000	0.000000	0.000000	0.000000	0.000000	0.000000	0.000000	0.000000	0.000000	1745266289.655448	0.000000
216.000000	-30982.423542	-3032.416467	2064.630635	-6601.207745	-3171.556076	9378.993139	-27427.691511	-3444.023841	-1714.289393	-21521.153631	-30047.494775	-1001.313448	-24477.574167	-8612.462415	5761.922093	-187500.022352	-0.035000	0.969313	-0.138813	192.000000	0.000000	0.000000	0.000000	0.000000	0.000000	0.000000	0.000000	0.000000	0.000000	1745266289.655479	0.000000
218.000000	-30998.695612	-3045.983976	2040.937786	-6615.959897	-3190.510355	9362.832828	-27448.724502	-3455.959672	-1724.101809	-21514.023425	-30051.048702	-994.496166	-24474.042591	-8600.705397	5758.770497	-187500.022352	-0.035000	0.969313	-0.138813	192.000000	0.000000	0.000000	0.000000	0.000000	0.000000	0.000000	0.000000	0.000000	0.000000	1745266289.655520	0.000000
220.000000	-31002.629519	-3045.447534	2040.110772	-6618.485644	-3185.034178	9366.230293	-27447.182232	-3452.115172	-1738.138704	-21550.903803	-30070.628830	-1001.894593	-24502.026975	-8618.385627	5742.163151	-187500.022352	-0.032500	0.966656	-0.138406	192.000000	127.500000	8.000000	15.000000	16.000000	125.500000	88.000000	0.000000	0.000000	0.000000	1745266289.655550	0.000000
222.000000	-30993.331193	-3033.824627	2041.898911	-6612.718894	-3183.782480	9368.443116	-27451.250249	-3455.691452	-1740.798562	-21535.011713	-30066.247888	-987.947105	-24505.022109	-8627.728656	5746.141761	-187500.022352	-0.032500	0.966656	-0.138406	192.000000	0.000000	0.000000	0.000000	0.000000	0.000000	0.000000	0.000000	0.000000	0.000000	1745266289.655586	0.000000
224.000000	-30981.887100	-3018.401923	2054.415888	-6609.634353	-3174.037120	9380.155430	-27433.570019	-3437.519483	-1732.215492	-21511.654140	-30054.401464	-976.570067	-24497.400164	-8631.595508	5757.138819	-187500.022352	-0.032500	0.966656	-0.138406	192.000000	0.000000	0.000000	0.000000	0.000000	0.000000	0.000000	0.000000	0.000000	0.000000	1745266289.655616	0.000000
226.000000	-30972.633478	-3006.287277	2055.041737	-6600.559545	-3173.031291	9372.935816	-27435.358159	-3445.454353	-1728.169826	-21485.323785	-30048.992342	-967.070576	-24489.420592	-8595.497441	5765.408965	-187500.022352	-0.032500	0.966656	-0.138406	192.000000	0.000000	0.000000	0.000000	0.000000	0.000000	0.000000	0.000000	0.000000	0.000000	1745266289.714705	0.000000
228.000000	-30965.369161	-2999.648809	2060.964949	-6600.179565	-3175.691149	9372.488782	-27441.527240	-3452.428097	-1715.898718	-21486.307262	-30041.325693	-955.358262	-24500.484705	-8590.356540	5765.364261	-187500.022352	-0.032500	0.966656	-0.138406	192.000000	0.000000	0.000000	0.000000	0.000000	0.000000	0.000000	0.000000	0.000000	0.000000	1745266289.714748	0.000000
230.000000	-30953.120405	-2993.390321	2070.084461	-6596.335065	-3162.190695	9371.997043	-27416.873266	-3448.360079	-1701.526547	-21496.723175	-30032.943789	-949.233884	-24476.791856	-8592.055272	5781.971607	-187500.022352	-0.034250	0.965328	-0.137203	192.000000	127.000000	112.000000	15.000000	16.000000	125.500000	96.000000	0.000000	0.000000	0.000000	1745266289.714779	0.000000
232.000000	-30955.266172	-2992.987990	2063.289531	-6599.754882	-3168.449184	9366.856142	-27423.109403	-3442.146294	-1704.365218	-21504.434526	-30031.490926	-952.564293	-24481.753943	-8592.278790	5781.099889	-187500.022352	-0.034250	0.965328	-0.137203	192.000000	0.000000	0.000000	0.000000	0.000000	0.000000	0.000000	0.000000	0.000000	0.000000	1745266289.714820	0.000000
234.000000	-30958.238954	-2996.854841	2058.685071	-6597.922039	-3176.339349	9366.006776	-27429.792575	-3442.794495	-1711.294259	-21500.344157	-30029.546324	-955.537075	-24487.364231	-8603.164089	5773.790869	-187500.022352	-0.034250	0.965328	-0.137203	192.000000	0.000000	0.000000	0.000000	0.000000	0.000000	0.000000	0.000000	0.000000	0.000000	1745266289.714850	0.000000
236.000000	-30957.926030	-2995.200812	2061.903723	-6593.406986	-3171.824297	9372.242912	-27422.371795	-3436.804227	-1717.597451	-21488.229512	-30035.491888	-966.310616	-24495.164990	-8614.161147	5766.772421	-187500.022352	-0.034250	0.965328	-0.137203	192.000000	0.000000	0.000000	0.000000	0.000000	0.000000	0.000000	0.000000	0.000000	0.000000	1745266289.714892	0.000000
238.000000	-30963.759835	-2998.352408	2059.959121	-6592.870545	-3173.433623	9380.155430	-27420.114269	-3432.780913	-1710.221375	-21477.925358	-30033.234362	-966.824706	-24482.044516	-8598.760795	5770.795735	-187500.022352	-0.034250	0.965328	-0.137203	192.000000	0.000000	0.000000	0.000000	0.000000	0.000000	0.000000	0.000000	0.000000	0.000000	1745266289.714922	0.000000
240.000000	-30961.479957	-3002.934516	2057.098097	-6592.490565	-3174.461803	9374.209866	-27421.187153	-3429.271690	-1714.132931	-21494.152724	-30037.190621	-979.341683	-24500.082374	-8612.820043	5763.531418	-187500.022352	-0.034250	0.965328	-0.137203	192.000000	0.000000	0.000000	0.000000	0.000000	0.000000	0.000000	0.000000	0.000000	0.000000	1745266289.774452	0.000000
242.000000	-30964.542146	-3002.532184	2056.472249	-6588.981341	-3176.182887	9375.439212	-27420.583656	-3429.942242	-1723.922995	-21501.171172	-30038.375263	-983.901439	-24504.642129	-8614.764644	5763.017328	-187500.022352	-0.032000	0.966000	-0.144000	192.000000	127.500000	0.000000	15.000000	24.000000	125.500000	64.000000	0.000000	0.000000	0.000000	1745266289.774494	0.000000
244.000000	-30968.252536	-3002.442777	2060.495563	-6582.633446	-3173.321864	9377.272055	-27418.661406	-3427.640012	-1703.918183	-21507.563771	-30033.435527	-985.242544	-24490.761696	-8561.522789	5764.961930	-187500.022352	-0.032000	0.966000	-0.144000	192.000000	0.000000	0.000000	0.000000	0.000000	0.000000	0.000000	0.000000	0.000000	0.000000	1745266289.774535	0.000000
246.000000	-30962.865765	-2995.424330	2067.134031	-6582.968722	-3169.723233	9381.697700	-27416.537990	-3420.509806	-1704.499329	-21498.667776	-30036.721234	-996.194899	-24481.530426	-8573.369214	5765.721889	-187500.022352	-0.032000	0.966000	-0.144000	192.000000	0.000000	0.000000	0.000000	0.000000	0.000000	0.000000	0.000000	0.000000	0.000000	1745266289.774566	0.000000
248.000000	-30958.976562	-2990.484594	2065.345891	-6587.841402	-3169.387957	9375.327453	-27415.755679	-3431.149236	-1697.413826	-21491.872846	-30030.909780	-1008.644820	-24475.741324	-8592.636417	5767.219456	-187500.022352	-0.032000	0.966000	-0.144000	192.000000	0.000000	0.000000	0.000000	0.000000	0.000000	0.000000	0.000000	0.000000	0.000000	1745266289.774596	0.000000
250.000000	-30957.344885	-2988.025902	2063.915380	-6589.696597	-3174.461803	9372.377023	-27424.986950	-3430.076352	-1700.900698	-21486.039041	-30031.647388	-1025.810960	-24488.817094	-8588.389586	5764.649005	-187500.022352	-0.032000	0.966000	-0.144000	192.000000	0.000000	0.000000	0.000000	0.000000	0.000000	0.000000	0.000000	0.000000	0.000000	1745266289.774625	0.000000
252.000000	-30957.680161	-2976.179478	2076.208839	-6576.620826	-3163.017710	9371.438250	-27410.279502	-3433.160893	-1703.940535	-21482.351003	-30024.964216	-1041.546588	-24481.642184	-8609.869612	5766.794773	-187500.022352	-0.040000	0.976000	-0.142000	192.000000	127.000000	96.000000	15.000000	64.000000	125.500000	72.000000	0.000000	0.000000	0.000000	1745266289.774656	0.000000
254.000000	-30943.643265	-2963.260169	2080.500374	-6571.524629	-3167.041024	9361.983462	-27417.454412	-3429.048172	-1700.498366	-21474.974927	-30017.565789	-1060.634978	-24490.001737	-8583.561609	5765.006633	-187500.022352	-0.040000	0.976000	-0.142000	192.000000	0.000000	0.000000	0.000000	0.000000	0.000000	0.000000	0.000000	0.000000	0.000000	1745266289.774689	0.000000
0.000000	-30939.329379	-2965.696510	2085.060130	-6574.832687	-3158.837933	9366.967901	-27402.635205	-3431.305698	-1673.028072	-21460.222776	-29996.979832	-1072.190830	-24481.619833	-8561.321623	5778.820011	-187500.022352	-0.040000	0.976000	-0.142000	192.000000	0.000000	0.000000	0.000000	0.000000	0.000000	0.000000	0.000000	0.000000	0.000000	1745266289.834833	0.000000
2.000000	-30955.221469	-2981.275675	2077.102909	-6590.501260	-3168.784460	9346.583110	-27410.257150	-3440.648727	-1701.951230	-21486.843704	-30012.626053	-1113.116874	-24478.557644	-8584.567438	5769.298168	-187500.022352	-0.040000	0.976000	-0.142000	192.000000	0.000000	0.000000	0.000000	0.000000	0.000000	0.000000	0.000000	0.000000	0.000000	1745266289.834885	0.000000
4.000000	-30952.092225	-2981.029806	2078.019330	-6588.556658	-3170.505544	9343.900900	-27411.151220	-3444.850855	-1689.858936	-21481.903968	-30009.295643	-1127.332583	-24479.138789	-8579.627702	5768.873485	-187500.022352	-0.040000	0.976000	-0.142000	192.000000	0.000000	0.000000	0.000000	0.000000	0.000000	0.000000	0.000000	0.000000	0.000000	1745266289.834919	0.000000
6.000000	-30957.054312	-2986.774205	2073.951313	-6596.782100	-3170.304378	9349.958223	-27412.358214	-3441.431039	-1690.551840	-21490.822314	-30007.820428	-1140.967147	-24485.821961	-8604.594601	5764.112564	-187500.022352	-0.038000	0.968000	-0.136000	192.000000	127.000000	104.000000	15.000000	32.000000	125.500000	96.000000	0.000000	0.000000	0.000000	1745266289.834958	0.000000
8.000000	-30967.425521	-2990.976333	2062.328406	-6601.319504	-3170.036157	9328.634659	-27413.744022	-3442.213350	-1703.717018	-21492.163419	-30014.011862	-1132.540540	-24490.560530	-8615.345790	5761.519761	-187500.022352	-0.038000	0.968000	-0.136000	192.000000	0.000000	0.000000	0.000000	0.000000	0.000000	0.000000	0.000000	0.000000	0.000000	1745266289.834992	0.000000
10.000000	-30973.169920	-2997.994780	2054.035908	-6608.226193	-3173.903009	9322.599688	-27422.707072	-3446.370774	-1704.231108	-21492.878675	-30015.889408	-1133.076982	-24495.813190	-8592.167031	5755.596549	-187500.022352	-0.038000	0.968000	-0.136000	192.000000	0.000000	0.000000	0.000000	0.000000	0.000000	0.000000	0.000000	0.000000	0.000000	1745266289.835025	0.000000
12.000000	-30978.668449	-3004.141510	2048.537379	-6609.880222	-3175.802907	9316.609420	-27428.138546	-3464.699205	-1712.478901	-21513.330521	-30024.539533	-1146.197456	-24503.502191	-8613.177671	5739.212720	-187500.022352	-0.038000	0.968000	-0.136000	192.000000	0.000000	0.000000	0.000000	0.000000	0.000000	0.000000	0.000000	0.000000	0.000000	1745266289.835056	0.000000
14.000000	-30983.272908	-3006.130815	2044.156437	-6614.752902	-3173.992416	9315.558888	-27438.353293	-3457.636053	-1724.548843	-21511.967064	-30031.848554	-1152.746517	-24512.018205	-8626.968697	5737.491636	-187500.022352	-0.038000	0.968000	-0.136000	192.000000	0.000000	0.000000	0.000000	0.000000	0.000000	0.000000	0.000000	0.000000	0.000000	1745266289.895211	0.000000
16.000000	-30979.428408	-3001.056969	2055.824048	-6594.703388	-3160.424907	9320.140996	-27427.020958	-3458.105440	-1718.558576	-21480.495808	-30018.795135	-1143.738764	-24502.898693	-8638.815122	5746.208816	-187500.022352	-0.036000	0.974000	-0.138000	192.000000	127.000000	112.000000	15.000000	56.000000	125.500000	88.000000	0.000000	0.000000	0.000000	1745266289.895248	0.000000
18.000000	-30975.695667	-2993.144452	2065.390595	-6577.112565	-3152.668852	9325.416008	-27420.404842	-3436.848931	-1702.487672	-21488.900064	-30010.547341	-1133.412258	-24495.701432	-8588.702510	5756.937654	-187500.022352	-0.036000	0.974000	-0.138000	192.000000	0.000000	0.000000	0.000000	0.000000	0.000000	0.000000	0.000000	0.000000	0.000000	1745266289.895281	0.000000
20.000000	-30982.937632	-2999.581754	2103.321505	-6577.827821	-3156.021614	9315.782406	-27428.674987	-3449.276501	-1700.386608	-21488.251864	-30005.831123	-1120.716467	-24488.235949	-8591.898810	5768.113526	-187500.022352	-0.036000	0.974000	-0.138000	192.000000	0.000000	0.000000	0.000000	0.000000	0.000000	0.000000	0.000000	0.000000	0.000000	1745266289.895311	0.000000
22.000000	-30984.569309	-2997.525394	2500.243783	-6582.588742	-3153.406459	9316.654124	-27429.054967	-3449.947053	-1718.223300	-21510.514201	-30021.186772	-1135.312156	-24503.122211	-8617.558613	5758.077593	-187500.022352	-0.036000	0.974000	-0.138000	192.000000	0.000000	0.000000	0.000000	0.000000	0.000000	0.000000	0.000000	0.000000	0.000000	1745266289.895349	0.000000
24.000000	-30973.438141	-2984.293161	2537.615900	-6570.272931	-3141.917663	9310.038008	-27414.928665	-3443.822675	-1712.456550	-21482.194541	-30008.267463	-1121.051743	-24494.717955	-8615.301086	5775.511953	-187500.022352	-0.036000	0.974000	-0.138000	192.000000	0.000000	0.000000	0.000000	0.000000	0.000000	0.000000	0.000000	0.000000	0.000000	1745266289.895387	0.000000
26.000000	-30978.489635	-2983.756719	2519.846263	-6575.883219	-3152.400631	9304.293609	-27424.718729	-3451.109344	-1718.245652	-21482.149837	-30008.848609	-1128.293708	-24486.291347	-8608.237935	5770.393404	-187500.022352	-0.032000	0.976000	-0.132000	192.000000	127.500000	0.000000	15.000000	64.000000	125.500000	112.000000	0.000000	0.000000	0.000000	1745266289.895417	0.000000
28.000000	-30980.054257	-2986.126004	2507.731617	-6571.658739	-3152.981776	9309.210993	-27423.265865	-3449.991757	-1700.900698	-21491.358756	-30006.479324	-1126.371458	-24497.087240	-8611.188365	5768.337043	-187500.022352	-0.032000	0.976000	-0.132000	192.000000	0.000000	0.000000	0.000000	0.000000	0.000000	0.000000	0.000000	0.000000	0.000000	1745266289.895459	0.000000
30.000000	-30989.866673	-2989.210545	2497.025132	-6572.932788	-3150.143105	9305.813528	-27426.283351	-3446.191960	-1695.201003	-21478.640613	-30005.585254	-1125.119761	-24493.980347	-8606.405092	5768.068822	-187500.022352	-0.032000	0.976000	-0.132000	192.000000	0.000000	0.000000	0.000000	0.000000	0.000000	0.000000	0.000000	0.000000	0.000000	1745266289.955447	0.000000
32.000000	-31004.149437	-3001.414597	2475.343940	-6585.270951	-3166.124602	9280.310187	-27447.741025	-3468.811926	-1720.681992	-21475.779590	-30026.439431	-1142.531770	-24511.012377	-8625.851110	5743.951290	-187500.022352	-0.032000	0.976000	-0.132000	192.000000	0.000000	0.000000	0.000000	0.000000	0.000000	0.000000	0.000000	0.000000	0.000000	1745266289.955490	0.000000
34.000000	-30991.431295	-2989.724635	2479.210791	-6578.185448	-3152.355928	9285.048757	-27436.855726	-3464.810963	-1718.893852	-21500.411212	-30021.276179	-1135.043935	-24504.664481	-8621.760740	5743.928938	-187500.022352	-0.032000	0.976000	-0.132000	192.000000	0.000000	0.000000	0.000000	0.000000	0.000000	0.000000	0.000000	0.000000	0.000000	1745266289.955521	0.000000
36.000000	-30990.447818	-2987.936495	2478.853164	-6577.090213	-3147.215026	9291.016673	-27436.833374	-3459.334786	-1709.528471	-21487.201332	-30014.660062	-1127.287880	-24500.887036	-8616.530432	5750.254482	-187500.022352	-0.030000	0.980000	-0.130000	192.000000	127.500000	8.000000	15.000000	80.000000	125.500000	120.000000	0.000000	0.000000	0.000000	1745266289.955551	0.000000
38.000000	-31000.394344	-2990.194021	2472.885248	-6584.265123	-3145.851570	9290.435528	-27440.610819	-3460.027690	-1712.389494	-21487.290738	-30020.449164	-1130.618290	-24507.167877	-8621.648982	5743.101924	-187500.022352	-0.030000	0.980000	-0.130000	192.000000	0.000000	0.000000	0.000000	0.000000	0.000000	0.000000	0.000000	0.000000	0.000000	1745266289.955583	0.000000
40.000000	-31001.668394	-2993.323266	2478.383777	-6580.912361	-3128.573671	9293.363606	-27425.076357	-3439.732306	-1720.167902	-21480.384049	-30024.316016	-1122.996345	-24505.603255	-8630.388514	5754.344851	-187500.022352	-0.030000	0.980000	-0.130000	192.000000	0.000000	0.000000	0.000000	0.000000	0.000000	0.000000	0.000000	0.000000	0.000000	1745266289.955612	0.000000
42.000000	-31013.693632	-3002.062798	2478.294370	-6582.409928	-3133.871035	9284.713481	-27434.106461	-3457.881922	-1714.244689	-21492.565750	-30026.730004	-1119.151845	-24501.289368	-8646.034735	5756.490619	-187500.022352	-0.030000	0.980000	-0.130000	192.000000	0.000000	0.000000	0.000000	0.000000	0.000000	0.000000	0.000000	0.000000	0.000000	1745266289.955643	0.000000
44.000000	-31017.627539	-3000.006437	2485.670446	-6572.999844	-3128.350154	9292.603647	-27422.617665	-3447.778934	-1709.036733	-21496.566712	-30023.958388	-1113.854481	-24490.985214	-8624.644116	5767.130049	-187500.022352	-0.030000	0.980000	-0.130000	192.000000	0.000000	0.000000	0.000000	0.000000	0.000000	0.000000	0.000000	0.000000	0.000000	1745266290.015719	0.000000
46.000000	-31027.104679	-3005.080283	2479.143736	-6576.598475	-3134.519235	9285.674606	-27433.480612	-3451.645786	-1720.190253	-21490.487038	-30030.440394	-1110.747589	-24487.587748	-8608.461453	5765.498372	-187500.022352	-0.031000	0.979000	-0.133000	192.000000	127.500000	0.000000	15.000000	72.000000	125.500000	96.000000	0.000000	0.000000	0.000000	1745266290.015812	0.000000
48.000000	-31016.755821	-2998.039484	2483.256457	-6569.736489	-3128.104285	9281.695996	-27427.065662	-3446.415478	-1724.012402	-21468.559977	-30029.211048	-984.817861	-24501.803458	-8599.900734	5773.992035	-187500.022352	-0.031000	0.979000	-0.133000	192.000000	0.000000	0.000000	0.000000	0.000000	0.000000	0.000000	0.000000	0.000000	0.000000	1745266290.015845	0.000000
50.000000	-31021.516743	-2995.759606	2480.797765	-6576.464364	-3123.946860	9282.523010	-27421.924761	-3438.145332	-1711.160149	-21499.718308	-30027.221743	-988.215326	-24499.858856	-8632.869557	5775.981340	-187500.022352	-0.031000	0.979000	-0.133000	192.000000	0.000000	0.000000	0.000000	0.000000	0.000000	0.000000	0.000000	0.000000	0.000000	1745266290.015888	0.000000
52.000000	-31026.568237	-3003.560365	2473.980483	-6581.404100	-3129.065410	9276.711557	-27431.424252	-3446.013146	-1720.123198	-21505.932093	-30040.655141	-1000.553489	-24511.347653	-8643.531340	5768.761726	-187500.022352	-0.031000	0.979000	-0.133000	192.000000	0.000000	0.000000	0.000000	0.000000	0.000000	0.000000	0.000000	0.000000	0.000000	1745266290.015918	0.000000
54.000000	-31014.654757	-2992.228030	2471.477088	-6577.649007	-3133.424000	9275.281045	-27439.381473	-3459.848876	-1710.355486	-21486.329613	-30029.635731	-992.596268	-24493.175685	-8621.447816	5766.906532	-187500.022352	-0.031000	0.979000	-0.133000	192.000000	0.000000	0.000000	0.000000	0.000000	0.000000	0.000000	0.000000	0.000000	0.000000	1745266290.015951	0.000000
56.000000	-31007.233978	-2982.080338	2475.947437	-6570.742318	-3133.155779	9277.449164	-27446.645790	-3457.770164	-1709.997858	-21468.649384	-30022.371414	-989.019989	-24494.583844	-8621.000781	5758.524628	-187500.022352	-0.032500	0.977500	-0.133500	192.000000	127.000000	120.000000	15.000000	64.000000	125.500000	104.000000	0.000000	0.000000	0.000000	1745266290.015980	0.000000
58.000000	-31010.385574	-2984.136699	2476.081547	-6569.825896	-3118.425979	9272.241208	-27427.646807	-3449.075335	-1701.414788	-21470.012840	-30023.354891	-999.324143	-24498.495400	-8619.011476	5752.534360	-187500.022352	-0.032500	0.977500	-0.133500	192.000000	0.000000	0.000000	0.000000	0.000000	0.000000	0.000000	0.000000	0.000000	0.000000	1745266290.016013	0.000000
60.000000	-31021.270874	-2991.557478	2468.794879	-6576.307902	-3119.320049	9273.269388	-27438.845031	-3463.671024	-1702.822948	-21473.723230	-30021.633806	-1006.454349	-24493.980347	-8622.565403	5761.072726	-187500.022352	-0.032500	0.977500	-0.133500	192.000000	0.000000	0.000000	0.000000	0.000000	0.000000	0.000000	0.000000	0.000000	0.000000	1745266290.074501	0.000000
62.000000	-31021.270874	-2989.612876	2460.211809	-6574.318597	-3127.076105	9273.001167	-27449.551517	-3454.417402	-1708.768512	-21485.279081	-30031.759147	-1015.931489	-24509.984196	-8629.963831	5749.338061	-187500.022352	-0.032500	0.977500	-0.133500	192.000000	0.000000	0.000000	0.000000	0.000000	0.000000	0.000000	0.000000	0.000000	0.000000	1745266290.074536	0.000000
64.000000	-31014.252426	-2979.733405	2471.477088	-6561.265178	-3115.140273	9276.935074	-27431.960694	-3451.377565	-1709.550823	-21476.584253	-30029.971007	-1015.797379	-24504.172743	-8629.963831	5751.215607	-187500.022352	-0.032500	0.977500	-0.133500	192.000000	0.000000	0.000000	0.000000	0.000000	0.000000	0.000000	0.000000	0.000000	0.000000	1745266290.074565	0.000000
66.000000	-31015.906455	-2969.652768	2471.924123	-6565.713175	-3109.194709	9275.728080	-27433.994703	-3447.711879	-1702.040637	-21463.955517	-30014.011862	-1004.912079	-24493.868589	-8619.011476	5770.348700	-187500.022352	-0.031250	0.975750	-0.131750	192.000000	127.500000	8.000000	15.000000	56.000000	125.500000	120.000000	0.000000	0.000000	0.000000	1745266290.074601	0.000000
68.000000	-31027.931694	-2986.416577	2467.632588	-6570.183524	-3109.775854	9264.351042	-27434.061758	-3445.610815	-1717.239823	-21472.113904	-30026.461783	-1021.899405	-24504.373909	-8623.593584	5761.564465	-187500.022352	-0.031250	0.975750	-0.131750	192.000000	0.000000	0.000000	0.000000	0.000000	0.000000	0.000000	0.000000	0.000000	0.000000	1745266290.074644	0.000000
70.000000	-31030.345682	-2985.835431	2469.733652	-6565.690823	-3098.667037	9266.429754	-27427.490345	-3448.673004	-1718.849149	-21483.982680	-30035.044853	-1030.594233	-24500.998795	-8619.324400	5764.179619	-187500.022352	-0.031250	0.975750	-0.131750	192.000000	0.000000	0.000000	0.000000	0.000000	0.000000	0.000000	0.000000	0.000000	0.000000	1745266290.074673	0.000000
72.000000	-31039.420490	-2995.021998	2459.027166	-6574.720928	-3105.663133	9263.389917	-27441.035502	-3458.708937	-1725.711134	-21498.578369	-30043.203240	-1034.326975	-24510.297121	-8631.751970	5763.039680	-187500.022352	-0.031250	0.975750	-0.131750	192.000000	0.000000	0.000000	0.000000	0.000000	0.000000	0.000000	0.000000	0.000000	0.000000	1745266290.074720	0.000000
74.000000	-31049.344665	-3001.861632	2457.998986	-6581.895838	-3107.518328	9258.785457	-27444.924706	-3453.121001	-1727.432218	-21486.195503	-30049.685246	-1043.602949	-24504.776240	-8645.922976	5761.832686	-187500.022352	-0.031250	0.975750	-0.131750	192.000000	0.000000	0.000000	0.000000	0.000000	0.000000	0.000000	0.000000	0.000000	0.000000	1745266290.134803	0.000000
76.000000	-31061.124034	-3016.077342	2446.800762	-6595.284533	-3118.873014	9236.411361	-27454.111273	-3461.994643	-1738.764553	-21500.187695	-30060.704656	-1059.629149	-24517.181458	-8652.159113	5754.031927	-187500.022352	-0.031625	0.973875	-0.131875	192.000000	127.500000	0.000000	15.000000	48.000000	125.500000	112.000000	0.000000	0.000000	0.000000	1745266290.134857	0.000000
78.000000	-31044.583743	-2996.608972	2459.205980	-6581.895838	-3103.115034	9244.748562	-27435.916953	-3465.325053	-1729.622689	-21496.410250	-30061.352856	-1062.847801	-24514.253380	-8656.942386	5751.975566	-187500.022352	-0.031625	0.973875	-0.131875	192.000000	0.000000	0.000000	0.000000	0.000000	0.000000	0.000000	0.000000	0.000000	0.000000	1745266290.134892	0.000000
80.000000	-31047.668284	-3000.587583	2460.100050	-6577.693710	-3098.130595	9242.692201	-27433.324150	-3455.624396	-1725.085285	-21486.039041	-30050.735778	-1059.383280	-24502.630472	-8628.019229	5762.324424	-187500.022352	-0.031625	0.973875	-0.131875	192.000000	0.000000	0.000000	0.000000	0.000000	0.000000	0.000000	0.000000	0.000000	0.000000	1745266290.134923	0.000000
82.000000	-31044.829612	-2999.000609	2449.952358	-6586.545001	-3109.462930	9233.572690	-27449.551517	-3463.648673	-1726.672259	-21494.800925	-30052.076882	-1056.790478	-24510.051252	-8647.286433	5756.535322	-187500.022352	-0.031625	0.973875	-0.131875	192.000000	0.000000	0.000000	0.000000	0.000000	0.000000	0.000000	0.000000	0.000000	0.000000	1745266290.134953	0.000000
84.000000	-31036.872391	-2990.149318	2457.060213	-6578.118393	-3099.829328	9240.524082	-27440.811985	-3457.345481	-1725.018230	-21509.508372	-30055.831975	-1061.618455	-24507.927836	-8659.758706	5751.036793	-187500.022352	-0.031625	0.973875	-0.131875	192.000000	0.000000	0.000000	0.000000	0.000000	0.000000	0.000000	0.000000	0.000000	0.000000	1745266290.134982	0.000000
86.000000	-31038.325255	-2992.987990	2454.333300	-6576.576123	-3100.969267	9254.225702	-27443.427139	-3453.702146	-1725.353506	-21485.390840	-30048.724121	-1052.320129	-24503.636301	-8630.969659	5762.771459	-187500.022352	-0.035812	0.971938	-0.129938	192.000000	127.000000	96.000000	15.000000	40.000000	126.000000	0.000000	0.000000	0.000000	0.000000	1745266290.135013	0.000000
88.000000	-31046.081310	-2997.950077	2452.142829	-6575.145611	-3098.979962	9249.509484	-27442.845993	-3455.982024	-1731.321422	-21485.927282	-30058.000095	-1069.575676	-24509.246589	-8640.424447	5757.742316	-187500.022352	-0.035812	0.971938	-0.129938	192.000000	0.000000	0.000000	0.000000	0.000000	0.000000	0.000000	0.000000	0.000000	0.000000	1745266290.135048	0.000000
90.000000	-31053.770310	-3002.263963	2446.420782	-6582.499335	-3099.941087	9234.869091	-27444.008284	-3457.747812	-1730.047373	-21493.303358	-30059.341199	-1073.598990	-24510.677101	-8634.568290	5759.463401	-187500.022352	-0.035812	0.971938	-0.129938	192.000000	0.000000	0.000000	0.000000	0.000000	0.000000	0.000000	0.000000	0.000000	0.000000	1745266290.195027	0.000000
92.000000	-31057.726569	-3005.460263	2442.509227	-6586.857925	-3099.136424	9229.191748	-27442.845993	-3456.473763	-1744.888931	-21499.405384	-30071.120569	-1091.905068	-24520.623627	-8647.778171	5751.528531	-187500.022352	-0.035812	0.971938	-0.129938	192.000000	0.000000	0.000000	0.000000	0.000000	0.000000	0.000000	0.000000	0.000000	0.000000	1745266290.195062	0.000000
94.000000	-31064.052113	-3007.136644	2445.191436	-6584.935675	-3098.309409	9234.086780	-27441.102557	-3460.161800	-1739.211588	-21496.678471	-30072.819301	-1097.560060	-24515.348615	-8651.712078	5752.936691	-187500.022352	-0.035812	0.971938	-0.129938	192.000000	0.000000	0.000000	0.000000	0.000000	0.000000	0.000000	0.000000	0.000000	0.000000	1745266290.195110	0.000000
96.000000	-31047.690636	-2985.410748	2461.597617	-6562.896855	-3084.026645	9267.167362	-27433.212392	-3434.636108	-1733.422486	-21480.205236	-30066.694923	-1094.430816	-24502.071679	-8628.488616	5763.866694	-187500.022352	-0.035906	0.971969	-0.132969	192.000000	127.000000	112.000000	15.000000	48.000000	125.500000	96.000000	0.000000	0.000000	0.000000	1745266290.195140	0.000000
98.000000	-31044.203764	-2986.103652	2467.073794	-6548.547035	-3084.406624	9269.201370	-27431.491307	-3433.339707	-1734.383611	-21463.687296	-30058.804757	-1081.802080	-24505.089164	-8618.296220	5777.210686	-187500.022352	-0.035906	0.971969	-0.132969	192.000000	0.000000	0.000000	0.000000	0.000000	0.000000	0.000000	0.000000	0.000000	0.000000	1745266290.195175	0.000000
100.000000	-31036.537115	-2978.191135	2472.013530	-6543.897872	-3079.668055	9268.441411	-27442.890697	-3439.419382	-1726.180521	-21465.073105	-30046.332484	-1071.743795	-24495.835542	-8592.792880	5787.537192	-187500.022352	-0.035906	0.971969	-0.132969	192.000000	0.000000	0.000000	0.000000	0.000000	0.000000	0.000000	0.000000	0.000000	0.000000	1745266290.195205	0.000000
102.000000	-31062.107511	-2999.022961	2449.885303	-6577.604303	-3094.196688	9229.862300	-27458.067531	-3477.439699	-1731.880216	-21483.759163	-30059.184737	-1095.011961	-24509.648920	-8627.639249	5774.193200	-187500.022352	-0.035906	0.971969	-0.132969	192.000000	0.000000	0.000000	0.000000	0.000000	0.000000	0.000000	0.000000	0.000000	0.000000	1745266290.195239	0.000000
104.000000	-31073.976287	-3006.063760	2442.017489	-6585.047434	-3098.510575	9224.028495	-27458.380456	-3481.217144	-1732.573120	-21497.729003	-30073.266336	-1119.375362	-24510.475935	-8646.817046	5762.771459	-187500.022352	-0.035906	0.971969	-0.132969	192.000000	0.000000	0.000000	0.000000	0.000000	0.000000	0.000000	0.000000	0.000000	0.000000	1745266290.255377	0.000000
106.000000	-31070.489415	-3005.706132	2447.203093	-6573.558637	-3094.330799	9227.135387	-27446.556383	-3461.346443	-1748.129934	-21480.719326	-30078.161368	-1126.282051	-24512.867571	-8650.035697	5757.094116	-187500.022352	-0.035906	0.971969	-0.132969	192.000000	0.000000	0.000000	0.000000	0.000000	0.000000	0.000000	0.000000	0.000000	0.000000	1745266290.255413	0.000000
108.000000	-31061.481662	-2994.418501	2453.550989	-6569.736489	-3091.089796	9238.557129	-27439.068549	-3453.299815	-1749.001652	-21492.923378	-30077.133188	-1123.286918	-24529.899601	-8635.708229	5760.290415	-187500.022352	-0.036000	0.974000	-0.144000	192.000000	127.000000	112.000000	15.000000	56.000000	125.500000	64.000000	0.000000	0.000000	0.000000	1745266290.255447	0.000000
110.000000	-31061.682828	-2991.244553	2457.864876	-6579.772422	-3083.981941	9244.055658	-27431.603066	-3448.337728	-1731.254367	-21495.203256	-30068.997153	-1118.324830	-24507.972539	-8639.664488	5769.655796	-187500.022352	-0.036000	0.974000	-0.144000	192.000000	0.000000	0.000000	0.000000	0.000000	0.000000	0.000000	0.000000	0.000000	0.000000	1745266290.255487	0.000000
112.000000	-31075.853834	-3005.348504	2444.945567	-6590.143632	-3091.894459	9233.505634	-27443.471842	-3457.412536	-1740.195065	-21502.556980	-30078.988383	-1129.746572	-24515.952112	-8643.061953	5768.068822	-187500.022352	-0.036000	0.974000	-0.144000	192.000000	0.000000	0.000000	0.000000	0.000000	0.000000	0.000000	0.000000	0.000000	0.000000	1745266290.255525	0.000000
114.000000	-31078.983078	-3003.828586	2445.012622	-6583.773385	-3089.838098	9235.696105	-27443.248325	-3453.992719	-1743.927806	-21493.571579	-30083.726953	-1136.474447	-24525.585714	-8631.796674	5761.005671	-187500.022352	-0.036000	0.974000	-0.144000	192.000000	0.000000	0.000000	0.000000	0.000000	0.000000	0.000000	0.000000	0.000000	0.000000	1745266290.255556	0.000000
116.000000	-31079.228947	-3001.794577	2440.743439	-6587.953161	-3089.569877	9232.186882	-27445.259982	-3455.780858	-1752.600283	-21491.090535	-30087.169121	-1139.804857	-24524.758700	-8640.670316	5759.038718	-187500.022352	-0.036000	0.974000	-0.144000	192.000000	0.000000	0.000000	0.000000	0.000000	0.000000	0.000000	0.000000	0.000000	0.000000	1745266290.255596	0.000000
118.000000	-31076.457331	-3001.593411	2442.911558	-6592.021178	-3084.943066	9228.163568	-27446.198755	-3452.830428	-1750.923902	-21494.331538	-30085.850368	-1145.303386	-24511.347653	-8640.066819	5761.408003	-187500.022352	-0.032000	0.974000	-0.144000	192.000000	127.500000	0.000000	15.000000	56.000000	125.500000	64.000000	0.000000	0.000000	0.000000	1745266290.255628	0.000000
120.000000	-31070.601174	-2992.898583	2447.493666	-6587.372015	-3078.706930	9217.099454	-27445.818775	-3464.922722	-1747.817009	-21483.803866	-30083.682249	-1141.905921	-24513.068737	-8645.475941	5762.503238	-187500.022352	-0.032000	0.974000	-0.144000	192.000000	0.000000	0.000000	0.000000	0.000000	0.000000	0.000000	0.000000	0.000000	0.000000	1745266290.316127	0.000000
122.000000	-31075.742075	-2999.469995	2446.420782	-6587.059091	-3074.214229	9222.218004	-27446.288162	-3470.533010	-1742.005556	-21491.872846	-30078.451941	-1139.715450	-24510.654749	-8636.468188	5770.460459	-187500.022352	-0.032000	0.974000	-0.144000	192.000000	0.000000	0.000000	0.000000	0.000000	0.000000	0.000000	0.000000	0.000000	0.000000	1745266290.316163	0.000000
124.000000	-31075.585613	-2999.894679	2444.543236	-6589.897763	-3074.236581	9227.604774	-27449.484461	-3466.576751	-1738.406925	-21489.414154	-30078.809569	-1144.096392	-24510.073603	-8650.840360	5768.962892	-187500.022352	-0.032000	0.974000	-0.144000	192.000000	0.000000	0.000000	0.000000	0.000000	0.000000	0.000000	0.000000	0.000000	0.000000	1745266290.316194	0.000000
126.000000	-31075.116226	-2997.972429	2441.659861	-6586.723815	-3075.063595	9222.463873	-27445.237630	-3459.357138	-1751.974434	-21494.309186	-30086.118589	-1154.244084	-24528.938476	-8657.657642	5765.096040	-187500.022352	-0.032000	0.974000	-0.144000	192.000000	0.000000	0.000000	0.000000	0.000000	0.000000	0.000000	0.000000	0.000000	0.000000	1745266290.316224	0.000000
128.000000	-31063.158043	-2987.467109	2454.445059	-6571.502277	-3073.901304	9224.699047	-27442.756586	-3452.226931	-1739.144533	-21482.082782	-30078.429589	-1146.130400	-24517.270865	-8626.722828	5765.766593	-187500.022352	-0.032000	0.974000	-0.144000	192.000000	127.500000	0.000000	15.000000	56.000000	125.500000	64.000000	0.000000	0.000000	0.000000	1745266290.316254	0.000000
130.000000	-31066.510804	-2989.165841	2448.365384	-6575.279722	-3079.377482	9223.827329	-27446.466976	-3448.516542	-1732.304899	-21482.306299	-30069.511243	-1139.894264	-24504.440964	-8623.772397	5773.254427	-187500.022352	-0.032000	0.974000	-0.144000	192.000000	0.000000	0.000000	0.000000	0.000000	0.000000	0.000000	0.000000	0.000000	0.000000	1745266290.316287	0.000000
132.000000	-31066.041418	-2985.321341	2450.354689	-6572.798678	-3075.063595	9227.001277	-27440.789633	-3448.002451	-1744.374841	-21487.871884	-30079.278955	-1144.856351	-24519.751909	-8635.104732	5767.308863	-187500.022352	-0.032000	0.974000	-0.144000	192.000000	0.000000	0.000000	0.000000	0.000000	0.000000	0.000000	0.000000	0.000000	0.000000	1745266290.316325	0.000000
134.000000	-31064.208575	-2977.811155	2452.545160	-6569.222399	-3068.469831	9236.970155	-27436.118118	-3443.733268	-1736.529378	-21475.578424	-30074.406275	-1141.950624	-24512.621702	-8636.311726	5774.975511	-187500.022352	-0.032000	0.974000	-0.144000	192.000000	0.000000	0.000000	0.000000	0.000000	0.000000	0.000000	0.000000	0.000000	0.000000	1745266290.374978	0.000000
136.000000	-31072.255203	-2985.589562	2443.135076	-6577.291379	-3077.946970	9219.491091	-27446.377569	-3453.992719	-1736.708192	-21478.305337	-30077.155540	-1146.622139	-24515.281560	-8620.978429	5774.282607	-187500.022352	-0.032000	0.974000	-0.144000	192.000000	0.000000	0.000000	0.000000	0.000000	0.000000	0.000000	0.000000	0.000000	0.000000	1745266290.375015	0.000000
138.000000	-31058.464176	-2972.133812	2448.544198	-6573.290416	-3070.995578	9228.074161	-27439.023845	-3445.275539	-1732.528416	-21474.997279	-30077.513168	-1155.898113	-24513.202848	-8632.333116	5765.520724	-187500.022352	-0.036000	0.986000	-0.142000	192.000000	127.000000	112.000000	15.000000	104.000000	125.500000	72.000000	0.000000	0.000000	0.000000	1745266290.375062	0.000000
140.000000	-31060.654647	-2969.876286	2446.085506	-6578.967759	-3080.070386	9218.217041	-27451.250249	-3452.942187	-1730.405000	-21450.969154	-30072.014638	-1158.133287	-24513.560476	-8619.145586	5761.810334	-187500.022352	-0.036000	0.986000	-0.142000	192.000000	0.000000	0.000000	0.000000	0.000000	0.000000	0.000000	0.000000	0.000000	0.000000	1745266290.375094	0.000000
142.000000	-31059.157081	-2969.272789	2451.718146	-6583.527515	-3073.320159	9224.162605	-27450.780863	-3455.400879	-1727.320460	-21464.961346	-30072.931060	-1183.681331	-24510.520638	-8631.953136	5753.115505	-187500.022352	-0.036000	0.986000	-0.142000	192.000000	0.000000	0.000000	0.000000	0.000000	0.000000	0.000000	0.000000	0.000000	0.000000	1745266290.375126	0.000000
144.000000	-31054.664380	-2968.736347	2457.127268	-6575.883219	-3067.933389	9216.227736	-27452.859575	-3452.875132	-1726.202873	-21478.215930	-30073.534557	-1206.591869	-24514.298083	-8648.448723	5756.088287	-187500.022352	-0.036000	0.986000	-0.142000	192.000000	0.000000	0.000000	0.000000	0.000000	0.000000	0.000000	0.000000	0.000000	0.000000	1745266290.375156	0.000000
146.000000	-31062.308677	-2972.558495	2455.249721	-6573.357472	-3069.609770	9216.942992	-27464.393075	-3458.127792	-1721.240785	-21480.339346	-30071.522900	-1224.719134	-24502.988100	-8623.682991	5758.323462	-187500.022352	-0.036000	0.986000	-0.142000	192.000000	0.000000	0.000000	0.000000	0.000000	0.000000	0.000000	0.000000	0.000000	0.000000	1745266290.375186	0.000000
148.000000	-31062.375732	-2970.815059	2459.854181	-6574.340948	-3062.434860	9211.936201	-27457.687552	-3463.514562	-1733.578948	-21480.607567	-30074.719200	-1255.586893	-24510.654749	-8616.977467	5763.866694	-187500.022352	-0.038000	0.986000	-0.138000	192.000000	127.000000	104.000000	15.000000	104.000000	125.500000	88.000000	0.000000	0.000000	0.000000	1745266290.375220	0.000000
150.000000	-31055.066711	-2974.324283	2459.295387	-6576.665530	-3059.573836	9203.599000	-27457.531089	-3461.726423	-1728.728620	-21478.484151	-30078.921327	-1274.988207	-24515.661540	-8632.511930	5759.776325	-187500.022352	-0.038000	0.986000	-0.138000	192.000000	0.000000	0.000000	0.000000	0.000000	0.000000	0.000000	0.000000	0.000000	0.000000	1745266290.434792	0.000000
152.000000	-31051.758653	-2966.411765	2460.189457	-6572.753975	-3056.623406	9205.767120	-27457.642848	-3455.400879	-1717.731561	-21494.599759	-30071.768769	-1282.900725	-24506.296159	-8633.070723	5763.509067	-187500.022352	-0.038000	0.986000	-0.138000	192.000000	0.000000	0.000000	0.000000	0.000000	0.000000	0.000000	0.000000	0.000000	0.000000	1745266290.434836	0.000000
154.000000	-31049.836403	-2967.819925	2461.284692	-6561.779268	-3051.773077	9207.622314	-27453.664238	-3456.093783	-1721.464303	-21479.132352	-30067.454883	-1280.978475	-24507.100821	-8622.431293	5767.755898	-187500.022352	-0.038000	0.986000	-0.138000	192.000000	0.000000	0.000000	0.000000	0.000000	0.000000	0.000000	0.000000	0.000000	0.000000	1745266290.434874	0.000000
156.000000	-31060.945220	-2971.127983	2456.724937	-6559.767611	-3054.097659	9191.484355	-27456.279392	-3461.838181	-1734.204797	-21468.001183	-30072.953412	-1289.718007	-24515.952112	-8635.440008	5767.554732	-187500.022352	-0.038000	0.986000	-0.138000	192.000000	0.000000	0.000000	0.000000	0.000000	0.000000	0.000000	0.000000	0.000000	0.000000	1745266290.434916	0.000000
158.000000	-31059.604115	-2967.641111	2462.737556	-6552.570349	-3042.184179	9192.534887	-27445.215278	-3456.898446	-1726.381686	-21471.957442	-30069.220670	-1288.846289	-24499.389470	-8631.081418	5776.406023	-187500.022352	-0.044000	0.974000	-0.138000	192.000000	127.000000	80.000000	15.000000	56.000000	125.500000	88.000000	0.000000	0.000000	0.000000	1745266290.434946	0.000000
160.000000	-31066.980191	-2973.944303	2452.522809	-6563.902684	-3048.487371	9196.915829	-27457.173462	-3460.184152	-1731.656698	-21471.845683	-30069.779464	-1289.270972	-24494.159161	-8633.316592	5781.323407	-187500.022352	-0.044000	0.974000	-0.138000	192.000000	0.000000	0.000000	0.000000	0.000000	0.000000	0.000000	0.000000	0.000000	0.000000	1745266290.434999	0.000000
162.000000	-31086.336802	-2996.050179	2428.517035	-6580.152402	-3068.492182	9166.942139	-27474.630174	-3483.921705	-1750.856847	-21499.494791	-30096.266281	-1315.176644	-24544.629400	-8655.310709	5754.769534	-187500.022352	-0.044000	0.974000	-0.138000	192.000000	0.000000	0.000000	0.000000	0.000000	0.000000	0.000000	0.000000	0.000000	0.000000	1745266290.435029	0.000000
164.000000	-31077.798435	-2988.160013	2438.888244	-6567.076631	-3061.294921	9172.284206	-27465.197738	-3468.744870	-1754.142553	-21504.479230	-30095.394563	-1318.954089	-24536.806290	-8657.098848	5752.199084	-187500.022352	-0.044000	0.974000	-0.138000	192.000000	0.000000	0.000000	0.000000	0.000000	0.000000	0.000000	0.000000	0.000000	0.000000	1745266290.495100	0.000000
166.000000	-31071.919927	-2986.193059	2442.330413	-6560.572274	-3065.877028	9176.531038	-27473.132607	-3474.288103	-1735.501198	-21492.386936	-30083.034048	-1305.632449	-24510.654749	-8655.847151	5759.217532	-187500.022352	-0.044000	0.974000	-0.138000	192.000000	0.000000	0.000000	0.000000	0.000000	0.000000	0.000000	0.000000	0.000000	0.000000	1745266290.495138	0.000000
168.000000	-31069.796511	-2981.007455	2447.627777	-6554.447896	-3049.582607	9186.075233	-27455.005342	-3465.883847	-1732.796637	-21478.372392	-30082.162330	-1308.694638	-24506.899656	-8637.786941	5762.614997	-187500.022352	-0.042000	0.971000	-0.137000	192.000000	127.000000	96.000000	15.000000	32.000000	125.500000	96.000000	0.000000	0.000000	0.000000	1745266290.495168	0.000000
170.000000	-31075.049171	-2983.890830	2441.056364	-6562.181599	-3050.320214	9179.570875	-27462.359066	-3466.308530	-1741.871445	-21482.395706	-30084.598671	-1307.912327	-24514.342787	-8628.645078	5769.722851	-187500.022352	-0.042000	0.971000	-0.137000	192.000000	0.000000	0.000000	0.000000	0.000000	0.000000	0.000000	0.000000	0.000000	0.000000	1745266290.495201	0.000000
172.000000	-31082.738171	-2989.657580	2434.037916	-6573.893913	-3057.159848	9158.694346	-27472.976145	-3486.335693	-1742.340832	-21499.785364	-30092.131208	-1317.501225	-24516.913237	-8647.264081	5758.636386	-187500.022352	-0.042000	0.971000	-0.137000	192.000000	0.000000	0.000000	0.000000	0.000000	0.000000	0.000000	0.000000	0.000000	0.000000	1745266290.495231	0.000000
174.000000	-31080.145369	-2987.936495	2432.920329	-6569.647082	-3050.901359	9159.856637	-27470.517453	-3474.824545	-1749.024004	-21493.213951	-30096.556854	-1319.043496	-24516.443851	-8660.943349	5755.551845	-187500.022352	-0.042000	0.971000	-0.137000	192.000000	0.000000	0.000000	0.000000	0.000000	0.000000	0.000000	0.000000	0.000000	0.000000	1745266290.495261	0.000000
176.000000	-31086.985002	-2989.031731	2437.301271	-6567.233094	-3043.525284	9168.864390	-27463.387247	-3459.893579	-1733.377783	-21493.213951	-30088.800799	-1316.003658	-24511.928798	-8653.209645	5763.307901	-187500.022352	-0.042000	0.971000	-0.137000	192.000000	0.000000	0.000000	0.000000	0.000000	0.000000	0.000000	0.000000	0.000000	0.000000	1745266290.495301	0.000000
178.000000	-31086.046229	-2997.145414	2429.656974	-6579.168925	-3042.765324	9161.734183	-27466.024752	-3469.705995	-1751.437992	-21499.718308	-30096.646261	-1327.984193	-24528.133813	-8676.455459	5763.129087	-187500.022352	-0.038000	0.968500	-0.134500	192.000000	127.000000	120.000000	15.000000	24.000000	125.500000	112.000000	0.000000	0.000000	0.000000	1745266290.495340	0.000000
180.000000	-31087.990831	-2997.212469	2431.467465	-6569.892951	-3046.229845	9157.889683	-27472.618517	-3476.947960	-1740.865617	-21513.039948	-30098.188531	-1334.890882	-24513.582827	-8662.329157	5762.279721	-187500.022352	-0.038000	0.968500	-0.134500	192.000000	0.000000	0.000000	0.000000	0.000000	0.000000	0.000000	0.000000	0.000000	0.000000	1745266290.555394	0.000000
182.000000	-31099.524331	-3000.632286	2428.606442	-6569.960006	-3046.431011	9159.521360	-27473.892566	-3473.617551	-1745.023041	-21508.189620	-30107.799781	-1338.914196	-24515.885057	-8650.818008	5757.809372	-187500.022352	-0.038000	0.968500	-0.134500	192.000000	0.000000	0.000000	0.000000	0.000000	0.000000	0.000000	0.000000	0.000000	0.000000	1745266290.555468	0.000000
184.000000	-31095.769238	-2992.608010	2435.423724	-6565.579065	-3039.211397	9165.399869	-27467.634078	-3468.499001	-1753.695518	-21503.942788	-30107.553912	-1337.506036	-24513.158144	-8637.474017	5761.251540	-187500.022352	-0.038000	0.968500	-0.134500	192.000000	0.000000	0.000000	0.000000	0.000000	0.000000	0.000000	0.000000	0.000000	0.000000	1745266290.555500	0.000000
186.000000	-31092.416476	-2990.350484	2438.530617	-6566.897817	-3035.724525	9169.222017	-27456.771130	-3457.837219	-1746.699422	-21501.662910	-30101.250720	-1333.594481	-24512.018205	-8657.411773	5767.442974	-187500.022352	-0.038000	0.968500	-0.134500	192.000000	0.000000	0.000000	0.000000	0.000000	0.000000	0.000000	0.000000	0.000000	0.000000	1745266290.555533	0.000000
188.000000	-31092.192959	-2986.707149	2435.177855	-6564.752050	-3037.155037	9170.049032	-27467.343505	-3462.933417	-1750.834495	-21503.831029	-30099.775505	-1334.287385	-24518.120231	-8672.499200	5766.973587	-187500.022352	-0.034000	0.969250	-0.135250	192.000000	127.500000	8.000000	15.000000	40.000000	125.500000	96.000000	0.000000	0.000000	0.000000	1745266290.555563	0.000000
190.000000	-31099.077296	-2989.769338	2433.657936	-6565.422602	-3039.904301	9166.316291	-27468.461093	-3467.023786	-1741.379707	-21498.690128	-30097.987365	-1330.420533	-24518.902542	-8652.762610	5769.588741	-187500.022352	-0.034000	0.969250	-0.135250	192.000000	0.000000	0.000000	0.000000	0.000000	0.000000	0.000000	0.000000	0.000000	0.000000	1745266290.555595	0.000000
192.000000	-31116.846933	-3010.556461	2414.100160	-6583.952198	-3058.210380	9141.908186	-27484.509645	-3490.895449	-1753.427297	-21512.056471	-30109.319700	-1342.959862	-24517.963769	-8654.483694	5754.344851	-187500.022352	-0.034000	0.969250	-0.135250	192.000000	0.000000	0.000000	0.000000	0.000000	0.000000	0.000000	0.000000	0.000000	0.000000	1745266290.555626	0.000000
194.000000	-31103.167665	-2993.099748	2426.259509	-6567.925998	-3041.066592	9157.643814	-27469.221052	-3476.344463	-1764.536114	-21515.163364	-30118.260398	-1348.681909	-24522.590580	-8663.178523	5749.718040	-187500.022352	-0.034000	0.969250	-0.135250	192.000000	0.000000	0.000000	0.000000	0.000000	0.000000	0.000000	0.000000	0.000000	0.000000	1745266290.615631	0.000000
196.000000	-31102.675927	-2989.322303	2426.773599	-6567.434259	-3033.556406	9158.761401	-27453.105444	-3461.882885	-1747.951120	-21485.971986	-30107.263339	-1337.930720	-24525.608066	-8655.400116	5769.476982	-187500.022352	-0.034000	0.969250	-0.135250	192.000000	0.000000	0.000000	0.000000	0.000000	0.000000	0.000000	0.000000	0.000000	0.000000	1745266290.615674	0.000000
198.000000	-31108.800305	-2994.284391	2423.510244	-6571.345815	-3038.853769	9153.173465	-27460.168595	-3460.385318	-1752.399117	-21496.969044	-30114.192380	-1342.937510	-24524.557534	-8661.479790	5768.202933	-187500.022352	-0.032000	0.967625	-0.136625	192.000000	127.500000	8.000000	15.000000	24.000000	125.500000	88.000000	0.000000	0.000000	0.000000	1745266290.615722	0.000000
200.000000	-31105.022860	-2989.076434	2426.505378	-6561.913378	-3036.953871	9159.096677	-27461.286183	-3464.498039	-1756.198914	-21504.434526	-30115.220560	-1351.319415	-24512.264074	-8669.258197	5766.437145	-187500.022352	-0.032000	0.967625	-0.136625	192.000000	0.000000	0.000000	0.000000	0.000000	0.000000	0.000000	0.000000	0.000000	0.000000	1745266290.615771	0.000000
202.000000	-31111.951901	-2989.076434	2425.320736	-6557.353623	-3042.631214	9155.632157	-27471.880909	-3469.482478	-1755.483658	-21495.337367	-30116.382851	-1349.218351	-24512.576999	-8629.539148	5766.079517	-187500.022352	-0.032000	0.967625	-0.136625	192.000000	0.000000	0.000000	0.000000	0.000000	0.000000	0.000000	0.000000	0.000000	0.000000	1745266290.615801	0.000000
204.000000	-31110.923721	-2990.462242	2428.025297	-6562.025137	-3038.473790	9148.613709	-27464.996572	-3469.705995	-1766.011329	-21502.154649	-30121.300235	-1355.812115	-24532.648865	-8661.457439	5763.062032	-187500.022352	-0.032000	0.967625	-0.136625	192.000000	0.000000	0.000000	0.000000	0.000000	0.000000	0.000000	0.000000	0.000000	0.000000	1745266290.615848	0.000000
206.000000	-31106.989814	-2988.584696	2430.349878	-6562.695690	-3041.714792	9149.597186	-27469.690438	-3467.247303	-1754.455478	-21494.644462	-30113.141848	-1354.515714	-24521.517697	-8650.840360	5764.649005	-187500.022352	-0.032000	0.967625	-0.136625	192.000000	0.000000	0.000000	0.000000	0.000000	0.000000	0.000000	0.000000	0.000000	0.000000	1745266290.615878	0.000000
208.000000	-31098.876130	-2983.667312	2441.078715	-6552.369184	-3030.985955	9163.097639	-27457.106406	-3458.016033	-1748.867541	-21500.388861	-30111.912502	-1365.468069	-24514.566304	-8656.003613	5762.704404	-187500.022352	-0.036000	0.967812	-0.138313	192.000000	127.000000	96.000000	15.000000	32.000000	125.500000	80.000000	0.000000	0.000000	0.000000	1745266290.615910	0.000000
210.000000	-31102.921796	-2980.359254	2441.101067	-6547.004765	-3031.947080	9155.676860	-27463.051970	-3459.759469	-1730.069724	-21472.046849	-30098.099124	-1354.739231	-24496.461391	-8638.546901	5782.731567	-187500.022352	-0.036000	0.967812	-0.138313	192.000000	0.000000	0.000000	0.000000	0.000000	0.000000	0.000000	0.000000	0.000000	0.000000	1745266290.674946	0.000000
212.000000	-31104.553474	-2979.264018	2442.330413	-6545.775419	-3023.654583	9158.247311	-27447.428101	-3457.300777	-1749.582797	-21489.011823	-30109.297348	-1361.489458	-24515.885057	-8655.824799	5779.557619	-187500.022352	-0.036000	0.967812	-0.138313	192.000000	0.000000	0.000000	0.000000	0.000000	0.000000	0.000000	0.000000	0.000000	0.000000	1745266290.674984	0.000000
214.000000	-31117.897465	-2993.367969	2421.789160	-6561.868675	-3043.748801	9136.253194	-27485.783694	-3481.217144	-1754.097850	-21506.759108	-30115.354671	-1370.385453	-24522.836449	-8662.217398	5772.896799	-187500.022352	-0.036000	0.967812	-0.138313	192.000000	0.000000	0.000000	0.000000	0.000000	0.000000	0.000000	0.000000	0.000000	0.000000	1745266290.675016	0.000000
216.000000	-31106.989814	-2988.182364	2424.449018	-6561.756916	-3039.211397	9124.630287	-27475.792465	-3483.295856	-1769.945236	-21510.536553	-30122.864857	-1379.236743	-24532.738272	-8670.934578	5761.787982	-187500.022352	-0.036000	0.967812	-0.138313	192.000000	0.000000	0.000000	0.000000	0.000000	0.000000	0.000000	0.000000	0.000000	0.000000	1745266290.675045	0.000000
218.000000	-31107.749773	-2984.784899	2421.342125	-6565.288492	-3041.603034	9123.333886	-27477.290032	-3480.300722	-1753.248483	-21495.493829	-30112.806572	-1372.777089	-24522.523525	-8662.776192	5763.866694	-187500.022352	-0.038000	0.969906	-0.135156	192.000000	127.000000	96.000000	15.000000	48.000000	125.500000	112.000000	0.000000	0.000000	0.000000	1745266290.675074	0.000000
220.000000	-31106.922758	-2981.298027	2422.593823	-6559.007652	-3036.752705	9131.671087	-27478.586433	-3485.128699	-1752.399117	-21495.516180	-30117.500438	-1375.906333	-24531.039540	-8661.278625	5755.462439	-187500.022352	-0.038000	0.969906	-0.135156	192.000000	0.000000	0.000000	0.000000	0.000000	0.000000	0.000000	0.000000	0.000000	0.000000	1745266290.675120	0.000000
222.000000	-31100.418401	-2976.604161	2431.713335	-6552.145666	-3024.638060	9142.064648	-27468.930479	-3479.026673	-1747.146457	-21475.712535	-30109.722031	-1371.860668	-24513.582827	-8657.478828	5762.257369	-187500.022352	-0.038000	0.969906	-0.135156	192.000000	0.000000	0.000000	0.000000	0.000000	0.000000	0.000000	0.000000	0.000000	0.000000	1745266290.675166	0.000000
224.000000	-31104.866398	-2985.030769	2430.014602	-6554.447896	-3023.922804	9130.531148	-27470.271584	-3478.400824	-1750.789791	-21475.600776	-30113.924159	-1377.560363	-24521.920028	-8656.763572	5763.777287	-187500.022352	-0.038000	0.969906	-0.135156	192.000000	0.000000	0.000000	0.000000	0.000000	0.000000	0.000000	0.000000	0.000000	0.000000	1745266290.735330	0.000000
226.000000	-31107.816828	-2986.193059	2433.479122	-6549.508160	-3023.676935	9135.046200	-27467.857595	-3472.410556	-1754.120201	-21496.857285	-30112.136020	-1386.813985	-24516.779127	-8662.887950	5769.991072	-187500.022352	-0.038000	0.969906	-0.135156	192.000000	0.000000	0.000000	0.000000	0.000000	0.000000	0.000000	0.000000	0.000000	0.000000	1745266290.735392	0.000000
228.000000	-31118.411555	-2991.132795	2426.572433	-6559.432335	-3032.036487	9121.165767	-27476.664183	-3490.515469	-1750.052184	-21511.765899	-30118.774488	-1392.312514	-24520.735386	-8663.737317	5766.906532	-187500.022352	-0.038000	0.973953	-0.136578	192.000000	127.000000	104.000000	15.000000	72.000000	125.500000	88.000000	0.000000	0.000000	0.000000	1745266290.735423	0.000000
230.000000	-31124.602988	-2995.938420	2421.476236	-6567.411908	-3035.992746	9115.510776	-27483.749686	-3487.810908	-1763.552638	-21516.906800	-30129.771546	-1404.069531	-24530.838374	-8675.986073	5755.685956	-187500.022352	-0.038000	0.973953	-0.136578	192.000000	0.000000	0.000000	0.000000	0.000000	0.000000	0.000000	0.000000	0.000000	0.000000	1745266290.735458	0.000000
232.000000	-31128.358081	-2994.619667	2417.072942	-6573.491582	-3026.292089	9117.075398	-27474.160787	-3479.250190	-1759.417565	-21515.878620	-30127.469316	-1401.767302	-24530.145470	-8675.717852	5760.625691	-187500.022352	-0.038000	0.973953	-0.136578	192.000000	0.000000	0.000000	0.000000	0.000000	0.000000	0.000000	0.000000	0.000000	0.000000	1745266290.735492	0.000000
234.000000	-31118.478610	-2987.645923	2425.901881	-6558.873541	-3017.776074	9128.139511	-27465.242441	-3469.705995	-1766.637178	-21481.546340	-30128.743366	-1405.902374	-24524.378720	-8683.160983	5761.162133	-187500.022352	-0.038000	0.973953	-0.136578	192.000000	0.000000	0.000000	0.000000	0.000000	0.000000	0.000000	0.000000	0.000000	0.000000	1745266290.735521	0.000000
236.000000	-31123.708919	-2997.748911	2414.278974	-6565.176733	-3025.956813	9121.769264	-27479.100523	-3477.171478	-1748.398155	-21498.824239	-30120.942607	-1400.426197	-24512.197019	-8674.779078	5764.157267	-187500.022352	-0.038000	0.973953	-0.136578	192.000000	0.000000	0.000000	0.000000	0.000000	0.000000	0.000000	0.000000	0.000000	0.000000	1745266290.735551	0.000000
238.000000	-31128.693358	-2999.402940	2410.613288	-6565.802582	-3024.258080	9115.622534	-27472.909090	-3481.395958	-1759.328158	-21511.900009	-30132.721976	-1406.952906	-24528.379682	-8675.382575	5755.931825	-187500.022352	-0.038000	0.973953	-0.136578	192.000000	0.000000	0.000000	0.000000	0.000000	0.000000	0.000000	0.000000	0.000000	0.000000	1745266290.735581	0.000000
240.000000	-31134.169535	-2995.759606	2405.427683	-6567.993053	-3037.937348	9122.193947	-27489.382325	-3481.239495	-1768.447670	-21521.265390	-30137.751119	-1408.539880	-24534.816985	-8674.309692	5753.137857	-187500.022352	-0.038000	0.978000	-0.142000	192.000000	127.000000	104.000000	15.000000	72.000000	125.500000	72.000000	0.000000	0.000000	0.000000	1745266290.796010	0.000000
242.000000	-31108.353270	-2970.658597	2422.146788	-6545.484846	-3034.092848	9139.270680	-27472.976145	-3460.251207	-1770.682844	-21509.441317	-30136.633532	-1407.377590	-24541.969543	-8664.899607	5749.472171	-187500.022352	-0.038000	0.978000	-0.142000	192.000000	0.000000	0.000000	0.000000	0.000000	0.000000	0.000000	0.000000	0.000000	0.000000	1745266290.796062	0.000000
244.000000	-31097.132694	-2963.908370	2433.456771	-6535.650079	-3033.109371	9153.821666	-27477.424142	-3446.571940	-1738.295166	-21476.807770	-30112.158371	-1386.813985	-24522.434118	-8642.123180	5763.531418	-187500.022352	-0.038000	0.978000	-0.142000	192.000000	0.000000	0.000000	0.000000	0.000000	0.000000	0.000000	0.000000	0.000000	0.000000	1745266290.796103	0.000000
246.000000	-31110.521389	-2983.577905	2426.326564	-6538.622861	-3033.019964	9141.975241	-27476.887700	-3463.961597	-1737.445800	-21490.621148	-30107.553912	-1389.473842	-24517.047348	-8647.800523	5766.683014	-187500.022352	-0.038000	0.978000	-0.142000	192.000000	0.000000	0.000000	0.000000	0.000000	0.000000	0.000000	0.000000	0.000000	0.000000	1745266290.796133	0.000000
248.000000	-31134.817736	-3010.332943	2411.172081	-6562.293358	-3037.669127	9115.510776	-27485.001383	-3483.608780	-1752.600283	-21528.932038	-30128.318683	-1422.465017	-24526.569191	-8681.149326	5750.835627	-187500.022352	-0.038000	0.978000	-0.142000	192.000000	0.000000	0.000000	0.000000	0.000000	0.000000	0.000000	0.000000	0.000000	0.000000	1745266290.796179	0.000000
250.000000	-31154.286105	-3026.247385	2394.765901	-6575.190315	-3046.788638	9104.178441	-27494.143247	-3493.130623	-1769.453498	-21541.337257	-30148.904639	-1450.561160	-24540.807252	-8696.996712	5736.485807	-187500.022352	-0.038000	0.976000	-0.142000	192.000000	127.000000	104.000000	15.000000	64.000000	125.500000	72.000000	0.000000	0.000000	0.000000	1745266290.796211	0.000000
252.000000	-31159.538765	-3032.081191	2402.812529	-6569.602379	-3041.826551	9103.262020	-27485.940157	-3483.608780	-1790.888821	-21543.751245	-30161.421616	-1459.770079	-24559.783883	-8701.936448	5730.361429	-187500.022352	-0.038000	0.976000	-0.142000	192.000000	0.000000	0.000000	0.000000	0.000000	0.000000	0.000000	0.000000	0.000000	0.000000	1745266290.796246	0.000000
254.000000	-31145.010131	-3014.445664	2413.854291	-6560.259349	-3033.064667	9113.901450	-27479.055819	-3474.511620	-1771.263989	-21531.323675	-30148.345846	-1450.091773	-24531.620685	-8690.425299	5744.912415	-187500.022352	-0.038000	0.976000	-0.142000	192.000000	0.000000	0.000000	0.000000	0.000000	0.000000	0.000000	0.000000	0.000000	0.000000	1745266290.796279	0.000000
0.000000	-31152.877945	-3016.054990	2404.958296	-6567.478963	-3039.256101	9099.194002	-27487.549482	-3485.486327	-1778.617713	-21542.141919	-30152.905602	-1452.036375	-24537.163918	-8701.824689	5742.923110	-187500.022352	-0.038000	0.976000	-0.142000	192.000000	0.000000	0.000000	0.000000	0.000000	0.000000	0.000000	0.000000	0.000000	0.000000	1745266290.856371	0.000000
2.000000	-31135.063605	-2997.257173	2424.270204	-6546.602434	-3019.161882	9117.902412	-27469.042238	-3469.594237	-1773.365053	-21531.860117	-30142.802613	-1442.089849	-24527.843240	-8680.992863	5755.484790	-187500.022352	-0.038000	0.976000	-0.142000	192.000000	0.000000	0.000000	0.000000	0.000000	0.000000	0.000000	0.000000	0.000000	0.000000	1745266290.856409	0.000000
4.000000	-31140.696244	-3000.900507	2414.815416	-6559.991128	-3029.935423	9113.365008	-27486.655413	-3483.452318	-1761.563332	-21527.121547	-30139.718072	-1443.475657	-24531.039540	-8686.625503	5757.608206	-187500.022352	-0.038000	0.974000	-0.142000	192.000000	127.000000	104.000000	15.000000	56.000000	125.500000	72.000000	0.000000	0.000000	0.000000	1745266290.856439	0.000000
6.000000	-31144.026654	-3000.408769	2422.347954	-6554.246730	-3018.848958	9106.905354	-27478.877005	-3481.932400	-1764.044376	-21514.157535	-30139.829831	-1451.812858	-24529.072586	-8705.579782	5758.457572	-187500.022352	-0.038000	0.974000	-0.142000	192.000000	0.000000	0.000000	0.000000	0.000000	0.000000	0.000000	0.000000	0.000000	0.000000	1745266290.856471	0.000000
8.000000	-31134.393052	-2996.363103	2418.570509	-6551.519817	-3025.621536	9099.685740	-27489.784657	-3481.127737	-1764.737280	-21514.984550	-30134.755985	-1442.358070	-24518.343749	-8679.405889	5762.637348	-187500.022352	-0.038000	0.974000	-0.142000	192.000000	0.000000	0.000000	0.000000	0.000000	0.000000	0.000000	0.000000	0.000000	0.000000	1745266290.856509	0.000000
10.000000	-31134.236590	-2991.311609	2420.805683	-6550.201064	-3020.994725	9106.100691	-27479.771075	-3476.679740	-1757.875294	-21523.366454	-30135.404186	-1439.742916	-24532.201830	-8688.570105	5758.368165	-187500.022352	-0.038000	0.974000	-0.142000	192.000000	0.000000	0.000000	0.000000	0.000000	0.000000	0.000000	0.000000	0.000000	0.000000	1745266290.856551	0.000000
12.000000	-31126.480535	-2985.589562	2423.554948	-6551.609224	-3021.799388	9109.498156	-27481.559215	-3476.970312	-1756.467135	-21519.633713	-30131.269113	-1436.591320	-24527.284447	-8677.260122	5760.469229	-187500.022352	-0.038000	0.974000	-0.142000	192.000000	0.000000	0.000000	0.000000	0.000000	0.000000	0.000000	0.000000	0.000000	0.000000	1745266290.856581	0.000000
14.000000	-31130.749718	-2994.329094	2422.370305	-6554.112620	-3018.737199	9108.626438	-27479.726372	-3482.357083	-1750.901550	-21517.242076	-30128.139869	-1441.307538	-24516.443851	-8691.297017	5762.011500	-187500.022352	-0.028000	0.970000	-0.144000	192.000000	127.500000	16.000000	15.000000	40.000000	125.500000	64.000000	0.000000	0.000000	0.000000	1745266290.916563	0.000000
16.000000	-31144.071358	-3009.461225	2415.061285	-6562.852152	-3029.756609	9100.512755	-27490.768133	-3494.047045	-1765.452536	-21530.049626	-30141.059177	-1465.380366	-24528.625551	-8689.978265	5749.382764	-187500.022352	-0.028000	0.970000	-0.144000	192.000000	0.000000	0.000000	0.000000	0.000000	0.000000	0.000000	0.000000	0.000000	0.000000	1745266290.916607	0.000000
18.000000	-31135.532991	-2993.926763	2427.935890	-6544.479018	-3009.170653	9117.477729	-27470.316287	-3468.946036	-1758.702309	-21529.043797	-30139.382796	-1466.877933	-24518.030824	-8678.891799	5758.457572	-187500.022352	-0.028000	0.970000	-0.144000	192.000000	0.000000	0.000000	0.000000	0.000000	0.000000	0.000000	0.000000	0.000000	0.000000	1745266290.916646	0.000000
20.000000	-31152.721483	-3006.220222	2415.217747	-6556.995995	-3018.759551	9110.951020	-27477.513549	-3484.815775	-1756.690652	-21520.773652	-30134.778337	-1462.161715	-24510.699452	-8682.691596	5767.152401	-187500.022352	-0.028000	0.970000	-0.144000	192.000000	0.000000	0.000000	0.000000	0.000000	0.000000	0.000000	0.000000	0.000000	0.000000	1745266290.916677	0.000000
22.000000	-31153.794367	-3008.410693	2417.676439	-6548.524684	-3014.646830	9108.984066	-27471.210357	-3480.658350	-1771.599266	-21534.631733	-30150.469261	-1475.326893	-24526.412729	-8686.267875	5757.608206	-187500.022352	-0.028000	0.970000	-0.144000	192.000000	0.000000	0.000000	0.000000	0.000000	0.000000	0.000000	0.000000	0.000000	0.000000	1745266290.916707	0.000000
24.000000	-31146.239477	-2998.106539	2427.265337	-6538.488750	-3008.343638	9126.463130	-27463.946040	-3466.576751	-1764.111431	-21530.250791	-30141.237991	-1475.192782	-24520.154240	-8672.029814	5767.733546	-187500.022352	-0.036000	0.976000	-0.150000	192.000000	127.000000	112.000000	15.000000	64.000000	125.500000	40.000000	0.000000	0.000000	0.000000	1745266290.916737	0.000000
26.000000	-31151.045102	-2998.039484	2419.509282	-6552.726811	-3020.681801	9113.275601	-27482.855616	-3479.518411	-1751.460344	-21541.851347	-30142.713206	-1480.803070	-24518.030824	-8677.081308	5763.821991	-187500.022352	-0.036000	0.976000	-0.150000	192.000000	0.000000	0.000000	0.000000	0.000000	0.000000	0.000000	0.000000	0.000000	0.000000	1745266290.916770	0.000000
28.000000	-31158.957620	-3008.790673	2403.572488	-6567.121335	-3032.148246	9103.753758	-27487.214206	-3488.772033	-1764.513763	-21534.452919	-30152.167994	-1502.305448	-24524.423423	-8689.665340	5753.897816	-187500.022352	-0.036000	0.976000	-0.150000	192.000000	0.000000	0.000000	0.000000	0.000000	0.000000	0.000000	0.000000	0.000000	0.000000	1745266290.916800	0.000000
30.000000	-31148.742872	-2996.810138	2406.679381	-6559.633501	-3028.840188	9106.257153	-27483.861444	-3481.753586	-1770.168754	-21552.468425	-30164.148529	-1520.186844	-24544.025903	-8694.918000	5738.676278	-187500.022352	-0.036000	0.976000	-0.150000	192.000000	0.000000	0.000000	0.000000	0.000000	0.000000	0.000000	0.000000	0.000000	0.000000	1745266290.975905	0.000000
32.000000	-31137.745814	-2984.159050	2415.485968	-6549.441105	-3022.402885	9114.259078	-27482.386229	-3473.885771	-1754.164905	-21545.181757	-30147.608238	-1517.906966	-24523.439947	-8678.020081	5748.846322	-187500.022352	-0.036000	0.976000	-0.150000	192.000000	0.000000	0.000000	0.000000	0.000000	0.000000	0.000000	0.000000	0.000000	0.000000	1745266290.975953	0.000000
34.000000	-31138.148145	-2984.650789	2417.207052	-6550.961024	-3023.028734	9111.174537	-27486.588357	-3468.588408	-1755.573065	-21534.676437	-30143.227296	-1527.339402	-24516.287388	-8670.129915	5746.409982	-187500.022352	-0.038000	0.972000	-0.144000	192.000000	127.000000	104.000000	15.000000	48.000000	125.500000	64.000000	0.000000	0.000000	0.000000	1745266290.975983	0.000000
36.000000	-31135.018901	-2980.426309	2417.072942	-6549.910492	-3022.604051	9103.284371	-27487.370668	-3478.981969	-1754.924864	-21521.444204	-30144.881325	-1556.329615	-24522.858801	-8675.650796	5746.141761	-187500.022352	-0.038000	0.972000	-0.144000	192.000000	0.000000	0.000000	0.000000	0.000000	0.000000	0.000000	0.000000	0.000000	0.000000	1745266290.976028	0.000000
38.000000	-31135.063605	-2985.075472	2422.258547	-6543.562596	-3017.686667	9112.470938	-27478.452322	-3472.119984	-1748.196989	-21513.375224	-30140.321569	-1576.066205	-24520.645979	-8677.595398	5752.668470	-187500.022352	-0.038000	0.972000	-0.144000	192.000000	0.000000	0.000000	0.000000	0.000000	0.000000	0.000000	0.000000	0.000000	0.000000	1745266290.976057	0.000000
40.000000	-31143.646675	-2991.892754	2412.692000	-6550.379878	-3026.493254	9098.210525	-27486.655413	-3479.764280	-1756.645948	-21529.557887	-30144.836622	-1605.168176	-24528.066758	-8680.881105	5746.566444	-187500.022352	-0.038000	0.972000	-0.144000	192.000000	0.000000	0.000000	0.000000	0.000000	0.000000	0.000000	0.000000	0.000000	0.000000	1745266290.976089	0.000000
42.000000	-31142.506736	-2995.558440	2417.430570	-6548.859960	-3023.431065	9107.665313	-27490.142285	-3482.044158	-1757.003576	-21539.817338	-30146.021264	-1618.489816	-24520.467165	-8680.456421	5741.626709	-187500.022352	-0.038000	0.972000	-0.144000	192.000000	0.000000	0.000000	0.000000	0.000000	0.000000	0.000000	0.000000	0.000000	0.000000	1745266290.976119	0.000000
44.000000	-31146.798271	-3003.314495	2416.335334	-6554.738468	-3020.882967	9105.005456	-27485.202549	-3469.258960	-1753.181428	-21542.052512	-30147.004741	-1634.247796	-24524.557534	-8696.147346	5739.279776	-187500.022352	-0.037000	0.970000	-0.145000	192.000000	127.000000	112.000000	15.000000	32.000000	125.500000	56.000000	0.000000	0.000000	0.000000	1745266291.035803	0.000000
46.000000	-31151.715654	-3001.749873	2420.157483	-6551.899797	-3014.155092	9099.037540	-27475.211319	-3465.213295	-1759.350510	-21539.794986	-30147.183555	-1642.316776	-24521.741214	-8686.670206	5745.985299	-187500.022352	-0.037000	0.970000	-0.145000	192.000000	0.000000	0.000000	0.000000	0.000000	0.000000	0.000000	0.000000	0.000000	0.000000	1745266291.035843	0.000000
48.000000	-31160.142262	-3008.745969	2412.379076	-6558.404155	-3021.709981	9099.976313	-27485.940157	-3471.494135	-1762.300940	-21541.337257	-30153.151471	-1639.008717	-24524.423423	-8696.706140	5747.080534	-187500.022352	-0.037000	0.970000	-0.145000	192.000000	0.000000	0.000000	0.000000	0.000000	0.000000	0.000000	0.000000	0.000000	0.000000	1745266291.035874	0.000000
50.000000	-31156.700093	-3004.588545	2415.776541	-6554.961986	-3016.502025	9106.771243	-27485.940157	-3473.215219	-1763.664396	-21551.015562	-30160.013456	-1644.171970	-24529.564325	-8696.482622	5741.805523	-187500.022352	-0.037000	0.970000	-0.145000	192.000000	0.000000	0.000000	0.000000	0.000000	0.000000	0.000000	0.000000	0.000000	0.000000	1745266291.035905	0.000000
52.000000	-31156.387169	-3002.576888	2410.099198	-6554.917282	-3018.625440	9097.450566	-27488.823532	-3473.148164	-1759.864600	-21534.207050	-30149.105805	-1632.638470	-24521.361234	-8692.325198	5748.309880	-187500.022352	-0.037000	0.970000	-0.145000	192.000000	0.000000	0.000000	0.000000	0.000000	0.000000	0.000000	0.000000	0.000000	0.000000	1745266291.035942	0.000000
54.000000	-31159.248192	-3003.560365	2405.941773	-6557.733602	-3017.038467	9096.958828	-27479.525206	-3465.660330	-1765.586646	-21544.377094	-30155.341942	-1642.205017	-24530.838374	-8698.382520	5742.006688	-187500.022352	-0.036500	0.969000	-0.144500	192.000000	127.000000	112.000000	15.000000	32.000000	125.500000	64.000000	0.000000	0.000000	0.000000	1745266291.035981	0.000000
56.000000	-31174.559137	-3014.959754	2393.380093	-6565.579065	-3026.314441	9092.197906	-27489.963471	-3472.231742	-1776.717815	-21541.404312	-30165.780206	-1647.748250	-24533.185307	-8694.247448	5734.965889	-187500.022352	-0.036500	0.969000	-0.144500	192.000000	0.000000	0.000000	0.000000	0.000000	0.000000	0.000000	0.000000	0.000000	0.000000	1745266291.036014	0.000000
58.000000	-31178.046009	-3017.127874	2397.828090	-6564.863809	-3024.392191	9091.661464	-27482.050953	-3471.024748	-1779.824707	-21547.998076	-30168.507119	-1653.067965	-24539.063816	-8699.880087	5733.624784	-187500.022352	-0.036500	0.969000	-0.144500	192.000000	0.000000	0.000000	0.000000	0.000000	0.000000	0.000000	0.000000	0.000000	0.000000	1745266291.036054	0.000000
60.000000	-31170.915803	-3005.773187	2401.851404	-6560.728736	-3019.698324	9085.715900	-27474.943098	-3465.749737	-1772.649798	-21559.196300	-30165.891965	-1647.256511	-24527.306798	-8709.044303	5737.603395	-187500.022352	-0.036500	0.969000	-0.144500	192.000000	0.000000	0.000000	0.000000	0.000000	0.000000	0.000000	0.000000	0.000000	0.000000	1745266291.096134	0.000000
62.000000	-31162.265678	-2998.777091	2402.141977	-6558.471210	-3022.827568	9088.509868	-27478.429971	-3466.464992	-1765.877219	-21542.119568	-30154.224355	-1638.114648	-24529.631380	-8710.519518	5737.893967	-187500.022352	-0.036500	0.969000	-0.144500	192.000000	0.000000	0.000000	0.000000	0.000000	0.000000	0.000000	0.000000	0.000000	0.000000	1745266291.096185	0.000000
64.000000	-31166.199585	-3004.230917	2399.660933	-6554.850227	-3029.398981	9085.157107	-27488.912939	-3473.125812	-1761.429222	-21555.016524	-30152.682084	-1634.471313	-24540.784900	-8696.393215	5732.596604	-187500.022352	-0.037250	0.969500	-0.142250	192.000000	127.000000	104.000000	15.000000	40.000000	125.500000	80.000000	0.000000	0.000000	0.000000	1745266291.096216	0.000000
66.000000	-31164.947887	-2998.508870	2407.081712	-6548.904663	-3018.536033	9092.287313	-27477.133569	-3467.046138	-1758.881123	-21541.493719	-30150.826889	-1633.800761	-24529.921952	-8702.249372	5734.272985	-187500.022352	-0.037250	0.969500	-0.142250	192.000000	0.000000	0.000000	0.000000	0.000000	0.000000	0.000000	0.000000	0.000000	0.000000	1745266291.096249	0.000000
68.000000	-31184.080980	-3016.434969	2393.782424	-6566.249617	-3028.102580	9076.506981	-27487.281261	-3478.892562	-1766.056033	-21525.020483	-30155.699570	-1637.846427	-24522.232952	-8701.712930	5740.933805	-187500.022352	-0.037250	0.969500	-0.142250	192.000000	0.000000	0.000000	0.000000	0.000000	0.000000	0.000000	0.000000	0.000000	0.000000	1745266291.096282	0.000000
70.000000	-31186.204396	-3017.194929	2387.166308	-6568.484791	-3035.970394	9080.977330	-27501.072288	-3488.280295	-1777.544830	-21567.533501	-30173.044523	-1654.789049	-24538.885002	-8713.201727	5727.075723	-187500.022352	-0.037250	0.969500	-0.142250	192.000000	0.000000	0.000000	0.000000	0.000000	0.000000	0.000000	0.000000	0.000000	0.000000	1745266291.096313	0.000000
72.000000	-31182.315192	-3005.728484	2389.803814	-6559.365280	-3028.281394	9085.492383	-27494.478523	-3484.793423	-1783.222173	-21557.117588	-30172.664544	-1642.741459	-24540.047293	-8722.723570	5725.801674	-187500.022352	-0.037250	0.969500	-0.142250	192.000000	0.000000	0.000000	0.000000	0.000000	0.000000	0.000000	0.000000	0.000000	0.000000	1745266291.096343	0.000000
74.000000	-31180.638812	-3003.582716	2390.407311	-6557.398326	-3026.225034	9085.537086	-27491.930424	-3488.436757	-1767.285379	-21539.258544	-30162.472148	-1633.018450	-24539.399092	-8706.295038	5728.483883	-187500.022352	-0.035625	0.971750	-0.144125	192.000000	127.000000	120.000000	15.000000	56.000000	125.500000	56.000000	0.000000	0.000000	0.000000	1745266291.156499	0.000000
76.000000	-31193.289899	-3014.736237	2375.945732	-6574.095079	-3044.911092	9061.285443	-27510.236503	-3503.613592	-1782.171641	-21538.699751	-30171.569308	-1636.952357	-24550.239688	-8705.848003	5718.783226	-187500.022352	-0.035625	0.971750	-0.144125	192.000000	0.000000	0.000000	0.000000	0.000000	0.000000	0.000000	0.000000	0.000000	0.000000	1745266291.156615	0.000000
78.000000	-31186.405562	-3004.320324	2383.858250	-6570.451745	-3038.384383	9068.393298	-27499.530017	-3492.549478	-1785.591458	-21559.062190	-30175.100884	-1637.645261	-24550.574964	-8721.293059	5711.340095	-187500.022352	-0.035625	0.971750	-0.144125	192.000000	0.000000	0.000000	0.000000	0.000000	0.000000	0.000000	0.000000	0.000000	0.000000	1745266291.156646	0.000000
80.000000	-31185.310326	-3004.610897	2387.613343	-6567.322501	-3038.339679	9068.862685	-27501.206398	-3491.700112	-1779.221210	-21544.220632	-30160.616953	-1618.087485	-24544.852918	-8711.145367	5723.141816	-187500.022352	-0.035625	0.971750	-0.144125	192.000000	0.000000	0.000000	0.000000	0.000000	0.000000	0.000000	0.000000	0.000000	0.000000	1745266291.156688	0.000000
82.000000	-31180.258832	-2998.598277	2393.424796	-6564.640291	-3034.271662	9078.362176	-27494.098543	-3485.128699	-1766.592475	-21547.036951	-30157.912392	-1618.802740	-24541.567211	-8713.447596	5718.827929	-187500.022352	-0.035625	0.971750	-0.144125	192.000000	0.000000	0.000000	0.000000	0.000000	0.000000	0.000000	0.000000	0.000000	0.000000	1745266291.156718	0.000000
84.000000	-31187.299632	-3001.928687	2391.077863	-6564.662643	-3036.864464	9085.894714	-27502.748669	-3491.677760	-1759.037585	-21531.994227	-30153.956134	-1618.400409	-24531.531278	-8714.140500	5723.633554	-187500.022352	-0.036812	0.974875	-0.144063	192.000000	127.000000	104.000000	15.000000	72.000000	125.500000	64.000000	0.000000	0.000000	0.000000	1745266291.156751	0.000000
86.000000	-31187.165521	-3005.884946	2393.693017	-6561.220474	-3026.672068	9074.383566	-27492.176293	-3482.513545	-1767.866524	-21554.793007	-30160.728712	-1626.022354	-24535.085205	-8715.548660	5725.801674	-187500.022352	-0.036812	0.974875	-0.144063	192.000000	0.000000	0.000000	0.000000	0.000000	0.000000	0.000000	0.000000	0.000000	0.000000	1745266291.156785	0.000000
88.000000	-31189.065419	-3000.364065	2397.559869	-6557.979471	-3025.129798	9077.222237	-27485.962508	-3476.478574	-1772.448632	-21551.082617	-30159.052331	-1621.239081	-24532.067720	-8714.989867	5730.719057	-187500.022352	-0.036812	0.974875	-0.144063	192.000000	0.000000	0.000000	0.000000	0.000000	0.000000	0.000000	0.000000	0.000000	0.000000	1745266291.156815	0.000000
90.000000	-31198.140228	-3009.595336	2388.306247	-6566.115506	-3029.689554	9074.048290	-27489.963471	-3483.832298	-1770.615789	-21547.729856	-30160.795767	-1629.017488	-24538.147394	-8711.771215	5734.451799	-187500.022352	-0.036812	0.974875	-0.144063	192.000000	0.000000	0.000000	0.000000	0.000000	0.000000	0.000000	0.000000	0.000000	0.000000	1745266291.216804	0.000000
92.000000	-31207.460905	-3014.311554	2378.270314	-6576.285550	-3039.881949	9067.946263	-27501.899302	-3494.359969	-1781.881068	-21560.246832	-30178.051314	-1643.836694	-24546.261078	-8720.197823	5722.180691	-187500.022352	-0.036812	0.974875	-0.144063	192.000000	0.000000	0.000000	0.000000	0.000000	0.000000	0.000000	0.000000	0.000000	0.000000	1745266291.216843	0.000000
94.000000	-31202.655280	-3010.109426	2379.812584	-6575.436184	-3035.903339	9070.360252	-27497.004270	-3486.827432	-1781.009350	-21555.351800	-30179.213605	-1649.402279	-24550.239688	-8720.868375	5718.000915	-187500.022352	-0.038406	0.975437	-0.143031	192.000000	127.000000	96.000000	15.000000	64.000000	125.500000	72.000000	0.000000	0.000000	0.000000	1745266291.216877	0.000000
96.000000	-31210.724260	-3017.753722	2372.123584	-6583.102832	-3044.061726	9064.817019	-27509.185971	-3490.493118	-1782.238696	-21562.794931	-30178.498349	-1651.928026	-24544.607049	-8723.058846	5715.497519	-187500.022352	-0.038406	0.975437	-0.143031	192.000000	0.000000	0.000000	0.000000	0.000000	0.000000	0.000000	0.000000	0.000000	0.000000	1745266291.216927	0.000000
98.000000	-31207.684422	-3016.859653	2371.229514	-6575.704405	-3042.005365	9060.994871	-27507.755459	-3495.566964	-1783.713911	-21559.330411	-30180.889986	-1655.347843	-24553.100711	-8735.195844	5709.954287	-187500.022352	-0.038406	0.975437	-0.143031	192.000000	0.000000	0.000000	0.000000	0.000000	0.000000	0.000000	0.000000	0.000000	0.000000	1745266291.216991	0.000000
100.000000	-31198.743725	-3009.394170	2382.494793	-6563.165076	-3035.903339	9073.444792	-27497.697174	-3482.580600	-1781.746958	-21570.059248	-30174.229166	-1646.898883	-24542.304819	-8720.801320	5718.649115	-187500.022352	-0.038406	0.975437	-0.143031	192.000000	0.000000	0.000000	0.000000	0.000000	0.000000	0.000000	0.000000	0.000000	0.000000	1745266291.217023	0.000000
102.000000	-31198.162579	-3004.096807	2387.658046	-6557.711251	-3033.310537	9076.372871	-27498.770058	-3482.222972	-1778.707120	-21552.758998	-30163.232108	-1633.957223	-24543.668275	-8717.895593	5727.880386	-187500.022352	-0.038406	0.975437	-0.143031	192.000000	0.000000	0.000000	0.000000	0.000000	0.000000	0.000000	0.000000	0.000000	0.000000	1745266291.217063	0.000000
104.000000	-31200.911844	-3003.985048	2393.178927	-6557.241864	-3028.080228	9075.143525	-27492.690384	-3480.680702	-1773.655626	-21550.635582	-30160.259326	-1638.472276	-24541.790729	-8722.343591	5731.948403	-187500.022352	-0.038406	0.975437	-0.143031	192.000000	0.000000	0.000000	0.000000	0.000000	0.000000	0.000000	0.000000	0.000000	0.000000	1745266291.276440	0.000000
106.000000	-31210.947777	-3011.428179	2396.062302	-6553.240902	-3024.280432	9081.513772	-27491.326927	-3472.857591	-1772.135707	-21549.495643	-30162.315686	-1637.734668	-24539.622610	-8716.889765	5737.692802	-187500.022352	-0.040000	0.974000	-0.136000	192.000000	127.000000	96.000000	15.000000	56.000000	125.500000	96.000000	0.000000	0.000000	0.000000	1745266291.276513	0.000000
108.000000	-31225.454059	-3025.755647	2388.485061	-6571.077594	-3027.141455	9068.527409	-27495.104372	-3481.641827	-1776.226077	-21553.541309	-30163.254459	-1646.988290	-24530.860726	-8725.741056	5741.514950	-187500.022352	-0.040000	0.974000	-0.136000	192.000000	0.000000	0.000000	0.000000	0.000000	0.000000	0.000000	0.000000	0.000000	0.000000	1745266291.276546	0.000000
110.000000	-31219.016757	-3020.570042	2381.377206	-6567.546018	-3033.377592	9059.854932	-27504.827381	-3496.662199	-1790.218269	-21547.975725	-30180.331192	-1659.326453	-24552.161938	-8749.277443	5735.591738	-187500.022352	-0.040000	0.974000	-0.136000	192.000000	0.000000	0.000000	0.000000	0.000000	0.000000	0.000000	0.000000	0.000000	0.000000	1745266291.276577	0.000000
112.000000	-31204.644585	-3004.610897	2389.021503	-6555.744297	-3025.777999	9065.532275	-27492.019831	-3482.625304	-1779.332969	-21556.938774	-30173.536262	-1651.033956	-24547.937459	-8728.959707	5734.518854	-187500.022352	-0.040000	0.974000	-0.136000	192.000000	0.000000	0.000000	0.000000	0.000000	0.000000	0.000000	0.000000	0.000000	0.000000	1745266291.276607	0.000000
114.000000	-31202.051783	-2999.782920	2389.468538	-6552.078611	-3023.878100	9074.249455	-27489.471732	-3471.494135	-1776.360187	-21557.855196	-30167.568346	-1638.382869	-24542.148357	-8719.907250	5740.576177	-187500.022352	-0.040000	0.974000	-0.136000	192.000000	0.000000	0.000000	0.000000	0.000000	0.000000	0.000000	0.000000	0.000000	0.000000	1745266291.276637	0.000000
116.000000	-31216.669824	-3009.975315	2373.509392	-6567.568370	-3034.003441	9065.286406	-27505.542637	-3491.431891	-1770.861658	-21541.627829	-30164.707323	-1639.656918	-24540.762549	-8722.768274	5736.530511	-187500.022352	-0.036000	0.972000	-0.136000	192.000000	127.000000	112.000000	15.000000	48.000000	125.500000	96.000000	0.000000	0.000000	0.000000	1745266291.276666	0.000000
118.000000	-31222.995367	-3017.351391	2367.675587	-6569.915303	-3035.925691	9056.971557	-27505.363823	-3493.957638	-1790.933524	-21555.061228	-30184.734486	-1654.699642	-24558.062799	-8738.325088	5720.303144	-187500.022352	-0.036000	0.972000	-0.136000	192.000000	0.000000	0.000000	0.000000	0.000000	0.000000	0.000000	0.000000	0.000000	0.000000	1745266291.276702	0.000000
120.000000	-31221.386042	-3011.718751	2367.854401	-6566.987224	-3033.019964	9064.638205	-27496.646642	-3484.905182	-1784.026835	-21563.107856	-30180.286489	-1650.139886	-24552.541918	-8725.294021	5727.053371	-187500.022352	-0.036000	0.972000	-0.136000	192.000000	0.000000	0.000000	0.000000	0.000000	0.000000	0.000000	0.000000	0.000000	0.000000	1745266291.336603	0.000000
122.000000	-31216.021623	-3005.929650	2373.107061	-6559.119410	-3023.632231	9071.991929	-27492.489218	-3478.736100	-1785.099719	-21562.236138	-30177.716038	-1648.441154	-24550.820834	-8734.391181	5729.735581	-187500.022352	-0.036000	0.972000	-0.136000	192.000000	0.000000	0.000000	0.000000	0.000000	0.000000	0.000000	0.000000	0.000000	0.000000	1745266291.336645	0.000000
124.000000	-31219.575551	-3006.846071	2373.844668	-6557.308919	-3020.950022	9066.225179	-27492.511570	-3481.328902	-1784.809147	-21554.614193	-30174.698552	-1646.764773	-24551.916069	-8722.008314	5731.993107	-187500.022352	-0.036000	0.972000	-0.136000	192.000000	0.000000	0.000000	0.000000	0.000000	0.000000	0.000000	0.000000	0.000000	0.000000	1745266291.336704	0.000000
126.000000	-31228.426841	-3014.669182	2364.769860	-6565.891989	-3032.260005	9056.323356	-27501.854599	-3492.370664	-1784.853850	-21550.903803	-30179.727695	-1649.581093	-24559.560366	-8728.602079	5728.908566	-187500.022352	-0.038000	0.972000	-0.138000	192.000000	127.000000	104.000000	15.000000	48.000000	125.500000	88.000000	0.000000	0.000000	0.000000	1745266291.336736	0.000000
128.000000	-31231.041995	-3013.506891	2368.949636	-6562.159248	-3030.002478	9064.012356	-27498.278320	-3490.113138	-1798.242545	-21552.222556	-30186.924957	-1655.638415	-24568.210491	-8735.307602	5722.538319	-187500.022352	-0.038000	0.972000	-0.138000	192.000000	0.000000	0.000000	0.000000	0.000000	0.000000	0.000000	0.000000	0.000000	0.000000	1745266291.336772	0.000000
130.000000	-31211.484219	-2994.262039	2391.077863	-6539.963965	-3016.703190	9086.855839	-27489.069401	-3466.666158	-1782.372806	-21539.280896	-30171.546956	-1644.954281	-24546.752816	-8719.661381	5733.580081	-187500.022352	-0.038000	0.972000	-0.138000	192.000000	0.000000	0.000000	0.000000	0.000000	0.000000	0.000000	0.000000	0.000000	0.000000	1745266291.336801	0.000000
132.000000	-31211.350109	-2996.854841	2390.161442	-6532.632593	-3022.022906	9096.288275	-27501.273453	-3471.695301	-1769.319388	-21520.974817	-30160.728712	-1633.532540	-24538.683836	-8698.181355	5743.548959	-187500.022352	-0.038000	0.972000	-0.138000	192.000000	0.000000	0.000000	0.000000	0.000000	0.000000	0.000000	0.000000	0.000000	0.000000	1745266291.336831	0.000000
134.000000	-31215.194609	-2995.647847	2392.016636	-6540.902739	-3018.312516	9088.196944	-27499.574721	-3478.847859	-1762.882085	-21526.629809	-30157.957096	-1632.996098	-24535.688703	-8695.275628	5739.100962	-187500.022352	-0.038000	0.972000	-0.138000	192.000000	0.000000	0.000000	0.000000	0.000000	0.000000	0.000000	0.000000	0.000000	0.000000	1745266291.396883	0.000000
136.000000	-31239.870934	-3027.074400	2365.418060	-6576.240847	-3029.711906	9038.933699	-27515.757384	-3502.384246	-1783.311580	-21562.727876	-30184.667430	-1660.555799	-24544.607049	-8727.752713	5723.186520	-187500.022352	-0.036000	0.972000	-0.146000	192.000000	127.000000	112.000000	15.000000	48.000000	125.500000	56.000000	0.000000	0.000000	0.000000	1745266291.396921	0.000000
138.000000	-31244.520097	-3030.024830	2362.802906	-6583.818088	-3029.711906	9040.654783	-27510.147096	-3507.145167	-1794.621562	-21581.503341	-30195.664489	-1678.124270	-24548.317438	-8734.659402	5712.345923	-187500.022352	-0.036000	0.972000	-0.146000	192.000000	0.000000	0.000000	0.000000	0.000000	0.000000	0.000000	0.000000	0.000000	0.000000	1745266291.396955	0.000000
140.000000	-31245.525926	-3030.114237	2356.075031	-6583.929847	-3040.574853	9042.934661	-27523.267570	-3507.413388	-1796.610868	-21571.176835	-30198.301995	-1685.634456	-24558.666296	-8747.064620	5703.159356	-187500.022352	-0.036000	0.972000	-0.146000	192.000000	0.000000	0.000000	0.000000	0.000000	0.000000	0.000000	0.000000	0.000000	0.000000	1745266291.396993	0.000000
142.000000	-31244.341283	-3027.275566	2355.113906	-6584.890972	-3043.391173	9036.832635	-27525.100413	-3507.368685	-1799.606001	-21579.424629	-30194.859826	-1681.991122	-24556.364066	-8765.907140	5696.051502	-187500.022352	-0.036000	0.972000	-0.146000	192.000000	0.000000	0.000000	0.000000	0.000000	0.000000	0.000000	0.000000	0.000000	0.000000	1745266291.397032	0.000000
144.000000	-31240.452080	-3025.733295	2351.492924	-6580.577085	-3040.641909	9032.764618	-27517.545523	-3508.061589	-1786.664341	-21572.093257	-30189.361297	-1677.632532	-24555.380589	-8756.362946	5701.080644	-187500.022352	-0.036000	0.972000	-0.146000	192.000000	0.000000	0.000000	0.000000	0.000000	0.000000	0.000000	0.000000	0.000000	0.000000	1745266291.397063	0.000000
146.000000	-31242.530792	-3019.653621	2351.179999	-6576.397309	-3038.250272	9036.653821	-27514.416279	-3503.278315	-1794.040417	-21564.694830	-30189.584814	-1674.771509	-24564.522453	-8752.831370	5700.052464	-187500.022352	-0.038000	0.972000	-0.142000	192.000000	127.000000	104.000000	15.000000	48.000000	125.500000	72.000000	0.000000	0.000000	0.000000	1745266291.397103	0.000000
148.000000	-31237.434594	-3014.155092	2357.997281	-6566.316672	-3028.124932	9049.930757	-27501.519323	-3495.946943	-1791.089987	-21565.544196	-30184.600375	-1668.356558	-24564.142473	-8741.968422	5712.234165	-187500.022352	-0.038000	0.972000	-0.142000	192.000000	0.000000	0.000000	0.000000	0.000000	0.000000	0.000000	0.000000	0.000000	0.000000	1745266291.397137	0.000000
150.000000	-31246.397644	-3015.227975	2360.075994	-6564.886160	-3023.945156	9054.199940	-27495.640814	-3487.922667	-1786.306713	-21556.089408	-30184.399210	-1668.535372	-24566.847034	-8751.356155	5719.565537	-187500.022352	-0.038000	0.972000	-0.142000	192.000000	0.000000	0.000000	0.000000	0.000000	0.000000	0.000000	0.000000	0.000000	0.000000	1745266291.456441	0.000000
152.000000	-31250.979751	-3027.186159	2359.830124	-6569.557675	-3020.458283	9044.320469	-27492.668032	-3483.407615	-1799.382484	-21567.980536	-30193.094038	-1677.744291	-24557.369895	-8754.016012	5721.778360	-187500.022352	-0.038000	0.972000	-0.142000	192.000000	0.000000	0.000000	0.000000	0.000000	0.000000	0.000000	0.000000	0.000000	0.000000	1745266291.456485	0.000000
154.000000	-31258.981676	-3031.589452	2357.259674	-6576.933751	-3025.152150	9041.750019	-27503.665090	-3494.583487	-1798.153138	-21584.900807	-30192.758762	-1683.287523	-24562.488444	-8744.695335	5720.437255	-187500.022352	-0.038000	0.972000	-0.142000	192.000000	0.000000	0.000000	0.000000	0.000000	0.000000	0.000000	0.000000	0.000000	0.000000	1745266291.456516	0.000000
156.000000	-31257.752330	-3034.271662	2358.444316	-6573.133954	-3019.832435	9048.187321	-27497.428953	-3483.161745	-1796.364998	-21589.326452	-30198.011422	-1688.473128	-24560.968526	-8750.372678	5718.135025	-187500.022352	-0.034000	0.972000	-0.142000	192.000000	127.000000	120.000000	15.000000	48.000000	125.500000	72.000000	0.000000	0.000000	0.000000	1745266291.456545	0.000000
158.000000	-31258.579345	-3029.644850	2360.344214	-6569.982358	-3020.212414	9049.170798	-27498.524189	-3491.610705	-1796.163833	-21576.295385	-30194.435143	-1685.768567	-24551.871366	-8737.922756	5723.857072	-187500.022352	-0.034000	0.972000	-0.142000	192.000000	0.000000	0.000000	0.000000	0.000000	0.000000	0.000000	0.000000	0.000000	0.000000	1745266291.456577	0.000000
160.000000	-31254.131347	-3018.647792	2362.154706	-6569.803544	-3016.256156	9049.617833	-27493.673860	-3484.435795	-1798.220193	-21566.527673	-30203.420544	-1690.931820	-24550.686723	-8745.008259	5716.793921	-187500.022352	-0.034000	0.972000	-0.142000	192.000000	0.000000	0.000000	0.000000	0.000000	0.000000	0.000000	0.000000	0.000000	0.000000	1745266291.456608	0.000000
162.000000	-31254.511327	-3017.217281	2363.652273	-6562.695690	-3014.065685	9051.115400	-27495.193779	-3487.028597	-1792.721664	-21552.490777	-30191.328250	-1673.162183	-24538.460319	-8738.883881	5730.495540	-187500.022352	-0.034000	0.972000	-0.142000	192.000000	0.000000	0.000000	0.000000	0.000000	0.000000	0.000000	0.000000	0.000000	0.000000	1745266291.456649	0.000000
164.000000	-31272.884461	-3033.846978	2350.844723	-6574.028024	-3030.494217	9034.440998	-27512.874009	-3503.099502	-1799.181318	-21560.269184	-30207.130934	-1686.953209	-24554.955906	-8745.567053	5716.548051	-187500.022352	-0.034000	0.972000	-0.142000	192.000000	0.000000	0.000000	0.000000	0.000000	0.000000	0.000000	0.000000	0.000000	0.000000	1745266291.516033	0.000000
166.000000	-31266.715380	-3029.555443	2358.176095	-6569.490620	-3019.005420	9041.660612	-27502.592206	-3498.092711	-1811.407722	-21585.750173	-30209.567274	-1693.546974	-24566.131778	-8740.426152	5712.256516	-187500.022352	-0.035000	0.971000	-0.143000	192.000000	127.000000	112.000000	15.000000	40.000000	125.500000	64.000000	0.000000	0.000000	0.000000	1745266291.516077	0.000000
168.000000	-31261.663885	-3028.326098	2364.166363	-6573.312768	-3017.999592	9031.244699	-27507.308424	-3494.516432	-1794.778025	-21586.376022	-30197.407925	-1686.684988	-24555.112368	-8739.174454	5724.639383	-187500.022352	-0.035000	0.971000	-0.143000	192.000000	0.000000	0.000000	0.000000	0.000000	0.000000	0.000000	0.000000	0.000000	0.000000	1745266291.516137	0.000000
170.000000	-31246.196478	-3011.450530	2380.527840	-6562.673338	-3008.343638	9039.201920	-27497.004270	-3490.917801	-1790.151213	-21575.423667	-30194.010460	-1693.994009	-24550.820834	-8749.456257	5722.225395	-187500.022352	-0.035000	0.971000	-0.143000	192.000000	0.000000	0.000000	0.000000	0.000000	0.000000	0.000000	0.000000	0.000000	0.000000	1745266291.516168	0.000000
172.000000	-31256.053597	-3016.546728	2373.688206	-6570.809373	-3022.559347	9032.876376	-27510.996462	-3499.634981	-1781.165812	-21556.961126	-30181.940518	-1687.489651	-24533.319418	-8745.835274	5730.160264	-187500.022352	-0.035000	0.971000	-0.143000	192.000000	0.000000	0.000000	0.000000	0.000000	0.000000	0.000000	0.000000	0.000000	0.000000	1745266291.516206	0.000000
174.000000	-31258.065254	-3013.216318	2373.844668	-6568.462440	-3025.442722	9045.281594	-27511.577608	-3491.856574	-1792.498147	-21585.034917	-30187.081419	-1709.997858	-24548.026865	-8751.132637	5716.659810	-187500.022352	-0.035000	0.971000	-0.143000	192.000000	0.000000	0.000000	0.000000	0.000000	0.000000	0.000000	0.000000	0.000000	0.000000	1745266291.516235	0.000000
176.000000	-31231.287865	-2997.860670	2374.850497	-6552.570349	-3012.791635	9058.133847	-27487.549482	-3476.478574	-1783.624504	-21561.073847	-30176.821968	-1720.816102	-24552.988953	-8740.649669	5728.930918	-187500.022352	-0.034500	0.972500	-0.144500	192.000000	127.000000	120.000000	15.000000	56.000000	125.500000	56.000000	0.000000	0.000000	0.000000	1745266291.516265	0.000000
178.000000	-31234.528868	-2997.234821	2363.361700	-6552.972681	-3022.715810	9041.593557	-27500.401735	-3484.301684	-1792.542850	-21550.300306	-30181.985221	-1743.123143	-24556.140549	-8721.449521	5725.198177	-187500.022352	-0.034500	0.972500	-0.144500	192.000000	0.000000	0.000000	0.000000	0.000000	0.000000	0.000000	0.000000	0.000000	0.000000	1745266291.516301	0.000000
180.000000	-31233.657150	-2992.026865	2366.602703	-6546.445971	-3017.172577	9056.658632	-27495.327889	-3474.444565	-1773.946199	-21548.400408	-30172.552785	-1751.192123	-24556.073493	-8719.706085	5729.601470	-187500.022352	-0.034500	0.972500	-0.144500	192.000000	0.000000	0.000000	0.000000	0.000000	0.000000	0.000000	0.000000	0.000000	0.000000	1745266291.576334	0.000000
182.000000	-31250.666827	-3010.087074	2355.940921	-6557.353623	-3019.295993	9053.350574	-27500.669956	-3477.149126	-1777.053091	-21556.357629	-30184.443913	-1781.076405	-24557.079322	-8724.668172	5725.153473	-187500.022352	-0.034500	0.972500	-0.144500	192.000000	0.000000	0.000000	0.000000	0.000000	0.000000	0.000000	0.000000	0.000000	0.000000	1745266291.576375	0.000000
184.000000	-31257.841737	-3017.396094	2350.375336	-6559.387631	-3017.194929	9055.876321	-27494.411468	-3469.616588	-1800.142443	-21571.422705	-30199.352527	-1803.942240	-24570.959755	-8736.760466	5723.722961	-187500.022352	-0.034500	0.972500	-0.144500	192.000000	0.000000	0.000000	0.000000	0.000000	0.000000	0.000000	0.000000	0.000000	0.000000	1745266291.576416	0.000000
186.000000	-31264.010818	-3023.766342	2348.274272	-6560.147591	-3024.816874	9043.269937	-27500.289977	-3482.893525	-1802.914060	-21581.682155	-30204.158152	-1815.676906	-24570.356258	-8742.258995	5719.811406	-187500.022352	-0.036250	0.970250	-0.144250	192.000000	127.000000	104.000000	15.000000	32.000000	125.500000	64.000000	0.000000	0.000000	0.000000	1745266291.576460	0.000000
188.000000	-31264.726074	-3017.865481	2353.750450	-6551.899797	-3029.331926	9045.907443	-27505.810858	-3486.290990	-1802.645839	-21570.841559	-30200.358355	-1812.100626	-24565.170653	-8737.922756	5720.951345	-187500.022352	-0.036250	0.970250	-0.144250	192.000000	0.000000	0.000000	0.000000	0.000000	0.000000	0.000000	0.000000	0.000000	0.000000	1745266291.576492	0.000000
190.000000	-31260.032208	-3013.126911	2361.282988	-6543.830817	-3032.349412	9043.091123	-27504.492105	-3485.531030	-1805.506862	-21567.466446	-30199.397230	-1808.256126	-24560.655601	-8734.771160	5718.000915	-187500.022352	-0.036250	0.970250	-0.144250	192.000000	0.000000	0.000000	0.000000	0.000000	0.000000	0.000000	0.000000	0.000000	0.000000	1745266291.576535	0.000000
192.000000	-31264.591964	-3012.568118	2365.730985	-6540.455704	-3033.668164	9043.001716	-27506.593169	-3484.033463	-1787.133728	-21559.531577	-30187.886082	-1796.074426	-24550.262040	-8721.114245	5725.958136	-187500.022352	-0.036250	0.970250	-0.144250	192.000000	0.000000	0.000000	0.000000	0.000000	0.000000	0.000000	0.000000	0.000000	0.000000	1745266291.576565	0.000000
194.000000	-31275.097284	-3016.747894	2367.876752	-6536.454742	-3030.471865	9042.800551	-27502.592206	-3483.653484	-1801.572955	-21570.461580	-30201.900625	-1814.469911	-24572.725543	-8738.593309	5722.515967	-187500.022352	-0.036250	0.970250	-0.144250	192.000000	0.000000	0.000000	0.000000	0.000000	0.000000	0.000000	0.000000	0.000000	0.000000	1745266291.636629	0.000000
196.000000	-31264.234336	-3008.902432	2362.020595	-6541.170960	-3037.803237	9044.789856	-27515.623273	-3489.286123	-1798.309600	-21550.881451	-30190.188311	-1803.249336	-24556.520528	-8742.840140	5728.193310	-187500.022352	-0.036125	0.968125	-0.141125	192.000000	127.000000	112.000000	15.000000	24.000000	125.500000	88.000000	0.000000	0.000000	0.000000	1745266291.636665	0.000000
198.000000	-31260.322781	-3006.466091	2354.532761	-6543.897872	-3034.048144	9038.531368	-27514.349224	-3490.381359	-1802.176452	-21574.753115	-30197.854960	-1808.300830	-24569.395133	-8747.846931	5715.542223	-187500.022352	-0.036125	0.968125	-0.141125	192.000000	0.000000	0.000000	0.000000	0.000000	0.000000	0.000000	0.000000	0.000000	0.000000	1745266291.636697	0.000000
200.000000	-31258.646400	-2999.984086	2357.706709	-6540.366297	-3024.883929	9043.091123	-27509.923578	-3485.463975	-1793.615734	-21561.856158	-30185.382686	-1797.460234	-24558.085150	-8733.005373	5727.008668	-187500.022352	-0.036125	0.968125	-0.141125	192.000000	0.000000	0.000000	0.000000	0.000000	0.000000	0.000000	0.000000	0.000000	0.000000	1745266291.636727	0.000000
202.000000	-31265.933069	-3004.633248	2342.999261	-6555.878407	-3029.533092	9031.959955	-27514.282169	-3487.654446	-1794.375693	-21561.811455	-30190.769457	-1799.583650	-24567.852863	-8734.793512	5722.292450	-187500.022352	-0.036125	0.968125	-0.141125	192.000000	0.000000	0.000000	0.000000	0.000000	0.000000	0.000000	0.000000	0.000000	0.000000	1745266291.636758	0.000000
204.000000	-31269.934031	-3007.002533	2333.209197	-6571.010538	-3035.813932	9029.143635	-27520.630064	-3489.375530	-1809.440769	-21570.975670	-30203.979338	-1818.001487	-24577.933500	-8753.770143	5705.640400	-187500.022352	-0.036125	0.968125	-0.141125	192.000000	0.000000	0.000000	0.000000	0.000000	0.000000	0.000000	0.000000	0.000000	0.000000	1745266291.636788	0.000000
206.000000	-31281.020496	-3018.446626	2327.576557	-6585.673283	-3041.737144	9019.465330	-27525.390986	-3510.028542	-1803.897536	-21565.790065	-30208.136762	-1827.076295	-24571.563252	-8771.226856	5700.119519	-187500.022352	-0.036063	0.969062	-0.138563	192.000000	127.000000	112.000000	15.000000	40.000000	125.500000	96.000000	0.000000	0.000000	0.000000	1745266291.636826	0.000000
208.000000	-31277.198348	-3013.663353	2341.479342	-6572.821030	-3029.063705	9018.437149	-27509.096564	-3487.162708	-1811.854757	-21595.115554	-30211.713041	-1832.641880	-24577.754686	-8763.873132	5701.751197	-187500.022352	-0.036063	0.969062	-0.138563	192.000000	0.000000	0.000000	0.000000	0.000000	0.000000	0.000000	0.000000	0.000000	0.000000	1745266291.636868	0.000000
210.000000	-31283.479188	-3022.425237	2341.121714	-6575.704405	-3033.601109	9022.996905	-27513.164581	-3494.091748	-1803.718722	-21585.012565	-30202.101791	-1819.811978	-24570.468017	-8754.753620	5711.340095	-187500.022352	-0.036063	0.969062	-0.138563	192.000000	0.000000	0.000000	0.000000	0.000000	0.000000	0.000000	0.000000	0.000000	0.000000	1745266291.696882	0.000000
212.000000	-31279.925261	-3019.161882	2346.799057	-6563.522704	-3027.789656	9022.169891	-27502.905131	-3488.280295	-1807.987906	-21572.540292	-30198.905492	-1822.583595	-24571.563252	-8764.342518	5714.067008	-187500.022352	-0.036063	0.969062	-0.138563	192.000000	0.000000	0.000000	0.000000	0.000000	0.000000	0.000000	0.000000	0.000000	0.000000	1745266291.696937	0.000000
214.000000	-31281.825159	-3018.670144	2353.415174	-6555.945463	-3026.582661	9019.577088	-27506.771983	-3483.675836	-1803.159929	-21573.210844	-30198.503160	-1818.582632	-24578.067610	-8763.381393	5715.363409	-187500.022352	-0.036063	0.969062	-0.138563	192.000000	0.000000	0.000000	0.000000	0.000000	0.000000	0.000000	0.000000	0.000000	0.000000	1745266291.696967	0.000000
216.000000	-31296.174979	-3029.957775	2346.106153	-6562.092192	-3033.377592	9018.861832	-27519.646587	-3495.052873	-1796.409702	-21576.451847	-30196.759724	-1815.363981	-24564.008363	-8755.334765	5717.620935	-187500.022352	-0.035031	0.970531	-0.139281	192.000000	127.000000	120.000000	15.000000	48.000000	125.500000	80.000000	0.000000	0.000000	0.000000	1745266291.697000	0.000000
218.000000	-31291.816389	-3028.080228	2356.007976	-6551.095134	-3021.978202	9024.092141	-27510.951759	-3486.916839	-1812.972345	-21578.843484	-30207.421506	-1815.498092	-24573.194930	-8775.250170	5717.330362	-187500.022352	-0.035031	0.970531	-0.139281	192.000000	0.000000	0.000000	0.000000	0.000000	0.000000	0.000000	0.000000	0.000000	0.000000	1745266291.697032	0.000000
220.000000	-31308.691956	-3038.093810	2341.747563	-6552.168018	-3030.538920	9024.427417	-27518.506648	-3493.689417	-1810.446597	-21584.923158	-30205.163980	-1809.530176	-24569.953927	-8747.355193	5721.912470	-187500.022352	-0.035031	0.970531	-0.139281	192.000000	0.000000	0.000000	0.000000	0.000000	0.000000	0.000000	0.000000	0.000000	0.000000	1745266291.697062	0.000000
222.000000	-31314.928092	-3043.324118	2335.198502	-6555.543131	-3022.291127	9019.264164	-27508.403660	-3488.459109	-1825.198749	-21584.342013	-30220.296111	-1810.670115	-24587.656508	-8763.604911	5715.452816	-187500.022352	-0.035031	0.970531	-0.139281	192.000000	0.000000	0.000000	0.000000	0.000000	0.000000	0.000000	0.000000	0.000000	0.000000	1745266291.697091	0.000000
224.000000	-31311.575331	-3034.472827	2332.963328	-6557.755954	-3020.592394	9034.284536	-27508.090735	-3490.627228	-1818.023839	-21581.279824	-30217.502143	-1806.222118	-24579.431066	-8762.464972	5720.951345	-187500.022352	-0.035031	0.970531	-0.139281	192.000000	0.000000	0.000000	0.000000	0.000000	0.000000	0.000000	0.000000	0.000000	0.000000	1745266291.756319	0.000000
226.000000	-31311.798848	-3028.706077	2333.209197	-6556.593663	-3022.536996	9046.332126	-27508.113087	-3483.407615	-1823.209443	-21579.312870	-30223.112431	-1804.836310	-24573.820779	-8754.261882	5716.011610	-187500.022352	-0.035031	0.970531	-0.139281	192.000000	0.000000	0.000000	0.000000	0.000000	0.000000	0.000000	0.000000	0.000000	0.000000	1745266291.756356	0.000000
228.000000	-31309.228398	-3028.013173	2329.565862	-6558.650024	-3027.052048	9035.692696	-27510.258855	-3482.379434	-1816.369810	-21581.078658	-30220.787850	-1798.421359	-24581.599186	-8747.221082	5713.284697	-187500.022352	-0.034000	0.968000	-0.140000	192.000000	127.000000	120.000000	15.000000	32.000000	125.500000	80.000000	0.000000	0.000000	0.000000	1745266291.756394	0.000000
230.000000	-31314.034023	-3031.678859	2317.473569	-6573.648044	-3041.714792	9014.458539	-27525.592151	-3493.778824	-1827.590385	-21590.399336	-30232.634274	-1808.077312	-24588.327061	-8746.684640	5696.185612	-187500.022352	-0.034000	0.968000	-0.140000	192.000000	0.000000	0.000000	0.000000	0.000000	0.000000	0.000000	0.000000	0.000000	0.000000	1745266291.756438	0.000000
232.000000	-31309.474267	-3023.207548	2320.446351	-6570.205876	-3035.277490	9013.899745	-27516.427936	-3484.614609	-1811.765350	-21578.195283	-30227.247504	-1799.717760	-24584.996651	-8767.248245	5701.170051	-187500.022352	-0.034000	0.968000	-0.140000	192.000000	0.000000	0.000000	0.000000	0.000000	0.000000	0.000000	0.000000	0.000000	0.000000	1745266291.756468	0.000000
234.000000	-31308.937825	-3018.446626	2320.982792	-6571.882256	-3037.646775	9008.222402	-27518.216076	-3491.633057	-1818.739095	-21577.614138	-30229.057995	-1797.996676	-24583.074401	-8761.079164	5701.438272	-187500.022352	-0.034000	0.968000	-0.140000	192.000000	0.000000	0.000000	0.000000	0.000000	0.000000	0.000000	0.000000	0.000000	0.000000	1745266291.756510	0.000000
236.000000	-31307.484961	-3020.502987	2320.960441	-6572.217533	-3040.328984	9001.673341	-27518.573704	-3495.701074	-1825.824598	-21572.428533	-30227.023986	-1800.969458	-24583.633194	-8778.290007	5699.516022	-187500.022352	-0.034000	0.968000	-0.140000	192.000000	0.000000	0.000000	0.000000	0.000000	0.000000	0.000000	0.000000	0.000000	0.000000	1745266291.756541	0.000000
238.000000	-31309.004880	-3026.247385	2329.342345	-6565.891989	-3034.651641	9019.286516	-27515.220942	-3485.195754	-1816.995659	-21580.475161	-30221.838382	-1804.545737	-24588.483523	-8772.858533	5705.193365	-187500.022352	-0.038000	0.968000	-0.144000	192.000000	127.000000	104.000000	15.000000	32.000000	125.500000	64.000000	0.000000	0.000000	0.000000	1745266291.756574	0.000000
240.000000	-31315.084555	-3032.394115	2342.976909	-6558.202989	-3023.520472	9018.839481	-27507.308424	-3477.774975	-1801.394141	-21588.611196	-30208.136762	-1804.590440	-24572.569081	-8759.246321	5720.414903	-187500.022352	-0.038000	0.968000	-0.144000	192.000000	0.000000	0.000000	0.000000	0.000000	0.000000	0.000000	0.000000	0.000000	0.000000	1745266291.816063	0.000000
242.000000	-31308.580197	-3028.616670	2353.571636	-6550.424582	-3014.289202	9024.248603	-27496.512532	-3466.219123	-1811.117150	-21597.909522	-30208.360280	-1811.497129	-24570.400962	-8780.033443	5729.445008	-187500.022352	-0.038000	0.968000	-0.144000	192.000000	0.000000	0.000000	0.000000	0.000000	0.000000	0.000000	0.000000	0.000000	0.000000	1745266291.816100	0.000000
244.000000	-31329.724947	-3042.005365	2330.996374	-6570.608207	-3037.870292	9008.512975	-27517.478468	-3489.934324	-1826.562205	-21595.562589	-30213.188256	-1812.346496	-24574.781904	-8768.343481	5725.734618	-187500.022352	-0.038000	0.968000	-0.144000	192.000000	0.000000	0.000000	0.000000	0.000000	0.000000	0.000000	0.000000	0.000000	0.000000	1745266291.816130	0.000000
246.000000	-31326.439241	-3034.651641	2335.354964	-6561.913378	-3035.076324	9012.715103	-27512.225808	-3483.027635	-1828.327993	-21600.122345	-30223.648873	-1818.940260	-24589.556407	-8761.392088	5713.150586	-187500.022352	-0.038000	0.968000	-0.144000	192.000000	0.000000	0.000000	0.000000	0.000000	0.000000	0.000000	0.000000	0.000000	0.000000	1745266291.816160	0.000000
248.000000	-31326.439241	-3034.025792	2341.524046	-6556.347794	-3029.533092	9025.187376	-27508.560122	-3477.618513	-1814.067580	-21580.899844	-30212.405945	-1805.953897	-24581.420372	-8779.005263	5724.214700	-187500.022352	-0.036000	0.968000	-0.144000	192.000000	127.000000	112.000000	15.000000	32.000000	125.500000	64.000000	0.000000	0.000000	0.000000	1745266291.816190	0.000000
250.000000	-31319.152572	-3026.247385	2348.095459	-6545.350736	-3024.995688	9034.798626	-27501.720488	-3474.578676	-1814.872243	-21586.733650	-30209.969605	-1804.478682	-24580.749819	-8756.519408	5731.523720	-187500.022352	-0.036000	0.968000	-0.144000	192.000000	0.000000	0.000000	0.000000	0.000000	0.000000	0.000000	0.000000	0.000000	0.000000	1745266291.816229	0.000000
252.000000	-31317.185619	-3022.313478	2344.608586	-6540.768628	-3028.035525	9039.470141	-27507.822515	-3471.091803	-1809.798397	-21581.168065	-30210.774268	-1796.253240	-24574.848959	-8748.919815	5730.048505	-187500.022352	-0.036000	0.968000	-0.144000	192.000000	0.000000	0.000000	0.000000	0.000000	0.000000	0.000000	0.000000	0.000000	0.000000	1745266291.816271	0.000000
254.000000	-31313.922264	-3017.932536	2341.054659	-6542.579120	-3026.895586	9031.825844	-27505.900264	-3472.879943	-1808.233775	-21566.773542	-30205.365146	-1786.910210	-24567.539938	-8739.219158	5734.652964	-187500.022352	-0.036000	0.968000	-0.144000	192.000000	0.000000	0.000000	0.000000	0.000000	0.000000	0.000000	0.000000	0.000000	0.000000	1745266291.876425	0.000000
0.000000	-31330.440203	-3029.533092	2321.899214	-6560.236998	-3042.810028	9008.915306	-27517.567875	-3490.113138	-1827.880958	-21586.085449	-30222.330120	-1797.862565	-24597.178352	-8758.218140	5716.682162	-187500.022352	-0.036000	0.968000	-0.144000	192.000000	0.000000	0.000000	0.000000	0.000000	0.000000	0.000000	0.000000	0.000000	0.000000	1745266291.876479	0.000000
2.000000	-31317.811467	-3018.580737	2330.616394	-6555.230207	-3035.098676	9018.012466	-27508.873047	-3478.333769	-1814.581670	-21578.508208	-30215.624597	-1796.052074	-24575.497159	-8773.976120	5717.375066	-187500.022352	-0.040000	0.972000	-0.148000	192.000000	127.000000	96.000000	15.000000	48.000000	125.500000	48.000000	0.000000	0.000000	0.000000	1745266291.876509	0.000000
4.000000	-31322.170058	-3025.062743	2327.665964	-6556.705422	-3038.026755	9007.082463	-27511.376442	-3478.177306	-1816.526272	-21578.284690	-30217.971530	-1791.268801	-24582.783828	-8766.980024	5718.515005	-187500.022352	-0.040000	0.972000	-0.148000	192.000000	0.000000	0.000000	0.000000	0.000000	0.000000	0.000000	0.000000	0.000000	0.000000	1745266291.876544	0.000000
6.000000	-31328.026215	-3025.777999	2328.470627	-6557.219512	-3036.708002	9002.813280	-27519.154849	-3484.033463	-1825.757542	-21586.823057	-30227.046338	-1797.571993	-24590.808104	-8778.513524	5714.178767	-187500.022352	-0.040000	0.972000	-0.148000	192.000000	0.000000	0.000000	0.000000	0.000000	0.000000	0.000000	0.000000	0.000000	0.000000	1745266291.876574	0.000000
8.000000	-31320.314863	-3016.524376	2336.561958	-6558.605320	-3030.248348	8997.605324	-27516.204419	-3486.402748	-1827.568034	-21586.465429	-30220.698443	-1792.296981	-24578.559348	-8784.481440	5720.683124	-187500.022352	-0.040000	0.972000	-0.148000	192.000000	0.000000	0.000000	0.000000	0.000000	0.000000	0.000000	0.000000	0.000000	0.000000	1745266291.876605	0.000000
10.000000	-31318.750241	-3016.233804	2338.037174	-6560.751088	-3024.973336	9014.436187	-27512.248160	-3488.168536	-1819.499054	-21587.940644	-30211.422469	-1796.275591	-24580.660412	-8783.207391	5726.338115	-187500.022352	-0.040000	0.972000	-0.148000	192.000000	0.000000	0.000000	0.000000	0.000000	0.000000	0.000000	0.000000	0.000000	0.000000	1745266291.876636	0.000000
12.000000	-31332.183639	-3027.610842	2328.604737	-6568.373033	-3034.584586	9018.235984	-27520.831230	-3484.368740	-1812.927641	-21603.028071	-30212.003614	-1803.763426	-24584.929596	-8769.125792	5726.919261	-187500.022352	-0.036000	0.966000	-0.150000	192.000000	127.000000	112.000000	15.000000	24.000000	125.500000	40.000000	0.000000	0.000000	0.000000	1745266291.876665	0.000000
14.000000	-31335.379939	-3028.504911	2323.687354	-6565.176733	-3035.433952	9013.810338	-27520.160677	-3483.251152	-1820.907214	-21600.390565	-30219.245579	-1807.987906	-24591.322194	-8786.269580	5721.800711	-187500.022352	-0.036000	0.966000	-0.150000	192.000000	0.000000	0.000000	0.000000	0.000000	0.000000	0.000000	0.000000	0.000000	0.000000	1745266291.936595	0.000000
16.000000	-31330.551962	-3021.553519	2326.302508	-6554.157323	-3027.297917	9025.701466	-27509.811820	-3477.350292	-1828.842083	-21598.870647	-30224.587646	-1803.137577	-24592.149209	-8774.423155	5722.627726	-187500.022352	-0.036000	0.966000	-0.150000	192.000000	0.000000	0.000000	0.000000	0.000000	0.000000	0.000000	0.000000	0.000000	0.000000	1745266291.936638	0.000000
18.000000	-31342.934828	-3026.537958	2318.412342	-6560.482867	-3032.595281	9026.483777	-27509.744765	-3477.417347	-1832.194845	-21593.729746	-30221.793678	-1795.470929	-24593.467962	-8770.221027	5731.076685	-187500.022352	-0.036000	0.966000	-0.150000	192.000000	0.000000	0.000000	0.000000	0.000000	0.000000	0.000000	0.000000	0.000000	0.000000	1745266291.936679	0.000000
20.000000	-31365.487738	-3037.892644	2306.700028	-6573.469230	-3048.822647	9012.804510	-27527.849678	-3489.487289	-1842.968386	-21602.983368	-30242.156117	-1816.548624	-24597.044241	-8786.940132	5710.110749	-187500.022352	-0.036000	0.966000	-0.150000	192.000000	0.000000	0.000000	0.000000	0.000000	0.000000	0.000000	0.000000	0.000000	0.000000	1745266291.936709	0.000000
22.000000	-31347.427529	-3022.157016	2318.613508	-6554.716117	-3039.032583	9026.327315	-27516.070308	-3476.076242	-1847.684604	-21605.151487	-30239.719777	-1811.631240	-24605.269683	-8774.311396	5708.657886	-187500.022352	-0.034000	0.974000	-0.152000	192.000000	127.000000	120.000000	15.000000	56.000000	125.500000	32.000000	0.000000	0.000000	0.000000	1745266291.936748	0.000000
24.000000	-31328.428546	-3000.431120	2339.624147	-6532.207910	-3035.612766	9038.084333	-27516.405584	-3461.212332	-1833.826522	-21592.902731	-30223.335948	-1791.157042	-24584.035526	-8757.771106	5720.280793	-187500.022352	-0.034000	0.974000	-0.152000	192.000000	0.000000	0.000000	0.000000	0.000000	0.000000	0.000000	0.000000	0.000000	0.000000	1745266291.936780	0.000000
26.000000	-31317.342081	-2988.539992	2347.313147	-6520.674410	-3036.216263	9044.543987	-27528.721396	-3470.443603	-1804.791606	-21561.856158	-30201.721811	-1764.133783	-24573.530206	-8738.101570	5732.060162	-187500.022352	-0.034000	0.974000	-0.152000	192.000000	0.000000	0.000000	0.000000	0.000000	0.000000	0.000000	0.000000	0.000000	0.000000	1745266291.936813	0.000000
28.000000	-31336.475174	-3007.449568	2336.003165	-6539.852207	-3039.256101	9024.829748	-27537.706797	-3488.235591	-1814.201690	-21572.115609	-30206.080402	-1768.425318	-24577.955851	-8746.125847	5728.238014	-187500.022352	-0.034000	0.974000	-0.152000	192.000000	0.000000	0.000000	0.000000	0.000000	0.000000	0.000000	0.000000	0.000000	0.000000	1745266291.996852	0.000000
30.000000	-31363.386674	-3038.540845	2309.561051	-6571.234056	-3053.896493	8983.791945	-27546.759253	-3516.912880	-1840.040307	-21601.932836	-30232.634274	-1797.057902	-24599.815857	-8784.369681	5711.161281	-187500.022352	-0.034000	0.974000	-0.152000	192.000000	0.000000	0.000000	0.000000	0.000000	0.000000	0.000000	0.000000	0.000000	0.000000	1745266291.996889	0.000000
32.000000	-31355.161232	-3027.253214	2318.457045	-6561.354585	-3039.211397	9010.792853	-27526.173297	-3495.768129	-1838.810961	-21611.789955	-30243.765443	-1810.245432	-24598.318291	-8788.392995	5701.460624	-187500.022352	-0.030000	0.976000	-0.146000	192.000000	127.500000	8.000000	15.000000	64.000000	125.500000	56.000000	0.000000	0.000000	0.000000	1745266291.996918	0.000000
34.000000	-31357.530517	-3025.688592	2316.735961	-6567.255445	-3035.121028	9006.322504	-27513.477506	-3490.090786	-1829.289118	-21589.527618	-30227.426318	-1792.185222	-24587.745915	-8776.703033	5720.280793	-187500.022352	-0.030000	0.976000	-0.146000	192.000000	0.000000	0.000000	0.000000	0.000000	0.000000	0.000000	0.000000	0.000000	0.000000	1745266291.996951	0.000000
36.000000	-31355.496509	-3020.368877	2313.852586	-6573.715100	-3040.798371	8999.147594	-27523.356977	-3493.711769	-1840.688508	-21615.299179	-30235.540001	-1803.204632	-24608.778907	-8806.095577	5702.868784	-187500.022352	-0.030000	0.976000	-0.146000	192.000000	0.000000	0.000000	0.000000	0.000000	0.000000	0.000000	0.000000	0.000000	0.000000	1745266291.996981	0.000000
38.000000	-31349.170965	-3014.870347	2315.104284	-6572.776326	-3036.752705	8998.857021	-27512.203456	-3484.391091	-1843.370717	-21602.916313	-30225.437012	-1795.426225	-24599.167657	-8799.010074	5713.061179	-187500.022352	-0.030000	0.976000	-0.146000	192.000000	0.000000	0.000000	0.000000	0.000000	0.000000	0.000000	0.000000	0.000000	0.000000	1745266291.997020	0.000000
40.000000	-31346.645218	-3013.305725	2313.249089	-6575.033852	-3048.688537	9002.321542	-27521.278265	-3487.475632	-1828.193882	-21604.883266	-30223.559466	-1796.230888	-24598.474753	-8776.680681	5711.116578	-187500.022352	-0.030000	0.976000	-0.146000	192.000000	0.000000	0.000000	0.000000	0.000000	0.000000	0.000000	0.000000	0.000000	0.000000	1745266291.997061	0.000000
42.000000	-31342.800718	-3007.404865	2312.846758	-6563.701518	-3046.185141	9006.009579	-27514.282169	-3488.123833	-1825.399914	-21594.042670	-30224.386480	-1789.570068	-24601.268721	-8789.152955	5706.892098	-187500.022352	-0.030000	0.977000	-0.146000	192.000000	127.500000	8.000000	15.000000	72.000000	125.500000	56.000000	0.000000	0.000000	0.000000	1745266291.997091	0.000000
44.000000	-31343.068939	-3003.694475	2316.400685	-6557.800657	-3040.977185	9006.568373	-27507.263721	-3479.160783	-1826.182225	-21584.587882	-30222.128954	-1781.948123	-24590.741049	-8780.547533	5714.536394	-187500.022352	-0.030000	0.977000	-0.146000	192.000000	0.000000	0.000000	0.000000	0.000000	0.000000	0.000000	0.000000	0.000000	0.000000	1745266292.056358	0.000000
46.000000	-31352.367264	-3012.009324	2313.964345	-6557.443030	-3049.873179	8999.147594	-27524.966303	-3486.492155	-1828.037420	-21594.377946	-30225.124088	-1776.002559	-24598.385346	-8789.287065	5715.564575	-187500.022352	-0.030000	0.977000	-0.146000	192.000000	0.000000	0.000000	0.000000	0.000000	0.000000	0.000000	0.000000	0.000000	0.000000	1745266292.056394	0.000000
48.000000	-31361.553831	-3019.072475	2318.546452	-6555.587835	-3041.066592	9001.807451	-27516.472640	-3488.056777	-1836.262862	-21598.982406	-30227.761594	-1775.264952	-24603.123916	-8796.953714	5719.319668	-187500.022352	-0.030000	0.977000	-0.146000	192.000000	0.000000	0.000000	0.000000	0.000000	0.000000	0.000000	0.000000	0.000000	0.000000	1745266292.056431	0.000000
50.000000	-31366.202994	-3024.682763	2321.698048	-6554.380841	-3042.832380	8997.314751	-27518.283131	-3498.316228	-1837.738077	-21606.827868	-30230.264989	-1779.936466	-24599.771154	-8785.979007	5722.717133	-187500.022352	-0.030000	0.977000	-0.146000	192.000000	0.000000	0.000000	0.000000	0.000000	0.000000	0.000000	0.000000	0.000000	0.000000	1745266292.056460	0.000000
52.000000	-31361.911459	-3020.525339	2324.737886	-6549.306995	-3039.613728	9002.723873	-27519.311311	-3486.894487	-1837.179284	-21601.597560	-30229.415623	-1777.835402	-24592.283320	-8776.479516	5728.148607	-187500.022352	-0.027000	0.975500	-0.144000	192.000000	127.500000	32.000000	15.000000	56.000000	125.500000	72.000000	0.000000	0.000000	0.000000	1745266292.056490	0.000000
54.000000	-31363.632544	-3024.191025	2317.317106	-6562.472172	-3044.709926	8995.884239	-27521.479430	-3488.906144	-1835.905234	-21603.117478	-30228.678015	-1778.215382	-24589.198779	-8781.933341	5728.886214	-187500.022352	-0.027000	0.975500	-0.144000	192.000000	0.000000	0.000000	0.000000	0.000000	0.000000	0.000000	0.000000	0.000000	0.000000	1745266292.056523	0.000000
56.000000	-31357.865793	-3017.530205	2317.942955	-6559.812314	-3038.697307	9002.299190	-27514.796259	-3485.866307	-1837.715726	-21588.275920	-30226.576951	-1782.126937	-24583.364973	-8780.614588	5723.052409	-187500.022352	-0.027000	0.975500	-0.144000	192.000000	0.000000	0.000000	0.000000	0.000000	0.000000	0.000000	0.000000	0.000000	0.000000	1745266292.056554	0.000000
58.000000	-31359.586878	-3014.691533	2323.821464	-6555.945463	-3039.010231	9007.283629	-27519.400718	-3480.457184	-1824.975231	-21595.272016	-30220.117297	-1779.288266	-24599.480581	-8787.186001	5722.650078	-187500.022352	-0.027000	0.975500	-0.144000	192.000000	0.000000	0.000000	0.000000	0.000000	0.000000	0.000000	0.000000	0.000000	0.000000	1745266292.116004	0.000000
60.000000	-31354.982418	-3011.338772	2325.833121	-6549.910492	-3035.009269	9010.994018	-27511.197628	-3474.891600	-1819.588461	-21603.296292	-30214.059974	-1775.622580	-24581.107447	-8793.332731	5729.601470	-187500.022352	-0.027000	0.975500	-0.144000	192.000000	0.000000	0.000000	0.000000	0.000000	0.000000	0.000000	0.000000	0.000000	0.000000	1745266292.116092	0.000000
62.000000	-31362.850232	-3017.239632	2321.876862	-6555.878407	-3039.725487	8994.632541	-27513.186933	-3483.251152	-1824.796417	-21609.845353	-30221.570161	-1779.221210	-24593.378555	-8771.405670	5727.299241	-187500.022352	-0.029500	0.977750	-0.144000	192.000000	127.500000	0.000000	15.000000	80.000000	125.500000	64.000000	0.000000	0.000000	0.000000	1745266292.116135	0.000000
64.000000	-31362.112625	-3010.690571	2322.502711	-6559.700556	-3043.346470	8994.163155	-27519.914808	-3488.548516	-1831.568996	-21608.593656	-30229.527382	-1795.225059	-24590.383421	-8783.319149	5715.519871	-187500.022352	-0.029500	0.977750	-0.144000	192.000000	0.000000	0.000000	0.000000	0.000000	0.000000	0.000000	0.000000	0.000000	0.000000	1745266292.116167	0.000000
66.000000	-31369.354590	-3016.904356	2317.875900	-6569.557675	-3045.380479	8985.423623	-27518.797221	-3496.863365	-1833.334784	-21594.713222	-30222.307768	-1791.022931	-24581.353316	-8766.890617	5723.454740	-187500.022352	-0.029500	0.977750	-0.144000	192.000000	0.000000	0.000000	0.000000	0.000000	0.000000	0.000000	0.000000	0.000000	0.000000	1745266292.116209	0.000000
68.000000	-31350.020331	-2997.570097	2326.391915	-6556.928939	-3033.712868	9007.976533	-27516.517343	-3478.199658	-1831.166665	-21600.725842	-30229.415623	-1814.626374	-24591.076325	-8778.893504	5714.491691	-187500.022352	-0.029500	0.977750	-0.144000	192.000000	0.000000	0.000000	0.000000	0.000000	0.000000	0.000000	0.000000	0.000000	0.000000	1745266292.116239	0.000000
70.000000	-31358.201070	-3007.158996	2316.914775	-6566.428431	-3037.311499	9002.902687	-27512.985767	-3477.417347	-1818.739095	-21585.951339	-30218.351509	-1820.638993	-24582.537959	-8790.002321	5724.237052	-187500.022352	-0.029500	0.977750	-0.144000	192.000000	0.000000	0.000000	0.000000	0.000000	0.000000	0.000000	0.000000	0.000000	0.000000	1745266292.116274	0.000000
72.000000	-31356.614096	-3003.202737	2321.318069	-6559.253521	-3032.327060	9004.489661	-27503.821552	-3476.076242	-1827.791551	-21582.486818	-30227.046338	-1846.589368	-24580.168674	-8770.042213	5717.106845	-187500.022352	-0.028750	0.976875	-0.146000	192.000000	127.500000	16.000000	15.000000	64.000000	125.500000	48.000000	0.000000	0.000000	0.000000	1745266292.116303	0.000000
74.000000	-31362.358494	-3011.852862	2312.980868	-6563.902684	-3039.993708	9000.131071	-27508.090735	-3471.114155	-1826.450446	-21590.444039	-30227.627483	-1862.101479	-24582.627366	-8764.923664	5719.476130	-187500.022352	-0.028750	0.976875	-0.146000	192.000000	0.000000	0.000000	0.000000	0.000000	0.000000	0.000000	0.000000	0.000000	0.000000	1745266292.176402	0.000000
76.000000	-31356.994075	-3007.270754	2311.997391	-6555.543131	-3037.602071	9006.210745	-27507.174314	-3464.855667	-1822.695353	-21610.761775	-30228.834478	-1871.668025	-24587.723564	-8771.584484	5721.644249	-187500.022352	-0.028750	0.976875	-0.146000	192.000000	0.000000	0.000000	0.000000	0.000000	0.000000	0.000000	0.000000	0.000000	0.000000	1745266292.176443	0.000000
78.000000	-31363.543137	-3012.456359	2306.118882	-6557.465381	-3049.001461	9011.508109	-27523.267570	-3482.155917	-1830.853740	-21605.777336	-30233.841268	-1880.720482	-24596.932482	-8802.742815	5712.949421	-187500.022352	-0.028750	0.976875	-0.146000	192.000000	0.000000	0.000000	0.000000	0.000000	0.000000	0.000000	0.000000	0.000000	0.000000	1745266292.176474	0.000000
80.000000	-31344.700616	-2994.016170	2325.408438	-6532.431428	-3034.785752	9013.787986	-27509.253026	-3472.567019	-1816.638031	-21577.994117	-30214.395251	-1869.522258	-24586.024831	-8764.498981	5720.571365	-187500.022352	-0.028750	0.976875	-0.146000	192.000000	0.000000	0.000000	0.000000	0.000000	0.000000	0.000000	0.000000	0.000000	0.000000	1745266292.176504	0.000000
82.000000	-31340.833764	-2989.389359	2331.733982	-6532.923166	-3031.678859	9006.009579	-27506.257892	-3466.308530	-1811.273612	-21585.549007	-30200.067782	-1863.152011	-24574.290165	-8742.661326	5732.238976	-187500.022352	-0.028375	0.972437	-0.147000	192.000000	127.500000	16.000000	15.000000	32.000000	125.500000	48.000000	0.000000	0.000000	0.000000	1745266292.176547	0.000000
84.000000	-31346.220535	-2997.659504	2325.810769	-6539.360468	-3038.764362	8995.236039	-27521.993520	-3481.865344	-1814.291097	-21598.691833	-30201.811218	-1867.063566	-24581.599186	-8774.043175	5732.350735	-187500.022352	-0.028375	0.972437	-0.147000	192.000000	0.000000	0.000000	0.000000	0.000000	0.000000	0.000000	0.000000	0.000000	0.000000	1745266292.176596	0.000000
86.000000	-31340.364378	-2992.652713	2332.762162	-6528.944555	-3040.753667	9000.756919	-27523.647550	-3478.490231	-1815.296926	-21593.819153	-30202.526474	-1857.631130	-24577.486465	-8768.164667	5730.897871	-187500.022352	-0.028375	0.972437	-0.147000	192.000000	0.000000	0.000000	0.000000	0.000000	0.000000	0.000000	0.000000	0.000000	0.000000	1745266292.176627	0.000000
88.000000	-31340.453785	-2990.574001	2336.763124	-6527.826968	-3044.978147	8993.917286	-27533.325855	-3490.359007	-1810.066618	-21592.902731	-30204.113448	-1857.921703	-24582.560311	-8770.668062	5728.193310	-187500.022352	-0.028375	0.972437	-0.147000	192.000000	0.000000	0.000000	0.000000	0.000000	0.000000	0.000000	0.000000	0.000000	0.000000	1745266292.236682	0.000000
90.000000	-31334.240000	-2985.746024	2340.317051	-6527.290526	-3042.944138	8997.672379	-27529.973093	-3491.498946	-1804.813958	-21588.588844	-30197.519684	-1853.585464	-24565.617688	-8767.091783	5730.361429	-187500.022352	-0.028375	0.972437	-0.147000	192.000000	0.000000	0.000000	0.000000	0.000000	0.000000	0.000000	0.000000	0.000000	0.000000	1745266292.236728	0.000000
92.000000	-31339.179735	-2987.265943	2333.790342	-6535.560672	-3046.252197	8989.782213	-27524.675730	-3486.089824	-1802.914060	-21567.511149	-30192.267024	-1844.868284	-24564.678915	-8765.258940	5736.776380	-187500.022352	-0.029187	0.970219	-0.145500	192.000000	127.500000	8.000000	15.000000	32.000000	125.500000	64.000000	0.000000	0.000000	0.000000	1745266292.236775	0.000000
94.000000	-31339.269142	-2983.935533	2333.611528	-6538.399343	-3044.173484	9007.820071	-27521.792355	-3478.825507	-1805.462158	-21578.262338	-30195.932710	-1854.591293	-24574.491331	-8760.945053	5729.892043	-187500.022352	-0.029187	0.970219	-0.145500	192.000000	0.000000	0.000000	0.000000	0.000000	0.000000	0.000000	0.000000	0.000000	0.000000	1745266292.236808	0.000000
96.000000	-31356.167061	-2998.821795	2317.898252	-6549.329346	-3057.673938	8987.569390	-27526.083890	-3487.565039	-1819.208481	-21600.435269	-30208.650852	-1863.621397	-24579.945157	-8785.710786	5726.539281	-187500.022352	-0.029187	0.970219	-0.145500	192.000000	0.000000	0.000000	0.000000	0.000000	0.000000	0.000000	0.000000	0.000000	0.000000	1745266292.236837	0.000000
98.000000	-31346.891087	-2987.556516	2330.504636	-6518.081608	-3039.613728	8995.280742	-27502.636910	-3461.301739	-1811.005391	-21599.809420	-30204.314614	-1860.738022	-24580.526302	-8765.549513	5735.323517	-187500.022352	-0.029187	0.970219	-0.145500	192.000000	0.000000	0.000000	0.000000	0.000000	0.000000	0.000000	0.000000	0.000000	0.000000	1745266292.236868	0.000000
100.000000	-31359.564526	-2997.413635	2318.278231	-6527.938727	-3049.426144	8988.642274	-27506.995500	-3466.777917	-1810.714818	-21585.191379	-30205.812181	-1856.222970	-24577.352354	-8749.366850	5740.553825	-187500.022352	-0.029187	0.970219	-0.145500	192.000000	0.000000	0.000000	0.000000	0.000000	0.000000	0.000000	0.000000	0.000000	0.000000	1745266292.236897	0.000000
102.000000	-31362.514956	-2997.726559	2314.389028	-6537.773494	-3052.778906	8988.664626	-27508.783640	-3469.102498	-1817.397990	-21592.969786	-30211.355413	-1870.528086	-24590.964567	-8763.984890	5730.763761	-187500.022352	-0.029187	0.970219	-0.145500	192.000000	0.000000	0.000000	0.000000	0.000000	0.000000	0.000000	0.000000	0.000000	0.000000	1745266292.236928	0.000000
104.000000	-31365.621849	-3001.571059	2308.935202	-6551.184541	-3059.864409	8984.551905	-27514.036299	-3475.271580	-1820.460179	-21595.763754	-30211.891855	-1868.292912	-24590.271663	-8773.462030	5725.108770	-187500.022352	-0.032000	0.966000	-0.142000	192.000000	127.500000	0.000000	15.000000	24.000000	125.500000	72.000000	0.000000	0.000000	0.000000	1745266292.296974	0.000000
106.000000	-31367.164119	-2994.910240	2311.863281	-6546.691840	-3053.382403	8993.716120	-27511.108221	-3464.363928	-1831.591348	-21603.408051	-30219.491448	-1876.116023	-24592.372726	-8786.336635	5718.693819	-187500.022352	-0.032000	0.966000	-0.142000	192.000000	0.000000	0.000000	0.000000	0.000000	0.000000	0.000000	0.000000	0.000000	0.000000	1745266292.297033	0.000000
108.000000	-31382.810340	-3010.936440	2301.112092	-6550.603396	-3057.495124	8975.722966	-27518.126669	-3475.785670	-1834.742944	-21597.238969	-30221.816030	-1869.745775	-24605.672014	-8778.915856	5718.917336	-187500.022352	-0.032000	0.966000	-0.142000	192.000000	0.000000	0.000000	0.000000	0.000000	0.000000	0.000000	0.000000	0.000000	0.000000	1745266292.297064	0.000000
110.000000	-31365.353628	-2994.753777	2316.512444	-6531.403247	-3046.609824	8987.278818	-27510.661186	-3466.755565	-1833.111266	-21595.607292	-30221.167829	-1868.382319	-24599.502933	-8770.019861	5718.135025	-187500.022352	-0.032000	0.966000	-0.142000	192.000000	0.000000	0.000000	0.000000	0.000000	0.000000	0.000000	0.000000	0.000000	0.000000	1745266292.297114	0.000000
112.000000	-31375.903651	-3003.538013	2310.075141	-6536.432390	-3052.041298	8984.373091	-27527.424994	-3479.697225	-1813.642897	-21580.788086	-30213.679995	-1852.825505	-24578.179369	-8769.997510	5727.567461	-187500.022352	-0.032000	0.966000	-0.142000	192.000000	0.000000	0.000000	0.000000	0.000000	0.000000	0.000000	0.000000	0.000000	0.000000	1745266292.297143	0.000000
114.000000	-31377.624736	-3000.252306	2309.829272	-6528.475169	-3044.687574	8985.736547	-27511.219980	-3461.704071	-1833.982984	-21587.672423	-30228.230980	-1861.185057	-24598.027718	-8775.496039	5723.365333	-187500.022352	-0.030000	0.964000	-0.144000	192.000000	127.500000	8.000000	15.000000	16.000000	125.500000	64.000000	0.000000	0.000000	0.000000	1745266292.297177	0.000000
116.000000	-31378.943488	-3001.772225	2300.150967	-6544.858997	-3059.931464	8981.020329	-27537.684445	-3487.788557	-1829.982022	-21572.003850	-30224.140611	-1851.037365	-24599.547636	-8758.642824	5725.935784	-187500.022352	-0.030000	0.964000	-0.144000	192.000000	0.000000	0.000000	0.000000	0.000000	0.000000	0.000000	0.000000	0.000000	0.000000	1745266292.297209	0.000000
118.000000	-31371.120378	-2993.949115	2308.376409	-6554.961986	-3054.678804	8966.290530	-27535.538678	-3493.979990	-1834.161798	-21581.525693	-30227.582780	-1853.965444	-24586.337755	-8787.029539	5713.754083	-187500.022352	-0.030000	0.964000	-0.144000	192.000000	0.000000	0.000000	0.000000	0.000000	0.000000	0.000000	0.000000	0.000000	0.000000	1745266292.357391	0.000000
120.000000	-31360.726817	-2985.924838	2311.282135	-6555.476076	-3049.537903	8972.526666	-27532.521192	-3486.805080	-1815.341629	-21583.045612	-30214.305844	-1845.538836	-24581.666241	-8777.865324	5724.460569	-187500.022352	-0.030000	0.964000	-0.144000	192.000000	0.000000	0.000000	0.000000	0.000000	0.000000	0.000000	0.000000	0.000000	0.000000	1745266292.357432	0.000000
122.000000	-31364.928945	-2990.395187	2310.097493	-6555.833704	-3050.677842	8977.734623	-27524.698082	-3486.134527	-1819.767275	-21576.273033	-30217.502143	-1849.964482	-24588.081192	-8784.503792	5719.565537	-187500.022352	-0.030000	0.964000	-0.144000	192.000000	0.000000	0.000000	0.000000	0.000000	0.000000	0.000000	0.000000	0.000000	0.000000	1745266292.357463	0.000000
124.000000	-31377.222404	-2992.183327	2304.666019	-6551.653928	-3065.452345	8964.457686	-27536.991541	-3492.437719	-1813.687600	-21583.358536	-30213.590588	-1846.231740	-24580.325136	-8800.105309	5719.990220	-187500.022352	-0.034000	0.968000	-0.146000	192.000000	127.000000	120.000000	15.000000	32.000000	125.500000	56.000000	0.000000	0.000000	0.000000	1745266292.357493	0.000000
126.000000	-31376.194224	-2996.027827	2296.485281	-6547.407096	-3074.124822	8960.009689	-27541.148965	-3497.556269	-1822.069505	-21575.378963	-30214.775230	-1846.477609	-24595.770192	-8777.083013	5712.725903	-187500.022352	-0.034000	0.968000	-0.146000	192.000000	0.000000	0.000000	0.000000	0.000000	0.000000	0.000000	0.000000	0.000000	0.000000	1745266292.357541	0.000000
128.000000	-31381.379829	-2993.345617	2310.075141	-6521.791997	-3055.282301	8988.642274	-27520.138326	-3467.895504	-1830.920795	-21573.523769	-30218.329158	-1843.102496	-24601.268721	-8782.648597	5718.067970	-187500.022352	-0.034000	0.968000	-0.146000	192.000000	0.000000	0.000000	0.000000	0.000000	0.000000	0.000000	0.000000	0.000000	0.000000	1745266292.357599	0.000000
130.000000	-31401.585806	-3012.165786	2288.952743	-6538.868730	-3065.474697	8974.583027	-27525.703910	-3480.300722	-1831.479589	-21585.996042	-30226.711062	-1844.376545	-24596.887779	-8767.583521	5725.511101	-187500.022352	-0.034000	0.968000	-0.146000	192.000000	0.000000	0.000000	0.000000	0.000000	0.000000	0.000000	0.000000	0.000000	0.000000	1745266292.357629	0.000000
132.000000	-31402.569282	-3008.120121	2289.690350	-6541.327422	-3061.809011	8982.137916	-27526.441518	-3473.863420	-1850.858551	-21591.472219	-30242.781966	-1856.088860	-24613.986863	-8772.858533	5721.979525	-187500.022352	-0.034000	0.968000	-0.146000	192.000000	0.000000	0.000000	0.000000	0.000000	0.000000	0.000000	0.000000	0.000000	0.000000	1745266292.357672	0.000000
134.000000	-31406.883169	-3013.216318	2284.616504	-6550.871617	-3065.050014	8974.247751	-27529.324893	-3483.295856	-1852.691394	-21575.021335	-30242.804318	-1854.591293	-24611.259951	-8769.483420	5724.505272	-187500.022352	-0.034000	0.972000	-0.142000	192.000000	127.000000	120.000000	15.000000	48.000000	125.500000	72.000000	0.000000	0.000000	0.000000	1745266292.416273	0.000000
136.000000	-31401.585806	-3006.734312	2292.238449	-6541.215663	-3058.210380	8985.065995	-27521.457079	-3469.750699	-1843.996566	-21584.990214	-30245.195954	-1859.352214	-24614.925637	-8780.569885	5726.606336	-187500.022352	-0.034000	0.972000	-0.142000	192.000000	0.000000	0.000000	0.000000	0.000000	0.000000	0.000000	0.000000	0.000000	0.000000	1745266292.416338	0.000000
138.000000	-31418.774297	-3020.570042	2287.209307	-6545.417791	-3060.646720	8982.361434	-27520.808878	-3468.029614	-1845.292967	-21575.133094	-30244.368940	-1850.813848	-24602.363956	-8767.650577	5736.239938	-187500.022352	-0.034000	0.972000	-0.142000	192.000000	0.000000	0.000000	0.000000	0.000000	0.000000	0.000000	0.000000	0.000000	0.000000	1745266292.416368	0.000000
140.000000	-31417.276730	-3020.502987	2291.433786	-6545.216625	-3060.624368	8972.012576	-27526.396814	-3471.650597	-1855.507714	-21598.065984	-30257.109434	-1864.761336	-24612.802221	-8788.191830	5726.315764	-187500.022352	-0.034000	0.972000	-0.142000	192.000000	0.000000	0.000000	0.000000	0.000000	0.000000	0.000000	0.000000	0.000000	0.000000	1745266292.416398	0.000000
142.000000	-31419.757774	-3019.675972	2286.717568	-6553.844399	-3061.965473	8957.036907	-27526.955608	-3490.381359	-1853.831333	-21591.673385	-30253.779024	-1862.190886	-24613.070442	-8803.212202	5731.389610	-187500.022352	-0.034000	0.972000	-0.142000	192.000000	0.000000	0.000000	0.000000	0.000000	0.000000	0.000000	0.000000	0.000000	0.000000	1745266292.416428	0.000000
144.000000	-31408.090163	-3011.115254	2297.893440	-6547.049468	-3059.417374	8967.609282	-27525.614503	-3485.307513	-1854.211313	-21591.203998	-30253.354341	-1866.415366	-24618.345454	-8791.812812	5728.416828	-187500.022352	-0.032000	0.968000	-0.142000	192.000000	127.500000	0.000000	15.000000	32.000000	125.500000	72.000000	0.000000	0.000000	0.000000	1745266292.416459	0.000000
146.000000	-31405.452657	-3008.857728	2304.375446	-6549.418753	-3054.634101	8956.031079	-27524.116936	-3488.079129	-1832.261900	-21578.731725	-30232.164887	-1855.172438	-24591.813933	-8763.515504	5741.291433	-187500.022352	-0.032000	0.968000	-0.142000	192.000000	0.000000	0.000000	0.000000	0.000000	0.000000	0.000000	0.000000	0.000000	0.000000	1745266292.416491	0.000000
148.000000	-31393.650936	-2995.580792	2314.321973	-6536.231224	-3045.872217	8968.458649	-27515.623273	-3472.410556	-1831.278423	-21578.754077	-30227.918056	-1851.573807	-24586.784790	-8781.665120	5736.642270	-187500.022352	-0.032000	0.968000	-0.142000	192.000000	0.000000	0.000000	0.000000	0.000000	0.000000	0.000000	0.000000	0.000000	0.000000	1745266292.476410	0.000000
150.000000	-31397.651899	-2997.011304	2301.626182	-6546.289509	-3056.958682	8965.508218	-27524.005177	-3478.356120	-1821.130731	-21591.516923	-30218.686786	-1839.302699	-24595.792543	-8800.954676	5737.648098	-187500.022352	-0.032000	0.968000	-0.142000	192.000000	0.000000	0.000000	0.000000	0.000000	0.000000	0.000000	0.000000	0.000000	0.000000	1745266292.476526	0.000000
152.000000	-31397.786009	-2999.268830	2286.874030	-6547.965890	-3066.368767	8954.779381	-27534.801070	-3494.248211	-1832.843045	-21595.048499	-30232.902495	-1849.450391	-24610.857619	-8787.744795	5722.247746	-187500.022352	-0.032000	0.968000	-0.142000	192.000000	0.000000	0.000000	0.000000	0.000000	0.000000	0.000000	0.000000	0.000000	0.000000	1745266292.476558	0.000000
154.000000	-31388.957070	-2986.371873	2288.975094	-6535.024230	-3062.725432	8968.995091	-27531.269494	-3483.385263	-1837.603967	-21578.307042	-30235.495297	-1840.733211	-24610.812916	-8764.320167	5721.554842	-187500.022352	-0.032000	0.966000	-0.146000	192.000000	127.500000	0.000000	15.000000	24.000000	125.500000	56.000000	0.000000	0.000000	0.000000	1745266292.476601	0.000000
156.000000	-31388.577090	-2986.841260	2287.879859	-6534.979526	-3065.429993	8971.945521	-27533.102337	-3483.139394	-1839.906197	-21575.893054	-30236.746995	-1843.504827	-24611.774041	-8773.059699	5716.190424	-187500.022352	-0.032000	0.966000	-0.146000	192.000000	0.000000	0.000000	0.000000	0.000000	0.000000	0.000000	0.000000	0.000000	0.000000	1745266292.476633	0.000000
158.000000	-31395.126151	-2993.211507	2285.935257	-6545.618957	-3063.865371	8967.832800	-27526.374462	-3481.172440	-1832.932452	-21570.662745	-30226.040509	-1830.585519	-24605.113221	-8783.296798	5722.739485	-187500.022352	-0.032000	0.966000	-0.146000	192.000000	0.000000	0.000000	0.000000	0.000000	0.000000	0.000000	0.000000	0.000000	0.000000	1745266292.476666	0.000000
160.000000	-31400.289404	-2996.519565	2282.426033	-6541.506236	-3068.916865	8968.503352	-27528.788451	-3484.256981	-1835.771124	-21573.255548	-30234.020082	-1838.565092	-24614.724471	-8781.866286	5718.515005	-187500.022352	-0.032000	0.966000	-0.146000	192.000000	0.000000	0.000000	0.000000	0.000000	0.000000	0.000000	0.000000	0.000000	0.000000	1745266292.476696	0.000000
162.000000	-31406.816114	-3000.118196	2288.751577	-6544.099038	-3064.781793	8963.898893	-27520.987692	-3480.501888	-1839.235644	-21577.412972	-30233.729510	-1831.054906	-24612.981035	-8773.417327	5725.108770	-187500.022352	-0.032000	0.966000	-0.146000	192.000000	0.000000	0.000000	0.000000	0.000000	0.000000	0.000000	0.000000	0.000000	0.000000	1745266292.476726	0.000000
164.000000	-31416.606178	-3003.627420	2285.108243	-6543.495541	-3064.044185	8955.561692	-27518.171372	-3476.992664	-1846.991700	-21593.930911	-30243.251353	-1840.889673	-24610.254122	-8789.331769	5721.733656	-187500.022352	-0.029000	0.967000	-0.142000	192.000000	127.500000	24.000000	15.000000	32.000000	125.500000	88.000000	0.000000	0.000000	0.000000	1745266292.536748	0.000000
166.000000	-31425.032786	-3016.300859	2285.041187	-6545.283681	-3063.060708	8962.781306	-27516.539695	-3477.953789	-1854.390127	-21591.852199	-30254.516632	-1852.423173	-24618.680730	-8796.149051	5720.392551	-187500.022352	-0.029000	0.967000	-0.142000	192.000000	0.000000	0.000000	0.000000	0.000000	0.000000	0.000000	0.000000	0.000000	0.000000	1745266292.536790	0.000000
168.000000	-31434.062890	-3021.620574	2280.704949	-6544.099038	-3067.419299	8961.171980	-27519.445422	-3480.010149	-1855.239493	-21587.426554	-30254.494280	-1853.049022	-24615.864410	-8790.225838	5721.934822	-187500.022352	-0.029000	0.967000	-0.142000	192.000000	0.000000	0.000000	0.000000	0.000000	0.000000	0.000000	0.000000	0.000000	0.000000	1745266292.536820	0.000000
170.000000	-31448.233896	-3035.322194	2268.076213	-6558.046527	-3082.059691	8951.918358	-27536.209230	-3489.867269	-1860.156877	-21607.677234	-30261.982115	-1857.966406	-24628.694311	-8795.098519	5709.686066	-187500.022352	-0.029000	0.967000	-0.142000	192.000000	0.000000	0.000000	0.000000	0.000000	0.000000	0.000000	0.000000	0.000000	0.000000	1745266292.536864	0.000000
172.000000	-31444.568210	-3029.756609	2272.434804	-6546.110695	-3072.582552	8953.214759	-27526.262704	-3484.793423	-1869.097575	-21624.262229	-30270.185205	-1865.811868	-24630.929486	-8799.904144	5707.205022	-187500.022352	-0.029000	0.967000	-0.142000	192.000000	0.000000	0.000000	0.000000	0.000000	0.000000	0.000000	0.000000	0.000000	0.000000	1745266292.536911	0.000000
174.000000	-31434.822850	-3017.105522	2281.822536	-6539.047544	-3060.847886	8962.468381	-27518.506648	-3470.980045	-1859.799249	-21601.575208	-30257.891745	-1848.913950	-24618.032529	-8782.961522	5721.845415	-187500.022352	-0.027500	0.968500	-0.141000	192.000000	127.500000	24.000000	15.000000	40.000000	125.500000	80.000000	0.000000	0.000000	0.000000	1745266292.536946	0.000000
176.000000	-31440.321379	-3027.163807	2277.128670	-6548.859960	-3062.658377	8965.329405	-27521.121802	-3474.310455	-1855.686528	-21603.028071	-30254.091949	-1855.150086	-24612.981035	-8789.309417	5725.578156	-187500.022352	-0.027500	0.968500	-0.141000	192.000000	0.000000	0.000000	0.000000	0.000000	0.000000	0.000000	0.000000	0.000000	0.000000	1745266292.536991	0.000000
178.000000	-31451.027864	-3034.070496	2263.069423	-6559.879370	-3075.175354	8948.632651	-27536.991541	-3499.746740	-1862.727328	-21614.092185	-30264.463158	-1867.935284	-24619.619503	-8809.671856	5716.816272	-187500.022352	-0.027500	0.968500	-0.141000	192.000000	0.000000	0.000000	0.000000	0.000000	0.000000	0.000000	0.000000	0.000000	0.000000	1745266292.596948	0.000000
180.000000	-31447.809213	-3028.951946	2261.907132	-6553.598530	-3065.094717	8955.941672	-27530.442480	-3488.861440	-1865.677758	-21609.644188	-30269.514652	-1870.952770	-24634.170489	-8801.222897	5713.441159	-187500.022352	-0.027500	0.968500	-0.141000	192.000000	0.000000	0.000000	0.000000	0.000000	0.000000	0.000000	0.000000	0.000000	0.000000	1745266292.597010	0.000000
182.000000	-31459.074492	-3036.618595	2252.877027	-6565.623768	-3077.276418	8938.484959	-27542.959457	-3505.468786	-1873.657331	-21618.517830	-30274.029705	-1869.298741	-24637.433843	-8808.688379	5710.758950	-187500.022352	-0.027500	0.968500	-0.141000	192.000000	0.000000	0.000000	0.000000	0.000000	0.000000	0.000000	0.000000	0.000000	0.000000	1745266292.597042	0.000000
184.000000	-31447.272771	-3025.018039	2260.722489	-6556.884236	-3073.968360	8949.146742	-27530.844811	-3490.224897	-1878.306494	-21619.367196	-30273.426208	-1866.169496	-24636.897401	-8817.807891	5710.423673	-187500.022352	-0.029750	0.970250	-0.142500	192.000000	127.500000	0.000000	15.000000	48.000000	125.500000	64.000000	0.000000	0.000000	0.000000	1745266292.597073	0.000000
186.000000	-31426.820925	-2998.240649	2282.560144	-6530.755047	-3062.054880	8968.615111	-27515.287997	-3465.235646	-1863.397880	-21593.327414	-30259.322257	-1851.350290	-24630.549506	-8794.763243	5724.214700	-187500.022352	-0.029750	0.970250	-0.142500	192.000000	0.000000	0.000000	0.000000	0.000000	0.000000	0.000000	0.000000	0.000000	0.000000	1745266292.597106	0.000000
188.000000	-31419.713070	-2992.697417	2290.360903	-6520.160320	-3065.787621	8982.719062	-27525.279227	-3459.804172	-1846.321147	-21575.535426	-30240.055053	-1827.120999	-24612.265779	-8769.639882	5736.195235	-187500.022352	-0.029750	0.970250	-0.142500	192.000000	0.000000	0.000000	0.000000	0.000000	0.000000	0.000000	0.000000	0.000000	0.000000	1745266292.597137	0.000000
190.000000	-31416.561474	-2987.914144	2297.334647	-6514.259459	-3065.608807	8988.374053	-27528.475526	-3460.742946	-1836.888711	-21571.780333	-30233.260123	-1821.309545	-24610.678805	-8759.022803	5734.049467	-187500.022352	-0.029750	0.970250	-0.142500	192.000000	0.000000	0.000000	0.000000	0.000000	0.000000	0.000000	0.000000	0.000000	0.000000	1745266292.597167	0.000000
192.000000	-31434.644036	-3003.068626	2286.494051	-6531.716172	-3067.262836	8958.825047	-27530.196611	-3481.463013	-1845.650595	-21571.757981	-30239.272742	-1828.953842	-24608.845962	-8779.072318	5731.546072	-187500.022352	-0.029750	0.970250	-0.142500	192.000000	0.000000	0.000000	0.000000	0.000000	0.000000	0.000000	0.000000	0.000000	0.000000	1745266292.597200	0.000000
194.000000	-31447.138661	-3014.333905	2277.240429	-6543.115561	-3069.520363	8952.633614	-27525.793317	-3482.982931	-1866.504772	-21594.422650	-30253.130824	-1845.181208	-24618.546619	-8794.875001	5720.794883	-187500.022352	-0.027875	0.971125	-0.146250	192.000000	127.500000	24.000000	15.000000	48.000000	125.500000	40.000000	0.000000	0.000000	0.000000	1745266292.657413	0.000000
196.000000	-31451.832527	-3021.262946	2267.942103	-6543.428486	-3073.722491	8952.521855	-27527.201477	-3485.083995	-1864.403709	-21606.112612	-30263.546737	-1848.109287	-24636.360960	-8807.235516	5716.950383	-187500.022352	-0.027875	0.971125	-0.146250	192.000000	0.000000	0.000000	0.000000	0.000000	0.000000	0.000000	0.000000	0.000000	0.000000	1745266292.657457	0.000000
198.000000	-31449.060911	-3018.468978	2269.886705	-6539.181654	-3064.245351	8969.106849	-27511.331738	-3467.761394	-1861.654444	-21606.514943	-30259.881051	-1842.074316	-24632.225887	-8793.556248	5730.272023	-187500.022352	-0.027875	0.971125	-0.146250	192.000000	0.000000	0.000000	0.000000	0.000000	0.000000	0.000000	0.000000	0.000000	0.000000	1745266292.657517	0.000000
200.000000	-31457.085187	-3028.460208	2264.812859	-6541.841512	-3072.783717	8959.987338	-27520.540657	-3474.712786	-1866.035386	-21614.270999	-30267.793568	-1845.985871	-24638.014989	-8802.362836	5726.561633	-187500.022352	-0.027875	0.971125	-0.146250	192.000000	0.000000	0.000000	0.000000	0.000000	0.000000	0.000000	0.000000	0.000000	0.000000	1745266292.657548	0.000000
202.000000	-31449.575001	-3017.373743	2272.770080	-6528.274003	-3065.385290	8971.520838	-27515.153887	-3466.263827	-1859.888656	-21598.825943	-30260.909231	-1839.146237	-24628.247276	-8790.158783	5732.998935	-187500.022352	-0.027875	0.971125	-0.146250	192.000000	0.000000	0.000000	0.000000	0.000000	0.000000	0.000000	0.000000	0.000000	0.000000	1745266292.657580	0.000000
204.000000	-31446.579867	-3010.064722	2278.290961	-6525.368276	-3063.083060	8968.033966	-27514.684500	-3468.856629	-1856.334729	-21589.751135	-30254.941315	-1830.496112	-24624.894515	-8771.808001	5737.290470	-187500.022352	-0.028938	0.971562	-0.146125	192.000000	127.500000	8.000000	15.000000	48.000000	125.500000	56.000000	0.000000	0.000000	0.000000	1745266292.657611	0.000000
206.000000	-31455.654675	-3017.664315	2278.067443	-6531.157378	-3061.071403	8969.084498	-27510.258855	-3473.148164	-1853.674871	-21578.239987	-30254.203707	-1829.222063	-24616.177334	-8781.396899	5741.738467	-187500.022352	-0.028938	0.971562	-0.146125	192.000000	0.000000	0.000000	0.000000	0.000000	0.000000	0.000000	0.000000	0.000000	0.000000	1745266292.657647	0.000000
208.000000	-31460.549707	-3022.492292	2274.289998	-6533.414904	-3061.272569	8963.295396	-27506.727279	-3465.325053	-1858.301682	-21607.476068	-30260.238678	-1834.832351	-24618.926599	-8805.782653	5740.710287	-187500.022352	-0.028938	0.971562	-0.146125	192.000000	0.000000	0.000000	0.000000	0.000000	0.000000	0.000000	0.000000	0.000000	0.000000	1745266292.716574	0.000000
210.000000	-31460.102673	-3020.123007	2273.932370	-6532.364372	-3058.970339	8967.274006	-27507.733108	-3466.509696	-1861.475630	-21605.285597	-30261.132748	-1833.044211	-24625.743881	-8794.249152	5738.162188	-187500.022352	-0.028938	0.971562	-0.146125	192.000000	0.000000	0.000000	0.000000	0.000000	0.000000	0.000000	0.000000	0.000000	0.000000	1745266292.716635	0.000000
212.000000	-31454.335923	-3013.886871	2287.209307	-6526.977602	-3042.608862	8972.057280	-27497.250139	-3459.938283	-1853.585464	-21595.987272	-30253.801376	-1826.137522	-24613.718642	-8777.731213	5749.382764	-187500.022352	-0.028938	0.971562	-0.146125	192.000000	0.000000	0.000000	0.000000	0.000000	0.000000	0.000000	0.000000	0.000000	0.000000	1745266292.716667	0.000000
214.000000	-31464.573021	-3026.023868	2275.429937	-6530.106846	-3055.081136	8962.244864	-27512.091698	-3472.030577	-1852.691394	-21593.349766	-30255.254239	-1830.540816	-24622.681692	-8773.842010	5743.168979	-187500.022352	-0.027469	0.969781	-0.143063	192.000000	127.500000	24.000000	15.000000	32.000000	125.500000	80.000000	0.000000	0.000000	0.000000	1745266292.716710	0.000000
216.000000	-31470.742103	-3031.902377	2267.897399	-6534.130160	-3062.814839	8958.690936	-27519.490125	-3474.489269	-1867.354139	-21601.262283	-30262.742074	-1832.843045	-24625.699177	-8784.369681	5733.870653	-187500.022352	-0.027469	0.969781	-0.143063	192.000000	0.000000	0.000000	0.000000	0.000000	0.000000	0.000000	0.000000	0.000000	0.000000	1745266292.716756	0.000000
218.000000	-31458.023960	-3012.322248	2272.010120	-6521.367314	-3052.533037	8971.990224	-27503.910959	-3458.798344	-1861.229761	-21602.893961	-30259.746940	-1828.171531	-24626.056805	-8786.224876	5734.116523	-187500.022352	-0.027469	0.969781	-0.143063	192.000000	0.000000	0.000000	0.000000	0.000000	0.000000	0.000000	0.000000	0.000000	0.000000	1745266292.716791	0.000000
220.000000	-31463.343676	-3015.205624	2264.544638	-6530.308012	-3059.037394	8966.894027	-27510.616483	-3463.000472	-1870.416328	-21592.410993	-30264.954897	-1823.857644	-24648.833233	-8788.638865	5734.183578	-187500.022352	-0.027469	0.969781	-0.143063	192.000000	0.000000	0.000000	0.000000	0.000000	0.000000	0.000000	0.000000	0.000000	0.000000	1745266292.716830	0.000000
222.000000	-31451.340789	-3001.705170	2278.849754	-6516.874613	-3054.030604	8975.007710	-27503.039241	-3456.831390	-1856.155915	-21587.784182	-30254.628391	-1818.157949	-24625.006273	-8782.894466	5741.112619	-187500.022352	-0.027469	0.969781	-0.143063	192.000000	0.000000	0.000000	0.000000	0.000000	0.000000	0.000000	0.000000	0.000000	0.000000	1745266292.716860	0.000000
224.000000	-31456.168766	-3006.264926	2273.127708	-6526.776436	-3059.305615	8973.800716	-27515.600922	-3464.229818	-1848.176342	-21590.801667	-30250.560373	-1820.303717	-24618.345454	-8782.246266	5740.866749	-187500.022352	-0.027469	0.969781	-0.143063	192.000000	0.000000	0.000000	0.000000	0.000000	0.000000	0.000000	0.000000	0.000000	0.000000	1745266292.777413	0.000000
226.000000	-31460.594411	-3007.203699	2268.053862	-6530.620936	-3068.067499	8969.643291	-27519.356015	-3472.701129	-1863.934322	-21600.994063	-30263.680847	-1839.369755	-24636.517422	-8800.842917	5728.528586	-187500.022352	-0.028000	0.974000	-0.144000	192.000000	127.500000	16.000000	15.000000	56.000000	125.500000	64.000000	0.000000	0.000000	0.000000	1745266292.777455	0.000000
228.000000	-31445.238763	-2990.194021	2280.883763	-6518.193366	-3065.675863	8964.547093	-27525.972131	-3472.321149	-1849.875075	-21595.428478	-30249.621600	-1832.641880	-24615.015044	-8773.484382	5730.204967	-187500.022352	-0.028000	0.974000	-0.144000	192.000000	0.000000	0.000000	0.000000	0.000000	0.000000	0.000000	0.000000	0.000000	0.000000	1745266292.777487	0.000000
230.000000	-31434.264056	-2984.069644	2287.768100	-6512.203099	-3058.120973	8968.235131	-27513.544561	-3462.508734	-1836.888711	-21599.451792	-30243.832498	-1838.632147	-24613.450422	-8768.142315	5733.155398	-187500.022352	-0.028000	0.974000	-0.144000	192.000000	0.000000	0.000000	0.000000	0.000000	0.000000	0.000000	0.000000	0.000000	0.000000	1745266292.777517	0.000000
232.000000	-31442.757719	-2992.004513	2282.113109	-6519.333305	-3058.992691	8969.911512	-27512.046994	-3462.888713	-1831.837217	-21583.827923	-30239.138632	-1843.974214	-24615.730299	-8764.990719	5738.117485	-187500.022352	-0.028000	0.974000	-0.144000	192.000000	0.000000	0.000000	0.000000	0.000000	0.000000	0.000000	0.000000	0.000000	0.000000	1745266292.777547	0.000000
234.000000	-31427.379719	-2977.587638	2300.620353	-6501.250744	-3043.279415	8991.480946	-27499.708831	-3448.404783	-1835.368792	-21590.131115	-30246.917039	-1866.169496	-24615.126802	-8781.799231	5735.278813	-187500.022352	-0.028000	0.974000	-0.144000	192.000000	0.000000	0.000000	0.000000	0.000000	0.000000	0.000000	0.000000	0.000000	0.000000	1745266292.777578	0.000000
236.000000	-31441.886001	-2992.317437	2290.539717	-6513.074817	-3056.936330	8973.957178	-27511.979939	-3457.323129	-1820.795455	-21575.289556	-30230.779079	-1869.656368	-24605.672014	-8769.617530	5747.996956	-187500.022352	-0.026000	0.980000	-0.144000	192.000000	127.500000	24.000000	15.000000	80.000000	125.500000	64.000000	0.000000	0.000000	0.000000	1745266292.777624	0.000000
238.000000	-31437.415652	-2990.238725	2301.715589	-6507.643343	-3049.023813	8974.672434	-27504.737974	-3454.596216	-1835.905234	-21576.474199	-30236.702292	-1893.706845	-24617.674901	-8764.163704	5738.519816	-187500.022352	-0.026000	0.980000	-0.144000	192.000000	0.000000	0.000000	0.000000	0.000000	0.000000	0.000000	0.000000	0.000000	0.000000	1745266292.777673	0.000000
240.000000	-31439.449661	-2992.652713	2300.016856	-6507.553936	-3046.632176	8979.075727	-27508.627177	-3446.862512	-1826.338688	-21572.517940	-30227.783946	-1903.094578	-24598.407697	-8764.051946	5746.633499	-187500.022352	-0.026000	0.980000	-0.144000	192.000000	0.000000	0.000000	0.000000	0.000000	0.000000	0.000000	0.000000	0.000000	0.000000	1745266292.839051	0.000000
242.000000	-31451.541954	-3004.521490	2290.942048	-6511.890174	-3044.508761	8968.816277	-27506.034375	-3452.986890	-1837.201636	-21588.007699	-30238.825707	-1912.549366	-24606.051994	-8769.572827	5746.342927	-187500.022352	-0.026000	0.980000	-0.144000	192.000000	0.000000	0.000000	0.000000	0.000000	0.000000	0.000000	0.000000	0.000000	0.000000	1745266292.839118	0.000000
244.000000	-31460.482652	-3010.377647	2278.872106	-6519.869747	-3052.957720	8961.373146	-27512.784602	-3458.843047	-1839.772086	-21602.670443	-30246.537059	-1922.115913	-24610.142363	-8775.652501	5742.811351	-187500.022352	-0.026000	0.980000	-0.144000	192.000000	0.000000	0.000000	0.000000	0.000000	0.000000	0.000000	0.000000	0.000000	0.000000	1745266292.839149	0.000000
246.000000	-31466.495272	-3011.606993	2271.987769	-6521.076741	-3052.868313	8958.355660	-27512.091698	-3459.178324	-1849.785668	-21604.011548	-30259.456367	-1929.916672	-24618.814840	-8787.186001	5730.473188	-187500.022352	-0.028000	0.976000	-0.142000	192.000000	127.500000	16.000000	15.000000	64.000000	125.500000	72.000000	0.000000	0.000000	0.000000	1745266292.839184	0.000000
248.000000	-31464.707132	-3009.438873	2275.541696	-6519.333305	-3050.074345	8959.763820	-27508.716584	-3458.217199	-1852.154953	-21603.408051	-30257.310600	-1926.049820	-24619.619503	-8784.995530	5733.356563	-187500.022352	-0.028000	0.976000	-0.142000	192.000000	0.000000	0.000000	0.000000	0.000000	0.000000	0.000000	0.000000	0.000000	0.000000	1745266292.839217	0.000000
250.000000	-31471.256193	-3016.390266	2271.026644	-6526.575270	-3054.723508	8957.774515	-27518.260779	-3468.744870	-1848.645729	-21599.004757	-30255.455405	-1925.200453	-24630.817727	-8795.702016	5730.294374	-187500.022352	-0.028000	0.976000	-0.142000	192.000000	0.000000	0.000000	0.000000	0.000000	0.000000	0.000000	0.000000	0.000000	0.000000	1745266292.839246	0.000000
252.000000	-31480.845091	-3029.868368	2266.556295	-6536.857073	-3065.452345	8935.601584	-27525.279227	-3475.048062	-1862.012072	-21599.205923	-30265.781911	-1943.104201	-24624.916866	-8803.547478	5720.124331	-187500.022352	-0.028000	0.976000	-0.142000	192.000000	0.000000	0.000000	0.000000	0.000000	0.000000	0.000000	0.000000	0.000000	0.000000	1745266292.839283	0.000000
254.000000	-31464.684780	-3015.473844	2282.135461	-6509.185613	-3052.555389	8961.484904	-27516.539695	-3459.513600	-1844.555359	-21610.873534	-30259.366960	-1937.829189	-24614.925637	-8794.405615	5729.154435	-187500.022352	-0.028000	0.976000	-0.142000	192.000000	0.000000	0.000000	0.000000	0.000000	0.000000	0.000000	0.000000	0.000000	0.000000	1745266292.897901	0.000000
0.000000	-31475.883004	-3027.566138	2268.076213	-6522.954288	-3063.574799	8948.275023	-27517.858448	-3471.114155	-1850.836200	-21611.320568	-30257.400007	-1937.337451	-24624.201611	-8788.214181	5730.964927	-187500.022352	-0.034000	0.968000	-0.138000	192.000000	127.000000	120.000000	15.000000	32.000000	125.500000	88.000000	0.000000	0.000000	0.000000	1745266292.897941	0.000000
2.000000	-31457.442815	-3005.884946	2284.795318	-6511.197270	-3050.342566	8956.835742	-27507.554294	-3458.910103	-1850.813848	-21599.228275	-30253.801376	-1934.677593	-24623.866334	-8790.181135	5731.702534	-187500.022352	-0.034000	0.968000	-0.138000	192.000000	0.000000	0.000000	0.000000	0.000000	0.000000	0.000000	0.000000	0.000000	0.000000	1745266292.897987	0.000000
4.000000	-31458.046312	-3004.387379	2280.257914	-6514.795901	-3048.576778	8949.504369	-27500.692308	-3461.078222	-1837.671022	-21587.046574	-30243.765443	-1929.223767	-24611.036433	-8790.941094	5740.307956	-187500.022352	-0.034000	0.968000	-0.138000	192.000000	0.000000	0.000000	0.000000	0.000000	0.000000	0.000000	0.000000	0.000000	0.000000	1745266292.898029	0.000000
6.000000	-31465.824719	-3006.779016	2270.870181	-6519.959154	-3059.573836	8950.890178	-27513.298692	-3471.605894	-1843.907159	-21590.175818	-30248.772234	-1931.123666	-24618.256047	-8780.033443	5733.490674	-187500.022352	-0.034000	0.968000	-0.138000	192.000000	0.000000	0.000000	0.000000	0.000000	0.000000	0.000000	0.000000	0.000000	0.000000	1745266292.898058	0.000000
8.000000	-31461.667295	-3000.028789	2272.770080	-6515.466453	-3053.762383	8949.280852	-27506.861390	-3468.454298	-1849.025708	-21577.211806	-30251.476795	-1937.069230	-24628.046111	-8790.695225	5725.064066	-187500.022352	-0.034000	0.968000	-0.138000	192.000000	0.000000	0.000000	0.000000	0.000000	0.000000	0.000000	0.000000	0.000000	0.000000	1745266292.898099	0.000000
10.000000	-31471.949097	-3009.774150	2266.846867	-6523.714247	-3055.461115	8943.983489	-27510.169448	-3475.115117	-1849.271578	-21582.486818	-30250.828594	-1933.291785	-24625.833288	-8792.393958	5732.127217	-187500.022352	-0.030000	0.972000	-0.142000	192.000000	127.500000	8.000000	15.000000	48.000000	125.500000	72.000000	0.000000	0.000000	0.000000	1745266292.898129	0.000000
12.000000	-31486.924766	-3024.436894	2257.593245	-6530.620936	-3054.008252	8950.778419	-27507.710756	-3462.575789	-1867.778822	-21610.493554	-30272.196862	-1951.128477	-24641.099529	-8805.939115	5725.242880	-187500.022352	-0.030000	0.972000	-0.142000	192.000000	0.000000	0.000000	0.000000	0.000000	0.000000	0.000000	0.000000	0.000000	0.000000	1745266292.898168	0.000000
14.000000	-31495.641946	-3034.808103	2252.139420	-6536.655907	-3069.587418	8943.357640	-27522.529962	-3481.217144	-1869.477554	-21606.336129	-30283.305679	-1962.237294	-24642.552393	-8811.929382	5719.610240	-187500.022352	-0.030000	0.972000	-0.142000	192.000000	0.000000	0.000000	0.000000	0.000000	0.000000	0.000000	0.000000	0.000000	0.000000	1745266292.957337	0.000000
16.000000	-31491.864501	-3026.783827	2256.632120	-6526.351753	-3067.955740	8942.664736	-27524.228695	-3475.182173	-1860.648615	-21598.647129	-30276.846025	-1960.985596	-24625.073329	-8805.715597	5720.146682	-187500.022352	-0.030000	0.972000	-0.142000	192.000000	0.000000	0.000000	0.000000	0.000000	0.000000	0.000000	0.000000	0.000000	0.000000	1745266292.957386	0.000000
18.000000	-31484.443722	-3018.021943	2268.098565	-6513.655962	-3056.958682	8955.941672	-27509.051860	-3465.548571	-1863.375528	-21593.282711	-30274.744961	-1951.441401	-24633.231715	-8791.008150	5729.154435	-187500.022352	-0.030000	0.972000	-0.142000	192.000000	0.000000	0.000000	0.000000	0.000000	0.000000	0.000000	0.000000	0.000000	0.000000	1745266292.957418	0.000000
20.000000	-31492.244481	-3029.354278	2267.450365	-6514.639439	-3055.550522	8970.358547	-27501.698137	-3451.981062	-1858.212275	-21593.305062	-30268.195900	-1941.405468	-24621.541753	-8777.954731	5745.024174	-187500.022352	-0.026000	0.972000	-0.142000	192.000000	127.500000	24.000000	15.000000	48.000000	125.500000	72.000000	0.000000	0.000000	0.000000	1745266292.957448	0.000000
22.000000	-31503.174484	-3036.864464	2252.854675	-6526.016477	-3070.570895	8952.477151	-27511.823477	-3458.597178	-1871.310398	-21616.997912	-30284.087990	-1955.196494	-24632.672922	-8796.283161	5730.070857	-187500.022352	-0.026000	0.972000	-0.142000	192.000000	0.000000	0.000000	0.000000	0.000000	0.000000	0.000000	0.000000	0.000000	0.000000	1745266292.957480	0.000000
24.000000	-31487.684725	-3021.575871	2262.197705	-6513.208927	-3056.578703	8972.347852	-27499.507666	-3449.052983	-1858.771069	-21602.156353	-30274.521443	-1937.382154	-24632.963494	-8789.130603	5734.295337	-187500.022352	-0.026000	0.972000	-0.142000	192.000000	0.000000	0.000000	0.000000	0.000000	0.000000	0.000000	0.000000	0.000000	0.000000	1745266292.957528	0.000000
26.000000	-31495.843112	-3026.269737	2261.214228	-6519.802692	-3056.936330	8967.855152	-27495.149075	-3452.271635	-1862.704976	-21591.807496	-30278.544757	-1940.779619	-24636.807994	-8807.794310	5734.764723	-187500.022352	-0.026000	0.972000	-0.142000	192.000000	0.000000	0.000000	0.000000	0.000000	0.000000	0.000000	0.000000	0.000000	0.000000	1745266292.957573	0.000000
28.000000	-31506.348432	-3032.796446	2258.666129	-6528.721038	-3062.323101	8950.644308	-27506.369651	-3463.536914	-1859.329863	-21589.102934	-30273.537966	-1941.539579	-24624.022797	-8793.802118	5738.832741	-187500.022352	-0.026000	0.972000	-0.142000	192.000000	0.000000	0.000000	0.000000	0.000000	0.000000	0.000000	0.000000	0.000000	0.000000	1745266293.017206	0.000000
30.000000	-31514.439763	-3041.759496	2251.558274	-6536.477093	-3067.531057	8939.468436	-27519.512477	-3480.412481	-1867.421194	-21623.792842	-30286.412571	-1959.376271	-24632.628218	-8809.358932	5727.522758	-187500.022352	-0.026000	0.972000	-0.144000	192.000000	127.500000	24.000000	15.000000	48.000000	125.500000	64.000000	0.000000	0.000000	0.000000	1745266293.017290	0.000000
32.000000	-31518.083098	-3046.989804	2246.439725	-6536.432390	-3067.888685	8938.887291	-27517.456116	-3477.216181	-1876.250133	-21619.881287	-30290.927624	-1963.310178	-24637.657361	-8794.517373	5722.650078	-187500.022352	-0.026000	0.972000	-0.144000	192.000000	0.000000	0.000000	0.000000	0.000000	0.000000	0.000000	0.000000	0.000000	0.000000	1745266293.017324	0.000000
34.000000	-31502.213359	-3027.946118	2261.750670	-6514.572384	-3054.589397	8947.783285	-27509.029509	-3463.089879	-1874.841973	-21616.193249	-30289.295946	-1961.544390	-24639.266686	-8815.617420	5720.370200	-187500.022352	-0.026000	0.972000	-0.144000	192.000000	0.000000	0.000000	0.000000	0.000000	0.000000	0.000000	0.000000	0.000000	0.000000	1745266293.017358	0.000000
36.000000	-31505.409659	-3026.828531	2259.873123	-6515.444102	-3051.348394	8958.534474	-27507.263721	-3465.772088	-1866.370662	-21598.244798	-30269.537004	-1937.695079	-24631.108300	-8791.343426	5741.537302	-187500.022352	-0.026000	0.972000	-0.144000	192.000000	0.000000	0.000000	0.000000	0.000000	0.000000	0.000000	0.000000	0.000000	0.000000	1745266293.017387	0.000000
38.000000	-31513.344528	-3035.724525	2246.059745	-6525.256518	-3064.066537	8942.508273	-27526.597980	-3486.290990	-1869.835182	-21606.492592	-30280.936394	-1952.402526	-24639.132576	-8788.370644	5727.187482	-187500.022352	-0.026000	0.972000	-0.144000	192.000000	0.000000	0.000000	0.000000	0.000000	0.000000	0.000000	0.000000	0.000000	0.000000	1745266293.017417	0.000000
40.000000	-31504.292071	-3029.935423	2250.284225	-6522.261384	-3054.499990	8936.763875	-27522.038224	-3495.119929	-1870.103403	-21607.677234	-30286.904310	-1955.151791	-24639.400797	-8793.019807	5724.214700	-187500.022352	-0.026000	0.970000	-0.142000	192.000000	127.500000	24.000000	15.000000	32.000000	125.500000	80.000000	0.000000	0.000000	0.000000	1745266293.017448	0.000000
42.000000	-31509.365917	-3030.829493	2247.691422	-6526.530567	-3056.399889	8944.072896	-27521.971169	-3483.720539	-1874.953732	-21603.519810	-30285.920833	-1954.592997	-24640.876012	-8807.034350	5732.887177	-187500.022352	-0.026000	0.970000	-0.142000	192.000000	0.000000	0.000000	0.000000	0.000000	0.000000	0.000000	0.000000	0.000000	0.000000	1745266293.017481	0.000000
44.000000	-31511.802258	-3029.980127	2245.478600	-6523.960116	-3058.657415	8938.373201	-27522.038224	-3482.357083	-1879.245267	-21592.545103	-30291.553472	-1962.013777	-24645.927506	-8799.457109	5733.289508	-187500.022352	-0.026000	0.970000	-0.142000	192.000000	0.000000	0.000000	0.000000	0.000000	0.000000	0.000000	0.000000	0.000000	0.000000	1745266293.077435	0.000000
46.000000	-31499.553502	-3020.927670	2251.468867	-6520.495596	-3055.461115	8950.554901	-27516.562047	-3473.930475	-1861.497982	-21591.874551	-30276.041362	-1946.009928	-24628.381387	-8784.660254	5740.196197	-187500.022352	-0.026000	0.970000	-0.142000	192.000000	0.000000	0.000000	0.000000	0.000000	0.000000	0.000000	0.000000	0.000000	0.000000	1745266293.077489	0.000000
48.000000	-31505.499066	-3025.822702	2246.238559	-6525.234166	-3057.763345	8944.274061	-27521.524134	-3480.792461	-1877.233610	-21615.768566	-30284.535025	-1954.816515	-24639.087872	-8804.776824	5730.450836	-187500.022352	-0.026000	0.970000	-0.142000	192.000000	0.000000	0.000000	0.000000	0.000000	0.000000	0.000000	0.000000	0.000000	0.000000	1745266293.077532	0.000000
50.000000	-31510.528208	-3029.868368	2246.730297	-6527.178768	-3058.188028	8946.129256	-27521.233561	-3478.981969	-1876.428947	-21609.621836	-30275.951955	-1959.711547	-24646.821576	-8806.788481	5730.316726	-187500.022352	-0.029000	0.970000	-0.139000	192.000000	127.500000	0.000000	15.000000	40.000000	125.500000	96.000000	0.000000	0.000000	0.000000	1745266293.077563	0.000000
52.000000	-31521.949949	-3037.579720	2242.215245	-6536.477093	-3069.140383	8940.518968	-27533.415262	-3486.201583	-1874.752566	-21619.255438	-30277.002487	-1968.629893	-24637.411492	-8823.731103	5722.560671	-187500.022352	-0.029000	0.970000	-0.139000	192.000000	0.000000	0.000000	0.000000	0.000000	0.000000	0.000000	0.000000	0.000000	0.000000	1745266293.077614	0.000000
54.000000	-31526.777926	-3045.715755	2241.321175	-6535.828893	-3071.330854	8930.952422	-27534.175221	-3487.743853	-1886.978970	-21620.149508	-30285.317336	-1979.001102	-24653.527099	-8814.656295	5715.631630	-187500.022352	-0.029000	0.970000	-0.139000	192.000000	0.000000	0.000000	0.000000	0.000000	0.000000	0.000000	0.000000	0.000000	0.000000	1745266293.077644	0.000000
56.000000	-31515.378537	-3033.958737	2252.653510	-6517.433407	-3060.110278	8946.956271	-27521.658244	-3474.601027	-1877.457127	-21625.871554	-30279.461179	-1970.194515	-24635.869221	-8803.793347	5723.946479	-187500.022352	-0.029000	0.970000	-0.139000	192.000000	0.000000	0.000000	0.000000	0.000000	0.000000	0.000000	0.000000	0.000000	0.000000	1745266293.077677	0.000000
58.000000	-31509.254159	-3032.885853	2255.916864	-6514.259459	-3049.828476	8956.209893	-27508.962453	-3468.968388	-1870.304569	-21616.416766	-30271.414551	-1964.830096	-24628.381387	-8794.092690	5739.659755	-187500.022352	-0.029000	0.970000	-0.139000	192.000000	0.000000	0.000000	0.000000	0.000000	0.000000	0.000000	0.000000	0.000000	0.000000	1745266293.137686	0.000000
60.000000	-31508.158923	-3029.577795	2254.285187	-6514.013590	-3048.487371	8951.068992	-27506.503762	-3457.077260	-1864.157839	-21610.359443	-30269.201728	-1964.159544	-24635.578649	-8789.443527	5744.353622	-187500.022352	-0.032500	0.972000	-0.139500	192.000000	127.000000	112.000000	15.000000	56.000000	125.500000	80.000000	0.000000	0.000000	0.000000	1745266293.137748	0.000000
62.000000	-31511.131705	-3031.790618	2245.210379	-6525.368276	-3061.965473	8939.490788	-27523.602846	-3473.125812	-1874.663159	-21616.640284	-30273.090932	-1969.814535	-24642.530041	-8807.660199	5737.245767	-187500.022352	-0.032500	0.972000	-0.139500	192.000000	0.000000	0.000000	0.000000	0.000000	0.000000	0.000000	0.000000	0.000000	0.000000	1745266293.137781	0.000000
64.000000	-31513.299824	-3030.583624	2240.985899	-6531.157378	-3061.965473	8932.852320	-27526.419166	-3481.127737	-1873.210296	-21611.097051	-30272.733304	-1972.474393	-24643.625277	-8809.023656	5732.931880	-187500.022352	-0.032500	0.972000	-0.139500	192.000000	0.000000	0.000000	0.000000	0.000000	0.000000	0.000000	0.000000	0.000000	0.000000	1745266293.137810	0.000000
66.000000	-31501.274586	-3018.536033	2251.960606	-6518.282773	-3043.167656	8955.516989	-27508.113087	-3469.035443	-1870.729252	-21613.801612	-30271.056923	-1971.535620	-24633.701102	-8808.576621	5734.340040	-187500.022352	-0.032500	0.972000	-0.139500	192.000000	0.000000	0.000000	0.000000	0.000000	0.000000	0.000000	0.000000	0.000000	0.000000	1745266293.137840	0.000000
68.000000	-31513.523342	-3028.102580	2246.618539	-6522.149625	-3051.258987	8937.054448	-27514.840962	-3466.397937	-1872.696206	-21602.938664	-30268.531176	-1967.020567	-24637.366788	-8803.547478	5741.425543	-187500.022352	-0.032500	0.972000	-0.139500	192.000000	0.000000	0.000000	0.000000	0.000000	0.000000	0.000000	0.000000	0.000000	0.000000	1745266293.137884	0.000000
70.000000	-31515.244426	-3031.745914	2247.959643	-6527.692858	-3051.057822	8938.507311	-27514.773907	-3477.864382	-1866.348310	-21613.131060	-30267.435940	-1969.076928	-24643.737035	-8798.205411	5742.610185	-187500.022352	-0.034250	0.973000	-0.139750	192.000000	127.000000	112.000000	15.000000	56.000000	125.500000	80.000000	0.000000	0.000000	0.000000	1745266293.137925	0.000000
72.000000	-31526.107374	-3037.490313	2242.796390	-6535.851244	-3055.192894	8939.960175	-27517.009081	-3482.200620	-1877.524183	-21633.158223	-30281.361077	-1985.684274	-24641.479509	-8819.506624	5737.938671	-187500.022352	-0.034250	0.973000	-0.139750	192.000000	0.000000	0.000000	0.000000	0.000000	0.000000	0.000000	0.000000	0.000000	0.000000	1745266293.137958	0.000000
74.000000	-31527.202609	-3038.719659	2239.041297	-6537.974660	-3063.284226	8933.589927	-27519.333663	-3485.195754	-1884.676741	-21628.598467	-30283.685658	-1988.992332	-24651.180166	-8812.152900	5733.714191	-187500.022352	-0.034250	0.973000	-0.139750	192.000000	0.000000	0.000000	0.000000	0.000000	0.000000	0.000000	0.000000	0.000000	0.000000	1745266293.198092	0.000000
76.000000	-31531.158868	-3043.301766	2235.777943	-6538.689916	-3071.889647	8928.851358	-27525.636855	-3486.268638	-1883.536802	-21631.079511	-30282.322202	-1997.843623	-24642.194765	-8820.892432	5722.940650	-187500.022352	-0.034250	0.973000	-0.139750	192.000000	0.000000	0.000000	0.000000	0.000000	0.000000	0.000000	0.000000	0.000000	0.000000	1745266293.198134	0.000000
78.000000	-31540.501897	-3053.628272	2231.575815	-6539.271061	-3070.056804	8929.834834	-27522.060576	-3480.032501	-1889.012979	-21644.378799	-30292.760467	-2005.264402	-24658.288021	-8826.569775	5713.932897	-187500.022352	-0.034250	0.973000	-0.139750	192.000000	0.000000	0.000000	0.000000	0.000000	0.000000	0.000000	0.000000	0.000000	0.000000	1745266293.198164	0.000000
80.000000	-31545.285171	-3058.277435	2230.234710	-6545.104867	-3070.146211	8933.366410	-27521.993520	-3478.937266	-1887.269543	-21653.207738	-30291.218196	-2008.952440	-24656.186957	-8842.081886	5722.672429	-187500.022352	-0.034125	0.971500	-0.140875	192.000000	127.000000	120.000000	15.000000	40.000000	125.500000	72.000000	0.000000	0.000000	0.000000	1745266293.198208	0.000000
82.000000	-31540.971284	-3050.163752	2227.507797	-6543.830817	-3066.569932	8934.774570	-27521.255913	-3482.804118	-1885.034369	-21647.440988	-30296.090877	-2017.423751	-24653.057713	-8845.211130	5720.280793	-187500.022352	-0.034125	0.971500	-0.140875	192.000000	0.000000	0.000000	0.000000	0.000000	0.000000	0.000000	0.000000	0.000000	0.000000	1745266293.198242	0.000000
84.000000	-31539.965456	-3044.173484	2232.648698	-6528.944555	-3069.475659	8930.661849	-27522.284093	-3478.870211	-1890.823470	-21619.277790	-30293.073391	-2008.594812	-24664.233585	-8816.243269	5725.756970	-187500.022352	-0.034125	0.971500	-0.140875	192.000000	0.000000	0.000000	0.000000	0.000000	0.000000	0.000000	0.000000	0.000000	0.000000	1745266293.198277	0.000000
86.000000	-31544.100528	-3051.214284	2228.021887	-6536.521797	-3070.213267	8926.906756	-27515.377404	-3477.126774	-1891.806947	-21632.890002	-30290.033554	-2002.537489	-24642.932372	-8817.047932	5728.729752	-187500.022352	-0.034125	0.971500	-0.140875	192.000000	0.000000	0.000000	0.000000	0.000000	0.000000	0.000000	0.000000	0.000000	0.000000	1745266293.198309	0.000000
88.000000	-31543.139403	-3046.475714	2232.335774	-6536.655907	-3062.524267	8932.695858	-27512.516381	-3479.429004	-1883.357988	-21655.018229	-30292.693411	-2012.193443	-24650.084931	-8818.254926	5723.231223	-187500.022352	-0.034125	0.971500	-0.140875	192.000000	0.000000	0.000000	0.000000	0.000000	0.000000	0.000000	0.000000	0.000000	0.000000	1745266293.259778	0.000000
90.000000	-31552.102453	-3051.706022	2230.681745	-6537.304108	-3062.747784	8933.567576	-27516.450288	-3474.086937	-1892.611610	-21640.802519	-30291.575824	-2002.984524	-24650.822538	-8830.950717	5730.719057	-187500.022352	-0.032063	0.974750	-0.138438	192.000000	127.500000	8.000000	15.000000	72.000000	125.500000	96.000000	0.000000	0.000000	0.000000	1745266293.259835	0.000000
92.000000	-31547.520345	-3050.923711	2232.961623	-6535.158340	-3075.801203	8939.691954	-27540.992503	-3482.222972	-1899.294782	-21650.838453	-30300.695336	-2015.859129	-24670.626184	-8843.914729	5718.358543	-187500.022352	-0.032063	0.974750	-0.138438	192.000000	0.000000	0.000000	0.000000	0.000000	0.000000	0.000000	0.000000	0.000000	0.000000	1745266293.259882	0.000000
94.000000	-31523.671034	-3028.057877	2254.709870	-6516.002895	-3058.500953	8955.114657	-27512.024642	-3464.006300	-1868.963464	-21623.546973	-30278.544757	-1992.255687	-24638.305561	-8805.514432	5728.394476	-187500.022352	-0.032063	0.974750	-0.138438	192.000000	0.000000	0.000000	0.000000	0.000000	0.000000	0.000000	0.000000	0.000000	0.000000	1745266293.259911	0.000000
96.000000	-31508.605958	-3009.595336	2264.902266	-6503.485918	-3048.554426	8979.411004	-27508.291901	-3448.449486	-1851.819676	-21605.106784	-30261.848004	-1975.625989	-24621.161773	-8787.297760	5747.415811	-187500.022352	-0.032063	0.974750	-0.138438	192.000000	0.000000	0.000000	0.000000	0.000000	0.000000	0.000000	0.000000	0.000000	0.000000	1745266293.259952	0.000000
98.000000	-31534.310464	-3033.265833	2242.125838	-6528.922204	-3069.319197	8949.459666	-27535.181050	-3475.897429	-1858.614607	-21605.129135	-30267.078312	-1976.251838	-24629.878954	-8789.130603	5740.173845	-187500.022352	-0.032063	0.974750	-0.138438	192.000000	0.000000	0.000000	0.000000	0.000000	0.000000	0.000000	0.000000	0.000000	0.000000	1745266293.259983	0.000000
100.000000	-31554.091758	-3053.382403	2228.200701	-6542.981451	-3076.292941	8926.504424	-27538.354997	-3493.890583	-1889.862345	-21633.560554	-30292.782818	-2004.146815	-24660.567899	-8817.114987	5715.989258	-187500.022352	-0.032063	0.974750	-0.138438	192.000000	0.000000	0.000000	0.000000	0.000000	0.000000	0.000000	0.000000	0.000000	0.000000	1745266293.260014	0.000000
102.000000	-31560.864337	-3063.910075	2227.127818	-6544.143742	-3072.761366	8925.789169	-27534.644608	-3496.282219	-1895.115005	-21639.372008	-30296.962595	-2005.130292	-24661.327858	-8833.923499	5719.118502	-187500.022352	-0.032000	0.976000	-0.142000	192.000000	127.500000	0.000000	15.000000	64.000000	125.500000	72.000000	0.000000	0.000000	0.000000	1745266293.260046	0.000000
104.000000	-31564.597078	-3068.738052	2232.894568	-6542.400306	-3060.400851	8936.026268	-27522.954646	-3482.044158	-1894.533860	-21655.554671	-30299.555397	-2013.333382	-24654.532928	-8825.496891	5723.387685	-187500.022352	-0.032000	0.976000	-0.142000	192.000000	0.000000	0.000000	0.000000	0.000000	0.000000	0.000000	0.000000	0.000000	0.000000	1745266293.317566	0.000000
106.000000	-31575.191805	-3083.043168	2237.722544	-6537.527625	-3056.981034	8931.555919	-27520.518305	-3478.400824	-1894.980895	-21641.718941	-30293.989813	-2005.197347	-24647.603887	-8853.145999	5739.793866	-187500.022352	-0.032000	0.976000	-0.142000	192.000000	0.000000	0.000000	0.000000	0.000000	0.000000	0.000000	0.000000	0.000000	0.000000	1745266293.317605	0.000000
108.000000	-31605.321956	-3106.266630	2216.644849	-6553.062088	-3072.336682	8916.759064	-27533.459965	-3492.661237	-1895.204412	-21684.947215	-30300.337708	-2013.221623	-24651.001352	-8836.359839	5735.748200	-187500.022352	-0.032000	0.976000	-0.142000	192.000000	0.000000	0.000000	0.000000	0.000000	0.000000	0.000000	0.000000	0.000000	0.000000	1745266293.317637	0.000000
110.000000	-31609.457029	-3109.999372	2214.253213	-6553.620881	-3076.337645	8916.893174	-27534.398739	-3493.398844	-1927.681497	-21693.910264	-30321.638921	-2025.693896	-24672.459027	-8841.813665	5721.487787	-187500.022352	-0.032000	0.976000	-0.142000	192.000000	0.000000	0.000000	0.000000	0.000000	0.000000	0.000000	0.000000	0.000000	0.000000	1745266293.317668	0.000000
112.000000	-31627.427832	-3135.770933	2199.165785	-6571.010538	-3083.825479	8908.243049	-27536.186878	-3496.975124	-1930.319003	-21713.713910	-30325.706938	-2029.694859	-24685.691260	-8853.168351	5713.016476	-187500.022352	-0.034000	0.972000	-0.138000	192.000000	127.000000	120.000000	15.000000	48.000000	125.500000	88.000000	0.000000	0.000000	0.000000	1745266293.317710	0.000000
114.000000	-31631.697015	-3134.161608	2204.597259	-6570.943483	-3080.182145	8917.988410	-27528.341416	-3485.463975	-1938.455038	-21722.699311	-30332.457165	-2038.277929	-24673.800132	-8890.853392	5704.925144	-187500.022352	-0.034000	0.972000	-0.138000	192.000000	0.000000	0.000000	0.000000	0.000000	0.000000	0.000000	0.000000	0.000000	0.000000	1745266293.317754	0.000000
116.000000	-31615.268483	-3117.531910	2215.281393	-6556.347794	-3070.749709	8923.911622	-27525.145116	-3482.915876	-1926.563910	-21701.263988	-30319.783726	-2024.084571	-24669.866225	-8853.123647	5712.815310	-187500.022352	-0.034000	0.972000	-0.138000	192.000000	0.000000	0.000000	0.000000	0.000000	0.000000	0.000000	0.000000	0.000000	0.000000	1745266293.317790	0.000000
118.000000	-31620.275273	-3130.674735	2210.073437	-6562.941559	-3083.065520	8918.100168	-27544.077044	-3489.084958	-1917.712619	-21703.208590	-30317.414441	-2020.016553	-24670.112094	-8852.274281	5712.032999	-187500.022352	-0.034000	0.972000	-0.138000	192.000000	0.000000	0.000000	0.000000	0.000000	0.000000	0.000000	0.000000	0.000000	0.000000	1745266293.377406	0.000000
120.000000	-31617.369547	-3112.681581	2218.947079	-6558.873541	-3084.540735	8916.982581	-27540.187840	-3494.002342	-1914.516320	-21709.712948	-30316.162743	-2025.448027	-24666.401704	-8858.264549	5703.360522	-187500.022352	-0.034000	0.972000	-0.138000	192.000000	0.000000	0.000000	0.000000	0.000000	0.000000	0.000000	0.000000	0.000000	0.000000	1745266293.377458	0.000000
122.000000	-31583.886633	-3084.808956	2233.051030	-6539.539282	-3066.502877	8942.128294	-27519.490125	-3469.035443	-1896.679627	-21698.872352	-30303.846932	-2005.823196	-24656.723399	-8861.080868	5718.716171	-187500.022352	-0.026000	0.968000	-0.144000	192.000000	127.500000	24.000000	15.000000	32.000000	125.500000	64.000000	0.000000	0.000000	0.000000	1745266293.377490	0.000000
124.000000	-31592.179131	-3086.887668	2217.985954	-6548.345870	-3079.176316	8922.257593	-27539.316122	-3485.083995	-1891.337561	-21689.149343	-30304.115153	-1997.150719	-24650.464910	-8834.258775	5723.387685	-187500.022352	-0.026000	0.968000	-0.144000	192.000000	0.000000	0.000000	0.000000	0.000000	0.000000	0.000000	0.000000	0.000000	0.000000	1745266293.377537	0.000000
126.000000	-31578.589270	-3064.088889	2224.423256	-6538.846378	-3066.078194	8929.790131	-27528.274361	-3481.708882	-1900.904107	-21677.437029	-30313.614644	-2008.170129	-24663.630088	-8834.012906	5714.625801	-187500.022352	-0.026000	0.968000	-0.144000	192.000000	0.000000	0.000000	0.000000	0.000000	0.000000	0.000000	0.000000	0.000000	0.000000	1745266293.377568	0.000000
128.000000	-31584.870110	-3069.743880	2217.136588	-6530.643288	-3071.107336	8934.349887	-27535.181050	-3487.632094	-1901.395846	-21659.868557	-30305.366851	-1991.853355	-24673.733076	-8826.592127	5730.249671	-187500.022352	-0.026000	0.968000	-0.144000	192.000000	0.000000	0.000000	0.000000	0.000000	0.000000	0.000000	0.000000	0.000000	0.000000	1745266293.377599	0.000000
130.000000	-31574.051866	-3055.975205	2224.155036	-6524.809483	-3073.767194	8945.324593	-27536.276285	-3480.323074	-1902.111101	-21660.606165	-30311.223008	-1994.870841	-24660.657306	-8816.243269	5717.442121	-187500.022352	-0.026000	0.968000	-0.144000	192.000000	0.000000	0.000000	0.000000	0.000000	0.000000	0.000000	0.000000	0.000000	0.000000	1745266293.377629	0.000000
132.000000	-31569.514462	-3050.297862	2223.842111	-6531.917337	-3074.638912	8949.482018	-27533.214096	-3475.696263	-1896.836090	-21638.254421	-30301.120019	-1990.579306	-24648.565012	-8815.684475	5720.303144	-187500.022352	-0.026000	0.974000	-0.142000	192.000000	127.500000	24.000000	15.000000	56.000000	125.500000	72.000000	0.000000	0.000000	0.000000	1745266293.377658	0.000000
134.000000	-31551.141328	-3036.260967	2240.851789	-6521.322611	-3062.501915	8949.169093	-27518.685462	-3458.485420	-1878.485308	-21635.840432	-30283.238624	-1992.658018	-24643.088835	-8777.641806	5733.244805	-187500.022352	-0.026000	0.974000	-0.142000	192.000000	0.000000	0.000000	0.000000	0.000000	0.000000	0.000000	0.000000	0.000000	0.000000	1745266293.437582	0.000000
136.000000	-31552.884764	-3036.238615	2235.509722	-6531.112675	-3067.933389	8942.172997	-27525.748614	-3477.015016	-1883.313284	-21657.141645	-30286.524330	-2000.570536	-24652.498919	-8810.498871	5728.774456	-187500.022352	-0.026000	0.974000	-0.142000	192.000000	0.000000	0.000000	0.000000	0.000000	0.000000	0.000000	0.000000	0.000000	0.000000	1745266293.437648	0.000000
138.000000	-31544.346397	-3027.566138	2241.164713	-6526.709381	-3064.379461	8951.672489	-27524.474564	-3468.342539	-1875.691339	-21646.949249	-30276.823673	-2005.130292	-24651.873070	-8817.964353	5731.300203	-187500.022352	-0.026000	0.974000	-0.142000	192.000000	0.000000	0.000000	0.000000	0.000000	0.000000	0.000000	0.000000	0.000000	0.000000	1745266293.437679	0.000000
140.000000	-31533.349339	-3015.451493	2254.374594	-6512.180747	-3052.555389	8956.791038	-27520.361843	-3463.760431	-1858.413441	-21631.772415	-30268.799397	-2012.215795	-24644.988733	-8799.814737	5734.094171	-187500.022352	-0.026000	0.974000	-0.142000	192.000000	0.000000	0.000000	0.000000	0.000000	0.000000	0.000000	0.000000	0.000000	0.000000	1745266293.437721	0.000000
142.000000	-31541.172450	-3022.536996	2259.269626	-6523.021343	-3048.599130	8950.309032	-27517.366709	-3461.368795	-1859.061642	-21633.717016	-30263.390274	-2034.299318	-24630.974189	-8807.615496	5737.893967	-187500.022352	-0.032000	0.974000	-0.140000	192.000000	127.500000	0.000000	15.000000	56.000000	125.500000	80.000000	0.000000	0.000000	0.000000	1745266293.437750	0.000000
144.000000	-31539.876049	-3027.454379	2258.733184	-6520.719113	-3044.508761	8943.692916	-27516.629102	-3460.362966	-1850.635034	-21628.419653	-30262.786777	-2052.068955	-24629.521326	-8809.291876	5741.447895	-187500.022352	-0.032000	0.974000	-0.140000	192.000000	0.000000	0.000000	0.000000	0.000000	0.000000	0.000000	0.000000	0.000000	0.000000	1745266293.437784	0.000000
146.000000	-31542.468851	-3032.304708	2248.898417	-6524.027172	-3047.839170	8936.965041	-27518.461945	-3468.700167	-1854.434830	-21646.301049	-30267.055961	-2068.609246	-24632.605867	-8797.132527	5739.749162	-187500.022352	-0.032000	0.974000	-0.140000	192.000000	0.000000	0.000000	0.000000	0.000000	0.000000	0.000000	0.000000	0.000000	0.000000	1745266293.437817	0.000000
148.000000	-31550.917810	-3041.357165	2240.650623	-6535.650079	-3061.943121	8927.040866	-27530.174259	-3477.037367	-1866.616531	-21650.190252	-30280.444655	-2080.299208	-24644.988733	-8811.616458	5730.629650	-187500.022352	-0.032000	0.974000	-0.140000	192.000000	0.000000	0.000000	0.000000	0.000000	0.000000	0.000000	0.000000	0.000000	0.000000	1745266293.498064	0.000000
150.000000	-31555.768139	-3042.810028	2233.431009	-6535.605375	-3063.418336	8925.677410	-27532.342378	-3484.949885	-1868.427023	-21650.458473	-30282.143388	-2083.808432	-24640.898364	-8830.302516	5726.695743	-187500.022352	-0.032000	0.974000	-0.140000	192.000000	0.000000	0.000000	0.000000	0.000000	0.000000	0.000000	0.000000	0.000000	0.000000	1745266293.498110	0.000000
152.000000	-31548.906153	-3027.655545	2236.180274	-6521.747294	-3057.361014	8927.398494	-27533.482317	-3485.888658	-1869.499906	-21639.751987	-30283.238624	-2079.047511	-24649.034399	-8825.340429	5728.126255	-187500.022352	-0.034000	0.970000	-0.144000	192.000000	127.000000	120.000000	15.000000	40.000000	125.500000	64.000000	0.000000	0.000000	0.000000	1745266293.498140	0.000000
154.000000	-31551.186031	-3026.113275	2233.341602	-6518.752160	-3060.333796	8925.342134	-27536.745672	-3490.828394	-1877.345369	-21633.225278	-30286.010240	-2072.319635	-24657.818634	-8803.212202	5728.103903	-187500.022352	-0.034000	0.970000	-0.144000	192.000000	0.000000	0.000000	0.000000	0.000000	0.000000	0.000000	0.000000	0.000000	0.000000	1745266293.498173	0.000000
156.000000	-31547.788566	-3019.117179	2244.338661	-6516.896965	-3051.057822	8922.972849	-27526.866201	-3484.234629	-1871.802136	-21625.402167	-30281.875167	-2062.596627	-24638.618486	-8802.653408	5737.022249	-187500.022352	-0.034000	0.970000	-0.144000	192.000000	0.000000	0.000000	0.000000	0.000000	0.000000	0.000000	0.000000	0.000000	0.000000	1745266293.498221	0.000000
158.000000	-31558.629162	-3034.405772	2228.759495	-6533.660773	-3063.731261	8921.028247	-27538.824384	-3491.901278	-1872.942075	-21636.376874	-30287.530158	-2073.951313	-24639.579611	-8822.635868	5732.060162	-187500.022352	-0.034000	0.970000	-0.144000	192.000000	0.000000	0.000000	0.000000	0.000000	0.000000	0.000000	0.000000	0.000000	0.000000	1745266293.498264	0.000000
160.000000	-31566.452273	-3042.631214	2224.490312	-6540.522759	-3070.570895	8900.531697	-27544.546431	-3504.395903	-1878.284142	-21645.563441	-30295.442676	-2083.383749	-24654.376466	-8836.248080	5722.113636	-187500.022352	-0.034000	0.970000	-0.144000	192.000000	0.000000	0.000000	0.000000	0.000000	0.000000	0.000000	0.000000	0.000000	0.000000	1745266293.498298	0.000000
162.000000	-31562.339552	-3036.640946	2228.781847	-6532.073800	-3065.787621	8911.059369	-27534.130518	-3487.565039	-1882.128642	-21646.368104	-30293.319260	-2082.266162	-24657.215137	-8830.838958	5723.968831	-187500.022352	-0.032000	0.972000	-0.142000	192.000000	127.500000	8.000000	15.000000	56.000000	125.500000	80.000000	0.000000	0.000000	0.000000	1745266293.498338	0.000000
164.000000	-31567.659267	-3041.714792	2221.696344	-6534.443085	-3071.934351	8912.154604	-27539.450233	-3489.755510	-1874.640807	-21644.535261	-30280.444655	-2073.236057	-24644.206422	-8815.684475	5729.914395	-187500.022352	-0.032000	0.972000	-0.142000	192.000000	0.000000	0.000000	0.000000	0.000000	0.000000	0.000000	0.000000	0.000000	0.000000	1745266293.558180	0.000000
166.000000	-31567.860433	-3046.051031	2213.962640	-6542.065029	-3075.868258	8908.891250	-27536.678617	-3494.717597	-1903.362799	-21667.155226	-30306.238569	-2099.968743	-24681.243262	-8837.164502	5700.968886	-187500.022352	-0.032000	0.972000	-0.142000	192.000000	0.000000	0.000000	0.000000	0.000000	0.000000	0.000000	0.000000	0.000000	0.000000	1745266293.558220	0.000000
168.000000	-31563.971229	-3042.966490	2217.382457	-6537.147646	-3066.122897	8918.636610	-27531.604771	-3477.417347	-1867.801174	-21645.026999	-30286.837254	-2082.221458	-24643.513518	-8833.945851	5719.789054	-187500.022352	-0.032000	0.972000	-0.142000	192.000000	0.000000	0.000000	0.000000	0.000000	0.000000	0.000000	0.000000	0.000000	0.000000	1745266293.558265	0.000000
170.000000	-31565.111168	-3038.920824	2214.007344	-6533.996050	-3063.530095	8920.625916	-27532.588247	-3478.624341	-1887.805985	-21666.261156	-30302.192903	-2092.257391	-24669.709762	-8838.595013	5707.361484	-187500.022352	-0.032000	0.972000	-0.142000	192.000000	0.000000	0.000000	0.000000	0.000000	0.000000	0.000000	0.000000	0.000000	0.000000	1745266293.558299	0.000000
172.000000	-31567.502805	-3037.825589	2219.528224	-6531.716172	-3061.607845	8922.972849	-27527.156773	-3477.015016	-1883.648560	-21645.161110	-30290.301775	-2077.237019	-24655.114073	-8821.384170	5721.197214	-187500.022352	-0.032000	0.970000	-0.143000	192.000000	127.500000	0.000000	15.000000	32.000000	125.500000	64.000000	0.000000	0.000000	0.000000	1745266293.558328	0.000000
174.000000	-31559.590287	-3032.371763	2229.631213	-6527.379933	-3058.009214	8925.051561	-27530.174259	-3479.831336	-1887.627171	-21644.535261	-30295.397973	-2087.541173	-24661.372562	-8826.748589	5716.972735	-187500.022352	-0.032000	0.970000	-0.143000	192.000000	0.000000	0.000000	0.000000	0.000000	0.000000	0.000000	0.000000	0.000000	0.000000	1745266293.558361	0.000000
176.000000	-31565.602906	-3036.104505	2228.021887	-6533.370201	-3056.444592	8923.822215	-27540.053730	-3485.642789	-1876.451299	-21651.799578	-30283.685658	-2081.126223	-24650.151986	-8824.178138	5725.712267	-187500.022352	-0.032000	0.970000	-0.143000	192.000000	0.000000	0.000000	0.000000	0.000000	0.000000	0.000000	0.000000	0.000000	0.000000	1745266293.558391	0.000000
178.000000	-31564.395912	-3036.149208	2229.407695	-6536.566500	-3055.014080	8934.752218	-27537.148003	-3488.123833	-1891.181098	-21655.800540	-30293.900406	-2090.044569	-24669.598004	-8842.707734	5721.286621	-187500.022352	-0.032000	0.970000	-0.143000	192.000000	0.000000	0.000000	0.000000	0.000000	0.000000	0.000000	0.000000	0.000000	0.000000	1745266293.617574	0.000000
180.000000	-31551.655418	-3022.671106	2241.991728	-6518.930974	-3045.156961	8942.217701	-27524.720433	-3465.369757	-1863.174363	-21643.752950	-30270.989868	-2068.139859	-24641.747730	-8821.026542	5737.290470	-187500.022352	-0.032000	0.970000	-0.143000	192.000000	0.000000	0.000000	0.000000	0.000000	0.000000	0.000000	0.000000	0.000000	0.000000	1745266293.617658	0.000000
182.000000	-31566.429921	-3032.304708	2230.815855	-6534.130160	-3055.304653	8917.496671	-27534.130518	-3482.111213	-1877.859459	-21640.713112	-30281.294022	-2067.178734	-24651.157814	-8831.174234	5727.343944	-187500.022352	-0.031000	0.970000	-0.145500	192.000000	127.500000	8.000000	15.000000	40.000000	125.500000	48.000000	0.000000	0.000000	0.000000	1745266293.617689	0.000000
184.000000	-31566.094645	-3031.991784	2232.022850	-6538.689916	-3055.259950	8918.748369	-27534.868125	-3486.939190	-1874.998435	-21648.513871	-30282.188092	-2075.694749	-24654.510576	-8824.446359	5719.476130	-187500.022352	-0.031000	0.970000	-0.145500	192.000000	0.000000	0.000000	0.000000	0.000000	0.000000	0.000000	0.000000	0.000000	0.000000	1745266293.617734	0.000000
186.000000	-31559.500880	-3024.213377	2231.776980	-6535.538320	-3047.302729	8922.704628	-27528.944913	-3484.279333	-1869.656368	-21642.791825	-30276.846025	-2067.514010	-24650.599021	-8822.121778	5725.779322	-187500.022352	-0.031000	0.970000	-0.145500	192.000000	0.000000	0.000000	0.000000	0.000000	0.000000	0.000000	0.000000	0.000000	0.000000	1745266293.617764	0.000000
188.000000	-31561.646648	-3021.397057	2228.692440	-6531.649116	-3049.448496	8932.025305	-27533.057634	-3473.930475	-1880.027578	-21630.073682	-30282.769237	-2059.690900	-24667.675754	-8817.986705	5723.812368	-187500.022352	-0.031000	0.970000	-0.145500	192.000000	0.000000	0.000000	0.000000	0.000000	0.000000	0.000000	0.000000	0.000000	0.000000	1745266293.617795	0.000000
190.000000	-31581.740866	-3036.640946	2211.705114	-6543.249672	-3071.129688	8917.653134	-27552.570707	-3494.203507	-1890.689360	-21632.040636	-30294.749772	-2059.020347	-24654.510576	-8828.626135	5712.569441	-187500.022352	-0.031000	0.970000	-0.145500	192.000000	0.000000	0.000000	0.000000	0.000000	0.000000	0.000000	0.000000	0.000000	0.000000	1745266293.617828	0.000000
192.000000	-31576.667020	-3032.751743	2223.260966	-6526.776436	-3050.990766	8922.548166	-27527.290884	-3487.609743	-1885.235534	-21639.528470	-30298.460162	-2058.148629	-24658.265669	-8817.427911	5712.703551	-187500.022352	-0.029500	0.974000	-0.145750	192.000000	127.500000	16.000000	15.000000	72.000000	125.500000	56.000000	0.000000	0.000000	0.000000	1745266293.617858	0.000000
194.000000	-31581.226776	-3039.680784	2221.964565	-6531.515006	-3052.465982	8924.135139	-27537.215058	-3491.074263	-1884.654389	-21652.268964	-30299.600100	-2058.506257	-24664.032419	-8821.652391	5721.554842	-187500.022352	-0.029500	0.974000	-0.145750	192.000000	0.000000	0.000000	0.000000	0.000000	0.000000	0.000000	0.000000	0.000000	0.000000	1745266293.677474	0.000000
196.000000	-31589.943956	-3050.230807	2214.007344	-6539.673393	-3054.701156	8915.663828	-27536.857431	-3481.865344	-1892.902183	-21653.699476	-30301.723516	-2062.686034	-24673.420152	-8825.720409	5723.678258	-187500.022352	-0.029500	0.974000	-0.145750	192.000000	0.000000	0.000000	0.000000	0.000000	0.000000	0.000000	0.000000	0.000000	0.000000	1745266293.677515	0.000000
198.000000	-31594.928395	-3057.204551	2214.364971	-6551.452762	-3058.568008	8912.422825	-27541.350131	-3484.748719	-1899.786520	-21670.597395	-30309.636034	-2076.275894	-24678.918681	-8833.029429	5715.542223	-187500.022352	-0.029500	0.974000	-0.145750	192.000000	0.000000	0.000000	0.000000	0.000000	0.000000	0.000000	0.000000	0.000000	0.000000	1745266293.677545	0.000000
200.000000	-31598.482323	-3061.361976	2209.469939	-6558.985300	-3055.416412	8916.177918	-27537.125651	-3481.977103	-1897.953677	-21666.596433	-30306.976176	-2080.366263	-24665.194710	-8849.077982	5717.084493	-187500.022352	-0.029500	0.974000	-0.145750	192.000000	0.000000	0.000000	0.000000	0.000000	0.000000	0.000000	0.000000	0.000000	0.000000	1745266293.677586	0.000000
202.000000	-31601.164532	-3062.546618	2206.519509	-6561.488695	-3055.416412	8911.819328	-27542.758291	-3488.436757	-1905.508567	-21656.828720	-30315.872170	-2080.343912	-24682.651422	-8832.872967	5709.283734	-187500.022352	-0.028750	0.973000	-0.144875	192.000000	127.500000	16.000000	15.000000	48.000000	125.500000	64.000000	0.000000	0.000000	0.000000	1745266293.677628	0.000000
204.000000	-31602.438581	-3066.771098	2216.756608	-6556.817181	-3046.788638	8927.174977	-27535.918657	-3483.921705	-1896.120834	-21669.859787	-30307.467915	-2081.059168	-24663.227756	-8846.663993	5718.917336	-187500.022352	-0.028750	0.973000	-0.144875	192.000000	0.000000	0.000000	0.000000	0.000000	0.000000	0.000000	0.000000	0.000000	0.000000	1745266293.677660	0.000000
206.000000	-31605.456067	-3066.972264	2215.013172	-6556.481905	-3048.129743	8921.363523	-27535.337512	-3486.536859	-1902.602840	-21682.846151	-30308.764316	-2086.490641	-24664.747675	-8851.290804	5721.621897	-187500.022352	-0.028750	0.973000	-0.144875	192.000000	0.000000	0.000000	0.000000	0.000000	0.000000	0.000000	0.000000	0.000000	0.000000	1745266293.677705	0.000000
208.000000	-31602.885616	-3056.399889	2210.922803	-6552.525646	-3046.140438	8922.481110	-27530.420128	-3480.814812	-1899.674761	-21669.591566	-30305.925644	-2079.449842	-24677.510521	-8838.103275	5721.599546	-187500.022352	-0.028750	0.973000	-0.144875	192.000000	0.000000	0.000000	0.000000	0.000000	0.000000	0.000000	0.000000	0.000000	0.000000	1745266293.737752	0.000000
210.000000	-31600.963366	-3054.522342	2210.095788	-6540.209835	-3053.404755	8911.394645	-27535.270457	-3482.044158	-1901.753473	-21654.951174	-30307.982005	-2070.084461	-24678.918681	-8850.776714	5720.236089	-187500.022352	-0.028750	0.973000	-0.144875	192.000000	0.000000	0.000000	0.000000	0.000000	0.000000	0.000000	0.000000	0.000000	0.000000	1745266293.737793	0.000000
212.000000	-31598.437619	-3052.980072	2208.687628	-6529.413942	-3054.187066	8913.898041	-27539.852564	-3485.173402	-1896.791386	-21649.564403	-30304.897464	-2059.489734	-24677.778742	-8819.439568	5714.916374	-187500.022352	-0.030375	0.971500	-0.146437	192.000000	127.500000	0.000000	15.000000	40.000000	125.500000	48.000000	0.000000	0.000000	0.000000	1745266293.737839	0.000000
214.000000	-31583.081971	-3038.630252	2223.998573	-6520.227375	-3038.317327	8927.376142	-27524.161640	-3472.924646	-1893.505680	-21650.570232	-30295.956766	-2048.470324	-24667.273422	-8825.541595	5720.414903	-187500.022352	-0.030375	0.971500	-0.146437	192.000000	0.000000	0.000000	0.000000	0.000000	0.000000	0.000000	0.000000	0.000000	0.000000	1745266293.737871	0.000000
216.000000	-31586.948822	-3037.356202	2222.031620	-6528.855148	-3042.988842	8927.353791	-27535.449271	-3481.910048	-1888.945924	-21641.763644	-30293.632185	-2045.363432	-24666.178187	-8833.029429	5727.813331	-187500.022352	-0.030375	0.971500	-0.146437	192.000000	0.000000	0.000000	0.000000	0.000000	0.000000	0.000000	0.000000	0.000000	0.000000	1745266293.737901	0.000000
218.000000	-31591.419171	-3037.378554	2224.244442	-6530.866805	-3041.290109	8927.219680	-27545.418149	-3488.637923	-1890.242325	-21643.216508	-30295.576786	-2047.419792	-24662.847777	-8820.177176	5722.515967	-187500.022352	-0.030375	0.971500	-0.146437	192.000000	0.000000	0.000000	0.000000	0.000000	0.000000	0.000000	0.000000	0.000000	0.000000	1745266293.737932	0.000000
220.000000	-31603.377355	-3050.588435	2218.880024	-6540.500407	-3034.517531	8915.574421	-27531.202439	-3485.240458	-1903.698075	-21656.538148	-30304.562188	-2050.571388	-24672.481379	-8824.513414	5727.746275	-187500.022352	-0.030375	0.971500	-0.146437	192.000000	0.000000	0.000000	0.000000	0.000000	0.000000	0.000000	0.000000	0.000000	0.000000	1745266293.737962	0.000000
222.000000	-31592.804979	-3039.613728	2224.356201	-6539.673393	-3031.231824	8923.710456	-27529.838983	-3472.768184	-1898.534822	-21663.333078	-30306.059755	-2052.694804	-24676.102361	-8847.267490	5726.941613	-187500.022352	-0.030375	0.971500	-0.146437	192.000000	0.000000	0.000000	0.000000	0.000000	0.000000	0.000000	0.000000	0.000000	0.000000	1745266293.737994	0.000000
224.000000	-31586.233567	-3035.143380	2228.558329	-6535.135989	-3029.466036	8927.219680	-27533.549372	-3476.344463	-1887.202488	-21662.595470	-30295.062696	-2044.961100	-24663.607736	-8834.862272	5727.858034	-187500.022352	-0.034000	0.972000	-0.152000	192.000000	127.000000	120.000000	15.000000	48.000000	125.500000	32.000000	0.000000	0.000000	0.000000	1745266293.798051	0.000000
226.000000	-31593.766104	-3039.569025	2227.954832	-6536.588852	-3022.581699	8931.913547	-27523.893419	-3470.175382	-1874.998435	-21648.133892	-30286.390219	-2039.976661	-24648.654419	-8821.294763	5734.183578	-187500.022352	-0.034000	0.972000	-0.152000	192.000000	0.000000	0.000000	0.000000	0.000000	0.000000	0.000000	0.000000	0.000000	0.000000	1745266293.798093	0.000000
228.000000	-31600.561035	-3045.872217	2223.976222	-6536.208872	-3025.979164	8925.096264	-27525.279227	-3477.864382	-1885.771976	-21651.509005	-30296.873188	-2049.498504	-24658.824463	-8822.345295	5728.752104	-187500.022352	-0.034000	0.972000	-0.152000	192.000000	0.000000	0.000000	0.000000	0.000000	0.000000	0.000000	0.000000	0.000000	0.000000	1745266293.798151	0.000000
230.000000	-31604.763163	-3047.414487	2211.794521	-6544.456666	-3036.618595	8914.613296	-27539.494936	-3489.487289	-1890.197622	-21644.848185	-30299.220121	-2052.091307	-24662.713666	-8821.562984	5722.180691	-187500.022352	-0.034000	0.972000	-0.152000	192.000000	0.000000	0.000000	0.000000	0.000000	0.000000	0.000000	0.000000	0.000000	0.000000	1745266293.798181	0.000000
232.000000	-31602.393878	-3044.397002	2208.911146	-6541.707401	-3046.833342	8910.187651	-27552.481300	-3507.100464	-1901.060569	-21656.873424	-30308.563150	-2053.790039	-24684.707783	-8838.706772	5706.400359	-187500.022352	-0.034000	0.972000	-0.152000	192.000000	0.000000	0.000000	0.000000	0.000000	0.000000	0.000000	0.000000	0.000000	0.000000	1745266293.798211	0.000000
234.000000	-31590.793322	-3027.990821	2224.020925	-6521.523776	-3029.108409	8924.112788	-27530.889515	-3479.786632	-1892.790424	-21653.498310	-30297.074353	-2041.161304	-24666.379352	-8834.124665	5717.017438	-187500.022352	-0.030000	0.968000	-0.146000	192.000000	127.500000	8.000000	15.000000	32.000000	125.500000	56.000000	0.000000	0.000000	0.000000	1745266293.798245	0.000000
236.000000	-31595.218968	-3037.892644	2223.998573	-6523.110750	-3029.689554	8915.417959	-27539.517288	-3481.306551	-1877.345369	-21638.120310	-30285.719667	-2030.253652	-24656.164605	-8822.658220	5734.943537	-187500.022352	-0.030000	0.968000	-0.146000	192.000000	0.000000	0.000000	0.000000	0.000000	0.000000	0.000000	0.000000	0.000000	0.000000	1745266293.798284	0.000000
238.000000	-31601.656270	-3042.854731	2216.019001	-6535.717134	-3034.919862	8908.801843	-27539.494936	-3496.908068	-1890.488194	-21658.393342	-30299.354231	-2041.720097	-24671.810826	-8824.982801	5727.902738	-187500.022352	-0.030000	0.968000	-0.146000	192.000000	0.000000	0.000000	0.000000	0.000000	0.000000	0.000000	0.000000	0.000000	0.000000	1745266293.858230	0.000000
240.000000	-31600.806904	-3036.953871	2217.762437	-6538.958137	-3034.361069	8903.795052	-27539.025550	-3498.271525	-1888.811813	-21662.796636	-30299.086010	-2033.941690	-24671.676716	-8834.303479	5723.454740	-187500.022352	-0.030000	0.968000	-0.146000	192.000000	0.000000	0.000000	0.000000	0.000000	0.000000	0.000000	0.000000	0.000000	0.000000	1745266293.858279	0.000000
242.000000	-31604.427887	-3039.725487	2219.774094	-6540.612166	-3028.370801	8903.795052	-27536.902134	-3495.276391	-1888.409482	-21653.498310	-30299.309528	-2035.796885	-24665.038248	-8843.065362	5723.991182	-187500.022352	-0.030000	0.968000	-0.146000	192.000000	0.000000	0.000000	0.000000	0.000000	0.000000	0.000000	0.000000	0.000000	0.000000	1745266293.858311	0.000000
244.000000	-31616.363718	-3051.124877	2211.973335	-6547.876483	-3027.342621	8907.997180	-27534.488146	-3487.609743	-1906.089712	-21651.777226	-30309.077240	-2038.568501	-24670.425018	-8847.289842	5726.204005	-187500.022352	-0.028000	0.966000	-0.146000	192.000000	127.500000	16.000000	15.000000	24.000000	125.500000	56.000000	0.000000	0.000000	0.000000	1745266293.858356	0.000000
246.000000	-31611.759259	-3046.341604	2220.198777	-6539.785151	-3019.161882	8913.696875	-27533.236448	-3486.738025	-1904.055703	-21665.590604	-30313.614644	-2045.564597	-24680.326841	-8832.336525	5725.824025	-187500.022352	-0.028000	0.966000	-0.146000	192.000000	0.000000	0.000000	0.000000	0.000000	0.000000	0.000000	0.000000	0.000000	0.000000	1745266293.858399	0.000000
248.000000	-31609.121753	-3043.704098	2229.295937	-6535.471265	-3009.975315	8924.693933	-27515.310349	-3471.203562	-1879.714653	-21655.219395	-30304.428077	-2040.803676	-24664.434751	-8812.108196	5731.389610	-187500.022352	-0.028000	0.966000	-0.146000	192.000000	0.000000	0.000000	0.000000	0.000000	0.000000	0.000000	0.000000	0.000000	0.000000	1745266293.858431	0.000000
250.000000	-31604.651404	-3032.639984	2232.648698	-6528.363410	-3011.294068	8938.306145	-27513.835134	-3458.552475	-1878.999398	-21634.164051	-30292.648708	-2035.618071	-24649.190861	-8818.724313	5739.771514	-187500.022352	-0.028000	0.966000	-0.146000	192.000000	0.000000	0.000000	0.000000	0.000000	0.000000	0.000000	0.000000	0.000000	0.000000	1745266293.858472	0.000000
252.000000	-31600.404573	-3030.449513	2234.168617	-6517.388704	-3010.467054	8949.191445	-27520.808878	-3450.394088	-1882.776842	-21639.528470	-30292.961632	-2031.304184	-24662.736018	-8821.384170	5736.485807	-187500.022352	-0.028000	0.966000	-0.146000	192.000000	0.000000	0.000000	0.000000	0.000000	0.000000	0.000000	0.000000	0.000000	0.000000	1745266293.858501	0.000000
254.000000	-31600.449276	-3033.332888	2232.447533	-6510.236145	-3003.605068	8956.232245	-27518.327834	-3450.863475	-1876.607761	-21629.805461	-30287.530158	-2018.362524	-24660.947878	-8794.226801	5747.549921	-187500.022352	-0.032000	0.970000	-0.144000	192.000000	127.500000	0.000000	15.000000	40.000000	125.500000	64.000000	0.000000	0.000000	0.000000	1745266293.917703	0.000000
0.000000	-31625.371471	-3060.333796	2215.080227	-6525.547090	-3018.223109	8919.173052	-27538.265590	-3483.944057	-1887.850688	-21641.316610	-30306.886769	-2032.198254	-24664.412399	-8803.838051	5735.479979	-187500.022352	-0.032000	0.970000	-0.144000	192.000000	0.000000	0.000000	0.000000	0.000000	0.000000	0.000000	0.000000	0.000000	0.000000	1745266293.917760	0.000000
2.000000	-31625.907913	-3056.064612	2209.425236	-6524.183634	-3016.166749	8916.468491	-27539.070253	-3488.906144	-1900.412369	-21651.307839	-30314.843990	-2040.043716	-24670.089742	-8811.325885	5721.241918	-187500.022352	-0.032000	0.970000	-0.144000	192.000000	0.000000	0.000000	0.000000	0.000000	0.000000	0.000000	0.000000	0.000000	0.000000	1745266293.917792	0.000000
4.000000	-31617.347195	-3047.347432	2210.475768	-6531.224433	-3011.048199	8920.178881	-27537.282114	-3484.592257	-1900.434721	-21650.145549	-30313.659348	-2035.238091	-24691.435658	-8818.545499	5718.917336	-187500.022352	-0.032000	0.970000	-0.144000	192.000000	0.000000	0.000000	0.000000	0.000000	0.000000	0.000000	0.000000	0.000000	0.000000	1745266293.917822	0.000000
6.000000	-31613.815619	-3042.206531	2222.791579	-6526.709381	-3003.515661	8917.697837	-27530.509535	-3486.805080	-1892.499851	-21651.419598	-30305.858589	-2033.941690	-24667.072256	-8816.489138	5723.097113	-187500.022352	-0.032000	0.970000	-0.144000	192.000000	0.000000	0.000000	0.000000	0.000000	0.000000	0.000000	0.000000	0.000000	0.000000	1745266293.917851	0.000000
8.000000	-31610.328747	-3033.958737	2232.738105	-6524.675372	-3003.873289	8930.617145	-27533.012931	-3472.276446	-1883.179174	-21643.708246	-30293.922757	-2020.865920	-24664.747675	-8837.119798	5737.268119	-187500.022352	-0.032000	0.970000	-0.148000	192.000000	127.500000	0.000000	15.000000	40.000000	125.500000	48.000000	0.000000	0.000000	0.000000	1745266293.917882	0.000000
10.000000	-31616.386070	-3034.830455	2228.379515	-6525.971773	-3008.745969	8922.414055	-27541.864221	-3484.078167	-1893.282162	-21632.219450	-30294.503903	-2014.093341	-24663.719495	-8810.588278	5740.129142	-187500.022352	-0.032000	0.970000	-0.148000	192.000000	0.000000	0.000000	0.000000	0.000000	0.000000	0.000000	0.000000	0.000000	0.000000	1745266293.917918	0.000000
12.000000	-31621.124640	-3038.384383	2220.645812	-6536.924128	-3003.225089	8908.555974	-27534.734015	-3488.682626	-1892.522203	-21634.119348	-30299.577749	-2015.590908	-24671.073219	-8805.894411	5738.899796	-187500.022352	-0.032000	0.970000	-0.148000	192.000000	0.000000	0.000000	0.000000	0.000000	0.000000	0.000000	0.000000	0.000000	0.000000	1745266293.977496	0.000000
14.000000	-31620.923474	-3041.625385	2215.773131	-6538.689916	-3008.835376	8904.666770	-27542.668884	-3495.946943	-1909.733046	-21645.652848	-30315.894522	-2025.068048	-24688.395821	-8829.319040	5726.159302	-187500.022352	-0.032000	0.970000	-0.148000	192.000000	0.000000	0.000000	0.000000	0.000000	0.000000	0.000000	0.000000	0.000000	0.000000	1745266293.977535	0.000000
16.000000	-31616.028442	-3033.534054	2223.082152	-6531.470303	-3003.113330	8914.635648	-27536.410396	-3483.966408	-1889.884697	-21631.347732	-30295.286214	-2008.706571	-24656.656344	-8815.796234	5735.323517	-187500.022352	-0.032000	0.970000	-0.148000	192.000000	0.000000	0.000000	0.000000	0.000000	0.000000	0.000000	0.000000	0.000000	0.000000	1745266293.977592	0.000000
18.000000	-31626.354948	-3048.442668	2210.855748	-6542.892044	-3006.890775	8911.349942	-27539.047902	-3492.750644	-1898.445415	-21643.551784	-30300.203598	-2019.770684	-24673.084876	-8832.045952	5727.388647	-187500.022352	-0.032000	0.962000	-0.146000	192.000000	127.500000	0.000000	15.000000	8.000000	125.500000	56.000000	0.000000	0.000000	0.000000	1745266293.977623	0.000000
20.000000	-31625.907913	-3049.157923	2213.470902	-6537.013535	-3002.867461	8917.787244	-27536.879782	-3487.296818	-1899.585354	-21649.720865	-30306.842066	-2031.192426	-24679.298661	-8838.684420	5722.895947	-187500.022352	-0.032000	0.962000	-0.146000	192.000000	0.000000	0.000000	0.000000	0.000000	0.000000	0.000000	0.000000	0.000000	0.000000	1745266293.977655	0.000000
22.000000	-31626.846686	-3047.727412	2208.866442	-6531.649116	-2999.268830	8911.796977	-27536.097471	-3487.676798	-1890.644656	-21648.335057	-30303.757525	-2025.045696	-24666.200538	-8828.536728	5730.316726	-187500.022352	-0.032000	0.962000	-0.146000	192.000000	0.000000	0.000000	0.000000	0.000000	0.000000	0.000000	0.000000	0.000000	0.000000	1745266293.977688	0.000000
24.000000	-31628.970102	-3041.938310	2208.642925	-6523.893061	-3000.498176	8919.553032	-27536.164526	-3483.206449	-1904.927421	-21638.030903	-30315.223970	-2027.102056	-24683.210216	-8827.665010	5720.191386	-187500.022352	-0.032000	0.962000	-0.146000	192.000000	0.000000	0.000000	0.000000	0.000000	0.000000	0.000000	0.000000	0.000000	0.000000	1745266293.977719	0.000000
26.000000	-31626.399651	-3037.043278	2207.100654	-6516.896965	-2990.551649	8929.141930	-27526.530925	-3481.194792	-1900.211203	-21634.409921	-30306.439734	-2008.460702	-24686.272405	-8821.160653	5730.942575	-187500.022352	-0.032000	0.962000	-0.146000	192.000000	0.000000	0.000000	0.000000	0.000000	0.000000	0.000000	0.000000	0.000000	0.000000	1745266293.977750	0.000000
28.000000	-31637.486117	-3050.610787	2204.105521	-6524.697724	-3002.554536	8913.607468	-27549.173242	-3494.449376	-1904.793311	-21652.291316	-30318.554380	-2020.798864	-24694.877827	-8821.875909	5724.974659	-187500.022352	-0.034000	0.970000	-0.144000	192.000000	127.000000	120.000000	15.000000	40.000000	125.500000	64.000000	0.000000	0.000000	0.000000	1745266294.037947	0.000000
30.000000	-31635.183887	-3048.062688	2217.293050	-6517.880442	-2985.813080	8918.524852	-27530.531887	-3489.107309	-1897.998380	-21648.804444	-30310.016013	-2017.647268	-24659.182091	-8815.595068	5738.788037	-187500.022352	-0.034000	0.970000	-0.144000	192.000000	0.000000	0.000000	0.000000	0.000000	0.000000	0.000000	0.000000	0.000000	0.000000	1745266294.037997	0.000000
32.000000	-31634.088651	-3050.521380	2220.109370	-6520.741465	-2982.326207	8923.531642	-27534.957532	-3483.027635	-1901.597011	-21646.748083	-30309.166647	-2022.944632	-24666.245242	-8822.300592	5739.726810	-187500.022352	-0.034000	0.970000	-0.144000	192.000000	0.000000	0.000000	0.000000	0.000000	0.000000	0.000000	0.000000	0.000000	0.000000	1745266294.038044	0.000000
34.000000	-31632.345215	-3046.252197	2216.644849	-6525.033000	-2981.968580	8923.978677	-27532.811765	-3481.485365	-1905.329753	-21656.180520	-30312.742926	-2024.755123	-24678.695164	-8841.657202	5733.915357	-187500.022352	-0.034000	0.970000	-0.144000	192.000000	0.000000	0.000000	0.000000	0.000000	0.000000	0.000000	0.000000	0.000000	0.000000	1745266294.038087	0.000000
36.000000	-31618.777706	-3028.840188	2227.351335	-6514.751198	-2973.050233	8924.291602	-27517.791393	-3474.243399	-1888.007151	-21626.966790	-30295.666193	-2010.807635	-24660.947878	-8803.815699	5745.538264	-187500.022352	-0.034000	0.970000	-0.144000	192.000000	0.000000	0.000000	0.000000	0.000000	0.000000	0.000000	0.000000	0.000000	0.000000	1745266294.038117	0.000000
38.000000	-31623.985663	-3039.099638	2219.125893	-6523.513081	-2973.743138	8916.669657	-27517.031433	-3477.774975	-1894.869136	-21655.755836	-30304.584539	-2028.487865	-24675.476512	-8806.944943	5740.822046	-187500.022352	-0.034000	0.972000	-0.142000	192.000000	127.000000	120.000000	15.000000	56.000000	125.500000	80.000000	0.000000	0.000000	0.000000	1745266294.038154	0.000000
40.000000	-31613.547398	-3029.466036	2231.441704	-6511.085512	-2968.892809	8920.491805	-27512.851657	-3463.380452	-1880.005226	-21641.115444	-30290.167664	-2027.973774	-24663.853605	-8813.650467	5747.616976	-187500.022352	-0.034000	0.972000	-0.142000	192.000000	0.000000	0.000000	0.000000	0.000000	0.000000	0.000000	0.000000	0.000000	0.000000	1745266294.038191	0.000000
42.000000	-31620.208218	-3033.556406	2222.657469	-6518.618049	-2971.373853	8915.641477	-27525.703910	-3472.008225	-1877.993569	-21643.887060	-30295.576786	-2044.514065	-24653.191823	-8803.413368	5739.927976	-187500.022352	-0.034000	0.972000	-0.142000	192.000000	0.000000	0.000000	0.000000	0.000000	0.000000	0.000000	0.000000	0.000000	0.000000	1745266294.098006	0.000000
44.000000	-31621.661082	-3030.963603	2218.008306	-6517.098131	-2967.574056	8928.426674	-27519.288959	-3474.466917	-1890.711712	-21646.613973	-30307.579673	-2067.424603	-24668.323954	-8811.683513	5728.282717	-187500.022352	-0.034000	0.972000	-0.142000	192.000000	0.000000	0.000000	0.000000	0.000000	0.000000	0.000000	0.000000	0.000000	0.000000	1745266294.098065	0.000000
46.000000	-31632.076994	-3036.216263	2208.955849	-6521.724942	-2972.446736	8923.799863	-27526.463869	-3473.662254	-1890.711712	-21642.769473	-30306.216217	-2079.695711	-24672.548434	-8806.944943	5732.663659	-187500.022352	-0.034000	0.972000	-0.142000	192.000000	0.000000	0.000000	0.000000	0.000000	0.000000	0.000000	0.000000	0.000000	0.000000	1745266294.098095	0.000000
48.000000	-31628.366605	-3031.254176	2211.235727	-6507.911564	-2963.930722	8927.264384	-27524.049881	-3474.042234	-1900.747645	-21643.820005	-30311.312415	-2092.838537	-24682.919643	-8810.677685	5726.986316	-187500.022352	-0.034000	0.970000	-0.139000	192.000000	127.000000	120.000000	15.000000	32.000000	125.500000	96.000000	0.000000	0.000000	0.000000	1745266294.098124	0.000000
50.000000	-31632.233457	-3032.528225	2211.794521	-6508.805634	-2953.335995	8927.264384	-27526.195648	-3474.623379	-1895.249116	-21631.079511	-30311.155952	-2100.885165	-24676.348230	-8800.507641	5727.969793	-187500.022352	-0.034000	0.970000	-0.139000	192.000000	0.000000	0.000000	0.000000	0.000000	0.000000	0.000000	0.000000	0.000000	0.000000	1745266294.098157	0.000000
52.000000	-31639.654236	-3040.127819	2208.128835	-6516.896965	-2888.895916	8910.612334	-27537.975018	-3479.272542	-1905.352104	-21634.611086	-30316.229798	-2109.691752	-24678.091666	-8818.210223	5722.851243	-187500.022352	-0.034000	0.970000	-0.139000	192.000000	0.000000	0.000000	0.000000	0.000000	0.000000	0.000000	0.000000	0.000000	0.000000	1745266294.098188	0.000000
54.000000	-31640.794175	-3041.647737	2210.118140	-6523.043695	-2688.981913	8920.000067	-27541.931277	-3480.814812	-1899.495947	-21647.485691	-30311.938263	-2111.904575	-24684.327803	-8824.178138	5728.416828	-187500.022352	-0.034000	0.970000	-0.139000	192.000000	0.000000	0.000000	0.000000	0.000000	0.000000	0.000000	0.000000	0.000000	0.000000	1745266294.098221	0.000000
56.000000	-31644.370454	-3048.532075	2207.771207	-6529.078666	-2509.117426	8905.493785	-27547.496861	-3495.119929	-1903.407503	-21669.971546	-30320.610740	-2120.487645	-24685.154818	-8843.065362	5717.732694	-187500.022352	-0.034000	0.970000	-0.139000	192.000000	0.000000	0.000000	0.000000	0.000000	0.000000	0.000000	0.000000	0.000000	0.000000	1745266294.098263	0.000000
58.000000	-31637.799041	-3040.552502	2215.951945	-6519.221547	-2436.474256	8906.723131	-27539.226715	-3486.380397	-1893.237459	-21659.689743	-30312.608816	-2110.943450	-24670.089742	-8823.306420	5726.427522	-187500.022352	-0.031000	0.969000	-0.137500	192.000000	127.500000	16.000000	15.000000	32.000000	125.500000	96.000000	0.000000	0.000000	0.000000	1745266294.158328	0.000000
60.000000	-31645.130413	-3047.950929	2210.162843	-6525.748256	-2418.637564	8911.662866	-27550.827271	-3493.264734	-1902.647543	-21655.845243	-30312.295891	-2109.043552	-24677.018783	-8828.737894	5726.136950	-187500.022352	-0.031000	0.969000	-0.137500	192.000000	0.000000	0.000000	0.000000	0.000000	0.000000	0.000000	0.000000	0.000000	0.000000	1745266294.158437	0.000000
62.000000	-31638.782518	-3038.898473	2217.494216	-6520.383837	-2397.671628	8908.533622	-27538.444404	-3487.185059	-1906.693209	-21653.990049	-30311.580635	-2111.479892	-24687.948786	-8846.373421	5722.784188	-187500.022352	-0.031000	0.969000	-0.137500	192.000000	0.000000	0.000000	0.000000	0.000000	0.000000	0.000000	0.000000	0.000000	0.000000	1745266294.158474	0.000000
64.000000	-31627.427832	-3027.856711	2228.021887	-6508.649171	-2387.211011	8908.421863	-27528.363768	-3477.976141	-1893.103348	-21621.557667	-30297.275519	-2089.441072	-24657.885689	-8807.816661	5739.704459	-187500.022352	-0.031000	0.969000	-0.137500	192.000000	0.000000	0.000000	0.000000	0.000000	0.000000	0.000000	0.000000	0.000000	0.000000	1745266294.158503	0.000000
66.000000	-31629.998282	-3030.315403	2224.467960	-6508.582116	-2395.838785	8916.088511	-27533.482317	-3479.965446	-1883.201526	-21636.399226	-30296.649670	-2088.189374	-24665.261765	-8817.226746	5743.995994	-187500.022352	-0.031000	0.969000	-0.137500	192.000000	0.000000	0.000000	0.000000	0.000000	0.000000	0.000000	0.000000	0.000000	0.000000	1745266294.158536	0.000000
68.000000	-31628.523067	-3033.958737	2227.239576	-6502.904773	-2403.170157	8915.820291	-27532.096509	-3481.373606	-1886.129604	-21654.258270	-30302.192903	-2092.771482	-24670.313259	-8832.850615	5737.446932	-187500.022352	-0.029500	0.969500	-0.138750	192.000000	127.500000	16.000000	15.000000	40.000000	125.500000	80.000000	0.000000	0.000000	0.000000	1745266294.158567	0.000000
70.000000	-31635.541515	-3036.775057	2219.371762	-6507.777453	-2411.909689	8912.780453	-27531.805936	-3488.772033	-1882.374511	-21654.370028	-30296.783781	-2093.531441	-24660.903175	-8829.386095	5739.413886	-187500.022352	-0.029500	0.969500	-0.138750	192.000000	0.000000	0.000000	0.000000	0.000000	0.000000	0.000000	0.000000	0.000000	0.000000	1745266294.158601	0.000000
72.000000	-31641.844707	-3041.133647	2213.269736	-6506.034017	-2422.169140	8911.461700	-27529.727224	-3482.893525	-1900.412369	-21664.338906	-30306.484438	-2094.514918	-24679.522178	-8832.001249	5730.584947	-187500.022352	-0.029500	0.969500	-0.138750	192.000000	0.000000	0.000000	0.000000	0.000000	0.000000	0.000000	0.000000	0.000000	0.000000	1745266294.217914	0.000000
74.000000	-31639.855401	-3035.836284	2216.644849	-6502.703607	-2426.192454	8920.000067	-27527.067366	-3471.829411	-1906.290878	-21654.347677	-30308.093763	-2088.323484	-24675.655326	-8826.234499	5729.735581	-187500.022352	-0.029500	0.969500	-0.138750	192.000000	0.000000	0.000000	0.000000	0.000000	0.000000	0.000000	0.000000	0.000000	0.000000	1745266294.217959	0.000000
76.000000	-31642.515259	-3038.876121	2215.393152	-6502.971828	-2430.483989	8912.869860	-27532.856468	-3481.127737	-1893.282162	-21637.472109	-30302.818752	-2085.171888	-24667.452236	-8820.579507	5735.077648	-187500.022352	-0.029500	0.969500	-0.138750	192.000000	0.000000	0.000000	0.000000	0.000000	0.000000	0.000000	0.000000	0.000000	0.000000	1745266294.218003	0.000000
78.000000	-31638.089614	-3034.852807	2227.597204	-6495.662808	-2422.593823	8926.191500	-27510.772945	-3465.213295	-1893.192755	-21652.492482	-30305.143333	-2091.989171	-24667.072256	-8827.240327	5741.112619	-187500.022352	-0.030750	0.971750	-0.143375	192.000000	127.500000	0.000000	15.000000	56.000000	125.500000	48.000000	0.000000	0.000000	0.000000	1745266294.218047	0.000000
80.000000	-31646.382111	-3042.586510	2218.701210	-6507.017494	-2444.766753	8914.278020	-27533.057634	-3479.741929	-1897.305476	-21658.259232	-30305.009223	-2090.201031	-24666.088780	-8834.415237	5741.514950	-187500.022352	-0.030750	0.971750	-0.143375	192.000000	0.000000	0.000000	0.000000	0.000000	0.000000	0.000000	0.000000	0.000000	0.000000	1745266294.218079	0.000000
82.000000	-31642.068224	-3037.132685	2221.897509	-6500.624895	-2444.252663	8919.016590	-27524.251047	-3473.326978	-1901.462901	-21666.708191	-30302.461124	-2089.977514	-24672.816655	-8837.790351	5742.409020	-187500.022352	-0.030750	0.971750	-0.143375	192.000000	0.000000	0.000000	0.000000	0.000000	0.000000	0.000000	0.000000	0.000000	0.000000	1745266294.218118	0.000000
84.000000	-31650.383073	-3042.519455	2218.522396	-6505.966962	-2454.109782	8921.698799	-27532.744710	-3483.295856	-1893.416273	-21657.767493	-30299.287176	-2082.020293	-24664.278288	-8819.864252	5748.712212	-187500.022352	-0.030750	0.971750	-0.143375	192.000000	0.000000	0.000000	0.000000	0.000000	0.000000	0.000000	0.000000	0.000000	0.000000	1745266294.218155	0.000000
86.000000	-31643.610495	-3027.230862	2223.484483	-6495.148718	-2453.215713	8923.732808	-27527.246180	-3477.596161	-1896.210241	-21640.690761	-30304.048098	-2078.600476	-24675.767085	-8839.265566	5744.666546	-187500.022352	-0.030750	0.971750	-0.143375	192.000000	0.000000	0.000000	0.000000	0.000000	0.000000	0.000000	0.000000	0.000000	0.000000	1745266294.218185	0.000000
88.000000	-31637.396710	-3021.508815	2227.328983	-6490.074872	-2456.076736	8917.653134	-27521.434727	-3480.703054	-1892.902183	-21623.882249	-30298.482513	-2062.395461	-24665.529986	-8819.663086	5747.482866	-187500.022352	-0.031375	0.971875	-0.146687	192.000000	127.500000	0.000000	15.000000	48.000000	125.500000	40.000000	0.000000	0.000000	0.000000	1745266294.278326	0.000000
90.000000	-31639.609532	-3026.403848	2221.897509	-6494.075834	-2461.374099	8922.168186	-27516.964378	-3475.428042	-1885.704921	-21627.793804	-30293.922757	-2051.957196	-24669.039210	-8823.306420	5752.444953	-187500.022352	-0.031375	0.971875	-0.146687	192.000000	0.000000	0.000000	0.000000	0.000000	0.000000	0.000000	0.000000	0.000000	0.000000	1745266294.278380	0.000000
92.000000	-31637.709634	-3021.441760	2228.893605	-6490.611314	-2461.172934	8922.548166	-27515.086831	-3472.701129	-1882.128642	-21635.818080	-30293.252205	-2047.509199	-24664.322992	-8822.658220	5756.982357	-187500.022352	-0.031375	0.971875	-0.146687	192.000000	0.000000	0.000000	0.000000	0.000000	0.000000	0.000000	0.000000	0.000000	0.000000	1745266294.278411	0.000000
94.000000	-31646.784442	-3031.142417	2217.471864	-6504.871727	-2476.774451	8915.417959	-27527.849678	-3483.698187	-1896.746683	-21637.807386	-30304.226912	-2059.042699	-24672.302565	-8819.998362	5747.549921	-187500.022352	-0.031375	0.971875	-0.146687	192.000000	0.000000	0.000000	0.000000	0.000000	0.000000	0.000000	0.000000	0.000000	0.000000	1745266294.278440	0.000000
96.000000	-31647.723216	-3029.264871	2217.494216	-6504.670561	-2480.082510	8908.868898	-27522.865239	-3480.814812	-1897.931325	-21638.589697	-30304.875112	-2059.087403	-24679.723344	-8831.643621	5744.063049	-187500.022352	-0.031375	0.971875	-0.146687	192.000000	0.000000	0.000000	0.000000	0.000000	0.000000	0.000000	0.000000	0.000000	0.000000	1745266294.278471	0.000000
98.000000	-31634.401576	-3020.078304	2234.883873	-6485.649226	-2477.981446	8924.582174	-27512.494029	-3458.127792	-1885.168479	-21631.057159	-30293.274557	-2055.488772	-24662.221928	-8816.667952	5753.428430	-187500.022352	-0.031375	0.971875	-0.146687	192.000000	0.000000	0.000000	0.000000	0.000000	0.000000	0.000000	0.000000	0.000000	0.000000	1745266294.278516	0.000000
100.000000	-31643.431681	-3027.074400	2230.167655	-6488.443194	-2487.369178	8927.532605	-27520.451250	-3467.515524	-1875.713691	-21619.188383	-30287.932490	-2048.447972	-24651.090759	-8812.085845	5757.474096	-187500.022352	-0.032000	0.970000	-0.150000	192.000000	127.500000	0.000000	15.000000	40.000000	125.500000	40.000000	0.000000	0.000000	0.000000	1745266294.278562	0.000000
102.000000	-31652.998227	-3040.999537	2224.557367	-6502.860070	-2491.817175	8920.245936	-27523.513439	-3487.565039	-1896.322000	-21644.267040	-30305.076278	-2067.089327	-24673.531911	-8814.343371	5748.153418	-187500.022352	-0.032000	0.970000	-0.150000	192.000000	0.000000	0.000000	0.000000	0.000000	0.000000	0.000000	0.000000	0.000000	0.000000	1745266294.338479	0.000000
104.000000	-31645.420986	-3032.774095	2230.614690	-6502.055407	-2494.052350	8921.654096	-27517.187895	-3471.292969	-1895.003247	-21640.757816	-30300.158894	-2069.995054	-24669.687411	-8839.176159	5754.031927	-187500.022352	-0.032000	0.970000	-0.150000	192.000000	0.000000	0.000000	0.000000	0.000000	0.000000	0.000000	0.000000	0.000000	0.000000	1745266294.338563	0.000000
106.000000	-31636.949675	-3025.062743	2233.967451	-6489.940761	-2497.226298	8929.857186	-27515.936198	-3463.425155	-1881.927476	-21638.522641	-30290.748810	-2062.998958	-24657.282192	-8823.127606	5754.590720	-187500.022352	-0.032000	0.970000	-0.150000	192.000000	0.000000	0.000000	0.000000	0.000000	0.000000	0.000000	0.000000	0.000000	0.000000	1745266294.338599	0.000000
108.000000	-31656.887431	-3043.569987	2217.449512	-6502.323628	-2517.454626	8918.591907	-27530.308369	-3473.282274	-1891.024636	-21637.807386	-30297.990775	-2061.993129	-24661.461969	-8808.889545	5750.835627	-187500.022352	-0.032000	0.970000	-0.150000	192.000000	0.000000	0.000000	0.000000	0.000000	0.000000	0.000000	0.000000	0.000000	0.000000	1745266294.338629	0.000000
110.000000	-31659.703751	-3046.431011	2214.409675	-6505.475224	-2519.801559	8922.816387	-27526.173297	-3476.143298	-1904.502738	-21653.073627	-30317.436793	-2077.952275	-24680.103323	-8824.781635	5738.050430	-187500.022352	-0.032000	0.968000	-0.150000	192.000000	127.500000	0.000000	15.000000	32.000000	125.500000	40.000000	0.000000	0.000000	0.000000	1745266294.338662	0.000000
112.000000	-31658.072073	-3038.227920	2214.901413	-6502.480090	-2518.706324	8920.022419	-27521.546486	-3470.264789	-1904.145110	-21640.824871	-30312.318243	-2069.391557	-24677.287004	-8829.944888	5746.208816	-187500.022352	-0.032000	0.968000	-0.150000	192.000000	0.000000	0.000000	0.000000	0.000000	0.000000	0.000000	0.000000	0.000000	0.000000	1745266294.338695	0.000000
114.000000	-31655.278105	-3040.619557	2213.761474	-6507.084549	-2525.031868	8909.673561	-27522.619369	-3476.545629	-1901.440549	-21649.743217	-30313.592292	-2073.817202	-24674.984774	-8834.594051	5738.966851	-187500.022352	-0.032000	0.968000	-0.150000	192.000000	0.000000	0.000000	0.000000	0.000000	0.000000	0.000000	0.000000	0.000000	0.000000	1745266294.338724	0.000000
116.000000	-31649.176079	-3037.132685	2219.125893	-6504.737616	-2522.193196	8912.780453	-27518.506648	-3472.790536	-1896.366703	-21646.211642	-30308.361984	-2071.425566	-24674.068352	-8813.024618	5741.492598	-187500.022352	-0.032000	0.968000	-0.150000	192.000000	0.000000	0.000000	0.000000	0.000000	0.000000	0.000000	0.000000	0.000000	0.000000	1745266294.338754	0.000000
118.000000	-31657.803852	-3047.570950	2214.789655	-6515.466453	-2516.560556	8910.902907	-27519.490125	-3476.545629	-1898.110139	-21648.089188	-30309.859551	-2077.192316	-24665.462931	-8833.945851	5739.972680	-187500.022352	-0.032000	0.968000	-0.150000	192.000000	0.000000	0.000000	0.000000	0.000000	0.000000	0.000000	0.000000	0.000000	0.000000	1745266294.397923	0.000000
120.000000	-31653.087634	-3038.049106	2218.678858	-6509.118558	-2516.717019	8920.312991	-27515.355052	-3469.460126	-1896.411407	-21654.370028	-30307.646728	-2075.605342	-24668.189844	-8840.360801	5745.918244	-187500.022352	-0.034000	0.968000	-0.144000	192.000000	127.000000	120.000000	15.000000	32.000000	125.500000	64.000000	0.000000	0.000000	0.000000	1745266294.397976	0.000000
122.000000	-31655.389864	-3039.390211	2210.967506	-6507.397474	-2532.877330	8908.868898	-27533.258800	-3486.022769	-1900.121796	-21652.581889	-30311.044194	-2070.307978	-24678.337536	-8834.147016	5739.547996	-187500.022352	-0.034000	0.968000	-0.144000	192.000000	0.000000	0.000000	0.000000	0.000000	0.000000	0.000000	0.000000	0.000000	0.000000	1745266294.398026	0.000000
124.000000	-31652.864117	-3035.612766	2213.493253	-6498.255610	-2536.319499	8915.105035	-27533.683483	-3477.350292	-1901.284087	-21648.223299	-30310.597159	-2066.821106	-24676.996431	-8823.798159	5733.423618	-187500.022352	-0.034000	0.968000	-0.144000	192.000000	0.000000	0.000000	0.000000	0.000000	0.000000	0.000000	0.000000	0.000000	0.000000	1745266294.398056	0.000000
126.000000	-31655.881602	-3039.054935	2209.134663	-6507.799805	-2543.270891	8914.702703	-27533.504669	-3473.081109	-1905.061532	-21647.508043	-30313.793458	-2066.552885	-24685.780667	-8829.743723	5731.300203	-187500.022352	-0.034000	0.968000	-0.144000	192.000000	0.000000	0.000000	0.000000	0.000000	0.000000	0.000000	0.000000	0.000000	0.000000	1745266294.398095	0.000000
128.000000	-31662.140091	-3044.195836	2207.525338	-6516.047599	-2543.695574	8912.959267	-27530.911867	-3481.798289	-1899.495947	-21643.708246	-30306.640900	-2062.663682	-24673.218986	-8833.789388	5736.910491	-187500.022352	-0.034000	0.968000	-0.144000	192.000000	0.000000	0.000000	0.000000	0.000000	0.000000	0.000000	0.000000	0.000000	0.000000	1745266294.398129	0.000000
130.000000	-31654.741663	-3037.914996	2213.314439	-6503.731788	-2541.840379	8916.714360	-27526.285055	-3481.328902	-1907.922555	-21658.281584	-30314.218141	-2067.938694	-24681.176207	-8854.911787	5735.725848	-187500.022352	-0.028000	0.968000	-0.138000	192.000000	127.500000	16.000000	15.000000	32.000000	125.500000	88.000000	0.000000	0.000000	0.000000	1745266294.398159	0.000000
132.000000	-31661.335428	-3041.647737	2215.683724	-6496.936857	-2545.573121	8914.568593	-27524.988654	-3467.850800	-1905.352104	-21648.446816	-30309.412516	-2056.427545	-24674.850664	-8823.552289	5742.811351	-187500.022352	-0.028000	0.968000	-0.138000	192.000000	0.000000	0.000000	0.000000	0.000000	0.000000	0.000000	0.000000	0.000000	0.000000	1745266294.457796	0.000000
134.000000	-31659.949620	-3039.390211	2221.428123	-6496.914506	-2542.622691	8925.722113	-27521.881762	-3469.236609	-1903.452206	-21650.257307	-30309.434868	-2054.102964	-24675.230643	-8811.124720	5750.209779	-187500.022352	-0.028000	0.968000	-0.138000	192.000000	0.000000	0.000000	0.000000	0.000000	0.000000	0.000000	0.000000	0.000000	0.000000	1745266294.457837	0.000000
136.000000	-31674.768826	-3053.896493	2209.782864	-6509.386779	-2557.285435	8914.680352	-27528.341416	-3476.992664	-1904.592145	-21650.749046	-30315.715708	-2064.094193	-24679.186902	-8830.682496	5746.074706	-187500.022352	-0.028000	0.968000	-0.138000	192.000000	0.000000	0.000000	0.000000	0.000000	0.000000	0.000000	0.000000	0.000000	0.000000	1745266294.457868	0.000000
138.000000	-31666.901012	-3050.119048	2210.565175	-6510.772587	-2554.133839	8916.937878	-27526.463869	-3472.924646	-1908.883680	-21675.805351	-30325.617531	-2074.130127	-24679.969213	-8850.441438	5741.649060	-187500.022352	-0.028000	0.968000	-0.138000	192.000000	0.000000	0.000000	0.000000	0.000000	0.000000	0.000000	0.000000	0.000000	0.000000	1745266294.457899	0.000000
140.000000	-31672.868928	-3054.567046	2213.068570	-6505.207003	-2551.071650	8919.083645	-27517.411413	-3471.650597	-1907.497872	-21664.003630	-30320.029595	-2063.893028	-24672.481379	-8821.004191	5755.082459	-187500.022352	-0.026000	0.974000	-0.138000	192.000000	127.500000	24.000000	15.000000	56.000000	125.500000	88.000000	0.000000	0.000000	0.000000	1745266294.457929	0.000000
142.000000	-31678.121588	-3059.707947	2217.494216	-6507.017494	-2552.949196	8921.385875	-27518.126669	-3474.198696	-1912.974049	-21664.182444	-30324.477592	-2068.631598	-24677.130541	-8836.516301	5760.513933	-187500.022352	-0.026000	0.974000	-0.138000	192.000000	0.000000	0.000000	0.000000	0.000000	0.000000	0.000000	0.000000	0.000000	0.000000	1745266294.457974	0.000000
144.000000	-31671.550175	-3055.528171	2223.015097	-6506.570459	-2556.234903	8911.662866	-27516.115012	-3477.305588	-1912.527014	-21667.825778	-30325.304607	-2076.566467	-24675.275347	-8839.042048	5756.244750	-187500.022352	-0.026000	0.974000	-0.138000	192.000000	0.000000	0.000000	0.000000	0.000000	0.000000	0.000000	0.000000	0.000000	0.000000	1745266294.458025	0.000000
146.000000	-31668.331524	-3048.040336	2222.210434	-6505.229355	-2567.433127	8907.058407	-27530.174259	-3483.027635	-1897.171366	-21647.664505	-30309.524275	-2063.200124	-24665.284117	-8836.516301	5761.050375	-187500.022352	-0.026000	0.974000	-0.138000	192.000000	0.000000	0.000000	0.000000	0.000000	0.000000	0.000000	0.000000	0.000000	0.000000	1745266294.458055	0.000000
148.000000	-31672.533652	-3051.080173	2212.576832	-6508.582116	-2571.076461	8900.375235	-27531.783585	-3493.667065	-1915.142168	-21660.404999	-30324.879923	-2074.599513	-24679.097495	-8848.698002	5739.257424	-187500.022352	-0.026000	0.974000	-0.138000	192.000000	0.000000	0.000000	0.000000	0.000000	0.000000	0.000000	0.000000	0.000000	0.000000	1745266294.517943	0.000000
150.000000	-31666.073998	-3043.324118	2215.616669	-6504.335285	-2574.362168	8910.746445	-27529.436651	-3485.978065	-1912.035276	-21659.555633	-30320.051947	-2068.922170	-24682.070277	-8834.705810	5741.470246	-187500.022352	-0.026000	0.970000	-0.140000	192.000000	127.500000	24.000000	15.000000	40.000000	125.500000	80.000000	0.000000	0.000000	0.000000	1745266294.518018	0.000000
152.000000	-31643.185811	-3018.200757	2232.313422	-6488.420843	-2558.648891	8935.065143	-27518.797221	-3471.985873	-1892.522203	-21652.626592	-30299.890673	-2049.722022	-24663.183053	-8830.414275	5752.243787	-187500.022352	-0.026000	0.970000	-0.140000	192.000000	0.000000	0.000000	0.000000	0.000000	0.000000	0.000000	0.000000	0.000000	0.000000	1745266294.518051	0.000000
154.000000	-31634.356872	-3010.109426	2234.258024	-6480.933008	-2564.236827	8938.753180	-27520.719471	-3459.625359	-1891.672837	-21621.736481	-30291.642879	-2037.965004	-24668.502768	-8781.910990	5762.726755	-187500.022352	-0.026000	0.970000	-0.140000	192.000000	0.000000	0.000000	0.000000	0.000000	0.000000	0.000000	0.000000	0.000000	0.000000	1745266294.518085	0.000000
156.000000	-31645.063358	-3021.240595	2226.971355	-6490.521907	-2581.335912	8927.264384	-27536.544506	-3473.662254	-1887.001322	-21616.416766	-30290.771161	-2033.293490	-24658.466835	-8797.624266	5761.542113	-187500.022352	-0.026000	0.970000	-0.140000	192.000000	0.000000	0.000000	0.000000	0.000000	0.000000	0.000000	0.000000	0.000000	0.000000	1745266294.518116	0.000000
158.000000	-31655.836899	-3032.841150	2220.936384	-6498.210907	-2587.102662	8916.401436	-27539.919620	-3490.426062	-1896.232593	-21627.682045	-30302.550531	-2047.911530	-24666.513463	-8812.152900	5746.968776	-187500.022352	-0.026000	0.970000	-0.140000	192.000000	0.000000	0.000000	0.000000	0.000000	0.000000	0.000000	0.000000	0.000000	0.000000	1745266294.518145	0.000000
160.000000	-31681.384943	-3058.568008	2201.624477	-6518.036904	-2597.317409	8898.788261	-27542.802995	-3505.871118	-1909.062494	-21666.507026	-30319.068470	-2064.921208	-24674.738905	-8819.685438	5733.937709	-187500.022352	-0.024000	0.969000	-0.146000	192.000000	127.500000	40.000000	15.000000	32.000000	125.500000	32.000000	0.000000	0.000000	0.000000	1745266294.518175	0.000000
162.000000	-31682.480178	-3061.674900	2204.105521	-6516.069951	-2599.999619	8910.947610	-27537.237410	-3488.928496	-1923.300555	-21682.913206	-30335.519354	-2086.691807	-24697.694146	-8849.323851	5726.628688	-187500.022352	-0.024000	0.969000	-0.146000	192.000000	0.000000	0.000000	0.000000	0.000000	0.000000	0.000000	0.000000	0.000000	0.000000	1745266294.578109	0.000000
164.000000	-31679.887376	-3062.144287	2211.325134	-6509.386779	-2594.858717	8908.175994	-27535.605733	-3488.794385	-1917.019715	-21670.843264	-30328.679720	-2077.661702	-24678.181073	-8841.098409	5740.576177	-187500.022352	-0.024000	0.969000	-0.146000	192.000000	0.000000	0.000000	0.000000	0.000000	0.000000	0.000000	0.000000	0.000000	0.000000	1745266294.578155	0.000000
166.000000	-31677.696905	-3058.836229	2217.762437	-6512.761892	-2598.166775	8907.348979	-27535.829250	-3484.614609	-1921.780637	-21666.261156	-30329.953769	-2078.734586	-24684.819542	-8821.428874	5741.649060	-187500.022352	-0.024000	0.969000	-0.146000	192.000000	0.000000	0.000000	0.000000	0.000000	0.000000	0.000000	0.000000	0.000000	0.000000	1745266294.578200	0.000000
168.000000	-31675.081751	-3048.777944	2226.099637	-6512.940706	-2598.725569	8909.606506	-27536.343340	-3492.571830	-1915.320982	-21659.980316	-30325.416365	-2076.521763	-24671.207329	-8825.563946	5745.918244	-187500.022352	-0.024000	0.969000	-0.146000	192.000000	0.000000	0.000000	0.000000	0.000000	0.000000	0.000000	0.000000	0.000000	0.000000	1745266294.578230	0.000000
170.000000	-31650.561887	-3031.500045	2248.317271	-6488.666712	-2577.781985	8932.584099	-27512.158753	-3464.810963	-1897.350180	-21632.286505	-30301.499999	-2055.667586	-24666.222890	-8823.865214	5764.537247	-187500.022352	-0.027000	0.971500	-0.148000	192.000000	127.500000	8.000000	15.000000	56.000000	125.500000	40.000000	0.000000	0.000000	0.000000	1745266294.578274	0.000000
172.000000	-31652.975875	-3035.322194	2239.778905	-6496.109843	-2585.918020	8918.502500	-27516.807916	-3468.901332	-1897.439587	-21647.999781	-30297.208464	-2049.051469	-24667.049905	-8834.571699	5773.768517	-187500.022352	-0.027000	0.971500	-0.148000	192.000000	0.000000	0.000000	0.000000	0.000000	0.000000	0.000000	0.000000	0.000000	0.000000	1745266294.578309	0.000000
174.000000	-31654.965181	-3031.812970	2234.638004	-6494.388758	-2593.227040	8921.363523	-27523.491087	-3473.215219	-1895.584392	-21659.198005	-30304.070449	-2056.628711	-24661.149044	-8816.377379	5757.831723	-187500.022352	-0.027000	0.971500	-0.148000	192.000000	0.000000	0.000000	0.000000	0.000000	0.000000	0.000000	0.000000	0.000000	0.000000	1745266294.578340	0.000000
176.000000	-31662.296553	-3036.752705	2217.293050	-6502.435386	-2610.057904	8921.028247	-27534.175221	-3476.344463	-1904.525090	-21643.283563	-30308.831371	-2046.525722	-24663.898309	-8809.984781	5749.986261	-187500.022352	-0.027000	0.971500	-0.148000	192.000000	0.000000	0.000000	0.000000	0.000000	0.000000	0.000000	0.000000	0.000000	0.000000	1745266294.578372	0.000000
178.000000	-31652.752358	-3027.610842	2215.348448	-6500.088453	-2609.096779	8925.453892	-27527.760271	-3472.142335	-1900.680590	-21640.511947	-30312.653519	-2048.693842	-24676.191768	-8820.423045	5736.016421	-187500.022352	-0.027000	0.971500	-0.148000	192.000000	0.000000	0.000000	0.000000	0.000000	0.000000	0.000000	0.000000	0.000000	0.000000	1745266294.638420	0.000000
180.000000	-31664.107044	-3034.763400	2206.810082	-6509.073855	-2615.154101	8918.457796	-27530.621294	-3480.032501	-1904.301572	-21618.137851	-30312.675871	-2044.201141	-24680.930338	-8800.708807	5739.391534	-187500.022352	-0.029500	0.971750	-0.147000	192.000000	127.500000	0.000000	15.000000	48.000000	125.500000	56.000000	0.000000	0.000000	0.000000	1745266294.638456	0.000000
182.000000	-31673.517129	-3043.949967	2195.902431	-6519.735637	-2618.417456	8902.476299	-27530.733053	-3483.787594	-1923.166445	-21639.126139	-30331.652502	-2067.312845	-24684.104286	-8833.074133	5730.428485	-187500.022352	-0.029500	0.971750	-0.147000	192.000000	0.000000	0.000000	0.000000	0.000000	0.000000	0.000000	0.000000	0.000000	0.000000	1745266294.638488	0.000000
184.000000	-31675.439379	-3047.638005	2191.320323	-6518.461587	-2624.117151	8901.984561	-27544.904059	-3493.488251	-1918.204357	-21652.492482	-30334.088842	-2067.536362	-24688.418172	-8813.650467	5729.735581	-187500.022352	-0.029500	0.971750	-0.147000	192.000000	0.000000	0.000000	0.000000	0.000000	0.000000	0.000000	0.000000	0.000000	0.000000	1745266294.638518	0.000000
186.000000	-31669.896146	-3041.670089	2202.786768	-6514.080645	-2620.339706	8909.517099	-27532.744710	-3482.938228	-1916.259756	-21659.309764	-30334.938208	-2070.464441	-24680.639765	-8830.749551	5723.879424	-187500.022352	-0.029500	0.971750	-0.147000	192.000000	0.000000	0.000000	0.000000	0.000000	0.000000	0.000000	0.000000	0.000000	0.000000	1745266294.638555	0.000000
188.000000	-31668.800911	-3043.815856	2213.046219	-6511.778416	-2614.684715	8905.806709	-27532.141212	-3478.087899	-1902.379322	-21651.866633	-30324.701109	-2064.496525	-24661.171396	-8815.215089	5736.239938	-187500.022352	-0.029500	0.971750	-0.147000	192.000000	0.000000	0.000000	0.000000	0.000000	0.000000	0.000000	0.000000	0.000000	0.000000	1745266294.638598	0.000000
190.000000	-31677.495739	-3052.175409	2217.829492	-6510.884346	-2609.879090	8915.485014	-27520.987692	-3471.181210	-1902.200508	-21657.275755	-30322.868266	-2070.240923	-24664.144178	-8808.017827	5748.533398	-187500.022352	-0.028750	0.972875	-0.146500	192.000000	127.500000	16.000000	15.000000	56.000000	125.500000	56.000000	0.000000	0.000000	0.000000	1745266294.638628	0.000000
192.000000	-31683.709524	-3058.612711	2210.408713	-6527.469340	-2627.648726	8911.506404	-27533.392910	-3484.726368	-1910.962392	-21664.450665	-30332.390110	-2084.054301	-24673.554262	-8827.888528	5741.134970	-187500.022352	-0.028750	0.972875	-0.146500	192.000000	0.000000	0.000000	0.000000	0.000000	0.000000	0.000000	0.000000	0.000000	0.000000	1745266294.698631	0.000000
194.000000	-31672.935983	-3049.359089	2214.253213	-6521.970811	-2621.189072	8907.214869	-27521.054747	-3474.578676	-1903.899241	-21658.706267	-30325.930455	-2088.390540	-24665.686448	-8825.809816	5740.777342	-187500.022352	-0.028750	0.972875	-0.146500	192.000000	0.000000	0.000000	0.000000	0.000000	0.000000	0.000000	0.000000	0.000000	0.000000	1745266294.698675	0.000000
196.000000	-31673.114797	-3048.666185	2215.549614	-6521.076741	-2624.452427	8907.773663	-27525.279227	-3474.623379	-1905.575622	-21656.918127	-30328.299740	-2095.900726	-24672.839007	-8838.192682	5740.240901	-187500.022352	-0.028750	0.972875	-0.146500	192.000000	0.000000	0.000000	0.000000	0.000000	0.000000	0.000000	0.000000	0.000000	0.000000	1745266294.698706	0.000000
198.000000	-31654.093463	-3036.082153	2229.675916	-6504.245878	-2619.736209	8919.396570	-27514.885666	-3459.960635	-1904.033351	-21662.595470	-30321.974197	-2107.545985	-24664.054771	-8831.442455	5744.197159	-187500.022352	-0.028750	0.972875	-0.146500	192.000000	0.000000	0.000000	0.000000	0.000000	0.000000	0.000000	0.000000	0.000000	0.000000	1745266294.698739	0.000000
200.000000	-31656.038064	-3033.466999	2225.786713	-6507.486881	-2634.421305	8918.860128	-27523.871067	-3467.426117	-1883.760319	-21652.939517	-30306.998528	-2109.110607	-24656.812806	-8779.809926	5750.813276	-187500.022352	-0.029375	0.972437	-0.143250	192.000000	127.500000	8.000000	15.000000	48.000000	125.500000	80.000000	0.000000	0.000000	0.000000	1745266294.698768	0.000000
202.000000	-31636.837916	-3016.479673	2244.182199	-6488.309084	-2622.507825	8925.744465	-27508.202494	-3451.735193	-1882.419215	-21641.897755	-30301.656461	-2127.282575	-24651.962477	-8800.150013	5751.684994	-187500.022352	-0.029375	0.972437	-0.143250	192.000000	0.000000	0.000000	0.000000	0.000000	0.000000	0.000000	0.000000	0.000000	0.000000	1745266294.698801	0.000000
204.000000	-31642.403500	-3019.452455	2238.236635	-6493.539392	-2631.336764	8914.501538	-27516.942026	-3462.218161	-1879.960523	-21628.017322	-30294.906234	-2130.992965	-24654.108245	-8809.224821	5756.222398	-187500.022352	-0.029375	0.972437	-0.143250	192.000000	0.000000	0.000000	0.000000	0.000000	0.000000	0.000000	0.000000	0.000000	0.000000	1745266294.698832	0.000000
206.000000	-31642.336445	-3020.413580	2246.037393	-6491.751253	-2631.627337	8913.629820	-27517.925503	-3464.095707	-1885.883735	-21637.963848	-30302.349365	-2141.565340	-24661.283155	-8807.883717	5749.181598	-187500.022352	-0.029375	0.972437	-0.143250	192.000000	0.000000	0.000000	0.000000	0.000000	0.000000	0.000000	0.000000	0.000000	0.000000	1745266294.698862	0.000000
208.000000	-31642.224686	-3020.659449	2271.607789	-6490.544258	-2627.447561	8914.479186	-27518.394890	-3461.033518	-1880.742834	-21630.788938	-30297.946071	-2143.040555	-24650.733131	-8799.725330	5755.104811	-187500.022352	-0.029375	0.972437	-0.143250	192.000000	0.000000	0.000000	0.000000	0.000000	0.000000	0.000000	0.000000	0.000000	0.000000	1745266294.758624	0.000000
210.000000	-31655.591030	-3038.183217	2257.146210	-6501.608372	-2642.155009	8902.386892	-27542.087739	-3485.531030	-1892.701017	-21646.055179	-30310.641862	-2161.234875	-24660.634954	-8821.607688	5742.319613	-187500.022352	-0.027688	0.972219	-0.141625	192.000000	127.500000	24.000000	15.000000	48.000000	125.500000	80.000000	0.000000	0.000000	0.000000	1745266294.758721	0.000000
212.000000	-31649.466652	-3030.069534	2261.348338	-6493.651151	-2638.779895	8902.386892	-27524.787489	-3475.897429	-1892.656313	-21653.297145	-30313.949920	-2164.811154	-24667.586347	-8817.092635	5731.031982	-187500.022352	-0.027688	0.972219	-0.141625	192.000000	0.000000	0.000000	0.000000	0.000000	0.000000	0.000000	0.000000	0.000000	0.000000	1745266294.758755	0.000000
214.000000	-31649.019617	-3030.181292	2263.024719	-6496.266305	-2638.109343	8902.319837	-27521.121802	-3479.473708	-1880.161688	-21636.913316	-30301.254130	-2147.712069	-24647.112149	-8814.030446	5745.404154	-187500.022352	-0.027688	0.972219	-0.141625	192.000000	0.000000	0.000000	0.000000	0.000000	0.000000	0.000000	0.000000	0.000000	0.000000	1745266294.758797	0.000000
216.000000	-31649.153727	-3026.984993	2262.085946	-6500.289619	-2639.539854	8906.521965	-27525.033358	-3477.842030	-1894.511508	-21636.063950	-30308.697260	-2156.518657	-24650.375503	-8813.851632	5736.686973	-187500.022352	-0.027688	0.972219	-0.141625	192.000000	0.000000	0.000000	0.000000	0.000000	0.000000	0.000000	0.000000	0.000000	0.000000	1745266294.758832	0.000000
218.000000	-31650.360721	-3030.628327	2263.069423	-6504.201174	-2645.708936	8899.257648	-27532.208268	-3484.100519	-1892.008113	-21643.976467	-30305.947996	-2158.932645	-24660.590251	-8828.715542	5739.033906	-187500.022352	-0.027688	0.972219	-0.141625	192.000000	0.000000	0.000000	0.000000	0.000000	0.000000	0.000000	0.000000	0.000000	0.000000	1745266294.758862	0.000000
220.000000	-31646.851498	-3027.923766	2267.159792	-6497.652113	-2649.262863	8898.676503	-27533.728186	-3485.665141	-1887.716578	-21639.059083	-30299.063659	-2156.697471	-24652.163643	-8807.816661	5741.537302	-187500.022352	-0.027688	0.972219	-0.141625	192.000000	0.000000	0.000000	0.000000	0.000000	0.000000	0.000000	0.000000	0.000000	0.000000	1745266294.758895	0.000000
222.000000	-31638.827221	-3023.721638	2270.423147	-6491.773604	-2641.260939	8899.011779	-27524.608675	-3472.365853	-1878.038273	-21635.371046	-30294.638013	-2150.349575	-24649.950820	-8816.600897	5741.000860	-187500.022352	-0.030000	0.968000	-0.150000	192.000000	127.500000	8.000000	15.000000	32.000000	125.500000	40.000000	0.000000	0.000000	0.000000	1745266294.758926	0.000000
224.000000	-31633.641617	-3019.094827	2278.492126	-6484.330473	-2632.834331	8904.353846	-27512.046994	-3472.835240	-1873.858496	-21633.091168	-30291.374659	-2145.901578	-24643.401759	-8809.336580	5748.108715	-187500.022352	-0.030000	0.968000	-0.150000	192.000000	0.000000	0.000000	0.000000	0.000000	0.000000	0.000000	0.000000	0.000000	0.000000	1745266294.818830	0.000000
226.000000	-31650.561887	-3035.925691	2260.767193	-6503.172994	-2652.772087	8894.429671	-27531.023625	-3488.146184	-1879.178212	-21629.514888	-30299.935377	-2152.852971	-24646.531003	-8805.156804	5746.119409	-187500.022352	-0.030000	0.968000	-0.150000	192.000000	0.000000	0.000000	0.000000	0.000000	0.000000	0.000000	0.000000	0.000000	0.000000	1745266294.818869	0.000000
228.000000	-31640.011864	-3027.990821	2269.663187	-6495.439290	-2651.252169	8894.250857	-27528.341416	-3478.110251	-1887.381302	-21637.807386	-30308.831371	-2165.258189	-24663.495977	-8827.776769	5737.379877	-187500.022352	-0.030000	0.968000	-0.150000	192.000000	0.000000	0.000000	0.000000	0.000000	0.000000	0.000000	0.000000	0.000000	0.000000	1745266294.818900	0.000000
230.000000	-31634.602742	-3021.821740	2271.294865	-6494.075834	-2651.788610	8884.796069	-27531.895343	-3485.441623	-1880.988703	-21619.680121	-30297.141409	-2149.209636	-24643.401759	-8816.824414	5744.353622	-187500.022352	-0.030000	0.968000	-0.150000	192.000000	0.000000	0.000000	0.000000	0.000000	0.000000	0.000000	0.000000	0.000000	0.000000	1745266294.818945	0.000000
232.000000	-31636.167364	-3021.866443	2274.468812	-6491.281866	-2652.414459	8890.249895	-27532.521192	-3487.676798	-1876.227781	-21618.517830	-30301.656461	-2157.882113	-24660.523195	-8830.883662	5741.157322	-187500.022352	-0.030000	0.970000	-0.146000	192.000000	127.500000	8.000000	15.000000	40.000000	125.500000	56.000000	0.000000	0.000000	0.000000	1745266294.818998	0.000000
234.000000	-31641.800003	-3028.124932	2277.285132	-6492.891192	-2650.112230	8888.059424	-27526.955608	-3477.707920	-1875.087842	-21631.012455	-30300.181246	-2149.813133	-24641.725378	-8815.751531	5751.126200	-187500.022352	-0.030000	0.970000	-0.146000	192.000000	0.000000	0.000000	0.000000	0.000000	0.000000	0.000000	0.000000	0.000000	0.000000	1745266294.819031	0.000000
236.000000	-31643.163460	-3030.963603	2277.709815	-6490.544258	-2644.703107	8890.495764	-27522.261741	-3475.115117	-1874.506697	-21638.120310	-30301.857627	-2157.680948	-24639.333742	-8809.895374	5756.267101	-187500.022352	-0.030000	0.970000	-0.146000	192.000000	0.000000	0.000000	0.000000	0.000000	0.000000	0.000000	0.000000	0.000000	0.000000	1745266294.819071	0.000000
238.000000	-31650.539535	-3037.959699	2273.574743	-6499.015570	-2651.006299	8897.245991	-27528.855506	-3485.352216	-1880.921648	-21644.088226	-30312.027670	-2167.247494	-24649.257916	-8809.895374	5754.031927	-187500.022352	-0.030000	0.970000	-0.146000	192.000000	0.000000	0.000000	0.000000	0.000000	0.000000	0.000000	0.000000	0.000000	0.000000	1745266294.879054	0.000000
240.000000	-31649.556059	-3035.501007	2269.529077	-6496.847450	-2660.528143	8882.717357	-27534.711663	-3486.961542	-1885.548459	-21634.499327	-30313.458182	-2169.013282	-24652.342457	-8824.222842	5747.035831	-187500.022352	-0.030000	0.970000	-0.146000	192.000000	0.000000	0.000000	0.000000	0.000000	0.000000	0.000000	0.000000	0.000000	0.000000	1745266294.879095	0.000000
242.000000	-31642.157631	-3024.235728	2273.328873	-6490.611314	-2660.282273	8886.025415	-27531.671826	-3483.362911	-1888.923572	-21626.542106	-30311.021842	-2160.094936	-24648.386198	-8806.632019	5742.856055	-187500.022352	-0.026000	0.972000	-0.142000	192.000000	127.500000	24.000000	15.000000	48.000000	125.500000	72.000000	0.000000	0.000000	0.000000	1745266294.879141	0.000000
244.000000	-31637.843744	-3023.587528	2273.127708	-6488.689064	-2656.750698	8893.781471	-27527.156773	-3477.037367	-1877.971217	-21618.875458	-30300.270653	-2148.047346	-24640.160756	-8795.858478	5748.064011	-187500.022352	-0.026000	0.972000	-0.142000	192.000000	0.000000	0.000000	0.000000	0.000000	0.000000	0.000000	0.000000	0.000000	0.000000	1745266294.879173	0.000000
246.000000	-31650.047797	-3029.846016	2265.796335	-6494.321703	-2662.316282	8885.421918	-27530.286018	-3480.747757	-1887.358950	-21633.828775	-30309.658385	-2148.136753	-24654.309410	-8811.728217	5744.912415	-187500.022352	-0.026000	0.972000	-0.142000	192.000000	0.000000	0.000000	0.000000	0.000000	0.000000	0.000000	0.000000	0.000000	0.000000	1745266294.879204	0.000000
248.000000	-31643.342274	-3021.195891	2271.764251	-6493.248820	-2661.422212	8886.137174	-27520.250084	-3467.940207	-1895.562040	-21640.936630	-30319.314339	-2152.294177	-24659.606774	-8824.647525	5740.620880	-187500.022352	-0.026000	0.972000	-0.142000	192.000000	0.000000	0.000000	0.000000	0.000000	0.000000	0.000000	0.000000	0.000000	0.000000	1745266294.879234	0.000000
250.000000	-31644.258695	-3022.335830	2267.495068	-6498.277962	-2666.160782	8884.729014	-27532.074157	-3481.150088	-1882.150994	-21625.826851	-30308.786667	-2142.235892	-24635.735111	-8824.289897	5746.432334	-187500.022352	-0.026000	0.972000	-0.142000	192.000000	0.000000	0.000000	0.000000	0.000000	0.000000	0.000000	0.000000	0.000000	0.000000	1745266294.879264	0.000000
252.000000	-31641.889410	-3022.380534	2260.431917	-6502.278924	-2648.234683	8884.237276	-27529.056672	-3483.049987	-1885.056720	-21621.602371	-30311.245359	-2144.426363	-24645.458120	-8808.174289	5740.129142	-187500.022352	-0.032000	0.976000	-0.142000	192.000000	127.500000	0.000000	15.000000	64.000000	125.500000	72.000000	0.000000	0.000000	0.000000	1745266294.879302	0.000000
254.000000	-31654.562849	-3037.982051	2253.636986	-6513.901831	-2664.730270	8881.644473	-27541.528945	-3492.348312	-1900.613535	-21628.911391	-30326.221028	-2161.771317	-24668.391009	-8828.179101	5727.187482	-187500.022352	-0.032000	0.976000	-0.142000	192.000000	0.000000	0.000000	0.000000	0.000000	0.000000	0.000000	0.000000	0.000000	0.000000	1745266294.939519	0.000000
0.000000	-31643.565791	-3031.120066	2269.819649	-6494.969904	-2653.464991	8885.667787	-27519.087794	-3474.645731	-1886.978970	-21642.031865	-30317.481496	-2157.926817	-24649.548489	-8816.712656	5738.810389	-187500.022352	-0.032000	0.976000	-0.142000	192.000000	0.000000	0.000000	0.000000	0.000000	0.000000	0.000000	0.000000	0.000000	0.000000	1745266294.939559	0.000000
2.000000	-31643.208163	-3031.947080	2271.987769	-6496.802747	-2663.925608	8882.627950	-27537.863259	-3479.138431	-1878.686473	-21630.051330	-30310.932435	-2148.784953	-24636.517422	-8806.050874	5747.035831	-187500.022352	-0.032000	0.976000	-0.142000	192.000000	0.000000	0.000000	0.000000	0.000000	0.000000	0.000000	0.000000	0.000000	0.000000	1745266294.939619	0.000000
4.000000	-31641.867058	-3032.148246	2275.944027	-6498.747349	-2662.942131	8870.647415	-27534.376387	-3486.223934	-1880.429909	-21633.180575	-30314.061679	-2156.093974	-24642.395931	-8806.207336	5735.770552	-187500.022352	-0.032000	0.976000	-0.142000	192.000000	0.000000	0.000000	0.000000	0.000000	0.000000	0.000000	0.000000	0.000000	0.000000	1745266294.939653	0.000000
6.000000	-31634.602742	-3025.800350	2283.945952	-6495.394587	-2647.385317	8886.494802	-27519.043090	-3477.819679	-1880.049930	-21624.753967	-30305.970348	-2151.310700	-24637.635009	-8812.890507	5745.985299	-187500.022352	-0.038000	0.970000	-0.144000	192.000000	127.000000	104.000000	15.000000	40.000000	125.500000	64.000000	0.000000	0.000000	0.000000	1745266294.939684	0.000000
8.000000	-31624.030366	-3019.430103	2296.194708	-6482.788203	-2642.624395	8891.143965	-27512.628140	-3475.070414	-1871.891543	-21620.685949	-30295.621490	-2141.632395	-24631.331817	-8806.877888	5752.243787	-187500.022352	-0.038000	0.970000	-0.144000	192.000000	0.000000	0.000000	0.000000	0.000000	0.000000	0.000000	0.000000	0.000000	0.000000	1745266294.939719	0.000000
10.000000	-31635.854439	-3032.595281	2285.197650	-6491.103052	-2656.258959	8886.204229	-27522.038224	-3477.640865	-1862.526162	-21625.402167	-30290.122961	-2141.565340	-24618.881895	-8786.157821	5753.540188	-187500.022352	-0.038000	0.970000	-0.144000	192.000000	0.000000	0.000000	0.000000	0.000000	0.000000	0.000000	0.000000	0.000000	0.000000	1745266294.939749	0.000000
12.000000	-31647.343236	-3044.039374	2272.188934	-6505.788148	-2670.184096	8865.461810	-27533.795242	-3494.091748	-1875.892505	-21640.534298	-30303.958691	-2154.484648	-24637.277381	-8833.610574	5742.543130	-187500.022352	-0.038000	0.970000	-0.144000	192.000000	0.000000	0.000000	0.000000	0.000000	0.000000	0.000000	0.000000	0.000000	0.000000	1745266294.998589	0.000000
14.000000	-31633.306340	-3024.861577	2282.023702	-6492.041825	-2661.668081	8887.522982	-27522.149983	-3483.228801	-1883.916781	-21636.019246	-30310.597159	-2157.099802	-24639.981942	-8815.125682	5737.066953	-187500.022352	-0.038000	0.970000	-0.144000	192.000000	0.000000	0.000000	0.000000	0.000000	0.000000	0.000000	0.000000	0.000000	0.000000	1745266294.998633	0.000000
16.000000	-31628.612474	-3019.385400	2283.633028	-6482.229409	-2666.697224	8898.274171	-27523.736957	-3474.690434	-1866.661235	-21618.428423	-30298.147237	-2137.027936	-24631.756500	-8794.204449	5752.981395	-187500.022352	-0.030000	0.970000	-0.142000	192.000000	127.500000	8.000000	15.000000	40.000000	125.500000	72.000000	0.000000	0.000000	0.000000	1745266294.998665	0.000000
18.000000	-31626.019672	-3011.897565	2283.878897	-6475.367424	-2661.243398	8904.666770	-27510.169448	-3463.536914	-1861.542685	-21608.928932	-30293.185150	-2125.740305	-24625.855640	-8767.985853	5758.681090	-187500.022352	-0.030000	0.970000	-0.142000	192.000000	0.000000	0.000000	0.000000	0.000000	0.000000	0.000000	0.000000	0.000000	0.000000	1745266294.998711	0.000000
20.000000	-31634.468631	-3025.532129	2270.534905	-6483.168183	-2676.867268	8885.936008	-27525.189820	-3482.267676	-1884.319113	-21618.853106	-30309.971310	-2133.071677	-24660.389085	-8810.230650	5746.208816	-187500.022352	-0.030000	0.970000	-0.142000	192.000000	0.000000	0.000000	0.000000	0.000000	0.000000	0.000000	0.000000	0.000000	0.000000	1745266294.998757	0.000000
22.000000	-31625.773802	-3022.335830	2279.319141	-6474.115726	-2674.028596	8894.116747	-27527.514401	-3479.451356	-1872.562095	-21626.229182	-30305.590368	-2133.339898	-24633.790509	-8798.227763	5745.717078	-187500.022352	-0.030000	0.970000	-0.142000	192.000000	0.000000	0.000000	0.000000	0.000000	0.000000	0.000000	0.000000	0.000000	0.000000	1745266294.998786	0.000000
24.000000	-31631.495849	-3027.990821	2279.967341	-6480.709491	-2671.100518	8889.132308	-27528.497878	-3488.615571	-1868.717595	-21630.341903	-30303.489304	-2133.250491	-24629.074291	-8779.273484	5754.277796	-187500.022352	-0.030000	0.970000	-0.142000	192.000000	0.000000	0.000000	0.000000	0.000000	0.000000	0.000000	0.000000	0.000000	0.000000	1745266294.998824	0.000000
26.000000	-31637.530820	-3032.617632	2275.988731	-6492.935895	-2673.939189	8884.013758	-27529.771928	-3493.600010	-1878.239438	-21619.121327	-30309.881903	-2134.636299	-24630.035416	-8781.486306	5750.701517	-187500.022352	-0.032000	0.970000	-0.140000	192.000000	127.500000	0.000000	15.000000	40.000000	125.500000	80.000000	0.000000	0.000000	0.000000	1745266294.998858	0.000000
28.000000	-31632.389919	-3024.548653	2281.576667	-6485.358654	-2668.641826	8875.363633	-27526.866201	-3492.080091	-1869.835182	-21611.767603	-30307.311452	-2123.929813	-24633.723454	-8805.737949	5752.936691	-187500.022352	-0.032000	0.970000	-0.140000	192.000000	0.000000	0.000000	0.000000	0.000000	0.000000	0.000000	0.000000	0.000000	0.000000	1745266295.058564	0.000000
30.000000	-31637.843744	-3034.785752	2270.847830	-6491.661846	-2674.788555	8873.776659	-27525.234523	-3491.230725	-1877.121851	-21623.345807	-30310.664214	-2124.578014	-24640.876012	-8803.368664	5749.248654	-187500.022352	-0.032000	0.970000	-0.140000	192.000000	0.000000	0.000000	0.000000	0.000000	0.000000	0.000000	0.000000	0.000000	0.000000	1745266295.058616	0.000000
32.000000	-31630.445317	-3025.934461	2279.900286	-6485.023378	-2664.640863	8882.493840	-27514.103355	-3485.866307	-1874.193773	-21630.319551	-30312.027670	-2124.175683	-24633.634047	-8791.499888	5750.276834	-187500.022352	-0.032000	0.970000	-0.140000	192.000000	0.000000	0.000000	0.000000	0.000000	0.000000	0.000000	0.000000	0.000000	0.000000	1745266295.058646	0.000000
34.000000	-31629.148916	-3026.046220	2277.843926	-6489.896058	-2666.943093	8879.811630	-27511.734070	-3475.316283	-1867.845877	-21619.300141	-30306.126810	-2120.778217	-24622.569933	-8784.503792	5757.585854	-187500.022352	-0.032000	0.970000	-0.140000	192.000000	0.000000	0.000000	0.000000	0.000000	0.000000	0.000000	0.000000	0.000000	0.000000	1745266295.058675	0.000000
36.000000	-31637.262599	-3036.171560	2268.567952	-6497.495651	-2674.855611	8872.033223	-27516.852619	-3488.593219	-1875.534877	-21624.083415	-30312.407650	-2130.121247	-24633.008198	-8803.569830	5743.884235	-187500.022352	-0.035000	0.968000	-0.138000	192.000000	127.000000	104.000000	15.000000	24.000000	125.500000	96.000000	0.000000	0.000000	0.000000	1745266295.058706	0.000000
38.000000	-31639.676588	-3038.026755	2269.730242	-6499.239087	-2681.650541	8877.442345	-27519.065442	-3486.603914	-1883.179174	-21641.808348	-30320.946016	-2135.575072	-24649.436730	-8797.736025	5737.804560	-187500.022352	-0.035000	0.968000	-0.138000	192.000000	0.000000	0.000000	0.000000	0.000000	0.000000	0.000000	0.000000	0.000000	0.000000	1745266295.058739	0.000000
40.000000	-31623.560980	-3019.653621	2281.576667	-6481.692968	-2673.693320	8888.417052	-27510.974110	-3476.322112	-1865.722461	-21624.172822	-30306.819714	-2115.547909	-24619.843020	-8785.375510	5742.409020	-187500.022352	-0.035000	0.968000	-0.138000	192.000000	0.000000	0.000000	0.000000	0.000000	0.000000	0.000000	0.000000	0.000000	0.000000	1745266295.058773	0.000000
42.000000	-31631.249980	-3029.935423	2272.501859	-6483.816383	-2679.437718	8878.716395	-27512.181105	-3475.830373	-1865.096613	-21614.449813	-30303.913987	-2105.355514	-24623.151079	-8786.940132	5746.968776	-187500.022352	-0.035000	0.968000	-0.138000	192.000000	0.000000	0.000000	0.000000	0.000000	0.000000	0.000000	0.000000	0.000000	0.000000	1745266295.118858	0.000000
44.000000	-31629.618303	-3032.170598	2275.228772	-6481.916485	-2674.341521	8892.060386	-27509.253026	-3471.829411	-1875.289008	-21623.703435	-30314.486362	-2119.101837	-24639.177279	-8801.647580	5741.313784	-187500.022352	-0.035000	0.968000	-0.138000	192.000000	0.000000	0.000000	0.000000	0.000000	0.000000	0.000000	0.000000	0.000000	0.000000	1745266295.118916	0.000000
46.000000	-31626.086727	-3031.477693	2280.347321	-6482.184706	-2669.692358	8900.084662	-27504.983843	-3468.588408	-1865.454240	-21624.664560	-30309.032537	-2113.335087	-24615.305616	-8788.236533	5750.545055	-187500.022352	-0.034500	0.968000	-0.140000	192.000000	127.000000	120.000000	15.000000	32.000000	125.500000	72.000000	0.000000	0.000000	0.000000	1745266295.118976	0.000000
48.000000	-31618.487134	-3019.787731	2289.936219	-6478.541372	-2662.003358	8911.819328	-27497.563064	-3458.239550	-1859.285159	-21615.634455	-30302.662289	-2108.708275	-24615.976169	-8779.385242	5760.916264	-187500.022352	-0.034500	0.968000	-0.140000	192.000000	0.000000	0.000000	0.000000	0.000000	0.000000	0.000000	0.000000	0.000000	0.000000	1745266295.119014	0.000000
50.000000	-31608.451201	-3010.109426	2293.758368	-6468.617197	-2669.670006	8913.898041	-27508.023680	-3459.267731	-1851.953787	-21597.507190	-30294.615661	-2101.600421	-24608.242465	-8756.005318	5763.911398	-187500.022352	-0.034500	0.968000	-0.140000	192.000000	0.000000	0.000000	0.000000	0.000000	0.000000	0.000000	0.000000	0.000000	0.000000	1745266295.119043	0.000000
52.000000	-31595.487189	-2999.090016	2307.147063	-6448.858255	-2672.016939	8925.118616	-27507.241369	-3456.116135	-1849.718612	-21579.826961	-30284.244452	-2084.210763	-24610.634102	-8739.666192	5768.918189	-187500.022352	-0.034500	0.968000	-0.140000	192.000000	0.000000	0.000000	0.000000	0.000000	0.000000	0.000000	0.000000	0.000000	0.000000	1745266295.119077	0.000000
54.000000	-31596.425962	-3007.315458	2311.930336	-6449.908787	-2671.905180	8918.904831	-27509.118916	-3462.352271	-1833.848874	-21587.404202	-30272.353324	-2075.582990	-24595.323157	-8727.395085	5772.069785	-187500.022352	-0.034500	0.968000	-0.140000	192.000000	0.000000	0.000000	0.000000	0.000000	0.000000	0.000000	0.000000	0.000000	0.000000	1745266295.119107	0.000000
56.000000	-31615.022613	-3029.130760	2287.008141	-6483.659921	-2690.233611	8876.637683	-27532.185916	-3495.879888	-1846.432906	-21595.339071	-30282.009278	-2092.190336	-24609.762384	-8766.018899	5756.535322	-187500.022352	-0.033250	0.972000	-0.143000	192.000000	127.500000	0.000000	15.000000	64.000000	125.500000	56.000000	0.000000	0.000000	0.000000	1745266295.119137	0.000000
58.000000	-31611.267520	-3025.263909	2282.738958	-6489.292561	-2692.289971	8868.903979	-27524.496916	-3501.601935	-1857.027633	-21611.521734	-30291.732286	-2100.996924	-24623.128727	-8780.413423	5745.135933	-187500.022352	-0.033250	0.972000	-0.143000	192.000000	0.000000	0.000000	0.000000	0.000000	0.000000	0.000000	0.000000	0.000000	0.000000	1745266295.179171	0.000000
60.000000	-31613.837971	-3024.950984	2276.301655	-6486.520944	-2698.615515	8876.704738	-27525.905076	-3491.811871	-1861.922665	-21617.646112	-30299.153066	-2104.059113	-24626.414433	-8792.036330	5736.306994	-187500.022352	-0.033250	0.972000	-0.143000	192.000000	0.000000	0.000000	0.000000	0.000000	0.000000	0.000000	0.000000	0.000000	0.000000	1745266295.179214	0.000000
62.000000	-31610.596968	-3019.318345	2276.145193	-6477.535543	-2691.239439	8886.293636	-27515.064480	-3480.568943	-1860.670967	-21605.442060	-30300.851798	-2093.933772	-24631.532983	-8771.472725	5741.604357	-187500.022352	-0.033250	0.972000	-0.143000	192.000000	0.000000	0.000000	0.000000	0.000000	0.000000	0.000000	0.000000	0.000000	0.000000	1745266295.179262	0.000000
64.000000	-31607.311262	-3017.038467	2278.268609	-6474.607465	-2690.702998	8886.695968	-27517.366709	-3481.552420	-1856.357081	-21592.455696	-30296.426153	-2087.921153	-24616.736128	-8767.069431	5747.684031	-187500.022352	-0.033250	0.972000	-0.143000	192.000000	0.000000	0.000000	0.000000	0.000000	0.000000	0.000000	0.000000	0.000000	0.000000	1745266295.179317	0.000000
66.000000	-31604.852570	-3015.384437	2282.515440	-6477.222619	-2685.807965	8883.790241	-27506.012023	-3481.753586	-1862.123831	-21593.148600	-30299.644804	-2082.556734	-24620.424166	-8769.304606	5746.991127	-187500.022352	-0.034625	0.972000	-0.144500	192.000000	127.000000	112.000000	15.000000	48.000000	125.500000	56.000000	0.000000	0.000000	0.000000	1745266295.179347	0.000000
68.000000	-31601.276291	-3011.115254	2286.069368	-6473.713395	-2678.543649	8889.758157	-27499.552369	-3476.657388	-1846.097630	-21592.053365	-30287.530158	-2073.258409	-24605.560256	-8750.864416	5759.396346	-187500.022352	-0.034625	0.972000	-0.144500	192.000000	0.000000	0.000000	0.000000	0.000000	0.000000	0.000000	0.000000	0.000000	0.000000	1745266295.179389	0.000000
70.000000	-31602.393878	-3013.752760	2284.415339	-6475.188610	-2679.840050	8890.540468	-27506.593169	-3488.772033	-1855.284197	-21586.778353	-30294.593310	-2069.011577	-24610.120012	-8767.136486	5754.747183	-187500.022352	-0.034625	0.972000	-0.144500	192.000000	0.000000	0.000000	0.000000	0.000000	0.000000	0.000000	0.000000	0.000000	0.000000	1745266295.179424	0.000000
72.000000	-31604.226721	-3016.144397	2282.023702	-6478.899000	-2680.689416	8883.633779	-27505.497933	-3483.809946	-1870.259866	-21592.008661	-30301.231778	-2068.832763	-24625.788584	-8771.830353	5751.148552	-187500.022352	-0.034625	0.972000	-0.144500	192.000000	0.000000	0.000000	0.000000	0.000000	0.000000	0.000000	0.000000	0.000000	0.000000	1745266295.239388	0.000000
74.000000	-31590.838026	-3007.069589	2292.976057	-6476.730880	-2676.934323	8894.004988	-27507.286073	-3477.931437	-1844.443601	-21597.060156	-30290.234720	-2060.607321	-24600.642872	-8765.504809	5759.955139	-187500.022352	-0.034625	0.972000	-0.144500	192.000000	0.000000	0.000000	0.000000	0.000000	0.000000	0.000000	0.000000	0.000000	0.000000	1745266295.239462	0.000000
76.000000	-31593.162607	-3008.589507	2288.259839	-6486.319779	-2679.191849	8888.618218	-27504.603863	-3485.776900	-1846.634072	-21583.000908	-30289.742981	-2058.461554	-24599.681747	-8773.819658	5756.021232	-187500.022352	-0.034313	0.972000	-0.145250	192.000000	127.000000	120.000000	15.000000	48.000000	125.500000	56.000000	0.000000	0.000000	0.000000	1745266295.239493	0.000000
78.000000	-31595.531892	-3016.367914	2287.745748	-6493.449985	-2682.276390	8878.738746	-27505.475581	-3478.847859	-1853.429002	-21585.303138	-30291.084086	-2060.942598	-24610.388233	-8764.387222	5760.335119	-187500.022352	-0.034313	0.972000	-0.145250	192.000000	0.000000	0.000000	0.000000	0.000000	0.000000	0.000000	0.000000	0.000000	0.000000	1745266295.239526	0.000000
80.000000	-31594.548415	-3020.145359	2286.270533	-6495.908677	-2686.679684	8884.125517	-27503.195703	-3480.323074	-1850.635034	-21602.022243	-30293.095743	-2071.224400	-24608.331872	-8781.262789	5753.964872	-187500.022352	-0.034313	0.972000	-0.145250	192.000000	0.000000	0.000000	0.000000	0.000000	0.000000	0.000000	0.000000	0.000000	0.000000	1745266295.239557	0.000000
82.000000	-31604.919625	-3031.947080	2273.239466	-6506.369293	-2699.554288	8871.452078	-27511.756422	-3490.180193	-1851.216179	-21600.099993	-30300.516522	-2075.918266	-24606.499029	-8770.243379	5749.740392	-187500.022352	-0.034313	0.972000	-0.145250	192.000000	0.000000	0.000000	0.000000	0.000000	0.000000	0.000000	0.000000	0.000000	0.000000	1745266295.239588	0.000000
84.000000	-31598.616433	-3025.867406	2273.306522	-6497.562706	-2699.710751	8874.871895	-27510.616483	-3483.631132	-1862.593217	-21601.642263	-30309.345461	-2080.098042	-24617.876067	-8774.423155	5742.386668	-187500.022352	-0.034313	0.972000	-0.145250	192.000000	0.000000	0.000000	0.000000	0.000000	0.000000	0.000000	0.000000	0.000000	0.000000	1745266295.239621	0.000000
86.000000	-31585.384200	-3009.014190	2280.772004	-6481.156526	-2694.793367	8886.740671	-27506.839038	-3480.144260	-1860.268636	-21588.342975	-30300.293005	-2062.484868	-24614.031567	-8778.222952	5747.840494	-187500.022352	-0.033156	0.970000	-0.148625	192.000000	127.500000	0.000000	15.000000	32.000000	125.500000	32.000000	0.000000	0.000000	0.000000	1745266295.239666	0.000000
88.000000	-31592.626165	-3020.748856	2268.411490	-6486.543296	-2711.333658	8877.621159	-27519.892457	-3495.276391	-1852.557284	-21574.708411	-30296.672022	-2056.874580	-24613.539828	-8752.093762	5744.443029	-187500.022352	-0.033156	0.970000	-0.148625	192.000000	0.000000	0.000000	0.000000	0.000000	0.000000	0.000000	0.000000	0.000000	0.000000	1745266295.298769	0.000000
90.000000	-31584.154854	-3009.327115	2277.687463	-6478.027282	-2711.020733	8877.554104	-27514.125706	-3490.694283	-1860.693319	-21596.456658	-30302.595234	-2059.534438	-24624.246314	-8765.661271	5733.200101	-187500.022352	-0.033156	0.970000	-0.148625	192.000000	0.000000	0.000000	0.000000	0.000000	0.000000	0.000000	0.000000	0.000000	0.000000	1745266295.298839	0.000000
92.000000	-31581.159721	-3006.622554	2280.794356	-6471.724090	-2708.718504	8889.489936	-27521.010044	-3489.330827	-1848.578673	-21590.980481	-30292.626356	-2055.891103	-24603.682709	-8750.618547	5743.571310	-187500.022352	-0.033156	0.970000	-0.148625	192.000000	0.000000	0.000000	0.000000	0.000000	0.000000	0.000000	0.000000	0.000000	0.000000	1745266295.298874	0.000000
94.000000	-31576.756427	-3003.202737	2287.611638	-6470.047709	-2702.415312	8898.274171	-27507.397831	-3472.723481	-1841.493170	-21576.854179	-30287.999545	-2058.238036	-24603.325081	-8743.376582	5749.650985	-187500.022352	-0.033156	0.970000	-0.148625	192.000000	0.000000	0.000000	0.000000	0.000000	0.000000	0.000000	0.000000	0.000000	0.000000	1745266295.298904	0.000000
96.000000	-31568.754502	-3002.442777	2291.590249	-6471.634683	-2696.335637	8898.452985	-27496.289014	-3473.617551	-1842.431944	-21582.866798	-30291.017031	-2074.107775	-24605.828477	-8755.178303	5755.082459	-187500.022352	-0.033156	0.970000	-0.148625	192.000000	0.000000	0.000000	0.000000	0.000000	0.000000	0.000000	0.000000	0.000000	0.000000	1745266295.298937	0.000000
98.000000	-31554.069406	-2988.092958	2305.873013	-6461.017604	-2694.033407	8901.023436	-27499.664128	-3473.058757	-1829.155008	-21575.691888	-30278.768275	-2081.215630	-24594.406735	-8746.818751	5758.368165	-187500.022352	-0.032000	0.974000	-0.154000	192.000000	127.500000	0.000000	15.000000	56.000000	125.500000	24.000000	0.000000	0.000000	0.000000	1745266295.298968	0.000000
100.000000	-31554.002351	-2991.512774	2300.441539	-6464.795049	-2702.102387	8899.436462	-27506.771983	-3476.679740	-1826.986888	-21563.376077	-30271.615716	-2090.938639	-24588.125895	-8729.853777	5758.725793	-187500.022352	-0.032000	0.974000	-0.154000	192.000000	0.000000	0.000000	0.000000	0.000000	0.000000	0.000000	0.000000	0.000000	0.000000	1745266295.299001	0.000000
102.000000	-31543.988770	-2986.237763	2307.705856	-6460.838790	-2695.598030	8908.690084	-27497.607767	-3467.314359	-1822.516539	-21570.998021	-30268.844100	-2094.671380	-24589.377593	-8725.942221	5757.116468	-187500.022352	-0.032000	0.974000	-0.154000	192.000000	0.000000	0.000000	0.000000	0.000000	0.000000	0.000000	0.000000	0.000000	0.000000	1745266295.358482	0.000000
104.000000	-31558.897383	-2997.927725	2299.659228	-6471.165296	-2707.645620	8898.385930	-27507.464887	-3478.825507	-1830.339650	-21561.520882	-30271.258089	-2106.003714	-24591.433953	-8738.347440	5757.094116	-187500.022352	-0.032000	0.974000	-0.154000	192.000000	0.000000	0.000000	0.000000	0.000000	0.000000	0.000000	0.000000	0.000000	0.000000	1745266295.358524	0.000000
106.000000	-31542.938238	-2994.820833	2311.304487	-6455.452020	-2702.057684	8901.336360	-27499.708831	-3472.410556	-1838.073354	-21544.712370	-30275.348458	-2117.268994	-24594.898474	-8752.429039	5753.987223	-187500.022352	-0.032000	0.974000	-0.154000	192.000000	0.000000	0.000000	0.000000	0.000000	0.000000	0.000000	0.000000	0.000000	0.000000	1745266295.358566	0.000000
108.000000	-31552.348322	-3000.721693	2305.537737	-6460.056479	-2705.455149	8898.989427	-27503.598035	-3477.104423	-1821.510711	-21569.969841	-30270.989868	-2111.770464	-24589.869331	-8743.935376	5764.872523	-187500.022352	-0.034000	0.972000	-0.152000	192.000000	127.000000	120.000000	15.000000	48.000000	125.500000	32.000000	0.000000	0.000000	0.000000	1745266295.358618	0.000000
110.000000	-31553.823537	-2998.620629	2295.613563	-6465.622063	-2710.059608	8894.004988	-27507.621349	-3471.471783	-1830.987851	-21587.650071	-30279.952917	-2122.879281	-24590.584587	-8757.771106	5757.541151	-187500.022352	-0.034000	0.972000	-0.152000	192.000000	0.000000	0.000000	0.000000	0.000000	0.000000	0.000000	0.000000	0.000000	0.000000	1745266295.358652	0.000000
112.000000	-31559.120901	-3002.889812	2285.577629	-6470.807668	-2718.150940	8884.527848	-27515.064480	-3480.770109	-1841.426115	-21560.336239	-30288.066600	-2126.232043	-24604.196799	-8745.164722	5748.801619	-187500.022352	-0.034000	0.972000	-0.152000	192.000000	0.000000	0.000000	0.000000	0.000000	0.000000	0.000000	0.000000	0.000000	0.000000	1745266295.358692	0.000000
114.000000	-31567.949840	-3011.159958	2278.223905	-6476.619122	-2720.430818	8881.979749	-27515.511515	-3487.833260	-1854.144258	-21584.565530	-30293.542778	-2130.031840	-24614.970340	-8750.283271	5747.393459	-187500.022352	-0.034000	0.972000	-0.152000	192.000000	0.000000	0.000000	0.000000	0.000000	0.000000	0.000000	0.000000	0.000000	0.000000	1745266295.358726	0.000000
116.000000	-31551.387197	-3004.409731	2289.466833	-6466.717299	-2717.927422	8879.789278	-27512.672843	-3481.485365	-1849.718612	-21587.784182	-30295.621490	-2128.288404	-24607.393099	-8759.782763	5744.778305	-187500.022352	-0.034000	0.972000	-0.152000	192.000000	0.000000	0.000000	0.000000	0.000000	0.000000	0.000000	0.000000	0.000000	0.000000	1745266295.358757	0.000000
118.000000	-31538.847868	-2994.798481	2298.675752	-6459.117706	-2707.824434	8886.852430	-27501.631081	-3473.081109	-1835.189979	-21573.434362	-30285.607908	-2119.750037	-24599.033546	-8747.221082	5754.210741	-187500.022352	-0.038000	0.974000	-0.156000	192.000000	127.000000	104.000000	15.000000	56.000000	125.500000	16.000000	0.000000	0.000000	0.000000	1745266295.418911	0.000000
120.000000	-31535.450403	-2994.396149	2299.726284	-6464.862104	-2710.640754	8890.629875	-27504.335642	-3467.314359	-1835.771124	-21568.360516	-30280.467007	-2114.206805	-24598.005366	-8748.562187	5760.156305	-187500.022352	-0.038000	0.974000	-0.156000	192.000000	0.000000	0.000000	0.000000	0.000000	0.000000	0.000000	0.000000	0.000000	0.000000	1745266295.418953	0.000000
122.000000	-31538.020854	-3000.565231	2297.133481	-6467.924293	-2713.121797	8882.896171	-27502.793372	-3470.354196	-1840.934377	-21570.238062	-30282.232795	-2120.152369	-24604.621482	-8758.776934	5761.117430	-187500.022352	-0.038000	0.974000	-0.156000	192.000000	0.000000	0.000000	0.000000	0.000000	0.000000	0.000000	0.000000	0.000000	0.000000	1745266295.418985	0.000000
124.000000	-31540.256028	-3001.235783	2302.073217	-6465.934988	-2712.875928	8888.506459	-27502.681613	-3475.204524	-1832.060734	-21561.632641	-30279.260013	-2114.720895	-24592.708003	-8752.294928	5761.810334	-187500.022352	-0.038000	0.974000	-0.156000	192.000000	0.000000	0.000000	0.000000	0.000000	0.000000	0.000000	0.000000	0.000000	0.000000	1745266295.419016	0.000000
126.000000	-31539.630179	-3004.521490	2302.430845	-6473.780450	-2713.948812	8892.082738	-27500.178218	-3470.890638	-1830.540816	-21559.442170	-30276.935432	-2115.011467	-24584.884892	-8743.533044	5766.951235	-187500.022352	-0.038000	0.974000	-0.156000	192.000000	0.000000	0.000000	0.000000	0.000000	0.000000	0.000000	0.000000	0.000000	0.000000	1745266295.419047	0.000000
128.000000	-31536.277418	-3005.147339	2300.642705	-6472.059366	-2714.932289	8880.884514	-27500.133514	-3471.695301	-1835.502903	-21566.460617	-30283.886824	-2123.326316	-24590.562235	-8768.119963	5763.397308	-187500.022352	-0.034000	0.972000	-0.156000	192.000000	127.000000	120.000000	15.000000	48.000000	125.500000	16.000000	0.000000	0.000000	0.000000	1745266295.419091	0.000000
130.000000	-31529.348377	-3005.706132	2301.983810	-6467.298444	-2710.886623	8885.868953	-27498.591244	-3476.389167	-1830.406705	-21566.706487	-30280.243490	-2122.029915	-24590.070497	-8742.214291	5766.995939	-187500.022352	-0.034000	0.972000	-0.156000	192.000000	0.000000	0.000000	0.000000	0.000000	0.000000	0.000000	0.000000	0.000000	0.000000	1745266295.419142	0.000000
132.000000	-31536.053900	-3011.361123	2295.255935	-6473.087546	-2721.011963	8884.840773	-27508.738936	-3477.864382	-1824.774066	-21561.990268	-30278.321240	-2123.326316	-24582.694421	-8745.432943	5772.047433	-187500.022352	-0.034000	0.972000	-0.156000	192.000000	0.000000	0.000000	0.000000	0.000000	0.000000	0.000000	0.000000	0.000000	0.000000	1745266295.479166	0.000000
134.000000	-31536.165659	-3012.210490	2295.054769	-6470.382985	-2718.039181	8882.359729	-27499.328852	-3469.258960	-1844.421249	-21571.847388	-30292.045211	-2136.558549	-24596.418392	-8762.934358	5762.324424	-187500.022352	-0.034000	0.972000	-0.156000	192.000000	0.000000	0.000000	0.000000	0.000000	0.000000	0.000000	0.000000	0.000000	0.000000	1745266295.479231	0.000000
136.000000	-31525.190952	-3001.794577	2299.905097	-6463.185723	-2717.413332	8890.763985	-27503.463924	-3473.729309	-1832.686583	-21558.749266	-30283.819769	-2122.007563	-24586.136590	-8754.328937	5767.241808	-187500.022352	-0.034000	0.972000	-0.156000	192.000000	0.000000	0.000000	0.000000	0.000000	0.000000	0.000000	0.000000	0.000000	0.000000	1745266295.479271	0.000000
138.000000	-31506.817819	-2988.808213	2312.667944	-6447.181874	-2710.350181	8897.670674	-27496.378421	-3465.012129	-1820.884862	-21541.359608	-30270.878109	-2104.886127	-24582.068572	-8730.501977	5774.550828	-187500.022352	-0.026000	0.972000	-0.148000	192.000000	127.500000	24.000000	15.000000	48.000000	125.500000	48.000000	0.000000	0.000000	0.000000	1745266295.479302	0.000000
140.000000	-31513.769211	-2995.066702	2303.526080	-6455.787296	-2719.000306	8888.931142	-27507.710756	-3474.489269	-1818.940260	-21538.208012	-30270.408722	-2100.013447	-24581.286261	-8738.392143	5770.840439	-187500.022352	-0.026000	0.972000	-0.148000	192.000000	0.000000	0.000000	0.000000	0.000000	0.000000	0.000000	0.000000	0.000000	0.000000	1745266295.479337	0.000000
142.000000	-31517.300787	-2997.972429	2301.648534	-6459.520037	-2718.843844	8884.974883	-27500.178218	-3474.019882	-1824.617603	-21537.850384	-30273.381504	-2098.493528	-24586.024831	-8742.214291	5769.611093	-187500.022352	-0.026000	0.972000	-0.148000	192.000000	0.000000	0.000000	0.000000	0.000000	0.000000	0.000000	0.000000	0.000000	0.000000	1745266295.479367	0.000000
144.000000	-31510.259987	-2992.675065	2311.796226	-6460.525866	-2712.048913	8881.935046	-27494.076192	-3472.745833	-1829.065601	-21542.186623	-30275.102589	-2099.164081	-24587.276529	-8742.169588	5770.415756	-187500.022352	-0.026000	0.972000	-0.148000	192.000000	0.000000	0.000000	0.000000	0.000000	0.000000	0.000000	0.000000	0.000000	0.000000	1745266295.479397	0.000000
146.000000	-31515.959682	-3000.364065	2309.739865	-6465.845581	-2711.601879	8888.282941	-27496.378421	-3475.562152	-1820.638993	-21536.799852	-30266.251298	-2092.547964	-24568.188139	-8760.766239	5783.200953	-187500.022352	-0.026000	0.972000	-0.148000	192.000000	0.000000	0.000000	0.000000	0.000000	0.000000	0.000000	0.000000	0.000000	0.000000	1745266295.479427	0.000000
148.000000	-31519.021871	-3000.699341	2307.012952	-6464.169200	-2710.238422	8888.931142	-27494.500875	-3464.900370	-1835.301737	-21537.448053	-30279.841158	-2098.806453	-24581.956814	-8748.986870	5781.703387	-187500.022352	-0.032000	0.980000	-0.148000	192.000000	127.500000	0.000000	15.000000	80.000000	125.500000	48.000000	0.000000	0.000000	0.000000	1745266295.539510	0.000000
150.000000	-31520.206513	-3004.432083	2297.982847	-6470.695909	-2715.893414	8880.102203	-27493.986785	-3469.773051	-1826.048115	-21538.967972	-30278.410647	-2091.318618	-24572.949061	-8716.487433	5787.403081	-187500.022352	-0.032000	0.980000	-0.148000	192.000000	0.000000	0.000000	0.000000	0.000000	0.000000	0.000000	0.000000	0.000000	0.000000	1745266295.539569	0.000000
152.000000	-31519.290092	-3002.018094	2297.982847	-6471.724090	-2715.580489	8878.068194	-27493.182122	-3467.560228	-1836.240510	-21549.205071	-30289.586519	-2101.220441	-24581.487427	-8754.373640	5778.238866	-187500.022352	-0.032000	0.980000	-0.148000	192.000000	0.000000	0.000000	0.000000	0.000000	0.000000	0.000000	0.000000	0.000000	0.000000	1745266295.539614	0.000000
154.000000	-31519.647720	-3002.845109	2299.748635	-6473.042843	-2708.696152	8887.053595	-27483.637927	-3466.241475	-1833.692412	-21542.968934	-30286.390219	-2097.063017	-24572.636136	-8751.579672	5789.124166	-187500.022352	-0.032000	0.980000	-0.148000	192.000000	0.000000	0.000000	0.000000	0.000000	0.000000	0.000000	0.000000	0.000000	0.000000	1745266295.539645	0.000000
156.000000	-31520.251217	-3006.220222	2298.765159	-6473.668691	-2720.497873	8887.567686	-27497.786581	-3473.930475	-1838.632147	-21538.878565	-30289.832388	-2104.997886	-24574.200758	-8741.007297	5784.698520	-187500.022352	-0.032000	0.980000	-0.148000	192.000000	0.000000	0.000000	0.000000	0.000000	0.000000	0.000000	0.000000	0.000000	0.000000	1745266295.539685	0.000000
158.000000	-31508.807124	-2997.838318	2306.811787	-6458.849485	-2712.294783	8896.664846	-27488.108276	-3461.771126	-1833.290080	-21541.449015	-30282.702182	-2096.727740	-24574.089000	-8746.729344	5790.152346	-187500.022352	-0.035000	0.982000	-0.151000	192.000000	127.000000	104.000000	15.000000	96.000000	125.500000	24.000000	0.000000	0.000000	0.000000	1745266295.539718	0.000000
160.000000	-31515.803220	-3004.454434	2305.537737	-6461.688156	-2732.009021	8884.594904	-27504.603863	-3474.109289	-1833.446542	-21547.059303	-30282.098685	-2097.554755	-24566.869386	-8744.293004	5787.090157	-187500.022352	-0.035000	0.982000	-0.151000	192.000000	0.000000	0.000000	0.000000	0.000000	0.000000	0.000000	0.000000	0.000000	0.000000	1745266295.539751	0.000000
162.000000	-31507.577778	-2998.955905	2314.031400	-6456.726069	-2730.153826	8888.640569	-27498.077154	-3468.007263	-1827.277461	-21539.951448	-30278.164778	-2090.670418	-24556.811101	-8727.573899	5787.403081	-187500.022352	-0.035000	0.982000	-0.151000	192.000000	0.000000	0.000000	0.000000	0.000000	0.000000	0.000000	0.000000	0.000000	0.000000	1745266295.599704	0.000000
164.000000	-31496.871292	-2993.770301	2319.954612	-6455.563778	-2729.863254	8886.293636	-27498.233616	-3467.515524	-1819.521406	-21536.017541	-30267.257126	-2084.255467	-24553.212470	-8736.671059	5798.020160	-187500.022352	-0.035000	0.982000	-0.151000	192.000000	0.000000	0.000000	0.000000	0.000000	0.000000	0.000000	0.000000	0.000000	0.000000	1745266295.599751	0.000000
166.000000	-31502.325118	-2997.212469	2304.911888	-6471.142944	-2746.582359	8872.033223	-27518.126669	-3485.978065	-1825.466970	-21542.253678	-30273.225042	-2089.396368	-24570.959755	-8744.583576	5788.788890	-187500.022352	-0.035000	0.982000	-0.151000	192.000000	0.000000	0.000000	0.000000	0.000000	0.000000	0.000000	0.000000	0.000000	0.000000	1745266295.599783	0.000000
168.000000	-31504.336775	-2994.910240	2305.560089	-6463.141020	-2739.362745	8878.470526	-27501.876950	-3480.010149	-1826.897481	-21542.164271	-30277.650687	-2093.978476	-24558.398075	-8751.132637	5789.682959	-187500.022352	-0.034500	0.979000	-0.151500	192.000000	127.000000	120.000000	15.000000	64.000000	125.500000	32.000000	0.000000	0.000000	0.000000	1745266295.599814	0.000000
170.000000	-31492.490350	-2986.416577	2314.277269	-6445.371383	-2727.426914	8888.528811	-27492.511570	-3470.041271	-1831.457237	-21526.696864	-30276.600155	-2078.220496	-24570.020982	-8732.871262	5799.696541	-187500.022352	-0.034500	0.979000	-0.151500	192.000000	0.000000	0.000000	0.000000	0.000000	0.000000	0.000000	0.000000	0.000000	0.000000	1745266295.599847	0.000000
172.000000	-31484.309612	-2978.437004	2318.412342	-6444.633775	-2727.069286	8883.566723	-27492.131590	-3464.676853	-1813.464083	-21512.637617	-30259.143443	-2055.689938	-24547.624534	-8718.968477	5816.885032	-187500.022352	-0.034500	0.979000	-0.151500	192.000000	0.000000	0.000000	0.000000	0.000000	0.000000	0.000000	0.000000	0.000000	0.000000	1745266295.599891	0.000000
174.000000	-31496.424257	-2993.233859	2302.743769	-6463.945683	-2744.168370	8876.056537	-27512.561084	-3485.463975	-1821.421304	-21529.334370	-30273.806187	-2064.876505	-24559.426255	-8743.264823	5799.428320	-187500.022352	-0.034500	0.979000	-0.151500	192.000000	0.000000	0.000000	0.000000	0.000000	0.000000	0.000000	0.000000	0.000000	0.000000	1745266295.599935	0.000000
176.000000	-31487.438856	-2990.506946	2310.835101	-6457.061345	-2723.023620	8893.692064	-27495.953738	-3472.790536	-1830.876092	-21527.300361	-30277.315411	-2071.313807	-24570.490369	-8731.731323	5796.254372	-187500.022352	-0.034500	0.979000	-0.151500	192.000000	0.000000	0.000000	0.000000	0.000000	0.000000	0.000000	0.000000	0.000000	0.000000	1745266295.599965	0.000000
178.000000	-31474.452493	-2979.018149	2318.434694	-6451.562816	-2704.605783	8889.020549	-27499.530017	-3479.920743	-1820.013144	-21527.970913	-30266.407760	-2060.696728	-24560.901470	-8738.414495	5810.648896	-187500.022352	-0.030250	0.978500	-0.151750	192.000000	127.500000	24.000000	15.000000	72.000000	125.500000	32.000000	0.000000	0.000000	0.000000	1745266295.658555	0.000000
180.000000	-31476.732370	-2985.589562	2322.279194	-6451.674575	-2705.142224	8884.684311	-27488.689421	-3472.701129	-1811.966516	-21528.417948	-30263.367923	-2060.182638	-24551.446682	-8731.463102	5812.057055	-187500.022352	-0.030250	0.978500	-0.151750	192.000000	0.000000	0.000000	0.000000	0.000000	0.000000	0.000000	0.000000	0.000000	0.000000	1745266295.658612	0.000000
182.000000	-31485.203682	-2988.361178	2320.066371	-6458.335395	-2712.741818	8892.909752	-27489.851712	-3464.922722	-1815.676906	-21525.623980	-30268.017086	-2059.243865	-24552.899546	-8721.315410	5817.712047	-187500.022352	-0.030250	0.978500	-0.151750	192.000000	0.000000	0.000000	0.000000	0.000000	0.000000	0.000000	0.000000	0.000000	0.000000	1745266295.658642	0.000000
184.000000	-31486.745952	-2993.390321	2314.657249	-6460.168238	-2717.614498	8884.706662	-27490.656375	-3466.375585	-1822.024801	-21523.746434	-30270.431074	-2062.261350	-24554.128892	-8724.645820	5820.014277	-187500.022352	-0.030250	0.978500	-0.151750	192.000000	0.000000	0.000000	0.000000	0.000000	0.000000	0.000000	0.000000	0.000000	0.000000	1745266295.658675	0.000000
186.000000	-31487.684725	-2998.307705	2314.880766	-6461.330528	-2723.850635	8889.780508	-27495.707869	-3467.202600	-1816.392161	-21525.445166	-30269.537004	-2060.652025	-24550.843185	-8725.763407	5814.403989	-187500.022352	-0.030250	0.978500	-0.151750	192.000000	0.000000	0.000000	0.000000	0.000000	0.000000	0.000000	0.000000	0.000000	0.000000	1745266295.658705	0.000000
188.000000	-31497.340679	-3009.885908	2308.287002	-6467.141982	-2728.656260	8879.744575	-27501.921654	-3476.635036	-1835.189979	-21537.023370	-30283.439789	-2072.409042	-24569.261023	-8732.848910	5801.708198	-187500.022352	-0.028125	0.974250	-0.152875	192.000000	127.500000	24.000000	15.000000	40.000000	125.500000	24.000000	0.000000	0.000000	0.000000	1745266295.658736	0.000000
190.000000	-31497.050106	-3005.974353	2309.873976	-6468.036052	-2729.617385	8883.566723	-27501.876950	-3476.545629	-1837.626319	-21543.728893	-30284.043286	-2071.202048	-24574.066648	-8737.676887	5800.143576	-187500.022352	-0.028125	0.974250	-0.152875	192.000000	0.000000	0.000000	0.000000	0.000000	0.000000	0.000000	0.000000	0.000000	0.000000	1745266295.658768	0.000000
192.000000	-31482.521472	-2992.943286	2318.211176	-6459.698851	-2719.693210	8885.131345	-27489.605843	-3475.785670	-1820.214310	-21524.528745	-30270.766350	-2055.734641	-24558.621592	-8720.711913	5812.347628	-187500.022352	-0.028125	0.974250	-0.152875	192.000000	0.000000	0.000000	0.000000	0.000000	0.000000	0.000000	0.000000	0.000000	0.000000	1745266295.718762	0.000000
194.000000	-31493.451475	-3003.739179	2309.181071	-6473.065194	-2733.238367	8874.156639	-27499.284148	-3477.394995	-1834.452371	-21537.448053	-30285.317336	-2063.803621	-24579.654584	-8752.876073	5799.875355	-187500.022352	-0.028125	0.974250	-0.152875	192.000000	0.000000	0.000000	0.000000	0.000000	0.000000	0.000000	0.000000	0.000000	0.000000	1745266295.718835	0.000000
196.000000	-31481.694458	-2993.904411	2323.977926	-6457.731898	-2726.555196	8883.298502	-27488.600014	-3478.534934	-1813.866414	-21531.703655	-30269.201728	-2052.605397	-24543.735331	-8719.102588	5811.341800	-187500.022352	-0.028125	0.974250	-0.152875	192.000000	0.000000	0.000000	0.000000	0.000000	0.000000	0.000000	0.000000	0.000000	0.000000	1745266295.718875	0.000000
198.000000	-31492.356240	-3004.096807	2316.154816	-6462.314005	-2729.393867	8879.766927	-27485.738991	-3476.076242	-1821.264842	-21532.351855	-30270.766350	-2049.878484	-24552.810139	-8719.147291	5813.487567	-187500.022352	-0.029063	0.974125	-0.153438	192.000000	127.500000	8.000000	15.000000	56.000000	125.500000	24.000000	0.000000	0.000000	0.000000	1745266295.718905	0.000000
200.000000	-31489.271699	-3002.331019	2314.813711	-6461.107011	-2725.035277	8868.903979	-27485.001383	-3477.596161	-1838.207464	-21541.940754	-30283.037458	-2056.807525	-24571.719715	-8739.934413	5807.363189	-187500.022352	-0.029063	0.974125	-0.153438	192.000000	0.000000	0.000000	0.000000	0.000000	0.000000	0.000000	0.000000	0.000000	0.000000	1745266295.718946	0.000000
202.000000	-31491.417467	-3004.901469	2311.773874	-6471.902904	-2727.829245	8880.839810	-27489.047049	-3482.111213	-1832.977156	-21535.458748	-30282.344554	-2054.617054	-24565.617688	-8740.068524	5812.817015	-187500.022352	-0.029063	0.974125	-0.153438	192.000000	0.000000	0.000000	0.000000	0.000000	0.000000	0.000000	0.000000	0.000000	0.000000	1745266295.718979	0.000000
204.000000	-31486.164807	-2999.760568	2314.836063	-6461.732860	-2724.834111	8878.112898	-27482.341526	-3466.532048	-1833.513598	-21521.041873	-30279.148254	-2049.006766	-24568.098732	-8742.728381	5815.476872	-187500.022352	-0.029063	0.974125	-0.153438	192.000000	0.000000	0.000000	0.000000	0.000000	0.000000	0.000000	0.000000	0.000000	0.000000	1745266295.719009	0.000000
206.000000	-31472.440836	-2985.835431	2333.902101	-6444.611424	-2717.525091	8907.214869	-27466.561194	-3442.749791	-1837.246339	-21528.507355	-30278.634164	-2047.822124	-24574.513683	-8736.291079	5821.713009	-187500.022352	-0.029063	0.974125	-0.153438	192.000000	0.000000	0.000000	0.000000	0.000000	0.000000	0.000000	0.000000	0.000000	0.000000	1745266295.719041	0.000000
208.000000	-31464.684780	-2977.185306	2340.920549	-6429.747514	-2717.994478	8916.043808	-27473.981973	-3439.464085	-1818.448522	-21516.102137	-30263.502033	-2028.666679	-24546.305781	-8700.707102	5834.922890	-187500.022352	-0.029531	0.974062	-0.155719	192.000000	127.500000	8.000000	15.000000	56.000000	125.500000	8.000000	0.000000	0.000000	0.000000	1745266295.779221	0.000000
210.000000	-31465.422388	-2976.984141	2337.992470	-6438.241176	-2725.012925	8912.512232	-27483.459113	-3451.846951	-1812.502958	-21503.696919	-30254.918963	-2015.210928	-24554.307706	-8696.102643	5832.888881	-187500.022352	-0.029531	0.974062	-0.155719	192.000000	0.000000	0.000000	0.000000	0.000000	0.000000	0.000000	0.000000	0.000000	0.000000	1745266295.779263	0.000000
212.000000	-31467.456397	-2982.572077	2330.057601	-6456.457848	-2727.359858	8888.685273	-27486.208378	-3474.779841	-1813.084103	-21514.381053	-30261.557431	-2025.559786	-24545.814043	-8716.934468	5817.644992	-187500.022352	-0.029531	0.974062	-0.155719	192.000000	0.000000	0.000000	0.000000	0.000000	0.000000	0.000000	0.000000	0.000000	0.000000	1745266295.779299	0.000000
214.000000	-31473.044333	-2987.310646	2325.631955	-6461.397584	-2726.599899	8893.535601	-27477.267680	-3466.710862	-1819.744923	-21520.974817	-30266.161891	-2034.232263	-24553.011304	-8722.120073	5814.180471	-187500.022352	-0.029531	0.974062	-0.155719	192.000000	0.000000	0.000000	0.000000	0.000000	0.000000	0.000000	0.000000	0.000000	0.000000	1745266295.779329	0.000000
216.000000	-31482.007382	-2996.385455	2321.966269	-6455.541427	-2735.697059	8883.812592	-27479.860482	-3466.330882	-1834.921758	-21528.797928	-30282.076333	-2039.440219	-24568.948098	-8741.297870	5807.519651	-187500.022352	-0.029531	0.974062	-0.155719	192.000000	0.000000	0.000000	0.000000	0.000000	0.000000	0.000000	0.000000	0.000000	0.000000	1745266295.779370	0.000000
218.000000	-31468.842205	-2987.712978	2333.119790	-6444.611424	-2733.886568	8897.268343	-27477.737066	-3460.228856	-1826.271632	-21523.612323	-30269.291135	-2028.241995	-24556.364066	-8707.926715	5816.594460	-187500.022352	-0.031766	0.974031	-0.155859	192.000000	127.000000	120.000000	15.000000	56.000000	125.500000	16.000000	0.000000	0.000000	0.000000	1745266295.779416	0.000000
220.000000	-31474.273679	-2992.160975	2332.337479	-6450.109953	-2737.641661	8891.211020	-27474.630174	-3461.189981	-1815.498092	-21512.928189	-30262.406798	-2021.871748	-24561.080284	-8714.498128	5816.661515	-187500.022352	-0.031766	0.974031	-0.155859	192.000000	0.000000	0.000000	0.000000	0.000000	0.000000	0.000000	0.000000	0.000000	0.000000	1745266295.779449	0.000000
222.000000	-31472.083208	-2986.237763	2339.490037	-6443.516188	-2730.489103	8896.508383	-27470.785674	-3456.339652	-1825.556377	-21519.991341	-30271.012219	-2031.348888	-24557.973392	-8731.217233	5815.029837	-187500.022352	-0.031766	0.974031	-0.155859	192.000000	0.000000	0.000000	0.000000	0.000000	0.000000	0.000000	0.000000	0.000000	0.000000	1745266295.839534	0.000000
224.000000	-31472.127911	-2984.091995	2342.261653	-6443.359726	-2728.388039	8902.476299	-27471.858558	-3452.226931	-1815.363981	-21513.084652	-30259.702237	-2014.898004	-24544.361179	-8722.500053	5831.815998	-187500.022352	-0.031766	0.974031	-0.155859	192.000000	0.000000	0.000000	0.000000	0.000000	0.000000	0.000000	0.000000	0.000000	0.000000	1745266295.839590	0.000000
226.000000	-31474.094865	-2987.623571	2339.378278	-6447.248929	-2735.182969	8889.959322	-27482.699154	-3465.637978	-1833.915929	-21517.979684	-30273.448559	-2028.376106	-24563.650735	-8735.307602	5818.628468	-187500.022352	-0.031766	0.974031	-0.155859	192.000000	0.000000	0.000000	0.000000	0.000000	0.000000	0.000000	0.000000	0.000000	0.000000	1745266295.839622	0.000000
228.000000	-31459.029789	-2975.643036	2355.717403	-6436.229519	-2721.704867	8902.565706	-27462.604935	-3445.029669	-1807.205594	-21507.966102	-30253.644914	-2011.411132	-24539.555554	-8692.816936	5833.134751	-187500.022352	-0.031766	0.974031	-0.155859	192.000000	0.000000	0.000000	0.000000	0.000000	0.000000	0.000000	0.000000	0.000000	0.000000	1745266295.839655	0.000000
230.000000	-31473.938402	-2990.484594	2341.233473	-6452.054554	-2732.321946	8885.019587	-27474.473712	-3459.826524	-1813.866414	-21517.085614	-30261.177452	-2016.753199	-24545.679932	-8708.887840	5830.363134	-187500.022352	-0.034000	0.978000	-0.156000	192.000000	127.000000	120.000000	15.000000	72.000000	125.500000	16.000000	0.000000	0.000000	0.000000	1745266295.839685	0.000000
232.000000	-31472.865519	-2991.982161	2338.350098	-6451.719278	-2736.859350	8888.327645	-27476.708886	-3458.887751	-1825.399914	-21529.088501	-30272.733304	-2023.861053	-24561.124988	-8737.252204	5816.147425	-187500.022352	-0.034000	0.978000	-0.156000	192.000000	0.000000	0.000000	0.000000	0.000000	0.000000	0.000000	0.000000	0.000000	0.000000	1745266295.839718	0.000000
234.000000	-31472.038504	-2991.088091	2337.545435	-6446.757191	-2735.272376	8889.579343	-27478.027639	-3461.167629	-1822.136560	-21529.937867	-30269.402894	-2016.507330	-24556.609935	-8729.205576	5822.428265	-187500.022352	-0.034000	0.978000	-0.156000	192.000000	0.000000	0.000000	0.000000	0.000000	0.000000	0.000000	0.000000	0.000000	0.000000	1745266295.839749	0.000000
236.000000	-31475.570080	-2994.753777	2334.550301	-6450.422877	-2741.664975	8881.040976	-27483.012078	-3465.928550	-1828.685621	-21527.032140	-30272.062751	-2015.523853	-24562.399037	-8733.072428	5818.449654	-187500.022352	-0.034000	0.978000	-0.156000	192.000000	0.000000	0.000000	0.000000	0.000000	0.000000	0.000000	0.000000	0.000000	0.000000	1745266295.839778	0.000000
238.000000	-31463.611896	-2983.689664	2345.480304	-6441.549235	-2726.197568	8902.185726	-27466.047104	-3451.846951	-1816.325106	-21517.555000	-30266.564222	-2012.260498	-24546.886927	-8715.906288	5823.009410	-187500.022352	-0.034000	0.978000	-0.156000	192.000000	0.000000	0.000000	0.000000	0.000000	0.000000	0.000000	0.000000	0.000000	0.000000	1745266295.899905	0.000000
240.000000	-31477.827606	-2997.592449	2333.455066	-6457.418973	-2734.668879	8891.300427	-27476.910052	-3461.122925	-1824.774066	-21521.399501	-30274.141464	-2017.647268	-24553.391284	-8727.328030	5823.098817	-187500.022352	-0.032000	0.976000	-0.158000	192.000000	127.500000	0.000000	15.000000	64.000000	125.500000	8.000000	0.000000	0.000000	0.000000	1745266295.899983	0.000000
242.000000	-31478.296993	-2997.927725	2339.020650	-6444.611424	-2733.819513	8895.502555	-27471.612688	-3453.925664	-1829.155008	-21515.856268	-30280.556414	-2024.308088	-24558.062799	-8719.661381	5818.650820	-187500.022352	-0.032000	0.976000	-0.158000	192.000000	0.000000	0.000000	0.000000	0.000000	0.000000	0.000000	0.000000	0.000000	0.000000	1745266295.900015	0.000000
244.000000	-31490.456342	-3009.371818	2326.213101	-6458.313043	-2745.621234	8889.489936	-27486.253081	-3467.180248	-1831.703106	-21520.348969	-30277.024839	-2019.636574	-24554.732389	-8723.103550	5823.836425	-187500.022352	-0.032000	0.976000	-0.158000	192.000000	0.000000	0.000000	0.000000	0.000000	0.000000	0.000000	0.000000	0.000000	0.000000	1745266295.900054	0.000000
246.000000	-31493.406772	-3013.193967	2320.759275	-6469.019529	-2753.712565	8877.174124	-27493.606805	-3473.125812	-1848.064583	-21546.992248	-30298.415458	-2041.027193	-24582.403848	-8738.012163	5805.820919	-187500.022352	-0.032000	0.976000	-0.158000	192.000000	0.000000	0.000000	0.000000	0.000000	0.000000	0.000000	0.000000	0.000000	0.000000	1745266295.900088	0.000000
248.000000	-31468.976315	-2988.584696	2340.987604	-6447.986537	-2739.876835	8895.390796	-27479.480503	-3457.501943	-1837.469856	-21539.102082	-30285.607908	-2042.077725	-24566.467055	-8730.189053	5812.772311	-187500.022352	-0.032000	0.976000	-0.158000	192.000000	0.000000	0.000000	0.000000	0.000000	0.000000	0.000000	0.000000	0.000000	0.000000	1745266295.900119	0.000000
250.000000	-31467.903431	-2987.489460	2339.758258	-6444.879644	-2744.235426	8896.731901	-27478.385267	-3458.351309	-1816.146292	-21511.900009	-30267.748865	-2025.090399	-24545.210546	-8707.949067	5828.373829	-187500.022352	-0.030000	0.976000	-0.158000	192.000000	127.500000	8.000000	15.000000	64.000000	125.500000	8.000000	0.000000	0.000000	0.000000	1745266295.900152	0.000000
252.000000	-31468.730446	-2988.919972	2340.495865	-6448.679441	-2751.097411	8903.996218	-27491.371631	-3457.770164	-1824.617603	-21521.175983	-30278.231833	-2049.207932	-24557.973392	-8705.333913	5817.689695	-187500.022352	-0.030000	0.976000	-0.158000	192.000000	0.000000	0.000000	0.000000	0.000000	0.000000	0.000000	0.000000	0.000000	0.000000	1745266295.959177	0.000000
254.000000	-31459.320362	-2982.885001	2349.548322	-6440.901034	-2743.006080	8905.180860	-27476.261851	-3449.142390	-1820.862510	-21518.493774	-30272.532138	-2056.941635	-24558.174557	-8721.784797	5818.472006	-187500.022352	-0.030000	0.976000	-0.158000	192.000000	0.000000	0.000000	0.000000	0.000000	0.000000	0.000000	0.000000	0.000000	0.000000	1745266295.959224	0.000000
0.000000	-31462.561364	-2983.644960	2352.096421	-6439.202301	-2739.094524	8897.178936	-27471.679744	-3448.941225	-1813.911118	-21508.435489	-30263.971420	-2063.311882	-24554.866499	-8711.279477	5827.412704	-187500.022352	-0.030000	0.976000	-0.158000	192.000000	0.000000	0.000000	0.000000	0.000000	0.000000	0.000000	0.000000	0.000000	0.000000	1745266295.959256	0.000000
2.000000	-31460.057969	-2980.918048	2349.905950	-6438.419990	-2745.621234	8893.669712	-27473.154959	-3453.500981	-1821.041324	-21506.557942	-30267.972382	-2074.420699	-24553.435988	-8707.859660	5825.356343	-187500.022352	-0.030000	0.976000	-0.158000	192.000000	0.000000	0.000000	0.000000	0.000000	0.000000	0.000000	0.000000	0.000000	0.000000	1745266295.959290	0.000000
4.000000	-31462.226088	-2987.780033	2340.875845	-6447.919482	-2752.304405	8887.657093	-27484.531997	-3466.889675	-1818.515577	-21509.083689	-30268.262955	-2090.201031	-24553.078360	-8705.065692	5817.332067	-187500.022352	-0.030000	0.972000	-0.146000	192.000000	127.500000	8.000000	15.000000	48.000000	125.500000	56.000000	0.000000	0.000000	0.000000	1745266295.959344	0.000000
6.000000	-31465.712960	-2990.551649	2340.317051	-6447.293633	-2750.650376	8896.038997	-27485.202549	-3460.027690	-1827.791551	-21520.103099	-30275.884900	-2100.840461	-24564.120121	-8732.111303	5813.845195	-187500.022352	-0.030000	0.972000	-0.146000	192.000000	0.000000	0.000000	0.000000	0.000000	0.000000	0.000000	0.000000	0.000000	0.000000	1745266295.959397	0.000000
8.000000	-31462.159033	-2990.171670	2344.832104	-6441.839807	-2744.861274	8897.357750	-27475.546596	-3454.216236	-1824.684659	-21517.286780	-30278.142426	-2104.483796	-24568.009325	-8714.565183	5815.610983	-187500.022352	-0.030000	0.972000	-0.146000	192.000000	0.000000	0.000000	0.000000	0.000000	0.000000	0.000000	0.000000	0.000000	0.000000	1745266295.959427	0.000000
10.000000	-31460.281487	-2990.708112	2353.504581	-6440.297537	-2745.934158	8894.317912	-27480.463979	-3460.787649	-1809.150196	-21509.351910	-30266.698333	-2100.147557	-24551.469034	-8710.072483	5827.144483	-187500.022352	-0.030000	0.972000	-0.146000	192.000000	0.000000	0.000000	0.000000	0.000000	0.000000	0.000000	0.000000	0.000000	0.000000	1745266295.959467	0.000000
12.000000	-31467.299934	-2997.614801	2349.324804	-6442.108028	-2743.542521	8891.680407	-27479.972241	-3452.115172	-1817.129769	-21508.837820	-30269.715818	-2104.483796	-24549.390322	-8727.149216	5826.429227	-187500.022352	-0.030000	0.972000	-0.146000	192.000000	0.000000	0.000000	0.000000	0.000000	0.000000	0.000000	0.000000	0.000000	0.000000	1745266296.019042	0.000000
14.000000	-31486.857711	-3016.680839	2331.041077	-6462.805744	-2756.797106	8873.173162	-27497.607767	-3468.633112	-1832.016031	-21534.631733	-30282.791589	-2114.452674	-24567.986973	-8728.892652	5818.293192	-187500.022352	-0.028000	0.970000	-0.146000	192.000000	127.500000	16.000000	15.000000	40.000000	125.500000	56.000000	0.000000	0.000000	0.000000	1745266296.019082	0.000000
16.000000	-31482.588528	-3014.490368	2336.092572	-6466.024395	-2747.252911	8880.213962	-27477.111218	-3462.799306	-1843.147200	-21548.802739	-30295.666193	-2127.170816	-24565.036543	-8748.182207	5812.437035	-187500.022352	-0.028000	0.970000	-0.146000	192.000000	0.000000	0.000000	0.000000	0.000000	0.000000	0.000000	0.000000	0.000000	0.000000	1745266296.019131	0.000000
18.000000	-31472.753760	-3002.800405	2343.379240	-6454.490895	-2740.949719	8883.030281	-27474.093732	-3453.657443	-1826.226929	-21519.141974	-30283.417437	-2112.351610	-24550.507909	-8746.438771	5821.198919	-187500.022352	-0.028000	0.970000	-0.146000	192.000000	0.000000	0.000000	0.000000	0.000000	0.000000	0.000000	0.000000	0.000000	0.000000	1745266296.019161	0.000000
20.000000	-31474.273679	-3004.789711	2335.891406	-6459.520037	-2747.342318	8872.502610	-27480.866311	-3467.426117	-1830.585519	-21520.550134	-30281.808112	-2105.042589	-24556.542880	-8727.126864	5820.573070	-187500.022352	-0.028000	0.970000	-0.146000	192.000000	0.000000	0.000000	0.000000	0.000000	0.000000	0.000000	0.000000	0.000000	0.000000	1745266296.019191	0.000000
22.000000	-31488.154112	-3019.653621	2321.161606	-6476.261494	-2761.178048	8856.655223	-27493.964433	-3477.886734	-1831.323127	-21534.430568	-30288.156007	-2111.144616	-24568.836340	-8743.398934	5810.894765	-187500.022352	-0.028000	0.970000	-0.146000	192.000000	0.000000	0.000000	0.000000	0.000000	0.000000	0.000000	0.000000	0.000000	0.000000	1745266296.019221	0.000000
24.000000	-31466.897603	-3001.883984	2335.489075	-6461.174066	-2755.657167	8861.751421	-27488.443552	-3473.684606	-1842.364888	-21540.152614	-30293.945109	-2117.738380	-24574.446627	-8764.521332	5799.495375	-187500.022352	-0.032000	0.966000	-0.148000	192.000000	127.500000	0.000000	15.000000	24.000000	125.500000	48.000000	0.000000	0.000000	0.000000	1745266296.019250	0.000000
26.000000	-31458.314533	-2989.635228	2341.524046	-6454.110915	-2755.813629	8874.246046	-27485.403715	-3466.152068	-1821.801284	-21516.616227	-30270.855757	-2094.112586	-24550.105578	-8726.880995	5812.660553	-187500.022352	-0.032000	0.966000	-0.148000	192.000000	0.000000	0.000000	0.000000	0.000000	0.000000	0.000000	0.000000	0.000000	0.000000	1745266296.079303	0.000000
28.000000	-31458.180423	-2989.702283	2337.344269	-6450.422877	-2759.009929	8877.755270	-27475.300726	-3460.362966	-1817.442693	-21514.761032	-30271.191033	-2094.693732	-24554.330057	-8738.414495	5804.993904	-187500.022352	-0.032000	0.966000	-0.148000	192.000000	0.000000	0.000000	0.000000	0.000000	0.000000	0.000000	0.000000	0.000000	0.000000	1745266296.079385	0.000000
30.000000	-31465.087112	-2996.005475	2327.889482	-6449.171179	-2772.309217	8882.762060	-27499.127686	-3472.768184	-1828.260938	-21509.486021	-30276.130769	-2091.385673	-24572.524377	-8736.313431	5799.182451	-187500.022352	-0.032000	0.966000	-0.148000	192.000000	0.000000	0.000000	0.000000	0.000000	0.000000	0.000000	0.000000	0.000000	0.000000	1745266296.079417	0.000000
32.000000	-31460.549707	-2993.680894	2343.781572	-6436.408333	-2758.451135	8898.207116	-27476.015982	-3448.047155	-1825.534025	-21512.481154	-30276.376638	-2089.061092	-24563.628383	-8713.067617	5800.188279	-187500.022352	-0.032000	0.966000	-0.148000	192.000000	0.000000	0.000000	0.000000	0.000000	0.000000	0.000000	0.000000	0.000000	0.000000	1745266296.079458	0.000000
34.000000	-31467.970487	-2995.044350	2345.279139	-6442.555063	-2755.634815	8884.706662	-27474.630174	-3453.500981	-1819.052019	-21506.133259	-30276.711914	-2091.765653	-24557.995744	-8721.091893	5812.817015	-187500.022352	-0.029000	0.968000	-0.146000	192.000000	127.500000	24.000000	15.000000	40.000000	125.500000	64.000000	0.000000	0.000000	0.000000	1745266296.079492	0.000000
36.000000	-31470.764455	-3003.090978	2346.284967	-6451.808685	-2751.835019	8882.426784	-27473.914918	-3452.249283	-1833.714763	-21515.476288	-30282.389257	-2098.113549	-24559.895642	-8746.483475	5819.321372	-187500.022352	-0.029000	0.968000	-0.146000	192.000000	0.000000	0.000000	0.000000	0.000000	0.000000	0.000000	0.000000	0.000000	0.000000	1745266296.079525	0.000000
38.000000	-31476.061818	-3010.310591	2341.456990	-6453.820342	-2758.428783	8863.964243	-27482.743857	-3457.345481	-1832.463066	-21531.726006	-30285.406743	-2109.155310	-24566.131778	-8743.175416	5821.645954	-187500.022352	-0.029000	0.968000	-0.146000	192.000000	0.000000	0.000000	0.000000	0.000000	0.000000	0.000000	0.000000	0.000000	0.000000	1745266296.079557	0.000000
40.000000	-31477.469978	-3011.450530	2338.774781	-6451.182836	-2757.534713	8871.116802	-27476.217148	-3465.414460	-1838.654499	-21539.325600	-30287.999545	-2100.907517	-24571.295031	-8741.722553	5821.511843	-187500.022352	-0.029000	0.968000	-0.146000	192.000000	0.000000	0.000000	0.000000	0.000000	0.000000	0.000000	0.000000	0.000000	0.000000	1745266296.079587	0.000000
42.000000	-31473.200795	-3007.158996	2340.898197	-6449.238235	-2757.937045	8873.508438	-27476.418314	-3457.568998	-1834.184150	-21518.605532	-30282.501016	-2094.939601	-24564.656563	-8744.270652	5825.021067	-187500.022352	-0.029000	0.968000	-0.146000	192.000000	0.000000	0.000000	0.000000	0.000000	0.000000	0.000000	0.000000	0.000000	0.000000	1745266296.140881	0.000000
44.000000	-31473.692533	-3001.727522	2335.109095	-6461.017604	-2769.112917	8872.592017	-27489.427029	-3470.957693	-1844.018918	-21529.937867	-30283.953879	-2092.145633	-24582.761476	-8755.088896	5817.175605	-187500.022352	-0.030500	0.969000	-0.145000	192.000000	127.500000	0.000000	15.000000	40.000000	125.500000	64.000000	0.000000	0.000000	0.000000	1745266296.140924	0.000000
46.000000	-31471.837338	-2998.575926	2334.505598	-6458.134229	-2774.745557	8872.971996	-27488.868235	-3471.561190	-1837.291042	-21533.290629	-30279.796455	-2091.832708	-24579.609880	-8754.328937	5812.705256	-187500.022352	-0.030500	0.969000	-0.145000	192.000000	0.000000	0.000000	0.000000	0.000000	0.000000	0.000000	0.000000	0.000000	0.000000	1745266296.140957	0.000000
48.000000	-31465.064760	-2993.367969	2335.153798	-6455.966110	-2777.360711	8878.537581	-27487.147151	-3466.040309	-1834.318260	-21534.207050	-30277.695391	-2084.099005	-24577.777037	-8752.250225	5804.077483	-187500.022352	-0.030500	0.969000	-0.145000	192.000000	0.000000	0.000000	0.000000	0.000000	0.000000	0.000000	0.000000	0.000000	0.000000	1745266296.141007	0.000000
50.000000	-31454.112405	-2978.481707	2346.620243	-6441.996269	-2773.560914	8883.209095	-27483.839093	-3456.384356	-1826.741019	-21509.463669	-30267.659458	-2064.362414	-24578.693459	-8748.651594	5803.138709	-187500.022352	-0.030500	0.969000	-0.145000	192.000000	0.000000	0.000000	0.000000	0.000000	0.000000	0.000000	0.000000	0.000000	0.000000	1745266296.141067	0.000000
52.000000	-31467.903431	-2995.893716	2339.132409	-6449.394697	-2780.557010	8871.586188	-27491.706907	-3467.448469	-1813.285269	-21494.130372	-30261.311562	-2051.063126	-24560.186214	-8729.809073	5810.850061	-187500.022352	-0.030500	0.969000	-0.145000	192.000000	0.000000	0.000000	0.000000	0.000000	0.000000	0.000000	0.000000	0.000000	0.000000	1745266296.141098	0.000000
54.000000	-31466.092940	-2989.791690	2339.534740	-6448.031240	-2771.526905	8880.124555	-27489.494084	-3469.281312	-1833.468894	-21529.200259	-30282.255147	-2070.263275	-24575.027773	-8745.969384	5802.646971	-187500.022352	-0.032250	0.973500	-0.146500	192.000000	127.000000	120.000000	15.000000	72.000000	125.500000	48.000000	0.000000	0.000000	0.000000	1745266296.141137	0.000000
56.000000	-31468.328115	-2990.126966	2331.063429	-6457.106049	-2772.555086	8877.554104	-27494.433820	-3474.802193	-1832.261900	-21525.579277	-30280.087028	-2069.972702	-24567.629345	-8738.526254	5803.988076	-187500.022352	-0.032250	0.973500	-0.146500	192.000000	0.000000	0.000000	0.000000	0.000000	0.000000	0.000000	0.000000	0.000000	0.000000	1745266296.199852	0.000000
58.000000	-31469.803330	-2993.166803	2331.622223	-6458.201284	-2768.263551	8877.062366	-27490.008174	-3469.527181	-1837.827484	-21517.510297	-30280.511711	-2072.900781	-24580.325136	-8739.643841	5805.999733	-187500.022352	-0.032250	0.973500	-0.146500	192.000000	0.000000	0.000000	0.000000	0.000000	0.000000	0.000000	0.000000	0.000000	0.000000	1745266296.199899	0.000000
60.000000	-31461.644943	-2987.936495	2338.394801	-6451.875741	-2756.953568	8874.894246	-27477.290032	-3461.502905	-1839.325051	-21510.558904	-30278.455350	-2066.418775	-24576.458284	-8754.150123	5816.281535	-187500.022352	-0.032250	0.973500	-0.146500	192.000000	0.000000	0.000000	0.000000	0.000000	0.000000	0.000000	0.000000	0.000000	0.000000	1745266296.199941	0.000000
62.000000	-31466.405865	-2994.552612	2335.198502	-6451.942796	-2754.159600	8875.855371	-27479.011116	-3464.833315	-1825.981060	-21514.604570	-30275.817844	-2068.944522	-24565.751799	-8734.167663	5822.383561	-187500.022352	-0.032250	0.973500	-0.146500	192.000000	0.000000	0.000000	0.000000	0.000000	0.000000	0.000000	0.000000	0.000000	0.000000	1745266296.199972	0.000000
64.000000	-31468.305763	-2995.245516	2333.991508	-6443.560892	-2750.471562	8881.644473	-27471.702095	-3464.073356	-1837.514560	-21510.536553	-30282.545719	-2072.789022	-24580.325136	-8732.066599	5825.915137	-187500.022352	-0.033125	0.972750	-0.146250	192.000000	127.000000	120.000000	15.000000	48.000000	125.500000	56.000000	0.000000	0.000000	0.000000	1745266296.200001	0.000000
66.000000	-31467.791673	-2994.776129	2333.924453	-6436.430685	-2751.812667	8883.119688	-27470.360991	-3463.827486	-1832.954804	-21503.786326	-30277.561280	-2067.312845	-24566.265889	-8726.322201	5834.632317	-187500.022352	-0.033125	0.972750	-0.146250	192.000000	0.000000	0.000000	0.000000	0.000000	0.000000	0.000000	0.000000	0.000000	0.000000	1745266296.200033	0.000000
68.000000	-31469.825681	-2994.753777	2329.744676	-6447.383040	-2760.328682	8884.460793	-27475.881872	-3469.527181	-1836.173455	-21510.581256	-30280.757580	-2070.889124	-24579.565177	-8740.515559	5831.748942	-187500.022352	-0.033125	0.972750	-0.146250	192.000000	0.000000	0.000000	0.000000	0.000000	0.000000	0.000000	0.000000	0.000000	0.000000	1745266296.200068	0.000000
70.000000	-31475.324211	-3004.499138	2321.273365	-6462.023432	-2773.113879	8865.282996	-27491.930424	-3483.765243	-1839.325051	-21526.093367	-30285.183225	-2082.020293	-24582.157979	-8762.196751	5814.314582	-187500.022352	-0.033125	0.972750	-0.146250	192.000000	0.000000	0.000000	0.000000	0.000000	0.000000	0.000000	0.000000	0.000000	0.000000	1745266296.200101	0.000000
72.000000	-31479.794559	-3007.538975	2320.625165	-6470.271226	-2767.414185	8863.986595	-27486.878930	-3481.172440	-1833.535949	-21529.669646	-30280.019972	-2079.941580	-24576.882968	-8752.071411	5815.119244	-187500.022352	-0.033125	0.972750	-0.146250	192.000000	0.000000	0.000000	0.000000	0.000000	0.000000	0.000000	0.000000	0.000000	0.000000	1745266296.259038	0.000000
74.000000	-31470.451530	-2997.167766	2323.553243	-6464.616235	-2768.934103	8875.810668	-27497.294843	-3487.833260	-1848.176342	-21536.330466	-30288.692449	-2090.759825	-24580.839226	-8762.666138	5799.137747	-187500.022352	-0.032563	0.974375	-0.149125	192.000000	127.500000	0.000000	15.000000	64.000000	125.500000	32.000000	0.000000	0.000000	0.000000	1745266296.259078	0.000000
76.000000	-31472.060856	-2999.201775	2326.727191	-6458.380098	-2760.619254	8877.084717	-27480.240462	-3474.466917	-1829.155008	-21508.480192	-30270.788702	-2069.570371	-24573.887834	-8740.269690	5817.712047	-187500.022352	-0.032563	0.974375	-0.149125	192.000000	0.000000	0.000000	0.000000	0.000000	0.000000	0.000000	0.000000	0.000000	0.000000	1745266296.259139	0.000000
78.000000	-31479.548690	-3003.269792	2317.920604	-6452.970976	-2767.816516	8871.563837	-27489.136456	-3482.290027	-1846.924644	-21523.969951	-30288.647746	-2076.186487	-24585.466037	-8740.090876	5806.782044	-187500.022352	-0.032563	0.974375	-0.149125	192.000000	0.000000	0.000000	0.000000	0.000000	0.000000	0.000000	0.000000	0.000000	0.000000	1745266296.259173	0.000000
80.000000	-31478.140530	-2999.648809	2314.143159	-6454.759116	-2770.878705	8874.536619	-27491.729259	-3481.530068	-1845.918816	-21522.606495	-30287.954842	-2068.653949	-24579.788694	-8740.515559	5812.817015	-187500.022352	-0.032563	0.974375	-0.149125	192.000000	0.000000	0.000000	0.000000	0.000000	0.000000	0.000000	0.000000	0.000000	0.000000	1745266296.259204	0.000000
82.000000	-31464.640077	-2989.657580	2322.033324	-6450.713450	-2763.122650	8883.946703	-27483.168540	-3479.853687	-1838.475685	-21518.627884	-30285.049115	-2067.178734	-24575.407752	-8748.204559	5808.346666	-187500.022352	-0.032563	0.974375	-0.149125	192.000000	0.000000	0.000000	0.000000	0.000000	0.000000	0.000000	0.000000	0.000000	0.000000	1745266296.259238	0.000000
84.000000	-31481.202719	-3003.023923	2311.528005	-6465.085621	-2773.963246	8868.099316	-27494.970261	-3484.614609	-1830.294946	-21505.686224	-30280.087028	-2064.429470	-24578.157017	-8752.987832	5812.302925	-187500.022352	-0.033281	0.973187	-0.149562	192.000000	127.000000	120.000000	15.000000	48.000000	125.500000	40.000000	0.000000	0.000000	0.000000	1745266296.259270	0.000000
86.000000	-31478.788731	-2998.039484	2318.211176	-6452.412182	-2768.710586	8875.475392	-27488.979994	-3481.284199	-1848.466915	-21509.664835	-30291.642879	-2067.603417	-24598.832381	-8755.379469	5812.124111	-187500.022352	-0.033281	0.973187	-0.149562	192.000000	0.000000	0.000000	0.000000	0.000000	0.000000	0.000000	0.000000	0.000000	0.000000	1745266296.318942	0.000000
88.000000	-31489.316403	-3005.750836	2319.060542	-6447.181874	-2773.583266	8881.532715	-27490.656375	-3478.423176	-1845.918816	-21520.684245	-30288.804208	-2062.641330	-24577.888796	-8730.591384	5824.439922	-187500.022352	-0.033281	0.973187	-0.149562	192.000000	0.000000	0.000000	0.000000	0.000000	0.000000	0.000000	0.000000	0.000000	0.000000	1745266296.319004	0.000000
90.000000	-31486.388324	-3003.225089	2323.240319	-6435.558967	-2766.788336	8891.814517	-27473.669049	-3463.313396	-1851.059717	-21521.064224	-30290.592347	-2064.384766	-24578.849921	-8725.763407	5835.839312	-187500.022352	-0.033281	0.973187	-0.149562	192.000000	0.000000	0.000000	0.000000	0.000000	0.000000	0.000000	0.000000	0.000000	0.000000	1745266296.319034	0.000000
92.000000	-31494.434952	-3011.092903	2315.305449	-6444.030278	-2782.009874	8880.817459	-27484.733162	-3475.897429	-1861.274464	-21525.422815	-30299.711859	-2071.738490	-24593.199741	-8740.180283	5832.844178	-187500.022352	-0.033281	0.973187	-0.149562	192.000000	0.000000	0.000000	0.000000	0.000000	0.000000	0.000000	0.000000	0.000000	0.000000	1745266296.319072	0.000000
94.000000	-31485.851882	-3003.515661	2315.618374	-6451.853389	-2786.010836	8873.754307	-27489.382325	-3479.473708	-1851.082069	-21513.643445	-30290.100609	-2062.127240	-24593.222093	-8743.465989	5829.491416	-187500.022352	-0.033281	0.973187	-0.149562	192.000000	0.000000	0.000000	0.000000	0.000000	0.000000	0.000000	0.000000	0.000000	0.000000	1745266296.319116	0.000000
96.000000	-31476.397094	-2990.752815	2320.133426	-6457.597787	-2781.585190	8868.233427	-27484.576700	-3480.703054	-1842.700165	-21511.050643	-30283.328031	-2053.521818	-24588.483523	-8750.439733	5817.421474	-187500.022352	-0.032000	0.970000	-0.150000	192.000000	127.500000	0.000000	15.000000	40.000000	125.500000	40.000000	0.000000	0.000000	0.000000	1745266296.319146	0.000000
98.000000	-31469.289240	-2982.236800	2320.915737	-6457.061345	-2779.014740	8868.971034	-27495.596110	-3492.191850	-1838.989775	-21506.423832	-30278.030667	-2045.564597	-24584.728430	-8778.468821	5813.241698	-187500.022352	-0.032000	0.970000	-0.150000	192.000000	0.000000	0.000000	0.000000	0.000000	0.000000	0.000000	0.000000	0.000000	0.000000	1745266296.319188	0.000000
100.000000	-31479.168711	-2992.719769	2309.449292	-6468.885418	-2777.092490	8856.834037	-27502.547503	-3494.650542	-1833.424191	-21492.789268	-30272.152158	-2040.356641	-24584.057878	-8732.893614	5812.392332	-187500.022352	-0.032000	0.970000	-0.150000	192.000000	0.000000	0.000000	0.000000	0.000000	0.000000	0.000000	0.000000	0.000000	0.000000	1745266296.319222	0.000000
102.000000	-31486.075400	-2997.458338	2305.403627	-6468.885418	-2781.473432	8850.888473	-27508.515419	-3491.945981	-1848.399859	-21519.499602	-30287.597214	-2052.270121	-24588.662337	-8759.738059	5798.020160	-187500.022352	-0.032000	0.970000	-0.150000	192.000000	0.000000	0.000000	0.000000	0.000000	0.000000	0.000000	0.000000	0.000000	0.000000	1745266296.379148	0.000000
104.000000	-31482.633231	-2996.385455	2309.695162	-6460.503514	-2768.844696	8866.780563	-27490.209340	-3484.256981	-1846.745830	-21516.504469	-30287.597214	-2050.549036	-24590.763401	-8754.731268	5797.260201	-187500.022352	-0.032000	0.970000	-0.150000	192.000000	0.000000	0.000000	0.000000	0.000000	0.000000	0.000000	0.000000	0.000000	0.000000	1745266296.379228	0.000000
106.000000	-31483.996687	-3004.052103	2309.449292	-6460.950549	-2768.174144	8877.889380	-27485.269604	-3481.999455	-1847.550493	-21521.935942	-30287.239586	-2051.577217	-24591.724526	-8751.445562	5808.614887	-187500.022352	-0.032000	0.974000	-0.154000	192.000000	127.500000	0.000000	15.000000	56.000000	125.500000	24.000000	0.000000	0.000000	0.000000	1745266296.379258	0.000000
108.000000	-31488.981126	-3006.622554	2299.346304	-6461.956377	-2777.964208	8872.301444	-27491.170465	-3482.379434	-1852.400822	-21523.902896	-30294.660365	-2062.328406	-24596.463096	-8754.239530	5807.162023	-187500.022352	-0.032000	0.974000	-0.154000	192.000000	0.000000	0.000000	0.000000	0.000000	0.000000	0.000000	0.000000	0.000000	0.000000	1745266296.379292	0.000000
110.000000	-31472.709056	-2989.746987	2321.630993	-6442.286842	-2767.548295	8906.589020	-27476.910052	-3457.233722	-1852.423173	-21515.364530	-30289.541815	-2050.481981	-24592.573892	-8745.969384	5816.929736	-187500.022352	-0.032000	0.974000	-0.154000	192.000000	0.000000	0.000000	0.000000	0.000000	0.000000	0.000000	0.000000	0.000000	0.000000	1745266296.379323	0.000000
112.000000	-31457.241649	-2974.748966	2336.807828	-6425.143054	-2764.486106	8912.288715	-27469.981011	-3440.671079	-1831.501941	-21495.359718	-30271.034571	-2032.287661	-24582.090924	-8741.431980	5831.279556	-187500.022352	-0.032000	0.974000	-0.154000	192.000000	0.000000	0.000000	0.000000	0.000000	0.000000	0.000000	0.000000	0.000000	0.000000	1745266296.379353	0.000000
114.000000	-31454.470033	-2969.809231	2334.125618	-6422.907880	-2774.969074	8911.796977	-27478.809950	-3448.248321	-1821.711877	-21487.156628	-30258.539946	-2014.830949	-24568.523415	-8695.141518	5841.539006	-187500.022352	-0.032000	0.974000	-0.154000	192.000000	0.000000	0.000000	0.000000	0.000000	0.000000	0.000000	0.000000	0.000000	0.000000	1745266296.379386	0.000000
116.000000	-31477.268812	-2990.976333	2309.672810	-6450.646395	-2791.062330	8882.739709	-27493.383288	-3483.541725	-1832.083086	-21493.482172	-30270.229908	-2022.475245	-24588.572930	-8706.786776	5827.256242	-187500.022352	-0.030000	0.972000	-0.156000	192.000000	127.500000	8.000000	15.000000	48.000000	125.500000	16.000000	0.000000	0.000000	0.000000	1745266296.439959	0.000000
118.000000	-31482.767341	-3000.676990	2298.072254	-6473.556933	-2802.551127	8854.017717	-27507.286073	-3500.864327	-1856.647653	-21516.280951	-30294.682717	-2044.223493	-24606.923712	-8765.705975	5802.512861	-187500.022352	-0.030000	0.972000	-0.156000	192.000000	0.000000	0.000000	0.000000	0.000000	0.000000	0.000000	0.000000	0.000000	0.000000	1745266296.439997	0.000000
120.000000	-31478.811083	-3002.353370	2304.330743	-6476.999101	-2797.030246	8848.116857	-27494.970261	-3496.818661	-1844.063621	-21513.554038	-30289.161836	-2048.045641	-24596.530151	-8770.131620	5804.077483	-187500.022352	-0.030000	0.972000	-0.156000	192.000000	0.000000	0.000000	0.000000	0.000000	0.000000	0.000000	0.000000	0.000000	0.000000	1745266296.440046	0.000000
122.000000	-31469.222184	-2990.708112	2311.952688	-6462.962206	-2789.385949	8863.070174	-27490.499913	-3481.641827	-1840.979080	-21515.208067	-30286.256109	-2042.234187	-24588.058840	-8749.098629	5799.942410	-187500.022352	-0.030000	0.972000	-0.156000	192.000000	0.000000	0.000000	0.000000	0.000000	0.000000	0.000000	0.000000	0.000000	0.000000	1745266296.440082	0.000000
124.000000	-31485.091923	-3000.855804	2293.423092	-6466.963168	-2797.164356	8855.895264	-27493.048011	-3483.631132	-1847.125810	-21517.107966	-30286.211406	-2030.946556	-24599.078250	-8754.418344	5801.037645	-187500.022352	-0.030000	0.972000	-0.156000	192.000000	0.000000	0.000000	0.000000	0.000000	0.000000	0.000000	0.000000	0.000000	0.000000	1745266296.440112	0.000000
126.000000	-31485.248385	-3000.341713	2296.597039	-6461.330528	-2793.632781	8872.100278	-27485.671936	-3482.133565	-1874.976084	-21525.266352	-30304.182208	-2042.658871	-24607.504857	-8772.813830	5790.509974	-187500.022352	-0.028000	0.972000	-0.156000	192.000000	127.500000	16.000000	15.000000	48.000000	125.500000	16.000000	0.000000	0.000000	0.000000	1745266296.440145	0.000000
128.000000	-31484.331964	-2997.190118	2301.067388	-6451.719278	-2791.285848	8877.308235	-27482.788561	-3476.836202	-1857.720537	-21511.698843	-30297.431981	-2038.501446	-24596.038413	-8770.958635	5801.752901	-187500.022352	-0.028000	0.972000	-0.156000	192.000000	0.000000	0.000000	0.000000	0.000000	0.000000	0.000000	0.000000	0.000000	0.000000	1745266296.440178	0.000000
130.000000	-31480.129836	-2996.832490	2307.929374	-6447.785371	-2788.491880	8886.114822	-27481.603918	-3468.767222	-1848.466915	-21523.835841	-30290.592347	-2027.772609	-24587.567101	-8738.347440	5813.286401	-187500.022352	-0.028000	0.972000	-0.156000	192.000000	0.000000	0.000000	0.000000	0.000000	0.000000	0.000000	0.000000	0.000000	0.000000	1745266296.440209	0.000000
132.000000	-31486.030696	-3004.946173	2303.369618	-6456.413145	-2790.548240	8888.595866	-27480.620442	-3468.744870	-1847.639900	-21530.250791	-30289.787685	-2027.146760	-24587.388287	-8746.818751	5812.682904	-187500.022352	-0.028000	0.972000	-0.156000	192.000000	0.000000	0.000000	0.000000	0.000000	0.000000	0.000000	0.000000	0.000000	0.000000	1745266296.499724	0.000000
134.000000	-31489.875196	-3009.818853	2297.513461	-6463.319834	-2796.404397	8889.266418	-27488.063572	-3471.360024	-1862.839086	-21537.738626	-30300.628281	-2037.205045	-24605.001462	-8759.492190	5806.402064	-187500.022352	-0.028000	0.972000	-0.156000	192.000000	0.000000	0.000000	0.000000	0.000000	0.000000	0.000000	0.000000	0.000000	0.000000	1745266296.499763	0.000000
136.000000	-31483.259080	-3006.399036	2306.118882	-6451.249892	-2789.944743	8897.670674	-27480.866311	-3464.967425	-1851.439697	-21532.888297	-30295.040345	-2033.628766	-24594.965529	-8755.960614	5813.644029	-187500.022352	-0.034000	0.966000	-0.150000	192.000000	127.000000	120.000000	15.000000	24.000000	125.500000	40.000000	0.000000	0.000000	0.000000	1745266296.499804	0.000000
138.000000	-31483.102618	-3004.029751	2307.437635	-6449.282938	-2787.866031	8889.713453	-27477.558253	-3460.497077	-1850.970310	-21523.746434	-30289.765333	-2030.968908	-24589.064668	-8752.853722	5819.120207	-187500.022352	-0.034000	0.966000	-0.150000	192.000000	0.000000	0.000000	0.000000	0.000000	0.000000	0.000000	0.000000	0.000000	0.000000	1745266296.499864	0.000000
140.000000	-31485.918937	-3001.436949	2295.904135	-6458.000118	-2801.500595	8883.611427	-27493.897378	-3482.200620	-1850.635034	-21513.419928	-30286.546682	-2016.194405	-24595.904302	-8741.029649	5812.548794	-187500.022352	-0.034000	0.966000	-0.150000	192.000000	0.000000	0.000000	0.000000	0.000000	0.000000	0.000000	0.000000	0.000000	0.000000	1745266296.499899	0.000000
142.000000	-31489.383458	-3002.375722	2286.605810	-6469.377156	-2809.189595	8872.167334	-27506.168485	-3493.644714	-1868.248209	-21518.896105	-30299.555397	-2023.235205	-24617.764308	-8769.595178	5795.852041	-187500.022352	-0.034000	0.966000	-0.150000	192.000000	0.000000	0.000000	0.000000	0.000000	0.000000	0.000000	0.000000	0.000000	0.000000	1745266296.499937	0.000000
144.000000	-31475.435969	-2991.646885	2298.586345	-6459.967072	-2794.705664	8880.236313	-27495.283186	-3476.858554	-1855.083031	-21519.633713	-30292.916929	-2019.167187	-24592.372726	-8754.127771	5794.622695	-187500.022352	-0.034000	0.966000	-0.150000	192.000000	0.000000	0.000000	0.000000	0.000000	0.000000	0.000000	0.000000	0.000000	0.000000	1745266296.499972	0.000000
146.000000	-31481.605051	-2996.899545	2296.082949	-6464.929159	-2791.866993	8889.579343	-27496.378421	-3479.764280	-1847.975176	-21515.029253	-30286.993717	-2018.496635	-24582.314441	-8770.109268	5804.613925	-187500.022352	-0.026000	0.970000	-0.150000	192.000000	127.500000	24.000000	15.000000	40.000000	125.500000	40.000000	0.000000	0.000000	0.000000	1745266296.561445	0.000000
148.000000	-31478.878138	-2993.837356	2299.458063	-6451.473409	-2790.503537	8878.358767	-27495.394945	-3478.959617	-1848.288101	-21507.675529	-30288.223063	-2011.634649	-24585.175465	-8737.140445	5810.403026	-187500.022352	-0.026000	0.970000	-0.150000	192.000000	0.000000	0.000000	0.000000	0.000000	0.000000	0.000000	0.000000	0.000000	0.000000	1745266296.561509	0.000000
150.000000	-31491.216301	-3007.583679	2289.310371	-6456.793124	-2802.595830	8874.760136	-27498.211264	-3477.484402	-1851.998490	-21520.416024	-30296.157932	-2022.408190	-24591.031622	-8742.326050	5805.128015	-187500.022352	-0.026000	0.970000	-0.150000	192.000000	0.000000	0.000000	0.000000	0.000000	0.000000	0.000000	0.000000	0.000000	0.000000	1745266296.561540	0.000000
152.000000	-31489.316403	-3002.889812	2290.673827	-6452.635700	-2805.881537	8887.701796	-27500.379384	-3476.344463	-1855.842990	-21531.614248	-30301.567054	-2032.533530	-24593.736183	-8739.643841	5797.863698	-187500.022352	-0.026000	0.970000	-0.150000	192.000000	0.000000	0.000000	0.000000	0.000000	0.000000	0.000000	0.000000	0.000000	0.000000	1745266296.561570	0.000000
154.000000	-31483.594356	-2997.726559	2298.452234	-6444.544368	-2796.650266	8896.486032	-27482.453285	-3455.557341	-1856.647653	-21526.339236	-30295.174455	-2034.813408	-24601.738107	-8727.484492	5802.915192	-187500.022352	-0.026000	0.970000	-0.150000	192.000000	0.000000	0.000000	0.000000	0.000000	0.000000	0.000000	0.000000	0.000000	0.000000	1745266296.561600	0.000000
156.000000	-31484.533129	-3001.526356	2301.603830	-6446.578377	-2808.407284	8883.767889	-27490.142285	-3458.641882	-1856.737060	-21527.121547	-30295.017993	-2048.492676	-24590.226959	-8758.486361	5806.290305	-187500.022352	-0.025000	0.971000	-0.151000	192.000000	127.500000	32.000000	15.000000	48.000000	125.500000	32.000000	0.000000	0.000000	0.000000	1745266296.561629	0.000000
158.000000	-31470.339772	-2989.948152	2314.545490	-6431.714467	-2799.019551	8897.491860	-27481.581567	-3452.852780	-1842.208426	-21526.786271	-30285.652612	-2055.846400	-24578.134665	-8757.704050	5812.593497	-187500.022352	-0.025000	0.971000	-0.151000	192.000000	0.000000	0.000000	0.000000	0.000000	0.000000	0.000000	0.000000	0.000000	0.000000	1745266296.561664	0.000000
160.000000	-31478.140530	-2996.921897	2304.621316	-6447.785371	-2813.726999	8888.171183	-27497.831285	-3467.582580	-1837.045173	-21520.572486	-30281.808112	-2060.875542	-24579.051087	-8727.573899	5816.974439	-187500.022352	-0.025000	0.971000	-0.151000	192.000000	0.000000	0.000000	0.000000	0.000000	0.000000	0.000000	0.000000	0.000000	0.000000	1745266296.561710	0.000000
162.000000	-31467.434045	-2989.702283	2310.365714	-6438.867025	-2804.182804	8893.379139	-27485.873101	-3458.485420	-1844.175380	-21530.161384	-30288.714801	-2083.361397	-24596.664261	-8739.755599	5808.301962	-187500.022352	-0.025000	0.971000	-0.151000	192.000000	0.000000	0.000000	0.000000	0.000000	0.000000	0.000000	0.000000	0.000000	0.000000	1745266296.619489	0.000000
164.000000	-31465.824719	-2990.059911	2310.008086	-6440.789275	-2794.973885	8891.948627	-27478.877005	-3463.514562	-1824.282327	-21515.006902	-30272.219214	-2074.063071	-24576.100657	-8733.675925	5826.049248	-187500.022352	-0.025000	0.971000	-0.151000	192.000000	0.000000	0.000000	0.000000	0.000000	0.000000	0.000000	0.000000	0.000000	0.000000	1745266296.619550	0.000000
166.000000	-31470.563289	-2994.083225	2294.987714	-6452.166313	-2798.505461	8876.503572	-27490.902244	-3472.455260	-1840.777915	-21528.060320	-30288.714801	-2094.872546	-24592.931520	-8755.871207	5815.387465	-187500.022352	-0.024500	0.970500	-0.150500	192.000000	127.500000	32.000000	15.000000	40.000000	125.500000	40.000000	0.000000	0.000000	0.000000	1745266296.619589	0.000000
168.000000	-31474.698362	-2994.016170	2288.237487	-6459.184761	-2768.911751	8879.990444	-27494.500875	-3464.363928	-1841.180246	-21522.315922	-30290.301775	-2095.543098	-24594.406735	-8755.804152	5807.542003	-187500.022352	-0.024500	0.970500	-0.150500	192.000000	0.000000	0.000000	0.000000	0.000000	0.000000	0.000000	0.000000	0.000000	0.000000	1745266296.619621	0.000000
170.000000	-31478.386400	-2999.090016	2282.716606	-6459.073002	-2765.067251	8866.512342	-27502.100468	-3473.483440	-1849.539798	-21523.344102	-30297.409630	-2103.097988	-24598.944139	-8766.287120	5793.058073	-187500.022352	-0.024500	0.970500	-0.150500	192.000000	0.000000	0.000000	0.000000	0.000000	0.000000	0.000000	0.000000	0.000000	0.000000	1745266296.619654	0.000000
172.000000	-31486.097751	-3001.615763	2278.916809	-6461.196418	-2763.748498	8857.191665	-27503.106296	-3476.724443	-1851.663214	-21517.465594	-30299.108362	-2098.649990	-24594.764363	-8753.501922	5791.985189	-187500.022352	-0.024500	0.970500	-0.150500	192.000000	0.000000	0.000000	0.000000	0.000000	0.000000	0.000000	0.000000	0.000000	0.000000	1745266296.619685	0.000000
174.000000	-31501.386345	-3023.878100	2265.997501	-6472.953436	-2771.057519	8851.760191	-27512.002291	-3485.776900	-1865.208371	-21542.924230	-30311.446525	-2114.162101	-24613.942160	-8777.306530	5777.322445	-187500.022352	-0.024500	0.970500	-0.150500	192.000000	0.000000	0.000000	0.000000	0.000000	0.000000	0.000000	0.000000	0.000000	0.000000	1745266296.619715	0.000000
176.000000	-31490.009307	-3013.752760	2284.258876	-6454.580302	-2756.394774	8865.618272	-27493.986785	-3468.163725	-1867.488249	-21562.124379	-30310.597159	-2119.414761	-24619.418337	-8792.617475	5781.613980	-187500.022352	-0.025250	0.968250	-0.147250	192.000000	127.500000	24.000000	15.000000	24.000000	125.500000	64.000000	0.000000	0.000000	0.000000	1745266296.679314	0.000000
178.000000	-31484.264908	-3007.270754	2295.077121	-6438.755267	-2747.856408	8873.530790	-27487.214206	-3465.235646	-1842.476647	-21539.750283	-30293.118095	-2101.086331	-24596.239578	-8760.006280	5798.109567	-187500.022352	-0.025250	0.968250	-0.147250	192.000000	0.000000	0.000000	0.000000	0.000000	0.000000	0.000000	0.000000	0.000000	0.000000	1745266296.679374	0.000000
180.000000	-31494.166731	-3013.573946	2283.834193	-6449.439400	-2748.638719	8874.469563	-27489.248215	-3470.309492	-1855.306549	-21538.118605	-30299.398935	-2105.802549	-24611.528171	-8763.560207	5806.335009	-187500.022352	-0.025250	0.968250	-0.147250	192.000000	0.000000	0.000000	0.000000	0.000000	0.000000	0.000000	0.000000	0.000000	0.000000	1745266296.679424	0.000000
182.000000	-31486.656545	-3010.847033	2293.288981	-6448.880607	-2751.991481	8870.200380	-27491.081058	-3470.130678	-1858.681662	-21543.259507	-30302.997566	-2112.843348	-24623.620465	-8763.135524	5799.405968	-187500.022352	-0.025250	0.968250	-0.147250	192.000000	0.000000	0.000000	0.000000	0.000000	0.000000	0.000000	0.000000	0.000000	0.000000	1745266296.679483	0.000000
184.000000	-31485.628365	-3012.188138	2296.284115	-6447.427743	-2752.259702	8870.200380	-27498.457134	-3471.740004	-1844.443601	-21537.023370	-30291.173493	-2107.054246	-24583.208511	-8768.611702	5804.680980	-187500.022352	-0.025250	0.968250	-0.147250	192.000000	0.000000	0.000000	0.000000	0.000000	0.000000	0.000000	0.000000	0.000000	0.000000	1745266296.679513	0.000000
186.000000	-31491.283356	-3015.205624	2294.428920	-6459.877665	-2746.716469	8873.441383	-27488.465904	-3473.326978	-1849.673909	-21538.319771	-30293.118095	-2112.239851	-24585.287223	-8781.151030	5811.431207	-187500.022352	-0.026625	0.973125	-0.146625	192.000000	127.500000	16.000000	15.000000	72.000000	125.500000	56.000000	0.000000	0.000000	0.000000	1745266296.679552	0.000000
188.000000	-31487.751780	-3011.025847	2292.976057	-6458.715374	-2746.984690	8869.395717	-27486.945985	-3470.421251	-1843.840104	-21532.642428	-30292.626356	-2115.637316	-24592.998575	-8767.248245	5809.330143	-187500.022352	-0.026625	0.973125	-0.146625	192.000000	0.000000	0.000000	0.000000	0.000000	0.000000	0.000000	0.000000	0.000000	0.000000	1745266296.679605	0.000000
190.000000	-31497.385382	-3018.848958	2278.827402	-6470.137116	-2758.741708	8865.640624	-27504.514456	-3475.271580	-1855.306549	-21546.053475	-30299.778914	-2115.033819	-24600.776982	-8772.724423	5796.142613	-187500.022352	-0.026625	0.973125	-0.146625	192.000000	0.000000	0.000000	0.000000	0.000000	0.000000	0.000000	0.000000	0.000000	0.000000	1745266296.679634	0.000000
192.000000	-31501.431048	-3020.100656	2268.657359	-6473.691043	-2761.334510	8858.286900	-27506.816686	-3487.654446	-1869.924589	-21541.113739	-30312.519409	-2121.761694	-24617.786660	-8778.938207	5782.619808	-187500.022352	-0.026625	0.973125	-0.146625	192.000000	0.000000	0.000000	0.000000	0.000000	0.000000	0.000000	0.000000	0.000000	0.000000	1745266296.740615	0.000000
194.000000	-31489.696382	-3006.175519	2279.408548	-6456.614310	-2753.109068	8870.423898	-27495.327889	-3470.153030	-1859.955711	-21539.526765	-30311.670042	-2116.486682	-24604.152096	-8778.759394	5786.911343	-187500.022352	-0.026625	0.973125	-0.146625	192.000000	0.000000	0.000000	0.000000	0.000000	0.000000	0.000000	0.000000	0.000000	0.000000	1745266296.740658	0.000000
196.000000	-31486.768304	-3002.018094	2285.599981	-6449.394697	-2745.710641	8877.084717	-27486.342488	-3461.055870	-1853.563112	-21528.619114	-30300.360060	-2100.527537	-24594.585549	-8757.078201	5796.388483	-187500.022352	-0.027313	0.972562	-0.145313	192.000000	127.500000	16.000000	15.000000	48.000000	125.500000	64.000000	0.000000	0.000000	0.000000	1745266296.740689	0.000000
198.000000	-31501.095772	-3017.709019	2276.435766	-6457.798953	-2761.893304	8868.613406	-27499.440610	-3476.567981	-1861.855610	-21534.050588	-30308.451391	-2107.747150	-24602.252198	-8782.290969	5794.153308	-187500.022352	-0.027313	0.972562	-0.145313	192.000000	0.000000	0.000000	0.000000	0.000000	0.000000	0.000000	0.000000	0.000000	0.000000	1745266296.740721	0.000000
200.000000	-31502.794504	-3021.687629	2278.536830	-6449.707621	-2765.938969	8862.734897	-27500.446439	-3475.517449	-1862.995549	-21538.230364	-30309.278406	-2110.049380	-24602.542770	-8756.027669	5789.481794	-187500.022352	-0.027313	0.972562	-0.145313	192.000000	0.000000	0.000000	0.000000	0.000000	0.000000	0.000000	0.000000	0.000000	0.000000	1745266296.740751	0.000000
202.000000	-31493.853807	-3008.433045	2294.071292	-6435.894243	-2755.970091	8879.677520	-27490.008174	-3468.275484	-1859.776897	-21523.746434	-30300.740039	-2097.577107	-24600.933445	-8751.490265	5801.864660	-187500.022352	-0.027313	0.972562	-0.145313	192.000000	0.000000	0.000000	0.000000	0.000000	0.000000	0.000000	0.000000	0.000000	0.000000	1745266296.740794	0.000000
204.000000	-31503.777981	-3016.926708	2284.080062	-6447.025412	-2765.804859	8871.966168	-27496.490180	-3473.595199	-1858.681662	-21528.552059	-30304.673946	-2099.275839	-24608.086003	-8764.119001	5799.584782	-187500.022352	-0.027313	0.972562	-0.145313	192.000000	0.000000	0.000000	0.000000	0.000000	0.000000	0.000000	0.000000	0.000000	0.000000	1745266296.740841	0.000000
206.000000	-31503.062725	-3013.886871	2288.572763	-6447.092467	-2763.145001	8872.770831	-27493.383288	-3469.974216	-1863.554342	-21527.300361	-30307.311452	-2105.064941	-24599.502933	-8765.281292	5801.417625	-187500.022352	-0.031656	0.974281	-0.145656	192.000000	127.000000	112.000000	15.000000	64.000000	125.500000	56.000000	0.000000	0.000000	0.000000	1745266296.740871	0.000000
208.000000	-31503.867388	-3015.965583	2285.465871	-6444.164389	-2763.949664	8879.051671	-27499.597073	-3469.951864	-1860.559208	-21541.739588	-30303.779877	-2105.310810	-24603.705061	-8765.393050	5802.199936	-187500.022352	-0.031656	0.974281	-0.145656	192.000000	0.000000	0.000000	0.000000	0.000000	0.000000	0.000000	0.000000	0.000000	0.000000	1745266296.800868	0.000000
210.000000	-31504.895568	-3017.150225	2287.790452	-6445.237272	-2765.894266	8880.504534	-27494.299709	-3471.538838	-1860.939188	-21544.086521	-30304.048098	-2102.203918	-24614.568009	-8761.839123	5797.483718	-187500.022352	-0.031656	0.974281	-0.145656	192.000000	0.000000	0.000000	0.000000	0.000000	0.000000	0.000000	0.000000	0.000000	0.000000	1745266296.800925	0.000000
212.000000	-31505.566121	-3022.022906	2283.990655	-6453.663880	-2769.470545	8880.415127	-27500.558198	-3475.830373	-1858.055813	-21537.045722	-30300.695336	-2105.511976	-24592.931520	-8758.039326	5801.350570	-187500.022352	-0.031656	0.974281	-0.145656	192.000000	0.000000	0.000000	0.000000	0.000000	0.000000	0.000000	0.000000	0.000000	0.000000	1745266296.800955	0.000000
214.000000	-31503.621519	-3019.363048	2284.169469	-6454.826171	-2765.067251	8883.052633	-27494.255006	-3464.363928	-1866.169496	-21531.346027	-30308.987833	-2110.585822	-24603.816820	-8772.500905	5792.566334	-187500.022352	-0.031656	0.974281	-0.145656	192.000000	0.000000	0.000000	0.000000	0.000000	0.000000	0.000000	0.000000	0.000000	0.000000	1745266296.800989	0.000000
216.000000	-31507.980109	-3020.793560	2275.765213	-6458.067174	-2769.135269	8875.944778	-27492.600977	-3467.515524	-1865.677758	-21545.606440	-30310.485400	-2109.267069	-24607.929541	-8771.204504	5797.148442	-187500.022352	-0.033828	0.973141	-0.145828	192.000000	127.000000	112.000000	15.000000	48.000000	125.500000	56.000000	0.000000	0.000000	0.000000	1745266296.801024	0.000000
218.000000	-31504.336775	-3012.098731	2273.798260	-6455.049688	-2770.409318	8879.252837	-27490.119933	-3462.016995	-1870.103403	-21552.557832	-30315.894522	-2110.630525	-24613.897456	-8757.301719	5796.321427	-187500.022352	-0.033828	0.973141	-0.145828	192.000000	0.000000	0.000000	0.000000	0.000000	0.000000	0.000000	0.000000	0.000000	0.000000	1745266296.801068	0.000000
220.000000	-31504.984975	-3015.876176	2270.557257	-6459.743555	-2772.823307	8880.571590	-27490.656375	-3464.587446	-1867.778822	-21539.973800	-30312.809981	-2106.964839	-24606.744898	-8765.951844	5798.422491	-187500.022352	-0.033828	0.973141	-0.145828	192.000000	0.000000	0.000000	0.000000	0.000000	0.000000	0.000000	0.000000	0.000000	0.000000	1745266296.801097	0.000000
222.000000	-31508.807124	-3017.910185	2274.826440	-6457.642491	-2768.710586	8886.494802	-27485.470770	-3461.435850	-1875.892505	-21539.526765	-30317.034461	-2107.255412	-24613.003387	-8777.887676	5798.958933	-187500.022352	-0.033828	0.973141	-0.145828	192.000000	0.000000	0.000000	0.000000	0.000000	0.000000	0.000000	0.000000	0.000000	0.000000	1745266296.860824	0.000000
224.000000	-31494.703173	-3004.879118	2285.756443	-6440.275185	-2758.562894	8892.775642	-27480.173407	-3452.673966	-1856.491191	-21524.484041	-30307.154990	-2100.818110	-24613.115145	-8758.039326	5807.921983	-187500.022352	-0.033828	0.973141	-0.145828	192.000000	0.000000	0.000000	0.000000	0.000000	0.000000	0.000000	0.000000	0.000000	0.000000	1745266296.860876	0.000000
226.000000	-31521.592322	-3031.477693	2259.716661	-6468.796011	-2786.368464	8866.892322	-27500.625253	-3469.951864	-1872.673854	-21543.617135	-30318.084993	-2110.496415	-24620.491221	-8772.657367	5793.169831	-187500.022352	-0.033828	0.973141	-0.145828	192.000000	0.000000	0.000000	0.000000	0.000000	0.000000	0.000000	0.000000	0.000000	0.000000	1745266296.860925	0.000000
228.000000	-31514.350356	-3026.917938	2271.674844	-6462.984558	-2775.326702	8879.766927	-27489.494084	-3459.155972	-1874.730214	-21559.822149	-30322.868266	-2117.917194	-24612.154020	-8788.772975	5790.107642	-187500.022352	-0.038000	0.978000	-0.142000	192.000000	127.000000	104.000000	15.000000	72.000000	125.500000	72.000000	0.000000	0.000000	0.000000	1745266296.860955	0.000000
230.000000	-31515.423240	-3024.280432	2276.301655	-6461.732860	-2773.918542	8882.851467	-27492.869197	-3460.228856	-1872.427985	-21548.802739	-30319.761374	-2115.413799	-24608.533038	-8774.691376	5792.476927	-187500.022352	-0.038000	0.978000	-0.142000	192.000000	0.000000	0.000000	0.000000	0.000000	0.000000	0.000000	0.000000	0.000000	0.000000	1745266296.860997	0.000000
232.000000	-31518.954816	-3030.270699	2272.680673	-6462.269302	-2774.678501	8878.582284	-27493.405639	-3464.721556	-1877.948866	-21546.947544	-30321.527162	-2117.268994	-24609.605921	-8766.287120	5792.141651	-187500.022352	-0.038000	0.978000	-0.142000	192.000000	0.000000	0.000000	0.000000	0.000000	0.000000	0.000000	0.000000	0.000000	0.000000	1745266296.861030	0.000000
234.000000	-31511.735202	-3021.017077	2277.709815	-6453.976804	-2769.694062	8884.036110	-27490.611671	-3455.490286	-1875.110194	-21541.583126	-30315.045156	-2111.926927	-24610.656453	-8766.153010	5795.874392	-187500.022352	-0.038000	0.978000	-0.142000	192.000000	0.000000	0.000000	0.000000	0.000000	0.000000	0.000000	0.000000	0.000000	0.000000	1745266296.861060	0.000000
236.000000	-31519.759479	-3029.890720	2267.807992	-6462.716337	-2781.808708	8880.660997	-27499.082982	-3466.397937	-1876.116023	-21555.128283	-30318.554380	-2113.826825	-24613.316311	-8775.049004	5791.627561	-187500.022352	-0.038000	0.978000	-0.142000	192.000000	0.000000	0.000000	0.000000	0.000000	0.000000	0.000000	0.000000	0.000000	0.000000	1745266296.861093	0.000000
238.000000	-31525.883857	-3032.975260	2264.030548	-6467.030223	-2786.279057	8885.779546	-27498.658299	-3475.495097	-1884.207354	-21556.536443	-30327.740947	-2119.392409	-24614.277436	-8786.604856	5786.263142	-187500.022352	-0.038000	0.968000	-0.142000	192.000000	127.000000	104.000000	15.000000	32.000000	125.500000	72.000000	0.000000	0.000000	0.000000	1745266296.919861	0.000000
240.000000	-31508.337737	-3013.395132	2284.258876	-6441.795104	-2781.585190	8888.014720	-27488.242386	-3455.266768	-1879.647598	-21538.900916	-30320.610740	-2108.976496	-24606.901360	-8769.304606	5795.337951	-187500.022352	-0.038000	0.968000	-0.142000	192.000000	0.000000	0.000000	0.000000	0.000000	0.000000	0.000000	0.000000	0.000000	0.000000	1745266296.919930	0.000000
242.000000	-31503.755630	-3012.746932	2283.968304	-6443.136208	-2788.961266	8896.553087	-27492.824494	-3458.083088	-1864.582522	-21529.177908	-30300.896502	-2092.570316	-24598.139477	-8743.778913	5808.346666	-187500.022352	-0.038000	0.968000	-0.142000	192.000000	0.000000	0.000000	0.000000	0.000000	0.000000	0.000000	0.000000	0.000000	0.000000	1745266296.919960	0.000000
244.000000	-31509.634138	-3020.704153	2274.915847	-6447.606557	-2803.713417	8877.665863	-27502.078116	-3473.416385	-1866.281255	-21546.098178	-30305.411554	-2096.683037	-24625.654474	-8756.698222	5791.426395	-187500.022352	-0.038000	0.968000	-0.142000	192.000000	0.000000	0.000000	0.000000	0.000000	0.000000	0.000000	0.000000	0.000000	0.000000	1745266296.919991	0.000000
246.000000	-31497.318327	-3009.103597	2289.220964	-6433.904938	-2795.331513	8888.327645	-27486.923633	-3461.257036	-1864.135488	-21537.090425	-30301.075316	-2092.994999	-24606.990767	-8772.053870	5794.421529	-187500.022352	-0.038000	0.968000	-0.142000	192.000000	0.000000	0.000000	0.000000	0.000000	0.000000	0.000000	0.000000	0.000000	0.000000	1745266296.920031	0.000000
248.000000	-31505.074382	-3016.792597	2279.430900	-6448.321813	-2756.595940	8880.951569	-27490.388154	-3464.498039	-1858.167572	-21540.107911	-30298.124885	-2087.585877	-24605.202628	-8765.817734	5799.651837	-187500.022352	-0.032000	0.972000	-0.146000	192.000000	127.500000	0.000000	15.000000	48.000000	125.500000	56.000000	0.000000	0.000000	0.000000	1745266296.920076	0.000000
250.000000	-31500.224054	-3011.741103	2278.782699	-6446.712488	-2752.214998	8883.119688	-27489.851712	-3457.434888	-1860.380395	-21543.304210	-30303.444601	-2095.744264	-24602.922750	-8761.012108	5796.053206	-187500.022352	-0.032000	0.972000	-0.146000	192.000000	0.000000	0.000000	0.000000	0.000000	0.000000	0.000000	0.000000	0.000000	0.000000	1745266296.920109	0.000000
252.000000	-31511.154057	-3020.659449	2271.518382	-6455.139095	-2772.040996	8889.713453	-27496.490180	-3463.894542	-1866.705938	-21540.152614	-30307.602025	-2093.374979	-24606.990767	-8759.693356	5790.509974	-187500.022352	-0.032000	0.972000	-0.146000	192.000000	0.000000	0.000000	0.000000	0.000000	0.000000	0.000000	0.000000	0.000000	0.000000	1745266296.980089	0.000000
254.000000	-31514.328005	-3029.019002	2271.652492	-6458.983595	-2778.187725	8894.116747	-27489.762305	-3459.066565	-1879.468784	-21538.766806	-30313.413479	-2099.432301	-24616.557314	-8764.007242	5789.459442	-187500.022352	-0.032000	0.972000	-0.146000	192.000000	0.000000	0.000000	0.000000	0.000000	0.000000	0.000000	0.000000	0.000000	0.000000	1745266296.980140	0.000000
0.000000	-31512.159885	-3025.509778	2275.809917	-6457.597787	-2777.606580	8894.407319	-27487.035392	-3460.854704	-1868.225857	-21544.287687	-30312.005319	-2099.834633	-24611.416413	-8774.691376	5792.119299	-187500.022352	-0.032000	0.972000	-0.146000	192.000000	0.000000	0.000000	0.000000	0.000000	0.000000	0.000000	0.000000	0.000000	0.000000	1745266296.980170	0.000000
2.000000	-31513.165714	-3022.045257	2272.524211	-6460.659976	-2778.902981	8888.126479	-27491.773962	-3467.292007	-1864.090784	-21544.779425	-30304.428077	-2093.240868	-24598.161828	-8761.235626	5800.903535	-187500.022352	-0.030000	0.974000	-0.148000	192.000000	127.500000	8.000000	15.000000	56.000000	125.500000	48.000000	0.000000	0.000000	0.000000	1745266296.980203	0.000000
4.000000	-31530.287150	-3035.545711	2256.587417	-6472.171124	-2795.376217	8865.931197	-27500.289977	-3479.004321	-1887.269543	-21556.916422	-30323.918798	-2098.918211	-24623.218134	-8766.175361	5787.604247	-187500.022352	-0.030000	0.974000	-0.148000	192.000000	0.000000	0.000000	0.000000	0.000000	0.000000	0.000000	0.000000	0.000000	0.000000	1745266296.980235	0.000000
6.000000	-31528.610769	-3036.238615	2262.555332	-6466.963168	-2789.318894	8872.301444	-27490.119933	-3468.744870	-1890.912877	-21565.767713	-30334.468822	-2109.311773	-24632.427053	-8785.710786	5779.937599	-187500.022352	-0.030000	0.974000	-0.148000	192.000000	0.000000	0.000000	0.000000	0.000000	0.000000	0.000000	0.000000	0.000000	0.000000	1745266296.980265	0.000000
8.000000	-31523.671034	-3032.125894	2269.484373	-6459.095354	-2788.380121	8883.432613	-27486.007212	-3460.497077	-1881.078110	-21557.341106	-30322.532990	-2097.174775	-24615.931465	-8774.221989	5793.505108	-187500.022352	-0.030000	0.974000	-0.148000	192.000000	0.000000	0.000000	0.000000	0.000000	0.000000	0.000000	0.000000	0.000000	0.000000	1745266296.980296	0.000000
10.000000	-31521.905246	-3028.661374	2264.410527	-6462.604578	-2798.103130	8889.713453	-27489.628195	-3462.218161	-1885.526107	-21553.273088	-30327.360967	-2098.761749	-24616.803183	-8785.420213	5783.446823	-187500.022352	-0.030000	0.974000	-0.148000	192.000000	0.000000	0.000000	0.000000	0.000000	0.000000	0.000000	0.000000	0.000000	0.000000	1745266296.980326	0.000000
12.000000	-31506.996632	-3010.623516	2276.324007	-6443.180912	-2800.114787	8905.002046	-27492.824494	-3451.757544	-1864.716633	-21535.346989	-30311.066545	-2080.209801	-24608.577741	-8763.135524	5788.721834	-187500.022352	-0.034000	0.974000	-0.150000	192.000000	127.000000	120.000000	15.000000	56.000000	125.500000	40.000000	0.000000	0.000000	0.000000	1745266297.040490	0.000000
14.000000	-31499.441743	-3003.135682	2279.989693	-6431.781522	-2804.160452	8917.116692	-27499.217093	-3449.365908	-1867.667063	-21533.871774	-30306.909121	-2070.419737	-24614.299788	-8733.564166	5788.297151	-187500.022352	-0.034000	0.974000	-0.150000	192.000000	0.000000	0.000000	0.000000	0.000000	0.000000	0.000000	0.000000	0.000000	0.000000	1745266297.040557	0.000000
16.000000	-31503.979147	-3005.259097	2281.442557	-6439.805799	-2803.959287	8911.305238	-27502.480448	-3454.395050	-1860.715671	-21520.684245	-30295.666193	-2056.651063	-24610.410584	-8724.556413	5797.081387	-187500.022352	-0.034000	0.974000	-0.150000	192.000000	0.000000	0.000000	0.000000	0.000000	0.000000	0.000000	0.000000	0.000000	0.000000	1745266297.040591	0.000000
18.000000	-31529.795412	-3037.535016	2259.135516	-6469.243046	-2817.571499	8860.164447	-27512.695195	-3495.231687	-1886.733101	-21543.952411	-30320.946016	-2085.864793	-24618.725433	-8778.222952	5775.713119	-187500.022352	-0.034000	0.974000	-0.150000	192.000000	0.000000	0.000000	0.000000	0.000000	0.000000	0.000000	0.000000	0.000000	0.000000	1745266297.040632	0.000000
20.000000	-31530.085984	-3038.786714	2263.449402	-6464.146848	-2815.358676	8868.680461	-27507.666052	-3477.171478	-1884.877906	-21572.361478	-30325.371662	-2095.856022	-24618.546619	-8783.721481	5771.578046	-187500.022352	-0.034000	0.974000	-0.150000	192.000000	0.000000	0.000000	0.000000	0.000000	0.000000	0.000000	0.000000	0.000000	0.000000	1745266297.040665	0.000000
22.000000	-31524.319234	-3034.942214	2264.611693	-6456.301386	-2814.732828	8877.822325	-27495.976090	-3470.577713	-1883.067415	-21569.567510	-30319.962540	-2090.513955	-24619.530096	-8780.368719	5781.412814	-187500.022352	-0.034000	0.968000	-0.154000	192.000000	127.000000	120.000000	15.000000	32.000000	125.500000	24.000000	0.000000	0.000000	0.000000	1745266297.040696	0.000000
24.000000	-31529.326025	-3035.255138	2257.146210	-6462.761040	-2821.304240	8876.749441	-27500.289977	-3472.119984	-1883.402691	-21556.827015	-30315.983929	-2082.064996	-24622.771099	-8778.759394	5784.095023	-187500.022352	-0.034000	0.968000	-0.154000	192.000000	0.000000	0.000000	0.000000	0.000000	0.000000	0.000000	0.000000	0.000000	0.000000	1745266297.040731	0.000000
26.000000	-31524.363938	-3032.103542	2258.286149	-6463.968034	-2818.376162	8877.822325	-27499.150038	-3478.244362	-1899.942982	-21566.952356	-30330.423156	-2091.966819	-24641.926544	-8780.189905	5772.740337	-187500.022352	-0.034000	0.968000	-0.154000	192.000000	0.000000	0.000000	0.000000	0.000000	0.000000	0.000000	0.000000	0.000000	0.000000	1745266297.100852	0.000000
28.000000	-31519.647720	-3027.074400	2265.304597	-6460.369403	-2811.044790	8877.285883	-27493.092715	-3471.471783	-1872.450337	-21545.919364	-30312.720574	-2076.410005	-24611.751689	-8770.645710	5786.084328	-187500.022352	-0.034000	0.968000	-0.154000	192.000000	0.000000	0.000000	0.000000	0.000000	0.000000	0.000000	0.000000	0.000000	0.000000	1745266297.100910	0.000000
30.000000	-31522.039356	-3031.231824	2265.103431	-6456.100220	-2806.887365	8880.929217	-27484.867273	-3470.510658	-1877.323017	-21558.413989	-30319.403746	-2080.232153	-24609.851791	-8784.079109	5785.547887	-187500.022352	-0.034000	0.968000	-0.154000	192.000000	0.000000	0.000000	0.000000	0.000000	0.000000	0.000000	0.000000	0.000000	0.000000	1745266297.100941	0.000000
32.000000	-31525.816801	-3032.751743	2266.377481	-6456.100220	-2807.155586	8885.064290	-27485.113142	-3461.905236	-1882.463918	-21553.809530	-30316.520371	-2075.292417	-24610.790564	-8768.768164	5794.756805	-187500.022352	-0.033000	0.970000	-0.152000	192.000000	127.500000	0.000000	15.000000	48.000000	125.500000	40.000000	0.000000	0.000000	0.000000	1745266297.100976	0.000000
34.000000	-31532.701139	-3041.066592	2259.582550	-6468.013700	-2818.040886	8866.579398	-27496.780753	-3483.295856	-1892.790424	-21568.360516	-30327.360967	-2088.569354	-24627.442614	-8781.888638	5786.441956	-187500.022352	-0.033000	0.970000	-0.152000	192.000000	0.000000	0.000000	0.000000	0.000000	0.000000	0.000000	0.000000	0.000000	0.000000	1745266297.101022	0.000000
36.000000	-31532.969360	-3041.513627	2260.901303	-6469.332453	-2814.576365	8868.032261	-27488.220035	-3481.015978	-1887.180136	-21565.454789	-30321.907141	-2085.216592	-24619.239523	-8797.378397	5792.767500	-187500.022352	-0.033000	0.970000	-0.152000	192.000000	0.000000	0.000000	0.000000	0.000000	0.000000	0.000000	0.000000	0.000000	0.000000	1745266297.101067	0.000000
38.000000	-31532.164697	-3042.921787	2258.934350	-6463.811572	-2815.693953	8876.637683	-27488.376497	-3473.885771	-1887.448357	-21575.401315	-30327.249208	-2083.562563	-24619.127765	-8774.199638	5786.129032	-187500.022352	-0.033000	0.970000	-0.152000	192.000000	0.000000	0.000000	0.000000	0.000000	0.000000	0.000000	0.000000	0.000000	0.000000	1745266297.101098	0.000000
40.000000	-31537.260894	-3047.638005	2251.960606	-6467.946645	-2822.645345	8877.688215	-27492.310404	-3475.919780	-1898.154843	-21573.859045	-30331.741909	-2087.384711	-24625.028625	-8778.088841	5779.959950	-187500.022352	-0.033000	0.970000	-0.152000	192.000000	0.000000	0.000000	0.000000	0.000000	0.000000	0.000000	0.000000	0.000000	0.000000	1745266297.101137	0.000000
42.000000	-31525.727394	-3038.004403	2266.668053	-6462.157543	-2813.391723	8893.155622	-27475.725409	-3453.255111	-1890.376436	-21568.651088	-30323.717633	-2081.685016	-24622.055843	-8783.766184	5790.085291	-187500.022352	-0.030500	0.968000	-0.151000	192.000000	127.500000	16.000000	15.000000	24.000000	125.500000	40.000000	0.000000	0.000000	0.000000	1745266297.160791	0.000000
44.000000	-31520.899418	-3033.489350	2272.390100	-6457.866008	-2813.749351	8891.032206	-27482.833264	-3458.485420	-1879.647598	-21562.414952	-30312.966444	-2074.308941	-24605.359090	-8775.339577	5797.237849	-187500.022352	-0.030500	0.968000	-0.151000	192.000000	0.000000	0.000000	0.000000	0.000000	0.000000	0.000000	0.000000	0.000000	0.000000	1745266297.160831	0.000000
46.000000	-31528.364900	-3041.424220	2262.421222	-6464.593883	-2826.378086	8889.177011	-27498.054802	-3466.688510	-1881.122813	-21565.678306	-30317.012109	-2074.308941	-24615.998520	-8777.619455	5791.001712	-187500.022352	-0.030500	0.968000	-0.151000	192.000000	0.000000	0.000000	0.000000	0.000000	0.000000	0.000000	0.000000	0.000000	0.000000	1745266297.160877	0.000000
48.000000	-31518.016042	-3028.281394	2266.779812	-6451.741630	-2821.617165	8887.455927	-27494.277357	-3471.740004	-1883.626209	-21565.834769	-30319.269636	-2076.946447	-24620.670035	-8771.025690	5780.205820	-187500.022352	-0.030500	0.968000	-0.151000	192.000000	0.000000	0.000000	0.000000	0.000000	0.000000	0.000000	0.000000	0.000000	0.000000	1745266297.160907	0.000000
50.000000	-31506.147266	-3015.786769	2280.794356	-6442.219787	-2815.425732	8901.716340	-27487.370668	-3453.188056	-1867.957636	-21544.645315	-30303.265787	-2054.415888	-24614.657416	-8752.496094	5794.063901	-187500.022352	-0.030500	0.968000	-0.151000	192.000000	0.000000	0.000000	0.000000	0.000000	0.000000	0.000000	0.000000	0.000000	0.000000	1745266297.160942	0.000000
52.000000	-31510.081173	-3018.781903	2275.519344	-6451.205188	-2818.823197	8896.441328	-27487.638889	-3457.613702	-1863.643749	-21549.093312	-30302.416420	-2058.260388	-24598.005366	-8748.182207	5796.902573	-187500.022352	-0.031250	0.972000	-0.150500	192.000000	127.500000	0.000000	15.000000	64.000000	125.500000	40.000000	0.000000	0.000000	0.000000	1745266297.160972	0.000000
54.000000	-31509.343566	-3013.216318	2274.200591	-6446.511322	-2823.941746	8897.313046	-27491.684555	-3456.965501	-1866.169496	-21549.070960	-30309.233702	-2063.602455	-24602.453363	-8777.395937	5790.286456	-187500.022352	-0.031250	0.972000	-0.150500	192.000000	0.000000	0.000000	0.000000	0.000000	0.000000	0.000000	0.000000	0.000000	0.000000	1745266297.161005	0.000000
56.000000	-31496.603071	-3004.745007	2282.358978	-6433.659069	-2812.564708	8900.419939	-27476.731238	-3438.771181	-1860.603912	-21532.798890	-30303.511656	-2063.021310	-24594.920825	-8740.739076	5797.662532	-187500.022352	-0.031250	0.972000	-0.150500	192.000000	0.000000	0.000000	0.000000	0.000000	0.000000	0.000000	0.000000	0.000000	0.000000	1745266297.220611	0.000000
58.000000	-31506.326080	-3014.803292	2271.250161	-6444.499665	-2829.932014	8892.574476	-27493.606805	-3454.082126	-1856.491191	-21544.913536	-30302.841103	-2076.141784	-24595.390212	-8739.979117	5798.221326	-187500.022352	-0.031250	0.972000	-0.150500	192.000000	0.000000	0.000000	0.000000	0.000000	0.000000	0.000000	0.000000	0.000000	0.000000	1745266297.220683	0.000000
60.000000	-31500.738144	-3013.551594	2273.842963	-6447.919482	-2823.472360	8898.944723	-27486.186026	-3452.048117	-1868.270560	-21561.163254	-30311.155952	-2097.867679	-24613.405718	-8759.983928	5789.258276	-187500.022352	-0.031250	0.972000	-0.150500	192.000000	0.000000	0.000000	0.000000	0.000000	0.000000	0.000000	0.000000	0.000000	0.000000	1745266297.220718	0.000000
62.000000	-31506.191970	-3015.585603	2272.792431	-6452.233368	-2828.322688	8888.148831	-27491.103410	-3461.502905	-1862.548514	-21560.224481	-30306.417383	-2108.730627	-24601.738107	-8774.266693	5795.919096	-187500.022352	-0.029625	0.972000	-0.146250	192.000000	127.500000	16.000000	15.000000	48.000000	125.500000	72.000000	0.000000	0.000000	0.000000	1745266297.220758	0.000000
64.000000	-31501.565159	-3009.796501	2279.788527	-6438.375287	-2826.243976	8893.289732	-27491.505741	-3464.632149	-1868.561133	-21557.564623	-30310.798324	-2118.498339	-24610.745860	-8751.445562	5789.034759	-187500.022352	-0.029625	0.972000	-0.146250	192.000000	0.000000	0.000000	0.000000	0.000000	0.000000	0.000000	0.000000	0.000000	0.000000	1745266297.220795	0.000000
66.000000	-31493.764400	-3001.191080	2286.270533	-6431.379191	-2825.506368	8900.039959	-27490.075229	-3451.064640	-1865.901275	-21546.254640	-30299.309528	-2110.764636	-24605.202628	-8741.655498	5795.159137	-187500.022352	-0.029625	0.972000	-0.146250	192.000000	0.000000	0.000000	0.000000	0.000000	0.000000	0.000000	0.000000	0.000000	0.000000	1745266297.220825	0.000000
68.000000	-31506.907225	-3017.910185	2270.892533	-6446.019583	-2837.553959	8879.945741	-27501.094639	-3463.492210	-1866.951807	-21546.411103	-30302.125848	-2116.374924	-24610.812916	-8759.916873	5794.667398	-187500.022352	-0.029625	0.972000	-0.146250	192.000000	0.000000	0.000000	0.000000	0.000000	0.000000	0.000000	0.000000	0.000000	0.000000	1745266297.220858	0.000000
70.000000	-31506.460191	-3020.167711	2273.887667	-6447.427743	-2837.956290	8879.409299	-27498.300671	-3467.806097	-1871.466860	-21565.678306	-30313.480534	-2135.485665	-24619.418337	-8763.761373	5781.278703	-187500.022352	-0.029625	0.972000	-0.146250	192.000000	0.000000	0.000000	0.000000	0.000000	0.000000	0.000000	0.000000	0.000000	0.000000	1745266297.220889	0.000000
72.000000	-31504.649699	-3016.636135	2278.760347	-6434.642546	-2829.976717	8884.773717	-27486.118971	-3454.059774	-1867.465897	-21556.134111	-30308.540798	-2128.847197	-24606.119049	-8779.117021	5790.129994	-187500.022352	-0.030812	0.968000	-0.142125	192.000000	127.500000	0.000000	15.000000	16.000000	125.500000	88.000000	0.000000	0.000000	0.000000	1745266297.281004	0.000000
74.000000	-31504.895568	-3008.991839	2283.342455	-6425.835958	-2823.427656	8888.171183	-27481.246290	-3452.070469	-1861.363871	-21547.238117	-30300.024784	-2112.485720	-24602.833343	-8776.077184	5803.496337	-187500.022352	-0.030812	0.968000	-0.142125	192.000000	0.000000	0.000000	0.000000	0.000000	0.000000	0.000000	0.000000	0.000000	0.000000	1745266297.281044	0.000000
76.000000	-31518.351319	-3026.739124	2273.239466	-6441.929214	-2832.189540	8876.950607	-27486.141322	-3462.262864	-1874.640807	-21552.781350	-30311.111249	-2117.559566	-24612.489296	-8754.395992	5800.054169	-187500.022352	-0.030812	0.968000	-0.142125	192.000000	0.000000	0.000000	0.000000	0.000000	0.000000	0.000000	0.000000	0.000000	0.000000	1745266297.281074	0.000000
78.000000	-31523.916903	-3035.590414	2266.690405	-6447.874778	-2838.962119	8866.869970	-27499.351203	-3469.616588	-1884.587334	-21573.233196	-30323.516467	-2135.083334	-24628.582553	-8773.439678	5785.704349	-187500.022352	-0.030812	0.968000	-0.142125	192.000000	0.000000	0.000000	0.000000	0.000000	0.000000	0.000000	0.000000	0.000000	0.000000	1745266297.281118	0.000000
80.000000	-31514.663281	-3024.883929	2277.933333	-6433.971993	-2832.435409	8884.103165	-27488.152979	-3456.943149	-1877.680645	-21567.444094	-30314.776935	-2128.288404	-24614.031567	-8760.810943	5798.087215	-187500.022352	-0.030812	0.968000	-0.142125	192.000000	0.000000	0.000000	0.000000	0.000000	0.000000	0.000000	0.000000	0.000000	0.000000	1745266297.281164	0.000000
82.000000	-31514.618577	-3021.732333	2279.386196	-6425.321868	-2836.101095	8894.921409	-27486.744819	-3461.502905	-1867.823525	-21556.447036	-30309.121944	-2125.494435	-24606.119049	-8755.267710	5797.483718	-187500.022352	-0.029406	0.967000	-0.141063	192.000000	127.500000	16.000000	15.000000	24.000000	125.500000	80.000000	0.000000	0.000000	0.000000	1745266297.281194	0.000000
84.000000	-31527.202609	-3033.914034	2268.836173	-6435.022525	-2850.942654	8875.587151	-27503.732145	-3470.287141	-1884.922610	-21561.565585	-30319.113173	-2132.557587	-24622.212305	-8769.461068	5791.247581	-187500.022352	-0.029406	0.967000	-0.141063	192.000000	0.000000	0.000000	0.000000	0.000000	0.000000	0.000000	0.000000	0.000000	0.000000	1745266297.281236	0.000000
86.000000	-31508.069516	-3015.473844	2288.081025	-6422.617307	-2829.216758	8880.079851	-27480.151055	-3452.182228	-1877.188906	-21552.066094	-30310.150124	-2122.700467	-24619.597151	-8762.219103	5795.002674	-187500.022352	-0.029406	0.967000	-0.141063	192.000000	0.000000	0.000000	0.000000	0.000000	0.000000	0.000000	0.000000	0.000000	0.000000	1745266297.341263	0.000000
88.000000	-31505.432010	-3016.613783	2287.343417	-6435.223691	-2826.691011	8868.702813	-27479.189930	-3458.351309	-1860.805078	-21547.729856	-30296.962595	-2113.491549	-24602.118087	-8755.692393	5803.585744	-187500.022352	-0.029406	0.967000	-0.141063	192.000000	0.000000	0.000000	0.000000	0.000000	0.000000	0.000000	0.000000	0.000000	0.000000	1745266297.341312	0.000000
90.000000	-31522.285226	-3037.020926	2269.640835	-6453.216845	-2841.353755	8863.561912	-27496.423125	-3471.851763	-1868.739947	-21563.376077	-30308.518447	-2133.026973	-24606.096698	-8780.927513	5788.744186	-187500.022352	-0.029406	0.967000	-0.141063	192.000000	0.000000	0.000000	0.000000	0.000000	0.000000	0.000000	0.000000	0.000000	0.000000	1745266297.341360	0.000000
92.000000	-31523.514572	-3037.333851	2271.406623	-6445.639604	-2832.547168	8873.150810	-27482.788561	-3457.144315	-1882.285104	-21570.439228	-30323.494115	-2147.309738	-24622.592285	-8780.033443	5778.529439	-187500.022352	-0.029406	0.967000	-0.141063	192.000000	0.000000	0.000000	0.000000	0.000000	0.000000	0.000000	0.000000	0.000000	0.000000	1745266297.341390	0.000000
94.000000	-31512.763383	-3026.716772	2277.173373	-6435.424857	-2824.858168	8888.104127	-27481.738029	-3465.973254	-1875.266656	-21567.086466	-30309.524275	-2133.026973	-24614.746823	-8774.289045	5798.958933	-187500.022352	-0.034000	0.964000	-0.142000	192.000000	127.000000	120.000000	15.000000	16.000000	125.500000	72.000000	0.000000	0.000000	0.000000	1745266297.341421	0.000000
96.000000	-31507.197798	-3021.687629	2286.672865	-6430.328659	-2824.053505	8899.570572	-27477.513549	-3449.678832	-1859.620435	-21560.760923	-30297.722554	-2123.728648	-24600.821686	-8762.487324	5805.910326	-187500.022352	-0.034000	0.964000	-0.142000	192.000000	0.000000	0.000000	0.000000	0.000000	0.000000	0.000000	0.000000	0.000000	0.000000	1745266297.341454	0.000000
98.000000	-31509.455324	-3022.514644	2282.269571	-6434.217862	-2823.382953	8884.259627	-27475.770113	-3449.365908	-1867.175325	-21563.107856	-30305.120981	-2132.289366	-24606.968416	-8785.822545	5802.244640	-187500.022352	-0.034000	0.964000	-0.142000	192.000000	0.000000	0.000000	0.000000	0.000000	0.000000	0.000000	0.000000	0.000000	0.000000	1745266297.341484	0.000000
100.000000	-31511.444630	-3022.961679	2275.742862	-6437.972955	-2830.356697	8874.134287	-27480.843959	-3453.948015	-1868.851706	-21555.195338	-30305.344499	-2125.449732	-24622.100547	-8764.566036	5809.218384	-187500.022352	-0.034000	0.964000	-0.142000	192.000000	0.000000	0.000000	0.000000	0.000000	0.000000	0.000000	0.000000	0.000000	0.000000	1745266297.341517	0.000000
102.000000	-31509.388269	-3018.737199	2276.413414	-6439.068191	-2831.586043	8871.452078	-27479.346392	-3462.396975	-1871.869191	-21558.078713	-30308.674909	-2128.444866	-24608.734203	-8774.445507	5800.769425	-187500.022352	-0.034000	0.964000	-0.142000	192.000000	0.000000	0.000000	0.000000	0.000000	0.000000	0.000000	0.000000	0.000000	0.000000	1745266297.400070	0.000000
104.000000	-31500.760496	-3003.158033	2285.845850	-6426.439455	-2825.752238	8880.258665	-27471.769151	-3448.293024	-1867.868229	-21538.833861	-30301.142371	-2111.792816	-24600.665224	-8770.019861	5807.273782	-187500.022352	-0.030000	0.968000	-0.136000	192.000000	127.500000	8.000000	15.000000	32.000000	125.500000	96.000000	0.000000	0.000000	0.000000	1745266297.400110	0.000000
106.000000	-31510.505856	-3017.373743	2279.162679	-6436.274223	-2831.340174	8865.707679	-27482.118008	-3466.733213	-1862.615569	-21540.018504	-30301.187074	-2106.830729	-24603.459192	-8778.088841	5803.898669	-187500.022352	-0.030000	0.968000	-0.136000	192.000000	0.000000	0.000000	0.000000	0.000000	0.000000	0.000000	0.000000	0.000000	0.000000	1745266297.400169	0.000000
108.000000	-31516.451420	-3019.787731	2275.407586	-6441.035144	-2834.938804	8871.072098	-27490.008174	-3474.690434	-1861.945017	-21553.496606	-30307.467915	-2115.726723	-24606.387270	-8781.083975	5793.929791	-187500.022352	-0.030000	0.968000	-0.136000	192.000000	0.000000	0.000000	0.000000	0.000000	0.000000	0.000000	0.000000	0.000000	0.000000	1745266297.400202	0.000000
110.000000	-31512.584569	-3014.557423	2276.771042	-6435.558967	-2829.999069	8872.904941	-27486.409543	-3467.426117	-1863.733156	-21554.725952	-30309.278406	-2115.972592	-24607.258988	-8772.791478	5793.147480	-187500.022352	-0.030000	0.968000	-0.136000	192.000000	0.000000	0.000000	0.000000	0.000000	0.000000	0.000000	0.000000	0.000000	0.000000	1745266297.400232	0.000000
112.000000	-31524.430993	-3023.274603	2265.639873	-6444.343203	-2843.432467	8864.970072	-27495.439648	-3473.662254	-1873.165592	-21556.379981	-30313.994624	-2116.531386	-24619.932427	-8779.228780	5789.012407	-187500.022352	-0.030000	0.968000	-0.136000	192.000000	0.000000	0.000000	0.000000	0.000000	0.000000	0.000000	0.000000	0.000000	0.000000	1745266297.400272	0.000000
114.000000	-31515.087964	-3015.026810	2273.954722	-6436.162464	-2835.050563	8886.405395	-27485.582529	-3458.418364	-1870.416328	-21550.121492	-30312.832333	-2115.279688	-24616.154983	-8766.197713	5789.548849	-187500.022352	-0.028000	0.966000	-0.138000	192.000000	127.500000	16.000000	15.000000	24.000000	125.500000	88.000000	0.000000	0.000000	0.000000	1745266297.400301	0.000000
116.000000	-31516.250255	-3016.591432	2275.362882	-6438.308232	-2832.077781	8883.834944	-27480.486331	-3456.004376	-1867.108270	-21545.382922	-30308.116115	-2114.787950	-24608.197762	-8777.217123	5794.734454	-187500.022352	-0.028000	0.966000	-0.138000	192.000000	0.000000	0.000000	0.000000	0.000000	0.000000	0.000000	0.000000	0.000000	0.000000	1745266297.460491	0.000000
118.000000	-31527.090851	-3029.466036	2259.336681	-6445.885473	-2843.030136	8879.074023	-27492.064535	-3462.508734	-1876.473651	-21562.459655	-30318.599083	-2125.516787	-24614.746823	-8772.523257	5788.140689	-187500.022352	-0.028000	0.966000	-0.138000	192.000000	0.000000	0.000000	0.000000	0.000000	0.000000	0.000000	0.000000	0.000000	0.000000	1745266297.460537	0.000000
120.000000	-31529.504839	-3027.275566	2261.147173	-6442.957394	-2842.806619	8887.344168	-27489.337622	-3457.099611	-1876.451299	-21570.908615	-30320.990720	-2130.568281	-24628.560201	-8779.787574	5788.677131	-187500.022352	-0.028000	0.966000	-0.138000	192.000000	0.000000	0.000000	0.000000	0.000000	0.000000	0.000000	0.000000	0.000000	0.000000	1745266297.460569	0.000000
122.000000	-31529.773060	-3025.330964	2261.705966	-6442.599767	-2845.175903	8882.493840	-27493.986785	-3466.979082	-1891.181098	-21568.516978	-30330.467860	-2134.949223	-24627.755538	-8777.306530	5780.786965	-187500.022352	-0.028000	0.966000	-0.138000	192.000000	0.000000	0.000000	0.000000	0.000000	0.000000	0.000000	0.000000	0.000000	0.000000	1745266297.460614	0.000000
124.000000	-31524.945083	-3022.849920	2268.210324	-6439.984612	-2839.476209	8888.662921	-27493.115067	-3463.425155	-1882.598028	-21564.516016	-30321.415403	-2126.120284	-24616.825535	-8782.447431	5790.197049	-187500.022352	-0.032000	0.964000	-0.142000	192.000000	127.500000	0.000000	15.000000	16.000000	125.500000	72.000000	0.000000	0.000000	0.000000	1745266297.460662	0.000000
126.000000	-31530.622426	-3033.243481	2263.762327	-6442.935043	-2840.705555	8875.855371	-27491.192817	-3463.581617	-1876.160726	-21569.008716	-30320.543685	-2124.265090	-24624.939218	-8783.743833	5790.018235	-187500.022352	-0.032000	0.964000	-0.142000	192.000000	0.000000	0.000000	0.000000	0.000000	0.000000	0.000000	0.000000	0.000000	0.000000	1745266297.460695	0.000000
128.000000	-31526.107374	-3027.230862	2265.863391	-6437.615328	-2844.818276	8871.094450	-27493.070363	-3466.062661	-1885.481404	-21574.842522	-30327.293912	-2131.507055	-24636.115090	-8778.401766	5781.725738	-187500.022352	-0.032000	0.964000	-0.142000	192.000000	0.000000	0.000000	0.000000	0.000000	0.000000	0.000000	0.000000	0.000000	0.000000	1745266297.460737	0.000000
130.000000	-31513.322176	-3013.842167	2278.648588	-6427.646450	-2835.072915	8870.625063	-27492.109238	-3468.454298	-1872.249171	-21548.981553	-30312.251188	-2111.457540	-24609.561218	-8764.029594	5787.760709	-187500.022352	-0.032000	0.964000	-0.142000	192.000000	0.000000	0.000000	0.000000	0.000000	0.000000	0.000000	0.000000	0.000000	0.000000	1745266297.460771	0.000000
132.000000	-31513.031603	-3010.467054	2277.709815	-6434.642546	-2840.683203	8878.671691	-27491.237520	-3465.369757	-1866.102441	-21536.062245	-30306.327976	-2108.797682	-24611.952855	-8777.239475	5791.336988	-187500.022352	-0.032000	0.964000	-0.142000	192.000000	0.000000	0.000000	0.000000	0.000000	0.000000	0.000000	0.000000	0.000000	0.000000	1745266297.522019	0.000000
134.000000	-31517.077269	-3012.389304	2266.802164	-6434.441380	-2845.846456	8870.267435	-27494.634985	-3468.051966	-1868.471726	-21528.619114	-30308.183170	-2106.987191	-24624.603942	-8770.198675	5786.397253	-187500.022352	-0.034000	0.970000	-0.146000	192.000000	127.000000	120.000000	15.000000	40.000000	125.500000	56.000000	0.000000	0.000000	0.000000	1745266297.522071	0.000000
136.000000	-31524.766269	-3022.313478	2258.286149	-6440.968089	-2859.570427	8865.484162	-27503.866256	-3475.115117	-1889.392959	-21559.308059	-30325.438717	-2117.894842	-24642.910021	-8784.749661	5769.141706	-187500.022352	-0.034000	0.970000	-0.146000	192.000000	0.000000	0.000000	0.000000	0.000000	0.000000	0.000000	0.000000	0.000000	0.000000	1745266297.522104	0.000000
138.000000	-31510.438801	-3009.908260	2269.953760	-6432.519130	-2847.612244	8885.444270	-27489.315270	-3459.848876	-1871.422156	-21555.150635	-30314.285197	-2110.094084	-24620.714738	-8775.786612	5775.020215	-187500.022352	-0.034000	0.970000	-0.146000	192.000000	0.000000	0.000000	0.000000	0.000000	0.000000	0.000000	0.000000	0.000000	0.000000	1745266297.522134	0.000000
140.000000	-31516.406717	-3017.105522	2262.711795	-6439.001136	-2851.322633	8880.750403	-27494.076192	-3462.374623	-1867.801174	-21547.707504	-30306.126810	-2105.489624	-24623.396948	-8763.470800	5783.089195	-187500.022352	-0.034000	0.970000	-0.146000	192.000000	0.000000	0.000000	0.000000	0.000000	0.000000	0.000000	0.000000	0.000000	0.000000	1745266297.522168	0.000000
142.000000	-31518.597188	-3020.681801	2259.582550	-6446.198397	-2853.647215	8872.882589	-27489.762305	-3467.247303	-1874.126717	-21557.654030	-30313.011147	-2114.117398	-24624.514535	-8789.532934	5777.635369	-187500.022352	-0.034000	0.970000	-0.146000	192.000000	0.000000	0.000000	0.000000	0.000000	0.000000	0.000000	0.000000	0.000000	0.000000	1745266297.522198	0.000000
144.000000	-31516.741993	-3010.087074	2268.836173	-6432.027391	-2842.672508	8884.326683	-27476.440665	-3455.087954	-1872.718557	-21546.656972	-30313.279368	-2112.306906	-24616.534962	-8787.342463	5778.462384	-187500.022352	-0.034000	0.966000	-0.142000	192.000000	127.000000	120.000000	15.000000	24.000000	125.500000	72.000000	0.000000	0.000000	0.000000	1745266297.522232	0.000000
146.000000	-31536.858563	-3028.817836	2254.843981	-6446.086639	-2852.306110	8876.615331	-27489.941119	-3469.817754	-1879.893467	-21544.757073	-30314.821638	-2102.762711	-24624.827459	-8774.713728	5788.163041	-187500.022352	-0.034000	0.966000	-0.142000	192.000000	0.000000	0.000000	0.000000	0.000000	0.000000	0.000000	0.000000	0.000000	0.000000	1745266297.580874	0.000000
148.000000	-31519.558313	-3015.250327	2271.697196	-6432.653240	-2838.112752	8881.555066	-27480.307517	-3455.266768	-1886.889563	-21555.463559	-30324.410537	-2111.569299	-24628.202573	-8772.210332	5781.502221	-187500.022352	-0.034000	0.966000	-0.142000	192.000000	0.000000	0.000000	0.000000	0.000000	0.000000	0.000000	0.000000	0.000000	0.000000	1745266297.580924	0.000000
150.000000	-31523.402813	-3017.530205	2269.752594	-6439.694040	-2839.096229	8876.570627	-27478.720543	-3455.087954	-1872.092709	-21549.585050	-30313.368775	-2100.929868	-24614.992692	-8764.767202	5796.209669	-187500.022352	-0.034000	0.966000	-0.142000	192.000000	0.000000	0.000000	0.000000	0.000000	0.000000	0.000000	0.000000	0.000000	0.000000	1745266297.580982	0.000000
152.000000	-31529.258970	-3025.845054	2259.649606	-6445.103162	-2842.873674	8888.014720	-27487.773000	-3462.575789	-1893.103348	-21553.988344	-30325.483421	-2109.557642	-24628.984884	-8788.571809	5787.716006	-187500.022352	-0.034000	0.966000	-0.142000	192.000000	0.000000	0.000000	0.000000	0.000000	0.000000	0.000000	0.000000	0.000000	0.000000	1745266297.581016	0.000000
154.000000	-31535.271589	-3029.130760	2260.946007	-6438.330583	-2848.416906	8878.492877	-27490.075229	-3459.088917	-1890.085863	-21555.418856	-30328.232685	-2109.177662	-24644.117015	-8799.166536	5785.525535	-187500.022352	-0.032000	0.966000	-0.147000	192.000000	127.500000	8.000000	15.000000	24.000000	125.500000	32.000000	0.000000	0.000000	0.000000	1745266297.581047	0.000000
156.000000	-31538.289075	-3032.416467	2261.102469	-6437.682383	-2847.969872	8877.531752	-27481.603918	-3463.603969	-1880.966351	-21546.813434	-30324.522296	-2100.996924	-24617.160811	-8759.693356	5788.453613	-187500.022352	-0.032000	0.966000	-0.147000	192.000000	0.000000	0.000000	0.000000	0.000000	0.000000	0.000000	0.000000	0.000000	0.000000	1745266297.581083	0.000000
158.000000	-31527.694348	-3019.273641	2266.600998	-6430.619232	-2848.685127	8887.008892	-27482.743857	-3456.518466	-1887.828337	-21552.222556	-30328.299740	-2098.895860	-24629.856602	-8775.250170	5783.737395	-187500.022352	-0.032000	0.966000	-0.147000	192.000000	0.000000	0.000000	0.000000	0.000000	0.000000	0.000000	0.000000	0.000000	0.000000	1745266297.581113	0.000000
160.000000	-31526.040319	-3012.121083	2263.471754	-6429.412237	-2851.233226	8891.479241	-27485.359011	-3457.948978	-1883.939133	-21530.094329	-30318.219104	-2084.210763	-24631.868259	-8746.103495	5786.374901	-187500.022352	-0.032000	0.966000	-0.147000	192.000000	0.000000	0.000000	0.000000	0.000000	0.000000	0.000000	0.000000	0.000000	0.000000	1745266297.581142	0.000000
162.000000	-31528.364900	-3017.597260	2265.081080	-6429.568700	-2860.017462	8883.879648	-27494.322061	-3464.855667	-1879.960523	-21529.200259	-30317.727365	-2087.518822	-24628.917829	-8780.860458	5781.234000	-187500.022352	-0.032000	0.966000	-0.147000	192.000000	0.000000	0.000000	0.000000	0.000000	0.000000	0.000000	0.000000	0.000000	0.000000	1745266297.640228	0.000000
164.000000	-31535.182182	-3025.442722	2264.052899	-6437.883548	-2855.390651	8871.183857	-27486.320136	-3460.608835	-1885.749624	-21544.377094	-30319.649615	-2089.463423	-24633.321122	-8774.646673	5780.496392	-187500.022352	-0.029000	0.966000	-0.149500	192.000000	127.500000	24.000000	15.000000	24.000000	125.500000	32.000000	0.000000	0.000000	0.000000	1745266297.640278	0.000000
166.000000	-31544.569915	-3033.109371	2256.587417	-6447.360688	-2865.068956	8864.098354	-27499.440610	-3470.108327	-1895.763206	-21559.911556	-30330.914894	-2101.756883	-24647.313314	-8781.173382	5780.183468	-187500.022352	-0.029000	0.966000	-0.149500	192.000000	0.000000	0.000000	0.000000	0.000000	0.000000	0.000000	0.000000	0.000000	0.000000	1745266297.640323	0.000000
168.000000	-31518.507781	-3008.120121	2279.900286	-6423.310211	-2841.554921	8898.810613	-27481.536863	-3453.478629	-1874.618456	-21544.377094	-30313.815810	-2086.065958	-24613.740994	-8779.117021	5793.572163	-187500.022352	-0.029000	0.966000	-0.149500	192.000000	0.000000	0.000000	0.000000	0.000000	0.000000	0.000000	0.000000	0.000000	0.000000	1745266297.640371	0.000000
170.000000	-31509.880007	-3000.587583	2288.908039	-6415.621211	-2840.638499	8906.969000	-27481.514511	-3443.643861	-1882.598028	-21537.783329	-30313.726403	-2081.953237	-24629.722491	-8774.713728	5804.099834	-187500.022352	-0.029000	0.966000	-0.149500	192.000000	0.000000	0.000000	0.000000	0.000000	0.000000	0.000000	0.000000	0.000000	0.000000	1745266297.640401	0.000000
172.000000	-31506.795467	-2998.464167	2289.846812	-6414.682438	-2842.694860	8913.540413	-27487.124799	-3434.725515	-1850.053889	-21520.751300	-30293.989813	-2065.792926	-24596.977186	-8728.378562	5817.466178	-187500.022352	-0.029000	0.966000	-0.149500	192.000000	0.000000	0.000000	0.000000	0.000000	0.000000	0.000000	0.000000	0.000000	0.000000	1745266297.640441	0.000000
174.000000	-31529.057804	-3022.313478	2276.569876	-6438.643508	-2847.433430	8886.830078	-27491.393982	-3455.937321	-1860.805078	-21534.184698	-30305.970348	-2079.673359	-24608.801259	-8750.305623	5808.905460	-187500.022352	-0.028500	0.968000	-0.149750	192.000000	127.500000	16.000000	15.000000	40.000000	125.500000	40.000000	0.000000	0.000000	0.000000	1745266297.640475	0.000000
176.000000	-31551.878935	-3048.688537	2256.565065	-6463.096316	-2860.330386	8866.065307	-27496.065497	-3471.047100	-1889.460014	-21579.469333	-30338.782708	-2111.748113	-24629.141346	-8810.521222	5781.524573	-187500.022352	-0.028500	0.968000	-0.149750	192.000000	0.000000	0.000000	0.000000	0.000000	0.000000	0.000000	0.000000	0.000000	0.000000	1745266297.700180	0.000000
178.000000	-31552.169508	-3048.308557	2258.576722	-6456.100220	-2853.960139	8875.028357	-27477.982936	-3447.354251	-1891.315209	-21573.367306	-30337.598066	-2109.021200	-24633.835212	-8798.384225	5785.123203	-187500.022352	-0.028500	0.968000	-0.149750	192.000000	0.000000	0.000000	0.000000	0.000000	0.000000	0.000000	0.000000	0.000000	0.000000	1745266297.700239	0.000000
180.000000	-31567.480453	-3059.283264	2246.372670	-6457.351918	-2862.498505	8871.854409	-27482.162712	-3455.356175	-1913.085808	-21587.895940	-30357.848747	-2119.459464	-24649.079102	-8809.068359	5773.857924	-187500.022352	-0.028500	0.968000	-0.149750	192.000000	0.000000	0.000000	0.000000	0.000000	0.000000	0.000000	0.000000	0.000000	0.000000	1745266297.700274	0.000000
182.000000	-31555.298752	-3046.654528	2262.845905	-6441.504531	-2850.719136	8890.406357	-27474.674877	-3443.420344	-1902.021694	-21575.960109	-30344.817680	-2103.589726	-24640.294867	-8779.608760	5789.459442	-187500.022352	-0.028500	0.968000	-0.149750	192.000000	0.000000	0.000000	0.000000	0.000000	0.000000	0.000000	0.000000	0.000000	0.000000	1745266297.700304	0.000000
184.000000	-31560.931392	-3056.489296	2253.234655	-6457.798953	-2858.721061	8875.475392	-27486.320136	-3460.362966	-1893.192755	-21575.043687	-30343.074243	-2105.422569	-24619.574799	-8785.464917	5784.787927	-187500.022352	-0.031250	0.969000	-0.151875	192.000000	127.000000	120.000000	15.000000	40.000000	125.500000	24.000000	0.000000	0.000000	0.000000	1745266297.700335	0.000000
186.000000	-31558.673866	-3052.577740	2251.692385	-6457.620139	-2857.692880	8871.697947	-27487.705945	-3464.855667	-1898.914802	-21576.228330	-30348.416310	-2113.871528	-24637.232678	-8795.053815	5776.718947	-187500.022352	-0.031250	0.969000	-0.151875	192.000000	0.000000	0.000000	0.000000	0.000000	0.000000	0.000000	0.000000	0.000000	0.000000	1745266297.700372	0.000000
188.000000	-31552.348322	-3043.771153	2264.991673	-6442.286842	-2852.104944	8881.465659	-27485.604881	-3453.970367	-1897.841918	-21578.754077	-30340.280275	-2098.717046	-24636.919753	-8794.495022	5786.061977	-187500.022352	-0.031250	0.969000	-0.151875	192.000000	0.000000	0.000000	0.000000	0.000000	0.000000	0.000000	0.000000	0.000000	0.000000	1745266297.700405	0.000000
190.000000	-31548.168546	-3038.116162	2264.991673	-6438.017659	-2851.300281	8894.004988	-27484.129665	-3448.807114	-1898.244250	-21565.991231	-30332.971255	-2088.144671	-24627.800241	-8783.341501	5789.928828	-187500.022352	-0.031250	0.969000	-0.151875	192.000000	0.000000	0.000000	0.000000	0.000000	0.000000	0.000000	0.000000	0.000000	0.000000	1745266297.700451	0.000000
192.000000	-31546.693331	-3039.881949	2261.482449	-6445.103162	-2859.793944	8882.002101	-27491.237520	-3456.496114	-1888.163613	-21560.604460	-30331.406633	-2082.333217	-24630.303637	-8790.695225	5788.006578	-187500.022352	-0.031250	0.969000	-0.151875	192.000000	0.000000	0.000000	0.000000	0.000000	0.000000	0.000000	0.000000	0.000000	0.000000	1745266297.760405	0.000000
194.000000	-31548.816746	-3041.603034	2256.028623	-6452.099258	-2865.963026	8873.575494	-27490.902244	-3450.662309	-1883.045063	-21558.771617	-30332.166592	-2086.401234	-24625.699177	-8793.891525	5784.966741	-187500.022352	-0.030625	0.968500	-0.149938	192.000000	127.500000	8.000000	15.000000	32.000000	125.500000	48.000000	0.000000	0.000000	0.000000	1745266297.760473	0.000000
196.000000	-31546.313351	-3033.243481	2252.944082	-6446.779543	-2864.353700	8880.370424	-27490.276395	-3456.741984	-1898.490119	-21568.382867	-30344.862383	-2091.497432	-24638.126747	-8798.920667	5781.122241	-187500.022352	-0.030625	0.968500	-0.149938	192.000000	0.000000	0.000000	0.000000	0.000000	0.000000	0.000000	0.000000	0.000000	0.000000	1745266297.760518	0.000000
198.000000	-31557.958610	-3049.739069	2242.304652	-6463.386889	-2875.037834	8867.764040	-27503.396869	-3466.397937	-1897.730159	-21571.601519	-30341.911953	-2086.602400	-24642.977076	-8789.063548	5784.273837	-187500.022352	-0.030625	0.968500	-0.149938	192.000000	0.000000	0.000000	0.000000	0.000000	0.000000	0.000000	0.000000	0.000000	0.000000	1745266297.760549	0.000000
200.000000	-31560.506709	-3051.303691	2240.449457	-6467.119630	-2877.675340	8872.681424	-27505.900264	-3471.717652	-1906.469692	-21592.925083	-30355.613572	-2099.409950	-24651.247221	-8801.692283	5769.991072	-187500.022352	-0.030625	0.968500	-0.149938	192.000000	0.000000	0.000000	0.000000	0.000000	0.000000	0.000000	0.000000	0.000000	0.000000	1745266297.760582	0.000000
202.000000	-31549.822575	-3039.077287	2252.139420	-6458.581264	-2864.666625	8888.193534	-27488.309442	-3458.105440	-1905.910898	-21588.097106	-30353.266639	-2099.186432	-24642.977076	-8801.513469	5772.293302	-187500.022352	-0.030625	0.968500	-0.149938	192.000000	0.000000	0.000000	0.000000	0.000000	0.000000	0.000000	0.000000	0.000000	0.000000	1745266297.760616	0.000000
204.000000	-31545.061653	-3029.264871	2251.938254	-6454.647357	-2862.140878	8888.104127	-27486.610709	-3449.835294	-1897.663104	-21566.974707	-30341.174345	-2082.914362	-24641.188936	-8796.752548	5786.777233	-187500.022352	-0.031313	0.970250	-0.150969	192.000000	127.500000	0.000000	15.000000	48.000000	125.500000	32.000000	0.000000	0.000000	0.000000	1745266297.760646	0.000000
206.000000	-31535.204534	-3024.660411	2263.963492	-6443.538540	-2864.577218	8886.964188	-27486.007212	-3447.466010	-1884.319113	-21560.045667	-30332.166592	-2077.460537	-24627.464965	-8794.696187	5785.346721	-187500.022352	-0.031313	0.970250	-0.150969	192.000000	0.000000	0.000000	0.000000	0.000000	0.000000	0.000000	0.000000	0.000000	0.000000	1745266297.820650	0.000000
208.000000	-31543.027645	-3031.030659	2260.320158	-6452.769810	-2867.348834	8886.427747	-27488.398849	-3445.901387	-1877.702996	-21559.844501	-30325.617531	-2075.314769	-24619.574799	-8778.602931	5786.710177	-187500.022352	-0.031313	0.970250	-0.150969	192.000000	0.000000	0.000000	0.000000	0.000000	0.000000	0.000000	0.000000	0.000000	0.000000	1745266297.820697	0.000000
210.000000	-31538.222019	-3025.800350	2263.963492	-6448.634738	-2862.476154	8892.775642	-27479.659316	-3444.314414	-1893.840956	-21569.008716	-30333.217124	-2086.065958	-24633.164660	-8776.010129	5783.066843	-187500.022352	-0.031313	0.970250	-0.150969	192.000000	0.000000	0.000000	0.000000	0.000000	0.000000	0.000000	0.000000	0.000000	0.000000	1745266297.820741	0.000000
212.000000	-31532.969360	-3023.274603	2267.249199	-6450.087601	-2865.292473	8894.608485	-27480.799255	-3451.109344	-1872.539743	-21569.299289	-30323.360005	-2083.517859	-24621.273532	-8784.704958	5787.157212	-187500.022352	-0.031313	0.970250	-0.150969	192.000000	0.000000	0.000000	0.000000	0.000000	0.000000	0.000000	0.000000	0.000000	0.000000	1745266297.820789	0.000000
214.000000	-31530.533019	-3020.480635	2265.908094	-6441.884511	-2866.812392	8891.970979	-27480.486331	-3444.761448	-1878.909991	-21567.019411	-30322.130659	-2082.444976	-24624.469832	-8772.545609	5788.967703	-187500.022352	-0.035656	0.974125	-0.153484	192.000000	127.000000	96.000000	15.000000	72.000000	125.500000	16.000000	0.000000	0.000000	0.000000	1745266297.820820	0.000000
216.000000	-31526.263836	-3013.484539	2267.673882	-6434.083752	-2864.912494	8895.346093	-27475.993630	-3442.168646	-1879.334674	-21548.780387	-30321.415403	-2088.703464	-24628.761366	-8761.503847	5791.024064	-187500.022352	-0.035656	0.974125	-0.153484	192.000000	0.000000	0.000000	0.000000	0.000000	0.000000	0.000000	0.000000	0.000000	0.000000	1745266297.820864	0.000000
218.000000	-31528.051976	-3019.139531	2266.802164	-6433.949641	-2867.550000	8892.462718	-27479.346392	-3438.972347	-1883.581505	-21556.648202	-30326.064566	-2101.443958	-24632.024721	-8765.884789	5786.732529	-187500.022352	-0.035656	0.974125	-0.153484	192.000000	0.000000	0.000000	0.000000	0.000000	0.000000	0.000000	0.000000	0.000000	0.000000	1745266297.820897	0.000000
220.000000	-31531.628255	-3021.821740	2267.606827	-6436.788313	-2868.309959	8893.982636	-27484.956680	-3449.298853	-1878.038273	-21569.031068	-30329.193810	-2116.754903	-24629.789547	-8785.777841	5785.614942	-187500.022352	-0.035656	0.974125	-0.153484	192.000000	0.000000	0.000000	0.000000	0.000000	0.000000	0.000000	0.000000	0.000000	0.000000	1745266297.820927	0.000000
222.000000	-31532.142345	-3020.927670	2264.030548	-6428.182891	-2866.119488	8890.227543	-27484.889625	-3447.622472	-1880.631075	-21554.033047	-30327.740947	-2114.653839	-24631.644741	-8767.114135	5791.828727	-187500.022352	-0.035656	0.974125	-0.153484	192.000000	0.000000	0.000000	0.000000	0.000000	0.000000	0.000000	0.000000	0.000000	0.000000	1745266297.880969	0.000000
224.000000	-31525.347415	-3016.591432	2274.357054	-6428.339354	-2862.565561	8883.499668	-27484.889625	-3449.388260	-1885.190831	-21555.351800	-30326.757470	-2116.553738	-24625.565067	-8748.673946	5790.219401	-187500.022352	-0.035656	0.974125	-0.153484	192.000000	0.000000	0.000000	0.000000	0.000000	0.000000	0.000000	0.000000	0.000000	0.000000	1745266297.881009	0.000000
226.000000	-31530.711833	-3022.179368	2274.558219	-6431.714467	-2861.626787	8888.528811	-27486.454247	-3447.868341	-1875.065491	-21554.547138	-30321.281293	-2120.465293	-24621.139422	-8762.174399	5791.515802	-187500.022352	-0.036000	0.970000	-0.158000	192.000000	127.000000	112.000000	15.000000	40.000000	125.500000	8.000000	0.000000	0.000000	0.000000	1745266297.881041	0.000000
228.000000	-31535.562162	-3026.515606	2271.227809	-6432.362668	-2863.906665	8895.994293	-27483.839093	-3446.102553	-1894.600915	-21564.292498	-30329.305569	-2135.686831	-24633.566992	-8781.419251	5785.927866	-187500.022352	-0.036000	0.970000	-0.158000	192.000000	0.000000	0.000000	0.000000	0.000000	0.000000	0.000000	0.000000	0.000000	0.000000	1745266297.881076	0.000000
230.000000	-31537.663226	-3028.951946	2274.982902	-6425.165406	-2862.744375	8895.211982	-27481.223939	-3440.805190	-1868.874057	-21565.365382	-30320.141354	-2130.702392	-24606.163753	-8785.554324	5791.605209	-187500.022352	-0.036000	0.970000	-0.158000	192.000000	0.000000	0.000000	0.000000	0.000000	0.000000	0.000000	0.000000	0.000000	0.000000	1745266297.881106	0.000000
232.000000	-31542.938238	-3031.254176	2272.904190	-6425.433627	-2864.890142	8896.262514	-27479.212282	-3440.738134	-1878.373549	-21563.085504	-30321.325996	-2127.528444	-24610.477639	-8747.444600	5795.963799	-187500.022352	-0.036000	0.970000	-0.158000	192.000000	0.000000	0.000000	0.000000	0.000000	0.000000	0.000000	0.000000	0.000000	0.000000	1745266297.881148	0.000000
234.000000	-31533.617560	-3023.520472	2278.626237	-6424.137226	-2856.284720	8896.307218	-27465.309497	-3434.010259	-1884.006188	-21569.835731	-30324.455240	-2134.368078	-24621.385291	-8764.811905	5797.237849	-187500.022352	-0.036000	0.970000	-0.158000	192.000000	0.000000	0.000000	0.000000	0.000000	0.000000	0.000000	0.000000	0.000000	0.000000	1745266297.881192	0.000000
236.000000	-31538.959627	-3032.058839	2268.836173	-6438.040011	-2869.248732	8885.868953	-27484.196721	-3446.661347	-1888.275372	-21561.051495	-30322.242418	-2132.490532	-24629.074291	-8777.641806	5795.963799	-187500.022352	-0.034000	0.970000	-0.160000	192.000000	127.000000	120.000000	15.000000	40.000000	125.500000	0.000000	0.000000	0.000000	0.000000	1745266297.941159	0.000000
238.000000	-31533.841078	-3027.499083	2264.857562	-6437.324755	-2872.042700	8878.425822	-27485.962508	-3454.752678	-1875.199601	-21571.534463	-30322.711804	-2141.230064	-24623.843983	-8777.105364	5785.078500	-187500.022352	-0.034000	0.970000	-0.160000	192.000000	0.000000	0.000000	0.000000	0.000000	0.000000	0.000000	0.000000	0.000000	0.000000	1745266297.941239	0.000000
240.000000	-31535.472755	-3026.336792	2260.186048	-6435.402505	-2871.372148	8880.392776	-27482.609747	-3453.769201	-1889.325904	-21573.657879	-30329.707900	-2141.922968	-24635.198669	-8785.576676	5776.853058	-187500.022352	-0.034000	0.970000	-0.160000	192.000000	0.000000	0.000000	0.000000	0.000000	0.000000	0.000000	0.000000	0.000000	0.000000	1745266297.941278	0.000000
242.000000	-31533.036415	-3022.961679	2266.355129	-6424.539557	-2869.136974	8880.392776	-27479.860482	-3440.626376	-1880.943999	-21562.929042	-30324.991682	-2131.976441	-24619.641855	-8777.485344	5787.917171	-187500.022352	-0.034000	0.970000	-0.160000	192.000000	0.000000	0.000000	0.000000	0.000000	0.000000	0.000000	0.000000	0.000000	0.000000	1745266297.941308	0.000000
244.000000	-31527.381423	-3014.780940	2271.876010	-6416.381170	-2867.885276	8887.075947	-27481.849787	-3442.906254	-1876.116023	-21557.139940	-30321.013072	-2124.689773	-24619.552448	-8755.468876	5787.023102	-187500.022352	-0.034000	0.970000	-0.160000	192.000000	0.000000	0.000000	0.000000	0.000000	0.000000	0.000000	0.000000	0.000000	0.000000	1745266297.941342	0.000000
246.000000	-31545.709854	-3034.003441	2257.839114	-6439.112894	-2873.540267	8875.922427	-27488.398849	-3452.673966	-1890.041159	-21565.946527	-30330.579618	-2131.283537	-24634.416358	-8782.223914	5778.551791	-187500.022352	-0.030000	0.972000	-0.156000	192.000000	127.500000	8.000000	15.000000	48.000000	125.500000	16.000000	0.000000	0.000000	0.000000	1745266297.941372	0.000000
248.000000	-31535.003368	-3022.447589	2272.859487	-6422.036162	-2859.995110	8891.635703	-27475.077209	-3439.218216	-1882.709787	-21565.946527	-30331.160764	-2134.479837	-24629.610733	-8791.924571	5783.983264	-187500.022352	-0.030000	0.972000	-0.156000	192.000000	0.000000	0.000000	0.000000	0.000000	0.000000	0.000000	0.000000	0.000000	0.000000	1745266297.941404	0.000000
250.000000	-31534.913961	-3022.715810	2274.982902	-6426.841787	-2861.000939	8889.445232	-27474.093732	-3437.295966	-1873.433813	-21545.137053	-30320.253112	-2119.928851	-24620.982959	-8766.488286	5799.294209	-187500.022352	-0.030000	0.972000	-0.156000	192.000000	0.000000	0.000000	0.000000	0.000000	0.000000	0.000000	0.000000	0.000000	0.000000	1745266297.941435	0.000000
252.000000	-31537.864392	-3028.862539	2273.373577	-6436.296575	-2865.381880	8888.662921	-27471.523282	-3439.195864	-1878.306494	-21564.314850	-30326.019862	-2135.284500	-24614.053919	-8776.300702	5794.130956	-187500.022352	-0.030000	0.972000	-0.156000	192.000000	0.000000	0.000000	0.000000	0.000000	0.000000	0.000000	0.000000	0.000000	0.000000	1745266298.000442	0.000000
254.000000	-31549.911982	-3039.814894	2258.867295	-6446.354860	-2879.418776	8877.777621	-27485.694288	-3453.121001	-1885.973142	-21567.645260	-30331.071357	-2141.274767	-24629.431919	-8790.650522	5786.777233	-187500.022352	-0.030000	0.972000	-0.156000	192.000000	0.000000	0.000000	0.000000	0.000000	0.000000	0.000000	0.000000	0.000000	0.000000	1745266298.000496	0.000000
0.000000	-31537.573819	-3030.225996	2272.300693	-6426.394752	-2872.601494	8895.077872	-27476.775941	-3443.688565	-1890.599953	-21573.702583	-30335.787575	-2143.666404	-24634.237544	-8771.137449	5780.675206	-187500.022352	-0.032000	0.970000	-0.156000	192.000000	127.500000	0.000000	15.000000	40.000000	125.500000	16.000000	0.000000	0.000000	0.000000	1745266298.000544	0.000000
2.000000	-31541.954761	-3032.774095	2269.104394	-6435.827188	-2872.959122	8893.781471	-27477.513549	-3440.000527	-1873.076185	-21565.030106	-30322.845915	-2129.674212	-24621.608808	-8778.044138	5792.164003	-187500.022352	-0.032000	0.970000	-0.156000	192.000000	0.000000	0.000000	0.000000	0.000000	0.000000	0.000000	0.000000	0.000000	0.000000	1745266298.000576	0.000000
4.000000	-31547.609752	-3039.792542	2262.354167	-6442.644470	-2885.252581	8875.587151	-27489.181160	-3453.992719	-1888.878869	-21572.272071	-30331.652502	-2137.050287	-24636.852698	-8804.016865	5783.066843	-187500.022352	-0.032000	0.970000	-0.156000	192.000000	0.000000	0.000000	0.000000	0.000000	0.000000	0.000000	0.000000	0.000000	0.000000	1745266298.000615	0.000000
6.000000	-31533.483450	-3024.526301	2279.430900	-6419.309249	-2870.858058	8888.998197	-27475.099561	-3439.687602	-1882.530973	-21559.442170	-30319.940188	-2122.991040	-24625.140384	-8765.191885	5787.470137	-187500.022352	-0.032000	0.970000	-0.156000	192.000000	0.000000	0.000000	0.000000	0.000000	0.000000	0.000000	0.000000	0.000000	0.000000	1745266298.000649	0.000000
8.000000	-31545.933371	-3039.211397	2266.600998	-6427.221766	-2879.709349	8882.449136	-27486.610709	-3457.077260	-1885.101424	-21561.744399	-30319.873133	-2121.940508	-24620.558276	-8766.465934	5791.001712	-187500.022352	-0.032000	0.970000	-0.156000	192.000000	0.000000	0.000000	0.000000	0.000000	0.000000	0.000000	0.000000	0.000000	0.000000	1745266298.000679	0.000000
10.000000	-31545.016950	-3033.399944	2264.254065	-6421.834996	-2873.003825	8894.876706	-27480.598090	-3438.927643	-1887.895392	-21564.270146	-30328.635017	-2128.467218	-24630.974189	-8772.076222	5789.526497	-187500.022352	-0.032000	0.974000	-0.150000	192.000000	127.500000	0.000000	15.000000	56.000000	125.500000	40.000000	0.000000	0.000000	0.000000	1745266298.060347	0.000000
12.000000	-31545.441633	-3034.629289	2270.244333	-6417.901089	-2865.091308	8894.720244	-27474.898395	-3440.715783	-1887.090729	-21556.692905	-30328.813830	-2121.873453	-24630.996541	-8773.730251	5793.549811	-187500.022352	-0.032000	0.974000	-0.150000	192.000000	0.000000	0.000000	0.000000	0.000000	0.000000	0.000000	0.000000	0.000000	0.000000	1745266298.060399	0.000000
14.000000	-31552.124805	-3044.754630	2268.567952	-6430.619232	-2867.795869	8876.570627	-27474.227843	-3443.263882	-1900.971162	-21573.143789	-30331.630150	-2121.895805	-24657.438655	-8789.532934	5802.468157	-187500.022352	-0.032000	0.974000	-0.150000	192.000000	0.000000	0.000000	0.000000	0.000000	0.000000	0.000000	0.000000	0.000000	0.000000	1745266298.060431	0.000000
16.000000	-31537.864392	-3033.489350	2273.328873	-6429.792217	-2867.907628	8882.784412	-27477.178273	-3446.795457	-1877.680645	-21578.798780	-30325.818697	-2122.588709	-24611.975206	-8806.408501	5796.164965	-187500.022352	-0.032000	0.974000	-0.150000	192.000000	0.000000	0.000000	0.000000	0.000000	0.000000	0.000000	0.000000	0.000000	0.000000	1745266298.060462	0.000000
18.000000	-31547.743863	-3040.261929	2262.242408	-6440.498703	-2874.993131	8880.929217	-27486.364840	-3459.468896	-1876.473651	-21570.148655	-30322.532990	-2117.738380	-24616.534962	-8798.697150	5794.041549	-187500.022352	-0.032000	0.974000	-0.150000	192.000000	0.000000	0.000000	0.000000	0.000000	0.000000	0.000000	0.000000	0.000000	0.000000	1745266298.060492	0.000000
20.000000	-31539.339607	-3024.347487	2268.009158	-6431.759171	-2870.120450	8881.175087	-27481.380401	-3451.064640	-1890.421139	-21573.434362	-30332.568924	-2119.571223	-24629.923657	-8785.733138	5785.547887	-187500.022352	-0.034000	0.976000	-0.148000	192.000000	127.000000	120.000000	15.000000	64.000000	125.500000	48.000000	0.000000	0.000000	0.000000	1745266298.060542	0.000000
22.000000	-31537.842040	-3024.705115	2270.221981	-6433.077923	-2870.969817	8877.844677	-27483.503817	-3451.221103	-1890.622305	-21564.426609	-30325.706938	-2114.162101	-24643.088835	-8799.680626	5791.225230	-187500.022352	-0.034000	0.976000	-0.148000	192.000000	0.000000	0.000000	0.000000	0.000000	0.000000	0.000000	0.000000	0.000000	0.000000	1745266298.060593	0.000000
24.000000	-31548.414415	-3040.105467	2261.638911	-6442.644470	-2885.699616	8867.227598	-27494.299709	-3460.519428	-1886.934267	-21567.757019	-30322.644749	-2114.743246	-24640.048997	-8792.125737	5794.533288	-187500.022352	-0.034000	0.976000	-0.148000	192.000000	0.000000	0.000000	0.000000	0.000000	0.000000	0.000000	0.000000	0.000000	0.000000	1745266298.060623	0.000000
26.000000	-31554.315275	-3044.374650	2259.426088	-6446.936005	-2895.512032	8866.534694	-27500.602901	-3466.263827	-1887.873040	-21580.743382	-30332.948903	-2133.652822	-24628.135518	-8803.189850	5774.819049	-187500.022352	-0.034000	0.976000	-0.148000	192.000000	0.000000	0.000000	0.000000	0.000000	0.000000	0.000000	0.000000	0.000000	0.000000	1745266298.120554	0.000000
28.000000	-31555.701084	-3044.754630	2263.427051	-6438.084714	-2884.380863	8873.977825	-27489.136456	-3455.624396	-1887.560116	-21584.230254	-30332.054833	-2132.892863	-24622.167602	-8800.887621	5782.083366	-187500.022352	-0.034000	0.976000	-0.148000	192.000000	0.000000	0.000000	0.000000	0.000000	0.000000	0.000000	0.000000	0.000000	0.000000	1745266298.120614	0.000000
30.000000	-31550.738996	-3042.184179	2265.997501	-6428.719333	-2872.176811	8882.337377	-27479.145226	-3446.236664	-1897.551346	-21578.821132	-30335.385243	-2130.121247	-24635.601000	-8798.987722	5788.431262	-187500.022352	-0.033000	0.976000	-0.146000	192.000000	127.500000	0.000000	15.000000	64.000000	125.500000	64.000000	0.000000	0.000000	0.000000	1745266298.120649	0.000000
32.000000	-31556.841023	-3049.694365	2249.501914	-6443.180912	-2885.252581	8869.775697	-27491.952776	-3459.379489	-1899.138319	-21590.756964	-30344.325941	-2136.245625	-24644.496995	-8805.268562	5781.524573	-187500.022352	-0.033000	0.976000	-0.146000	192.000000	0.000000	0.000000	0.000000	0.000000	0.000000	0.000000	0.000000	0.000000	0.000000	1745266298.120686	0.000000
34.000000	-31543.631142	-3039.323156	2258.062632	-6431.110970	-2872.646197	8887.232409	-27489.024697	-3457.278425	-1891.985761	-21583.783219	-30340.101461	-2134.926872	-24637.679712	-8793.578600	5780.652855	-187500.022352	-0.033000	0.976000	-0.146000	192.000000	0.000000	0.000000	0.000000	0.000000	0.000000	0.000000	0.000000	0.000000	0.000000	1745266298.120715	0.000000
36.000000	-31549.666113	-3045.961624	2252.139420	-6439.872854	-2881.184564	8870.289787	-27501.429916	-3457.792515	-1892.633962	-21575.937757	-30335.765223	-2126.321450	-24625.654474	-8775.965425	5781.524573	-187500.022352	-0.033000	0.976000	-0.146000	192.000000	0.000000	0.000000	0.000000	0.000000	0.000000	0.000000	0.000000	0.000000	0.000000	1745266298.120745	0.000000
38.000000	-31550.426072	-3044.978147	2253.413469	-6440.766924	-2883.978532	8872.055575	-27497.831285	-3455.400879	-1896.187889	-21589.281748	-30342.627209	-2136.871473	-24645.391064	-8796.953714	5770.706328	-187500.022352	-0.033000	0.976000	-0.146000	192.000000	0.000000	0.000000	0.000000	0.000000	0.000000	0.000000	0.000000	0.000000	0.000000	1745266298.120775	0.000000
40.000000	-31543.161755	-3034.785752	2262.845905	-6438.285880	-2878.994093	8875.609502	-27498.032450	-3457.948978	-1886.531936	-21581.704507	-30333.395938	-2123.974517	-24622.569933	-8796.327865	5778.909418	-187500.022352	-0.029500	0.973000	-0.144000	192.000000	127.500000	24.000000	15.000000	40.000000	125.500000	72.000000	0.000000	0.000000	0.000000	1745266298.180833	0.000000
42.000000	-31545.799261	-3039.434915	2265.773984	-6441.571586	-2881.519840	8872.904941	-27498.032450	-3462.888713	-1884.296761	-21579.938719	-30331.630150	-2121.381715	-24636.249201	-8800.686455	5781.412814	-187500.022352	-0.029500	0.973000	-0.144000	192.000000	0.000000	0.000000	0.000000	0.000000	0.000000	0.000000	0.000000	0.000000	0.000000	1745266298.180911	0.000000
44.000000	-31550.716645	-3044.262891	2264.969321	-6448.008889	-2890.974628	8861.393793	-27501.631081	-3472.075280	-1880.854592	-21592.254530	-30331.585447	-2125.673249	-24624.022797	-8802.251077	5778.663549	-187500.022352	-0.029500	0.973000	-0.144000	192.000000	0.000000	0.000000	0.000000	0.000000	0.000000	0.000000	0.000000	0.000000	0.000000	1745266298.180964	0.000000
46.000000	-31546.290999	-3040.530150	2265.438708	-6446.645432	-2883.106814	8858.488066	-27486.051915	-3465.079184	-1875.534877	-21584.386716	-30323.225894	-2117.067828	-24613.472773	-8788.102423	5787.023102	-187500.022352	-0.029500	0.973000	-0.144000	192.000000	0.000000	0.000000	0.000000	0.000000	0.000000	0.000000	0.000000	0.000000	0.000000	1745266298.180994	0.000000
48.000000	-31549.956685	-3041.603034	2267.137440	-6446.332508	-2876.267180	8865.841790	-27476.172444	-3456.473763	-1882.419215	-21591.561626	-30329.462031	-2120.800569	-24633.790509	-8795.523202	5786.844288	-187500.022352	-0.029500	0.973000	-0.144000	192.000000	0.000000	0.000000	0.000000	0.000000	0.000000	0.000000	0.000000	0.000000	0.000000	1745266298.181033	0.000000
50.000000	-31568.933316	-3059.395022	2251.826495	-6460.414107	-2891.086387	8855.828208	-27489.784657	-3463.089879	-1895.204412	-21594.445001	-30336.681645	-2127.103761	-24632.382349	-8803.301609	5784.296189	-187500.022352	-0.032750	0.971500	-0.143000	192.000000	127.000000	112.000000	15.000000	40.000000	125.500000	72.000000	0.000000	0.000000	0.000000	1745266298.181067	0.000000
52.000000	-31564.440616	-3053.941197	2255.112202	-6450.892264	-2887.957142	8865.014775	-27487.705945	-3460.094745	-1899.786520	-21603.631568	-30346.896392	-2137.407915	-24645.435768	-8819.506624	5773.053261	-187500.022352	-0.032750	0.971500	-0.143000	192.000000	0.000000	0.000000	0.000000	0.000000	0.000000	0.000000	0.000000	0.000000	0.000000	1745266298.181100	0.000000
54.000000	-31563.323028	-3054.321176	2254.575760	-6441.057496	-2886.727796	8878.515229	-27483.325003	-3455.825562	-1889.616476	-21586.644243	-30337.888639	-2125.382677	-24623.955741	-8794.092690	5777.478907	-187500.022352	-0.032750	0.971500	-0.143000	192.000000	0.000000	0.000000	0.000000	0.000000	0.000000	0.000000	0.000000	0.000000	0.000000	1745266298.181133	0.000000
56.000000	-31581.785569	-3070.861467	2234.503893	-6455.876703	-2900.831747	8873.888418	-27498.255968	-3462.955768	-1902.424026	-21594.690871	-30349.712712	-2130.970613	-24642.597096	-8802.541650	5769.387575	-187500.022352	-0.032750	0.971500	-0.143000	192.000000	0.000000	0.000000	0.000000	0.000000	0.000000	0.000000	0.000000	0.000000	0.000000	1745266298.241141	0.000000
58.000000	-31577.471683	-3066.122897	2237.320213	-6452.121610	-2903.804529	8873.173162	-27500.021756	-3462.307568	-1913.219918	-21614.181592	-30364.487215	-2144.292253	-24656.343419	-8804.419196	5753.830761	-187500.022352	-0.032750	0.971500	-0.143000	192.000000	0.000000	0.000000	0.000000	0.000000	0.000000	0.000000	0.000000	0.000000	0.000000	1745266298.241180	0.000000
60.000000	-31569.559165	-3056.154019	2243.533998	-6448.590034	-2897.948372	8879.275188	-27494.500875	-3453.657443	-1906.961430	-21602.111650	-30350.852651	-2130.948261	-24645.435768	-8789.778804	5768.024119	-187500.022352	-0.037375	0.973750	-0.142500	192.000000	127.000000	88.000000	15.000000	64.000000	125.500000	72.000000	0.000000	0.000000	0.000000	1745266298.241210	0.000000
62.000000	-31568.396874	-3051.348394	2237.208454	-6452.725107	-2909.526576	8857.370479	-27508.314253	-3470.845934	-1910.515357	-21603.117478	-30357.558174	-2130.478875	-24653.482396	-8795.344388	5755.618901	-187500.022352	-0.037375	0.973750	-0.142500	192.000000	0.000000	0.000000	0.000000	0.000000	0.000000	0.000000	0.000000	0.000000	0.000000	1745266298.241242	0.000000
64.000000	-31564.373560	-3048.152095	2242.371707	-6454.960281	-2907.201994	8859.382136	-27507.598997	-3463.402803	-1895.293819	-21597.551894	-30342.269581	-2119.571223	-24629.543678	-8793.735062	5763.509067	-187500.022352	-0.037375	0.973750	-0.142500	192.000000	0.000000	0.000000	0.000000	0.000000	0.000000	0.000000	0.000000	0.000000	0.000000	1745266298.241290	0.000000
66.000000	-31566.362866	-3052.421278	2241.298824	-6457.284863	-2906.799663	8858.935101	-27503.553331	-3469.817754	-1911.923517	-21600.077641	-30355.881793	-2125.248566	-24648.989695	-8802.340484	5755.663604	-187500.022352	-0.037375	0.973750	-0.142500	192.000000	0.000000	0.000000	0.000000	0.000000	0.000000	0.000000	0.000000	0.000000	0.000000	1745266298.241338	0.000000
68.000000	-31549.710816	-3033.914034	2254.173428	-6445.550197	-2901.055265	8869.529828	-27495.707869	-3456.585521	-1892.566907	-21597.283673	-30344.124775	-2118.431284	-24644.340532	-8800.775862	5763.889046	-187500.022352	-0.037375	0.973750	-0.142500	192.000000	0.000000	0.000000	0.000000	0.000000	0.000000	0.000000	0.000000	0.000000	0.000000	1745266298.241368	0.000000
70.000000	-31537.417357	-3022.671106	2257.883818	-6440.141075	-2905.391503	8871.385023	-27501.832247	-3455.669100	-1878.798232	-21581.659804	-30331.652502	-2101.332200	-24632.717625	-8782.648597	5767.867657	-187500.022352	-0.038687	0.970875	-0.142250	192.000000	127.000000	96.000000	15.000000	32.000000	125.500000	72.000000	0.000000	0.000000	0.000000	1745266298.300601	0.000000
72.000000	-31544.771081	-3030.337755	2251.714736	-6449.171179	-2915.427436	8872.189685	-27512.494029	-3458.597178	-1874.216124	-21567.175873	-30321.549514	-2092.123281	-24636.070387	-8781.486306	5767.465325	-187500.022352	-0.038687	0.970875	-0.142250	192.000000	0.000000	0.000000	0.000000	0.000000	0.000000	0.000000	0.000000	0.000000	0.000000	1745266298.300676	0.000000
74.000000	-31554.114110	-3042.787676	2248.116106	-6455.429668	-2914.220442	8852.877778	-27513.388099	-3482.714711	-1886.397825	-21593.729746	-30335.452299	-2110.630525	-24640.607791	-8805.313266	5754.277796	-187500.022352	-0.038687	0.970875	-0.142250	192.000000	0.000000	0.000000	0.000000	0.000000	0.000000	0.000000	0.000000	0.000000	0.000000	1745266298.300708	0.000000
76.000000	-31564.977058	-3055.684633	2239.086001	-6457.061345	-2913.929869	8853.704793	-27508.403660	-3473.818716	-1900.367665	-21601.798725	-30345.555287	-2125.561491	-24649.079102	-8783.609722	5753.763706	-187500.022352	-0.038687	0.970875	-0.142250	192.000000	0.000000	0.000000	0.000000	0.000000	0.000000	0.000000	0.000000	0.000000	0.000000	1745266298.300742	0.000000
78.000000	-31566.094645	-3055.684633	2241.030603	-6456.346089	-2907.581974	8858.488066	-27503.039241	-3470.443603	-1903.854537	-21599.541199	-30346.225839	-2123.929813	-24652.767140	-8796.014940	5763.106735	-187500.022352	-0.038687	0.970875	-0.142250	192.000000	0.000000	0.000000	0.000000	0.000000	0.000000	0.000000	0.000000	0.000000	0.000000	1745266298.300773	0.000000
80.000000	-31564.619430	-3058.232732	2241.075306	-6457.597787	-2901.390541	8862.019642	-27497.518360	-3465.034481	-1895.360875	-21600.368214	-30346.672874	-2129.271880	-24647.715646	-8799.211240	5767.219456	-187500.022352	-0.035344	0.972437	-0.147125	192.000000	127.500000	0.000000	15.000000	56.000000	125.500000	32.000000	0.000000	0.000000	0.000000	1745266298.300803	0.000000
82.000000	-31577.337572	-3067.598113	2225.786713	-6471.969959	-2912.767579	8855.336470	-27502.100468	-3465.727385	-1913.689305	-21617.199077	-30365.895375	-2138.391392	-24667.094608	-8817.807891	5756.177694	-187500.022352	-0.035344	0.972437	-0.147125	192.000000	0.000000	0.000000	0.000000	0.000000	0.000000	0.000000	0.000000	0.000000	0.000000	1745266298.300835	0.000000
84.000000	-31571.526119	-3061.809011	2243.064611	-6453.440363	-2905.145634	8871.697947	-27501.832247	-3459.781821	-1908.660163	-21603.206885	-30355.993552	-2126.902595	-24649.235564	-8821.428874	5767.755898	-187500.022352	-0.035344	0.972437	-0.147125	192.000000	0.000000	0.000000	0.000000	0.000000	0.000000	0.000000	0.000000	0.000000	0.000000	1745266298.300865	0.000000
86.000000	-31568.151005	-3052.465982	2250.641853	-6444.790238	-2896.674323	8876.324758	-27486.007212	-3455.445582	-1907.028485	-21595.182609	-30354.317171	-2120.755866	-24648.877936	-8783.676777	5772.941503	-187500.022352	-0.035344	0.972437	-0.147125	192.000000	0.000000	0.000000	0.000000	0.000000	0.000000	0.000000	0.000000	0.000000	0.000000	1745266298.360419	0.000000
88.000000	-31568.419226	-3047.772115	2251.357109	-6441.236310	-2893.030988	8877.621159	-27483.526168	-3449.231797	-1899.831223	-21575.423667	-30341.688435	-2105.310810	-24634.863393	-8761.123867	5787.291323	-187500.022352	-0.035344	0.972437	-0.147125	192.000000	0.000000	0.000000	0.000000	0.000000	0.000000	0.000000	0.000000	0.000000	0.000000	1745266298.360489	0.000000
90.000000	-31565.781720	-3043.726449	2258.129687	-6437.749438	-2894.774424	8879.856334	-27483.123837	-3441.028707	-1914.181043	-21574.864873	-30348.125738	-2103.634429	-24654.421169	-8770.422193	5782.955084	-187500.022352	-0.035344	0.972437	-0.147125	192.000000	0.000000	0.000000	0.000000	0.000000	0.000000	0.000000	0.000000	0.000000	0.000000	1745266298.360523	0.000000
92.000000	-31563.546546	-3040.910130	2255.805106	-6439.604633	-2903.066922	8871.832057	-27488.532959	-3447.734230	-1894.355046	-21564.001925	-30332.568924	-2091.452729	-24631.220058	-8772.500905	5787.738358	-187500.022352	-0.034000	0.970000	-0.154000	192.000000	127.000000	120.000000	15.000000	40.000000	125.500000	24.000000	0.000000	0.000000	0.000000	1745266298.360564	0.000000
94.000000	-31566.944011	-3039.278452	2251.893550	-6445.170217	-2905.145634	8868.613406	-27494.076192	-3455.847914	-1907.788444	-21572.227367	-30342.202525	-2099.767578	-24645.748692	-8775.563094	5775.109622	-187500.022352	-0.034000	0.970000	-0.154000	192.000000	0.000000	0.000000	0.000000	0.000000	0.000000	0.000000	0.000000	0.000000	0.000000	1745266298.360600	0.000000
96.000000	-31566.407569	-3038.585548	2254.776925	-6439.068191	-2901.524651	8878.604636	-27491.282224	-3454.752678	-1902.938116	-21568.315812	-30342.001360	-2099.544060	-24647.000390	-8779.049966	5775.623712	-187500.022352	-0.034000	0.970000	-0.154000	192.000000	0.000000	0.000000	0.000000	0.000000	0.000000	0.000000	0.000000	0.000000	0.000000	1745266298.360631	0.000000
98.000000	-31564.015933	-3035.791580	2259.537847	-6427.937022	-2892.338084	8891.233372	-27485.649584	-3444.090896	-1900.747645	-21565.052457	-30336.771051	-2090.670418	-24632.807032	-8784.101460	5785.279666	-187500.022352	-0.034000	0.970000	-0.154000	192.000000	0.000000	0.000000	0.000000	0.000000	0.000000	0.000000	0.000000	0.000000	0.000000	1745266298.360663	0.000000
100.000000	-31565.044113	-3036.775057	2248.786658	-6430.015734	-2891.242849	8870.915636	-27485.627232	-3449.187094	-1908.704866	-21558.324582	-30341.643732	-2088.926982	-24647.246259	-8764.968367	5787.313674	-187500.022352	-0.034000	0.970000	-0.154000	192.000000	0.000000	0.000000	0.000000	0.000000	0.000000	0.000000	0.000000	0.000000	0.000000	1745266298.420564	0.000000
102.000000	-31567.100473	-3034.673993	2247.914940	-6428.942851	-2893.522727	8877.732918	-27488.622366	-3451.154047	-1915.231575	-21565.857120	-30344.013017	-2086.311827	-24647.179204	-8759.000451	5786.821936	-187500.022352	-0.030000	0.972000	-0.148000	192.000000	127.500000	8.000000	15.000000	48.000000	125.500000	48.000000	0.000000	0.000000	0.000000	1745266298.420606	0.000000
104.000000	-31566.653438	-3036.752705	2242.081135	-6432.206205	-2900.541174	8880.348072	-27498.010099	-3455.825562	-1906.156767	-21568.785199	-30343.253057	-2085.261295	-24638.663189	-8765.303643	5785.413776	-187500.022352	-0.030000	0.972000	-0.148000	192.000000	0.000000	0.000000	0.000000	0.000000	0.000000	0.000000	0.000000	0.000000	0.000000	1745266298.420639	0.000000
106.000000	-31557.019837	-3029.019002	2245.523303	-6430.798045	-2898.641276	8887.679444	-27499.619424	-3446.124905	-1901.462901	-21565.633603	-30340.101461	-2085.305999	-24638.707893	-8767.047079	5780.608151	-187500.022352	-0.030000	0.972000	-0.148000	192.000000	0.000000	0.000000	0.000000	0.000000	0.000000	0.000000	0.000000	0.000000	0.000000	1745266298.420669	0.000000
108.000000	-31564.977058	-3042.206531	2235.777943	-6448.433572	-2907.939602	8866.780563	-27502.145171	-3453.121001	-1906.939078	-21572.428533	-30345.912915	-2088.234077	-24651.806015	-8780.994568	5778.261218	-187500.022352	-0.030000	0.972000	-0.148000	192.000000	0.000000	0.000000	0.000000	0.000000	0.000000	0.000000	0.000000	0.000000	0.000000	1745266298.420716	0.000000
110.000000	-31556.148119	-3037.423258	2241.410582	-6450.467581	-2903.692770	8876.749441	-27503.732145	-3457.725460	-1898.490119	-21580.497513	-30339.676778	-2093.352627	-24643.781739	-8801.491118	5778.887067	-187500.022352	-0.030000	0.972000	-0.148000	192.000000	0.000000	0.000000	0.000000	0.000000	0.000000	0.000000	0.000000	0.000000	0.000000	1745266298.420764	0.000000
112.000000	-31546.335703	-3031.432990	2251.960606	-6436.006002	-2896.450805	8875.296578	-27492.980956	-3452.092821	-1901.574660	-21584.789048	-30346.002322	-2102.785063	-24650.867242	-8772.970292	5771.108660	-187500.022352	-0.030000	0.980000	-0.146000	192.000000	127.500000	8.000000	15.000000	80.000000	125.500000	56.000000	0.000000	0.000000	0.000000	1745266298.420799	0.000000
114.000000	-31527.359072	-3014.177443	2273.217115	-6415.576508	-2883.576200	8894.764947	-27477.334735	-3430.679849	-1872.338578	-21561.587937	-30318.062641	-2086.937676	-24617.719605	-8744.740038	5794.332122	-187500.022352	-0.030000	0.980000	-0.146000	192.000000	0.000000	0.000000	0.000000	0.000000	0.000000	0.000000	0.000000	0.000000	0.000000	1745266298.420840	0.000000
116.000000	-31544.145232	-3032.528225	2258.196742	-6429.658107	-2900.362361	8888.305293	-27490.924596	-3448.225969	-1876.853630	-21568.807551	-30321.080127	-2098.247659	-24627.912000	-8753.434867	5792.141651	-187500.022352	-0.030000	0.980000	-0.146000	192.000000	0.000000	0.000000	0.000000	0.000000	0.000000	0.000000	0.000000	0.000000	0.000000	1745266298.480869	0.000000
118.000000	-31540.703063	-3024.191025	2267.495068	-6423.399618	-2904.050398	8888.975845	-27485.291956	-3443.442696	-1887.515412	-21573.702583	-30329.238514	-2115.547909	-24628.783718	-8761.727364	5783.692692	-187500.022352	-0.030000	0.980000	-0.146000	192.000000	0.000000	0.000000	0.000000	0.000000	0.000000	0.000000	0.000000	0.000000	0.000000	1745266298.480927	0.000000
120.000000	-31544.234639	-3025.375667	2261.191876	-6422.237327	-2908.118416	8876.727089	-27484.464942	-3444.403821	-1882.486270	-21572.272071	-30326.533953	-2120.085313	-24624.067500	-8760.475667	5784.922038	-187500.022352	-0.030000	0.980000	-0.146000	192.000000	0.000000	0.000000	0.000000	0.000000	0.000000	0.000000	0.000000	0.000000	0.000000	1745266298.480972	0.000000
122.000000	-31538.624351	-3017.463150	2264.231713	-6409.899164	-2897.478985	8895.256686	-27474.518415	-3432.311527	-1887.157784	-21561.766751	-30329.998473	-2122.834578	-24641.099529	-8753.747791	5787.179564	-187500.022352	-0.030000	0.972000	-0.146000	192.000000	127.500000	8.000000	15.000000	48.000000	125.500000	56.000000	0.000000	0.000000	0.000000	1745266298.481003	0.000000
124.000000	-31545.061653	-3020.748856	2254.978091	-6419.264545	-2903.893936	8883.969055	-27483.056782	-3440.335803	-1885.012017	-21556.357629	-30330.847839	-2119.280651	-24634.841041	-8750.618547	5790.129994	-187500.022352	-0.030000	0.972000	-0.146000	192.000000	0.000000	0.000000	0.000000	0.000000	0.000000	0.000000	0.000000	0.000000	0.000000	1745266298.481040	0.000000
126.000000	-31544.413453	-3018.871310	2256.162734	-6420.583298	-2900.183547	8877.576456	-27480.084000	-3438.882940	-1888.409482	-21557.676382	-30335.273485	-2127.908424	-24627.599076	-8759.559245	5779.043529	-187500.022352	-0.030000	0.972000	-0.146000	192.000000	0.000000	0.000000	0.000000	0.000000	0.000000	0.000000	0.000000	0.000000	0.000000	1745266298.481071	0.000000
128.000000	-31555.410511	-3025.912109	2245.992690	-6428.115836	-2908.051361	8874.670729	-27497.093677	-3444.716745	-1899.294782	-21563.376077	-30345.085900	-2130.367116	-24634.036378	-8754.194826	5774.282607	-187500.022352	-0.030000	0.972000	-0.146000	192.000000	0.000000	0.000000	0.000000	0.000000	0.000000	0.000000	0.000000	0.000000	0.000000	1745266298.481102	0.000000
130.000000	-31549.219078	-3018.424275	2252.742917	-6426.148883	-2894.528555	8873.977825	-27490.812837	-3437.005393	-1895.003247	-21562.549062	-30345.197659	-2132.132904	-24637.344436	-8757.614643	5774.215552	-187500.022352	-0.030000	0.972000	-0.146000	192.000000	0.000000	0.000000	0.000000	0.000000	0.000000	0.000000	0.000000	0.000000	0.000000	1745266298.541216	0.000000
132.000000	-31556.662209	-3025.129798	2252.184123	-6435.469560	-2893.433320	8870.937988	-27493.830322	-3449.410611	-1897.551346	-21559.352763	-30343.990665	-2129.517749	-24643.312352	-8768.030556	5778.171811	-187500.022352	-0.032000	0.970000	-0.140000	192.000000	127.500000	0.000000	15.000000	40.000000	125.500000	80.000000	0.000000	0.000000	0.000000	1745266298.541307	0.000000
134.000000	-31559.076197	-3029.778961	2256.050975	-6431.267432	-2887.197183	8878.090546	-27485.046087	-3445.230835	-1899.093616	-21557.899899	-30344.147127	-2132.088200	-24641.524213	-8772.456202	5782.016311	-187500.022352	-0.032000	0.970000	-0.140000	192.000000	0.000000	0.000000	0.000000	0.000000	0.000000	0.000000	0.000000	0.000000	0.000000	1745266298.541341	0.000000
136.000000	-31581.092665	-3052.823609	2241.052954	-6445.214921	-2899.781215	8866.892322	-27498.412430	-3455.222065	-1906.223822	-21575.848350	-30356.462938	-2146.370965	-24640.943067	-8791.410481	5772.695633	-187500.022352	-0.032000	0.970000	-0.140000	192.000000	0.000000	0.000000	0.000000	0.000000	0.000000	0.000000	0.000000	0.000000	0.000000	1745266298.541382	0.000000
138.000000	-31582.299660	-3056.399889	2245.970338	-6437.592976	-2895.444977	8865.774735	-27499.172389	-3456.741984	-1919.165482	-21588.834714	-30363.079055	-2151.511866	-24653.370637	-8775.920722	5770.706328	-187500.022352	-0.032000	0.970000	-0.140000	192.000000	0.000000	0.000000	0.000000	0.000000	0.000000	0.000000	0.000000	0.000000	0.000000	1745266298.541417	0.000000
140.000000	-31571.816691	-3048.263854	2261.571856	-6426.752380	-2877.362415	8874.268398	-27487.393020	-3439.218216	-1911.454131	-21586.018394	-30353.154880	-2148.740250	-24639.803128	-8781.933341	5778.328273	-187500.022352	-0.032000	0.970000	-0.140000	192.000000	0.000000	0.000000	0.000000	0.000000	0.000000	0.000000	0.000000	0.000000	0.000000	1745266298.541451	0.000000
142.000000	-31577.784607	-3054.634101	2250.664204	-6430.596880	-2867.505296	8878.470526	-27492.355107	-3445.856684	-1906.268526	-21584.342013	-30347.276371	-2151.467163	-24631.376521	-8782.916818	5778.641198	-187500.022352	-0.036000	0.972000	-0.142000	192.000000	127.000000	112.000000	15.000000	48.000000	125.500000	72.000000	0.000000	0.000000	0.000000	1745266298.541484	0.000000
144.000000	-31572.755465	-3049.202627	2253.189952	-6422.214976	-2871.640369	8888.014720	-27496.870160	-3445.342594	-1899.719465	-21582.978557	-30349.869174	-2146.438020	-24641.524213	-8780.435774	5775.668416	-187500.022352	-0.036000	0.972000	-0.142000	192.000000	0.000000	0.000000	0.000000	0.000000	0.000000	0.000000	0.000000	0.000000	0.000000	1745266298.541518	0.000000
146.000000	-31571.123787	-3047.325080	2244.986861	-6428.987554	-2879.821107	8869.909807	-27501.988709	-3456.674928	-1906.201471	-21582.978557	-30356.038255	-2148.516732	-24647.223907	-8782.179210	5767.062994	-187500.022352	-0.036000	0.972000	-0.142000	192.000000	0.000000	0.000000	0.000000	0.000000	0.000000	0.000000	0.000000	0.000000	0.000000	1745266298.600496	0.000000
148.000000	-31562.004276	-3037.557368	2249.256045	-6425.232461	-2878.636465	8868.680461	-27497.808933	-3454.775030	-1895.919668	-21577.614138	-30348.840994	-2142.347651	-24641.077178	-8790.292894	5769.968721	-187500.022352	-0.036000	0.972000	-0.142000	192.000000	0.000000	0.000000	0.000000	0.000000	0.000000	0.000000	0.000000	0.000000	0.000000	1745266298.600535	0.000000
150.000000	-31565.044113	-3043.190008	2242.617576	-6430.619232	-2885.029064	8860.298557	-27505.117953	-3465.392109	-1896.344351	-21576.630661	-30350.405616	-2141.878264	-24639.177279	-8787.655388	5767.174753	-187500.022352	-0.036000	0.972000	-0.142000	192.000000	0.000000	0.000000	0.000000	0.000000	0.000000	0.000000	0.000000	0.000000	0.000000	1745266298.600565	0.000000
152.000000	-31548.950857	-3023.542824	2258.196742	-6414.145996	-2869.896933	8875.810668	-27492.377459	-3446.415478	-1894.109177	-21569.545158	-30345.018845	-2134.479837	-24640.831308	-8778.669987	5773.522648	-187500.022352	-0.034000	0.968000	-0.143000	192.000000	127.500000	0.000000	15.000000	16.000000	125.500000	64.000000	0.000000	0.000000	0.000000	1745266298.600608	0.000000
154.000000	-31555.477566	-3026.202682	2256.073327	-6417.498758	-2871.349796	8877.330587	-27492.600977	-3443.554454	-1888.320075	-21561.073847	-30334.245304	-2116.598441	-24634.483413	-8760.721536	5784.229134	-187500.022352	-0.034000	0.968000	-0.143000	192.000000	0.000000	0.000000	0.000000	0.000000	0.000000	0.000000	0.000000	0.000000	0.000000	1745266298.600656	0.000000
156.000000	-31565.915831	-3032.818798	2248.697251	-6428.451112	-2875.239000	8871.675595	-27498.211264	-3450.975233	-1905.642677	-21576.451847	-30348.796290	-2129.920081	-24647.760349	-8779.876981	5774.394366	-187500.022352	-0.034000	0.968000	-0.143000	192.000000	0.000000	0.000000	0.000000	0.000000	0.000000	0.000000	0.000000	0.000000	0.000000	1745266298.600685	0.000000
158.000000	-31561.132558	-3029.130760	2258.286149	-6421.387961	-2872.534439	8885.265456	-27494.657337	-3451.802248	-1904.547442	-21575.267205	-30350.807947	-2134.412782	-24641.725378	-8792.751586	5772.673282	-187500.022352	-0.034000	0.968000	-0.143000	192.000000	0.000000	0.000000	0.000000	0.000000	0.000000	0.000000	0.000000	0.000000	0.000000	1745266298.600724	0.000000
160.000000	-31559.076197	-3023.609879	2265.148135	-6411.106159	-2862.811430	8882.002101	-27482.922671	-3441.520446	-1890.510546	-21554.837710	-30335.876982	-2117.447807	-24626.526192	-8758.933396	5793.259238	-187500.022352	-0.034000	0.968000	-0.143000	192.000000	0.000000	0.000000	0.000000	0.000000	0.000000	0.000000	0.000000	0.000000	0.000000	1745266298.660304	0.000000
162.000000	-31572.442540	-3038.697307	2252.161771	-6431.781522	-2880.268142	8865.864142	-27497.719526	-3455.758507	-1918.830206	-21566.192396	-30352.663142	-2133.071677	-24663.361867	-8777.306530	5779.624674	-187500.022352	-0.036000	0.967000	-0.144500	192.000000	127.000000	104.000000	15.000000	24.000000	125.500000	56.000000	0.000000	0.000000	0.000000	1745266298.660358	0.000000
164.000000	-31572.241375	-3045.983976	2262.197705	-6425.947717	-2874.233171	8864.612444	-27494.210302	-3455.020899	-1890.667008	-21576.787123	-30337.933342	-2137.117343	-24627.017930	-8775.205466	5784.542058	-187500.022352	-0.036000	0.967000	-0.144500	192.000000	0.000000	0.000000	0.000000	0.000000	0.000000	0.000000	0.000000	0.000000	0.000000	1745266298.660406	0.000000
166.000000	-31580.466816	-3054.321176	2254.262835	-6424.226633	-2868.198200	8858.979804	-27485.716639	-3448.225969	-1898.914802	-21592.388641	-30347.186964	-2141.922968	-24632.091776	-8788.191830	5789.079462	-187500.022352	-0.036000	0.967000	-0.144500	192.000000	0.000000	0.000000	0.000000	0.000000	0.000000	0.000000	0.000000	0.000000	0.000000	1745266298.660436	0.000000
168.000000	-31584.423075	-3060.780830	2247.512608	-6426.998249	-2870.500430	8864.478334	-27494.120895	-3455.937321	-1903.787482	-21597.641301	-30358.295781	-2148.181456	-24638.439672	-8798.048949	5789.370035	-187500.022352	-0.036000	0.967000	-0.144500	192.000000	0.000000	0.000000	0.000000	0.000000	0.000000	0.000000	0.000000	0.000000	0.000000	1745266298.660466	0.000000
170.000000	-31576.644668	-3053.583569	2246.998518	-6432.452075	-2871.461555	8864.344223	-27497.697174	-3464.073356	-1906.536747	-21601.329339	-30362.430854	-2147.153276	-24644.809919	-8813.382246	5781.770442	-187500.022352	-0.036000	0.967000	-0.144500	192.000000	0.000000	0.000000	0.000000	0.000000	0.000000	0.000000	0.000000	0.000000	0.000000	1745266298.660501	0.000000
172.000000	-31582.031439	-3058.366842	2242.595225	-6444.700831	-2875.306055	8858.555121	-27501.340509	-3456.049079	-1897.774863	-21595.562589	-30350.517374	-2143.264072	-24637.456195	-8806.855536	5790.353512	-187500.022352	-0.037000	0.969500	-0.149250	192.000000	127.000000	104.000000	15.000000	48.000000	125.500000	24.000000	0.000000	0.000000	0.000000	1745266298.660530	0.000000
174.000000	-31574.945936	-3053.851790	2250.619501	-6442.040973	-2873.473212	8857.236368	-27495.797276	-3453.746850	-1906.603802	-21612.706377	-30364.956601	-2158.642073	-24640.518384	-8806.050874	5774.573180	-187500.022352	-0.037000	0.969500	-0.149250	192.000000	0.000000	0.000000	0.000000	0.000000	0.000000	0.000000	0.000000	0.000000	0.000000	1745266298.660567	0.000000
176.000000	-31572.710761	-3053.203589	2251.602978	-6445.013755	-2875.730738	8856.319947	-27493.875026	-3454.529161	-1902.535785	-21606.827868	-30358.407540	-2154.574055	-24640.607791	-8813.471653	5778.082404	-187500.022352	-0.037000	0.969500	-0.149250	192.000000	0.000000	0.000000	0.000000	0.000000	0.000000	0.000000	0.000000	0.000000	0.000000	1745266298.721639	0.000000
178.000000	-31569.201537	-3049.202627	2257.861466	-6439.872854	-2869.606360	8858.532770	-27491.841017	-3456.652577	-1886.554287	-21590.399336	-30343.074243	-2137.273805	-24622.055843	-8801.424062	5791.985189	-187500.022352	-0.037000	0.969500	-0.149250	192.000000	0.000000	0.000000	0.000000	0.000000	0.000000	0.000000	0.000000	0.000000	0.000000	1745266298.721678	0.000000
180.000000	-31576.242337	-3056.265778	2247.624367	-6444.924348	-2877.138898	8852.788371	-27500.982881	-3472.946998	-1905.888546	-21605.442060	-30357.513470	-2152.115363	-24639.043169	-8807.883717	5778.618846	-187500.022352	-0.037000	0.969500	-0.149250	192.000000	0.000000	0.000000	0.000000	0.000000	0.000000	0.000000	0.000000	0.000000	0.000000	1745266298.721731	0.000000
182.000000	-31577.270517	-3055.215246	2250.731260	-6443.337374	-2876.311883	8858.979804	-27492.086886	-3451.131696	-1895.986723	-21596.903693	-30352.864308	-2144.851046	-24638.953762	-8808.688379	5781.189296	-187500.022352	-0.036500	0.969750	-0.152625	192.000000	127.000000	112.000000	15.000000	40.000000	125.500000	16.000000	0.000000	0.000000	0.000000	1745266298.721765	0.000000
184.000000	-31575.795302	-3051.437801	2251.737088	-6438.621156	-2887.241887	8862.556084	-27506.839038	-3455.490286	-1906.067360	-21601.485801	-30355.121834	-2150.304872	-24638.886707	-8801.871097	5776.182506	-187500.022352	-0.036500	0.969750	-0.152625	192.000000	0.000000	0.000000	0.000000	0.000000	0.000000	0.000000	0.000000	0.000000	0.000000	1745266298.721797	0.000000
186.000000	-31569.089779	-3041.938310	2256.296844	-6425.523034	-2883.397386	8870.133325	-27500.312328	-3454.462106	-1895.182061	-21585.861932	-30341.710787	-2136.424439	-24637.255029	-8785.263751	5778.484735	-187500.022352	-0.036500	0.969750	-0.152625	192.000000	0.000000	0.000000	0.000000	0.000000	0.000000	0.000000	0.000000	0.000000	0.000000	1745266298.721831	0.000000
188.000000	-31574.655363	-3047.481543	2244.115143	-6421.432665	-2891.958105	8871.317967	-27505.743802	-3458.038385	-1899.808872	-21584.006737	-30350.785595	-2139.173703	-24638.886707	-8780.279312	5777.478907	-187500.022352	-0.036500	0.969750	-0.152625	192.000000	0.000000	0.000000	0.000000	0.000000	0.000000	0.000000	0.000000	0.000000	0.000000	1745266298.721861	0.000000
190.000000	-31573.604831	-3041.848903	2234.794466	-6419.733932	-2892.785119	8871.496781	-27511.488201	-3460.117097	-1901.842880	-21580.944548	-30357.379360	-2133.608119	-24648.341495	-8768.790516	5770.616921	-187500.022352	-0.036500	0.969750	-0.152625	192.000000	0.000000	0.000000	0.000000	0.000000	0.000000	0.000000	0.000000	0.000000	0.000000	1745266298.721895	0.000000
192.000000	-31581.159721	-3050.700194	2225.742009	-6433.927290	-2897.546041	8866.445287	-27523.178163	-3470.935341	-1916.840901	-21587.627719	-30369.918689	-2140.313642	-24667.340477	-8802.385187	5755.417735	-187500.022352	-0.035250	0.969875	-0.153313	192.000000	127.000000	120.000000	15.000000	40.000000	125.500000	24.000000	0.000000	0.000000	0.000000	1745266298.781937	0.000000
