%OpenBCI Raw EXG Data
%Number of channels = 16
%Sample Rate = 125 Hz
%Board = OpenBCI_GUI$BoardCytonSerialDaisy
Sample Index, EXG Channel 0, EXG Channel 1, EXG Channel 2, EXG Channel 3, EXG Channel 4, EXG Channel 5, EXG Channel 6, EXG Channel 7, EXG Channel 8, EXG Channel 9, EXG Channel 10, EXG Channel 11, EXG Channel 12, EXG Channel 13, EXG Channel 14, EXG Channel 15, Accel Channel 0, Accel Channel 1, Accel Channel 2, Not Used, Digital Channel 0 (D11), Digital Channel 1 (D12), Digital Channel 2 (D13), Digital Channel 3 (D17), Not Used, Digital Channel 4 (D18), Analog Channel 0, Analog Channel 1, Analog Channel 2, Timestamp, Marker Channel, Timestamp (Formatted)
152.0, -32856.46085220109, -12815.35033170585, -6919.809510685148, 11905.075538763469, -28556.07462597783, 9782.889161454339, -4357.986671684584, 3694.2516200842406, 4624.218299891746, -1740.373878523574, -11748.032182220482, 29376.29424050978, -12601.466489013015, -6511.1749185532235, 6791.197573089311, 5099.371683522664, 0.0, 0.0, 0.0, 192.0, 0.0, 0.0, 0.0, 0.0, 0.0, 0.0, 0.0, 0.0, 0.0, 1.741146859026401E9, 0.0, 2025-03-04 21:54:19.026
154.0, -32856.3043899899, -12819.239535241073, -6921.999981641768, 11890.68101533425, -28686.9217380192, 9801.21759190769, -4366.569741555421, 3700.0407218981654, 4617.289259110601, -1752.6002827406269, -11753.217786934112, 29351.23793497538, -12637.54220456388, -6517.053427344969, 6792.762195201182, 5091.302703774298, 0.0, 0.0, 0.0, 192.0, 0.0, 0.0, 0.0, 0.0, 0.0, 0.0, 0.0, 0.0, 0.0, 1.741146859026732E9, 0.0, 2025-03-04 21:54:19.026
156.0, -32851.40935795419, -12819.507756174537, -6913.595725726572, 11906.617809130885, -28586.56240541487, 9797.171926161282, -4360.0430321744725, 3702.879393443989, 4621.178462645825, -1752.2873583182525, -11732.65418203523, 29368.605240417153, -12625.8298904693, -6522.417846014243, 6790.594075989017, 5090.118061318167, 0.0, 0.0, 0.0, 192.0, 0.0, 0.0, 0.0, 0.0, 0.0, 0.0, 0.0, 0.0, 0.0, 1.741146859026976E9, 0.0, 2025-03-04 21:54:19.026
158.0, -32857.31021849039, -12818.658389885235, -6921.1282636080105, 11888.848172288916, -28656.858641726812, 9791.315769113991, -4364.28986362098, 3703.862870200023, 4615.992857932193, -1742.7431634358363, -11705.876792177773, 29371.779188129807, -12610.854221684245, -6506.101072561869, 6793.745671957216, 5094.610761953683, 0.0, 0.0, 0.0, 192.0, 0.0, 0.0, 0.0, 0.0, 0.0, 0.0, 0.0, 0.0, 0.0, 1.741146859027198E9, 0.0, 2025-03-04 21:54:19.027
160.0, -32859.254820258, -12821.765282364522, -6920.9494496523685, 11903.890896307337, -28583.81314084687, 9792.031024936561, -4353.985709427084, 3682.8075269231235, 4623.793616747095, -1746.0288698707666, -11743.60653681833, 29365.453644448957, -12634.122387662219, -6495.327531734411, 6781.273398551154, 5088.821660139759, -0.012, 0.47900000000000004, 0.11900000000000001, 192.0, 127.5, 32.0, 14.5, 120.0, 3.5, 56.0, 0.0, 0.0, 0.0, 1.741146859027447E9, 0.0, 2025-03-04 21:54:19.027
162.0, -32862.54052669293, -12824.559250421436, -6921.307077563653, 11879.326329150956, -28604.71202191258, 9794.020330193083, -4368.514343323033, 3689.557753748626, 4594.356369299456, -1759.238750843853, -11745.394676374755, 29368.225260761414, -12632.982448694998, -6512.605430198363, 6769.583436201029, 5075.276502999843, -0.012, 0.47900000000000004, 0.11900000000000001, 192.0, 0.0, 0.0, 0.0, 0.0, 0.0, 0.0, 0.0, 0.0, 0.0, 1.7411468590277E9, 0.0, 2025-03-04 21:54:19.027
164.0, -32855.387968467236, -12824.268677743517, -6918.51310950674, 11891.709195579195, -28607.930673114144, 9774.775478217063, -4342.251043588048, 3700.331294576084, 4606.828642705517, -1756.2883205757526, -11739.493815838554, 29349.00276052985, -12629.540280048881, -6531.917337407749, 6777.115974082467, 5074.225971010444, -0.012, 0.47900000000000004, 0.11900000000000001, 192.0, 0.0, 0.0, 0.0, 0.0, 0.0, 0.0, 0.0, 0.0, 0.0, 1.741146859027919E9, 0.0, 2025-03-04 21:54:19.027
166.0, -32857.01964581247, -12819.016017796519, -6918.446054273374, 11885.96479725418, -28597.492408453516, 9795.406138349312, -4372.5823608139, 3681.1982013223414, 4625.358238858967, -1755.0142711418, -11742.041914706459, 29350.746196597363, -12622.20890786754, -6511.241973786589, 6769.717546667761, 5068.056889540779, -0.012, 0.47900000000000004, 0.11900000000000001, 192.0, 0.0, 0.0, 0.0, 0.0, 0.0, 0.0, 0.0, 0.0, 0.0, 1.741146859028156E9, 0.0, 2025-03-04 21:54:19.028
168.0, -32864.44042497163, -12821.63117189779, -6919.451882773863, 11897.632407859852, -28625.074461111362, 9810.962952490205, -4352.734011737587, 3705.0251609116985, 4605.7557589716625, -1755.4166025419954, -11747.652202564741, 29336.977522012894, -12645.611184312247, -6514.684142432707, 6770.343395512509, 5078.785726879326, -0.012, 0.47900000000000004, 0.11900000000000001, 192.0, 0.0, 0.0, 0.0, 0.0, 0.0, 0.0, 0.0, 0.0, 0.0, 1.741146859028391E9, 0.0, 2025-03-04 21:54:19.028
0.0, -15205.601180267477, -5122.058704144801, -2865.4489356814547, 9135.068551906175, -11593.067537911838, 5989.842830877642, 6958.120400681544, 16338.298182284616, 2303.2578591415718, -871.7180337569754, -5854.748887389766, 14680.357537312215, -6322.995581983993, -3250.88241706877, 3383.8752965778467, 2544.522588792156, -0.008, 0.916, 0.36, 192.0, 127.5, 96.0, 14.0, 80.0, 5.5, 32.0, 0.0, 0.0, 0.0, 1.741146859178116E9, 0.0, 2025-03-04 21:54:19.178
2.0, -30410.39769773456, -10245.279699001278, -5734.205929542295, 18271.053525335017, -23244.182556174106, 11970.32028082851, 13907.680083236704, 32660.32429460577, 33561.01018917682, 1994.1555850691302, -4422.560861415966, 27336.69755896301, -9273.917588462542, -3833.23476710734, 2090.960990305065, 4078.8580869267093, -0.008, 0.916, 0.36, 192.0, 0.0, 0.0, 0.0, 0.0, 0.0, 0.0, 0.0, 0.0, 0.0, 1.741146859178404E9, 0.0, 2025-03-04 21:54:19.178
4.0, -30419.53956121678, -10247.380762980076, -5736.0611243320855, 18254.28971699354, -23188.9737473695, 11958.004469633635, 13887.071774848911, 32644.99099790943, 33584.23365166588, 2012.484015522482, -4413.173128744737, 27348.90161143561, -9285.115812434651, -3836.431066564449, 2080.8803535557217, 4065.4246885090697, -0.008, 0.916, 0.36, 192.0, 0.0, 0.0, 0.0, 0.0, 0.0, 0.0, 0.0, 0.0, 0.0, 1.741146859178621E9, 0.0, 2025-03-04 21:54:19.178
6.0, -30419.651319939057, -10248.945385091947, -5734.854130131499, 18259.832949618452, -23386.38435439877, 11957.915062655815, 13898.314702309932, 32632.22815182545, 33166.45719605174, 1994.1555850691302, -4418.4481404361895, 27321.78894541132, -9267.54734129278, -3836.2746043532616, 2086.512993158459, 4062.4295547520587, -0.008, 0.916, 0.36, 192.0, 0.0, 0.0, 0.0, 0.0, 0.0, 0.0, 0.0, 0.0, 0.0, 1.741146859178858E9, 0.0, 2025-03-04 21:54:19.178
8.0, -30440.527849260314, -10264.3233852772, -5757.5411507536355, 18247.047751790018, -23272.50221639898, 11955.054039365536, 13870.799704885449, 32646.3544543212, 33283.93796490884, 2011.031152132887, -4424.326649227935, 27329.768518181863, -9275.862190230155, -3841.8625404670884, 2078.55577213237, 4059.3450140172263, -0.006, 0.896, 0.41600000000000004, 192.0, 127.5, 104.0, 14.0, 0.0, 6.5, 0.0, 0.0, 0.0, 0.0, 1.741146859179102E9, 0.0, 2025-03-04 21:54:19.179
10.0, -30438.940875403987, -10270.760687680327, -5760.312767066093, 18242.867975576875, -23513.297559416005, 11948.326164284488, 13865.234120516077, 32628.383651779135, 33198.643708067386, 1984.0302448308762, -4451.886350141329, 27290.92118631854, -9292.111908449162, -3874.205514693918, 2056.5393038438924, 4040.234272507939, -0.006, 0.896, 0.41600000000000004, 192.0, 0.0, 0.0, 0.0, 0.0, 0.0, 0.0, 0.0, 0.0, 0.0, 1.741146859179337E9, 0.0, 2025-03-04 21:54:19.179
12.0, -30442.69596847248, -10258.668393930006, -5754.61307222999, 18254.602641415913, -23344.13955737824, 11962.161894102323, 13842.50239640503, 32634.46332627098, 33321.533599082664, 2009.578288743292, -4427.858224851874, 27315.17282905255, -9281.763050766356, -3850.5126655712925, 2060.5179143569367, 4035.071019538763, -0.006, 0.896, 0.41600000000000004, 192.0, 0.0, 0.0, 0.0, 0.0, 0.0, 0.0, 0.0, 0.0, 0.0, 1.741146859179559E9, 0.0, 2025-03-04 21:54:19.179
14.0, -30435.36459629114, -10256.880254373582, -5753.6072437295015, 18250.445216947224, -23557.017571570585, 11945.93452762777, 13820.64239032774, 32607.842398624707, 33196.29677489958, 2011.2993730663507, -4441.582195947432, 27299.526607933833, -9281.718347277445, -3845.2823573687506, 2067.2457894379845, 4039.384906218637, -0.006, 0.896, 0.41600000000000004, 192.0, 0.0, 0.0, 0.0, 0.0, 0.0, 0.0, 0.0, 0.0, 0.0, 1.741146859179799E9, 0.0, 2025-03-04 21:54:19.179
16.0, -30432.995311378876, -10257.304937518233, -5752.444953017825, 18266.873749121874, -23386.33965090986, 11952.46123700872, 13829.73955032105, 32610.703421914986, 33182.058713681545, 2039.8649024802332, -4417.084684024416, 27322.280683789337, -9271.034213427809, -3840.923767199966, 2068.899818527677, 4040.9495283305087, -0.006, 0.896, 0.41600000000000004, 192.0, 0.0, 0.0, 0.0, 0.0, 0.0, 0.0, 0.0, 0.0, 0.0, 1.741146859237931E9, 0.0, 2025-03-04 21:54:19.237
18.0, -30436.30336955826, -10253.393382238553, -5752.444953017825, 18257.597775172922, -23579.52577823708, 11943.431132248776, 13813.758053035504, 32589.20104374898, 33119.764401884604, 2022.519948782915, -4438.944690101706, 27291.859959585665, -9291.419004371048, -3855.8323807516554, 2058.036870722398, 4037.708525384489, 0.004, 0.882, 0.44, 192.0, 0.0, 16.0, 13.5, 72.0, 6.5, 96.0, 0.0, 0.0, 0.0, 1.741146859238187E9, 0.0, 2025-03-04 21:54:19.238
20.0, -30433.911732901543, -10253.639251427561, -5751.66264196189, 18268.8630543784, -23365.351362866328, 11948.996716618147, 13794.736718504038, 32592.397343206092, 33082.03465724405, 2046.257501394451, -4410.222698476637, 27311.060108072772, -9270.7883442388, -3843.3154038566836, 2063.8483242807774, 4043.3188132427713, 0.004, 0.882, 0.44, 192.0, 0.0, 0.0, 0.0, 0.0, 0.0, 0.0, 0.0, 0.0, 0.0, 1.741146859238449E9, 0.0, 2025-03-04 21:54:19.238
22.0, -30436.482183513905, -10248.78892288076, -5752.7578774402, 18261.822254874976, -23550.7590831231, 11951.678925952785, 13803.92328547517, 32604.802561378787, 33105.95102381123, 2047.933882228599, -4425.287774239513, 27293.82691309773, -9274.565789051747, -3840.0296974217536, 2056.3381381437944, 4048.482066211947, 0.004, 0.882, 0.44, 192.0, 0.0, 0.0, 0.0, 0.0, 0.0, 0.0, 0.0, 0.0, 0.0, 1.741146859238668E9, 0.0, 2025-03-04 21:54:19.238
24.0, -30425.798049664267, -10250.375896737087, -5755.395383285926, 18265.443237476735, -23414.34638671236, 11944.928699127282, 13786.06424165538, 32598.722886886942, 33011.96193837666, 2055.6899375545904, -4411.541451399499, 27302.365279479658, -9264.373393580127, -3857.3746511190716, 2060.1826381901074, 4045.6880981550335, 0.004, 0.882, 0.44, 192.0, 0.0, 0.0, 0.0, 0.0, 0.0, 0.0, 0.0, 0.0, 0.0, 1.741146859238891E9, 0.0, 2025-03-04 21:54:19.238
26.0, -30434.425823024016, -10250.040620570258, -5766.057165391107, 18248.455911690704, -23569.981583354664, 11938.133768812868, 13783.136163131734, 32581.422636678537, 33073.6080495844, 2064.3400626587945, -4417.107035768871, 27296.6432328991, -9270.31895760524, -3839.1579793879964, 2053.9912049759873, 4042.51415044238, 0.004, 0.882, 0.44, 192.0, 0.0, 0.0, 0.0, 0.0, 0.0, 0.0, 0.0, 0.0, 0.0, 1.74114685923911E9, 0.0, 2025-03-04 21:54:19.239
28.0, -30456.30818084576, -10281.489525018875, -5790.018235447197, 18220.829155543943, -23388.53012186648, 11895.061957247492, 13748.513310970464, 32555.025226476817, 32980.24481299458, 2050.9737194745207, -4418.358733458368, 27287.903700817074, -9273.872884973633, -3864.9295407449654, 2036.3333268562947, 4023.515167655369, 0.002, 0.864, 0.444, 192.0, 0.0, 8.0, 13.5, 0.0, 6.5, 112.0, 0.0, 0.0, 0.0, 1.741146859239323E9, 0.0, 2025-03-04 21:54:19.239
30.0, -30454.296523844783, -10276.683899960983, -5776.853057963021, 18208.8486205159, -23529.65903635729, 11911.73635861115, 13763.1984070776, 32567.92218302753, 33138.74103292716, 2032.935861699088, -4432.842663865407, 27270.268174441837, -9289.02736771433, -3881.2463141973394, 2027.3926290741717, 4016.6531821075896, 0.002, 0.864, 0.444, 192.0, 0.0, 0.0, 0.0, 0.0, 0.0, 0.0, 0.0, 0.0, 0.0, 1.741146859299015E9, 0.0, 2025-03-04 21:54:19.299
32.0, -30449.580305764714, -10281.020138385313, -5773.254427105717, 18215.934123508232, -23397.806095815435, 11909.232963232156, 13728.62025840524, 32564.502366125867, 32982.748208373574, 2054.795867776378, -4420.996239304094, 27284.953270548973, -9273.939940206998, -3862.3814418770603, 2034.1428558996745, 4031.9864788039304, 0.002, 0.864, 0.444, 192.0, 0.0, 0.0, 0.0, 0.0, 0.0, 0.0, 0.0, 0.0, 0.0, 1.741146859299259E9, 0.0, 2025-03-04 21:54:19.299
34.0, -30448.842698197688, -10263.719888176905, -5748.309880293594, 18214.905943263286, -23489.917634715755, 11916.765501113594, 13730.967191573047, 32572.30312494077, 33200.78947553509, 2056.516952099437, -4432.060352809472, 27268.837662796697, -9284.869943245643, -3868.1258402020744, 2034.1875593885852, 4031.22651949245, 0.002, 0.864, 0.444, 192.0, 0.0, 0.0, 0.0, 0.0, 0.0, 0.0, 0.0, 0.0, 0.0, 1.74114685929949E9, 0.0, 2025-03-04 21:54:19.299
36.0, -30463.25957337136, -10293.335949580187, -5751.059144861597, 18208.915675749264, -23400.35419468334, 11889.25050368911, 13699.51828712443, 32554.66759856553, 33034.82777295444, 2063.0436614803866, -4444.867902382362, 27262.802691793764, -9274.11875416264, -3872.3503199041274, 2035.193387889074, 4025.7950455898103, 0.002, 0.864, 0.444, 192.0, 0.0, 0.0, 0.0, 0.0, 0.0, 0.0, 0.0, 0.0, 0.0, 1.741146859299731E9, 0.0, 2025-03-04 21:54:19.299
38.0, -30480.068085201754, -10303.595400285174, -5760.5362845106465, 18185.02166092654, -23438.933305613198, 11886.121259465368, 13666.504760563943, 32550.420767119023, 33291.269337090176, 2041.094248425275, -4476.450917297711, 27235.511211813835, -9278.812620498255, -3896.646666127046, 2015.0097626459317, 3995.843708019699, -0.01, 0.876, 0.438, 192.0, 127.5, 88.0, 13.5, 48.0, 6.5, 88.0, 0.0, 0.0, 0.0, 1.741146859300074E9, 0.0, 2025-03-04 21:54:19.300
40.0, -30468.22166064044, -10290.720795478916, -5745.739429681234, 18192.621254041347, -23393.089877735365, 11878.096983205913, 13656.2229581145, 32558.62385733412, 33087.64494510233, 2026.5432627848702, -4492.655932027809, 27227.464583809924, -9282.075975188729, -3897.3395702051607, 2011.2546695774402, 3996.6707225645455, -0.01, 0.876, 0.438, 192.0, 0.0, 0.0, 0.0, 0.0, 0.0, 0.0, 0.0, 0.0, 0.0, 1.741146859300326E9, 0.0, 2025-03-04 21:54:19.300
42.0, -30492.07097197425, -10301.382577584098, -5758.211703087295, 18163.742800205087, -23390.407668400727, 11852.191311382212, 13646.231728342978, 32539.803688502754, 33352.62487561999, 2049.610263062747, -4487.157402891803, 27240.272133382816, -9267.770858737333, -3881.6709973419906, 2010.450006777049, 4003.778577301333, -0.01, 0.876, 0.438, 192.0, 0.0, 0.0, 0.0, 0.0, 0.0, 0.0, 0.0, 0.0, 0.0, 1.74114685930058E9, 0.0, 2025-03-04 21:54:19.300
44.0, -30506.957233781486, -10335.893671023092, -5779.445860319836, 18136.563078947434, -23383.25511017503, 11829.10195935988, 13616.325094261778, 32535.892133223075, 33176.49312931218, 2026.16328312913, -4509.106815946915, 27203.70467945393, -9302.37135915415, -3912.9634395794205, 1988.1206140661973, 3980.0186729453417, -0.01, 0.876, 0.438, 192.0, 0.0, 0.0, 0.0, 0.0, 0.0, 0.0, 0.0, 0.0, 0.0, 1.741146859300801E9, 0.0, 2025-03-04 21:54:19.300
46.0, -30514.109792007184, -10331.892708765592, -5783.826802233077, 18114.9265903147, -23340.29505733193, 11824.72101744664, 13592.83341083925, 32508.690060220968, 33475.44771140191, 2032.064143665331, -4506.514013590099, 27211.52779001329, -9291.910742749065, -3913.2763640017947, 1985.7960326428454, 3975.816544987744, -0.01, 0.876, 0.438, 192.0, 0.0, 0.0, 0.0, 0.0, 0.0, 0.0, 0.0, 0.0, 0.0, 1.741146859358686E9, 0.0, 2025-03-04 21:54:19.358
48.0, -30531.90178059361, -10362.179322502532, -5822.092988740563, 18070.983060715564, -23394.185113213673, 11780.486915169588, 13542.67609628154, 32450.75433859281, 33283.31211606409, 2002.5598409843258, -4526.3400109219565, 27185.085676322662, -9317.883469806131, -3950.983756897898, 1962.7960875983345, 3948.458009774448, -0.024, 0.872, 0.442, 192.0, 127.5, 32.0, 13.5, 32.0, 6.5, 104.0, 0.0, 0.0, 0.0, 1.741146859358932E9, 0.0, 2025-03-04 21:54:19.358
50.0, -30537.221495773974, -10365.554435915285, -5827.7256283433, 18051.24647036153, -23307.23682728253, 11785.337243716389, 13573.83442805224, 32470.490928946845, 33548.62732274858, 2007.8348526757782, -4521.512034119611, 27192.8193799042, -9326.332429210237, -3972.5308385528137, 1960.6726718750801, 3932.3424020221714, -0.024, 0.872, 0.442, 192.0, 0.0, 0.0, 0.0, 0.0, 0.0, 0.0, 0.0, 0.0, 0.0, 1.741146859359174E9, 0.0, 2025-03-04 21:54:19.359
52.0, -30508.499504148902, -10337.972383257436, -5803.809261776121, 18072.480627594072, -23408.53493315398, 11825.235107569111, 13594.085108528747, 32516.24494984686, 33378.575250932605, 2025.9174139401216, -4511.789025281551, 27198.072039851195, -9302.684283576524, -3943.942957394476, 1984.1420035531526, 3970.0497949182745, -0.024, 0.872, 0.442, 192.0, 0.0, 0.0, 0.0, 0.0, 0.0, 0.0, 0.0, 0.0, 0.0, 1.741146859359412E9, 0.0, 2025-03-04 21:54:19.359
54.0, -30520.61414964368, -10364.928587070535, -5823.121168985506, 18033.56624049738, -23298.81021962288, 11800.938761346193, 13560.892768012616, 32481.62209768559, 33579.137453930074, 2043.9552717155543, -4481.770632478075, 27225.00589191984, -9284.892294990099, -3935.002259612353, 1995.4519862475381, 3980.4880595789027, -0.024, 0.872, 0.442, 192.0, 0.0, 0.0, 0.0, 0.0, 0.0, 0.0, 0.0, 0.0, 0.0, 1.741146859359624E9, 0.0, 2025-03-04 21:54:19.359
56.0, -30517.104925764197, -10358.625395134139, -5817.91321252742, 18025.72077819357, -23410.859514577332, 11797.161316533246, 13547.749942272896, 32461.639638142544, 33400.14468433198, 2022.8775766942, -4515.968801494694, 27195.926272383487, -9306.774652811844, -3939.204387569951, 1980.9457040960438, 3965.0877076491965, -0.029, 0.869, 0.444, 192.0, 127.0, 120.0, 13.5, 8.0, 6.5, 120.0, 0.0, 0.0, 0.0, 1.741146859359852E9, 0.0, 2025-03-04 21:54:19.359
58.0, -30534.069899805774, -10375.81388662027, -5830.988983033774, 17998.921036591655, -23219.327416339805, 11778.56466514643, 13532.282535109824, 32459.09153927464, 33576.768169017814, 2037.540321056881, -4510.917307247795, 27209.069098123207, -9307.60166735669, -3957.3540040676603, 1986.935971610066, 3957.4434110454813, -0.029, 0.869, 0.444, 192.0, 0.0, 0.0, 0.0, 0.0, 0.0, 0.0, 0.0, 0.0, 0.0, 1.741146859360113E9, 0.0, 2025-03-04 21:54:19.360
60.0, -30530.180696270552, -10367.141409771612, -5823.232927707783, 18001.491487204014, -23347.447615557627, 11784.75609836055, 13550.454503351988, 32471.09442604714, 33441.76363250776, 2022.229376104996, -4530.296269690546, 27182.604632688122, -9302.08078647623, -3959.0303849018082, 1988.0759105772868, 3959.2986058352717, -0.029, 0.869, 0.444, 192.0, 0.0, 0.0, 0.0, 0.0, 0.0, 0.0, 0.0, 0.0, 0.0, 1.741146859419554E9, 0.0, 2025-03-04 21:54:19.419
62.0, -30519.451858932003, -10361.084087024223, -5822.249450951749, 17996.439992957115, -23149.500566661427, 11784.353766960356, 13526.046398406792, 32448.139184491538, 33555.26579085181, 2040.580158302803, -4511.409045625812, 27201.402449775036, -9293.050681716286, -3954.1800563550064, 1987.8300413882782, 3956.750506967367, -0.029, 0.869, 0.444, 192.0, 0.0, 0.0, 0.0, 0.0, 0.0, 0.0, 0.0, 0.0, 0.0, 1.741146859419813E9, 0.0, 2025-03-04 21:54:19.419
64.0, -30504.163265724572, -10337.055961734768, -5804.971552487797, 18003.793716882912, -23307.125068560254, 11819.177784821724, 13546.766465516863, 32480.593917440645, 33435.88512371601, 2061.344928901783, -4501.015484454094, 27215.68521448198, -9275.102230918674, -3928.3861432535823, 2008.1477770981523, 3984.3102078807606, -0.029, 0.869, 0.444, 192.0, 0.0, 0.0, 0.0, 0.0, 0.0, 0.0, 0.0, 0.0, 0.0, 1.741146859420053E9, 0.0, 2025-03-04 21:54:19.420
66.0, -30496.18369295403, -10351.942223542002, -5814.716913070311, 17976.435181669614, -23083.965251918467, 11796.848392110873, 13505.706310952462, 32455.47055667288, 33495.541929667226, 2064.384766147705, -4481.636522011343, 27232.91840945702, -9278.633806542612, -3937.393896269071, 2013.6239544897026, 3986.903010237576, -0.0375, 0.8614999999999999, 0.449, 192.0, 127.0, 72.0, 13.0, 88.0, 7.0, 24.0, 0.0, 0.0, 0.0, 1.741146859420282E9, 0.0, 2025-03-04 21:54:19.420
68.0, -30486.70655330498, -10317.587592314196, -5790.979360458775, 17969.75201007748, -23249.03288472091, 11823.849299412883, 13511.428357533021, 32456.27521947327, 33469.122167721056, 2065.1000219702746, -4484.564600534988, 27225.184705875483, -9265.78155348081, -3928.743771164867, 2019.5918702592696, 3989.5852195722127, -0.0375, 0.8614999999999999, 0.449, 192.0, 0.0, 0.0, 0.0, 0.0, 0.0, 0.0, 0.0, 0.0, 0.0, 1.741146859420518E9, 0.0, 2025-03-04 21:54:19.420
70.0, -30490.573405095747, -10337.167720457044, -5796.008502961219, 17946.21562316604, -23061.94878362999, 11796.423708966222, 13512.43418603351, 32437.164477963983, 33481.549737638205, 2079.583952377314, -4458.301300800002, 27249.302238142758, -9253.01870739683, -3915.9585733364315, 2029.0019546749538, 4001.9457342559976, -0.0375, 0.8614999999999999, 0.449, 192.0, 0.0, 0.0, 0.0, 0.0, 0.0, 0.0, 0.0, 0.0, 0.0, 1.741146859420737E9, 0.0, 2025-03-04 21:54:19.420
72.0, -30488.852320772687, -10332.719723310438, -5777.970645185786, 17953.658754069656, -23234.995989202976, 11801.89988635777, 13527.67807575203, 32441.768937321776, 33490.91511856498, 2069.5927226057916, -4472.4499550402115, 27234.7289007579, -9253.130466119108, -3920.8983088610544, 2040.960137958543, 4016.5414233853135, -0.0375, 0.8614999999999999, 0.449, 192.0, 0.0, 0.0, 0.0, 0.0, 0.0, 0.0, 0.0, 0.0, 0.0, 1.741146859420955E9, 0.0, 2025-03-04 21:54:19.420
74.0, -30481.073913702243, -10338.62058384664, -5778.2612178637055, 17962.375934407228, -23074.89044366961, 11789.673482140719, 13528.907421697071, 32449.010902525297, 33439.17083015094, 2080.0309872664197, -4455.484980998634, 27249.57045907622, -9238.82534966771, -3918.2831547597834, 2046.3916118611828, 4018.5307286418356, -0.0375, 0.8614999999999999, 0.449, 192.0, 0.0, 0.0, 0.0, 0.0, 0.0, 0.0, 0.0, 0.0, 0.0, 1.74114685942117E9, 0.0, 2025-03-04 21:54:19.421
76.0, -30474.5919078102, -10318.168737670034, -5763.598473501024, 17966.287489686907, -23276.458475167572, 11805.766738148539, 13503.649950462575, 32470.334466735658, 33474.12895847904, 2079.0251587659313, -4453.741544931119, 27237.187592647984, -9244.480341014903, -3917.9255268484985, 2062.1495917021743, 4029.2819177248384, -0.053750000000000006, 0.8627499999999999, 0.4515, 192.0, 126.5, 104.0, 13.5, 0.0, 7.0, 24.0, 0.0, 0.0, 0.0, 1.741146859478357E9, 0.0, 2025-03-04 21:54:19.478
78.0, -30470.434483341516, -10310.815013744237, -5757.317633309082, 17981.30786196087, -23168.00781107042, 11816.80849990946, 13512.34477905569, 32485.332487265172, 33309.73187801026, 2105.579031178836, -4426.293602740002, 27263.942630760987, -9219.222869780406, -3892.6680556140013, 2085.373054191238, 4046.3362987442374, -0.053750000000000006, 0.8627499999999999, 0.4515, 192.0, 0.0, 0.0, 0.0, 0.0, 0.0, 0.0, 0.0, 0.0, 0.0, 1.741146859478633E9, 0.0, 2025-03-04 21:54:19.478
80.0, -30484.8960620041, -10332.943240754992, -5778.216514374794, 17935.777358505413, -23331.823746183367, 11795.194363021179, 13485.880313620606, 32456.006998539808, 33397.57423371962, 2088.904629815177, -4429.3110882414685, 27240.406243849546, -9236.411361266537, -3910.7506168783448, 2080.232152966518, 4037.2391387509274, -0.053750000000000006, 0.8627499999999999, 0.4515, 192.0, 0.0, 0.0, 0.0, 0.0, 0.0, 0.0, 0.0, 0.0, 0.0, 1.741146859478886E9, 0.0, 2025-03-04 21:54:19.478
82.0, -30476.424750855538, -10321.253278404865, -5772.002729416219, 17942.237012652997, -23240.82979450581, 11813.43338649671, 13504.43226151851, 32484.840748887153, 33169.11705364192, 2073.8172023078446, -4425.8465678508965, 27219.887342439575, -9221.480395970393, -3921.9935443393642, 2090.513955415959, 4032.32175497076, -0.053750000000000006, 0.8627499999999999, 0.4515, 192.0, 0.0, 0.0, 0.0, 0.0, 0.0, 0.0, 0.0, 0.0, 0.0, 1.741146859479107E9, 0.0, 2025-03-04 21:54:19.479
84.0, -30475.150701421586, -10298.253333360355, -5761.631519988957, 17937.185518406095, -23356.634182528756, 11829.05725587097, 13522.403064060578, 32492.37328676859, 33310.82711348857, 2110.2728975144505, -4423.521986427544, 27241.14385141657, -9220.318105258717, -3886.878953800077, 2123.795702909911, 4062.4966099854246, -0.053750000000000006, 0.8627499999999999, 0.4515, 192.0, 0.0, 0.0, 0.0, 0.0, 0.0, 0.0, 0.0, 0.0, 0.0, 1.741146859479335E9, 0.0, 2025-03-04 21:54:19.479
86.0, -30452.530736032815, -10307.596362542674, -5761.631519988957, 17937.945477717578, -23302.967644091565, 11811.198212051178, 13498.441994004488, 32478.04581857274, 33101.033640031055, 2102.7850631219226, -4414.2236607341365, 27246.418863108025, -9220.631029681092, -3910.1471197780515, 2127.394333767216, 4054.8523133817093, -0.066875, 0.8623749999999999, 0.45675, 192.0, 126.5, 64.0, 13.0, 120.0, 7.0, 56.0, 0.0, 0.0, 0.0, 1.741146859479565E9, 0.0, 2025-03-04 21:54:19.479
88.0, -30464.243050127396, -10294.408833314043, -5761.430354288859, 17931.910506714645, -23351.493281304036, 11837.953250164182, 13518.223287847435, 32504.95731889693, 33331.50247710973, 2116.4643307285705, -4404.567707129444, 27271.072837242227, -9217.501785457347, -3889.8293840681777, 2152.897674190721, 4079.61804623819, -0.066875, 0.8623749999999999, 0.45675, 192.0, 0.0, 0.0, 0.0, 0.0, 0.0, 0.0, 0.0, 0.0, 0.0, 1.741146859479808E9, 0.0, 2025-03-04 21:54:19.479
90.0, -30455.905849445564, -10312.04435968928, -5769.208761359306, 17916.487803040483, -23334.394196795725, 11810.885287628806, 13481.544075196276, 32473.977801081874, 33148.709910954225, 2099.6558188981794, -4413.217832233648, 27262.35565690466, -9220.899250614555, -3904.3803697085823, 2144.4934182755255, 4067.27988329886, -0.066875, 0.8623749999999999, 0.45675, 192.0, 0.0, 0.0, 0.0, 0.0, 0.0, 0.0, 0.0, 0.0, 0.0, 1.741146859538572E9, 0.0, 2025-03-04 21:54:19.538
92.0, -30452.97777092192, -10293.805336213749, -5759.28458682115, 17920.287599597883, -23303.928769103142, 11834.712247218162, 13472.983357069894, 32481.398580241035, 33476.23002245784, 2105.377865478738, -4400.700855338676, 27281.44404666949, -9206.504727185336, -3897.9877707943647, 2177.4622413471034, 4080.065081127296, -0.066875, 0.8623749999999999, 0.45675, 192.0, 0.0, 0.0, 0.0, 0.0, 0.0, 0.0, 0.0, 0.0, 0.0, 1.741146859538825E9, 0.0, 2025-03-04 21:54:19.538
94.0, -30440.59490449368, -10287.479792532897, -5752.556711740102, 17936.626724794714, -23325.364092035783, 11838.82496819794, 13479.24184551738, 32472.256716758817, 33322.53942758315, 2123.8180546543663, -4382.461831863146, 27300.621843412144, -9188.265703709807, -3863.2084564219067, 2194.9636572556087, 4101.031017426374, -0.066875, 0.8623749999999999, 0.45675, 192.0, 0.0, 0.0, 0.0, 0.0, 0.0, 0.0, 0.0, 0.0, 0.0, 1.741146859539053E9, 0.0, 2025-03-04 21:54:19.539
96.0, -30459.12450064713, -10294.297074591765, -5768.180581114362, 17914.36438731723, -23257.012457491455, 11839.20494785368, 13464.467342432421, 32473.642524915045, 33623.28214922931, 2119.8170923968664, -4398.10805298186, 27296.754991621376, -9208.15875627503, -3881.782756064267, 2181.507907093514, 4084.736595718455, -0.0754375, 0.8671875, 0.465375, 192.0, 126.5, 48.0, 13.5, 32.0, 7.0, 104.0, 0.0, 0.0, 0.0, 1.74114685953927E9, 0.0, 2025-03-04 21:54:19.539
98.0, -30441.757195205355, -10285.89281867657, -5758.882255420954, 17924.936762444588, -23323.195972823618, 11839.920203676249, 13469.362374468134, 32452.542478149237, 33456.82870827064, 2130.389467524227, -4401.460814650156, 27284.863863571154, -9202.146137016553, -3862.783773277256, 2198.7858055574666, 4103.467357572003, -0.0754375, 0.8671875, 0.465375, 192.0, 0.0, 0.0, 0.0, 0.0, 0.0, 0.0, 0.0, 0.0, 0.0, 1.741146859539518E9, 0.0, 2025-03-04 21:54:19.539
100.0, -30450.9884656654, -10297.985112426892, -5769.186409614851, 17913.24680009446, -23224.848297220266, 11845.48578804562, 13450.452798658944, 32496.865987404108, 33734.43737440555, 2134.703354204101, -4393.280076179513, 27298.856055600176, -9204.716587628913, -3860.392136620538, 2201.356256169827, 4102.8862122161645, -0.0754375, 0.8671875, 0.465375, 192.0, 0.0, 0.0, 0.0, 0.0, 0.0, 0.0, 0.0, 0.0, 0.0, 1.741146859539744E9, 0.0, 2025-03-04 21:54:19.539
102.0, -30454.765910478345, -10313.586630056696, -5780.630502775968, 17911.01162564893, -23291.99293756401, 11829.012552382059, 13463.930900565494, 32484.37136225359, 33617.537750904296, 2113.9162318606654, -4411.720265355142, 27281.354639691668, -9193.361901445616, -3876.172468205985, 2204.1725759711953, 4111.446930342547, -0.0754375, 0.8671875, 0.465375, 192.0, 0.0, 0.0, 0.0, 0.0, 0.0, 0.0, 0.0, 0.0, 0.0, 1.74114685953997E9, 0.0, 2025-03-04 21:54:19.539
104.0, -30466.32176236174, -10301.404929328553, -5775.623712017979, 17925.316742100327, -23131.932095519554, 11835.114578618357, 13452.285641704279, 32489.780484411778, 33901.11433280878, 2120.9793831085426, -4397.862183792851, 27297.850227099687, -9192.780756089778, -3875.4125088945043, 2221.919861068709, 4109.390569852659, -0.0754375, 0.8671875, 0.465375, 192.0, 0.0, 0.0, 0.0, 0.0, 0.0, 0.0, 0.0, 0.0, 0.0, 1.741146859540203E9, 0.0, 2025-03-04 21:54:19.540
106.0, -30451.614314510145, -10297.471022304419, -5771.600398016024, 17936.26909688343, -23263.762684316956, 11846.983354924127, 13470.837589602184, 32503.035068873774, 33819.083430657796, 2124.488606988026, -4381.2324859181035, 27305.181599281026, -9190.925561299988, -3855.564159818192, 2242.4834659675917, 4133.083418975284, -0.07571875, 0.8675937499999999, 0.4746875, 192.0, 126.5, 80.0, 13.5, 16.0, 7.5, 16.0, 0.0, 0.0, 0.0, 1.741146859600336E9, 0.0, 2025-03-04 21:54:19.600
108.0, -30462.387855337605, -10323.42139761703, -5797.215497161806, 17910.765756459925, -23115.57061857827, 11817.233183054112, 13445.557766623231, 32463.785405610255, 34072.37339882534, 2124.4662552435702, -4364.669843276721, 27309.808410383277, -9197.944009058954, -3869.0199099802867, 2244.0927915683737, 4128.098979961751, -0.07571875, 0.8675937499999999, 0.4746875, 192.0, 0.0, 0.0, 0.0, 0.0, 0.0, 0.0, 0.0, 0.0, 0.0, 1.741146859600617E9, 0.0, 2025-03-04 21:54:19.600
110.0, -30460.063273914253, -10308.713949765439, -5787.604247046023, 17925.897887456165, -23273.8433210663, 11838.892023431305, 13449.08934224717, 32469.261583001804, 34013.61066265233, 2109.3788277362382, -4372.068270691428, 27287.702535116976, -9211.265648754317, -3871.500953614826, 2247.222035792117, 4136.614994599223, -0.07571875, 0.8675937499999999, 0.4746875, 192.0, 0.0, 0.0, 0.0, 0.0, 0.0, 0.0, 0.0, 0.0, 0.0, 1.741146859600869E9, 0.0, 2025-03-04 21:54:19.600
112.0, -30470.166262408053, -10312.714912022939, -5798.95893322932, 17917.136003629686, -23109.11096443069, 11831.091264616403, 13448.284679446779, 32459.51622241929, 34201.74529573265, 2124.6227174547575, -4348.934215180185, 27305.31570974776, -9206.616485907613, -3856.458229596404, 2264.54463774498, 4159.279663476904, -0.07571875, 0.8675937499999999, 0.4746875, 192.0, 0.0, 0.0, 0.0, 0.0, 0.0, 0.0, 0.0, 0.0, 0.0, 1.741146859601089E9, 0.0, 2025-03-04 21:54:19.601
114.0, -30466.277058872827, -10309.362150354642, -5791.851078492532, 17912.665654738626, -23303.012347580476, 11835.047523384992, 13433.353714150635, 32452.6095333826, 34168.821176149984, 2116.9113656176764, -4350.074154147405, 27291.50233167438, -9210.05865455373, -3862.8955319995325, 2288.304542100971, 4185.453556234069, -0.07571875, 0.8675937499999999, 0.4746875, 192.0, 0.0, 0.0, 0.0, 0.0, 0.0, 0.0, 0.0, 0.0, 0.0, 1.741146859601312E9, 0.0, 2025-03-04 21:54:19.601
116.0, -30460.510308803357, -10306.858754975648, -5787.157212156918, 17923.506250799448, -23127.037063483844, 11839.62963099833, 13447.792941068763, 32460.700864875424, 34271.08040703302, 2127.7519616785007, -4320.838072399863, 27315.329291263737, -9192.646645623046, -3855.3853458625495, 2305.9624202206637, 4211.1804141021275, -0.069859375, 0.8587968749999999, 0.48434374999999996, 192.0, 127.0, 0.0, 13.0, 72.0, 7.5, 56.0, 0.0, 0.0, 0.0, 1.741146859601526E9, 0.0, 2025-03-04 21:54:19.601
118.0, -30461.247916370383, -10311.843193989182, -5792.678093037378, 17909.849334937255, -23325.252333313507, 11822.172918578735, 13447.99410676886, 32434.45991688489, 34269.5381366656, 2119.0124295964756, -4327.185967825171, 27312.155343551083, -9207.890535341565, -3847.2493108808176, 2299.1674899062505, 4227.318373598859, -0.069859375, 0.8587968749999999, 0.48434374999999996, 192.0, 0.0, 0.0, 0.0, 0.0, 0.0, 0.0, 0.0, 0.0, 0.0, 1.741146859601754E9, 0.0, 2025-03-04 21:54:19.601
120.0, -30468.22166064044, -10321.096816193678, -5805.150366443439, 17912.710358227534, -23160.810549355814, 11823.156395334769, 13450.586909125675, 32434.88460002954, 34284.73732289521, 2119.481816230037, -4318.379380509779, 27322.526552978346, -9205.811823107222, -3853.0607644391976, 2285.376463577326, 4231.699315512099, -0.069859375, 0.8587968749999999, 0.48434374999999996, 192.0, 0.0, 0.0, 0.0, 0.0, 0.0, 0.0, 0.0, 0.0, 0.0, 1.741146859659225E9, 0.0, 2025-03-04 21:54:19.659
122.0, -30460.443253569993, -10308.333970109697, -5793.393348859948, 17911.0786808823, -23343.536060277947, 11844.792883967506, 13431.856147272129, 32445.769899579278, 34336.191038631325, 2111.9269266041433, -4330.538729493467, 27297.939634077506, -9204.53777367327, -3857.24054065234, 2279.5203065300357, 4234.515635313468, -0.069859375, 0.8587968749999999, 0.48434374999999996, 192.0, 0.0, 0.0, 0.0, 0.0, 0.0, 0.0, 0.0, 0.0, 0.0, 1.741146859659468E9, 0.0, 2025-03-04 21:54:19.659
124.0, -30458.811576224754, -10311.41851084453, -5801.752901286233, 17914.54320127287, -23188.102029335743, 11841.596584510396, 13417.171051164993, 32441.52306813277, 34335.09580315302, 2131.70822044709, -4307.762301893509, 27314.479924974436, -9187.751613587334, -3844.209473634896, 2291.0538066689737, 4253.4475628671125, -0.069859375, 0.8587968749999999, 0.48434374999999996, 192.0, 0.0, 0.0, 0.0, 0.0, 0.0, 0.0, 0.0, 0.0, 0.0, 1.741146859659703E9, 0.0, 2025-03-04 21:54:19.659
126.0, -30472.960230464963, -10311.306752122255, -5801.864660008509, 17900.573360988303, -23361.886842475757, 11836.790959452506, 13422.803690767729, 32433.565847106678, 34468.178089639914, 2121.448769742104, -4328.035334114473, 27292.329346219227, -9199.888610826565, -3857.4193546079823, 2276.7039867286667, 4242.182283661638, -0.0609296875, 0.8523984375, 0.489171875, 192.0, 127.0, 48.0, 13.0, 56.0, 7.5, 56.0, 0.0, 0.0, 0.0, 1.741146859659942E9, 0.0, 2025-03-04 21:54:19.659
128.0, -30481.833873013722, -10327.958801741457, -5814.560450859124, 17898.896980154157, -23247.80353877587, 11825.883308158316, 13398.417937566988, 32434.75048956281, 34411.09173430106, 2126.8578919002885, -4322.872081145297, 27305.650985914588, -9206.169451018506, -3850.5797208046583, 2274.4688122831362, 4240.483551083034, -0.0609296875, 0.8523984375, 0.489171875, 192.0, 0.0, 0.0, 0.0, 0.0, 0.0, 0.0, 0.0, 0.0, 0.0, 1.741146859660168E9, 0.0, 2025-03-04 21:54:19.660
130.0, -30476.82708225573, -10315.821804502226, -5805.798567032643, 17890.984462616976, -23407.573808142402, 11830.443064027198, 13402.955341691417, 32434.728137818354, 34569.140919344536, 2101.8239381103444, -4353.024584415506, 27279.052410012773, -9224.631991938591, -3870.919808258988, 2251.7817916609993, 4226.804283476386, -0.0609296875, 0.8523984375, 0.489171875, 192.0, 0.0, 0.0, 0.0, 0.0, 0.0, 0.0, 0.0, 0.0, 0.0, 1.741146859660391E9, 0.0, 2025-03-04 21:54:19.660
132.0, -30472.379085109125, -10313.094891678678, -5805.396235632448, 17903.859067423233, -23319.910266388688, 11838.266174586555, 13403.3129696027, 32429.18490519344, 34483.01964795824, 2126.6120227112797, -4337.534825507978, 27306.433296970525, -9210.259820253828, -3848.14338065903, 2253.9275591287087, 4236.9519754590965, -0.0609296875, 0.8523984375, 0.489171875, 192.0, 0.0, 0.0, 0.0, 0.0, 0.0, 0.0, 0.0, 0.0, 0.0, 1.741146859660633E9, 0.0, 2025-03-04 21:54:19.660
134.0, -30472.35673336467, -10307.171679398023, -5794.734453527267, 17893.130230084687, -23462.313230313448, 11839.316706575955, 13391.846524697128, 32424.04400396872, 34681.59254569919, 2116.1961097951066, -4352.152866381749, 27295.749163120887, -9210.438634209471, -3857.4193546079823, 2241.678803167201, 4226.826635220842, -0.0609296875, 0.8523984375, 0.489171875, 192.0, 0.0, 0.0, 0.0, 0.0, 0.0, 0.0, 0.0, 0.0, 0.0, 1.741146859660854E9, 0.0, 2025-03-04 21:54:19.660
136.0, -30477.922317734043, -10316.961743469446, -5803.138709442462, 17901.065099366322, -23398.811924315924, 11821.256497056067, 13359.436495236934, 32402.631032780533, 34544.62105567707, 2118.900670874199, -4352.264625104025, 27299.5936631672, -9210.595096420659, -3851.384383605049, 2242.505817712047, 4215.539004270912, -0.05746484375, 0.8551992187499999, 0.4885859375, 192.0, 127.0, 40.0, 13.0, 104.0, 7.5, 32.0, 0.0, 0.0, 0.0, 1.741146859718536E9, 0.0, 2025-03-04 21:54:19.718
138.0, -30490.863977773664, -10311.485566077896, -5802.803433275632, 17886.424706748094, -23468.147035616286, 11826.643267469797, 13357.335431258134, 32406.11790491556, 34803.186035536055, 2118.0513045848975, -4371.285959635492, 27284.34977344868, -9222.620334937614, -3863.9013605000214, 2220.7799221014884, 4196.092986594795, -0.05746484375, 0.8551992187499999, 0.4885859375, 192.0, 0.0, 0.0, 0.0, 0.0, 0.0, 0.0, 0.0, 0.0, 0.0, 1.741146859718795E9, 0.0, 2025-03-04 21:54:19.718
140.0, -30475.530681077325, -10318.70517953696, -5800.031816963175, 17899.612235976725, -23482.49685555659, 11826.91148840326, 13352.26158526678, 32419.66306205548, 34620.39346938056, 2110.3176010033612, -4371.218904402126, 27271.11754073114, -9199.642741637557, -3866.672976812479, 2223.730352369589, 4197.54584998439, -0.05746484375, 0.8551992187499999, 0.4885859375, 192.0, 0.0, 0.0, 0.0, 0.0, 0.0, 0.0, 0.0, 0.0, 0.0, 1.741146859719024E9, 0.0, 2025-03-04 21:54:19.719
142.0, -30496.18369295403, -10306.590534042185, -5807.653761822434, 17899.567532487814, -23504.31215814497, 11857.779247496039, 13360.375268504056, 32436.203352952405, 34862.01582694243, 2110.8763946147437, -4380.740747540087, 27261.10395921516, -9211.511517943325, -3863.7672500332897, 2212.4874249085697, 4187.085233579306, -0.05746484375, 0.8551992187499999, 0.4885859375, 192.0, 0.0, 0.0, 0.0, 0.0, 0.0, 0.0, 0.0, 0.0, 0.0, 1.741146859719255E9, 0.0, 2025-03-04 21:54:19.719
144.0, -30488.919376006055, -10315.128900424112, -5813.822843292099, 17911.525715771404, -23537.213925983182, 11850.492578803609, 13351.635736422031, 32444.8087745677, 34656.49153667588, 2129.89772914621, -4376.024529460016, 27257.550031846768, -9213.25495401084, -3844.2541771238066, 2217.673029622201, 4202.552640742379, -0.05746484375, 0.8551992187499999, 0.4885859375, 192.0, 0.0, 0.0, 0.0, 0.0, 0.0, 0.0, 0.0, 0.0, 0.0, 1.74114685971948E9, 0.0, 2025-03-04 21:54:19.719
146.0, -30510.84643731671, -10344.543796127296, -5838.700334870856, 17873.21482577501, -23504.781544778532, 11831.024209383037, 13308.362759156556, 32400.909948457476, 34877.86321376124, 2108.060074813375, -4387.401567387768, 27241.30031362776, -9230.175224563507, -3873.5796658491695, 2196.5953346008464, 4173.473021206024, -0.050732421875, 0.861599609375, 0.48429296875, 192.0, 127.0, 80.0, 13.5, 16.0, 7.5, 0.0, 0.0, 0.0, 0.0, 1.741146859719708E9, 0.0, 2025-03-04 21:54:19.719
148.0, -30496.071934231753, -10326.215365673945, -5830.0949132555625, 17893.420802762605, -23580.598661970933, 11845.016401412058, 13316.990532516305, 32408.50954157228, 34649.76366159483, 2092.5256124169364, -4390.240238933592, 27229.63270302209, -9220.854547125644, -3878.5194013737923, 2194.404863644226, 4168.175657770116, -0.050732421875, 0.861599609375, 0.48429296875, 192.0, 0.0, 0.0, 0.0, 0.0, 0.0, 0.0, 0.0, 0.0, 0.0, 1.74114685971996E9, 0.0, 2025-03-04 21:54:19.719
150.0, -30510.824085572254, -10333.077351221724, -5842.991869806275, 17884.63656719167, -23509.207190180685, 11837.573270508441, 13302.126622453527, 32385.062561638664, 34859.49007981898, 2115.32439176135, -4369.698985779165, 27260.120482459126, -9225.168433805518, -3869.936331502954, 2193.8460700328437, 4180.469117220535, -0.050732421875, 0.861599609375, 0.48429296875, 192.0, 0.0, 0.0, 0.0, 0.0, 0.0, 0.0, 0.0, 0.0, 0.0, 1.741146859779193E9, 0.0, 2025-03-04 21:54:19.779
152.0, -30503.068030246264, -10333.546737855284, -5837.940375559375, 17885.1730090586, -23622.28466538008, 11830.15249134928, 13305.457032377368, 32359.805090404167, 34671.60131592766, 2105.7801968789336, -4373.230561403103, 27251.96209573294, -9221.346285503661, -3861.777944776767, 2189.4204246306927, 4177.719852652533, -0.050732421875, 0.861599609375, 0.48429296875, 192.0, 0.0, 0.0, 0.0, 0.0, 0.0, 0.0, 0.0, 0.0, 0.0, 1.741146859779473E9, 0.0, 2025-03-04 21:54:19.779
154.0, -30505.347908180705, -10328.584650586206, -5841.784875605688, 17879.093334566754, -23542.198364996715, 11842.20008161069, 13294.258808405259, 32369.528099242223, 34882.557080096856, 2120.7111621750787, -4360.199494385659, 27273.956212276964, -9221.346285503661, -3859.0957354421303, 2184.726558295078, 4171.416660716136, -0.050732421875, 0.861599609375, 0.48429296875, 192.0, 0.0, 0.0, 0.0, 0.0, 0.0, 0.0, 0.0, 0.0, 0.0, 1.74114685977973E9, 0.0, 2025-03-04 21:54:19.779
156.0, -30507.29250994832, -10334.038476233301, -5848.915082086931, 17879.316852011307, -23703.10857333047, 11840.948383921193, 13309.480346379321, 32359.000427603776, 34722.00449967438, 2121.873452886755, -4371.15184916876, 27265.373142406126, -9228.610602451636, -3852.613729550091, 2184.1007094503298, 4185.408852745158, -0.0423662109375, 0.8607998046875001, 0.480146484375, 192.0, 127.0, 120.0, 13.0, 112.0, 7.0, 112.0, 0.0, 0.0, 0.0, 1.74114685977997E9, 0.0, 2025-03-04 21:54:19.779
158.0, -30509.974719282953, -10340.47577863643, -5851.820808866121, 17865.905805338123, -23593.853246432933, 11841.86480544386, 13279.4843053203, 32364.49895673978, 34905.35585944127, 2122.856929642788, -4375.845715504374, 27265.976639506418, -9230.421093752515, -3856.4805813408593, 2175.249418646028, 4164.375861212714, -0.0423662109375, 0.8607998046875001, 0.480146484375, 192.0, 0.0, 0.0, 0.0, 0.0, 0.0, 0.0, 0.0, 0.0, 0.0, 1.741146859780212E9, 0.0, 2025-03-04 21:54:19.780
160.0, -30512.098135006207, -10327.802339530272, -5844.690602384878, 17878.95922410002, -23777.964565511294, 11847.028058413036, 13261.848778945063, 32352.11609031154, 34778.241488723936, 2115.36909525026, -4385.367558642335, 27258.667619069533, -9227.470663484415, -3860.3474331316274, 2184.078357705874, 4175.618788673733, -0.0423662109375, 0.8607998046875001, 0.480146484375, 192.0, 0.0, 0.0, 0.0, 0.0, 0.0, 0.0, 0.0, 0.0, 0.0, 1.741146859780422E9, 0.0, 2025-03-04 21:54:19.780
162.0, -30529.130164281152, -10346.398990917087, -5862.773163649222, 17866.218729760498, -23621.457650835237, 11820.273020300034, 13233.439711742367, 32312.933482281387, 34905.55702514137, 2118.4312842406375, -4390.4861081226, 27264.41201739455, -9237.774817678312, -3871.2774361702727, 2168.052156931419, 4145.756858081443, -0.0423662109375, 0.8607998046875001, 0.480146484375, 192.0, 0.0, 0.0, 0.0, 0.0, 0.0, 0.0, 0.0, 0.0, 0.0, 1.741146859780631E9, 0.0, 2025-03-04 21:54:19.780
164.0, -30527.342024724727, -10345.884900794614, -5859.196884536372, 17871.20316877403, -23829.418281247414, 11838.19911935319, 13251.09758986206, 32357.12288106953, 34791.11609353019, 2106.964839335065, -4406.758178086064, 27248.363464875638, -9242.580442736202, -3871.7021193149235, 2168.09686042033, 4153.267044218426, -0.0423662109375, 0.8607998046875001, 0.480146484375, 192.0, 0.0, 0.0, 0.0, 0.0, 0.0, 0.0, 0.0, 0.0, 0.0, 1.741146859780868E9, 0.0, 2025-03-04 21:54:19.780
166.0, -30522.33523396674, -10342.42038040404, -5863.823695638621, 17879.24979677794, -23673.805436349565, 11840.00961065407, 13252.617508485022, 32345.25410476376, 34822.85557065673, 2113.6256591827464, -4391.424881389723, 27265.663715084043, -9238.35596303415, -3882.0509769977307, 2165.481706319059, 4153.468209918525, -0.036183105468750004, 0.8603999023437501, 0.4760732421875, 192.0, 127.5, 8.0, 13.0, 112.0, 7.0, 96.0, 0.0, 0.0, 0.0, 1.741146859839113E9, 0.0, 2025-03-04 21:54:19.839
168.0, -30525.57623691276, -10345.504921138874, -5870.797439908676, 17869.05740130632, -23884.358869118558, 11841.037790899014, 13241.24047055727, 32317.11325849453, 34795.49703544343, 2111.0775603148413, -4396.096395980882, 27258.48880511389, -9245.597928237668, -3851.4067353495047, 2163.581808040358, 4157.089192520284, -0.036183105468750004, 0.8603999023437501, 0.4760732421875, 192.0, 0.0, 0.0, 0.0, 0.0, 0.0, 0.0, 0.0, 0.0, 0.0, 1.741146859839382E9, 0.0, 2025-03-04 21:54:19.839
170.0, -30513.573350140257, -10333.926717511025, -5861.208541537349, 17888.235198048973, -23731.361178321982, 11848.659735758274, 13241.374581024002, 32319.259025962238, 34772.54179388783, 2115.972592350554, -4381.545410340477, 27268.837662796697, -9235.651401955058, -3861.5097238433036, 2151.0648311453856, 4142.806427813342, -0.036183105468750004, 0.8603999023437501, 0.4760732421875, 192.0, 0.0, 0.0, 0.0, 0.0, 0.0, 0.0, 0.0, 0.0, 0.0, 1.741146859839631E9, 0.0, 2025-03-04 21:54:19.839
172.0, -30512.075783261753, -10320.269801648832, -5844.578843662602, 17896.415936519617, -23913.438488654912, 11865.82587549995, 13256.216139342325, 32342.79541287368, 34804.8177128813, 2135.4186100266706, -4374.348148625869, 27278.001878023373, -9217.30061975725, -3835.8275694641557, 2174.0647761898967, 4177.295169507882, -0.036183105468750004, 0.8603999023437501, 0.4760732421875, 192.0, 0.0, 0.0, 0.0, 0.0, 0.0, 0.0, 0.0, 0.0, 0.0, 1.741146859839846E9, 0.0, 2025-03-04 21:54:19.839
174.0, -30500.98931801192, -10323.846080761681, -5844.645898895968, 17896.88532315318, -23789.43101041687, 11849.307936347477, 13222.397949981447, 32300.61767108651, 34765.92567752906, 2142.481761274548, -4356.690270506176, 27287.97075605044, -9211.73503538788, -3841.7731334892674, 2168.432136587159, 4166.611035658245, -0.036183105468750004, 0.8603999023437501, 0.4760732421875, 192.0, 0.0, 0.0, 0.0, 0.0, 0.0, 0.0, 0.0, 0.0, 0.0, 1.741146859840078E9, 0.0, 2025-03-04 21:54:19.840
176.0, -30502.50923663488, -10320.582726071207, -5835.682849369389, 17894.292520796364, -24003.85129497663, 11855.34290735041, 13230.399874496447, 32312.911130536933, 34821.93914913406, 2139.218406584073, -4370.9059799797515, 27281.30993620276, -9201.520288171803, -3845.8635027245887, 2167.403956342215, 4170.25437000446, -0.031091552734375003, 0.8571999511718751, 0.47003662109375, 192.0, 127.5, 24.0, 13.0, 88.0, 7.0, 64.0, 0.0, 0.0, 0.0, 1.741146859840316E9, 0.0, 2025-03-04 21:54:19.840
178.0, -30508.298338448807, -10328.428188375019, -5839.549701160157, 17901.53448599988, -23885.230587152313, 11854.471189316653, 13209.99273180875, 32315.593339871568, 34713.06380189226, 2143.8228659418664, -4367.083831677894, 27292.642270641598, -9202.459061438925, -3829.4796740388483, 2165.280540618961, 4172.690710150088, -0.031091552734375003, 0.8571999511718751, 0.47003662109375, 192.0, 0.0, 0.0, 0.0, 0.0, 0.0, 0.0, 0.0, 0.0, 0.0, 1.741146859840547E9, 0.0, 2025-03-04 21:54:19.840
180.0, -30513.79686758481, -10329.836348275703, -5836.465160425325, 17887.519942226405, -24024.70547255343, 11855.722887006152, 13196.335815946559, 32282.937441222366, 34833.45029752854, 2133.608118725791, -4388.385044143802, 27275.565537877745, -9216.227736023395, -3839.6720695104686, 2143.5322932639474, 4157.960910554041, -0.031091552734375003, 0.8571999511718751, 0.47003662109375, 192.0, 0.0, 0.0, 0.0, 0.0, 0.0, 0.0, 0.0, 0.0, 0.0, 1.741146859898936E9, 0.0, 2025-03-04 21:54:19.898
182.0, -30508.186579726527, -10329.635182575606, -5830.541948144669, 17903.9261226566, -23926.380148694534, 11858.87448297435, 13195.642911868443, 32283.406827855928, 34652.132946507096, 2149.209636355595, -4375.175163170715, 27286.674354872033, -9199.575686404192, -3827.244499593318, 2151.2659968454836, 4165.247579246471, -0.031091552734375003, 0.8571999511718751, 0.47003662109375, 192.0, 0.0, 0.0, 0.0, 0.0, 0.0, 0.0, 0.0, 0.0, 0.0, 1.741146859899186E9, 0.0, 2025-03-04 21:54:19.899
184.0, -30511.60639662819, -10327.735284296905, -5830.206671977839, 17883.474276479992, -24028.438213877467, 11866.339965622421, 13197.028720024673, 32302.986955998775, 34808.48339897196, 2129.8753774017546, -4403.2489542065805, 27266.87070928463, -9210.081006298185, -3848.791581248234, 2133.3622495367827, 4152.931768051597, -0.031091552734375003, 0.8571999511718751, 0.47003662109375, 192.0, 0.0, 0.0, 0.0, 0.0, 0.0, 0.0, 0.0, 0.0, 0.0, 1.741146859899401E9, 0.0, 2025-03-04 21:54:19.899
186.0, -30501.548111623302, -10319.0851591927, -5829.290250455171, 17902.78618368938, -23974.279937062256, 11869.11158193488, 13192.42426066688, 32297.242557673762, 34589.056323654215, 2149.7237264780674, -4384.920523753229, 27286.942575805497, -9195.57472414669, -3826.3727815595607, 2149.0084706554976, 4176.266989262937, -0.0315457763671875, 0.8605999755859375, 0.46301831054687503, 192.0, 127.5, 0.0, 13.5, 0.0, 7.0, 32.0, 0.0, 0.0, 0.0, 1.741146859899637E9, 0.0, 2025-03-04 21:54:19.899
188.0, -30518.84836183171, -10329.635182575606, -5838.946204059864, 17884.10012532474, -24031.455699378934, 11856.996936440104, 13167.546769088123, 32264.229031113275, 34795.80995986581, 2151.7130317345895, -4390.262590678048, 27285.78028509382, -9207.331741730182, -3830.843130450622, 2133.831636170344, 4163.705308879055, -0.0315457763671875, 0.8605999755859375, 0.46301831054687503, 192.0, 0.0, 0.0, 0.0, 0.0, 0.0, 0.0, 0.0, 0.0, 0.0, 1.741146859899858E9, 0.0, 2025-03-04 21:54:19.899
190.0, -30499.335288922226, -10322.169699927534, -5826.496282398258, 17902.808535433833, -24013.820173003696, 11865.580006310942, 13158.091981183528, 32266.91124044791, 34603.13792266106, 2146.214502598584, -4396.834003547908, 27276.996049522884, -9202.861392839122, -3836.341659586628, 2129.6295082127463, 4159.167904754628, -0.0315457763671875, 0.8605999755859375, 0.46301831054687503, 192.0, 0.0, 0.0, 0.0, 0.0, 0.0, 0.0, 0.0, 0.0, 0.0, 1.741146859900088E9, 0.0, 2025-03-04 21:54:19.900
192.0, -30519.317748465273, -10328.249374419376, -5832.911233056931, 17893.01847136241, -24010.579170057677, 11867.97164296766, 13163.903434741907, 32278.04240918665, 34822.87792240118, 2155.1999038696176, -4389.77085230003, 27286.16026474956, -9204.761291117822, -3833.145360129519, 2133.7645809369783, 4163.995881556974, -0.0315457763671875, 0.8605999755859375, 0.46301831054687503, 192.0, 0.0, 0.0, 0.0, 0.0, 0.0, 0.0, 0.0, 0.0, 0.0, 1.741146859900334E9, 0.0, 2025-03-04 21:54:19.900
194.0, -30509.818257071765, -10321.052112704769, -5828.910270799431, 17914.051462894855, -24030.18164994498, 11883.036718730536, 13156.639117793933, 32279.607031298525, 34618.89590250205, 2148.628490999757, -4391.961323256651, 27268.994125007885, -9199.419224193005, -3833.435932807438, 2137.6984879611123, 4167.259236247449, -0.0315457763671875, 0.8605999755859375, 0.46301831054687503, 192.0, 0.0, 0.0, 0.0, 0.0, 0.0, 0.0, 0.0, 0.0, 0.0, 1.741146859900549E9, 0.0, 2025-03-04 21:54:19.900
196.0, -30512.299300706305, -10316.715874280439, -5834.051172024152, 17904.596674990258, -23989.4120680585, 11879.125163450857, 13138.534204785134, 32264.229031113275, 34913.89422582319, 2159.9161219496873, -4380.338416139891, 27278.426561168024, -9196.222924735896, -3828.2503280938067, 2137.832598427844, 4166.29811123587, -0.035772888183593754, 0.8662999877929687, 0.4575091552734375, 192.0, 127.0, 96.0, 13.5, 32.0, 7.0, 16.0, 0.0, 0.0, 0.0, 1.741146859959155E9, 0.0, 2025-03-04 21:54:19.959
198.0, -30531.387690471136, -10350.355249685676, -5857.788724635688, 17894.381927774182, -24050.72290309941, 11854.448837572198, 13112.114442838962, 32237.541048233637, 34746.90434299759, 2152.85297070181, -4389.614390088844, 27270.268174441837, -9206.48237544088, -3830.0384676502313, 2138.056115872397, 4169.673224648622, -0.035772888183593754, 0.8662999877929687, 0.4575091552734375, 192.0, 0.0, 0.0, 0.0, 0.0, 0.0, 0.0, 0.0, 0.0, 0.0, 1.741146859959432E9, 0.0, 2025-03-04 21:54:19.959
200.0, -30524.793925856822, -10330.864528520648, -5840.779047105199, 17899.902808654646, -23954.208070541394, 11873.224302914656, 13116.093053352006, 32242.19021108034, 35013.3147851604, 2133.8539879147993, -4404.411244918257, 27259.896965014574, -9223.8273291382, -3854.290110384239, 2117.8501388847994, 4146.114485992728, -0.035772888183593754, 0.8662999877929687, 0.4575091552734375, 192.0, 0.0, 0.0, 0.0, 0.0, 0.0, 0.0, 0.0, 0.0, 0.0, 1.741146859959656E9, 0.0, 2025-03-04 21:54:19.959
202.0, -30505.325556436248, -10327.42235987453, -5830.720762100311, 17910.40812854864, -24077.85792086815, 11867.546959823008, 13098.703396165776, 32209.444905453314, 34819.30164328833, 2165.0346714299526, -4382.908866752251, 27277.845415812186, -9196.446442180448, -3822.729447213346, 2150.416630556182, 4178.59157068629, -0.035772888183593754, 0.8662999877929687, 0.4575091552734375, 192.0, 0.0, 0.0, 0.0, 0.0, 0.0, 0.0, 0.0, 0.0, 0.0, 1.741146859959876E9, 0.0, 2025-03-04 21:54:19.959
204.0, -30527.319672980273, -10337.011258245857, -5840.086143027084, 17905.289579068372, -23939.970009323362, 11875.414773871276, 13085.292349492593, 32229.33795801854, 35009.9620234921, 2161.7936684839333, -4382.417128374234, 27273.86680529914, -9186.522267642293, -3851.8984737275214, 2139.5536827509027, 4146.360355181737, -0.035772888183593754, 0.8662999877929687, 0.4575091552734375, 192.0, 0.0, 0.0, 0.0, 0.0, 0.0, 0.0, 0.0, 0.0, 0.0, 1.741146859960095E9, 0.0, 2025-03-04 21:54:19.960
206.0, -30527.36437646918, -10346.600156617184, -5838.923852315409, 17908.485878525484, -24054.880327568095, 11877.11350644988, 13103.486669479213, 32256.942362420843, 34864.87685023271, 2152.383584068249, -4392.743634312586, 27262.06508422674, -9192.601942134135, -3834.5311682857478, 2151.7800869679554, 4168.801506614865, -0.03788644409179688, 0.8721499938964843, 0.4577545776367188, 192.0, 127.0, 96.0, 13.5, 56.0, 7.0, 40.0, 0.0, 0.0, 0.0, 1.741146859960309E9, 0.0, 2025-03-04 21:54:19.960
208.0, -30532.415870716082, -10348.589461873706, -5833.738247601777, 17911.525715771404, -23880.514369072243, 11887.931750766249, 13115.713073696264, 32271.649810272436, 35048.89876233325, 2158.99970042702, -4381.634817318299, 27277.73365708991, -9194.881820068576, -3833.9053194409994, 2164.3864708407486, 4172.333082238803, -0.03788644409179688, 0.8721499938964843, 0.4577545776367188, 192.0, 0.0, 0.0, 0.0, 0.0, 0.0, 0.0, 0.0, 0.0, 0.0, 1.741146859960539E9, 0.0, 2025-03-04 21:54:19.960
210.0, -30519.675376376556, -10341.682772837017, -5822.2270992072945, 17916.085471640286, -24047.258382708835, 11896.492468892631, 13113.209678317271, 32256.09299613154, 34919.303347981375, 2156.541008536936, -4379.645512061777, 27274.984392521907, -9181.738994328856, -3825.523415270259, 2186.022959473486, 4197.478794751024, -0.03788644409179688, 0.8721499938964843, 0.4577545776367188, 192.0, 0.0, 0.0, 0.0, 0.0, 0.0, 0.0, 0.0, 0.0, 0.0, 1.74114686001955E9, 0.0, 2025-03-04 21:54:20.019
212.0, -30530.247751503917, -10357.53015965583, -5829.491416155269, 17900.9756923885, -23843.075197109607, 11880.64508207382, 13085.717032637243, 32227.147487061917, 35054.01731181351, 2160.8101917278996, -4368.29082587848, 27293.15636076407, -9186.477564153382, -3830.485502539337, 2192.8178897878993, 4192.539059226401, -0.03788644409179688, 0.8721499938964843, 0.4577545776367188, 192.0, 0.0, 0.0, 0.0, 0.0, 0.0, 0.0, 0.0, 0.0, 0.0, 1.7411468600198E9, 0.0, 2025-03-04 21:54:20.019
214.0, -30531.387690471136, -10352.612775875661, -5821.109511984529, 17897.980558631487, -24004.387736843557, 11881.136820451835, 13083.772430869632, 32219.078507313552, 34963.58215374734, 2141.319470562872, -4378.527924839011, 27271.274002942326, -9181.135497228563, -3841.259043366795, 2202.250325948039, 4198.708140696066, -0.03788644409179688, 0.8721499938964843, 0.4577545776367188, 192.0, 0.0, 0.0, 0.0, 0.0, 0.0, 0.0, 0.0, 0.0, 0.0, 1.74114686002006E9, 0.0, 2025-03-04 21:54:20.020
216.0, -30542.742376654434, -10365.129752770634, -5831.458369667336, 17893.197285318052, -23808.653510648433, 11876.867637260872, 13072.104820263961, 32203.27582398365, 35004.0611629559, 2144.001679897509, -4373.990520714584, 27274.380895421615, -9197.541677658759, -3842.2872236117396, 2208.15118648424, 4192.2261348040265, -0.03394322204589844, 0.8690749969482421, 0.46187728881835943, 192.0, 127.5, 8.0, 13.5, 8.0, 7.0, 72.0, 0.0, 0.0, 0.0, 1.741146860020274E9, 0.0, 2025-03-04 21:54:20.020
218.0, -30531.14182128213, -10342.465083892952, -5813.934602014376, 17901.288616810874, -23989.65793724751, 11903.555620140509, 13083.861837847453, 32215.010489822685, 34957.65894146668, 2140.1348281067408, -4383.780584786008, 27260.54516560378, -9191.10437525563, -3840.722601499868, 2230.949965828653, 4204.206669832071, -0.03394322204589844, 0.8690749969482421, 0.46187728881835943, 192.0, 0.0, 0.0, 0.0, 0.0, 0.0, 0.0, 0.0, 0.0, 0.0, 1.741146860020506E9, 0.0, 2025-03-04 21:54:20.020
220.0, -30538.786117885844, -10360.078258523734, -5825.19988121985, 17896.170067330608, -23825.01498758972, 11895.553695625507, 13072.283634219604, 32205.354536217994, 34933.76492664396, 2156.3621945812934, -4362.725241509109, 27281.77932283632, -9175.43580239246, -3833.391229318527, 2257.213265563639, 4214.443768792602, -0.03394322204589844, 0.8690749969482421, 0.46187728881835943, 192.0, 0.0, 0.0, 0.0, 0.0, 0.0, 0.0, 0.0, 0.0, 0.0, 1.741146860020738E9, 0.0, 2025-03-04 21:54:20.020
222.0, -30524.704518879, -10340.699296080982, -5809.151328700939, 17901.422727277604, -23998.576283285176, 11921.258201749111, 13079.749116867677, 32214.38464097794, 34930.74744114249, 2145.4545432871037, -4375.890418993285, 27254.644305067577, -9172.843000035644, -3848.52336031477, 2250.865370138332, 4217.148329871694, -0.03394322204589844, 0.8690749969482421, 0.46187728881835943, 192.0, 0.0, 0.0, 0.0, 0.0, 0.0, 0.0, 0.0, 0.0, 0.0, 1.741146860020966E9, 0.0, 2025-03-04 21:54:20.020
224.0, -30542.652969676612, -10360.659403879572, -5830.832520822588, 17893.286692295875, -23806.373632713992, 11902.460384662198, 13035.693828546266, 32183.22630920724, 34872.543498580875, 2159.647901016224, -4364.893360721274, 27262.243898182383, -9168.52911335577, -3826.1045606260973, 2243.690460168178, 4218.154158372183, -0.03394322204589844, 0.8690749969482421, 0.46187728881835943, 192.0, 0.0, 0.0, 0.0, 0.0, 0.0, 0.0, 0.0, 0.0, 0.0, 1.741146860021183E9, 0.0, 2025-03-04 21:54:20.021
226.0, -30544.128184810663, -10354.0432875208, -5835.772256347211, 17867.895110594643, -23959.88541363304, 11887.64117808833, 13012.448014312748, 32132.912532438342, 35007.033944968454, 2144.001679897509, -4394.755291313564, 27233.790127490774, -9191.05967176672, -3849.5738923041695, 2219.282355222983, 4188.202820802071, -0.02797161102294922, 0.870537498474121, 0.46793864440917976, 192.0, 127.5, 40.0, 13.5, 32.0, 7.0, 104.0, 0.0, 0.0, 0.0, 1.741146860078924E9, 0.0, 2025-03-04 21:54:20.078
228.0, -30550.699597680523, -10374.517485441862, -5836.800436592154, 17877.34989849924, -23823.629179433487, 11914.150347012324, 13040.655915815345, 32212.9541293328, 34922.70081313858, 2143.7558107085006, -4382.8194597744305, 27241.657941539044, -9178.63210184957, -3850.71383127139, 2235.3532594863486, 4189.16394581365, -0.02797161102294922, 0.870537498474121, 0.46793864440917976, 192.0, 0.0, 0.0, 0.0, 0.0, 0.0, 0.0, 0.0, 0.0, 0.0, 1.741146860079181E9, 0.0, 2025-03-04 21:54:20.079
230.0, -30561.540193741348, -10372.908159841081, -5835.34757320256, 17863.067133792298, -23944.663875658975, 11919.201841259222, 13032.050494200052, 32197.84435008101, 35151.269751938555, 2116.3972754952047, -4404.9476867851845, 27222.7260139854, -9204.068387039708, -3871.255084425817, 2226.4572651931367, 4192.539059226401, -0.02797161102294922, 0.870537498474121, 0.46793864440917976, 192.0, 0.0, 0.0, 0.0, 0.0, 0.0, 0.0, 0.0, 0.0, 0.0, 1.741146860079405E9, 0.0, 2025-03-04 21:54:20.079
232.0, -30574.370095058694, -10396.623360708161, -5850.323241987615, 17856.875700578177, -23816.051938063138, 11904.427338174264, 13013.923229446797, 32180.61115510597, 35141.23381867812, 2119.057133085386, -4400.63380010531, 27228.112784399127, -9184.53296238577, -3863.4766773553706, 2230.3911722172707, 4207.000637888985, -0.02797161102294922, 0.870537498474121, 0.46793864440917976, 192.0, 0.0, 0.0, 0.0, 0.0, 0.0, 0.0, 0.0, 0.0, 0.0, 1.74114686007963E9, 0.0, 2025-03-04 21:54:20.079
234.0, -30582.014391662407, -10385.67100592506, -5845.808189607643, 17843.53170913836, -23906.084764729116, 11919.827690103972, 13011.978627679186, 32182.93573652932, 35519.51474183974, 2106.674266657146, -4423.700800383187, 27206.208074832928, -9200.469756182403, -3883.0791572426747, 2212.2639074640165, 4200.809204674864, -0.02797161102294922, 0.870537498474121, 0.46793864440917976, 192.0, 0.0, 0.0, 0.0, 0.0, 0.0, 0.0, 0.0, 0.0, 0.0, 1.741146860079862E9, 0.0, 2025-03-04 21:54:20.079
236.0, -30568.782158944865, -10384.084032068735, -5839.169721504417, 17855.087561021755, -23833.687464438375, 11918.464233692197, 13004.177868864283, 32175.961992259265, 35538.625483349024, 2124.890938388221, -4398.800957059974, 27224.24593260836, -9188.936256043466, -3870.271607669784, 2230.0782477948965, 4219.897594439697, -0.02598580551147461, 0.8712687492370605, 0.47196932220458987, 192.0, 127.5, 32.0, 13.5, 32.0, 7.0, 112.0, 0.0, 0.0, 0.0, 1.741146860080099E9, 0.0, 2025-03-04 21:54:20.080
238.0, -30604.232025650985, -10417.768110962881, -5865.388317750492, 17808.305359876795, -23850.205403590848, 11893.273817691066, 12970.04675508103, 32140.243904619685, 36570.71728357283, 2104.8190718673554, -4414.87186132334, 27200.57543523019, -9207.689369641468, -3888.5329828897698, 2209.738160340567, 4201.859736664264, -0.02598580551147461, 0.8712687492370605, 0.47196932220458987, 192.0, 0.0, 0.0, 0.0, 0.0, 0.0, 0.0, 0.0, 0.0, 0.0, 1.741146860080329E9, 0.0, 2025-03-04 21:54:20.080
240.0, -30617.754831046444, -10435.090712915744, -5875.021919610729, 17802.13627840713, -23776.578757355066, 11867.703422034196, 12946.778589103054, 32091.38299124038, 38494.80014977457, 2099.4993566869925, -4434.362582488368, 27173.730990139367, -9221.39098899257, -3902.9945615523534, 2198.830509046377, 4185.051224833873, -0.02598580551147461, 0.8712687492370605, 0.47196932220458987, 192.0, 0.0, 0.0, 0.0, 0.0, 0.0, 0.0, 0.0, 0.0, 0.0, 1.741146860138702E9, 0.0, 2025-03-04 21:54:20.138
242.0, -30636.239723710984, -10438.845805984236, -5877.25709405626, 17793.84378121421, -23733.12696613395, 11894.659625847296, 12933.166376729772, 32138.232247618707, 40813.6818782904, 2097.7559206194783, -4441.001050591594, 27168.210109258904, -9233.7291519319, -3912.806977368233, 2194.181346199673, 4197.076463350829, -0.02598580551147461, 0.8712687492370605, 0.47196932220458987, 192.0, 0.0, 0.0, 0.0, 0.0, 0.0, 0.0, 0.0, 0.0, 0.0, 1.741146860138967E9, 0.0, 2025-03-04 21:54:20.138
244.0, -30627.790764306876, -10441.013925196401, -5869.679852685911, 17800.28108361734, -23724.4991927742, 11897.744166582128, 12928.98660051663, 32121.803715444057, 42261.538477127375, 2092.5256124169364, -4451.416963507768, 27154.016751529784, -9252.750486463367, -3914.7739308803, 2187.7887472854554, 4200.920963397141, -0.02598580551147461, 0.8712687492370605, 0.47196932220458987, 192.0, 0.0, 0.0, 0.0, 0.0, 0.0, 0.0, 0.0, 0.0, 0.0, 1.741146860139202E9, 0.0, 2025-03-04 21:54:20.139
246.0, -30632.842258553777, -10438.64464028414, -5866.774125906722, 17787.33942357772, -23661.757846088156, 11903.086233506947, 12911.149908441295, 32119.389727042882, 43923.45773261282, 2114.363266749772, -4446.253710538592, 27157.973010298374, -9238.959460134443, -3920.071294316208, 2193.8460700328437, 4214.264954836959, -0.024992902755737303, 0.8706343746185303, 0.4769846611022949, 192.0, 127.5, 32.0, 13.5, 24.0, 7.5, 8.0, 0.0, 0.0, 0.0, 1.741146860139419E9, 0.0, 2025-03-04 21:54:20.139
248.0, -30623.499229371457, -10443.606727553217, -5863.108439816051, 17791.072164901754, -23732.478765544747, 11898.63823636034, 12914.234449176127, 32093.86403487492, 44449.908369768666, 2115.8161301393666, -4454.300338542502, 27149.52405089427, -9226.889518128577, -3901.9216778184987, 2200.1269102247848, 4228.7935887329095, -0.024992902755737303, 0.8706343746185303, 0.4769846611022949, 192.0, 0.0, 0.0, 0.0, 0.0, 0.0, 0.0, 0.0, 0.0, 0.0, 1.741146860139657E9, 0.0, 2025-03-04 21:54:20.139
250.0, -30633.043424253876, -10437.63881178365, -5854.2795007562045, 17790.200446868, -23642.66945632332, 11921.235850004656, 12945.7057053692, 32126.8328579465, 45281.95205711747, 2123.8180546543663, -4444.867902382362, 27163.47153943438, -9217.993523835365, -3905.9226400759985, 2211.503948152536, 4236.527292314446, -0.024992902755737303, 0.8706343746185303, 0.4769846611022949, 192.0, 0.0, 0.0, 0.0, 0.0, 0.0, 0.0, 0.0, 0.0, 0.0, 1.741146860139875E9, 0.0, 2025-03-04 21:54:20.139
252.0, -30621.085240970286, -10442.466788585996, -5842.1872070058835, 17799.319958605764, -23773.695382320333, 11928.813091375005, 12946.018629791573, 32122.921302666822, 45477.99920773497, 2125.2038628105956, -4440.956347102684, 27158.80002484322, -9195.15004100204, -3897.853660327633, 2242.416410734226, 4269.183190963649, -0.024992902755737303, 0.8706343746185303, 0.4769846611022949, 192.0, 0.0, 0.0, 0.0, 0.0, 0.0, 0.0, 0.0, 0.0, 0.0, 1.741146860140097E9, 0.0, 2025-03-04 21:54:20.140
254.0, -30632.462278898038, -10445.439570598552, -5821.802416062644, 17798.582351038738, -23667.055209524064, 11945.755713672128, 12945.593946646923, 32125.022366645622, 45505.6930191151, 2132.155255336196, -4425.645402150798, 27178.022525074786, -9189.96443628841, -3893.8526980701326, 2248.116105570329, 4273.541781132434, -0.024992902755737303, 0.8706343746185303, 0.4769846611022949, 192.0, 0.0, 0.0, 0.0, 0.0, 0.0, 0.0, 0.0, 0.0, 0.0, 1.741146860140322E9, 0.0, 2025-03-04 21:54:20.140
0.0, -30632.88696204269, -10455.07317245879, -5808.7266455562885, 17796.034252170833, -23885.543511574688, 11942.51471072611, 12938.441388421224, 32086.465607460217, 44318.211891438, 2140.47010427357, -4425.220719006147, 27173.239251761348, -9171.14426745704, -3865.4659826118927, 2280.0343966525074, 4311.785615895465, -0.01949645137786865, 0.8653171873092651, 0.4834923305511475, 192.0, 127.5, 72.0, 13.0, 112.0, 7.5, 40.0, 0.0, 0.0, 0.0, 1.741146860198963E9, 0.0, 2025-03-04 21:54:20.198
2.0, -30623.6780433271, -10451.027506712378, -5792.4098721039145, 17807.746566265414, -23795.354222697526, 11977.115211142924, 12962.357754988403, 32131.817296960035, 43052.00791978931, 2123.1027988317965, -4425.39953296179, 27178.357801241615, -9166.897436010533, -3873.5796658491695, 2279.140326874295, 4299.1121767893055, -0.01949645137786865, 0.8653171873092651, 0.4834923305511475, 192.0, 0.0, 0.0, 0.0, 0.0, 0.0, 0.0, 0.0, 0.0, 0.0, 1.74114686019923E9, 0.0, 2025-03-04 21:54:20.199
4.0, -30637.245552211472, -10458.671803316094, -5786.173735400884, 17816.977836725455, -23960.287745033234, 11986.815868236527, 12967.588063190946, 32135.527686539615, 41860.7269955548, 2125.3156215328722, -4410.535622899011, 27199.279034051782, -9143.673973521469, -3840.074400910664, 2333.142141478317, 4363.5075525650445, -0.01949645137786865, 0.8653171873092651, 0.4834923305511475, 192.0, 0.0, 0.0, 0.0, 0.0, 0.0, 0.0, 0.0, 0.0, 0.0, 1.741146860199462E9, 0.0, 2025-03-04 21:54:20.199
6.0, -30632.909313787142, -10450.11108518971, -5784.854982478021, 17824.86800251818, -23823.58447594458, 12000.405728865353, 12969.510313214101, 32116.97573864171, 41432.66873749122, 2135.217444326573, -4413.1060735113715, 27209.739650456864, -9146.087961922642, -3845.23765387984, 2336.539606635524, 4338.0936191193605, -0.01949645137786865, 0.8653171873092651, 0.4834923305511475, 192.0, 0.0, 0.0, 0.0, 0.0, 0.0, 0.0, 0.0, 0.0, 0.0, 1.741146860199703E9, 0.0, 2025-03-04 21:54:20.199
8.0, -30636.06090975534, -10464.013870240911, -5785.212610389306, 17842.704694593514, -24026.493612109854, 12032.23461296971, 12982.921359887287, 32142.03204417611, 40638.35479478297, 2129.2942320459165, -4407.87576530883, 27203.637624220566, -9137.482540307348, -3828.429142049449, 2375.94573211023, 4351.683479748187, -0.01949645137786865, 0.8653171873092651, 0.4834923305511475, 192.0, 0.0, 0.0, 0.0, 0.0, 0.0, 0.0, 0.0, 0.0, 0.0, 1.741146860199924E9, 0.0, 2025-03-04 21:54:20.199
10.0, -30674.79648289639, -10497.787356112882, -5819.030799750185, 17818.251886159407, -23798.99755704374, 12005.2337056677, 12956.725115385667, 32089.818369128512, 40407.97536468213, 2118.5206912184585, -4409.194518231692, 27206.453944021934, -9157.040316705743, -3848.2104358923957, 2353.75044986611, 4345.7826192119865, -0.014748225688934326, 0.8546585936546325, 0.49574616527557375, 192.0, 127.5, 88.0, 13.0, 48.0, 7.5, 112.0, 0.0, 0.0, 0.0, 1.741146860200166E9, 0.0, 2025-03-04 21:54:20.200
12.0, -30678.842148642798, -10492.467640932518, -5805.150366443439, 17815.301455891306, -23946.20614602639, 12020.745816319682, 12972.058412082008, 32082.486996947173, 41273.61372394726, 2099.9016880871877, -4425.824216106441, 27180.90590010952, -9180.040261750253, -3867.1423634460407, 2317.2947546595046, 4360.5124188080335, -0.014748225688934326, 0.8546585936546325, 0.49574616527557375, 192.0, 0.0, 0.0, 0.0, 0.0, 0.0, 0.0, 0.0, 0.0, 0.0, 1.741146860200402E9, 0.0, 2025-03-04 21:54:20.200
14.0, -30683.133683578217, -10507.108033550743, -5815.633334592979, 17806.874848231655, -23755.12108267797, 12003.289103900088, 12962.223644521671, 32038.297598159028, 40947.457068855416, 2124.9579936215873, -4397.504555881566, 27203.72703119839, -9160.393078374038, -3869.489296613848, 2316.1995191811943, 4387.20040168767, -0.014748225688934326, 0.8546585936546325, 0.49574616527557375, 192.0, 0.0, 0.0, 0.0, 0.0, 0.0, 0.0, 0.0, 0.0, 0.0, 1.741146860259381E9, 0.0, 2025-03-04 21:54:20.259
16.0, -30688.475750503036, -10506.526888194907, -5806.804395533132, 17812.61924655667, -23966.143902080526, 12009.636999325396, 12982.85430465392, 32037.090603958444, 40423.688641034205, 2082.713196601057, -4407.987524031106, 27172.501644194323, -9159.566063829192, -3864.661319811502, 2309.382237122326, 4399.605619860366, -0.014748225688934326, 0.8546585936546325, 0.49574616527557375, 192.0, 0.0, 0.0, 0.0, 0.0, 0.0, 0.0, 0.0, 0.0, 0.0, 1.74114686025962E9, 0.0, 2025-03-04 21:54:20.259
18.0, -30694.30955580587, -10530.219737317531, -5819.477834639291, 17826.56673509678, -23793.029641274174, 11996.583580563496, 12970.7620109036, 32029.312196887997, 39727.34239427357, 2067.514010371448, -4403.472471651134, 27170.177062770974, -9162.941177241943, -3867.321177401683, 2308.801091766488, 4413.843681078396, -0.014748225688934326, 0.8546585936546325, 0.49574616527557375, 192.0, 0.0, 0.0, 0.0, 0.0, 0.0, 0.0, 0.0, 0.0, 0.0, 1.741146860259839E9, 0.0, 2025-03-04 21:54:20.259
20.0, -30706.22303560055, -10524.095359336778, -5812.392331646959, 17831.10413922121, -23956.063265331184, 12015.314342417043, 12990.81152568001, 32051.015740754097, 39303.7768368455, 2063.5353998584033, -4411.429692677223, 27153.256792218304, -9158.783752773255, -3866.292997156739, 2315.350152891893, 4440.755181402586, -0.012374112844467162, 0.8413292968273163, 0.5038730826377869, 192.0, 127.5, 88.0, 12.5, 112.0, 8.0, 0.0, 0.0, 0.0, 0.0, 1.741146860260068E9, 0.0, 2025-03-04 21:54:20.260
22.0, -30702.69145997661, -10538.489882765994, -5813.800491547643, 17832.847575288724, -23867.080970654606, 12008.273542913621, 12987.6152262229, 32033.111993445396, 38590.55502302111, 2053.387707875694, -4412.547279899988, 27166.690190635945, -9152.94994747042, -3889.6952736014455, 2327.88948153132, 4451.752239674597, -0.012374112844467162, 0.8413292968273163, 0.5038730826377869, 192.0, 0.0, 0.0, 0.0, 0.0, 0.0, 0.0, 0.0, 0.0, 0.0, 1.741146860260297E9, 0.0, 2025-03-04 21:54:20.260
24.0, -30713.42029731516, -10534.690086208593, -5802.110529197518, 17824.756243795902, -24016.27886489378, 12031.80992982506, 12987.257598311615, 32044.53373486206, 38195.37618105128, 2012.6851812225798, -4423.186710260715, 27177.575490185678, -9140.90235720901, -3880.352244419127, 2335.3326124349373, 4451.059335596483, -0.012374112844467162, 0.8413292968273163, 0.5038730826377869, 192.0, 0.0, 0.0, 0.0, 0.0, 0.0, 0.0, 0.0, 0.0, 0.0, 1.741146860260521E9, 0.0, 2025-03-04 21:54:20.260
26.0, -30728.775945755955, -10542.647307234682, -5819.097854983551, 17818.363644881683, -23910.331596175623, 12012.967409249237, 12986.7658599336, 32027.971092220676, 37457.05335820358, 2002.1351578396748, -4427.411189962768, 27152.452129417914, -9145.283299122251, -3853.753668517312, 2338.014821769574, 4453.674489697753, -0.012374112844467162, 0.8413292968273163, 0.5038730826377869, 192.0, 0.0, 0.0, 0.0, 0.0, 0.0, 0.0, 0.0, 0.0, 0.0, 1.741146860260758E9, 0.0, 2025-03-04 21:54:20.260
28.0, -30736.50964933749, -10540.70270546707, -5827.0997794985515, 17791.675662002046, -24025.711301053918, 11999.399900364864, 12972.952481860219, 31995.538711016026, 37145.69355794115, 1987.4947652214487, -4460.804696178996, 27123.260751159283, -9145.082133422153, -3901.8993260740435, 2320.3569436498815, 4430.316916741957, -0.012374112844467162, 0.8413292968273163, 0.5038730826377869, 192.0, 0.0, 0.0, 0.0, 0.0, 0.0, 0.0, 0.0, 0.0, 0.0, 1.741146860260966E9, 0.0, 2025-03-04 21:54:20.260
30.0, -30747.283190164948, -10575.079688439333, -5845.092933785073, 17791.072164901754, -23994.37415532758, 11971.326109328998, 12924.158623714284, 31974.125739827843, 36376.68178995631, 1981.5715529407923, -4463.822181680463, 27133.520201864267, -9135.828511217656, -3907.2413929988616, 2309.024609211041, 4403.047788506483, -0.011187056422233582, 0.8366646484136582, 0.5129365413188934, 192.0, 127.5, 88.0, 13.0, 0.0, 8.0, 40.0, 0.0, 0.0, 0.0, 1.741146860319991E9, 0.0, 2025-03-04 21:54:20.319
32.0, -30783.180091760172, -10582.81339202087, -5869.59044570809, 17762.305469787774, -24056.020266535317, 11981.89848445636, 12977.109906328906, 32029.267493399086, 36127.683356724185, 1975.804802871323, -4506.268144401091, 27120.489134846823, -9157.912034739498, -3922.2841170172833, 2295.2335828821165, 4389.122651710827, -0.011187056422233582, 0.8366646484136582, 0.5129365413188934, 192.0, 0.0, 0.0, 0.0, 0.0, 0.0, 0.0, 0.0, 0.0, 0.0, 1.741146860320285E9, 0.0, 2025-03-04 21:54:20.320
34.0, -30770.886632309754, -10569.782325003425, -5871.44564049788, 17768.251033812885, -24038.630609349086, 11979.439792566276, 12952.612394405889, 32008.592129777928, 35407.91248177439, 1928.419104626072, -4519.99211549665, 27084.413419295957, -9162.29297665274, -3959.2091988574507, 2300.888574229309, 4391.693102323187, -0.011187056422233582, 0.8366646484136582, 0.5129365413188934, 192.0, 0.0, 0.0, 0.0, 0.0, 0.0, 0.0, 0.0, 0.0, 0.0, 1.74114686032051E9, 0.0, 2025-03-04 21:54:20.320
36.0, -30746.098547708818, -10541.32855431182, -5839.214424993328, 17779.47160952945, -24022.76087078582, 12004.80902252305, 13008.558810777524, 32045.181935451263, 35237.65924425831, 1947.6416048576361, -4479.8483824549185, 27112.442506842915, -9126.060798890687, -3922.9323176064872, 2324.737885563122, 4411.697913610687, -0.011187056422233582, 0.8366646484136582, 0.5129365413188934, 192.0, 0.0, 0.0, 0.0, 0.0, 0.0, 0.0, 0.0, 0.0, 0.0, 1.741146860320732E9, 0.0, 2025-03-04 21:54:20.320
38.0, -30733.246294647015, -10527.112844838244, -5821.377732917993, 17808.752394765903, -24044.598525118654, 12002.216220166234, 12996.645330982845, 32046.299522674028, 34610.871626242595, 1998.5588787268257, -4448.421829750756, 27129.854515773597, -9098.456394488383, -3882.967398520398, 2352.1634760097836, 4448.086553583927, -0.011187056422233582, 0.8366646484136582, 0.5129365413188934, 192.0, 0.0, 0.0, 0.0, 0.0, 0.0, 0.0, 0.0, 0.0, 0.0, 1.741146860320954E9, 0.0, 2025-03-04 21:54:20.320
40.0, -30728.150096911206, -10580.198237919598, -5819.947221272853, 17791.80977246878, -23980.069038876183, 11998.394071864375, 12991.437374524758, 32038.163487692298, 34544.531648699245, 1980.2975035068398, -4433.982602832628, 27152.474481162368, -9099.70809217788, -3925.7486374078558, 2353.6163393993784, 4454.88148389834, -0.00859352821111679, 0.8313323242068291, 0.5144682706594468, 192.0, 127.5, 104.0, 12.5, 104.0, 8.0, 16.0, 0.0, 0.0, 0.0, 1.74114686032116E9, 0.0, 2025-03-04 21:54:20.321
42.0, -30711.296881591905, -10522.553088969362, -5795.6955785388445, 17804.52791506385, -24047.705417597943, 12023.517432632141, 13017.588915537468, 32037.738804547647, 34092.69113453521, 2004.6609049631245, -4425.310125983969, 27149.4569956609, -9085.693548404402, -3901.496994673848, 2369.1508017958167, 4474.372205063368, -0.00859352821111679, 0.8313323242068291, 0.5144682706594468, 192.0, 0.0, 0.0, 0.0, 0.0, 0.0, 0.0, 0.0, 0.0, 0.0, 1.741146860321412E9, 0.0, 2025-03-04 21:54:20.321
44.0, -30709.218169357562, -10446.914785732602, -5792.074595937085, 17768.60866172417, -23930.984608052328, 12038.80602583957, 13035.135034934883, 32052.446252399237, 34094.30046013599, 2055.868751510233, -4378.4832213501, 27165.617306902088, -9086.65467341598, -3899.261820228317, 2363.831086615454, 4483.804641223507, -0.00859352821111679, 0.8313323242068291, 0.5144682706594468, 192.0, 0.0, 0.0, 0.0, 0.0, 0.0, 0.0, 0.0, 0.0, 0.0, 1.741146860379894E9, 0.0, 2025-03-04 21:54:20.379
46.0, -30686.017058612953, -10485.873876318203, -5767.822953203077, 17732.667056640035, -24049.582964132187, 12030.938211791303, 13026.194337152761, 32029.803935266013, 33626.94783531998, 2097.9347345751207, -4409.507442654067, 27161.638696389044, -9039.738361804291, -3928.900233376054, 2375.878676876864, 4498.623847797376, -0.00859352821111679, 0.8313323242068291, 0.5144682706594468, 192.0, 0.0, 0.0, 0.0, 0.0, 0.0, 0.0, 0.0, 0.0, 0.0, 1.741146860380147E9, 0.0, 2025-03-04 21:54:20.380
48.0, -30683.468959745045, -10447.585338066261, -5755.730659452755, 17699.54177135727, -23897.76991579174, 12045.37743870943, 13005.206049109227, 32019.030394438556, 33503.722668137874, 2103.299153244395, -4406.177032730226, 27144.472556647368, -9060.167856236441, -3944.814675428233, 2382.8300694024647, 4478.283760343046, -0.00859352821111679, 0.8313323242068291, 0.5144682706594468, 192.0, 0.0, 0.0, 0.0, 0.0, 0.0, 0.0, 0.0, 0.0, 0.0, 1.741146860380394E9, 0.0, 2025-03-04 21:54:20.380
50.0, -30664.157052535662, -10364.86153183717, -5724.4382172153255, 17718.65251286656, -24013.08256543667, 12065.516360463664, 13068.01445102864, 32098.669659932813, 33037.37587182235, 2169.505020321014, -4396.856355292363, 27120.399727869004, -9042.197053694374, -3897.563087649714, 2412.043799405551, 4497.4615570857, -0.009296764105558394, 0.8366661621034146, 0.5142341353297234, 192.0, 127.5, 88.0, 13.0, 40.0, 8.0, 8.0, 0.0, 0.0, 0.0, 1.741146860380608E9, 0.0, 2025-03-04 21:54:20.380
52.0, -30664.87230835823, -10403.574753233761, -5747.728734937756, 17696.434878877983, -23840.23652556378, 12032.256964714166, 13018.840613226965, 32046.366577907396, 32828.45411639859, 2201.8032910589327, -4324.213185812615, 27135.733024565343, -9035.804454780156, -3921.658268172535, 2412.0885028944617, 4485.302208102013, -0.009296764105558394, 0.8366661621034146, 0.5142341353297234, 192.0, 0.0, 0.0, 0.0, 0.0, 0.0, 0.0, 0.0, 0.0, 0.0, 1.741146860380843E9, 0.0, 2025-03-04 21:54:20.380
54.0, -30678.037485842407, -10366.71672662696, -5733.46832197527, 17686.913035740024, -23973.22940507286, 12050.652450400883, 13014.794947480554, 32064.20326998273, 32386.873052939543, 2162.0842411618523, -4317.32884852038, 27103.88178871653, -9052.322393932629, -3950.626128986613, 2393.536554996557, 4454.792076920518, -0.009296764105558394, 0.8366661621034146, 0.5142341353297234, 192.0, 0.0, 0.0, 0.0, 0.0, 0.0, 0.0, 0.0, 0.0, 0.0, 1.741146860381084E9, 0.0, 2025-03-04 21:54:20.381
56.0, -30665.185232780605, -10301.986074684391, -5722.672429403357, 17681.83918974867, -23785.407696414914, 12051.412409712364, 13087.929855338318, 32083.44812195875, 32130.185619614796, 2216.7789598439886, -4304.968333836596, 27134.74954780931, -9033.323411145617, -3929.6378409430795, 2426.2148053902156, 4475.623902752865, -0.009296764105558394, 0.8366661621034146, 0.5142341353297234, 192.0, 0.0, 0.0, 0.0, 0.0, 0.0, 0.0, 0.0, 0.0, 0.0, 1.741146860381304E9, 0.0, 2025-03-04 21:54:20.381
58.0, -30642.565267391834, -10223.598506879629, -5703.584039638525, 17672.429105332983, -23936.192564510413, 12052.529996935129, 13082.811305858053, 32071.422883441795, 31861.383540795272, 2222.568061657913, -4272.446545654124, 27108.50859981878, -9022.281649384697, -3943.87590216111, 2439.5811485744894, 4481.301245844513, -0.009296764105558394, 0.8366661621034146, 0.5142341353297234, 192.0, 0.0, 0.0, 0.0, 0.0, 0.0, 0.0, 0.0, 0.0, 0.0, 1.741146860381522E9, 0.0, 2025-03-04 21:54:20.381
60.0, -30671.01903808344, -10223.531451646264, -5730.227319029251, 17624.43990998744, -23726.577905008544, 12016.946019762281, 13050.334221164492, 32020.796182250524, 31673.897108304158, 2227.44074194917, -4272.267731698481, 27120.667948802467, -9036.363248391539, -3987.841783504699, 2421.856215221431, 4471.310016072991, -0.011648382052779196, 0.8413330810517072, 0.5101170676648616, 192.0, 127.5, 72.0, 13.0, 56.0, 7.5, 104.0, 0.0, 0.0, 0.0, 1.741146860439217E9, 0.0, 2025-03-04 21:54:20.439
62.0, -30647.795575594377, -10156.856197936082, -5719.699647390801, 17599.24949398631, -23886.459933097358, 12029.731217590717, 13117.858841163976, 32026.87585674237, 31416.36030869011, 2217.225994733095, -4285.701130116121, 27103.568864294157, -9050.154274720464, -3987.3723968711374, 2396.6434474758444, 4469.499524772111, -0.011648382052779196, 0.8413330810517072, 0.5101170676648616, 192.0, 0.0, 0.0, 0.0, 0.0, 0.0, 0.0, 0.0, 0.0, 0.0, 1.741146860439488E9, 0.0, 2025-03-04 21:54:20.439
64.0, -30635.613874866234, -10099.680435619406, -5715.028132799642, 17610.782994125246, -23696.268939527148, 12022.04221749809, 13017.834784726476, 32002.28893784153, 31005.065858968006, 2245.7915241469773, -4279.80026957992, 27147.646504360022, -9024.382713363495, -4000.4705191219473, 2403.4830812791683, 4464.962120647683, -0.011648382052779196, 0.8413330810517072, 0.5101170676648616, 192.0, 0.0, 0.0, 0.0, 0.0, 0.0, 0.0, 0.0, 0.0, 0.0, 1.741146860439733E9, 0.0, 2025-03-04 21:54:20.439
66.0, -30634.786860321386, -10068.812676526628, -5684.920333018343, 17607.698453390414, -23850.563031502134, 12067.595072698006, 13094.948303097284, 32062.549240893037, 30667.912145604154, 2244.405715990748, -4247.434943608635, 27123.5513238372, -8997.06888163911, -4000.6940365665005, 2454.9591487597404, 4470.661815483787, -0.011648382052779196, 0.8413330810517072, 0.5101170676648616, 192.0, 0.0, 0.0, 0.0, 0.0, 0.0, 0.0, 0.0, 0.0, 0.0, 1.741146860439945E9, 0.0, 2025-03-04 21:54:20.439
68.0, -30654.612857653246, -10061.682470045385, -5707.9426298073095, 17583.2009414674, -23684.78014287712, 12041.689400874306, 13108.180535814827, 32057.140118734853, 30174.519738497704, 2269.797297691977, -4202.776158186932, 27164.365609212593, -9019.420626094416, -4002.258658678372, 2468.526657644112, 4468.001957893605, -0.011648382052779196, 0.8413330810517072, 0.5101170676648616, 192.0, 0.0, 0.0, 0.0, 0.0, 0.0, 0.0, 0.0, 0.0, 0.0, 1.741146860440172E9, 0.0, 2025-03-04 21:54:20.440
70.0, -30642.11823250273, -10021.471681770288, -5693.995141267198, 17574.95314776339, -23812.140382783462, 12062.185950539822, 13090.947340839784, 32035.615388824393, 29797.356402558853, 2241.8129136339326, -4251.592368077322, 27157.32480970917, -9050.400143909472, -4019.8494815646986, 2436.049572950551, 4432.1274080428375, -0.007824191026389598, 0.8446665405258535, 0.5060585338324308, 192.0, 127.5, 112.0, 13.0, 64.0, 7.5, 88.0, 0.0, 0.0, 0.0, 1.741146860440417E9, 0.0, 2025-03-04 21:54:20.440
72.0, -30636.418537666625, -9989.173411032369, -5669.251760155173, 17614.62749417156, -23670.07269502553, 12061.560101695073, 13105.006588102173, 32012.704850757702, 29108.3191762351, 2275.184068105706, -4182.033739332407, 27189.667783935998, -9010.189355634375, -4029.9524700584975, 2439.0000032186513, 4445.359640760379, -0.007824191026389598, 0.8446665405258535, 0.5060585338324308, 192.0, 0.0, 0.0, 0.0, 0.0, 0.0, 0.0, 0.0, 0.0, 0.0, 1.741146860440645E9, 0.0, 2025-03-04 21:54:20.440
74.0, -30647.527354660913, -9968.051012522104, -5665.317853131039, 17625.825718143667, -23780.55736786811, 12034.559194393063, 13129.101768624994, 32003.361821575385, 28796.98172771713, 2278.2239053516278, -4154.027003529907, 27207.99621438935, -9013.743283002768, -4026.13032175664, 2421.520939054601, 4445.359640760379, -0.007824191026389598, 0.8446665405258535, 0.5060585338324308, 192.0, 0.0, 0.0, 0.0, 0.0, 0.0, 0.0, 0.0, 0.0, 0.0, 1.741146860499096E9, 0.0, 2025-03-04 21:54:20.499
76.0, -30649.44960468407, -9962.328965941544, -5670.436402611304, 17652.938384167956, -23640.322523155515, 12039.342467706498, 13087.728689638221, 31985.860405666877, 28271.0228289393, 2274.312350071949, -4156.1280675087055, 27225.788202975775, -9017.923059215911, -4059.099144828218, 2379.9913978566406, 4435.033134822027, -0.007824191026389598, 0.8446665405258535, 0.5060585338324308, 192.0, 0.0, 0.0, 0.0, 0.0, 0.0, 0.0, 0.0, 0.0, 0.0, 1.741146860499373E9, 0.0, 2025-03-04 21:54:20.499
78.0, -30661.139567034195, -9957.836265306029, -5674.236199168707, 17643.930631152467, -23728.075471887052, 12020.924630275325, 13059.386677668892, 31946.297817980987, 27988.049744135114, 2258.688480697689, -4161.514837922435, 27223.24010410787, -9033.748094290268, -4059.3450140172263, 2323.665001829267, 4405.238259463103, -0.007824191026389598, 0.8446665405258535, 0.5060585338324308, 192.0, 0.0, 0.0, 0.0, 0.0, 0.0, 0.0, 0.0, 0.0, 0.0, 1.74114686049961E9, 0.0, 2025-03-04 21:54:20.499
80.0, -30649.717825617532, -9940.468959864254, -5667.59773106548, 17682.487390337872, -23673.49251192719, 12009.771109792127, 13091.126154795427, 31994.354068559896, 26938.90356289191, 2268.0315098800074, -4154.675204119111, 27234.505383313346, -9003.59559102006, -4066.7657931763883, 2313.4502546131916, 4416.034152035017, -0.0079120955131948, 0.8423332702629267, 0.5020292669162154, 192.0, 127.5, 96.0, 13.0, 32.0, 7.5, 72.0, 0.0, 0.0, 0.0, 1.741146860499835E9, 0.0, 2025-03-04 21:54:20.499
82.0, -30629.087165485285, -9895.00551164216, -5656.690079771291, 17683.895550238558, -23728.45545154279, 12014.129699960911, 13086.275826248626, 31971.488233982116, 26114.34770993563, 2255.089849840385, -4178.345701497281, 27240.54035431628, -9028.830710510101, -4104.7637587504105, 2234.7721141305105, 4390.173183700226, -0.0079120955131948, 0.8423332702629267, 0.5020292669162154, 192.0, 0.0, 0.0, 0.0, 0.0, 0.0, 0.0, 0.0, 0.0, 0.0, 1.741146860500068E9, 0.0, 2025-03-04 21:54:20.500
84.0, -30609.305871642337, -9882.913217891839, -5617.172195574307, 17749.050885325778, -23752.014190198683, 12078.68153794784, 13111.823870161043, 31987.268565567563, 24122.986092923416, 2288.885687456809, -4149.6684133611225, 27279.7900175798, -8970.023270848187, -4057.132191316151, 2280.481431541614, 4423.656096894276, -0.0079120955131948, 0.8423332702629267, 0.5020292669162154, 192.0, 0.0, 0.0, 0.0, 0.0, 0.0, 0.0, 0.0, 0.0, 0.0, 1.741146860500285E9, 0.0, 2025-03-04 21:54:20.500
86.0, -30638.00551152295, -9860.941453092271, -5644.418972065327, 17750.973135348933, -23761.69249554783, 12053.28995624661, 13138.802425718597, 31973.56694621646, 21546.79108223809, 2281.397853064281, -4160.39725069967, 27297.02321255484, -8959.62970967647, -4073.3372060462484, 2287.1646031337505, 4399.560916371455, -0.0079120955131948, 0.8423332702629267, 0.5020292669162154, 192.0, 0.0, 0.0, 0.0, 0.0, 0.0, 0.0, 0.0, 0.0, 0.0, 1.741146860500499E9, 0.0, 2025-03-04 21:54:20.500
88.0, -30637.804345822853, -9862.304909504046, -5654.946643703776, 17763.400705266085, -23766.967507239286, 12007.893563257881, 13004.826069453487, 31921.26386419104, 20987.86336038868, 2261.951835388164, -4209.705198968077, 27271.96690702044, -8976.102945340032, -4095.264267356905, 2258.8225911644213, 4353.71748849362, -0.0079120955131948, 0.8423332702629267, 0.5020292669162154, 192.0, 0.0, 0.0, 0.0, 0.0, 0.0, 0.0, 0.0, 0.0, 0.0, 1.741146860500726E9, 0.0, 2025-03-04 21:54:20.500
90.0, -30636.373834177713, -9832.778255078585, -5664.714356030746, 17769.86035941367, -23714.46325951377, 12012.47567087122, 12997.829973438977, 31929.98104452861, 20898.18816163399, 2270.601960492368, -4206.307733810871, 27297.291433488303, -8968.995090603245, -4077.360520048204, 2263.4494022666695, 4344.1956453556595, -0.0079560477565974, 0.8391666351314633, 0.5050146334581077, 192.0, 127.5, 96.0, 13.0, 16.0, 7.5, 112.0, 0.0, 0.0, 0.0, 1.741146860559382E9, 0.0, 2025-03-04 21:54:20.559
92.0, -30628.818944551822, -9831.839481811463, -5661.138076917896, 17791.22862711294, -23798.70698436582, 11986.257074625144, 13028.451863342747, 31913.708974565146, 19929.08357728524, 2228.1336460272846, -4241.198806905604, 27266.289563928793, -8992.106794370031, -4108.943534963552, 2228.8489018498544, 4310.533918205967, -0.0079560477565974, 0.8391666351314633, 0.5050146334581077, 192.0, 0.0, 0.0, 0.0, 0.0, 0.0, 0.0, 0.0, 0.0, 0.0, 1.741146860559678E9, 0.0, 2025-03-04 21:54:20.559
94.0, -30628.10368872925, -9798.13305117286, -5659.506399572659, 17824.130394951153, -23706.3942797654, 11969.247397094656, 13077.20101799977, 31975.243327050608, 19788.69227036146, 2231.7769803734996, -4238.158969659683, 27289.714192117954, -8990.855096680534, -4131.965831752519, 2207.3018201949385, 4294.37360696478, -0.0079560477565974, 0.8391666351314633, 0.5050146334581077, 192.0, 0.0, 0.0, 0.0, 0.0, 0.0, 0.0, 0.0, 0.0, 0.0, 1.741146860559908E9, 0.0, 2025-03-04 21:54:20.559
96.0, -30613.709165300035, -9800.211763407204, -5663.239140896695, 17865.19054951555, -23828.032473091185, 12031.698171102784, 13032.877508744898, 31945.26963773604, 19392.753469080148, 2227.999535560553, -4244.037478451429, 27275.006744266364, -8966.849323135535, -4119.828834513287, 2215.013172032019, 4307.628191426777, -0.0079560477565974, 0.8391666351314633, 0.5050146334581077, 192.0, 0.0, 0.0, 0.0, 0.0, 0.0, 0.0, 0.0, 0.0, 0.0, 1.741146860560128E9, 0.0, 2025-03-04 21:54:20.560
98.0, -30656.49040418749, -9838.23208072568, -5727.768627139167, 17836.937944524045, -23726.75671896419, 11934.088103066457, 12906.165469427762, 31872.626468256294, 19519.91254328639, 2184.1007094503298, -4270.300778186414, 27259.226412680917, -8986.58591348957, -4117.504253089935, 2166.8451627308327, 4268.646749096722, -0.0079560477565974, 0.8391666351314633, 0.5050146334581077, 192.0, 0.0, 0.0, 0.0, 0.0, 0.0, 0.0, 0.0, 0.0, 0.0, 1.741146860560361E9, 0.0, 2025-03-04 21:54:20.560
100.0, -30618.604197335746, -9800.055301196016, -5709.4625484302705, 17899.723994699, -23931.990436552816, 11957.289213811066, 12985.648272710834, 31967.554326957983, 19338.952820176222, 2121.381714508738, -4320.815720655408, 27208.979691145385, -8998.477041539794, -4187.331102768315, 2125.2038628105956, 4241.131751672238, -0.0179780238782987, 0.8335833175657317, 0.5135073167290538, 192.0, 127.5, 16.0, 12.5, 112.0, 8.0, 40.0, 0.0, 0.0, 0.0, 1.741146860560586E9, 0.0, 2025-03-04 21:54:20.560
102.0, -30629.310682929838, -9819.769539805597, -5744.9794703697535, 17924.489727555483, -23749.60020179751, 11903.913248051793, 12950.533682171546, 31920.45920139065, 19549.796825623136, 2118.8559673852883, -4309.908069361219, 27241.747348516867, -8963.854189378522, -4138.805465555843, 2151.4001073122154, 4261.047155981917, -0.0179780238782987, 0.8335833175657317, 0.5135073167290538, 192.0, 0.0, 0.0, 0.0, 0.0, 0.0, 0.0, 0.0, 0.0, 0.0, 1.741146860560814E9, 0.0, 2025-03-04 21:54:20.560
104.0, -30612.837447266276, -9816.32737115948, -5759.485752521247, 17961.280698928917, -23925.86605857206, 11909.389425443343, 12901.6951205367, 31884.78581723998, 19478.13713289942, 2049.967890974032, -4345.268529089514, 27212.712432469423, -8959.24973002073, -4189.968608614041, 2148.4720287885702, 4226.871338709752, -0.0179780238782987, 0.8335833175657317, 0.5135073167290538, 192.0, 0.0, 0.0, 0.0, 0.0, 0.0, 0.0, 0.0, 0.0, 0.0, 1.74114686061963E9, 0.0, 2025-03-04 21:54:20.619
106.0, -30633.982197520996, -9837.919156303305, -5799.137747184962, 17990.829705098833, -23742.38058833845, 11894.547867125018, 12891.323911109437, 31921.487381635594, 19598.814201213623, 2013.3110300673284, -4370.302482879458, 27234.371272846613, -8966.134067312965, -4154.898721563664, 2173.7518517675226, 4228.3242020993475, -0.0179780238782987, 0.8335833175657317, 0.5135073167290538, 192.0, 0.0, 0.0, 0.0, 0.0, 0.0, 0.0, 0.0, 0.0, 0.0, 1.741146860619878E9, 0.0, 2025-03-04 21:54:20.619
108.0, -30636.463241155536, -9844.289403473069, -5834.945241802364, 18014.075519332353, -23929.487041173823, 11853.510064305076, 12901.65041704779, 31921.196808957677, 19625.54688758217, 1931.4142383830833, -4404.053617006972, 27209.6725952235, -8964.927073112378, -4176.0211200739295, 2205.4689771496032, 4221.2834025959255, -0.0179780238782987, 0.8335833175657317, 0.5135073167290538, 192.0, 0.0, 0.0, 0.0, 0.0, 0.0, 0.0, 0.0, 0.0, 0.0, 1.741146860620106E9, 0.0, 2025-03-04 21:54:20.620
110.0, -30654.97048556453, -9876.028880599604, -5874.5301812327125, 18030.884031162743, -23769.247385173727, 11812.025226596026, 12854.912919391743, 31875.26397410202, 19644.501166880273, 1860.7603741598577, -4417.2187944911475, 27221.18374361798, -8970.872637137489, -4203.334951798314, 2174.6235698012792, 4163.638253645689, -0.02598901193914935, 0.8317916587828659, 0.5067536583645269, 192.0, 127.0, 120.0, 12.5, 120.0, 7.5, 80.0, 0.0, 0.0, 0.0, 1.741146860620343E9, 0.0, 2025-03-04 21:54:20.620
112.0, -30639.525430145914, -9871.513828219633, -5880.118117346539, 18028.85002241731, -23982.23715808835, 11809.655941683763, 12860.143227594284, 31904.276538405007, 19668.976327058834, 1790.0171029588107, -4441.582195947432, 27194.629871205078, -9010.16700388992, -4204.430187276625, 2130.4565227575927, 4121.013476969419, -0.02598901193914935, 0.8317916587828659, 0.5067536583645269, 192.0, 0.0, 0.0, 0.0, 0.0, 0.0, 0.0, 0.0, 0.0, 0.0, 1.74114686062058E9, 0.0, 2025-03-04 21:54:20.620
114.0, -30626.851991039755, -9873.704299176252, -5869.858666641554, 18076.66040380721, -23825.19380154536, 11810.080624828413, 12823.978105065598, 31910.825599530413, 19611.845268231067, 1799.8295187746905, -4384.853468519863, 27245.837717752187, -8945.078724036066, -4156.217474486527, 2194.181346199673, 4128.613070084223, -0.02598901193914935, 0.8317916587828659, 0.5067536583645269, 192.0, 0.0, 0.0, 0.0, 0.0, 0.0, 0.0, 0.0, 0.0, 0.0, 1.74114686062081E9, 0.0, 2025-03-04 21:54:20.620
116.0, -30648.39907269467, -9900.325226822522, -5902.849841457587, 18096.10642148333, -24058.411903192035, 11759.744496315063, 12778.537008587959, 31898.01804995752, 19674.899539339487, 1768.1347451370652, -4427.500596940589, 27221.228447106892, -8957.640404419948, -4146.360355181737, 2193.287276421461, 4114.218546655005, -0.02598901193914935, 0.8317916587828659, 0.5067536583645269, 192.0, 0.0, 0.0, 0.0, 0.0, 0.0, 0.0, 0.0, 0.0, 0.0, 1.741146860621045E9, 0.0, 2025-03-04 21:54:20.621
118.0, -30653.182346008107, -9930.656544048376, -5915.567984052656, 18144.408541251247, -23912.902046787985, 11730.70958026762, 12761.504979313015, 31880.78485498248, 19532.96596204829, 1723.922994604468, -4459.26242581158, 27218.859162194633, -8983.859000666023, -4165.962835069041, 2160.8101917278996, 4069.6938717000335, -0.02598901193914935, 0.8317916587828659, 0.5067536583645269, 192.0, 0.0, 0.0, 0.0, 0.0, 0.0, 0.0, 0.0, 0.0, 0.0, 1.741146860621256E9, 0.0, 2025-03-04 21:54:20.621
120.0, -30673.991820096, -9955.154055971392, -5944.468789633369, 18149.035352353498, -24112.190200351502, 11706.346178811335, 12690.649949389692, 31834.53909570445, 19657.487530408805, 1713.8423578551244, -4485.861001713396, 27219.75323197284, -8990.944503658355, -4150.24955871696, 2133.6528222147017, 4047.2527202669053, -0.024994505969574678, 0.8468958293914329, 0.5083768291822635, 192.0, 127.5, 32.0, 13.0, 120.0, 7.5, 120.0, 0.0, 0.0, 0.0, 1.741146860679916E9, 0.0, 2025-03-04 21:54:20.679
122.0, -30668.06860781534, -9985.463021452788, -5943.194740199416, 18184.239349870604, -24119.275703343836, 11679.747602909518, 12768.076392182875, 31928.997567772578, 19459.831054190523, 1684.181592962932, -4524.4624643877105, 27223.933008185984, -9012.469233568816, -4151.657718617645, 2117.738380162523, 4022.5093391548803, -0.024994505969574678, 0.8468958293914329, 0.5083768291822635, 192.0, 0.0, 0.0, 0.0, 0.0, 0.0, 0.0, 0.0, 0.0, 0.0, 1.741146860680182E9, 0.0, 2025-03-04 21:54:20.680
124.0, -30683.960698123065, -10022.3657515485, -5961.411411930491, 18204.80295476949, -24479.295251285464, 11747.965126987116, 12721.42830150465, 31901.415515114728, 19627.960875983343, 1684.7403865743145, -4542.634432629876, 27231.778470489797, -9010.457576567838, -4111.536337320368, 2169.8402964878437, 4050.069040068274, -0.024994505969574678, 0.8468958293914329, 0.5083768291822635, 192.0, 0.0, 0.0, 0.0, 0.0, 0.0, 0.0, 0.0, 0.0, 0.0, 1.741146860680408E9, 0.0, 2025-03-04 21:54:20.680
126.0, -30671.64488692819, -10070.42200212741, -5981.505630195812, 18219.063367731975, -24960.148329752486, 11673.489114462032, 12685.441992931605, 31864.51278501902, 19416.51337343614, 1646.7200692558372, -4584.231029061202, 27206.722164955398, -8990.788041447167, -4107.71418901851, 2173.327168622872, 4036.993269561919, -0.024994505969574678, 0.8468958293914329, 0.5083768291822635, 192.0, 0.0, 0.0, 0.0, 0.0, 0.0, 0.0, 0.0, 0.0, 0.0, 1.741146860680637E9, 0.0, 2025-03-04 21:54:20.680
128.0, -30683.98304986752, -10111.10217703607, -5991.765080900798, 18213.18485894023, -25231.76672837338, 11660.480399189044, 12663.403172898672, 31861.517651262006, 19730.04129291073, 1611.4937199942733, -4616.976334688226, 27183.588109444157, -9010.435224823383, -4100.561630792812, 2170.4661453325925, 4039.384906218637, -0.024994505969574678, 0.8468958293914329, 0.5083768291822635, 192.0, 0.0, 0.0, 0.0, 0.0, 0.0, 0.0, 0.0, 0.0, 0.0, 1.741146860680853E9, 0.0, 2025-03-04 21:54:20.680
130.0, -30700.83626518682, -10178.872666224559, -6043.643479781566, 18220.80680379949, -25134.49193650388, 11602.745843260986, 12665.8395130443, 31835.947255605133, 19591.39342205446, 1581.6764928908938, -4618.987991689204, 27183.85633037762, -9013.855041725044, -4093.0514446558295, 2210.2298987185836, 4041.6200806641677, -0.01349725298478734, 0.8454479146957165, 0.5061884145911317, 192.0, 127.5, 120.0, 13.0, 48.0, 7.5, 96.0, 0.0, 0.0, 0.0, 1.741146860681072E9, 0.0, 2025-03-04 21:54:20.681
132.0, -30712.347413581305, -10246.88902460206, -6072.432526640002, 18193.64943428629, -25128.16639282303, 11549.951022857551, 12644.068913944831, 31804.63246162325, 19947.94844960552, 1468.219038035755, -4708.21615555479, 27133.967236753375, -9059.586710880603, -4128.031924728385, 2215.1696342432065, 4006.684304080523, -0.01349725298478734, 0.8454479146957165, 0.5061884145911317, 192.0, 0.0, 0.0, 0.0, 0.0, 0.0, 0.0, 0.0, 0.0, 0.0, 1.741146860681309E9, 0.0, 2025-03-04 21:54:20.681
134.0, -30698.489332019013, -10269.173713824, -6049.611395551133, 18219.152774709793, -25119.67272993001, 11519.08326376477, 12683.139763252708, 31806.845284324325, 19905.748356073902, 1390.189098142278, -4744.470685061298, 27110.85553298659, -9056.680984101413, -4140.1018667342505, 2251.535922471991, 4002.683341823023, -0.01349725298478734, 0.8454479146957165, 0.5061884145911317, 192.0, 0.0, 0.0, 0.0, 0.0, 0.0, 0.0, 0.0, 0.0, 0.0, 1.741146860740278E9, 0.0, 2025-03-04 21:54:20.740
136.0, -30701.68563147612, -10273.755821437338, -6062.173075935016, 18185.40164058228, -25278.95126091853, 11595.682692013108, 12676.098963749286, 31805.72769710156, 20432.89189730786, 1363.1434873513565, -4749.253958374734, 27123.37250988156, -9100.289237533718, -4131.787017796876, 2251.155942816251, 4029.4383799360253, -0.01349725298478734, 0.8454479146957165, 0.5061884145911317, 192.0, 0.0, 0.0, 0.0, 0.0, 0.0, 0.0, 0.0, 0.0, 0.0, 1.74114686074056E9, 0.0, 2025-03-04 21:54:20.740
138.0, -30674.77413115193, -10282.450650030452, -6056.4957328433675, 18133.366779490327, -25705.780173037074, 11583.523343029421, 12590.983520863478, 31774.748179286504, 20562.844939571016, 1344.9268156202813, -4762.79911551465, 27117.963387723375, -9113.722635951357, -4110.061122186318, 2282.426033309225, 4036.054496294796, -0.01349725298478734, 0.8454479146957165, 0.5061884145911317, 192.0, 0.0, 0.0, 0.0, 0.0, 0.0, 0.0, 0.0, 0.0, 0.0, 1.741146860740804E9, 0.0, 2025-03-04 21:54:20.740
140.0, -30665.49815720298, -10276.236865071878, -6084.413061668046, 18096.084069738874, -25755.021066072117, 11559.718735184519, 12595.029186609887, 31771.887155996224, 21269.49534052555, 1330.6664026577953, -4765.101345193547, 27123.17134418146, -9112.13566209503, -4107.222450640494, 2332.6727548447557, 4015.8932227961095, -0.00474862649239367, 0.8407239573478582, 0.5040942072955659, 192.0, 0.0, 16.0, 13.0, 16.0, 7.5, 88.0, 0.0, 0.0, 0.0, 1.741146860741019E9, 0.0, 2025-03-04 21:54:20.741
142.0, -30637.670235356123, -10266.200931811445, -6090.559791393255, 18108.95867454513, -25976.4821501353, 11561.506874740944, 12590.089451085265, 31772.62476356325, 21577.010640741664, 1305.453634912209, -4797.109043253547, 27124.37833838205, -9131.715790237879, -4090.726863232477, 2377.555057711012, 4015.93792628502, -0.00474862649239367, 0.8407239573478582, 0.5040942072955659, 192.0, 0.0, 0.0, 0.0, 0.0, 0.0, 0.0, 0.0, 0.0, 0.0, 1.741146860741252E9, 0.0, 2025-03-04 21:54:20.741
144.0, -30636.127964988707, -10258.17665555199, -6086.11179424665, 18090.943168514154, -25896.149980562925, 11515.395225929646, 12549.096351754231, 31771.685990296126, 22321.122565403293, 1277.9162857432707, -4827.976802346326, 27135.80007979871, -9146.177368900462, -4099.1311191476725, 2402.0302178895736, 4003.5550598567797, -0.00474862649239367, 0.8407239573478582, 0.5040942072955659, 192.0, 0.0, 0.0, 0.0, 0.0, 0.0, 0.0, 0.0, 0.0, 0.0, 1.741146860741488E9, 0.0, 2025-03-04 21:54:20.741
146.0, -30622.76162180443, -10255.293280517255, -6084.189544223493, 18105.829430321388, -25955.404455113945, 11501.380682156168, 12554.170197745587, 31767.349751871796, 22707.606578780007, 1252.4129453197654, -4850.686174712918, 27137.342350166127, -9141.86348222059, -4063.390679763637, 2400.4432440332466, 4010.193527960006, -0.00474862649239367, 0.8407239573478582, 0.5040942072955659, 192.0, 0.0, 0.0, 0.0, 0.0, 0.0, 0.0, 0.0, 0.0, 0.0, 1.741146860741703E9, 0.0, 2025-03-04 21:54:20.741
148.0, -30625.555589861346, -10260.300071275244, -6091.63267512711, 18071.00541246002, -25848.96544801777, 11461.438114814535, 12554.997212290433, 31778.123292699256, 23492.510437072568, 1215.2866977795004, -4869.126363888546, 27131.486193118835, -9167.8138575332, -4066.89990364312, 2337.456028158191, 3971.323844352227, -0.00474862649239367, 0.8407239573478582, 0.5040942072955659, 192.0, 0.0, 0.0, 0.0, 0.0, 0.0, 0.0, 0.0, 0.0, 0.0, 1.741146860741929E9, 0.0, 2025-03-04 21:54:20.741
150.0, -30598.509979070426, -10249.45947521442, -6074.153610963061, 18048.34074358234, -25977.778551313706, 11466.824885228263, 12484.790382956313, 31800.653851110204, 23887.06343019765, 1192.0855870348917, -4896.3060851462, 27119.90798949099, -9174.944064014444, -4061.066098340285, 2351.045888787018, 3992.379187629126, -0.006374313246196835, 0.849361978673929, 0.5010471036477829, 192.0, 127.5, 96.0, 13.0, 104.0, 7.5, 72.0, 0.0, 0.0, 0.0, 1.741146860799494E9, 0.0, 2025-03-04 21:54:20.799
152.0, -30582.72964748498, -10231.421617438988, -6070.15264870556, 18020.17754556865, -25795.455371791766, 11516.624571874687, 12514.80877575979, 31782.28071716794, 24535.442833357196, 1177.8698775613163, -4891.120480432568, 27124.490097104324, -9183.169505973996, -4078.254589826416, 2327.8000745534987, 4004.9185162685535, -0.006374313246196835, 0.849361978673929, 0.5010471036477829, 192.0, 0.0, 0.0, 0.0, 0.0, 0.0, 0.0, 0.0, 0.0, 0.0, 1.741146860799776E9, 0.0, 2025-03-04 21:54:20.799
154.0, -30571.732589212967, -10219.530489388764, -6078.042814498283, 18013.0026355985, -25945.86026023153, 11486.51677209339, 12493.194638871508, 31756.866783722257, 24906.41473608193, 1155.071098216903, -4907.325495162666, 27117.628111556543, -9153.866368993089, -3967.032309416808, 2335.3326124349373, 4058.7191651724775, -0.006374313246196835, 0.849361978673929, 0.5010471036477829, 192.0, 0.0, 0.0, 0.0, 0.0, 0.0, 0.0, 0.0, 0.0, 0.0, 1.741146860800019E9, 0.0, 2025-03-04 21:54:20.800
156.0, -30578.795740460842, -10237.993030308848, -6107.122434034638, 17936.35850386125, -25756.13865329488, 11378.624901607622, 12407.341588418674, 31724.74732693998, 25430.339626114324, 1057.0586987803815, -4937.857978088615, 27105.178189894938, -9192.892514812054, -3989.4958125943917, 2320.3122401609708, 4042.6259091646566, -0.006374313246196835, 0.849361978673929, 0.5010471036477829, 192.0, 0.0, 0.0, 0.0, 0.0, 0.0, 0.0, 0.0, 0.0, 0.0, 1.741146860800238E9, 0.0, 2025-03-04 21:54:20.800
158.0, -30576.404103804125, -10237.970678564392, -6135.196225070504, 17892.280863795386, -25965.37333314101, 11323.19257535846, 12476.9449206525, 31758.453757578583, 25884.37061123498, 919.4613599135113, -4972.79375467226, 27079.764256449256, -9217.971172090909, -4000.515222610858, 2296.0382456825073, 4046.224540021961, -0.006374313246196835, 0.849361978673929, 0.5010471036477829, 192.0, 0.0, 0.0, 0.0, 0.0, 0.0, 0.0, 0.0, 0.0, 0.0, 1.741146860800463E9, 0.0, 2025-03-04 21:54:20.800
160.0, -30557.092196594742, -10233.857957584614, -6133.586899469722, 17947.579079577816, -25921.94389366435, 11344.002049446352, 12416.304637945252, 31710.33045176631, 26384.8261695893, 788.2566199608589, -4963.115449323112, 27104.060602672173, -9240.054695612753, -4012.6969233390005, 2302.319085874449, 4032.7911416043216, -0.008187156623098418, 0.8486809893369645, 0.49652355182389146, 192.0, 127.5, 88.0, 13.0, 64.0, 7.5, 48.0, 0.0, 0.0, 0.0, 1.741146860800701E9, 0.0, 2025-03-04 21:54:20.800
162.0, -30554.544097726837, -10221.050408011724, -6124.981477854429, 18057.549662297926, -26039.804642177183, 11325.472453292901, 12438.723437633926, 31719.651129204172, 26753.451139146226, 631.906167495986, -5004.265010865332, 27113.403631854493, -9242.02164912482, -3972.2849693638054, 2341.993432282619, 4042.871778353665, -0.008187156623098418, 0.8486809893369645, 0.49652355182389146, 192.0, 0.0, 0.0, 0.0, 0.0, 0.0, 0.0, 0.0, 0.0, 0.0, 1.741146860800918E9, 0.0, 2025-03-04 21:54:20.800
164.0, -30552.9124203816, -10222.011533023302, -6125.249698787892, 18138.82060513742, -25792.30377582357, 11257.187873981939, 12404.0782337282, 31704.1837220411, 27115.571751066658, 523.0308202541853, -5039.670174082538, 27158.442396931936, -9270.855399472166, -3940.523140492814, 2361.7747261255654, 4045.710449899489, -0.008187156623098418, 0.8486809893369645, 0.49652355182389146, 192.0, 0.0, 0.0, 0.0, 0.0, 0.0, 0.0, 0.0, 0.0, 0.0, 1.741146860860229E9, 0.0, 2025-03-04 21:54:20.860
166.0, -30552.42068200358, -10218.077625999169, -6117.113663806161, 18148.945945375675, -25944.630914286485, 11215.568925806157, 12418.003370523855, 31753.581077287326, 27545.284038219936, 442.63159544844575, -5115.196718597022, 27153.502661407314, -9329.573432156258, -3964.998300671375, 2375.789269899043, 4040.3460312302154, -0.008187156623098418, 0.8486809893369645, 0.49652355182389146, 192.0, 0.0, 0.0, 0.0, 0.0, 0.0, 0.0, 0.0, 0.0, 0.0, 1.741146860860527E9, 0.0, 2025-03-04 21:54:20.860
168.0, -30552.845365148234, -10243.580966422674, -6112.39744572609, 18182.98765218111, -25807.570017286544, 11305.825269916686, 12330.29512528123, 31677.07105601681, 27663.234193710592, 373.3411876369939, -5156.7039080505265, 27171.451112204926, -9358.161313314595, -3969.7145187514448, 2385.892258392842, 4032.411161948581, -0.008187156623098418, 0.8486809893369645, 0.49652355182389146, 192.0, 0.0, 0.0, 0.0, 0.0, 0.0, 0.0, 0.0, 0.0, 0.0, 1.74114686086074E9, 0.0, 2025-03-04 21:54:20.860
170.0, -30517.775478097854, -10220.581021378162, -6061.748392790365, 18193.26945463055, -25991.2343014758, 11360.050601965262, 12326.33886651264, 31702.95437609606, 27854.07338787, 311.5162624736145, -5211.309219754841, 27158.57650739867, -9369.113668097696, -3932.4094572555373, 2363.9875488266407, 4058.8532756392096, -0.014093578311549209, 0.8663404946684823, 0.48826177591194575, 192.0, 127.5, 48.0, 13.5, 80.0, 7.5, 0.0, 0.0, 0.0, 0.0, 1.741146860860959E9, 0.0, 2025-03-04 21:54:20.860
172.0, -30506.934882037032, -10238.730637875871, -6081.552038377767, 18175.678631744224, -25880.392000721935, 11320.33155206818, 12285.032842759234, 31703.1331900517, 27735.430328301234, 316.52305323160334, -5186.342321198264, 27177.508434952313, -9353.154522556606, -3914.326895991194, 2386.7863281710543, 4109.457625086025, -0.014093578311549209, 0.8663404946684823, 0.48826177591194575, 192.0, 0.0, 0.0, 0.0, 0.0, 0.0, 0.0, 0.0, 0.0, 0.0, 1.741146860861188E9, 0.0, 2025-03-04 21:54:20.861
174.0, -30505.28085294734, -10247.671335657995, -6114.051474815783, 18121.006264806543, -25995.19056024439, 11250.258833200793, 12324.10369206711, 31718.108858836757, 27816.723622885183, 290.8185471080002, -5217.657115180149, 27157.213050986895, -9372.734650699455, -3932.4988642333587, 2331.1975397107053, 4121.281697902882, -0.014093578311549209, 0.8663404946684823, 0.48826177591194575, 192.0, 0.0, 0.0, 0.0, 0.0, 0.0, 0.0, 0.0, 0.0, 0.0, 1.741146860861396E9, 0.0, 2025-03-04 21:54:20.861
176.0, -30493.50148361939, -10245.190292023455, -6115.034951571817, 18122.97321831861, -25905.18008532287, 11279.226694014871, 12276.09214497711, 31701.52386445092, 27710.910464633762, 278.30157021302824, -5223.468568738529, 27161.102254522117, -9389.587866018757, -3937.7738759248114, 2279.3861960633035, 4138.581948111289, -0.014093578311549209, 0.8663404946684823, 0.48826177591194575, 192.0, 0.0, 0.0, 0.0, 0.0, 0.0, 0.0, 0.0, 0.0, 0.0, 1.741146860861627E9, 0.0, 2025-03-04 21:54:20.861
178.0, -30481.677410802535, -10236.160187263511, -6125.897899377096, 18063.53992981195, -25985.534606639696, 11244.514434875779, 12281.456563646385, 31684.40242819815, 28021.890285240446, 301.212108279718, -5227.8495106517685, 27180.168292542494, -9375.886246667653, -3900.4688144289034, 2263.1364778442953, 4166.655739147155, -0.014093578311549209, 0.8663404946684823, 0.48826177591194575, 192.0, 0.0, 0.0, 0.0, 0.0, 0.0, 0.0, 0.0, 0.0, 0.0, 1.74114686086184E9, 0.0, 2025-03-04 21:54:20.861
180.0, -30455.570573278736, -10247.827797869182, -6127.2837075333255, 18028.38063578375, -25935.042015915158, 11217.55823106268, 12236.082522402112, 31657.110948218222, 27879.37556259341, 329.7999894380557, -5237.974850890023, 27190.897129881043, -9367.61610121919, -3896.5349074047695, 2243.1316665567956, 4183.933637611108, -0.03, 0.88, 0.47400000000000003, 192.0, 127.5, 8.0, 13.5, 64.0, 7.0, 104.0, 0.0, 0.0, 0.0, 1.741146860921307E9, 0.0, 2025-03-04 21:54:20.921
182.0, -30456.64345701259, -10237.322477975187, -6132.312850035769, 17993.13193477773, -25966.267402919224, 11204.5942192786, 12257.00375521228, 31663.727064576993, 28142.85792623257, 337.10900987494114, -5261.980624435023, 27203.19058933146, -9371.550008243325, -3897.3172184607056, 2226.6584308932343, 4203.133786098217, -0.03, 0.88, 0.47400000000000003, 192.0, 0.0, 0.0, 0.0, 0.0, 0.0, 0.0, 0.0, 0.0, 0.0, 1.741146860921618E9, 0.0, 2025-03-04 21:54:20.921
184.0, -30458.185727380005, -10250.085324059168, -6151.7588677118865, 18008.733452407534, -25961.484129605786, 11181.59427423409, 12201.951408618857, 31630.490020571953, 27989.256738335698, 381.76779529664464, -5250.670641740638, 27226.7269762429, -9360.597653460223, -3884.4202619099933, 2230.994669317564, 4240.148274916205, -0.03, 0.88, 0.47400000000000003, 192.0, 0.0, 0.0, 0.0, 0.0, 0.0, 0.0, 0.0, 0.0, 0.0, 1.741146860921835E9, 0.0, 2025-03-04 21:54:20.921
186.0, -30456.64345701259, -10251.60524268213, -6163.404126573101, 17988.549827164392, -25942.66396077442, 11150.63710816349, 12193.480097470296, 31633.08282292877, 28263.445587568953, 380.9631324962536, -5300.939715020623, 27205.42576377699, -9392.180668375573, -3922.418227484015, 2196.058892733919, 4211.40393154668, -0.03, 0.88, 0.47400000000000003, 192.0, 0.0, 0.0, 0.0, 0.0, 0.0, 0.0, 0.0, 0.0, 0.0, 1.741146860922063E9, 0.0, 2025-03-04 21:54:20.922
188.0, -30451.92723893252, -10255.226225283888, -6183.721862282975, 18002.676129660147, -25981.600699615563, 11145.227986005306, 12159.1701697314, 31617.660119254604, 28099.1826175669, 444.9338251273424, -5325.683096132648, 27231.15262164505, -9384.46931653849, -3881.8945147865434, 2205.178404471684, 4229.240623622015, -0.03, 0.88, 0.47400000000000003, 192.0, 0.0, 0.0, 0.0, 0.0, 0.0, 0.0, 0.0, 0.0, 0.0, 1.741146860922295E9, 0.0, 2025-03-04 21:54:20.922
190.0, -30454.40828256706, -10255.293280517255, -6190.695606553031, 17999.099850547296, -25942.306332863132, 11135.952012056352, 12193.614207937027, 31628.277197870877, 28426.322749414772, 474.1475551304287, -5385.228143361586, 27224.6259122641, -9420.701494300543, -3895.327913204183, 2160.4525638166147, 4217.573013016345, -0.028, 0.884, 0.466, 192.0, 127.5, 16.0, 13.5, 80.0, 7.0, 72.0, 0.0, 0.0, 0.0, 1.741146860922512E9, 0.0, 2025-03-04 21:54:20.922
192.0, -30433.50940150135, -10253.415733983009, -6168.992062686928, 18011.549772208902, -26033.38969151851, 11114.941372268364, 12147.681373081372, 31624.924436202582, 28282.153997678044, 536.3524599495482, -5410.2173936626195, 27210.499609768347, -9385.788069461354, -3891.2822474577724, 2192.4155583877036, 4233.286289368426, -0.028, 0.884, 0.466, 192.0, 0.0, 0.0, 0.0, 0.0, 0.0, 0.0, 0.0, 0.0, 0.0, 1.741146860922741E9, 0.0, 2025-03-04 21:54:20.922
194.0, -30438.27032307033, -10254.019231083303, -6183.431289605056, 18001.51383894847, -25957.773740026205, 11124.485567150781, 12113.68436976485, 31587.57467121776, 28569.79859707339, 592.1871175989053, -5423.963716502633, 27211.617196991112, -9388.738499729456, -3897.361921949616, 2181.083223948863, 4235.74498125851, -0.028, 0.884, 0.466, 192.0, 0.0, 0.0, 0.0, 0.0, 0.0, 0.0, 0.0, 0.0, 0.0, 1.741146860980008E9, 0.0, 2025-03-04 21:54:20.980
196.0, -30435.096375357676, -10260.210664297421, -6179.720900025475, 17995.70238539009, -26104.87057028658, 11118.025913003197, 12141.199367189332, 31621.72813674547, 28418.8572667667, 651.6874613389327, -5462.766344877046, 27205.62692947709, -9389.900790441132, -3881.0227967527867, 2160.0949359053297, 4239.857702238286, -0.028, 0.884, 0.466, 192.0, 0.0, 0.0, 0.0, 0.0, 0.0, 0.0, 0.0, 0.0, 0.0, 1.741146860980268E9, 0.0, 2025-03-04 21:54:20.980
198.0, -30442.137174861098, -10269.218417312912, -6186.113498939693, 17972.635385112215, -26004.600644660073, 11115.209593201827, 12141.646402078439, 31648.93020974758, 28664.994676708542, 690.7136071578989, -5474.433955482717, 27222.949531429953, -9394.773470732389, -3901.876974329588, 2184.927723995176, 4268.0656037408835, -0.028, 0.884, 0.466, 192.0, 0.0, 0.0, 0.0, 0.0, 0.0, 0.0, 0.0, 0.0, 0.0, 1.741146860980492E9, 0.0, 2025-03-04 21:54:20.980
200.0, -30472.446140342494, -10301.360225839642, -6209.605182362221, 17952.474111613526, -26208.627368048117, 11091.986130712763, 12104.453099304808, 31600.3598690462, 28581.980297801532, 747.509389818834, -5509.794415211012, 27223.977711674896, -9413.526584330391, -3888.6000381231356, 2173.640093045246, 4277.98977827904, -0.036000000000000004, 0.874, 0.466, 192.0, 127.0, 112.0, 13.5, 40.0, 7.0, 72.0, 0.0, 0.0, 0.0, 1.741146860980709E9, 0.0, 2025-03-04 21:54:20.980
202.0, -30472.75906476487, -10307.976342198413, -6194.160126943604, 17963.135893718707, -26078.629622296052, 11114.002599001242, 12091.667901476372, 31599.39874403462, 28698.835217813878, 764.7872882827864, -5527.228775886152, 27221.675481996, -9431.407979894637, -3899.7088551174234, 2161.7713167394777, 4273.027691009962, -0.036000000000000004, 0.874, 0.466, 192.0, 0.0, 0.0, 0.0, 0.0, 0.0, 0.0, 0.0, 0.0, 0.0, 1.741146860980955E9, 0.0, 2025-03-04 21:54:20.980
204.0, -30501.27989068984, -10326.014199973846, -6204.151356715126, 17973.194178723596, -26294.18984582303, 11090.734433023266, 12101.703834736805, 31605.34430805973, 28582.94142281311, 808.9766870709285, -5548.172360440774, 27230.23620012238, -9412.788976763366, -3891.8633928136105, 2197.0423694899523, 4307.583487937866, -0.036000000000000004, 0.874, 0.466, 192.0, 0.0, 0.0, 0.0, 0.0, 0.0, 0.0, 0.0, 0.0, 0.0, 1.741146860981198E9, 0.0, 2025-03-04 21:54:20.981
206.0, -30538.070862063276, -10384.016976835368, -6234.728543129986, 17948.584908078305, -26162.739236681373, 11057.18446459585, 12083.420107772365, 31607.266558082887, 28658.020932438485, 825.5616814567663, -5567.059584505509, 27230.526772800302, -9454.340869705782, -3901.206421995929, 2171.5390290664473, 4305.840051870353, -0.036000000000000004, 0.874, 0.466, 192.0, 0.0, 0.0, 0.0, 0.0, 0.0, 0.0, 0.0, 0.0, 0.0, 1.741146860981404E9, 0.0, 2025-03-04 21:54:20.981
208.0, -30555.81814716079, -10409.743834703426, -6232.023982050894, 17962.286527429405, -26391.777562114905, 11089.281569633671, 12044.639831142405, 31588.334630529243, 28581.75678035698, 829.0932570807049, -5612.0312943495865, 27181.911728610008, -9457.738334862988, -3916.6067739256355, 2176.568171568891, 4300.050950056428, -0.036000000000000004, 0.874, 0.466, 192.0, 0.0, 0.0, 0.0, 0.0, 0.0, 0.0, 0.0, 0.0, 0.0, 1.74114686098162E9, 0.0, 2025-03-04 21:54:20.981
210.0, -30572.76076945791, -10456.123704448188, -6244.987993834972, 17953.770512791936, -26240.702121341485, 11051.909452904398, 11964.08414412548, 31555.231696990933, 28600.17461778815, 863.6714057530648, -5611.025465849098, 27176.90493785202, -9459.749991863966, -3896.2443347268504, 2207.3688754283044, 4312.7914443959535, -0.034, 0.88, 0.466, 192.0, 127.0, 120.0, 13.5, 64.0, 7.0, 72.0, 0.0, 0.0, 0.0, 1.741146861040387E9, 0.0, 2025-03-04 21:54:21.040
212.0, -30588.943432443553, -10466.606672597727, -6246.418505480112, 17953.79286453639, -26471.81915900936, 11034.050409084608, 11993.700205528761, 31584.78070316085, 28484.839616398767, 879.2058681495033, -5620.63671596488, 27153.23444047385, -9473.92099784863, -3917.791416381767, 2203.189099215162, 4310.80213913943, -0.034, 0.88, 0.466, 192.0, 0.0, 0.0, 0.0, 0.0, 0.0, 0.0, 0.0, 0.0, 0.0, 1.74114686104067E9, 0.0, 2025-03-04 21:54:21.040
214.0, -30619.744136302965, -10501.073062547812, -6277.599188995265, 17947.02028596643, -26347.185831926567, 11031.23408928324, 11965.738173215172, 31521.41350763005, 28443.555944389816, 903.0775312277713, -5615.942849629266, 27158.37534169857, -9493.679939947122, -3938.846759658666, 2207.8159103174103, 4321.218052055604, -0.034, 0.88, 0.466, 192.0, 0.0, 0.0, 0.0, 0.0, 0.0, 0.0, 0.0, 0.0, 0.0, 1.741146861040898E9, 0.0, 2025-03-04 21:54:21.040
216.0, -30594.710182513023, -10459.431762627573, -6229.162958760615, 17973.820027568345, -26536.840383629846, 11055.217511083783, 11964.218254592211, 31584.11015082719, 28502.005756140443, 922.6800111150756, -5649.135190145396, 27131.62030358557, -9511.02489364444, -3931.15775956604, 2200.216317202606, 4307.985819338062, -0.034, 0.88, 0.466, 192.0, 0.0, 0.0, 0.0, 0.0, 0.0, 0.0, 0.0, 0.0, 0.0, 1.741146861041111E9, 0.0, 2025-03-04 21:54:21.041
218.0, -30587.44586556505, -10457.420105626596, -6234.28150824088, 17980.346736949294, -26414.21871354803, 11055.776304695166, 11971.683737240284, 31583.52900547135, 28429.04966223832, 998.6088870297536, -5595.379244730383, 27186.09150482315, -9481.230018285516, -3894.970285292898, 2262.912960399742, 4366.480334577601, -0.034, 0.88, 0.466, 192.0, 0.0, 0.0, 0.0, 0.0, 0.0, 0.0, 0.0, 0.0, 0.0, 1.741146861041327E9, 0.0, 2025-03-04 21:54:21.041
220.0, -30584.070752152296, -10445.193701409544, -6234.370915218701, 17967.583890865313, -26613.21629443363, 11043.99693536722, 11949.779027674083, 31564.19474651751, 28661.708970273612, 1014.210404659558, -5608.410311747827, 27172.032257560764, -9500.094890605795, -3902.9722098078983, 2250.6195009493235, 4354.544503038466, -0.024, 0.882, 0.47000000000000003, 192.0, 127.5, 32.0, 13.5, 72.0, 7.0, 88.0, 0.0, 0.0, 0.0, 1.741146861041545E9, 0.0, 2025-03-04 21:54:21.041
222.0, -30595.20192089104, -10448.792332266848, -6252.051145082849, 17981.88900731671, -26490.505217373993, 11006.110728515474, 11938.2678792796, 31544.458156163473, 28746.623247459323, 1032.337669412812, -5597.212087775718, 27178.80483613072, -9514.176489612639, -3917.232622770384, 2244.696288668667, 4345.268529089514, -0.024, 0.882, 0.47000000000000003, 192.0, 0.0, 0.0, 0.0, 0.0, 0.0, 0.0, 0.0, 0.0, 0.0, 1.741146861041781E9, 0.0, 2025-03-04 21:54:21.041
224.0, -30588.49639755445, -10429.25690761291, -6237.5225111868995, 17980.994937538497, -26610.89171301028, 11035.771493407667, 11894.659625847296, 31556.081063280235, 29073.38339965146, 1035.8692450367505, -5607.940925114265, 27161.43753068895, -9524.234774617527, -3943.3841637830933, 2246.35031775836, 4343.636851744277, -0.024, 0.882, 0.47000000000000003, 192.0, 0.0, 0.0, 0.0, 0.0, 0.0, 0.0, 0.0, 0.0, 0.0, 1.741146861099995E9, 0.0, 2025-03-04 21:54:21.099
226.0, -30588.317583598804, -10432.676724514571, -6247.223168280503, 18008.66639717417, -26528.92786609267, 11038.23018529775, 11870.005651713092, 31527.068498977245, 29007.35634653048, 1073.0401960659262, -5579.9788928006765, 27185.309193767214, -9516.45636754708, -3923.5134629623253, 2272.6136174933454, 4368.603750300855, -0.024, 0.882, 0.47000000000000003, 192.0, 0.0, 0.0, 0.0, 0.0, 0.0, 0.0, 0.0, 0.0, 0.0, 1.741146861100282E9, 0.0, 2025-03-04 21:54:21.100
228.0, -30591.983269689474, -10408.514488758385, -6235.913185586118, 18009.94044660812, -26618.021919491523, 11027.680161914846, 11879.974529740159, 31531.47179263494, 29261.65214319851, 1086.361835761289, -5589.053701049531, 27180.66003092051, -9526.537004296422, -3936.3433642796713, 2260.1189923428287, 4366.0332996884945, -0.024, 0.882, 0.47000000000000003, 192.0, 0.0, 0.0, 0.0, 0.0, 0.0, 0.0, 0.0, 0.0, 0.0, 1.741146861100498E9, 0.0, 2025-03-04 21:54:21.100
230.0, -30580.695638739544, -10407.1063288577, -6237.3436972312575, 18021.47394674706, -26602.845085006367, 11013.84443209701, 11859.545035308009, 31493.809103227748, 29010.12796284294, 1109.4511877836214, -5572.200485730229, 27196.552121228233, -9511.06959713335, -3937.3715445246157, 2279.430899552214, 4386.082814464905, -0.024, 0.878, 0.47200000000000003, 192.0, 127.5, 32.0, 13.5, 56.0, 7.0, 96.0, 0.0, 0.0, 0.0, 1.741146861100713E9, 0.0, 2025-03-04 21:54:21.100
232.0, -30593.34672610125, -10405.608761979194, -6232.269851239902, 18010.52159196396, -26661.384303734816, 11028.507176459692, 11857.689840518218, 31527.023795488334, 29200.117790713048, 1116.849615198328, -5573.385128186361, 27199.323737540693, -9512.50010877849, -3934.0187828563194, 2275.0052541500636, 4378.840849261385, -0.024, 0.878, 0.47200000000000003, 192.0, 0.0, 0.0, 0.0, 0.0, 0.0, 0.0, 0.0, 0.0, 0.0, 1.741146861100965E9, 0.0, 2025-03-04 21:54:21.100
234.0, -30595.716011013512, -10403.1053666002, -6235.823778608296, 18010.678054175147, -26677.81283590947, 11021.533432189635, 11834.980468151625, 31500.916957964535, 28975.16983451484, 1134.395734595744, -5565.271444949084, 27210.790182446264, -9525.911155451675, -3951.006108642353, 2280.526135030524, 4409.619201376343, -0.024, 0.878, 0.47200000000000003, 192.0, 0.0, 0.0, 0.0, 0.0, 0.0, 0.0, 0.0, 0.0, 0.0, 1.741146861101192E9, 0.0, 2025-03-04 21:54:21.101
236.0, -30588.85402546573, -10379.904255855592, -6225.050237780838, 18005.023062827953, -26665.631135181327, 11024.930897346843, 11817.367293520843, 31488.623498514116, 29239.747433632307, 1135.2451008850458, -5560.063488490998, 27221.42961280699, -9538.137559668727, -3932.2976985332607, 2264.499934256069, 4393.771814557531, -0.024, 0.878, 0.47200000000000003, 192.0, 0.0, 0.0, 0.0, 0.0, 0.0, 0.0, 0.0, 0.0, 0.0, 1.741146861101406E9, 0.0, 2025-03-04 21:54:21.101
238.0, -30599.739325015467, -10393.62822695115, -6232.582775662277, 17992.7966586109, -26717.48718231764, 10977.947530501788, 11824.698665702184, 31457.956905121435, 29023.02491939365, 1165.8669907888163, -5529.061618931487, 27245.278924140803, -9507.135690109217, -3915.936221591976, 2290.2938473574936, 4421.197405004193, -0.024, 0.878, 0.47200000000000003, 192.0, 0.0, 0.0, 0.0, 0.0, 0.0, 0.0, 0.0, 0.0, 0.0, 1.741146861101619E9, 0.0, 2025-03-04 21:54:21.101
240.0, -30598.800551748343, -10371.790572618314, -6213.069702752794, 17986.672280630148, -26669.60974569437, 11017.75598737669, 11836.701552474684, 31492.37859158261, 29236.662892897475, 1166.3363774223778, -5531.006220699099, 27240.741520016378, -9529.800358986899, -3938.5114834918363, 2265.0140243785413, 4406.713474597153, -0.024, 0.86, 0.47600000000000003, 192.0, 127.5, 32.0, 13.0, 112.0, 7.0, 112.0, 0.0, 0.0, 0.0, 1.741146861161198E9, 0.0, 2025-03-04 21:54:21.161
242.0, -30605.506075084937, -10382.541761701317, -6216.020133020894, 17978.84917007079, -26754.63578160236, 11001.998007535698, 11809.946514361682, 31477.89466117557, 28941.306941665047, 1179.0321682729923, -5532.146159666319, 27248.028188708806, -9512.365998311758, -3938.1538555805514, 2276.145193117284, 4433.647326665799, -0.024, 0.86, 0.47600000000000003, 192.0, 0.0, 0.0, 0.0, 0.0, 0.0, 0.0, 0.0, 0.0, 0.0, 1.741146861161473E9, 0.0, 2025-03-04 21:54:21.161
244.0, -30606.310737885327, -10365.174456259545, -6203.503156125922, 17976.770457836446, -26705.551350778504, 11027.501347959203, 11797.317778744433, 31475.19010009648, 29004.182398817826, 1184.7095113646403, -5519.2268513711515, 27256.54420334628, -9501.748919695488, -3946.5804632402023, 2287.008140922563, 4429.333439985924, -0.024, 0.86, 0.47600000000000003, 192.0, 0.0, 0.0, 0.0, 0.0, 0.0, 0.0, 0.0, 0.0, 0.0, 1.741146861161702E9, 0.0, 2025-03-04 21:54:21.161
246.0, -30617.754831046444, -10388.464973981974, -6225.989011047961, 17952.340001146797, -26857.5879165635, 10999.785184834622, 11782.610330892841, 31443.98706483687, 28683.703086817633, 1190.364502711833, -5526.513520063582, 27257.907659758053, -9502.754748195977, -3937.4609515024367, 2291.187917135706, 4454.635614709332, -0.024, 0.86, 0.47600000000000003, 192.0, 0.0, 0.0, 0.0, 0.0, 0.0, 0.0, 0.0, 0.0, 0.0, 1.741146861161933E9, 0.0, 2025-03-04 21:54:21.161
248.0, -30632.037595753387, -10384.53106695784, -6233.298031484846, 17933.743349759978, -26731.032339457553, 11013.799728608099, 11743.628888562786, 31416.539122645754, 28822.976806518654, 1173.3101216924335, -5533.822540500467, 27246.15064217456, -9537.891690479719, -3956.6387482450905, 2248.0266985925077, 4423.544338172, -0.024, 0.86, 0.47600000000000003, 192.0, 0.0, 0.0, 0.0, 0.0, 0.0, 0.0, 0.0, 0.0, 0.0, 1.741146861162168E9, 0.0, 2025-03-04 21:54:21.162
250.0, -30609.23881640897, -10354.222101476444, -6209.828699806774, 17945.679181299114, -26910.42744045585, 11016.213717009274, 11768.439324908177, 31437.50505894483, 28635.602132749813, 1206.0554273194584, -5525.775912496557, 27264.38966565009, -9482.437012486102, -3910.0577128002305, 2288.885687456809, 4451.685184441231, -0.034, 0.856, 0.47400000000000003, 192.0, 127.0, 120.0, 13.0, 96.0, 7.0, 104.0, 0.0, 0.0, 0.0, 1.741146861162402E9, 0.0, 2025-03-04 21:54:21.162
252.0, -30630.8306015528, -10387.079165825746, -6233.141569273659, 17910.38577680418, -26794.35483149944, 10985.323606172038, 11723.534670297466, 31416.22619822338, 28731.60287518536, 1203.3285144959111, -5516.298772847506, 27267.04952324027, -9504.855812174776, -3929.839006643177, 2276.0334343950076, 4440.911643613773, -0.034, 0.856, 0.47400000000000003, 192.0, 0.0, 0.0, 0.0, 0.0, 0.0, 0.0, 0.0, 0.0, 0.0, 1.741146861162627E9, 0.0, 2025-03-04 21:54:21.162
254.0, -30636.30677894435, -10380.105421555689, -6229.095903527249, 17907.480050024995, -26981.215415145805, 10988.519905629148, 11726.753321499029, 31412.26993945479, 28588.641117649215, 1182.7872613414838, -5543.254976660607, 27230.638531522578, -9502.732396451522, -3945.462876017437, 2272.0995273708736, 4423.92431782774, -0.034, 0.856, 0.47400000000000003, 192.0, 0.0, 0.0, 0.0, 0.0, 0.0, 0.0, 0.0, 0.0, 0.0, 1.741146861162859E9, 0.0, 2025-03-04 21:54:21.162
0.0, -30663.821776368834, -10398.43385200904, -6258.33198527479, 17882.289634023862, -26817.958273644243, 10935.948602670265, 11738.242118149057, 31401.004660249313, 28658.602077794323, 1188.755177111051, -5533.911947478288, 27237.209944392438, -9516.5457745249, -3939.1820358254954, 2262.0412423659855, 4414.737750856609, -0.034, 0.856, 0.47400000000000003, 192.0, 0.0, 0.0, 0.0, 0.0, 0.0, 0.0, 0.0, 0.0, 0.0, 1.741146861221479E9, 0.0, 2025-03-04 21:54:21.221
2.0, -30639.167802234628, -10356.211406732966, -6222.032752279371, 17893.644320207157, -27011.457325393836, 10991.515039386159, 11696.489059506543, 31403.150427717024, 28545.74812003948, 1183.7260346086068, -5555.9731192556765, 27222.63660700758, -9540.708010281089, -3960.3491378246713, 2231.732276884589, 4396.878707036818, -0.034, 0.856, 0.47400000000000003, 192.0, 0.0, 0.0, 0.0, 0.0, 0.0, 0.0, 0.0, 0.0, 0.0, 1.741146861221732E9, 0.0, 2025-03-04 21:54:21.221
4.0, -30632.462278898038, -10358.200711989488, -6213.784958575364, 17892.526732984392, -26828.955331916255, 10985.524771872137, 11666.045983558415, 31417.321433701687, 28512.913407434633, 1227.781322930017, -5500.674903473247, 27274.984392521907, -9482.6381781862, -3927.0673903307193, 2302.7214172746444, 4438.520006957056, -0.046, 0.868, 0.46, 192.0, 127.0, 72.0, 13.5, 16.0, 7.0, 48.0, 0.0, 0.0, 0.0, 1.741146861221953E9, 0.0, 2025-03-04 21:54:21.221
6.0, -30643.6828546146, -10362.268729480355, -6219.663467367109, 17878.15456129963, -27006.718755569313, 11006.17778374884, 11654.490131675022, 31416.896750557036, 28418.14201094413, 1206.9047936087602, -5530.089799176431, 27242.596714806168, -9502.6429894737, -3930.3083932767386, 2282.1354606313066, 4429.691067897209, -0.046, 0.868, 0.46, 192.0, 0.0, 0.0, 0.0, 0.0, 0.0, 0.0, 0.0, 0.0, 0.0, 1.74114686122218E9, 0.0, 2025-03-04 21:54:21.222
8.0, -30653.607029152758, -10369.555398172784, -6223.70913311352, 17878.847465377745, -26830.87758193941, 10970.929082742821, 11666.984756825537, 31418.59548313564, 28326.097527277176, 1215.0408285904919, -5515.739979236124, 27247.849374753165, -9502.017140628952, -3937.662117202535, 2276.659283239756, 4423.790207361008, -0.046, 0.868, 0.46, 192.0, 0.0, 0.0, 0.0, 0.0, 0.0, 0.0, 0.0, 0.0, 0.0, 1.741146861222401E9, 0.0, 2025-03-04 21:54:21.222
10.0, -30657.384473965703, -10363.363964958664, -6229.721752371997, 17870.800837373834, -27022.92377029941, 10967.621024563436, 11687.391899513234, 31428.56436116271, 28323.99646329838, 1219.2206048036344, -5524.56891829597, 27232.069043167718, -9508.342684309804, -3927.7155909199228, 2290.0479781684853, 4429.065219052461, -0.046, 0.868, 0.46, 192.0, 0.0, 0.0, 0.0, 0.0, 0.0, 0.0, 0.0, 0.0, 0.0, 1.741146861222631E9, 0.0, 2025-03-04 21:54:21.222
12.0, -30669.789692138398, -10386.654482681095, -6246.731429902486, 17862.329526225272, -26863.242907910695, 10961.049611693576, 11631.333724419323, 31402.055192238713, 28243.39607279254, 1208.2235465316232, -5524.479511318149, 27218.412127305524, -9517.97628617004, -3942.579500982702, 2274.267646583038, 4407.24991646408, -0.046, 0.868, 0.46, 192.0, 0.0, 0.0, 0.0, 0.0, 0.0, 0.0, 0.0, 0.0, 0.0, 1.741146861222849E9, 0.0, 2025-03-04 21:54:21.222
14.0, -30666.79455838139, -10373.48930519692, -6238.9306710875835, 17864.229424503974, -26998.00157523174, 10970.50439959817, 11623.264744670958, 31402.39046840554, 28348.56103045476, 1212.3362675113997, -5524.814787484978, 27208.510304511823, -9506.286323819915, -3941.3725067821156, 2295.054768926474, 4413.195480489192, -0.036000000000000004, 0.874, 0.458, 192.0, 127.0, 112.0, 13.5, 40.0, 7.0, 40.0, 0.0, 0.0, 0.0, 1.741146861281737E9, 0.0, 2025-03-04 21:54:21.281
16.0, -30687.35816328027, -10413.141299860634, -6275.00638663845, 17844.91751729459, -26849.720102515235, 10918.938925139777, 11606.34447411829, 31371.63446803504, 28183.851025563603, 1207.3518284978663, -5514.957668180188, 27206.409240533027, -9522.446635061102, -3956.0128994003417, 2286.1364228888065, 4413.441349678201, -0.036000000000000004, 0.874, 0.458, 192.0, 0.0, 0.0, 0.0, 0.0, 0.0, 0.0, 0.0, 0.0, 0.0, 1.741146861282056E9, 0.0, 2025-03-04 21:54:21.282
18.0, -30691.02384937094, -10395.751642674404, -6266.468020256522, 17834.076921233765, -26936.020187857175, 10936.216823603729, 11574.940273158583, 31367.030008677248, 28307.970262523922, 1173.488935648076, -5542.42796211576, 27169.43945520395, -9544.820731260865, -3993.385016129615, 2265.461059267647, 4381.835983018396, -0.036000000000000004, 0.874, 0.458, 192.0, 0.0, 0.0, 0.0, 0.0, 0.0, 0.0, 0.0, 0.0, 0.0, 1.741146861282278E9, 0.0, 2025-03-04 21:54:21.282
20.0, -30669.476767716023, -10378.71961339946, -6243.75864788993, 17871.002003073932, -26843.84159372349, 10940.821282961522, 11594.3862908347, 31388.979421732358, 28097.059201843644, 1214.169110556735, -5499.892592417311, 27206.364537044115, -9517.216326858561, -3964.484210548903, 2306.767083021055, 4417.9787538026285, -0.036000000000000004, 0.874, 0.458, 192.0, 0.0, 0.0, 0.0, 0.0, 0.0, 0.0, 0.0, 0.0, 0.0, 1.741146861282505E9, 0.0, 2025-03-04 21:54:21.282
22.0, -30694.331907550328, -10400.423157265563, -6259.829552153296, 17856.20514824452, -26899.117457761462, 10952.98063194521, 11595.325064101824, 31393.96386074589, 28243.57488674818, 1209.9669825991373, -5507.156909365286, 27199.61431021861, -9528.772178741954, -3972.6202455306347, 2298.5416410615017, 4431.121579542349, -0.036000000000000004, 0.874, 0.458, 192.0, 0.0, 0.0, 0.0, 0.0, 0.0, 0.0, 0.0, 0.0, 0.0, 1.741146861282752E9, 0.0, 2025-03-04 21:54:21.282
24.0, -30685.12298883474, -10393.449412995507, -6248.564272947821, 17862.553043669825, -26834.16328837434, 10957.965070958742, 11542.440836720567, 31361.084444652137, 28005.752325743717, 1218.550052469975, -5508.408607054783, 27202.832961420176, -9528.682771764132, -3951.587253998191, 2304.2860393865158, 4446.16430356077, -0.038, 0.878, 0.466, 192.0, 127.0, 104.0, 13.5, 56.0, 7.0, 72.0, 0.0, 0.0, 0.0, 1.74114686128297E9, 0.0, 2025-03-04 21:54:21.282
26.0, -30692.856692416277, -10390.297817027309, -6249.123066559204, 17837.8096625578, -26870.641335325403, 10932.394675301872, 11501.80536530082, 31301.159417767456, 28145.227211144833, 1223.914471139249, -5512.364865823372, 27205.82809517719, -9540.216271903071, -3971.6591205190566, 2282.113108886851, 4445.516102971566, -0.038, 0.878, 0.466, 192.0, 0.0, 0.0, 0.0, 0.0, 0.0, 0.0, 0.0, 0.0, 0.0, 1.741146861283206E9, 0.0, 2025-03-04 21:54:21.283
28.0, -30691.560291237867, -10401.786613677337, -6245.345621746257, 17849.544328396838, -26841.74052974469, 10978.729841557722, 11598.767232747941, 31408.492494641843, 27811.98505306066, 1222.9980496165813, -5512.789548968023, 27209.04674637875, -9534.248356133505, -3976.710614765956, 2301.4697195851472, 4461.654062468298, -0.038, 0.878, 0.466, 192.0, 0.0, 0.0, 0.0, 0.0, 0.0, 0.0, 0.0, 0.0, 0.0, 1.741146861283418E9, 0.0, 2025-03-04 21:54:21.283
30.0, -30694.153093594683, -10389.381395504643, -6252.386421249678, 17829.04777873132, -26814.225532320208, 10974.930045000321, 11583.210418607046, 31390.633450822053, 27973.67757245035, 1225.5908519733969, -5500.719606962158, 27224.87178145311, -9532.370809599259, -3965.7806117273108, 2311.5727080789457, 4489.191411637236, -0.038, 0.878, 0.466, 192.0, 0.0, 0.0, 0.0, 0.0, 0.0, 0.0, 0.0, 0.0, 0.0, 1.741146861344026E9, 0.0, 2025-03-04 21:54:21.344
32.0, -30706.98299491203, -10408.156860847099, -6271.05012786986, 17827.77372929737, -26833.962122674242, 10975.824114778534, 11563.362069530735, 31339.693825208407, 27746.38268308433, 1233.7268869551285, -5484.402833509784, 27232.069043167718, -9527.945164197108, -3962.360794825649, 2321.474530872647, 4474.439260296734, -0.038, 0.878, 0.466, 192.0, 0.0, 0.0, 0.0, 0.0, 0.0, 0.0, 0.0, 0.0, 0.0, 1.7411468613443E9, 0.0, 2025-03-04 21:54:21.344
34.0, -30722.003367185996, -10405.184078834543, -6274.0899651157815, 17810.205258155496, -26757.988543270654, 10962.07779193852, 11549.124008312703, 31328.719118680852, 27949.224764016246, 1217.9689071141372, -5487.107394588876, 27222.167220374016, -9572.715708341088, -3984.846649747688, 2284.8847251993093, 4454.479152498145, -0.044, 0.848, 0.482, 192.0, 127.0, 80.0, 13.0, 64.0, 7.5, 8.0, 0.0, 0.0, 0.0, 1.741146861344519E9, 0.0, 2025-03-04 21:54:21.344
36.0, -30687.17934932463, -10380.507752955884, -6240.182368777081, 17832.557002610803, -26843.84159372349, 10965.944643729288, 11520.066740520804, 31325.500467479287, 27689.43043821221, 1252.1894278752122, -5462.073440798931, 27246.128290430104, -9533.846024733308, -3966.9205506945314, 2333.0080310115854, 4475.914475430784, -0.044, 0.848, 0.482, 192.0, 0.0, 0.0, 0.0, 0.0, 0.0, 0.0, 0.0, 0.0, 0.0, 1.741146861344755E9, 0.0, 2025-03-04 21:54:21.344
38.0, -30711.587454269822, -10407.531012002351, -6268.412622024134, 17804.103231919198, -26737.357883138407, 10951.348954599973, 11486.159144182104, 31283.300373947666, 27876.29102185858, 1249.909549940771, -5456.1278767738195, 27246.575325319212, -9545.64774580571, -3968.351062339671, 2325.6096035968785, 4464.023347380561, -0.044, 0.848, 0.482, 192.0, 0.0, 0.0, 0.0, 0.0, 0.0, 0.0, 0.0, 0.0, 0.0, 1.741146861345003E9, 0.0, 2025-03-04 21:54:21.345
40.0, -30709.441686802114, -10391.393052505618, -6259.226055053003, 17821.850517016712, -26872.116550459454, 10951.438361577793, 11494.406937886113, 31300.19829275588, 27645.598667335355, 1234.9115294112598, -5484.000502109588, 27213.673557481, -9555.750734299509, -3976.3082833657604, 2317.0712372149515, 4449.897044884807, -0.044, 0.848, 0.482, 192.0, 0.0, 0.0, 0.0, 0.0, 0.0, 0.0, 0.0, 0.0, 0.0, 1.741146861345218E9, 0.0, 2025-03-04 21:54:21.345
42.0, -30721.64573927471, -10392.734157172938, -6264.14343883317, 17813.781537268347, -26783.603642416438, 10884.316072978507, 11546.262985022424, 31323.71232792286, 27775.082322964947, 1255.8327622214274, -5476.9597026061665, 27227.062252409727, -9557.874150022764, -3971.4132513300483, 2320.245184927605, 4453.07099259746, -0.044, 0.848, 0.482, 192.0, 0.0, 0.0, 0.0, 0.0, 0.0, 0.0, 0.0, 0.0, 0.0, 1.741146861345447E9, 0.0, 2025-03-04 21:54:21.345
44.0, -30725.37848059875, -10405.608761979194, -6253.302842772347, 17824.57742984026, -26960.025961402174, 10987.067042239552, 11468.50126606241, 31307.373202726034, 27585.941861384137, 1241.3711835588435, -5512.588383267926, 27199.882531152074, -9556.041306977428, -3981.940922968498, 2330.2587664435823, 4450.567597218465, -0.038, 0.868, 0.47600000000000003, 192.0, 127.0, 104.0, 13.5, 16.0, 7.0, 112.0, 0.0, 0.0, 0.0, 1.741146861401515E9, 0.0, 2025-03-04 21:54:21.401
46.0, -30733.112184180285, -10405.899334657113, -6258.264930041424, 17812.060452945287, -26786.621127917904, 10959.060306437053, 11465.640242772131, 31303.551054424177, 27707.33418552091, 1245.7968289609944, -5516.119958891864, 27205.738688199366, -9555.661327321688, -3983.907876480565, 2348.9671765526746, 4466.258521826091, -0.038, 0.868, 0.47600000000000003, 192.0, 0.0, 0.0, 0.0, 0.0, 0.0, 0.0, 0.0, 0.0, 0.0, 1.741146861401802E9, 0.0, 2025-03-04 21:54:21.401
48.0, -30721.757497996987, -10386.699186170004, -6249.346584003757, 17820.57646758276, -26964.71982773779, 10988.296388184595, 11480.235931901447, 31307.887292848503, 27641.262428911024, 1257.7103087556732, -5529.531005565048, 27201.62596721959, -9555.7060308106, -3973.715481008945, 2337.433676413736, 4471.019443395072, -0.038, 0.868, 0.47600000000000003, 192.0, 0.0, 0.0, 0.0, 0.0, 0.0, 0.0, 0.0, 0.0, 0.0, 1.741146861402026E9, 0.0, 2025-03-04 21:54:21.402
50.0, -30721.489277063523, -10391.48245948344, -6252.028793338393, 17811.166383167074, -26802.602625203446, 10972.069021710042, 11455.157274622594, 31300.86884508954, 27761.313648380477, 1278.0727479544578, -5504.675865730746, 27228.515115799324, -9529.442731075613, -3950.0896871196855, 2350.2859294755376, 4487.604437780909, -0.038, 0.868, 0.47600000000000003, 192.0, 0.0, 0.0, 0.0, 0.0, 0.0, 0.0, 0.0, 0.0, 0.0, 1.741146861402252E9, 0.0, 2025-03-04 21:54:21.402
52.0, -30745.69621630862, -10411.263753326388, -6279.990825651983, 17776.454124027983, -26956.583792756057, 10930.740646212178, 11450.016373397872, 31286.206100726857, 27715.269054802546, 1257.3973843332988, -5530.402723598805, 27204.95637714343, -9560.84693203532, -3979.3704723561377, 2338.372449680859, 4469.946559661217, -0.038, 0.868, 0.47600000000000003, 192.0, 0.0, 0.0, 0.0, 0.0, 0.0, 0.0, 0.0, 0.0, 0.0, 1.741146861402458E9, 0.0, 2025-03-04 21:54:21.402
54.0, -30723.143306153215, -10383.212314034978, -6251.425296238101, 17809.04296744382, -26756.848604303435, 10960.423762848826, 11435.353629035191, 31294.409190941955, 27796.11531449739, 1269.0873466834244, -5501.524269762549, 27227.509287298835, -9555.460161621591, -3988.8923154940985, 2344.0944962614176, 4469.723042216664, -0.042, 0.866, 0.468, 192.0, 127.0, 88.0, 13.5, 8.0, 7.0, 80.0, 0.0, 0.0, 0.0, 1.741146861402696E9, 0.0, 2025-03-04 21:54:21.402
56.0, -30728.775945755955, -10385.112212313677, -6261.57298822081, 17801.197505140008, -26939.976446625766, 10954.388791845893, 11443.243794827915, 31290.43058042891, 27813.728489128174, 1277.4245473652538, -5500.272572073051, 27228.515115799324, -9540.372734114258, -3947.8545126741546, 2369.083746562451, 4483.111737145393, -0.042, 0.866, 0.468, 192.0, 0.0, 0.0, 0.0, 0.0, 0.0, 0.0, 0.0, 0.0, 0.0, 1.741146861402926E9, 0.0, 2025-03-04 21:54:21.402
58.0, -30728.17244865566, -10388.800250148804, -6267.138572590181, 17821.850517016712, -26753.741711824146, 10954.679364523812, 11452.251547843403, 31295.10209502007, 27796.674108108775, 1291.975533005659, -5477.831420639923, 27238.30517987075, -9538.115207924273, -3947.295719062772, 2378.2926652780375, 4489.861963970896, -0.042, 0.866, 0.468, 192.0, 0.0, 0.0, 0.0, 0.0, 0.0, 0.0, 0.0, 0.0, 0.0, 1.741146861403149E9, 0.0, 2025-03-04 21:54:21.403
60.0, -30740.17533542816, -10391.035424594334, -6268.077345857304, 17813.736833779436, -26884.007678509675, 10975.019451978142, 11449.546986764311, 31322.90766512247, 27880.090818415978, 1276.2399049091227, -5504.586458752926, 27212.354804558137, -9571.933397285151, -3960.6620622470455, 2373.4199849867805, 4485.078690657459, -0.042, 0.866, 0.468, 192.0, 0.0, 0.0, 0.0, 0.0, 0.0, 0.0, 0.0, 0.0, 0.0, 1.741146861461241E9, 0.0, 2025-03-04 21:54:21.461
62.0, -30735.012082458987, -10387.637959437128, -6264.545770233366, 17820.19648792702, -26723.05276668701, 10956.221634891228, 11449.390524553124, 31309.787191127205, 27802.68672736725, 1300.5362511320413, -5483.03937709801, 27238.23812463738, -9540.260975391982, -3946.736925451389, 2405.76295921361, 4511.140824692348, -0.042, 0.866, 0.468, 192.0, 0.0, 0.0, 0.0, 0.0, 0.0, 0.0, 0.0, 0.0, 0.0, 1.741146861461485E9, 0.0, 2025-03-04 21:54:21.461
64.0, -30747.841983776332, -10379.211351777478, -6267.473848757011, 17807.835973243236, -26900.771486851158, 10967.017527463142, 11458.5547397798, 31299.974775311326, 27851.257068068633, 1292.422567894765, -5504.273534330551, 27224.558857030734, -9565.205522204104, -3969.3345390957047, 2376.6833396772554, 4505.4411298562445, -0.05, 0.87, 0.46, 192.0, 127.0, 56.0, 13.5, 24.0, 7.0, 48.0, 0.0, 0.0, 0.0, 1.741146861461721E9, 0.0, 2025-03-04 21:54:21.461
66.0, -30731.592265557323, -10373.712822641472, -6235.153226274637, 17834.456900889505, -26763.084741006463, 10996.745347588701, 11381.575331875722, 31258.914620746928, 27641.485946355577, 1312.8520623269155, -5489.208458567675, 27245.904772985552, -9545.245414405515, -3949.061506874741, 2415.329505840481, 4530.832711557474, -0.05, 0.87, 0.46, 192.0, 0.0, 0.0, 0.0, 0.0, 0.0, 0.0, 0.0, 0.0, 0.0, 1.741146861461977E9, 0.0, 2025-03-04 21:54:21.461
68.0, -30728.46302133358, -10358.33482245622, -6232.113389028716, 17837.027351501867, -26851.687056027302, 11008.770586105657, 11427.396408009101, 31320.538380210208, 27795.13183774136, 1324.9220043327814, -5482.3017695309845, 27259.42757838101, -9532.102588665795, -3937.30448929125, 2432.428590348791, 4549.831694344484, -0.05, 0.87, 0.46, 192.0, 0.0, 0.0, 0.0, 0.0, 0.0, 0.0, 0.0, 0.0, 0.0, 1.741146861462202E9, 0.0, 2025-03-04 21:54:21.462
70.0, -30738.431899360647, -10381.066546567268, -6251.537054960377, 17833.249906688918, -26791.471456464704, 10980.517981114148, 11389.44314592399, 31301.360583467555, 27621.481135068076, 1328.4088764678093, -5483.732281176124, 27264.099092972174, -9532.035533432429, -3929.7943031542663, 2429.2546426361373, 4561.789877628074, -0.05, 0.87, 0.46, 192.0, 0.0, 0.0, 0.0, 0.0, 0.0, 0.0, 0.0, 0.0, 0.0, 1.741146861462419E9, 0.0, 2025-03-04 21:54:21.462
72.0, -30744.198649430116, -10375.880941853637, -6253.280491027891, 17813.24509540142, -26868.830844024524, 10961.206073904763, 11372.388764904592, 31290.408228684453, 27748.930781952236, 1309.0299140250581, -5492.829441169434, 27251.62681956611, -9535.880033478741, -3960.3714895691264, 2417.0505901635397, 4550.479894933688, -0.05, 0.87, 0.46, 192.0, 0.0, 0.0, 0.0, 0.0, 0.0, 0.0, 0.0, 0.0, 0.0, 1.741146861462639E9, 0.0, 2025-03-04 21:54:21.462
74.0, -30749.540716354935, -10380.463049466975, -6244.071572312305, 17843.24113646044, -26832.799831962566, 10991.090356241508, 11412.912477602064, 31301.67350788993, 27512.471677359543, 1324.0055828101138, -5476.8479438838895, 27271.34105817569, -9523.541870539411, -3944.1217713501183, 2414.52484304009, 4566.349633496957, -0.068, 0.868, 0.456, 192.0, 126.5, 112.0, 13.5, 16.0, 7.0, 32.0, 0.0, 0.0, 0.0, 1.741146861521513E9, 0.0, 2025-03-04 21:54:21.521
76.0, -30754.413396646192, -10378.451392465997, -6246.753781646941, 17840.08954049224, -26843.84159372349, 10999.785184834622, 11419.886221872119, 31329.903761136982, 27734.715072478662, 1308.1134925023905, -5487.241505055607, 27267.518909873834, -9549.827522018853, -3965.8253152162215, 2412.7814069725764, 4559.107668293437, -0.068, 0.868, 0.456, 192.0, 0.0, 0.0, 0.0, 0.0, 0.0, 0.0, 0.0, 0.0, 0.0, 1.741146861521793E9, 0.0, 2025-03-04 21:54:21.521
78.0, -30738.968341227574, -10362.961633558469, -6234.974412318995, 17876.455828721028, -26831.369320317426, 11024.103882801995, 11406.676340899032, 31332.943598382903, 27462.068493612827, 1326.5760334224742, -5467.728432146124, 27279.231223968414, -9534.047190433406, -3957.510466278847, 2429.299346125048, 4577.592560957975, -0.068, 0.868, 0.456, 192.0, 0.0, 0.0, 0.0, 0.0, 0.0, 0.0, 0.0, 0.0, 0.0, 1.741146861522023E9, 0.0, 2025-03-04 21:54:21.522
80.0, -30749.540716354935, -10358.558339900774, -6249.123066559204, 17858.909709323612, -26808.86111365093, 11032.12815906145, 11391.655968625066, 31312.67056616194, 27628.924265971695, 1337.9307196057703, -5450.31642321544, 27286.272023471836, -9523.251297861492, -3940.9925271263755, 2423.5996512889446, 4597.552668756565, -0.068, 0.868, 0.456, 192.0, 0.0, 0.0, 0.0, 0.0, 0.0, 0.0, 0.0, 0.0, 0.0, 1.74114686152225E9, 0.0, 2025-03-04 21:54:21.522
82.0, -30750.390082644237, -10367.610796405173, -6265.864523156229, 17854.30524996582, -26853.74341651719, 10997.773527833644, 11346.348982614158, 31278.785321567695, 27369.532271567856, 1341.5293504630747, -5446.248405724574, 27273.799750065777, -9539.724533525054, -3926.8215211417105, 2409.361590070914, 4603.811157204051, -0.068, 0.868, 0.456, 192.0, 0.0, 0.0, 0.0, 0.0, 0.0, 0.0, 0.0, 0.0, 0.0, 1.741146861522504E9, 0.0, 2025-03-04 21:54:21.522
84.0, -30765.589268873846, -10378.540799443817, -6270.8042586808515, 17834.881584034156, -26783.15660752733, 10989.302216685082, 11390.247808724382, 31301.271176489736, 27555.78935811393, 1315.6013268949184, -5460.799391364979, 27238.126365915105, -9552.956766242596, -3953.1742278545175, 2391.8378224179532, 4585.818002917529, -0.058, 0.876, 0.464, 192.0, 127.0, 24.0, 13.5, 48.0, 7.0, 64.0, 0.0, 0.0, 0.0, 1.741146861522713E9, 0.0, 2025-03-04 21:54:21.522
86.0, -30737.828402260355, -10352.255147964377, -6246.887892113673, 17866.0175640604, -26830.341140072484, 11025.422635724859, 11357.882482753097, 31334.619979217052, 27299.034869555817, 1335.963766093703, -5444.683783612702, 27242.842583995174, -9516.411664058169, -3936.723343935412, 2438.776485774098, 4620.574965545531, -0.058, 0.876, 0.464, 192.0, 0.0, 0.0, 0.0, 0.0, 0.0, 0.0, 0.0, 0.0, 0.0, 1.741146861522952E9, 0.0, 2025-03-04 21:54:21.522
88.0, -30758.347303670325, -10364.503903925885, -6262.176485321103, 17850.61721213069, -26705.70781298969, 11008.658827383379, 11367.404325891057, 31311.62003417254, 27458.045179610872, 1341.842274885449, -5429.439893894183, 27249.16812767603, -9514.98115241303, -3919.1772245379957, 2437.2789188955926, 4612.081302652515, -0.058, 0.876, 0.464, 192.0, 0.0, 0.0, 0.0, 0.0, 0.0, 0.0, 0.0, 0.0, 0.0, 1.741146861523189E9, 0.0, 2025-03-04 21:54:21.523
90.0, -30751.865297778288, -10363.408668447575, -6254.174560806104, 17865.905805338123, -26823.25563708015, 11012.011589051675, 11373.886331783096, 31335.782269928728, 27244.407206107047, 1337.8860161168595, -5437.59828062037, 27238.416938593025, -9526.201728129594, -3933.5940997116686, 2432.227424648693, 4623.301878369079, -0.058, 0.876, 0.464, 192.0, 0.0, 0.0, 0.0, 0.0, 0.0, 0.0, 0.0, 0.0, 0.0, 1.741146861583219E9, 0.0, 2025-03-04 21:54:21.583
92.0, -30759.978981015563, -10363.341613214208, -6261.796505665363, 17858.954412812524, -26657.115120543855, 11015.498461186704, 11341.185729644982, 31307.350850981577, 27415.46510642351, 1331.35930673591, -5434.424332907717, 27238.998083948863, -9544.708972538589, -3944.3452887946714, 2425.8795292233863, 4609.846128206984, -0.058, 0.876, 0.464, 192.0, 0.0, 0.0, 0.0, 0.0, 0.0, 0.0, 0.0, 0.0, 0.0, 1.741146861583484E9, 0.0, 2025-03-04 21:54:21.583
94.0, -30716.12485839425, -10329.1881476865, -6230.168787261104, 17881.68613692357, -26800.479209480192, 11018.873574599455, 11406.564582176756, 31336.38576702902, 27231.577304789702, 1362.4729350176974, -5425.908318270245, 27248.698741042466, -9523.988905428518, -3913.589288424169, 2447.180741689294, 4625.447645836788, -0.05, 0.876, 0.462, 192.0, 127.0, 56.0, 13.5, 48.0, 7.0, 56.0, 0.0, 0.0, 0.0, 1.741146861583711E9, 0.0, 2025-03-04 21:54:21.583
96.0, -30716.102506649797, -10327.444711618986, -6231.040505294861, 17880.032107833875, -26606.331957141396, 11050.054258114607, 11330.009857417328, 31287.56955713863, 27353.684884749044, 1385.092900406468, -5386.166916628709, 27279.722962346434, -9477.385518239204, -3873.3561484046163, 2478.406128693358, 4630.253270894679, -0.05, 0.876, 0.462, 192.0, 0.0, 0.0, 0.0, 0.0, 0.0, 0.0, 0.0, 0.0, 0.0, 1.741146861583944E9, 0.0, 2025-03-04 21:54:21.583
98.0, -30717.622425272755, -10328.405836630563, -6232.515720428911, 17875.20413103153, -26757.899136292832, 11034.050409084608, 11367.761953802343, 31300.600624156075, 27251.20213642146, 1378.968522425714, -5395.174669644198, 27271.83279655371, -9482.6381781862, -3889.0023695233313, 2468.303140199559, 4635.952965730782, -0.05, 0.876, 0.462, 192.0, 0.0, 0.0, 0.0, 0.0, 0.0, 0.0, 0.0, 0.0, 0.0, 1.741146861584159E9, 0.0, 2025-03-04 21:54:21.584
100.0, -30721.981015441543, -10335.916022767547, -6233.655659396131, 17866.978689071977, -26557.49339550655, 11015.99019956472, 11356.92135774152, 31283.52389139222, 27353.886050449142, 1380.287275348577, -5377.829715946879, 27283.835683326208, -9496.675073704133, -3894.7020643594346, 2452.9027882698524, 4620.172634145336, -0.05, 0.876, 0.462, 192.0, 0.0, 0.0, 0.0, 0.0, 0.0, 0.0, 0.0, 0.0, 0.0, 1.741146861584389E9, 0.0, 2025-03-04 21:54:21.584
102.0, -30746.52323085347, -10350.2434909634, -6248.698383414553, 17846.191566728543, -26750.54541236704, 10989.726899829735, 11361.615224077133, 31283.412132669942, 27268.792959307786, 1369.5360862655743, -5404.920030226712, 27263.607354594154, -9522.826614716842, -3886.834250311166, 2431.266299637115, 4619.05504692257, -0.05, 0.876, 0.462, 192.0, 0.0, 0.0, 0.0, 0.0, 0.0, 0.0, 0.0, 0.0, 0.0, 1.74114686158461E9, 0.0, 2025-03-04 21:54:21.584
104.0, -30751.84294603383, -10375.81388662027, -6244.675069412598, 17844.269316705384, -26526.357415480306, 10998.309969700573, 11297.599827957134, 31241.346149605055, 27286.58494789421, 1357.4661442597085, -5408.272791895008, 27251.336246888193, -9519.697370493099, -3929.0343438427863, 2448.0301079785954, 4592.590581487487, -0.044, 0.874, 0.45, 192.0, 127.0, 80.0, 13.5, 40.0, 7.0, 8.0, 0.0, 0.0, 0.0, 1.741146861642109E9, 0.0, 2025-03-04 21:54:21.642
106.0, -30710.51457053597, -10341.347496670187, -6209.649885851131, 17867.29161349435, -26685.859463913377, 11015.453757697793, 11319.504537523335, 31263.47437661581, 27221.85429595164, 1351.0288418565801, -5421.348562401362, 27229.43153732199, -9508.20857384307, -3906.8614133431215, 2440.631680563889, 4596.323322811523, -0.044, 0.874, 0.45, 192.0, 0.0, 0.0, 0.0, 0.0, 0.0, 0.0, 0.0, 0.0, 0.0, 1.741146861642399E9, 0.0, 2025-03-04 21:54:21.642
108.0, -30746.99261748703, -10369.57774991724, -6230.99580180595, 17873.550101941837, -26468.75697001898, 11030.049446827108, 11290.603731942623, 31264.72607430531, 27185.8679873786, 1363.9481501517475, -5407.043445949966, 27247.223525908415, -9502.039492373407, -3897.3842736940715, 2458.1107447279387, 4608.7508927286735, -0.044, 0.874, 0.45, 192.0, 0.0, 0.0, 0.0, 0.0, 0.0, 0.0, 0.0, 0.0, 0.0, 1.741146861642625E9, 0.0, 2025-03-04 21:54:21.642
110.0, -30754.435748390646, -10380.57480818925, -6226.8383773372625, 17871.672555407593, -26614.289178167484, 11019.477071699748, 11317.71639796691, 31268.90585051845, 27178.42485647498, 1350.1794755672784, -5432.256213695552, 27221.76488897382, -9515.338780324315, -3902.5028231743368, 2455.3838319043916, 4607.365084572445, -0.044, 0.874, 0.45, 192.0, 0.0, 0.0, 0.0, 0.0, 0.0, 0.0, 0.0, 0.0, 0.0, 1.741146861642871E9, 0.0, 2025-03-04 21:54:21.642
112.0, -30759.397835659725, -10402.859497411191, -6236.896662342151, 17875.360593242716, -26417.415013005142, 11033.04458058412, 11320.309200323725, 31280.640516357485, 27078.244337826294, 1336.8131323830048, -5422.153225201753, 27226.57051403171, -9527.855757219286, -3938.1762073250065, 2458.1554482168494, 4612.707151497263, -0.044, 0.874, 0.45, 192.0, 0.0, 0.0, 0.0, 0.0, 0.0, 0.0, 0.0, 0.0, 0.0, 1.741146861643104E9, 0.0, 2025-03-04 21:54:21.643
114.0, -30780.922565570185, -10437.147073405633, -6260.075421342304, 17842.14590098213, -26532.05711031641, 11015.498461186704, 11267.782600853754, 31234.28299835718, 27150.46282416139, 1327.6265654118736, -5440.548710888471, 27212.19834234695, -9553.336745898336, -3938.6008904696573, 2454.1321342148944, 4609.332038084512, -0.034, 0.892, 0.468, 192.0, 127.0, 120.0, 13.5, 112.0, 7.0, 80.0, 0.0, 0.0, 0.0, 1.741146861643316E9, 0.0, 2025-03-04 21:54:21.643
116.0, -30824.396708535758, -10452.59212882425, -6251.313537515824, 17862.39658145864, -26368.241175203464, 11025.534394447135, 11277.438554458447, 31222.1683528624, 26978.332040111072, 1316.9871350511473, -5432.904414284756, 27212.8241911917, -9527.945164197108, -3926.977983352898, 2455.048555737562, 4614.003552675671, -0.034, 0.892, 0.468, 192.0, 0.0, 0.0, 0.0, 0.0, 0.0, 0.0, 0.0, 0.0, 0.0, 1.741146861643547E9, 0.0, 2025-03-04 21:54:21.643
118.0, -30874.934002749207, -10457.285995159864, -6239.847092610252, 17856.093389522244, -26480.2010631801, 11029.289487515627, 11292.90596162152, 31226.03520465317, 27052.673942169422, 1326.9783648226696, -5430.333963672396, 27223.10599364114, -9530.22504213155, -3918.9313553489874, 2461.150581973861, 4634.790675019107, -0.034, 0.892, 0.468, 192.0, 0.0, 0.0, 0.0, 0.0, 0.0, 0.0, 0.0, 0.0, 0.0, 1.741146861643761E9, 0.0, 2025-03-04 21:54:21.643
120.0, -30867.11089218985, -10495.46277468953, -6248.452514225544, 17846.973877784476, -26390.99525105897, 11022.718074645767, 11346.147816914061, 31225.118783130503, 26772.0701422775, 1324.0055828101138, -5430.0657427389315, 27227.19636287646, -9543.770199271465, -3930.9565938659425, 2462.514038385634, 4647.106486213981, -0.034, 0.892, 0.468, 192.0, 0.0, 0.0, 0.0, 0.0, 0.0, 0.0, 0.0, 0.0, 0.0, 1.741146861701484E9, 0.0, 2025-03-04 21:54:21.701
122.0, -30873.30232540397, -10512.22658303101, -6241.612880422221, 17829.561868853794, -26432.793013190392, 11055.172807594874, 11317.403473544535, 31195.748590916228, 26868.49556785769, 1315.578975150463, -5426.8917950262785, 27229.230371621892, -9552.062696464383, -3948.726230707912, 2462.268169196626, 4657.187122963324, -0.034, 0.892, 0.468, 192.0, 0.0, 0.0, 0.0, 0.0, 0.0, 0.0, 0.0, 0.0, 0.0, 1.741146861701753E9, 0.0, 2025-03-04 21:54:21.701
124.0, -30849.162441392236, -10538.825158932825, -6214.231993464469, 17839.016656758387, -26398.393678473676, 11044.80159816761, 11277.237388758349, 31183.36572448799, 26578.414628316717, 1307.8676233133822, -5441.733353344603, 27218.43447904998, -9540.216271903071, -3941.931300393498, 2474.561628647045, 4662.216265465769, -0.046, 0.858, 0.502, 192.0, 127.0, 72.0, 13.0, 104.0, 7.5, 88.0, 0.0, 0.0, 0.0, 1.74114686170199E9, 0.0, 2025-03-04 21:54:21.701
126.0, -30858.05843568545, -10530.823234417825, -6214.701380098031, 17862.083657036266, -26402.215826775533, 11115.097834479551, 11324.66779049251, 31189.26658502419, 26659.439701967207, 1296.647047596818, -5483.329949775929, 27204.24112132086, -9563.193865203128, -3944.9934893838754, 2476.7297478592095, 4661.076326498548, -0.046, 0.858, 0.502, 192.0, 0.0, 0.0, 0.0, 0.0, 0.0, 0.0, 0.0, 0.0, 0.0, 1.741146861702238E9, 0.0, 2025-03-04 21:54:21.702
128.0, -30826.207199836637, -10535.382990286707, -6210.678066096076, 17817.134298936642, -26399.22069301852, 11090.756784767722, 11316.6211624886, 31182.471654709778, 26232.633141593116, 1311.130978003857, -5490.571914979448, 27208.175028344995, -9564.22204544807, -3931.4036287550484, 2504.9823528507177, 4675.560256905586, -0.046, 0.858, 0.502, 192.0, 0.0, 0.0, 0.0, 0.0, 0.0, 0.0, 0.0, 0.0, 0.0, 1.741146861702472E9, 0.0, 2025-03-04 21:54:21.702
130.0, -30814.09255434186, -10508.918524851624, -6217.674162110587, 17750.32493475973, -26388.424800446606, 11053.205854082806, 11376.143857973082, 31174.89441333943, 26272.106322301188, 1318.708219374206, -5528.927508464755, 27169.819434859688, -9540.909175981185, -3938.1762073250065, 2487.3468264754806, 4641.026811722138, -0.046, 0.858, 0.502, 192.0, 0.0, 0.0, 0.0, 0.0, 0.0, 0.0, 0.0, 0.0, 0.0, 1.741146861702688E9, 0.0, 2025-03-04 21:54:21.702
132.0, -30800.81561813541, -10500.849545103258, -6236.270813497403, 17726.587382148195, -26448.70745524257, 11046.254461557206, 11413.337160746714, 31134.72832855324, 25991.211949731347, 1327.805379367516, -5659.461696083748, 27133.542553608724, -9505.951047653085, -3912.3375907346717, 2500.2214312817373, 4630.074456939037, -0.046, 0.858, 0.502, 192.0, 0.0, 0.0, 0.0, 0.0, 0.0, 0.0, 0.0, 0.0, 0.0, 1.741146861702913E9, 0.0, 2025-03-04 21:54:21.702
134.0, -30804.61541469281, -10485.35978619573, -6234.393266963157, 17665.768285485305, -26387.910710324137, 11067.063935645097, 11409.336198489214, 31116.265787633158, 26266.317220487264, 1314.5954983944296, -5771.7121567383, 27123.663082559477, -9548.531120840446, -3939.919643392521, 2444.587939332478, 4592.501174509665, -0.074, 0.8140000000000001, 0.486, 192.0, 126.5, 88.0, 12.5, 56.0, 7.5, 24.0, 0.0, 0.0, 0.0, 1.74114686176128E9, 0.0, 2025-03-04 21:54:21.761
136.0, -30784.252975494026, -10479.280111703887, -6215.886022554162, 17663.242538361854, -26467.505272329483, 11072.987147925753, 11370.645328837078, 31136.181191942836, 26126.46235543041, 1326.5983851669296, -5820.43895965087, 27143.578486869155, -9516.523422780445, -3915.3103727472276, 2483.815250851542, 4598.893773423883, -0.074, 0.8140000000000001, 0.486, 192.0, 0.0, 0.0, 0.0, 0.0, 0.0, 0.0, 0.0, 0.0, 0.0, 1.741146861761549E9, 0.0, 2025-03-04 21:54:21.761
138.0, -30796.166455288705, -10472.820457556303, -6226.391342448157, 17666.39413433005, -26345.59885807024, 11056.580967495558, 11317.559935755722, 31140.182154200334, 26412.1847048026, 1299.3516086759103, -5867.735250918299, 27131.776765796756, -9513.528289023434, -3952.59308249868, 2487.860916597953, 4538.678173861286, -0.074, 0.8140000000000001, 0.486, 192.0, 0.0, 0.0, 0.0, 0.0, 0.0, 0.0, 0.0, 0.0, 0.0, 1.741146861761778E9, 0.0, 2025-03-04 21:54:21.761
140.0, -30785.6164319058, -10455.78842828136, -6230.66052563912, 17705.50968712684, -26466.18651940662, 11030.407074738392, 11374.623939350122, 31161.528070155153, 26234.82361254974, 1307.711161102195, -5906.247306614793, 27125.339463393626, -9519.83148095983, -3911.1529482785404, 2472.7511373461653, 4541.2486244736465, -0.074, 0.8140000000000001, 0.486, 192.0, 0.0, 0.0, 0.0, 0.0, 0.0, 0.0, 0.0, 0.0, 0.0, 1.741146861761993E9, 0.0, 2025-03-04 21:54:21.761
142.0, -30779.46970218059, -10452.234500912966, -6219.507005155922, 17695.60786433314, -26311.1101163757, 10987.357614917471, 11312.687255464465, 31142.059700734582, 26450.85322271028, 1299.3516086759103, -5911.522318306246, 27124.624207571058, -9536.50588232349, -3922.1723582950067, 2464.235122708693, 4520.327391663479, -0.074, 0.8140000000000001, 0.486, 192.0, 0.0, 0.0, 0.0, 0.0, 0.0, 0.0, 0.0, 0.0, 0.0, 1.741146861762211E9, 0.0, 2025-03-04 21:54:21.762
144.0, -30782.375428959782, -10446.981840965967, -6229.453531438534, 17686.01896596181, -26460.352714103785, 10990.41980390785, 11309.781528685276, 31137.768165799163, 26399.22069301852, 1279.5479630885081, -5934.388152884025, 27088.615547253557, -9545.759504527987, -3945.105248106152, 2448.4100876343355, 4488.453804070211, -0.054, 0.85, 0.468, 192.0, 127.0, 40.0, 13.0, 72.0, 7.0, 80.0, 0.0, 0.0, 0.0, 1.74114686176244E9, 0.0, 2025-03-04 21:54:21.762
146.0, -30770.61841137629, -10447.674745044082, -6231.800464606341, 17673.323175111196, -26279.705915415994, 10965.83288500701, 11300.438499502958, 31149.994570016217, 26162.493367492363, 1291.3943876498208, -5915.679742774933, 27101.959538693376, -9578.03542352145, -3950.4696667754256, 2415.1059883959283, 4489.325522103968, -0.054, 0.85, 0.468, 192.0, 0.0, 0.0, 0.0, 0.0, 0.0, 0.0, 0.0, 0.0, 0.0, 1.741146861762674E9, 0.0, 2025-03-04 21:54:21.762
148.0, -30742.99165522953, -10414.34829406122, -6208.04056025035, 17682.39798336005, -26417.012681604945, 10999.159335989874, 11264.072211274173, 31123.172476669846, 25424.84109697832, 1293.8307277954493, -5918.02667594274, 27093.197654866894, -9548.553472584901, -3924.228718784895, 2420.559814043023, 4491.426586082767, -0.054, 0.85, 0.468, 192.0, 0.0, 0.0, 0.0, 0.0, 0.0, 0.0, 0.0, 0.0, 0.0, 1.741146861762903E9, 0.0, 2025-03-04 21:54:21.762
150.0, -30753.34051291234, -10426.30647734481, -6233.789769862863, 17652.290183578752, -26197.60795803165, 10929.600707244957, 11333.76495048582, 31140.182154200334, 25254.18552806205, 1311.3768471928654, -5877.570018478635, 27125.652387816, -9539.03162944694, -3934.734038678889, 2401.4267207892804, 4498.579144308465, -0.054, 0.85, 0.468, 192.0, 0.0, 0.0, 0.0, 0.0, 0.0, 0.0, 0.0, 0.0, 0.0, 1.741146861822106E9, 0.0, 2025-03-04 21:54:21.822
152.0, -30747.79728028742, -10427.714637245494, -6233.007458806927, 17624.48461347635, -26335.1158899207, 10915.608515215936, 11251.108199490094, 31121.45139234679, 25211.42664091905, 1289.9415242602258, -5890.936361662908, 27101.646614271, -9561.159856457694, -3941.327803293205, 2384.729967681166, 4500.657856542809, -0.054, 0.85, 0.468, 192.0, 0.0, 0.0, 0.0, 0.0, 0.0, 0.0, 0.0, 0.0, 0.0, 1.741146861822362E9, 0.0, 2025-03-04 21:54:21.822
154.0, -30738.4542511051, -10421.880831942659, -6249.123066559204, 17602.646959143516, -26124.83067808517, 10921.35291354095, 11250.996440767818, 31109.448505574288, 25606.046689277493, 1278.8550590103937, -5866.461201484347, 27108.35213760759, -9567.574807116367, -3960.773820969322, 2371.855362874909, 4505.1505571783255, -0.056, 0.868, 0.44, 192.0, 127.0, 32.0, 13.5, 16.0, 6.5, 96.0, 0.0, 0.0, 0.0, 1.741146861822593E9, 0.0, 2025-03-04 21:54:21.822
156.0, -30724.640873031723, -10400.177288076555, -6227.240708737459, 17589.213560725875, -26288.758371920394, 10923.051646119553, 11242.547481363712, 31138.081090221538, 25760.921926608316, 1288.935695759737, -5872.898503887475, 27108.620358541055, -9551.258033663993, -3936.2539573018503, 2349.2801009750488, 4507.698656046231, -0.056, 0.868, 0.44, 192.0, 0.0, 0.0, 0.0, 0.0, 0.0, 0.0, 0.0, 0.0, 0.0, 1.741146861822865E9, 0.0, 2025-03-04 21:54:21.822
158.0, -30743.975131985564, -10423.73602673245, -6250.128895059693, 17574.461409385374, -26124.316587962698, 10907.897163378855, 11255.444437914424, 31098.697316491285, 25826.680758795832, 1294.9259632737594, -5854.972404834319, 27123.37250988156, -9563.573844858867, -3945.8875591620877, 2327.397743153303, 4508.413911868801, -0.056, 0.868, 0.44, 192.0, 0.0, 0.0, 0.0, 0.0, 0.0, 0.0, 0.0, 0.0, 0.0, 1.741146861823081E9, 0.0, 2025-03-04 21:54:21.823
160.0, -30714.6496432602, -10397.428023508552, -6212.08622599676, 17582.19511296691, -26297.229683068956, 10917.374303027906, 11214.674856027945, 31108.956767196272, 25866.623326137465, 1281.1796404337456, -5878.4640882568465, 27099.523198547748, -9568.312414683392, -3957.219893600928, 2320.848682027898, 4491.4712895716775, -0.056, 0.868, 0.44, 192.0, 0.0, 0.0, 0.0, 0.0, 0.0, 0.0, 0.0, 0.0, 0.0, 1.74114686182331E9, 0.0, 2025-03-04 21:54:21.823
162.0, -30706.89358793421, -10391.370700761165, -6208.152318972626, 17612.63818891504, -26132.74319562235, 10927.656105477347, 11204.08012915613, 31118.478610334234, 25803.189075373302, 1294.4342248957425, -5851.798457121666, 27116.912855733975, -9559.438772134636, -3955.968195911431, 2304.017818453052, 4488.610266281398, -0.056, 0.868, 0.44, 192.0, 0.0, 0.0, 0.0, 0.0, 0.0, 0.0, 0.0, 0.0, 0.0, 1.741146861823518E9, 0.0, 2025-03-04 21:54:21.823
164.0, -30691.493236004502, -10375.545665686806, -6196.194135689037, 17635.906354893013, -26248.726397600938, 10987.737594573211, 11214.339579861115, 31128.939226739316, 25928.202382111835, 1314.841367583438, -5838.946204059864, 27132.00028324131, -9548.84404526282, -3927.223852541906, 2345.927339306753, 4519.32156316299, -0.056, 0.896, 0.432, 192.0, 127.0, 32.0, 14.0, 0.0, 6.5, 64.0, 0.0, 0.0, 0.0, 1.741146861881768E9, 0.0, 2025-03-04 21:54:21.881
166.0, -30679.713866676557, -10371.969386573957, -6208.420539906089, 17660.761494727314, -26123.042538528745, 10973.74540254419, 11239.060609228685, 31121.138467924415, 25803.72551724023, 1317.2106524957005, -5823.6352591079785, 27142.974989768863, -9547.011202217485, -3910.7282651338896, 2326.79424605301, 4522.920194020295, -0.056, 0.896, 0.432, 192.0, 0.0, 0.0, 0.0, 0.0, 0.0, 0.0, 0.0, 0.0, 0.0, 1.741146861882083E9, 0.0, 2025-03-04 21:54:21.882
168.0, -30682.150206822185, -10363.90040682559, -6215.640153365154, 17657.744009225848, -26215.399946618076, 10977.969882246243, 11192.904256928476, 31123.753622025684, 25950.442367844866, 1319.1999577522229, -5826.496282398258, 27150.686341605946, -9553.26969066497, -3924.653401929546, 2306.185937665217, 4519.187452696258, -0.056, 0.896, 0.432, 192.0, 0.0, 0.0, 0.0, 0.0, 0.0, 0.0, 0.0, 0.0, 0.0, 1.741146861882304E9, 0.0, 2025-03-04 21:54:21.882
170.0, -30672.270735772938, -10369.197770261499, -6224.3126302138135, 17656.82758770318, -26117.007567525812, 10956.355745357961, 11168.719669427834, 31099.747848480685, 25817.985930202714, 1318.4399984407423, -5817.3544189160375, 27153.703827107413, -9562.120981469272, -3915.86916635861, 2310.0304377115294, 4527.301135933535, -0.056, 0.896, 0.432, 192.0, 0.0, 0.0, 0.0, 0.0, 0.0, 0.0, 0.0, 0.0, 0.0, 1.741146861882541E9, 0.0, 2025-03-04 21:54:21.882
172.0, -30666.503985703468, -10364.012165547869, -6220.42342667859, 17637.649790960528, -26184.509835780842, 10952.31007961155, 11222.542670076213, 31133.744851797208, 25950.017684700215, 1326.5313299335635, -5802.356398386526, 27153.99439978533, -9544.79837951641, -3916.874994859099, 2315.7524842920884, 4538.074676760993, -0.056, 0.896, 0.432, 192.0, 0.0, 0.0, 0.0, 0.0, 0.0, 0.0, 0.0, 0.0, 0.0, 1.741146861882798E9, 0.0, 2025-03-04 21:54:21.882
174.0, -30649.516659917434, -10361.86639808016, -6221.295144712347, 17637.67214270498, -26168.46128326193, 10973.678347310824, 11232.019809725263, 31109.984947441215, 25787.565205999043, 1328.6323939123624, -5785.681997022867, 27155.491966663834, -9550.945109241618, -3926.262727530328, 2315.596022080901, 4552.290386234568, -0.058, 0.888, 0.43, 192.0, 127.0, 24.0, 13.5, 96.0, 6.5, 56.0, 0.0, 0.0, 0.0, 1.741146861883007E9, 0.0, 2025-03-04 21:54:21.883
176.0, -30656.244534998485, -10355.563206143763, -6212.980295774973, 17609.86657260258, -26218.797411775282, 10942.8329399625, 11143.708067382344, 31082.805226183562, 25994.52000791073, 1330.7334578911614, -5788.990055202253, 27162.08573127815, -9555.683679066144, -3935.1810735679956, 2304.621315553345, 4545.85308383144, -0.058, 0.888, 0.43, 192.0, 0.0, 0.0, 0.0, 0.0, 0.0, 0.0, 0.0, 0.0, 0.0, 1.741146861883251E9, 0.0, 2025-03-04 21:54:21.883
178.0, -30665.96754383654, -10381.982968089935, -6239.645926910153, 17601.86464808758, -26242.087929497713, 10931.344143312472, 11183.985910890808, 31069.6847521883, 25810.833371977016, 1329.7499811351279, -5788.4759650797805, 27167.740722625345, -9546.385353372736, -3928.7661229093223, 2305.7836062650213, 4549.608176899931, -0.058, 0.888, 0.43, 192.0, 0.0, 0.0, 0.0, 0.0, 0.0, 0.0, 0.0, 0.0, 0.0, 1.741146861883501E9, 0.0, 2025-03-04 21:54:21.883
180.0, -30658.680875144113, -10357.32899395573, -6221.920993557095, 17606.603217912107, -26205.90045522457, 10973.700699055278, 11159.220178034328, 31115.148200410393, 26022.347929757587, 1315.0201815390803, -5804.949200743342, 27162.353952211615, -9563.305623925404, -3939.807884670244, 2293.6689607702447, 4539.505188406132, -0.058, 0.888, 0.43, 192.0, 0.0, 0.0, 0.0, 0.0, 0.0, 0.0, 0.0, 0.0, 0.0, 1.741146861942137E9, 0.0, 2025-03-04 21:54:21.942
182.0, -30660.22314551153, -10371.589406918218, -6243.490426956467, 17590.19703748191, -26287.57372946426, 10960.60257680447, 11111.253334433239, 31086.359153551955, 25804.418421318343, 1345.7538301651277, -5796.924924483887, 27178.22369077488, -9536.036495689928, -3919.5348524492806, 2317.495920359602, 4565.030880574093, -0.058, 0.888, 0.43, 192.0, 0.0, 0.0, 0.0, 0.0, 0.0, 0.0, 0.0, 0.0, 0.0, 1.7411468619424E9, 0.0, 2025-03-04 21:54:21.942
184.0, -30675.39997999668, -10381.133601800633, -6263.182313821592, 17566.146560448, -26233.057824737767, 10936.932079426299, 11151.218253519328, 31087.432037285813, 25921.94389366435, 1310.706294859206, -5822.584727118579, 27152.340370695638, -9574.101516497316, -3960.907931436054, 2276.3687105618374, 4537.4711796607, -0.062, 0.894, 0.442, 192.0, 127.0, 8.0, 13.5, 120.0, 6.5, 104.0, 0.0, 0.0, 0.0, 1.741146861942621E9, 0.0, 2025-03-04 21:54:21.942
186.0, -30668.090959559795, -10371.589406918218, -6257.7731916634075, 17579.892883288012, -26352.751416295938, 10947.102123153463, 11145.54091042768, 31073.216327812235, 25626.11855579836, 1326.2854607445552, -5823.523500385702, 27159.93996381044, -9577.253112465514, -3952.1460476095735, 2284.0353589100073, 4555.352575224945, -0.062, 0.894, 0.442, 192.0, 0.0, 0.0, 0.0, 0.0, 0.0, 0.0, 0.0, 0.0, 0.0, 1.741146861942849E9, 0.0, 2025-03-04 21:54:21.942
188.0, -30680.92086087714, -10383.324072757254, -6263.942273133072, 17558.18933942191, -26247.273534211345, 10944.554024285559, 11110.023988488198, 31070.221194055226, 25802.5408747841, 1317.5235769180747, -5819.209613705828, 27163.382132456558, -9571.46401065159, -3954.06829763273, 2298.675751528234, 4560.292310749568, -0.062, 0.894, 0.442, 192.0, 0.0, 0.0, 0.0, 0.0, 0.0, 0.0, 0.0, 0.0, 0.0, 1.741146861943093E9, 0.0, 2025-03-04 21:54:21.943
190.0, -30676.65167768618, -10380.708918655982, -6263.092906843771, 17560.469217356353, -26395.353841227752, 10965.45290535127, 11089.303921378127, 31044.6284466539, 25613.556875414477, 1309.2981349585218, -5835.34757320256, 27147.154765982006, -9565.116115226283, -3969.0439664177857, 2292.819594480943, 4560.001738071649, -0.062, 0.894, 0.442, 192.0, 0.0, 0.0, 0.0, 0.0, 0.0, 0.0, 0.0, 0.0, 0.0, 1.741146861943305E9, 0.0, 2025-03-04 21:54:21.943
192.0, -30694.35425929478, -10393.136488573133, -6281.734261719497, 17549.941545717902, -26248.167603989557, 10958.903844225866, 11105.86656401951, 31067.740150420686, 25826.77016577365, 1324.9443560772368, -5814.091064225562, 27170.266469748793, -9572.246321707526, -3959.9244546800205, 2303.369617863848, 4572.317549266523, -0.062, 0.894, 0.442, 192.0, 0.0, 0.0, 0.0, 0.0, 0.0, 0.0, 0.0, 0.0, 0.0, 1.74114686194353E9, 0.0, 2025-03-04 21:54:21.943
194.0, -30687.246404557995, -10402.479517755452, -6287.8809914447065, 17523.298266327176, -26403.355765742752, 10921.643486218869, 11077.122220649984, 31049.90345834535, 25716.643120842353, 1307.286477957544, -5835.928718558397, 27152.653295118012, -9581.566999145389, -3961.6008355141685, 2290.9643996911527, 4569.143601553869, -0.052000000000000005, 0.874, 0.448, 192.0, 127.0, 48.0, 13.5, 40.0, 7.0, 0.0, 0.0, 0.0, 0.0, 1.741146862003905E9, 0.0, 2025-03-04 21:54:22.003
196.0, -30690.733276693023, -10392.108308328188, -6288.663302500642, 17517.03977787969, -26233.840135793704, 10933.534614269092, 11066.169865866885, 31042.750900119652, 25910.32098654759, 1307.778216335561, -5809.352494401038, 27167.606612158612, -9576.068470009384, -3974.766012998344, 2291.7243590026333, 4566.23787477468, -0.052000000000000005, 0.874, 0.448, 192.0, 0.0, 0.0, 0.0, 0.0, 0.0, 0.0, 0.0, 0.0, 0.0, 1.741146862004179E9, 0.0, 2025-03-04 21:54:22.004
198.0, -30679.289183531906, -10370.225950506443, -6280.460212285544, 17521.107795370557, -26421.61714096274, 10948.130303398408, 11100.09981395004, 31024.735394088675, 25845.59033460502, 1325.7043153887173, -5812.325276413593, 27173.32865873917, -9586.216161992093, -3943.87590216111, 2304.6883707867114, 4595.5410117555875, -0.052000000000000005, 0.874, 0.448, 192.0, 0.0, 0.0, 0.0, 0.0, 0.0, 0.0, 0.0, 0.0, 0.0, 1.741146862004419E9, 0.0, 2025-03-04 21:54:22.004
200.0, -30699.65162273069, -10396.936285130536, -6303.884840474706, 17484.60739667504, -26237.975208517935, 10867.798133826034, 11008.859993083477, 30994.00174546263, 25985.176978728414, 1326.5760334224742, -5796.522593083691, 27187.85729263512, -9593.27931323997, -3967.1887716279953, 2291.7020072581777, 4583.940456383283, -0.052000000000000005, 0.874, 0.448, 192.0, 0.0, 0.0, 0.0, 0.0, 0.0, 0.0, 0.0, 0.0, 0.0, 1.741146862004661E9, 0.0, 2025-03-04 21:54:22.004
202.0, -30699.204587841585, -10401.384282277142, -6290.473793801522, 17484.830914119593, -26397.56666392883, 10926.918497910321, 11014.425577452848, 30994.761704774108, 25937.500707805244, 1290.7238353161617, -5840.15319826045, 27148.875850305063, -9600.14129878775, -3998.3471033986934, 2300.5756498069345, 4562.683947406286, -0.052000000000000005, 0.874, 0.448, 192.0, 0.0, 0.0, 0.0, 0.0, 0.0, 0.0, 0.0, 0.0, 0.0, 1.741146862004895E9, 0.0, 2025-03-04 21:54:22.004
204.0, -30695.248329072994, -10392.91297112858, -6286.808107710852, 17498.04079509268, -26218.14921118608, 10934.383980558394, 11023.165109534873, 31007.077515968984, 26027.37707226003, 1318.0600187850023, -5804.412758876415, 27183.319888510694, -9578.437754921646, -3958.5609982682467, 2332.203368211194, 4603.565288015043, -0.05, 0.868, 0.452, 192.0, 127.0, 56.0, 13.5, 16.0, 7.0, 16.0, 0.0, 0.0, 0.0, 1.741146862005128E9, 0.0, 2025-03-04 21:54:22.005
206.0, -30683.31249753386, -10379.85955236668, -6279.588494251788, 17492.27404502321, -26411.55885595785, 10937.69203873778, 11083.96185445331, 31058.330066005, 26021.185639045914, 1316.9424315622368, -5812.526442113691, 27174.289783750748, -9573.140391485738, -3962.3384430811934, 2339.7135543481772, 4615.367009087445, -0.05, 0.868, 0.452, 192.0, 0.0, 0.0, 0.0, 0.0, 0.0, 0.0, 0.0, 0.0, 0.0, 1.74114686200537E9, 0.0, 2025-03-04 21:54:22.005
208.0, -30682.150206822185, -10376.506790698384, -6274.402889538156, 17505.193353318376, -26227.492240368396, 10958.188588403296, 11053.116447104985, 31052.228039768703, 26064.615078522573, 1328.5206351900858, -5786.4196045898925, 27199.256682307325, -9574.36973743078, -3954.8282569442104, 2355.627996400356, 4629.20273890528, -0.05, 0.868, 0.452, 192.0, 0.0, 0.0, 0.0, 0.0, 0.0, 0.0, 0.0, 0.0, 0.0, 1.7411468620056E9, 0.0, 2025-03-04 21:54:22.005
210.0, -30685.145340579194, -10380.86538086717, -6275.431069783101, 17482.148704784955, -26359.635753588173, 10932.372323557416, 11008.032978538631, 31028.736356346177, 26128.474012431387, 1327.2689375005887, -5787.604247046023, 27194.29459503825, -9564.378507659258, -3950.8496464311656, 2365.5521709385125, 4629.20273890528, -0.05, 0.868, 0.452, 192.0, 0.0, 0.0, 0.0, 0.0, 0.0, 0.0, 0.0, 0.0, 0.0, 1.741146862062626E9, 0.0, 2025-03-04 21:54:22.062
212.0, -30701.953852409584, -10394.2540757959, -6290.987883923994, 17482.774553629704, -26181.157074112547, 10901.884544120378, 10976.02528047863, 31018.23103645218, 26120.36032919411, 1319.3787717078653, -5788.520668568692, 27191.277109536783, -9574.503847897513, -3974.45308857597, 2366.8709238613756, 4623.771265002641, -0.05, 0.868, 0.452, 192.0, 0.0, 0.0, 0.0, 0.0, 0.0, 0.0, 0.0, 0.0, 0.0, 1.741146862062887E9, 0.0, 2025-03-04 21:54:22.062
214.0, -30688.207529569572, -10372.662290652072, -6267.451497012556, 17487.110792054034, -26313.412346054596, 10942.877643451411, 11012.235106496228, 31033.921961059805, 26219.13268794211, 1315.7577891061055, -5809.307790912127, 27176.681420407465, -9586.909066070208, -3974.0284054313192, 2365.4180604717803, 4631.9967069621935, -0.05, 0.874, 0.454, 192.0, 127.0, 56.0, 13.5, 40.0, 7.0, 24.0, 0.0, 0.0, 0.0, 1.741146862063125E9, 0.0, 2025-03-04 21:54:22.063
216.0, -30698.109352363274, -10387.973235603957, -6281.913075675139, 17492.586969445583, -26158.045370345757, 10953.941756956787, 11001.32745520204, 31012.553693360533, 26171.568175741217, 1333.5721294369853, -5786.486659823258, 27197.177970072982, -9571.329900184859, -3951.095515620174, 2397.8280899319757, 4662.708003843785, -0.05, 0.874, 0.454, 192.0, 0.0, 0.0, 0.0, 0.0, 0.0, 0.0, 0.0, 0.0, 0.0, 1.741146862063395E9, 0.0, 2025-03-04 21:54:22.063
218.0, -30702.087962876318, -10382.072375067757, -6276.459250028044, 17474.79498085916, -26214.66233905105, 10905.796099400057, 10967.621024563436, 31003.03185022257, 26342.290799890852, 1318.6411641408401, -5814.001657247742, 27174.37919072857, -9588.361929459803, -3968.4628210619476, 2373.0623570754956, 4646.860617024972, -0.05, 0.874, 0.454, 192.0, 0.0, 0.0, 0.0, 0.0, 0.0, 0.0, 0.0, 0.0, 0.0, 1.74114686206361E9, 0.0, 2025-03-04 21:54:22.063
220.0, -30690.509759248467, -10379.479572710941, -6261.930616132095, 17490.530608955694, -26110.234988955857, 10972.247835665685, 10993.012606264665, 31035.50893491613, 26250.536888901817, 1328.5653386789966, -5791.895781981442, 27194.27224329379, -9570.70405134011, -3962.293739592283, 2413.6084215174224, 4666.239579467724, -0.05, 0.874, 0.454, 192.0, 0.0, 0.0, 0.0, 0.0, 0.0, 0.0, 0.0, 0.0, 0.0, 1.741146862063829E9, 0.0, 2025-03-04 21:54:22.063
222.0, -30687.045238857896, -10359.38535444562, -6249.212473537025, 17485.836742620082, -26145.97542833989, 10973.11955369944, 10967.21869316324, 31027.797583079053, 26451.18849887711, 1333.7062399037172, -5785.681997022867, 27200.597786974646, -9548.531120840446, -3948.4356580299927, 2428.7629042581207, 4679.874143585461, -0.05, 0.874, 0.454, 192.0, 0.0, 0.0, 0.0, 0.0, 0.0, 0.0, 0.0, 0.0, 0.0, 1.741146862064065E9, 0.0, 2025-03-04 21:54:22.064
224.0, -30686.709962691068, -10377.28910175432, -6262.154133576648, 17478.99710881676, -26104.423535397476, 10960.870797737933, 10930.472425278715, 30987.072704681483, 26329.97498869598, 1344.8150568980047, -5777.747127741233, 27212.600673747143, -9548.262899906982, -3933.68350668949, 2423.5102443111236, 4683.539829676131, -0.062, 0.878, 0.446, 192.0, 127.0, 8.0, 13.5, 56.0, 6.5, 120.0, 0.0, 0.0, 0.0, 1.741146862121588E9, 0.0, 2025-03-04 21:54:22.121
226.0, -30691.962622638064, -10358.468932922951, -6249.100714814748, 17476.963100071323, -26087.860892756093, 10961.071963438031, 10966.704603040767, 31020.913245786818, 26561.49435776405, 1323.2679752430888, -5789.951180213831, 27206.453944021934, -9575.174400231172, -3957.845742445677, 2412.4684825502018, 4664.362032933478, -0.062, 0.878, 0.446, 192.0, 0.0, 0.0, 0.0, 0.0, 0.0, 0.0, 0.0, 0.0, 0.0, 1.741146862121874E9, 0.0, 2025-03-04 21:54:22.121
228.0, -30691.180311582128, -10364.213331247965, -6257.460267241034, 17474.862036092527, -26075.701543772408, 10921.151747840851, 10963.26243439465, 31017.784001563075, 26414.375175759218, 1352.258187801622, -5781.5469242986355, 27225.251761108848, -9545.424228361158, -3940.7019544484565, 2433.9038054828416, 4688.479565200754, -0.062, 0.878, 0.446, 192.0, 0.0, 0.0, 0.0, 0.0, 0.0, 0.0, 0.0, 0.0, 0.0, 1.741146862122093E9, 0.0, 2025-03-04 21:54:22.122
230.0, -30701.238596587016, -10378.876075610648, -6266.982110378995, 17446.520024123194, -26035.714272941863, 10929.243079333673, 10913.663913448325, 30982.490597068143, 26655.75166413208, 1324.6984868882284, -5795.114433183006, 27202.47533350889, -9561.56218785789, -3975.2353996319057, 2405.4500347912353, 4654.706079328786, -0.062, 0.878, 0.446, 192.0, 0.0, 0.0, 0.0, 0.0, 0.0, 0.0, 0.0, 0.0, 0.0, 1.741146862122312E9, 0.0, 2025-03-04 21:54:22.122
232.0, -30694.89070116171, -10368.348403972197, -6262.176485321103, 17473.878559336492, -26081.20007290841, 10934.562794514037, 10918.536593739582, 30997.198044919736, 26365.93894552457, 1324.9443560772368, -5799.875354751987, 27194.42870550498, -9551.302737152904, -3961.5337802808026, 2400.622057988889, 4671.469887670265, -0.062, 0.878, 0.446, 192.0, 0.0, 0.0, 0.0, 0.0, 0.0, 0.0, 0.0, 0.0, 0.0, 1.741146862122531E9, 0.0, 2025-03-04 21:54:22.122
234.0, -30702.423239043146, -10368.370755716653, -6258.734316674986, 17479.622957661504, -26005.58412141611, 10958.345050614484, 10892.899142849345, 30995.90164374133, 26529.57606668187, 1330.2864230020552, -5779.222342875283, 27207.750345200344, -9547.16766442867, -3966.004129171864, 2419.0622471645174, 4677.571913906564, -0.074, 0.892, 0.444, 192.0, 126.5, 88.0, 13.5, 112.0, 6.5, 112.0, 0.0, 0.0, 0.0, 1.741146862122759E9, 0.0, 2025-03-04 21:54:22.122
236.0, -30690.46505575956, -10360.86056957967, -6256.387383507179, 17501.013577105234, -26138.97933232538, 10935.501567781159, 10881.58916015496, 30980.188367389248, 26289.808903909794, 1334.6003096819295, -5783.066842921597, 27202.27416780879, -9550.02868771895, -3948.1897888409844, 2417.274107608093, 4698.180222294357, -0.074, 0.892, 0.444, 192.0, 0.0, 0.0, 0.0, 0.0, 0.0, 0.0, 0.0, 0.0, 0.0, 1.741146862122997E9, 0.0, 2025-03-04 21:54:22.122
238.0, -30707.22886410104, -10367.0967062827, -6270.558389491844, 17485.70263215335, -26047.046607380704, 10898.241209774162, 10948.97966968771, 30990.85014949443, 26442.04663539489, 1331.1804927802675, -5772.181543371862, 27204.665804465512, -9566.099591982316, -3974.766012998344, 2404.198337101738, 4695.11803330398, -0.074, 0.892, 0.444, 192.0, 0.0, 0.0, 0.0, 0.0, 0.0, 0.0, 0.0, 0.0, 0.0, 1.741146862123238E9, 0.0, 2025-03-04 21:54:22.123
240.0, -30687.93930863611, -10352.724534597937, -6254.24161603947, 17507.1826585749, -26192.28824285129, 10960.31200412655, 10891.15570678183, 30967.89490793883, 26148.90350686354, 1337.3272225054768, -5770.1028311375185, 27195.255720049827, -9568.670042594676, -3967.4793443059143, 2402.0525696340287, 4722.856548173017, -0.074, 0.892, 0.444, 192.0, 0.0, 0.0, 0.0, 0.0, 0.0, 0.0, 0.0, 0.0, 0.0, 1.741146862181733E9, 0.0, 2025-03-04 21:54:22.181
242.0, -30684.184215567617, -10342.487435637408, -6247.111409558226, 17512.45767026635, -26089.939604990435, 10959.619100048436, 10885.277197990084, 30992.906509984317, 25619.59184641741, 1349.9559581227254, -5743.2807377911495, 27206.00690913283, -9545.044248705417, -3941.193692826473, 2430.3498781144476, 4743.263690860712, -0.074, 0.892, 0.444, 192.0, 0.0, 0.0, 0.0, 0.0, 0.0, 0.0, 0.0, 0.0, 0.0, 1.741146862181989E9, 0.0, 2025-03-04 21:54:22.181
244.0, -30686.844073157798, -10351.785761330815, -6269.2172848245245, 17497.88433288149, -26273.514482201874, 10973.141905443896, 10886.037157301565, 30956.204945588703, 24423.68411108066, 1349.2407023001556, -5746.052354103608, 27192.23823454836, -9539.277498635949, -3930.710724676934, 2421.0962559099503, 4766.151877182946, -0.076, 0.89, 0.432, 192.0, 126.5, 80.0, 13.5, 104.0, 6.5, 64.0, 0.0, 0.0, 0.0, 1.741146862182229E9, 0.0, 2025-03-04 21:54:22.182
246.0, -30671.64488692819, -10341.705124581471, -6251.984089849483, 17507.652045208462, -26071.119436159068, 10958.345050614484, 10898.263561518617, 30982.177672645772, 24397.957253212604, 1343.2951382750439, -5720.861938102476, 27200.463676507912, -9542.809074259887, -3948.748582452367, 2406.455863291724, 4758.820505001606, -0.076, 0.89, 0.432, 192.0, 0.0, 0.0, 0.0, 0.0, 0.0, 0.0, 0.0, 0.0, 0.0, 1.741146862182476E9, 0.0, 2025-03-04 21:54:22.182
248.0, -30677.5904509533, -10339.715819324949, -6262.6458719546645, 17503.382862017497, -26231.582609603716, 10954.388791845893, 10905.684340677779, 30987.162111659305, 24315.591074894797, 1358.5390279935632, -5713.485862432225, 27207.884455667074, -9520.658495504678, -3929.0119920983307, 2422.750284999643, 4781.798098301661, -0.076, 0.89, 0.432, 192.0, 0.0, 0.0, 0.0, 0.0, 0.0, 0.0, 0.0, 0.0, 0.0, 1.741146862182693E9, 0.0, 2025-03-04 21:54:22.182
250.0, -30682.97722136703, -10350.981098530425, -6274.29113081588, 17496.811449147637, -26034.306113041177, 10938.764922471633, 10901.258695275628, 30961.07762587996, 24500.529408518007, 1341.7305161631723, -5708.099092018497, 27201.08952535266, -9545.535987083435, -3952.928358665509, 2387.4121770158026, 4755.244225888757, -0.076, 0.89, 0.432, 192.0, 0.0, 0.0, 0.0, 0.0, 0.0, 0.0, 0.0, 0.0, 0.0, 1.741146862182916E9, 0.0, 2025-03-04 21:54:22.182
252.0, -30668.940325849097, -10327.802339530272, -6253.079325327793, 17512.547077244173, -26249.978095290437, 10974.214789177751, 10918.268372806117, 30984.211681391203, 24477.641222195773, 1344.4574289867198, -5712.1671095093625, 27193.959318871417, -9531.946126454608, -3936.96921312442, 2398.208069587716, 4772.388013885977, -0.076, 0.89, 0.432, 192.0, 0.0, 0.0, 0.0, 0.0, 0.0, 0.0, 0.0, 0.0, 0.0, 1.741146862183129E9, 0.0, 2025-03-04 21:54:22.183
254.0, -30690.82268367084, -10355.607909632672, -6269.485505757989, 17499.73952767128, -26091.012488724293, 10935.188643358784, 10854.029459241565, 30938.5023639801, 24612.48929649464, 1355.8568186589264, -5694.308065689572, 27202.654147464535, -9543.278460893449, -3942.9818323828977, 2379.2761420340707, 4762.396784114455, -0.082, 0.894, 0.418, 192.0, 126.5, 56.0, 13.5, 120.0, 6.5, 8.0, 0.0, 0.0, 0.0, 1.741146862242197E9, 0.0, 2025-03-04 21:54:22.242
0.0, -30704.83722744432, -10369.66715689506, -6272.435936026089, 17481.142876284466, -26296.380316779654, 10938.787274216089, 10823.564031548982, 30943.01741636007, 24590.785752628537, 1321.8821670868597, -5732.216624285773, 27159.157652754504, -9566.121943726772, -3963.1207541371296, 2374.3811099983586, 4742.570786782598, -0.082, 0.894, 0.418, 192.0, 0.0, 0.0, 0.0, 0.0, 0.0, 0.0, 0.0, 0.0, 0.0, 1.741146862242481E9, 0.0, 2025-03-04 21:54:22.242
2.0, -30699.36105005277, -10358.513636411863, -6268.792601679874, 17500.901818382958, -26168.528338495296, 10942.050628906563, 10842.674773058268, 30950.907582152795, 24661.461968596217, 1319.9599170637032, -5723.1418160369185, 27160.00701904381, -9561.94216751363, -3973.067280419741, 2359.5171999355794, 4738.189844869357, -0.082, 0.894, 0.418, 192.0, 0.0, 0.0, 0.0, 0.0, 0.0, 0.0, 0.0, 0.0, 0.0, 1.741146862242714E9, 0.0, 2025-03-04 21:54:22.242
4.0, -30703.809047199375, -10362.648709136094, -6266.557427234344, 17498.04079509268, -26372.75622758344, 10944.174044629819, 10809.99652266461, 30936.200134301205, 24699.705803359248, 1319.0211437965804, -5733.736542908734, 27158.978838798863, -9570.70405134011, -3966.875847205621, 2356.857342345398, 4742.570786782598, -0.082, 0.894, 0.418, 192.0, 0.0, 0.0, 0.0, 0.0, 0.0, 0.0, 0.0, 0.0, 0.0, 1.741146862242948E9, 0.0, 2025-03-04 21:54:22.242
6.0, -30697.7964279409, -10363.274557980843, -6263.159962077137, 17533.267144354242, -26229.03451073581, 10972.583111832513, 10934.540442769581, 30985.284565125057, 24762.067170389557, 1316.8530245844156, -5722.13598753643, 27163.85151909012, -9562.836237291842, -3972.9331699530094, 2373.956426853708, 4745.454161817332, -0.082, 0.894, 0.418, 192.0, 0.0, 0.0, 0.0, 0.0, 0.0, 0.0, 0.0, 0.0, 0.0, 1.741146862243178E9, 0.0, 2025-03-04 21:54:22.243
8.0, -30698.288166318915, -10358.871264323148, -6260.276587042402, 17545.58295554912, -26362.586183856274, 10983.691928826802, 10815.048016911509, 30953.969771143173, 24873.31180254362, 1326.1513502778234, -5720.459606702281, 27173.57452792818, -9552.688545309133, -3943.831198672199, 2388.7309299386657, 4769.504638851242, -0.066, 0.906, 0.43, 192.0, 126.5, 120.0, 14.0, 40.0, 6.5, 56.0, 0.0, 0.0, 0.0, 1.741146862243396E9, 0.0, 2025-03-04 21:54:22.243
10.0, -30698.712849463565, -10365.934415571024, -6282.985959408994, 17556.267089398752, -26247.13942374461, 10941.223614361717, 10844.418209125783, 30949.097090851916, 24900.379765078997, 1321.5245391755748, -5703.718150105256, 27182.58228094367, -9565.943129771129, -3948.97209989692, 2385.9369618817523, 4756.518275322709, -0.066, 0.906, 0.43, 192.0, 0.0, 0.0, 0.0, 0.0, 0.0, 0.0, 0.0, 0.0, 0.0, 1.741146862243641E9, 0.0, 2025-03-04 21:54:22.243
12.0, -30713.8002769709, -10373.779877874837, -6289.155040878659, 17546.18645264941, -26314.194657110533, 10955.282861624106, 10783.50970548507, 30910.897959577796, 25035.87603996707, 1302.4585011551978, -5714.424635699348, 27172.680458149967, -9582.75164160152, -3984.0866904362074, 2376.146897810328, 4747.778743240684, -0.066, 0.906, 0.43, 192.0, 0.0, 0.0, 0.0, 0.0, 0.0, 0.0, 0.0, 0.0, 0.0, 1.741146862243873E9, 0.0, 2025-03-04 21:54:22.243
14.0, -30705.373669311248, -10370.494171439906, -6290.764366479441, 17560.357458634076, -26228.788641546806, 10920.771768185112, 10804.453290039693, 30913.26724449006, 24993.586539457625, 1312.0921030154352, -5705.103958261485, 27182.76109489931, -9568.692394339132, -3946.5581114957467, 2383.701787436222, 4750.148028152947, -0.066, 0.906, 0.43, 192.0, 0.0, 0.0, 0.0, 0.0, 0.0, 0.0, 0.0, 0.0, 0.0, 1.741146862302393E9, 0.0, 2025-03-04 21:54:22.302
16.0, -30719.83524797383, -10374.942168586513, -6296.061729915349, 17544.420664837442, -26303.421116283076, 10971.733745543212, 10810.890592442822, 30923.481991706132, 25151.233393100905, 1305.1407104898346, -5712.189461253818, 27172.07696104967, -9587.981949804062, -3966.361757083149, 2374.2246477871713, 4746.594100784552, -0.066, 0.906, 0.43, 192.0, 0.0, 0.0, 0.0, 0.0, 0.0, 0.0, 0.0, 0.0, 0.0, 1.741146862302672E9, 0.0, 2025-03-04 21:54:22.302
18.0, -30702.534997765422, -10369.913026084068, -6288.506840289455, 17551.08148468512, -26300.135409848146, 10961.049611693576, 10830.895403730323, 30927.03591907453, 25131.40739576905, 1320.1163792748905, -5688.094280730997, 27191.500626981335, -9575.532028142456, -3939.271442803317, 2400.5773544999784, 4778.355929655544, -0.048, 0.898, 0.446, 192.0, 127.0, 64.0, 14.0, 8.0, 6.5, 120.0, 0.0, 0.0, 0.0, 1.741146862302892E9, 0.0, 2025-03-04 21:54:22.302
20.0, -30703.674936732645, -10356.390220688609, -6279.655549485154, 17540.37499909103, -26397.32079473982, 10968.604501319469, 10835.05282819901, 30932.489744721624, 25350.834471086797, 1310.4380739257424, -5681.880495772421, 27186.158560056516, -9575.710842098099, -3955.2752918333167, 2400.6667614778, 4768.543513839664, -0.048, 0.898, 0.446, 192.0, 0.0, 0.0, 0.0, 0.0, 0.0, 0.0, 0.0, 0.0, 0.0, 1.741146862303133E9, 0.0, 2025-03-04 21:54:22.303
22.0, -30701.104486120283, -10357.86543582266, -6278.7838314513965, 17548.108702672565, -26462.207908893575, 10964.849408250977, 10825.28511587204, 30893.97768902513, 25309.729613033487, 1330.4428852132423, -5670.704623544768, 27203.682327709477, -9562.053926235905, -3936.745695679867, 2410.1662528713055, 4789.732967583295, -0.048, 0.898, 0.446, 192.0, 0.0, 0.0, 0.0, 0.0, 0.0, 0.0, 0.0, 0.0, 0.0, 1.741146862303361E9, 0.0, 2025-03-04 21:54:22.303
24.0, -30715.387250827225, -10363.319261469755, -6288.5291920339105, 17512.390615032986, -26505.30207220341, 10915.429701260293, 10841.266613157584, 30942.07864309295, 25534.565810509423, 1317.9929635516362, -5674.705585802268, 27199.211978818417, -9576.224932220572, -3952.4366202874926, 2398.990380643652, 4768.319996395111, -0.048, 0.898, 0.446, 192.0, 0.0, 0.0, 0.0, 0.0, 0.0, 0.0, 0.0, 0.0, 0.0, 1.74114686230358E9, 0.0, 2025-03-04 21:54:22.303
26.0, -30700.70215472009, -10358.603043389683, -6275.654587227654, 17534.988228677303, -26621.777012560015, 10985.949455016787, 10802.553391760992, 30907.746363609596, 25413.240541606017, 1315.8024925950162, -5680.226466682729, 27201.760077686322, -9572.760411829999, -3955.7893819557885, 2421.9009187103416, 4785.03910124768, -0.048, 0.898, 0.446, 192.0, 0.0, 0.0, 0.0, 0.0, 0.0, 0.0, 0.0, 0.0, 0.0, 1.741146862303807E9, 0.0, 2025-03-04 21:54:22.303
28.0, -30718.762364239978, -10371.790572618314, -6291.4349188131, 17504.45574575135, -26597.748887270558, 10959.328527370517, 10799.021816137054, 30882.488892375102, 25636.959151859184, 1311.5556611485079, -5677.343091647994, 27204.665804465512, -9572.156914729705, -3939.964346881431, 2417.8105494750203, 4782.178077957401, -0.03, 0.874, 0.454, 192.0, 127.5, 8.0, 13.5, 40.0, 7.0, 24.0, 0.0, 0.0, 0.0, 1.741146862362614E9, 0.0, 2025-03-04 21:54:22.362
30.0, -30719.18704738463, -10376.797363376303, -6289.982055423505, 17506.668568452427, -26742.76700529659, 10946.11864639743, 10795.512592257572, 30915.16714276876, 25503.698051416643, 1308.4934721581308, -5682.595751594991, 27201.04482186375, -9581.097612511827, -3954.2471115883723, 2412.915517439308, 4781.887505279482, -0.03, 0.874, 0.454, 192.0, 0.0, 0.0, 0.0, 0.0, 0.0, 0.0, 0.0, 0.0, 0.0, 1.741146862362881E9, 0.0, 2025-03-04 21:54:22.362
32.0, -30724.12678290925, -10379.367813988663, -6289.892648445684, 17495.962082858336, -26668.670972427248, 10954.612309290447, 10785.543714230504, 30905.77941009753, 25726.209667469226, 1298.099910986413, -5681.388757394405, 27199.502551496334, -9575.822600820375, -3950.268501075328, 2424.8066454895315, 4774.354967398044, -0.03, 0.874, 0.454, 192.0, 0.0, 0.0, 0.0, 0.0, 0.0, 0.0, 0.0, 0.0, 0.0, 1.741146862363113E9, 0.0, 2025-03-04 21:54:22.363
34.0, -30717.220093872562, -10364.570959159251, -6287.813936211341, 17506.422699263418, -26872.921213259844, 10949.426704576816, 10850.944918506733, 30930.7016051652, 25586.667726834745, 1300.8491755544158, -5692.788147066611, 27196.75328692833, -9579.532990399955, -3949.9555766529534, 2413.854290706431, 4779.831144789594, -0.03, 0.874, 0.454, 192.0, 0.0, 0.0, 0.0, 0.0, 0.0, 0.0, 0.0, 0.0, 0.0, 1.741146862363361E9, 0.0, 2025-03-04 21:54:22.363
36.0, -30723.009195686485, -10370.181247017534, -6287.925694933617, 17506.668568452427, -26762.05656076152, 10976.517018856648, 10751.03262079151, 30899.744439094597, 25812.4426975778, 1318.7305711186614, -5672.448059612282, 27224.312987841728, -9577.007243276506, -3941.461913759937, 2430.3498781144476, 4784.502659380753, -0.03, 0.871, 0.454, 192.0, 127.5, 8.0, 13.5, 16.0, 7.0, 24.0, 0.0, 0.0, 0.0, 1.741146862363579E9, 0.0, 2025-03-04 21:54:22.363
38.0, -30703.585529754822, -10356.569034644252, -6273.374709293212, 17511.51889699923, -26983.852920991532, 10968.515094341648, 10774.926635614233, 30897.911596049264, 25708.19416143825, 1306.1688907347789, -5690.821193554544, 27205.470467265903, -9569.65351935071, -3939.8302364146994, 2435.133151427883, 4779.7417378117725, -0.03, 0.871, 0.454, 192.0, 0.0, 0.0, 0.0, 0.0, 0.0, 0.0, 0.0, 0.0, 0.0, 1.74114686236381E9, 0.0, 2025-03-04 21:54:22.363
40.0, -30701.059782631375, -10354.356211943175, -6274.894627916173, 17512.502373755262, -26887.293384944605, 10952.399486589371, 10813.32693258845, 30904.058325774473, 25909.069288858092, 1329.3029462460215, -5657.427687338315, 27238.43929033748, -9544.17253067166, -3940.947823637465, 2440.9669567307183, 4790.649389105963, -0.03, 0.871, 0.454, 192.0, 0.0, 0.0, 0.0, 0.0, 0.0, 0.0, 0.0, 0.0, 0.0, 1.741146862364029E9, 0.0, 2025-03-04 21:54:22.364
42.0, -30702.646756487702, -10353.596252631694, -6272.078308114804, 17513.50820225575, -27098.807942725176, 10980.31681541405, 10775.440725736706, 30909.154523510282, 25837.789575790117, 1317.970611807181, -5681.4111091388595, 27225.989368675873, -9558.209426189593, -3944.144123094574, 2436.138979928372, 4793.108080996047, -0.03, 0.871, 0.454, 192.0, 0.0, 0.0, 0.0, 0.0, 0.0, 0.0, 0.0, 0.0, 0.0, 1.741146862364241E9, 0.0, 2025-03-04 21:54:22.364
44.0, -30704.569006510857, -10349.304717696275, -6266.780944678896, 17523.23121109381, -26943.888001905445, 10989.16810621835, 10777.742955415602, 30896.749305337587, 26007.841647606096, 1314.4390361832425, -5673.297425901584, 27234.281865868794, -9566.256054193504, -3941.327803293205, 2433.233253149182, 4791.386996672988, -0.03, 0.871, 0.454, 192.0, 0.0, 0.0, 0.0, 0.0, 0.0, 0.0, 0.0, 0.0, 0.0, 1.741146862421985E9, 0.0, 2025-03-04 21:54:22.421
46.0, -30693.437837772115, -10336.832444290214, -6252.967566605516, 17530.786100719703, -27154.79906258572, 11002.04271102461, 10752.41842894774, 30895.20703497017, 25973.017629744725, 1329.839388112949, -5673.319777646038, 27241.993217705873, -9527.721646752554, -3911.4211692120043, 2464.168067475327, 4812.419988205432, -0.035, 0.8685, 0.447, 192.0, 127.0, 96.0, 13.5, 8.0, 6.5, 96.0, 0.0, 0.0, 0.0, 1.74114686242223E9, 0.0, 2025-03-04 21:54:22.422
48.0, -30700.165712853162, -10347.404819417576, -6264.434011511089, 17527.545097773684, -26987.742124526754, 10965.966995473742, 10762.454362208171, 30909.825075843943, 26110.0114715113, 1331.4040102248205, -5662.657995540857, 27249.324589887216, -9526.984039185529, -3926.5085967193363, 2457.1943232052713, 4804.932153812904, -0.035, 0.8685, 0.447, 192.0, 0.0, 0.0, 0.0, 0.0, 0.0, 0.0, 0.0, 0.0, 0.0, 1.741146862422477E9, 0.0, 2025-03-04 21:54:22.422
50.0, -30708.12293387925, -10344.432037405018, -6252.945214861062, 17527.679208240417, -27175.228557017872, 10998.622894122946, 10746.271699222529, 30889.59674711189, 26107.373965665578, 1320.5410624195413, -5690.620027854447, 27226.257589609337, -9543.323164382358, -3945.1499515950627, 2436.474256095202, 4795.343255441578, -0.035, 0.8685, 0.447, 192.0, 0.0, 0.0, 0.0, 0.0, 0.0, 0.0, 0.0, 0.0, 0.0, 1.741146862422731E9, 0.0, 2025-03-04 21:54:22.422
52.0, -30723.344471853314, -10364.682717881527, -6274.760517449441, 17526.18164136191, -26998.292147909662, 10960.759039015657, 10750.160902757752, 30877.549156850477, 26206.0345656913, 1324.8325973549602, -5682.774565550633, 27226.704624498445, -9529.040399675418, -3923.5134629623253, 2451.695794069266, 4811.123587027024, -0.035, 0.8685, 0.447, 192.0, 0.0, 0.0, 0.0, 0.0, 0.0, 0.0, 0.0, 0.0, 0.0, 1.741146862422947E9, 0.0, 2025-03-04 21:54:22.422
54.0, -30709.821666457854, -10351.986927030914, -6258.108467830238, 17522.60536224906, -27161.16930975548, 10987.22350445074, 10713.660504062236, 30889.619098856343, 26243.898420798592, 1305.6995041012174, -5709.216679241262, 27196.842693906154, -9562.36685065828, -3948.0556783742522, 2424.404314089336, 4782.759223313239, -0.035, 0.8685, 0.447, 192.0, 0.0, 0.0, 0.0, 0.0, 0.0, 0.0, 0.0, 0.0, 0.0, 1.741146862423176E9, 0.0, 2025-03-04 21:54:22.423
56.0, -30714.381422326736, -10364.772124859348, -6263.025851610405, 17529.869679197036, -27026.835325579086, 10985.569475361048, 10735.431103161705, 30894.648241358787, 26258.158833761077, 1311.5333094040525, -5695.760929079167, 27202.47533350889, -9549.246376663015, -3946.513408006836, 2443.2244829207043, 4793.2421914627785, -0.043500000000000004, 0.87625, 0.4405, 192.0, 127.0, 48.0, 13.5, 80.0, 6.5, 72.0, 0.0, 0.0, 0.0, 1.741146862423418E9, 0.0, 2025-03-04 21:54:22.423
58.0, -30714.046146159908, -10360.637052135116, -6257.5943777077655, 17525.04170239469, -27160.8116818442, 10992.945551031298, 10695.287370119973, 30887.696848833188, 26313.25588384341, 1313.813187338494, -5704.0087227831755, 27201.871836408598, -9554.476684865556, -3940.5678439817243, 2435.8931107393637, 4800.081825266102, -0.043500000000000004, 0.87625, 0.4405, 192.0, 0.0, 0.0, 0.0, 0.0, 0.0, 0.0, 0.0, 0.0, 0.0, 1.741146862481886E9, 0.0, 2025-03-04 21:54:22.481
60.0, -30718.918826451165, -10376.216218020465, -6283.4329942981, 17513.79877493367, -27047.957724089352, 10944.554024285559, 10723.182347200198, 30889.753209323077, 26289.026592853857, 1299.7986435650164, -5702.801728582589, 27192.685269437465, -9550.565129585879, -3976.1741728990287, 2435.200206661249, 4782.915685524426, -0.043500000000000004, 0.87625, 0.4405, 192.0, 0.0, 0.0, 0.0, 0.0, 0.0, 0.0, 0.0, 0.0, 0.0, 1.741146862482144E9, 0.0, 2025-03-04 21:54:22.482
62.0, -30731.88283823524, -10370.248302250899, -6288.328026333813, 17513.26233306674, -27121.830239514144, 10981.970844503743, 10697.634303287781, 30859.757168264052, 26402.618158175726, 1293.942486517726, -5715.65398164439, 27191.52297872579, -9581.365833445292, -3965.870018705132, 2415.910651196319, 4779.652330833952, -0.043500000000000004, 0.87625, 0.4405, 192.0, 0.0, 0.0, 0.0, 0.0, 0.0, 0.0, 0.0, 0.0, 0.0, 1.74114686248237E9, 0.0, 2025-03-04 21:54:22.482
64.0, -30719.857599718285, -10379.032537821835, -6287.277494344413, 17516.16805984593, -27062.955744618863, 10982.395527648394, 10650.315660275897, 30867.423816612223, 26338.20043065553, 1299.4633673981866, -5706.333304206527, 27198.720240440398, -9554.901368010207, -3945.6416899730793, 2432.562700815523, 4788.391862915977, -0.043500000000000004, 0.87625, 0.4405, 192.0, 0.0, 0.0, 0.0, 0.0, 0.0, 0.0, 0.0, 0.0, 0.0, 1.741146862482581E9, 0.0, 2025-03-04 21:54:22.482
66.0, -30734.56504756988, -10376.57384593175, -6294.854735714762, 17497.83962939258, -27139.510469378292, 10968.068059452542, 10655.233044056064, 30850.861173970843, 26471.01449620897, 1288.8239370374606, -5712.860013587477, 27194.942795627452, -9566.121943726772, -3966.07118440523, 2426.818302490509, 4784.413252402932, -0.04975, 0.8811249999999999, 0.43825000000000003, 192.0, 127.0, 32.0, 13.5, 88.0, 6.5, 80.0, 0.0, 0.0, 0.0, 1.741146862482813E9, 0.0, 2025-03-04 21:54:22.482
68.0, -30724.260893375984, -10379.77014538886, -6301.895535218184, 17511.02715862121, -27095.58929152361, 10972.091373454497, 10701.232934145086, 30860.897107231274, 26380.624041631705, 1310.5051291591085, -5702.198231482295, 27208.6220632341, -9554.36492614328, -3954.560036010747, 2439.044706707562, 4794.80681357465, -0.04975, 0.8811249999999999, 0.43825000000000003, 192.0, 0.0, 0.0, 0.0, 0.0, 0.0, 0.0, 0.0, 0.0, 0.0, 1.741146862483042E9, 0.0, 2025-03-04 21:54:22.483
70.0, -30744.198649430116, -10397.651540953106, -6318.659343559664, 17481.388745473476, -27077.998468637285, 10969.297405397583, 10651.321488776384, 30842.54632503347, 26544.864659889303, 1283.3030561569997, -5723.186519525829, 27188.058458335217, -9594.508659185012, -3969.7145187514448, 2401.7396452116545, 4774.3996708869545, -0.04975, 0.8811249999999999, 0.43825000000000003, 192.0, 0.0, 0.0, 0.0, 0.0, 0.0, 0.0, 0.0, 0.0, 0.0, 1.741146862483264E9, 0.0, 2025-03-04 21:54:22.483
72.0, -30730.631140545745, -10399.842011909725, -6315.574802824832, 17486.41788797592, -27070.510634244758, 10961.697812282779, 10632.523671689472, 30834.96908366312, 26418.353786272262, 1288.868640526371, -5723.231223014739, 27192.729972926376, -9578.03542352145, -3971.0332716743083, 2426.2595088791263, 4780.926380267904, -0.04975, 0.8811249999999999, 0.43825000000000003, 192.0, 0.0, 0.0, 0.0, 0.0, 0.0, 0.0, 0.0, 0.0, 0.0, 1.741146862483507E9, 0.0, 2025-03-04 21:54:22.483
74.0, -30720.483448563034, -10386.699186170004, -6306.969381209538, 17478.99710881676, -27031.708005870343, 10966.525789085126, 10645.353573006818, 30838.411252309237, 26602.018070461523, 1276.999864220603, -5720.437254957826, 27197.043859606252, -9565.36198441529, -3986.254809648372, 2425.276032123093, 4771.4045371299435, -0.04975, 0.8811249999999999, 0.43825000000000003, 192.0, 0.0, 0.0, 0.0, 0.0, 0.0, 0.0, 0.0, 0.0, 0.0, 1.741146862542055E9, 0.0, 2025-03-04 21:54:22.542
76.0, -30725.467887576568, -10395.349311274209, -6318.569936581843, 17485.724983897806, -27070.6894482004, 10968.582149575013, 10624.67820938566, 30828.53178125999, 26469.986315964023, 1291.3943876498208, -5714.5140426771695, 27204.75521144333, -9561.003394246507, -3961.5784837697133, 2425.05251467854, 4784.569714614119, -0.048875, 0.8785624999999999, 0.438125, 192.0, 127.0, 64.0, 13.5, 48.0, 6.5, 88.0, 0.0, 0.0, 0.0, 1.741146862542321E9, 0.0, 2025-03-04 21:54:22.542
78.0, -30744.913905252684, -10408.022750380367, -6342.799227571396, 17461.69685860835, -26966.642077760946, 10951.795989489077, 10659.39046852475, 30821.75920269003, 26670.392056750305, 1281.0231782225583, -5719.3867229684265, 27199.882531152074, -9599.448394709634, -3968.3063588507607, 2406.0982353804393, 4774.064394720125, -0.048875, 0.8785624999999999, 0.438125, 192.0, 0.0, 0.0, 0.0, 0.0, 0.0, 0.0, 0.0, 0.0, 0.0, 1.741146862542571E9, 0.0, 2025-03-04 21:54:22.542
80.0, -30740.622370317265, -10423.53486103235, -6343.290965949413, 17456.041867261156, -27034.34551171607, 10939.8825096944, 10607.154441732699, 30825.4248887807, 26513.996900796523, 1260.4372215792205, -5750.835627417044, 27172.747513383332, -9609.23845878106, -3989.4734608499366, 2399.4597672772134, 4759.155781168435, -0.048875, 0.8785624999999999, 0.438125, 192.0, 0.0, 0.0, 0.0, 0.0, 0.0, 0.0, 0.0, 0.0, 0.0, 1.741146862542797E9, 0.0, 2025-03-04 21:54:22.542
82.0, -30742.879896507253, -10418.34925631872, -6343.514483393966, 17457.002992272734, -26902.872550829954, 10965.11762918444, 10589.608322335282, 30799.295699512448, 26719.320025362973, 1260.3254628569441, -5738.341002266527, 27181.911728610008, -9601.57181043289, -3976.755318254867, 2421.5432907990566, 4766.956539983337, -0.048875, 0.8785624999999999, 0.438125, 192.0, 0.0, 0.0, 0.0, 0.0, 0.0, 0.0, 0.0, 0.0, 0.0, 1.741146862543019E9, 0.0, 2025-03-04 21:54:22.543
84.0, -30809.689260684165, -10414.817680694781, -6341.480474648532, 17457.293564950654, -27024.331930200093, 10957.071001180531, 10641.240852027042, 30826.542476003466, 26584.047267919454, 1265.645178037307, -5741.8055226571, 27177.91076635251, -9604.85751686782, -3971.390899585593, 2412.2896685945593, 4773.550304597653, -0.048875, 0.8785624999999999, 0.438125, 192.0, 0.0, 0.0, 0.0, 0.0, 0.0, 0.0, 0.0, 0.0, 0.0, 1.74114686254324E9, 0.0, 2025-03-04 21:54:22.543
86.0, -30809.95748161763, -10412.940134160535, -6343.805056071885, 17452.867919548502, -26869.903727758377, 10963.105972183463, 10665.000756383033, 30819.27815905549, 26778.976831314187, 1268.1262216718462, -5727.634516672435, 27190.070115336195, -9613.105310571827, -4005.007923246375, 2402.6784184787775, 4773.5726563421085, -0.0474375, 0.8762812499999999, 0.4410625, 192.0, 127.0, 72.0, 13.5, 40.0, 6.5, 112.0, 0.0, 0.0, 0.0, 1.741146862543465E9, 0.0, 2025-03-04 21:54:22.543
88.0, -30794.780647132477, -10411.263753326388, -6324.58255584032, 17465.049620276644, -27018.073441752607, 10992.342053931005, 10553.376144573229, 30783.113036526807, 26670.012077094565, 1266.9639309601703, -5740.687935434335, 27181.308231509716, -9589.501868427024, -3956.035251144797, 2432.8085700045312, 4785.955522770349, -0.0474375, 0.8762812499999999, 0.4410625, 192.0, 0.0, 0.0, 0.0, 0.0, 0.0, 0.0, 0.0, 0.0, 0.0, 1.74114686260238E9, 0.0, 2025-03-04 21:54:22.602
90.0, -30790.824388363886, -10414.035369638845, -6330.550471609888, 17464.64728887645, -26841.896991955877, 10966.481085596215, 10591.821145036358, 30792.836045364864, 26852.44701533878, 1268.7967740055053, -5725.913432349376, 27196.306252039227, -9589.501868427024, -3966.8534954611655, 2438.2847473960815, 4772.879752263993, -0.0474375, 0.8762812499999999, 0.4410625, 192.0, 0.0, 0.0, 0.0, 0.0, 0.0, 0.0, 0.0, 0.0, 0.0, 1.741146862602661E9, 0.0, 2025-03-04 21:54:22.602
92.0, -30794.75829538802, -10418.863346441192, -6345.727306095041, 17460.489864407762, -26998.40390663194, 10958.233291892206, 10624.186471007642, 30807.43173449418, 26751.886517034356, 1261.4430500797093, -5745.85118840351, 27179.94477509794, -9604.633999423266, -3972.866114719643, 2422.4150088328133, 4780.836973290083, -0.0474375, 0.8762812499999999, 0.4410625, 192.0, 0.0, 0.0, 0.0, 0.0, 0.0, 0.0, 0.0, 0.0, 0.0, 1.741146862602894E9, 0.0, 2025-03-04 21:54:22.602
94.0, -30806.694126927156, -10439.046971684334, -6358.199579501103, 17445.93887876736, -26800.121581568907, 10947.705620253757, 10529.862109406247, 30757.36382691429, 26899.162161250373, 1251.3624133303658, -5742.319612779572, 27178.268394263792, -9613.552345460934, -3994.7261207969336, 2414.3460290844478, 4755.17717065539, -0.0474375, 0.8762812499999999, 0.4410625, 192.0, 0.0, 0.0, 0.0, 0.0, 0.0, 0.0, 0.0, 0.0, 0.0, 1.74114686260314E9, 0.0, 2025-03-04 21:54:22.603
96.0, -30787.069295295394, -10416.896392929124, -6347.694259607108, 17457.695896350848, -26965.47978704927, 10957.875663980922, 10593.341063659318, 30789.930318585673, 26830.587009261493, 1240.164189358257, -5771.2204183602835, 27157.48127192036, -9634.04889512645, -4010.5288041268354, 2397.0904823649507, 4748.717516507807, -0.04371875, 0.8781406249999999, 0.43753125000000004, 192.0, 127.0, 96.0, 13.5, 64.0, 6.5, 72.0, 0.0, 0.0, 0.0, 1.741146862603357E9, 0.0, 2025-03-04 21:54:22.603
98.0, -30780.766103358997, -10411.084939370745, -6334.707896078575, 17484.13801004148, -26791.113828553418, 10981.479106125726, 10583.1486681877, 30796.747600644543, 26948.693626963333, 1272.6859775407288, -5727.098074805507, 27197.088563095163, -9591.982912061561, -3962.718422736934, 2432.428590348791, 4776.791307543673, -0.04371875, 0.8781406249999999, 0.43753125000000004, 192.0, 0.0, 0.0, 0.0, 0.0, 0.0, 0.0, 0.0, 0.0, 0.0, 1.741146862603596E9, 0.0, 2025-03-04 21:54:22.603
100.0, -30799.854493123832, -10426.239422111443, -6354.131562010237, 17464.2226057318, -26947.777205440667, 10968.202169919274, 10558.449990564584, 30777.435693435156, 26932.17568781086, 1257.0621081664692, -5744.957118625298, 27186.76205715681, -9604.075205811883, -3968.932207695509, 2413.787235473065, 4769.996377229259, -0.04371875, 0.8781406249999999, 0.43753125000000004, 192.0, 0.0, 0.0, 0.0, 0.0, 0.0, 0.0, 0.0, 0.0, 0.0, 1.741146862603829E9, 0.0, 2025-03-04 21:54:22.603
102.0, -30791.96432733111, -10420.383265064153, -6349.795323585907, 17476.046678548657, -26773.321839966997, 10951.728934255712, 10533.572498985828, 30762.057693249906, 26995.5205315972, 1250.5577505299748, -5748.868673904976, 27184.750400155834, -9624.638810710765, -3982.45501309097, 2409.696866237744, 4748.069315918603, -0.04371875, 0.8781406249999999, 0.43753125000000004, 192.0, 0.0, 0.0, 0.0, 0.0, 0.0, 0.0, 0.0, 0.0, 0.0, 1.741146862604065E9, 0.0, 2025-03-04 21:54:22.604
104.0, -30799.80978963492, -10420.316209830788, -6358.154876012191, 17460.825140574594, -26914.406050968893, 10914.78150067109, 10554.04669690689, 30766.90802179671, 27021.515610398725, 1253.1058493978799, -5755.775362941667, 27185.443304233948, -9622.068360098405, -3983.93022822502, 2405.6959039802437, 4746.124714150991, -0.04371875, 0.8781406249999999, 0.43753125000000004, 192.0, 0.0, 0.0, 0.0, 0.0, 0.0, 0.0, 0.0, 0.0, 0.0, 1.741146862662689E9, 0.0, 2025-03-04 21:54:22.662
106.0, -30792.053734308927, -10422.573736020773, -6350.73409685303, 17485.03207981969, -26750.14308096684, 10989.302216685082, 10488.35491995274, 30727.23367538854, 27060.228831795317, 1249.4178115627542, -5757.295281564628, 27189.19839730244, -9641.737895219076, -3991.5074695953695, 2398.6104009879114, 4754.46191483282, -0.040859375, 0.8820703125, 0.43476562500000004, 192.0, 127.0, 104.0, 13.5, 88.0, 6.5, 64.0, 0.0, 0.0, 0.0, 1.741146862662947E9, 0.0, 2025-03-04 21:54:22.662
108.0, -30788.253937751528, -10412.560154504796, -6343.961518283072, 17476.538416926673, -26866.103931200974, 10968.671556552836, 10515.668751677127, 30760.157794971205, 27130.390957640524, 1252.1670761307569, -5768.091174136541, 27186.695001923443, -9623.387113021268, -3968.26165536185, 2399.7056364662217, 4752.22674038729, -0.040859375, 0.8820703125, 0.43476562500000004, 192.0, 0.0, 0.0, 0.0, 0.0, 0.0, 0.0, 0.0, 0.0, 0.0, 1.741146862663181E9, 0.0, 2025-03-04 21:54:22.663
110.0, -30789.48328369657, -10428.943983190535, -6358.0878207788255, 17466.681297621883, -26750.85833678941, 10943.190567873784, 10530.264440806443, 30749.22779193256, 27121.539666836223, 1252.4800005531313, -5759.396345543426, 27194.540464227255, -9628.438607268168, -3998.3023999097827, 2396.8446131759424, 4753.5007898212425, -0.040859375, 0.8820703125, 0.43476562500000004, 192.0, 0.0, 0.0, 0.0, 0.0, 0.0, 0.0, 0.0, 0.0, 0.0, 1.741146862663398E9, 0.0, 2025-03-04 21:54:22.663
112.0, -30794.42301922119, -10427.066436656289, -6351.002317786493, 17448.866957291004, -26834.74443373018, 10933.154634613353, 10489.114879264222, 30736.12966968175, 27206.923330655496, 1235.6714887227404, -5773.723813739278, 27186.85146413463, -9637.28989807247, -4005.700827324489, 2379.0079211006073, 4735.261766345712, -0.040859375, 0.8820703125, 0.43476562500000004, 192.0, 0.0, 0.0, 0.0, 0.0, 0.0, 0.0, 0.0, 0.0, 0.0, 1.74114686266363E9, 0.0, 2025-03-04 21:54:22.663
114.0, -30785.6164319058, -10428.407541323608, -6348.409515429677, 17473.23035874729, -26759.553165382527, 10962.949509972277, 10502.972960826512, 30734.16271616968, 27141.94680952392, 1241.1476661142906, -5751.930862895354, 27204.978728887887, -9622.00130486504, -3988.512335838358, 2409.2274796041825, 4755.713612522318, -0.040859375, 0.8820703125, 0.43476562500000004, 192.0, 0.0, 0.0, 0.0, 0.0, 0.0, 0.0, 0.0, 0.0, 0.0, 1.74114686266386E9, 0.0, 2025-03-04 21:54:22.663
116.0, -30800.279176268483, -10435.493044315941, -6361.529989424943, 17452.0185532592, -26793.974851843697, 10938.429646304805, 10521.65901919115, 30766.997428774528, 27278.895947801586, 1244.2769103380335, -5753.786057685144, 27207.124496355595, -9640.106217873838, -3983.1255654246293, 2404.7347789686655, 4758.865208490516, -0.0374296875, 0.88403515625, 0.4333828125, 192.0, 127.0, 120.0, 13.5, 88.0, 6.5, 64.0, 0.0, 0.0, 0.0, 1.741146862664096E9, 0.0, 2025-03-04 21:54:22.664
118.0, -30793.126618042785, -10435.694210016038, -6359.4959806795105, 17458.344096940054, -26749.226659444175, 10947.370344086927, 10477.31315819182, 30720.394041585216, 27179.073057064183, 1229.167131086246, -5765.945406668831, 27192.148827570538, -9647.884624944285, -4015.5579466292797, 2391.659008462311, 4738.905100691927, -0.0374296875, 0.88403515625, 0.4333828125, 192.0, 0.0, 0.0, 0.0, 0.0, 0.0, 0.0, 0.0, 0.0, 0.0, 1.74114686272306E9, 0.0, 2025-03-04 21:54:22.723
120.0, -30806.448257738146, -10438.801102495325, -6357.26080623398, 17454.83487306057, -26736.888496504846, 10961.45194309377, 10445.663088043106, 30691.381477282226, 27330.30496004879, 1230.396477031288, -5763.5314182676575, 27201.4695050084, -9654.4783895586, -3989.8310887612215, 2401.1137963669057, 4756.093592178058, -0.0374296875, 0.88403515625, 0.4333828125, 192.0, 0.0, 0.0, 0.0, 0.0, 0.0, 0.0, 0.0, 0.0, 0.0, 1.741146862723321E9, 0.0, 2025-03-04 21:54:22.723
122.0, -30810.963310118117, -10458.135361449165, -6373.577579686354, 17448.665791590905, -26728.28307488955, 10915.452053004748, 10455.631966070172, 30688.945137136598, 27206.073964366195, 1226.4849217516091, -5768.672319492379, 27201.380098030582, -9655.707735503644, -3991.2168969174504, 2397.8504416764313, 4745.141237394958, -0.0374296875, 0.88403515625, 0.4333828125, 192.0, 0.0, 0.0, 0.0, 0.0, 0.0, 0.0, 0.0, 0.0, 0.0, 1.741146862723563E9, 0.0, 2025-03-04 21:54:22.723
124.0, -30823.94967364665, -10458.805913782826, -6381.26657977898, 17429.622105314982, -26669.028600338534, 10924.660971720336, 10477.98371052548, 30720.572855540857, 27377.578899571767, 1203.1944040291792, -5788.744186013244, 27182.93990885495, -9680.562875337944, -4037.954394573497, 2366.110964549895, 4727.013972641704, -0.0374296875, 0.88403515625, 0.4333828125, 192.0, 0.0, 0.0, 0.0, 0.0, 0.0, 0.0, 0.0, 0.0, 0.0, 1.741146862723799E9, 0.0, 2025-03-04 21:54:22.723
126.0, -30814.15960957523, -10454.73789629196, -6367.319091238867, 17450.40922765842, -26724.282112632052, 10965.609367562458, 10420.405616808608, 30682.664296944655, 27231.934932700984, 1214.2361657901008, -5789.705311024823, 27188.14786531304, -9679.132363692805, -4003.4656528789587, 2388.9320956387637, 4746.772914740195, -0.03371484375, 0.8860175781249999, 0.43069140625, 192.0, 127.5, 8.0, 13.5, 96.0, 6.5, 48.0, 0.0, 0.0, 0.0, 1.741146862724025E9, 0.0, 2025-03-04 21:54:22.724
128.0, -30812.885560141276, -10439.561061806806, -6360.635919646731, 17457.15945448392, -26648.152071017277, 10967.531617585615, 10447.138303177155, 30709.88872169122, 27416.381527946178, 1227.490750252098, -5767.308863080605, 27210.90194116854, -9641.268508585514, -4001.9904377449084, 2409.1604243708166, 4752.472609576298, -0.03371484375, 0.8860175781249999, 0.43069140625, 192.0, 0.0, 0.0, 0.0, 0.0, 0.0, 0.0, 0.0, 0.0, 0.0, 1.741146862724258E9, 0.0, 2025-03-04 21:54:22.724
130.0, -30807.476437983092, -10441.192739152044, -6362.535817925432, 17452.197367214845, -26752.467662390194, 10950.052553421565, 10443.137340919655, 30694.60012848379, 27283.835683326208, 1231.8940439097935, -5775.422546317881, 27210.43255453498, -9649.4268953117, -3990.45693760597, 2417.0058866746294, 4764.542551582164, -0.03371484375, 0.8860175781249999, 0.43069140625, 192.0, 0.0, 0.0, 0.0, 0.0, 0.0, 0.0, 0.0, 0.0, 0.0, 1.741146862724474E9, 0.0, 2025-03-04 21:54:22.724
132.0, -30819.501676500047, -10447.764152021904, -6379.053757077904, 17429.01860821469, -26634.159878988252, 10921.218803074218, 10444.92548047608, 30682.284317288915, 27472.305592573357, 1221.5898897158968, -5767.510028780703, 27217.272188338306, -9662.77088675152, -4013.7027518394893, 2397.42575853178, 4738.972155925293, -0.03371484375, 0.8860175781249999, 0.43069140625, 192.0, 0.0, 0.0, 0.0, 0.0, 0.0, 0.0, 0.0, 0.0, 0.0, 1.741146862724693E9, 0.0, 2025-03-04 21:54:22.724
134.0, -30821.33451954538, -10446.601861310228, -6372.325881996856, 17440.663867075906, -26766.52690965258, 10937.624983504413, 10420.517375530884, 30690.55446273738, 27347.247582345914, 1222.5286629830198, -5777.47890680777, 27217.51805752731, -9672.382136867302, -3996.223687675439, 2397.783386443065, 4757.188827656368, -0.03371484375, 0.8860175781249999, 0.43069140625, 192.0, 0.0, 0.0, 0.0, 0.0, 0.0, 0.0, 0.0, 0.0, 0.0, 1.741146862782521E9, 0.0, 2025-03-04 21:54:22.782
136.0, -30818.80877242193, -10442.131512419166, -6369.397803473211, 17443.1672624549, -26611.428154877205, 10967.956300730266, 10409.229744580955, 30678.618631198246, 27509.58830232481, 1216.3819332578103, -5778.149459141428, 27222.368386074115, -9673.902055490262, -4008.383036659126, 2404.0642266350064, 4745.498865306243, -0.029857421875, 0.8870087890625, 0.429345703125, 192.0, 127.5, 24.0, 13.5, 96.0, 6.5, 48.0, 0.0, 0.0, 0.0, 1.741146862782787E9, 0.0, 2025-03-04 21:54:22.782
138.0, -30807.789362405463, -10427.692285501038, -6363.16166677018, 17450.54333812515, -26771.712514366212, 10976.047632223086, 10420.718541230983, 30681.099674832785, 27396.622585847686, 1229.3906485307991, -5773.947331183831, 27240.786223505285, -9648.644584255766, -3977.8952572220874, 2417.0282384190846, 4769.906970251438, -0.029857421875, 0.8870087890625, 0.429345703125, 192.0, 0.0, 0.0, 0.0, 0.0, 0.0, 0.0, 0.0, 0.0, 0.0, 1.74114686278304E9, 0.0, 2025-03-04 21:54:22.783
140.0, -30813.220836308104, -10417.902221429613, -6374.561056442387, 17461.78626558617, -26628.571942874427, 10943.011753918143, 10484.510419906428, 30703.876102432743, 27557.421035459167, 1242.3546603148773, -5755.149514096918, 27267.317744173735, -9650.85740695684, -3977.6046845441683, 2394.6541422193222, 4762.08385969208, -0.029857421875, 0.8870087890625, 0.429345703125, 192.0, 0.0, 0.0, 0.0, 0.0, 0.0, 0.0, 0.0, 0.0, 0.0, 1.741146862783275E9, 0.0, 2025-03-04 21:54:22.783
142.0, -30819.05464161094, -10434.218994881987, -6372.191771530124, 17468.782361600683, -26788.185750029774, 10948.130303398408, 10362.425191691542, 30662.25715425696, 27473.57964200731, 1222.0592763494583, -5779.982302186764, 27253.92904924501, -9652.24321511307, -3995.6872458085118, 2404.3100958240148, 4757.9040834789375, -0.029857421875, 0.8870087890625, 0.429345703125, 192.0, 0.0, 0.0, 0.0, 0.0, 0.0, 0.0, 0.0, 0.0, 0.0, 1.741146862783489E9, 0.0, 2025-03-04 21:54:22.783
144.0, -30827.704766715142, -10439.762227506904, -6377.667948921675, 17505.998016118767, -26578.034648660978, 10954.344088356984, 10373.48930519692, 30661.743064134487, 27637.306170142434, 1217.1195408248354, -5767.621787502979, 27271.54222387579, -9638.742761462065, -3990.680455050523, 2414.0554564065287, 4765.682490549385, -0.029857421875, 0.8870087890625, 0.429345703125, 192.0, 0.0, 0.0, 0.0, 0.0, 0.0, 0.0, 0.0, 0.0, 0.0, 1.741146862783719E9, 0.0, 2025-03-04 21:54:22.783
146.0, -30830.18581034968, -10431.760302991905, -6378.919646611172, 17525.24286809479, -26746.38798789835, 10929.824224689512, 10392.57769496175, 30687.55932898037, 27626.13029791478, 1204.8707848633271, -5782.642159776946, 27232.24785712336, -9652.466732557623, -3998.1459376985954, 2409.115720881906, 4776.7466040547615, -0.025928710937500002, 0.88750439453125, 0.4286728515625, 192.0, 127.5, 40.0, 13.5, 96.0, 6.5, 48.0, 0.0, 0.0, 0.0, 1.741146862783965E9, 0.0, 2025-03-04 21:54:22.783
148.0, -30821.66979571221, -10426.48529130045, -6373.868152364273, 17555.596537065096, -26567.529328766985, 10937.535576526592, 10404.848802667715, 30677.948078864585, 28082.776437136705, 1219.9805641151147, -5754.881293163454, 27225.788202975775, -9656.355936092847, -3990.4345858615147, 2393.3130375520036, 4791.834031562094, -0.025928710937500002, 0.88750439453125, 0.4286728515625, 192.0, 0.0, 0.0, 0.0, 0.0, 0.0, 0.0, 0.0, 0.0, 0.0, 1.741146862842169E9, 0.0, 2025-03-04 21:54:22.842
150.0, -30831.258694083535, -10436.767093749893, -6371.677681407653, 17546.253507882775, -26729.08773768994, 10909.260619790628, 10386.967407103468, 30670.6390584277, 28349.633914188616, 1199.9534010831596, -5772.829743961066, 27195.389830516557, -9645.314174331925, -4011.3781704161374, 2413.3178488395038, 4803.769863101228, -0.025928710937500002, 0.88750439453125, 0.4286728515625, 192.0, 0.0, 0.0, 0.0, 0.0, 0.0, 0.0, 0.0, 0.0, 0.0, 1.741146862842447E9, 0.0, 2025-03-04 21:54:22.842
152.0, -30837.00309240855, -10442.35502986372, -6375.87980936525, 17553.20490040838, -26548.68680819116, 10969.163294930851, 10395.818697907771, 30661.944229834586, 28570.200928473587, 1207.0612558199473, -5759.99984264372, 27201.201284074938, -9652.690250002177, -3996.7377777979113, 2404.7794824575763, 4831.642488436996, -0.025928710937500002, 0.88750439453125, 0.4286728515625, 192.0, 0.0, 0.0, 0.0, 0.0, 0.0, 0.0, 0.0, 0.0, 0.0, 1.741146862842658E9, 0.0, 2025-03-04 21:54:22.842
154.0, -30840.400557565757, -10442.578547308272, -6375.164553542681, 17526.762786717747, -26712.14511539282, 10930.360666556438, 10365.979119059935, 30652.332979718805, 28899.509179533623, 1197.8076336154502, -5766.3477380690265, 27191.52297872579, -9655.886549459285, -3988.847612005188, 2422.459712321724, 4848.33924154511, -0.025928710937500002, 0.88750439453125, 0.4286728515625, 192.0, 0.0, 0.0, 0.0, 0.0, 0.0, 0.0, 0.0, 0.0, 0.0, 1.741146862842882E9, 0.0, 2025-03-04 21:54:22.842
156.0, -30855.778557751008, -10464.952643508035, -6400.287914310446, 17523.74530121628, -26538.852040630823, 10940.68717249479, 10346.287232194809, 30618.850066524756, 29705.02134621398, 1199.171090027224, -5751.99791812872, 27197.870874151096, -9649.181026122693, -3991.9545044844754, 2414.971877929196, 4848.451000267387, -0.022964355468750003, 0.8887521972656249, 0.43233642578125, 192.0, 127.5, 48.0, 13.5, 104.0, 6.5, 80.0, 0.0, 0.0, 0.0, 1.741146862843123E9, 0.0, 2025-03-04 21:54:22.843
158.0, -30855.331522861903, -10460.996384739445, -6395.5940479748315, 17496.118545069523, -26659.32794324493, 10901.169288297808, 10341.57101411474, 30615.54200834537, 30311.33476630864, 1170.2702844465118, -5775.891932951443, 27168.925365081475, -9684.139154450793, -4023.4928159109136, 2379.9466943677303, 4833.832959393616, -0.022964355468750003, 0.8887521972656249, 0.43233642578125, 192.0, 0.0, 0.0, 0.0, 0.0, 0.0, 0.0, 0.0, 0.0, 0.0, 1.741146862843351E9, 0.0, 2025-03-04 21:54:22.843
160.0, -30842.658083755745, -10450.200492167533, -6387.413309504189, 17524.304094827665, -26547.032779101468, 10938.720218982724, 10360.391182946109, 30646.320360460326, 30508.410097171083, 1184.4636421756318, -5751.506179750702, 27185.018621089297, -9659.395773338769, -4016.6978855965003, 2394.117700352395, 4851.289671813211, -0.022964355468750003, 0.8887521972656249, 0.43233642578125, 192.0, 0.0, 0.0, 0.0, 0.0, 0.0, 0.0, 0.0, 0.0, 0.0, 1.741146862843582E9, 0.0, 2025-03-04 21:54:22.843
162.0, -30855.19741239517, -10448.054724699823, -6389.760242671996, 17508.166135330932, -26630.293027197484, 10918.558945484036, 10378.563151188273, 30647.46029942755, 30778.463873680103, 1184.8659735758274, -5756.110639108496, 27183.699868166434, -9662.547369306967, -4018.5530803862907, 2409.4509970487356, 4858.218712594356, -0.022964355468750003, 0.8887521972656249, 0.43233642578125, 192.0, 0.0, 0.0, 0.0, 0.0, 0.0, 0.0, 0.0, 0.0, 0.0, 1.741146862843824E9, 0.0, 2025-03-04 21:54:22.843
164.0, -30844.82620296791, -10449.596995067239, -6383.2111815465905, 17522.583010504604, -26586.371849342806, 10939.97191667222, 10342.085104237212, 30594.039630179363, 31071.361133022445, 1196.399473714766, -5747.482865748748, 27196.686231694966, -9675.734898535598, -3998.45886212097, 2401.203203344727, 4861.459715540375, -0.022964355468750003, 0.8887521972656249, 0.43233642578125, 192.0, 0.0, 0.0, 0.0, 0.0, 0.0, 0.0, 0.0, 0.0, 0.0, 1.741146862902364E9, 0.0, 2025-03-04 21:54:22.902
166.0, -30850.257676870548, -10449.887567745158, -6374.225780275558, 17510.378958032008, -26634.003416777065, 10975.757059545167, 10290.65374024555, 30572.38078980217, 31303.52870267972, 1186.4976509210649, -5751.2603105616945, 27186.538539712255, -9649.538654033979, -3998.615324332157, 2409.5180522821015, 4848.6521659674845, -0.023482177734375, 0.8863760986328124, 0.432168212890625, 192.0, 127.5, 32.0, 13.5, 80.0, 6.5, 64.0, 0.0, 0.0, 0.0, 1.741146862902644E9, 0.0, 2025-03-04 21:54:22.902
168.0, -30843.038063411484, -10448.859387500213, -6374.5834081868425, 17505.75214692976, -26632.55055338747, 10916.480233249693, 10322.527327838818, 30629.869476541222, 31176.012000562194, 1191.169165512224, -5747.304051793105, 27195.211016560916, -9642.497854530557, -3993.5414783408023, 2410.501529038135, 4855.91648291546, -0.023482177734375, 0.8863760986328124, 0.432168212890625, 192.0, 0.0, 0.0, 0.0, 0.0, 0.0, 0.0, 0.0, 0.0, 0.0, 1.741146862902924E9, 0.0, 2025-03-04 21:54:22.902
170.0, -30863.378150865814, -10454.112047447212, -6381.534800712443, 17498.979568359802, -26632.617608620836, 10958.948547714775, 10289.066766389224, 30580.270955594893, 30919.3469189819, 1181.937895052182, -5749.002784371708, 27196.306252039227, -9660.736878006086, -4011.288763438316, 2395.4811567641686, 4842.997174620292, -0.023482177734375, 0.8863760986328124, 0.432168212890625, 192.0, 0.0, 0.0, 0.0, 0.0, 0.0, 0.0, 0.0, 0.0, 0.0, 1.741146862903142E9, 0.0, 2025-03-04 21:54:22.903
172.0, -30849.609476281345, -10444.992535709445, -6374.896332609217, 17510.535420243195, -26678.639850454314, 10959.8873209819, 10307.752824753861, 30580.695638739544, 30647.773223849923, 1185.2236014871123, -5752.154380339906, 27192.372345015094, -9662.435610584691, -3993.966161485453, 2395.145880597339, 4841.745476930795, -0.023482177734375, 0.8863760986328124, 0.432168212890625, 192.0, 0.0, 0.0, 0.0, 0.0, 0.0, 0.0, 0.0, 0.0, 0.0, 1.741146862903366E9, 0.0, 2025-03-04 21:54:22.903
174.0, -30852.135223404795, -10447.920614233091, -6369.330748239845, 17494.330405513098, -26652.108329785864, 10924.616268231424, 10322.28145864981, 30611.988080976975, 30726.138439910228, 1196.399473714766, -5743.168979068873, 27214.61233074812, -9645.381229565292, -3999.1517661990842, 2414.4354360622688, 4847.109895600069, -0.023482177734375, 0.8863760986328124, 0.432168212890625, 192.0, 0.0, 0.0, 0.0, 0.0, 0.0, 0.0, 0.0, 0.0, 0.0, 1.741146862903586E9, 0.0, 2025-03-04 21:54:22.903
176.0, -30858.572525807922, -10457.844788771246, -6386.0275013479595, 17494.62097819102, -26708.300615346507, 10961.049611693576, 10314.011313201347, 30576.15823461512, 30520.18946649903, 1180.0156450290258, -5764.850171190521, 27190.159522314018, -9657.406468082247, -4026.3091357122826, 2395.436453275258, 4829.943755858392, -0.0267410888671875, 0.8841880493164063, 0.4320841064453125, 192.0, 127.5, 8.0, 13.5, 72.0, 6.5, 64.0, 0.0, 0.0, 0.0, 1.741146862903804E9, 0.0, 2025-03-04 21:54:22.903
178.0, -30855.06330192844, -10446.512454332407, -6376.036271576438, 17491.46938222282, -26641.044216280487, 10933.40050380236, 10287.524496021808, 30574.325391569782, 30647.39324419418, 1185.1565462537465, -5758.055240876108, 27201.558911986223, -9656.065363414928, -3989.451109105481, 2393.469499763191, 4835.643450694496, -0.0267410888671875, 0.8841880493164063, 0.4320841064453125, 192.0, 0.0, 0.0, 0.0, 0.0, 0.0, 0.0, 0.0, 0.0, 0.0, 1.741146862962711E9, 0.0, 2025-03-04 21:54:22.962
180.0, -30866.038008455995, -10460.862274272713, -6388.93322812715, 17485.881446108993, -26729.981807468153, 10937.490873037681, 10264.3233852772, 30550.65489419161, 30478.347000878694, 1181.557915396442, -5769.476982292769, 27200.128400341084, -9649.315136589425, -4014.7309320844333, 2386.8757351488753, 4818.164386530446, -0.0267410888671875, 0.8841880493164063, 0.4320841064453125, 192.0, 0.0, 0.0, 0.0, 0.0, 0.0, 0.0, 0.0, 0.0, 0.0, 1.741146862962995E9, 0.0, 2025-03-04 21:54:22.962
182.0, -30864.428682855214, -10463.1198004627, -6393.113004340292, 17477.633652404984, -26602.465105350628, 10938.11672188243, 10281.824801185705, 30564.110644353706, 30568.37982754467, 1179.0768717619028, -5763.218493845284, 27208.376194045093, -9671.666881044732, -3998.0118272318637, 2377.6444646888335, 4820.556023187163, -0.0267410888671875, 0.8841880493164063, 0.4320841064453125, 192.0, 0.0, 0.0, 0.0, 0.0, 0.0, 0.0, 0.0, 0.0, 0.0, 1.741146862963228E9, 0.0, 2025-03-04 21:54:22.963
184.0, -30863.400502610268, -10458.761210293915, -6391.146050828225, 17473.543283169663, -26752.847642045934, 10936.97678291521, 10277.935597650481, 30569.273897322884, 30365.738912312856, 1166.1799152111907, -5775.020214917686, 27196.32860378368, -9649.158674378237, -4019.357743186682, 2390.3849590283585, 4809.111930026046, -0.0267410888671875, 0.8841880493164063, 0.4320841064453125, 192.0, 0.0, 0.0, 0.0, 0.0, 0.0, 0.0, 0.0, 0.0, 0.0, 1.74114686296348E9, 0.0, 2025-03-04 21:54:22.963
186.0, -30867.557927078957, -10456.794256781848, -6398.5891817318425, 17475.89021633747, -26606.734288541593, 10945.381038830405, 10249.41477172551, 30549.7608244134, 30483.66671605906, 1185.3130084649335, -5757.407040286904, 27219.283845339283, -9656.758267493042, -4004.382074401626, 2385.1546508258166, 4822.232404021312, -0.032370544433593745, 0.8870940246582031, 0.4350420532226562, 192.0, 127.0, 104.0, 13.5, 104.0, 6.5, 88.0, 0.0, 0.0, 0.0, 1.74114686296369E9, 0.0, 2025-03-04 21:54:22.963
188.0, -30860.561831064446, -10454.983765480967, -6396.8904491532385, 17469.78819010117, -26774.8194068455, 10933.132282868897, 10271.297129547254, 30562.076635608275, 30308.8537226741, 1177.9369327946822, -5774.148496883929, 27205.20224633244, -9666.034241441994, -4011.8252053052433, 2391.659008462311, 4815.929212084915, -0.032370544433593745, 0.8870940246582031, 0.4350420532226562, 192.0, 0.0, 0.0, 0.0, 0.0, 0.0, 0.0, 0.0, 0.0, 0.0, 1.741146862963938E9, 0.0, 2025-03-04 21:54:22.963
190.0, -30875.649258571775, -10470.69704183305, -6411.329676071367, 17456.73477133927, -26607.69541355317, 10929.153672355851, 10247.336059491165, 30526.35854796869, 30390.34818295815, 1171.6784443471963, -5762.190313600339, 27211.81836269121, -9651.14797963476, -4034.288708482827, 2375.0963658209284, 4807.793177103184, -0.032370544433593745, 0.8870940246582031, 0.4350420532226562, 192.0, 0.0, 0.0, 0.0, 0.0, 0.0, 0.0, 0.0, 0.0, 0.0, 1.741146862964185E9, 0.0, 2025-03-04 21:54:22.964
192.0, -30875.38103763831, -10459.677631816583, -6400.712597455096, 17461.339230697064, -26795.047735577555, 10939.189605616284, 10234.103826773624, 30540.12722255316, 30207.84618948057, 1165.5093628775314, -5785.52553481168, 27194.227539804884, -9665.207226897148, -4001.074016222241, 2361.7747261255654, 4798.360740943043, -0.032370544433593745, 0.8870940246582031, 0.4350420532226562, 192.0, 0.0, 0.0, 0.0, 0.0, 0.0, 0.0, 0.0, 0.0, 0.0, 1.7411468629644E9, 0.0, 2025-03-04 21:54:22.964
194.0, -30871.648296314277, -10462.292785917853, -6391.727196184063, 17463.060315020124, -26629.17543997472, 10955.707544768757, 10216.133024231556, 30517.440201931026, 30127.268150719185, 1177.6687118612185, -5770.773383471177, 27210.454906279436, -9668.180008909703, -4014.84269080671, 2385.7804996705654, 4806.943810813882, -0.032370544433593745, 0.8870940246582031, 0.4350420532226562, 192.0, 0.0, 0.0, 0.0, 0.0, 0.0, 0.0, 0.0, 0.0, 0.0, 1.741146863023127E9, 0.0, 2025-03-04 21:54:23.023
196.0, -30858.259601385547, -10433.727256503971, -6370.247169762513, 17470.659908134927, -26867.489739357203, 10952.60065228947, 10255.740315406361, 30546.89980112312, 28262.50681430183, 1177.1099182498358, -5780.339930098049, 27213.58415050318, -9640.866177185319, -3999.3752836436374, 2389.692054950244, 4809.178985259412, -0.03618527221679688, 0.8895470123291016, 0.4335210266113281, 192.0, 127.0, 96.0, 13.5, 112.0, 6.5, 64.0, 0.0, 0.0, 0.0, 1.741146863023386E9, 0.0, 2025-03-04 21:54:23.023
198.0, -30852.671665271722, -10435.224823382476, -6362.938149325628, 17484.65210016395, -26716.95074045071, 10965.274091395628, 10253.482789216374, 30562.546022241837, 27507.97897672403, 1205.4742819636206, -5746.722906437267, 27247.53645033079, -9656.065363414928, -3998.525917354336, 2402.85723243442, 4824.042895322192, -0.03618527221679688, 0.8895470123291016, 0.4335210266113281, 192.0, 0.0, 0.0, 0.0, 0.0, 0.0, 0.0, 0.0, 0.0, 0.0, 1.74114686302362E9, 0.0, 2025-03-04 21:54:23.023
200.0, -30867.44616835668, -10441.572718807784, -6373.264655263979, 17460.400457429943, -26888.41097216737, 10949.225538876717, 10243.469207700397, 30563.52949899787, 27341.167907854073, 1183.5695723974195, -5771.376880571471, 27228.02337742131, -9640.307383573936, -3993.7202922964448, 2407.3052295810257, 4814.744569628784, -0.03618527221679688, 0.8895470123291016, 0.4335210266113281, 192.0, 0.0, 0.0, 0.0, 0.0, 0.0, 0.0, 0.0, 0.0, 0.0, 1.741146863023859E9, 0.0, 2025-03-04 21:54:23.023
202.0, -30865.68038054471, -10441.773884507882, -6381.780669901451, 17460.802788830137, -26737.53669709405, 10946.275108608617, 10252.611071182619, 30567.172833344084, 27373.17560591407, 1193.5831539133972, -5752.579063484557, 27241.479127583403, -9640.128569618293, -4006.5948971027015, 2397.626924231878, 4809.804834104161, -0.03618527221679688, 0.8895470123291016, 0.4335210266113281, 192.0, 0.0, 0.0, 0.0, 0.0, 0.0, 0.0, 0.0, 0.0, 0.0, 1.741146863024074E9, 0.0, 2025-03-04 21:54:23.024
204.0, -30880.276069674026, -10454.089695702756, -6393.0683008513815, 17437.378160640976, -26884.633527354425, 10966.928120485321, 10207.549954360718, 30527.699652636013, 27406.390298174658, 1176.2829037049894, -5777.814182974599, 27225.184705875483, -9658.412296582736, -4003.644466834601, 2384.685264192255, 4800.439453177387, -0.03618527221679688, 0.8895470123291016, 0.4335210266113281, 192.0, 0.0, 0.0, 0.0, 0.0, 0.0, 0.0, 0.0, 0.0, 0.0, 1.741146863024302E9, 0.0, 2025-03-04 21:54:23.024
206.0, -30882.44418888619, -10460.169370194599, -6399.192678832135, 17441.35677115402, -26734.72037729268, 10940.061323650041, 10208.73459681685, 30523.18460025604, 27432.76535663192, 1174.6735781042073, -5765.990110157742, 27234.170107146518, -9662.904997218251, -3995.55313534178, 2386.607514215412, 4795.90204905296, -0.03909263610839844, 0.8897735061645509, 0.427760513305664, 192.0, 127.0, 88.0, 13.5, 104.0, 6.5, 24.0, 0.0, 0.0, 0.0, 1.741146863024547E9, 0.0, 2025-03-04 21:54:23.024
208.0, -30901.6443373733, -10471.322890677797, -6411.754359216018, 17412.031282428656, -26844.154518145864, 10895.715462650713, 10178.358576102088, 30499.6482133446, 27498.47948533052, 1154.1770284386907, -5790.554677314124, 27212.53361851378, -9666.190703653181, -4033.126417771151, 2368.8378773734426, 4770.599874329552, -0.03909263610839844, 0.8897735061645509, 0.427760513305664, 192.0, 0.0, 0.0, 0.0, 0.0, 0.0, 0.0, 0.0, 0.0, 0.0, 1.741146863083221E9, 0.0, 2025-03-04 21:54:23.083
210.0, -30888.814436055953, -10466.003175497435, -6402.768957944984, 17436.148814695935, -26741.06827271799, 10925.465634520726, 10182.583055804142, 30532.19235327153, 27489.158807892658, 1156.367499395311, -5784.0726714220855, 27211.125458613096, -9657.205302382148, -4027.538481657324, 2379.56671471199, 4774.332615653589, -0.03909263610839844, 0.8897735061645509, 0.427760513305664, 192.0, 0.0, 0.0, 0.0, 0.0, 0.0, 0.0, 0.0, 0.0, 0.0, 1.741146863083484E9, 0.0, 2025-03-04 21:54:23.083
212.0, -30898.02335477154, -10460.437591128062, -6408.021617891982, 17426.44815760233, -26857.096178185486, 10952.399486589371, 10186.382852361543, 30512.85809431769, 27590.300451552925, 1168.1468687232577, -5781.52457255418, 27215.774621459797, -9662.234444884592, -4015.93792628502, 2377.488002477646, 4798.673665365418, -0.03909263610839844, 0.8897735061645509, 0.427760513305664, 192.0, 0.0, 0.0, 0.0, 0.0, 0.0, 0.0, 0.0, 0.0, 0.0, 1.741146863083721E9, 0.0, 2025-03-04 21:54:23.083
214.0, -30900.72791585063, -10476.061460502322, -6418.303420341423, 17422.40249185592, -26773.813578345013, 10897.39184348486, 10157.414991547465, 30498.955309266486, 27545.999294042504, 1154.0205662275037, -5796.3437791280485, 27205.00108063234, -9667.241235642581, -4019.9165367980645, 2382.5842002134564, 4785.597894859064, -0.03909263610839844, 0.8897735061645509, 0.427760513305664, 192.0, 0.0, 0.0, 0.0, 0.0, 0.0, 0.0, 0.0, 0.0, 0.0, 1.741146863083948E9, 0.0, 2025-03-04 21:54:23.083
216.0, -30905.891168819806, -10467.746611564948, -6413.74366447254, 17417.239238886745, -26806.737697927678, 10944.64343126338, 10161.594767760607, 30488.762913794868, 27685.496531188077, 1149.7737347809953, -5798.95893322932, 27204.934025398976, -9674.460849101646, -4028.5666619022686, 2366.2227232721716, 4783.295665180167, -0.04254631805419922, 0.8908867530822755, 0.421880256652832, 192.0, 127.0, 72.0, 13.5, 112.0, 6.5, 0.0, 0.0, 0.0, 0.0, 1.741146863084167E9, 0.0, 2025-03-04 21:54:23.084
218.0, -30896.235215215114, -10475.413259913119, -6420.382132575766, 17411.96422719529, -26777.25574699113, 10909.059454090531, 10142.014639617759, 30505.258501202883, 27607.444239550143, 1147.1585806797243, -5798.489546595758, 27210.790182446264, -9666.213055397637, -4035.294536983316, 2374.8728483763753, 4780.881676778994, -0.04254631805419922, 0.8908867530822755, 0.421880256652832, 192.0, 0.0, 0.0, 0.0, 0.0, 0.0, 0.0, 0.0, 0.0, 0.0, 1.741146863084397E9, 0.0, 2025-03-04 21:54:23.084
220.0, -30895.251738459083, -10465.0196987414, -6417.498757541032, 17412.612427784494, -26778.26157549162, 10944.330506841006, 10155.001003146292, 30494.999050497896, 27779.06093347799, 1153.1264964492914, -5792.029892448175, 27213.986481903376, -9670.996328711073, -4027.2702607238607, 2362.489981948135, 4783.228609946801, -0.04254631805419922, 0.8908867530822755, 0.421880256652832, 192.0, 0.0, 0.0, 0.0, 0.0, 0.0, 0.0, 0.0, 0.0, 0.0, 1.741146863084612E9, 0.0, 2025-03-04 21:54:23.084
222.0, -30894.581186125422, -10475.793239568859, -6420.98562967606, 17407.44917481532, -26790.331517497485, 10916.30141929405, 10131.464616234853, 30484.02434397034, 27674.633583382798, 1158.84854302985, -5799.6294855629785, 27214.209999347928, -9673.432668856702, -4023.872795566654, 2367.9214558507747, 4789.844726305571, -0.04254631805419922, 0.8908867530822755, 0.421880256652832, 192.0, 0.0, 0.0, 0.0, 0.0, 0.0, 0.0, 0.0, 0.0, 0.0, 1.741146863084832E9, 0.0, 2025-03-04 21:54:23.084
224.0, -30895.7434768371, -10475.033280257378, -6420.2480221090345, 17398.86610494448, -26739.526002350573, 10912.322808781006, 10118.947639339882, 30482.303259647284, 27857.537908260576, 1147.4491533576434, -5796.612000061513, 27214.791144703766, -9658.81462798293, -4044.771676632366, 2375.3645867543923, 4774.42202263141, -0.04254631805419922, 0.8908867530822755, 0.421880256652832, 192.0, 0.0, 0.0, 0.0, 0.0, 0.0, 0.0, 0.0, 0.0, 0.0, 1.741146863143203E9, 0.0, 2025-03-04 21:54:23.143
226.0, -30893.038915758007, -10479.54833263735, -6422.594955276842, 17409.93021844986, -26797.797000145558, 10924.25864032014, 10115.147842782479, 30489.254652172884, 27736.883191690828, 1143.8952259892496, -5802.1552326864285, 27211.214865590915, -9669.856389743853, -4018.9107082975756, 2374.1575925538054, 4786.916647781926, -0.04427315902709961, 0.8904433765411377, 0.41894012832641603, 192.0, 127.0, 72.0, 13.5, 104.0, 6.5, 0.0, 0.0, 0.0, 0.0, 1.741146863143461E9, 0.0, 2025-03-04 21:54:23.143
228.0, -30893.30713669147, -10479.056594259333, -6429.389885591256, 17395.379232809453, -26715.900208461313, 10931.880585179399, 10118.969991084337, 30460.487957058904, 27924.123754992936, 1142.4200108551993, -5797.841346006554, 27215.640510993067, -9686.664901574242, -4030.220690991961, 2362.110002292395, 4779.585275600586, -0.04427315902709961, 0.8904433765411377, 0.41894012832641603, 192.0, 0.0, 0.0, 0.0, 0.0, 0.0, 0.0, 0.0, 0.0, 0.0, 1.741146863143733E9, 0.0, 2025-03-04 21:54:23.143
230.0, -30876.230403927613, -10467.701908076038, -6421.164443631702, 17406.64451201493, -26820.059337623043, 10917.307247794539, 10109.04581654618, 30463.88542221611, 27788.716887082683, 1137.2567578860233, -5805.48564261027, 27208.66676672301, -9683.5356573505, -4039.6307754076456, 2359.4054412133028, 4782.982740757792, -0.04427315902709961, 0.8904433765411377, 0.41894012832641603, 192.0, 0.0, 0.0, 0.0, 0.0, 0.0, 0.0, 0.0, 0.0, 0.0, 1.74114686314395E9, 0.0, 2025-03-04 21:54:23.143
232.0, -30880.276069674026, -10463.365669651708, -6416.001190662527, 17406.35393933701, -26706.46777230117, 10924.01277113113, 10100.99918854227, 30472.155567664573, 27978.326735297054, 1157.3062726624337, -5782.351587099027, 27238.7298630154, -9678.417107870235, -4022.7999118327994, 2369.4190227292806, 4789.822374561117, -0.04427315902709961, 0.8904433765411377, 0.41894012832641603, 192.0, 0.0, 0.0, 0.0, 0.0, 0.0, 0.0, 0.0, 0.0, 0.0, 1.74114686314418E9, 0.0, 2025-03-04 21:54:23.144
234.0, -30866.4850433451, -10468.439515643062, -6410.189737104147, 17407.58328528205, -26848.17783214782, 10916.077901849498, 10097.177040240413, 30494.12733246414, 27842.204611564233, 1149.684327803174, -5799.830651263077, 27222.68131049649, -9658.09937216036, -4016.0049815183856, 2391.0331596175624, 4792.415176917932, -0.04427315902709961, 0.8904433765411377, 0.41894012832641603, 192.0, 0.0, 0.0, 0.0, 0.0, 0.0, 0.0, 0.0, 0.0, 0.0, 1.741146863144414E9, 0.0, 2025-03-04 21:54:23.144
236.0, -30876.81154928345, -10472.663995345116, -6420.091559897847, 17408.387948082443, -26679.98095512163, 10944.375210329916, 10094.695996605873, 30462.566669293246, 28019.900979983926, 1152.008909226526, -5782.999787688231, 27240.652113038555, -9679.400584626268, -4047.1856650335394, 2382.360682768903, 4795.857345564049, -0.0441365795135498, 0.8902216882705689, 0.41747006416320803, 192.0, 127.0, 80.0, 13.5, 104.0, 6.5, 0.0, 0.0, 0.0, 0.0, 1.741146863144639E9, 0.0, 2025-03-04 21:54:23.144
238.0, -30867.088540445395, -10462.806876040326, -6409.407426048211, 17408.43265157135, -26854.346913617483, 10934.026352647108, 10104.217839743835, 30473.474320587437, 27909.662176330352, 1154.1099732053249, -5795.2261919052835, 27231.599656534156, -9671.599825811367, -4005.7455308134, 2387.7474531826324, 4802.47346192282, -0.0441365795135498, 0.8902216882705689, 0.41747006416320803, 192.0, 0.0, 0.0, 0.0, 0.0, 0.0, 0.0, 0.0, 0.0, 0.0, 1.74114686314488E9, 0.0, 2025-03-04 21:54:23.144
240.0, -30875.87277601633, -10476.64260585816, -6417.766978474496, 17403.71643349128, -26661.920745601747, 10931.813529946034, 10048.830216983582, 30448.46271854195, 28117.891027675993, 1156.300444161945, -5780.04935742013, 27243.513136328835, -9673.902055490262, -4011.7357983274223, 2382.8971246358306, 4800.819432833127, -0.0441365795135498, 0.8902216882705689, 0.41747006416320803, 192.0, 0.0, 0.0, 0.0, 0.0, 0.0, 0.0, 0.0, 0.0, 0.0, 1.741146863203414E9, 0.0, 2025-03-04 21:54:23.203
242.0, -30873.570546337432, -10474.921521535101, -6416.917612185194, 17393.971072908767, -26829.916456927833, 10928.7289892112, 10073.528894606698, 30450.07204414273, 28104.524684491716, 1141.5482928214424, -5799.7188925408, 27229.20801987744, -9672.493895589578, -4027.3596677016817, 2379.410252500803, 4788.5483251271635, -0.0441365795135498, 0.8902216882705689, 0.41747006416320803, 192.0, 0.0, 0.0, 0.0, 0.0, 0.0, 0.0, 0.0, 0.0, 0.0, 1.741146863203662E9, 0.0, 2025-03-04 21:54:23.203
244.0, -30884.92523252073, -10482.83403907228, -6430.730990258574, 17392.317043819075, -26638.31730345694, 10906.712520922723, 10061.36954562301, 30455.168241878542, 28328.46681218944, 1146.8009527684394, -5788.0065784462195, 27242.708473528444, -9683.558009094955, -4022.0176007768637, 2373.1517640533166, 4787.2519239487565, -0.0441365795135498, 0.8902216882705689, 0.41747006416320803, 192.0, 0.0, 0.0, 0.0, 0.0, 0.0, 0.0, 0.0, 0.0, 0.0, 1.741146863203884E9, 0.0, 2025-03-04 21:54:23.203
246.0, -30893.374191924835, -10487.818478085814, -6434.441379838155, 17375.44147675532, -26815.141953842874, 10900.185811541774, 10059.491999088765, 30430.7824886778, 28283.092770945164, 1138.329641619878, -5811.207689190828, 27227.19636287646, -9704.188669227204, -4037.641470151123, 2369.1955052847275, 4776.701900565851, -0.0440682897567749, 0.8921108441352845, 0.416735032081604, 192.0, 127.0, 80.0, 13.5, 120.0, 6.5, 0.0, 0.0, 0.0, 0.0, 1.741146863204112E9, 0.0, 2025-03-04 21:54:23.204
248.0, -30886.042819743496, -10490.523039164906, -6429.456940824622, 17379.978880879746, -26625.643864350783, 10914.78150067109, 10014.050902611125, 30426.49095374238, 28346.79524264279, 1131.8476357278391, -5806.871450766498, 27225.4752785534, -9721.757140369074, -4047.5432929448243, 2362.3558714814035, 4770.197542929357, -0.0440682897567749, 0.8921108441352845, 0.416735032081604, 192.0, 0.0, 0.0, 0.0, 0.0, 0.0, 0.0, 0.0, 0.0, 0.0, 1.741146863204351E9, 0.0, 2025-03-04 21:54:23.204
250.0, -30884.29938367598, -10483.638701872671, -6422.371437832289, 17375.732049433238, -26787.939880840768, 10931.612364245935, 10026.277306828179, 30421.282997284296, 28331.149021524077, 1136.9885369525596, -5805.619753077001, 27226.637569265076, -9683.781526539507, -4023.8280920777433, 2383.053586847018, 4789.062415249636, -0.0440682897567749, 0.8921108441352845, 0.416735032081604, 192.0, 0.0, 0.0, 0.0, 0.0, 0.0, 0.0, 0.0, 0.0, 0.0, 1.741146863204592E9, 0.0, 2025-03-04 21:54:23.204
252.0, -30879.24788942908, -10487.349091452252, -6429.144016402247, 17381.185875080333, -26626.56028587345, 10915.608515215936, 10064.342327635566, 30428.413203765536, 28368.543489997806, 1140.5201125764981, -5793.1698314153955, 27235.913543214032, -9684.832058528908, -4028.6337171356345, 2373.218819286683, 4783.832107047094, -0.0440682897567749, 0.8921108441352845, 0.416735032081604, 192.0, 0.0, 0.0, 0.0, 0.0, 0.0, 0.0, 0.0, 0.0, 0.0, 1.741146863204807E9, 0.0, 2025-03-04 21:54:23.204
254.0, -30884.25468018707, -10480.040071015366, -6427.601746034831, 17368.4006772519, -26790.64444191986, 10907.58423895648, 10022.32104805959, 30426.87093339812, 28367.269440563854, 1136.7650195080066, -5811.364151402015, 27227.419880321013, -9703.249895960082, -4036.1886067615283, 2365.105136049406, 4778.579447100097, -0.0440682897567749, 0.8921108441352845, 0.416735032081604, 192.0, 0.0, 0.0, 0.0, 0.0, 0.0, 0.0, 0.0, 0.0, 0.0, 1.741146863263762E9, 0.0, 2025-03-04 21:54:23.263
0.0, -30879.471406873636, -10490.657149631637, -6424.964240189104, 17374.34624127701, -26647.861498339356, 10925.510338009637, 9995.096623313026, 30428.569665976724, 28369.19169058701, 1145.0798684453807, -5798.131918684473, 27245.144813674073, -9695.24797144508, -4026.3761909456484, 2383.634732202856, 4785.799060559161, -0.042034144878387456, 0.8930554220676423, 0.422367516040802, 192.0, 127.0, 96.0, 13.5, 120.0, 6.5, 48.0, 0.0, 0.0, 0.0, 1.741146863264039E9, 0.0, 2025-03-04 21:54:23.264
2.0, -30884.96993600964, -10481.850562316247, -6426.864138467806, 17364.422066738854, -26785.145912783853, 10938.340239326983, 9996.571838447075, 30404.54154068727, 28398.852455479202, 1131.4676560720989, -5809.643067078957, 27228.537467543778, -9685.681424818209, -4047.2527202669053, 2391.0108078731073, 4783.318016924622, -0.042034144878387456, 0.8930554220676423, 0.422367516040802, 192.0, 0.0, 0.0, 0.0, 0.0, 0.0, 0.0, 0.0, 0.0, 0.0, 1.741146863264291E9, 0.0, 2025-03-04 21:54:23.264
4.0, -30883.897052275785, -10495.798050856358, -6439.135246173769, 17365.11497081697, -26677.477559742638, 10911.8757738919, 10005.3113705291, 30406.15086628805, 28352.852565390178, 1139.0672491869032, -5809.419549634404, 27234.01364493533, -9704.166317482748, -4038.312022484782, 2374.5152204650904, 4783.921514024915, -0.042034144878387456, 0.8930554220676423, 0.422367516040802, 192.0, 0.0, 0.0, 0.0, 0.0, 0.0, 0.0, 0.0, 0.0, 0.0, 1.741146863264526E9, 0.0, 2025-03-04 21:54:23.264
6.0, -30884.411142398258, -10491.88649557668, -6436.363629861311, 17347.01005780817, -26763.755293340124, 10900.565791197514, 10030.546490019142, 30413.504590213848, 28435.53166813036, 1127.17612113668, -5814.985134003775, 27222.25662735184, -9694.197439455682, -4037.1497317731064, 2372.32474950847, 4774.019691231214, -0.042034144878387456, 0.8930554220676423, 0.422367516040802, 192.0, 0.0, 0.0, 0.0, 0.0, 0.0, 0.0, 0.0, 0.0, 0.0, 1.741146863264745E9, 0.0, 2025-03-04 21:54:23.264
8.0, -30875.224575427124, -10484.845696073258, -6429.948679202638, 17364.53382546113, -26719.968225952176, 10926.06913162102, 9993.64375992343, 30401.859331352633, 28350.863260133658, 1128.4501705706323, -5812.1911659468615, 27226.704624498445, -9697.371387168336, -4041.41891496407, 2360.6794906472555, 4772.298606908155, -0.042034144878387456, 0.8930554220676423, 0.422367516040802, 192.0, 0.0, 0.0, 0.0, 0.0, 0.0, 0.0, 0.0, 0.0, 0.0, 1.741146863264966E9, 0.0, 2025-03-04 21:54:23.264
10.0, -30884.947584265185, -10487.349091452252, -6431.55800480342, 17347.792368864106, -26783.96127032772, 10910.713483180223, 9994.224905279269, 30421.953549617952, 28472.613212181714, 1138.46375208661, -5806.916154255409, 27235.86883972512, -9694.242142944591, -4042.000060319908, 2388.216839816194, 4783.206258202345, -0.042017072439193726, 0.8905277110338212, 0.424183758020401, 192.0, 127.0, 88.0, 13.5, 96.0, 6.5, 40.0, 0.0, 0.0, 0.0, 1.741146863265185E9, 0.0, 2025-03-04 21:54:23.265
12.0, -30871.96122073665, -10485.873876318203, -6426.372400089789, 17373.09454358751, -26758.167357226295, 10936.68621023729, 9970.152076500903, 30399.512398184826, 28362.910850395067, 1141.235368399068, -5804.85979376552, 27237.25464788135, -9687.201343441171, -4037.350897473204, 2397.693979465244, 4793.063377507136, -0.042017072439193726, 0.8905277110338212, 0.424183758020401, 192.0, 0.0, 0.0, 0.0, 0.0, 0.0, 0.0, 0.0, 0.0, 0.0, 1.741146863265419E9, 0.0, 2025-03-04 21:54:23.265
14.0, -30884.053514486972, -10484.398661184152, -6434.195510649146, 17358.320040502553, -26747.48322337666, 10925.711503709736, 9974.600073647509, 30387.8224358347, 28521.94351219458, 1142.8670457443054, -5806.044436221652, 27241.277961883305, -9700.143003480793, -4029.2819177248384, 2385.8699066483864, 4788.61538036053, -0.042017072439193726, 0.8905277110338212, 0.424183758020401, 192.0, 0.0, 0.0, 0.0, 0.0, 0.0, 0.0, 0.0, 0.0, 0.0, 1.741146863323969E9, 0.0, 2025-03-04 21:54:23.323
16.0, -30876.92330800573, -10494.144021766666, -6436.631850794774, 17359.303517258588, -26781.122598781898, 10915.027369860098, 9989.620445921475, 30406.575549432702, 28383.85443494969, 1140.2742433874898, -5811.610020591023, 27237.902848470552, -9713.151718753781, -4034.959260816486, 2383.791194414043, 4786.559019870641, -0.042017072439193726, 0.8905277110338212, 0.424183758020401, 192.0, 0.0, 0.0, 0.0, 0.0, 0.0, 0.0, 0.0, 0.0, 0.0, 1.741146863324228E9, 0.0, 2025-03-04 21:54:23.324
18.0, -30880.745456307588, -10494.233428744486, -6431.580356547875, 17351.234537510223, -26734.29569414803, 10910.244096546663, 9973.482486424744, 30408.45309596695, 28548.072701462832, 1132.4511328281324, -5806.022084477197, 27240.853278738654, -9693.951570266672, -4042.536502186835, 2389.7367584391545, 4788.749490827262, -0.042017072439193726, 0.8905277110338212, 0.424183758020401, 192.0, 0.0, 0.0, 0.0, 0.0, 0.0, 0.0, 0.0, 0.0, 0.0, 1.741146863324466E9, 0.0, 2025-03-04 21:54:23.324
20.0, -30864.003999710563, -10471.054669744333, -6419.599821519831, 17378.503665745695, -26796.96998560071, 10941.7824079731, 9961.25608220769, 30381.9215752985, 28411.72706028546, 1140.721278276596, -5808.480776367281, 27246.016531707828, -9690.464698131645, -4038.1779120180504, 2397.04577887604, 4794.449185663365, -0.04400853621959686, 0.8882638555169107, 0.4250918790102005, 192.0, 127.0, 72.0, 13.5, 88.0, 6.5, 40.0, 0.0, 0.0, 0.0, 1.74114686332469E9, 0.0, 2025-03-04 21:54:23.324
22.0, -30874.621078326833, -10471.300538933343, -6426.662972767708, 17360.845787626004, -26703.584397266437, 10927.723160710711, 9932.668201049353, 30384.067342766208, 28604.488504468027, 1161.4413453866655, -5791.158174414418, 27266.334267417704, -9687.983654497106, -4016.675533852045, 2396.9340201537634, 4803.099310767569, -0.04400853621959686, 0.8882638555169107, 0.4250918790102005, 192.0, 0.0, 0.0, 0.0, 0.0, 0.0, 0.0, 0.0, 0.0, 0.0, 1.741146863324936E9, 0.0, 2025-03-04 21:54:23.324
24.0, -30889.283822689515, -10491.819440343314, -6450.758153290529, 17339.701037371284, -26834.096233140976, 10881.075070032486, 9974.510666669687, 30386.25781372283, 28448.71919735899, 1142.7999905109396, -5813.465215380814, 27247.53645033079, -9704.032207016016, -4017.6590106080785, 2375.8339733879534, 4788.727139082806, -0.04400853621959686, 0.8882638555169107, 0.4250918790102005, 192.0, 0.0, 0.0, 0.0, 0.0, 0.0, 0.0, 0.0, 0.0, 0.0, 1.741146863325176E9, 0.0, 2025-03-04 21:54:23.325
26.0, -30878.979668495616, -10487.952588552545, -6429.3675338468, 17341.310362972064, -26715.43082182775, 10928.885451422388, 9892.72563370772, 30362.52026111129, 28611.37284176026, 1126.5949757808419, -5817.466177638314, 27239.020435693317, -9714.984561799118, -4059.3003105283155, 2363.8087348709983, 4774.265560420223, -0.04400853621959686, 0.8882638555169107, 0.4250918790102005, 192.0, 0.0, 0.0, 0.0, 0.0, 0.0, 0.0, 0.0, 0.0, 0.0, 1.741146863325388E9, 0.0, 2025-03-04 21:54:23.325
28.0, -30869.502528846566, -10480.442402415563, -6415.0847691398585, 17357.694191657807, -26856.40327410737, 10933.35580031345, 9937.227956918236, 30377.29476419625, 28469.01458132441, 1136.496798574543, -5811.00652349073, 27244.92129622952, -9673.946758979173, -4042.6482609091117, 2406.85819469192, 4800.081825266102, -0.04400853621959686, 0.8882638555169107, 0.4250918790102005, 192.0, 0.0, 0.0, 0.0, 0.0, 0.0, 0.0, 0.0, 0.0, 0.0, 1.741146863384258E9, 0.0, 2025-03-04 21:54:23.384
30.0, -30882.73476156411, -10490.366576953718, -6432.9885164485595, 17347.05476129708, -26707.272435101564, 10910.177041313296, 9924.040427689604, 30364.44251113445, 28630.327121058363, 1140.6095195543194, -5800.0988721965405, 27252.744406788875, -9696.164392967748, -4027.896109568609, 2397.269296320593, 4793.152784484957, -0.045004268109798434, 0.8851319277584553, 0.4245459395051002, 192.0, 127.0, 72.0, 13.5, 72.0, 6.5, 32.0, 0.0, 0.0, 0.0, 1.741146863384492E9, 0.0, 2025-03-04 21:54:23.384
32.0, -30875.58220333841, -10478.006062269935, -6425.724199500585, 17352.016848566156, -26876.69865807279, 10907.047797089554, 9954.282337937635, 30401.233482507883, 28496.82015142681, 1133.233443884068, -5820.506014884236, 27238.640456037578, -9710.134233252315, -4032.679382882045, 2389.267371805593, 4792.169307728924, -0.045004268109798434, 0.8851319277584553, 0.4245459395051002, 192.0, 0.0, 0.0, 0.0, 0.0, 0.0, 0.0, 0.0, 0.0, 0.0, 1.741146863384772E9, 0.0, 2025-03-04 21:54:23.384
34.0, -30878.82320628443, -10484.711585606527, -6426.104179156325, 17344.663124640363, -26697.57177800796, 10907.025445345098, 9939.3960761304, 30385.7213718559, 28646.599191021825, 1137.3685166082998, -5805.105662954529, 27254.018456222828, -9702.668750604244, -4037.5073596843913, 2396.531688753568, 4795.812642075139, -0.045004268109798434, 0.8851319277584553, 0.4245459395051002, 192.0, 0.0, 0.0, 0.0, 0.0, 0.0, 0.0, 0.0, 0.0, 0.0, 1.741146863385017E9, 0.0, 2025-03-04 21:54:23.385
36.0, -30863.400502610268, -10466.941948764557, -6412.26844933849, 17349.84872935399, -26903.163123507875, 10942.899995195867, 9949.20849194628, 30374.09846473914, 28542.373006626727, 1146.5774353238864, -5810.559488601624, 27251.49270909938, -9700.791204069998, -4033.8416735937208, 2391.144918339839, 4811.212994004845, -0.045004268109798434, 0.8851319277584553, 0.4245459395051002, 192.0, 0.0, 0.0, 0.0, 0.0, 0.0, 0.0, 0.0, 0.0, 0.0, 1.741146863385243E9, 0.0, 2025-03-04 21:54:23.385
38.0, -30885.841654043397, -10493.272303732909, -6434.530786815976, 17329.128662243922, -26724.01389169859, 10925.35387579845, 9877.19117131128, 30335.00526368681, 28651.918906202187, 1146.108048690325, -5801.819956519599, 27256.34303764618, -9679.646453815276, -4018.5530803862907, 2396.978723642674, 4804.015732290236, -0.045004268109798434, 0.8851319277584553, 0.4245459395051002, 192.0, 0.0, 0.0, 0.0, 0.0, 0.0, 0.0, 0.0, 0.0, 0.0, 1.741146863385473E9, 0.0, 2025-03-04 21:54:23.385
40.0, -30877.68326731721, -10479.593036126262, -6432.519129814998, 17322.847822051983, -26880.632565096923, 10907.427776745293, 9917.312552608557, 30363.72725531188, 28577.308783210374, 1127.0867141588587, -5827.68092485439, 27246.754139274854, -9707.899058806785, -4057.42276399407, 2390.13908983935, 4795.142089741479, -0.04750213405489922, 0.8845659638792276, 0.42427296975255013, 192.0, 127.0, 56.0, 13.5, 80.0, 6.5, 32.0, 0.0, 0.0, 0.0, 1.741146863385715E9, 0.0, 2025-03-04 21:54:23.385
42.0, -30875.895127760785, -10480.442402415563, -6427.601746034831, 17328.391054676897, -26705.86427520088, 10924.660971720336, 9889.417575528334, 30359.748644798834, 28665.844042997844, 1139.8942637317496, -5811.833538035577, 27276.05727625576, -9710.670675119243, -4033.5511009158017, 2383.94765662523, 4797.824299076116, -0.04750213405489922, 0.8845659638792276, 0.42427296975255013, 192.0, 0.0, 0.0, 0.0, 0.0, 0.0, 0.0, 0.0, 0.0, 0.0, 1.741146863385946E9, 0.0, 2025-03-04 21:54:23.385
44.0, -30876.744494050086, -10475.077983746289, -6420.203318620124, 17322.80311856307, -26900.41385893987, 10927.83491943299, 9877.638206200387, 30344.48240333586, 28633.32225481537, 1135.1556939072245, -5819.611945106023, 27270.603450608665, -9703.182840726715, -4032.5676241597685, 2395.011770130607, 4798.383092687499, -0.04750213405489922, 0.8845659638792276, 0.42427296975255013, 192.0, 0.0, 0.0, 0.0, 0.0, 0.0, 0.0, 0.0, 0.0, 0.0, 1.741146863443542E9, 0.0, 2025-03-04 21:54:23.443
46.0, -30876.63273532781, -10485.69506236256, -6423.869004710795, 17327.184060476313, -26746.544450109537, 10929.310134567038, 9889.350520294967, 30328.165629883486, 28668.950935477133, 1140.8553887433277, -5804.81509027661, 27287.568424650246, -9697.997236013083, -4021.8611385656764, 2397.8727934208864, 4803.769863101228, -0.04750213405489922, 0.8845659638792276, 0.42427296975255013, 192.0, 0.0, 0.0, 0.0, 0.0, 0.0, 0.0, 0.0, 0.0, 0.0, 1.741146863443817E9, 0.0, 2025-03-04 21:54:23.443
48.0, -30859.86892698633, -10463.432724885073, -6402.456033522611, 17330.76033958916, -26912.640263156925, 10931.813529946034, 9934.389285372412, 30373.00322926083, 28682.831368783878, 1130.975917694082, -5814.851023537043, 27278.5383198903, -9701.484108148112, -4020.7659030873665, 2398.7445114546435, 4805.647409635474, -0.04750213405489922, 0.8845659638792276, 0.42427296975255013, 192.0, 0.0, 0.0, 0.0, 0.0, 0.0, 0.0, 0.0, 0.0, 0.0, 1.741146863444046E9, 0.0, 2025-03-04 21:54:23.444
50.0, -30855.264467628538, -10466.852541786737, -6398.142146842736, 17342.025618794636, -26789.63861341937, 10929.041913633575, 9891.04925287357, 30351.925534239475, 28693.91783403371, 1152.4782958600874, -5787.201915645828, 27304.712212647464, -9673.700889790165, -4017.8601763081765, 2414.0554564065287, 4821.159520287457, -0.045751067027449605, 0.8852829819396137, 0.4191364848762751, 192.0, 127.0, 80.0, 13.5, 88.0, 6.0, 120.0, 0.0, 0.0, 0.0, 1.74114686344427E9, 0.0, 2025-03-04 21:54:23.444
52.0, -30863.91459273274, -10473.870989545703, -6404.959428901605, 17319.025673750126, -26912.03676605663, 10912.859250647933, 9886.757717938151, 30347.879868493066, 28744.008093358054, 1142.4870660885651, -5800.948238485842, 27295.01155555386, -9678.573570081422, -4025.5938798897128, 2416.4247413187913, 4816.733874885306, -0.045751067027449605, 0.8852829819396137, 0.4191364848762751, 192.0, 0.0, 0.0, 0.0, 0.0, 0.0, 0.0, 0.0, 0.0, 0.0, 1.741146863444503E9, 0.0, 2025-03-04 21:54:23.444
54.0, -30853.543383305478, -10470.473524388495, -6403.730082956563, 17335.074226269036, -26822.24980857966, 10933.646372991368, 9889.305816806056, 30366.364761157605, 28697.136485235274, 1140.877740487783, -5802.62461931999, 27292.709325874966, -9672.404488611757, -4028.2760892243496, 2412.982572672674, 4810.833014349105, -0.045751067027449605, 0.8852829819396137, 0.4191364848762751, 192.0, 0.0, 0.0, 0.0, 0.0, 0.0, 0.0, 0.0, 0.0, 0.0, 1.741146863444715E9, 0.0, 2025-03-04 21:54:23.444
56.0, -30875.179871938217, -10473.133381978678, -6420.180966875669, 17332.66023786786, -26893.596576881002, 10923.319867053016, 9863.422496726811, 30332.412461329994, 28784.665916522255, 1149.9972522255484, -5804.680979809878, 27302.45468645748, -9667.889436231784, -4008.7630163148665, 2411.9320406832744, 4825.026372078225, -0.045751067027449605, 0.8852829819396137, 0.4191364848762751, 192.0, 0.0, 0.0, 0.0, 0.0, 0.0, 0.0, 0.0, 0.0, 0.0, 1.741146863445007E9, 0.0, 2025-03-04 21:54:23.445
58.0, -30868.40729336826, -10490.366576953718, -6427.199414634635, 17347.56885141955, -26833.872715696423, 10910.44526224676, 9859.779162380597, 30326.064565904686, 28708.200598740652, 1131.9593944501155, -5820.8189393066095, 27283.567462392744, -9671.91275023374, -4030.3100979697824, 2393.2906858075485, 4810.81066260465, -0.045751067027449605, 0.8852829819396137, 0.4191364848762751, 192.0, 0.0, 0.0, 0.0, 0.0, 0.0, 0.0, 0.0, 0.0, 0.0, 1.741146863504403E9, 0.0, 2025-03-04 21:54:23.504
60.0, -30871.87181375883, -10475.435611657575, -6433.1002751708365, 17361.76220914867, -26873.100027215485, 10905.036140088576, 9924.174538156336, 30369.046970492243, 28825.837829808934, 1115.8884901867498, -5812.302924669138, 27281.667564114043, -9676.316043891436, -4051.7901243913325, 2402.276087078582, 4828.781465146717, -0.0468755335137248, 0.8866414909698068, 0.41756824243813756, 192.0, 127.0, 64.0, 13.5, 96.0, 6.5, 0.0, 0.0, 0.0, 0.0, 1.741146863504685E9, 0.0, 2025-03-04 21:54:23.504
62.0, -30865.188642166693, -10485.69506236256, -6423.645487266242, 17380.314157046578, -26852.40231184987, 10893.72615739419, 9850.346726220456, 30340.280275378263, 28735.40267174276, 1138.910786975716, -5804.81509027661, 27272.078665742716, -9665.900130975262, -4028.812531091277, 2405.1594621133163, 4856.832904438127, -0.0468755335137248, 0.8866414909698068, 0.41756824243813756, 192.0, 0.0, 0.0, 0.0, 0.0, 0.0, 0.0, 0.0, 0.0, 0.0, 1.741146863504957E9, 0.0, 2025-03-04 21:54:23.504
64.0, -30857.142014162782, -10476.061460502322, -6407.999266147526, 17384.82920942655, -26869.1437684469, 10928.63958223338, 9843.551795906043, 30342.984836457355, 28886.366353793903, 1118.0342576544592, -5798.377787873482, 27250.911563743543, -9641.827302196896, -4043.6987928985113, 2429.0534769360397, 4865.348919075599, -0.0468755335137248, 0.8866414909698068, 0.41756824243813756, 192.0, 0.0, 0.0, 0.0, 0.0, 0.0, 0.0, 0.0, 0.0, 0.0, 1.741146863505173E9, 0.0, 2025-03-04 21:54:23.505
66.0, -30860.02538919752, -10476.55319888034, -6414.7941964619395, 17400.855410201002, -26891.786085580123, 10931.075922379008, 9847.843330841462, 30338.223914888375, 28787.057553178973, 1133.7922374954508, -5786.553715056624, 27258.24293592488, -9639.882700429285, -4007.8018913032884, 2437.5471398290565, 4902.452814871409, -0.0468755335137248, 0.8866414909698068, 0.41756824243813756, 192.0, 0.0, 0.0, 0.0, 0.0, 0.0, 0.0, 0.0, 0.0, 0.0, 1.741146863505402E9, 0.0, 2025-03-04 21:54:23.505
68.0, -30863.512261332544, -10468.819495298803, -6426.551214045431, 17387.377308294454, -26863.30996314406, 10908.813584901523, 9875.067755588027, 30343.72244402438, 28963.077540764516, 1129.6124612823082, -5779.512915553202, 27252.118557944126, -9668.448229843169, -4021.2129379764724, 2424.5384245560676, 4910.745312064328, -0.0468755335137248, 0.8866414909698068, 0.41756824243813756, 192.0, 0.0, 0.0, 0.0, 0.0, 0.0, 0.0, 0.0, 0.0, 0.0, 1.741146863505639E9, 0.0, 2025-03-04 21:54:23.505
70.0, -30850.54824954847, -10465.0196987414, -6424.763074489007, 17395.692157231828, -26945.609086228502, 10911.451090747249, 9860.270900758613, 30316.609778000093, 28835.13615550234, 1129.0313159264704, -5782.262180121205, 27241.926162472508, -9668.448229843169, -4030.645374136612, 2419.844558220453, 4918.657829601506, -0.0484377667568624, 0.8873207454849035, 0.4137841212190688, 192.0, 127.0, 56.0, 13.5, 96.0, 6.0, 104.0, 0.0, 0.0, 0.0, 1.741146863505865E9, 0.0, 2025-03-04 21:54:23.505
72.0, -30865.009828211052, -10471.524056377895, -6443.56089157592, 17383.890436159425, -26863.086445699508, 10890.753375381635, 9843.238871483669, 30316.922702422467, 29003.48949473971, 1135.200397396135, -5771.913322438398, 27245.05540669625, -9669.118782176827, -4021.9505455434974, 2407.6852092367662, 4919.328381935165, -0.0484377667568624, 0.8873207454849035, 0.4137841212190688, 192.0, 0.0, 0.0, 0.0, 0.0, 0.0, 0.0, 0.0, 0.0, 0.0, 1.741146863506119E9, 0.0, 2025-03-04 21:54:23.506
74.0, -30847.776633236008, -10461.935158006569, -6422.4161413212, 17400.766003223183, -26964.29514459314, 10922.291686808072, 9852.313679732524, 30333.261827619295, 28864.796920394532, 1131.2888421164564, -5779.6693777643895, 27231.71141525643, -9656.91472970423, -4020.4753304094475, 2423.5996512889446, 4928.649059373029, -0.0484377667568624, 0.8873207454849035, 0.4137841212190688, 192.0, 0.0, 0.0, 0.0, 0.0, 0.0, 0.0, 0.0, 0.0, 0.0, 1.741146863565081E9, 0.0, 2025-03-04 21:54:23.565
76.0, -30854.61626703933, -10469.668861588105, -6424.248984366534, 17394.44045954233, -26833.045701151575, 10933.713428224735, 9825.446882897244, 30306.104458106096, 29067.28137341516, 1139.8048567539283, -5756.624729230968, 27244.138985173584, -9657.406468082247, -4012.6522198500898, 2434.484950838679, 4936.047486787736, -0.0484377667568624, 0.8873207454849035, 0.4137841212190688, 192.0, 0.0, 0.0, 0.0, 0.0, 0.0, 0.0, 0.0, 0.0, 0.0, 1.741146863565335E9, 0.0, 2025-03-04 21:54:23.565
78.0, -30855.175060650716, -10480.084774504277, -6430.552176302931, 17382.884607658936, -26968.5643277841, 10910.758186669134, 9834.097008001449, 30292.604004455094, 28943.564467855034, 1124.5833187798642, -5777.277741107672, 27223.48597329688, -9653.629023269299, -4026.778522345844, 2429.366401358414, 4927.084437261157, -0.0484377667568624, 0.8873207454849035, 0.4137841212190688, 192.0, 0.0, 0.0, 0.0, 0.0, 0.0, 0.0, 0.0, 0.0, 0.0, 1.741146863565568E9, 0.0, 2025-03-04 21:54:23.565
80.0, -30865.479214844614, -10483.54929489485, -6439.247004896046, 17374.547406977108, -26820.484020767693, 10900.006997586132, 9830.721894588696, 30307.42321102896, 29107.179237267883, 1120.492949544543, -5763.5314182676575, 27230.973807689406, -9676.494857847078, -4043.184702776039, 2421.0292006765844, 4915.461530144397, -0.0482188833784312, 0.8896603727424517, 0.41489206060953443, 192.0, 127.0, 64.0, 13.5, 112.0, 6.5, 0.0, 0.0, 0.0, 0.0, 1.741146863565786E9, 0.0, 2025-03-04 21:54:23.565
82.0, -30856.896144973773, -10471.41229765562, -6427.199414634635, 17380.470619257765, -26977.929708710875, 10909.282971535084, 9847.508054674632, 30312.340594809128, 28994.43703823531, 1113.206280852113, -5781.077537665074, 27213.80766794773, -9674.147924679271, -4044.8834353546426, 2417.8999564528417, 4909.158338208001, -0.0482188833784312, 0.8896603727424517, 0.41489206060953443, 192.0, 0.0, 0.0, 0.0, 0.0, 0.0, 0.0, 0.0, 0.0, 0.0, 1.741146863566027E9, 0.0, 2025-03-04 21:54:23.566
84.0, -30864.093406688382, -10482.431707672085, -6431.155673403225, 17377.341375034022, -26787.559901185025, 10902.577448198492, 9793.103908670415, 30280.489358960316, 29151.256877333748, 1132.6075950393194, -5760.5362845106465, 27239.132194415593, -9673.499724090067, -4020.2071094759835, 2417.296459352548, 4917.204966211912, -0.0482188833784312, 0.8896603727424517, 0.41489206060953443, 192.0, 0.0, 0.0, 0.0, 0.0, 0.0, 0.0, 0.0, 0.0, 0.0, 1.741146863566273E9, 0.0, 2025-03-04 21:54:23.566
86.0, -30857.320828118423, -10487.527905407895, -6427.758208246018, 17369.317098774565, -26976.700362765834, 10901.884544120378, 9802.044606452539, 30281.875167116545, 29044.862573726485, 1109.2276703390683, -5781.926903954376, 27214.165295859017, -9664.24610188557, -4044.905787099098, 2431.2886513815706, 4904.866803272582, -0.0482188833784312, 0.8896603727424517, 0.41489206060953443, 192.0, 0.0, 0.0, 0.0, 0.0, 0.0, 0.0, 0.0, 0.0, 0.0, 1.741146863566488E9, 0.0, 2025-03-04 21:54:23.566
88.0, -30864.316924132938, -10492.199419999055, -6435.737781016563, 17376.96139537828, -26798.892235623865, 10902.935076109778, 9804.480946598167, 30277.784797881224, 29142.226772573802, 1114.8603099418058, -5767.934711925353, 27230.839697222676, -9664.357860607846, -4041.843598108721, 2426.9300612127854, 4915.461530144397, -0.0482188833784312, 0.8896603727424517, 0.41489206060953443, 192.0, 0.0, 0.0, 0.0, 0.0, 0.0, 0.0, 0.0, 0.0, 0.0, 1.741146863623962E9, 0.0, 2025-03-04 21:54:23.623
90.0, -30869.88250850231, -10501.69891139256, -6440.9680892191045, 17361.270470770654, -26966.597374272034, 10892.876791104889, 9801.441109352245, 30302.19290282642, 29063.548632091122, 1096.6436382107304, -5792.678093037378, 27203.168237587004, -9679.110011948349, -4045.062249310285, 2421.856215221431, 4903.369236394076, -0.049109441689215605, 0.8918301863712259, 0.41244603030476723, 192.0, 127.0, 56.0, 13.5, 120.0, 6.0, 104.0, 0.0, 0.0, 0.0, 1.741146863624226E9, 0.0, 2025-03-04 21:54:23.624
92.0, -30867.02148521203, -10505.990446327978, -6447.18187417768, 17364.15384580539, -26774.35002021194, 10903.91855286581, 9783.112678898893, 30269.0452657992, 29131.028548601695, 1092.7320829310518, -5780.6081510315125, 27216.892208682562, -9692.029320243517, -4070.543237989335, 2419.9339651982746, 4898.585963080641, -0.049109441689215605, 0.8918301863712259, 0.41244603030476723, 192.0, 0.0, 0.0, 0.0, 0.0, 0.0, 0.0, 0.0, 0.0, 0.0, 1.741146863624473E9, 0.0, 2025-03-04 21:54:23.624
94.0, -30871.983572481106, -10510.930181852602, -6450.668746312707, 17346.697133385795, -26929.225257542763, 10888.518200936103, 9754.100114595904, 30259.769291850247, 29093.544673150143, 1091.2568677970014, -5788.990055202253, 27213.472391780902, -9682.373366638823, -4045.3081184992934, 2417.184700630272, 4903.011608482791, -0.049109441689215605, 0.8918301863712259, 0.41244603030476723, 192.0, 0.0, 0.0, 0.0, 0.0, 0.0, 0.0, 0.0, 0.0, 0.0, 1.741146863624689E9, 0.0, 2025-03-04 21:54:23.624
96.0, -30868.764921279544, -10514.215888287532, -6455.51907485951, 17347.971182819747, -26792.566691943015, 10894.352006238938, 9768.941672914229, 30247.162907977454, 29115.203513527336, 1091.3462747748226, -5783.625636532979, 27217.696871482956, -9679.981729982106, -4057.0874878272402, 2414.4130843178136, 4890.137003676535, -0.049109441689215605, 0.8918301863712259, 0.41244603030476723, 192.0, 0.0, 0.0, 0.0, 0.0, 0.0, 0.0, 0.0, 0.0, 0.0, 1.741146863624912E9, 0.0, 2025-03-04 21:54:23.624
98.0, -30862.551136320966, -10505.386949227686, -6449.573510834398, 17335.387150691407, -26938.76945242518, 10886.685357890769, 9740.487902222623, 30241.26204744125, 29105.10052503354, 1086.7641671614847, -5790.733491269767, 27212.779487702788, -9675.891360746786, -4062.4966099854246, 2420.425703576291, 4891.880439744048, -0.049109441689215605, 0.8918301863712259, 0.41244603030476723, 192.0, 0.0, 0.0, 0.0, 0.0, 0.0, 0.0, 0.0, 0.0, 0.0, 1.741146863625131E9, 0.0, 2025-03-04 21:54:23.625
100.0, -30863.959296221652, -10503.040016059878, -6452.501589358043, 17347.747665375195, -26804.524875226605, 10902.845669131955, 9752.580195972943, 30260.79747209519, 29098.4173534414, 1098.4094260226996, -5786.173735400884, 27224.447098308457, -9684.183857939704, -4072.3760810346703, 2415.7765407295874, 4890.248762398811, -0.050554720844607805, 0.8889150931856129, 0.41322301515238363, 192.0, 127.0, 48.0, 13.5, 88.0, 6.0, 120.0, 0.0, 0.0, 0.0, 1.741146863625352E9, 0.0, 2025-03-04 21:54:23.625
102.0, -30872.140034692293, -10504.828155616302, -6449.864083512317, 17334.068397768548, -26945.94436239533, 10900.230515030684, 9776.45185905121, 30253.98019003632, 29128.48044973379, 1102.946830147127, -5788.855944735521, 27229.453889066448, -9667.86708448733, -4039.027278307352, 2436.787180517576, 4907.504309118308, -0.050554720844607805, 0.8889150931856129, 0.41322301515238363, 192.0, 0.0, 0.0, 0.0, 0.0, 0.0, 0.0, 0.0, 0.0, 0.0, 1.741146863625588E9, 0.0, 2025-03-04 21:54:23.625
104.0, -30869.480177102112, -10517.143966811176, -6456.636662082275, 17336.795310592093, -26815.901913154354, 10900.67754991979, 9727.143910782805, 30221.570160576128, 29071.12587346147, 1080.304513013901, -5794.376825615982, 27219.373252317102, -9685.100279462371, -4074.767717691388, 2413.340200583959, 4892.081605444147, -0.050554720844607805, 0.8889150931856129, 0.41322301515238363, 192.0, 0.0, 0.0, 0.0, 0.0, 0.0, 0.0, 0.0, 0.0, 0.0, 1.741146863684359E9, 0.0, 2025-03-04 21:54:23.684
106.0, -30868.63081081281, -10506.392777728173, -6453.7085835586295, 17335.789482091604, -26883.538291876113, 10906.936038367277, 9759.97862338765, 30225.995805978277, 29152.57563025661, 1088.753472418007, -5791.2922848811495, 27226.615217520623, -9676.472506102624, -4047.4315342225477, 2418.7269709976877, 4896.5519543352075, -0.050554720844607805, 0.8889150931856129, 0.41322301515238363, 192.0, 0.0, 0.0, 0.0, 0.0, 0.0, 0.0, 0.0, 0.0, 0.0, 1.741146863684622E9, 0.0, 2025-03-04 21:54:23.684
108.0, -30862.10410143186, -10514.104129565256, -6452.3227754024, 17337.041179781103, -26820.036985878585, 10883.064375289008, 9723.947611325695, 30215.490486084283, 29077.51847237569, 1090.1169288297808, -5785.14555515594, 27228.604522777146, -9700.031244758517, -4051.6560139246008, 2418.7046192532325, 4900.552916592707, -0.050554720844607805, 0.8889150931856129, 0.41322301515238363, 192.0, 0.0, 0.0, 0.0, 0.0, 0.0, 0.0, 0.0, 0.0, 0.0, 1.74114686368484E9, 0.0, 2025-03-04 21:54:23.684
110.0, -30862.931115976706, -10511.779548141903, -6448.075943955892, 17321.75258657367, -26866.193338178797, 10890.239285259162, 9699.785375569509, 30196.379744574995, 29183.10811318256, 1094.1625945761914, -5783.6032847885235, 27227.5763425322, -9680.093488704382, -4055.6793279265557, 2436.8318840064867, 4888.125346675557, -0.05027736042230391, 0.8914575465928065, 0.4146115075761918, 192.0, 127.0, 56.0, 13.5, 120.0, 6.5, 0.0, 0.0, 0.0, 0.0, 1.741146863685065E9, 0.0, 2025-03-04 21:54:23.685
112.0, -30856.091482173382, -10516.026379588411, -6457.910711516227, 17326.91583954285, -26863.399370121882, 10873.900160062332, 9750.009745360583, 30227.51572460124, 29069.04716122713, 1086.8759258837613, -5791.4710988367915, 27222.39073781857, -9673.879703745808, -4080.601522994223, 2421.81151173252, 4875.787183736227, -0.05027736042230391, 0.8914575465928065, 0.4146115075761918, 192.0, 0.0, 0.0, 0.0, 0.0, 0.0, 0.0, 0.0, 0.0, 0.0, 1.741146863685315E9, 0.0, 2025-03-04 21:54:23.685
114.0, -30864.003999710563, -10512.561859197838, -6457.776601049495, 17322.266676696145, -26851.46353858275, 10924.817433931523, 9724.97579157064, 30207.64502378047, 29211.561883874165, 1092.396806764222, -5789.14651741344, 27235.53356355829, -9691.090546976393, -4055.9475488600197, 2405.114758624406, 4884.906695473993, -0.05027736042230391, 0.8914575465928065, 0.4146115075761918, 192.0, 0.0, 0.0, 0.0, 0.0, 0.0, 0.0, 0.0, 0.0, 0.0, 1.741146863685548E9, 0.0, 2025-03-04 21:54:23.685
116.0, -30855.778557751008, -10509.902001607657, -6447.651260811242, 17327.787557576605, -26895.384716437427, 10909.528840724093, 9683.937988750695, 30193.943404429367, 29074.948021763328, 1087.300609028412, -5797.774290773188, 27236.181764147495, -9680.071136959927, -4065.4917437424356, 2429.858139736431, 4887.365387364076, -0.05027736042230391, 0.8914575465928065, 0.4146115075761918, 192.0, 0.0, 0.0, 0.0, 0.0, 0.0, 0.0, 0.0, 0.0, 0.0, 1.741146863685775E9, 0.0, 2025-03-04 21:54:23.685
118.0, -30858.192546152182, -10505.901039350158, -6447.517150344509, 17325.37356917543, -26844.82507047952, 10917.039026861075, 9685.323796906925, 30202.21354987783, 29223.676529368942, 1094.7660916764846, -5785.927866211876, 27237.29935137026, -9676.740727036087, -4045.5539876883017, 2436.6754217952994, 4889.600561809607, -0.05027736042230391, 0.8914575465928065, 0.4146115075761918, 192.0, 0.0, 0.0, 0.0, 0.0, 0.0, 0.0, 0.0, 0.0, 0.0, 1.741146863745049E9, 0.0, 2025-03-04 21:54:23.745
120.0, -30861.142976420284, -10514.46175747654, -6457.977766749593, 17327.698150598782, -26891.74138209121, 10898.956465596732, 9703.316951193447, 30201.140666143976, 29086.258004457715, 1092.2626962974903, -5795.606171561024, 27227.44223206547, -9672.180971167203, -4047.9456243450195, 2431.601575803945, 4893.489765344831, -0.051138680211151956, 0.8947287732964033, 0.4123057537880959, 192.0, 127.0, 48.0, 14.0, 8.0, 6.0, 104.0, 0.0, 0.0, 0.0, 1.741146863745289E9, 0.0, 2025-03-04 21:54:23.745
122.0, -30876.364514394347, -10523.782434914403, -6479.547200148964, 17300.451374107764, -26804.614282204424, 10862.880750045866, 9721.220698502148, 30206.058049924144, 29232.728985873342, 1086.9206293726718, -5791.247581392238, 27233.16427864603, -9689.503573120068, -4068.3974705216256, 2408.422816803791, 4886.49366933032, -0.051138680211151956, 0.8947287732964033, 0.4123057537880959, 192.0, 0.0, 0.0, 0.0, 0.0, 0.0, 0.0, 0.0, 0.0, 0.0, 1.741146863745531E9, 0.0, 2025-03-04 21:54:23.745
124.0, -30866.619153811833, -10517.45689123355, -6468.103106987847, 17316.3881679044, -26908.929873577345, 10914.602686715447, 9680.987558482595, 30163.053293592133, 29077.674934586877, 1066.111155284781, -5815.7227415708, 27209.873760923598, -9698.712491835653, -4082.255552083916, 2405.472386535691, 4872.859105212582, -0.051138680211151956, 0.8947287732964033, 0.4123057537880959, 192.0, 0.0, 0.0, 0.0, 0.0, 0.0, 0.0, 0.0, 0.0, 0.0, 1.741146863745757E9, 0.0, 2025-03-04 21:54:23.745
126.0, -30864.205165410658, -10515.288772021386, -6462.3363569183775, 17316.23170569321, -26766.459854419216, 10893.189715527264, 9650.499779045556, 30161.891002880457, 29247.3023232582, 1084.3501787603116, -5782.820973732588, 27238.416938593025, -9671.778639767008, -4054.584092448246, 2429.276994380593, 4893.020378711269, -0.051138680211151956, 0.8947287732964033, 0.4123057537880959, 192.0, 0.0, 0.0, 0.0, 0.0, 0.0, 0.0, 0.0, 0.0, 0.0, 1.741146863745981E9, 0.0, 2025-03-04 21:54:23.745
128.0, -30855.175060650716, -10504.962266083034, -6459.631795839286, 17325.91001104236, -26913.176705023852, 10913.999189615153, 9641.201453352149, 30162.33803776956, 29108.38623146847, 1079.2986845134121, -5801.685846052867, 27229.565647788724, -9670.81751475543, -4065.961130375997, 2427.7347240131767, 4892.573343822163, -0.051138680211151956, 0.8947287732964033, 0.4123057537880959, 192.0, 0.0, 0.0, 0.0, 0.0, 0.0, 0.0, 0.0, 0.0, 0.0, 1.741146863746213E9, 0.0, 2025-03-04 21:54:23.746
130.0, -30863.221688654627, -10507.488013206485, -6469.779487821996, 17321.484365640208, -26769.142063753854, 10891.759203882124, 9657.25000587106, 30162.293334280654, 29249.850422126106, 1090.563963718887, -5785.704348767323, 27249.615162565133, -9676.316043891436, -4061.446077996025, 2426.4830263236795, 4894.473242100864, -0.051569340105575984, 0.8933643866482017, 0.408152876894048, 192.0, 127.0, 48.0, 13.5, 112.0, 6.0, 80.0, 0.0, 0.0, 0.0, 1.741146863746446E9, 0.0, 2025-03-04 21:54:23.746
132.0, -30863.713427032642, -10509.633780674194, -6474.383947179788, 17316.455223137764, -26931.594542455023, 10897.861230118422, 9700.63474185881, 30193.943404429367, 29136.169449826415, 1075.5435914449206, -5808.346665900549, 27231.823173978708, -9694.845640044885, -4070.610293222701, 2416.916479696808, 4900.3070474036995, -0.051569340105575984, 0.8933643866482017, 0.408152876894048, 192.0, 0.0, 0.0, 0.0, 0.0, 0.0, 0.0, 0.0, 0.0, 0.0, 1.74114686374668E9, 0.0, 2025-03-04 21:54:23.746
134.0, -30858.34900836337, -10511.690141164081, -6470.51709538902, 17318.735101072205, -26749.941915266743, 10889.278160247584, 9666.950662964662, 30159.342904012552, 29267.016561867782, 1075.275370511457, -5791.158174414418, 27243.3790258621, -9688.20717194166, -4072.934874646053, 2418.3916948308583, 4898.854184014104, -0.051569340105575984, 0.8933643866482017, 0.408152876894048, 192.0, 0.0, 0.0, 0.0, 0.0, 0.0, 0.0, 0.0, 0.0, 0.0, 1.741146863805344E9, 0.0, 2025-03-04 21:54:23.805
136.0, -30863.24404039908, -10511.153699297154, -6467.834886054384, 17323.451319152275, -26897.66459437187, 10916.033198360587, 9648.309308088936, 30149.172860285387, 29175.664982278944, 1073.8448588663173, -5807.363189144515, 27230.571476289213, -9679.981729982106, -4063.1448105746285, 2411.2614883496153, 4903.838623027637, -0.051569340105575984, 0.8933643866482017, 0.408152876894048, 192.0, 0.0, 0.0, 0.0, 0.0, 0.0, 0.0, 0.0, 0.0, 0.0, 1.741146863805615E9, 0.0, 2025-03-04 21:54:23.805
138.0, -30870.418950369236, -10519.535603467895, -6475.009796024537, 17319.360949916954, -26727.29959813352, 10905.10319532194, 9604.499888956534, 30139.382796213962, 29263.641448455033, 1080.6397891807305, -5791.381691858971, 27237.902848470552, -9659.753401250053, -4072.0184531233854, 2439.8270177634977, 4900.239992170334, -0.051569340105575984, 0.8933643866482017, 0.408152876894048, 192.0, 0.0, 0.0, 0.0, 0.0, 0.0, 0.0, 0.0, 0.0, 0.0, 1.741146863805839E9, 0.0, 2025-03-04 21:54:23.805
140.0, -30864.071054943928, -10511.332513252797, -6467.924293032204, 17322.736063329707, -26889.260338456672, 10909.707654679734, 9624.549403732944, 30147.049444562133, 29189.366601630045, 1065.1947337621134, -5811.453558379836, 27219.39560406156, -9692.833983043907, -4077.025243881374, 2424.8960524673525, 4894.741463034327, -0.051784670052787994, 0.8946821933241009, 0.411076438447024, 192.0, 127.0, 48.0, 14.0, 0.0, 6.0, 120.0, 0.0, 0.0, 0.0, 1.741146863806068E9, 0.0, 2025-03-04 21:54:23.806
142.0, -30851.95640944915, -10506.906867850646, -6461.799915051451, 17332.257906467665, -26732.99929296962, 10891.468631204205, 9665.05076468596, 30165.891965137955, 29266.346009534125, 1089.781652662951, -5781.971607443286, 27245.837717752187, -9684.809706784452, -4044.4364004655363, 2430.7298577701877, 4911.147643464523, -0.051784670052787994, 0.8946821933241009, 0.411076438447024, 192.0, 0.0, 0.0, 0.0, 0.0, 0.0, 0.0, 0.0, 0.0, 0.0, 1.741146863806297E9, 0.0, 2025-03-04 21:54:23.806
144.0, -30861.500604331566, -10518.395664500675, -6467.432554654188, 17310.464955623742, -26891.22729196874, 10896.788346384566, 9611.630095437777, 30145.373063727984, 29235.478250441345, 1073.822507121862, -5799.227154162783, 27227.486935554378, -9672.471543845122, -4067.1234210876733, 2425.723067012199, 4898.697721802917, -0.051784670052787994, 0.8946821933241009, 0.411076438447024, 192.0, 0.0, 0.0, 0.0, 0.0, 0.0, 0.0, 0.0, 0.0, 0.0, 1.74114686380652E9, 0.0, 2025-03-04 21:54:23.806
146.0, -30855.555040306455, -10513.590039442783, -6463.453944141143, 17334.180156490824, -26727.254894644608, 10923.252811819651, 9595.156859774215, 30129.995063542734, 29268.31296304619, 1076.1023850563033, -5795.963799472309, 27231.219676878416, -9669.610520554843, -4060.9096361290976, 2441.525750342101, 4899.59179158113, -0.051784670052787994, 0.8946821933241009, 0.411076438447024, 192.0, 0.0, 0.0, 0.0, 0.0, 0.0, 0.0, 0.0, 0.0, 0.0, 1.741146863806753E9, 0.0, 2025-03-04 21:54:23.806
148.0, -30860.83005199791, -10505.901039350158, -6471.701737845152, 17328.256944210167, -26861.544175332092, 10897.324788251495, 9640.396790551757, 30120.38381342695, 29278.237137584347, 1083.5678677043759, -5805.016255976708, 27232.896057712565, -9680.96520673814, -4054.002947092408, 2435.8931107393637, 4904.553878850207, -0.051784670052787994, 0.8946821933241009, 0.411076438447024, 192.0, 0.0, 0.0, 0.0, 0.0, 0.0, 0.0, 0.0, 0.0, 0.0, 1.741146863863815E9, 0.0, 2025-03-04 21:54:23.863
150.0, -30861.098272931373, -10520.720245924025, -6472.193476223169, 17337.309400714566, -26728.19366791173, 10914.021541359609, 9578.683624110654, 30126.48583966325, 29271.241041569836, 1085.8253938943617, -5791.404043603426, 27244.00487470685, -9690.665863831742, -4060.104973328707, 2422.8396919774646, 4899.59179158113, -0.049892335026393994, 0.8953410966620505, 0.412538219223512, 192.0, 127.0, 64.0, 14.0, 0.0, 6.0, 120.0, 0.0, 0.0, 0.0, 1.741146863864103E9, 0.0, 2025-03-04 21:54:23.864
152.0, -30883.561776108956, -10537.774626943425, -6490.365444465333, 17307.46982186673, -26813.554979986548, 10890.954541081732, 9606.153918046228, 30133.861915333502, 29312.61412055661, 1057.528085413943, -5814.783968303677, 27220.267322095315, -9702.44523315969, -4069.604464722212, 2428.4499798357465, 4898.004817724803, -0.049892335026393994, 0.8953410966620505, 0.412538219223512, 192.0, 0.0, 0.0, 0.0, 0.0, 0.0, 0.0, 0.0, 0.0, 0.0, 1.741146863864383E9, 0.0, 2025-03-04 21:54:23.864
154.0, -30861.38884560929, -10533.617202474737, -6473.71339484613, 17325.015941264148, -26690.396868037806, 10906.489003478171, 9578.974196788573, 30127.402261185918, 29274.012657882293, 1058.6009691477977, -5805.53034609918, 27227.10695589864, -9690.308235920458, -4088.514040531402, 2432.0933141819614, 4893.176840922456, -0.049892335026393994, 0.8953410966620505, 0.412538219223512, 192.0, 0.0, 0.0, 0.0, 0.0, 0.0, 0.0, 0.0, 0.0, 0.0, 1.741146863864596E9, 0.0, 2025-03-04 21:54:23.864
156.0, -30859.86892698633, -10516.361655755241, -6471.053537255948, 17322.75841507416, -26750.43365364476, 10923.073997864009, 9585.6126648918, 30103.57530159656, 29361.296219980268, 1071.49792569851, -5795.2261919052835, 27240.6297612941, -9682.641587572287, -4046.2692435108715, 2446.398430633358, 4903.704512560906, -0.049892335026393994, 0.8953410966620505, 0.412538219223512, 192.0, 0.0, 0.0, 0.0, 0.0, 0.0, 0.0, 0.0, 0.0, 0.0, 1.741146863864833E9, 0.0, 2025-03-04 21:54:23.864
158.0, -30856.002075195564, -10524.497690736973, -6477.535543147987, 17326.513508142652, -26695.71658321817, 10897.63771267387, 9590.015958549495, 30105.274034175163, 29294.062172658705, 1072.9284373436496, -5794.555639571624, 27243.133156673095, -9675.801953768963, -4065.022357108874, 2425.9018809678414, 4899.144756692023, -0.049892335026393994, 0.8953410966620505, 0.412538219223512, 192.0, 0.0, 0.0, 0.0, 0.0, 0.0, 0.0, 0.0, 0.0, 0.0, 1.741146863865092E9, 0.0, 2025-03-04 21:54:23.865
160.0, -30863.31109563245, -10522.351923269263, -6480.731842605096, 17313.14716495838, -26710.535789792037, 10903.940904610266, 9574.883827553253, 30113.834752301547, 29411.811162449263, 1072.660216410186, -5796.366130872504, 27243.893115984574, -9691.91756152124, -4058.6074064502013, 2429.9922502031627, 4902.385759638043, -0.048946167513197, 0.8936705483310252, 0.413269109611756, 192.0, 127.0, 64.0, 13.5, 112.0, 6.0, 120.0, 0.0, 0.0, 0.0, 1.741146863865312E9, 0.0, 2025-03-04 21:54:23.865
162.0, -30862.282915387503, -10532.969001885534, -6485.224543240613, 17316.589333604497, -26689.9498331487, 10887.825296857989, 9536.729399768043, 30080.821225741056, 29310.200132155434, 1067.3852047187336, -5795.360302372015, 27244.4295578515, -9683.625064328322, -4067.548104232324, 2441.637509064378, 4900.754082292805, -0.048946167513197, 0.8936705483310252, 0.413269109611756, 192.0, 0.0, 0.0, 0.0, 0.0, 0.0, 0.0, 0.0, 0.0, 0.0, 1.741146863865561E9, 0.0, 2025-03-04 21:54:23.865
164.0, -30870.955392236163, -10534.265403063942, -6490.812479354439, 17291.46597283673, -26668.0451235825, 10894.284951005573, 9544.463103349579, 30092.444132857818, 29428.284398112824, 1054.1306202567364, -5813.398160147448, 27230.169144889016, -9701.662922103755, -4084.781299207366, 2427.7794275020874, 4883.006797195291, -0.048946167513197, 0.8936705483310252, 0.413269109611756, 192.0, 0.0, 0.0, 0.0, 0.0, 0.0, 0.0, 0.0, 0.0, 0.0, 1.741146863924126E9, 0.0, 2025-03-04 21:54:23.924
166.0, -30863.042874698986, -10535.047714119877, -6489.001988053559, 17300.56313283004, -26704.254949600097, 10904.231477288185, 9547.055905706395, 30071.455844814285, 29296.878492460073, 1060.1655912596693, -5815.163947959417, 27232.15845014554, -9713.486994920611, -4076.37704329217, 2429.925194969797, 4892.148660677512, -0.048946167513197, 0.8936705483310252, 0.413269109611756, 192.0, 0.0, 0.0, 0.0, 0.0, 0.0, 0.0, 0.0, 0.0, 0.0, 1.741146863924386E9, 0.0, 2025-03-04 21:54:23.924
168.0, -30861.478252587112, -10529.929164639612, -6484.553990906953, 17287.42030709032, -26658.679742655724, 10873.497828662137, 9541.6020800593, 30082.13997866392, 29443.97532272045, 1063.2501319945018, -5807.251430422239, 27266.222508695428, -9677.76890728103, -4062.2283890519607, 2429.8134362475203, 4891.880439744048, -0.048946167513197, 0.8936705483310252, 0.413269109611756, 192.0, 0.0, 0.0, 0.0, 0.0, 0.0, 0.0, 0.0, 0.0, 0.0, 1.741146863924637E9, 0.0, 2025-03-04 21:54:23.924
170.0, -30868.45199685717, -10542.915528168145, -6500.155508536757, 17287.84499023497, -26725.57851381046, 10899.090576063463, 9519.138576881716, 30059.676475486336, 29312.85998974562, 1056.0975737688034, -5823.6352591079785, 27259.964020247942, -9688.877724275319, -4071.6384734676453, 2431.936851970774, 4885.733710018839, -0.05, 0.89, 0.41200000000000003, 192.0, 127.0, 56.0, 13.5, 104.0, 6.0, 112.0, 0.0, 0.0, 0.0, 1.741146863924866E9, 0.0, 2025-03-04 21:54:23.924
172.0, -30874.889299260296, -10542.915528168145, -6500.088453303391, 17277.80905697454, -26632.93053304321, 10907.49483197866, 9490.573047467835, 30085.448036843307, 29462.527270618353, 1048.8332568208286, -5823.098817241052, 27254.420787623025, -9711.29652396399, -4075.728842702966, 2426.3489158569478, 4887.2536286418, -0.05, 0.89, 0.41200000000000003, 192.0, 0.0, 0.0, 0.0, 0.0, 0.0, 0.0, 0.0, 0.0, 0.0, 1.741146863925125E9, 0.0, 2025-03-04 21:54:23.925
174.0, -30873.14586319278, -10549.41988580464, -6499.909639347749, 17278.345498841467, -26731.680540046757, 10914.44622450426, 9495.825707414831, 30070.76294073617, 29320.593693327155, 1045.7040125970857, -5829.781988833188, 27247.71526428643, -9697.170221468237, -4085.228334096472, 2439.3129276410255, 4895.322608390165, -0.05, 0.89, 0.41200000000000003, 192.0, 0.0, 0.0, 0.0, 0.0, 0.0, 0.0, 0.0, 0.0, 0.0, 1.741146863925386E9, 0.0, 2025-03-04 21:54:23.925
176.0, -30872.028275970017, -10545.105999124766, -6506.883383617805, 17265.94028066877, -26622.782841060503, 10888.786421869567, 9516.769291969455, 30068.259545357174, 29457.74399730492, 1042.7312305845298, -5824.596384119557, 27254.219621922926, -9703.786337827009, -4089.2292963539717, 2416.3129825965148, 4879.028186682247, -0.05, 0.89, 0.41200000000000003, 192.0, 0.0, 0.0, 0.0, 0.0, 0.0, 0.0, 0.0, 0.0, 0.0, 1.741146863925601E9, 0.0, 2025-03-04 21:54:23.925
178.0, -30861.478252587112, -10540.032153133412, -6492.287694488489, 17270.589443515473, -26769.58909864296, 10884.226666000684, 9484.471021231535, 30075.747379749704, 29334.51883012281, 1036.852721792784, -5837.649802881456, 27250.844508510174, -9702.802861070975, -4090.995084165941, 2420.269241365104, 4887.857125742094, -0.05, 0.89, 0.41200000000000003, 192.0, 0.0, 0.0, 0.0, 0.0, 0.0, 0.0, 0.0, 0.0, 0.0, 1.741146863984395E9, 0.0, 2025-03-04 21:54:23.984
180.0, -30869.81545326894, -10539.093379866288, -6501.09428180388, 17277.18320812979, -26603.78385827349, 10899.045872574554, 9508.946181410096, 30077.736685006224, 29482.912061561594, 1046.9780620310382, -5818.427302649892, 27265.976639506418, -9689.749442309076, -4087.99995040893, 2440.072886952506, 4884.169087906967, -0.052000000000000005, 0.888, 0.41200000000000003, 192.0, 127.0, 48.0, 13.5, 96.0, 6.0, 112.0, 0.0, 0.0, 0.0, 1.741146863984699E9, 0.0, 2025-03-04 21:54:23.984
182.0, -30871.402427125267, -10551.051563149878, -6504.648209172275, 17257.737190453674, -26776.428732446282, 10863.663061101803, 9481.274721774427, 30067.879565701434, 29367.062970049737, 1042.8653410512616, -5839.706163371345, 27249.861031754142, -9710.044826274494, -4080.4674125274914, 2418.6152122754115, 4890.137003676535, -0.052000000000000005, 0.888, 0.41200000000000003, 192.0, 0.0, 0.0, 0.0, 0.0, 0.0, 0.0, 0.0, 0.0, 0.0, 1.741146863984946E9, 0.0, 2025-03-04 21:54:23.984
184.0, -30877.616212083845, -10555.499560296485, -6515.891136633294, 17251.948088639747, -26600.83342800539, 10897.30243650704, 9445.15430273465, 30047.092443358, 29476.675924858562, 1028.2920036664013, -5833.045343523663, 27244.87659274061, -9712.190593742203, -4104.897869217142, 2422.9290989552856, 4860.096259128602, -0.052000000000000005, 0.888, 0.41200000000000003, 192.0, 0.0, 0.0, 0.0, 0.0, 0.0, 0.0, 0.0, 0.0, 0.0, 1.741146863985174E9, 0.0, 2025-03-04 21:54:23.985
186.0, -30864.898069488776, -10534.287754808398, -6496.758043379551, 17272.13171388289, -26780.228529003685, 10929.935983411788, 9486.080346832317, 30046.62305672444, 29398.19895007598, 1040.0937247388035, -5832.195977234362, 27251.44800561047, -9699.763023825053, -4086.8823631861646, 2422.7726367440982, 4889.8017275097045, -0.052000000000000005, 0.888, 0.41200000000000003, 192.0, 0.0, 0.0, 0.0, 0.0, 0.0, 0.0, 0.0, 0.0, 0.0, 1.741146863985463E9, 0.0, 2025-03-04 21:54:23.985
188.0, -30871.581241080912, -10541.462664778552, -6502.457738215654, 17263.280423078588, -26605.773163530015, 10883.489058433659, 9451.613956882235, 30044.43258576782, 29497.97713732447, 1043.6029486182867, -5821.020105006708, 27262.333305160202, -9697.058462745961, -4079.0816043712625, 2432.138017670872, 4885.979579207848, -0.052000000000000005, 0.888, 0.41200000000000003, 192.0, 0.0, 0.0, 0.0, 0.0, 0.0, 0.0, 0.0, 0.0, 0.0, 1.741146863985708E9, 0.0, 2025-03-04 21:54:23.985
190.0, -30871.69299980319, -10542.803769445869, -6508.962095852148, 17257.670135220305, -26779.133293525374, 10889.524029436592, 9476.714965905543, 30051.272219571143, 29430.519572558354, 1042.9994515179935, -5840.48847442728, 27252.967924233428, -9720.840718846408, -4094.2360871119604, 2421.163311143316, 4883.207962895389, -0.046, 0.896, 0.41600000000000004, 192.0, 127.0, 72.0, 14.0, 0.0, 6.5, 0.0, 0.0, 0.0, 0.0, 1.741146863985951E9, 0.0, 2025-03-04 21:54:23.985
192.0, -30873.414084126245, -10549.911624182658, -6511.532546464508, 17262.095780622458, -26593.658518035238, 10897.749471396146, 9439.29814568736, 30043.31499854505, 29496.770143123886, 1046.0392887639152, -5834.721724357811, 27259.00289523636, -9708.01081752906, -4077.293464814838, 2427.9358897132743, 4878.737614004328, -0.046, 0.896, 0.41600000000000004, 192.0, 0.0, 0.0, 0.0, 0.0, 0.0, 0.0, 0.0, 0.0, 0.0, 1.741146863986173E9, 0.0, 2025-03-04 21:54:23.986
194.0, -30870.82128176943, -10543.519025268439, -6505.922258606227, 17252.775103184595, -26760.044903760543, 10894.284951005573, 9468.288358245893, 30069.198318624298, 29462.43786364053, 1035.5116171254656, -5850.882035598998, 27248.989313720384, -9713.084663520416, -4096.940648191053, 2425.43249433428, 4883.766756506772, -0.046, 0.896, 0.41600000000000004, 192.0, 0.0, 0.0, 0.0, 0.0, 0.0, 0.0, 0.0, 0.0, 0.0, 1.741146864043944E9, 0.0, 2025-03-04 21:54:24.043
196.0, -30870.843633513887, -10549.822217204835, -6513.879479632316, 17267.84017894747, -26583.488474308073, 10892.340349237962, 9459.861750586242, 30040.118699087943, 29502.626300171174, 1046.9333585421275, -5833.112398757029, 27264.948459261475, -9710.089529763405, -4081.540296261346, 2425.656011778833, 4882.515058817275, -0.046, 0.896, 0.41600000000000004, 192.0, 0.0, 0.0, 0.0, 0.0, 0.0, 0.0, 0.0, 0.0, 0.0, 1.741146864044261E9, 0.0, 2025-03-04 21:54:24.044
198.0, -30872.810587025953, -10539.94274615559, -6505.072892316925, 17257.98305964268, -26733.49103134764, 10930.606535745446, 9431.96677350602, 30022.818448879538, 29504.45914321651, 1040.429000905633, -5846.590500663579, 27254.15256668956, -9717.487957178111, -4089.47516554298, 2415.4412645627576, 4889.287637387233, -0.046, 0.896, 0.41600000000000004, 192.0, 0.0, 0.0, 0.0, 0.0, 0.0, 0.0, 0.0, 0.0, 0.0, 1.741146864044478E9, 0.0, 2025-03-04 21:54:24.044
200.0, -30850.928229204208, -10533.974830386023, -6498.501479447064, 17272.891673194372, -26594.73140176909, 10900.006997586132, 9399.556744045824, 30019.063355811046, 29501.75458213742, 1060.3891087042223, -5821.489491640269, 27272.950383776475, -9696.879648790318, -4071.7502321899215, 2438.1953404182605, 4896.6637130574845, -0.052000000000000005, 0.892, 0.41600000000000004, 192.0, 127.0, 48.0, 13.5, 112.0, 6.5, 0.0, 0.0, 0.0, 0.0, 1.741146864044714E9, 0.0, 2025-03-04 21:54:24.044
202.0, -30865.434511355703, -10542.9378799126, -6511.331380764411, 17244.192033313757, -26688.720487203656, 10883.846686344945, 9403.62476153669, 29998.477399167707, 29548.782652471386, 1050.9566725440827, -5827.747980087755, 27270.804616308764, -9702.534640137512, -4072.9795781349635, 2420.828034976487, 4880.861029727582, -0.052000000000000005, 0.892, 0.41600000000000004, 192.0, 0.0, 0.0, 0.0, 0.0, 0.0, 0.0, 0.0, 0.0, 0.0, 1.741146864044973E9, 0.0, 2025-03-04 21:54:24.044
204.0, -30867.088540445395, -10547.519987525939, -6515.712322677651, 17252.439827017766, -26607.136619941786, 10897.570657440503, 9419.785072777877, 30004.601777148462, 29497.21717801299, 1033.8128845468623, -5837.180416247895, 27258.980543491907, -9709.664846618754, -4103.936744205564, 2412.4461308057466, 4868.098183643601, -0.052000000000000005, 0.892, 0.41600000000000004, 192.0, 0.0, 0.0, 0.0, 0.0, 0.0, 0.0, 0.0, 0.0, 0.0, 1.741146864045205E9, 0.0, 2025-03-04 21:54:24.045
206.0, -30861.67941828721, -10538.221661832531, -6501.563668437442, 17257.334859053477, -26672.00138235109, 10888.987587569665, 9432.7267328175, 30024.293664013585, 29575.76120802894, 1046.6651376086638, -5833.782951090688, 27270.446988397478, -9717.890288578306, -4083.6860637290556, 2416.983534930174, 4885.554896063197, -0.052000000000000005, 0.892, 0.41600000000000004, 192.0, 0.0, 0.0, 0.0, 0.0, 0.0, 0.0, 0.0, 0.0, 0.0, 1.741146864045448E9, 0.0, 2025-03-04 21:54:24.045
208.0, -30858.95250546366, -10549.241071848997, -6502.52479344902, 17267.84017894747, -26614.69150956768, 10907.49483197866, 9396.695720755544, 30017.99047207719, 29502.246320515434, 1042.5524166288874, -5824.529328886191, 27277.867767556643, -9695.650302845277, -4088.290523086849, 2433.948508971752, 4889.555858320697, -0.052000000000000005, 0.892, 0.41600000000000004, 192.0, 0.0, 0.0, 0.0, 0.0, 0.0, 0.0, 0.0, 0.0, 0.0, 1.741146864105622E9, 0.0, 2025-03-04 21:54:24.105
210.0, -30874.01758122654, -10554.739600985004, -6516.9863721116035, 17244.28144029158, -26636.59621913388, 10886.238323001662, 9399.266171367904, 30003.439486436786, 29612.373365446732, 1030.9965647454935, -5825.4010469199475, 27272.928032032018, -9720.326628723935, -4090.8162702102986, 2423.3537820999363, 4882.53741056173, -0.044, 0.894, 0.41400000000000003, 192.0, 127.0, 80.0, 13.5, 120.0, 6.0, 120.0, 0.0, 0.0, 0.0, 1.741146864106045E9, 0.0, 2025-03-04 21:54:24.106
212.0, -30866.52974683401, -10554.806656218369, -6513.834776143405, 17250.919908394804, -26632.93053304321, 10884.450183445239, 9378.43434553556, 29980.327782669996, 29499.966442580993, 1022.1229221967367, -5836.3757534475035, 27265.619011595132, -9737.872748121352, -4106.395436095648, 2403.7513022126323, 4878.491744815319, -0.044, 0.894, 0.41400000000000003, 192.0, 0.0, 0.0, 0.0, 0.0, 0.0, 0.0, 0.0, 0.0, 0.0, 1.741146864106397E9, 0.0, 2025-03-04 21:54:24.106
214.0, -30865.948601478172, -10548.101132881777, -6503.9553050941595, 17244.303792036033, -26608.74594554257, 10911.048759347053, 9393.52177304289, 30003.12656201441, 29619.995310305992, 1027.6438030771976, -5830.787817333677, 27276.906642545062, -9701.171183725737, -4082.4343660395584, 2423.6667065223105, 4874.960169191381, -0.044, 0.894, 0.41400000000000003, 192.0, 0.0, 0.0, 0.0, 0.0, 0.0, 0.0, 0.0, 0.0, 0.0, 1.74114686410663E9, 0.0, 2025-03-04 21:54:24.106
216.0, -30852.425796082713, -10544.010763646456, -6501.2507440150675, 17257.267803820112, -26635.523335400027, 10887.065337546508, 9383.6646537381, 29993.135332242888, 29506.87313161768, 1039.8478555497952, -5823.299982941149, 27291.72584911893, -9690.464698131645, -4079.640397982645, 2437.0330497065843, 4895.344960134621, -0.044, 0.894, 0.41400000000000003, 192.0, 0.0, 0.0, 0.0, 0.0, 0.0, 0.0, 0.0, 0.0, 0.0, 1.741146864106862E9, 0.0, 2025-03-04 21:54:24.106
218.0, -30868.429645112712, -10556.080705652323, -6514.080645332414, 17233.55260295303, -26567.998715400543, 10896.453070217738, 9379.931912414064, 29973.666962822317, 29644.33636001782, 1032.047096734893, -5829.267898710716, 27289.06599152875, -9718.337323467413, -4101.723921504488, 2418.2799361085818, 4879.363462849076, -0.044, 0.894, 0.41400000000000003, 192.0, 0.0, 0.0, 0.0, 0.0, 0.0, 0.0, 0.0, 0.0, 0.0, 1.74114686410711E9, 0.0, 2025-03-04 21:54:24.107
220.0, -30857.007903696052, -10549.218720104542, -6510.638476686297, 17251.433998517277, -26660.311420000962, 10902.175116798297, 9373.00287163292, 29966.40264587434, 29503.252149015923, 1025.2968699093904, -5839.616756393523, 27281.511101902855, -9732.821253874452, -4089.765738220899, 2418.794026231054, 4884.906695473993, -0.044, 0.894, 0.418, 192.0, 127.0, 80.0, 13.5, 120.0, 6.5, 8.0, 0.0, 0.0, 0.0, 1.741146864107328E9, 0.0, 2025-03-04 21:54:24.107
222.0, -30866.417988111734, -10557.310051597364, -6514.617087199341, 17232.41266398581, -26552.374846026283, 10870.569750138493, 9324.387827442626, 29958.288962637063, 29655.802804923394, 1027.2638234214573, -5830.810169078132, 27295.3915352096, -9696.20909645666, -4087.0835288862622, 2425.2536803786375, 4882.716224517372, -0.044, 0.894, 0.418, 192.0, 0.0, 0.0, 0.0, 0.0, 0.0, 0.0, 0.0, 0.0, 0.0, 1.74114686410756E9, 0.0, 2025-03-04 21:54:24.107
224.0, -30856.87379322932, -10542.401438045674, -6508.738578407595, 17247.74596068215, -26668.536861960514, 10929.131320611397, 9393.34295908725, 29971.901175010345, 29523.88280914817, 1032.1588554571695, -5837.068657525619, 27291.815256096754, -9695.337378422902, -4095.8454127127425, 2426.1924536457605, 4884.392605351521, -0.044, 0.894, 0.418, 192.0, 0.0, 0.0, 0.0, 0.0, 0.0, 0.0, 0.0, 0.0, 0.0, 1.741146864164531E9, 0.0, 2025-03-04 21:54:24.164
226.0, -30866.14976717827, -10552.191502117099, -6514.639438943796, 17229.752806395627, -26546.473985490084, 10907.561887212025, 9345.219653274973, 29951.069349178, 29676.50052028901, 1035.1316374697253, -5825.848081809054, 27301.851189357185, -9734.296469008503, -4081.0485578833295, 2411.0603226495177, 4891.63457055504, -0.044, 0.894, 0.418, 192.0, 0.0, 0.0, 0.0, 0.0, 0.0, 0.0, 0.0, 0.0, 0.0, 1.741146864164812E9, 0.0, 2025-03-04 21:54:24.164
228.0, -30863.534613077, -10556.773609730437, -6516.069950588936, 17224.433091215265, -26699.449324542205, 10884.807811356523, 9341.241042761927, 29959.965343471213, 29538.590256999763, 1012.6457825476865, -5844.780009362699, 27282.963965292452, -9723.142948525305, -4109.882308230675, 2424.2925553670593, 4879.832849482638, -0.044, 0.894, 0.418, 192.0, 0.0, 0.0, 0.0, 0.0, 0.0, 0.0, 0.0, 0.0, 0.0, 1.741146864165042E9, 0.0, 2025-03-04 21:54:24.165
230.0, -30861.031217698008, -10551.140970127699, -6508.8279853854165, 17235.385445998367, -26532.19122078314, 10904.969084855209, 9323.069074519763, 29948.78947124356, 29680.121502890768, 1023.9557652420718, -5828.530291143691, 27306.902683604087, -9712.481166420122, -4111.804558253832, 2423.9572792002296, 4884.2808466292445, -0.052000000000000005, 0.894, 0.42, 192.0, 127.0, 48.0, 13.5, 120.0, 6.5, 16.0, 0.0, 0.0, 0.0, 1.741146864165274E9, 0.0, 2025-03-04 21:54:24.165
232.0, -30862.05939794295, -10549.79986546038, -6515.131177321813, 17240.146367567348, -26681.322059788952, 10900.766956897613, 9336.815397359776, 29945.88374446437, 29574.308344639343, 1027.7779135439293, -5843.684773884389, 27301.225340512436, -9691.135250465304, -4079.4839357714577, 2432.8979769823527, 4897.222506668867, -0.052000000000000005, 0.894, 0.42, 192.0, 0.0, 0.0, 0.0, 0.0, 0.0, 0.0, 0.0, 0.0, 0.0, 1.741146864165509E9, 0.0, 2025-03-04 21:54:24.165
234.0, -30877.6385638283, -10562.272138866441, -6533.526663008531, 17233.776120397582, -26497.85894129979, 10869.698032104736, 9301.633751587124, 29937.68065424927, 29685.3071076044, 1020.468893107044, -5843.7294773733, 27300.063049800763, -9729.49084395061, -4101.05336917083, 2410.1662528713055, 4873.976692435347, -0.052000000000000005, 0.894, 0.42, 192.0, 0.0, 0.0, 0.0, 0.0, 0.0, 0.0, 0.0, 0.0, 0.0, 1.741146864165736E9, 0.0, 2025-03-04 21:54:24.165
236.0, -30862.64054329879, -10540.90387116717, -6519.825043657428, 17267.41549580282, -26684.76422843507, 10902.510392965127, 9343.789141629833, 29951.44932883374, 29596.794199561384, 1021.2959076518903, -5854.145390289473, 27293.625747397633, -9700.321817436436, -4094.0796249007735, 2419.7327994981765, 4902.8327945271485, -0.052000000000000005, 0.894, 0.42, 192.0, 0.0, 0.0, 0.0, 0.0, 0.0, 0.0, 0.0, 0.0, 0.0, 1.741146864165968E9, 0.0, 2025-03-04 21:54:24.165
238.0, -30863.400502610268, -10546.335345069809, -6522.931936136715, 17283.061716921537, -26509.19127573863, 10875.978872296677, 9326.578298399247, 29948.83417473247, 29712.330366650865, 1034.9528235140829, -5828.195014976861, 27314.703442418988, -9701.707625592664, -4078.5898659932454, 2419.263412864615, 4910.5217946197745, -0.052000000000000005, 0.894, 0.42, 192.0, 0.0, 0.0, 0.0, 0.0, 0.0, 0.0, 0.0, 0.0, 0.0, 1.74114686422486E9, 0.0, 2025-03-04 21:54:24.224
240.0, -30868.273182901525, -10550.269252093942, -6524.2059855706675, 17295.533990327596, -26666.011114837067, 10891.8709626044, 9297.386920140616, 29931.511572779607, 29667.44806378461, 1019.5748233288317, -5834.4982069132575, 27300.241863756404, -9686.262570174047, -4093.833755711765, 2429.880491480886, 4921.11652149159, -0.048, 0.894, 0.426, 192.0, 127.0, 64.0, 13.5, 120.0, 6.5, 40.0, 0.0, 0.0, 0.0, 1.741146864225137E9, 0.0, 2025-03-04 21:54:24.225
242.0, -30866.77561602302, -10551.319784083342, -6530.799750184983, 17311.582542846507, -26518.06491828739, 10875.53183740757, 9297.386920140616, 29925.275436076576, 29730.07765174838, 1011.371733113734, -5820.662477095423, 27300.197160267493, -9709.68719836321, -4116.744293778454, 2410.076845893484, 4929.11844600659, -0.048, 0.894, 0.426, 192.0, 0.0, 0.0, 0.0, 0.0, 0.0, 0.0, 0.0, 0.0, 0.0, 1.741146864225399E9, 0.0, 2025-03-04 21:54:24.225
244.0, -30865.16629042224, -10539.495711266483, -6520.316782035445, 17318.757452816662, -26657.740969388604, 10884.472535189692, 9292.581295082724, 29927.331796566465, 29713.179732940167, 1018.0549047058707, -5818.941392772364, 27295.995032309896, -9684.541485850988, -4094.3031423453267, 2438.5753200740005, 4961.483771977874, -0.048, 0.894, 0.426, 192.0, 0.0, 0.0, 0.0, 0.0, 0.0, 0.0, 0.0, 0.0, 0.0, 1.741146864225621E9, 0.0, 2025-03-04 21:54:24.225
246.0, -30855.19741239517, -10539.89804266668, -6515.153529066269, 17334.023694279636, -26503.983319280545, 10895.089613805963, 9306.84170804521, 29941.41339557331, 29779.877338394803, 1028.046134477393, -5792.655741292923, 27303.97460508044, -9687.290750418992, -4094.057273156318, 2440.944604986263, 4981.645045476562, -0.048, 0.894, 0.426, 192.0, 0.0, 0.0, 0.0, 0.0, 0.0, 0.0, 0.0, 0.0, 0.0, 1.741146864225866E9, 0.0, 2025-03-04 21:54:24.225
248.0, -30871.625944569823, -10548.61522300425, -6534.040753131003, 17314.421214392332, -26630.494192897582, 10884.494886934148, 9312.049664503296, 29918.14522959533, 29806.118286385336, 1013.62925930372, -5811.095930468551, 27287.21079673896, -9711.20711698617, -4095.4207295680917, 2435.848407250453, 4991.658626992539, -0.048, 0.894, 0.426, 192.0, 0.0, 0.0, 0.0, 0.0, 0.0, 0.0, 0.0, 0.0, 0.0, 1.741146864226106E9, 0.0, 2025-03-04 21:54:24.226
250.0, -30874.755188793566, -10561.243958621497, -6542.15443636828, 17321.10438598447, -26495.087324987333, 10861.62905235637, 9272.8894082176, 29902.78958115454, 29803.011393906047, 1009.7400557684965, -5806.066787966107, 27279.007706523862, -9699.651265102777, -4102.506232560424, 2417.9893634306627, 4980.996844887358, -0.046, 0.89, 0.43, 192.0, 127.0, 72.0, 13.5, 104.0, 6.5, 56.0, 0.0, 0.0, 0.0, 1.741146864226333E9, 0.0, 2025-03-04 21:54:24.226
252.0, -30869.167252679737, -10551.096266638788, -6530.442122273698, 17316.254057437665, -26619.65359683676, 10873.162552495307, 9273.291739617795, 29918.569912739982, 29849.70418807318, 997.4018928291671, -5820.126035228495, 27259.852261525662, -9712.615276886854, -4113.659753043622, 2420.8056832320312, 4979.946312897959, -0.046, 0.89, 0.43, 192.0, 0.0, 0.0, 0.0, 0.0, 0.0, 0.0, 0.0, 0.0, 0.0, 1.741146864226573E9, 0.0, 2025-03-04 21:54:24.226
254.0, -30860.3830171088, -10546.827083447824, -6525.10005534888, 17339.9916100492, -26528.145555036732, 10859.282119188561, 9265.736849991901, 29913.719584193183, 29883.567080922974, 1012.7798930144183, -5786.754880756722, 27283.72392460393, -9691.15760220976, -4099.444043570047, 2451.3828696468913, 4999.146461385067, -0.046, 0.89, 0.43, 192.0, 0.0, 0.0, 0.0, 0.0, 0.0, 0.0, 0.0, 0.0, 0.0, 1.74114686428515E9, 0.0, 2025-03-04 21:54:24.285
0.0, -30872.92234574823, -10550.626880005228, -6535.963003154159, 17326.4911563982, -26601.392221616774, 10911.607552958436, 9282.053623444275, 29892.798351383015, 29964.9721342292, 1006.4543493335664, -5796.6343518059675, 27278.448912912478, -9709.038997774005, -4090.8386219547538, 2431.556872315034, 4992.4632897929305, -0.046, 0.89, 0.43, 192.0, 0.0, 0.0, 0.0, 0.0, 0.0, 0.0, 0.0, 0.0, 0.0, 1.741146864285432E9, 0.0, 2025-03-04 21:54:24.285
2.0, -30862.26056364305, -10562.003917932978, -6531.7161717076515, 17324.81477556405, -26542.54007846595, 10871.285005961063, 9251.655250985057, 29895.569967695472, 29892.194854282723, 997.3348375958011, -5798.95893322932, 27274.44795065498, -9696.499669134579, -4102.640343027156, 2428.606442046934, 4983.611998988628, -0.046, 0.89, 0.43, 192.0, 0.0, 0.0, 0.0, 0.0, 0.0, 0.0, 0.0, 0.0, 0.0, 1.74114686428568E9, 0.0, 2025-03-04 21:54:24.285
4.0, -30872.11768294784, -10550.872749194235, -6532.900814163782, 17320.076205739522, -26565.607078743826, 10892.653273660335, 9248.391896294583, 29881.421313455263, 29984.35109667195, 998.5418317963877, -5797.953104728831, 27280.125293746627, -9710.78243384152, -4103.0650261718065, 2428.9640699582187, 4981.354472798643, -0.046, 0.892, 0.428, 192.0, 127.0, 72.0, 13.5, 112.0, 6.5, 48.0, 0.0, 0.0, 0.0, 1.741146864285912E9, 0.0, 2025-03-04 21:54:24.285
6.0, -30867.15559567876, -10559.053487664878, -6537.549977010486, 17320.791461562094, -26563.08133162038, 10876.24709323014, 9273.381146595615, 29888.1044850474, 29889.110313547888, 1003.1015876652704, -5799.495375096247, 27283.67922111502, -9725.646343904298, -4116.05138970034, 2424.069037922506, 4984.215496088922, -0.046, 0.892, 0.428, 192.0, 0.0, 0.0, 0.0, 0.0, 0.0, 0.0, 0.0, 0.0, 0.0, 1.741146864286151E9, 0.0, 2025-03-04 21:54:24.286
8.0, -30876.118645205337, -10561.981566188522, -6534.286622320012, 17305.256999165656, -26562.20961358662, 10867.328747192472, 9200.603866649135, 29855.71680733166, 29993.939995043278, 995.8372707172956, -5800.300037896638, 27277.15251173407, -9698.15369822427, -4109.09999717474, 2426.326564112492, 4968.725737181394, -0.046, 0.892, 0.428, 192.0, 0.0, 0.0, 0.0, 0.0, 0.0, 0.0, 0.0, 0.0, 0.0, 1.7411468642864E9, 0.0, 2025-03-04 21:54:24.286
10.0, -30863.91459273274, -10551.588005016805, -6533.727828708628, 17320.52324062863, -26602.93449198419, 10861.67375584528, 9247.184902093995, 29887.277470502555, 29879.454359943196, 1001.1346341532034, -5800.702369296833, 27280.6393838691, -9709.418977429745, -4098.684084258567, 2434.104971182939, 4969.440993003964, -0.046, 0.892, 0.428, 192.0, 0.0, 0.0, 0.0, 0.0, 0.0, 0.0, 0.0, 0.0, 0.0, 1.741146864286609E9, 0.0, 2025-03-04 21:54:24.286
12.0, -30869.4354736132, -10555.544263785394, -6543.964927669159, 17308.3862433894, -26530.559543437907, 10883.15378226683, 9231.382218764093, 29867.76439759307, 30013.27425399712, 1002.5204423094324, -5797.081386695074, 27291.30116597428, -9744.332402268936, -4113.279773387882, 2424.694886767255, 4966.155286569034, -0.046, 0.892, 0.428, 192.0, 0.0, 0.0, 0.0, 0.0, 0.0, 0.0, 0.0, 0.0, 0.0, 1.74114686434459E9, 0.0, 2025-03-04 21:54:24.344
14.0, -30859.801871752963, -10552.906757939669, -6539.606337500374, 17311.940170757793, -26617.59723634687, 10873.095497261942, 9221.949782603953, 29853.43692939722, 29885.511682690583, 1000.7323027530078, -5804.233944920772, 27284.282718215316, -9710.335398952413, -4100.762796492911, 2430.685154281277, 4967.854019147637, -0.046, 0.896, 0.432, 192.0, 127.0, 72.0, 14.0, 0.0, 6.5, 64.0, 0.0, 0.0, 0.0, 1.741146864344898E9, 0.0, 2025-03-04 21:54:24.344
16.0, -30876.29745916098, -10568.530627313929, -6553.240901618112, 17287.42030709032, -26524.43516545715, 10853.023630741076, 9187.796317076245, 29846.641999082807, 30022.527876201617, 993.6467997606754, -5793.572162815591, 27292.798732852785, -9709.35192219638, -4110.329343119782, 2424.471369322702, 4953.817123629704, -0.046, 0.896, 0.432, 192.0, 0.0, 0.0, 0.0, 0.0, 0.0, 0.0, 0.0, 0.0, 0.0, 1.741146864345135E9, 0.0, 2025-03-04 21:54:24.345
18.0, -30864.24986889957, -10554.024345162434, -6542.824988701938, 17302.261865408644, -26663.41831248025, 10882.10325027743, 9253.398687052571, 29861.1482812343, 29885.28816524603, 975.9665698965276, -5811.587668846568, 27274.15737797706, -9717.331494966924, -4134.491578875969, 2417.4752733081905, 4946.284585748266, -0.046, 0.896, 0.432, 192.0, 0.0, 0.0, 0.0, 0.0, 0.0, 0.0, 0.0, 0.0, 0.0, 1.741146864345363E9, 0.0, 2025-03-04 21:54:24.345
20.0, -30861.791177009487, -10545.597737502783, -6537.460570032665, 17311.940170757793, -26548.8656221468, 10884.293721234051, 9226.464834983926, 29853.81690905296, 30029.434565238305, 1005.2920586218904, -5789.682959280367, 27306.053317314785, -9717.331494966924, -4110.5752123087905, 2414.0554564065287, 4967.719908680905, -0.046, 0.896, 0.432, 192.0, 0.0, 0.0, 0.0, 0.0, 0.0, 0.0, 0.0, 0.0, 0.0, 1.74114686434557E9, 0.0, 2025-03-04 21:54:24.345
22.0, -30870.553060835966, -10555.633670763216, -6540.790979956506, 17311.89546726888, -26708.32296709096, 10901.325750508995, 9191.372596189094, 29850.53120261803, 29900.30853752, 996.954857940061, -5807.452596122336, 27296.844398599198, -9710.558916396967, -4098.617029025201, 2454.7356313151877, 4976.9064756520365, -0.046, 0.896, 0.432, 192.0, 0.0, 0.0, 0.0, 0.0, 0.0, 0.0, 0.0, 0.0, 0.0, 1.741146864345782E9, 0.0, 2025-03-04 21:54:24.345
24.0, -30878.577337095423, -10568.485923825017, -6549.82108471645, 17296.539818828085, -26545.15523256722, 10860.131485477863, 9174.653491336525, 29828.872362240836, 30020.650329667373, 982.627389744209, -5808.704293811834, 27298.185503266515, -9706.87087856184, -4103.243840127449, 2429.7687327586095, 4954.510027707819, -0.05, 0.892, 0.43, 192.0, 127.0, 56.0, 13.5, 112.0, 6.5, 56.0, 0.0, 0.0, 0.0, 1.741146864346036E9, 0.0, 2025-03-04 21:54:24.346
26.0, -30865.993304967084, -10557.019478919445, -6545.417791058754, 17296.47276359472, -26711.586321781437, 10867.082878003464, 9191.506706655826, 29836.918990244747, 29910.433877758252, 967.405851770145, -5828.954974288342, 27285.757933349363, -9725.467529948655, -4113.257421643427, 2417.9893634306627, 4944.496446191842, -0.05, 0.892, 0.43, 192.0, 0.0, 0.0, 0.0, 0.0, 0.0, 0.0, 0.0, 0.0, 0.0, 1.741146864346267E9, 0.0, 2025-03-04 21:54:24.346
28.0, -30868.653162557264, -10552.750295728481, -6546.222453859145, 17303.021824720123, -26564.40008454324, 10852.420133640782, 9194.904171813032, 29842.037539725014, 30028.339329759998, 997.7148172515414, -5789.2359243912615, 27320.49254423291, -9701.931143037218, -4110.083473930773, 2436.34014562847, 4957.438106231464, -0.05, 0.892, 0.43, 192.0, 0.0, 0.0, 0.0, 0.0, 0.0, 0.0, 0.0, 0.0, 0.0, 1.741146864404257E9, 0.0, 2025-03-04 21:54:24.404
30.0, -30867.87085150133, -10554.76195272946, -6549.977546927637, 17297.255074650657, -26741.135327951353, 10892.832087615978, 9180.554351872725, 29823.731461016116, 29938.91000019431, 978.3805582977008, -5813.576974103091, 27298.990166066906, -9733.581213185933, -4104.987276194964, 2425.700715267744, 4952.051335817735, -0.05, 0.892, 0.43, 192.0, 0.0, 0.0, 0.0, 0.0, 0.0, 0.0, 0.0, 0.0, 0.0, 1.741146864404556E9, 0.0, 2025-03-04 21:54:24.404
32.0, -30868.228479412614, -10559.18759813161, -6547.34004108191, 17301.077222952514, -26556.219346072598, 10872.983738539666, 9184.935293785966, 29815.81894347894, 30029.99335884969, 981.1521746101588, -5796.679055294879, 27306.7462213929, -9722.695913636198, -4102.819156982799, 2430.8639682369194, 4950.5537689392295, -0.05, 0.892, 0.43, 192.0, 0.0, 0.0, 0.0, 0.0, 0.0, 0.0, 0.0, 0.0, 0.0, 1.741146864404764E9, 0.0, 2025-03-04 21:54:24.404
34.0, -30871.24596491408, -10561.534531299416, -6551.318651594956, 17289.70018502476, -26755.418092658296, 10875.710651363213, 9172.127744213074, 29808.107591641856, 29960.88176499388, 979.6769594761086, -5807.676113566889, 27296.01738405435, -9722.4947479361, -4103.087377916262, 2436.7424770286652, 4950.754934639327, -0.044, 0.896, 0.424, 192.0, 127.0, 80.0, 14.0, 0.0, 6.5, 32.0, 0.0, 0.0, 0.0, 1.741146864405008E9, 0.0, 2025-03-04 21:54:24.405
36.0, -30874.799892282474, -10573.112734927267, -6558.404154587288, 17296.964501972736, -26581.610927773825, 10872.514351906104, 9181.671939095491, 29821.00454819257, 30008.80390510606, 970.7139099495304, -5806.647933321945, 27295.771514865344, -9749.205082560193, -4100.695741259545, 2424.784293745076, 4938.416771699997, -0.044, 0.896, 0.424, 192.0, 0.0, 0.0, 0.0, 0.0, 0.0, 0.0, 0.0, 0.0, 0.0, 1.741146864405275E9, 0.0, 2025-03-04 21:54:24.405
38.0, -30854.750377506065, -10547.609394503761, -6525.681200704718, 17304.22881892071, -26748.131423965864, 10884.204314256229, 9171.367784901595, 29833.3427111319, 29977.73498031318, 970.825668671807, -5807.944334500353, 27295.749163120887, -9709.329570451924, -4104.160261650117, 2439.357631129936, 4947.536283437763, -0.044, 0.896, 0.424, 192.0, 0.0, 0.0, 0.0, 0.0, 0.0, 0.0, 0.0, 0.0, 0.0, 1.741146864405496E9, 0.0, 2025-03-04 21:54:24.405
40.0, -30867.982610223607, -10561.959214444067, -6548.0329451600255, 17305.65933056585, -26582.281480107486, 10884.561942167515, 9149.351316613116, 29797.51286477004, 30021.1867715343, 989.1540991251587, -5786.62077028999, 27319.08438433223, -9712.883497820318, -4108.563555307813, 2451.047593480062, 4949.704402649928, -0.044, 0.896, 0.424, 192.0, 0.0, 0.0, 0.0, 0.0, 0.0, 0.0, 0.0, 0.0, 0.0, 1.741146864405717E9, 0.0, 2025-03-04 21:54:24.405
42.0, -30862.215860154138, -10553.174978873132, -6535.292450820501, 17306.262827666145, -26723.119821920376, 10887.691186391257, 9161.309499896706, 29823.776164505027, 30009.943844073277, 973.1726018396142, -5809.330142656582, 27302.991128324407, -9735.101131808893, -4088.2681713423935, 2433.7473432716542, 4942.529492679774, -0.044, 0.896, 0.424, 192.0, 0.0, 0.0, 0.0, 0.0, 0.0, 0.0, 0.0, 0.0, 0.0, 1.741146864464519E9, 0.0, 2025-03-04 21:54:24.464
44.0, -30851.554078048957, -10558.941728942602, -6543.942575924704, 17317.393996404888, -26581.29800335145, 10882.639692144357, 9185.62819786408, 29815.126039400824, 30025.791230892093, 995.3455323392789, -5782.061014421108, 27327.332178036235, -9706.222677972637, -4068.933912388553, 2458.3789656614026, 4965.864713891115, -0.042, 0.894, 0.422, 192.0, 127.0, 88.0, 13.5, 120.0, 6.5, 24.0, 0.0, 0.0, 0.0, 1.741146864464778E9, 0.0, 2025-03-04 21:54:24.464
46.0, -30863.780482266007, -10562.227435377532, -6548.435276560221, 17298.52912408461, -26681.23265281113, 10845.267575415084, 9201.699102127446, 29841.411690880264, 30060.034103397622, 975.8324594297958, -5804.569221087601, 27308.914340605064, -9751.730829683642, -4094.1243283896843, 2439.2458724076596, 4948.4974084493415, -0.042, 0.894, 0.422, 192.0, 0.0, 0.0, 0.0, 0.0, 0.0, 0.0, 0.0, 0.0, 0.0, 1.741146864465031E9, 0.0, 2025-03-04 21:54:24.465
48.0, -30858.930153719208, -10574.297377383396, -6545.842474203405, 17306.553400344063, -26598.911177982234, 10879.063413031508, 9101.585638712126, 29773.484739480587, 30015.531780187106, 967.5623139813322, -5801.819956519599, 27305.136895792115, -9719.946649068195, -4112.273944887394, 2447.3595556449363, 4949.994975327847, -0.042, 0.894, 0.422, 192.0, 0.0, 0.0, 0.0, 0.0, 0.0, 0.0, 0.0, 0.0, 0.0, 1.741146864465251E9, 0.0, 2025-03-04 21:54:24.465
50.0, -30856.87379322932, -10557.533569041916, -6540.500407278587, 17305.0334817211, -26673.789521907514, 10883.645520644846, 9135.604993773102, 29813.650824266773, 30157.68887492286, 971.1385930941813, -5798.757767529222, 27308.087326060217, -9705.06038726096, -4092.6938167445446, 2451.8746080249084, 4957.885141120571, -0.042, 0.894, 0.422, 192.0, 0.0, 0.0, 0.0, 0.0, 0.0, 0.0, 0.0, 0.0, 0.0, 1.741146864465478E9, 0.0, 2025-03-04 21:54:24.465
52.0, -30872.274145159026, -10580.33234838633, -6567.188390158223, 17301.39014737489, -26613.55157060046, 10864.758296580112, 9115.175499340952, 29785.644088464272, 30166.24959304924, 976.9053431636505, -5801.641142563956, 27312.334157506724, -9729.06616080596, -4097.901773202631, 2444.4538288657463, 4954.711193407917, -0.042, 0.894, 0.422, 192.0, 0.0, 0.0, 0.0, 0.0, 0.0, 0.0, 0.0, 0.0, 0.0, 1.741146864465734E9, 0.0, 2025-03-04 21:54:24.465
54.0, -30885.998116254585, -10579.058298952377, -6577.11256469638, 17287.822638490517, -26647.839146594903, 10859.215063955196, 9159.990746973843, 29798.362231059342, 30259.94810580589, 960.3874040111785, -5818.404950905437, 27301.940596335007, -9749.070972093461, -4106.19427039555, 2426.818302490509, 4946.955138081925, -0.04, 0.888, 0.424, 192.0, 127.0, 96.0, 13.5, 96.0, 6.5, 32.0, 0.0, 0.0, 0.0, 1.741146864465946E9, 0.0, 2025-03-04 21:54:24.465
56.0, -30854.146880405773, -10563.009746433467, -6544.523721280542, 17319.51741212814, -26659.506757200572, 10900.051701075043, 9117.142452853019, 29805.1348096293, 30167.858918650025, 954.5535987083434, -5826.205709720339, 27298.69959338899, -9754.144818084815, -4097.030055168874, 2429.4558083362353, 4955.359393997121, -0.04, 0.888, 0.424, 192.0, 0.0, 0.0, 0.0, 0.0, 0.0, 0.0, 0.0, 0.0, 0.0, 1.741146864466191E9, 0.0, 2025-03-04 21:54:24.466
58.0, -30863.48990958809, -10560.193426632099, -6546.758895726072, 17311.202563190767, -26623.565152116436, 10899.895238863855, 9115.75664469679, 29804.576016017916, 30309.792495941223, 983.6555699891533, -5790.912305225409, 27329.612055970676, -9683.267436417036, -4060.440249495536, 2467.1184977434277, 4983.120260610612, -0.04, 0.888, 0.424, 192.0, 0.0, 0.0, 0.0, 0.0, 0.0, 0.0, 0.0, 0.0, 0.0, 1.74114686452483E9, 0.0, 2025-03-04 21:54:24.524
60.0, -30873.481139359614, -10582.344005387307, -6566.316672124466, 17299.110269440447, -26657.13747228831, 10850.162607450797, 9111.08513010563, 29795.121228113323, 30193.697535240357, 965.0589186023377, -5812.4817386247805, 27306.343889992702, -9735.101131808893, -4094.839584212254, 2456.4343638937908, 4969.552751726241, -0.04, 0.888, 0.424, 192.0, 0.0, 0.0, 0.0, 0.0, 0.0, 0.0, 0.0, 0.0, 0.0, 1.7411468645251E9, 0.0, 2025-03-04 21:54:24.525
62.0, -30885.81930229894, -10589.027176979444, -6576.039680962525, 17281.586501787486, -26580.850968462346, 10837.37740962236, 9122.529223266749, 29788.95214664366, 30305.076277861153, 954.0842120747819, -5815.9462590153535, 27295.927977076528, -9749.339193026924, -4127.160206694628, 2425.0972181674506, 4944.697611891939, -0.04, 0.888, 0.424, 192.0, 0.0, 0.0, 0.0, 0.0, 0.0, 0.0, 0.0, 0.0, 0.0, 1.74114686452533E9, 0.0, 2025-03-04 21:54:24.525
64.0, -30871.424778869725, -10573.269197138454, -6558.53826505402, 17300.80900201905, -26658.65739091127, 10866.792305325545, 9122.775092455757, 29790.963803644634, 30189.338945071573, 956.6993661760529, -5823.791721319166, 27295.25742474287, -9742.767780157064, -4096.404206324125, 2437.43538110678, 4952.654832918029, -0.048, 0.89, 0.41600000000000004, 192.0, 127.0, 64.0, 13.5, 104.0, 6.5, 0.0, 0.0, 0.0, 0.0, 1.74114686452556E9, 0.0, 2025-03-04 21:54:24.525
66.0, -30876.92330800573, -10579.773554774947, -6563.2991866229995, 17286.61564428993, -26561.919040908702, 10880.940959565754, 9074.361213965562, 29755.111605538325, 30329.66319676199, 960.1862383110808, -5814.739264814766, 27306.343889992702, -9732.463625963168, -4102.90856396062, 2448.812419034531, 4959.293301021255, -0.048, 0.89, 0.41600000000000004, 192.0, 0.0, 0.0, 0.0, 0.0, 0.0, 0.0, 0.0, 0.0, 0.0, 1.741146864525795E9, 0.0, 2025-03-04 21:54:24.525
68.0, -30868.854328257363, -10575.504371583984, -6561.578102299942, 17294.37169961592, -26708.971167680167, 10892.072128304497, 9102.345598023605, 29774.289402280978, 30198.100828898056, 955.3135580198239, -5824.082293997085, 27295.793866609798, -9725.40047471529, -4080.8250404387763, 2447.3372039004807, 4965.909417380026, -0.048, 0.89, 0.41600000000000004, 192.0, 0.0, 0.0, 0.0, 0.0, 0.0, 0.0, 0.0, 0.0, 0.0, 1.741146864526022E9, 0.0, 2025-03-04 21:54:24.526
70.0, -30884.612308098356, -10585.115621699766, -6573.3351198834325, 17281.51944655412, -26548.30682853542, 10874.078974017975, 9077.691623889403, 29763.40410273124, 30335.519353809283, 962.3543575232455, -5813.286401425172, 27291.30116597428, -9742.857187134885, -4079.7968601938323, 2444.207959676738, 4957.348699253643, -0.048, 0.89, 0.41600000000000004, 192.0, 0.0, 0.0, 0.0, 0.0, 0.0, 0.0, 0.0, 0.0, 0.0, 1.74114686452625E9, 0.0, 2025-03-04 21:54:24.526
72.0, -30881.997153997083, -10579.974720475046, -6569.602378559396, 17284.291062866578, -26703.47263854416, 10872.96138679521, 9082.027862313731, 29770.735474912584, 30210.01430869273, 947.8927788606619, -5834.475855168803, 27273.710343087954, -9752.446085506212, -4099.511098803413, 2438.754134029643, 4952.40896372902, -0.048, 0.89, 0.41600000000000004, 192.0, 0.0, 0.0, 0.0, 0.0, 0.0, 0.0, 0.0, 0.0, 0.0, 1.741146864585027E9, 0.0, 2025-03-04 21:54:24.585
74.0, -30894.35766868087, -10595.643293338215, -6581.0241199760585, 17265.247376590654, -26545.222287800585, 10851.14608420683, 9077.356347722573, 29746.774404856493, 30324.47759204836, 948.1609997941256, -5821.735360829278, 27287.479017672424, -9752.73665818413, -4113.5703460658015, 2434.14967467185, 4945.055239803224, -0.048, 0.892, 0.418, 192.0, 127.0, 64.0, 13.5, 112.0, 6.5, 8.0, 0.0, 0.0, 0.0, 1.741146864585387E9, 0.0, 2025-03-04 21:54:24.585
76.0, -30868.563755579446, -10575.794944261903, -6567.233093647134, 17276.535007540584, -26726.025548699567, 10866.367622180895, 9075.121173277043, 29748.674303135194, 30207.35445110255, 938.7956188673519, -5842.924814572909, 27274.425598910526, -9760.157437343292, -4111.558689064824, 2431.0204304481067, 4937.790922855249, -0.048, 0.892, 0.418, 192.0, 0.0, 0.0, 0.0, 0.0, 0.0, 0.0, 0.0, 0.0, 0.0, 1.74114686458563E9, 0.0, 2025-03-04 21:54:24.585
78.0, -30882.310078419458, -10579.170057674653, -6559.901721465793, 17293.38822285989, -26537.01919758549, 10890.283988748073, 9057.418591668438, 29751.334160725375, 30322.443583302927, 959.7168516775193, -5808.212555433817, 27306.29918650379, -9735.905794609285, -4087.128232375173, 2448.0524597230506, 4958.063955076213, -0.048, 0.892, 0.418, 192.0, 0.0, 0.0, 0.0, 0.0, 0.0, 0.0, 0.0, 0.0, 0.0, 1.741146864585851E9, 0.0, 2025-03-04 21:54:24.585
80.0, -30882.22067144164, -10575.750240772992, -6563.723869767651, 17285.52040881162, -26733.312217391995, 10879.286930476062, 9053.618795111037, 29743.68986412166, 30226.26402691174, 951.5584649513323, -5824.43992190837, 27299.839532356207, -9753.78719017353, -4090.771566721388, 2458.557779617045, 4965.015347601813, -0.048, 0.892, 0.418, 192.0, 0.0, 0.0, 0.0, 0.0, 0.0, 0.0, 0.0, 0.0, 0.0, 1.741146864586079E9, 0.0, 2025-03-04 21:54:24.586
82.0, -30888.054476744474, -10580.153534430687, -6567.747183769606, 17283.821676233016, -26545.982247112068, 10872.290834461552, 9037.324373403117, 29734.63740761726, 30321.03542340224, 953.3019010188463, -5811.855889780032, 27309.093154560705, -9759.151608842803, -4085.518906774391, 2453.685099325788, 4958.063955076213, -0.048, 0.892, 0.418, 192.0, 0.0, 0.0, 0.0, 0.0, 0.0, 0.0, 0.0, 0.0, 0.0, 1.741146864586314E9, 0.0, 2025-03-04 21:54:24.586
84.0, -30882.22067144164, -10568.195351147098, -6560.996956944104, 17285.56511230053, -26740.375368639874, 10882.751450866634, 9093.650769430491, 29746.12620426729, 30254.807204581168, 946.8422468712624, -5827.345648687559, 27297.537302677312, -9760.179789087748, -4088.022302153385, 2450.2652824241263, 4958.4215829874975, -0.046, 0.89, 0.43, 192.0, 127.0, 72.0, 13.5, 104.0, 6.5, 56.0, 0.0, 0.0, 0.0, 1.741146864586532E9, 0.0, 2025-03-04 21:54:24.586
86.0, -30884.120569720337, -10578.343043129807, -6571.2787593935445, 17283.41934483282, -26565.607078743826, 10856.82342729848, 9058.558530635659, 29741.991131543058, 30325.57282752667, 956.4758487314998, -5807.698465311345, 27317.050375586794, -9764.828951934453, -4082.8143456952985, 2442.017488720118, 4962.847228389648, -0.046, 0.89, 0.43, 192.0, 0.0, 0.0, 0.0, 0.0, 0.0, 0.0, 0.0, 0.0, 0.0, 1.741146864586773E9, 0.0, 2025-03-04 21:54:24.586
88.0, -30891.295479690492, -10584.445069366106, -6574.139782683824, 17265.761466713127, -26732.216981913687, 10886.752413124135, 9043.024068239221, 29716.018404485993, 30283.976231095345, 934.5711391652989, -5833.760599346233, 27287.322555461236, -9769.254597336603, -4111.648096042645, 2446.331375399992, 4950.687879405961, -0.046, 0.89, 0.43, 192.0, 0.0, 0.0, 0.0, 0.0, 0.0, 0.0, 0.0, 0.0, 0.0, 1.74114686464672E9, 0.0, 2025-03-04 21:54:24.646
90.0, -30874.554023093468, -10574.766764016958, -6556.548959797497, 17286.74975475666, -26580.895671951257, 10899.627017930392, 9016.224326637308, 29708.73173579356, 30316.207446599896, 944.6741276590977, -5811.7217793133, 27304.68986090301, -9765.432449034744, -4083.3060840733156, 2457.462544138735, 4957.4828097203745, -0.046, 0.89, 0.43, 192.0, 0.0, 0.0, 0.0, 0.0, 0.0, 0.0, 0.0, 0.0, 0.0, 1.741146864646988E9, 0.0, 2025-03-04 21:54:24.646
92.0, -30884.81347379845, -10569.089420925311, -6562.58393080043, 17270.835312704483, -26717.844810228922, 10887.646482902346, 8994.006692648732, 29685.240052371035, 30327.38331882755, 949.0997730612485, -5815.901555526442, 27309.093154560705, -9746.925204625752, -4083.417842795592, 2458.0883929834836, 4952.878350362582, -0.046, 0.89, 0.43, 192.0, 0.0, 0.0, 0.0, 0.0, 0.0, 0.0, 0.0, 0.0, 0.0, 1.741146864647232E9, 0.0, 2025-03-04 21:54:24.647
94.0, -30887.696848833188, -10586.277912411442, -6577.023157718559, 17275.104495895444, -26577.431151560682, 10872.871979817388, 9016.02316093721, 29696.751200765517, 30312.0053186423, 941.4778282019888, -5819.142558472462, 27306.16507603706, -9769.522818270067, -4085.2059823520167, 2447.7171835562212, 4940.719001378894, -0.048, 0.888, 0.426, 192.0, 127.0, 64.0, 13.5, 96.0, 6.5, 40.0, 0.0, 0.0, 0.0, 1.74114686464746E9, 0.0, 2025-03-04 21:54:24.647
96.0, -30886.06517148795, -10573.895045983201, -6566.7637070135725, 17259.301812565544, -26668.670972427248, 10860.980851767166, 9037.056152469653, 29712.084497461856, 30356.597048830638, 942.3942497246563, -5829.245546966261, 27305.427468470036, -9774.775478217063, -4083.551953262324, 2447.6054248339447, 4948.475056704886, -0.048, 0.888, 0.426, 192.0, 0.0, 0.0, 0.0, 0.0, 0.0, 0.0, 0.0, 0.0, 0.0, 1.741146864647704E9, 0.0, 2025-03-04 21:54:24.647
98.0, -30892.68128784672, -10590.569447346861, -6578.520724597064, 17260.173530599302, -26585.611890031327, 10889.881657347878, 9026.662591297936, 29680.188558124133, 30317.302682078207, 939.4438194565558, -5828.262070210228, 27299.414849211556, -9753.273100051058, -4099.689912759056, 2452.500456869657, 4946.664565404006, -0.048, 0.888, 0.426, 192.0, 0.0, 0.0, 0.0, 0.0, 0.0, 0.0, 0.0, 0.0, 0.0, 1.741146864647956E9, 0.0, 2025-03-04 21:54:24.647
100.0, -30886.847482543886, -10576.689014040116, -6569.49061983712, 17253.26684156261, -26648.912030328756, 10894.352006238938, 8987.055300123131, 29675.02530515496, 30374.813720561713, 931.5313019193771, -5837.403933692448, 27293.335174719716, -9765.633614734843, -4083.574305006779, 2445.236139921682, 4940.651946145528, -0.048, 0.888, 0.426, 192.0, 0.0, 0.0, 0.0, 0.0, 0.0, 0.0, 0.0, 0.0, 0.0, 1.741146864648173E9, 0.0, 2025-03-04 21:54:24.648
102.0, -30888.032125000016, -10585.741470544514, -6577.291378652022, 17263.1239608674, -26591.84802673436, 10879.44339268725, 8979.790983175157, 29663.178880593645, 30320.09665013512, 931.3077844748241, -5834.140579001973, 27299.5936631672, -9763.376088544857, -4100.092244159251, 2455.4508871377575, 4941.50131243483, -0.048, 0.888, 0.426, 192.0, 0.0, 0.0, 0.0, 0.0, 0.0, 0.0, 0.0, 0.0, 0.0, 1.741146864705799E9, 0.0, 2025-03-04 21:54:24.705
104.0, -30889.39558141179, -10571.212836648565, -6571.301111138, 17251.188129328268, -26619.11715496983, 10886.90887533532, 8962.647195177937, 29650.371331020753, 30405.9273488435, 941.2319590129804, -5836.465160425325, 27310.233093527928, -9763.152571100303, -4078.4334037820586, 2449.1923986902716, 4938.170902510989, -0.05, 0.886, 0.424, 192.0, 127.0, 56.0, 13.5, 88.0, 6.5, 32.0, 0.0, 0.0, 0.0, 1.741146864706126E9, 0.0, 2025-03-04 21:54:24.706
106.0, -30884.724066820632, -10581.0476042089, -6578.654835063796, 17250.539928739065, -26634.919838299735, 10870.346232693939, 9004.556716031637, 29674.332401076845, 30323.829391459156, 937.6109764112207, -5839.594404649068, 27308.467305715956, -9753.40721051779, -4087.5976190087345, 2451.0252417356064, 4941.233091501366, -0.05, 0.886, 0.424, 192.0, 0.0, 0.0, 0.0, 0.0, 0.0, 0.0, 0.0, 0.0, 0.0, 1.741146864706365E9, 0.0, 2025-03-04 21:54:24.706
108.0, -30893.86593030285, -10575.012633205966, -6576.442012362721, 17242.001562357138, -26629.60012311937, 10879.644558387346, 8990.475117024795, 29666.64340098422, 30433.576456734714, 941.2096072685251, -5838.745038359766, 27315.441049986013, -9786.21957137818, -4090.8162702102986, 2439.491741596668, 4937.50035017733, -0.05, 0.886, 0.424, 192.0, 0.0, 0.0, 0.0, 0.0, 0.0, 0.0, 0.0, 0.0, 0.0, 1.741146864706594E9, 0.0, 2025-03-04 21:54:24.706
110.0, -30889.39558141179, -10588.37897639024, -6578.051337963502, 17241.532175723576, -26669.721504416648, 10859.304470933017, 8985.53538150017, 29655.601639223296, 30329.819658973178, 925.630441383176, -5857.319338002127, 27300.823009112242, -9775.177809617258, -4086.860011441709, 2433.6132328049225, 4925.944498293937, -0.05, 0.886, 0.424, 192.0, 0.0, 0.0, 0.0, 0.0, 0.0, 0.0, 0.0, 0.0, 0.0, 1.741146864706802E9, 0.0, 2025-03-04 21:54:24.706
112.0, -30878.44322662869, -10563.054449922378, -6559.432334832231, 17259.950013154747, -26597.570073314917, 10911.965180869722, 8943.357639713007, 29639.150755304192, 30459.727997747425, 935.0628775433156, -5840.555529660646, 27314.345814507702, -9756.4023442748, -4085.2953893298377, 2457.82017205002, 4940.607242656618, -0.05, 0.886, 0.424, 192.0, 0.0, 0.0, 0.0, 0.0, 0.0, 0.0, 0.0, 0.0, 0.0, 1.741146864707024E9, 0.0, 2025-03-04 21:54:24.707
114.0, -30880.611345840854, -10575.906702984179, -6568.998881459103, 17254.160911340823, -26712.681557259748, 10877.67760487528, 8933.321706452574, 29629.047766810392, 30356.082958708164, 944.4729619589999, -5842.1872070058835, 27320.671358188556, -9756.044716363516, -4071.6384734676453, 2463.586922119489, 4942.842417102149, -0.048, 0.894, 0.422, 192.0, 127.0, 64.0, 13.5, 120.0, 6.5, 24.0, 0.0, 0.0, 0.0, 1.741146864707258E9, 0.0, 2025-03-04 21:54:24.707
116.0, -30885.193453454194, -10573.291548882908, -6578.163096685779, 17243.767350169106, -26617.37371890232, 10862.67958434577, 8968.101020825032, 29631.26058951147, 30472.826119998233, 929.7655141074079, -5846.277576241205, 27316.692747675508, -9782.531533543055, -4087.731729475466, 2436.3848491173803, 4919.663658101995, -0.048, 0.894, 0.422, 192.0, 0.0, 0.0, 0.0, 0.0, 0.0, 0.0, 0.0, 0.0, 0.0, 1.741146864707487E9, 0.0, 2025-03-04 21:54:24.707
118.0, -30863.780482266007, -10560.28283360992, -6551.944500439704, 17263.906271923337, -26757.317990936994, 10903.046834832054, 8934.14872099742, 29634.076909312837, 30365.180118701475, 941.8354561132737, -5844.958823318341, 27329.522648992857, -9766.103001368405, -4083.1719736065834, 2452.746326058665, 4945.636385159062, -0.048, 0.894, 0.422, 192.0, 0.0, 0.0, 0.0, 0.0, 0.0, 0.0, 0.0, 0.0, 0.0, 1.741146864764721E9, 0.0, 2025-03-04 21:54:24.764
120.0, -30874.509319604556, -10567.413040091162, -6559.432334832231, 17253.55741424053, -26624.392166661284, 10906.489003478171, 8941.591851901037, 29638.949589604093, 30496.56367260977, 947.3563369937345, -5832.508901656735, 27338.12807060815, -9745.092361580415, -4078.4334037820586, 2461.396451162869, 4943.6247281580845, -0.048, 0.894, 0.422, 192.0, 0.0, 0.0, 0.0, 0.0, 0.0, 0.0, 0.0, 0.0, 0.0, 1.741146864765014E9, 0.0, 2025-03-04 21:54:24.765
122.0, -30878.06324697295, -10568.66473778066, -6570.831724504438, 17250.964611883715, -26784.698877894745, 10885.254846245629, 8988.73168095728, 29625.04680455289, 30390.10231376914, 941.7236973909971, -5852.44665771087, 27325.611093713178, -9744.332402268936, -4062.742479174433, 2444.945567243763, 4939.780228111771, -0.048, 0.894, 0.422, 192.0, 0.0, 0.0, 0.0, 0.0, 0.0, 0.0, 0.0, 0.0, 0.0, 1.741146864765227E9, 0.0, 2025-03-04 21:54:24.765
124.0, -30893.530654136022, -10580.175886175142, -6581.515858354075, 17235.74307390965, -26616.658463079748, 10854.163569708297, 8935.847453576023, 29616.41903119314, 30516.188504241527, 930.7266391189861, -5849.496227442769, 27326.102832091194, -9772.942635171728, -4095.6889505015556, 2431.0204304481067, 4924.089303504146, -0.044, 0.894, 0.41000000000000003, 192.0, 127.0, 80.0, 13.5, 120.0, 6.0, 104.0, 0.0, 0.0, 0.0, 1.74114686476546E9, 0.0, 2025-03-04 21:54:24.765
126.0, -30880.11960746284, -10569.290586625408, -6564.01444244557, 17246.22604205919, -26799.540436213072, 10907.53953546757, 8892.060386188077, 29604.393792676186, 30408.92248260051, 920.824816325285, -5867.35527126256, 27311.283625517324, -9797.820126750485, -4085.764775963399, 2438.4859130961795, 4927.464416916897, -0.044, 0.894, 0.41000000000000003, 192.0, 0.0, 0.0, 0.0, 0.0, 0.0, 0.0, 0.0, 0.0, 0.0, 1.741146864765719E9, 0.0, 2025-03-04 21:54:24.765
128.0, -30880.432531885213, -10574.029156449933, -6563.835628489927, 17250.830501416982, -26636.0374255225, 10904.834974388477, 8880.146906393398, 29587.585280845797, 30520.65885313259, 938.7062118895307, -5838.208596492839, 27335.602323484698, -9754.770666929564, -4062.5413134743353, 2459.6753668398105, 4938.237957744355, -0.044, 0.894, 0.41000000000000003, 192.0, 0.0, 0.0, 0.0, 0.0, 0.0, 0.0, 0.0, 0.0, 0.0, 1.741146864765939E9, 0.0, 2025-03-04 21:54:24.765
130.0, -30877.347991150382, -10562.406249333173, -6550.558692283475, 17246.918946137303, -26831.190506361785, 10893.167363782808, 8897.514211835172, 29606.874836310726, 30437.622122481123, 928.245595484447, -5857.699317657866, 27321.990111111416, -9747.081666836937, -4072.0408048678405, 2450.2652824241263, 4937.947385066436, -0.044, 0.894, 0.41000000000000003, 192.0, 0.0, 0.0, 0.0, 0.0, 0.0, 0.0, 0.0, 0.0, 0.0, 1.741146864766154E9, 0.0, 2025-03-04 21:54:24.766
132.0, -30884.00881099806, -10572.084554682322, -6566.339023868922, 17249.757617683128, -26662.591297935403, 10882.840857844456, 8927.443197660828, 29604.08086825381, 30528.79488811432, 936.5827961662766, -5844.0647535401295, 27339.737396208933, -9759.576291987454, -4078.2098863375054, 2447.113686455928, 4937.098018777135, -0.044, 0.894, 0.41000000000000003, 192.0, 0.0, 0.0, 0.0, 0.0, 0.0, 0.0, 0.0, 0.0, 0.0, 1.74114686482498E9, 0.0, 2025-03-04 21:54:24.824
134.0, -30884.992287754096, -10573.38095586073, -6567.881294236337, 17233.35143725293, -26840.622942521924, 10857.650441843325, 8923.375180169962, 29599.297594940377, 30475.195404910497, 923.5964326377432, -5866.885884628998, 27322.92888437854, -9773.814353205486, -4069.0903745997402, 2431.6462792928555, 4927.509120405808, -0.044, 0.898, 0.402, 192.0, 127.0, 80.0, 14.0, 8.0, 6.0, 72.0, 0.0, 0.0, 0.0, 1.741146864825235E9, 0.0, 2025-03-04 21:54:24.825
136.0, -30885.30521217647, -10582.85809550978, -6573.849210005905, 17232.70323666373, -26709.172333380266, 10854.163569708297, 8879.096374403998, 29576.834091762794, 30529.688957892533, 926.4127524391118, -5847.5292739307015, 27334.12710835065, -9773.16615261628, -4102.260363371416, 2430.662802536822, 4917.2720214452775, -0.044, 0.898, 0.402, 192.0, 0.0, 0.0, 0.0, 0.0, 0.0, 0.0, 0.0, 0.0, 0.0, 1.74114686482549E9, 0.0, 2025-03-04 21:54:24.825
138.0, -30869.793101524487, -10564.127333656232, -6546.893006192805, 17241.93450712377, -26892.166065235862, 10901.102233064441, 8861.684365473315, 29575.671801051118, 30496.586024354223, 918.8802145576733, -5861.990852593285, 27321.54307622231, -9767.734678713641, -4087.9775986644745, 2439.8046660190425, 4921.898832547526, -0.044, 0.898, 0.402, 192.0, 0.0, 0.0, 0.0, 0.0, 0.0, 0.0, 0.0, 0.0, 0.0, 1.741146864825699E9, 0.0, 2025-03-04 21:54:24.825
140.0, -30871.894165503287, -10566.38485984622, -6553.464419062665, 17252.238661317668, -26755.753368825124, 10902.756262154135, 8880.124554648943, 29569.94975447056, 30543.725853410466, 942.7965811248519, -5839.616756393523, 27348.521631779866, -9739.660887677775, -4070.9455693895306, 2458.7365935726875, 4936.315707721199, -0.044, 0.898, 0.402, 192.0, 0.0, 0.0, 0.0, 0.0, 0.0, 0.0, 0.0, 0.0, 0.0, 1.741146864825933E9, 0.0, 2025-03-04 21:54:24.825
142.0, -30895.542311137, -10577.672490796149, -6561.443991833209, 17226.69061740525, -26932.823888400068, 10898.129451051886, 8858.398659038385, 29561.23257413299, 30524.19042875653, 920.1989674805365, -5869.612797452545, 27326.41575651357, -9751.350850027902, -4087.8434881977428, 2447.203093433749, 4930.280736718266, -0.044, 0.898, 0.402, 192.0, 0.0, 0.0, 0.0, 0.0, 0.0, 0.0, 0.0, 0.0, 0.0, 1.741146864826177E9, 0.0, 2025-03-04 21:54:24.826
144.0, -30885.68519183221, -10577.225455907042, -6566.719003524662, 17239.207594300224, -26840.667646010836, 10872.156723994818, 8873.039051656611, 29567.222841647013, 30512.478114661946, 916.1085982452153, -5867.44467824038, 27329.589704226222, -9771.534475271044, -4079.550991004824, 2440.7657910306207, 4925.363352938099, -0.034, 0.9, 0.404, 192.0, 127.0, 120.0, 14.0, 16.0, 6.0, 80.0, 0.0, 0.0, 0.0, 1.741146864826388E9, 0.0, 2025-03-04 21:54:24.826
146.0, -30887.026296499527, -10574.967929717057, -6564.01444244557, 17229.372826739887, -26982.936499468866, 10866.077049502976, 8884.751365751192, 29574.442455106077, 30545.223420288974, 921.4953686589442, -5871.758564920255, 27334.46238451748, -9783.894989954828, -4084.0436916403405, 2428.7852560025763, 4919.954230779914, -0.034, 0.9, 0.404, 192.0, 0.0, 0.0, 0.0, 0.0, 0.0, 0.0, 0.0, 0.0, 0.0, 1.741146864826627E9, 0.0, 2025-03-04 21:54:24.826
148.0, -30888.009773255562, -10586.52378160045, -6564.081497678936, 17235.385445998367, -26925.738385407734, 10859.729154077668, 8808.55426890305, 29546.256905347935, 30512.925149551054, 914.6780866000756, -5869.098707330073, 27330.103794348695, -9753.02723086205, -4086.100052130229, 2442.2186544202154, 4918.523719134774, -0.034, 0.9, 0.404, 192.0, 0.0, 0.0, 0.0, 0.0, 0.0, 0.0, 0.0, 0.0, 0.0, 1.741146864885224E9, 0.0, 2025-03-04 21:54:24.885
150.0, -30884.791122053997, -10575.437316350617, -6551.095134150402, 17231.45153897423, -27047.600096178066, 10913.64156170387, 8839.17615880682, 29552.291876350868, 30563.14951934213, 911.1018074872264, -5872.831448654109, 27327.756861180886, -9754.681259951742, -4098.1923458805495, 2446.174913188805, 4922.859957559104, -0.034, 0.9, 0.404, 192.0, 0.0, 0.0, 0.0, 0.0, 0.0, 0.0, 0.0, 0.0, 0.0, 1.741146864885487E9, 0.0, 2025-03-04 21:54:24.885
152.0, -30894.022392514038, -10599.331331173342, -6572.910436738782, 17225.08129180447, -27047.644799666978, 10871.10619200542, 8826.100388300465, 29524.32984403728, 30497.301280176795, 905.3574091622125, -5875.871285900032, 27320.87252388865, -9762.437315277733, -4114.933802477575, 2445.81728527752, 4916.243841200333, -0.034, 0.9, 0.404, 192.0, 0.0, 0.0, 0.0, 0.0, 0.0, 0.0, 0.0, 0.0, 0.0, 1.741146864885706E9, 0.0, 2025-03-04 21:54:24.885
154.0, -30897.665726860254, -10580.421755364152, -6572.664567549774, 17218.018140556593, -27125.42887037145, 10859.215063955196, 8844.27235654263, 29561.74666425546, 30570.167967101097, 906.8773277851734, -5882.30858830316, 27322.638311700623, -9773.344966571924, -4093.8114039673096, 2425.656011778833, 4913.159300465501, -0.034, 0.906, 0.404, 192.0, 127.0, 120.0, 14.0, 40.0, 6.0, 80.0, 0.0, 0.0, 0.0, 1.741146864885927E9, 0.0, 2025-03-04 21:54:24.885
156.0, -30891.720162835143, -10589.317749657363, -6573.066898949969, 17234.200803542233, -27214.701737725944, 10884.986625312165, 8818.903126585858, 29528.151992339135, 30480.35865787967, 908.2854876858578, -5887.650655227978, 27321.07368958875, -9759.330422798446, -4082.7472904619326, 2430.4169333478135, 4919.596602868629, -0.034, 0.906, 0.404, 192.0, 0.0, 0.0, 0.0, 0.0, 0.0, 0.0, 0.0, 0.0, 0.0, 1.741146864886158E9, 0.0, 2025-03-04 21:54:24.886
158.0, -30893.240081458105, -10588.088403712321, -6568.2836256365335, 17218.12989927887, -27267.29539242928, 10873.386069939861, 8822.188833020788, 29533.069376119303, 30575.442978792547, 907.7043423300198, -5880.811021424654, 27323.21945705646, -9774.015518905582, -4081.8532206837203, 2429.1652356583163, 4914.232184199355, -0.034, 0.906, 0.404, 192.0, 0.0, 0.0, 0.0, 0.0, 0.0, 0.0, 0.0, 0.0, 0.0, 1.741146864886378E9, 0.0, 2025-03-04 21:54:24.886
160.0, -30895.698773348187, -10600.33715967383, -6573.089250694425, 17220.253315002123, -27395.348536413734, 10882.617340399902, 8798.563039131528, 29523.79340217035, 30469.182785652018, 894.1144817011931, -5895.049082642685, 27306.232131270426, -9757.005841375094, -4118.2642124014155, 2425.790122245565, 4911.080588231157, -0.034, 0.906, 0.404, 192.0, 0.0, 0.0, 0.0, 0.0, 0.0, 0.0, 0.0, 0.0, 0.0, 1.7411468648866E9, 0.0, 2025-03-04 21:54:24.886
162.0, -30880.7901597965, -10567.18952264661, -6548.412924815765, 17239.431111744776, -27447.785728905885, 10907.96421861222, 8786.761318059125, 29542.90414367964, 30570.458539779014, 908.1960807080366, -5877.614721967545, 27325.40992801308, -9747.819274403962, -4086.0553486413182, 2443.939738743274, 4922.278812203266, -0.034, 0.906, 0.404, 192.0, 0.0, 0.0, 0.0, 0.0, 0.0, 0.0, 0.0, 0.0, 0.0, 1.741146864945686E9, 0.0, 2025-03-04 21:54:24.945
164.0, -30865.456863100157, -10556.058353907867, -6543.853168946883, 17255.94905089725, -27640.94950448865, 10901.035177831076, 8827.620306923427, 29538.590256999763, 30478.570518323246, 927.1727117505923, -5870.6856811864, 27342.12903286565, -9735.347000997901, -4063.122458830173, 2458.3789656614026, 4937.5227019217855, -0.028, 0.904, 0.402, 192.0, 127.5, 16.0, 14.0, 32.0, 6.0, 72.0, 0.0, 0.0, 0.0, 1.741146864945974E9, 0.0, 2025-03-04 21:54:24.945
166.0, -30892.994212269095, -10576.867827995757, -6565.713175024173, 17239.65462918933, -27574.11778856728, 10886.506543935126, 8779.742870300159, 29507.208407784514, 30603.85204599524, 932.6935926310531, -5869.836314897098, 27352.723759737466, -9738.230376032636, -4053.1088773141955, 2442.91155849833, 4932.314745463699, -0.028, 0.904, 0.402, 192.0, 0.0, 0.0, 0.0, 0.0, 0.0, 0.0, 0.0, 0.0, 0.0, 1.74114686494621E9, 0.0, 2025-03-04 21:54:24.946
168.0, -30892.100142490883, -10585.272083910953, -6571.949311727204, 17233.73141690867, -27759.34669486841, 10877.699956619736, 8763.269634636597, 29488.187073253048, 30480.872748002144, 906.5196998738885, -5900.748777478788, 27325.007596612882, -9760.984451888138, -4090.056310898818, 2426.326564112492, 4919.887175546548, -0.028, 0.904, 0.402, 192.0, 0.0, 0.0, 0.0, 0.0, 0.0, 0.0, 0.0, 0.0, 0.0, 1.741146864946433E9, 0.0, 2025-03-04 21:54:24.946
170.0, -30889.529691878524, -10582.209894920576, -6563.433297089732, 17238.98407685567, -27656.19339420717, 10876.515314163604, 8794.807946063036, 29504.325032749777, 30607.942415230566, 907.860804541207, -5878.6876057014, 27337.904553163597, -9770.282777581546, -4091.4868225439577, 2427.712372268721, 4919.127216235068, -0.028, 0.904, 0.402, 192.0, 0.0, 0.0, 0.0, 0.0, 0.0, 0.0, 0.0, 0.0, 0.0, 1.741146864946667E9, 0.0, 2025-03-04 21:54:24.946
172.0, -30878.175005695226, -10583.171019932153, -6546.401267814787, 17238.4699867332, -27841.846983652948, 10888.361738724916, 8775.294873153553, 29505.532026950365, 30500.207006955985, 895.7014555575199, -5886.488364516302, 27326.393404769115, -9746.277004036547, -4093.297313844838, 2447.560721345034, 4930.92893730747, -0.028, 0.904, 0.402, 192.0, 0.0, 0.0, 0.0, 0.0, 0.0, 0.0, 0.0, 0.0, 0.0, 1.741146864946896E9, 0.0, 2025-03-04 21:54:24.946
174.0, -30885.50637787657, -10582.18754317612, -6553.643233018307, 17242.202728057233, -27700.494551717587, 10888.719366636202, 8785.64373083636, 29506.582558939765, 30617.173685690606, 903.6810283280646, -5868.562265463146, 27336.094061862717, -9736.531643454033, -4094.4372528120584, 2446.8678172669192, 4923.664620359495, -0.026000000000000002, 0.904, 0.402, 192.0, 127.5, 24.0, 14.0, 32.0, 6.0, 72.0, 0.0, 0.0, 0.0, 1.741146864947111E9, 0.0, 2025-03-04 21:54:24.947
176.0, -30875.5374998495, -10570.452877337084, -6545.306032336478, 17252.41747527331, -27860.756559462137, 10910.44526224676, 8775.496038853651, 29507.163704295603, 30536.528591695856, 906.0726649847824, -5882.934437147908, 27332.8530589167, -9744.64532669131, -4083.6190084956897, 2448.9688812457184, 4942.127161279579, -0.026000000000000002, 0.904, 0.402, 192.0, 0.0, 0.0, 0.0, 0.0, 0.0, 0.0, 0.0, 0.0, 0.0, 1.741146864947342E9, 0.0, 2025-03-04 21:54:24.947
178.0, -30892.547177379987, -10585.026214721944, -6559.275872621045, 17249.80232117204, -27645.79983303545, 10896.631884173381, 8749.791532730047, 29490.131675020657, 30658.859689099754, 917.1144267457041, -5868.428154996414, 27350.68975099203, -9748.914509882274, -4058.18272330555, 2463.586922119489, 4937.9920885553465, -0.026000000000000002, 0.904, 0.402, 192.0, 0.0, 0.0, 0.0, 0.0, 0.0, 0.0, 0.0, 0.0, 0.0, 1.741146865005808E9, 0.0, 2025-03-04 21:54:25.005
180.0, -30898.984479783117, -10595.643293338215, -6563.902683723293, 17235.22898378718, -27774.814102031483, 10897.436546973771, 8740.180282614265, 29476.02772426936, 30572.961935158008, 890.4040921216122, -5909.912992705464, 27324.35939602368, -9763.689012967232, -4079.416880538092, 2443.202131176249, 4936.963908310403, -0.026000000000000002, 0.904, 0.402, 192.0, 0.0, 0.0, 0.0, 0.0, 0.0, 0.0, 0.0, 0.0, 0.0, 1.74114686500607E9, 0.0, 2025-03-04 21:54:25.006
182.0, -30914.384831712825, -10609.926058045157, -6583.773384544062, 17220.141556279847, -27558.046884303916, 10863.797171568534, 8749.389201329852, 29471.087988744737, 30655.43987219809, 887.5207170868775, -5900.8828879455195, 27330.014387370873, -9751.88729189483, -4108.2282791409825, 2431.2886513815706, 4921.094169747134, -0.026000000000000002, 0.904, 0.402, 192.0, 0.0, 0.0, 0.0, 0.0, 0.0, 0.0, 0.0, 0.0, 0.0, 1.741146865006305E9, 0.0, 2025-03-04 21:54:25.006
184.0, -30894.78235182552, -10585.42854612214, -6557.197160386701, 17232.45736747472, -27685.183606765702, 10884.58429391197, 8753.546625798539, 29472.16087247859, 30597.504150569937, 878.2000396490145, -5920.015981199263, 27318.92792212104, -9792.478059825668, -4102.685046516067, 2420.112779153917, 4915.707399333406, -0.028, 0.91, 0.404, 192.0, 127.5, 16.0, 14.0, 56.0, 6.0, 80.0, 0.0, 0.0, 0.0, 1.741146865006525E9, 0.0, 2025-03-04 21:54:25.006
186.0, -30905.332375208425, -10605.634523109738, -6569.937654726226, 17225.148347037833, -27438.95678984604, 10872.067317016998, 8706.831479886947, 29479.715762104486, 30685.905299890674, 904.1951184505366, -5887.315379061149, 27356.121224894672, -9746.947556370205, -4077.2040578370165, 2447.1583899448383, 4931.867710574593, -0.028, 0.91, 0.404, 192.0, 0.0, 0.0, 0.0, 0.0, 0.0, 0.0, 0.0, 0.0, 0.0, 1.741146865006772E9, 0.0, 2025-03-04 21:54:25.006
188.0, -30907.29932872049, -10603.064072497376, -6568.753012270095, 17209.68093987476, -27568.283983264446, 10887.490020691159, 8724.06467486199, 29461.58849735123, 30633.848087054266, 871.6062750346989, -5921.401789355492, 27322.30303553379, -9781.101021897915, -4134.804503298343, 2422.0350291770733, 4904.799748039216, -0.028, 0.91, 0.404, 192.0, 0.0, 0.0, 0.0, 0.0, 0.0, 0.0, 0.0, 0.0, 0.0, 1.741146865007009E9, 0.0, 2025-03-04 21:54:25.007
190.0, -30895.072924503438, -10600.560677118383, -6563.67916627874, 17230.22219302919, -27348.678093991053, 10894.150840538841, 8697.331988493443, 29436.621598794653, 30683.178387067128, 894.2038886790143, -5893.618570997545, 27349.75097772491, -9748.020440104061, -4090.9056771881196, 2436.809532262031, 4928.090265761646, -0.028, 0.91, 0.404, 192.0, 0.0, 0.0, 0.0, 0.0, 0.0, 0.0, 0.0, 0.0, 0.0, 1.741146865007219E9, 0.0, 2025-03-04 21:54:25.007
192.0, -30903.141904251806, -10599.599552106805, -6569.602378559396, 17207.40106194032, -27441.013150335926, 10877.990529297655, 8710.072482832968, 29447.417491366567, 30689.638041214712, 888.8171182652853, -5912.908126462475, 27338.97743689745, -9772.160324115792, -4088.5810957647677, 2424.2031483892383, 4922.122349992079, -0.028, 0.91, 0.404, 192.0, 0.0, 0.0, 0.0, 0.0, 0.0, 0.0, 0.0, 0.0, 0.0, 1.741146865065519E9, 0.0, 2025-03-04 21:54:25.065
194.0, -30901.86785481785, -10610.931886545646, -6571.077593693447, 17209.88210557486, -27262.199194693472, 10871.508523405615, 8697.488450704628, 29438.096813928703, 30697.997593640997, 878.4012053491123, -5913.399864840492, 27335.199992084505, -9755.59768147441, -4107.870651229698, 2424.493721067157, 4911.281753931255, -0.03, 0.906, 0.402, 192.0, 127.5, 8.0, 14.0, 40.0, 6.0, 72.0, 0.0, 0.0, 0.0, 1.741146865065801E9, 0.0, 2025-03-04 21:54:25.065
196.0, -30912.17200901175, -10616.184546492643, -6578.341910641421, 17186.770401808073, -27304.913378347563, 10861.316127933995, 8703.054035074001, 29429.714909757964, 30730.497030079012, 872.5226965573665, -5919.859518988075, 27330.193201326514, -9762.303204811002, -4105.367255850703, 2419.844558220453, 4916.422655155976, -0.03, 0.906, 0.402, 192.0, 0.0, 0.0, 0.0, 0.0, 0.0, 0.0, 0.0, 0.0, 0.0, 1.741146865066039E9, 0.0, 2025-03-04 21:54:25.066
198.0, -30910.719145622155, -10621.81718609538, -6588.511954368586, 17201.790774082037, -27155.983705041854, 10846.161645193297, 8672.588607381416, 29442.92479073105, 30703.40671579918, 858.7763737173526, -5929.359010381581, 27322.459497744978, -9750.79205641652, -4122.265174658915, 2407.9310784257746, 4900.329399148154, -0.03, 0.906, 0.402, 192.0, 0.0, 0.0, 0.0, 0.0, 0.0, 0.0, 0.0, 0.0, 0.0, 1.741146865066264E9, 0.0, 2025-03-04 21:54:25.066
200.0, -30917.022337558552, -10613.971723791567, -6591.037701492036, 17207.78104159606, -27141.343312423625, 10853.045982485532, 8661.010403753568, 29428.127935901637, 30775.96047830111, 867.8064784772968, -5919.054856187685, 27334.84236417322, -9761.051507121505, -4114.754988521932, 2418.168177386305, 4916.892041789537, -0.03, 0.906, 0.402, 192.0, 0.0, 0.0, 0.0, 0.0, 0.0, 0.0, 0.0, 0.0, 0.0, 1.74114686506647E9, 0.0, 2025-03-04 21:54:25.066
202.0, -30918.274035248047, -10614.374055191762, -6596.268009694578, 17247.74596068215, -27021.135630742985, 10867.082878003464, 8668.230017212632, 29419.142534630602, 30734.98973071453, 859.9610161734839, -5917.825510242643, 27330.41671877107, -9775.088402639438, -4125.461474116025, 2411.082674393973, 4915.5732888666735, -0.03, 0.906, 0.402, 192.0, 0.0, 0.0, 0.0, 0.0, 0.0, 0.0, 0.0, 0.0, 0.0, 1.741146865066685E9, 0.0, 2025-03-04 21:54:25.066
204.0, -30918.98929107062, -10610.52955514545, -6596.960913772692, 17253.71387645172, -26961.590583514047, 10843.77000853658, 8677.796563839504, 29441.516630830367, 30832.44333653967, 856.3176818272689, -5907.722521748844, 27336.049358373806, -9767.444106035722, -4113.43623559907, 2402.790177201054, 4931.063047774202, -0.036000000000000004, 0.906, 0.406, 192.0, 127.0, 112.0, 14.0, 40.0, 6.0, 88.0, 0.0, 0.0, 0.0, 1.741146865066916E9, 0.0, 2025-03-04 21:54:25.066
206.0, -30895.139979736803, -10590.278874668942, -6566.786058758028, 17304.42998462081, -26909.511018933183, 10870.8156193275, 8675.270816716054, 29442.880087242138, 30781.682524881668, 868.5887895332324, -5884.029672626219, 27353.774291726866, -9745.919376125263, -4110.888136731164, 2419.509282053624, 4966.132934824578, -0.036000000000000004, 0.906, 0.406, 192.0, 0.0, 0.0, 0.0, 0.0, 0.0, 0.0, 0.0, 0.0, 0.0, 1.74114686506715E9, 0.0, 2025-03-04 21:54:25.067
208.0, -30910.026241544037, -10594.257485181986, -6576.419660618265, 17293.857609493447, -26828.01655864913, 10864.53477913556, 8695.633255914838, 29438.07446218425, 30894.15650298077, 888.3924351206346, -5862.102611315562, 27365.93364071055, -9731.189576529214, -4094.6607702566116, 2438.8882444963747, 4995.190202616478, -0.036000000000000004, 0.906, 0.406, 192.0, 0.0, 0.0, 0.0, 0.0, 0.0, 0.0, 0.0, 0.0, 0.0, 1.741146865126449E9, 0.0, 2025-03-04 21:54:25.126
210.0, -30901.73374435112, -10596.29149392742, -6575.145611184313, 17282.860551221438, -26848.7366257592, 10852.755409807613, 8654.103714716877, 29412.079383382727, 30798.692202412156, 873.1708971465704, -5874.329015532615, 27345.12416662266, -9765.343042056924, -4105.434311084069, 2428.584090302478, 5007.863641722637, -0.036000000000000004, 0.906, 0.406, 192.0, 0.0, 0.0, 0.0, 0.0, 0.0, 0.0, 0.0, 0.0, 0.0, 1.741146865126737E9, 0.0, 2025-03-04 21:54:25.126
212.0, -30909.98153805513, -10605.545116131916, -6585.673282822762, 17258.631260231883, -26730.495897590627, 10852.107209218408, 8639.66448779875, 29410.96179615996, 30918.02816605904, 866.375966832157, -5862.281425271204, 27343.157213110593, -9752.915472139774, -4116.520776333902, 2437.949471229252, 5009.4282638345085, -0.036000000000000004, 0.906, 0.406, 192.0, 0.0, 0.0, 0.0, 0.0, 0.0, 0.0, 0.0, 0.0, 0.0, 1.741146865126965E9, 0.0, 2025-03-04 21:54:25.126
214.0, -30895.36349718136, -10593.966912504067, -6582.387576387832, 17270.99177491567, -26811.40921251884, 10866.255863458618, 8669.146438735299, 29426.33979634521, 30826.453069025647, 867.5829610327436, -5865.92475961742, 27336.78696594083, -9746.344059269913, -4094.2137353675053, 2439.357631129936, 5024.672153553028, -0.038, 0.902, 0.404, 192.0, 127.0, 104.0, 14.0, 24.0, 6.0, 80.0, 0.0, 0.0, 0.0, 1.741146865127189E9, 0.0, 2025-03-04 21:54:25.127
216.0, -30905.108857763873, -10596.693825327615, -6586.410890389788, 17264.107437623436, -26681.41146676677, 10874.146029251342, 8632.042542939489, 29407.318461813746, 30946.12430883936, 870.8463157232185, -5853.720707144822, 27342.5537160103, -9751.59671921691, -4101.85803197122, 2434.3508403719475, 5030.684772811505, -0.038, 0.902, 0.404, 192.0, 0.0, 0.0, 0.0, 0.0, 0.0, 0.0, 0.0, 0.0, 0.0, 1.741146865127448E9, 0.0, 2025-03-04 21:54:25.127
218.0, -30899.051535016482, -10599.264275939975, -6590.545963114019, 17267.41549580282, -26817.622997477414, 10865.942939036244, 8677.215418483665, 29416.125049129136, 30841.652255255256, 871.5168680568777, -5859.06277406964, 27336.429338029546, -9737.31395450997, -4085.7200724744885, 2440.7657910306207, 5036.697392069983, -0.038, 0.902, 0.404, 192.0, 0.0, 0.0, 0.0, 0.0, 0.0, 0.0, 0.0, 0.0, 0.0, 1.741146865127661E9, 0.0, 2025-03-04 21:54:25.127
220.0, -30910.048593288495, -10608.38378767774, -6600.961876030193, 17249.198824071744, -26642.497079670084, 10822.133519903842, 8635.149435418778, 29410.358299059666, 30945.52081173907, 852.763754458875, -5862.639053182489, 27330.3496635377, -9765.745373457119, -4106.23897388446, 2412.624944761389, 5012.7139702694385, -0.038, 0.902, 0.404, 192.0, 0.0, 0.0, 0.0, 0.0, 0.0, 0.0, 0.0, 0.0, 0.0, 1.741146865127885E9, 0.0, 2025-03-04 21:54:25.127
222.0, -30902.247834473594, -10596.447956138607, -6593.094061981924, 17264.241548090165, -26802.379107758894, 10898.688244663268, 8623.392417835286, 29379.177615544515, 30849.229496625605, 857.7705452168639, -5870.216294552839, 27327.55569548079, -9732.26246026307, -4106.90952621812, 2428.986421702674, 5026.125016942623, -0.038, 0.902, 0.404, 192.0, 0.0, 0.0, 0.0, 0.0, 0.0, 0.0, 0.0, 0.0, 0.0, 1.741146865128091E9, 0.0, 2025-03-04 21:54:25.128
224.0, -30909.199226999193, -10600.38186316274, -6593.094061981924, 17257.46896952021, -26619.16185845874, 10870.8156193275, 8616.888060198791, 29394.66737445204, 30995.83458850796, 869.0581761667939, -5855.955881590353, 27343.403082299603, -9746.433466247734, -4089.4975172874356, 2427.0865234239727, 5025.342705886687, -0.038, 0.904, 0.41400000000000003, 192.0, 127.0, 104.0, 14.0, 32.0, 6.0, 120.0, 0.0, 0.0, 0.0, 1.741146865186155E9, 0.0, 2025-03-04 21:54:25.186
226.0, -30909.78037235503, -10601.85707829679, -6591.283570681045, 17247.70125719324, -26800.814485647024, 10859.349174421928, 8607.790900205482, 29380.071685322728, 30906.02527928654, 850.8191526912633, -5881.59333248059, 27326.63927395812, -9754.681259951742, -4111.893965231653, 2436.5860148174784, 5015.597345304173, -0.038, 0.904, 0.41400000000000003, 192.0, 0.0, 0.0, 0.0, 0.0, 0.0, 0.0, 0.0, 0.0, 0.0, 1.741146865186437E9, 0.0, 2025-03-04 21:54:25.186
228.0, -30909.288633977016, -10604.539287631427, -6597.586762617441, 17250.629335716883, -26595.714878525127, 10849.33559290595, 8614.921106686725, 29375.5342811983, 31008.888007269863, 862.5091150413889, -5858.772201391721, 27339.133899108638, -9750.903815138796, -4113.7491600214435, 2434.082619438484, 5008.131862656101, -0.038, 0.904, 0.41400000000000003, 192.0, 0.0, 0.0, 0.0, 0.0, 0.0, 0.0, 0.0, 0.0, 0.0, 1.741146865186652E9, 0.0, 2025-03-04 21:54:25.186
230.0, -30906.293500220003, -10598.347854417307, -6583.281646166044, 17245.08610309197, -26777.43456094677, 10856.19757845373, 8597.55380124495, 29378.90939461105, 30936.4013000013, 853.2554928368918, -5877.301797545171, 27324.672320446054, -9763.063164122483, -4105.09903491724, 2432.6521077933444, 5000.107586396645, -0.038, 0.904, 0.41400000000000003, 192.0, 0.0, 0.0, 0.0, 0.0, 0.0, 0.0, 0.0, 0.0, 0.0, 1.741146865186892E9, 0.0, 2025-03-04 21:54:25.186
232.0, -30901.26435771756, -10589.764784546469, -6583.862791521882, 17264.912100423826, -26578.727552739092, 10882.639692144357, 8614.496423542074, 29374.170824786524, 31031.507972658634, 865.9512836875062, -5856.760544390744, 27345.258277089393, -9721.824195602441, -4089.7210347319888, 2439.491741596668, 5004.019141676324, -0.038, 0.904, 0.41400000000000003, 192.0, 0.0, 0.0, 0.0, 0.0, 0.0, 0.0, 0.0, 0.0, 0.0, 1.741146865187133E9, 0.0, 2025-03-04 21:54:25.187
234.0, -30899.565625138956, -10594.704520071093, -6590.367149158376, 17248.684733949274, -26731.47937434666, 10866.904064047822, 8625.85110972537, 29374.2825835088, 31000.819027521495, 867.247684865914, -5870.350405019571, 27338.753919452898, -9737.671582421253, -4086.5917905082456, 2428.4499798357465, 5000.644028263572, -0.034, 0.904, 0.404, 192.0, 127.0, 120.0, 14.0, 32.0, 6.0, 80.0, 0.0, 0.0, 0.0, 1.741146865187344E9, 0.0, 2025-03-04 21:54:25.187
236.0, -30915.278901491038, -10607.310903943886, -6610.774291846072, 17246.181338570277, -26530.246619015532, 10852.9118720188, 8610.651923495761, 29358.502251923353, 31062.44278698478, 861.9726731744615, -5858.638090924989, 27342.732529965942, -9730.273155006547, -4107.311857618315, 2426.1477501568497, 4998.475909051408, -0.034, 0.904, 0.404, 192.0, 0.0, 0.0, 0.0, 0.0, 0.0, 0.0, 0.0, 0.0, 0.0, 1.74114686518758E9, 0.0, 2025-03-04 21:54:25.187
238.0, -30917.93875908122, -10614.552869147405, -6597.385596917343, 17242.001562357138, -26642.765300603547, 10870.927378049777, 8554.660803635217, 29347.058158762236, 31037.94527506176, 843.3760217876461, -5887.136565105506, 27318.16796280956, -9770.528646770555, -4116.0960931892505, 2419.8669099649087, 4982.449708276953, -0.034, 0.904, 0.404, 192.0, 0.0, 0.0, 0.0, 0.0, 0.0, 0.0, 0.0, 0.0, 0.0, 1.741146865246489E9, 0.0, 2025-03-04 21:54:25.246
240.0, -30904.84063683041, -10611.736549346037, -6601.386559174844, 17250.964611883715, -26457.715208258058, 10862.098438989931, 8586.065004594922, 29353.04842627626, 31073.2833830456, 846.9523009004952, -5863.555474705157, 27333.344797294714, -9736.196367287203, -4103.333247105271, 2442.017488720118, 4998.632371262595, -0.034, 0.904, 0.404, 192.0, 0.0, 0.0, 0.0, 0.0, 0.0, 0.0, 0.0, 0.0, 0.0, 1.741146865246752E9, 0.0, 2025-03-04 21:54:25.246
242.0, -30903.231311229625, -10597.43143289464, -6596.625637605863, 17244.303792036033, -26558.16394784021, 10868.714555348703, 8598.202001834155, 29357.80934784524, 31086.3368018075, 850.3497660577019, -5873.5914079655895, 27329.187372826025, -9753.317803539969, -4101.500404059935, 2424.5160728116125, 4996.240734605877, -0.034, 0.904, 0.404, 192.0, 0.0, 0.0, 0.0, 0.0, 0.0, 0.0, 0.0, 0.0, 0.0, 1.741146865246987E9, 0.0, 2025-03-04 21:54:25.246
244.0, -30895.184683225714, -10593.519877614961, -6590.0095212470915, 17256.709010208728, -26416.923274627123, 10851.280194673562, 8595.430385521697, 29354.791862343773, 31099.30081359158, 867.3370918437353, -5854.905349600953, 27349.862736447187, -9714.470471676645, -4091.9115056886085, 2434.6414130498665, 5000.8004904747595, -0.036000000000000004, 0.902, 0.402, 192.0, 127.0, 112.0, 14.0, 24.0, 6.0, 72.0, 0.0, 0.0, 0.0, 1.741146865247205E9, 0.0, 2025-03-04 21:54:25.247
246.0, -30913.870741590352, -10612.742377846525, -6601.967704530681, 17228.679922661773, -26478.14470269021, 10865.160627980307, 8568.45182996414, 29338.229219702393, 31125.251188904193, 853.7248794704533, -5873.993739365786, 27339.960913653485, -9731.301335251492, -4109.323514619293, 2434.2837851385816, 4994.139670627078, -0.036000000000000004, 0.902, 0.402, 192.0, 0.0, 0.0, 0.0, 0.0, 0.0, 0.0, 0.0, 0.0, 0.0, 1.741146865247445E9, 0.0, 2025-03-04 21:54:25.247
248.0, -30916.910578836272, -10627.226308253565, -6620.676114639773, 17234.513727964608, -26352.438491873563, 10847.033363227054, 8579.337129513875, 29325.689891062964, 31092.572938510533, 831.5295972263333, -5887.3824342945145, 27324.337044279226, -9761.632652477343, -4127.271965416904, 2418.9951919311516, 4974.716004695417, -0.036000000000000004, 0.902, 0.402, 192.0, 0.0, 0.0, 0.0, 0.0, 0.0, 0.0, 0.0, 0.0, 0.0, 1.741146865247667E9, 0.0, 2025-03-04 21:54:25.247
250.0, -30903.812456585463, -10597.610246850283, -6593.004655004103, 17247.522443237598, -26361.334486166776, 10894.083785305475, 8555.733687369071, 29334.675292334, 31163.807948089594, 849.3886410461237, -5872.138544575995, 27344.14068986663, -9744.779437158042, -4107.557726807324, 2432.517997326612, 4995.547830527763, -0.036000000000000004, 0.902, 0.402, 192.0, 0.0, 0.0, 0.0, 0.0, 0.0, 0.0, 0.0, 0.0, 0.0, 1.741146865247883E9, 0.0, 2025-03-04 21:54:25.247
252.0, -30896.995174526593, -10603.309941686386, -6595.329236427455, 17255.211443330223, -26307.712651218495, 10870.502694905126, 8546.815341331405, 29321.018376471806, 31123.418345858856, 860.251588851403, -5863.06373632714, 27351.76263472589, -9736.218719031658, -4076.935836903553, 2450.3099859130366, 4997.537135784285, -0.036000000000000004, 0.902, 0.402, 192.0, 0.0, 0.0, 0.0, 0.0, 0.0, 0.0, 0.0, 0.0, 0.0, 1.741146865248185E9, 0.0, 2025-03-04 21:54:25.248
254.0, -30908.34986070989, -10607.176793477154, -6604.78402433205, 17239.341704766954, -26286.72436317496, 10872.983738539666, 8542.367344184799, 29317.017414214304, 31192.93227111486, 849.1427718571153, -5874.127849832517, 27343.55954451079, -9730.071989306449, -4097.499441802435, 2433.9038054828416, 4987.970589157413, -0.028, 0.896, 0.406, 192.0, 127.5, 16.0, 14.0, 0.0, 6.0, 88.0, 0.0, 0.0, 0.0, 1.741146865308325E9, 0.0, 2025-03-04 21:54:25.308
0.0, -30902.717221107152, -10606.461537654584, -6607.287419711044, 17243.476777491185, -26251.833290080227, 10857.605738354414, 8566.909559596725, 29323.342957895158, 31138.461069877278, 845.9464724000064, -5877.078280100618, 27338.955085152997, -9741.158454556282, -4103.132081405172, 2427.913537968819, 4984.818993189215, -0.028, 0.896, 0.406, 192.0, 0.0, 0.0, 0.0, 0.0, 0.0, 0.0, 0.0, 0.0, 0.0, 1.741146865308583E9, 0.0, 2025-03-04 21:54:25.308
2.0, -30909.53450316602, -10607.847345810813, -6607.019198777581, 17229.93162035127, -26185.29214683678, 10867.284043703563, 8533.761922569505, 29321.219542171904, 31225.811687208618, 850.506228268889, -5870.506867230758, 27344.855945689196, -9731.010762573573, -4118.755950779432, 2431.2215961482043, 4976.347682040654, -0.028, 0.896, 0.406, 192.0, 0.0, 0.0, 0.0, 0.0, 0.0, 0.0, 0.0, 0.0, 0.0, 1.741146865308826E9, 0.0, 2025-03-04 21:54:25.308
4.0, -30899.83384607242, -10601.566505618872, -6607.846213322427, 17240.79456815655, -26216.3387198852, 10862.813694812501, 8553.78908560146, 29310.669518788996, 31140.58448560053, 849.4556962794896, -5881.705091202866, 27337.010483385384, -9730.74254164011, -4094.0125696674077, 2437.077753195495, 4976.682958207483, -0.028, 0.896, 0.406, 192.0, 0.0, 0.0, 0.0, 0.0, 0.0, 0.0, 0.0, 0.0, 0.0, 1.741146865309069E9, 0.0, 2025-03-04 21:54:25.309
6.0, -30910.942663066708, -10609.277857455952, -6616.094007026435, 17230.825690129484, -26109.855009300114, 10882.997320055643, 8544.200187230133, 29292.363440080102, 31249.23631539778, 857.3682138166683, -5873.367890521037, 27351.226192858958, -9752.73665818413, -4094.347845834237, 2426.5053780681346, 4976.884123907581, -0.028, 0.896, 0.406, 192.0, 0.0, 0.0, 0.0, 0.0, 0.0, 0.0, 0.0, 0.0, 0.0, 1.741146865309304E9, 0.0, 2025-03-04 21:54:25.309
8.0, -30914.809514857476, -10625.125244274765, -6623.626544907874, 17227.204707527722, -26175.79265544327, 10851.838988284944, 8493.081747660846, 29286.060248143705, 31147.06649149257, 837.4081060180791, -5891.048120385185, 27334.976474639952, -9748.199254059704, -4093.319665589293, 2431.199244403749, 4970.737394182372, -0.024, 0.902, 0.406, 192.0, 127.5, 32.0, 14.0, 24.0, 6.0, 88.0, 0.0, 0.0, 0.0, 1.741146865309525E9, 0.0, 2025-03-04 21:54:25.309
10.0, -30917.022337558552, -10618.754997105003, -6621.480777440164, 17222.64495165884, -26027.757051915774, 10856.801075554024, 8522.608402086307, 29300.5665302952, 31246.576457807598, 834.92706238354, -5886.801288938676, 27335.02117812886, -9762.638480977832, -4124.477997359991, 2416.894127952353, 4959.762687654816, -0.024, 0.902, 0.406, 192.0, 0.0, 0.0, 0.0, 0.0, 0.0, 0.0, 0.0, 0.0, 0.0, 1.741146865309753E9, 0.0, 2025-03-04 21:54:25.309
12.0, -30915.524770680044, -10621.213688995087, -6616.876318082371, 17227.137652294357, -26162.761588425827, 10854.811770297501, 8487.58321852484, 29279.89116667404, 31155.35898868549, 833.1165710826601, -5895.585524509612, 27328.382710025635, -9748.065143592972, -4112.117482676206, 2432.227424648693, 4976.168868085011, -0.024, 0.902, 0.406, 192.0, 0.0, 0.0, 0.0, 0.0, 0.0, 0.0, 0.0, 0.0, 0.0, 1.741146865367208E9, 0.0, 2025-03-04 21:54:25.367
14.0, -30904.751229852587, -10611.37892143475, -6613.747073858628, 17237.955896610725, -26015.888275610007, 10859.729154077668, 8533.02431500248, 29304.85806523062, 31257.193536423867, 839.9338531415289, -5876.832410911609, 27342.21843984347, -9727.948573583195, -4108.429444841081, 2425.4995495676458, 4980.750975698349, -0.024, 0.902, 0.406, 192.0, 0.0, 0.0, 0.0, 0.0, 0.0, 0.0, 0.0, 0.0, 0.0, 1.741146865367463E9, 0.0, 2025-03-04 21:54:25.367
16.0, -30897.4422094157, -10605.165136476176, -6605.946315043726, 17248.662382204817, -26198.81495223224, 10892.697977149246, 8525.804701543415, 29299.7171640059, 31167.294820224623, 843.1301525986377, -5883.381472037015, 27342.12903286565, -9734.944669597706, -4096.292447601849, 2444.364421887925, 4999.884068952092, -0.024, 0.902, 0.406, 192.0, 0.0, 0.0, 0.0, 0.0, 0.0, 0.0, 0.0, 0.0, 0.0, 1.741146865367706E9, 0.0, 2025-03-04 21:54:25.367
18.0, -30911.635567144822, -10607.489717899529, -6616.094007026435, 17234.22315528669, -26015.016557576248, 10854.141217963841, 8493.931113950148, 29266.725989189865, 31269.352885407556, 842.6607659650763, -5873.546704476679, 27347.493451534923, -9742.4995592236, -4098.728787747477, 2428.584090302478, 4987.300036823754, -0.032, 0.9, 0.402, 192.0, 127.5, 0.0, 14.0, 16.0, 6.0, 72.0, 0.0, 0.0, 0.0, 1.74114686536794E9, 0.0, 2025-03-04 21:54:25.367
20.0, -30893.530654136022, -10592.46934562556, -6597.854983550905, 17240.481643734176, -26223.558333344263, 10878.906950820321, 8500.658989031195, 29275.733742205353, 31193.692230426343, 848.2934055678137, -5877.838239412098, 27346.59938175671, -9733.044771319006, -4109.949363464041, 2438.53061658509, 4991.502164781352, -0.032, 0.9, 0.402, 192.0, 0.0, 0.0, 0.0, 0.0, 0.0, 0.0, 0.0, 0.0, 0.0, 1.741146865368197E9, 0.0, 2025-03-04 21:54:25.368
22.0, -30908.774543854543, -10613.703502858103, -6618.351533216422, 17231.764463396605, -26066.53732854573, 10851.347249906928, 8472.428735784142, 29273.766788693287, 31283.38978092549, 854.4177835485677, -5863.130791560507, 27362.379713342158, -9718.136157767316, -4083.0155113953965, 2446.2866719110816, 5000.599324774662, -0.032, 0.9, 0.402, 192.0, 0.0, 0.0, 0.0, 0.0, 0.0, 0.0, 0.0, 0.0, 0.0, 1.741146865368421E9, 0.0, 2025-03-04 21:54:25.368
24.0, -30916.999985814095, -10618.24090698253, -6626.554623431519, 17220.23096325767, -26249.307542956776, 10858.67862208827, 8478.86603818727, 29273.252698570814, 31208.287919555656, 827.1710070575484, -5892.143355863494, 27334.5517914953, -9743.661849935275, -4100.919258704097, 2434.552006072045, 4991.859792692637, -0.032, 0.9, 0.402, 192.0, 0.0, 0.0, 0.0, 0.0, 0.0, 0.0, 0.0, 0.0, 0.0, 1.741146865368636E9, 0.0, 2025-03-04 21:54:25.368
26.0, -30916.93293058073, -10613.882316813746, -6622.151329773824, 17228.054073817024, -26053.573316761653, 10872.380241439372, 8488.700805747605, 29270.12345434707, 31286.228452471314, 838.279824051836, -5881.123945847028, 27351.89674519262, -9748.087495337426, -4116.878404245187, 2422.6385262773665, 4991.479813036896, -0.035, 0.9, 0.405, 192.0, 127.0, 104.0, 14.0, 16.0, 6.0, 96.0, 0.0, 0.0, 0.0, 1.741146865368871E9, 0.0, 2025-03-04 21:54:25.368
28.0, -30919.078698048437, -10616.072787770367, -6616.921021571282, 17222.488489447653, -26226.776984545828, 10884.852514845434, 8486.77855572445, 29271.956297392408, 31237.61340828102, 846.1029346111935, -5891.562210507657, 27351.49441379242, -9730.675486406742, -4093.8114039673096, 2441.034011964084, 5004.220307376422, -0.035, 0.9, 0.405, 192.0, 0.0, 0.0, 0.0, 0.0, 0.0, 0.0, 0.0, 0.0, 0.0, 1.741146865425824E9, 0.0, 2025-03-04 21:54:25.425
30.0, -30920.799782371498, -10627.449825698117, -6631.9190421007925, 17219.068672545993, -26039.87169741055, 10866.792305325545, 8512.68422754815, 29250.49862271531, 31285.893176304482, 835.5529112282886, -5886.175440093928, 27348.186355613037, -9747.97573661515, -4101.031017426374, 2431.7133345262214, 4994.921981683014, -0.035, 0.9, 0.405, 192.0, 0.0, 0.0, 0.0, 0.0, 0.0, 0.0, 0.0, 0.0, 0.0, 1.741146865426072E9, 0.0, 2025-03-04 21:54:25.426
32.0, -30914.988328813117, -10616.273953470463, -6612.674190124773, 17211.871410831383, -26199.127876654613, 10872.58140713947, 8428.28404048491, 29233.64540739601, 31256.254763156747, 818.6549924200765, -5901.508736790269, 27331.489602504924, -9746.142893569815, -4115.33613387777, 2419.4198750758023, 4981.823859432204, -0.035, 0.9, 0.405, 192.0, 0.0, 0.0, 0.0, 0.0, 0.0, 0.0, 0.0, 0.0, 0.0, 1.741146865426308E9, 0.0, 2025-03-04 21:54:25.426
34.0, -30914.764811368565, -10624.566450663382, -6626.286402498055, 17220.78975686905, -26053.215688850367, 10858.902139532822, 8438.05175281188, 29241.669683655466, 31294.923281064428, 838.6151002186657, -5872.138544575995, 27354.40014057161, -9716.63859088881, -4100.516927303902, 2457.954282516752, 5001.13576664159, -0.035, 0.9, 0.405, 192.0, 0.0, 0.0, 0.0, 0.0, 0.0, 0.0, 0.0, 0.0, 0.0, 1.741146865426518E9, 0.0, 2025-03-04 21:54:25.426
36.0, -30928.198209786206, -10629.595593165826, -6640.300946271533, 17195.956968779203, -26169.26594606232, 10861.9643285232, 8471.087631116823, 29235.031215552237, 31276.61720235553, 815.3916377296016, -5909.845937472098, 27324.717023934965, -9774.21668460568, -4115.2690786444045, 2405.9641249137076, 4975.632426218084, -0.0335, 0.897, 0.40950000000000003, 192.0, 127.5, 0.0, 13.5, 120.0, 6.0, 120.0, 0.0, 0.0, 0.0, 1.741146865426732E9, 0.0, 2025-03-04 21:54:25.426
38.0, -30898.716258849654, -10612.34004644633, -6613.389445947343, 17227.562335439008, -26011.14970578548, 10861.00320351162, 8424.66305788315, 29225.419965436457, 31304.690993391396, 831.4178385040568, -5878.888771401497, 27349.84038470273, -9725.69104739321, -4117.817177512309, 2440.631680563889, 4991.032778147791, -0.0335, 0.897, 0.40950000000000003, 192.0, 0.0, 0.0, 0.0, 0.0, 0.0, 0.0, 0.0, 0.0, 0.0, 1.741146865426981E9, 0.0, 2025-03-04 21:54:25.426
40.0, -30918.698718392698, -10620.140805261231, -6628.968611832692, 17208.27277997408, -26054.445034795408, 10869.139238493353, 8442.253880769478, 29240.21682026587, 31337.995092629804, 829.83086464773, -5887.248323827783, 27352.03085565935, -9735.302297508992, -4111.022247197896, 2438.463561351724, 4981.4885832653745, -0.0335, 0.897, 0.40950000000000003, 192.0, 0.0, 0.0, 0.0, 0.0, 0.0, 0.0, 0.0, 0.0, 0.0, 1.741146865427199E9, 0.0, 2025-03-04 21:54:25.427
42.0, -30911.389697955812, -10624.34293321883, -6628.476873454675, 17220.901515591326, -25948.31895212161, 10870.905026305321, 8453.072125085846, 29229.108003271584, 31307.753182381774, 827.3498210131909, -5889.617608740045, 27350.84621320322, -9743.59479470191, -4103.892040716653, 2429.366401358414, 4986.674187979006, -0.0335, 0.897, 0.40950000000000003, 192.0, 0.0, 0.0, 0.0, 0.0, 0.0, 0.0, 0.0, 0.0, 0.0, 1.741146865486378E9, 0.0, 2025-03-04 21:54:25.486
44.0, -30926.99121558562, -10627.785101864947, -6638.333992759466, 17197.007500768603, -25981.533644382198, 10843.993525981132, 8441.605680180273, 29218.602683377587, 31342.62190373205, 823.2594517778697, -5892.322169819137, 27352.097910892717, -9741.940765612217, -4113.011552454419, 2432.182721159783, 4976.45944076293, -0.0335, 0.897, 0.40950000000000003, 192.0, 0.0, 0.0, 0.0, 0.0, 0.0, 0.0, 0.0, 0.0, 0.0, 1.741146865486661E9, 0.0, 2025-03-04 21:54:25.486
46.0, -30914.921273579752, -10633.48479670105, -6637.0822950699685, 17203.578913638463, -25896.12762881847, 10833.108226431397, 8449.920529117648, 29204.096401226092, 31300.06418228915, 817.2021290304815, -5897.060739643663, 27349.527460280355, -9731.278983507036, -4117.571308323301, 2426.237157134671, 4980.929789653992, -0.035750000000000004, 0.8955, 0.41275000000000006, 192.0, 127.0, 104.0, 13.5, 120.0, 6.5, 0.0, 0.0, 0.0, 0.0, 1.741146865486878E9, 0.0, 2025-03-04 21:54:25.486
48.0, -30926.387718485323, -10627.650991398215, -6634.936527602259, 17195.219361212177, -25836.046139722603, 10866.568787880991, 8405.954647774059, 29213.68529959742, 31368.527575555752, 811.8377103612078, -5898.3571408220705, 27348.722797479964, -9738.096265565904, -4131.027058485396, 2428.695849024755, 4964.434202245975, -0.035750000000000004, 0.8955, 0.41275000000000006, 192.0, 0.0, 0.0, 0.0, 0.0, 0.0, 0.0, 0.0, 0.0, 0.0, 1.741146865487112E9, 0.0, 2025-03-04 21:54:25.487
50.0, -30933.584980199932, -10636.234061269053, -6650.783914421072, 17208.69746311873, -25723.393347667858, 10863.439543657249, 8408.770967575427, 29206.935072771917, 31317.029156330726, 819.9960970873949, -5901.039350156707, 27356.054169661307, -9755.038887863027, -4106.1719186510945, 2436.9659944732184, 4988.08234787969, -0.035750000000000004, 0.8955, 0.41275000000000006, 192.0, 0.0, 0.0, 0.0, 0.0, 0.0, 0.0, 0.0, 0.0, 0.0, 1.741146865487356E9, 0.0, 2025-03-04 21:54:25.487
52.0, -30934.814326144973, -10636.971668836079, -6646.917062630304, 17198.907399047304, -25537.67270298871, 10858.969194766189, 8394.46585112403, 29186.30441263967, 31397.227215436367, 811.0777510497273, -5908.460129315869, 27354.26603010488, -9760.31389955448, -4118.286564145871, 2409.5404040265566, 4970.044490104257, -0.035750000000000004, 0.8955, 0.41275000000000006, 192.0, 0.0, 0.0, 0.0, 0.0, 0.0, 0.0, 0.0, 0.0, 0.0, 1.74114686548757E9, 0.0, 2025-03-04 21:54:25.487
54.0, -30922.40910797228, -10633.82007286788, -6637.775199148083, 17212.676073631774, -25461.967344518584, 10851.14608420683, 8402.400720405665, 29201.63770933601, 31326.975682613338, 808.060265548261, -5904.414463569458, 27356.098873150215, -9733.804730630485, -4120.342924635759, 2430.9980787036516, 4971.072670349201, -0.035750000000000004, 0.8955, 0.41275000000000006, 192.0, 0.0, 0.0, 0.0, 0.0, 0.0, 0.0, 0.0, 0.0, 0.0, 1.741146865487792E9, 0.0, 2025-03-04 21:54:25.487
56.0, -30937.31772152397, -10634.714142646091, -6649.733382431672, 17206.03760552855, -25241.020350577874, 10857.762200565601, 8427.635839895707, 29208.87967453953, 31427.0667942842, 807.7696928703419, -5900.815832712154, 27363.921983709573, -9751.462608750178, -4128.747180550955, 2407.4169883033023, 4972.503181994341, -0.034875, 0.89775, 0.41737500000000005, 192.0, 127.0, 120.0, 14.0, 16.0, 6.5, 24.0, 0.0, 0.0, 0.0, 1.741146865487996E9, 0.0, 2025-03-04 21:54:25.487
58.0, -30913.423706701247, -10629.237965254542, -6626.621678664885, 17221.63912315835, -25223.94361781402, 10862.791343068046, 8382.239446906979, 29196.7426773003, 31347.449880534397, 809.9378120825068, -5905.2861816032155, 27361.731512752955, -9727.233317760625, -4117.079569945285, 2427.8911862243635, 4977.487621007875, -0.034875, 0.89775, 0.41737500000000005, 192.0, 0.0, 0.0, 0.0, 0.0, 0.0, 0.0, 0.0, 0.0, 0.0, 1.741146865546878E9, 0.0, 2025-03-04 21:54:25.546
60.0, -30919.749250382098, -10620.610191894793, -6630.220309522189, 17224.343684237443, -24969.46900719035, 10875.889465318854, 8415.632953123208, 29197.949671500883, 31460.54970747825, 824.2429285339033, -5884.655521470967, 27379.27763215037, -9730.876652106841, -4097.454738313525, 2434.0155642051177, 4982.695577465961, -0.034875, 0.89775, 0.41737500000000005, 192.0, 0.0, 0.0, 0.0, 0.0, 0.0, 0.0, 0.0, 0.0, 0.0, 1.741146865547136E9, 0.0, 2025-03-04 21:54:25.547
62.0, -30927.773526641555, -10641.285555515953, -6636.054114825024, 17208.339835207444, -24933.058015472656, 10866.68054660327, 8365.855618221238, 29178.77187475823, 31372.997924446816, 814.0058295733726, -5907.320190348648, 27359.74220749643, -9737.671582421253, -4108.518851818902, 2432.0486106930507, 4977.8452489191595, -0.034875, 0.89775, 0.41737500000000005, 192.0, 0.0, 0.0, 0.0, 0.0, 0.0, 0.0, 0.0, 0.0, 0.0, 1.741146865547352E9, 0.0, 2025-03-04 21:54:25.547
64.0, -30941.676311692754, -10646.649974185226, -6656.818885424004, 17196.18048622376, -24642.194764875745, 10849.402648139316, 8385.771022530917, 29175.15089215647, 31461.913163890025, 804.6851521355096, -5908.191908382405, 27355.294210349824, -9744.421809246756, -4109.837604741765, 2424.33725885597, 4961.327309766688, -0.034875, 0.89775, 0.41737500000000005, 192.0, 0.0, 0.0, 0.0, 0.0, 0.0, 0.0, 0.0, 0.0, 0.0, 1.74114686554758E9, 0.0, 2025-03-04 21:54:25.547
66.0, -30929.047576075507, -10641.062038071399, -6638.736324159661, 17189.698480331717, -24686.965309019724, 10845.446389370727, 8387.000368475958, 29183.53279632721, 31371.455654079396, 800.2595067333588, -5926.274469646749, 27344.74418696692, -9743.013649346072, -4120.924069991597, 2406.366456313903, 4957.527513209286, -0.0334375, 0.8988750000000001, 0.41668750000000004, 192.0, 127.5, 0.0, 14.0, 16.0, 6.5, 0.0, 0.0, 0.0, 0.0, 1.741146865547836E9, 0.0, 2025-03-04 21:54:25.547
68.0, -30927.550009197, -10639.653878170715, -6635.338859002454, 17197.856867057904, -24418.476154622575, 10879.10811652042, 8354.165655871113, 29167.238374619294, 31455.207640553435, 793.6433903745879, -5913.399864840492, 27351.874393448164, -9725.556936926478, -4126.355543894237, 2421.3421250989586, 4959.673280676995, -0.0334375, 0.8988750000000001, 0.41668750000000004, 192.0, 0.0, 0.0, 0.0, 0.0, 0.0, 0.0, 0.0, 0.0, 0.0, 1.741146865548065E9, 0.0, 2025-03-04 21:54:25.548
70.0, -30926.74534639661, -10630.333200732852, -6635.003582835625, 17193.990015267136, -24549.39032189731, 10872.737869350656, 8373.790487502873, 29170.702895009865, 31378.96584021638, 801.0641695337498, -5923.614612056567, 27350.667399247577, -9746.209948803182, -4106.306029117826, 2434.820227005509, 4971.206780815934, -0.0334375, 0.8988750000000001, 0.41668750000000004, 192.0, 0.0, 0.0, 0.0, 0.0, 0.0, 0.0, 0.0, 0.0, 0.0, 1.741146865548293E9, 0.0, 2025-03-04 21:54:25.548
72.0, -30931.707433665688, -10640.145616548733, -6638.713972415206, 17187.798582053016, -24361.747427195005, 10850.72140106218, 8380.406603861644, 29181.610546304055, 31465.55649823624, 806.9426783254955, -5913.131643907028, 27355.517727794377, -9735.21289053117, -4114.397360610647, 2419.174005886794, 4962.735469667372, -0.0334375, 0.8988750000000001, 0.41668750000000004, 192.0, 0.0, 0.0, 0.0, 0.0, 0.0, 0.0, 0.0, 0.0, 0.0, 1.7411468656068E9, 0.0, 2025-03-04 21:54:25.606
74.0, -30920.240988760113, -10636.032895568955, -6625.146463530835, 17176.68976505873, -24583.275566491553, 10853.358906907906, 8351.170522114102, 29173.63097353351, 31391.236947922345, 794.6045153861661, -5927.257946402782, 27339.200954342003, -9727.501538694089, -4124.38859038217, 2430.551043814545, 4958.890969621059, -0.0334375, 0.8988750000000001, 0.41668750000000004, 192.0, 0.0, 0.0, 0.0, 0.0, 0.0, 0.0, 0.0, 0.0, 0.0, 1.741146865607068E9, 0.0, 2025-03-04 21:54:25.607
76.0, -30926.477125463145, -10641.978459594067, -6637.88695787036, 17177.24855867011, -24455.915326585215, 10876.58236939697, 8365.922673454605, 29147.94881915436, 31464.394207524565, 795.4091781865571, -5911.432911328425, 27348.856907946698, -9725.087550292916, -4129.10480846224, 2428.1147036689167, 4955.940539352959, -0.032718750000000005, 0.8994375000000001, 0.41434375, 192.0, 127.5, 0.0, 14.0, 16.0, 6.0, 112.0, 0.0, 0.0, 0.0, 1.741146865607291E9, 0.0, 2025-03-04 21:54:25.607
78.0, -30921.6491486608, -10625.81814835288, -6623.425379207776, 17175.34866039141, -24732.875792130922, 10883.801982856034, 8358.390135573165, 29146.920638909418, 31412.225235965878, 790.2682769618365, -5930.051914459696, 27338.955085152997, -9742.030172590039, -4117.660715301123, 2418.592860530956, 4966.982301113881, -0.032718750000000005, 0.8994375000000001, 0.41434375, 192.0, 0.0, 0.0, 0.0, 0.0, 0.0, 0.0, 0.0, 0.0, 0.0, 1.741146865607521E9, 0.0, 2025-03-04 21:54:25.607
80.0, -30919.101049792895, -10628.746226876525, -6619.156196016812, 17187.64211984183, -24657.416302849808, 10883.779631111578, 8333.959678883515, 29153.11207212354, 31468.641038971073, 807.0991405366827, -5907.811928726665, 27360.79273948583, -9729.267326506058, -4118.152453679139, 2440.586977074978, 4970.5138767378185, -0.032718750000000005, 0.8994375000000001, 0.41434375, 192.0, 0.0, 0.0, 0.0, 0.0, 0.0, 0.0, 0.0, 0.0, 0.0, 1.741146865607744E9, 0.0, 2025-03-04 21:54:25.607
82.0, -30924.890151606818, -10628.455654198606, -6618.8879750833485, 17168.933709732737, -24941.55167836567, 10866.47938090317, 8357.429010561587, 29165.07025540713, 31432.990006564858, 802.0699980342387, -5925.760379524277, 27348.767500968876, -9729.40143697279, -4118.443026357058, 2432.786218260076, 4968.479867992386, -0.032718750000000005, 0.8994375000000001, 0.41434375, 192.0, 0.0, 0.0, 0.0, 0.0, 0.0, 0.0, 0.0, 0.0, 0.0, 1.741146865607984E9, 0.0, 2025-03-04 21:54:25.607
84.0, -30915.860046846876, -10633.641258912237, -6623.626544907874, 17172.86761675687, -24927.626541570015, 10856.331688920462, 8343.593280743753, 29145.601885986554, 31458.51569873282, 804.7969108577861, -5911.879946217531, 27355.249506860913, -9706.468547161645, -4128.657773573133, 2437.658898551333, 4967.116411580612, -0.032718750000000005, 0.8994375000000001, 0.41434375, 192.0, 0.0, 0.0, 0.0, 0.0, 0.0, 0.0, 0.0, 0.0, 0.0, 1.741146865608203E9, 0.0, 2025-03-04 21:54:25.608
86.0, -30926.03009057404, -10630.690828644138, -6624.364152474899, 17161.356468362388, -25160.241146116394, 10877.67760487528, 8341.805141187328, 29160.91283093844, 31433.593503665154, 790.0671112617388, -5934.209338928383, 27340.475003775955, -9734.363524241868, -4134.603337598245, 2415.977706429685, 4952.632481173573, -0.033359375000000004, 0.9017187500000001, 0.413171875, 192.0, 127.0, 120.0, 14.0, 32.0, 6.0, 112.0, 0.0, 0.0, 0.0, 1.741146865608429E9, 0.0, 2025-03-04 21:54:25.608
88.0, -30911.92613982274, -10619.67141862767, -6617.211594249201, 17183.81997153997, -25186.973832484942, 10884.092555533953, 8361.89935945265, 29155.034322146694, 31449.954980606435, 814.9446028404955, -5909.242440371805, 27363.98903894294, -9710.044826274494, -4089.6539794986224, 2447.8065905340422, 4975.9677023849135, -0.033359375000000004, 0.9017187500000001, 0.413171875, 192.0, 0.0, 0.0, 0.0, 0.0, 0.0, 0.0, 0.0, 0.0, 0.0, 1.741146865667111E9, 0.0, 2025-03-04 21:54:25.667
90.0, -30928.578189441945, -10621.906593073201, -6618.843271594438, 17169.224282410658, -25388.58656747181, 10897.63771267387, 8344.174426099591, 29154.520232024224, 31462.27079180131, 809.960163826962, -5924.262812645771, 27358.110530151193, -9735.011724831073, -4097.901773202631, 2431.690982781766, 4980.907437909536, -0.033359375000000004, 0.9017187500000001, 0.413171875, 192.0, 0.0, 0.0, 0.0, 0.0, 0.0, 0.0, 0.0, 0.0, 0.0, 1.741146865667351E9, 0.0, 2025-03-04 21:54:25.667
92.0, -30912.574340411946, -10626.980439064555, -6621.793701862539, 17172.554692334495, -25435.65934129469, 10876.403555441328, 8332.618574216196, 29156.01779890273, 31444.344692748153, 814.5422714402999, -5916.819681742154, 27360.18924238554, -9705.172145983237, -4107.356561107225, 2454.0874307259837, 4983.03085363279, -0.033359375000000004, 0.9017187500000001, 0.413171875, 192.0, 0.0, 0.0, 0.0, 0.0, 0.0, 0.0, 0.0, 0.0, 0.0, 1.741146865667586E9, 0.0, 2025-03-04 21:54:25.667
94.0, -30922.6996806502, -10628.120378031777, -6631.40495197832, 17156.528491560042, -25604.817343332452, 10887.378261968883, 8307.40580647061, 29120.456173474333, 31474.005457640345, 804.2157655019481, -5933.427027872447, 27348.07459689076, -9731.25663176258, -4116.721942034, 2419.8669099649087, 4958.98037659888, -0.033359375000000004, 0.9017187500000001, 0.413171875, 192.0, 0.0, 0.0, 0.0, 0.0, 0.0, 0.0, 0.0, 0.0, 0.0, 1.741146865667831E9, 0.0, 2025-03-04 21:54:25.667
96.0, -30939.150564569303, -10655.657727200714, -6651.946205132748, 17143.96681117616, -25669.302126086015, 10867.48520940366, 8282.371852680666, 29110.733164636276, 31437.259189755823, 802.6734951345319, -5935.617498829067, 27345.191221856025, -9718.694951378699, -4108.295334374348, 2426.371267601403, 4964.344795268154, -0.0316796875, 0.8978593750000001, 0.41058593750000005, 192.0, 127.5, 8.0, 13.5, 120.0, 6.0, 96.0, 0.0, 0.0, 0.0, 1.741146865668073E9, 0.0, 2025-03-04 21:54:25.668
98.0, -30930.589846442923, -10635.183529279653, -6640.926795116281, 17134.556726760475, -25781.95491814076, 10865.697069847236, 8304.768300624884, 29104.318213977604, 31476.307687319244, 775.6278843436104, -5952.358955426092, 27322.995939611905, -9747.50634998159, -4140.459494645535, 2401.1584998558164, 4937.343887966143, -0.0316796875, 0.8978593750000001, 0.41058593750000005, 192.0, 0.0, 0.0, 0.0, 0.0, 0.0, 0.0, 0.0, 0.0, 0.0, 1.741146865668306E9, 0.0, 2025-03-04 21:54:25.668
100.0, -30910.003889799584, -10626.354590219808, -6623.805358863517, 17153.913337458773, -25904.68834694485, 10867.306395448017, 8296.74402436543, 29120.746746152254, 31444.054120070236, 803.5005096793783, -5929.917803992964, 27345.99588465642, -9720.840718846408, -4109.6364390416675, 2426.2818606235815, 4961.372013255598, -0.0316796875, 0.8978593750000001, 0.41058593750000005, 192.0, 0.0, 0.0, 0.0, 0.0, 0.0, 0.0, 0.0, 0.0, 0.0, 1.741146865668523E9, 0.0, 2025-03-04 21:54:25.668
102.0, -30936.31189302348, -10642.984288094556, -6635.674135169284, 17127.828851679427, -25955.158585924935, 10866.255863458618, 8278.840277056728, 29129.754499167742, 31514.260949404354, 798.6725328770319, -5931.594184827111, 27345.615905000675, -9713.866974576351, -4129.171863695606, 2431.0204304481067, 4961.9978621003465, -0.0316796875, 0.8978593750000001, 0.41058593750000005, 192.0, 0.0, 0.0, 0.0, 0.0, 0.0, 0.0, 0.0, 0.0, 0.0, 1.741146865726373E9, 0.0, 2025-03-04 21:54:25.726
104.0, -30921.179762027237, -10634.043590312433, -6637.350516003432, 17140.546994274497, -26109.989119766848, 10878.191694997751, 8343.258004576923, 29129.10629857854, 31432.922951331493, 785.0379687592947, -5953.834170560142, 27326.773384424854, -9723.21000375867, -4125.997915982952, 2405.4500347912353, 4950.173789283489, -0.0316796875, 0.8978593750000001, 0.41058593750000005, 192.0, 0.0, 0.0, 0.0, 0.0, 0.0, 0.0, 0.0, 0.0, 0.0, 1.74114686572664E9, 0.0, 2025-03-04 21:54:25.726
106.0, -30914.898921835294, -10626.667514642182, -6625.1688152752895, 17139.854090196382, -26125.858858330117, 10895.134317294875, 8270.771297308362, 29108.162714023914, 31526.465001876953, 806.4062364585682, -5928.241423158815, 27353.014332415383, -9723.679390392232, -4102.506232560424, 2420.8950902098527, 4967.831667403182, -0.03383984375, 0.8949296875000001, 0.40829296875000004, 192.0, 127.0, 112.0, 13.5, 112.0, 6.0, 88.0, 0.0, 0.0, 0.0, 1.741146865726874E9, 0.0, 2025-03-04 21:54:25.726
108.0, -30934.724919167154, -10649.689811431148, -6647.453504497231, 17118.86580215285, -26299.48720925894, 10863.8642268019, 8285.188172482034, 29087.12972249147, 31443.584733436674, 785.7979280707751, -5953.029507759751, 27330.863753660175, -9724.908736337273, -4125.305011904838, 2414.7036569957327, 4952.744239895849, -0.03383984375, 0.8949296875000001, 0.40829296875000004, 192.0, 0.0, 0.0, 0.0, 0.0, 0.0, 0.0, 0.0, 0.0, 0.0, 1.741146865727116E9, 0.0, 2025-03-04 21:54:25.727
110.0, -30917.49172419211, -10633.037761811944, -6628.387466476855, 17125.794842933996, -26259.701104128493, 10886.953578824232, 8279.600236368207, 29115.359975738524, 31527.224961188433, 781.5510966242667, -5948.55915886869, 27333.747128694908, -9721.824195602441, -4138.067857988818, 2400.957334155719, 4939.534358922763, -0.03383984375, 0.8949296875000001, 0.40829296875000004, 192.0, 0.0, 0.0, 0.0, 0.0, 0.0, 0.0, 0.0, 0.0, 0.0, 1.741146865727368E9, 0.0, 2025-03-04 21:54:25.727
112.0, -30920.64332016031, -10630.266145499487, -6625.213518764201, 17130.801633691983, -26457.33522860232, 10862.187845967752, 8276.78391656684, 29112.5213041927, 31466.18234708099, 805.2439457468922, -5944.22292044436, 27348.27576259086, -9710.58126814142, -4113.078607687785, 2421.6550495213332, 4968.859847648126, -0.03383984375, 0.8949296875000001, 0.40829296875000004, 192.0, 0.0, 0.0, 0.0, 0.0, 0.0, 0.0, 0.0, 0.0, 0.0, 1.741146865727583E9, 0.0, 2025-03-04 21:54:25.727
114.0, -30931.841544132418, -10639.586822937348, -6631.606117678419, 17122.732653943618, -26361.870928033703, 10882.125602021886, 8246.810227252272, 29088.783751581166, 31552.23656323392, 790.4917944063895, -5949.31911818017, 27343.783061955342, -9717.622067644843, -4124.679163060089, 2411.6191162609002, 4946.351640981632, -0.03383984375, 0.8949296875000001, 0.40829296875000004, 192.0, 0.0, 0.0, 0.0, 0.0, 0.0, 0.0, 0.0, 0.0, 0.0, 1.741146865727799E9, 0.0, 2025-03-04 21:54:25.727
116.0, -30926.946512096707, -10638.91627060369, -6637.126998558879, 17124.72195920014, -26585.768352242514, 10884.58429391197, 8273.83348629874, 29104.04999304414, 31470.585640738685, 792.5034514073673, -5961.053784019206, 27340.60911424269, -9726.272192749047, -4111.62574429819, 2411.6191162609002, 4962.176676055989, -0.036919921875, 0.89446484375, 0.408146484375, 192.0, 127.0, 96.0, 13.5, 120.0, 6.0, 96.0, 0.0, 0.0, 0.0, 1.741146865728046E9, 0.0, 2025-03-04 21:54:25.728
118.0, -30925.203076029193, -10640.592651437837, -6628.11924554339, 17118.731691686116, -26465.38185660623, 10866.993471025644, 8253.001660466392, 29084.000478267728, 31546.805089331283, 787.4743089049231, -5958.595092129122, 27343.671303233066, -9737.895099865807, -4129.797712540354, 2398.699807965733, 4944.831722358671, -0.036919921875, 0.89446484375, 0.408146484375, 192.0, 0.0, 0.0, 0.0, 0.0, 0.0, 0.0, 0.0, 0.0, 0.0, 1.741146865786661E9, 0.0, 2025-03-04 21:54:25.786
120.0, -30925.203076029193, -10637.843386869836, -6619.759693117106, 17121.637418465307, -26680.80796966648, 10881.857381088423, 8234.315602101757, 29084.782789323664, 31483.23672810039, 787.7872333272974, -5962.149019497517, 27341.056149131793, -9711.698855364188, -4123.226299670494, 2406.433511547269, 4953.392440485053, -0.036919921875, 0.89446484375, 0.408146484375, 192.0, 0.0, 0.0, 0.0, 0.0, 0.0, 0.0, 0.0, 0.0, 0.0, 1.741146865786923E9, 0.0, 2025-03-04 21:54:25.786
122.0, -30923.97373008415, -10641.307907260407, -6625.817015864493, 17124.945476644694, -26549.603229713826, 10876.314148463505, 8238.361267848166, 29078.613707854, 31557.80214760329, 789.7094833504539, -5950.928443780952, 27351.31559983678, -9721.757140369074, -4121.438160114069, 2418.4811018086793, 4950.777286383783, -0.036919921875, 0.89446484375, 0.408146484375, 192.0, 0.0, 0.0, 0.0, 0.0, 0.0, 0.0, 0.0, 0.0, 0.0, 1.741146865787155E9, 0.0, 2025-03-04 21:54:25.787
124.0, -30925.73951789612, -10640.34678224883, -6625.392332719843, 17118.66463645275, -26753.272325190585, 10875.330671707472, 8254.499227344899, 29086.347411435538, 31494.14437939458, 783.0486635027723, -5972.810801602698, 27333.65772171709, -9729.289678250514, -4130.982354996486, 2407.752264470132, 4950.866693361604, -0.036919921875, 0.89446484375, 0.408146484375, 192.0, 0.0, 0.0, 0.0, 0.0, 0.0, 0.0, 0.0, 0.0, 0.0, 1.741146865787371E9, 0.0, 2025-03-04 21:54:25.787
126.0, -30919.391622470812, -10629.282668743452, -6613.098873269424, 17133.01445639306, -26601.593387316872, 10875.330671707472, 8229.375866577133, 29082.03352475566, 31563.63595290613, 799.2760299773253, -5959.623272374067, 27349.728625980453, -9715.275134477037, -4114.375008866192, 2408.176947614783, 4946.329289237176, -0.037459960937499995, 0.898232421875, 0.4080732421875, 192.0, 127.0, 104.0, 14.0, 24.0, 6.0, 96.0, 0.0, 0.0, 0.0, 1.741146865787603E9, 0.0, 2025-03-04 21:54:25.787
128.0, -30920.062174804472, -10626.712218131092, -6615.35639945941, 17115.803613162472, -26794.891273366367, 10867.10522974792, 8204.207802320458, 29072.55638510661, 31533.371690913642, 798.3372567102024, -5964.495952665324, 27348.588687013234, -9712.995256542596, -4116.878404245187, 2408.5122237816126, 4950.330251494676, -0.037459960937499995, 0.898232421875, 0.4080732421875, 192.0, 0.0, 0.0, 0.0, 0.0, 0.0, 0.0, 0.0, 0.0, 0.0, 1.741146865787853E9, 0.0, 2025-03-04 21:54:25.787
130.0, -30916.575302669444, -10639.475064215072, -6623.134806529857, 17115.53539222901, -26664.17827179173, 10881.611511899413, 8181.900761354061, 29042.403881836402, 31581.42794149255, 797.3090764652583, -5953.923577537964, 27353.327256837758, -9708.368445440346, -4117.571308323301, 2404.1312818683723, 4943.468265946897, -0.037459960937499995, 0.898232421875, 0.4080732421875, 192.0, 0.0, 0.0, 0.0, 0.0, 0.0, 0.0, 0.0, 0.0, 0.0, 1.741146865788073E9, 0.0, 2025-03-04 21:54:25.788
132.0, -30926.767698141066, -10635.697619402126, -6626.331105986966, 17106.14765955778, -26835.750262230667, 10858.812732555001, 8233.309773601268, 29063.12394894647, 31557.779795858838, 782.6910355914874, -5973.70487138091, 27342.285495076838, -9715.878631577329, -4118.107750190228, 2401.337313811459, 4941.12133277909, -0.037459960937499995, 0.898232421875, 0.4080732421875, 192.0, 0.0, 0.0, 0.0, 0.0, 0.0, 0.0, 0.0, 0.0, 0.0, 1.741146865846513E9, 0.0, 2025-03-04 21:54:25.846
134.0, -30935.03784358953, -10653.288442288453, -6633.036629323558, 17100.827944377415, -26750.590115855946, 10861.606700611914, 8220.524575772832, 29049.109405172996, 31570.028551820345, 782.6239803581215, -5974.04014754774, 27345.727663722955, -9751.015573861072, -4138.269023688916, 2380.7737089125767, 4939.802579856227, -0.037459960937499995, 0.898232421875, 0.4080732421875, 192.0, 0.0, 0.0, 0.0, 0.0, 0.0, 0.0, 0.0, 0.0, 0.0, 1.741146865846792E9, 0.0, 2025-03-04 21:54:25.846
136.0, -30939.642302947323, -10660.262186558508, -6631.203786278223, 17092.066060550937, -26853.184622905806, 10873.587235639958, 8191.154383558558, 29042.6050475365, 31562.496013938908, 763.7591080378423, -5991.206287289416, 27324.60526521269, -9730.653134662287, -4138.559596366835, 2403.460729534713, 4931.331268707665, -0.03472998046875, 0.8991162109374999, 0.40703662109375005, 192.0, 127.5, 0.0, 14.0, 16.0, 6.0, 88.0, 0.0, 0.0, 0.0, 1.741146865847019E9, 0.0, 2025-03-04 21:54:25.847
138.0, -30925.448945218202, -10647.722857919081, -6621.16785301779, 17115.848316651383, -26782.910738338323, 10864.735944835656, 8216.031875137314, 29061.313457645592, 31563.412435461574, 780.3217506792249, -5971.804973102209, 27341.056149131793, -9718.15850951177, -4118.845357757254, 2410.054494149029, 4944.7423153808495, -0.03472998046875, 0.8991162109374999, 0.40703662109375005, 192.0, 0.0, 0.0, 0.0, 0.0, 0.0, 0.0, 0.0, 0.0, 0.0, 1.74114686584727E9, 0.0, 2025-03-04 21:54:25.847
140.0, -30956.808442689, -10672.220369842098, -6643.251376539633, 17080.219635989622, -26873.100027215485, 10837.511520089092, 8173.161229272036, 29024.678948483343, 31569.559165186784, 766.86600051713, -5986.020682575784, 27332.58483798323, -9739.370314999856, -4123.002782225941, 2393.916534652297, 4935.399286198532, -0.03472998046875, 0.8991162109374999, 0.40703662109375005, 192.0, 0.0, 0.0, 0.0, 0.0, 0.0, 0.0, 0.0, 0.0, 0.0, 1.741146865847532E9, 0.0, 2025-03-04 21:54:25.847
142.0, -30937.138907568326, -10661.200959825632, -6632.544890945541, 17094.99413907458, -26839.08067215451, 10857.561034865503, 8171.775421115807, 29028.61285550748, 31529.594246100696, 749.8563229866413, -6000.929296127474, 27320.26902678836, -9744.824140646951, -4154.161113996639, 2389.535592739057, 4923.172881981478, -0.03472998046875, 0.8991162109374999, 0.40703662109375005, 192.0, 0.0, 0.0, 0.0, 0.0, 0.0, 0.0, 0.0, 0.0, 0.0, 1.741146865847758E9, 0.0, 2025-03-04 21:54:25.847
144.0, -30938.278846535548, -10647.96872710809, -6622.106626284913, 17090.2332175056, -26898.17868449434, 10866.43467741426, 8197.837555150694, 29023.6507682384, 31586.59119446173, 770.4422796299791, -5984.903095353019, 27340.989093898428, -9730.004934073084, -4131.742314307966, 2393.5142032521017, 4939.2661379893, -0.03472998046875, 0.8991162109374999, 0.40703662109375005, 192.0, 0.0, 0.0, 0.0, 0.0, 0.0, 0.0, 0.0, 0.0, 0.0, 1.741146865847985E9, 0.0, 2025-03-04 21:54:25.847
146.0, -30923.30317775049, -10646.53821546295, -6612.942411058237, 17101.14086879979, -26898.71512636127, 10880.605683398924, 8186.2593515228455, 29032.524410787155, 31554.91877256856, 776.253733188359, -5984.5901709306445, 27346.107643378695, -9707.988465784605, -4133.977488753497, 2406.7687877140984, 4946.262234003811, -0.031364990234375, 0.89955810546875, 0.40851831054687504, 192.0, 127.5, 16.0, 14.0, 16.0, 6.0, 104.0, 0.0, 0.0, 0.0, 1.741146865848197E9, 0.0, 2025-03-04 21:54:25.848
148.0, -30939.441137247224, -10652.796703910435, -6625.4593879532085, 17073.648223119762, -26939.57411522557, 10851.079028973465, 8171.306034482245, 29041.88979171393, 31609.34527031723, 775.9184570215293, -5987.384138987558, 27343.716006721977, -9730.675486406742, -4131.317631163315, 2403.170156856794, 4941.657774646017, -0.031364990234375, 0.89955810546875, 0.40851831054687504, 192.0, 0.0, 0.0, 0.0, 0.0, 0.0, 0.0, 0.0, 0.0, 0.0, 1.741146865906805E9, 0.0, 2025-03-04 21:54:25.906
150.0, -30932.042709832516, -10657.892901646246, -6624.855890852916, 17083.639452891286, -26995.274662408196, 10860.131485477863, 8196.183526061002, 29027.383509562434, 31555.16464175757, 766.1283929501049, -5993.70968266841, 27340.78792819833, -9721.06423629096, -4136.726753321499, 2401.3820173003696, 4937.410943199509, -0.031364990234375, 0.89955810546875, 0.40851831054687504, 192.0, 0.0, 0.0, 0.0, 0.0, 0.0, 0.0, 0.0, 0.0, 0.0, 1.741146865907094E9, 0.0, 2025-03-04 21:54:25.907
152.0, -30938.904695380297, -10648.39341025274, -6629.728571144173, 17085.96403431464, -26965.34567658254, 10885.634825901368, 8187.935732356994, 29027.919951429365, 31622.264578612398, 762.1050789481496, -5988.300560510226, 27345.280628833847, -9729.602602672889, -4141.018288256918, 2386.048720604029, 4938.819103100193, -0.031364990234375, 0.89955810546875, 0.40851831054687504, 192.0, 0.0, 0.0, 0.0, 0.0, 0.0, 0.0, 0.0, 0.0, 0.0, 1.741146865907331E9, 0.0, 2025-03-04 21:54:25.907
154.0, -30930.656901676288, -10646.024125340477, -6620.45259719522, 17092.62485416232, -27046.169584532927, 10866.904064047822, 8135.677353820486, 29016.118230356962, 31571.19084253202, 772.6774540755099, -5991.541563456245, 27350.7568062254, -9723.701742136687, -4122.175767681095, 2402.298438823037, 4948.296242749244, -0.031364990234375, 0.89955810546875, 0.40851831054687504, 192.0, 0.0, 0.0, 0.0, 0.0, 0.0, 0.0, 0.0, 0.0, 0.0, 1.741146865907566E9, 0.0, 2025-03-04 21:54:25.907
156.0, -30939.709358180688, -10650.24860504253, -6624.140635030346, 17082.81243834644, -26993.53122634068, 10868.692203604247, 8150.071877249704, 29004.964709873762, 31648.773747536394, 765.6813580609987, -5989.216982032894, 27347.26993409037, -9734.944669597706, -4127.026096227896, 2397.917496909797, 4936.78509435476, -0.0316824951171875, 0.897779052734375, 0.40725915527343753, 192.0, 127.5, 0.0, 14.0, 0.0, 6.0, 88.0, 0.0, 0.0, 0.0, 1.741146865907885E9, 0.0, 2025-03-04 21:54:25.907
158.0, -30933.18264879974, -10652.349669021329, -6618.820919849983, 17092.267226251035, -27136.94001876593, 10863.752468079623, 8170.210799003935, 29027.07058514006, 31578.030476335345, 769.3917476405798, -5996.548354214234, 27343.09015787723, -9712.391759442302, -4114.6879332885665, 2403.0583981345176, 4950.5537689392295, -0.0316824951171875, 0.897779052734375, 0.40725915527343753, 192.0, 0.0, 0.0, 0.0, 0.0, 0.0, 0.0, 0.0, 0.0, 0.0, 1.741146865908106E9, 0.0, 2025-03-04 21:54:25.908
160.0, -30945.6549222058, -10661.379773781273, -6628.655687410318, 17075.10108650936, -27052.07044506913, 10849.492055117138, 8144.215720202414, 29007.535160486124, 31655.50162261744, 755.8912939895743, -6002.873897895086, 27331.15432633809, -9726.048675304493, -4141.062991745829, 2382.8077176580096, 4926.615050627595, -0.0316824951171875, 0.897779052734375, 0.40725915527343753, 192.0, 0.0, 0.0, 0.0, 0.0, 0.0, 0.0, 0.0, 0.0, 0.0, 1.741146865908338E9, 0.0, 2025-03-04 21:54:25.908
162.0, -30923.5490469395, -10648.527520719472, -6611.914230813293, 17102.213752533647, -27178.29074600825, 10897.63771267387, 8148.306089437734, 29019.91802691436, 31600.985717890948, 762.7979830262641, -6004.438520006957, 27334.909419406584, -9710.268343719048, -4133.128122464195, 2407.886374936864, 4947.178655526478, -0.0316824951171875, 0.897779052734375, 0.40725915527343753, 192.0, 0.0, 0.0, 0.0, 0.0, 0.0, 0.0, 0.0, 0.0, 0.0, 1.741146865968411E9, 0.0, 2025-03-04 21:54:25.968
164.0, -30930.165163298272, -10640.324430504374, -6620.340838472944, 17118.2399533081, -27049.58940143459, 10887.020634057599, 8142.85226379064, 29008.183361075327, 31694.88539634769, 772.3421779086802, -5984.277246508271, 27356.724721994964, -9700.63474185881, -4121.527567091891, 2406.7464359696432, 4954.420620729998, -0.0316824951171875, 0.897779052734375, 0.40725915527343753, 192.0, 0.0, 0.0, 0.0, 0.0, 0.0, 0.0, 0.0, 0.0, 0.0, 1.741146865968848E9, 0.0, 2025-03-04 21:54:25.968
166.0, -30938.79293665802, -10651.120323076288, -6636.009411336114, 17123.783185933018, -27216.087545882172, 10849.134427205852, 8146.696763836952, 29023.60606474949, 31627.628997281674, 771.7833842972975, -6000.303447282726, 27342.754881710396, -9702.668750604244, -4118.107750190228, 2388.7532816831213, 4950.97845208388, -0.03084124755859375, 0.8998895263671876, 0.4066295776367188, 192.0, 127.5, 8.0, 14.0, 24.0, 6.0, 88.0, 0.0, 0.0, 0.0, 1.74114686596913E9, 0.0, 2025-03-04 21:54:25.969
168.0, -30934.635512189332, -10648.281651530464, -6642.804341650527, 17150.001782179093, -27068.70014294388, 10858.544511621538, 8135.207967186924, 29006.194055818803, 31716.834809402804, 769.0564714737501, -5984.366653486091, 27348.83455620224, -9711.363579197357, -4124.343886893259, 2389.9602758837077, 4948.855036360626, -0.03084124755859375, 0.8998895263671876, 0.4066295776367188, 192.0, 0.0, 0.0, 0.0, 0.0, 0.0, 0.0, 0.0, 0.0, 0.0, 1.741146865969356E9, 0.0, 2025-03-04 21:54:25.969
170.0, -30929.002872586596, -10646.58291895186, -6635.696486913739, 17170.2524626556, -27253.63847656709, 10855.258805186606, 8133.106903208126, 29009.88209365393, 31666.40927391163, 768.9670644959289, -5982.623217418578, 27341.21261134298, -9706.580305883921, -4110.306991375326, 2405.785310958065, 4972.324368038699, -0.03084124755859375, 0.8998895263671876, 0.4066295776367188, 192.0, 0.0, 0.0, 0.0, 0.0, 0.0, 0.0, 0.0, 0.0, 0.0, 1.741146865969568E9, 0.0, 2025-03-04 21:54:25.969
172.0, -30938.36825351337, -10654.830712655868, -6642.111437572413, 17183.238826184133, -27069.34834353308, 10846.742790549135, 8130.223528173391, 29031.183306119838, 31751.591772030806, 760.3169393917251, -5968.98865330084, 27340.922038665063, -9717.085625777916, -4138.671355089111, 2403.6171917459, 4974.64894946205, -0.03084124755859375, 0.8998895263671876, 0.4066295776367188, 192.0, 0.0, 0.0, 0.0, 0.0, 0.0, 0.0, 0.0, 0.0, 0.0, 1.741146865969802E9, 0.0, 2025-03-04 21:54:25.969
174.0, -30930.32162550946, -10637.016372324988, -6632.880167112371, 17198.080384502457, -27260.947497003974, 10863.372488423884, 8134.448007875444, 29011.35730878798, 31717.237140802998, 766.2848551612921, -5968.206342244905, 27338.016311885873, -9721.935954324717, -4129.328325906793, 2404.9359446687636, 5004.287362609788, -0.03084124755859375, 0.8998895263671876, 0.4066295776367188, 192.0, 0.0, 0.0, 0.0, 0.0, 0.0, 0.0, 0.0, 0.0, 0.0, 1.74114686597002E9, 0.0, 2025-03-04 21:54:25.970
176.0, -30927.17002954126, -10640.458540971105, -6638.2669375261, 17212.877239331872, -27103.524160805246, 10874.324843206983, 8132.101074707637, 29014.061869867073, 31800.318574943376, 776.0972709771718, -5942.188911698927, 27352.209669614993, -9701.126480236826, -4101.075720915284, 2410.054494149029, 5019.330086628209, -0.029420623779296877, 0.8989447631835938, 0.4093147888183594, 192.0, 127.5, 16.0, 14.0, 8.0, 6.0, 112.0, 0.0, 0.0, 0.0, 1.741146865970245E9, 0.0, 2025-03-04 21:54:25.970
178.0, -30929.606369686888, -10644.951241606623, -6635.450617724731, 17198.54977113602, -27280.058238513262, 10850.76610455109, 8102.619123771086, 29000.941395871807, 31767.573269316348, 766.0166342278284, -5948.983842013341, 27341.726701465454, -9713.196422242692, -4114.777340266388, 2407.6405057478555, 5036.8985577700805, -0.029420623779296877, 0.8989447631835938, 0.4093147888183594, 192.0, 0.0, 0.0, 0.0, 0.0, 0.0, 0.0, 0.0, 0.0, 0.0, 1.741146866027452E9, 0.0, 2025-03-04 21:54:26.027
180.0, -30928.77935514204, -10647.745209663535, -6640.680925927273, 17208.093966018434, -27111.995471953807, 10848.709744061201, 8111.448062830933, 29002.01427960566, 31814.422525694674, 768.2741604178144, -5936.288051162726, 27343.64895148861, -9694.10803247786, -4121.751084536443, 2419.6433925203555, 5042.106514228167, -0.029420623779296877, 0.8989447631835938, 0.4093147888183594, 192.0, 0.0, 0.0, 0.0, 0.0, 0.0, 0.0, 0.0, 0.0, 0.0, 1.741146866027723E9, 0.0, 2025-03-04 21:54:26.027
182.0, -30948.6053524739, -10654.517788233494, -6653.3990685223425, 17183.462343628686, -27253.4820143559, 10818.154909390798, 8118.533565823265, 28988.44677072129, 31785.119388713767, 755.6007213116552, -5956.091696750128, 27328.98620712593, -9716.929163566729, -4132.39051489717, 2403.907764423819, 5035.110418213656, -0.029420623779296877, 0.8989447631835938, 0.4093147888183594, 192.0, 0.0, 0.0, 0.0, 0.0, 0.0, 0.0, 0.0, 0.0, 0.0, 1.741146866027964E9, 0.0, 2025-03-04 21:54:26.027
184.0, -30916.284729991527, -10631.24962225552, -6626.889899598348, 17228.61286742841, -27143.623190358066, 10888.697014891746, 8120.925202479983, 29002.729535428232, 31804.25248196751, 761.836858014686, -5945.7875425562315, 27339.916210164574, -9719.186689756714, -4124.947383993553, 2410.7697499715987, 5044.296985184787, -0.029420623779296877, 0.8989447631835938, 0.4093147888183594, 192.0, 0.0, 0.0, 0.0, 0.0, 0.0, 0.0, 0.0, 0.0, 0.0, 1.7411468660282E9, 0.0, 2025-03-04 21:54:26.028
186.0, -30922.63262541683, -10629.416779210183, -6622.821882107482, 17219.471003946186, -27250.57628757671, 10866.077049502976, 8089.610408498098, 28992.000698089683, 31841.892819630248, 784.769747825831, -5930.968335982363, 27358.803434229307, -9698.287808691002, -4105.14373840615, 2431.266299637115, 5060.949034803991, -0.032710311889648444, 0.898472381591797, 0.4106573944091797, 192.0, 127.0, 112.0, 14.0, 8.0, 6.0, 112.0, 0.0, 0.0, 0.0, 1.741146866028422E9, 0.0, 2025-03-04 21:54:26.028
188.0, -30924.35370973989, -10634.58003217936, -6631.583765933963, 17226.489451705154, -27132.872001275064, 10868.871017559888, 8094.304274833713, 28989.340840499503, 31853.247505813542, 786.513183893345, -5927.8837952475305, 27362.782044742355, -9718.896117078795, -4094.839584212254, 2410.1886046157606, 5058.959729547469, -0.032710311889648444, 0.898472381591797, 0.4106573944091797, 192.0, 0.0, 0.0, 0.0, 0.0, 0.0, 0.0, 0.0, 0.0, 0.0, 1.741146866028656E9, 0.0, 2025-03-04 21:54:26.028
190.0, -30931.17099179876, -10638.692753159137, -6634.489492713153, 17201.991939782136, -27197.870874151096, 10854.364735408395, 8072.846600156618, 28989.7431718997, 31860.936505906167, 767.3353871506914, -5941.831283787642, 27349.75097772491, -9714.738692610108, -4120.1417589356615, 2418.592860530956, 5037.010316492358, -0.032710311889648444, 0.898472381591797, 0.4106573944091797, 192.0, 0.0, 0.0, 0.0, 0.0, 0.0, 0.0, 0.0, 0.0, 0.0, 1.741146866028872E9, 0.0, 2025-03-04 21:54:26.028
192.0, -30926.722994652155, -10641.263203771498, -6638.713972415206, 17207.44576542923, -27141.298608934714, 10838.450293356216, 8086.5258677632655, 28975.25924149266, 31879.13082589279, 773.1021372201607, -5930.208376670883, 27356.344742339224, -9705.708587850164, -4115.604354811234, 2416.2906308520596, 5043.38056366212, -0.032710311889648444, 0.898472381591797, 0.4106573944091797, 192.0, 0.0, 0.0, 0.0, 0.0, 0.0, 0.0, 0.0, 0.0, 0.0, 1.741146866087614E9, 0.0, 2025-03-04 21:54:26.087
194.0, -30932.69091042172, -10638.066904314388, -6635.875300869382, 17202.34956769342, -27173.641583161545, 10870.078011760475, 8112.029208186771, 28977.382657215912, 31902.957785482144, 760.0710702027167, -5945.295804178215, 27345.012407900384, -9722.248878747092, -4146.159189481639, 2397.8727934208864, 5026.929679743013, -0.032710311889648444, 0.898472381591797, 0.4106573944091797, 192.0, 0.0, 0.0, 0.0, 0.0, 0.0, 0.0, 0.0, 0.0, 0.0, 1.741146866087929E9, 0.0, 2025-03-04 21:54:26.087
196.0, -30940.156393069792, -10654.942471378145, -6651.02978361008, 17205.322349705977, -27147.981780526854, 10848.48622661665, 8088.425766041967, 28966.92204081083, 31877.610907269827, 767.5589045952445, -5943.865292533075, 27354.333085338247, -9727.45683520518, -4109.323514619293, 2421.453883821235, 5038.552586859773, -0.03335515594482422, 0.8982361907958984, 0.41232869720458987, 192.0, 127.0, 120.0, 14.0, 8.0, 6.0, 120.0, 0.0, 0.0, 0.0, 1.741146866088148E9, 0.0, 2025-03-04 21:54:26.088
198.0, -30946.280771050548, -10661.580939481371, -6649.822789409493, 17187.93269251975, -27129.005149484296, 10848.530930105559, 8048.192626022414, 28969.671305378833, 31914.02189898752, 748.3587561081358, -5956.114048494584, 27341.614942743177, -9741.806655145485, -4133.686916075578, 2404.891241179853, 5018.771293016826, -0.03335515594482422, 0.8982361907958984, 0.41232869720458987, 192.0, 0.0, 0.0, 0.0, 0.0, 0.0, 0.0, 0.0, 0.0, 0.0, 1.741146866088388E9, 0.0, 2025-03-04 21:54:26.088
200.0, -30949.23120131865, -10660.999794125533, -6659.545798247552, 17197.253369957612, -27150.88750730604, 10858.879787788366, 8056.64158542652, 28948.280685935104, 31857.15906109322, 744.2236833839039, -5969.212170745393, 27330.461422259978, -9723.075893291938, -4132.189349197072, 2407.6628574923106, 5020.447673850975, -0.03335515594482422, 0.8982361907958984, 0.41232869720458987, 192.0, 0.0, 0.0, 0.0, 0.0, 0.0, 0.0, 0.0, 0.0, 0.0, 1.741146866088637E9, 0.0, 2025-03-04 21:54:26.088
202.0, -30932.825020888453, -10644.951241606623, -6638.892786370849, 17206.283474717555, -27097.824465969145, 10873.497828662137, 8085.922370662973, 28966.653819877367, 31929.80223057297, 756.7183085344207, -5952.671879848466, 27347.560506768288, -9720.728960124132, -4124.76857003791, 2409.6521627488332, 5021.028819206813, -0.03335515594482422, 0.8982361907958984, 0.41232869720458987, 192.0, 0.0, 0.0, 0.0, 0.0, 0.0, 0.0, 0.0, 0.0, 0.0, 1.741146866088847E9, 0.0, 2025-03-04 21:54:26.088
204.0, -30941.519849481567, -10648.616927697292, -6645.397144007343, 17208.65275962982, -27160.074074277174, 10877.431735686272, 8058.78735289423, 28948.995941757676, 31873.028799656488, 760.026366713806, -5965.904112566008, 27346.107643378695, -9713.710512365165, -4102.595639538245, 2412.7814069725764, 5033.6128513351505, -0.03335515594482422, 0.8982361907958984, 0.41232869720458987, 192.0, 0.0, 0.0, 0.0, 0.0, 0.0, 0.0, 0.0, 0.0, 0.0, 1.741146866089069E9, 0.0, 2025-03-04 21:54:26.089
206.0, -30943.97854137165, -10655.881244645268, -6646.335917274466, 17192.760669322095, -27091.9459571774, 10862.746639579134, 8038.871948584551, 28949.331217924504, 31940.911047567257, 760.67456730301, -5953.543597882223, 27355.69654175002, -9716.124500766338, -4121.616974069711, 2421.2303663766825, 5028.807226277259, -0.03467757797241211, 0.8981180953979493, 0.41216434860229495, 192.0, 127.0, 112.0, 14.0, 8.0, 6.0, 112.0, 0.0, 0.0, 0.0, 1.741146866089302E9, 0.0, 2025-03-04 21:54:26.089
208.0, -30945.2525908056, -10665.403087783228, -6657.020051124103, 17184.669337829273, -27182.694039665945, 10851.034325484554, 8023.181023976926, 28945.82199404502, 31863.417549540707, 737.7640292363202, -5979.873952850575, 27330.5508292378, -9729.893175350808, -4141.5100266349355, 2401.4714242781906, 5013.004542947358, -0.03467757797241211, 0.8981180953979493, 0.41216434860229495, 192.0, 0.0, 0.0, 0.0, 0.0, 0.0, 0.0, 0.0, 0.0, 0.0, 1.74114686614665E9, 0.0, 2025-03-04 21:54:26.146
210.0, -30932.959131355183, -10641.285555515953, -6644.637184695863, 17191.128991976857, -27090.26957634325, 10864.601834368925, 8050.628966168042, 28948.884183035396, 31940.642826633793, 745.900064218052, -5956.56108338369, 27346.755843967898, -9707.474375662134, -4131.898776519153, 2410.4791772936796, 5013.250412136365, -0.03467757797241211, 0.8981180953979493, 0.41216434860229495, 192.0, 0.0, 0.0, 0.0, 0.0, 0.0, 0.0, 0.0, 0.0, 0.0, 1.741146866146917E9, 0.0, 2025-03-04 21:54:26.146
212.0, -30941.16222157028, -10648.661631186204, -6655.231911567678, 17190.21257045419, -27215.774621459797, 10870.547398394037, 8053.110009802582, 28942.960970754742, 31886.573956796405, 756.5171428343228, -5961.8137433306865, 27350.84621320322, -9720.863070590864, -4104.406130839126, 2408.042837148051, 5025.94620298698, -0.03467757797241211, 0.8981180953979493, 0.41216434860229495, 192.0, 0.0, 0.0, 0.0, 0.0, 0.0, 0.0, 0.0, 0.0, 0.0, 1.741146866147134E9, 0.0, 2025-03-04 21:54:26.147
214.0, -30936.6024657014, -10646.091180573843, -6654.404897022831, 17185.764573307584, -27049.030607823206, 10864.53477913556, 8016.050817495682, 28919.20106639875, 31959.66416116526, 747.8223142412083, -5956.56108338369, 27350.08625389174, -9720.661904890765, -4123.203947926038, 2395.525860253079, 5009.696484767972, -0.03467757797241211, 0.8981180953979493, 0.41216434860229495, 192.0, 0.0, 0.0, 0.0, 0.0, 0.0, 0.0, 0.0, 0.0, 0.0, 1.741146866147349E9, 0.0, 2025-03-04 21:54:26.147
216.0, -30939.575247713954, -10648.192244552642, -6652.12501908839, 17182.031831983546, -27203.503513753836, 10851.526063862571, 8022.152843731981, 28941.373996898415, 31895.06761968942, 743.1731513945045, -5965.948816054919, 27343.35837881069, -9724.148777025794, -4130.512968362924, 2412.3790755723808, 5016.111435426645, -0.032338788986206055, 0.8980590476989747, 0.41108217430114746, 192.0, 127.5, 8.0, 14.0, 8.0, 6.0, 104.0, 0.0, 0.0, 0.0, 1.74114686614756E9, 0.0, 2025-03-04 21:54:26.147
218.0, -30949.6558844633, -10658.988137124556, -6662.473876771197, 17180.176637193756, -27047.667151411435, 10869.474514660182, 8016.050817495682, 28925.303092635048, 31953.22685876213, 745.9447677069626, -5962.484295664346, 27348.141652124126, -9717.01857054455, -4129.618898584712, 2397.269296320593, 5010.031760934801, -0.032338788986206055, 0.8980590476989747, 0.41108217430114746, 192.0, 0.0, 0.0, 0.0, 0.0, 0.0, 0.0, 0.0, 0.0, 0.0, 1.741146866147799E9, 0.0, 2025-03-04 21:54:26.147
220.0, -30943.196230315716, -10656.551796978927, -6650.448638254242, 17176.57800633645, -27197.893225895554, 10860.422058155782, 8011.289895926702, 28926.666549046822, 31886.037514929478, 732.7795902227867, -5975.761231870799, 27333.121279850162, -9710.938896052707, -4119.650020557645, 2402.1196248673946, 5002.096891653167, -0.032338788986206055, 0.8980590476989747, 0.41108217430114746, 192.0, 0.0, 0.0, 0.0, 0.0, 0.0, 0.0, 0.0, 0.0, 0.0, 1.741146866148024E9, 0.0, 2025-03-04 21:54:26.148
222.0, -30947.30895129549, -10659.234006313563, -6656.1036296014345, 17177.78500053704, -27006.696403824855, 10869.452162915726, 7994.771956774231, 28913.456668073737, 31953.830355862425, 743.5084275613341, -5961.32200495267, 27346.37586431216, -9725.221660759647, -4113.682104788078, 2408.042837148051, 5005.851984721659, -0.032338788986206055, 0.8980590476989747, 0.41108217430114746, 192.0, 0.0, 0.0, 0.0, 0.0, 0.0, 0.0, 0.0, 0.0, 0.0, 1.741146866208078E9, 0.0, 2025-03-04 21:54:26.208
224.0, -30948.627704218354, -10655.657727200714, -6658.875245913893, 17171.63827081183, -27199.748420685344, 10864.378316924372, 8016.654314595976, 28913.367261095915, 31901.393163370274, 735.1712268795046, -5976.2529702488155, 27337.591628741222, -9726.629820660331, -4114.9785059664855, 2405.472386535691, 5003.437996320486, -0.032338788986206055, 0.8980590476989747, 0.41108217430114746, 192.0, 0.0, 0.0, 0.0, 0.0, 0.0, 0.0, 0.0, 0.0, 0.0, 1.741146866208339E9, 0.0, 2025-03-04 21:54:26.208
226.0, -30949.968808885675, -10670.767506452503, -6670.721670475205, 17168.374916121356, -27015.234770206782, 10857.315165676495, 7990.279256138713, 28911.221493628203, 31963.888640867313, 733.1819216229823, -5964.115973009583, 27343.35837881069, -9735.458759720179, -4125.528529349391, 2395.101177108428, 5001.538098041785, -0.031169394493103027, 0.8990295238494874, 0.40954108715057375, 192.0, 127.5, 8.0, 14.0, 16.0, 6.0, 96.0, 0.0, 0.0, 0.0, 1.741146866208566E9, 0.0, 2025-03-04 21:54:26.208
228.0, -30940.335207025437, -10648.035782341454, -6654.024917367091, 17174.141666190822, -27162.577469656168, 10874.078974017975, 8012.988628505305, 28931.025139215606, 31909.88682626329, 731.9302239334851, -5981.662092406999, 27327.68980594752, -9712.794090842497, -4120.3205728913035, 2404.3100958240148, 4996.196031116967, -0.031169394493103027, 0.8990295238494874, 0.40954108715057375, 192.0, 0.0, 0.0, 0.0, 0.0, 0.0, 0.0, 0.0, 0.0, 0.0, 1.741146866208806E9, 0.0, 2025-03-04 21:54:26.208
230.0, -30941.341035525926, -10658.518750490994, -6661.2221790817, 17173.91814874627, -27005.288243924173, 10856.488151131649, 7994.1908114183925, 28905.141819136363, 31962.52518445554, 747.1964653964598, -5960.159714240995, 27349.03572190234, -9708.591962884899, -4134.9386137650745, 2400.175023099783, 4997.537135784285, -0.031169394493103027, 0.8990295238494874, 0.40954108715057375, 192.0, 0.0, 0.0, 0.0, 0.0, 0.0, 0.0, 0.0, 0.0, 0.0, 1.741146866209046E9, 0.0, 2025-03-04 21:54:26.209
232.0, -30939.12821282485, -10649.376887008773, -6657.623548224396, 17174.476942357654, -27156.587202142146, 10863.39484016834, 7968.508657039244, 28884.131179348373, 31935.434870175704, 739.3733548371023, -5976.051804548718, 27339.715044464476, -9717.86793683385, -4104.33907560576, 2401.3820173003696, 5000.688731752483, -0.031169394493103027, 0.8990295238494874, 0.40954108715057375, 192.0, 0.0, 0.0, 0.0, 0.0, 0.0, 0.0, 0.0, 0.0, 0.0, 1.741146866209264E9, 0.0, 2025-03-04 21:54:26.209
234.0, -30947.018378617573, -10659.368116780295, -6670.1852286082785, 17173.135837690334, -27010.09386898206, 10857.896311032333, 7965.781744215697, 28883.10299910343, 31965.47561472364, 746.6153200406218, -5965.837057332642, 27346.733492223444, -9714.090492020905, -4125.305011904838, 2400.242078333149, 4997.045397406268, -0.031169394493103027, 0.8990295238494874, 0.40954108715057375, 192.0, 0.0, 0.0, 0.0, 0.0, 0.0, 0.0, 0.0, 0.0, 0.0, 1.74114686620948E9, 0.0, 2025-03-04 21:54:26.209
236.0, -30955.333227554947, -10662.631471470771, -6676.600179266951, 17158.629555538842, -27112.21898939836, 10846.116941704386, 7961.803133702652, 28890.702592218233, 31960.33471349892, 732.8019419672421, -5978.957531327907, 27332.875410661152, -9710.78243384152, -4112.452758843036, 2389.3791305278696, 4997.067749150723, -0.03258469724655151, 0.8995147619247437, 0.40677054357528686, 192.0, 127.0, 120.0, 14.0, 16.0, 6.0, 80.0, 0.0, 0.0, 0.0, 1.741146866209687E9, 0.0, 2025-03-04 21:54:26.209
238.0, -30951.17580308626, -10675.126096621287, -6683.596275281463, 17158.87542472785, -27017.134668485483, 10837.980906722654, 7957.1539708559485, 28874.162301321307, 31962.033446077523, 721.0002208948399, -5979.359862728103, 27324.40409951259, -9726.562765426967, -4131.071761974306, 2383.053586847018, 4987.814126946227, -0.03258469724655151, 0.8995147619247437, 0.40677054357528686, 192.0, 0.0, 0.0, 0.0, 0.0, 0.0, 0.0, 0.0, 0.0, 0.0, 1.741146866267144E9, 0.0, 2025-03-04 21:54:26.267
240.0, -30933.495573222113, -10647.76756140799, -6653.823751666993, 17169.87248299986, -27120.33267263564, 10848.620337083381, 7983.059642679649, 28921.81622050002, 31989.61549873537, 728.1974826094488, -5971.492048679835, 27334.64119847312, -9718.694951378699, -4126.109674705229, 2392.195450329238, 4997.000693917357, -0.03258469724655151, 0.8995147619247437, 0.40677054357528686, 192.0, 0.0, 0.0, 0.0, 0.0, 0.0, 0.0, 0.0, 0.0, 0.0, 1.741146866267429E9, 0.0, 2025-03-04 21:54:26.267
242.0, -30937.764756413075, -10661.916215648202, -6664.194961094256, 17185.49635237412, -27051.31048575765, 10875.554189152026, 7961.870188936018, 28882.343039791947, 31985.56983298896, 733.740715234365, -5967.3346242111475, 27342.240791587927, -9703.853393060373, -4115.202023411039, 2412.6696482503, 5013.026894691813, -0.03258469724655151, 0.8995147619247437, 0.40677054357528686, 192.0, 0.0, 0.0, 0.0, 0.0, 0.0, 0.0, 0.0, 0.0, 0.0, 1.741146866267653E9, 0.0, 2025-03-04 21:54:26.267
244.0, -30948.024207118062, -10662.9667476376, -6675.504943788642, 17171.86178825638, -27086.916814674954, 10865.384145424861, 7968.0169186612275, 28874.542280977046, 32018.24808338262, 730.4997122883454, -5969.033356789751, 27342.50901252139, -9698.44427090219, -4108.742369263455, 2392.843650918442, 5016.379656360109, -0.03258469724655151, 0.8995147619247437, 0.40677054357528686, 192.0, 0.0, 0.0, 0.0, 0.0, 0.0, 0.0, 0.0, 0.0, 0.0, 1.741146866267886E9, 0.0, 2025-03-04 21:54:26.267
246.0, -30940.089337836427, -10662.296195303941, -6671.571036764507, 17172.755858034594, -27070.667096455945, 10845.938127748745, 7935.0257438451945, 28865.57923145047, 31989.23551907963, 730.8573401996304, -5978.018758060784, 27336.74226245192, -9735.056428319982, -4124.9026805046415, 2385.1546508258166, 5006.768406244327, -0.03329234862327576, 0.8997573809623718, 0.40438527178764344, 192.0, 127.0, 120.0, 14.0, 16.0, 6.0, 72.0, 0.0, 0.0, 0.0, 1.741146866268124E9, 0.0, 2025-03-04 21:54:26.268
248.0, -30942.100994837405, -10656.417686512195, -6664.50788551663, 17170.408924866788, -27058.083064327606, 10874.637767629358, 7927.4708542193, 28869.982525108164, 32045.20428719572, 738.546340292256, -5968.698080622921, 27344.341855566723, -9679.735860793098, -4115.067912944307, 2405.405331302325, 5007.483662066897, -0.03329234862327576, 0.8997573809623718, 0.40438527178764344, 192.0, 0.0, 0.0, 0.0, 0.0, 0.0, 0.0, 0.0, 0.0, 0.0, 1.741146866268357E9, 0.0, 2025-03-04 21:54:26.268
250.0, -30940.55872446999, -10670.275768074485, -6673.962673421225, 17163.345773618912, -27069.370695277536, 10842.09362770243, 7929.750732153742, 28864.551051205523, 32001.104295385398, 725.5823285081779, -5980.678615650966, 27335.714082206978, -9726.585117171422, -4120.9687734805075, 2394.363569541403, 4999.70525499645, -0.03329234862327576, 0.8997573809623718, 0.40438527178764344, 192.0, 0.0, 0.0, 0.0, 0.0, 0.0, 0.0, 0.0, 0.0, 0.0, 1.741146866268584E9, 0.0, 2025-03-04 21:54:26.268
252.0, -30944.000893116106, -10657.49057024605, -6671.883961186882, 17155.81323573747, -26997.666299064913, 10851.168435951286, 7926.420322229901, 28858.538431947047, 32068.96419155171, 716.5075202593232, -5973.056670791706, 27334.909419406584, -9710.4918611636, -4143.588738869278, 2389.490889250146, 4994.542002027274, -0.03329234862327576, 0.8997573809623718, 0.40438527178764344, 192.0, 0.0, 0.0, 0.0, 0.0, 0.0, 0.0, 0.0, 0.0, 0.0, 1.741146866327385E9, 0.0, 2025-03-04 21:54:26.327
254.0, -30932.914427866275, -10651.276785287475, -6667.257150084633, 17170.319517888965, -27063.17926206342, 10861.986680267653, 7915.155043024426, 28848.167222519784, 32026.786449764546, 738.2781193587923, -5972.475525435869, 27344.811242200285, -9700.165355225248, -4117.124273434195, 2396.3528747979253, 5007.573069044718, -0.03329234862327576, 0.8997573809623718, 0.40438527178764344, 192.0, 0.0, 0.0, 0.0, 0.0, 0.0, 0.0, 0.0, 0.0, 0.0, 1.741146866327697E9, 0.0, 2025-03-04 21:54:26.327
0.0, -30953.969771143173, -10674.008509398522, -6692.13464166339, 17145.911412943773, -26968.81019697311, 10828.459063584694, 7928.230813530781, 28840.210001493695, 32097.68618317678, 732.868997200608, -5974.062499292195, 27342.821936943765, -9719.20904150117, -4108.071816929796, 2376.012787343596, 4998.2747433513105, -0.034646174311637884, 0.8988786904811858, 0.4041926358938217, 192.0, 127.0, 112.0, 14.0, 8.0, 6.0, 80.0, 0.0, 0.0, 0.0, 1.741146866327923E9, 0.0, 2025-03-04 21:54:26.327
2.0, -30926.41007022978, -10657.691735946148, -6664.150257605345, 17161.78115150704, -27088.548492020192, 10849.737924306146, 7901.878106817974, 28846.04380679653, 32035.570685335482, 717.3568865486249, -5986.981807587363, 27325.991073368918, -9714.06814027645, -4133.306936419837, 2388.4403572607466, 4989.356397313642, -0.034646174311637884, 0.8988786904811858, 0.4041926358938217, 192.0, 0.0, 0.0, 0.0, 0.0, 0.0, 0.0, 0.0, 0.0, 0.0, 1.741146866328152E9, 0.0, 2025-03-04 21:54:26.328
4.0, -30938.480012235646, -10656.708259190114, -6672.353347820444, 17161.177654406747, -26948.33599905205, 10867.552264637026, 7909.27653423268, 28850.648266154323, 32131.236151604196, 734.0983431456499, -5959.690327607433, 27350.421530058567, -9709.821308829942, -4129.909471262631, 2405.76295921361, 5005.360246343643, -0.034646174311637884, 0.8988786904811858, 0.4041926358938217, 192.0, 0.0, 0.0, 0.0, 0.0, 0.0, 0.0, 0.0, 0.0, 0.0, 1.741146866328366E9, 0.0, 2025-03-04 21:54:26.328
6.0, -30935.283712778535, -10656.82001791239, -6670.408746052832, 17162.518759074064, -27094.449352556392, 10854.141217963841, 7909.097720277038, 28853.576344677967, 32071.44523518625, 728.1751308649934, -5975.627121404067, 27337.569276996768, -9720.550146168489, -4107.401264596137, 2389.692054950244, 5006.053150421757, -0.034646174311637884, 0.8988786904811858, 0.4041926358938217, 192.0, 0.0, 0.0, 0.0, 0.0, 0.0, 0.0, 0.0, 0.0, 0.0, 1.741146866328591E9, 0.0, 2025-03-04 21:54:26.328
8.0, -30960.541184013033, -10681.719861235602, -6695.80032775406, 17138.78120646253, -26917.445888214814, 10830.023685696566, 7894.256161958714, 28819.020547750064, 32145.675378522323, 717.4909970153567, -5974.017795803285, 27339.98326539794, -9725.825157859941, -4124.43329387108, 2386.5181072375904, 4987.501202523852, -0.034646174311637884, 0.8988786904811858, 0.4041926358938217, 192.0, 0.0, 0.0, 0.0, 0.0, 0.0, 0.0, 0.0, 0.0, 0.0, 1.741146866328802E9, 0.0, 2025-03-04 21:54:26.328
10.0, -30938.412957002278, -10668.10764886232, -6678.298911845554, 17149.845319967906, -27069.840081911098, 10851.503712118116, 7917.703141892332, 28847.04963529702, 32078.128406778385, 705.4657584984016, -5992.972075101385, 27328.02508211435, -9731.21192827367, -4149.9589860390415, 2384.1488223253277, 4993.55852527124, -0.03432308715581894, 0.8994393452405929, 0.40309631794691086, 192.0, 127.0, 120.0, 14.0, 16.0, 6.0, 72.0, 0.0, 0.0, 0.0, 1.741146866329029E9, 0.0, 2025-03-04 21:54:26.329
12.0, -30940.13404132534, -10663.369079037795, -6673.56034202103, 17157.623727038354, -26888.075696000542, 10870.77091583859, 7884.980188009762, 28828.005949021095, 32160.986323474208, 722.9448226624517, -5971.447345190924, 27346.062939889784, -9707.452023917678, -4125.975564238496, 2392.195450329238, 5006.477833566408, -0.03432308715581894, 0.8994393452405929, 0.40309631794691086, 192.0, 0.0, 0.0, 0.0, 0.0, 0.0, 0.0, 0.0, 0.0, 0.0, 1.741146866388964E9, 0.0, 2025-03-04 21:54:26.388
14.0, -30945.096128594418, -10665.82777092788, -6677.851876956449, 17153.488654314122, -27058.708913172355, 10860.220892455685, 7877.291187917136, 28824.429669908248, 32116.0816688635, 725.5823285081779, -5981.170354028983, 27340.20678284249, -9696.454965645667, -4120.05235195784, 2397.5151655096015, 5010.009409190347, -0.03432308715581894, 0.8994393452405929, 0.40309631794691086, 192.0, 0.0, 0.0, 0.0, 0.0, 0.0, 0.0, 0.0, 0.0, 0.0, 1.741146866389197E9, 0.0, 2025-03-04 21:54:26.389
16.0, -30954.953247899208, -10682.166896124709, -6694.1910021532785, 17139.988200663116, -26855.12922467342, 10831.610659552893, 7875.74891754972, 28805.56479758797, 32182.46634989576, 716.0157818813065, -5980.075118550672, 27337.770442696863, -9739.3479632554, -4148.0814395047955, 2375.2528280321158, 4988.976417657902, -0.03432308715581894, 0.8994393452405929, 0.40309631794691086, 192.0, 0.0, 0.0, 0.0, 0.0, 0.0, 0.0, 0.0, 0.0, 0.0, 1.741146866389423E9, 0.0, 2025-03-04 21:54:26.389
18.0, -30942.928009382253, -10664.687831960659, -6673.068603643013, 17145.01734316556, -27014.8771422955, 10853.738886563646, 7850.670260270866, 28810.41512613477, 32138.522820296625, 717.5804039931779, -5989.485202966357, 27336.11641360717, -9721.108939779871, -4127.33902065027, 2388.1944880717383, 4996.6877694949835, -0.03432308715581894, 0.8994393452405929, 0.40309631794691086, 192.0, 0.0, 0.0, 0.0, 0.0, 0.0, 0.0, 0.0, 0.0, 0.0, 1.741146866389663E9, 0.0, 2025-03-04 21:54:26.389
20.0, -30956.31670431098, -10681.406936813228, -6689.072452673013, 17142.71511348666, -26833.470384296226, 10842.00422072461, 7842.198949122304, 28791.21497764766, 32199.408972192883, 719.4132470385131, -5978.108165038606, 27347.4040445571, -9719.521965923544, -4128.657773573133, 2387.076900848973, 4998.095929395668, -0.036161543577909475, 0.8977196726202965, 0.4055481589734554, 192.0, 127.0, 104.0, 14.0, 0.0, 6.0, 96.0, 0.0, 0.0, 0.0, 1.741146866389886E9, 0.0, 2025-03-04 21:54:26.389
22.0, -30958.46247177869, -10685.20673337063, -6688.446603828264, 17118.798746919485, -26972.744103997244, 10818.065502412976, 7851.921957960362, 28801.675594052744, 32155.197221660284, 697.195613049938, -6013.133348600072, 27320.961930866473, -9738.990335344117, -4159.614939643734, 2364.9710255826744, 4979.856905920137, -0.036161543577909475, 0.8977196726202965, 0.4055481589734554, 192.0, 0.0, 0.0, 0.0, 0.0, 0.0, 0.0, 0.0, 0.0, 0.0, 1.741146866390114E9, 0.0, 2025-03-04 21:54:26.390
24.0, -30939.284675036037, -10669.471105274095, -6671.682795486784, 17141.776340219538, -26816.21483757673, 10868.423982670784, 7869.602187824511, 28795.953547472185, 32208.37202171946, 718.608584238122, -5984.947798841929, 27343.045454388317, -9717.934992067218, -4128.523663106402, 2381.4889647351465, 4992.262124092833, -0.036161543577909475, 0.8977196726202965, 0.4055481589734554, 192.0, 0.0, 0.0, 0.0, 0.0, 0.0, 0.0, 0.0, 0.0, 0.0, 1.741146866390333E9, 0.0, 2025-03-04 21:54:26.390
26.0, -30949.924105396763, -10673.427364042684, -6680.377624079898, 17123.939648144205, -26958.081359634565, 10852.397781896327, 7838.868539198464, 28777.26748910755, 32199.61013789298, 718.0497906267394, -5992.972075101385, 27340.318541564768, -9710.693026863699, -4136.05620098784, 2383.4782699916686, 4997.425377062008, -0.036161543577909475, 0.8977196726202965, 0.4055481589734554, 192.0, 0.0, 0.0, 0.0, 0.0, 0.0, 0.0, 0.0, 0.0, 0.0, 1.741146866447951E9, 0.0, 2025-03-04 21:54:26.447
28.0, -30945.766680928074, -10678.769430967503, -6678.433022312287, 17124.900773155783, -26828.485945282693, 10833.555261320504, 7812.337018530014, 28784.151826399786, 32226.05225158361, 710.8525289121305, -5994.715511168899, 27334.21651532847, -9722.695913636198, -4149.042564516373, 2370.4248512297695, 4984.528420511297, -0.036161543577909475, 0.8977196726202965, 0.4055481589734554, 192.0, 0.0, 0.0, 0.0, 0.0, 0.0, 0.0, 0.0, 0.0, 0.0, 1.741146866448275E9, 0.0, 2025-03-04 21:54:26.448
30.0, -30944.917314638773, -10665.201922083132, -6669.4252692967975, 17126.465395267653, -26950.414711286394, 10854.945880764233, 7835.426370552346, 28784.6435647778, 32235.216466810285, 717.4686452709014, -5993.955551857419, 27341.12320436516, -9711.073006519438, -4133.664564331122, 2385.4228717592805, 4999.034702662791, -0.039080771788954735, 0.8958598363101482, 0.4087740794867277, 192.0, 127.0, 88.0, 13.5, 120.0, 6.0, 112.0, 0.0, 0.0, 0.0, 1.741146866448485E9, 0.0, 2025-03-04 21:54:26.448
32.0, -30941.497497737113, -10679.35057632334, -6673.873266443404, 17127.180651090224, -26851.17296590483, 10845.401685881816, 7805.452681237779, 28768.863233192355, 32246.19117333784, 718.4297702824796, -5987.048862820729, 27345.12416662266, -9720.97482931314, -4121.7287327919885, 2386.987493871152, 4995.234906105388, -0.039080771788954735, 0.8958598363101482, 0.4087740794867277, 192.0, 0.0, 0.0, 0.0, 0.0, 0.0, 0.0, 0.0, 0.0, 0.0, 1.741146866448726E9, 0.0, 2025-03-04 21:54:26.448
34.0, -30945.856087905897, -10665.626605227782, -6671.168705364312, 17121.72682544313, -26935.841373901534, 10856.242281942641, 7841.7519142331985, 28790.343259613903, 32267.894717203944, 715.4793400143791, -5989.4628512219015, 27344.475966033457, -9707.072044261939, -4128.121331706207, 2387.635694460356, 5000.688731752483, -0.039080771788954735, 0.8958598363101482, 0.4087740794867277, 192.0, 0.0, 0.0, 0.0, 0.0, 0.0, 0.0, 0.0, 0.0, 0.0, 1.741146866448974E9, 0.0, 2025-03-04 21:54:26.448
36.0, -30936.870686634862, -10664.77723893848, -6675.281426344089, 17126.800671434485, -26884.387658165415, 10850.967270251187, 7880.8451152855305, 28793.338393370916, 32264.407845068916, 724.0847616296722, -5984.456060463913, 27350.13095738065, -9702.333474437413, -4128.903642762142, 2377.9797408556633, 5002.521574797818, -0.039080771788954735, 0.8958598363101482, 0.4087740794867277, 192.0, 0.0, 0.0, 0.0, 0.0, 0.0, 0.0, 0.0, 0.0, 0.0, 1.741146866449183E9, 0.0, 2025-03-04 21:54:26.449
38.0, -30942.726843682154, -10670.521637263493, -6673.001548409647, 17115.356578273368, -26914.160181779884, 10861.874921545377, 7792.958056087263, 28763.40940754526, 32306.25031068925, 720.7319999613762, -5979.315159239192, 27353.21549811548, -9710.201288485681, -4129.753009051444, 2367.8767523618644, 5000.196993374467, -0.039080771788954735, 0.8958598363101482, 0.4087740794867277, 192.0, 0.0, 0.0, 0.0, 0.0, 0.0, 0.0, 0.0, 0.0, 0.0, 1.7411468664494E9, 0.0, 2025-03-04 21:54:26.449
40.0, -30932.757965655088, -10673.24855008704, -6676.667234500317, 17122.57619173243, -26895.116495503964, 10841.825406768967, 7806.7714341606425, 28765.73398896861, 32276.63424928597, 711.9924678793511, -5984.456060463913, 27344.967704411472, -9715.252782732581, -4121.527567091891, 2394.564735241501, 4996.978342172903, -0.038540385894477364, 0.8949299181550741, 0.4073870397433639, 192.0, 127.0, 104.0, 13.5, 120.0, 6.0, 88.0, 0.0, 0.0, 0.0, 1.741146866449624E9, 0.0, 2025-03-04 21:54:26.449
42.0, -30942.03393960404, -10670.29811981894, -6678.656539756839, 17108.181668303212, -26881.683097086323, 10852.733058063157, 7800.803518391075, 28762.940020911698, 32332.245389490774, 723.6153749961109, -5978.935179583452, 27350.84621320322, -9711.184765241715, -4128.546014850857, 2383.388863013847, 4985.109565867134, -0.038540385894477364, 0.8949299181550741, 0.4073870397433639, 192.0, 0.0, 0.0, 0.0, 0.0, 0.0, 0.0, 0.0, 0.0, 0.0, 1.741146866506792E9, 0.0, 2025-03-04 21:54:26.506
44.0, -30932.579151699443, -10675.39431755475, -6676.242551355666, 17119.022264364037, -26911.813248612078, 10873.564883895504, 7804.35744575947, 28771.612497760358, 32288.927708736388, 715.546395247745, -5989.932237855463, 27338.820974686263, -9691.381119654312, -4121.549918836346, 2387.3227700379816, 4993.670283993517, -0.038540385894477364, 0.8949299181550741, 0.4073870397433639, 192.0, 0.0, 0.0, 0.0, 0.0, 0.0, 0.0, 0.0, 0.0, 0.0, 1.741146866507081E9, 0.0, 2025-03-04 21:54:26.507
46.0, -30948.4041867738, -10673.717936720603, -6685.049138671057, 17105.387700246298, -26834.632675007902, 10850.631994084359, 7801.921105613841, 28775.41229431776, 32360.810918904655, 714.7640841918093, -5988.546429699234, 27341.972570654463, -9702.266419204047, -4116.498424589447, 2388.9320956387637, 4994.072615393712, -0.038540385894477364, 0.8949299181550741, 0.4073870397433639, 192.0, 0.0, 0.0, 0.0, 0.0, 0.0, 0.0, 0.0, 0.0, 0.0, 1.741146866507299E9, 0.0, 2025-03-04 21:54:26.507
48.0, -30932.35563425489, -10669.672270974192, -6684.400938081853, 17109.47806948162, -26881.124303474942, 10859.10330523292, 7819.556631989078, 28761.889488922297, 32319.057860262143, 708.99733412234, -6000.012874604807, 27331.93663739403, -9720.505442679578, -4132.7034393195445, 2374.828144887465, 4981.51093500983, -0.038540385894477364, 0.8949299181550741, 0.4073870397433639, 192.0, 0.0, 0.0, 0.0, 0.0, 0.0, 0.0, 0.0, 0.0, 0.0, 1.741146866507513E9, 0.0, 2025-03-04 21:54:26.507
50.0, -30940.290503536526, -10669.515808763004, -6687.619589283418, 17106.05825257996, -26781.457874948726, 10854.655308086314, 7785.090242038995, 28748.54549748248, 32400.820541479654, 722.9895261513623, -5981.37151972908, 27347.381692812647, -9690.285884176003, -4100.7180930039995, 2378.2926652780375, 4989.445804291464, -0.03227019294723868, 0.8944649590775371, 0.40169351987168195, 192.0, 127.5, 24.0, 13.5, 120.0, 6.0, 48.0, 0.0, 0.0, 0.0, 1.741146866507729E9, 0.0, 2025-03-04 21:54:26.507
52.0, -30945.297294294513, -10684.06679440341, -6696.157955665345, 17097.22931352011, -26862.862928254955, 10852.151912707319, 7753.887206779386, 28730.26177051804, 32331.48543017929, 698.2014415504267, -6017.558994002223, 27319.196143054505, -9721.019532802049, -4128.680125317589, 2365.820391871976, 4964.79183015726, -0.03227019294723868, 0.8944649590775371, 0.40169351987168195, 192.0, 0.0, 0.0, 0.0, 0.0, 0.0, 0.0, 0.0, 0.0, 0.0, 1.741146866507968E9, 0.0, 2025-03-04 21:54:26.507
54.0, -30936.44600349021, -10670.20871284112, -6688.580714294996, 17108.76281365905, -26713.9556066937, 10851.615470840392, 7769.600483131467, 28747.785538171, 32424.55809409119, 715.0770086141836, -5993.5085169683125, 27338.262181074882, -9698.511326135556, -4117.7948257678545, 2385.5122787371015, 4977.577027985696, -0.03227019294723868, 0.8944649590775371, 0.40169351987168195, 192.0, 0.0, 0.0, 0.0, 0.0, 0.0, 0.0, 0.0, 0.0, 0.0, 1.741146866508191E9, 0.0, 2025-03-04 21:54:26.508
56.0, -30928.421727230758, -10655.30009928943, -6673.336824576477, 17117.368235274345, -26840.60059077747, 10857.315165676495, 7795.461451466257, 28764.191718601196, 32367.158814329963, 711.2772120567813, -6009.467662509402, 27324.18058206804, -9701.707625592664, -4103.780281994376, 2383.724139180677, 4979.4322227754865, -0.03227019294723868, 0.8944649590775371, 0.40169351987168195, 192.0, 0.0, 0.0, 0.0, 0.0, 0.0, 0.0, 0.0, 0.0, 0.0, 1.74114686656713E9, 0.0, 2025-03-04 21:54:26.567
58.0, -30935.753099412097, -10658.898730146735, -6674.610874010429, 17117.77056667454, -26678.908071387777, 10864.847703557934, 7785.358462972458, 28756.323904552926, 32451.983684537852, 727.0798953866835, -5986.557124442712, 27344.386559055634, -9679.065308459438, -4111.8716134871975, 2395.525860253079, 4981.265065820821, -0.03227019294723868, 0.8944649590775371, 0.40169351987168195, 192.0, 0.0, 0.0, 0.0, 0.0, 0.0, 0.0, 0.0, 0.0, 0.0, 1.741146866567388E9, 0.0, 2025-03-04 21:54:26.567
60.0, -30945.83373616144, -10667.884131417768, -6682.4563363142415, 17118.307008541466, -26826.60839874845, 10873.028442028575, 7782.497439682179, 28745.460956747647, 32387.58830876211, 712.6406684685551, -6013.155700344527, 27325.678148946543, -9691.269360932036, -4088.4022818091253, 2391.457842762213, 4988.03764439078, -0.02513509647361934, 0.8992324795387685, 0.39884675993584096, 192.0, 127.5, 56.0, 14.0, 32.0, 6.0, 48.0, 0.0, 0.0, 0.0, 1.741146866567603E9, 0.0, 2025-03-04 21:54:26.567
62.0, -30968.163128872293, -10696.293198620462, -6706.439758114786, 17091.887246595295, -26664.22297528064, 10837.444464855727, 7745.43824737528, 28732.54164845248, 32446.686321101944, 700.2578020403149, -6012.932182899975, 27316.424526742045, -9710.693026863699, -4119.33709613527, 2370.916589607786, 4968.368109270109, -0.02513509647361934, 0.8992324795387685, 0.39884675993584096, 192.0, 0.0, 0.0, 0.0, 0.0, 0.0, 0.0, 0.0, 0.0, 0.0, 1.741146866567846E9, 0.0, 2025-03-04 21:54:26.567
64.0, -30941.96688437067, -10666.364212794806, -6678.500077545653, 17119.156374830767, -26852.26820138314, 10878.8175438425, 7730.350819867947, 28723.623302414813, 32383.095608126598, 686.6902931559436, -6029.450122052446, 27303.862846358163, -9735.302297508992, -4133.016363741918, 2379.6337699453557, 4970.5138767378185, -0.02513509647361934, 0.8992324795387685, 0.39884675993584096, 192.0, 0.0, 0.0, 0.0, 0.0, 0.0, 0.0, 0.0, 0.0, 0.0, 1.741146866568067E9, 0.0, 2025-03-04 21:54:26.568
