240.000000	-11981.451450	4697.956705	-187500.022352	-516.347649	28429.474345	19938.940697	-35671.663066	18992.433726	1968.831059	52083.923171	18635.431663	45632.583872	-14282.362376	2419.956317	-43357.332749	-187500.022352	0.000000	0.000000	0.000000	192.000000	0.000000	0.000000	0.000000	0.000000	0.000000	0.000000	0.000000	0.000000	0.000000	1741979721.561620	0.000000
242.000000	-12008.921744	4665.278454	-187500.022352	-353.381080	28552.073664	20063.506968	-35710.644509	19089.775573	1993.641495	52185.690664	18731.410054	45717.520501	-14250.689954	2458.490724	-43327.806095	-187500.022352	0.000000	0.000000	0.000000	192.000000	0.000000	0.000000	0.000000	0.000000	0.000000	0.000000	0.000000	0.000000	0.000000	1741979721.561898	0.000000
244.000000	-12019.695284	4651.956815	-187500.022352	-452.958101	28480.995116	20006.219447	-35712.857331	19048.804825	1958.213980	52128.246680	18687.086545	45681.981228	-14286.385690	2403.527785	-43316.518464	-187500.022352	0.038000	0.954000	0.270000	192.000000	0.500000	24.000000	14.500000	104.000000	4.000000	56.000000	0.000000	0.000000	0.000000	1741979721.562081	0.000000
246.000000	-11988.112269	4673.660359	-187500.022352	-321.418085	28564.590641	20089.926730	-35716.523017	19109.199239	1981.571553	52212.132777	18761.719020	45759.810002	-14288.017367	2436.586015	-43266.785832	-187500.022352	0.038000	0.954000	0.270000	192.000000	0.000000	0.000000	0.000000	0.000000	0.000000	0.000000	0.000000	0.000000	0.000000	1741979721.562283	0.000000
248.000000	-12008.675874	4693.732225	-187500.022352	-485.345779	28451.557869	19971.216616	-35696.272337	19018.361749	1962.751384	52137.500302	18687.041841	45690.966629	-14297.360396	2440.274053	-43312.808074	-187500.022352	0.038000	0.954000	0.270000	192.000000	0.000000	0.000000	0.000000	0.000000	0.000000	0.000000	0.000000	0.000000	0.000000	1741979721.562469	0.000000
250.000000	-12007.558287	4675.113222	-187500.022352	-326.179007	28564.165957	20085.657547	-35713.572587	19109.109832	1979.381082	52169.306835	18712.925161	45708.423341	-14286.318634	2444.856160	-43310.036458	-187500.022352	0.038000	0.954000	0.270000	192.000000	0.000000	0.000000	0.000000	0.000000	0.000000	0.000000	0.000000	0.000000	0.000000	1741979721.562650	0.000000
252.000000	-12002.305627	4684.076272	-187500.022352	-475.712177	28452.384883	19974.010584	-35687.957488	19023.525002	1955.352957	52165.171762	18725.464490	45726.327089	-14291.012501	2417.162349	-43285.226021	-187500.022352	0.038000	0.954000	0.270000	192.000000	0.000000	0.000000	0.000000	0.000000	0.000000	0.000000	0.000000	0.000000	0.000000	1741979721.562821	0.000000
254.000000	-11989.207505	4700.482452	-187500.022352	-340.394716	28554.979390	20063.618727	-35709.348107	19092.591893	2020.843568	52144.630509	18684.694908	45683.478795	-14276.461515	2445.861989	-43322.620490	-187500.022352	0.046000	0.954000	0.268000	192.000000	0.500000	56.000000	14.500000	104.000000	4.000000	48.000000	0.000000	0.000000	0.000000	1741979721.562999	0.000000
0.000000	-11998.997569	4701.823557	-187500.022352	-509.597422	28430.770747	19928.435377	-35676.580450	18987.516342	1977.861163	52175.498268	18726.425615	45726.930586	-14294.119393	2434.440247	-43297.586536	-187500.022352	0.046000	0.954000	0.268000	192.000000	0.000000	0.000000	0.000000	0.000000	0.000000	0.000000	0.000000	0.000000	0.000000	1741979721.563198	0.000000
2.000000	-11988.738118	4701.980019	-187500.022352	-393.815386	28530.548934	20013.640227	-35694.506549	19057.343192	2000.995219	52092.595648	18621.953562	45616.334154	-14252.165169	2447.605425	-43392.447340	-187500.022352	0.046000	0.954000	0.268000	192.000000	0.000000	0.000000	0.000000	0.000000	0.000000	0.000000	0.000000	0.000000	0.000000	1741979721.563373	0.000000
4.000000	-12023.942116	4692.681693	-187500.022352	-489.793776	28448.406273	19940.773540	-35691.891395	19000.279188	1968.898114	52199.235821	18746.139854	45742.889731	-14288.106774	2437.748306	-43304.694391	-187500.022352	0.046000	0.954000	0.268000	192.000000	0.000000	0.000000	0.000000	0.000000	0.000000	0.000000	0.000000	0.000000	0.000000	1741979721.563542	0.000000
6.000000	-12002.730310	4710.116054	-187500.022352	-383.645342	28533.588771	20020.211639	-35706.442381	19064.227529	1985.952495	52092.953276	18621.104195	45616.289451	-14297.494507	2440.072887	-43385.563002	-187500.022352	0.046000	0.954000	0.268000	192.000000	0.000000	0.000000	0.000000	0.000000	0.000000	0.000000	0.000000	0.000000	0.000000	1741979721.563716	0.000000
8.000000	-12017.370703	4702.941144	-187500.022352	-473.767575	28457.324619	19944.439226	-35702.933157	19000.390947	1988.388835	52215.619649	18760.333211	45754.155010	-14279.657814	2459.384794	-43299.665248	-187500.022352	0.044000	0.948000	0.266000	192.000000	0.500000	48.000000	14.500000	80.000000	4.000000	40.000000	0.000000	0.000000	0.000000	1741979721.563892	0.000000
10.000000	-12025.842014	4711.255993	-187500.022352	-395.938801	28530.325416	20009.169878	-35695.490026	19058.796055	1991.048693	52073.127278	18604.228628	45594.988238	-14274.807486	2447.538370	-43395.665991	-187500.022352	0.044000	0.948000	0.266000	192.000000	0.000000	0.000000	0.000000	0.000000	0.000000	0.000000	0.000000	0.000000	0.000000	1741979721.564067	0.000000
12.000000	-12037.688439	4689.910077	-187500.022352	-449.225360	28474.870738	19964.376982	-35699.915671	19018.518212	1980.901001	52235.758571	18781.634424	45769.689473	-14289.224361	2444.565588	-43285.024856	-187500.022352	0.044000	0.948000	0.266000	192.000000	0.000000	0.000000	0.000000	0.000000	0.000000	0.000000	0.000000	0.000000	0.000000	1741979721.564241	0.000000
14.000000	-12040.258889	4683.539830	-187500.022352	-402.979601	28525.877419	20006.711186	-35712.477352	19052.939898	1976.229486	52060.342081	18590.482305	45581.398378	-14268.303128	2423.934927	-43406.417180	-187500.022352	0.044000	0.948000	0.266000	192.000000	0.000000	0.000000	0.000000	0.000000	0.000000	0.000000	0.000000	0.000000	0.000000	1741979721.564423	0.000000
16.000000	-12059.190817	4686.311446	-187500.022352	-406.578232	28499.927044	19995.535314	-35720.591035	19039.886479	1965.902980	52259.965510	18807.026006	45798.925555	-14300.713158	2424.270204	-43260.527344	-187500.022352	0.044000	0.948000	0.266000	192.000000	0.000000	0.000000	0.000000	0.000000	0.000000	0.000000	0.000000	0.000000	0.000000	1741979721.564593	0.000000
18.000000	-12027.540747	4706.562126	-187500.022352	-414.669563	28511.482896	20000.095069	-35716.925349	19042.948668	1967.177030	52066.600569	18595.377337	45592.283677	-14279.993091	2421.565643	-43389.228688	-187500.022352	0.040000	0.948000	0.266000	192.000000	0.500000	32.000000	14.500000	80.000000	4.000000	40.000000	0.000000	0.000000	0.000000	1741979721.564771	0.000000
20.000000	-12029.619459	4696.727359	-187500.022352	-393.569516	28513.203980	20006.286503	-35721.485105	19044.714456	2002.761007	52258.959682	18799.225247	45792.555307	-14294.298207	2433.590881	-43260.840268	-187500.022352	0.040000	0.948000	0.266000	192.000000	0.000000	0.000000	0.000000	0.000000	0.000000	0.000000	0.000000	0.000000	0.000000	1741979721.564955	0.000000
22.000000	-12039.834206	4711.501862	-187500.022352	-425.286642	28505.179704	19994.350671	-35706.241215	19039.327686	1999.676466	52070.534476	18597.925436	45597.268116	-14304.065919	2438.642375	-43375.549421	-187500.022352	0.040000	0.948000	0.266000	192.000000	0.000000	0.000000	0.000000	0.000000	0.000000	0.000000	0.000000	0.000000	0.000000	1741979721.565132	0.000000
24.000000	-12066.097506	4706.606830	-187500.022352	-385.902868	28524.536315	20014.802517	-35712.745573	19050.123578	1978.151736	52255.741031	18793.682014	45784.396921	-14282.697652	2455.786163	-43266.517611	-187500.022352	0.040000	0.948000	0.266000	192.000000	0.000000	0.000000	0.000000	0.000000	0.000000	0.000000	0.000000	0.000000	0.000000	1741979721.565305	0.000000
26.000000	-12056.642718	4694.983923	-187500.022352	-460.624750	28489.958166	19974.457619	-35716.366555	19019.121709	1955.285901	52061.571427	18592.985701	45588.416825	-14274.069878	2394.452977	-43389.720427	-187500.022352	0.040000	0.948000	0.266000	192.000000	0.000000	0.000000	0.000000	0.000000	0.000000	0.000000	0.000000	0.000000	0.000000	1741979721.565473	0.000000
28.000000	-12056.754477	4693.173432	-187500.022352	-321.015754	28577.755818	20080.226073	-35722.423878	19106.449974	1991.540431	52265.061708	18800.365186	45791.527127	-14294.857001	2470.046576	-43252.234847	-187500.022352	0.032000	0.950000	0.264000	192.000000	0.500000	0.000000	14.500000	88.000000	4.000000	32.000000	0.000000	0.000000	0.000000	1741979721.565640	0.000000
30.000000	-12015.314342	4714.385237	-187500.022352	-434.361450	28502.989233	20004.699529	-35714.086677	19045.027381	1968.518134	52110.342933	18647.948640	45648.453611	-14297.405100	2389.356779	-43318.910100	-187500.022352	0.032000	0.950000	0.264000	192.000000	0.000000	0.000000	0.000000	0.000000	0.000000	0.000000	0.000000	0.000000	0.000000	1741979721.565831	0.000000
32.000000	-12025.931421	4716.441598	-187500.022352	-312.611498	28580.438027	20085.590492	-35733.555047	19101.756108	2014.182748	52251.985938	18788.384651	45784.441624	-14261.597605	2422.415009	-43241.930692	-187500.022352	0.032000	0.950000	0.264000	192.000000	0.000000	0.000000	0.000000	0.000000	0.000000	0.000000	0.000000	0.000000	0.000000	1741979721.565998	0.000000
34.000000	-12015.962543	4744.560092	-187500.022352	-468.850192	28476.614174	19967.148598	-35704.833055	19015.053691	2026.453856	52116.847291	18654.184777	45655.650873	-14307.083405	2432.048611	-43316.138484	-187500.022352	0.032000	0.950000	0.264000	192.000000	0.000000	0.000000	0.000000	0.000000	0.000000	0.000000	0.000000	0.000000	0.000000	1741979721.566170	0.000000
36.000000	-12047.970241	4705.131615	-187500.022352	-314.019658	28591.122161	20084.048222	-35737.086622	19107.701672	1998.491823	52211.886908	18742.608278	45738.218217	-14272.907588	2459.295387	-43287.863527	-187500.022352	0.032000	0.950000	0.264000	192.000000	0.000000	0.000000	0.000000	0.000000	0.000000	0.000000	0.000000	0.000000	0.000000	1741979721.566350	0.000000
38.000000	-12026.400808	4734.255938	-187500.022352	-474.326369	28468.008753	19965.941604	-35708.990480	19013.287903	1960.829134	52129.811302	18673.474333	45677.689693	-14296.958065	2402.454901	-43305.588461	-187500.022352	0.036000	0.948000	0.260000	192.000000	0.500000	16.000000	14.500000	80.000000	4.000000	16.000000	0.000000	0.000000	0.000000	1741979721.566517	0.000000
40.000000	-12025.640848	4710.160757	-187500.022352	-322.692135	28576.638231	20071.620652	-35733.487992	19098.515105	1993.261515	52193.066739	18726.760891	45724.784818	-14281.535361	2409.763921	-43284.220193	-187500.022352	0.036000	0.948000	0.260000	192.000000	0.000000	0.000000	0.000000	0.000000	0.000000	0.000000	0.000000	0.000000	0.000000	1741979721.566699	0.000000
42.000000	-12047.433799	4703.119958	-187500.022352	-483.244715	28461.079712	19949.781293	-35719.719317	19002.290845	1973.279056	52139.757829	18677.542350	45679.321370	-14291.325425	2440.274053	-43308.874167	-187500.022352	0.036000	0.948000	0.260000	192.000000	0.000000	0.000000	0.000000	0.000000	0.000000	0.000000	0.000000	0.000000	0.000000	1741979721.566875	0.000000
44.000000	-12035.229747	4722.610679	-187500.022352	-347.457868	28560.120292	20044.753855	-35722.602692	19073.212930	2048.224455	52153.928835	18674.927196	45675.096890	-14275.254521	2458.133096	-43325.727382	-187500.022352	0.036000	0.948000	0.260000	192.000000	0.000000	0.000000	0.000000	0.000000	0.000000	0.000000	0.000000	0.000000	0.000000	1741979721.567054	0.000000
46.000000	-12051.948852	4699.878955	-187500.022352	-479.936657	28460.163291	19952.038819	-35727.296558	19002.402604	1958.996291	52156.342823	18684.717260	45688.619696	-14305.362321	2428.092352	-43307.868339	-187500.022352	0.036000	0.948000	0.260000	192.000000	0.000000	0.000000	0.000000	0.000000	0.000000	0.000000	0.000000	0.000000	0.000000	1741979721.567222	0.000000
48.000000	-12055.502779	4672.162792	-187500.022352	-327.073077	28579.834530	20063.618727	-35745.289713	19090.736698	1982.845602	52139.690773	18653.715390	45653.773326	-14290.923094	2434.663765	-43332.969348	-187500.022352	0.032000	0.944000	0.258000	192.000000	0.500000	0.000000	14.500000	64.000000	4.000000	8.000000	0.000000	0.000000	0.000000	1741979721.567393	0.000000
50.000000	-12100.049806	4655.868370	-187500.022352	-447.951311	28486.560701	19971.797761	-35731.342224	19020.507517	1947.798067	52197.894716	18733.891098	45733.837275	-14302.277780	2418.235233	-43266.405853	-187500.022352	0.032000	0.944000	0.258000	192.000000	0.000000	0.000000	0.000000	0.000000	0.000000	0.000000	0.000000	0.000000	0.000000	1741979721.567572	0.000000
52.000000	-12075.664052	4662.462135	-187500.022352	-339.008908	28571.922013	20053.448683	-35750.072986	19078.577349	1959.711547	52107.012523	18628.592030	45626.034811	-14276.975605	2402.097273	-43342.044156	-187500.022352	0.032000	0.944000	0.258000	192.000000	0.000000	0.000000	0.000000	0.000000	0.000000	0.000000	0.000000	0.000000	0.000000	1741979721.567747	0.000000
54.000000	-12097.255838	4663.780888	-187500.022352	-447.459572	28483.386753	19963.617022	-35699.535692	19015.813651	1956.045861	52199.928725	18739.009647	45737.547664	-14299.237943	2400.376189	-43260.683806	-187500.022352	0.032000	0.944000	0.258000	192.000000	0.000000	0.000000	0.000000	0.000000	0.000000	0.000000	0.000000	0.000000	0.000000	1741979721.567918	0.000000
56.000000	-12072.624215	4651.241559	-187500.022352	-375.218734	28538.908486	20017.082395	-35733.867971	19050.212985	2013.735713	52071.964988	18592.918645	45595.167052	-14311.084367	2452.209884	-43353.555304	-187500.022352	0.032000	0.944000	0.258000	192.000000	0.000000	0.000000	0.000000	0.000000	0.000000	0.000000	0.000000	0.000000	0.000000	1741979721.568092	0.000000
58.000000	-12109.079910	4630.767361	-187500.022352	-456.668491	28477.821169	19954.832787	-35746.139079	18996.725261	1950.793201	52172.950169	18712.344016	45716.492321	-14304.647065	2419.621041	-43284.957801	-187500.022352	0.026000	0.930000	0.256000	192.000000	0.000000	104.000000	14.500000	8.000000	4.000000	0.000000	0.000000	0.000000	0.000000	1741979721.568277	0.000000
60.000000	-12108.901096	4621.916070	-187500.022352	-394.977676	28547.156280	20010.712148	-35745.736747	19044.222718	1987.718283	52034.347002	18563.906081	45570.356616	-14282.921169	2412.021448	-43373.113081	-187500.022352	0.026000	0.930000	0.256000	192.000000	0.000000	0.000000	0.000000	0.000000	0.000000	0.000000	0.000000	0.000000	0.000000	1741979721.568448	0.000000
62.000000	-12125.419036	4614.294125	-187500.022352	-441.424601	28496.216654	19963.885243	-35746.206134	19005.822421	1954.123611	52187.948190	18733.846394	45742.062717	-14308.625675	2407.081712	-43269.266876	-187500.022352	0.026000	0.930000	0.256000	192.000000	0.000000	0.000000	0.000000	0.000000	0.000000	0.000000	0.000000	0.000000	0.000000	1741979721.568618	0.000000
64.000000	-12118.355884	4615.724637	-187500.022352	-414.423694	28532.761757	19991.579055	-35733.800916	19036.041979	1996.346056	52010.698856	18539.073293	45552.139944	-14309.765614	2390.049683	-43389.809834	-187500.022352	0.026000	0.930000	0.256000	192.000000	0.000000	0.000000	0.000000	0.000000	0.000000	0.000000	0.000000	0.000000	0.000000	1741979721.568803	0.000000
66.000000	-12118.422940	4590.623628	-187500.022352	-443.883293	28495.635509	19953.871662	-35744.865029	18999.139249	1963.444288	52179.454527	18723.966923	45731.624452	-14305.630542	2398.610401	-43284.264896	-187500.022352	0.026000	0.930000	0.256000	192.000000	0.000000	0.000000	0.000000	0.000000	0.000000	0.000000	0.000000	0.000000	0.000000	1741979721.568983	0.000000
68.000000	-12118.177070	4635.707097	-187500.022352	-463.418718	28492.170989	19945.199185	-35741.467564	19004.481316	1964.338358	51979.428766	18511.312426	45523.060325	-14285.961006	2403.125453	-43421.236386	-187500.022352	0.030000	0.924000	0.252000	192.000000	0.000000	120.000000	14.000000	112.000000	3.500000	112.000000	0.000000	0.000000	0.000000	1741979721.569155	0.000000
70.000000	-12131.811635	4576.162049	-187500.022352	-397.771644	28524.759832	19991.087316	-35775.665733	19042.434578	1976.810631	52184.148393	18726.962057	45733.658461	-14322.439053	2431.221596	-43293.585574	-187500.022352	0.030000	0.924000	0.252000	192.000000	0.000000	0.000000	0.000000	0.000000	0.000000	0.000000	0.000000	0.000000	0.000000	1741979721.569339	0.000000
72.000000	-12117.372408	4605.688704	-187500.022352	-448.085421	28509.918274	19961.694772	-35735.387890	19022.474470	1957.677538	52004.194499	18528.970305	45551.156467	-14296.689844	2380.617247	-43397.230613	-187500.022352	0.030000	0.924000	0.252000	192.000000	0.000000	0.000000	0.000000	0.000000	0.000000	0.000000	0.000000	0.000000	0.000000	1741979721.569511	0.000000
74.000000	-12136.259632	4588.746081	-187500.022352	-398.665714	28539.064948	19984.940587	-35731.431631	19038.657133	1998.514175	52182.986102	18714.690949	45735.871284	-14311.397292	2426.863006	-43288.399969	-187500.022352	0.030000	0.924000	0.252000	192.000000	0.000000	0.000000	0.000000	0.000000	0.000000	0.000000	0.000000	0.000000	0.000000	1741979721.569678	0.000000
76.000000	-12100.787413	4592.344712	-187500.022352	-484.764634	28493.333279	19932.168118	-35716.299500	19004.973055	2033.919338	51992.236315	18506.953836	45542.551046	-14300.981379	2388.328599	-43412.563910	-187500.022352	0.030000	0.924000	0.252000	192.000000	0.000000	0.000000	0.000000	0.000000	0.000000	0.000000	0.000000	0.000000	0.000000	1741979721.569855	0.000000
78.000000	-12133.555071	4563.734479	-187500.022352	-356.890304	28575.475940	20024.659637	-35753.537506	19078.823218	1976.005969	52165.238817	18681.096277	45718.660440	-14317.812242	2409.428645	-43306.214309	-187500.022352	0.036000	0.910000	0.250000	192.000000	0.500000	16.000000	14.000000	56.000000	3.500000	104.000000	0.000000	0.000000	0.000000	1741979721.570023	0.000000
80.000000	-12126.804844	4574.910352	-187500.022352	-470.750090	28496.775448	19946.584993	-35744.708567	19018.115880	1977.615294	52021.561804	18536.972229	45589.735578	-14328.272859	2365.775688	-43367.525145	-187500.022352	0.036000	0.910000	0.250000	192.000000	0.000000	0.000000	0.000000	0.000000	0.000000	0.000000	0.000000	0.000000	0.000000	1741979721.570210	0.000000
82.000000	-12152.308184	4573.681006	-187500.022352	-337.109010	28581.466208	20042.921012	-35764.132233	19091.183733	1976.900038	52161.237855	18675.463638	45728.271690	-14321.857908	2418.704619	-43284.689580	-187500.022352	0.036000	0.910000	0.250000	192.000000	0.000000	0.000000	0.000000	0.000000	0.000000	0.000000	0.000000	0.000000	0.000000	1741979721.570381	0.000000
84.000000	-12150.251824	4583.761642	-187500.022352	-484.317599	28487.141846	19937.465481	-35758.007855	19007.387043	1972.183820	52023.975792	18537.553374	45603.034866	-14323.981324	2359.494848	-43358.159764	-187500.022352	0.036000	0.910000	0.250000	192.000000	0.000000	0.000000	0.000000	0.000000	0.000000	0.000000	0.000000	0.000000	0.000000	1741979721.570550	0.000000
86.000000	-12188.383900	4555.374927	-187500.022352	-344.976824	28594.743144	20038.003628	-35761.315913	19087.227474	2001.308143	52138.640241	18645.825225	45707.842196	-14324.607173	2389.267372	-43294.926679	-187500.022352	0.036000	0.910000	0.250000	192.000000	0.000000	0.000000	0.000000	0.000000	0.000000	0.000000	0.000000	0.000000	0.000000	1741979721.570728	0.000000
88.000000	-12196.989321	4535.012488	-187500.022352	-472.582933	28507.638396	19954.139883	-35756.443233	19025.156680	1971.513268	52065.617092	18568.778761	45643.022137	-14334.464292	2321.608641	-43322.821656	-187500.022352	0.030000	0.918000	0.228000	192.000000	0.000000	120.000000	14.000000	88.000000	3.500000	16.000000	0.000000	0.000000	0.000000	1741979721.570907	0.000000
90.000000	-12213.037874	4563.555665	-187500.022352	-343.769830	28605.695499	20039.881175	-35765.830966	19090.937864	1990.758120	52126.592651	18616.007998	45688.887917	-14330.530385	2407.461692	-43300.939298	-187500.022352	0.030000	0.918000	0.228000	192.000000	0.000000	0.000000	0.000000	0.000000	0.000000	0.000000	0.000000	0.000000	0.000000	1741979721.571088	0.000000
92.000000	-12221.978572	4564.427383	-187500.022352	-523.053172	28480.950413	19900.987435	-35753.403396	18984.409450	1988.388835	52068.522819	18559.815712	45639.579968	-14325.344780	2369.799002	-43339.831333	-187500.022352	0.030000	0.918000	0.228000	192.000000	0.000000	0.000000	0.000000	0.000000	0.000000	0.000000	0.000000	0.000000	0.000000	1741979721.571264	0.000000
94.000000	-12203.337217	4544.690793	-187500.022352	-359.885437	28607.550693	20021.038654	-35790.484940	19083.181808	1990.556954	52099.345875	18571.393916	45654.019195	-14310.033835	2400.577354	-43339.227836	-187500.022352	0.030000	0.918000	0.228000	192.000000	0.000000	0.000000	0.000000	0.000000	0.000000	0.000000	0.000000	0.000000	0.000000	1741979721.571436	0.000000
96.000000	-12211.629714	4539.214616	-187500.022352	-515.341820	28490.628718	19896.204161	-35767.239126	18991.807877	1989.081739	52098.205936	18581.474552	45675.610980	-14322.081425	2376.504526	-43323.671022	-187500.022352	0.030000	0.918000	0.228000	192.000000	0.000000	0.000000	0.000000	0.000000	0.000000	0.000000	0.000000	0.000000	0.000000	1741979721.571611	0.000000
98.000000	-12222.202089	4545.249587	-187500.022352	-380.627856	28602.029813	19992.562532	-35801.258481	19072.631785	2019.033077	52064.141877	18527.115110	45624.313727	-14307.888068	2403.796006	-43369.134470	-187500.022352	0.024000	0.940000	0.184000	192.000000	0.000000	96.000000	14.500000	48.000000	2.500000	96.000000	0.000000	0.000000	0.000000	1741979721.571789	0.000000
100.000000	-12262.815209	4557.051308	-187500.022352	-500.880241	28510.119439	19894.706594	-35776.090416	19004.123688	1996.636629	52129.878358	18594.773840	45700.466120	-14327.557603	2384.841726	-43322.553435	-187500.022352	0.024000	0.940000	0.184000	192.000000	0.000000	0.000000	0.000000	0.000000	0.000000	0.000000	0.000000	0.000000	0.000000	1741979721.571973	0.000000
102.000000	-12268.537255	4515.186490	-187500.022352	-388.339208	28607.260121	19975.329337	-35799.358582	19072.564730	2009.108902	52049.881464	18493.341624	45605.314744	-14321.679094	2376.146898	-43393.274354	-187500.022352	0.024000	0.940000	0.184000	192.000000	0.000000	0.000000	0.000000	0.000000	0.000000	0.000000	0.000000	0.000000	0.000000	1741979721.572145	0.000000
104.000000	-12285.122250	4512.906613	-187500.022352	-468.269046	28536.382739	19909.659911	-35808.858074	19025.961343	1985.416053	52153.437096	18609.481288	45724.203673	-14332.474987	2375.543401	-43318.373658	-187500.022352	0.024000	0.940000	0.184000	192.000000	0.000000	0.000000	0.000000	0.000000	0.000000	0.000000	0.000000	0.000000	0.000000	1741979721.572324	0.000000
106.000000	-12230.695752	4517.823996	-187500.022352	-385.969923	28609.584702	19970.657822	-35810.556806	19077.303300	1985.505460	52051.803714	18485.473810	45610.813273	-14332.318524	2345.457953	-43388.893412	-187500.022352	0.024000	0.940000	0.184000	192.000000	0.000000	0.000000	0.000000	0.000000	0.000000	0.000000	0.000000	0.000000	0.000000	1741979721.572498	0.000000
108.000000	-12235.546081	4502.915383	-187500.022352	-445.380860	28553.012437	19919.785252	-35804.678298	19041.316991	2017.557862	52172.860762	18615.180983	45743.917912	-14346.824807	2384.528802	-43319.893577	-187500.022352	0.028000	0.966000	0.146000	192.000000	0.000000	112.000000	15.000000	24.000000	2.000000	72.000000	0.000000	0.000000	0.000000	1741979721.572672	0.000000
110.000000	-12216.502394	4500.747264	-187500.022352	-399.872708	28602.141571	19951.681191	-35821.017423	19067.021497	1980.521021	52048.719174	18467.078324	45605.471206	-14328.809301	2385.869907	-43403.176177	-187500.022352	0.028000	0.966000	0.146000	192.000000	0.000000	0.000000	0.000000	0.000000	0.000000	0.000000	0.000000	0.000000	0.000000	1741979721.572865	0.000000
112.000000	-12217.485871	4490.376054	-187500.022352	-421.106866	28570.357391	19921.618095	-35816.234149	19044.379180	1987.248896	52194.139623	18628.770844	45763.520391	-14346.981269	2372.280046	-43312.316336	-187500.022352	0.028000	0.966000	0.146000	192.000000	0.000000	0.000000	0.000000	0.000000	0.000000	0.000000	0.000000	0.000000	0.000000	1741979721.573036	0.000000
114.000000	-12204.454804	4514.806511	-187500.022352	-417.217662	28595.547807	19922.445109	-35829.131106	19048.491901	2031.281833	52027.730885	18436.568193	45581.599543	-14339.582841	2377.175078	-43426.623157	-187500.022352	0.028000	0.966000	0.146000	192.000000	0.000000	0.000000	0.000000	0.000000	0.000000	0.000000	0.000000	0.000000	0.000000	1741979721.573204	0.000000
116.000000	-12246.990174	4478.954313	-187500.022352	-412.456740	28591.166865	19913.906743	-35834.450821	19043.798035	1977.749405	52199.258172	18616.052701	45749.908179	-14336.766522	2368.904933	-43326.509693	-187500.022352	0.028000	0.966000	0.146000	192.000000	0.000000	0.000000	0.000000	0.000000	0.000000	0.000000	0.000000	0.000000	0.000000	1741979721.573374	0.000000
118.000000	-12238.831787	4486.822127	-187500.022352	-402.934897	28614.993824	19929.530612	-35845.961970	19062.372334	1990.892230	52047.445124	18441.083245	45586.874555	-14332.340876	2372.369453	-43418.956509	-187500.022352	0.038000	0.982000	0.112000	192.000000	0.500000	24.000000	15.000000	88.000000	1.500000	64.000000	0.000000	0.000000	0.000000	1741979721.573545	0.000000
120.000000	-12226.337162	4483.089385	-187500.022352	-363.685234	28627.980188	19938.314848	-35850.097042	19061.321802	1988.433538	52246.420353	18647.009867	45788.107310	-14351.183397	2355.851514	-43289.495205	-187500.022352	0.038000	0.982000	0.112000	192.000000	0.000000	0.000000	0.000000	0.000000	0.000000	0.000000	0.000000	0.000000	0.000000	1741979721.573731	0.000000
122.000000	-12200.118566	4502.222479	-187500.022352	-397.592830	28615.574970	19918.757071	-35842.452746	19054.079837	1960.471506	52078.022310	18459.031696	45610.589756	-14348.992926	2353.281063	-43399.577546	-187500.022352	0.038000	0.982000	0.112000	192.000000	0.000000	0.000000	0.000000	0.000000	0.000000	0.000000	0.000000	0.000000	0.000000	1741979721.573904	0.000000
124.000000	-12213.574316	4518.762770	-187500.022352	-338.181894	28648.052054	19940.371208	-35846.565467	19070.798942	1998.916507	52245.369821	18630.983666	45770.136508	-14349.931699	2372.615322	-43309.164740	-187500.022352	0.038000	0.982000	0.112000	192.000000	0.000000	0.000000	0.000000	0.000000	0.000000	0.000000	0.000000	0.000000	0.000000	1741979721.574081	0.000000
126.000000	-12181.276045	4519.209804	-187500.022352	-411.272098	28607.528342	19886.279987	-35842.408042	19033.270363	1986.041902	52087.834726	18456.729467	45604.934764	-14336.699466	2399.571526	-43412.228633	-187500.022352	0.038000	0.982000	0.112000	192.000000	0.000000	0.000000	0.000000	0.000000	0.000000	0.000000	0.000000	0.000000	0.000000	1741979721.574259	0.000000
128.000000	-12181.276045	4500.099063	-187500.022352	-309.236385	28678.159854	19946.987325	-35869.855984	19072.430619	2022.966984	52247.694403	18623.585239	45757.843048	-14345.953089	2395.570564	-43317.680754	-187500.022352	0.046000	0.990000	0.080000	192.000000	0.500000	56.000000	15.000000	120.000000	1.000000	64.000000	0.000000	0.000000	0.000000	1741979721.574431	0.000000
130.000000	-12159.125466	4538.007622	-187500.022352	-420.078685	28605.941368	19858.250899	-35844.576161	19000.167429	1982.935009	52115.953221	18474.901435	45614.143683	-14326.551774	2382.740662	-43406.752456	-187500.022352	0.046000	0.990000	0.080000	192.000000	0.000000	0.000000	0.000000	0.000000	0.000000	0.000000	0.000000	0.000000	0.000000	1741979721.574609	0.000000
132.000000	-12158.097286	4526.161197	-187500.022352	-282.123719	28707.105363	19948.753112	-35872.225269	19069.435486	2018.183710	52240.139513	18604.139221	45733.032612	-14327.781120	2413.049628	-43340.993624	-187500.022352	0.046000	0.990000	0.080000	192.000000	0.000000	0.000000	0.000000	0.000000	0.000000	0.000000	0.000000	0.000000	0.000000	1741979721.574797	0.000000
134.000000	-12147.815484	4556.224293	-187500.022352	-412.032057	28623.465136	19853.042943	-35848.018330	19000.078022	2010.807635	52137.612061	18495.688557	45637.568311	-14340.365152	2391.413139	-43397.632944	-187500.022352	0.046000	0.990000	0.080000	192.000000	0.000000	0.000000	0.000000	0.000000	0.000000	0.000000	0.000000	0.000000	0.000000	1741979721.574969	0.000000
136.000000	-12163.148780	4517.466368	-187500.022352	-267.908009	28735.425023	19953.469330	-35883.959935	19072.318861	2008.930088	52230.170635	18591.689300	45722.884920	-14324.048379	2411.775578	-43346.089822	-187500.022352	0.046000	0.990000	0.080000	192.000000	0.000000	0.000000	0.000000	0.000000	0.000000	0.000000	0.000000	0.000000	0.000000	1741979721.575136	0.000000
138.000000	-12133.756236	4535.191302	-187500.022352	-398.665714	28638.843136	19856.328649	-35859.216554	18996.121764	1990.176975	52156.119306	18518.509688	45656.366128	-14330.306867	2388.865040	-43382.545517	-187500.022352	0.054000	0.992000	0.054000	192.000000	0.500000	88.000000	15.500000	0.000000	0.500000	88.000000	0.000000	0.000000	0.000000	1741979721.575301	0.000000
140.000000	-12152.866978	4535.057191	-187500.022352	-252.485305	28752.769977	19956.755037	-35879.936621	19074.732849	2034.567539	52221.341696	18576.288948	45705.897594	-14340.007524	2391.100215	-43352.214200	-187500.022352	0.054000	0.992000	0.054000	192.000000	0.000000	0.000000	0.000000	0.000000	0.000000	0.000000	0.000000	0.000000	0.000000	1741979721.575490	0.000000
142.000000	-12156.733830	4520.059171	-187500.022352	-399.716246	28640.921848	19842.403512	-35866.212650	18984.700022	1975.357768	52177.621684	18538.514499	45667.743166	-14327.915231	2366.379185	-43379.595087	-187500.022352	0.054000	0.992000	0.054000	192.000000	0.000000	0.000000	0.000000	0.000000	0.000000	0.000000	0.000000	0.000000	0.000000	1741979721.575666	0.000000
144.000000	-12142.093437	4550.144619	-187500.022352	-274.099442	28749.998361	19929.821185	-35893.504130	19049.073046	1992.166280	52187.568210	18537.486319	45660.009463	-14333.279649	2416.089465	-43387.865232	-187500.022352	0.054000	0.992000	0.054000	192.000000	0.000000	0.000000	0.000000	0.000000	0.000000	0.000000	0.000000	0.000000	0.000000	1741979721.575922	0.000000
146.000000	-12143.121617	4540.868645	-187500.022352	-422.023287	28635.848002	19811.066367	-35874.974534	18955.888624	1989.305257	52180.035672	18540.727322	45661.574085	-14341.885071	2362.981720	-43392.559098	-187500.022352	0.054000	0.992000	0.054000	192.000000	0.000000	0.000000	0.000000	0.000000	0.000000	0.000000	0.000000	0.000000	0.000000	1741979721.576100	0.000000
146.000000	-12132.973925	4530.251566	-187500.022352	-288.829242	28751.361817	19907.335330	-35903.808284	19034.030322	1989.305257	52180.035672	18540.727322	45661.574085	-14341.885071	2362.981720	-43392.559098	-187500.022352	0.054000	0.992000	0.054000	192.000000	0.000000	0.000000	0.000000	0.000000	0.000000	0.000000	0.000000	0.000000	0.000000	1741979721.576410	0.000000
150.000000	-12157.896120	4519.053342	-187500.022352	-400.319743	28660.233755	19813.860335	-35894.085275	18961.230691	1988.724111	52208.467091	18559.614546	45676.929733	-14344.053190	2375.453994	-43391.687380	-187500.022352	0.054000	0.992000	0.054000	192.000000	0.000000	0.000000	0.000000	0.000000	0.000000	0.000000	0.000000	0.000000	0.000000	1741979721.576587	0.000000
152.000000	-12180.471382	4521.936717	-187500.022352	-293.768977	28762.582393	19894.237208	-35910.603215	19032.130424	1985.751329	52140.651898	18469.961699	45591.054331	-14329.166928	2380.483136	-43452.417070	-187500.022352	0.054000	0.992000	0.054000	192.000000	0.000000	0.000000	0.000000	0.000000	0.000000	0.000000	0.000000	0.000000	0.000000	1741979721.576755	0.000000
154.000000	-12161.919434	4522.473159	-187500.022352	-393.815386	28670.806130	19805.366672	-35899.114418	18963.577624	1978.866992	52239.021926	18587.576579	45704.109455	-14349.417609	2379.544363	-43378.902182	-187500.022352	0.054000	0.992000	0.054000	192.000000	0.000000	0.000000	0.000000	0.000000	0.000000	0.000000	0.000000	0.000000	0.000000	1741979721.576939	0.000000
156.000000	-12119.562879	4494.756996	-187500.022352	-299.602783	28759.833128	19872.712478	-35905.194092	19020.976904	2007.521928	52133.097009	18454.963679	45571.585962	-14327.870527	2378.225610	-43467.772718	-187500.022352	0.054000	0.992000	0.054000	192.000000	0.000000	0.000000	0.000000	0.000000	0.000000	0.000000	0.000000	0.000000	0.000000	1741979721.577110	0.000000
158.000000	-12138.047771	4513.823034	-187500.022352	-368.133231	28700.265729	19811.491050	-35891.224252	18974.284109	2020.396533	52254.757554	18600.361776	45705.629373	-14362.046345	2391.256677	-43390.189813	-187500.022352	0.054000	1.006000	0.008000	192.000000	0.500000	88.000000	15.500000	56.000000	0.000000	32.000000	0.000000	0.000000	0.000000	1741979721.577277	0.000000
160.000000	-12119.093492	4511.878432	-187500.022352	-309.124626	28770.584318	19863.794132	-35899.896729	19022.385063	1998.178899	52117.383732	18447.609955	45554.911560	-14340.700429	2407.685209	-43486.347018	-187500.022352	0.054000	1.006000	0.008000	192.000000	0.000000	0.000000	0.000000	0.000000	0.000000	0.000000	0.000000	0.000000	0.000000	1741979721.577459	0.000000
162.000000	-12132.124559	4514.739456	-187500.022352	-350.140077	28729.032425	19816.408433	-35895.381677	18985.638796	1994.066178	52273.801240	18626.602724	45721.208539	-14346.847158	2413.787235	-43378.633962	-187500.022352	0.054000	1.006000	0.008000	192.000000	0.000000	0.000000	0.000000	0.000000	0.000000	0.000000	0.000000	0.000000	0.000000	1741979721.632094	0.000000
10.000000	-11774.362537	4886.180745	-187500.022352	-33.706431	29746.997922	19933.509223	-35486.210643	19474.091467	2285.376464	52737.689345	18764.960023	45524.490836	-14192.217790	2775.840792	-44206.900204	-187500.022352	0.054000	1.006000	0.008000	192.000000	0.000000	0.000000	0.000000	0.000000	0.000000	0.000000	0.000000	0.000000	0.000000	1741979721.632335	0.000000
12.000000	-11771.747383	4896.864879	-187500.022352	-144.973415	29677.662811	19864.151760	-35478.141663	19427.532783	2244.785696	52599.264991	18627.832070	45397.130596	-14180.080793	2724.096504	-44277.956400	-187500.022352	0.054000	1.006000	0.008000	192.000000	0.000000	0.000000	0.000000	0.000000	0.000000	0.000000	0.000000	0.000000	0.000000	1741979721.632515	0.000000
14.000000	-11775.435421	4886.404262	-187500.022352	-6.973744	29767.315658	19962.410028	-35492.960869	19499.371290	2275.631103	52733.598975	18763.462456	45529.430572	-14179.521999	2756.774754	-44197.914803	-187500.022352	0.080000	0.980000	0.116000	192.000000	1.500000	40.000000	14.500000	104.000000	3.500000	0.000000	0.000000	0.000000	0.000000	1741979721.632707	0.000000
16.000000	-11769.556912	4893.087434	-187500.022352	-161.401947	29656.562764	19843.319934	-35471.078512	19406.589199	2276.033434	52616.498186	18654.028315	45425.696126	-14177.376232	2712.719466	-44257.325740	-187500.022352	0.080000	0.980000	0.116000	192.000000	0.000000	0.000000	0.000000	0.000000	0.000000	0.000000	0.000000	0.000000	0.000000	1741979721.632889	0.000000
18.000000	-11773.289653	4894.897925	-187500.022352	-23.424628	29752.094120	19936.660819	-35478.119311	19478.248892	2291.523193	52686.705016	18723.676351	45488.370417	-14190.831982	2751.030356	-44228.447286	-187500.022352	0.080000	0.980000	0.116000	192.000000	0.000000	0.000000	0.000000	0.000000	0.000000	0.000000	0.000000	0.000000	0.000000	1741979721.633074	0.000000
20.000000	-11786.320720	4861.772640	-187500.022352	-166.766365	29657.747407	19838.179033	-35476.062951	19405.449260	2271.652492	52623.896614	18665.226539	45430.948786	-14195.972883	2705.186928	-44254.375309	-187500.022352	0.080000	0.980000	0.116000	192.000000	0.000000	0.000000	0.000000	0.000000	0.000000	0.000000	0.000000	0.000000	0.000000	1741979721.691929	0.000000
22.000000	-11790.656959	4872.792050	-187500.022352	-10.706486	29767.494472	19951.323563	-35486.702381	19493.269264	2259.671957	52664.263864	18699.424708	45463.738795	-14185.467563	2759.591074	-44232.515303	-187500.022352	0.080000	0.980000	0.116000	192.000000	0.000000	0.000000	0.000000	0.000000	0.000000	0.000000	0.000000	0.000000	0.000000	1741979721.692177	0.000000
24.000000	-11806.392587	4873.172030	-187500.022352	-159.747918	29660.116692	19846.382123	-35461.422558	19411.975969	2243.824571	52652.864474	18696.027243	45465.370472	-14193.603598	2730.377344	-44224.759248	-187500.022352	0.093000	0.967000	0.173000	192.000000	1.500000	40.000000	14.500000	104.000000	3.500000	24.000000	0.000000	0.000000	0.000000	1741979721.692359	0.000000
26.000000	-11791.729843	4881.755100	-187500.022352	-24.430457	29764.700504	19944.908612	-35471.972581	19488.217770	2267.785641	52643.119114	18671.574434	45438.011937	-14179.857275	2745.710641	-44241.634815	-187500.022352	0.093000	0.967000	0.173000	192.000000	0.000000	0.000000	0.000000	0.000000	0.000000	0.000000	0.000000	0.000000	0.000000	1741979721.692543	0.000000
28.000000	-11794.456755	4893.378007	-187500.022352	-164.844115	29655.244011	19833.306352	-35443.854087	19401.023615	2258.196742	52680.178306	18711.740519	45482.558964	-14187.255703	2740.592091	-44214.745666	-187500.022352	0.093000	0.967000	0.173000	192.000000	0.000000	0.000000	0.000000	0.000000	0.000000	0.000000	0.000000	0.000000	0.000000	1741979721.692728	0.000000
30.000000	-11792.266284	4888.617085	-187500.022352	-11.198224	29772.143635	19955.838615	-35481.114445	19503.282845	2314.120807	52625.170663	18637.085693	45405.914832	-14171.140095	2775.952551	-44270.848545	-187500.022352	0.093000	0.967000	0.173000	192.000000	0.000000	0.000000	0.000000	0.000000	0.000000	0.000000	0.000000	0.000000	0.000000	1741979721.692905	0.000000
32.000000	-11791.618084	4907.817234	-187500.022352	-149.332005	29659.781415	19847.164434	-35462.540145	19411.506583	2278.156850	52715.605821	18743.792921	45519.640508	-14206.433500	2725.035277	-44188.527070	-187500.022352	0.093000	0.967000	0.173000	192.000000	0.000000	0.000000	0.000000	0.000000	0.000000	0.000000	0.000000	0.000000	0.000000	1741979721.693083	0.000000
34.000000	-11776.016566	4885.644303	-187500.022352	-37.752096	29750.507146	19941.108816	-35480.868576	19485.356746	2262.689443	52603.668285	18619.226649	45392.794358	-14159.293671	2753.310234	-44272.122594	-187500.022352	0.098500	0.961500	0.203500	192.000000	1.500000	32.000000	14.500000	112.000000	3.500000	40.000000	0.000000	0.000000	0.000000	1741979721.693257	0.000000
36.000000	-11789.159392	4878.782317	-187500.022352	-134.043411	29667.291602	19861.022515	-35463.478918	19417.742719	2255.045146	52725.775865	18754.611165	45530.503455	-14213.563706	2734.423010	-44183.319114	-187500.022352	0.098500	0.961500	0.203500	192.000000	0.000000	0.000000	0.000000	0.000000	0.000000	0.000000	0.000000	0.000000	0.000000	1741979721.752217	0.000000
38.000000	-11800.491726	4898.988294	-187500.022352	-53.130097	29737.565486	19930.827013	-35479.415712	19476.170179	2260.923655	52595.442843	18606.575561	45381.596134	-14184.260569	2741.620271	-44275.832984	-187500.022352	0.098500	0.961500	0.203500	192.000000	0.000000	0.000000	0.000000	0.000000	0.000000	0.000000	0.000000	0.000000	0.000000	1741979721.752432	0.000000
40.000000	-11802.682197	4890.964018	-187500.022352	-114.575042	29675.338230	19877.182827	-35460.997875	19428.203336	2274.312350	52750.429839	18774.414810	45552.855200	-14196.106994	2749.823362	-44171.293875	-187500.022352	0.098500	0.961500	0.203500	192.000000	0.000000	0.000000	0.000000	0.000000	0.000000	0.000000	0.000000	0.000000	0.000000	1741979721.752608	0.000000
42.000000	-11772.932026	4902.408111	-187500.022352	-78.566382	29713.425602	19916.097214	-35464.797671	19460.278089	2286.672865	52582.076500	18586.593102	45370.509669	-14172.838828	2733.327774	-44288.640534	-187500.022352	0.098500	0.961500	0.203500	192.000000	0.000000	0.000000	0.000000	0.000000	0.000000	0.000000	0.000000	0.000000	0.000000	1741979721.752785	0.000000
44.000000	-11786.208962	4895.412015	-187500.022352	-91.955077	29688.682221	19905.860115	-35464.171823	19452.522034	2285.264705	52771.105203	18786.462401	45571.250686	-14192.329549	2762.854429	-44161.950846	-187500.022352	0.100250	0.958750	0.221750	192.000000	1.500000	24.000000	14.500000	112.000000	3.500000	64.000000	0.000000	0.000000	0.000000	1741979721.752965	0.000000
46.000000	-11747.965127	4917.204966	-187500.022352	-121.392324	29677.640459	19884.178923	-35456.304009	19433.679513	2268.232676	52569.581875	18574.724326	45363.290055	-14168.390831	2724.990574	-44290.853356	-187500.022352	0.100250	0.958750	0.221750	192.000000	0.000000	0.000000	0.000000	0.000000	0.000000	0.000000	0.000000	0.000000	0.000000	1741979721.753163	0.000000
48.000000	-11781.380985	4884.951399	-187500.022352	-85.093091	29688.592814	19903.624940	-35459.947343	19447.872871	2264.812859	52753.156752	18769.385668	45555.805630	-14195.056462	2736.948757	-44182.045064	-187500.022352	0.100250	0.958750	0.221750	192.000000	0.000000	0.000000	0.000000	0.000000	0.000000	0.000000	0.000000	0.000000	0.000000	1741979721.753332	0.000000
50.000000	-11756.950528	4905.917335	-187500.022352	-108.093036	29682.446084	19899.579275	-35455.611104	19448.811644	2259.828420	52573.046395	18586.950730	45376.902268	-14178.292653	2710.238422	-44277.129385	-187500.022352	0.100250	0.958750	0.221750	192.000000	0.000000	0.000000	0.000000	0.000000	0.000000	0.000000	0.000000	0.000000	0.000000	1741979721.812452	0.000000
52.000000	-11798.390662	4870.713338	-187500.022352	-17.948451	29725.607303	19967.953261	-35469.133910	19497.516095	2263.047071	52786.729072	18807.048357	45599.682105	-14190.139078	2745.576530	-44131.507770	-187500.022352	0.100250	0.958750	0.221750	192.000000	0.000000	0.000000	0.000000	0.000000	0.000000	0.000000	0.000000	0.000000	0.000000	1741979721.812683	0.000000
54.000000	-11796.088433	4883.744405	-187500.022352	-96.090149	29678.311012	19922.802737	-35457.063968	19457.841749	2261.884780	52603.824747	18617.080881	45414.319088	-14213.049616	2714.731123	-44232.470600	-187500.022352	0.104125	0.956375	0.232875	192.000000	1.500000	48.000000	14.500000	104.000000	3.500000	80.000000	0.000000	0.000000	0.000000	1741979721.812867	0.000000
56.000000	-11803.956247	4876.949474	-187500.022352	-6.236137	29730.591742	19986.102877	-35468.306895	19498.186648	2266.265722	52781.074081	18794.665491	45592.395436	-14201.963151	2743.028431	-44127.439753	-187500.022352	0.104125	0.956375	0.232875	192.000000	0.000000	0.000000	0.000000	0.000000	0.000000	0.000000	0.000000	0.000000	0.000000	1741979721.813055	0.000000
58.000000	-11771.568569	4890.449928	-187500.022352	-131.249443	29647.890287	19901.210952	-35452.705378	19428.851536	2270.132574	52603.578878	18615.516259	45423.818579	-14197.269284	2710.059608	-44226.279166	-187500.022352	0.104125	0.956375	0.232875	192.000000	0.000000	0.000000	0.000000	0.000000	0.000000	0.000000	0.000000	0.000000	0.000000	1741979721.813239	0.000000
60.000000	-11785.180782	4877.776489	-187500.022352	-22.977593	29713.738527	19978.078601	-35463.568325	19483.389793	2255.000443	52756.464810	18772.112581	45576.615104	-14193.380081	2739.787428	-44136.671023	-187500.022352	0.104125	0.956375	0.232875	192.000000	0.000000	0.000000	0.000000	0.000000	0.000000	0.000000	0.000000	0.000000	0.000000	1741979721.813424	0.000000
62.000000	-11770.875665	4890.069948	-187500.022352	-166.296979	29619.257703	19875.327632	-35450.604314	19405.650426	2239.510684	52591.017197	18604.206276	45412.285079	-14182.181857	2689.540707	-44247.021585	-187500.022352	0.104125	0.956375	0.232875	192.000000	0.000000	0.000000	0.000000	0.000000	0.000000	0.000000	0.000000	0.000000	0.000000	1741979721.813597	0.000000
64.000000	-11776.709470	4886.001931	-187500.022352	-36.679213	29700.908625	19964.086409	-35461.109634	19469.732877	2275.340530	52721.126702	18731.991199	45534.772639	-14186.518095	2748.951644	-44173.953733	-187500.022352	0.107063	0.951188	0.237437	192.000000	1.500000	56.000000	14.500000	72.000000	3.500000	72.000000	0.000000	0.000000	0.000000	1741979721.813763	0.000000
66.000000	-11740.209072	4906.520832	-187500.022352	-202.618563	29590.178083	19843.342286	-35431.739441	19375.564978	2293.400740	52598.348570	18607.626093	45416.353097	-14189.915560	2683.259867	-44255.224676	-187500.022352	0.107063	0.951188	0.237437	192.000000	0.000000	0.000000	0.000000	0.000000	0.000000	0.000000	0.000000	0.000000	0.000000	1741979721.872827	0.000000
68.000000	-11768.215807	4870.892152	-187500.022352	-6.526709	29725.048509	19998.530447	-35468.843337	19501.829982	2261.616559	52699.758434	18706.532563	45510.677458	-14184.931121	2754.427821	-44194.383227	-187500.022352	0.107063	0.951188	0.237437	192.000000	0.000000	0.000000	0.000000	0.000000	0.000000	0.000000	0.000000	0.000000	0.000000	1741979721.873062	0.000000
70.000000	-11763.499589	4899.167108	-187500.022352	-173.673054	29595.609557	19869.158550	-35443.563514	19402.588237	2246.216207	52651.165742	18663.058420	45477.954504	-14197.202229	2698.727274	-44207.324887	-187500.022352	0.107063	0.951188	0.237437	192.000000	0.000000	0.000000	0.000000	0.000000	0.000000	0.000000	0.000000	0.000000	0.000000	1741979721.873242	0.000000
72.000000	-11764.818342	4908.532489	-187500.022352	-23.536387	29703.926111	19982.526598	-35462.003703	19489.067136	2265.014024	52677.741966	18677.140019	45488.392769	-14174.448153	2736.591129	-44210.297669	-187500.022352	0.107063	0.951188	0.237437	192.000000	0.000000	0.000000	0.000000	0.000000	0.000000	0.000000	0.000000	0.000000	0.000000	1741979721.873419	0.000000
74.000000	-11759.632738	4907.459606	-187500.022352	-185.988866	29584.500740	19863.727076	-35428.252569	19399.861324	2243.511646	52667.795440	18671.261510	45488.392769	-14189.021491	2720.699039	-44205.402637	-187500.022352	0.109531	0.949594	0.241719	192.000000	1.500000	64.000000	14.500000	80.000000	3.500000	88.000000	0.000000	0.000000	0.000000	1741979721.873599	0.000000
76.000000	-11771.121534	4901.692856	-187500.022352	-26.822093	29701.623881	19989.030956	-35454.426462	19500.041842	2264.969321	52662.095745	18652.530748	45463.783498	-14182.159505	2745.084792	-44221.026507	-187500.022352	0.109531	0.949594	0.241719	192.000000	0.000000	0.000000	0.000000	0.000000	0.000000	0.000000	0.000000	0.000000	0.000000	1741979721.873793	0.000000
78.000000	-11771.523866	4911.549975	-187500.022352	-179.372749	29583.226691	19872.019574	-35431.627683	19406.075109	2252.206475	52696.115100	18692.115687	45508.978726	-14192.620122	2708.740855	-44190.449320	-187500.022352	0.109531	0.949594	0.241719	192.000000	0.000000	0.000000	0.000000	0.000000	0.000000	0.000000	0.000000	0.000000	0.000000	1741979721.873964	0.000000
80.000000	-11766.382964	4900.530565	-187500.022352	-14.729800	29711.704518	20014.154317	-35455.342884	19522.773567	2283.633028	52654.451448	18639.343219	45453.009957	-14187.568627	2748.035222	-44216.131475	-187500.022352	0.109531	0.949594	0.241719	192.000000	0.000000	0.000000	0.000000	0.000000	0.000000	0.000000	0.000000	0.000000	0.000000	1741979721.933194	0.000000
82.000000	-11747.339278	4915.483882	-187500.022352	-157.445688	29595.877778	19902.105022	-35428.632549	19426.057568	2249.077231	52732.704906	18731.879441	45548.183685	-14198.252761	2726.979879	-44155.379433	-187500.022352	0.109531	0.949594	0.241719	192.000000	0.000000	0.000000	0.000000	0.000000	0.000000	0.000000	0.000000	0.000000	0.000000	1741979721.933421	0.000000
84.000000	-11753.530711	4920.021286	-187500.022352	-61.288483	29672.365448	19983.443020	-35442.803555	19487.055479	2274.267647	52626.645878	18606.016768	45421.136370	-14185.489915	2727.583376	-44236.069231	-187500.022352	0.108766	0.947797	0.246859	192.000000	1.500000	48.000000	14.500000	72.000000	3.500000	112.000000	0.000000	0.000000	0.000000	1741979721.933594	0.000000
86.000000	-11764.952453	4908.465434	-187500.022352	-164.151211	29584.143112	19896.539437	-35418.350746	19415.172269	2275.899324	52740.907996	18737.042694	45552.274055	-14185.601674	2741.888492	-44160.565038	-187500.022352	0.108766	0.947797	0.246859	192.000000	0.000000	0.000000	0.000000	0.000000	0.000000	0.000000	0.000000	0.000000	0.000000	1741979721.933782	0.000000
88.000000	-11748.903900	4922.971716	-187500.022352	-101.722789	29642.145889	19950.049514	-35430.644206	19461.529787	2254.933388	52587.083290	18568.667003	45383.428977	-14171.676537	2731.405524	-44275.408301	-187500.022352	0.108766	0.947797	0.246859	192.000000	0.000000	0.000000	0.000000	0.000000	0.000000	0.000000	0.000000	0.000000	0.000000	1741979721.933958	0.000000
90.000000	-11751.161426	4916.601469	-187500.022352	-151.410717	29592.033278	19907.648254	-35425.145677	19428.806833	2266.824516	52749.222845	18743.010610	45557.817287	-14181.868932	2736.032335	-44172.992608	-187500.022352	0.108766	0.947797	0.246859	192.000000	0.000000	0.000000	0.000000	0.000000	0.000000	0.000000	0.000000	0.000000	0.000000	1741979721.934145	0.000000
92.000000	-11737.482159	4919.484844	-187500.022352	-110.037638	29634.211020	19948.306078	-35432.030014	19466.134246	2281.464908	52592.045378	18571.393916	45384.725378	-14183.053575	2732.858388	-44272.189650	-187500.022352	0.108766	0.947797	0.246859	192.000000	0.000000	0.000000	0.000000	0.000000	0.000000	0.000000	0.000000	0.000000	0.000000	1741979721.934320	0.000000
94.000000	-11756.436438	4921.272984	-187500.022352	-132.679955	29598.224711	19919.807603	-35429.861895	19440.116816	2270.356091	52776.246104	18771.330270	45584.572325	-14195.816421	2725.124684	-44148.584503	-187500.022352	0.106383	0.948898	0.249430	192.000000	1.500000	32.000000	14.500000	88.000000	3.500000	112.000000	0.000000	0.000000	0.000000	1741979721.934491	0.000000
96.000000	-11746.199339	4911.773492	-187500.022352	-130.265967	29612.596883	19932.749263	-35434.667520	19459.741647	2246.193856	52576.041529	18562.162645	45376.097605	-14180.080793	2744.436591	-44280.817423	-187500.022352	0.106383	0.948898	0.249430	192.000000	0.000000	0.000000	0.000000	0.000000	0.000000	0.000000	0.000000	0.000000	0.000000	1741979721.992482	0.000000
98.000000	-11771.769735	4888.639437	-187500.022352	-90.390455	29628.176049	19965.516921	-35442.110651	19482.741592	2265.997501	52785.209153	18789.077555	45600.240898	-14187.389813	2733.484236	-44134.994642	-187500.022352	0.106383	0.948898	0.249430	192.000000	0.000000	0.000000	0.000000	0.000000	0.000000	0.000000	0.000000	0.000000	0.000000	1741979721.992730	0.000000
100.000000	-11751.004964	4896.239030	-187500.022352	-142.872351	29603.119743	19937.130205	-35438.199096	19460.479255	2244.137495	52599.846137	18597.634864	45412.888576	-14201.270247	2700.180137	-44237.790315	-187500.022352	0.106383	0.948898	0.249430	192.000000	0.000000	0.000000	0.000000	0.000000	0.000000	0.000000	0.000000	0.000000	0.000000	1741979721.992905	0.000000
102.000000	-11779.749308	4880.592809	-187500.022352	-97.990048	29618.073060	19958.006735	-35444.122308	19469.464656	2263.784678	52767.953607	18770.950290	45582.963000	-14191.971921	2736.166446	-44148.785668	-187500.022352	0.106383	0.948898	0.249430	192.000000	0.000000	0.000000	0.000000	0.000000	0.000000	0.000000	0.000000	0.000000	0.000000	1741979721.993086	0.000000
104.000000	-11758.671613	4891.276943	-187500.022352	-194.773101	29557.924516	19891.175019	-35433.616988	19417.943885	2278.156850	52573.493430	18570.164570	45386.982904	-14196.866953	2703.421140	-44271.384987	-187500.022352	0.103191	0.950449	0.254715	192.000000	1.500000	16.000000	14.500000	96.000000	4.000000	16.000000	0.000000	0.000000	0.000000	1741979721.993276	0.000000
106.000000	-11805.610276	4844.204169	-187500.022352	-49.553817	29652.204174	20008.365215	-35463.724788	19509.898962	2272.367748	52773.586246	18770.078572	45584.929953	-14206.500555	2722.777751	-44144.963520	-187500.022352	0.103191	0.950449	0.254715	192.000000	0.000000	0.000000	0.000000	0.000000	0.000000	0.000000	0.000000	0.000000	0.000000	1741979721.993454	0.000000
108.000000	-11777.871761	4869.327530	-187500.022352	-188.447558	29558.371551	19904.451955	-35428.632549	19427.532783	2235.867350	52599.555564	18600.205314	45423.885634	-14205.025340	2681.292913	-44233.118800	-187500.022352	0.103191	0.950449	0.254715	192.000000	0.000000	0.000000	0.000000	0.000000	0.000000	0.000000	0.000000	0.000000	0.000000	1741979721.993626	0.000000
110.000000	-11781.448040	4843.108933	-187500.022352	-36.031012	29660.407264	20022.759738	-35447.944456	19523.645285	2256.475658	52750.921577	18753.784150	45575.385758	-14208.735729	2742.469638	-44147.176343	-187500.022352	0.103191	0.950449	0.254715	192.000000	0.000000	0.000000	0.000000	0.000000	0.000000	0.000000	0.000000	0.000000	0.000000	1741979722.052224	0.000000
112.000000	-11767.098220	4867.449983	-187500.022352	-179.417453	29564.585336	19925.864926	-35427.313796	19444.989496	2225.742009	52624.947146	18634.314076	45461.905952	-14210.210944	2687.864326	-44200.194681	-187500.022352	0.103191	0.950449	0.254715	192.000000	0.000000	0.000000	0.000000	0.000000	0.000000	0.000000	0.000000	0.000000	0.000000	1741979722.052418	0.000000
114.000000	-11770.629796	4847.936910	-187500.022352	-20.898881	29668.096264	20040.864651	-35440.635436	19530.082587	2266.042205	52738.046973	18735.053388	45560.454793	-14192.620122	2749.801010	-44150.596160	-187500.022352	0.101596	0.949225	0.262357	192.000000	1.500000	16.000000	14.500000	80.000000	4.000000	56.000000	0.000000	0.000000	0.000000	1741979722.052596	0.000000
116.000000	-11753.262490	4851.781410	-187500.022352	-166.185220	29561.478443	19937.331371	-35426.084450	19445.481234	2222.545710	52655.658442	18658.699829	45491.119682	-14209.898020	2720.319059	-44174.154898	-187500.022352	0.101596	0.949225	0.262357	192.000000	0.000000	0.000000	0.000000	0.000000	0.000000	0.000000	0.000000	0.000000	0.000000	1741979722.052775	0.000000
118.000000	-11776.463601	4847.959262	-187500.022352	-1.117587	29676.053485	20065.965660	-35451.297218	19540.230279	2293.512499	52724.591222	18721.217659	45546.529656	-14204.243029	2734.557120	-44142.951863	-187500.022352	0.101596	0.949225	0.262357	192.000000	0.000000	0.000000	0.000000	0.000000	0.000000	0.000000	0.000000	0.000000	0.000000	1741979722.052949	0.000000
120.000000	-11737.191586	4874.602541	-187500.022352	-181.160889	29541.540687	19930.111758	-35417.255511	19426.929286	2234.034507	52671.572885	18672.177931	45500.865042	-14202.633703	2713.412370	-44160.475631	-187500.022352	0.101596	0.949225	0.262357	192.000000	0.000000	0.000000	0.000000	0.000000	0.000000	0.000000	0.000000	0.000000	0.000000	1741979722.053116	0.000000
122.000000	-11747.562796	4873.730823	-187500.022352	-31.627718	29643.531697	20042.675143	-35431.806497	19512.849392	2273.060652	52694.394016	18688.450001	45506.072999	-14195.168220	2750.158638	-44162.979026	-187500.022352	0.101596	0.949225	0.262357	192.000000	0.000000	0.000000	0.000000	0.000000	0.000000	0.000000	0.000000	0.000000	0.000000	1741979722.053291	0.000000
124.000000	-11742.064266	4859.358652	-187500.022352	-203.691447	29515.277388	19910.732795	-35411.578168	19405.672777	2260.364862	52670.678815	18675.508341	45495.098292	-14198.208058	2723.805931	-44174.154898	-187500.022352	0.100798	0.946612	0.267179	192.000000	1.500000	16.000000	14.500000	64.000000	4.000000	64.000000	0.000000	0.000000	0.000000	1741979722.053462	0.000000
126.000000	-11739.247947	4849.769753	-187500.022352	-26.151541	29641.989427	20049.850053	-35440.389566	19520.024302	2310.589231	52666.342576	18660.420914	45474.825260	-14188.932084	2748.079926	-44186.604820	-187500.022352	0.100798	0.946612	0.267179	192.000000	0.000000	0.000000	0.000000	0.000000	0.000000	0.000000	0.000000	0.000000	0.000000	1741979722.112641	0.000000
128.000000	-11752.569586	4848.875683	-187500.022352	-160.798450	29532.644693	19950.273031	-35424.855104	19440.586202	2238.013117	52716.164615	18729.979542	45551.558799	-14209.719206	2712.942983	-44127.909139	-187500.022352	0.100798	0.946612	0.267179	192.000000	0.000000	0.000000	0.000000	0.000000	0.000000	0.000000	0.000000	0.000000	0.000000	1741979722.112870	0.000000
130.000000	-11740.343182	4842.706602	-187500.022352	-28.453771	29630.522982	20060.645945	-35439.696662	19523.645285	2279.207382	52657.714803	18661.225577	45479.094443	-14188.015662	2731.070248	-44167.315265	-187500.022352	0.100798	0.946612	0.267179	192.000000	0.000000	0.000000	0.000000	0.000000	0.000000	0.000000	0.000000	0.000000	0.000000	1741979722.113044	0.000000
132.000000	-11750.982612	4837.006907	-187500.022352	-160.418470	29522.541704	19964.265223	-35431.024186	19437.345199	2246.506780	52739.589243	18755.192310	45579.185555	-14201.560819	2728.343335	-44105.847967	-187500.022352	0.100798	0.946612	0.267179	192.000000	0.000000	0.000000	0.000000	0.000000	0.000000	0.000000	0.000000	0.000000	0.000000	1741979722.113224	0.000000
134.000000	-11733.794121	4832.089523	-187500.022352	-65.378853	29595.676612	20041.423445	-35431.113593	19494.744479	2257.526190	52618.912175	18616.857364	45441.297643	-14185.713433	2725.258794	-44192.483329	-187500.022352	0.094399	0.941306	0.267589	192.000000	1.000000	96.000000	14.500000	32.000000	4.000000	48.000000	0.000000	0.000000	0.000000	1741979722.113408	0.000000
136.000000	-11749.172121	4821.494796	-187500.022352	-154.741127	29511.477591	19972.177741	-35423.402241	19432.450167	2249.300748	52757.761211	18771.039697	45601.850224	-14198.476279	2720.631983	-44091.341685	-187500.022352	0.094399	0.941306	0.267589	192.000000	0.000000	0.000000	0.000000	0.000000	0.000000	0.000000	0.000000	0.000000	0.000000	1741979722.113590	0.000000
138.000000	-11756.749363	4831.776599	-187500.022352	-63.166030	29581.483255	20054.521567	-35437.863819	19503.014624	2264.164658	52601.410759	18602.596951	45433.452181	-14190.116726	2721.034315	-44196.506643	-187500.022352	0.094399	0.941306	0.267589	192.000000	0.000000	0.000000	0.000000	0.000000	0.000000	0.000000	0.000000	0.000000	0.000000	1741979722.113762	0.000000
140.000000	-11759.409220	4805.714465	-187500.022352	-113.859786	29519.323053	20010.600389	-35434.779279	19460.970993	2272.568914	52777.251932	18794.576084	45632.405058	-14214.748349	2721.011963	-44062.083252	-187500.022352	0.094399	0.941306	0.267589	192.000000	0.000000	0.000000	0.000000	0.000000	0.000000	0.000000	0.000000	0.000000	0.000000	1741979722.113934	0.000000
142.000000	-11756.637604	4832.983593	-187500.022352	-121.034696	29519.255998	20007.940532	-35423.424592	19459.495778	2281.196687	52586.032758	18585.631977	45426.366678	-14179.432592	2727.337507	-44193.422102	-187500.022352	0.094399	0.941306	0.267589	192.000000	0.000000	0.000000	0.000000	0.000000	0.000000	0.000000	0.000000	0.000000	0.000000	1741979722.173660	0.000000
144.000000	-11763.119610	4829.429666	-187500.022352	-144.794601	29476.698277	19979.151485	-35420.541217	19436.741702	2268.724414	52751.972109	18761.786075	45594.518852	-14175.297520	2763.189705	-44098.270726	-187500.022352	0.090199	0.938653	0.275795	192.000000	1.000000	88.000000	14.500000	32.000000	4.000000	112.000000	0.000000	0.000000	0.000000	1741979722.173882	0.000000
146.000000	-11765.175970	4831.709544	-187500.022352	-143.207627	29481.928585	19994.127154	-35436.857991	19453.214938	2234.258024	52558.920092	18553.467817	45388.033436	-14157.505531	2774.991426	-44222.032335	-187500.022352	0.090199	0.938653	0.275795	192.000000	0.000000	0.000000	0.000000	0.000000	0.000000	0.000000	0.000000	0.000000	0.000000	1741979722.174070	0.000000
148.000000	-11791.372215	4820.064285	-187500.022352	-100.739312	29479.604003	20022.133889	-35445.798689	19470.828112	2234.280376	52774.368557	18781.813238	45618.614032	-14168.726107	2840.884369	-44068.565258	-187500.022352	0.090199	0.938653	0.275795	192.000000	0.000000	0.000000	0.000000	0.000000	0.000000	0.000000	0.000000	0.000000	0.000000	1741979722.174261	0.000000
150.000000	-11774.340185	4826.568642	-187500.022352	-139.720755	29450.569087	20008.879305	-35442.669444	19463.630851	2239.957719	52573.761651	18570.745715	45411.145140	-14156.276185	2870.232209	-44189.041160	-187500.022352	0.090199	0.938653	0.275795	192.000000	0.000000	0.000000	0.000000	0.000000	0.000000	0.000000	0.000000	0.000000	0.000000	1741979722.174440	0.000000
152.000000	-11803.643322	4825.004020	-187500.022352	-63.210733	29479.000506	20063.149341	-35446.245724	19502.277017	2259.671957	52781.029377	18790.664529	45630.303994	-14141.233461	2963.237818	-44042.123144	-187500.022352	0.090199	0.938653	0.275795	192.000000	0.000000	0.000000	0.000000	0.000000	0.000000	0.000000	0.000000	0.000000	0.000000	1741979722.174611	0.000000
154.000000	-11800.894058	4833.967070	-187500.022352	-148.415583	29423.121145	20011.248590	-35441.998892	19460.792179	2232.827512	52588.022064	18592.113983	45433.943919	-14121.809795	2997.123062	-44158.843953	-187500.022352	0.089100	0.935327	0.284897	192.000000	1.000000	96.000000	14.500000	16.000000	4.500000	24.000000	0.000000	0.000000	0.000000	1741979722.174786	0.000000
156.000000	-11837.237994	4829.563776	-187500.022352	-43.317681	29478.933451	20083.176504	-35447.072738	19515.598657	2243.802219	52766.679557	18780.159209	45618.479922	-14123.776749	3052.018947	-44043.576007	-187500.022352	0.089100	0.935327	0.284897	192.000000	0.000000	0.000000	0.000000	0.000000	0.000000	0.000000	0.000000	0.000000	0.000000	1741979722.233948	0.000000
158.000000	-11835.181634	4841.164332	-187500.022352	-172.466060	29386.710153	19996.719956	-35435.919218	19445.525938	2227.910129	52598.974419	18605.659140	45449.746603	-14112.936153	3049.247330	-44140.113192	-187500.022352	0.089100	0.935327	0.284897	192.000000	0.000000	0.000000	0.000000	0.000000	0.000000	0.000000	0.000000	0.000000	0.000000	1741979722.234142	0.000000
160.000000	-11851.207835	4823.640564	-187500.022352	-48.235065	29458.906288	20088.742088	-35452.615971	19512.804689	2267.338606	52734.627156	18740.820139	45579.364369	-14118.300571	3131.591157	-44067.402967	-187500.022352	0.089100	0.935327	0.284897	192.000000	0.000000	0.000000	0.000000	0.000000	0.000000	0.000000	0.000000	0.000000	0.000000	1741979722.234315	0.000000
162.000000	-11875.861809	4844.472390	-187500.022352	-188.916944	29356.065912	19996.764659	-35434.265188	19438.552193	2208.754684	52610.306753	18622.266486	45463.045891	-14116.221859	3108.702971	-44119.236662	-187500.022352	0.089100	0.935327	0.284897	192.000000	0.000000	0.000000	0.000000	0.000000	0.000000	0.000000	0.000000	0.000000	0.000000	1741979722.234486	0.000000
164.000000	-11884.556637	4814.655163	-187500.022352	-38.400297	29447.350436	20106.265856	-35458.896811	19522.214773	2256.922693	52713.974144	18725.285676	45556.409127	-14108.041121	3190.018617	-44070.018121	-187500.022352	0.087550	0.935663	0.291449	192.000000	1.000000	88.000000	14.500000	32.000000	4.500000	40.000000	0.000000	0.000000	0.000000	1741979722.234660	0.000000
166.000000	-11879.371033	4816.465654	-187500.022352	-194.974267	29330.629627	19996.183514	-35438.221447	19434.864156	2187.833451	52621.773198	18644.215899	45479.630885	-14109.426929	3180.854402	-44103.076351	-187500.022352	0.087550	0.935663	0.291449	192.000000	0.000000	0.000000	0.000000	0.000000	0.000000	0.000000	0.000000	0.000000	0.000000	1741979722.234845	0.000000
168.000000	-11889.898704	4807.524956	-187500.022352	-37.685041	29435.883991	20117.441728	-35456.661636	19529.076759	2214.901413	52698.484385	18715.517964	45547.691947	-14086.091707	3246.412068	-44055.221266	-187500.022352	0.087550	0.935663	0.291449	192.000000	0.000000	0.000000	0.000000	0.000000	0.000000	0.000000	0.000000	0.000000	0.000000	1741979722.235022	0.000000
170.000000	-11894.950199	4801.221764	-187500.022352	-185.117148	29323.387661	20014.824869	-35442.937665	19449.638659	2195.075416	52649.042326	18682.347975	45517.248871	-14111.617400	3219.411161	-44059.244580	-187500.022352	0.087550	0.935663	0.291449	192.000000	0.000000	0.000000	0.000000	0.000000	0.000000	0.000000	0.000000	0.000000	0.000000	1741979722.235201	0.000000
172.000000	-11879.996881	4817.359724	-187500.022352	-31.605367	29421.333006	20124.683693	-35448.190325	19533.211831	2221.271660	52675.752661	18700.497592	45534.549121	-14086.784612	3285.527621	-44042.592531	-187500.022352	0.087550	0.935663	0.291449	192.000000	0.000000	0.000000	0.000000	0.000000	0.000000	0.000000	0.000000	0.000000	0.000000	1741979722.293404	0.000000
174.000000	-11880.846248	4812.464692	-187500.022352	-183.284305	29299.538350	20011.740328	-35431.672386	19445.503586	2208.486463	52667.035480	18704.610313	45544.562703	-14092.327844	3304.057217	-44032.601301	-187500.022352	0.089775	0.937832	0.298724	192.000000	1.000000	112.000000	14.500000	48.000000	4.500000	72.000000	0.000000	0.000000	0.000000	1741979722.293614	0.000000
176.000000	-11871.369108	4810.050703	-187500.022352	-40.836637	29402.423430	20123.923734	-35450.447851	19528.249744	2229.005364	52635.363058	18664.913614	45502.742589	-14070.758411	3340.669375	-44059.982188	-187500.022352	0.089775	0.937832	0.298724	192.000000	0.000000	0.000000	0.000000	0.000000	0.000000	0.000000	0.000000	0.000000	0.000000	1741979722.293811	0.000000
178.000000	-11872.821972	4818.477311	-187500.022352	-180.445633	29287.557815	20017.685892	-35427.917293	19440.317981	2195.231878	52683.799289	18723.206964	45565.305122	-14074.960539	3369.056090	-44019.056144	-187500.022352	0.089775	0.937832	0.298724	192.000000	0.000000	0.000000	0.000000	0.000000	0.000000	0.000000	0.000000	0.000000	0.000000	1741979722.293997	0.000000
180.000000	-11849.129122	4817.449131	-187500.022352	-45.374041	29385.123180	20127.030626	-35448.615008	19525.567535	2205.714846	52614.933564	18641.466634	45480.502603	-14059.381373	3441.028707	-44071.560391	-187500.022352	0.089775	0.937832	0.298724	192.000000	0.000000	0.000000	0.000000	0.000000	0.000000	0.000000	0.000000	0.000000	0.000000	1741979722.294165	0.000000
182.000000	-11874.028966	4829.452017	-187500.022352	-199.601078	29255.371303	20000.139773	-35438.981407	19416.669836	2196.617686	52703.960562	18742.563575	45588.416825	-14089.735042	3473.416385	-44006.516815	-187500.022352	0.089775	0.937832	0.298724	192.000000	0.000000	0.000000	0.000000	0.000000	0.000000	0.000000	0.000000	0.000000	0.000000	1741979722.294333	0.000000
184.000000	-11874.319538	4826.434532	-187500.022352	-96.023094	29337.357502	20085.165809	-35452.906543	19486.809610	2213.180329	52571.861752	18592.248093	45437.564902	-14055.246300	3545.701926	-44112.039401	-187500.022352	0.088887	0.936916	0.301362	192.000000	1.000000	96.000000	14.500000	32.000000	4.500000	64.000000	0.000000	0.000000	0.000000	1741979722.294510	0.000000
186.000000	-11888.669358	4808.799006	-187500.022352	-158.540923	29275.979611	20039.143567	-35442.848258	19451.918537	2212.040390	52724.144187	18760.467322	45605.650020	-14059.001393	3625.989393	-43999.140739	-187500.022352	0.088887	0.936916	0.301362	192.000000	0.000000	0.000000	0.000000	0.000000	0.000000	0.000000	0.000000	0.000000	0.000000	1741979722.353128	0.000000
188.000000	-11866.317614	4830.748419	-187500.022352	-107.824815	29311.340071	20079.890797	-35446.782165	19481.959281	2241.701155	52580.064843	18605.770899	45455.021614	-14056.922681	3694.475138	-44086.603115	-187500.022352	0.088887	0.936916	0.301362	192.000000	0.000000	0.000000	0.000000	0.000000	0.000000	0.000000	0.000000	0.000000	0.000000	1741979722.353344	0.000000
190.000000	-11873.425469	4827.820340	-187500.022352	-146.761554	29263.373228	20045.111483	-35440.747194	19454.801912	2221.763399	52735.051839	18771.352621	45625.431314	-14049.121922	3818.035581	-43993.329286	-187500.022352	0.088887	0.936916	0.301362	192.000000	0.000000	0.000000	0.000000	0.000000	0.000000	0.000000	0.000000	0.000000	0.000000	1741979722.353523	0.000000
192.000000	-11873.894855	4822.433570	-187500.022352	-77.269981	29313.731708	20110.803260	-35466.317590	19512.044729	2208.374704	52580.355415	18606.955541	45460.900123	-14047.289079	3886.320160	-44079.294095	-187500.022352	0.088887	0.936916	0.301362	192.000000	0.000000	0.000000	0.000000	0.000000	0.000000	0.000000	0.000000	0.000000	0.000000	1741979722.353706	0.000000
194.000000	-11885.875390	4800.864136	-187500.022352	-80.086300	29287.379001	20100.454402	-35460.260267	19496.353805	2208.553518	52773.653301	18814.737357	45670.939466	-14057.213254	3965.177115	-43938.723974	-187500.022352	0.084000	0.936000	0.302000	192.000000	1.000000	80.000000	14.500000	32.000000	4.500000	56.000000	0.000000	0.000000	0.000000	1741979722.353888	0.000000
196.000000	-11847.676259	4834.548215	-187500.022352	-101.678086	29281.433437	20092.698347	-35452.750081	19491.436421	2210.162843	52583.998750	18615.203335	45475.987551	-14050.619489	4012.205185	-44047.509914	-187500.022352	0.084000	0.936000	0.302000	192.000000	0.000000	0.000000	0.000000	0.000000	0.000000	0.000000	0.000000	0.000000	0.000000	1741979722.354071	0.000000
198.000000	-11864.238902	4837.208073	-187500.022352	-93.340885	29267.128321	20086.037527	-35443.272942	19478.740630	2240.807085	52761.471601	18796.923017	45659.428317	-14038.840120	4098.639381	-43945.451849	-187500.022352	0.084000	0.936000	0.302000	192.000000	0.000000	0.000000	0.000000	0.000000	0.000000	0.000000	0.000000	0.000000	0.000000	1741979722.354250	0.000000
200.000000	-11863.478942	4832.447151	-187500.022352	-122.286394	29257.427663	20082.036565	-35454.739386	19481.802819	2203.859652	52565.022119	18595.623207	45458.262617	-14026.457253	4108.451797	-44064.229019	-187500.022352	0.084000	0.936000	0.302000	192.000000	0.000000	0.000000	0.000000	0.000000	0.000000	0.000000	0.000000	0.000000	0.000000	1741979722.354435	0.000000
202.000000	-11877.091155	4825.048724	-187500.022352	-51.073736	29282.506321	20128.192917	-35449.978465	19510.457755	2224.177387	52774.681482	18816.525497	45677.466175	-14041.343515	4186.034702	-43916.662802	-187500.022352	0.084000	0.936000	0.302000	192.000000	0.000000	0.000000	0.000000	0.000000	0.000000	0.000000	0.000000	0.000000	0.000000	1741979722.414010	0.000000
204.000000	-11847.855073	4842.818361	-187500.022352	-167.213400	29203.403497	20043.345695	-35437.439136	19442.441397	2187.140547	52577.919075	18610.285951	45475.965199	-14027.954820	4181.810222	-44041.765516	-187500.022352	0.082000	0.940000	0.302000	192.000000	1.000000	72.000000	14.500000	48.000000	4.500000	56.000000	0.000000	0.000000	0.000000	1741979722.414203	0.000000
206.000000	-11865.825875	4831.262509	-187500.022352	-73.626646	29253.806681	20101.683748	-35439.428441	19489.625930	2222.188082	52729.799179	18760.221453	45621.385648	-14017.069521	4266.255112	-43975.425538	-187500.022352	0.082000	0.940000	0.302000	192.000000	0.000000	0.000000	0.000000	0.000000	0.000000	0.000000	0.000000	0.000000	0.000000	1741979722.414383	0.000000
208.000000	-11852.414829	4840.359669	-187500.022352	-191.889726	29171.149930	20020.926895	-35430.331281	19432.003132	2212.040390	52570.386537	18600.339425	45464.834030	-14034.258012	4269.585522	-44066.531249	-187500.022352	0.082000	0.940000	0.302000	192.000000	0.000000	0.000000	0.000000	0.000000	0.000000	0.000000	0.000000	0.000000	0.000000	1741979722.414566	0.000000
210.000000	-11895.911324	4809.849538	-187500.022352	-17.032029	29280.606422	20156.870205	-35469.804462	19537.726884	2229.519454	52724.501815	18760.892005	45622.413829	-14027.753654	4360.199494	-43965.747233	-187500.022352	0.082000	0.940000	0.302000	192.000000	0.000000	0.000000	0.000000	0.000000	0.000000	0.000000	0.000000	0.000000	0.000000	1741979722.414747	0.000000
212.000000	-11866.116448	4832.737724	-187500.022352	-178.545735	29165.159662	20041.468148	-35440.970712	19444.788330	2208.553518	52605.143500	18644.998210	45515.013697	-14031.821672	4322.223881	-44013.870539	-187500.022352	0.082000	0.940000	0.302000	192.000000	0.000000	0.000000	0.000000	0.000000	0.000000	0.000000	0.000000	0.000000	0.000000	1741979722.414919	0.000000
214.000000	-11897.766518	4801.780558	-187500.022352	-10.304154	29276.292536	20171.734115	-35457.220430	19544.655924	2227.418390	52714.667048	18753.828854	45619.821026	-14023.283306	4414.424826	-43945.921236	-187500.022352	0.084000	0.940000	0.300000	192.000000	1.000000	80.000000	14.500000	48.000000	4.500000	48.000000	0.000000	0.000000	0.000000	1741979722.415098	0.000000
216.000000	-11865.758820	4821.226576	-187500.022352	-182.501993	29151.838023	20043.770378	-35424.430421	19439.267449	2188.235782	52625.595346	18668.601652	45542.193418	-14019.684675	4385.658131	-43980.857012	-187500.022352	0.084000	0.940000	0.300000	192.000000	0.000000	0.000000	0.000000	0.000000	0.000000	0.000000	0.000000	0.000000	0.000000	1741979722.473744	0.000000
218.000000	-11856.929881	4823.126474	-187500.022352	-28.252605	29256.019504	20158.658345	-35441.775375	19527.333322	2222.344544	52683.687530	18714.042749	45586.449872	-13989.465116	4474.461612	-43962.930913	-187500.022352	0.084000	0.940000	0.300000	192.000000	0.000000	0.000000	0.000000	0.000000	0.000000	0.000000	0.000000	0.000000	0.000000	1741979722.473962	0.000000
220.000000	-11861.310823	4815.526881	-187500.022352	-188.738130	29135.856525	20045.066779	-35436.835639	19435.132377	2200.976277	52640.123980	18686.147772	45566.869744	-14011.191012	4464.224513	-43966.015454	-187500.022352	0.084000	0.940000	0.300000	192.000000	0.000000	0.000000	0.000000	0.000000	0.000000	0.000000	0.000000	0.000000	0.000000	1741979722.474128	0.000000
222.000000	-11873.470172	4809.558965	-187500.022352	-34.846370	29246.855288	20161.586423	-35446.424537	19528.339151	2239.935367	52641.554492	18675.575396	45561.348863	-13995.969474	4511.006714	-43977.392492	-187500.022352	0.084000	0.940000	0.300000	192.000000	0.000000	0.000000	0.000000	0.000000	0.000000	0.000000	0.000000	0.000000	0.000000	1741979722.474328	0.000000
224.000000	-11899.398196	4808.664895	-187500.022352	-179.305694	29135.655360	20060.511835	-35440.076642	19445.168310	2194.762492	52660.285254	18714.176859	45611.886157	-14026.993695	4479.267237	-43929.582111	-187500.022352	0.082000	0.938000	0.300000	192.000000	1.000000	72.000000	14.500000	40.000000	4.500000	48.000000	0.000000	0.000000	0.000000	1741979722.474510	0.000000
226.000000	-11874.431297	4812.151767	-187500.022352	-43.451791	29231.298474	20164.559205	-35450.693721	19521.030131	2211.548652	52614.128901	18655.548233	45549.569493	-14000.931561	4501.440168	-43969.859954	-187500.022352	0.082000	0.938000	0.300000	192.000000	0.000000	0.000000	0.000000	0.000000	0.000000	0.000000	0.000000	0.000000	0.000000	1741979722.474693	0.000000
228.000000	-11872.978434	4811.682381	-187500.022352	-198.237622	29103.513551	20045.849090	-35428.453735	19422.660103	2193.957829	52662.140448	18721.262362	45619.821026	-14016.577782	4499.696732	-43924.932948	-187500.022352	0.082000	0.938000	0.300000	192.000000	0.000000	0.000000	0.000000	0.000000	0.000000	0.000000	0.000000	0.000000	0.000000	1741979722.474865	0.000000
230.000000	-11852.191311	4820.868948	-187500.022352	-52.772469	29209.483172	20162.033458	-35452.392453	19518.862011	2220.332887	52577.404985	18624.367550	45515.661897	-14000.953913	4542.925005	-43991.965829	-187500.022352	0.082000	0.938000	0.300000	192.000000	0.000000	0.000000	0.000000	0.000000	0.000000	0.000000	0.000000	0.000000	0.000000	1741979722.475038	0.000000
232.000000	-11861.355527	4844.293576	-187500.022352	-167.526325	29107.603920	20069.765457	-35427.514962	19443.246060	2199.523413	52696.606838	18760.579081	45657.237847	-14017.114224	4543.461447	-43888.566660	-187500.022352	0.082000	0.938000	0.300000	192.000000	0.000000	0.000000	0.000000	0.000000	0.000000	0.000000	0.000000	0.000000	0.000000	1741979722.534509	0.000000
234.000000	-11879.460440	4832.894186	-187500.022352	-66.295274	29186.818503	20156.467874	-35445.597523	19513.855221	2221.763399	52559.344776	18605.636788	45502.452016	-13988.079308	4554.972596	-43994.178652	-187500.022352	0.076000	0.942000	0.300000	192.000000	1.000000	48.000000	14.500000	56.000000	4.500000	48.000000	0.000000	0.000000	0.000000	1741979722.534728	0.000000
236.000000	-11878.499315	4836.850445	-187500.022352	-152.505952	29105.748726	20088.384460	-35425.190380	19452.052647	2203.323210	52722.311344	18782.729659	45685.378693	-14015.035512	4588.500212	-43871.914610	-187500.022352	0.076000	0.942000	0.300000	192.000000	0.000000	0.000000	0.000000	0.000000	0.000000	0.000000	0.000000	0.000000	0.000000	1741979722.534930	0.000000
238.000000	-11852.280718	4861.973806	-187500.022352	-119.581833	29135.498897	20117.218210	-35427.559665	19471.878644	2234.995632	52540.569310	18583.955596	45489.800929	-13984.480677	4594.110500	-44007.030905	-187500.022352	0.076000	0.942000	0.300000	192.000000	0.000000	0.000000	0.000000	0.000000	0.000000	0.000000	0.000000	0.000000	0.000000	1741979722.535105	0.000000
240.000000	-11866.518780	4855.827076	-187500.022352	-168.040415	29083.084057	20073.162922	-35421.725860	19437.054627	2214.342620	52701.658333	18757.159264	45666.245600	-13987.699328	4626.386419	-43905.956317	-187500.022352	0.076000	0.942000	0.300000	192.000000	0.000000	0.000000	0.000000	0.000000	0.000000	0.000000	0.000000	0.000000	0.000000	1741979722.535284	0.000000
242.000000	-11852.347774	4841.365497	-187500.022352	-148.527342	29112.074269	20097.436917	-35429.660729	19460.479255	2209.000553	52522.173825	18567.281195	45473.640618	-13984.883009	4609.510852	-44018.877330	-187500.022352	0.076000	0.942000	0.300000	192.000000	0.000000	0.000000	0.000000	0.000000	0.000000	0.000000	0.000000	0.000000	0.000000	1741979722.535450	0.000000
244.000000	-11870.765611	4859.068079	-187500.022352	-157.624502	29087.375592	20081.053088	-35430.107764	19439.580374	2224.914995	52714.287068	18770.547959	45679.544887	-13992.661416	4646.391230	-43889.326619	-187500.022352	0.072000	0.938000	0.306000	192.000000	1.000000	32.000000	14.500000	40.000000	4.500000	72.000000	0.000000	0.000000	0.000000	1741979722.535636	0.000000
246.000000	-11853.375954	4870.579227	-187500.022352	-191.822671	29073.830435	20061.383553	-35433.013491	19424.224725	2211.705114	52499.978542	18542.135482	45455.155725	-13980.949102	4610.628439	-44038.278644	-187500.022352	0.072000	0.938000	0.306000	192.000000	0.000000	0.000000	0.000000	0.000000	0.000000	0.000000	0.000000	0.000000	0.000000	1741979722.594321	0.000000
248.000000	-11858.695669	4862.376137	-187500.022352	-140.950101	29089.722525	20096.162867	-35439.048462	19451.762074	2218.432989	52703.222955	18756.287546	45666.357358	-13990.448593	4642.792600	-43906.291593	-187500.022352	0.072000	0.938000	0.306000	192.000000	0.000000	0.000000	0.000000	0.000000	0.000000	0.000000	0.000000	0.000000	0.000000	1741979722.594549	0.000000
250.000000	-11857.980413	4883.654998	-187500.022352	-192.873203	29058.430083	20069.050201	-35436.232142	19437.971048	2205.916012	52515.848281	18564.800151	45475.227591	-13987.900494	4611.276640	-44011.992992	-187500.022352	0.072000	0.938000	0.306000	192.000000	0.000000	0.000000	0.000000	0.000000	0.000000	0.000000	0.000000	0.000000	0.000000	1741979722.594734	0.000000
252.000000	-11869.916245	4879.922256	-187500.022352	-106.796635	29096.584510	20125.264838	-35447.408014	19476.348993	2237.342565	52704.362894	18765.474113	45675.566277	-13990.426241	4648.648757	-43890.913593	-187500.022352	0.072000	0.938000	0.306000	192.000000	0.000000	0.000000	0.000000	0.000000	0.000000	0.000000	0.000000	0.000000	0.000000	1741979722.594909	0.000000
254.000000	-11850.559634	4891.858088	-187500.022352	-196.360075	29034.334902	20066.412695	-35435.338072	19433.277182	2210.766341	52531.807426	18588.470648	45503.100217	-13995.187163	4618.228032	-43989.462434	-187500.022352	0.078000	0.934000	0.302000	192.000000	1.000000	56.000000	14.500000	24.000000	4.500000	56.000000	0.000000	0.000000	0.000000	1741979722.595086	0.000000
0.000000	-11856.080515	4888.550030	-187500.022352	-116.586699	29073.539862	20107.629312	-35436.589770	19460.211034	2233.274547	52685.207449	18745.961040	45655.494410	-13978.915093	4642.882007	-43908.415009	-187500.022352	0.078000	0.934000	0.302000	192.000000	0.000000	0.000000	0.000000	0.000000	0.000000	0.000000	0.000000	0.000000	0.000000	1741979722.595268	0.000000
2.000000	-11843.720000	4886.180745	-187500.022352	-233.016936	28997.633338	20029.286448	-35431.426517	19404.108155	2239.533036	52523.604336	18582.458029	45492.080807	-13985.710023	4626.632288	-44009.646059	-187500.022352	0.078000	0.934000	0.302000	192.000000	0.000000	0.000000	0.000000	0.000000	0.000000	0.000000	0.000000	0.000000	0.000000	1741979722.595458	0.000000
4.000000	-11869.290396	4856.989367	-187500.022352	-66.429385	29101.390135	20149.963516	-35452.839488	19499.997139	2246.529132	52679.932437	18740.529566	45643.603282	-13984.592436	4663.490315	-43914.204110	-187500.022352	0.078000	0.934000	0.302000	192.000000	0.000000	0.000000	0.000000	0.000000	0.000000	0.000000	0.000000	0.000000	0.000000	1741979722.595630	0.000000
6.000000	-11885.093079	4871.808573	-187500.022352	-195.711874	29003.802419	20064.937480	-35440.568380	19432.964257	2199.366951	52576.980302	18653.357762	45569.820174	-13997.221172	4597.843241	-43939.640396	-187500.022352	0.078000	0.934000	0.302000	192.000000	0.000000	0.000000	0.000000	0.000000	0.000000	0.000000	0.000000	0.000000	0.000000	1741979722.653747	0.000000
8.000000	-11876.197085	4892.863917	-187500.022352	-66.094108	29082.301746	20150.522310	-35441.708319	19495.079755	2278.290961	52658.564169	18724.369255	45644.810277	-13987.922846	4632.555501	-43910.113741	-187500.022352	0.084000	0.938000	0.304000	192.000000	1.000000	80.000000	14.500000	40.000000	4.500000	64.000000	0.000000	0.000000	0.000000	1741979722.653952	0.000000
10.000000	-11873.269006	4885.957227	-187500.022352	-232.949881	28960.842366	20030.336980	-35414.193322	19401.045966	2192.952000	52575.773308	18648.194510	45575.631628	-13989.219247	4550.301081	-43949.050480	-187500.022352	0.084000	0.938000	0.304000	192.000000	0.000000	0.000000	0.000000	0.000000	0.000000	0.000000	0.000000	0.000000	0.000000	1741979722.654146	0.000000
12.000000	-11889.205800	4870.936855	-187500.022352	-94.011437	29060.709961	20131.098644	-35434.511058	19477.041897	2226.680783	52607.803358	18676.245949	45598.318648	-13961.145456	4651.442725	-43951.397413	-187500.022352	0.084000	0.938000	0.304000	192.000000	0.000000	0.000000	0.000000	0.000000	0.000000	0.000000	0.000000	0.000000	0.000000	1741979722.654338	0.000000
14.000000	-11875.392422	4872.277960	-187500.022352	-265.695186	28939.138822	20008.164049	-35420.451810	19380.527065	2204.865480	52575.460383	18650.228518	45580.258439	-13995.924770	4578.173706	-43960.293407	-187500.022352	0.084000	0.938000	0.304000	192.000000	0.000000	0.000000	0.000000	0.000000	0.000000	0.000000	0.000000	0.000000	0.000000	1741979722.654508	0.000000
16.000000	-11879.885123	4868.209942	-187500.022352	-103.600336	29053.937382	20132.015065	-35444.099956	19475.074944	2241.455286	52582.344721	18644.886451	45571.675369	-13975.897607	4567.444869	-43972.631570	-187500.022352	0.084000	0.938000	0.304000	192.000000	0.000000	0.000000	0.000000	0.000000	0.000000	0.000000	0.000000	0.000000	0.000000	1741979722.654677	0.000000
18.000000	-11847.430390	4898.630667	-187500.022352	-266.969236	28928.186468	20004.967750	-35409.834732	19378.336594	2247.043222	52592.179488	18669.786295	45600.531471	-13987.475811	4533.179645	-43955.979521	-187500.022352	0.088000	0.938000	0.302000	192.000000	1.000000	96.000000	14.500000	40.000000	4.500000	56.000000	0.000000	0.000000	0.000000	1741979722.654855	0.000000
20.000000	-11873.917207	4873.417899	-187500.022352	-91.351580	29052.484519	20147.884804	-35443.317645	19495.347976	2231.374649	52566.296168	18637.845652	45565.327473	-13968.745049	4539.035802	-43980.477033	-187500.022352	0.088000	0.938000	0.302000	192.000000	0.000000	0.000000	0.000000	0.000000	0.000000	0.000000	0.000000	0.000000	0.000000	1741979722.713878	0.000000
22.000000	-11906.103719	4868.701681	-187500.022352	-238.738983	28922.397366	20020.546916	-35417.255511	19392.708766	2218.209471	52638.715820	18724.123385	45659.964759	-13987.364052	4485.637484	-43913.712372	-187500.022352	0.088000	0.938000	0.302000	192.000000	0.000000	0.000000	0.000000	0.000000	0.000000	0.000000	0.000000	0.000000	0.000000	1741979722.714071	0.000000
24.000000	-11917.011370	4885.890172	-187500.022352	-118.553653	29018.331053	20115.474774	-35439.048462	19474.247929	2216.823663	52540.703421	18607.693149	45545.076793	-13964.140590	4436.731867	-43998.425484	-187500.022352	0.088000	0.938000	0.302000	192.000000	0.000000	0.000000	0.000000	0.000000	0.000000	0.000000	0.000000	0.000000	0.000000	1741979722.714260	0.000000
26.000000	-11947.700315	4866.645320	-187500.022352	-224.053886	28931.695692	20030.448738	-35429.124287	19409.763147	2214.879062	52653.669137	18731.544165	45674.113414	-13980.904398	4422.069123	-43916.193416	-187500.022352	0.088000	0.938000	0.302000	192.000000	0.000000	0.000000	0.000000	0.000000	0.000000	0.000000	0.000000	0.000000	0.000000	1741979722.714447	0.000000
28.000000	-11941.173606	4865.438326	-187500.022352	-132.814066	29003.288329	20102.309597	-35439.942532	19468.011793	2251.178295	52528.074685	18591.018747	45538.795953	-13962.732430	4409.306277	-43996.659696	-187500.022352	0.082000	0.938000	0.304000	192.000000	1.000000	72.000000	14.500000	40.000000	4.500000	64.000000	0.000000	0.000000	0.000000	1741979722.714628	0.000000
30.000000	-11943.632298	4862.867875	-187500.022352	-188.626371	28942.826860	20055.572099	-35434.823982	19426.973990	2239.443629	52676.534972	18751.772493	45706.702257	-13973.237750	4388.452099	-43890.377151	-187500.022352	0.082000	0.938000	0.304000	192.000000	0.000000	0.000000	0.000000	0.000000	0.000000	0.000000	0.000000	0.000000	0.000000	1741979722.714809	0.000000
32.000000	-11938.357286	4873.104974	-187500.022352	-135.943310	28988.022088	20102.622521	-35432.633511	19468.347069	2210.878099	52524.677220	18590.772878	45544.875627	-13966.487523	4312.478520	-43984.232126	-187500.022352	0.082000	0.938000	0.304000	192.000000	0.000000	0.000000	0.000000	0.000000	0.000000	0.000000	0.000000	0.000000	0.000000	1741979722.714982	0.000000
34.000000	-11942.134731	4853.278977	-187500.022352	-177.249334	28943.676227	20067.172655	-35422.754040	19438.485138	2219.639983	52689.141356	18769.899758	45723.689583	-13968.007442	4286.148165	-43877.055511	-187500.022352	0.082000	0.938000	0.304000	192.000000	0.000000	0.000000	0.000000	0.000000	0.000000	0.000000	0.000000	0.000000	0.000000	1741979722.715169	0.000000
36.000000	-11957.579786	4846.014660	-187500.022352	-152.997691	28970.878300	20100.879085	-35438.757889	19463.519092	2189.710997	52508.114577	18582.502733	45541.098182	-13969.370898	4202.440882	-43980.678198	-187500.022352	0.082000	0.938000	0.304000	192.000000	0.000000	0.000000	0.000000	0.000000	0.000000	0.000000	0.000000	0.000000	0.000000	1741979722.773740	0.000000
38.000000	-11960.910196	4848.808628	-187500.022352	-153.578836	28947.699541	20088.831495	-35438.847296	19448.319906	2232.536940	52692.762338	18781.388555	45742.867380	-13986.000596	4192.337894	-43855.709595	-187500.022352	0.084000	0.944000	0.304000	192.000000	1.000000	80.000000	14.500000	64.000000	4.500000	64.000000	0.000000	0.000000	0.000000	1741979722.773932	0.000000
40.000000	-11918.464234	4865.259512	-187500.022352	-199.109340	28928.588799	20059.215434	-35428.766659	19423.844746	2195.857727	52486.969827	18562.095590	45529.587034	-13975.741145	4051.387793	-43991.295277	-187500.022352	0.084000	0.944000	0.304000	192.000000	0.000000	0.000000	0.000000	0.000000	0.000000	0.000000	0.000000	0.000000	0.000000	1741979722.774114	0.000000
42.000000	-11957.132752	4846.215826	-187500.022352	-169.046243	28935.294322	20075.219283	-35431.761793	19431.421987	2234.794466	52669.896504	18757.807464	45722.750810	-13969.393250	4083.596657	-43887.471424	-187500.022352	0.084000	0.944000	0.304000	192.000000	0.000000	0.000000	0.000000	0.000000	0.000000	0.000000	0.000000	0.000000	0.000000	1741979722.774293	0.000000
44.000000	-11929.081312	4874.557838	-187500.022352	-231.787590	28901.409078	20037.936573	-35423.961034	19407.237399	2194.471919	52476.956246	18559.860415	45524.088505	-13959.022040	3986.880658	-44012.015344	-187500.022352	0.084000	0.944000	0.304000	192.000000	0.000000	0.000000	0.000000	0.000000	0.000000	0.000000	0.000000	0.000000	0.000000	1741979722.774467	0.000000
46.000000	-11913.792719	4849.456829	-187500.022352	-132.434086	28953.242773	20105.148268	-35440.501325	19458.601708	2198.897564	52670.522353	18766.099962	45722.974327	-13969.080325	3982.566772	-43887.113796	-187500.022352	0.084000	0.944000	0.304000	192.000000	0.000000	0.000000	0.000000	0.000000	0.000000	0.000000	0.000000	0.000000	0.000000	1741979722.774647	0.000000
48.000000	-11906.595457	4878.134117	-187500.022352	-232.279328	28888.534473	20037.266020	-35420.697680	19411.931266	2195.298933	52497.273981	18591.152858	45552.989310	-13971.494314	3908.090759	-43979.962943	-187500.022352	0.084000	0.936000	0.302000	192.000000	1.000000	80.000000	14.500000	32.000000	4.500000	56.000000	0.000000	0.000000	0.000000	1741979722.774834	0.000000
50.000000	-11932.478777	4844.114762	-187500.022352	-107.623650	28959.322448	20119.989827	-35432.298235	19475.723144	2218.835320	52664.666195	18770.100924	45723.220196	-13968.052145	3900.044131	-43874.261543	-187500.022352	0.084000	0.936000	0.302000	192.000000	0.000000	0.000000	0.000000	0.000000	0.000000	0.000000	0.000000	0.000000	0.000000	1741979722.833936	0.000000
52.000000	-11909.836460	4863.650186	-187500.022352	-247.456163	28862.181766	20019.451680	-35414.439191	19396.352100	2185.821794	52505.074740	18608.922495	45569.395491	-13972.813067	3799.818909	-43965.926047	-187500.022352	0.084000	0.936000	0.302000	192.000000	0.000000	0.000000	0.000000	0.000000	0.000000	0.000000	0.000000	0.000000	0.000000	1741979722.834134	0.000000
54.000000	-11933.663420	4844.450038	-187500.022352	-77.672312	28967.972573	20142.542737	-35440.188401	19496.711433	2232.849864	52649.265844	18752.621860	45708.937431	-13969.370898	3766.045423	-43880.005941	-187500.022352	0.084000	0.936000	0.302000	192.000000	0.000000	0.000000	0.000000	0.000000	0.000000	0.000000	0.000000	0.000000	0.000000	1741979722.834323	0.000000
56.000000	-11920.453539	4852.429611	-187500.022352	-217.415418	28867.367371	20042.384570	-35423.044613	19419.441452	2216.778960	52542.960947	18655.481178	45617.965832	-13986.447631	3704.064036	-43918.138017	-187500.022352	0.084000	0.936000	0.302000	192.000000	0.000000	0.000000	0.000000	0.000000	0.000000	0.000000	0.000000	0.000000	0.000000	1741979722.834508	0.000000
58.000000	-11935.339801	4829.831997	-187500.022352	-70.944437	28966.095026	20149.985868	-35439.808421	19497.002005	2193.086111	52630.736247	18739.657848	45697.962725	-13965.504046	3702.812338	-43872.853383	-187500.022352	0.082000	0.934000	0.302000	192.000000	1.000000	72.000000	14.500000	24.000000	4.500000	56.000000	0.000000	0.000000	0.000000	1741979722.834687	0.000000
60.000000	-11930.869452	4834.391753	-187500.022352	-239.633052	28837.728958	20022.983256	-35419.535389	19390.518295	2182.536087	52555.388517	18671.932062	45638.507085	-13976.478753	3613.248898	-43901.262450	-187500.022352	0.082000	0.934000	0.302000	192.000000	0.000000	0.000000	0.000000	0.000000	0.000000	0.000000	0.000000	0.000000	0.000000	1741979722.834870	0.000000
62.000000	-11954.629356	4828.937927	-187500.022352	-73.246667	28954.740340	20147.415417	-35443.138831	19489.938854	2205.603088	52594.884049	18700.922275	45660.635312	-13948.784941	3624.715343	-43901.061285	-187500.022352	0.082000	0.934000	0.302000	192.000000	0.000000	0.000000	0.000000	0.000000	0.000000	0.000000	0.000000	0.000000	0.000000	1741979722.835045	0.000000
64.000000	-11937.530272	4832.424799	-187500.022352	-238.627224	28826.687196	20023.698512	-35423.446944	19385.444449	2189.755701	52579.103718	18705.772603	45673.509916	-13991.633235	3557.838924	-43873.836860	-187500.022352	0.082000	0.934000	0.302000	192.000000	0.000000	0.000000	0.000000	0.000000	0.000000	0.000000	0.000000	0.000000	0.000000	1741979722.835225	0.000000
66.000000	-11899.129975	4823.931137	-187500.022352	-103.533280	28927.739433	20123.789623	-35436.165087	19461.172159	2244.495123	52552.728659	18666.992327	45626.727715	-13947.801465	3556.162543	-43921.088448	-187500.022352	0.082000	0.934000	0.302000	192.000000	0.000000	0.000000	0.000000	0.000000	0.000000	0.000000	0.000000	0.000000	0.000000	1741979722.894330	0.000000
68.000000	-11928.455463	4831.843654	-187500.022352	-247.746736	28821.523943	20017.305913	-35419.848313	19379.610643	2193.689608	52577.114412	18703.917408	45663.965722	-13971.293148	3579.050729	-43890.399503	-187500.022352	0.082000	0.938000	0.304000	192.000000	1.000000	72.000000	14.500000	40.000000	4.500000	64.000000	0.000000	0.000000	0.000000	1741979722.894580	0.000000
70.000000	-11924.990943	4820.198395	-187500.022352	-100.314629	28935.674302	20133.512632	-35432.231180	19475.030240	2193.063759	52529.348735	18648.507434	45604.465378	-13966.241654	3580.548296	-43928.777448	-187500.022352	0.082000	0.938000	0.304000	192.000000	0.000000	0.000000	0.000000	0.000000	0.000000	0.000000	0.000000	0.000000	0.000000	1741979722.894787	0.000000
72.000000	-11960.105534	4812.442340	-187500.022352	-229.999450	28835.784356	20038.025980	-35416.182627	19400.218952	2199.478710	52598.303866	18735.299258	45695.213460	-13973.036584	3513.805987	-43865.298494	-187500.022352	0.082000	0.938000	0.304000	192.000000	0.000000	0.000000	0.000000	0.000000	0.000000	0.000000	0.000000	0.000000	0.000000	1741979722.894955	0.000000
74.000000	-11947.320336	4815.079846	-187500.022352	-101.096940	28935.070805	20141.380446	-35430.487744	19484.149752	2194.896602	52521.078589	18641.958373	45599.011552	-13976.679918	3570.199438	-43916.327526	-187500.022352	0.082000	0.938000	0.304000	192.000000	0.000000	0.000000	0.000000	0.000000	0.000000	0.000000	0.000000	0.000000	0.000000	1741979722.895127	0.000000
76.000000	-11949.667269	4819.371381	-187500.022352	-204.138482	28845.373254	20057.092018	-35417.568435	19418.301513	2186.715864	52638.939338	18771.799656	45731.222121	-13986.693500	3549.032336	-43827.412287	-187500.022352	0.082000	0.938000	0.304000	192.000000	0.000000	0.000000	0.000000	0.000000	0.000000	0.000000	0.000000	0.000000	0.000000	1741979722.895301	0.000000
78.000000	-11938.938432	4832.849483	-187500.022352	-117.614879	28916.541209	20134.116129	-35434.958093	19480.864046	2188.369893	52501.096130	18617.304399	45573.619971	-13964.878197	3549.524075	-43927.235177	-187500.022352	0.080000	0.938000	0.300000	192.000000	1.000000	64.000000	14.500000	40.000000	4.500000	48.000000	0.000000	0.000000	0.000000	1741979722.895497	0.000000
80.000000	-11926.846138	4834.101180	-187500.022352	-205.904270	28833.996217	20054.655678	-35411.242892	19412.512411	2183.810137	52665.157934	18793.525552	45749.014109	-13983.877180	3550.932235	-43809.016801	-187500.022352	0.080000	0.938000	0.300000	192.000000	0.000000	0.000000	0.000000	0.000000	0.000000	0.000000	0.000000	0.000000	0.000000	1741979722.955985	0.000000
82.000000	-11920.900574	4830.949584	-187500.022352	-155.009348	28889.406191	20105.237675	-35423.581055	19461.686249	2208.017076	52474.654016	18585.050831	45536.471371	-13950.908357	3542.259758	-43957.052405	-187500.022352	0.080000	0.938000	0.300000	192.000000	0.000000	0.000000	0.000000	0.000000	0.000000	0.000000	0.000000	0.000000	0.000000	1741979722.956334	0.000000
84.000000	-11912.473966	4832.245986	-187500.022352	-180.222116	28849.038941	20080.024908	-35424.072793	19438.462786	2222.813931	52674.165687	18807.540096	45757.552476	-13985.844134	3548.518246	-43805.552281	-187500.022352	0.080000	0.938000	0.300000	192.000000	0.000000	0.000000	0.000000	0.000000	0.000000	0.000000	0.000000	0.000000	0.000000	1741979722.956624	0.000000
86.000000	-11948.147350	4856.542332	-187500.022352	-165.872296	28870.787188	20100.320292	-35429.124287	19459.540482	2182.826660	52468.999025	18591.197561	45544.450944	-13958.731468	3516.979935	-43944.803649	-187500.022352	0.080000	0.938000	0.300000	192.000000	0.000000	0.000000	0.000000	0.000000	0.000000	0.000000	0.000000	0.000000	0.000000	1741979722.956853	0.000000
88.000000	-11937.642030	4843.511265	-187500.022352	-157.915075	28858.046694	20095.559370	-35424.139848	19451.829130	2194.606029	52674.433908	18807.338930	45760.569961	-13974.668261	3505.625249	-43803.361810	-187500.022352	0.076000	0.942000	0.296000	192.000000	1.000000	48.000000	14.500000	56.000000	4.500000	32.000000	0.000000	0.000000	0.000000	1741979722.957035	0.000000
90.000000	-11942.917042	4829.854349	-187500.022352	-172.309598	28858.426673	20095.939350	-35432.789973	19455.293650	2175.987026	52475.413975	18596.807849	45552.296406	-13963.626500	3535.576586	-43932.621948	-187500.022352	0.076000	0.942000	0.296000	192.000000	0.000000	0.000000	0.000000	0.000000	0.000000	0.000000	0.000000	0.000000	0.000000	1741979722.957224	0.000000
92.000000	-11933.439902	4827.462712	-187500.022352	-116.139664	28876.062200	20132.640914	-35443.183535	19480.372307	2187.297009	52686.280332	18822.113433	45776.149127	-13976.344642	3549.680537	-43789.101397	-187500.022352	0.076000	0.942000	0.296000	192.000000	0.000000	0.000000	0.000000	0.000000	0.000000	0.000000	0.000000	0.000000	0.000000	1741979722.957415	0.000000
94.000000	-11924.700370	4846.193474	-187500.022352	-206.954802	28821.278074	20073.587605	-35426.464430	19431.399635	2206.497157	52487.372158	18616.790309	45574.134061	-13970.376726	3492.013036	-43908.415009	-187500.022352	0.076000	0.942000	0.296000	192.000000	0.000000	0.000000	0.000000	0.000000	0.000000	0.000000	0.000000	0.000000	0.000000	1741979722.957582	0.000000
96.000000	-11942.157083	4829.317907	-187500.022352	-99.577022	28884.533511	20158.501882	-35450.716072	19491.257607	2199.299896	52669.650634	18795.738375	45747.963577	-13965.369936	3540.225749	-43807.720400	-187500.022352	0.076000	0.942000	0.296000	192.000000	0.000000	0.000000	0.000000	0.000000	0.000000	0.000000	0.000000	0.000000	0.000000	1741979723.014892	0.000000
98.000000	-11915.603210	4874.222562	-187500.022352	-206.083084	28812.627949	20088.675033	-35434.823982	19434.126548	2177.395186	52513.903679	18642.338352	45602.766645	-13987.967549	3496.371626	-43874.775633	-187500.022352	0.082000	0.944000	0.296000	192.000000	1.000000	72.000000	14.500000	64.000000	4.500000	32.000000	0.000000	0.000000	0.000000	1741979723.015112	0.000000
100.000000	-11914.284457	4870.601579	-187500.022352	-100.113463	28872.307107	20155.931432	-35439.763718	19478.181836	2201.177442	52659.055908	18778.259311	45739.179342	-13977.328119	3553.100354	-43807.362772	-187500.022352	0.082000	0.944000	0.296000	192.000000	0.000000	0.000000	0.000000	0.000000	0.000000	0.000000	0.000000	0.000000	0.000000	1741979723.015314	0.000000
102.000000	-11905.366111	4859.671576	-187500.022352	-220.142331	28792.019640	20077.454457	-35419.445982	19419.307341	2195.455396	52520.855072	18639.276163	45608.153416	-13969.415601	3506.899298	-43875.692055	-187500.022352	0.082000	0.944000	0.296000	192.000000	0.000000	0.000000	0.000000	0.000000	0.000000	0.000000	0.000000	0.000000	0.000000	1741979723.015494	0.000000
104.000000	-11900.784004	4857.458753	-187500.022352	-96.827757	28868.395551	20162.435789	-35439.182572	19480.014679	2216.801312	52647.611814	18755.259365	45720.515635	-13956.988032	3526.211205	-43817.532816	-187500.022352	0.082000	0.944000	0.296000	192.000000	0.000000	0.000000	0.000000	0.000000	0.000000	0.000000	0.000000	0.000000	0.000000	1741979723.015662	0.000000
106.000000	-11906.975437	4873.708472	-187500.022352	-254.228741	28763.454111	20049.090093	-35415.892055	19394.161629	2180.949113	52527.337078	18635.275201	45605.538262	-13962.710078	3506.340504	-43892.053532	-187500.022352	0.082000	0.944000	0.296000	192.000000	0.000000	0.000000	0.000000	0.000000	0.000000	0.000000	0.000000	0.000000	0.000000	1741979723.015836	0.000000
108.000000	-11921.012333	4854.933006	-187500.022352	-91.172766	28869.401380	20164.022763	-35437.863819	19485.803781	2216.600146	52623.673096	18723.788109	45688.329123	-13954.194063	3548.294729	-43851.306302	-187500.022352	0.086000	0.950000	0.296000	192.000000	1.000000	88.000000	14.500000	88.000000	4.500000	32.000000	0.000000	0.000000	0.000000	1741979723.016007	0.000000
110.000000	-11884.511934	4910.611202	-187500.022352	-262.253018	28747.696131	20039.165919	-35415.199150	19385.220931	2215.191986	52557.310767	18664.712449	45635.288433	-13982.178448	3485.978065	-43879.581258	-187500.022352	0.086000	0.950000	0.296000	192.000000	0.000000	0.000000	0.000000	0.000000	0.000000	0.000000	0.000000	0.000000	0.000000	1741979723.074241	0.000000
112.000000	-11901.789832	4884.638475	-187500.022352	-79.706321	28873.894080	20176.763258	-35434.846334	19495.504438	2246.260911	52598.929715	18698.038900	45660.165925	-13943.822854	3569.662996	-43876.228497	-187500.022352	0.086000	0.950000	0.296000	192.000000	0.000000	0.000000	0.000000	0.000000	0.000000	0.000000	0.000000	0.000000	0.000000	1741979723.074462	0.000000
114.000000	-11909.791757	4880.816326	-187500.022352	-235.967366	28750.847727	20061.696477	-35418.194284	19399.861324	2195.075416	52598.192107	18711.919333	45681.377731	-13966.889854	3497.399807	-43845.941883	-187500.022352	0.086000	0.950000	0.296000	192.000000	0.000000	0.000000	0.000000	0.000000	0.000000	0.000000	0.000000	0.000000	0.000000	1741979723.074653	0.000000
116.000000	-11888.982283	4863.247855	-187500.022352	-54.739422	28878.967926	20210.782613	-35441.820078	19516.068043	2193.711960	52605.232907	18704.766775	45675.387463	-13958.887930	3549.389964	-43851.753336	-187500.022352	0.086000	0.950000	0.296000	192.000000	0.000000	0.000000	0.000000	0.000000	0.000000	0.000000	0.000000	0.000000	0.000000	1741979723.074831	0.000000
118.000000	-11900.068748	4864.767774	-187500.022352	-221.349325	28748.791367	20080.516646	-35406.280804	19406.700958	2194.203698	52637.084143	18750.341982	45731.870321	-13970.421430	3514.208318	-43810.268499	-187500.022352	0.094000	0.952000	0.292000	192.000000	1.000000	120.000000	14.500000	96.000000	4.500000	16.000000	0.000000	0.000000	0.000000	1741979723.075009	0.000000
120.000000	-11903.846193	4861.124439	-187500.022352	-74.319550	28857.867880	20199.025595	-35432.857029	19497.918427	2253.413469	52575.281569	18674.234292	45652.946312	-13952.048296	3548.987633	-43870.171174	-187500.022352	0.094000	0.952000	0.292000	192.000000	0.000000	0.000000	0.000000	0.000000	0.000000	0.000000	0.000000	0.000000	0.000000	1741979723.075197	0.000000
122.000000	-11928.231946	4863.493724	-187500.022352	-198.036456	28753.619343	20107.249332	-35412.472238	19423.353007	2213.403846	52661.246379	18776.851151	45762.648673	-13987.162887	3513.716580	-43790.129577	-187500.022352	0.094000	0.952000	0.292000	192.000000	0.000000	0.000000	0.000000	0.000000	0.000000	0.000000	0.000000	0.000000	0.000000	1741979723.075381	0.000000
124.000000	-11927.293173	4851.759058	-187500.022352	-93.117367	28833.012740	20185.860418	-35427.045575	19485.356746	2189.509832	52550.962871	18648.485082	45636.897759	-13949.857825	3549.836999	-43875.155613	-187500.022352	0.094000	0.952000	0.292000	192.000000	0.000000	0.000000	0.000000	0.000000	0.000000	0.000000	0.000000	0.000000	0.000000	1741979723.075558	0.000000
126.000000	-11927.829615	4863.069041	-187500.022352	-179.998598	28754.491062	20116.570010	-35418.015470	19428.918592	2173.640093	52665.716727	18785.076593	45776.037368	-13975.517628	3534.749572	-43783.558164	-187500.022352	0.094000	0.952000	0.292000	192.000000	0.000000	0.000000	0.000000	0.000000	0.000000	0.000000	0.000000	0.000000	0.000000	1741979723.133988	0.000000
128.000000	-11903.287399	4861.392660	-187500.022352	-103.220356	28818.819382	20177.724383	-35422.865799	19479.746459	2188.392244	52529.080514	18631.520108	45622.972622	-13955.669279	3536.314194	-43875.826165	-187500.022352	0.084000	0.950000	0.298000	192.000000	1.000000	80.000000	14.500000	88.000000	4.500000	40.000000	0.000000	0.000000	0.000000	1741979723.134201	0.000000
130.000000	-11906.528402	4855.670614	-187500.022352	-155.434031	28766.181024	20133.847908	-35412.226368	19446.084731	2186.693512	52687.286161	18799.404061	45794.812834	-13972.231921	3543.444400	-43765.475603	-187500.022352	0.084000	0.950000	0.298000	192.000000	0.000000	0.000000	0.000000	0.000000	0.000000	0.000000	0.000000	0.000000	0.000000	1741979723.134382	0.000000
132.000000	-11896.961856	4865.818306	-187500.022352	-109.322382	28809.476353	20177.947900	-35421.234121	19479.902921	2203.680838	52526.174787	18625.619248	45623.129084	-13971.226093	3540.002232	-43863.577409	-187500.022352	0.084000	0.950000	0.298000	192.000000	0.000000	0.000000	0.000000	0.000000	0.000000	0.000000	0.000000	0.000000	0.000000	1741979723.134568	0.000000
134.000000	-11917.212536	4859.693928	-187500.022352	-145.196932	28763.789387	20137.513594	-35412.963976	19446.107083	2234.012155	52696.651542	18805.930770	45803.150034	-13970.086154	3538.705830	-43757.518382	-187500.022352	0.084000	0.950000	0.298000	192.000000	0.000000	0.000000	0.000000	0.000000	0.000000	0.000000	0.000000	0.000000	0.000000	1741979723.134760	0.000000
136.000000	-11896.090137	4880.771623	-187500.022352	-145.800429	28774.764094	20143.995600	-35410.661746	19454.578394	2204.507852	52508.159281	18607.201410	45605.784131	-13955.937500	3534.816627	-43875.110909	-187500.022352	0.084000	0.950000	0.298000	192.000000	0.000000	0.000000	0.000000	0.000000	0.000000	0.000000	0.000000	0.000000	0.000000	1741979723.134949	0.000000
138.000000	-11892.670321	4881.866858	-187500.022352	-128.142551	28767.455073	20153.763313	-35418.842485	19461.194511	2197.198832	52701.211298	18810.401119	45802.054799	-13959.782000	3561.348148	-43754.478545	-187500.022352	0.082000	0.936000	0.302000	192.000000	1.000000	72.000000	14.500000	32.000000	4.500000	56.000000	0.000000	0.000000	0.000000	1741979723.135123	0.000000
140.000000	-11886.970626	4873.999044	-187500.022352	-149.376708	28761.598916	20153.919775	-35427.134982	19465.798970	2194.248401	52507.756949	18613.594009	45602.341962	-13966.442819	3527.373496	-43869.567677	-187500.022352	0.082000	0.936000	0.302000	192.000000	0.000000	0.000000	0.000000	0.000000	0.000000	0.000000	0.000000	0.000000	0.000000	1741979723.194303	0.000000
142.000000	-11889.451669	4874.446079	-187500.022352	-113.211586	28765.085788	20171.979984	-35425.168028	19473.599729	2190.940343	52707.000399	18826.270858	45809.788502	-13973.215398	3542.729144	-43734.473733	-187500.022352	0.082000	0.936000	0.302000	192.000000	0.000000	0.000000	0.000000	0.000000	0.000000	0.000000	0.000000	0.000000	0.000000	1741979723.194516	0.000000
144.000000	-11884.333120	4882.425652	-187500.022352	-183.686636	28729.367701	20132.685618	-35422.932854	19444.564813	2190.917992	52505.410016	18611.582352	45599.056256	-13970.041450	3524.847749	-43865.298494	-187500.022352	0.082000	0.936000	0.302000	192.000000	0.000000	0.000000	0.000000	0.000000	0.000000	0.000000	0.000000	0.000000	0.000000	1741979723.194708	0.000000
146.000000	-11891.150402	4861.325605	-187500.022352	-107.064856	28768.974992	20179.668984	-35426.687947	19477.578339	2234.906225	52693.030559	18814.849116	45797.182119	-13973.193046	3567.450174	-43733.602015	-187500.022352	0.082000	0.936000	0.302000	192.000000	0.000000	0.000000	0.000000	0.000000	0.000000	0.000000	0.000000	0.000000	0.000000	1741979723.194890	0.000000
148.000000	-11902.259219	4864.633663	-187500.022352	-207.379485	28711.508657	20119.252219	-35417.546084	19429.700903	2187.297009	52502.951324	18616.678550	45599.682105	-13963.626500	3516.935231	-43855.240209	-187500.022352	0.082000	0.932000	0.302000	192.000000	1.000000	72.000000	14.500000	16.000000	4.500000	56.000000	0.000000	0.000000	0.000000	1741979723.195059	0.000000
150.000000	-11910.618771	4870.869800	-187500.022352	-60.327358	28803.731955	20228.440491	-35424.028090	19517.587962	2183.586619	52694.438719	18810.490526	45793.851709	-13969.728526	3553.726203	-43726.784733	-187500.022352	0.082000	0.932000	0.302000	192.000000	0.000000	0.000000	0.000000	0.000000	0.000000	0.000000	0.000000	0.000000	0.000000	1741979723.195250	0.000000
152.000000	-11879.974530	4894.942629	-187500.022352	-221.550491	28694.074296	20109.015120	-35410.326470	19421.318998	2191.476785	52537.954156	18653.581280	45642.619806	-13966.867503	3544.047897	-43820.013859	-187500.022352	0.082000	0.932000	0.302000	192.000000	0.000000	0.000000	0.000000	0.000000	0.000000	0.000000	0.000000	0.000000	0.000000	1741979723.195428	0.000000
154.000000	-11902.326274	4866.667672	-187500.022352	-74.632475	28790.119742	20221.891430	-35428.431383	19508.960189	2229.810027	52667.527219	18780.047450	45761.732252	-13978.915093	3578.223715	-43753.137440	-187500.022352	0.082000	0.932000	0.302000	192.000000	0.000000	0.000000	0.000000	0.000000	0.000000	0.000000	0.000000	0.000000	0.000000	1741979723.195606	0.000000
156.000000	-11907.958914	4883.140908	-187500.022352	-227.205482	28682.630203	20117.039396	-35415.042688	19425.431719	2182.379625	52555.120296	18675.173065	45659.338911	-13971.650776	3522.322002	-43809.150911	-187500.022352	0.082000	0.932000	0.302000	192.000000	0.000000	0.000000	0.000000	0.000000	0.000000	0.000000	0.000000	0.000000	0.000000	1741979723.254688	0.000000
158.000000	-11922.711065	4883.856163	-187500.022352	-73.917219	28784.643565	20226.406482	-35431.202999	19513.877572	2197.936439	52652.797419	18766.211720	45747.918874	-13954.998726	3578.380177	-43754.567952	-187500.022352	0.080000	0.934000	0.302000	192.000000	1.000000	64.000000	14.500000	24.000000	4.500000	56.000000	0.000000	0.000000	0.000000	1741979723.254930	0.000000
160.000000	-11896.559524	4899.055350	-187500.022352	-245.243340	28659.853775	20097.012233	-35410.035897	19412.914743	2197.020018	52577.337930	18694.708490	45683.344684	-13962.687726	3532.760266	-43796.097493	-187500.022352	0.080000	0.934000	0.302000	192.000000	0.000000	0.000000	0.000000	0.000000	0.000000	0.000000	0.000000	0.000000	0.000000	1741979723.255125	0.000000
162.000000	-11894.033777	4883.587943	-187500.022352	-85.160146	28771.858367	20213.017787	-35434.041671	19500.980616	2197.154128	52615.514709	18720.569458	45699.952030	-13945.163959	3572.613427	-43791.537737	-187500.022352	0.080000	0.934000	0.302000	192.000000	0.000000	0.000000	0.000000	0.000000	0.000000	0.000000	0.000000	0.000000	0.000000	1741979723.255304	0.000000
164.000000	-11894.994902	4877.150640	-187500.022352	-248.685509	28652.097720	20090.373765	-35411.891092	19402.767051	2183.653675	52609.345628	18728.571383	45709.540929	-13969.996747	3561.594017	-43772.829327	-187500.022352	0.080000	0.934000	0.302000	192.000000	0.000000	0.000000	0.000000	0.000000	0.000000	0.000000	0.000000	0.000000	0.000000	1741979723.255476	0.000000
166.000000	-11895.911324	4888.862954	-187500.022352	-113.189234	28753.552288	20191.314243	-35424.452773	19483.255682	2217.114236	52576.756785	18679.732821	45653.795678	-13933.339886	3598.966133	-43828.485170	-187500.022352	0.080000	0.934000	0.302000	192.000000	0.000000	0.000000	0.000000	0.000000	0.000000	0.000000	0.000000	0.000000	0.000000	1741979723.255669	0.000000
168.000000	-11901.253390	4871.696815	-187500.022352	-238.604872	28658.199746	20102.778983	-35409.991194	19414.054682	2191.320323	52634.647803	18749.514967	45728.517560	-13966.554578	3557.905979	-43770.147117	-187500.022352	0.078000	0.944000	0.294000	192.000000	1.000000	56.000000	14.500000	64.000000	4.500000	24.000000	0.000000	0.000000	0.000000	1741979723.255842	0.000000
170.000000	-11914.865603	4859.917445	-187500.022352	-90.390455	28768.080922	20218.024578	-35431.940607	19501.628816	2217.673030	52580.735395	18677.944681	45657.707233	-13951.735372	3563.046880	-43819.611528	-187500.022352	0.078000	0.944000	0.294000	192.000000	0.000000	0.000000	0.000000	0.000000	0.000000	0.000000	0.000000	0.000000	0.000000	1741979723.314841	0.000000
172.000000	-11925.348571	4879.430518	-187500.022352	-211.223985	28663.832386	20120.593324	-35413.008680	19422.056606	2175.048253	52663.638015	18777.253482	45764.749737	-13976.881084	3556.497819	-43746.096640	-187500.022352	0.078000	0.944000	0.294000	192.000000	0.000000	0.000000	0.000000	0.000000	0.000000	0.000000	0.000000	0.000000	0.000000	1741979723.315050	0.000000
174.000000	-11924.365094	4847.892207	-187500.022352	-84.444891	28760.213108	20224.886563	-35433.996968	19505.048633	2185.061834	52559.411831	18658.722181	45641.971605	-13957.971508	3563.426860	-43822.964290	-187500.022352	0.078000	0.944000	0.294000	192.000000	0.000000	0.000000	0.000000	0.000000	0.000000	0.000000	0.000000	0.000000	0.000000	1741979723.315244	0.000000
176.000000	-11921.437016	4844.204169	-187500.022352	-188.827537	28666.469892	20140.665190	-35412.248720	19433.858327	2196.975314	52686.235629	18799.404061	45789.403711	-13969.639119	3567.047842	-43727.030602	-187500.022352	0.078000	0.944000	0.294000	192.000000	0.000000	0.000000	0.000000	0.000000	0.000000	0.000000	0.000000	0.000000	0.000000	1741979723.315423	0.000000
178.000000	-11896.179544	4862.666710	-187500.022352	-99.711132	28735.290913	20213.777746	-35426.352671	19493.358671	2193.622553	52546.313709	18640.483158	45630.348698	-13956.026906	3579.318950	-43828.395763	-187500.022352	0.082000	0.942000	0.292000	192.000000	1.000000	72.000000	14.500000	56.000000	4.500000	16.000000	0.000000	0.000000	0.000000	1741979723.315598	0.000000
180.000000	-11919.358303	4866.444155	-187500.022352	-168.129822	28663.608869	20152.153987	-35411.265243	19435.177080	2186.335884	52703.357065	18815.676131	45802.948869	-13970.823761	3548.428839	-43717.732277	-187500.022352	0.082000	0.942000	0.292000	192.000000	0.000000	0.000000	0.000000	0.000000	0.000000	0.000000	0.000000	0.000000	0.000000	1741979723.315796	0.000000
182.000000	-11909.367074	4864.320739	-187500.022352	-126.130894	28701.606834	20193.325900	-35422.418764	19466.402467	2199.031675	52527.046505	18623.473480	45609.852148	-13951.333040	3582.738767	-43842.499714	-187500.022352	0.082000	0.942000	0.292000	192.000000	0.000000	0.000000	0.000000	0.000000	0.000000	0.000000	0.000000	0.000000	0.000000	1741979723.315977	0.000000
184.000000	-11909.791757	4858.978672	-187500.022352	-143.565255	28673.689505	20175.578615	-35416.584959	19450.510377	2209.760512	52709.995533	18819.699445	45807.799197	-13958.887930	3585.845659	-43723.141399	-187500.022352	0.082000	0.942000	0.292000	192.000000	0.000000	0.000000	0.000000	0.000000	0.000000	0.000000	0.000000	0.000000	0.000000	1741979723.316152	0.000000
186.000000	-11889.786946	4878.670559	-187500.022352	-141.330080	28688.039325	20190.107249	-35420.362403	19466.067191	2193.711960	52530.198101	18622.065320	45613.115503	-13957.010383	3562.890418	-43836.777668	-187500.022352	0.082000	0.942000	0.292000	192.000000	0.000000	0.000000	0.000000	0.000000	0.000000	0.000000	0.000000	0.000000	0.000000	1741979723.375062	0.000000
188.000000	-11889.004635	4860.140963	-187500.022352	-122.264042	28680.104456	20196.522200	-35420.787087	19464.547272	2215.706076	52724.680629	18820.347645	45811.017848	-13950.327212	3593.221735	-43716.055896	-187500.022352	0.082000	0.938000	0.294000	192.000000	1.000000	72.000000	14.500000	40.000000	4.500000	24.000000	0.000000	0.000000	0.000000	1741979723.375281	0.000000
190.000000	-11885.942446	4880.302236	-187500.022352	-160.552580	28663.631220	20179.534874	-35411.868741	19451.851481	2185.888849	52542.268043	18625.194564	45622.190311	-13964.766439	3559.805877	-43822.629013	-187500.022352	0.082000	0.938000	0.294000	192.000000	0.000000	0.000000	0.000000	0.000000	0.000000	0.000000	0.000000	0.000000	0.000000	1741979723.375474	0.000000
192.000000	-11898.258257	4884.459661	-187500.022352	-125.370935	28672.437808	20193.348252	-35414.997985	19458.914633	2217.002477	52719.383266	18808.545924	45797.897374	-13949.589604	3601.514232	-43731.322137	-187500.022352	0.082000	0.938000	0.294000	192.000000	0.000000	0.000000	0.000000	0.000000	0.000000	0.000000	0.000000	0.000000	0.000000	1741979723.375645	0.000000
194.000000	-11880.823896	4895.590829	-187500.022352	-213.727380	28622.928694	20134.786682	-35408.113647	19413.898219	2209.514643	52522.084418	18602.038157	45590.316724	-13953.344697	3551.423973	-43869.075938	-187500.022352	0.082000	0.938000	0.294000	192.000000	0.000000	0.000000	0.000000	0.000000	0.000000	0.000000	0.000000	0.000000	0.000000	1741979723.375825	0.000000
196.000000	-11896.358358	4888.840602	-187500.022352	-87.730597	28697.650575	20231.703845	-35430.286578	19490.542351	2219.639983	52730.447379	18813.284494	45800.914860	-13960.519607	3594.808709	-43738.295882	-187500.022352	0.082000	0.938000	0.294000	192.000000	0.000000	0.000000	0.000000	0.000000	0.000000	0.000000	0.000000	0.000000	0.000000	1741979723.376001	0.000000
198.000000	-11852.817160	4913.986315	-187500.022352	-206.060732	28616.692557	20144.755560	-35405.744363	19421.028426	2199.903393	52559.098906	18638.292687	45637.903588	-13967.739221	3555.894322	-43835.503618	-187500.022352	0.080000	0.938000	0.294000	192.000000	1.000000	64.000000	14.500000	40.000000	4.500000	24.000000	0.000000	0.000000	0.000000	1741979723.376182	0.000000
200.000000	-11854.806465	4918.479016	-187500.022352	-84.802518	28685.871206	20220.706787	-35414.528598	19478.159485	2228.334812	52707.313324	18792.542075	45788.844918	-13945.320421	3611.281945	-43753.651530	-187500.022352	0.080000	0.938000	0.294000	192.000000	0.000000	0.000000	0.000000	0.000000	0.000000	0.000000	0.000000	0.000000	0.000000	1741979723.434513	0.000000
202.000000	-11840.747218	4938.081496	-187500.022352	-224.478570	28590.920996	20123.834327	-35397.921252	19403.236437	2191.700303	52572.308787	18659.459789	45661.998768	-13949.924880	3576.949665	-43826.428810	-187500.022352	0.080000	0.938000	0.294000	192.000000	0.000000	0.000000	0.000000	0.000000	0.000000	0.000000	0.000000	0.000000	0.000000	1741979723.434743	0.000000
204.000000	-11876.040623	4923.530510	-187500.022352	-46.424573	28705.339575	20257.855386	-35423.871627	19510.927142	2219.751742	52704.385245	18785.747145	45788.889621	-13945.275717	3605.045808	-43753.830344	-187500.022352	0.080000	0.938000	0.294000	192.000000	0.000000	0.000000	0.000000	0.000000	0.000000	0.000000	0.000000	0.000000	0.000000	1741979723.434922	0.000000
206.000000	-11868.351623	4914.813330	-187500.022352	-222.042229	28576.794693	20126.561240	-35402.838636	19404.041100	2206.877137	52604.674113	18690.148734	45703.617716	-13960.161979	3548.920578	-43798.869109	-187500.022352	0.080000	0.938000	0.294000	192.000000	0.000000	0.000000	0.000000	0.000000	0.000000	0.000000	0.000000	0.000000	0.000000	1741979723.435098	0.000000
208.000000	-11850.514931	4918.970754	-187500.022352	-52.258379	28697.427058	20255.173177	-35419.066002	19507.239104	2261.482449	52687.688492	18764.334174	45770.605894	-13949.231976	3607.057465	-43768.806013	-187500.022352	0.078000	0.942000	0.296000	192.000000	1.000000	56.000000	14.500000	56.000000	4.500000	32.000000	0.000000	0.000000	0.000000	1741979723.435268	0.000000
210.000000	-11850.693745	4906.878460	-187500.022352	-188.112281	28603.795600	20168.157836	-35404.269147	19442.262583	2197.578811	52640.950995	18732.415883	45744.163781	-13972.857770	3560.498781	-43769.945952	-187500.022352	0.078000	0.942000	0.296000	192.000000	0.000000	0.000000	0.000000	0.000000	0.000000	0.000000	0.000000	0.000000	0.000000	1741979723.435459	0.000000
212.000000	-11885.473059	4897.334265	-187500.022352	-24.855140	28712.156858	20284.252797	-35422.932854	19532.340113	2197.981143	52696.606838	18778.080497	45795.282220	-13958.284433	3606.275154	-43729.221073	-187500.022352	0.078000	0.942000	0.296000	192.000000	0.000000	0.000000	0.000000	0.000000	0.000000	0.000000	0.000000	0.000000	0.000000	1741979723.435639	0.000000
214.000000	-11885.204838	4910.298277	-187500.022352	-205.278421	28586.607109	20148.108321	-35395.283746	19422.168365	2192.840242	52667.437812	18748.911470	45774.226877	-13961.816008	3572.479316	-43746.297806	-187500.022352	0.078000	0.942000	0.296000	192.000000	0.000000	0.000000	0.000000	0.000000	0.000000	0.000000	0.000000	0.000000	0.000000	1741979723.435815	0.000000
216.000000	-11883.953140	4921.071818	-187500.022352	-64.887114	28690.229796	20250.188738	-35419.535389	19504.109860	2225.272623	52641.286271	18713.618066	45730.104533	-13941.922956	3602.453006	-43780.272458	-187500.022352	0.078000	0.942000	0.296000	192.000000	0.000000	0.000000	0.000000	0.000000	0.000000	0.000000	0.000000	0.000000	0.000000	1741979723.494312	0.000000
218.000000	-11865.557655	4879.363463	-187500.022352	-219.628241	28569.396266	20128.461138	-35403.732706	19405.270446	2220.154073	52674.545667	18761.048467	45779.814813	-13965.235825	3571.562895	-43744.129687	-187500.022352	0.080000	0.946000	0.298000	192.000000	1.000000	64.000000	14.500000	72.000000	4.500000	40.000000	0.000000	0.000000	0.000000	1741979723.494499	0.000000
220.000000	-11892.312693	4878.916428	-187500.022352	-76.688835	28680.149159	20242.499738	-35427.716127	19499.483049	2215.639021	52609.390331	18676.625928	45691.972457	-13945.007496	3592.931162	-43803.987658	-187500.022352	0.080000	0.946000	0.298000	192.000000	0.000000	0.000000	0.000000	0.000000	0.000000	0.000000	0.000000	0.000000	0.000000	1741979723.494691	0.000000
222.000000	-11883.416698	4873.261437	-187500.022352	-206.239546	28576.995859	20141.067522	-35413.992156	19414.524068	2213.336791	52693.857574	18781.477962	45799.976087	-13960.206683	3580.056558	-43727.365879	-187500.022352	0.080000	0.946000	0.298000	192.000000	0.000000	0.000000	0.000000	0.000000	0.000000	0.000000	0.000000	0.000000	0.000000	1741979723.494867	0.000000
224.000000	-11859.701498	4862.197323	-187500.022352	-96.559536	28663.295944	20225.937095	-35422.262302	19485.915540	2212.420370	52581.651817	18656.330545	45669.508954	-13941.475921	3563.426860	-43805.641688	-187500.022352	0.080000	0.946000	0.298000	192.000000	0.000000	0.000000	0.000000	0.000000	0.000000	0.000000	0.000000	0.000000	0.000000	1741979723.495054	0.000000
226.000000	-11906.997789	4871.763870	-187500.022352	-208.519424	28575.364181	20137.558298	-35407.688964	19406.902123	2211.638059	52691.197716	18781.992052	45792.085921	-13952.875311	3579.207191	-43729.310480	-187500.022352	0.080000	0.946000	0.298000	192.000000	0.000000	0.000000	0.000000	0.000000	0.000000	0.000000	0.000000	0.000000	0.000000	1741979723.495233	0.000000
228.000000	-11913.815071	4875.027224	-187500.022352	-114.999725	28655.986924	20221.556153	-35427.738479	19473.823246	2205.916012	52549.889988	18628.547326	45635.981338	-13935.105674	3567.785450	-43822.427848	-187500.022352	0.080000	0.942000	0.296000	192.000000	1.000000	64.000000	14.500000	56.000000	4.500000	32.000000	0.000000	0.000000	0.000000	1741979723.495413	0.000000
230.000000	-11905.768443	4865.304216	-187500.022352	-177.942238	28597.112429	20171.532949	-35419.445982	19430.371455	2192.326151	52710.979010	18802.756822	45815.354087	-13967.873331	3566.332587	-43702.622497	-187500.022352	0.080000	0.942000	0.296000	192.000000	0.000000	0.000000	0.000000	0.000000	0.000000	0.000000	0.000000	0.000000	0.000000	1741979723.556624	0.000000
232.000000	-11876.599416	4862.487896	-187500.022352	-146.515685	28634.752766	20206.558133	-35426.397374	19460.233386	2205.916012	52536.590700	18617.438509	45633.008556	-13955.781037	3559.224732	-43807.318068	-187500.022352	0.080000	0.942000	0.296000	192.000000	0.000000	0.000000	0.000000	0.000000	0.000000	0.000000	0.000000	0.000000	0.000000	1741979723.556847	0.000000
234.000000	-11897.274780	4851.960224	-187500.022352	-175.125918	28604.242635	20176.875016	-35420.742383	19431.444339	2215.996649	52712.923612	18806.042529	45820.718505	-13967.381593	3574.088642	-43694.061779	-187500.022352	0.080000	0.942000	0.296000	192.000000	0.000000	0.000000	0.000000	0.000000	0.000000	0.000000	0.000000	0.000000	0.000000	1741979723.557046	0.000000
236.000000	-11883.751975	4852.139038	-187500.022352	-189.542793	28613.742127	20179.132543	-35418.887188	19433.344237	2215.571966	52516.921165	18606.776727	45616.960003	-13954.305822	3568.500706	-43816.683449	-187500.022352	0.080000	0.942000	0.296000	192.000000	0.000000	0.000000	0.000000	0.000000	0.000000	0.000000	0.000000	0.000000	0.000000	1741979723.557221	0.000000
238.000000	-11882.634387	4862.107916	-187500.022352	-169.336816	28612.892760	20185.592197	-35417.859008	19437.524013	2215.929594	52699.646676	18800.968683	45803.664124	-13958.664412	3579.765985	-43703.673029	-187500.022352	0.088000	0.940000	0.292000	192.000000	1.000000	96.000000	14.500000	48.000000	4.500000	16.000000	0.000000	0.000000	0.000000	1741979723.557399	0.000000
240.000000	-11888.781117	4870.400413	-187500.022352	-172.801336	28616.871371	20195.136392	-35426.799706	19450.689191	2206.161881	52524.654868	18621.841803	45626.906529	-13972.924825	3562.421031	-43795.046961	-187500.022352	0.088000	0.940000	0.292000	192.000000	0.000000	0.000000	0.000000	0.000000	0.000000	0.000000	0.000000	0.000000	0.000000	1741979723.557585	0.000000
242.000000	-11879.013405	4892.193364	-187500.022352	-129.528359	28627.600208	20208.882714	-35417.389621	19455.695981	2219.416466	52717.885699	18824.907401	45826.708773	-13959.960814	3586.940895	-43669.340750	-187500.022352	0.088000	0.940000	0.292000	192.000000	0.000000	0.000000	0.000000	0.000000	0.000000	0.000000	0.000000	0.000000	0.000000	1741979723.557764	0.000000
244.000000	-11861.467285	4901.715207	-187500.022352	-223.293927	28574.760684	20140.285211	-35402.078676	19407.595027	2203.211451	52516.585888	18611.805870	45614.031924	-13938.257270	3568.679520	-43806.871034	-187500.022352	0.088000	0.940000	0.292000	192.000000	0.000000	0.000000	0.000000	0.000000	0.000000	0.000000	0.000000	0.000000	0.000000	1741979723.557940	0.000000
246.000000	-11889.898704	4860.476239	-187500.022352	-96.715998	28653.036493	20233.268468	-35424.184552	19482.696889	2230.726448	52704.340542	18806.981302	45800.870156	-13944.471055	3605.045808	-43689.524375	-187500.022352	0.088000	0.940000	0.292000	192.000000	0.000000	0.000000	0.000000	0.000000	0.000000	0.000000	0.000000	0.000000	0.000000	1741979723.614964	0.000000
248.000000	-11869.670376	4883.297370	-187500.022352	-208.251203	28582.941423	20160.290022	-35412.986328	19425.409368	2196.036541	52541.038697	18648.909765	45649.168867	-13951.333040	3591.411244	-43767.800184	-187500.022352	0.090000	0.936000	0.290000	192.000000	1.000000	104.000000	14.500000	32.000000	4.500000	8.000000	0.000000	0.000000	0.000000	1741979723.615188	0.000000
250.000000	-11877.717004	4873.864934	-187500.022352	-86.367141	28658.937354	20245.494872	-35426.553837	19491.145848	2215.773131	52697.031521	18805.193163	45799.864328	-13944.962793	3634.639518	-43675.867459	-187500.022352	0.090000	0.936000	0.290000	192.000000	0.000000	0.000000	0.000000	0.000000	0.000000	0.000000	0.000000	0.000000	0.000000	1741979723.615380	0.000000
252.000000	-11880.488620	4887.410091	-187500.022352	-210.218157	28580.281565	20163.978060	-35417.993119	19430.304400	2206.094826	52568.106659	18684.091411	45686.183356	-13958.060915	3607.817424	-43727.835265	-187500.022352	0.090000	0.936000	0.290000	192.000000	0.000000	0.000000	0.000000	0.000000	0.000000	0.000000	0.000000	0.000000	0.000000	1741979723.615545	0.000000
254.000000	-11890.636312	4884.929047	-187500.022352	-61.400242	28676.774046	20263.286860	-35429.951302	19506.635607	2216.667201	52682.301722	18791.178619	45793.047046	-13949.544901	3649.257558	-43667.887887	-187500.022352	0.090000	0.936000	0.290000	192.000000	0.000000	0.000000	0.000000	0.000000	0.000000	0.000000	0.000000	0.000000	0.000000	1741979723.615727	0.000000
0.000000	-11887.708233	4876.770660	-187500.022352	-217.370715	28570.178577	20151.885766	-35422.843447	19422.190717	2200.283372	52583.998750	18698.932969	45707.104588	-13953.255290	3619.842663	-43712.211396	-187500.022352	0.090000	0.936000	0.290000	192.000000	0.000000	0.000000	0.000000	0.000000	0.000000	0.000000	0.000000	0.000000	0.000000	1741979723.615914	0.000000
2.000000	-11890.926885	4867.517038	-187500.022352	-68.441042	28668.794473	20252.043933	-35428.364328	19500.555933	2232.402829	52654.674966	18767.619880	45770.695301	-13949.410790	3664.702614	-43675.040445	-187500.022352	0.088000	0.938000	0.286000	192.000000	1.000000	96.000000	14.500000	40.000000	4.000000	120.000000	0.000000	0.000000	0.000000	1741979723.616090	0.000000
4.000000	-11860.819085	4891.902791	-187500.022352	-268.846782	28528.917256	20096.744012	-35399.485874	19377.129600	2219.416466	52579.729567	18698.374176	45702.343667	-13942.057066	3658.108849	-43720.906224	-187500.022352	0.088000	0.938000	0.286000	192.000000	0.000000	0.000000	0.000000	0.000000	0.000000	0.000000	0.000000	0.000000	0.000000	1741979723.675185	0.000000
6.000000	-11899.375844	4866.086527	-187500.022352	-76.510021	28669.822654	20247.975915	-35435.360424	19503.282845	2235.129742	52605.255259	18712.589885	45705.495263	-13937.430255	3732.204882	-43727.388230	-187500.022352	0.088000	0.938000	0.286000	192.000000	0.000000	0.000000	0.000000	0.000000	0.000000	0.000000	0.000000	0.000000	0.000000	1741979723.675513	0.000000
8.000000	-11886.434184	4868.008777	-187500.022352	-222.511616	28559.874423	20143.459158	-35417.322566	19422.950676	2198.115253	52625.908271	18759.170921	45753.372699	-13955.646927	3694.609248	-43667.306741	-187500.022352	0.088000	0.938000	0.286000	192.000000	0.000000	0.000000	0.000000	0.000000	0.000000	0.000000	0.000000	0.000000	0.000000	1741979723.675762	0.000000
10.000000	-11909.501184	4850.730878	-187500.022352	-52.057213	28685.088895	20277.994308	-35436.276845	19532.094244	2208.285297	52604.025913	18729.890136	45717.229929	-13935.239784	3751.025051	-43685.836337	-187500.022352	0.088000	0.938000	0.286000	192.000000	0.000000	0.000000	0.000000	0.000000	0.000000	0.000000	0.000000	0.000000	0.000000	1741979723.675936	0.000000
12.000000	-11911.468138	4845.813494	-187500.022352	-214.844968	28557.818062	20148.868281	-35420.675328	19423.732987	2203.166747	52656.485457	18798.465288	45789.738988	-13966.755744	3728.069809	-43627.542988	-187500.022352	0.078000	0.940000	0.288000	192.000000	1.000000	56.000000	14.500000	48.000000	4.500000	0.000000	0.000000	0.000000	0.000000	1741979723.676122	0.000000
14.000000	-11905.343760	4859.202189	-187500.022352	-102.907431	28647.895592	20234.967200	-35434.444002	19490.408241	2221.651640	52567.950197	18694.194400	45685.736321	-13939.397209	3741.212635	-43707.785750	-187500.022352	0.078000	0.940000	0.288000	192.000000	0.000000	0.000000	0.000000	0.000000	0.000000	0.000000	0.000000	0.000000	0.000000	1741979723.676316	0.000000
16.000000	-11901.409853	4863.672538	-187500.022352	-232.569901	28545.725768	20127.008274	-35410.549988	19403.884638	2200.193965	52649.712878	18788.451706	45783.636961	-13956.608052	3744.341879	-43651.548761	-187500.022352	0.078000	0.940000	0.288000	192.000000	0.000000	0.000000	0.000000	0.000000	0.000000	0.000000	0.000000	0.000000	0.000000	1741979723.676494	0.000000
18.000000	-11887.864696	4885.890172	-187500.022352	-120.431199	28636.049168	20217.309322	-35432.007662	19478.114781	2212.129797	52532.589737	18656.218786	45647.067803	-13937.743180	3761.105688	-43742.095678	-187500.022352	0.078000	0.940000	0.288000	192.000000	0.000000	0.000000	0.000000	0.000000	0.000000	0.000000	0.000000	0.000000	0.000000	1741979723.676660	0.000000
20.000000	-11894.905495	4866.444155	-187500.022352	-228.412477	28545.010512	20123.834327	-35415.489723	19399.906027	2211.571003	52656.820733	18798.264122	45791.884755	-13955.155188	3754.288406	-43651.437003	-187500.022352	0.078000	0.940000	0.288000	192.000000	0.000000	0.000000	0.000000	0.000000	0.000000	0.000000	0.000000	0.000000	0.000000	1741979723.735450	0.000000
22.000000	-11917.480757	4856.050593	-187500.022352	-160.597284	28608.131839	20180.831275	-35430.040709	19449.795121	2222.702172	52496.335208	18620.858326	45613.607241	-13934.055142	3773.510906	-43772.985789	-187500.022352	0.082000	0.944000	0.284000	192.000000	1.000000	72.000000	14.500000	64.000000	4.000000	112.000000	0.000000	0.000000	0.000000	1741979723.735729	0.000000
24.000000	-11902.594495	4868.746384	-187500.022352	-193.767273	28570.111521	20150.589365	-35424.609235	19424.761167	2217.561271	52664.487382	18808.344759	45803.418255	-13963.604148	3770.024034	-43652.196962	-187500.022352	0.082000	0.944000	0.284000	192.000000	0.000000	0.000000	0.000000	0.000000	0.000000	0.000000	0.000000	0.000000	0.000000	1741979723.735914	0.000000
26.000000	-11881.762669	4870.758041	-187500.022352	-171.795508	28602.521551	20179.266653	-35426.218560	19447.336429	2209.291125	52506.192327	18635.454015	45632.561521	-13952.070648	3754.578978	-43750.790507	-187500.022352	0.082000	0.944000	0.284000	192.000000	0.000000	0.000000	0.000000	0.000000	0.000000	0.000000	0.000000	0.000000	0.000000	1741979723.736082	0.000000
28.000000	-11892.267989	4861.079736	-187500.022352	-181.406758	28578.873405	20161.027629	-35427.000872	19429.812661	2202.473843	52684.447489	18828.058997	45824.339488	-13947.309726	3784.753833	-43636.528389	-187500.022352	0.082000	0.944000	0.284000	192.000000	0.000000	0.000000	0.000000	0.000000	0.000000	0.000000	0.000000	0.000000	0.000000	1741979723.736256	0.000000
30.000000	-11874.587759	4891.075777	-187500.022352	-191.576802	28589.289318	20161.117036	-35426.375023	19435.579411	2212.398018	52489.137946	18620.433643	45617.496445	-13937.251441	3759.272845	-43759.999425	-187500.022352	0.082000	0.944000	0.284000	192.000000	0.000000	0.000000	0.000000	0.000000	0.000000	0.000000	0.000000	0.000000	0.000000	1741979723.736436	0.000000
32.000000	-11922.062865	4874.222562	-187500.022352	-150.606054	28600.845170	20183.871112	-35434.265188	19451.002115	2206.743027	52688.381396	18838.273744	45833.704869	-13947.466188	3803.395188	-43623.631432	-187500.022352	0.080000	0.946000	0.282000	192.000000	1.000000	64.000000	14.500000	72.000000	4.000000	104.000000	0.000000	0.000000	0.000000	1741979723.736618	0.000000
34.000000	-11892.267989	4868.791088	-187500.022352	-199.086988	28575.744161	20157.272536	-35427.827886	19431.198470	2203.278506	52485.271094	18631.654219	45631.689803	-13941.990011	3761.955054	-43747.325986	-187500.022352	0.080000	0.946000	0.282000	192.000000	0.000000	0.000000	0.000000	0.000000	0.000000	0.000000	0.000000	0.000000	0.000000	1741979723.795391	0.000000
36.000000	-11920.699408	4847.758096	-187500.022352	-99.264097	28633.009330	20235.235421	-35446.133965	19492.844581	2230.011193	52695.757472	18853.696448	45855.564875	-13968.566235	3827.177444	-43601.592612	-187500.022352	0.080000	0.946000	0.282000	192.000000	0.000000	0.000000	0.000000	0.000000	0.000000	0.000000	0.000000	0.000000	0.000000	1741979723.795649	0.000000
38.000000	-11877.851114	4879.475222	-187500.022352	-206.530119	28566.490539	20159.798284	-35424.139848	19429.589144	2199.232840	52510.930897	18664.153655	45675.655684	-13968.230959	3778.204772	-43699.627364	-187500.022352	0.080000	0.946000	0.282000	192.000000	0.000000	0.000000	0.000000	0.000000	0.000000	0.000000	0.000000	0.000000	0.000000	1741979723.795822	0.000000
40.000000	-11893.854963	4870.243951	-187500.022352	-119.045391	28616.446688	20209.910895	-35428.654901	19462.803836	2217.561271	52662.296911	18814.379730	45823.490122	-13959.647889	3833.570043	-43623.743191	-187500.022352	0.080000	0.946000	0.282000	192.000000	0.000000	0.000000	0.000000	0.000000	0.000000	0.000000	0.000000	0.000000	0.000000	1741979723.795994	0.000000
42.000000	-11896.671283	4861.526771	-187500.022352	-209.100569	28564.948269	20160.625298	-35424.028090	19428.471557	2197.556460	52505.968810	18650.832015	45670.403024	-13946.460360	3768.794688	-43708.165730	-187500.022352	0.086000	0.942000	0.284000	192.000000	1.000000	88.000000	14.500000	56.000000	4.000000	112.000000	0.000000	0.000000	0.000000	1741979723.796195	0.000000
44.000000	-11883.260236	4854.351861	-187500.022352	-62.271960	28658.423264	20266.505512	-35442.624741	19507.909657	2196.617686	52669.896504	18813.329198	45833.459000	-13948.539072	3826.573947	-43599.603307	-187500.022352	0.086000	0.942000	0.284000	192.000000	0.000000	0.000000	0.000000	0.000000	0.000000	0.000000	0.000000	0.000000	0.000000	1741979723.796393	0.000000
46.000000	-11903.488565	4883.498536	-187500.022352	-217.281308	28551.246649	20148.622411	-35415.445020	19417.832126	2188.481651	52531.382743	18677.497647	45703.036571	-13960.921939	3794.387435	-43669.988950	-187500.022352	0.086000	0.942000	0.284000	192.000000	0.000000	0.000000	0.000000	0.000000	0.000000	0.000000	0.000000	0.000000	0.000000	1741979723.796565	0.000000
48.000000	-11913.032760	4864.186628	-187500.022352	-53.599483	28663.832386	20270.081791	-35428.453735	19513.810517	2222.188082	52644.370812	18788.094078	45806.368686	-13941.341810	3825.657526	-43609.013392	-187500.022352	0.086000	0.942000	0.284000	192.000000	0.000000	0.000000	0.000000	0.000000	0.000000	0.000000	0.000000	0.000000	0.000000	1741979723.796737	0.000000
50.000000	-11887.261198	4876.994178	-187500.022352	-230.938224	28534.415786	20139.413493	-35411.019374	19404.286969	2197.020018	52552.818066	18701.905751	45727.802304	-13952.852959	3795.080339	-43646.385508	-187500.022352	0.086000	0.942000	0.284000	192.000000	0.000000	0.000000	0.000000	0.000000	0.000000	0.000000	0.000000	0.000000	0.000000	1741979723.854687	0.000000
52.000000	-11890.256332	4849.188608	-187500.022352	-70.318588	28645.928639	20262.705715	-35439.853125	19496.174991	2233.676879	52610.194994	18751.794845	45773.444566	-13942.302935	3826.082209	-43627.632395	-187500.022352	0.088000	0.942000	0.276000	192.000000	1.000000	96.000000	14.500000	56.000000	4.000000	80.000000	0.000000	0.000000	0.000000	1741979723.854915	0.000000
54.000000	-11880.063937	4873.306140	-187500.022352	-243.499904	28522.882285	20132.462100	-35405.856121	19392.932283	2199.545765	52556.908435	18710.511173	45742.330938	-13956.608052	3785.893772	-43644.887941	-187500.022352	0.088000	0.942000	0.276000	192.000000	0.000000	0.000000	0.000000	0.000000	0.000000	0.000000	0.000000	0.000000	0.000000	1741979723.855105	0.000000
56.000000	-11865.043564	4874.222562	-187500.022352	-77.292332	28644.006389	20259.397657	-35429.370156	19496.398508	2248.786658	52584.021101	18735.098092	45764.906200	-13939.017229	3816.023924	-43632.885055	-187500.022352	0.088000	0.942000	0.276000	192.000000	0.000000	0.000000	0.000000	0.000000	0.000000	0.000000	0.000000	0.000000	0.000000	1741979723.855285	0.000000
58.000000	-11869.804486	4871.830925	-187500.022352	-207.938279	28543.959980	20165.386220	-35423.022261	19422.995379	2198.606992	52591.061901	18757.472188	45793.605839	-13943.778151	3795.057988	-43601.369095	-187500.022352	0.088000	0.942000	0.276000	192.000000	0.000000	0.000000	0.000000	0.000000	0.000000	0.000000	0.000000	0.000000	0.000000	1741979723.855541	0.000000
60.000000	-11865.959986	4900.642324	-187500.022352	-73.067853	28638.485508	20262.325735	-35426.464430	19494.833886	2207.413579	52573.761651	18726.738540	45768.281313	-13930.300049	3806.144453	-43610.756828	-187500.022352	0.088000	0.942000	0.276000	192.000000	0.000000	0.000000	0.000000	0.000000	0.000000	0.000000	0.000000	0.000000	0.000000	1741979723.855803	0.000000
62.000000	-11864.484771	4892.729806	-187500.022352	-221.304622	28527.620855	20146.498996	-35408.270110	19402.677644	2212.599184	52606.194032	18771.084401	45818.215110	-13941.162996	3788.128947	-43587.041627	-187500.022352	0.090000	0.944000	0.276000	192.000000	1.000000	104.000000	14.500000	64.000000	4.000000	80.000000	0.000000	0.000000	0.000000	1741979723.856017	0.000000
64.000000	-11869.223341	4885.264323	-187500.022352	-74.923047	28639.223115	20262.012811	-35425.168028	19499.818325	2241.008251	52533.237938	18691.221618	45733.099667	-13932.937554	3815.129854	-43638.137715	-187500.022352	0.090000	0.944000	0.276000	192.000000	0.000000	0.000000	0.000000	0.000000	0.000000	0.000000	0.000000	0.000000	0.000000	1741979723.914858	0.000000
66.000000	-11870.564445	4888.058291	-187500.022352	-189.945124	28541.613047	20172.427019	-35406.414915	19426.839879	2247.736126	52640.280442	18817.799546	45862.471564	-13958.776171	3812.268831	-43542.963987	-187500.022352	0.090000	0.944000	0.276000	192.000000	0.000000	0.000000	0.000000	0.000000	0.000000	0.000000	0.000000	0.000000	0.000000	1741979723.915082	0.000000
68.000000	-11852.101904	4870.243951	-187500.022352	-86.769472	28627.622560	20259.777637	-35426.822058	19493.805706	2196.505928	52509.947420	18670.747420	45719.442751	-13922.543993	3792.487537	-43636.729555	-187500.022352	0.090000	0.944000	0.276000	192.000000	0.000000	0.000000	0.000000	0.000000	0.000000	0.000000	0.000000	0.000000	0.000000	1741979723.915269	0.000000
70.000000	-11877.649948	4868.187591	-187500.022352	-158.697386	28560.366161	20206.535781	-35417.210807	19448.677534	2216.957774	52651.836294	18830.294172	45887.974905	-13950.327212	3812.604107	-43525.730792	-187500.022352	0.090000	0.944000	0.276000	192.000000	0.000000	0.000000	0.000000	0.000000	0.000000	0.000000	0.000000	0.000000	0.000000	1741979723.915439	0.000000
72.000000	-11846.469265	4882.895038	-187500.022352	-125.661507	28592.887949	20236.375360	-35411.064078	19470.425781	2199.545765	52492.870688	18661.314984	45726.327089	-13926.768473	3794.633304	-43620.681002	-187500.022352	0.086000	0.950000	0.282000	192.000000	1.000000	88.000000	14.500000	88.000000	4.000000	104.000000	0.000000	0.000000	0.000000	1741979723.915623	0.000000
74.000000	-11851.610166	4882.515059	-187500.022352	-161.826630	28551.693684	20205.217028	-35405.789066	19446.218842	2221.629288	52648.192960	18828.997770	45894.166338	-13933.384589	3836.118142	-43523.562673	-187500.022352	0.086000	0.950000	0.282000	192.000000	0.000000	0.000000	0.000000	0.000000	0.000000	0.000000	0.000000	0.000000	0.000000	1741979723.915815	0.000000
76.000000	-11846.759837	4890.606390	-187500.022352	-149.309653	28571.385571	20220.885601	-35413.455714	19459.696944	2226.300803	52474.050519	18640.460806	45709.384466	-13932.356409	3801.137662	-43634.226159	-187500.022352	0.086000	0.950000	0.282000	192.000000	0.000000	0.000000	0.000000	0.000000	0.000000	0.000000	0.000000	0.000000	0.000000	1741979723.915989	0.000000
78.000000	-11831.001858	4884.280847	-187500.022352	-166.341682	28538.707321	20199.047947	-35415.400316	19438.462786	2247.803181	52657.848913	18834.496300	45901.676524	-13940.537148	3817.230918	-43518.622937	-187500.022352	0.086000	0.950000	0.282000	192.000000	0.000000	0.000000	0.000000	0.000000	0.000000	0.000000	0.000000	0.000000	0.000000	1741979723.916167	0.000000
80.000000	-11874.185428	4880.928085	-187500.022352	-162.094851	28553.280658	20215.521182	-35427.112630	19456.679458	2196.483576	52465.780373	18633.040027	45702.388370	-13942.235880	3818.124988	-43637.131886	-187500.022352	0.086000	0.950000	0.282000	192.000000	0.000000	0.000000	0.000000	0.000000	0.000000	0.000000	0.000000	0.000000	0.000000	1741979723.975279	0.000000
82.000000	-11880.376861	4860.163314	-187500.022352	-111.937536	28574.090132	20252.178043	-35427.626720	19480.864046	2195.678913	52673.584542	18856.780989	45927.604547	-13943.889909	3822.371819	-43491.130291	-187500.022352	0.086000	0.944000	0.286000	192.000000	1.000000	88.000000	14.500000	64.000000	4.000000	120.000000	0.000000	0.000000	0.000000	1741979723.975513	0.000000
84.000000	-11851.520759	4890.025245	-187500.022352	-185.944162	28531.152431	20202.266598	-35413.366307	19438.619249	2196.215355	52476.755080	18649.803835	45727.444676	-13937.162034	3803.730464	-43611.002697	-187500.022352	0.086000	0.944000	0.286000	192.000000	0.000000	0.000000	0.000000	0.000000	0.000000	0.000000	0.000000	0.000000	0.000000	1741979723.975709	0.000000
86.000000	-11858.561559	4887.611257	-187500.022352	-127.784923	28553.437120	20234.408407	-35423.581055	19457.975859	2231.262890	52652.819771	18831.590573	45908.762027	-13931.171767	3837.146322	-43514.219643	-187500.022352	0.086000	0.944000	0.286000	192.000000	0.000000	0.000000	0.000000	0.000000	0.000000	0.000000	0.000000	0.000000	0.000000	1741979723.975890	0.000000
88.000000	-11828.945497	4897.691893	-187500.022352	-234.603910	28488.550006	20162.614603	-35411.175836	19402.744699	2221.003440	52458.426649	18632.749454	45711.172606	-13947.801465	3770.605179	-43635.544912	-187500.022352	0.086000	0.944000	0.286000	192.000000	0.000000	0.000000	0.000000	0.000000	0.000000	0.000000	0.000000	0.000000	0.000000	1741979723.976075	0.000000
90.000000	-11822.999933	4887.477146	-187500.022352	-126.220301	28548.452681	20235.838918	-35418.797781	19460.456903	2240.471809	52635.385410	18815.519669	45886.075006	-13941.677087	3824.092904	-43533.620958	-187500.022352	0.087000	0.944000	0.283000	192.000000	1.000000	96.000000	14.500000	64.000000	4.000000	96.000000	0.000000	0.000000	0.000000	1741979723.976256	0.000000
92.000000	-11840.344887	4900.105882	-187500.022352	-252.082974	28468.969878	20147.661286	-35403.665650	19393.938112	2212.174500	52470.049556	18647.970992	45721.253243	-13930.635325	3774.226162	-43636.751906	-187500.022352	0.087000	0.944000	0.283000	192.000000	0.000000	0.000000	0.000000	0.000000	0.000000	0.000000	0.000000	0.000000	0.000000	1741979723.976437	0.000000
94.000000	-11857.645137	4891.969847	-187500.022352	-86.903582	28573.821911	20273.479256	-35431.135944	19494.655072	2232.939271	52633.999602	18815.452613	45885.717378	-13935.999743	3848.411602	-43532.950405	-187500.022352	0.087000	0.944000	0.283000	192.000000	0.000000	0.000000	0.000000	0.000000	0.000000	0.000000	0.000000	0.000000	0.000000	1741979724.034873	0.000000
96.000000	-11839.137893	4902.586925	-187500.022352	-261.671872	28453.055436	20145.560222	-35401.318717	19388.059603	2201.020980	52498.682141	18685.387812	45765.867325	-13945.812159	3784.507964	-43600.475025	-187500.022352	0.087000	0.944000	0.283000	192.000000	0.000000	0.000000	0.000000	0.000000	0.000000	0.000000	0.000000	0.000000	0.000000	1741979724.035080	0.000000
98.000000	-11849.956137	4877.597675	-187500.022352	-106.863690	28558.510966	20263.420971	-35422.709337	19481.467543	2222.836283	52595.107567	18780.628595	45855.564875	-13916.732540	3834.218244	-43559.057243	-187500.022352	0.087000	0.944000	0.283000	192.000000	0.000000	0.000000	0.000000	0.000000	0.000000	0.000000	0.000000	0.000000	0.000000	1741979724.035268	0.000000
100.000000	-11841.797750	4903.346885	-187500.022352	-286.594067	28429.183773	20129.019931	-35399.977612	19370.915815	2234.235672	52501.073778	18697.211885	45777.646694	-13936.893813	3778.316531	-43600.564432	-187500.022352	0.087500	0.943000	0.281500	192.000000	1.000000	96.000000	14.500000	56.000000	4.000000	96.000000	0.000000	0.000000	0.000000	1741979724.035448	0.000000
102.000000	-11846.938651	4871.048614	-187500.022352	-111.132873	28550.374931	20263.868006	-35435.896866	19476.304290	2244.361013	52558.875389	18749.179691	45824.317136	-13927.729598	3836.185197	-43585.477005	-187500.022352	0.087500	0.943000	0.281500	192.000000	0.000000	0.000000	0.000000	0.000000	0.000000	0.000000	0.000000	0.000000	0.000000	1741979724.035645	0.000000
104.000000	-11832.678238	4892.193364	-187500.022352	-298.887527	28409.044851	20113.954856	-35397.742438	19356.230719	2215.616669	52511.087359	18716.456737	45794.723427	-13954.484636	3788.419519	-43594.976496	-187500.022352	0.087500	0.943000	0.281500	192.000000	0.000000	0.000000	0.000000	0.000000	0.000000	0.000000	0.000000	0.000000	0.000000	1741979724.035828	0.000000
106.000000	-11852.973622	4873.931989	-187500.022352	-128.678993	28536.248629	20248.445302	-35429.101936	19466.827150	2203.703189	52512.808444	18704.364443	45777.870211	-13908.238877	3811.799444	-43621.932700	-187500.022352	0.087500	0.943000	0.281500	192.000000	0.000000	0.000000	0.000000	0.000000	0.000000	0.000000	0.000000	0.000000	0.000000	1741979724.036001	0.000000
108.000000	-11855.588777	4873.216733	-187500.022352	-275.261733	28426.322749	20146.454292	-35418.350746	19386.673795	2198.539936	52531.114522	18737.199156	45821.433761	-13934.837453	3816.269793	-43584.717045	-187500.022352	0.087500	0.943000	0.281500	192.000000	0.000000	0.000000	0.000000	0.000000	0.000000	0.000000	0.000000	0.000000	0.000000	1741979724.036185	0.000000
110.000000	-11865.468248	4889.622914	-187500.022352	-123.560443	28534.013454	20265.902014	-35433.080546	19483.054517	2208.285297	52512.070836	18706.085528	45794.164633	-13937.206738	3801.048255	-43598.061037	-187500.022352	0.088750	0.945500	0.282750	192.000000	1.000000	104.000000	14.500000	80.000000	4.000000	112.000000	0.000000	0.000000	0.000000	1741979724.096543	0.000000
112.000000	-11848.458570	4883.699701	-187500.022352	-251.948864	28434.570543	20171.778819	-35420.295348	19411.283065	2222.478655	52565.737375	18770.637366	45860.951645	-13942.615860	3811.240651	-43551.256484	-187500.022352	0.088750	0.945500	0.282750	192.000000	0.000000	0.000000	0.000000	0.000000	0.000000	0.000000	0.000000	0.000000	0.000000	1741979724.096753	0.000000
114.000000	-11838.713209	4880.592809	-187500.022352	-113.859786	28538.059120	20281.056497	-35442.490630	19495.705604	2213.940288	52490.724920	18682.817362	45768.840107	-13928.824833	3818.773188	-43604.498339	-187500.022352	0.088750	0.945500	0.282750	192.000000	0.000000	0.000000	0.000000	0.000000	0.000000	0.000000	0.000000	0.000000	0.000000	1741979724.096929	0.000000
116.000000	-11845.530492	4908.934821	-187500.022352	-225.819674	28439.197354	20191.180133	-35411.354650	19418.525030	2207.033599	52607.378674	18822.605172	45912.695934	-13956.898625	3779.992912	-43501.099169	-187500.022352	0.088750	0.945500	0.282750	192.000000	0.000000	0.000000	0.000000	0.000000	0.000000	0.000000	0.000000	0.000000	0.000000	1741979724.097110	0.000000
118.000000	-11824.855128	4908.912469	-187500.022352	-132.456438	28512.533428	20266.840788	-35425.413898	19479.433534	2248.674899	52479.280827	18673.004946	45762.156935	-13932.691685	3839.180331	-43603.693676	-187500.022352	0.088750	0.945500	0.282750	192.000000	0.000000	0.000000	0.000000	0.000000	0.000000	0.000000	0.000000	0.000000	0.000000	1741979724.097288	0.000000
120.000000	-11842.513006	4919.127216	-187500.022352	-231.139389	28422.098270	20182.373545	-35414.796819	19409.360815	2212.129797	52612.653686	18820.995846	45911.153664	-13939.710133	3804.937459	-43514.890196	-187500.022352	0.087375	0.947750	0.285375	192.000000	1.000000	88.000000	14.500000	88.000000	4.500000	0.000000	0.000000	0.000000	0.000000	1741979724.097466	0.000000
122.000000	-11807.331360	4938.886158	-187500.022352	-168.956836	28478.379962	20238.677590	-35422.642281	19458.735819	2243.869274	52451.363498	18642.025428	45730.529217	-13920.577040	3790.162956	-43638.674157	-187500.022352	0.087375	0.947750	0.285375	192.000000	0.000000	0.000000	0.000000	0.000000	0.000000	0.000000	0.000000	0.000000	0.000000	1741979724.097651	0.000000
124.000000	-11821.792939	4927.576176	-187500.022352	-224.903253	28424.288741	20195.784592	-35417.747249	19419.173231	2240.449457	52620.923832	18826.650837	45918.105056	-13935.150377	3822.640040	-43524.613205	-187500.022352	0.087375	0.947750	0.285375	192.000000	0.000000	0.000000	0.000000	0.000000	0.000000	0.000000	0.000000	0.000000	0.000000	1741979724.097836	0.000000
126.000000	-11822.128215	4927.620879	-187500.022352	-174.164793	28474.557814	20252.066285	-35427.716127	19469.107028	2211.079265	52450.111800	18645.668762	45739.693432	-13926.589659	3796.555554	-43630.292252	-187500.022352	0.087375	0.947750	0.285375	192.000000	0.000000	0.000000	0.000000	0.000000	0.000000	0.000000	0.000000	0.000000	0.000000	1741979724.156355	0.000000
128.000000	-11852.057201	4901.379931	-187500.022352	-180.065653	28448.808604	20241.248040	-35415.512075	19455.003077	2214.990820	52653.356213	18863.352402	45959.187562	-13957.010383	3790.565287	-43487.218736	-187500.022352	0.087375	0.947750	0.285375	192.000000	0.000000	0.000000	0.000000	0.000000	0.000000	0.000000	0.000000	0.000000	0.000000	1741979724.156563	0.000000
130.000000	-11831.650058	4926.212719	-187500.022352	-221.192863	28431.150726	20215.632941	-35402.078676	19433.366589	2226.233748	52437.818341	18634.805815	45732.227949	-13925.069740	3793.560421	-43639.657633	-187500.022352	0.087688	0.947875	0.284688	192.000000	1.000000	96.000000	14.500000	80.000000	4.000000	112.000000	0.000000	0.000000	0.000000	1741979724.156744	0.000000
132.000000	-11843.451779	4906.364370	-187500.022352	-171.460232	28449.188584	20248.825282	-35410.840560	19454.086656	2241.969376	52642.493265	18851.573032	45947.050565	-13927.617839	3820.002534	-43510.911585	-187500.022352	0.087688	0.947875	0.284688	192.000000	0.000000	0.000000	0.000000	0.000000	0.000000	0.000000	0.000000	0.000000	0.000000	1741979724.156948	0.000000
134.000000	-11814.595677	4919.149568	-187500.022352	-223.830369	28424.311092	20222.673741	-35411.421706	19436.026446	2224.400905	52440.008812	18640.013771	45739.805191	-13929.540089	3781.244610	-43643.122154	-187500.022352	0.087688	0.947875	0.284688	192.000000	0.000000	0.000000	0.000000	0.000000	0.000000	0.000000	0.000000	0.000000	0.000000	1741979724.157120	0.000000
136.000000	-11823.089340	4912.958135	-187500.022352	-140.771287	28469.439264	20281.280015	-35416.182627	19478.472409	2229.094771	52651.277501	18861.541910	45963.143821	-13929.540089	3806.636191	-43495.243012	-187500.022352	0.087688	0.947875	0.284688	192.000000	0.000000	0.000000	0.000000	0.000000	0.000000	0.000000	0.000000	0.000000	0.000000	1741979724.157293	0.000000
138.000000	-11842.088323	4903.995085	-187500.022352	-232.972232	28418.231418	20221.645560	-35409.611214	19436.227612	2194.181346	52453.464562	18654.900033	45762.134583	-13921.649924	3776.461336	-43620.815113	-187500.022352	0.087688	0.947875	0.284688	192.000000	0.000000	0.000000	0.000000	0.000000	0.000000	0.000000	0.000000	0.000000	0.000000	1741979724.157474	0.000000
140.000000	-11859.187407	4882.403300	-187500.022352	-115.089132	28485.487817	20303.765870	-35418.976595	19499.438345	2222.433951	52644.795495	18848.376733	45955.097193	-13934.077493	3776.483688	-43492.829024	-187500.022352	0.087844	0.945938	0.283344	192.000000	1.000000	96.000000	14.500000	64.000000	4.000000	104.000000	0.000000	0.000000	0.000000	1741979724.216636	0.000000
142.000000	-11839.227300	4900.038826	-187500.022352	-245.109230	28399.657118	20211.408462	-35404.179740	19427.555135	2202.049160	52471.055385	18672.915539	45782.675836	-13925.717941	3715.776350	-43597.189319	-187500.022352	0.087844	0.945938	0.283344	192.000000	0.000000	0.000000	0.000000	0.000000	0.000000	0.000000	0.000000	0.000000	0.000000	1741979724.216893	0.000000
144.000000	-11845.910471	4898.071873	-187500.022352	-119.537129	28479.117570	20296.814477	-35416.137924	19487.010775	2258.666129	52607.155157	18809.641160	45910.594870	-13920.062950	3754.869551	-43523.853245	-187500.022352	0.087844	0.945938	0.283344	192.000000	0.000000	0.000000	0.000000	0.000000	0.000000	0.000000	0.000000	0.000000	0.000000	1741979724.217077	0.000000
146.000000	-11817.479052	4896.529603	-187500.022352	-266.723367	28379.652307	20192.655348	-35401.117551	19404.421080	2221.003440	52490.993141	18691.311025	45796.891546	-13935.865633	3675.833783	-43586.661647	-187500.022352	0.087844	0.945938	0.283344	192.000000	0.000000	0.000000	0.000000	0.000000	0.000000	0.000000	0.000000	0.000000	0.000000	1741979724.217263	0.000000
148.000000	-11822.217622	4885.890172	-187500.022352	-113.546862	28488.684116	20305.017567	-35420.630624	19489.648281	2217.740085	52583.663474	18781.612072	45884.644495	-13919.638267	3716.335144	-43541.645234	-187500.022352	0.087844	0.945938	0.283344	192.000000	0.000000	0.000000	0.000000	0.000000	0.000000	0.000000	0.000000	0.000000	0.000000	1741979724.217441	0.000000
150.000000	-11831.068913	4903.883327	-187500.022352	-255.592198	28385.083781	20205.842877	-35409.007717	19413.562943	2206.072474	52498.749196	18707.627798	45818.617441	-13935.686819	3641.635614	-43577.899763	-187500.022352	0.087922	0.945969	0.284672	192.000000	1.000000	96.000000	14.500000	72.000000	4.000000	120.000000	0.000000	0.000000	0.000000	1741979724.217615	0.000000
152.000000	-11832.566480	4880.481050	-187500.022352	-81.203888	28501.826942	20334.566573	-35421.748212	19516.246857	2241.924672	52572.979340	18780.449781	45885.739730	-13929.204813	3694.341027	-43530.670527	-187500.022352	0.087922	0.945969	0.284672	192.000000	0.000000	0.000000	0.000000	0.000000	0.000000	0.000000	0.000000	0.000000	0.000000	1741979724.217805	0.000000
154.000000	-11838.422637	4906.118501	-187500.022352	-253.446430	28374.690220	20207.005168	-35403.218615	19413.786461	2206.184233	52536.411886	18746.184557	45853.776736	-13932.445816	3621.831968	-43541.131144	-187500.022352	0.087922	0.945969	0.284672	192.000000	0.000000	0.000000	0.000000	0.000000	0.000000	0.000000	0.000000	0.000000	0.000000	1741979724.217996	0.000000
156.000000	-11818.596639	4916.936745	-187500.022352	-113.278641	28471.249756	20305.531657	-35421.859970	19487.837790	2232.134608	52537.283604	18736.148624	45835.224788	-13905.824888	3611.639573	-43561.493583	-187500.022352	0.087922	0.945969	0.284672	192.000000	0.000000	0.000000	0.000000	0.000000	0.000000	0.000000	0.000000	0.000000	0.000000	1741979724.277571	0.000000
158.000000	-11822.843471	4918.456664	-187500.022352	-244.572788	28376.321897	20215.230610	-35411.153485	19418.525030	2237.789600	52547.811275	18766.010555	45869.981750	-13938.927822	3549.524075	-43535.163228	-187500.022352	0.087922	0.945969	0.284672	192.000000	0.000000	0.000000	0.000000	0.000000	0.000000	0.000000	0.000000	0.000000	0.000000	1741979724.277780	0.000000
160.000000	-11797.697758	4900.798786	-187500.022352	-120.542958	28472.277936	20308.146812	-35420.004776	19491.145848	2219.528224	52513.478996	18713.707473	45817.991593	-13919.928839	3585.353921	-43567.975589	-187500.022352	0.087961	0.947984	0.283336	192.000000	1.000000	96.000000	14.500000	88.000000	4.000000	104.000000	0.000000	0.000000	0.000000	1741979724.277972	0.000000
162.000000	-11833.818177	4896.842527	-187500.022352	-233.508674	28386.983679	20228.820470	-35418.350746	19429.767958	2213.381495	52582.411776	18794.553732	45904.425788	-13933.921031	3543.734973	-43505.122483	-187500.022352	0.087961	0.947984	0.283336	192.000000	0.000000	0.000000	0.000000	0.000000	0.000000	0.000000	0.000000	0.000000	0.000000	1741979724.278165	0.000000
164.000000	-11817.635514	4918.277850	-187500.022352	-127.807275	28468.388732	20302.827096	-35422.307005	19488.284825	2223.506835	52491.104900	18686.103068	45794.075226	-13917.380740	3531.933252	-43579.933772	-187500.022352	0.087961	0.947984	0.283336	192.000000	0.000000	0.000000	0.000000	0.000000	0.000000	0.000000	0.000000	0.000000	0.000000	1741979724.278342	0.000000
166.000000	-11823.066988	4895.166146	-187500.022352	-230.692355	28378.802941	20219.186869	-35406.146694	19423.531821	2217.404809	52602.751863	18812.658645	45923.000088	-13936.357371	3495.678722	-43495.064198	-187500.022352	0.087961	0.947984	0.283336	192.000000	0.000000	0.000000	0.000000	0.000000	0.000000	0.000000	0.000000	0.000000	0.000000	1741979724.278519	0.000000
168.000000	-11826.755026	4899.278867	-187500.022352	-141.061859	28458.308096	20297.686195	-35430.420688	19486.876665	2238.884835	52466.294463	18662.298460	45768.616589	-13905.690778	3491.275429	-43597.479891	-187500.022352	0.087961	0.947984	0.283336	192.000000	0.000000	0.000000	0.000000	0.000000	0.000000	0.000000	0.000000	0.000000	0.000000	1741979724.278709	0.000000
170.000000	-11847.631556	4881.151602	-187500.022352	-211.000468	28390.671717	20241.717427	-35422.172895	19437.993400	2221.472826	52620.230927	18836.351494	45942.222588	-13937.542014	3468.722519	-43475.864050	-187500.022352	0.087980	0.944992	0.281668	192.000000	1.000000	96.000000	14.500000	56.000000	4.000000	96.000000	0.000000	0.000000	0.000000	1741979724.335900	0.000000
172.000000	-11807.309009	4901.469338	-187500.022352	-200.852776	28410.631825	20245.673686	-35418.931892	19442.262583	2221.830454	52436.454885	18635.342256	45737.972347	-13909.490575	3457.591350	-43615.964784	-187500.022352	0.087980	0.944992	0.281668	192.000000	0.000000	0.000000	0.000000	0.000000	0.000000	0.000000	0.000000	0.000000	0.000000	1741979724.336176	0.000000
174.000000	-11836.075704	4899.010646	-187500.022352	-212.788607	28388.034211	20236.598878	-35439.651959	19437.524013	2215.750780	52603.109491	18820.772328	45920.161417	-13931.998781	3479.160783	-43509.682239	-187500.022352	0.087980	0.944992	0.281668	192.000000	0.000000	0.000000	0.000000	0.000000	0.000000	0.000000	0.000000	0.000000	0.000000	1741979724.336344	0.000000
176.000000	-11789.517020	4906.632591	-187500.022352	-190.749787	28414.006938	20261.744590	-35439.651959	19459.585185	2215.437855	52437.907748	18650.608498	45755.160839	-13925.583831	3459.535952	-43597.189319	-187500.022352	0.087980	0.944992	0.281668	192.000000	0.000000	0.000000	0.000000	0.000000	0.000000	0.000000	0.000000	0.000000	0.000000	1741979724.336547	0.000000
178.000000	-11827.492634	4894.920277	-187500.022352	-194.326066	28394.292700	20250.144035	-35433.438174	19448.006981	2237.521379	52618.062808	18842.453521	45943.295472	-13924.823871	3481.217144	-43486.615239	-187500.022352	0.087980	0.944992	0.281668	192.000000	0.000000	0.000000	0.000000	0.000000	0.000000	0.000000	0.000000	0.000000	0.000000	1741979724.336734	0.000000
180.000000	-11804.135061	4915.640344	-187500.022352	-221.036401	28384.770856	20240.666895	-35437.170915	19441.614382	2232.268719	52434.934966	18649.848539	45753.551513	-13922.476938	3462.084050	-43596.496415	-187500.022352	0.082990	0.943496	0.278834	192.000000	1.000000	56.000000	14.500000	56.000000	4.000000	80.000000	0.000000	0.000000	0.000000	1741979724.336906	0.000000
182.000000	-11820.965924	4876.435384	-187500.022352	-187.285267	28397.399592	20254.435570	-35435.896866	19452.432627	2241.902321	52614.330067	18839.100759	45933.818332	-13923.728636	3498.562097	-43496.606469	-187500.022352	0.082990	0.943496	0.278834	192.000000	0.000000	0.000000	0.000000	0.000000	0.000000	0.000000	0.000000	0.000000	0.000000	1741979724.337089	0.000000
184.000000	-11797.787165	4898.653018	-187500.022352	-250.652462	28368.007048	20219.075110	-35437.707357	19428.829185	2219.729390	52427.424780	18646.249908	45739.939301	-13930.456511	3444.604986	-43610.689772	-187500.022352	0.082990	0.943496	0.278834	192.000000	0.000000	0.000000	0.000000	0.000000	0.000000	0.000000	0.000000	0.000000	0.000000	1741979724.337265	0.000000
186.000000	-11843.138855	4894.562649	-187500.022352	-165.335854	28419.237246	20279.223654	-35448.659712	19472.504493	2247.110277	52615.291192	18844.487529	45927.604547	-13921.918144	3475.785670	-43495.824158	-187500.022352	0.082990	0.943496	0.278834	192.000000	0.000000	0.000000	0.000000	0.000000	0.000000	0.000000	0.000000	0.000000	0.000000	1741979724.396104	0.000000
188.000000	-11825.168052	4886.806594	-187500.022352	-254.921646	28370.689257	20231.077997	-35446.491593	19438.865118	2209.782864	52447.563702	18678.056440	45763.833316	-13922.543993	3419.056942	-43582.861851	-187500.022352	0.082990	0.943496	0.278834	192.000000	0.000000	0.000000	0.000000	0.000000	0.000000	0.000000	0.000000	0.000000	0.000000	1741979724.396314	0.000000
190.000000	-11827.649096	4884.012626	-187500.022352	-116.318478	28459.671552	20335.058312	-35460.886116	19520.627799	2231.486408	52617.481663	18852.042419	45936.634652	-13936.580889	3497.288048	-43476.646361	-187500.022352	0.082495	0.944748	0.277417	192.000000	1.000000	72.000000	14.500000	72.000000	4.000000	80.000000	0.000000	0.000000	0.000000	1741979724.396508	0.000000
192.000000	-11838.914375	4895.680236	-187500.022352	-265.561076	28360.876842	20223.992494	-35430.465392	19430.058531	2190.560364	52465.355690	18705.191458	45795.237517	-13930.836490	3452.584559	-43546.674376	-187500.022352	0.082495	0.944748	0.277417	192.000000	0.000000	0.000000	0.000000	0.000000	0.000000	0.000000	0.000000	0.000000	0.000000	1741979724.396704	0.000000
194.000000	-11847.653907	4863.203152	-187500.022352	-106.304897	28467.584070	20340.221565	-35455.700511	19525.299314	2221.584585	52590.167831	18822.761634	45905.722190	-13918.610086	3490.850746	-43490.280925	-187500.022352	0.082495	0.944748	0.277417	192.000000	0.000000	0.000000	0.000000	0.000000	0.000000	0.000000	0.000000	0.000000	0.000000	1741979724.396886	0.000000
196.000000	-11827.224413	4877.530620	-187500.022352	-262.923570	28359.960420	20232.039122	-35436.522715	19436.942868	2209.648753	52481.784222	18725.330380	45812.984802	-13932.848147	3431.328050	-43525.417867	-187500.022352	0.082495	0.944748	0.277417	192.000000	0.000000	0.000000	0.000000	0.000000	0.000000	0.000000	0.000000	0.000000	0.000000	1741979724.397052	0.000000
198.000000	-11825.302163	4885.107861	-187500.022352	-97.028923	28475.384828	20359.086437	-35455.655808	19537.838642	2247.244388	52582.098851	18816.704311	45899.284887	-13918.475976	3481.865344	-43473.830041	-187500.022352	0.082495	0.944748	0.277417	192.000000	0.000000	0.000000	0.000000	0.000000	0.000000	0.000000	0.000000	0.000000	0.000000	1741979724.397252	0.000000
200.000000	-11824.788073	4887.253629	-187500.022352	-263.549419	28357.278211	20239.862232	-35438.042633	19439.781539	2216.555442	52513.322534	18756.958098	45844.836038	-13936.916165	3436.401896	-43488.716303	-187500.022352	0.084248	0.946374	0.276708	192.000000	1.000000	88.000000	14.500000	80.000000	4.000000	80.000000	0.000000	0.000000	0.000000	1741979724.456341	0.000000
202.000000	-11834.354619	4898.094225	-187500.022352	-120.073571	28457.950468	20340.825062	-35450.514907	19516.179802	2248.741954	52554.025060	18786.998843	45864.550276	-13905.891944	3477.238533	-43484.089492	-187500.022352	0.084248	0.946374	0.276708	192.000000	0.000000	0.000000	0.000000	0.000000	0.000000	0.000000	0.000000	0.000000	0.000000	1741979724.456582	0.000000
204.000000	-11805.520869	4912.958135	-187500.022352	-285.096501	28337.318103	20217.152860	-35432.633511	19415.418138	2205.245460	52522.687915	18763.797732	45841.103296	-13915.592601	3458.150143	-43490.638553	-187500.022352	0.084248	0.946374	0.276708	192.000000	0.000000	0.000000	0.000000	0.000000	0.000000	0.000000	0.000000	0.000000	0.000000	1741979724.456770	0.000000
206.000000	-11803.263343	4891.075777	-187500.022352	-115.312650	28462.957259	20349.542242	-35455.499346	19522.281828	2236.247329	52526.040676	18758.656831	45828.005174	-13904.908467	3448.315376	-43505.144835	-187500.022352	0.084248	0.946374	0.276708	192.000000	0.000000	0.000000	0.000000	0.000000	0.000000	0.000000	0.000000	0.000000	0.000000	1741979724.456945	0.000000
208.000000	-11813.388683	4914.992144	-187500.022352	-280.670855	28336.960475	20219.700959	-35431.359462	19417.340388	2231.441704	52553.242749	18799.873447	45874.899134	-13938.950174	3465.213295	-43463.682349	-187500.022352	0.084248	0.946374	0.276708	192.000000	0.000000	0.000000	0.000000	0.000000	0.000000	0.000000	0.000000	0.000000	0.000000	1741979724.457130	0.000000
210.000000	-11809.164203	4914.835681	-187500.022352	-139.050202	28448.987418	20331.571440	-35458.382721	19507.864953	2253.189952	52497.832775	18724.011627	45798.791444	-13898.717034	3469.482478	-43522.646251	-187500.022352	0.086124	0.948187	0.277354	192.000000	1.000000	96.000000	14.500000	88.000000	4.000000	88.000000	0.000000	0.000000	0.000000	1741979724.457307	0.000000
212.000000	-11813.299276	4889.689969	-187500.022352	-279.262695	28341.095548	20222.226706	-35439.584904	19420.335522	2211.034562	52571.057090	18812.144555	45890.098320	-13926.634363	3467.180248	-43455.836887	-187500.022352	0.086124	0.948187	0.277354	192.000000	0.000000	0.000000	0.000000	0.000000	0.000000	0.000000	0.000000	0.000000	0.000000	1741979724.457512	0.000000
214.000000	-11789.293502	4900.351751	-187500.022352	-158.965607	28437.699787	20318.965056	-35457.354541	19497.203171	2225.965527	52477.760908	18703.403318	45776.327941	-13910.898734	3475.875077	-43527.653042	-187500.022352	0.086124	0.948187	0.277354	192.000000	0.000000	0.000000	0.000000	0.000000	0.000000	0.000000	0.000000	0.000000	0.000000	1741979724.457695	0.000000
216.000000	-11803.106881	4895.814347	-187500.022352	-287.756358	28332.713644	20211.207296	-35428.543142	19405.315149	2225.362030	52581.942389	18824.013331	45894.121634	-13921.471110	3462.441678	-43452.551180	-187500.022352	0.086124	0.948187	0.277354	192.000000	0.000000	0.000000	0.000000	0.000000	0.000000	0.000000	0.000000	0.000000	0.000000	1741979724.516642	0.000000
218.000000	-11821.368256	4899.032998	-187500.022352	-192.314409	28418.074956	20293.685233	-35447.318607	19475.231406	2247.870236	52438.399486	18665.248891	45729.054001	-13898.515868	3484.413443	-43564.153440	-187500.022352	0.086124	0.948187	0.277354	192.000000	0.000000	0.000000	0.000000	0.000000	0.000000	0.000000	0.000000	0.000000	0.000000	1741979724.516970	0.000000
220.000000	-11813.612200	4876.413033	-187500.022352	-265.851649	28352.763158	20229.803947	-35439.853125	19421.631923	2208.419407	52593.319427	18838.810186	45904.425788	-13924.220374	3481.977103	-43448.840791	-187500.022352	0.084062	0.947094	0.277677	192.000000	1.000000	72.000000	14.500000	72.000000	4.000000	88.000000	0.000000	0.000000	0.000000	1741979724.517314	0.000000
222.000000	-11827.559689	4887.611257	-187500.022352	-214.844968	28403.412211	20275.312099	-35450.313741	19459.763999	2227.597204	52427.827111	18657.939870	45725.455371	-13914.631476	3426.120094	-43553.804583	-187500.022352	0.084062	0.947094	0.277677	192.000000	0.000000	0.000000	0.000000	0.000000	0.000000	0.000000	0.000000	0.000000	0.000000	1741979724.517635	0.000000
224.000000	-11830.264250	4873.082623	-187500.022352	-256.262750	28358.999295	20231.055645	-35440.993064	19423.241249	2232.693402	52600.919020	18845.850986	45913.321783	-13926.500252	3448.270672	-43432.434610	-187500.022352	0.084062	0.947094	0.277677	192.000000	0.000000	0.000000	0.000000	0.000000	0.000000	0.000000	0.000000	0.000000	0.000000	1741979724.517893	0.000000
226.000000	-11831.828872	4870.914503	-187500.022352	-233.352212	28396.304357	20263.063343	-35452.526564	19452.745551	2211.369838	52407.531727	18639.186757	45702.902460	-13904.997874	3455.132658	-43561.739452	-187500.022352	0.084062	0.947094	0.277677	192.000000	0.000000	0.000000	0.000000	0.000000	0.000000	0.000000	0.000000	0.000000	0.000000	1741979724.518156	0.000000
228.000000	-11826.911488	4848.518056	-187500.022352	-216.968383	28390.783476	20269.321831	-35459.947343	19452.723199	2213.806178	52607.825709	18856.736285	45916.383972	-13930.769435	3467.381414	-43416.274299	-187500.022352	0.084062	0.947094	0.277677	192.000000	0.000000	0.000000	0.000000	0.000000	0.000000	0.000000	0.000000	0.000000	0.000000	1741979724.518421	0.000000
230.000000	-11841.417771	4859.135134	-187500.022352	-254.496962	28383.340345	20249.898165	-35445.709282	19439.468615	2195.209526	52410.213937	18645.557004	45706.702257	-13917.201926	3435.261957	-43542.405193	-187500.022352	0.082031	0.946547	0.277839	192.000000	1.000000	64.000000	14.500000	72.000000	4.000000	88.000000	0.000000	0.000000	0.000000	1741979724.576934	0.000000
232.000000	-11848.123294	4864.074870	-187500.022352	-201.188052	28408.575464	20287.091468	-35452.437157	19463.832016	2215.482559	52608.853890	18852.802378	45912.897100	-13919.548860	3461.771126	-43416.654279	-187500.022352	0.082031	0.946547	0.277839	192.000000	0.000000	0.000000	0.000000	0.000000	0.000000	0.000000	0.000000	0.000000	0.000000	1741979724.577259	0.000000
234.000000	-11825.525680	4885.443137	-187500.022352	-279.285047	28367.738827	20236.420064	-35446.156317	19425.968161	2226.054934	52412.762035	18648.082751	45712.781931	-13916.240801	3416.419437	-43534.135048	-187500.022352	0.082031	0.946547	0.277839	192.000000	0.000000	0.000000	0.000000	0.000000	0.000000	0.000000	0.000000	0.000000	0.000000	1741979724.577538	0.000000
236.000000	-11829.504291	4870.266303	-187500.022352	-160.485525	28436.269276	20323.122480	-35465.334113	19494.453906	2206.027771	52606.037570	18849.896651	45909.969021	-13933.138720	3459.603007	-43409.993459	-187500.022352	0.082031	0.946547	0.277839	192.000000	0.000000	0.000000	0.000000	0.000000	0.000000	0.000000	0.000000	0.000000	0.000000	1741979724.577811	0.000000
238.000000	-11806.191421	4881.956265	-187500.022352	-261.001320	28371.091589	20257.944793	-35457.421596	19445.838862	2209.961678	52438.555949	18686.617158	45756.837220	-13932.825796	3399.342704	-43483.977733	-187500.022352	0.082031	0.946547	0.277839	192.000000	0.000000	0.000000	0.000000	0.000000	0.000000	0.000000	0.000000	0.000000	0.000000	1741979724.578127	0.000000
240.000000	-11812.271096	4903.480995	-187500.022352	-158.451516	28431.173078	20320.507326	-35447.966808	19492.576360	2213.962640	52588.670264	18839.816015	45905.275155	-13907.613028	3489.576696	-43398.683476	-187500.022352	0.079015	0.945273	0.276919	192.000000	1.000000	48.000000	14.500000	64.000000	4.000000	80.000000	0.000000	0.000000	0.000000	1741979724.578424	0.000000
242.000000	-11802.078700	4899.010646	-187500.022352	-308.878757	28335.060577	20209.888543	-35422.754040	19403.102327	2229.988841	52429.928175	18684.761963	45753.707976	-13905.109633	3444.917911	-43492.650210	-187500.022352	0.079015	0.945273	0.276919	192.000000	0.000000	0.000000	0.000000	0.000000	0.000000	0.000000	0.000000	0.000000	0.000000	1741979724.578739	0.000000
244.000000	-11793.495630	4898.876536	-187500.022352	-150.024909	28443.578296	20331.280867	-35448.033863	19502.008796	2254.307539	52569.336005	18816.458442	45881.895230	-13895.319569	3490.046083	-43421.683421	-187500.022352	0.079015	0.945273	0.276919	192.000000	0.000000	0.000000	0.000000	0.000000	0.000000	0.000000	0.000000	0.000000	0.000000	1741979724.579055	0.000000
246.000000	-11788.488840	4949.637347	-187500.022352	-309.549309	28330.523173	20212.682511	-35421.971729	19408.623208	2235.174446	52467.479106	18717.976656	45788.017903	-13908.685912	3463.156934	-43467.839774	-187500.022352	0.079015	0.945273	0.276919	192.000000	0.000000	0.000000	0.000000	0.000000	0.000000	0.000000	0.000000	0.000000	0.000000	1741979724.637254	0.000000
248.000000	-11808.650113	4908.420731	-187500.022352	-165.805240	28430.591933	20314.874687	-35446.983331	19489.424764	2273.306522	52539.339964	18784.540151	45843.718451	-13903.612066	3508.665086	-43456.350977	-187500.022352	0.079015	0.945273	0.276919	192.000000	0.000000	0.000000	0.000000	0.000000	0.000000	0.000000	0.000000	0.000000	0.000000	1741979724.637475	0.000000
250.000000	-11771.814438	4924.670449	-187500.022352	-337.623100	28307.031489	20188.028537	-35425.972691	19392.015862	2224.020925	52471.748289	18728.951362	45792.309438	-13927.796653	3464.274521	-43476.400492	-187500.022352	0.078508	0.944637	0.273460	192.000000	1.000000	56.000000	14.500000	64.000000	4.000000	56.000000	0.000000	0.000000	0.000000	1741979724.637665	0.000000
252.000000	-11795.931971	4904.732693	-187500.022352	-167.101642	28429.429642	20315.232314	-35446.491593	19498.410165	2243.332832	52523.179653	18771.218511	45826.731125	-13900.773394	3500.976086	-43459.413166	-187500.022352	0.078508	0.944637	0.273460	192.000000	0.000000	0.000000	0.000000	0.000000	0.000000	0.000000	0.000000	0.000000	0.000000	1741979724.637859	0.000000
254.000000	-11818.373122	4898.273039	-187500.022352	-330.068210	28310.227789	20195.158743	-35434.287540	19401.403594	2205.401922	52497.162223	18756.600470	45812.068380	-13919.146528	3455.758507	-43460.664864	-187500.022352	0.078508	0.944637	0.273460	192.000000	0.000000	0.000000	0.000000	0.000000	0.000000	0.000000	0.000000	0.000000	0.000000	1741979724.638039	0.000000
0.000000	-11820.585945	4900.843489	-187500.022352	-150.024909	28440.404348	20333.717207	-35457.600410	19511.798860	2236.627309	52506.326438	18754.521758	45804.357029	-13914.653828	3524.400714	-43466.610428	-187500.022352	0.078508	0.944637	0.273460	192.000000	0.000000	0.000000	0.000000	0.000000	0.000000	0.000000	0.000000	0.000000	0.000000	1741979724.638227	0.000000
2.000000	-11790.478145	4896.149623	-187500.022352	-315.047838	28313.938178	20202.758336	-35420.384755	19405.426908	2233.453361	52535.473113	18799.337006	45851.966244	-13935.016267	3456.518466	-43425.282052	-187500.022352	0.078508	0.944637	0.273460	192.000000	0.000000	0.000000	0.000000	0.000000	0.000000	0.000000	0.000000	0.000000	0.000000	1741979724.638410	0.000000
4.000000	-11814.662732	4892.819213	-187500.022352	-190.772139	28411.816467	20298.535561	-35433.326415	19480.439363	2212.979163	52471.457716	18719.049539	45767.096671	-13905.131984	3492.840051	-43492.650210	-187500.022352	0.075254	0.945318	0.274730	192.000000	1.000000	32.000000	14.500000	72.000000	4.000000	80.000000	0.000000	0.000000	0.000000	1741979724.697512	0.000000
6.000000	-11825.436273	4881.375120	-187500.022352	-316.880681	28313.178219	20203.183020	-35433.482877	19401.694167	2202.049160	52538.155322	18798.107660	45850.245160	-13911.524583	3441.788666	-43444.281035	-187500.022352	0.075254	0.945318	0.274730	192.000000	0.000000	0.000000	0.000000	0.000000	0.000000	0.000000	0.000000	0.000000	0.000000	1741979724.697797	0.000000
8.000000	-11812.695779	4910.924126	-187500.022352	-206.261898	28399.724174	20289.214884	-35437.573247	19470.314022	2213.493253	52444.657975	18693.277978	45746.242493	-13914.340903	3492.415368	-43508.430542	-187500.022352	0.075254	0.945318	0.274730	192.000000	0.000000	0.000000	0.000000	0.000000	0.000000	0.000000	0.000000	0.000000	0.000000	1741979724.697981	0.000000
10.000000	-11811.377026	4900.195289	-187500.022352	-307.627059	28315.815725	20207.563961	-35429.414860	19402.744699	2230.838207	52556.640215	18821.867564	45873.401567	-13929.115406	3492.080091	-43429.037145	-187500.022352	0.075254	0.945318	0.274730	192.000000	0.000000	0.000000	0.000000	0.000000	0.000000	0.000000	0.000000	0.000000	0.000000	1741979724.698166	0.000000
12.000000	-11800.648189	4918.926051	-187500.022352	-209.257032	28398.248958	20288.499628	-35446.290427	19468.145903	2254.776925	52427.760056	18684.024356	45731.311528	-13902.449775	3472.634074	-43518.466475	-187500.022352	0.075254	0.945318	0.274730	192.000000	0.000000	0.000000	0.000000	0.000000	0.000000	0.000000	0.000000	0.000000	0.000000	1741979724.698334	0.000000
14.000000	-11802.168107	4888.304161	-187500.022352	-252.664119	28342.950743	20252.848596	-35447.251552	19435.020618	2214.946117	52599.890840	18872.069582	45922.597757	-13930.657677	3490.336655	-43391.374456	-187500.022352	0.072627	0.945659	0.277365	192.000000	1.000000	24.000000	14.500000	72.000000	4.000000	96.000000	0.000000	0.000000	0.000000	1741979724.698509	0.000000
16.000000	-11794.479107	4908.487786	-187500.022352	-217.773046	28378.177092	20282.531712	-35444.077604	19459.071095	2217.427160	52426.530710	18680.649242	45736.072449	-13920.018246	3454.618568	-43511.716248	-187500.022352	0.072627	0.945659	0.277365	192.000000	0.000000	0.000000	0.000000	0.000000	0.000000	0.000000	0.000000	0.000000	0.000000	1741979724.698694	0.000000
18.000000	-11790.232276	4903.480995	-187500.022352	-239.633052	28345.454138	20259.397657	-35430.711261	19437.613420	2202.227974	52609.032704	18877.299890	45938.109867	-13918.207755	3490.224897	-43390.994476	-187500.022352	0.072627	0.945659	0.277365	192.000000	0.000000	0.000000	0.000000	0.000000	0.000000	0.000000	0.000000	0.000000	0.000000	1741979724.698874	0.000000
20.000000	-11798.792994	4928.738466	-187500.022352	-232.525198	28364.698990	20270.931157	-35437.416784	19444.765978	2214.409675	52430.956355	18682.057402	45744.610816	-13912.530412	3475.897429	-43510.643364	-187500.022352	0.072627	0.945659	0.277365	192.000000	0.000000	0.000000	0.000000	0.000000	0.000000	0.000000	0.000000	0.000000	0.000000	1741979724.757134	0.000000
22.000000	-11805.878497	4911.438216	-187500.022352	-225.037363	28359.871013	20265.164407	-35422.731688	19438.239269	2250.887722	52622.488454	18882.194922	45938.713364	-13917.179575	3531.687383	-43395.487177	-187500.022352	0.072627	0.945659	0.277365	192.000000	0.000000	0.000000	0.000000	0.000000	0.000000	0.000000	0.000000	0.000000	0.000000	1741979724.757357	0.000000
24.000000	-11790.053462	4919.373085	-187500.022352	-283.174251	28335.999350	20225.132433	-35419.803610	19408.511449	2221.852806	52417.813530	18663.751324	45723.354307	-13907.411862	3455.758507	-43531.274024	-187500.022352	0.073313	0.941830	0.277682	192.000000	1.000000	40.000000	14.500000	40.000000	4.000000	88.000000	0.000000	0.000000	0.000000	1741979724.757546	0.000000
26.000000	-11783.504401	4914.075722	-187500.022352	-220.790532	28366.621240	20265.991421	-35437.148564	19436.719350	2249.479562	52609.055055	18866.436942	45924.721172	-13911.122252	3514.521243	-43414.732029	-187500.022352	0.073313	0.941830	0.277682	192.000000	0.000000	0.000000	0.000000	0.000000	0.000000	0.000000	0.000000	0.000000	0.000000	1741979724.757735	0.000000
28.000000	-11802.838660	4908.241917	-187500.022352	-267.617436	28348.337513	20244.556099	-35432.521752	19423.688283	2225.652602	52428.363553	18677.944681	45741.973310	-13921.381703	3470.868286	-43520.612242	-187500.022352	0.073313	0.941830	0.277682	192.000000	0.000000	0.000000	0.000000	0.000000	0.000000	0.000000	0.000000	0.000000	0.000000	1741979724.757912	0.000000
30.000000	-11838.690858	4886.828945	-187500.022352	-156.909246	28409.491886	20322.742501	-35445.262247	19486.563741	2226.881948	52628.791646	18885.771201	45951.409155	-13914.296200	3509.425045	-43386.010037	-187500.022352	0.073313	0.941830	0.277682	192.000000	0.000000	0.000000	0.000000	0.000000	0.000000	0.000000	0.000000	0.000000	0.000000	1741979724.758086	0.000000
32.000000	-11798.971808	4915.819158	-187500.022352	-278.189811	28328.422109	20237.068264	-35427.112630	19421.341350	2191.119157	52463.209923	18718.244877	45792.600011	-13919.146528	3429.316393	-43468.935009	-187500.022352	0.073313	0.941830	0.277682	192.000000	0.000000	0.000000	0.000000	0.000000	0.000000	0.000000	0.000000	0.000000	0.000000	1741979724.758269	0.000000
34.000000	-11814.774491	4896.216678	-187500.022352	-149.421412	28411.257674	20327.592829	-35443.518811	19496.219694	2225.384381	52608.451558	18860.849006	45928.386859	-13904.506136	3529.206339	-43401.298630	-187500.022352	0.075657	0.941915	0.278841	192.000000	1.000000	56.000000	14.500000	56.000000	4.000000	96.000000	0.000000	0.000000	0.000000	1741979724.816789	0.000000
36.000000	-11779.972825	4931.219510	-187500.022352	-304.184890	28305.019832	20214.694168	-35418.663671	19406.790365	2200.842166	52472.105917	18726.626781	45801.943040	-13915.100862	3466.576751	-43464.598771	-187500.022352	0.075657	0.941915	0.278841	192.000000	0.000000	0.000000	0.000000	0.000000	0.000000	0.000000	0.000000	0.000000	0.000000	1741979724.816997	0.000000
38.000000	-11786.298369	4919.216623	-187500.022352	-160.574932	28398.874807	20318.607428	-35443.876439	19488.106011	2240.963547	52579.506049	18824.706235	45894.836890	-13900.773394	3509.201528	-43428.768924	-187500.022352	0.075657	0.941915	0.278841	192.000000	0.000000	0.000000	0.000000	0.000000	0.000000	0.000000	0.000000	0.000000	0.000000	1741979724.817173	0.000000
40.000000	-11812.964000	4918.166091	-187500.022352	-286.035274	28313.044109	20238.431721	-35434.868686	19428.471557	2232.469884	52492.513060	18745.916336	45821.813741	-13926.455549	3476.299760	-43454.540486	-187500.022352	0.075657	0.941915	0.278841	192.000000	0.000000	0.000000	0.000000	0.000000	0.000000	0.000000	0.000000	0.000000	0.000000	1741979724.817357	0.000000
42.000000	-11798.815346	4922.435274	-187500.022352	-147.521513	28408.217836	20339.148681	-35445.821040	19506.099165	2246.126800	52580.981264	18828.349570	45895.552146	-13911.725749	3487.229763	-43408.384133	-187500.022352	0.075657	0.941915	0.278841	192.000000	0.000000	0.000000	0.000000	0.000000	0.000000	0.000000	0.000000	0.000000	0.000000	1741979724.817534	0.000000
44.000000	-11797.965979	4916.467359	-187500.022352	-303.000248	28303.723431	20231.659142	-35427.492610	19422.615400	2217.136588	52507.846356	18758.053334	45831.872026	-13905.377854	3451.176399	-43444.929236	-187500.022352	0.076828	0.941957	0.282421	192.000000	1.000000	56.000000	14.500000	56.000000	4.000000	120.000000	0.000000	0.000000	0.000000	1741979724.817723	0.000000
46.000000	-11759.118647	4924.938670	-187500.022352	-141.978281	28413.001110	20348.245841	-35444.122308	19510.815383	2240.717678	52559.948273	18803.092099	45870.786413	-13907.188345	3493.130623	-43417.905977	-187500.022352	0.076828	0.941957	0.282421	192.000000	0.000000	0.000000	0.000000	0.000000	0.000000	0.000000	0.000000	0.000000	0.000000	1741979724.817932	0.000000
48.000000	-11795.574343	4932.180635	-187500.022352	-313.147940	28284.031544	20215.163555	-35418.730726	19405.762184	2208.754684	52537.842397	18791.424488	45863.030358	-13910.027016	3482.558248	-43416.050782	-187500.022352	0.076828	0.941957	0.282421	192.000000	0.000000	0.000000	0.000000	0.000000	0.000000	0.000000	0.000000	0.000000	0.000000	1741979724.818103	0.000000
50.000000	-11779.235217	4918.881347	-187500.022352	-157.244522	28403.278101	20332.934896	-35433.818154	19503.193438	2245.456248	52513.836624	18755.259365	45819.444456	-13894.380795	3482.737062	-43454.920465	-187500.022352	0.076828	0.941957	0.282421	192.000000	0.000000	0.000000	0.000000	0.000000	0.000000	0.000000	0.000000	0.000000	0.000000	1741979724.877048	0.000000
52.000000	-11825.928012	4913.382818	-187500.022352	-292.763149	28305.310405	20229.446319	-35411.220540	19428.359798	2212.018038	52560.395308	18818.447747	45883.549259	-13910.384644	3432.222120	-43399.778712	-187500.022352	0.076828	0.941957	0.282421	192.000000	0.000000	0.000000	0.000000	0.000000	0.000000	0.000000	0.000000	0.000000	0.000000	1741979724.877311	0.000000
54.000000	-11818.417826	4903.838623	-187500.022352	-125.817970	28434.347026	20362.282737	-35431.962959	19538.084512	2229.653565	52511.936726	18754.052371	45817.231633	-13905.199040	3451.779896	-43439.900093	-187500.022352	0.077414	0.942979	0.282210	192.000000	1.000000	56.000000	14.500000	64.000000	4.000000	104.000000	0.000000	0.000000	0.000000	1741979724.877502	0.000000
56.000000	-11795.060253	4921.787074	-187500.022352	-259.168477	28326.298693	20258.883567	-35409.164179	19451.404447	2228.200701	52607.512785	18866.794570	45935.628824	-13928.221336	3456.026728	-43342.357080	-187500.022352	0.077414	0.942979	0.282210	192.000000	0.000000	0.000000	0.000000	0.000000	0.000000	0.000000	0.000000	0.000000	0.000000	1741979724.877688	0.000000
58.000000	-11768.260511	4912.756969	-187500.022352	-186.525307	28389.777647	20312.237181	-35424.341014	19488.150714	2242.863446	52476.531562	18713.752176	45775.925610	-13900.728691	3458.261902	-43457.803840	-187500.022352	0.077414	0.942979	0.282210	192.000000	0.000000	0.000000	0.000000	0.000000	0.000000	0.000000	0.000000	0.000000	0.000000	1741979724.877863	0.000000
60.000000	-11785.337244	4902.072835	-187500.022352	-277.541611	28318.252065	20245.561927	-35423.961034	19437.099330	2207.704152	52588.513802	18836.396198	45899.843681	-13910.362293	3445.320242	-43386.077092	-187500.022352	0.077414	0.942979	0.282210	192.000000	0.000000	0.000000	0.000000	0.000000	0.000000	0.000000	0.000000	0.000000	0.000000	1741979724.878036	0.000000
62.000000	-11778.631720	4907.638420	-187500.022352	-193.946087	28384.390877	20311.030187	-35433.751098	19486.563741	2218.522396	52469.557818	18699.290597	45764.816793	-13902.248609	3416.419437	-43459.368462	-187500.022352	0.077414	0.942979	0.282210	192.000000	0.000000	0.000000	0.000000	0.000000	0.000000	0.000000	0.000000	0.000000	0.000000	1741979724.878213	0.000000
64.000000	-11812.628724	4905.716170	-187500.022352	-258.967311	28325.471678	20256.871910	-35424.855104	19444.162481	2226.591376	52609.122111	18854.255242	45913.880576	-13903.902638	3465.660330	-43374.878868	-187500.022352	0.078707	0.941489	0.280105	192.000000	1.000000	64.000000	14.500000	48.000000	4.000000	88.000000	0.000000	0.000000	0.000000	1741979724.937292	0.000000
66.000000	-11801.005817	4901.558745	-187500.022352	-190.056883	28389.576482	20327.436367	-35446.089261	19504.422784	2214.230861	52454.537446	18693.367385	45750.846952	-13898.001778	3408.998657	-43465.135213	-187500.022352	0.078707	0.941489	0.280105	192.000000	0.000000	0.000000	0.000000	0.000000	0.000000	0.000000	0.000000	0.000000	0.000000	1741979724.937505	0.000000
68.000000	-11782.699738	4907.660771	-187500.022352	-229.440657	28339.597981	20286.867951	-35436.388604	19461.552139	2210.654582	52644.169646	18900.232780	45960.863943	-13919.772377	3436.983041	-43322.821656	-187500.022352	0.078707	0.941489	0.280105	192.000000	0.000000	0.000000	0.000000	0.000000	0.000000	0.000000	0.000000	0.000000	0.000000	1741979724.937705	0.000000
70.000000	-11760.415049	4927.889100	-187500.022352	-257.179172	28334.658245	20267.891320	-35429.481915	19443.447226	2277.218077	52421.412161	18661.650260	45722.035554	-13906.808365	3428.467027	-43489.006876	-187500.022352	0.078707	0.941489	0.280105	192.000000	0.000000	0.000000	0.000000	0.000000	0.000000	0.000000	0.000000	0.000000	0.000000	1741979724.937875	0.000000
72.000000	-11806.303180	4898.474204	-187500.022352	-201.076293	28360.921545	20310.024358	-35444.099956	19479.589996	2218.835320	52631.004468	18884.564207	45941.730850	-13904.684949	3448.538893	-43350.627226	-187500.022352	0.078707	0.941489	0.280105	192.000000	0.000000	0.000000	0.000000	0.000000	0.000000	0.000000	0.000000	0.000000	0.000000	1741979724.938048	0.000000
74.000000	-11775.167200	4942.082458	-187500.022352	-257.022709	28333.875934	20272.071096	-35424.050441	19449.415141	2213.895585	52448.189550	18686.326586	45749.751717	-13904.148508	3430.143408	-43462.318893	-187500.022352	0.079354	0.941745	0.280053	192.000000	1.000000	64.000000	14.500000	56.000000	4.000000	96.000000	0.000000	0.000000	0.000000	1741979724.938231	0.000000
76.000000	-11804.604447	4898.720074	-187500.022352	-182.658456	28370.532795	20327.346960	-35437.707357	19488.441287	2227.150169	52649.824637	18893.795478	45953.063184	-13912.418653	3473.639902	-43337.417345	-187500.022352	0.079354	0.941745	0.280053	192.000000	0.000000	0.000000	0.000000	0.000000	0.000000	0.000000	0.000000	0.000000	0.000000	1741979724.938426	0.000000
78.000000	-11769.467505	4918.389609	-187500.022352	-275.172326	28317.581513	20264.203282	-35419.244816	19439.110987	2196.662390	52448.927158	18684.918426	45748.477667	-13900.438118	3422.029724	-43459.413166	-187500.022352	0.079354	0.941745	0.280053	192.000000	0.000000	0.000000	0.000000	0.000000	0.000000	0.000000	0.000000	0.000000	0.000000	1741979724.938602	0.000000
80.000000	-11802.816308	4895.523774	-187500.022352	-175.863525	28374.667868	20334.857146	-35428.900770	19495.325624	2232.067553	52639.967518	18887.179361	45943.988376	-13910.965790	3449.097687	-43333.729307	-187500.022352	0.079354	0.941745	0.280053	192.000000	0.000000	0.000000	0.000000	0.000000	0.000000	0.000000	0.000000	0.000000	0.000000	1741979724.997515	0.000000
82.000000	-11788.265322	4919.015458	-187500.022352	-299.938059	28295.073306	20244.109064	-35412.539293	19424.157670	2230.771152	52450.022393	18692.920350	45754.155010	-13919.995894	3421.023896	-43455.345148	-187500.022352	0.079354	0.941745	0.280053	192.000000	0.000000	0.000000	0.000000	0.000000	0.000000	0.000000	0.000000	0.000000	0.000000	1741979724.997710	0.000000
84.000000	-11788.622950	4902.162242	-187500.022352	-165.537019	28384.234415	20343.060236	-35446.446889	19502.411127	2242.416411	52608.809186	18856.468064	45909.969021	-13898.113537	3453.053946	-43365.871115	-187500.022352	0.080677	0.941872	0.278026	192.000000	1.000000	72.000000	14.500000	56.000000	4.000000	80.000000	0.000000	0.000000	0.000000	1741979724.997894	0.000000
86.000000	-11784.040843	4918.344905	-187500.022352	-312.678553	28282.355163	20234.162537	-35433.549933	19413.317074	2207.570041	52467.769679	18715.517964	45777.870211	-13915.592601	3417.514672	-43436.145000	-187500.022352	0.080677	0.941872	0.278026	192.000000	0.000000	0.000000	0.000000	0.000000	0.000000	0.000000	0.000000	0.000000	0.000000	1741979724.998083	0.000000
88.000000	-11801.184631	4883.610294	-187500.022352	-141.084211	28400.774706	20371.066972	-35461.936648	19520.337226	2219.863501	52587.932657	18833.445768	45890.478300	-13903.299141	3454.640920	-43374.565944	-187500.022352	0.080677	0.941872	0.278026	192.000000	0.000000	0.000000	0.000000	0.000000	0.000000	0.000000	0.000000	0.000000	0.000000	1741979724.998262	0.000000
90.000000	-11793.897962	4904.665638	-187500.022352	-288.762187	28298.180198	20272.249910	-35440.367215	19435.780577	2192.147337	52504.895926	18760.333211	45823.870101	-13925.114444	3411.211480	-43386.501776	-187500.022352	0.080677	0.941872	0.278026	192.000000	0.000000	0.000000	0.000000	0.000000	0.000000	0.000000	0.000000	0.000000	0.000000	1741979724.998460	0.000000
92.000000	-11807.331360	4887.097166	-187500.022352	-153.042394	28385.866092	20360.338135	-35450.581962	19496.063232	2219.617631	52575.214514	18822.404006	45885.247992	-13913.245668	3460.407670	-43355.678720	-187500.022352	0.080677	0.941872	0.278026	192.000000	0.000000	0.000000	0.000000	0.000000	0.000000	0.000000	0.000000	0.000000	0.000000	1741979724.998639	0.000000
94.000000	-11773.736688	4896.306085	-187500.022352	-317.260661	28272.565099	20245.874851	-35434.064023	19404.175210	2221.472826	52498.346865	18747.592717	45815.734066	-13909.848202	3410.652686	-43396.984744	-187500.022352	0.083338	0.941936	0.277013	192.000000	1.000000	88.000000	14.500000	56.000000	4.000000	80.000000	0.000000	0.000000	0.000000	1741979725.057060	0.000000
96.000000	-11789.651130	4903.905678	-187500.022352	-164.978226	28379.562900	20353.587908	-35443.116479	19489.648281	2237.029640	52543.787961	18780.762706	45842.086773	-13905.824888	3446.974271	-43378.812775	-187500.022352	0.083338	0.941936	0.277013	192.000000	0.000000	0.000000	0.000000	0.000000	0.000000	0.000000	0.000000	0.000000	0.000000	1741979725.057288	0.000000
98.000000	-11785.516058	4912.153472	-187500.022352	-331.632832	28261.568041	20225.668874	-35414.036860	19389.624225	2209.201718	52514.462473	18761.719020	45823.020735	-13904.439080	3441.855722	-43393.967258	-187500.022352	0.083338	0.941936	0.277013	192.000000	0.000000	0.000000	0.000000	0.000000	0.000000	0.000000	0.000000	0.000000	0.000000	1741979725.057476	0.000000
100.000000	-11790.835773	4903.011608	-187500.022352	-155.366976	28391.699897	20365.613146	-35443.719976	19505.629779	2240.985899	52515.021266	18756.756932	45813.275375	-13890.044557	3464.162763	-43398.214090	-187500.022352	0.083338	0.941936	0.277013	192.000000	0.000000	0.000000	0.000000	0.000000	0.000000	0.000000	0.000000	0.000000	0.000000	1741979725.057650	0.000000
102.000000	-11790.634607	4915.752103	-187500.022352	-324.435571	28257.567079	20230.608610	-35421.167066	19393.871056	2224.467960	52550.493485	18804.433203	45863.477393	-13917.961886	3428.422323	-43358.316226	-187500.022352	0.083338	0.941936	0.277013	192.000000	0.000000	0.000000	0.000000	0.000000	0.000000	0.000000	0.000000	0.000000	0.000000	1741979725.057823	0.000000
104.000000	-11792.601561	4912.376989	-187500.022352	-179.149232	28371.002182	20348.156434	-35445.843392	19492.755174	2212.576832	52488.020359	18725.442138	45779.345426	-13897.264170	3450.304681	-43415.469636	-187500.022352	0.082669	0.940968	0.279507	192.000000	1.000000	72.000000	14.500000	48.000000	4.000000	104.000000	0.000000	0.000000	0.000000	1741979725.058003	0.000000
106.000000	-11798.502421	4905.649114	-187500.022352	-309.348143	28266.597184	20248.959392	-35428.252569	19412.043025	2233.341602	52578.388462	18828.036645	45887.550221	-13915.547897	3453.702146	-43341.440659	-187500.022352	0.082669	0.940968	0.279507	192.000000	0.000000	0.000000	0.000000	0.000000	0.000000	0.000000	0.000000	0.000000	0.000000	1741979725.058191	0.000000
108.000000	-11772.887322	4901.268172	-187500.022352	-175.997636	28371.829196	20361.299260	-35461.802538	19505.518020	2218.656506	52480.241952	18709.661807	45768.549534	-13903.075624	3458.619530	-43413.592090	-187500.022352	0.082669	0.940968	0.279507	192.000000	0.000000	0.000000	0.000000	0.000000	0.000000	0.000000	0.000000	0.000000	0.000000	1741979725.058366	0.000000
110.000000	-11779.749308	4911.527623	-187500.022352	-274.568829	28285.238538	20284.766887	-35445.038729	19438.731007	2198.852861	52615.581765	18861.944242	45926.799885	-13920.688799	3427.014163	-43300.380504	-187500.022352	0.082669	0.940968	0.279507	192.000000	0.000000	0.000000	0.000000	0.000000	0.000000	0.000000	0.000000	0.000000	0.000000	1741979725.116734	0.000000
112.000000	-11765.310081	4915.528585	-187500.022352	-219.494131	28337.765138	20331.482033	-35443.787032	19474.538502	2243.645757	52461.064155	18694.730841	45754.646749	-13921.269944	3427.684716	-43408.808817	-187500.022352	0.082669	0.940968	0.279507	192.000000	0.000000	0.000000	0.000000	0.000000	0.000000	0.000000	0.000000	0.000000	0.000000	1741979725.116931	0.000000
114.000000	-11794.993197	4919.753065	-187500.022352	-275.507602	28281.908128	20279.983613	-35439.160221	19430.013827	2222.925690	52608.339799	18856.780989	45914.193501	-13912.910391	3449.790591	-43315.400876	-187500.022352	0.080335	0.939484	0.280753	192.000000	1.000000	56.000000	14.500000	40.000000	4.000000	104.000000	0.000000	0.000000	0.000000	1741979725.117118	0.000000
116.000000	-11758.381040	4928.380838	-187500.022352	-224.344459	28332.601885	20329.895059	-35448.123270	19470.738705	2206.921841	52447.004908	18676.469466	45736.586539	-13898.046481	3434.323184	-43423.270395	-187500.022352	0.080335	0.939484	0.280753	192.000000	0.000000	0.000000	0.000000	0.000000	0.000000	0.000000	0.000000	0.000000	0.000000	1741979725.117302	0.000000
118.000000	-11777.223560	4915.282716	-187500.022352	-252.217084	28297.442591	20296.658015	-35439.339034	19439.535670	2245.947986	52634.111361	18877.009318	45931.829027	-13916.531374	3452.629263	-43300.246394	-187500.022352	0.080335	0.939484	0.280753	192.000000	0.000000	0.000000	0.000000	0.000000	0.000000	0.000000	0.000000	0.000000	0.000000	1741979725.117490	0.000000
120.000000	-11767.075868	4926.995030	-187500.022352	-251.010090	28313.513495	20306.291617	-35436.679177	19448.923403	2222.456303	52429.928175	18664.198359	45714.592423	-13898.672330	3439.933472	-43438.201360	-187500.022352	0.080335	0.939484	0.280753	192.000000	0.000000	0.000000	0.000000	0.000000	0.000000	0.000000	0.000000	0.000000	0.000000	1741979725.117677	0.000000
122.000000	-11793.607389	4914.746274	-187500.022352	-223.942128	28320.107260	20322.384873	-35426.799706	19459.115798	2219.461169	52632.859663	18880.093858	45928.878597	-13901.063967	3470.756527	-43305.655516	-187500.022352	0.080335	0.939484	0.280753	192.000000	0.000000	0.000000	0.000000	0.000000	0.000000	0.000000	0.000000	0.000000	0.000000	1741979725.117853	0.000000
124.000000	-11792.243933	4920.960059	-187500.022352	-270.791384	28301.622367	20300.100183	-35432.946436	19444.587164	2214.297916	52434.242062	18677.765867	45733.032612	-13898.359406	3430.746905	-43421.929291	-187500.022352	0.078167	0.937742	0.281377	192.000000	1.000000	48.000000	14.500000	32.000000	4.000000	104.000000	0.000000	0.000000	0.000000	1741979725.177017	0.000000
126.000000	-11787.147735	4894.227373	-187500.022352	-203.512633	28337.161641	20347.195309	-35438.377909	19477.712450	2236.448495	52621.773198	18884.586559	45937.282853	-13916.196098	3451.019937	-43293.183242	-187500.022352	0.078167	0.937742	0.281377	192.000000	0.000000	0.000000	0.000000	0.000000	0.000000	0.000000	0.000000	0.000000	0.000000	1741979725.177219	0.000000
128.000000	-11756.637604	4916.422655	-187500.022352	-313.304402	28270.933422	20270.350012	-35424.653938	19416.334559	2242.617576	52432.699792	18685.231350	45741.570978	-13895.677196	3412.597288	-43406.931270	-187500.022352	0.078167	0.937742	0.281377	192.000000	0.000000	0.000000	0.000000	0.000000	0.000000	0.000000	0.000000	0.000000	0.000000	1741979725.177391	0.000000
130.000000	-11760.683270	4909.203042	-187500.022352	-222.869244	28325.806955	20328.218678	-35440.501325	19457.998211	2258.487315	52590.927791	18847.348553	45895.999181	-13889.463412	3468.499001	-43325.481513	-187500.022352	0.078167	0.937742	0.281377	192.000000	0.000000	0.000000	0.000000	0.000000	0.000000	0.000000	0.000000	0.000000	0.000000	1741979725.177573	0.000000
132.000000	-11774.943683	4911.304106	-187500.022352	-335.834960	28259.310515	20249.585241	-35428.632549	19401.180077	2200.193965	52419.445207	18674.144885	45722.996679	-13895.721900	3431.976251	-43427.159599	-187500.022352	0.078167	0.937742	0.281377	192.000000	0.000000	0.000000	0.000000	0.000000	0.000000	0.000000	0.000000	0.000000	0.000000	1741979725.177760	0.000000
134.000000	-11774.787220	4904.442120	-187500.022352	-208.944107	28340.804975	20340.869765	-35447.184497	19471.252796	2242.461114	52578.902552	18830.517689	45875.212058	-13894.224333	3469.795402	-43337.506752	-187500.022352	0.080084	0.938871	0.281688	192.000000	1.000000	72.000000	14.500000	48.000000	4.000000	104.000000	0.000000	0.000000	0.000000	1741979725.177945	0.000000
136.000000	-11794.724976	4924.670449	-187500.022352	-326.447228	28265.948983	20270.215901	-35437.863819	19419.016769	2213.895585	52447.451943	18698.821211	45753.104478	-13908.797670	3431.931547	-43402.729142	-187500.022352	0.080084	0.938871	0.281688	192.000000	0.000000	0.000000	0.000000	0.000000	0.000000	0.000000	0.000000	0.000000	0.000000	1741979725.178139	0.000000
138.000000	-11777.223560	4909.493614	-187500.022352	-163.391252	28375.025496	20392.904626	-35458.338017	19513.274075	2221.405771	52588.178526	18843.280535	45894.434559	-13904.260266	3478.669045	-43304.850853	-187500.022352	0.080084	0.938871	0.281688	192.000000	0.000000	0.000000	0.000000	0.000000	0.000000	0.000000	0.000000	0.000000	0.000000	1741979725.178310	0.000000
140.000000	-11784.554933	4911.259402	-187500.022352	-345.088583	28243.150204	20253.653259	-35434.555761	19398.475516	2212.398018	52469.289597	18730.918316	45785.961543	-13907.545973	3415.279498	-43369.447395	-187500.022352	0.080084	0.938871	0.281688	192.000000	0.000000	0.000000	0.000000	0.000000	0.000000	0.000000	0.000000	0.000000	0.000000	1741979725.237263	0.000000
142.000000	-11782.833848	4895.590829	-187500.022352	-200.249279	28347.354036	20358.058257	-35438.959055	19476.684270	2264.276417	52536.791865	18785.948311	45831.424991	-13891.363310	3478.110251	-43355.410499	-187500.022352	0.080084	0.938871	0.281688	192.000000	0.000000	0.000000	0.000000	0.000000	0.000000	0.000000	0.000000	0.000000	0.000000	1741979725.237503	0.000000
144.000000	-11779.346976	4906.610239	-187500.022352	-376.023397	28227.012244	20228.462843	-35420.585921	19372.838065	2210.118140	52474.184629	18728.951362	45774.740967	-13899.789917	3438.078277	-43389.720427	-187500.022352	0.081042	0.937436	0.281844	192.000000	1.000000	72.000000	14.500000	32.000000	4.000000	104.000000	0.000000	0.000000	0.000000	1741979725.237682	0.000000
146.000000	-11790.187572	4883.990274	-187500.022352	-180.199764	28369.303449	20379.471228	-35447.720939	19499.594808	2236.180274	52511.400284	18755.505235	45795.595145	-13887.094127	3477.551458	-43379.259810	-187500.022352	0.081042	0.937436	0.281844	192.000000	0.000000	0.000000	0.000000	0.000000	0.000000	0.000000	0.000000	0.000000	0.000000	1741979725.237872	0.000000
148.000000	-11811.801709	4896.797824	-187500.022352	-329.621175	28253.811986	20268.226596	-35431.784145	19412.177135	2194.874250	52532.992069	18791.670357	45841.639738	-13926.120272	3433.652631	-43322.844007	-187500.022352	0.081042	0.937436	0.281844	192.000000	0.000000	0.000000	0.000000	0.000000	0.000000	0.000000	0.000000	0.000000	0.000000	1741979725.238045	0.000000
150.000000	-11819.803634	4900.172937	-187500.022352	-178.746900	28371.829196	20388.590740	-35445.262247	19506.747366	2240.091829	52492.378949	18737.780301	45782.809947	-13894.336092	3455.378527	-43372.755453	-187500.022352	0.081042	0.937436	0.281844	192.000000	0.000000	0.000000	0.000000	0.000000	0.000000	0.000000	0.000000	0.000000	0.000000	1741979725.238227	0.000000
152.000000	-11804.537392	4899.189460	-187500.022352	-320.099332	28261.813910	20282.688175	-35423.871627	19420.491984	2197.534108	52557.802505	18819.252410	45865.734919	-13915.123214	3425.069562	-43299.329972	-187500.022352	0.081042	0.937436	0.281844	192.000000	0.000000	0.000000	0.000000	0.000000	0.000000	0.000000	0.000000	0.000000	0.000000	1741979725.238407	0.000000
154.000000	-11790.813421	4892.327475	-187500.022352	-183.753691	28366.129502	20388.054298	-35451.856011	19504.132212	2223.283317	52480.867801	18726.962057	45771.164688	-13890.491592	3466.688510	-43367.726310	-187500.022352	0.084521	0.937718	0.279922	192.000000	1.000000	96.000000	14.500000	40.000000	4.000000	88.000000	0.000000	0.000000	0.000000	1741979725.297560	0.000000
156.000000	-11822.307029	4887.320684	-187500.022352	-303.760207	28269.592317	20298.580265	-35434.064023	19428.471557	2221.696344	52575.974473	18835.323314	45884.175108	-13916.196098	3453.523332	-43288.221155	-187500.022352	0.084521	0.937718	0.279922	192.000000	0.000000	0.000000	0.000000	0.000000	0.000000	0.000000	0.000000	0.000000	0.000000	1741979725.297803	0.000000
158.000000	-11801.050520	4889.824079	-187500.022352	-208.988811	28345.454138	20372.877463	-35457.488651	19487.278996	2214.432027	52445.328527	18686.348937	45732.473818	-13896.660673	3460.854704	-43394.324886	-187500.022352	0.084521	0.937718	0.279922	192.000000	0.000000	0.000000	0.000000	0.000000	0.000000	0.000000	0.000000	0.000000	0.000000	1741979725.297985	0.000000
160.000000	-11819.960096	4884.236143	-187500.022352	-290.505623	28273.660335	20309.152640	-35443.228238	19436.674647	2223.238614	52589.653741	18849.941355	45896.490919	-13931.618802	3452.428097	-43280.845080	-187500.022352	0.084521	0.937718	0.279922	192.000000	0.000000	0.000000	0.000000	0.000000	0.000000	0.000000	0.000000	0.000000	0.000000	1741979725.298185	0.000000
162.000000	-11804.626799	4905.559707	-187500.022352	-239.387183	28321.247199	20350.212795	-35440.210753	19471.185740	2209.961678	52430.665783	18675.441286	45720.694449	-13899.968731	3462.598141	-43396.962392	-187500.022352	0.084521	0.937718	0.279922	192.000000	0.000000	0.000000	0.000000	0.000000	0.000000	0.000000	0.000000	0.000000	0.000000	1741979725.298360	0.000000
164.000000	-11794.300293	4900.329399	-187500.022352	-277.139280	28284.590338	20321.759024	-35431.225351	19452.477330	2234.190969	52600.807262	18858.747942	45902.704704	-13900.616932	3468.253132	-43285.226021	-187500.022352	0.084260	0.943859	0.278961	192.000000	1.000000	80.000000	14.500000	88.000000	4.000000	88.000000	0.000000	0.000000	0.000000	1741979725.298555	0.000000
166.000000	-11774.586055	4937.276833	-187500.022352	-230.960575	28331.841926	20367.445990	-35442.401223	19491.414069	2232.224015	52444.859140	18691.243969	45734.977214	-13889.843391	3449.634129	-43381.405578	-187500.022352	0.084260	0.943859	0.278961	192.000000	0.000000	0.000000	0.000000	0.000000	0.000000	0.000000	0.000000	0.000000	0.000000	1741979725.298747	0.000000
168.000000	-11799.821174	4914.679219	-187500.022352	-229.373602	28314.854600	20363.087399	-35443.429404	19483.166275	2263.717623	52634.871320	18897.438812	45937.148742	-13902.427423	3494.583487	-43251.430184	-187500.022352	0.084260	0.943859	0.278961	192.000000	0.000000	0.000000	0.000000	0.000000	0.000000	0.000000	0.000000	0.000000	0.000000	1741979725.298915	0.000000
170.000000	-11783.839677	4932.560615	-187500.022352	-266.701015	28305.712736	20338.232260	-35426.307967	19463.966127	2235.308556	52437.907748	18691.847466	45733.412592	-13888.122307	3461.234684	-43374.431834	-187500.022352	0.084260	0.943859	0.278961	192.000000	0.000000	0.000000	0.000000	0.000000	0.000000	0.000000	0.000000	0.000000	0.000000	1741979725.357942	0.000000
172.000000	-11806.347884	4908.085454	-187500.022352	-206.038380	28334.479431	20378.085420	-35441.663616	19496.286749	2239.667146	52635.273652	18900.769222	45937.998109	-13891.989159	3485.911010	-43250.916094	-187500.022352	0.084260	0.943859	0.278961	192.000000	0.000000	0.000000	0.000000	0.000000	0.000000	0.000000	0.000000	0.000000	0.000000	1741979725.358279	0.000000
174.000000	-11774.474296	4917.048504	-187500.022352	-255.905122	28312.172390	20350.704533	-35440.166049	19473.756191	2222.121027	52446.490818	18703.269208	45746.823638	-13894.403147	3479.943094	-43357.533915	-187500.022352	0.081130	0.948929	0.281481	192.000000	1.000000	56.000000	14.500000	104.000000	4.000000	112.000000	0.000000	0.000000	0.000000	1741979725.358545	0.000000
176.000000	-11799.843526	4898.116576	-187500.022352	-166.520496	28356.764121	20413.311769	-35451.364273	19520.694854	2223.350373	52641.576843	18911.520411	45950.135106	-13908.909429	3509.402693	-43224.742201	-187500.022352	0.081130	0.948929	0.281481	192.000000	0.000000	0.000000	0.000000	0.000000	0.000000	0.000000	0.000000	0.000000	0.000000	1741979725.358823	0.000000
178.000000	-11781.045709	4934.058182	-187500.022352	-277.809832	28285.171483	20331.303219	-35427.671424	19452.991420	2225.093809	52454.157466	18716.568496	45759.631188	-13894.872534	3445.655518	-43335.986833	-187500.022352	0.081130	0.948929	0.281481	192.000000	0.000000	0.000000	0.000000	0.000000	0.000000	0.000000	0.000000	0.000000	0.000000	1741979725.359102	0.000000
180.000000	-11789.159392	4902.609277	-187500.022352	-171.057900	28352.249068	20407.545019	-35444.301122	19510.480107	2264.365824	52613.815977	18874.885902	45914.037039	-13895.319569	3487.520336	-43256.213457	-187500.022352	0.081130	0.948929	0.281481	192.000000	0.000000	0.000000	0.000000	0.000000	0.000000	0.000000	0.000000	0.000000	0.000000	1741979725.359402	0.000000
182.000000	-11790.656959	4916.154434	-187500.022352	-280.156765	28278.376553	20335.482995	-35437.685005	19452.030295	2222.121027	52463.165219	18727.789072	45770.024749	-13918.744197	3441.699259	-43326.219121	-187500.022352	0.081130	0.948929	0.281481	192.000000	0.000000	0.000000	0.000000	0.000000	0.000000	0.000000	0.000000	0.000000	0.000000	1741979725.359695	0.000000
184.000000	-11787.617122	4899.614143	-187500.022352	-170.409700	28348.672789	20408.796717	-35443.161183	19506.456793	2221.450474	52601.142538	18864.000602	45900.424826	-13893.442022	3468.700167	-43256.325216	-187500.022352	0.079565	0.946465	0.284740	192.000000	1.000000	56.000000	14.500000	64.000000	4.500000	0.000000	0.000000	0.000000	0.000000	1741979725.417224	0.000000
186.000000	-11787.438308	4912.980487	-187500.022352	-297.300553	28266.731294	20330.029169	-35435.405127	19448.901051	2207.190061	52469.088431	18738.182633	45780.418310	-13904.595543	3466.196771	-43318.530121	-187500.022352	0.079565	0.946465	0.284740	192.000000	0.000000	0.000000	0.000000	0.000000	0.000000	0.000000	0.000000	0.000000	0.000000	1741979725.417594	0.000000
188.000000	-11792.802726	4909.873594	-187500.022352	-140.883045	28367.828234	20438.748054	-35444.189363	19533.122424	2247.244388	52590.324293	18859.820826	45898.033190	-13896.213638	3482.960580	-43242.131858	-187500.022352	0.079565	0.946465	0.284740	192.000000	0.000000	0.000000	0.000000	0.000000	0.000000	0.000000	0.000000	0.000000	0.000000	1741979725.417894	0.000000
190.000000	-11779.279921	4938.573234	-187500.022352	-312.589146	28245.743006	20313.533582	-35425.212732	19429.544440	2201.043332	52489.473222	18767.955156	45809.855558	-13917.783072	3469.773051	-43287.081216	-187500.022352	0.079565	0.946465	0.284740	192.000000	0.000000	0.000000	0.000000	0.000000	0.000000	0.000000	0.000000	0.000000	0.000000	1741979725.418179	0.000000
192.000000	-11798.323607	4899.569440	-187500.022352	-177.808127	28345.275324	20409.310807	-35438.132040	19502.031148	2237.342565	52539.675240	18807.048357	45843.405526	-13888.882266	3496.885717	-43287.818824	-187500.022352	0.079565	0.946465	0.284740	192.000000	0.000000	0.000000	0.000000	0.000000	0.000000	0.000000	0.000000	0.000000	0.000000	1741979725.418457	0.000000
194.000000	-11789.762889	4915.260364	-187500.022352	-326.983670	28243.865459	20307.297445	-35418.596616	19427.488080	2256.162734	52497.385740	18771.754953	45815.331735	-13902.382720	3467.090841	-43302.235699	-187500.022352	0.077783	0.942232	0.285370	192.000000	1.000000	48.000000	14.500000	40.000000	4.000000	120.000000	0.000000	0.000000	0.000000	1741979725.418716	0.000000
196.000000	-11763.209017	4915.238013	-187500.022352	-175.684711	28353.366656	20413.267066	-35435.382776	19507.484973	2230.257062	52525.638345	18792.027985	45831.492046	-13887.652920	3499.389112	-43291.506862	-187500.022352	0.077783	0.942232	0.285370	192.000000	0.000000	0.000000	0.000000	0.000000	0.000000	0.000000	0.000000	0.000000	0.000000	1741979725.418993	0.000000
198.000000	-11777.044747	4916.869690	-187500.022352	-305.704809	28261.411579	20325.514117	-35429.504267	19438.954525	2220.176425	52522.263232	18796.073651	45838.711660	-13904.103804	3476.076242	-43286.008332	-187500.022352	0.077783	0.942232	0.285370	192.000000	0.000000	0.000000	0.000000	0.000000	0.000000	0.000000	0.000000	0.000000	0.000000	1741979725.419265	0.000000
200.000000	-11774.876627	4920.580080	-187500.022352	-137.776153	28380.032287	20452.382618	-35453.375930	19539.962058	2227.530149	52523.693743	18787.535284	45830.642680	-13901.667464	3475.092766	-43274.944219	-187500.022352	0.077783	0.942232	0.285370	192.000000	0.000000	0.000000	0.000000	0.000000	0.000000	0.000000	0.000000	0.000000	0.000000	1741979725.477040	0.000000
202.000000	-11744.187682	4928.336135	-187500.022352	-291.600858	28259.936364	20331.102053	-35427.291444	19441.770845	2228.759495	52572.107622	18853.316468	45904.425788	-13912.798633	3459.066565	-43217.790808	-187500.022352	0.077783	0.942232	0.285370	192.000000	0.000000	0.000000	0.000000	0.000000	0.000000	0.000000	0.000000	0.000000	0.000000	1741979725.477374	0.000000
204.000000	-11769.914540	4939.042621	-187500.022352	-178.970418	28345.945876	20411.054243	-35445.932799	19503.953398	2264.611693	52477.492687	18740.082531	45785.916839	-13881.193266	3476.791498	-43304.694391	-187500.022352	0.076891	0.944116	0.283685	192.000000	1.000000	48.000000	14.500000	72.000000	4.000000	104.000000	0.000000	0.000000	0.000000	1741979725.477670	0.000000
206.000000	-11773.982558	4923.418751	-187500.022352	-293.143129	28251.129776	20318.070986	-35433.862857	19428.225688	2242.349356	52572.688767	18841.447692	45889.427768	-13896.593618	3477.774975	-43240.544884	-187500.022352	0.076891	0.944116	0.283685	192.000000	0.000000	0.000000	0.000000	0.000000	0.000000	0.000000	0.000000	0.000000	0.000000	1741979725.477858	0.000000
208.000000	-11768.036994	4921.384742	-187500.022352	-179.417453	28342.995446	20415.099909	-35446.357482	19505.540372	2273.127708	52473.648187	18731.767682	45778.652522	-13888.859914	3480.412481	-43299.754655	-187500.022352	0.076891	0.944116	0.283685	192.000000	0.000000	0.000000	0.000000	0.000000	0.000000	0.000000	0.000000	0.000000	0.000000	1741979725.478047	0.000000
210.000000	-11759.655089	4938.081496	-187500.022352	-298.686361	28242.412596	20310.739614	-35416.652014	19415.373434	2240.985899	52590.257238	18863.374753	45911.511291	-13902.852106	3482.915876	-43223.848131	-187500.022352	0.076891	0.944116	0.283685	192.000000	0.000000	0.000000	0.000000	0.000000	0.000000	0.000000	0.000000	0.000000	0.000000	1741979725.478229	0.000000
212.000000	-11754.603595	4939.333193	-187500.022352	-236.704974	28303.231693	20361.858053	-35427.112630	19462.043877	2236.582605	52420.607498	18674.770734	45722.393182	-13869.458600	3495.254039	-43356.550438	-187500.022352	0.076891	0.944116	0.283685	192.000000	0.000000	0.000000	0.000000	0.000000	0.000000	0.000000	0.000000	0.000000	0.000000	1741979725.478398	0.000000
214.000000	-11771.367403	4916.154434	-187500.022352	-263.638826	28270.017000	20343.082588	-35428.632549	19449.705714	2238.773076	52601.678980	18877.299890	45924.989393	-13900.929856	3493.689417	-43221.277681	-187500.022352	0.078446	0.941058	0.282843	192.000000	1.000000	64.000000	14.500000	40.000000	4.000000	104.000000	0.000000	0.000000	0.000000	1741979725.537364	0.000000
216.000000	-11769.623967	4922.435274	-187500.022352	-268.019768	28285.305594	20347.485882	-35420.608273	19454.176063	2222.210434	52422.954431	18687.533580	45736.161856	-13893.643188	3474.735138	-43336.433868	-187500.022352	0.078446	0.941058	0.282843	192.000000	0.000000	0.000000	0.000000	0.000000	0.000000	0.000000	0.000000	0.000000	0.000000	1741979725.537595	0.000000
218.000000	-11784.487877	4911.281754	-187500.022352	-267.706843	28271.313402	20339.729826	-35421.234121	19448.185795	2240.896492	52601.611924	18884.094821	45929.258577	-13905.958999	3495.075225	-43222.395268	-187500.022352	0.078446	0.941058	0.282843	192.000000	0.000000	0.000000	0.000000	0.000000	0.000000	0.000000	0.000000	0.000000	0.000000	1741979725.537780	0.000000
220.000000	-11758.582206	4934.818141	-187500.022352	-287.711655	28274.643812	20329.582134	-35413.858046	19443.693095	2242.483466	52406.727064	18674.949548	45720.068600	-13900.818098	3467.314359	-43356.572790	-187500.022352	0.078446	0.941058	0.282843	192.000000	0.000000	0.000000	0.000000	0.000000	0.000000	0.000000	0.000000	0.000000	0.000000	1741979725.537955	0.000000
222.000000	-11785.203133	4910.745312	-187500.022352	-247.299701	28293.374573	20351.308030	-35424.050441	19462.468560	2239.756553	52602.260125	18876.808152	45922.955385	-13899.678159	3501.959563	-43241.327195	-187500.022352	0.078446	0.941058	0.282843	192.000000	0.000000	0.000000	0.000000	0.000000	0.000000	0.000000	0.000000	0.000000	0.000000	1741979725.538144	0.000000
224.000000	-11804.492689	4915.260364	-187500.022352	-288.181041	28282.332812	20332.420806	-35426.240912	19450.175101	2210.319306	52425.726047	18696.071946	45746.130734	-13915.145566	3458.887751	-43331.807057	-187500.022352	0.075223	0.942529	0.283421	192.000000	1.000000	32.000000	14.500000	64.000000	4.000000	112.000000	0.000000	0.000000	0.000000	1741979725.538323	0.000000
226.000000	-11798.815346	4898.317742	-187500.022352	-204.496110	28332.065443	20389.753031	-35437.461488	19492.442249	2225.965527	52610.463215	18888.229893	45937.282853	-13904.036749	3510.475577	-43216.002669	-187500.022352	0.075223	0.942529	0.283421	192.000000	0.000000	0.000000	0.000000	0.000000	0.000000	0.000000	0.000000	0.000000	0.000000	1741979725.538514	0.000000
228.000000	-11802.816308	4919.350734	-187500.022352	-275.395843	28294.738030	20351.799768	-35432.320587	19467.274185	2210.028733	52444.434457	18717.417862	45772.572848	-13898.001778	3458.351309	-43303.845025	-187500.022352	0.075223	0.942529	0.283421	192.000000	0.000000	0.000000	0.000000	0.000000	0.000000	0.000000	0.000000	0.000000	0.000000	1741979725.538682	0.000000
230.000000	-11787.572418	4903.883327	-187500.022352	-154.383499	28367.515310	20437.317543	-35450.067872	19533.860032	2235.710887	52627.338782	18906.938303	45958.852286	-13906.003702	3497.913897	-43185.649000	-187500.022352	0.075223	0.942529	0.283421	192.000000	0.000000	0.000000	0.000000	0.000000	0.000000	0.000000	0.000000	0.000000	0.000000	1741979725.597537	0.000000
232.000000	-11768.864008	4936.449818	-187500.022352	-289.790367	28280.723486	20343.239050	-35423.178723	19459.294612	2241.634100	52475.525734	18751.370162	45809.721447	-13901.913333	3484.882830	-43264.282437	-187500.022352	0.075223	0.942529	0.283421	192.000000	0.000000	0.000000	0.000000	0.000000	0.000000	0.000000	0.000000	0.000000	0.000000	1741979725.597759	0.000000
234.000000	-11777.894113	4950.285548	-187500.022352	-176.422319	28352.584344	20421.514859	-35439.786069	19513.944628	2251.424164	52603.578878	18866.660460	45922.418943	-13883.584903	3515.281202	-43212.359335	-187500.022352	0.078000	0.942000	0.276000	192.000000	1.000000	56.000000	14.500000	56.000000	4.000000	80.000000	0.000000	0.000000	0.000000	1741979725.597932	0.000000
236.000000	-11784.487877	4944.787019	-187500.022352	-317.193606	28252.627343	20320.708492	-35422.575226	19433.500699	2208.106483	52486.723958	18748.397380	45811.934270	-13901.242781	3492.929458	-43268.618675	-187500.022352	0.078000	0.942000	0.276000	192.000000	0.000000	0.000000	0.000000	0.000000	0.000000	0.000000	0.000000	0.000000	0.000000	1741979725.598115	0.000000
238.000000	-11782.677386	4921.071818	-187500.022352	-161.021967	28356.786472	20429.449729	-35437.685005	19522.594753	2238.147228	52587.575029	18840.218346	45897.832024	-13878.444001	3537.565891	-43224.898663	-187500.022352	0.078000	0.942000	0.276000	192.000000	0.000000	0.000000	0.000000	0.000000	0.000000	0.000000	0.000000	0.000000	0.000000	1741979725.598295	0.000000
240.000000	-11772.820267	4934.885196	-187500.022352	-313.505568	28248.626381	20318.830945	-35414.975633	19437.434606	2224.579719	52504.359484	18767.642232	45829.703907	-13898.962903	3496.528089	-43253.866524	-187500.022352	0.078000	0.942000	0.276000	192.000000	0.000000	0.000000	0.000000	0.000000	0.000000	0.000000	0.000000	0.000000	0.000000	1741979725.598475	0.000000
242.000000	-11785.694872	4907.794882	-187500.022352	-166.989883	28351.667923	20424.085310	-35430.554799	19518.012645	2236.537902	52550.739354	18808.545924	45863.522096	-13886.669443	3531.016830	-43245.238751	-187500.022352	0.078000	0.942000	0.276000	192.000000	0.000000	0.000000	0.000000	0.000000	0.000000	0.000000	0.000000	0.000000	0.000000	1741979725.598653	0.000000
244.000000	-11790.433441	4914.008667	-187500.022352	-317.640640	28243.932515	20323.368349	-35417.322566	19434.595935	2213.202681	52518.150511	18793.324386	45851.161581	-13908.238877	3489.688455	-43237.572102	-187500.022352	0.076000	0.940000	0.276000	192.000000	1.000000	48.000000	14.500000	48.000000	4.000000	80.000000	0.000000	0.000000	0.000000	1741979725.657912	0.000000
246.000000	-11786.700700	4924.335173	-187500.022352	-163.704176	28356.920583	20435.909383	-35426.553837	19521.700683	2277.173373	52527.493540	18792.631482	45847.875875	-13877.035842	3528.558138	-43245.596379	-187500.022352	0.076000	0.940000	0.276000	192.000000	0.000000	0.000000	0.000000	0.000000	0.000000	0.000000	0.000000	0.000000	0.000000	1741979725.658121	0.000000
248.000000	-11777.469430	4929.453722	-187500.022352	-321.753361	28235.215334	20308.437384	-35402.749229	19419.888487	2225.809065	52536.188368	18810.982264	45875.726149	-13901.354540	3498.651504	-43220.562425	-187500.022352	0.076000	0.940000	0.276000	192.000000	0.000000	0.000000	0.000000	0.000000	0.000000	0.000000	0.000000	0.000000	0.000000	1741979725.658293	0.000000
250.000000	-11784.756098	4923.865786	-187500.022352	-187.218212	28341.699045	20409.534324	-35419.915369	19500.600636	2230.078248	52486.634551	18749.336153	45807.508624	-13883.562551	3533.073191	-43276.553545	-187500.022352	0.076000	0.940000	0.276000	192.000000	0.000000	0.000000	0.000000	0.000000	0.000000	0.000000	0.000000	0.000000	0.000000	1741979725.658460	0.000000
252.000000	-11769.489857	4935.868673	-187500.022352	-349.156600	28216.819849	20274.418029	-35394.903767	19386.696146	2211.503948	52533.819083	18808.791793	45868.327721	-13890.670406	3516.532900	-43240.388422	-187500.022352	0.076000	0.940000	0.276000	192.000000	0.000000	0.000000	0.000000	0.000000	0.000000	0.000000	0.000000	0.000000	0.000000	1741979725.658641	0.000000
254.000000	-11803.710378	4900.418806	-187500.022352	-184.200726	28348.315161	20414.809336	-35435.338072	19503.416956	2238.862483	52460.080678	18713.953342	45769.220086	-13881.439135	3512.464882	-43305.744923	-187500.022352	0.070000	0.940000	0.278000	192.000000	1.000000	24.000000	14.500000	48.000000	4.000000	88.000000	0.000000	0.000000	0.000000	1741979725.658836	0.000000
0.000000	-11798.077738	4903.391588	-187500.022352	-280.045006	28263.713809	20343.440216	-35424.855104	19443.670743	2221.405771	52587.172697	18860.178454	45921.189597	-13912.418653	3527.507606	-43186.721884	-187500.022352	0.070000	0.940000	0.278000	192.000000	0.000000	0.000000	0.000000	0.000000	0.000000	0.000000	0.000000	0.000000	0.000000	1741979725.659015	0.000000
2.000000	-11779.458735	4910.790016	-187500.022352	-176.690540	28344.224792	20429.226211	-35439.584904	19508.960189	2229.117123	52460.505362	18721.664694	45781.334732	-13893.754946	3518.991592	-43276.307675	-187500.022352	0.070000	0.940000	0.278000	192.000000	0.000000	0.000000	0.000000	0.000000	0.000000	0.000000	0.000000	0.000000	0.000000	1741979725.659191	0.000000
4.000000	-11797.429537	4895.300257	-187500.022352	-269.874963	28262.707980	20350.257498	-35429.057232	19442.083769	2232.089905	52601.522517	18878.283367	45937.349908	-13907.344807	3518.812778	-43177.468261	-187500.022352	0.070000	0.940000	0.278000	192.000000	0.000000	0.000000	0.000000	0.000000	0.000000	0.000000	0.000000	0.000000	0.000000	1741979725.718252	0.000000
6.000000	-11779.056404	4916.333248	-187500.022352	-197.455311	28328.355053	20415.144612	-35441.820078	19492.777526	2197.601163	52445.820266	18708.633627	45767.364891	-13891.452717	3511.034371	-43282.521460	-187500.022352	0.070000	0.940000	0.278000	192.000000	0.000000	0.000000	0.000000	0.000000	0.000000	0.000000	0.000000	0.000000	0.000000	1741979725.718464	0.000000
8.000000	-11778.028223	4927.397362	-187500.022352	-249.601930	28267.491253	20361.343963	-35422.083488	19447.090560	2217.829492	52613.435997	18900.501001	45954.650158	-13906.294275	3544.986671	-43159.340997	-187500.022352	0.074000	0.938000	0.280000	192.000000	1.000000	40.000000	14.500000	40.000000	4.000000	96.000000	0.000000	0.000000	0.000000	1741979725.718639	0.000000
10.000000	-11752.301365	4914.187481	-187500.022352	-207.446540	28311.971225	20402.828801	-35442.669444	19484.105049	2217.404809	52419.221690	18691.735708	45742.420345	-13894.827830	3526.233557	-43294.457292	-187500.022352	0.074000	0.938000	0.280000	192.000000	0.000000	0.000000	0.000000	0.000000	0.000000	0.000000	0.000000	0.000000	0.000000	1741979725.718832	0.000000
12.000000	-11775.770697	4908.979524	-187500.022352	-208.318258	28290.044163	20392.703461	-35437.394433	19467.229482	2239.465980	52630.132750	18920.885792	45970.788118	-13918.028941	3533.676688	-43138.643281	-187500.022352	0.074000	0.938000	0.280000	192.000000	0.000000	0.000000	0.000000	0.000000	0.000000	0.000000	0.000000	0.000000	0.000000	1741979725.719017	0.000000
14.000000	-11770.942720	4947.826856	-187500.022352	-263.571771	28266.597184	20350.056332	-35418.417802	19432.606629	2237.722544	52412.583222	18686.594807	45734.843103	-13889.128135	3509.089769	-43295.641934	-187500.022352	0.074000	0.938000	0.280000	192.000000	0.000000	0.000000	0.000000	0.000000	0.000000	0.000000	0.000000	0.000000	0.000000	1741979725.719197	0.000000
16.000000	-11770.205113	4912.756969	-187500.022352	-187.419377	28307.567931	20409.489621	-35433.371119	19480.685232	2264.119955	52611.044361	18899.495172	45940.881484	-13887.943493	3544.383174	-43169.265171	-187500.022352	0.074000	0.938000	0.280000	192.000000	0.000000	0.000000	0.000000	0.000000	0.000000	0.000000	0.000000	0.000000	0.000000	1741979725.719369	0.000000
18.000000	-11743.740647	4933.409981	-187500.022352	-249.065488	28274.777922	20373.816237	-35417.970767	19451.449150	2231.776980	52434.063248	18722.782281	45769.108328	-13891.117441	3522.165540	-43254.782945	-187500.022352	0.072000	0.936000	0.280000	192.000000	1.000000	32.000000	14.500000	32.000000	4.000000	96.000000	0.000000	0.000000	0.000000	1741979725.777551	0.000000
20.000000	-11750.870854	4930.526606	-187500.022352	-193.856680	28299.275434	20400.057185	-35413.880398	19467.609461	2250.641853	52605.299962	18897.595274	45939.026289	-13884.635435	3541.790371	-43159.184534	-187500.022352	0.072000	0.936000	0.280000	192.000000	0.000000	0.000000	0.000000	0.000000	0.000000	0.000000	0.000000	0.000000	0.000000	1741979725.777831	0.000000
22.000000	-11751.429647	4925.653926	-187500.022352	-269.629093	28261.590393	20357.767684	-35413.768639	19441.502624	2228.424219	52418.171158	18697.189533	45745.236664	-13884.948359	3529.049877	-43277.179393	-187500.022352	0.072000	0.936000	0.280000	192.000000	0.000000	0.000000	0.000000	0.000000	0.000000	0.000000	0.000000	0.000000	0.000000	1741979725.778009	0.000000
24.000000	-11811.935820	4900.172937	-187500.022352	-149.019080	28335.775833	20445.654743	-35432.544104	19505.719186	2243.869274	52608.965648	18894.644844	45938.333385	-13901.131022	3548.585301	-43147.226351	-187500.022352	0.072000	0.936000	0.280000	192.000000	0.000000	0.000000	0.000000	0.000000	0.000000	0.000000	0.000000	0.000000	0.000000	1741979725.778177	0.000000
26.000000	-11775.994215	4920.982411	-187500.022352	-286.705826	28245.743006	20346.144777	-35410.393525	19427.443376	2207.793559	52449.754173	18731.432406	45784.843956	-13898.448813	3514.521243	-43232.766477	-187500.022352	0.072000	0.936000	0.280000	192.000000	0.000000	0.000000	0.000000	0.000000	0.000000	0.000000	0.000000	0.000000	0.000000	1741979725.778358	0.000000
28.000000	-11781.962130	4923.664620	-187500.022352	-174.589476	28314.631082	20416.172792	-35424.206903	19478.718278	2279.162679	52577.092061	18853.830559	45901.743579	-13890.223371	3550.775772	-43169.108709	-187500.022352	0.074000	0.936000	0.280000	192.000000	1.000000	40.000000	14.500000	32.000000	4.000000	96.000000	0.000000	0.000000	0.000000	1741979725.778538	0.000000
30.000000	-11758.537502	4926.927975	-187500.022352	-329.643527	28214.763488	20304.592884	-35409.879435	19392.753469	2235.152094	52433.951489	18709.259475	45762.536915	-13894.827830	3522.880795	-43259.141536	-187500.022352	0.074000	0.936000	0.280000	192.000000	0.000000	0.000000	0.000000	0.000000	0.000000	0.000000	0.000000	0.000000	0.000000	1741979725.778716	0.000000
32.000000	-11764.505418	4925.273946	-187500.022352	-173.963627	28324.510553	20419.167926	-35441.708319	19485.468505	2234.928576	52544.883197	18813.262142	45857.263608	-13893.486726	3568.880685	-43207.263137	-187500.022352	0.074000	0.936000	0.280000	192.000000	0.000000	0.000000	0.000000	0.000000	0.000000	0.000000	0.000000	0.000000	0.000000	1741979725.778899	0.000000
34.000000	-11762.270243	4922.278812	-187500.022352	-331.610481	28212.058927	20301.485992	-35420.876494	19394.161629	2201.624477	52470.742461	18743.703514	45794.298744	-13893.374967	3510.743798	-43238.108544	-187500.022352	0.074000	0.936000	0.280000	192.000000	0.000000	0.000000	0.000000	0.000000	0.000000	0.000000	0.000000	0.000000	0.000000	1741979725.837304	0.000000
36.000000	-11772.060308	4923.664620	-187500.022352	-163.458307	28331.193725	20428.712121	-35438.601427	19495.660901	2246.752649	52532.746200	18796.051299	45843.338471	-13887.407051	3554.508514	-43218.260195	-187500.022352	0.074000	0.936000	0.280000	192.000000	0.000000	0.000000	0.000000	0.000000	0.000000	0.000000	0.000000	0.000000	0.000000	1741979725.837499	0.000000
38.000000	-11767.657014	4931.063048	-187500.022352	-324.882606	28211.768354	20308.035053	-35421.479991	19395.994472	2232.827512	52497.273981	18773.252520	45827.356974	-13896.325397	3534.235482	-43225.949195	-187500.022352	0.072000	0.940000	0.284000	192.000000	1.000000	32.000000	14.500000	48.000000	4.000000	112.000000	0.000000	0.000000	0.000000	1741979725.837683	0.000000
40.000000	-11759.766848	4924.871615	-187500.022352	-166.945179	28325.896362	20426.991037	-35431.918255	19487.837790	2234.593300	52513.121368	18775.934729	45823.333660	-13884.031938	3580.436537	-43234.174637	-187500.022352	0.072000	0.940000	0.284000	192.000000	0.000000	0.000000	0.000000	0.000000	0.000000	0.000000	0.000000	0.000000	0.000000	1741979725.837876	0.000000
42.000000	-11767.075868	4944.384687	-187500.022352	-324.636736	28204.280520	20305.665768	-35408.068944	19390.764164	2251.468867	52524.341944	18796.408927	45845.931273	-13895.386624	3529.049877	-43216.784980	-187500.022352	0.072000	0.940000	0.284000	192.000000	0.000000	0.000000	0.000000	0.000000	0.000000	0.000000	0.000000	0.000000	0.000000	1741979725.838081	0.000000
44.000000	-11780.621026	4940.875464	-187500.022352	-160.641987	28326.969245	20433.115415	-35437.103860	19490.721165	2232.313422	52493.183612	18751.101941	45798.098540	-13875.471219	3560.699947	-43253.508896	-187500.022352	0.072000	0.940000	0.284000	192.000000	0.000000	0.000000	0.000000	0.000000	0.000000	0.000000	0.000000	0.000000	0.000000	1741979725.838254	0.000000
46.000000	-11784.733747	4929.766647	-187500.022352	-274.881753	28236.556439	20348.759931	-35416.316738	19427.286914	2212.666239	52558.942444	18841.470044	45889.718341	-13897.577095	3528.669897	-43183.257363	-187500.022352	0.072000	0.940000	0.284000	192.000000	0.000000	0.000000	0.000000	0.000000	0.000000	0.000000	0.000000	0.000000	0.000000	1741979725.838432	0.000000
48.000000	-11784.130250	4917.674353	-187500.022352	-141.933577	28339.776795	20457.322354	-35440.747194	19509.496630	2235.666184	52490.724920	18765.742334	45813.543595	-13907.009531	3543.153828	-43218.327250	-187500.022352	0.074000	0.938000	0.284000	192.000000	1.000000	40.000000	14.500000	40.000000	4.000000	112.000000	0.000000	0.000000	0.000000	1741979725.897617	0.000000
50.000000	-11771.613273	4920.557728	-187500.022352	-273.965332	28233.293084	20348.804635	-35406.906653	19417.295684	2235.174446	52582.903514	18871.756658	45923.290661	-13904.796708	3535.442476	-43148.053366	-187500.022352	0.074000	0.938000	0.284000	192.000000	0.000000	0.000000	0.000000	0.000000	0.000000	0.000000	0.000000	0.000000	0.000000	1741979725.897898	0.000000
52.000000	-11775.614235	4916.556766	-187500.022352	-184.513650	28310.250140	20417.938580	-35419.803610	19475.209054	2215.862538	52452.659899	18719.138946	45767.901333	-13881.372080	3539.622252	-43251.385480	-187500.022352	0.074000	0.938000	0.284000	192.000000	0.000000	0.000000	0.000000	0.000000	0.000000	0.000000	0.000000	0.000000	0.000000	1741979725.898072	0.000000
54.000000	-11777.916465	4912.354638	-187500.022352	-259.883733	28244.781881	20355.353696	-35423.022261	19424.627057	2228.759495	52585.049282	18866.280480	45915.802826	-13894.380795	3563.493915	-43166.024168	-187500.022352	0.074000	0.938000	0.284000	192.000000	0.000000	0.000000	0.000000	0.000000	0.000000	0.000000	0.000000	0.000000	0.000000	1741979725.898248	0.000000
56.000000	-11771.389755	4940.406077	-187500.022352	-198.662305	28297.084963	20403.901685	-35426.620892	19464.301403	2257.526190	52442.311042	18709.281827	45763.922723	-13880.746231	3541.365688	-43254.447669	-187500.022352	0.074000	0.938000	0.284000	192.000000	0.000000	0.000000	0.000000	0.000000	0.000000	0.000000	0.000000	0.000000	0.000000	1741979725.898440	0.000000
58.000000	-11794.993197	4918.836644	-187500.022352	-223.517445	28267.647716	20381.974623	-35433.035843	19447.425836	2237.499027	52607.512785	18887.000547	45940.568559	-13884.143696	3565.997310	-43150.400299	-187500.022352	0.076000	0.942000	0.280000	192.000000	1.000000	48.000000	14.500000	56.000000	4.000000	96.000000	0.000000	0.000000	0.000000	1741979725.898608	0.000000
60.000000	-11767.254682	4927.151492	-187500.022352	-202.931488	28292.771076	20405.466307	-35438.132040	19466.067191	2223.886815	52437.483065	18710.980560	45765.107365	-13883.875475	3534.548406	-43248.010367	-187500.022352	0.076000	0.942000	0.280000	192.000000	0.000000	0.000000	0.000000	0.000000	0.000000	0.000000	0.000000	0.000000	0.000000	1741979725.898793	0.000000
62.000000	-11777.111802	4927.173844	-187500.022352	-201.433921	28271.849843	20395.609188	-35430.800668	19452.969069	2248.205513	52624.880090	18913.889696	45962.652083	-13895.744252	3562.331624	-43124.740496	-187500.022352	0.076000	0.942000	0.280000	192.000000	0.000000	0.000000	0.000000	0.000000	0.000000	0.000000	0.000000	0.000000	0.000000	1741979725.898971	0.000000
64.000000	-11759.543331	4929.029039	-187500.022352	-217.482474	28277.996573	20395.028042	-35432.186476	19454.041952	2237.409620	52425.614289	18697.591865	45747.784763	-13885.328339	3547.937101	-43262.136669	-187500.022352	0.076000	0.942000	0.280000	192.000000	0.000000	0.000000	0.000000	0.000000	0.000000	0.000000	0.000000	0.000000	0.000000	1741979725.957859	0.000000
66.000000	-11775.457773	4944.764667	-187500.022352	-155.366976	28303.723431	20434.702389	-35428.967825	19486.966072	2234.190969	52639.475779	18925.445548	45976.666627	-13882.489667	3573.194572	-43113.586976	-187500.022352	0.076000	0.942000	0.280000	192.000000	0.000000	0.000000	0.000000	0.000000	0.000000	0.000000	0.000000	0.000000	0.000000	1741979725.958076	0.000000
68.000000	-11759.945662	4952.766592	-187500.022352	-234.492151	28260.875137	20380.320594	-35419.758906	19444.676571	2232.805161	52444.926196	18719.384816	45773.668083	-13882.847295	3546.998328	-43235.940425	-187500.022352	0.076000	0.944000	0.274000	192.000000	1.000000	48.000000	14.500000	64.000000	4.000000	72.000000	0.000000	0.000000	0.000000	1741979725.958250	0.000000
70.000000	-11793.741500	4917.830815	-187500.022352	-133.462266	28319.324949	20450.594479	-35432.700566	19497.381985	2249.904245	52636.257128	18915.208449	45964.999016	-13888.167010	3573.731014	-43120.806589	-187500.022352	0.076000	0.944000	0.274000	192.000000	0.000000	0.000000	0.000000	0.000000	0.000000	0.000000	0.000000	0.000000	0.000000	1741979725.958451	0.000000
72.000000	-11756.481142	4940.719001	-187500.022352	-272.333654	28234.745948	20349.296373	-35401.519883	19414.613475	2256.498010	52447.854274	18724.570420	45781.334732	-13879.449830	3540.516322	-43233.325271	-187500.022352	0.076000	0.944000	0.274000	192.000000	0.000000	0.000000	0.000000	0.000000	0.000000	0.000000	0.000000	0.000000	0.000000	1741979725.958741	0.000000
74.000000	-11781.470392	4929.029039	-187500.022352	-173.695406	28300.549483	20417.178621	-35407.957185	19466.827150	2272.747728	52581.361244	18857.697410	45910.684277	-13870.330318	3584.705721	-43180.172822	-187500.022352	0.076000	0.944000	0.274000	192.000000	0.000000	0.000000	0.000000	0.000000	0.000000	0.000000	0.000000	0.000000	0.000000	1741979725.959036	0.000000
76.000000	-11771.814438	4939.154379	-187500.022352	-288.292800	28226.095823	20343.395513	-35403.755057	19410.768975	2220.355239	52450.022393	18727.342037	45789.291953	-13891.184496	3544.651394	-43239.024966	-187500.022352	0.076000	0.944000	0.274000	192.000000	0.000000	0.000000	0.000000	0.000000	0.000000	0.000000	0.000000	0.000000	0.000000	1741979725.959313	0.000000
78.000000	-11794.881439	4927.106789	-187500.022352	-137.105600	28326.209286	20454.751903	-35430.286578	19499.617159	2225.049105	52578.276703	18852.020067	45914.953460	-13890.424537	3554.195589	-43169.354578	-187500.022352	0.074000	0.942000	0.272000	192.000000	1.000000	40.000000	14.500000	56.000000	4.000000	64.000000	0.000000	0.000000	0.000000	1741979726.018703	0.000000
80.000000	-11773.781392	4925.810388	-187500.022352	-298.529899	28214.294102	20337.047617	-35409.074772	19407.483269	2211.191024	52456.370289	18737.646191	45810.906090	-13908.618857	3549.121743	-43223.222282	-187500.022352	0.074000	0.942000	0.272000	192.000000	0.000000	0.000000	0.000000	0.000000	0.000000	0.000000	0.000000	0.000000	0.000000	1741979726.018927	0.000000
82.000000	-11782.342110	4932.694725	-187500.022352	-132.612900	28328.399757	20455.534214	-35434.511058	19500.041842	2235.554425	52549.398249	18821.152308	45889.070140	-13876.633510	3578.156659	-43187.168919	-187500.022352	0.074000	0.942000	0.272000	192.000000	0.000000	0.000000	0.000000	0.000000	0.000000	0.000000	0.000000	0.000000	0.000000	1741979726.019108	0.000000
84.000000	-11769.221636	4954.375917	-187500.022352	-311.292745	28200.748944	20321.021416	-35405.722011	19393.021690	2242.304652	52475.816307	18753.113598	45823.490122	-13889.619874	3576.077947	-43217.924919	-187500.022352	0.074000	0.942000	0.272000	192.000000	0.000000	0.000000	0.000000	0.000000	0.000000	0.000000	0.000000	0.000000	0.000000	1741979726.019286	0.000000
86.000000	-11772.775563	4932.828836	-187500.022352	-110.730542	28345.230621	20477.081296	-35442.602389	19520.940724	2296.351170	52538.535302	18805.729604	45867.456003	-13878.689871	3609.650267	-43197.942459	-187500.022352	0.074000	0.942000	0.272000	192.000000	0.000000	0.000000	0.000000	0.000000	0.000000	0.000000	0.000000	0.000000	0.000000	1741979726.019475	0.000000
88.000000	-11753.776581	4963.182505	-187500.022352	-278.122756	28218.697395	20352.537376	-35415.422668	19418.301513	2224.065629	52534.981374	18816.480794	45882.923410	-13899.387586	3572.859296	-43164.638360	-187500.022352	0.076000	0.944000	0.276000	192.000000	1.000000	48.000000	14.500000	64.000000	4.000000	80.000000	0.000000	0.000000	0.000000	1741979726.019651	0.000000
90.000000	-11755.475313	4956.275816	-187500.022352	-113.591565	28338.167469	20476.589558	-35440.344863	19516.157450	2248.652547	52531.293336	18808.612979	45869.557067	-13884.501324	3622.904852	-43178.675256	-187500.022352	0.076000	0.944000	0.276000	192.000000	0.000000	0.000000	0.000000	0.000000	0.000000	0.000000	0.000000	0.000000	0.000000	1741979726.019837	0.000000
92.000000	-11760.437400	4935.511045	-187500.022352	-278.770957	28213.243570	20349.810463	-35414.439191	19412.177135	2225.786713	52546.693688	18833.602230	45900.558937	-13894.336092	3564.633854	-43158.961017	-187500.022352	0.076000	0.944000	0.276000	192.000000	0.000000	0.000000	0.000000	0.000000	0.000000	0.000000	0.000000	0.000000	0.000000	1741979726.020010	0.000000
94.000000	-11755.520017	4946.575158	-187500.022352	-119.604185	28331.573705	20472.678002	-35434.332244	19508.401395	2260.789545	52508.539260	18780.941520	45845.819514	-13878.689871	3573.842773	-43197.048390	-187500.022352	0.076000	0.944000	0.276000	192.000000	0.000000	0.000000	0.000000	0.000000	0.000000	0.000000	0.000000	0.000000	0.000000	1741979726.078657	0.000000
96.000000	-11774.966034	4938.930862	-187500.022352	-245.377451	28228.554514	20372.206911	-35410.080601	19426.594010	2247.736126	52585.473965	18874.640033	45946.581178	-13892.793821	3569.774755	-43116.671516	-187500.022352	0.076000	0.944000	0.276000	192.000000	0.000000	0.000000	0.000000	0.000000	0.000000	0.000000	0.000000	0.000000	0.000000	1741979726.078877	0.000000
98.000000	-11767.522903	4935.511045	-187500.022352	-148.348528	28309.847809	20441.318505	-35416.517903	19481.579302	2252.139420	52473.357615	18742.585926	45812.716581	-13859.020336	3592.059444	-43216.740276	-187500.022352	0.076000	0.942000	0.278000	192.000000	1.000000	48.000000	14.500000	56.000000	4.000000	88.000000	0.000000	0.000000	0.000000	1741979726.079052	0.000000
100.000000	-11772.239121	4944.362336	-187500.022352	-245.444506	28231.661407	20361.567481	-35399.329412	19422.660103	2224.177387	52582.232962	18872.248396	45945.687109	-13888.882266	3590.226601	-43133.569435	-187500.022352	0.076000	0.942000	0.278000	192.000000	0.000000	0.000000	0.000000	0.000000	0.000000	0.000000	0.000000	0.000000	0.000000	1741979726.079251	0.000000
102.000000	-11756.615252	4951.067859	-187500.022352	-162.050147	28307.702042	20428.376845	-35411.846389	19472.012755	2253.905207	52453.576321	18726.805595	45801.138377	-13869.145676	3590.450119	-43224.406925	-187500.022352	0.076000	0.942000	0.278000	192.000000	0.000000	0.000000	0.000000	0.000000	0.000000	0.000000	0.000000	0.000000	0.000000	1741979726.079426	0.000000
104.000000	-11757.106990	4932.158283	-187500.022352	-217.035439	28255.980105	20385.036812	-35415.735592	19434.931211	2248.451382	52597.320389	18889.325129	45960.796888	-13884.121345	3594.562840	-43123.153522	-187500.022352	0.076000	0.942000	0.278000	192.000000	0.000000	0.000000	0.000000	0.000000	0.000000	0.000000	0.000000	0.000000	0.000000	1741979726.079602	0.000000
106.000000	-11774.228427	4932.292394	-187500.022352	-183.507822	28292.681669	20419.905534	-35417.590787	19460.546310	2229.251233	52440.835826	18719.653037	45797.137415	-13884.858952	3566.220828	-43214.415695	-187500.022352	0.076000	0.942000	0.278000	192.000000	0.000000	0.000000	0.000000	0.000000	0.000000	0.000000	0.000000	0.000000	0.000000	1741979726.079783	0.000000
108.000000	-11787.281845	4917.406132	-187500.022352	-205.524290	28263.847919	20398.045528	-35415.221502	19442.687266	2238.147228	52601.366055	18896.723556	45970.363435	-13897.286522	3585.555087	-43116.068019	-187500.022352	0.076000	0.944000	0.282000	192.000000	1.000000	48.000000	14.500000	64.000000	4.000000	104.000000	0.000000	0.000000	0.000000	1741979726.079971	0.000000
110.000000	-11755.162389	4928.738466	-187500.022352	-199.623430	28279.762361	20411.434223	-35423.223427	19453.639621	2226.300803	52420.227518	18707.717205	45785.536860	-13880.165086	3563.203342	-43226.753858	-187500.022352	0.076000	0.944000	0.282000	192.000000	0.000000	0.000000	0.000000	0.000000	0.000000	0.000000	0.000000	0.000000	0.000000	1741979726.138356	0.000000
112.000000	-11753.977746	4934.616975	-187500.022352	-183.574877	28272.140416	20413.691749	-35419.803610	19453.751380	2229.139475	52617.146387	18920.528164	45994.548022	-13894.984292	3582.470546	-43091.101121	-187500.022352	0.076000	0.944000	0.282000	192.000000	0.000000	0.000000	0.000000	0.000000	0.000000	0.000000	0.000000	0.000000	0.000000	1741979726.138591	0.000000
114.000000	-11768.796953	4968.457516	-187500.022352	-238.940148	28247.106462	20375.850245	-35412.583996	19424.224725	2251.222998	52407.688189	18697.211885	45773.735139	-13879.829810	3553.100354	-43230.128971	-187500.022352	0.076000	0.944000	0.282000	192.000000	0.000000	0.000000	0.000000	0.000000	0.000000	0.000000	0.000000	0.000000	0.000000	1741979726.138777	0.000000
116.000000	-11738.376229	4955.538208	-187500.022352	-204.116130	28255.242497	20387.629615	-35413.321604	19426.549307	2268.255027	52595.509898	18895.136582	45963.568504	-13882.243798	3580.771813	-43118.057325	-187500.022352	0.076000	0.944000	0.282000	192.000000	0.000000	0.000000	0.000000	0.000000	0.000000	0.000000	0.000000	0.000000	0.000000	1741979726.138950	0.000000
118.000000	-11738.979726	4962.623711	-187500.022352	-247.634977	28239.909201	20368.273004	-35414.305081	19417.385091	2229.854730	52399.105120	18686.930083	45757.865400	-13880.768583	3568.858334	-43253.128916	-187500.022352	0.078000	0.938000	0.286000	192.000000	1.000000	56.000000	14.500000	40.000000	4.000000	120.000000	0.000000	0.000000	0.000000	1741979726.139135	0.000000
120.000000	-11751.474351	4937.075667	-187500.022352	-156.663377	28290.290033	20428.198031	-35422.999909	19461.730952	2278.268609	52600.136709	18898.042309	45963.255580	-13900.415766	3614.277078	-43121.454790	-187500.022352	0.078000	0.938000	0.286000	192.000000	0.000000	0.000000	0.000000	0.000000	0.000000	0.000000	0.000000	0.000000	0.000000	1741979726.139330	0.000000
122.000000	-11726.909784	4950.911397	-187500.022352	-257.760317	28230.320302	20364.629670	-35404.671479	19414.166440	2229.810027	52422.976783	18729.085473	45795.081055	-13892.167973	3545.992499	-43212.605204	-187500.022352	0.078000	0.938000	0.286000	192.000000	0.000000	0.000000	0.000000	0.000000	0.000000	0.000000	0.000000	0.000000	0.000000	1741979726.139514	0.000000
124.000000	-11768.215807	4943.088286	-187500.022352	-134.289281	28308.618463	20450.616831	-35424.899808	19478.762982	2242.997556	52582.456479	18892.968463	45949.732774	-13884.188400	3579.542468	-43122.080639	-187500.022352	0.078000	0.938000	0.286000	192.000000	0.000000	0.000000	0.000000	0.000000	0.000000	0.000000	0.000000	0.000000	0.000000	1741979726.198613	0.000000
126.000000	-11747.316926	4955.582911	-187500.022352	-281.229649	28211.030747	20344.982486	-35400.156426	19390.473591	2224.892643	52438.600652	18748.062104	45809.922613	-13884.143696	3517.941060	-43194.232070	-187500.022352	0.078000	0.938000	0.286000	192.000000	0.000000	0.000000	0.000000	0.000000	0.000000	0.000000	0.000000	0.000000	0.000000	1741979726.198829	0.000000
128.000000	-11765.041860	4926.972679	-187500.022352	-111.334039	28331.730167	20475.471970	-35423.648110	19496.934950	2261.415394	52563.435145	18870.169684	45925.145856	-13881.595597	3604.576421	-43132.965938	-187500.022352	0.076000	0.934000	0.284000	192.000000	1.000000	48.000000	14.500000	24.000000	4.000000	112.000000	0.000000	0.000000	0.000000	1741979726.199010	0.000000
130.000000	-11732.117740	4941.881292	-187500.022352	-268.533858	28221.938398	20363.243862	-35406.079639	19405.940998	2205.848957	52469.915446	18782.841418	45845.059555	-13899.052310	3550.373441	-43158.066947	-187500.022352	0.076000	0.934000	0.284000	192.000000	0.000000	0.000000	0.000000	0.000000	0.000000	0.000000	0.000000	0.000000	0.000000	1741979726.199210	0.000000
132.000000	-11778.788183	4937.477998	-187500.022352	-104.494405	28333.138327	20483.406840	-35429.124287	19498.901903	2252.809972	52555.500276	18861.161931	45913.969983	-13889.172839	3578.357825	-43121.767714	-187500.022352	0.076000	0.934000	0.284000	192.000000	0.000000	0.000000	0.000000	0.000000	0.000000	0.000000	0.000000	0.000000	0.000000	1741979726.199386	0.000000
134.000000	-11749.350935	4940.271966	-187500.022352	-281.006131	28206.560398	20352.716190	-35399.441171	19398.900199	2231.106428	52484.511135	18801.795697	45857.822401	-13914.497365	3577.441404	-43141.884284	-187500.022352	0.076000	0.934000	0.284000	192.000000	0.000000	0.000000	0.000000	0.000000	0.000000	0.000000	0.000000	0.000000	0.000000	1741979726.199559	0.000000
136.000000	-11761.800857	4923.038772	-187500.022352	-124.767438	28318.006196	20466.486569	-35424.139848	19486.183761	2264.723452	52524.006668	18835.256259	45881.135271	-13881.550894	3597.490918	-43135.581092	-187500.022352	0.076000	0.934000	0.284000	192.000000	0.000000	0.000000	0.000000	0.000000	0.000000	0.000000	0.000000	0.000000	0.000000	1741979726.199746	0.000000
138.000000	-11771.657976	4939.512007	-187500.022352	-295.870041	28196.502113	20344.043713	-35409.253586	19384.930359	2225.451437	52492.960095	18827.321390	45865.109070	-13890.424537	3545.523112	-43141.996043	-187500.022352	0.078000	0.940000	0.280000	192.000000	1.000000	56.000000	14.500000	48.000000	4.000000	96.000000	0.000000	0.000000	0.000000	1741979726.199919	0.000000
140.000000	-11776.441249	4923.374048	-187500.022352	-127.650813	28318.050899	20471.135732	-35434.622816	19486.161409	2239.711850	52492.311894	18827.522555	45850.356919	-13876.521751	3607.482148	-43152.233142	-187500.022352	0.078000	0.940000	0.280000	192.000000	0.000000	0.000000	0.000000	0.000000	0.000000	0.000000	0.000000	0.000000	0.000000	1741979726.258902	0.000000
142.000000	-11766.651185	4932.672373	-187500.022352	-273.965332	28205.174590	20361.723943	-35413.679232	19399.883676	2210.542823	52528.789941	18878.931568	45898.591983	-13896.861839	3556.497819	-43109.586014	-187500.022352	0.078000	0.940000	0.280000	192.000000	0.000000	0.000000	0.000000	0.000000	0.000000	0.000000	0.000000	0.000000	0.000000	1741979726.259249	0.000000
144.000000	-11759.230406	4934.192292	-187500.022352	-126.175597	28318.408527	20477.550683	-35434.600465	19493.269264	2233.453361	52489.473222	18824.169794	45837.817590	-13884.724842	3580.660055	-43145.169991	-187500.022352	0.078000	0.940000	0.280000	192.000000	0.000000	0.000000	0.000000	0.000000	0.000000	0.000000	0.000000	0.000000	0.000000	1741979726.259561	0.000000
146.000000	-11776.553008	4939.310841	-187500.022352	-278.569791	28205.174590	20361.165149	-35410.974671	19396.732080	2243.489294	52558.271892	18903.563190	45923.469475	-13902.762699	3566.399642	-43087.524842	-187500.022352	0.078000	0.940000	0.280000	192.000000	0.000000	0.000000	0.000000	0.000000	0.000000	0.000000	0.000000	0.000000	0.000000	1741979726.259861	0.000000
148.000000	-11772.105011	4931.532434	-187500.022352	-175.930581	28290.982937	20438.703351	-35420.876494	19460.926290	2267.964455	52446.177893	18771.889063	45789.582525	-13877.549932	3573.239276	-43180.642209	-187500.022352	0.072000	0.940000	0.278000	192.000000	1.000000	32.000000	14.500000	48.000000	4.000000	88.000000	0.000000	0.000000	0.000000	1741979726.260153	0.000000
150.000000	-11791.819250	4946.105772	-187500.022352	-271.663102	28210.762526	20360.718114	-35410.661746	19396.597969	2219.148245	52568.598398	18906.848896	45927.939824	-13886.781202	3570.624122	-43092.062246	-187500.022352	0.072000	0.940000	0.278000	192.000000	0.000000	0.000000	0.000000	0.000000	0.000000	0.000000	0.000000	0.000000	0.000000	1741979726.260464	0.000000
152.000000	-11746.176987	4945.926958	-187500.022352	-189.587496	28287.250195	20430.634371	-35423.961034	19450.532728	2244.919806	52427.603594	18750.163168	45772.662255	-13872.073754	3582.627008	-43194.477939	-187500.022352	0.072000	0.940000	0.278000	192.000000	0.000000	0.000000	0.000000	0.000000	0.000000	0.000000	0.000000	0.000000	0.000000	1741979726.260778	0.000000
154.000000	-11771.903845	4937.477998	-187500.022352	-270.992550	28217.222180	20362.170978	-35408.806552	19393.513428	2237.655489	52578.902552	18910.626341	45936.075859	-13889.418708	3583.454023	-43092.352819	-187500.022352	0.072000	0.940000	0.278000	192.000000	0.000000	0.000000	0.000000	0.000000	0.000000	0.000000	0.000000	0.000000	0.000000	1741979726.319074	0.000000
156.000000	-11763.521941	4938.863807	-187500.022352	-217.527177	28269.100579	20409.444917	-35417.255511	19432.807795	2227.194873	52407.978762	18720.457699	45748.634130	-13866.955205	3559.470601	-43211.375858	-187500.022352	0.072000	0.940000	0.278000	192.000000	0.000000	0.000000	0.000000	0.000000	0.000000	0.000000	0.000000	0.000000	0.000000	1741979726.319365	0.000000
158.000000	-11780.017529	4950.307900	-187500.022352	-250.496000	28226.967541	20375.045583	-35417.166104	19401.180077	2253.502876	52586.926828	18909.978141	45936.500542	-13899.521697	3570.780584	-43090.944659	-187500.022352	0.068000	0.942000	0.280000	192.000000	1.000000	16.000000	14.500000	56.000000	4.000000	96.000000	0.000000	0.000000	0.000000	1741979726.319635	0.000000
160.000000	-11782.744441	4944.161170	-187500.022352	-222.578671	28259.869308	20403.208781	-35426.173857	19430.125586	2250.463039	52409.208108	18713.014568	45741.638034	-13870.062097	3556.073136	-43207.129026	-187500.022352	0.068000	0.942000	0.280000	192.000000	0.000000	0.000000	0.000000	0.000000	0.000000	0.000000	0.000000	0.000000	0.000000	1741979726.319948	0.000000
162.000000	-11775.368366	4944.563501	-187500.022352	-200.025761	28259.109349	20411.121298	-35425.972691	19435.624115	2229.362992	52605.165852	18924.462071	45953.554923	-13880.992100	3572.747537	-43075.365493	-187500.022352	0.068000	0.942000	0.280000	192.000000	0.000000	0.000000	0.000000	0.000000	0.000000	0.000000	0.000000	0.000000	0.000000	1741979726.320246	0.000000
164.000000	-11739.315002	4962.154324	-187500.022352	-219.874110	28258.170576	20409.467269	-35428.654901	19439.267449	2232.827512	52428.475312	18737.780301	45770.382377	-13886.803554	3553.525037	-43178.295276	-187500.022352	0.068000	0.942000	0.280000	192.000000	0.000000	0.000000	0.000000	0.000000	0.000000	0.000000	0.000000	0.000000	0.000000	1741979726.320540	0.000000
166.000000	-11778.184685	4954.755897	-187500.022352	-151.164848	28288.993631	20448.649877	-35429.638377	19467.721220	2241.812914	52622.063771	18943.483406	45975.906667	-13889.843391	3602.430654	-43053.661949	-187500.022352	0.068000	0.942000	0.280000	192.000000	0.000000	0.000000	0.000000	0.000000	0.000000	0.000000	0.000000	0.000000	0.000000	1741979726.320850	0.000000
168.000000	-11742.399543	4965.663548	-187500.022352	-230.759410	28243.776052	20393.150496	-35418.842485	19423.643580	2237.476675	52434.286765	18753.650040	45791.795348	-13885.216580	3563.069232	-43158.178706	-187500.022352	0.074000	0.946000	0.280000	192.000000	1.000000	40.000000	14.500000	72.000000	4.000000	96.000000	0.000000	0.000000	0.000000	1741979726.321151	0.000000
170.000000	-11758.537502	4954.375917	-187500.022352	-151.298958	28293.151056	20445.610040	-35415.087392	19463.295575	2256.050975	52608.920945	18926.406673	45959.053452	-13877.594635	3572.524020	-43063.943751	-187500.022352	0.074000	0.946000	0.280000	192.000000	0.000000	0.000000	0.000000	0.000000	0.000000	0.000000	0.000000	0.000000	0.000000	1741979726.379374	0.000000
172.000000	-11766.226502	4940.093153	-187500.022352	-231.005279	28248.156994	20407.455612	-35420.809438	19435.914688	2227.351335	52453.598673	18764.043601	45801.116026	-13881.014452	3559.761174	-43143.314796	-187500.022352	0.074000	0.946000	0.280000	192.000000	0.000000	0.000000	0.000000	0.000000	0.000000	0.000000	0.000000	0.000000	0.000000	1741979726.379662	0.000000
174.000000	-11763.924273	4934.438161	-187500.022352	-106.908394	28322.253027	20496.169686	-35427.649072	19497.560799	2276.346359	52619.336858	18935.392074	45972.665664	-13881.282673	3590.450119	-43029.030326	-187500.022352	0.074000	0.946000	0.280000	192.000000	0.000000	0.000000	0.000000	0.000000	0.000000	0.000000	0.000000	0.000000	0.000000	1741979726.379960	0.000000
176.000000	-11734.755246	4945.457571	-187500.022352	-289.611553	28199.407840	20353.520853	-35394.032048	19374.961480	2218.254175	52449.731821	18762.233110	45803.418255	-13875.694737	3535.800104	-43134.441153	-187500.022352	0.074000	0.946000	0.280000	192.000000	0.000000	0.000000	0.000000	0.000000	0.000000	0.000000	0.000000	0.000000	0.000000	1741979726.380258	0.000000
178.000000	-11746.847540	4963.093098	-187500.022352	-144.839304	28303.499914	20459.155197	-35414.662709	19457.931156	2263.114126	52552.795714	18860.424323	45892.691123	-13859.534426	3586.337398	-43099.572432	-187500.022352	0.078000	0.934000	0.282000	192.000000	1.000000	56.000000	14.500000	24.000000	4.000000	104.000000	0.000000	0.000000	0.000000	1741979726.380550	0.000000
180.000000	-11744.478255	4956.074650	-187500.022352	-289.566849	28203.900540	20357.991202	-35397.787142	19381.510542	2223.328021	52465.892132	18778.862808	45819.735029	-13876.052365	3556.877799	-43129.791990	-187500.022352	0.078000	0.934000	0.282000	192.000000	0.000000	0.000000	0.000000	0.000000	0.000000	0.000000	0.000000	0.000000	0.000000	1741979726.380804	0.000000
182.000000	-11745.752304	4921.541205	-187500.022352	-137.574987	28311.814763	20471.962747	-35418.842485	19470.358726	2247.266739	52542.513912	18851.036590	45885.225640	-13873.817190	3583.543430	-43100.667667	-187500.022352	0.078000	0.934000	0.282000	192.000000	0.000000	0.000000	0.000000	0.000000	0.000000	0.000000	0.000000	0.000000	0.000000	1741979726.380982	0.000000
184.000000	-11740.834921	4932.873539	-187500.022352	-289.633905	28206.426287	20369.703516	-35402.481008	19388.461934	2262.220056	52491.261362	18811.183430	45849.731070	-13884.590731	3525.495949	-43109.586014	-187500.022352	0.078000	0.934000	0.282000	192.000000	0.000000	0.000000	0.000000	0.000000	0.000000	0.000000	0.000000	0.000000	0.000000	1741979726.438811	0.000000
186.000000	-11738.085656	4931.755952	-187500.022352	-149.801391	28308.864332	20468.341764	-35409.879435	19466.894205	2248.764306	52524.520758	18833.378712	45868.037148	-13859.109743	3580.570648	-43104.892147	-187500.022352	0.078000	0.934000	0.282000	192.000000	0.000000	0.000000	0.000000	0.000000	0.000000	0.000000	0.000000	0.000000	0.000000	1741979726.439109	0.000000
188.000000	-11755.765886	4939.757876	-187500.022352	-308.766998	28198.267901	20354.794902	-35400.536406	19379.051850	2229.139475	52503.867746	18820.660570	45862.918599	-13871.313795	3547.154790	-43104.914499	-187500.022352	0.076000	0.940000	0.284000	192.000000	1.000000	48.000000	14.500000	48.000000	4.000000	112.000000	0.000000	0.000000	0.000000	1741979726.439386	0.000000
190.000000	-11753.530711	4919.238975	-187500.022352	-156.909246	28311.457135	20467.157122	-35419.557741	19465.061362	2272.680673	52484.846411	18789.166962	45826.664069	-13855.779333	3566.019662	-43139.023261	-187500.022352	0.076000	0.940000	0.284000	192.000000	0.000000	0.000000	0.000000	0.000000	0.000000	0.000000	0.000000	0.000000	0.000000	1741979726.439692	0.000000
192.000000	-11780.911598	4942.261272	-187500.022352	-292.316114	28207.387412	20364.696725	-35401.318717	19383.701013	2256.430955	52524.006668	18848.644954	45886.522041	-13879.919217	3569.707700	-43090.765845	-187500.022352	0.076000	0.940000	0.284000	192.000000	0.000000	0.000000	0.000000	0.000000	0.000000	0.000000	0.000000	0.000000	0.000000	1741979726.439990	0.000000
194.000000	-11753.888339	4943.803542	-187500.022352	-149.935502	28315.435745	20472.610947	-35415.914406	19471.744534	2243.958681	52471.457716	18782.796715	45815.443494	-13863.669498	3567.807802	-43135.581092	-187500.022352	0.076000	0.940000	0.284000	192.000000	0.000000	0.000000	0.000000	0.000000	0.000000	0.000000	0.000000	0.000000	0.000000	1741979726.440276	0.000000
196.000000	-11767.522903	4934.684030	-187500.022352	-274.814698	28216.819849	20378.331289	-35400.067019	19397.670853	2219.975259	52558.227188	18879.736230	45914.506425	-13877.907560	3572.479316	-43064.659007	-187500.022352	0.076000	0.940000	0.284000	192.000000	0.000000	0.000000	0.000000	0.000000	0.000000	0.000000	0.000000	0.000000	0.000000	1741979726.440588	0.000000
198.000000	-11753.888339	4947.916263	-187500.022352	-173.136613	28302.896417	20454.126055	-35420.720031	19458.042915	2237.186103	52446.423763	18753.918261	45786.766206	-13853.678269	3572.233447	-43148.612159	-187500.022352	0.074000	0.936000	0.282000	192.000000	1.000000	40.000000	14.500000	32.000000	4.000000	104.000000	0.000000	0.000000	0.000000	1741979726.440817	0.000000
200.000000	-11764.594825	4940.227263	-187500.022352	-272.713634	28219.367948	20368.541225	-35402.413953	19387.500809	2252.362937	52568.799564	18890.532123	45928.833893	-13888.412880	3564.477392	-43060.211010	-187500.022352	0.074000	0.936000	0.282000	192.000000	0.000000	0.000000	0.000000	0.000000	0.000000	0.000000	0.000000	0.000000	0.000000	1741979726.498540	0.000000
202.000000	-11740.767865	4941.255443	-187500.022352	-218.622413	28272.676858	20413.244714	-35404.537368	19425.096443	2256.408603	52422.574451	18725.755063	45763.743909	-13861.791952	3569.238313	-43172.774395	-187500.022352	0.074000	0.936000	0.282000	192.000000	0.000000	0.000000	0.000000	0.000000	0.000000	0.000000	0.000000	0.000000	0.000000	1741979726.498871	0.000000
204.000000	-11748.166293	4941.546016	-187500.022352	-271.484288	28222.586599	20369.882330	-35401.564586	19389.020728	2257.615597	52571.951159	18887.179361	45925.615242	-13869.816228	3585.845659	-43079.701731	-187500.022352	0.074000	0.936000	0.282000	192.000000	0.000000	0.000000	0.000000	0.000000	0.000000	0.000000	0.000000	0.000000	0.000000	1741979726.499168	0.000000
206.000000	-11740.901976	4950.956100	-187500.022352	-221.617546	28273.369762	20418.542077	-35423.178723	19428.426853	2248.496085	52412.583222	18713.126327	45753.998548	-13867.916330	3550.261682	-43182.609163	-187500.022352	0.074000	0.936000	0.282000	192.000000	0.000000	0.000000	0.000000	0.000000	0.000000	0.000000	0.000000	0.000000	0.000000	1741979726.499448	0.000000
208.000000	-11743.070095	4944.541150	-187500.022352	-214.621450	28257.254154	20414.876391	-35423.134020	19423.285952	2237.342565	52613.793625	18933.983914	45975.996074	-13898.024130	3612.332477	-43029.253844	-187500.022352	0.078000	0.938000	0.284000	192.000000	1.000000	56.000000	14.500000	40.000000	4.000000	112.000000	0.000000	0.000000	0.000000	1741979726.499708	0.000000
210.000000	-11735.761075	4960.522647	-187500.022352	-235.766201	28255.153090	20400.660682	-35404.023278	19413.853516	2244.450419	52414.080788	18719.384816	45760.212333	-13875.672385	3580.324779	-43166.940590	-187500.022352	0.078000	0.938000	0.284000	192.000000	0.000000	0.000000	0.000000	0.000000	0.000000	0.000000	0.000000	0.000000	0.000000	1741979726.499997	0.000000
212.000000	-11761.890264	4939.735525	-187500.022352	-238.694279	28234.857706	20389.753031	-35410.907616	19402.275312	2271.473679	52598.460328	18910.492231	45942.602568	-13865.256472	3590.293657	-43061.283894	-187500.022352	0.078000	0.938000	0.284000	192.000000	0.000000	0.000000	0.000000	0.000000	0.000000	0.000000	0.000000	0.000000	0.000000	1741979726.500276	0.000000
214.000000	-11761.353822	4951.805467	-187500.022352	-271.350178	28228.085128	20381.169961	-35417.322566	19399.056661	2230.033544	52401.809681	18697.278940	45733.032612	-13866.374059	3560.521133	-43194.880270	-187500.022352	0.078000	0.938000	0.284000	192.000000	0.000000	0.000000	0.000000	0.000000	0.000000	0.000000	0.000000	0.000000	0.000000	1741979726.558844	0.000000
216.000000	-11754.536540	4937.500350	-187500.022352	-188.559316	28272.900375	20442.726665	-35423.692813	19448.006981	2248.809010	52613.637163	18919.969370	45954.471344	-13878.287539	3623.865977	-43053.103155	-187500.022352	0.078000	0.938000	0.284000	192.000000	0.000000	0.000000	0.000000	0.000000	0.000000	0.000000	0.000000	0.000000	0.000000	1741979726.559132	0.000000
218.000000	-11742.377191	4946.217531	-187500.022352	-272.914800	28228.934494	20389.194237	-35408.806552	19405.963350	2250.552446	52424.451998	18732.527641	45771.276447	-13880.030975	3569.260665	-43156.278808	-187500.022352	0.076000	0.944000	0.280000	192.000000	1.000000	48.000000	14.500000	64.000000	4.000000	96.000000	0.000000	0.000000	0.000000	1741979726.559402	0.000000
220.000000	-11770.719203	4929.185501	-187500.022352	-176.221153	28284.813855	20456.338877	-35427.045575	19452.544385	2261.504800	52601.790738	18911.207487	45947.899931	-13880.522714	3597.826195	-43052.477306	-187500.022352	0.076000	0.944000	0.280000	192.000000	0.000000	0.000000	0.000000	0.000000	0.000000	0.000000	0.000000	0.000000	0.000000	1741979726.559714	0.000000
222.000000	-11764.751287	4929.409019	-187500.022352	-268.153878	28226.788727	20396.212685	-35420.407107	19409.539629	2226.010230	52445.060306	18753.046543	45796.422159	-13899.208772	3548.384136	-43132.876531	-187500.022352	0.076000	0.944000	0.280000	192.000000	0.000000	0.000000	0.000000	0.000000	0.000000	0.000000	0.000000	0.000000	0.000000	1741979726.560003	0.000000
224.000000	-11768.841656	4930.638365	-187500.022352	-149.711984	28296.503818	20469.124075	-35423.849276	19466.156598	2235.688536	52597.186279	18911.363949	45949.352795	-13879.427478	3588.371407	-43041.904931	-187500.022352	0.076000	0.944000	0.280000	192.000000	0.000000	0.000000	0.000000	0.000000	0.000000	0.000000	0.000000	0.000000	0.000000	1741979726.560297	0.000000
226.000000	-11768.126400	4942.171865	-187500.022352	-290.349160	28206.091011	20369.301184	-35416.562607	19389.199542	2217.449512	52448.703641	18762.747200	45803.798235	-13880.835638	3565.527924	-43124.673441	-187500.022352	0.076000	0.944000	0.280000	192.000000	0.000000	0.000000	0.000000	0.000000	0.000000	0.000000	0.000000	0.000000	0.000000	1741979726.560591	0.000000
228.000000	-11774.340185	4915.059199	-187500.022352	-136.524455	28310.138382	20481.015203	-35432.097069	19476.796028	2236.560254	52570.677110	18884.139524	45920.921376	-13877.125249	3592.327665	-43050.867981	-187500.022352	0.076000	0.946000	0.278000	192.000000	1.000000	48.000000	14.500000	72.000000	4.000000	88.000000	0.000000	0.000000	0.000000	1741979726.560889	0.000000
230.000000	-11751.072019	4948.072725	-187500.022352	-330.761114	28176.072618	20328.643361	-35394.367325	19350.687486	2251.804143	52443.808609	18760.243804	45801.272488	-13877.862856	3551.133400	-43124.494627	-187500.022352	0.076000	0.946000	0.278000	192.000000	0.000000	0.000000	0.000000	0.000000	0.000000	0.000000	0.000000	0.000000	0.000000	1741979726.619041	0.000000
232.000000	-11768.506380	4924.223414	-187500.022352	-151.857752	28306.807972	20468.095895	-35424.519828	19461.082752	2272.948894	52535.808389	18833.669285	45868.104204	-13866.575225	3592.305314	-43093.135130	-187500.022352	0.076000	0.946000	0.278000	192.000000	0.000000	0.000000	0.000000	0.000000	0.000000	0.000000	0.000000	0.000000	0.000000	1741979726.619366	0.000000
234.000000	-11750.513226	4924.111655	-187500.022352	-305.615402	28196.993851	20358.997030	-35416.562607	19373.218044	2219.260003	52488.556801	18800.409889	45842.690270	-13901.399243	3579.006026	-43095.638525	-187500.022352	0.076000	0.946000	0.278000	192.000000	0.000000	0.000000	0.000000	0.000000	0.000000	0.000000	0.000000	0.000000	0.000000	1741979726.619671	0.000000
236.000000	-11789.785241	4941.009574	-187500.022352	-153.780002	28303.969300	20466.844197	-35435.315720	19457.618231	2223.082152	52518.217566	18818.425395	45858.649416	-13871.626719	3594.920468	-43088.776539	-187500.022352	0.076000	0.946000	0.278000	192.000000	0.000000	0.000000	0.000000	0.000000	0.000000	0.000000	0.000000	0.000000	0.000000	1741979726.619971	0.000000
238.000000	-11759.856255	4943.110638	-187500.022352	-320.501664	28182.644031	20343.596678	-35402.168083	19361.282213	2216.533091	52512.897851	18825.466195	45869.691178	-13897.733557	3541.097467	-43071.811565	-187500.022352	0.076000	0.946000	0.278000	192.000000	1.000000	48.000000	14.500000	72.000000	4.000000	88.000000	0.000000	0.000000	0.000000	1741979726.620257	0.000000
240.000000	-11786.901866	4944.272929	-187500.022352	-174.745938	28296.459114	20453.634316	-35421.703508	19450.622135	2283.387158	52481.940685	18777.141723	45818.729200	-13866.374059	3581.218848	-43119.800761	-187500.022352	0.076000	0.946000	0.278000	192.000000	0.000000	0.000000	0.000000	0.000000	0.000000	0.000000	0.000000	0.000000	0.000000	1741979726.620574	0.000000
242.000000	-11792.378043	4946.306937	-187500.022352	-318.042972	28189.506017	20343.507271	-35405.833770	19366.624280	2227.239576	52530.712191	18840.531271	45886.276172	-13885.261284	3540.091639	-43069.554039	-187500.022352	0.076000	0.946000	0.278000	192.000000	0.000000	0.000000	0.000000	0.000000	0.000000	0.000000	0.000000	0.000000	0.000000	1741979726.620886	0.000000
244.000000	-11774.094316	4928.358487	-187500.022352	-164.933522	28306.897379	20465.078409	-35434.958093	19468.190607	2229.742972	52465.825077	18761.361392	45800.691342	-13870.196208	3585.510383	-43127.266243	-187500.022352	0.076000	0.946000	0.278000	192.000000	0.000000	0.000000	0.000000	0.000000	0.000000	0.000000	0.000000	0.000000	0.000000	1741979726.679338	0.000000
246.000000	-11770.830962	4950.218493	-187500.022352	-293.210184	28200.480723	20359.511120	-35410.527636	19379.141257	2222.970393	52563.256331	18880.272672	45922.664812	-13898.761737	3549.993461	-43033.724193	-187500.022352	0.076000	0.946000	0.278000	192.000000	0.000000	0.000000	0.000000	0.000000	0.000000	0.000000	0.000000	0.000000	0.000000	1741979726.679671	0.000000
248.000000	-11749.440342	4950.620824	-187500.022352	-191.733264	28285.819684	20436.870508	-35423.826924	19441.815548	2247.758478	52440.053515	18735.075740	45773.690435	-13872.923121	3581.442366	-43138.308005	-187500.022352	0.074000	0.942000	0.282000	192.000000	1.000000	40.000000	14.500000	56.000000	4.000000	104.000000	0.000000	0.000000	0.000000	1741979726.679976	0.000000
250.000000	-11780.576322	4926.458588	-187500.022352	-267.460974	28215.814020	20378.018365	-35415.623834	19393.871056	2250.306577	52577.717910	18888.967501	45927.626899	-13887.787031	3564.589150	-43031.846646	-187500.022352	0.074000	0.942000	0.282000	192.000000	0.000000	0.000000	0.000000	0.000000	0.000000	0.000000	0.000000	0.000000	0.000000	1741979726.680292	0.000000
252.000000	-11773.177895	4954.554731	-187500.022352	-213.794436	28268.720599	20422.587743	-35418.373098	19429.767958	2238.862483	52422.038009	18725.062159	45760.793479	-13862.574263	3545.411354	-43136.475162	-187500.022352	0.074000	0.942000	0.282000	192.000000	0.000000	0.000000	0.000000	0.000000	0.000000	0.000000	0.000000	0.000000	0.000000	1741979726.680585	0.000000
254.000000	-11784.286712	4938.819103	-187500.022352	-229.485360	28241.004436	20408.416737	-35423.290482	19419.821432	2226.077286	52595.666360	18917.845955	45951.967949	-13882.847295	3570.512363	-43008.980812	-187500.022352	0.074000	0.942000	0.282000	192.000000	0.000000	0.000000	0.000000	0.000000	0.000000	0.000000	0.000000	0.000000	0.000000	1741979726.680896	0.000000
0.000000	-11753.463656	4964.277740	-187500.022352	-201.433921	28275.783751	20436.848156	-35423.558703	19442.977839	2252.273530	52425.971916	18734.136967	45765.263827	-13860.964937	3563.024528	-43123.287633	-187500.022352	0.074000	0.942000	0.282000	192.000000	0.000000	0.000000	0.000000	0.000000	0.000000	0.000000	0.000000	0.000000	0.000000	1741979726.681200	0.000000
2.000000	-11763.723107	4960.992034	-187500.022352	-211.648668	28254.549593	20427.460423	-35419.244816	19431.310228	2249.412507	52605.389369	18933.782748	45959.791059	-13883.763717	3567.606636	-43001.761198	-187500.022352	0.074000	0.942000	0.282000	192.000000	1.000000	40.000000	14.500000	56.000000	4.000000	104.000000	0.000000	0.000000	0.000000	1741979726.681496	0.000000
4.000000	-11721.880641	4948.944443	-187500.022352	-213.637974	28264.943154	20437.250487	-35424.028090	19438.909821	2248.674899	52430.285803	18742.340057	45771.611723	-13884.255455	3568.612465	-43109.340144	-187500.022352	0.074000	0.942000	0.282000	192.000000	0.000000	0.000000	0.000000	0.000000	0.000000	0.000000	0.000000	0.000000	0.000000	1741979726.739641	0.000000
6.000000	-11796.803689	4927.419713	-187500.022352	-205.010200	28251.040369	20424.755862	-35417.210807	19424.336484	2247.870236	52612.318410	18935.883812	45960.930998	-13878.980443	3603.190613	-42998.542547	-187500.022352	0.074000	0.942000	0.282000	192.000000	0.000000	0.000000	0.000000	0.000000	0.000000	0.000000	0.000000	0.000000	0.000000	1741979726.739984	0.000000
8.000000	-11793.339168	4934.460513	-187500.022352	-220.589366	28255.667180	20425.269952	-35426.509133	19433.746568	2207.637096	52417.254736	18729.800729	45755.853743	-13874.465391	3557.883627	-43122.058287	-187500.022352	0.074000	0.942000	0.282000	192.000000	0.000000	0.000000	0.000000	0.000000	0.000000	0.000000	0.000000	0.000000	0.000000	1741979726.740309	0.000000
10.000000	-11780.330453	4939.020269	-187500.022352	-177.159927	28272.073361	20447.018200	-35414.930930	19441.435569	2230.793504	52615.894689	18937.850766	45963.479097	-13876.298234	3593.758177	-42993.692219	-187500.022352	0.074000	0.942000	0.282000	192.000000	0.000000	0.000000	0.000000	0.000000	0.000000	0.000000	0.000000	0.000000	0.000000	1741979726.740603	0.000000
12.000000	-11783.727918	4946.575158	-187500.022352	-262.253018	28225.425270	20390.982376	-35409.387697	19401.269484	2230.502931	52419.154634	18733.555822	45766.783746	-13876.834676	3561.594017	-43113.944604	-187500.022352	0.078000	0.950000	0.282000	192.000000	1.000000	56.000000	14.500000	88.000000	4.000000	104.000000	0.000000	0.000000	0.000000	1741979726.740896	0.000000
14.000000	-11777.916465	4947.983318	-187500.022352	-168.465098	28280.567024	20450.326258	-35415.892055	19448.185795	2255.000443	52587.016235	18903.809059	45937.104039	-13881.886170	3617.674544	-43019.687297	-187500.022352	0.078000	0.950000	0.282000	192.000000	0.000000	0.000000	0.000000	0.000000	0.000000	0.000000	0.000000	0.000000	0.000000	1741979726.741208	0.000000
16.000000	-11757.151694	4932.202987	-187500.022352	-276.356968	28216.641035	20381.527589	-35408.828903	19396.888542	2242.081135	52431.045762	18748.889118	45786.408578	-13894.604313	3549.926406	-43098.790121	-187500.022352	0.078000	0.950000	0.282000	192.000000	0.000000	0.000000	0.000000	0.000000	0.000000	0.000000	0.000000	0.000000	0.000000	1741979726.741510	0.000000
18.000000	-11786.678348	4929.096094	-187500.022352	-144.928711	28298.381364	20475.941357	-35424.251607	19468.727048	2230.637041	52580.601285	18901.551533	45931.851379	-13874.197170	3603.771759	-43008.824350	-187500.022352	0.078000	0.950000	0.282000	192.000000	0.000000	0.000000	0.000000	0.000000	0.000000	0.000000	0.000000	0.000000	0.000000	1741979726.799096	0.000000
20.000000	-11783.973787	4941.523664	-187500.022352	-288.203393	28198.692584	20370.217606	-35410.795857	19386.606739	2211.034562	52443.898015	18767.575177	45801.451302	-13876.097068	3573.283979	-43081.869850	-187500.022352	0.078000	0.950000	0.282000	192.000000	0.000000	0.000000	0.000000	0.000000	0.000000	0.000000	0.000000	0.000000	0.000000	1741979726.799427	0.000000
22.000000	-11758.649261	4939.020269	-187500.022352	-168.599208	28276.074323	20445.140653	-35412.427534	19440.966182	2248.697251	52545.553749	18861.519559	45888.690160	-13858.327431	3583.431671	-43043.849533	-187500.022352	0.080000	0.954000	0.282000	192.000000	1.000000	64.000000	14.500000	104.000000	4.000000	104.000000	0.000000	0.000000	0.000000	1741979726.799631	0.000000
24.000000	-11768.864008	4953.481847	-187500.022352	-322.982707	28172.138711	20334.074835	-35400.759924	19355.828387	2227.731315	52443.786257	18759.506197	45792.622363	-13873.034879	3569.484183	-43106.479121	-187500.022352	0.080000	0.954000	0.282000	192.000000	0.000000	0.000000	0.000000	0.000000	0.000000	0.000000	0.000000	0.000000	0.000000	1741979726.799821	0.000000
26.000000	-11762.761982	4951.537246	-187500.022352	-142.224150	28298.671937	20473.639127	-35425.436249	19468.704697	2276.525173	52534.780208	18841.581803	45871.993407	-13862.484856	3599.793148	-43057.618208	-187500.022352	0.080000	0.954000	0.282000	192.000000	0.000000	0.000000	0.000000	0.000000	0.000000	0.000000	0.000000	0.000000	0.000000	1741979726.799995	0.000000
28.000000	-11745.104104	4960.433240	-187500.022352	-289.946829	28192.478799	20370.530530	-35423.134020	19387.724327	2225.786713	52488.713263	18806.578971	45846.691233	-13887.854086	3561.951645	-43061.015673	-187500.022352	0.080000	0.954000	0.282000	192.000000	0.000000	0.000000	0.000000	0.000000	0.000000	0.000000	0.000000	0.000000	0.000000	1741979726.800175	0.000000
30.000000	-11755.274147	4948.787981	-187500.022352	-138.513760	28302.985824	20481.819866	-35429.347805	19474.382040	2236.828475	52518.932822	18820.906439	45862.471564	-13866.686984	3583.990465	-43058.869905	-187500.022352	0.080000	0.954000	0.282000	192.000000	0.000000	0.000000	0.000000	0.000000	0.000000	0.000000	0.000000	0.000000	0.000000	1741979726.800359	0.000000
32.000000	-11776.485953	4944.876426	-187500.022352	-281.274352	28195.183360	20378.241882	-35413.768639	19394.228684	2231.128780	52519.111636	18835.569183	45881.470547	-13879.494533	3558.531828	-43038.216893	-187500.022352	0.076000	0.952000	0.278000	192.000000	1.000000	48.000000	14.500000	96.000000	4.000000	88.000000	0.000000	0.000000	0.000000	1741979726.800534	0.000000
34.000000	-11766.852351	4949.704403	-187500.022352	-129.260138	28310.741879	20495.387375	-35428.207866	19484.775601	2241.969376	52504.605353	18814.446785	45854.223770	-13864.384754	3576.010892	-43053.460783	-187500.022352	0.076000	0.952000	0.278000	192.000000	0.000000	0.000000	0.000000	0.000000	0.000000	0.000000	0.000000	0.000000	0.000000	1741979726.859118	0.000000
36.000000	-11763.030203	4949.570292	-187500.022352	-308.521129	28175.044438	20352.380914	-35398.547101	19363.986774	2228.804198	52532.522682	18847.549718	45890.433596	-13875.962958	3590.293657	-43038.485114	-187500.022352	0.076000	0.952000	0.278000	192.000000	0.000000	0.000000	0.000000	0.000000	0.000000	0.000000	0.000000	0.000000	0.000000	1741979726.859332	0.000000
38.000000	-11755.251796	4951.581949	-187500.022352	-144.526380	28300.415373	20487.676023	-35427.045575	19477.891264	2243.511646	52467.657920	18768.491598	45811.151959	-13867.245778	3601.514232	-43088.508318	-187500.022352	0.076000	0.952000	0.278000	192.000000	0.000000	0.000000	0.000000	0.000000	0.000000	0.000000	0.000000	0.000000	0.000000	1741979726.859520	0.000000
40.000000	-11764.080735	4945.032888	-187500.022352	-261.291893	28202.626491	20391.876446	-35396.870720	19403.594065	2252.407641	52569.760689	18890.554475	45937.036984	-13878.220484	3562.488087	-42994.943916	-187500.022352	0.076000	0.952000	0.278000	192.000000	0.000000	0.000000	0.000000	0.000000	0.000000	0.000000	0.000000	0.000000	0.000000	1741979726.859692	0.000000
42.000000	-11754.938871	4945.122295	-187500.022352	-139.072554	28297.554350	20492.615758	-35420.809438	19484.306214	2230.882911	52472.240027	18774.146590	45818.572738	-13869.704469	3591.210078	-43063.921400	-187500.022352	0.074000	0.944000	0.276000	192.000000	1.000000	40.000000	14.500000	64.000000	4.000000	80.000000	0.000000	0.000000	0.000000	1741979726.859879	0.000000
44.000000	-11769.288691	4940.361373	-187500.022352	-254.519314	28200.279558	20392.994033	-35405.118514	19398.587274	2229.631213	52595.196974	18904.859591	45952.124411	-13880.478010	3583.878706	-42983.119843	-187500.022352	0.074000	0.944000	0.276000	192.000000	0.000000	0.000000	0.000000	0.000000	0.000000	0.000000	0.000000	0.000000	0.000000	1741979726.860081	0.000000
46.000000	-11769.668671	4934.907548	-187500.022352	-193.297886	28263.624402	20446.638220	-35414.685060	19444.542461	2249.144286	52438.690059	18734.494595	45784.531031	-13865.658804	3570.445308	-43092.017542	-187500.022352	0.074000	0.944000	0.276000	192.000000	0.000000	0.000000	0.000000	0.000000	0.000000	0.000000	0.000000	0.000000	0.000000	1741979726.860258	0.000000
48.000000	-11768.238159	4948.855036	-187500.022352	-282.235477	28187.315546	20360.829873	-35389.405237	19370.066448	2233.833341	52583.909343	18894.667196	45940.434449	-13877.080545	3582.783470	-43004.130483	-187500.022352	0.074000	0.944000	0.276000	192.000000	0.000000	0.000000	0.000000	0.000000	0.000000	0.000000	0.000000	0.000000	0.000000	1741979726.919109	0.000000
50.000000	-11753.351897	4956.387574	-187500.022352	-250.875980	28232.667235	20393.105792	-35404.827941	19401.738870	2237.834303	52391.326713	18678.995213	45722.661403	-13847.866815	3582.448194	-43154.289502	-187500.022352	0.074000	0.944000	0.276000	192.000000	0.000000	0.000000	0.000000	0.000000	0.000000	0.000000	0.000000	0.000000	0.000000	1741979726.919315	0.000000
52.000000	-11770.652148	4940.003746	-187500.022352	-251.859457	28215.299930	20387.115525	-35417.456677	19397.335577	2250.708908	52589.430224	18899.383414	45940.188580	-13875.046536	3604.062331	-43011.372448	-187500.022352	0.070000	0.944000	0.280000	192.000000	1.000000	24.000000	14.500000	64.000000	4.000000	96.000000	0.000000	0.000000	0.000000	1741979726.919512	0.000000
54.000000	-11768.841656	4949.525589	-187500.022352	-257.156820	28225.581732	20395.452725	-35416.719069	19407.147993	2225.160864	52397.920477	18689.992272	45732.786743	-13871.693775	3556.073136	-43140.096145	-187500.022352	0.070000	0.944000	0.280000	192.000000	0.000000	0.000000	0.000000	0.000000	0.000000	0.000000	0.000000	0.000000	0.000000	1741979726.919696	0.000000
56.000000	-11759.409220	4926.726809	-187500.022352	-216.767218	28238.568096	20420.799604	-35413.053383	19424.269429	2225.160864	52606.685770	18914.672007	45957.019443	-13881.595597	3577.150831	-42992.775797	-187500.022352	0.070000	0.944000	0.280000	192.000000	0.000000	0.000000	0.000000	0.000000	0.000000	0.000000	0.000000	0.000000	0.000000	1741979726.919863	0.000000
58.000000	-11738.912670	4945.412868	-187500.022352	-254.832239	28226.073471	20402.158249	-35412.695755	19412.467708	2227.552501	52410.459806	18705.794955	45750.176400	-13881.908522	3577.128479	-43116.269185	-187500.022352	0.070000	0.944000	0.280000	192.000000	0.000000	0.000000	0.000000	0.000000	0.000000	0.000000	0.000000	0.000000	0.000000	1741979726.920043	0.000000
60.000000	-11770.853313	4934.684030	-187500.022352	-175.014159	28266.753646	20455.802435	-35420.183589	19452.857310	2260.878952	52613.033666	18927.010170	45966.384824	-13878.712222	3588.214944	-42973.910925	-187500.022352	0.070000	0.944000	0.280000	192.000000	0.000000	0.000000	0.000000	0.000000	0.000000	0.000000	0.000000	0.000000	0.000000	1741979726.920217	0.000000
62.000000	-11761.800857	4956.231112	-187500.022352	-254.452259	28222.228971	20407.790888	-35410.259415	19417.340388	2209.358181	52427.648297	18737.377970	45780.910049	-13871.202036	3561.415203	-43084.328542	-187500.022352	0.074000	0.940000	0.280000	192.000000	1.000000	40.000000	14.500000	48.000000	4.000000	96.000000	0.000000	0.000000	0.000000	1741979726.920394	0.000000
64.000000	-11747.786313	4943.311804	-187500.022352	-169.761499	28266.977163	20459.021087	-35415.333261	19450.689191	2246.640890	52597.454500	18915.141394	45951.319748	-13869.927987	3600.731921	-42986.584364	-187500.022352	0.074000	0.940000	0.280000	192.000000	0.000000	0.000000	0.000000	0.000000	0.000000	0.000000	0.000000	0.000000	0.000000	1741979726.980059	0.000000
66.000000	-11747.696906	4966.691728	-187500.022352	-272.713634	28199.877226	20392.256426	-35420.563569	19396.083879	2250.038356	52442.221635	18759.394438	45797.137415	-13875.068888	3563.940950	-43072.906801	-187500.022352	0.074000	0.940000	0.280000	192.000000	0.000000	0.000000	0.000000	0.000000	0.000000	0.000000	0.000000	0.000000	0.000000	1741979726.980285	0.000000
68.000000	-11758.828075	4947.290414	-187500.022352	-146.046298	28278.287146	20476.254282	-35422.061136	19456.455941	2237.655489	52587.195049	18902.400899	45936.098210	-13864.764734	3613.293602	-42991.635858	-187500.022352	0.074000	0.940000	0.280000	192.000000	0.000000	0.000000	0.000000	0.000000	0.000000	0.000000	0.000000	0.000000	0.000000	1741979726.980457	0.000000
70.000000	-11734.062342	4951.380783	-187500.022352	-277.608666	28190.288328	20383.740411	-35413.433363	19384.885655	2235.263853	52461.377080	18777.678165	45818.103351	-13878.131077	3554.888493	-43053.773708	-187500.022352	0.074000	0.940000	0.280000	192.000000	0.000000	0.000000	0.000000	0.000000	0.000000	0.000000	0.000000	0.000000	0.000000	1741979726.980635	0.000000
72.000000	-11738.555043	4947.648042	-187500.022352	-112.228109	28302.494085	20502.852857	-35435.338072	19479.388831	2267.472716	52573.605189	18893.035518	45923.022440	-13886.736499	3603.212965	-42989.624201	-187500.022352	0.076000	0.940000	0.276000	192.000000	1.000000	48.000000	14.500000	48.000000	4.000000	80.000000	0.000000	0.000000	0.000000	1741979726.980826	0.000000
74.000000	-11719.243135	4958.645100	-187500.022352	-307.560004	28162.259240	20351.397437	-35396.982479	19352.386219	2215.728428	52485.628722	18808.858849	45842.153828	-13882.400260	3551.893360	-43030.393783	-187500.022352	0.076000	0.940000	0.276000	192.000000	0.000000	0.000000	0.000000	0.000000	0.000000	0.000000	0.000000	0.000000	0.000000	1741979726.981022	0.000000
76.000000	-11776.061270	4964.836534	-187500.022352	-124.409810	28291.251158	20486.871360	-35428.856066	19466.044839	2243.712812	52537.238900	18850.321335	45874.139175	-13851.264280	3609.136177	-43031.712536	-187500.022352	0.076000	0.940000	0.276000	192.000000	0.000000	0.000000	0.000000	0.000000	0.000000	0.000000	0.000000	0.000000	0.000000	1741979726.981201	0.000000
78.000000	-11758.403392	4966.691728	-187500.022352	-281.408463	28175.893805	20369.748219	-35405.140865	19372.435733	2232.916919	52504.247726	18831.836442	45864.796146	-13878.868685	3557.525999	-43018.659117	-187500.022352	0.076000	0.940000	0.276000	192.000000	0.000000	0.000000	0.000000	0.000000	0.000000	0.000000	0.000000	0.000000	0.000000	1741979727.038965	0.000000
80.000000	-11734.889356	4959.203894	-187500.022352	-124.968603	28293.486332	20489.240645	-35414.707412	19467.274185	2256.609768	52520.318630	18836.686771	45867.500707	-13856.315774	3609.337343	-43025.409344	-187500.022352	0.076000	0.940000	0.276000	192.000000	0.000000	0.000000	0.000000	0.000000	0.000000	0.000000	0.000000	0.000000	0.000000	1741979727.039165	0.000000
82.000000	-11746.132284	4964.233037	-187500.022352	-292.159652	28166.483720	20362.081571	-35394.836711	19361.416323	2230.838207	52519.692781	18846.543890	45883.348093	-13876.097068	3586.650322	-43011.595966	-187500.022352	0.072000	0.950000	0.280000	192.000000	1.000000	32.000000	14.500000	88.000000	4.000000	96.000000	0.000000	0.000000	0.000000	1741979727.039349	0.000000
84.000000	-11747.719258	4963.070746	-187500.022352	-142.693537	28282.802198	20480.322299	-35421.815267	19455.852444	2271.116051	52494.994103	18805.148459	45839.493971	-13862.529559	3625.899986	-43046.911722	-187500.022352	0.072000	0.950000	0.280000	192.000000	0.000000	0.000000	0.000000	0.000000	0.000000	0.000000	0.000000	0.000000	0.000000	1741979727.039539	0.000000
86.000000	-11752.636642	4965.708252	-187500.022352	-298.216975	28160.694618	20357.387705	-35402.950395	19352.073294	2231.754629	52542.446857	18864.760562	45902.749408	-13875.448868	3587.231468	-43005.873919	-187500.022352	0.072000	0.950000	0.280000	192.000000	0.000000	0.000000	0.000000	0.000000	0.000000	0.000000	0.000000	0.000000	0.000000	1741979727.039722	0.000000
88.000000	-11739.717333	4957.907493	-187500.022352	-173.315427	28259.243460	20455.020124	-35419.110706	19429.499737	2248.876065	52461.198266	18764.602395	45802.144206	-13864.809437	3606.476320	-43082.316885	-187500.022352	0.072000	0.950000	0.280000	192.000000	0.000000	0.000000	0.000000	0.000000	0.000000	0.000000	0.000000	0.000000	0.000000	1741979727.039915	0.000000
90.000000	-11749.820322	4955.269987	-187500.022352	-266.544553	28176.542005	20385.461496	-35415.020337	19369.015916	2256.118030	52573.292264	18894.846010	45936.657004	-13892.682063	3590.606581	-42982.493995	-187500.022352	0.072000	0.950000	0.280000	192.000000	0.000000	0.000000	0.000000	0.000000	0.000000	0.000000	0.000000	0.000000	0.000000	1741979727.040096	0.000000
92.000000	-11746.333450	4983.902572	-187500.022352	-181.138537	28251.956791	20454.573089	-35419.736555	19422.950676	2271.250161	52438.377135	18747.257441	45784.396921	-13856.427533	3588.818441	-43082.115720	-187500.022352	0.076000	0.954000	0.282000	192.000000	1.000000	48.000000	14.500000	104.000000	4.000000	104.000000	0.000000	0.000000	0.000000	1741979727.040271	0.000000
94.000000	-11779.458735	4949.950272	-187500.022352	-246.986776	28191.651784	20402.918208	-35415.735592	19381.152914	2237.633137	52588.446747	18916.236629	45954.091365	-13882.891999	3590.360712	-42967.987712	-187500.022352	0.076000	0.954000	0.282000	192.000000	0.000000	0.000000	0.000000	0.000000	0.000000	0.000000	0.000000	0.000000	0.000000	1741979727.099292	0.000000
96.000000	-11769.892188	4943.423562	-187500.022352	-170.722624	28258.595259	20469.079372	-35426.732651	19437.009923	2230.614690	52444.032126	18755.840511	45797.271526	-13869.212731	3600.329590	-43059.249885	-187500.022352	0.076000	0.954000	0.282000	192.000000	0.000000	0.000000	0.000000	0.000000	0.000000	0.000000	0.000000	0.000000	0.000000	1741979727.099537	0.000000
98.000000	-11772.708508	4959.628577	-187500.022352	-233.151046	28204.928721	20414.071728	-35408.292461	19390.562998	2235.979108	52595.755767	18923.523298	45962.562676	-13876.007661	3592.037093	-42958.063538	-187500.022352	0.076000	0.954000	0.282000	192.000000	0.000000	0.000000	0.000000	0.000000	0.000000	0.000000	0.000000	0.000000	0.000000	1741979727.099729	0.000000
100.000000	-11738.979726	4973.956045	-187500.022352	-225.931433	28226.207581	20422.923019	-35404.067982	19398.743737	2235.822646	52423.915556	18735.187499	45776.551458	-13868.810400	3602.341247	-43073.219725	-187500.022352	0.076000	0.954000	0.282000	192.000000	0.000000	0.000000	0.000000	0.000000	0.000000	0.000000	0.000000	0.000000	0.000000	1741979727.099909	0.000000
102.000000	-11750.535578	4962.266083	-187500.022352	-243.611663	28203.475857	20396.525609	-35398.994136	19380.258844	2264.075251	52592.224192	18905.820716	45943.183713	-13873.370155	3606.431616	-42990.942954	-187500.022352	0.074000	0.950000	0.276000	192.000000	1.000000	40.000000	14.500000	88.000000	4.000000	80.000000	0.000000	0.000000	0.000000	1741979727.100082	0.000000
104.000000	-11752.368421	4970.625635	-187500.022352	-218.823578	28242.904334	20434.456519	-35404.425610	19420.559039	2284.996484	52419.065227	18721.172955	45764.570923	-13854.326469	3613.181843	-43096.040856	-187500.022352	0.074000	0.950000	0.276000	192.000000	0.000000	0.000000	0.000000	0.000000	0.000000	0.000000	0.000000	0.000000	0.000000	1741979727.100262	0.000000
106.000000	-11760.660918	4961.863752	-187500.022352	-189.229869	28248.849898	20445.766502	-35403.889168	19426.392844	2267.048033	52621.504977	18941.337638	45983.059225	-13872.789010	3629.051582	-42953.101451	-187500.022352	0.074000	0.950000	0.276000	192.000000	0.000000	0.000000	0.000000	0.000000	0.000000	0.000000	0.000000	0.000000	0.000000	1741979727.100439	0.000000
108.000000	-11747.160464	4963.517781	-187500.022352	-249.043137	28220.373776	20409.869601	-35405.677307	19397.603798	2215.795483	52427.156559	18736.215679	45783.614610	-13865.927025	3638.729887	-43073.823222	-187500.022352	0.074000	0.950000	0.276000	192.000000	0.000000	0.000000	0.000000	0.000000	0.000000	0.000000	0.000000	0.000000	0.000000	1741979727.160119	0.000000
110.000000	-11752.658993	4971.251484	-187500.022352	-208.430017	28240.378587	20423.258295	-35398.368287	19403.549362	2250.284225	52591.643046	18906.714786	45949.509257	-13863.401277	3644.518989	-42983.857451	-187500.022352	0.074000	0.950000	0.276000	192.000000	0.000000	0.000000	0.000000	0.000000	0.000000	0.000000	0.000000	0.000000	0.000000	1741979727.160482	0.000000
112.000000	-11760.392697	4970.871505	-187500.022352	-277.183983	28206.940378	20390.401231	-35406.750191	19383.432792	2226.077286	52426.508358	18732.326476	45776.238534	-13880.030975	3681.399367	-43078.807661	-187500.022352	0.078000	0.946000	0.280000	192.000000	1.000000	56.000000	14.500000	72.000000	4.000000	96.000000	0.000000	0.000000	0.000000	1741979727.160789	0.000000
114.000000	-11758.515150	4952.699536	-187500.022352	-174.343607	28266.775997	20459.199901	-35422.396412	19432.472519	2256.386251	52594.191145	18897.483515	45934.824161	-13867.379888	3703.237021	-42984.483300	-187500.022352	0.078000	0.946000	0.280000	192.000000	0.000000	0.000000	0.000000	0.000000	0.000000	0.000000	0.000000	0.000000	0.000000	1741979727.161128	0.000000
116.000000	-11734.509377	4979.767499	-187500.022352	-283.218954	28195.831561	20386.780248	-35408.560682	19379.118905	2260.208399	52453.419859	18756.823988	45801.741874	-13871.291443	3666.513105	-43048.096365	-187500.022352	0.078000	0.946000	0.280000	192.000000	0.000000	0.000000	0.000000	0.000000	0.000000	0.000000	0.000000	0.000000	0.000000	1741979727.161431	0.000000
118.000000	-11754.268319	4960.947330	-187500.022352	-128.813103	28293.843960	20493.532180	-35421.792915	19462.669726	2262.957664	52598.080349	18905.865420	45945.307129	-13872.341975	3714.815225	-42957.102413	-187500.022352	0.078000	0.946000	0.280000	192.000000	0.000000	0.000000	0.000000	0.000000	0.000000	0.000000	0.000000	0.000000	0.000000	1741979727.161748	0.000000
120.000000	-11719.958391	4979.879258	-187500.022352	-284.291838	28184.365116	20376.721963	-35395.104932	19370.044097	2223.328021	52480.979560	18786.440049	45834.978918	-13874.085411	3668.949445	-43012.847664	-187500.022352	0.078000	0.946000	0.280000	192.000000	0.000000	0.000000	0.000000	0.000000	0.000000	0.000000	0.000000	0.000000	0.000000	1741979727.162041	0.000000
122.000000	-11741.974859	4963.070746	-187500.022352	-132.478789	28287.719582	20483.786819	-35402.905691	19452.164406	2252.631158	52568.017252	18871.331974	45910.080780	-13861.523731	3723.130074	-42974.804994	-187500.022352	0.084000	0.942000	0.278000	192.000000	1.000000	80.000000	14.500000	56.000000	4.000000	88.000000	0.000000	0.000000	0.000000	1741979727.162331	0.000000
124.000000	-11749.440342	4954.174752	-187500.022352	-268.086823	28193.417572	20393.642234	-35385.851310	19381.756411	2221.584585	52498.883307	18809.015311	45851.049823	-13879.203961	3656.544227	-42993.044018	-187500.022352	0.084000	0.942000	0.278000	192.000000	0.000000	0.000000	0.000000	0.000000	0.000000	0.000000	0.000000	0.000000	0.000000	1741979727.219846	0.000000
126.000000	-11744.455903	4962.355490	-187500.022352	-103.823853	28308.953739	20517.068567	-35400.826979	19479.455886	2236.672012	52571.772346	18876.450524	45915.221681	-13870.665594	3721.945431	-42945.837134	-187500.022352	0.084000	0.942000	0.278000	192.000000	0.000000	0.000000	0.000000	0.000000	0.000000	0.000000	0.000000	0.000000	0.000000	1741979727.220180	0.000000
128.000000	-11733.145920	4960.388536	-187500.022352	-289.343332	28173.770389	20377.906606	-35369.556888	19364.187940	2242.774039	52522.687915	18832.886974	45877.648399	-13899.186420	3680.125318	-42962.176259	-187500.022352	0.084000	0.942000	0.278000	192.000000	0.000000	0.000000	0.000000	0.000000	0.000000	0.000000	0.000000	0.000000	0.000000	1741979727.220480	0.000000
130.000000	-11750.356764	4959.740336	-187500.022352	-120.185330	28297.777867	20510.631265	-35407.778371	19466.000136	2252.161771	52537.909453	18830.070654	45869.221791	-13864.384754	3698.878431	-42977.442500	-187500.022352	0.082000	0.942000	0.277000	192.000000	1.000000	64.000000	14.500000	56.000000	4.000000	80.000000	0.000000	0.000000	0.000000	1741979727.220783	0.000000
132.000000	-11736.476330	4968.278702	-187500.022352	-299.535727	28163.935621	20369.725867	-35383.459673	19349.704009	2250.530094	52534.579043	18843.057018	45889.673637	-13884.926007	3701.314771	-42961.192782	-187500.022352	0.082000	0.942000	0.277000	192.000000	0.000000	0.000000	0.000000	0.000000	0.000000	0.000000	0.000000	0.000000	0.000000	1741979727.221105	0.000000
134.000000	-11727.401522	4979.789851	-187500.022352	-136.703269	28284.500931	20497.555494	-35407.286633	19450.018638	2233.252196	52507.376970	18799.180543	45841.550331	-13861.859007	3689.535402	-42990.093588	-187500.022352	0.082000	0.942000	0.277000	192.000000	0.000000	0.000000	0.000000	0.000000	0.000000	0.000000	0.000000	0.000000	0.000000	1741979727.221404	0.000000
136.000000	-11734.867005	4967.675205	-187500.022352	-287.532841	28166.886052	20376.923129	-35385.113702	19351.603908	2252.631158	52553.198046	18855.417532	45899.575460	-13878.980443	3682.695768	-42953.123802	-187500.022352	0.082000	0.942000	0.277000	192.000000	0.000000	0.000000	0.000000	0.000000	0.000000	0.000000	0.000000	0.000000	0.000000	1741979727.221719	0.000000
138.000000	-11730.173138	4968.301054	-187500.022352	-163.100679	28269.011172	20474.913177	-35409.074772	19435.132377	2249.814838	52471.055385	18754.901738	45795.438682	-13846.413952	3707.014466	-43023.822370	-187500.022352	0.082000	0.942000	0.277000	192.000000	0.000000	0.000000	0.000000	0.000000	0.000000	0.000000	0.000000	0.000000	0.000000	1741979727.280118	0.000000
140.000000	-11741.125493	4961.282606	-187500.022352	-258.944960	28190.534197	20403.924036	-35407.152522	19377.509579	2236.157922	52593.252372	18900.389242	45946.312958	-13892.145621	3699.861908	-42911.393095	-187500.022352	0.079000	0.942000	0.276500	192.000000	1.000000	48.000000	14.500000	56.000000	4.000000	80.000000	0.000000	0.000000	0.000000	1741979727.280474	0.000000
142.000000	-11733.838824	4979.812202	-187500.022352	-153.109450	28279.002402	20490.000604	-35414.372136	19444.497757	2250.485390	52465.422745	18754.432351	45798.947906	-13863.960071	3688.797794	-43007.930280	-187500.022352	0.079000	0.942000	0.276500	192.000000	0.000000	0.000000	0.000000	0.000000	0.000000	0.000000	0.000000	0.000000	0.000000	1741979727.280791	0.000000
144.000000	-11744.590014	4950.620824	-187500.022352	-227.406648	28206.247474	20424.599400	-35400.759924	19390.183018	2265.796335	52618.219270	18928.843013	45975.459632	-13882.646129	3692.396425	-42884.369836	-187500.022352	0.079000	0.942000	0.276500	192.000000	0.000000	0.000000	0.000000	0.000000	0.000000	0.000000	0.000000	0.000000	0.000000	1741979727.281075	0.000000
146.000000	-11729.524938	4986.003636	-187500.022352	-183.351360	28251.330942	20459.423418	-35395.373153	19418.167403	2250.708908	52447.563702	18744.910508	45789.403711	-13849.342030	3688.529574	-43006.522120	-187500.022352	0.079000	0.942000	0.276500	192.000000	0.000000	0.000000	0.000000	0.000000	0.000000	0.000000	0.000000	0.000000	0.000000	1741979727.281363	0.000000
148.000000	-11704.826260	4976.302979	-187500.022352	-220.656421	28213.310625	20420.106699	-35387.594746	19387.947844	2260.364862	52610.418512	18918.784728	45961.378033	-13860.540254	3724.292365	-42906.028677	-187500.022352	0.079000	0.942000	0.276500	192.000000	0.000000	0.000000	0.000000	0.000000	0.000000	0.000000	0.000000	0.000000	0.000000	1741979727.281703	0.000000
150.000000	-11736.185758	4968.032833	-187500.022352	-178.813956	28258.394093	20466.128941	-35400.938738	19429.611496	2237.767248	52446.110838	18745.201080	45785.469804	-13854.818208	3671.452841	-43004.622222	-187500.022352	0.074500	0.944000	0.278250	192.000000	1.000000	24.000000	14.500000	72.000000	4.000000	96.000000	0.000000	0.000000	0.000000	1741979727.282002	0.000000
152.000000	-11739.046781	4969.373938	-187500.022352	-167.213400	28249.118119	20468.162950	-35394.367325	19432.114891	2251.334757	52644.303756	18963.331755	46000.761807	-13871.202036	3708.534385	-42859.648807	-187500.022352	0.074500	0.944000	0.278250	192.000000	0.000000	0.000000	0.000000	0.000000	0.000000	0.000000	0.000000	0.000000	0.000000	1741979727.282314	0.000000
154.000000	-11714.772786	4979.119298	-187500.022352	-205.658401	28237.584619	20443.106645	-35381.470368	19415.865173	2260.744841	52439.226501	18745.648115	45786.363874	-13852.784199	3696.464443	-42989.043056	-187500.022352	0.074500	0.944000	0.278250	192.000000	0.000000	0.000000	0.000000	0.000000	0.000000	0.000000	0.000000	0.000000	0.000000	1741979727.340417	0.000000
156.000000	-11755.654127	4969.172772	-187500.022352	-156.328101	28257.455320	20472.342726	-35397.228348	19437.255792	2248.205513	52650.897521	18966.237481	46002.371133	-13881.036804	3723.822978	-42845.455449	-187500.022352	0.074500	0.944000	0.278250	192.000000	0.000000	0.000000	0.000000	0.000000	0.000000	0.000000	0.000000	0.000000	0.000000	1741979727.340755	0.000000
158.000000	-11741.684287	4991.546868	-187500.022352	-241.801172	28211.231913	20409.802545	-35389.092313	19388.707803	2259.403737	52436.588995	18735.209851	45772.908124	-13853.186530	3668.100079	-42994.966268	-187500.022352	0.074500	0.944000	0.278250	192.000000	0.000000	0.000000	0.000000	0.000000	0.000000	0.000000	0.000000	0.000000	0.000000	1741979727.340933	0.000000
160.000000	-11755.341203	4960.969682	-187500.022352	-162.340720	28259.556384	20461.524482	-35404.872645	19426.035217	2264.343472	52621.080294	18924.417368	45958.762879	-13863.222464	3704.891050	-42887.610839	-187500.022352	0.075250	0.943000	0.278125	192.000000	1.000000	48.000000	14.500000	56.000000	4.000000	88.000000	0.000000	0.000000	0.000000	1741979727.341105	0.000000
162.000000	-11712.202336	4974.850115	-187500.022352	-247.053831	28209.734346	20413.110603	-35406.213749	19388.886617	2246.260911	52457.040841	18758.209796	45804.111159	-13853.611213	3689.423643	-42973.598000	-187500.022352	0.075250	0.943000	0.278125	192.000000	0.000000	0.000000	0.000000	0.000000	0.000000	0.000000	0.000000	0.000000	0.000000	1741979727.341305	0.000000
164.000000	-11755.140037	4960.455592	-187500.022352	-119.246557	28290.066515	20505.646826	-35418.596616	19461.529787	2250.887722	52623.270765	18927.434853	45972.978589	-13854.952318	3720.760789	-42871.897563	-187500.022352	0.075250	0.943000	0.278125	192.000000	0.000000	0.000000	0.000000	0.000000	0.000000	0.000000	0.000000	0.000000	0.000000	1741979727.341483	0.000000
166.000000	-11761.890264	4969.686862	-187500.022352	-237.710802	28212.863590	20423.928848	-35397.138941	19399.324882	2239.331870	52484.131156	18787.490581	45839.113991	-13868.363365	3673.866829	-42935.443572	-187500.022352	0.075250	0.943000	0.278125	192.000000	0.000000	0.000000	0.000000	0.000000	0.000000	0.000000	0.000000	0.000000	0.000000	1741979727.341646	0.000000
168.000000	-11757.084639	4968.546923	-187500.022352	-104.136777	28303.365803	20516.777994	-35415.959110	19466.871854	2259.314330	52615.067675	18918.248286	45961.690958	-13852.851254	3692.709350	-42864.543839	-187500.022352	0.075250	0.943000	0.278125	192.000000	0.000000	0.000000	0.000000	0.000000	0.000000	0.000000	0.000000	0.000000	0.000000	1741979727.399909	0.000000
170.000000	-11756.570549	4967.563446	-187500.022352	-258.408518	28200.838351	20405.689824	-35392.534482	19373.821542	2259.739013	52495.910525	18800.544000	45849.060517	-13875.046536	3659.427602	-42922.188988	-187500.022352	0.073625	0.942500	0.277062	192.000000	1.000000	32.000000	14.500000	56.000000	4.000000	80.000000	0.000000	0.000000	0.000000	1741979727.400150	0.000000
172.000000	-11754.670650	4941.121333	-187500.022352	-115.245594	28297.241425	20502.495230	-35403.017450	19447.224670	2243.556350	52582.165907	18874.058887	45921.234300	-13845.430475	3720.894899	-42890.471863	-187500.022352	0.073625	0.942500	0.277062	192.000000	0.000000	0.000000	0.000000	0.000000	0.000000	0.000000	0.000000	0.000000	0.000000	1741979727.400346	0.000000
174.000000	-11719.913688	4960.947330	-187500.022352	-299.200451	28169.255336	20364.897891	-35376.575336	19337.321143	2233.542768	52498.436272	18791.893875	45845.350128	-13867.871626	3665.551980	-42934.035413	-187500.022352	0.073625	0.942500	0.277062	192.000000	0.000000	0.000000	0.000000	0.000000	0.000000	0.000000	0.000000	0.000000	0.000000	1741979727.400522	0.000000
176.000000	-11747.205168	4965.663548	-187500.022352	-132.188217	28295.252120	20490.805267	-35394.255566	19439.423912	2265.170487	52548.526531	18829.288343	45873.289808	-13849.029106	3703.661704	-42930.772058	-187500.022352	0.073625	0.942500	0.277062	192.000000	0.000000	0.000000	0.000000	0.000000	0.000000	0.000000	0.000000	0.000000	0.000000	1741979727.400711	0.000000
178.000000	-11738.622098	4967.205819	-187500.022352	-307.068265	28165.857871	20352.447969	-35376.932964	19328.358093	2258.844943	52517.725827	18806.087232	45854.335529	-13859.802647	3676.102004	-42935.555331	-187500.022352	0.073625	0.942500	0.277062	192.000000	0.000000	0.000000	0.000000	0.000000	0.000000	0.000000	0.000000	0.000000	0.000000	1741979727.400897	0.000000
180.000000	-11743.293612	4969.485696	-187500.022352	-130.847112	28299.118972	20485.530256	-35394.590842	19441.033237	2268.657359	52526.420656	18797.705328	45841.103296	-13841.071885	3706.545080	-42953.928465	-187500.022352	0.073813	0.943250	0.273531	192.000000	1.000000	40.000000	14.500000	64.000000	4.000000	56.000000	0.000000	0.000000	0.000000	1741979727.401071	0.000000
182.000000	-11746.556967	4981.823859	-187500.022352	-280.201468	28181.571148	20369.390591	-35383.191452	19351.000410	2258.621425	52555.612034	18849.404913	45896.289753	-13869.324490	3677.979550	-42898.876119	-187500.022352	0.073813	0.943250	0.273531	192.000000	0.000000	0.000000	0.000000	0.000000	0.000000	0.000000	0.000000	0.000000	0.000000	1741979727.401246	0.000000
184.000000	-11724.428740	4980.147479	-187500.022352	-151.388365	28279.270623	20462.440903	-35402.883339	19422.883621	2263.069423	52497.877478	18777.029965	45812.694229	-13837.361495	3713.518824	-42964.143212	-187500.022352	0.073813	0.943250	0.273531	192.000000	0.000000	0.000000	0.000000	0.000000	0.000000	0.000000	0.000000	0.000000	0.000000	1741979727.459644	0.000000
186.000000	-11742.019563	4960.544999	-187500.022352	-288.248096	28172.138711	20357.186539	-35394.389676	19332.202593	2274.938199	52559.478886	18852.489454	45890.210079	-13858.819170	3707.617963	-42914.209415	-187500.022352	0.073813	0.943250	0.273531	192.000000	0.000000	0.000000	0.000000	0.000000	0.000000	0.000000	0.000000	0.000000	0.000000	1741979727.459878	0.000000
188.000000	-11714.705731	4969.753917	-187500.022352	-148.706156	28280.276451	20469.571110	-35407.241929	19424.582353	2242.461114	52485.673426	18763.618918	45803.865290	-13850.996059	3706.723893	-42967.853602	-187500.022352	0.073813	0.943250	0.273531	192.000000	0.000000	0.000000	0.000000	0.000000	0.000000	0.000000	0.000000	0.000000	0.000000	1741979727.460054	0.000000
190.000000	-11734.419970	4959.695632	-187500.022352	-252.239436	28195.250415	20391.295301	-35393.249737	19361.997469	2238.594262	52597.633314	18890.777992	45934.175960	-13870.866760	3695.235097	-42883.922801	-187500.022352	0.074906	0.944625	0.270766	192.000000	1.000000	48.000000	14.500000	72.000000	4.000000	48.000000	0.000000	0.000000	0.000000	1741979727.460229	0.000000
192.000000	-11755.899996	4969.061013	-187500.022352	-151.477772	28281.997535	20474.130866	-35407.532502	19432.181946	2253.324062	52474.855182	18758.232147	45801.160729	-13852.359516	3687.121414	-42964.724358	-187500.022352	0.074906	0.944625	0.270766	192.000000	0.000000	0.000000	0.000000	0.000000	0.000000	0.000000	0.000000	0.000000	0.000000	1741979727.460412	0.000000
194.000000	-11754.335374	4988.998769	-187500.022352	-249.624282	28198.089087	20387.763725	-35385.873662	19354.889614	2291.545545	52603.712988	18908.659388	45949.017519	-13867.737516	3685.467385	-42875.138566	-187500.022352	0.074906	0.944625	0.270766	192.000000	0.000000	0.000000	0.000000	0.000000	0.000000	0.000000	0.000000	0.000000	0.000000	1741979727.460592	0.000000
196.000000	-11752.524883	4976.235923	-187500.022352	-209.793473	28243.306666	20422.408929	-35391.506301	19383.857475	2257.034452	52435.694925	18727.274981	45763.207467	-13849.230271	3697.492623	-42997.380256	-187500.022352	0.074906	0.944625	0.270766	192.000000	0.000000	0.000000	0.000000	0.000000	0.000000	0.000000	0.000000	0.000000	0.000000	1741979727.460779	0.000000
198.000000	-11745.215862	4953.280682	-187500.022352	-241.935282	28209.667290	20393.597531	-35385.583089	19361.393972	2240.471809	52591.017197	18897.930550	45933.460705	-13854.795856	3717.273917	-42899.747837	-187500.022352	0.074906	0.944625	0.270766	192.000000	0.000000	0.000000	0.000000	0.000000	0.000000	0.000000	0.000000	0.000000	0.000000	1741979727.519817	0.000000
200.000000	-11721.299496	4963.942464	-187500.022352	-209.882880	28247.978180	20431.841365	-35393.786179	19392.217027	2249.166638	52438.533597	18732.751159	45769.845935	-13860.249682	3690.496527	-42983.522175	-187500.022352	0.072453	0.949313	0.269383	192.000000	1.000000	24.000000	14.500000	104.000000	4.000000	48.000000	0.000000	0.000000	0.000000	1741979727.520038	0.000000
202.000000	-11777.089450	4971.296188	-187500.022352	-197.500014	28244.178384	20439.463310	-35392.310964	19398.721385	2252.966434	52618.979230	18924.931458	45957.488830	-13864.272996	3729.142693	-42871.785804	-187500.022352	0.072453	0.949313	0.269383	192.000000	0.000000	0.000000	0.000000	0.000000	0.000000	0.000000	0.000000	0.000000	0.000000	1741979727.520230	0.000000
204.000000	-11766.226502	4989.222287	-187500.022352	-222.913947	28236.109404	20428.175679	-35390.858101	19392.060565	2240.963547	52444.501513	18744.128197	45778.808985	-13861.546083	3689.736568	-42971.184012	-187500.022352	0.072453	0.949313	0.269383	192.000000	0.000000	0.000000	0.000000	0.000000	0.000000	0.000000	0.000000	0.000000	0.000000	1741979727.520394	0.000000
206.000000	-11753.038973	4976.906476	-187500.022352	-157.378633	28260.405750	20469.526406	-35410.237063	19425.409368	2272.121879	52640.436904	18946.925574	45982.522784	-13876.208827	3726.013449	-42849.299949	-187500.022352	0.072453	0.949313	0.269383	192.000000	0.000000	0.000000	0.000000	0.000000	0.000000	0.000000	0.000000	0.000000	0.000000	1741979727.520591	0.000000
208.000000	-11755.341203	4979.968665	-187500.022352	-231.452314	28221.491363	20423.660627	-35402.346897	19390.160667	2257.012100	52450.737649	18747.078627	45787.950848	-13878.734574	3673.464498	-42966.758366	-187500.022352	0.072453	0.949313	0.269383	192.000000	0.000000	0.000000	0.000000	0.000000	0.000000	0.000000	0.000000	0.000000	0.000000	1741979727.520774	0.000000
210.000000	-11753.575415	4971.363243	-187500.022352	-164.039453	28257.052989	20461.815055	-35405.923177	19416.915705	2253.681690	52626.712933	18934.520356	45966.429528	-13851.957184	3699.951315	-42865.773185	-187500.022352	0.072227	0.947656	0.269691	192.000000	1.000000	32.000000	14.500000	72.000000	4.000000	56.000000	0.000000	0.000000	0.000000	1741979727.520942	0.000000
212.000000	-11748.255700	4987.680016	-187500.022352	-244.841009	28210.829581	20413.222362	-35407.286633	19382.806943	2253.525228	52459.767754	18761.495502	45800.132549	-13863.378926	3696.375036	-42962.086852	-187500.022352	0.072227	0.947656	0.269691	192.000000	0.000000	0.000000	0.000000	0.000000	0.000000	0.000000	0.000000	0.000000	0.000000	1741979727.521128	0.000000
214.000000	-11766.606482	4967.339929	-187500.022352	-120.811179	28285.216187	20499.254227	-35420.474162	19446.129435	2243.668108	52628.612832	18941.270583	45977.583048	-13873.213693	3708.690847	-42848.562342	-187500.022352	0.072227	0.947656	0.269691	192.000000	0.000000	0.000000	0.000000	0.000000	0.000000	0.000000	0.000000	0.000000	0.000000	1741979727.580127	0.000000
216.000000	-11758.537502	4974.045452	-187500.022352	-255.167515	28198.402011	20400.168943	-35394.300269	19373.396858	2265.572818	52463.053460	18766.658755	45814.594127	-13864.340051	3650.263387	-42949.793392	-187500.022352	0.072227	0.947656	0.269691	192.000000	0.000000	0.000000	0.000000	0.000000	0.000000	0.000000	0.000000	0.000000	0.000000	1741979727.580370	0.000000
218.000000	-11774.742517	4963.361319	-187500.022352	-110.909356	28294.916844	20503.434003	-35407.912482	19454.868967	2250.597149	52613.123073	18912.414481	45951.677376	-13877.192304	3711.887146	-42861.504002	-187500.022352	0.072227	0.947656	0.269691	192.000000	0.000000	0.000000	0.000000	0.000000	0.000000	0.000000	0.000000	0.000000	0.000000	1741979727.580543	0.000000
220.000000	-11758.850427	4965.440031	-187500.022352	-256.620378	28195.786857	20399.677205	-35379.905746	19374.603853	2217.807140	52484.041749	18786.954139	45828.832189	-13857.008679	3669.105908	-42931.710831	-187500.022352	0.075113	0.944828	0.271846	192.000000	1.000000	56.000000	14.500000	56.000000	4.000000	72.000000	0.000000	0.000000	0.000000	1741979727.580735	0.000000
222.000000	-11762.091429	4958.198066	-187500.022352	-94.972562	28305.288053	20516.643884	-35407.264281	19464.860197	2264.164658	52586.412738	18892.476725	45928.968004	-13855.377001	3710.635449	-42864.096804	-187500.022352	0.075113	0.944828	0.271846	192.000000	0.000000	0.000000	0.000000	0.000000	0.000000	0.000000	0.000000	0.000000	0.000000	1741979727.580927	0.000000
224.000000	-11752.234310	4977.599380	-187500.022352	-256.888599	28190.467142	20401.733566	-35384.577261	19374.134466	2236.873178	52509.075702	18820.548811	45867.724224	-13878.555760	3662.042756	-42891.164767	-187500.022352	0.075113	0.944828	0.271846	192.000000	0.000000	0.000000	0.000000	0.000000	0.000000	0.000000	0.000000	0.000000	0.000000	1741979727.581102	0.000000
226.000000	-11777.402374	4985.042511	-187500.022352	-81.941495	28309.110201	20530.949000	-35414.349784	19476.259586	2259.090812	52559.165962	18860.670192	45901.430655	-13850.727838	3714.591708	-42877.105519	-187500.022352	0.075113	0.944828	0.271846	192.000000	0.000000	0.000000	0.000000	0.000000	0.000000	0.000000	0.000000	0.000000	0.000000	1741979727.581270	0.000000
228.000000	-11742.466598	4986.897705	-187500.022352	-251.255959	28177.033744	20402.135897	-35388.980554	19368.032440	2246.640890	52543.720906	18859.351439	45908.493806	-13884.389566	3680.773518	-42857.681853	-187500.022352	0.075113	0.944828	0.271846	192.000000	0.000000	0.000000	0.000000	0.000000	0.000000	0.000000	0.000000	0.000000	0.000000	1741979727.640391	0.000000
230.000000	-11743.025391	4974.268970	-187500.022352	-84.422539	28301.778829	20531.619553	-35417.054345	19468.302365	2240.941196	52532.992069	18829.780081	45875.972018	-13851.264280	3686.450861	-42892.215299	-187500.022352	0.075557	0.943414	0.271923	192.000000	1.000000	48.000000	14.500000	56.000000	4.000000	64.000000	0.000000	0.000000	0.000000	1741979727.640606	0.000000
232.000000	-11744.791179	4977.711138	-187500.022352	-201.433921	28209.399069	20451.309735	-35409.700621	19402.811754	2224.132684	52589.251410	18906.491268	45958.069975	-13886.736499	3671.944579	-42811.793722	-187500.022352	0.075557	0.943414	0.271923	192.000000	0.000000	0.000000	0.000000	0.000000	0.000000	0.000000	0.000000	0.000000	0.000000	1741979727.640789	0.000000
234.000000	-11714.169289	4970.111545	-187500.022352	-94.793748	28286.892568	20520.264866	-35413.478066	19449.839824	2242.327004	52528.141740	18832.328180	45882.945762	-13857.254548	3726.661650	-42863.493307	-187500.022352	0.075557	0.943414	0.271923	192.000000	0.000000	0.000000	0.000000	0.000000	0.000000	0.000000	0.000000	0.000000	0.000000	1741979727.640961	0.000000
236.000000	-11744.567662	4988.328217	-187500.022352	-237.822561	28176.340839	20405.667473	-35395.171987	19357.080085	2254.575760	52569.671282	18882.887826	45935.651175	-13868.586882	3695.592725	-42843.622606	-187500.022352	0.075557	0.943414	0.271923	192.000000	0.000000	0.000000	0.000000	0.000000	0.000000	0.000000	0.000000	0.000000	0.000000	1741979727.641139	0.000000
238.000000	-11733.905880	4976.817069	-187500.022352	-100.471091	28288.300727	20520.823660	-35413.656880	19450.711542	2256.945045	52495.374083	18795.447802	45849.373442	-13851.040763	3684.685073	-42892.237650	-187500.022352	0.075557	0.943414	0.271923	192.000000	0.000000	0.000000	0.000000	0.000000	0.000000	0.000000	0.000000	0.000000	0.000000	1741979727.641318	0.000000
240.000000	-11715.890374	4992.619752	-187500.022352	-199.869299	28205.643976	20441.072636	-35376.709447	19388.953673	2249.881893	52612.586631	18930.072359	45988.021313	-13859.132094	3698.006713	-42798.136806	-187500.022352	0.074778	0.942707	0.271961	192.000000	1.000000	40.000000	14.500000	56.000000	4.000000	64.000000	0.000000	0.000000	0.000000	1741979727.641493	0.000000
242.000000	-11701.115871	5017.966630	-187500.022352	-134.423391	28263.311477	20486.267863	-35385.292516	19423.442414	2270.400795	52477.179763	18782.126162	45835.537712	-13843.016487	3710.858966	-42893.064665	-187500.022352	0.074778	0.942707	0.271961	192.000000	0.000000	0.000000	0.000000	0.000000	0.000000	0.000000	0.000000	0.000000	0.000000	1741979727.641683	0.000000
244.000000	-11732.609479	4994.184374	-187500.022352	-208.720590	28198.446715	20420.911362	-35374.697790	19371.698126	2276.659283	52603.377712	18917.823603	45969.491717	-13846.413952	3706.321562	-42821.583786	-187500.022352	0.074778	0.942707	0.271961	192.000000	0.000000	0.000000	0.000000	0.000000	0.000000	0.000000	0.000000	0.000000	0.000000	1741979727.700779	0.000000
246.000000	-11734.442322	4995.100796	-187500.022352	-155.165810	28251.219183	20467.335936	-35392.176854	19413.629998	2242.282300	52454.202170	18751.884252	45806.435741	-13844.514053	3695.659780	-42919.775000	-187500.022352	0.074778	0.942707	0.271961	192.000000	0.000000	0.000000	0.000000	0.000000	0.000000	0.000000	0.000000	0.000000	0.000000	1741979727.700983	0.000000
248.000000	-11728.809682	4976.235923	-187500.022352	-167.839249	28222.877171	20447.219366	-35389.628755	19397.581446	2261.482449	52633.127884	18948.758417	46001.745284	-13877.125249	3702.275896	-42793.577050	-187500.022352	0.074778	0.942707	0.271961	192.000000	0.000000	0.000000	0.000000	0.000000	0.000000	0.000000	0.000000	0.000000	0.000000	1741979727.701150	0.000000
250.000000	-11710.749472	4976.794717	-187500.022352	-171.795508	28235.863535	20451.041514	-35391.707467	19399.391937	2273.753556	52442.758077	18745.424598	45797.562098	-13853.901786	3681.153498	-42920.825532	-187500.022352	0.075389	0.942354	0.272981	192.000000	1.000000	48.000000	14.500000	56.000000	4.000000	72.000000	0.000000	0.000000	0.000000	1741979727.701335	0.000000
252.000000	-11743.338316	4974.224266	-187500.022352	-153.221208	28232.399015	20457.858796	-35404.112685	19400.822449	2268.545600	52629.104570	18951.306516	46000.001848	-13858.349783	3708.020295	-42799.924946	-187500.022352	0.075389	0.942354	0.272981	192.000000	0.000000	0.000000	0.000000	0.000000	0.000000	0.000000	0.000000	0.000000	0.000000	1741979727.701528	0.000000
254.000000	-11715.510394	4980.393348	-187500.022352	-208.206500	28204.861665	20420.732548	-35398.658860	19371.407553	2270.244333	52431.626908	18740.663676	45792.845880	-13845.989269	3666.848381	-42928.335718	-187500.022352	0.075389	0.942354	0.272981	192.000000	0.000000	0.000000	0.000000	0.000000	0.000000	0.000000	0.000000	0.000000	0.000000	1741979727.701707	0.000000
0.000000	-11757.509322	4962.869580	-187500.022352	-144.794601	28246.234744	20470.889863	-35412.986328	19414.009978	2265.148135	52608.317448	18932.173423	45975.638446	-13845.251661	3682.226382	-42826.769391	-187500.022352	0.075389	0.942354	0.272981	192.000000	0.000000	0.000000	0.000000	0.000000	0.000000	0.000000	0.000000	0.000000	0.000000	1741979727.701879	0.000000
2.000000	-11732.117740	4975.073633	-187500.022352	-207.692409	28214.584674	20435.395293	-35405.677307	19388.976024	2235.085039	52454.962129	18769.966813	45819.422104	-13863.580091	3664.233227	-42900.418389	-187500.022352	0.075389	0.942354	0.272981	192.000000	0.000000	0.000000	0.000000	0.000000	0.000000	0.000000	0.000000	0.000000	0.000000	1741979727.760800	0.000000
4.000000	-11728.206185	4965.976473	-187500.022352	-133.819894	28253.923744	20476.120171	-35406.973709	19417.876830	2260.946007	52623.002544	18943.282240	45987.618981	-13854.080600	3687.389635	-42808.329202	-187500.022352	0.072695	0.945177	0.273490	192.000000	1.000000	24.000000	14.500000	80.000000	4.000000	72.000000	0.000000	0.000000	0.000000	1741979727.761019	0.000000
6.000000	-11733.771769	4983.611999	-187500.022352	-225.171474	28201.665366	20416.508069	-35395.730781	19380.772934	2235.576777	52449.530655	18768.066915	45816.337564	-13857.455713	3653.303224	-42908.062685	-187500.022352	0.072695	0.945177	0.273490	192.000000	0.000000	0.000000	0.000000	0.000000	0.000000	0.000000	0.000000	0.000000	0.000000	1741979727.761206	0.000000
8.000000	-11747.205168	4971.899685	-187500.022352	-84.444891	28288.278376	20513.872267	-35406.101990	19459.160502	2276.771042	52614.419474	18938.946001	45980.868754	-13865.703507	3697.000885	-42807.122208	-187500.022352	0.072695	0.945177	0.273490	192.000000	0.000000	0.000000	0.000000	0.000000	0.000000	0.000000	0.000000	0.000000	0.000000	1741979727.761392	0.000000
10.000000	-11710.838879	4983.589647	-187500.022352	-213.526215	28202.715898	20421.045473	-35394.926118	19386.919664	2249.166638	52474.899885	18797.347700	45844.970148	-13872.587844	3666.982492	-42876.993761	-187500.022352	0.072695	0.945177	0.273490	192.000000	0.000000	0.000000	0.000000	0.000000	0.000000	0.000000	0.000000	0.000000	0.000000	1741979727.761577	0.000000
12.000000	-11745.461732	4982.069729	-187500.022352	-78.499327	28284.746800	20509.692491	-35407.800723	19456.299479	2264.634045	52586.636256	18909.396995	45950.850362	-13836.020391	3696.643257	-42824.198940	-187500.022352	0.072695	0.945177	0.273490	192.000000	0.000000	0.000000	0.000000	0.000000	0.000000	0.000000	0.000000	0.000000	0.000000	1741979727.761755	0.000000
14.000000	-11724.965182	4982.405005	-187500.022352	-236.637919	28176.430246	20396.413850	-35388.488816	19364.299698	2263.762327	52476.956246	18802.443898	45851.116878	-13855.958147	3646.508294	-42877.820775	-187500.022352	0.072347	0.943588	0.273745	192.000000	1.000000	32.000000	14.500000	56.000000	4.000000	72.000000	0.000000	0.000000	0.000000	1741979727.761920	0.000000
16.000000	-11745.618194	4977.331159	-187500.022352	-89.250516	28283.964489	20505.825639	-35407.353688	19451.918537	2261.929484	52565.446802	18880.518541	45921.726039	-13835.528652	3712.244774	-42844.740193	-187500.022352	0.072347	0.943588	0.273745	192.000000	0.000000	0.000000	0.000000	0.000000	0.000000	0.000000	0.000000	0.000000	0.000000	1741979727.762109	0.000000
18.000000	-11720.852461	4976.839420	-187500.022352	-258.274407	28163.376828	20375.492618	-35388.555871	19348.586422	2235.107390	52494.234144	18816.324331	45863.477393	-13851.040763	3666.267236	-42875.876173	-187500.022352	0.072347	0.943588	0.273745	192.000000	0.000000	0.000000	0.000000	0.000000	0.000000	0.000000	0.000000	0.000000	0.000000	1741979727.819814	0.000000
20.000000	-11727.334467	4973.598417	-187500.022352	-97.632420	28277.236614	20492.191075	-35408.337165	19440.049760	2280.347321	52526.934746	18834.272782	45878.967152	-13832.980553	3697.313809	-42882.738159	-187500.022352	0.072347	0.943588	0.273745	192.000000	0.000000	0.000000	0.000000	0.000000	0.000000	0.000000	0.000000	0.000000	0.000000	1741979727.820016	0.000000
22.000000	-11726.440397	4982.360301	-187500.022352	-223.316279	28181.235871	20410.920133	-35407.063115	19375.810847	2248.943120	52536.613051	18859.485550	45912.919451	-13874.107763	3674.537381	-42836.872379	-187500.022352	0.072347	0.943588	0.273745	192.000000	0.000000	0.000000	0.000000	0.000000	0.000000	0.000000	0.000000	0.000000	0.000000	1741979727.820188	0.000000
24.000000	-11718.505528	4980.706272	-187500.022352	-115.804388	28267.178329	20480.925796	-35398.703563	19429.387978	2292.216097	52508.583964	18815.184392	45864.639683	-13839.239042	3695.592725	-42882.358179	-187500.022352	0.072174	0.945794	0.273873	192.000000	1.000000	32.000000	14.500000	80.000000	4.000000	72.000000	0.000000	0.000000	0.000000	1741979727.820363	0.000000
26.000000	-11726.261583	5001.672209	-187500.022352	-236.302642	28175.759694	20395.340967	-35400.223482	19363.740905	2250.887722	52538.289432	18861.273689	45914.282908	-13871.805533	3684.439204	-42849.456412	-187500.022352	0.072174	0.945794	0.273873	192.000000	0.000000	0.000000	0.000000	0.000000	0.000000	0.000000	0.000000	0.000000	0.000000	1741979727.820556	0.000000
28.000000	-11719.064321	5006.902517	-187500.022352	-105.813158	28274.353239	20494.180381	-35411.309947	19440.362685	2282.694254	52494.189441	18805.707253	45855.810744	-13834.075789	3698.163175	-42888.303743	-187500.022352	0.072174	0.945794	0.273873	192.000000	0.000000	0.000000	0.000000	0.000000	0.000000	0.000000	0.000000	0.000000	0.000000	1741979727.820729	0.000000
30.000000	-11711.487080	5012.512805	-187500.022352	-240.527122	28165.276726	20385.573254	-35394.724953	19351.089817	2256.632120	52566.095002	18891.493248	45946.022385	-13850.571376	3697.246754	-42834.257225	-187500.022352	0.072174	0.945794	0.273873	192.000000	0.000000	0.000000	0.000000	0.000000	0.000000	0.000000	0.000000	0.000000	0.000000	1741979727.820907	0.000000
32.000000	-11708.223725	4988.551735	-187500.022352	-83.819042	28285.126780	20518.364968	-35430.130116	19457.037086	2285.018836	52492.825984	18808.277703	45861.868067	-13845.653992	3687.255524	-42877.887830	-187500.022352	0.072174	0.945794	0.273873	192.000000	0.000000	0.000000	0.000000	0.000000	0.000000	0.000000	0.000000	0.000000	0.000000	1741979727.880169	0.000000
34.000000	-11710.213031	5005.092025	-187500.022352	-210.821654	28180.855892	20412.752976	-35399.374115	19366.668983	2255.268664	52603.578878	18933.447472	45991.754054	-13859.981461	3671.519896	-42794.962859	-187500.022352	0.072087	0.945897	0.274936	192.000000	1.000000	32.000000	14.500000	72.000000	4.000000	80.000000	0.000000	0.000000	0.000000	1741979727.880377	0.000000
36.000000	-11699.461842	5013.675095	-187500.022352	-112.295164	28263.847919	20495.432078	-35416.450848	19437.412255	2271.071347	52466.897961	18783.042584	45837.795238	-13844.849330	3696.039760	-42892.125892	-187500.022352	0.072087	0.945897	0.274936	192.000000	0.000000	0.000000	0.000000	0.000000	0.000000	0.000000	0.000000	0.000000	0.000000	1741979727.880559	0.000000
38.000000	-11713.275220	5003.907383	-187500.022352	-195.510709	28186.957918	20425.493470	-35409.968842	19374.693260	2267.942103	52624.455407	18964.494045	46019.380810	-13870.956167	3698.610210	-42767.514916	-187500.022352	0.072087	0.945897	0.274936	192.000000	0.000000	0.000000	0.000000	0.000000	0.000000	0.000000	0.000000	0.000000	0.000000	1741979727.880745	0.000000
40.000000	-11696.936094	5004.689694	-187500.022352	-163.391252	28227.973369	20458.305831	-35420.161238	19401.627112	2269.640835	52435.806684	18752.152473	45810.146130	-13846.235138	3666.267236	-42914.120008	-187500.022352	0.072087	0.945897	0.274936	192.000000	0.000000	0.000000	0.000000	0.000000	0.000000	0.000000	0.000000	0.000000	0.000000	1741979727.880939	0.000000
42.000000	-11741.483121	4992.955028	-187500.022352	-175.751767	28203.699375	20444.425397	-35422.284653	19387.925492	2273.753556	52631.160931	18964.896377	46022.219482	-13865.435286	3679.074786	-42771.895858	-187500.022352	0.072087	0.945897	0.274936	192.000000	0.000000	0.000000	0.000000	0.000000	0.000000	0.000000	0.000000	0.000000	0.000000	1741979727.881113	0.000000
44.000000	-11734.330563	5005.963743	-187500.022352	-150.159019	28238.322227	20474.533197	-35434.600465	19413.004150	2257.302673	52450.156504	18774.973604	45836.118857	-13866.709336	3659.584064	-42877.798424	-187500.022352	0.070043	0.945949	0.275468	192.000000	1.000000	16.000000	14.500000	72.000000	4.000000	80.000000	0.000000	0.000000	0.000000	1741979727.881287	0.000000
46.000000	-11725.680438	5006.634296	-187500.022352	-131.741182	28237.226991	20479.495284	-35407.756020	19419.128528	2268.478545	52645.533102	18983.582435	46046.851104	-13877.594635	3679.946504	-42741.497486	-187500.022352	0.070043	0.945949	0.275468	192.000000	0.000000	0.000000	0.000000	0.000000	0.000000	0.000000	0.000000	0.000000	0.000000	1741979727.881474	0.000000
48.000000	-11701.607609	5016.290249	-187500.022352	-189.185165	28212.505962	20441.407912	-35397.004830	19388.774859	2273.351225	52450.849408	18776.515874	45842.913788	-13849.856120	3654.756088	-42859.894676	-187500.022352	0.070043	0.945949	0.275468	192.000000	0.000000	0.000000	0.000000	0.000000	0.000000	0.000000	0.000000	0.000000	0.000000	1741979727.940445	0.000000
50.000000	-11714.124586	5004.019142	-187500.022352	-127.561406	28244.357198	20483.205674	-35406.772543	19419.977894	2268.925580	52636.212425	18966.751572	46025.885168	-13853.924138	3698.274934	-42752.695710	-187500.022352	0.070043	0.945949	0.275468	192.000000	0.000000	0.000000	0.000000	0.000000	0.000000	0.000000	0.000000	0.000000	0.000000	1741979727.940662	0.000000
52.000000	-11687.973045	5021.341744	-187500.022352	-200.070465	28205.576921	20441.206746	-35403.106857	19389.937149	2274.312350	52453.419859	18778.527531	45846.065384	-13854.259414	3663.719137	-42857.771260	-187500.022352	0.070043	0.945949	0.275468	192.000000	0.000000	0.000000	0.000000	0.000000	0.000000	0.000000	0.000000	0.000000	0.000000	1741979727.940848	0.000000
54.000000	-11688.487135	5006.746054	-187500.022352	-112.004591	28256.114215	20500.863552	-35402.838636	19431.645504	2274.357054	52633.194939	18965.812798	46029.729668	-13852.024240	3700.063074	-42754.081518	-187500.022352	0.070022	0.946974	0.277734	192.000000	1.000000	24.000000	14.500000	80.000000	4.000000	96.000000	0.000000	0.000000	0.000000	1741979727.941042	0.000000
56.000000	-11682.809792	5022.548738	-187500.022352	-228.635994	28187.047325	20421.000769	-35391.416894	19370.982870	2262.309463	52459.901865	18784.160171	45854.760212	-13851.264280	3675.923190	-42859.000606	-187500.022352	0.070022	0.946974	0.277734	192.000000	0.000000	0.000000	0.000000	0.000000	0.000000	0.000000	0.000000	0.000000	0.000000	1741979727.941219	0.000000
58.000000	-11704.781557	5014.725627	-187500.022352	-129.617766	28250.705093	20482.043383	-35401.788104	19416.468670	2275.318179	52605.188203	18930.988780	45995.375037	-13849.252623	3710.478987	-42780.523632	-187500.022352	0.070022	0.946974	0.277734	192.000000	0.000000	0.000000	0.000000	0.000000	0.000000	0.000000	0.000000	0.000000	0.000000	1741979727.941398	0.000000
60.000000	-11685.067318	5033.009354	-187500.022352	-265.337558	28164.002676	20384.835647	-35383.459673	19341.791492	2263.516458	52454.380984	18775.197122	45843.360823	-13854.281766	3668.167134	-42871.137604	-187500.022352	0.070022	0.946974	0.277734	192.000000	0.000000	0.000000	0.000000	0.000000	0.000000	0.000000	0.000000	0.000000	0.000000	1741979727.941576	0.000000
62.000000	-11694.097423	4992.440938	-187500.022352	-112.585737	28264.138492	20492.794572	-35411.131133	19424.381187	2300.016856	52583.082328	18907.720614	45962.853248	-13863.691850	3731.847254	-42799.992001	-187500.022352	0.070022	0.946974	0.277734	192.000000	0.000000	0.000000	0.000000	0.000000	0.000000	0.000000	0.000000	0.000000	0.000000	1741979728.000789	0.000000
64.000000	-11697.740757	5015.597345	-187500.022352	-266.030463	28161.767502	20381.237016	-35386.007772	19340.763311	2258.688481	52475.682196	18803.405023	45862.560971	-13859.445019	3665.104945	-42854.127926	-187500.022352	0.071011	0.947487	0.280867	192.000000	1.000000	32.000000	14.500000	80.000000	4.000000	112.000000	0.000000	0.000000	0.000000	1741979728.001032	0.000000
66.000000	-11712.001170	4987.814127	-187500.022352	-90.815138	28285.059724	20508.239628	-35409.298290	19443.067246	2319.507577	52576.041529	18897.997606	45950.716251	-13848.157388	3716.156330	-42794.582879	-187500.022352	0.071011	0.947487	0.280867	192.000000	0.000000	0.000000	0.000000	0.000000	0.000000	0.000000	0.000000	0.000000	0.000000	1741979728.001215	0.000000
68.000000	-11716.315057	5003.080368	-187500.022352	-267.706843	28160.515804	20373.838588	-35386.477159	19336.270611	2245.545655	52496.491670	18823.387483	45881.649361	-13857.992155	3683.187507	-42834.637205	-187500.022352	0.071011	0.947487	0.280867	192.000000	0.000000	0.000000	0.000000	0.000000	0.000000	0.000000	0.000000	0.000000	0.000000	1741979728.001394	0.000000
70.000000	-11692.510449	5002.096892	-187500.022352	-85.741292	28288.032506	20510.832430	-35416.808476	19446.129435	2253.324062	52552.572197	18873.969480	45928.140989	-13853.477103	3734.976498	-42802.294231	-187500.022352	0.071011	0.947487	0.280867	192.000000	0.000000	0.000000	0.000000	0.000000	0.000000	0.000000	0.000000	0.000000	0.000000	1741979728.001567	0.000000
72.000000	-11681.491039	5023.442808	-187500.022352	-257.894428	28162.549813	20380.566464	-35393.875586	19341.031532	2244.718640	52536.277775	18866.526349	45925.972870	-13868.788048	3676.325521	-42793.375885	-187500.022352	0.071011	0.947487	0.280867	192.000000	0.000000	0.000000	0.000000	0.000000	0.000000	0.000000	0.000000	0.000000	0.000000	1741979728.001745	0.000000
74.000000	-11700.042987	5010.635258	-187500.022352	-102.616859	28285.216187	20500.572980	-35410.326470	19436.540536	2279.900286	52519.133987	18841.313582	45891.037094	-13845.117551	3715.083446	-42820.957937	-187500.022352	0.071505	0.943744	0.284434	192.000000	1.000000	32.000000	14.500000	48.000000	4.500000	0.000000	0.000000	0.000000	0.000000	1741979728.001915	0.000000
76.000000	-11685.871981	5011.931659	-187500.022352	-262.074204	28161.298115	20374.240920	-35390.947508	19334.929506	2263.516458	52554.807371	18887.894617	45944.882446	-13864.004775	3724.649993	-42782.848213	-187500.022352	0.071505	0.943744	0.284434	192.000000	0.000000	0.000000	0.000000	0.000000	0.000000	0.000000	0.000000	0.000000	0.000000	1741979728.002108	0.000000
78.000000	-11695.818507	4994.072615	-187500.022352	-123.828664	28265.010210	20481.618700	-35413.992156	19419.776728	2269.663187	52492.557763	18808.724738	45864.684387	-13854.862911	3728.315679	-42842.773240	-187500.022352	0.071505	0.943744	0.284434	192.000000	0.000000	0.000000	0.000000	0.000000	0.000000	0.000000	0.000000	0.000000	0.000000	1741979728.061045	0.000000
80.000000	-11702.702844	5014.256241	-187500.022352	-276.401672	28143.439072	20356.985373	-35375.904784	19321.451404	2287.790452	52567.190238	18898.757565	45955.231304	-13875.024185	3716.759827	-42781.641219	-187500.022352	0.071505	0.943744	0.284434	192.000000	0.000000	0.000000	0.000000	0.000000	0.000000	0.000000	0.000000	0.000000	0.000000	1741979728.061259	0.000000
82.000000	-11708.111967	5019.307735	-187500.022352	-152.818877	28245.161861	20457.411761	-35401.206958	19404.510487	2289.377426	52460.594769	18769.229206	45821.210244	-13856.226368	3739.782124	-42877.776072	-187500.022352	0.071505	0.943744	0.284434	192.000000	0.000000	0.000000	0.000000	0.000000	0.000000	0.000000	0.000000	0.000000	0.000000	1741979728.061441	0.000000
84.000000	-11707.933153	5012.266935	-187500.022352	-270.523163	28149.854022	20359.399362	-35382.096217	19321.026721	2292.439615	52587.843250	18913.085033	45962.137993	-13860.249682	3736.764638	-42789.531385	-187500.022352	0.073753	0.940872	0.289217	192.000000	1.000000	48.000000	14.500000	40.000000	4.500000	24.000000	0.000000	0.000000	0.000000	1741979728.061633	0.000000
86.000000	-11670.717498	5014.457406	-187500.022352	-190.928601	28222.474840	20424.398234	-35404.291499	19379.320071	2254.553408	52432.878605	18741.691857	45789.291953	-13845.296364	3717.117455	-42907.258023	-187500.022352	0.073753	0.940872	0.289217	192.000000	0.000000	0.000000	0.000000	0.000000	0.000000	0.000000	0.000000	0.000000	0.000000	1741979728.061817	0.000000
88.000000	-11718.170252	4984.327255	-187500.022352	-229.038325	28181.101761	20393.843400	-35408.828903	19353.213233	2256.520361	52601.634276	18930.117062	45974.565563	-13872.073754	3723.800626	-42778.444919	-187500.022352	0.073753	0.940872	0.289217	192.000000	0.000000	0.000000	0.000000	0.000000	0.000000	0.000000	0.000000	0.000000	0.000000	1741979728.061994	0.000000
90.000000	-11711.330618	4989.043473	-187500.022352	-194.929563	28221.357253	20425.806394	-35403.688002	19381.711707	2263.158830	52438.108914	18748.844415	45789.694284	-13860.875530	3714.770521	-42888.191985	-187500.022352	0.073753	0.940872	0.289217	192.000000	0.000000	0.000000	0.000000	0.000000	0.000000	0.000000	0.000000	0.000000	0.000000	1741979728.062168	0.000000
92.000000	-11751.496703	4989.222287	-187500.022352	-216.588404	28186.801456	20399.431336	-35396.669554	19356.811864	2276.413414	52617.235794	18938.253097	45978.700635	-13865.569397	3728.069809	-42776.097986	-187500.022352	0.073753	0.940872	0.289217	192.000000	0.000000	0.000000	0.000000	0.000000	0.000000	0.000000	0.000000	0.000000	0.000000	1741979728.062336	0.000000
94.000000	-11712.336446	4996.955990	-187500.022352	-206.999505	28208.996738	20416.351606	-35401.430476	19376.526103	2268.053862	52423.669687	18730.627743	45774.338636	-13851.420742	3716.648068	-42908.062685	-187500.022352	0.070876	0.939436	0.289608	192.000000	1.000000	16.000000	14.500000	40.000000	4.500000	8.000000	0.000000	0.000000	0.000000	1741979728.120826	0.000000
96.000000	-11725.412217	4988.931714	-187500.022352	-191.286229	28203.319395	20419.994941	-35405.632604	19375.855550	2249.121934	52630.646840	18954.659278	45995.956182	-13868.273958	3723.063019	-42760.943503	-187500.022352	0.070876	0.939436	0.289608	192.000000	0.000000	0.000000	0.000000	0.000000	0.000000	0.000000	0.000000	0.000000	0.000000	1741979728.121078	0.000000
98.000000	-11718.773749	5002.856851	-187500.022352	-214.464988	28199.720764	20414.988150	-35404.917348	19379.208312	2245.858579	52432.878605	18744.329362	45786.967371	-13865.144714	3675.967893	-42887.029694	-187500.022352	0.070876	0.939436	0.289608	192.000000	0.000000	0.000000	0.000000	0.000000	0.000000	0.000000	0.000000	0.000000	0.000000	1741979728.121267	0.000000
100.000000	-11727.312115	4992.910325	-187500.022352	-148.393231	28229.850916	20456.517691	-35410.661746	19407.773841	2303.906060	52634.044306	18961.051877	45994.883298	-13872.766658	3765.106650	-42748.985320	-187500.022352	0.070876	0.939436	0.289608	192.000000	0.000000	0.000000	0.000000	0.000000	0.000000	0.000000	0.000000	0.000000	0.000000	1741979728.121451	0.000000
102.000000	-11711.755301	5008.221270	-187500.022352	-261.828335	28160.761674	20372.698649	-35392.467426	19341.076236	2240.851789	52425.614289	18741.177766	45785.559211	-13847.710353	3709.607269	-42885.196851	-187500.022352	0.070876	0.939436	0.289608	192.000000	0.000000	0.000000	0.000000	0.000000	0.000000	0.000000	0.000000	0.000000	0.000000	1741979728.121624	0.000000
104.000000	-11732.788293	4976.459441	-187500.022352	-136.815028	28241.898506	20467.268880	-35415.802648	19416.580429	2263.158830	52613.435997	18934.274487	45975.191411	-13860.115571	3747.538179	-42772.387597	-187500.022352	0.071438	0.938718	0.289804	192.000000	1.000000	32.000000	14.500000	40.000000	4.500000	8.000000	0.000000	0.000000	0.000000	1741979728.121804	0.000000
106.000000	-11702.367568	5000.062883	-187500.022352	-267.192753	28159.241755	20369.859978	-35392.869758	19335.622410	2273.127708	52438.265376	18757.092209	45804.535842	-13858.752115	3707.327391	-42874.356255	-187500.022352	0.071438	0.938718	0.289804	192.000000	0.000000	0.000000	0.000000	0.000000	0.000000	0.000000	0.000000	0.000000	0.000000	1741979728.121996	0.000000
108.000000	-11740.209072	4993.536174	-187500.022352	-125.169769	28250.749797	20468.609985	-35408.225406	19415.708711	2267.740937	52597.722721	18918.069472	45959.053452	-13846.749228	3752.679080	-42783.250544	-187500.022352	0.071438	0.938718	0.289804	192.000000	0.000000	0.000000	0.000000	0.000000	0.000000	0.000000	0.000000	0.000000	0.000000	1741979728.181234	0.000000
110.000000	-11731.849519	5004.019142	-187500.022352	-244.326919	28169.814130	20391.138839	-35399.754095	19357.191844	2241.164713	52467.881437	18794.106697	45843.405526	-13872.029051	3682.829879	-42840.739231	-187500.022352	0.071438	0.938718	0.289804	192.000000	0.000000	0.000000	0.000000	0.000000	0.000000	0.000000	0.000000	0.000000	0.000000	1741979728.181476	0.000000
112.000000	-11740.074961	4982.874391	-187500.022352	-74.766585	28279.427085	20515.012206	-35425.302139	19450.979763	2267.830344	52602.483642	18927.792481	45975.884315	-13854.706449	3756.791801	-42757.881315	-187500.022352	0.071438	0.938718	0.289804	192.000000	0.000000	0.000000	0.000000	0.000000	0.000000	0.000000	0.000000	0.000000	0.000000	1741979728.181656	0.000000
114.000000	-11699.394786	5008.243621	-187500.022352	-248.126715	28155.017275	20384.880350	-35390.813397	19343.199652	2246.171504	52492.378949	18822.202840	45881.090567	-13869.659766	3704.108739	-42810.094990	-187500.022352	0.070719	0.939359	0.287902	192.000000	1.000000	24.000000	14.500000	48.000000	4.000000	120.000000	0.000000	0.000000	0.000000	1741979728.181832	0.000000
116.000000	-11702.993417	4991.256296	-187500.022352	-83.662579	28270.754608	20512.799384	-35416.272034	19445.816510	2291.724359	52566.050299	18884.765373	45939.182751	-13861.590786	3724.538234	-42785.820995	-187500.022352	0.070719	0.939359	0.287902	192.000000	0.000000	0.000000	0.000000	0.000000	0.000000	0.000000	0.000000	0.000000	0.000000	1741979728.182022	0.000000
118.000000	-11720.114853	5003.348589	-187500.022352	-244.528084	28155.218441	20399.766612	-35390.634583	19356.454236	2254.285187	52509.321572	18848.041457	45902.212966	-13862.417801	3687.747262	-42794.851100	-187500.022352	0.070719	0.939359	0.287902	192.000000	0.000000	0.000000	0.000000	0.000000	0.000000	0.000000	0.000000	0.000000	0.000000	1741979728.182201	0.000000
120.000000	-11715.666856	4993.469118	-187500.022352	-86.143623	28272.051009	20517.113270	-35410.818209	19446.464711	2292.819594	52548.973566	18880.898521	45926.509312	-13844.670516	3745.504170	-42780.188355	-187500.022352	0.070719	0.939359	0.287902	192.000000	0.000000	0.000000	0.000000	0.000000	0.000000	0.000000	0.000000	0.000000	0.000000	1741979728.182382	0.000000
122.000000	-11712.761129	4995.950162	-187500.022352	-245.511561	28159.487624	20400.437164	-35396.624851	19352.922660	2277.240429	52532.567386	18869.834408	45916.920414	-13850.817245	3732.227234	-42784.189318	-187500.022352	0.070719	0.939359	0.287902	192.000000	0.000000	0.000000	0.000000	0.000000	0.000000	0.000000	0.000000	0.000000	0.000000	1741979728.182566	0.000000
124.000000	-11708.849574	5012.155177	-187500.022352	-65.691777	28287.607823	20543.935364	-35427.492610	19465.910729	2270.266684	52534.042601	18865.565224	45912.830044	-13845.139902	3737.904577	-42779.383693	-187500.022352	0.074360	0.938679	0.286951	192.000000	1.000000	56.000000	14.500000	40.000000	4.000000	120.000000	0.000000	0.000000	0.000000	1741979728.241475	0.000000
126.000000	-11726.485101	4999.258220	-187500.022352	-224.791494	28164.248546	20421.425452	-35398.457694	19365.394934	2260.007234	52577.047357	18915.253152	45969.759937	-13866.016432	3708.981420	-42732.065050	-187500.022352	0.074360	0.938679	0.286951	192.000000	0.000000	0.000000	0.000000	0.000000	0.000000	0.000000	0.000000	0.000000	0.000000	1741979728.241730	0.000000
128.000000	-11683.212123	5001.046360	-187500.022352	-98.325324	28262.640925	20515.593352	-35416.607310	19438.775711	2294.160699	52507.175804	18826.896706	45878.855393	-13845.408123	3717.519786	-42795.499300	-187500.022352	0.074360	0.938679	0.286951	192.000000	0.000000	0.000000	0.000000	0.000000	0.000000	0.000000	0.000000	0.000000	0.000000	1741979728.241924	0.000000
130.000000	-11693.404519	5015.373828	-187500.022352	-248.976081	28143.461423	20388.546036	-35396.624851	19332.247297	2269.506725	52566.676148	18900.657463	45953.107888	-13847.419780	3714.479949	-42756.204934	-187500.022352	0.074360	0.938679	0.286951	192.000000	0.000000	0.000000	0.000000	0.000000	0.000000	0.000000	0.000000	0.000000	0.000000	1741979728.242100	0.000000
132.000000	-11691.526972	5016.670229	-187500.022352	-141.866522	28232.734291	20472.655651	-35413.209845	19404.354024	2307.191766	52461.287673	18777.231130	45822.908976	-13845.385771	3721.297231	-42844.673138	-187500.022352	0.074360	0.938679	0.286951	192.000000	0.000000	0.000000	0.000000	0.000000	0.000000	0.000000	0.000000	0.000000	0.000000	1741979728.242270	0.000000
134.000000	-11710.905935	5003.348589	-187500.022352	-225.931433	28159.129996	20404.527534	-35400.804627	19350.933355	2261.482449	52593.654703	18923.612705	45968.105908	-13850.392562	3718.682077	-42746.571332	-187500.022352	0.076180	0.938340	0.289476	192.000000	1.000000	56.000000	14.500000	40.000000	4.500000	16.000000	0.000000	0.000000	0.000000	1741979728.242440	0.000000
136.000000	-11694.790327	5009.338857	-187500.022352	-131.182388	28241.093843	20489.151238	-35415.042688	19419.016769	2280.883763	52458.672519	18776.471171	45819.712677	-13841.809492	3728.025106	-42830.926815	-187500.022352	0.076180	0.938340	0.289476	192.000000	0.000000	0.000000	0.000000	0.000000	0.000000	0.000000	0.000000	0.000000	0.000000	1741979728.242628	0.000000
138.000000	-11695.930266	5001.247525	-187500.022352	-184.781871	28189.103686	20445.319467	-35399.932909	19377.867207	2276.905152	52623.248413	18960.470731	46002.996982	-13853.365344	3702.588821	-42708.841587	-187500.022352	0.076180	0.938340	0.289476	192.000000	0.000000	0.000000	0.000000	0.000000	0.000000	0.000000	0.000000	0.000000	0.000000	1741979728.301663	0.000000
140.000000	-11675.366661	5007.774235	-187500.022352	-153.109450	28223.592427	20476.455447	-35410.952319	19400.263655	2273.127708	52451.452905	18772.805485	45817.656316	-13841.049533	3730.707315	-42822.656670	-187500.022352	0.076180	0.938340	0.289476	192.000000	0.000000	0.000000	0.000000	0.000000	0.000000	0.000000	0.000000	0.000000	0.000000	1741979728.301849	0.000000
142.000000	-11706.860269	5016.759636	-187500.022352	-164.084156	28199.966633	20460.719819	-35408.717145	19385.779725	2288.572763	52637.106495	18971.825417	46018.687906	-13847.822112	3742.330222	-42696.123445	-187500.022352	0.076180	0.938340	0.289476	192.000000	0.000000	0.000000	0.000000	0.000000	0.000000	0.000000	0.000000	0.000000	0.000000	1741979728.302039	0.000000
144.000000	-11688.598894	5015.954973	-187500.022352	-174.388310	28210.807229	20458.194072	-35404.023278	19388.394879	2295.099472	52445.082658	18766.010555	45815.890529	-13841.250699	3716.245737	-42821.494379	-187500.022352	0.075090	0.939170	0.286738	192.000000	1.000000	40.000000	14.500000	48.000000	4.000000	112.000000	0.000000	0.000000	0.000000	1741979728.302227	0.000000
146.000000	-11713.454034	5002.298057	-187500.022352	-152.550656	28212.215389	20462.105627	-35400.290537	19389.981853	2272.792431	52640.369849	18973.926481	46018.486740	-13837.585013	3750.734478	-42698.492729	-187500.022352	0.075090	0.939170	0.286738	192.000000	0.000000	0.000000	0.000000	0.000000	0.000000	0.000000	0.000000	0.000000	0.000000	1741979728.302411	0.000000
148.000000	-11688.196562	5012.311639	-187500.022352	-197.634124	28192.210578	20437.138729	-35409.834732	19372.346326	2266.802164	52437.058382	18762.322517	45811.219014	-13842.256527	3703.080559	-42825.540045	-187500.022352	0.075090	0.939170	0.286738	192.000000	0.000000	0.000000	0.000000	0.000000	0.000000	0.000000	0.000000	0.000000	0.000000	1741979728.302576	0.000000
150.000000	-11699.886525	5002.253354	-187500.022352	-141.643005	28217.982139	20469.973441	-35410.192360	19394.072222	2297.446406	52628.478721	18962.236519	46011.423589	-13862.484856	3714.658763	-42699.833834	-187500.022352	0.075090	0.939170	0.286738	192.000000	0.000000	0.000000	0.000000	0.000000	0.000000	0.000000	0.000000	0.000000	0.000000	1741979728.302762	0.000000
152.000000	-11701.853478	5013.205709	-187500.022352	-223.048058	28174.932680	20419.078519	-35396.133112	19356.767161	2277.821574	52438.131265	18761.607261	45814.415314	-13847.710353	3712.378885	-42816.778161	-187500.022352	0.075090	0.939170	0.286738	192.000000	0.000000	0.000000	0.000000	0.000000	0.000000	0.000000	0.000000	0.000000	0.000000	1741979728.302936	0.000000
154.000000	-11704.893315	5011.261107	-187500.022352	-118.352487	28237.092881	20492.615758	-35407.532502	19413.697054	2298.988676	52619.448616	18954.592223	45999.577165	-13844.223481	3752.232045	-42700.347924	-187500.022352	0.072545	0.937585	0.284369	192.000000	1.000000	24.000000	14.500000	32.000000	4.000000	104.000000	0.000000	0.000000	0.000000	1741979728.361947	0.000000
156.000000	-11697.740757	5028.002563	-187500.022352	-250.965387	28153.430301	20399.431336	-35390.209900	19339.779835	2273.686501	52451.385850	18782.595549	45833.369593	-13852.873606	3689.401292	-42797.622716	-187500.022352	0.072545	0.937585	0.284369	192.000000	0.000000	0.000000	0.000000	0.000000	0.000000	0.000000	0.000000	0.000000	0.000000	1741979728.362174	0.000000
158.000000	-11700.914705	5002.208650	-187500.022352	-121.660545	28237.338750	20483.719764	-35408.538331	19406.499792	2283.320103	52581.383596	18914.806117	45954.896027	-13828.621963	3759.474010	-42743.285625	-187500.022352	0.072545	0.937585	0.284369	192.000000	0.000000	0.000000	0.000000	0.000000	0.000000	0.000000	0.000000	0.000000	0.000000	1741979728.362352	0.000000
160.000000	-11686.922513	5036.607985	-187500.022352	-252.619416	28152.424473	20390.423583	-35385.046647	19335.465948	2256.274492	52463.724013	18800.566351	45842.578512	-13847.397428	3704.578126	-42795.432245	-187500.022352	0.072545	0.937585	0.284369	192.000000	0.000000	0.000000	0.000000	0.000000	0.000000	0.000000	0.000000	0.000000	0.000000	1741979728.362532	0.000000
162.000000	-11685.693167	5025.074485	-187500.022352	-137.239711	28233.583657	20465.793665	-35388.198243	19391.635882	2312.578537	52565.290340	18896.321225	45927.559844	-13831.706504	3762.826772	-42760.049434	-187500.022352	0.072545	0.937585	0.284369	192.000000	0.000000	0.000000	0.000000	0.000000	0.000000	0.000000	0.000000	0.000000	0.000000	1741979728.362712	0.000000
164.000000	-11705.161536	5005.986095	-187500.022352	-237.688451	28169.121226	20409.690787	-35407.756020	19359.181149	2292.596077	52486.589847	18820.057073	45856.056613	-13857.299251	3694.944524	-42792.057132	-187500.022352	0.074272	0.939792	0.285184	192.000000	1.000000	48.000000	14.500000	56.000000	4.000000	120.000000	0.000000	0.000000	0.000000	1741979728.362895	0.000000
166.000000	-11699.819469	5016.334953	-187500.022352	-87.194155	28263.825567	20503.612817	-35407.085467	19430.326752	2282.940123	52580.310712	18904.166687	45938.243978	-13839.596670	3735.468237	-42731.081573	-187500.022352	0.074272	0.939792	0.285184	192.000000	0.000000	0.000000	0.000000	0.000000	0.000000	0.000000	0.000000	0.000000	0.000000	1741979728.363086	0.000000
168.000000	-11706.256772	5015.396180	-187500.022352	-271.081957	28135.951237	20368.854149	-35384.219633	19319.171526	2269.864353	52511.579098	18832.506994	45872.999236	-13852.180702	3709.182585	-42778.221402	-187500.022352	0.074272	0.939792	0.285184	192.000000	0.000000	0.000000	0.000000	0.000000	0.000000	0.000000	0.000000	0.000000	0.000000	1741979728.421574	0.000000
170.000000	-11724.316981	5008.109511	-187500.022352	-100.515795	28261.433931	20496.437907	-35404.291499	19421.833089	2281.286094	52533.863787	18845.493358	45876.016721	-13829.963068	3742.330222	-42790.894841	-187500.022352	0.074272	0.939792	0.285184	192.000000	0.000000	0.000000	0.000000	0.000000	0.000000	0.000000	0.000000	0.000000	0.000000	1741979728.421798	0.000000
172.000000	-11706.524993	5018.279555	-187500.022352	-241.510599	28161.387522	20401.465345	-35380.308077	19352.140349	2267.249199	52555.075592	18879.311547	45915.199329	-13848.000926	3716.469254	-42748.761803	-187500.022352	0.074272	0.939792	0.285184	192.000000	0.000000	0.000000	0.000000	0.000000	0.000000	0.000000	0.000000	0.000000	0.000000	1741979728.421993	0.000000
174.000000	-11689.560019	5026.169720	-187500.022352	-86.478899	28269.994649	20513.112308	-35398.949432	19440.206223	2292.909001	52540.569310	18851.014239	45883.683370	-13826.945582	3758.870513	-42772.454652	-187500.022352	0.073136	0.941896	0.284592	192.000000	1.000000	32.000000	14.500000	64.000000	4.000000	112.000000	0.000000	0.000000	0.000000	1741979728.422179	0.000000
176.000000	-11717.387941	5010.389389	-187500.022352	-239.431887	28151.910383	20394.692766	-35393.137979	19340.360980	2280.101452	52575.750956	18895.807135	45931.516103	-13842.927080	3723.644164	-42740.938692	-187500.022352	0.073136	0.941896	0.284592	192.000000	0.000000	0.000000	0.000000	0.000000	0.000000	0.000000	0.000000	0.000000	0.000000	1741979728.422360	0.000000
178.000000	-11699.215972	5012.356342	-187500.022352	-113.926841	28252.202660	20493.196904	-35405.677307	19422.660103	2286.538754	52504.605353	18807.048357	45841.125648	-13837.562661	3739.402144	-42801.780141	-187500.022352	0.073136	0.941896	0.284592	192.000000	0.000000	0.000000	0.000000	0.000000	0.000000	0.000000	0.000000	0.000000	0.000000	1741979728.422537	0.000000
180.000000	-11708.961333	5000.129938	-187500.022352	-228.546587	28160.404046	20407.187391	-35390.098141	19353.794378	2315.819540	52596.672189	18918.404748	45958.293493	-13864.384754	3730.729667	-42721.738544	-187500.022352	0.073136	0.941896	0.284592	192.000000	0.000000	0.000000	0.000000	0.000000	0.000000	0.000000	0.000000	0.000000	0.000000	1741979728.422712	0.000000
182.000000	-11693.337464	5001.739264	-187500.022352	-141.598301	28236.131756	20476.254282	-35406.303156	19404.868115	2267.025681	52472.754118	18778.192255	45818.595090	-13833.561699	3704.734588	-42817.493417	-187500.022352	0.073136	0.941896	0.284592	192.000000	0.000000	0.000000	0.000000	0.000000	0.000000	0.000000	0.000000	0.000000	0.000000	1741979728.422887	0.000000
184.000000	-11729.457883	4996.911287	-187500.022352	-241.979985	28153.027970	20390.624749	-35389.874624	19329.967419	2257.481486	52600.896669	18918.650617	45961.825068	-13847.866815	3747.627586	-42729.271082	-187500.022352	0.074568	0.941948	0.285296	192.000000	1.000000	48.000000	14.500000	56.000000	4.000000	120.000000	0.000000	0.000000	0.000000	1741979728.481130	0.000000
186.000000	-11717.320885	5006.366075	-187500.022352	-158.652682	28229.739157	20462.396200	-35397.183644	19394.765126	2270.132574	52447.764867	18750.789017	45792.264735	-13830.477158	3715.083446	-42839.532237	-187500.022352	0.074568	0.941948	0.285296	192.000000	0.000000	0.000000	0.000000	0.000000	0.000000	0.000000	0.000000	0.000000	0.000000	1741979728.481374	0.000000
188.000000	-11718.572583	4991.010426	-187500.022352	-217.415418	28172.473988	20409.959007	-35392.735647	19350.262803	2267.584475	52622.287288	18939.281278	45984.914420	-13856.651051	3720.470216	-42711.702610	-187500.022352	0.074568	0.941948	0.285296	192.000000	0.000000	0.000000	0.000000	0.000000	0.000000	0.000000	0.000000	0.000000	0.000000	1741979728.481553	0.000000
190.000000	-11697.181964	4999.593496	-187500.022352	-185.295962	28211.880113	20441.854947	-35403.062153	19376.414344	2266.288074	52440.791123	18740.060179	45785.805081	-13840.736609	3704.153443	-42841.365080	-187500.022352	0.074568	0.941948	0.285296	192.000000	0.000000	0.000000	0.000000	0.000000	0.000000	0.000000	0.000000	0.000000	0.000000	1741979728.481735	0.000000
192.000000	-11727.759150	4987.344740	-187500.022352	-191.956781	28193.216406	20432.646028	-35408.873607	19363.271518	2298.340475	52624.321297	18945.495063	45984.713255	-13851.554853	3735.222368	-42716.642346	-187500.022352	0.074568	0.941948	0.285296	192.000000	0.000000	0.000000	0.000000	0.000000	0.000000	0.000000	0.000000	0.000000	0.000000	1741979728.481906	0.000000
194.000000	-11710.928286	4997.492432	-187500.022352	-209.592308	28196.949148	20428.175679	-35399.731743	19362.332745	2291.545545	52432.453922	18743.211775	45781.468842	-13841.407161	3694.586896	-42838.816981	-187500.022352	0.077284	0.942974	0.283648	192.000000	1.000000	64.000000	14.500000	64.000000	4.000000	104.000000	0.000000	0.000000	0.000000	1741979728.482091	0.000000
196.000000	-11753.441304	4986.070691	-187500.022352	-151.924807	28220.239666	20465.771313	-35418.261339	19391.904103	2278.536830	52640.012221	18956.894452	45995.039760	-13851.353687	3729.187397	-42707.321669	-187500.022352	0.077284	0.942974	0.283648	192.000000	0.000000	0.000000	0.000000	0.000000	0.000000	0.000000	0.000000	0.000000	0.000000	1741979728.482289	0.000000
198.000000	-11741.103141	4990.429281	-187500.022352	-196.069502	28198.983157	20443.240755	-35415.042688	19373.374507	2247.646719	52452.659899	18762.702496	45810.235537	-13852.784199	3700.957143	-42809.960879	-187500.022352	0.077284	0.942974	0.283648	192.000000	0.000000	0.000000	0.000000	0.000000	0.000000	0.000000	0.000000	0.000000	0.000000	1741979728.541416	0.000000
200.000000	-11739.694982	4975.833592	-187500.022352	-148.482638	28218.384471	20467.000659	-35414.863874	19383.522199	2266.399833	52628.434018	18945.450359	45988.401292	-13853.320641	3700.912440	-42706.986392	-187500.022352	0.077284	0.942974	0.283648	192.000000	0.000000	0.000000	0.000000	0.000000	0.000000	0.000000	0.000000	0.000000	0.000000	1741979728.541603	0.000000
202.000000	-11700.177097	4994.720816	-187500.022352	-237.599044	28168.160101	20410.964836	-35405.163217	19343.177300	2262.331815	52438.354783	18750.789017	45795.483386	-13850.504321	3680.326483	-42825.048307	-187500.022352	0.077284	0.942974	0.283648	192.000000	0.000000	0.000000	0.000000	0.000000	0.000000	0.000000	0.000000	0.000000	0.000000	1741979728.541784	0.000000
204.000000	-11706.122661	4993.111490	-187500.022352	-180.311523	28200.748944	20436.155252	-35403.866816	19356.811864	2307.437635	52592.246543	18902.557361	45943.831914	-13849.789065	3715.150501	-42750.616998	-187500.022352	0.078642	0.943487	0.281824	192.000000	1.000000	64.000000	14.500000	64.000000	4.000000	96.000000	0.000000	0.000000	0.000000	1741979728.541960	0.000000
206.000000	-11733.972935	4981.600342	-187500.022352	-279.687378	28142.924981	20372.743353	-35403.732706	19315.148212	2247.557312	52425.323716	18729.085473	45771.410557	-13844.916385	3672.391614	-42862.599237	-187500.022352	0.078642	0.943487	0.281824	192.000000	0.000000	0.000000	0.000000	0.000000	0.000000	0.000000	0.000000	0.000000	0.000000	1741979728.542143	0.000000
208.000000	-11737.638621	4990.965723	-187500.022352	-120.922938	28246.704131	20489.665328	-35417.791953	19411.350120	2261.437745	52596.940410	18906.491268	45941.194408	-13850.392562	3719.039705	-42751.041681	-187500.022352	0.078642	0.943487	0.281824	192.000000	0.000000	0.000000	0.000000	0.000000	0.000000	0.000000	0.000000	0.000000	0.000000	1741979728.542323	0.000000
210.000000	-11699.931228	5012.423398	-187500.022352	-250.406593	28158.995886	20401.755917	-35393.786179	19341.590326	2258.710832	52479.973731	18794.576084	45836.632948	-13862.529559	3681.332312	-42801.020181	-187500.022352	0.078642	0.943487	0.281824	192.000000	0.000000	0.000000	0.000000	0.000000	0.000000	0.000000	0.000000	0.000000	0.000000	1741979728.542502	0.000000
212.000000	-11723.780539	4999.168813	-187500.022352	-104.025019	28258.103521	20506.049157	-35406.280804	19423.911801	2278.179202	52587.172697	18897.148239	45933.326594	-13838.836710	3730.215577	-42749.275893	-187500.022352	0.078642	0.943487	0.281824	192.000000	0.000000	0.000000	0.000000	0.000000	0.000000	0.000000	0.000000	0.000000	0.000000	1741979728.542676	0.000000
214.000000	-11716.717388	5007.416607	-187500.022352	-258.922608	28145.093101	20390.736507	-35387.840615	19333.677808	2273.083004	52498.704493	18818.000712	45860.951645	-13867.089315	3696.620905	-42780.680094	-187500.022352	0.078321	0.939744	0.282912	192.000000	1.000000	56.000000	14.500000	32.000000	4.000000	112.000000	0.000000	0.000000	0.000000	1741979728.601767	0.000000
216.000000	-11713.968124	4993.580877	-187500.022352	-103.309763	28253.767282	20505.222142	-35402.548063	19421.743682	2322.815636	52553.712136	18866.392239	45902.637649	-13841.250699	3712.200071	-42766.911419	-187500.022352	0.078321	0.939744	0.282912	192.000000	0.000000	0.000000	0.000000	0.000000	0.000000	0.000000	0.000000	0.000000	0.000000	1741979728.601975	0.000000
218.000000	-11702.747548	4999.951124	-187500.022352	-272.311303	28134.118394	20377.548978	-35376.307115	19325.474718	2241.276472	52515.133025	18832.350532	45873.088643	-13850.392562	3688.842498	-42779.808376	-187500.022352	0.078321	0.939744	0.282912	192.000000	0.000000	0.000000	0.000000	0.000000	0.000000	0.000000	0.000000	0.000000	0.000000	1741979728.602169	0.000000
220.000000	-11714.437510	4991.770386	-187500.022352	-104.404998	28258.282335	20504.193962	-35402.011621	19429.097406	2266.869219	52536.166017	18839.905422	45876.821384	-13833.986382	3742.956071	-42788.659667	-187500.022352	0.078321	0.939744	0.282912	192.000000	0.000000	0.000000	0.000000	0.000000	0.000000	0.000000	0.000000	0.000000	0.000000	1741979728.602339	0.000000
222.000000	-11719.958391	5010.769369	-187500.022352	-255.838067	28144.444900	20392.815219	-35385.113702	19338.036399	2246.216207	52547.677165	18865.833445	45909.745504	-13862.395449	3694.072806	-42753.030986	-187500.022352	0.078321	0.939744	0.282912	192.000000	0.000000	0.000000	0.000000	0.000000	0.000000	0.000000	0.000000	0.000000	0.000000	1741979728.602513	0.000000
224.000000	-11715.465691	5004.175604	-187500.022352	-118.128969	28247.374683	20490.604101	-35399.128246	19414.412309	2269.752594	52505.834699	18809.261180	45846.467715	-13842.368286	3707.550908	-42801.824844	-187500.022352	0.079161	0.940872	0.281456	192.000000	1.000000	64.000000	14.500000	56.000000	4.000000	96.000000	0.000000	0.000000	0.000000	1741979728.602692	0.000000
226.000000	-11731.402484	4985.981284	-187500.022352	-213.615622	28167.310735	20426.231077	-35397.697735	19364.880844	2264.723452	52575.102755	18890.375661	45935.762934	-13854.773504	3686.897896	-42732.690899	-187500.022352	0.079161	0.940872	0.281456	192.000000	0.000000	0.000000	0.000000	0.000000	0.000000	0.000000	0.000000	0.000000	0.000000	1741979728.602878	0.000000
228.000000	-11729.234365	5003.683866	-187500.022352	-77.717015	28272.766265	20537.743931	-35410.438229	19454.310173	2286.091719	52515.937688	18818.805375	45866.964265	-13856.583995	3707.260335	-42765.927943	-187500.022352	0.079161	0.940872	0.281456	192.000000	0.000000	0.000000	0.000000	0.000000	0.000000	0.000000	0.000000	0.000000	0.000000	1741979728.662025	0.000000
230.000000	-11708.536650	5011.305810	-187500.022352	-220.544663	28158.951182	20421.827784	-35378.497586	19355.202538	2274.848792	52602.483642	18920.617571	45973.470327	-13876.253531	3690.027140	-42698.783302	-187500.022352	0.079161	0.940872	0.281456	192.000000	0.000000	0.000000	0.000000	0.000000	0.000000	0.000000	0.000000	0.000000	0.000000	1741979728.662262	0.000000
232.000000	-11708.357836	5004.242659	-187500.022352	-121.682897	28243.172555	20501.936436	-35399.776447	19420.044949	2268.389138	52485.718129	18782.260273	45833.816628	-13839.306097	3690.787100	-42794.158196	-187500.022352	0.079161	0.940872	0.281456	192.000000	0.000000	0.000000	0.000000	0.000000	0.000000	0.000000	0.000000	0.000000	0.000000	1741979728.662446	0.000000
234.000000	-11740.164368	4998.878240	-187500.022352	-205.345476	28168.674191	20430.790833	-35383.951412	19362.288041	2270.266684	52622.846082	18930.832318	45985.406159	-13861.680193	3667.094251	-42696.570479	-187500.022352	0.074580	0.945436	0.280728	192.000000	1.000000	24.000000	14.500000	88.000000	4.000000	96.000000	0.000000	0.000000	0.000000	1741979728.662629	0.000000
236.000000	-11709.095443	5018.659534	-187500.022352	-157.378633	28216.171648	20470.509883	-35391.841578	19392.932283	2295.367693	52464.729841	18751.481921	45805.832244	-13848.671478	3659.137030	-42813.470103	-187500.022352	0.074580	0.945436	0.280728	192.000000	0.000000	0.000000	0.000000	0.000000	0.000000	0.000000	0.000000	0.000000	0.000000	1741979728.662806	0.000000
238.000000	-11714.839842	5006.030799	-187500.022352	-196.851813	28173.345706	20432.400159	-35377.916441	19362.288041	2274.133536	52627.428189	18930.161766	45983.618019	-13864.585920	3681.511126	-42701.644325	-187500.022352	0.074580	0.945436	0.280728	192.000000	0.000000	0.000000	0.000000	0.000000	0.000000	0.000000	0.000000	0.000000	0.000000	1741979728.662986	0.000000
240.000000	-11682.630978	5034.462218	-187500.022352	-187.262915	28199.988985	20443.732493	-35373.826071	19373.910949	2257.973225	52441.908710	18732.125310	45781.647656	-13832.689981	3682.896934	-42832.446734	-187500.022352	0.074580	0.945436	0.280728	192.000000	0.000000	0.000000	0.000000	0.000000	0.000000	0.000000	0.000000	0.000000	0.000000	1741979728.663169	0.000000
242.000000	-11708.179022	5040.430133	-187500.022352	-180.803261	28195.406877	20443.531328	-35374.854252	19373.329803	2277.195725	52636.480646	18937.470786	45982.433377	-13844.581109	3708.154405	-42709.623898	-187500.022352	0.074580	0.945436	0.280728	192.000000	0.000000	0.000000	0.000000	0.000000	0.000000	0.000000	0.000000	0.000000	0.000000	1741979728.663344	0.000000
244.000000	-11704.938019	5024.850968	-187500.022352	-172.220191	28214.830543	20462.507959	-35390.478121	19393.736946	2279.274437	52463.746365	18752.599508	45802.255965	-13860.048516	3648.363489	-42809.379734	-187500.022352	0.073290	0.945718	0.279364	192.000000	1.000000	32.000000	14.500000	72.000000	4.000000	88.000000	0.000000	0.000000	0.000000	1741979728.722424	0.000000
246.000000	-11742.533653	5013.540985	-187500.022352	-142.715888	28219.837334	20475.203750	-35381.716237	19395.770955	2309.695162	52655.814905	18952.535862	46001.141787	-13855.377001	3669.776460	-42686.154567	-187500.022352	0.073290	0.945718	0.279364	192.000000	0.000000	0.000000	0.000000	0.000000	0.000000	0.000000	0.000000	0.000000	0.000000	1741979728.722658	0.000000
248.000000	-11750.043839	5032.092933	-187500.022352	-212.788607	28186.868511	20427.572182	-35372.172042	19357.102437	2275.117013	52462.002928	18744.865804	45801.853633	-13860.160275	3656.946559	-42806.518710	-187500.022352	0.073290	0.945718	0.279364	192.000000	0.000000	0.000000	0.000000	0.000000	0.000000	0.000000	0.000000	0.000000	0.000000	1741979728.722843	0.000000
250.000000	-11790.522848	4998.699426	-187500.022352	-128.522531	28233.516602	20481.596348	-35391.908633	19399.369585	2265.014024	52636.659460	18930.117062	45984.266220	-13848.291498	3676.258466	-42700.616145	-187500.022352	0.073290	0.945718	0.279364	192.000000	0.000000	0.000000	0.000000	0.000000	0.000000	0.000000	0.000000	0.000000	0.000000	1741979728.723022	0.000000
252.000000	-11782.431517	5012.378694	-187500.022352	-218.756523	28182.800494	20421.492508	-35382.722066	19354.286117	2245.411544	52451.095277	18737.445025	45795.952773	-13847.509187	3607.996238	-42816.062905	-187500.022352	0.073290	0.945718	0.279364	192.000000	0.000000	0.000000	0.000000	0.000000	0.000000	0.000000	0.000000	0.000000	0.000000	1741979728.723200	0.000000
254.000000	-11762.560816	4994.586706	-187500.022352	-110.194100	28247.575849	20492.436945	-35396.021354	19407.393862	2267.338606	52633.798436	18928.105405	45985.540269	-13849.230271	3665.596684	-42697.844529	-187500.022352	0.073645	0.943859	0.283682	192.000000	1.000000	40.000000	14.500000	56.000000	4.500000	0.000000	0.000000	0.000000	0.000000	1741979728.723386	0.000000
0.000000	-11762.940796	5022.325220	-187500.022352	-246.338576	28161.543985	20394.983339	-35375.435397	19325.921753	2255.000443	52463.880475	18753.203005	45818.304517	-13842.636507	3636.852340	-42800.483739	-187500.022352	0.073645	0.943859	0.283682	192.000000	0.000000	0.000000	0.000000	0.000000	0.000000	0.000000	0.000000	0.000000	0.000000	1741979728.723572	0.000000
2.000000	-11759.856255	5005.002618	-187500.022352	-125.169769	28239.171593	20474.980232	-35395.082580	19390.406536	2286.426996	52598.281514	18886.464105	45942.401402	-13833.584050	3663.607378	-42732.847361	-187500.022352	0.073645	0.943859	0.283682	192.000000	0.000000	0.000000	0.000000	0.000000	0.000000	0.000000	0.000000	0.000000	0.000000	1741979728.781727	0.000000
4.000000	-11737.862138	5012.266935	-187500.022352	-263.460012	28146.836537	20376.654908	-35382.878528	19318.545677	2267.271551	52476.889190	18764.848264	45826.686421	-13846.950394	3614.299430	-42794.940507	-187500.022352	0.073645	0.943859	0.283682	192.000000	0.000000	0.000000	0.000000	0.000000	0.000000	0.000000	0.000000	0.000000	0.000000	1741979728.781922	0.000000
6.000000	-11756.190569	4995.301961	-187500.022352	-121.794656	28242.189079	20474.846122	-35406.772543	19394.966292	2285.041187	52570.073613	18856.736285	45911.913623	-13852.828902	3631.398515	-42752.271027	-187500.022352	0.073645	0.943859	0.283682	192.000000	0.000000	0.000000	0.000000	0.000000	0.000000	0.000000	0.000000	0.000000	0.000000	1741979728.782105	0.000000
8.000000	-11796.379005	4981.108604	-187500.022352	-254.049927	28150.211650	20392.122315	-35397.787142	19332.224945	2243.042260	52497.989237	18794.151401	45855.676634	-13864.585920	3610.499634	-42769.034835	-187500.022352	0.071823	0.941929	0.284841	192.000000	1.000000	24.000000	14.500000	48.000000	4.000000	120.000000	0.000000	0.000000	0.000000	1741979728.782280	0.000000
10.000000	-11792.422747	4976.928827	-187500.022352	-98.079455	28257.522375	20508.463145	-35414.416839	19419.597914	2245.076268	52559.478886	18859.217329	45915.132274	-13851.800722	3603.660000	-42727.214721	-187500.022352	0.071823	0.941929	0.284841	192.000000	0.000000	0.000000	0.000000	0.000000	0.000000	0.000000	0.000000	0.000000	0.000000	1741979728.782460	0.000000
12.000000	-11789.628779	4993.133842	-187500.022352	-253.759355	28142.545002	20394.402193	-35392.400371	19333.834271	2232.380477	52515.088322	18823.856869	45884.532736	-13861.702545	3592.305314	-42739.172904	-187500.022352	0.071823	0.941929	0.284841	192.000000	0.000000	0.000000	0.000000	0.000000	0.000000	0.000000	0.000000	0.000000	0.000000	1741979728.782632	0.000000
14.000000	-11761.376174	5010.389389	-187500.022352	-115.491464	28246.167689	20497.779011	-35405.297328	19411.014844	2305.560089	52536.322479	18827.321390	45882.252858	-13852.985365	3634.326593	-42748.605341	-187500.022352	0.071823	0.941929	0.284841	192.000000	0.000000	0.000000	0.000000	0.000000	0.000000	0.000000	0.000000	0.000000	0.000000	1741979728.782821	0.000000
16.000000	-11786.365424	4979.208705	-187500.022352	-256.866247	28146.881240	20404.102850	-35396.758961	19334.974210	2235.174446	52542.983299	18847.415608	45904.291678	-13860.808475	3592.238258	-42728.533474	-187500.022352	0.071823	0.941929	0.284841	192.000000	0.000000	0.000000	0.000000	0.000000	0.000000	0.000000	0.000000	0.000000	0.000000	1741979728.782992	0.000000
18.000000	-11772.060308	4986.718891	-187500.022352	-87.752949	28269.100579	20528.490308	-35408.672441	19435.333542	2227.641908	52529.594604	18827.924887	45881.470547	-13848.984402	3608.957363	-42736.691861	-187500.022352	0.071911	0.937965	0.286421	192.000000	1.000000	32.000000	14.500000	24.000000	4.500000	0.000000	0.000000	0.000000	0.000000	1741979728.841518	0.000000
20.000000	-11767.724069	5009.763540	-187500.022352	-271.327826	28130.229191	20377.683089	-35373.513147	19312.197782	2239.264815	52568.866619	18879.624472	45935.047678	-13856.271071	3588.103186	-42707.388724	-187500.022352	0.071911	0.937965	0.286421	192.000000	0.000000	0.000000	0.000000	0.000000	0.000000	0.000000	0.000000	0.000000	0.000000	1741979728.841746	0.000000
22.000000	-11758.157522	5006.299020	-187500.022352	-124.253347	28253.968448	20495.700299	-35389.584051	19419.754376	2274.066481	52478.856144	18773.811313	45825.680593	-13841.295402	3589.868973	-42791.073655	-187500.022352	0.071911	0.937965	0.286421	192.000000	0.000000	0.000000	0.000000	0.000000	0.000000	0.000000	0.000000	0.000000	0.000000	1741979728.841924	0.000000
24.000000	-11760.750325	4998.677075	-187500.022352	-218.130674	28175.558528	20424.912325	-35387.035952	19363.696201	2239.175408	52598.482680	18914.448489	45969.536420	-13855.153484	3587.745558	-42689.842604	-187500.022352	0.071911	0.937965	0.286421	192.000000	0.000000	0.000000	0.000000	0.000000	0.000000	0.000000	0.000000	0.000000	0.000000	1741979728.842103	0.000000
26.000000	-11761.800857	5015.798511	-187500.022352	-104.717923	28265.390189	20518.186154	-35399.508226	19436.495833	2268.500897	52500.559688	18802.667415	45859.051747	-13854.952318	3597.021532	-42746.124297	-187500.022352	0.071911	0.937965	0.286421	192.000000	0.000000	0.000000	0.000000	0.000000	0.000000	0.000000	0.000000	0.000000	0.000000	1741979728.842283	0.000000
28.000000	-11771.322700	4997.470081	-187500.022352	-219.404724	28169.277688	20417.268028	-35372.574374	19345.658344	2230.614690	52623.136654	18938.364856	45997.386694	-13850.236100	3586.650322	-42665.278037	-187500.022352	0.070956	0.938982	0.283210	192.000000	1.000000	24.000000	14.500000	48.000000	4.000000	96.000000	0.000000	0.000000	0.000000	1741979728.842468	0.000000
30.000000	-11768.282863	5005.159081	-187500.022352	-142.849999	28241.607933	20482.222197	-35389.874624	19406.857420	2266.690405	52460.438306	18758.165092	45817.008116	-13826.945582	3574.021587	-42786.066864	-187500.022352	0.070956	0.938982	0.283210	192.000000	0.000000	0.000000	0.000000	0.000000	0.000000	0.000000	0.000000	0.000000	0.000000	1741979728.842661	0.000000
32.000000	-11747.808665	5004.779101	-187500.022352	-201.903308	28186.801456	20431.573144	-35379.861042	19363.003297	2234.705059	52634.826617	18953.631098	46012.854101	-13843.508225	3595.971000	-42656.046767	-187500.022352	0.070956	0.938982	0.283210	192.000000	0.000000	0.000000	0.000000	0.000000	0.000000	0.000000	0.000000	0.000000	0.000000	1741979728.901803	0.000000
34.000000	-11762.516113	5008.511842	-187500.022352	-179.886839	28215.054061	20454.662496	-35391.327487	19386.204408	2254.709870	52449.977690	18752.465397	45814.482369	-13836.534481	3569.484183	-42783.965800	-187500.022352	0.070956	0.938982	0.283210	192.000000	0.000000	0.000000	0.000000	0.000000	0.000000	0.000000	0.000000	0.000000	0.000000	1741979728.902015	0.000000
36.000000	-11775.994215	4991.345703	-187500.022352	-190.906249	28192.881130	20437.205784	-35399.262357	19365.551396	2257.660300	52625.461236	18944.891565	46001.745284	-13842.122417	3550.708717	-42674.665770	-187500.022352	0.070956	0.938982	0.283210	192.000000	0.000000	0.000000	0.000000	0.000000	0.000000	0.000000	0.000000	0.000000	0.000000	1741979728.902198	0.000000
38.000000	-11768.394621	4995.056092	-187500.022352	-190.973305	28210.516657	20452.762598	-35400.849331	19384.773896	2274.401757	52443.294518	18751.347810	45810.257889	-13860.026164	3540.941005	-42784.435187	-187500.022352	0.073478	0.941491	0.281605	192.000000	1.000000	48.000000	14.500000	64.000000	4.000000	96.000000	0.000000	0.000000	0.000000	1741979728.902388	0.000000
40.000000	-11776.553008	4995.078444	-187500.022352	-166.788717	28211.991872	20457.724685	-35401.497531	19384.103344	2236.448495	52645.935434	18962.057705	46017.637374	-13856.181664	3569.126555	-42649.073022	-187500.022352	0.073478	0.941491	0.281605	192.000000	0.000000	0.000000	0.000000	0.000000	0.000000	0.000000	0.000000	0.000000	0.000000	1741979728.902585	0.000000
42.000000	-11761.510284	4996.508956	-187500.022352	-230.111209	28184.901558	20421.336045	-35386.968897	19361.215158	2230.435876	52443.696850	18750.051409	45810.079075	-13844.983440	3521.383228	-42778.735492	-187500.022352	0.073478	0.941491	0.281605	192.000000	0.000000	0.000000	0.000000	0.000000	0.000000	0.000000	0.000000	0.000000	0.000000	1741979728.902785	0.000000
44.000000	-11772.037956	4981.354473	-187500.022352	-133.819894	28241.205602	20487.430154	-35403.643299	19411.439527	2264.812859	52637.464122	18956.268603	46009.389580	-13853.186530	3536.493008	-42653.543371	-187500.022352	0.073478	0.941491	0.281605	192.000000	0.000000	0.000000	0.000000	0.000000	0.000000	0.000000	0.000000	0.000000	0.000000	1741979728.902951	0.000000
46.000000	-11767.835828	5008.265973	-187500.022352	-224.702087	28189.349555	20425.627580	-35387.103008	19364.322050	2247.736126	52463.858123	18775.487694	45838.108163	-13862.373097	3507.435740	-42753.478021	-187500.022352	0.073478	0.941491	0.281605	192.000000	0.000000	0.000000	0.000000	0.000000	0.000000	0.000000	0.000000	0.000000	0.000000	1741979728.903125	0.000000
48.000000	-11780.442212	4993.379711	-187500.022352	-147.588569	28238.881020	20473.706183	-35387.460636	19398.408460	2237.610786	52625.014201	18939.996533	45998.124301	-13848.023277	3531.508569	-42660.785337	-187500.022352	0.072000	0.948000	0.274000	192.000000	1.000000	32.000000	14.500000	80.000000	4.000000	72.000000	0.000000	0.000000	0.000000	1741979728.962112	0.000000
50.000000	-11740.589051	5009.472967	-187500.022352	-260.666044	28168.361267	20398.716080	-35376.664743	19345.256012	2261.482449	52460.505362	18769.340964	45829.189817	-13856.092257	3480.613647	-42762.999864	-187500.022352	0.072000	0.948000	0.274000	192.000000	0.000000	0.000000	0.000000	0.000000	0.000000	0.000000	0.000000	0.000000	0.000000	1741979728.962348	0.000000
52.000000	-11789.047633	4989.758729	-187500.022352	-125.125065	28249.587506	20488.100706	-35395.484912	19409.450222	2253.815800	52605.881108	18908.279408	45959.344025	-13839.395504	3528.446380	-42683.494709	-187500.022352	0.072000	0.948000	0.274000	192.000000	0.000000	0.000000	0.000000	0.000000	0.000000	0.000000	0.000000	0.000000	0.000000	1741979728.962531	0.000000
54.000000	-11769.847485	5003.639162	-187500.022352	-241.868227	28173.144540	20414.697577	-35386.857138	19353.414399	2250.932425	52501.811385	18809.127070	45860.973997	-13859.981461	3459.133620	-42726.231244	-187500.022352	0.072000	0.948000	0.274000	192.000000	0.000000	0.000000	0.000000	0.000000	0.000000	0.000000	0.000000	0.000000	0.000000	1741979728.962711	0.000000
56.000000	-11781.939779	5008.422435	-187500.022352	-99.174690	28267.670067	20516.174497	-35396.267223	19427.242211	2232.045201	52613.681866	18921.310475	45967.524763	-13849.654955	3488.146184	-42658.371348	-187500.022352	0.072000	0.948000	0.274000	192.000000	0.000000	0.000000	0.000000	0.000000	0.000000	0.000000	0.000000	0.000000	0.000000	1741979728.962891	0.000000
58.000000	-11774.049613	5011.462273	-187500.022352	-282.794271	28142.835574	20376.297280	-35372.328505	19316.601076	2243.511646	52510.461510	18819.878259	45867.165430	-13842.189472	3432.535044	-42727.281776	-187500.022352	0.068000	0.946000	0.276000	192.000000	1.000000	16.000000	14.500000	72.000000	4.000000	80.000000	0.000000	0.000000	0.000000	1741979728.963068	0.000000
60.000000	-11770.853313	5001.269877	-187500.022352	-120.654717	28257.656486	20492.682814	-35398.100066	19407.952655	2273.060652	52565.580912	18869.387373	45908.739675	-13833.829920	3470.957693	-42713.803674	-187500.022352	0.068000	0.946000	0.276000	192.000000	0.000000	0.000000	0.000000	0.000000	0.000000	0.000000	0.000000	0.000000	0.000000	1741979728.963256	0.000000
62.000000	-11763.678403	5002.923906	-187500.022352	-251.524180	28162.326296	20401.331234	-35386.611269	19340.986829	2226.725486	52540.345793	18858.479721	45903.352905	-13854.527635	3435.910158	-42707.276965	-187500.022352	0.068000	0.946000	0.276000	192.000000	0.000000	0.000000	0.000000	0.000000	0.000000	0.000000	0.000000	0.000000	0.000000	1741979729.022413	0.000000
64.000000	-11763.320775	5014.524462	-187500.022352	-99.375856	28268.430027	20511.771203	-35401.743400	19427.063397	2242.394059	52558.875389	18871.019050	45911.354829	-13844.804626	3456.585521	-42703.946555	-187500.022352	0.068000	0.946000	0.276000	192.000000	0.000000	0.000000	0.000000	0.000000	0.000000	0.000000	0.000000	0.000000	0.000000	1741979729.022638	0.000000
66.000000	-11769.914540	5011.596383	-187500.022352	-258.967311	28150.949258	20392.435240	-35377.067074	19335.063617	2251.871199	52572.577008	18889.436887	45932.700745	-13857.031030	3421.448579	-42686.802767	-187500.022352	0.068000	0.946000	0.276000	192.000000	0.000000	0.000000	0.000000	0.000000	0.000000	0.000000	0.000000	0.000000	0.000000	1741979729.022824	0.000000
68.000000	-11775.971863	4988.305865	-187500.022352	-85.830699	28279.874120	20524.869326	-35412.651052	19447.358781	2254.329891	52538.982336	18840.106587	45881.403492	-13834.254603	3428.154102	-42723.191407	-187500.022352	0.070000	0.948000	0.272000	192.000000	1.000000	24.000000	14.500000	80.000000	4.000000	64.000000	0.000000	0.000000	0.000000	1741979729.023004	0.000000
70.000000	-11771.747383	4995.458424	-187500.022352	-224.165645	28170.998773	20417.826822	-35393.361496	19360.052867	2252.474696	52616.118207	18937.001400	45987.462519	-13864.094182	3407.210518	-42634.902017	-187500.022352	0.070000	0.948000	0.272000	192.000000	0.000000	0.000000	0.000000	0.000000	0.000000	0.000000	0.000000	0.000000	0.000000	1741979729.023213	0.000000
72.000000	-11749.485046	5030.774180	-187500.022352	-155.948121	28231.840221	20461.770351	-35388.891147	19392.529952	2236.001460	52505.007685	18803.986168	45851.318044	-13829.806606	3424.264899	-42738.211779	-187500.022352	0.070000	0.948000	0.272000	192.000000	0.000000	0.000000	0.000000	0.000000	0.000000	0.000000	0.000000	0.000000	0.000000	1741979729.023399	0.000000
74.000000	-11778.139982	4994.184374	-187500.022352	-265.471669	28146.344798	20370.284661	-35380.889223	19321.339646	2242.841094	52590.145479	18900.210428	45943.250769	-13845.229309	3420.889785	-42691.004895	-187500.022352	0.070000	0.948000	0.272000	192.000000	0.000000	0.000000	0.000000	0.000000	0.000000	0.000000	0.000000	0.000000	0.000000	1741979729.023578	0.000000
76.000000	-11769.601616	4985.355435	-187500.022352	-162.720700	28234.120099	20455.221290	-35405.185569	19395.815658	2246.395021	52476.352748	18772.917244	45814.594127	-13829.292515	3393.978285	-42767.313751	-187500.022352	0.070000	0.948000	0.272000	192.000000	0.000000	0.000000	0.000000	0.000000	0.000000	0.000000	0.000000	0.000000	0.000000	1741979729.023753	0.000000
78.000000	-11770.629796	4997.425377	-187500.022352	-248.059660	28160.202880	20384.053336	-35386.164234	19337.097625	2249.077231	52623.941317	18936.040275	45980.444071	-13849.677306	3409.557451	-42660.070081	-187500.022352	0.074000	0.948000	0.278000	192.000000	1.000000	40.000000	14.500000	80.000000	4.000000	88.000000	0.000000	0.000000	0.000000	1741979729.083998	0.000000
80.000000	-11778.721127	4995.212554	-187500.022352	-190.459215	28220.083203	20434.769444	-35394.613194	19383.857475	2256.967396	52449.262434	18746.944517	45789.850746	-13825.135091	3415.815939	-42790.626620	-187500.022352	0.074000	0.948000	0.278000	192.000000	0.000000	0.000000	0.000000	0.000000	0.000000	0.000000	0.000000	0.000000	0.000000	1741979729.084303	0.000000
82.000000	-11757.844598	4996.821880	-187500.022352	-227.808979	28174.887976	20397.822010	-35387.415932	19351.335687	2259.828420	52630.490378	18947.529071	45991.038798	-13858.327431	3392.212497	-42659.153659	-187500.022352	0.074000	0.948000	0.278000	192.000000	0.000000	0.000000	0.000000	0.000000	0.000000	0.000000	0.000000	0.000000	0.000000	1741979729.084606	0.000000
84.000000	-11754.871816	5015.597345	-187500.022352	-231.653480	28185.437999	20394.424545	-35386.678325	19349.882823	2245.746821	52438.645356	18735.947458	45782.877002	-13844.625812	3389.731454	-42794.247603	-187500.022352	0.074000	0.948000	0.278000	192.000000	0.000000	0.000000	0.000000	0.000000	0.000000	0.000000	0.000000	0.000000	0.000000	1741979729.084909	0.000000
86.000000	-11782.967959	4988.417624	-187500.022352	-228.971270	28176.921985	20384.209798	-35384.309040	19338.125806	2239.220111	52622.868433	18928.507737	45970.519897	-13845.430475	3418.073466	-42684.120558	-187500.022352	0.074000	0.948000	0.278000	192.000000	0.000000	0.000000	0.000000	0.000000	0.000000	0.000000	0.000000	0.000000	0.000000	1741979729.085210	0.000000
88.000000	-11767.612310	4999.928772	-187500.022352	-264.354082	28168.003639	20359.756989	-35378.899917	19325.005332	2242.863446	52431.850425	18724.145737	45767.409595	-13839.663725	3379.002616	-42812.710144	-187500.022352	0.076000	0.948000	0.278000	192.000000	1.000000	48.000000	14.500000	80.000000	4.000000	88.000000	0.000000	0.000000	0.000000	1741979729.085508	0.000000
90.000000	-11759.140999	4997.000694	-187500.022352	-201.053941	28199.743116	20401.957083	-35401.072848	19357.840044	2236.359088	52618.554547	18919.991722	45955.365414	-13845.385771	3411.010314	-42703.454817	-187500.022352	0.076000	0.948000	0.278000	192.000000	0.000000	0.000000	0.000000	0.000000	0.000000	0.000000	0.000000	0.000000	0.000000	1741979729.085818	0.000000
92.000000	-11765.332432	4983.053205	-187500.022352	-242.002337	28182.085238	20384.098039	-35392.355668	19348.139387	2242.192893	52454.649205	18749.582022	45795.013999	-13860.763772	3371.939465	-42781.507108	-187500.022352	0.076000	0.948000	0.278000	192.000000	0.000000	0.000000	0.000000	0.000000	0.000000	0.000000	0.000000	0.000000	0.000000	1741979729.142921	0.000000
94.000000	-11776.642415	4985.087214	-187500.022352	-169.113299	28219.770279	20427.482775	-35399.821150	19374.536797	2258.688481	52633.194939	18933.492176	45978.968856	-13863.088353	3370.531305	-42672.810575	-187500.022352	0.076000	0.948000	0.278000	192.000000	0.000000	0.000000	0.000000	0.000000	0.000000	0.000000	0.000000	0.000000	0.000000	1741979729.143147	0.000000
96.000000	-11784.309063	4979.767499	-187500.022352	-278.502736	28158.772368	20352.313859	-35377.849385	19315.863468	2216.600146	52449.910635	18749.000877	45796.936249	-13850.593728	3353.007537	-42780.434225	-187500.022352	0.076000	0.948000	0.278000	192.000000	0.000000	0.000000	0.000000	0.000000	0.000000	0.000000	0.000000	0.000000	0.000000	1741979729.143328	0.000000
98.000000	-11781.805668	4972.704348	-187500.022352	-168.800374	28221.938398	20422.721854	-35390.880452	19370.312318	2257.548542	52609.189166	18911.140431	45950.492734	-13843.932908	3404.684771	-42694.581174	-187500.022352	0.074000	0.948000	0.280000	192.000000	1.000000	40.000000	14.500000	80.000000	4.000000	96.000000	0.000000	0.000000	0.000000	1741979729.143497	0.000000
100.000000	-11765.712412	4980.393348	-187500.022352	-282.637809	28152.580935	20347.999972	-35384.465502	19315.684654	2209.849919	52459.678347	18760.310860	45804.066456	-13848.492664	3356.628520	-42780.680094	-187500.022352	0.074000	0.948000	0.280000	192.000000	0.000000	0.000000	0.000000	0.000000	0.000000	0.000000	0.000000	0.000000	0.000000	1741979729.143688	0.000000
102.000000	-11748.322755	4978.359339	-187500.022352	-137.709098	28248.849898	20450.974459	-35400.849331	19396.262693	2267.003330	52605.456424	18901.685643	45943.541341	-13847.732705	3411.949088	-42698.179805	-187500.022352	0.074000	0.948000	0.280000	192.000000	0.000000	0.000000	0.000000	0.000000	0.000000	0.000000	0.000000	0.000000	0.000000	1741979729.143863	0.000000
104.000000	-11789.539372	4975.833592	-187500.022352	-253.938169	28169.970592	20376.476094	-35386.655973	19343.110245	2212.330963	52510.685028	18811.183430	45865.421994	-13854.818208	3378.153250	-42725.940672	-187500.022352	0.074000	0.948000	0.280000	192.000000	0.000000	0.000000	0.000000	0.000000	0.000000	0.000000	0.000000	0.000000	0.000000	1741979729.144047	0.000000
106.000000	-11767.187627	4988.618790	-187500.022352	-108.830644	28262.618573	20468.207654	-35395.194339	19411.014844	2256.140382	52600.963724	18895.203638	45946.044737	-13845.475178	3396.660494	-42680.410168	-187500.022352	0.074000	0.948000	0.280000	192.000000	0.000000	0.000000	0.000000	0.000000	0.000000	0.000000	0.000000	0.000000	0.000000	1741979729.144228	0.000000
108.000000	-11746.847540	4992.329179	-187500.022352	-275.932285	28143.819051	20346.770626	-35385.985420	19315.371730	2247.132629	52517.725827	18812.591590	45867.701872	-13839.730780	3367.267950	-42726.186541	-187500.022352	0.074000	0.942000	0.280000	192.000000	1.000000	40.000000	14.500000	56.000000	4.000000	96.000000	0.000000	0.000000	0.000000	1741979729.201821	0.000000
110.000000	-11778.274092	4977.554676	-187500.022352	-132.590548	28249.609858	20451.086217	-35401.698697	19395.055699	2269.238504	52569.224247	18858.323259	45906.146873	-13832.622925	3396.727550	-42708.238090	-187500.022352	0.074000	0.942000	0.280000	192.000000	0.000000	0.000000	0.000000	0.000000	0.000000	0.000000	0.000000	0.000000	0.000000	1741979729.202054	0.000000
112.000000	-11772.552046	4983.366130	-187500.022352	-293.210184	28139.236944	20332.644323	-35379.503415	19304.866410	2240.963547	52532.075647	18831.769387	45877.782509	-13853.387696	3342.703383	-42725.091305	-187500.022352	0.074000	0.942000	0.280000	192.000000	0.000000	0.000000	0.000000	0.000000	0.000000	0.000000	0.000000	0.000000	0.000000	1741979729.202236	0.000000
114.000000	-11743.427723	4986.584781	-187500.022352	-145.867484	28247.218221	20440.513842	-35398.770618	19391.546475	2226.680783	52541.910415	18829.422454	45868.283018	-13855.220539	3395.185279	-42734.903721	-187500.022352	0.074000	0.942000	0.280000	192.000000	0.000000	0.000000	0.000000	0.000000	0.000000	0.000000	0.000000	0.000000	0.000000	1741979729.202408	0.000000
116.000000	-11757.375211	4988.082348	-187500.022352	-275.418195	28150.412816	20350.793940	-35379.749284	19321.585515	2216.086056	52562.786944	18858.859701	45901.676524	-13857.232196	3361.210628	-42706.606413	-187500.022352	0.074000	0.942000	0.280000	192.000000	0.000000	0.000000	0.000000	0.000000	0.000000	0.000000	0.000000	0.000000	0.000000	1741979729.202614	0.000000
118.000000	-11734.911708	5001.113415	-187500.022352	-137.686746	28257.812948	20457.903499	-35398.301232	19407.371510	2254.843981	52535.718982	18814.446785	45860.616369	-13852.672440	3395.922887	-42728.421715	-187500.022352	0.074000	0.944000	0.276000	192.000000	1.000000	40.000000	14.500000	64.000000	4.000000	80.000000	0.000000	0.000000	0.000000	1741979729.202801	0.000000
120.000000	-11760.146828	4984.416662	-187500.022352	-281.274352	28152.379769	20348.424655	-35378.408179	19323.351303	2225.138512	52594.168793	18887.268768	45935.248844	-13867.290481	3374.085233	-42680.231354	-187500.022352	0.074000	0.944000	0.276000	192.000000	0.000000	0.000000	0.000000	0.000000	0.000000	0.000000	0.000000	0.000000	0.000000	1741979729.202985	0.000000
122.000000	-11758.604557	4983.544944	-187500.022352	-149.063784	28256.270678	20454.662496	-35397.764790	19411.484231	2257.727356	52503.532470	18779.220436	45827.178160	-13834.232251	3383.361206	-42751.466364	-187500.022352	0.074000	0.944000	0.276000	192.000000	0.000000	0.000000	0.000000	0.000000	0.000000	0.000000	0.000000	0.000000	0.000000	1741979729.262218	0.000000
124.000000	-11742.690115	5005.784929	-187500.022352	-249.847800	28167.310735	20370.463475	-35381.202147	19338.036399	2278.402719	52628.344611	18917.533030	45966.876562	-13859.154446	3393.263029	-42651.710528	-187500.022352	0.074000	0.944000	0.276000	192.000000	0.000000	0.000000	0.000000	0.000000	0.000000	0.000000	0.000000	0.000000	0.000000	1741979729.262467	0.000000
126.000000	-11727.580336	4989.021121	-187500.022352	-154.070575	28249.140471	20451.600307	-35396.803665	19407.036234	2227.597204	52496.156394	18769.408020	45819.556215	-13834.455768	3371.313616	-42747.241884	-187500.022352	0.074000	0.944000	0.276000	192.000000	0.000000	0.000000	0.000000	0.000000	0.000000	0.000000	0.000000	0.000000	0.000000	1741979729.262653	0.000000
128.000000	-11730.508415	5006.187261	-187500.022352	-214.777912	28187.315546	20400.146592	-35393.585014	19365.618451	2222.568062	52657.848913	18953.072304	46006.059170	-13866.396411	3355.756802	-42617.601766	-187500.022352	0.072000	0.932000	0.280000	192.000000	1.000000	32.000000	14.500000	16.000000	4.000000	96.000000	0.000000	0.000000	0.000000	1741979729.262834	0.000000
130.000000	-11718.997266	5013.988020	-187500.022352	-186.435901	28218.630340	20423.727682	-35393.003868	19383.701013	2252.161771	52479.951379	18761.830778	45814.236500	-13835.685114	3377.058015	-42742.302149	-187500.022352	0.072000	0.932000	0.280000	192.000000	0.000000	0.000000	0.000000	0.000000	0.000000	0.000000	0.000000	0.000000	0.000000	1741979729.263032	0.000000
132.000000	-11741.483121	4980.639217	-187500.022352	-221.014049	28181.414685	20394.178676	-35396.669554	19357.817692	2246.909111	52647.634166	18942.589336	45989.116548	-13838.613193	3394.291209	-42638.500647	-187500.022352	0.072000	0.932000	0.280000	192.000000	0.000000	0.000000	0.000000	0.000000	0.000000	0.000000	0.000000	0.000000	0.000000	1741979729.263214	0.000000
134.000000	-11716.180946	5004.913211	-187500.022352	-219.449427	28197.127962	20400.347757	-35399.374115	19364.746733	2253.547579	52463.522847	18743.725865	45792.801177	-13841.273050	3365.636273	-42757.501335	-187500.022352	0.072000	0.932000	0.280000	192.000000	0.000000	0.000000	0.000000	0.000000	0.000000	0.000000	0.000000	0.000000	0.000000	1741979729.263387	0.000000
136.000000	-11731.424836	4994.296133	-187500.022352	-203.378523	28193.037593	20409.288455	-35410.617043	19365.663155	2281.286094	52663.034518	18954.078132	45999.219537	-13868.810400	3384.434090	-42625.983670	-187500.022352	0.072000	0.932000	0.280000	192.000000	0.000000	0.000000	0.000000	0.000000	0.000000	0.000000	0.000000	0.000000	0.000000	1741979729.263553	0.000000
138.000000	-11739.873795	4991.815089	-187500.022352	-224.433866	28195.652747	20406.650949	-35405.006755	19365.730210	2234.414486	52462.651129	18739.970772	45784.575735	-13834.165196	3359.467192	-42761.904629	-187500.022352	0.080000	0.934000	0.274000	192.000000	1.000000	64.000000	14.500000	24.000000	4.000000	72.000000	0.000000	0.000000	0.000000	1741979729.322500	0.000000
140.000000	-11732.140092	4984.081386	-187500.022352	-167.191049	28221.245494	20443.844252	-35405.319679	19392.932283	2244.405716	52678.144297	18968.696173	46013.926985	-13864.496513	3387.943314	-42606.112970	-187500.022352	0.080000	0.934000	0.274000	192.000000	0.000000	0.000000	0.000000	0.000000	0.000000	0.000000	0.000000	0.000000	0.000000	1741979729.322745	0.000000
142.000000	-11706.100310	4984.751938	-187500.022352	-227.317241	28190.265976	20407.701481	-35403.732706	19370.424076	2255.022795	52484.734653	18758.276851	45812.202491	-13851.890129	3386.736320	-42730.612186	-187500.022352	0.080000	0.934000	0.274000	192.000000	0.000000	0.000000	0.000000	0.000000	0.000000	0.000000	0.000000	0.000000	0.000000	1741979729.322913	0.000000
144.000000	-11755.765886	4987.680016	-187500.022352	-131.674127	28243.440776	20471.001622	-35407.510150	19415.462841	2290.897344	52684.447489	18967.623290	46018.151464	-13856.740458	3396.101701	-42597.127568	-187500.022352	0.080000	0.934000	0.274000	192.000000	0.000000	0.000000	0.000000	0.000000	0.000000	0.000000	0.000000	0.000000	0.000000	1741979729.323093	0.000000
146.000000	-11757.084639	4998.855889	-187500.022352	-238.716631	28181.168816	20399.498391	-35393.406200	19356.051905	2223.797408	52503.711284	18774.258348	45832.676689	-13842.122417	3373.325273	-42710.272099	-187500.022352	0.080000	0.934000	0.274000	192.000000	0.000000	0.000000	0.000000	0.000000	0.000000	0.000000	0.000000	0.000000	0.000000	1741979729.323271	0.000000
148.000000	-11776.150677	4995.413720	-187500.022352	-121.995821	28253.610820	20479.294119	-35406.325508	19414.993455	2243.690460	52667.549571	18938.118987	45991.396426	-13835.752170	3429.204634	-42619.434609	-187500.022352	0.078000	0.942000	0.272000	192.000000	1.000000	56.000000	14.500000	56.000000	4.000000	64.000000	0.000000	0.000000	0.000000	1741979729.323456	0.000000
150.000000	-11753.575415	4994.296133	-187500.022352	-266.298683	28159.018237	20378.219530	-35380.822167	19335.331838	2228.781847	52524.856034	18794.017290	45851.608616	-13867.893978	3375.694558	-42695.654058	-187500.022352	0.078000	0.942000	0.272000	192.000000	0.000000	0.000000	0.000000	0.000000	0.000000	0.000000	0.000000	0.000000	0.000000	1741979729.323642	0.000000
152.000000	-11777.312967	4969.664510	-187500.022352	-121.839359	28260.539861	20479.718802	-35401.139903	19412.937094	2255.626292	52641.554492	18902.467954	45952.325577	-13829.493681	3415.167739	-42650.324720	-187500.022352	0.078000	0.942000	0.272000	192.000000	0.000000	0.000000	0.000000	0.000000	0.000000	0.000000	0.000000	0.000000	0.000000	1741979729.382827	0.000000
154.000000	-11768.618139	4993.759691	-187500.022352	-279.754434	28152.335066	20362.528606	-35374.496624	19318.210401	2253.748745	52537.551825	18802.242732	45860.750480	-13839.261393	3388.055073	-42695.475244	-187500.022352	0.078000	0.942000	0.272000	192.000000	0.000000	0.000000	0.000000	0.000000	0.000000	0.000000	0.000000	0.000000	0.000000	1741979729.383028	0.000000
156.000000	-11784.443174	4985.646008	-187500.022352	-117.234900	28264.250250	20476.455447	-35398.904729	19410.701920	2284.750615	52617.951050	18872.650727	45927.649251	-13820.173004	3422.655573	-42672.318837	-187500.022352	0.078000	0.942000	0.272000	192.000000	0.000000	0.000000	0.000000	0.000000	0.000000	0.000000	0.000000	0.000000	0.000000	1741979729.383209	0.000000
158.000000	-11787.751232	4976.347682	-187500.022352	-247.813791	28174.731514	20388.099001	-35389.919327	19346.127730	2212.867405	52568.397232	18836.195032	45898.703742	-13850.169045	3361.635311	-42670.754215	-187500.022352	0.070000	0.950000	0.272000	192.000000	1.000000	24.000000	14.500000	88.000000	4.000000	64.000000	0.000000	0.000000	0.000000	1741979729.383384	0.000000
160.000000	-11782.945607	5009.472967	-187500.022352	-106.081379	28277.929518	20490.849971	-35397.071886	19417.720368	2265.237542	52616.185262	18875.891730	45933.304242	-13841.742437	3417.335858	-42652.068156	-187500.022352	0.070000	0.950000	0.272000	192.000000	0.000000	0.000000	0.000000	0.000000	0.000000	0.000000	0.000000	0.000000	0.000000	1741979729.383585	0.000000
162.000000	-11764.617177	5001.269877	-187500.022352	-278.078053	28152.536232	20359.533472	-35370.920345	19313.047148	2242.192893	52574.990997	18838.564317	45900.178957	-13853.477103	3368.743166	-42673.972866	-187500.022352	0.070000	0.950000	0.272000	192.000000	0.000000	0.000000	0.000000	0.000000	0.000000	0.000000	0.000000	0.000000	0.000000	1741979729.383774	0.000000
164.000000	-11782.677386	5000.554621	-187500.022352	-128.813103	28263.110311	20470.353421	-35393.786179	19399.794269	2252.742917	52574.633369	18824.326256	45881.805823	-13838.881414	3357.142610	-42688.657962	-187500.022352	0.070000	0.950000	0.272000	192.000000	0.000000	0.000000	0.000000	0.000000	0.000000	0.000000	0.000000	0.000000	0.000000	1741979729.383946	0.000000
166.000000	-11797.742462	4987.545906	-187500.022352	-275.507602	28158.034761	20361.835702	-35372.842595	19315.707006	2257.548542	52594.235849	18855.506939	45913.746466	-13840.758960	3360.607131	-42662.908752	-187500.022352	0.070000	0.950000	0.272000	192.000000	0.000000	0.000000	0.000000	0.000000	0.000000	0.000000	0.000000	0.000000	0.000000	1741979729.384121	0.000000
168.000000	-11764.013680	4988.372921	-187500.022352	-136.233882	28269.122931	20467.961784	-35398.301232	19398.743737	2244.383364	52547.096020	18799.091136	45850.513381	-13831.415931	3356.092078	-42702.694857	-187500.022352	0.070000	0.948000	0.278000	192.000000	1.000000	24.000000	14.500000	80.000000	4.000000	88.000000	0.000000	0.000000	0.000000	1741979729.442957	0.000000
170.000000	-11770.674499	4992.709159	-187500.022352	-262.431832	28170.350572	20369.837626	-35383.102045	19318.076291	2242.818742	52619.783893	18889.012204	45943.474286	-13855.064077	3341.563444	-42639.372365	-187500.022352	0.070000	0.948000	0.278000	192.000000	0.000000	0.000000	0.000000	0.000000	0.000000	0.000000	0.000000	0.000000	0.000000	1741979729.443179	0.000000
172.000000	-11780.643377	4996.799528	-187500.022352	-136.882083	28268.005343	20465.950127	-35392.445075	19397.156763	2257.369728	52531.025115	18777.365241	45835.627119	-13832.645277	3353.387517	-42706.829930	-187500.022352	0.070000	0.948000	0.278000	192.000000	0.000000	0.000000	0.000000	0.000000	0.000000	0.000000	0.000000	0.000000	0.000000	1741979729.443357	0.000000
174.000000	-11780.822191	4978.851077	-187500.022352	-203.602040	28203.252340	20416.485717	-35398.994136	19355.560166	2248.719603	52667.013129	18917.287161	45981.449900	-13862.104876	3338.098924	-42605.442417	-187500.022352	0.070000	0.948000	0.278000	192.000000	0.000000	0.000000	0.000000	0.000000	0.000000	0.000000	0.000000	0.000000	0.000000	1741979729.443554	0.000000
176.000000	-11747.205168	4996.732473	-187500.022352	-126.086190	28270.307573	20483.384488	-35394.836711	19405.337501	2238.214283	52548.660642	18782.126162	45849.842828	-13844.692867	3330.789903	-42671.871802	-187500.022352	0.070000	0.948000	0.278000	192.000000	0.000000	0.000000	0.000000	0.000000	0.000000	0.000000	0.000000	0.000000	0.000000	1741979729.443735	0.000000
178.000000	-11743.606537	5007.975400	-187500.022352	-210.441674	28190.645956	20405.287493	-35379.525766	19337.231736	2275.072309	52678.077242	18924.953809	45990.010618	-13848.135036	3332.063953	-42588.164519	-187500.022352	0.070000	0.948000	0.282000	192.000000	1.000000	24.000000	14.500000	80.000000	4.000000	104.000000	0.000000	0.000000	0.000000	1741979729.443911	0.000000
180.000000	-11730.664877	4997.760653	-187500.022352	-133.909301	28257.544727	20479.964671	-35401.542235	19402.118850	2238.795428	52520.497444	18752.353639	45817.030468	-13841.742437	3319.166996	-42693.083607	-187500.022352	0.070000	0.948000	0.282000	192.000000	0.000000	0.000000	0.000000	0.000000	0.000000	0.000000	0.000000	0.000000	0.000000	1741979729.444089	0.000000
182.000000	-11754.044801	4997.157156	-187500.022352	-166.162868	28214.227046	20447.733456	-35387.885319	19371.787533	2252.787620	52711.358990	18962.974127	46029.997889	-13881.930874	3312.819101	-42545.271521	-187500.022352	0.070000	0.948000	0.282000	192.000000	0.000000	0.000000	0.000000	0.000000	0.000000	0.000000	0.000000	0.000000	0.000000	1741979729.504743	0.000000
184.000000	-11726.976839	5006.611944	-187500.022352	-165.559371	28231.996683	20456.808264	-35384.957240	19380.169437	2246.372670	52522.307935	18749.313801	45823.154846	-13840.066056	3315.255441	-42679.270229	-187500.022352	0.070000	0.948000	0.282000	192.000000	0.000000	0.000000	0.000000	0.000000	0.000000	0.000000	0.000000	0.000000	0.000000	1741979729.505094	0.000000
186.000000	-11742.131322	5009.696485	-187500.022352	-163.681825	28219.144430	20447.845214	-35376.821205	19368.881806	2249.166638	52709.436740	18940.957658	46011.781217	-13850.951356	3341.764610	-42565.835126	-187500.022352	0.070000	0.948000	0.282000	192.000000	0.000000	0.000000	0.000000	0.000000	0.000000	0.000000	0.000000	0.000000	0.000000	1741979729.505392	0.000000
188.000000	-11743.740647	4999.392331	-187500.022352	-177.606961	28223.123041	20450.438017	-35387.527691	19374.268576	2252.027661	52517.301144	18734.539298	45806.681610	-13846.235138	3327.057162	-42687.383912	-187500.022352	0.076000	0.946000	0.276000	192.000000	1.000000	48.000000	14.500000	72.000000	4.000000	80.000000	0.000000	0.000000	0.000000	1741979729.505686	0.000000
190.000000	-11739.270298	5003.862679	-187500.022352	-115.849092	28249.498099	20488.100706	-35389.293479	19401.224780	2268.165620	52728.145150	18958.347316	46027.136866	-13857.969804	3326.163092	-42539.504771	-187500.022352	0.076000	0.946000	0.276000	192.000000	0.000000	0.000000	0.000000	0.000000	0.000000	0.000000	0.000000	0.000000	0.000000	1741979729.505995	0.000000
192.000000	-11710.950638	5023.062828	-187500.022352	-194.326066	28206.158067	20437.094025	-35379.637525	19363.539739	2228.267756	52538.602357	18757.852168	45832.788447	-13848.649126	3295.742368	-42656.851430	-187500.022352	0.076000	0.946000	0.276000	192.000000	0.000000	0.000000	0.000000	0.000000	0.000000	0.000000	0.000000	0.000000	0.000000	1741979729.506292	0.000000
194.000000	-11733.414141	4999.749958	-187500.022352	-120.028868	28247.151166	20484.882055	-35389.047609	19394.496905	2258.800239	52706.441606	18929.424158	45998.884261	-13845.184606	3334.209720	-42564.136394	-187500.022352	0.076000	0.946000	0.276000	192.000000	0.000000	0.000000	0.000000	0.000000	0.000000	0.000000	0.000000	0.000000	0.000000	1741979729.506585	0.000000
196.000000	-11744.545310	5002.074540	-187500.022352	-222.735133	28189.394258	20420.039644	-35385.605441	19346.038323	2228.647736	52532.388572	18751.504272	45825.702944	-13852.046591	3250.100106	-42666.976770	-187500.022352	0.076000	0.946000	0.276000	192.000000	0.000000	0.000000	0.000000	0.000000	0.000000	0.000000	0.000000	0.000000	0.000000	1741979729.506892	0.000000
198.000000	-11748.859197	5001.314581	-187500.022352	-103.734446	28267.759474	20503.702224	-35397.764790	19405.940998	2246.618539	52699.356103	18921.869269	45993.028103	-13845.095199	3328.130046	-42560.381300	-187500.022352	0.074000	0.942000	0.282000	192.000000	1.000000	40.000000	14.500000	56.000000	4.000000	104.000000	0.000000	0.000000	0.000000	1741979729.562630	0.000000
200.000000	-11744.746476	5003.080368	-187500.022352	-246.651500	28175.312659	20401.845324	-35378.966973	19325.251201	2259.604902	52541.843360	18763.641270	45839.382212	-13848.291498	3299.296296	-42649.788278	-187500.022352	0.074000	0.942000	0.282000	192.000000	0.000000	0.000000	0.000000	0.000000	0.000000	0.000000	0.000000	0.000000	0.000000	1741979729.562853	0.000000
202.000000	-11771.255645	4975.788888	-187500.022352	-60.662634	28298.224902	20539.912050	-35405.610252	19434.797100	2263.136478	52688.403748	18907.854725	45975.236115	-13849.453789	3322.698572	-42559.710748	-187500.022352	0.074000	0.942000	0.282000	192.000000	0.000000	0.000000	0.000000	0.000000	0.000000	0.000000	0.000000	0.000000	0.000000	1741979729.563015	0.000000
204.000000	-11741.952508	5040.564244	-187500.022352	-263.080032	28152.379769	20376.967833	-35365.958257	19297.982073	2231.821684	52578.813145	18797.638273	45873.423919	-13849.051458	3280.721996	-42609.823359	-187500.022352	0.074000	0.942000	0.282000	192.000000	0.000000	0.000000	0.000000	0.000000	0.000000	0.000000	0.000000	0.000000	0.000000	1741979729.563205	0.000000
206.000000	-11744.098275	5000.845194	-187500.022352	-110.194100	28262.819739	20492.436945	-35396.244871	19387.478457	2255.268664	52638.268785	18841.224175	45908.918489	-13831.125358	3328.107694	-42619.524016	-187500.022352	0.074000	0.942000	0.282000	192.000000	0.000000	0.000000	0.000000	0.000000	0.000000	0.000000	0.000000	0.000000	0.000000	1741979729.563397	0.000000
208.000000	-11742.041915	5002.678037	-187500.022352	-259.056718	28157.990057	20388.188408	-35374.228403	19309.828497	2215.996649	52590.167831	18803.874410	45876.173183	-13851.957184	3287.315761	-42624.083772	-187500.022352	0.076000	0.942000	0.274000	192.000000	1.000000	48.000000	14.500000	56.000000	4.000000	72.000000	0.000000	0.000000	0.000000	1741979729.563568	0.000000
210.000000	-11749.239176	5011.886956	-187500.022352	-106.506062	28271.760437	20500.461221	-35388.332354	19400.062490	2260.677786	52626.176492	18830.450634	45895.909774	-13837.048571	3316.954174	-42618.115856	-187500.022352	0.076000	0.942000	0.274000	192.000000	0.000000	0.000000	0.000000	0.000000	0.000000	0.000000	0.000000	0.000000	0.000000	1741979729.563749	0.000000
212.000000	-11755.207092	4991.725682	-187500.022352	-246.964424	28167.377790	20397.933769	-35371.434435	19323.194840	2234.615652	52619.582727	18831.165890	45902.838815	-13869.302138	3284.722958	-42599.854481	-187500.022352	0.076000	0.942000	0.274000	192.000000	0.000000	0.000000	0.000000	0.000000	0.000000	0.000000	0.000000	0.000000	0.000000	1741979729.622439	0.000000
214.000000	-11742.421894	5003.549755	-187500.022352	-99.219394	28274.442646	20505.333901	-35387.281822	19406.902123	2246.462076	52616.855814	18814.066805	45881.828175	-13836.802702	3320.150473	-42616.730048	-187500.022352	0.076000	0.942000	0.274000	192.000000	0.000000	0.000000	0.000000	0.000000	0.000000	0.000000	0.000000	0.000000	0.000000	1741979729.622644	0.000000
216.000000	-11750.557929	5004.041493	-187500.022352	-234.246282	28174.552700	20406.829763	-35372.574374	19331.934372	2222.702172	52644.482570	18848.712009	45919.133236	-13848.894995	3325.872520	-42592.523109	-187500.022352	0.076000	0.942000	0.274000	192.000000	0.000000	0.000000	0.000000	0.000000	0.000000	0.000000	0.000000	0.000000	0.000000	1741979729.622820	0.000000
218.000000	-11742.153673	4994.944333	-187500.022352	-84.109614	28288.971280	20530.300800	-35395.797836	19429.276220	2227.440742	52611.849023	18806.333102	45876.575515	-13839.306097	3326.051334	-42612.080885	-187500.022352	0.068000	0.948000	0.274000	192.000000	1.000000	16.000000	14.500000	80.000000	4.000000	72.000000	0.000000	0.000000	0.000000	1741979729.623025	0.000000
220.000000	-11758.738668	4994.653761	-187500.022352	-224.053886	28176.966688	20420.687845	-35375.569508	19336.114149	2235.867350	52681.318245	18890.800344	45962.786193	-13861.456676	3292.724883	-42554.100460	-187500.022352	0.068000	0.948000	0.274000	192.000000	0.000000	0.000000	0.000000	0.000000	0.000000	0.000000	0.000000	0.000000	0.000000	1741979729.623219	0.000000
222.000000	-11769.802781	5005.181432	-187500.022352	-108.048333	28272.296878	20517.739119	-35392.288612	19415.887525	2236.917882	52577.159116	18776.270005	45843.405526	-13836.757998	3316.596546	-42628.822342	-187500.022352	0.068000	0.948000	0.274000	192.000000	0.000000	0.000000	0.000000	0.000000	0.000000	0.000000	0.000000	0.000000	0.000000	1741979729.623395	0.000000
224.000000	-11773.535523	4990.004598	-187500.022352	-211.112226	28183.739267	20432.221345	-35378.966973	19346.708876	2255.827457	52703.915859	18915.029635	45981.561659	-13852.560681	3314.987220	-42537.314300	-187500.022352	0.068000	0.948000	0.274000	192.000000	0.000000	0.000000	0.000000	0.000000	0.000000	0.000000	0.000000	0.000000	0.000000	1741979729.623562	0.000000
226.000000	-11758.828075	4983.656702	-187500.022352	-115.290298	28268.050047	20514.766337	-35390.612232	19415.731062	2237.275510	52566.810258	18766.926976	45830.083886	-13848.671478	3295.764720	-42625.514284	-187500.022352	0.068000	0.948000	0.274000	192.000000	0.000000	0.000000	0.000000	0.000000	0.000000	0.000000	0.000000	0.000000	0.000000	1741979729.623746	0.000000
228.000000	-11781.939779	4990.965723	-187500.022352	-188.335799	28200.816000	20449.387485	-35376.262412	19356.744809	2215.616669	52722.378400	18940.376513	46002.594650	-13863.356574	3329.314688	-42512.727381	-187500.022352	0.070000	0.952000	0.274000	192.000000	1.000000	24.000000	14.500000	96.000000	4.000000	72.000000	0.000000	0.000000	0.000000	1741979729.682720	0.000000
230.000000	-11772.775563	5001.292229	-187500.022352	-131.070629	28258.639963	20502.383471	-35389.405237	19403.348196	2239.242463	52553.108639	18749.514967	45815.465846	-13844.692867	3314.160206	-42631.929234	-187500.022352	0.070000	0.952000	0.274000	192.000000	0.000000	0.000000	0.000000	0.000000	0.000000	0.000000	0.000000	0.000000	0.000000	1741979729.682934	0.000000
232.000000	-11764.438363	5002.007485	-187500.022352	-158.295054	28219.300892	20469.995793	-35373.066112	19376.101419	2224.289146	52744.037240	18954.681630	46025.661650	-13854.326469	3324.263194	-42490.643858	-187500.022352	0.070000	0.952000	0.274000	192.000000	0.000000	0.000000	0.000000	0.000000	0.000000	0.000000	0.000000	0.000000	0.000000	1741979729.683114	0.000000
234.000000	-11757.330508	5025.387409	-187500.022352	-184.848927	28215.903427	20450.214499	-35374.049589	19362.042172	2244.361013	52533.819083	18727.878479	45797.182119	-13838.948469	3307.477034	-42641.741650	-187500.022352	0.070000	0.952000	0.274000	192.000000	0.000000	0.000000	0.000000	0.000000	0.000000	0.000000	0.000000	0.000000	0.000000	1741979729.683293	0.000000
236.000000	-11785.203133	4976.146516	-187500.022352	-132.702307	28242.099672	20489.687680	-35390.880452	19397.737908	2255.760402	52733.844845	18939.057760	46003.131092	-13855.734629	3322.653869	-42513.085009	-187500.022352	0.070000	0.952000	0.274000	192.000000	0.000000	0.000000	0.000000	0.000000	0.000000	0.000000	0.000000	0.000000	0.000000	1741979729.683476	0.000000
238.000000	-11749.596804	5000.621677	-187500.022352	-180.982075	28218.697395	20459.468121	-35380.621002	19372.547492	2253.055841	52555.880255	18748.598546	45815.667011	-13860.897882	3287.136947	-42613.042010	-187500.022352	0.070000	0.950000	0.272000	192.000000	1.000000	24.000000	14.500000	88.000000	4.000000	64.000000	0.000000	0.000000	0.000000	1741979729.683650	0.000000
240.000000	-11773.244950	4981.130955	-187500.022352	-122.912243	28243.686645	20494.180381	-35380.039856	19394.005167	2233.587472	52742.025583	18943.416350	46005.343915	-13852.359516	3310.628630	-42500.568032	-187500.022352	0.070000	0.950000	0.272000	192.000000	0.000000	0.000000	0.000000	0.000000	0.000000	0.000000	0.000000	0.000000	0.000000	1741979729.683844	0.000000
242.000000	-11747.831017	4995.659589	-187500.022352	-200.808072	28203.475857	20445.408874	-35367.254659	19361.259861	2223.417428	52556.997842	18749.850243	45815.443494	-13847.620946	3310.449816	-42613.287880	-187500.022352	0.070000	0.950000	0.272000	192.000000	0.000000	0.000000	0.000000	0.000000	0.000000	0.000000	0.000000	0.000000	0.000000	1741979729.743027	0.000000
244.000000	-11769.914540	5014.055075	-187500.022352	-118.643060	28249.945134	20497.846067	-35375.435397	19398.564923	2261.996539	52729.776827	18922.361007	45985.137938	-13852.068943	3340.088229	-42519.835236	-187500.022352	0.070000	0.950000	0.272000	192.000000	0.000000	0.000000	0.000000	0.000000	0.000000	0.000000	0.000000	0.000000	0.000000	1741979729.743345	0.000000
246.000000	-11767.254682	4982.405005	-187500.022352	-197.522366	28200.838351	20453.634316	-35380.173967	19370.826408	2229.340640	52574.052223	18762.031944	45830.530921	-13860.741420	3278.084490	-42600.256813	-187500.022352	0.070000	0.950000	0.272000	192.000000	0.000000	0.000000	0.000000	0.000000	0.000000	0.000000	0.000000	0.000000	0.000000	1741979729.743599	0.000000
248.000000	-11774.586055	4978.381691	-187500.022352	-95.084321	28258.975239	20515.727462	-35380.352781	19408.153821	2238.795428	52733.397810	18922.763338	45989.183603	-13848.827940	3324.017325	-42501.462102	-187500.022352	0.072000	0.944000	0.280000	192.000000	1.000000	32.000000	14.500000	64.000000	4.000000	96.000000	0.000000	0.000000	0.000000	1741979729.743870	0.000000
250.000000	-11745.439380	5011.998714	-187500.022352	-239.945977	28163.868566	20409.221400	-35358.269257	19327.329913	2236.336736	52573.448726	18759.617956	45833.213131	-13859.176798	3277.570400	-42603.408409	-187500.022352	0.072000	0.944000	0.280000	192.000000	0.000000	0.000000	0.000000	0.000000	0.000000	0.000000	0.000000	0.000000	0.000000	1741979729.744156	0.000000
252.000000	-11746.467560	4971.631464	-187500.022352	-91.798614	28263.177367	20513.760509	-35382.856176	19406.030405	2255.402774	52687.822603	18877.970443	45942.110830	-13843.977612	3339.551787	-42547.730213	-187500.022352	0.072000	0.944000	0.280000	192.000000	0.000000	0.000000	0.000000	0.000000	0.000000	0.000000	0.000000	0.000000	0.000000	1741979729.744490	0.000000
254.000000	-11725.903955	5013.943316	-187500.022352	-234.268634	28162.840386	20412.752976	-35362.381978	19331.241468	2238.348393	52598.303866	18787.736450	45857.464773	-13851.130170	3290.869688	-42586.778711	-187500.022352	0.072000	0.944000	0.280000	192.000000	0.000000	0.000000	0.000000	0.000000	0.000000	0.000000	0.000000	0.000000	0.000000	1741979729.744751	0.000000
0.000000	-11734.442322	4997.157156	-187500.022352	-73.313722	28271.268698	20529.853765	-35384.353743	19422.168365	2262.376519	52684.089861	18871.711954	45934.220664	-13853.275937	3339.752953	-42537.649576	-187500.022352	0.072000	0.944000	0.280000	192.000000	0.000000	0.000000	0.000000	0.000000	0.000000	0.000000	0.000000	0.000000	0.000000	1741979729.744924	0.000000
2.000000	-11728.764979	5012.289287	-187500.022352	-237.911968	28152.759749	20410.182525	-35367.187603	19329.386274	2225.742009	52617.839291	18814.469137	45882.968114	-13856.427533	3304.258383	-42563.287027	-187500.022352	0.076000	0.938000	0.282000	192.000000	1.000000	48.000000	14.500000	40.000000	4.000000	104.000000	0.000000	0.000000	0.000000	1741979729.803351	0.000000
4.000000	-11732.274202	5007.796586	-187500.022352	-83.819042	28264.227899	20520.309570	-35379.793987	19416.468670	2262.197705	52646.807152	18833.177547	45897.832024	-13834.768693	3317.870595	-42564.583428	-187500.022352	0.076000	0.938000	0.282000	192.000000	0.000000	0.000000	0.000000	0.000000	0.000000	0.000000	0.000000	0.000000	0.000000	1741979729.803570	0.000000
6.000000	-11715.443339	4992.597400	-187500.022352	-232.301680	28154.726703	20415.636351	-35372.328505	19331.040303	2220.601108	52648.662346	18845.761579	45918.820312	-13862.507208	3294.960057	-42535.324995	-187500.022352	0.076000	0.938000	0.282000	192.000000	0.000000	0.000000	0.000000	0.000000	0.000000	0.000000	0.000000	0.000000	0.000000	1741979729.803768	0.000000
8.000000	-11692.801022	5016.938450	-187500.022352	-91.217469	28259.735198	20518.923762	-35378.274069	19409.986664	2248.943120	52631.384448	18825.466195	45894.255745	-13848.425609	3351.509971	-42549.004263	-187500.022352	0.076000	0.938000	0.282000	192.000000	0.000000	0.000000	0.000000	0.000000	0.000000	0.000000	0.000000	0.000000	0.000000	1741979729.803952	0.000000
10.000000	-11743.807703	5023.867491	-187500.022352	-237.599044	28148.535269	20409.601380	-35362.851365	19322.010198	2234.816818	52654.294986	18856.713934	45926.643422	-13850.549024	3299.765682	-42530.608777	-187500.022352	0.076000	0.938000	0.282000	192.000000	0.000000	0.000000	0.000000	0.000000	0.000000	0.000000	0.000000	0.000000	0.000000	1741979729.804120	0.000000
12.000000	-11734.397618	5012.959839	-187500.022352	-90.770434	28260.115178	20522.365930	-35372.574374	19413.764109	2252.497047	52609.055055	18795.984244	45861.242218	-13844.871681	3328.755895	-42571.646580	-187500.022352	0.074000	0.936000	0.290000	192.000000	1.000000	40.000000	14.500000	32.000000	4.500000	8.000000	0.000000	0.000000	0.000000	1741979729.804287	0.000000
14.000000	-11739.806740	4989.110528	-187500.022352	-189.565145	28176.653764	20447.666400	-35370.652124	19357.169492	2249.591321	52711.291934	18909.888734	45980.622885	-13865.301176	3288.031016	-42483.357189	-187500.022352	0.074000	0.936000	0.290000	192.000000	0.000000	0.000000	0.000000	0.000000	0.000000	0.000000	0.000000	0.000000	0.000000	1741979729.804472	0.000000
16.000000	-11712.291743	5018.771293	-187500.022352	-90.032827	28257.477672	20523.863497	-35366.986438	19421.162536	2263.203533	52603.131843	18788.272892	45862.315102	-13851.823074	3314.070799	-42556.357986	-187500.022352	0.074000	0.936000	0.290000	192.000000	0.000000	0.000000	0.000000	0.000000	0.000000	0.000000	0.000000	0.000000	0.000000	1741979729.863045	0.000000
18.000000	-11728.005019	5027.913156	-187500.022352	-208.698238	28160.046418	20423.973551	-35347.339254	19338.237564	2235.353259	52707.961524	18907.474745	45979.326484	-13842.725914	3325.224319	-42486.307619	-187500.022352	0.074000	0.936000	0.290000	192.000000	0.000000	0.000000	0.000000	0.000000	0.000000	0.000000	0.000000	0.000000	0.000000	1741979729.863273	0.000000
20.000000	-11724.473444	5015.150310	-187500.022352	-101.275754	28243.910163	20511.346520	-35377.871737	19412.400652	2236.739068	52580.802450	18763.328345	45834.129552	-13830.477158	3313.444950	-42571.780690	-187500.022352	0.074000	0.936000	0.290000	192.000000	0.000000	0.000000	0.000000	0.000000	0.000000	0.000000	0.000000	0.000000	0.000000	1741979729.863452	0.000000
22.000000	-11725.546327	5017.229023	-187500.022352	-168.196877	28181.638203	20453.366095	-35367.746397	19365.663155	2256.810934	52734.694211	18932.508699	46003.242851	-13848.358553	3316.998877	-42467.196878	-187500.022352	0.076000	0.940000	0.288000	192.000000	1.000000	48.000000	14.500000	48.000000	4.500000	0.000000	0.000000	0.000000	0.000000	1741979729.863624	0.000000
24.000000	-11737.884490	5009.584726	-187500.022352	-109.657658	28235.304741	20507.524372	-35378.966973	19416.155746	2238.504855	52572.711119	18761.830778	45833.883683	-13850.705487	3298.245764	-42563.935228	-187500.022352	0.076000	0.940000	0.288000	192.000000	0.000000	0.000000	0.000000	0.000000	0.000000	0.000000	0.000000	0.000000	0.000000	1741979729.863807	0.000000
26.000000	-11730.910746	5009.383560	-187500.022352	-162.340720	28179.470084	20447.509938	-35357.665760	19363.740905	2219.349410	52754.564912	18950.010115	46023.873511	-13846.995097	3310.762740	-42448.711985	-187500.022352	0.076000	0.940000	0.288000	192.000000	0.000000	0.000000	0.000000	0.000000	0.000000	0.000000	0.000000	0.000000	0.000000	1741979729.863984	0.000000
28.000000	-11723.065284	5023.979249	-187500.022352	-177.651665	28186.555587	20439.329200	-35354.558868	19363.070352	2230.279413	52545.911377	18716.970827	45790.923630	-13833.762864	3296.390569	-42606.470598	-187500.022352	0.076000	0.940000	0.288000	192.000000	0.000000	0.000000	0.000000	0.000000	0.000000	0.000000	0.000000	0.000000	0.000000	1741979729.864163	0.000000
30.000000	-11743.204205	4989.401101	-187500.022352	-145.822781	28193.864607	20456.987078	-35374.027237	19377.375469	2253.771097	52740.393906	18925.490251	45996.984362	-13850.280803	3351.487619	-42479.222116	-187500.022352	0.076000	0.940000	0.288000	192.000000	0.000000	0.000000	0.000000	0.000000	0.000000	0.000000	0.000000	0.000000	0.000000	1741979729.864355	0.000000
32.000000	-11718.147900	5028.874282	-187500.022352	-226.400820	28151.820976	20396.838534	-35366.382941	19328.358093	2237.767248	52528.834644	18704.051519	45777.847860	-13841.988306	3282.979522	-42617.825284	-187500.022352	0.072000	0.940000	0.286000	192.000000	1.000000	32.000000	14.500000	48.000000	4.000000	120.000000	0.000000	0.000000	0.000000	1741979729.923169	0.000000
34.000000	-11738.130359	4990.608095	-187500.022352	-156.193990	28189.841293	20443.352514	-35370.652124	19365.171416	2240.538864	52715.583469	18896.164763	45963.233228	-13846.033972	3342.993956	-42513.755562	-187500.022352	0.072000	0.940000	0.286000	192.000000	0.000000	0.000000	0.000000	0.000000	0.000000	0.000000	0.000000	0.000000	0.000000	1741979729.923520	0.000000
36.000000	-11742.801874	5007.997752	-187500.022352	-208.519424	28169.523557	20419.883182	-35367.008789	19353.995544	2239.577739	52541.664546	18714.333321	45783.994589	-13840.580146	3310.226299	-42613.980784	-187500.022352	0.072000	0.940000	0.286000	192.000000	0.000000	0.000000	0.000000	0.000000	0.000000	0.000000	0.000000	0.000000	0.000000	1741979729.923829	0.000000
38.000000	-11769.623967	4988.998769	-187500.022352	-92.826795	28237.741081	20504.171610	-35386.879490	19416.289856	2230.793504	52741.176217	18927.859536	45995.844423	-13858.148618	3342.479866	-42470.661398	-187500.022352	0.072000	0.940000	0.286000	192.000000	0.000000	0.000000	0.000000	0.000000	0.000000	0.000000	0.000000	0.000000	0.000000	1741979729.924134	0.000000
40.000000	-11749.976784	4987.769423	-187500.022352	-196.851813	28167.534252	20435.417644	-35378.899917	19362.779780	2200.886870	52581.271837	18769.385668	45844.076078	-13853.410048	3284.007702	-42547.909027	-187500.022352	0.072000	0.940000	0.286000	192.000000	0.000000	0.000000	0.000000	0.000000	0.000000	0.000000	0.000000	0.000000	0.000000	1741979729.924430	0.000000
42.000000	-11755.207092	4988.194107	-187500.022352	-95.844280	28229.113308	20499.433041	-35378.475234	19409.249056	2246.372670	52706.910992	18890.845047	45962.696786	-13832.757036	3321.513930	-42495.605945	-187500.022352	0.074000	0.942000	0.280000	192.000000	1.000000	40.000000	14.500000	56.000000	4.000000	96.000000	0.000000	0.000000	0.000000	1741979729.924722	0.000000
44.000000	-11740.991383	5007.818938	-187500.022352	-222.444561	28148.825842	20414.116432	-35365.019484	19347.558242	2240.740030	52583.350549	18770.056220	45844.746631	-13862.350745	3278.553877	-42551.999396	-187500.022352	0.074000	0.942000	0.280000	192.000000	0.000000	0.000000	0.000000	0.000000	0.000000	0.000000	0.000000	0.000000	0.000000	1741979729.925025	0.000000
46.000000	-11736.610441	4993.826746	-187500.022352	-73.894867	28244.290143	20513.067605	-35387.281822	19424.515298	2232.000498	52704.049969	18887.492286	45956.192429	-13837.227385	3332.175712	-42486.955820	-187500.022352	0.074000	0.942000	0.280000	192.000000	0.000000	0.000000	0.000000	0.000000	0.000000	0.000000	0.000000	0.000000	0.000000	1741979729.983446	0.000000
48.000000	-11737.124531	5014.323296	-187500.022352	-252.686471	28116.594626	20376.654908	-35359.632714	19316.578724	2216.041352	52590.726625	18778.080497	45852.837962	-13851.130170	3306.091226	-42548.803097	-187500.022352	0.074000	0.942000	0.280000	192.000000	0.000000	0.000000	0.000000	0.000000	0.000000	0.000000	0.000000	0.000000	0.000000	1741979729.983792	0.000000
50.000000	-11754.760057	4996.553659	-187500.022352	-60.528524	28251.241535	20522.120061	-35385.538386	19437.501661	2248.518437	52672.444603	18846.029800	45917.590966	-13836.087446	3340.714078	-42520.036402	-187500.022352	0.074000	0.942000	0.280000	192.000000	0.000000	0.000000	0.000000	0.000000	0.000000	0.000000	0.000000	0.000000	0.000000	1741979729.984091	0.000000
52.000000	-11732.408313	5017.564299	-187500.022352	-222.444561	28135.459499	20401.912379	-35358.492775	19343.423169	2233.766286	52635.586576	18812.368073	45894.613373	-13859.087391	3325.447837	-42520.684602	-187500.022352	0.076000	0.946000	0.284000	192.000000	1.000000	48.000000	14.500000	72.000000	4.000000	112.000000	0.000000	0.000000	0.000000	1741979729.984395	0.000000
54.000000	-11748.546272	5021.319392	-187500.022352	-43.071812	28262.685628	20536.559288	-35376.932964	19450.197452	2277.173373	52671.550533	18841.917079	45914.126446	-13839.171986	3360.249503	-42514.560224	-187500.022352	0.076000	0.946000	0.284000	192.000000	0.000000	0.000000	0.000000	0.000000	0.000000	0.000000	0.000000	0.000000	0.000000	1741979729.984713	0.000000
56.000000	-11705.876792	5018.458369	-187500.022352	-219.270613	28131.726757	20397.822010	-35352.010769	19335.354189	2225.652602	52662.140448	18854.165835	45927.626899	-13872.409030	3313.400246	-42497.394085	-187500.022352	0.076000	0.946000	0.284000	192.000000	0.000000	0.000000	0.000000	0.000000	0.000000	0.000000	0.000000	0.000000	0.000000	1741979729.985006	0.000000
58.000000	-11744.277089	5000.979304	-187500.022352	-72.978446	28248.179346	20509.088994	-35372.306153	19422.302475	2260.476620	52629.998640	18802.935636	45873.021587	-13829.337219	3362.082346	-42554.100460	-187500.022352	0.076000	0.946000	0.284000	192.000000	0.000000	0.000000	0.000000	0.000000	0.000000	0.000000	0.000000	0.000000	0.000000	1741979729.985300	0.000000
60.000000	-11769.892188	5004.153252	-187500.022352	-198.371732	28155.576069	20422.878316	-35365.198298	19354.107303	2224.691477	52678.524277	18866.258128	45943.407231	-13847.151559	3312.372066	-42506.044210	-187500.022352	0.076000	0.946000	0.284000	192.000000	0.000000	0.000000	0.000000	0.000000	0.000000	0.000000	0.000000	0.000000	0.000000	1741979729.985602	0.000000
62.000000	-11745.305269	5008.489491	-187500.022352	-77.515850	28242.211430	20512.620570	-35377.514109	19417.921533	2232.916919	52621.884957	18793.413793	45868.461832	-13839.619021	3337.026040	-42551.887638	-187500.022352	0.074000	0.942000	0.284000	192.000000	1.000000	40.000000	14.500000	56.000000	4.000000	112.000000	0.000000	0.000000	0.000000	1741979730.043958	0.000000
64.000000	-11758.157522	4991.680979	-187500.022352	-198.394084	28144.780176	20417.871525	-35360.012693	19340.785663	2234.727411	52703.491176	18882.127867	45959.008748	-13852.806551	3318.563499	-42496.969401	-187500.022352	0.074000	0.942000	0.284000	192.000000	0.000000	0.000000	0.000000	0.000000	0.000000	0.000000	0.000000	0.000000	0.000000	1741979730.044313	0.000000
66.000000	-11758.582206	5008.064807	-187500.022352	-111.244632	28221.245494	20486.111401	-35363.454862	19394.966292	2249.658376	52584.177564	18751.347810	45826.619366	-13824.218669	3327.437142	-42584.543536	-187500.022352	0.074000	0.942000	0.284000	192.000000	0.000000	0.000000	0.000000	0.000000	0.000000	0.000000	0.000000	0.000000	0.000000	1741979730.044612	0.000000
68.000000	-11761.622043	4994.340836	-187500.022352	-187.911116	28160.225232	20428.108624	-35360.906763	19355.180187	2222.411599	52701.412463	18884.050117	45959.388728	-13836.266260	3333.315651	-42505.775989	-187500.022352	0.074000	0.942000	0.284000	192.000000	0.000000	0.000000	0.000000	0.000000	0.000000	0.000000	0.000000	0.000000	0.000000	1741979730.044827	0.000000
70.000000	-11750.043839	4991.122185	-187500.022352	-97.520661	28241.518526	20509.357215	-35375.636563	19421.855440	2224.646774	52581.204782	18756.578118	45828.519264	-13842.278879	3322.273889	-42571.758338	-187500.022352	0.074000	0.942000	0.284000	192.000000	0.000000	0.000000	0.000000	0.000000	0.000000	0.000000	0.000000	0.000000	0.000000	1741979730.045008	0.000000
72.000000	-11749.708563	4996.106624	-187500.022352	-151.567179	28183.180473	20458.462293	-35363.901897	19374.805018	2242.192893	52747.278243	18939.594202	46009.926022	-13858.550949	3339.372973	-42451.528305	-187500.022352	0.074000	0.940000	0.284000	192.000000	1.000000	40.000000	14.500000	48.000000	4.000000	112.000000	0.000000	0.000000	0.000000	1741979730.045186	0.000000
74.000000	-11738.487987	5020.715895	-187500.022352	-122.688725	28221.424308	20488.994776	-35371.993228	19403.951693	2235.912053	52559.076555	18738.495557	45809.140302	-13818.854251	3316.663601	-42580.631981	-187500.022352	0.074000	0.940000	0.284000	192.000000	0.000000	0.000000	0.000000	0.000000	0.000000	0.000000	0.000000	0.000000	0.000000	1741979730.045382	0.000000
76.000000	-11753.977746	5026.281479	-187500.022352	-142.112391	28191.182398	20461.725648	-35369.355723	19380.907045	2275.094661	52752.799124	18946.098560	46013.435246	-13842.927080	3333.315651	-42447.259122	-187500.022352	0.074000	0.940000	0.284000	192.000000	0.000000	0.000000	0.000000	0.000000	0.000000	0.000000	0.000000	0.000000	0.000000	1741979730.045562	0.000000
78.000000	-11756.168217	5009.294153	-187500.022352	-117.011382	28223.771241	20496.840238	-35387.572394	19414.814641	2230.502931	52556.953139	18736.953287	45807.910956	-13833.807568	3326.654831	-42576.429853	-187500.022352	0.074000	0.940000	0.284000	192.000000	0.000000	0.000000	0.000000	0.000000	0.000000	0.000000	0.000000	0.000000	0.000000	1741979730.105004	0.000000
80.000000	-11748.389810	4998.252392	-187500.022352	-95.196080	28217.736270	20501.936436	-35384.867833	19412.020673	2230.324117	52766.076060	18959.934289	46035.049383	-13853.119475	3318.429389	-42423.454514	-187500.022352	0.074000	0.940000	0.284000	192.000000	0.000000	0.000000	0.000000	0.000000	0.000000	0.000000	0.000000	0.000000	0.000000	1741979730.105227	0.000000
82.000000	-11736.901013	5012.445749	-187500.022352	-154.718775	28190.109514	20464.340802	-35373.133167	19384.952710	2219.639983	52562.853999	18740.037827	45822.059610	-13834.433417	3332.488636	-42553.876943	-187500.022352	0.074000	0.936000	0.280000	192.000000	1.000000	40.000000	14.500000	32.000000	4.000000	96.000000	0.000000	0.000000	0.000000	1741979730.105431	0.000000
84.000000	-11752.346069	4992.217421	-187500.022352	-96.045446	28222.407785	20498.226046	-35374.608383	19412.132432	2240.874140	52748.485237	18930.899373	46007.020296	-13829.001943	3350.124162	-42443.794601	-187500.022352	0.074000	0.936000	0.280000	192.000000	0.000000	0.000000	0.000000	0.000000	0.000000	0.000000	0.000000	0.000000	0.000000	1741979730.105616	0.000000
86.000000	-11741.728990	5003.415645	-187500.022352	-168.509801	28184.499226	20454.818959	-35377.737627	19384.304510	2225.362030	52568.061956	18741.960078	45826.686421	-13841.831844	3313.199081	-42550.032443	-187500.022352	0.074000	0.936000	0.280000	192.000000	0.000000	0.000000	0.000000	0.000000	0.000000	0.000000	0.000000	0.000000	0.000000	1741979730.105791	0.000000
88.000000	-11745.506435	5024.113360	-187500.022352	-67.502268	28241.250305	20517.783823	-35386.343048	19431.399635	2264.991673	52750.631005	18926.160804	46011.758865	-13843.083542	3341.384630	-42438.407831	-187500.022352	0.074000	0.936000	0.280000	192.000000	0.000000	0.000000	0.000000	0.000000	0.000000	0.000000	0.000000	0.000000	0.000000	1741979730.105973	0.000000
90.000000	-11727.826205	5010.188223	-187500.022352	-215.716686	28142.969685	20404.259313	-35359.789176	19341.769140	2225.853768	52561.714061	18738.093226	45823.780694	-13861.121400	3313.087322	-42557.632036	-187500.022352	0.074000	0.936000	0.280000	192.000000	0.000000	0.000000	0.000000	0.000000	0.000000	0.000000	0.000000	0.000000	0.000000	1741979730.106144	0.000000
92.000000	-11747.965127	5000.845194	-187500.022352	-55.767602	28252.850861	20524.735215	-35390.209900	19436.004095	2254.687518	52723.428932	18889.794515	45969.290551	-13834.723989	3361.054165	-42476.383445	-187500.022352	0.072000	0.932000	0.276000	192.000000	1.000000	32.000000	14.500000	16.000000	4.000000	80.000000	0.000000	0.000000	0.000000	1741979730.163905	0.000000
94.000000	-11749.663860	5001.292229	-187500.022352	-211.067523	28147.082406	20412.551810	-35372.261449	19342.529099	2211.548652	52604.763520	18770.480903	45859.655244	-13849.967879	3328.510026	-42527.054850	-187500.022352	0.072000	0.932000	0.276000	192.000000	0.000000	0.000000	0.000000	0.000000	0.000000	0.000000	0.000000	0.000000	0.000000	1741979730.164135	0.000000
96.000000	-11754.313022	4994.787871	-187500.022352	-75.168917	28239.976256	20506.764413	-35378.542290	19413.764109	2259.806068	52692.494117	18854.434056	45934.220664	-13827.146748	3361.612959	-42500.322163	-187500.022352	0.072000	0.932000	0.276000	192.000000	0.000000	0.000000	0.000000	0.000000	0.000000	0.000000	0.000000	0.000000	0.000000	1741979730.164329	0.000000
98.000000	-11746.065229	5022.951069	-187500.022352	-232.279328	28131.883220	20392.971682	-35358.291609	19326.122919	2254.464001	52599.488509	18761.048467	45843.785506	-13833.964030	3317.781188	-42553.094632	-187500.022352	0.072000	0.932000	0.276000	192.000000	0.000000	0.000000	0.000000	0.000000	0.000000	0.000000	0.000000	0.000000	0.000000	1741979730.164515	0.000000
100.000000	-11757.241101	5012.289287	-187500.022352	-78.275809	28239.171593	20505.646826	-35376.575336	19413.853516	2254.799277	52679.977140	18836.239736	45912.762989	-13827.504376	3367.290302	-42518.315317	-187500.022352	0.072000	0.932000	0.276000	192.000000	0.000000	0.000000	0.000000	0.000000	0.000000	0.000000	0.000000	0.000000	0.000000	1741979730.164695	0.000000
102.000000	-11752.927214	5023.889842	-187500.022352	-261.515410	28111.386670	20364.406152	-35355.140013	19301.178372	2255.223960	52616.833462	18772.201988	45856.280131	-13839.909594	3324.665526	-42562.974103	-187500.022352	0.074000	0.944000	0.282000	192.000000	1.000000	40.000000	14.500000	64.000000	4.000000	104.000000	0.000000	0.000000	0.000000	1741979730.164875	0.000000
104.000000	-11746.802836	5025.521520	-187500.022352	-77.538202	28249.408692	20507.904352	-35387.237118	19417.765071	2257.705004	52649.511713	18792.072689	45872.261628	-13814.339198	3360.182447	-42562.169440	-187500.022352	0.074000	0.944000	0.282000	192.000000	0.000000	0.000000	0.000000	0.000000	0.000000	0.000000	0.000000	0.000000	0.000000	1741979730.165079	0.000000
106.000000	-11744.478255	5032.964651	-187500.022352	-229.463009	28133.649008	20389.551865	-35368.126377	19323.083082	2250.932425	52663.682719	18820.526459	45907.912661	-13847.196263	3320.686915	-42525.087896	-187500.022352	0.074000	0.944000	0.282000	192.000000	0.000000	0.000000	0.000000	0.000000	0.000000	0.000000	0.000000	0.000000	0.000000	1741979730.165252	0.000000
108.000000	-11741.550176	5021.364095	-187500.022352	-66.362329	28258.215279	20512.911142	-35385.046647	19422.414234	2245.545655	52634.781913	18777.856979	45863.455041	-13811.925210	3325.939575	-42562.616475	-187500.022352	0.074000	0.944000	0.282000	192.000000	0.000000	0.000000	0.000000	0.000000	0.000000	0.000000	0.000000	0.000000	0.000000	1741979730.224223	0.000000
110.000000	-11738.711505	5030.885939	-187500.022352	-199.690485	28154.302019	20413.647045	-35360.102100	19346.060675	2265.639873	52695.198678	18856.713934	45951.342100	-13846.056324	3330.119351	-42490.018009	-187500.022352	0.074000	0.944000	0.282000	192.000000	0.000000	0.000000	0.000000	0.000000	0.000000	0.000000	0.000000	0.000000	0.000000	1741979730.224428	0.000000
112.000000	-11736.833958	5044.699317	-187500.022352	-75.750062	28255.331904	20508.686663	-35377.871737	19424.627057	2266.444536	52615.738227	18757.561595	45849.239331	-13821.469405	3345.922034	-42566.125699	-187500.022352	0.070000	0.936000	0.280000	192.000000	1.000000	24.000000	14.500000	32.000000	4.000000	96.000000	0.000000	0.000000	0.000000	1741979730.224612	0.000000
114.000000	-11728.049723	5023.576918	-187500.022352	-189.676903	28160.649915	20419.011464	-35358.537478	19352.095646	2228.111294	52726.379362	18879.311547	45974.163231	-13847.218614	3312.036790	-42479.959724	-187500.022352	0.070000	0.936000	0.280000	192.000000	0.000000	0.000000	0.000000	0.000000	0.000000	0.000000	0.000000	0.000000	0.000000	1741979730.224809	0.000000
116.000000	-11728.273240	5027.041438	-187500.022352	-72.553763	28256.069512	20517.515602	-35374.138996	19432.584278	2244.070440	52622.331991	18760.288508	45854.335529	-13839.797835	3335.573177	-42552.625245	-187500.022352	0.070000	0.936000	0.280000	192.000000	0.000000	0.000000	0.000000	0.000000	0.000000	0.000000	0.000000	0.000000	0.000000	1741979730.224987	0.000000
118.000000	-11743.114798	5034.708087	-187500.022352	-178.791604	28170.283517	20425.940505	-35353.106004	19355.426056	2235.308556	52749.178141	18905.597199	46001.030028	-13840.021353	3367.446764	-42463.531192	-187500.022352	0.070000	0.936000	0.280000	192.000000	0.000000	0.000000	0.000000	0.000000	0.000000	0.000000	0.000000	0.000000	0.000000	1741979730.225181	0.000000
120.000000	-11724.741664	5036.384468	-187500.022352	-123.627499	28231.415538	20477.327165	-35358.649237	19395.212161	2265.572818	52581.450651	18722.022321	45815.577604	-13818.720140	3317.289450	-42593.126606	-187500.022352	0.070000	0.936000	0.280000	192.000000	0.000000	0.000000	0.000000	0.000000	0.000000	0.000000	0.000000	0.000000	0.000000	1741979730.225367	0.000000
122.000000	-11758.761020	5005.583764	-187500.022352	-150.382537	28202.268863	20459.222252	-35363.253696	19382.091687	2270.691367	52755.369574	18913.800289	46007.400275	-13842.971783	3336.489598	-42466.928657	-187500.022352	0.072000	0.940000	0.278000	192.000000	1.000000	32.000000	14.500000	48.000000	4.000000	88.000000	0.000000	0.000000	0.000000	1741979730.284416	0.000000
124.000000	-11742.198377	5019.598308	-187500.022352	-128.254310	28226.967541	20476.142523	-35360.504432	19397.536742	2220.757570	52584.982226	18733.511118	45828.899244	-13834.366361	3293.931877	-42566.170402	-187500.022352	0.072000	0.940000	0.278000	192.000000	0.000000	0.000000	0.000000	0.000000	0.000000	0.000000	0.000000	0.000000	0.000000	1741979730.284607	0.000000
126.000000	-11745.729953	5005.963743	-187500.022352	-125.661507	28215.612854	20473.616776	-35366.025313	19397.246170	2248.719603	52765.897246	18921.668103	46016.408028	-13847.531539	3335.997860	-42453.897590	-187500.022352	0.072000	0.940000	0.278000	192.000000	0.000000	0.000000	0.000000	0.000000	0.000000	0.000000	0.000000	0.000000	0.000000	1741979730.284809	0.000000
128.000000	-11744.366496	5022.794607	-187500.022352	-128.321365	28227.861610	20482.825694	-35357.598705	19406.857420	2211.123968	52586.099814	18728.839604	45824.451247	-13840.177815	3311.030961	-42559.107251	-187500.022352	0.072000	0.940000	0.278000	192.000000	0.000000	0.000000	0.000000	0.000000	0.000000	0.000000	0.000000	0.000000	0.000000	1741979730.284993	0.000000
130.000000	-11706.949676	5024.403933	-187500.022352	-132.769362	28207.745040	20458.082313	-35350.446147	19378.738925	2250.798315	52769.764098	18919.008245	46012.317659	-13840.669553	3333.405058	-42447.683805	-187500.022352	0.072000	0.940000	0.278000	192.000000	0.000000	0.000000	0.000000	0.000000	0.000000	0.000000	0.000000	0.000000	0.000000	1741979730.285166	0.000000
132.000000	-11716.605630	5050.466067	-187500.022352	-179.953895	28188.902520	20430.366150	-35350.401443	19362.623318	2269.305559	52554.874427	18691.132211	45783.413444	-13826.207975	3307.566441	-42600.480330	-187500.022352	0.074000	0.946000	0.282000	192.000000	1.000000	40.000000	14.500000	72.000000	4.000000	104.000000	0.000000	0.000000	0.000000	1741979730.285345	0.000000
134.000000	-11704.625094	5055.338747	-187500.022352	-123.694554	28215.366985	20460.406895	-35353.575391	19381.108210	2261.549504	52741.310327	18886.978196	45973.559734	-13825.000980	3338.188331	-42491.157948	-187500.022352	0.074000	0.946000	0.282000	192.000000	0.000000	0.000000	0.000000	0.000000	0.000000	0.000000	0.000000	0.000000	0.000000	1741979730.285528	0.000000
136.000000	-11729.480234	5022.794607	-187500.022352	-214.554395	28166.260203	20400.370109	-35348.143917	19335.644762	2249.926597	52554.986185	18690.752231	45782.765243	-13822.899917	3292.389607	-42610.225691	-187500.022352	0.074000	0.946000	0.282000	192.000000	0.000000	0.000000	0.000000	0.000000	0.000000	0.000000	0.000000	0.000000	0.000000	1741979730.285715	0.000000
138.000000	-11733.302383	5033.814017	-187500.022352	-90.569269	28243.954866	20491.632282	-35369.266316	19408.533801	2259.381385	52743.009060	18881.300852	45964.149650	-13824.419835	3339.328270	-42498.846948	-187500.022352	0.074000	0.946000	0.282000	192.000000	0.000000	0.000000	0.000000	0.000000	0.000000	0.000000	0.000000	0.000000	0.000000	1741979730.344710	0.000000
140.000000	-11708.603705	5060.233779	-187500.022352	-228.926567	28157.341857	20394.692766	-35348.635655	19331.174413	2230.346469	52587.642084	18725.397435	45813.476540	-13822.430530	3307.141758	-42583.582411	-187500.022352	0.074000	0.946000	0.282000	192.000000	0.000000	0.000000	0.000000	0.000000	0.000000	0.000000	0.000000	0.000000	0.000000	1741979730.344938	0.000000
142.000000	-11711.755301	5039.245491	-187500.022352	-100.739312	28241.093843	20482.333956	-35358.313961	19397.581446	2300.262725	52718.399789	18850.924832	45932.432524	-13829.761902	3319.010534	-42533.402745	-187500.022352	0.080000	0.952000	0.284000	192.000000	1.000000	64.000000	14.500000	96.000000	4.000000	112.000000	0.000000	0.000000	0.000000	1741979730.345119	0.000000
144.000000	-11704.692150	5051.293081	-187500.022352	-230.133561	28156.134862	20391.340004	-35346.735757	19330.123881	2239.555387	52594.124090	18733.153490	45819.131532	-13827.437321	3301.486767	-42594.154786	-187500.022352	0.080000	0.952000	0.284000	192.000000	0.000000	0.000000	0.000000	0.000000	0.000000	0.000000	0.000000	0.000000	0.000000	1741979730.345311	0.000000
146.000000	-11702.613437	5054.131753	-187500.022352	-79.952190	28259.534032	20496.549666	-35359.073920	19414.188792	2285.175298	52712.923612	18852.198881	45931.784324	-13815.792062	3329.180578	-42523.635033	-187500.022352	0.080000	0.952000	0.284000	192.000000	0.000000	0.000000	0.000000	0.000000	0.000000	0.000000	0.000000	0.000000	0.000000	1741979730.345480	0.000000
148.000000	-11694.365644	5068.772145	-187500.022352	-247.791439	28146.747130	20371.804580	-35335.716347	19319.238582	2247.870236	52608.608020	18753.672392	45836.252968	-13825.358608	3286.980484	-42583.023618	-187500.022352	0.080000	0.952000	0.284000	192.000000	0.000000	0.000000	0.000000	0.000000	0.000000	0.000000	0.000000	0.000000	0.000000	1741979730.345669	0.000000
150.000000	-11729.010848	5029.589537	-187500.022352	-43.317681	28295.833265	20527.864459	-35371.009752	19448.923403	2258.822591	52700.406635	18839.190166	45913.657059	-13822.810510	3305.845357	-42530.184094	-187500.022352	0.080000	0.952000	0.284000	192.000000	0.000000	0.000000	0.000000	0.000000	0.000000	0.000000	0.000000	0.000000	0.000000	1741979730.345860	0.000000
152.000000	-11705.474461	5025.275651	-187500.022352	-196.762406	28178.799531	20411.903609	-35355.542345	19358.130617	2235.420315	52678.971312	18829.735378	45910.505463	-13848.872644	3299.788034	-42510.671021	-187500.022352	0.084000	0.954000	0.280000	192.000000	1.000000	80.000000	14.500000	104.000000	4.000000	96.000000	0.000000	0.000000	0.000000	1741979730.404190	0.000000
154.000000	-11705.005074	5059.183247	-187500.022352	-55.834658	28280.432913	20510.765375	-35362.627848	19433.768920	2272.300693	52684.425138	18825.354436	45900.424826	-13816.127338	3313.243784	-42530.362908	-187500.022352	0.084000	0.954000	0.280000	192.000000	0.000000	0.000000	0.000000	0.000000	0.000000	0.000000	0.000000	0.000000	0.000000	1741979730.404394	0.000000
156.000000	-11739.046781	5039.625471	-187500.022352	-193.163776	28179.492435	20418.005636	-35357.844574	19359.650536	2264.365824	52698.149109	18844.465178	45928.543321	-13834.634582	3339.752953	-42503.429056	-187500.022352	0.084000	0.954000	0.280000	192.000000	0.000000	0.000000	0.000000	0.000000	0.000000	0.000000	0.000000	0.000000	0.000000	1741979730.404571	0.000000
158.000000	-11721.746531	5033.076409	-187500.022352	-67.614027	28271.492216	20508.664311	-35368.171080	19425.208202	2244.383364	52657.513637	18790.217494	45875.256762	-13817.714312	3315.724828	-42544.802135	-187500.022352	0.084000	0.954000	0.280000	192.000000	0.000000	0.000000	0.000000	0.000000	0.000000	0.000000	0.000000	0.000000	0.000000	1741979730.404756	0.000000
160.000000	-11710.190679	5033.970479	-187500.022352	-206.083084	28162.236889	20400.593627	-35344.746452	19339.824538	2248.831361	52714.041199	18861.318393	45946.380013	-13840.289574	3284.141813	-42495.114207	-187500.022352	0.084000	0.954000	0.280000	192.000000	0.000000	0.000000	0.000000	0.000000	0.000000	0.000000	0.000000	0.000000	0.000000	1741979730.404932	0.000000
162.000000	-11718.572583	5041.614776	-187500.022352	-91.150414	28254.080207	20486.156104	-35365.578278	19405.561019	2259.783716	52622.019067	18753.046543	45835.247139	-13809.354759	3322.229185	-42575.312266	-187500.022352	0.078000	0.952000	0.282000	192.000000	1.000000	56.000000	14.500000	96.000000	4.000000	104.000000	0.000000	0.000000	0.000000	1741979730.405122	0.000000
164.000000	-11721.947696	5032.204691	-187500.022352	-192.716741	28175.782046	20413.557638	-35355.877621	19344.987791	2253.771097	52723.428932	18869.789704	45952.102059	-13828.823129	3294.423615	-42494.622468	-187500.022352	0.078000	0.952000	0.282000	192.000000	0.000000	0.000000	0.000000	0.000000	0.000000	0.000000	0.000000	0.000000	0.000000	1741979730.405312	0.000000
166.000000	-11731.782464	5031.355325	-187500.022352	-59.746213	28281.014059	20524.265829	-35383.079694	19435.244135	2289.891516	52631.406800	18767.999860	45849.194628	-13841.653030	3291.517888	-42542.678719	-187500.022352	0.078000	0.952000	0.282000	192.000000	0.000000	0.000000	0.000000	0.000000	0.000000	0.000000	0.000000	0.000000	0.000000	1741979730.405490	0.000000
168.000000	-11726.306287	5042.911177	-187500.022352	-193.677866	28168.964764	20407.768537	-35341.907780	19335.376541	2231.866387	52750.340432	18893.013167	45977.605400	-13827.839652	3296.547031	-42470.884916	-187500.022352	0.078000	0.952000	0.282000	192.000000	0.000000	0.000000	0.000000	0.000000	0.000000	0.000000	0.000000	0.000000	0.000000	1741979730.463954	0.000000
170.000000	-11701.898182	5033.992831	-187500.022352	-135.831551	28230.007378	20462.686773	-35352.793080	19383.030460	2249.300748	52594.682884	18720.547106	45799.953735	-13813.579239	3330.544034	-42585.884641	-187500.022352	0.078000	0.952000	0.282000	192.000000	0.000000	0.000000	0.000000	0.000000	0.000000	0.000000	0.000000	0.000000	0.000000	1741979730.464282	0.000000
172.000000	-11747.272223	5020.045342	-187500.022352	-179.685674	28183.403991	20420.106699	-35354.737682	19347.044152	2259.269626	52754.989595	18888.229893	45969.916400	-13827.459672	3307.700551	-42490.219175	-187500.022352	0.080000	0.952000	0.276000	192.000000	1.000000	64.000000	14.500000	96.000000	4.000000	80.000000	0.000000	0.000000	0.000000	1741979730.464481	0.000000
174.000000	-11728.027371	5017.117264	-187500.022352	-123.359278	28238.836317	20482.088087	-35387.326525	19396.419155	2276.659283	52589.989017	18713.796880	45802.032447	-13838.166158	3307.432331	-42585.661123	-187500.022352	0.080000	0.952000	0.276000	192.000000	0.000000	0.000000	0.000000	0.000000	0.000000	0.000000	0.000000	0.000000	0.000000	1741979730.464662	0.000000
176.000000	-11737.258641	5054.869360	-187500.022352	-150.829572	28200.480723	20449.409836	-35364.706560	19361.192806	2254.039318	52784.426842	18926.093748	46017.592671	-13843.329411	3303.118444	-42444.934540	-187500.022352	0.080000	0.952000	0.276000	192.000000	0.000000	0.000000	0.000000	0.000000	0.000000	0.000000	0.000000	0.000000	0.000000	1741979730.464858	0.000000
178.000000	-11696.846687	5050.063735	-187500.022352	-185.810052	28193.238758	20427.326313	-35352.323693	19348.407608	2232.626347	52571.906456	18691.154562	45782.720540	-13822.050550	3294.647133	-42605.800045	-187500.022352	0.080000	0.952000	0.276000	192.000000	0.000000	0.000000	0.000000	0.000000	0.000000	0.000000	0.000000	0.000000	0.000000	1741979730.465042	0.000000
180.000000	-11713.677551	5040.251319	-187500.022352	-143.721717	28208.214427	20449.208671	-35360.884411	19365.506693	2249.881893	52772.893342	18899.249303	45989.563583	-13833.516995	3320.530453	-42484.742997	-187500.022352	0.080000	0.952000	0.276000	192.000000	0.000000	0.000000	0.000000	0.000000	0.000000	0.000000	0.000000	0.000000	0.000000	1741979730.465221	0.000000
182.000000	-11724.384037	5030.997697	-187500.022352	-183.910153	28197.038555	20432.802490	-35364.840670	19359.918756	2240.874140	52575.058052	18695.960187	45791.974162	-13821.201184	3302.850223	-42608.929289	-187500.022352	0.078000	0.948000	0.274000	192.000000	1.000000	56.000000	14.500000	80.000000	4.000000	72.000000	0.000000	0.000000	0.000000	1741979730.524316	0.000000
184.000000	-11719.489005	5007.506014	-187500.022352	-93.296181	28242.926686	20493.509828	-35368.729874	19407.572676	2250.552446	52789.366578	18922.338655	46017.324450	-13839.417856	3309.667505	-42454.702253	-187500.022352	0.078000	0.948000	0.274000	192.000000	0.000000	0.000000	0.000000	0.000000	0.000000	0.000000	0.000000	0.000000	0.000000	1741979730.524560	0.000000
186.000000	-11730.195490	5035.691564	-187500.022352	-201.188052	28180.744133	20418.072691	-35358.783347	19350.128692	2259.291978	52595.018160	18719.541278	45816.918709	-13836.087446	3287.628685	-42574.909934	-187500.022352	0.078000	0.948000	0.274000	192.000000	0.000000	0.000000	0.000000	0.000000	0.000000	0.000000	0.000000	0.000000	0.000000	1741979730.524749	0.000000
188.000000	-11756.525845	5020.984116	-187500.022352	-99.845242	28239.529221	20484.926758	-35368.640467	19401.805926	2263.270588	52763.751479	18885.592387	45978.968856	-13838.076751	3316.194214	-42482.798395	-187500.022352	0.078000	0.948000	0.274000	192.000000	0.000000	0.000000	0.000000	0.000000	0.000000	0.000000	0.000000	0.000000	0.000000	1741979730.524931	0.000000
190.000000	-11710.660065	5044.945186	-187500.022352	-233.799247	28154.279668	20390.289472	-35354.469461	19329.296867	2242.796390	52606.417549	18719.250705	45825.434724	-13849.207920	3279.023263	-42571.959504	-187500.022352	0.078000	0.948000	0.274000	192.000000	0.000000	0.000000	0.000000	0.000000	0.000000	0.000000	0.000000	0.000000	0.000000	1741979730.525144	0.000000
192.000000	-11718.661990	5012.244584	-187500.022352	-92.737388	28246.257096	20490.134715	-35374.518976	19406.835068	2251.222998	52737.309365	18849.114340	45953.040833	-13820.575335	3327.727715	-42506.424189	-187500.022352	0.080000	0.950000	0.272000	192.000000	1.000000	64.000000	14.500000	88.000000	4.000000	64.000000	0.000000	0.000000	0.000000	1741979730.525446	0.000000
194.000000	-11725.121644	5023.711029	-187500.022352	-233.396916	28150.122243	20390.915321	-35356.950504	19329.341570	2248.384327	52624.544814	18735.992162	45846.288901	-13840.848367	3287.002836	-42556.894428	-187500.022352	0.080000	0.950000	0.272000	192.000000	0.000000	0.000000	0.000000	0.000000	0.000000	0.000000	0.000000	0.000000	0.000000	1741979730.525763	0.000000
196.000000	-11766.964110	4989.378749	-187500.022352	-58.919198	28268.832358	20523.014131	-35384.733723	19431.220821	2231.486408	52730.335621	18840.508919	45947.676414	-13831.594745	3320.150473	-42498.042285	-187500.022352	0.080000	0.950000	0.272000	192.000000	0.000000	0.000000	0.000000	0.000000	0.000000	0.000000	0.000000	0.000000	0.000000	1741979730.525997	0.000000
198.000000	-11737.683325	5018.503072	-187500.022352	-207.334782	28157.028932	20414.407005	-35370.361551	19342.059713	2248.786658	52663.995643	18781.813238	45902.905870	-13862.127228	3268.406185	-42504.613698	-187500.022352	0.080000	0.950000	0.272000	192.000000	0.000000	0.000000	0.000000	0.000000	0.000000	0.000000	0.000000	0.000000	0.000000	1741979730.584550	0.000000
200.000000	-11749.976784	5011.104645	-187500.022352	-45.463448	28264.429064	20524.891677	-35379.749284	19424.045911	2247.758478	52710.107292	18816.614904	45933.460705	-13842.569452	3294.870650	-42502.087951	-187500.022352	0.081000	0.952000	0.271000	192.000000	1.000000	72.000000	14.500000	104.000000	4.000000	56.000000	0.000000	0.000000	0.000000	1741979730.584765	0.000000
202.000000	-11719.466653	5018.704238	-187500.022352	-228.926567	28132.687883	20387.361394	-35348.836821	19311.326064	2229.877082	52677.697262	18786.127125	45910.170187	-13836.221556	3286.511098	-42512.101532	-187500.022352	0.081000	0.952000	0.271000	192.000000	0.000000	0.000000	0.000000	0.000000	0.000000	0.000000	0.000000	0.000000	0.000000	1741979730.584968	0.000000
204.000000	-11726.172176	5017.363133	-187500.022352	-68.441042	28249.319285	20511.659445	-35371.881470	19406.164516	2253.815800	52681.921742	18772.559616	45896.066236	-13812.014617	3319.166996	-42542.879885	-187500.022352	0.081000	0.952000	0.271000	192.000000	0.000000	0.000000	0.000000	0.000000	0.000000	0.000000	0.000000	0.000000	0.000000	1741979730.585145	0.000000
206.000000	-11734.844653	5013.250412	-187500.022352	-196.494186	28146.411854	20419.525554	-35357.732815	19334.527175	2228.267756	52714.063551	18815.273799	45947.788173	-13837.942641	3297.575211	-42503.585518	-187500.022352	0.081000	0.952000	0.271000	192.000000	0.000000	0.000000	0.000000	0.000000	0.000000	0.000000	0.000000	0.000000	0.000000	1741979730.585329	0.000000
208.000000	-11747.853368	5014.435055	-187500.022352	-28.945509	28267.960640	20551.490253	-35375.524804	19435.177080	2266.645702	52693.008207	18782.394383	45912.561823	-13825.023332	3315.769531	-42533.626262	-187500.022352	0.081000	0.952000	0.271000	192.000000	0.000000	0.000000	0.000000	0.000000	0.000000	0.000000	0.000000	0.000000	0.000000	1741979730.585523	0.000000
210.000000	-11736.297516	5029.522482	-187500.022352	-140.771287	28169.121226	20469.459351	-35363.320752	19361.349268	2273.865315	52777.408395	18872.494265	46013.234080	-13847.933870	3290.132080	-42471.130785	-187500.022352	0.079500	0.954000	0.270500	192.000000	1.000000	56.000000	14.500000	112.000000	4.000000	56.000000	0.000000	0.000000	0.000000	1741979730.585699	0.000000
212.000000	-11719.220784	5027.913156	-187500.022352	0.290573	28263.914974	20579.385230	-35380.553947	19441.927307	2244.763344	52716.768112	18793.659662	45943.161362	-13826.610306	3317.155339	-42529.893521	-187500.022352	0.079500	0.954000	0.270500	192.000000	0.000000	0.000000	0.000000	0.000000	0.000000	0.000000	0.000000	0.000000	0.000000	1741979730.644739	0.000000
214.000000	-11715.756263	5028.851930	-187500.022352	-93.497347	28170.194110	20504.305721	-35363.678379	19369.798228	2217.270698	52842.854302	18921.086958	46088.023017	-13839.954298	3291.361426	-42456.222171	-187500.022352	0.079500	0.954000	0.270500	192.000000	0.000000	0.000000	0.000000	0.000000	0.000000	0.000000	0.000000	0.000000	0.000000	1741979730.644954	0.000000
216.000000	-11707.195545	5024.627450	-187500.022352	41.484838	28260.942192	20618.992522	-35387.818264	19454.690153	2233.296899	52753.000290	18802.935636	45980.756996	-13823.458710	3287.941609	-42539.236550	-187500.022352	0.079500	0.954000	0.270500	192.000000	0.000000	0.000000	0.000000	0.000000	0.000000	0.000000	0.000000	0.000000	0.000000	1741979730.645148	0.000000
218.000000	-11755.318851	5017.586651	-187500.022352	-26.866797	28186.957918	20563.560195	-35372.149691	19396.419155	2238.996594	52913.843443	18971.378383	46165.225943	-13844.536405	3298.044598	-42433.736316	-187500.022352	0.079500	0.954000	0.270500	192.000000	0.000000	0.000000	0.000000	0.000000	0.000000	0.000000	0.000000	0.000000	0.000000	1741979730.645323	0.000000
220.000000	-11748.568624	5038.887863	-187500.022352	36.768620	28238.478689	20619.126632	-35363.991304	19434.730045	2260.409565	52769.853505	18806.824840	46010.395409	-13832.779388	3311.969735	-42542.902236	-187500.022352	0.076750	0.952000	0.270250	192.000000	1.000000	40.000000	14.500000	88.000000	4.000000	56.000000	0.000000	0.000000	0.000000	1741979730.645496	0.000000
222.000000	-11726.485101	5036.116247	-187500.022352	-4.470349	28187.092029	20579.854617	-35360.213859	19394.921588	2268.545600	52945.426458	18982.353089	46191.869222	-13838.702600	3325.358430	-42444.621616	-187500.022352	0.076750	0.952000	0.270250	192.000000	0.000000	0.000000	0.000000	0.000000	0.000000	0.000000	0.000000	0.000000	0.000000	1741979730.645676	0.000000
224.000000	-11684.285007	5032.204691	-187500.022352	25.436285	28219.747927	20614.611580	-35369.199260	19421.184888	2241.008251	52768.065365	18791.200971	46006.081522	-13828.085521	3290.087377	-42567.109176	-187500.022352	0.076750	0.952000	0.270250	192.000000	0.000000	0.000000	0.000000	0.000000	0.000000	0.000000	0.000000	0.000000	0.000000	1741979730.645862	0.000000
226.000000	-11740.812569	5013.161005	-187500.022352	45.530503	28214.316453	20623.775795	-35367.411121	19424.649408	2234.615652	52965.297158	19003.140211	46217.998411	-13827.079693	3323.100903	-42439.301901	-187500.022352	0.076750	0.952000	0.270250	192.000000	0.000000	0.000000	0.000000	0.000000	0.000000	0.000000	0.000000	0.000000	0.000000	1741979730.646033	0.000000
228.000000	-11705.407406	5050.197846	-187500.022352	28.207902	28202.380622	20614.902152	-35368.327542	19415.328731	2228.401867	52788.539563	18811.630465	46036.703412	-13834.925155	3296.211755	-42552.938170	-187500.022352	0.076750	0.952000	0.270250	192.000000	0.000000	0.000000	0.000000	0.000000	0.000000	0.000000	0.000000	0.000000	0.000000	1741979730.705041	0.000000
230.000000	-11724.629906	5046.152180	-187500.022352	41.261320	28191.092991	20607.056690	-35363.186641	19397.849667	2283.185993	52966.526504	18984.968243	46216.947879	-13825.112739	3316.641249	-42473.365959	-187500.022352	0.075375	0.951000	0.271125	192.000000	1.000000	40.000000	14.500000	88.000000	4.000000	64.000000	0.000000	0.000000	0.000000	1741979730.705254	0.000000
232.000000	-11731.849519	5041.882997	-187500.022352	-29.549006	28152.066845	20562.643774	-35360.102100	19362.042172	2240.896492	52775.776717	18779.779229	46020.029011	-13821.178832	3311.768569	-42608.549310	-187500.022352	0.075375	0.951000	0.271125	192.000000	0.000000	0.000000	0.000000	0.000000	0.000000	0.000000	0.000000	0.000000	0.000000	1741979730.705431	0.000000
234.000000	-11737.482159	5018.257203	-187500.022352	47.922140	28194.266938	20611.527039	-35349.976760	19401.202428	2266.086908	52960.916216	18966.818627	46203.268612	-13810.695864	3343.284529	-42515.342535	-187500.022352	0.075375	0.951000	0.271125	192.000000	0.000000	0.000000	0.000000	0.000000	0.000000	0.000000	0.000000	0.000000	0.000000	1741979730.705603	0.000000
236.000000	-11707.150842	5035.490398	-187500.022352	-56.035823	28137.180583	20544.918841	-35343.874734	19350.396913	2234.682707	52779.174182	18787.736450	46026.600424	-13835.863928	3298.782205	-42620.015755	-187500.022352	0.075375	0.951000	0.271125	192.000000	0.000000	0.000000	0.000000	0.000000	0.000000	0.000000	0.000000	0.000000	0.000000	1741979730.705781	0.000000
238.000000	-11717.097368	5022.705200	-187500.022352	76.688835	28232.935456	20646.015781	-35372.417912	19431.690208	2249.300748	52934.362344	18948.981935	46177.675864	-13812.729873	3342.278700	-42529.625300	-187500.022352	0.075375	0.951000	0.271125	192.000000	0.000000	0.000000	0.000000	0.000000	0.000000	0.000000	0.000000	0.000000	0.000000	1741979730.705968	0.000000
240.000000	-11706.189717	5029.790703	-187500.022352	-59.433289	28156.067807	20555.044181	-35358.291609	19364.254995	2260.811896	52787.399624	18819.051244	46048.259264	-13836.355667	3277.324531	-42569.612571	-187500.022352	0.077687	0.947500	0.271563	192.000000	1.000000	64.000000	14.500000	64.000000	4.000000	64.000000	0.000000	0.000000	0.000000	1741979730.706143	0.000000
242.000000	-11750.624985	5007.416607	-187500.022352	61.556704	28252.604992	20642.886536	-35376.776502	19439.714484	2250.954777	52893.369245	18931.949905	46142.941254	-13823.950449	3317.535319	-42499.204576	-187500.022352	0.077687	0.947500	0.271563	192.000000	0.000000	0.000000	0.000000	0.000000	0.000000	0.000000	0.000000	0.000000	0.000000	1741979730.764477	0.000000
244.000000	-11721.053627	5021.028819	-187500.022352	-120.364144	28140.935676	20507.569076	-35355.140013	19340.606849	2220.042315	52734.247176	18788.608168	45993.408083	-13830.208937	3280.520830	-42564.829298	-187500.022352	0.077687	0.947500	0.271563	192.000000	0.000000	0.000000	0.000000	0.000000	0.000000	0.000000	0.000000	0.000000	0.000000	1741979730.764677	0.000000
246.000000	-11708.737815	5031.534139	-187500.022352	13.053419	28244.737177	20599.546504	-35370.942696	19417.787423	2258.420260	52800.274229	18860.692544	46048.214561	-13827.258507	3347.196084	-42526.607815	-187500.022352	0.077687	0.947500	0.271563	192.000000	0.000000	0.000000	0.000000	0.000000	0.000000	0.000000	0.000000	0.000000	0.000000	1741979730.764857	0.000000
248.000000	-11707.553173	5047.269767	-187500.022352	-156.328101	28142.187374	20480.635223	-35348.658007	19333.297829	2235.599129	52708.207394	18793.145572	45973.090347	-13827.616135	3304.772473	-42550.300664	-187500.022352	0.077687	0.947500	0.271563	192.000000	0.000000	0.000000	0.000000	0.000000	0.000000	0.000000	0.000000	0.000000	0.000000	1741979730.765035	0.000000
250.000000	-11733.056513	5023.711029	-187500.022352	13.209881	28269.927593	20610.297693	-35377.983496	19443.268412	2258.822591	52759.862275	18837.044398	46002.728761	-13816.730835	3298.402226	-42524.171474	-187500.022352	0.077844	0.946750	0.271781	192.000000	1.000000	56.000000	14.500000	72.000000	4.000000	64.000000	0.000000	0.000000	0.000000	1741979730.765216	0.000000
252.000000	-11728.630868	5027.466122	-187500.022352	-162.877162	28144.869583	20473.125037	-35351.966065	19337.678771	2220.042315	52720.344391	18815.162041	45985.540269	-13836.065094	3291.406130	-42512.168588	-187500.022352	0.077844	0.946750	0.271781	192.000000	0.000000	0.000000	0.000000	0.000000	0.000000	0.000000	0.000000	0.000000	0.000000	1741979730.765421	0.000000
254.000000	-11718.282010	5026.482645	-187500.022352	-23.804608	28253.253192	20571.428009	-35372.149691	19419.620266	2257.012100	52701.948905	18785.970662	45947.229379	-13810.405291	3345.005613	-42547.640806	-187500.022352	0.077844	0.946750	0.271781	192.000000	0.000000	0.000000	0.000000	0.000000	0.000000	0.000000	0.000000	0.000000	0.000000	1741979730.765586	0.000000
0.000000	-11731.246022	5024.023953	-187500.022352	-184.781871	28131.883220	20443.754845	-35358.649237	19323.865393	2236.135571	52709.548498	18809.015311	45967.725929	-13852.292460	3301.509118	-42526.049021	-187500.022352	0.077844	0.946750	0.271781	192.000000	0.000000	0.000000	0.000000	0.000000	0.000000	0.000000	0.000000	0.000000	0.000000	1741979730.765764	0.000000
2.000000	-11738.063304	5038.776104	-187500.022352	-52.839524	28237.383454	20540.336733	-35366.628810	19405.516315	2231.352297	52657.513637	18743.591755	45893.607544	-13820.508280	3319.569328	-42576.988647	-187500.022352	0.077844	0.946750	0.271781	192.000000	0.000000	0.000000	0.000000	0.000000	0.000000	0.000000	0.000000	0.000000	0.000000	1741979730.824095	0.000000
4.000000	-11723.914650	5037.859683	-187500.022352	-199.310505	28125.155345	20426.901630	-35347.674530	19317.562201	2246.886760	52715.002324	18816.413738	45966.138955	-13833.114664	3306.158281	-42528.217140	-187500.022352	0.076922	0.947375	0.275891	192.000000	1.000000	48.000000	14.500000	80.000000	4.000000	96.000000	0.000000	0.000000	0.000000	1741979730.824291	0.000000
6.000000	-11725.166348	5021.699372	-187500.022352	-56.505210	28239.305704	20542.169576	-35375.703618	19412.132432	2238.907187	52633.418457	18720.345941	45868.685349	-13830.052475	3327.973584	-42587.516318	-187500.022352	0.076922	0.947375	0.275891	192.000000	0.000000	0.000000	0.000000	0.000000	0.000000	0.000000	0.000000	0.000000	0.000000	1741979730.824475	0.000000
8.000000	-11739.918499	5029.030744	-187500.022352	-187.799357	28134.856002	20430.433205	-35344.053548	19325.295904	2230.078248	52737.801103	18842.319410	45987.864851	-13842.904728	3306.538261	-42505.574823	-187500.022352	0.076922	0.947375	0.275891	192.000000	0.000000	0.000000	0.000000	0.000000	0.000000	0.000000	0.000000	0.000000	0.000000	1741979730.824649	0.000000
10.000000	-11722.372380	5026.817921	-187500.022352	-95.732522	28219.390299	20502.964616	-35363.946600	19389.221893	2230.480579	52599.019122	18689.366423	45826.820532	-13820.195355	3320.061066	-42612.237348	-187500.022352	0.076922	0.947375	0.275891	192.000000	0.000000	0.000000	0.000000	0.000000	0.000000	0.000000	0.000000	0.000000	0.000000	1741979730.824816	0.000000
12.000000	-11750.423819	5021.229985	-187500.022352	-165.984054	28163.220365	20445.542985	-35354.536516	19348.809939	2232.402829	52743.567853	18851.930660	45989.809452	-13841.653030	3298.536336	-42505.440713	-187500.022352	0.076922	0.947375	0.275891	192.000000	0.000000	0.000000	0.000000	0.000000	0.000000	0.000000	0.000000	0.000000	0.000000	1741979730.824986	0.000000
14.000000	-11742.623060	5025.968555	-187500.022352	-106.640173	28219.189134	20495.476782	-35363.678379	19395.703899	2232.201664	52593.431186	18688.651167	45826.753476	-13829.806606	3314.987220	-42600.100350	-187500.022352	0.075461	0.944688	0.275945	192.000000	1.000000	40.000000	14.500000	56.000000	4.000000	80.000000	0.000000	0.000000	0.000000	1741979730.825157	0.000000
16.000000	-11731.558947	5031.087104	-187500.022352	-134.736316	28181.437037	20465.324279	-35348.389786	19371.027573	2227.328983	52771.462830	18877.545759	46016.139807	-13848.894995	3340.199988	-42477.679846	-187500.022352	0.075461	0.944688	0.275945	192.000000	0.000000	0.000000	0.000000	0.000000	0.000000	0.000000	0.000000	0.000000	0.000000	1741979730.884443	0.000000
18.000000	-11705.921496	5029.723648	-187500.022352	-107.489539	28216.797497	20494.426250	-35345.282894	19400.107193	2228.446570	52588.156174	18679.732821	45819.198587	-13826.520899	3314.629592	-42595.585298	-187500.022352	0.075461	0.944688	0.275945	192.000000	0.000000	0.000000	0.000000	0.000000	0.000000	0.000000	0.000000	0.000000	0.000000	1741979730.884680	0.000000
20.000000	-11737.079827	5037.211482	-187500.022352	-94.681990	28211.544837	20492.571055	-35341.840725	19398.810792	2264.008196	52792.227601	18895.605969	46033.037726	-13828.487853	3369.838401	-42456.579799	-187500.022352	0.075461	0.944688	0.275945	192.000000	0.000000	0.000000	0.000000	0.000000	0.000000	0.000000	0.000000	0.000000	0.000000	1741979730.884866	0.000000
22.000000	-11731.648354	5048.610872	-187500.022352	-120.431199	28212.394203	20482.736287	-35355.564696	19394.385146	2255.335719	52589.474927	18678.905806	45819.645622	-13823.682228	3341.116409	-42587.672780	-187500.022352	0.075461	0.944688	0.275945	192.000000	0.000000	0.000000	0.000000	0.000000	0.000000	0.000000	0.000000	0.000000	0.000000	1741979730.885041	0.000000
24.000000	-11735.828130	5028.360191	-187500.022352	-99.733484	28214.227046	20491.833447	-35351.988417	19395.994472	2233.788637	52783.957456	18886.665271	46024.812284	-13829.672495	3371.023044	-42455.663378	-187500.022352	0.074730	0.940344	0.278973	192.000000	1.000000	40.000000	14.500000	32.000000	4.000000	104.000000	0.000000	0.000000	0.000000	1741979730.885219	0.000000
26.000000	-11723.333505	5029.522482	-187500.022352	-157.825668	28190.914177	20460.518653	-35351.742548	19377.308414	2232.022850	52580.936561	18677.296481	45817.052819	-13826.453844	3319.994011	-42579.693208	-187500.022352	0.074730	0.940344	0.278973	192.000000	0.000000	0.000000	0.000000	0.000000	0.000000	0.000000	0.000000	0.000000	0.000000	1741979730.885413	0.000000
