%OpenBCI Raw EXG Data
%Number of channels = 8
%Sample Rate = 250 Hz
%Board = OpenBCI_GUI$BoardCytonSerial
Sample Index, EXG Channel 0, EXG Channel 1, EXG Channel 2, EXG Channel 3, EXG Channel 4, EXG Channel 5, EXG Channel 6, EXG Channel 7, Accel Channel 0, Accel Channel 1, Accel Channel 2, Not Used, Digital Channel 0 (D11), Digital Channel 1 (D12), Digital Channel 2 (D13), Digital Channel 3 (D17), Not Used, Digital Channel 4 (D18), Analog Channel 0, Analog Channel 1, Analog Channel 2, Timestamp, Marker Channel, Timestamp (Formatted)
47.0, -67402.60182650111, -62744.386523292844, -58364.852769953344, -59922.232916621324, -68122.84208808448, -64513.97413181951, -73228.5840187769, -69031.8428315929, 0.0, 0.0, 0.0, 192.0, 0.0, 0.0, 0.0, 0.0, 0.0, 0.0, 0.0, 0.0, 0.0, 1.741116412356462E9, 0.0, 2025-03-04 13:26:52.356
48.0, -67413.0177394173, -62782.295081889046, -58375.067517169424, -59935.934535972425, -68131.64867539986, -64527.04990232586, -73252.50038534409, -69048.53958470102, 0.0, 0.0, 0.0, 192.0, 0.0, 0.0, 0.0, 0.0, 0.0, 0.0, 0.0, 0.0, 0.0, 1.741116412356527E9, 0.0, 2025-03-04 13:26:52.356
49.0, -67410.5143440383, -62735.46817725518, -58376.58743579238, -59932.313553370666, -68136.34254173547, -64533.71072217354, -73262.53631860451, -69058.26259353907, 0.0, 0.0, 0.0, 192.0, 0.0, 0.0, 0.0, 0.0, 0.0, 0.0, 0.0, 0.0, 0.0, 1.741116412356558E9, 0.0, 2025-03-04 13:26:52.356
50.0, -67406.44632654743, -62695.12327851335, -58380.78956374998, -59931.48653882582, -68139.49413770367, -64535.20828905205, -73271.87934778683, -69067.04682911001, 0.0, 0.0, 0.0, 192.0, 0.0, 0.0, 0.0, 0.0, 0.0, 0.0, 0.0, 0.0, 0.0, 1.741116412356587E9, 0.0, 2025-03-04 13:26:52.356
51.0, -67389.48135250586, -62724.42641549426, -58368.026717666, -59925.876250967536, -68124.89844857436, -64520.41143422264, -73262.06693197096, -69053.7028376702, 0.018000000000000002, 0.964, -0.18, 192.0, 0.0, 144.0, 30.0, 32.0, 250.0, 96.0, 0.0, 0.0, 0.0, 1.741116412356632E9, 0.0, 2025-03-04 13:26:52.356
52.0, -67387.31323329368, -62763.78783748006, -58366.50679904304, -59930.10073066959, -68124.92080031883, -64524.6806174136, -73240.89982997178, -69059.82721565095, 0.018000000000000002, 0.964, -0.18, 192.0, 0.0, 0.0, 0.0, 0.0, 0.0, 0.0, 0.0, 0.0, 0.0, 1.741116412356666E9, 0.0, 2025-03-04 13:26:52.356
53.0, -67394.51049500829, -62735.19995632172, -58373.10056365735, -59933.542899315704, -68135.94021033529, -64537.62227745322, -73257.41776912425, -69069.32670704446, 0.018000000000000002, 0.964, -0.18, 192.0, 0.0, 0.0, 0.0, 0.0, 0.0, 0.0, 0.0, 0.0, 0.0, 1.741116412356697E9, 0.0, 2025-03-04 13:26:52.356
54.0, -67381.77000066877, -62674.20204570318, -58357.90137742775, -59909.89475368199, -68125.9266288193, -64523.33951274628, -73252.12040568834, -69049.45600622369, 0.018000000000000002, 0.964, -0.18, 192.0, 0.0, 0.0, 0.0, 0.0, 0.0, 0.0, 0.0, 0.0, 0.0, 1.741116412356728E9, 0.0, 2025-03-04 13:26:52.356
55.0, -67381.23355880185, -62701.0017873051, -58364.60690076434, -59917.71786424135, -68137.59423942497, -64535.49886172997, -73264.12329246083, -69060.22954705115, 0.018000000000000002, 0.964, -0.18, 192.0, 0.0, 0.0, 0.0, 0.0, 0.0, 0.0, 0.0, 0.0, 0.0, 1.741116412356758E9, 0.0, 2025-03-04 13:26:52.356
56.0, -67372.06934357516, -62745.12413085987, -58358.862502439326, -59919.5954107756, -68135.06849230152, -64527.80986163734, -73268.23601344062, -69047.42199747825, 0.018000000000000002, 0.964, -0.18, 192.0, 0.0, 0.0, 0.0, 0.0, 0.0, 0.0, 0.0, 0.0, 0.0, 1.741116412356795E9, 0.0, 2025-03-04 13:26:52.356
57.0, -67366.92844235044, -62722.28064802655, -58349.340659301364, -59912.33109382762, -68128.72059687621, -64526.26759126993, -73250.22050740964, -69052.0488085805, 0.018000000000000002, 0.964, -0.18, 192.0, 0.0, 0.0, 0.0, 0.0, 0.0, 0.0, 0.0, 0.0, 0.0, 1.741116412356826E9, 0.0, 2025-03-04 13:26:52.356
58.0, -67376.6514511885, -62663.40615313127, -58352.4699035251, -59907.25724783626, -68134.30853299005, -64538.985733864996, -73243.20205965068, -69070.51134950058, 0.018000000000000002, 0.964, -0.18, 192.0, 0.0, 0.0, 0.0, 0.0, 0.0, 0.0, 0.0, 0.0, 0.0, 1.741116412356856E9, 0.0, 2025-03-04 13:26:52.356
59.0, -67382.03822160223, -62685.02029001955, -58358.080191383386, -59915.728558984825, -68139.65059991486, -64544.841890912285, -73260.09997845888, -69078.31210831548, 0.018000000000000002, 0.964, -0.18, 192.0, 0.0, 0.0, 0.0, 0.0, 0.0, 0.0, 0.0, 0.0, 0.0, 1.741116412356894E9, 0.0, 2025-03-04 13:26:52.356
60.0, -67382.93229138045, -62741.14552034683, -58357.879025683294, -59928.15612890198, -68138.82358537002, -64547.38998978019, -73256.5907545794, -69075.42873328076, 0.018000000000000002, 0.964, -0.18, 192.0, 0.0, 0.0, 0.0, 0.0, 0.0, 0.0, 0.0, 0.0, 0.0, 1.741116412356929E9, 0.0, 2025-03-04 13:26:52.356
61.0, -67371.04116333023, -62734.618810965876, -58340.668182452704, -59913.13575662801, -68124.78668985209, -64533.15192856216, -73250.13110043181, -69065.01282036457, 0.016, 0.966, -0.184, 192.0, 0.0, 128.0, 30.0, 48.0, 250.0, 64.0, 0.0, 0.0, 0.0, 1.741116412356967E9, 0.0, 2025-03-04 13:26:52.356
62.0, -67384.2063408144, -62672.57036835795, -58347.19489183366, -59907.279599580725, -68136.47665220221, -64542.1373298332, -73270.15826346377, -69088.81742820948, 0.016, 0.966, -0.184, 192.0, 0.0, 0.0, 0.0, 0.0, 0.0, 0.0, 0.0, 0.0, 0.0, 1.741116412357002E9, 0.0, 2025-03-04 13:26:52.357
0.0, 0.0, 0.0, 0.0, 0.0, 0.0, 0.0, 0.0, 0.0, 0.056, 0.962, -0.2, 192.0, 1.0, 192.0, 30.0, 16.0, 249.0, 192.0, 0.0, 0.0, 0.0, 1.741116412434604E9, 0.0, 2025-03-04 13:26:52.434
1.0, -67024.23149636168, -62394.76053652293, -58011.42698662603, -59488.9890538441, -67697.51074284443, -64093.53781861518, -72804.77259215982, -68582.77393374132, 0.056, 0.962, -0.2, 192.0, 0.0, 0.0, 0.0, 0.0, 0.0, 0.0, 0.0, 0.0, 0.0, 1.741116412450657E9, 0.0, 2025-03-04 13:26:52.450
2.0, -67034.24507787765, -62332.846204381734, -58017.01492273986, -59484.78692588651, -67712.1287837182, -64100.66802509643, -72826.45378428148, -68580.24818661787, 0.056, 0.962, -0.2, 192.0, 0.0, 0.0, 0.0, 0.0, 0.0, 0.0, 0.0, 0.0, 0.0, 1.741116412509159E9, 0.0, 2025-03-04 13:26:52.509
3.0, -67029.75237724214, -62353.20864358052, -58011.06935871475, -59488.18439104372, -67704.64094932568, -64095.39301340497, -72821.51404875684, -68585.97023319843, 0.056, 0.962, -0.2, 192.0, 0.0, 0.0, 0.0, 0.0, 0.0, 0.0, 0.0, 0.0, 0.0, 1.741116412509234E9, 0.0, 2025-03-04 13:26:52.509
4.0, -67044.61628730492, -62410.943199508576, -58014.265658171855, -59504.9929028741, -67706.13851620418, -64105.65246410996, -72812.75216493037, -68590.61939604513, 0.056, 0.962, -0.2, 192.0, 0.0, 0.0, 0.0, 0.0, 0.0, 0.0, 0.0, 0.0, 0.0, 1.741116412509274E9, 0.0, 2025-03-04 13:26:52.509
5.0, -67061.13422645739, -62422.99078976999, -58022.58050710923, -59517.599286746896, -67716.5320773759, -64114.95078980336, -72825.78323194782, -68590.21706464495, 0.056, 0.962, -0.2, 192.0, 0.0, 0.0, 0.0, 0.0, 0.0, 0.0, 0.0, 0.0, 0.0, 1.741116412509305E9, 0.0, 2025-03-04 13:26:52.509
6.0, -67034.13331915537, -62348.55948073381, -58014.2433064274, -59495.24754229159, -67711.90526627365, -64108.759356589246, -72821.15642084557, -68593.41336410206, 0.056, 0.962, -0.2, 192.0, 0.0, 0.0, 0.0, 0.0, 0.0, 0.0, 0.0, 0.0, 0.0, 1.741116412509336E9, 0.0, 2025-03-04 13:26:52.509
7.0, -67028.83595571946, -62350.124102845686, -58018.33367566272, -59495.00167310258, -67712.46405988504, -64108.960522289344, -72827.48196452642, -68601.34823338369, 0.056, 0.962, -0.2, 192.0, 0.0, 0.0, 0.0, 0.0, 0.0, 0.0, 0.0, 0.0, 0.0, 1.741116412509366E9, 0.0, 2025-03-04 13:26:52.509
8.0, -67005.88071416387, -62391.40777485464, -58001.86043999916, -59493.3923475018, -67692.45924859753, -64094.275426182205, -72814.85322890917, -68593.81569550226, 0.082, 0.964, -0.21, 192.0, 2.0, 144.0, 30.0, 32.0, 249.0, 112.0, 0.0, 0.0, 0.0, 1.741116412509404E9, 0.0, 2025-03-04 13:26:52.509
9.0, -67013.65912123432, -62398.60503656925, -58001.90514348807, -59487.960873599164, -67689.50881832944, -64093.13548721498, -72807.61126370565, -68589.41240184456, 0.082, 0.964, -0.21, 192.0, 0.0, 0.0, 0.0, 0.0, 0.0, 0.0, 0.0, 0.0, 0.0, 1.741116412509439E9, 0.0, 2025-03-04 13:26:52.509
10.0, -67026.53372604058, -62338.45649224002, -58011.33757964821, -59491.045414333996, -67701.55640859084, -64106.725347843814, -72824.26331332485, -68594.86622749164, 0.082, 0.964, -0.21, 192.0, 0.0, 0.0, 0.0, 0.0, 0.0, 0.0, 0.0, 0.0, 0.0, 1.741116412509469E9, 0.0, 2025-03-04 13:26:52.509
11.0, -67024.43266206178, -62331.460396225506, -58008.83418426922, -59492.7441469126, -67696.66137655513, -64104.758394331744, -72818.38480453311, -68596.29673913679, 0.082, 0.964, -0.21, 192.0, 0.0, 0.0, 0.0, 0.0, 0.0, 0.0, 0.0, 0.0, 0.0, 1.741116412509507E9, 0.0, 2025-03-04 13:26:52.509
12.0, -67007.33357755347, -62375.31451884682, -57992.89739047258, -59489.078460821926, -67680.61282403623, -64086.40761213394, -72807.72302242792, -68581.27636686282, 0.082, 0.964, -0.21, 192.0, 0.0, 0.0, 0.0, 0.0, 0.0, 0.0, 0.0, 0.0, 0.0, 1.741116412509538E9, 0.0, 2025-03-04 13:26:52.509
13.0, -67021.01284516012, -62399.16383018063, -58004.65440805607, -59497.92975162623, -67696.23669341048, -64094.901275026954, -72831.79585120629, -68590.28411987831, 0.082, 0.964, -0.21, 192.0, 0.0, 0.0, 0.0, 0.0, 0.0, 0.0, 0.0, 0.0, 0.0, 1.741116412509575E9, 0.0, 2025-03-04 13:26:52.509
14.0, -67019.89525793734, -62341.71984693049, -58005.14614643409, -59491.023062589535, -67699.14242018967, -64097.80700180615, -72823.30218831328, -68596.29673913679, 0.082, 0.964, -0.21, 192.0, 0.0, 0.0, 0.0, 0.0, 0.0, 0.0, 0.0, 0.0, 0.0, 1.741116412509607E9, 0.0, 2025-03-04 13:26:52.509
15.0, -67018.75531897013, -62311.880268082656, -58007.18015517952, -59488.7431846551, -67700.63998706818, -64098.94694077336, -72833.20401110698, -68603.80692527378, 0.082, 0.964, -0.21, 192.0, 0.0, 0.0, 0.0, 0.0, 0.0, 0.0, 0.0, 0.0, 0.0, 1.741116412509645E9, 0.0, 2025-03-04 13:26:52.509
16.0, -67023.22566786119, -62362.05993438482, -58012.790443037804, -59502.73537668412, -67703.38925163618, -64102.679682097405, -72845.11749090166, -68613.52993411184, 0.082, 0.964, -0.21, 192.0, 0.0, 0.0, 0.0, 0.0, 0.0, 0.0, 0.0, 0.0, 0.0, 1.741116412509685E9, 0.0, 2025-03-04 13:26:52.509
17.0, -67024.23149636168, -62399.16383018063, -58013.48334711592, -59504.09883309589, -67704.64094932568, -64102.47851639731, -72858.68499978603, -68607.98670148691, 0.082, 0.964, -0.21, 192.0, 0.0, 0.0, 0.0, 0.0, 0.0, 0.0, 0.0, 0.0, 0.0, 1.741116412569456E9, 0.0, 2025-03-04 13:26:52.569
18.0, -67021.30341783803, -62351.10757960172, -58011.02465522584, -59490.53132421152, -67708.10546971625, -64101.763260574735, -72850.3477991042, -68599.76125952737, 0.092, 0.9580000000000001, -0.21, 192.0, 2.0, 224.0, 29.0, 240.0, 249.0, 112.0, 0.0, 0.0, 0.0, 1.741116412569505E9, 0.0, 2025-03-04 13:26:52.569
19.0, -67027.98658943016, -62316.14945127362, -58015.20443143898, -59490.48662072261, -67709.75949880594, -64110.16751648993, -72817.80365917727, -68604.20925667397, 0.092, 0.9580000000000001, -0.21, 192.0, 0.0, 0.0, 0.0, 0.0, 0.0, 0.0, 0.0, 0.0, 0.0, 1.741116412569567E9, 0.0, 2025-03-04 13:26:52.569
20.0, -67025.70671149573, -62365.278585586384, -58022.46874838696, -59505.66345520777, -67713.71575757454, -64115.91191481494, -72820.97760688992, -68608.50079160939, 0.092, 0.9580000000000001, -0.21, 192.0, 0.0, 0.0, 0.0, 0.0, 0.0, 0.0, 0.0, 0.0, 0.0, 1.741116412569598E9, 0.0, 2025-03-04 13:26:52.569
21.0, -67015.02257764609, -62406.56225759534, -58013.17042269355, -59509.95499014318, -67707.70313831605, -64109.47461241182, -72831.08059538373, -68606.75735554188, 0.092, 0.9580000000000001, -0.21, 192.0, 0.0, 0.0, 0.0, 0.0, 0.0, 0.0, 0.0, 0.0, 0.0, 1.74111641256963E9, 0.0, 2025-03-04 13:26:52.569
22.0, -67020.20818235973, -62378.51081830393, -58013.997437238395, -59503.22711506214, -67710.78767905089, -64112.08976651308, -72847.48677581392, -68610.91478001056, 0.092, 0.9580000000000001, -0.21, 192.0, 0.0, 0.0, 0.0, 0.0, 0.0, 0.0, 0.0, 0.0, 0.0, 1.74111641256966E9, 0.0, 2025-03-04 13:26:52.569
23.0, -67020.63286550438, -62321.46916645398, -58011.02465522584, -59490.66543467825, -67708.59720809427, -64103.26082745324, -72834.96979891894, -68585.90317796507, 0.092, 0.9580000000000001, -0.21, 192.0, 0.0, 0.0, 0.0, 0.0, 0.0, 0.0, 0.0, 0.0, 0.0, 1.741116412569692E9, 0.0, 2025-03-04 13:26:52.569
24.0, -67016.34133056895, -62348.090094100255, -58010.62232382564, -59493.548809712986, -67703.79158303638, -64096.667062838926, -72824.10685111367, -68583.46683781945, 0.092, 0.9580000000000001, -0.21, 192.0, 0.0, 0.0, 0.0, 0.0, 0.0, 0.0, 0.0, 0.0, 0.0, 1.741116412569732E9, 0.0, 2025-03-04 13:26:52.569
25.0, -67007.49003976466, -62391.25131264345, -58004.31913188924, -59491.76067015656, -67694.49325734297, -64085.51354235572, -72817.75895568836, -68578.30358485026, 0.092, 0.9580000000000001, -0.21, 192.0, 0.0, 0.0, 0.0, 0.0, 0.0, 0.0, 0.0, 0.0, 0.0, 1.741116412569763E9, 0.0, 2025-03-04 13:26:52.569
26.0, -67020.83403120447, -62377.661452014625, -58011.0917104592, -59497.41566150376, -67701.22113242402, -64093.8283912931, -72823.92803715802, -68593.21219840196, 0.092, 0.9580000000000001, -0.21, 192.0, 0.0, 0.0, 0.0, 0.0, 0.0, 0.0, 0.0, 0.0, 0.0, 1.741116412569799E9, 0.0, 2025-03-04 13:26:52.569
27.0, -67037.01669419011, -62323.704340899516, -58022.647562342594, -59505.998731374595, -67709.91596101713, -64102.746737330766, -72836.13208963061, -68594.97798621393, 0.092, 0.9580000000000001, -0.21, 192.0, 0.0, 0.0, 0.0, 0.0, 0.0, 0.0, 0.0, 0.0, 0.0, 1.74111641256983E9, 0.0, 2025-03-04 13:26:52.569
28.0, -67028.90301095284, -62339.30585852932, -58018.33367566272, -59501.77425167254, -67698.80714402284, -64090.14035345797, -72823.10102261318, -68588.02659368832, 0.09, 0.9580000000000001, -0.21, 192.0, 2.0, 208.0, 29.0, 240.0, 249.0, 112.0, 0.0, 0.0, 0.0, 1.741116412569861E9, 0.0, 2025-03-04 13:26:52.569
29.0, -67025.66200800681, -62392.413603355126, -58016.90316401758, -59511.25139132159, -67693.04039395337, -64089.13452495749, -72811.07578409622, -68587.91483496605, 0.09, 0.9580000000000001, -0.21, 192.0, 0.0, 0.0, 0.0, 0.0, 0.0, 0.0, 0.0, 0.0, 0.0, 1.741116412569901E9, 0.0, 2025-03-04 13:26:52.569
30.0, -67029.95354294224, -62396.9286557351, -58013.30453316028, -59509.3961965318, -67692.16867591962, -64089.738022057776, -72815.88140915411, -68586.97606169892, 0.09, 0.9580000000000001, -0.21, 192.0, 0.0, 0.0, 0.0, 0.0, 0.0, 0.0, 0.0, 0.0, 0.0, 1.741116412569943E9, 0.0, 2025-03-04 13:26:52.569
31.0, -67017.95065616973, -62328.308800257306, -58005.34731213419, -59489.503143966576, -67691.54282707487, -64085.8264667781, -72819.68120571152, -68589.70297452247, 0.09, 0.9580000000000001, -0.21, 192.0, 0.0, 0.0, 0.0, 0.0, 0.0, 0.0, 0.0, 0.0, 0.0, 1.741116412569981E9, 0.0, 2025-03-04 13:26:52.569
32.0, -67022.89039169435, -62331.99683809243, -58009.1918121805, -59493.34764401289, -67689.01707995142, -64088.93335925739, -72815.32261554273, -68590.77585825633, 0.09, 0.9580000000000001, -0.21, 192.0, 0.0, 0.0, 0.0, 0.0, 0.0, 0.0, 0.0, 0.0, 0.0, 1.741116412630224E9, 0.0, 2025-03-04 13:26:52.630
33.0, -66999.95750188321, -62372.3193850898, -57992.740928261395, -59487.737356154605, -67670.80040822034, -64071.29783288215, -72804.19144680399, -68583.80211398627, 0.09, 0.9580000000000001, -0.21, 192.0, 0.0, 0.0, 0.0, 0.0, 0.0, 0.0, 0.0, 0.0, 0.0, 1.74111641263027E9, 0.0, 2025-03-04 13:26:52.630
34.0, -67008.16059209831, -62391.25131264345, -58005.168498178544, -59509.843231420906, -67679.04820192435, -64087.25697842324, -72821.24582782338, -68594.86622749164, 0.09, 0.9580000000000001, -0.21, 192.0, 0.0, 0.0, 0.0, 0.0, 0.0, 0.0, 0.0, 0.0, 0.0, 1.741116412630333E9, 0.0, 2025-03-04 13:26:52.630
35.0, -67021.88456319387, -62334.25436428242, -58017.841937284706, -59498.26502779306, -67694.40385036515, -64097.78465006169, -72834.96979891894, -68603.40459387358, 0.09, 0.9580000000000001, -0.21, 192.0, 0.0, 0.0, 0.0, 0.0, 0.0, 0.0, 0.0, 0.0, 0.0, 1.741116412630364E9, 0.0, 2025-03-04 13:26:52.630
36.0, -67020.43169980428, -62319.43515770855, -58017.46195762896, -59484.63046367532, -67694.44855385406, -64088.70984181284, -72818.02717662182, -68588.20540764397, 0.09, 0.9580000000000001, -0.21, 192.0, 0.0, 0.0, 0.0, 0.0, 0.0, 0.0, 0.0, 0.0, 0.0, 1.741116412630395E9, 0.0, 2025-03-04 13:26:52.630
37.0, -67008.87584792088, -62361.45643728453, -58009.10240520268, -59491.60420794538, -67685.91018747214, -64082.607815576535, -72811.45576375196, -68583.444486075, 0.09, 0.9580000000000001, -0.21, 192.0, 0.0, 0.0, 0.0, 0.0, 0.0, 0.0, 0.0, 0.0, 0.0, 1.741116412630425E9, 0.0, 2025-03-04 13:26:52.630
38.0, -67012.47447877818, -62390.021966698405, -58008.253038913375, -59498.68971093771, -67690.06761194082, -64086.42996387839, -72822.25165632388, -68592.56399781276, 0.094, 0.964, -0.20600000000000002, 192.0, 2.0, 240.0, 30.0, 32.0, 249.0, 144.0, 0.0, 0.0, 0.0, 1.741116412630456E9, 0.0, 2025-03-04 13:26:52.630
39.0, -67009.07701362098, -62331.77332064788, -58001.055777198766, -59486.61976893184, -67688.5253415734, -64082.98779523228, -72823.03396737982, -68593.61452980216, 0.094, 0.964, -0.20600000000000002, 192.0, 0.0, 0.0, 0.0, 0.0, 0.0, 0.0, 0.0, 0.0, 0.0, 1.741116412630496E9, 0.0, 2025-03-04 13:26:52.630
40.0, -67005.63484497486, -62304.07950926775, -58003.44741385549, -59487.80441138797, -67687.31834737281, -64082.16078068743, -72824.77740344733, -68595.13444842512, 0.094, 0.964, -0.20600000000000002, 192.0, 0.0, 0.0, 0.0, 0.0, 0.0, 0.0, 0.0, 0.0, 0.0, 1.741116412630527E9, 0.0, 2025-03-04 13:26:52.630
41.0, -66994.0119378581, -62343.84326265375, -57995.71371027395, -59491.0901178229, -67676.05306816734, -64075.65642305093, -72817.60249347717, -68592.47459083493, 0.094, 0.964, -0.20600000000000002, 192.0, 0.0, 0.0, 0.0, 0.0, 0.0, 0.0, 0.0, 0.0, 0.0, 1.741116412630563E9, 0.0, 2025-03-04 13:26:52.630
42.0, -66988.04402208854, -62380.67893751609, -57988.18117239251, -59499.67318769374, -67669.61576576422, -64077.086934696075, -72812.8862753971, -68593.50277107987, 0.094, 0.964, -0.20600000000000002, 192.0, 0.0, 0.0, 0.0, 0.0, 0.0, 0.0, 0.0, 0.0, 0.0, 1.741116412630594E9, 0.0, 2025-03-04 13:26:52.630
43.0, -66998.83991466045, -62337.875346884175, -57989.790497993294, -59493.615864946354, -67682.0209839369, -64081.02084172021, -72829.18069710502, -68584.22679713092, 0.094, 0.964, -0.20600000000000002, 192.0, 0.0, 0.0, 0.0, 0.0, 0.0, 0.0, 0.0, 0.0, 0.0, 1.741116412630625E9, 0.0, 2025-03-04 13:26:52.630
44.0, -67003.51142925161, -62294.62472136316, -57992.1374311611, -59490.330158511424, -67686.64779503916, -64080.35028938655, -72820.91055165656, -68580.42700057352, 0.094, 0.964, -0.20600000000000002, 192.0, 0.0, 0.0, 0.0, 0.0, 0.0, 0.0, 0.0, 0.0, 0.0, 1.741116412630661E9, 0.0, 2025-03-04 13:26:52.630
45.0, -67006.95359789772, -62342.8150824088, -57994.99845445138, -59505.372882529846, -67683.56325430433, -64087.12286795651, -72819.79296443379, -68600.72238453894, 0.094, 0.964, -0.20600000000000002, 192.0, 0.0, 0.0, 0.0, 0.0, 0.0, 0.0, 0.0, 0.0, 0.0, 1.741116412630697E9, 0.0, 2025-03-04 13:26:52.630
46.0, -66998.83991466045, -62390.670167287615, -57993.925570717525, -59527.098778140404, -67684.41262059363, -64097.02469075021, -72824.97856914742, -68600.25299790538, 0.094, 0.964, -0.20600000000000002, 192.0, 0.0, 0.0, 0.0, 0.0, 0.0, 0.0, 0.0, 0.0, 0.0, 1.741116412630734E9, 0.0, 2025-03-04 13:26:52.630
47.0, -66978.18690278374, -62341.25046029693, -57976.1335821311, -59482.32823399642, -67678.8693879687, -64073.868283494514, -72823.43629878001, -68577.40951507205, 0.094, 0.964, -0.20600000000000002, 192.0, 0.0, 0.0, 0.0, 0.0, 0.0, 0.0, 0.0, 0.0, 0.0, 1.741116412688562E9, 0.0, 2025-03-04 13:26:52.688
48.0, -66981.96434759669, -62282.53242761284, -57980.916855444535, -59474.952158326174, -67680.54576880285, -64075.16468467292, -72816.06022310976, -68572.939166181, 0.092, 0.962, -0.20400000000000001, 192.0, 2.0, 224.0, 30.0, 16.0, 249.0, 160.0, 0.0, 0.0, 0.0, 1.741116412688616E9, 0.0, 2025-03-04 13:26:52.688
49.0, -66973.47068470367, -62308.41574769208, -57979.77691647732, -59481.76944038504, -67671.06862915381, -64074.0247457057, -72800.36929850213, -68576.87307320513, 0.092, 0.962, -0.20400000000000001, 192.0, 0.0, 0.0, 0.0, 0.0, 0.0, 0.0, 0.0, 0.0, 0.0, 1.741116412688682E9, 0.0, 2025-03-04 13:26:52.688
50.0, -66975.70585914921, -62356.18142559307, -57984.73900374639, -59497.30390278148, -67673.68378325508, -64077.31045214063, -72813.51212424185, -68579.62233777314, 0.092, 0.962, -0.20400000000000001, 192.0, 0.0, 0.0, 0.0, 0.0, 0.0, 0.0, 0.0, 0.0, 0.0, 1.741116412688714E9, 0.0, 2025-03-04 13:26:52.688
51.0, -66976.08583880495, -62348.33596328926, -57984.76135549085, -59498.510896982065, -67672.14151288767, -64074.717649783815, -72796.0777635667, -68560.28807881929, 0.092, 0.962, -0.20400000000000001, 192.0, 0.0, 0.0, 0.0, 0.0, 0.0, 0.0, 0.0, 0.0, 0.0, 1.741116412688745E9, 0.0, 2025-03-04 13:26:52.688
52.0, -66970.34144047993, -62279.313776411276, -57974.56896001923, -59480.58479792891, -67661.39032380466, -64066.939242713364, -72762.88542305058, -68559.97515439692, 0.092, 0.962, -0.20400000000000001, 192.0, 0.0, 0.0, 0.0, 0.0, 0.0, 0.0, 0.0, 0.0, 0.0, 1.741116412688775E9, 0.0, 2025-03-04 13:26:52.688
53.0, -66975.41528647128, -62294.62472136316, -57982.392070578586, -59489.43608873321, -67664.31840232831, -64072.59423406056, -72782.06321979323, -68579.0858959062, 0.092, 0.962, -0.20400000000000001, 192.0, 0.0, 0.0, 0.0, 0.0, 0.0, 0.0, 0.0, 0.0, 0.0, 1.741116412688806E9, 0.0, 2025-03-04 13:26:52.688
54.0, -66980.62324292937, -62352.068704613295, -57992.584466050204, -59508.39036803131, -67666.41946630711, -64077.39985911845, -72783.73960062738, -68579.19765462849, 0.092, 0.962, -0.20400000000000001, 192.0, 0.0, 0.0, 0.0, 0.0, 0.0, 0.0, 0.0, 0.0, 0.0, 1.741116412688844E9, 0.0, 2025-03-04 13:26:52.688
55.0, -66985.92060636528, -62360.472960528496, -57997.412442852554, -59514.55944950098, -67670.6215942647, -64079.23270216378, -72794.80371413275, -68579.62233777314, 0.092, 0.962, -0.20400000000000001, 192.0, 0.0, 0.0, 0.0, 0.0, 0.0, 0.0, 0.0, 0.0, 0.0, 1.741116412688875E9, 0.0, 2025-03-04 13:26:52.688
56.0, -66997.45410650421, -62298.82684932076, -58004.699111544985, -59504.72468194064, -67681.1716176476, -64084.66417606642, -72806.02428984932, -68587.4901518214, 0.092, 0.962, -0.20400000000000001, 192.0, 0.0, 0.0, 0.0, 0.0, 0.0, 0.0, 0.0, 0.0, 0.0, 1.741116412688906E9, 0.0, 2025-03-04 13:26:52.688
57.0, -66984.64655693133, -62296.47991615295, -58000.072300442735, -59499.02498710454, -67673.46026581053, -64072.23660614927, -72798.87173162363, -68572.7380004809, 0.092, 0.962, -0.20400000000000001, 192.0, 0.0, 0.0, 0.0, 0.0, 0.0, 0.0, 0.0, 0.0, 0.0, 1.741116412688948E9, 0.0, 2025-03-04 13:26:52.688
58.0, -66975.72821089366, -62342.74802717543, -57997.3900911081, -59511.96664714416, -67671.04627740935, -64073.667117794415, -72792.43442922049, -68577.49892204987, 0.084, 0.964, -0.20600000000000002, 192.0, 2.0, 160.0, 30.0, 32.0, 249.0, 144.0, 0.0, 0.0, 0.0, 1.741116412688979E9, 0.0, 2025-03-04 13:26:52.688
59.0, -66967.99450731212, -62356.04731512634, -57991.757451505364, -59507.317484297455, -67673.61672802172, -64076.1258096845, -72798.49175196789, -68580.47170406244, 0.084, 0.964, -0.20600000000000002, 192.0, 0.0, 0.0, 0.0, 0.0, 0.0, 0.0, 0.0, 0.0, 0.0, 1.741116412689019E9, 0.0, 2025-03-04 13:26:52.689
60.0, -66976.15289403831, -62297.86572430918, -57993.657349784065, -59500.41079526077, -67683.96558570451, -64085.24532142226, -72814.85322890917, -68592.63105304612, 0.084, 0.964, -0.20600000000000002, 192.0, 0.0, 0.0, 0.0, 0.0, 0.0, 0.0, 0.0, 0.0, 0.0, 1.74111641268905E9, 0.0, 2025-03-04 13:26:52.689
61.0, -66974.67767890426, -62290.89198003912, -57992.91974221704, -59506.11049009687, -67677.48357981248, -64084.66417606642, -72814.1379730866, -68591.37935535662, 0.084, 0.964, -0.20600000000000002, 192.0, 0.0, 0.0, 0.0, 0.0, 0.0, 0.0, 0.0, 0.0, 0.0, 1.741116412689092E9, 0.0, 2025-03-04 13:26:52.689
62.0, -66965.24524274412, -62327.92882060156, -57984.64959676858, -59494.331120768926, -67668.87815819719, -64072.34836487155, -72814.24973180887, -68591.04407918979, 0.084, 0.964, -0.20600000000000002, 192.0, 0.0, 0.0, 0.0, 0.0, 0.0, 0.0, 0.0, 0.0, 0.0, 1.741116412748977E9, 0.0, 2025-03-04 13:26:52.748
63.0, -66960.48432117514, -62352.15811159112, -57980.11219264415, -59485.56923694244, -67669.52635878639, -64072.66128929392, -72812.95333063047, -68589.50180882237, 0.084, 0.964, -0.20600000000000002, 192.0, 0.0, 0.0, 0.0, 0.0, 0.0, 0.0, 0.0, 0.0, 0.0, 1.741116412749023E9, 0.0, 2025-03-04 13:26:52.749
64.0, -66971.39197246933, -62304.9065238126, -57984.94016944649, -59489.34668175539, -67681.50689381444, -64087.368737145516, -72823.6374644801, -68588.25011113287, 0.084, 0.964, -0.20600000000000002, 192.0, 0.0, 0.0, 0.0, 0.0, 0.0, 0.0, 0.0, 0.0, 0.0, 1.741116412749086E9, 0.0, 2025-03-04 13:26:52.749
65.0, -66964.19471075472, -62272.83177051923, -57979.866323455135, -59480.09305955089, -67674.13081814419, -64080.19382717536, -72818.29539755528, -68584.7855907423, 0.084, 0.964, -0.20600000000000002, 192.0, 0.0, 0.0, 0.0, 0.0, 0.0, 0.0, 0.0, 0.0, 0.0, 1.741116412749117E9, 0.0, 2025-03-04 13:26:52.749
66.0, -66953.555280394, -62307.07464302477, -57967.41640179353, -59467.687841378196, -67661.43502729357, -64068.570920058606, -72807.94653987247, -68573.34149758119, 0.084, 0.964, -0.20600000000000002, 192.0, 0.0, 0.0, 0.0, 0.0, 0.0, 0.0, 0.0, 0.0, 0.0, 1.741116412749148E9, 0.0, 2025-03-04 13:26:52.749
67.0, -66956.03632402854, -62351.59931797974, -57969.62922449461, -59488.87729512183, -67665.43598955107, -64078.271577152205, -72816.21668532093, -68581.11990465164, 0.08600000000000001, 0.96, -0.20400000000000001, 192.0, 2.0, 176.0, 30.0, 0.0, 249.0, 160.0, 0.0, 0.0, 0.0, 1.741116412749178E9, 0.0, 2025-03-04 13:26:52.749
68.0, -66952.84002457143, -62313.556648916805, -57958.31924180022, -59479.89189385079, -67658.8198731923, -64075.09762943955, -72807.186580561, -68588.83125648872, 0.08600000000000001, 0.96, -0.20400000000000001, 192.0, 0.0, 0.0, 0.0, 0.0, 0.0, 0.0, 0.0, 0.0, 0.0, 1.741116412749211E9, 0.0, 2025-03-04 13:26:52.749
69.0, -66962.96536480969, -62270.842465262715, -57962.253148824355, -59477.276739749526, -67661.88206218267, -64078.897425996955, -72804.75024041536, -68593.68158503552, 0.08600000000000001, 0.96, -0.20400000000000001, 192.0, 0.0, 0.0, 0.0, 0.0, 0.0, 0.0, 0.0, 0.0, 0.0, 1.741116412749249E9, 0.0, 2025-03-04 13:26:52.749
70.0, -66961.1548735088, -62306.53820115783, -57966.2317593374, -59487.603245687875, -67660.04921913735, -64074.74000152827, -72806.65013869407, -68578.0353639168, 0.08600000000000001, 0.96, -0.20400000000000001, 192.0, 0.0, 0.0, 0.0, 0.0, 0.0, 0.0, 0.0, 0.0, 0.0, 1.741116412749279E9, 0.0, 2025-03-04 13:26:52.749
71.0, -66962.16070200929, -62356.49435001545, -57970.07625938371, -59501.170754572246, -67660.56330925981, -64073.48830383877, -72816.26138880986, -68581.3881255851, 0.08600000000000001, 0.96, -0.20400000000000001, 192.0, 0.0, 0.0, 0.0, 0.0, 0.0, 0.0, 0.0, 0.0, 0.0, 1.74111641274931E9, 0.0, 2025-03-04 13:26:52.749
72.0, -66961.91483282029, -62337.38360850616, -57970.61270125064, -59500.27668479404, -67660.98799240447, -64073.46595209432, -72827.14668835959, -68581.54458779629, 0.08600000000000001, 0.96, -0.20400000000000001, 192.0, 0.0, 0.0, 0.0, 0.0, 0.0, 0.0, 0.0, 0.0, 0.0, 1.741116412749347E9, 0.0, 2025-03-04 13:26:52.749
73.0, -66974.29769924852, -62281.392488645615, -57980.17924787751, -59490.50897246707, -67668.83345470828, -64074.94116722837, -72827.0349296373, -68591.37935535662, 0.08600000000000001, 0.96, -0.20400000000000001, 192.0, 0.0, 0.0, 0.0, 0.0, 0.0, 0.0, 0.0, 0.0, 0.0, 1.741116412749378E9, 0.0, 2025-03-04 13:26:52.749
74.0, -66970.49790269112, -62302.33607320024, -57978.50286704337, -59485.368071242345, -67661.88206218267, -64062.53594905567, -72782.64436514907, -68577.29775634978, 0.08600000000000001, 0.96, -0.20400000000000001, 192.0, 0.0, 0.0, 0.0, 0.0, 0.0, 0.0, 0.0, 0.0, 0.0, 1.741116412749414E9, 0.0, 2025-03-04 13:26:52.749
75.0, -66957.13155950684, -62349.16297783411, -57968.57869250521, -59482.66351016326, -67651.77907368887, -64047.73909422626, -72772.2731557218, -68562.65736373155, 0.08600000000000001, 0.96, -0.20400000000000001, 192.0, 0.0, 0.0, 0.0, 0.0, 0.0, 0.0, 0.0, 0.0, 0.0, 1.741116412749445E9, 0.0, 2025-03-04 13:26:52.749
76.0, -66949.50961464758, -62331.48274796996, -57963.50484651385, -59477.92494033873, -67652.2708120669, -64049.52723378268, -72779.64923139206, -68559.61752648563, 0.08600000000000001, 0.96, -0.20400000000000001, 192.0, 0.0, 0.0, 0.0, 0.0, 0.0, 0.0, 0.0, 0.0, 0.0, 1.741116412749486E9, 0.0, 2025-03-04 13:26:52.749
77.0, -66955.00814378359, -62266.86385474967, -57969.00337564986, -59472.940501325196, -67661.52443427138, -64053.99758267374, -72788.61228091863, -68567.37358181163, 0.088, 0.9580000000000001, -0.20800000000000002, 192.0, 2.0, 192.0, 29.0, 240.0, 249.0, 128.0, 0.0, 0.0, 0.0, 1.741116412809296E9, 0.0, 2025-03-04 13:26:52.809
78.0, -66954.13642574984, -62275.91631125406, -57973.317262329736, -59473.65575714776, -67662.50791102742, -64046.37563781448, -72785.14776052807, -68563.95376490997, 0.088, 0.9580000000000001, -0.20800000000000002, 192.0, 0.0, 0.0, 0.0, 0.0, 0.0, 0.0, 0.0, 0.0, 0.0, 1.741116412809347E9, 0.0, 2025-03-04 13:26:52.809
79.0, -66961.28898397554, -62331.68391367006, -57981.185076378, -59499.136745826814, -67668.81110296382, -64066.246338635254, -72797.5306269563, -68578.14712263909, 0.088, 0.9580000000000001, -0.20800000000000002, 192.0, 0.0, 0.0, 0.0, 0.0, 0.0, 0.0, 0.0, 0.0, 0.0, 1.741116412809403E9, 0.0, 2025-03-04 13:26:52.809
80.0, -66957.53389090704, -62339.73054167397, -57979.39693682158, -59508.16685058676, -67666.28535584037, -64072.951861971844, -72797.03888857829, -68579.26470986185, 0.088, 0.9580000000000001, -0.20800000000000002, 192.0, 0.0, 0.0, 0.0, 0.0, 0.0, 0.0, 0.0, 0.0, 0.0, 1.741116412809444E9, 0.0, 2025-03-04 13:26:52.809
81.0, -66964.57469041046, -62278.91144501108, -57983.017919423335, -59511.16198434377, -67670.71100124253, -64081.15495218694, -72803.36443225914, -68574.16851212604, 0.088, 0.9580000000000001, -0.20800000000000002, 192.0, 0.0, 0.0, 0.0, 0.0, 0.0, 0.0, 0.0, 0.0, 0.0, 1.741116412809475E9, 0.0, 2025-03-04 13:26:52.809
82.0, -66973.69420214822, -62279.649052578105, -57991.10925091616, -59519.61094374787, -67672.70030649904, -64085.93822550037, -72811.29930154077, -68586.52902680982, 0.088, 0.9580000000000001, -0.20800000000000002, 192.0, 0.0, 0.0, 0.0, 0.0, 0.0, 0.0, 0.0, 0.0, 0.0, 1.741116412809506E9, 0.0, 2025-03-04 13:26:52.809
83.0, -66950.15781523679, -62326.1630327896, -57983.2861403568, -59513.91124891177, -67659.89275692616, -64073.98004221679, -72799.49758046838, -68575.3308028377, 0.088, 0.9580000000000001, -0.20800000000000002, 192.0, 0.0, 0.0, 0.0, 0.0, 0.0, 0.0, 0.0, 0.0, 0.0, 1.741116412809537E9, 0.0, 2025-03-04 13:26:52.809
84.0, -66960.66313513079, -62347.37483827768, -57990.4386985825, -59517.800452446994, -67666.93355642958, -64082.20548417634, -72798.26823452333, -68580.11407615115, 0.088, 0.9580000000000001, -0.20800000000000002, 192.0, 0.0, 0.0, 0.0, 0.0, 0.0, 0.0, 0.0, 0.0, 0.0, 1.741116412809574E9, 0.0, 2025-03-04 13:26:52.809
85.0, -66965.98285031115, -62291.62958760615, -57994.417309095545, -59513.66537972276, -67675.60603327824, -64090.654443580446, -72809.06412709525, -68596.63201530362, 0.088, 0.9580000000000001, -0.20800000000000002, 192.0, 0.0, 0.0, 0.0, 0.0, 0.0, 0.0, 0.0, 0.0, 0.0, 1.741116412809605E9, 0.0, 2025-03-04 13:26:52.809
86.0, -66950.2025187257, -62262.97465121444, -57982.883808956605, -59490.888952122805, -67666.08419014027, -64075.23173990628, -72799.11760081263, -68573.05092490328, 0.088, 0.9580000000000001, -0.20800000000000002, 192.0, 0.0, 0.0, 0.0, 0.0, 0.0, 0.0, 0.0, 0.0, 0.0, 1.741116412809635E9, 0.0, 2025-03-04 13:26:52.809
87.0, -66959.83612058594, -62315.07656753976, -57990.014015437846, -59502.62361796184, -67672.00740242093, -64084.999452233256, -72807.27598753881, -68587.19957914347, 0.088, 0.9540000000000001, -0.214, 192.0, 2.0, 192.0, 29.0, 208.0, 249.0, 80.0, 0.0, 0.0, 0.0, 1.741116412809672E9, 0.0, 2025-03-04 13:26:52.809
88.0, -66963.56886190997, -62353.52156800289, -57989.946960204485, -59514.71591171216, -67674.06376291082, -64093.1801907039, -72812.86392365265, -68596.58731181471, 0.088, 0.9540000000000001, -0.214, 192.0, 0.0, 0.0, 0.0, 0.0, 0.0, 0.0, 0.0, 0.0, 0.0, 1.741116412809706E9, 0.0, 2025-03-04 13:26:52.809
89.0, -66955.4551786727, -62293.70829984049, -57974.16662861904, -59485.68099566472, -67665.01130640642, -64080.41734461991, -72807.09717358317, -68585.1432186536, 0.088, 0.9540000000000001, -0.214, 192.0, 0.0, 0.0, 0.0, 0.0, 0.0, 0.0, 0.0, 0.0, 0.0, 1.741116412809742E9, 0.0, 2025-03-04 13:26:52.809
90.0, -66956.25984147309, -62257.67728777853, -57972.35613731816, -59477.902588594276, -67663.73725697247, -64080.797324275656, -72806.80660090526, -68589.25593963337, 0.088, 0.9540000000000001, -0.214, 192.0, 0.0, 0.0, 0.0, 0.0, 0.0, 0.0, 0.0, 0.0, 0.0, 1.741116412809773E9, 0.0, 2025-03-04 13:26:52.809
91.0, -66958.67382987426, -62309.5556866593, -57976.178285620015, -59493.66056843526, -67663.29022208336, -64082.741926043265, -72820.64233072309, -68595.38031761412, 0.088, 0.9540000000000001, -0.214, 192.0, 0.0, 0.0, 0.0, 0.0, 0.0, 0.0, 0.0, 0.0, 0.0, 1.741116412809814E9, 0.0, 2025-03-04 13:26:52.809
92.0, -66939.0042947536, -62342.59156496425, -57958.274538311314, -59487.0891555654, -67645.07355035229, -64068.25799563623, -72797.46357172294, -68572.44742780298, 0.088, 0.9540000000000001, -0.214, 192.0, 0.0, 0.0, 0.0, 0.0, 0.0, 0.0, 0.0, 0.0, 0.0, 1.74111641286944E9, 0.0, 2025-03-04 13:26:52.869
93.0, -66933.21519293966, -62295.69760509701, -57953.75948593134, -59475.91328333775, -67648.49336725395, -64073.175379416396, -72785.48303669489, -68582.52806455232, 0.088, 0.9540000000000001, -0.214, 192.0, 0.0, 0.0, 0.0, 0.0, 0.0, 0.0, 0.0, 0.0, 0.0, 1.741116412869486E9, 0.0, 2025-03-04 13:26:52.869
94.0, -66954.78462633904, -62259.62188954615, -57976.9829484204, -59489.88312362232, -67673.84024546627, -64091.23558893629, -72816.26138880986, -68605.08097470773, 0.088, 0.9540000000000001, -0.214, 192.0, 0.0, 0.0, 0.0, 0.0, 0.0, 0.0, 0.0, 0.0, 0.0, 1.741116412869517E9, 0.0, 2025-03-04 13:26:52.869
95.0, -66945.17337622326, -62300.27971271035, -57971.417364051034, -59505.05995810747, -67660.83153019327, -64085.31237665563, -72804.86199913765, -68584.22679713092, 0.088, 0.9540000000000001, -0.214, 192.0, 0.0, 0.0, 0.0, 0.0, 0.0, 0.0, 0.0, 0.0, 0.0, 1.741116412869579E9, 0.0, 2025-03-04 13:26:52.869
96.0, -66946.89446054632, -62348.47007375599, -57978.50286704337, -59516.749920457594, -67668.38641981917, -64091.548513358655, -72822.16224934605, -68594.93328272502, 0.088, 0.9540000000000001, -0.214, 192.0, 0.0, 0.0, 0.0, 0.0, 0.0, 0.0, 0.0, 0.0, 0.0, 1.74111641286961E9, 0.0, 2025-03-04 13:26:52.869
97.0, -66935.42801564075, -62307.99106454743, -57968.556340760755, -59479.37780372833, -67666.59828026274, -64072.258957893726, -72816.19433357648, -68586.86430297665, 0.088, 0.964, -0.212, 192.0, 2.0, 192.0, 30.0, 32.0, 249.0, 96.0, 0.0, 0.0, 0.0, 1.741116412869641E9, 0.0, 2025-03-04 13:26:52.869
98.0, -66936.54560286351, -62245.40618007257, -57967.61756749363, -59476.986167071605, -67664.76543721741, -64072.16955091591, -72801.71040316945, -68588.38422159961, 0.088, 0.964, -0.212, 192.0, 0.0, 0.0, 0.0, 0.0, 0.0, 0.0, 0.0, 0.0, 0.0, 1.741116412869675E9, 0.0, 2025-03-04 13:26:52.869
99.0, -66950.89542280382, -62281.70541306799, -57980.67098625553, -59494.62169344684, -67673.39321057717, -64079.9256062419, -72814.96498763145, -68599.78361127182, 0.088, 0.964, -0.212, 192.0, 0.0, 0.0, 0.0, 0.0, 0.0, 0.0, 0.0, 0.0, 0.0, 1.741116412869711E9, 0.0, 2025-03-04 13:26:52.869
100.0, -66946.49212914612, -62333.98614334896, -57980.67098625553, -59507.11631859736, -67675.24840536695, -64083.32307139911, -72823.36924354664, -68604.5892363297, 0.088, 0.964, -0.212, 192.0, 0.0, 0.0, 0.0, 0.0, 0.0, 0.0, 0.0, 0.0, 0.0, 1.741116412869742E9, 0.0, 2025-03-04 13:26:52.869
101.0, -66934.22102144016, -62325.17955603356, -57975.19480886398, -59499.136745826814, -67673.54967278834, -64080.46204810883, -72821.24582782338, -68595.69324203649, 0.088, 0.964, -0.212, 192.0, 0.0, 0.0, 0.0, 0.0, 0.0, 0.0, 0.0, 0.0, 0.0, 1.741116412869773E9, 0.0, 2025-03-04 13:26:52.869
102.0, -66954.82932982795, -62275.22340717595, -57991.7350997609, -59507.675112208744, -67688.03360319539, -64099.25986519574, -72833.58399076271, -68622.02359700485, 0.088, 0.964, -0.212, 192.0, 0.0, 0.0, 0.0, 0.0, 0.0, 0.0, 0.0, 0.0, 0.0, 1.741116412869809E9, 0.0, 2025-03-04 13:26:52.869
103.0, -66958.6067746409, -62290.37788991665, -58000.96637022095, -59513.754786700585, -67688.2794723844, -64097.47172563931, -72841.40710132207, -68613.7981550453, 0.088, 0.964, -0.212, 192.0, 0.0, 0.0, 0.0, 0.0, 0.0, 0.0, 0.0, 0.0, 0.0, 1.74111641286984E9, 0.0, 2025-03-04 13:26:52.869
104.0, -66948.68260010274, -62336.824814894775, -57989.11994565964, -59511.40785353278, -67672.16386463212, -64082.45135336535, -72824.97856914742, -68582.79628548578, 0.088, 0.964, -0.212, 192.0, 0.0, 0.0, 0.0, 0.0, 0.0, 0.0, 0.0, 0.0, 0.0, 1.741116412869877E9, 0.0, 2025-03-04 13:26:52.869
105.0, -66946.76035007958, -62345.81021616581, -57977.988776920894, -59511.67607446624, -67657.63523073617, -64084.03832722168, -72783.56078667173, -68583.06450641925, 0.088, 0.964, -0.212, 192.0, 0.0, 0.0, 0.0, 0.0, 0.0, 0.0, 0.0, 0.0, 0.0, 1.741116412869908E9, 0.0, 2025-03-04 13:26:52.869
106.0, -66964.73115262165, -62290.08731723873, -57997.61360855265, -59519.32037106996, -67684.09969617125, -64111.910952557446, -72813.84740040867, -68614.71457656796, 0.088, 0.964, -0.212, 192.0, 0.0, 0.0, 0.0, 0.0, 0.0, 0.0, 0.0, 0.0, 0.0, 1.74111641286995E9, 0.0, 2025-03-04 13:26:52.869
107.0, -66957.7574083516, -62287.405107904095, -57996.5407248188, -59519.141557114315, -67678.8693879687, -64105.07131875412, -72815.74729868738, -68614.82633529024, 0.08600000000000001, 0.9560000000000001, -0.21, 192.0, 2.0, 176.0, 29.0, 224.0, 249.0, 112.0, 0.0, 0.0, 0.0, 1.741116412929768E9, 0.0, 2025-03-04 13:26:52.929
108.0, -66946.58153612394, -62333.80732939331, -57988.31528285924, -59518.292190825014, -67670.59924252024, -64095.16949596042, -72805.42079274902, -68600.16359092755, 0.08600000000000001, 0.9560000000000001, -0.21, 192.0, 0.0, 0.0, 0.0, 0.0, 0.0, 0.0, 0.0, 0.0, 0.0, 1.741116412929817E9, 0.0, 2025-03-04 13:26:52.929
109.0, -66953.77879783855, -62361.05410588433, -57992.04802418328, -59529.490414797125, -67676.14247514516, -64101.91972278592, -72812.55099923027, -68596.09557343669, 0.08600000000000001, 0.9560000000000001, -0.21, 192.0, 0.0, 0.0, 0.0, 0.0, 0.0, 0.0, 0.0, 0.0, 0.0, 1.741116412929849E9, 0.0, 2025-03-04 13:26:52.929
110.0, -66961.53485316454, -62305.53237265735, -57990.10342241567, -59523.41074030528, -67678.08707691278, -64108.69230135588, -72831.72879597293, -68609.9983584879, 0.08600000000000001, 0.9560000000000001, -0.21, 192.0, 0.0, 0.0, 0.0, 0.0, 0.0, 0.0, 0.0, 0.0, 0.0, 1.74111641292991E9, 0.0, 2025-03-04 13:26:52.929
111.0, -66948.57084138047, -62279.0008519889, -57982.92851244551, -59508.47977500913, -67671.49331229847, -64095.66123433843, -72852.96295320547, -68605.30449215228, 0.08600000000000001, 0.9560000000000001, -0.21, 192.0, 0.0, 0.0, 0.0, 0.0, 0.0, 0.0, 0.0, 0.0, 0.0, 1.741116412929945E9, 0.0, 2025-03-04 13:26:52.929
112.0, -66947.11797799087, -62320.28452399785, -57978.94990193247, -59512.36897854436, -67666.01713490691, -64092.71080407033, -72820.59762723418, -68597.61549205965, 0.08600000000000001, 0.9560000000000001, -0.21, 192.0, 0.0, 0.0, 0.0, 0.0, 0.0, 0.0, 0.0, 0.0, 0.0, 1.741116412929976E9, 0.0, 2025-03-04 13:26:52.929
113.0, -66969.1567980238, -62366.820855953796, -57988.56115204825, -59527.27759209605, -67671.89564369865, -64107.0829757551, -72783.09140003817, -68610.31128291026, 0.08600000000000001, 0.9560000000000001, -0.21, 192.0, 0.0, 0.0, 0.0, 0.0, 0.0, 0.0, 0.0, 0.0, 0.0, 1.741116412930007E9, 0.0, 2025-03-04 13:26:52.930
114.0, -66958.0032775406, -62316.59648616272, -57980.58157927771, -59507.00455987508, -67672.58854777677, -64101.78561231919, -72793.70847865444, -68611.07124222175, 0.08600000000000001, 0.9560000000000001, -0.21, 192.0, 0.0, 0.0, 0.0, 0.0, 0.0, 0.0, 0.0, 0.0, 0.0, 1.741116412930038E9, 0.0, 2025-03-04 13:26:52.930
115.0, -66950.53779489253, -62273.927005997546, -57973.20550360746, -59492.20770504567, -67669.5710622753, -64095.30360642715, -72799.36347000164, -68605.48330610793, 0.08600000000000001, 0.9560000000000001, -0.21, 192.0, 0.0, 0.0, 0.0, 0.0, 0.0, 0.0, 0.0, 0.0, 0.0, 1.741116412930078E9, 0.0, 2025-03-04 13:26:52.930
116.0, -66953.89055656083, -62323.81609962179, -57974.770125719326, -59499.15909757127, -67664.9218994286, -64092.174362203405, -72800.77162990233, -68601.41528861705, 0.08600000000000001, 0.9560000000000001, -0.21, 192.0, 0.0, 0.0, 0.0, 0.0, 0.0, 0.0, 0.0, 0.0, 0.0, 1.741116412930109E9, 0.0, 2025-03-04 13:26:52.930
117.0, -66962.4512746872, -62369.883044944174, -57978.36875657663, -59501.34956852789, -67664.29605058386, -64091.19088544737, -72808.72885092841, -68604.85745726318, 0.092, 0.9580000000000001, -0.20600000000000002, 192.0, 2.0, 224.0, 29.0, 240.0, 249.0, 144.0, 0.0, 0.0, 0.0, 1.741116412930146E9, 0.0, 2025-03-04 13:26:52.930
118.0, -66971.95076608071, -62335.461358483, -57983.777878734814, -59499.15909757127, -67671.60507102073, -64095.057737238145, -72816.10492659867, -68607.941997998, 0.092, 0.9580000000000001, -0.20600000000000002, 192.0, 0.0, 0.0, 0.0, 0.0, 0.0, 0.0, 0.0, 0.0, 0.0, 1.74111641293018E9, 0.0, 2025-03-04 13:26:52.930
119.0, -66967.03338230055, -62282.33126191274, -57985.00722467986, -59488.72083291064, -67673.72848674399, -64090.14035345797, -72813.86975215313, -68606.6455968196, 0.092, 0.9580000000000001, -0.20600000000000002, 192.0, 0.0, 0.0, 0.0, 0.0, 0.0, 0.0, 0.0, 0.0, 0.0, 1.741116412930211E9, 0.0, 2025-03-04 13:26:52.930
120.0, -66963.4571031877, -62310.98619830444, -57982.16855313403, -59477.94729208318, -67666.59828026274, -64072.48247533828, -72813.4897724974, -68594.93328272502, 0.092, 0.9580000000000001, -0.20600000000000002, 192.0, 0.0, 0.0, 0.0, 0.0, 0.0, 0.0, 0.0, 0.0, 0.0, 1.741116412930247E9, 0.0, 2025-03-04 13:26:52.930
121.0, -66945.41924541227, -62343.79855916483, -57971.417364051034, -59469.990071057095, -67661.05504763783, -64063.83235023408, -72806.91835962754, -68580.941090696, 0.092, 0.9580000000000001, -0.20600000000000002, 192.0, 0.0, 0.0, 0.0, 0.0, 0.0, 0.0, 0.0, 0.0, 0.0, 1.741116412930284E9, 0.0, 2025-03-04 13:26:52.930
122.0, -66952.05771351549, -62327.392378734636, -57979.82161996623, -59475.35448972637, -67674.24257686647, -64068.123885169494, -72815.34496728718, -68595.91675948104, 0.092, 0.9580000000000001, -0.20600000000000002, 192.0, 0.0, 0.0, 0.0, 0.0, 0.0, 0.0, 0.0, 0.0, 0.0, 1.741116412989167E9, 0.0, 2025-03-04 13:26:52.989
123.0, -66959.03145778555, -62277.90561651059, -57985.83423922471, -59481.47886770712, -67680.00932693593, -64075.87994049549, -72825.31384531425, -68599.02365196033, 0.092, 0.9580000000000001, -0.20600000000000002, 192.0, 0.0, 0.0, 0.0, 0.0, 0.0, 0.0, 0.0, 0.0, 0.0, 1.741116412989213E9, 0.0, 2025-03-04 13:26:52.989
124.0, -66971.54843468052, -62314.92010532858, -57997.5912568082, -59502.10952783937, -67682.31155661483, -64087.078164467595, -72814.5403044868, -68607.47261136444, 0.092, 0.9580000000000001, -0.20600000000000002, 192.0, 0.0, 0.0, 0.0, 0.0, 0.0, 0.0, 0.0, 0.0, 0.0, 1.741116412989245E9, 0.0, 2025-03-04 13:26:52.989
125.0, -66952.43769317123, -62366.262062342415, -57986.97417819192, -59506.80339417498, -67666.71003898502, -64073.085972438574, -72806.04664159377, -68602.91285549555, 0.092, 0.9580000000000001, -0.20600000000000002, 192.0, 0.0, 0.0, 0.0, 0.0, 0.0, 0.0, 0.0, 0.0, 0.0, 1.741116412989302E9, 0.0, 2025-03-04 13:26:52.989
126.0, -66958.36090545189, -62354.88502441467, -57989.36581484864, -59500.50020223859, -67673.43791406607, -64074.874111995, -72818.56361848876, -68599.87301824964, 0.092, 0.9580000000000001, -0.20600000000000002, 192.0, 0.0, 0.0, 0.0, 0.0, 0.0, 0.0, 0.0, 0.0, 0.0, 1.741116412989333E9, 0.0, 2025-03-04 13:26:52.989
127.0, -66974.07418180397, -62295.8540673082, -58002.463937099456, -59505.10466159638, -67685.9772427055, -64082.85368476554, -72837.9425809315, -68592.60870130167, 0.094, 0.96, -0.20800000000000002, 192.0, 2.0, 240.0, 30.0, 0.0, 249.0, 128.0, 0.0, 0.0, 0.0, 1.741116412989363E9, 0.0, 2025-03-04 13:26:52.989
128.0, -66960.97605955316, -62298.08924175373, -57997.345387619185, -59511.47490876614, -67673.05793441033, -64082.20548417634, -72814.42854576452, -68595.13444842512, 0.094, 0.96, -0.20800000000000002, 192.0, 0.0, 0.0, 0.0, 0.0, 0.0, 0.0, 0.0, 0.0, 0.0, 1.741116412989396E9, 0.0, 2025-03-04 13:26:52.989
129.0, -66965.40170495531, -62347.71011444451, -58001.055777198766, -59512.3466267999, -67678.40000133515, -64086.92170225641, -72817.33427254371, -68602.37641362863, 0.094, 0.96, -0.20800000000000002, 192.0, 0.0, 0.0, 0.0, 0.0, 0.0, 0.0, 0.0, 0.0, 0.0, 1.741116412989427E9, 0.0, 2025-03-04 13:26:52.989
130.0, -66955.79045483953, -62353.23099532497, -57999.4911550869, -59513.68773146722, -67681.88687347018, -64088.24045517927, -72833.4945837849, -68616.43566089102, 0.094, 0.96, -0.20800000000000002, 192.0, 0.0, 0.0, 0.0, 0.0, 0.0, 0.0, 0.0, 0.0, 0.0, 1.741116412989464E9, 0.0, 2025-03-04 13:26:52.989
131.0, -66964.61939389937, -62288.85797129369, -58003.80504176677, -59508.300961053494, -67688.05595493985, -64093.76133605973, -72833.51693552935, -68610.17717244354, 0.094, 0.96, -0.20800000000000002, 192.0, 0.0, 0.0, 0.0, 0.0, 0.0, 0.0, 0.0, 0.0, 0.0, 1.741116412989495E9, 0.0, 2025-03-04 13:26:52.989
132.0, -66952.86237631588, -62278.46441012197, -57996.56307656325, -59506.892801152804, -67676.1201234007, -64087.860475523536, -72815.188505076, -68588.25011113287, 0.094, 0.96, -0.20800000000000002, 192.0, 0.0, 0.0, 0.0, 0.0, 0.0, 0.0, 0.0, 0.0, 0.0, 1.741116412989531E9, 0.0, 2025-03-04 13:26:52.989
133.0, -66954.98579203914, -62332.37681774817, -57997.993588208396, -59520.460310037175, -67676.5224548009, -64089.738022057776, -72809.68997594, -68598.55426532678, 0.094, 0.96, -0.20800000000000002, 192.0, 0.0, 0.0, 0.0, 0.0, 0.0, 0.0, 0.0, 0.0, 0.0, 1.741116412989562E9, 0.0, 2025-03-04 13:26:52.989
134.0, -66954.38229493884, -62358.796579694346, -57990.639864282595, -59516.07936812394, -67670.10750414223, -64087.18992318987, -72808.93001662851, -68602.21995141744, 0.094, 0.96, -0.20800000000000002, 192.0, 0.0, 0.0, 0.0, 0.0, 0.0, 0.0, 0.0, 0.0, 0.0, 1.741116412989593E9, 0.0, 2025-03-04 13:26:52.989
135.0, -66971.10139979141, -62303.543067400824, -57998.4406230975, -59514.29122856751, -67685.35139386075, -64106.81475482164, -72843.4411100675, -68625.24224820641, 0.094, 0.96, -0.20800000000000002, 192.0, 0.0, 0.0, 0.0, 0.0, 0.0, 0.0, 0.0, 0.0, 0.0, 1.741116412989629E9, 0.0, 2025-03-04 13:26:52.989
136.0, -66959.09851301891, -62279.581997344736, -57988.56115204825, -59507.58570523092, -67676.20953037853, -64103.21612396433, -72827.92899941553, -68607.5396665978, 0.094, 0.96, -0.20800000000000002, 192.0, 0.0, 0.0, 0.0, 0.0, 0.0, 0.0, 0.0, 0.0, 0.0, 1.741116412989665E9, 0.0, 2025-03-04 13:26:52.989
137.0, -66935.74094006311, -62317.02116930737, -57968.064602382736, -59497.37095801484, -67654.68480046807, -64084.999452233256, -72802.80563864775, -68591.02172744533, 0.084, 0.962, -0.20800000000000002, 192.0, 2.0, 160.0, 30.0, 16.0, 249.0, 128.0, 0.0, 0.0, 0.0, 1.741116413048969E9, 0.0, 2025-03-04 13:26:53.048
138.0, -66938.49020463112, -62350.48173075697, -57963.75071570286, -59501.036644105516, -67653.65662022312, -64081.95961498733, -72811.85809515216, -68598.91189323807, 0.084, 0.962, -0.20800000000000002, 192.0, 0.0, 0.0, 0.0, 0.0, 0.0, 0.0, 0.0, 0.0, 0.0, 1.741116413049018E9, 0.0, 2025-03-04 13:26:53.049
139.0, -66958.07033277396, -62309.1086517702, -57972.110268129145, -59498.75676617107, -67666.10654188473, -64084.64182432197, -72823.01161563536, -68584.87499772012, 0.084, 0.962, -0.20800000000000002, 192.0, 0.0, 0.0, 0.0, 0.0, 0.0, 0.0, 0.0, 0.0, 0.0, 1.74111641304905E9, 0.0, 2025-03-04 13:26:53.049
140.0, -66959.83612058594, -62271.8482937632, -57974.59131176369, -59487.893818365796, -67666.26300409592, -64078.003356218745, -72829.27010408284, -68587.40074484357, 0.084, 0.962, -0.20800000000000002, 192.0, 0.0, 0.0, 0.0, 0.0, 0.0, 0.0, 0.0, 0.0, 0.0, 1.74111641304911E9, 0.0, 2025-03-04 13:26:53.049
141.0, -66957.64564962931, -62317.24468675193, -57982.459125811954, -59499.852001649386, -67669.39224831967, -64079.23270216378, -72837.60730476466, -68594.57565481373, 0.084, 0.962, -0.20800000000000002, 192.0, 0.0, 0.0, 0.0, 0.0, 0.0, 0.0, 0.0, 0.0, 0.0, 1.741116413049141E9, 0.0, 2025-03-04 13:26:53.049
142.0, -66955.85751007289, -62355.04148662585, -57977.25116935387, -59498.26502779306, -67662.21733834951, -64070.11319042602, -72807.43244975, -68583.06450641925, 0.084, 0.962, -0.20800000000000002, 192.0, 0.0, 0.0, 0.0, 0.0, 0.0, 0.0, 0.0, 0.0, 0.0, 1.741116413049172E9, 0.0, 2025-03-04 13:26:53.049
143.0, -66951.34245769292, -62318.719901885976, -57975.4853815419, -59494.8452108914, -67661.27856508238, -64063.49707406725, -72810.9863771184, -68577.6330325166, 0.084, 0.962, -0.20800000000000002, 192.0, 0.0, 0.0, 0.0, 0.0, 0.0, 0.0, 0.0, 0.0, 0.0, 1.741116413049203E9, 0.0, 2025-03-04 13:26:53.049
144.0, -66940.25599244308, -62262.52761632534, -57975.66419549754, -59475.645062404285, -67662.12793137168, -64057.90913795342, -72816.8872376546, -68578.21417787245, 0.084, 0.962, -0.20800000000000002, 192.0, 0.0, 0.0, 0.0, 0.0, 0.0, 0.0, 0.0, 0.0, 0.0, 1.741116413049234E9, 0.0, 2025-03-04 13:26:53.049
145.0, -66936.52325111906, -62293.1048027402, -57972.37848906261, -59478.036699061005, -67649.81212017681, -64052.99175417326, -72775.35769645665, -68580.69522150699, 0.084, 0.962, -0.20800000000000002, 192.0, 0.0, 0.0, 0.0, 0.0, 0.0, 0.0, 0.0, 0.0, 0.0, 1.741116413049271E9, 0.0, 2025-03-04 13:26:53.049
146.0, -66944.92750703424, -62348.04539061134, -57981.5874077782, -59508.725644198144, -67657.23289933597, -64071.141370670965, -72782.10792328214, -68586.08199192071, 0.084, 0.962, -0.20800000000000002, 192.0, 0.0, 0.0, 0.0, 0.0, 0.0, 0.0, 0.0, 0.0, 0.0, 1.741116413049302E9, 0.0, 2025-03-04 13:26:53.049
147.0, -66936.0538644855, -62321.804442620814, -57975.37362281962, -59495.225190547135, -67655.24359407945, -64067.520388069206, -72786.80178961776, -68571.66511674704, 0.08600000000000001, 0.962, -0.20600000000000002, 192.0, 2.0, 176.0, 30.0, 16.0, 249.0, 144.0, 0.0, 0.0, 0.0, 1.741116413049341E9, 0.0, 2025-03-04 13:26:53.049
148.0, -66935.49507087411, -62254.056305176775, -57979.62045426613, -59480.80831537346, -67667.35823957423, -64072.14719917145, -72798.5364554568, -68587.95953845496, 0.08600000000000001, 0.962, -0.20600000000000002, 192.0, 0.0, 0.0, 0.0, 0.0, 0.0, 0.0, 0.0, 0.0, 0.0, 1.741116413049375E9, 0.0, 2025-03-04 13:26:53.049
149.0, -66929.32598940445, -62278.1514856996, -57977.072355398224, -59490.66543467825, -67662.57496626079, -64069.84496949256, -72795.07193506623, -68581.85751221866, 0.08600000000000001, 0.962, -0.20600000000000002, 192.0, 0.0, 0.0, 0.0, 0.0, 0.0, 0.0, 0.0, 0.0, 0.0, 1.741116413049406E9, 0.0, 2025-03-04 13:26:53.049
150.0, -66937.93141101973, -62327.52648920137, -57980.46982055543, -59506.35635928588, -67672.65560301013, -64084.127734199494, -72812.41688876355, -68603.65046306259, 0.08600000000000001, 0.962, -0.20600000000000002, 192.0, 0.0, 0.0, 0.0, 0.0, 0.0, 0.0, 0.0, 0.0, 0.0, 1.741116413049442E9, 0.0, 2025-03-04 13:26:53.049
151.0, -66935.29390517401, -62326.140681045144, -57975.15010537507, -59509.61971397635, -67675.74014374497, -64093.11313547053, -72802.179789803, -68616.39095740211, 0.08600000000000001, 0.962, -0.20600000000000002, 192.0, 0.0, 0.0, 0.0, 0.0, 0.0, 0.0, 0.0, 0.0, 0.0, 1.741116413049478E9, 0.0, 2025-03-04 13:26:53.049
152.0, -66933.08108247294, -62256.582052300226, -57968.17636110501, -59491.447745734185, -67681.39513509216, -64086.519370856215, -72801.01749909134, -68592.98868095741, 0.08600000000000001, 0.962, -0.20600000000000002, 192.0, 0.0, 0.0, 0.0, 0.0, 0.0, 0.0, 0.0, 0.0, 0.0, 1.741116413109218E9, 0.0, 2025-03-04 13:26:53.109
153.0, -66932.0976057169, -62266.5956338162, -57967.03642213779, -59491.47009747865, -67679.83051298029, -64082.20548417634, -72801.62099619163, -68580.20348312896, 0.08600000000000001, 0.962, -0.20600000000000002, 192.0, 0.0, 0.0, 0.0, 0.0, 0.0, 0.0, 0.0, 0.0, 0.0, 1.741116413109264E9, 0.0, 2025-03-04 13:26:53.109
154.0, -66930.93531500522, -62321.603276920716, -57963.862474425136, -59506.0434348635, -67675.62838502269, -64082.898388254456, -72795.58602518869, -68569.92168067953, 0.08600000000000001, 0.962, -0.20600000000000002, 192.0, 0.0, 0.0, 0.0, 0.0, 0.0, 0.0, 0.0, 0.0, 0.0, 1.741116413109295E9, 0.0, 2025-03-04 13:26:53.109
155.0, -66931.87408827235, -62338.300030028826, -57961.09085811268, -59510.31261805447, -67676.99184143446, -64086.228798178294, -72797.59768218968, -68572.24626210288, 0.08600000000000001, 0.962, -0.20600000000000002, 192.0, 0.0, 0.0, 0.0, 0.0, 0.0, 0.0, 0.0, 0.0, 0.0, 1.741116413109354E9, 0.0, 2025-03-04 13:26:53.109
156.0, -66922.95574223468, -62267.04266870531, -57943.0753520817, -59476.136800782304, -67660.40684704862, -64071.208425904326, -72767.13225449709, -68561.45036953097, 0.08600000000000001, 0.962, -0.20600000000000002, 192.0, 0.0, 0.0, 0.0, 0.0, 0.0, 0.0, 0.0, 0.0, 0.0, 1.741116413109386E9, 0.0, 2025-03-04 13:26:53.109
157.0, -66920.83232651143, -62252.64814527609, -57939.49907296885, -59472.3370042249, -67654.79655919035, -64066.33574561307, -72765.1205974961, -68555.6836194615, 0.088, 0.9580000000000001, -0.198, 192.0, 2.0, 192.0, 29.0, 240.0, 249.0, 208.0, 0.0, 0.0, 0.0, 1.741116413109416E9, 0.0, 2025-03-04 13:26:53.109
158.0, -66927.11316670336, -62312.68493088305, -57944.81878814922, -59490.01723408905, -67657.61287899171, -64071.856626493536, -72773.39074294457, -68562.433846287, 0.088, 0.9580000000000001, -0.198, 192.0, 0.0, 0.0, 0.0, 0.0, 0.0, 0.0, 0.0, 0.0, 0.0, 1.74111641310945E9, 0.0, 2025-03-04 13:26:53.109
159.0, -66923.15690793478, -62341.40692250812, -57935.98984908937, -59483.24465551909, -67647.4204835201, -64066.15693165743, -72764.0253620178, -68557.36000029564, 0.088, 0.9580000000000001, -0.198, 192.0, 0.0, 0.0, 0.0, 0.0, 0.0, 0.0, 0.0, 0.0, 0.0, 1.741116413109481E9, 0.0, 2025-03-04 13:26:53.109
160.0, -66927.56020159247, -62287.8521427932, -57940.46019798043, -59481.72473689613, -67652.62843997819, -64074.225911405796, -72779.22454824741, -68569.16172136804, 0.088, 0.9580000000000001, -0.198, 192.0, 0.0, 0.0, 0.0, 0.0, 0.0, 0.0, 0.0, 0.0, 0.0, 1.741116413109518E9, 0.0, 2025-03-04 13:26:53.109
161.0, -66924.38625387983, -62264.24870064839, -57943.56709045972, -59475.39919321528, -67650.70618995502, -64070.023783448196, -72779.44806569196, -68563.95376490997, 0.088, 0.9580000000000001, -0.198, 192.0, 0.0, 0.0, 0.0, 0.0, 0.0, 0.0, 0.0, 0.0, 0.0, 1.74111641310955E9, 0.0, 2025-03-04 13:26:53.109
162.0, -66927.8507742704, -62312.014378549386, -57942.337744514676, -59472.29230073599, -67645.3641230302, -64053.662306506914, -72762.7736643283, -68554.45427351646, 0.088, 0.9580000000000001, -0.198, 192.0, 0.0, 0.0, 0.0, 0.0, 0.0, 0.0, 0.0, 0.0, 0.0, 1.741116413109581E9, 0.0, 2025-03-04 13:26:53.109
163.0, -66931.42705338325, -62349.94528889004, -57940.68371542499, -59474.28160599251, -67647.12991084218, -64049.594289016044, -72759.55501312674, -68541.80318615475, 0.088, 0.9580000000000001, -0.198, 192.0, 0.0, 0.0, 0.0, 0.0, 0.0, 0.0, 0.0, 0.0, 0.0, 1.741116413109618E9, 0.0, 2025-03-04 13:26:53.109
164.0, -66937.08204473043, -62302.24666622242, -57940.19197704697, -59467.129047766815, -67656.3164778133, -64051.427132061384, -72775.42475169, -68539.6797704315, 0.088, 0.9580000000000001, -0.198, 192.0, 0.0, 0.0, 0.0, 0.0, 0.0, 0.0, 0.0, 0.0, 0.0, 1.741116413109649E9, 0.0, 2025-03-04 13:26:53.109
165.0, -66929.41539638226, -62254.7939127438, -57937.10743631214, -59456.064934261434, -67656.85291968023, -64052.25414660623, -72782.19733025997, -68550.94504963697, 0.088, 0.9580000000000001, -0.198, 192.0, 0.0, 0.0, 0.0, 0.0, 0.0, 0.0, 0.0, 0.0, 0.0, 1.741116413109686E9, 0.0, 2025-03-04 13:26:53.109
166.0, -66907.89066647181, -62283.202979946494, -57924.18812801697, -59451.9298615372, -67640.37968401668, -64039.17837609987, -72765.4782254074, -68538.428072742, 0.088, 0.9580000000000001, -0.198, 192.0, 0.0, 0.0, 0.0, 0.0, 0.0, 0.0, 0.0, 0.0, 0.0, 1.741116413109717E9, 0.0, 2025-03-04 13:26:53.109
167.0, -66917.70308228768, -62327.79471013483, -57927.60794491863, -59467.24080648909, -67642.6595619511, -64047.806149459626, -72761.74548408335, -68543.50191873335, 0.084, 0.96, -0.194, 192.0, 2.0, 160.0, 30.0, 0.0, 249.0, 240.0, 0.0, 0.0, 0.0, 1.741116413169546E9, 0.0, 2025-03-04 13:26:53.169
168.0, -66927.2472771701, -62303.74423310092, -57933.28528801028, -59473.52164668103, -67646.72757944198, -64057.8197309756, -72768.4733591644, -68558.58934624068, 0.084, 0.96, -0.194, 192.0, 0.0, 0.0, 0.0, 0.0, 0.0, 0.0, 0.0, 0.0, 0.0, 1.741116413169595E9, 0.0, 2025-03-04 13:26:53.169
169.0, -66924.56506783546, -62256.6938110225, -57939.61083169113, -59476.78500137151, -67651.0638178663, -64059.674925765394, -72777.77168485781, -68562.72441896492, 0.084, 0.96, -0.194, 192.0, 0.0, 0.0, 0.0, 0.0, 0.0, 0.0, 0.0, 0.0, 0.0, 1.741116413169626E9, 0.0, 2025-03-04 13:26:53.169
170.0, -66928.65543707079, -62289.88615153863, -57946.60692770564, -59487.2903212655, -67653.94719290105, -64054.086989651565, -72775.55886215674, -68555.05777061675, 0.084, 0.96, -0.194, 192.0, 0.0, 0.0, 0.0, 0.0, 0.0, 0.0, 0.0, 0.0, 0.0, 1.741116413169687E9, 0.0, 2025-03-04 13:26:53.169
171.0, -66926.46496611416, -62343.53033823137, -57946.09283758317, -59497.14744057029, -67646.43700676406, -64047.62733550398, -72757.63276310358, -68546.6311629571, 0.084, 0.96, -0.194, 192.0, 0.0, 0.0, 0.0, 0.0, 0.0, 0.0, 0.0, 0.0, 0.0, 1.741116413169719E9, 0.0, 2025-03-04 13:26:53.169
172.0, -66940.63597209883, -62333.38264624866, -57962.76723894683, -59512.92777215574, -67666.26300409592, -64063.027687433685, -72785.30422273926, -68556.28711656178, 0.084, 0.96, -0.194, 192.0, 0.0, 0.0, 0.0, 0.0, 0.0, 0.0, 0.0, 0.0, 0.0, 1.741116413169751E9, 0.0, 2025-03-04 13:26:53.169
173.0, -66946.69329484622, -62276.34099439871, -57971.12679137311, -59506.8480976639, -67674.8684257112, -64068.7720857587, -72793.23909202089, -68570.12284637963, 0.084, 0.96, -0.194, 192.0, 0.0, 0.0, 0.0, 0.0, 0.0, 0.0, 0.0, 0.0, 0.0, 1.741116413169782E9, 0.0, 2025-03-04 13:26:53.169
174.0, -66946.33566693493, -62295.161163230085, -57972.9819861629, -59508.7479959426, -67672.00740242093, -64067.11805666901, -72766.59581263016, -68557.36000029564, 0.084, 0.96, -0.194, 192.0, 0.0, 0.0, 0.0, 0.0, 0.0, 0.0, 0.0, 0.0, 0.0, 1.741116413169812E9, 0.0, 2025-03-04 13:26:53.169
175.0, -66943.04996050001, -62345.45258825453, -57968.51163727184, -59516.19112684621, -67669.92869018659, -64068.79443750316, -72771.8261208327, -68557.51646250683, 0.084, 0.96, -0.194, 192.0, 0.0, 0.0, 0.0, 0.0, 0.0, 0.0, 0.0, 0.0, 0.0, 1.74111641316985E9, 0.0, 2025-03-04 13:26:53.169
176.0, -66940.68067558773, -62347.82187316679, -57973.40666930755, -59516.77227220205, -67684.88200722719, -64085.53589410018, -72798.55880720125, -68565.45133178847, 0.084, 0.96, -0.194, 192.0, 0.0, 0.0, 0.0, 0.0, 0.0, 0.0, 0.0, 0.0, 0.0, 1.741116413169881E9, 0.0, 2025-03-04 13:26:53.169
177.0, -66948.77200708057, -62285.61696834767, -57972.91493092954, -59510.13380409883, -67691.49812358596, -64095.16949596042, -72813.51212424185, -68574.32497433723, 0.092, 0.9580000000000001, -0.19, 192.0, 2.0, 224.0, 29.0, 240.0, 250.0, 16.0, 0.0, 0.0, 0.0, 1.741116413169912E9, 0.0, 2025-03-04 13:26:53.169
178.0, -66928.58838183741, -62278.7996862888, -57956.26288131034, -59496.87921963683, -67671.56036753183, -64085.200617933355, -72768.94274579796, -68561.80799744224, 0.092, 0.9580000000000001, -0.19, 192.0, 0.0, 0.0, 0.0, 0.0, 0.0, 0.0, 0.0, 0.0, 0.0, 1.741116413169957E9, 0.0, 2025-03-04 13:26:53.169
179.0, -66929.05776847099, -62326.18538453405, -57954.56414873173, -59501.48367899462, -67669.23578610847, -64087.74871680126, -72771.93787955497, -68557.20353808446, 0.092, 0.9580000000000001, -0.19, 192.0, 0.0, 0.0, 0.0, 0.0, 0.0, 0.0, 0.0, 0.0, 0.0, 1.741116413169988E9, 0.0, 2025-03-04 13:26:53.169
180.0, -66925.5485445915, -62342.23393705296, -57949.62441320711, -59502.15423132828, -67665.79361746236, -64089.29098716867, -72774.1283505116, -68566.99360215588, 0.092, 0.9580000000000001, -0.19, 192.0, 0.0, 0.0, 0.0, 0.0, 0.0, 0.0, 0.0, 0.0, 0.0, 1.741116413170028E9, 0.0, 2025-03-04 13:26:53.170
181.0, -66929.37069289335, -62277.3021194103, -57945.71285792743, -59488.810239888466, -67670.28631809787, -64090.40857439144, -72782.84553084917, -68578.95178543947, 0.092, 0.9580000000000001, -0.19, 192.0, 0.0, 0.0, 0.0, 0.0, 0.0, 0.0, 0.0, 0.0, 0.0, 1.741116413170059E9, 0.0, 2025-03-04 13:26:53.170
182.0, -66936.63500984132, -62273.703488552994, -57954.31827954272, -59496.566295214456, -67677.28241411239, -64096.71176632783, -72793.79788563227, -68573.25209060336, 0.092, 0.9580000000000001, -0.19, 192.0, 0.0, 0.0, 0.0, 0.0, 0.0, 0.0, 0.0, 0.0, 0.0, 1.741116413229793E9, 0.0, 2025-03-04 13:26:53.229
183.0, -66936.32208541896, -62329.560497946804, -57946.71868642792, -59490.71013816716, -67673.30380359934, -64091.66027208094, -72792.00974607584, -68568.64763124558, 0.092, 0.9580000000000001, -0.19, 192.0, 0.0, 0.0, 0.0, 0.0, 0.0, 0.0, 0.0, 0.0, 0.0, 1.741116413229838E9, 0.0, 2025-03-04 13:26:53.229
184.0, -66921.50287884509, -62350.79465517934, -57921.505918682335, -59465.85499833286, -67655.06478012381, -64069.21912064781, -72769.25567022034, -68544.41834025602, 0.092, 0.9580000000000001, -0.19, 192.0, 0.0, 0.0, 0.0, 0.0, 0.0, 0.0, 0.0, 0.0, 0.0, 1.74111641322987E9, 0.0, 2025-03-04 13:26:53.229
185.0, -66915.91494273127, -62286.53338987034, -57906.194973730446, -59448.53239638, -67647.19696607554, -64066.469856079806, -72757.78922531477, -68540.9761716099, 0.092, 0.9580000000000001, -0.19, 192.0, 0.0, 0.0, 0.0, 0.0, 0.0, 0.0, 0.0, 0.0, 0.0, 1.741116413229927E9, 0.0, 2025-03-04 13:26:53.229
186.0, -66923.96157073518, -62257.40906684507, -57910.08417726567, -59437.691800319175, -67656.53999525786, -64066.06752467961, -72774.06129527822, -68546.29588679026, 0.092, 0.9580000000000001, -0.19, 192.0, 0.0, 0.0, 0.0, 0.0, 0.0, 0.0, 0.0, 0.0, 0.0, 1.741116413229967E9, 0.0, 2025-03-04 13:26:53.229
187.0, -66920.9887887226, -62298.82684932076, -57906.37378768609, -59438.36235265283, -67655.19889059055, -64060.792512988155, -72769.680353365, -68541.15498556555, 0.082, 0.96, -0.196, 192.0, 2.0, 144.0, 30.0, 0.0, 249.0, 224.0, 0.0, 0.0, 0.0, 1.741116413229998E9, 0.0, 2025-03-04 13:26:53.229
188.0, -66914.88676248632, -62337.27184978389, -57903.803337073725, -59443.503253877556, -67650.23680332146, -64052.25414660623, -72755.86697529162, -68535.65645642954, 0.082, 0.96, -0.196, 192.0, 0.0, 0.0, 0.0, 0.0, 0.0, 0.0, 0.0, 0.0, 0.0, 1.741116413230031E9, 0.0, 2025-03-04 13:26:53.230
189.0, -66930.30946616047, -62290.46729689447, -57912.967552300404, -59440.485768376086, -67657.9258034141, -64058.11030365352, -72757.87863229259, -68539.43390124249, 0.082, 0.96, -0.196, 192.0, 0.0, 0.0, 0.0, 0.0, 0.0, 0.0, 0.0, 0.0, 0.0, 1.741116413230062E9, 0.0, 2025-03-04 13:26:53.230
190.0, -66928.58838183741, -62248.468369062946, -57922.93643032747, -59431.99210548307, -67660.16097785962, -64057.506806553225, -72763.33245793969, -68539.97034310941, 0.082, 0.96, -0.196, 192.0, 0.0, 0.0, 0.0, 0.0, 0.0, 0.0, 0.0, 0.0, 0.0, 1.7411164132301E9, 0.0, 2025-03-04 13:26:53.230
191.0, -66928.2978091595, -62288.0533084933, -57934.08995081067, -59440.485768376086, -67656.5176435134, -64053.01410591771, -72770.23914697637, -68542.6302006996, 0.082, 0.96, -0.196, 192.0, 0.0, 0.0, 0.0, 0.0, 0.0, 0.0, 0.0, 0.0, 0.0, 1.741116413230131E9, 0.0, 2025-03-04 13:26:53.230
192.0, -66913.45625084118, -62328.10763455721, -57928.770235630305, -59448.26417544654, -67641.00553286143, -64036.876146420975, -72766.3722951856, -68523.2735900013, 0.082, 0.96, -0.196, 192.0, 0.0, 0.0, 0.0, 0.0, 0.0, 0.0, 0.0, 0.0, 0.0, 1.741116413230163E9, 0.0, 2025-03-04 13:26:53.230
193.0, -66907.39892809378, -62293.23891320693, -57931.05011356475, -59447.30305043496, -67643.4195212626, -64037.524347010185, -72763.1759957285, -68526.44753771396, 0.082, 0.96, -0.196, 192.0, 0.0, 0.0, 0.0, 0.0, 0.0, 0.0, 0.0, 0.0, 0.0, 1.741116413230204E9, 0.0, 2025-03-04 13:26:53.230
194.0, -66923.71570154616, -62249.20597662997, -57945.35523001615, -59455.99787902807, -67654.46128302351, -64052.120036139495, -72754.34705666864, -68539.85858438714, 0.082, 0.96, -0.196, 192.0, 0.0, 0.0, 0.0, 0.0, 0.0, 0.0, 0.0, 0.0, 0.0, 1.741116413230236E9, 0.0, 2025-03-04 13:26:53.230
195.0, -66918.50774508808, -62284.052346235796, -57943.05300033725, -59465.25150123257, -67646.77228293089, -64046.755617470226, -72752.17893745648, -68532.88484011708, 0.082, 0.96, -0.196, 192.0, 0.0, 0.0, 0.0, 0.0, 0.0, 0.0, 0.0, 0.0, 0.0, 1.741116413230273E9, 0.0, 2025-03-04 13:26:53.230
196.0, -66924.07332945745, -62337.249498039426, -57952.686602197486, -59484.1387252973, -67657.99285864746, -64057.238585619765, -72765.90290855205, -68549.24631705837, 0.082, 0.96, -0.196, 192.0, 0.0, 0.0, 0.0, 0.0, 0.0, 0.0, 0.0, 0.0, 0.0, 1.741116413230305E9, 0.0, 2025-03-04 13:26:53.230
197.0, -66932.85756502837, -62329.13581480215, -57959.727401700904, -59489.86077187786, -67666.66533549612, -64066.738077013266, -72767.40047543055, -68557.09177936218, 0.088, 0.9580000000000001, -0.198, 192.0, 2.0, 192.0, 29.0, 240.0, 249.0, 208.0, 0.0, 0.0, 0.0, 1.741116413290101E9, 0.0, 2025-03-04 13:26:53.290
198.0, -66934.62335284035, -62262.03587794732, -57970.009204150345, -59486.59741718739, -67684.34556536026, -64081.04319346466, -72785.90771983954, -68574.6826022485, 0.088, 0.9580000000000001, -0.198, 192.0, 0.0, 0.0, 0.0, 0.0, 0.0, 0.0, 0.0, 0.0, 0.0, 1.741116413290149E9, 0.0, 2025-03-04 13:26:53.290
199.0, -66928.43191962624, -62283.337090413224, -57973.63018675211, -59491.15717305627, -67681.68570777008, -64079.90325449745, -72787.42763846251, -68567.66415448954, 0.088, 0.9580000000000001, -0.198, 192.0, 0.0, 0.0, 0.0, 0.0, 0.0, 0.0, 0.0, 0.0, 0.0, 1.741116413290181E9, 0.0, 2025-03-04 13:26:53.290
200.0, -66921.81580326745, -62335.39430324964, -57965.60591049265, -59498.086213837414, -67670.08515239778, -64074.002393961244, -72786.13123728409, -68560.13161660811, 0.088, 0.9580000000000001, -0.198, 192.0, 0.0, 0.0, 0.0, 0.0, 0.0, 0.0, 0.0, 0.0, 0.0, 1.741116413290235E9, 0.0, 2025-03-04 13:26:53.290
201.0, -66915.8925909868, -62326.18538453405, -57959.459180767444, -59491.98418760111, -67672.14151288767, -64077.422210862904, -72786.19829251747, -68564.55726201025, 0.088, 0.9580000000000001, -0.198, 192.0, 0.0, 0.0, 0.0, 0.0, 0.0, 0.0, 0.0, 0.0, 0.0, 1.741116413290275E9, 0.0, 2025-03-04 13:26:53.290
202.0, -66906.41545133776, -62253.20693888747, -57949.22208180691, -59466.30203322197, -67666.48652154047, -64066.939242713364, -72774.10599876715, -68553.3813897826, 0.088, 0.9580000000000001, -0.198, 192.0, 0.0, 0.0, 0.0, 0.0, 0.0, 0.0, 0.0, 0.0, 0.0, 1.741116413290317E9, 0.0, 2025-03-04 13:26:53.290
203.0, -66913.97034096364, -62256.000906944384, -57955.257052809844, -59475.33213798191, -67669.50400704193, -64068.79443750316, -72776.58704240168, -68538.98686635339, 0.088, 0.9580000000000001, -0.198, 192.0, 0.0, 0.0, 0.0, 0.0, 0.0, 0.0, 0.0, 0.0, 0.0, 1.74111641329034E9, 0.0, 2025-03-04 13:26:53.290
204.0, -66923.33572189043, -62313.04255879433, -57961.202616834955, -59495.33694926941, -67671.76153323193, -64075.544664328656, -72782.95728957144, -68546.72056993491, 0.088, 0.9580000000000001, -0.198, 192.0, 0.0, 0.0, 0.0, 0.0, 0.0, 0.0, 0.0, 0.0, 0.0, 1.741116413290362E9, 0.0, 2025-03-04 13:26:53.290
205.0, -66923.17925967924, -62335.371951505185, -57959.57093948972, -59495.76163241406, -67668.47582679699, -64077.73513528528, -72779.26925173632, -68555.0801223612, 0.088, 0.9580000000000001, -0.198, 192.0, 0.0, 0.0, 0.0, 0.0, 0.0, 0.0, 0.0, 0.0, 0.0, 1.741116413290402E9, 0.0, 2025-03-04 13:26:53.290
206.0, -66923.06750095695, -62274.64226182011, -57955.32410804321, -59482.931731096716, -67665.48069303998, -64073.48830383877, -72778.71045812493, -68555.79537818377, 0.088, 0.9580000000000001, -0.198, 192.0, 0.0, 0.0, 0.0, 0.0, 0.0, 0.0, 0.0, 0.0, 0.0, 1.741116413290423E9, 0.0, 2025-03-04 13:26:53.290
207.0, -66934.91392551827, -62266.640337305114, -57961.336727301685, -59482.03766131851, -67668.52053028591, -64073.44360034986, -72789.48399895239, -68558.14231135158, 0.082, 0.9580000000000001, -0.198, 192.0, 2.0, 144.0, 29.0, 240.0, 249.0, 208.0, 0.0, 0.0, 0.0, 1.741116413290445E9, 0.0, 2025-03-04 13:26:53.290
208.0, -66925.12386144685, -62313.91427682809, -57956.665212710526, -59486.59741718739, -67661.85971043822, -64066.22398689079, -72783.49373143837, -68554.81190142773, 0.082, 0.9580000000000001, -0.198, 192.0, 0.0, 0.0, 0.0, 0.0, 0.0, 0.0, 0.0, 0.0, 0.0, 1.741116413290478E9, 0.0, 2025-03-04 13:26:53.290
209.0, -66930.33181790494, -62344.804387665325, -57956.26288131034, -59497.460364992665, -67665.25717559543, -64074.2706148947, -72778.48694068038, -68558.81286368523, 0.082, 0.9580000000000001, -0.198, 192.0, 0.0, 0.0, 0.0, 0.0, 0.0, 0.0, 0.0, 0.0, 0.0, 1.7411164132905E9, 0.0, 2025-03-04 13:26:53.290
210.0, -66926.3979108808, -62285.728727069945, -57948.03743935078, -59479.13193453931, -67667.71586748552, -64075.85758875103, -72788.07583905171, -68563.32791606522, 0.082, 0.9580000000000001, -0.198, 192.0, 0.0, 0.0, 0.0, 0.0, 0.0, 0.0, 0.0, 0.0, 0.0, 1.741116413290525E9, 0.0, 2025-03-04 13:26:53.290
211.0, -66927.35903589238, -62259.48777907941, -57946.316355027724, -59478.796658372485, -67666.75474247393, -64069.956728214835, -72791.20508327545, -68562.2326805869, 0.082, 0.9580000000000001, -0.198, 192.0, 0.0, 0.0, 0.0, 0.0, 0.0, 0.0, 0.0, 0.0, 0.0, 1.741116413290547E9, 0.0, 2025-03-04 13:26:53.290
212.0, -66925.57089633595, -62304.459488923494, -57938.359134001636, -59478.39432697229, -67657.9258034141, -64062.20067288884, -72778.50929242483, -68552.21909907092, 0.082, 0.9580000000000001, -0.198, 192.0, 0.0, 0.0, 0.0, 0.0, 0.0, 0.0, 0.0, 0.0, 0.0, 1.741116413350182E9, 0.0, 2025-03-04 13:26:53.350
213.0, -66920.20647766668, -62341.89866088613, -57927.98792457437, -59474.14749552578, -67651.71201845551, -64055.78572223017, -72771.28967896577, -68550.60977347015, 0.082, 0.9580000000000001, -0.198, 192.0, 0.0, 0.0, 0.0, 0.0, 0.0, 0.0, 0.0, 0.0, 0.0, 1.741116413350208E9, 0.0, 2025-03-04 13:26:53.350
214.0, -66912.76334676307, -62293.01539576238, -57913.83927033416, -59457.92012905123, -67642.99483811794, -64047.515576781705, -72767.13225449709, -68544.06071234474, 0.082, 0.9580000000000001, -0.198, 192.0, 0.0, 0.0, 0.0, 0.0, 0.0, 0.0, 0.0, 0.0, 0.0, 1.74111641335023E9, 0.0, 2025-03-04 13:26:53.350
215.0, -66905.72254725963, -62238.387732313604, -57905.32325569669, -59442.8327015439, -67636.19990780353, -64041.30179182313, -72757.9233357815, -68537.7798721528, 0.082, 0.9580000000000001, -0.198, 192.0, 0.0, 0.0, 0.0, 0.0, 0.0, 0.0, 0.0, 0.0, 0.0, 1.741116413350253E9, 0.0, 2025-03-04 13:26:53.350
216.0, -66907.4436315827, -62274.396392631104, -57905.43501441897, -59443.212681199635, -67638.27862003788, -64044.58749825806, -72754.41411190202, -68540.88676463209, 0.082, 0.9580000000000001, -0.198, 192.0, 0.0, 0.0, 0.0, 0.0, 0.0, 0.0, 0.0, 0.0, 0.0, 1.741116413350286E9, 0.0, 2025-03-04 13:26:53.350
217.0, -66910.28230312852, -62325.715997900494, -57906.8655260641, -59457.07076276193, -67639.77618691638, -64053.8187687181, -72763.2206992174, -68554.67779096101, 0.088, 0.966, -0.198, 192.0, 2.0, 192.0, 30.0, 48.0, 249.0, 208.0, 0.0, 0.0, 0.0, 1.741116413350307E9, 0.0, 2025-03-04 13:26:53.350
218.0, -66916.56314332047, -62300.212657476986, -57908.83247957617, -59449.85114930286, -67648.02398062039, -64062.80416998913, -72768.11573125311, -68559.30460206326, 0.088, 0.966, -0.198, 192.0, 0.0, 0.0, 0.0, 0.0, 0.0, 0.0, 0.0, 0.0, 0.0, 1.741116413350331E9, 0.0, 2025-03-04 13:26:53.350
219.0, -66910.77404150653, -62239.192395114, -57903.378653929074, -59435.12134970682, -67645.09590209674, -64055.24928036324, -72760.76200732733, -68542.00435185485, 0.088, 0.966, -0.198, 192.0, 0.0, 0.0, 0.0, 0.0, 0.0, 0.0, 0.0, 0.0, 0.0, 1.741116413350354E9, 0.0, 2025-03-04 13:26:53.350
220.0, -66903.040337925, -62262.03587794732, -57901.90343879502, -59435.00959098454, -67638.45743399352, -64045.369809314, -72759.42090266, -68539.2774390313, 0.088, 0.966, -0.198, 192.0, 0.0, 0.0, 0.0, 0.0, 0.0, 0.0, 0.0, 0.0, 0.0, 1.741116413350378E9, 0.0, 2025-03-04 13:26:53.350
221.0, -66903.50972455856, -62309.37687270366, -57903.57981962917, -59445.04552424497, -67638.09980608223, -64044.83336744707, -72769.0768562647, -68538.58453495319, 0.088, 0.966, -0.198, 192.0, 0.0, 0.0, 0.0, 0.0, 0.0, 0.0, 0.0, 0.0, 0.0, 1.741116413350404E9, 0.0, 2025-03-04 13:26:53.350
222.0, -66909.96937870614, -62299.922084799065, -57911.93937205546, -59450.968736525625, -67646.1687858306, -64054.89165245195, -72774.30716446725, -68555.23658457238, 0.088, 0.966, -0.198, 192.0, 0.0, 0.0, 0.0, 0.0, 0.0, 0.0, 0.0, 0.0, 0.0, 1.741116413350426E9, 0.0, 2025-03-04 13:26:53.350
223.0, -66908.58357054992, -62240.46644454795, -57916.43207269098, -59442.8327015439, -67651.95788764452, -64056.72449549729, -72786.82414136222, -68568.42411380103, 0.088, 0.966, -0.198, 192.0, 0.0, 0.0, 0.0, 0.0, 0.0, 0.0, 0.0, 0.0, 0.0, 1.74111641335045E9, 0.0, 2025-03-04 13:26:53.350
224.0, -66900.82751522392, -62249.80947373027, -57908.60896213162, -59437.28946891898, -67640.44673925004, -64043.7157802243, -72766.59581263016, -68538.09279657518, 0.088, 0.966, -0.198, 192.0, 0.0, 0.0, 0.0, 0.0, 0.0, 0.0, 0.0, 0.0, 0.0, 1.741116413350471E9, 0.0, 2025-03-04 13:26:53.350
225.0, -66919.60298056639, -62311.388529704636, -57921.86354659362, -59461.474056419625, -67646.97344863099, -64051.13655938346, -72772.40726618854, -68545.89355539007, 0.088, 0.966, -0.198, 192.0, 0.0, 0.0, 0.0, 0.0, 0.0, 0.0, 0.0, 0.0, 0.0, 1.741116413350497E9, 0.0, 2025-03-04 13:26:53.350
226.0, -66908.18123914972, -62316.19415476253, -57919.829537848185, -59455.304974949955, -67646.54876548634, -64044.94512616935, -72774.64244063407, -68550.47566300341, 0.088, 0.966, -0.198, 192.0, 0.0, 0.0, 0.0, 0.0, 0.0, 0.0, 0.0, 0.0, 0.0, 1.741116413350518E9, 0.0, 2025-03-04 13:26:53.350
227.0, -66910.88580022882, -62254.77156099935, -57927.652648407544, -59450.6334603588, -67653.63426847867, -64054.6681350074, -72779.26925173632, -68551.05680835925, 0.084, 0.966, -0.20400000000000001, 192.0, 2.0, 160.0, 30.0, 48.0, 249.0, 160.0, 0.0, 0.0, 0.0, 1.741116413409152E9, 0.0, 2025-03-04 13:26:53.409
228.0, -66913.23273339662, -62257.051438933784, -57932.90530835454, -59457.540149395485, -67650.66148646611, -64057.68562050887, -72762.14781548355, -68542.45138674395, 0.084, 0.966, -0.20400000000000001, 192.0, 0.0, 0.0, 0.0, 0.0, 0.0, 0.0, 0.0, 0.0, 0.0, 1.741116413409188E9, 0.0, 2025-03-04 13:26:53.409
229.0, -66916.92077123174, -62314.33895997274, -57941.60013694765, -59472.56052166945, -67651.93553590006, -64064.34644035655, -72771.35673419914, -68554.61073572763, 0.084, 0.966, -0.20400000000000001, 192.0, 0.0, 0.0, 0.0, 0.0, 0.0, 0.0, 0.0, 0.0, 0.0, 1.741116413409209E9, 0.0, 2025-03-04 13:26:53.409
230.0, -66917.01017820957, -62335.14843406063, -57946.27165153881, -59481.657681662764, -67654.46128302351, -64065.03934443466, -72782.9796413159, -68555.46010201694, 0.084, 0.966, -0.20400000000000001, 192.0, 0.0, 0.0, 0.0, 0.0, 0.0, 0.0, 0.0, 0.0, 0.0, 1.74111641340923E9, 0.0, 2025-03-04 13:26:53.409
231.0, -66919.37946312183, -62278.97850024444, -57950.67494519651, -59481.43416421821, -67656.29412606885, -64070.40376310394, -72779.53747266978, -68561.24920383087, 0.084, 0.966, -0.20400000000000001, 192.0, 0.0, 0.0, 0.0, 0.0, 0.0, 0.0, 0.0, 0.0, 0.0, 1.74111641340926E9, 0.0, 2025-03-04 13:26:53.409
232.0, -66916.18316366473, -62257.833749989724, -57955.59232897667, -59470.57121641293, -67655.84709117975, -64066.11222816852, -72768.6745248645, -68565.04900038827, 0.084, 0.966, -0.20400000000000001, 192.0, 0.0, 0.0, 0.0, 0.0, 0.0, 0.0, 0.0, 0.0, 0.0, 1.741116413409281E9, 0.0, 2025-03-04 13:26:53.409
233.0, -66924.98975098011, -62309.42157619257, -57961.001451134856, -59482.41764097424, -67658.4175417921, -64064.569957801104, -72777.8834435801, -68556.19770958397, 0.084, 0.966, -0.20400000000000001, 192.0, 0.0, 0.0, 0.0, 0.0, 0.0, 0.0, 0.0, 0.0, 0.0, 1.741116413409301E9, 0.0, 2025-03-04 13:26:53.409
234.0, -66921.61463756736, -62338.657657940115, -57958.52040750032, -59488.1396875548, -67657.00938189142, -64063.16179790042, -72773.30133596675, -68539.63506694259, 0.084, 0.966, -0.20400000000000001, 192.0, 0.0, 0.0, 0.0, 0.0, 0.0, 0.0, 0.0, 0.0, 0.0, 1.741116413409324E9, 0.0, 2025-03-04 13:26:53.409
235.0, -66926.95670449219, -62287.13688697063, -57958.833331922695, -59480.42833571772, -67659.2222045925, -64062.55830080013, -72770.50736790984, -68544.66420944504, 0.084, 0.966, -0.20400000000000001, 192.0, 0.0, 0.0, 0.0, 0.0, 0.0, 0.0, 0.0, 0.0, 0.0, 1.741116413409345E9, 0.0, 2025-03-04 13:26:53.409
236.0, -66923.71570154616, -62252.581090042724, -57953.40185802006, -59470.615919901844, -67655.55651850182, -64060.1219606545, -72761.5219666388, -68543.32310477771, 0.084, 0.966, -0.20400000000000001, 192.0, 0.0, 0.0, 0.0, 0.0, 0.0, 0.0, 0.0, 0.0, 0.0, 1.741116413409373E9, 0.0, 2025-03-04 13:26:53.409
237.0, -66916.11610843135, -62294.17768647405, -57939.2755555243, -59471.86761759134, -67638.30097178233, -64045.548623269635, -72749.89905952204, -68530.53790694928, 0.084, 0.96, -0.20600000000000002, 192.0, 2.0, 160.0, 30.0, 0.0, 249.0, 144.0, 0.0, 0.0, 0.0, 1.741116413409394E9, 0.0, 2025-03-04 13:26:53.409
238.0, -66929.70596906019, -62340.84812889673, -57949.55735797374, -59487.02210033204, -67650.28150681037, -64058.78085598718, -72764.18182422899, -68552.91200314903, 0.084, 0.96, -0.20600000000000002, 192.0, 0.0, 0.0, 0.0, 0.0, 0.0, 0.0, 0.0, 0.0, 0.0, 1.74111641340942E9, 0.0, 2025-03-04 13:26:53.409
239.0, -66927.47079461465, -62309.153355259106, -57951.56901497472, -59487.24561777659, -67656.56234700231, -64071.208425904326, -72778.3304784692, -68579.7340964954, 0.084, 0.96, -0.20600000000000002, 192.0, 0.0, 0.0, 0.0, 0.0, 0.0, 0.0, 0.0, 0.0, 0.0, 1.741116413409442E9, 0.0, 2025-03-04 13:26:53.409
240.0, -66936.12091971886, -62266.9979652164, -57958.58746273369, -59484.89868460879, -67662.73142847198, -64078.80801901913, -72788.16524602953, -68578.191826128, 0.084, 0.96, -0.20600000000000002, 192.0, 0.0, 0.0, 0.0, 0.0, 0.0, 0.0, 0.0, 0.0, 0.0, 1.741116413409463E9, 0.0, 2025-03-04 13:26:53.409
241.0, -66921.83815501191, -62299.05036676531, -57947.23277655039, -59475.91328333775, -67645.20766081901, -64056.65744026392, -72761.34315268316, -68519.80906961072, 0.084, 0.96, -0.20600000000000002, 192.0, 0.0, 0.0, 0.0, 0.0, 0.0, 0.0, 0.0, 0.0, 0.0, 1.741116413409487E9, 0.0, 2025-03-04 13:26:53.409
242.0, -66913.21038165217, -62330.52162295838, -57937.152139801045, -59469.431277445714, -67637.27279153738, -64050.018972160695, -72751.95542001193, -68521.08311904468, 0.084, 0.96, -0.20600000000000002, 192.0, 0.0, 0.0, 0.0, 0.0, 0.0, 0.0, 0.0, 0.0, 0.0, 1.741116413469434E9, 0.0, 2025-03-04 13:26:53.469
243.0, -66929.41539638226, -62308.99689304792, -57943.00829684833, -59474.21455075915, -67647.8675184092, -64060.859568221524, -72766.28288820779, -68541.17733731, 0.084, 0.96, -0.20600000000000002, 192.0, 0.0, 0.0, 0.0, 0.0, 0.0, 0.0, 0.0, 0.0, 0.0, 1.741116413469484E9, 0.0, 2025-03-04 13:26:53.469
244.0, -66928.58838183741, -62252.55873829827, -57942.0248200923, -59460.91526280824, -67651.28733531086, -64060.70310601033, -72774.41892318951, -68547.34641877966, 0.084, 0.96, -0.20600000000000002, 192.0, 0.0, 0.0, 0.0, 0.0, 0.0, 0.0, 0.0, 0.0, 0.0, 1.741116413469506E9, 0.0, 2025-03-04 13:26:53.469
245.0, -66922.1957829232, -62277.7491542994, -57939.834349135686, -59460.15530349676, -67647.68870445355, -64058.33382109807, -72768.98744928688, -68547.9275641355, 0.084, 0.96, -0.20600000000000002, 192.0, 0.0, 0.0, 0.0, 0.0, 0.0, 0.0, 0.0, 0.0, 0.0, 1.741116413469528E9, 0.0, 2025-03-04 13:26:53.469
246.0, -66923.22396316814, -62326.92299210108, -57935.542814200264, -59469.364222212345, -67645.63234396366, -64062.91592871141, -72760.76200732733, -68549.04515135827, 0.084, 0.96, -0.20600000000000002, 192.0, 0.0, 0.0, 0.0, 0.0, 0.0, 0.0, 0.0, 0.0, 0.0, 1.741116413469557E9, 0.0, 2025-03-04 13:26:53.469
247.0, -66917.90424798778, -62318.69755014152, -57929.15021528605, -59465.184445999206, -67648.2698498094, -64069.956728214835, -72769.23331847589, -68562.433846287, 0.09, 0.962, -0.20600000000000002, 192.0, 2.0, 208.0, 30.0, 16.0, 249.0, 144.0, 0.0, 0.0, 0.0, 1.741116413469578E9, 0.0, 2025-03-04 13:26:53.469
248.0, -66920.58645732242, -62257.7443430119, -57930.64778216455, -59454.05327726046, -67656.4729400245, -64076.41638236242, -72784.99129831688, -68567.15006436707, 0.09, 0.962, -0.20600000000000002, 192.0, 0.0, 0.0, 0.0, 0.0, 0.0, 0.0, 0.0, 0.0, 0.0, 1.741116413469601E9, 0.0, 2025-03-04 13:26:53.469
249.0, -66904.82847748142, -62259.68894477951, -57919.337799470166, -59440.19519569817, -67645.07355035229, -64055.47279780779, -72788.29935649627, -68542.00435185485, 0.09, 0.962, -0.20600000000000002, 192.0, 0.0, 0.0, 0.0, 0.0, 0.0, 0.0, 0.0, 0.0, 0.0, 1.741116413469622E9, 0.0, 2025-03-04 13:26:53.469
250.0, -66899.15113438977, -62297.28457895334, -57909.681845865474, -59435.0766462179, -67638.6138962047, -64047.47087329279, -72780.27508023681, -68534.44946222895, 0.09, 0.962, -0.20600000000000002, 192.0, 0.0, 0.0, 0.0, 0.0, 0.0, 0.0, 0.0, 0.0, 0.0, 1.741116413469643E9, 0.0, 2025-03-04 13:26:53.469
251.0, -66914.35032061939, -62307.253456980405, -57917.32614246919, -59440.46341663163, -67649.90152715464, -64060.032553676676, -72777.14583601306, -68550.76623568132, 0.09, 0.962, -0.20600000000000002, 192.0, 0.0, 0.0, 0.0, 0.0, 0.0, 0.0, 0.0, 0.0, 0.0, 1.741116413469668E9, 0.0, 2025-03-04 13:26:53.469
252.0, -66917.12193693184, -62242.20988061546, -57916.02974129078, -59428.5275850925, -67653.7683789454, -64058.132655397974, -72776.85526333515, -68553.15787233805, 0.09, 0.962, -0.20600000000000002, 192.0, 0.0, 0.0, 0.0, 0.0, 0.0, 0.0, 0.0, 0.0, 0.0, 1.74111641346969E9, 0.0, 2025-03-04 13:26:53.469
253.0, -66917.63602705432, -62240.98053467042, -57924.568107672705, -59435.456625873645, -67659.84805343725, -64062.55830080013, -72793.06027806524, -68560.69041021948, 0.09, 0.962, -0.20600000000000002, 192.0, 0.0, 0.0, 0.0, 0.0, 0.0, 0.0, 0.0, 0.0, 0.0, 1.741116413469715E9, 0.0, 2025-03-04 13:26:53.469
254.0, -66911.01991069554, -62290.959035272484, -57917.19203200246, -59442.8327015439, -67644.35829452971, -64050.644821005444, -72792.52383619832, -68543.45721524445, 0.09, 0.962, -0.20600000000000002, 192.0, 0.0, 0.0, 0.0, 0.0, 0.0, 0.0, 0.0, 0.0, 0.0, 1.741116413469736E9, 0.0, 2025-03-04 13:26:53.469
255.0, -66917.1442886763, -62310.24859073742, -57920.54479367075, -59445.78313181199, -67641.72078868399, -64053.41643731791, -72765.14294924056, -68545.80414841225, 0.09, 0.962, -0.20600000000000002, 192.0, 0.0, 0.0, 0.0, 0.0, 0.0, 0.0, 0.0, 0.0, 0.0, 1.741116413469758E9, 0.0, 2025-03-04 13:26:53.469
0.0, -66923.31337014596, -62255.12918891063, -57924.23283150588, -59449.53822488049, -67641.22905030598, -64057.4173995754, -72765.45587366294, -68547.36877052412, 0.09, 0.962, -0.20600000000000002, 192.0, 0.0, 0.0, 0.0, 0.0, 0.0, 0.0, 0.0, 0.0, 0.0, 1.741116413469783E9, 0.0, 2025-03-04 13:26:53.469
1.0, -66918.48539334362, -62235.6384677456, -57923.76344487232, -59437.42357938571, -67636.42342524808, -64047.515576781705, -72780.56565291472, -68550.96740138142, 0.08600000000000001, 0.96, -0.20800000000000002, 192.0, 2.0, 176.0, 30.0, 0.0, 249.0, 128.0, 0.0, 0.0, 0.0, 1.741116413529735E9, 0.0, 2025-03-04 13:26:53.529
2.0, -66915.57966656443, -62292.21073296198, -57928.94904958595, -59456.9366522952, -67639.463262494, -64050.935393683365, -72790.80275187525, -68547.9275641355, 0.08600000000000001, 0.96, -0.20800000000000002, 192.0, 0.0, 0.0, 0.0, 0.0, 0.0, 0.0, 0.0, 0.0, 0.0, 1.74111641352977E9, 0.0, 2025-03-04 13:26:53.529
3.0, -66917.18899216522, -62327.37002699018, -57926.98209607388, -59463.50806516506, -67634.45647173602, -64047.96261167081, -72756.31401018072, -68542.49609023286, 0.08600000000000001, 0.96, -0.20800000000000002, 192.0, 0.0, 0.0, 0.0, 0.0, 0.0, 0.0, 0.0, 0.0, 0.0, 1.741116413529791E9, 0.0, 2025-03-04 13:26:53.529
4.0, -66927.42609112574, -62278.19618918851, -57937.35330550114, -59460.267062219034, -67649.722713199, -64061.619527533, -72782.80082736026, -68558.38818054058, 0.08600000000000001, 0.96, -0.20800000000000002, 192.0, 0.0, 0.0, 0.0, 0.0, 0.0, 0.0, 0.0, 0.0, 0.0, 1.741116413529813E9, 0.0, 2025-03-04 13:26:53.529
5.0, -66931.0023702386, -62251.28468886432, -57945.198767804955, -59463.03867853149, -67653.1201783562, -64067.94507121386, -72778.46458893592, -68563.90906142104, 0.08600000000000001, 0.96, -0.20800000000000002, 192.0, 0.0, 0.0, 0.0, 0.0, 0.0, 0.0, 0.0, 0.0, 0.0, 1.741116413529841E9, 0.0, 2025-03-04 13:26:53.529
6.0, -66925.01210272456, -62289.081488738244, -57938.068561323715, -59457.562501139946, -67641.22905030598, -64048.7672744712, -72764.45004516245, -68550.94504963697, 0.08600000000000001, 0.96, -0.20800000000000002, 192.0, 0.0, 0.0, 0.0, 0.0, 0.0, 0.0, 0.0, 0.0, 0.0, 1.741116413529863E9, 0.0, 2025-03-04 13:26:53.529
7.0, -66919.55827707748, -62325.82775662277, -57932.72649439889, -59452.175730726216, -67633.89767812463, -64035.132710353464, -72757.94568752595, -68528.63800867058, 0.08600000000000001, 0.96, -0.20800000000000002, 192.0, 0.0, 0.0, 0.0, 0.0, 0.0, 0.0, 0.0, 0.0, 0.0, 1.741116413529885E9, 0.0, 2025-03-04 13:26:53.529
8.0, -66931.0470737275, -62290.93668352803, -57934.87226186661, -59451.84045455939, -67638.94917237153, -64040.810053445115, -72768.8309870757, -68534.51651746233, 0.08600000000000001, 0.96, -0.20800000000000002, 192.0, 0.0, 0.0, 0.0, 0.0, 0.0, 0.0, 0.0, 0.0, 0.0, 1.741116413529906E9, 0.0, 2025-03-04 13:26:53.529
9.0, -66936.59030635242, -62249.34008709671, -57944.70702942694, -59456.66843136173, -67651.51085275541, -64052.879995450974, -72786.26534775083, -68546.20647981245, 0.08600000000000001, 0.96, -0.20800000000000002, 192.0, 0.0, 0.0, 0.0, 0.0, 0.0, 0.0, 0.0, 0.0, 0.0, 1.741116413529929E9, 0.0, 2025-03-04 13:26:53.529
10.0, -66928.07429171495, -62282.26420667937, -57936.23571827838, -59453.87446330482, -67637.94334387104, -64041.27944007867, -72768.36160044213, -68525.32995049118, 0.08600000000000001, 0.96, -0.20800000000000002, 192.0, 0.0, 0.0, 0.0, 0.0, 0.0, 0.0, 0.0, 0.0, 0.0, 1.741116413529953E9, 0.0, 2025-03-04 13:26:53.529
11.0, -66936.36678890786, -62332.39916949263, -57938.984982846385, -59463.66452737624, -67638.18921306005, -64043.9169459244, -72761.90194629454, -68531.76725289432, 0.084, 0.9580000000000001, -0.21, 192.0, 2.0, 160.0, 29.0, 240.0, 249.0, 112.0, 0.0, 0.0, 0.0, 1.741116413529974E9, 0.0, 2025-03-04 13:26:53.529
12.0, -66937.3502656639, -62312.39435820513, -57934.916965355515, -59461.65287037526, -67633.65180893563, -64041.03357088967, -72759.28679219328, -68532.43780522798, 0.084, 0.9580000000000001, -0.21, 192.0, 0.0, 0.0, 0.0, 0.0, 0.0, 0.0, 0.0, 0.0, 0.0, 1.741116413529997E9, 0.0, 2025-03-04 13:26:53.529
13.0, -66936.03151274103, -62254.682154021524, -57937.42036073451, -59453.71800109363, -67635.59641070323, -64045.72743722528, -72759.89028929357, -68546.13942457907, 0.084, 0.9580000000000001, -0.21, 192.0, 0.0, 0.0, 0.0, 0.0, 0.0, 0.0, 0.0, 0.0, 0.0, 1.741116413530023E9, 0.0, 2025-03-04 13:26:53.530
14.0, -66931.15883244977, -62279.09025896672, -57937.509767712334, -59448.51004463554, -67631.55074495682, -64038.2619545772, -72757.94568752595, -68534.6282761846, 0.084, 0.9580000000000001, -0.21, 192.0, 0.0, 0.0, 0.0, 0.0, 0.0, 0.0, 0.0, 0.0, 0.0, 1.741116413530045E9, 0.0, 2025-03-04 13:26:53.530
15.0, -66919.2453526551, -62325.224259522474, -57923.9199070835, -59441.268079432026, -67615.23397150445, -64023.01806485869, -72743.03707397426, -68516.36690096461, 0.084, 0.9580000000000001, -0.21, 192.0, 0.0, 0.0, 0.0, 0.0, 0.0, 0.0, 0.0, 0.0, 0.0, 1.741116413530069E9, 0.0, 2025-03-04 13:26:53.530
16.0, -66934.44453888471, -62322.631457165655, -57933.01706707681, -59444.50908237804, -67628.42150073308, -64039.17837609987, -72760.2255654604, -68539.70212217595, 0.084, 0.9580000000000001, -0.21, 192.0, 0.0, 0.0, 0.0, 0.0, 0.0, 0.0, 0.0, 0.0, 0.0, 1.741116413590081E9, 0.0, 2025-03-04 13:26:53.590
17.0, -66938.49020463112, -62263.488741336914, -57940.34843925815, -59442.318611421426, -67639.6644281941, -64050.175434371886, -72777.59287090217, -68556.04124737278, 0.084, 0.9580000000000001, -0.21, 192.0, 0.0, 0.0, 0.0, 0.0, 0.0, 0.0, 0.0, 0.0, 0.0, 1.741116413590121E9, 0.0, 2025-03-04 13:26:53.590
18.0, -66942.2005942107, -62275.42457287605, -57943.63414569308, -59444.77730331151, -67640.13381482767, -64048.409646559914, -72774.35186795615, -68542.2278692994, 0.084, 0.9580000000000001, -0.21, 192.0, 0.0, 0.0, 0.0, 0.0, 0.0, 0.0, 0.0, 0.0, 0.0, 1.741116413590143E9, 0.0, 2025-03-04 13:26:53.590
19.0, -66932.41053013927, -62328.934649102055, -57940.5272532138, -59451.57223362592, -67635.79757640333, -64044.16281511341, -72779.33630696968, -68544.30658153375, 0.084, 0.9580000000000001, -0.21, 192.0, 0.0, 0.0, 0.0, 0.0, 0.0, 0.0, 0.0, 0.0, 0.0, 1.741116413590164E9, 0.0, 2025-03-04 13:26:53.590
20.0, -66920.0947189444, -62324.57605893327, -57930.20074727545, -59435.81425378493, -67627.99681758843, -64037.85962317701, -72774.50833016734, -68551.57089848172, 0.084, 0.9580000000000001, -0.21, 192.0, 0.0, 0.0, 0.0, 0.0, 0.0, 0.0, 0.0, 0.0, 0.0, 1.741116413590192E9, 0.0, 2025-03-04 13:26:53.590
21.0, -66931.38234989434, -62258.03491568982, -57939.52142471331, -59427.074721702906, -67642.70426544003, -64043.7157802243, -72785.70655413944, -68543.85954664464, 0.084, 0.9580000000000001, -0.20400000000000001, 192.0, 2.0, 160.0, 29.0, 240.0, 249.0, 160.0, 0.0, 0.0, 0.0, 1.741116413590213E9, 0.0, 2025-03-04 13:26:53.590
22.0, -66931.82938478344, -62253.296345865296, -57943.05300033725, -59430.96392523813, -67640.58084971677, -64041.972344156784, -72774.10599876715, -68535.94702910745, 0.084, 0.9580000000000001, -0.20400000000000001, 192.0, 0.0, 0.0, 0.0, 0.0, 0.0, 0.0, 0.0, 0.0, 0.0, 1.741116413590237E9, 0.0, 2025-03-04 13:26:53.590
23.0, -66925.50384110259, -62299.09507025422, -57940.21432879142, -59441.3798381543, -67637.07162583728, -64042.53113776817, -72767.8251585752, -68545.24535480086, 0.084, 0.9580000000000001, -0.20400000000000001, 192.0, 0.0, 0.0, 0.0, 0.0, 0.0, 0.0, 0.0, 0.0, 0.0, 1.741116413590258E9, 0.0, 2025-03-04 13:26:53.590
24.0, -66914.70794853067, -62317.267038496386, -57933.77702638829, -59441.96098351014, -67636.73634967045, -64043.0675796351, -72770.7755888433, -68539.3221425202, 0.084, 0.9580000000000001, -0.20400000000000001, 192.0, 0.0, 0.0, 0.0, 0.0, 0.0, 0.0, 0.0, 0.0, 0.0, 1.741116413590279E9, 0.0, 2025-03-04 13:26:53.590
25.0, -66913.09862292989, -62254.548043554794, -57931.4747967094, -59430.628649071296, -67641.38551251715, -64047.00148665923, -72780.78917035928, -68545.1335960786, 0.084, 0.9580000000000001, -0.20400000000000001, 192.0, 0.0, 0.0, 0.0, 0.0, 0.0, 0.0, 0.0, 0.0, 0.0, 1.741116413590305E9, 0.0, 2025-03-04 13:26:53.590
26.0, -66915.55731481998, -62232.17394735503, -57932.07829380969, -59425.15247167975, -67642.27958229538, -64042.82171044609, -72786.93590008449, -68554.78954968328, 0.084, 0.9580000000000001, -0.20400000000000001, 192.0, 0.0, 0.0, 0.0, 0.0, 0.0, 0.0, 0.0, 0.0, 0.0, 1.741116413590326E9, 0.0, 2025-03-04 13:26:53.590
27.0, -66905.96841644865, -62281.50424736789, -57924.366941972614, -59433.288506661476, -67633.00360834642, -64034.015123130695, -72792.07680130922, -68546.49705249036, 0.084, 0.9580000000000001, -0.20400000000000001, 192.0, 0.0, 0.0, 0.0, 0.0, 0.0, 0.0, 0.0, 0.0, 0.0, 1.741116413590347E9, 0.0, 2025-03-04 13:26:53.590
28.0, -66908.51651531656, -62316.93176232956, -57919.42720644799, -59437.11065496334, -67627.95211409952, -64030.70706495131, -72782.21968200442, -68518.87029634361, 0.084, 0.9580000000000001, -0.20400000000000001, 192.0, 0.0, 0.0, 0.0, 0.0, 0.0, 0.0, 0.0, 0.0, 0.0, 1.741116413590372E9, 0.0, 2025-03-04 13:26:53.590
29.0, -66931.0470737275, -62278.82203803326, -57930.60307867564, -59443.74912306656, -67640.08911133875, -64050.376600071984, -72776.96702205742, -68543.8818983891, 0.084, 0.9580000000000001, -0.20400000000000001, 192.0, 0.0, 0.0, 0.0, 0.0, 0.0, 0.0, 0.0, 0.0, 0.0, 1.741116413590393E9, 0.0, 2025-03-04 13:26:53.590
30.0, -66916.78666076502, -62242.32163933774, -57930.35720948663, -59440.686934076184, -67635.39524500314, -64051.76240822821, -72768.74158009786, -68545.80414841225, 0.084, 0.9580000000000001, -0.20400000000000001, 192.0, 0.0, 0.0, 0.0, 0.0, 0.0, 0.0, 0.0, 0.0, 0.0, 1.741116413590418E9, 0.0, 2025-03-04 13:26:53.590
31.0, -66905.38727109281, -62272.22827341894, -57916.85675583563, -59430.51689034902, -67615.6139511602, -64032.539907996645, -72748.31208566572, -68527.96745633692, 0.082, 0.96, -0.20800000000000002, 192.0, 2.0, 144.0, 30.0, 0.0, 249.0, 128.0, 0.0, 0.0, 0.0, 1.741116413650333E9, 0.0, 2025-03-04 13:26:53.650
32.0, -66913.88093398583, -62315.791823362335, -57924.791625117265, -59443.6820678332, -67620.12900354016, -64040.13950111145, -72755.44229214697, -68535.79056689628, 0.082, 0.96, -0.20800000000000002, 192.0, 0.0, 0.0, 0.0, 0.0, 0.0, 0.0, 0.0, 0.0, 0.0, 1.741116413650372E9, 0.0, 2025-03-04 13:26:53.650
33.0, -66928.7448440486, -62288.7015090825, -57936.36982874511, -59449.96290802514, -67631.59544844573, -64046.889727936956, -72770.3732574431, -68536.75169190785, 0.082, 0.96, -0.20800000000000002, 192.0, 0.0, 0.0, 0.0, 0.0, 0.0, 0.0, 0.0, 0.0, 0.0, 1.741116413650393E9, 0.0, 2025-03-04 13:26:53.650
34.0, -66929.66126557127, -62246.791988228804, -57940.236680535876, -59445.89489053427, -67631.88602112366, -64041.52530926768, -72772.11669351062, -68533.06365407273, 0.082, 0.96, -0.20800000000000002, 192.0, 0.0, 0.0, 0.0, 0.0, 0.0, 0.0, 0.0, 0.0, 0.0, 1.741116413650415E9, 0.0, 2025-03-04 13:26:53.650
35.0, -66923.73805329061, -62277.23506417693, -57939.052038079746, -59444.50908237804, -67627.70624491051, -64034.75273069772, -72762.90777479504, -68530.94023834947, 0.082, 0.96, -0.20800000000000002, 192.0, 0.0, 0.0, 0.0, 0.0, 0.0, 0.0, 0.0, 0.0, 0.0, 1.741116413650439E9, 0.0, 2025-03-04 13:26:53.650
36.0, -66923.2910184015, -62325.715997900494, -57941.10839856964, -59451.21460571464, -67629.04734957783, -64032.696370207836, -72768.13808299758, -68533.28717151728, 0.082, 0.96, -0.20800000000000002, 192.0, 0.0, 0.0, 0.0, 0.0, 0.0, 0.0, 0.0, 0.0, 0.0, 1.741116413650463E9, 0.0, 2025-03-04 13:26:53.650
37.0, -66935.18214645173, -62313.17666926106, -57952.93247138649, -59457.271928462025, -67647.57694573129, -64045.66038199191, -72783.87371109411, -68545.67003794551, 0.082, 0.96, -0.20800000000000002, 192.0, 0.0, 0.0, 0.0, 0.0, 0.0, 0.0, 0.0, 0.0, 0.0, 1.741116413650485E9, 0.0, 2025-03-04 13:26:53.650
38.0, -66929.19187893771, -62256.06796217775, -57943.90236662655, -59443.39149515528, -67642.14547182864, -64041.078274378575, -72774.21775748942, -68541.89259313256, 0.082, 0.96, -0.20800000000000002, 192.0, 0.0, 0.0, 0.0, 0.0, 0.0, 0.0, 0.0, 0.0, 0.0, 1.741116413650507E9, 0.0, 2025-03-04 13:26:53.650
39.0, -66924.07332945745, -62275.91631125406, -57939.32025901321, -59442.586832354886, -67635.84227989224, -64038.06078887711, -72771.51319641032, -68539.85858438714, 0.082, 0.96, -0.20800000000000002, 192.0, 0.0, 0.0, 0.0, 0.0, 0.0, 0.0, 0.0, 0.0, 0.0, 1.741116413650528E9, 0.0, 2025-03-04 13:26:53.650
40.0, -66918.03835845452, -62320.44098620904, -57930.17839553099, -59441.603355598854, -67626.92393385457, -64032.74107369674, -72773.30133596675, -68534.6729796735, 0.082, 0.96, -0.20800000000000002, 192.0, 0.0, 0.0, 0.0, 0.0, 0.0, 0.0, 0.0, 0.0, 0.0, 1.741116413650552E9, 0.0, 2025-03-04 13:26:53.650
41.0, -66931.4494051277, -62320.820965864776, -57936.34747700066, -59446.83366380139, -67635.50700372542, -64042.97817265728, -72788.05348730726, -68548.24048855787, 0.08600000000000001, 0.9560000000000001, -0.202, 192.0, 2.0, 176.0, 29.0, 224.0, 249.0, 176.0, 0.0, 0.0, 0.0, 1.741116413650578E9, 0.0, 2025-03-04 13:26:53.650
42.0, -66931.11412896086, -62260.068924435254, -57935.408703733534, -59433.3779136393, -67633.87532638018, -64043.447559290835, -72780.09626628117, -68552.1296920931, 0.08600000000000001, 0.9560000000000001, -0.202, 192.0, 0.0, 0.0, 0.0, 0.0, 0.0, 0.0, 0.0, 0.0, 0.0, 1.741116413650601E9, 0.0, 2025-03-04 13:26:53.650
43.0, -66923.98392247963, -62262.102933180686, -57927.54088968526, -59421.5761925669, -67623.25824776391, -64029.92475389538, -72772.56372839972, -68545.93825887899, 0.08600000000000001, 0.9560000000000001, -0.202, 192.0, 0.0, 0.0, 0.0, 0.0, 0.0, 0.0, 0.0, 0.0, 0.0, 1.741116413650625E9, 0.0, 2025-03-04 13:26:53.650
44.0, -66921.9946172231, -62316.64118965164, -57930.17839553099, -59432.439140372175, -67624.6664076646, -64033.43397777486, -72770.08268476519, -68538.0257413418, 0.08600000000000001, 0.9560000000000001, -0.202, 192.0, 0.0, 0.0, 0.0, 0.0, 0.0, 0.0, 0.0, 0.0, 0.0, 1.741116413650647E9, 0.0, 2025-03-04 13:26:53.650
45.0, -66930.28711441602, -62335.39430324964, -57932.92766009899, -59437.46828287462, -67625.44871872052, -64039.24543133324, -72772.98841154437, -68537.64576168606, 0.08600000000000001, 0.9560000000000001, -0.202, 192.0, 0.0, 0.0, 0.0, 0.0, 0.0, 0.0, 0.0, 0.0, 0.0, 1.741116413650673E9, 0.0, 2025-03-04 13:26:53.650
46.0, -66945.50865239008, -62276.072773465254, -57937.3756572456, -59428.03584671448, -67630.45550947852, -64044.34162906905, -72777.81638834672, -68545.51357573434, 0.08600000000000001, 0.9560000000000001, -0.202, 192.0, 0.0, 0.0, 0.0, 0.0, 0.0, 0.0, 0.0, 0.0, 0.0, 1.741116413710561E9, 0.0, 2025-03-04 13:26:53.710
47.0, -66921.07819570044, -62262.39350585861, -57928.39025597457, -59419.56453556592, -67621.9618465855, -64035.423283031385, -72778.55399591375, -68542.89842163306, 0.08600000000000001, 0.9560000000000001, -0.202, 192.0, 0.0, 0.0, 0.0, 0.0, 0.0, 0.0, 0.0, 0.0, 0.0, 1.741116413710607E9, 0.0, 2025-03-04 13:26:53.710
48.0, -66909.70115777268, -62308.303988969805, -57917.88493608057, -59420.5256605775, -67610.42834644656, -64027.4660620053, -72769.45683592044, -68537.75752040834, 0.08600000000000001, 0.9560000000000001, -0.202, 192.0, 0.0, 0.0, 0.0, 0.0, 0.0, 0.0, 0.0, 0.0, 0.0, 1.741116413710628E9, 0.0, 2025-03-04 13:26:53.710
49.0, -66912.89745722979, -62334.00849509341, -57916.879107580084, -59426.918259491715, -67613.87051509268, -64027.600172472026, -72776.92231856851, -68527.63218017008, 0.08600000000000001, 0.9560000000000001, -0.202, 192.0, 0.0, 0.0, 0.0, 0.0, 0.0, 0.0, 0.0, 0.0, 0.0, 1.74111641371065E9, 0.0, 2025-03-04 13:26:53.710
50.0, -66929.86243127137, -62281.392488645615, -57931.18422403148, -59432.75206479455, -67633.92002986908, -64045.14629186944, -72776.54233891277, -68548.30754379125, 0.08600000000000001, 0.9560000000000001, -0.202, 192.0, 0.0, 0.0, 0.0, 0.0, 0.0, 0.0, 0.0, 0.0, 0.0, 1.741116413710672E9, 0.0, 2025-03-04 13:26:53.710
51.0, -66917.63602705432, -62244.0427236608, -57923.98696231687, -59413.082529673884, -67627.92976235507, -64034.015123130695, -72761.94664978345, -68546.72056993491, 0.084, 0.96, -0.2, 192.0, 2.0, 160.0, 30.0, 0.0, 249.0, 192.0, 0.0, 0.0, 0.0, 1.741116413710704E9, 0.0, 2025-03-04 13:26:53.710
52.0, -66924.18508817973, -62290.132020727644, -57933.01706707681, -59423.58784956788, -67637.11632932619, -64036.71968420979, -72778.30812672475, -68546.11707283462, 0.084, 0.96, -0.2, 192.0, 0.0, 0.0, 0.0, 0.0, 0.0, 0.0, 0.0, 0.0, 0.0, 1.741116413710728E9, 0.0, 2025-03-04 13:26:53.710
53.0, -66917.61367530987, -62324.79957637782, -57930.42426472, -59430.74040779357, -67636.62459094818, -64040.29596332264, -72782.91258608253, -68554.67779096101, 0.084, 0.96, -0.2, 192.0, 0.0, 0.0, 0.0, 0.0, 0.0, 0.0, 0.0, 0.0, 0.0, 1.74111641371075E9, 0.0, 2025-03-04 13:26:53.710
54.0, -66924.85564051339, -62283.627663091145, -57935.25224152234, -59430.360428137836, -67643.53127998488, -64046.35328607003, -72792.00974607584, -68567.97707891192, 0.084, 0.96, -0.2, 192.0, 0.0, 0.0, 0.0, 0.0, 0.0, 0.0, 0.0, 0.0, 0.0, 1.741116413710772E9, 0.0, 2025-03-04 13:26:53.710
55.0, -66920.83232651143, -62241.762845726356, -57935.00637233334, -59418.08932043187, -67643.59833521824, -64039.53600401116, -72800.21283629094, -68552.71083744895, 0.084, 0.96, -0.2, 192.0, 0.0, 0.0, 0.0, 0.0, 0.0, 0.0, 0.0, 0.0, 0.0, 1.741116413710798E9, 0.0, 2025-03-04 13:26:53.710
56.0, -66903.55442804747, -62279.53729385583, -57918.95781981442, -59412.70255001814, -67621.09012855175, -64021.45344274682, -72779.26925173632, -68528.63800867058, 0.084, 0.96, -0.2, 192.0, 0.0, 0.0, 0.0, 0.0, 0.0, 0.0, 0.0, 0.0, 0.0, 1.74111641371082E9, 0.0, 2025-03-04 13:26:53.710
57.0, -66918.23952415462, -62328.04057932384, -57929.73136064188, -59430.069855459915, -67631.68485542356, -64038.39606504394, -72773.23428073339, -68539.43390124249, 0.084, 0.96, -0.2, 192.0, 0.0, 0.0, 0.0, 0.0, 0.0, 0.0, 0.0, 0.0, 0.0, 1.741116413710841E9, 0.0, 2025-03-04 13:26:53.710
58.0, -66923.91686724625, -62305.174744746066, -57936.123959556106, -59434.94253575117, -67639.75383517193, -64048.9684401713, -72778.41988544702, -68552.30850604875, 0.084, 0.96, -0.2, 192.0, 0.0, 0.0, 0.0, 0.0, 0.0, 0.0, 0.0, 0.0, 0.0, 1.741116413710867E9, 0.0, 2025-03-04 13:26:53.710
59.0, -66920.3405881334, -62249.7424184969, -57934.40287523304, -59423.207869912134, -67637.78688165985, -64043.62637324648, -72777.63757439108, -68550.81093917025, 0.084, 0.96, -0.2, 192.0, 0.0, 0.0, 0.0, 0.0, 0.0, 0.0, 0.0, 0.0, 0.0, 1.741116413710888E9, 0.0, 2025-03-04 13:26:53.710
60.0, -66911.46694558466, -62278.28559616633, -57932.681790909985, -59421.48678558908, -67627.03569257686, -64032.85283241902, -72768.04867601975, -68539.85858438714, 0.084, 0.96, -0.2, 192.0, 0.0, 0.0, 0.0, 0.0, 0.0, 0.0, 0.0, 0.0, 0.0, 1.741116413710912E9, 0.0, 2025-03-04 13:26:53.710
61.0, -66901.76628849105, -62318.42932920806, -57927.80911061873, -59423.09611118986, -67621.3136459963, -64029.969457384286, -72764.78532132928, -68542.89842163306, 0.092, 0.96, -0.198, 192.0, 2.0, 224.0, 30.0, 0.0, 249.0, 208.0, 0.0, 0.0, 0.0, 1.741116413769436E9, 0.0, 2025-03-04 13:26:53.769
62.0, -66920.6982160447, -62307.409919191596, -57944.081180582194, -59433.73554155059, -67642.43604450655, -64048.65551574893, -72786.01947856182, -68554.6330874721, 0.092, 0.96, -0.198, 192.0, 0.0, 0.0, 0.0, 0.0, 0.0, 0.0, 0.0, 0.0, 0.0, 1.741116413769478E9, 0.0, 2025-03-04 13:26:53.769
63.0, -66925.90617250279, -62259.711296523965, -57949.62441320711, -59435.23310842909, -67646.95109688654, -64051.78475997267, -72788.09819079617, -68557.76233169583, 0.092, 0.96, -0.198, 192.0, 0.0, 0.0, 0.0, 0.0, 0.0, 0.0, 0.0, 0.0, 0.0, 1.741116413769503E9, 0.0, 2025-03-04 13:26:53.769
64.0, -66914.86441074187, -62276.22923567644, -57939.61083169113, -59430.76275953803, -67633.54005021334, -64035.15506209792, -72775.5812139012, -68539.29979077575, 0.092, 0.96, -0.198, 192.0, 0.0, 0.0, 0.0, 0.0, 0.0, 0.0, 0.0, 0.0, 0.0, 1.741116413769524E9, 0.0, 2025-03-04 13:26:53.769
65.0, -66901.47571581313, -62315.25538149541, -57927.026799562795, -59424.10193969035, -67622.3641779857, -64019.79941365712, -72768.8756905646, -68532.10252906114, 0.092, 0.96, -0.198, 192.0, 0.0, 0.0, 0.0, 0.0, 0.0, 0.0, 0.0, 0.0, 0.0, 1.741116413769546E9, 0.0, 2025-03-04 13:26:53.769
66.0, -66902.07921291342, -62308.97454130346, -57925.10454953963, -59420.19038441067, -67623.77233788637, -64016.44665198883, -72774.46362667842, -68536.34936050765, 0.092, 0.96, -0.198, 192.0, 0.0, 0.0, 0.0, 0.0, 0.0, 0.0, 0.0, 0.0, 0.0, 1.741116413769573E9, 0.0, 2025-03-04 13:26:53.769
67.0, -66909.65645428377, -62246.36730508415, -57930.06663680871, -59414.44598608566, -67631.39428274563, -64020.40291075742, -72790.44512396397, -68541.9820001104, 0.092, 0.96, -0.198, 192.0, 0.0, 0.0, 0.0, 0.0, 0.0, 0.0, 0.0, 0.0, 0.0, 1.741116413769594E9, 0.0, 2025-03-04 13:26:53.769
68.0, -66911.48929732911, -62257.36436335616, -57932.79354963226, -59422.20204141165, -67630.99195134544, -64027.041378860646, -72800.36929850213, -68547.34641877966, 0.092, 0.96, -0.198, 192.0, 0.0, 0.0, 0.0, 0.0, 0.0, 0.0, 0.0, 0.0, 0.0, 1.741116413769616E9, 0.0, 2025-03-04 13:26:53.769
69.0, -66911.10931767337, -62304.41478543458, -57927.429130962984, -59426.225355413604, -67627.05804432131, -64029.85769866201, -72791.40624897555, -68539.8809361316, 0.092, 0.96, -0.198, 192.0, 0.0, 0.0, 0.0, 0.0, 0.0, 0.0, 0.0, 0.0, 0.0, 1.741116413769639E9, 0.0, 2025-03-04 13:26:53.769
70.0, -66926.62142832535, -62327.97352409048, -57938.336782257174, -59440.64223058728, -67639.97735261648, -64048.05201864863, -72787.71821114043, -68566.65832598905, 0.092, 0.96, -0.198, 192.0, 0.0, 0.0, 0.0, 0.0, 0.0, 0.0, 0.0, 0.0, 0.0, 1.74111641376966E9, 0.0, 2025-03-04 13:26:53.769
71.0, -66934.26572492906, -62271.602424574194, -57943.0753520817, -59435.300163662454, -67645.29706779684, -64055.65161176344, -72798.35764150115, -68575.688430749, 0.088, 0.9540000000000001, -0.202, 192.0, 2.0, 192.0, 29.0, 208.0, 249.0, 176.0, 0.0, 0.0, 0.0, 1.741116413769684E9, 0.0, 2025-03-04 13:26:53.769
72.0, -66934.06455922897, -62261.92411922504, -57943.63414569308, -59438.250593930556, -67644.24653580744, -64055.271632107695, -72809.19823756197, -68570.79339871329, 0.088, 0.9540000000000001, -0.202, 192.0, 0.0, 0.0, 0.0, 0.0, 0.0, 0.0, 0.0, 0.0, 0.0, 1.741116413769708E9, 0.0, 2025-03-04 13:26:53.769
73.0, -66926.68848355871, -62308.08047152525, -57937.3756572456, -59443.212681199635, -67639.75383517193, -64051.851815206035, -72810.96402537395, -68553.89547990507, 0.088, 0.9540000000000001, -0.202, 192.0, 0.0, 0.0, 0.0, 0.0, 0.0, 0.0, 0.0, 0.0, 0.0, 1.741116413769732E9, 0.0, 2025-03-04 13:26:53.769
74.0, -66914.46207934167, -62326.76652988989, -57919.829537848185, -59431.85799501634, -67625.06873906478, -64037.233774332264, -72773.05546677775, -68531.94606684997, 0.088, 0.9540000000000001, -0.202, 192.0, 0.0, 0.0, 0.0, 0.0, 0.0, 0.0, 0.0, 0.0, 0.0, 1.741116413769754E9, 0.0, 2025-03-04 13:26:53.769
75.0, -66920.60880906688, -62263.622851803644, -57917.169680258005, -59416.18942215317, -67627.52743095487, -64040.22890808927, -72765.14294924056, -68537.53400296379, 0.088, 0.9540000000000001, -0.202, 192.0, 0.0, 0.0, 0.0, 0.0, 0.0, 0.0, 0.0, 0.0, 0.0, 1.741116413769775E9, 0.0, 2025-03-04 13:26:53.769
76.0, -66925.86146901386, -62242.96983992694, -57925.66334315102, -59411.74142500656, -67633.60710544672, -64043.469911035296, -72783.8290076052, -68549.87216590311, 0.088, 0.9540000000000001, -0.202, 192.0, 0.0, 0.0, 0.0, 0.0, 0.0, 0.0, 0.0, 0.0, 0.0, 1.741116413829661E9, 0.0, 2025-03-04 13:26:53.829
77.0, -66937.52907961955, -62296.010529519386, -57939.119093313115, -59429.10873044834, -67646.1687858306, -64056.813902475114, -72801.03985083579, -68560.93627940849, 0.088, 0.9540000000000001, -0.202, 192.0, 0.0, 0.0, 0.0, 0.0, 0.0, 0.0, 0.0, 0.0, 0.0, 1.741116413829698E9, 0.0, 2025-03-04 13:26:53.829
78.0, -66926.01793122505, -62333.539108459845, -57935.051075822244, -59434.09316946187, -67642.34663752874, -64053.595251273546, -72788.20994951844, -68550.76623568132, 0.088, 0.9540000000000001, -0.202, 192.0, 0.0, 0.0, 0.0, 0.0, 0.0, 0.0, 0.0, 0.0, 0.0, 1.741116413829723E9, 0.0, 2025-03-04 13:26:53.829
79.0, -66915.02087295304, -62280.11843921166, -57918.46608143641, -59403.60539002483, -67632.93655311306, -64039.468948777794, -72769.36742894261, -68543.74778792236, 0.088, 0.9540000000000001, -0.202, 192.0, 0.0, 0.0, 0.0, 0.0, 0.0, 0.0, 0.0, 0.0, 0.0, 1.741116413829745E9, 0.0, 2025-03-04 13:26:53.829
80.0, -66922.50870734558, -62240.86877594815, -57921.55062217124, -59404.834735969875, -67636.35637001472, -64044.60985000251, -72767.64634461956, -68548.3298955357, 0.088, 0.9540000000000001, -0.202, 192.0, 0.0, 0.0, 0.0, 0.0, 0.0, 0.0, 0.0, 0.0, 0.0, 1.741116413829767E9, 0.0, 2025-03-04 13:26:53.829
81.0, -66919.98296022213, -62280.61017758968, -57918.980171558884, -59416.27882913099, -67627.28156176586, -64034.75273069772, -72757.81157705923, -68533.48833721738, 0.088, 0.9580000000000001, -0.202, 192.0, 2.0, 192.0, 29.0, 240.0, 249.0, 176.0, 0.0, 0.0, 0.0, 1.741116413829794E9, 0.0, 2025-03-04 13:26:53.829
82.0, -66899.8440384679, -62315.81417510679, -57915.336837212664, -59421.71030303363, -67625.5604774428, -64035.982076642766, -72767.84751031965, -68540.64089544308, 0.088, 0.9580000000000001, -0.202, 192.0, 0.0, 0.0, 0.0, 0.0, 0.0, 0.0, 0.0, 0.0, 0.0, 1.741116413829822E9, 0.0, 2025-03-04 13:26:53.829
83.0, -66904.42614608123, -62284.78995380282, -57919.38250295907, -59421.196212911156, -67628.30974201081, -64041.19003310085, -72775.76002785683, -68549.49218624737, 0.088, 0.9580000000000001, -0.202, 192.0, 0.0, 0.0, 0.0, 0.0, 0.0, 0.0, 0.0, 0.0, 0.0, 1.741116413829844E9, 0.0, 2025-03-04 13:26:53.829
84.0, -66917.92659973224, -62234.74439796739, -57933.21823277691, -59415.76473900852, -67638.45743399352, -64047.20265235933, -72781.7279436264, -68562.54560500928, 0.088, 0.9580000000000001, -0.202, 192.0, 0.0, 0.0, 0.0, 0.0, 0.0, 0.0, 0.0, 0.0, 0.0, 1.741116413829866E9, 0.0, 2025-03-04 13:26:53.829
85.0, -66902.66035826926, -62261.27591863584, -57932.391218232064, -59419.0727971879, -67632.66833217959, -64037.27847782117, -72775.9835453014, -68551.77206418182, 0.088, 0.9580000000000001, -0.202, 192.0, 0.0, 0.0, 0.0, 0.0, 0.0, 0.0, 0.0, 0.0, 0.0, 1.741116413829887E9, 0.0, 2025-03-04 13:26:53.829
86.0, -66911.71281477367, -62317.31174198529, -57940.54960495825, -59439.83756778688, -67638.97152411599, -64043.9169459244, -72781.97381281541, -68548.03932285777, 0.088, 0.9580000000000001, -0.202, 192.0, 0.0, 0.0, 0.0, 0.0, 0.0, 0.0, 0.0, 0.0, 0.0, 1.741116413829912E9, 0.0, 2025-03-04 13:26:53.829
87.0, -66913.07627118543, -62307.8569540807, -57937.75563690134, -59439.435236386686, -67637.54101247084, -64035.31152430911, -72786.48886519538, -68529.62148542661, 0.088, 0.9580000000000001, -0.202, 192.0, 0.0, 0.0, 0.0, 0.0, 0.0, 0.0, 0.0, 0.0, 0.0, 1.741116413829936E9, 0.0, 2025-03-04 13:26:53.829
88.0, -66909.58939905041, -62239.97470616993, -57929.1725670305, -59411.18263139518, -67632.24364903494, -64023.308637536604, -72792.54618794277, -68531.14140404957, 0.088, 0.9580000000000001, -0.202, 192.0, 0.0, 0.0, 0.0, 0.0, 0.0, 0.0, 0.0, 0.0, 0.0, 1.741116413829961E9, 0.0, 2025-03-04 13:26:53.829
89.0, -66906.01311993756, -62255.37505809964, -57929.03845656377, -59409.75211975004, -67630.27669552287, -64021.4087392579, -72779.44806569196, -68516.41160445352, 0.088, 0.9580000000000001, -0.202, 192.0, 0.0, 0.0, 0.0, 0.0, 0.0, 0.0, 0.0, 0.0, 0.0, 1.741116413829983E9, 0.0, 2025-03-04 13:26:53.829
90.0, -66906.97424494913, -62311.09795702672, -57925.685694895474, -59425.48774784658, -67623.68293090856, -64024.26976254818, -72753.27417293479, -68527.25220051434, 0.088, 0.9580000000000001, -0.202, 192.0, 0.0, 0.0, 0.0, 0.0, 0.0, 0.0, 0.0, 0.0, 0.0, 1.741116413830005E9, 0.0, 2025-03-04 13:26:53.830
91.0, -66912.45042234068, -62315.38949196214, -57923.33876172767, -59429.26519265952, -67624.10761405321, -64028.40483527241, -72759.19738521545, -68534.4271104845, 0.082, 0.962, -0.20400000000000001, 192.0, 2.0, 144.0, 30.0, 16.0, 249.0, 160.0, 0.0, 0.0, 0.0, 1.741116413890839E9, 0.0, 2025-03-04 13:26:53.890
92.0, -66914.32796887493, -62249.11656965215, -57921.12593902659, -59420.637419299776, -67627.23685827696, -64029.365960284, -72766.01466727433, -68525.06172955772, 0.082, 0.962, -0.20400000000000001, 192.0, 0.0, 0.0, 0.0, 0.0, 0.0, 0.0, 0.0, 0.0, 0.0, 1.74111641389088E9, 0.0, 2025-03-04 13:26:53.890
93.0, -66915.06557644196, -62247.86487196266, -57923.674037894496, -59427.18648042518, -67629.47203272248, -64032.09287310754, -72773.59190864467, -68533.46598547293, 0.082, 0.962, -0.20400000000000001, 192.0, 0.0, 0.0, 0.0, 0.0, 0.0, 0.0, 0.0, 0.0, 0.0, 1.741116413890905E9, 0.0, 2025-03-04 13:26:53.890
94.0, -66923.42512886824, -62308.97454130346, -57929.93252634198, -59443.19032945518, -67632.71303566851, -64041.4135505454, -72792.90381585405, -68549.55924148075, 0.082, 0.962, -0.20400000000000001, 192.0, 0.0, 0.0, 0.0, 0.0, 0.0, 0.0, 0.0, 0.0, 0.0, 1.741116413890928E9, 0.0, 2025-03-04 13:26:53.890
95.0, -66905.49902981508, -62317.17763151856, -57911.51468891081, -59428.05819845894, -67617.29033199434, -64023.68861719235, -72789.57340593022, -68535.61175294063, 0.082, 0.962, -0.20400000000000001, 192.0, 0.0, 0.0, 0.0, 0.0, 0.0, 0.0, 0.0, 0.0, 0.0, 1.74111641389095E9, 0.0, 2025-03-04 13:26:53.890
96.0, -66901.25219836857, -62248.043685918296, -57912.09583426665, -59419.720997777105, -67624.80051813132, -64033.881012663966, -72769.59094638716, -68539.56801170921, 0.082, 0.962, -0.20400000000000001, 192.0, 0.0, 0.0, 0.0, 0.0, 0.0, 0.0, 0.0, 0.0, 0.0, 1.741116413890978E9, 0.0, 2025-03-04 13:26:53.890
97.0, -66902.12391640233, -62238.56654626925, -57912.408758689024, -59413.99895119655, -67621.78303262986, -64029.120091094985, -72769.14391149806, -68538.40572099754, 0.082, 0.962, -0.20400000000000001, 192.0, 0.0, 0.0, 0.0, 0.0, 0.0, 0.0, 0.0, 0.0, 0.0, 1.741116413890999E9, 0.0, 2025-03-04 13:26:53.890
98.0, -66904.47084957015, -62288.589750360225, -57913.50399416733, -59419.095148932356, -67621.15718378511, -64029.23184981726, -72766.61816437461, -68538.11514831963, 0.082, 0.962, -0.20400000000000001, 192.0, 0.0, 0.0, 0.0, 0.0, 0.0, 0.0, 0.0, 0.0, 0.0, 1.741116413891021E9, 0.0, 2025-03-04 13:26:53.891
99.0, -66908.15888740527, -62323.681989155055, -57916.83440409117, -59429.801634526455, -67622.78886113035, -64031.46702426279, -72768.54041439776, -68537.84692738616, 0.082, 0.962, -0.20400000000000001, 192.0, 0.0, 0.0, 0.0, 0.0, 0.0, 0.0, 0.0, 0.0, 0.0, 1.741116413891043E9, 0.0, 2025-03-04 13:26:53.891
100.0, -66908.98590195012, -62268.13790418362, -57917.66141863602, -59420.346846621855, -67625.40401523162, -64031.73524519626, -72781.21385350393, -68543.63602920009, 0.082, 0.962, -0.20400000000000001, 192.0, 0.0, 0.0, 0.0, 0.0, 0.0, 0.0, 0.0, 0.0, 0.0, 1.741116413891066E9, 0.0, 2025-03-04 13:26:53.891
101.0, -66909.20941939467, -62241.87460444863, -57924.07636929469, -59426.85120425835, -67627.34861699922, -64040.363018556, -72774.3295162117, -68552.71083744895, 0.082, 0.96, -0.2, 192.0, 2.0, 144.0, 30.0, 0.0, 249.0, 192.0, 0.0, 0.0, 0.0, 1.74111641389109E9, 0.0, 2025-03-04 13:26:53.891
102.0, -66902.43684082471, -62282.778296801844, -57917.50495642483, -59427.78997752548, -67615.0551575488, -64031.28821030715, -72745.16048969752, -68545.44652050096, 0.082, 0.96, -0.2, 192.0, 0.0, 0.0, 0.0, 0.0, 0.0, 0.0, 0.0, 0.0, 0.0, 1.741116413891115E9, 0.0, 2025-03-04 13:26:53.891
103.0, -66888.24348309559, -62308.48280292545, -57908.20663073142, -59415.384759352775, -67610.31658772429, -64017.36307351149, -72736.2644954043, -68529.64383717107, 0.082, 0.96, -0.2, 192.0, 0.0, 0.0, 0.0, 0.0, 0.0, 0.0, 0.0, 0.0, 0.0, 1.741116413891137E9, 0.0, 2025-03-04 13:26:53.891
104.0, -66892.11033488635, -62267.51205533887, -57910.35239819913, -59413.84248898536, -67616.97740757196, -64018.68182643436, -72747.08273972067, -68500.63127286808, 0.082, 0.96, -0.2, 192.0, 0.0, 0.0, 0.0, 0.0, 0.0, 0.0, 0.0, 0.0, 0.0, 1.741116413891162E9, 0.0, 2025-03-04 13:26:53.891
105.0, -66905.36491934836, -62233.939735167, -57921.148290771045, -59428.34877113686, -67626.67806466557, -64033.43397777486, -72752.06717873421, -68506.06274677071, 0.082, 0.96, -0.2, 192.0, 0.0, 0.0, 0.0, 0.0, 0.0, 0.0, 0.0, 0.0, 0.0, 1.741116413891184E9, 0.0, 2025-03-04 13:26:53.891
106.0, -66904.85082922588, -62271.445962363, -57922.824671605194, -59430.67335256021, -67629.1144048112, -64039.87128017799, -72740.35486463962, -68518.6244271546, 0.082, 0.96, -0.2, 192.0, 0.0, 0.0, 0.0, 0.0, 0.0, 0.0, 0.0, 0.0, 0.0, 1.741116413950153E9, 0.0, 2025-03-04 13:26:53.950
107.0, -66902.43684082471, -62317.401148963116, -57922.37763671609, -59438.65292533075, -67633.24947753543, -64042.70995172381, -72751.57544035619, -68523.92179059051, 0.082, 0.96, -0.2, 192.0, 0.0, 0.0, 0.0, 0.0, 0.0, 0.0, 0.0, 0.0, 0.0, 1.741116413950192E9, 0.0, 2025-03-04 13:26:53.950
108.0, -66898.36882333385, -62289.66263409408, -57917.21438374691, -59436.17188169622, -67637.87628863768, -64045.03453314716, -72752.82713804569, -68531.65549417204, 0.082, 0.96, -0.2, 192.0, 0.0, 0.0, 0.0, 0.0, 0.0, 0.0, 0.0, 0.0, 0.0, 1.741116413950225E9, 0.0, 2025-03-04 13:26:53.950
109.0, -66890.97039591914, -62229.715255464944, -57912.54286915575, -59420.637419299776, -67639.0609310938, -64037.4125882879, -72755.68816133597, -68524.79350862427, 0.082, 0.96, -0.2, 192.0, 0.0, 0.0, 0.0, 0.0, 0.0, 0.0, 0.0, 0.0, 0.0, 1.741116413950246E9, 0.0, 2025-03-04 13:26:53.950
110.0, -66881.73912545909, -62248.08838940721, -57901.590514372656, -59412.18845989567, -67628.53325945536, -64024.359169526004, -72747.68623682097, -68517.3280259762, 0.082, 0.96, -0.2, 192.0, 0.0, 0.0, 0.0, 0.0, 0.0, 0.0, 0.0, 0.0, 0.0, 1.741116413950268E9, 0.0, 2025-03-04 13:26:53.950
111.0, -66883.2366923376, -62297.262227208885, -57902.350473684135, -59424.57132632391, -67627.39332048813, -64026.79550967163, -72741.15952744002, -68519.18322076598, 0.082, 0.96, -0.2, 192.0, 2.0, 144.0, 30.0, 0.0, 249.0, 192.0, 0.0, 0.0, 0.0, 1.741116413950296E9, 0.0, 2025-03-04 13:26:53.950
112.0, -66886.5894540059, -62290.534352127834, -57905.88204930807, -59424.28075364599, -67634.00943684691, -64031.95876264081, -72750.59196360016, -68516.00927305332, 0.082, 0.96, -0.2, 192.0, 0.0, 0.0, 0.0, 0.0, 0.0, 0.0, 0.0, 0.0, 0.0, 1.74111641395032E9, 0.0, 2025-03-04 13:26:53.950
113.0, -66896.37951807732, -62236.711351479455, -57913.34753195615, -59427.968791481115, -67639.59737296074, -64039.04426563314, -72756.0234375028, -68520.47962194438, 0.082, 0.96, -0.2, 192.0, 0.0, 0.0, 0.0, 0.0, 0.0, 0.0, 0.0, 0.0, 0.0, 1.741116413950342E9, 0.0, 2025-03-04 13:26:53.950
114.0, -66894.27845409852, -62243.10395039368, -57901.90343879502, -59419.25161114355, -67626.92393385457, -64022.10164333602, -72740.53367859527, -68503.42524092499, 0.082, 0.96, -0.2, 192.0, 0.0, 0.0, 0.0, 0.0, 0.0, 0.0, 0.0, 0.0, 0.0, 1.741116413950363E9, 0.0, 2025-03-04 13:26:53.950
115.0, -66889.96456741865, -62294.468259151974, -57902.43988066196, -59430.203965926645, -67631.17076530108, -64032.62931497447, -72748.69206532146, -68519.54084867726, 0.082, 0.96, -0.2, 192.0, 0.0, 0.0, 0.0, 0.0, 0.0, 0.0, 0.0, 0.0, 0.0, 1.741116413950385E9, 0.0, 2025-03-04 13:26:53.950
116.0, -66886.90237842828, -62308.52750641436, -57897.589552115154, -59436.23893692958, -67627.77330014388, -64029.63418121746, -72744.0205507303, -68509.30374971674, 0.082, 0.96, -0.2, 192.0, 0.0, 0.0, 0.0, 0.0, 0.0, 0.0, 0.0, 0.0, 0.0, 1.741116413950413E9, 0.0, 2025-03-04 13:26:53.950
117.0, -66897.20653262216, -62246.41200857306, -57904.5185928963, -59433.66848631722, -67637.63041944867, -64043.7157802243, -72756.22460320289, -68524.34647373516, 0.082, 0.96, -0.2, 192.0, 0.0, 0.0, 0.0, 0.0, 0.0, 0.0, 0.0, 0.0, 0.0, 1.741116413950435E9, 0.0, 2025-03-04 13:26:53.950
118.0, -66894.85959945436, -62251.12822665313, -57904.719758596395, -59442.519777121524, -67630.36610250069, -64044.38633255796, -72751.06135023372, -68528.01215982583, 0.082, 0.96, -0.2, 192.0, 0.0, 0.0, 0.0, 0.0, 0.0, 0.0, 0.0, 0.0, 0.0, 1.741116413950457E9, 0.0, 2025-03-04 13:26:53.950
119.0, -66890.76923021904, -62302.00079703341, -57898.304807937726, -59442.720942821616, -67623.6158756752, -64038.53017551067, -72744.28877166376, -68515.94221781996, 0.082, 0.96, -0.2, 192.0, 0.0, 0.0, 0.0, 0.0, 0.0, 0.0, 0.0, 0.0, 0.0, 1.741116413950481E9, 0.0, 2025-03-04 13:26:53.950
120.0, -66891.2386168526, -62325.80540487831, -57896.471964892386, -59445.09022773388, -67621.89479135213, -64039.22307958879, -72743.46175711892, -68513.70704337442, 0.082, 0.96, -0.2, 192.0, 0.0, 0.0, 0.0, 0.0, 0.0, 0.0, 0.0, 0.0, 0.0, 1.741116413950503E9, 0.0, 2025-03-04 13:26:53.950
121.0, -66889.85280869638, -62263.55579657028, -57894.95204626943, -59434.31668690642, -67622.83356461926, -64043.2687453352, -72747.23920193186, -68526.00050282484, 0.084, 0.9560000000000001, -0.2, 192.0, 2.0, 160.0, 29.0, 224.0, 249.0, 192.0, 0.0, 0.0, 0.0, 1.741116414009879E9, 0.0, 2025-03-04 13:26:54.009
122.0, -66881.24738708108, -62242.47810154893, -57894.594418358145, -59423.789015267976, -67619.54785818432, -64033.92571615288, -72743.12648095208, -68512.03066254029, 0.084, 0.9560000000000001, -0.2, 192.0, 0.0, 0.0, 0.0, 0.0, 0.0, 0.0, 0.0, 0.0, 0.0, 1.741116414009946E9, 0.0, 2025-03-04 13:26:54.009
123.0, -66886.70121272818, -62294.244741707415, -57897.07546199268, -59425.21952691311, -67618.87730585066, -64030.48354750676, -72735.75040528184, -68503.93933104746, 0.084, 0.9560000000000001, -0.2, 192.0, 0.0, 0.0, 0.0, 0.0, 0.0, 0.0, 0.0, 0.0, 0.0, 1.741116414009978E9, 0.0, 2025-03-04 13:26:54.009
124.0, -66886.2318260946, -62328.934649102055, -57889.07353747768, -59424.057236201435, -67611.0094918024, -64025.409701515404, -72728.30727437822, -68500.27364495679, 0.084, 0.9560000000000001, -0.2, 192.0, 0.0, 0.0, 0.0, 0.0, 0.0, 0.0, 0.0, 0.0, 0.0, 1.741116414009999E9, 0.0, 2025-03-04 13:26:54.009
125.0, -66894.81489596545, -62273.3011571528, -57893.3650724131, -59419.00574195454, -67620.79955587382, -64036.09383536504, -72736.89034424906, -68512.14242126256, 0.084, 0.9560000000000001, -0.2, 192.0, 0.0, 0.0, 0.0, 0.0, 0.0, 0.0, 0.0, 0.0, 0.0, 1.741116414010022E9, 0.0, 2025-03-04 13:26:54.010
126.0, -66893.0938116424, -62236.152557868074, -57898.774194571284, -59408.34395984936, -67625.91810535408, -64031.42232077388, -72739.9748849839, -68514.24348524136, 0.084, 0.9560000000000001, -0.2, 192.0, 0.0, 0.0, 0.0, 0.0, 0.0, 0.0, 0.0, 0.0, 0.0, 1.741116414010051E9, 0.0, 2025-03-04 13:26:54.010
127.0, -66882.3873260483, -62272.85412226369, -57896.94135152595, -59411.070872672906, -67621.85008786322, -64026.99667537173, -72736.37625412659, -68511.36011020662, 0.084, 0.9560000000000001, -0.2, 192.0, 0.0, 0.0, 0.0, 0.0, 0.0, 0.0, 0.0, 0.0, 0.0, 1.741116414010076E9, 0.0, 2025-03-04 13:26:54.010
128.0, -66888.62346275133, -62312.81904134978, -57898.438918404456, -59418.91633497672, -67625.1134425537, -64030.48354750676, -72736.0186262153, -68511.31540671771, 0.084, 0.9560000000000001, -0.2, 192.0, 0.0, 0.0, 0.0, 0.0, 0.0, 0.0, 0.0, 0.0, 0.0, 1.741116414010097E9, 0.0, 2025-03-04 13:26:54.010
129.0, -66886.92473017273, -62277.52563685485, -57893.812107302205, -59412.85901222933, -67623.74998614192, -64028.069559105585, -72736.39860587104, -68512.43299394047, 0.084, 0.9560000000000001, -0.2, 192.0, 0.0, 0.0, 0.0, 0.0, 0.0, 0.0, 0.0, 0.0, 0.0, 1.741116414010118E9, 0.0, 2025-03-04 13:26:54.010
130.0, -66889.20460810716, -62231.14576711009, -57898.32715968218, -59415.20594539714, -67623.70528265301, -64030.23767831775, -72735.45983260391, -68518.53502017677, 0.084, 0.9560000000000001, -0.2, 192.0, 0.0, 0.0, 0.0, 0.0, 0.0, 0.0, 0.0, 0.0, 0.0, 1.74111641401014E9, 0.0, 2025-03-04 13:26:54.010
131.0, -66884.9354249162, -62260.82888374673, -57904.585648129665, -59404.16418363622, -67628.51090771091, -64024.47092824828, -72735.28101864827, -68506.77800259329, 0.084, 0.96, -0.196, 192.0, 2.0, 160.0, 30.0, 0.0, 249.0, 224.0, 0.0, 0.0, 0.0, 1.741116414010164E9, 0.0, 2025-03-04 13:26:54.010
132.0, -66882.16380860374, -62313.51194542789, -57906.0161597748, -59412.18845989567, -67628.19798328853, -64020.84994564652, -72731.05653894623, -68499.40192692303, 0.084, 0.96, -0.196, 192.0, 0.0, 0.0, 0.0, 0.0, 0.0, 0.0, 0.0, 0.0, 0.0, 1.741116414010188E9, 0.0, 2025-03-04 13:26:54.010
133.0, -66883.77313420453, -62284.65584333609, -57902.059901006214, -59410.355616850335, -67626.47689896547, -64018.212439800795, -72724.12749816508, -68489.32129017368, 0.084, 0.96, -0.196, 192.0, 0.0, 0.0, 0.0, 0.0, 0.0, 0.0, 0.0, 0.0, 0.0, 1.74111641401021E9, 0.0, 2025-03-04 13:26:54.010
134.0, -66903.53207630302, -62238.3430288247, -57915.96268605741, -59418.245782643055, -67639.32915202728, -64030.0141608732, -72737.58324832717, -68502.10648800213, 0.084, 0.96, -0.196, 192.0, 0.0, 0.0, 0.0, 0.0, 0.0, 0.0, 0.0, 0.0, 0.0, 1.741116414010233E9, 0.0, 2025-03-04 13:26:54.010
135.0, -66897.2959396, -62265.589805315714, -57911.31352321071, -59411.71907326211, -67632.95890485751, -64020.33585552405, -72732.24118140235, -68501.14536299054, 0.084, 0.96, -0.196, 192.0, 0.0, 0.0, 0.0, 0.0, 0.0, 0.0, 0.0, 0.0, 0.0, 1.741116414010254E9, 0.0, 2025-03-04 13:26:54.010
136.0, -66904.35909084787, -62323.8608031107, -57915.40389244603, -59425.867727502315, -67638.03275084887, -64028.226021316776, -72744.06525421921, -68519.69731088846, 0.084, 0.96, -0.196, 192.0, 0.0, 0.0, 0.0, 0.0, 0.0, 0.0, 0.0, 0.0, 0.0, 1.74111641401028E9, 0.0, 2025-03-04 13:26:54.010
137.0, -66912.56218106297, -62313.71311112799, -57912.78873834476, -59424.548974579455, -67640.02205610539, -64027.95780038331, -72753.16241421252, -68504.67693861449, 0.084, 0.96, -0.196, 192.0, 0.0, 0.0, 0.0, 0.0, 0.0, 0.0, 0.0, 0.0, 0.0, 1.741116414071162E9, 0.0, 2025-03-04 13:26:54.071
138.0, -66902.9956344361, -62242.16517712655, -57901.67992135047, -59404.16418363622, -67634.30000952483, -64019.66530319039, -72744.84756527515, -68484.44860988243, 0.084, 0.96, -0.196, 192.0, 0.0, 0.0, 0.0, 0.0, 0.0, 0.0, 0.0, 0.0, 0.0, 1.7411164140712E9, 0.0, 2025-03-04 13:26:54.071
139.0, -66896.4912767996, -62252.15640689807, -57901.18818297246, -59407.11461390431, -67629.13675655566, -64025.29794279313, -72743.46175711892, -68504.22990372538, 0.084, 0.96, -0.196, 192.0, 0.0, 0.0, 0.0, 0.0, 0.0, 0.0, 0.0, 0.0, 0.0, 1.741116414071222E9, 0.0, 2025-03-04 13:26:54.071
140.0, -66899.82168672344, -62303.677177867554, -57901.21053471691, -59406.175840637196, -67625.89575360963, -64028.67305620588, -72727.90494297803, -68509.59432239465, 0.084, 0.96, -0.196, 192.0, 0.0, 0.0, 0.0, 0.0, 0.0, 0.0, 0.0, 0.0, 0.0, 1.741116414071243E9, 0.0, 2025-03-04 13:26:54.071
141.0, -66891.55154127498, -62309.7568523594, -57890.07936597817, -59405.728805748084, -67617.49149769444, -64022.906306136414, -72722.71933826439, -68501.14536299054, 0.084, 0.962, -0.196, 192.0, 2.0, 160.0, 30.0, 16.0, 249.0, 224.0, 0.0, 0.0, 0.0, 1.741116414071269E9, 0.0, 2025-03-04 13:26:54.071
142.0, -66883.28139582652, -62234.275011333826, -57876.86948500508, -59388.13798286176, -67613.78110811485, -64019.21826830129, -72730.162469168, -68504.74399384785, 0.084, 0.962, -0.196, 192.0, 0.0, 0.0, 0.0, 0.0, 0.0, 0.0, 0.0, 0.0, 0.0, 1.741116414071296E9, 0.0, 2025-03-04 13:26:54.071
143.0, -66874.60891897786, -62225.535479251805, -57872.555598325205, -59382.50534325902, -67609.40016620161, -64009.74112865223, -72735.169259926, -68497.74789783334, 0.084, 0.962, -0.196, 192.0, 0.0, 0.0, 0.0, 0.0, 0.0, 0.0, 0.0, 0.0, 0.0, 1.741116414071318E9, 0.0, 2025-03-04 13:26:54.071
144.0, -66868.64100320828, -62275.737497298425, -57867.459400589396, -59382.37123279229, -67604.952169055, -64006.410718728395, -72724.57453305418, -68497.01029026632, 0.084, 0.962, -0.196, 192.0, 0.0, 0.0, 0.0, 0.0, 0.0, 0.0, 0.0, 0.0, 0.0, 1.741116414071339E9, 0.0, 2025-03-04 13:26:54.071
145.0, -66871.032639865, -62288.61210210468, -57860.93269120845, -59381.58892173635, -67596.9055410511, -64002.85679136, -72708.19070436845, -68498.30669144473, 0.084, 0.962, -0.196, 192.0, 0.0, 0.0, 0.0, 0.0, 0.0, 0.0, 0.0, 0.0, 0.0, 1.74111641407136E9, 0.0, 2025-03-04 13:26:54.071
146.0, -66888.64581449579, -62238.052456146776, -57876.66831930498, -59392.18364860817, -67614.45166044851, -64021.56520146909, -72733.73874828086, -68506.95681654893, 0.084, 0.962, -0.196, 192.0, 0.0, 0.0, 0.0, 0.0, 0.0, 0.0, 0.0, 0.0, 0.0, 1.741116414071384E9, 0.0, 2025-03-04 13:26:54.071
147.0, -66905.7448990041, -62236.867813690646, -57895.779060814275, -59414.89302097476, -67627.34861699922, -64037.27847782117, -72756.64928634754, -68518.33385447667, 0.084, 0.962, -0.196, 192.0, 0.0, 0.0, 0.0, 0.0, 0.0, 0.0, 0.0, 0.0, 0.0, 1.741116414071407E9, 0.0, 2025-03-04 13:26:54.071
148.0, -66893.45143955368, -62280.23019793394, -57887.866543277094, -59410.24385812806, -67619.0114163174, -64026.28141954916, -72753.96707701292, -68523.09477604566, 0.084, 0.962, -0.196, 192.0, 0.0, 0.0, 0.0, 0.0, 0.0, 0.0, 0.0, 0.0, 0.0, 1.741116414071429E9, 0.0, 2025-03-04 13:26:54.071
149.0, -66886.74591621709, -62317.15527977411, -57889.967607255894, -59415.876497730795, -67621.42540471857, -64031.9140591519, -72747.03803623177, -68518.57972366568, 0.084, 0.962, -0.196, 192.0, 0.0, 0.0, 0.0, 0.0, 0.0, 0.0, 0.0, 0.0, 0.0, 1.741116414071453E9, 0.0, 2025-03-04 13:26:54.071
150.0, -66890.2327883521, -62267.132075683134, -57888.82766828867, -59410.69089301716, -67619.12317503967, -64033.50103300823, -72748.93793451047, -68520.85960160012, 0.084, 0.962, -0.196, 192.0, 0.0, 0.0, 0.0, 0.0, 0.0, 0.0, 0.0, 0.0, 0.0, 1.741116414071475E9, 0.0, 2025-03-04 13:26:54.071
151.0, -66891.6856517417, -62230.855194432166, -57888.87237177758, -59408.16514589371, -67615.97157907147, -64029.20949807281, -72737.13621343806, -68512.1200695181, 0.092, 0.96, -0.202, 192.0, 2.0, 224.0, 30.0, 0.0, 249.0, 176.0, 0.0, 0.0, 0.0, 1.7411164140715E9, 0.0, 2025-03-04 13:26:54.071
152.0, -66881.31444231444, -62262.61702330316, -57892.9627410129, -59399.179744622685, -67617.7597186279, -64025.543811982134, -72737.80676577172, -68505.70511885943, 0.092, 0.96, -0.202, 192.0, 0.0, 0.0, 0.0, 0.0, 0.0, 0.0, 0.0, 0.0, 0.0, 1.741116414131462E9, 0.0, 2025-03-04 13:26:54.131
153.0, -66883.10258187087, -62307.745195358424, -57897.20957245941, -59406.779337737484, -67614.38460521515, -64030.796471929134, -72730.5200970793, -68499.60309262313, 0.092, 0.96, -0.202, 192.0, 0.0, 0.0, 0.0, 0.0, 0.0, 0.0, 0.0, 0.0, 0.0, 1.741116414131534E9, 0.0, 2025-03-04 13:26:54.131
154.0, -66906.32604435993, -62282.599482846206, -57917.236735491366, -59425.42069261321, -67632.69068392404, -64050.644821005444, -72749.00498974383, -68516.05397654224, 0.092, 0.96, -0.202, 192.0, 0.0, 0.0, 0.0, 0.0, 0.0, 0.0, 0.0, 0.0, 0.0, 1.741116414131559E9, 0.0, 2025-03-04 13:26:54.131
155.0, -66900.42518382373, -62234.051493889274, -57909.167755743, -59414.91537271922, -67624.95698034251, -64039.737169711254, -72759.68912359347, -68513.3270637187, 0.092, 0.96, -0.202, 192.0, 0.0, 0.0, 0.0, 0.0, 0.0, 0.0, 0.0, 0.0, 0.0, 1.74111641413158E9, 0.0, 2025-03-04 13:26:54.131
156.0, -66894.68078549871, -62266.46152334947, -57908.1172237536, -59418.44694834315, -67621.1124802962, -64030.50589925121, -72765.1205974961, -68504.65458687003, 0.092, 0.96, -0.202, 192.0, 0.0, 0.0, 0.0, 0.0, 0.0, 0.0, 0.0, 0.0, 0.0, 1.741116414131602E9, 0.0, 2025-03-04 13:26:54.131
157.0, -66902.07921291342, -62315.12127102867, -57906.262028963814, -59423.38668386778, -67613.1552592701, -64029.902402150925, -72714.67271026048, -68508.40967993852, 0.092, 0.96, -0.202, 192.0, 0.0, 0.0, 0.0, 0.0, 0.0, 0.0, 0.0, 0.0, 0.0, 1.741116414131631E9, 0.0, 2025-03-04 13:26:54.131
158.0, -66899.6428727678, -62287.13688697063, -57903.915095796, -59418.2234308986, -67619.97254132897, -64034.81978593109, -72718.9642451959, -68514.3775957081, 0.092, 0.96, -0.202, 192.0, 0.0, 0.0, 0.0, 0.0, 0.0, 0.0, 0.0, 0.0, 0.0, 1.741116414131653E9, 0.0, 2025-03-04 13:26:54.131
159.0, -66900.38048033482, -62231.27987757682, -57904.25037196284, -59417.1728989092, -67621.82773611876, -64037.18907084335, -72733.15760292501, -68511.04718578425, 0.092, 0.96, -0.202, 192.0, 0.0, 0.0, 0.0, 0.0, 0.0, 0.0, 0.0, 0.0, 0.0, 1.741116414131674E9, 0.0, 2025-03-04 13:26:54.131
160.0, -66902.92857920272, -62258.70546802348, -57904.429185918474, -59422.313800133925, -67618.3632157282, -64034.86448942, -72728.37432961159, -68503.89462755855, 0.08600000000000001, 0.962, -0.192, 192.0, 2.0, 176.0, 30.0, 16.0, 250.0, 0.0, 0.0, 0.0, 0.0, 1.741116414131696E9, 0.0, 2025-03-04 13:26:54.131
161.0, -66898.90526520077, -62307.16405000258, -57897.07546199268, -59422.313800133925, -67611.36711971369, -64025.543811982134, -72722.80874524222, -68499.62544436759, 0.08600000000000001, 0.962, -0.192, 192.0, 0.0, 0.0, 0.0, 0.0, 0.0, 0.0, 0.0, 0.0, 0.0, 1.74111641413172E9, 0.0, 2025-03-04 13:26:54.131
162.0, -66906.99659669359, -62300.65969236609, -57900.76349982781, -59425.040712957474, -67618.54202968384, -64033.456329519315, -72735.79510877075, -68520.30080798875, 0.08600000000000001, 0.962, -0.192, 192.0, 0.0, 0.0, 0.0, 0.0, 0.0, 0.0, 0.0, 0.0, 0.0, 1.741116414131744E9, 0.0, 2025-03-04 13:26:54.131
163.0, -66911.84692524039, -62246.21084287296, -57905.83734581916, -59420.3244948774, -67626.85687862121, -64035.31152430911, -72760.53848988278, -68516.2774939868, 0.08600000000000001, 0.962, -0.192, 192.0, 0.0, 0.0, 0.0, 0.0, 0.0, 0.0, 0.0, 0.0, 0.0, 1.741116414131765E9, 0.0, 2025-03-04 13:26:54.131
164.0, -66907.2424658826, -62255.62092728865, -57901.88108705057, -59415.65298028624, -67621.33599774075, -64025.25323930422, -72744.91462050851, -68486.97435700588, 0.08600000000000001, 0.962, -0.192, 192.0, 0.0, 0.0, 0.0, 0.0, 0.0, 0.0, 0.0, 0.0, 0.0, 1.741116414131789E9, 0.0, 2025-03-04 13:26:54.131
165.0, -66900.53694254601, -62308.929837814554, -57896.76253757031, -59422.00087571155, -67613.22231450348, -64022.213402058296, -72711.27524510327, -68491.02002275229, 0.08600000000000001, 0.962, -0.192, 192.0, 0.0, 0.0, 0.0, 0.0, 0.0, 0.0, 0.0, 0.0, 0.0, 1.74111641413181E9, 0.0, 2025-03-04 13:26:54.131
166.0, -66911.33283511792, -62319.211640263995, -57901.165831228005, -59419.51983207701, -67623.88409660866, -64026.92962013837, -72727.23439064436, -68503.58170313618, 0.08600000000000001, 0.962, -0.192, 192.0, 0.0, 0.0, 0.0, 0.0, 0.0, 0.0, 0.0, 0.0, 0.0, 1.741116414131832E9, 0.0, 2025-03-04 13:26:54.131
167.0, -66913.90328573028, -62257.0961424227, -57899.64591260504, -59410.646189528255, -67628.24268677743, -64027.53311723866, -72734.00696921432, -68506.2192089819, 0.08600000000000001, 0.962, -0.192, 192.0, 0.0, 0.0, 0.0, 0.0, 0.0, 0.0, 0.0, 0.0, 0.0, 1.741116414191704E9, 0.0, 2025-03-04 13:26:54.191
168.0, -66920.16177417777, -62252.78225574282, -57903.02102601779, -59411.18263139518, -67628.0638728218, -64025.499108493226, -72736.06332970421, -68507.22503748239, 0.08600000000000001, 0.962, -0.192, 192.0, 0.0, 0.0, 0.0, 0.0, 0.0, 0.0, 0.0, 0.0, 0.0, 1.74111641419177E9, 0.0, 2025-03-04 13:26:54.191
169.0, -66915.8925909868, -62304.392433690125, -57901.70227309493, -59418.55870706543, -67622.74415764143, -64017.921867122874, -72727.88259123357, -68501.2124182239, 0.08600000000000001, 0.962, -0.192, 192.0, 0.0, 0.0, 0.0, 0.0, 0.0, 0.0, 0.0, 0.0, 0.0, 1.741116414191795E9, 0.0, 2025-03-04 13:26:54.191
170.0, -66894.92665468772, -62312.46141343849, -57892.09102297915, -59404.29829410295, -67615.4127854601, -64005.8072216281, -72721.37823359708, -68494.95392977643, 0.084, 0.964, -0.192, 192.0, 2.0, 160.0, 30.0, 32.0, 250.0, 0.0, 0.0, 0.0, 0.0, 1.741116414191817E9, 0.0, 2025-03-04 13:26:54.191
171.0, -66896.0442419105, -62243.41687481605, -57893.85681079112, -59390.574323007386, -67623.99585533093, -64017.653646189414, -72739.93018149497, -68519.42908995498, 0.084, 0.964, -0.192, 192.0, 0.0, 0.0, 0.0, 0.0, 0.0, 0.0, 0.0, 0.0, 0.0, 1.741116414191841E9, 0.0, 2025-03-04 13:26:54.191
172.0, -66905.87900947082, -62228.195336841985, -57898.99771201584, -59394.03884339796, -67628.46620422199, -64025.76732942669, -72740.8689547621, -68524.10060454614, 0.084, 0.964, -0.192, 192.0, 0.0, 0.0, 0.0, 0.0, 0.0, 0.0, 0.0, 0.0, 0.0, 1.74111641419187E9, 0.0, 2025-03-04 13:26:54.191
173.0, -66896.31246284395, -62280.833695034235, -57893.83445904666, -59403.60539002483, -67621.64892216312, -64020.894649135436, -72741.83007977367, -68511.918903818, 0.084, 0.964, -0.192, 192.0, 0.0, 0.0, 0.0, 0.0, 0.0, 0.0, 0.0, 0.0, 0.0, 1.741116414191891E9, 0.0, 2025-03-04 13:26:54.191
174.0, -66891.81976220844, -62310.94149481553, -57886.43603163195, -59404.14183189176, -67610.4059947021, -64015.217306043785, -72717.89136146204, -68500.3630519346, 0.084, 0.964, -0.192, 192.0, 0.0, 0.0, 0.0, 0.0, 0.0, 0.0, 0.0, 0.0, 0.0, 1.741116414191913E9, 0.0, 2025-03-04 13:26:54.191
175.0, -66903.040337925, -62261.47708433594, -57890.392290400545, -59402.465451057615, -67616.44096570504, -64019.17356481237, -72725.22273364339, -68500.3630519346, 0.084, 0.964, -0.192, 192.0, 0.0, 0.0, 0.0, 0.0, 0.0, 0.0, 0.0, 0.0, 0.0, 1.741116414191936E9, 0.0, 2025-03-04 13:26:54.191
176.0, -66908.58357054992, -62232.55392701077, -57901.27758995028, -59403.24776211355, -67630.8131373898, -64028.9636288838, -72743.79703328575, -68515.09285153066, 0.084, 0.964, -0.192, 192.0, 0.0, 0.0, 0.0, 0.0, 0.0, 0.0, 0.0, 0.0, 0.0, 1.741116414191958E9, 0.0, 2025-03-04 13:26:54.191
177.0, -66906.5942652934, -62276.8997880101, -57906.664360364004, -59413.10488141834, -67629.42732923357, -64029.43301551736, -72744.10995770812, -68512.90238057404, 0.084, 0.964, -0.192, 192.0, 0.0, 0.0, 0.0, 0.0, 0.0, 0.0, 0.0, 0.0, 0.0, 1.741116414191982E9, 0.0, 2025-03-04 13:26:54.191
178.0, -66907.39892809378, -62323.4584717105, -57904.585648129665, -59422.04557920046, -67617.98323607245, -64023.01806485869, -72733.40347211403, -68503.8722758141, 0.084, 0.964, -0.192, 192.0, 0.0, 0.0, 0.0, 0.0, 0.0, 0.0, 0.0, 0.0, 0.0, 1.741116414192004E9, 0.0, 2025-03-04 13:26:54.192
179.0, -66916.80901250947, -62283.202979946494, -57911.33587495517, -59416.81527099792, -67631.32722751227, -64038.06078887711, -72755.4199404025, -68532.16958429452, 0.084, 0.964, -0.192, 192.0, 0.0, 0.0, 0.0, 0.0, 0.0, 0.0, 0.0, 0.0, 0.0, 1.741116414192028E9, 0.0, 2025-03-04 13:26:54.192
180.0, -66927.31433240346, -62239.97470616993, -57922.958782071924, -59423.654904801246, -67644.35829452971, -64049.54958552714, -72771.15556849905, -68535.41058724053, 0.078, 0.966, -0.192, 192.0, 2.0, 112.0, 30.0, 48.0, 250.0, 0.0, 0.0, 0.0, 0.0, 1.74111641419205E9, 0.0, 2025-03-04 13:26:54.192
181.0, -66904.73907050361, -62266.41681986056, -57896.404909659024, -59409.461547072126, -67614.04932904831, -64017.653646189414, -72733.22465815839, -68506.8227060822, 0.078, 0.966, -0.192, 192.0, 0.0, 0.0, 0.0, 0.0, 0.0, 0.0, 0.0, 0.0, 0.0, 1.741116414192073E9, 0.0, 2025-03-04 13:26:54.192
182.0, -66894.12199188734, -62304.37008194567, -57884.17850544197, -59414.66950353021, -67602.87345682067, -64013.29505602063, -72699.29471007524, -68492.18231346397, 0.078, 0.966, -0.192, 192.0, 0.0, 0.0, 0.0, 0.0, 0.0, 0.0, 0.0, 0.0, 0.0, 1.741116414251144E9, 0.0, 2025-03-04 13:26:54.251
183.0, -66917.52426833204, -62295.33997718573, -57903.62452311809, -59437.89296601927, -67627.81800363278, -64037.34553305454, -72730.58715231266, -68493.90339778703, 0.078, 0.966, -0.192, 192.0, 0.0, 0.0, 0.0, 0.0, 0.0, 0.0, 0.0, 0.0, 0.0, 1.74111641425118E9, 0.0, 2025-03-04 13:26:54.251
184.0, -66921.25700965608, -62237.87364219113, -57903.98215102937, -59426.47122460261, -67629.78495714486, -64038.95485865532, -72743.59586758565, -68507.78383109377, 0.078, 0.966, -0.192, 192.0, 0.0, 0.0, 0.0, 0.0, 0.0, 0.0, 0.0, 0.0, 0.0, 1.741116414251211E9, 0.0, 2025-03-04 13:26:54.251
185.0, -66900.53694254601, -62254.10100866569, -57888.13476421056, -59424.37016062381, -67609.46722143498, -64026.817861416086, -72725.35684411012, -68501.2124182239, 0.078, 0.966, -0.192, 192.0, 0.0, 0.0, 0.0, 0.0, 0.0, 0.0, 0.0, 0.0, 0.0, 1.741116414251232E9, 0.0, 2025-03-04 13:26:54.251
186.0, -66898.56998903395, -62304.526544156855, -57886.43603163195, -59437.51298636353, -67605.91329406659, -64029.63418121746, -72718.47250681788, -68503.93933104746, 0.078, 0.966, -0.192, 192.0, 0.0, 0.0, 0.0, 0.0, 0.0, 0.0, 0.0, 0.0, 0.0, 1.741116414251254E9, 0.0, 2025-03-04 13:26:54.251
187.0, -66903.59913153638, -62304.79476509032, -57892.80627880172, -59439.70345732015, -67613.33407322575, -64038.12784411047, -72735.59394307065, -68509.90724681702, 0.078, 0.966, -0.192, 192.0, 0.0, 0.0, 0.0, 0.0, 0.0, 0.0, 0.0, 0.0, 0.0, 1.741116414251281E9, 0.0, 2025-03-04 13:26:54.251
188.0, -66907.39892809378, -62239.6394300031, -57893.3650724131, -59424.37016062381, -67615.50219243791, -64029.969457384286, -72726.63089354408, -68502.84409556915, 0.078, 0.966, -0.192, 192.0, 0.0, 0.0, 0.0, 0.0, 0.0, 0.0, 0.0, 0.0, 0.0, 1.741116414251303E9, 0.0, 2025-03-04 13:26:54.251
189.0, -66910.32700661743, -62252.91636620955, -57899.198877715935, -59427.61116356983, -67614.87634359316, -64032.09287310754, -72717.53373355076, -68509.52726716129, 0.078, 0.966, -0.192, 192.0, 0.0, 0.0, 0.0, 0.0, 0.0, 0.0, 0.0, 0.0, 0.0, 1.741116414251324E9, 0.0, 2025-03-04 13:26:54.251
190.0, -66899.62052102335, -62303.453660423, -57888.20181944392, -59430.85216651585, -67602.53818065384, -64021.922829380375, -72717.06434691719, -68501.7712118353, 0.078, 0.966, -0.198, 192.0, 2.0, 112.0, 30.0, 48.0, 249.0, 208.0, 0.0, 0.0, 0.0, 1.741116414251346E9, 0.0, 2025-03-04 13:26:54.251
191.0, -66905.72254725963, -62311.83556459374, -57886.03370023176, -59423.94547747916, -67602.20290448701, -64023.599210214525, -72717.64549227303, -68507.0238717823, 0.078, 0.966, -0.198, 192.0, 0.0, 0.0, 0.0, 0.0, 0.0, 0.0, 0.0, 0.0, 0.0, 1.741116414251369E9, 0.0, 2025-03-04 13:26:54.251
192.0, -66919.08889044392, -62245.383828328115, -57892.80627880172, -59409.014512183014, -67614.22814300396, -64031.04234111814, -72730.22952440138, -68518.35620622113, 0.078, 0.966, -0.198, 192.0, 0.0, 0.0, 0.0, 0.0, 0.0, 0.0, 0.0, 0.0, 0.0, 1.741116414251393E9, 0.0, 2025-03-04 13:26:54.251
193.0, -66899.46405881215, -62229.379979298115, -57887.93359851046, -59400.90082894574, -67608.2602272344, -64021.38638751345, -72734.1634314255, -68511.94125556246, 0.078, 0.966, -0.198, 192.0, 0.0, 0.0, 0.0, 0.0, 0.0, 0.0, 0.0, 0.0, 0.0, 1.741116414251414E9, 0.0, 2025-03-04 13:26:54.251
194.0, -66891.8868174418, -62278.37500314415, -57892.5157061238, -59402.37604407979, -67611.32241622478, -64021.31933228009, -72744.19936468595, -68518.24444749886, 0.078, 0.966, -0.198, 192.0, 0.0, 0.0, 0.0, 0.0, 0.0, 0.0, 0.0, 0.0, 0.0, 1.741116414251439E9, 0.0, 2025-03-04 13:26:54.251
195.0, -66899.01702392305, -62309.153355259106, -57899.10947073811, -59411.85318372884, -67616.17274477157, -64027.376655027474, -72745.45106237543, -68516.67982538698, 0.078, 0.966, -0.198, 192.0, 0.0, 0.0, 0.0, 0.0, 0.0, 0.0, 0.0, 0.0, 0.0, 1.741116414251465E9, 0.0, 2025-03-04 13:26:54.251
196.0, -66909.58939905041, -62252.42462783154, -57907.96076154242, -59410.10974766133, -67628.93559085556, -64034.640971975445, -72758.28096369279, -68514.06467128571, 0.078, 0.966, -0.198, 192.0, 0.0, 0.0, 0.0, 0.0, 0.0, 0.0, 0.0, 0.0, 0.0, 1.741116414251486E9, 0.0, 2025-03-04 13:26:54.251
197.0, -66922.32989338994, -62239.6394300031, -57920.65655239303, -59414.28952387447, -67633.60710544672, -64044.498091280235, -72745.0710827197, -68524.27941850178, 0.078, 0.966, -0.198, 192.0, 0.0, 0.0, 0.0, 0.0, 0.0, 0.0, 0.0, 0.0, 0.0, 1.741116414310821E9, 0.0, 2025-03-04 13:26:54.310
198.0, -66924.11803294635, -62291.0037387614, -57919.471909936896, -59414.691855274665, -67626.52160245438, -64037.77021619919, -72732.665864547, -68516.2774939868, 0.078, 0.966, -0.198, 192.0, 0.0, 0.0, 0.0, 0.0, 0.0, 0.0, 0.0, 0.0, 0.0, 1.741116414310855E9, 0.0, 2025-03-04 13:26:54.310
199.0, -66904.47084957015, -62322.13971878764, -57907.9160580535, -59410.71324476162, -67615.16691627109, -64027.15313758292, -72731.50357383533, -68510.10841251712, 0.078, 0.966, -0.198, 192.0, 0.0, 0.0, 0.0, 0.0, 0.0, 0.0, 0.0, 0.0, 0.0, 1.74111641431088E9, 0.0, 2025-03-04 13:26:54.310
200.0, -66905.85665772637, -62271.043630962806, -57904.92092429649, -59399.112689389316, -67621.1124802962, -64029.23184981726, -72749.34026591067, -68517.86446784312, 0.082, 0.96, -0.196, 192.0, 2.0, 144.0, 30.0, 0.0, 249.0, 224.0, 0.0, 0.0, 0.0, 1.741116414310902E9, 0.0, 2025-03-04 13:26:54.310
201.0, -66919.6476840553, -62240.30998233676, -57913.3698837006, -59406.28759935947, -67624.73346289796, -64038.44076853285, -72742.16535594051, -68534.06948257322, 0.082, 0.96, -0.196, 192.0, 0.0, 0.0, 0.0, 0.0, 0.0, 0.0, 0.0, 0.0, 0.0, 1.741116414310927E9, 0.0, 2025-03-04 13:26:54.310
202.0, -66923.60394282389, -62286.17576195905, -57913.79456684525, -59410.4226720837, -67623.6158756752, -64037.63610573246, -72743.08177746317, -68531.16375579403, 0.082, 0.96, -0.196, 192.0, 0.0, 0.0, 0.0, 0.0, 0.0, 0.0, 0.0, 0.0, 0.0, 1.74111641431096E9, 0.0, 2025-03-04 13:26:54.310
203.0, -66892.9373494312, -62317.37879721866, -57897.90247653753, -59406.24289587056, -67617.1115180387, -64029.8129951731, -72749.00498974383, -68510.95777880642, 0.082, 0.96, -0.196, 192.0, 0.0, 0.0, 0.0, 0.0, 0.0, 0.0, 0.0, 0.0, 0.0, 1.741116414310982E9, 0.0, 2025-03-04 13:26:54.310
204.0, -66890.50100928558, -62280.56547410077, -57892.44865089043, -59402.308988846424, -67617.69266339454, -64031.847003918534, -72741.36069314012, -68504.60988338111, 0.082, 0.96, -0.196, 192.0, 0.0, 0.0, 0.0, 0.0, 0.0, 0.0, 0.0, 0.0, 0.0, 1.741116414311003E9, 0.0, 2025-03-04 13:26:54.311
205.0, -66901.87804721332, -62234.61028750066, -57899.64591260504, -59414.37893085229, -67625.1134425537, -64043.55931801311, -72751.39662640056, -68516.36690096461, 0.082, 0.96, -0.196, 192.0, 0.0, 0.0, 0.0, 0.0, 0.0, 0.0, 0.0, 0.0, 0.0, 1.741116414311024E9, 0.0, 2025-03-04 13:26:54.311
206.0, -66899.12878264532, -62258.01256394536, -57898.93065678247, -59408.14279414926, -67619.10082329522, -64033.188108585855, -72748.8708792771, -68518.75853762132, 0.082, 0.96, -0.196, 192.0, 0.0, 0.0, 0.0, 0.0, 0.0, 0.0, 0.0, 0.0, 0.0, 1.741116414311046E9, 0.0, 2025-03-04 13:26:54.311
207.0, -66899.70992800116, -62306.02411103537, -57903.51276439581, -59422.872593745305, -67619.07847155076, -64038.32900981057, -72745.16048969752, -68523.67592140149, 0.082, 0.96, -0.196, 192.0, 0.0, 0.0, 0.0, 0.0, 0.0, 0.0, 0.0, 0.0, 0.0, 1.741116414311073E9, 0.0, 2025-03-04 13:26:54.311
208.0, -66894.90430294327, -62291.36136667268, -57900.71879633889, -59422.69377978966, -67616.9103523386, -64036.71968420979, -72744.78051004178, -68522.20070626745, 0.082, 0.96, -0.196, 192.0, 0.0, 0.0, 0.0, 0.0, 0.0, 0.0, 0.0, 0.0, 0.0, 1.741116414311094E9, 0.0, 2025-03-04 13:26:54.311
209.0, -66885.96360516115, -62225.51312750735, -57891.152249712024, -59405.549991792446, -67609.51192492389, -64022.414567758395, -72739.23727741686, -68511.98595905137, 0.082, 0.96, -0.196, 192.0, 0.0, 0.0, 0.0, 0.0, 0.0, 0.0, 0.0, 0.0, 0.0, 1.741116414311116E9, 0.0, 2025-03-04 13:26:54.311
210.0, -66899.6875762567, -62252.22346213144, -57904.853869063125, -59417.61993379831, -67618.54202968384, -64026.884916649455, -72751.62014384511, -68520.68078764448, 0.08, 0.9580000000000001, -0.192, 192.0, 2.0, 128.0, 29.0, 240.0, 250.0, 0.0, 0.0, 0.0, 0.0, 1.741116414311141E9, 0.0, 2025-03-04 13:26:54.311
211.0, -66907.10835541587, -62308.81807909228, -57908.65366562053, -59434.47314911761, -67616.9103523386, -64031.17645158488, -72743.39470188555, -68524.52528769079, 0.08, 0.9580000000000001, -0.192, 192.0, 0.0, 0.0, 0.0, 0.0, 0.0, 0.0, 0.0, 0.0, 0.0, 1.741116414311164E9, 0.0, 2025-03-04 13:26:54.311
212.0, -66911.37753860683, -62311.92497157156, -57911.09000576616, -59438.51881486402, -67620.88896285165, -64034.797434186636, -72748.80382404373, -68523.56416267922, 0.08, 0.9580000000000001, -0.192, 192.0, 0.0, 0.0, 0.0, 0.0, 0.0, 0.0, 0.0, 0.0, 0.0, 1.741116414371672E9, 0.0, 2025-03-04 13:26:54.371
213.0, -66906.01311993756, -62243.21570911595, -57910.732377854874, -59421.3750268668, -67628.19798328853, -64032.98694288576, -72763.04188526176, -68513.70704337442, 0.08, 0.9580000000000001, -0.192, 192.0, 0.0, 0.0, 0.0, 0.0, 0.0, 0.0, 0.0, 0.0, 0.0, 1.741116414371699E9, 0.0, 2025-03-04 13:26:54.371
214.0, -66911.42224209574, -62253.989249943406, -57918.287267480766, -59432.103864205346, -67625.89575360963, -64041.34649531204, -72739.52785009478, -68525.79933712474, 0.08, 0.9580000000000001, -0.192, 192.0, 0.0, 0.0, 0.0, 0.0, 0.0, 0.0, 0.0, 0.0, 0.0, 1.741116414371731E9, 0.0, 2025-03-04 13:26:54.371
215.0, -66912.00338745158, -62307.92400931407, -57913.7722151008, -59437.35652415235, -67615.97157907147, -64030.170623084385, -72740.19840242845, -68516.38925270906, 0.08, 0.9580000000000001, -0.192, 192.0, 0.0, 0.0, 0.0, 0.0, 0.0, 0.0, 0.0, 0.0, 0.0, 1.741116414371752E9, 0.0, 2025-03-04 13:26:54.371
216.0, -66896.2901110995, -62312.12613727166, -57903.78098532927, -59427.342942636365, -67609.28840747934, -64018.570067712084, -72724.90980922102, -68498.35139493363, 0.08, 0.9580000000000001, -0.192, 192.0, 0.0, 0.0, 0.0, 0.0, 0.0, 0.0, 0.0, 0.0, 0.0, 1.741116414371775E9, 0.0, 2025-03-04 13:26:54.371
217.0, -66904.20262863667, -62242.18752887101, -57907.2678574643, -59418.469300087614, -67618.43027096156, -64027.39900677193, -72736.08568144866, -68518.57972366568, 0.08, 0.9580000000000001, -0.192, 192.0, 0.0, 0.0, 0.0, 0.0, 0.0, 0.0, 0.0, 0.0, 0.0, 1.741116414371803E9, 0.0, 2025-03-04 13:26:54.371
218.0, -66901.22984662412, -62233.13507236661, -57904.69740685194, -59414.200116896645, -67614.33990172624, -64020.3582072685, -72731.92825697998, -68509.10258401664, 0.08, 0.9580000000000001, -0.192, 192.0, 0.0, 0.0, 0.0, 0.0, 0.0, 0.0, 0.0, 0.0, 0.0, 1.741116414371824E9, 0.0, 2025-03-04 13:26:54.371
219.0, -66905.23080888162, -62283.493552624415, -57904.65270336303, -59420.61506755532, -67612.97644531446, -64018.011274100696, -72729.67073078999, -68501.14536299054, 0.08, 0.9580000000000001, -0.192, 192.0, 0.0, 0.0, 0.0, 0.0, 0.0, 0.0, 0.0, 0.0, 0.0, 1.741116414371846E9, 0.0, 2025-03-04 13:26:54.371
220.0, -66916.89841948729, -62315.635361151144, -57909.92771505448, -59435.81425378493, -67617.29033199434, -64027.9130968944, -72733.38112036957, -68515.13755501957, 0.082, 0.964, -0.19, 192.0, 2.0, 144.0, 30.0, 32.0, 250.0, 16.0, 0.0, 0.0, 0.0, 1.741116414371868E9, 0.0, 2025-03-04 13:26:54.371
221.0, -66924.27449515754, -62263.46638959246, -57915.09096802366, -59436.931841007696, -67628.9132391111, -64041.4135505454, -72748.89323102156, -68522.44657545646, 0.082, 0.964, -0.19, 192.0, 0.0, 0.0, 0.0, 0.0, 0.0, 0.0, 0.0, 0.0, 0.0, 1.741116414371891E9, 0.0, 2025-03-04 13:26:54.371
222.0, -66911.91398047376, -62236.10785437917, -57910.8217848327, -59428.03584671448, -67623.52646869737, -64032.539907996645, -72744.78051004178, -68510.2201712394, 0.082, 0.964, -0.19, 192.0, 0.0, 0.0, 0.0, 0.0, 0.0, 0.0, 0.0, 0.0, 0.0, 1.741116414371916E9, 0.0, 2025-03-04 13:26:54.371
223.0, -66912.04809094049, -62277.57034034376, -57908.81012783172, -59414.982427952586, -67624.93462859806, -64022.8616026475, -72750.43550138897, -68518.73618587687, 0.082, 0.964, -0.19, 192.0, 0.0, 0.0, 0.0, 0.0, 0.0, 0.0, 0.0, 0.0, 0.0, 1.741116414371945E9, 0.0, 2025-03-04 13:26:54.371
224.0, -66910.19289615071, -62312.7072826275, -57908.296037709246, -59415.00477969704, -67627.99681758843, -64022.74984392522, -72763.66773410651, -68529.53207844878, 0.082, 0.964, -0.19, 192.0, 0.0, 0.0, 0.0, 0.0, 0.0, 0.0, 0.0, 0.0, 0.0, 1.741116414371966E9, 0.0, 2025-03-04 13:26:54.371
225.0, -66904.62731178133, -62259.3983721016, -57902.08225275067, -59401.213753368116, -67626.8121751323, -64020.69348343534, -72750.99429500036, -68523.49710744586, 0.082, 0.964, -0.19, 192.0, 0.0, 0.0, 0.0, 0.0, 0.0, 0.0, 0.0, 0.0, 0.0, 1.741116414371991E9, 0.0, 2025-03-04 13:26:54.371
226.0, -66916.85371599838, -62226.89893566358, -57911.55939239972, -59405.773509237, -67630.36610250069, -64028.15896608341, -72741.74067279586, -68513.08119452967, 0.082, 0.964, -0.19, 192.0, 0.0, 0.0, 0.0, 0.0, 0.0, 0.0, 0.0, 0.0, 0.0, 1.741116414372013E9, 0.0, 2025-03-04 13:26:54.372
227.0, -66910.84109673991, -62261.52178782485, -57903.93744754046, -59406.10878540383, -67616.0609860493, -64019.66530319039, -72728.59784705614, -68495.60213036563, 0.082, 0.964, -0.19, 192.0, 0.0, 0.0, 0.0, 0.0, 0.0, 0.0, 0.0, 0.0, 0.0, 1.741116414431568E9, 0.0, 2025-03-04 13:26:54.431
228.0, -66918.95477997718, -62301.71022435549, -57909.07834876518, -59409.7744714945, -67616.41861396059, -64021.09581483553, -72738.03028321627, -68506.55448514874, 0.082, 0.964, -0.19, 192.0, 0.0, 0.0, 0.0, 0.0, 0.0, 0.0, 0.0, 0.0, 0.0, 1.741116414431594E9, 0.0, 2025-03-04 13:26:54.431
229.0, -66913.45625084118, -62270.30602339578, -57911.04530227725, -59408.679236016185, -67624.24172451995, -64029.03068411716, -72749.09439672166, -68523.11712779012, 0.082, 0.964, -0.19, 192.0, 0.0, 0.0, 0.0, 0.0, 0.0, 0.0, 0.0, 0.0, 0.0, 1.741116414431627E9, 0.0, 2025-03-04 13:26:54.431
230.0, -66904.85082922588, -62219.92519139352, -57909.480680165376, -59398.2186196111, -67625.33695999825, -64022.4592712473, -72756.24695494735, -68527.74393889237, 0.08, 0.962, -0.19, 192.0, 2.0, 128.0, 30.0, 16.0, 250.0, 16.0, 0.0, 0.0, 0.0, 1.741116414431649E9, 0.0, 2025-03-04 13:26:54.431
231.0, -66911.75751826257, -62257.23025288943, -57909.815956332204, -59402.35369233533, -67617.06681454979, -64019.128861323465, -72748.91558276601, -68519.42908995498, 0.08, 0.962, -0.19, 192.0, 0.0, 0.0, 0.0, 0.0, 0.0, 0.0, 0.0, 0.0, 0.0, 1.741116414431672E9, 0.0, 2025-03-04 13:26:54.431
232.0, -66907.48833507161, -62307.58873314723, -57903.55746788472, -59411.22733488409, -67609.04253829033, -64010.67990191936, -72738.70083554994, -68493.88104604257, 0.08, 0.962, -0.19, 192.0, 0.0, 0.0, 0.0, 0.0, 0.0, 0.0, 0.0, 0.0, 0.0, 1.7411164144317E9, 0.0, 2025-03-04 13:26:54.431
233.0, -66917.70308228768, -62292.94834052901, -57903.2668952068, -59399.604427767335, -67607.455564434, -64005.04726231662, -72734.65516980352, -68489.74597331834, 0.08, 0.962, -0.19, 192.0, 0.0, 0.0, 0.0, 0.0, 0.0, 0.0, 0.0, 0.0, 0.0, 1.741116414431722E9, 0.0, 2025-03-04 13:26:54.431
234.0, -66910.55052406198, -62219.96989488243, -57896.06963349219, -59384.069965370894, -67602.42642193157, -64000.040471558634, -72731.77179476879, -68495.55742687672, 0.08, 0.962, -0.19, 192.0, 0.0, 0.0, 0.0, 0.0, 0.0, 0.0, 0.0, 0.0, 0.0, 1.741116414431744E9, 0.0, 2025-03-04 13:26:54.431
235.0, -66884.57779700492, -62227.50243276387, -57886.190162442945, -59378.88436065726, -67599.05130851881, -63997.26885524618, -72727.70377727793, -68495.40096466553, 0.08, 0.962, -0.19, 192.0, 0.0, 0.0, 0.0, 0.0, 0.0, 0.0, 0.0, 0.0, 0.0, 1.741116414431766E9, 0.0, 2025-03-04 13:26:54.431
236.0, -66902.43684082471, -62287.51686662637, -57897.097813737135, -59401.10199464584, -67606.29327372233, -64007.0589193176, -72739.75136753934, -68504.34166244765, 0.08, 0.962, -0.19, 192.0, 0.0, 0.0, 0.0, 0.0, 0.0, 0.0, 0.0, 0.0, 0.0, 1.741116414431786E9, 0.0, 2025-03-04 13:26:54.431
237.0, -66908.292997872, -62283.761773557875, -57898.66243584901, -59402.465451057615, -67611.14360226913, -64008.17650654036, -72746.70276006493, -68508.14145900506, 0.08, 0.962, -0.19, 192.0, 0.0, 0.0, 0.0, 0.0, 0.0, 0.0, 0.0, 0.0, 0.0, 1.741116414431812E9, 0.0, 2025-03-04 13:26:54.431
238.0, -66895.99953842159, -62214.203144812964, -57894.25914219131, -59394.37411956479, -67613.57994241476, -64011.52926820866, -72743.46175711892, -68509.75078460584, 0.08, 0.962, -0.19, 192.0, 0.0, 0.0, 0.0, 0.0, 0.0, 0.0, 0.0, 0.0, 0.0, 1.741116414431833E9, 0.0, 2025-03-04 13:26:54.431
239.0, -66910.19289615071, -62217.89118264809, -57905.54677314124, -59395.75992772102, -67625.00168383142, -64016.49135547774, -72751.55308861173, -68517.50683993183, 0.08, 0.962, -0.19, 192.0, 0.0, 0.0, 0.0, 0.0, 0.0, 0.0, 0.0, 0.0, 0.0, 1.741116414431854E9, 0.0, 2025-03-04 13:26:54.431
240.0, -66905.20845713717, -62273.65878506408, -57899.84707830514, -59403.56068653592, -67617.3573872277, -64011.641026930934, -72746.16631819801, -68512.20947649592, 0.084, 0.96, -0.19, 192.0, 2.0, 160.0, 30.0, 0.0, 250.0, 16.0, 0.0, 0.0, 0.0, 1.74111641443188E9, 0.0, 2025-03-04 13:26:54.431
241.0, -66889.15990461825, -62290.623759105656, -57887.30774966571, -59399.76088997852, -67605.13098301065, -64005.09196580553, -72733.9175622365, -68500.25129321234, 0.084, 0.96, -0.19, 192.0, 0.0, 0.0, 0.0, 0.0, 0.0, 0.0, 0.0, 0.0, 0.0, 1.741116414431904E9, 0.0, 2025-03-04 13:26:54.431
242.0, -66903.37561409183, -62231.25752583236, -57891.77809855677, -59392.116593374805, -67613.62464590366, -64016.759576411205, -72741.38304488457, -68515.83045909768, 0.084, 0.96, -0.19, 192.0, 0.0, 0.0, 0.0, 0.0, 0.0, 0.0, 0.0, 0.0, 0.0, 1.741116414491775E9, 0.0, 2025-03-04 13:26:54.491
243.0, -66899.6875762567, -62218.606438470655, -57890.05701423372, -59390.931950918675, -67610.98714005794, -64021.45344274682, -72743.93114375247, -68522.98301732338, 0.084, 0.96, -0.19, 192.0, 0.0, 0.0, 0.0, 0.0, 0.0, 0.0, 0.0, 0.0, 0.0, 1.741116414491801E9, 0.0, 2025-03-04 13:26:54.491
244.0, -66889.62929125181, -62264.18164541503, -57883.887932764046, -59395.111727131814, -67605.24274173293, -64016.31254152209, -72728.48608833386, -68493.59047336465, 0.084, 0.96, -0.19, 192.0, 0.0, 0.0, 0.0, 0.0, 0.0, 0.0, 0.0, 0.0, 0.0, 1.741116414491834E9, 0.0, 2025-03-04 13:26:54.491
245.0, -66889.40577380726, -62295.74230858593, -57882.770345541285, -59407.494593560055, -67604.88511382164, -64016.334893266554, -72728.68725403395, -68508.23086598289, 0.084, 0.96, -0.19, 192.0, 0.0, 0.0, 0.0, 0.0, 0.0, 0.0, 0.0, 0.0, 0.0, 1.741116414491856E9, 0.0, 2025-03-04 13:26:54.491
246.0, -66898.92761694522, -62243.39452307159, -57886.03370023176, -59404.544163291954, -67606.31562546678, -64025.76732942669, -72737.96322798291, -68530.13557554908, 0.084, 0.96, -0.19, 192.0, 0.0, 0.0, 0.0, 0.0, 0.0, 0.0, 0.0, 0.0, 0.0, 1.741116414491877E9, 0.0, 2025-03-04 13:26:54.491
247.0, -66912.74099501861, -62221.825089672224, -57897.07546199268, -59410.914410461715, -67612.48470693645, -64026.77315792718, -72757.02926600329, -68511.04718578425, 0.084, 0.96, -0.19, 192.0, 0.0, 0.0, 0.0, 0.0, 0.0, 0.0, 0.0, 0.0, 0.0, 1.741116414491901E9, 0.0, 2025-03-04 13:26:54.491
248.0, -66907.57774204943, -62266.23800590492, -57896.22609570338, -59418.111672176325, -67613.40112845911, -64018.86064039, -72771.60260338815, -68501.30182520174, 0.084, 0.96, -0.19, 192.0, 0.0, 0.0, 0.0, 0.0, 0.0, 0.0, 0.0, 0.0, 0.0, 1.741116414491928E9, 0.0, 2025-03-04 13:26:54.491
249.0, -66896.37951807732, -62302.11255575569, -57890.36993865609, -59413.70837851863, -67609.28840747934, -64019.17356481237, -72741.9194867515, -68507.33679620466, 0.084, 0.96, -0.19, 192.0, 0.0, 0.0, 0.0, 0.0, 0.0, 0.0, 0.0, 0.0, 0.0, 1.74111641449195E9, 0.0, 2025-03-04 13:26:54.491
250.0, -66896.67009075524, -62256.35853485567, -57892.60511310162, -59405.3711778368, -67608.34963421222, -64023.398044514426, -72731.70473953543, -68506.71094735991, 0.088, 0.9540000000000001, -0.192, 192.0, 2.0, 192.0, 29.0, 208.0, 250.0, 0.0, 0.0, 0.0, 0.0, 1.741116414491972E9, 0.0, 2025-03-04 13:26:54.491
251.0, -66901.72158500215, -62219.14288033759, -57905.39031093005, -59410.95911395063, -67609.3554627127, -64027.84604166103, -72732.28588489126, -68506.33096770418, 0.088, 0.9540000000000001, -0.192, 192.0, 0.0, 0.0, 0.0, 0.0, 0.0, 0.0, 0.0, 0.0, 0.0, 1.741116414491995E9, 0.0, 2025-03-04 13:26:54.491
252.0, -66901.81099197996, -62255.21859588845, -57908.60896213162, -59409.26038137203, -67607.34380571173, -64020.71583517979, -72742.9700187409, -68510.35428170614, 0.088, 0.9540000000000001, -0.192, 192.0, 0.0, 0.0, 0.0, 0.0, 0.0, 0.0, 0.0, 0.0, 0.0, 1.741116414492019E9, 0.0, 2025-03-04 13:26:54.492
253.0, -66902.25802686907, -62300.10089875471, -57909.7712528433, -59418.13402392078, -67615.70335813801, -64024.649742203925, -72759.77853057129, -68518.57972366568, 0.088, 0.9540000000000001, -0.192, 192.0, 0.0, 0.0, 0.0, 0.0, 0.0, 0.0, 0.0, 0.0, 0.0, 1.741116414492042E9, 0.0, 2025-03-04 13:26:54.492
254.0, -66894.792544221, -62267.93673848352, -57898.23775270436, -59405.48293655908, -67611.6576923916, -64015.73139616626, -72754.52587062429, -68505.01221478131, 0.088, 0.9540000000000001, -0.192, 192.0, 0.0, 0.0, 0.0, 0.0, 0.0, 0.0, 0.0, 0.0, 0.0, 1.741116414492063E9, 0.0, 2025-03-04 13:26:54.492
255.0, -66906.16958214875, -62210.582162211205, -57904.1162614961, -59403.42657606919, -67615.72570988246, -64022.23575380275, -72742.1206524516, -68513.7740986078, 0.088, 0.9540000000000001, -0.192, 192.0, 0.0, 0.0, 0.0, 0.0, 0.0, 0.0, 0.0, 0.0, 0.0, 1.741116414492088E9, 0.0, 2025-03-04 13:26:54.492
0.0, -66885.04718363848, -62229.536441509306, -57896.203743958926, -59392.92125617519, -67604.61689288818, -64013.02683508716, -72734.29754189224, -68507.22503748239, 0.088, 0.9540000000000001, -0.192, 192.0, 0.0, 0.0, 0.0, 0.0, 0.0, 0.0, 0.0, 0.0, 0.0, 1.74111641449211E9, 0.0, 2025-03-04 13:26:54.492
1.0, -66900.02285242354, -62283.560607857784, -57908.631313876074, -59410.489727317065, -67618.51967793939, -64026.6613992049, -72751.70955082292, -68523.83238361268, 0.088, 0.9540000000000001, -0.192, 192.0, 0.0, 0.0, 0.0, 0.0, 0.0, 0.0, 0.0, 0.0, 0.0, 1.741116414552091E9, 0.0, 2025-03-04 13:26:54.552
2.0, -66906.03547168201, -62281.61600609017, -57910.48650866587, -59413.775433751995, -67623.32530299727, -64032.070521363086, -72754.50351887984, -68529.68854065998, 0.088, 0.9540000000000001, -0.192, 192.0, 0.0, 0.0, 0.0, 0.0, 0.0, 0.0, 0.0, 0.0, 0.0, 1.74111641455212E9, 0.0, 2025-03-04 13:26:54.552
3.0, -66905.18610539271, -62222.07095886123, -57906.15027024154, -59406.46641331511, -67617.24562850544, -64026.03555036015, -72748.64736183255, -68526.13461329158, 0.088, 0.9540000000000001, -0.192, 192.0, 0.0, 0.0, 0.0, 0.0, 0.0, 0.0, 0.0, 0.0, 0.0, 1.741116414552152E9, 0.0, 2025-03-04 13:26:54.552
4.0, -66897.67591925572, -62224.70846470696, -57894.48265963586, -59397.79393646645, -67605.89094232213, -64014.74791941023, -72739.08081520567, -68511.11424101761, 0.078, 0.9560000000000001, -0.194, 192.0, 2.0, 112.0, 29.0, 224.0, 249.0, 240.0, 0.0, 0.0, 0.0, 1.741116414552173E9, 0.0, 2025-03-04 13:26:54.552
5.0, -66897.00536692207, -62277.32447115475, -57895.4661363919, -59410.489727317065, -67604.99687254392, -64017.22896304476, -72740.98071348437, -68511.04718578425, 0.078, 0.9560000000000001, -0.194, 192.0, 0.0, 0.0, 0.0, 0.0, 0.0, 0.0, 0.0, 0.0, 0.0, 1.741116414552196E9, 0.0, 2025-03-04 13:26:54.552
6.0, -66907.80125949398, -62284.253511935894, -57901.25523820582, -59406.33230284838, -67613.26701799239, -64019.59824795702, -72749.9214112665, -68528.52624994829, 0.078, 0.9560000000000001, -0.194, 192.0, 0.0, 0.0, 0.0, 0.0, 0.0, 0.0, 0.0, 0.0, 0.0, 1.741116414552217E9, 0.0, 2025-03-04 13:26:54.552
7.0, -66936.47854763015, -62234.94556366749, -57922.8693750941, -59414.44598608566, -67636.11050082571, -64040.5641842561, -72771.66965862151, -68554.05194211626, 0.078, 0.9560000000000001, -0.194, 192.0, 0.0, 0.0, 0.0, 0.0, 0.0, 0.0, 0.0, 0.0, 0.0, 1.741116414552244E9, 0.0, 2025-03-04 13:26:54.552
8.0, -66926.42026262525, -62237.426607302026, -57919.29309598126, -59412.76960525151, -67630.79078564534, -64026.326123038074, -72758.30331543724, -68509.92959856149, 0.078, 0.9560000000000001, -0.194, 192.0, 0.0, 0.0, 0.0, 0.0, 0.0, 0.0, 0.0, 0.0, 0.0, 1.741116414552265E9, 0.0, 2025-03-04 13:26:54.552
9.0, -66909.81291649496, -62289.215599204974, -57903.4680609069, -59406.578172037385, -67618.7655471284, -64007.41654722888, -72751.21781244491, -68495.62448211008, 0.078, 0.9560000000000001, -0.194, 192.0, 0.0, 0.0, 0.0, 0.0, 0.0, 0.0, 0.0, 0.0, 0.0, 1.741116414552286E9, 0.0, 2025-03-04 13:26:54.552
10.0, -66900.71575650165, -62298.42451792056, -57888.49239212184, -59391.37898580778, -67612.95409357, -64000.30869249209, -72753.922373524, -68505.52630490379, 0.078, 0.9560000000000001, -0.194, 192.0, 0.0, 0.0, 0.0, 0.0, 0.0, 0.0, 0.0, 0.0, 0.0, 1.741116414552307E9, 0.0, 2025-03-04 13:26:54.552
11.0, -66907.68950077171, -62232.799796199775, -57881.67511006298, -59379.15258159072, -67609.69073887954, -63999.01229131369, -72742.925315252, -68501.39123217955, 0.078, 0.9560000000000001, -0.194, 192.0, 0.0, 0.0, 0.0, 0.0, 0.0, 0.0, 0.0, 0.0, 0.0, 1.741116414552329E9, 0.0, 2025-03-04 13:26:54.552
12.0, -66905.09669841488, -62217.019464614335, -57885.11727870909, -59381.3654042918, -67615.79276511584, -63999.43697445834, -72748.55795485472, -68504.67693861449, 0.078, 0.9560000000000001, -0.194, 192.0, 0.0, 0.0, 0.0, 0.0, 0.0, 0.0, 0.0, 0.0, 0.0, 1.741116414552353E9, 0.0, 2025-03-04 13:26:54.552
13.0, -66881.5826632479, -62254.1457121546, -57870.745107024326, -59374.88339839976, -67605.04157603283, -63983.79075333962, -72750.30139092224, -68499.87131355659, 0.078, 0.9560000000000001, -0.194, 192.0, 0.0, 0.0, 0.0, 0.0, 0.0, 0.0, 0.0, 0.0, 0.0, 1.741116414552375E9, 0.0, 2025-03-04 13:26:54.552
14.0, -66875.88296841181, -62275.06694496476, -57861.26796737528, -59370.45775299761, -67599.07366026327, -63976.14645673591, -72748.42384438799, -68490.95296751893, 0.08, 0.9580000000000001, -0.194, 192.0, 2.0, 128.0, 29.0, 240.0, 249.0, 240.0, 0.0, 0.0, 0.0, 1.741116414552399E9, 0.0, 2025-03-04 13:26:54.552
15.0, -66894.12199188734, -62221.35570303866, -57871.03567970225, -59364.93687211715, -67615.79276511584, -63993.06672728858, -72753.00595200133, -68512.3212352182, 0.08, 0.9580000000000001, -0.194, 192.0, 0.0, 0.0, 0.0, 0.0, 0.0, 0.0, 0.0, 0.0, 0.0, 1.741116414552423E9, 0.0, 2025-03-04 13:26:54.552
16.0, -66903.10739315837, -62201.149726051066, -57888.82766828867, -59377.65501471222, -67627.54978269932, -64006.79069838413, -72773.41309468902, -68540.70795067644, 0.08, 0.9580000000000001, -0.194, 192.0, 0.0, 0.0, 0.0, 0.0, 0.0, 0.0, 0.0, 0.0, 0.0, 1.741116414611324E9, 0.0, 2025-03-04 13:26:54.611
17.0, -66890.45630579666, -62244.31094459426, -57887.106583965615, -59385.79104969395, -67616.21744826049, -63998.11822153548, -72754.86114679113, -68512.2765317293, 0.08, 0.9580000000000001, -0.194, 192.0, 0.0, 0.0, 0.0, 0.0, 0.0, 0.0, 0.0, 0.0, 0.0, 1.741116414611374E9, 0.0, 2025-03-04 13:26:54.611
18.0, -66893.47379129814, -62289.48382013844, -57894.39325265805, -59402.308988846424, -67615.39043371564, -64002.29799774862, -72751.06135023372, -68508.23086598289, 0.08, 0.9580000000000001, -0.194, 192.0, 0.0, 0.0, 0.0, 0.0, 0.0, 0.0, 0.0, 0.0, 0.0, 1.7411164146114E9, 0.0, 2025-03-04 13:26:54.611
19.0, -66904.60496003687, -62253.162235398566, -57910.28534296577, -59408.522773805, -67630.34375075623, -64021.11816657999, -72764.33828644018, -68525.12878479109, 0.08, 0.9580000000000001, -0.194, 192.0, 0.0, 0.0, 0.0, 0.0, 0.0, 0.0, 0.0, 0.0, 0.0, 1.741116414611426E9, 0.0, 2025-03-04 13:26:54.611
20.0, -66898.07825065592, -62201.19442953997, -57912.74403485585, -59394.99996840954, -67629.00264608892, -64018.95004736782, -72761.09728349415, -68539.29979077575, 0.08, 0.9580000000000001, -0.194, 192.0, 0.0, 0.0, 0.0, 0.0, 0.0, 0.0, 0.0, 0.0, 0.0, 1.741116414611448E9, 0.0, 2025-03-04 13:26:54.611
21.0, -66892.31150058645, -62239.70648523647, -57912.833441833674, -59406.779337737484, -67620.19605877352, -64017.318370022585, -72753.11771072361, -68542.51844197731, 0.08, 0.9580000000000001, -0.194, 192.0, 0.0, 0.0, 0.0, 0.0, 0.0, 0.0, 0.0, 0.0, 0.0, 1.741116414611469E9, 0.0, 2025-03-04 13:26:54.611
22.0, -66896.84890471089, -62287.18159045954, -57916.23090699088, -59419.586887310375, -67620.12900354016, -64012.73626240925, -72760.60554511614, -68507.0238717823, 0.08, 0.9580000000000001, -0.194, 192.0, 0.0, 0.0, 0.0, 0.0, 0.0, 0.0, 0.0, 0.0, 0.0, 1.741116414611498E9, 0.0, 2025-03-04 13:26:54.611
23.0, -66899.30759660096, -62258.57135755675, -57909.72654935438, -59409.68506451668, -67613.5575906703, -64004.19789602732, -72752.55891711223, -68496.25033095483, 0.08, 0.9580000000000001, -0.194, 192.0, 0.0, 0.0, 0.0, 0.0, 0.0, 0.0, 0.0, 0.0, 0.0, 1.74111641461152E9, 0.0, 2025-03-04 13:26:54.611
24.0, -66910.32700661743, -62197.81931612722, -57909.10070050963, -59400.69966324564, -67621.67127390757, -64014.14442230993, -72735.63864655956, -68497.99376702234, 0.082, 0.9560000000000001, -0.196, 192.0, 2.0, 144.0, 29.0, 224.0, 249.0, 224.0, 0.0, 0.0, 0.0, 1.741116414611542E9, 0.0, 2025-03-04 13:26:54.611
25.0, -66899.91109370126, -62232.6880374775, -57909.167755743, -59410.10974766133, -67621.44775646302, -64012.93742810934, -72740.2207541729, -68499.80425832323, 0.082, 0.9560000000000001, -0.196, 192.0, 0.0, 0.0, 0.0, 0.0, 0.0, 0.0, 0.0, 0.0, 0.0, 1.74111641461157E9, 0.0, 2025-03-04 13:26:54.611
26.0, -66893.47379129814, -62281.97363400146, -57901.05407250572, -59410.04269242796, -67613.60229415921, -64005.986035583745, -72737.42678611599, -68503.78286883628, 0.082, 0.9560000000000001, -0.196, 192.0, 0.0, 0.0, 0.0, 0.0, 0.0, 0.0, 0.0, 0.0, 0.0, 1.741116414611592E9, 0.0, 2025-03-04 13:26:54.611
27.0, -66903.8450007254, -62272.31768039676, -57901.45640390592, -59403.96301793612, -67611.61298890269, -64006.58953268404, -72736.06332970421, -68503.29113045825, 0.082, 0.9560000000000001, -0.196, 192.0, 0.0, 0.0, 0.0, 0.0, 0.0, 0.0, 0.0, 0.0, 0.0, 1.741116414611617E9, 0.0, 2025-03-04 13:26:54.611
28.0, -66907.98007344962, -62212.8843918901, -57903.959799284916, -59395.06702364291, -67612.28354123635, -64009.31644550758, -72738.5220215943, -68505.70511885943, 0.082, 0.9560000000000001, -0.196, 192.0, 0.0, 0.0, 0.0, 0.0, 0.0, 0.0, 0.0, 0.0, 0.0, 1.741116414611639E9, 0.0, 2025-03-04 13:26:54.611
29.0, -66904.91788445925, -62226.161328096554, -57904.451537662935, -59397.771584721995, -67609.89190457964, -64008.66824491838, -72735.59394307065, -68507.62736888259, 0.082, 0.9560000000000001, -0.196, 192.0, 0.0, 0.0, 0.0, 0.0, 0.0, 0.0, 0.0, 0.0, 0.0, 1.741116414611663E9, 0.0, 2025-03-04 13:26:54.611
30.0, -66915.33379737542, -62287.270997437365, -57912.67697962248, -59410.57913429489, -67615.27867499336, -64017.00544560021, -72741.49480360685, -68519.29497948826, 0.082, 0.9560000000000001, -0.196, 192.0, 0.0, 0.0, 0.0, 0.0, 0.0, 0.0, 0.0, 0.0, 0.0, 1.741116414611685E9, 0.0, 2025-03-04 13:26:54.611
31.0, -66912.83040199643, -62297.50809639789, -57904.78681382976, -59405.1700121367, -67611.6576923916, -64017.38542525595, -72742.94766699645, -68511.2259997399, 0.082, 0.9560000000000001, -0.196, 192.0, 0.0, 0.0, 0.0, 0.0, 0.0, 0.0, 0.0, 0.0, 0.0, 1.741116414671153E9, 0.0, 2025-03-04 13:26:54.671
32.0, -66919.20064916619, -62232.84449968869, -57906.48554640837, -59400.61025626782, -67625.06873906478, -64029.276553306176, -72760.71730383842, -68525.28524700228, 0.082, 0.9560000000000001, -0.196, 192.0, 0.0, 0.0, 0.0, 0.0, 0.0, 0.0, 0.0, 0.0, 0.0, 1.741116414671202E9, 0.0, 2025-03-04 13:26:54.671
33.0, -66909.16471590576, -62234.5879357562, -57896.65077884803, -59397.838639955364, -67614.5634191708, -64020.738186924245, -72752.78243455678, -68516.61277015362, 0.082, 0.9560000000000001, -0.196, 192.0, 0.0, 0.0, 0.0, 0.0, 0.0, 0.0, 0.0, 0.0, 0.0, 1.741116414671228E9, 0.0, 2025-03-04 13:26:54.671
34.0, -66893.67495699823, -62278.531465355336, -57880.44576411793, -59393.81532595341, -67599.83361957474, -64008.89176236293, -72735.01279771481, -68500.13953449005, 0.082, 0.966, -0.198, 192.0, 2.0, 144.0, 30.0, 48.0, 249.0, 208.0, 0.0, 0.0, 0.0, 1.741116414671253E9, 0.0, 2025-03-04 13:26:54.671
35.0, -66887.21530285064, -62294.669424852065, -57871.102734935615, -59390.23904684056, -67594.89388405012, -63999.61578841398, -72732.39764361354, -68488.47192388438, 0.082, 0.966, -0.198, 192.0, 0.0, 0.0, 0.0, 0.0, 0.0, 0.0, 0.0, 0.0, 0.0, 1.741116414671277E9, 0.0, 2025-03-04 13:26:54.671
36.0, -66891.8421139529, -62228.195336841985, -57871.16979016898, -59381.85714266982, -67602.96286379849, -64001.783907626144, -72740.44427161745, -68500.13953449005, 0.082, 0.966, -0.198, 192.0, 0.0, 0.0, 0.0, 0.0, 0.0, 0.0, 0.0, 0.0, 0.0, 1.7411164146713E9, 0.0, 2025-03-04 13:26:54.671
37.0, -66901.96745419115, -62212.97379886792, -57882.32331065218, -59375.10691584431, -67613.5128871814, -64007.796526884624, -72746.99333274286, -68512.03066254029, 0.082, 0.966, -0.198, 192.0, 0.0, 0.0, 0.0, 0.0, 0.0, 0.0, 0.0, 0.0, 0.0, 1.741116414671329E9, 0.0, 2025-03-04 13:26:54.671
38.0, -66897.45240181117, -62263.06405819226, -57878.2105896724, -59377.163276334206, -67603.54400915433, -63997.40296571291, -72738.7678907833, -68502.08413625768, 0.082, 0.966, -0.198, 192.0, 0.0, 0.0, 0.0, 0.0, 0.0, 0.0, 0.0, 0.0, 0.0, 1.74111641467135E9, 0.0, 2025-03-04 13:26:54.671
39.0, -66897.67591925572, -62297.03870976433, -57875.93071173796, -59381.45481126962, -67599.20777072999, -63991.233884243244, -72735.34807388164, -68491.10942973012, 0.082, 0.966, -0.198, 192.0, 0.0, 0.0, 0.0, 0.0, 0.0, 0.0, 0.0, 0.0, 0.0, 1.741116414671372E9, 0.0, 2025-03-04 13:26:54.671
40.0, -66898.05589891147, -62245.83086321722, -57881.02690947377, -59373.877569899276, -67606.56149465579, -63997.179448268354, -72742.38887338506, -68510.71190961741, 0.082, 0.966, -0.198, 192.0, 0.0, 0.0, 0.0, 0.0, 0.0, 0.0, 0.0, 0.0, 0.0, 1.741116414671394E9, 0.0, 2025-03-04 13:26:54.671
41.0, -66900.51459080155, -62214.71723493544, -57883.686767063955, -59370.234235553056, -67605.91329406659, -63997.29120699063, -72741.11482395111, -68520.61373241112, 0.082, 0.966, -0.198, 192.0, 0.0, 0.0, 0.0, 0.0, 0.0, 0.0, 0.0, 0.0, 0.0, 1.741116414671414E9, 0.0, 2025-03-04 13:26:54.671
42.0, -66896.91595994425, -62261.834712247226, -57888.090060721646, -59383.17589559268, -67604.43807893254, -63995.771288367665, -72740.421919873, -68501.8159153242, 0.082, 0.966, -0.198, 192.0, 0.0, 0.0, 0.0, 0.0, 0.0, 0.0, 0.0, 0.0, 0.0, 1.741116414671439E9, 0.0, 2025-03-04 13:26:54.671
43.0, -66883.21434059314, -62293.73065158495, -57880.02108097328, -59382.19241883665, -67592.0552125043, -63985.57889289605, -72737.24797216034, -68498.95489203393, 0.082, 0.966, -0.198, 192.0, 0.0, 0.0, 0.0, 0.0, 0.0, 0.0, 0.0, 0.0, 0.0, 1.741116414671462E9, 0.0, 2025-03-04 13:26:54.671
44.0, -66896.8936081998, -62252.67049702055, -57895.19791545843, -59388.80853519542, -67608.61785514568, -64001.582741926046, -72746.21102168692, -68522.20070626745, 0.088, 0.964, -0.2, 192.0, 2.0, 192.0, 30.0, 32.0, 249.0, 192.0, 0.0, 0.0, 0.0, 1.741116414671486E9, 0.0, 2025-03-04 13:26:54.671
45.0, -66891.37272731934, -62207.34115926518, -57897.07546199268, -59386.0145671385, -67605.84623883323, -63988.99870979771, -72743.21588792991, -68501.48063915738, 0.088, 0.964, -0.2, 192.0, 0.0, 0.0, 0.0, 0.0, 0.0, 0.0, 0.0, 0.0, 0.0, 1.74111641467151E9, 0.0, 2025-03-04 13:26:54.671
46.0, -66880.95681440317, -62233.582107255716, -57890.258179933815, -59382.4159362812, -67594.26803520537, -63973.44189565682, -72746.25572517583, -68481.18525519196, 0.088, 0.964, -0.2, 192.0, 0.0, 0.0, 0.0, 0.0, 0.0, 0.0, 0.0, 0.0, 0.0, 1.741116414731447E9, 0.0, 2025-03-04 13:26:54.731
47.0, -66883.05787838195, -62280.58782584523, -57887.64302583254, -59386.26043632752, -67589.41770665857, -63969.37387816595, -72729.9613034679, -68475.8655400116, 0.088, 0.964, -0.2, 192.0, 0.0, 0.0, 0.0, 0.0, 0.0, 0.0, 0.0, 0.0, 0.0, 1.741116414731493E9, 0.0, 2025-03-04 13:26:54.731
48.0, -66900.64870126828, -62268.47318035045, -57900.42822366098, -59395.33524457637, -67604.0580992768, -63990.675090631856, -72720.10418416312, -68490.93061577447, 0.088, 0.964, -0.2, 192.0, 0.0, 0.0, 0.0, 0.0, 0.0, 0.0, 0.0, 0.0, 0.0, 1.741116414731515E9, 0.0, 2025-03-04 13:26:54.731
49.0, -66919.37946312183, -62223.143842595084, -57912.25229647783, -59394.28471258697, -67616.57507617176, -64002.47681170426, -72738.54437333875, -68505.72747060389, 0.088, 0.964, -0.2, 192.0, 0.0, 0.0, 0.0, 0.0, 0.0, 0.0, 0.0, 0.0, 0.0, 1.741116414731544E9, 0.0, 2025-03-04 13:26:54.731
50.0, -66912.15984966277, -62250.12239815264, -57905.32325569669, -59395.15643062073, -67605.33214871075, -63991.81502959908, -72729.58132381218, -68495.22215070989, 0.088, 0.964, -0.2, 192.0, 0.0, 0.0, 0.0, 0.0, 0.0, 0.0, 0.0, 0.0, 0.0, 1.741116414731565E9, 0.0, 2025-03-04 13:26:54.731
51.0, -66902.81682048045, -62295.22821846345, -57910.93354355497, -59404.65592201423, -67614.04932904831, -63999.682843647344, -72734.81163201471, -68504.7663455923, 0.088, 0.964, -0.2, 192.0, 0.0, 0.0, 0.0, 0.0, 0.0, 0.0, 0.0, 0.0, 0.0, 1.741116414731587E9, 0.0, 2025-03-04 13:26:54.731
52.0, -66901.72158500215, -62280.92310201206, -57911.671151122, -59404.47710805859, -67621.80538437431, -64005.82957337255, -72740.71249255091, -68507.6720723715, 0.088, 0.964, -0.2, 192.0, 0.0, 0.0, 0.0, 0.0, 0.0, 0.0, 0.0, 0.0, 0.0, 1.741116414731616E9, 0.0, 2025-03-04 13:26:54.731
53.0, -66902.25802686907, -62214.71723493544, -57910.84413657715, -59401.23610511257, -67621.89479135213, -64006.63423617295, -72742.50063210735, -68504.25225546984, 0.088, 0.964, -0.2, 192.0, 0.0, 0.0, 0.0, 0.0, 0.0, 0.0, 0.0, 0.0, 0.0, 1.741116414731637E9, 0.0, 2025-03-04 13:26:54.731
54.0, -66889.47282904063, -62217.779423925815, -57901.143479483544, -59391.40133755223, -67604.54983765482, -63995.03368080064, -72734.69987329244, -68500.09483100114, 0.08600000000000001, 0.96, -0.20600000000000002, 192.0, 2.0, 176.0, 30.0, 0.0, 249.0, 144.0, 0.0, 0.0, 0.0, 1.741116414731658E9, 0.0, 2025-03-04 13:26:54.731
55.0, -66897.51945704455, -62267.4450001055, -57909.7712528433, -59401.07964290138, -67614.54106742634, -64011.41750948638, -72750.92723976698, -68519.92082833301, 0.08600000000000001, 0.96, -0.20600000000000002, 192.0, 0.0, 0.0, 0.0, 0.0, 0.0, 0.0, 0.0, 0.0, 0.0, 1.741116414731682E9, 0.0, 2025-03-04 13:26:54.731
56.0, -66899.17348613424, -62278.57616884425, -57910.35239819913, -59405.61704702581, -67621.38070122966, -64015.26200953269, -72757.56570787022, -68527.52042144781, 0.08600000000000001, 0.96, -0.20600000000000002, 192.0, 0.0, 0.0, 0.0, 0.0, 0.0, 0.0, 0.0, 0.0, 0.0, 1.741116414731702E9, 0.0, 2025-03-04 13:26:54.731
57.0, -66893.04910815349, -62209.26340928834, -57896.963703270405, -59386.863933427805, -67616.17274477157, -64008.712948407294, -72749.36261765512, -68523.38534872358, 0.08600000000000001, 0.96, -0.20600000000000002, 192.0, 0.0, 0.0, 0.0, 0.0, 0.0, 0.0, 0.0, 0.0, 0.0, 1.741116414731727E9, 0.0, 2025-03-04 13:26:54.731
58.0, -66897.51945704455, -62206.89412437608, -57897.50014513733, -59388.98734915106, -67619.88313435116, -64005.360186738995, -72745.56282109772, -68506.06274677071, 0.08600000000000001, 0.96, -0.20600000000000002, 192.0, 0.0, 0.0, 0.0, 0.0, 0.0, 0.0, 0.0, 0.0, 0.0, 1.741116414731748E9, 0.0, 2025-03-04 13:26:54.731
59.0, -66891.59624476389, -62252.15640689807, -57888.425336888475, -59384.986386893564, -67616.5080209384, -63994.69840463381, -72740.75719603982, -68489.96949076289, 0.08600000000000001, 0.96, -0.20600000000000002, 192.0, 0.0, 0.0, 0.0, 0.0, 0.0, 0.0, 0.0, 0.0, 0.0, 1.74111641473177E9, 0.0, 2025-03-04 13:26:54.731
60.0, -66886.8353231949, -62278.64322407761, -57886.614845587595, -59389.74730846254, -67620.33016924026, -64003.01325357119, -72741.31598965121, -68497.14440073304, 0.08600000000000001, 0.96, -0.20600000000000002, 192.0, 0.0, 0.0, 0.0, 0.0, 0.0, 0.0, 0.0, 0.0, 0.0, 1.741116414731795E9, 0.0, 2025-03-04 13:26:54.731
61.0, -66878.96750914663, -62217.24298205889, -57881.49629610733, -59385.47812527158, -67623.54882044182, -64008.087099562545, -72743.39470188555, -68508.7226043609, 0.08600000000000001, 0.96, -0.20600000000000002, 192.0, 0.0, 0.0, 0.0, 0.0, 0.0, 0.0, 0.0, 0.0, 0.0, 1.741116414791833E9, 0.0, 2025-03-04 13:26:54.791
62.0, -66870.00445962006, -62192.09726954666, -57876.60126407162, -59382.013604881, -67615.27867499336, -64002.16388728189, -72744.2217164304, -68514.8246305972, 0.08600000000000001, 0.96, -0.20600000000000002, 192.0, 0.0, 0.0, 0.0, 0.0, 0.0, 0.0, 0.0, 0.0, 0.0, 1.741116414791881E9, 0.0, 2025-03-04 13:26:54.791
63.0, -66864.77415141751, -62235.21378460095, -57873.42731635897, -59388.272093328495, -67609.3554627127, -63994.027852300154, -72736.95739948242, -68497.5690838777, 0.08600000000000001, 0.96, -0.20600000000000002, 192.0, 0.0, 0.0, 0.0, 0.0, 0.0, 0.0, 0.0, 0.0, 0.0, 1.741116414791904E9, 0.0, 2025-03-04 13:26:54.791
64.0, -66864.66239269525, -62268.07084895025, -57872.577950069666, -59389.47908752908, -67612.44000344754, -63992.507933677196, -72730.74361452385, -68477.69838305692, 0.084, 0.966, -0.198, 192.0, 2.0, 160.0, 30.0, 48.0, 249.0, 208.0, 0.0, 0.0, 0.0, 1.741116414791943E9, 0.0, 2025-03-04 13:26:54.791
65.0, -66872.26198581005, -62218.628790215116, -57872.39913611402, -59384.69581421564, -67618.43027096156, -63996.33008197905, -72737.60560007162, -68494.88687454307, 0.084, 0.966, -0.198, 192.0, 0.0, 0.0, 0.0, 0.0, 0.0, 0.0, 0.0, 0.0, 0.0, 1.741116414791967E9, 0.0, 2025-03-04 13:26:54.791
66.0, -66869.7362386866, -62185.63761539908, -57877.048298960726, -59385.79104969395, -67623.10178555272, -64001.98507332624, -72739.79607102825, -68505.54865664824, 0.084, 0.966, -0.198, 192.0, 0.0, 0.0, 0.0, 0.0, 0.0, 0.0, 0.0, 0.0, 0.0, 1.741116414791989E9, 0.0, 2025-03-04 13:26:54.791
67.0, -66856.99574434706, -62230.296400820785, -57873.13674368105, -59392.49657303054, -67614.45166044851, -63999.16875352487, -72724.57453305418, -68495.24450245434, 0.084, 0.966, -0.198, 192.0, 0.0, 0.0, 0.0, 0.0, 0.0, 0.0, 0.0, 0.0, 0.0, 1.741116414792013E9, 0.0, 2025-03-04 13:26:54.792
68.0, -66859.00740134805, -62271.445962363, -57870.4098308575, -59393.05536664193, -67611.03184354685, -63995.30190173411, -72724.2616086318, -68492.69640358644, 0.084, 0.966, -0.198, 192.0, 0.0, 0.0, 0.0, 0.0, 0.0, 0.0, 0.0, 0.0, 0.0, 1.741116414792038E9, 0.0, 2025-03-04 13:26:54.792
69.0, -66870.20562532016, -62239.21474685845, -57874.679014048466, -59397.011625410516, -67616.21744826049, -64005.606055928, -72722.60757954212, -68501.90532230203, 0.084, 0.966, -0.198, 192.0, 0.0, 0.0, 0.0, 0.0, 0.0, 0.0, 0.0, 0.0, 0.0, 1.741116414792059E9, 0.0, 2025-03-04 13:26:54.792
70.0, -66868.81981716392, -62191.96315907993, -57870.052202946215, -59392.250703841535, -67613.87051509268, -63999.79460236962, -72717.80195448422, -68486.95200526142, 0.084, 0.966, -0.198, 192.0, 0.0, 0.0, 0.0, 0.0, 0.0, 0.0, 0.0, 0.0, 0.0, 1.741116414792081E9, 0.0, 2025-03-04 13:26:54.792
71.0, -66863.99184036157, -62228.24004033089, -57865.40304009951, -59399.40326206724, -67605.84623883323, -63993.87139008896, -72720.57357079668, -68481.54288310325, 0.084, 0.966, -0.198, 192.0, 0.0, 0.0, 0.0, 0.0, 0.0, 0.0, 0.0, 0.0, 0.0, 1.741116414792104E9, 0.0, 2025-03-04 13:26:54.792
72.0, -66853.7770931455, -62269.14373268411, -57854.98712718334, -59387.623892739284, -67595.40797417259, -63983.9025120619, -72709.2635881023, -68472.64688881004, 0.084, 0.966, -0.198, 192.0, 0.0, 0.0, 0.0, 0.0, 0.0, 0.0, 0.0, 0.0, 0.0, 1.741116414792136E9, 0.0, 2025-03-04 13:26:54.792
73.0, -66848.97146808762, -62241.71814223745, -57851.83553121514, -59382.30417755892, -67597.15141024011, -63988.797544097615, -72700.97109090938, -68476.84901676762, 0.084, 0.966, -0.198, 192.0, 0.0, 0.0, 0.0, 0.0, 0.0, 0.0, 0.0, 0.0, 0.0, 1.741116414792157E9, 0.0, 2025-03-04 13:26:54.792
74.0, -66861.10846532685, -62190.62205441261, -57859.278662118755, -59377.65501471222, -67604.43807893254, -63997.604131413005, -72702.49100953234, -68484.82858953817, 0.082, 0.964, -0.198, 192.0, 2.0, 144.0, 30.0, 32.0, 249.0, 208.0, 0.0, 0.0, 0.0, 1.741116414792179E9, 0.0, 2025-03-04 13:26:54.792
75.0, -66868.99863111957, -62216.55007798077, -57865.17952265496, -59380.09135485785, -67604.16985799908, -63998.654663402405, -72706.78254446776, -68487.667261084, 0.082, 0.964, -0.198, 192.0, 0.0, 0.0, 0.0, 0.0, 0.0, 0.0, 0.0, 0.0, 0.0, 1.741116414792206E9, 0.0, 2025-03-04 13:26:54.792
76.0, -66872.82077942142, -62275.98336648743, -57869.292243634736, -59402.28663710197, -67601.28648296434, -64005.76251813919, -72705.10616363361, -68489.74597331834, 0.082, 0.964, -0.198, 192.0, 0.0, 0.0, 0.0, 0.0, 0.0, 0.0, 0.0, 0.0, 0.0, 1.74111641485204E9, 0.0, 2025-03-04 13:26:54.852
77.0, -66872.2843375545, -62271.42361061855, -57868.17465641197, -59397.41395681071, -67600.7053376085, -64004.13084079395, -72707.09546889013, -68481.85580752562, 0.082, 0.964, -0.198, 192.0, 0.0, 0.0, 0.0, 0.0, 0.0, 0.0, 0.0, 0.0, 0.0, 1.741116414852091E9, 0.0, 2025-03-04 13:26:54.852
78.0, -66875.68180271171, -62206.73766216489, -57864.46426683239, -59379.599616479834, -67598.64897711862, -63999.52638143616, -72703.6085967551, -68480.58175809166, 0.082, 0.964, -0.198, 192.0, 0.0, 0.0, 0.0, 0.0, 0.0, 0.0, 0.0, 0.0, 0.0, 1.741116414852113E9, 0.0, 2025-03-04 13:26:54.852
79.0, -66879.12397135783, -62220.707502449455, -57864.173694154466, -59377.90088390123, -67590.8035148148, -63991.63621564343, -72696.07605887366, -68475.32909814466, 0.082, 0.964, -0.198, 192.0, 0.0, 0.0, 0.0, 0.0, 0.0, 0.0, 0.0, 0.0, 0.0, 1.741116414852145E9, 0.0, 2025-03-04 13:26:54.852
80.0, -66867.94809913017, -62265.455694848984, -57852.774304482264, -59376.738593189555, -67578.86768327566, -63982.96373879478, -72681.90505288901, -68461.62747879357, 0.082, 0.964, -0.198, 192.0, 0.0, 0.0, 0.0, 0.0, 0.0, 0.0, 0.0, 0.0, 0.0, 1.741116414852167E9, 0.0, 2025-03-04 13:26:54.852
81.0, -66866.89756714077, -62270.9989274739, -57849.93563293644, -59368.624909952276, -67582.33220366624, -63984.036622528634, -72689.79521868173, -68472.62453706558, 0.082, 0.964, -0.198, 192.0, 0.0, 0.0, 0.0, 0.0, 0.0, 0.0, 0.0, 0.0, 0.0, 1.741116414852189E9, 0.0, 2025-03-04 13:26:54.852
82.0, -66891.21626510815, -62219.34404603768, -57873.13674368105, -59375.41984026669, -67610.69656738003, -64008.511782707195, -72716.63966377254, -68498.28433970027, 0.082, 0.964, -0.198, 192.0, 0.0, 0.0, 0.0, 0.0, 0.0, 0.0, 0.0, 0.0, 0.0, 1.741116414852214E9, 0.0, 2025-03-04 13:26:54.852
83.0, -66872.03846836548, -62212.30324653426, -57865.06776393268, -59374.279901299466, -67597.71020385149, -63997.29120699063, -72711.94579743693, -68480.9170342585, 0.082, 0.964, -0.198, 192.0, 0.0, 0.0, 0.0, 0.0, 0.0, 0.0, 0.0, 0.0, 0.0, 1.741116414852239E9, 0.0, 2025-03-04 13:26:54.852
84.0, -66867.97045087462, -62254.01160168787, -57863.01140344279, -59373.40818326571, -67596.34674743972, -63991.83738134353, -72733.96226572541, -68472.49042659884, 0.082, 0.96, -0.198, 192.0, 2.0, 144.0, 30.0, 0.0, 249.0, 208.0, 0.0, 0.0, 0.0, 1.741116414852261E9, 0.0, 2025-03-04 13:26:54.852
85.0, -66854.3805902458, -62274.9998897314, -57849.66741200297, -59373.11761058779, -67585.57320661226, -63983.544884150615, -72714.04686141573, -68477.29605165674, 0.082, 0.96, -0.198, 192.0, 0.0, 0.0, 0.0, 0.0, 0.0, 0.0, 0.0, 0.0, 0.0, 1.741116414852284E9, 0.0, 2025-03-04 13:26:54.852
86.0, -66854.11236931234, -62211.29741803377, -57841.933708421435, -59361.51705521549, -67583.449790889, -63990.38451795394, -72686.5542157357, -68484.98505174936, 0.082, 0.96, -0.198, 192.0, 0.0, 0.0, 0.0, 0.0, 0.0, 0.0, 0.0, 0.0, 0.0, 1.741116414852306E9, 0.0, 2025-03-04 13:26:54.852
87.0, -66868.59629971937, -62195.11475504813, -57852.439028315435, -59370.18953206415, -67590.44588690352, -63997.02298605716, -72702.20043685441, -68480.53705460276, 0.082, 0.96, -0.198, 192.0, 0.0, 0.0, 0.0, 0.0, 0.0, 0.0, 0.0, 0.0, 0.0, 1.741116414852331E9, 0.0, 2025-03-04 13:26:54.852
88.0, -66862.00253510506, -62240.39938931458, -57847.253423601804, -59373.20701756561, -67581.08050597674, -63986.42825918535, -72685.21311106838, -68465.82960675115, 0.082, 0.96, -0.198, 192.0, 0.0, 0.0, 0.0, 0.0, 0.0, 0.0, 0.0, 0.0, 0.0, 1.741116414852353E9, 0.0, 2025-03-04 13:26:54.852
89.0, -66855.16290130174, -62277.57034034376, -57845.442932300924, -59379.55491299092, -67578.06302047528, -63988.12699176395, -72685.21311106838, -68473.1609789325, 0.082, 0.96, -0.198, 192.0, 0.0, 0.0, 0.0, 0.0, 0.0, 0.0, 0.0, 0.0, 0.0, 1.741116414852374E9, 0.0, 2025-03-04 13:26:54.852
90.0, -66856.3251920134, -62230.586973498706, -57844.25828984479, -59374.52577048848, -67581.5498926103, -63992.060898788084, -72698.5123990193, -68466.38840036254, 0.082, 0.96, -0.198, 192.0, 0.0, 0.0, 0.0, 0.0, 0.0, 0.0, 0.0, 0.0, 0.0, 1.741116414852399E9, 0.0, 2025-03-04 13:26:54.852
91.0, -66866.04820085147, -62197.12641204911, -57850.65088875901, -59375.956282133615, -67586.7578490684, -63999.213457013786, -72713.08573640416, -68477.20664467891, 0.082, 0.96, -0.198, 192.0, 0.0, 0.0, 0.0, 0.0, 0.0, 0.0, 0.0, 0.0, 0.0, 1.741116414912435E9, 0.0, 2025-03-04 13:26:54.912
92.0, -66854.782921646, -62240.86877594815, -57844.99589741181, -59381.41010778071, -67573.52561635085, -63993.111430777484, -72689.75051519282, -68471.57400507618, 0.082, 0.96, -0.198, 192.0, 0.0, 0.0, 0.0, 0.0, 0.0, 0.0, 0.0, 0.0, 0.0, 1.741116414912485E9, 0.0, 2025-03-04 13:26:54.912
93.0, -66859.4320844927, -62285.90754102559, -57850.22620561436, -59390.015529396005, -67579.2476629314, -63996.9559308238, -72695.13728560654, -68484.15803720451, 0.082, 0.96, -0.198, 192.0, 0.0, 0.0, 0.0, 0.0, 0.0, 0.0, 0.0, 0.0, 0.0, 1.741116414912508E9, 0.0, 2025-03-04 13:26:54.912
94.0, -66876.28529981199, -62261.29827038029, -57866.051240688714, -59397.32454983289, -67597.66550036258, -64009.85288737451, -72718.18193413997, -68501.43593566847, 0.088, 0.9480000000000001, -0.202, 192.0, 2.0, 192.0, 29.0, 160.0, 249.0, 176.0, 0.0, 0.0, 0.0, 1.741116414912534E9, 0.0, 2025-03-04 13:26:54.912
95.0, -66868.52924448601, -62208.39169125458, -57864.59837729912, -59383.19824733714, -67595.09504975022, -64003.99673032722, -72716.68436726146, -68497.14440073304, 0.088, 0.9480000000000001, -0.202, 192.0, 0.0, 0.0, 0.0, 0.0, 0.0, 0.0, 0.0, 0.0, 0.0, 1.741116414912562E9, 0.0, 2025-03-04 13:26:54.912
96.0, -66861.39903800476, -62236.59959275718, -57859.345717352124, -59374.25754955501, -67587.13782872412, -63992.23971274373, -72707.85542820161, -68485.43208663847, 0.088, 0.9480000000000001, -0.202, 192.0, 0.0, 0.0, 0.0, 0.0, 0.0, 0.0, 0.0, 0.0, 0.0, 1.741116414912583E9, 0.0, 2025-03-04 13:26:54.912
97.0, -66862.67308743871, -62282.75594505739, -57857.13289465105, -59378.25851181251, -67583.87447403366, -63982.74022135022, -72698.44534378593, -68469.3611823751, 0.088, 0.9480000000000001, -0.202, 192.0, 0.0, 0.0, 0.0, 0.0, 0.0, 0.0, 0.0, 0.0, 0.0, 1.741116414912605E9, 0.0, 2025-03-04 13:26:54.912
98.0, -66880.64388998078, -62268.62964256164, -57867.459400589396, -59384.338186304354, -67598.96190154098, -63994.43018370035, -72711.5658177812, -68485.47679012737, 0.088, 0.9480000000000001, -0.202, 192.0, 0.0, 0.0, 0.0, 0.0, 0.0, 0.0, 0.0, 0.0, 0.0, 1.741116414912633E9, 0.0, 2025-03-04 13:26:54.912
99.0, -66885.76243946105, -62221.31099954975, -57882.92680775247, -59392.49657303054, -67615.68100639356, -64012.02100658668, -72728.93312322296, -68507.0685752712, 0.088, 0.9480000000000001, -0.202, 192.0, 0.0, 0.0, 0.0, 0.0, 0.0, 0.0, 0.0, 0.0, 0.0, 1.741116414912655E9, 0.0, 2025-03-04 13:26:54.912
100.0, -66863.45539849465, -62232.241002588395, -57865.224226143866, -59376.49272400054, -67591.6528811041, -63991.12212552097, -72707.92248343497, -68487.17552270598, 0.088, 0.9480000000000001, -0.202, 192.0, 0.0, 0.0, 0.0, 0.0, 0.0, 0.0, 0.0, 0.0, 0.0, 1.741116414912676E9, 0.0, 2025-03-04 13:26:54.912
101.0, -66858.47095948111, -62279.8502182782, -57861.379726097555, -59386.08162237187, -67586.44492464601, -63995.32425347856, -72701.44047754294, -68477.87719701257, 0.088, 0.9480000000000001, -0.202, 192.0, 0.0, 0.0, 0.0, 0.0, 0.0, 0.0, 0.0, 0.0, 0.0, 1.741116414912698E9, 0.0, 2025-03-04 13:26:54.912
102.0, -66856.99574434706, -62278.240892677415, -57859.144551652025, -59386.70747121662, -67585.21557870097, -64002.85679136, -72693.01386988329, -68479.0618394687, 0.088, 0.9480000000000001, -0.202, 192.0, 0.0, 0.0, 0.0, 0.0, 0.0, 0.0, 0.0, 0.0, 0.0, 1.74111641491272E9, 0.0, 2025-03-04 13:26:54.912
103.0, -66869.42331426422, -62212.683226190005, -57867.86173198959, -59377.297386800936, -67598.69368060752, -64013.876201376464, -72709.21888461338, -68490.52828437428, 0.088, 0.9480000000000001, -0.202, 192.0, 0.0, 0.0, 0.0, 0.0, 0.0, 0.0, 0.0, 0.0, 0.0, 1.741116414912744E9, 0.0, 2025-03-04 13:26:54.912
104.0, -66860.9296513712, -62219.12052859313, -57864.866598232584, -59369.31781403039, -67589.21654095847, -64004.39906172742, -72698.66886123049, -68479.62063308009, 0.082, 0.962, -0.2, 192.0, 2.0, 144.0, 30.0, 16.0, 249.0, 192.0, 0.0, 0.0, 0.0, 1.741116414912766E9, 0.0, 2025-03-04 13:26:54.912
105.0, -66842.22124126212, -62258.12432266764, -57849.75681898079, -59359.79597089243, -67572.43038087254, -63987.99288129722, -72680.02750635476, -68465.4049236065, 0.082, 0.962, -0.2, 192.0, 0.0, 0.0, 0.0, 0.0, 0.0, 0.0, 0.0, 0.0, 0.0, 1.741116414912792E9, 0.0, 2025-03-04 13:26:54.912
106.0, -66857.75570365855, -62269.9483954845, -57858.94338595193, -59361.628813937765, -67585.14852346761, -63995.68188138985, -72692.81270418319, -68477.07253421219, 0.082, 0.962, -0.2, 192.0, 0.0, 0.0, 0.0, 0.0, 0.0, 0.0, 0.0, 0.0, 0.0, 1.741116414971726E9, 0.0, 2025-03-04 13:26:54.971
107.0, -66867.36695377433, -62210.80567965576, -57865.224226143866, -59353.3586684893, -67595.49738115042, -64000.66632040338, -72706.26845434529, -68483.04044998175, 0.082, 0.962, -0.2, 192.0, 0.0, 0.0, 0.0, 0.0, 0.0, 0.0, 0.0, 0.0, 0.0, 1.741116414971752E9, 0.0, 2025-03-04 13:26:54.971
108.0, -66860.75083741556, -62202.31201676274, -57860.68682201944, -59349.670630654175, -67587.27193919086, -63989.557503409094, -72703.47448628837, -68476.64785106754, 0.082, 0.962, -0.2, 192.0, 0.0, 0.0, 0.0, 0.0, 0.0, 0.0, 0.0, 0.0, 0.0, 1.74111641497178E9, 0.0, 2025-03-04 13:26:54.971
109.0, -66857.68864842519, -62253.45280807648, -57856.68585976194, -59357.04670632443, -67580.96874725446, -63987.36703245247, -72695.83018968465, -68482.34754590363, 0.082, 0.962, -0.2, 192.0, 0.0, 0.0, 0.0, 0.0, 0.0, 0.0, 0.0, 0.0, 0.0, 1.741116414971806E9, 0.0, 2025-03-04 13:26:54.971
110.0, -66872.32904104341, -62290.08731723873, -57861.379726097555, -59371.79885766493, -67586.5566833683, -63998.632311657944, -72703.87681768856, -68496.27268269929, 0.082, 0.962, -0.2, 192.0, 0.0, 0.0, 0.0, 0.0, 0.0, 0.0, 0.0, 0.0, 0.0, 1.741116414971833E9, 0.0, 2025-03-04 13:26:54.971
111.0, -66859.78971240399, -62226.04956937428, -57851.366144581574, -59356.3090987574, -67583.09216297771, -63991.9044365769, -72701.39577405404, -68474.54678708874, 0.082, 0.962, -0.2, 192.0, 0.0, 0.0, 0.0, 0.0, 0.0, 0.0, 0.0, 0.0, 0.0, 1.741116414971854E9, 0.0, 2025-03-04 13:26:54.971
112.0, -66856.36989550233, -62191.694938146466, -57849.846225958616, -59354.54331094543, -67580.32054666526, -63994.05020404461, -72696.9030734185, -68486.23674943886, 0.082, 0.962, -0.2, 192.0, 0.0, 0.0, 0.0, 0.0, 0.0, 0.0, 0.0, 0.0, 0.0, 1.741116414971875E9, 0.0, 2025-03-04 13:26:54.971
113.0, -66865.40000026226, -62245.182662628016, -57861.871464475575, -59381.23129382507, -67586.4002211571, -64007.036567573145, -72710.1129543916, -68490.57298786318, 0.082, 0.962, -0.2, 192.0, 0.0, 0.0, 0.0, 0.0, 0.0, 0.0, 0.0, 0.0, 0.0, 1.741116414971903E9, 0.0, 2025-03-04 13:26:54.971
114.0, -66864.7294479286, -62284.72289856946, -57860.910339464, -59389.14381136225, -67583.06981123326, -64003.549695438116, -72714.38213758256, -68482.77222904828, 0.08600000000000001, 0.962, -0.20400000000000001, 192.0, 2.0, 176.0, 30.0, 16.0, 249.0, 160.0, 0.0, 0.0, 0.0, 1.741116414971928E9, 0.0, 2025-03-04 13:26:54.971
115.0, -66865.28824154, -62237.31484857975, -57858.31753710718, -59387.221561339094, -67582.08633447724, -64004.309654749595, -72711.43170731446, -68486.75083956133, 0.08600000000000001, 0.962, -0.20400000000000001, 192.0, 0.0, 0.0, 0.0, 0.0, 0.0, 0.0, 0.0, 0.0, 0.0, 1.741116414971952E9, 0.0, 2025-03-04 13:26:54.971
116.0, -66865.17648281771, -62202.42377548502, -57863.86076973209, -59392.47422128609, -67585.88613103464, -64010.6575501749, -72710.04589915823, -68497.01029026632, 0.08600000000000001, 0.962, -0.20400000000000001, 192.0, 0.0, 0.0, 0.0, 0.0, 0.0, 0.0, 0.0, 0.0, 0.0, 1.741116414971973E9, 0.0, 2025-03-04 13:26:54.971
117.0, -66869.0880380974, -62246.03202891732, -57867.459400589396, -59404.9241429477, -67585.5061513789, -64010.52343970817, -72702.37925081006, -68487.22022619488, 0.08600000000000001, 0.962, -0.20400000000000001, 192.0, 0.0, 0.0, 0.0, 0.0, 0.0, 0.0, 0.0, 0.0, 0.0, 1.741116414971994E9, 0.0, 2025-03-04 13:26:54.971
118.0, -66877.82757017942, -62297.01635801988, -57873.94140648144, -59413.41780584071, -67592.12226773766, -64019.73235842376, -72708.30246309072, -68501.413583924, 0.08600000000000001, 0.962, -0.20400000000000001, 192.0, 0.0, 0.0, 0.0, 0.0, 0.0, 0.0, 0.0, 0.0, 0.0, 1.741116414972019E9, 0.0, 2025-03-04 13:26:54.972
119.0, -66879.19102659119, -62272.22827341894, -57871.4603628469, -59409.39449183876, -67591.16114272608, -64021.162870068896, -72713.33160559316, -68506.93446480446, 0.08600000000000001, 0.962, -0.20400000000000001, 192.0, 0.0, 0.0, 0.0, 0.0, 0.0, 0.0, 0.0, 0.0, 0.0, 1.741116414972041E9, 0.0, 2025-03-04 13:26:54.972
120.0, -66872.53020674351, -62212.057377345256, -57860.57506329716, -59395.111727131814, -67583.56154961129, -64012.02100658668, -72714.56095153821, -68495.98211002137, 0.08600000000000001, 0.962, -0.20400000000000001, 192.0, 0.0, 0.0, 0.0, 0.0, 0.0, 0.0, 0.0, 0.0, 0.0, 1.741116414972066E9, 0.0, 2025-03-04 13:26:54.972
121.0, -66867.21049156315, -62237.24779334638, -57847.320478835165, -59386.729822961075, -67572.38567738363, -63999.99576806972, -72693.59501523913, -68470.18819691995, 0.08600000000000001, 0.962, -0.20400000000000001, 192.0, 0.0, 0.0, 0.0, 0.0, 0.0, 0.0, 0.0, 0.0, 0.0, 1.741116415031488E9, 0.0, 2025-03-04 13:26:55.031
122.0, -66879.2357300801, -62288.99208176042, -57850.762647481286, -59392.76479396401, -67579.22531118695, -64001.85096285951, -72695.5619687512, -68478.12306620157, 0.08600000000000001, 0.962, -0.20400000000000001, 192.0, 0.0, 0.0, 0.0, 0.0, 0.0, 0.0, 0.0, 0.0, 0.0, 1.741116415031521E9, 0.0, 2025-03-04 13:26:55.031
123.0, -66871.92670964322, -62276.13982869862, -57846.02407765676, -59395.80463120993, -67579.31471816477, -64007.28243676215, -72702.98274791036, -68492.71875533089, 0.08600000000000001, 0.962, -0.20400000000000001, 192.0, 0.0, 0.0, 0.0, 0.0, 0.0, 0.0, 0.0, 0.0, 0.0, 1.74111641503156E9, 0.0, 2025-03-04 13:26:55.031
124.0, -66879.19102659119, -62213.443185501485, -57850.15915038099, -59383.53352350397, -67587.4507531465, -64008.17650654036, -72716.88553296156, -68489.99184250736, 0.082, 0.962, -0.20600000000000002, 192.0, 2.0, 144.0, 30.0, 16.0, 249.0, 144.0, 0.0, 0.0, 0.0, 1.741116415031586E9, 0.0, 2025-03-04 13:26:55.031
125.0, -66875.57004398943, -62228.396502542084, -57847.92397593546, -59375.08456409986, -67578.95709025349, -63993.64787264441, -72702.20043685441, -68478.68185981296, 0.082, 0.962, -0.20600000000000002, 192.0, 0.0, 0.0, 0.0, 0.0, 0.0, 0.0, 0.0, 0.0, 0.0, 1.741116415031614E9, 0.0, 2025-03-04 13:26:55.031
126.0, -66879.12397135783, -62281.124267712155, -57856.417638828476, -59389.07675612888, -67583.87447403366, -63997.939407579834, -72721.60175104163, -68493.07638324218, 0.082, 0.962, -0.20600000000000002, 192.0, 0.0, 0.0, 0.0, 0.0, 0.0, 0.0, 0.0, 0.0, 0.0, 1.741116415031636E9, 0.0, 2025-03-04 13:26:55.031
127.0, -66885.3377563164, -62282.8006485463, -57862.31849936468, -59391.02135789649, -67591.71993633747, -63999.66049190289, -72732.0176639578, -68492.24936869733, 0.082, 0.962, -0.20600000000000002, 192.0, 0.0, 0.0, 0.0, 0.0, 0.0, 0.0, 0.0, 0.0, 0.0, 1.741116415031657E9, 0.0, 2025-03-04 13:26:55.031
128.0, -66881.82853243692, -62210.02336859982, -57860.038621430234, -59373.63170071026, -67591.25054970391, -63998.60995991349, -72704.56972176669, -68491.19883670793, 0.082, 0.962, -0.20600000000000002, 192.0, 0.0, 0.0, 0.0, 0.0, 0.0, 0.0, 0.0, 0.0, 0.0, 1.741116415031685E9, 0.0, 2025-03-04 13:26:55.031
129.0, -66879.92863415822, -62209.97866511091, -57861.804409242206, -59372.469409998586, -67587.4060496576, -63996.08421279004, -72687.42593376947, -68490.01419425181, 0.082, 0.962, -0.20600000000000002, 192.0, 0.0, 0.0, 0.0, 0.0, 0.0, 0.0, 0.0, 0.0, 0.0, 1.741116415031707E9, 0.0, 2025-03-04 13:26:55.031
130.0, -66870.56325323143, -62254.972726699445, -57855.79178998373, -59370.10012508633, -67580.54406410981, -63988.68578537534, -72693.12562860556, -68489.74597331834, 0.082, 0.962, -0.20600000000000002, 192.0, 0.0, 0.0, 0.0, 0.0, 0.0, 0.0, 0.0, 0.0, 0.0, 1.741116415031729E9, 0.0, 2025-03-04 13:26:55.031
131.0, -66871.21145382065, -62267.24383440541, -57856.81997022867, -59368.66961344119, -67589.37300316966, -63993.692576133326, -72707.49780029032, -68487.42139189498, 0.082, 0.962, -0.20600000000000002, 192.0, 0.0, 0.0, 0.0, 0.0, 0.0, 0.0, 0.0, 0.0, 0.0, 1.74111641503175E9, 0.0, 2025-03-04 13:26:55.031
132.0, -66872.75372418806, -62200.97091209542, -57857.803446984704, -59359.05836332541, -67595.29621545032, -63994.27372148916, -72720.05948067422, -68482.59341509265, 0.082, 0.962, -0.20600000000000002, 192.0, 0.0, 0.0, 0.0, 0.0, 0.0, 0.0, 0.0, 0.0, 0.0, 1.741116415031772E9, 0.0, 2025-03-04 13:26:55.031
133.0, -66869.71388694213, -62188.56569392273, -57860.41860108598, -59359.4606947256, -67593.01633751587, -63998.364090724484, -72716.08087016117, -68496.54090363275, 0.082, 0.962, -0.20600000000000002, 192.0, 0.0, 0.0, 0.0, 0.0, 0.0, 0.0, 0.0, 0.0, 0.0, 1.741116415031797E9, 0.0, 2025-03-04 13:26:55.031
134.0, -66859.78971240399, -62234.11854912264, -57854.651851016504, -59368.22257855208, -67581.1475612101, -63993.02202379966, -72702.98274791036, -68492.58464486417, 0.08600000000000001, 0.966, -0.20600000000000002, 192.0, 2.0, 176.0, 30.0, 48.0, 249.0, 144.0, 0.0, 0.0, 0.0, 1.741116415031818E9, 0.0, 2025-03-04 13:26:55.031
135.0, -66849.10557855434, -62249.876528963636, -57841.240804343324, -59358.81249413639, -67569.32348839325, -63982.29318646112, -72692.27626231626, -68479.57592959117, 0.08600000000000001, 0.966, -0.20600000000000002, 192.0, 0.0, 0.0, 0.0, 0.0, 0.0, 0.0, 0.0, 0.0, 0.0, 1.741116415031844E9, 0.0, 2025-03-04 13:26:55.031
136.0, -66872.82077942142, -62202.69199641848, -57853.757781238295, -59367.55202621842, -67588.8589130472, -64000.44280295882, -72711.11878289208, -68489.79067680726, 0.08600000000000001, 0.966, -0.20600000000000002, 192.0, 0.0, 0.0, 0.0, 0.0, 0.0, 0.0, 0.0, 0.0, 0.0, 1.741116415091877E9, 0.0, 2025-03-04 13:26:55.091
137.0, -66860.86259613784, -62177.83685658418, -57851.61201377059, -59359.84067438134, -67589.35065142521, -63997.64883490191, -72710.13530613606, -68485.87912152757, 0.08600000000000001, 0.966, -0.20600000000000002, 192.0, 0.0, 0.0, 0.0, 0.0, 0.0, 0.0, 0.0, 0.0, 0.0, 1.741116415091926E9, 0.0, 2025-03-04 13:26:55.091
138.0, -66856.99574434706, -62226.89893566358, -57850.36031608109, -59366.590901206844, -67583.76271531137, -63991.09977377651, -72703.04980314372, -68478.83832202415, 0.08600000000000001, 0.966, -0.20600000000000002, 192.0, 0.0, 0.0, 0.0, 0.0, 0.0, 0.0, 0.0, 0.0, 0.0, 1.741116415091963E9, 0.0, 2025-03-04 13:26:55.091
139.0, -66858.51566297004, -62263.19816865899, -57850.69559224792, -59371.17300882018, -67581.86281703268, -63990.8539045875, -72699.74174496434, -68472.3116126432, 0.08600000000000001, 0.966, -0.20600000000000002, 192.0, 0.0, 0.0, 0.0, 0.0, 0.0, 0.0, 0.0, 0.0, 0.0, 1.741116415091988E9, 0.0, 2025-03-04 13:26:55.091
140.0, -66875.34652654488, -62231.23517408791, -57866.140647666536, -59381.85714266982, -67598.47016316297, -64008.73530015175, -72723.50164932033, -68495.08804024316, 0.08600000000000001, 0.966, -0.20600000000000002, 192.0, 0.0, 0.0, 0.0, 0.0, 0.0, 0.0, 0.0, 0.0, 0.0, 1.741116415092013E9, 0.0, 2025-03-04 13:26:55.092
141.0, -66875.50298875607, -62191.09144104618, -57869.135781423545, -59376.15744783371, -67597.97842478496, -64006.38836698394, -72725.98269295487, -68495.49037164335, 0.08600000000000001, 0.966, -0.20600000000000002, 192.0, 0.0, 0.0, 0.0, 0.0, 0.0, 0.0, 0.0, 0.0, 0.0, 1.741116415092034E9, 0.0, 2025-03-04 13:26:55.092
142.0, -66871.81495092093, -62220.52868849382, -57863.50314182081, -59375.822171666885, -67587.38369791314, -63998.855829102504, -72702.08867813215, -68485.00740349382, 0.08600000000000001, 0.966, -0.20600000000000002, 192.0, 0.0, 0.0, 0.0, 0.0, 0.0, 0.0, 0.0, 0.0, 0.0, 1.741116415092056E9, 0.0, 2025-03-04 13:26:55.092
143.0, -66862.24840429406, -62265.99213671591, -57859.18925514093, -59380.851314169326, -67581.99692749941, -63994.519590678174, -72706.67078574547, -68482.19108369245, 0.08600000000000001, 0.966, -0.20600000000000002, 192.0, 0.0, 0.0, 0.0, 0.0, 0.0, 0.0, 0.0, 0.0, 0.0, 1.741116415092092E9, 0.0, 2025-03-04 13:26:55.092
144.0, -66865.89173864028, -62241.22640385943, -57853.31074634919, -59373.94462513264, -67580.54406410981, -63996.91122733489, -72707.22957935686, -68483.64394708205, 0.092, 0.966, -0.20600000000000002, 192.0, 2.0, 224.0, 30.0, 48.0, 249.0, 144.0, 0.0, 0.0, 0.0, 1.741116415092113E9, 0.0, 2025-03-04 13:26:55.092
145.0, -66879.21337833564, -62198.065185316234, -57855.41181032799, -59378.50438100152, -67584.36621241167, -64005.918980350376, -72699.7640967088, -68494.66335709851, 0.092, 0.966, -0.20600000000000002, 192.0, 0.0, 0.0, 0.0, 0.0, 0.0, 0.0, 0.0, 0.0, 0.0, 1.741116415092137E9, 0.0, 2025-03-04 13:26:55.092
146.0, -66868.66335495275, -62225.55783099626, -57844.05712414469, -59372.08943034285, -67571.73747679443, -63995.83834360103, -72690.82339892667, -68491.64587159704, 0.092, 0.966, -0.20600000000000002, 192.0, 0.0, 0.0, 0.0, 0.0, 0.0, 0.0, 0.0, 0.0, 0.0, 1.741116415092158E9, 0.0, 2025-03-04 13:26:55.092
147.0, -66873.44662826617, -62276.13982869862, -57842.291336332724, -59374.52577048848, -67569.47995060444, -63991.81502959908, -72683.87200640107, -68477.67603131247, 0.092, 0.966, -0.20600000000000002, 192.0, 0.0, 0.0, 0.0, 0.0, 0.0, 0.0, 0.0, 0.0, 0.0, 1.741116415092179E9, 0.0, 2025-03-04 13:26:55.092
148.0, -66878.69928821317, -62263.80166575929, -57841.3525630656, -59373.22936931007, -67571.42455237205, -63994.452535444805, -72685.0566488572, -68484.00157499332, 0.092, 0.966, -0.20600000000000002, 192.0, 0.0, 0.0, 0.0, 0.0, 0.0, 0.0, 0.0, 0.0, 0.0, 1.741116415092203E9, 0.0, 2025-03-04 13:26:55.092
149.0, -66890.09867788538, -62210.157479066555, -57850.24855735881, -59377.20797982311, -67579.13590420914, -64002.85679136, -72700.50170427581, -68493.54576987574, 0.092, 0.966, -0.20600000000000002, 192.0, 0.0, 0.0, 0.0, 0.0, 0.0, 0.0, 0.0, 0.0, 0.0, 1.741116415092224E9, 0.0, 2025-03-04 13:26:55.092
150.0, -66874.22893932211, -62215.72306343592, -57841.12904562105, -59361.38294474876, -67567.80356977029, -63984.84128532902, -72691.2033785824, -68464.91318522849, 0.092, 0.966, -0.20600000000000002, 192.0, 0.0, 0.0, 0.0, 0.0, 0.0, 0.0, 0.0, 0.0, 0.0, 1.741116415092245E9, 0.0, 2025-03-04 13:26:55.092
151.0, -66860.81789264892, -62255.17389239954, -57836.97162115236, -59355.37032549028, -67564.40610461308, -63974.246558457206, -72684.38609652354, -68466.56721431819, 0.092, 0.966, -0.20600000000000002, 192.0, 0.0, 0.0, 0.0, 0.0, 0.0, 0.0, 0.0, 0.0, 0.0, 1.741116415152092E9, 0.0, 2025-03-04 13:26:55.152
152.0, -66864.66239269525, -62258.90663372358, -57838.42448454195, -59359.237177281044, -67568.36236338168, -63978.35927943698, -72690.57752973765, -68467.4612840964, 0.092, 0.966, -0.20600000000000002, 192.0, 0.0, 0.0, 0.0, 0.0, 0.0, 0.0, 0.0, 0.0, 0.0, 1.741116415152124E9, 0.0, 2025-03-04 13:26:55.152
153.0, -66866.62934620731, -62190.30912999024, -57835.60816474059, -59346.58608991934, -67569.90463374909, -63975.028869513146, -72693.93029140595, -68465.87431024008, 0.092, 0.966, -0.20600000000000002, 192.0, 0.0, 0.0, 0.0, 0.0, 0.0, 0.0, 0.0, 0.0, 0.0, 1.741116415152164E9, 0.0, 2025-03-04 13:26:55.152
154.0, -66865.44470375117, -62191.09144104618, -57839.139740364524, -59343.74741837352, -67569.23408141543, -63977.97929978124, -72695.13728560654, -68473.22803416586, 0.084, 0.964, -0.2, 192.0, 2.0, 160.0, 30.0, 32.0, 249.0, 192.0, 0.0, 0.0, 0.0, 1.741116415152186E9, 0.0, 2025-03-04 13:26:55.152
155.0, -66861.7790176605, -62240.46644454795, -57840.07851363165, -59347.61427016429, -67569.30113664879, -63975.81118056908, -72695.89724491803, -68472.78099927676, 0.084, 0.964, -0.2, 192.0, 0.0, 0.0, 0.0, 0.0, 0.0, 0.0, 0.0, 0.0, 0.0, 1.741116415152219E9, 0.0, 2025-03-04 13:26:55.152
156.0, -66866.85286365186, -62260.44890409099, -57844.28064158925, -59355.973822590575, -67574.93377625154, -63980.1027155045, -72708.19070436845, -68488.29310992874, 0.084, 0.964, -0.2, 192.0, 0.0, 0.0, 0.0, 0.0, 0.0, 0.0, 0.0, 0.0, 0.0, 1.741116415152241E9, 0.0, 2025-03-04 13:26:55.152
157.0, -66875.50298875607, -62201.3285400067, -57851.54495853722, -59351.570528932876, -67586.66844209057, -63988.66343363088, -72718.00312018432, -68490.34947041863, 0.084, 0.964, -0.2, 192.0, 0.0, 0.0, 0.0, 0.0, 0.0, 0.0, 0.0, 0.0, 0.0, 1.741116415152262E9, 0.0, 2025-03-04 13:26:55.152
158.0, -66881.35914580335, -62191.24790325736, -57857.28935686223, -59351.59288067733, -67591.6528811041, -63989.624558642456, -72714.65035851602, -68479.57592959117, 0.084, 0.964, -0.2, 192.0, 0.0, 0.0, 0.0, 0.0, 0.0, 0.0, 0.0, 0.0, 0.0, 1.741116415152294E9, 0.0, 2025-03-04 13:26:55.152
159.0, -66872.99959337707, -62240.13116838112, -57855.16594113898, -59365.3615552618, -67583.38273565564, -63988.5516749086, -72708.59303576863, -68480.02296448027, 0.084, 0.964, -0.2, 192.0, 0.0, 0.0, 0.0, 0.0, 0.0, 0.0, 0.0, 0.0, 0.0, 1.741116415152315E9, 0.0, 2025-03-04 13:26:55.152
160.0, -66866.62934620731, -62270.86481700717, -57851.947289937416, -59372.78233442096, -67574.53144485134, -63988.81989584207, -72699.1605996085, -68474.658545811, 0.084, 0.964, -0.2, 192.0, 0.0, 0.0, 0.0, 0.0, 0.0, 0.0, 0.0, 0.0, 0.0, 1.741116415152337E9, 0.0, 2025-03-04 13:26:55.152
161.0, -66870.09386659788, -62220.66279896055, -57855.434162072444, -59369.83190415286, -67578.71122106448, -63995.23484650074, -72707.47544854587, -68484.67212732698, 0.084, 0.964, -0.2, 192.0, 0.0, 0.0, 0.0, 0.0, 0.0, 0.0, 0.0, 0.0, 0.0, 1.741116415152358E9, 0.0, 2025-03-04 13:26:55.152
162.0, -66867.12108458532, -62184.989414809876, -57855.0541824167, -59363.305194771914, -67575.78314254084, -63994.47488718926, -72698.28888157474, -68483.93451975996, 0.084, 0.964, -0.2, 192.0, 0.0, 0.0, 0.0, 0.0, 0.0, 0.0, 0.0, 0.0, 0.0, 1.741116415152379E9, 0.0, 2025-03-04 13:26:55.152
163.0, -66875.12300910032, -62237.35955206866, -57864.732487765854, -59380.448982769136, -67580.18643619854, -64002.141535537434, -72701.55223626521, -68483.88981627105, 0.084, 0.964, -0.2, 192.0, 0.0, 0.0, 0.0, 0.0, 0.0, 0.0, 0.0, 0.0, 0.0, 1.741116415152404E9, 0.0, 2025-03-04 13:26:55.152
164.0, -66872.19493057668, -62278.240892677415, -57859.36806909658, -59382.393584536745, -67573.9950029844, -63997.49237269073, -72696.29957631821, -68481.34171740315, 0.076, 0.964, -0.20400000000000001, 192.0, 2.0, 96.0, 30.0, 32.0, 249.0, 160.0, 0.0, 0.0, 0.0, 1.741116415152425E9, 0.0, 2025-03-04 13:26:55.152
165.0, -66874.00542187756, -62240.913479437055, -57862.921996464975, -59383.6676339707, -67583.42743914455, -64002.87914310445, -72705.55319852271, -68485.163865705, 0.076, 0.964, -0.20400000000000001, 192.0, 0.0, 0.0, 0.0, 0.0, 0.0, 0.0, 0.0, 0.0, 0.0, 1.741116415152448E9, 0.0, 2025-03-04 13:26:55.152
166.0, -66875.12300910032, -62202.35672025165, -57862.89964472051, -59376.716241445094, -67586.13200022365, -63999.50402969171, -72712.97397768188, -68482.66047032601, 0.076, 0.964, -0.20400000000000001, 192.0, 0.0, 0.0, 0.0, 0.0, 0.0, 0.0, 0.0, 0.0, 0.0, 1.741116415212365E9, 0.0, 2025-03-04 13:26:55.212
167.0, -66870.65266020926, -62236.91251717955, -57855.97060393937, -59381.81243918091, -67580.36525015417, -63996.15126802341, -72712.19166662593, -68482.50400811482, 0.076, 0.964, -0.20400000000000001, 192.0, 0.0, 0.0, 0.0, 0.0, 0.0, 0.0, 0.0, 0.0, 0.0, 1.741116415212398E9, 0.0, 2025-03-04 13:26:55.212
168.0, -66876.33000330091, -62288.96973001597, -57859.18925514093, -59395.49170678756, -67585.66261359007, -64006.0083873282, -72720.8641434746, -68508.00734853833, 0.076, 0.964, -0.20400000000000001, 192.0, 0.0, 0.0, 0.0, 0.0, 0.0, 0.0, 0.0, 0.0, 0.0, 1.741116415212436E9, 0.0, 2025-03-04 13:26:55.212
169.0, -66876.10648585636, -62260.135979668616, -57846.82874045715, -59381.74538394754, -67575.447866374, -63997.581779668544, -72707.6095590126, -68503.08996475815, 0.076, 0.964, -0.20400000000000001, 192.0, 0.0, 0.0, 0.0, 0.0, 0.0, 0.0, 0.0, 0.0, 0.0, 1.741116415212457E9, 0.0, 2025-03-04 13:26:55.212
170.0, -66883.10258187087, -62198.22164752742, -57843.4536270444, -59365.674479684174, -67575.98430824094, -63994.76545986718, -72710.60469276962, -68484.89564477153, 0.076, 0.964, -0.20400000000000001, 192.0, 0.0, 0.0, 0.0, 0.0, 0.0, 0.0, 0.0, 0.0, 0.0, 1.741116415212487E9, 0.0, 2025-03-04 13:26:55.212
171.0, -66881.09092486989, -62223.143842595084, -57842.33603982163, -59366.70265992912, -67573.1009332062, -63996.03950930113, -72710.58234102516, -68490.37182216308, 0.076, 0.964, -0.20400000000000001, 192.0, 0.0, 0.0, 0.0, 0.0, 0.0, 0.0, 0.0, 0.0, 0.0, 1.741116415212508E9, 0.0, 2025-03-04 13:26:55.212
172.0, -66872.06082010995, -62274.66461356457, -57838.02215314176, -59372.75998267651, -67566.64127905862, -63993.42435519986, -72690.91280590449, -68472.24455740984, 0.076, 0.964, -0.20400000000000001, 192.0, 0.0, 0.0, 0.0, 0.0, 0.0, 0.0, 0.0, 0.0, 0.0, 1.74111641521253E9, 0.0, 2025-03-04 13:26:55.212
173.0, -66866.89756714077, -62264.18164541503, -57834.84820542911, -59366.90382562922, -67570.93281399403, -63993.692576133326, -72698.08771587464, -68479.79944703572, 0.076, 0.964, -0.20400000000000001, 192.0, 0.0, 0.0, 0.0, 0.0, 0.0, 0.0, 0.0, 0.0, 0.0, 1.741116415212573E9, 0.0, 2025-03-04 13:26:55.212
174.0, -66872.32904104341, -62199.22747602791, -57836.05519962969, -59353.7609998895, -67574.8443692737, -63992.86556158848, -72712.88457070406, -68490.17065646299, 0.074, 0.962, -0.2, 192.0, 2.0, 80.0, 30.0, 16.0, 249.0, 192.0, 0.0, 0.0, 0.0, 1.741116415212609E9, 0.0, 2025-03-04 13:26:55.212
175.0, -66867.79163691898, -62209.97866511091, -57834.736446706826, -59350.385886476746, -67567.22242441445, -63989.624558642456, -72689.41523902598, -68486.30380467222, 0.074, 0.962, -0.2, 192.0, 0.0, 0.0, 0.0, 0.0, 0.0, 0.0, 0.0, 0.0, 0.0, 1.741116415212633E9, 0.0, 2025-03-04 13:26:55.212
176.0, -66862.69543918317, -62264.09223843721, -57834.959964151385, -59361.27118602648, -67561.947412723, -63985.914169062875, -72684.0061168678, -68475.2620429113, 0.074, 0.962, -0.2, 192.0, 0.0, 0.0, 0.0, 0.0, 0.0, 0.0, 0.0, 0.0, 0.0, 1.741116415212655E9, 0.0, 2025-03-04 13:26:55.212
177.0, -66863.81302640594, -62267.73557278342, -57837.53041476374, -59362.03114533796, -67562.55090982329, -63985.71300336278, -72686.88949190253, -68477.38545863456, 0.074, 0.962, -0.2, 192.0, 0.0, 0.0, 0.0, 0.0, 0.0, 0.0, 0.0, 0.0, 0.0, 1.741116415212677E9, 0.0, 2025-03-04 13:26:55.212
178.0, -66880.50977951405, -62202.803755140754, -57851.76847598177, -59361.02531683747, -67575.0008314849, -63993.06672728858, -72700.4570007869, -68475.82083652269, 0.074, 0.962, -0.2, 192.0, 0.0, 0.0, 0.0, 0.0, 0.0, 0.0, 0.0, 0.0, 0.0, 1.741116415212702E9, 0.0, 2025-03-04 13:26:55.212
179.0, -66871.47967475411, -62201.350891751164, -57850.472074803365, -59352.1069707998, -67568.20590117048, -63982.226131227755, -72699.58528275315, -68471.64106030954, 0.074, 0.962, -0.2, 192.0, 0.0, 0.0, 0.0, 0.0, 0.0, 0.0, 0.0, 0.0, 0.0, 1.741116415212724E9, 0.0, 2025-03-04 13:26:55.212
180.0, -66865.84703515137, -62255.397409844096, -57847.96867942437, -59357.89607261373, -67564.98724996892, -63983.27666321715, -72694.1538088505, -68477.27369991227, 0.074, 0.962, -0.2, 192.0, 0.0, 0.0, 0.0, 0.0, 0.0, 0.0, 0.0, 0.0, 0.0, 1.741116415212745E9, 0.0, 2025-03-04 13:26:55.212
181.0, -66861.15316881576, -62267.40029661659, -57843.36422006658, -59358.007831336006, -67563.62379355714, -63983.92486380636, -72693.79618093923, -68475.44085686695, 0.074, 0.962, -0.2, 192.0, 0.0, 0.0, 0.0, 0.0, 0.0, 0.0, 0.0, 0.0, 0.0, 1.741116415272709E9, 0.0, 2025-03-04 13:26:55.272
182.0, -66866.24936655156, -62205.2847987753, -57844.99589741181, -59349.49181669853, -67569.47995060444, -63987.747012108215, -72704.43561129995, -68483.10750521511, 0.074, 0.962, -0.2, 192.0, 0.0, 0.0, 0.0, 0.0, 0.0, 0.0, 0.0, 0.0, 0.0, 1.741116415272743E9, 0.0, 2025-03-04 13:26:55.272
183.0, -66869.37861077531, -62189.325653234206, -57851.656717259495, -59353.62688942277, -67574.03970647333, -63994.318424978075, -72718.91954170699, -68486.79554305023, 0.074, 0.962, -0.2, 192.0, 0.0, 0.0, 0.0, 0.0, 0.0, 0.0, 0.0, 0.0, 0.0, 1.741116415272776E9, 0.0, 2025-03-04 13:26:55.272
184.0, -66874.56421548894, -62239.594726514195, -57854.76360973879, -59365.048630839425, -67575.73843905193, -63995.503067434205, -72724.32866386518, -68495.17744722098, 0.08, 0.968, -0.198, 192.0, 2.0, 128.0, 30.0, 64.0, 249.0, 208.0, 0.0, 0.0, 0.0, 1.741116415272797E9, 0.0, 2025-03-04 13:26:55.272
185.0, -66875.68180271171, -62277.57034034376, -57862.497313320324, -59381.343052547345, -67581.99692749941, -64009.964646096785, -72721.19941964143, -68515.15990676402, 0.08, 0.968, -0.198, 192.0, 0.0, 0.0, 0.0, 0.0, 0.0, 0.0, 0.0, 0.0, 0.0, 1.741116415272829E9, 0.0, 2025-03-04 13:26:55.272
186.0, -66875.72650620062, -62228.24004033089, -57865.13481916604, -59377.31973854539, -67586.53433162384, -64008.37767224046, -72722.1158411641, -68500.69832810144, 0.08, 0.968, -0.198, 192.0, 0.0, 0.0, 0.0, 0.0, 0.0, 0.0, 0.0, 0.0, 0.0, 1.741116415272851E9, 0.0, 2025-03-04 13:26:55.272
187.0, -66876.59822423437, -62197.37228123812, -57866.56533081119, -59369.72014543058, -67580.2534914319, -64001.18041052585, -72721.95937895292, -68496.04916525474, 0.08, 0.968, -0.198, 192.0, 0.0, 0.0, 0.0, 0.0, 0.0, 0.0, 0.0, 0.0, 0.0, 1.741116415272873E9, 0.0, 2025-03-04 13:26:55.272
188.0, -66870.89852939827, -62240.06411314775, -57862.2067406424, -59367.12734307377, -67567.40123837009, -63990.58568365403, -72708.48127704636, -68482.83928428165, 0.08, 0.968, -0.198, 192.0, 0.0, 0.0, 0.0, 0.0, 0.0, 0.0, 0.0, 0.0, 0.0, 1.741116415272899E9, 0.0, 2025-03-04 13:26:55.272
189.0, -66878.63223297981, -62285.460506136485, -57866.67708953346, -59379.599616479834, -67570.35166863819, -63993.67022438887, -72710.82821021417, -68489.52245587378, 0.08, 0.968, -0.198, 192.0, 0.0, 0.0, 0.0, 0.0, 0.0, 0.0, 0.0, 0.0, 0.0, 1.741116415272929E9, 0.0, 2025-03-04 13:26:55.272
190.0, -66882.49908477058, -62245.51793879485, -57866.16299941099, -59371.75415417602, -67576.02901172984, -63997.76059362419, -72710.80585846971, -68490.34947041863, 0.08, 0.968, -0.198, 192.0, 0.0, 0.0, 0.0, 0.0, 0.0, 0.0, 0.0, 0.0, 0.0, 1.74111641527295E9, 0.0, 2025-03-04 13:26:55.272
191.0, -66887.4835237841, -62200.926208606514, -57870.387479113044, -59363.79693314993, -67582.86864553316, -63996.53124767915, -72713.59982652662, -68491.75763031932, 0.08, 0.968, -0.198, 192.0, 0.0, 0.0, 0.0, 0.0, 0.0, 0.0, 0.0, 0.0, 0.0, 1.741116415272972E9, 0.0, 2025-03-04 13:26:55.272
192.0, -66888.6905179847, -62241.98636317091, -57871.63917680254, -59375.196322822136, -67582.44396238851, -63997.33591047954, -72712.52694279277, -68498.48550540037, 0.08, 0.968, -0.198, 192.0, 0.0, 0.0, 0.0, 0.0, 0.0, 0.0, 0.0, 0.0, 0.0, 1.741116415272993E9, 0.0, 2025-03-04 13:26:55.272
193.0, -66880.12979985832, -62286.86866603717, -57863.99488019883, -59376.53742748946, -67575.22434892945, -63994.6537011449, -72708.03424215726, -68496.27268269929, 0.08, 0.968, -0.198, 192.0, 0.0, 0.0, 0.0, 0.0, 0.0, 0.0, 0.0, 0.0, 0.0, 1.741116415273017E9, 0.0, 2025-03-04 13:26:55.273
194.0, -66881.9849946481, -62259.59953780169, -57863.21256914289, -59372.55881697641, -67577.7500960529, -64000.35339598101, -72711.72227999238, -68501.34652869064, 0.08600000000000001, 0.972, -0.194, 192.0, 2.0, 176.0, 30.0, 96.0, 249.0, 240.0, 0.0, 0.0, 0.0, 1.741116415273039E9, 0.0, 2025-03-04 13:26:55.273
195.0, -66882.87906442632, -62196.76878413782, -57866.45357208891, -59364.355726761314, -67584.4556193895, -64004.06378556059, -72720.6629777745, -68502.03943276875, 0.08600000000000001, 0.972, -0.194, 192.0, 0.0, 0.0, 0.0, 0.0, 0.0, 0.0, 0.0, 0.0, 0.0, 1.741116415273062E9, 0.0, 2025-03-04 13:26:55.273
196.0, -66870.51854974253, -62212.07972908971, -57861.513836564285, -59359.237177281044, -67575.26905241836, -63988.372860952964, -72704.50266653331, -68477.9666039904, 0.08600000000000001, 0.972, -0.194, 192.0, 0.0, 0.0, 0.0, 0.0, 0.0, 0.0, 0.0, 0.0, 0.0, 1.741116415331899E9, 0.0, 2025-03-04 13:26:55.331
197.0, -66864.19300606167, -62259.68894477951, -57856.64115627303, -59364.98157560606, -67569.56935758225, -63982.94138705032, -72698.22182634138, -68476.82666502317, 0.08600000000000001, 0.972, -0.194, 192.0, 0.0, 0.0, 0.0, 0.0, 0.0, 0.0, 0.0, 0.0, 0.0, 1.741116415331957E9, 0.0, 2025-03-04 13:26:55.331
198.0, -66868.86452065283, -62255.598575544194, -57857.13289465105, -59361.89703487123, -67574.41968612905, -63987.47879117475, -72708.34716657962, -68489.70126982943, 0.08600000000000001, 0.972, -0.194, 192.0, 0.0, 0.0, 0.0, 0.0, 0.0, 0.0, 0.0, 0.0, 0.0, 1.741116415331999E9, 0.0, 2025-03-04 13:26:55.331
199.0, -66876.21824457863, -62199.249827772364, -57858.76457199628, -59354.54331094543, -67580.07467747625, -63988.03758478613, -72716.79612598373, -68482.0122697368, 0.08600000000000001, 0.972, -0.194, 192.0, 0.0, 0.0, 0.0, 0.0, 0.0, 0.0, 0.0, 0.0, 0.0, 1.741116415332021E9, 0.0, 2025-03-04 13:26:55.332
200.0, -66867.97045087462, -62211.140955822586, -57852.39432482652, -59353.246909767025, -67568.80939827078, -63974.71594509077, -72706.22375085637, -68477.65367956801, 0.08600000000000001, 0.972, -0.194, 192.0, 0.0, 0.0, 0.0, 0.0, 0.0, 0.0, 0.0, 0.0, 0.0, 1.74111641533205E9, 0.0, 2025-03-04 13:26:55.332
201.0, -66860.79554090447, -62260.29244187981, -57847.052257901705, -59355.39267723473, -67560.00281095538, -63969.82091305505, -72695.47256177338, -68488.22605469538, 0.08600000000000001, 0.972, -0.194, 192.0, 0.0, 0.0, 0.0, 0.0, 0.0, 0.0, 0.0, 0.0, 0.0, 1.741116415332072E9, 0.0, 2025-03-04 13:26:55.332
202.0, -66873.84895966637, -62273.636433319625, -57859.412772585485, -59365.1603895617, -67572.13980819462, -63982.80727658359, -72699.71939321989, -68477.27369991227, 0.08600000000000001, 0.972, -0.194, 192.0, 0.0, 0.0, 0.0, 0.0, 0.0, 0.0, 0.0, 0.0, 0.0, 1.741116415332093E9, 0.0, 2025-03-04 13:26:55.332
203.0, -66880.24155858059, -62214.51606923534, -57862.22909238686, -59363.4616569831, -67578.57711059775, -63989.71396562028, -72715.20915212741, -68483.82276103768, 0.08600000000000001, 0.972, -0.194, 192.0, 0.0, 0.0, 0.0, 0.0, 0.0, 0.0, 0.0, 0.0, 0.0, 1.741116415332114E9, 0.0, 2025-03-04 13:26:55.332
204.0, -66877.87227366833, -62207.74349066538, -57863.21256914289, -59365.965052362095, -67577.01248848588, -63993.51376217768, -72725.60271329913, -68505.88393281508, 0.092, 0.97, -0.19, 192.0, 2.0, 224.0, 30.0, 80.0, 250.0, 16.0, 0.0, 0.0, 0.0, 1.741116415332146E9, 0.0, 2025-03-04 13:26:55.332
205.0, -66853.26300302304, -62252.82695923173, -57844.21358635588, -59367.03793609595, -67557.14178766511, -63976.70525034729, -72694.91376816199, -68462.47684508287, 0.092, 0.97, -0.19, 192.0, 0.0, 0.0, 0.0, 0.0, 0.0, 0.0, 0.0, 0.0, 0.0, 1.74111641533217E9, 0.0, 2025-03-04 13:26:55.332
206.0, -66856.8839856248, -62269.99309897341, -57841.73254272134, -59367.75319191852, -67562.68502029002, -63982.56140739458, -72707.22957935686, -68465.96371721789, 0.092, 0.97, -0.19, 192.0, 0.0, 0.0, 0.0, 0.0, 0.0, 0.0, 0.0, 0.0, 0.0, 1.741116415332191E9, 0.0, 2025-03-04 13:26:55.332
207.0, -66870.33973578688, -62215.09721459117, -57850.2038538699, -59372.62587220978, -67577.7947995418, -63996.35243372351, -72713.95745443791, -68479.37476389107, 0.092, 0.97, -0.19, 192.0, 0.0, 0.0, 0.0, 0.0, 0.0, 0.0, 0.0, 0.0, 0.0, 1.741116415332213E9, 0.0, 2025-03-04 13:26:55.332
208.0, -66869.02098286402, -62196.18763878199, -57851.27673760376, -59375.77746817798, -67572.16215993908, -63995.927750578856, -72704.30150083321, -68490.55063611873, 0.092, 0.97, -0.19, 192.0, 0.0, 0.0, 0.0, 0.0, 0.0, 0.0, 0.0, 0.0, 0.0, 1.741116415332236E9, 0.0, 2025-03-04 13:26:55.332
209.0, -66865.15413107326, -62241.98636317091, -57851.097923648114, -59386.4168985387, -67566.23894765842, -63996.86652384598, -72694.91376816199, -68484.98505174936, 0.092, 0.97, -0.19, 192.0, 0.0, 0.0, 0.0, 0.0, 0.0, 0.0, 0.0, 0.0, 0.0, 1.741116415332257E9, 0.0, 2025-03-04 13:26:55.332
210.0, -66868.75276193056, -62281.28072992334, -57853.31074634919, -59382.46063977011, -67566.95420348099, -63990.675090631856, -72711.11878289208, -68485.90147327202, 0.092, 0.97, -0.19, 192.0, 0.0, 0.0, 0.0, 0.0, 0.0, 0.0, 0.0, 0.0, 0.0, 1.741116415332278E9, 0.0, 2025-03-04 13:26:55.332
211.0, -66876.33000330091, -62229.29057232029, -57855.97060393937, -59372.69292744314, -67569.12232269315, -63990.49627667622, -72696.79131469624, -68485.43208663847, 0.092, 0.97, -0.19, 192.0, 0.0, 0.0, 0.0, 0.0, 0.0, 0.0, 0.0, 0.0, 0.0, 1.7411164153917E9, 0.0, 2025-03-04 13:26:55.391
212.0, -66879.28043356902, -62198.44516497197, -57862.81023774269, -59370.65891869771, -67567.58005232573, -63989.89277957592, -72683.76024767879, -68490.14830471853, 0.092, 0.97, -0.19, 192.0, 0.0, 0.0, 0.0, 0.0, 0.0, 0.0, 0.0, 0.0, 0.0, 1.74111641539177E9, 0.0, 2025-03-04 13:26:55.391
213.0, -66880.95681440317, -62242.723970737934, -57865.69361277743, -59376.89505540074, -67564.33904937972, -63985.71300336278, -72688.56587273668, -68488.11429597311, 0.092, 0.97, -0.19, 192.0, 0.0, 0.0, 0.0, 0.0, 0.0, 0.0, 0.0, 0.0, 0.0, 1.741116415391805E9, 0.0, 2025-03-04 13:26:55.391
214.0, -66882.02969813702, -62288.54504687132, -57865.13481916604, -59388.38385205077, -67564.71902903546, -63986.540017907624, -72690.59988148212, -68475.73142954486, 0.09, 0.964, -0.186, 192.0, 2.0, 208.0, 30.0, 32.0, 250.0, 48.0, 0.0, 0.0, 0.0, 1.741116415391827E9, 0.0, 2025-03-04 13:26:55.391
215.0, -66871.52437824302, -62245.00384867238, -57855.18829288344, -59374.74928793303, -67565.38958136912, -63985.57889289605, -72695.22669258436, -68477.3631068901, 0.09, 0.964, -0.186, 192.0, 0.0, 0.0, 0.0, 0.0, 0.0, 0.0, 0.0, 0.0, 0.0, 1.741116415391855E9, 0.0, 2025-03-04 13:26:55.391
216.0, -66875.77120968953, -62196.388804482085, -57858.652813274006, -59363.77458140547, -67570.53048259384, -63987.76936385267, -72703.89916943302, -68485.1191622161, 0.09, 0.964, -0.186, 192.0, 0.0, 0.0, 0.0, 0.0, 0.0, 0.0, 0.0, 0.0, 0.0, 1.741116415391879E9, 0.0, 2025-03-04 13:26:55.391
217.0, -66871.97141313212, -62228.687075220005, -57856.9540806954, -59364.26631978349, -67565.72485753594, -63984.34954695101, -72703.00509965481, -68481.98991799235, 0.09, 0.964, -0.186, 192.0, 0.0, 0.0, 0.0, 0.0, 0.0, 0.0, 0.0, 0.0, 0.0, 1.741116415391901E9, 0.0, 2025-03-04 13:26:55.391
218.0, -66862.29310778297, -62268.07084895025, -57849.60035676961, -59362.679345927165, -67559.8463487442, -63974.447724157304, -72700.54640776473, -68473.71977254389, 0.09, 0.964, -0.186, 192.0, 0.0, 0.0, 0.0, 0.0, 0.0, 0.0, 0.0, 0.0, 0.0, 1.741116415391925E9, 0.0, 2025-03-04 13:26:55.391
219.0, -66872.88783465479, -62252.02229643134, -57856.79761848422, -59365.27214828398, -67571.37984888314, -63988.08228827504, -72712.2140183704, -68490.72945007437, 0.09, 0.964, -0.186, 192.0, 0.0, 0.0, 0.0, 0.0, 0.0, 0.0, 0.0, 0.0, 0.0, 1.741116415391957E9, 0.0, 2025-03-04 13:26:55.391
220.0, -66884.44368653819, -62201.932037107, -57871.102734935615, -59371.351822775825, -67587.22723570195, -64006.678939661855, -72730.58715231266, -68505.14632524805, 0.09, 0.964, -0.186, 192.0, 0.0, 0.0, 0.0, 0.0, 0.0, 0.0, 0.0, 0.0, 0.0, 1.741116415391978E9, 0.0, 2025-03-04 13:26:55.391
221.0, -66884.04135513799, -62225.89310716309, -57874.07551694817, -59381.633625225266, -67586.57903511275, -64003.326177993564, -72729.22369590089, -68496.40679316602, 0.09, 0.964, -0.186, 192.0, 0.0, 0.0, 0.0, 0.0, 0.0, 0.0, 0.0, 0.0, 0.0, 1.741116415391999E9, 0.0, 2025-03-04 13:26:55.391
222.0, -66879.90628241377, -62272.83177051923, -57869.04637444572, -59378.213808323606, -67580.47700887645, -63993.17848601085, -72724.4627743319, -68493.61282510911, 0.09, 0.964, -0.186, 192.0, 0.0, 0.0, 0.0, 0.0, 0.0, 0.0, 0.0, 0.0, 0.0, 1.741116415392021E9, 0.0, 2025-03-04 13:26:55.392
223.0, -66881.5826632479, -62267.199130916495, -57870.2086651574, -59379.107878101815, -67582.57807285525, -64000.68867214784, -72739.50549835032, -68516.14338352006, 0.09, 0.964, -0.186, 192.0, 0.0, 0.0, 0.0, 0.0, 0.0, 0.0, 0.0, 0.0, 0.0, 1.741116415392042E9, 0.0, 2025-03-04 13:26:55.392
224.0, -66880.59918649188, -62201.909685362545, -57867.99584245632, -59370.03306985296, -67580.85698853219, -64001.314520992586, -72750.52490836679, -68513.59528465215, 0.088, 0.96, -0.184, 192.0, 2.0, 192.0, 30.0, 0.0, 250.0, 64.0, 0.0, 0.0, 0.0, 1.741116415392067E9, 0.0, 2025-03-04 13:26:55.392
225.0, -66872.4855032546, -62204.636598186094, -57862.564368553685, -59366.16621806219, -67569.27878490434, -63988.775192353154, -72714.38213758256, -68475.32909814466, 0.088, 0.96, -0.184, 192.0, 0.0, 0.0, 0.0, 0.0, 0.0, 0.0, 0.0, 0.0, 0.0, 1.74111641539209E9, 0.0, 2025-03-04 13:26:55.392
226.0, -66860.59437520437, -62245.20501437248, -57848.39336256902, -59361.85233138232, -67554.7501510084, -63975.855884057986, -72686.59891922462, -68468.914147486, 0.088, 0.96, -0.184, 192.0, 0.0, 0.0, 0.0, 0.0, 0.0, 0.0, 0.0, 0.0, 0.0, 1.741116415452086E9, 0.0, 2025-03-04 13:26:55.452
227.0, -66872.03846836548, -62258.392543601105, -57859.36806909658, -59371.82120940938, -67569.12232269315, -63988.59637839752, -72707.47544854587, -68475.99965047832, 0.088, 0.96, -0.184, 192.0, 0.0, 0.0, 0.0, 0.0, 0.0, 0.0, 0.0, 0.0, 0.0, 1.741116415452117E9, 0.0, 2025-03-04 13:26:55.452
228.0, -66877.33583180139, -62201.149726051066, -57859.79275224123, -59372.15648557621, -67570.46342736048, -63990.2057039983, -72707.74366947933, -68479.59828133562, 0.088, 0.96, -0.184, 192.0, 0.0, 0.0, 0.0, 0.0, 0.0, 0.0, 0.0, 0.0, 0.0, 1.74111641545214E9, 0.0, 2025-03-04 13:26:55.452
229.0, -66883.39315454879, -62199.115717305634, -57866.967662211384, -59380.96307289161, -67571.26809016087, -63993.51376217768, -72708.70479449091, -68485.02975523827, 0.088, 0.96, -0.184, 192.0, 0.0, 0.0, 0.0, 0.0, 0.0, 0.0, 0.0, 0.0, 0.0, 1.741116415452184E9, 0.0, 2025-03-04 13:26:55.452
230.0, -66866.1823113182, -62243.61804051615, -57859.68099351895, -59380.60544498032, -67561.03099120033, -63986.47296267426, -72703.04980314372, -68477.9666039904, 0.088, 0.96, -0.184, 192.0, 0.0, 0.0, 0.0, 0.0, 0.0, 0.0, 0.0, 0.0, 0.0, 1.741116415452211E9, 0.0, 2025-03-04 13:26:55.452
231.0, -66863.4330467502, -62269.65782280658, -57853.24369111582, -59377.431497267666, -67554.77250275285, -63976.88406430293, -72698.7135647194, -68467.21541490739, 0.088, 0.96, -0.184, 192.0, 0.0, 0.0, 0.0, 0.0, 0.0, 0.0, 0.0, 0.0, 0.0, 1.741116415452236E9, 0.0, 2025-03-04 13:26:55.452
232.0, -66873.44662826617, -62216.25950530285, -57855.232996372346, -59373.83286641036, -67561.45567434498, -63983.34371845052, -72712.63870151505, -68481.98991799235, 0.088, 0.96, -0.184, 192.0, 0.0, 0.0, 0.0, 0.0, 0.0, 0.0, 0.0, 0.0, 0.0, 1.741116415452258E9, 0.0, 2025-03-04 13:26:55.452
233.0, -66879.19102659119, -62199.13806905009, -57859.09984816311, -59375.93393038916, -67561.52272957836, -63984.08132601754, -72707.3636898236, -68480.89468251404, 0.088, 0.96, -0.184, 192.0, 0.0, 0.0, 0.0, 0.0, 0.0, 0.0, 0.0, 0.0, 0.0, 1.741116415452279E9, 0.0, 2025-03-04 13:26:55.452
234.0, -66862.784846161, -62241.762845726356, -57847.40988581299, -59377.565607734396, -67549.63160152812, -63976.66054685838, -72697.81949494118, -68473.25038591032, 0.092, 0.964, -0.18, 192.0, 2.0, 224.0, 30.0, 32.0, 250.0, 96.0, 0.0, 0.0, 0.0, 1.741116415452308E9, 0.0, 2025-03-04 13:26:55.452
235.0, -66860.0802850819, -62270.23896816242, -57846.96285092388, -59373.92227338818, -67552.82790098523, -63977.28639570313, -72697.23834958534, -68481.54288310325, 0.092, 0.964, -0.18, 192.0, 0.0, 0.0, 0.0, 0.0, 0.0, 0.0, 0.0, 0.0, 0.0, 1.741116415452332E9, 0.0, 2025-03-04 13:26:55.452
236.0, -66859.99087810409, -62221.0874821052, -57847.96867942437, -59362.36642150479, -67560.98628771142, -63979.00748002619, -72708.88360844656, -68492.53994137526, 0.092, 0.964, -0.18, 192.0, 0.0, 0.0, 0.0, 0.0, 0.0, 0.0, 0.0, 0.0, 0.0, 1.741116415452353E9, 0.0, 2025-03-04 13:26:55.452
237.0, -66869.22214856412, -62179.468533929416, -57856.752914995304, -59357.426685980165, -67572.83271227274, -63983.254311472694, -72721.80291674173, -68493.47871464238, 0.092, 0.964, -0.18, 192.0, 0.0, 0.0, 0.0, 0.0, 0.0, 0.0, 0.0, 0.0, 0.0, 1.741116415452375E9, 0.0, 2025-03-04 13:26:55.452
238.0, -66853.55357570095, -62214.9854558689, -57850.78499922574, -59360.243005781536, -67567.91532849257, -63976.63819511393, -72722.5628760532, -68487.01906049479, 0.092, 0.964, -0.18, 192.0, 0.0, 0.0, 0.0, 0.0, 0.0, 0.0, 0.0, 0.0, 0.0, 1.741116415452396E9, 0.0, 2025-03-04 13:26:55.452
239.0, -66848.7255988986, -62249.98828768591, -57844.660621244984, -59362.99227034954, -67571.08927620522, -63982.8519800725, -72731.43651860196, -68505.14632524805, 0.092, 0.964, -0.18, 192.0, 0.0, 0.0, 0.0, 0.0, 0.0, 0.0, 0.0, 0.0, 0.0, 1.741116415452424E9, 0.0, 2025-03-04 13:26:55.452
240.0, -66859.40973274825, -62216.77359542532, -57848.57217652466, -59363.75222966102, -67580.99109899891, -63993.87139008896, -72739.21492567241, -68505.1686769925, 0.092, 0.964, -0.18, 192.0, 0.0, 0.0, 0.0, 0.0, 0.0, 0.0, 0.0, 0.0, 0.0, 1.741116415452446E9, 0.0, 2025-03-04 13:26:55.452
241.0, -66852.14541580027, -62166.16924597851, -57844.191234611426, -59356.26439526849, -67575.55962509628, -63989.11046851999, -72733.09054769165, -68485.40973489401, 0.092, 0.964, -0.18, 192.0, 0.0, 0.0, 0.0, 0.0, 0.0, 0.0, 0.0, 0.0, 0.0, 1.741116415512374E9, 0.0, 2025-03-04 13:26:55.512
242.0, -66852.70420941165, -62197.573446938215, -57844.12417937806, -59362.79110464944, -67571.87158726115, -63991.5021051767, -72726.00504469933, -68491.08707798566, 0.092, 0.964, -0.18, 192.0, 0.0, 0.0, 0.0, 0.0, 0.0, 0.0, 0.0, 0.0, 0.0, 1.741116415512405E9, 0.0, 2025-03-04 13:26:55.512
243.0, -66850.24551752157, -62249.07186616324, -57840.79376945422, -59365.45096223962, -67567.78121802583, -63987.389384196926, -72729.08958543415, -68495.2668541988, 0.092, 0.964, -0.18, 192.0, 0.0, 0.0, 0.0, 0.0, 0.0, 0.0, 0.0, 0.0, 0.0, 1.741116415512427E9, 0.0, 2025-03-04 13:26:55.512
244.0, -66851.6313256778, -62226.89893566358, -57839.16209210898, -59360.39946799272, -67571.15633143859, -63989.31163422008, -72737.5161930938, -68497.34556643314, 0.09, 0.96, -0.18, 192.0, 2.0, 208.0, 30.0, 0.0, 250.0, 96.0, 0.0, 0.0, 0.0, 1.741116415512463E9, 0.0, 2025-03-04 13:26:55.512
245.0, -66858.76153215904, -62169.38789718007, -57847.052257901705, -59358.72308715858, -67575.0455349738, -63993.469058688774, -72734.05167270324, -68500.40775542353, 0.09, 0.96, -0.18, 192.0, 0.0, 0.0, 0.0, 0.0, 0.0, 0.0, 0.0, 0.0, 0.0, 1.741116415512491E9, 0.0, 2025-03-04 13:26:55.512
246.0, -66850.6254971773, -62184.20710375394, -57843.74419972232, -59355.70560165711, -67563.04264820131, -63984.12602950645, -72712.2140183704, -68498.06082225572, 0.09, 0.96, -0.18, 192.0, 0.0, 0.0, 0.0, 0.0, 0.0, 0.0, 0.0, 0.0, 0.0, 1.741116415512515E9, 0.0, 2025-03-04 13:26:55.512
247.0, -66846.62453491981, -62233.87267993364, -57841.71019097688, -59362.478180227066, -67556.29242137581, -63979.65568061539, -72713.28690210426, -68489.43304889597, 0.09, 0.96, -0.18, 192.0, 0.0, 0.0, 0.0, 0.0, 0.0, 0.0, 0.0, 0.0, 0.0, 1.741116415512537E9, 0.0, 2025-03-04 13:26:55.512
248.0, -66843.76351162953, -62227.278915319315, -57836.278717074245, -59355.41502897919, -67555.30894461977, -63973.978337523746, -72713.33160559316, -68463.7061910279, 0.09, 0.96, -0.18, 192.0, 0.0, 0.0, 0.0, 0.0, 0.0, 0.0, 0.0, 0.0, 0.0, 1.741116415512558E9, 0.0, 2025-03-04 13:26:55.512
249.0, -66854.2241280346, -62167.867978557115, -57846.38170556804, -59357.20316853561, -67565.61309881367, -63986.78588709664, -72705.97788166736, -68480.13472320256, 0.09, 0.96, -0.18, 192.0, 0.0, 0.0, 0.0, 0.0, 0.0, 0.0, 0.0, 0.0, 0.0, 1.741116415512591E9, 0.0, 2025-03-04 13:26:55.512
250.0, -66866.00349736256, -62190.845571857164, -57861.20091214191, -59374.637529210755, -67571.87158726115, -63997.581779668544, -72712.77281198178, -68502.15119149104, 0.09, 0.96, -0.18, 192.0, 0.0, 0.0, 0.0, 0.0, 0.0, 0.0, 0.0, 0.0, 0.0, 1.741116415512612E9, 0.0, 2025-03-04 13:26:55.512
251.0, -66874.76538118903, -62252.91636620955, -57863.346679609625, -59387.221561339094, -67571.06692446077, -63996.21832325678, -72698.42299204147, -68488.53897911776, 0.09, 0.96, -0.18, 192.0, 0.0, 0.0, 0.0, 0.0, 0.0, 0.0, 0.0, 0.0, 0.0, 1.741116415512633E9, 0.0, 2025-03-04 13:26:55.512
252.0, -66871.92670964322, -62264.71808728196, -57854.383630083044, -59380.89601765824, -67564.83078775773, -63984.39425043992, -72693.66207047249, -68455.39134209053, 0.09, 0.96, -0.18, 192.0, 0.0, 0.0, 0.0, 0.0, 0.0, 0.0, 0.0, 0.0, 0.0, 1.741116415512654E9, 0.0, 2025-03-04 13:26:55.512
253.0, -66861.91312812724, -62197.34992949366, -57847.00755441279, -59367.306157029416, -67563.48968309042, -63982.002613783196, -72697.77479145226, -68462.58860380514, 0.09, 0.96, -0.18, 192.0, 0.0, 0.0, 0.0, 0.0, 0.0, 0.0, 0.0, 0.0, 0.0, 1.741116415512677E9, 0.0, 2025-03-04 13:26:55.512
254.0, -66873.51368349954, -62190.085612545685, -57856.86467371758, -59369.65309019722, -67569.5470058378, -63985.24361672922, -72704.90499793351, -68478.79361853524, 0.082, 0.9560000000000001, -0.17400000000000002, 192.0, 2.0, 144.0, 29.0, 224.0, 250.0, 144.0, 0.0, 0.0, 0.0, 1.741116415512702E9, 0.0, 2025-03-04 13:26:55.512
255.0, -66880.80035219197, -62246.590822528706, -57862.83258948715, -59380.69485195814, -67569.59170932672, -63982.56140739458, -72707.52015203478, -68473.94328998844, 0.082, 0.9560000000000001, -0.17400000000000002, 192.0, 0.0, 0.0, 0.0, 0.0, 0.0, 0.0, 0.0, 0.0, 0.0, 1.741116415512725E9, 0.0, 2025-03-04 13:26:55.512
0.0, -66886.85767493935, -62278.41970663306, -57865.783019755254, -59385.94751190514, -67571.6480698166, -63983.7013463618, -72711.78933522575, -68471.12697018706, 0.082, 0.9560000000000001, -0.17400000000000002, 192.0, 0.0, 0.0, 0.0, 0.0, 0.0, 0.0, 0.0, 0.0, 0.0, 1.741116415572599E9, 0.0, 2025-03-04 13:26:55.572
1.0, -66890.92569243023, -62222.60740072816, -57864.88894997704, -59377.20797982311, -67571.69277330552, -63983.58958763952, -72715.65618701652, -68480.24648192484, 0.082, 0.9560000000000001, -0.17400000000000002, 192.0, 0.0, 0.0, 0.0, 0.0, 0.0, 0.0, 0.0, 0.0, 0.0, 1.741116415572626E9, 0.0, 2025-03-04 13:26:55.572
2.0, -66876.55352074547, -62194.53360969229, -57860.060973174695, -59369.65309019722, -67564.33904937972, -63974.09009624602, -72714.18097188247, -68486.77319130578, 0.082, 0.9560000000000001, -0.17400000000000002, 192.0, 0.0, 0.0, 0.0, 0.0, 0.0, 0.0, 0.0, 0.0, 0.0, 1.741116415572647E9, 0.0, 2025-03-04 13:26:55.572
3.0, -66875.74885794507, -62240.26527884785, -57858.2057783849, -59376.85035191183, -67561.32156387826, -63971.83257005603, -72712.83986721515, -68489.29893842923, 0.082, 0.9560000000000001, -0.17400000000000002, 192.0, 0.0, 0.0, 0.0, 0.0, 0.0, 0.0, 0.0, 0.0, 0.0, 1.741116415572681E9, 0.0, 2025-03-04 13:26:55.572
4.0, -66874.65362246677, -62278.03972697732, -57856.68585976194, -59378.95141589063, -67561.14274992261, -63971.519645633656, -72708.90596019101, -68472.19985392093, 0.082, 0.9560000000000001, -0.17400000000000002, 192.0, 0.0, 0.0, 0.0, 0.0, 0.0, 0.0, 0.0, 0.0, 0.0, 1.741116415572702E9, 0.0, 2025-03-04 13:26:55.572
5.0, -66887.61763425084, -62237.7395317244, -57863.86076973209, -59383.13119210377, -67571.60336632769, -63985.86946557397, -72724.50747782082, -68486.95200526142, 0.082, 0.9560000000000001, -0.17400000000000002, 192.0, 0.0, 0.0, 0.0, 0.0, 0.0, 0.0, 0.0, 0.0, 0.0, 1.741116415572731E9, 0.0, 2025-03-04 13:26:55.572
6.0, -66885.15894236075, -62193.57248468071, -57864.19604589893, -59375.397488522234, -67573.05622971729, -63989.73631736473, -72726.29561737724, -68492.76345881981, 0.082, 0.9560000000000001, -0.17400000000000002, 192.0, 0.0, 0.0, 0.0, 0.0, 0.0, 0.0, 0.0, 0.0, 0.0, 1.741116415572751E9, 0.0, 2025-03-04 13:26:55.572
7.0, -66868.32807878591, -62226.34014205219, -57856.39528708402, -59374.19049432165, -67566.73068603643, -63980.79561958261, -72726.47443133288, -68483.53218835976, 0.082, 0.9560000000000001, -0.17400000000000002, 192.0, 0.0, 0.0, 0.0, 0.0, 0.0, 0.0, 0.0, 0.0, 0.0, 1.741116415572773E9, 0.0, 2025-03-04 13:26:55.572
8.0, -66867.05402935196, -62261.186511658016, -57854.02600217176, -59371.57534022038, -67566.32835463624, -63977.04052651412, -72719.29952136273, -68485.54384536075, 0.08600000000000001, 0.9560000000000001, -0.17400000000000002, 192.0, 2.0, 176.0, 29.0, 224.0, 250.0, 144.0, 0.0, 0.0, 0.0, 1.741116415572801E9, 0.0, 2025-03-04 13:26:55.572
9.0, -66854.15707280124, -62220.10400534917, -57845.73350497884, -59360.55593020391, -67561.07569468924, -63974.47007590176, -72701.19460835394, -68482.97339474838, 0.08600000000000001, 0.9560000000000001, -0.17400000000000002, 192.0, 0.0, 0.0, 0.0, 0.0, 0.0, 0.0, 0.0, 0.0, 0.0, 1.741116415572824E9, 0.0, 2025-03-04 13:26:55.572
10.0, -66871.01028812055, -62171.421905925505, -57864.33015636566, -59370.860084397806, -67579.51588386486, -63991.41269819888, -72730.94478022394, -68501.2124182239, 0.08600000000000001, 0.9560000000000001, -0.17400000000000002, 192.0, 0.0, 0.0, 0.0, 0.0, 0.0, 0.0, 0.0, 0.0, 0.0, 1.741116415572845E9, 0.0, 2025-03-04 13:26:55.572
11.0, -66870.63030846481, -62204.18956329698, -57865.783019755254, -59375.59865422233, -67574.44203787351, -63981.39911668291, -72709.8670852026, -68484.98505174936, 0.08600000000000001, 0.9560000000000001, -0.17400000000000002, 192.0, 0.0, 0.0, 0.0, 0.0, 0.0, 0.0, 0.0, 0.0, 0.0, 1.741116415572866E9, 0.0, 2025-03-04 13:26:55.572
12.0, -66864.0365438505, -62248.28955510731, -57856.283528361746, -59375.21867456659, -67565.05430520228, -63970.13383747743, -72693.1032768611, -68473.65271731051, 0.08600000000000001, 0.9560000000000001, -0.17400000000000002, 192.0, 0.0, 0.0, 0.0, 0.0, 0.0, 0.0, 0.0, 0.0, 0.0, 1.741116415572887E9, 0.0, 2025-03-04 13:26:55.572
13.0, -66862.36016301635, -62232.71038922196, -57855.903548706, -59374.8163431664, -67569.90463374909, -63971.98903226722, -72712.39283232603, -68483.28631917076, 0.08600000000000001, 0.9560000000000001, -0.17400000000000002, 192.0, 0.0, 0.0, 0.0, 0.0, 0.0, 0.0, 0.0, 0.0, 0.0, 1.741116415572911E9, 0.0, 2025-03-04 13:26:55.572
14.0, -66871.2338055651, -62179.28971997377, -57867.235883144844, -59378.057346112415, -67581.25931993239, -63984.05897427309, -72735.83981225966, -68502.70998510242, 0.08600000000000001, 0.9560000000000001, -0.17400000000000002, 192.0, 0.0, 0.0, 0.0, 0.0, 0.0, 0.0, 0.0, 0.0, 0.0, 1.741116415572935E9, 0.0, 2025-03-04 13:26:55.572
15.0, -66867.16578807423, -62198.199295782964, -57863.36903135408, -59379.17493333518, -67570.55283433829, -63975.028869513146, -72706.29080608975, -68470.0093829643, 0.08600000000000001, 0.9560000000000001, -0.17400000000000002, 192.0, 0.0, 0.0, 0.0, 0.0, 0.0, 0.0, 0.0, 0.0, 0.0, 1.741116415632877E9, 0.0, 2025-03-04 13:26:55.632
16.0, -66871.41261952074, -62256.20207264448, -57865.02306044377, -59385.92516016068, -67567.60240407019, -63973.57600612355, -72698.154771108, -68465.31551662869, 0.08600000000000001, 0.9560000000000001, -0.17400000000000002, 192.0, 0.0, 0.0, 0.0, 0.0, 0.0, 0.0, 0.0, 0.0, 0.0, 1.741116415632913E9, 0.0, 2025-03-04 13:26:55.632
17.0, -66867.61282296335, -62256.8949767226, -57860.28449061925, -59379.62196822429, -67562.81913075676, -63972.83839855652, -72695.98665189584, -68472.02103996529, 0.08600000000000001, 0.9560000000000001, -0.17400000000000002, 192.0, 0.0, 0.0, 0.0, 0.0, 0.0, 0.0, 0.0, 0.0, 0.0, 1.741116415632937E9, 0.0, 2025-03-04 13:26:55.632
18.0, -66882.14145685929, -62194.75712713684, -57870.92392097997, -59379.37609903528, -67576.23017742994, -63988.26110223069, -72709.4647538024, -68492.04820299723, 0.084, 0.964, -0.176, 192.0, 2.0, 160.0, 30.0, 32.0, 250.0, 128.0, 0.0, 0.0, 0.0, 1.741116415632962E9, 0.0, 2025-03-04 13:26:55.632
19.0, -66887.97526216213, -62205.15068830856, -57877.49533384983, -59387.93681716166, -67580.76758155436, -63996.17361976786, -72709.68827124695, -68493.21049370892, 0.084, 0.964, -0.176, 192.0, 0.0, 0.0, 0.0, 0.0, 0.0, 0.0, 0.0, 0.0, 0.0, 1.741116415632986E9, 0.0, 2025-03-04 13:26:55.632
20.0, -66883.19198884869, -62258.97368895695, -57874.589607070644, -59397.928046933186, -67575.62668032965, -63994.18431451134, -72713.28690210426, -68489.67891808497, 0.084, 0.964, -0.176, 192.0, 0.0, 0.0, 0.0, 0.0, 0.0, 0.0, 0.0, 0.0, 0.0, 1.741116415633013E9, 0.0, 2025-03-04 13:26:55.633
21.0, -66870.92088114272, -62267.132075683134, -57858.18342664045, -59387.60154099483, -67559.73459002192, -63981.935558549834, -72705.88847468955, -68477.34075514565, 0.084, 0.964, -0.176, 192.0, 0.0, 0.0, 0.0, 0.0, 0.0, 0.0, 0.0, 0.0, 0.0, 1.741116415633035E9, 0.0, 2025-03-04 13:26:55.633
22.0, -66873.08900035488, -62197.32757774921, -57849.89092944753, -59367.2614535405, -67558.21467139896, -63976.28056720264, -72692.656241972, -68453.96083044539, 0.084, 0.964, -0.176, 192.0, 0.0, 0.0, 0.0, 0.0, 0.0, 0.0, 0.0, 0.0, 0.0, 1.741116415633056E9, 0.0, 2025-03-04 13:26:55.633
23.0, -66859.25327053705, -62175.04288852726, -57843.92301367796, -59358.43251448066, -67553.07377017425, -63971.00555551119, -72693.48325651685, -68458.96762120338, 0.084, 0.964, -0.176, 192.0, 0.0, 0.0, 0.0, 0.0, 0.0, 0.0, 0.0, 0.0, 0.0, 1.741116415633081E9, 0.0, 2025-03-04 13:26:55.633
24.0, -66842.48946219558, -62219.813432671246, -57835.80933044069, -59359.90772961471, -67543.68603750301, -63962.020154240156, -72691.0022128823, -68454.56432754568, 0.084, 0.964, -0.176, 192.0, 0.0, 0.0, 0.0, 0.0, 0.0, 0.0, 0.0, 0.0, 0.0, 1.741116415633106E9, 0.0, 2025-03-04 13:26:55.633
25.0, -66843.42823546269, -62251.97759294243, -57837.41865604147, -59367.015584351495, -67547.1952613825, -63965.03763974162, -72694.39967803952, -68461.18044390446, 0.084, 0.964, -0.176, 192.0, 0.0, 0.0, 0.0, 0.0, 0.0, 0.0, 0.0, 0.0, 0.0, 1.741116415633128E9, 0.0, 2025-03-04 13:26:55.633
26.0, -66856.23578503559, -62202.535534207294, -57842.2019293549, -59369.183703563656, -67560.91923247806, -63974.112447990476, -72717.95841669542, -68480.82762728067, 0.084, 0.964, -0.176, 192.0, 0.0, 0.0, 0.0, 0.0, 0.0, 0.0, 0.0, 0.0, 0.0, 1.741116415633149E9, 0.0, 2025-03-04 13:26:55.633
27.0, -66858.04627633646, -62174.707612360435, -57848.39336256902, -59371.37417452028, -67564.96489822447, -63976.9511195363, -72704.79323921124, -68475.77613303377, 0.084, 0.964, -0.176, 192.0, 0.0, 0.0, 0.0, 0.0, 0.0, 0.0, 0.0, 0.0, 0.0, 1.741116415633171E9, 0.0, 2025-03-04 13:26:55.633
28.0, -66845.3281337414, -62215.27602854682, -57844.12417937806, -59372.93879663215, -67558.63935454361, -63963.56242460757, -72687.73885819183, -68457.85003398062, 0.084, 0.966, -0.184, 192.0, 2.0, 160.0, 30.0, 48.0, 250.0, 64.0, 0.0, 0.0, 0.0, 1.741116415633195E9, 0.0, 2025-03-04 13:26:55.633
29.0, -66854.24647977906, -62253.5422150543, -57846.44876080141, -59376.738593189555, -67559.26520338836, -63960.72375306175, -72697.75243970781, -68465.89666198453, 0.084, 0.966, -0.184, 192.0, 0.0, 0.0, 0.0, 0.0, 0.0, 0.0, 0.0, 0.0, 0.0, 1.741116415633219E9, 0.0, 2025-03-04 13:26:55.633
30.0, -66866.96462237414, -62217.287685547795, -57852.841359715625, -59374.145790832736, -67570.03874421582, -63965.48467463073, -72709.97884392487, -68468.3106503857, 0.084, 0.966, -0.184, 192.0, 0.0, 0.0, 0.0, 0.0, 0.0, 0.0, 0.0, 0.0, 0.0, 1.741116415693572E9, 0.0, 2025-03-04 13:26:55.693
31.0, -66862.8295496499, -62176.47340017241, -57850.22620561436, -59365.92034887319, -67570.50813084938, -63958.935613505324, -72681.94975637792, -68460.9569264599, 0.084, 0.966, -0.184, 192.0, 0.0, 0.0, 0.0, 0.0, 0.0, 0.0, 0.0, 0.0, 0.0, 1.741116415693609E9, 0.0, 2025-03-04 13:26:55.693
32.0, -66855.40877049074, -62209.64338894408, -57838.46918803087, -59364.04280233894, -67559.57812781073, -63948.83262501152, -72660.76030263428, -68450.85393796611, 0.084, 0.966, -0.184, 192.0, 0.0, 0.0, 0.0, 0.0, 0.0, 0.0, 0.0, 0.0, 0.0, 1.74111641569363E9, 0.0, 2025-03-04 13:26:55.693
33.0, -66843.74115988507, -62253.27399412084, -57830.17669083794, -59373.22936931007, -67554.28076437482, -63951.96186923527, -72663.68838115793, -68445.86949895257, 0.084, 0.966, -0.184, 192.0, 0.0, 0.0, 0.0, 0.0, 0.0, 0.0, 0.0, 0.0, 0.0, 1.741116415693655E9, 0.0, 2025-03-04 13:26:55.693
34.0, -66856.97339260261, -62230.586973498706, -57838.44683628641, -59380.158410091215, -67571.02222097185, -63968.41275315437, -72687.6047477251, -68464.86848173958, 0.084, 0.966, -0.184, 192.0, 0.0, 0.0, 0.0, 0.0, 0.0, 0.0, 0.0, 0.0, 0.0, 1.741116415693676E9, 0.0, 2025-03-04 13:26:55.693
35.0, -66851.54191869998, -62178.23918798437, -57834.736446706826, -59369.58603496385, -67568.07179070375, -63964.85882578598, -72678.9546226209, -68461.24749913783, 0.084, 0.966, -0.184, 192.0, 0.0, 0.0, 0.0, 0.0, 0.0, 0.0, 0.0, 0.0, 0.0, 1.741116415693703E9, 0.0, 2025-03-04 13:26:55.693
36.0, -66854.53705245699, -62202.1332028071, -57836.5022345188, -59368.40139250772, -67567.66945930356, -63962.53424436263, -72674.88660513003, -68455.12312115707, 0.084, 0.966, -0.184, 192.0, 0.0, 0.0, 0.0, 0.0, 0.0, 0.0, 0.0, 0.0, 0.0, 1.741116415693724E9, 0.0, 2025-03-04 13:26:55.693
37.0, -66863.36599151684, -62257.051438933784, -57844.48180728934, -59385.88045667177, -67573.45856111748, -63970.335003177526, -72672.47261672886, -68460.5098915708, 0.084, 0.964, -0.186, 192.0, 2.0, 160.0, 30.0, 32.0, 250.0, 48.0, 0.0, 0.0, 0.0, 1.741116415693746E9, 0.0, 2025-03-04 13:26:55.693
38.0, -66869.17744507521, -62249.943584197, -57846.627574757054, -59388.29444507295, -67577.07954371924, -63978.96277653728, -72676.25006154181, -68472.57983357666, 0.084, 0.964, -0.186, 192.0, 0.0, 0.0, 0.0, 0.0, 0.0, 0.0, 0.0, 0.0, 0.0, 1.741116415693774E9, 0.0, 2025-03-04 13:26:55.693
39.0, -66867.90339564126, -62187.02342355531, -57842.51485377728, -59376.98446237856, -67573.27974716184, -63978.314575948076, -72670.81858763917, -68462.36508636059, 0.084, 0.964, -0.186, 192.0, 0.0, 0.0, 0.0, 0.0, 0.0, 0.0, 0.0, 0.0, 0.0, 1.741116415693804E9, 0.0, 2025-03-04 13:26:55.693
40.0, -66866.74110492958, -62201.66381617354, -57841.26315608778, -59375.978633878076, -67566.90949999208, -63971.83257005603, -72668.47165447136, -68445.78009197475, 0.084, 0.964, -0.186, 192.0, 0.0, 0.0, 0.0, 0.0, 0.0, 0.0, 0.0, 0.0, 0.0, 1.741116415693825E9, 0.0, 2025-03-04 13:26:55.693
41.0, -66858.64977343676, -62251.93288945352, -57836.23401358534, -59381.67832871417, -67561.14274992261, -63969.10565723249, -72669.36572424957, -68449.33401934315, 0.084, 0.964, -0.186, 192.0, 0.0, 0.0, 0.0, 0.0, 0.0, 0.0, 0.0, 0.0, 0.0, 1.741116415693847E9, 0.0, 2025-03-04 13:26:55.693
42.0, -66860.34850601536, -62257.85610173418, -57837.06102813018, -59384.60640723782, -67566.10483719168, -63978.22516897025, -72672.38320975105, -68471.64106030954, 0.084, 0.964, -0.186, 192.0, 0.0, 0.0, 0.0, 0.0, 0.0, 0.0, 0.0, 0.0, 0.0, 1.741116415693867E9, 0.0, 2025-03-04 13:26:55.693
43.0, -66867.05402935196, -62196.947598093466, -57837.955097908394, -59371.95531987612, -67571.49160760542, -63978.42633467035, -72680.51924473277, -68471.08226669815, 0.084, 0.964, -0.186, 192.0, 0.0, 0.0, 0.0, 0.0, 0.0, 0.0, 0.0, 0.0, 0.0, 1.741116415693891E9, 0.0, 2025-03-04 13:26:55.693
44.0, -66852.86067162284, -62193.39367072507, -57825.169900079956, -59358.58897669184, -67556.51593882036, -63958.68974431631, -72665.96825909236, -68430.13387085604, 0.084, 0.964, -0.186, 192.0, 0.0, 0.0, 0.0, 0.0, 0.0, 0.0, 0.0, 0.0, 0.0, 1.741116415693913E9, 0.0, 2025-03-04 13:26:55.693
45.0, -66858.60506994785, -62247.30607835127, -57824.54405123521, -59367.0602878404, -67556.85121498718, -63964.63530834143, -72653.13835777502, -68427.67517896595, 0.084, 0.964, -0.186, 192.0, 0.0, 0.0, 0.0, 0.0, 0.0, 0.0, 0.0, 0.0, 0.0, 1.741116415752062E9, 0.0, 2025-03-04 13:26:55.752
46.0, -66865.9811456181, -62272.0494594633, -57827.02509486975, -59370.27893904197, -67562.64031680112, -63970.15618922189, -72669.7010004164, -68446.09301639712, 0.084, 0.964, -0.186, 192.0, 0.0, 0.0, 0.0, 0.0, 0.0, 0.0, 0.0, 0.0, 0.0, 1.741116415752111E9, 0.0, 2025-03-04 13:26:55.752
47.0, -66866.36112527385, -62206.55884820925, -57822.82296691215, -59355.347973745826, -67562.26033714537, -63969.66445084387, -72675.89243363052, -68457.93944095843, 0.08600000000000001, 0.96, -0.178, 192.0, 2.0, 176.0, 30.0, 0.0, 250.0, 112.0, 0.0, 0.0, 0.0, 1.741116415752134E9, 0.0, 2025-03-04 13:26:55.752
48.0, -66862.60603220535, -62189.63857765658, -57825.90750764698, -59355.012697579, -67563.82495925724, -63975.498256146704, -72682.15092207801, -68469.87527249758, 0.08600000000000001, 0.96, -0.178, 192.0, 0.0, 0.0, 0.0, 0.0, 0.0, 0.0, 0.0, 0.0, 0.0, 1.741116415752162E9, 0.0, 2025-03-04 13:26:55.752
49.0, -66853.66533442323, -62235.61611600115, -57820.78895816672, -59354.766828389984, -67557.61117429867, -63965.55172986409, -72681.32390753317, -68442.404978562, 0.08600000000000001, 0.96, -0.178, 192.0, 0.0, 0.0, 0.0, 0.0, 0.0, 0.0, 0.0, 0.0, 0.0, 1.741116415752184E9, 0.0, 2025-03-04 13:26:55.752
50.0, -66854.49234896808, -62267.57911057224, -57819.80548141069, -59355.012697579, -67557.11943592066, -63966.60226185349, -72683.08969534513, -68445.48951929683, 0.08600000000000001, 0.96, -0.178, 192.0, 0.0, 0.0, 0.0, 0.0, 0.0, 0.0, 0.0, 0.0, 0.0, 1.741116415752209E9, 0.0, 2025-03-04 13:26:55.752
51.0, -66866.00349736256, -62216.55007798077, -57826.354542536086, -59354.163331289696, -67564.8978429911, -63975.40884916888, -72674.39486675202, -68453.96083044539, 0.08600000000000001, 0.96, -0.178, 192.0, 0.0, 0.0, 0.0, 0.0, 0.0, 0.0, 0.0, 0.0, 0.0, 1.741116415752233E9, 0.0, 2025-03-04 13:26:55.752
52.0, -66880.37566904732, -62186.46462994393, -57838.648001986505, -59354.38684873425, -67572.60919482818, -63981.66733761637, -72682.48619824483, -68468.1094846856, 0.08600000000000001, 0.96, -0.178, 192.0, 0.0, 0.0, 0.0, 0.0, 0.0, 0.0, 0.0, 0.0, 0.0, 1.741116415752255E9, 0.0, 2025-03-04 13:26:55.752
53.0, -66871.97141313212, -62231.682208977014, -57838.8491676866, -59359.01365983649, -67568.20590117048, -63978.62750037045, -72675.5571574637, -68464.37674336157, 0.08600000000000001, 0.96, -0.178, 192.0, 0.0, 0.0, 0.0, 0.0, 0.0, 0.0, 0.0, 0.0, 0.0, 1.741116415752276E9, 0.0, 2025-03-04 13:26:55.752
54.0, -66862.96366011664, -62266.5956338162, -57832.32245830566, -59360.10889531481, -67562.99794471239, -63973.821875312555, -72671.3550295061, -68456.37481884657, 0.08600000000000001, 0.96, -0.178, 192.0, 0.0, 0.0, 0.0, 0.0, 0.0, 0.0, 0.0, 0.0, 0.0, 1.741116415752304E9, 0.0, 2025-03-04 13:26:55.752
55.0, -66854.91703211273, -62218.22645881492, -57822.17476632295, -59349.26829925398, -67557.41000859857, -63967.049296742596, -72679.13343657654, -68453.71496125638, 0.08600000000000001, 0.96, -0.178, 192.0, 0.0, 0.0, 0.0, 0.0, 0.0, 0.0, 0.0, 0.0, 0.0, 1.741116415752326E9, 0.0, 2025-03-04 13:26:55.752
56.0, -66861.26492753804, -62171.913644303524, -57828.96969663736, -59349.111837042794, -67562.99794471239, -63973.196026467805, -72678.82051215417, -68462.81212124969, 0.08600000000000001, 0.96, -0.178, 192.0, 0.0, 0.0, 0.0, 0.0, 0.0, 0.0, 0.0, 0.0, 0.0, 1.741116415752348E9, 0.0, 2025-03-04 13:26:55.752
57.0, -66865.22118630662, -62214.65017970207, -57832.858900172585, -59363.01462209399, -67560.31573537776, -63971.76551482267, -72663.77778813575, -68467.23776665184, 0.084, 0.964, -0.184, 192.0, 2.0, 160.0, 30.0, 32.0, 250.0, 64.0, 0.0, 0.0, 0.0, 1.74111641575237E9, 0.0, 2025-03-04 13:26:55.752
58.0, -66860.75083741556, -62256.917328467054, -57826.17572858045, -59362.4111249937, -67550.52567130634, -63959.337944905514, -72651.5960874076, -68444.19311811842, 0.084, 0.964, -0.184, 192.0, 0.0, 0.0, 0.0, 0.0, 0.0, 0.0, 0.0, 0.0, 0.0, 1.741116415752394E9, 0.0, 2025-03-04 13:26:55.752
59.0, -66859.11916007032, -62229.06705487574, -57831.11546410507, -59355.30327025691, -67557.63352604312, -63964.18827345232, -72661.31909624566, -68448.88698445405, 0.084, 0.964, -0.184, 192.0, 0.0, 0.0, 0.0, 0.0, 0.0, 0.0, 0.0, 0.0, 0.0, 1.741116415752418E9, 0.0, 2025-03-04 13:26:55.752
60.0, -66852.81596813393, -62173.88059781559, -57830.93665014943, -59351.011735321496, -67557.63352604312, -63962.80246529609, -72666.5494044482, -68451.41273157748, 0.084, 0.964, -0.184, 192.0, 0.0, 0.0, 0.0, 0.0, 0.0, 0.0, 0.0, 0.0, 0.0, 1.741116415812422E9, 0.0, 2025-03-04 13:26:55.812
61.0, -66867.2328433076, -62203.720176663424, -57844.660621244984, -59366.948529118126, -67567.35653488118, -63976.36997418046, -72685.23546281284, -68467.34952537413, 0.084, 0.964, -0.184, 192.0, 0.0, 0.0, 0.0, 0.0, 0.0, 0.0, 0.0, 0.0, 0.0, 1.741116415812468E9, 0.0, 2025-03-04 13:26:55.812
62.0, -66864.50593048405, -62268.13790418362, -57845.867615445575, -59383.19824733714, -67564.33904937972, -63979.09688700401, -72683.08969534513, -68466.03077245125, 0.084, 0.964, -0.184, 192.0, 0.0, 0.0, 0.0, 0.0, 0.0, 0.0, 0.0, 0.0, 0.0, 1.741116415812491E9, 0.0, 2025-03-04 13:26:55.812
63.0, -66861.7343141716, -62256.35853485567, -57837.753932208296, -59370.83773265335, -67561.96976446746, -63976.3029189471, -72668.404599238, -68449.73635074335, 0.084, 0.964, -0.184, 192.0, 0.0, 0.0, 0.0, 0.0, 0.0, 0.0, 0.0, 0.0, 0.0, 1.741116415812512E9, 0.0, 2025-03-04 13:26:55.812
64.0, -66864.17065431722, -62192.45489745795, -57838.89387117552, -59364.89216862824, -67569.949337238, -63980.43799167133, -72671.5561952062, -68464.42144685048, 0.084, 0.964, -0.184, 192.0, 0.0, 0.0, 0.0, 0.0, 0.0, 0.0, 0.0, 0.0, 0.0, 1.741116415812537E9, 0.0, 2025-03-04 13:26:55.812
65.0, -66861.06376183794, -62207.74349066538, -57835.0493711292, -59361.82997963786, -67563.93671797952, -63973.128971234444, -72661.78848287923, -68453.15616764501, 0.084, 0.964, -0.184, 192.0, 0.0, 0.0, 0.0, 0.0, 0.0, 0.0, 0.0, 0.0, 0.0, 1.741116415812562E9, 0.0, 2025-03-04 13:26:55.812
66.0, -66853.1288925563, -62256.716162766956, -57821.86184190057, -59357.87372086928, -67550.3468573507, -63957.885081515924, -72652.04312229672, -68445.91420244148, 0.084, 0.964, -0.184, 192.0, 0.0, 0.0, 0.0, 0.0, 0.0, 0.0, 0.0, 0.0, 0.0, 1.74111641581259E9, 0.0, 2025-03-04 13:26:55.812
67.0, -66862.29310778297, -62262.594671558705, -57825.39341752451, -59361.360593004305, -67557.7452847654, -63965.46232288627, -72663.71073290239, -68454.38551359004, 0.08600000000000001, 0.964, -0.186, 192.0, 2.0, 176.0, 30.0, 32.0, 250.0, 48.0, 0.0, 0.0, 0.0, 1.741116415812612E9, 0.0, 2025-03-04 13:26:55.812
68.0, -66858.04627633646, -62197.55109519376, -57820.65484769999, -59347.63662190874, -67560.27103188886, -63964.747067063705, -72670.99740159481, -68454.83254847916, 0.08600000000000001, 0.964, -0.186, 192.0, 0.0, 0.0, 0.0, 0.0, 0.0, 0.0, 0.0, 0.0, 0.0, 1.741116415812636E9, 0.0, 2025-03-04 13:26:55.812
69.0, -66856.66046818024, -62191.02438581281, -57820.2972197887, -59340.46171193859, -67562.08152318973, -63963.24950018519, -72670.907994617, -68453.04440892272, 0.08600000000000001, 0.964, -0.186, 192.0, 0.0, 0.0, 0.0, 0.0, 0.0, 0.0, 0.0, 0.0, 0.0, 1.741116415812664E9, 0.0, 2025-03-04 13:26:55.812
70.0, -66844.81404361893, -62238.812415458255, -57816.51977497576, -59345.15557827421, -67560.42749410003, -63958.82385478305, -72670.43860798342, -68443.67902799595, 0.08600000000000001, 0.964, -0.186, 192.0, 0.0, 0.0, 0.0, 0.0, 0.0, 0.0, 0.0, 0.0, 0.0, 1.741116415812686E9, 0.0, 2025-03-04 13:26:55.812
71.0, -66841.21541276162, -62260.784180257826, -57812.42940574043, -59345.5579096744, -67554.43722658601, -63956.767494293155, -72667.3987707375, -68447.94821118691, 0.08600000000000001, 0.964, -0.186, 192.0, 0.0, 0.0, 0.0, 0.0, 0.0, 0.0, 0.0, 0.0, 0.0, 1.741116415812707E9, 0.0, 2025-03-04 13:26:55.812
72.0, -66848.85970936534, -62198.69103416098, -57817.123272076045, -59339.50058692701, -67561.76859876736, -63961.81898854006, -72678.3064220317, -68457.85003398062, 0.08600000000000001, 0.964, -0.186, 192.0, 0.0, 0.0, 0.0, 0.0, 0.0, 0.0, 0.0, 0.0, 0.0, 1.741116415812733E9, 0.0, 2025-03-04 13:26:55.812
73.0, -66850.69255241068, -62181.010804296835, -57824.476996001846, -59341.355781716804, -67563.37792436813, -63963.338907163015, -72680.69805868842, -68456.53128105776, 0.08600000000000001, 0.964, -0.186, 192.0, 0.0, 0.0, 0.0, 0.0, 0.0, 0.0, 0.0, 0.0, 0.0, 1.741116415812753E9, 0.0, 2025-03-04 13:26:55.812
74.0, -66847.71977039812, -62230.02817988732, -57823.22529831235, -59351.0564388104, -67553.99019169691, -63961.57311935105, -72655.28412524273, -68455.61485953508, 0.08600000000000001, 0.964, -0.186, 192.0, 0.0, 0.0, 0.0, 0.0, 0.0, 0.0, 0.0, 0.0, 0.0, 1.741116415812778E9, 0.0, 2025-03-04 13:26:55.812
75.0, -66843.65175290724, -62264.069886692756, -57827.36037103658, -59364.53454071695, -67560.67336328905, -63972.65958460088, -72669.72335216086, -68471.97633647636, 0.08600000000000001, 0.964, -0.186, 192.0, 0.0, 0.0, 0.0, 0.0, 0.0, 0.0, 0.0, 0.0, 0.0, 1.741116415872706E9, 0.0, 2025-03-04 13:26:55.872
76.0, -66852.83831987838, -62209.64338894408, -57829.48378675983, -59360.734744159556, -67563.64614530161, -63977.1522852364, -72671.69030567292, -68472.02103996529, 0.08600000000000001, 0.964, -0.186, 192.0, 0.0, 0.0, 0.0, 0.0, 0.0, 0.0, 0.0, 0.0, 0.0, 1.741116415872754E9, 0.0, 2025-03-04 13:26:55.872
77.0, -66856.10167456885, -62171.1760367365, -57837.53041476374, -59358.16429354719, -67569.23408141543, -63978.26987245916, -72683.89435814552, -68460.08520842614, 0.08600000000000001, 0.962, -0.186, 192.0, 2.0, 176.0, 30.0, 16.0, 250.0, 48.0, 0.0, 0.0, 0.0, 1.741116415872776E9, 0.0, 2025-03-04 13:26:55.872
78.0, -66858.96269785914, -62218.22645881492, -57842.6042607551, -59372.0670785984, -67568.47412210394, -63980.885026560434, -72685.95071863542, -68461.85099623812, 0.08600000000000001, 0.962, -0.186, 192.0, 0.0, 0.0, 0.0, 0.0, 0.0, 0.0, 0.0, 0.0, 0.0, 1.7411164158728E9, 0.0, 2025-03-04 13:26:55.872
79.0, -66859.2309187926, -62261.119456424654, -57839.54207176472, -59379.48785775756, -67562.84148250122, -63982.56140739458, -72672.38320975105, -68463.21445264989, 0.08600000000000001, 0.962, -0.186, 192.0, 0.0, 0.0, 0.0, 0.0, 0.0, 0.0, 0.0, 0.0, 0.0, 1.741116415872826E9, 0.0, 2025-03-04 13:26:55.872
80.0, -66859.34267751488, -62218.65114195957, -57832.45656877239, -59368.334337274355, -67557.27589813183, -63977.77813408115, -72654.27829674224, -68457.69357176943, 0.08600000000000001, 0.962, -0.186, 192.0, 0.0, 0.0, 0.0, 0.0, 0.0, 0.0, 0.0, 0.0, 0.0, 1.741116415872863E9, 0.0, 2025-03-04 13:26:55.872
81.0, -66863.00836360555, -62172.181865236984, -57839.139740364524, -59364.93687211715, -67562.14857842309, -63980.01330852668, -72665.76709339226, -68465.00259220632, 0.08600000000000001, 0.962, -0.186, 192.0, 0.0, 0.0, 0.0, 0.0, 0.0, 0.0, 0.0, 0.0, 0.0, 1.741116415872887E9, 0.0, 2025-03-04 13:26:55.872
82.0, -66861.0861135824, -62204.16721155253, -57839.989106653826, -59370.6142152088, -67559.44401734401, -63980.08036376004, -72665.23065152534, -68475.6643743115, 0.08600000000000001, 0.962, -0.186, 192.0, 0.0, 0.0, 0.0, 0.0, 0.0, 0.0, 0.0, 0.0, 0.0, 1.741116415872909E9, 0.0, 2025-03-04 13:26:55.872
83.0, -66879.01221263554, -62258.258433134375, -57850.80735097019, -59385.61223573831, -67566.84244475872, -63986.80823884109, -72674.12664581856, -68476.73725804535, 0.08600000000000001, 0.962, -0.186, 192.0, 0.0, 0.0, 0.0, 0.0, 0.0, 0.0, 0.0, 0.0, 0.0, 1.741116415872934E9, 0.0, 2025-03-04 13:26:55.872
84.0, -66878.65458472427, -62239.304153836274, -57847.476941046356, -59385.43342178267, -67569.70346804899, -63986.070631274066, -72676.11595107507, -68452.35150484461, 0.08600000000000001, 0.962, -0.186, 192.0, 0.0, 0.0, 0.0, 0.0, 0.0, 0.0, 0.0, 0.0, 0.0, 1.74111641587296E9, 0.0, 2025-03-04 13:26:55.872
85.0, -66855.94521235766, -62173.85824607113, -57839.653830487, -59362.679345927165, -67569.70346804899, -63985.355375451494, -72679.3569540211, -68463.10269392762, 0.08600000000000001, 0.962, -0.186, 192.0, 0.0, 0.0, 0.0, 0.0, 0.0, 0.0, 0.0, 0.0, 0.0, 1.741116415872982E9, 0.0, 2025-03-04 13:26:55.872
86.0, -66856.90633736925, -62195.8300108707, -57837.39630429701, -59362.65699418271, -67561.18745341152, -63978.314575948076, -72675.62421269706, -68459.97344970387, 0.08600000000000001, 0.962, -0.186, 192.0, 0.0, 0.0, 0.0, 0.0, 0.0, 0.0, 0.0, 0.0, 0.0, 1.741116415873003E9, 0.0, 2025-03-04 13:26:55.873
87.0, -66860.79554090447, -62249.20597662997, -57837.97744965285, -59374.212846066104, -67560.40514235558, -63980.97443353826, -72683.71554418988, -68457.49240606933, 0.082, 0.962, -0.198, 192.0, 2.0, 144.0, 30.0, 16.0, 249.0, 208.0, 0.0, 0.0, 0.0, 1.741116415873025E9, 0.0, 2025-03-04 13:26:55.873
88.0, -66875.95002364517, -62256.53734881132, -57845.19706311191, -59385.70164271613, -67571.06692446077, -63993.37965171095, -72689.75051519282, -68477.89954875702, 0.082, 0.962, -0.198, 192.0, 0.0, 0.0, 0.0, 0.0, 0.0, 0.0, 0.0, 0.0, 0.0, 1.741116415873049E9, 0.0, 2025-03-04 13:26:55.873
89.0, -66874.27364281102, -62196.657025415545, -57833.50710076179, -59371.4635814981, -67565.76956102486, -63987.47879117475, -72659.97799157834, -68465.6060893066, 0.082, 0.962, -0.198, 192.0, 0.0, 0.0, 0.0, 0.0, 0.0, 0.0, 0.0, 0.0, 0.0, 1.741116415873073E9, 0.0, 2025-03-04 13:26:55.873
90.0, -66865.26588979553, -62202.42377548502, -57823.985257623826, -59355.906767357206, -67557.52176732085, -63973.10661948998, -72658.68159039994, -68450.89864145502, 0.082, 0.962, -0.198, 192.0, 0.0, 0.0, 0.0, 0.0, 0.0, 0.0, 0.0, 0.0, 0.0, 1.741116415932785E9, 0.0, 2025-03-04 13:26:55.932
91.0, -66871.70319219866, -62253.67632552104, -57830.55667049369, -59365.58507270635, -67563.98142146843, -63977.64402361441, -72671.04210508372, -68463.41561834999, 0.082, 0.962, -0.198, 192.0, 0.0, 0.0, 0.0, 0.0, 0.0, 0.0, 0.0, 0.0, 0.0, 1.741116415932817E9, 0.0, 2025-03-04 13:26:55.932
92.0, -66864.37182001732, -62261.32062212475, -57826.17572858045, -59368.84842739683, -67565.99307846942, -63975.31944219106, -72678.57464296516, -68465.04729569523, 0.082, 0.962, -0.198, 192.0, 0.0, 0.0, 0.0, 0.0, 0.0, 0.0, 0.0, 0.0, 0.0, 1.741116415932849E9, 0.0, 2025-03-04 13:26:55.932
93.0, -66863.76832291702, -62194.17598178101, -57816.408016253474, -59346.116703285785, -67562.90853773458, -63968.05512524309, -72674.66308768548, -68469.69645854193, 0.082, 0.962, -0.198, 192.0, 0.0, 0.0, 0.0, 0.0, 0.0, 0.0, 0.0, 0.0, 0.0, 1.741116415932871E9, 0.0, 2025-03-04 13:26:55.932
94.0, -66861.01905834902, -62190.577350923704, -57815.06691158616, -59345.24498525202, -67559.95810746647, -63965.75289556419, -72677.18883480893, -68470.4564178534, 0.082, 0.962, -0.198, 192.0, 0.0, 0.0, 0.0, 0.0, 0.0, 0.0, 0.0, 0.0, 0.0, 1.741116415932896E9, 0.0, 2025-03-04 13:26:55.932
95.0, -66850.44668322167, -62234.36441831165, -57807.400263237985, -59344.12739802926, -67553.58786029671, -63955.314630903566, -72675.37834350805, -68447.94821118691, 0.082, 0.962, -0.198, 192.0, 0.0, 0.0, 0.0, 0.0, 0.0, 0.0, 0.0, 0.0, 0.0, 1.741116415932918E9, 0.0, 2025-03-04 13:26:55.932
96.0, -66859.32032577042, -62265.67921229354, -57818.35261802109, -59359.14777030323, -67564.18258716853, -63966.31168917557, -72673.54550046271, -68458.78880724774, 0.082, 0.962, -0.198, 192.0, 0.0, 0.0, 0.0, 0.0, 0.0, 0.0, 0.0, 0.0, 0.0, 1.741116415932948E9, 0.0, 2025-03-04 13:26:55.932
97.0, -66874.78773293349, -62215.544249480285, -57830.131987349036, -59360.48887497054, -67575.93960475203, -63974.22420671275, -72687.94002389193, -68473.98799347735, 0.082, 0.968, -0.2, 192.0, 2.0, 144.0, 30.0, 64.0, 249.0, 192.0, 0.0, 0.0, 0.0, 1.74111641593297E9, 0.0, 2025-03-04 13:26:55.932
98.0, -66859.61089844834, -62194.31009224774, -57824.07466460165, -59351.771694632975, -67564.45080810199, -63960.61199433947, -72678.41818075397, -68455.65956302399, 0.082, 0.968, -0.2, 192.0, 0.0, 0.0, 0.0, 0.0, 0.0, 0.0, 0.0, 0.0, 0.0, 1.741116415932993E9, 0.0, 2025-03-04 13:26:55.932
99.0, -66862.1813490607, -62240.153520125576, -57830.467263515864, -59364.93687211715, -67566.50716859188, -63965.574081608545, -72683.60378546761, -68459.74993225932, 0.082, 0.968, -0.2, 192.0, 0.0, 0.0, 0.0, 0.0, 0.0, 0.0, 0.0, 0.0, 0.0, 1.741116415933027E9, 0.0, 2025-03-04 13:26:55.933
100.0, -66860.2367472931, -62271.535369340825, -57831.07076061616, -59363.662822683196, -67566.10483719168, -63968.56921536556, -72691.09161986013, -68469.02590620828, 0.082, 0.968, -0.2, 192.0, 0.0, 0.0, 0.0, 0.0, 0.0, 0.0, 0.0, 0.0, 0.0, 1.741116415933049E9, 0.0, 2025-03-04 13:26:55.933
101.0, -66865.26588979553, -62221.22159257193, -57833.32828680614, -59362.88051162726, -67568.80939827078, -63976.45938115828, -72693.72912570585, -68478.39128713505, 0.082, 0.968, -0.2, 192.0, 0.0, 0.0, 0.0, 0.0, 0.0, 0.0, 0.0, 0.0, 0.0, 1.74111641593307E9, 0.0, 2025-03-04 13:26:55.933
102.0, -66882.76730570404, -62194.37714748111, -57849.130970136044, -59371.95531987612, -67573.50326460639, -63983.47782891725, -72697.1042391186, -68480.2688336693, 0.082, 0.968, -0.2, 192.0, 0.0, 0.0, 0.0, 0.0, 0.0, 0.0, 0.0, 0.0, 0.0, 1.741116415933091E9, 0.0, 2025-03-04 13:26:55.933
103.0, -66882.54378825949, -62237.87364219113, -57849.80152246971, -59379.599616479834, -67565.50134009139, -63978.60514862599, -72681.86034940009, -68475.82083652269, 0.082, 0.968, -0.2, 192.0, 0.0, 0.0, 0.0, 0.0, 0.0, 0.0, 0.0, 0.0, 0.0, 1.741116415933113E9, 0.0, 2025-03-04 13:26:55.933
104.0, -66872.32904104341, -62281.951282256996, -57844.48180728934, -59382.57239849239, -67557.52176732085, -63972.45841890078, -72664.62715442505, -68452.3068013557, 0.082, 0.968, -0.2, 192.0, 0.0, 0.0, 0.0, 0.0, 0.0, 0.0, 0.0, 0.0, 0.0, 1.741116415933137E9, 0.0, 2025-03-04 13:26:55.933
105.0, -66876.77703819002, -62242.83572946021, -57844.90649043399, -59375.6657094557, -67562.52855807883, -63973.41954391236, -72684.45315175691, -68444.08135939615, 0.082, 0.968, -0.2, 192.0, 0.0, 0.0, 0.0, 0.0, 0.0, 0.0, 0.0, 0.0, 0.0, 1.741116415994675E9, 0.0, 2025-03-04 13:26:55.994
106.0, -66897.85473321137, -62205.485964475396, -57864.12899066556, -59386.05927062742, -67578.3982966421, -63991.07742203205, -72697.19364609644, -68470.67993529796, 0.082, 0.968, -0.2, 192.0, 0.0, 0.0, 0.0, 0.0, 0.0, 0.0, 0.0, 0.0, 0.0, 1.741116415994706E9, 0.0, 2025-03-04 13:26:55.994
107.0, -66904.15792514777, -62248.043685918296, -57869.78398201275, -59392.98831140856, -67577.37011639716, -63992.3067679771, -72679.22284355437, -68475.93259524496, 0.084, 0.966, -0.20400000000000001, 192.0, 2.0, 160.0, 30.0, 48.0, 249.0, 160.0, 0.0, 0.0, 0.0, 1.74111641599475E9, 0.0, 2025-03-04 13:26:55.994
108.0, -66899.6875762567, -62295.11645974118, -57866.36416511109, -59398.57624752239, -67573.61502332868, -63986.38355569644, -72676.71944817537, -68472.13279868755, 0.084, 0.966, -0.20400000000000001, 192.0, 0.0, 0.0, 0.0, 0.0, 0.0, 0.0, 0.0, 0.0, 0.0, 1.741116415994774E9, 0.0, 2025-03-04 13:26:55.994
109.0, -66910.23759963961, -62280.78899154532, -57867.01236570029, -59392.58598000836, -67575.447866374, -63986.74118360772, -72676.0041923528, -68468.62357480808, 0.084, 0.966, -0.20400000000000001, 192.0, 0.0, 0.0, 0.0, 0.0, 0.0, 0.0, 0.0, 0.0, 0.0, 1.7411164159948E9, 0.0, 2025-03-04 13:26:55.994
110.0, -66904.00146293658, -62226.451900774475, -57861.42442958646, -59380.40427928022, -67569.85993026018, -63984.23778822873, -72666.39294223701, -68471.77517077628, 0.084, 0.966, -0.20400000000000001, 192.0, 0.0, 0.0, 0.0, 0.0, 0.0, 0.0, 0.0, 0.0, 0.0, 1.741116415994821E9, 0.0, 2025-03-04 13:26:55.994
111.0, -66906.79543099349, -62255.12918891063, -57864.68778427694, -59387.0650991279, -67572.36332563918, -63990.89860807641, -72677.50175923131, -68482.6157668371, 0.084, 0.966, -0.20400000000000001, 192.0, 0.0, 0.0, 0.0, 0.0, 0.0, 0.0, 0.0, 0.0, 0.0, 1.741116415994855E9, 0.0, 2025-03-04 13:26:55.994
112.0, -66916.47373634264, -62311.07560528226, -57865.17952265496, -59389.90377067373, -67575.4031628851, -63992.01619529918, -72678.99932610981, -68467.61774630759, 0.084, 0.966, -0.20400000000000001, 192.0, 0.0, 0.0, 0.0, 0.0, 0.0, 0.0, 0.0, 0.0, 0.0, 1.741116415994877E9, 0.0, 2025-03-04 13:26:55.994
113.0, -66908.65062578328, -62303.408956934094, -57849.33213583614, -59376.64918621173, -67566.95420348099, -63977.48756140323, -72671.69030567292, -68453.26792636728, 0.084, 0.966, -0.20400000000000001, 192.0, 0.0, 0.0, 0.0, 0.0, 0.0, 0.0, 0.0, 0.0, 0.0, 1.741116415994898E9, 0.0, 2025-03-04 13:26:55.994
114.0, -66915.73612877562, -62231.41398804355, -57845.39822881201, -59360.243005781536, -67570.03874421582, -63973.978337523746, -72677.16648306447, -68457.93944095843, 0.084, 0.966, -0.20400000000000001, 192.0, 0.0, 0.0, 0.0, 0.0, 0.0, 0.0, 0.0, 0.0, 0.0, 1.741116415994927E9, 0.0, 2025-03-04 13:26:55.994
115.0, -66904.64966352578, -62235.817281701246, -57839.92205142046, -59356.28674701295, -67561.43332260053, -63964.97058450826, -72665.99061083682, -68441.51090878379, 0.084, 0.966, -0.20400000000000001, 192.0, 0.0, 0.0, 0.0, 0.0, 0.0, 0.0, 0.0, 0.0, 0.0, 1.741116415994952E9, 0.0, 2025-03-04 13:26:55.994
116.0, -66882.3873260483, -62281.28072992334, -57831.00370538279, -59357.18081679116, -67552.6937905185, -63956.16399719287, -72658.16750027747, -68430.11151911158, 0.084, 0.966, -0.20400000000000001, 192.0, 0.0, 0.0, 0.0, 0.0, 0.0, 0.0, 0.0, 0.0, 0.0, 1.741116415994974E9, 0.0, 2025-03-04 13:26:55.994
117.0, -66882.25321558157, -62291.741346328425, -57830.467263515864, -59356.01852607948, -67552.82790098523, -63961.170787950854, -72657.07226479915, -68439.52160352726, 0.082, 0.964, -0.20600000000000002, 192.0, 2.0, 144.0, 30.0, 32.0, 249.0, 144.0, 0.0, 0.0, 0.0, 1.741116415994996E9, 0.0, 2025-03-04 13:26:55.994
118.0, -66893.49614304259, -62226.720121707935, -57833.93178390644, -59345.87083409677, -67558.01350569887, -63965.70819207528, -72668.8069306382, -68450.76453098828, 0.082, 0.964, -0.20600000000000002, 192.0, 0.0, 0.0, 0.0, 0.0, 0.0, 0.0, 0.0, 0.0, 0.0, 1.741116415995019E9, 0.0, 2025-03-04 13:26:55.995
119.0, -66900.98397743511, -62225.84840367418, -57843.23010959985, -59354.47625571207, -67561.88035748963, -63972.61488111197, -72679.46871274337, -68464.42144685048, 0.082, 0.964, -0.20600000000000002, 192.0, 0.0, 0.0, 0.0, 0.0, 0.0, 0.0, 0.0, 0.0, 0.0, 1.741116415995044E9, 0.0, 2025-03-04 13:26:55.995
120.0, -66894.27845409852, -62271.267148407365, -57838.98327815334, -59361.137075559745, -67553.27493587435, -63970.15618922189, -72682.21797731137, -68480.80527553622, 0.082, 0.964, -0.20600000000000002, 192.0, 0.0, 0.0, 0.0, 0.0, 0.0, 0.0, 0.0, 0.0, 0.0, 1.741116415995066E9, 0.0, 2025-03-04 13:26:55.995
121.0, -66882.40967779275, -62288.321529426765, -57837.84333918612, -59363.19343604964, -67555.66657253106, -63968.52451187665, -72686.06247735769, -68470.18819691995, 0.082, 0.964, -0.20600000000000002, 192.0, 0.0, 0.0, 0.0, 0.0, 0.0, 0.0, 0.0, 0.0, 0.0, 1.74111641605357E9, 0.0, 2025-03-04 13:26:56.053
122.0, -66890.76923021904, -62232.665685733045, -57845.845263701114, -59361.360593004305, -67564.87549124664, -63971.40788691138, -72687.403582025, -68457.73827525834, 0.082, 0.964, -0.20600000000000002, 192.0, 0.0, 0.0, 0.0, 0.0, 0.0, 0.0, 0.0, 0.0, 0.0, 1.741116416053613E9, 0.0, 2025-03-04 13:26:56.053
123.0, -66880.86740742534, -62205.66477843103, -57840.190272353924, -59347.994249820025, -67552.42556958504, -63956.767494293155, -72673.94783186291, -68456.71009501339, 0.082, 0.964, -0.20600000000000002, 192.0, 0.0, 0.0, 0.0, 0.0, 0.0, 0.0, 0.0, 0.0, 0.0, 1.741116416053636E9, 0.0, 2025-03-04 13:26:56.053
124.0, -66868.99863111957, -62246.27789810633, -57837.39630429701, -59359.75126740352, -67548.06697941625, -63959.203834438784, -72667.21995678186, -68468.42240910798, 0.082, 0.964, -0.20600000000000002, 192.0, 0.0, 0.0, 0.0, 0.0, 0.0, 0.0, 0.0, 0.0, 0.0, 1.74111641605366E9, 0.0, 2025-03-04 13:26:56.053
125.0, -66875.70415445617, -62282.53242761284, -57844.325345078156, -59374.32460478838, -67554.9960201974, -63965.28350893063, -72679.08873308763, -68449.24461236532, 0.082, 0.964, -0.20600000000000002, 192.0, 0.0, 0.0, 0.0, 0.0, 0.0, 0.0, 0.0, 0.0, 0.0, 1.741116416053682E9, 0.0, 2025-03-04 13:26:56.053
126.0, -66877.73816320159, -62229.96112465396, -57845.26411834528, -59366.8144186514, -67560.31573537776, -63969.150360721396, -72691.02456462677, -68453.93847870093, 0.082, 0.964, -0.20600000000000002, 192.0, 0.0, 0.0, 0.0, 0.0, 0.0, 0.0, 0.0, 0.0, 0.0, 1.74111641605371E9, 0.0, 2025-03-04 13:26:56.053
127.0, -66880.35331730287, -62193.0807463027, -57852.014345170785, -59360.712392415095, -67567.11066569218, -63976.52643639165, -72702.33454732115, -68472.26690915429, 0.08, 0.962, -0.20400000000000001, 192.0, 2.0, 128.0, 30.0, 16.0, 249.0, 160.0, 0.0, 0.0, 0.0, 1.741116416053737E9, 0.0, 2025-03-04 13:26:56.053
128.0, -66888.3328900734, -62235.28083983432, -57857.06583941768, -59373.296424543434, -67570.37402038265, -63979.633328870936, -72696.99248039634, -68472.02103996529, 0.08, 0.962, -0.20400000000000001, 192.0, 0.0, 0.0, 0.0, 0.0, 0.0, 0.0, 0.0, 0.0, 0.0, 1.741116416053761E9, 0.0, 2025-03-04 13:26:56.053
129.0, -66877.44759052368, -62274.552854842295, -57847.90162419101, -59374.481066999564, -67566.66363080307, -63972.97250902325, -72682.73206743384, -68466.58956606264, 0.08, 0.962, -0.20400000000000001, 192.0, 0.0, 0.0, 0.0, 0.0, 0.0, 0.0, 0.0, 0.0, 0.0, 1.741116416053783E9, 0.0, 2025-03-04 13:26:56.053
130.0, -66861.7790176605, -62229.42468278703, -57837.57511825265, -59366.099162828825, -67566.46246510297, -63970.37970666644, -72684.92253839047, -68452.79853973372, 0.08, 0.962, -0.20400000000000001, 192.0, 0.0, 0.0, 0.0, 0.0, 0.0, 0.0, 0.0, 0.0, 0.0, 1.741116416053811E9, 0.0, 2025-03-04 13:26:56.053
131.0, -66862.04723859396, -62174.61820538261, -57832.501272261296, -59356.68907841314, -67562.48385458993, -63969.10565723249, -72678.12760807606, -68452.12798740006, 0.08, 0.962, -0.20400000000000001, 192.0, 0.0, 0.0, 0.0, 0.0, 0.0, 0.0, 0.0, 0.0, 0.0, 1.741116416053833E9, 0.0, 2025-03-04 13:26:56.053
132.0, -66869.19979681967, -62214.85134540217, -57843.610089255584, -59364.221616294584, -67571.17868318304, -63981.66733761637, -72682.01681161128, -68462.96858346088, 0.08, 0.962, -0.20400000000000001, 192.0, 0.0, 0.0, 0.0, 0.0, 0.0, 0.0, 0.0, 0.0, 0.0, 1.741116416053854E9, 0.0, 2025-03-04 13:26:56.053
133.0, -66870.29503229797, -62269.45665710648, -57842.0007636548, -59364.422781994675, -67567.33418313673, -63981.33206144954, -72667.89050911552, -68463.4603218389, 0.08, 0.962, -0.20400000000000001, 192.0, 0.0, 0.0, 0.0, 0.0, 0.0, 0.0, 0.0, 0.0, 0.0, 1.741116416053875E9, 0.0, 2025-03-04 13:26:56.053
134.0, -66880.95681440317, -62253.22929063193, -57846.4040573125, -59365.42861049517, -67573.5926715842, -63986.98705279673, -72678.70875343189, -68469.27177539728, 0.08, 0.962, -0.20400000000000001, 192.0, 0.0, 0.0, 0.0, 0.0, 0.0, 0.0, 0.0, 0.0, 0.0, 1.741116416053899E9, 0.0, 2025-03-04 13:26:56.053
135.0, -66876.28529981199, -62192.36549048013, -57844.951193922905, -59354.498607456524, -67573.39150588412, -63981.51087540518, -72680.18396856594, -68466.23193815135, 0.08, 0.962, -0.20400000000000001, 192.0, 0.0, 0.0, 0.0, 0.0, 0.0, 0.0, 0.0, 0.0, 0.0, 1.741116416053921E9, 0.0, 2025-03-04 13:26:56.053
136.0, -66871.6361369653, -62210.53745872229, -57835.29524031821, -59351.92815684416, -67561.23215690043, -63967.94336652081, -72673.81372139617, -68457.06772292468, 0.08, 0.962, -0.20400000000000001, 192.0, 0.0, 0.0, 0.0, 0.0, 0.0, 0.0, 0.0, 0.0, 0.0, 1.741116416114197E9, 0.0, 2025-03-04 13:26:56.114
137.0, -66866.89756714077, -62253.65397377658, -57826.01926636926, -59350.005906821, -67552.0455899293, -63959.203834438784, -72673.94783186291, -68449.5575367877, 0.08, 0.96, -0.202, 192.0, 2.0, 128.0, 30.0, 0.0, 249.0, 176.0, 0.0, 0.0, 0.0, 1.741116416114246E9, 0.0, 2025-03-04 13:26:56.114
138.0, -66866.07055259592, -62249.295383607794, -57818.01734185426, -59343.18862476214, -67550.3915608396, -63961.05902922858, -72676.8535586421, -68454.87725196806, 0.08, 0.96, -0.202, 192.0, 0.0, 0.0, 0.0, 0.0, 0.0, 0.0, 0.0, 0.0, 0.0, 1.74111641611427E9, 0.0, 2025-03-04 13:26:56.114
139.0, -66868.19396831917, -62185.36939446562, -57810.753024906284, -59334.76201710248, -67545.00479042588, -63963.11538971846, -72663.93425034694, -68455.92778395746, 0.08, 0.96, -0.202, 192.0, 0.0, 0.0, 0.0, 0.0, 0.0, 0.0, 0.0, 0.0, 0.0, 1.741116416114296E9, 0.0, 2025-03-04 13:26:56.114
140.0, -66861.80136940496, -62188.900970089555, -57804.181612036424, -59332.41508393468, -67536.33231357722, -63954.1970436808, -72654.43475895343, -68447.94821118691, 0.08, 0.96, -0.202, 192.0, 0.0, 0.0, 0.0, 0.0, 0.0, 0.0, 0.0, 0.0, 0.0, 1.741116416114317E9, 0.0, 2025-03-04 13:26:56.114
141.0, -66857.01809609153, -62230.69873222098, -57799.95713233437, -59332.750360101505, -67539.12628163413, -63948.56440407806, -72668.62811668255, -68455.48074906836, 0.08, 0.96, -0.202, 192.0, 0.0, 0.0, 0.0, 0.0, 0.0, 0.0, 0.0, 0.0, 0.0, 1.741116416114342E9, 0.0, 2025-03-04 13:26:56.114
142.0, -66864.50593048405, -62242.50045329338, -57802.48287945782, -59332.3033252124, -67542.56845028025, -63946.66450579936, -72671.19856729491, -68455.52545255727, 0.08, 0.96, -0.202, 192.0, 0.0, 0.0, 0.0, 0.0, 0.0, 0.0, 0.0, 0.0, 0.0, 1.741116416114367E9, 0.0, 2025-03-04 13:26:56.114
143.0, -66870.27268055352, -62176.09342051666, -57804.78510913672, -59323.74260708602, -67548.51401430536, -63948.18442442232, -72681.70388718891, -68456.86655722458, 0.08, 0.96, -0.202, 192.0, 0.0, 0.0, 0.0, 0.0, 0.0, 0.0, 0.0, 0.0, 0.0, 1.741116416114389E9, 0.0, 2025-03-04 13:26:56.114
144.0, -66865.40000026226, -62173.85824607113, -57809.993065594805, -59328.10119725481, -67549.47513931694, -63945.56927032105, -72682.19562556692, -68457.11242641359, 0.08, 0.96, -0.202, 192.0, 0.0, 0.0, 0.0, 0.0, 0.0, 0.0, 0.0, 0.0, 0.0, 1.74111641611441E9, 0.0, 2025-03-04 13:26:56.114
145.0, -66862.8295496499, -62224.149671095576, -57809.45662372788, -59331.78923508993, -67541.65202875758, -63941.65771504137, -72671.57854695065, -68464.37674336157, 0.08, 0.96, -0.202, 192.0, 0.0, 0.0, 0.0, 0.0, 0.0, 0.0, 0.0, 0.0, 0.0, 1.741116416114437E9, 0.0, 2025-03-04 13:26:56.114
146.0, -66855.81110189094, -62250.5917847862, -57807.556725449176, -59341.10991252779, -67535.30413333228, -63940.338962118505, -72666.45999747039, -68461.64983053802, 0.08, 0.96, -0.202, 192.0, 0.0, 0.0, 0.0, 0.0, 0.0, 0.0, 0.0, 0.0, 0.0, 1.741116416114459E9, 0.0, 2025-03-04 13:26:56.114
147.0, -66868.46218925265, -62197.90872310504, -57812.988199351814, -59341.26637473898, -67542.41198806906, -63950.01726746766, -72678.68640168743, -68454.51962405677, 0.076, 0.962, -0.20400000000000001, 192.0, 2.0, 96.0, 30.0, 16.0, 249.0, 160.0, 0.0, 0.0, 0.0, 1.741116416114481E9, 0.0, 2025-03-04 13:26:56.114
148.0, -66871.25615730956, -62181.837818841675, -57825.32636229115, -59347.368400975276, -67549.02810442784, -63961.01432573966, -72688.2082448254, -68468.02007770778, 0.076, 0.962, -0.20400000000000001, 192.0, 0.0, 0.0, 0.0, 0.0, 0.0, 0.0, 0.0, 0.0, 0.0, 1.741116416114504E9, 0.0, 2025-03-04 13:26:56.114
149.0, -66873.26781431053, -62229.75995895386, -57831.316629805166, -59359.326584258866, -67550.63743002861, -63963.78594205212, -72687.11300934709, -68469.18236841945, 0.076, 0.962, -0.20400000000000001, 192.0, 0.0, 0.0, 0.0, 0.0, 0.0, 0.0, 0.0, 0.0, 0.0, 1.741116416114527E9, 0.0, 2025-03-04 13:26:56.114
150.0, -66861.26492753804, -62264.00283145939, -57828.7014757039, -59359.14777030323, -67546.25648811537, -63958.08624721602, -72681.39096276653, -68459.12408341457, 0.076, 0.962, -0.20400000000000001, 192.0, 0.0, 0.0, 0.0, 0.0, 0.0, 0.0, 0.0, 0.0, 0.0, 1.74111641611455E9, 0.0, 2025-03-04 13:26:56.114
151.0, -66862.784846161, -62212.01267385634, -57832.03188562774, -59352.37519173327, -67554.92896496403, -63970.73733457772, -72695.51726526229, -68496.94323503294, 0.076, 0.962, -0.20400000000000001, 192.0, 0.0, 0.0, 0.0, 0.0, 0.0, 0.0, 0.0, 0.0, 0.0, 1.741116416173573E9, 0.0, 2025-03-04 13:26:56.173
152.0, -66872.93253814371, -62179.37912695159, -57847.52164453526, -59360.13124705926, -67568.07179070375, -63982.33788995003, -72713.44336431543, -68482.23578718136, 0.076, 0.962, -0.20400000000000001, 192.0, 0.0, 0.0, 0.0, 0.0, 0.0, 0.0, 0.0, 0.0, 0.0, 1.741116416173619E9, 0.0, 2025-03-04 13:26:56.173
153.0, -66862.02488684951, -62215.58895296919, -57842.13487412153, -59361.338241259844, -67558.37113361016, -63970.71498283327, -72704.8602944446, -68453.13381590055, 0.076, 0.962, -0.20400000000000001, 192.0, 0.0, 0.0, 0.0, 0.0, 0.0, 0.0, 0.0, 0.0, 0.0, 1.741116416173642E9, 0.0, 2025-03-04 13:26:56.173
154.0, -66856.21343329114, -62259.711296523965, -57836.03284788524, -59361.51705521549, -67550.01158118386, -63967.742200820714, -72679.64752669902, -68456.41952233548, 0.076, 0.962, -0.20400000000000001, 192.0, 0.0, 0.0, 0.0, 0.0, 0.0, 0.0, 0.0, 0.0, 0.0, 1.741116416173663E9, 0.0, 2025-03-04 13:26:56.173
155.0, -66855.54288095748, -62227.32361880823, -57834.15530135099, -59358.36545924729, -67554.66074403057, -63977.21934046976, -72687.35887853609, -68468.42240910798, 0.076, 0.962, -0.20400000000000001, 192.0, 0.0, 0.0, 0.0, 0.0, 0.0, 0.0, 0.0, 0.0, 0.0, 1.741116416173689E9, 0.0, 2025-03-04 13:26:56.173
156.0, -66852.88302336729, -62179.13325776259, -57834.44587402891, -59359.55010170342, -67557.85704348767, -63978.53809339263, -72696.59014899614, -68477.45251386792, 0.076, 0.962, -0.20400000000000001, 192.0, 0.0, 0.0, 0.0, 0.0, 0.0, 0.0, 0.0, 0.0, 0.0, 1.741116416173722E9, 0.0, 2025-03-04 13:26:56.173
157.0, -66864.4388752507, -62210.38099651111, -57840.1008653761, -59368.960186119104, -67563.15440692358, -63984.48365741774, -72712.92927419297, -68486.2143976944, 0.082, 0.962, -0.196, 192.0, 2.0, 144.0, 30.0, 16.0, 249.0, 224.0, 0.0, 0.0, 0.0, 1.741116416173751E9, 0.0, 2025-03-04 13:26:56.173
158.0, -66867.61282296335, -62262.97465121444, -57844.459455544886, -59379.666671713196, -67570.26226166038, -63993.87139008896, -72718.62896902907, -68496.07151699919, 0.082, 0.962, -0.196, 192.0, 0.0, 0.0, 0.0, 0.0, 0.0, 0.0, 0.0, 0.0, 0.0, 1.741116416173775E9, 0.0, 2025-03-04 13:26:56.173
159.0, -66856.16872980223, -62243.26041260486, -57833.73061820634, -59371.17300882018, -67563.98142146843, -63990.8539045875, -72693.08092511665, -68487.73431631736, 0.082, 0.962, -0.196, 192.0, 0.0, 0.0, 0.0, 0.0, 0.0, 0.0, 0.0, 0.0, 0.0, 1.741116416173796E9, 0.0, 2025-03-04 13:26:56.173
160.0, -66861.46609323814, -62183.71536537592, -57834.13294960654, -59361.67351742667, -67563.08735169022, -63989.8033725981, -72699.69704147543, -68483.30867091521, 0.082, 0.962, -0.196, 192.0, 0.0, 0.0, 0.0, 0.0, 0.0, 0.0, 0.0, 0.0, 0.0, 1.741116416173822E9, 0.0, 2025-03-04 13:26:56.173
161.0, -66857.66629668073, -62199.16042079454, -57835.8987374185, -59362.09820057132, -67561.99211621191, -63982.02496552766, -72696.9030734185, -68479.0171359798, 0.082, 0.962, -0.196, 192.0, 0.0, 0.0, 0.0, 0.0, 0.0, 0.0, 0.0, 0.0, 0.0, 1.741116416173845E9, 0.0, 2025-03-04 13:26:56.173
162.0, -66847.74212214258, -62248.31190685176, -57829.215565826365, -59363.61811919429, -67550.81624398426, -63972.72663983425, -72677.68057318695, -68472.0657434542, 0.082, 0.962, -0.196, 192.0, 0.0, 0.0, 0.0, 0.0, 0.0, 0.0, 0.0, 0.0, 0.0, 1.741116416173866E9, 0.0, 2025-03-04 13:26:56.173
163.0, -66853.71003791214, -62249.49654930789, -57832.14364435001, -59364.13220931676, -67552.13499690712, -63973.84422705701, -72680.29572728822, -68470.36701087559, 0.082, 0.962, -0.196, 192.0, 0.0, 0.0, 0.0, 0.0, 0.0, 0.0, 0.0, 0.0, 0.0, 1.741116416173888E9, 0.0, 2025-03-04 13:26:56.173
164.0, -66857.01809609153, -62184.296510731765, -57832.32245830566, -59355.213863279096, -67553.85608123017, -63971.743163078216, -72683.78259942324, -68471.7081155429, 0.082, 0.962, -0.196, 192.0, 0.0, 0.0, 0.0, 0.0, 0.0, 0.0, 0.0, 0.0, 0.0, 1.741116416173909E9, 0.0, 2025-03-04 13:26:56.173
165.0, -66865.4894072401, -62190.64440615707, -57839.139740364524, -59360.511226715, -67557.81233999877, -63976.77230558066, -72689.54934949272, -68476.84901676762, 0.082, 0.962, -0.196, 192.0, 0.0, 0.0, 0.0, 0.0, 0.0, 0.0, 0.0, 0.0, 0.0, 1.741116416173938E9, 0.0, 2025-03-04 13:26:56.173
166.0, -66868.6857066972, -62249.25068011889, -57840.81612119867, -59370.12247683078, -67559.17579641053, -63977.84518931451, -72696.16546585149, -68485.67795582747, 0.082, 0.962, -0.196, 192.0, 0.0, 0.0, 0.0, 0.0, 0.0, 0.0, 0.0, 0.0, 0.0, 1.741116416233957E9, 0.0, 2025-03-04 13:26:56.233
167.0, -66860.79554090447, -62264.963956470965, -57829.30497280419, -59361.40529649321, -67551.71031376247, -63968.88213978794, -72693.77382919478, -68478.25717666831, 0.088, 0.964, -0.2, 192.0, 2.0, 192.0, 30.0, 32.0, 249.0, 192.0, 0.0, 0.0, 0.0, 1.741116416234011E9, 0.0, 2025-03-04 13:26:56.234
168.0, -66856.3251920134, -62194.779478881304, -57827.36037103658, -59346.27316549697, -67555.95714520897, -63964.61295659697, -72705.57555026717, -68471.03756320925, 0.088, 0.964, -0.2, 192.0, 0.0, 0.0, 0.0, 0.0, 0.0, 0.0, 0.0, 0.0, 0.0, 1.741116416234035E9, 0.0, 2025-03-04 13:26:56.234
169.0, -66853.41946523423, -62183.53655142028, -57827.56153673668, -59342.674534639664, -67550.7491887509, -63955.35933439247, -72690.21990182638, -68469.13766493055, 0.088, 0.964, -0.2, 192.0, 0.0, 0.0, 0.0, 0.0, 0.0, 0.0, 0.0, 0.0, 0.0, 1.741116416234058E9, 0.0, 2025-03-04 13:26:56.234
170.0, -66853.30770651194, -62231.16811885454, -57826.1980803249, -59344.52972942946, -67550.10098816169, -63948.00561046668, -72680.31807903267, -68457.55946130269, 0.088, 0.964, -0.2, 192.0, 0.0, 0.0, 0.0, 0.0, 0.0, 0.0, 0.0, 0.0, 0.0, 1.741116416234084E9, 0.0, 2025-03-04 13:26:56.234
171.0, -66867.70222994116, -62268.60729081718, -57837.01632464127, -59357.60549993581, -67562.23798540092, -63957.86272977147, -72701.28401533175, -68480.60410983612, 0.088, 0.964, -0.2, 192.0, 0.0, 0.0, 0.0, 0.0, 0.0, 0.0, 0.0, 0.0, 0.0, 1.741116416234108E9, 0.0, 2025-03-04 13:26:56.234
172.0, -66883.2366923376, -62219.61226697115, -57840.59260375412, -59353.89511035623, -67569.5470058378, -63957.9968402382, -72720.39475684104, -68474.05504871071, 0.088, 0.964, -0.2, 192.0, 0.0, 0.0, 0.0, 0.0, 0.0, 0.0, 0.0, 0.0, 0.0, 1.741116416234134E9, 0.0, 2025-03-04 13:26:56.234
173.0, -66885.09188712739, -62201.619112684624, -57847.745161979816, -59357.449037724626, -67570.1505029381, -63961.75193330669, -72704.39090781104, -68460.66635378198, 0.088, 0.964, -0.2, 192.0, 0.0, 0.0, 0.0, 0.0, 0.0, 0.0, 0.0, 0.0, 0.0, 1.741116416234155E9, 0.0, 2025-03-04 13:26:56.234
174.0, -66883.50491327107, -62254.43628483252, -57845.91231893448, -59371.24006405355, -67557.63352604312, -63962.020154240156, -72678.64169819852, -68466.92484222948, 0.088, 0.964, -0.2, 192.0, 0.0, 0.0, 0.0, 0.0, 0.0, 0.0, 0.0, 0.0, 0.0, 1.741116416234177E9, 0.0, 2025-03-04 13:26:56.234
175.0, -66872.57491023242, -62283.94058751352, -57836.18931009642, -59361.02531683747, -67547.77640673834, -63953.30297390259, -72668.76222714929, -68458.07355142517, 0.088, 0.964, -0.2, 192.0, 0.0, 0.0, 0.0, 0.0, 0.0, 0.0, 0.0, 0.0, 0.0, 1.741116416234206E9, 0.0, 2025-03-04 13:26:56.234
176.0, -66870.54090148698, -62226.89893566358, -57830.57902223814, -59345.89318584123, -67545.1389008926, -63954.84524427, -72671.86911962857, -68460.44283633743, 0.088, 0.964, -0.2, 192.0, 0.0, 0.0, 0.0, 0.0, 0.0, 0.0, 0.0, 0.0, 0.0, 1.741116416234227E9, 0.0, 2025-03-04 13:26:56.234
177.0, -66869.0880380974, -62182.73188861989, -57828.12033034806, -59346.42962770816, -67543.32840959173, -63962.24367168471, -72677.32294527566, -68465.47197883988, 0.08600000000000001, 0.962, -0.194, 192.0, 2.0, 176.0, 30.0, 16.0, 249.0, 240.0, 0.0, 0.0, 0.0, 1.741116416234248E9, 0.0, 2025-03-04 13:26:56.234
178.0, -66868.86452065283, -62223.300304806275, -57828.34384779261, -59359.03601158095, -67542.81431946925, -63971.385535166926, -72684.29668954572, -68472.93746148795, 0.08600000000000001, 0.962, -0.194, 192.0, 0.0, 0.0, 0.0, 0.0, 0.0, 0.0, 0.0, 0.0, 0.0, 1.741116416234272E9, 0.0, 2025-03-04 13:26:56.234
179.0, -66863.03071535, -62264.74043902641, -57820.00664711078, -59357.091409813336, -67536.2876100883, -63965.84230254201, -72677.18883480893, -68468.84709225263, 0.08600000000000001, 0.962, -0.194, 192.0, 0.0, 0.0, 0.0, 0.0, 0.0, 0.0, 0.0, 0.0, 0.0, 1.741116416234293E9, 0.0, 2025-03-04 13:26:56.234
180.0, -66869.75859043105, -62232.822147944236, -57819.62666745504, -59354.297441756426, -67544.4907003034, -63973.75482007919, -72679.71458193238, -68470.23290040885, 0.08600000000000001, 0.962, -0.194, 192.0, 0.0, 0.0, 0.0, 0.0, 0.0, 0.0, 0.0, 0.0, 0.0, 1.741116416234317E9, 0.0, 2025-03-04 13:26:56.234
181.0, -66861.2872792825, -62176.58515889468, -57815.938629619915, -59345.08852304084, -67546.16708113755, -63973.86657880147, -72680.94392787742, -68470.47876959786, 0.08600000000000001, 0.962, -0.194, 192.0, 0.0, 0.0, 0.0, 0.0, 0.0, 0.0, 0.0, 0.0, 0.0, 1.741116416294248E9, 0.0, 2025-03-04 13:26:56.294
182.0, -66860.035581593, -62210.11277557764, -57817.279734287236, -59353.49277895603, -67542.27787760233, -63974.71594509077, -72692.67859371645, -68483.95687150442, 0.08600000000000001, 0.962, -0.194, 192.0, 0.0, 0.0, 0.0, 0.0, 0.0, 0.0, 0.0, 0.0, 0.0, 1.741116416294296E9, 0.0, 2025-03-04 13:26:56.294
183.0, -66857.17455830271, -62259.35366861268, -57811.669446428954, -59349.89414809873, -67536.0417408993, -63967.94336652081, -72680.78746566623, -68470.52347308678, 0.08600000000000001, 0.962, -0.194, 192.0, 0.0, 0.0, 0.0, 0.0, 0.0, 0.0, 0.0, 0.0, 0.0, 1.741116416294318E9, 0.0, 2025-03-04 13:26:56.294
184.0, -66847.49625295357, -62236.66664799055, -57805.321551003646, -59337.243060737026, -67541.51791829085, -63963.71888681876, -72677.85938714258, -68456.68774326894, 0.08600000000000001, 0.962, -0.194, 192.0, 0.0, 0.0, 0.0, 0.0, 0.0, 0.0, 0.0, 0.0, 0.0, 1.74111641629434E9, 0.0, 2025-03-04 13:26:56.294
185.0, -66849.10557855434, -62173.25474897084, -57807.8472981271, -59331.40925543419, -67549.31867710575, -63967.22811069824, -72688.40941052549, -68460.9569264599, 0.08600000000000001, 0.962, -0.194, 192.0, 0.0, 0.0, 0.0, 0.0, 0.0, 0.0, 0.0, 0.0, 0.0, 1.741116416294365E9, 0.0, 2025-03-04 13:26:56.294
186.0, -66841.23776450608, -62182.86599908662, -57807.37791149353, -59326.38011293174, -67544.73656949241, -63959.65086932789, -72692.4550762719, -68471.23872890935, 0.08600000000000001, 0.962, -0.194, 192.0, 0.0, 0.0, 0.0, 0.0, 0.0, 0.0, 0.0, 0.0, 0.0, 1.741116416294389E9, 0.0, 2025-03-04 13:26:56.294
187.0, -66840.70132263916, -62227.904764164065, -57810.82008013965, -59330.872813567265, -67548.2904968608, -63961.61782283996, -72695.65137572901, -68472.7586475323, 0.08600000000000001, 0.966, -0.194, 192.0, 2.0, 176.0, 30.0, 48.0, 249.0, 240.0, 0.0, 0.0, 0.0, 1.741116416294419E9, 0.0, 2025-03-04 13:26:56.294
188.0, -66833.1240812688, -62226.49660426338, -57809.68014117243, -59332.23626997904, -67550.07863641724, -63963.31655541856, -72697.75243970781, -68465.51668232879, 0.08600000000000001, 0.966, -0.194, 192.0, 0.0, 0.0, 0.0, 0.0, 0.0, 0.0, 0.0, 0.0, 0.0, 1.741116416294442E9, 0.0, 2025-03-04 13:26:56.294
189.0, -66834.95692431413, -62160.73777207587, -57812.63057144053, -59326.49187165402, -67547.57524103824, -63963.51772111866, -72691.82922742715, -68473.6080138216, 0.08600000000000001, 0.966, -0.194, 192.0, 0.0, 0.0, 0.0, 0.0, 0.0, 0.0, 0.0, 0.0, 0.0, 1.741116416294464E9, 0.0, 2025-03-04 13:26:56.294
190.0, -66841.90831683973, -62164.82814131119, -57824.76756867976, -59329.30819145539, -67551.12916840662, -63968.47980838774, -72694.62319548408, -68478.90537725751, 0.08600000000000001, 0.966, -0.194, 192.0, 0.0, 0.0, 0.0, 0.0, 0.0, 0.0, 0.0, 0.0, 0.0, 1.741116416294492E9, 0.0, 2025-03-04 13:26:56.294
191.0, -66845.1269680413, -62223.3897117841, -57827.896812903506, -59346.6084416638, -67545.42947357053, -63970.49146538872, -72686.80008492472, -68464.35439161712, 0.08600000000000001, 0.966, -0.194, 192.0, 0.0, 0.0, 0.0, 0.0, 0.0, 0.0, 0.0, 0.0, 0.0, 1.741116416294513E9, 0.0, 2025-03-04 13:26:56.294
192.0, -66861.84607289387, -62252.42462783154, -57838.29037407522, -59366.05445933992, -67551.8444242292, -63982.18142773884, -72691.04691637123, -68473.69742079944, 0.08600000000000001, 0.966, -0.194, 192.0, 0.0, 0.0, 0.0, 0.0, 0.0, 0.0, 0.0, 0.0, 0.0, 1.741116416294534E9, 0.0, 2025-03-04 13:26:56.294
193.0, -66868.6857066972, -62196.79113588228, -57844.28064158925, -59370.6142152088, -67557.32060162076, -63990.4515731873, -72697.4618670299, -68484.62742383807, 0.08600000000000001, 0.966, -0.194, 192.0, 0.0, 0.0, 0.0, 0.0, 0.0, 0.0, 0.0, 0.0, 0.0, 1.741116416294556E9, 0.0, 2025-03-04 13:26:56.294
194.0, -66868.01515436353, -62183.33538572019, -57845.77820846775, -59371.55298847592, -67553.81137774127, -63982.44964867231, -72694.42202978398, -68476.7149063009, 0.08600000000000001, 0.966, -0.194, 192.0, 0.0, 0.0, 0.0, 0.0, 0.0, 0.0, 0.0, 0.0, 0.0, 1.741116416294578E9, 0.0, 2025-03-04 13:26:56.294
195.0, -66873.22311082162, -62239.46061604746, -57855.97060393937, -59384.7181659601, -67562.64031680112, -63988.372860952964, -72697.17129435198, -68482.34754590363, 0.08600000000000001, 0.966, -0.194, 192.0, 0.0, 0.0, 0.0, 0.0, 0.0, 0.0, 0.0, 0.0, 0.0, 1.741116416294601E9, 0.0, 2025-03-04 13:26:56.294
196.0, -66860.86259613784, -62273.27880540834, -57848.371010824565, -59385.32166306039, -67552.76084575187, -63980.1027155045, -72684.05082035672, -68476.02200222279, 0.08600000000000001, 0.966, -0.194, 192.0, 0.0, 0.0, 0.0, 0.0, 0.0, 0.0, 0.0, 0.0, 0.0, 1.741116416354516E9, 0.0, 2025-03-04 13:26:56.354
197.0, -66873.536035244, -62220.12635709362, -57853.333098093644, -59381.03012812497, -67558.84052024371, -63987.54584640812, -72693.84088442814, -68488.5166273733, 0.08, 0.964, -0.188, 192.0, 2.0, 128.0, 30.0, 32.0, 250.0, 32.0, 0.0, 0.0, 0.0, 1.741116416354548E9, 0.0, 2025-03-04 13:26:56.354
198.0, -66875.2347678226, -62194.980644581396, -57857.535226051245, -59384.24877932654, -67559.33225862173, -63987.590549897024, -72695.07023037318, -68479.79944703572, 0.08, 0.964, -0.188, 192.0, 0.0, 0.0, 0.0, 0.0, 0.0, 0.0, 0.0, 0.0, 0.0, 1.741116416354594E9, 0.0, 2025-03-04 13:26:56.354
199.0, -66859.07445658141, -62234.766749711845, -57845.644098001016, -59380.24781706904, -67546.45765381547, -63973.21837821227, -72683.04499185622, -68458.05119968072, 0.08, 0.964, -0.188, 192.0, 0.0, 0.0, 0.0, 0.0, 0.0, 0.0, 0.0, 0.0, 0.0, 1.741116416354616E9, 0.0, 2025-03-04 13:26:56.354
200.0, -66870.76441893153, -62275.17870368704, -57845.91231893448, -59386.14867760524, -67548.93869745001, -63978.09105850352, -72691.47159951588, -68467.43893235194, 0.08, 0.964, -0.188, 192.0, 0.0, 0.0, 0.0, 0.0, 0.0, 0.0, 0.0, 0.0, 0.0, 1.741116416354641E9, 0.0, 2025-03-04 13:26:56.354
201.0, -66875.83826492289, -62235.61611600115, -57843.610089255584, -59382.013604881, -67553.38669459661, -63986.76353535218, -72701.8651606876, -68482.70517381492, 0.08, 0.964, -0.188, 192.0, 0.0, 0.0, 0.0, 0.0, 0.0, 0.0, 0.0, 0.0, 0.0, 1.741116416354664E9, 0.0, 2025-03-04 13:26:56.354
202.0, -66879.63806148029, -62194.08657480319, -57842.559557266184, -59376.93975888965, -67556.51593882036, -63991.032718543145, -72705.30732933371, -68492.58464486417, 0.08, 0.964, -0.188, 192.0, 0.0, 0.0, 0.0, 0.0, 0.0, 0.0, 0.0, 0.0, 0.0, 1.741116416354702E9, 0.0, 2025-03-04 13:26:56.354
203.0, -66874.92184340023, -62226.67541821903, -57832.68008621694, -59372.670575698685, -67545.7423979929, -63976.213511969276, -72685.32486979067, -68472.57983357666, 0.08, 0.964, -0.188, 192.0, 0.0, 0.0, 0.0, 0.0, 0.0, 0.0, 0.0, 0.0, 0.0, 1.741116416354724E9, 0.0, 2025-03-04 13:26:56.354
204.0, -66856.4816542246, -62263.71225878147, -57813.770510407754, -59363.48400872756, -67530.07382512973, -63959.94144200581, -72671.37738125055, -68453.60320253411, 0.08, 0.964, -0.188, 192.0, 0.0, 0.0, 0.0, 0.0, 0.0, 0.0, 0.0, 0.0, 0.0, 1.741116416354745E9, 0.0, 2025-03-04 13:26:56.354
205.0, -66859.29797402596, -62228.28474381981, -57811.42357723994, -59353.98451733405, -67538.54513627829, -63963.674183329844, -72697.97595715236, -68461.96275496039, 0.08, 0.964, -0.188, 192.0, 0.0, 0.0, 0.0, 0.0, 0.0, 0.0, 0.0, 0.0, 0.0, 1.741116416354778E9, 0.0, 2025-03-04 13:26:56.354
206.0, -66868.14926483027, -62175.266405971815, -57820.699551188896, -59351.6599359107, -67549.11751140565, -63969.66445084387, -72702.82628569916, -68470.27760389776, 0.08, 0.964, -0.188, 192.0, 0.0, 0.0, 0.0, 0.0, 0.0, 0.0, 0.0, 0.0, 0.0, 1.741116416354799E9, 0.0, 2025-03-04 13:26:56.354
207.0, -66851.85484312235, -62198.22164752742, -57813.32347551864, -59344.46267419609, -67538.36632232265, -63958.242709427206, -72669.58924169412, -68461.76158926029, 0.08, 0.97, -0.184, 192.0, 2.0, 128.0, 30.0, 80.0, 250.0, 64.0, 0.0, 0.0, 0.0, 1.741116416354821E9, 0.0, 2025-03-04 13:26:56.354
208.0, -66850.87136636632, -62242.47810154893, -57818.106748832084, -59350.251776010016, -67542.03200841333, -63956.56632859306, -72678.23936679833, -68464.9578887174, 0.08, 0.97, -0.184, 192.0, 0.0, 0.0, 0.0, 0.0, 0.0, 0.0, 0.0, 0.0, 0.0, 1.741116416354844E9, 0.0, 2025-03-04 13:26:56.354
209.0, -66855.65463967975, -62233.89503167809, -57824.72286519085, -59353.738648145045, -67548.15638639407, -63962.24367168471, -72688.4541140144, -68474.03269696626, 0.08, 0.97, -0.184, 192.0, 0.0, 0.0, 0.0, 0.0, 0.0, 0.0, 0.0, 0.0, 0.0, 1.741116416354865E9, 0.0, 2025-03-04 13:26:56.354
210.0, -66856.57106120241, -62170.63959486957, -57826.01926636926, -59343.725066629064, -67550.48096781742, -63960.50023561719, -72692.2539105718, -68470.34465913114, 0.08, 0.97, -0.184, 192.0, 0.0, 0.0, 0.0, 0.0, 0.0, 0.0, 0.0, 0.0, 0.0, 1.74111641635489E9, 0.0, 2025-03-04 13:26:56.354
211.0, -66856.12402631331, -62185.2799874878, -57830.55667049369, -59341.08756078334, -67548.67047651655, -63958.91326176086, -72696.79131469624, -68462.74506601633, 0.08, 0.97, -0.184, 192.0, 0.0, 0.0, 0.0, 0.0, 0.0, 0.0, 0.0, 0.0, 0.0, 1.741116416414006E9, 0.0, 2025-03-04 13:26:56.414
212.0, -66855.90050886876, -62236.95722066847, -57826.64511521401, -59348.7095056426, -67541.22734561293, -63960.72375306175, -72681.97210812237, -68474.36797313309, 0.08, 0.97, -0.184, 192.0, 0.0, 0.0, 0.0, 0.0, 0.0, 0.0, 0.0, 0.0, 0.0, 1.741116416414038E9, 0.0, 2025-03-04 13:26:56.414
213.0, -66866.60699446285, -62245.78615972831, -57831.33898154962, -59355.14680804573, -67546.90468870458, -63968.25629094319, -72681.97210812237, -68464.82377825068, 0.08, 0.97, -0.184, 192.0, 0.0, 0.0, 0.0, 0.0, 0.0, 0.0, 0.0, 0.0, 0.0, 1.741116416414081E9, 0.0, 2025-03-04 13:26:56.414
214.0, -66858.22509029211, -62176.62986238359, -57830.35550479359, -59343.83682535134, -67546.9940956824, -63964.680011830336, -72689.52699774827, -68464.77907476177, 0.08, 0.97, -0.184, 192.0, 0.0, 0.0, 0.0, 0.0, 0.0, 0.0, 0.0, 0.0, 0.0, 1.741116416414103E9, 0.0, 2025-03-04 13:26:56.414
215.0, -66858.11333156984, -62172.58419663718, -57839.76558920927, -59347.39075271974, -67553.76667425236, -63966.624613597945, -72700.09937287561, -68474.99382197784, 0.08, 0.97, -0.184, 192.0, 0.0, 0.0, 0.0, 0.0, 0.0, 0.0, 0.0, 0.0, 0.0, 1.741116416414129E9, 0.0, 2025-03-04 13:26:56.414
216.0, -66849.99964833255, -62222.47329026143, -57833.50710076179, -59352.531653944454, -67543.77544448084, -63956.208700681775, -72689.45994251489, -68462.29803112723, 0.08, 0.97, -0.184, 192.0, 0.0, 0.0, 0.0, 0.0, 0.0, 0.0, 0.0, 0.0, 0.0, 1.741116416414153E9, 0.0, 2025-03-04 13:26:56.414
217.0, -66854.49234896808, -62245.33912483921, -57834.44587402891, -59356.376153990765, -67544.4459968145, -63956.65573557088, -72689.63875647054, -68462.8568247386, 0.08, 0.962, -0.186, 192.0, 2.0, 128.0, 30.0, 16.0, 250.0, 48.0, 0.0, 0.0, 0.0, 1.741116416414181E9, 0.0, 2025-03-04 13:26:56.414
218.0, -66858.00157284756, -62188.96802532292, -57837.73158046384, -59354.006869078505, -67547.57524103824, -63962.33307866253, -72691.65041347152, -68469.74116203084, 0.08, 0.962, -0.186, 192.0, 0.0, 0.0, 0.0, 0.0, 0.0, 0.0, 0.0, 0.0, 0.0, 1.741116416414205E9, 0.0, 2025-03-04 13:26:56.414
219.0, -66862.02488684951, -62179.06620252922, -57845.80056021221, -59360.17595054817, -67550.86094747316, -63961.28254667313, -72691.29278556023, -68467.5059875853, 0.08, 0.962, -0.186, 192.0, 0.0, 0.0, 0.0, 0.0, 0.0, 0.0, 0.0, 0.0, 0.0, 1.741116416414226E9, 0.0, 2025-03-04 13:26:56.414
220.0, -66862.1366455718, -62231.86102293266, -57850.38266782554, -59371.6647471982, -67556.4935870759, -63965.19410195281, -72696.50074201831, -68472.13279868755, 0.08, 0.962, -0.186, 192.0, 0.0, 0.0, 0.0, 0.0, 0.0, 0.0, 0.0, 0.0, 0.0, 1.741116416414255E9, 0.0, 2025-03-04 13:26:56.414
221.0, -66855.69934316866, -62264.56162507077, -57846.02407765676, -59379.75607869102, -67555.73362776442, -63969.284471188126, -72696.72425946286, -68478.57010109069, 0.08, 0.962, -0.186, 192.0, 0.0, 0.0, 0.0, 0.0, 0.0, 0.0, 0.0, 0.0, 0.0, 1.741116416414276E9, 0.0, 2025-03-04 13:26:56.414
222.0, -66860.43791299319, -62212.30324653426, -57847.40988581299, -59373.3634797768, -67564.20493891298, -63975.54295963561, -72703.5638932662, -68487.75666806182, 0.08, 0.962, -0.186, 192.0, 0.0, 0.0, 0.0, 0.0, 0.0, 0.0, 0.0, 0.0, 0.0, 1.741116416414297E9, 0.0, 2025-03-04 13:26:56.414
223.0, -66872.37374453232, -62188.8786183451, -57860.79858074171, -59381.25364556952, -67575.55962509628, -63986.49531441872, -72712.8622189596, -68489.67891808497, 0.08, 0.962, -0.186, 192.0, 0.0, 0.0, 0.0, 0.0, 0.0, 0.0, 0.0, 0.0, 0.0, 1.741116416414318E9, 0.0, 2025-03-04 13:26:56.414
224.0, -66860.63907869329, -62231.12341536563, -57843.09599913311, -59369.34016577485, -67555.93479346452, -63968.859788043475, -72693.86323617259, -68475.57496733367, 0.08, 0.962, -0.186, 192.0, 0.0, 0.0, 0.0, 0.0, 0.0, 0.0, 0.0, 0.0, 0.0, 1.74111641641434E9, 0.0, 2025-03-04 13:26:56.414
225.0, -66870.63030846481, -62274.84342752021, -57842.64896424401, -59379.93489264666, -67557.63352604312, -63976.03469801363, -72699.02648914176, -68477.02783072327, 0.08, 0.962, -0.186, 192.0, 0.0, 0.0, 0.0, 0.0, 0.0, 0.0, 0.0, 0.0, 0.0, 1.741116416414364E9, 0.0, 2025-03-04 13:26:56.414
226.0, -66871.74789568757, -62238.5888980137, -57839.09503687562, -59378.817305423894, -67556.87356673165, -63980.683860860336, -72702.53571302125, -68467.88596724105, 0.08, 0.962, -0.186, 192.0, 0.0, 0.0, 0.0, 0.0, 0.0, 0.0, 0.0, 0.0, 0.0, 1.74111641647371E9, 0.0, 2025-03-04 13:26:56.473
227.0, -66866.62934620731, -62189.459763700936, -57828.56736523716, -59361.002965093016, -67542.12141539114, -63971.98903226722, -72686.57656748017, -68463.97441196138, 0.088, 0.974, -0.182, 192.0, 2.0, 192.0, 30.0, 112.0, 250.0, 80.0, 0.0, 0.0, 0.0, 1.741116416473738E9, 0.0, 2025-03-04 13:26:56.473
228.0, -66844.88109885229, -62215.052511102265, -57809.30016151669, -59354.54331094543, -67519.00971162436, -63953.75000879169, -72671.153863806, -68449.19990887641, 0.088, 0.974, -0.182, 192.0, 0.0, 0.0, 0.0, 0.0, 0.0, 0.0, 0.0, 0.0, 0.0, 1.741116416473771E9, 0.0, 2025-03-04 13:26:56.473
229.0, -66836.81211910392, -62251.21763363095, -57800.58298117912, -59360.84650288183, -67515.65694995606, -63956.02988672613, -72666.7505701483, -68453.26792636728, 0.088, 0.974, -0.182, 192.0, 0.0, 0.0, 0.0, 0.0, 0.0, 0.0, 0.0, 0.0, 0.0, 1.741116416473792E9, 0.0, 2025-03-04 13:26:56.473
230.0, -66850.96077334414, -62224.70846470696, -57808.473146971846, -59359.103066814314, -67532.42075829754, -63967.71984907626, -72696.52309376278, -68474.92676674447, 0.088, 0.974, -0.182, 192.0, 0.0, 0.0, 0.0, 0.0, 0.0, 0.0, 0.0, 0.0, 0.0, 1.741116416473819E9, 0.0, 2025-03-04 13:26:56.473
231.0, -66846.84805236437, -62161.140103476064, -57805.20979228137, -59341.624002650264, -67532.4878135309, -63959.09207571651, -72693.55031175022, -68452.41856007797, 0.088, 0.974, -0.182, 192.0, 0.0, 0.0, 0.0, 0.0, 0.0, 0.0, 0.0, 0.0, 0.0, 1.74111641647384E9, 0.0, 2025-03-04 13:26:56.473
232.0, -66828.6760841222, -62175.08759201618, -57799.845373612094, -59337.91361307068, -67523.68122621551, -63946.46334009926, -72690.48812275984, -68450.67512401046, 0.088, 0.974, -0.182, 192.0, 0.0, 0.0, 0.0, 0.0, 0.0, 0.0, 0.0, 0.0, 0.0, 1.741116416473867E9, 0.0, 2025-03-04 13:26:56.473
233.0, -66820.89767705175, -62223.8367466732, -57795.84441135459, -59345.37909571876, -67515.85811565616, -63938.90845047337, -72668.35989574909, -68445.48951929683, 0.088, 0.974, -0.182, 192.0, 0.0, 0.0, 0.0, 0.0, 0.0, 0.0, 0.0, 0.0, 0.0, 1.741116416473889E9, 0.0, 2025-03-04 13:26:56.473
234.0, -66823.57988638639, -62211.69974943397, -57797.94547533339, -59344.21680500708, -67522.00484538137, -63941.456549341274, -72661.20733752339, -68447.54587978672, 0.088, 0.974, -0.182, 192.0, 0.0, 0.0, 0.0, 0.0, 0.0, 0.0, 0.0, 0.0, 0.0, 1.741116416473915E9, 0.0, 2025-03-04 13:26:56.473
235.0, -66828.11729051081, -62149.047809725744, -57804.67335041444, -59334.8067205914, -67528.71036871796, -63939.93663071831, -72673.0090585958, -68445.71303674139, 0.088, 0.974, -0.182, 192.0, 0.0, 0.0, 0.0, 0.0, 0.0, 0.0, 0.0, 0.0, 0.0, 1.741116416473946E9, 0.0, 2025-03-04 13:26:56.473
236.0, -66825.83741257637, -62160.670716842505, -57808.741367905306, -59336.818377592375, -67526.25167682787, -63934.75102600468, -72668.6057649381, -68433.1960598464, 0.088, 0.974, -0.182, 192.0, 0.0, 0.0, 0.0, 0.0, 0.0, 0.0, 0.0, 0.0, 0.0, 1.741116416473971E9, 0.0, 2025-03-04 13:26:56.473
237.0, -66839.91901158322, -62221.57922048322, -57827.338019292125, -59356.7114301576, -67541.36145607966, -63950.71017154577, -72658.90510784449, -68444.12606288506, 0.09, 0.966, -0.188, 192.0, 2.0, 208.0, 30.0, 48.0, 250.0, 32.0, 0.0, 0.0, 0.0, 1.741116416473992E9, 0.0, 2025-03-04 13:26:56.473
238.0, -66829.23487773357, -62227.8377089307, -57818.41967325445, -59349.71533414309, -67534.87945018763, -63938.595526050995, -72638.47561341235, -68425.44000452042, 0.09, 0.966, -0.188, 192.0, 0.0, 0.0, 0.0, 0.0, 0.0, 0.0, 0.0, 0.0, 0.0, 1.741116416474015E9, 0.0, 2025-03-04 13:26:56.474
239.0, -66834.93457256968, -62163.68820234397, -57825.5498797357, -59344.41797070718, -67545.00479042588, -63949.212604667264, -72643.3482937036, -68439.52160352726, 0.09, 0.966, -0.188, 192.0, 0.0, 0.0, 0.0, 0.0, 0.0, 0.0, 0.0, 0.0, 0.0, 1.741116416474037E9, 0.0, 2025-03-04 13:26:56.474
240.0, -66852.65950592274, -62167.59975762365, -57842.157225865994, -59357.82901738036, -67556.8959184761, -63963.629479840936, -72660.76030263428, -68447.50117629781, 0.09, 0.966, -0.188, 192.0, 0.0, 0.0, 0.0, 0.0, 0.0, 0.0, 0.0, 0.0, 0.0, 1.741116416474062E9, 0.0, 2025-03-04 13:26:56.474
241.0, -66840.07547379441, -62226.1389763521, -57835.69757171841, -59368.066116340895, -67546.12237764864, -63952.922994246845, -72656.69228514342, -68426.15526034299, 0.09, 0.966, -0.188, 192.0, 0.0, 0.0, 0.0, 0.0, 0.0, 0.0, 0.0, 0.0, 0.0, 1.741116416535332E9, 0.0, 2025-03-04 13:26:56.535
242.0, -66841.52833718399, -62249.22832837443, -57833.149472850506, -59372.44705825413, -67545.78710148181, -63956.65573557088, -72645.53876466022, -68430.42444353395, 0.09, 0.966, -0.188, 192.0, 0.0, 0.0, 0.0, 0.0, 0.0, 0.0, 0.0, 0.0, 0.0, 1.741116416535364E9, 0.0, 2025-03-04 13:26:56.535
243.0, -66846.78099713099, -62191.53847593528, -57833.30593506169, -59366.456790740114, -67549.07280791675, -63963.56242460757, -72646.96927630536, -68439.40984480499, 0.09, 0.966, -0.188, 192.0, 0.0, 0.0, 0.0, 0.0, 0.0, 0.0, 0.0, 0.0, 0.0, 1.741116416535404E9, 0.0, 2025-03-04 13:26:56.535
244.0, -66855.00643909055, -62182.44131594197, -57841.19610085441, -59377.54325598994, -67551.97853469593, -63968.61391885447, -72653.0489507972, -68446.71886524187, 0.09, 0.966, -0.188, 192.0, 0.0, 0.0, 0.0, 0.0, 0.0, 0.0, 0.0, 0.0, 0.0, 1.741116416535425E9, 0.0, 2025-03-04 13:26:56.535
245.0, -66854.4252937347, -62232.598630499684, -57833.95413565089, -59379.30904380191, -67541.87554620214, -63963.87534902994, -72642.67774136993, -68444.9530774299, 0.09, 0.966, -0.188, 192.0, 0.0, 0.0, 0.0, 0.0, 0.0, 0.0, 0.0, 0.0, 0.0, 1.74111641653545E9, 0.0, 2025-03-04 13:26:56.535
246.0, -66831.91708706821, -62255.26329937736, -57816.92210637595, -59363.97574710557, -67530.58791525221, -63953.07945645803, -72632.37358717604, -68443.58962101814, 0.09, 0.966, -0.188, 192.0, 0.0, 0.0, 0.0, 0.0, 0.0, 0.0, 0.0, 0.0, 0.0, 1.741116416535472E9, 0.0, 2025-03-04 13:26:56.535
247.0, -66844.81404361893, -62207.40821449855, -57821.9959523673, -59362.813456393895, -67542.1884706245, -63963.51772111866, -72650.70201762939, -68455.88308046856, 0.084, 0.962, -0.182, 192.0, 2.0, 160.0, 30.0, 16.0, 250.0, 80.0, 0.0, 0.0, 0.0, 1.741116416535499E9, 0.0, 2025-03-04 13:26:56.535
248.0, -66850.67020066622, -62172.8747693151, -57819.4478534994, -59354.87858711226, -67538.96981942294, -63956.2981076596, -72647.95275306139, -68434.38070230254, 0.084, 0.962, -0.182, 192.0, 0.0, 0.0, 0.0, 0.0, 0.0, 0.0, 0.0, 0.0, 0.0, 1.741116416535523E9, 0.0, 2025-03-04 13:26:56.535
249.0, -66847.80917737594, -62212.54911572327, -57810.551859206185, -59350.74351438803, -67531.19141235249, -63942.55178481958, -72641.96248554737, -68416.20873406038, 0.084, 0.962, -0.182, 192.0, 0.0, 0.0, 0.0, 0.0, 0.0, 0.0, 0.0, 0.0, 0.0, 1.741116416535544E9, 0.0, 2025-03-04 13:26:56.535
250.0, -66852.41363673373, -62259.1972064015, -57813.32347551864, -59356.84554062433, -67539.32744733423, -63946.37393312144, -72661.9449450904, -68436.81704244818, 0.084, 0.962, -0.182, 192.0, 0.0, 0.0, 0.0, 0.0, 0.0, 0.0, 0.0, 0.0, 0.0, 1.741116416535565E9, 0.0, 2025-03-04 13:26:56.535
251.0, -66847.38449423129, -62219.74637743788, -57806.215620781855, -59345.84848235232, -67537.00286591088, -63942.015342952654, -72657.47459619935, -68438.38166456005, 0.084, 0.962, -0.182, 192.0, 0.0, 0.0, 0.0, 0.0, 0.0, 0.0, 0.0, 0.0, 0.0, 1.7411164165356E9, 0.0, 2025-03-04 13:26:56.535
252.0, -66847.65271516475, -62167.77857157929, -57808.36138824957, -59333.46561592408, -67539.79683396779, -63943.42350285334, -72634.76522383276, -68444.08135939615, 0.084, 0.962, -0.182, 192.0, 0.0, 0.0, 0.0, 0.0, 0.0, 0.0, 0.0, 0.0, 0.0, 1.741116416535621E9, 0.0, 2025-03-04 13:26:56.535
253.0, -66853.91120361224, -62204.86011563065, -57817.30208603169, -59343.56860441788, -67542.92607819154, -63943.28939238661, -72636.32984594462, -68443.2543448513, 0.084, 0.962, -0.182, 192.0, 0.0, 0.0, 0.0, 0.0, 0.0, 0.0, 0.0, 0.0, 0.0, 1.741116416535643E9, 0.0, 2025-03-04 13:26:56.535
254.0, -66846.44572096417, -62253.07282842074, -57814.3963592525, -59348.418932964676, -67539.8862409456, -63938.99785745119, -72640.95665704687, -68443.81313846269, 0.084, 0.962, -0.182, 192.0, 0.0, 0.0, 0.0, 0.0, 0.0, 0.0, 0.0, 0.0, 0.0, 1.741116416535664E9, 0.0, 2025-03-04 13:26:56.535
255.0, -66841.93066858419, -62224.417892029036, -57814.463414485865, -59345.759075374495, -67544.91538344805, -63937.477938828226, -72661.6990759014, -68456.15130140202, 0.084, 0.962, -0.182, 192.0, 0.0, 0.0, 0.0, 0.0, 0.0, 0.0, 0.0, 0.0, 0.0, 1.741116416535688E9, 0.0, 2025-03-04 13:26:56.535
0.0, -66851.92189835572, -62166.660984356524, -57823.60527796808, -59344.149749773715, -67552.02323818485, -63945.301049387584, -72668.78457889374, -68460.80046424872, 0.084, 0.962, -0.182, 192.0, 0.0, 0.0, 0.0, 0.0, 0.0, 0.0, 0.0, 0.0, 0.0, 1.741116416594222E9, 0.0, 2025-03-04 13:26:56.594
1.0, -66843.29412499597, -62189.21389451193, -57814.48576623032, -59339.43353169365, -67535.10296763218, -63928.58194453501, -72628.41732840745, -68432.19023134593, 0.08, 0.962, -0.176, 192.0, 2.0, 128.0, 30.0, 16.0, 250.0, 128.0, 0.0, 0.0, 0.0, 1.741116416594255E9, 0.0, 2025-03-04 13:26:56.594
2.0, -66835.98510455908, -62240.73466548141, -57802.52758294673, -59342.09338928383, -67524.19531633798, -63921.89877294288, -72622.40470914898, -68427.87634466605, 0.08, 0.962, -0.176, 192.0, 0.0, 0.0, 0.0, 0.0, 0.0, 0.0, 0.0, 0.0, 0.0, 1.741116416594292E9, 0.0, 2025-03-04 13:26:56.594
3.0, -66849.5749651879, -62239.14769162508, -57808.62960918303, -59348.84361610933, -67540.31092409026, -63940.11544467395, -72649.22680249534, -68447.34471408662, 0.08, 0.962, -0.176, 192.0, 0.0, 0.0, 0.0, 0.0, 0.0, 0.0, 0.0, 0.0, 0.0, 1.741116416594314E9, 0.0, 2025-03-04 13:26:56.594
4.0, -66858.02392459201, -62179.15560950704, -57809.32251326115, -59343.07686603986, -67549.20691838347, -63950.061970956565, -72653.31717173067, -68460.12991191506, 0.08, 0.962, -0.176, 192.0, 0.0, 0.0, 0.0, 0.0, 0.0, 0.0, 0.0, 0.0, 0.0, 1.74111641659434E9, 0.0, 2025-03-04 13:26:56.594
5.0, -66846.06574130843, -62188.49863868936, -57799.86772535655, -59339.36647646028, -67537.69576998899, -63944.22816565373, -72639.23557272382, -68450.42925482146, 0.08, 0.962, -0.176, 192.0, 0.0, 0.0, 0.0, 0.0, 0.0, 0.0, 0.0, 0.0, 0.0, 1.741116416594361E9, 0.0, 2025-03-04 13:26:56.594
6.0, -66833.50406092455, -62233.35858981116, -57786.45667868337, -59337.086598525835, -67528.8891826736, -63937.5896975505, -72633.20060172089, -68440.19215586092, 0.08, 0.962, -0.176, 192.0, 0.0, 0.0, 0.0, 0.0, 0.0, 0.0, 0.0, 0.0, 0.0, 1.741116416594387E9, 0.0, 2025-03-04 13:26:56.594
7.0, -66850.6254971773, -62251.59761328669, -57797.833716611116, -59353.06809581138, -67543.5966305252, -63957.66156407137, -72649.85265134009, -68470.12114168658, 0.08, 0.962, -0.176, 192.0, 0.0, 0.0, 0.0, 0.0, 0.0, 0.0, 0.0, 0.0, 0.0, 1.741116416594416E9, 0.0, 2025-03-04 13:26:56.594
8.0, -66865.1317793288, -62192.96898758042, -57800.404167223474, -59342.27220323947, -67546.5917642822, -63964.07651473004, -72653.02659905274, -68465.31551662869, 0.08, 0.962, -0.176, 192.0, 0.0, 0.0, 0.0, 0.0, 0.0, 0.0, 0.0, 0.0, 0.0, 1.741116416594439E9, 0.0, 2025-03-04 13:26:56.594
9.0, -66856.99574434706, -62191.15849627954, -57800.33711199011, -59339.4558834381, -67540.51208979035, -63960.254366428184, -72647.46101468337, -68449.9598681879, 0.08, 0.962, -0.176, 192.0, 0.0, 0.0, 0.0, 0.0, 0.0, 0.0, 0.0, 0.0, 0.0, 1.74111641659446E9, 0.0, 2025-03-04 13:26:56.594
10.0, -66839.96371507212, -62239.594726514195, -57788.55774266217, -59338.11477877078, -67526.83282218371, -63944.406979609375, -72632.61945636505, -68440.57213551666, 0.08, 0.962, -0.176, 192.0, 0.0, 0.0, 0.0, 0.0, 0.0, 0.0, 0.0, 0.0, 0.0, 1.741116416594489E9, 0.0, 2025-03-04 13:26:56.594
11.0, -66848.14445354277, -62257.476122078435, -57789.161239762456, -59340.34995321631, -67526.11756636114, -63949.70434304528, -72627.09857548459, -68436.0570831367, 0.08, 0.962, -0.176, 192.0, 2.0, 128.0, 30.0, 16.0, 250.0, 128.0, 0.0, 0.0, 0.0, 1.74111641659451E9, 0.0, 2025-03-04 13:26:56.594
12.0, -66862.51662522754, -62205.91064762005, -57800.51592594575, -59345.24498525202, -67536.73464497742, -63965.439971141815, -72642.72244485885, -68445.04248440772, 0.08, 0.962, -0.176, 192.0, 0.0, 0.0, 0.0, 0.0, 0.0, 0.0, 0.0, 0.0, 0.0, 1.741116416594533E9, 0.0, 2025-03-04 13:26:56.594
13.0, -66867.6351747078, -62193.371318980615, -57807.95905684937, -59354.4092004787, -67537.96399092245, -63972.19019796732, -72644.93526755992, -68452.66442926698, 0.08, 0.962, -0.176, 192.0, 0.0, 0.0, 0.0, 0.0, 0.0, 0.0, 0.0, 0.0, 0.0, 1.741116416594555E9, 0.0, 2025-03-04 13:26:56.594
14.0, -66862.56132871645, -62242.27693584883, -57804.00279808078, -59361.47235172658, -67528.33038906222, -63966.31168917557, -72634.31818894365, -68442.47203379536, 0.08, 0.962, -0.176, 192.0, 0.0, 0.0, 0.0, 0.0, 0.0, 0.0, 0.0, 0.0, 0.0, 1.741116416594578E9, 0.0, 2025-03-04 13:26:56.594
15.0, -66836.63330514828, -62269.3448983842, -57792.6928153864, -59353.06809581138, -67520.95431339197, -63956.81219778207, -72628.14910747399, -68433.5983912466, 0.08, 0.962, -0.176, 192.0, 0.0, 0.0, 0.0, 0.0, 0.0, 0.0, 0.0, 0.0, 0.0, 1.741116416653858E9, 0.0, 2025-03-04 13:26:56.653
16.0, -66835.49336618106, -62208.92813312151, -57789.720033373844, -59335.052589780404, -67527.50337451737, -63957.192177437806, -72635.03344476622, -68440.12510062756, 0.08, 0.962, -0.176, 192.0, 0.0, 0.0, 0.0, 0.0, 0.0, 0.0, 0.0, 0.0, 0.0, 1.74111641665389E9, 0.0, 2025-03-04 13:26:56.653
17.0, -66838.84612784936, -62164.716382588915, -57796.00087356578, -59322.73677858553, -67535.14767112109, -63956.499273359696, -72635.43577616641, -68445.5118710413, 0.08, 0.962, -0.176, 192.0, 0.0, 0.0, 0.0, 0.0, 0.0, 0.0, 0.0, 0.0, 0.0, 1.741116416653932E9, 0.0, 2025-03-04 13:26:56.653
18.0, -66846.71394189763, -62212.86204014564, -57808.83077488313, -59337.33246771485, -67542.41198806906, -63963.11538971846, -72650.21027925138, -68460.62165029308, 0.08, 0.962, -0.176, 192.0, 0.0, 0.0, 0.0, 0.0, 0.0, 0.0, 0.0, 0.0, 0.0, 1.741116416653953E9, 0.0, 2025-03-04 13:26:56.653
19.0, -66844.00938081853, -62254.95037495499, -57807.95905684937, -59341.624002650264, -67540.17681362353, -63958.935613505324, -72664.69420965841, -68460.59929854862, 0.08, 0.962, -0.176, 192.0, 0.0, 0.0, 0.0, 0.0, 0.0, 0.0, 0.0, 0.0, 0.0, 1.741116416653975E9, 0.0, 2025-03-04 13:26:56.653
20.0, -66847.2280320201, -62215.92422913602, -57807.2438010268, -59337.22070899257, -67540.35562757918, -63956.141645448406, -72637.93917154541, -68439.83452794964, 0.08, 0.962, -0.176, 192.0, 0.0, 0.0, 0.0, 0.0, 0.0, 0.0, 0.0, 0.0, 0.0, 1.741116416654001E9, 0.0, 2025-03-04 13:26:56.654
21.0, -66854.8276251349, -62168.292661701766, -57816.67623718694, -59336.55015665891, -67549.1398631501, -63962.13191296243, -72632.70886334286, -68440.5050802833, 0.082, 0.962, -0.17400000000000002, 192.0, 2.0, 144.0, 30.0, 16.0, 250.0, 144.0, 0.0, 0.0, 0.0, 1.741116416654025E9, 0.0, 2025-03-04 13:26:56.654
22.0, -66855.25230827955, -62202.35672025165, -57821.146586078, -59340.88639508324, -67548.692828261, -63961.41665713986, -72654.52416593125, -68451.30097285521, 0.082, 0.962, -0.17400000000000002, 192.0, 0.0, 0.0, 0.0, 0.0, 0.0, 0.0, 0.0, 0.0, 0.0, 1.741116416654052E9, 0.0, 2025-03-04 13:26:56.654
23.0, -66856.16872980223, -62251.530558053324, -57822.82296691215, -59352.531653944454, -67546.9940956824, -63962.020154240156, -72653.74185487532, -68455.99483919083, 0.082, 0.962, -0.17400000000000002, 192.0, 0.0, 0.0, 0.0, 0.0, 0.0, 0.0, 0.0, 0.0, 0.0, 1.741116416654074E9, 0.0, 2025-03-04 13:26:56.654
24.0, -66855.85580537985, -62232.732740966414, -57816.11744357556, -59345.692020141134, -67542.43433981351, -63957.30393616008, -72646.76811060526, -68451.12215889957, 0.082, 0.962, -0.17400000000000002, 192.0, 0.0, 0.0, 0.0, 0.0, 0.0, 0.0, 0.0, 0.0, 0.0, 1.741116416654096E9, 0.0, 2025-03-04 13:26:56.654
25.0, -66859.09680832586, -62173.74648734886, -57816.072740086645, -59343.63565965124, -67545.04949391479, -63958.71209606077, -72650.05381704019, -68447.34471408662, 0.082, 0.962, -0.17400000000000002, 192.0, 0.0, 0.0, 0.0, 0.0, 0.0, 0.0, 0.0, 0.0, 0.0, 1.741116416654128E9, 0.0, 2025-03-04 13:26:56.654
26.0, -66857.88981412529, -62197.32757774921, -57821.37010352255, -59352.44224696663, -67544.9377351925, -63965.52937811964, -72656.37936072104, -68464.57790906167, 0.082, 0.962, -0.17400000000000002, 192.0, 0.0, 0.0, 0.0, 0.0, 0.0, 0.0, 0.0, 0.0, 0.0, 1.741116416654149E9, 0.0, 2025-03-04 13:26:56.654
27.0, -66851.07253206642, -62248.6918865075, -57815.91627787546, -59356.7114301576, -67539.4392060565, -63958.33211640503, -72662.88371835754, -68453.11146415609, 0.082, 0.962, -0.17400000000000002, 192.0, 0.0, 0.0, 0.0, 0.0, 0.0, 0.0, 0.0, 0.0, 0.0, 1.74111641665417E9, 0.0, 2025-03-04 13:26:56.654
28.0, -66843.80821511844, -62242.47810154893, -57809.523678961246, -59349.02243006497, -67534.27595308733, -63954.91229950337, -72655.32882873164, -68453.71496125638, 0.082, 0.962, -0.17400000000000002, 192.0, 0.0, 0.0, 0.0, 0.0, 0.0, 0.0, 0.0, 0.0, 0.0, 1.741116416654191E9, 0.0, 2025-03-04 13:26:56.654
29.0, -66844.09878779636, -62176.58515889468, -57803.30989400267, -59338.71827587108, -67529.69384547399, -63954.733485547724, -72637.42508142295, -68450.47395831037, 0.082, 0.962, -0.17400000000000002, 192.0, 0.0, 0.0, 0.0, 0.0, 0.0, 0.0, 0.0, 0.0, 0.0, 1.741116416654214E9, 0.0, 2025-03-04 13:26:56.654
30.0, -66847.96563958713, -62189.526818934304, -57808.07081557165, -59345.17793001866, -67530.54321176329, -63954.889947758915, -72626.11509872855, -68445.93655418594, 0.082, 0.962, -0.17400000000000002, 192.0, 0.0, 0.0, 0.0, 0.0, 0.0, 0.0, 0.0, 0.0, 0.0, 1.741116416714148E9, 0.0, 2025-03-04 13:26:56.714
31.0, -66839.56138367193, -62237.0913311352, -57797.118460788544, -59339.120607271274, -67519.6355604691, -63939.86957548495, -72611.89938925498, -68435.63239999204, 0.09, 0.96, -0.17400000000000002, 192.0, 2.0, 208.0, 30.0, 0.0, 250.0, 144.0, 0.0, 0.0, 0.0, 1.74111641671418E9, 0.0, 2025-03-04 13:26:56.714
32.0, -66837.28150573748, -62248.60247952968, -57790.52469617423, -59336.393694447725, -67517.95917963496, -63936.27094462764, -72613.30754915567, -68433.86661218008, 0.09, 0.96, -0.17400000000000002, 192.0, 0.0, 0.0, 0.0, 0.0, 0.0, 0.0, 0.0, 0.0, 0.0, 1.741116416714226E9, 0.0, 2025-03-04 13:26:56.714
33.0, -66826.84324107686, -62179.960272307435, -57779.57234139113, -59319.74164482852, -67511.74539467639, -63926.637342767404, -72610.11124969856, -68426.82581267665, 0.09, 0.96, -0.17400000000000002, 192.0, 0.0, 0.0, 0.0, 0.0, 0.0, 0.0, 0.0, 0.0, 0.0, 1.741116416714248E9, 0.0, 2025-03-04 13:26:56.714
34.0, -66838.28733423798, -62172.07010651471, -57789.787088607205, -59322.96029603008, -67521.2895895588, -63931.28650561411, -72620.08012772563, -68427.76458594378, 0.09, 0.96, -0.17400000000000002, 192.0, 0.0, 0.0, 0.0, 0.0, 0.0, 0.0, 0.0, 0.0, 0.0, 1.741116416714269E9, 0.0, 2025-03-04 13:26:56.714
35.0, -66850.80431113295, -62232.64333398859, -57801.477050957335, -59342.27220323947, -67529.55973500726, -63940.0930929295, -72635.41342442196, -68421.55080098519, 0.09, 0.96, -0.17400000000000002, 192.0, 0.0, 0.0, 0.0, 0.0, 0.0, 0.0, 0.0, 0.0, 0.0, 1.741116416714295E9, 0.0, 2025-03-04 13:26:56.714
36.0, -66846.73629364208, -62259.1972064015, -57797.52079218874, -59341.33342997234, -67523.21183958196, -63936.293296372096, -72622.87409578254, -68417.1475073275, 0.09, 0.96, -0.17400000000000002, 192.0, 0.0, 0.0, 0.0, 0.0, 0.0, 0.0, 0.0, 0.0, 0.0, 1.741116416714317E9, 0.0, 2025-03-04 13:26:56.714
37.0, -66862.36016301635, -62200.79209813978, -57810.52950746173, -59347.167235275185, -67543.8424997142, -63958.55563384958, -72639.48144191282, -68444.66250475199, 0.09, 0.96, -0.17400000000000002, 192.0, 0.0, 0.0, 0.0, 0.0, 0.0, 0.0, 0.0, 0.0, 0.0, 1.741116416714377E9, 0.0, 2025-03-04 13:26:56.714
38.0, -66871.01028812055, -62184.4753246874, -57819.76077792177, -59356.97965109106, -67551.48679631791, -63969.37387816595, -72656.4017124655, -68457.15712990251, 0.09, 0.96, -0.17400000000000002, 192.0, 0.0, 0.0, 0.0, 0.0, 0.0, 0.0, 0.0, 0.0, 0.0, 1.741116416714398E9, 0.0, 2025-03-04 13:26:56.714
39.0, -66853.30770651194, -62226.094272863185, -57811.08830107311, -59353.246909767025, -67543.06018865826, -63958.66739257186, -72657.58635492163, -68442.13675762854, 0.09, 0.96, -0.17400000000000002, 192.0, 0.0, 0.0, 0.0, 0.0, 0.0, 0.0, 0.0, 0.0, 0.0, 1.74111641671442E9, 0.0, 2025-03-04 13:26:56.714
40.0, -66833.70522662465, -62250.56943304175, -57791.86580084155, -59335.92430781416, -67523.74828144888, -63942.21650865275, -72614.87217126753, -68431.0502923787, 0.09, 0.96, -0.17400000000000002, 192.0, 0.0, 0.0, 0.0, 0.0, 0.0, 0.0, 0.0, 0.0, 0.0, 1.741116416714448E9, 0.0, 2025-03-04 13:26:56.714
41.0, -66853.41946523423, -62208.59285695468, -57807.06498707116, -59342.78629336194, -67537.91928743354, -63960.18731119482, -72638.0509302677, -68460.77811250427, 0.08600000000000001, 0.964, -0.17400000000000002, 192.0, 2.0, 176.0, 30.0, 32.0, 250.0, 144.0, 0.0, 0.0, 0.0, 1.74111641671447E9, 0.0, 2025-03-04 13:26:56.714
42.0, -66861.35433451585, -62175.22170248291, -57814.10578657458, -59341.780464861455, -67539.21568861195, -63959.38264839443, -72648.44449143941, -68461.06868518218, 0.08600000000000001, 0.964, -0.17400000000000002, 192.0, 0.0, 0.0, 0.0, 0.0, 0.0, 0.0, 0.0, 0.0, 0.0, 1.741116416714494E9, 0.0, 2025-03-04 13:26:56.714
43.0, -66859.34267751488, -62219.858136160154, -57815.49159473081, -59350.92232834367, -67535.77351996583, -63955.35933439247, -72641.31428495816, -68443.74608322931, 0.08600000000000001, 0.964, -0.17400000000000002, 192.0, 0.0, 0.0, 0.0, 0.0, 0.0, 0.0, 0.0, 0.0, 0.0, 1.741116416714514E9, 0.0, 2025-03-04 13:26:56.714
44.0, -66845.17167153022, -62262.102933180686, -57808.58490569412, -59353.40337197821, -67531.45963328597, -63951.93951749081, -72635.3463691886, -68449.89281295452, 0.08600000000000001, 0.964, -0.17400000000000002, 192.0, 0.0, 0.0, 0.0, 0.0, 0.0, 0.0, 0.0, 0.0, 0.0, 1.741116416714537E9, 0.0, 2025-03-04 13:26:56.714
45.0, -66859.70030542616, -62230.74343570989, -57817.52560347624, -59355.88441561275, -67544.71421774795, -63956.43221812633, -72652.89248858602, -68451.47978681086, 0.08600000000000001, 0.964, -0.17400000000000002, 192.0, 0.0, 0.0, 0.0, 0.0, 0.0, 0.0, 0.0, 0.0, 0.0, 1.741116416774444E9, 0.0, 2025-03-04 13:26:56.774
46.0, -66868.50689274156, -62183.76006886484, -57830.86959491606, -59353.090447555835, -67557.07473243175, -63959.360296649975, -72675.51245397478, -68458.60999329209, 0.08600000000000001, 0.964, -0.17400000000000002, 192.0, 0.0, 0.0, 0.0, 0.0, 0.0, 0.0, 0.0, 0.0, 0.0, 1.741116416774471E9, 0.0, 2025-03-04 13:26:56.774
47.0, -66852.50304371155, -62207.89995287656, -57820.408978510975, -59343.63565965124, -67541.18264212403, -63943.28939238661, -72643.28123847023, -68447.72469374236, 0.08600000000000001, 0.964, -0.17400000000000002, 192.0, 0.0, 0.0, 0.0, 0.0, 0.0, 0.0, 0.0, 0.0, 0.0, 1.741116416774494E9, 0.0, 2025-03-04 13:26:56.774
48.0, -66840.25428775004, -62249.25068011889, -57806.32737950413, -59340.729932872055, -67528.21863033994, -63929.61012477996, -72623.03055799373, -68434.8053854472, 0.08600000000000001, 0.964, -0.17400000000000002, 192.0, 0.0, 0.0, 0.0, 0.0, 0.0, 0.0, 0.0, 0.0, 0.0, 1.741116416774526E9, 0.0, 2025-03-04 13:26:56.774
49.0, -66851.98895358908, -62231.92807816602, -57806.10386205958, -59339.23236599355, -67534.23124959842, -63933.834604482014, -72634.80992732166, -68438.33696107114, 0.08600000000000001, 0.964, -0.17400000000000002, 192.0, 0.0, 0.0, 0.0, 0.0, 0.0, 0.0, 0.0, 0.0, 0.0, 1.741116416774548E9, 0.0, 2025-03-04 13:26:56.774
50.0, -66878.96750914663, -62182.64248164207, -57823.22529831235, -59344.46267419609, -67552.17970039602, -63952.095979702, -72649.18209900643, -68451.2562693663, 0.08600000000000001, 0.964, -0.17400000000000002, 192.0, 0.0, 0.0, 0.0, 0.0, 0.0, 0.0, 0.0, 0.0, 0.0, 1.741116416774573E9, 0.0, 2025-03-04 13:26:56.774
51.0, -66860.01322984854, -62198.82514462771, -57818.307914532175, -59343.18862476214, -67549.72100850595, -63948.54205233361, -72646.00815129378, -68439.4545482939, 0.082, 0.96, -0.176, 192.0, 2.0, 144.0, 30.0, 0.0, 250.0, 128.0, 0.0, 0.0, 0.0, 1.741116416774594E9, 0.0, 2025-03-04 13:26:56.774
52.0, -66845.70811339714, -62248.669534763045, -57808.875478372036, -59345.490854441035, -67543.12724389163, -63948.65381105588, -72642.07424426965, -68441.39915006151, 0.082, 0.96, -0.176, 192.0, 0.0, 0.0, 0.0, 0.0, 0.0, 0.0, 0.0, 0.0, 0.0, 1.741116416774624E9, 0.0, 2025-03-04 13:26:56.774
53.0, -66854.93938385719, -62253.65397377658, -57807.66848417145, -59347.591918419836, -67546.56941253775, -63958.153302449384, -72651.88666008553, -68445.06483615217, 0.082, 0.96, -0.176, 192.0, 0.0, 0.0, 0.0, 0.0, 0.0, 0.0, 0.0, 0.0, 0.0, 1.741116416774645E9, 0.0, 2025-03-04 13:26:56.774
54.0, -66858.22509029211, -62186.48698168838, -57802.12525154654, -59336.75132235901, -67547.57524103824, -63955.091113459006, -72651.81960485216, -68447.92585944246, 0.082, 0.96, -0.176, 192.0, 0.0, 0.0, 0.0, 0.0, 0.0, 0.0, 0.0, 0.0, 0.0, 1.741116416774666E9, 0.0, 2025-03-04 13:26:56.774
55.0, -66848.34561924287, -62185.7270223769, -57795.55383867668, -59328.81645307737, -67539.6850752455, -63946.39628486589, -72641.2472297248, -68449.28931585423, 0.082, 0.96, -0.176, 192.0, 0.0, 0.0, 0.0, 0.0, 0.0, 0.0, 0.0, 0.0, 0.0, 1.741116416774693E9, 0.0, 2025-03-04 13:26:56.774
56.0, -66848.83735762088, -62233.26918283334, -57789.138888018, -59328.25765946599, -67530.92319141903, -63938.528470817626, -72628.30556968518, -68440.92976342795, 0.082, 0.96, -0.176, 192.0, 0.0, 0.0, 0.0, 0.0, 0.0, 0.0, 0.0, 0.0, 0.0, 1.741116416774714E9, 0.0, 2025-03-04 13:26:56.774
57.0, -66852.83831987838, -62246.143787639594, -57791.0387862967, -59328.280011210445, -67537.9863426669, -63938.77434000663, -72646.38813094952, -68442.78495821774, 0.082, 0.96, -0.176, 192.0, 0.0, 0.0, 0.0, 0.0, 0.0, 0.0, 0.0, 0.0, 0.0, 1.741116416774735E9, 0.0, 2025-03-04 13:26:56.774
58.0, -66860.21439554864, -62186.55403692175, -57793.60923690906, -59327.14007224323, -67543.32840959173, -63940.7412935187, -72639.9955320353, -68438.6051820046, 0.082, 0.96, -0.176, 192.0, 0.0, 0.0, 0.0, 0.0, 0.0, 0.0, 0.0, 0.0, 0.0, 1.741116416774756E9, 0.0, 2025-03-04 13:26:56.774
59.0, -66853.03948557848, -62177.38982169507, -57792.60340840858, -59325.061360008884, -67538.76865372284, -63936.51681381665, -72634.6981685994, -68442.91906868447, 0.082, 0.96, -0.176, 192.0, 0.0, 0.0, 0.0, 0.0, 0.0, 0.0, 0.0, 0.0, 0.0, 1.741116416774777E9, 0.0, 2025-03-04 13:26:56.774
60.0, -66844.29995349646, -62225.669589718535, -57793.31866423115, -59334.02440953546, -67533.49364203139, -63933.05229342607, -72639.32497970165, -68444.52839428525, 0.082, 0.96, -0.176, 192.0, 0.0, 0.0, 0.0, 0.0, 0.0, 0.0, 0.0, 0.0, 0.0, 1.741116416834763E9, 0.0, 2025-03-04 13:26:56.834
61.0, -66857.778055403, -62254.346877854696, -57802.70639690237, -59343.859177095794, -67541.60732526868, -63938.46141558426, -72662.9507735909, -68447.0094379198, 0.084, 0.964, -0.18, 192.0, 2.0, 160.0, 30.0, 32.0, 250.0, 96.0, 0.0, 0.0, 0.0, 1.741116416834794E9, 0.0, 2025-03-04 13:26:56.834
62.0, -66868.39513401927, -62195.87471435961, -57809.81425163916, -59336.43839793663, -67550.1456916506, -63944.45168309828, -72656.28995374322, -68443.50021404031, 0.084, 0.964, -0.18, 192.0, 0.0, 0.0, 0.0, 0.0, 0.0, 0.0, 0.0, 0.0, 0.0, 1.741116416834819E9, 0.0, 2025-03-04 13:26:56.834
63.0, -66843.09295929587, -62167.59975762365, -57805.90269635948, -59331.67747636765, -67544.13307239211, -63944.809311009565, -72630.40663366397, -68438.56047851569, 0.084, 0.964, -0.18, 192.0, 0.0, 0.0, 0.0, 0.0, 0.0, 0.0, 0.0, 0.0, 0.0, 1.741116416834856E9, 0.0, 2025-03-04 13:26:56.834
64.0, -66837.7285406266, -62215.27602854682, -57808.62960918303, -59342.048685794914, -67536.06409264375, -63942.88706098641, -72627.63501735151, -68432.9054871685, 0.084, 0.964, -0.18, 192.0, 0.0, 0.0, 0.0, 0.0, 0.0, 0.0, 0.0, 0.0, 0.0, 1.741116416834877E9, 0.0, 2025-03-04 13:26:56.834
65.0, -66852.19011928918, -62260.15833141308, -57816.74329242031, -59356.21969177958, -67536.8911071886, -63946.55274707708, -72626.5397818732, -68433.71014996889, 0.084, 0.964, -0.18, 192.0, 0.0, 0.0, 0.0, 0.0, 0.0, 0.0, 0.0, 0.0, 0.0, 1.741116416834903E9, 0.0, 2025-03-04 13:26:56.834
66.0, -66865.10942758435, -62224.619057729135, -57829.59554548211, -59364.713354672596, -67552.31381086276, -63963.070686229556, -72640.17434599095, -68457.33594385814, 0.084, 0.964, -0.18, 192.0, 0.0, 0.0, 0.0, 0.0, 0.0, 0.0, 0.0, 0.0, 0.0, 1.741116416834927E9, 0.0, 2025-03-04 13:26:56.834
67.0, -66859.07445658141, -62183.58125490919, -57824.454644257385, -59355.32562200137, -67543.70838924746, -63955.4934448592, -72636.03927326671, -68443.29904834021, 0.084, 0.964, -0.18, 192.0, 0.0, 0.0, 0.0, 0.0, 0.0, 0.0, 0.0, 0.0, 0.0, 1.741116416834956E9, 0.0, 2025-03-04 13:26:56.834
68.0, -66865.17648281771, -62220.41692977154, -57827.42742626995, -59360.243005781536, -67545.31771484825, -63949.10084594499, -72646.99162804981, -68434.04542613571, 0.084, 0.964, -0.18, 192.0, 0.0, 0.0, 0.0, 0.0, 0.0, 0.0, 0.0, 0.0, 0.0, 1.741116416834977E9, 0.0, 2025-03-04 13:26:56.834
69.0, -66877.40288703477, -62266.81915126076, -57836.54693800771, -59374.10108734383, -67553.699619019, -63962.80246529609, -72650.65731414048, -68455.03371417926, 0.084, 0.964, -0.18, 192.0, 0.0, 0.0, 0.0, 0.0, 0.0, 0.0, 0.0, 0.0, 0.0, 1.741116416835E9, 0.0, 2025-03-04 13:26:56.835
70.0, -66899.6875762567, -62246.41200857306, -57845.577042767654, -59383.68998571515, -67559.55577606628, -63974.96181427978, -72647.01397979427, -68457.62651653607, 0.084, 0.964, -0.18, 192.0, 0.0, 0.0, 0.0, 0.0, 0.0, 0.0, 0.0, 0.0, 0.0, 1.741116416835026E9, 0.0, 2025-03-04 13:26:56.835
71.0, -66880.46507602514, -62185.03411829879, -57833.30593506169, -59365.048630839425, -67553.36434285216, -63958.868558271955, -72645.44935768239, -68450.76453098828, 0.078, 0.964, -0.182, 192.0, 2.0, 112.0, 30.0, 32.0, 250.0, 80.0, 0.0, 0.0, 0.0, 1.741116416835051E9, 0.0, 2025-03-04 13:26:56.835
72.0, -66846.84805236437, -62198.132240549596, -57813.59169645211, -59355.012697579, -67539.26039210086, -63949.86080525647, -72641.09076751361, -68452.84324322263, 0.078, 0.964, -0.182, 192.0, 0.0, 0.0, 0.0, 0.0, 0.0, 0.0, 0.0, 0.0, 0.0, 1.741116416835074E9, 0.0, 2025-03-04 13:26:56.835
73.0, -66855.90050886876, -62247.01550567336, -57810.283638272726, -59361.96409010459, -67535.08061588772, -63944.541090076105, -72633.2453052098, -68437.06291163719, 0.078, 0.964, -0.182, 192.0, 0.0, 0.0, 0.0, 0.0, 0.0, 0.0, 0.0, 0.0, 0.0, 1.741116416835096E9, 0.0, 2025-03-04 13:26:56.835
74.0, -66867.21049156315, -62237.001924157375, -57819.02317035475, -59366.590901206844, -67550.3915608396, -63956.5439768486, -72650.63496239603, -68449.5575367877, 0.078, 0.964, -0.182, 192.0, 0.0, 0.0, 0.0, 0.0, 0.0, 0.0, 0.0, 0.0, 0.0, 1.741116416835118E9, 0.0, 2025-03-04 13:26:56.835
75.0, -66874.56421548894, -62182.59777815316, -57822.711208189874, -59364.713354672596, -67557.32060162076, -63965.37291590845, -72659.66506715598, -68463.5050253278, 0.078, 0.964, -0.182, 192.0, 0.0, 0.0, 0.0, 0.0, 0.0, 0.0, 0.0, 0.0, 0.0, 1.741116416895036E9, 0.0, 2025-03-04 13:26:56.895
76.0, -66860.19204380419, -62197.46168821594, -57810.708321417376, -59363.238139538546, -67545.07184565924, -63955.80636928158, -72651.66314264097, -68452.41856007797, 0.078, 0.964, -0.182, 192.0, 0.0, 0.0, 0.0, 0.0, 0.0, 0.0, 0.0, 0.0, 0.0, 1.741116416895067E9, 0.0, 2025-03-04 13:26:56.895
77.0, -66869.51272124205, -62249.34008709671, -57816.63153369803, -59379.44315426864, -67551.57620329574, -63965.641136841914, -72659.37449447805, -68457.47005432488, 0.078, 0.964, -0.182, 192.0, 0.0, 0.0, 0.0, 0.0, 0.0, 0.0, 0.0, 0.0, 0.0, 1.74111641689509E9, 0.0, 2025-03-04 13:26:56.895
78.0, -66869.91505264223, -62248.60247952968, -57814.619876697056, -59370.05542159742, -67553.31963936325, -63964.36708740796, -72650.97023856286, -68459.68287702595, 0.078, 0.964, -0.182, 192.0, 0.0, 0.0, 0.0, 0.0, 0.0, 0.0, 0.0, 0.0, 0.0, 1.741116416895128E9, 0.0, 2025-03-04 13:26:56.895
79.0, -66858.35920075884, -62173.70178385995, -57805.00862658127, -59344.574432918365, -67547.93286894952, -63952.163034935365, -72645.31524721567, -68455.16782464598, 0.078, 0.964, -0.182, 192.0, 0.0, 0.0, 0.0, 0.0, 0.0, 0.0, 0.0, 0.0, 0.0, 1.74111641689515E9, 0.0, 2025-03-04 13:26:56.895
80.0, -66879.86157892484, -62180.80963859674, -57813.077606329636, -59345.31204048539, -67545.04949391479, -63950.44195061231, -72641.62720938053, -68453.02205717827, 0.078, 0.964, -0.182, 192.0, 0.0, 0.0, 0.0, 0.0, 0.0, 0.0, 0.0, 0.0, 0.0, 1.741116416895182E9, 0.0, 2025-03-04 13:26:56.895
81.0, -66875.01125037804, -62239.75118872538, -57822.33122853413, -59366.79206690694, -67549.00575268337, -63954.867596014454, -72647.21514549437, -68454.34081010113, 0.076, 0.966, -0.182, 192.0, 2.0, 96.0, 30.0, 48.0, 250.0, 80.0, 0.0, 0.0, 0.0, 1.741116416895203E9, 0.0, 2025-03-04 13:26:56.895
82.0, -66848.63619192078, -62249.69771500799, -57815.223373797344, -59350.229424265555, -67542.8366712137, -63942.730598775226, -72640.15199424648, -68446.92003094197, 0.076, 0.966, -0.182, 192.0, 0.0, 0.0, 0.0, 0.0, 0.0, 0.0, 0.0, 0.0, 0.0, 1.741116416895238E9, 0.0, 2025-03-04 13:26:56.895
83.0, -66863.14247407227, -62184.564731665225, -57826.73452219183, -59338.8076828489, -67553.4984533189, -63947.55857557757, -72650.36674146257, -68451.30097285521, 0.076, 0.966, -0.182, 192.0, 0.0, 0.0, 0.0, 0.0, 0.0, 0.0, 0.0, 0.0, 0.0, 1.741116416895262E9, 0.0, 2025-03-04 13:26:56.895
84.0, -66846.8257006199, -62164.69403084446, -57816.96680986486, -59335.36551420278, -67543.86485145865, -63941.680066785826, -72641.6942646139, -68444.39428381852, 0.076, 0.966, -0.182, 192.0, 0.0, 0.0, 0.0, 0.0, 0.0, 0.0, 0.0, 0.0, 0.0, 1.741116416895283E9, 0.0, 2025-03-04 13:26:56.895
85.0, -66829.30193296695, -62203.54136270778, -57807.8472981271, -59336.259583980995, -67544.53540379231, -63947.80444476658, -72644.15295650398, -68452.93265020046, 0.076, 0.966, -0.182, 192.0, 0.0, 0.0, 0.0, 0.0, 0.0, 0.0, 0.0, 0.0, 0.0, 1.741116416895305E9, 0.0, 2025-03-04 13:26:56.895
86.0, -66843.91997384072, -62241.472273048435, -57809.434271983424, -59340.28289798295, -67543.30605784728, -63947.98325872222, -72649.67383738444, -68450.45160656591, 0.076, 0.966, -0.182, 192.0, 0.0, 0.0, 0.0, 0.0, 0.0, 0.0, 0.0, 0.0, 0.0, 1.741116416895333E9, 0.0, 2025-03-04 13:26:56.895
87.0, -66840.79072961697, -62185.324690976704, -57806.88617311552, -59331.632772878744, -67548.06697941625, -63951.380723879425, -72673.54550046271, -68454.05023742322, 0.076, 0.966, -0.182, 192.0, 0.0, 0.0, 0.0, 0.0, 0.0, 0.0, 0.0, 0.0, 0.0, 1.741116416895355E9, 0.0, 2025-03-04 13:26:56.895
88.0, -66836.09686328136, -62152.40057139404, -57804.58394343662, -59327.721217599064, -67548.60342128319, -63951.313668646064, -72690.91280590449, -68464.68966778394, 0.076, 0.966, -0.182, 192.0, 0.0, 0.0, 0.0, 0.0, 0.0, 0.0, 0.0, 0.0, 0.0, 1.741116416895376E9, 0.0, 2025-03-04 13:26:56.895
89.0, -66841.26011625053, -62200.25565627285, -57800.426518967935, -59338.45005493761, -67537.941639178, -63949.927860489835, -72631.41246216446, -68447.18825187543, 0.076, 0.966, -0.182, 192.0, 0.0, 0.0, 0.0, 0.0, 0.0, 0.0, 0.0, 0.0, 0.0, 1.741116416895398E9, 0.0, 2025-03-04 13:26:56.895
90.0, -66847.38449423129, -62247.03785741781, -57805.00862658127, -59353.872758611775, -67542.50139504689, -63959.494407116705, -72626.9868167623, -68449.06579840968, 0.076, 0.966, -0.182, 192.0, 0.0, 0.0, 0.0, 0.0, 0.0, 0.0, 0.0, 0.0, 0.0, 1.741116416954319E9, 0.0, 2025-03-04 13:26:56.954
91.0, -66866.36112527385, -62210.02336859982, -57812.80938539618, -59354.36449698979, -67551.2409271289, -63972.346660178504, -72638.72148260135, -68461.98510670484, 0.08, 0.968, -0.184, 192.0, 2.0, 128.0, 30.0, 64.0, 250.0, 64.0, 0.0, 0.0, 0.0, 1.741116416954369E9, 0.0, 2025-03-04 13:26:56.954
92.0, -66841.3271714839, -62163.040001754765, -57796.224391010335, -59343.255679995505, -67534.54417402079, -63961.12608446194, -72633.35706393207, -68464.98024046185, 0.08, 0.968, -0.184, 192.0, 0.0, 0.0, 0.0, 0.0, 0.0, 0.0, 0.0, 0.0, 0.0, 1.741116416954393E9, 0.0, 2025-03-04 13:26:56.954
93.0, -66823.8704590643, -62187.78338286679, -57785.875533327526, -59343.92623232916, -67522.69774945948, -63956.85690127098, -72621.75650855977, -68462.81212124969, 0.08, 0.968, -0.184, 192.0, 0.0, 0.0, 0.0, 0.0, 0.0, 0.0, 0.0, 0.0, 0.0, 1.741116416954419E9, 0.0, 2025-03-04 13:26:56.954
94.0, -66854.29118326798, -62244.757979483365, -57799.73361488982, -59363.68517442765, -67532.91249667555, -63967.33986942052, -72627.41149990696, -68437.26407733728, 0.08, 0.968, -0.184, 192.0, 0.0, 0.0, 0.0, 0.0, 0.0, 0.0, 0.0, 0.0, 0.0, 1.741116416954439E9, 0.0, 2025-03-04 13:26:56.954
95.0, -66869.22214856412, -62229.62584848712, -57810.95419060638, -59373.162314076704, -67548.8492904722, -63981.62263412746, -72649.80794785118, -68452.53031880026, 0.08, 0.968, -0.184, 192.0, 0.0, 0.0, 0.0, 0.0, 0.0, 0.0, 0.0, 0.0, 0.0, 1.74111641695446E9, 0.0, 2025-03-04 13:26:56.954
96.0, -66855.60993619084, -62170.997222780854, -57805.90269635948, -59357.38198249126, -67545.27301135934, -63976.57113988056, -72644.71175011537, -68459.66052528149, 0.08, 0.968, -0.184, 192.0, 0.0, 0.0, 0.0, 0.0, 0.0, 0.0, 0.0, 0.0, 0.0, 1.741116416954486E9, 0.0, 2025-03-04 13:26:56.954
97.0, -66862.29310778297, -62195.49473470387, -57805.67917891493, -59357.67255516918, -67542.3449328357, -63965.88700603092, -72646.63400013853, -68452.53031880026, 0.08, 0.968, -0.184, 192.0, 0.0, 0.0, 0.0, 0.0, 0.0, 0.0, 0.0, 0.0, 0.0, 1.741116416954511E9, 0.0, 2025-03-04 13:26:56.954
98.0, -66858.47095948111, -62246.12143589514, -57803.51105970277, -59368.44609599663, -67546.48000555993, -63964.07651473004, -72650.7467211183, -68444.61780126307, 0.08, 0.968, -0.184, 192.0, 0.0, 0.0, 0.0, 0.0, 0.0, 0.0, 0.0, 0.0, 0.0, 1.741116416954536E9, 0.0, 2025-03-04 13:26:56.954
99.0, -66865.91409038474, -62238.43243580252, -57802.95226609138, -59365.27214828398, -67552.15734865157, -63964.97058450826, -72648.73506411733, -68447.2106036199, 0.08, 0.968, -0.184, 192.0, 0.0, 0.0, 0.0, 0.0, 0.0, 0.0, 0.0, 0.0, 0.0, 1.741116416954558E9, 0.0, 2025-03-04 13:26:56.954
100.0, -66853.7770931455, -62169.477304157896, -57793.363367720056, -59348.88831959824, -67550.23509862841, -63957.102770459984, -72652.13252927453, -68446.31653384167, 0.08, 0.968, -0.184, 192.0, 0.0, 0.0, 0.0, 0.0, 0.0, 0.0, 0.0, 0.0, 0.0, 1.74111641695458E9, 0.0, 2025-03-04 13:26:56.954
101.0, -66845.99868607507, -62175.66873737201, -57787.73072811732, -59336.12547351426, -67543.55192703629, -63941.47890108573, -72647.19279374991, -68438.98516166034, 0.074, 0.9560000000000001, -0.186, 192.0, 2.0, 80.0, 29.0, 224.0, 250.0, 48.0, 0.0, 0.0, 0.0, 1.741116416954609E9, 0.0, 2025-03-04 13:26:56.954
102.0, -66852.86067162284, -62233.82797644472, -57796.53731543271, -59352.12932254426, -67548.8492904722, -63941.90358423038, -72662.16846253496, -68443.50021404031, 0.074, 0.9560000000000001, -0.186, 192.0, 0.0, 0.0, 0.0, 0.0, 0.0, 0.0, 0.0, 0.0, 0.0, 1.741116416954633E9, 0.0, 2025-03-04 13:26:56.954
103.0, -66862.8295496499, -62241.0922933927, -57799.75596663427, -59356.89024411324, -67547.66464801606, -63943.51290983116, -72652.08782578562, -68445.9589059304, 0.074, 0.9560000000000001, -0.186, 192.0, 0.0, 0.0, 0.0, 0.0, 0.0, 0.0, 0.0, 0.0, 0.0, 1.741116416954656E9, 0.0, 2025-03-04 13:26:56.954
104.0, -66871.4349712652, -62177.81450483972, -57811.08830107311, -59359.05836332541, -67557.47706383193, -63954.91229950337, -72651.08199728513, -68461.94040321594, 0.074, 0.9560000000000001, -0.186, 192.0, 0.0, 0.0, 0.0, 0.0, 0.0, 0.0, 0.0, 0.0, 0.0, 1.741116416954684E9, 0.0, 2025-03-04 13:26:56.954
105.0, -66864.30476478396, -62177.03219378379, -57812.18353655143, -59362.88051162726, -67550.30215386179, -63949.83845351201, -72645.71757861586, -68456.19600489092, 0.074, 0.9560000000000001, -0.186, 192.0, 0.0, 0.0, 0.0, 0.0, 0.0, 0.0, 0.0, 0.0, 0.0, 1.741116417014139E9, 0.0, 2025-03-04 13:26:57.014
106.0, -66870.09386659788, -62234.61028750066, -57822.26417330077, -59382.013604881, -67553.31963936325, -63954.241747169704, -72653.92066883095, -68463.03563869424, 0.074, 0.9560000000000001, -0.186, 192.0, 0.0, 0.0, 0.0, 0.0, 0.0, 0.0, 0.0, 0.0, 0.0, 1.741116417014189E9, 0.0, 2025-03-04 13:26:57.014
107.0, -66864.32711652841, -62250.077694663734, -57818.64319069901, -59370.94949137563, -67547.88816546061, -63945.52456683214, -72646.32107571616, -68458.49823456982, 0.074, 0.9560000000000001, -0.186, 192.0, 0.0, 0.0, 0.0, 0.0, 0.0, 0.0, 0.0, 0.0, 0.0, 1.741116417014212E9, 0.0, 2025-03-04 13:26:57.014
108.0, -66866.5399392295, -62181.25667348584, -57817.57030696515, -59355.906767357206, -67553.27493587435, -63949.74904653419, -72667.17525329295, -68461.15809216, 0.074, 0.9560000000000001, -0.186, 192.0, 0.0, 0.0, 0.0, 0.0, 0.0, 0.0, 0.0, 0.0, 0.0, 1.741116417014237E9, 0.0, 2025-03-04 13:26:57.014
109.0, -66883.4825615266, -62175.44521992746, -57833.52945250624, -59368.26728204099, -67563.66849704606, -63962.020154240156, -72692.34331754963, -68484.3144994157, 0.074, 0.9560000000000001, -0.186, 192.0, 0.0, 0.0, 0.0, 0.0, 0.0, 0.0, 0.0, 0.0, 0.0, 1.741116417014258E9, 0.0, 2025-03-04 13:26:57.014
110.0, -66876.44176202318, -62226.56365949675, -57834.334115306636, -59376.55977923391, -67561.63448830062, -63961.05902922858, -72677.27824178676, -68483.4651331264, 0.074, 0.9560000000000001, -0.186, 192.0, 0.0, 0.0, 0.0, 0.0, 0.0, 0.0, 0.0, 0.0, 0.0, 1.74111641701428E9, 0.0, 2025-03-04 13:26:57.014
111.0, -66867.07638109641, -62258.70546802348, -57823.38176052353, -59372.08943034285, -67548.26814511635, -63949.503177345185, -72647.39395945001, -68461.8062927492, 0.07200000000000001, 0.9580000000000001, -0.184, 192.0, 2.0, 64.0, 29.0, 240.0, 250.0, 64.0, 0.0, 0.0, 0.0, 1.741116417014307E9, 0.0, 2025-03-04 13:26:57.014
112.0, -66867.74693343007, -62204.0331010858, -57818.240859298814, -59360.46652322609, -67550.63743002861, -63954.28645065862, -72634.78757557721, -68454.56432754568, 0.07200000000000001, 0.9580000000000001, -0.184, 192.0, 0.0, 0.0, 0.0, 0.0, 0.0, 0.0, 0.0, 0.0, 0.0, 1.741116417014333E9, 0.0, 2025-03-04 13:26:57.014
113.0, -66860.90729962675, -62168.38206867958, -57813.994027852306, -59353.62688942277, -67547.73170324942, -63947.200947666286, -72637.11215700056, -68450.36219958808, 0.07200000000000001, 0.9580000000000001, -0.184, 192.0, 0.0, 0.0, 0.0, 0.0, 0.0, 0.0, 0.0, 0.0, 0.0, 1.741116417014357E9, 0.0, 2025-03-04 13:26:57.014
114.0, -66873.49133175508, -62208.346987765675, -57820.87836514454, -59356.33145050186, -67548.93869745001, -63948.877328500435, -72640.12964250203, -68458.94526945893, 0.07200000000000001, 0.9580000000000001, -0.184, 192.0, 0.0, 0.0, 0.0, 0.0, 0.0, 0.0, 0.0, 0.0, 0.0, 1.74111641701438E9, 0.0, 2025-03-04 13:26:57.014
115.0, -66887.55057901748, -62261.29827038029, -57836.07755137415, -59378.66084321271, -67561.70154353399, -63960.388476894914, -72661.92259334595, -68462.23097589385, 0.07200000000000001, 0.9580000000000001, -0.184, 192.0, 0.0, 0.0, 0.0, 0.0, 0.0, 0.0, 0.0, 0.0, 0.0, 1.741116417014401E9, 0.0, 2025-03-04 13:26:57.014
116.0, -66874.25129106657, -62220.863964660646, -57828.07562685915, -59370.97184312008, -67560.74041852241, -63956.208700681775, -72667.57758469315, -68445.7577402303, 0.07200000000000001, 0.9580000000000001, -0.184, 192.0, 0.0, 0.0, 0.0, 0.0, 0.0, 0.0, 0.0, 0.0, 0.0, 1.741116417014428E9, 0.0, 2025-03-04 13:26:57.014
117.0, -66868.19396831917, -62166.7727430788, -57820.99012386682, -59361.31588951539, -67558.7958167548, -63956.700439059794, -72654.45711069788, -68452.41856007797, 0.07200000000000001, 0.9580000000000001, -0.184, 192.0, 0.0, 0.0, 0.0, 0.0, 0.0, 0.0, 0.0, 0.0, 0.0, 1.741116417014451E9, 0.0, 2025-03-04 13:26:57.014
118.0, -66891.66329999725, -62208.39169125458, -57829.707304204385, -59360.712392415095, -67557.96880220996, -63957.84037802701, -72645.42700593793, -68462.18627240494, 0.07200000000000001, 0.9580000000000001, -0.184, 192.0, 0.0, 0.0, 0.0, 0.0, 0.0, 0.0, 0.0, 0.0, 0.0, 1.741116417014472E9, 0.0, 2025-03-04 13:26:57.014
119.0, -66874.98889863359, -62253.60927028767, -57820.07370234415, -59357.82901738036, -67551.26327887336, -63946.46334009926, -72645.00232279328, -68436.66058023699, 0.07200000000000001, 0.9580000000000001, -0.184, 192.0, 0.0, 0.0, 0.0, 0.0, 0.0, 0.0, 0.0, 0.0, 0.0, 1.741116417014494E9, 0.0, 2025-03-04 13:26:57.014
120.0, -66868.2386718081, -62220.081653604706, -57812.58586795162, -59344.19445326262, -67555.1971858975, -63945.591622065505, -72649.47267168434, -68441.84618495061, 0.07200000000000001, 0.9580000000000001, -0.184, 192.0, 0.0, 0.0, 0.0, 0.0, 0.0, 0.0, 0.0, 0.0, 0.0, 1.741116417074443E9, 0.0, 2025-03-04 13:26:57.074
121.0, -66873.78190443301, -62163.48703664387, -57811.937667362414, -59332.72800835705, -67561.12039817816, -63951.17955817933, -72659.10627354459, -68457.17948164696, 0.07200000000000001, 0.9580000000000001, -0.184, 192.0, 2.0, 64.0, 29.0, 240.0, 250.0, 64.0, 0.0, 0.0, 0.0, 1.741116417074509E9, 0.0, 2025-03-04 13:26:57.074
122.0, -66896.67009075524, -62198.333406249694, -57820.56544072217, -59345.915537585686, -67562.26033714537, -63954.97935473673, -72657.63105841054, -68455.65956302399, 0.07200000000000001, 0.9580000000000001, -0.184, 192.0, 0.0, 0.0, 0.0, 0.0, 0.0, 0.0, 0.0, 0.0, 0.0, 1.741116417074545E9, 0.0, 2025-03-04 13:26:57.074
123.0, -66905.72254725963, -62256.447941833496, -57822.10771108958, -59358.94660460313, -67559.33225862173, -63956.02988672613, -72656.06643629867, -68462.25332763832, 0.07200000000000001, 0.9580000000000001, -0.184, 192.0, 0.0, 0.0, 0.0, 0.0, 0.0, 0.0, 0.0, 0.0, 0.0, 1.74111641707458E9, 0.0, 2025-03-04 13:26:57.074
124.0, -66856.81693039143, -62238.678304991525, -57802.25936201327, -59347.27899399746, -67547.2399648714, -63947.31270638856, -72647.21514549437, -68465.04729569523, 0.07200000000000001, 0.9580000000000001, -0.184, 192.0, 0.0, 0.0, 0.0, 0.0, 0.0, 0.0, 0.0, 0.0, 0.0, 1.741116417074611E9, 0.0, 2025-03-04 13:26:57.074
125.0, -66877.00055563457, -62171.24309196986, -57800.38181547902, -59335.58903164733, -67545.78710148181, -63941.680066785826, -72649.18209900643, -68445.66833325247, 0.07200000000000001, 0.9580000000000001, -0.184, 192.0, 0.0, 0.0, 0.0, 0.0, 0.0, 0.0, 0.0, 0.0, 0.0, 1.741116417074643E9, 0.0, 2025-03-04 13:26:57.074
126.0, -66862.47192173862, -62174.081763515685, -57798.034882311214, -59333.13033975725, -67539.50626128988, -63930.772415491636, -72645.44935768239, -68435.0512546362, 0.07200000000000001, 0.9580000000000001, -0.184, 192.0, 0.0, 0.0, 0.0, 0.0, 0.0, 0.0, 0.0, 0.0, 0.0, 1.741116417074682E9, 0.0, 2025-03-04 13:26:57.074
127.0, -66858.06862808093, -62224.79787168478, -57808.517850460754, -59339.07590378236, -67547.12820614914, -63933.96871494874, -72654.14418627552, -68447.76939723127, 0.07200000000000001, 0.9580000000000001, -0.184, 192.0, 0.0, 0.0, 0.0, 0.0, 0.0, 0.0, 0.0, 0.0, 0.0, 1.741116417074723E9, 0.0, 2025-03-04 13:26:57.074
128.0, -66857.15220655825, -62234.7891014563, -57814.955152863884, -59346.049648052416, -67552.67143877405, -63936.40505509437, -72662.63784916853, -68452.75383624481, 0.07200000000000001, 0.9580000000000001, -0.184, 192.0, 0.0, 0.0, 0.0, 0.0, 0.0, 0.0, 0.0, 0.0, 0.0, 1.741116417074768E9, 0.0, 2025-03-04 13:26:57.074
129.0, -66868.10456134136, -62169.09732450215, -57815.15631856398, -59337.33246771485, -67559.46636908846, -63936.51681381665, -72681.36861102207, -68466.18723466244, 0.07200000000000001, 0.9580000000000001, -0.184, 192.0, 0.0, 0.0, 0.0, 0.0, 0.0, 0.0, 0.0, 0.0, 0.0, 1.741116417074801E9, 0.0, 2025-03-04 13:26:57.074
130.0, -66867.12108458532, -62167.91268204602, -57818.509080232274, -59341.5569474169, -67559.60047955519, -63935.75685450517, -72667.48817771532, -68455.27958336826, 0.07200000000000001, 0.9580000000000001, -0.184, 192.0, 0.0, 0.0, 0.0, 0.0, 0.0, 0.0, 0.0, 0.0, 0.0, 1.74111641707484E9, 0.0, 2025-03-04 13:26:57.074
131.0, -66876.79938993447, -62220.37222628263, -57821.10188258909, -59351.6599359107, -67557.14178766511, -63936.27094462764, -72649.04798853969, -68453.17851938946, 0.076, 0.962, -0.192, 192.0, 2.0, 96.0, 30.0, 16.0, 250.0, 0.0, 0.0, 0.0, 0.0, 1.741116417074884E9, 0.0, 2025-03-04 13:26:57.074
132.0, -66876.33000330091, -62245.40618007257, -57830.82489142715, -59364.37807850577, -67565.05430520228, -63944.07170344254, -72668.91868936046, -68471.28343239825, 0.076, 0.962, -0.192, 192.0, 0.0, 0.0, 0.0, 0.0, 0.0, 0.0, 0.0, 0.0, 0.0, 1.741116417074925E9, 0.0, 2025-03-04 13:26:57.074
133.0, -66870.87617765382, -62181.21196999693, -57829.37202803756, -59352.44224696663, -67566.28365114733, -63941.456549341274, -72664.15776779149, -68452.5079670558, 0.076, 0.962, -0.192, 192.0, 0.0, 0.0, 0.0, 0.0, 0.0, 0.0, 0.0, 0.0, 0.0, 1.741116417074952E9, 0.0, 2025-03-04 13:26:57.074
134.0, -66866.9869741186, -62156.334478418175, -57819.425501754944, -59349.58122367635, -67558.43818884352, -63937.74615976169, -72671.7573609063, -68450.78688273273, 0.076, 0.962, -0.192, 192.0, 0.0, 0.0, 0.0, 0.0, 0.0, 0.0, 0.0, 0.0, 0.0, 1.741116417074973E9, 0.0, 2025-03-04 13:26:57.074
135.0, -66891.46213429715, -62212.48206048991, -57832.925955405946, -59368.490799485546, -67561.23215690043, -63950.59841282349, -72670.81858763917, -68464.66731603949, 0.076, 0.962, -0.192, 192.0, 0.0, 0.0, 0.0, 0.0, 0.0, 0.0, 0.0, 0.0, 0.0, 1.741116417134745E9, 0.0, 2025-03-04 13:26:57.134
136.0, -66821.45647066314, -62225.17785134052, -57800.560629434665, -59348.016601564486, -67536.2876100883, -63930.839470725, -72612.56994158863, -68425.50705975379, 0.076, 0.962, -0.192, 192.0, 0.0, 0.0, 0.0, 0.0, 0.0, 0.0, 0.0, 0.0, 0.0, 1.741116417134818E9, 0.0, 2025-03-04 13:26:57.134
137.0, -66856.2804885245, -62176.54045540577, -57814.619876697056, -59354.58801443435, -67559.57812781073, -63954.93465124782, -72642.7447966033, -68447.16590013097, 0.076, 0.962, -0.192, 192.0, 0.0, 0.0, 0.0, 0.0, 0.0, 0.0, 0.0, 0.0, 0.0, 1.741116417134842E9, 0.0, 2025-03-04 13:26:57.134
138.0, -66890.47865754111, -62164.649327355546, -57835.786978696226, -59366.099162828825, -67568.42941861504, -63967.65279384289, -72659.06157005568, -68462.11921717158, 0.076, 0.962, -0.192, 192.0, 0.0, 0.0, 0.0, 0.0, 0.0, 0.0, 0.0, 0.0, 0.0, 1.741116417134863E9, 0.0, 2025-03-04 13:26:57.134
139.0, -66883.8848929268, -62211.52093547833, -57838.26802233077, -59376.26920655599, -67563.64614530161, -63967.27281418715, -72650.27733448474, -68462.29803112723, 0.076, 0.962, -0.192, 192.0, 0.0, 0.0, 0.0, 0.0, 0.0, 0.0, 0.0, 0.0, 0.0, 1.74111641713489E9, 0.0, 2025-03-04 13:26:57.134
140.0, -66830.35246495635, -62229.514089764845, -57801.29823700169, -59351.61523242179, -67535.95233392148, -63937.63440103942, -72620.81773529264, -68436.61587674808, 0.076, 0.962, -0.192, 192.0, 0.0, 0.0, 0.0, 0.0, 0.0, 0.0, 0.0, 0.0, 0.0, 1.741116417134911E9, 0.0, 2025-03-04 13:26:57.134
141.0, -66877.55934924596, -62191.22555151291, -57815.60335345309, -59348.3071742424, -67552.6937905185, -63950.66546805686, -72643.57181114815, -68458.16295840299, 0.068, 0.966, -0.196, 192.0, 2.0, 32.0, 30.0, 48.0, 249.0, 224.0, 0.0, 0.0, 0.0, 1.741116417134941E9, 0.0, 2025-03-04 13:26:57.134
142.0, -66906.68367227122, -62155.44040863996, -57832.25540307229, -59358.141941802736, -67568.60823257068, -63963.13774146292, -72664.35893349159, -68473.22803416586, 0.068, 0.966, -0.196, 192.0, 0.0, 0.0, 0.0, 0.0, 0.0, 0.0, 0.0, 0.0, 0.0, 1.741116417134966E9, 0.0, 2025-03-04 13:26:57.134
143.0, -66855.49817746856, -62186.174057266006, -57814.15049006349, -59353.47042721158, -67554.57133705275, -63947.200947666286, -72658.36866597756, -68456.30776361321, 0.068, 0.966, -0.196, 192.0, 0.0, 0.0, 0.0, 0.0, 0.0, 0.0, 0.0, 0.0, 0.0, 1.741116417134995E9, 0.0, 2025-03-04 13:26:57.134
144.0, -66849.06087506544, -62227.86006067516, -57803.086376558116, -59349.044781809425, -67544.71421774795, -63936.7403312612, -72650.32203797364, -68446.38358907505, 0.068, 0.966, -0.196, 192.0, 0.0, 0.0, 0.0, 0.0, 0.0, 0.0, 0.0, 0.0, 0.0, 1.741116417135016E9, 0.0, 2025-03-04 13:26:57.135
145.0, -66864.99766886207, -62206.06710983123, -57809.45662372788, -59347.256642253, -67556.6500492871, -63942.775302264134, -72655.90997408748, -68458.83351073664, 0.068, 0.966, -0.196, 192.0, 0.0, 0.0, 0.0, 0.0, 0.0, 0.0, 0.0, 0.0, 0.0, 1.741116417135038E9, 0.0, 2025-03-04 13:26:57.135
146.0, -66882.23086383712, -62165.20812096693, -57822.934725634426, -59350.587052176845, -67566.93185173653, -63949.61493606746, -72666.41529398147, -68469.85292075311, 0.068, 0.966, -0.196, 192.0, 0.0, 0.0, 0.0, 0.0, 0.0, 0.0, 0.0, 0.0, 0.0, 1.741116417135066E9, 0.0, 2025-03-04 13:26:57.135
147.0, -66898.61469252285, -62196.05352831526, -57830.55667049369, -59355.482084212555, -67567.22242441445, -63942.12710167493, -72662.7049044019, -68460.64400203753, 0.068, 0.966, -0.196, 192.0, 0.0, 0.0, 0.0, 0.0, 0.0, 0.0, 0.0, 0.0, 0.0, 1.741116417135087E9, 0.0, 2025-03-04 13:26:57.135
148.0, -66892.3338523309, -62243.23806086041, -57822.73355993433, -59351.68228765515, -67558.48289233242, -63928.49253755719, -72654.14418627552, -68434.93949591393, 0.068, 0.966, -0.196, 192.0, 0.0, 0.0, 0.0, 0.0, 0.0, 0.0, 0.0, 0.0, 0.0, 1.741116417135108E9, 0.0, 2025-03-04 13:26:57.135
149.0, -66866.45053225166, -62220.707502449455, -57811.58003945113, -59340.998153805514, -67557.54411906531, -63925.49740380018, -72662.19081427941, -68435.52064126976, 0.068, 0.966, -0.196, 192.0, 0.0, 0.0, 0.0, 0.0, 0.0, 0.0, 0.0, 0.0, 0.0, 1.741116417135129E9, 0.0, 2025-03-04 13:26:57.135
150.0, -66871.97141313212, -62164.649327355546, -57820.833661655626, -59343.83682535134, -67564.69667729101, -63928.671351512836, -72660.76030263428, -68446.87532745306, 0.074, 0.968, -0.2, 192.0, 2.0, 80.0, 30.0, 64.0, 249.0, 192.0, 0.0, 0.0, 0.0, 1.741116417195047E9, 0.0, 2025-03-04 13:26:57.195
151.0, -66876.62057597883, -62172.2265687259, -57822.42063551195, -59336.93013631465, -67555.15248240858, -63912.511040271645, -72635.03344476622, -68436.32530407015, 0.074, 0.968, -0.2, 192.0, 0.0, 0.0, 0.0, 0.0, 0.0, 0.0, 0.0, 0.0, 0.0, 1.74111641719512E9, 0.0, 2025-03-04 13:26:57.195
152.0, -66893.3843843203, -62231.190470598995, -57840.324382820654, -59353.872758611775, -67564.49551159091, -63919.864764197446, -72647.57277340566, -68439.32043782716, 0.074, 0.968, -0.2, 192.0, 0.0, 0.0, 0.0, 0.0, 0.0, 0.0, 0.0, 0.0, 0.0, 1.741116417195156E9, 0.0, 2025-03-04 13:26:57.195
153.0, -66880.64388998078, -62228.530613008814, -57820.23016455534, -59343.70271488461, -67547.3964270826, -63912.33222631601, -72645.35995070457, -68432.03376913474, 0.074, 0.968, -0.2, 192.0, 0.0, 0.0, 0.0, 0.0, 0.0, 0.0, 0.0, 0.0, 0.0, 1.741116417195192E9, 0.0, 2025-03-04 13:26:57.195
154.0, -66864.59533746187, -62152.73584756087, -57811.98237085133, -59328.97291528856, -67553.945488208, -63918.54601127458, -72650.7467211183, -68429.93270515594, 0.074, 0.968, -0.2, 192.0, 0.0, 0.0, 0.0, 0.0, 0.0, 0.0, 0.0, 0.0, 0.0, 1.741116417195231E9, 0.0, 2025-03-04 13:26:57.195
155.0, -66872.82077942142, -62151.640612082556, -57816.430367997935, -59330.939868800626, -67553.31963936325, -63923.17282237683, -72632.35123543159, -68429.21744933337, 0.074, 0.968, -0.2, 192.0, 0.0, 0.0, 0.0, 0.0, 0.0, 0.0, 0.0, 0.0, 0.0, 1.741116417195267E9, 0.0, 2025-03-04 13:26:57.195
156.0, -66872.19493057668, -62207.8328976432, -57813.59169645211, -59340.238194494035, -67545.60828752616, -63921.384682820404, -72632.57475287614, -68430.73736795633, 0.074, 0.968, -0.2, 192.0, 0.0, 0.0, 0.0, 0.0, 0.0, 0.0, 0.0, 0.0, 0.0, 1.741116417195308E9, 0.0, 2025-03-04 13:26:57.195
157.0, -66883.0355266375, -62229.804662442766, -57821.07953084464, -59344.306211984906, -67556.80651149827, -63936.80738649457, -72653.07130254165, -68455.19017639043, 0.074, 0.968, -0.2, 192.0, 0.0, 0.0, 0.0, 0.0, 0.0, 0.0, 0.0, 0.0, 0.0, 1.741116417195343E9, 0.0, 2025-03-04 13:26:57.195
158.0, -66880.26391032504, -62166.54922563425, -57811.78120515123, -59334.04676127992, -67553.0961219187, -63938.03673243961, -72660.93911658993, -68455.14547290152, 0.074, 0.968, -0.2, 192.0, 0.0, 0.0, 0.0, 0.0, 0.0, 0.0, 0.0, 0.0, 0.0, 1.741116417195387E9, 0.0, 2025-03-04 13:26:57.195
159.0, -66882.07440162593, -62146.49971085784, -57814.93280111943, -59337.66774388168, -67551.86677597366, -63943.13293017542, -72657.67576189945, -68452.86559496708, 0.074, 0.968, -0.2, 192.0, 0.0, 0.0, 0.0, 0.0, 0.0, 0.0, 0.0, 0.0, 0.0, 1.741116417195422E9, 0.0, 2025-03-04 13:26:57.195
160.0, -66889.1375528738, -62206.55884820925, -57819.090225588116, -59358.65603192521, -67549.67630501704, -63947.29035464411, -72650.14322401801, -68458.36412410309, 0.074, 0.964, -0.196, 192.0, 2.0, 80.0, 30.0, 32.0, 249.0, 224.0, 0.0, 0.0, 0.0, 1.741116417195457E9, 0.0, 2025-03-04 13:26:57.195
161.0, -66858.3815525033, -62230.855194432166, -57800.96296083486, -59350.89997659922, -67538.52278453384, -63938.03673243961, -72644.37647394853, -68455.07841766816, 0.074, 0.964, -0.196, 192.0, 0.0, 0.0, 0.0, 0.0, 0.0, 0.0, 0.0, 0.0, 0.0, 1.741116417195499E9, 0.0, 2025-03-04 13:26:57.195
162.0, -66875.52534050052, -62183.76006886484, -57812.27294352924, -59350.83292136585, -67551.30798236227, -63948.60910756697, -72659.50860494479, -68463.661487539, 0.074, 0.964, -0.196, 192.0, 0.0, 0.0, 0.0, 0.0, 0.0, 0.0, 0.0, 0.0, 0.0, 1.74111641719554E9, 0.0, 2025-03-04 13:26:57.195
163.0, -66888.31053832895, -62146.38795213556, -57821.07953084464, -59351.481121955054, -67551.37503759564, -63946.75391277718, -72661.11793054556, -68463.99676370583, 0.074, 0.964, -0.196, 192.0, 0.0, 0.0, 0.0, 0.0, 0.0, 0.0, 0.0, 0.0, 0.0, 1.741116417195576E9, 0.0, 2025-03-04 13:26:57.195
164.0, -66859.85676763735, -62180.25084498535, -57802.81815562465, -59343.456845695604, -67536.73464497742, -63930.66065676936, -72632.35123543159, -68443.2096413624, 0.074, 0.964, -0.196, 192.0, 0.0, 0.0, 0.0, 0.0, 0.0, 0.0, 0.0, 0.0, 0.0, 1.741116417195612E9, 0.0, 2025-03-04 13:26:57.195
165.0, -66844.56817442992, -62209.77749941081, -57791.82109735264, -59333.800892090905, -67528.28568557331, -63919.59654326398, -72621.95767425987, -68428.32337955515, 0.074, 0.964, -0.196, 192.0, 0.0, 0.0, 0.0, 0.0, 0.0, 0.0, 0.0, 0.0, 0.0, 1.741116417255221E9, 0.0, 2025-03-04 13:26:57.255
166.0, -66874.65362246677, -62183.00010955335, -57808.741367905306, -59342.85334859531, -67547.4411305715, -63937.3885318504, -72654.77003512025, -68452.75383624481, 0.074, 0.964, -0.196, 192.0, 0.0, 0.0, 0.0, 0.0, 0.0, 0.0, 0.0, 0.0, 0.0, 1.741116417255276E9, 0.0, 2025-03-04 13:26:57.255
167.0, -66890.8362854524, -62146.902042258036, -57821.817138411665, -59351.81639812188, -67558.30407837678, -63945.50221508768, -72656.8934508435, -68461.3592578601, 0.074, 0.964, -0.196, 192.0, 0.0, 0.0, 0.0, 0.0, 0.0, 0.0, 0.0, 0.0, 0.0, 1.741116417255298E9, 0.0, 2025-03-04 13:26:57.255
168.0, -66890.92569243023, -62176.89808331706, -57821.168937822455, -59353.53748244495, -67552.0008864404, -63938.103787672975, -72650.83612809613, -68452.46326356688, 0.074, 0.964, -0.196, 192.0, 0.0, 0.0, 0.0, 0.0, 0.0, 0.0, 0.0, 0.0, 0.0, 1.741116417255319E9, 0.0, 2025-03-04 13:26:57.255
169.0, -66879.07926786892, -62219.47815650442, -57818.68789418792, -59354.140979545235, -67551.86677597366, -63933.901659715375, -72659.95563983389, -68457.78297874724, 0.074, 0.964, -0.196, 192.0, 0.0, 0.0, 0.0, 0.0, 0.0, 0.0, 0.0, 0.0, 0.0, 1.741116417255356E9, 0.0, 2025-03-04 13:26:57.255
170.0, -66838.55555517144, -62196.61232192664, -57800.694739901395, -59349.201244020616, -67552.55968005177, -63939.75781676267, -72665.61063118109, -68470.8587492536, 0.078, 0.968, -0.2, 192.0, 2.0, 112.0, 30.0, 64.0, 249.0, 192.0, 0.0, 0.0, 0.0, 1.741116417255377E9, 0.0, 2025-03-04 13:26:57.255
171.0, -66860.281450782, -62142.78932127826, -57804.42748122543, -59342.13809277274, -67550.81624398426, -63935.08630217151, -72661.36379973458, -68464.37674336157, 0.078, 0.968, -0.2, 192.0, 0.0, 0.0, 0.0, 0.0, 0.0, 0.0, 0.0, 0.0, 0.0, 1.741116417255404E9, 0.0, 2025-03-04 13:26:57.255
172.0, -66855.90050886876, -62160.53660637577, -57803.60046668059, -59344.283860240444, -67546.21178462646, -63927.08437765651, -72654.45711069788, -68454.09494091212, 0.078, 0.968, -0.2, 192.0, 0.0, 0.0, 0.0, 0.0, 0.0, 0.0, 0.0, 0.0, 0.0, 1.741116417255425E9, 0.0, 2025-03-04 13:26:57.255
173.0, -66871.59143347638, -62221.467461760934, -57816.832699398125, -59360.89120637074, -67557.41000859857, -63937.76851150615, -72663.77778813575, -68459.52641481477, 0.078, 0.968, -0.2, 192.0, 0.0, 0.0, 0.0, 0.0, 0.0, 0.0, 0.0, 0.0, 0.0, 1.741116417255453E9, 0.0, 2025-03-04 13:26:57.255
174.0, -66867.0316776075, -62214.069034346234, -57808.42844348293, -59341.17696776116, -67549.6986567615, -63925.519755544636, -72658.39101772202, -68453.71496125638, 0.078, 0.968, -0.2, 192.0, 0.0, 0.0, 0.0, 0.0, 0.0, 0.0, 0.0, 0.0, 0.0, 1.741116417255474E9, 0.0, 2025-03-04 13:26:57.255
175.0, -66869.26685205303, -62152.15470220503, -57810.46245222836, -59338.02537179296, -67551.30798236227, -63930.43713932481, -72666.77292189276, -68461.00162994882, 0.078, 0.968, -0.2, 192.0, 0.0, 0.0, 0.0, 0.0, 0.0, 0.0, 0.0, 0.0, 0.0, 1.741116417255495E9, 0.0, 2025-03-04 13:26:57.255
176.0, -66871.47967475411, -62155.708629573426, -57811.87061212905, -59338.96414506008, -67548.80458698327, -63926.637342767404, -72659.91093634498, -68450.11633039908, 0.078, 0.968, -0.2, 192.0, 0.0, 0.0, 0.0, 0.0, 0.0, 0.0, 0.0, 0.0, 0.0, 1.741116417255516E9, 0.0, 2025-03-04 13:26:57.255
177.0, -66868.73041018611, -62206.447089486974, -57810.57421095064, -59341.154616016705, -67539.28274384532, -63920.356502575465, -72644.44352918191, -68445.86949895257, 0.078, 0.968, -0.2, 192.0, 0.0, 0.0, 0.0, 0.0, 0.0, 0.0, 0.0, 0.0, 0.0, 1.741116417255544E9, 0.0, 2025-03-04 13:26:57.255
178.0, -66887.75174471758, -62231.32458106573, -57829.081455359636, -59359.885377870254, -67552.4479213295, -63931.44296782529, -72652.42310195244, -68445.1095396411, 0.078, 0.968, -0.2, 192.0, 0.0, 0.0, 0.0, 0.0, 0.0, 0.0, 0.0, 0.0, 0.0, 1.741116417255566E9, 0.0, 2025-03-04 13:26:57.255
179.0, -66882.92376791523, -62169.0749727577, -57819.47020524385, -59346.22846200806, -67545.3400665927, -63923.4410433103, -72652.04312229672, -68452.32915310016, 0.078, 0.968, -0.2, 192.0, 0.0, 0.0, 0.0, 0.0, 0.0, 0.0, 0.0, 0.0, 0.0, 1.741116417255588E9, 0.0, 2025-03-04 13:26:57.255
180.0, -66880.9344626587, -62157.34030691866, -57813.85991738557, -59330.49283391152, -67536.10879613267, -63909.89588617038, -72650.90318332949, -68444.28252509625, 0.078, 0.962, -0.196, 192.0, 2.0, 112.0, 30.0, 16.0, 249.0, 224.0, 0.0, 0.0, 0.0, 1.741116417314599E9, 0.0, 2025-03-04 13:26:57.314
181.0, -66869.40096251977, -62202.803755140754, -57809.12134756105, -59334.35968570229, -67534.74533972089, -63910.81230769304, -72641.33663670262, -68430.58090574514, 0.078, 0.962, -0.196, 192.0, 0.0, 0.0, 0.0, 0.0, 0.0, 0.0, 0.0, 0.0, 0.0, 1.741116417314673E9, 0.0, 2025-03-04 13:26:57.314
182.0, -66866.11525608483, -62233.04566538879, -57803.0416730692, -59338.98649680454, -67528.93388616251, -63908.30891231405, -72638.02857852323, -68432.5478592572, 0.078, 0.962, -0.196, 192.0, 0.0, 0.0, 0.0, 0.0, 0.0, 0.0, 0.0, 0.0, 0.0, 1.741116417314709E9, 0.0, 2025-03-04 13:26:57.314
183.0, -66881.783828948, -62182.91070257554, -57808.33903650511, -59339.679400882655, -67540.60149676818, -63919.0377496526, -72649.98676180682, -68430.2009260894, 0.078, 0.962, -0.196, 192.0, 0.0, 0.0, 0.0, 0.0, 0.0, 0.0, 0.0, 0.0, 0.0, 1.741116417314745E9, 0.0, 2025-03-04 13:26:57.314
184.0, -66889.04814589598, -62167.06331575672, -57816.05038834219, -59344.93206082965, -67542.97078168044, -63923.99983692168, -72646.11991001606, -68435.78886220323, 0.078, 0.962, -0.196, 192.0, 0.0, 0.0, 0.0, 0.0, 0.0, 0.0, 0.0, 0.0, 0.0, 1.741116417314784E9, 0.0, 2025-03-04 13:26:57.314
185.0, -66880.91211091424, -62211.38682501159, -57812.42940574043, -59349.961203332095, -67533.20306935348, -63918.59071476349, -72641.67191286945, -68432.21258309038, 0.078, 0.962, -0.196, 192.0, 0.0, 0.0, 0.0, 0.0, 0.0, 0.0, 0.0, 0.0, 0.0, 1.741116417314819E9, 0.0, 2025-03-04 13:26:57.314
186.0, -66874.85478816686, -62240.08646489221, -57807.422614982446, -59354.2080347786, -67531.19141235249, -63921.89877294288, -72651.90901182998, -68438.33696107114, 0.078, 0.962, -0.196, 192.0, 0.0, 0.0, 0.0, 0.0, 0.0, 0.0, 0.0, 0.0, 0.0, 1.741116417314858E9, 0.0, 2025-03-04 13:26:57.314
187.0, -66888.8916836848, -62198.065185316234, -57808.96488534986, -59352.196377777625, -67533.87362168713, -63929.49836605768, -72660.31326774518, -68447.12119664207, 0.078, 0.962, -0.196, 192.0, 0.0, 0.0, 0.0, 0.0, 0.0, 0.0, 0.0, 0.0, 0.0, 1.741116417314893E9, 0.0, 2025-03-04 13:26:57.314
188.0, -66884.51074177155, -62158.9719842639, -57814.48576623032, -59350.74351438803, -67537.71812173344, -63937.07560742803, -72654.16653801997, -68457.42535083597, 0.078, 0.962, -0.196, 192.0, 0.0, 0.0, 0.0, 0.0, 0.0, 0.0, 0.0, 0.0, 0.0, 1.741116417314936E9, 0.0, 2025-03-04 13:26:57.314
189.0, -66867.0316776075, -62191.47142070191, -57808.62960918303, -59348.17306377567, -67532.42075829754, -63933.43227308182, -72646.99162804981, -68450.83158622166, 0.078, 0.962, -0.196, 192.0, 0.0, 0.0, 0.0, 0.0, 0.0, 0.0, 0.0, 0.0, 0.0, 1.741116417314976E9, 0.0, 2025-03-04 13:26:57.314
190.0, -66859.6332501928, -62232.665685733045, -57800.38181547902, -59348.39658122022, -67523.50241225987, -63928.85016546848, -72623.90227602748, -68446.33888558613, 0.08, 0.9560000000000001, -0.194, 192.0, 2.0, 128.0, 29.0, 224.0, 249.0, 240.0, 0.0, 0.0, 0.0, 1.741116417315011E9, 0.0, 2025-03-04 13:26:57.315
191.0, -66871.94906138767, -62204.65894993055, -57808.98723709431, -59345.53555792994, -67535.59470601019, -63942.17180516384, -72648.22097399486, -68462.36508636059, 0.08, 0.9560000000000001, -0.194, 192.0, 0.0, 0.0, 0.0, 0.0, 0.0, 0.0, 0.0, 0.0, 0.0, 1.741116417315051E9, 0.0, 2025-03-04 13:26:57.315
192.0, -66874.56421548894, -62152.98171674988, -57809.05429232768, -59333.3538572018, -67534.29830483178, -63939.288430129105, -72654.45711069788, -68461.71688577138, 0.08, 0.9560000000000001, -0.194, 192.0, 0.0, 0.0, 0.0, 0.0, 0.0, 0.0, 0.0, 0.0, 0.0, 1.741116417315095E9, 0.0, 2025-03-04 13:26:57.315
193.0, -66847.56330818693, -62174.90877806053, -57795.307969487665, -59320.7027698401, -67520.52963024731, -63923.12811888792, -72648.35508446158, -68452.68678101143, 0.08, 0.9560000000000001, -0.194, 192.0, 0.0, 0.0, 0.0, 0.0, 0.0, 0.0, 0.0, 0.0, 0.0, 1.741116417315131E9, 0.0, 2025-03-04 13:26:57.315
194.0, -66850.29022101048, -62231.27987757682, -57799.219524767344, -59334.27027872447, -67527.63748498411, -63932.49349981469, -72661.40850322349, -68463.32621137217, 0.08, 0.9560000000000001, -0.194, 192.0, 0.0, 0.0, 0.0, 0.0, 0.0, 0.0, 0.0, 0.0, 0.0, 1.741116417315167E9, 0.0, 2025-03-04 13:26:57.315
195.0, -66864.17065431722, -62222.1380140946, -57802.75110039129, -59338.137130515235, -67532.26429608634, -63936.87444172793, -72672.6067271956, -68459.01232469229, 0.08, 0.9560000000000001, -0.194, 192.0, 0.0, 0.0, 0.0, 0.0, 0.0, 0.0, 0.0, 0.0, 0.0, 1.741116417374402E9, 0.0, 2025-03-04 13:26:57.374
196.0, -66875.79356143398, -62160.670716842505, -57812.384702251526, -59335.87960432525, -67543.10489214718, -63943.31174413106, -72669.96922134986, -68463.43797009444, 0.08, 0.9560000000000001, -0.194, 192.0, 0.0, 0.0, 0.0, 0.0, 0.0, 0.0, 0.0, 0.0, 0.0, 1.74111641737445E9, 0.0, 2025-03-04 13:26:57.374
197.0, -66859.8344158929, -62182.463667686425, -57799.375986978535, -59341.66870613918, -67531.43728154151, -63935.08630217151, -72660.26856425626, -68462.47684508287, 0.08, 0.9560000000000001, -0.194, 192.0, 0.0, 0.0, 0.0, 0.0, 0.0, 0.0, 0.0, 0.0, 0.0, 1.7411164173745E9, 0.0, 2025-03-04 13:26:57.374
198.0, -66847.00451457554, -62231.03400838781, -57787.8871903285, -59341.80281660591, -67516.4839645009, -63922.994008421185, -72650.23263099583, -68454.20669963441, 0.08, 0.9560000000000001, -0.194, 192.0, 0.0, 0.0, 0.0, 0.0, 0.0, 0.0, 0.0, 0.0, 0.0, 1.741116417374535E9, 0.0, 2025-03-04 13:26:57.374
199.0, -66860.59437520437, -62235.102025878674, -57802.97461783584, -59345.89318584123, -67530.52086001883, -63936.40505509437, -72659.91093634498, -68468.9588509749, 0.08, 0.9560000000000001, -0.194, 192.0, 0.0, 0.0, 0.0, 0.0, 0.0, 0.0, 0.0, 0.0, 0.0, 1.741116417374575E9, 0.0, 2025-03-04 13:26:57.374
200.0, -66877.89462541278, -62181.18961825247, -57815.89392613101, -59346.49668294152, -67544.60245902569, -63940.98716270771, -72666.41529398147, -68457.71592351388, 0.074, 0.96, -0.194, 192.0, 2.0, 80.0, 30.0, 0.0, 249.0, 240.0, 0.0, 0.0, 0.0, 1.74111641737461E9, 0.0, 2025-03-04 13:26:57.374
201.0, -66853.84414837888, -62173.18769373748, -57799.91242884546, -59326.536575142934, -67527.34691230618, -63911.12523211542, -72646.72340711634, -68427.54106849922, 0.074, 0.96, -0.194, 192.0, 0.0, 0.0, 0.0, 0.0, 0.0, 0.0, 0.0, 0.0, 0.0, 1.74111641737465E9, 0.0, 2025-03-04 13:26:57.374
202.0, -66850.15611054374, -62217.80177567027, -57796.33614973261, -59329.59876413331, -67526.74341520588, -63914.23212459471, -72643.16947974796, -68438.18049885995, 0.074, 0.96, -0.194, 192.0, 0.0, 0.0, 0.0, 0.0, 0.0, 0.0, 0.0, 0.0, 0.0, 1.741116417374692E9, 0.0, 2025-03-04 13:26:57.374
203.0, -66863.72361942811, -62237.203089857474, -57806.48384171532, -59346.47433119707, -67536.84640369969, -63930.30302885807, -72651.08199728513, -68460.84516773763, 0.074, 0.96, -0.194, 192.0, 0.0, 0.0, 0.0, 0.0, 0.0, 0.0, 0.0, 0.0, 0.0, 1.741116417374732E9, 0.0, 2025-03-04 13:26:57.374
204.0, -66863.8800816393, -62170.505484402835, -57802.21465852436, -59330.47048216707, -67538.85806070067, -63926.078549156024, -72660.17915727844, -68452.08328391115, 0.074, 0.96, -0.194, 192.0, 0.0, 0.0, 0.0, 0.0, 0.0, 0.0, 0.0, 0.0, 0.0, 1.741116417374771E9, 0.0, 2025-03-04 13:26:57.374
205.0, -66844.03173256299, -62150.1206934596, -57793.430422953425, -59315.31599942637, -67530.07382512973, -63915.41676705084, -72651.73019787433, -68441.42150180596, 0.074, 0.96, -0.194, 192.0, 0.0, 0.0, 0.0, 0.0, 0.0, 0.0, 0.0, 0.0, 0.0, 1.741116417374807E9, 0.0, 2025-03-04 13:26:57.374
206.0, -66851.85484312235, -62197.37228123812, -57791.86580084155, -59318.31113318338, -67525.0893861162, -63915.08149088401, -72646.32107571616, -68440.16980411646, 0.074, 0.96, -0.194, 192.0, 0.0, 0.0, 0.0, 0.0, 0.0, 0.0, 0.0, 0.0, 0.0, 1.741116417374843E9, 0.0, 2025-03-04 13:26:57.374
207.0, -66863.1871775612, -62231.12341536563, -57798.57132417814, -59328.905860055194, -67529.82795594072, -63924.51392704415, -72653.18306126393, -68447.54587978672, 0.074, 0.96, -0.194, 192.0, 0.0, 0.0, 0.0, 0.0, 0.0, 0.0, 0.0, 0.0, 0.0, 1.741116417374886E9, 0.0, 2025-03-04 13:26:57.374
208.0, -66850.69255241068, -62173.18769373748, -57792.22342875283, -59318.82522330585, -67525.64817972758, -63922.435214809804, -72658.05574155519, -68451.4574350664, 0.074, 0.96, -0.194, 192.0, 0.0, 0.0, 0.0, 0.0, 0.0, 0.0, 0.0, 0.0, 0.0, 1.741116417374925E9, 0.0, 2025-03-04 13:26:57.374
209.0, -66843.2270697626, -62137.514309586804, -57785.24968448278, -59308.856345278786, -67515.32167378922, -63914.45564203926, -72647.32690421664, -68443.16493787347, 0.074, 0.96, -0.194, 192.0, 0.0, 0.0, 0.0, 0.0, 0.0, 0.0, 0.0, 0.0, 0.0, 1.741116417374959E9, 0.0, 2025-03-04 13:26:57.374
210.0, -66840.23193600558, -62182.24015024187, -57790.03295779622, -59326.536575142934, -67515.85811565616, -63923.284581099106, -72634.98874127731, -68446.65181000851, 0.076, 0.962, -0.194, 192.0, 2.0, 96.0, 30.0, 16.0, 249.0, 240.0, 0.0, 0.0, 0.0, 1.741116417434625E9, 0.0, 2025-03-04 13:26:57.434
211.0, -66838.35438947134, -62220.640447216094, -57788.33422521761, -59335.141996758226, -67512.97474062142, -63923.32928458802, -72627.5456103737, -68452.48561531134, 0.076, 0.962, -0.194, 192.0, 0.0, 0.0, 0.0, 0.0, 0.0, 0.0, 0.0, 0.0, 0.0, 1.741116417434659E9, 0.0, 2025-03-04 13:26:57.434
212.0, -66845.41754071922, -62173.031231526285, -57790.03295779622, -59333.51031941299, -67518.07093835722, -63928.671351512836, -72635.3910726775, -68456.19600489092, 0.076, 0.962, -0.194, 192.0, 0.0, 0.0, 0.0, 0.0, 0.0, 0.0, 0.0, 0.0, 0.0, 1.741116417434699E9, 0.0, 2025-03-04 13:26:57.434
213.0, -66846.1775000307, -62132.418111850995, -57795.64324565449, -59336.17017700317, -67521.46840351443, -63931.28650561411, -72642.27540996975, -68446.22712686386, 0.076, 0.962, -0.194, 192.0, 0.0, 0.0, 0.0, 0.0, 0.0, 0.0, 0.0, 0.0, 0.0, 1.74111641743472E9, 0.0, 2025-03-04 13:26:57.434
214.0, -66841.99772381756, -62170.63959486957, -57797.699606144386, -59342.78629336194, -67517.7356621904, -63927.37495033443, -72642.72244485885, -68439.27573433825, 0.076, 0.962, -0.194, 192.0, 0.0, 0.0, 0.0, 0.0, 0.0, 0.0, 0.0, 0.0, 0.0, 1.741116417434746E9, 0.0, 2025-03-04 13:26:57.434
215.0, -66854.6264594348, -62224.283781562306, -57810.395396995, -59362.85815988281, -67528.30803731777, -63938.70728477327, -72661.4532067124, -68456.21835663538, 0.076, 0.962, -0.194, 192.0, 0.0, 0.0, 0.0, 0.0, 0.0, 0.0, 0.0, 0.0, 0.0, 1.741116417434767E9, 0.0, 2025-03-04 13:26:57.434
216.0, -66872.41844802123, -62201.84263012918, -57820.38662676652, -59365.58507270635, -67537.51695603335, -63946.03865695461, -72659.62036366705, -68457.62651653607, 0.076, 0.962, -0.194, 192.0, 0.0, 0.0, 0.0, 0.0, 0.0, 0.0, 0.0, 0.0, 0.0, 1.741116417434788E9, 0.0, 2025-03-04 13:26:57.434
217.0, -66843.71880814062, -62139.99535322134, -57807.690835915906, -59347.83778760884, -67529.62679024063, -63938.01438069515, -72640.8448983246, -68440.41567330548, 0.076, 0.962, -0.194, 192.0, 0.0, 0.0, 0.0, 0.0, 0.0, 0.0, 0.0, 0.0, 0.0, 1.741116417434813E9, 0.0, 2025-03-04 13:26:57.434
218.0, -66819.6683311067, -62159.35196391964, -57789.27299848473, -59341.422836950165, -67513.0864993437, -63927.08437765651, -72614.9392265009, -68432.32434181265, 0.076, 0.962, -0.194, 192.0, 0.0, 0.0, 0.0, 0.0, 0.0, 0.0, 0.0, 0.0, 0.0, 1.741116417434838E9, 0.0, 2025-03-04 13:26:57.434
219.0, -66820.74121484056, -62206.670606931526, -57783.841524582094, -59343.97093581807, -67506.87271438513, -63923.0387119101, -72611.80998227716, -68429.91035341148, 0.076, 0.962, -0.194, 192.0, 0.0, 0.0, 0.0, 0.0, 0.0, 0.0, 0.0, 0.0, 0.0, 1.741116417434862E9, 0.0, 2025-03-04 13:26:57.434
220.0, -66837.03563654848, -62199.45099347246, -57795.68794914341, -59350.98938357704, -67523.50241225987, -63938.12613941743, -72632.41829066495, -68439.83452794964, 0.076, 0.968, -0.194, 192.0, 2.0, 96.0, 30.0, 64.0, 249.0, 240.0, 0.0, 0.0, 0.0, 1.741116417434887E9, 0.0, 2025-03-04 13:26:57.434
221.0, -66834.19696500266, -62135.86028049711, -57784.80264959367, -59338.04772353741, -67516.30515054526, -63934.34869460449, -72606.55732233016, -68427.78693768823, 0.076, 0.968, -0.194, 192.0, 0.0, 0.0, 0.0, 0.0, 0.0, 0.0, 0.0, 0.0, 0.0, 1.74111641743491E9, 0.0, 2025-03-04 13:26:57.434
222.0, -66836.65565689273, -62153.875786528086, -57787.77543160623, -59348.776560875966, -67518.89795290207, -63939.66840978485, -72609.28423515371, -68434.35835055809, 0.076, 0.968, -0.194, 192.0, 0.0, 0.0, 0.0, 0.0, 0.0, 0.0, 0.0, 0.0, 0.0, 1.741116417434941E9, 0.0, 2025-03-04 13:26:57.434
223.0, -66840.18723251668, -62205.01657784183, -57786.8366583391, -59354.632717923254, -67521.42370002552, -63940.92010747435, -72617.889656769, -68439.23103084935, 0.076, 0.968, -0.194, 192.0, 0.0, 0.0, 0.0, 0.0, 0.0, 0.0, 0.0, 0.0, 0.0, 1.741116417434963E9, 0.0, 2025-03-04 13:26:57.434
224.0, -66838.55555517144, -62212.48206048991, -57785.22733273832, -59356.107933057305, -67523.03302562631, -63942.17180516384, -72624.59518010559, -68441.06387389469, 0.076, 0.968, -0.194, 192.0, 0.0, 0.0, 0.0, 0.0, 0.0, 0.0, 0.0, 0.0, 0.0, 1.741116417434983E9, 0.0, 2025-03-04 13:26:57.434
225.0, -66826.55266839894, -62142.23052766688, -57773.917350043936, -59337.77950260395, -67519.09911860217, -63934.79572949359, -72621.42123239294, -68427.56342024368, 0.076, 0.968, -0.194, 192.0, 0.0, 0.0, 0.0, 0.0, 0.0, 0.0, 0.0, 0.0, 0.0, 1.741116417495121E9, 0.0, 2025-03-04 13:26:57.495
226.0, -66837.90735458223, -62144.91273700151, -57779.21471347984, -59332.37038044577, -67519.52380174682, -63936.82973823902, -72624.0363864942, -68425.03767312023, 0.076, 0.968, -0.194, 192.0, 0.0, 0.0, 0.0, 0.0, 0.0, 0.0, 0.0, 0.0, 0.0, 1.741116417495154E9, 0.0, 2025-03-04 13:26:57.495
227.0, -66833.3252469689, -62199.518048705824, -57773.69383259938, -59336.63956363673, -67513.55588597726, -63927.754929990166, -72627.72442432934, -68420.85789690708, 0.076, 0.968, -0.194, 192.0, 0.0, 0.0, 0.0, 0.0, 0.0, 0.0, 0.0, 0.0, 0.0, 1.741116417495191E9, 0.0, 2025-03-04 13:26:57.495
228.0, -66834.53224116948, -62219.90283964907, -57769.156428474955, -59332.616249634775, -67512.52770573231, -63926.145604389385, -72619.36487190305, -68426.6022952321, 0.076, 0.968, -0.194, 192.0, 0.0, 0.0, 0.0, 0.0, 0.0, 0.0, 0.0, 0.0, 0.0, 1.741116417495212E9, 0.0, 2025-03-04 13:26:57.495
229.0, -66846.8257006199, -62160.089571486664, -57773.24679771028, -59322.133281485236, -67519.76967093583, -63929.87834571342, -72621.93532251542, -68435.11830986958, 0.076, 0.968, -0.194, 192.0, 0.0, 0.0, 0.0, 0.0, 0.0, 0.0, 0.0, 0.0, 0.0, 1.741116417495239E9, 0.0, 2025-03-04 13:26:57.495
230.0, -66830.84420333436, -62142.74461778934, -57768.6870418414, -59318.86992679476, -67513.82410691072, -63921.541145031595, -72622.02472949323, -68429.19509758892, 0.07, 0.966, -0.192, 192.0, 2.0, 48.0, 30.0, 48.0, 250.0, 0.0, 0.0, 0.0, 0.0, 1.741116417495261E9, 0.0, 2025-03-04 13:26:57.495
231.0, -66825.70330210964, -62189.37035672312, -57767.16712321844, -59325.977781531554, -67507.90089463006, -63915.863801939944, -72614.58159858962, -68417.99687361681, 0.07, 0.966, -0.192, 192.0, 0.0, 0.0, 0.0, 0.0, 0.0, 0.0, 0.0, 0.0, 0.0, 1.741116417495284E9, 0.0, 2025-03-04 13:26:57.495
232.0, -66841.86361335083, -62223.099139106176, -57782.20984723686, -59338.38299970425, -67518.5403249908, -63927.687874756804, -72626.87505804004, -68429.84329817812, 0.07, 0.966, -0.192, 192.0, 0.0, 0.0, 0.0, 0.0, 0.0, 0.0, 0.0, 0.0, 0.0, 1.741116417495309E9, 0.0, 2025-03-04 13:26:57.495
233.0, -66832.96761905761, -62162.749429076845, -57783.26037922626, -59329.397598433214, -67524.53059250482, -63934.28163937112, -72636.5980668781, -68447.0541414087, 0.07, 0.966, -0.192, 192.0, 0.0, 0.0, 0.0, 0.0, 0.0, 0.0, 0.0, 0.0, 0.0, 1.741116417495339E9, 0.0, 2025-03-04 13:26:57.495
234.0, -66820.33888344036, -62122.9633239464, -57780.354652447066, -59321.283915195934, -67524.53059250482, -63928.85016546848, -72637.71565410086, -68433.73250171334, 0.07, 0.966, -0.192, 192.0, 0.0, 0.0, 0.0, 0.0, 0.0, 0.0, 0.0, 0.0, 0.0, 1.741116417495364E9, 0.0, 2025-03-04 13:26:57.495
235.0, -66813.18632521467, -62165.275176200295, -57772.64330060998, -59321.32861868485, -67518.5850284797, -63918.92599093032, -72620.75068005928, -68408.0503473342, 0.07, 0.966, -0.192, 192.0, 0.0, 0.0, 0.0, 0.0, 0.0, 0.0, 0.0, 0.0, 0.0, 1.741116417495386E9, 0.0, 2025-03-04 13:26:57.495
236.0, -66820.58475262938, -62210.80567965576, -57774.699661099876, -59334.8067205914, -67520.79785118077, -63928.96192419076, -72624.97515976134, -68421.68491145193, 0.07, 0.966, -0.192, 192.0, 0.0, 0.0, 0.0, 0.0, 0.0, 0.0, 0.0, 0.0, 0.0, 1.741116417495407E9, 0.0, 2025-03-04 13:26:57.495
237.0, -66834.7781103585, -62176.13812400558, -57786.81430659465, -59338.53946191543, -67536.73464497742, -63946.12806393243, -72645.76228210477, -68442.159109373, 0.07, 0.966, -0.192, 192.0, 0.0, 0.0, 0.0, 0.0, 0.0, 0.0, 0.0, 0.0, 0.0, 1.741116417495435E9, 0.0, 2025-03-04 13:26:57.495
238.0, -66808.78303155697, -62120.77285298978, -57773.67148085493, -59317.81939480537, -67529.40327279607, -63934.57221204904, -72644.59999139309, -68432.86078367959, 0.07, 0.966, -0.192, 192.0, 0.0, 0.0, 0.0, 0.0, 0.0, 0.0, 0.0, 0.0, 0.0, 1.741116417495457E9, 0.0, 2025-03-04 13:26:57.495
239.0, -66806.59256060036, -62153.33934466116, -57772.933873287904, -59322.8038338189, -67526.05051112777, -63936.785034750115, -72638.60972387907, -68431.36321680108, 0.07, 0.966, -0.192, 192.0, 0.0, 0.0, 0.0, 0.0, 0.0, 0.0, 0.0, 0.0, 0.0, 1.741116417495479E9, 0.0, 2025-03-04 13:26:57.495
240.0, -66811.68875833617, -62206.35768250915, -57774.76671633324, -59335.141996758226, -67524.441185527, -63940.0930929295, -72625.891581284, -68433.21841159087, 0.078, 0.96, -0.188, 192.0, 2.0, 112.0, 30.0, 0.0, 250.0, 32.0, 0.0, 0.0, 0.0, 1.741116417555204E9, 0.0, 2025-03-04 13:26:57.555
241.0, -66812.69458683665, -62176.33928970568, -57772.866818054536, -59328.280011210445, -67523.07772911522, -63941.344790619, -72628.21616270735, -68439.11927212706, 0.078, 0.96, -0.188, 192.0, 0.0, 0.0, 0.0, 0.0, 0.0, 0.0, 0.0, 0.0, 0.0, 1.741116417555237E9, 0.0, 2025-03-04 13:26:57.555
242.0, -66807.71014782312, -62117.7106639994, -57771.19043722039, -59320.099272739804, -67524.687054716, -63945.03282845412, -72630.58544761961, -68438.89575468251, 0.078, 0.96, -0.188, 192.0, 0.0, 0.0, 0.0, 0.0, 0.0, 0.0, 0.0, 0.0, 0.0, 1.741116417555277E9, 0.0, 2025-03-04 13:26:57.555
243.0, -66786.05130744593, -62133.62510605158, -57757.04178298018, -59308.31990341186, -67508.16911556353, -63927.352598589976, -72620.16953470344, -68422.26605680777, 0.078, 0.96, -0.188, 192.0, 0.0, 0.0, 0.0, 0.0, 0.0, 0.0, 0.0, 0.0, 0.0, 1.741116417555299E9, 0.0, 2025-03-04 13:26:57.555
244.0, -66793.78501102746, -62182.79894385325, -57767.59180636309, -59322.692075096624, -67515.72400518942, -63937.92497371733, -72641.40369193598, -68433.08430112414, 0.078, 0.96, -0.188, 192.0, 0.0, 0.0, 0.0, 0.0, 0.0, 0.0, 0.0, 0.0, 0.0, 1.741116417555321E9, 0.0, 2025-03-04 13:26:57.555
245.0, -66806.61491234481, -62188.52099043382, -57780.689928613894, -59340.305249727404, -67526.29638031678, -63955.4934448592, -72634.92168604395, -68444.03665590724, 0.078, 0.96, -0.188, 192.0, 0.0, 0.0, 0.0, 0.0, 0.0, 0.0, 0.0, 0.0, 0.0, 1.741116417555346E9, 0.0, 2025-03-04 13:26:57.555
246.0, -66800.73640355306, -62125.48907106985, -57771.81628606514, -59318.780519816944, -67521.4907552589, -63949.771398278644, -72615.25215092328, -68433.3525220576, 0.078, 0.96, -0.188, 192.0, 0.0, 0.0, 0.0, 0.0, 0.0, 0.0, 0.0, 0.0, 0.0, 1.741116417555376E9, 0.0, 2025-03-04 13:26:57.555
247.0, -66803.68683382116, -62142.81167302271, -57774.52084714423, -59330.73870310053, -67519.8367261692, -63954.84524427, -72617.30851141317, -68439.47690003835, 0.078, 0.96, -0.188, 192.0, 0.0, 0.0, 0.0, 0.0, 0.0, 0.0, 0.0, 0.0, 0.0, 1.741116417555413E9, 0.0, 2025-03-04 13:26:57.555
248.0, -66795.64020581725, -62192.25373175785, -57761.22155919333, -59334.18087174665, -67505.79983065127, -63945.39045636541, -72601.57288331662, -68429.95505690039, 0.078, 0.96, -0.188, 192.0, 0.0, 0.0, 0.0, 0.0, 0.0, 0.0, 0.0, 0.0, 0.0, 1.741116417555444E9, 0.0, 2025-03-04 13:26:57.555
249.0, -66785.62662430128, -62187.78338286679, -57749.91157649894, -59319.36166517278, -67504.54813296178, -63937.65675278387, -72597.8848454815, -68419.96382712887, 0.078, 0.96, -0.188, 192.0, 0.0, 0.0, 0.0, 0.0, 0.0, 0.0, 0.0, 0.0, 0.0, 1.741116417555491E9, 0.0, 2025-03-04 13:26:57.555
250.0, -66794.99200522805, -62123.07508266868, -57752.70554455585, -59314.109005225786, -67516.59572322317, -63943.557613320074, -72614.04515672268, -68422.42251901896, 0.07200000000000001, 0.9580000000000001, -0.188, 192.0, 2.0, 64.0, 29.0, 240.0, 250.0, 32.0, 0.0, 0.0, 0.0, 1.74111641755552E9, 0.0, 2025-03-04 13:26:57.555
251.0, -66799.06002271891, -62124.12561465808, -57754.359573645546, -59314.42192964815, -67516.99805462337, -63941.523604574635, -72621.86826728204, -68426.11055685408, 0.07200000000000001, 0.9580000000000001, -0.188, 192.0, 0.0, 0.0, 0.0, 0.0, 0.0, 0.0, 0.0, 0.0, 0.0, 1.741116417555568E9, 0.0, 2025-03-04 13:26:57.555
252.0, -66797.60715932932, -62175.758144349835, -57753.219634678324, -59322.73677858553, -67517.15451683456, -63938.48376732872, -72628.01499700725, -68433.12900461305, 0.07200000000000001, 0.9580000000000001, -0.188, 192.0, 0.0, 0.0, 0.0, 0.0, 0.0, 0.0, 0.0, 0.0, 0.0, 1.741116417555604E9, 0.0, 2025-03-04 13:26:57.555
253.0, -66782.00564169952, -62190.7785166238, -57744.94948922986, -59315.02542674845, -67507.11858357413, -63924.69274099979, -72616.66031082397, -68419.76266142877, 0.07200000000000001, 0.9580000000000001, -0.188, 192.0, 0.0, 0.0, 0.0, 0.0, 0.0, 0.0, 0.0, 0.0, 0.0, 1.741116417555626E9, 0.0, 2025-03-04 13:26:57.555
254.0, -66791.97451972659, -62125.62318153658, -57752.102047455555, -59305.48123186603, -67517.40038602357, -63928.85016546848, -72638.16268898996, -68425.10472835359, 0.07200000000000001, 0.9580000000000001, -0.188, 192.0, 0.0, 0.0, 0.0, 0.0, 0.0, 0.0, 0.0, 0.0, 0.0, 1.741116417555647E9, 0.0, 2025-03-04 13:26:57.555
255.0, -66794.20969417211, -62111.47452729637, -57757.82409403612, -59309.10221446779, -67519.12147034662, -63928.313723601554, -72631.56892437565, -68427.09403361012, 0.07200000000000001, 0.9580000000000001, -0.188, 192.0, 0.0, 0.0, 0.0, 0.0, 0.0, 0.0, 0.0, 0.0, 0.0, 1.741116417615598E9, 0.0, 2025-03-04 13:26:57.615
0.0, -66782.11740042179, -62160.022516253295, -57757.64528008048, -59320.523955884455, -67516.41690926754, -63936.360351605465, -72614.15691544497, -68451.07745541066, 0.07200000000000001, 0.9580000000000001, -0.188, 192.0, 0.0, 0.0, 0.0, 0.0, 0.0, 0.0, 0.0, 0.0, 0.0, 1.741116417615642E9, 0.0, 2025-03-04 13:26:57.615
1.0, -66793.3156243939, -62193.14780153606, -57761.64624233798, -59323.519089641464, -67514.60641796666, -63932.00176143667, -72613.39695613348, -68441.37679831705, 0.07200000000000001, 0.9580000000000001, -0.188, 192.0, 0.0, 0.0, 0.0, 0.0, 0.0, 0.0, 0.0, 0.0, 0.0, 1.741116417615691E9, 0.0, 2025-03-04 13:26:57.615
2.0, -66789.3593656253, -62141.17999567748, -57758.56170160314, -59317.528822127446, -67516.439261012, -63929.23014512422, -72620.2365899368, -68422.53427774123, 0.07200000000000001, 0.9580000000000001, -0.188, 192.0, 0.0, 0.0, 0.0, 0.0, 0.0, 0.0, 0.0, 0.0, 0.0, 1.741116417615722E9, 0.0, 2025-03-04 13:26:57.615
3.0, -66791.4157261152, -62109.88755344004, -57758.15937020295, -59307.26937142246, -67506.9844731074, -63921.16116537585, -72622.0917847266, -68413.12419332555, 0.07200000000000001, 0.9580000000000001, -0.188, 192.0, 0.0, 0.0, 0.0, 0.0, 0.0, 0.0, 0.0, 0.0, 0.0, 1.741116417615753E9, 0.0, 2025-03-04 13:26:57.615
4.0, -66785.13488592325, -62153.42875163898, -57761.24391093778, -59314.8019093039, -67499.00490033685, -63916.98138916271, -72614.06750846714, -68416.61106546057, 0.07, 0.966, -0.186, 192.0, 2.0, 48.0, 30.0, 48.0, 250.0, 48.0, 0.0, 0.0, 0.0, 1.74111641761579E9, 0.0, 2025-03-04 13:26:57.615
5.0, -66778.1611416532, -62196.99230158237, -57756.10300971306, -59328.05649376589, -67498.9825485924, -63924.826851466525, -72608.63603456451, -68416.27578929375, 0.07, 0.966, -0.186, 192.0, 0.0, 0.0, 0.0, 0.0, 0.0, 0.0, 0.0, 0.0, 0.0, 1.741116417615824E9, 0.0, 2025-03-04 13:26:57.615
6.0, -66789.69464179214, -62161.140103476064, -57758.91932951443, -59327.14007224323, -67504.79400215078, -63928.35842709046, -72622.40470914898, -68422.15429808549, 0.07, 0.966, -0.186, 192.0, 0.0, 0.0, 0.0, 0.0, 0.0, 0.0, 0.0, 0.0, 0.0, 1.741116417615865E9, 0.0, 2025-03-04 13:26:57.615
7.0, -66796.73544129556, -62116.2130971209, -57767.994137763286, -59323.58614487483, -67512.2371330544, -63929.587773035506, -72632.26182845376, -68430.24562957832, 0.07, 0.966, -0.186, 192.0, 0.0, 0.0, 0.0, 0.0, 0.0, 0.0, 0.0, 0.0, 0.0, 1.7411164176159E9, 0.0, 2025-03-04 13:26:57.615
8.0, -66820.8753253073, -62163.75525757734, -57784.86970482704, -59341.24402299453, -67518.60738022416, -63937.9920289507, -72628.77495631874, -68435.20771684739, 0.07, 0.966, -0.186, 192.0, 0.0, 0.0, 0.0, 0.0, 0.0, 0.0, 0.0, 0.0, 0.0, 1.741116417615949E9, 0.0, 2025-03-04 13:26:57.615
9.0, -66804.91617976621, -62208.79402265478, -57785.9872920498, -59350.452941710115, -67521.55781049226, -63946.75391277718, -72622.71763357134, -68445.82479546366, 0.07, 0.966, -0.186, 192.0, 0.0, 0.0, 0.0, 0.0, 0.0, 0.0, 0.0, 0.0, 0.0, 1.741116417615984E9, 0.0, 2025-03-04 13:26:57.615
10.0, -66785.93954872365, -62170.63959486957, -57775.05728901116, -59336.058418280896, -67520.32846454722, -63948.34088663351, -72621.51063937077, -68439.94628667191, 0.07, 0.966, -0.186, 192.0, 0.0, 0.0, 0.0, 0.0, 0.0, 0.0, 0.0, 0.0, 0.0, 1.741116417616017E9, 0.0, 2025-03-04 13:26:57.616
11.0, -66796.7130895511, -62116.07898665417, -57781.80751583666, -59333.97970604655, -67523.48006051542, -63950.15137793439, -72624.48342138332, -68432.68196972394, 0.07, 0.966, -0.186, 192.0, 0.0, 0.0, 0.0, 0.0, 0.0, 0.0, 0.0, 0.0, 0.0, 1.74111641761606E9, 0.0, 2025-03-04 13:26:57.616
12.0, -66797.87538026278, -62147.48318761387, -57782.70158561487, -59341.17696776116, -67516.41690926754, -63946.73156103273, -72609.99949097628, -68431.18440284544, 0.07, 0.966, -0.186, 192.0, 0.0, 0.0, 0.0, 0.0, 0.0, 0.0, 0.0, 0.0, 0.0, 1.741116417616108E9, 0.0, 2025-03-04 13:26:57.616
13.0, -66803.15039195423, -62201.283836517796, -57785.42849843842, -59348.82126436487, -67516.52866798981, -63952.341848891, -72613.30754915567, -68435.56534475868, 0.07, 0.966, -0.186, 192.0, 0.0, 0.0, 0.0, 0.0, 0.0, 0.0, 0.0, 0.0, 0.0, 1.741116417616155E9, 0.0, 2025-03-04 13:26:57.616
14.0, -66802.47983962057, -62194.53360969229, -57779.41587917994, -59343.233328251044, -67516.05928135625, -63951.403075623886, -72614.11221195606, -68426.1999638319, 0.074, 0.97, -0.188, 192.0, 2.0, 80.0, 30.0, 80.0, 250.0, 32.0, 0.0, 0.0, 0.0, 1.741116417674861E9, 0.0, 2025-03-04 13:26:57.674
15.0, -66815.6226653603, -62135.92733573048, -57781.18166699191, -59337.7571508595, -67525.44701402748, -63958.35446814948, -72626.07039523964, -68437.71111222639, 0.074, 0.97, -0.188, 192.0, 0.0, 0.0, 0.0, 0.0, 0.0, 0.0, 0.0, 0.0, 0.0, 1.741116417674909E9, 0.0, 2025-03-04 13:26:57.674
16.0, -66805.09499372185, -62146.16443469101, -57768.86585579704, -59329.91168855569, -67512.57240922122, -63945.859842998965, -72618.11317421355, -68431.27380982325, 0.074, 0.97, -0.188, 192.0, 0.0, 0.0, 0.0, 0.0, 0.0, 0.0, 0.0, 0.0, 0.0, 1.741116417674968E9, 0.0, 2025-03-04 13:26:57.674
17.0, -66791.50513309301, -62191.31495849073, -57755.65597482395, -59327.587107132334, -67497.26146426934, -63938.01438069515, -72599.7400402713, -68426.73640569883, 0.074, 0.97, -0.188, 192.0, 0.0, 0.0, 0.0, 0.0, 0.0, 0.0, 0.0, 0.0, 0.0, 1.741116417675003E9, 0.0, 2025-03-04 13:26:57.675
18.0, -66814.88505779328, -62203.988397596884, -57767.2341784518, -59333.06328452388, -67511.432470254, -63949.95021223429, -72613.26284566676, -68444.99778091881, 0.074, 0.97, -0.188, 192.0, 0.0, 0.0, 0.0, 0.0, 0.0, 0.0, 0.0, 0.0, 0.0, 1.741116417675038E9, 0.0, 2025-03-04 13:26:57.675
19.0, -66825.85976432083, -62145.15860619052, -57769.1340767305, -59328.81645307737, -67514.80758366676, -63947.42446511084, -72622.82939229363, -68436.52646977025, 0.074, 0.97, -0.188, 192.0, 0.0, 0.0, 0.0, 0.0, 0.0, 0.0, 0.0, 0.0, 0.0, 1.741116417675078E9, 0.0, 2025-03-04 13:26:57.675
20.0, -66805.65378733323, -62134.74269327435, -57757.17589344691, -59316.321827926855, -67498.28964451428, -63930.03480792461, -72614.24632242278, -68415.98521661582, 0.074, 0.97, -0.188, 192.0, 0.0, 0.0, 0.0, 0.0, 0.0, 0.0, 0.0, 0.0, 0.0, 1.741116417675113E9, 0.0, 2025-03-04 13:26:57.675
21.0, -66821.90350555224, -62183.20127525345, -57770.229312208816, -59323.60849661929, -67506.89506612958, -63936.159185905366, -72609.12777294252, -68426.46818476537, 0.074, 0.97, -0.188, 192.0, 0.0, 0.0, 0.0, 0.0, 0.0, 0.0, 0.0, 0.0, 0.0, 1.741116417675152E9, 0.0, 2025-03-04 13:26:57.675
22.0, -66805.87730477778, -62201.79792664027, -57768.35176567457, -59320.27808669545, -67506.64919694058, -63934.79572949359, -72601.79640076117, -68431.4526237789, 0.074, 0.97, -0.188, 192.0, 0.0, 0.0, 0.0, 0.0, 0.0, 0.0, 0.0, 0.0, 0.0, 1.741116417675189E9, 0.0, 2025-03-04 13:26:57.675
23.0, -66794.9696534836, -62132.08283568417, -57759.165198703435, -59301.12264169725, -67500.52481895982, -63921.51879328714, -72595.64967103596, -68414.30883578167, 0.074, 0.97, -0.188, 192.0, 0.0, 0.0, 0.0, 0.0, 0.0, 0.0, 0.0, 0.0, 0.0, 1.741116417675232E9, 0.0, 2025-03-04 13:26:57.675
24.0, -66809.61004610182, -62118.60473377762, -57776.26428321175, -59312.38792090272, -67512.93003713251, -63932.426444581324, -72614.69335731189, -68422.80249867469, 0.068, 0.966, -0.188, 192.0, 2.0, 32.0, 30.0, 48.0, 250.0, 32.0, 0.0, 0.0, 0.0, 1.741116417675266E9, 0.0, 2025-03-04 13:26:57.675
25.0, -66815.91323803822, -62176.33928970568, -57783.215675737345, -59328.03414202144, -67517.42273776802, -63936.762683005654, -72622.51646787125, -68431.09499586762, 0.068, 0.966, -0.188, 192.0, 0.0, 0.0, 0.0, 0.0, 0.0, 0.0, 0.0, 0.0, 0.0, 1.741116417675305E9, 0.0, 2025-03-04 13:26:57.675
26.0, -66812.76164207002, -62206.26827553133, -57780.287597213704, -59332.616249634775, -67516.439261012, -63932.35938934796, -72619.81190679215, -68443.63432450705, 0.068, 0.966, -0.188, 192.0, 0.0, 0.0, 0.0, 0.0, 0.0, 0.0, 0.0, 0.0, 0.0, 1.741116417675341E9, 0.0, 2025-03-04 13:26:57.675
27.0, -66829.61485738932, -62159.08374298618, -57786.233161238815, -59329.12937749975, -67523.5918192377, -63935.734502760715, -72632.91002904296, -68441.46620529487, 0.068, 0.966, -0.188, 192.0, 0.0, 0.0, 0.0, 0.0, 0.0, 0.0, 0.0, 0.0, 0.0, 1.741116417675384E9, 0.0, 2025-03-04 13:26:57.675
28.0, -66815.71207233812, -62123.34330360214, -57783.997986793285, -59320.41219716218, -67522.40717678156, -63931.957057947766, -72640.88960181351, -68436.86174593709, 0.068, 0.966, -0.188, 192.0, 0.0, 0.0, 0.0, 0.0, 0.0, 0.0, 0.0, 0.0, 0.0, 1.741116417675419E9, 0.0, 2025-03-04 13:26:57.675
29.0, -66802.30102566493, -62159.262556941816, -57778.454754168364, -59320.56865937336, -67511.99126386539, -63924.24570611068, -72636.151031989, -68436.16884185896, 0.068, 0.966, -0.188, 192.0, 0.0, 0.0, 0.0, 0.0, 0.0, 0.0, 0.0, 0.0, 0.0, 1.741116417734782E9, 0.0, 2025-03-04 13:26:57.734
30.0, -66801.0716797199, -62200.50152546186, -57778.27594021273, -59331.4539589231, -67507.56561846324, -63926.011493922655, -72626.38331966203, -68434.22424009135, 0.068, 0.966, -0.188, 192.0, 0.0, 0.0, 0.0, 0.0, 0.0, 0.0, 0.0, 0.0, 0.0, 1.741116417734829E9, 0.0, 2025-03-04 13:26:57.734
31.0, -66804.82677278838, -62162.749429076845, -57781.740460603294, -59332.63860137923, -67515.07580460022, -63937.23206963922, -72622.96350276035, -68441.44385355042, 0.068, 0.966, -0.188, 192.0, 0.0, 0.0, 0.0, 0.0, 0.0, 0.0, 0.0, 0.0, 0.0, 1.741116417734865E9, 0.0, 2025-03-04 13:26:57.734
32.0, -66805.05029023293, -62116.39191107654, -57786.34491996109, -59331.47631066755, -67519.03206336881, -63944.22816565373, -72621.62239809304, -68442.96377217339, 0.068, 0.966, -0.188, 192.0, 0.0, 0.0, 0.0, 0.0, 0.0, 0.0, 0.0, 0.0, 0.0, 1.741116417734918E9, 0.0, 2025-03-04 13:26:57.734
33.0, -66794.47791510557, -62141.47056835539, -57784.333262960114, -59330.13520600024, -67516.95335113446, -63942.55178481958, -72638.96735179036, -68448.39524607602, 0.068, 0.966, -0.188, 192.0, 0.0, 0.0, 0.0, 0.0, 0.0, 0.0, 0.0, 0.0, 0.0, 1.741116417734956E9, 0.0, 2025-03-04 13:26:57.734
34.0, -66790.05226970343, -62189.97385382341, -57785.71907111634, -59341.914575328185, -67516.72983368991, -63948.027962211134, -72639.45909016837, -68460.28637412624, 0.066, 0.966, -0.19, 192.0, 2.0, 16.0, 30.0, 48.0, 250.0, 16.0, 0.0, 0.0, 0.0, 1.741116417734997E9, 0.0, 2025-03-04 13:26:57.734
35.0, -66785.53721732345, -62165.54339713376, -57776.15252448947, -59328.72704609955, -67510.71721443144, -63945.1445871764, -72608.65838630896, -68437.91227792649, 0.066, 0.966, -0.19, 192.0, 0.0, 0.0, 0.0, 0.0, 0.0, 0.0, 0.0, 0.0, 0.0, 1.741116417735058E9, 0.0, 2025-03-04 13:26:57.735
36.0, -66790.27578714798, -62112.72622498587, -57778.29829195718, -59323.4520344081, -67511.76774642084, -63945.81513951006, -72612.77110728873, -68434.31364706918, 0.066, 0.966, -0.19, 192.0, 0.0, 0.0, 0.0, 0.0, 0.0, 0.0, 0.0, 0.0, 0.0, 1.741116417735092E9, 0.0, 2025-03-04 13:26:57.735
37.0, -66793.69560404964, -62144.04101896776, -57783.707414115364, -59330.4034269337, -67514.96404587795, -63948.76556977816, -72624.48342138332, -68441.17563261696, 0.066, 0.966, -0.19, 192.0, 0.0, 0.0, 0.0, 0.0, 0.0, 0.0, 0.0, 0.0, 0.0, 1.741116417735143E9, 0.0, 2025-03-04 13:26:57.735
38.0, -66791.6168918153, -62200.34506325067, -57780.57816989162, -59334.02440953546, -67512.57240922122, -63949.23495641172, -72623.47759288283, -68447.0541414087, 0.066, 0.966, -0.19, 192.0, 0.0, 0.0, 0.0, 0.0, 0.0, 0.0, 0.0, 0.0, 0.0, 1.741116417735182E9, 0.0, 2025-03-04 13:26:57.735
39.0, -66792.80153427142, -62200.300359761764, -57773.60442562156, -59334.784368846944, -67510.96308362045, -63952.40890412437, -72616.36973814604, -68454.96665894588, 0.066, 0.966, -0.19, 192.0, 0.0, 0.0, 0.0, 0.0, 0.0, 0.0, 0.0, 0.0, 0.0, 1.74111641773522E9, 0.0, 2025-03-04 13:26:57.735
40.0, -66798.38947038526, -62145.35977189062, -57772.799762821174, -59329.5540606444, -67510.00195860886, -63947.13389243292, -72615.94505500139, -68444.52839428525, 0.066, 0.966, -0.19, 192.0, 0.0, 0.0, 0.0, 0.0, 0.0, 0.0, 0.0, 0.0, 0.0, 1.741116417735252E9, 0.0, 2025-03-04 13:26:57.735
41.0, -66798.09889770733, -62160.53660637577, -57771.548065131676, -59324.88254605324, -67500.25659802635, -63933.007589937166, -72608.34546188658, -68425.70822545388, 0.066, 0.966, -0.19, 192.0, 0.0, 0.0, 0.0, 0.0, 0.0, 0.0, 0.0, 0.0, 0.0, 1.741116417735283E9, 0.0, 2025-03-04 13:26:57.735
42.0, -66801.69752856463, -62215.387787269094, -57767.79297206319, -59330.448130422614, -67489.14778103206, -63927.71022650126, -72596.8343134921, -68418.62272246156, 0.066, 0.966, -0.19, 192.0, 0.0, 0.0, 0.0, 0.0, 0.0, 0.0, 0.0, 0.0, 0.0, 1.741116417735324E9, 0.0, 2025-03-04 13:26:57.735
43.0, -66816.4720316496, -62231.905726421566, -57779.237065224304, -59343.456845695604, -67501.79886839377, -63939.713113273756, -72607.45139210837, -68433.5983912466, 0.066, 0.966, -0.19, 192.0, 0.0, 0.0, 0.0, 0.0, 0.0, 0.0, 0.0, 0.0, 0.0, 1.741116417735356E9, 0.0, 2025-03-04 13:26:57.735
44.0, -66810.19119145766, -62165.54339713376, -57778.745326846285, -59326.78244433194, -67501.84357188268, -63931.77824399212, -72610.80415377667, -68432.32434181265, 0.07200000000000001, 0.97, -0.184, 192.0, 2.0, 64.0, 30.0, 80.0, 250.0, 64.0, 0.0, 0.0, 0.0, 1.741116417795412E9, 0.0, 2025-03-04 13:26:57.795
45.0, -66804.91617976621, -62149.405437637026, -57773.82794306612, -59310.51037436848, -67488.07489729821, -63916.46729904024, -72602.51165658375, -68423.69656845291, 0.07200000000000001, 0.97, -0.184, 192.0, 0.0, 0.0, 0.0, 0.0, 0.0, 0.0, 0.0, 0.0, 0.0, 1.74111641779546E9, 0.0, 2025-03-04 13:26:57.795
46.0, -66804.98323499957, -62200.14389755057, -57777.60538787906, -59325.03900826443, -67489.84068511018, -63916.82492695152, -72605.2385694073, -68428.16691734397, 0.07200000000000001, 0.97, -0.184, 192.0, 0.0, 0.0, 0.0, 0.0, 0.0, 0.0, 0.0, 0.0, 0.0, 1.741116417795492E9, 0.0, 2025-03-04 13:26:57.795
47.0, -66799.46235411911, -62225.334313551706, -57774.47614365532, -59322.87088905226, -67491.67352815552, -63914.12036587243, -72604.9927002183, -68426.55759174319, 0.07200000000000001, 0.97, -0.184, 192.0, 0.0, 0.0, 0.0, 0.0, 0.0, 0.0, 0.0, 0.0, 0.0, 1.741116417795549E9, 0.0, 2025-03-04 13:26:57.795
48.0, -66806.41374664471, -62171.53366464778, -57779.77350709123, -59321.21685996257, -67499.45193522597, -63915.103842628465, -72613.82163927813, -68414.86762939306, 0.07200000000000001, 0.97, -0.184, 192.0, 0.0, 0.0, 0.0, 0.0, 0.0, 0.0, 0.0, 0.0, 0.0, 1.74111641779558E9, 0.0, 2025-03-04 13:26:57.795
49.0, -66791.12515343729, -62143.21400442291, -57772.017451765234, -59315.494813382014, -67490.71240314393, -63906.11844135743, -72608.88190375351, -68417.1475073275, 0.07200000000000001, 0.97, -0.184, 192.0, 0.0, 0.0, 0.0, 0.0, 0.0, 0.0, 0.0, 0.0, 0.0, 1.741116417795623E9, 0.0, 2025-03-04 13:26:57.795
50.0, -66790.8122290149, -62186.88931308858, -57772.24096920979, -59320.99334251801, -67489.52776068781, -63904.330301801005, -72616.68266256842, -68425.41765277597, 0.07200000000000001, 0.97, -0.184, 192.0, 0.0, 0.0, 0.0, 0.0, 0.0, 0.0, 0.0, 0.0, 0.0, 1.741116417795654E9, 0.0, 2025-03-04 13:26:57.795
51.0, -66795.52844709497, -62225.110796107154, -57780.689928613894, -59334.02440953546, -67500.05543232625, -63912.734557716205, -72627.94794177389, -68447.67999025345, 0.07200000000000001, 0.97, -0.184, 192.0, 0.0, 0.0, 0.0, 0.0, 0.0, 0.0, 0.0, 0.0, 0.0, 1.741116417795684E9, 0.0, 2025-03-04 13:26:57.795
52.0, -66798.41182212971, -62176.42869668349, -57784.35561470457, -59332.45978742359, -67509.10788883065, -63919.4847845417, -72630.3395784306, -68455.27958336826, 0.07200000000000001, 0.97, -0.184, 192.0, 0.0, 0.0, 0.0, 0.0, 0.0, 0.0, 0.0, 0.0, 0.0, 1.741116417795722E9, 0.0, 2025-03-04 13:26:57.795
53.0, -66818.34957818384, -62146.052675968735, -57797.16316427746, -59335.633735136245, -67520.06024361376, -63928.78311023511, -72634.38524417701, -68437.9569814154, 0.07200000000000001, 0.97, -0.184, 192.0, 0.0, 0.0, 0.0, 0.0, 0.0, 0.0, 0.0, 0.0, 0.0, 1.741116417795759E9, 0.0, 2025-03-04 13:26:57.795
54.0, -66797.33893839586, -62181.077859530196, -57783.79682109319, -59334.06911302437, -67505.50925797335, -63918.76952871914, -72618.13552595802, -68430.87147842305, 0.07200000000000001, 0.968, -0.178, 192.0, 2.0, 64.0, 30.0, 64.0, 250.0, 112.0, 0.0, 0.0, 0.0, 1.741116417795795E9, 0.0, 2025-03-04 13:26:57.795
55.0, -66798.769450041, -62222.16036583905, -57786.635492639005, -59344.46267419609, -67510.22547605341, -63930.45949106926, -72618.20258119138, -68448.39524607602, 0.07200000000000001, 0.968, -0.178, 192.0, 0.0, 0.0, 0.0, 0.0, 0.0, 0.0, 0.0, 0.0, 0.0, 1.741116417795829E9, 0.0, 2025-03-04 13:26:57.795
56.0, -66810.14648796874, -62190.577350923704, -57793.29631248669, -59348.620098664775, -67519.70261570247, -63945.792787765604, -72634.31818894365, -68468.86944399709, 0.07200000000000001, 0.968, -0.178, 192.0, 0.0, 0.0, 0.0, 0.0, 0.0, 0.0, 0.0, 0.0, 0.0, 1.74111641779586E9, 0.0, 2025-03-04 13:26:57.795
57.0, -66814.23685720407, -62145.426827123985, -57801.07471955714, -59348.7095056426, -67527.61513323964, -63952.632421568924, -72647.46101468337, -68456.15130140202, 0.07200000000000001, 0.968, -0.178, 192.0, 0.0, 0.0, 0.0, 0.0, 0.0, 0.0, 0.0, 0.0, 0.0, 1.741116417795901E9, 0.0, 2025-03-04 13:26:57.795
58.0, -66786.5653975684, -62166.05748725623, -57786.16610600545, -59339.76880786048, -67514.11467958865, -63935.309819616064, -72644.15295650398, -68427.8986964105, 0.07200000000000001, 0.968, -0.178, 192.0, 0.0, 0.0, 0.0, 0.0, 0.0, 0.0, 0.0, 0.0, 0.0, 1.741116417795937E9, 0.0, 2025-03-04 13:26:57.795
59.0, -66796.75779304001, -62215.20897331345, -57788.26716998425, -59344.641488151734, -67514.3381970332, -63940.56247956306, -72624.75164231678, -68434.403054047, 0.07200000000000001, 0.968, -0.178, 192.0, 0.0, 0.0, 0.0, 0.0, 0.0, 0.0, 0.0, 0.0, 0.0, 1.741116417855531E9, 0.0, 2025-03-04 13:26:57.855
60.0, -66800.28936866396, -62203.94369410798, -57788.91537057345, -59347.6589736532, -67518.18269707951, -63950.15137793439, -72611.36294738806, -68450.51866179927, 0.07200000000000001, 0.968, -0.178, 192.0, 0.0, 0.0, 0.0, 0.0, 0.0, 0.0, 0.0, 0.0, 0.0, 1.741116417855576E9, 0.0, 2025-03-04 13:26:57.855
61.0, -66794.70143255012, -62140.2188706659, -57779.304120457666, -59324.34610418631, -67511.16424932054, -63942.931764475325, -72613.35225264457, -68461.5604235602, 0.07200000000000001, 0.968, -0.178, 192.0, 0.0, 0.0, 0.0, 0.0, 0.0, 0.0, 0.0, 0.0, 0.0, 1.741116417855608E9, 0.0, 2025-03-04 13:26:57.855
62.0, -66805.87730477778, -62160.00016450884, -57788.468335684345, -59328.280011210445, -67516.17104007852, -63947.37976162193, -72615.76624104574, -68453.08911241163, 0.07200000000000001, 0.968, -0.178, 192.0, 0.0, 0.0, 0.0, 0.0, 0.0, 0.0, 0.0, 0.0, 0.0, 1.741116417855663E9, 0.0, 2025-03-04 13:26:57.855
63.0, -66794.72378429459, -62212.75028142337, -57777.985367534806, -59327.654162365696, -67504.52578121732, -63933.18640389281, -72600.49999958277, -68418.22039106136, 0.07200000000000001, 0.968, -0.178, 192.0, 0.0, 0.0, 0.0, 0.0, 0.0, 0.0, 0.0, 0.0, 0.0, 1.741116417855694E9, 0.0, 2025-03-04 13:26:57.855
64.0, -66796.84720001784, -62211.85621164516, -57774.5879023776, -59325.37428443126, -67504.6822434285, -63935.91331671635, -72606.98200547481, -68430.17857434494, 0.07200000000000001, 0.962, -0.178, 192.0, 2.0, 64.0, 30.0, 16.0, 250.0, 112.0, 0.0, 0.0, 0.0, 1.741116417855725E9, 0.0, 2025-03-04 13:26:57.855
65.0, -66803.15039195423, -62148.26549866981, -57777.851257068076, -59321.1051012403, -67507.3868045076, -63937.85791848397, -72616.45914512387, -68441.17563261696, 0.07200000000000001, 0.962, -0.178, 192.0, 0.0, 0.0, 0.0, 0.0, 0.0, 0.0, 0.0, 0.0, 0.0, 1.741116417855766E9, 0.0, 2025-03-04 13:26:57.855
66.0, -66782.85500798882, -62144.018667223296, -57767.50239938527, -59311.78442380243, -67493.81929562322, -63921.183517120306, -72608.61368282005, -68426.69170220992, 0.07200000000000001, 0.962, -0.178, 192.0, 0.0, 0.0, 0.0, 0.0, 0.0, 0.0, 0.0, 0.0, 0.0, 1.741116417855797E9, 0.0, 2025-03-04 13:26:57.855
67.0, -66792.62272031579, -62196.92524634901, -57772.50919014325, -59324.34610418631, -67496.30033925777, -63923.66456075485, -72606.31145314116, -68420.41086201798, 0.07200000000000001, 0.962, -0.178, 192.0, 0.0, 0.0, 0.0, 0.0, 0.0, 0.0, 0.0, 0.0, 0.0, 1.741116417855834E9, 0.0, 2025-03-04 13:26:57.855
68.0, -66800.69170006416, -62217.55590648126, -57778.5888646351, -59336.97483980356, -67498.35669974764, -63928.58194453501, -72607.31728164165, -68427.02697837674, 0.07200000000000001, 0.962, -0.178, 192.0, 0.0, 0.0, 0.0, 0.0, 0.0, 0.0, 0.0, 0.0, 0.0, 1.741116417855866E9, 0.0, 2025-03-04 13:26:57.855
69.0, -66813.02986300348, -62158.212024952416, -57790.68115838542, -59333.5550229019, -67512.95238887696, -63940.048389440584, -72625.15397371698, -68444.88602219654, 0.07200000000000001, 0.962, -0.178, 192.0, 0.0, 0.0, 0.0, 0.0, 0.0, 0.0, 0.0, 0.0, 0.0, 1.741116417855907E9, 0.0, 2025-03-04 13:26:57.855
70.0, -66797.9647872406, -62153.13817896107, -57791.70933863036, -59332.21391823458, -67508.70555743045, -63932.38174109242, -72625.42219465044, -68437.398187804, 0.07200000000000001, 0.962, -0.178, 192.0, 0.0, 0.0, 0.0, 0.0, 0.0, 0.0, 0.0, 0.0, 0.0, 1.741116417855943E9, 0.0, 2025-03-04 13:26:57.855
71.0, -66800.11055470831, -62198.40046148306, -57791.68698688591, -59335.43256943615, -67507.05152834076, -63925.36329333345, -72623.43288939392, -68428.63630397753, 0.07200000000000001, 0.962, -0.178, 192.0, 0.0, 0.0, 0.0, 0.0, 0.0, 0.0, 0.0, 0.0, 0.0, 1.741116417855974E9, 0.0, 2025-03-04 13:26:57.855
72.0, -66817.1202322388, -62232.48687177741, -57803.62281842504, -59348.061305053394, -67517.9368278905, -63933.834604482014, -72643.81768033716, -68446.18242337495, 0.07200000000000001, 0.962, -0.178, 192.0, 0.0, 0.0, 0.0, 0.0, 0.0, 0.0, 0.0, 0.0, 0.0, 1.741116417856015E9, 0.0, 2025-03-04 13:26:57.856
73.0, -66816.87436304979, -62173.7241356044, -57800.87355385704, -59337.66774388168, -67519.3896912801, -63935.2874678716, -72646.99162804981, -68455.90543221301, 0.07200000000000001, 0.962, -0.178, 192.0, 0.0, 0.0, 0.0, 0.0, 0.0, 0.0, 0.0, 0.0, 0.0, 1.741116417856046E9, 0.0, 2025-03-04 13:26:57.856
74.0, -66815.64501710475, -62146.611469580115, -57798.90660034497, -59330.246964722515, -67517.66860695704, -63926.145604389385, -72630.71955808635, -68446.67416175296, 0.068, 0.966, -0.178, 192.0, 2.0, 32.0, 30.0, 48.0, 250.0, 112.0, 0.0, 0.0, 0.0, 1.741116417915746E9, 0.0, 2025-03-04 13:26:57.915
75.0, -66813.99098801505, -62192.8795806026, -57799.28658000071, -59334.11381651328, -67514.40525226656, -63918.36719731894, -72628.50673538528, -68427.78693768823, 0.068, 0.966, -0.178, 192.0, 0.0, 0.0, 0.0, 0.0, 0.0, 0.0, 0.0, 0.0, 0.0, 1.741116417915794E9, 0.0, 2025-03-04 13:26:57.915
76.0, -66810.66057809122, -62227.010694385855, -57798.90660034497, -59338.31594447088, -67515.56754297824, -63918.47895604122, -72640.86725006906, -68436.5488215147, 0.068, 0.966, -0.178, 192.0, 0.0, 0.0, 0.0, 0.0, 0.0, 0.0, 0.0, 0.0, 0.0, 1.741116417915826E9, 0.0, 2025-03-04 13:26:57.915
77.0, -66814.4156711597, -62178.88738857358, -57800.404167223474, -59333.33150545735, -67518.96500813545, -63925.855031711464, -72640.68843611341, -68447.74704548682, 0.068, 0.966, -0.178, 192.0, 0.0, 0.0, 0.0, 0.0, 0.0, 0.0, 0.0, 0.0, 0.0, 1.741116417915882E9, 0.0, 2025-03-04 13:26:57.915
78.0, -66808.55951411242, -62133.178071162474, -57798.63837941151, -59326.402464676205, -67515.47813600041, -63924.22335436623, -72636.68747385591, -68448.57406003166, 0.068, 0.966, -0.178, 192.0, 0.0, 0.0, 0.0, 0.0, 0.0, 0.0, 0.0, 0.0, 0.0, 1.741116417915913E9, 0.0, 2025-03-04 13:26:57.915
79.0, -66798.88120876327, -62169.54435939126, -57794.43625145391, -59331.52101415647, -67507.8785428856, -63925.81032822256, -72622.96350276035, -68446.13771988604, 0.068, 0.966, -0.178, 192.0, 0.0, 0.0, 0.0, 0.0, 0.0, 0.0, 0.0, 0.0, 0.0, 1.741116417915947E9, 0.0, 2025-03-04 13:26:57.915
80.0, -66787.03478420195, -62211.632694200605, -57782.522771659234, -59328.86115656629, -67497.7308509029, -63921.541145031595, -72618.26963642474, -68431.74319645682, 0.068, 0.966, -0.178, 192.0, 0.0, 0.0, 0.0, 0.0, 0.0, 0.0, 0.0, 0.0, 0.0, 1.741116417915985E9, 0.0, 2025-03-04 13:26:57.915
81.0, -66788.10766793581, -62170.39372568056, -57773.783239577206, -59313.79608080341, -67497.17205729152, -63920.334150831004, -72608.90425549797, -68429.68683596693, 0.068, 0.966, -0.178, 192.0, 0.0, 0.0, 0.0, 0.0, 0.0, 0.0, 0.0, 0.0, 0.0, 1.741116417916016E9, 0.0, 2025-03-04 13:26:57.916
82.0, -66798.90356050772, -62126.09256817014, -57782.61217863705, -59321.23921170703, -67508.54909521928, -63937.07560742803, -72626.22685745083, -68453.62555427857, 0.068, 0.966, -0.178, 192.0, 0.0, 0.0, 0.0, 0.0, 0.0, 0.0, 0.0, 0.0, 0.0, 1.741116417916055E9, 0.0, 2025-03-04 13:26:57.916
83.0, -66787.99590921354, -62155.19453945095, -57774.5879023776, -59320.56865937336, -67502.96115910544, -63935.46628182725, -72620.90714227047, -68434.2018883469, 0.068, 0.966, -0.178, 192.0, 0.0, 0.0, 0.0, 0.0, 0.0, 0.0, 0.0, 0.0, 0.0, 1.741116417916086E9, 0.0, 2025-03-04 13:26:57.916
84.0, -66793.762659283, -62207.564676709735, -57774.16321923295, -59329.73287460004, -67502.20119979397, -63935.242764382696, -72610.96061598786, -68435.99002790333, 0.068, 0.968, -0.182, 192.0, 2.0, 32.0, 30.0, 64.0, 250.0, 80.0, 0.0, 0.0, 0.0, 1.741116417916131E9, 0.0, 2025-03-04 13:26:57.916
85.0, -66804.24562743254, -62190.15266777905, -57774.7890680777, -59325.53074664244, -67509.10788883065, -63936.47211032774, -72618.5378573582, -68441.1532808725, 0.068, 0.968, -0.182, 192.0, 0.0, 0.0, 0.0, 0.0, 0.0, 0.0, 0.0, 0.0, 0.0, 1.741116417916165E9, 0.0, 2025-03-04 13:26:57.916
86.0, -66799.99879598603, -62129.84766123864, -57777.71714660134, -59315.628923848744, -67515.03110111131, -63937.544994061594, -72625.0422149947, -68444.81896696317, 0.068, 0.968, -0.182, 192.0, 0.0, 0.0, 0.0, 0.0, 0.0, 0.0, 0.0, 0.0, 0.0, 1.741116417916196E9, 0.0, 2025-03-04 13:26:57.916
87.0, -66792.17568542669, -62147.796112036245, -57777.22540822333, -59317.70763608308, -67511.85715339865, -63930.59360153599, -72616.50384861277, -68438.26990583776, 0.068, 0.968, -0.182, 192.0, 0.0, 0.0, 0.0, 0.0, 0.0, 0.0, 0.0, 0.0, 0.0, 1.741116417916232E9, 0.0, 2025-03-04 13:26:57.916
88.0, -66787.50417083551, -62193.21485676943, -57771.59276862058, -59319.16049947268, -67507.76678416334, -63919.66359849735, -72606.84789500808, -68426.44583302092, 0.068, 0.968, -0.182, 192.0, 0.0, 0.0, 0.0, 0.0, 0.0, 0.0, 0.0, 0.0, 0.0, 1.741116417916268E9, 0.0, 2025-03-04 13:26:57.916
89.0, -66789.58288306986, -62189.526818934304, -57773.7385360883, -59314.62309534825, -67510.3372347757, -63916.020264151135, -72612.68170031092, -68422.64603646351, 0.068, 0.968, -0.182, 192.0, 0.0, 0.0, 0.0, 0.0, 0.0, 0.0, 0.0, 0.0, 0.0, 1.741116417975975E9, 0.0, 2025-03-04 13:26:57.975
90.0, -66802.34572915385, -62131.00995195031, -57782.29925421468, -59315.695979082106, -67515.14285983359, -63925.16212763335, -72621.53299111522, -68433.62074299106, 0.068, 0.968, -0.182, 192.0, 0.0, 0.0, 0.0, 0.0, 0.0, 0.0, 0.0, 0.0, 0.0, 1.74111641797602E9, 0.0, 2025-03-04 13:26:57.976
91.0, -66800.69170006416, -62136.55318457523, -57784.37796644902, -59319.831051806344, -67518.40621452406, -63921.45173805377, -72613.08403171111, -68429.01628363327, 0.068, 0.968, -0.182, 192.0, 0.0, 0.0, 0.0, 0.0, 0.0, 0.0, 0.0, 0.0, 0.0, 1.741116417976052E9, 0.0, 2025-03-04 13:26:57.976
92.0, -66780.35161260983, -62184.8776560876, -57773.917350043936, -59321.59683961831, -67504.25756028385, -63914.477993783716, -72610.73709854331, -68418.33214978363, 0.068, 0.968, -0.182, 192.0, 0.0, 0.0, 0.0, 0.0, 0.0, 0.0, 0.0, 0.0, 0.0, 1.741116417976105E9, 0.0, 2025-03-04 13:26:57.976
93.0, -66784.8666649898, -62203.80958364125, -57778.07477451263, -59327.54240364342, -67501.68710967149, -63921.71995898723, -72622.49411612679, -68433.57603950215, 0.068, 0.968, -0.182, 192.0, 0.0, 0.0, 0.0, 0.0, 0.0, 0.0, 0.0, 0.0, 0.0, 1.741116417976137E9, 0.0, 2025-03-04 13:26:57.976
94.0, -66796.33310989536, -62148.93605100347, -57786.94841706138, -59330.112854255785, -67513.935865633, -63938.41671209535, -72627.3891481625, -68452.59737403362, 0.078, 0.966, -0.18, 192.0, 2.0, 112.0, 30.0, 48.0, 250.0, 96.0, 0.0, 0.0, 0.0, 1.741116417976168E9, 0.0, 2025-03-04 13:26:57.976
95.0, -66791.72865053757, -62135.34619037464, -57787.8871903285, -59330.4034269337, -67519.94848489147, -63936.002723694175, -72628.61849410755, -68452.44091182243, 0.078, 0.966, -0.18, 192.0, 0.0, 0.0, 0.0, 0.0, 0.0, 0.0, 0.0, 0.0, 0.0, 1.741116417976209E9, 0.0, 2025-03-04 13:26:57.976
96.0, -66781.91623472169, -62179.51323741832, -57777.60538787906, -59333.06328452388, -67498.71432765893, -63927.53141254561, -72617.71084281337, -68429.73153945584, 0.078, 0.966, -0.18, 192.0, 0.0, 0.0, 0.0, 0.0, 0.0, 0.0, 0.0, 0.0, 0.0, 1.74111641797624E9, 0.0, 2025-03-04 13:26:57.976
97.0, -66792.0192232155, -62215.477194246916, -57779.862914069054, -59342.02633405046, -67488.99131882087, -63933.29816261509, -72628.5961423631, -68442.78495821774, 0.078, 0.966, -0.18, 192.0, 0.0, 0.0, 0.0, 0.0, 0.0, 0.0, 0.0, 0.0, 0.0, 1.741116417976277E9, 0.0, 2025-03-04 13:26:57.976
98.0, -66801.20579018662, -62165.63280411158, -57788.2895217287, -59340.439360194134, -67502.1788480495, -63939.80252025158, -72636.75452908927, -68451.77035948877, 0.078, 0.966, -0.18, 192.0, 0.0, 0.0, 0.0, 0.0, 0.0, 0.0, 0.0, 0.0, 0.0, 1.741116417976307E9, 0.0, 2025-03-04 13:26:57.976
99.0, -66808.73832806807, -62144.219832923394, -57797.118460788544, -59342.51807242848, -67507.27504578531, -63943.8928894869, -72638.72148260135, -68452.26209786678, 0.078, 0.966, -0.18, 192.0, 0.0, 0.0, 0.0, 0.0, 0.0, 0.0, 0.0, 0.0, 0.0, 1.741116417976349E9, 0.0, 2025-03-04 13:26:57.976
100.0, -66795.1708191837, -62186.375222966104, -57789.29535022919, -59341.914575328185, -67496.92618810252, -63935.33217136052, -72626.47272663984, -68445.98125767485, 0.078, 0.966, -0.18, 192.0, 0.0, 0.0, 0.0, 0.0, 0.0, 0.0, 0.0, 0.0, 0.0, 1.74111641797638E9, 0.0, 2025-03-04 13:26:57.976
101.0, -66798.45652561862, -62225.937810652, -57793.89980958698, -59352.86693011128, -67502.87175212763, -63937.679104528324, -72630.76426157526, -68449.40107457651, 0.078, 0.966, -0.18, 192.0, 0.0, 0.0, 0.0, 0.0, 0.0, 0.0, 0.0, 0.0, 0.0, 1.74111641797641E9, 0.0, 2025-03-04 13:26:57.976
102.0, -66814.75094732654, -62188.56569392273, -57803.33224574712, -59356.84554062433, -67516.81924066774, -63947.15624417738, -72641.40369193598, -68460.75576075981, 0.078, 0.966, -0.18, 192.0, 0.0, 0.0, 0.0, 0.0, 0.0, 0.0, 0.0, 0.0, 0.0, 1.741116417976441E9, 0.0, 2025-03-04 13:26:57.976
103.0, -66811.17466821369, -62150.00893473732, -57802.39347248, -59352.55400568891, -67514.47230749992, -63943.66937204235, -72640.08493901312, -68449.73635074335, 0.078, 0.966, -0.18, 192.0, 0.0, 0.0, 0.0, 0.0, 0.0, 0.0, 0.0, 0.0, 0.0, 1.741116417976482E9, 0.0, 2025-03-04 13:26:57.976
104.0, -66808.2689414345, -62187.40340321105, -57807.22144928235, -59356.77848539096, -67525.71523496095, -63950.061970956565, -72643.66121812597, -68455.88308046856, 0.08, 0.9560000000000001, -0.186, 192.0, 2.0, 128.0, 29.0, 224.0, 250.0, 48.0, 0.0, 0.0, 0.0, 1.741116417976513E9, 0.0, 2025-03-04 13:26:57.976
105.0, -66814.34861592634, -62241.941659682, -57812.161184806966, -59371.32947103137, -67535.46059554347, -63954.37585763644, -72633.62528486554, -68462.92387997198, 0.08, 0.9560000000000001, -0.186, 192.0, 0.0, 0.0, 0.0, 0.0, 0.0, 0.0, 0.0, 0.0, 0.0, 1.74111641803624E9, 0.0, 2025-03-04 13:26:58.036
106.0, -66820.65180786274, -62209.84455464418, -57808.33903650511, -59357.5607964469, -67541.89789794659, -63950.263136656664, -72638.0509302677, -68463.30385962772, 0.08, 0.9560000000000001, -0.186, 192.0, 0.0, 0.0, 0.0, 0.0, 0.0, 0.0, 0.0, 0.0, 0.0, 1.741116418036283E9, 0.0, 2025-03-04 13:26:58.036
107.0, -66821.70233985214, -62162.07887674319, -57805.3439027481, -59348.03895330894, -67517.66860695704, -63949.48082560072, -72646.56694490516, -68448.52935654276, 0.08, 0.9560000000000001, -0.186, 192.0, 0.0, 0.0, 0.0, 0.0, 0.0, 0.0, 0.0, 0.0, 0.0, 1.741116418036333E9, 0.0, 2025-03-04 13:26:58.036
108.0, -66800.17760994167, -62189.86209510113, -57792.35753921956, -59340.171139260674, -67500.39070849308, -63935.01924693814, -72629.37845341903, -68432.72667321285, 0.08, 0.9560000000000001, -0.186, 192.0, 0.0, 0.0, 0.0, 0.0, 0.0, 0.0, 0.0, 0.0, 0.0, 1.741116418036364E9, 0.0, 2025-03-04 13:26:58.036
109.0, -66805.16204895522, -62229.98347639841, -57791.2399519968, -59332.057456023394, -67513.689996444, -63931.21945038074, -72634.31818894365, -68439.27573433825, 0.08, 0.9560000000000001, -0.186, 192.0, 0.0, 0.0, 0.0, 0.0, 0.0, 0.0, 0.0, 0.0, 0.0, 1.741116418036395E9, 0.0, 2025-03-04 13:26:58.036
110.0, -66815.98029327158, -62222.674455961525, -57795.39737646549, -59330.96222054509, -67528.19627859548, -63940.78599700761, -72649.45031993989, -68454.34081010113, 0.08, 0.9560000000000001, -0.186, 192.0, 0.0, 0.0, 0.0, 0.0, 0.0, 0.0, 0.0, 0.0, 0.0, 1.741116418036433E9, 0.0, 2025-03-04 13:26:58.036
111.0, -66792.98034822707, -62151.841777782654, -57775.72784134482, -59307.872868522754, -67513.77940342181, -63927.91139220136, -72638.2967994567, -68444.19311811842, 0.08, 0.9560000000000001, -0.186, 192.0, 0.0, 0.0, 0.0, 0.0, 0.0, 0.0, 0.0, 0.0, 0.0, 1.741116418036464E9, 0.0, 2025-03-04 13:26:58.036
112.0, -66787.8170952579, -62158.703763330435, -57772.12921048752, -59301.52497309745, -67502.82704863872, -63915.41676705084, -72626.18215396193, -68432.03376913474, 0.08, 0.9560000000000001, -0.186, 192.0, 0.0, 0.0, 0.0, 0.0, 0.0, 0.0, 0.0, 0.0, 0.0, 1.741116418036501E9, 0.0, 2025-03-04 13:26:58.036
113.0, -66798.61298782981, -62216.08069134721, -57785.89788507199, -59323.34027568583, -67514.40525226656, -63932.04646492559, -72637.93917154541, -68447.16590013097, 0.08, 0.9560000000000001, -0.186, 192.0, 0.0, 0.0, 0.0, 0.0, 0.0, 0.0, 0.0, 0.0, 0.0, 1.741116418036533E9, 0.0, 2025-03-04 13:26:58.036
114.0, -66801.45165937563, -62219.41110127105, -57789.20594325137, -59327.63181062124, -67518.80854592426, -63933.23110738172, -72646.56694490516, -68453.60320253411, 0.078, 0.9560000000000001, -0.182, 192.0, 2.0, 112.0, 29.0, 224.0, 250.0, 80.0, 0.0, 0.0, 0.0, 1.741116418036572E9, 0.0, 2025-03-04 13:26:58.036
115.0, -66802.70335706513, -62146.611469580115, -57795.21856250984, -59322.71442684108, -67528.68801697351, -63932.26998237014, -72658.03338981073, -68453.13381590055, 0.078, 0.9560000000000001, -0.182, 192.0, 0.0, 0.0, 0.0, 0.0, 0.0, 0.0, 0.0, 0.0, 0.0, 1.741116418036612E9, 0.0, 2025-03-04 13:26:58.036
116.0, -66800.95992099761, -62148.13138820307, -57799.30893174517, -59321.52978438495, -67525.26820007183, -63923.2398776102, -72657.899279344, -68457.00066769132, 0.078, 0.9560000000000001, -0.182, 192.0, 0.0, 0.0, 0.0, 0.0, 0.0, 0.0, 0.0, 0.0, 0.0, 1.741116418036644E9, 0.0, 2025-03-04 13:26:58.036
117.0, -66780.68688877665, -62190.711461390434, -57785.607312394066, -59322.78148207444, -67513.10885108815, -63914.85797343946, -72654.83709035363, -68445.84714720811, 0.078, 0.9560000000000001, -0.182, 192.0, 0.0, 0.0, 0.0, 0.0, 0.0, 0.0, 0.0, 0.0, 0.0, 1.741116418036675E9, 0.0, 2025-03-04 13:26:58.036
118.0, -66788.42059235819, -62209.57633371071, -57790.01060605176, -59331.632772878744, -67518.16034533505, -63917.85310719647, -72658.7933491222, -68430.17857434494, 0.078, 0.9560000000000001, -0.182, 192.0, 0.0, 0.0, 0.0, 0.0, 0.0, 0.0, 0.0, 0.0, 0.0, 1.741116418036716E9, 0.0, 2025-03-04 13:26:58.036
119.0, -66800.71405180861, -62151.90883301602, -57795.330321232126, -59327.162423987684, -67527.48102277292, -63927.53141254561, -72640.6437326245, -68445.64598150802, 0.078, 0.9560000000000001, -0.182, 192.0, 0.0, 0.0, 0.0, 0.0, 0.0, 0.0, 0.0, 0.0, 0.0, 1.741116418036748E9, 0.0, 2025-03-04 13:26:58.036
120.0, -66802.07750822038, -62140.241222410354, -57799.06306255616, -59328.145900743715, -67525.9387524055, -63931.97940969222, -72649.58443040663, -68449.69164725443, 0.078, 0.9560000000000001, -0.182, 192.0, 0.0, 0.0, 0.0, 0.0, 0.0, 0.0, 0.0, 0.0, 0.0, 1.741116418096142E9, 0.0, 2025-03-04 13:26:58.096
121.0, -66806.3690431558, -62191.80669686875, -57800.851202112586, -59340.372304960765, -67521.37899653662, -63933.588735293, -72644.8458605821, -68447.56823153117, 0.078, 0.9560000000000001, -0.182, 192.0, 0.0, 0.0, 0.0, 0.0, 0.0, 0.0, 0.0, 0.0, 0.0, 1.741116418096189E9, 0.0, 2025-03-04 13:26:58.096
122.0, -66806.97254025609, -62219.36639778214, -57794.81623110965, -59343.97093581807, -67515.47813600041, -63928.17961313482, -72619.02959573623, -68443.8578419516, 0.078, 0.9560000000000001, -0.182, 192.0, 0.0, 0.0, 0.0, 0.0, 0.0, 0.0, 0.0, 0.0, 0.0, 1.741116418096221E9, 0.0, 2025-03-04 13:26:58.096
123.0, -66807.91131352322, -62164.24699595535, -57792.98338806431, -59338.204185748604, -67523.52476400432, -63934.50515681567, -72627.27738944023, -68446.58475477515, 0.078, 0.9560000000000001, -0.182, 192.0, 0.0, 0.0, 0.0, 0.0, 0.0, 0.0, 0.0, 0.0, 0.0, 1.741116418096276E9, 0.0, 2025-03-04 13:26:58.096
124.0, -66799.48470586356, -62130.42880659447, -57783.86387632655, -59320.658066351185, -67512.99709236588, -63917.36136881845, -72626.07039523964, -68440.9521151724, 0.07, 0.96, -0.186, 192.0, 2.0, 48.0, 30.0, 0.0, 250.0, 48.0, 0.0, 0.0, 0.0, 1.741116418096307E9, 0.0, 2025-03-04 13:26:58.096
125.0, -66783.257339389, -62164.716382588915, -57772.41978316543, -59318.82522330585, -67503.85522888365, -63908.9347611588, -72619.85661028107, -68446.83062396415, 0.07, 0.96, -0.186, 192.0, 0.0, 0.0, 0.0, 0.0, 0.0, 0.0, 0.0, 0.0, 0.0, 1.741116418096347E9, 0.0, 2025-03-04 13:26:58.096
126.0, -66789.00173771403, -62209.06224358824, -57782.23219898131, -59339.478235182556, -67515.85811565616, -63930.39243583589, -72639.81671807966, -68456.48657756884, 0.07, 0.96, -0.186, 192.0, 0.0, 0.0, 0.0, 0.0, 0.0, 0.0, 0.0, 0.0, 0.0, 1.741116418096378E9, 0.0, 2025-03-04 13:26:58.096
127.0, -66801.60812158682, -62170.48313265838, -57785.04851878268, -59337.17600550366, -67526.72106346143, -63938.394360350896, -72641.73896810281, -68449.24461236532, 0.07, 0.96, -0.186, 192.0, 0.0, 0.0, 0.0, 0.0, 0.0, 0.0, 0.0, 0.0, 0.0, 1.741116418096409E9, 0.0, 2025-03-04 13:26:58.096
128.0, -66803.23979893206, -62120.884611712056, -57776.800725078676, -59321.30626694039, -67516.21574356745, -63922.79284272109, -72630.67485459744, -68445.1095396411, 0.07, 0.96, -0.186, 192.0, 0.0, 0.0, 0.0, 0.0, 0.0, 0.0, 0.0, 0.0, 0.0, 1.741116418096446E9, 0.0, 2025-03-04 13:26:58.096
129.0, -66800.0211477305, -62153.808731294725, -57776.04076576719, -59327.94473504362, -67513.24296155489, -63922.301104343074, -72629.98195051932, -68439.92393492746, 0.07, 0.96, -0.186, 192.0, 0.0, 0.0, 0.0, 0.0, 0.0, 0.0, 0.0, 0.0, 0.0, 1.741116418096482E9, 0.0, 2025-03-04 13:26:58.096
130.0, -66792.77918252697, -62201.23913302889, -57768.4858761413, -59324.01082801948, -67507.6326736966, -63912.22046759373, -72611.18413343241, -68409.65967293497, 0.07, 0.96, -0.186, 192.0, 0.0, 0.0, 0.0, 0.0, 0.0, 0.0, 0.0, 0.0, 0.0, 1.74111641809652E9, 0.0, 2025-03-04 13:26:58.096
131.0, -66783.97259521158, -62166.92920528999, -57756.70650681335, -59310.48802262402, -67500.0330805818, -63903.52563900062, -72604.00922346226, -68405.65871067747, 0.07, 0.96, -0.186, 192.0, 0.0, 0.0, 0.0, 0.0, 0.0, 0.0, 0.0, 0.0, 0.0, 1.741116418096551E9, 0.0, 2025-03-04 13:26:58.096
132.0, -66792.08627844886, -62108.52409702827, -57760.57335860412, -59305.99532198851, -67505.30809227325, -63912.66750248284, -72618.80607829167, -68426.80346093219, 0.07, 0.96, -0.186, 192.0, 0.0, 0.0, 0.0, 0.0, 0.0, 0.0, 0.0, 0.0, 0.0, 1.741116418096583E9, 0.0, 2025-03-04 13:26:58.096
133.0, -66812.02403450299, -62143.99631547884, -57780.064079769145, -59323.58614487483, -67522.72010120393, -63923.776319477125, -72634.87698255504, -68432.23493483484, 0.07, 0.96, -0.186, 192.0, 0.0, 0.0, 0.0, 0.0, 0.0, 0.0, 0.0, 0.0, 0.0, 1.741116418096624E9, 0.0, 2025-03-04 13:26:58.096
134.0, -66780.77629575448, -62188.11865903362, -57759.925158014914, -59321.61919136276, -67504.70459517295, -63914.88032518391, -72619.7895550477, -68424.27771380874, 0.07, 0.964, -0.18, 192.0, 2.0, 48.0, 30.0, 32.0, 250.0, 96.0, 0.0, 0.0, 0.0, 1.741116418096656E9, 0.0, 2025-03-04 13:26:58.096
135.0, -66774.07077241788, -62174.439391426975, -57761.17685570441, -59316.85826979378, -67503.94463586148, -63916.06496764004, -72631.1889447199, -68437.17467035945, 0.07, 0.964, -0.18, 192.0, 0.0, 0.0, 0.0, 0.0, 0.0, 0.0, 0.0, 0.0, 0.0, 1.741116418156465E9, 0.0, 2025-03-04 13:26:58.156
136.0, -66782.8103044999, -62111.04984415172, -57769.62581510852, -59307.02350223345, -67511.92420863202, -63922.94930493228, -72644.42117743746, -68449.22226062087, 0.07, 0.964, -0.18, 192.0, 0.0, 0.0, 0.0, 0.0, 0.0, 0.0, 0.0, 0.0, 0.0, 1.741116418156511E9, 0.0, 2025-03-04 13:26:58.156
137.0, -66770.65095551622, -62125.53377455876, -57769.447001152876, -59310.71154006857, -67506.49273472939, -63918.322493830026, -72647.10338677208, -68441.06387389469, 0.07, 0.964, -0.18, 192.0, 0.0, 0.0, 0.0, 0.0, 0.0, 0.0, 0.0, 0.0, 0.0, 1.741116418156543E9, 0.0, 2025-03-04 13:26:58.156
138.0, -66779.79281899844, -62176.89808331706, -57781.00285303627, -59324.81549081988, -67515.76870867834, -63924.17865087732, -72655.21707000937, -68448.66346700948, 0.07, 0.964, -0.18, 192.0, 0.0, 0.0, 0.0, 0.0, 0.0, 0.0, 0.0, 0.0, 0.0, 1.741116418156597E9, 0.0, 2025-03-04 13:26:58.156
139.0, -66790.38754587025, -62183.670661887016, -57786.791954850196, -59328.36941818827, -67518.96500813545, -63925.40799682236, -72638.60972387907, -68452.32915310016, 0.07, 0.964, -0.18, 192.0, 0.0, 0.0, 0.0, 0.0, 0.0, 0.0, 0.0, 0.0, 0.0, 1.741116418156628E9, 0.0, 2025-03-04 13:26:58.156
140.0, -66806.61491234481, -62126.20432689242, -57798.97365557834, -59330.17990948915, -67531.25846758587, -63937.43323533932, -72659.24038401133, -68467.48363584085, 0.07, 0.964, -0.18, 192.0, 0.0, 0.0, 0.0, 0.0, 0.0, 0.0, 0.0, 0.0, 0.0, 1.741116418156665E9, 0.0, 2025-03-04 13:26:58.156
141.0, -66806.05611873342, -62133.22277465139, -57805.656827170475, -59340.34995321631, -67530.31969431874, -63937.410883594865, -72653.38422696403, -68465.31551662869, 0.07, 0.964, -0.18, 192.0, 0.0, 0.0, 0.0, 0.0, 0.0, 0.0, 0.0, 0.0, 0.0, 1.741116418156696E9, 0.0, 2025-03-04 13:26:58.156
142.0, -66793.516790094, -62189.50446718985, -57798.70543464487, -59355.258566768, -67519.18852558, -63935.868613227445, -72649.27150598426, -68467.37187711858, 0.07, 0.964, -0.18, 192.0, 0.0, 0.0, 0.0, 0.0, 0.0, 0.0, 0.0, 0.0, 0.0, 1.741116418156727E9, 0.0, 2025-03-04 13:26:58.156
143.0, -66791.75100228204, -62204.36837725263, -57798.23604801131, -59353.47042721158, -67516.86394415665, -63931.06298816956, -72657.72046538835, -68471.0152114648, 0.07, 0.964, -0.18, 192.0, 0.0, 0.0, 0.0, 0.0, 0.0, 0.0, 0.0, 0.0, 0.0, 1.741116418156763E9, 0.0, 2025-03-04 13:26:58.156
144.0, -66823.93751429766, -62153.0711237277, -57816.989161609315, -59360.33241275936, -67533.51599377584, -63947.469168599746, -72649.11504377307, -68448.23878386483, 0.074, 0.962, -0.18, 192.0, 2.0, 80.0, 30.0, 16.0, 250.0, 96.0, 0.0, 0.0, 0.0, 1.741116418156801E9, 0.0, 2025-03-04 13:26:58.156
145.0, -66807.93366526767, -62133.28982988475, -57813.122309818544, -59351.32465974387, -67528.73272046242, -63938.662581284356, -72633.58058137662, -68444.99778091881, 0.074, 0.962, -0.18, 192.0, 0.0, 0.0, 0.0, 0.0, 0.0, 0.0, 0.0, 0.0, 0.0, 1.741116418156844E9, 0.0, 2025-03-04 13:26:58.156
146.0, -66806.72667106708, -62183.71536537592, -57812.87644062954, -59358.18664529165, -67518.67443545752, -63931.51002305866, -72639.57084889065, -68446.94238268642, 0.074, 0.962, -0.18, 192.0, 0.0, 0.0, 0.0, 0.0, 0.0, 0.0, 0.0, 0.0, 0.0, 1.741116418156875E9, 0.0, 2025-03-04 13:26:58.156
147.0, -66811.44288914715, -62218.74054893739, -57818.57613546564, -59366.725011673574, -67525.0893861162, -63938.28260162862, -72654.03242755323, -68451.36802808857, 0.074, 0.962, -0.18, 192.0, 0.0, 0.0, 0.0, 0.0, 0.0, 0.0, 0.0, 0.0, 0.0, 1.741116418156906E9, 0.0, 2025-03-04 13:26:58.156
148.0, -66818.23781946157, -62170.41607742502, -57818.240859298814, -59354.856235367806, -67529.49267977389, -63938.01438069515, -72657.67576189945, -68457.20183339142, 0.074, 0.962, -0.18, 192.0, 0.0, 0.0, 0.0, 0.0, 0.0, 0.0, 0.0, 0.0, 0.0, 1.741116418156952E9, 0.0, 2025-03-04 13:26:58.156
149.0, -66817.65667410573, -62142.45404511143, -57811.49063247331, -59351.6599359107, -67517.2886273013, -63931.21945038074, -72639.23557272382, -68438.8510511936, 0.074, 0.962, -0.18, 192.0, 0.0, 0.0, 0.0, 0.0, 0.0, 0.0, 0.0, 0.0, 0.0, 1.741116418156983E9, 0.0, 2025-03-04 13:26:58.156
150.0, -66824.65277012024, -62191.35966197964, -57813.59169645211, -59359.61715693679, -67512.99709236588, -63931.44296782529, -72619.27546492523, -68442.62849600655, 0.074, 0.962, -0.18, 192.0, 0.0, 0.0, 0.0, 0.0, 0.0, 0.0, 0.0, 0.0, 0.0, 1.741116418216672E9, 0.0, 2025-03-04 13:26:58.216
151.0, -66814.32626418189, -62228.64237173109, -57808.07081557165, -59359.661860425695, -67508.57144696373, -63926.570287534036, -72630.1384127305, -68451.23391762185, 0.074, 0.962, -0.18, 192.0, 0.0, 0.0, 0.0, 0.0, 0.0, 0.0, 0.0, 0.0, 0.0, 1.741116418216719E9, 0.0, 2025-03-04 13:26:58.216
152.0, -66805.60908384432, -62182.262501986326, -57805.656827170475, -59347.21193876409, -67518.60738022416, -63938.48376732872, -72646.49988967179, -68457.44770258042, 0.074, 0.962, -0.18, 192.0, 0.0, 0.0, 0.0, 0.0, 0.0, 0.0, 0.0, 0.0, 0.0, 1.741116418216752E9, 0.0, 2025-03-04 13:26:58.216
153.0, -66805.38556639977, -62133.759216518316, -57802.237010268815, -59333.5550229019, -67518.42856626851, -63924.80449972207, -72653.80891010868, -68442.8073099622, 0.074, 0.962, -0.18, 192.0, 0.0, 0.0, 0.0, 0.0, 0.0, 0.0, 0.0, 0.0, 0.0, 1.741116418216809E9, 0.0, 2025-03-04 13:26:58.216
154.0, -66798.27771166297, -62169.812580324724, -57798.72778638933, -59344.440322451635, -67512.79592666579, -63921.60820026496, -72656.17819502094, -68445.9589059304, 0.074, 0.962, -0.184, 192.0, 2.0, 80.0, 30.0, 16.0, 250.0, 64.0, 0.0, 0.0, 0.0, 1.741116418216841E9, 0.0, 2025-03-04 13:26:58.216
155.0, -66790.87928424827, -62215.186621568995, -57796.33614973261, -59349.044781809425, -67508.12441207463, -63921.00470316467, -72639.23557272382, -68450.56336528818, 0.074, 0.962, -0.184, 192.0, 0.0, 0.0, 0.0, 0.0, 0.0, 0.0, 0.0, 0.0, 0.0, 1.741116418216881E9, 0.0, 2025-03-04 13:26:58.216
156.0, -66810.07943273538, -62195.11475504813, -57806.46148997087, -59353.381020233755, -67515.54519123379, -63932.04646492559, -72647.23749723882, -68462.6109555496, 0.074, 0.962, -0.184, 192.0, 0.0, 0.0, 0.0, 0.0, 0.0, 0.0, 0.0, 0.0, 0.0, 1.741116418216913E9, 0.0, 2025-03-04 13:26:58.216
157.0, -66805.49732512204, -62140.44238811045, -57809.7471964058, -59345.60261316331, -67514.60641796666, -63931.8900027144, -72643.59416289261, -68461.38160960455, 0.074, 0.962, -0.184, 192.0, 0.0, 0.0, 0.0, 0.0, 0.0, 0.0, 0.0, 0.0, 0.0, 1.741116418216948E9, 0.0, 2025-03-04 13:26:58.216
158.0, -66804.49149662156, -62166.34805993415, -57812.67527492944, -59354.65506966771, -67515.92517088952, -63935.66744752735, -72648.69036062842, -68468.5118160858, 0.074, 0.962, -0.184, 192.0, 0.0, 0.0, 0.0, 0.0, 0.0, 0.0, 0.0, 0.0, 0.0, 1.741116418216987E9, 0.0, 2025-03-04 13:26:58.216
159.0, -66797.85302851832, -62215.45484250246, -57801.29823700169, -59358.074886569375, -67504.0340428393, -63930.41478758035, -72641.649561125, -68462.76741776078, 0.074, 0.962, -0.184, 192.0, 0.0, 0.0, 0.0, 0.0, 0.0, 0.0, 0.0, 0.0, 0.0, 1.741116418217024E9, 0.0, 2025-03-04 13:26:58.217
160.0, -66812.40401415873, -62216.17009832503, -57808.8978301165, -59364.422781994675, -67509.84549639768, -63936.360351605465, -72651.70784612988, -68465.20375790642, 0.074, 0.962, -0.184, 192.0, 0.0, 0.0, 0.0, 0.0, 0.0, 0.0, 0.0, 0.0, 0.0, 1.741116418217062E9, 0.0, 2025-03-04 13:26:58.217
161.0, -66813.83452580388, -62149.62895508158, -57802.371120735545, -59347.21193876409, -67507.65502544105, -63933.40992133736, -72646.54459316071, -68453.37968508956, 0.074, 0.962, -0.184, 192.0, 0.0, 0.0, 0.0, 0.0, 0.0, 0.0, 0.0, 0.0, 0.0, 1.741116418217093E9, 0.0, 2025-03-04 13:26:58.217
162.0, -66811.55464786943, -62159.06139124172, -57801.3429404906, -59339.43353169365, -67507.2303422964, -63930.57124979154, -72629.78078481923, -68447.2106036199, 0.074, 0.962, -0.184, 192.0, 0.0, 0.0, 0.0, 0.0, 0.0, 0.0, 0.0, 0.0, 0.0, 1.741116418217125E9, 0.0, 2025-03-04 13:26:58.217
163.0, -66805.3185111664, -62206.96117960945, -57795.77735612123, -59342.31690672838, -67502.7823451498, -63927.08437765651, -72623.94697951639, -68441.3097430837, 0.074, 0.962, -0.184, 192.0, 0.0, 0.0, 0.0, 0.0, 0.0, 0.0, 0.0, 0.0, 0.0, 1.741116418217166E9, 0.0, 2025-03-04 13:26:58.217
164.0, -66820.13771774028, -62219.522859993325, -57803.53341144722, -59351.97286033307, -67512.0806708432, -63939.10961617347, -72637.4474331674, -68451.72565599986, 0.076, 0.966, -0.178, 192.0, 2.0, 96.0, 30.0, 48.0, 250.0, 112.0, 0.0, 0.0, 0.0, 1.741116418217197E9, 0.0, 2025-03-04 13:26:58.217
165.0, -66831.29123822346, -62158.50259763034, -57810.73067316183, -59347.41310446419, -67524.59764773818, -63946.99978196619, -72653.58539266413, -68467.79656026323, 0.076, 0.966, -0.178, 192.0, 0.0, 0.0, 0.0, 0.0, 0.0, 0.0, 0.0, 0.0, 0.0, 1.741116418278375E9, 0.0, 2025-03-04 13:26:58.278
166.0, -66820.24947646254, -62151.282984171274, -57802.32641724664, -59339.27706948246, -67515.09815634467, -63937.88027022842, -72638.0956337566, -68464.89083348404, 0.076, 0.966, -0.178, 192.0, 0.0, 0.0, 0.0, 0.0, 0.0, 0.0, 0.0, 0.0, 0.0, 1.74111641827842E9, 0.0, 2025-03-04 13:26:58.278
167.0, -66817.05317700544, -62203.8319353857, -57797.67725439993, -59344.641488151734, -67506.5821417072, -63930.772415491636, -72629.51256388576, -68453.13381590055, 0.076, 0.966, -0.178, 192.0, 0.0, 0.0, 0.0, 0.0, 0.0, 0.0, 0.0, 0.0, 0.0, 1.741116418278451E9, 0.0, 2025-03-04 13:26:58.278
168.0, -66824.4739561646, -62234.342066567195, -57798.50426894477, -59354.38684873425, -67506.60449345165, -63928.69370325729, -72630.16076447496, -68436.21354534788, 0.076, 0.966, -0.178, 192.0, 0.0, 0.0, 0.0, 0.0, 0.0, 0.0, 0.0, 0.0, 0.0, 1.741116418278509E9, 0.0, 2025-03-04 13:26:58.278
169.0, -66822.19407823015, -62169.41024892453, -57791.08348978561, -59336.684267125645, -67506.47038298493, -63929.47601431323, -72631.41246216446, -68440.5497837722, 0.076, 0.966, -0.178, 192.0, 0.0, 0.0, 0.0, 0.0, 0.0, 0.0, 0.0, 0.0, 0.0, 1.74111641827854E9, 0.0, 2025-03-04 13:26:58.278
170.0, -66821.21060147413, -62153.69697257245, -57797.45373695538, -59339.88056658275, -67510.69486268699, -63933.40992133736, -72636.17338373345, -68452.06093216669, 0.076, 0.966, -0.178, 192.0, 0.0, 0.0, 0.0, 0.0, 0.0, 0.0, 0.0, 0.0, 0.0, 1.741116418278571E9, 0.0, 2025-03-04 13:26:58.278
171.0, -66815.30974093793, -62205.35185400866, -57793.29631248669, -59337.7571508595, -67500.50246721537, -63920.490613042195, -72631.72538658684, -68437.84522269311, 0.076, 0.966, -0.178, 192.0, 0.0, 0.0, 0.0, 0.0, 0.0, 0.0, 0.0, 0.0, 0.0, 1.741116418278609E9, 0.0, 2025-03-04 13:26:58.278
172.0, -66824.42925267569, -62238.09715963568, -57797.476088699834, -59336.93013631465, -67503.89993237257, -63921.049406653576, -72649.18209900643, -68444.68485649645, 0.076, 0.966, -0.178, 192.0, 0.0, 0.0, 0.0, 0.0, 0.0, 0.0, 0.0, 0.0, 0.0, 1.74111641827864E9, 0.0, 2025-03-04 13:26:58.278
173.0, -66831.76062485702, -62188.58804566718, -57803.33224574712, -59330.582240889344, -67507.29739752978, -63926.45852881176, -72632.57475287614, -68463.81794975018, 0.076, 0.966, -0.178, 192.0, 0.0, 0.0, 0.0, 0.0, 0.0, 0.0, 0.0, 0.0, 0.0, 1.741116418278677E9, 0.0, 2025-03-04 13:26:58.278
174.0, -66847.04921806447, -62162.9729465214, -57816.63153369803, -59335.38786594723, -67510.20312430896, -63928.9395724463, -72614.62630207853, -68453.84907172312, 0.074, 0.964, -0.18, 192.0, 2.0, 80.0, 30.0, 32.0, 250.0, 96.0, 0.0, 0.0, 0.0, 1.741116418278708E9, 0.0, 2025-03-04 13:26:58.278
175.0, -66833.9287440692, -62203.6307696856, -57808.026112082734, -59338.561813659886, -67496.09917355767, -63910.81230769304, -72609.37364213153, -68422.48957425232, 0.074, 0.964, -0.18, 192.0, 0.0, 0.0, 0.0, 0.0, 0.0, 0.0, 0.0, 0.0, 0.0, 1.741116418278752E9, 0.0, 2025-03-04 13:26:58.278
176.0, -66838.42144470471, -62253.47515982094, -57817.70441743189, -59359.84067438134, -67507.05152834076, -63919.19421186379, -72647.30455247218, -68431.899658668, 0.074, 0.964, -0.18, 192.0, 0.0, 0.0, 0.0, 0.0, 0.0, 0.0, 0.0, 0.0, 0.0, 1.741116418278784E9, 0.0, 2025-03-04 13:26:58.278
177.0, -66833.54876441346, -62210.55981046675, -57808.56255394966, -59347.83778760884, -67503.31878701673, -63915.729691473214, -72647.77393910574, -68424.45652776439, 0.074, 0.964, -0.18, 192.0, 0.0, 0.0, 0.0, 0.0, 0.0, 0.0, 0.0, 0.0, 0.0, 1.741116418278814E9, 0.0, 2025-03-04 13:26:58.278
178.0, -66840.41074996123, -62168.6726413575, -57814.30695227468, -59352.35283998881, -67508.16911556353, -63930.37008409144, -72615.67683406793, -68436.99585640381, 0.074, 0.964, -0.18, 192.0, 0.0, 0.0, 0.0, 0.0, 0.0, 0.0, 0.0, 0.0, 0.0, 1.741116418278858E9, 0.0, 2025-03-04 13:26:58.278
179.0, -66836.275677237, -62204.74835690837, -57809.523678961246, -59362.76875290499, -67498.7813828923, -63929.63247652441, -72606.37850837452, -68430.4467952784, 0.074, 0.964, -0.18, 192.0, 0.0, 0.0, 0.0, 0.0, 0.0, 0.0, 0.0, 0.0, 0.0, 1.741116418278888E9, 0.0, 2025-03-04 13:26:58.278
180.0, -66818.43898516166, -62247.44018881801, -57803.19813528039, -59361.96409010459, -67495.47332471292, -63925.36329333345, -72614.71570905634, -68431.96671390138, 0.074, 0.964, -0.18, 192.0, 0.0, 0.0, 0.0, 0.0, 0.0, 0.0, 0.0, 0.0, 0.0, 1.741116418337246E9, 0.0, 2025-03-04 13:26:58.337
181.0, -66820.13771774028, -62222.02625537232, -57802.28171375772, -59359.103066814314, -67500.92715036002, -63926.905563700864, -72610.69239505439, -68437.57700175965, 0.074, 0.964, -0.18, 192.0, 0.0, 0.0, 0.0, 0.0, 0.0, 0.0, 0.0, 0.0, 0.0, 1.741116418337292E9, 0.0, 2025-03-04 13:26:58.337
182.0, -66843.98702907408, -62171.69012685897, -57817.52560347624, -59358.94660460313, -67517.6909587015, -63936.628572538924, -72629.98195051932, -68452.35150484461, 0.074, 0.964, -0.18, 192.0, 0.0, 0.0, 0.0, 0.0, 0.0, 0.0, 0.0, 0.0, 0.0, 1.741116418337324E9, 0.0, 2025-03-04 13:26:58.337
183.0, -66835.26984873651, -62193.0807463027, -57811.13300456203, -59356.93494760215, -67508.30322603026, -63927.352598589976, -72631.81479356466, -68442.11440588409, 0.074, 0.964, -0.18, 192.0, 0.0, 0.0, 0.0, 0.0, 0.0, 0.0, 0.0, 0.0, 0.0, 1.741116418337381E9, 0.0, 2025-03-04 13:26:58.337
184.0, -66839.29316273847, -62249.34008709671, -57816.229202297836, -59371.53063673147, -67515.27697030031, -63936.18153764982, -72639.86142156857, -68452.82089147817, 0.078, 0.962, -0.186, 192.0, 2.0, 112.0, 30.0, 16.0, 250.0, 48.0, 0.0, 0.0, 0.0, 1.741116418337412E9, 0.0, 2025-03-04 13:26:58.337
185.0, -66835.58277315888, -62241.11464513715, -57809.45662372788, -59366.50149422902, -67517.4897930014, -63931.398264336385, -72638.78853783471, -68454.16199614549, 0.078, 0.962, -0.186, 192.0, 0.0, 0.0, 0.0, 0.0, 0.0, 0.0, 0.0, 0.0, 0.0, 1.741116418337446E9, 0.0, 2025-03-04 13:26:58.337
186.0, -66843.91997384072, -62171.60071988115, -57813.05525458518, -59356.68907841314, -67523.6365227266, -63934.683970771315, -72649.40561645098, -68459.77228400377, 0.078, 0.962, -0.186, 192.0, 0.0, 0.0, 0.0, 0.0, 0.0, 0.0, 0.0, 0.0, 0.0, 1.741116418337484E9, 0.0, 2025-03-04 13:26:58.337
187.0, -66828.25140097755, -62171.153684992045, -57806.7967661377, -59346.541386430436, -67514.15938307755, -63922.859897954455, -72641.96248554737, -68450.47395831037, 0.078, 0.962, -0.186, 192.0, 0.0, 0.0, 0.0, 0.0, 0.0, 0.0, 0.0, 0.0, 0.0, 1.741116418337515E9, 0.0, 2025-03-04 13:26:58.337
188.0, -66832.09590102386, -62217.13122333661, -57805.5450684482, -59354.07392431187, -67508.83966789719, -63923.6869124993, -72636.62041862255, -68455.10076941262, 0.078, 0.962, -0.186, 192.0, 0.0, 0.0, 0.0, 0.0, 0.0, 0.0, 0.0, 0.0, 0.0, 1.741116418337552E9, 0.0, 2025-03-04 13:26:58.337
189.0, -66813.09691823684, -62219.07582510422, -57794.749175876284, -59350.83292136585, -67507.72208067443, -63927.41965382334, -72636.62041862255, -68449.13285364305, 0.078, 0.962, -0.186, 192.0, 0.0, 0.0, 0.0, 0.0, 0.0, 0.0, 0.0, 0.0, 0.0, 1.741116418337583E9, 0.0, 2025-03-04 13:26:58.337
190.0, -66820.80827007393, -62157.56382436321, -57802.32641724664, -59347.94954633112, -67523.14478434858, -63939.93663071831, -72653.42893045294, -68458.87821422557, 0.078, 0.962, -0.186, 192.0, 0.0, 0.0, 0.0, 0.0, 0.0, 0.0, 0.0, 0.0, 0.0, 1.741116418337625E9, 0.0, 2025-03-04 13:26:58.337
191.0, -66821.79174682996, -62157.76499006331, -57799.73361488982, -59340.662877638686, -67518.00388312386, -63929.09603465749, -72645.85168908258, -68450.58571703265, 0.078, 0.962, -0.186, 192.0, 0.0, 0.0, 0.0, 0.0, 0.0, 0.0, 0.0, 0.0, 0.0, 1.741116418337655E9, 0.0, 2025-03-04 13:26:58.337
192.0, -66810.63822634677, -62201.909685362545, -57786.81430659465, -59335.58903164733, -67505.55396146225, -63916.26613334014, -72632.46299415386, -68440.16980411646, 0.078, 0.962, -0.186, 192.0, 0.0, 0.0, 0.0, 0.0, 0.0, 0.0, 0.0, 0.0, 0.0, 1.741116418337686E9, 0.0, 2025-03-04 13:26:58.337
193.0, -66808.51481062351, -62228.79883394228, -57780.04172802469, -59336.259583980995, -67502.9835108499, -63913.71803447224, -72624.37166266104, -68433.26311507978, 0.078, 0.962, -0.186, 192.0, 0.0, 0.0, 0.0, 0.0, 0.0, 0.0, 0.0, 0.0, 0.0, 1.741116418337722E9, 0.0, 2025-03-04 13:26:58.337
194.0, -66799.93174075267, -62159.06139124172, -57769.69287034189, -59317.88645003873, -67502.51412421634, -63908.800650692065, -72625.2880841837, -68428.34573129962, 0.078, 0.972, -0.186, 192.0, 2.0, 112.0, 30.0, 96.0, 250.0, 48.0, 0.0, 0.0, 0.0, 1.741116418337759E9, 0.0, 2025-03-04 13:26:58.337
195.0, -66800.19996168613, -62134.18389966297, -57777.73949834579, -59322.35679892979, -67504.14580156158, -63916.288485084595, -72646.14226176051, -68446.49534779732, 0.078, 0.972, -0.186, 192.0, 0.0, 0.0, 0.0, 0.0, 0.0, 0.0, 0.0, 0.0, 0.0, 1.741116418396519E9, 0.0, 2025-03-04 13:26:58.396
196.0, -66803.82094428789, -62192.07491780221, -57784.892056571494, -59339.679400882655, -67496.07682181321, -63921.27292409813, -72648.84682283961, -68449.42342632097, 0.078, 0.972, -0.186, 192.0, 0.0, 0.0, 0.0, 0.0, 0.0, 0.0, 0.0, 0.0, 0.0, 1.741116418396565E9, 0.0, 2025-03-04 13:26:58.396
197.0, -66804.24562743254, -62225.535479251805, -57783.75211760427, -59342.27220323947, -67496.72502240242, -63916.66846474034, -72646.11991001606, -68447.47882455336, 0.078, 0.972, -0.186, 192.0, 0.0, 0.0, 0.0, 0.0, 0.0, 0.0, 0.0, 0.0, 0.0, 1.741116418396597E9, 0.0, 2025-03-04 13:26:58.396
198.0, -66794.58967382785, -62166.9739087789, -57780.980501291815, -59331.76688334547, -67504.25756028385, -63917.473127540725, -72640.73313960232, -68450.96569668838, 0.078, 0.972, -0.186, 192.0, 0.0, 0.0, 0.0, 0.0, 0.0, 0.0, 0.0, 0.0, 0.0, 1.741116418396651E9, 0.0, 2025-03-04 13:26:58.396
199.0, -66798.50122910753, -62135.972039219385, -57785.7861263497, -59334.18087174665, -67504.63753993959, -63915.64028449539, -72634.98874127731, -68446.62945826405, 0.078, 0.972, -0.186, 192.0, 0.0, 0.0, 0.0, 0.0, 0.0, 0.0, 0.0, 0.0, 0.0, 1.741116418396683E9, 0.0, 2025-03-04 13:26:58.396
200.0, -66798.1212494518, -62171.01957452531, -57779.34882394658, -59335.43256943615, -67490.1312577881, -63904.2855983121, -72622.51646787125, -68429.23980107783, 0.078, 0.972, -0.186, 192.0, 0.0, 0.0, 0.0, 0.0, 0.0, 0.0, 0.0, 0.0, 0.0, 1.741116418396714E9, 0.0, 2025-03-04 13:26:58.396
201.0, -66799.1717814412, -62212.8843918901, -57781.405184436466, -59351.19054927714, -67493.01463282283, -63916.5343542736, -72614.69335731189, -68428.36808304407, 0.078, 0.972, -0.186, 192.0, 0.0, 0.0, 0.0, 0.0, 0.0, 0.0, 0.0, 0.0, 0.0, 1.741116418396755E9, 0.0, 2025-03-04 13:26:58.396
202.0, -66781.42449634368, -62177.63569088408, -57774.02910876621, -59342.51807242848, -67491.91939734452, -63919.015397908144, -72604.25509265126, -68437.64405699301, 0.078, 0.972, -0.186, 192.0, 0.0, 0.0, 0.0, 0.0, 0.0, 0.0, 0.0, 0.0, 0.0, 1.741116418396786E9, 0.0, 2025-03-04 13:26:58.396
203.0, -66784.57609231188, -62124.237373380354, -57773.9397017884, -59332.5044909125, -67493.75224038986, -63923.39633982138, -72619.29781666968, -68447.07649315316, 0.078, 0.972, -0.186, 192.0, 0.0, 0.0, 0.0, 0.0, 0.0, 0.0, 0.0, 0.0, 0.0, 1.741116418396824E9, 0.0, 2025-03-04 13:26:58.396
204.0, -66798.83650527436, -62164.17994072199, -57776.219579722834, -59337.868909581775, -67495.11569680163, -63918.4342525523, -72624.59518010559, -68432.65961797949, 0.07200000000000001, 0.972, -0.184, 192.0, 2.0, 64.0, 30.0, 96.0, 250.0, 64.0, 0.0, 0.0, 0.0, 1.741116418396855E9, 0.0, 2025-03-04 13:26:58.396
205.0, -66794.47791510557, -62216.14774658057, -57773.38090817701, -59349.73768588754, -67491.45001071096, -63918.36719731894, -72602.8916362395, -68433.48663252433, 0.07200000000000001, 0.972, -0.184, 192.0, 0.0, 0.0, 0.0, 0.0, 0.0, 0.0, 0.0, 0.0, 0.0, 1.741116418396899E9, 0.0, 2025-03-04 13:26:58.396
206.0, -66781.29038587694, -62190.68910964598, -57767.36828891854, -59340.34995321631, -67488.6783943985, -63917.29431358509, -72593.0792204236, -68434.31364706918, 0.07200000000000001, 0.972, -0.184, 192.0, 0.0, 0.0, 0.0, 0.0, 0.0, 0.0, 0.0, 0.0, 0.0, 1.74111641839695E9, 0.0, 2025-03-04 13:26:58.396
207.0, -66786.78891501295, -62128.95359146042, -57768.9329110304, -59330.42577867816, -67495.8309526242, -63919.61889500844, -72597.4378105924, -68431.0502923787, 0.07200000000000001, 0.972, -0.184, 192.0, 0.0, 0.0, 0.0, 0.0, 0.0, 0.0, 0.0, 0.0, 0.0, 1.741116418396974E9, 0.0, 2025-03-04 13:26:58.396
208.0, -66787.50417083551, -62152.80290279423, -57771.883341298504, -59335.70079036961, -67493.90870260104, -63921.16116537585, -72604.65742405146, -68426.46818476537, 0.07200000000000001, 0.972, -0.184, 192.0, 0.0, 0.0, 0.0, 0.0, 0.0, 0.0, 0.0, 0.0, 0.0, 1.741116418397008E9, 0.0, 2025-03-04 13:26:58.397
209.0, -66788.0629644469, -62209.531630221805, -57771.0339750092, -59349.044781809425, -67483.4257344515, -63916.5343542736, -72591.29108086719, -68397.70148965139, 0.07200000000000001, 0.972, -0.184, 192.0, 0.0, 0.0, 0.0, 0.0, 0.0, 0.0, 0.0, 0.0, 0.0, 1.741116418397034E9, 0.0, 2025-03-04 13:26:58.397
210.0, -66782.4079730997, -62201.59676094017, -57764.50726562826, -59338.74062761553, -67477.99426054886, -63912.443985038284, -72582.01510691823, -68407.37979500054, 0.07200000000000001, 0.972, -0.184, 192.0, 0.0, 0.0, 0.0, 0.0, 0.0, 0.0, 0.0, 0.0, 0.0, 1.741116418456224E9, 0.0, 2025-03-04 13:26:58.456
211.0, -66781.29038587694, -62135.65911479702, -57764.64137609499, -59333.21974673507, -67487.22553100891, -63917.69664498528, -72594.26386287974, -68415.18055381543, 0.07200000000000001, 0.972, -0.184, 192.0, 0.0, 0.0, 0.0, 0.0, 0.0, 0.0, 0.0, 0.0, 0.0, 1.74111641845625E9, 0.0, 2025-03-04 13:26:58.456
212.0, -66768.50518804851, -62136.821405508694, -57755.56656784613, -59326.44716816511, -67479.02244079381, -63903.92797040081, -72585.99371743128, -68394.21461751635, 0.07200000000000001, 0.972, -0.184, 192.0, 0.0, 0.0, 0.0, 0.0, 0.0, 0.0, 0.0, 0.0, 0.0, 1.741116418456271E9, 0.0, 2025-03-04 13:26:58.456
213.0, -66771.92500495017, -62184.922359576514, -57754.65014632347, -59332.23626997904, -67478.70951637144, -63908.0853948695, -72576.76244697123, -68399.26611176325, 0.07200000000000001, 0.972, -0.184, 192.0, 0.0, 0.0, 0.0, 0.0, 0.0, 0.0, 0.0, 0.0, 0.0, 1.741116418456301E9, 0.0, 2025-03-04 13:26:58.456
214.0, -66780.4633713321, -62198.065185316234, -57760.86393128204, -59333.398560690715, -67487.98549032038, -63911.16993560433, -72589.74881049978, -68409.9949491018, 0.074, 0.964, -0.19, 192.0, 2.0, 80.0, 30.0, 32.0, 250.0, 16.0, 0.0, 0.0, 0.0, 1.741116418456322E9, 0.0, 2025-03-04 13:26:58.456
215.0, -66771.52267354997, -62122.985675690856, -57755.38775389049, -59311.69501682461, -67487.87373159811, -63903.97267388972, -72592.29690936768, -68410.21846654636, 0.074, 0.964, -0.19, 192.0, 0.0, 0.0, 0.0, 0.0, 0.0, 0.0, 0.0, 0.0, 0.0, 1.741116418456346E9, 0.0, 2025-03-04 13:26:58.456
216.0, -66774.11547590679, -62108.43469005045, -57760.79687604868, -59307.02350223345, -67489.10307754316, -63902.56451398904, -72595.26969138024, -68406.66453917796, 0.074, 0.964, -0.19, 192.0, 0.0, 0.0, 0.0, 0.0, 0.0, 0.0, 0.0, 0.0, 0.0, 1.741116418456372E9, 0.0, 2025-03-04 13:26:58.456
217.0, -66774.3613450958, -62161.74360057636, -57766.11659122904, -59318.355836672294, -67492.67935665601, -63902.11747909993, -72602.6904705394, -68411.33605376912, 0.074, 0.964, -0.19, 192.0, 0.0, 0.0, 0.0, 0.0, 0.0, 0.0, 0.0, 0.0, 0.0, 1.741116418456393E9, 0.0, 2025-03-04 13:26:58.456
218.0, -66767.65582175921, -62186.19640901047, -57764.73078307281, -59323.966124530576, -67489.63951941008, -63899.524676743116, -72605.30562464066, -68411.91719912496, 0.074, 0.964, -0.19, 192.0, 0.0, 0.0, 0.0, 0.0, 0.0, 0.0, 0.0, 0.0, 0.0, 1.74111641845642E9, 0.0, 2025-03-04 13:26:58.456
219.0, -66763.2078246126, -62118.67178901098, -57757.3323556581, -59307.04585397791, -67487.11377228663, -63898.58590347599, -72603.18220891741, -68410.397280502, 0.074, 0.964, -0.19, 192.0, 0.0, 0.0, 0.0, 0.0, 0.0, 0.0, 0.0, 0.0, 0.0, 1.741116418456442E9, 0.0, 2025-03-04 13:26:58.456
220.0, -66777.42353408618, -62101.48329752485, -57772.017451765234, -59316.52299362695, -67497.48498171389, -63912.46633678274, -72611.36294738806, -68420.12028934006, 0.074, 0.964, -0.19, 192.0, 0.0, 0.0, 0.0, 0.0, 0.0, 0.0, 0.0, 0.0, 0.0, 1.741116418456467E9, 0.0, 2025-03-04 13:26:58.456
221.0, -66772.90848170621, -62152.24410918285, -57768.463524396844, -59324.41315941968, -67485.81737110822, -63904.50911575665, -72606.57967407462, -68413.41476600347, 0.074, 0.964, -0.19, 192.0, 0.0, 0.0, 0.0, 0.0, 0.0, 0.0, 0.0, 0.0, 0.0, 1.741116418456494E9, 0.0, 2025-03-04 13:26:58.456
222.0, -66782.85500798882, -62191.87375210211, -57775.86195181155, -59337.153653759204, -67489.23718800988, -63913.67333098332, -72599.49417108229, -68416.47695499385, 0.074, 0.964, -0.19, 192.0, 0.0, 0.0, 0.0, 0.0, 0.0, 0.0, 0.0, 0.0, 0.0, 1.741116418456516E9, 0.0, 2025-03-04 13:26:58.456
223.0, -66780.44101958764, -62145.58328933517, -57769.447001152876, -59331.74453160102, -67486.7784961198, -63914.12036587243, -72600.5894065606, -68418.6003707171, 0.074, 0.964, -0.19, 192.0, 0.0, 0.0, 0.0, 0.0, 0.0, 0.0, 0.0, 0.0, 0.0, 1.741116418456538E9, 0.0, 2025-03-04 13:26:58.456
224.0, -66774.54015905144, -62104.925466170964, -57766.027184251216, -59321.283915195934, -67481.74935361736, -63909.650016981366, -72595.35909835805, -68404.85404787709, 0.07200000000000001, 0.962, -0.188, 192.0, 2.0, 64.0, 30.0, 16.0, 250.0, 32.0, 0.0, 0.0, 0.0, 1.741116418456566E9, 0.0, 2025-03-04 13:26:58.456
225.0, -66769.55572003791, -62144.935088745966, -57756.10300971306, -59322.6026681188, -67465.45493190944, -63899.591731976485, -72571.55449051315, -68394.25932100527, 0.07200000000000001, 0.962, -0.188, 192.0, 0.0, 0.0, 0.0, 0.0, 0.0, 0.0, 0.0, 0.0, 0.0, 1.741116418516633E9, 0.0, 2025-03-04 13:26:58.516
226.0, -66776.03772592994, -62188.342176478174, -57757.39941089146, -59326.91655479867, -67469.0759145112, -63904.41970877883, -72578.37177257202, -68403.51294320976, 0.07200000000000001, 0.962, -0.188, 192.0, 0.0, 0.0, 0.0, 0.0, 0.0, 0.0, 0.0, 0.0, 0.0, 1.741116418516667E9, 0.0, 2025-03-04 13:26:58.516
227.0, -66778.25054863103, -62160.13427497558, -57761.556835360156, -59330.85046182281, -67481.5258361728, -63917.964865918744, -72595.5826158026, -68424.03184461973, 0.07200000000000001, 0.962, -0.188, 192.0, 0.0, 0.0, 0.0, 0.0, 0.0, 0.0, 0.0, 0.0, 0.0, 1.741116418516689E9, 0.0, 2025-03-04 13:26:58.516
228.0, -66776.35065035232, -62105.48425978235, -57760.93098651541, -59327.4529966656, -67482.71047862894, -63921.116461886944, -72604.00922346226, -68420.23204806233, 0.07200000000000001, 0.962, -0.188, 192.0, 0.0, 0.0, 0.0, 0.0, 0.0, 0.0, 0.0, 0.0, 0.0, 1.74111641851671E9, 0.0, 2025-03-04 13:26:58.516
229.0, -66771.47797006107, -62136.30731538622, -57757.15354170246, -59325.79896757591, -67476.56374890373, -63910.342921059484, -72591.42519133392, -68396.91917859545, 0.07200000000000001, 0.962, -0.188, 192.0, 0.0, 0.0, 0.0, 0.0, 0.0, 0.0, 0.0, 0.0, 0.0, 1.74111641851675E9, 0.0, 2025-03-04 13:26:58.516
230.0, -66755.94350766463, -62188.409231711536, -57748.682230553895, -59330.82811007835, -67468.94180404447, -63904.79968843457, -72574.63903124798, -68386.27974823472, 0.07200000000000001, 0.962, -0.188, 192.0, 0.0, 0.0, 0.0, 0.0, 0.0, 0.0, 0.0, 0.0, 0.0, 1.741116418516771E9, 0.0, 2025-03-04 13:26:58.516
231.0, -66769.55572003791, -62172.964176292924, -57747.564643331134, -59334.47144442457, -67474.03800178028, -63912.84631643848, -72575.15312137046, -68392.73940238231, 0.07200000000000001, 0.962, -0.188, 192.0, 0.0, 0.0, 0.0, 0.0, 0.0, 0.0, 0.0, 0.0, 0.0, 1.741116418516797E9, 0.0, 2025-03-04 13:26:58.516
232.0, -66775.03189742946, -62111.38512031855, -57749.71041079884, -59321.88741229623, -67481.81640885072, -63913.22629609422, -72589.39118258849, -68407.60331244509, 0.07200000000000001, 0.962, -0.188, 192.0, 0.0, 0.0, 0.0, 0.0, 0.0, 0.0, 0.0, 0.0, 0.0, 1.741116418516818E9, 0.0, 2025-03-04 13:26:58.516
233.0, -66753.23894658554, -62130.026475194274, -57739.56271881613, -59314.42192964815, -67464.0244202643, -63901.15635408835, -72576.71774348232, -68397.9920623293, 0.07200000000000001, 0.962, -0.188, 192.0, 0.0, 0.0, 0.0, 0.0, 0.0, 0.0, 0.0, 0.0, 0.0, 1.741116418516839E9, 0.0, 2025-03-04 13:26:58.516
234.0, -66764.10189439081, -62186.73285087739, -57746.75998053074, -59331.52101415647, -67466.41605692102, -63906.140793101884, -72573.00735390275, -68394.79576287219, 0.07200000000000001, 0.966, -0.186, 192.0, 2.0, 64.0, 30.0, 48.0, 250.0, 48.0, 0.0, 0.0, 0.0, 1.741116418516865E9, 0.0, 2025-03-04 13:26:58.516
235.0, -66764.23600485755, -62185.16822876552, -57741.46261709483, -59324.03317976394, -67463.53268188628, -63898.250627309164, -72563.59726948706, -68383.26226273326, 0.07200000000000001, 0.966, -0.186, 192.0, 0.0, 0.0, 0.0, 0.0, 0.0, 0.0, 0.0, 0.0, 0.0, 1.741116418516892E9, 0.0, 2025-03-04 13:26:58.516
236.0, -66776.52946430797, -62121.30929485671, -57752.86200676704, -59324.5025663975, -67476.25082448135, -63909.91823791483, -72584.31733659713, -68398.48380070733, 0.07200000000000001, 0.966, -0.186, 192.0, 0.0, 0.0, 0.0, 0.0, 0.0, 0.0, 0.0, 0.0, 0.0, 1.741116418516916E9, 0.0, 2025-03-04 13:26:58.516
237.0, -66774.07077241788, -62126.271382125786, -57758.44994288086, -59329.196432733115, -67477.70368787095, -63908.666540225335, -72605.19386591838, -68402.77533564274, 0.07200000000000001, 0.966, -0.186, 192.0, 0.0, 0.0, 0.0, 0.0, 0.0, 0.0, 0.0, 0.0, 0.0, 1.741116418516938E9, 0.0, 2025-03-04 13:26:58.516
238.0, -66770.67330726067, -62177.233359483886, -57759.83575103709, -59341.53459567244, -67477.36841170411, -63911.41580479334, -72588.4300575769, -68398.3943937295, 0.07200000000000001, 0.966, -0.186, 192.0, 0.0, 0.0, 0.0, 0.0, 0.0, 0.0, 0.0, 0.0, 0.0, 1.74111641851696E9, 0.0, 2025-03-04 13:26:58.516
239.0, -66763.58780426835, -62188.36452822263, -57755.253643423755, -59331.16338624518, -67473.926243058, -63903.436232022796, -72574.41551380343, -68400.92014085295, 0.07200000000000001, 0.966, -0.186, 192.0, 0.0, 0.0, 0.0, 0.0, 0.0, 0.0, 0.0, 0.0, 0.0, 1.741116418516991E9, 0.0, 2025-03-04 13:26:58.516
240.0, -66772.30498460591, -62121.33164660116, -57758.80757079215, -59323.78731057493, -67477.5248739153, -63910.05234838156, -72583.33385984109, -68414.33118752613, 0.07200000000000001, 0.966, -0.186, 192.0, 0.0, 0.0, 0.0, 0.0, 0.0, 0.0, 0.0, 0.0, 0.0, 1.741116418576944E9, 0.0, 2025-03-04 13:26:58.576
241.0, -66779.23402538705, -62113.30737034171, -57770.31871918663, -59329.621115877766, -67484.05158329626, -63915.64028449539, -72595.7390780138, -68426.87051616557, 0.07200000000000001, 0.966, -0.186, 192.0, 0.0, 0.0, 0.0, 0.0, 0.0, 0.0, 0.0, 0.0, 0.0, 1.74111641857699E9, 0.0, 2025-03-04 13:26:58.576
242.0, -66762.93960367914, -62166.05748725623, -57762.27209118272, -59331.87864206775, -67475.26734772531, -63906.61017973545, -72591.11226691154, -68402.97650134284, 0.07200000000000001, 0.966, -0.186, 192.0, 0.0, 0.0, 0.0, 0.0, 0.0, 0.0, 0.0, 0.0, 0.0, 1.741116418577013E9, 0.0, 2025-03-04 13:26:58.577
243.0, -66761.17381586717, -62192.119621291116, -57755.611271335045, -59330.78340658944, -67469.38883893358, -63900.485801754694, -72588.385354088, -68378.5907481421, 0.07200000000000001, 0.966, -0.186, 192.0, 0.0, 0.0, 0.0, 0.0, 0.0, 0.0, 0.0, 0.0, 0.0, 1.741116418577034E9, 0.0, 2025-03-04 13:26:58.577
244.0, -66770.58390028286, -62141.31410614421, -57756.05830622415, -59326.26835420947, -67474.41798143601, -63913.33805481649, -72581.67983075141, -68392.40412621548, 0.07, 0.974, -0.18, 192.0, 2.0, 48.0, 30.0, 112.0, 250.0, 96.0, 0.0, 0.0, 0.0, 1.741116418577073E9, 0.0, 2025-03-04 13:26:58.577
245.0, -66776.97649919707, -62121.443405323436, -57757.66763182493, -59322.759130329985, -67474.9767750474, -63913.27099958313, -72580.15991212844, -68390.32541398113, 0.07, 0.974, -0.18, 192.0, 0.0, 0.0, 0.0, 0.0, 0.0, 0.0, 0.0, 0.0, 0.0, 1.741116418577097E9, 0.0, 2025-03-04 13:26:58.577
246.0, -66773.91431020669, -62168.82910356869, -57752.19145443338, -59322.133281485236, -67466.25959470983, -63908.241857080684, -72571.7780079577, -68386.23504474582, 0.07, 0.974, -0.18, 192.0, 0.0, 0.0, 0.0, 0.0, 0.0, 0.0, 0.0, 0.0, 0.0, 1.741116418577123E9, 0.0, 2025-03-04 13:26:58.577
247.0, -66778.00467944202, -62206.96117960945, -57753.46550386733, -59330.06815076687, -67468.9194523, -63910.36527280394, -72577.70122023836, -68395.0416320612, 0.07, 0.974, -0.18, 192.0, 0.0, 0.0, 0.0, 0.0, 0.0, 0.0, 0.0, 0.0, 0.0, 1.741116418577144E9, 0.0, 2025-03-04 13:26:58.577
248.0, -66779.16697015369, -62159.91075753102, -57753.48785561179, -59321.5521361294, -67475.40145819205, -63915.997912406674, -72586.79838023167, -68403.98232984333, 0.07, 0.974, -0.18, 192.0, 0.0, 0.0, 0.0, 0.0, 0.0, 0.0, 0.0, 0.0, 0.0, 1.741116418577166E9, 0.0, 2025-03-04 13:26:58.577
249.0, -66769.511016549, -62112.346245330125, -57746.737628786286, -59309.70571156809, -67470.95346104544, -63909.091223369986, -72584.92083369743, -68400.60721643058, 0.07, 0.974, -0.18, 192.0, 0.0, 0.0, 0.0, 0.0, 0.0, 0.0, 0.0, 0.0, 0.0, 1.74111641857719E9, 0.0, 2025-03-04 13:26:58.577
250.0, -66775.30011836292, -62149.606603337124, -57750.62683232151, -59321.5521361294, -67473.9709465469, -63915.6849879843, -72585.70314475337, -68407.0445188337, 0.07, 0.974, -0.18, 192.0, 0.0, 0.0, 0.0, 0.0, 0.0, 0.0, 0.0, 0.0, 0.0, 1.741116418577215E9, 0.0, 2025-03-04 13:26:58.577
251.0, -66770.04745841592, -62197.19346728247, -57749.95627998785, -59332.07980776785, -67475.40145819205, -63918.098976385474, -72587.3348220986, -68395.75688788378, 0.07, 0.974, -0.18, 192.0, 0.0, 0.0, 0.0, 0.0, 0.0, 0.0, 0.0, 0.0, 0.0, 1.741116418577239E9, 0.0, 2025-03-04 13:26:58.577
252.0, -66770.1592171382, -62163.799961066245, -57744.25658515174, -59312.05264473589, -67474.55209190275, -63910.81230769304, -72581.29985109567, -68393.36525122705, 0.07, 0.974, -0.18, 192.0, 0.0, 0.0, 0.0, 0.0, 0.0, 0.0, 0.0, 0.0, 0.0, 1.74111641857726E9, 0.0, 2025-03-04 13:26:58.577
253.0, -66769.37690608227, -62106.93712317194, -57743.80955026264, -59301.83789751982, -67475.8261413367, -63908.19715359178, -72581.16574062893, -68394.75105938328, 0.07, 0.974, -0.18, 192.0, 0.0, 0.0, 0.0, 0.0, 0.0, 0.0, 0.0, 0.0, 0.0, 1.741116418577282E9, 0.0, 2025-03-04 13:26:58.577
254.0, -66767.36524908128, -62136.2179084084, -57745.35182063006, -59301.88260100873, -67474.01565003583, -63904.2855983121, -72586.44075232038, -68398.50615245178, 0.07, 0.97, -0.186, 192.0, 2.0, 48.0, 30.0, 80.0, 250.0, 48.0, 0.0, 0.0, 0.0, 1.74111641857731E9, 0.0, 2025-03-04 13:26:58.577
255.0, -66775.54598755193, -62188.677452645, -57745.37417237451, -59313.59491510331, -67474.03800178028, -63905.939627401785, -72594.37562160201, -68405.07756532164, 0.07, 0.97, -0.186, 192.0, 0.0, 0.0, 0.0, 0.0, 0.0, 0.0, 0.0, 0.0, 0.0, 1.741116418637113E9, 0.0, 2025-03-04 13:26:58.637
0.0, -66772.68496426166, -62177.27806297279, -57746.00002121926, -59317.70763608308, -67476.94372855946, -63911.259342582154, -72597.70603152586, -68418.15333582798, 0.07, 0.97, -0.186, 192.0, 0.0, 0.0, 0.0, 0.0, 0.0, 0.0, 0.0, 0.0, 0.0, 1.741116418637145E9, 0.0, 2025-03-04 13:26:58.637
1.0, -66771.27680436097, -62107.51826852778, -57739.316849627125, -59296.629941061736, -67470.46172266743, -63899.859952909945, -72581.97040342932, -68394.14756228299, 0.07, 0.97, -0.186, 192.0, 0.0, 0.0, 0.0, 0.0, 0.0, 0.0, 0.0, 0.0, 0.0, 1.741116418637167E9, 0.0, 2025-03-04 13:26:58.637
2.0, -66780.44101958764, -62124.930277458465, -57744.59186131858, -59302.46374636457, -67468.49476915535, -63894.85316215196, -72565.13953985447, -68384.62571914503, 0.07, 0.97, -0.186, 192.0, 0.0, 0.0, 0.0, 0.0, 0.0, 0.0, 0.0, 0.0, 0.0, 1.741116418637188E9, 0.0, 2025-03-04 13:26:58.637
3.0, -66763.52074903497, -62172.56184489273, -57739.09333218257, -59309.14691795671, -67461.23045220738, -63886.33714751448, -72555.70710369434, -68377.1378847525, 0.07, 0.97, -0.186, 192.0, 0.0, 0.0, 0.0, 0.0, 0.0, 0.0, 0.0, 0.0, 0.0, 1.741116418637225E9, 0.0, 2025-03-04 13:26:58.637
4.0, -66740.49845224601, -62161.274213942794, -57723.581221530585, -59297.25578990648, -67453.83202479267, -63876.50237995415, -72556.4223595169, -68374.3439166956, 0.07, 0.97, -0.186, 192.0, 0.0, 0.0, 0.0, 0.0, 0.0, 0.0, 0.0, 0.0, 0.0, 1.741116418637247E9, 0.0, 2025-03-04 13:26:58.637
5.0, -66764.9065571912, -62101.21507659138, -57745.93296598589, -59308.65517957869, -67476.51904541481, -63899.725842443215, -72585.43492381989, -68402.12713505354, 0.07, 0.97, -0.186, 192.0, 0.0, 0.0, 0.0, 0.0, 0.0, 0.0, 0.0, 0.0, 0.0, 1.741116418637272E9, 0.0, 2025-03-04 13:26:58.637
6.0, -66767.16408338118, -62110.35694007361, -57750.13509394349, -59313.68432208113, -67471.33344070119, -63898.09416509797, -72589.70410701085, -68401.90361760899, 0.07, 0.97, -0.186, 192.0, 0.0, 0.0, 0.0, 0.0, 0.0, 0.0, 0.0, 0.0, 0.0, 1.741116418637292E9, 0.0, 2025-03-04 13:26:58.637
7.0, -66775.97067069658, -62171.6230716256, -57755.76773354623, -59330.671647867166, -67470.05939126723, -63903.995025634176, -72577.54475802717, -68397.63443441803, 0.068, 0.962, -0.18, 192.0, 2.0, 32.0, 30.0, 16.0, 250.0, 96.0, 0.0, 0.0, 0.0, 1.741116418637313E9, 0.0, 2025-03-04 13:26:58.637
8.0, -66790.767525526, -62196.74643239337, -57764.37315516152, -59333.242098479524, -67476.20612099244, -63911.99695014918, -72584.94318544188, -68411.4478124914, 0.068, 0.962, -0.18, 192.0, 0.0, 0.0, 0.0, 0.0, 0.0, 0.0, 0.0, 0.0, 0.0, 1.74111641863734E9, 0.0, 2025-03-04 13:26:58.637
9.0, -66783.23498764455, -62131.4122833505, -57759.47812312581, -59317.5511738719, -67474.03800178028, -63913.71803447224, -72587.04424942068, -68415.53818172672, 0.068, 0.962, -0.18, 192.0, 0.0, 0.0, 0.0, 0.0, 0.0, 0.0, 0.0, 0.0, 0.0, 1.741116418637363E9, 0.0, 2025-03-04 13:26:58.637
10.0, -66779.32343236488, -62114.871992453576, -57756.930024257905, -59314.3995779037, -67468.29360345527, -63901.9833686332, -72578.61764176103, -68391.55475992618, 0.068, 0.962, -0.18, 192.0, 0.0, 0.0, 0.0, 0.0, 0.0, 0.0, 0.0, 0.0, 0.0, 1.741116418637387E9, 0.0, 2025-03-04 13:26:58.637
11.0, -66778.04938293093, -62164.381106422086, -57753.66666956743, -59323.36262743028, -67463.30916444173, -63899.25645580965, -72574.90725218145, -68394.32637623863, 0.068, 0.962, -0.18, 192.0, 0.0, 0.0, 0.0, 0.0, 0.0, 0.0, 0.0, 0.0, 0.0, 1.741116418637409E9, 0.0, 2025-03-04 13:26:58.637
12.0, -66787.48181909106, -62199.76391789484, -57757.64528008048, -59331.52101415647, -67469.67941161149, -63907.14662160238, -72580.60694701754, -68400.40605073048, 0.068, 0.962, -0.18, 192.0, 0.0, 0.0, 0.0, 0.0, 0.0, 0.0, 0.0, 0.0, 0.0, 1.74111641863743E9, 0.0, 2025-03-04 13:26:58.637
13.0, -66796.98131048457, -62146.36560039111, -57764.39550690598, -59330.15755774469, -67484.56567341872, -63921.74231073169, -72594.46502857984, -68419.56149572867, 0.068, 0.962, -0.18, 192.0, 0.0, 0.0, 0.0, 0.0, 0.0, 0.0, 0.0, 0.0, 0.0, 1.74111641863746E9, 0.0, 2025-03-04 13:26:58.637
14.0, -66784.17376091168, -62115.363730831596, -57760.46159988184, -59324.32375244186, -67481.7270018729, -63916.98138916271, -72591.55930180065, -68410.24081829081, 0.068, 0.962, -0.18, 192.0, 0.0, 0.0, 0.0, 0.0, 0.0, 0.0, 0.0, 0.0, 0.0, 1.741116418697411E9, 0.0, 2025-03-04 13:26:58.697
15.0, -66775.65774627421, -62154.859263284125, -57752.459675366845, -59325.70956059809, -67471.06521976773, -63906.78899369109, -72576.98596441578, -68411.51486772476, 0.068, 0.962, -0.18, 192.0, 0.0, 0.0, 0.0, 0.0, 0.0, 0.0, 0.0, 0.0, 0.0, 1.741116418697443E9, 0.0, 2025-03-04 13:26:58.697
16.0, -66772.90848170621, -62192.343138735676, -57747.85521600905, -59325.68720885363, -67466.46076040993, -63898.42944126481, -72567.9335079114, -68392.64999540448, 0.068, 0.962, -0.18, 192.0, 0.0, 0.0, 0.0, 0.0, 0.0, 0.0, 0.0, 0.0, 0.0, 1.74111641869747E9, 0.0, 2025-03-04 13:26:58.697
17.0, -66786.34188012384, -62154.9710220064, -57758.06996322513, -59324.27904895295, -67481.23526349489, -63910.32056931503, -72584.02676391922, -68392.76175412677, 0.07, 0.964, -0.182, 192.0, 2.0, 48.0, 30.0, 32.0, 250.0, 80.0, 0.0, 0.0, 0.0, 1.741116418697493E9, 0.0, 2025-03-04 13:26:58.697
18.0, -66788.84527550284, -62114.022626164275, -57760.41689639293, -59317.1488424717, -67482.30814722874, -63906.11844135743, -72584.07146740812, -68393.92404483844, 0.07, 0.964, -0.182, 192.0, 0.0, 0.0, 0.0, 0.0, 0.0, 0.0, 0.0, 0.0, 0.0, 1.741116418697531E9, 0.0, 2025-03-04 13:26:58.697
19.0, -66773.75784799551, -62141.090588699655, -57745.731800285794, -59307.35877840028, -67469.45589416694, -63893.154429573355, -72576.31541208213, -68387.33028022412, 0.07, 0.964, -0.182, 192.0, 0.0, 0.0, 0.0, 0.0, 0.0, 0.0, 0.0, 0.0, 0.0, 1.741116418697552E9, 0.0, 2025-03-04 13:26:58.697
20.0, -66759.87741468876, -62184.989414809876, -57733.438340835375, -59304.83303127683, -67464.0244202643, -63891.09806908346, -72575.08606613708, -68383.61989064454, 0.07, 0.964, -0.182, 192.0, 0.0, 0.0, 0.0, 0.0, 0.0, 0.0, 0.0, 0.0, 0.0, 1.741116418697573E9, 0.0, 2025-03-04 13:26:58.697
21.0, -66764.63833625775, -62152.2217574384, -57727.80570123264, -59292.78544101542, -67467.75716158834, -63893.93674062929, -72573.05205739166, -68392.15825702647, 0.07, 0.964, -0.182, 192.0, 0.0, 0.0, 0.0, 0.0, 0.0, 0.0, 0.0, 0.0, 0.0, 1.741116418697599E9, 0.0, 2025-03-04 13:26:58.697
22.0, -66755.69763847561, -62089.212189818885, -57718.79794821715, -59275.97692918503, -67465.27611795379, -63888.79583940457, -72569.16285385643, -68388.89490233599, 0.07, 0.964, -0.182, 192.0, 0.0, 0.0, 0.0, 0.0, 0.0, 0.0, 0.0, 0.0, 0.0, 1.741116418697621E9, 0.0, 2025-03-04 13:26:58.697
23.0, -66755.76469370899, -62116.43661456545, -57718.70854123933, -59276.73688849651, -67462.32568768569, -63881.9785573457, -72562.79260668666, -68377.36140219706, 0.07, 0.964, -0.182, 192.0, 0.0, 0.0, 0.0, 0.0, 0.0, 0.0, 0.0, 0.0, 0.0, 1.741116418697646E9, 0.0, 2025-03-04 13:26:58.697
24.0, -66753.23894658554, -62171.6230716256, -57716.40631156044, -59279.53085655342, -67461.23045220738, -63879.00577533314, -72565.49716776576, -68376.57909114112, 0.07, 0.964, -0.182, 192.0, 0.0, 0.0, 0.0, 0.0, 0.0, 0.0, 0.0, 0.0, 0.0, 1.741116418697668E9, 0.0, 2025-03-04 13:26:58.697
25.0, -66751.8084349404, -62162.57061512121, -57713.76880571471, -59273.048850661384, -67457.94474577246, -63878.02229857711, -72572.91794692492, -68384.2904429782, 0.07, 0.964, -0.182, 192.0, 0.0, 0.0, 0.0, 0.0, 0.0, 0.0, 0.0, 0.0, 0.0, 1.741116418697698E9, 0.0, 2025-03-04 13:26:58.697
26.0, -66768.88516770425, -62104.97016965988, -57725.414064575925, -59274.27819660643, -67470.21585347842, -63889.91342662733, -72587.15600814295, -68399.78020188573, 0.07, 0.964, -0.182, 192.0, 0.0, 0.0, 0.0, 0.0, 0.0, 0.0, 0.0, 0.0, 0.0, 1.74111641869772E9, 0.0, 2025-03-04 13:26:58.697
27.0, -66762.9619554236, -62119.87878321157, -57725.190547131366, -59277.69801350809, -67463.44327490847, -63883.49847596866, -72567.70999046684, -68382.05526853267, 0.074, 0.966, -0.18, 192.0, 2.0, 80.0, 30.0, 48.0, 250.0, 96.0, 0.0, 0.0, 0.0, 1.741116418697742E9, 0.0, 2025-03-04 13:26:58.697
28.0, -66767.36524908128, -62179.31207171823, -57733.90772746894, -59295.914685239164, -67469.41119067803, -63891.99213886168, -72579.86933945052, -68392.78410587122, 0.074, 0.966, -0.18, 192.0, 0.0, 0.0, 0.0, 0.0, 0.0, 0.0, 0.0, 0.0, 0.0, 1.741116418697771E9, 0.0, 2025-03-04 13:26:58.697
29.0, -66773.75784799551, -62190.443240456974, -57738.64629729346, -59309.325731912344, -67472.11575175713, -63899.27880755411, -72584.87613020852, -68403.75881239878, 0.074, 0.966, -0.18, 192.0, 0.0, 0.0, 0.0, 0.0, 0.0, 0.0, 0.0, 0.0, 0.0, 1.741116418757234E9, 0.0, 2025-03-04 13:26:58.757
30.0, -66773.3108131064, -62125.37731234757, -57739.585070560584, -59307.53759235592, -67471.78047559029, -63904.86674366793, -72585.27846160872, -68405.43519323292, 0.074, 0.966, -0.18, 192.0, 0.0, 0.0, 0.0, 0.0, 0.0, 0.0, 0.0, 0.0, 0.0, 1.741116418757263E9, 0.0, 2025-03-04 13:26:58.757
31.0, -66765.80062696942, -62117.82242272168, -57738.981573460296, -59299.93799924112, -67469.09826625565, -63897.557723231046, -72587.04424942068, -68413.39241425901, 0.074, 0.966, -0.18, 192.0, 0.0, 0.0, 0.0, 0.0, 0.0, 0.0, 0.0, 0.0, 0.0, 1.741116418757285E9, 0.0, 2025-03-04 13:26:58.757
32.0, -66763.58780426835, -62165.0740105002, -57737.90868972644, -59298.1945631736, -67466.70662959894, -63889.42168824932, -72586.57486278712, -68385.45273368988, 0.074, 0.966, -0.18, 192.0, 0.0, 0.0, 0.0, 0.0, 0.0, 0.0, 0.0, 0.0, 0.0, 1.741116418757306E9, 0.0, 2025-03-04 13:26:58.757
33.0, -66758.78217921045, -62182.73188861989, -57731.67255302341, -59296.965217228564, -67462.28098419678, -63888.63937719338, -72581.81394121813, -68386.14563776799, 0.074, 0.966, -0.18, 192.0, 0.0, 0.0, 0.0, 0.0, 0.0, 0.0, 0.0, 0.0, 0.0, 1.741116418757339E9, 0.0, 2025-03-04 13:26:58.757
34.0, -66767.45465605911, -62119.901134956024, -57734.488872824775, -59297.814583517866, -67467.10896099913, -63905.40318553486, -72578.43882780538, -68405.81517288866, 0.074, 0.966, -0.18, 192.0, 0.0, 0.0, 0.0, 0.0, 0.0, 0.0, 0.0, 0.0, 0.0, 1.741116418757361E9, 0.0, 2025-03-04 13:26:58.757
35.0, -66780.30690912092, -62108.70291098391, -57738.51218682673, -59299.71448179657, -67468.20419647744, -63908.01833963613, -72576.78479871569, -68413.81709740366, 0.074, 0.966, -0.18, 192.0, 0.0, 0.0, 0.0, 0.0, 0.0, 0.0, 0.0, 0.0, 0.0, 1.741116418757383E9, 0.0, 2025-03-04 13:26:58.757
36.0, -66768.81811247088, -62156.960327262925, -57737.59576530407, -59306.040025477414, -67467.89127205507, -63905.939627401785, -72578.70704873884, -68411.0454810912, 0.074, 0.966, -0.18, 192.0, 0.0, 0.0, 0.0, 0.0, 0.0, 0.0, 0.0, 0.0, 0.0, 1.741116418757408E9, 0.0, 2025-03-04 13:26:58.757
37.0, -66753.57422275236, -62184.31886247622, -57726.77752098769, -59301.25675216398, -67456.33542017167, -63891.58980746148, -72563.84313867606, -68392.00179481528, 0.076, 0.964, -0.176, 192.0, 2.0, 96.0, 30.0, 32.0, 250.0, 128.0, 0.0, 0.0, 0.0, 1.741116418757434E9, 0.0, 2025-03-04 13:26:58.757
38.0, -66767.2087868701, -62132.127539173074, -57731.58314604559, -59291.10906018127, -67462.63861210807, -63891.92508362831, -72573.54379576967, -68378.47898941982, 0.076, 0.964, -0.176, 192.0, 0.0, 0.0, 0.0, 0.0, 0.0, 0.0, 0.0, 0.0, 0.0, 1.741116418757461E9, 0.0, 2025-03-04 13:26:58.757
39.0, -66779.23402538705, -62110.736919729345, -57748.749285787264, -59301.569676586354, -67471.6240133791, -63901.804554677554, -72584.00441217475, -68393.1417337825, 0.076, 0.964, -0.176, 192.0, 0.0, 0.0, 0.0, 0.0, 0.0, 0.0, 0.0, 0.0, 0.0, 1.741116418757483E9, 0.0, 2025-03-04 13:26:58.757
40.0, -66762.09023738984, -62150.34421090415, -57746.55881483064, -59304.94478999911, -67465.99137377637, -63895.233141807694, -72573.52144402522, -68388.58197791362, 0.076, 0.964, -0.176, 192.0, 0.0, 0.0, 0.0, 0.0, 0.0, 0.0, 0.0, 0.0, 0.0, 1.74111641875751E9, 0.0, 2025-03-04 13:26:58.757
41.0, -66767.83463571485, -62191.51612419083, -57748.99515497627, -59309.772766801456, -67466.70662959894, -63895.14373482988, -72576.94126092688, -68383.57518715563, 0.076, 0.964, -0.176, 192.0, 0.0, 0.0, 0.0, 0.0, 0.0, 0.0, 0.0, 0.0, 0.0, 1.741116418757532E9, 0.0, 2025-03-04 13:26:58.757
42.0, -66771.25445261651, -62153.518158616804, -57744.636564807486, -59305.66004582168, -67468.20419647744, -63895.79193541908, -72577.41064756043, -68384.11162902256, 0.076, 0.964, -0.176, 192.0, 0.0, 0.0, 0.0, 0.0, 0.0, 0.0, 0.0, 0.0, 0.0, 1.741116418757552E9, 0.0, 2025-03-04 13:26:58.757
43.0, -66770.67330726067, -62110.51340228479, -57742.33433512859, -59300.16151668567, -67466.52781564329, -63895.43430750779, -72570.25808933475, -68389.61015815857, 0.076, 0.964, -0.176, 192.0, 0.0, 0.0, 0.0, 0.0, 0.0, 0.0, 0.0, 0.0, 0.0, 1.741116418757576E9, 0.0, 2025-03-04 13:26:58.757
44.0, -66765.68886824715, -62143.50457710083, -57737.43930309288, -59298.55219108489, -67461.40926616303, -63891.63451095039, -72563.64197297597, -68383.73164936682, 0.076, 0.964, -0.176, 192.0, 0.0, 0.0, 0.0, 0.0, 0.0, 0.0, 0.0, 0.0, 0.0, 1.741116418816617E9, 0.0, 2025-03-04 13:26:58.816
45.0, -66774.74132475154, -62196.12058354862, -57741.552024072655, -59314.53368837044, -67466.52781564329, -63902.78803143359, -72573.74496146977, -68393.72287913834, 0.076, 0.964, -0.176, 192.0, 0.0, 0.0, 0.0, 0.0, 0.0, 0.0, 0.0, 0.0, 0.0, 1.741116418816643E9, 0.0, 2025-03-04 13:26:58.816
46.0, -66779.77046725398, -62168.851455313146, -57741.64143105048, -59303.4472231206, -67471.66871686801, -63904.64322622338, -72589.7264587553, -68399.646091419, 0.076, 0.964, -0.176, 192.0, 0.0, 0.0, 0.0, 0.0, 0.0, 0.0, 0.0, 0.0, 0.0, 1.741116418816666E9, 0.0, 2025-03-04 13:26:58.816
47.0, -66772.95318519512, -62110.736919729345, -57735.695867025366, -59294.19360091611, -67467.84656856615, -63902.27394131112, -72583.64678426347, -68397.76854488475, 0.07, 0.9560000000000001, -0.178, 192.0, 2.0, 48.0, 29.0, 224.0, 250.0, 112.0, 0.0, 0.0, 0.0, 1.741116418816687E9, 0.0, 2025-03-04 13:26:58.816
48.0, -66758.37984781025, -62127.165451903995, -57727.53748029918, -59288.06922293535, -67453.85437653713, -63889.376984760405, -72563.5749177426, -68389.23017850282, 0.07, 0.9560000000000001, -0.178, 192.0, 0.0, 0.0, 0.0, 0.0, 0.0, 0.0, 0.0, 0.0, 0.0, 1.741116418816719E9, 0.0, 2025-03-04 13:26:58.816
49.0, -66753.08248437435, -62172.405382681536, -57723.69298025286, -59287.801002001885, -67448.40055089004, -63884.3254905135, -72557.36113278403, -68382.92698656642, 0.07, 0.9560000000000001, -0.178, 192.0, 0.0, 0.0, 0.0, 0.0, 0.0, 0.0, 0.0, 0.0, 0.0, 1.74111641881674E9, 0.0, 2025-03-04 13:26:58.816
50.0, -66769.22044387108, -62173.43356292648, -57739.29449788267, -59297.92634224014, -67465.63374586508, -63899.27880755411, -72579.62347026152, -68402.395355987, 0.07, 0.9560000000000001, -0.178, 192.0, 0.0, 0.0, 0.0, 0.0, 0.0, 0.0, 0.0, 0.0, 0.0, 1.741116418816762E9, 0.0, 2025-03-04 13:26:58.816
51.0, -66767.14173163673, -62115.90017269852, -57740.61325080553, -59291.42198460364, -67466.39370517657, -63896.52954298611, -72599.62828154901, -68410.75490841329, 0.07, 0.9560000000000001, -0.178, 192.0, 0.0, 0.0, 0.0, 0.0, 0.0, 0.0, 0.0, 0.0, 0.0, 1.741116418816788E9, 0.0, 2025-03-04 13:26:58.816
52.0, -66774.18253114016, -62129.22181239389, -57747.94462298687, -59297.948693984596, -67467.55599588824, -63899.90465639886, -72593.59331054609, -68422.13194634103, 0.07, 0.9560000000000001, -0.178, 192.0, 0.0, 0.0, 0.0, 0.0, 0.0, 0.0, 0.0, 0.0, 0.0, 1.741116418816809E9, 0.0, 2025-03-04 13:26:58.816
53.0, -66774.92013870718, -62180.40730719654, -57746.42470436391, -59302.486098109024, -67462.14687373006, -63890.762792916634, -72564.5807462431, -68372.42166667244, 0.07, 0.9560000000000001, -0.178, 192.0, 0.0, 0.0, 0.0, 0.0, 0.0, 0.0, 0.0, 0.0, 0.0, 1.741116418816834E9, 0.0, 2025-03-04 13:26:58.816
54.0, -66775.36717359629, -62185.123525276606, -57749.017506720724, -59306.42000513316, -67467.69010635497, -63902.1845343333, -72569.76635095672, -68388.40316395798, 0.07, 0.9560000000000001, -0.178, 192.0, 0.0, 0.0, 0.0, 0.0, 0.0, 0.0, 0.0, 0.0, 0.0, 1.741116418816855E9, 0.0, 2025-03-04 13:26:58.816
55.0, -66782.47502833308, -62128.05952168221, -57755.6336230795, -59296.24996140599, -67477.88250182659, -63912.66750248284, -72580.22696736181, -68407.75977465627, 0.07, 0.9560000000000001, -0.178, 192.0, 0.0, 0.0, 0.0, 0.0, 0.0, 0.0, 0.0, 0.0, 0.0, 1.741116418816883E9, 0.0, 2025-03-04 13:26:58.816
56.0, -66768.2593188595, -62122.89626871303, -57744.4801025963, -59290.10323168078, -67466.19253947647, -63895.657824952345, -72573.99083065877, -68379.17189349793, 0.07, 0.9560000000000001, -0.178, 192.0, 0.0, 0.0, 0.0, 0.0, 0.0, 0.0, 0.0, 0.0, 0.0, 1.741116418816907E9, 0.0, 2025-03-04 13:26:58.816
57.0, -66752.52369076296, -62162.83883605467, -57727.60453553254, -59284.314129866856, -67451.03805673576, -63883.05144107955, -72565.49716776576, -68375.72972485182, 0.07, 0.9560000000000001, -0.176, 192.0, 2.0, 48.0, 29.0, 224.0, 250.0, 128.0, 0.0, 0.0, 0.0, 1.74111641881693E9, 0.0, 2025-03-04 13:26:58.816
58.0, -66754.89297567523, -62180.56376940772, -57728.409198332934, -59286.30343512338, -67455.19548120446, -63887.007699848145, -72581.85864470704, -68386.63737614601, 0.07, 0.9560000000000001, -0.176, 192.0, 0.0, 0.0, 0.0, 0.0, 0.0, 0.0, 0.0, 0.0, 0.0, 1.741116418816953E9, 0.0, 2025-03-04 13:26:58.816
59.0, -66761.66555424519, -62122.67275126848, -57735.15942515844, -59285.16349615616, -67467.60069937714, -63898.58590347599, -72594.75560125776, -68404.47406822135, 0.07, 0.9560000000000001, -0.176, 192.0, 0.0, 0.0, 0.0, 0.0, 0.0, 0.0, 0.0, 0.0, 0.0, 1.741116418876809E9, 0.0, 2025-03-04 13:26:58.876
60.0, -66758.89393793272, -62102.287960325244, -57734.39946584695, -59282.63774903271, -67464.85143480914, -63895.0319761076, -72574.81784520362, -68396.98623382882, 0.07, 0.9560000000000001, -0.176, 192.0, 0.0, 0.0, 0.0, 0.0, 0.0, 0.0, 0.0, 0.0, 0.0, 1.741116418876835E9, 0.0, 2025-03-04 13:26:58.876
61.0, -66756.43524604265, -62150.74654230435, -57730.219689633814, -59292.09253693731, -67459.17409171749, -63891.12042082792, -72570.70512422385, -68391.13007678153, 0.07, 0.9560000000000001, -0.176, 192.0, 0.0, 0.0, 0.0, 0.0, 0.0, 0.0, 0.0, 0.0, 0.0, 1.741116418876856E9, 0.0, 2025-03-04 13:26:58.876
62.0, -66765.04066765793, -62189.41506021203, -57736.25466063675, -59304.16247894317, -67466.39370517657, -63896.015452863634, -72583.93735694139, -68399.13200129653, 0.07, 0.9560000000000001, -0.176, 192.0, 0.0, 0.0, 0.0, 0.0, 0.0, 0.0, 0.0, 0.0, 0.0, 1.741116418876878E9, 0.0, 2025-03-04 13:26:58.876
63.0, -66773.64608927323, -62140.82236776619, -57741.01558220573, -59300.183868430126, -67474.19446399146, -63899.25645580965, -72594.35326985756, -68402.5965216871, 0.07, 0.9560000000000001, -0.176, 192.0, 0.0, 0.0, 0.0, 0.0, 0.0, 0.0, 0.0, 0.0, 0.0, 1.741116418876904E9, 0.0, 2025-03-04 13:26:58.876
64.0, -66773.95901369561, -62109.93225692896, -57738.91451822693, -59293.38893811571, -67467.69010635497, -63889.935778371786, -72583.19974937437, -68400.71897515285, 0.07, 0.9560000000000001, -0.176, 192.0, 0.0, 0.0, 0.0, 0.0, 0.0, 0.0, 0.0, 0.0, 0.0, 1.741116418876935E9, 0.0, 2025-03-04 13:26:58.876
65.0, -66755.29530707542, -62149.69601031495, -57724.43058781989, -59293.187772415615, -67447.95351600094, -63876.61413867643, -72571.24156609077, -68392.78410587122, 0.07, 0.9560000000000001, -0.176, 192.0, 0.0, 0.0, 0.0, 0.0, 0.0, 0.0, 0.0, 0.0, 0.0, 1.741116418876957E9, 0.0, 2025-03-04 13:26:58.876
66.0, -66755.36236230879, -62190.68910964598, -57730.06322742262, -59293.56775207136, -67455.55310911573, -63886.11363006993, -72573.85672019205, -68412.14071656951, 0.07, 0.9560000000000001, -0.176, 192.0, 0.0, 0.0, 0.0, 0.0, 0.0, 0.0, 0.0, 0.0, 0.0, 1.741116418876982E9, 0.0, 2025-03-04 13:26:58.876
67.0, -66754.31183031939, -62156.13331271808, -57727.89510821046, -59287.48807757951, -67454.10024572615, -63885.1301533139, -72566.7265137108, -68379.82009408715, 0.076, 0.962, -0.176, 192.0, 2.0, 96.0, 30.0, 16.0, 250.0, 128.0, 0.0, 0.0, 0.0, 1.741116418877004E9, 0.0, 2025-03-04 13:26:58.877
68.0, -66760.03387689995, -62104.76900395978, -57728.76682624422, -59280.2908158649, -67453.63085909258, -63883.27495852411, -72572.33680156908, -68372.95810853936, 0.076, 0.962, -0.176, 192.0, 0.0, 0.0, 0.0, 0.0, 0.0, 0.0, 0.0, 0.0, 0.0, 1.741116418877028E9, 0.0, 2025-03-04 13:26:58.877
69.0, -66755.29530707542, -62140.62120206609, -57727.626887276994, -59286.92928396813, -67449.45108287944, -63881.66563292332, -72569.49813002326, -68381.9435098104, 0.076, 0.962, -0.176, 192.0, 0.0, 0.0, 0.0, 0.0, 0.0, 0.0, 0.0, 0.0, 0.0, 1.741116418877052E9, 0.0, 2025-03-04 13:26:58.877
70.0, -66760.54796702242, -62195.53943819278, -57739.607422305045, -59303.670740565154, -67463.17505397499, -63896.283673797094, -72588.56416804364, -68399.51198095226, 0.076, 0.962, -0.176, 192.0, 0.0, 0.0, 0.0, 0.0, 0.0, 0.0, 0.0, 0.0, 0.0, 1.741116418877077E9, 0.0, 2025-03-04 13:26:58.877
71.0, -66771.23210087206, -62180.29554847426, -57744.077771196105, -59310.89035402422, -67470.41701917852, -63912.55574376056, -72598.26482513724, -68420.83554516263, 0.076, 0.962, -0.176, 192.0, 0.0, 0.0, 0.0, 0.0, 0.0, 0.0, 0.0, 0.0, 0.0, 1.741116418877102E9, 0.0, 2025-03-04 13:26:58.877
72.0, -66767.23113861456, -62122.09160591264, -57737.30519262615, -59297.43460386212, -67461.27515569629, -63905.85022042397, -72582.57390052962, -68428.52454525525, 0.076, 0.962, -0.176, 192.0, 0.0, 0.0, 0.0, 0.0, 0.0, 0.0, 0.0, 0.0, 0.0, 1.741116418877124E9, 0.0, 2025-03-04 13:26:58.877
73.0, -66765.33124033586, -62134.63093455207, -57733.63950653547, -59291.511391581465, -67456.55893761622, -63896.12721158591, -72577.14242662698, -68398.68496640743, 0.076, 0.962, -0.176, 192.0, 0.0, 0.0, 0.0, 0.0, 0.0, 0.0, 0.0, 0.0, 0.0, 1.741116418877145E9, 0.0, 2025-03-04 13:26:58.877
74.0, -66759.69860073311, -62181.50254267485, -57731.53844255667, -59294.506525338475, -67455.41899864901, -63890.94160687228, -72586.84308372058, -68392.11355353757, 0.076, 0.962, -0.176, 192.0, 0.0, 0.0, 0.0, 0.0, 0.0, 0.0, 0.0, 0.0, 0.0, 1.741116418937186E9, 0.0, 2025-03-04 13:26:58.937
75.0, -66751.13788260674, -62172.58419663718, -57724.54234654216, -59289.835010747316, -67450.3228009132, -63884.23608353569, -72588.11713315453, -68384.13398076702, 0.076, 0.962, -0.176, 192.0, 0.0, 0.0, 0.0, 0.0, 0.0, 0.0, 0.0, 0.0, 0.0, 1.741116418937213E9, 0.0, 2025-03-04 13:26:58.937
76.0, -66762.69373449012, -62106.64655049403, -57733.14776815746, -59291.220818903545, -67461.72219058541, -63893.62381620691, -72579.51171153923, -68393.1417337825, 0.076, 0.962, -0.176, 192.0, 0.0, 0.0, 0.0, 0.0, 0.0, 0.0, 0.0, 0.0, 0.0, 1.741116418937235E9, 0.0, 2025-03-04 13:26:58.937
77.0, -66777.26707187499, -62130.69702752794, -57751.275032910715, -59306.64352257771, -67469.25472846684, -63903.81621167853, -72577.20948186034, -68406.93276011142, 0.07200000000000001, 0.966, -0.178, 192.0, 2.0, 64.0, 30.0, 48.0, 250.0, 112.0, 0.0, 0.0, 0.0, 1.741116418937256E9, 0.0, 2025-03-04 13:26:58.937
78.0, -66770.60625202731, -62178.86503682912, -57743.74249502928, -59299.11098469627, -67460.40343766253, -63885.93481611429, -72573.11911262502, -68385.74330636779, 0.07200000000000001, 0.966, -0.178, 192.0, 0.0, 0.0, 0.0, 0.0, 0.0, 0.0, 0.0, 0.0, 0.0, 1.74111641893728E9, 0.0, 2025-03-04 13:26:58.937
79.0, -66779.94928120963, -62188.18571426698, -57750.917404999425, -59307.17996444464, -67468.2265482219, -63895.43430750779, -72586.03842092019, -68395.0416320612, 0.07200000000000001, 0.966, -0.178, 192.0, 0.0, 0.0, 0.0, 0.0, 0.0, 0.0, 0.0, 0.0, 0.0, 1.741116418937309E9, 0.0, 2025-03-04 13:26:58.937
80.0, -66782.29621437743, -62131.6134490506, -57758.405239391956, -59306.5988190888, -67472.8757110686, -63907.70541521376, -72581.0316301622, -68407.58096070064, 0.07200000000000001, 0.966, -0.178, 192.0, 0.0, 0.0, 0.0, 0.0, 0.0, 0.0, 0.0, 0.0, 0.0, 1.74111641893733E9, 0.0, 2025-03-04 13:26:58.937
81.0, -66768.37107758177, -62123.58917279115, -57748.59282357607, -59300.47444110805, -67458.45883589493, -63899.234104065195, -72572.15798761345, -68398.66261466296, 0.07200000000000001, 0.966, -0.178, 192.0, 0.0, 0.0, 0.0, 0.0, 0.0, 0.0, 0.0, 0.0, 0.0, 1.741116418937358E9, 0.0, 2025-03-04 13:26:58.937
82.0, -66770.22627237157, -62171.95834779243, -57745.08359969659, -59304.74362429901, -67455.86603353811, -63896.06015635254, -72567.82174918911, -68394.1922657719, 0.07200000000000001, 0.966, -0.178, 192.0, 0.0, 0.0, 0.0, 0.0, 0.0, 0.0, 0.0, 0.0, 0.0, 1.741116418937379E9, 0.0, 2025-03-04 13:26:58.937
83.0, -66787.97355746909, -62200.63563592859, -57755.94654750187, -59318.93698202813, -67469.3217837002, -63906.52077275763, -72584.85377846405, -68407.26803627826, 0.07200000000000001, 0.966, -0.178, 192.0, 0.0, 0.0, 0.0, 0.0, 0.0, 0.0, 0.0, 0.0, 0.0, 1.741116418937401E9, 0.0, 2025-03-04 13:26:58.937
84.0, -66774.80837998491, -62137.7154752869, -57749.106913698546, -59309.86217377927, -67464.24793770885, -63908.4877262697, -72586.95484244285, -68411.33605376912, 0.07200000000000001, 0.966, -0.178, 192.0, 0.0, 0.0, 0.0, 0.0, 0.0, 0.0, 0.0, 0.0, 0.0, 1.741116418937426E9, 0.0, 2025-03-04 13:26:58.937
85.0, -66794.03088021647, -62126.964286203896, -57762.71912607183, -59312.67849358064, -67472.45102792395, -63914.27682808362, -72593.70506926836, -68412.63245494752, 0.07200000000000001, 0.966, -0.178, 192.0, 0.0, 0.0, 0.0, 0.0, 0.0, 0.0, 0.0, 0.0, 0.0, 1.74111641893745E9, 0.0, 2025-03-04 13:26:58.937
86.0, -66764.07954264636, -62165.02930701129, -57739.182739160395, -59297.948693984596, -67454.34611491516, -63884.88428412489, -72573.78966495868, -68375.640317874, 0.07200000000000001, 0.966, -0.178, 192.0, 0.0, 0.0, 0.0, 0.0, 0.0, 0.0, 0.0, 0.0, 0.0, 1.741116418937474E9, 0.0, 2025-03-04 13:26:58.937
87.0, -66767.18643512565, -62190.35383347915, -57736.63464029248, -59303.961313243075, -67455.48605388237, -63888.70643242675, -72552.24258330377, -68378.65780337546, 0.07200000000000001, 0.966, -0.17, 192.0, 2.0, 64.0, 30.0, 48.0, 250.0, 176.0, 0.0, 0.0, 0.0, 1.741116418937495E9, 0.0, 2025-03-04 13:26:58.937
88.0, -66779.23402538705, -62145.51623410181, -57743.40721886244, -59293.83597300482, -67467.4218854215, -63897.66948195332, -72567.7323422113, -68396.42744021743, 0.07200000000000001, 0.966, -0.17, 192.0, 0.0, 0.0, 0.0, 0.0, 0.0, 0.0, 0.0, 0.0, 0.0, 1.741116418937518E9, 0.0, 2025-03-04 13:26:58.937
89.0, -66760.81618795589, -62107.317102827685, -57734.8241489916, -59279.32969085332, -67456.60364110513, -63885.84540913647, -72564.51369100974, -68392.00179481528, 0.07200000000000001, 0.966, -0.17, 192.0, 0.0, 0.0, 0.0, 0.0, 0.0, 0.0, 0.0, 0.0, 0.0, 1.741116418997414E9, 0.0, 2025-03-04 13:26:58.997
90.0, -66754.1553681082, -62144.085722456664, -57733.013657690724, -59281.07312692084, -67453.13912071456, -63879.69867941126, -72564.5807462431, -68389.63250990302, 0.07200000000000001, 0.966, -0.17, 192.0, 0.0, 0.0, 0.0, 0.0, 0.0, 0.0, 0.0, 0.0, 0.0, 1.741116418997441E9, 0.0, 2025-03-04 13:26:58.997
91.0, -66763.69956299062, -62194.287740503285, -57740.18856766088, -59293.43364160462, -67459.75523707333, -63881.755039901145, -72571.10745562405, -68375.95324229637, 0.07200000000000001, 0.966, -0.17, 192.0, 0.0, 0.0, 0.0, 0.0, 0.0, 0.0, 0.0, 0.0, 0.0, 1.741116418997467E9, 0.0, 2025-03-04 13:26:58.997
92.0, -66764.52657753546, -62158.837873797165, -57745.888262496985, -59293.813621260364, -67471.91458605703, -63892.97561561771, -72587.49128430978, -68392.35942272657, 0.07200000000000001, 0.966, -0.17, 192.0, 0.0, 0.0, 0.0, 0.0, 0.0, 0.0, 0.0, 0.0, 0.0, 1.741116418997488E9, 0.0, 2025-03-04 13:26:58.997
93.0, -66774.38369684026, -62111.13925112954, -57757.689983569384, -59294.81944976085, -67485.25857749685, -63906.11844135743, -72605.4397351074, -68414.48764973732, 0.07200000000000001, 0.966, -0.17, 192.0, 0.0, 0.0, 0.0, 0.0, 0.0, 0.0, 0.0, 0.0, 0.0, 1.741116418997509E9, 0.0, 2025-03-04 13:26:58.997
94.0, -66764.23600485755, -62147.19261493595, -57753.376096889515, -59299.558019585376, -67474.5744436472, -63901.02224362162, -72598.7342117708, -68419.87442015106, 0.07200000000000001, 0.966, -0.17, 192.0, 0.0, 0.0, 0.0, 0.0, 0.0, 0.0, 0.0, 0.0, 0.0, 1.741116418997541E9, 0.0, 2025-03-04 13:26:58.997
95.0, -66761.79966471191, -62194.06422305873, -57748.548120087165, -59305.16830744366, -67466.55016738774, -63896.39543251937, -72593.0345169347, -68405.92693161094, 0.07200000000000001, 0.966, -0.17, 192.0, 0.0, 0.0, 0.0, 0.0, 0.0, 0.0, 0.0, 0.0, 0.0, 1.741116418997562E9, 0.0, 2025-03-04 13:26:58.997
96.0, -66764.99596416902, -62170.81840882521, -57750.13509394349, -59303.13429869823, -67470.70759185644, -63902.810383178046, -72600.41059260495, -68403.42353623195, 0.07200000000000001, 0.966, -0.17, 192.0, 0.0, 0.0, 0.0, 0.0, 0.0, 0.0, 0.0, 0.0, 0.0, 1.741116418997585E9, 0.0, 2025-03-04 13:26:58.997
97.0, -66781.64801378823, -62116.32485584317, -57761.08744872659, -59302.21787717556, -67480.49765592786, -63907.01251113565, -72610.53593284321, -68415.29231253771, 0.074, 0.962, -0.17200000000000001, 192.0, 2.0, 80.0, 30.0, 16.0, 250.0, 160.0, 0.0, 0.0, 0.0, 1.74111641899761E9, 0.0, 2025-03-04 13:26:58.997
98.0, -66774.09312416233, -62144.28688815676, -57762.76382956074, -59315.51716512647, -67474.70855411394, -63910.78995594859, -72602.06462169465, -68415.71699568236, 0.074, 0.962, -0.17200000000000001, 192.0, 0.0, 0.0, 0.0, 0.0, 0.0, 0.0, 0.0, 0.0, 0.0, 1.741116418997633E9, 0.0, 2025-03-04 13:26:58.997
99.0, -66777.78116199747, -62197.55109519376, -57765.58014936211, -59319.80870006188, -67473.7250773579, -63913.785089705605, -72599.09183968209, -68415.67229219346, 0.074, 0.962, -0.17200000000000001, 192.0, 0.0, 0.0, 0.0, 0.0, 0.0, 0.0, 0.0, 0.0, 0.0, 1.741116418997659E9, 0.0, 2025-03-04 13:26:58.997
100.0, -66768.39342932623, -62189.660929401034, -57763.18851270539, -59319.11579598377, -67476.4743419259, -63916.69081648479, -72603.9868717178, -68416.0522718492, 0.074, 0.962, -0.17200000000000001, 192.0, 0.0, 0.0, 0.0, 0.0, 0.0, 0.0, 0.0, 0.0, 0.0, 1.74111641899768E9, 0.0, 2025-03-04 13:26:58.997
101.0, -66767.74522873703, -62123.96915244689, -57760.841579537584, -59308.52106911196, -67477.83779833768, -63914.187421105795, -72592.47572332331, -68421.95313238539, 0.074, 0.962, -0.17200000000000001, 192.0, 0.0, 0.0, 0.0, 0.0, 0.0, 0.0, 0.0, 0.0, 0.0, 1.741116418997708E9, 0.0, 2025-03-04 13:26:58.997
102.0, -66765.86768220278, -62128.573611804684, -57757.26530042473, -59304.76597604346, -67471.73577210138, -63905.5819994905, -72582.75271448526, -68411.96190261387, 0.074, 0.962, -0.17200000000000001, 192.0, 0.0, 0.0, 0.0, 0.0, 0.0, 0.0, 0.0, 0.0, 0.0, 1.74111641899773E9, 0.0, 2025-03-04 13:26:58.997
103.0, -66772.17087413918, -62182.30720547524, -57759.25460568126, -59315.94184827112, -67474.5744436472, -63905.96197914625, -72595.7390780138, -68405.77046939975, 0.074, 0.962, -0.17200000000000001, 192.0, 0.0, 0.0, 0.0, 0.0, 0.0, 0.0, 0.0, 0.0, 0.0, 1.741116418997752E9, 0.0, 2025-03-04 13:26:58.997
104.0, -66787.8617987468, -62200.859153373145, -57767.52475112972, -59328.212955977084, -67485.32563273021, -63912.242819338186, -72588.2288918768, -68399.95901584138, 0.074, 0.962, -0.17200000000000001, 192.0, 0.0, 0.0, 0.0, 0.0, 0.0, 0.0, 0.0, 0.0, 0.0, 1.74111641905769E9, 0.0, 2025-03-04 13:26:59.057
105.0, -66794.7684877835, -62132.77573976228, -57758.06996322513, -59306.44235687761, -67476.98843204838, -63894.763755174135, -72577.76827547172, -68384.33514646711, 0.074, 0.962, -0.17200000000000001, 192.0, 0.0, 0.0, 0.0, 0.0, 0.0, 0.0, 0.0, 0.0, 0.0, 1.741116419057719E9, 0.0, 2025-03-04 13:26:59.057
106.0, -66795.30492965042, -62124.57264954718, -57763.09910572757, -59303.8495545208, -67480.07297278321, -63891.612159205935, -72593.36979310153, -68392.24766400429, 0.074, 0.962, -0.17200000000000001, 192.0, 0.0, 0.0, 0.0, 0.0, 0.0, 0.0, 0.0, 0.0, 0.0, 1.741116419057741E9, 0.0, 2025-03-04 13:26:59.057
107.0, -66774.87543521827, -62177.926263561996, -57756.19241669088, -59308.923400512154, -67463.44327490847, -63882.20207479025, -72593.36979310153, -68385.38567845651, 0.074, 0.966, -0.17400000000000002, 192.0, 2.0, 80.0, 30.0, 48.0, 250.0, 144.0, 0.0, 0.0, 0.0, 1.741116419057762E9, 0.0, 2025-03-04 13:26:59.057
108.0, -66778.31760386439, -62205.9329993645, -57755.47716086831, -59309.348083656805, -67463.21975746391, -63882.35853700144, -72593.81682799064, -68388.93960582491, 0.074, 0.966, -0.17400000000000002, 192.0, 0.0, 0.0, 0.0, 0.0, 0.0, 0.0, 0.0, 0.0, 0.0, 1.741116419057786E9, 0.0, 2025-03-04 13:26:59.057
109.0, -66785.93954872365, -62152.93701326097, -57755.8347887796, -59301.45791786408, -67467.46658891042, -63883.61023469094, -72593.0792204236, -68393.90169309398, 0.074, 0.966, -0.17400000000000002, 192.0, 0.0, 0.0, 0.0, 0.0, 0.0, 0.0, 0.0, 0.0, 0.0, 1.741116419057822E9, 0.0, 2025-03-04 13:26:59.057
110.0, -66795.57315058389, -62132.23929789535, -57763.38967840549, -59300.943827741605, -67468.33830694418, -63885.398374247365, -72598.7342117708, -68396.24862626179, 0.074, 0.966, -0.17400000000000002, 192.0, 0.0, 0.0, 0.0, 0.0, 0.0, 0.0, 0.0, 0.0, 0.0, 1.741116419057845E9, 0.0, 2025-03-04 13:26:59.057
111.0, -66761.86671994528, -62161.25186219834, -57742.08846593958, -59287.62218804624, -67451.95447825843, -63870.51211244013, -72556.0200281167, -68375.61796612955, 0.074, 0.966, -0.17400000000000002, 192.0, 0.0, 0.0, 0.0, 0.0, 0.0, 0.0, 0.0, 0.0, 0.0, 1.741116419057866E9, 0.0, 2025-03-04 13:26:59.057
112.0, -66774.42840032917, -62197.39463298257, -57749.799817776664, -59293.99243521601, -67464.51615864232, -63882.55970270154, -72570.39219980147, -68386.63737614601, 0.074, 0.966, -0.17400000000000002, 192.0, 0.0, 0.0, 0.0, 0.0, 0.0, 0.0, 0.0, 0.0, 0.0, 1.741116419057892E9, 0.0, 2025-03-04 13:26:59.057
113.0, -66776.97649919707, -62148.69018181446, -57749.106913698546, -59289.03034794693, -67468.33830694418, -63892.77444991761, -72581.18809237338, -68397.7908966292, 0.074, 0.966, -0.17400000000000002, 192.0, 0.0, 0.0, 0.0, 0.0, 0.0, 0.0, 0.0, 0.0, 0.0, 1.741116419057913E9, 0.0, 2025-03-04 13:26:59.057
114.0, -66773.3108131064, -62107.40650980551, -57743.54132932918, -59283.80003974438, -67466.23724296538, -63891.20982780574, -72582.39508657398, -68404.65288217699, 0.074, 0.966, -0.17400000000000002, 192.0, 0.0, 0.0, 0.0, 0.0, 0.0, 0.0, 0.0, 0.0, 0.0, 1.741116419057942E9, 0.0, 2025-03-04 13:26:59.057
115.0, -66766.31471709188, -62138.72130378739, -57741.417913605925, -59286.146972912196, -67465.14200748707, -63889.376984760405, -72587.87126396553, -68419.85206840659, 0.074, 0.966, -0.17400000000000002, 192.0, 0.0, 0.0, 0.0, 0.0, 0.0, 0.0, 0.0, 0.0, 0.0, 1.741116419057964E9, 0.0, 2025-03-04 13:26:59.057
116.0, -66754.4012372972, -62184.45297294295, -57736.12055017002, -59294.57358057184, -67460.26932719581, -63889.30992952704, -72595.60496754706, -68407.42449848945, 0.074, 0.966, -0.17400000000000002, 192.0, 0.0, 0.0, 0.0, 0.0, 0.0, 0.0, 0.0, 0.0, 0.0, 1.74111641905799E9, 0.0, 2025-03-04 13:26:59.057
117.0, -66750.73555120654, -62145.89621375754, -57726.5763552876, -59282.436583332616, -67456.0224957493, -63881.79974339006, -72593.36979310153, -68384.24573948928, 0.07, 0.962, -0.17, 192.0, 2.0, 48.0, 30.0, 16.0, 250.0, 176.0, 0.0, 0.0, 0.0, 1.741116419058013E9, 0.0, 2025-03-04 13:26:59.058
118.0, -66761.509092034, -62097.81761143418, -57732.119587912515, -59279.82142923134, -67460.47049289591, -63885.84540913647, -72580.85281620656, -68388.55962616917, 0.07, 0.962, -0.17, 192.0, 0.0, 0.0, 0.0, 0.0, 0.0, 0.0, 0.0, 0.0, 0.0, 1.741116419058036E9, 0.0, 2025-03-04 13:26:59.058
119.0, -66754.91532741969, -62131.38993160605, -57732.05253267915, -59292.83014450433, -67454.63668759307, -63882.939682357275, -72564.7819119432, -68388.98430931382, 0.07, 0.962, -0.17, 192.0, 0.0, 0.0, 0.0, 0.0, 0.0, 0.0, 0.0, 0.0, 0.0, 1.741116419117195E9, 0.0, 2025-03-04 13:26:59.117
120.0, -66749.28268781694, -62184.58708340968, -57732.119587912515, -59301.3461591418, -67454.59198410416, -63878.98342358869, -72582.35038308507, -68387.68790813541, 0.07, 0.962, -0.17, 192.0, 0.0, 0.0, 0.0, 0.0, 0.0, 0.0, 0.0, 0.0, 0.0, 1.741116419117286E9, 0.0, 2025-03-04 13:26:59.117
121.0, -66763.58780426835, -62173.70178385995, -57737.61811704852, -59304.00601673198, -67459.66583009552, -63883.81140039104, -72588.45240932135, -68393.70052739388, 0.07, 0.962, -0.17, 192.0, 0.0, 0.0, 0.0, 0.0, 0.0, 0.0, 0.0, 0.0, 0.0, 1.741116419117307E9, 0.0, 2025-03-04 13:26:59.117
122.0, -66774.42840032917, -62120.750501245326, -57750.93975674389, -59315.02542674845, -67468.80769357774, -63899.368214531925, -72597.12488617002, -68406.5974839446, 0.07, 0.962, -0.17, 192.0, 0.0, 0.0, 0.0, 0.0, 0.0, 0.0, 0.0, 0.0, 0.0, 1.741116419117329E9, 0.0, 2025-03-04 13:26:59.117
123.0, -66762.13494087875, -62135.12267293008, -57742.22257640631, -59309.906877268186, -67452.69208582546, -63881.889150367875, -72578.01414466073, -68394.16991402744, 0.07, 0.962, -0.17, 192.0, 0.0, 0.0, 0.0, 0.0, 0.0, 0.0, 0.0, 0.0, 0.0, 1.741116419117351E9, 0.0, 2025-03-04 13:26:59.117
124.0, -66764.07954264636, -62178.64151938457, -57744.81537876313, -59312.209106947084, -67461.63278360758, -63884.16902830232, -72588.89944421047, -68398.28263500723, 0.07, 0.962, -0.17, 192.0, 0.0, 0.0, 0.0, 0.0, 0.0, 0.0, 0.0, 0.0, 0.0, 1.741116419117376E9, 0.0, 2025-03-04 13:26:59.117
125.0, -66775.2107113851, -62188.2304177559, -57754.985422490296, -59322.915592541176, -67477.94955705995, -63898.29533079807, -72604.43390660691, -68410.21846654636, 0.07, 0.962, -0.17, 192.0, 0.0, 0.0, 0.0, 0.0, 0.0, 0.0, 0.0, 0.0, 0.0, 1.741116419117397E9, 0.0, 2025-03-04 13:26:59.117
126.0, -66771.92500495017, -62127.72424551538, -57748.883396253994, -59313.12552846975, -67471.31108895673, -63894.94256912978, -72598.17541815942, -68408.40797524547, 0.07, 0.962, -0.17, 192.0, 0.0, 0.0, 0.0, 0.0, 0.0, 0.0, 0.0, 0.0, 0.0, 1.741116419117418E9, 0.0, 2025-03-04 13:26:59.117
127.0, -66765.35359208031, -62129.04299843824, -57745.21771016333, -59307.82816503384, -67468.04773426625, -63887.342976014974, -72589.83821747759, -68401.43423097543, 0.07200000000000001, 0.964, -0.17200000000000001, 192.0, 2.0, 64.0, 30.0, 32.0, 250.0, 160.0, 0.0, 0.0, 0.0, 1.741116419117442E9, 0.0, 2025-03-04 13:26:59.117
128.0, -66770.62860377177, -62184.430621198495, -57748.391657875974, -59315.427758148646, -67469.79117033377, -63886.96299635923, -72577.38829581598, -68399.71314665236, 0.07200000000000001, 0.964, -0.17200000000000001, 192.0, 0.0, 0.0, 0.0, 0.0, 0.0, 0.0, 0.0, 0.0, 0.0, 1.741116419117465E9, 0.0, 2025-03-04 13:26:59.117
129.0, -66761.0620571449, -62192.343138735676, -57737.931041470896, -59302.68726380912, -67462.86212955262, -63870.02037406211, -72578.43882780538, -68367.66074510345, 0.07200000000000001, 0.964, -0.17200000000000001, 192.0, 0.0, 0.0, 0.0, 0.0, 0.0, 0.0, 0.0, 0.0, 0.0, 1.74111641911749E9, 0.0, 2025-03-04 13:26:59.117
130.0, -66771.90265320572, -62122.35982684611, -57743.85425375155, -59297.83693526232, -67469.74646684485, -63879.586920688984, -72584.58555753059, -68386.19034125691, 0.07200000000000001, 0.964, -0.17200000000000001, 192.0, 0.0, 0.0, 0.0, 0.0, 0.0, 0.0, 0.0, 0.0, 0.0, 1.741116419117511E9, 0.0, 2025-03-04 13:26:59.117
131.0, -66766.38177232526, -62107.04888189422, -57738.10985542653, -59291.10906018127, -67459.88934754007, -63876.01064157613, -72580.91987143992, -68398.26028326277, 0.07200000000000001, 0.964, -0.17200000000000001, 192.0, 0.0, 0.0, 0.0, 0.0, 0.0, 0.0, 0.0, 0.0, 0.0, 1.741116419117537E9, 0.0, 2025-03-04 13:26:59.117
132.0, -66759.56449026639, -62153.58521385017, -57735.2264803918, -59291.220818903545, -67459.03998125077, -63873.41783921931, -72580.65165050646, -68402.46241122036, 0.07200000000000001, 0.964, -0.17200000000000001, 192.0, 0.0, 0.0, 0.0, 0.0, 0.0, 0.0, 0.0, 0.0, 0.0, 1.741116419117559E9, 0.0, 2025-03-04 13:26:59.117
133.0, -66767.00762117, -62187.35869972214, -57743.653088051455, -59304.36364464327, -67469.45589416694, -63881.129191056396, -72591.89457796748, -68401.63539667551, 0.07200000000000001, 0.964, -0.17200000000000001, 192.0, 0.0, 0.0, 0.0, 0.0, 0.0, 0.0, 0.0, 0.0, 0.0, 1.74111641911758E9, 0.0, 2025-03-04 13:26:59.117
134.0, -66762.73843797905, -62128.88653622706, -57734.95825945834, -59282.36952809925, -67463.53268188628, -63872.90374909685, -72589.52529305522, -68391.33124248162, 0.07200000000000001, 0.964, -0.17200000000000001, 192.0, 0.0, 0.0, 0.0, 0.0, 0.0, 0.0, 0.0, 0.0, 0.0, 1.741116419177787E9, 0.0, 2025-03-04 13:26:59.177
135.0, -66749.48385351704, -62096.72237595587, -57727.73864599928, -59271.28306284941, -67455.64251609356, -63872.076734552, -72582.0821621516, -68390.95126282588, 0.07200000000000001, 0.964, -0.17200000000000001, 192.0, 0.0, 0.0, 0.0, 0.0, 0.0, 0.0, 0.0, 0.0, 0.0, 1.741116419177861E9, 0.0, 2025-03-04 13:26:59.177
136.0, -66748.67919071665, -62149.38308589257, -57728.56566054412, -59289.700900280586, -67452.17799570298, -63878.759906144136, -72588.0277261767, -68393.11938203804, 0.07200000000000001, 0.964, -0.17200000000000001, 192.0, 0.0, 0.0, 0.0, 0.0, 0.0, 0.0, 0.0, 0.0, 0.0, 1.741116419177882E9, 0.0, 2025-03-04 13:26:59.177
137.0, -66755.0047343975, -62191.8290486132, -57730.89024196747, -59300.317978896855, -67454.72609457088, -63885.21956029172, -72601.08114493861, -68397.20975127337, 0.066, 0.96, -0.17400000000000002, 192.0, 2.0, 16.0, 30.0, 0.0, 250.0, 144.0, 0.0, 0.0, 0.0, 1.741116419177904E9, 0.0, 2025-03-04 13:26:59.177
138.0, -66775.99302244103, -62150.34421090415, -57740.61325080553, -59302.08376670883, -67462.16922547451, -63891.8803801394, -72594.6885460244, -68403.37883274304, 0.066, 0.96, -0.17400000000000002, 192.0, 0.0, 0.0, 0.0, 0.0, 0.0, 0.0, 0.0, 0.0, 0.0, 1.741116419177929E9, 0.0, 2025-03-04 13:26:59.177
139.0, -66775.99302244103, -62109.842849951136, -57746.11177994154, -59300.0944614523, -67461.83394930768, -63885.957167858745, -72589.79351398868, -68402.28359726473, 0.066, 0.96, -0.17400000000000002, 192.0, 0.0, 0.0, 0.0, 0.0, 0.0, 0.0, 0.0, 0.0, 0.0, 1.741116419177954E9, 0.0, 2025-03-04 13:26:59.177
140.0, -66760.27974608896, -62141.67173405549, -57743.04959095116, -59301.61438007527, -67455.06137073772, -63879.028127077596, -72591.02285993373, -68403.53529495421, 0.066, 0.96, -0.17400000000000002, 192.0, 0.0, 0.0, 0.0, 0.0, 0.0, 0.0, 0.0, 0.0, 0.0, 1.741116419177975E9, 0.0, 2025-03-04 13:26:59.177
141.0, -66762.73843797905, -62187.984548566885, -57746.84938750856, -59313.72902557004, -67457.25184169433, -63883.096144568466, -72590.24054887779, -68408.8997136235, 0.066, 0.96, -0.17400000000000002, 192.0, 0.0, 0.0, 0.0, 0.0, 0.0, 0.0, 0.0, 0.0, 0.0, 1.741116419177997E9, 0.0, 2025-03-04 13:26:59.177
142.0, -66761.64320250072, -62156.178016206984, -57746.11177994154, -59308.20814468958, -67460.98458301838, -63884.16902830232, -72593.59331054609, -68410.33022526864, 0.066, 0.96, -0.17400000000000002, 192.0, 0.0, 0.0, 0.0, 0.0, 0.0, 0.0, 0.0, 0.0, 0.0, 1.741116419178023E9, 0.0, 2025-03-04 13:26:59.178
143.0, -66767.6111182703, -62100.92450391347, -57749.308079398645, -59293.45599334908, -67464.35969643113, -63883.6772899243, -72591.5816535451, -68408.83265839012, 0.066, 0.96, -0.17400000000000002, 192.0, 0.0, 0.0, 0.0, 0.0, 0.0, 0.0, 0.0, 0.0, 0.0, 1.741116419178044E9, 0.0, 2025-03-04 13:26:59.178
144.0, -66750.91436516219, -62124.0138559358, -57739.942698471874, -59285.02938568943, -67450.68042882447, -63870.6238711624, -72576.51657778223, -68388.35846046907, 0.066, 0.96, -0.17400000000000002, 192.0, 0.0, 0.0, 0.0, 0.0, 0.0, 0.0, 0.0, 0.0, 0.0, 1.741116419178068E9, 0.0, 2025-03-04 13:26:59.178
145.0, -66752.18841459614, -62173.61237688213, -57738.60159380455, -59292.67368229314, -67448.33349565667, -63872.59082467447, -72575.26488009273, -68389.43134420292, 0.066, 0.96, -0.17400000000000002, 192.0, 0.0, 0.0, 0.0, 0.0, 0.0, 0.0, 0.0, 0.0, 0.0, 1.741116419178089E9, 0.0, 2025-03-04 13:26:59.178
146.0, -66759.1621588662, -62159.91075753102, -57744.99419271877, -59293.03131020443, -67459.50936788433, -63880.59274918947, -72592.07339192313, -68406.53042871124, 0.066, 0.96, -0.17400000000000002, 192.0, 0.0, 0.0, 0.0, 0.0, 0.0, 0.0, 0.0, 0.0, 0.0, 1.741116419178115E9, 0.0, 2025-03-04 13:26:59.178
147.0, -66770.40508632721, -62102.846753936625, -57753.17493118942, -59286.68341477912, -67471.80282733474, -63890.718089427726, -72601.17055191644, -68410.10670782407, 0.068, 0.962, -0.17, 192.0, 2.0, 32.0, 30.0, 16.0, 250.0, 176.0, 0.0, 0.0, 0.0, 1.741116419178139E9, 0.0, 2025-03-04 13:26:59.178
148.0, -66767.02997291446, -62127.523079815284, -57757.220596935826, -59294.55122882739, -67471.6240133791, -63894.07085109602, -72591.42519133392, -68405.3010827662, 0.068, 0.962, -0.17, 192.0, 0.0, 0.0, 0.0, 0.0, 0.0, 0.0, 0.0, 0.0, 0.0, 1.741116419178162E9, 0.0, 2025-03-04 13:26:59.178
149.0, -66754.58005125285, -62177.12160076161, -57748.391657875974, -59297.41225211767, -67460.67165859601, -63888.080583582, -72590.39701108898, -68409.27969327924, 0.068, 0.962, -0.17, 192.0, 0.0, 0.0, 0.0, 0.0, 0.0, 0.0, 0.0, 0.0, 0.0, 1.741116419237262E9, 0.0, 2025-03-04 13:26:59.237
150.0, -66745.81816742638, -62167.73386809038, -57735.829977492096, -59280.31316760936, -67449.7193038129, -63876.32356599851, -72579.19878711687, -68388.69373663589, 0.068, 0.962, -0.17, 192.0, 0.0, 0.0, 0.0, 0.0, 0.0, 0.0, 0.0, 0.0, 0.0, 1.741116419237333E9, 0.0, 2025-03-04 13:26:59.237
151.0, -66760.68207748915, -62107.65237899451, -57746.75998053074, -59285.3423101118, -67466.46076040993, -63892.238008050685, -72595.09087742459, -68408.98912060131, 0.068, 0.962, -0.17, 192.0, 0.0, 0.0, 0.0, 0.0, 0.0, 0.0, 0.0, 0.0, 0.0, 1.741116419237354E9, 0.0, 2025-03-04 13:26:59.237
152.0, -66767.99109792603, -62121.510460556805, -57752.4820271113, -59297.032272461925, -67466.75133308784, -63893.62381620691, -72600.85762749406, -68408.38562350102, 0.068, 0.962, -0.17, 192.0, 0.0, 0.0, 0.0, 0.0, 0.0, 0.0, 0.0, 0.0, 0.0, 1.741116419237375E9, 0.0, 2025-03-04 13:26:59.237
153.0, -66763.43134205716, -62178.350946706654, -57744.03306770719, -59300.56384808587, -67451.6192020916, -63879.83278987799, -72583.24445286328, -68387.71025987987, 0.068, 0.962, -0.17, 192.0, 0.0, 0.0, 0.0, 0.0, 0.0, 0.0, 0.0, 0.0, 0.0, 1.741116419237397E9, 0.0, 2025-03-04 13:26:59.237
154.0, -66775.81420848539, -62207.25175228736, -57751.92323349992, -59310.77859530194, -67460.53754812927, -63890.24870279416, -72587.04424942068, -68401.52363795324, 0.068, 0.962, -0.17, 192.0, 0.0, 0.0, 0.0, 0.0, 0.0, 0.0, 0.0, 0.0, 0.0, 1.741116419237418E9, 0.0, 2025-03-04 13:26:59.237
155.0, -66787.03478420195, -62158.45789414143, -57759.90280627046, -59307.98462724503, -67468.60652787764, -63895.70252844126, -72599.3377088711, -68416.38754801602, 0.068, 0.962, -0.17, 192.0, 0.0, 0.0, 0.0, 0.0, 0.0, 0.0, 0.0, 0.0, 0.0, 1.741116419237443E9, 0.0, 2025-03-04 13:26:59.237
156.0, -66777.13296140826, -62142.476396855884, -57753.778428289705, -59298.082804451326, -67457.58711786117, -63878.73755439968, -72590.10643841105, -68398.93083559643, 0.068, 0.962, -0.17, 192.0, 0.0, 0.0, 0.0, 0.0, 0.0, 0.0, 0.0, 0.0, 0.0, 1.741116419237464E9, 0.0, 2025-03-04 13:26:59.237
157.0, -66772.34968809482, -62189.0797840452, -57757.846445780575, -59307.15761270018, -67458.41413240602, -63878.51403695513, -72587.87126396553, -68395.95805358388, 0.07200000000000001, 0.966, -0.17200000000000001, 192.0, 2.0, 64.0, 30.0, 48.0, 250.0, 160.0, 0.0, 0.0, 0.0, 1.741116419237487E9, 0.0, 2025-03-04 13:26:59.237
158.0, -66758.64806874371, -62210.82803140021, -57746.75998053074, -59301.27910390843, -67447.52883285629, -63866.935833327276, -72570.34749631256, -68378.7919138422, 0.07200000000000001, 0.966, -0.17200000000000001, 192.0, 0.0, 0.0, 0.0, 0.0, 0.0, 0.0, 0.0, 0.0, 0.0, 1.741116419237511E9, 0.0, 2025-03-04 13:26:59.237
159.0, -66758.64806874371, -62145.985620735366, -57745.86591075253, -59287.75629851298, -67452.35680965862, -63869.28276649508, -72578.28236559419, -68387.79966685768, 0.07200000000000001, 0.966, -0.17200000000000001, 192.0, 0.0, 0.0, 0.0, 0.0, 0.0, 0.0, 0.0, 0.0, 0.0, 1.741116419237532E9, 0.0, 2025-03-04 13:26:59.237
160.0, -66774.24958637352, -62117.665960510494, -57762.40620164946, -59291.39963285919, -67464.85143480914, -63883.297310268565, -72596.65549953646, -68405.36813799955, 0.07200000000000001, 0.966, -0.17200000000000001, 192.0, 0.0, 0.0, 0.0, 0.0, 0.0, 0.0, 0.0, 0.0, 0.0, 1.741116419237556E9, 0.0, 2025-03-04 13:26:59.237
161.0, -66782.65384228872, -62167.6221093681, -57768.99996626377, -59309.325731912344, -67461.31985918521, -63880.41393523383, -72596.20846464735, -68399.0425943187, 0.07200000000000001, 0.966, -0.17200000000000001, 192.0, 0.0, 0.0, 0.0, 0.0, 0.0, 0.0, 0.0, 0.0, 0.0, 1.74111641923758E9, 0.0, 2025-03-04 13:26:59.237
162.0, -66756.88228093175, -62192.45489745795, -57751.38679163299, -59305.95061849959, -67450.88159452457, -63871.137961284876, -72583.46797030783, -68389.72191688084, 0.07200000000000001, 0.966, -0.17200000000000001, 192.0, 0.0, 0.0, 0.0, 0.0, 0.0, 0.0, 0.0, 0.0, 0.0, 1.741116419237604E9, 0.0, 2025-03-04 13:26:59.237
163.0, -66765.04066765793, -62149.897176015045, -57761.065096982136, -59312.96906625856, -67466.59487087667, -63892.41682200633, -72611.58646483261, -68419.00270211729, 0.07200000000000001, 0.966, -0.17200000000000001, 192.0, 0.0, 0.0, 0.0, 0.0, 0.0, 0.0, 0.0, 0.0, 0.0, 1.741116419237625E9, 0.0, 2025-03-04 13:26:59.237
164.0, -66766.00179266951, -62104.0090446483, -57759.723992314815, -59300.317978896855, -67464.38204817558, -63888.058231837545, -72607.3396333861, -68410.5537427132, 0.07200000000000001, 0.966, -0.17200000000000001, 192.0, 0.0, 0.0, 0.0, 0.0, 0.0, 0.0, 0.0, 0.0, 0.0, 1.741116419297554E9, 0.0, 2025-03-04 13:26:59.297
165.0, -66762.33610657885, -62142.699914300436, -57756.52769285771, -59307.13526095573, -67458.72705682839, -63889.75696441615, -72589.19001688839, -68407.2009810449, 0.07200000000000001, 0.966, -0.17200000000000001, 192.0, 0.0, 0.0, 0.0, 0.0, 0.0, 0.0, 0.0, 0.0, 0.0, 1.741116419297618E9, 0.0, 2025-03-04 13:26:59.297
166.0, -66757.86575768779, -62192.99133932488, -57748.682230553895, -59311.851479035795, -67449.76400730181, -63889.39933650486, -72561.11622585251, -68389.02901280273, 0.07200000000000001, 0.966, -0.17200000000000001, 192.0, 0.0, 0.0, 0.0, 0.0, 0.0, 0.0, 0.0, 0.0, 0.0, 1.741116419297639E9, 0.0, 2025-03-04 13:26:59.297
167.0, -66763.34193507933, -62172.65125187055, -57749.9786317323, -59313.460804636576, -67453.11676897011, -63898.183572075795, -72578.05884814964, -68409.01147234577, 0.076, 0.97, -0.18, 192.0, 2.0, 96.0, 30.0, 80.0, 250.0, 96.0, 0.0, 0.0, 0.0, 1.741116419297661E9, 0.0, 2025-03-04 13:26:59.297
168.0, -66774.56251079589, -62121.17518438998, -57758.49464636978, -59312.499679625, -67463.86795805312, -63909.96294140374, -72587.82656047662, -68414.97938811533, 0.076, 0.97, -0.18, 192.0, 0.0, 0.0, 0.0, 0.0, 0.0, 0.0, 0.0, 0.0, 0.0, 1.741116419297685E9, 0.0, 2025-03-04 13:26:59.297
169.0, -66768.14756013722, -62141.73878928886, -57752.459675366845, -59298.999225973996, -67458.25767019483, -63895.43430750779, -72586.86543546504, -68401.3448239976, 0.076, 0.97, -0.18, 192.0, 0.0, 0.0, 0.0, 0.0, 0.0, 0.0, 0.0, 0.0, 0.0, 1.741116419297706E9, 0.0, 2025-03-04 13:26:59.297
170.0, -66766.94056593663, -62199.36158649464, -57754.24781492327, -59310.376263901744, -67455.55310911573, -63898.340034286986, -72588.92179595493, -68406.12809731104, 0.076, 0.97, -0.18, 192.0, 0.0, 0.0, 0.0, 0.0, 0.0, 0.0, 0.0, 0.0, 0.0, 1.74111641929773E9, 0.0, 2025-03-04 13:26:59.297
171.0, -66764.43717055765, -62181.59194965267, -57743.54132932918, -59300.8991242527, -67446.59005958916, -63893.19913306226, -72579.01997316122, -68395.51101869477, 0.076, 0.97, -0.18, 192.0, 0.0, 0.0, 0.0, 0.0, 0.0, 0.0, 0.0, 0.0, 0.0, 1.741116419297752E9, 0.0, 2025-03-04 13:26:59.297
172.0, -66776.61887128578, -62119.99054193385, -57749.06221020964, -59302.910781253675, -67456.67069633851, -63904.486764012196, -72590.50876981125, -68417.52748698324, 0.076, 0.97, -0.18, 192.0, 0.0, 0.0, 0.0, 0.0, 0.0, 0.0, 0.0, 0.0, 0.0, 1.741116419297776E9, 0.0, 2025-03-04 13:26:59.297
173.0, -66766.09119964733, -62130.9652484614, -57744.86008225204, -59299.11098469627, -67451.66390558051, -63896.373080774916, -72585.36786858653, -68407.42449848945, 0.076, 0.97, -0.18, 192.0, 0.0, 0.0, 0.0, 0.0, 0.0, 0.0, 0.0, 0.0, 0.0, 1.741116419297798E9, 0.0, 2025-03-04 13:26:59.297
174.0, -66773.13199915076, -62185.01176655433, -57747.09525669757, -59306.77763304444, -67449.78635904627, -63890.583978960996, -72579.60111851706, -68386.63737614601, 0.076, 0.97, -0.18, 192.0, 0.0, 0.0, 0.0, 0.0, 0.0, 0.0, 0.0, 0.0, 0.0, 1.74111641929782E9, 0.0, 2025-03-04 13:26:59.297
175.0, -66780.21750214309, -62195.27121725932, -57746.67057355292, -59313.63961859222, -67447.99821948985, -63888.43821149328, -72571.66624923542, -68384.87158833403, 0.076, 0.97, -0.18, 192.0, 0.0, 0.0, 0.0, 0.0, 0.0, 0.0, 0.0, 0.0, 0.0, 1.741116419297845E9, 0.0, 2025-03-04 13:26:59.297
176.0, -66775.83656022984, -62130.451158338925, -57741.86494849503, -59305.81650803286, -67447.75235030084, -63885.823057392015, -72569.27461257871, -68381.42941968792, 0.076, 0.97, -0.18, 192.0, 0.0, 0.0, 0.0, 0.0, 0.0, 0.0, 0.0, 0.0, 0.0, 1.741116419297869E9, 0.0, 2025-03-04 13:26:59.297
177.0, -66779.77046725398, -62135.43559735246, -57749.95627998785, -59311.78442380243, -67451.01570499131, -63886.53831321458, -72567.5311765112, -68389.54310292519, 0.066, 0.978, -0.182, 192.0, 2.0, 16.0, 30.0, 144.0, 250.0, 80.0, 0.0, 0.0, 0.0, 1.741116419297895E9, 0.0, 2025-03-04 13:26:59.297
178.0, -66777.3117753639, -62188.09630728916, -57751.09621895507, -59318.132319227734, -67445.80774853322, -63877.843484621466, -72557.58465022859, -68379.73068710932, 0.066, 0.978, -0.182, 192.0, 0.0, 0.0, 0.0, 0.0, 0.0, 0.0, 0.0, 0.0, 0.0, 1.741116419297918E9, 0.0, 2025-03-04 13:26:59.297
179.0, -66773.06494391739, -62204.05545283025, -57753.085524211594, -59324.79313907542, -67451.50744336932, -63876.725897398705, -72561.60796423054, -68380.78121909872, 0.066, 0.978, -0.182, 192.0, 0.0, 0.0, 0.0, 0.0, 0.0, 0.0, 0.0, 0.0, 0.0, 1.741116419357792E9, 0.0, 2025-03-04 13:26:59.357
180.0, -66776.50711256351, -62140.598850321636, -57755.94654750187, -59320.14397622871, -67463.42092316401, -63883.721993413215, -72568.7828742007, -68390.54893142568, 0.066, 0.978, -0.182, 192.0, 0.0, 0.0, 0.0, 0.0, 0.0, 0.0, 0.0, 0.0, 0.0, 1.741116419357842E9, 0.0, 2025-03-04 13:26:59.357
181.0, -66773.78019973997, -62123.477414068875, -57753.934890500896, -59315.07013023736, -67464.49380689787, -63885.465429480726, -72568.7828742007, -68391.37594597053, 0.066, 0.978, -0.182, 192.0, 0.0, 0.0, 0.0, 0.0, 0.0, 0.0, 0.0, 0.0, 0.0, 1.741116419357865E9, 0.0, 2025-03-04 13:26:59.357
182.0, -66759.98917341104, -62169.87963555809, -57739.67447753841, -59311.47149938006, -67451.26157418032, -63872.389658974374, -72556.04237986117, -68370.47706490482, 0.066, 0.978, -0.182, 192.0, 0.0, 0.0, 0.0, 0.0, 0.0, 0.0, 0.0, 0.0, 0.0, 1.741116419357888E9, 0.0, 2025-03-04 13:26:59.357
183.0, -66763.45369380161, -62198.892199861075, -57742.62490780651, -59318.08761573883, -67458.01180100582, -63878.42462997731, -72565.45246427685, -68373.36043993956, 0.066, 0.978, -0.182, 192.0, 0.0, 0.0, 0.0, 0.0, 0.0, 0.0, 0.0, 0.0, 0.0, 1.74111641935791E9, 0.0, 2025-03-04 13:26:59.357
184.0, -66756.54700476491, -62140.464739854906, -57729.43737857788, -59300.809717274875, -67450.68042882447, -63871.69675489626, -72562.90436540895, -68372.10874225006, 0.066, 0.978, -0.182, 192.0, 0.0, 0.0, 0.0, 0.0, 0.0, 0.0, 0.0, 0.0, 0.0, 1.741116419357935E9, 0.0, 2025-03-04 13:26:59.357
185.0, -66765.53240603596, -62109.060538895195, -57735.04766643616, -59297.68047305113, -67459.64347835106, -63881.66563292332, -72573.07440913611, -68382.61406214406, 0.066, 0.978, -0.182, 192.0, 0.0, 0.0, 0.0, 0.0, 0.0, 0.0, 0.0, 0.0, 0.0, 1.741116419357965E9, 0.0, 2025-03-04 13:26:59.357
186.0, -66741.3031150464, -62154.18871095046, -57725.391712831464, -59302.30728415338, -67448.26644042331, -63880.52569395611, -72558.9257548959, -68383.39637319998, 0.066, 0.978, -0.182, 192.0, 0.0, 0.0, 0.0, 0.0, 0.0, 0.0, 0.0, 0.0, 0.0, 1.741116419357986E9, 0.0, 2025-03-04 13:26:59.357
187.0, -66749.37209479477, -62193.88540910309, -57724.631753519985, -59301.90495275318, -67449.38402764607, -63888.59467370447, -72558.59047872908, -68381.63058538802, 0.074, 0.97, -0.18, 192.0, 2.0, 80.0, 30.0, 80.0, 250.0, 96.0, 0.0, 0.0, 0.0, 1.741116419358011E9, 0.0, 2025-03-04 13:26:59.358
188.0, -66746.86869941578, -62152.6687923275, -57717.34508482755, -59295.26648464996, -67447.43942587846, -63888.952301615755, -72560.04334211866, -68372.7345910948, 0.074, 0.97, -0.18, 192.0, 0.0, 0.0, 0.0, 0.0, 0.0, 0.0, 0.0, 0.0, 0.0, 1.741116419358034E9, 0.0, 2025-03-04 13:26:59.358
189.0, -66746.98045813804, -62102.511477769796, -57717.23332610528, -59285.9458072121, -67447.9758677454, -63888.97465336021, -72563.59726948706, -68378.74721035328, 0.074, 0.97, -0.18, 192.0, 0.0, 0.0, 0.0, 0.0, 0.0, 0.0, 0.0, 0.0, 0.0, 1.741116419358055E9, 0.0, 2025-03-04 13:26:59.358
190.0, -66749.5509087504, -62142.25287941133, -57725.838747720576, -59298.97687422954, -67451.48509162487, -63889.868723138425, -72576.47187429332, -68392.67234714894, 0.074, 0.97, -0.18, 192.0, 0.0, 0.0, 0.0, 0.0, 0.0, 0.0, 0.0, 0.0, 0.0, 1.74111641935808E9, 0.0, 2025-03-04 13:26:59.358
191.0, -66751.96489715159, -62190.64440615707, -57728.49860531076, -59309.14691795671, -67451.35098115815, -63888.97465336021, -72579.95874642834, -68396.47214370634, 0.074, 0.97, -0.18, 192.0, 0.0, 0.0, 0.0, 0.0, 0.0, 0.0, 0.0, 0.0, 0.0, 1.741116419358104E9, 0.0, 2025-03-04 13:26:59.358
192.0, -66747.13692034924, -62162.16828372101, -57715.132262126484, -59295.69116779461, -67437.17997517348, -63875.07186830901, -72545.11237682252, -68358.8318060436, 0.074, 0.97, -0.18, 192.0, 0.0, 0.0, 0.0, 0.0, 0.0, 0.0, 0.0, 0.0, 0.0, 1.741116419358129E9, 0.0, 2025-03-04 13:26:59.358
193.0, -66745.25937381499, -62101.0586143802, -57716.83099470509, -59285.63288278972, -67443.34905664314, -63870.713278140225, -72557.78581592868, -68357.44599788738, 0.074, 0.97, -0.18, 192.0, 0.0, 0.0, 0.0, 0.0, 0.0, 0.0, 0.0, 0.0, 0.0, 1.741116419358151E9, 0.0, 2025-03-04 13:26:59.358
194.0, -66735.53636497693, -62116.72718724337, -57713.74645397025, -59285.67758627863, -67438.1634519295, -63863.851292592444, -72575.01901090372, -68354.78614029719, 0.074, 0.97, -0.18, 192.0, 0.0, 0.0, 0.0, 0.0, 0.0, 0.0, 0.0, 0.0, 0.0, 1.741116419418076E9, 0.0, 2025-03-04 13:26:59.418
195.0, -66739.00088536751, -62166.25865295633, -57711.75714871373, -59292.427813104136, -67433.17901291598, -63861.86198733592, -72548.10751057953, -68345.3313523926, 0.074, 0.97, -0.18, 192.0, 0.0, 0.0, 0.0, 0.0, 0.0, 0.0, 0.0, 0.0, 0.0, 1.741116419418131E9, 0.0, 2025-03-04 13:26:59.418
196.0, -66745.52759474845, -62160.223681953394, -57714.19348885936, -59298.30632189588, -67437.40349261803, -63871.137961284876, -72544.30771402213, -68361.80458805617, 0.074, 0.97, -0.18, 192.0, 0.0, 0.0, 0.0, 0.0, 0.0, 0.0, 0.0, 0.0, 0.0, 1.741116419418152E9, 0.0, 2025-03-04 13:26:59.418
197.0, -66737.52567023346, -62097.54939050072, -57711.24305859126, -59287.599836301786, -67435.66005655052, -63871.49558919616, -72541.67020817641, -68362.02810550072, 0.064, 0.968, -0.176, 192.0, 2.0, 0.0, 30.0, 64.0, 250.0, 128.0, 0.0, 0.0, 0.0, 1.741116419418174E9, 0.0, 2025-03-04 13:26:59.418
198.0, -66730.48487073003, -62104.947817915425, -57705.677474221884, -59282.81656298835, -67426.58524830166, -63863.11368502542, -72528.92971383689, -68348.05826521615, 0.064, 0.968, -0.176, 192.0, 0.0, 0.0, 0.0, 0.0, 0.0, 0.0, 0.0, 0.0, 0.0, 1.741116419418197E9, 0.0, 2025-03-04 13:26:59.418
199.0, -66734.01644635397, -62163.41998141051, -57710.61720974651, -59298.93217074063, -67427.47931807987, -63864.7230106262, -72529.48850744826, -68344.54904133666, 0.064, 0.968, -0.176, 192.0, 0.0, 0.0, 0.0, 0.0, 0.0, 0.0, 0.0, 0.0, 0.0, 1.741116419418219E9, 0.0, 2025-03-04 13:26:59.418
200.0, -66738.03976035592, -62172.49478965936, -57719.44614880635, -59306.12943245524, -67435.14596642804, -63871.36147872943, -72543.99478959976, -68357.58010835412, 0.064, 0.968, -0.176, 192.0, 0.0, 0.0, 0.0, 0.0, 0.0, 0.0, 0.0, 0.0, 0.0, 1.741116419418244E9, 0.0, 2025-03-04 13:26:59.418
201.0, -66744.96880113707, -62107.451213294415, -57727.917459954915, -59300.16151668567, -67443.72903629889, -63880.145714300364, -72543.54775471066, -68367.25841370325, 0.064, 0.968, -0.176, 192.0, 0.0, 0.0, 0.0, 0.0, 0.0, 0.0, 0.0, 0.0, 0.0, 1.741116419418265E9, 0.0, 2025-03-04 13:26:59.418
202.0, -66738.21857431157, -62104.4113760485, -57730.912593711924, -59302.843726020306, -67442.7232077984, -63878.98342358869, -72543.79362389966, -68370.9911550273, 0.064, 0.968, -0.176, 192.0, 0.0, 0.0, 0.0, 0.0, 0.0, 0.0, 0.0, 0.0, 0.0, 1.74111641941829E9, 0.0, 2025-03-04 13:26:59.418
203.0, -66743.35947553629, -62151.95353650493, -57736.41112284793, -59308.36460690077, -67446.7241700559, -63874.33426074198, -72546.09585357856, -68353.53444260769, 0.064, 0.968, -0.176, 192.0, 0.0, 0.0, 0.0, 0.0, 0.0, 0.0, 0.0, 0.0, 0.0, 1.741116419418312E9, 0.0, 2025-03-04 13:26:59.418
204.0, -66734.61994345427, -62166.25865295633, -57727.93981169937, -59304.67656906564, -67439.50455659683, -63864.45478969274, -72537.64689417445, -68346.06895995962, 0.064, 0.968, -0.176, 192.0, 0.0, 0.0, 0.0, 0.0, 0.0, 0.0, 0.0, 0.0, 0.0, 1.741116419418334E9, 0.0, 2025-03-04 13:26:59.418
205.0, -66753.9542024081, -62113.01679766379, -57744.94948922986, -59304.45305162109, -67459.06233299522, -63884.23608353569, -72561.29503980816, -68378.52369290873, 0.064, 0.968, -0.176, 192.0, 0.0, 0.0, 0.0, 0.0, 0.0, 0.0, 0.0, 0.0, 0.0, 1.741116419418359E9, 0.0, 2025-03-04 13:26:59.418
206.0, -66757.1057983763, -62104.25491383731, -57750.33625964359, -59308.23049643404, -67461.34221092967, -63887.007699848145, -72567.03943813317, -68388.69373663589, 0.064, 0.968, -0.176, 192.0, 0.0, 0.0, 0.0, 0.0, 0.0, 0.0, 0.0, 0.0, 0.0, 1.74111641941838E9, 0.0, 2025-03-04 13:26:59.418
207.0, -66736.89982138871, -62146.7679317913, -57733.438340835375, -59297.948693984596, -67443.3714083876, -63867.271109494104, -72547.63812394597, -68348.99703848327, 0.068, 0.966, -0.18, 192.0, 2.0, 32.0, 30.0, 48.0, 250.0, 96.0, 0.0, 0.0, 0.0, 1.741116419418412E9, 0.0, 2025-03-04 13:26:59.418
208.0, -66735.31284753238, -62170.43842916947, -57728.208032632836, -59294.238304405015, -67442.3208763982, -63866.48879843817, -72550.54385072517, -68343.40910236945, 0.068, 0.966, -0.18, 192.0, 0.0, 0.0, 0.0, 0.0, 0.0, 0.0, 0.0, 0.0, 0.0, 1.741116419418436E9, 0.0, 2025-03-04 13:26:59.418
209.0, -66751.54021400693, -62121.912791957, -57739.40625660495, -59299.11098469627, -67461.38691441857, -63885.35367075845, -72588.31829885463, -68370.67823060491, 0.068, 0.966, -0.18, 192.0, 0.0, 0.0, 0.0, 0.0, 0.0, 0.0, 0.0, 0.0, 0.0, 1.741116419477422E9, 0.0, 2025-03-04 13:26:59.477
210.0, -66752.5013390185, -62092.96728288738, -57742.49079733978, -59303.22370567605, -67465.00789702033, -63892.88620863989, -72585.92666219792, -68379.3954109425, 0.068, 0.966, -0.18, 192.0, 0.0, 0.0, 0.0, 0.0, 0.0, 0.0, 0.0, 0.0, 0.0, 1.741116419477469E9, 0.0, 2025-03-04 13:26:59.477
211.0, -66736.63160045524, -62131.30052462823, -57726.03991342067, -59297.63576956222, -67448.37819914559, -63879.83278987799, -72553.85190890454, -68372.2875562057, 0.068, 0.966, -0.18, 192.0, 0.0, 0.0, 0.0, 0.0, 0.0, 0.0, 0.0, 0.0, 0.0, 1.741116419477491E9, 0.0, 2025-03-04 13:26:59.477
212.0, -66745.08055985934, -62177.54628390626, -57727.26925936571, -59313.192583703116, -67448.40055089004, -63887.767659159625, -72562.21146133084, -68375.10387600707, 0.068, 0.966, -0.18, 192.0, 0.0, 0.0, 0.0, 0.0, 0.0, 0.0, 0.0, 0.0, 0.0, 1.741116419477512E9, 0.0, 2025-03-04 13:26:59.477
213.0, -66737.57037372237, -62132.976905462376, -57714.707578981834, -59305.011845232475, -67439.43750136346, -63887.6782521818, -72547.88399313498, -68367.59368987009, 0.068, 0.966, -0.18, 192.0, 0.0, 0.0, 0.0, 0.0, 0.0, 0.0, 0.0, 0.0, 0.0, 1.741116419477533E9, 0.0, 2025-03-04 13:26:59.477
214.0, -66730.3507602633, -62075.19764604541, -57706.54919225565, -59281.7436792545, -67432.28494313777, -63881.08448756749, -72540.41851048691, -68362.07280898963, 0.068, 0.966, -0.18, 192.0, 0.0, 0.0, 0.0, 0.0, 0.0, 0.0, 0.0, 0.0, 0.0, 1.741116419477555E9, 0.0, 2025-03-04 13:26:59.477
215.0, -66730.68603643012, -62109.99931216232, -57709.56667775711, -59289.87971423623, -67429.5133268253, -63880.21276953373, -72539.99382734226, -68362.25162294527, 0.068, 0.966, -0.18, 192.0, 0.0, 0.0, 0.0, 0.0, 0.0, 0.0, 0.0, 0.0, 0.0, 1.741116419477584E9, 0.0, 2025-03-04 13:26:59.477
216.0, -66726.68507417262, -62159.44137089746, -57702.07884336458, -59291.10906018127, -67420.88555346556, -63874.15544678634, -72534.4729464618, -68357.133073465, 0.068, 0.966, -0.18, 192.0, 0.0, 0.0, 0.0, 0.0, 0.0, 0.0, 0.0, 0.0, 0.0, 1.741116419477606E9, 0.0, 2025-03-04 13:26:59.477
217.0, -66743.58299298084, -62138.1178066871, -57710.147823112944, -59292.78544101542, -67436.17414667299, -63884.10197306895, -72547.30284777914, -68369.49358814879, 0.068, 0.966, -0.188, 192.0, 2.0, 32.0, 30.0, 48.0, 250.0, 32.0, 0.0, 0.0, 0.0, 1.741116419477627E9, 0.0, 2025-03-04 13:26:59.477
218.0, -66757.86575768779, -62088.38517527404, -57722.64244826346, -59295.80292651689, -67450.21104219092, -63890.159295816346, -72553.74015018228, -68371.66170736095, 0.068, 0.966, -0.188, 192.0, 0.0, 0.0, 0.0, 0.0, 0.0, 0.0, 0.0, 0.0, 0.0, 1.741116419477654E9, 0.0, 2025-03-04 13:26:59.477
219.0, -66738.86677490077, -62106.53479177175, -57709.83489869058, -59286.86222873476, -67434.47541409438, -63864.23127224819, -72559.50690025174, -68359.85998628855, 0.068, 0.966, -0.188, 192.0, 0.0, 0.0, 0.0, 0.0, 0.0, 0.0, 0.0, 0.0, 0.0, 1.741116419477675E9, 0.0, 2025-03-04 13:26:59.477
220.0, -66744.29824880342, -62158.32378367469, -57711.44422429136, -59293.14306892671, -67433.33547512717, -63866.824074605, -72537.40102498545, -68350.27108791722, 0.068, 0.966, -0.188, 192.0, 0.0, 0.0, 0.0, 0.0, 0.0, 0.0, 0.0, 0.0, 0.0, 1.741116419477699E9, 0.0, 2025-03-04 13:26:59.477
221.0, -66748.47802501655, -62156.98267900738, -57710.438395790865, -59293.90302823819, -67434.85539375013, -63866.39939146035, -72516.77036485319, -68337.03885519969, 0.068, 0.966, -0.188, 192.0, 0.0, 0.0, 0.0, 0.0, 0.0, 0.0, 0.0, 0.0, 0.0, 1.74111641947772E9, 0.0, 2025-03-04 13:26:59.477
222.0, -66741.45957725758, -62085.010061861285, -57705.29749456615, -59276.133391396215, -67434.45306234993, -63856.78814134457, -72529.55556268163, -68345.26429715923, 0.068, 0.966, -0.188, 192.0, 0.0, 0.0, 0.0, 0.0, 0.0, 0.0, 0.0, 0.0, 0.0, 1.74111641947775E9, 0.0, 2025-03-04 13:26:59.477
223.0, -66746.84634767132, -62100.56687600218, -57717.34508482755, -59285.141144411704, -67442.05265546474, -63860.096199523956, -72533.40006272795, -68346.31482914863, 0.068, 0.966, -0.188, 192.0, 0.0, 0.0, 0.0, 0.0, 0.0, 0.0, 0.0, 0.0, 0.0, 1.741116419477772E9, 0.0, 2025-03-04 13:26:59.477
224.0, -66738.21857431157, -62149.897176015045, -57712.60651500303, -59288.583313057825, -67436.64353330655, -63851.60253663094, -72526.76159462471, -68326.86881147252, 0.068, 0.966, -0.188, 192.0, 0.0, 0.0, 0.0, 0.0, 0.0, 0.0, 0.0, 0.0, 0.0, 1.741116419537958E9, 0.0, 2025-03-04 13:26:59.537
225.0, -66734.30701903188, -62151.573556849195, -57709.23140159028, -59285.007033944974, -67436.91175424, -63851.0213912751, -72534.2270772728, -68333.41787259793, 0.068, 0.966, -0.188, 192.0, 0.0, 0.0, 0.0, 0.0, 0.0, 0.0, 0.0, 0.0, 0.0, 1.741116419538033E9, 0.0, 2025-03-04 13:26:59.538
226.0, -66741.23605981303, -62086.9546636289, -57714.215840603814, -59278.48032456402, -67442.79026303175, -63860.34206871296, -72537.57983894108, -68341.84448025757, 0.068, 0.966, -0.188, 192.0, 0.0, 0.0, 0.0, 0.0, 0.0, 0.0, 0.0, 0.0, 0.0, 1.741116419538061E9, 0.0, 2025-03-04 13:26:59.538
227.0, -66734.754053921, -62081.63494844854, -57713.36647431451, -59275.55224604038, -67436.48707109535, -63860.20795824623, -72537.35632149653, -68344.05730295865, 0.07200000000000001, 0.97, -0.186, 192.0, 2.0, 64.0, 30.0, 80.0, 250.0, 48.0, 0.0, 0.0, 0.0, 1.741116419538088E9, 0.0, 2025-03-04 13:26:59.538
228.0, -66739.76084467898, -62133.468643840395, -57720.8766604515, -59289.5444380694, -67439.48220485238, -63867.40521996084, -72543.05601633263, -68353.19916644087, 0.07200000000000001, 0.97, -0.186, 192.0, 0.0, 0.0, 0.0, 0.0, 0.0, 0.0, 0.0, 0.0, 0.0, 1.741116419538111E9, 0.0, 2025-03-04 13:26:59.538
229.0, -66750.93671690664, -62164.649327355546, -57728.275087866205, -59301.27910390843, -67442.79026303175, -63878.80460963304, -72547.30284777914, -68361.89399503398, 0.07200000000000001, 0.97, -0.186, 192.0, 0.0, 0.0, 0.0, 0.0, 0.0, 0.0, 0.0, 0.0, 0.0, 1.741116419538132E9, 0.0, 2025-03-04 13:26:59.538
230.0, -66745.70640870409, -62098.085832367644, -57719.2226313618, -59286.415193845656, -67442.09735895364, -63878.64814742186, -72547.43695824587, -68368.21953871484, 0.07200000000000001, 0.97, -0.186, 192.0, 0.0, 0.0, 0.0, 0.0, 0.0, 0.0, 0.0, 0.0, 0.0, 1.741116419538159E9, 0.0, 2025-03-04 13:26:59.538
231.0, -66739.13499583423, -62072.44838147741, -57718.26150635022, -59280.87196122074, -67439.70572229693, -63874.53542644208, -72542.43016748788, -68369.20301547086, 0.07200000000000001, 0.97, -0.186, 192.0, 0.0, 0.0, 0.0, 0.0, 0.0, 0.0, 0.0, 0.0, 0.0, 1.74111641953818E9, 0.0, 2025-03-04 13:26:59.538
232.0, -66726.72977766155, -62114.67082675348, -57703.576410243084, -59276.468667563044, -67423.29954186673, -63857.92808031179, -72520.77132711069, -68341.44214885737, 0.07200000000000001, 0.97, -0.186, 192.0, 0.0, 0.0, 0.0, 0.0, 0.0, 0.0, 0.0, 0.0, 0.0, 1.741116419538202E9, 0.0, 2025-03-04 13:26:59.538
233.0, -66730.66368468567, -62145.89621375754, -57702.5705817426, -59279.46380132005, -67426.38408260157, -63861.70552512474, -72526.5157254357, -68345.19724192587, 0.07200000000000001, 0.97, -0.186, 192.0, 0.0, 0.0, 0.0, 0.0, 0.0, 0.0, 0.0, 0.0, 0.0, 1.741116419538227E9, 0.0, 2025-03-04 13:26:59.538
234.0, -66746.8016441824, -62099.29282656823, -57710.90778242443, -59278.726193753035, -67440.9127164975, -63874.73659214218, -72544.24065878877, -68363.45861714585, 0.07200000000000001, 0.97, -0.186, 192.0, 0.0, 0.0, 0.0, 0.0, 0.0, 0.0, 0.0, 0.0, 0.0, 1.741116419538248E9, 0.0, 2025-03-04 13:26:59.538
235.0, -66747.02516162695, -62068.04508781971, -57712.00301790274, -59272.89238845019, -67441.2703444088, -63874.133095041885, -72544.19595529986, -68363.97270726833, 0.07200000000000001, 0.97, -0.186, 192.0, 0.0, 0.0, 0.0, 0.0, 0.0, 0.0, 0.0, 0.0, 0.0, 1.741116419538272E9, 0.0, 2025-03-04 13:26:59.538
236.0, -66740.05141735691, -62109.64168425104, -57709.387863801465, -59274.233493117514, -67436.91175424, -63870.48976069567, -72535.74699589575, -68359.83763454409, 0.07200000000000001, 0.97, -0.186, 192.0, 0.0, 0.0, 0.0, 0.0, 0.0, 0.0, 0.0, 0.0, 0.0, 1.741116419538293E9, 0.0, 2025-03-04 13:26:59.538
237.0, -66738.21857431157, -62153.11582721661, -57704.38107304348, -59276.71453675206, -67430.74267277034, -63863.33720246997, -72526.4710219468, -68355.30023041967, 0.07200000000000001, 0.966, -0.182, 192.0, 2.0, 64.0, 30.0, 48.0, 250.0, 80.0, 0.0, 0.0, 0.0, 1.741116419538322E9, 0.0, 2025-03-04 13:26:59.538
238.0, -66746.44401627113, -62117.86712621059, -57704.291666065656, -59269.696088993085, -67436.15179492853, -63865.28180423759, -72536.7751761407, -68358.54123336569, 0.07200000000000001, 0.966, -0.182, 192.0, 0.0, 0.0, 0.0, 0.0, 0.0, 0.0, 0.0, 0.0, 0.0, 1.741116419538345E9, 0.0, 2025-03-04 13:26:59.538
239.0, -66747.33808604933, -62070.32496575415, -57704.51518351021, -59268.2879290924, -67437.22467866239, -63863.06898153651, -72539.50208896423, -68358.63064034352, 0.07200000000000001, 0.966, -0.182, 192.0, 0.0, 0.0, 0.0, 0.0, 0.0, 0.0, 0.0, 0.0, 0.0, 1.741116419598198E9, 0.0, 2025-03-04 13:26:59.598
240.0, -66734.41877775417, -62099.44928877942, -57699.329578796576, -59271.08189714931, -67431.27911463728, -63855.625850632896, -72536.23873427376, -68351.81335828463, 0.07200000000000001, 0.966, -0.182, 192.0, 0.0, 0.0, 0.0, 0.0, 0.0, 0.0, 0.0, 0.0, 0.0, 1.741116419598244E9, 0.0, 2025-03-04 13:26:59.598
241.0, -66733.77057716496, -62156.28977492926, -57700.40246253043, -59284.58235080032, -67431.54733557074, -63861.92904256929, -72534.00355982824, -68354.27205017472, 0.07200000000000001, 0.966, -0.182, 192.0, 0.0, 0.0, 0.0, 0.0, 0.0, 0.0, 0.0, 0.0, 0.0, 1.74111641959827E9, 0.0, 2025-03-04 13:26:59.598
242.0, -66737.68213244464, -62139.548318332236, -57702.52587825369, -59278.94971119759, -67438.23050716288, -63864.45478969274, -72555.03655136068, -68371.95228003887, 0.07200000000000001, 0.966, -0.182, 192.0, 0.0, 0.0, 0.0, 0.0, 0.0, 0.0, 0.0, 0.0, 0.0, 1.741116419598292E9, 0.0, 2025-03-04 13:26:59.598
243.0, -66739.76084467898, -62077.879855380044, -57699.396634029945, -59268.019708158936, -67436.08473969517, -63857.279879722584, -72560.87035666351, -68360.44113164439, 0.07200000000000001, 0.966, -0.182, 192.0, 0.0, 0.0, 0.0, 0.0, 0.0, 0.0, 0.0, 0.0, 0.0, 1.741116419598313E9, 0.0, 2025-03-04 13:26:59.598
244.0, -66749.86383317279, -62105.081928382155, -57705.69982596634, -59274.792286728894, -67436.4647193509, -63858.196301245254, -72533.57887668359, -68348.19237568288, 0.07200000000000001, 0.966, -0.182, 192.0, 0.0, 0.0, 0.0, 0.0, 0.0, 0.0, 0.0, 0.0, 0.0, 1.741116419598335E9, 0.0, 2025-03-04 13:26:59.598
245.0, -66744.32060054787, -62164.425809910994, -57706.28097132218, -59285.20819964507, -67433.04490244924, -63861.30319372454, -72536.8198796296, -68368.15248348146, 0.07200000000000001, 0.966, -0.182, 192.0, 0.0, 0.0, 0.0, 0.0, 0.0, 0.0, 0.0, 0.0, 0.0, 1.741116419598359E9, 0.0, 2025-03-04 13:26:59.598
246.0, -66756.77052220947, -62168.694993101955, -57714.05937839262, -59295.914685239164, -67436.48707109535, -63867.695792638755, -72544.57593495559, -68367.10195149208, 0.07200000000000001, 0.966, -0.182, 192.0, 0.0, 0.0, 0.0, 0.0, 0.0, 0.0, 0.0, 0.0, 0.0, 1.741116419598381E9, 0.0, 2025-03-04 13:26:59.598
247.0, -66761.12911237826, -62103.04791963672, -57717.166270871916, -59286.415193845656, -67436.53177458428, -63867.62873740539, -72541.78196689868, -68362.49749213428, 0.07200000000000001, 0.968, -0.19, 192.0, 2.0, 64.0, 30.0, 64.0, 250.0, 16.0, 0.0, 0.0, 0.0, 1.741116419598406E9, 0.0, 2025-03-04 13:26:59.598
248.0, -66754.84827218631, -62106.28892258274, -57720.83195696258, -59279.21793213105, -67432.19553615994, -63861.19143500226, -72533.26595226121, -68360.15055896647, 0.07200000000000001, 0.968, -0.19, 192.0, 0.0, 0.0, 0.0, 0.0, 0.0, 0.0, 0.0, 0.0, 0.0, 1.741116419598433E9, 0.0, 2025-03-04 13:26:59.598
249.0, -66750.46733027308, -62159.10609473063, -57721.971895929804, -59289.566789813856, -67428.21692564689, -63855.58114714398, -72538.63037093048, -68360.88816653349, 0.07200000000000001, 0.968, -0.19, 192.0, 0.0, 0.0, 0.0, 0.0, 0.0, 0.0, 0.0, 0.0, 0.0, 1.741116419598453E9, 0.0, 2025-03-04 13:26:59.598
250.0, -66760.19033911114, -62172.897121059556, -57730.39850358946, -59297.43460386212, -67441.69502755345, -63864.05245829254, -72545.62646694499, -68364.75501832426, 0.07200000000000001, 0.968, -0.19, 192.0, 0.0, 0.0, 0.0, 0.0, 0.0, 0.0, 0.0, 0.0, 0.0, 1.741116419598477E9, 0.0, 2025-03-04 13:26:59.598
251.0, -66769.89099620473, -62116.749538987824, -57739.00392520475, -59301.03323471943, -67453.80967304822, -63875.63066192039, -72558.25520256224, -68375.0368207737, 0.07200000000000001, 0.968, -0.19, 192.0, 0.0, 0.0, 0.0, 0.0, 0.0, 0.0, 0.0, 0.0, 0.0, 1.741116419598499E9, 0.0, 2025-03-04 13:26:59.598
252.0, -66778.07173467538, -62119.99054193385, -57747.207015419845, -59311.49385112451, -67457.18478646097, -63883.52082771312, -72562.9267171534, -68370.65587886046, 0.07200000000000001, 0.968, -0.19, 192.0, 0.0, 0.0, 0.0, 0.0, 0.0, 0.0, 0.0, 0.0, 0.0, 1.741116419598526E9, 0.0, 2025-03-04 13:26:59.598
253.0, -66777.04355443043, -62171.19838848095, -57739.160387415934, -59314.69015058162, -67443.86314676561, -63876.18945553178, -72548.71100767983, -68364.24092820179, 0.07200000000000001, 0.968, -0.19, 192.0, 0.0, 0.0, 0.0, 0.0, 0.0, 0.0, 0.0, 0.0, 0.0, 1.741116419598547E9, 0.0, 2025-03-04 13:26:59.598
254.0, -66773.78019973997, -62188.833914856186, -57732.29840186816, -59303.469574865056, -67443.39376013205, -63873.3284322415, -72553.0695978486, -68363.61507935704, 0.07200000000000001, 0.968, -0.19, 192.0, 0.0, 0.0, 0.0, 0.0, 0.0, 0.0, 0.0, 0.0, 0.0, 1.741116419657775E9, 0.0, 2025-03-04 13:26:59.657
255.0, -66764.03483915745, -62122.71745475739, -57731.069055923115, -59293.92537998264, -67452.24505093636, -63884.68311842479, -72563.3290485536, -68374.8356550736, 0.07200000000000001, 0.968, -0.19, 192.0, 0.0, 0.0, 0.0, 0.0, 0.0, 0.0, 0.0, 0.0, 0.0, 1.741116419657807E9, 0.0, 2025-03-04 13:26:59.657
0.0, -66766.1582548807, -62101.32683531366, -57738.48983508228, -59298.708653296075, -67455.21783294891, -63888.035880093084, -72569.78870270117, -68381.60823364356, 0.07200000000000001, 0.968, -0.19, 192.0, 0.0, 0.0, 0.0, 0.0, 0.0, 0.0, 0.0, 0.0, 0.0, 1.74111641965785E9, 0.0, 2025-03-04 13:26:59.657
1.0, -66763.99013566854, -62140.68825729946, -57732.63367803499, -59295.62411256124, -67450.9710015024, -63881.330356756494, -72556.19884207235, -68373.9862887843, 0.068, 0.968, -0.188, 192.0, 2.0, 32.0, 30.0, 64.0, 250.0, 32.0, 0.0, 0.0, 0.0, 1.741116419657871E9, 0.0, 2025-03-04 13:26:59.657
2.0, -66762.71608623458, -62179.043850784765, -57731.40433208994, -59302.73196729803, -67449.09345496816, -63883.990214346675, -72553.53898448218, -68377.40610568596, 0.068, 0.968, -0.188, 192.0, 0.0, 0.0, 0.0, 0.0, 0.0, 0.0, 0.0, 0.0, 0.0, 1.741116419657894E9, 0.0, 2025-03-04 13:26:59.657
3.0, -66760.95029842261, -62126.83017573717, -57724.877622709, -59293.56775207136, -67444.80192003274, -63884.481952724695, -72556.91409789493, -68385.29627147868, 0.068, 0.968, -0.188, 192.0, 0.0, 0.0, 0.0, 0.0, 0.0, 0.0, 0.0, 0.0, 0.0, 1.741116419657916E9, 0.0, 2025-03-04 13:26:59.657
4.0, -66747.91923140518, -62081.27732053725, -57718.12739588349, -59279.77672574243, -67440.6668473085, -63879.47516196671, -72552.10847283703, -68367.37017242554, 0.068, 0.968, -0.188, 192.0, 0.0, 0.0, 0.0, 0.0, 0.0, 0.0, 0.0, 0.0, 0.0, 1.741116419657942E9, 0.0, 2025-03-04 13:26:59.657
5.0, -66741.68309470214, -62123.678579768966, -57712.51710802521, -59286.52695256793, -67433.22371640489, -63874.15544678634, -72548.66630419092, -68367.92896603691, 0.068, 0.968, -0.188, 192.0, 0.0, 0.0, 0.0, 0.0, 0.0, 0.0, 0.0, 0.0, 0.0, 1.741116419657964E9, 0.0, 2025-03-04 13:26:59.657
6.0, -66744.11943484777, -62170.3266704472, -57711.198355102344, -59295.780574772434, -67433.82721350518, -63876.83765612098, -72544.91121112242, -68359.79293105518, 0.068, 0.968, -0.188, 192.0, 0.0, 0.0, 0.0, 0.0, 0.0, 0.0, 0.0, 0.0, 0.0, 1.741116419657984E9, 0.0, 2025-03-04 13:26:59.657
7.0, -66757.28461233195, -62141.24705091084, -57719.2226313618, -59291.53374332592, -67443.5725740877, -63881.44211547877, -72540.97730409828, -68360.6870008334, 0.068, 0.968, -0.188, 192.0, 0.0, 0.0, 0.0, 0.0, 0.0, 0.0, 0.0, 0.0, 0.0, 1.741116419658014E9, 0.0, 2025-03-04 13:26:59.658
8.0, -66757.21755709859, -62090.50859099729, -57722.553041285646, -59287.08574617931, -67445.76304504431, -63878.29051951057, -72548.80041465764, -68368.77833232621, 0.068, 0.968, -0.188, 192.0, 0.0, 0.0, 0.0, 0.0, 0.0, 0.0, 0.0, 0.0, 0.0, 1.741116419658035E9, 0.0, 2025-03-04 13:26:59.658
9.0, -66753.12718786325, -62115.922524442976, -57718.50737553923, -59290.93024622563, -67438.65519030753, -63868.478103694695, -72543.54775471066, -68364.5315008797, 0.068, 0.968, -0.188, 192.0, 0.0, 0.0, 0.0, 0.0, 0.0, 0.0, 0.0, 0.0, 0.0, 1.741116419658056E9, 0.0, 2025-03-04 13:26:59.658
10.0, -66755.38471405325, -62161.721248831906, -57718.26150635022, -59294.35006312729, -67440.6668473085, -63865.79589436006, -72542.22900178778, -68350.15932919495, 0.068, 0.968, -0.188, 192.0, 0.0, 0.0, 0.0, 0.0, 0.0, 0.0, 0.0, 0.0, 0.0, 1.741116419658081E9, 0.0, 2025-03-04 13:26:59.658
11.0, -66746.3546092933, -62142.31993464469, -57713.67939873689, -59287.242208390504, -67436.4647193509, -63863.00192630314, -72532.90832434992, -68342.67149480242, 0.07, 0.968, -0.188, 192.0, 2.0, 48.0, 30.0, 64.0, 250.0, 32.0, 0.0, 0.0, 0.0, 1.741116419658105E9, 0.0, 2025-03-04 13:26:59.658
12.0, -66761.77731296746, -62084.2053990609, -57730.06322742262, -59289.902065980685, -67456.26836493831, -63877.64231892137, -72559.46219676283, -68364.19622471288, 0.07, 0.968, -0.188, 192.0, 0.0, 0.0, 0.0, 0.0, 0.0, 0.0, 0.0, 0.0, 0.0, 1.741116419658132E9, 0.0, 2025-03-04 13:26:59.658
13.0, -66764.70539149111, -62106.51244002729, -57737.55106181515, -59292.271350892945, -67457.29654518326, -63872.255548507645, -72581.00927841774, -68371.32643119412, 0.07, 0.968, -0.188, 192.0, 0.0, 0.0, 0.0, 0.0, 0.0, 0.0, 0.0, 0.0, 0.0, 1.741116419717454E9, 0.0, 2025-03-04 13:26:59.717
14.0, -66744.18649008113, -62144.77862653478, -57723.04477966366, -59280.73785075401, -67441.18093743098, -63858.01748728961, -72561.89853690845, -68354.69673331938, 0.07, 0.968, -0.188, 192.0, 0.0, 0.0, 0.0, 0.0, 0.0, 0.0, 0.0, 0.0, 0.0, 1.741116419717486E9, 0.0, 2025-03-04 13:26:59.717
15.0, -66744.18649008113, -62141.716437544404, -57719.04381740616, -59279.86613272025, -67434.22954490538, -63852.38484768687, -72539.18916454187, -68340.57043082362, 0.07, 0.968, -0.188, 192.0, 0.0, 0.0, 0.0, 0.0, 0.0, 0.0, 0.0, 0.0, 0.0, 1.741116419717528E9, 0.0, 2025-03-04 13:26:59.717
16.0, -66760.77148446697, -62085.74766942831, -57731.38198034549, -59281.00607168747, -67443.66198106551, -63867.38286821639, -72525.35343472403, -68359.50235837727, 0.07, 0.968, -0.188, 192.0, 0.0, 0.0, 0.0, 0.0, 0.0, 0.0, 0.0, 0.0, 0.0, 1.741116419717549E9, 0.0, 2025-03-04 13:26:59.717
17.0, -66759.83271119985, -62097.28116956725, -57731.203166389845, -59279.910836209165, -67436.91175424, -63861.68317338028, -72532.39423422745, -68357.91538452094, 0.07, 0.968, -0.188, 192.0, 0.0, 0.0, 0.0, 0.0, 0.0, 0.0, 0.0, 0.0, 0.0, 1.74111641971757E9, 0.0, 2025-03-04 13:26:59.717
18.0, -66742.01837086897, -62141.69408579994, -57714.5734685151, -59274.56876928434, -67421.42199533248, -63843.53355688257, -72526.5157254357, -68350.98634373979, 0.07, 0.968, -0.188, 192.0, 0.0, 0.0, 0.0, 0.0, 0.0, 0.0, 0.0, 0.0, 0.0, 1.741116419717592E9, 0.0, 2025-03-04 13:26:59.717
19.0, -66739.20205106761, -62154.434580139474, -57709.76784345721, -59276.133391396215, -67421.82432673268, -63850.97668778619, -72527.45449870283, -68357.58010835412, 0.07, 0.968, -0.188, 192.0, 0.0, 0.0, 0.0, 0.0, 0.0, 0.0, 0.0, 0.0, 0.0, 1.741116419717614E9, 0.0, 2025-03-04 13:26:59.717
20.0, -66745.48289125954, -62092.76611718728, -57706.951523655836, -59271.41717331615, -67429.73684426986, -63861.347897213454, -72550.94618212535, -68364.7326665798, 0.07, 0.968, -0.188, 192.0, 0.0, 0.0, 0.0, 0.0, 0.0, 0.0, 0.0, 0.0, 0.0, 1.741116419717639E9, 0.0, 2025-03-04 13:26:59.717
21.0, -66738.55385047839, -62078.88568388054, -57705.9233434109, -59259.92837666612, -67428.95453321392, -63851.93781279777, -72547.43695824587, -68356.77544555372, 0.076, 0.972, -0.184, 192.0, 2.0, 96.0, 30.0, 96.0, 250.0, 64.0, 0.0, 0.0, 0.0, 1.741116419717661E9, 0.0, 2025-03-04 13:26:59.717
22.0, -66727.4003299952, -62128.506556571316, -57702.79409918715, -59261.47064703354, -67425.0653296787, -63852.608365131426, -72536.55165869615, -68358.87650953252, 0.076, 0.972, -0.184, 192.0, 0.0, 0.0, 0.0, 0.0, 0.0, 0.0, 0.0, 0.0, 0.0, 1.741116419717687E9, 0.0, 2025-03-04 13:26:59.717
23.0, -66745.41583602618, -62161.497731387346, -57711.645389991456, -59273.09355415029, -67431.59203905964, -63863.091333280965, -72538.02687383018, -68362.94452702338, 0.076, 0.972, -0.184, 192.0, 0.0, 0.0, 0.0, 0.0, 0.0, 0.0, 0.0, 0.0, 0.0, 1.741116419717709E9, 0.0, 2025-03-04 13:26:59.717
24.0, -66741.32546679086, -62109.14994587302, -57711.69009348036, -59268.243225603495, -67436.59882981764, -63870.86974035141, -72544.35241751104, -68372.91340505045, 0.076, 0.972, -0.184, 192.0, 0.0, 0.0, 0.0, 0.0, 0.0, 0.0, 0.0, 0.0, 0.0, 1.74111641971773E9, 0.0, 2025-03-04 13:26:59.717
25.0, -66740.65491445719, -62079.71269842538, -57708.4714422788, -59261.71651622254, -67429.93800996995, -63864.09716178146, -72541.73726340977, -68371.52759689422, 0.076, 0.972, -0.184, 192.0, 0.0, 0.0, 0.0, 0.0, 0.0, 0.0, 0.0, 0.0, 0.0, 1.741116419717755E9, 0.0, 2025-03-04 13:26:59.717
26.0, -66733.74822542051, -62118.716492499894, -57706.41508178891, -59264.55518776837, -67429.58038205867, -63864.65595539284, -72541.67020817641, -68369.49358814879, 0.076, 0.972, -0.184, 192.0, 0.0, 0.0, 0.0, 0.0, 0.0, 0.0, 0.0, 0.0, 0.0, 1.741116419717778E9, 0.0, 2025-03-04 13:26:59.717
27.0, -66733.61411495377, -62154.859263284125, -57705.69982596634, -59269.83019945982, -67431.50263208183, -63870.93679558478, -72544.46417623332, -68375.10387600707, 0.076, 0.972, -0.184, 192.0, 0.0, 0.0, 0.0, 0.0, 0.0, 0.0, 0.0, 0.0, 0.0, 1.741116419717802E9, 0.0, 2025-03-04 13:26:59.717
28.0, -66744.14178659223, -62114.044977908736, -57705.58806724406, -59262.856455189765, -67434.8106902612, -63869.819208362016, -72554.63421996048, -68360.17291071093, 0.076, 0.972, -0.184, 192.0, 0.0, 0.0, 0.0, 0.0, 0.0, 0.0, 0.0, 0.0, 0.0, 1.741116419777779E9, 0.0, 2025-03-04 13:26:59.777
29.0, -66744.87939415924, -62077.58928270212, -57702.056491620126, -59258.363754554244, -67428.663960536, -63864.34303097046, -72547.30284777914, -68347.6335820715, 0.076, 0.972, -0.184, 192.0, 0.0, 0.0, 0.0, 0.0, 0.0, 0.0, 0.0, 0.0, 0.0, 1.741116419777811E9, 0.0, 2025-03-04 13:26:59.777
30.0, -66739.78319642344, -62106.691253982935, -57694.859229905516, -59253.826350429816, -67420.37146334308, -63856.89990006685, -72533.10949005002, -68347.36536113803, 0.076, 0.972, -0.184, 192.0, 0.0, 0.0, 0.0, 0.0, 0.0, 0.0, 0.0, 0.0, 0.0, 1.741116419777855E9, 0.0, 2025-03-04 13:26:59.777
31.0, -66729.14376606271, -62150.00893473732, -57690.7688606702, -59261.71651622254, -67419.47739356487, -63856.229347733184, -72523.9676265678, -68340.2798581457, 0.074, 0.968, -0.18, 192.0, 2.0, 80.0, 30.0, 64.0, 250.0, 96.0, 0.0, 0.0, 0.0, 1.741116419777877E9, 0.0, 2025-03-04 13:26:59.777
32.0, -66728.6073241958, -62114.98375117585, -57683.16926755539, -59250.04890561687, -67417.10810865261, -63855.961126799724, -72510.71304210581, -68342.73855003579, 0.074, 0.968, -0.18, 192.0, 0.0, 0.0, 0.0, 0.0, 0.0, 0.0, 0.0, 0.0, 0.0, 1.7411164197779E9, 0.0, 2025-03-04 13:26:59.777
33.0, -66726.23803928352, -62062.9488900839, -57686.63378794597, -59246.91966139313, -67420.0138354318, -63862.06315303602, -72522.3135974781, -68350.42755012841, 0.074, 0.968, -0.18, 192.0, 0.0, 0.0, 0.0, 0.0, 0.0, 0.0, 0.0, 0.0, 0.0, 1.741116419777923E9, 0.0, 2025-03-04 13:26:59.777
34.0, -66710.48005944253, -62082.90899788249, -57677.40251748592, -59244.460969503045, -67404.94875966893, -63849.83674881897, -72510.10954500551, -68341.64331455747, 0.074, 0.968, -0.18, 192.0, 0.0, 0.0, 0.0, 0.0, 0.0, 0.0, 0.0, 0.0, 0.0, 1.741116419777945E9, 0.0, 2025-03-04 13:26:59.777
35.0, -66721.81239388137, -62138.05075145373, -57691.350006026034, -59263.68346973461, -67415.52113479628, -63860.74440011316, -72525.93458007986, -68361.29049793369, 0.074, 0.968, -0.18, 192.0, 0.0, 0.0, 0.0, 0.0, 0.0, 0.0, 0.0, 0.0, 0.0, 1.741116419777969E9, 0.0, 2025-03-04 13:26:59.777
36.0, -66729.36728350726, -62125.75729200331, -57699.73191019677, -59267.34915582528, -67427.92635296898, -63870.80268511805, -72546.65464718993, -68386.83854184611, 0.074, 0.968, -0.18, 192.0, 0.0, 0.0, 0.0, 0.0, 0.0, 0.0, 0.0, 0.0, 0.0, 1.74111641977799E9, 0.0, 2025-03-04 13:26:59.777
37.0, -66731.02131259696, -62065.98872732982, -57696.84853516204, -59254.943937652584, -67425.55706805672, -63858.01748728961, -72549.71683618032, -68358.27301243223, 0.074, 0.968, -0.18, 192.0, 0.0, 0.0, 0.0, 0.0, 0.0, 0.0, 0.0, 0.0, 0.0, 1.741116419778017E9, 0.0, 2025-03-04 13:26:59.778
38.0, -66723.75699564899, -62078.28218678024, -57690.7688606702, -59249.713629450045, -67418.33745459765, -63842.125396981886, -72529.08617604806, -68324.2760091157, 0.074, 0.968, -0.18, 192.0, 0.0, 0.0, 0.0, 0.0, 0.0, 0.0, 0.0, 0.0, 0.0, 1.74111641977804E9, 0.0, 2025-03-04 13:26:59.778
39.0, -66733.77057716496, -62138.60954506511, -57703.06232012062, -59271.931263438615, -67427.8145942467, -63852.5189581536, -72532.39423422745, -68343.67732330291, 0.074, 0.968, -0.18, 192.0, 0.0, 0.0, 0.0, 0.0, 0.0, 0.0, 0.0, 0.0, 0.0, 1.741116419778062E9, 0.0, 2025-03-04 13:26:59.778
40.0, -66737.48096674454, -62143.25870791182, -57705.208087588326, -59273.56294078386, -67432.10612918212, -63851.53548139757, -72544.68769367787, -68352.90859376296, 0.074, 0.968, -0.18, 192.0, 0.0, 0.0, 0.0, 0.0, 0.0, 0.0, 0.0, 0.0, 0.0, 1.741116419778087E9, 0.0, 2025-03-04 13:26:59.778
41.0, -66737.83859465583, -62078.013965846774, -57700.447166019345, -59261.87297843373, -67431.34616987064, -63846.68515285077, -72545.42530124489, -68355.56845135313, 0.07, 0.966, -0.182, 192.0, 2.0, 48.0, 30.0, 48.0, 250.0, 80.0, 0.0, 0.0, 0.0, 1.741116419778108E9, 0.0, 2025-03-04 13:26:59.778
42.0, -66726.70742591709, -62072.2025122884, -57686.119697823495, -59244.50567299196, -67418.24804761983, -63829.742530553645, -72529.24263825925, -68334.7813290097, 0.07, 0.966, -0.182, 192.0, 0.0, 0.0, 0.0, 0.0, 0.0, 0.0, 0.0, 0.0, 0.0, 1.741116419778137E9, 0.0, 2025-03-04 13:26:59.778
43.0, -66711.8435158543, -62116.59307677664, -57675.16734304039, -59245.06446660334, -67407.63096900356, -63822.25469616112, -72515.60807414152, -68332.00971269724, 0.07, 0.966, -0.182, 192.0, 0.0, 0.0, 0.0, 0.0, 0.0, 0.0, 0.0, 0.0, 0.0, 1.741116419837956E9, 0.0, 2025-03-04 13:26:59.837
44.0, -66722.90762935969, -62138.72130378739, -57683.05750883312, -59258.43080978761, -67414.89528595154, -63832.5141468661, -72527.5215539362, -68345.35370413706, 0.07, 0.966, -0.182, 192.0, 0.0, 0.0, 0.0, 0.0, 0.0, 0.0, 0.0, 0.0, 0.0, 1.74111641983799E9, 0.0, 2025-03-04 13:26:59.837
45.0, -66743.87356565877, -62087.155829329, -57698.1672880849, -59260.10719062176, -67429.35686461412, -63846.953373784236, -72549.60507745804, -68366.16317822495, 0.07, 0.966, -0.182, 192.0, 0.0, 0.0, 0.0, 0.0, 0.0, 0.0, 0.0, 0.0, 0.0, 1.741116419838037E9, 0.0, 2025-03-04 13:26:59.838
46.0, -66751.8084349404, -62084.250102549806, -57703.12937535398, -59255.61448998624, -67423.12072791108, -63842.259507448616, -72545.29119077817, -68357.82597754312, 0.07, 0.966, -0.182, 192.0, 0.0, 0.0, 0.0, 0.0, 0.0, 0.0, 0.0, 0.0, 0.0, 1.741116419838058E9, 0.0, 2025-03-04 13:26:59.838
47.0, -66726.7968328949, -62117.28598085475, -57683.50454372222, -59242.24814680197, -67398.48910552134, -63821.137108938354, -72519.67609163238, -68325.37124459402, 0.07, 0.966, -0.182, 192.0, 0.0, 0.0, 0.0, 0.0, 0.0, 0.0, 0.0, 0.0, 0.0, 1.74111641983808E9, 0.0, 2025-03-04 13:26:59.838
48.0, -66721.11948980326, -62144.06337071221, -57676.08376456306, -59246.137350337194, -67391.56006474019, -63819.125451937376, -72511.33889095056, -68319.40332882444, 0.07, 0.966, -0.182, 192.0, 0.0, 0.0, 0.0, 0.0, 0.0, 0.0, 0.0, 0.0, 0.0, 1.741116419838102E9, 0.0, 2025-03-04 13:26:59.838
49.0, -66748.76859769448, -62104.05374813721, -57697.25086656224, -59258.363754554244, -67417.8680679641, -63848.58505112947, -72545.35824601153, -68364.0844659906, 0.07, 0.966, -0.182, 192.0, 0.0, 0.0, 0.0, 0.0, 0.0, 0.0, 0.0, 0.0, 0.0, 1.741116419838125E9, 0.0, 2025-03-04 13:26:59.838
50.0, -66732.58593470883, -62069.006212831286, -57687.50550597972, -59240.19178631208, -67410.67080624949, -63840.9184027813, -72534.4729464618, -68356.14959670897, 0.07, 0.966, -0.182, 192.0, 0.0, 0.0, 0.0, 0.0, 0.0, 0.0, 0.0, 0.0, 0.0, 1.74111641983815E9, 0.0, 2025-03-04 13:26:59.838
51.0, -66737.41391151118, -62113.55323953072, -57685.58325595657, -59243.65630670265, -67411.00608241631, -63835.24105968965, -72541.55844945413, -68338.40231161145, 0.076, 0.966, -0.176, 192.0, 2.0, 96.0, 30.0, 48.0, 250.0, 128.0, 0.0, 0.0, 0.0, 1.741116419838172E9, 0.0, 2025-03-04 13:26:59.838
52.0, -66732.34006551982, -62155.99920225135, -57682.409308243914, -59251.948803895575, -67411.18489637195, -63839.30907718052, -72537.64689417445, -68350.49460536178, 0.076, 0.966, -0.176, 192.0, 0.0, 0.0, 0.0, 0.0, 0.0, 0.0, 0.0, 0.0, 0.0, 1.741116419838195E9, 0.0, 2025-03-04 13:26:59.838
53.0, -66747.11456860478, -62118.492975055335, -57694.97098862779, -59262.47647553402, -67426.36173085711, -63861.59376640246, -72534.54000169516, -68363.90565203495, 0.076, 0.966, -0.176, 192.0, 0.0, 0.0, 0.0, 0.0, 0.0, 0.0, 0.0, 0.0, 0.0, 1.741116419838221E9, 0.0, 2025-03-04 13:26:59.838
54.0, -66746.22049882657, -62075.75643965679, -57696.02152061719, -59253.15579809616, -67425.91469596801, -63854.26239422112, -72545.89468787846, -68358.8318060436, 0.076, 0.966, -0.176, 192.0, 0.0, 0.0, 0.0, 0.0, 0.0, 0.0, 0.0, 0.0, 0.0, 1.741116419838243E9, 0.0, 2025-03-04 13:26:59.838
55.0, -66744.0523796144, -62108.72526272837, -57691.282950792665, -59246.74084743749, -67415.02939641826, -63843.60061211594, -72534.74116739526, -68348.39354138297, 0.076, 0.966, -0.176, 192.0, 0.0, 0.0, 0.0, 0.0, 0.0, 0.0, 0.0, 0.0, 0.0, 1.741116419838267E9, 0.0, 2025-03-04 13:26:59.838
56.0, -66732.96591436457, -62153.2722894278, -57689.09247983605, -59255.01099288595, -67410.69315799394, -63841.47719639268, -72530.69550164885, -68348.32648614961, 0.076, 0.966, -0.176, 192.0, 0.0, 0.0, 0.0, 0.0, 0.0, 0.0, 0.0, 0.0, 0.0, 1.741116419838289E9, 0.0, 2025-03-04 13:26:59.838
57.0, -66738.75501617849, -62121.085777412154, -57690.7688606702, -59248.931318394105, -67419.41033833151, -63848.29447845155, -72541.33493200957, -68357.82597754312, 0.076, 0.966, -0.176, 192.0, 0.0, 0.0, 0.0, 0.0, 0.0, 0.0, 0.0, 0.0, 0.0, 1.741116419838318E9, 0.0, 2025-03-04 13:26:59.838
58.0, -66739.31380978988, -62069.40854423148, -57694.859229905516, -59245.802074170366, -67426.60760004612, -63853.7706558431, -72544.50887972223, -68359.77057931073, 0.076, 0.966, -0.176, 192.0, 0.0, 0.0, 0.0, 0.0, 0.0, 0.0, 0.0, 0.0, 0.0, 1.741116419899703E9, 0.0, 2025-03-04 13:26:59.899
59.0, -66725.4557282276, -62088.89926539651, -57683.19161929985, -59239.54358572288, -67410.67080624949, -63836.33629516796, -72532.75186213874, -68341.24098315727, 0.076, 0.966, -0.176, 192.0, 0.0, 0.0, 0.0, 0.0, 0.0, 0.0, 0.0, 0.0, 0.0, 1.741116419899734E9, 0.0, 2025-03-04 13:26:59.899
60.0, -66721.23124852554, -62131.233469394865, -57677.715441908294, -59243.6339549582, -67407.58626551465, -63833.654085833325, -72533.28830400566, -68340.14574767897, 0.076, 0.966, -0.176, 192.0, 0.0, 0.0, 0.0, 0.0, 0.0, 0.0, 0.0, 0.0, 0.0, 1.741116419899766E9, 0.0, 2025-03-04 13:26:59.899
61.0, -66729.18846955162, -62124.036207680256, -57681.850514632526, -59245.35503928126, -67414.78352722926, -63840.82899580348, -72536.8198796296, -68342.85030875806, 0.07200000000000001, 0.968, -0.178, 192.0, 2.0, 64.0, 30.0, 64.0, 250.0, 112.0, 0.0, 0.0, 0.0, 1.741116419899793E9, 0.0, 2025-03-04 13:26:59.899
62.0, -66740.52080399047, -62069.38619248703, -57689.76303216971, -59241.24231830148, -67424.14890815603, -63848.18271972927, -72540.93260060938, -68357.31188742064, 0.07200000000000001, 0.968, -0.178, 192.0, 0.0, 0.0, 0.0, 0.0, 0.0, 0.0, 0.0, 0.0, 0.0, 1.74111641989982E9, 0.0, 2025-03-04 13:26:59.899
63.0, -66736.09515858832, -62081.76905891527, -57687.32669202408, -59242.42696075761, -67418.27039936428, -63842.97476327119, -72540.8208418871, -68348.30413440516, 0.07200000000000001, 0.968, -0.178, 192.0, 0.0, 0.0, 0.0, 0.0, 0.0, 0.0, 0.0, 0.0, 0.0, 1.741116419899841E9, 0.0, 2025-03-04 13:26:59.899
64.0, -66715.97858857854, -62128.14892866003, -57675.010880829206, -59246.070295103826, -67401.01485264479, -63830.524841609586, -72514.08815551856, -68331.6297330415, 0.07200000000000001, 0.968, -0.178, 192.0, 0.0, 0.0, 0.0, 0.0, 0.0, 0.0, 0.0, 0.0, 0.0, 1.741116419899863E9, 0.0, 2025-03-04 13:26:59.899
65.0, -66714.81629786686, -62125.86905072559, -57670.1605522824, -59238.76127466694, -67400.59016950014, -63832.87177477739, -72504.38749842496, -68326.86881147252, 0.07200000000000001, 0.968, -0.178, 192.0, 0.0, 0.0, 0.0, 0.0, 0.0, 0.0, 0.0, 0.0, 0.0, 1.741116419899888E9, 0.0, 2025-03-04 13:26:59.899
66.0, -66728.51791721796, -62064.535863940226, -57678.47540121978, -59234.71560892053, -67411.65428300551, -63840.49371963665, -72500.364184423, -68333.12729992, 0.07200000000000001, 0.968, -0.178, 192.0, 0.0, 0.0, 0.0, 0.0, 0.0, 0.0, 0.0, 0.0, 0.0, 1.741116419899911E9, 0.0, 2025-03-04 13:26:59.899
67.0, -66730.50722247448, -62067.97803258635, -57685.02446234518, -59236.839024643785, -67418.49391680883, -63843.44414990475, -72519.81020209912, -68345.62192507052, 0.07200000000000001, 0.968, -0.178, 192.0, 0.0, 0.0, 0.0, 0.0, 0.0, 0.0, 0.0, 0.0, 0.0, 1.741116419899935E9, 0.0, 2025-03-04 13:26:59.899
68.0, -66721.65593167019, -62115.25197210932, -57678.27423551968, -59239.20830955605, -67410.26847484929, -63835.39752190084, -72522.40300445593, -68343.2302884138, 0.07200000000000001, 0.968, -0.178, 192.0, 0.0, 0.0, 0.0, 0.0, 0.0, 0.0, 0.0, 0.0, 0.0, 1.74111641989996E9, 0.0, 2025-03-04 13:26:59.899
69.0, -66710.39065246472, -62128.841832738144, -57667.74656388123, -59237.5319287219, -67405.9098846805, -63832.603553843925, -72522.112431778, -68339.54225057867, 0.07200000000000001, 0.968, -0.178, 192.0, 0.0, 0.0, 0.0, 0.0, 0.0, 0.0, 0.0, 0.0, 0.0, 1.741116419899982E9, 0.0, 2025-03-04 13:26:59.899
70.0, -66721.67828341464, -62072.224864032854, -57678.162476797406, -59239.40947525614, -67421.55610579922, -63851.35666744193, -72549.82859490259, -68369.7841608267, 0.07200000000000001, 0.968, -0.178, 192.0, 0.0, 0.0, 0.0, 0.0, 0.0, 0.0, 0.0, 0.0, 0.0, 1.741116419900006E9, 0.0, 2025-03-04 13:26:59.900
71.0, -66728.83084164035, -62061.51837843876, -57689.3159972806, -59243.276327046915, -67428.46279483591, -63852.65306862033, -72545.49235647827, -68373.51690215075, 0.076, 0.966, -0.17200000000000001, 192.0, 2.0, 96.0, 30.0, 48.0, 250.0, 160.0, 0.0, 0.0, 0.0, 1.741116419900027E9, 0.0, 2025-03-04 13:26:59.900
72.0, -66715.7997746229, -62108.56880051718, -57678.74362215324, -59242.985754368994, -67413.4647743064, -63834.436396889265, -72523.5205916787, -68332.94848596436, 0.076, 0.966, -0.17200000000000001, 192.0, 0.0, 0.0, 0.0, 0.0, 0.0, 0.0, 0.0, 0.0, 0.0, 1.741116419900055E9, 0.0, 2025-03-04 13:26:59.900
73.0, -66713.87752459974, -62133.15571941802, -57672.909816850406, -59241.86816714623, -67407.6086172591, -63830.100158464935, -72515.9657020528, -68320.85619221404, 0.076, 0.966, -0.17200000000000001, 192.0, 0.0, 0.0, 0.0, 0.0, 0.0, 0.0, 0.0, 0.0, 0.0, 1.741116419958563E9, 0.0, 2025-03-04 13:26:59.958
74.0, -66730.82014689686, -62086.127649084054, -57685.85147689003, -59252.39583878468, -67422.67369302198, -63849.74734184115, -72531.5672196826, -68357.66951533193, 0.076, 0.966, -0.17200000000000001, 192.0, 0.0, 0.0, 0.0, 0.0, 0.0, 0.0, 0.0, 0.0, 0.0, 1.741116419958608E9, 0.0, 2025-03-04 13:26:59.958
75.0, -66733.61411495377, -62055.148131269, -57686.969064112796, -59243.94687938057, -67422.83015523317, -63849.032086018575, -72539.43503373087, -68367.70544859236, 0.076, 0.966, -0.17200000000000001, 192.0, 0.0, 0.0, 0.0, 0.0, 0.0, 0.0, 0.0, 0.0, 0.0, 1.74111641995863E9, 0.0, 2025-03-04 13:26:59.958
76.0, -66718.07965255734, -62096.49885851132, -57674.586197684555, -59241.667001446134, -67406.80395445871, -63835.6657428343, -72527.58860916956, -68336.77063426621, 0.076, 0.966, -0.17200000000000001, 192.0, 0.0, 0.0, 0.0, 0.0, 0.0, 0.0, 0.0, 0.0, 0.0, 1.741116419958671E9, 0.0, 2025-03-04 13:26:59.958
77.0, -66706.68026288513, -62130.33939961665, -57669.78057262666, -59246.31616429284, -67405.68636723595, -63837.5209376241, -72528.39327196995, -68339.05051220066, 0.076, 0.966, -0.17200000000000001, 192.0, 0.0, 0.0, 0.0, 0.0, 0.0, 0.0, 0.0, 0.0, 0.0, 1.741116419958694E9, 0.0, 2025-03-04 13:26:59.958
78.0, -66719.35370199129, -62090.30742529719, -57673.15568603941, -59243.544547980375, -67410.7602132273, -63843.77942607158, -72541.06671107611, -68352.57331759612, 0.076, 0.966, -0.17200000000000001, 192.0, 0.0, 0.0, 0.0, 0.0, 0.0, 0.0, 0.0, 0.0, 0.0, 1.741116419958715E9, 0.0, 2025-03-04 13:26:59.958
79.0, -66725.67924567215, -62046.073323020144, -57682.72223266629, -59241.5328909794, -67419.94678019843, -63852.40719943133, -72548.71100767983, -68362.40808515645, 0.076, 0.966, -0.17200000000000001, 192.0, 0.0, 0.0, 0.0, 0.0, 0.0, 0.0, 0.0, 0.0, 0.0, 1.741116419958737E9, 0.0, 2025-03-04 13:26:59.958
80.0, -66722.48294621504, -62090.66505320848, -57683.97393035578, -59255.70389696406, -67416.19168712995, -63854.32944945448, -72543.65951343293, -68362.94452702338, 0.076, 0.966, -0.17200000000000001, 192.0, 0.0, 0.0, 0.0, 0.0, 0.0, 0.0, 0.0, 0.0, 0.0, 1.741116419958764E9, 0.0, 2025-03-04 13:26:59.958
81.0, -66716.47032695655, -62136.4190741085, -57679.88356112046, -59265.49396103549, -67411.90015219452, -63854.1729872433, -72538.51861220821, -68358.25066068777, 0.068, 0.962, -0.178, 192.0, 2.0, 32.0, 30.0, 16.0, 250.0, 112.0, 0.0, 0.0, 0.0, 1.741116419958785E9, 0.0, 2025-03-04 13:26:59.958
82.0, -66699.63946338171, -62101.729166713856, -57664.68437489085, -59244.84094915879, -67400.2548933333, -63843.48885339366, -72530.89666734895, -68351.634544329, 0.068, 0.962, -0.178, 192.0, 0.0, 0.0, 0.0, 0.0, 0.0, 0.0, 0.0, 0.0, 0.0, 1.741116419958809E9, 0.0, 2025-03-04 13:26:59.958
83.0, -66708.02136755244, -62042.56409914066, -57666.360755725, -59239.47653048951, -67400.43370728895, -63843.48885339366, -72528.05799580312, -68352.43920712938, 0.068, 0.962, -0.178, 192.0, 0.0, 0.0, 0.0, 0.0, 0.0, 0.0, 0.0, 0.0, 0.0, 1.741116419958834E9, 0.0, 2025-03-04 13:26:59.958
84.0, -66710.52476293144, -62068.42506747545, -57672.775706383676, -59248.57369048282, -67404.8593526911, -63845.612269116915, -72529.4214522149, -68344.86196575905, 0.068, 0.962, -0.178, 192.0, 0.0, 0.0, 0.0, 0.0, 0.0, 0.0, 0.0, 0.0, 0.0, 1.741116419958856E9, 0.0, 2025-03-04 13:26:59.958
85.0, -66716.13505078973, -62127.34426585964, -57675.972005840784, -59262.45412378957, -67404.88170443555, -63850.48494940817, -72528.14740278095, -68348.92998324991, 0.068, 0.962, -0.178, 192.0, 0.0, 0.0, 0.0, 0.0, 0.0, 0.0, 0.0, 0.0, 0.0, 1.741116419958881E9, 0.0, 2025-03-04 13:26:59.958
86.0, -66709.98832106452, -62122.29277161274, -57665.757258624704, -59255.078048119314, -67396.79037294273, -63839.800815558534, -72520.43605094386, -68343.386750625, 0.068, 0.962, -0.178, 192.0, 0.0, 0.0, 0.0, 0.0, 0.0, 0.0, 0.0, 0.0, 0.0, 1.741116419958903E9, 0.0, 2025-03-04 13:26:59.958
87.0, -66716.73854789003, -62058.456189448385, -57673.7144796508, -59245.19857707007, -67409.32970158216, -63847.847443562445, -72538.29509476366, -68355.83667228659, 0.068, 0.962, -0.178, 192.0, 0.0, 0.0, 0.0, 0.0, 0.0, 0.0, 0.0, 0.0, 0.0, 1.741116419958929E9, 0.0, 2025-03-04 13:26:59.958
88.0, -66724.8969346162, -62073.52126521126, -57683.92922686687, -59252.93228065161, -67413.17420162847, -63851.35666744193, -72548.28632453518, -68353.62384958552, 0.068, 0.962, -0.178, 192.0, 0.0, 0.0, 0.0, 0.0, 0.0, 0.0, 0.0, 0.0, 0.0, 1.741116419958954E9, 0.0, 2025-03-04 13:26:59.958
89.0, -66722.5500014484, -62127.88070772657, -57683.07986057757, -59256.419152786635, -67408.59209401514, -63843.667667349306, -72539.88206861998, -68347.14184369348, 0.068, 0.962, -0.178, 192.0, 0.0, 0.0, 0.0, 0.0, 0.0, 0.0, 0.0, 0.0, 0.0, 1.741116420018464E9, 0.0, 2025-03-04 13:27:00.018
90.0, -66714.36926297775, -62129.15475716052, -57676.821372130085, -59245.39974277017, -67406.98276841435, -63837.45388239073, -72543.63716168847, -68347.09714020457, 0.068, 0.962, -0.178, 192.0, 0.0, 0.0, 0.0, 0.0, 0.0, 0.0, 0.0, 0.0, 0.0, 1.741116420018515E9, 0.0, 2025-03-04 13:27:00.018
91.0, -66709.13895477522, -62057.60682315908, -57671.32284299408, -59230.3793704962, -67409.53086728226, -63838.05737949102, -72524.23584750126, -68340.4363203569, 0.07, 0.966, -0.17200000000000001, 192.0, 2.0, 48.0, 30.0, 48.0, 250.0, 160.0, 0.0, 0.0, 0.0, 1.741116420018556E9, 0.0, 2025-03-04 13:27:00.018
92.0, -66701.42760293813, -62053.67291613495, -57666.204293513816, -59225.596097182766, -67404.43466954645, -63833.16234745531, -72500.83357105656, -68337.9776284668, 0.07, 0.966, -0.17200000000000001, 192.0, 0.0, 0.0, 0.0, 0.0, 0.0, 0.0, 0.0, 0.0, 0.0, 1.741116420018579E9, 0.0, 2025-03-04 13:27:00.018
93.0, -66699.57240814833, -62101.57270450267, -57661.711592878295, -59222.779777381395, -67400.36665205559, -63825.38394038486, -72505.84036181455, -68330.04275918518, 0.07, 0.966, -0.17200000000000001, 192.0, 0.0, 0.0, 0.0, 0.0, 0.0, 0.0, 0.0, 0.0, 0.0, 1.7411164200186E9, 0.0, 2025-03-04 13:27:00.018
94.0, -66714.12339378874, -62130.048826938735, -57668.39476447043, -59229.351190251255, -67409.84379170464, -63829.7648822981, -72533.19889702785, -68341.0845209461, 0.07, 0.966, -0.17200000000000001, 192.0, 0.0, 0.0, 0.0, 0.0, 0.0, 0.0, 0.0, 0.0, 0.0, 1.741116420018622E9, 0.0, 2025-03-04 13:27:00.018
95.0, -66718.9513705911, -62065.787561629724, -57666.65132840292, -59215.20253601105, -67415.09645165163, -63828.46848111969, -72547.39225475697, -68352.59566934058, 0.07, 0.966, -0.17200000000000001, 192.0, 0.0, 0.0, 0.0, 0.0, 0.0, 0.0, 0.0, 0.0, 0.0, 1.741116420018643E9, 0.0, 2025-03-04 13:27:00.018
96.0, -66712.93875133262, -62046.60976488707, -57673.5133139507, -59218.84587035726, -67417.68925400845, -63834.03406548907, -72545.09002507807, -68373.7404195953, 0.07, 0.966, -0.17200000000000001, 192.0, 0.0, 0.0, 0.0, 0.0, 0.0, 0.0, 0.0, 0.0, 0.0, 1.741116420018668E9, 0.0, 2025-03-04 13:27:00.018
97.0, -66688.53064638741, -62088.83221016315, -57663.611491157, -59213.23558249898, -67405.61931200259, -63823.08171070596, -72535.99286508476, -68352.84153852958, 0.07, 0.966, -0.17200000000000001, 192.0, 0.0, 0.0, 0.0, 0.0, 0.0, 0.0, 0.0, 0.0, 0.0, 1.74111642001869E9, 0.0, 2025-03-04 13:27:00.018
98.0, -66689.17884697662, -62119.58821053365, -57664.70672663531, -59223.67384715961, -67407.13923062554, -63827.663818319306, -72536.1269755515, -68342.55973608015, 0.07, 0.966, -0.17200000000000001, 192.0, 0.0, 0.0, 0.0, 0.0, 0.0, 0.0, 0.0, 0.0, 0.0, 1.741116420018715E9, 0.0, 2025-03-04 13:27:00.018
99.0, -66704.91447507316, -62066.703983152394, -57673.02157557268, -59222.511556447935, -67415.92346619647, -63840.18079521428, -72549.60507745804, -68352.46155887384, 0.07, 0.966, -0.17200000000000001, 192.0, 0.0, 0.0, 0.0, 0.0, 0.0, 0.0, 0.0, 0.0, 0.0, 1.741116420018741E9, 0.0, 2025-03-04 13:27:00.018
100.0, -66711.5976466653, -62033.645753102996, -57678.341290753044, -59224.76908263792, -67418.53862029775, -63840.53842312556, -72558.38931302898, -68358.94356476588, 0.07, 0.966, -0.17200000000000001, 192.0, 0.0, 0.0, 0.0, 0.0, 0.0, 0.0, 0.0, 0.0, 0.0, 1.741116420018763E9, 0.0, 2025-03-04 13:27:00.018
101.0, -66705.98735880702, -62085.993538617324, -57679.79415414264, -59241.599946212766, -67415.85641096311, -63842.57243187099, -72558.94810664035, -68364.44209390189, 0.07, 0.966, -0.17, 192.0, 2.0, 48.0, 30.0, 48.0, 250.0, 176.0, 0.0, 0.0, 0.0, 1.741116420018788E9, 0.0, 2025-03-04 13:27:00.018
102.0, -66697.22547498053, -62125.37731234757, -57669.78057262666, -59247.16553058214, -67406.91571318099, -63838.88439403587, -72536.1269755515, -68359.92704152192, 0.07, 0.966, -0.17, 192.0, 0.0, 0.0, 0.0, 0.0, 0.0, 0.0, 0.0, 0.0, 0.0, 1.741116420018817E9, 0.0, 2025-03-04 13:27:00.018
103.0, -66708.33429197482, -62086.127649084054, -57673.89329360644, -59243.410437513645, -67416.50461155231, -63850.01556277461, -72543.16777505491, -68372.60048062807, 0.07, 0.966, -0.17, 192.0, 0.0, 0.0, 0.0, 0.0, 0.0, 0.0, 0.0, 0.0, 0.0, 1.741116420018841E9, 0.0, 2025-03-04 13:27:00.018
104.0, -66733.12237657576, -62052.82354984565, -57694.32278803859, -59256.262690575444, -67434.22954490538, -63867.494626938664, -72561.20563283034, -68395.01928031674, 0.07, 0.966, -0.17, 192.0, 0.0, 0.0, 0.0, 0.0, 0.0, 0.0, 0.0, 0.0, 0.0, 1.74111642007871E9, 0.0, 2025-03-04 13:27:00.078
105.0, -66717.76672813496, -62090.66505320848, -57683.526895466675, -59257.87201617623, -67419.87972496507, -63850.90963255282, -72545.02296984471, -68363.16804446794, 0.07, 0.966, -0.17, 192.0, 0.0, 0.0, 0.0, 0.0, 0.0, 0.0, 0.0, 0.0, 0.0, 1.741116420078743E9, 0.0, 2025-03-04 13:27:00.078
106.0, -66693.40332667867, -62122.24806812383, -57665.53374118015, -59243.20927181355, -67406.89336143654, -63833.00588524412, -72532.34953073855, -68339.07286394511, 0.07, 0.966, -0.17, 192.0, 0.0, 0.0, 0.0, 0.0, 0.0, 0.0, 0.0, 0.0, 0.0, 1.741116420078786E9, 0.0, 2025-03-04 13:27:00.078
107.0, -66719.55486769139, -62104.43372779295, -57679.816505887095, -59248.931318394105, -67426.20526864592, -63852.54130989806, -72554.38835077148, -68359.21178569934, 0.07, 0.966, -0.17, 192.0, 0.0, 0.0, 0.0, 0.0, 0.0, 0.0, 0.0, 0.0, 0.0, 1.741116420078808E9, 0.0, 2025-03-04 13:27:00.078
108.0, -66726.68507417262, -62054.52228242425, -57680.732927409765, -59244.84094915879, -67427.61342854661, -63852.42955117578, -72560.66919096341, -68361.04462874468, 0.07, 0.966, -0.17, 192.0, 0.0, 0.0, 0.0, 0.0, 0.0, 0.0, 0.0, 0.0, 0.0, 1.741116420078829E9, 0.0, 2025-03-04 13:27:00.078
109.0, -66701.62876863823, -62066.14518954101, -57660.77281961117, -59225.730207649496, -67410.04495740474, -63832.64825733284, -72535.47877496228, -68341.15157617946, 0.07, 0.966, -0.17, 192.0, 0.0, 0.0, 0.0, 0.0, 0.0, 0.0, 0.0, 0.0, 0.0, 1.741116420078851E9, 0.0, 2025-03-04 13:27:00.078
110.0, -66694.16328599016, -62114.1120331421, -57654.17905499686, -59229.90998386264, -67400.92544566697, -63828.64729507534, -72524.0123300567, -68340.01163721224, 0.07, 0.966, -0.17, 192.0, 0.0, 0.0, 0.0, 0.0, 0.0, 0.0, 0.0, 0.0, 0.0, 1.741116420078873E9, 0.0, 2025-03-04 13:27:00.078
111.0, -66703.37220470574, -62100.52217251327, -57652.36856369598, -59221.57278318081, -67399.87491367757, -63829.451957875724, -72522.60417015603, -68345.91249774845, 0.074, 0.962, -0.176, 192.0, 2.0, 80.0, 30.0, 16.0, 250.0, 128.0, 0.0, 0.0, 0.0, 1.741116420078899E9, 0.0, 2025-03-04 13:27:00.078
112.0, -66708.82603035284, -62040.910070050966, -57658.11296202099, -59220.18697502458, -67407.74272772584, -63837.096254479446, -72532.14836503845, -68354.45086413037, 0.074, 0.962, -0.176, 192.0, 0.0, 0.0, 0.0, 0.0, 0.0, 0.0, 0.0, 0.0, 0.0, 1.741116420078926E9, 0.0, 2025-03-04 13:27:00.078
113.0, -66702.56754190536, -62054.27641323524, -57653.88848231894, -59217.81769011232, -67395.29280606423, -63824.82514677348, -72518.89378057644, -68327.91934346192, 0.074, 0.962, -0.176, 192.0, 0.0, 0.0, 0.0, 0.0, 0.0, 0.0, 0.0, 0.0, 0.0, 1.741116420078953E9, 0.0, 2025-03-04 13:27:00.078
114.0, -66706.30028322939, -62113.463832552894, -57656.63774688694, -59225.730207649496, -67392.56589324068, -63823.238172917154, -72523.38648121196, -68316.13997413397, 0.074, 0.962, -0.176, 192.0, 0.0, 0.0, 0.0, 0.0, 0.0, 0.0, 0.0, 0.0, 0.0, 1.741116420078975E9, 0.0, 2025-03-04 13:27:00.078
115.0, -66706.12146927374, -62124.796166991735, -57654.91666256388, -59226.24429777197, -67388.02848911626, -63821.852364760925, -72518.3126352206, -68322.1749451369, 0.074, 0.962, -0.176, 192.0, 0.0, 0.0, 0.0, 0.0, 0.0, 0.0, 0.0, 0.0, 0.0, 1.741116420078996E9, 0.0, 2025-03-04 13:27:00.078
116.0, -66718.16905953515, -62058.81381735967, -57663.678546390365, -59225.21611752702, -67399.38317529955, -63836.55981261252, -72523.38648121196, -68341.01746571272, 0.074, 0.962, -0.176, 192.0, 0.0, 0.0, 0.0, 0.0, 0.0, 0.0, 0.0, 0.0, 0.0, 1.741116420079021E9, 0.0, 2025-03-04 13:27:00.079
117.0, -66723.8464026268, -62061.585433672124, -57672.79805812813, -59234.84971938726, -67400.88074217805, -63840.851347547934, -72524.7722893682, -68344.61609657003, 0.074, 0.962, -0.176, 192.0, 0.0, 0.0, 0.0, 0.0, 0.0, 0.0, 0.0, 0.0, 0.0, 1.741116420079046E9, 0.0, 2025-03-04 13:27:00.079
118.0, -66710.39065246472, -62110.267533095786, -57667.523046436676, -59236.12376882121, -67391.56006474019, -63833.72114106669, -72522.5147631782, -68349.30996290565, 0.074, 0.962, -0.176, 192.0, 0.0, 0.0, 0.0, 0.0, 0.0, 0.0, 0.0, 0.0, 0.0, 1.74111642007907E9, 0.0, 2025-03-04 13:27:00.079
119.0, -66705.96500706256, -62130.78643450576, -57668.93120633736, -59241.26467004594, -67397.5056287653, -63838.906745780325, -72548.77806291319, -68367.50428289226, 0.074, 0.962, -0.176, 192.0, 0.0, 0.0, 0.0, 0.0, 0.0, 0.0, 0.0, 0.0, 0.0, 1.741116420138985E9, 0.0, 2025-03-04 13:27:00.138
120.0, -66730.61898119676, -62078.7515734138, -57686.70084317933, -59248.305469549356, -67416.4152045745, -63853.48008316518, -72570.97334515731, -68378.68015511992, 0.07200000000000001, 0.97, -0.18, 192.0, 2.0, 64.0, 30.0, 80.0, 250.0, 96.0, 0.0, 0.0, 0.0, 1.741116420139019E9, 0.0, 2025-03-04 13:27:00.139
121.0, -66715.86682985626, -62055.34929696909, -57675.81554362959, -59234.112111820235, -67399.2043613439, -63835.196356200744, -72523.07355678959, -68355.12141646403, 0.07200000000000001, 0.97, -0.18, 192.0, 0.0, 0.0, 0.0, 0.0, 0.0, 0.0, 0.0, 0.0, 0.0, 1.741116420139063E9, 0.0, 2025-03-04 13:27:00.139
122.0, -66705.62973089573, -62097.7058527119, -57669.489999948746, -59230.46877747402, -67390.15190483951, -63827.61911483039, -72492.1610942079, -68344.4819861033, 0.07200000000000001, 0.97, -0.18, 192.0, 0.0, 0.0, 0.0, 0.0, 0.0, 0.0, 0.0, 0.0, 0.0, 1.741116420139085E9, 0.0, 2025-03-04 13:27:00.139
123.0, -66705.69678612909, -62128.81948099369, -57665.13140977996, -59232.56984145282, -67386.39681177102, -63820.086576948954, -72496.27381518767, -68330.89212547448, 0.07200000000000001, 0.97, -0.18, 192.0, 0.0, 0.0, 0.0, 0.0, 0.0, 0.0, 0.0, 0.0, 0.0, 1.741116420139107E9, 0.0, 2025-03-04 13:27:00.139
124.0, -66725.67924567215, -62090.28507355274, -57675.32380525158, -59241.71170493504, -67399.29376832173, -63832.15651895482, -72514.93752180786, -68344.52668959221, 0.07200000000000001, 0.97, -0.18, 192.0, 0.0, 0.0, 0.0, 0.0, 0.0, 0.0, 0.0, 0.0, 0.0, 1.741116420139129E9, 0.0, 2025-03-04 13:27:00.139
125.0, -66709.54128617542, -62045.156901497474, -57668.908854592904, -59224.16558553763, -67395.33750955314, -63824.9145537513, -72517.23975148675, -68334.06607318713, 0.07200000000000001, 0.97, -0.18, 192.0, 0.0, 0.0, 0.0, 0.0, 0.0, 0.0, 0.0, 0.0, 0.0, 1.741116420139151E9, 0.0, 2025-03-04 13:27:00.139
126.0, -66707.23905649652, -62084.96535837238, -57670.249959260225, -59230.133501307195, -67390.30836705069, -63820.82418451598, -72516.4127369419, -68334.02136969821, 0.07200000000000001, 0.97, -0.18, 192.0, 0.0, 0.0, 0.0, 0.0, 0.0, 0.0, 0.0, 0.0, 0.0, 1.741116420139181E9, 0.0, 2025-03-04 13:27:00.139
127.0, -66715.73271938953, -62134.98856246335, -57673.91564535089, -59244.751542180966, -67390.91186415098, -63827.68617006376, -72518.42439394289, -68336.83768949959, 0.07200000000000001, 0.97, -0.18, 192.0, 0.0, 0.0, 0.0, 0.0, 0.0, 0.0, 0.0, 0.0, 0.0, 1.741116420139203E9, 0.0, 2025-03-04 13:27:00.139
128.0, -66708.80367860838, -62099.561047501695, -57668.4618197038, -59239.20830955605, -67388.87785540556, -63829.898992764836, -72515.58572239707, -68338.53642207819, 0.07200000000000001, 0.97, -0.18, 192.0, 0.0, 0.0, 0.0, 0.0, 0.0, 0.0, 0.0, 0.0, 0.0, 1.741116420139225E9, 0.0, 2025-03-04 13:27:00.139
129.0, -66701.44995468258, -62047.5932416431, -57665.64549990243, -59226.289001260884, -67385.94977688191, -63822.545268839036, -72505.97447228128, -68328.58989579558, 0.07200000000000001, 0.97, -0.18, 192.0, 0.0, 0.0, 0.0, 0.0, 0.0, 0.0, 0.0, 0.0, 0.0, 1.74111642013925E9, 0.0, 2025-03-04 13:27:00.139
130.0, -66720.98537933653, -62087.44640200691, -57678.31893900859, -59240.66117294564, -67395.89630316453, -63830.033103231566, -72521.10660327753, -68338.80464301165, 0.07, 0.968, -0.184, 192.0, 2.0, 48.0, 30.0, 64.0, 250.0, 64.0, 0.0, 0.0, 0.0, 1.741116420139272E9, 0.0, 2025-03-04 13:27:00.139
131.0, -66734.41877775417, -62145.20330967943, -57690.63475020346, -59256.843835931286, -67406.9604166699, -63846.036952261566, -72530.15905978192, -68351.90276526246, 0.07, 0.968, -0.184, 192.0, 0.0, 0.0, 0.0, 0.0, 0.0, 0.0, 0.0, 0.0, 0.0, 1.741116420139299E9, 0.0, 2025-03-04 13:27:00.139
132.0, -66734.57523996536, -62130.607620550116, -57691.215895559304, -59254.72042020803, -67407.47450679236, -63844.31586793851, -72530.0249493152, -68353.06505597413, 0.07, 0.968, -0.184, 192.0, 0.0, 0.0, 0.0, 0.0, 0.0, 0.0, 0.0, 0.0, 0.0, 1.74111642013932E9, 0.0, 2025-03-04 13:27:00.139
133.0, -66728.96495210707, -62064.69232615142, -57683.459840233314, -59238.649515944664, -67398.91378866599, -63833.095292221944, -72529.15323128144, -68350.04757047267, 0.07, 0.968, -0.184, 192.0, 0.0, 0.0, 0.0, 0.0, 0.0, 0.0, 0.0, 0.0, 0.0, 1.741116420139347E9, 0.0, 2025-03-04 13:27:00.139
134.0, -66740.47610050156, -62090.91092239749, -57694.47925024978, -59250.45123701707, -67404.0099864018, -63839.30907718052, -72534.98703658427, -68353.91442226343, 0.07, 0.968, -0.184, 192.0, 0.0, 0.0, 0.0, 0.0, 0.0, 0.0, 0.0, 0.0, 0.0, 1.741116420199287E9, 0.0, 2025-03-04 13:27:00.199
135.0, -66714.88335310023, -62135.8155770082, -57677.246055274736, -59236.05671358785, -67386.86619840458, -63819.79600427103, -72506.15328623692, -68330.378035352, 0.07, 0.968, -0.184, 192.0, 0.0, 0.0, 0.0, 0.0, 0.0, 0.0, 0.0, 0.0, 0.0, 1.74111642019932E9, 0.0, 2025-03-04 13:27:00.199
136.0, -66699.63946338171, -62124.19266989144, -57666.13723828045, -59228.457120473046, -67382.17233206896, -63819.08074844847, -72508.47786766027, -68341.82212851311, 0.07, 0.968, -0.184, 192.0, 0.0, 0.0, 0.0, 0.0, 0.0, 0.0, 0.0, 0.0, 0.0, 1.741116420199362E9, 0.0, 2025-03-04 13:27:00.199
137.0, -66713.78811762192, -62062.0995237946, -57672.12750579447, -59227.116015805725, -67392.43178277394, -63824.221649673185, -72525.19697251284, -68354.76378855274, 0.07, 0.968, -0.184, 192.0, 0.0, 0.0, 0.0, 0.0, 0.0, 0.0, 0.0, 0.0, 0.0, 1.741116420199384E9, 0.0, 2025-03-04 13:27:00.199
138.0, -66708.73662337502, -62066.16754128547, -57668.55122668162, -59228.23360302849, -67383.66989894747, -63815.280951891065, -72511.27183571718, -68321.25852361423, 0.07, 0.968, -0.184, 192.0, 0.0, 0.0, 0.0, 0.0, 0.0, 0.0, 0.0, 0.0, 0.0, 1.741116420199406E9, 0.0, 2025-03-04 13:27:00.199
139.0, -66705.89795182919, -62110.401643562516, -57667.05365980312, -59230.3793704962, -67387.33558503813, -63816.44324260274, -72520.59251315505, -68321.37028233652, 0.07, 0.968, -0.184, 192.0, 0.0, 0.0, 0.0, 0.0, 0.0, 0.0, 0.0, 0.0, 0.0, 1.741116420199428E9, 0.0, 2025-03-04 13:27:00.199
140.0, -66708.26723674146, -62124.930277458465, -57669.3111859931, -59239.11890257823, -67392.81176242969, -63821.78530952756, -72531.5672196826, -68332.7249685198, 0.07, 0.966, -0.176, 192.0, 2.0, 48.0, 30.0, 48.0, 250.0, 128.0, 0.0, 0.0, 0.0, 1.74111642019945E9, 0.0, 2025-03-04 13:27:00.199
141.0, -66699.41594593716, -62052.46592193436, -57663.07504929007, -59224.23264077099, -67391.42595427347, -63821.360626382906, -72514.15521075192, -68339.20697441185, 0.07, 0.966, -0.176, 192.0, 0.0, 0.0, 0.0, 0.0, 0.0, 0.0, 0.0, 0.0, 0.0, 1.741116420199478E9, 0.0, 2025-03-04 13:27:00.199
142.0, -66699.75122210398, -62046.363895698065, -57665.757258624704, -59224.612620426735, -67392.34237579613, -63818.96898972619, -72517.64208288694, -68330.19922139635, 0.07, 0.966, -0.176, 192.0, 0.0, 0.0, 0.0, 0.0, 0.0, 0.0, 0.0, 0.0, 0.0, 1.741116420199499E9, 0.0, 2025-03-04 13:27:00.199
143.0, -66697.91837905865, -62095.73889919984, -57661.10809577801, -59228.524175706414, -67389.68251820595, -63811.145879166834, -72512.27766421768, -68317.63754101247, 0.07, 0.966, -0.176, 192.0, 0.0, 0.0, 0.0, 0.0, 0.0, 0.0, 0.0, 0.0, 0.0, 1.74111642019952E9, 0.0, 2025-03-04 13:27:00.199
144.0, -66687.88244579821, -62114.15673663101, -57655.36369745299, -59223.495033203966, -67387.40264027151, -63806.07203317548, -72500.5653501231, -68318.37514857951, 0.07, 0.966, -0.176, 192.0, 0.0, 0.0, 0.0, 0.0, 0.0, 0.0, 0.0, 0.0, 0.0, 1.741116420199545E9, 0.0, 2025-03-04 13:27:00.199
145.0, -66690.96698653305, -62054.76815161326, -57658.89527307693, -59217.81769011232, -67393.34820429662, -63814.655103046316, -72504.00751876921, -68328.99222719578, 0.07, 0.966, -0.176, 192.0, 0.0, 0.0, 0.0, 0.0, 0.0, 0.0, 0.0, 0.0, 0.0, 1.741116420199567E9, 0.0, 2025-03-04 13:27:00.199
146.0, -66683.4344486516, -62033.0422560027, -57659.834046344055, -59219.359960479735, -67391.67182346247, -63815.19154491324, -72501.28060594566, -68315.93880843387, 0.07, 0.966, -0.176, 192.0, 0.0, 0.0, 0.0, 0.0, 0.0, 0.0, 0.0, 0.0, 0.0, 1.741116420199594E9, 0.0, 2025-03-04 13:27:00.199
147.0, -66704.69095762861, -62086.3064630397, -57667.880674347965, -59237.755446166455, -67396.81272468719, -63823.26052466161, -72510.86950431699, -68321.77261373671, 0.07, 0.966, -0.176, 192.0, 0.0, 0.0, 0.0, 0.0, 0.0, 0.0, 0.0, 0.0, 0.0, 1.741116420199616E9, 0.0, 2025-03-04 13:27:00.199
148.0, -66683.72502132953, -62121.15283264552, -57658.26942423218, -59243.4327892581, -67386.17329432647, -63819.48307984866, -72489.858864529, -68323.82897422659, 0.07, 0.966, -0.176, 192.0, 0.0, 0.0, 0.0, 0.0, 0.0, 0.0, 0.0, 0.0, 0.0, 1.741116420199644E9, 0.0, 2025-03-04 13:27:00.199
149.0, -66692.4422016671, -62074.34827975611, -57662.78447661215, -59238.649515944664, -67394.71166070839, -63830.12251020939, -72505.95212053682, -68341.01746571272, 0.07, 0.966, -0.176, 192.0, 0.0, 0.0, 0.0, 0.0, 0.0, 0.0, 0.0, 0.0, 0.0, 1.741116420259538E9, 0.0, 2025-03-04 13:27:00.259
150.0, -66686.51898938644, -62028.12487222253, -57654.91666256388, -59217.884745345684, -67388.07319260517, -63820.511260093605, -72495.49150413174, -68327.60641903954, 0.064, 0.962, -0.178, 192.0, 2.0, 0.0, 30.0, 16.0, 250.0, 112.0, 0.0, 0.0, 0.0, 1.74111642025957E9, 0.0, 2025-03-04 13:27:00.259
151.0, -66678.31589917134, -62063.217111017366, -57650.379258439454, -59218.08591104578, -67379.19955005641, -63815.63857980235, -72487.28841391664, -68310.99907290925, 0.064, 0.962, -0.178, 192.0, 0.0, 0.0, 0.0, 0.0, 0.0, 0.0, 0.0, 0.0, 0.0, 1.74111642025961E9, 0.0, 2025-03-04 13:27:00.259
152.0, -66686.16136147515, -62105.86423943809, -57655.34134570853, -59226.33370474979, -67381.88175939105, -63821.78530952756, -72490.52941686266, -68311.26729384271, 0.064, 0.962, -0.178, 192.0, 0.0, 0.0, 0.0, 0.0, 0.0, 0.0, 0.0, 0.0, 0.0, 1.741116420259632E9, 0.0, 2025-03-04 13:27:00.259
153.0, -66678.986451505, -62069.11797155356, -57652.32386020707, -59222.42214947011, -67386.79914317121, -63830.167213698296, -72498.12900997746, -68315.6258840115, 0.064, 0.962, -0.178, 192.0, 0.0, 0.0, 0.0, 0.0, 0.0, 0.0, 0.0, 0.0, 0.0, 1.741116420259654E9, 0.0, 2025-03-04 13:27:00.259
154.0, -66683.05446899588, -62018.111290706554, -57658.716459121286, -59217.5271174344, -67395.51632350878, -63829.898992764836, -72504.58866412505, -68322.26435211473, 0.064, 0.962, -0.178, 192.0, 0.0, 0.0, 0.0, 0.0, 0.0, 0.0, 0.0, 0.0, 0.0, 1.741116420259675E9, 0.0, 2025-03-04 13:27:00.259
155.0, -66682.87565504023, -62052.13064576753, -57656.481284675756, -59219.225850013005, -67387.31323329368, -63819.37132112638, -72496.89966403242, -68306.79694495165, 0.064, 0.962, -0.178, 192.0, 0.0, 0.0, 0.0, 0.0, 0.0, 0.0, 0.0, 0.0, 0.0, 1.741116420259697E9, 0.0, 2025-03-04 13:27:00.259
156.0, -66677.86886428224, -62096.8564864226, -57647.36177293799, -59214.1743557661, -67376.4502854884, -63810.69884427772, -72492.7645913082, -68298.59385473655, 0.064, 0.962, -0.178, 192.0, 0.0, 0.0, 0.0, 0.0, 0.0, 0.0, 0.0, 0.0, 0.0, 1.741116420259722E9, 0.0, 2025-03-04 13:27:00.259
157.0, -66685.80373356388, -62080.271492036765, -57650.42396192837, -59215.09077728877, -67381.6582419465, -63815.14684142433, -72503.89576004693, -68307.40044205195, 0.064, 0.962, -0.178, 192.0, 0.0, 0.0, 0.0, 0.0, 0.0, 0.0, 0.0, 0.0, 0.0, 1.741116420259748E9, 0.0, 2025-03-04 13:27:00.259
158.0, -66688.6871085986, -62018.89360176249, -57652.010935784696, -59207.15590800714, -67383.26756754727, -63811.43645184475, -72499.49246638925, -68302.3712995495, 0.064, 0.962, -0.178, 192.0, 0.0, 0.0, 0.0, 0.0, 0.0, 0.0, 0.0, 0.0, 0.0, 1.741116420259769E9, 0.0, 2025-03-04 13:27:00.259
159.0, -66666.62593682122, -62032.95284902488, -57640.09745599001, -59200.65155037065, -67368.31425050668, -63800.48409706165, -72475.19612016632, -68282.96998536229, 0.064, 0.962, -0.178, 192.0, 0.0, 0.0, 0.0, 0.0, 0.0, 0.0, 0.0, 0.0, 0.0, 1.741116420259793E9, 0.0, 2025-03-04 13:27:00.259
160.0, -66657.97581171701, -62081.34437577062, -57631.603793097, -59204.607809139234, -67364.11212254908, -63797.041928415536, -72488.2048354393, -68283.26055804022, 0.064, 0.96, -0.17200000000000001, 192.0, 2.0, 0.0, 30.0, 0.0, 250.0, 160.0, 0.0, 0.0, 0.0, 1.741116420259815E9, 0.0, 2025-03-04 13:27:00.259
161.0, -66678.51706487144, -62083.91482638298, -57640.20921471229, -59212.721492376506, -67377.47846573335, -63807.63665528735, -72496.51968437669, -68294.72700294579, 0.064, 0.96, -0.17200000000000001, 192.0, 0.0, 0.0, 0.0, 0.0, 0.0, 0.0, 0.0, 0.0, 0.0, 1.741116420259841E9, 0.0, 2025-03-04 13:27:00.259
162.0, -66684.239111452, -62022.33577040861, -57648.34524969402, -59212.38621620968, -67389.2578350613, -63816.37618736937, -72496.74320182124, -68308.38391880797, 0.064, 0.96, -0.17200000000000001, 192.0, 0.0, 0.0, 0.0, 0.0, 0.0, 0.0, 0.0, 0.0, 0.0, 1.741116420259863E9, 0.0, 2025-03-04 13:27:00.259
163.0, -66682.69684108459, -62027.633133844516, -57647.4064764269, -59206.217134740014, -67381.72529717986, -63808.59778029893, -72489.09890521753, -68303.39947979445, 0.064, 0.96, -0.17200000000000001, 192.0, 0.0, 0.0, 0.0, 0.0, 0.0, 0.0, 0.0, 0.0, 0.0, 1.74111642025989E9, 0.0, 2025-03-04 13:27:00.259
164.0, -66667.14002694369, -62073.677727422444, -57637.392894910925, -59206.641817884665, -67370.88470111904, -63795.6561202593, -72482.10280920302, -68289.07201159859, 0.064, 0.96, -0.17200000000000001, 192.0, 0.0, 0.0, 0.0, 0.0, 0.0, 0.0, 0.0, 0.0, 0.0, 1.741116420319935E9, 0.0, 2025-03-04 13:27:00.319
165.0, -66659.65219255116, -62080.830285648146, -57638.3540199225, -59210.10633827524, -67379.4007157565, -63802.87573371837, -72506.19798972583, -68304.18179085039, 0.064, 0.96, -0.17200000000000001, 192.0, 0.0, 0.0, 0.0, 0.0, 0.0, 0.0, 0.0, 0.0, 0.0, 1.741116420319966E9, 0.0, 2025-03-04 13:27:00.319
166.0, -66668.68229731111, -62018.13364245101, -57645.61833687047, -59202.08206201578, -67389.0566693612, -63810.587085555446, -72518.15617300943, -68311.40140430945, 0.064, 0.96, -0.17200000000000001, 192.0, 0.0, 0.0, 0.0, 0.0, 0.0, 0.0, 0.0, 0.0, 0.0, 1.741116420320007E9, 0.0, 2025-03-04 13:27:00.320
167.0, -66668.88346301121, -62012.81392727065, -57646.53475839314, -59197.49995440245, -67386.53092223775, -63808.083690176456, -72493.4574953863, -68300.38199429298, 0.064, 0.96, -0.17200000000000001, 192.0, 0.0, 0.0, 0.0, 0.0, 0.0, 0.0, 0.0, 0.0, 0.0, 1.741116420322426E9, 0.0, 2025-03-04 13:27:00.322
168.0, -66679.76876256094, -62065.56404418517, -57654.871959074975, -59213.3249894768, -67390.75540193981, -63816.5102978361, -72471.7092480313, -68308.89800893045, 0.064, 0.96, -0.17200000000000001, 192.0, 0.0, 0.0, 0.0, 0.0, 0.0, 0.0, 0.0, 0.0, 0.0, 1.741116420322449E9, 0.0, 2025-03-04 13:27:00.322
169.0, -66670.82806477882, -62088.586340974136, -57646.84768281552, -59208.944047563564, -67383.98282336985, -63811.79407975604, -72475.08436144404, -68303.77945945019, 0.064, 0.96, -0.17200000000000001, 192.0, 0.0, 0.0, 0.0, 0.0, 0.0, 0.0, 0.0, 0.0, 0.0, 1.741116420322471E9, 0.0, 2025-03-04 13:27:00.322
170.0, -66675.05254448087, -62029.19775595639, -57647.16060723789, -59207.78175685189, -67386.88855014903, -63819.08074844847, -72492.63048084146, -68314.86592470002, 0.07, 0.964, -0.17, 192.0, 2.0, 48.0, 30.0, 32.0, 250.0, 176.0, 0.0, 0.0, 0.0, 1.741116420322493E9, 0.0, 2025-03-04 13:27:00.322
171.0, -66688.10596324276, -62012.54570633718, -57662.96329056779, -59218.64470465716, -67398.53380901025, -63831.50831836562, -72502.93463503536, -68329.5733725516, 0.07, 0.964, -0.17, 192.0, 0.0, 0.0, 0.0, 0.0, 0.0, 0.0, 0.0, 0.0, 0.0, 1.741116420322522E9, 0.0, 2025-03-04 13:27:00.322
172.0, -66670.06810546733, -62049.94017481091, -57649.82046482807, -59210.419262697615, -67385.88272164855, -63818.18667867025, -72489.72475406228, -68306.99811065175, 0.07, 0.964, -0.17, 192.0, 0.0, 0.0, 0.0, 0.0, 0.0, 0.0, 0.0, 0.0, 0.0, 1.741116420322544E9, 0.0, 2025-03-04 13:27:00.322
173.0, -66672.4373903796, -62084.56302697218, -57649.5075404057, -59220.18697502458, -67387.62615771606, -63817.784347270055, -72496.07264948757, -68301.61134023801, 0.07, 0.964, -0.17, 192.0, 0.0, 0.0, 0.0, 0.0, 0.0, 0.0, 0.0, 0.0, 0.0, 1.741116420322565E9, 0.0, 2025-03-04 13:27:00.322
174.0, -66674.38199214722, -62034.7409885813, -57649.88752006144, -59213.39204471017, -67392.72235545187, -63823.14876593933, -72491.26702442969, -68314.08361364408, 0.07, 0.964, -0.17, 192.0, 0.0, 0.0, 0.0, 0.0, 0.0, 0.0, 0.0, 0.0, 0.0, 1.74111642032259E9, 0.0, 2025-03-04 13:27:00.322
175.0, -66677.44418113759, -61995.9830636958, -57648.859339816496, -59201.27739921539, -67391.76123044029, -63820.39950137133, -72490.2611959292, -68303.95827340583, 0.07, 0.964, -0.17, 192.0, 0.0, 0.0, 0.0, 0.0, 0.0, 0.0, 0.0, 0.0, 0.0, 1.741116420322611E9, 0.0, 2025-03-04 13:27:00.322
176.0, -66679.85816953875, -62033.33282868062, -57647.518235149175, -59206.015969039916, -67386.01683211527, -63816.331483880465, -72485.18734993784, -68294.90581690143, 0.07, 0.964, -0.17, 192.0, 0.0, 0.0, 0.0, 0.0, 0.0, 0.0, 0.0, 0.0, 0.0, 1.741116420322636E9, 0.0, 2025-03-04 13:27:00.322
177.0, -66670.09045721179, -62078.41629724697, -57644.657211858896, -59212.56503016532, -67384.4075065145, -63818.94663798173, -72482.88512025894, -68304.82999143959, 0.07, 0.964, -0.17, 192.0, 0.0, 0.0, 0.0, 0.0, 0.0, 0.0, 0.0, 0.0, 0.0, 1.741116420322658E9, 0.0, 2025-03-04 13:27:00.322
178.0, -66682.49567538449, -62048.80023584369, -57643.78549382514, -59202.14911724915, -67387.06736410467, -63814.520992579586, -72479.68882080184, -68297.63272972498, 0.07, 0.964, -0.17, 192.0, 0.0, 0.0, 0.0, 0.0, 0.0, 0.0, 0.0, 0.0, 0.0, 1.741116420322687E9, 0.0, 2025-03-04 13:27:00.322
179.0, -66680.0369834944, -61992.65265377196, -57644.43369441434, -59190.079175243285, -67392.67765196296, -63811.25763788911, -72487.109599961, -68286.76978191969, 0.07, 0.964, -0.17, 192.0, 0.0, 0.0, 0.0, 0.0, 0.0, 0.0, 0.0, 0.0, 0.0, 1.741116420379113E9, 0.0, 2025-03-04 13:27:00.379
180.0, -66686.42958240861, -62031.16470946845, -57651.94388055133, -59202.48439341598, -67396.23157933135, -63811.637617544846, -72497.03377449916, -68291.91068314442, 0.068, 0.962, -0.17200000000000001, 192.0, 2.0, 32.0, 30.0, 16.0, 250.0, 160.0, 0.0, 0.0, 0.0, 1.741116420379148E9, 0.0, 2025-03-04 13:27:00.379
181.0, -66674.71726831404, -62079.8021054032, -57645.46187465929, -59208.51936441891, -67389.03431761674, -63806.49671632013, -72477.92303298987, -68276.62208993698, 0.068, 0.962, -0.17200000000000001, 192.0, 0.0, 0.0, 0.0, 0.0, 0.0, 0.0, 0.0, 0.0, 0.0, 1.741116420379172E9, 0.0, 2025-03-04 13:27:00.379
182.0, -66669.10698045576, -62052.75649461228, -57637.41524665538, -59195.53300089038, -67386.9556053824, -63800.95348369521, -72481.49931210272, -68279.97485160528, 0.068, 0.962, -0.17200000000000001, 192.0, 0.0, 0.0, 0.0, 0.0, 0.0, 0.0, 0.0, 0.0, 0.0, 1.741116420379212E9, 0.0, 2025-03-04 13:27:00.379
183.0, -66685.24493995249, -61997.637092785495, -57649.88752006144, -59201.746785848954, -67400.92544566697, -63813.91749547929, -72500.20772221181, -68299.59968323704, 0.068, 0.962, -0.17200000000000001, 192.0, 0.0, 0.0, 0.0, 0.0, 0.0, 0.0, 0.0, 0.0, 0.0, 1.741116420379235E9, 0.0, 2025-03-04 13:27:00.379
184.0, -66681.735716073, -62015.51848834974, -57650.02163052817, -59219.091739546275, -67397.37151829858, -63817.06909144749, -72483.39921038142, -68298.70561345883, 0.068, 0.962, -0.17200000000000001, 192.0, 0.0, 0.0, 0.0, 0.0, 0.0, 0.0, 0.0, 0.0, 0.0, 1.741116420379256E9, 0.0, 2025-03-04 13:27:00.379
185.0, -66664.6366315647, -62055.796331858204, -57638.3540199225, -59213.704969132545, -67388.25200656081, -63807.100213420425, -72483.33215514805, -68292.82710466709, 0.068, 0.962, -0.17200000000000001, 192.0, 0.0, 0.0, 0.0, 0.0, 0.0, 0.0, 0.0, 0.0, 0.0, 1.741116420379278E9, 0.0, 2025-03-04 13:27:00.379
186.0, -66655.11478842674, -62047.92851780993, -57631.715551819274, -59206.842983584764, -67386.5085704933, -63801.57933253996, -72496.9667192658, -68295.77753493519, 0.068, 0.962, -0.17200000000000001, 192.0, 0.0, 0.0, 0.0, 0.0, 0.0, 0.0, 0.0, 0.0, 0.0, 1.741116420379303E9, 0.0, 2025-03-04 13:27:00.379
187.0, -66667.11767519923, -61989.41165082594, -57640.47743564576, -59207.133556262685, -67390.97891938436, -63810.63178904436, -72498.28547218865, -68306.41696529591, 0.068, 0.962, -0.17200000000000001, 192.0, 0.0, 0.0, 0.0, 0.0, 0.0, 0.0, 0.0, 0.0, 0.0, 1.741116420379325E9, 0.0, 2025-03-04 13:27:00.379
188.0, -66666.40241937667, -61994.9325317064, -57643.830197314055, -59212.319160976316, -67389.28018680576, -63815.482117591164, -72499.53716987815, -68313.27895084368, 0.068, 0.962, -0.17200000000000001, 192.0, 0.0, 0.0, 0.0, 0.0, 0.0, 0.0, 0.0, 0.0, 0.0, 1.741116420379346E9, 0.0, 2025-03-04 13:27:00.379
189.0, -66674.44904738058, -62054.49993067979, -57648.993450283226, -59226.221946027516, -67390.86716066208, -63821.24886766063, -72495.3126901761, -68307.35573856304, 0.068, 0.962, -0.17200000000000001, 192.0, 0.0, 0.0, 0.0, 0.0, 0.0, 0.0, 0.0, 0.0, 0.0, 1.741116420379371E9, 0.0, 2025-03-04 13:27:00.379
190.0, -66675.41017239215, -62070.21320703188, -57649.23931947224, -59224.29969600436, -67390.59893972862, -63825.741568296144, -72488.07072497258, -68310.26146534222, 0.066, 0.968, -0.176, 192.0, 2.0, 16.0, 30.0, 64.0, 250.0, 128.0, 0.0, 0.0, 0.0, 1.741116420379392E9, 0.0, 2025-03-04 13:27:00.379
191.0, -66683.65796609616, -62009.70703479136, -57658.13531376545, -59221.751597136456, -67401.81951544518, -63836.02337074559, -72506.53326589266, -68321.77261373671, 0.066, 0.968, -0.176, 192.0, 0.0, 0.0, 0.0, 0.0, 0.0, 0.0, 0.0, 0.0, 0.0, 1.741116420379418E9, 0.0, 2025-03-04 13:27:00.379
192.0, -66675.00784099197, -61992.876171216514, -57648.97109853877, -59209.97222780851, -67388.83315191665, -63822.34410313894, -72484.74031504874, -68306.5287240182, 0.066, 0.968, -0.176, 192.0, 0.0, 0.0, 0.0, 0.0, 0.0, 0.0, 0.0, 0.0, 0.0, 1.741116420379441E9, 0.0, 2025-03-04 13:27:00.379
193.0, -66672.77266654643, -62042.51939565175, -57646.42299967087, -59215.20253601105, -67385.18981757043, -63820.62301881588, -72486.72962030525, -68306.5734275071, 0.066, 0.968, -0.176, 192.0, 0.0, 0.0, 0.0, 0.0, 0.0, 0.0, 0.0, 0.0, 0.0, 1.741116420379466E9, 0.0, 2025-03-04 13:27:00.379
194.0, -66679.92522477213, -62074.81766638967, -57653.5085026632, -59225.19376578257, -67392.92352115197, -63835.50928062312, -72496.58673961005, -68321.54909629216, 0.066, 0.968, -0.176, 192.0, 0.0, 0.0, 0.0, 0.0, 0.0, 0.0, 0.0, 0.0, 0.0, 1.741116420438988E9, 0.0, 2025-03-04 13:27:00.438
195.0, -66684.484980641, -62019.3406366516, -57652.43561892935, -59216.72245463401, -67395.71748920888, -63840.29255393655, -72493.43514364185, -68319.00099742424, 0.066, 0.968, -0.176, 192.0, 0.0, 0.0, 0.0, 0.0, 0.0, 0.0, 0.0, 0.0, 0.0, 1.741116420439021E9, 0.0, 2025-03-04 13:27:00.439
196.0, -66670.60454733427, -61986.64003451348, -57647.29471770462, -59209.18991675257, -67389.21313157238, -63833.00588524412, -72491.60230059651, -68319.78330848018, 0.066, 0.968, -0.176, 192.0, 0.0, 0.0, 0.0, 0.0, 0.0, 0.0, 0.0, 0.0, 0.0, 1.741116420439042E9, 0.0, 2025-03-04 13:27:00.439
197.0, -66657.57348031682, -62024.682703576414, -57636.2529559437, -59207.53588766288, -67376.4055819995, -63822.09823394993, -72484.2038731818, -68313.83774445507, 0.066, 0.968, -0.176, 192.0, 0.0, 0.0, 0.0, 0.0, 0.0, 0.0, 0.0, 0.0, 0.0, 1.741116420439084E9, 0.0, 2025-03-04 13:27:00.439
198.0, -66664.65898330916, -62064.71467789587, -57636.58823211053, -59214.01789355492, -67378.84192214512, -63820.98064672717, -72486.86373077199, -68297.63272972498, 0.066, 0.968, -0.176, 192.0, 0.0, 0.0, 0.0, 0.0, 0.0, 0.0, 0.0, 0.0, 0.0, 1.741116420439105E9, 0.0, 2025-03-04 13:27:00.439
199.0, -66677.64534683769, -62028.23663094481, -57638.82340655606, -59209.368730708215, -67384.63102395905, -63824.221649673185, -72485.67908831585, -68292.29066280015, 0.066, 0.968, -0.176, 192.0, 0.0, 0.0, 0.0, 0.0, 0.0, 0.0, 0.0, 0.0, 0.0, 1.741116420439127E9, 0.0, 2025-03-04 13:27:00.439
200.0, -66683.74737307399, -61989.232836870295, -57645.3054124481, -59206.015969039916, -67391.56006474019, -63825.80862352951, -72489.81416104009, -68304.2711978282, 0.07200000000000001, 0.962, -0.17400000000000002, 192.0, 2.0, 64.0, 30.0, 16.0, 250.0, 144.0, 0.0, 0.0, 0.0, 1.741116420439148E9, 0.0, 2025-03-04 13:27:00.439
201.0, -66678.11473347124, -62029.8906600345, -57643.31610719158, -59206.44065218457, -67384.16163732548, -63816.2644286471, -72475.86667249998, -68299.0185378812, 0.07200000000000001, 0.962, -0.17400000000000002, 192.0, 0.0, 0.0, 0.0, 0.0, 0.0, 0.0, 0.0, 0.0, 0.0, 1.741116420439171E9, 0.0, 2025-03-04 13:27:00.439
202.0, -66683.16622771815, -62079.33271876964, -57645.46187465929, -59212.05094004285, -67386.5085704933, -63814.29747513503, -72475.21847191078, -68299.4655727703, 0.07200000000000001, 0.962, -0.17400000000000002, 192.0, 0.0, 0.0, 0.0, 0.0, 0.0, 0.0, 0.0, 0.0, 0.0, 1.741116420439197E9, 0.0, 2025-03-04 13:27:00.439
203.0, -66675.96896600354, -62044.106369508074, -57634.26365068718, -59199.4222044256, -67380.51830297927, -63804.2615418746, -72467.9094514739, -68294.12350584549, 0.07200000000000001, 0.962, -0.17400000000000002, 192.0, 0.0, 0.0, 0.0, 0.0, 0.0, 0.0, 0.0, 0.0, 0.0, 1.741116420439218E9, 0.0, 2025-03-04 13:27:00.439
204.0, -66690.47524815504, -61992.384432838495, -57648.41230492739, -59199.06457651432, -67397.17035259848, -63818.05256820352, -72492.92105351939, -68314.73181423328, 0.07200000000000001, 0.962, -0.17400000000000002, 192.0, 0.0, 0.0, 0.0, 0.0, 0.0, 0.0, 0.0, 0.0, 0.0, 1.741116420439242E9, 0.0, 2025-03-04 13:27:00.439
205.0, -66685.84843705279, -62024.77211055424, -57652.23445322925, -59206.95474230704, -67392.52118975177, -63813.448108845725, -72486.86373077199, -68315.11179388902, 0.07200000000000001, 0.962, -0.17400000000000002, 192.0, 0.0, 0.0, 0.0, 0.0, 0.0, 0.0, 0.0, 0.0, 0.0, 1.741116420439264E9, 0.0, 2025-03-04 13:27:00.439
206.0, -66684.21675970755, -62075.06353557868, -57656.03424978665, -59222.10922504774, -67397.19270434293, -63818.63371355936, -72495.02211749819, -68308.2721600857, 0.07200000000000001, 0.962, -0.17400000000000002, 192.0, 0.0, 0.0, 0.0, 0.0, 0.0, 0.0, 0.0, 0.0, 0.0, 1.741116420439285E9, 0.0, 2025-03-04 13:27:00.439
207.0, -66682.67448934013, -62065.51934069626, -57657.97885155426, -59219.784643624385, -67403.5629515127, -63825.898030507335, -72507.74026009325, -68322.01848292572, 0.07200000000000001, 0.962, -0.17400000000000002, 192.0, 0.0, 0.0, 0.0, 0.0, 0.0, 0.0, 0.0, 0.0, 0.0, 1.741116420439311E9, 0.0, 2025-03-04 13:27:00.439
208.0, -66687.23424520901, -61998.4864590748, -57658.09061027654, -59209.39108245267, -67405.77577421376, -63824.82514677348, -72518.13382126497, -68324.2760091157, 0.07200000000000001, 0.962, -0.17400000000000002, 192.0, 0.0, 0.0, 0.0, 0.0, 0.0, 0.0, 0.0, 0.0, 0.0, 1.741116420439335E9, 0.0, 2025-03-04 13:27:00.439
209.0, -66674.71726831404, -62010.75756678076, -57649.328726450054, -59208.876992330195, -67390.93421589544, -63815.99620771363, -72494.32921342006, -68316.34113983407, 0.07200000000000001, 0.962, -0.17400000000000002, 192.0, 0.0, 0.0, 0.0, 0.0, 0.0, 0.0, 0.0, 0.0, 0.0, 1.741116420499153E9, 0.0, 2025-03-04 13:27:00.499
210.0, -66672.07976246832, -62061.6971923944, -57650.401610183915, -59214.554335421846, -67392.99057638533, -63821.04770196053, -72502.73346933526, -68321.07970965859, 0.07200000000000001, 0.964, -0.17200000000000001, 192.0, 2.0, 64.0, 30.0, 32.0, 250.0, 160.0, 0.0, 0.0, 0.0, 1.741116420499201E9, 0.0, 2025-03-04 13:27:00.499
211.0, -66678.15943696015, -62066.7486866413, -57654.5590346526, -59223.562088437335, -67396.54450375373, -63831.351856154426, -72517.41856544239, -68332.74732026426, 0.07200000000000001, 0.964, -0.17200000000000001, 192.0, 0.0, 0.0, 0.0, 0.0, 0.0, 0.0, 0.0, 0.0, 0.0, 1.741116420499225E9, 0.0, 2025-03-04 13:27:00.499
212.0, -66689.24590221, -62003.1356219215, -57659.25290098821, -59216.6777511451, -67401.17131485598, -63840.024333003086, -72512.07649851758, -68337.50824183325, 0.07200000000000001, 0.964, -0.17200000000000001, 192.0, 0.0, 0.0, 0.0, 0.0, 0.0, 0.0, 0.0, 0.0, 0.0, 1.741116420499258E9, 0.0, 2025-03-04 13:27:00.499
213.0, -66683.27798644043, -62006.33192137861, -57658.31412772109, -59213.66026564363, -67394.57755024167, -63834.436396889265, -72499.04543150014, -68331.78619525269, 0.07200000000000001, 0.964, -0.17200000000000001, 192.0, 0.0, 0.0, 0.0, 0.0, 0.0, 0.0, 0.0, 0.0, 0.0, 1.74111642049928E9, 0.0, 2025-03-04 13:27:00.499
214.0, -66667.81057927736, -62059.19379701541, -57651.161569495394, -59223.38327448169, -67388.31906179417, -63835.688094578756, -72498.24076869975, -68335.98832321029, 0.07200000000000001, 0.964, -0.17200000000000001, 192.0, 0.0, 0.0, 0.0, 0.0, 0.0, 0.0, 0.0, 0.0, 0.0, 1.741116420499302E9, 0.0, 2025-03-04 13:27:00.499
215.0, -66687.45776265356, -62086.46292525088, -57661.68924113384, -59232.10045481926, -67401.32777706716, -63845.120530738895, -72514.0658037741, -68329.81924174062, 0.07200000000000001, 0.964, -0.17200000000000001, 192.0, 0.0, 0.0, 0.0, 0.0, 0.0, 0.0, 0.0, 0.0, 0.0, 1.741116420499323E9, 0.0, 2025-03-04 13:27:00.499
216.0, -66700.73469886002, -62029.80125305668, -57665.24316850224, -59220.81282386933, -67405.59696025813, -63840.024333003086, -72517.0162340422, -68325.95238994985, 0.07200000000000001, 0.964, -0.17200000000000001, 192.0, 0.0, 0.0, 0.0, 0.0, 0.0, 0.0, 0.0, 0.0, 0.0, 1.741116420499344E9, 0.0, 2025-03-04 13:27:00.499
217.0, -66679.56759686084, -62009.304703391164, -57654.98371779725, -59208.117033018716, -67393.48231476334, -63825.92038225179, -72507.36028043751, -68318.59866602406, 0.07200000000000001, 0.964, -0.17200000000000001, 192.0, 0.0, 0.0, 0.0, 0.0, 0.0, 0.0, 0.0, 0.0, 0.0, 1.741116420499369E9, 0.0, 2025-03-04 13:27:00.499
218.0, -66678.67352708263, -62058.50089293729, -57651.98858404024, -59212.60973365423, -67388.40846877199, -63819.751300782125, -72496.05029774312, -68306.23815134027, 0.07200000000000001, 0.964, -0.17200000000000001, 192.0, 0.0, 0.0, 0.0, 0.0, 0.0, 0.0, 0.0, 0.0, 0.0, 1.74111642049939E9, 0.0, 2025-03-04 13:27:00.499
219.0, -66676.28189042592, -62084.63008220555, -57645.908909548394, -59215.180184266595, -67381.97116636886, -63816.39853911383, -72477.67716380086, -68310.55203802015, 0.07200000000000001, 0.964, -0.17200000000000001, 192.0, 0.0, 0.0, 0.0, 0.0, 0.0, 0.0, 0.0, 0.0, 0.0, 1.741116420499415E9, 0.0, 2025-03-04 13:27:00.499
220.0, -66688.0389080094, -62032.997552513785, -57651.34038345103, -59214.15200402165, -67394.33168105264, -63824.53457409556, -72500.52064663418, -68327.06997717262, 0.07200000000000001, 0.97, -0.178, 192.0, 2.0, 64.0, 30.0, 80.0, 250.0, 112.0, 0.0, 0.0, 0.0, 1.741116420499436E9, 0.0, 2025-03-04 13:27:00.499
221.0, -66682.04864049538, -62000.20754339785, -57646.98179328225, -59204.898381817155, -67391.82828567366, -63822.70173105023, -72491.87052152999, -68313.70363398833, 0.07200000000000001, 0.97, -0.178, 192.0, 0.0, 0.0, 0.0, 0.0, 0.0, 0.0, 0.0, 0.0, 0.0, 1.74111642049946E9, 0.0, 2025-03-04 13:27:00.499
222.0, -66685.15553297466, -62048.71082886587, -57648.278194460654, -59212.69914063205, -67389.36959378357, -63822.52291709458, -72482.01340222519, -68313.94950317735, 0.07200000000000001, 0.97, -0.178, 192.0, 0.0, 0.0, 0.0, 0.0, 0.0, 0.0, 0.0, 0.0, 0.0, 1.741116420499484E9, 0.0, 2025-03-04 13:27:00.499
223.0, -66691.95046328909, -62095.358919544095, -57651.67565961787, -59221.66219015863, -67387.20147457141, -63823.595800828436, -72480.24761441322, -68309.03211939718, 0.07200000000000001, 0.97, -0.178, 192.0, 0.0, 0.0, 0.0, 0.0, 0.0, 0.0, 0.0, 0.0, 0.0, 1.741116420499508E9, 0.0, 2025-03-04 13:27:00.499
224.0, -66683.7920765629, -62048.107331765576, -57643.29375544712, -59204.71956786151, -67382.46290474688, -63818.18667867025, -72488.47305637278, -68303.39947979445, 0.07200000000000001, 0.97, -0.178, 192.0, 0.0, 0.0, 0.0, 0.0, 0.0, 0.0, 0.0, 0.0, 0.0, 1.7411164205596E9, 0.0, 2025-03-04 13:27:00.559
225.0, -66684.239111452, -62003.20267715486, -57644.67956360336, -59194.59422762325, -67384.83218965915, -63819.192507170745, -72490.7082308183, -68308.09334613006, 0.07200000000000001, 0.97, -0.178, 192.0, 0.0, 0.0, 0.0, 0.0, 0.0, 0.0, 0.0, 0.0, 0.0, 1.741116420559633E9, 0.0, 2025-03-04 13:27:00.559
226.0, -66675.34311715879, -62033.846918803094, -57637.41524665538, -59189.98976826546, -67374.84095988762, -63810.63178904436, -72474.19029166583, -68298.75031694774, 0.07200000000000001, 0.97, -0.178, 192.0, 0.0, 0.0, 0.0, 0.0, 0.0, 0.0, 0.0, 0.0, 0.0, 1.741116420559656E9, 0.0, 2025-03-04 13:27:00.559
227.0, -66679.6346520942, -62081.21026530389, -57641.05858100159, -59198.5728381363, -67381.0547448462, -63813.20223965672, -72477.54305333413, -68298.03506112518, 0.07200000000000001, 0.97, -0.178, 192.0, 0.0, 0.0, 0.0, 0.0, 0.0, 0.0, 0.0, 0.0, 0.0, 1.741116420559702E9, 0.0, 2025-03-04 13:27:00.559
228.0, -66685.37905041921, -62059.12674178204, -57648.859339816496, -59202.39498643816, -67391.71652695138, -63821.18181242726, -72486.88608251644, -68312.0272531542, 0.07200000000000001, 0.97, -0.178, 192.0, 0.0, 0.0, 0.0, 0.0, 0.0, 0.0, 0.0, 0.0, 0.0, 1.741116420559723E9, 0.0, 2025-03-04 13:27:00.559
229.0, -66685.06612599685, -62005.72842427831, -57648.47936016075, -59196.58353287978, -67386.86619840458, -63817.18085016977, -72483.22039642578, -68306.9757589073, 0.07200000000000001, 0.97, -0.178, 192.0, 0.0, 0.0, 0.0, 0.0, 0.0, 0.0, 0.0, 0.0, 0.0, 1.741116420559745E9, 0.0, 2025-03-04 13:27:00.559
230.0, -66685.7366783305, -62030.829433301624, -57653.24028172973, -59203.60198063874, -67386.97795712686, -63822.29939965003, -72485.09794296003, -68310.3732240645, 0.07200000000000001, 0.978, -0.17400000000000002, 192.0, 2.0, 64.0, 30.0, 144.0, 250.0, 144.0, 0.0, 0.0, 0.0, 1.741116420559766E9, 0.0, 2025-03-04 13:27:00.559
231.0, -66688.70946034306, -62086.59703571761, -57657.08478177605, -59215.47075694451, -67388.56493098318, -63823.75226303963, -72491.22232094078, -68306.19344785136, 0.07200000000000001, 0.978, -0.17400000000000002, 192.0, 0.0, 0.0, 0.0, 0.0, 0.0, 0.0, 0.0, 0.0, 0.0, 1.741116420559789E9, 0.0, 2025-03-04 13:27:00.559
232.0, -66686.96602427555, -62072.71660241087, -57652.92735730736, -59202.26087597143, -67389.0566693612, -63818.45489960372, -72494.28450993115, -68306.26050308472, 0.07200000000000001, 0.978, -0.17400000000000002, 192.0, 0.0, 0.0, 0.0, 0.0, 0.0, 0.0, 0.0, 0.0, 0.0, 1.741116420559816E9, 0.0, 2025-03-04 13:27:00.559
233.0, -66674.04671598038, -62003.94028472189, -57645.03719151464, -59187.352262419736, -67381.99351811332, -63810.92236172228, -72487.1543034499, -68303.89121817246, 0.07200000000000001, 0.978, -0.17400000000000002, 192.0, 0.0, 0.0, 0.0, 0.0, 0.0, 0.0, 0.0, 0.0, 0.0, 1.741116420559837E9, 0.0, 2025-03-04 13:27:00.559
234.0, -66673.71143981355, -62014.02092147123, -57646.691220604334, -59192.06848049981, -67383.31227103618, -63814.38688211285, -72488.5624633506, -68307.75806996322, 0.07200000000000001, 0.978, -0.17400000000000002, 192.0, 0.0, 0.0, 0.0, 0.0, 0.0, 0.0, 0.0, 0.0, 0.0, 1.741116420559862E9, 0.0, 2025-03-04 13:27:00.559
235.0, -66668.41407637764, -62067.97803258635, -57641.48326414624, -59201.97030329351, -67376.56204421069, -63808.48602157665, -72489.4565331288, -68301.43252628238, 0.07200000000000001, 0.978, -0.17400000000000002, 192.0, 0.0, 0.0, 0.0, 0.0, 0.0, 0.0, 0.0, 0.0, 0.0, 1.741116420559884E9, 0.0, 2025-03-04 13:27:00.559
236.0, -66670.91747175663, -62073.94594835591, -57641.237394957236, -59205.43482368408, -67381.77000066877, -63813.7610332681, -72498.8666175445, -68305.29937807315, 0.07200000000000001, 0.978, -0.17400000000000002, 192.0, 0.0, 0.0, 0.0, 0.0, 0.0, 0.0, 0.0, 0.0, 0.0, 1.741116420559905E9, 0.0, 2025-03-04 13:27:00.559
237.0, -66679.14291371619, -62011.94220923689, -57643.181996724845, -59194.23659971197, -67388.63198621655, -63820.2653909046, -72496.1620564654, -68313.94950317735, 0.07200000000000001, 0.978, -0.17400000000000002, 192.0, 0.0, 0.0, 0.0, 0.0, 0.0, 0.0, 0.0, 0.0, 0.0, 1.741116420559932E9, 0.0, 2025-03-04 13:27:00.559
238.0, -66665.41894262063, -62007.24834290127, -57633.52604312015, -59189.11805023171, -67376.8526168886, -63811.972893711674, -72486.12612320497, -68305.79111645116, 0.07200000000000001, 0.978, -0.17400000000000002, 192.0, 0.0, 0.0, 0.0, 0.0, 0.0, 0.0, 0.0, 0.0, 0.0, 1.741116420559956E9, 0.0, 2025-03-04 13:27:00.559
239.0, -66662.98260247501, -62058.65735514848, -57631.73790356373, -59194.817745067805, -67373.4998552203, -63814.25277164612, -72490.3058994181, -68309.41209905292, 0.07200000000000001, 0.978, -0.17400000000000002, 192.0, 0.0, 0.0, 0.0, 0.0, 0.0, 0.0, 0.0, 0.0, 0.0, 1.741116420619893E9, 0.0, 2025-03-04 13:27:00.619
240.0, -66671.31980315683, -62084.65243395, -57638.3540199225, -59205.81480333982, -67385.48039024835, -63824.556925840014, -72512.70234736233, -68319.26921835772, 0.07200000000000001, 0.966, -0.17400000000000002, 192.0, 2.0, 64.0, 30.0, 48.0, 250.0, 144.0, 0.0, 0.0, 0.0, 1.741116420619925E9, 0.0, 2025-03-04 13:27:00.619
241.0, -66674.94078575859, -62026.001456499274, -57642.01970601317, -59201.5232684044, -67395.89630316453, -63831.575373598986, -72534.54000169516, -68329.64042778498, 0.07200000000000001, 0.966, -0.17400000000000002, 192.0, 0.0, 0.0, 0.0, 0.0, 0.0, 0.0, 0.0, 0.0, 0.0, 1.741116420619949E9, 0.0, 2025-03-04 13:27:00.619
242.0, -66683.09917248478, -62011.87515400352, -57640.83506355704, -59196.69529160205, -67387.87202690507, -63828.624943330884, -72487.73544880575, -68320.18563988038, 0.07200000000000001, 0.966, -0.17400000000000002, 192.0, 0.0, 0.0, 0.0, 0.0, 0.0, 0.0, 0.0, 0.0, 0.0, 1.741116420619988E9, 0.0, 2025-03-04 13:27:00.619
243.0, -66679.67935558312, -62057.49506443681, -57635.67181058786, -59200.204515481535, -67381.88175939105, -63821.65119906083, -72487.60133833902, -68312.42958455438, 0.07200000000000001, 0.966, -0.17400000000000002, 192.0, 0.0, 0.0, 0.0, 0.0, 0.0, 0.0, 0.0, 0.0, 0.0, 1.741116420620009E9, 0.0, 2025-03-04 13:27:00.620
244.0, -66656.56765181634, -62079.355070514095, -57626.52994710564, -59196.0694427573, -67373.7010209204, -63810.22945764416, -72479.15237893492, -68307.31103507412, 0.07200000000000001, 0.966, -0.17400000000000002, 192.0, 0.0, 0.0, 0.0, 0.0, 0.0, 0.0, 0.0, 0.0, 0.0, 1.741116420620031E9, 0.0, 2025-03-04 13:27:00.620
245.0, -66665.12836994271, -62021.396997141484, -57629.905060518395, -59191.57674212179, -67378.5066459783, -63816.77851876957, -72469.96581196378, -68319.93977069137, 0.07200000000000001, 0.966, -0.17400000000000002, 192.0, 0.0, 0.0, 0.0, 0.0, 0.0, 0.0, 0.0, 0.0, 0.0, 1.741116420620052E9, 0.0, 2025-03-04 13:27:00.620
246.0, -66669.75518104497, -61988.29406360318, -57633.1013599755, -59190.03447175437, -67379.42306750096, -63814.431585601764, -72484.89677725993, -68323.96308469333, 0.07200000000000001, 0.966, -0.17400000000000002, 192.0, 0.0, 0.0, 0.0, 0.0, 0.0, 0.0, 0.0, 0.0, 0.0, 1.741116420620073E9, 0.0, 2025-03-04 13:27:00.620
247.0, -66670.53749210089, -62033.60104961408, -57636.856453044, -59199.06457651432, -67379.69128843442, -63810.318864621986, -72500.54299837865, -68299.37616579249, 0.07200000000000001, 0.966, -0.17400000000000002, 192.0, 0.0, 0.0, 0.0, 0.0, 0.0, 0.0, 0.0, 0.0, 0.0, 1.741116420620098E9, 0.0, 2025-03-04 13:27:00.620
248.0, -66661.99912571897, -62074.70590766739, -57627.55812735059, -59194.66128285662, -67364.22388127135, -63797.511315049094, -72460.86865197046, -68276.08564807006, 0.07200000000000001, 0.966, -0.17400000000000002, 192.0, 0.0, 0.0, 0.0, 0.0, 0.0, 0.0, 0.0, 0.0, 0.0, 1.741116420620119E9, 0.0, 2025-03-04 13:27:00.620
249.0, -66667.72117229953, -62025.21914544334, -57624.4512348713, -59177.85277102623, -67365.0955993051, -63794.225608614164, -72449.75983497618, -68282.29943302863, 0.07200000000000001, 0.966, -0.17400000000000002, 192.0, 0.0, 0.0, 0.0, 0.0, 0.0, 0.0, 0.0, 0.0, 0.0, 1.74111642062014E9, 0.0, 2025-03-04 13:27:00.620
250.0, -66690.3411376883, -61987.422345569415, -57643.181996724845, -59183.55246586233, -67384.6086722146, -63809.51420182159, -72476.20194866681, -68302.23718908276, 0.074, 0.96, -0.17400000000000002, 192.0, 2.0, 80.0, 30.0, 0.0, 250.0, 144.0, 0.0, 0.0, 0.0, 1.741116420620165E9, 0.0, 2025-03-04 13:27:00.620
251.0, -66667.02826822142, -62018.84889827358, -57628.18397619534, -59177.830419281774, -67366.05672431669, -63787.49773353311, -72460.30985835909, -68283.28290978467, 0.074, 0.96, -0.17400000000000002, 192.0, 0.0, 0.0, 0.0, 0.0, 0.0, 0.0, 0.0, 0.0, 0.0, 1.741116420620187E9, 0.0, 2025-03-04 13:27:00.620
252.0, -66668.68229731111, -62066.05578256319, -57632.78843555313, -59190.79443106586, -67373.20928254239, -63789.397631811815, -72466.94832646231, -68286.79213366414, 0.074, 0.96, -0.17400000000000002, 192.0, 0.0, 0.0, 0.0, 0.0, 0.0, 0.0, 0.0, 0.0, 0.0, 1.741116420620212E9, 0.0, 2025-03-04 13:27:00.620
253.0, -66677.19831194858, -62043.10054100759, -57636.92350827736, -59189.922713032094, -67381.92646287996, -63795.52200979257, -72480.53818709114, -68294.01174712322, 0.074, 0.96, -0.17400000000000002, 192.0, 0.0, 0.0, 0.0, 0.0, 0.0, 0.0, 0.0, 0.0, 0.0, 1.741116420620233E9, 0.0, 2025-03-04 13:27:00.620
254.0, -66683.81442830735, -61991.9821014383, -57643.4055141694, -59190.86148629922, -67389.59311122813, -63807.033158187056, -72496.72085007679, -68312.2731223432, 0.074, 0.96, -0.17400000000000002, 192.0, 0.0, 0.0, 0.0, 0.0, 0.0, 0.0, 0.0, 0.0, 0.0, 1.741116420680115E9, 0.0, 2025-03-04 13:27:00.680
255.0, -66684.39557366319, -62023.006322742265, -57645.5065781482, -59199.936294548075, -67389.86133216158, -63813.7610332681, -72502.42054491288, -68323.33723584858, 0.074, 0.96, -0.17400000000000002, 192.0, 0.0, 0.0, 0.0, 0.0, 0.0, 0.0, 0.0, 0.0, 0.0, 1.741116420680145E9, 0.0, 2025-03-04 13:27:00.680
0.0, -66670.80571303437, -62071.889587866026, -57636.09649373252, -59201.187992237574, -67383.6028437141, -63809.02246344358, -72505.59449262553, -68313.1224886325, 0.074, 0.96, -0.17400000000000002, 192.0, 0.0, 0.0, 0.0, 0.0, 0.0, 0.0, 0.0, 0.0, 0.0, 1.741116420680168E9, 0.0, 2025-03-04 13:27:00.680
1.0, -66669.97869848952, -62061.56308192767, -57635.26947918767, -59197.74582359145, -67389.66016646149, -63814.789213513046, -72516.47979217528, -68320.20799162483, 0.074, 0.96, -0.17400000000000002, 192.0, 0.0, 0.0, 0.0, 0.0, 0.0, 0.0, 0.0, 0.0, 0.0, 1.741116420680204E9, 0.0, 2025-03-04 13:27:00.680
2.0, -66672.77266654643, -61995.75954625125, -57633.01195299768, -59185.43001239658, -67389.19077982793, -63811.92819022277, -72514.78105959667, -68324.05249167114, 0.074, 0.96, -0.17400000000000002, 192.0, 0.0, 0.0, 0.0, 0.0, 0.0, 0.0, 0.0, 0.0, 0.0, 1.741116420680225E9, 0.0, 2025-03-04 13:27:00.680
3.0, -66681.66866083964, -62009.997607469275, -57639.918642034376, -59190.61561711021, -67393.72818395236, -63818.74547228163, -72515.45161193033, -68339.25167790076, 0.074, 0.96, -0.17400000000000002, 192.0, 0.0, 0.0, 0.0, 0.0, 0.0, 0.0, 0.0, 0.0, 0.0, 1.741116420680246E9, 0.0, 2025-03-04 13:27:00.680
4.0, -66687.48011439801, -62069.16267504248, -57642.93612753584, -59198.90811430313, -67396.96918689838, -63822.92524849478, -72519.49727767674, -68344.41493086993, 0.07, 0.964, -0.17400000000000002, 192.0, 2.0, 48.0, 30.0, 32.0, 250.0, 144.0, 0.0, 0.0, 0.0, 1.741116420680268E9, 0.0, 2025-03-04 13:27:00.680
5.0, -66690.49759989949, -62083.33368102714, -57643.964307780785, -59206.46300392902, -67399.71845146638, -63826.07684446298, -72524.63817890146, -68328.38873009548, 0.07, 0.964, -0.17400000000000002, 192.0, 0.0, 0.0, 0.0, 0.0, 0.0, 0.0, 0.0, 0.0, 0.0, 1.74111642068029E9, 0.0, 2025-03-04 13:27:00.680
6.0, -66690.36348943276, -62025.19679369889, -57643.00318276921, -59200.91977130411, -67393.25879731879, -63826.523879352084, -72516.68095787537, -68329.86394522953, 0.07, 0.964, -0.17400000000000002, 192.0, 0.0, 0.0, 0.0, 0.0, 0.0, 0.0, 0.0, 0.0, 0.0, 1.741116420680315E9, 0.0, 2025-03-04 13:27:00.680
7.0, -66679.3887829052, -62015.94317149439, -57636.23060419925, -59196.6729398576, -67380.652413446, -63819.97481822668, -72518.89378057644, -68331.6744365304, 0.07, 0.964, -0.17400000000000002, 192.0, 0.0, 0.0, 0.0, 0.0, 0.0, 0.0, 0.0, 0.0, 0.0, 1.741116420680335E9, 0.0, 2025-03-04 13:27:00.680
8.0, -66674.44904738058, -62063.95471858439, -57633.57074660907, -59206.95474230704, -67378.81957040066, -63819.17015542628, -72532.55069643864, -68340.16809942342, 0.07, 0.964, -0.17400000000000002, 192.0, 0.0, 0.0, 0.0, 0.0, 0.0, 0.0, 0.0, 0.0, 0.0, 1.741116420680356E9, 0.0, 2025-03-04 13:27:00.680
9.0, -66680.30520442787, -62082.9537013714, -57634.107188475995, -59211.35803596474, -67383.17816056946, -63822.8134897725, -72506.53326589266, -68339.1846226674, 0.07, 0.964, -0.17400000000000002, 192.0, 0.0, 0.0, 0.0, 0.0, 0.0, 0.0, 0.0, 0.0, 0.0, 1.74111642068038E9, 0.0, 2025-03-04 13:27:00.680
10.0, -66681.735716073, -62019.720616307335, -57629.145101206916, -59196.158849735126, -67385.41333501498, -63816.040911202545, -72489.2553674287, -68312.72015723231, 0.07, 0.964, -0.17400000000000002, 192.0, 0.0, 0.0, 0.0, 0.0, 0.0, 0.0, 0.0, 0.0, 0.0, 1.741116420680402E9, 0.0, 2025-03-04 13:27:00.680
11.0, -66691.43637316661, -62008.56709582414, -57640.58919436803, -59202.19382073806, -67395.18104734195, -63825.65216131833, -72496.07264948757, -68330.75801500774, 0.07, 0.964, -0.17400000000000002, 192.0, 0.0, 0.0, 0.0, 0.0, 0.0, 0.0, 0.0, 0.0, 0.0, 1.741116420680428E9, 0.0, 2025-03-04 13:27:00.680
12.0, -66677.42182939313, -62057.07038129216, -57625.74763604971, -59195.57770437929, -67377.74668666681, -63802.24988487362, -72474.95025097732, -68306.39461355146, 0.07, 0.964, -0.17400000000000002, 192.0, 0.0, 0.0, 0.0, 0.0, 0.0, 0.0, 0.0, 0.0, 0.0, 1.741116420680449E9, 0.0, 2025-03-04 13:27:00.680
13.0, -66683.68031784061, -62094.68836721044, -57627.98281049524, -59198.48343115848, -67379.3560122676, -63802.58516104045, -72477.54305333413, -68286.45685749732, 0.07, 0.964, -0.17400000000000002, 192.0, 0.0, 0.0, 0.0, 0.0, 0.0, 0.0, 0.0, 0.0, 0.0, 1.741116420739504E9, 0.0, 2025-03-04 13:27:00.739
14.0, -66686.67545159764, -62043.94990729689, -57626.97698199475, -59188.15692522013, -67381.39002101302, -63807.994283198634, -72484.56150109309, -68307.75806996322, 0.068, 0.962, -0.182, 192.0, 2.0, 32.0, 30.0, 16.0, 250.0, 80.0, 0.0, 0.0, 0.0, 1.741116420739532E9, 0.0, 2025-03-04 13:27:00.739
15.0, -66690.96698653305, -62003.76147076625, -57632.94489776432, -59187.26285544191, -67387.29088154923, -63811.30234137802, -72496.43027739886, -68329.9757039518, 0.068, 0.962, -0.182, 192.0, 0.0, 0.0, 0.0, 0.0, 0.0, 0.0, 0.0, 0.0, 0.0, 1.741116420739555E9, 0.0, 2025-03-04 13:27:00.739
16.0, -66685.37905041921, -62044.46399741936, -57631.715551819274, -59191.48733514397, -67382.17233206896, -63796.885466204345, -72499.69363208934, -68297.29745355815, 0.068, 0.962, -0.182, 192.0, 0.0, 0.0, 0.0, 0.0, 0.0, 0.0, 0.0, 0.0, 0.0, 1.741116420739588E9, 0.0, 2025-03-04 13:27:00.739
17.0, -66670.49278861198, -62083.22192230487, -57622.10430170349, -59187.37461416419, -67369.00715458479, -63783.876750931355, -72484.67325981538, -68283.6181859515, 0.068, 0.962, -0.182, 192.0, 0.0, 0.0, 0.0, 0.0, 0.0, 0.0, 0.0, 0.0, 0.0, 1.741116420739614E9, 0.0, 2025-03-04 13:27:00.739
18.0, -66681.82512305083, -62043.32405845214, -57626.909926761386, -59184.78181180738, -67375.399753499, -63788.66002424479, -72477.40894286739, -68291.6648139554, 0.068, 0.962, -0.182, 192.0, 0.0, 0.0, 0.0, 0.0, 0.0, 0.0, 0.0, 0.0, 0.0, 1.741116420739635E9, 0.0, 2025-03-04 13:27:00.739
19.0, -66686.89896904219, -61995.73719450679, -57635.73886582123, -59176.48931461445, -67385.94977688191, -63785.486076532135, -72485.8579022715, -68284.71342142981, 0.068, 0.962, -0.182, 192.0, 0.0, 0.0, 0.0, 0.0, 0.0, 0.0, 0.0, 0.0, 0.0, 1.741116420739657E9, 0.0, 2025-03-04 13:27:00.739
20.0, -66688.70946034306, -62039.926593294935, -57648.09938050502, -59190.369747921206, -67390.33071879516, -63789.1070591339, -72509.52839964967, -68300.38199429298, 0.068, 0.962, -0.182, 192.0, 0.0, 0.0, 0.0, 0.0, 0.0, 0.0, 0.0, 0.0, 0.0, 1.741116420739678E9, 0.0, 2025-03-04 13:27:00.739
21.0, -66692.08457375581, -62095.515381755285, -57651.429790428854, -59202.32793120479, -67387.04501236022, -63785.88840793233, -72503.02404201317, -68299.0185378812, 0.068, 0.962, -0.182, 192.0, 0.0, 0.0, 0.0, 0.0, 0.0, 0.0, 0.0, 0.0, 0.0, 1.741116420739704E9, 0.0, 2025-03-04 13:27:00.739
22.0, -66699.14772500368, -62073.72243091136, -57656.72715386476, -59199.35514919223, -67394.13051535256, -63793.80092546951, -72490.93174826285, -68309.30034033065, 0.068, 0.962, -0.182, 192.0, 0.0, 0.0, 0.0, 0.0, 0.0, 0.0, 0.0, 0.0, 0.0, 1.741116420739724E9, 0.0, 2025-03-04 13:27:00.739
23.0, -66694.20798947907, -62012.8362790151, -57656.72715386476, -59191.46498339951, -67391.04597461772, -63795.92434119277, -72492.42931514136, -68319.22451486881, 0.068, 0.962, -0.182, 192.0, 0.0, 0.0, 0.0, 0.0, 0.0, 0.0, 0.0, 0.0, 0.0, 1.741116420739746E9, 0.0, 2025-03-04 13:27:00.739
24.0, -66682.16039921765, -62034.60687811457, -57655.631918386454, -59201.7244341045, -67380.94298612392, -63794.76205048109, -72490.7082308183, -68316.02821541169, 0.068, 0.966, -0.178, 192.0, 2.0, 32.0, 30.0, 48.0, 250.0, 112.0, 0.0, 0.0, 0.0, 1.741116420739771E9, 0.0, 2025-03-04 13:27:00.739
25.0, -66678.1370852157, -62081.43378274844, -57648.009973527194, -59199.73512884798, -67371.53290170824, -63787.318919577476, -72485.92495750487, -68303.39947979445, 0.068, 0.966, -0.178, 192.0, 0.0, 0.0, 0.0, 0.0, 0.0, 0.0, 0.0, 0.0, 0.0, 1.741116420739794E9, 0.0, 2025-03-04 13:27:00.739
26.0, -66689.33530918781, -62074.57179720066, -57654.69314511933, -59202.19382073806, -67383.93811988093, -63801.646387773326, -72502.50995189071, -68318.59866602406, 0.068, 0.966, -0.178, 192.0, 0.0, 0.0, 0.0, 0.0, 0.0, 0.0, 0.0, 0.0, 0.0, 1.741116420739819E9, 0.0, 2025-03-04 13:27:00.739
27.0, -66698.58893139231, -62019.38534014051, -57665.17611326887, -59205.56893415081, -67395.82924793116, -63815.37035886889, -72516.65860613092, -68334.40134935395, 0.068, 0.966, -0.178, 192.0, 0.0, 0.0, 0.0, 0.0, 0.0, 0.0, 0.0, 0.0, 0.0, 1.741116420739841E9, 0.0, 2025-03-04 13:27:00.739
28.0, -66690.72111734404, -62029.6894943344, -57662.24803474522, -59202.99848353845, -67389.48135250586, -63810.520030322084, -72513.17173399589, -68333.28376213119, 0.068, 0.966, -0.178, 192.0, 0.0, 0.0, 0.0, 0.0, 0.0, 0.0, 0.0, 0.0, 0.0, 1.741116420799166E9, 0.0, 2025-03-04 13:27:00.799
29.0, -66695.88437031322, -62084.02658510525, -57663.812656857095, -59216.16366102263, -67393.37055604107, -63814.923323979776, -72514.44578342984, -68331.00388419675, 0.068, 0.966, -0.178, 192.0, 0.0, 0.0, 0.0, 0.0, 0.0, 0.0, 0.0, 0.0, 0.0, 1.741116420799212E9, 0.0, 2025-03-04 13:27:00.799
30.0, -66690.27408245494, -62092.34143404263, -57650.46866541728, -59212.922658076604, -67383.9604716254, -63807.43548958725, -72503.78400132466, -68317.59283752357, 0.068, 0.966, -0.178, 192.0, 0.0, 0.0, 0.0, 0.0, 0.0, 0.0, 0.0, 0.0, 0.0, 1.741116420799234E9, 0.0, 2025-03-04 13:27:00.799
31.0, -66691.23520746651, -62022.313418664155, -57648.009973527194, -59203.87020157221, -67389.52605599476, -63812.77755651207, -72518.44674568734, -68330.10981441854, 0.068, 0.966, -0.178, 192.0, 0.0, 0.0, 0.0, 0.0, 0.0, 0.0, 0.0, 0.0, 0.0, 1.741116420799261E9, 0.0, 2025-03-04 13:27:00.799
32.0, -66684.57438761884, -62016.45726161686, -57646.64651711542, -59202.931428305084, -67387.58145422715, -63811.65996928931, -72506.04152751465, -68329.59572429606, 0.068, 0.966, -0.178, 192.0, 0.0, 0.0, 0.0, 0.0, 0.0, 0.0, 0.0, 0.0, 0.0, 1.741116420799291E9, 0.0, 2025-03-04 13:27:00.799
33.0, -66682.3839166622, -62071.174332043454, -57645.19365372582, -59213.503803432446, -67385.905073393, -63811.68232103376, -72503.89576004693, -68327.44995682835, 0.068, 0.966, -0.178, 192.0, 0.0, 0.0, 0.0, 0.0, 0.0, 0.0, 0.0, 0.0, 0.0, 1.741116420799313E9, 0.0, 2025-03-04 13:27:00.799
34.0, -66694.76678309045, -62104.523134770774, -57652.16739799588, -59227.20542278355, -67392.83411417414, -63821.360626382906, -72510.82480082808, -68329.26044812924, 0.068, 0.966, -0.18, 192.0, 2.0, 32.0, 30.0, 48.0, 250.0, 96.0, 0.0, 0.0, 0.0, 1.741116420799335E9, 0.0, 2025-03-04 13:27:00.799
35.0, -66695.37028019075, -62046.52035790925, -57647.2053107268, -59209.10050977475, -67390.39777402852, -63814.364530368395, -72511.22713222828, -68321.81731722562, 0.068, 0.966, -0.18, 192.0, 0.0, 0.0, 0.0, 0.0, 0.0, 0.0, 0.0, 0.0, 0.0, 1.741116420799359E9, 0.0, 2025-03-04 13:27:00.799
36.0, -66687.6365766092, -62017.01605522825, -57637.83992980003, -59187.73224207548, -67383.91576813647, -63800.12646915037, -72503.73929783575, -68301.7230989603, 0.068, 0.966, -0.18, 192.0, 0.0, 0.0, 0.0, 0.0, 0.0, 0.0, 0.0, 0.0, 0.0, 1.741116420799381E9, 0.0, 2025-03-04 13:27:00.799
37.0, -66702.52283841644, -62069.43089597594, -57652.32386020707, -59205.50187891744, -67395.38221304204, -63811.52585882257, -72510.98126303927, -68317.92811369039, 0.068, 0.966, -0.18, 192.0, 0.0, 0.0, 0.0, 0.0, 0.0, 0.0, 0.0, 0.0, 0.0, 1.741116420799406E9, 0.0, 2025-03-04 13:27:00.799
38.0, -66688.48594289851, -62102.779698703256, -57645.95361303731, -59206.39594869566, -67385.12276233707, -63803.72510000767, -72494.03864074215, -68310.66379674242, 0.068, 0.966, -0.18, 192.0, 0.0, 0.0, 0.0, 0.0, 0.0, 0.0, 0.0, 0.0, 0.0, 1.741116420799427E9, 0.0, 2025-03-04 13:27:00.799
39.0, -66697.06901276935, -62050.65543063348, -57648.0546770161, -59199.6233701257, -67390.01779437278, -63808.687187276744, -72495.13387622045, -68322.35375909254, 0.068, 0.966, -0.18, 192.0, 0.0, 0.0, 0.0, 0.0, 0.0, 0.0, 0.0, 0.0, 0.0, 1.741116420799453E9, 0.0, 2025-03-04 13:27:00.799
40.0, -66692.0398702669, -62008.23181965731, -57651.54154915113, -59196.98586427997, -67395.85159967562, -63810.452975088716, -72509.81897232759, -68328.3216748621, 0.068, 0.966, -0.18, 192.0, 0.0, 0.0, 0.0, 0.0, 0.0, 0.0, 0.0, 0.0, 0.0, 1.741116420799475E9, 0.0, 2025-03-04 13:27:00.799
41.0, -66670.93982350109, -62046.5427096537, -57639.002220511706, -59195.84592531275, -67380.76417216827, -63791.67750974626, -72499.7159838338, -68299.04088962566, 0.068, 0.966, -0.18, 192.0, 0.0, 0.0, 0.0, 0.0, 0.0, 0.0, 0.0, 0.0, 0.0, 1.741116420799496E9, 0.0, 2025-03-04 13:27:00.799
42.0, -66671.96800374603, -62083.892474638524, -57637.61641235548, -59199.60101838125, -67382.93229138045, -63792.281006846555, -72500.25242570072, -68306.1710961069, 0.068, 0.966, -0.18, 192.0, 0.0, 0.0, 0.0, 0.0, 0.0, 0.0, 0.0, 0.0, 0.0, 1.741116420799521E9, 0.0, 2025-03-04 13:27:00.799
43.0, -66674.71726831404, -62045.82745383114, -57636.051790243604, -59191.889666544164, -67384.38515477005, -63793.08566964694, -72484.13681794844, -68304.82999143959, 0.068, 0.966, -0.18, 192.0, 0.0, 0.0, 0.0, 0.0, 0.0, 0.0, 0.0, 0.0, 0.0, 1.741116420859423E9, 0.0, 2025-03-04 13:27:00.859
44.0, -66675.45487588107, -61995.55838055115, -57640.43273215684, -59183.8206867958, -67387.96143388288, -63795.09732664792, -72492.65283258591, -68309.18858160837, 0.07, 0.964, -0.186, 192.0, 2.0, 48.0, 30.0, 32.0, 250.0, 48.0, 0.0, 0.0, 0.0, 1.74111642085946E9, 0.0, 2025-03-04 13:27:00.859
45.0, -66670.13516070071, -62029.13070072302, -57638.711647833785, -59183.932445518076, -67380.96533786837, -63789.59879751191, -72497.860789044, -68305.03115713969, 0.07, 0.964, -0.186, 192.0, 0.0, 0.0, 0.0, 0.0, 0.0, 0.0, 0.0, 0.0, 0.0, 1.741116420859484E9, 0.0, 2025-03-04 13:27:00.859
46.0, -66678.65117533818, -62082.43961124893, -57642.89142404693, -59195.37653867919, -67386.26270130428, -63799.50062030562, -72503.02404201317, -68317.34696833456, 0.07, 0.964, -0.186, 192.0, 0.0, 0.0, 0.0, 0.0, 0.0, 0.0, 0.0, 0.0, 0.0, 1.741116420859506E9, 0.0, 2025-03-04 13:27:00.859
47.0, -66694.05152726787, -62072.87306462206, -57654.62608988596, -59201.85854457123, -67398.06442237669, -63813.179887912265, -72514.98222529677, -68336.21184065484, 0.07, 0.964, -0.186, 192.0, 0.0, 0.0, 0.0, 0.0, 0.0, 0.0, 0.0, 0.0, 0.0, 1.741116420859534E9, 0.0, 2025-03-04 13:27:00.859
48.0, -66685.75903007496, -62008.745909779784, -57648.81463632759, -59193.25312295594, -67390.37542228407, -63807.994283198634, -72513.43995492934, -68336.90474473295, 0.07, 0.964, -0.186, 192.0, 0.0, 0.0, 0.0, 0.0, 0.0, 0.0, 0.0, 0.0, 0.0, 1.741116420859555E9, 0.0, 2025-03-04 13:27:00.859
49.0, -66684.484980641, -62029.153052467474, -57646.24418571522, -59194.616579367714, -67382.66407044698, -63798.852419716415, -72507.42733567087, -68322.21964862582, 0.07, 0.964, -0.186, 192.0, 0.0, 0.0, 0.0, 0.0, 0.0, 0.0, 0.0, 0.0, 0.0, 1.741116420859576E9, 0.0, 2025-03-04 13:27:00.859
50.0, -66689.20119872109, -62084.250102549806, -57645.417171170375, -59205.01014053943, -67381.92646287996, -63799.38886158334, -72511.11537350599, -68319.58214278008, 0.07, 0.964, -0.186, 192.0, 0.0, 0.0, 0.0, 0.0, 0.0, 0.0, 0.0, 0.0, 0.0, 1.741116420859599E9, 0.0, 2025-03-04 13:27:00.859
51.0, -66687.1448382312, -62086.79820141771, -57644.81367407009, -59207.692349874065, -67384.11693383657, -63801.53462905105, -72515.80923984162, -68318.57631427959, 0.07, 0.964, -0.186, 192.0, 0.0, 0.0, 0.0, 0.0, 0.0, 0.0, 0.0, 0.0, 0.0, 1.741116420859621E9, 0.0, 2025-03-04 13:27:00.859
52.0, -66690.76582083295, -62025.64382858799, -57645.908909548394, -59202.864373071716, -67387.87202690507, -63804.30624536351, -72505.46038215881, -68321.37028233652, 0.07, 0.964, -0.186, 192.0, 0.0, 0.0, 0.0, 0.0, 0.0, 0.0, 0.0, 0.0, 0.0, 1.741116420859646E9, 0.0, 2025-03-04 13:27:00.859
53.0, -66692.15162898917, -62038.47372990534, -57643.98665952524, -59201.7244341045, -67380.42889600145, -63795.61141677039, -72494.5080273757, -68317.01169216773, 0.07, 0.964, -0.186, 192.0, 0.0, 0.0, 0.0, 0.0, 0.0, 0.0, 0.0, 0.0, 0.0, 1.741116420859668E9, 0.0, 2025-03-04 13:27:00.859
54.0, -66694.05152726787, -62092.654358465006, -57644.63486011444, -59203.065538771814, -67379.91480587897, -63791.34223357943, -72505.16980948088, -68312.83191595458, 0.066, 0.96, -0.178, 192.0, 2.0, 16.0, 30.0, 0.0, 250.0, 112.0, 0.0, 0.0, 0.0, 1.741116420859693E9, 0.0, 2025-03-04 13:27:00.859
55.0, -66707.1943530076, -62113.19561161943, -57653.88848231894, -59213.25793424344, -67386.66503270448, -63800.55115229502, -72512.00944328422, -68325.28183761619, 0.066, 0.96, -0.178, 192.0, 0.0, 0.0, 0.0, 0.0, 0.0, 0.0, 0.0, 0.0, 0.0, 1.74111642085972E9, 0.0, 2025-03-04 13:27:00.859
56.0, -66707.21670475206, -62055.50575918028, -57653.08381951855, -59206.46300392902, -67387.17912282696, -63799.97000693918, -72506.01917577018, -68328.50048881775, 0.066, 0.96, -0.178, 192.0, 0.0, 0.0, 0.0, 0.0, 0.0, 0.0, 0.0, 0.0, 0.0, 1.741116420859743E9, 0.0, 2025-03-04 13:27:00.859
57.0, -66702.12050701625, -62044.888680564014, -57649.73105785025, -59197.23173346898, -67380.71946867937, -63791.923378935266, -72484.22622492627, -68312.76486072122, 0.066, 0.96, -0.178, 192.0, 0.0, 0.0, 0.0, 0.0, 0.0, 0.0, 0.0, 0.0, 0.0, 1.741116420859768E9, 0.0, 2025-03-04 13:27:00.859
58.0, -66692.26338771146, -62085.635910706034, -57635.291830932125, -59186.88287578618, -67367.12960805054, -63775.51719850507, -72463.84143398302, -68290.54722673264, 0.066, 0.96, -0.178, 192.0, 0.0, 0.0, 0.0, 0.0, 0.0, 0.0, 0.0, 0.0, 0.0, 1.741116420919801E9, 0.0, 2025-03-04 13:27:00.919
59.0, -66688.79886732089, -62100.611579491095, -57629.3015634181, -59186.21232345251, -67367.95662259539, -63772.499713003606, -72462.9026607159, -68278.74550566025, 0.066, 0.96, -0.178, 192.0, 0.0, 0.0, 0.0, 0.0, 0.0, 0.0, 0.0, 0.0, 0.0, 1.741116420919837E9, 0.0, 2025-03-04 13:27:00.919
60.0, -66704.15451576168, -62045.84980557559, -57641.88559554644, -59192.20259096654, -67385.905073393, -63794.11384989189, -72484.04741097063, -68311.20023860935, 0.066, 0.96, -0.178, 192.0, 0.0, 0.0, 0.0, 0.0, 0.0, 0.0, 0.0, 0.0, 0.0, 1.741116420919859E9, 0.0, 2025-03-04 13:27:00.919
61.0, -66699.90768431517, -62027.23080244432, -57644.32193569207, -59195.175372979094, -67384.22869255886, -63796.72900399316, -72488.85303602851, -68305.23232283979, 0.066, 0.96, -0.178, 192.0, 0.0, 0.0, 0.0, 0.0, 0.0, 0.0, 0.0, 0.0, 0.0, 1.741116420919884E9, 0.0, 2025-03-04 13:27:00.919
62.0, -66688.46359115405, -62072.649547177505, -57637.37054316647, -59194.59422762325, -67373.34339300911, -63786.335442821444, -72490.81998954059, -68305.56759900661, 0.066, 0.96, -0.178, 192.0, 0.0, 0.0, 0.0, 0.0, 0.0, 0.0, 0.0, 0.0, 0.0, 1.741116420919915E9, 0.0, 2025-03-04 13:27:00.919
63.0, -66693.87271331224, -62110.44634705143, -57638.37637166696, -59201.76913759341, -67372.11404706408, -63788.637672500336, -72478.14655043442, -68300.04671812615, 0.066, 0.96, -0.178, 192.0, 0.0, 0.0, 0.0, 0.0, 0.0, 0.0, 0.0, 0.0, 0.0, 1.741116420919939E9, 0.0, 2025-03-04 13:27:00.919
64.0, -66695.72790810202, -62065.22876801834, -57643.62903161396, -59200.271570714904, -67380.87593089056, -63795.94669293722, -72486.08141971605, -68307.1769246074, 0.07, 0.96, -0.176, 192.0, 2.0, 48.0, 30.0, 0.0, 250.0, 128.0, 0.0, 0.0, 0.0, 1.74111642091996E9, 0.0, 2025-03-04 13:27:00.919
65.0, -66690.51995164395, -62022.26871517524, -57639.51631063418, -59191.688500844066, -67374.99742209881, -63790.53757077904, -72481.23109116925, -68311.73668047627, 0.07, 0.96, -0.176, 192.0, 0.0, 0.0, 0.0, 0.0, 0.0, 0.0, 0.0, 0.0, 0.0, 1.741116420919984E9, 0.0, 2025-03-04 13:27:00.919
66.0, -66679.65700383866, -62056.71275338087, -57629.39097039592, -59188.78277406488, -67363.91095684898, -63775.27132931606, -72478.03479171214, -68292.82710466709, 0.07, 0.96, -0.176, 192.0, 0.0, 0.0, 0.0, 0.0, 0.0, 0.0, 0.0, 0.0, 0.0, 1.741116420920006E9, 0.0, 2025-03-04 13:27:00.920
67.0, -66675.52193111443, -62096.61061723359, -57627.78164479514, -59198.5728381363, -67363.82154987115, -63779.09347761792, -72484.1591696929, -68299.37616579249, 0.07, 0.96, -0.176, 192.0, 0.0, 0.0, 0.0, 0.0, 0.0, 0.0, 0.0, 0.0, 0.0, 1.741116420920033E9, 0.0, 2025-03-04 13:27:00.920
68.0, -66682.07099223984, -62065.899320352, -57632.83313904204, -59201.187992237574, -67373.99159359832, -63792.973910924666, -72498.53134137766, -68318.24103811277, 0.07, 0.96, -0.176, 192.0, 0.0, 0.0, 0.0, 0.0, 0.0, 0.0, 0.0, 0.0, 0.0, 1.741116420920055E9, 0.0, 2025-03-04 13:27:00.920
69.0, -66695.61614937976, -62019.787671540704, -57640.23156645675, -59198.259913713926, -67383.58049196965, -63796.48313480415, -72509.61780662749, -68327.74052950628, 0.07, 0.96, -0.176, 192.0, 0.0, 0.0, 0.0, 0.0, 0.0, 0.0, 0.0, 0.0, 0.0, 1.741116420920078E9, 0.0, 2025-03-04 13:27:00.920
70.0, -66680.75223931698, -62039.27839270573, -57627.64753432841, -59187.66518684211, -67372.38226799754, -63782.24507358612, -72499.15719022241, -68315.17884912239, 0.07, 0.96, -0.176, 192.0, 0.0, 0.0, 0.0, 0.0, 0.0, 0.0, 0.0, 0.0, 0.0, 1.741116420920105E9, 0.0, 2025-03-04 13:27:00.920
71.0, -66679.85816953875, -62085.233579305845, -57628.60865933999, -59195.734166590475, -67373.83513138714, -63785.553131765504, -72500.14066697845, -68317.81635496812, 0.07, 0.96, -0.176, 192.0, 0.0, 0.0, 0.0, 0.0, 0.0, 0.0, 0.0, 0.0, 0.0, 1.741116420920126E9, 0.0, 2025-03-04 13:27:00.920
72.0, -66675.85720728127, -62064.04412556221, -57625.18884243833, -59189.18510546507, -67375.69032617692, -63784.368489309374, -72498.57604486657, -68316.34113983407, 0.07, 0.96, -0.176, 192.0, 0.0, 0.0, 0.0, 0.0, 0.0, 0.0, 0.0, 0.0, 0.0, 1.741116420920151E9, 0.0, 2025-03-04 13:27:00.920
73.0, -66679.09821022728, -62007.002473712266, -57628.63101108444, -59182.591340850755, -67379.98186111235, -63789.77761146756, -72509.86367581651, -68324.58893353808, 0.07, 0.96, -0.176, 192.0, 0.0, 0.0, 0.0, 0.0, 0.0, 0.0, 0.0, 0.0, 0.0, 1.741116420980002E9, 0.0, 2025-03-04 13:27:00.980
74.0, -66679.56759686084, -62028.102520478074, -57631.64849658591, -59183.70892807352, -67380.42889600145, -63787.38597481084, -72507.80731532662, -68320.99030268077, 0.068, 0.964, -0.182, 192.0, 2.0, 32.0, 30.0, 32.0, 250.0, 80.0, 0.0, 0.0, 0.0, 1.741116420980041E9, 0.0, 2025-03-04 13:27:00.980
75.0, -66691.50342839997, -62084.29480603872, -57644.232528714245, -59201.27739921539, -67389.0566693612, -63802.04871917352, -72518.11146952052, -68330.33333186309, 0.068, 0.964, -0.182, 192.0, 0.0, 0.0, 0.0, 0.0, 0.0, 0.0, 0.0, 0.0, 0.0, 1.741116420980064E9, 0.0, 2025-03-04 13:27:00.980
76.0, -66678.69587882709, -62080.696175181416, -57640.03040075665, -59198.55048639185, -67384.16163732548, -63800.34998659492, -72523.20766725633, -68328.36637835103, 0.068, 0.964, -0.182, 192.0, 0.0, 0.0, 0.0, 0.0, 0.0, 0.0, 0.0, 0.0, 0.0, 1.741116420980086E9, 0.0, 2025-03-04 13:27:00.980
77.0, -66693.8950650567, -62018.64773257348, -57648.993450283226, -59194.99655902345, -67392.11885835158, -63809.737719266144, -72511.76357409521, -68336.01067495474, 0.068, 0.964, -0.182, 192.0, 0.0, 0.0, 0.0, 0.0, 0.0, 0.0, 0.0, 0.0, 0.0, 1.741116420980113E9, 0.0, 2025-03-04 13:27:00.980
78.0, -66695.72790810202, -62028.23663094481, -57648.32289794957, -59193.9683787785, -67381.99351811332, -63802.339291851444, -72478.12419868997, -68312.38488106547, 0.068, 0.964, -0.182, 192.0, 0.0, 0.0, 0.0, 0.0, 0.0, 0.0, 0.0, 0.0, 0.0, 1.741116420980135E9, 0.0, 2025-03-04 13:27:00.980
79.0, -66676.01366949244, -62073.63302393354, -57625.79233953862, -59187.061689741815, -67356.51252943427, -63779.205236340196, -72452.352637333, -68288.51321798722, 0.068, 0.964, -0.182, 192.0, 0.0, 0.0, 0.0, 0.0, 0.0, 0.0, 0.0, 0.0, 0.0, 1.741116420980157E9, 0.0, 2025-03-04 13:27:00.980
80.0, -66669.82223627833, -62081.2549687928, -57614.460005099776, -59175.43878262506, -67347.28125897422, -63774.868997915866, -72448.68695124233, -68287.88736914247, 0.068, 0.964, -0.182, 192.0, 0.0, 0.0, 0.0, 0.0, 0.0, 0.0, 0.0, 0.0, 0.0, 1.741116420980178E9, 0.0, 2025-03-04 13:27:00.980
81.0, -66676.61716659274, -62013.81975577113, -57622.774854037154, -59167.68272729906, -67364.42504697145, -63787.2071608552, -72477.07366670057, -68305.61230249552, 0.068, 0.964, -0.182, 192.0, 0.0, 0.0, 0.0, 0.0, 0.0, 0.0, 0.0, 0.0, 0.0, 1.7411164209802E9, 0.0, 2025-03-04 13:27:00.980
82.0, -66681.04281199489, -62005.460203344854, -57630.08387447404, -59172.35424189022, -67370.48236971884, -63787.0059951551, -72490.75293430721, -68309.5238577752, 0.068, 0.964, -0.182, 192.0, 0.0, 0.0, 0.0, 0.0, 0.0, 0.0, 0.0, 0.0, 0.0, 1.741116420980225E9, 0.0, 2025-03-04 13:27:00.980
83.0, -66673.71143981355, -62053.67291613495, -57626.95463025029, -59182.7701548064, -67366.03437257223, -63781.57452125246, -72483.62272782598, -68297.90095065844, 0.068, 0.964, -0.182, 192.0, 0.0, 0.0, 0.0, 0.0, 0.0, 0.0, 0.0, 0.0, 0.0, 1.741116420980247E9, 0.0, 2025-03-04 13:27:00.980
84.0, -66678.5841201048, -62081.38907925953, -57629.480377373744, -59190.30269268784, -67369.0965615626, -63783.8543991869, -72472.87153874297, -68309.34504381956, 0.074, 0.964, -0.176, 192.0, 2.0, 80.0, 30.0, 32.0, 250.0, 128.0, 0.0, 0.0, 0.0, 1.741116420980269E9, 0.0, 2025-03-04 13:27:00.980
85.0, -66679.76876256094, -62022.17930819742, -57631.872014030465, -59181.56316060581, -67375.73502966584, -63787.25186434411, -72484.96383249329, -68325.86298297203, 0.074, 0.964, -0.176, 192.0, 0.0, 0.0, 0.0, 0.0, 0.0, 0.0, 0.0, 0.0, 0.0, 1.741116420980296E9, 0.0, 2025-03-04 13:27:00.980
86.0, -66675.94661425908, -61993.591427039086, -57626.86522327247, -59173.717698301996, -67363.37451498205, -63771.87386415886, -72474.83849225503, -68290.27900579918, 0.074, 0.964, -0.176, 192.0, 0.0, 0.0, 0.0, 0.0, 0.0, 0.0, 0.0, 0.0, 0.0, 1.741116420980317E9, 0.0, 2025-03-04 13:27:00.980
87.0, -66673.10794271326, -62037.51260489376, -57633.347229164516, -59182.83721003976, -67367.5989946841, -63772.58911998143, -72486.0590679716, -68292.53653198917, 0.074, 0.964, -0.176, 192.0, 0.0, 0.0, 0.0, 0.0, 0.0, 0.0, 0.0, 0.0, 0.0, 1.741116420980341E9, 0.0, 2025-03-04 13:27:00.980
88.0, -66674.9854892475, -62079.75740191429, -57637.34819142201, -59192.806088066834, -67373.72337266486, -63779.47345727366, -72496.29616693214, -68303.44418328335, 0.074, 0.964, -0.176, 192.0, 0.0, 0.0, 0.0, 0.0, 0.0, 0.0, 0.0, 0.0, 0.0, 1.741116421040527E9, 0.0, 2025-03-04 13:27:01.040
89.0, -66681.22162595054, -62039.636020617014, -57633.83896754253, -59186.97228276399, -67373.9021866205, -63781.86509393038, -72490.99880349623, -68311.91549443192, 0.074, 0.964, -0.176, 192.0, 0.0, 0.0, 0.0, 0.0, 0.0, 0.0, 0.0, 0.0, 0.0, 1.741116421040567E9, 0.0, 2025-03-04 13:27:01.040
90.0, -66693.6938993566, -62005.54961032267, -57642.33263043554, -59184.8712187852, -67383.28991929172, -63787.69889923321, -72506.08623100356, -68325.30418936064, 0.074, 0.964, -0.176, 192.0, 0.0, 0.0, 0.0, 0.0, 0.0, 0.0, 0.0, 0.0, 0.0, 1.741116421040588E9, 0.0, 2025-03-04 13:27:01.040
91.0, -66677.15360845967, -62037.22203221584, -57630.26268842968, -59183.06072748432, -67368.29189876223, -63770.08572460243, -72503.20285596882, -68313.21189561032, 0.074, 0.964, -0.176, 192.0, 0.0, 0.0, 0.0, 0.0, 0.0, 0.0, 0.0, 0.0, 0.0, 1.741116421040609E9, 0.0, 2025-03-04 13:27:01.040
92.0, -66674.71726831404, -62078.21513154687, -57631.82731054155, -59188.51455313141, -67374.52803546525, -63779.71932646267, -72505.68389960336, -68323.06901491512, 0.074, 0.964, -0.176, 192.0, 0.0, 0.0, 0.0, 0.0, 0.0, 0.0, 0.0, 0.0, 0.0, 1.741116421040634E9, 0.0, 2025-03-04 13:27:01.040
93.0, -66679.32172767184, -62053.40469520148, -57636.051790243604, -59195.37653867919, -67382.03822160223, -63790.29170159003, -72511.31653920609, -68331.89795397496, 0.074, 0.964, -0.176, 192.0, 0.0, 0.0, 0.0, 0.0, 0.0, 0.0, 0.0, 0.0, 0.0, 1.741116421040659E9, 0.0, 2025-03-04 13:27:01.040
94.0, -66686.56369287535, -62002.666235287936, -57642.39968566891, -59194.3707101787, -67388.60963447209, -63796.192562126234, -72522.4700596893, -68335.74245402128, 0.074, 0.962, -0.18, 192.0, 2.0, 80.0, 30.0, 16.0, 250.0, 96.0, 0.0, 0.0, 0.0, 1.741116421040682E9, 0.0, 2025-03-04 13:27:01.040
95.0, -66681.24397769499, -62030.136529223506, -57639.02457225616, -59190.079175243285, -67379.22190180086, -63788.74943122261, -72506.0638792591, -68322.77844223719, 0.074, 0.962, -0.18, 192.0, 0.0, 0.0, 0.0, 0.0, 0.0, 0.0, 0.0, 0.0, 0.0, 1.741116421040705E9, 0.0, 2025-03-04 13:27:01.040
96.0, -66676.55011135938, -62079.62329144756, -57629.12274946246, -59192.56021887782, -67369.901224363, -63782.46859103067, -72490.93174826285, -68318.59866602406, 0.074, 0.962, -0.18, 192.0, 0.0, 0.0, 0.0, 0.0, 0.0, 0.0, 0.0, 0.0, 0.0, 1.741116421040727E9, 0.0, 2025-03-04 13:27:01.040
97.0, -66698.43246918112, -62075.66703267897, -57642.93612753584, -59207.267666729414, -67390.66599496198, -63802.22753312917, -72507.24852171523, -68336.9270964774, 0.074, 0.962, -0.18, 192.0, 0.0, 0.0, 0.0, 0.0, 0.0, 0.0, 0.0, 0.0, 0.0, 1.741116421040752E9, 0.0, 2025-03-04 13:27:01.040
98.0, -66696.86784706925, -62023.65452333147, -57643.24905195821, -59209.34637896376, -67394.9575298974, -63803.50158256312, -72530.38257722647, -68336.99415171077, 0.074, 0.962, -0.18, 192.0, 0.0, 0.0, 0.0, 0.0, 0.0, 0.0, 0.0, 0.0, 0.0, 1.741116421040774E9, 0.0, 2025-03-04 13:27:01.040
99.0, -66686.89896904219, -62035.299782192684, -57633.7048570758, -59203.8254980833, -67384.89924489251, -63789.755259723104, -72503.67224260238, -68304.89704667295, 0.074, 0.962, -0.18, 192.0, 0.0, 0.0, 0.0, 0.0, 0.0, 0.0, 0.0, 0.0, 0.0, 1.741116421040794E9, 0.0, 2025-03-04 13:27:01.040
100.0, -66676.72892531502, -62085.52415198376, -57622.216060425766, -59203.89255331666, -67372.49402671981, -63784.01086139809, -72464.78020725015, -68305.25467458424, 0.074, 0.962, -0.18, 192.0, 0.0, 0.0, 0.0, 0.0, 0.0, 0.0, 0.0, 0.0, 0.0, 1.741116421040821E9, 0.0, 2025-03-04 13:27:01.040
101.0, -66679.65700383866, -62087.22288456236, -57624.048903471106, -59204.13842250567, -67376.6514511885, -63790.71638473468, -72487.84720752803, -68317.97281717931, 0.074, 0.962, -0.18, 192.0, 0.0, 0.0, 0.0, 0.0, 0.0, 0.0, 0.0, 0.0, 0.0, 1.741116421040842E9, 0.0, 2025-03-04 13:27:01.040
102.0, -66671.65507932367, -62014.199735426875, -57618.90800224638, -59189.40862290962, -67374.88566337654, -63786.91658817728, -72497.4584576438, -68318.08457590158, 0.074, 0.962, -0.18, 192.0, 0.0, 0.0, 0.0, 0.0, 0.0, 0.0, 0.0, 0.0, 0.0, 1.741116421040867E9, 0.0, 2025-03-04 13:27:01.040
103.0, -66668.48113161101, -62013.55153483767, -57618.39391212391, -59191.04030025486, -67365.34146849412, -63780.99337589662, -72472.98329746525, -68301.7230989603, 0.074, 0.962, -0.18, 192.0, 0.0, 0.0, 0.0, 0.0, 0.0, 0.0, 0.0, 0.0, 0.0, 1.741116421099728E9, 0.0, 2025-03-04 13:27:01.099
104.0, -66673.17499794663, -62065.63109941854, -57619.82442376905, -59188.44749789804, -67365.11795104957, -63776.880654916844, -72477.85597775651, -68296.09045935755, 0.078, 0.964, -0.18, 192.0, 2.0, 112.0, 30.0, 32.0, 250.0, 96.0, 0.0, 0.0, 0.0, 1.741116421099772E9, 0.0, 2025-03-04 13:27:01.099
105.0, -66664.4354658646, -62076.60580594609, -57612.11307193197, -59180.15500070513, -67360.51349169177, -63772.29854730351, -72474.0561811991, -68300.09142161506, 0.078, 0.964, -0.18, 192.0, 0.0, 0.0, 0.0, 0.0, 0.0, 0.0, 0.0, 0.0, 0.0, 1.741116421099796E9, 0.0, 2025-03-04 13:27:01.099
106.0, -66668.12350369972, -62009.39411036899, -57616.337551634024, -59174.768230291396, -67368.31425050668, -63781.84274218592, -72480.04644871312, -68310.70850023133, 0.078, 0.964, -0.18, 192.0, 0.0, 0.0, 0.0, 0.0, 0.0, 0.0, 0.0, 0.0, 0.0, 1.741116421099817E9, 0.0, 2025-03-04 13:27:01.099
107.0, -66668.81640777783, -61998.262941630244, -57619.913830746875, -59178.32215765979, -67367.86721561757, -63782.75916370859, -72471.17280616437, -68309.4791542863, 0.078, 0.964, -0.18, 192.0, 0.0, 0.0, 0.0, 0.0, 0.0, 0.0, 0.0, 0.0, 0.0, 1.741116421099838E9, 0.0, 2025-03-04 13:27:01.099
108.0, -66667.52000659943, -62047.90616606548, -57620.49497610271, -59189.34156767626, -67366.41435222798, -63783.2061985977, -72473.11740793198, -68311.64727349846, 0.078, 0.964, -0.18, 192.0, 0.0, 0.0, 0.0, 0.0, 0.0, 0.0, 0.0, 0.0, 0.0, 1.741116421099866E9, 0.0, 2025-03-04 13:27:01.099
109.0, -66660.4345036071, -62071.37549774355, -57614.191784166316, -59181.45140188353, -67361.31815449217, -63770.733925191635, -72471.32926837556, -68296.13516284648, 0.078, 0.964, -0.18, 192.0, 0.0, 0.0, 0.0, 0.0, 0.0, 0.0, 0.0, 0.0, 0.0, 1.741116421099887E9, 0.0, 2025-03-04 13:27:01.099
110.0, -66665.01661122043, -62006.62249405653, -57615.95757197828, -59173.024794223886, -67368.98480284034, -63778.847608428914, -72481.56636733608, -68304.49471527275, 0.078, 0.964, -0.18, 192.0, 0.0, 0.0, 0.0, 0.0, 0.0, 0.0, 0.0, 0.0, 0.0, 1.741116421099909E9, 0.0, 2025-03-04 13:27:01.099
111.0, -66659.69689604007, -61973.69837447386, -57616.11403418947, -59170.18612267806, -67366.19083478343, -63775.360736293886, -72486.7072685608, -68307.1769246074, 0.078, 0.964, -0.18, 192.0, 0.0, 0.0, 0.0, 0.0, 0.0, 0.0, 0.0, 0.0, 0.0, 1.741116421099932E9, 0.0, 2025-03-04 13:27:01.099
112.0, -66653.66192503714, -62017.351331395075, -57610.52609807564, -59177.7186605595, -67356.31136373417, -63772.45500951469, -72473.49738758772, -68291.50835174423, 0.078, 0.964, -0.18, 192.0, 0.0, 0.0, 0.0, 0.0, 0.0, 0.0, 0.0, 0.0, 0.0, 1.741116421099956E9, 0.0, 2025-03-04 13:27:01.099
113.0, -66654.66775353764, -62061.94306158341, -57611.040188198116, -59184.62534959619, -67354.9479073224, -63779.31699506247, -72464.78020725015, -68300.98549139326, 0.078, 0.964, -0.18, 192.0, 0.0, 0.0, 0.0, 0.0, 0.0, 0.0, 0.0, 0.0, 0.0, 1.741116421099978E9, 0.0, 2025-03-04 13:27:01.099
114.0, -66660.32274488482, -62022.67104657544, -57617.58924932352, -59185.251198440936, -67365.72144814985, -63784.12262012037, -72484.06976271508, -68313.39070956597, 0.08, 0.962, -0.182, 192.0, 2.0, 128.0, 30.0, 16.0, 250.0, 80.0, 0.0, 0.0, 0.0, 1.741116421099999E9, 0.0, 2025-03-04 13:27:01.099
115.0, -66657.55112857236, -61974.10070587406, -57614.48235684423, -59175.595244836244, -67360.53584343623, -63777.70766946169, -72488.71892556178, -68311.66962524291, 0.08, 0.962, -0.182, 192.0, 0.0, 0.0, 0.0, 0.0, 0.0, 0.0, 0.0, 0.0, 0.0, 1.741116421100026E9, 0.0, 2025-03-04 13:27:01.100
116.0, -66649.99623894648, -62007.203639412364, -57610.30258063109, -59172.466000612505, -67349.60584039758, -63766.48709374513, -72482.2592714142, -68304.2264943393, 0.08, 0.962, -0.182, 192.0, 0.0, 0.0, 0.0, 0.0, 0.0, 0.0, 0.0, 0.0, 0.0, 1.741116421100048E9, 0.0, 2025-03-04 13:27:01.100
117.0, -66648.65513427915, -62050.81189284467, -57610.86137424247, -59179.28328267137, -67350.18698575342, -63768.56580597947, -72473.11740793198, -68305.16526760641, 0.08, 0.962, -0.182, 192.0, 0.0, 0.0, 0.0, 0.0, 0.0, 0.0, 0.0, 0.0, 0.0, 1.741116421100073E9, 0.0, 2025-03-04 13:27:01.100
118.0, -66653.19253840359, -62025.442662887894, -57614.16943242186, -59183.66422458461, -67359.46295970237, -63777.32768980595, -72469.54112881912, -68307.8698286855, 0.08, 0.962, -0.182, 192.0, 0.0, 0.0, 0.0, 0.0, 0.0, 0.0, 0.0, 0.0, 0.0, 1.741116421159594E9, 0.0, 2025-03-04 13:27:01.159
119.0, -66662.71438154155, -61973.8771884295, -57620.49497610271, -59178.09864021524, -67370.7505906523, -63784.41319279828, -72476.04548645562, -68313.41306131042, 0.08, 0.962, -0.182, 192.0, 0.0, 0.0, 0.0, 0.0, 0.0, 0.0, 0.0, 0.0, 0.0, 1.741116421159663E9, 0.0, 2025-03-04 13:27:01.159
120.0, -66655.85239599376, -62008.63415105751, -57618.97505747975, -59177.9198262596, -67366.16848303897, -63779.29464331802, -72476.40311436691, -68311.44610779836, 0.08, 0.962, -0.182, 192.0, 0.0, 0.0, 0.0, 0.0, 0.0, 0.0, 0.0, 0.0, 0.0, 1.741116421159688E9, 0.0, 2025-03-04 13:27:01.159
121.0, -66649.23627963499, -62054.49993067979, -57613.32006613256, -59179.66326232711, -67360.55819518068, -63770.57746298045, -72474.77143702167, -68305.00880539522, 0.08, 0.962, -0.182, 192.0, 0.0, 0.0, 0.0, 0.0, 0.0, 0.0, 0.0, 0.0, 0.0, 1.74111642115971E9, 0.0, 2025-03-04 13:27:01.159
122.0, -66661.52973908541, -62048.71082886587, -57623.78068253764, -59185.89939903014, -67373.2986895202, -63780.881617174346, -72493.18927445284, -68323.76191899323, 0.08, 0.962, -0.182, 192.0, 0.0, 0.0, 0.0, 0.0, 0.0, 0.0, 0.0, 0.0, 0.0, 1.741116421159732E9, 0.0, 2025-03-04 13:27:01.159
123.0, -66660.233337907, -61982.683775744896, -57618.01393246817, -59171.01313722291, -67369.63300342954, -63778.847608428914, -72481.36520163598, -68315.58118052258, 0.08, 0.962, -0.182, 192.0, 0.0, 0.0, 0.0, 0.0, 0.0, 0.0, 0.0, 0.0, 0.0, 1.741116421159759E9, 0.0, 2025-03-04 13:27:01.159
124.0, -66649.23627963499, -61989.90338920396, -57611.867202742964, -59169.67203255559, -67364.38034348254, -63773.684355459736, -72478.61593706798, -68300.00201463724, 0.084, 0.962, -0.178, 192.0, 2.0, 160.0, 30.0, 16.0, 250.0, 112.0, 0.0, 0.0, 0.0, 1.741116421159785E9, 0.0, 2025-03-04 13:27:01.159
125.0, -66636.83106146229, -62043.5922793856, -57607.463909085265, -59179.68561407157, -67359.41825621347, -63770.24218681362, -72482.86276851449, -68303.71240421681, 0.084, 0.962, -0.178, 192.0, 0.0, 0.0, 0.0, 0.0, 0.0, 0.0, 0.0, 0.0, 0.0, 1.741116421159809E9, 0.0, 2025-03-04 13:27:01.159
126.0, -66641.05554116434, -62053.829378346134, -57608.04505444111, -59186.21232345251, -67360.02175331376, -63776.32186130546, -72472.13393117595, -68299.30911055913, 0.084, 0.962, -0.178, 192.0, 0.0, 0.0, 0.0, 0.0, 0.0, 0.0, 0.0, 0.0, 0.0, 1.741116421159831E9, 0.0, 2025-03-04 13:27:01.159
127.0, -66652.76785525894, -61989.92574094841, -57612.20247890979, -59174.3658988912, -67365.65439291649, -63781.68627997474, -72479.30884114609, -68318.68807300187, 0.084, 0.962, -0.178, 192.0, 0.0, 0.0, 0.0, 0.0, 0.0, 0.0, 0.0, 0.0, 0.0, 1.741116421159852E9, 0.0, 2025-03-04 13:27:01.159
128.0, -66658.40049486166, -61994.84312472858, -57623.17718543735, -59187.12874497518, -67369.18596854043, -63785.44137304323, -72488.4060011394, -68326.28766611668, 0.084, 0.962, -0.178, 192.0, 0.0, 0.0, 0.0, 0.0, 0.0, 0.0, 0.0, 0.0, 0.0, 1.741116421159876E9, 0.0, 2025-03-04 13:27:01.159
129.0, -66652.4325790921, -62050.61072714457, -57622.283115659135, -59195.55535263483, -67362.32398299265, -63775.74071594962, -72479.80057952412, -68296.35868029103, 0.084, 0.962, -0.178, 192.0, 0.0, 0.0, 0.0, 0.0, 0.0, 0.0, 0.0, 0.0, 0.0, 1.741116421159898E9, 0.0, 2025-03-04 13:27:01.159
130.0, -66669.06227696684, -62075.97995710134, -57631.246165185716, -59204.65251262814, -67373.32104126466, -63791.923378935266, -72490.97645175176, -68315.78234622268, 0.084, 0.962, -0.178, 192.0, 0.0, 0.0, 0.0, 0.0, 0.0, 0.0, 0.0, 0.0, 0.0, 1.741116421159923E9, 0.0, 2025-03-04 13:27:01.159
131.0, -66681.19927420608, -62024.01215124276, -57638.93516527834, -59205.524230661904, -67383.53578848075, -63799.97000693918, -72494.61978609799, -68320.81148872513, 0.084, 0.962, -0.178, 192.0, 0.0, 0.0, 0.0, 0.0, 0.0, 0.0, 0.0, 0.0, 0.0, 1.741116421159946E9, 0.0, 2025-03-04 13:27:01.159
132.0, -66665.06131470935, -62005.43785160039, -57624.56299359358, -59193.9683787785, -67368.96245109588, -63781.52981776355, -72480.6052423245, -68298.75031694774, 0.084, 0.962, -0.178, 192.0, 0.0, 0.0, 0.0, 0.0, 0.0, 0.0, 0.0, 0.0, 0.0, 1.741116421159967E9, 0.0, 2025-03-04 13:27:01.159
133.0, -66646.84464297828, -62047.257965476274, -57608.62619979694, -59189.83330605427, -67353.83032009963, -63766.62120421186, -72469.56348056358, -68290.01078486572, 0.084, 0.962, -0.178, 192.0, 0.0, 0.0, 0.0, 0.0, 0.0, 0.0, 0.0, 0.0, 0.0, 1.741116421219861E9, 0.0, 2025-03-04 13:27:01.219
134.0, -66646.10703541125, -62068.49212270882, -57608.246220141205, -59190.705024088034, -67358.34537247961, -63769.1022478464, -72474.0561811991, -68288.84849415404, 0.078, 0.968, -0.178, 192.0, 2.0, 112.0, 30.0, 64.0, 250.0, 112.0, 0.0, 0.0, 0.0, 1.74111642121991E9, 0.0, 2025-03-04 13:27:01.219
135.0, -66663.63080306421, -62019.81002328516, -57621.098473203005, -59198.23756196947, -67374.61744244306, -63784.52495152056, -72498.03960299965, -68308.629787997, 0.078, 0.968, -0.178, 192.0, 0.0, 0.0, 0.0, 0.0, 0.0, 0.0, 0.0, 0.0, 0.0, 1.74111642121994E9, 0.0, 2025-03-04 13:27:01.219
136.0, -66652.8349104923, -61986.84120021358, -57614.86233649997, -59187.77694556439, -67365.22970977184, -63768.61050946838, -72493.54690236413, -68300.42669778189, 0.078, 0.968, -0.178, 192.0, 0.0, 0.0, 0.0, 0.0, 0.0, 0.0, 0.0, 0.0, 0.0, 1.741116421219962E9, 0.0, 2025-03-04 13:27:01.219
137.0, -66641.39081733118, -62021.10642446356, -57606.23456314023, -59182.25606468393, -67353.62915439953, -63758.39576225231, -72464.73550376124, -68289.76491567671, 0.078, 0.968, -0.178, 192.0, 0.0, 0.0, 0.0, 0.0, 0.0, 0.0, 0.0, 0.0, 0.0, 1.741116421219983E9, 0.0, 2025-03-04 13:27:01.219
138.0, -66640.92143069762, -62058.00915455928, -57602.434766582825, -59184.558294362825, -67349.40467469748, -63755.914718617765, -72451.03388441014, -68270.92239510089, 0.078, 0.968, -0.178, 192.0, 0.0, 0.0, 0.0, 0.0, 0.0, 0.0, 0.0, 0.0, 0.0, 1.741116421220011E9, 0.0, 2025-03-04 13:27:01.220
139.0, -66645.03415167739, -62017.46309011735, -57603.95468520578, -59180.222055938495, -67358.01009631278, -63765.25774780009, -72468.02121019617, -68292.93886338935, 0.078, 0.968, -0.178, 192.0, 0.0, 0.0, 0.0, 0.0, 0.0, 0.0, 0.0, 0.0, 0.0, 1.741116421220032E9, 0.0, 2025-03-04 13:27:01.220
140.0, -66657.70759078355, -61977.96755766482, -57620.69614180281, -59190.369747921206, -67374.93036686545, -63784.793172454025, -72479.48765510174, -68306.41696529591, 0.078, 0.968, -0.178, 192.0, 0.0, 0.0, 0.0, 0.0, 0.0, 0.0, 0.0, 0.0, 0.0, 1.741116421220054E9, 0.0, 2025-03-04 13:27:01.220
141.0, -66654.37718085971, -62014.22208717133, -57619.69031330232, -59202.19382073806, -67369.40948598499, -63785.03904164303, -72472.11157943148, -68296.49279075775, 0.078, 0.968, -0.178, 192.0, 0.0, 0.0, 0.0, 0.0, 0.0, 0.0, 0.0, 0.0, 0.0, 1.741116421220075E9, 0.0, 2025-03-04 13:27:01.220
142.0, -66641.81550047583, -62057.58447141463, -57607.955647463285, -59199.645721870154, -67354.9479073224, -63774.75723919359, -72461.15922464839, -68282.92528187338, 0.078, 0.968, -0.178, 192.0, 0.0, 0.0, 0.0, 0.0, 0.0, 0.0, 0.0, 0.0, 0.0, 1.741116421220097E9, 0.0, 2025-03-04 13:27:01.220
143.0, -66640.40734057514, -62023.54276460919, -57607.463909085265, -59192.381404922184, -67358.09950329059, -63777.55120725051, -72464.40022759441, -68287.97677612028, 0.078, 0.968, -0.178, 192.0, 0.0, 0.0, 0.0, 0.0, 0.0, 0.0, 0.0, 0.0, 0.0, 1.741116421220122E9, 0.0, 2025-03-04 13:27:01.220
144.0, -66638.86507020773, -61962.03076386819, -57608.53679281912, -59184.11125947371, -67362.83807311513, -63780.85926542989, -72461.18157639285, -68293.16238083392, 0.074, 0.972, -0.182, 192.0, 2.0, 80.0, 30.0, 96.0, 250.0, 80.0, 0.0, 0.0, 0.0, 1.741116421220144E9, 0.0, 2025-03-04 13:27:01.220
145.0, -66642.15077664265, -61992.76441249424, -57609.92260097535, -59192.89549504465, -67363.7991981267, -63782.24507358612, -72452.50909954419, -68298.01270938071, 0.074, 0.972, -0.182, 192.0, 0.0, 0.0, 0.0, 0.0, 0.0, 0.0, 0.0, 0.0, 0.0, 1.74111642122017E9, 0.0, 2025-03-04 13:27:01.220
146.0, -66627.44332879107, -62038.540785138706, -57597.22681012474, -59197.79052708037, -67352.77978811023, -63778.154704350796, -72440.59561974951, -68285.33927027456, 0.074, 0.972, -0.182, 192.0, 0.0, 0.0, 0.0, 0.0, 0.0, 0.0, 0.0, 0.0, 0.0, 1.741116421220191E9, 0.0, 2025-03-04 13:27:01.220
147.0, -66621.78833744387, -62022.00049424178, -57587.3920425644, -59180.19970419404, -67353.07036078816, -63772.72323044816, -72444.32836107354, -68266.9661363323, 0.074, 0.972, -0.182, 192.0, 0.0, 0.0, 0.0, 0.0, 0.0, 0.0, 0.0, 0.0, 0.0, 1.741116421220213E9, 0.0, 2025-03-04 13:27:01.220
148.0, -66628.27034333591, -61958.09685684405, -57588.35316757598, -59173.33771864626, -67358.34537247961, -63775.494846760615, -72455.7053990013, -68266.89908109893, 0.074, 0.972, -0.182, 192.0, 0.0, 0.0, 0.0, 0.0, 0.0, 0.0, 0.0, 0.0, 0.0, 1.741116421280559E9, 0.0, 2025-03-04 13:27:01.280
149.0, -66626.0798723793, -61974.39127855197, -57587.43674605331, -59169.11323894421, -67352.53391892122, -63774.24314907112, -72451.83854721053, -68273.44814222434, 0.074, 0.972, -0.182, 192.0, 0.0, 0.0, 0.0, 0.0, 0.0, 0.0, 0.0, 0.0, 0.0, 1.741116421280606E9, 0.0, 2025-03-04 13:27:01.280
150.0, -66619.5755147428, -62023.74393030929, -57584.39690880739, -59173.69534655754, -67345.96250605136, -63770.264538558076, -72438.94159065982, -68261.13233102945, 0.074, 0.972, -0.182, 192.0, 0.0, 0.0, 0.0, 0.0, 0.0, 0.0, 0.0, 0.0, 0.0, 1.741116421280632E9, 0.0, 2025-03-04 13:27:01.280
151.0, -66612.51236349493, -62024.50388962077, -57578.07136512654, -59166.7663057764, -67341.76037809376, -63765.570672222464, -72439.41097729337, -68257.53370017215, 0.074, 0.972, -0.182, 192.0, 0.0, 0.0, 0.0, 0.0, 0.0, 0.0, 0.0, 0.0, 0.0, 1.741116421280654E9, 0.0, 2025-03-04 13:27:01.280
152.0, -66630.41611080362, -61963.93066214689, -57589.51545828766, -59163.592358063746, -67355.39494221151, -63775.427791527254, -72458.96875369176, -68281.98650860626, 0.074, 0.972, -0.182, 192.0, 0.0, 0.0, 0.0, 0.0, 0.0, 0.0, 0.0, 0.0, 0.0, 1.741116421280676E9, 0.0, 2025-03-04 13:27:01.280
153.0, -66627.82330844681, -61970.52442676121, -57599.68550201482, -59178.52332335989, -67357.65246840149, -63780.18871309623, -72482.5051406032, -68300.53845650416, 0.074, 0.972, -0.182, 192.0, 0.0, 0.0, 0.0, 0.0, 0.0, 0.0, 0.0, 0.0, 0.0, 1.741116421280706E9, 0.0, 2025-03-04 13:27:01.280
154.0, -66626.34809331276, -62021.44170063039, -57602.39006309391, -59188.603960109234, -67351.57279390965, -63778.42292528426, -72465.8083874951, -68293.7658779342, 0.068, 0.962, -0.184, 192.0, 2.0, 32.0, 30.0, 16.0, 250.0, 64.0, 0.0, 0.0, 0.0, 1.741116421280728E9, 0.0, 2025-03-04 13:27:01.280
155.0, -66622.36948279971, -62036.484424648814, -57592.26472285566, -59179.015061737904, -67334.96544777935, -63762.642593698816, -72425.21761956425, -68251.25285998022, 0.068, 0.962, -0.184, 192.0, 0.0, 0.0, 0.0, 0.0, 0.0, 0.0, 0.0, 0.0, 0.0, 1.741116421280752E9, 0.0, 2025-03-04 13:27:01.280
156.0, -66635.04292190587, -61973.31839481812, -57598.232638625224, -59170.05201221133, -67345.895450818, -63766.062410600476, -72444.52952677364, -68254.98560130424, 0.068, 0.962, -0.184, 192.0, 0.0, 0.0, 0.0, 0.0, 0.0, 0.0, 0.0, 0.0, 0.0, 1.741116421280773E9, 0.0, 2025-03-04 13:27:01.280
157.0, -66654.82421574881, -61968.959804649334, -57619.44444411331, -59187.86635254221, -67361.56402368117, -63782.22272184167, -72469.74229451922, -68283.50642722922, 0.068, 0.962, -0.184, 192.0, 0.0, 0.0, 0.0, 0.0, 0.0, 0.0, 0.0, 0.0, 0.0, 1.741116421280794E9, 0.0, 2025-03-04 13:27:01.280
158.0, -66647.40343658965, -62022.76045355326, -57609.989656208716, -59190.86148629922, -67346.0519130292, -63768.47639900165, -72459.59460253651, -68255.29852572663, 0.068, 0.962, -0.184, 192.0, 0.0, 0.0, 0.0, 0.0, 0.0, 0.0, 0.0, 0.0, 0.0, 1.741116421280818E9, 0.0, 2025-03-04 13:27:01.280
159.0, -66641.79314873138, -62052.26475623426, -57604.62523753944, -59186.54759961934, -67343.86144207256, -63764.743657677616, -72453.55963153359, -68255.63380189345, 0.068, 0.962, -0.184, 192.0, 0.0, 0.0, 0.0, 0.0, 0.0, 0.0, 0.0, 0.0, 0.0, 1.74111642128084E9, 0.0, 2025-03-04 13:27:01.280
160.0, -66638.61920101872, -61997.54768580767, -57603.150022405396, -59181.42905013908, -67347.43772118542, -63769.61633796887, -72457.89586995791, -68266.608508421, 0.068, 0.962, -0.184, 192.0, 0.0, 0.0, 0.0, 0.0, 0.0, 0.0, 0.0, 0.0, 0.0, 1.741116421280864E9, 0.0, 2025-03-04 13:27:01.280
161.0, -66638.55214578535, -61963.528330746696, -57607.93329571883, -59181.09377397225, -67351.03635204272, -63777.39474503932, -72460.9580589483, -68270.5200637007, 0.068, 0.962, -0.184, 192.0, 0.0, 0.0, 0.0, 0.0, 0.0, 0.0, 0.0, 0.0, 0.0, 1.741116421280886E9, 0.0, 2025-03-04 13:27:01.280
162.0, -66625.61048574572, -62000.40870909795, -57604.71464451726, -59188.872181042694, -67343.81673858366, -63775.919529905266, -72444.95420991829, -68264.75331363121, 0.068, 0.962, -0.184, 192.0, 0.0, 0.0, 0.0, 0.0, 0.0, 0.0, 0.0, 0.0, 0.0, 1.741116421280907E9, 0.0, 2025-03-04 13:27:01.280
163.0, -66625.11874736771, -62039.144282239, -57602.83709798302, -59195.84592531275, -67341.76037809376, -63777.01476538358, -72443.50134652869, -68264.77566537568, 0.068, 0.962, -0.184, 192.0, 0.0, 0.0, 0.0, 0.0, 0.0, 0.0, 0.0, 0.0, 0.0, 1.741116421340357E9, 0.0, 2025-03-04 13:27:01.340
164.0, -66634.70764573904, -62003.94028472189, -57606.703949773786, -59193.3201781893, -67350.7457793648, -63783.541474764526, -72455.9512681903, -68266.67556365438, 0.068, 0.962, -0.182, 192.0, 2.0, 32.0, 30.0, 16.0, 250.0, 80.0, 0.0, 0.0, 0.0, 1.741116421340385E9, 0.0, 2025-03-04 13:27:01.340
165.0, -66634.72999748349, -61957.6721736994, -57606.79335675161, -59183.4183553956, -67350.96929680936, -63783.317957319974, -72460.37691359245, -68266.85437761001, 0.068, 0.962, -0.182, 192.0, 0.0, 0.0, 0.0, 0.0, 0.0, 0.0, 0.0, 0.0, 0.0, 1.741116421340425E9, 0.0, 2025-03-04 13:27:01.340
166.0, -66630.25964859243, -61993.569075294625, -57607.396853851904, -59186.637006597164, -67345.98485779582, -63779.92049216277, -72462.0532944266, -68265.08858979805, 0.068, 0.962, -0.182, 192.0, 0.0, 0.0, 0.0, 0.0, 0.0, 0.0, 0.0, 0.0, 0.0, 1.741116421340447E9, 0.0, 2025-03-04 13:27:01.340
167.0, -66642.68721850959, -62051.61655564506, -57614.9964469667, -59201.79148933786, -67351.08105553163, -63786.1566288658, -72458.09703565801, -68268.84368286654, 0.068, 0.962, -0.182, 192.0, 0.0, 0.0, 0.0, 0.0, 0.0, 0.0, 0.0, 0.0, 0.0, 1.741116421340468E9, 0.0, 2025-03-04 13:27:01.340
168.0, -66640.36263708623, -62032.37170366904, -57612.582458565535, -59199.4222044256, -67351.41633169846, -63783.250902086605, -72443.97073316226, -68264.10511304201, 0.068, 0.962, -0.182, 192.0, 0.0, 0.0, 0.0, 0.0, 0.0, 0.0, 0.0, 0.0, 0.0, 1.741116421340495E9, 0.0, 2025-03-04 13:27:01.340
169.0, -66635.84758470627, -61965.4282290254, -57612.49305158771, -59190.03447175437, -67354.27735498874, -63786.82718119946, -72455.23601236774, -68272.2187962793, 0.068, 0.962, -0.182, 192.0, 0.0, 0.0, 0.0, 0.0, 0.0, 0.0, 0.0, 0.0, 0.0, 1.741116421340516E9, 0.0, 2025-03-04 13:27:01.340
170.0, -66641.03318941989, -61989.031671170196, -57619.10916794648, -59198.595189880754, -67356.06549454517, -63793.53270453605, -72453.73844548923, -68272.75523814622, 0.068, 0.962, -0.182, 192.0, 0.0, 0.0, 0.0, 0.0, 0.0, 0.0, 0.0, 0.0, 0.0, 1.741116421340538E9, 0.0, 2025-03-04 13:27:01.340
171.0, -66626.9292386686, -62033.489290891805, -57605.161679406374, -59193.1190124892, -67339.7487210928, -63779.18288459574, -72442.67433198384, -68255.90202282692, 0.068, 0.962, -0.182, 192.0, 0.0, 0.0, 0.0, 0.0, 0.0, 0.0, 0.0, 0.0, 0.0, 1.741116421340559E9, 0.0, 2025-03-04 13:27:01.340
172.0, -66636.29461959537, -62027.70018907788, -57609.47556608624, -59192.98490202247, -67350.7457793648, -63790.62697775686, -72466.34482936202, -68277.113828315, 0.068, 0.962, -0.182, 192.0, 0.0, 0.0, 0.0, 0.0, 0.0, 0.0, 0.0, 0.0, 0.0, 1.74111642134058E9, 0.0, 2025-03-04 13:27:01.340
173.0, -66649.59390754628, -61969.183322093886, -57618.81859526856, -59192.69432934455, -67363.62038417107, -63802.92043720728, -72473.29622188762, -68293.117677345, 0.068, 0.962, -0.182, 192.0, 0.0, 0.0, 0.0, 0.0, 0.0, 0.0, 0.0, 0.0, 0.0, 1.741116421340605E9, 0.0, 2025-03-04 13:27:01.340
174.0, -66642.30723885384, -61981.70029898886, -57615.510537089176, -59194.03543401187, -67354.81379685567, -63793.97973942516, -72449.15633787589, -68273.15756954641, 0.07200000000000001, 0.968, -0.184, 192.0, 2.0, 64.0, 30.0, 64.0, 250.0, 64.0, 0.0, 0.0, 0.0, 1.741116421340627E9, 0.0, 2025-03-04 13:27:01.340
175.0, -66635.08762539478, -62029.35421816757, -57608.62619979694, -59196.60588462423, -67349.31526771966, -63790.738736479136, -72447.05527389709, -68277.73967715976, 0.07200000000000001, 0.968, -0.184, 192.0, 0.0, 0.0, 0.0, 0.0, 0.0, 0.0, 0.0, 0.0, 0.0, 1.74111642134065E9, 0.0, 2025-03-04 13:27:01.340
176.0, -66626.01281714592, -62034.38336067002, -57593.24819961169, -59188.78277406488, -67339.1899274814, -63780.07695437395, -72444.9989134072, -68256.2596507382, 0.07200000000000001, 0.968, -0.184, 192.0, 0.0, 0.0, 0.0, 0.0, 0.0, 0.0, 0.0, 0.0, 0.0, 1.741116421340675E9, 0.0, 2025-03-04 13:27:01.340
177.0, -66636.20521261754, -61965.8752639145, -57601.36188284897, -59180.53498036087, -67355.50670093378, -63788.39180331133, -72463.64026828292, -68268.28488925516, 0.07200000000000001, 0.968, -0.184, 192.0, 0.0, 0.0, 0.0, 0.0, 0.0, 0.0, 0.0, 0.0, 0.0, 1.741116421340697E9, 0.0, 2025-03-04 13:27:01.340
178.0, -66632.71834048252, -61963.28246155768, -57606.413377095865, -59185.76528856341, -67355.23848000032, -63791.34223357943, -72449.26809659817, -68279.12548531598, 0.07200000000000001, 0.968, -0.184, 192.0, 0.0, 0.0, 0.0, 0.0, 0.0, 0.0, 0.0, 0.0, 0.0, 1.741116421400734E9, 0.0, 2025-03-04 13:27:01.400
179.0, -66627.3762735577, -62014.66912206043, -57606.50278407369, -59194.48246890098, -67353.0480090437, -63787.56478876648, -72447.43525355283, -68264.03805780865, 0.07200000000000001, 0.968, -0.184, 192.0, 0.0, 0.0, 0.0, 0.0, 0.0, 0.0, 0.0, 0.0, 0.0, 1.741116421400762E9, 0.0, 2025-03-04 13:27:01.400
180.0, -66627.93506716908, -62040.66420086196, -57606.36867360696, -59197.1199747467, -67350.43285494242, -63780.41223054079, -72447.56936401957, -68247.94480180083, 0.07200000000000001, 0.968, -0.184, 192.0, 0.0, 0.0, 0.0, 0.0, 0.0, 0.0, 0.0, 0.0, 0.0, 1.741116421400795E9, 0.0, 2025-03-04 13:27:01.400
181.0, -66634.28296259439, -61982.63907225598, -57608.42503409684, -59190.637968854666, -67354.85850034458, -63783.51912302007, -72453.0455414111, -68259.14302577294, 0.07200000000000001, 0.968, -0.184, 192.0, 0.0, 0.0, 0.0, 0.0, 0.0, 0.0, 0.0, 0.0, 0.0, 1.741116421400816E9, 0.0, 2025-03-04 13:27:01.400
182.0, -66627.48803227997, -61960.10851384503, -57606.5474875626, -59180.71379431651, -67349.73995086431, -63775.11486710488, -72443.16607036187, -68256.59492690503, 0.07200000000000001, 0.968, -0.184, 192.0, 0.0, 0.0, 0.0, 0.0, 0.0, 0.0, 0.0, 0.0, 0.0, 1.741116421400838E9, 0.0, 2025-03-04 13:27:01.400
183.0, -66641.0778929088, -62014.42325287143, -57618.41626386837, -59191.956721777526, -67358.97122132436, -63783.317957319974, -72456.5547652906, -68266.98848807675, 0.07200000000000001, 0.968, -0.184, 192.0, 0.0, 0.0, 0.0, 0.0, 0.0, 0.0, 0.0, 0.0, 0.0, 1.741116421400866E9, 0.0, 2025-03-04 13:27:01.400
184.0, -66643.51423305443, -62056.33277372513, -57620.047941213605, -59198.93046604758, -67366.83903537263, -63786.111925376885, -72469.71994277477, -68261.48995894074, 0.07, 0.966, -0.182, 192.0, 2.0, 48.0, 30.0, 48.0, 250.0, 80.0, 0.0, 0.0, 0.0, 1.741116421400886E9, 0.0, 2025-03-04 13:27:01.400
185.0, -66636.40637831764, -61998.50881081925, -57604.848754984, -59177.58455009277, -67359.64177365802, -63777.730021206145, -72460.37691359245, -68258.78539786165, 0.07, 0.966, -0.182, 192.0, 0.0, 0.0, 0.0, 0.0, 0.0, 0.0, 0.0, 0.0, 0.0, 1.741116421400909E9, 0.0, 2025-03-04 13:27:01.400
186.0, -66632.20425036005, -61958.02980161069, -57599.417281081354, -59165.44755285353, -67352.01982879876, -63771.47153275866, -72443.03195989513, -68256.95255481632, 0.07, 0.966, -0.182, 192.0, 0.0, 0.0, 0.0, 0.0, 0.0, 0.0, 0.0, 0.0, 0.0, 1.741116421400933E9, 0.0, 2025-03-04 13:27:01.400
187.0, -66626.75042471295, -61994.84312472858, -57594.76811823465, -59165.15698017562, -67344.3978839395, -63770.64451821381, -72437.35461680348, -68262.24991825223, 0.07, 0.966, -0.182, 192.0, 0.0, 0.0, 0.0, 0.0, 0.0, 0.0, 0.0, 0.0, 0.0, 1.741116421400955E9, 0.0, 2025-03-04 13:27:01.400
188.0, -66633.36654107172, -62040.12775899503, -57597.83030722503, -59172.98009073497, -67348.93528806392, -63773.751410693105, -72451.92795418834, -68251.54343265813, 0.07, 0.966, -0.182, 192.0, 0.0, 0.0, 0.0, 0.0, 0.0, 0.0, 0.0, 0.0, 0.0, 1.74111642140098E9, 0.0, 2025-03-04 13:27:01.400
189.0, -66641.36846558673, -62010.26582840274, -57598.791432236605, -59169.96260523351, -67355.23848000032, -63778.065297372974, -72450.18451812083, -68246.53664190014, 0.07, 0.966, -0.182, 192.0, 0.0, 0.0, 0.0, 0.0, 0.0, 0.0, 0.0, 0.0, 0.0, 1.741116421401002E9, 0.0, 2025-03-04 13:27:01.401
190.0, -66643.46952956553, -61965.31647030312, -57606.52513581814, -59167.54861683233, -67360.02175331376, -63782.64740498632, -72462.9026607159, -68265.20034852033, 0.07, 0.966, -0.182, 192.0, 0.0, 0.0, 0.0, 0.0, 0.0, 0.0, 0.0, 0.0, 0.0, 1.741116421401028E9, 0.0, 2025-03-04 13:27:01.401
191.0, -66623.3306078113, -61989.63516827049, -57592.89057170041, -59161.491294084946, -67339.65931411496, -63763.76018092158, -72438.96394240427, -68247.43071167836, 0.07, 0.966, -0.182, 192.0, 0.0, 0.0, 0.0, 0.0, 0.0, 0.0, 0.0, 0.0, 0.0, 1.741116421401053E9, 0.0, 2025-03-04 13:27:01.401
192.0, -66623.79999444485, -62032.75168332478, -57590.29776934359, -59167.39215462115, -67337.96058153636, -63766.062410600476, -72424.72588118624, -68244.72615059926, 0.07, 0.966, -0.182, 192.0, 0.0, 0.0, 0.0, 0.0, 0.0, 0.0, 0.0, 0.0, 0.0, 1.741116421401074E9, 0.0, 2025-03-04 13:27:01.401
193.0, -66633.70181723856, -62015.317322649644, -57595.081042657024, -59171.46017211201, -67348.8458810861, -63780.68045147425, -72438.13692785942, -68263.72513338628, 0.07, 0.966, -0.182, 192.0, 0.0, 0.0, 0.0, 0.0, 0.0, 0.0, 0.0, 0.0, 0.0, 1.741116421459987E9, 0.0, 2025-03-04 13:27:01.459
194.0, -66638.95447718554, -61958.29802254415, -57598.50085955869, -59167.86154125471, -67358.12185503506, -63784.43554454274, -72447.50230878619, -68278.90196787142, 0.07200000000000001, 0.968, -0.18, 192.0, 2.0, 64.0, 30.0, 64.0, 250.0, 96.0, 0.0, 0.0, 0.0, 1.741116421460019E9, 0.0, 2025-03-04 13:27:01.460
195.0, -66637.34515158477, -61978.99573790977, -57599.01494968116, -59169.11323894421, -67357.89833759051, -63782.91562591978, -72456.42065482386, -68269.29071775565, 0.07200000000000001, 0.968, -0.18, 192.0, 0.0, 0.0, 0.0, 0.0, 0.0, 0.0, 0.0, 0.0, 0.0, 1.741116421460065E9, 0.0, 2025-03-04 13:27:01.460
196.0, -66641.32376209782, -62028.12487222253, -57600.71368225977, -59180.51262861641, -67357.87598584604, -63787.14010562183, -72453.6043350225, -68269.9165666004, 0.07200000000000001, 0.968, -0.18, 192.0, 0.0, 0.0, 0.0, 0.0, 0.0, 0.0, 0.0, 0.0, 0.0, 1.741116421460087E9, 0.0, 2025-03-04 13:27:01.460
197.0, -66637.72513124051, -62029.153052467474, -57602.65828402738, -59184.51359087391, -67358.63594515753, -63789.554094023006, -72454.43134956734, -68279.59487194955, 0.07200000000000001, 0.968, -0.18, 192.0, 0.0, 0.0, 0.0, 0.0, 0.0, 0.0, 0.0, 0.0, 0.0, 1.741116421460109E9, 0.0, 2025-03-04 13:27:01.460
198.0, -66631.04195964837, -61958.610946966524, -57593.87404845644, -59163.771172019384, -67352.71273287687, -63778.13235260634, -72453.4478728113, -68274.90100561392, 0.07200000000000001, 0.968, -0.18, 192.0, 0.0, 0.0, 0.0, 0.0, 0.0, 0.0, 0.0, 0.0, 0.0, 1.741116421460136E9, 0.0, 2025-03-04 13:27:01.460
199.0, -66633.67946549409, -61964.154179591445, -57599.81961248155, -59166.7663057764, -67355.57375616716, -63781.373355552365, -72455.77245423466, -68272.30820325711, 0.07200000000000001, 0.968, -0.18, 192.0, 0.0, 0.0, 0.0, 0.0, 0.0, 0.0, 0.0, 0.0, 0.0, 1.74111642146016E9, 0.0, 2025-03-04 13:27:01.460
200.0, -66625.49872702346, -62018.75949129576, -57590.744804232694, -59170.364936633705, -67342.36387519406, -63769.72809669115, -72432.16901208986, -68257.1090170275, 0.07200000000000001, 0.968, -0.18, 192.0, 0.0, 0.0, 0.0, 0.0, 0.0, 0.0, 0.0, 0.0, 0.0, 1.741116421460182E9, 0.0, 2025-03-04 13:27:01.460
201.0, -66631.93602942658, -62030.784729812716, -57593.203496122784, -59172.309538401314, -67345.60487814008, -63771.940919392226, -72440.93089591633, -68263.90394734191, 0.07200000000000001, 0.968, -0.18, 192.0, 0.0, 0.0, 0.0, 0.0, 0.0, 0.0, 0.0, 0.0, 0.0, 1.741116421460203E9, 0.0, 2025-03-04 13:27:01.460
202.0, -66652.56668955884, -61975.79943845266, -57611.800147509595, -59179.596207093746, -67365.34146849412, -63788.12358237786, -72473.92207073237, -68296.89512215795, 0.07200000000000001, 0.968, -0.18, 192.0, 0.0, 0.0, 0.0, 0.0, 0.0, 0.0, 0.0, 0.0, 0.0, 1.741116421460225E9, 0.0, 2025-03-04 13:27:01.460
203.0, -66655.1371401712, -61976.1794181084, -57616.60577256749, -59182.591340850755, -67361.27345100325, -63785.776649210056, -72449.4469105538, -68285.98747086377, 0.07200000000000001, 0.968, -0.18, 192.0, 0.0, 0.0, 0.0, 0.0, 0.0, 0.0, 0.0, 0.0, 0.0, 1.741116421460249E9, 0.0, 2025-03-04 13:27:01.460
204.0, -66642.30723885384, -62023.69922682038, -57606.480432329234, -59177.33868090376, -67346.00720954027, -63771.27036705856, -72432.83956442351, -68259.34419147304, 0.076, 0.966, -0.17200000000000001, 192.0, 2.0, 96.0, 30.0, 48.0, 250.0, 160.0, 0.0, 0.0, 0.0, 1.741116421460272E9, 0.0, 2025-03-04 13:27:01.460
205.0, -66634.66294225013, -62037.51260489376, -57598.947894447796, -59174.14238144665, -67344.21906998385, -63767.157646078784, -72440.1485848604, -68259.6571158954, 0.076, 0.966, -0.17200000000000001, 192.0, 0.0, 0.0, 0.0, 0.0, 0.0, 0.0, 0.0, 0.0, 0.0, 1.741116421460295E9, 0.0, 2025-03-04 13:27:01.460
206.0, -66648.99041044599, -61983.55549377865, -57607.79918525209, -59170.52139884489, -67358.79240736872, -63778.17705609525, -72456.1524338904, -68262.33932523004, 0.076, 0.966, -0.17200000000000001, 192.0, 0.0, 0.0, 0.0, 0.0, 0.0, 0.0, 0.0, 0.0, 0.0, 1.74111642146032E9, 0.0, 2025-03-04 13:27:01.460
207.0, -66645.16826214413, -61961.874301657, -57604.178202650335, -59160.70898302901, -67353.49504393281, -63772.633823470336, -72455.101901901, -68259.88063333996, 0.076, 0.966, -0.17200000000000001, 192.0, 0.0, 0.0, 0.0, 0.0, 0.0, 0.0, 0.0, 0.0, 0.0, 1.741116421460342E9, 0.0, 2025-03-04 13:27:01.460
208.0, -66642.66486676513, -62006.734252778806, -57602.233600882726, -59162.69828828553, -67350.18698575342, -63776.03128862754, -72452.93378268884, -68269.5142352002, 0.076, 0.966, -0.17200000000000001, 192.0, 0.0, 0.0, 0.0, 0.0, 0.0, 0.0, 0.0, 0.0, 0.0, 1.741116421519862E9, 0.0, 2025-03-04 13:27:01.519
209.0, -66639.53562254139, -62040.977125284335, -57597.87501071394, -59163.88293074167, -67347.37066595205, -63777.50650376159, -72455.88421295694, -68269.04484856664, 0.076, 0.966, -0.17200000000000001, 192.0, 0.0, 0.0, 0.0, 0.0, 0.0, 0.0, 0.0, 0.0, 0.0, 1.741116421519917E9, 0.0, 2025-03-04 13:27:01.519
210.0, -66645.30237261085, -61996.720671262825, -57597.42797582484, -59159.54669231734, -67351.148110765, -63781.9545009082, -72463.52850956065, -68276.2644620257, 0.076, 0.966, -0.17200000000000001, 192.0, 0.0, 0.0, 0.0, 0.0, 0.0, 0.0, 0.0, 0.0, 0.0, 1.741116421519963E9, 0.0, 2025-03-04 13:27:01.519
211.0, -66644.65417202165, -61957.26984229921, -57593.695234500796, -59152.57294804728, -67348.62236364155, -63780.9039689188, -72447.03292215263, -68276.80090389262, 0.076, 0.966, -0.17200000000000001, 192.0, 0.0, 0.0, 0.0, 0.0, 0.0, 0.0, 0.0, 0.0, 0.0, 1.741116421519985E9, 0.0, 2025-03-04 13:27:01.519
212.0, -66640.83202371979, -61995.06664217313, -57595.75159499069, -59157.89266322764, -67347.57183165215, -63778.713497962184, -72450.13981463193, -68262.6075461635, 0.076, 0.966, -0.17200000000000001, 192.0, 0.0, 0.0, 0.0, 0.0, 0.0, 0.0, 0.0, 0.0, 0.0, 1.741116421520007E9, 0.0, 2025-03-04 13:27:01.520
213.0, -66637.12163414022, -62045.246308475296, -57594.052862412085, -59166.654547054124, -67341.78272983822, -63778.44527702872, -72437.91341041487, -68258.11484552799, 0.076, 0.966, -0.17200000000000001, 192.0, 0.0, 0.0, 0.0, 0.0, 0.0, 0.0, 0.0, 0.0, 0.0, 1.741116421520031E9, 0.0, 2025-03-04 13:27:01.520
214.0, -66648.18574764559, -62012.590409826094, -57594.79046997911, -59161.87127374069, -67344.04025602821, -63783.116791619876, -72431.58786673401, -68269.64834566694, 0.078, 0.966, -0.18, 192.0, 2.0, 112.0, 30.0, 48.0, 250.0, 96.0, 0.0, 0.0, 0.0, 1.741116421520056E9, 0.0, 2025-03-04 13:27:01.520
215.0, -66647.49284356748, -61962.56720573512, -57598.50085955869, -59154.785770748356, -67349.42702644195, -63781.84274218592, -72445.98239016323, -68277.113828315, 0.078, 0.966, -0.18, 192.0, 0.0, 0.0, 0.0, 0.0, 0.0, 0.0, 0.0, 0.0, 0.0, 1.74111642152008E9, 0.0, 2025-03-04 13:27:01.520
216.0, -66644.36359934373, -61995.31251136214, -57597.20445838028, -59157.289166127346, -67345.51547116226, -63775.785419438536, -72435.25355282468, -68269.24601426674, 0.078, 0.966, -0.18, 192.0, 0.0, 0.0, 0.0, 0.0, 0.0, 0.0, 0.0, 0.0, 0.0, 1.741116421520102E9, 0.0, 2025-03-04 13:27:01.520
217.0, -66641.77079698692, -62045.380418942026, -57592.68940600031, -59155.03163993736, -67340.35221819309, -63770.443352513714, -72427.6986631988, -68250.58230764656, 0.078, 0.966, -0.18, 192.0, 0.0, 0.0, 0.0, 0.0, 0.0, 0.0, 0.0, 0.0, 0.0, 1.741116421520123E9, 0.0, 2025-03-04 13:27:01.520
218.0, -66641.32376209782, -62030.80708155717, -57590.85656295497, -59154.11521841469, -67343.12383450555, -63771.98562288113, -72443.52369827314, -68252.48220592526, 0.078, 0.966, -0.18, 192.0, 0.0, 0.0, 0.0, 0.0, 0.0, 0.0, 0.0, 0.0, 0.0, 1.741116421520148E9, 0.0, 2025-03-04 13:27:01.520
219.0, -66656.47824483851, -61975.262996585734, -57603.35118810549, -59152.57294804728, -67357.16073002348, -63784.10026837591, -72457.89586995791, -68276.75620040372, 0.078, 0.966, -0.18, 192.0, 0.0, 0.0, 0.0, 0.0, 0.0, 0.0, 0.0, 0.0, 0.0, 1.74111642152017E9, 0.0, 2025-03-04 13:27:01.520
220.0, -66652.231413392, -61992.31737760513, -57606.39102535141, -59151.500064313426, -67354.76909336676, -63781.19454159672, -72452.75496873319, -68277.80673239312, 0.078, 0.966, -0.18, 192.0, 0.0, 0.0, 0.0, 0.0, 0.0, 0.0, 0.0, 0.0, 0.0, 1.741116421520191E9, 0.0, 2025-03-04 13:27:01.520
221.0, -66640.13911964168, -62042.60880262957, -57599.707853759275, -59161.133666173664, -67343.66027637247, -63774.95840489369, -72440.97559940524, -68267.83785436605, 0.078, 0.966, -0.18, 192.0, 0.0, 0.0, 0.0, 0.0, 0.0, 0.0, 0.0, 0.0, 0.0, 1.741116421520215E9, 0.0, 2025-03-04 13:27:01.520
222.0, -66639.80384347485, -62037.8925845495, -57597.6961967583, -59163.771172019384, -67345.78369209572, -63775.070163615965, -72452.71026524428, -68273.24697652424, 0.078, 0.966, -0.18, 192.0, 0.0, 0.0, 0.0, 0.0, 0.0, 0.0, 0.0, 0.0, 0.0, 1.741116421520237E9, 0.0, 2025-03-04 13:27:01.520
223.0, -66650.19740464656, -61974.99477565227, -57604.49112707271, -59165.62636680918, -67358.21126201288, -63785.59783525442, -72469.69759103032, -68294.72700294579, 0.068, 0.968, -0.184, 192.0, 2.0, 32.0, 30.0, 64.0, 250.0, 64.0, 0.0, 0.0, 0.0, 1.741116421580092E9, 0.0, 2025-03-04 13:27:01.580
224.0, -66643.67069526562, -61978.88397918749, -57603.17237414985, -59165.3134423868, -67352.1986427544, -63778.89231191782, -72458.58877403603, -68292.64829071144, 0.068, 0.968, -0.184, 192.0, 0.0, 0.0, 0.0, 0.0, 0.0, 0.0, 0.0, 0.0, 0.0, 1.741116421580154E9, 0.0, 2025-03-04 13:27:01.580
225.0, -66638.19451787407, -62023.85568903157, -57598.47850781423, -59164.844055753245, -67345.80604384017, -63769.88455890233, -72449.78218672064, -68269.58129043356, 0.068, 0.968, -0.184, 192.0, 0.0, 0.0, 0.0, 0.0, 0.0, 0.0, 0.0, 0.0, 0.0, 1.741116421580194E9, 0.0, 2025-03-04 13:27:01.580
226.0, -66626.4822037795, -62031.47763389083, -57590.409528065866, -59160.28429988436, -67341.42510192694, -63766.57650072295, -72452.48674779973, -68272.19644453484, 0.068, 0.968, -0.184, 192.0, 0.0, 0.0, 0.0, 0.0, 0.0, 0.0, 0.0, 0.0, 0.0, 1.74111642158022E9, 0.0, 2025-03-04 13:27:01.580
227.0, -66655.51711982694, -61974.50303727425, -57615.287019644624, -59171.191951178545, -67371.86817787506, -63792.683338246745, -72490.7082308183, -68296.9174739024, 0.068, 0.968, -0.184, 192.0, 0.0, 0.0, 0.0, 0.0, 0.0, 0.0, 0.0, 0.0, 0.0, 1.741116421580241E9, 0.0, 2025-03-04 13:27:01.580
228.0, -66651.11382616924, -61968.959804649334, -57616.2481446562, -59175.14820994714, -67367.46488421738, -63788.39180331133, -72477.87832950096, -68296.00105237974, 0.068, 0.968, -0.184, 192.0, 0.0, 0.0, 0.0, 0.0, 0.0, 0.0, 0.0, 0.0, 0.0, 1.741116421580263E9, 0.0, 2025-03-04 13:27:01.580
229.0, -66633.43359630508, -62014.624418571526, -57601.16071714887, -59175.66230006961, -67350.9469450649, -63776.72419270566, -72450.13981463193, -68285.87571214148, 0.068, 0.968, -0.184, 192.0, 0.0, 0.0, 0.0, 0.0, 0.0, 0.0, 0.0, 0.0, 0.0, 1.741116421580291E9, 0.0, 2025-03-04 13:27:01.580
230.0, -66636.54048878438, -62034.45041590338, -57597.36092059147, -59168.42033486609, -67355.66316314497, -63775.15957059379, -72456.77828273515, -68267.2120055213, 0.068, 0.968, -0.184, 192.0, 0.0, 0.0, 0.0, 0.0, 0.0, 0.0, 0.0, 0.0, 0.0, 1.741116421580312E9, 0.0, 2025-03-04 13:27:01.580
231.0, -66646.88934646719, -61983.711955989835, -57600.98190319323, -59166.296919142835, -67363.5980324266, -63781.306300319, -72468.08826542953, -68277.7173254153, 0.068, 0.968, -0.184, 192.0, 0.0, 0.0, 0.0, 0.0, 0.0, 0.0, 0.0, 0.0, 0.0, 1.741116421580334E9, 0.0, 2025-03-04 13:27:01.580
232.0, -66635.95934342853, -61955.52640623169, -57593.22584786724, -59156.21628239349, -67356.95956432338, -63773.86316941538, -72466.2554223842, -68275.54920620313, 0.068, 0.968, -0.184, 192.0, 0.0, 0.0, 0.0, 0.0, 0.0, 0.0, 0.0, 0.0, 0.0, 1.741116421580355E9, 0.0, 2025-03-04 13:27:01.580
233.0, -66633.54535502737, -61998.50881081925, -57585.35803381897, -59155.14339865964, -67345.96250605136, -63765.43656175573, -72443.99308490672, -68257.39958970543, 0.07, 0.964, -0.18, 192.0, 2.0, 48.0, 30.0, 32.0, 250.0, 96.0, 0.0, 0.0, 0.0, 1.741116421580376E9, 0.0, 2025-03-04 13:27:01.580
234.0, -66643.8271574768, -62041.22299447334, -57587.615560008955, -59160.306651628816, -67349.62819214203, -63768.789323424025, -72443.63545699543, -68267.83785436605, 0.07, 0.964, -0.18, 192.0, 0.0, 0.0, 0.0, 0.0, 0.0, 0.0, 0.0, 0.0, 0.0, 1.741116421580405E9, 0.0, 2025-03-04 13:27:01.580
235.0, -66662.80378851936, -62006.287217889694, -57593.82934496753, -59155.813950993295, -67365.38617198303, -63780.34517530742, -72474.59262306603, -68283.66288944041, 0.07, 0.964, -0.18, 192.0, 0.0, 0.0, 0.0, 0.0, 0.0, 0.0, 0.0, 0.0, 0.0, 1.741116421580427E9, 0.0, 2025-03-04 13:27:01.580
236.0, -66658.86988149522, -61968.959804649334, -57587.3920425644, -59144.41456132109, -67353.20447125488, -63769.281061802045, -72466.9036229734, -68266.58615667655, 0.07, 0.964, -0.18, 192.0, 0.0, 0.0, 0.0, 0.0, 0.0, 0.0, 0.0, 0.0, 0.0, 1.741116421580451E9, 0.0, 2025-03-04 13:27:01.580
237.0, -66661.12740768521, -62009.75173828027, -57588.040243153606, -59149.0637241678, -67343.7943868392, -63764.6989541887, -72433.599523735, -68262.38402871895, 0.07, 0.964, -0.18, 192.0, 0.0, 0.0, 0.0, 0.0, 0.0, 0.0, 0.0, 0.0, 0.0, 1.741116421580472E9, 0.0, 2025-03-04 13:27:01.580
238.0, -66661.0827041963, -62054.388171957515, -57585.96153091926, -59150.40482883511, -67337.55825013618, -63756.339401762416, -72415.18168630383, -68249.42001693488, 0.07, 0.964, -0.18, 192.0, 0.0, 0.0, 0.0, 0.0, 0.0, 0.0, 0.0, 0.0, 0.0, 1.74111642164034E9, 0.0, 2025-03-04 13:27:01.640
239.0, -66662.64732630817, -62028.97423851184, -57579.81480119405, -59143.18521537605, -67333.40082566749, -63750.885576115325, -72422.55776197408, -68245.7096273553, 0.07, 0.964, -0.18, 192.0, 0.0, 0.0, 0.0, 0.0, 0.0, 0.0, 0.0, 0.0, 0.0, 1.741116421640396E9, 0.0, 2025-03-04 13:27:01.640
240.0, -66670.87276826773, -61980.76152572173, -57585.670958241346, -59142.80523572031, -67336.0383315132, -63757.322878518455, -72429.75502368867, -68254.65032513742, 0.07, 0.964, -0.18, 192.0, 0.0, 0.0, 0.0, 0.0, 0.0, 0.0, 0.0, 0.0, 0.0, 1.741116421640423E9, 0.0, 2025-03-04 13:27:01.640
241.0, -66668.83875952229, -62018.02188372873, -57590.45423155478, -59156.48450332696, -67331.43387215542, -63761.27913728704, -72429.68796845531, -68261.08762754055, 0.07, 0.964, -0.18, 192.0, 0.0, 0.0, 0.0, 0.0, 0.0, 0.0, 0.0, 0.0, 0.0, 1.741116421640448E9, 0.0, 2025-03-04 13:27:01.640
242.0, -66678.49471312699, -62076.94108211292, -57597.964417691765, -59170.61080582271, -67338.51937514775, -63770.91273914728, -72443.74721571771, -68269.08955205555, 0.07, 0.964, -0.18, 192.0, 0.0, 0.0, 0.0, 0.0, 0.0, 0.0, 0.0, 0.0, 0.0, 1.74111642164047E9, 0.0, 2025-03-04 13:27:01.640
243.0, -66686.87661729773, -62072.98482334433, -57605.25108638419, -59170.923730245086, -67346.34248570711, -63774.868997915866, -72459.14756764741, -68266.40734272091, 0.076, 0.962, -0.176, 192.0, 2.0, 96.0, 30.0, 16.0, 250.0, 128.0, 0.0, 0.0, 0.0, 1.741116421640496E9, 0.0, 2025-03-04 13:27:01.640
244.0, -66684.66379459665, -62011.49517434779, -57601.00425493768, -59156.55155856032, -67340.82160482665, -63766.37533502285, -72437.35461680348, -68263.07693279708, 0.076, 0.962, -0.176, 192.0, 0.0, 0.0, 0.0, 0.0, 0.0, 0.0, 0.0, 0.0, 0.0, 1.741116421640527E9, 0.0, 2025-03-04 13:27:01.640
245.0, -66692.62101562275, -62032.103482735576, -57610.10141493099, -59160.55252081782, -67346.78952059621, -63767.98466062363, -72439.70154997129, -68266.1614735319, 0.076, 0.962, -0.176, 192.0, 0.0, 0.0, 0.0, 0.0, 0.0, 0.0, 0.0, 0.0, 0.0, 1.741116421640548E9, 0.0, 2025-03-04 13:27:01.640
246.0, -66696.17494299113, -62094.62131197707, -57616.91869698986, -59177.696308815044, -67349.27056423076, -63768.61050946838, -72446.18355586333, -68276.84560738155, 0.076, 0.962, -0.176, 192.0, 0.0, 0.0, 0.0, 0.0, 0.0, 0.0, 0.0, 0.0, 0.0, 1.74111642164057E9, 0.0, 2025-03-04 13:27:01.640
247.0, -66699.01361453696, -62099.44928877942, -57619.8020720246, -59182.83721003976, -67351.77395960975, -63771.0021461251, -72448.23991635322, -68270.34124974505, 0.076, 0.962, -0.176, 192.0, 0.0, 0.0, 0.0, 0.0, 0.0, 0.0, 0.0, 0.0, 0.0, 1.741116421640591E9, 0.0, 2025-03-04 13:27:01.640
248.0, -66702.99222505001, -62039.74777933929, -57622.86426101498, -59173.76240179091, -67355.57375616716, -63774.39961128231, -72448.46343379778, -68262.1605112744, 0.076, 0.962, -0.176, 192.0, 0.0, 0.0, 0.0, 0.0, 0.0, 0.0, 0.0, 0.0, 0.0, 1.741116421640624E9, 0.0, 2025-03-04 13:27:01.640
249.0, -66702.29932097188, -62046.22978523133, -57629.905060518395, -59180.0208902384, -67357.67482014594, -63779.406402040295, -72449.98335242074, -68272.37525849047, 0.076, 0.962, -0.176, 192.0, 0.0, 0.0, 0.0, 0.0, 0.0, 0.0, 0.0, 0.0, 0.0, 1.741116421640668E9, 0.0, 2025-03-04 13:27:01.640
250.0, -66690.83287606631, -62093.63783522104, -57625.18884243833, -59187.93340777558, -67351.81866309866, -63772.61147172588, -72449.67042799835, -68261.82523510758, 0.076, 0.962, -0.176, 192.0, 0.0, 0.0, 0.0, 0.0, 0.0, 0.0, 0.0, 0.0, 0.0, 1.741116421640691E9, 0.0, 2025-03-04 13:27:01.640
251.0, -66693.00099527847, -62111.787451718745, -57626.127615705445, -59197.902285802644, -67353.67385788845, -63775.58425373844, -72449.75983497618, -68270.47536021177, 0.076, 0.962, -0.176, 192.0, 0.0, 0.0, 0.0, 0.0, 0.0, 0.0, 0.0, 0.0, 0.0, 1.741116421640718E9, 0.0, 2025-03-04 13:27:01.640
252.0, -66703.17103900564, -62046.9450410539, -57634.531871620646, -59197.94698929155, -67369.56594819618, -63788.503562033606, -72471.21750965327, -68296.00105237974, 0.076, 0.962, -0.176, 192.0, 0.0, 0.0, 0.0, 0.0, 0.0, 0.0, 0.0, 0.0, 0.0, 1.741116421640739E9, 0.0, 2025-03-04 13:27:01.640
253.0, -66711.5976466653, -62044.73221835282, -57644.70191534781, -59206.015969039916, -67380.29478553472, -63795.209085370196, -72490.3058994181, -68296.33632854657, 0.074, 0.962, -0.178, 192.0, 2.0, 80.0, 30.0, 16.0, 250.0, 112.0, 0.0, 0.0, 0.0, 1.74111642170074E9, 0.0, 2025-03-04 13:27:01.700
254.0, -66707.03789079642, -62095.090698610635, -57638.868110044976, -59204.22782948349, -67379.46777098987, -63787.453030044206, -72500.65475710091, -68280.10896207202, 0.074, 0.962, -0.178, 192.0, 0.0, 0.0, 0.0, 0.0, 0.0, 0.0, 0.0, 0.0, 0.0, 1.741116421700791E9, 0.0, 2025-03-04 13:27:01.700
255.0, -66688.70946034306, -62118.42591982197, -57623.66892381536, -59198.81870732531, -67369.0965615626, -63785.15080036531, -72466.16601540637, -68274.69983991382, 0.074, 0.962, -0.178, 192.0, 0.0, 0.0, 0.0, 0.0, 0.0, 0.0, 0.0, 0.0, 0.0, 1.741116421700817E9, 0.0, 2025-03-04 13:27:01.700
0.0, -66689.80469582137, -62051.90712832298, -57622.61839182596, -59184.04420424035, -67375.44445698791, -63791.14106787933, -72467.97650670726, -68284.89223538546, 0.074, 0.962, -0.178, 192.0, 0.0, 0.0, 0.0, 0.0, 0.0, 0.0, 0.0, 0.0, 0.0, 1.741116421700842E9, 0.0, 2025-03-04 13:27:01.700
1.0, -66687.86009405376, -62020.86055527456, -57624.74180754922, -59180.51262861641, -67373.67866917595, -63791.0069574126, -72456.51006180169, -68289.02730810968, 0.074, 0.962, -0.178, 192.0, 0.0, 0.0, 0.0, 0.0, 0.0, 0.0, 0.0, 0.0, 0.0, 1.741116421700863E9, 0.0, 2025-03-04 13:27:01.700
2.0, -66682.24980619548, -62059.506721437785, -57622.79720578161, -59186.21232345251, -67369.38713424053, -63787.38597481084, -72453.96196293378, -68283.77464816268, 0.074, 0.962, -0.178, 192.0, 0.0, 0.0, 0.0, 0.0, 0.0, 0.0, 0.0, 0.0, 0.0, 1.741116421700884E9, 0.0, 2025-03-04 13:27:01.700
3.0, -66671.72213455703, -62086.57468397316, -57614.72822603324, -59182.50193387293, -67365.52028244975, -63779.92049216277, -72461.02511418166, -68280.13131381647, 0.074, 0.962, -0.178, 192.0, 0.0, 0.0, 0.0, 0.0, 0.0, 0.0, 0.0, 0.0, 0.0, 1.741116421700912E9, 0.0, 2025-03-04 13:27:01.700
4.0, -66677.19831194858, -62042.27352646274, -57614.9964469667, -59175.93052100307, -67373.61161394259, -63786.20133235471, -72479.82293126857, -68299.1750000924, 0.074, 0.962, -0.178, 192.0, 0.0, 0.0, 0.0, 0.0, 0.0, 0.0, 0.0, 0.0, 0.0, 1.741116421700936E9, 0.0, 2025-03-04 13:27:01.700
5.0, -66668.14585544418, -61994.01611018374, -57605.56401080656, -59163.94998597503, -67364.96148883838, -63776.83595142794, -72473.38562886544, -68292.13420058897, 0.074, 0.962, -0.178, 192.0, 0.0, 0.0, 0.0, 0.0, 0.0, 0.0, 0.0, 0.0, 0.0, 1.741116421700958E9, 0.0, 2025-03-04 13:27:01.700
6.0, -66668.61524207774, -62025.867346032544, -57603.93233346133, -59165.715773787, -67364.69326790492, -63769.5045792466, -72463.77437874966, -68271.83881662355, 0.074, 0.962, -0.178, 192.0, 0.0, 0.0, 0.0, 0.0, 0.0, 0.0, 0.0, 0.0, 0.0, 1.741116421700979E9, 0.0, 2025-03-04 13:27:01.700
7.0, -66663.94372748658, -62068.69328840891, -57597.6961967583, -59164.195855164035, -67358.97122132436, -63760.49682623111, -72459.03580892514, -68274.54337770265, 0.07, 0.96, -0.18, 192.0, 2.0, 48.0, 30.0, 0.0, 250.0, 96.0, 0.0, 0.0, 0.0, 1.741116421700999E9, 0.0, 2025-03-04 13:27:01.700
8.0, -66657.75229427246, -62036.506776393275, -57595.34926359049, -59156.596262049236, -67358.50183469079, -63761.502654731594, -72457.67235251336, -68273.78341839116, 0.07, 0.96, -0.18, 192.0, 0.0, 0.0, 0.0, 0.0, 0.0, 0.0, 0.0, 0.0, 0.0, 1.741116421701025E9, 0.0, 2025-03-04 13:27:01.701
9.0, -66669.82223627833, -61987.33293859159, -57604.82640323954, -59153.914052714594, -67364.33563999363, -63764.54249197752, -72454.34194258953, -68259.56770891759, 0.07, 0.96, -0.18, 192.0, 0.0, 0.0, 0.0, 0.0, 0.0, 0.0, 0.0, 0.0, 0.0, 1.741116421701047E9, 0.0, 2025-03-04 13:27:01.701
10.0, -66667.5870618328, -62015.22791567182, -57609.36380736397, -59156.61861379369, -67361.09463704762, -63757.97107910766, -72449.91629718737, -68254.82913909307, 0.07, 0.96, -0.18, 192.0, 0.0, 0.0, 0.0, 0.0, 0.0, 0.0, 0.0, 0.0, 0.0, 1.74111642170107E9, 0.0, 2025-03-04 13:27:01.701
11.0, -66664.07783795331, -62069.38619248703, -57610.03435969762, -59170.16377093361, -67358.01009631278, -63758.26165178558, -72455.90656470139, -68261.69112464084, 0.07, 0.96, -0.18, 192.0, 0.0, 0.0, 0.0, 0.0, 0.0, 0.0, 0.0, 0.0, 0.0, 1.741116421701091E9, 0.0, 2025-03-04 13:27:01.701
12.0, -66666.08949495429, -62054.388171957515, -57605.92163871785, -59166.40867786511, -67355.35023872259, -63758.932204119235, -72463.39439909392, -68265.69208689834, 0.07, 0.96, -0.18, 192.0, 0.0, 0.0, 0.0, 0.0, 0.0, 0.0, 0.0, 0.0, 0.0, 1.741116421762625E9, 0.0, 2025-03-04 13:27:01.762
13.0, -66667.94468974408, -61990.03749967069, -57608.223868396744, -59158.65262253912, -67361.76518938127, -63761.83793089842, -72468.9599834633, -68275.72802015877, 0.07, 0.96, -0.18, 192.0, 0.0, 0.0, 0.0, 0.0, 0.0, 0.0, 0.0, 0.0, 0.0, 1.741116421762679E9, 0.0, 2025-03-04 13:27:01.762
14.0, -66670.69395431208, -62002.375662610015, -57610.50374633119, -59162.51947432989, -67358.97122132436, -63766.3529832784, -72457.0018001797, -68281.87474988398, 0.07, 0.96, -0.18, 192.0, 0.0, 0.0, 0.0, 0.0, 0.0, 0.0, 0.0, 0.0, 0.0, 1.741116421762701E9, 0.0, 2025-03-04 13:27:01.762
15.0, -66666.64828856567, -62056.53393942523, -57611.71074053177, -59176.2657971699, -67357.00426781228, -63772.92439614826, -72457.27002111316, -68278.00789809322, 0.07, 0.96, -0.18, 192.0, 0.0, 0.0, 0.0, 0.0, 0.0, 0.0, 0.0, 0.0, 0.0, 1.741116421762732E9, 0.0, 2025-03-04 13:27:01.762
16.0, -66654.1313116707, -62057.56211967017, -57607.12863291844, -59179.35033790474, -67352.51156717677, -63774.868997915866, -72456.89004145743, -68273.93988060235, 0.07, 0.96, -0.18, 192.0, 0.0, 0.0, 0.0, 0.0, 0.0, 0.0, 0.0, 0.0, 0.0, 1.741116421762753E9, 0.0, 2025-03-04 13:27:01.762
17.0, -66653.59486980377, -61993.993758439276, -57608.514441074665, -59175.30467215832, -67351.72925612083, -63775.76306769408, -72462.61208803799, -68282.83587489557, 0.07, 0.966, -0.182, 192.0, 2.0, 48.0, 30.0, 48.0, 250.0, 80.0, 0.0, 0.0, 0.0, 1.741116421762775E9, 0.0, 2025-03-04 13:27:01.762
18.0, -66654.2877738819, -61989.031671170196, -57610.23552539772, -59173.58358783527, -67349.42702644195, -63773.684355459736, -72463.26028862719, -68280.62305219448, 0.07, 0.966, -0.182, 192.0, 0.0, 0.0, 0.0, 0.0, 0.0, 0.0, 0.0, 0.0, 0.0, 1.741116421762805E9, 0.0, 2025-03-04 13:27:01.762
19.0, -66657.729942528, -62042.49704390729, -57617.76806327916, -59188.02281475339, -67355.32788697814, -63782.557998008495, -72473.74325677672, -68291.64246221095, 0.07, 0.966, -0.182, 192.0, 0.0, 0.0, 0.0, 0.0, 0.0, 0.0, 0.0, 0.0, 0.0, 1.741116421762827E9, 0.0, 2025-03-04 13:27:01.762
20.0, -66665.53070134291, -62069.67676516495, -57624.227717426744, -59200.09275675926, -67363.73214289334, -63790.62697775686, -72483.15334119242, -68306.39461355146, 0.07, 0.966, -0.182, 192.0, 0.0, 0.0, 0.0, 0.0, 0.0, 0.0, 0.0, 0.0, 0.0, 1.741116421762847E9, 0.0, 2025-03-04 13:27:01.762
21.0, -66668.25761416646, -62006.48838358979, -57620.91965924736, -59186.54759961934, -67362.61455567057, -63788.0565271445, -72476.69368704483, -68298.66090996993, 0.07, 0.966, -0.182, 192.0, 0.0, 0.0, 0.0, 0.0, 0.0, 0.0, 0.0, 0.0, 0.0, 1.741116421762868E9, 0.0, 2025-03-04 13:27:01.762
22.0, -66664.12254144222, -61990.32807234861, -57621.16552843637, -59181.42905013908, -67360.55819518068, -63785.083745131946, -72467.48476832925, -68282.34413651754, 0.07, 0.966, -0.182, 192.0, 0.0, 0.0, 0.0, 0.0, 0.0, 0.0, 0.0, 0.0, 0.0, 1.741116421762889E9, 0.0, 2025-03-04 13:27:01.762
23.0, -66660.68037279611, -62040.351276439585, -57616.6504760564, -59190.79443106586, -67356.02079105626, -63783.541474764526, -72463.57321304956, -68286.83683715307, 0.07, 0.966, -0.182, 192.0, 0.0, 0.0, 0.0, 0.0, 0.0, 0.0, 0.0, 0.0, 0.0, 1.741116421762913E9, 0.0, 2025-03-04 13:27:01.762
24.0, -66660.94859372957, -62068.29095700872, -57607.68742652982, -59187.6204833532, -67354.38911371102, -63777.84177992842, -72459.43814032534, -68274.81159863611, 0.07, 0.966, -0.182, 192.0, 0.0, 0.0, 0.0, 0.0, 0.0, 0.0, 0.0, 0.0, 0.0, 1.741116421762943E9, 0.0, 2025-03-04 13:27:01.762
25.0, -66671.47626536802, -62013.32801739312, -57614.102377188494, -59182.79250655085, -67370.59412844111, -63790.00112891211, -72474.54791957712, -68295.866941913, 0.07, 0.966, -0.182, 192.0, 0.0, 0.0, 0.0, 0.0, 0.0, 0.0, 0.0, 0.0, 0.0, 1.741116421762965E9, 0.0, 2025-03-04 13:27:01.762
26.0, -66656.94763147207, -61976.447639041864, -57602.144193904904, -59165.02286970888, -67363.08394230413, -63773.97492813766, -72476.44781785582, -68281.36065976151, 0.07, 0.966, -0.182, 192.0, 0.0, 0.0, 0.0, 0.0, 0.0, 0.0, 0.0, 0.0, 0.0, 1.74111642176299E9, 0.0, 2025-03-04 13:27:01.762
27.0, -66652.6784482811, -62019.56415409615, -57598.41145258087, -59170.81197152281, -67358.47948294634, -63773.17026533726, -72464.93666946134, -68286.56861621959, 0.068, 0.962, -0.178, 192.0, 2.0, 32.0, 30.0, 16.0, 250.0, 112.0, 0.0, 0.0, 0.0, 1.741116421821269E9, 0.0, 2025-03-04 13:27:01.821
28.0, -66641.70374175355, -62056.288070236216, -57586.72149023074, -59166.453381354026, -67348.13062526353, -63765.19069256672, -72454.2525356117, -68280.13131381647, 0.068, 0.962, -0.178, 192.0, 0.0, 0.0, 0.0, 0.0, 0.0, 0.0, 0.0, 0.0, 0.0, 1.741116421821318E9, 0.0, 2025-03-04 13:27:01.821
29.0, -66654.39953260416, -62015.83141277211, -57591.661225755364, -59161.89362548514, -67359.23944225782, -63773.05850661499, -72458.4993670582, -68287.95442437583, 0.068, 0.962, -0.178, 192.0, 0.0, 0.0, 0.0, 0.0, 0.0, 0.0, 0.0, 0.0, 0.0, 1.741116421821345E9, 0.0, 2025-03-04 13:27:01.821
30.0, -66656.41118960515, -61974.52538901871, -57596.93623744682, -59151.43300908006, -67364.40269522699, -63770.175131580254, -72474.88319574394, -68292.11184884452, 0.068, 0.962, -0.178, 192.0, 0.0, 0.0, 0.0, 0.0, 0.0, 0.0, 0.0, 0.0, 0.0, 1.741116421821373E9, 0.0, 2025-03-04 13:27:01.821
31.0, -66649.9291837131, -62009.79644176918, -57597.02564442464, -59148.32611660077, -67358.9488695799, -63757.725209918644, -72475.44198935533, -68288.49086624276, 0.068, 0.962, -0.178, 192.0, 0.0, 0.0, 0.0, 0.0, 0.0, 0.0, 0.0, 0.0, 0.0, 1.741116421821394E9, 0.0, 2025-03-04 13:27:01.821
32.0, -66648.54337555688, -62056.08690453612, -57596.39979557989, -59148.88491021215, -67355.79727361171, -63746.92931734674, -72463.52850956065, -68265.28975549815, 0.068, 0.962, -0.178, 192.0, 0.0, 0.0, 0.0, 0.0, 0.0, 0.0, 0.0, 0.0, 0.0, 1.741116421821416E9, 0.0, 2025-03-04 13:27:01.821
33.0, -66641.94961094257, -62023.45335763137, -57591.48241179972, -59143.11816014269, -67353.53974742172, -63746.5940411799, -72459.14756764741, -68261.86993859649, 0.068, 0.962, -0.178, 192.0, 0.0, 0.0, 0.0, 0.0, 0.0, 0.0, 0.0, 0.0, 0.0, 1.741116421821442E9, 0.0, 2025-03-04 13:27:01.821
34.0, -66652.99137270349, -61967.864569171026, -57605.74282476221, -59148.43787532305, -67367.8001603842, -63759.89332913081, -72475.71021028879, -68282.65706093992, 0.068, 0.962, -0.178, 192.0, 0.0, 0.0, 0.0, 0.0, 0.0, 0.0, 0.0, 0.0, 0.0, 1.741116421821466E9, 0.0, 2025-03-04 13:27:01.821
35.0, -66648.54337555688, -61993.993758439276, -57602.47947007173, -59152.64000328064, -67358.39007596852, -63752.67371567175, -72466.38953285092, -68277.02442133718, 0.068, 0.962, -0.178, 192.0, 0.0, 0.0, 0.0, 0.0, 0.0, 0.0, 0.0, 0.0, 0.0, 1.741116421821489E9, 0.0, 2025-03-04 13:27:01.821
36.0, -66635.57936377279, -62037.71377059386, -57587.749670475685, -59154.495198070435, -67344.10731126157, -63746.482282457626, -72457.47118681326, -68275.50450271422, 0.068, 0.962, -0.178, 192.0, 0.0, 0.0, 0.0, 0.0, 0.0, 0.0, 0.0, 0.0, 0.0, 1.741116421821509E9, 0.0, 2025-03-04 13:27:01.821
37.0, -66641.480224309, -62030.42710190143, -57595.61748452395, -59163.03356445236, -67358.63594515753, -63764.38602976633, -72475.28552714414, -68292.22360756679, 0.066, 0.962, -0.178, 192.0, 2.0, 16.0, 30.0, 16.0, 250.0, 112.0, 0.0, 0.0, 0.0, 1.741116421821531E9, 0.0, 2025-03-04 13:27:01.821
38.0, -66654.66775353764, -61975.620624497016, -57607.10628117398, -59165.045221453336, -67370.3035557632, -63776.053640371996, -72489.72475406228, -68297.74448844725, 0.066, 0.962, -0.178, 192.0, 0.0, 0.0, 0.0, 0.0, 0.0, 0.0, 0.0, 0.0, 0.0, 1.741116421821558E9, 0.0, 2025-03-04 13:27:01.821
39.0, -66637.12163414022, -61983.93547343439, -57594.83517346802, -59155.99276494894, -67350.65637238698, -63760.34036401992, -72478.99591672372, -68287.23916855326, 0.066, 0.962, -0.178, 192.0, 0.0, 0.0, 0.0, 0.0, 0.0, 0.0, 0.0, 0.0, 0.0, 1.741116421821579E9, 0.0, 2025-03-04 13:27:01.821
40.0, -66648.11869241223, -62037.57966012713, -57602.7476910052, -59173.717698301996, -67360.35702948058, -63769.90691064679, -72484.89677725993, -68291.75422093323, 0.066, 0.962, -0.178, 192.0, 0.0, 0.0, 0.0, 0.0, 0.0, 0.0, 0.0, 0.0, 0.0, 1.741116421821601E9, 0.0, 2025-03-04 13:27:01.821
41.0, -66640.38498883069, -62047.03444803172, -57600.22194388175, -59179.462096627016, -67359.53001493574, -63769.549282735505, -72481.02992546915, -68287.08270634207, 0.066, 0.962, -0.178, 192.0, 0.0, 0.0, 0.0, 0.0, 0.0, 0.0, 0.0, 0.0, 0.0, 1.741116421821626E9, 0.0, 2025-03-04 13:27:01.821
42.0, -66650.46562558004, -61978.83927569858, -57607.195688151805, -59172.22013142349, -67370.147093552, -63779.51816076257, -72483.48861735924, -68300.13612510396, 0.066, 0.962, -0.178, 192.0, 0.0, 0.0, 0.0, 0.0, 0.0, 0.0, 0.0, 0.0, 0.0, 1.741116421880842E9, 0.0, 2025-03-04 13:27:01.880
43.0, -66652.81255874784, -61983.84606645657, -57612.82832775454, -59176.6681285701, -67370.25885227429, -63779.60756774039, -72486.21553018279, -68306.48402052927, 0.066, 0.962, -0.178, 192.0, 0.0, 0.0, 0.0, 0.0, 0.0, 0.0, 0.0, 0.0, 0.0, 1.741116421880934E9, 0.0, 2025-03-04 13:27:01.880
44.0, -66651.71732326953, -62032.66227634696, -57608.648551541395, -59179.68561407157, -67365.2520615163, -63771.4044775253, -72485.50027436022, -68292.53653198917, 0.066, 0.962, -0.178, 192.0, 0.0, 0.0, 0.0, 0.0, 0.0, 0.0, 0.0, 0.0, 0.0, 1.741116421880962E9, 0.0, 2025-03-04 13:27:01.880
45.0, -66656.61235530525, -62058.70205863739, -57611.12959517594, -59184.78181180738, -67365.52028244975, -63773.66200371528, -72474.16793992138, -68294.27996805668, 0.066, 0.962, -0.178, 192.0, 0.0, 0.0, 0.0, 0.0, 0.0, 0.0, 0.0, 0.0, 0.0, 1.741116421880997E9, 0.0, 2025-03-04 13:27:01.880
46.0, -66653.01372444794, -61999.20171489736, -57606.30161837359, -59174.835285524765, -67362.88277660403, -63773.70670720419, -72477.58775682304, -68300.24788382625, 0.066, 0.962, -0.178, 192.0, 0.0, 0.0, 0.0, 0.0, 0.0, 0.0, 0.0, 0.0, 0.0, 1.741116421881022E9, 0.0, 2025-03-04 13:27:01.881
47.0, -66650.51032906894, -61979.375717565505, -57603.73116776123, -59165.62636680918, -67355.64081140052, -63767.38116352334, -72466.27777412866, -68281.80769465062, 0.074, 0.966, -0.178, 192.0, 2.0, 80.0, 30.0, 48.0, 250.0, 112.0, 0.0, 0.0, 0.0, 1.741116421881049E9, 0.0, 2025-03-04 13:27:01.881
48.0, -66652.4325790921, -62029.018942000745, -57604.938161961814, -59172.91303550161, -67353.47269218836, -63765.45891350018, -72453.51492804468, -68276.0185928367, 0.074, 0.966, -0.178, 192.0, 0.0, 0.0, 0.0, 0.0, 0.0, 0.0, 0.0, 0.0, 0.0, 1.741116421881084E9, 0.0, 2025-03-04 13:27:01.881
49.0, -66647.49284356748, -62056.89156733651, -57599.1937636368, -59171.393116878644, -67348.86823283056, -63757.948727363204, -72455.63834376793, -68257.80192110562, 0.074, 0.966, -0.178, 192.0, 0.0, 0.0, 0.0, 0.0, 0.0, 0.0, 0.0, 0.0, 0.0, 1.741116421881113E9, 0.0, 2025-03-04 13:27:01.881
50.0, -66663.3849338752, -62009.77409002472, -57612.89538298791, -59174.99174773595, -67365.07324756065, -63772.544416492514, -72469.13879741893, -68277.38204924847, 0.074, 0.966, -0.178, 192.0, 0.0, 0.0, 0.0, 0.0, 0.0, 0.0, 0.0, 0.0, 0.0, 1.741116421881138E9, 0.0, 2025-03-04 13:27:01.881
51.0, -66662.22264316352, -61980.69447048837, -57619.10916794648, -59175.952872747526, -67365.56498593868, -63773.41613452628, -72473.69855328782, -68287.17211331989, 0.074, 0.966, -0.178, 192.0, 0.0, 0.0, 0.0, 0.0, 0.0, 0.0, 0.0, 0.0, 0.0, 1.741116421881159E9, 0.0, 2025-03-04 13:27:01.881
52.0, -66663.04965770837, -62025.95675301037, -57618.28215340163, -59185.27355018539, -67360.8487678586, -63769.88455890233, -72468.13296891845, -68281.67358418388, 0.074, 0.966, -0.178, 192.0, 0.0, 0.0, 0.0, 0.0, 0.0, 0.0, 0.0, 0.0, 0.0, 1.74111642188118E9, 0.0, 2025-03-04 13:27:01.881
53.0, -66656.92527972761, -62068.42506747545, -57615.48818534472, -59197.38819568017, -67361.31815449217, -63771.89621590331, -72467.86474798498, -68283.14879931793, 0.074, 0.966, -0.178, 192.0, 0.0, 0.0, 0.0, 0.0, 0.0, 0.0, 0.0, 0.0, 0.0, 1.741116421881205E9, 0.0, 2025-03-04 13:27:01.881
54.0, -66650.0856459243, -62022.313418664155, -57600.55722004858, -59171.28135815637, -67352.48921543232, -63758.06048608548, -72463.28264037165, -68279.57252020508, 0.074, 0.966, -0.178, 192.0, 0.0, 0.0, 0.0, 0.0, 0.0, 0.0, 0.0, 0.0, 0.0, 1.741116421881227E9, 0.0, 2025-03-04 13:27:01.881
55.0, -66662.91554724163, -61976.939377419876, -57609.05088294159, -59168.889721499654, -67363.70979114888, -63766.263576300575, -72474.30205038811, -68292.871808156, 0.074, 0.966, -0.178, 192.0, 0.0, 0.0, 0.0, 0.0, 0.0, 0.0, 0.0, 0.0, 0.0, 1.741116421881248E9, 0.0, 2025-03-04 13:27:01.881
56.0, -66649.34803835726, -62009.14824117997, -57595.03633916812, -59163.368840619194, -67349.53878516422, -63751.444369726705, -72453.76079723368, -68276.91266261491, 0.074, 0.966, -0.178, 192.0, 0.0, 0.0, 0.0, 0.0, 0.0, 0.0, 0.0, 0.0, 0.0, 1.741116421881272E9, 0.0, 2025-03-04 13:27:01.881
57.0, -66647.85047147876, -62057.696230136906, -57593.53877228961, -59165.58166332027, -67352.44451194341, -63751.24320402661, -72463.93084096085, -68282.16532256191, 0.076, 0.964, -0.18, 192.0, 2.0, 96.0, 30.0, 32.0, 250.0, 96.0, 0.0, 0.0, 0.0, 1.741116421940512E9, 0.0, 2025-03-04 13:27:01.940
58.0, -66645.95057320005, -62038.20550897188, -57596.8915339579, -59164.44172435305, -67359.95469808039, -63755.087704072925, -72476.89485274492, -68273.7163631578, 0.076, 0.964, -0.18, 192.0, 0.0, 0.0, 0.0, 0.0, 0.0, 0.0, 0.0, 0.0, 0.0, 1.741116421940561E9, 0.0, 2025-03-04 13:27:01.940
59.0, -66638.57449752981, -61975.37475530801, -57586.073289641536, -59145.688610755045, -67348.95763980837, -63744.582384178924, -72471.44102709783, -68265.7144386428, 0.076, 0.964, -0.18, 192.0, 0.0, 0.0, 0.0, 0.0, 0.0, 0.0, 0.0, 0.0, 0.0, 1.741116421940582E9, 0.0, 2025-03-04 13:27:01.940
60.0, -66643.22366037652, -61994.060813672644, -57589.358996076466, -59149.108427656705, -67347.32596246315, -63747.91279410277, -72462.18740489334, -68271.07885731207, 0.076, 0.964, -0.18, 192.0, 0.0, 0.0, 0.0, 0.0, 0.0, 0.0, 0.0, 0.0, 0.0, 1.741116421940607E9, 0.0, 2025-03-04 13:27:01.940
61.0, -66641.52492779792, -62047.5932416431, -57594.00815892317, -59167.23569240996, -67348.86823283056, -63758.73103841914, -72461.02511418166, -68277.82908413757, 0.076, 0.964, -0.18, 192.0, 0.0, 0.0, 0.0, 0.0, 0.0, 0.0, 0.0, 0.0, 0.0, 1.741116421940631E9, 0.0, 2025-03-04 13:27:01.940
62.0, -66641.63668652019, -62038.56313688316, -57593.82934496753, -59166.43102960957, -67351.19281425391, -63767.157646078784, -72462.4556258268, -68284.82518015208, 0.076, 0.964, -0.18, 192.0, 0.0, 0.0, 0.0, 0.0, 0.0, 0.0, 0.0, 0.0, 0.0, 1.741116421940653E9, 0.0, 2025-03-04 13:27:01.940
63.0, -66653.95249771506, -61980.783877466194, -57610.10141493099, -59171.75074478993, -67369.07420981815, -63784.7037654762, -72488.38364939495, -68306.30520657364, 0.076, 0.964, -0.18, 192.0, 0.0, 0.0, 0.0, 0.0, 0.0, 0.0, 0.0, 0.0, 0.0, 1.741116421940673E9, 0.0, 2025-03-04 13:27:01.940
64.0, -66636.56284052883, -61989.27754035921, -57600.4454613263, -59164.15115167513, -67351.95277356538, -63768.72226819066, -72477.02896321166, -68296.5151425022, 0.076, 0.964, -0.18, 192.0, 0.0, 0.0, 0.0, 0.0, 0.0, 0.0, 0.0, 0.0, 0.0, 1.7411164219407E9, 0.0, 2025-03-04 13:27:01.940
65.0, -66645.16826214413, -62042.22882297383, -57604.602885794986, -59173.31536690181, -67355.50670093378, -63774.734887449136, -72471.15045441991, -68294.25761631223, 0.076, 0.964, -0.18, 192.0, 0.0, 0.0, 0.0, 0.0, 0.0, 0.0, 0.0, 0.0, 0.0, 1.741116421940722E9, 0.0, 2025-03-04 13:27:01.940
66.0, -66640.29558185287, -62053.27058473475, -57597.4950310582, -59167.19098892105, -67349.98582005332, -63770.42100076926, -72464.89196597242, -68289.63080520998, 0.076, 0.964, -0.18, 192.0, 0.0, 0.0, 0.0, 0.0, 0.0, 0.0, 0.0, 0.0, 0.0, 1.741116421940743E9, 0.0, 2025-03-04 13:27:01.940
67.0, -66644.6765237661, -61988.897560703466, -57596.288036857615, -59161.17836966257, -67351.61749739856, -63771.47153275866, -72465.38370435045, -68294.70465120133, 0.074, 0.96, -0.18, 192.0, 2.0, 80.0, 30.0, 0.0, 250.0, 96.0, 0.0, 0.0, 0.0, 1.741116421940764E9, 0.0, 2025-03-04 13:27:01.940
68.0, -66640.40734057514, -61983.46608680083, -57594.388138578914, -59157.37857310517, -67346.58835489611, -63766.37533502285, -72451.3021053436, -68287.86501739801, 0.074, 0.96, -0.18, 192.0, 0.0, 0.0, 0.0, 0.0, 0.0, 0.0, 0.0, 0.0, 0.0, 1.741116421940788E9, 0.0, 2025-03-04 13:27:01.940
69.0, -66644.56476504383, -62039.07722700563, -57604.535830561625, -59174.768230291396, -67356.40077071199, -63773.52789324855, -72467.84239624052, -68287.44033425336, 0.074, 0.96, -0.18, 192.0, 0.0, 0.0, 0.0, 0.0, 0.0, 0.0, 0.0, 0.0, 0.0, 1.741116421940812E9, 0.0, 2025-03-04 13:27:01.940
70.0, -66651.31499186934, -62066.01107907428, -57609.989656208716, -59180.42322163859, -67363.68743940443, -63777.61826248387, -72473.22916665426, -68289.36258427652, 0.074, 0.96, -0.18, 192.0, 0.0, 0.0, 0.0, 0.0, 0.0, 0.0, 0.0, 0.0, 0.0, 1.741116421940838E9, 0.0, 2025-03-04 13:27:01.940
71.0, -66648.85629997925, -62008.90237199097, -57605.56401080656, -59165.49225634245, -67360.51349169177, -63770.82333216946, -72470.14462591942, -68273.15756954641, 0.074, 0.96, -0.18, 192.0, 0.0, 0.0, 0.0, 0.0, 0.0, 0.0, 0.0, 0.0, 0.0, 1.741116421940861E9, 0.0, 2025-03-04 13:27:01.940
72.0, -66648.4763203235, -61982.97434842281, -57600.69133051531, -59155.813950993295, -67357.58541316813, -63763.42490475475, -72465.38370435045, -68277.96319460431, 0.074, 0.96, -0.18, 192.0, 0.0, 0.0, 0.0, 0.0, 0.0, 0.0, 0.0, 0.0, 0.0, 1.741116421940883E9, 0.0, 2025-03-04 13:27:01.940
73.0, -66652.56668955884, -62033.221069958345, -57603.10531891648, -59165.22403540898, -67358.88181434653, -63762.486131487625, -72462.88030897145, -68287.55209297563, 0.074, 0.96, -0.18, 192.0, 0.0, 0.0, 0.0, 0.0, 0.0, 0.0, 0.0, 0.0, 0.0, 1.741116422001823E9, 0.0, 2025-03-04 13:27:02.001
74.0, -66649.45979707954, -62067.821570375156, -57599.283170614624, -59169.82849476678, -67353.33858172162, -63757.85932038538, -72458.4993670582, -68283.59583420704, 0.074, 0.96, -0.18, 192.0, 0.0, 0.0, 0.0, 0.0, 0.0, 0.0, 0.0, 0.0, 0.0, 1.741116422001872E9, 0.0, 2025-03-04 13:27:02.001
75.0, -66646.10703541125, -62011.048139458675, -57590.476583299234, -59155.6127852932, -67350.52226192025, -63749.47741621464, -72451.41386406588, -68261.69112464084, 0.074, 0.96, -0.18, 192.0, 0.0, 0.0, 0.0, 0.0, 0.0, 0.0, 0.0, 0.0, 0.0, 1.741116422001897E9, 0.0, 2025-03-04 13:27:02.001
76.0, -66642.86603246523, -61969.965633149826, -57593.98580717872, -59149.75662824591, -67351.9974770543, -63747.599869680394, -72459.05816066959, -68264.99918282023, 0.074, 0.96, -0.18, 192.0, 0.0, 0.0, 0.0, 0.0, 0.0, 0.0, 0.0, 0.0, 0.0, 1.741116422001929E9, 0.0, 2025-03-04 13:27:02.001
77.0, -66643.22366037652, -62014.0879767046, -57602.010083438174, -59164.08409644176, -67355.39494221151, -63749.85739587038, -72468.62470729646, -68270.5200637007, 0.078, 0.964, -0.18, 192.0, 2.0, 112.0, 30.0, 32.0, 250.0, 96.0, 0.0, 0.0, 0.0, 1.741116422001951E9, 0.0, 2025-03-04 13:27:02.001
78.0, -66637.12163414022, -62053.829378346134, -57595.63983626841, -59161.78186676287, -67348.46590143036, -63741.9448783332, -72438.91923891536, -68265.26740375369, 0.078, 0.964, -0.18, 192.0, 0.0, 0.0, 0.0, 0.0, 0.0, 0.0, 0.0, 0.0, 0.0, 1.741116422001974E9, 0.0, 2025-03-04 13:27:02.001
79.0, -66650.68914302459, -62021.41934888594, -57607.665074785364, -59164.844055753245, -67363.88860510453, -63755.981773851134, -72461.49450081521, -68288.2673487982, 0.078, 0.964, -0.18, 192.0, 0.0, 0.0, 0.0, 0.0, 0.0, 0.0, 0.0, 0.0, 0.0, 1.741116422002007E9, 0.0, 2025-03-04 13:27:02.002
80.0, -66636.85341320674, -61962.746019690756, -57598.1432316474, -59153.310555614305, -67354.18794801092, -63747.35400049139, -72462.38857059344, -68283.88640688497, 0.078, 0.964, -0.18, 192.0, 0.0, 0.0, 0.0, 0.0, 0.0, 0.0, 0.0, 0.0, 0.0, 1.741116422002028E9, 0.0, 2025-03-04 13:27:02.002
81.0, -66638.90977369664, -61990.05985141514, -57599.75255724818, -59160.61957605119, -67353.94207882191, -63748.98567783662, -72475.62080331097, -68290.54722673264, 0.078, 0.964, -0.18, 192.0, 0.0, 0.0, 0.0, 0.0, 0.0, 0.0, 0.0, 0.0, 0.0, 1.741116422002049E9, 0.0, 2025-03-04 13:27:02.002
82.0, -66632.53952652687, -62039.47955840583, -57592.30942634457, -59164.93346273106, -67344.1967182394, -63744.64943941229, -72465.83073923955, -68280.4665899833, 0.078, 0.964, -0.18, 192.0, 0.0, 0.0, 0.0, 0.0, 0.0, 0.0, 0.0, 0.0, 0.0, 1.74111642200207E9, 0.0, 2025-03-04 13:27:02.002
83.0, -66649.01276219044, -62023.34159890909, -57601.27247587115, -59167.973299976984, -67359.17238702446, -63761.301489031495, -72477.65481205641, -68289.45199125433, 0.078, 0.964, -0.18, 192.0, 0.0, 0.0, 0.0, 0.0, 0.0, 0.0, 0.0, 0.0, 0.0, 1.741116422002092E9, 0.0, 2025-03-04 13:27:02.002
84.0, -66659.94276522908, -61980.04626989917, -57613.20830741028, -59173.67299481309, -67369.00715458479, -63771.82916066995, -72493.14457096394, -68301.47722977129, 0.078, 0.964, -0.18, 192.0, 0.0, 0.0, 0.0, 0.0, 0.0, 0.0, 0.0, 0.0, 0.0, 1.741116422002115E9, 0.0, 2025-03-04 13:27:02.002
85.0, -66633.16537537162, -61997.52533406322, -57593.91875194535, -59170.499047100435, -67336.73123559133, -63753.00899183858, -72452.77732047765, -68287.68620344237, 0.078, 0.964, -0.18, 192.0, 0.0, 0.0, 0.0, 0.0, 0.0, 0.0, 0.0, 0.0, 0.0, 1.741116422002137E9, 0.0, 2025-03-04 13:27:02.002
86.0, -66641.61433477573, -62046.11802650905, -57603.17237414985, -59185.117087974206, -67346.83422408512, -63769.683393202235, -72463.21558513827, -68304.85234318404, 0.078, 0.964, -0.18, 192.0, 0.0, 0.0, 0.0, 0.0, 0.0, 0.0, 0.0, 0.0, 0.0, 1.741116422002161E9, 0.0, 2025-03-04 13:27:02.002
87.0, -66654.62305004871, -62049.582546899626, -57613.99061846622, -59195.84592531275, -67358.79240736872, -63784.055564887, -72469.51877707467, -68307.98158740778, 0.082, 0.964, -0.184, 192.0, 2.0, 144.0, 30.0, 32.0, 250.0, 64.0, 0.0, 0.0, 0.0, 1.741116422002183E9, 0.0, 2025-03-04 13:27:02.002
88.0, -66663.42963736411, -61989.456354314854, -57621.16552843637, -59194.415413667615, -67367.10725630609, -63788.212989355685, -72475.75491377771, -68307.51220077422, 0.082, 0.964, -0.184, 192.0, 0.0, 0.0, 0.0, 0.0, 0.0, 0.0, 0.0, 0.0, 0.0, 1.741116422062183E9, 0.0, 2025-03-04 13:27:02.062
89.0, -66649.25863137945, -61990.23866537079, -57606.905115473885, -59182.524285617386, -67348.08592177462, -63766.21887281167, -72458.92405020286, -68270.65417416742, 0.082, 0.964, -0.184, 192.0, 0.0, 0.0, 0.0, 0.0, 0.0, 0.0, 0.0, 0.0, 0.0, 1.74111642206226E9, 0.0, 2025-03-04 13:27:02.062
90.0, -66650.48797732449, -62041.602974129084, -57608.514441074665, -59192.69432934455, -67349.27056423076, -63772.566768236975, -72462.96971594926, -68279.90779637192, 0.082, 0.964, -0.184, 192.0, 0.0, 0.0, 0.0, 0.0, 0.0, 0.0, 0.0, 0.0, 0.0, 1.741116422062292E9, 0.0, 2025-03-04 13:27:02.062
91.0, -66658.95928847305, -62061.51837843876, -57614.3482463775, -59199.91394280362, -67359.21709051337, -63784.659061987295, -72484.51679760418, -68299.0185378812, 0.082, 0.964, -0.184, 192.0, 0.0, 0.0, 0.0, 0.0, 0.0, 0.0, 0.0, 0.0, 0.0, 1.741116422062316E9, 0.0, 2025-03-04 13:27:02.062
92.0, -66655.8300442493, -61998.64292128598, -57608.62619979694, -59184.08890772926, -67356.26666024527, -63783.47441953116, -72475.73256203324, -68298.99618613675, 0.082, 0.964, -0.184, 192.0, 0.0, 0.0, 0.0, 0.0, 0.0, 0.0, 0.0, 0.0, 0.0, 1.741116422062338E9, 0.0, 2025-03-04 13:27:02.062
93.0, -66646.9340499561, -61980.96269142183, -57601.87597297144, -59173.360070390714, -67347.50477641878, -63774.98075663814, -72465.56251830608, -68291.91068314442, 0.082, 0.964, -0.184, 192.0, 0.0, 0.0, 0.0, 0.0, 0.0, 0.0, 0.0, 0.0, 0.0, 1.74111642206236E9, 0.0, 2025-03-04 13:27:02.062
94.0, -66640.96613418653, -62027.767244311246, -57596.66801651335, -59176.33285240327, -67342.98972403881, -63770.91273914728, -72458.18644263584, -68286.52391273068, 0.082, 0.964, -0.184, 192.0, 0.0, 0.0, 0.0, 0.0, 0.0, 0.0, 0.0, 0.0, 0.0, 1.741116422062387E9, 0.0, 2025-03-04 13:27:02.062
95.0, -66645.99527668898, -62053.40469520148, -57597.9420659473, -59180.982015249974, -67348.24238398581, -63774.42196302676, -72464.48963457222, -68294.48113375678, 0.082, 0.964, -0.184, 192.0, 0.0, 0.0, 0.0, 0.0, 0.0, 0.0, 0.0, 0.0, 0.0, 1.741116422062409E9, 0.0, 2025-03-04 13:27:02.062
96.0, -66664.79309377588, -62003.47089808833, -57611.5989818095, -59183.97714900698, -67366.01202082778, -63793.01861441358, -72478.32536439007, -68307.73571821877, 0.082, 0.964, -0.184, 192.0, 0.0, 0.0, 0.0, 0.0, 0.0, 0.0, 0.0, 0.0, 0.0, 1.74111642206243E9, 0.0, 2025-03-04 13:27:02.062
97.0, -66648.58807904579, -61975.10653437454, -57596.60096127999, -59167.52626508788, -67348.42119794145, -63774.89134966032, -72457.73940774673, -68291.2177790663, 0.076, 0.972, -0.184, 192.0, 2.0, 96.0, 30.0, 96.0, 250.0, 64.0, 0.0, 0.0, 0.0, 1.741116422062452E9, 0.0, 2025-03-04 13:27:02.062
98.0, -66641.05554116434, -62013.37272088203, -57585.06746114105, -59159.43493359506, -67334.5407646347, -63757.92637561874, -72447.27879134164, -68277.58321494857, 0.076, 0.972, -0.184, 192.0, 0.0, 0.0, 0.0, 0.0, 0.0, 0.0, 0.0, 0.0, 0.0, 1.741116422062476E9, 0.0, 2025-03-04 13:27:02.062
99.0, -66643.60364003225, -62048.3979044435, -57583.92752217383, -59160.97720396247, -67333.95961927887, -63748.53864294752, -72442.04848313911, -68271.0118020787, 0.076, 0.972, -0.184, 192.0, 0.0, 0.0, 0.0, 0.0, 0.0, 0.0, 0.0, 0.0, 0.0, 1.741116422062501E9, 0.0, 2025-03-04 13:27:02.062
100.0, -66650.1303494132, -62005.84018300059, -57592.577647278034, -59161.960680718505, -67351.48338693182, -63761.41324775377, -72463.88613747194, -68292.5141802447, 0.076, 0.972, -0.184, 192.0, 0.0, 0.0, 0.0, 0.0, 0.0, 0.0, 0.0, 0.0, 0.0, 1.741116422062523E9, 0.0, 2025-03-04 13:27:02.062
101.0, -66640.96613418653, -61967.641051726474, -57588.19670536479, -59154.31638411479, -67345.0013810398, -63753.14310230531, -72461.04746592611, -68280.4665899833, 0.076, 0.972, -0.184, 192.0, 0.0, 0.0, 0.0, 0.0, 0.0, 0.0, 0.0, 0.0, 0.0, 1.741116422062544E9, 0.0, 2025-03-04 13:27:02.062
102.0, -66647.85047147876, -62002.04038644319, -57596.10922290197, -59161.60305280722, -67349.09175027511, -63756.60762269588, -72460.86865197046, -68282.00886035072, 0.076, 0.972, -0.184, 192.0, 0.0, 0.0, 0.0, 0.0, 0.0, 0.0, 0.0, 0.0, 0.0, 1.741116422062569E9, 0.0, 2025-03-04 13:27:02.062
103.0, -66654.10895992625, -62045.64863987549, -57601.40658633788, -59171.259006411914, -67353.33858172162, -63760.36271576437, -72463.5508613051, -68297.7668401917, 0.076, 0.972, -0.184, 192.0, 0.0, 0.0, 0.0, 0.0, 0.0, 0.0, 0.0, 0.0, 0.0, 1.741116422122424E9, 0.0, 2025-03-04 13:27:02.122
104.0, -66660.00982046245, -62019.877078518526, -57603.9993886947, -59172.28718665686, -67356.37841896754, -63766.30827978948, -72463.61791653847, -68306.64048274046, 0.076, 0.972, -0.184, 192.0, 0.0, 0.0, 0.0, 0.0, 0.0, 0.0, 0.0, 0.0, 0.0, 1.741116422122469E9, 0.0, 2025-03-04 13:27:02.122
105.0, -66658.75812277295, -61970.59148199457, -57603.95468520578, -59163.70411678602, -67356.19960501189, -63758.95455586369, -72471.84335849802, -68281.49477022824, 0.076, 0.972, -0.184, 192.0, 0.0, 0.0, 0.0, 0.0, 0.0, 0.0, 0.0, 0.0, 0.0, 1.741116422122491E9, 0.0, 2025-03-04 13:27:02.122
106.0, -66650.9797157025, -62000.69928177587, -57598.523211303145, -59159.97137546199, -67352.82449159915, -63748.449235969696, -72472.46920734277, -68273.29168001315, 0.076, 0.972, -0.184, 192.0, 0.0, 0.0, 0.0, 0.0, 0.0, 0.0, 0.0, 0.0, 0.0, 1.74111642212252E9, 0.0, 2025-03-04 13:27:02.122
107.0, -66644.96709644403, -62043.23465147432, -57589.78367922112, -59158.831436494766, -67343.88379381702, -63739.95557307668, -72467.44006484032, -68273.20227303532, 0.078, 0.962, -0.18, 192.0, 2.0, 112.0, 30.0, 16.0, 250.0, 96.0, 0.0, 0.0, 0.0, 1.741116422122542E9, 0.0, 2025-03-04 13:27:02.122
108.0, -66667.96704148853, -62037.31143919366, -57604.178202650335, -59170.70021280053, -67355.61845965606, -63758.19459655221, -72452.26323035518, -68291.55305523313, 0.078, 0.962, -0.18, 192.0, 0.0, 0.0, 0.0, 0.0, 0.0, 0.0, 0.0, 0.0, 0.0, 1.741116422122565E9, 0.0, 2025-03-04 13:27:02.122
109.0, -66656.96998321652, -61979.21925535432, -57599.46198457027, -59155.6127852932, -67354.34441022211, -63749.99150633711, -72448.3963785644, -68279.46076148281, 0.078, 0.962, -0.18, 192.0, 0.0, 0.0, 0.0, 0.0, 0.0, 0.0, 0.0, 0.0, 0.0, 1.741116422122593E9, 0.0, 2025-03-04 13:27:02.122
110.0, -66655.1818436601, -61996.49715381827, -57604.334664861526, -59157.11035217171, -67354.50087243329, -63752.4501982272, -72447.45760529728, -68278.85726438252, 0.078, 0.962, -0.18, 192.0, 0.0, 0.0, 0.0, 0.0, 0.0, 0.0, 0.0, 0.0, 0.0, 1.741116422122614E9, 0.0, 2025-03-04 13:27:02.122
111.0, -66658.10992218375, -62053.8964335795, -57607.48626082972, -59172.08602095676, -67353.58445091062, -63754.52891046154, -72451.05623615459, -68285.11575283001, 0.078, 0.962, -0.18, 192.0, 0.0, 0.0, 0.0, 0.0, 0.0, 0.0, 0.0, 0.0, 0.0, 1.741116422122635E9, 0.0, 2025-03-04 13:27:02.122
112.0, -66663.74256178648, -62061.83130286114, -57611.08489168702, -59175.70700355852, -67358.41242771297, -63756.60762269588, -72463.5508613051, -68279.34900276053, 0.078, 0.962, -0.18, 192.0, 0.0, 0.0, 0.0, 0.0, 0.0, 0.0, 0.0, 0.0, 0.0, 1.741116422122657E9, 0.0, 2025-03-04 13:27:02.122
113.0, -66670.29162291189, -62000.140488164485, -57616.762234778675, -59171.191951178545, -67365.81085512768, -63761.7485239206, -72478.37006787898, -68287.28387204217, 0.078, 0.962, -0.18, 192.0, 0.0, 0.0, 0.0, 0.0, 0.0, 0.0, 0.0, 0.0, 0.0, 1.741116422122678E9, 0.0, 2025-03-04 13:27:02.122
114.0, -66668.79405603338, -62006.55543882316, -57618.05863595708, -59174.43295412457, -67362.9498318374, -63759.401590752794, -72469.04939044111, -68292.20125582234, 0.078, 0.962, -0.18, 192.0, 0.0, 0.0, 0.0, 0.0, 0.0, 0.0, 0.0, 0.0, 0.0, 1.741116422122706E9, 0.0, 2025-03-04 13:27:02.122
115.0, -66665.17307343162, -62056.288070236216, -57618.81859526856, -59185.5194193744, -67362.70396264839, -63763.67077394376, -72472.11157943148, -68302.23718908276, 0.078, 0.962, -0.18, 192.0, 0.0, 0.0, 0.0, 0.0, 0.0, 0.0, 0.0, 0.0, 0.0, 1.741116422122727E9, 0.0, 2025-03-04 13:27:02.122
116.0, -66655.8300442493, -62066.838093619124, -57612.87303124345, -59184.267721684904, -67357.60776491258, -63756.98760235162, -72472.93859397633, -68302.95244490534, 0.078, 0.962, -0.18, 192.0, 0.0, 0.0, 0.0, 0.0, 0.0, 0.0, 0.0, 0.0, 0.0, 1.741116422122752E9, 0.0, 2025-03-04 13:27:02.122
117.0, -66664.50252109797, -62002.30860737665, -57615.62229581145, -59181.697271072546, -67359.35120098009, -63761.97204136516, -72476.89485274492, -68305.18761935087, 0.07200000000000001, 0.968, -0.18, 192.0, 2.0, 64.0, 30.0, 64.0, 250.0, 96.0, 0.0, 0.0, 0.0, 1.741116422122777E9, 0.0, 2025-03-04 13:27:02.122
118.0, -66655.11478842674, -61983.3319763341, -57607.329798618535, -59168.44268661055, -67347.66123862997, -63750.9973348376, -72464.84726248351, -68289.98843312127, 0.07200000000000001, 0.968, -0.18, 192.0, 0.0, 0.0, 0.0, 0.0, 0.0, 0.0, 0.0, 0.0, 0.0, 1.741116422181701E9, 0.0, 2025-03-04 13:27:02.181
119.0, -66646.79993948936, -62030.24828794579, -57607.06157768507, -59175.394079136146, -67346.7448171073, -63754.730076161635, -72461.13687290394, -68285.74160167476, 0.07200000000000001, 0.968, -0.18, 192.0, 0.0, 0.0, 0.0, 0.0, 0.0, 0.0, 0.0, 0.0, 0.0, 1.74111642218175E9, 0.0, 2025-03-04 13:27:02.181
120.0, -66650.21975639103, -62059.39496271551, -57604.379368350434, -59177.830419281774, -67343.41440718346, -63753.90306161679, -72457.0018001797, -68286.83683715307, 0.07200000000000001, 0.968, -0.18, 192.0, 0.0, 0.0, 0.0, 0.0, 0.0, 0.0, 0.0, 0.0, 0.0, 1.741116422181772E9, 0.0, 2025-03-04 13:27:02.181
121.0, -66661.30622164086, -62004.61083705555, -57607.888592229916, -59173.74005004646, -67351.03635204272, -63761.726172176146, -72463.84143398302, -68292.11184884452, 0.07200000000000001, 0.968, -0.18, 192.0, 0.0, 0.0, 0.0, 0.0, 0.0, 0.0, 0.0, 0.0, 0.0, 1.7411164221818E9, 0.0, 2025-03-04 13:27:02.181
122.0, -66656.54530007187, -61982.37085132252, -57605.34049336201, -59168.465038355, -67344.33082870612, -63759.15572156379, -72456.71122750179, -68287.44033425336, 0.07200000000000001, 0.968, -0.18, 192.0, 0.0, 0.0, 0.0, 0.0, 0.0, 0.0, 0.0, 0.0, 0.0, 1.741116422181823E9, 0.0, 2025-03-04 13:27:02.181
123.0, -66653.32664887031, -62023.073377975634, -57603.150022405396, -59172.93538724606, -67341.31334320466, -63759.267480286064, -72460.3992653369, -68284.89223538546, 0.07200000000000001, 0.968, -0.18, 192.0, 0.0, 0.0, 0.0, 0.0, 0.0, 0.0, 0.0, 0.0, 0.0, 1.741116422181844E9, 0.0, 2025-03-04 13:27:02.181
124.0, -66654.80186400436, -62057.91974758146, -57605.94399046231, -59183.37365190669, -67348.55530840818, -63765.28009954454, -72476.24665215572, -68289.1167150875, 0.07200000000000001, 0.968, -0.18, 192.0, 0.0, 0.0, 0.0, 0.0, 0.0, 0.0, 0.0, 0.0, 0.0, 1.741116422181868E9, 0.0, 2025-03-04 13:27:02.181
125.0, -66660.30039314037, -62014.959694738354, -57609.40851085288, -59183.37365190669, -67358.30066899069, -63774.28785256003, -72482.9074720034, -68306.66283448492, 0.07200000000000001, 0.968, -0.18, 192.0, 0.0, 0.0, 0.0, 0.0, 0.0, 0.0, 0.0, 0.0, 0.0, 1.741116422181893E9, 0.0, 2025-03-04 13:27:02.181
126.0, -66663.31787864183, -61976.49234253077, -57612.51540333217, -59181.87608502818, -67362.63690741503, -63777.70766946169, -72458.02998042465, -68303.71240421681, 0.07200000000000001, 0.968, -0.18, 192.0, 0.0, 0.0, 0.0, 0.0, 0.0, 0.0, 0.0, 0.0, 0.0, 1.741116422181914E9, 0.0, 2025-03-04 13:27:02.181
127.0, -66650.89030872469, -62016.434909872405, -57605.02756893964, -59179.4173931381, -67355.46199744487, -63760.56388146447, -72453.55963153359, -68269.58129043356, 0.068, 0.97, -0.182, 192.0, 2.0, 32.0, 30.0, 80.0, 250.0, 80.0, 0.0, 0.0, 0.0, 1.741116422181939E9, 0.0, 2025-03-04 13:27:02.181
128.0, -66645.99527668898, -62058.41148595947, -57598.05382466958, -59178.03158498187, -67352.22099449886, -63753.81365463897, -72444.1495471179, -68262.1605112744, 0.068, 0.97, -0.182, 192.0, 0.0, 0.0, 0.0, 0.0, 0.0, 0.0, 0.0, 0.0, 0.0, 1.741116422181963E9, 0.0, 2025-03-04 13:27:02.181
129.0, -66653.61722154824, -62028.08016873362, -57601.33953110451, -59174.00827097992, -67361.02758181424, -63761.14502682031, -72454.9007362009, -68280.48894172776, 0.068, 0.97, -0.182, 192.0, 0.0, 0.0, 0.0, 0.0, 0.0, 0.0, 0.0, 0.0, 0.0, 1.741116422181987E9, 0.0, 2025-03-04 13:27:02.181
130.0, -66663.20611991956, -61976.60410125305, -57607.396853851904, -59172.01896572339, -67365.45322721639, -63767.78349492353, -72453.6043350225, -68299.4208692814, 0.068, 0.97, -0.182, 192.0, 0.0, 0.0, 0.0, 0.0, 0.0, 0.0, 0.0, 0.0, 0.0, 1.74111642218201E9, 0.0, 2025-03-04 13:27:02.182
131.0, -66646.46466332253, -62000.431060842406, -57601.250124126695, -59170.09671570024, -67356.26666024527, -63757.52404421855, -72440.12623311594, -68272.19644453484, 0.068, 0.97, -0.182, 192.0, 0.0, 0.0, 0.0, 0.0, 0.0, 0.0, 0.0, 0.0, 0.0, 1.741116422182031E9, 0.0, 2025-03-04 13:27:02.182
132.0, -66636.78635797338, -62041.31240145116, -57590.85656295497, -59169.873198255686, -67347.50477641878, -63747.71162840267, -72435.78999469161, -68248.86122332349, 0.068, 0.97, -0.182, 192.0, 0.0, 0.0, 0.0, 0.0, 0.0, 0.0, 0.0, 0.0, 0.0, 1.741116422182054E9, 0.0, 2025-03-04 13:27:02.182
133.0, -66648.07398892331, -62029.08599723411, -57592.48824030021, -59165.20168366453, -67352.53391892122, -63750.460892970674, -72440.10388137148, -68253.73390361475, 0.068, 0.97, -0.182, 192.0, 0.0, 0.0, 0.0, 0.0, 0.0, 0.0, 0.0, 0.0, 0.0, 1.741116422241868E9, 0.0, 2025-03-04 13:27:02.241
134.0, -66646.28584936689, -61967.05990637063, -57592.33177808902, -59153.62348003668, -67353.69620963291, -63754.81948313946, -72438.85218368199, -68270.29654625614, 0.068, 0.97, -0.182, 192.0, 0.0, 0.0, 0.0, 0.0, 0.0, 0.0, 0.0, 0.0, 0.0, 1.741116422241914E9, 0.0, 2025-03-04 13:27:02.241
135.0, -66636.96517192903, -61980.24743559927, -57584.039280896104, -59147.54380554483, -67342.7438548498, -63744.76119813457, -72426.98340737622, -68259.52300542868, 0.068, 0.97, -0.182, 192.0, 0.0, 0.0, 0.0, 0.0, 0.0, 0.0, 0.0, 0.0, 0.0, 1.741116422241943E9, 0.0, 2025-03-04 13:27:02.241
136.0, -66627.28686657987, -62023.87804077602, -57573.77983019112, -59143.05110490932, -67333.26671520075, -63733.294753229, -72419.22735205023, -68240.36756043047, 0.068, 0.97, -0.182, 192.0, 0.0, 0.0, 0.0, 0.0, 0.0, 0.0, 0.0, 0.0, 0.0, 1.741116422241971E9, 0.0, 2025-03-04 13:27:02.241
137.0, -66632.89715443816, -62026.493194877294, -57579.501876771676, -59149.15313114561, -67338.18409898091, -63741.38608472182, -72434.33713130202, -68243.4073976764, 0.07200000000000001, 0.972, -0.178, 192.0, 2.0, 64.0, 30.0, 96.0, 250.0, 112.0, 0.0, 0.0, 0.0, 1.741116422241993E9, 0.0, 2025-03-04 13:27:02.241
138.0, -66643.80480573235, -61969.250377327255, -57588.666091998355, -59153.37761084767, -67346.7448171073, -63751.28790751552, -72446.16120411888, -68251.87870882497, 0.07200000000000001, 0.972, -0.178, 192.0, 0.0, 0.0, 0.0, 0.0, 0.0, 0.0, 0.0, 0.0, 0.0, 1.741116422242017E9, 0.0, 2025-03-04 13:27:02.242
139.0, -66644.60946853274, -61972.75960120674, -57590.92361818834, -59159.12200917269, -67346.36483745156, -63750.72911390413, -72439.14275635991, -68252.32574371407, 0.07200000000000001, 0.972, -0.178, 192.0, 0.0, 0.0, 0.0, 0.0, 0.0, 0.0, 0.0, 0.0, 0.0, 1.741116422242041E9, 0.0, 2025-03-04 13:27:02.242
140.0, -66651.6279162917, -62031.7905583132, -57597.964417691765, -59178.5680268488, -67349.15880550847, -63757.61345119637, -72446.29531458562, -68260.12650252898, 0.07200000000000001, 0.972, -0.178, 192.0, 0.0, 0.0, 0.0, 0.0, 0.0, 0.0, 0.0, 0.0, 0.0, 1.741116422242066E9, 0.0, 2025-03-04 13:27:02.242
141.0, -66643.6259917767, -62045.00043928629, -57587.72731873123, -59170.40964012261, -67339.3463896926, -63748.292773758505, -72438.29339007061, -68250.33643845754, 0.07200000000000001, 0.972, -0.178, 192.0, 0.0, 0.0, 0.0, 0.0, 0.0, 0.0, 0.0, 0.0, 0.0, 1.741116422242087E9, 0.0, 2025-03-04 13:27:02.242
142.0, -66652.94666921457, -61983.443735056375, -57592.510592044666, -59164.821704008784, -67348.95763980837, -63757.43463724073, -72452.86672745548, -68262.04875255213, 0.07200000000000001, 0.972, -0.178, 192.0, 0.0, 0.0, 0.0, 0.0, 0.0, 0.0, 0.0, 0.0, 0.0, 1.741116422242108E9, 0.0, 2025-03-04 13:27:02.242
143.0, -66648.65513427915, -61973.54191226267, -57594.11991764545, -59164.44172435305, -67347.32596246315, -63757.61345119637, -72468.98233520775, -68259.97004031778, 0.07200000000000001, 0.972, -0.178, 192.0, 0.0, 0.0, 0.0, 0.0, 0.0, 0.0, 0.0, 0.0, 0.0, 1.741116422242129E9, 0.0, 2025-03-04 13:27:02.242
144.0, -66639.40151207466, -62018.2901046622, -57586.699138486285, -59169.33675638876, -67339.77107283725, -63758.86514888587, -72444.77539596264, -68258.31601122809, 0.07200000000000001, 0.972, -0.178, 192.0, 0.0, 0.0, 0.0, 0.0, 0.0, 0.0, 0.0, 0.0, 0.0, 1.741116422242153E9, 0.0, 2025-03-04 13:27:02.242
145.0, -66633.65711374964, -62046.341543953604, -57579.61363549395, -59171.482523856466, -67330.07041574364, -63758.66398318577, -72427.22927656524, -68261.69112464084, 0.07200000000000001, 0.972, -0.178, 192.0, 0.0, 0.0, 0.0, 0.0, 0.0, 0.0, 0.0, 0.0, 0.0, 1.741116422242174E9, 0.0, 2025-03-04 13:27:02.242
146.0, -66647.09051216728, -61993.90435146145, -57587.01206290866, -59168.465038355, -67344.50964266177, -63772.11973334786, -72429.86678241096, -68261.53466242965, 0.07200000000000001, 0.972, -0.178, 192.0, 0.0, 0.0, 0.0, 0.0, 0.0, 0.0, 0.0, 0.0, 0.0, 1.741116422242195E9, 0.0, 2025-03-04 13:27:02.242
147.0, -66634.26061084993, -61961.896653401454, -57579.14424886039, -59155.70219227102, -67334.76428207925, -63759.73686691962, -72418.91442762785, -68247.72128435627, 0.07200000000000001, 0.964, -0.176, 192.0, 2.0, 64.0, 30.0, 32.0, 250.0, 128.0, 0.0, 0.0, 0.0, 1.74111642224222E9, 0.0, 2025-03-04 13:27:02.242
148.0, -66629.63379974768, -61998.62056954153, -57578.7419174602, -59161.9159772296, -67330.31628493265, -63761.39089600932, -72420.7472706732, -68256.14789201593, 0.07200000000000001, 0.964, -0.176, 192.0, 0.0, 0.0, 0.0, 0.0, 0.0, 0.0, 0.0, 0.0, 0.0, 1.741116422302455E9, 0.0, 2025-03-04 13:27:02.302
149.0, -66625.81165144582, -62036.12679673753, -57580.19478084979, -59165.246387153435, -67328.34933142058, -63759.133369819334, -72424.70352944179, -68258.00308680572, 0.07200000000000001, 0.964, -0.176, 192.0, 0.0, 0.0, 0.0, 0.0, 0.0, 0.0, 0.0, 0.0, 0.0, 1.741116422302502E9, 0.0, 2025-03-04 13:27:02.302
150.0, -66634.75234922796, -61991.825639227114, -57588.57668502053, -59160.68663128455, -67338.27350595874, -63765.637727455825, -72437.26520982567, -68252.99629604773, 0.07200000000000001, 0.964, -0.176, 192.0, 0.0, 0.0, 0.0, 0.0, 0.0, 0.0, 0.0, 0.0, 0.0, 1.741116422302525E9, 0.0, 2025-03-04 13:27:02.302
151.0, -66643.93891619908, -61954.83350215358, -57598.88083921443, -59165.961642976006, -67341.98389553832, -63770.28689030253, -72443.99308490672, -68260.7076478848, 0.07200000000000001, 0.964, -0.176, 192.0, 0.0, 0.0, 0.0, 0.0, 0.0, 0.0, 0.0, 0.0, 0.0, 1.741116422302551E9, 0.0, 2025-03-04 13:27:02.302
152.0, -66630.37140731471, -61987.80232522516, -57595.88570545742, -59165.961642976006, -67332.21618321135, -63756.36175350688, -72433.46541326826, -68252.25868848071, 0.07200000000000001, 0.964, -0.176, 192.0, 0.0, 0.0, 0.0, 0.0, 0.0, 0.0, 0.0, 0.0, 0.0, 1.741116422302576E9, 0.0, 2025-03-04 13:27:02.302
153.0, -66630.70668348153, -62026.448491388386, -57600.57957179303, -59174.18708493556, -67332.90908728947, -63755.847663384404, -72426.02228236465, -68242.04394126462, 0.07200000000000001, 0.964, -0.176, 192.0, 0.0, 0.0, 0.0, 0.0, 0.0, 0.0, 0.0, 0.0, 0.0, 1.741116422302602E9, 0.0, 2025-03-04 13:27:02.302
154.0, -66628.98559915848, -61993.39026133899, -57597.80795548057, -59173.717698301996, -67332.99849426729, -63754.37244825035, -72436.348788303, -68244.41322617688, 0.07200000000000001, 0.964, -0.176, 192.0, 0.0, 0.0, 0.0, 0.0, 0.0, 0.0, 0.0, 0.0, 0.0, 1.741116422302623E9, 0.0, 2025-03-04 13:27:02.302
155.0, -66622.61535198872, -61936.14744378894, -57597.62914152493, -59167.43685811006, -67336.08303500213, -63754.48420697263, -72442.71903547276, -68243.38504593195, 0.07200000000000001, 0.964, -0.176, 192.0, 0.0, 0.0, 0.0, 0.0, 0.0, 0.0, 0.0, 0.0, 0.0, 1.74111642230265E9, 0.0, 2025-03-04 13:27:02.302
156.0, -66617.49680250845, -61960.4214382674, -57595.21515312376, -59169.873198255686, -67330.27158144374, -63752.18197729373, -72440.26034358267, -68237.84181330702, 0.07200000000000001, 0.964, -0.176, 192.0, 0.0, 0.0, 0.0, 0.0, 0.0, 0.0, 0.0, 0.0, 0.0, 1.741116422302672E9, 0.0, 2025-03-04 13:27:02.302
157.0, -66619.68727346507, -62014.42325287143, -57598.366749091954, -59184.35712866273, -67329.0422354987, -63755.82531163995, -72428.72684344374, -68243.83208082106, 0.07200000000000001, 0.962, -0.18, 192.0, 2.0, 64.0, 30.0, 16.0, 250.0, 96.0, 0.0, 0.0, 0.0, 1.741116422302694E9, 0.0, 2025-03-04 13:27:02.302
158.0, -66623.66588397812, -62002.19684865438, -57596.913885702364, -59177.33868090376, -67332.81968031164, -63757.725209918644, -72441.89202092792, -68246.51429015568, 0.07200000000000001, 0.962, -0.18, 192.0, 0.0, 0.0, 0.0, 0.0, 0.0, 0.0, 0.0, 0.0, 0.0, 1.741116422302717E9, 0.0, 2025-03-04 13:27:02.302
159.0, -66627.95741891353, -61939.1202258015, -57597.85265896949, -59169.67203255559, -67340.2404594708, -63759.51334947507, -72453.38081757794, -68248.90592681241, 0.07200000000000001, 0.962, -0.18, 192.0, 0.0, 0.0, 0.0, 0.0, 0.0, 0.0, 0.0, 0.0, 0.0, 1.741116422302739E9, 0.0, 2025-03-04 13:27:02.302
160.0, -66618.68144496459, -61950.74313291826, -57592.26472285566, -59166.095753442736, -67332.77497682274, -63753.746599405604, -72434.82886968003, -68246.67075236687, 0.07200000000000001, 0.962, -0.18, 192.0, 0.0, 0.0, 0.0, 0.0, 0.0, 0.0, 0.0, 0.0, 0.0, 1.741116422302763E9, 0.0, 2025-03-04 13:27:02.302
161.0, -66611.03714836088, -61994.23962762829, -57581.91586517285, -59166.43102960957, -67322.82845054012, -63747.97984933613, -72420.63551195091, -68237.0595022511, 0.07200000000000001, 0.962, -0.18, 192.0, 0.0, 0.0, 0.0, 0.0, 0.0, 0.0, 0.0, 0.0, 0.0, 1.741116422302784E9, 0.0, 2025-03-04 13:27:02.302
162.0, -66626.57161075731, -62001.74981376527, -57598.05382466958, -59183.150134462136, -67344.8002153397, -63771.18096008074, -72450.20686986529, -68263.79218861964, 0.07200000000000001, 0.962, -0.18, 192.0, 0.0, 0.0, 0.0, 0.0, 0.0, 0.0, 0.0, 0.0, 0.0, 1.741116422302809E9, 0.0, 2025-03-04 13:27:02.302
163.0, -66621.69893046605, -61939.679019412884, -57599.50668805918, -59175.14820994714, -67352.26569798776, -63775.18192233824, -72478.25830915669, -68277.3149940151, 0.07200000000000001, 0.962, -0.18, 192.0, 0.0, 0.0, 0.0, 0.0, 0.0, 0.0, 0.0, 0.0, 0.0, 1.741116422361829E9, 0.0, 2025-03-04 13:27:02.361
164.0, -66607.63968320367, -61935.65570541093, -57587.70496698678, -59161.200721407025, -67334.07137800114, -63758.88750063032, -72452.62085826645, -68250.62701113547, 0.07200000000000001, 0.962, -0.18, 192.0, 0.0, 0.0, 0.0, 0.0, 0.0, 0.0, 0.0, 0.0, 0.0, 1.74111642236186E9, 0.0, 2025-03-04 13:27:02.361
165.0, -66605.13628782467, -61981.56618852213, -57580.418298294346, -59163.368840619194, -67326.78470930872, -63755.42298023975, -72415.71812817075, -68244.88261281046, 0.07200000000000001, 0.962, -0.18, 192.0, 0.0, 0.0, 0.0, 0.0, 0.0, 0.0, 0.0, 0.0, 0.0, 1.741116422361902E9, 0.0, 2025-03-04 13:27:02.361
166.0, -66617.0274158749, -62008.99177896879, -57584.70983322976, -59170.5661023338, -67332.99849426729, -63764.743657677616, -72424.21179106376, -68256.23729899374, 0.07200000000000001, 0.962, -0.18, 192.0, 0.0, 0.0, 0.0, 0.0, 0.0, 0.0, 0.0, 0.0, 0.0, 1.741116422361929E9, 0.0, 2025-03-04 13:27:02.361
167.0, -66619.08377636479, -61948.08327532808, -57582.20643785077, -59163.68176504157, -67332.57381112264, -63768.87873040185, -72434.38183479093, -68269.69304915585, 0.074, 0.964, -0.182, 192.0, 2.0, 80.0, 30.0, 32.0, 250.0, 80.0, 0.0, 0.0, 0.0, 1.741116422361954E9, 0.0, 2025-03-04 13:27:02.361
168.0, -66609.29371229335, -61930.00071406373, -57576.86437092595, -59153.42231433658, -67320.32505516113, -63755.37827675084, -72417.86389563845, -68233.19265046033, 0.074, 0.964, -0.182, 192.0, 0.0, 0.0, 0.0, 0.0, 0.0, 0.0, 0.0, 0.0, 0.0, 1.741116422361977E9, 0.0, 2025-03-04 13:27:02.361
169.0, -66602.36467151222, -61980.716822232826, -57569.2871295556, -59150.360125346204, -67308.09865094407, -63743.062465555966, -72406.17393328833, -68220.2509904207, 0.074, 0.964, -0.182, 192.0, 0.0, 0.0, 0.0, 0.0, 0.0, 0.0, 0.0, 0.0, 0.0, 1.741116422361998E9, 0.0, 2025-03-04 13:27:02.361
170.0, -66614.70283445154, -62017.910125006456, -57575.99265289219, -59169.180294177575, -67318.24634292678, -63758.149893063295, -72418.78031716113, -68245.7096273553, 0.074, 0.964, -0.182, 192.0, 0.0, 0.0, 0.0, 0.0, 0.0, 0.0, 0.0, 0.0, 0.0, 1.741116422362026E9, 0.0, 2025-03-04 13:27:02.362
171.0, -66623.48707002247, -61971.03851688368, -57575.00917613616, -59163.25708189692, -67321.35323540607, -63760.78739890902, -72426.8492969095, -68245.0614267661, 0.074, 0.964, -0.182, 192.0, 0.0, 0.0, 0.0, 0.0, 0.0, 0.0, 0.0, 0.0, 0.0, 1.741116422362048E9, 0.0, 2025-03-04 13:27:02.362
172.0, -66624.47054677851, -61938.18145253438, -57576.01500463665, -59158.29499462784, -67325.15303196348, -63760.92150937576, -72431.61021847847, -68236.858336551, 0.074, 0.964, -0.182, 192.0, 0.0, 0.0, 0.0, 0.0, 0.0, 0.0, 0.0, 0.0, 0.0, 1.74111642236207E9, 0.0, 2025-03-04 13:27:02.362
173.0, -66611.68534895008, -61980.76152572173, -57571.611710978956, -59163.52530283038, -67317.06170047066, -63753.36661974986, -72420.30023578409, -68233.66203709389, 0.074, 0.964, -0.182, 192.0, 0.0, 0.0, 0.0, 0.0, 0.0, 0.0, 0.0, 0.0, 0.0, 1.741116422362092E9, 0.0, 2025-03-04 13:27:02.362
174.0, -66603.54931396834, -62015.85376451657, -57561.53107422961, -59160.75368651792, -67306.60108406557, -63745.20823302367, -72404.87753210992, -68226.93416201284, 0.074, 0.964, -0.182, 192.0, 0.0, 0.0, 0.0, 0.0, 0.0, 0.0, 0.0, 0.0, 0.0, 1.741116422362114E9, 0.0, 2025-03-04 13:27:02.362
175.0, -66620.13430835419, -61979.46512454333, -57571.54465574559, -59162.83239875227, -67319.72155806083, -63756.92054711826, -72428.16804983235, -68244.54733664362, 0.074, 0.964, -0.182, 192.0, 0.0, 0.0, 0.0, 0.0, 0.0, 0.0, 0.0, 0.0, 0.0, 1.741116422362139E9, 0.0, 2025-03-04 13:27:02.362
176.0, -66620.13430835419, -61933.64404840995, -57572.25991156816, -59156.52920681587, -67318.73808130481, -63753.746599405604, -72431.92314290085, -68242.71449359828, 0.074, 0.964, -0.182, 192.0, 0.0, 0.0, 0.0, 0.0, 0.0, 0.0, 0.0, 0.0, 0.0, 1.74111642236216E9, 0.0, 2025-03-04 13:27:02.362
177.0, -66614.94870364055, -61962.678964457395, -57569.77886793362, -59158.7643812614, -67311.63022656801, -63748.82921562543, -72412.52182871364, -68236.23248770625, 0.076, 0.964, -0.184, 192.0, 2.0, 96.0, 30.0, 32.0, 250.0, 64.0, 0.0, 0.0, 0.0, 1.741116422362185E9, 0.0, 2025-03-04 13:27:02.362
178.0, -66610.29954079384, -62009.05883420216, -57565.35322253147, -59160.88779698465, -67306.55638057666, -63745.61056442387, -72410.86779962394, -68246.29077271113, 0.076, 0.964, -0.184, 192.0, 0.0, 0.0, 0.0, 0.0, 0.0, 0.0, 0.0, 0.0, 0.0, 1.741116422421666E9, 0.0, 2025-03-04 13:27:02.421
179.0, -66618.34616879775, -61985.92477869091, -57569.42124002233, -59156.104523671216, -67314.17832543592, -63751.22085228215, -72420.25553229518, -68248.63770587894, 0.076, 0.964, -0.184, 192.0, 0.0, 0.0, 0.0, 0.0, 0.0, 0.0, 0.0, 0.0, 0.0, 1.741116422421719E9, 0.0, 2025-03-04 13:27:02.421
180.0, -66624.2246775895, -61934.38165597698, -57582.49701052869, -59155.813950993295, -67330.71861633284, -63760.96621286467, -72439.63449473793, -68240.09933949701, 0.076, 0.964, -0.184, 192.0, 0.0, 0.0, 0.0, 0.0, 0.0, 0.0, 0.0, 0.0, 0.0, 1.741116422421754E9, 0.0, 2025-03-04 13:27:02.421
181.0, -66617.74267169746, -61957.716877188315, -57580.0383186386, -59155.836302737756, -67324.68364532992, -63750.84087262641, -72440.88619242742, -68234.44434814982, 0.076, 0.964, -0.184, 192.0, 0.0, 0.0, 0.0, 0.0, 0.0, 0.0, 0.0, 0.0, 0.0, 1.74111642242178E9, 0.0, 2025-03-04 13:27:02.421
182.0, -66609.40547101563, -62000.96750270933, -57574.20451333577, -59153.89170097014, -67316.43585162591, -63742.41426496676, -72429.03976786611, -68235.1596039724, 0.076, 0.964, -0.184, 192.0, 0.0, 0.0, 0.0, 0.0, 0.0, 0.0, 0.0, 0.0, 0.0, 1.741116422421804E9, 0.0, 2025-03-04 13:27:02.421
183.0, -66618.45792752004, -61989.47870605931, -57581.51353377265, -59155.50102657092, -67325.66712208594, -63752.29373601601, -72427.36338703196, -68236.18778421734, 0.076, 0.964, -0.184, 192.0, 0.0, 0.0, 0.0, 0.0, 0.0, 0.0, 0.0, 0.0, 0.0, 1.741116422421826E9, 0.0, 2025-03-04 13:27:02.421
184.0, -66621.56481999932, -61926.178565761875, -57581.82645819503, -59145.9121281996, -67326.49413663079, -63750.66205867077, -72419.92025612835, -68239.45113890781, 0.076, 0.964, -0.184, 192.0, 0.0, 0.0, 0.0, 0.0, 0.0, 0.0, 0.0, 0.0, 0.0, 1.741116422421848E9, 0.0, 2025-03-04 13:27:02.421
185.0, -66619.53081125389, -61940.796606635646, -57583.50283902918, -59147.566157289286, -67320.12388946103, -63743.91183184527, -72412.70064266928, -68234.3102376831, 0.076, 0.964, -0.184, 192.0, 0.0, 0.0, 0.0, 0.0, 0.0, 0.0, 0.0, 0.0, 0.0, 1.741116422421877E9, 0.0, 2025-03-04 13:27:02.421
186.0, -66617.49680250845, -61992.58559853859, -57581.42412679483, -59153.04233468084, -67314.53595334721, -63739.37442772084, -72413.21473279175, -68229.23639169174, 0.076, 0.964, -0.184, 192.0, 0.0, 0.0, 0.0, 0.0, 0.0, 0.0, 0.0, 0.0, 0.0, 1.741116422421898E9, 0.0, 2025-03-04 13:27:02.421
187.0, -66633.32183758281, -62008.41063361295, -57593.2929031006, -59164.53113133087, -67327.11998547554, -63752.47254997165, -72429.75502368867, -68248.95063030132, 0.076, 0.96, -0.182, 192.0, 2.0, 96.0, 30.0, 0.0, 250.0, 80.0, 0.0, 0.0, 0.0, 1.74111642242192E9, 0.0, 2025-03-04 13:27:02.421
188.0, -66632.69598873807, -61947.993868350255, -57595.34926359049, -59159.50198882842, -67330.27158144374, -63753.70189591669, -72443.03195989513, -68265.7591421317, 0.076, 0.96, -0.182, 192.0, 0.0, 0.0, 0.0, 0.0, 0.0, 0.0, 0.0, 0.0, 0.0, 1.741116422421946E9, 0.0, 2025-03-04 13:27:02.421
189.0, -66629.0303026474, -61948.351496261545, -57596.01981592415, -59160.507817328915, -67328.17051746494, -63752.27138427155, -72434.27007606866, -68244.63674362145, 0.076, 0.96, -0.182, 192.0, 0.0, 0.0, 0.0, 0.0, 0.0, 0.0, 0.0, 0.0, 0.0, 1.741116422421968E9, 0.0, 2025-03-04 13:27:02.421
190.0, -66625.14109911217, -62001.883924232, -57587.7943739646, -59167.056878454314, -67320.45916562786, -63749.544471448, -72416.47808748223, -68242.60273487601, 0.076, 0.96, -0.182, 192.0, 0.0, 0.0, 0.0, 0.0, 0.0, 0.0, 0.0, 0.0, 0.0, 1.741116422421992E9, 0.0, 2025-03-04 13:27:02.421
191.0, -66616.69213970806, -62018.13364245101, -57577.333757559514, -59161.401887107124, -67316.81583128165, -63742.9954103226, -72409.30317751208, -68232.72326382676, 0.076, 0.96, -0.182, 192.0, 0.0, 0.0, 0.0, 0.0, 0.0, 0.0, 0.0, 0.0, 0.0, 1.741116422422013E9, 0.0, 2025-03-04 13:27:02.422
192.0, -66633.94768642756, -61961.09199060107, -57587.34733907549, -59164.93346273106, -67337.58060188063, -63759.490997730616, -72428.27980855464, -68252.86218558099, 0.076, 0.96, -0.182, 192.0, 0.0, 0.0, 0.0, 0.0, 0.0, 0.0, 0.0, 0.0, 0.0, 1.741116422422039E9, 0.0, 2025-03-04 13:27:02.422
193.0, -66636.29461959537, -61950.11728407351, -57590.744804232694, -59163.502951085924, -67339.05581701468, -63760.83210239794, -72435.11944235796, -68256.10318852702, 0.076, 0.96, -0.182, 192.0, 0.0, 0.0, 0.0, 0.0, 0.0, 0.0, 0.0, 0.0, 0.0, 1.741116422481938E9, 0.0, 2025-03-04 13:27:02.481
194.0, -66635.10997713923, -62001.63805504299, -57588.42022280934, -59167.39215462115, -67331.88090704453, -63756.09353257341, -72436.32643655855, -68256.99725830523, 0.076, 0.96, -0.182, 192.0, 0.0, 0.0, 0.0, 0.0, 0.0, 0.0, 0.0, 0.0, 0.0, 1.741116422481986E9, 0.0, 2025-03-04 13:27:02.481
195.0, -66636.22756436201, -62040.57479388414, -57591.43770831081, -59176.84694252574, -67335.85951755756, -63762.642593698816, -72443.07666338404, -68260.84175835154, 0.076, 0.96, -0.182, 192.0, 0.0, 0.0, 0.0, 0.0, 0.0, 0.0, 0.0, 0.0, 0.0, 1.741116422482016E9, 0.0, 2025-03-04 13:27:02.482
196.0, -66638.30627659634, -61986.05888915764, -57593.561124034066, -59174.03062272437, -67345.40371243999, -63773.9525763932, -72448.66459949788, -68269.53658694465, 0.076, 0.96, -0.182, 192.0, 0.0, 0.0, 0.0, 0.0, 0.0, 0.0, 0.0, 0.0, 0.0, 1.741116422482041E9, 0.0, 2025-03-04 13:27:02.482
197.0, -66630.05848289233, -61944.66345842642, -57590.20836236577, -59162.742991774445, -67340.86630831556, -63769.14695133531, -72445.37889306294, -68270.72122940079, 0.07200000000000001, 0.968, -0.178, 192.0, 2.0, 64.0, 30.0, 64.0, 250.0, 112.0, 0.0, 0.0, 0.0, 1.741116422482065E9, 0.0, 2025-03-04 13:27:02.482
198.0, -66626.34809331276, -61987.712918247336, -57590.52128678814, -59167.705079043524, -67335.65835185748, -63764.76600942207, -72446.96586691927, -68268.35194448852, 0.07200000000000001, 0.968, -0.178, 192.0, 0.0, 0.0, 0.0, 0.0, 0.0, 0.0, 0.0, 0.0, 0.0, 1.741116422482088E9, 0.0, 2025-03-04 13:27:02.482
199.0, -66632.11484338222, -62029.84595654559, -57594.254028112184, -59174.81293378031, -67339.1452239925, -63767.71643969017, -72451.21269836578, -68272.30820325711, 0.07200000000000001, 0.968, -0.178, 192.0, 0.0, 0.0, 0.0, 0.0, 0.0, 0.0, 0.0, 0.0, 0.0, 1.741116422482109E9, 0.0, 2025-03-04 13:27:02.482
200.0, -66643.15660514314, -62000.431060842406, -57600.132536903926, -59178.389212893155, -67347.7506456078, -63779.696974718216, -72452.01736116617, -68276.0632963256, 0.07200000000000001, 0.968, -0.178, 192.0, 0.0, 0.0, 0.0, 0.0, 0.0, 0.0, 0.0, 0.0, 0.0, 1.741116422482137E9, 0.0, 2025-03-04 13:27:02.482
201.0, -66635.62406726171, -61953.69356318636, -57594.20932462327, -59171.32606164528, -67345.06843627316, -63779.22758808465, -72443.54605001761, -68268.84368286654, 0.07200000000000001, 0.968, -0.178, 192.0, 0.0, 0.0, 0.0, 0.0, 0.0, 0.0, 0.0, 0.0, 0.0, 1.741116422482158E9, 0.0, 2025-03-04 13:27:02.482
202.0, -66616.91565715261, -61971.194979094864, -57572.930463901816, -59159.32317487278, -67323.36489240706, -63758.88750063032, -72427.11751784295, -68251.16345300239, 0.07200000000000001, 0.968, -0.178, 192.0, 0.0, 0.0, 0.0, 0.0, 0.0, 0.0, 0.0, 0.0, 0.0, 1.741116422482179E9, 0.0, 2025-03-04 13:27:02.482
203.0, -66624.67171247861, -62026.51554662175, -57579.90420817187, -59172.600111079235, -67328.68460758742, -63764.54249197752, -72438.56161100407, -68260.03709555115, 0.07200000000000001, 0.968, -0.178, 192.0, 0.0, 0.0, 0.0, 0.0, 0.0, 0.0, 0.0, 0.0, 0.0, 1.7411164224822E9, 0.0, 2025-03-04 13:27:02.482
204.0, -66618.63674147568, -62005.460203344854, -57570.60588247846, -59163.592358063746, -67324.54953486318, -63758.149893063295, -72439.79095694912, -68258.00308680572, 0.07200000000000001, 0.968, -0.178, 192.0, 0.0, 0.0, 0.0, 0.0, 0.0, 0.0, 0.0, 0.0, 0.0, 1.741116422482222E9, 0.0, 2025-03-04 13:27:02.482
205.0, -66619.28494206489, -61943.3223537591, -57569.26477781115, -59155.70219227102, -67325.60006685258, -63758.61927969686, -72439.00864589318, -68261.44525545184, 0.07200000000000001, 0.968, -0.178, 192.0, 0.0, 0.0, 0.0, 0.0, 0.0, 0.0, 0.0, 0.0, 0.0, 1.741116422482246E9, 0.0, 2025-03-04 13:27:02.482
206.0, -66622.86122117772, -61966.657574970435, -57574.15980984686, -59153.48936956994, -67329.39986340998, -63753.23250928313, -72445.35654131848, -68256.68433388285, 0.07200000000000001, 0.968, -0.178, 192.0, 0.0, 0.0, 0.0, 0.0, 0.0, 0.0, 0.0, 0.0, 0.0, 1.741116422482268E9, 0.0, 2025-03-04 13:27:02.482
207.0, -66622.70475896655, -62022.20165994188, -57575.657376725365, -59159.85961673971, -67329.86925004354, -63751.444369726705, -72442.76373896167, -68257.22077574978, 0.068, 0.966, -0.182, 192.0, 2.0, 32.0, 30.0, 48.0, 250.0, 80.0, 0.0, 0.0, 0.0, 1.741116422482289E9, 0.0, 2025-03-04 13:27:02.482
208.0, -66624.49289852296, -62010.39993886947, -57569.62240572243, -59154.15992190361, -67327.07528198663, -63749.90209935929, -72416.1428113154, -68261.15468277391, 0.068, 0.966, -0.182, 192.0, 0.0, 0.0, 0.0, 0.0, 0.0, 0.0, 0.0, 0.0, 0.0, 1.741116422542842E9, 0.0, 2025-03-04 13:27:02.542
209.0, -66630.79609045936, -61948.59736545055, -57576.68555697031, -59148.63904102315, -67336.68653210241, -63750.01385808157, -72447.65877099738, -68255.63380189345, 0.068, 0.966, -0.182, 192.0, 0.0, 0.0, 0.0, 0.0, 0.0, 0.0, 0.0, 0.0, 0.0, 1.7411164225429E9, 0.0, 2025-03-04 13:27:02.542
210.0, -66623.44236653356, -61958.49918824425, -57571.63406272341, -59143.721657242975, -67325.64477034149, -63743.35303823389, -72427.72101494325, -68247.90009831192, 0.068, 0.966, -0.182, 192.0, 0.0, 0.0, 0.0, 0.0, 0.0, 0.0, 0.0, 0.0, 0.0, 1.741116422542935E9, 0.0, 2025-03-04 13:27:02.542
211.0, -66625.65518923465, -62008.969427224336, -57575.50091451418, -59151.6118230357, -67323.72252031833, -63746.86226211337, -72416.81336364905, -68247.4083599339, 0.068, 0.966, -0.182, 192.0, 0.0, 0.0, 0.0, 0.0, 0.0, 0.0, 0.0, 0.0, 0.0, 1.741116422542956E9, 0.0, 2025-03-04 13:27:02.542
212.0, -66632.91950618262, -62023.67687507593, -57581.4911820282, -59157.60209054972, -67326.38237790852, -63750.90792785978, -72421.35076777349, -68244.43557792135, 0.068, 0.966, -0.182, 192.0, 0.0, 0.0, 0.0, 0.0, 0.0, 0.0, 0.0, 0.0, 0.0, 1.741116422542985E9, 0.0, 2025-03-04 13:27:02.542
213.0, -66646.5764220448, -61963.14835109095, -57591.795336222094, -59153.42231433658, -67338.72054084785, -63757.99343085211, -72438.87453542645, -68243.76502558768, 0.068, 0.966, -0.182, 192.0, 0.0, 0.0, 0.0, 0.0, 0.0, 0.0, 0.0, 0.0, 0.0, 1.741116422543006E9, 0.0, 2025-03-04 13:27:02.543
214.0, -66632.80774746033, -61956.71104868782, -57585.62625475243, -59146.64973576662, -67325.15303196348, -63745.58821267942, -72422.02132010715, -68235.6066388615, 0.068, 0.966, -0.182, 192.0, 0.0, 0.0, 0.0, 0.0, 0.0, 0.0, 0.0, 0.0, 0.0, 1.741116422543027E9, 0.0, 2025-03-04 13:27:02.543
215.0, -66617.40739553064, -61998.24058988578, -57574.09275461349, -59146.20270087752, -67310.15501143396, -63732.55714566197, -72402.41884021983, -68225.45894687879, 0.068, 0.966, -0.182, 192.0, 0.0, 0.0, 0.0, 0.0, 0.0, 0.0, 0.0, 0.0, 0.0, 1.741116422543056E9, 0.0, 2025-03-04 13:27:02.543
216.0, -66621.18484034359, -62013.439776115396, -57577.66903372634, -59150.24836662393, -67315.40767138096, -63737.69804688669, -72412.36536650245, -68230.9574760148, 0.068, 0.966, -0.182, 192.0, 0.0, 0.0, 0.0, 0.0, 0.0, 0.0, 0.0, 0.0, 0.0, 1.741116422543077E9, 0.0, 2025-03-04 13:27:02.543
217.0, -66639.49091905248, -61960.4214382674, -57591.10243214398, -59160.28429988436, -67334.27254370124, -63757.322878518455, -72429.7997271776, -68250.73876985774, 0.068, 0.962, -0.178, 192.0, 2.0, 32.0, 30.0, 16.0, 250.0, 112.0, 0.0, 0.0, 0.0, 1.741116422543098E9, 0.0, 2025-03-04 13:27:02.543
218.0, -66632.87480269371, -61942.0706560696, -57585.58155126352, -59154.51754981489, -67324.95186626338, -63750.595003437404, -72422.37894801844, -68246.51429015568, 0.068, 0.962, -0.178, 192.0, 0.0, 0.0, 0.0, 0.0, 0.0, 0.0, 0.0, 0.0, 0.0, 1.741116422543121E9, 0.0, 2025-03-04 13:27:02.543
219.0, -66630.23729684798, -61990.79745898217, -57585.60390300798, -59157.73620101645, -67320.28035167222, -63746.77285513555, -72425.88817189791, -68246.7601593447, 0.068, 0.962, -0.178, 192.0, 0.0, 0.0, 0.0, 0.0, 0.0, 0.0, 0.0, 0.0, 0.0, 1.741116422543142E9, 0.0, 2025-03-04 13:27:02.543
220.0, -66625.38696830117, -62015.3396743941, -57579.54658026059, -59156.70802077151, -67317.95577024887, -63745.655267912785, -72422.26718929615, -68252.23633673624, 0.068, 0.962, -0.178, 192.0, 0.0, 0.0, 0.0, 0.0, 0.0, 0.0, 0.0, 0.0, 0.0, 1.741116422543167E9, 0.0, 2025-03-04 13:27:02.543
221.0, -66636.22756436201, -61969.27272907171, -57583.94987391828, -59152.90822421411, -67329.53397387672, -63751.936108104725, -72434.87357316895, -68255.05265653762, 0.068, 0.962, -0.178, 192.0, 0.0, 0.0, 0.0, 0.0, 0.0, 0.0, 0.0, 0.0, 0.0, 1.741116422543188E9, 0.0, 2025-03-04 13:27:02.543
222.0, -66634.99821841696, -61931.94531583135, -57582.31819657305, -59146.04623866633, -67327.63407559802, -63747.97984933613, -72433.71128245727, -68246.60369713351, 0.068, 0.962, -0.178, 192.0, 0.0, 0.0, 0.0, 0.0, 0.0, 0.0, 0.0, 0.0, 0.0, 1.741116422543209E9, 0.0, 2025-03-04 13:27:02.543
223.0, -66620.8272124323, -61967.19401683736, -57575.72443195873, -59148.99666893443, -67321.59910459508, -63745.632916168324, -72418.66855843885, -68239.78641507465, 0.068, 0.962, -0.178, 192.0, 0.0, 0.0, 0.0, 0.0, 0.0, 0.0, 0.0, 0.0, 0.0, 1.74111642260253E9, 0.0, 2025-03-04 13:27:02.602
224.0, -66622.9729799, -62014.51265984925, -57575.74678370319, -59160.46311384, -67325.15303196348, -63752.27138427155, -72423.7424044302, -68248.72711285677, 0.068, 0.962, -0.178, 192.0, 0.0, 0.0, 0.0, 0.0, 0.0, 0.0, 0.0, 0.0, 0.0, 1.741116422602562E9, 0.0, 2025-03-04 13:27:02.602
225.0, -66626.7280729685, -61976.00060415275, -57574.85271392497, -59157.26681438289, -67331.07624424413, -63758.149893063295, -72432.3478260455, -68259.32183972858, 0.068, 0.962, -0.178, 192.0, 0.0, 0.0, 0.0, 0.0, 0.0, 0.0, 0.0, 0.0, 0.0, 1.741116422602596E9, 0.0, 2025-03-04 13:27:02.602
226.0, -66625.52107876791, -61926.20091750633, -57574.49508601369, -59152.952927703016, -67327.94700002039, -63756.29469827351, -72428.9503608883, -68261.08762754055, 0.068, 0.962, -0.178, 192.0, 0.0, 0.0, 0.0, 0.0, 0.0, 0.0, 0.0, 0.0, 0.0, 1.741116422602618E9, 0.0, 2025-03-04 13:27:02.602
227.0, -66624.93993341207, -61963.3271650466, -57579.14424886039, -59163.8158755083, -67327.90229653148, -63756.339401762416, -72428.57038123255, -68252.10222626952, 0.068, 0.96, -0.176, 192.0, 2.0, 32.0, 30.0, 0.0, 250.0, 128.0, 0.0, 0.0, 0.0, 1.741116422602647E9, 0.0, 2025-03-04 13:27:02.602
228.0, -66626.83983169077, -62013.59623832658, -57584.955702418774, -59172.890683757156, -67331.45622389988, -63758.59692795241, -72444.39541630691, -68261.46760719629, 0.068, 0.96, -0.176, 192.0, 0.0, 0.0, 0.0, 0.0, 0.0, 0.0, 0.0, 0.0, 0.0, 1.741116422602671E9, 0.0, 2025-03-04 13:27:02.602
229.0, -66634.75234922796, -62000.140488164485, -57590.476583299234, -59174.29884365784, -67333.82550881214, -63768.2528815571, -72436.43819528082, -68276.0632963256, 0.068, 0.96, -0.176, 192.0, 0.0, 0.0, 0.0, 0.0, 0.0, 0.0, 0.0, 0.0, 0.0, 1.741116422602692E9, 0.0, 2025-03-04 13:27:02.602
230.0, -66632.65128524916, -61942.74120840326, -57586.006234408174, -59160.6642795401, -67329.53397387672, -63763.402553010295, -72425.66465445336, -68256.72903737177, 0.068, 0.96, -0.176, 192.0, 0.0, 0.0, 0.0, 0.0, 0.0, 0.0, 0.0, 0.0, 0.0, 1.741116422602717E9, 0.0, 2025-03-04 13:27:02.602
231.0, -66629.29852358086, -61969.07156337161, -57586.11799313045, -59166.54278833185, -67325.44360464139, -63759.60275645289, -72429.01741612166, -68256.9078513274, 0.068, 0.96, -0.176, 192.0, 0.0, 0.0, 0.0, 0.0, 0.0, 0.0, 0.0, 0.0, 0.0, 1.741116422602742E9, 0.0, 2025-03-04 13:27:02.602
232.0, -66617.474450764, -62016.09963370558, -57574.80801043606, -59169.314404644305, -67311.07143295663, -63748.449235969696, -72412.1418490579, -68247.22954597826, 0.068, 0.96, -0.176, 192.0, 0.0, 0.0, 0.0, 0.0, 0.0, 0.0, 0.0, 0.0, 0.0, 1.741116422602762E9, 0.0, 2025-03-04 13:27:02.602
233.0, -66629.49968928096, -62010.06466270264, -57578.22782733772, -59172.19777967904, -67323.70016857388, -63756.2499947846, -72420.85902939548, -68253.64449663693, 0.068, 0.96, -0.176, 192.0, 0.0, 0.0, 0.0, 0.0, 0.0, 0.0, 0.0, 0.0, 0.0, 1.741116422602784E9, 0.0, 2025-03-04 13:27:02.602
234.0, -66637.97100042952, -61945.825749138094, -57582.9440454178, -59163.97233771948, -67333.26671520075, -63759.93803261972, -72429.17387833285, -68267.92726134387, 0.068, 0.96, -0.176, 192.0, 0.0, 0.0, 0.0, 0.0, 0.0, 0.0, 0.0, 0.0, 0.0, 1.741116422602805E9, 0.0, 2025-03-04 13:27:02.602
235.0, -66625.23050609, -61950.363153262515, -57579.5912837495, -59159.47963708397, -67323.32018891814, -63747.71162840267, -72420.12142182844, -68261.48995894074, 0.068, 0.96, -0.176, 192.0, 0.0, 0.0, 0.0, 0.0, 0.0, 0.0, 0.0, 0.0, 0.0, 1.74111642260283E9, 0.0, 2025-03-04 13:27:02.602
236.0, -66619.41905253161, -62000.52046782023, -57574.87506566943, -59156.88683472715, -67317.62049408203, -63734.76996836305, -72412.70064266928, -68222.1508886994, 0.068, 0.96, -0.176, 192.0, 0.0, 0.0, 0.0, 0.0, 0.0, 0.0, 0.0, 0.0, 0.0, 1.741116422602852E9, 0.0, 2025-03-04 13:27:02.602
237.0, -66629.74555846996, -62018.91595350695, -57583.94987391828, -59163.94998597503, -67330.20452621038, -63742.90600334478, -72435.14179410241, -68244.2567639657, 0.07200000000000001, 0.966, -0.178, 192.0, 2.0, 64.0, 30.0, 48.0, 250.0, 112.0, 0.0, 0.0, 0.0, 1.741116422602873E9, 0.0, 2025-03-04 13:27:02.602
238.0, -66638.23922136298, -61957.33689753257, -57584.06163264056, -59152.952927703016, -67333.60199136758, -63741.9448783332, -72444.50717502918, -68242.69214185383, 0.07200000000000001, 0.966, -0.178, 192.0, 0.0, 0.0, 0.0, 0.0, 0.0, 0.0, 0.0, 0.0, 0.0, 1.74111642266273E9, 0.0, 2025-03-04 13:27:02.662
239.0, -66625.45402353455, -61947.65859218343, -57576.77496394813, -59145.107465399204, -67322.80609879567, -63729.67377062724, -72428.52567774364, -68220.56391484308, 0.07200000000000001, 0.966, -0.178, 192.0, 0.0, 0.0, 0.0, 0.0, 0.0, 0.0, 0.0, 0.0, 0.0, 1.741116422662758E9, 0.0, 2025-03-04 13:27:02.662
240.0, -66627.3762735577, -61996.854781729555, -57581.53588551711, -59152.32707885827, -67329.91395353245, -63737.876860842334, -72427.63160796542, -68236.50070863971, 0.07200000000000001, 0.966, -0.178, 192.0, 0.0, 0.0, 0.0, 0.0, 0.0, 0.0, 0.0, 0.0, 0.0, 1.741116422662788E9, 0.0, 2025-03-04 13:27:02.662
241.0, -66637.23339286249, -62032.25994494677, -57588.509629787164, -59165.872235998184, -67335.63600011301, -63750.818520881956, -72437.89105867042, -68257.80192110562, 0.07200000000000001, 0.966, -0.178, 192.0, 0.0, 0.0, 0.0, 0.0, 0.0, 0.0, 0.0, 0.0, 0.0, 1.741116422662809E9, 0.0, 2025-03-04 13:27:02.662
242.0, -66633.05361664935, -61973.385450051486, -57580.53005701662, -59154.94223295954, -67329.01988375424, -63747.532814447026, -72440.75208196069, -68256.17024376038, 0.07200000000000001, 0.966, -0.178, 192.0, 0.0, 0.0, 0.0, 0.0, 0.0, 0.0, 0.0, 0.0, 0.0, 1.741116422662836E9, 0.0, 2025-03-04 13:27:02.662
243.0, -66633.41124456063, -61950.989002107264, -57582.63112099542, -59154.361087603706, -67326.60589535307, -63751.46672147116, -72442.54022151712, -68262.47343569678, 0.07200000000000001, 0.966, -0.178, 192.0, 0.0, 0.0, 0.0, 0.0, 0.0, 0.0, 0.0, 0.0, 0.0, 1.741116422662858E9, 0.0, 2025-03-04 13:27:02.662
244.0, -66634.55118352786, -62000.5875230536, -57585.82742045253, -59168.397983121635, -67322.29200867319, -63757.255823285086, -72433.35365454598, -68268.10607529951, 0.07200000000000001, 0.966, -0.178, 192.0, 0.0, 0.0, 0.0, 0.0, 0.0, 0.0, 0.0, 0.0, 0.0, 1.74111642266288E9, 0.0, 2025-03-04 13:27:02.662
245.0, -66640.92143069762, -62045.51452940876, -57592.26472285566, -59187.978111264485, -67326.80706105317, -63769.7504484356, -72437.22050633676, -68289.65315695443, 0.07200000000000001, 0.966, -0.178, 192.0, 0.0, 0.0, 0.0, 0.0, 0.0, 0.0, 0.0, 0.0, 0.0, 1.741116422662905E9, 0.0, 2025-03-04 13:27:02.662
246.0, -66643.24601212097, -61994.79842123967, -57587.43674605331, -59170.633157567165, -67327.94700002039, -63766.86707340087, -72438.80748019308, -68279.48311322727, 0.07200000000000001, 0.966, -0.178, 192.0, 0.0, 0.0, 0.0, 0.0, 0.0, 0.0, 0.0, 0.0, 0.0, 1.741116422662932E9, 0.0, 2025-03-04 13:27:02.662
247.0, -66646.732884256, -61957.80628416614, -57593.270551356145, -59169.91790174459, -67331.03154075523, -63764.85541639989, -72441.22146859426, -68255.96907806028, 0.066, 0.964, -0.18, 192.0, 2.0, 16.0, 30.0, 32.0, 250.0, 96.0, 0.0, 0.0, 0.0, 1.741116422662954E9, 0.0, 2025-03-04 13:27:02.662
248.0, -66638.79801497437, -61993.926703205914, -57586.341510575, -59171.16959943409, -67319.76626154975, -63754.37244825035, -72438.18163134833, -68251.69989486932, 0.066, 0.964, -0.18, 192.0, 0.0, 0.0, 0.0, 0.0, 0.0, 0.0, 0.0, 0.0, 0.0, 1.741116422662978E9, 0.0, 2025-03-04 13:27:02.662
249.0, -66642.55310804285, -62038.18315722742, -57591.50476354418, -59183.95479726253, -67326.29297093069, -63762.28496578753, -72450.02805590964, -68267.74844738824, 0.066, 0.964, -0.18, 192.0, 0.0, 0.0, 0.0, 0.0, 0.0, 0.0, 0.0, 0.0, 0.0, 1.741116422662999E9, 0.0, 2025-03-04 13:27:02.662
250.0, -66648.38691334569, -62008.16476442394, -57594.946932190294, -59180.73614606097, -67332.14912797799, -63765.078933844445, -72443.9483814178, -68260.14885427343, 0.066, 0.964, -0.18, 192.0, 0.0, 0.0, 0.0, 0.0, 0.0, 0.0, 0.0, 0.0, 0.0, 1.741116422663024E9, 0.0, 2025-03-04 13:27:02.663
251.0, -66662.26734665243, -61965.40587728094, -57607.463909085265, -59182.881913528676, -67343.32500020564, -63775.71836420517, -72448.17286111985, -68266.74261888774, 0.066, 0.964, -0.18, 192.0, 0.0, 0.0, 0.0, 0.0, 0.0, 0.0, 0.0, 0.0, 0.0, 1.741116422663049E9, 0.0, 2025-03-04 13:27:02.663
252.0, -66661.8873669967, -62003.51560157724, -57606.74865326269, -59188.69336708706, -67340.41927342645, -63770.84568391391, -72451.70443674379, -68264.14981653093, 0.066, 0.964, -0.18, 192.0, 0.0, 0.0, 0.0, 0.0, 0.0, 0.0, 0.0, 0.0, 0.0, 1.74111642266307E9, 0.0, 2025-03-04 13:27:02.663
253.0, -66644.69887551057, -62041.51356715126, -57588.73314723172, -59175.66230006961, -67326.47178488634, -63755.87001512886, -72444.17189886236, -68251.76695010268, 0.066, 0.964, -0.18, 192.0, 0.0, 0.0, 0.0, 0.0, 0.0, 0.0, 0.0, 0.0, 0.0, 1.74111642272222E9, 0.0, 2025-03-04 13:27:02.722
254.0, -66646.46466332253, -62021.329941908116, -57587.459097797764, -59170.67786105608, -67330.3386366771, -63760.407419253286, -72435.38766329142, -68256.59492690503, 0.066, 0.964, -0.18, 192.0, 0.0, 0.0, 0.0, 0.0, 0.0, 0.0, 0.0, 0.0, 0.0, 1.741116422722282E9, 0.0, 2025-03-04 13:27:02.722
255.0, -66655.80769250485, -61962.70131620185, -57593.35995833397, -59165.112276686705, -67342.63209612752, -63769.59398622441, -72437.55578250358, -68268.32959274406, 0.066, 0.964, -0.18, 192.0, 0.0, 0.0, 0.0, 0.0, 0.0, 0.0, 0.0, 0.0, 0.0, 1.741116422722319E9, 0.0, 2025-03-04 13:27:02.722
0.0, -66651.35969535825, -61983.376679823006, -57591.30359784408, -59163.726468530476, -67338.96641003685, -63762.977869865645, -72441.02030289416, -68257.5113484277, 0.066, 0.964, -0.18, 192.0, 0.0, 0.0, 0.0, 0.0, 0.0, 0.0, 0.0, 0.0, 0.0, 1.74111642272234E9, 0.0, 2025-03-04 13:27:02.722
1.0, -66640.36263708623, -62030.71767457935, -57586.274455341634, -59165.5146080869, -67330.51745063275, -63753.254861027584, -72437.10874761447, -68248.74946460122, 0.068, 0.966, -0.184, 192.0, 2.0, 32.0, 30.0, 48.0, 250.0, 64.0, 0.0, 0.0, 0.0, 1.741116422722365E9, 0.0, 2025-03-04 13:27:02.722
2.0, -66624.91758166761, -62017.351331395075, -57573.265740068644, -59151.45536082451, -67319.00630223827, -63741.095512043896, -72429.30798879957, -68250.53760415764, 0.068, 0.966, -0.184, 192.0, 0.0, 0.0, 0.0, 0.0, 0.0, 0.0, 0.0, 0.0, 0.0, 1.741116422722393E9, 0.0, 2025-03-04 13:27:02.722
3.0, -66629.11970962521, -61949.670249184404, -57575.54561800309, -59141.978221175465, -67321.97908425082, -63739.79911086549, -72429.93383764432, -68245.9107930554, 0.068, 0.966, -0.184, 192.0, 0.0, 0.0, 0.0, 0.0, 0.0, 0.0, 0.0, 0.0, 0.0, 1.741116422722414E9, 0.0, 2025-03-04 13:27:02.722
4.0, -66635.19938411706, -61961.494322001265, -57583.10050762898, -59143.63225026515, -67327.41055815347, -63737.36277071986, -72437.28756157012, -68244.6590953659, 0.068, 0.966, -0.184, 192.0, 0.0, 0.0, 0.0, 0.0, 0.0, 0.0, 0.0, 0.0, 0.0, 1.741116422722436E9, 0.0, 2025-03-04 13:27:02.722
5.0, -66626.88453517968, -62020.56998259664, -57582.04997563958, -59156.08217192676, -67324.54953486318, -63736.71457013066, -72442.04848313911, -68249.84470007953, 0.068, 0.966, -0.184, 192.0, 0.0, 0.0, 0.0, 0.0, 0.0, 0.0, 0.0, 0.0, 0.0, 1.741116422722464E9, 0.0, 2025-03-04 13:27:02.722
6.0, -66637.41220681813, -62038.0937502496, -57587.21322860876, -59165.42520110908, -67332.41734891145, -63750.818520881956, -72462.54503280461, -68268.62016542199, 0.068, 0.966, -0.184, 192.0, 0.0, 0.0, 0.0, 0.0, 0.0, 0.0, 0.0, 0.0, 0.0, 1.741116422722484E9, 0.0, 2025-03-04 13:27:02.722
7.0, -66636.78635797338, -61972.22315933981, -57581.4911820282, -59152.684706769556, -67330.83037505513, -63750.05856157048, -72451.9950094217, -68267.1673020324, 0.068, 0.966, -0.184, 192.0, 0.0, 0.0, 0.0, 0.0, 0.0, 0.0, 0.0, 0.0, 0.0, 1.741116422722505E9, 0.0, 2025-03-04 13:27:02.722
8.0, -66648.2304511345, -61967.39518253746, -57591.54946703309, -59162.966509219, -67337.6923606029, -63760.83210239794, -72445.22243085175, -68273.53754920216, 0.068, 0.966, -0.184, 192.0, 0.0, 0.0, 0.0, 0.0, 0.0, 0.0, 0.0, 0.0, 0.0, 1.741116422722525E9, 0.0, 2025-03-04 13:27:02.722
9.0, -66633.12067188272, -62016.61372382805, -57579.63598723841, -59164.821704008784, -67317.75460454877, -63747.6445731693, -72423.47418349674, -68246.17901398886, 0.068, 0.966, -0.184, 192.0, 0.0, 0.0, 0.0, 0.0, 0.0, 0.0, 0.0, 0.0, 0.0, 1.741116422722546E9, 0.0, 2025-03-04 13:27:02.722
10.0, -66619.93314265409, -62030.002418756776, -57566.40375452087, -59153.154093403115, -67306.64578755449, -63735.12759627433, -72422.20013406279, -68233.5055748827, 0.068, 0.966, -0.184, 192.0, 0.0, 0.0, 0.0, 0.0, 0.0, 0.0, 0.0, 0.0, 0.0, 1.74111642272257E9, 0.0, 2025-03-04 13:27:02.722
11.0, -66626.23633459047, -61964.914138902925, -57565.55438823157, -59141.79940721982, -67312.27842715722, -63740.73788413261, -72432.97367489025, -68240.52402264166, 0.064, 0.964, -0.18, 192.0, 2.0, 0.0, 30.0, 32.0, 250.0, 96.0, 0.0, 0.0, 0.0, 1.741116422722591E9, 0.0, 2025-03-04 13:27:02.722
12.0, -66639.42386381912, -61949.69260092886, -57578.42899303782, -59155.545730059835, -67320.48151737232, -63754.37244825035, -72430.58203823352, -68254.67267688188, 0.064, 0.964, -0.18, 192.0, 0.0, 0.0, 0.0, 0.0, 0.0, 0.0, 0.0, 0.0, 0.0, 1.741116422781944E9, 0.0, 2025-03-04 13:27:02.781
13.0, -66629.90202068115, -61998.75468000826, -57570.762344689654, -59157.55738706081, -67308.2327614108, -63746.28111675753, -72424.16708757485, -68248.21302273429, 0.064, 0.964, -0.18, 192.0, 0.0, 0.0, 0.0, 0.0, 0.0, 0.0, 0.0, 0.0, 0.0, 1.741116422782002E9, 0.0, 2025-03-04 13:27:02.782
14.0, -66644.18478538809, -62037.2443839603, -57580.753574461174, -59168.37563137718, -67320.34740690558, -63760.16155006427, -72433.46541326826, -68253.37627570347, 0.064, 0.964, -0.18, 192.0, 0.0, 0.0, 0.0, 0.0, 0.0, 0.0, 0.0, 0.0, 0.0, 1.741116422782024E9, 0.0, 2025-03-04 13:27:02.782
15.0, -66648.45396857905, -61994.060813672644, -57583.36872856245, -59164.88875924215, -67327.87994478703, -63763.51431173257, -72443.85897443998, -68266.00501132071, 0.064, 0.964, -0.18, 192.0, 0.0, 0.0, 0.0, 0.0, 0.0, 0.0, 0.0, 0.0, 0.0, 1.741116422782053E9, 0.0, 2025-03-04 13:27:02.782
16.0, -66643.98361968799, -61948.5750137061, -57580.93238841682, -59151.12008465768, -67327.56702036464, -63755.60179419539, -72455.19130887883, -68269.35777298901, 0.064, 0.964, -0.18, 192.0, 0.0, 0.0, 0.0, 0.0, 0.0, 0.0, 0.0, 0.0, 0.0, 1.741116422782079E9, 0.0, 2025-03-04 13:27:02.782
17.0, -66637.12163414022, -61977.81109545364, -57577.11024011496, -59150.69540151303, -67321.24147668379, -63745.990544079614, -72446.63059075244, -68261.9146420854, 0.064, 0.964, -0.18, 192.0, 0.0, 0.0, 0.0, 0.0, 0.0, 0.0, 0.0, 0.0, 0.0, 1.741116422782103E9, 0.0, 2025-03-04 13:27:02.782
18.0, -66637.72513124051, -62031.32117167964, -57578.78662094911, -59163.25708189692, -67318.64867432698, -63748.024552825045, -72425.28467479761, -68254.94089781534, 0.064, 0.964, -0.18, 192.0, 0.0, 0.0, 0.0, 0.0, 0.0, 0.0, 0.0, 0.0, 0.0, 1.741116422782125E9, 0.0, 2025-03-04 13:27:02.782
19.0, -66637.41220681813, -61996.877133474016, -57574.763306947156, -59152.34943060273, -67317.41932838193, -63748.00220108059, -72430.51498300016, -68258.33836297254, 0.064, 0.964, -0.18, 192.0, 0.0, 0.0, 0.0, 0.0, 0.0, 0.0, 0.0, 0.0, 0.0, 1.741116422782147E9, 0.0, 2025-03-04 13:27:02.782
20.0, -66643.69304701008, -61940.75190314674, -57579.52422851614, -59146.5603287888, -67323.61076159606, -63749.365657492366, -72444.61893375147, -68260.2606129957, 0.064, 0.964, -0.18, 192.0, 0.0, 0.0, 0.0, 0.0, 0.0, 0.0, 0.0, 0.0, 0.0, 1.741116422782175E9, 0.0, 2025-03-04 13:27:02.782
21.0, -66638.06040740733, -61975.039479141175, -57583.01110065116, -59154.629308537165, -67323.14137496249, -63748.292773758505, -72455.45952981229, -68265.44621770934, 0.064, 0.964, -0.18, 192.0, 2.0, 0.0, 30.0, 32.0, 250.0, 96.0, 0.0, 0.0, 0.0, 1.741116422782197E9, 0.0, 2025-03-04 13:27:02.782
22.0, -66631.98073291549, -62023.45335763137, -57572.59518773499, -59157.11035217171, -67310.40088062297, -63742.43661671122, -72434.49359351321, -68269.73775264475, 0.064, 0.964, -0.18, 192.0, 0.0, 0.0, 0.0, 0.0, 0.0, 0.0, 0.0, 0.0, 0.0, 1.74111642278222E9, 0.0, 2025-03-04 13:27:02.782
23.0, -66633.67946549409, -62005.460203344854, -57570.51647550064, -59151.477712568965, -67310.51263934525, -63742.61543066686, -72422.75892767416, -68248.83887157904, 0.064, 0.964, -0.18, 192.0, 0.0, 0.0, 0.0, 0.0, 0.0, 0.0, 0.0, 0.0, 0.0, 1.741116422782242E9, 0.0, 2025-03-04 13:27:02.782
24.0, -66632.6289335047, -61938.96376359031, -57572.237559823705, -59138.44664555152, -67315.38531963651, -63745.18588127922, -72428.86095391047, -68234.08672023854, 0.064, 0.964, -0.18, 192.0, 0.0, 0.0, 0.0, 0.0, 0.0, 0.0, 0.0, 0.0, 0.0, 1.741116422782264E9, 0.0, 2025-03-04 13:27:02.782
25.0, -66620.40252928765, -61952.486568985776, -57569.17537083333, -59136.43498855054, -67305.14822067598, -63737.876860842334, -72414.66759618135, -68224.63193233394, 0.064, 0.964, -0.18, 192.0, 0.0, 0.0, 0.0, 0.0, 0.0, 0.0, 0.0, 0.0, 0.0, 1.741116422782289E9, 0.0, 2025-03-04 13:27:02.782
26.0, -66623.50942176694, -62012.36689238154, -57575.00917613616, -59147.83437822275, -67310.35617713406, -63741.78841612201, -72421.41782300685, -68234.1537754719, 0.064, 0.964, -0.18, 192.0, 0.0, 0.0, 0.0, 0.0, 0.0, 0.0, 0.0, 0.0, 0.0, 1.74111642278231E9, 0.0, 2025-03-04 13:27:02.782
27.0, -66628.85148869175, -62022.49223261979, -57577.84784768199, -59152.863520725194, -67315.27356091423, -63744.180052778735, -72426.37991027594, -68242.69214185383, 0.064, 0.964, -0.18, 192.0, 0.0, 0.0, 0.0, 0.0, 0.0, 0.0, 0.0, 0.0, 0.0, 1.741116422842209E9, 0.0, 2025-03-04 13:27:02.842
28.0, -66629.29852358086, -61951.771313163204, -57575.05387962507, -59136.94907867302, -67315.45237486987, -63743.755369634084, -72432.43723302332, -68246.06725526658, 0.064, 0.964, -0.18, 192.0, 0.0, 0.0, 0.0, 0.0, 0.0, 0.0, 0.0, 0.0, 0.0, 1.741116422842238E9, 0.0, 2025-03-04 13:27:02.842
29.0, -66630.34905557026, -61963.9753656358, -57580.97709190573, -59145.93447994405, -67313.77599403572, -63746.415227224265, -72449.4022070649, -68252.54926115862, 0.064, 0.964, -0.18, 192.0, 0.0, 0.0, 0.0, 0.0, 0.0, 0.0, 0.0, 0.0, 0.0, 1.741116422842259E9, 0.0, 2025-03-04 13:27:02.842
30.0, -66625.36461655672, -62015.27261916073, -57574.405679035866, -59150.09190441274, -67306.35521487656, -63746.079951057436, -72433.91244815737, -68246.26842096668, 0.064, 0.964, -0.18, 192.0, 0.0, 0.0, 0.0, 0.0, 0.0, 0.0, 0.0, 0.0, 0.0, 1.741116422842291E9, 0.0, 2025-03-04 13:27:02.842
31.0, -66625.85635493475, -62028.21427920035, -57569.86827491144, -59152.97527944748, -67304.61177880905, -63751.24320402661, -72415.24874153719, -68244.72615059926, 0.062, 0.97, -0.17400000000000002, 192.0, 1.0, 240.0, 30.0, 80.0, 250.0, 144.0, 0.0, 0.0, 0.0, 1.741116422842318E9, 0.0, 2025-03-04 13:27:02.842
32.0, -66628.04682589136, -61962.678964457395, -57569.644757466885, -59142.49231129794, -67309.8420870116, -63753.70189591669, -72426.93870388731, -68257.93603157235, 0.062, 0.97, -0.17400000000000002, 192.0, 0.0, 0.0, 0.0, 0.0, 0.0, 0.0, 0.0, 0.0, 0.0, 1.741116422842344E9, 0.0, 2025-03-04 13:27:02.842
33.0, -66631.22077360401, -61950.18433930688, -57574.87506566943, -59146.113293899696, -67313.93245624691, -63758.10518957439, -72436.46054702527, -68266.72026714329, 0.062, 0.97, -0.17400000000000002, 192.0, 0.0, 0.0, 0.0, 0.0, 0.0, 0.0, 0.0, 0.0, 0.0, 1.741116422842366E9, 0.0, 2025-03-04 13:27:02.842
34.0, -66630.84079394827, -62007.85184000157, -57579.30071107158, -59159.524340572876, -67314.06656671365, -63754.55126220599, -72439.16510810437, -68262.24991825223, 0.062, 0.97, -0.17400000000000002, 192.0, 0.0, 0.0, 0.0, 0.0, 0.0, 0.0, 0.0, 0.0, 0.0, 1.741116422842387E9, 0.0, 2025-03-04 13:27:02.842
35.0, -66629.09735788076, -62032.97520076933, -57577.53492325961, -59164.6652417976, -67312.85957251306, -63753.03134358303, -72449.02222740915, -68266.9661363323, 0.062, 0.97, -0.17400000000000002, 192.0, 0.0, 0.0, 0.0, 0.0, 0.0, 0.0, 0.0, 0.0, 0.0, 1.741116422842415E9, 0.0, 2025-03-04 13:27:02.842
36.0, -66633.36654107172, -61976.090011130575, -57575.27739706962, -59158.540863816845, -67315.16180219196, -63757.76991340756, -72445.93768667433, -68273.78341839116, 0.062, 0.97, -0.17400000000000002, 192.0, 0.0, 0.0, 0.0, 0.0, 0.0, 0.0, 0.0, 0.0, 0.0, 1.741116422842437E9, 0.0, 2025-03-04 13:27:02.842
37.0, -66626.1245758682, -61947.41272299442, -57574.83036218052, -59150.628346279664, -67315.22885742532, -63754.50655871708, -72433.51011675717, -68269.62599392247, 0.062, 0.97, -0.17400000000000002, 192.0, 0.0, 0.0, 0.0, 0.0, 0.0, 0.0, 0.0, 0.0, 0.0, 1.741116422842458E9, 0.0, 2025-03-04 13:27:02.842
38.0, -66630.81844220382, -61995.55838055115, -57579.501876771676, -59158.85378823922, -67320.52622086123, -63756.94289886271, -72452.91143094438, -68274.40926723591, 0.062, 0.97, -0.17400000000000002, 192.0, 0.0, 0.0, 0.0, 0.0, 0.0, 0.0, 0.0, 0.0, 0.0, 1.741116422842484E9, 0.0, 2025-03-04 13:27:02.842
39.0, -66640.69791325307, -62043.39111368551, -57587.57085652004, -59168.956776733015, -67331.70209308888, -63761.61441345387, -72458.61112578049, -68268.79897937764, 0.062, 0.97, -0.17400000000000002, 192.0, 0.0, 0.0, 0.0, 0.0, 0.0, 0.0, 0.0, 0.0, 0.0, 1.741116422842506E9, 0.0, 2025-03-04 13:27:02.842
40.0, -66637.92629694061, -61998.195886396876, -57580.97709190573, -59157.53503531636, -67327.25409594228, -63756.47351222915, -72448.73165473124, -68266.5638049321, 0.062, 0.97, -0.17400000000000002, 192.0, 0.0, 0.0, 0.0, 0.0, 0.0, 0.0, 0.0, 0.0, 0.0, 1.74111642284253E9, 0.0, 2025-03-04 13:27:02.842
41.0, -66644.76593074393, -61955.615813209515, -57585.514496030155, -59153.019982936385, -67331.92561053344, -63758.66398318577, -72471.53043407566, -68280.04190683865, 0.064, 0.968, -0.176, 192.0, 2.0, 0.0, 30.0, 64.0, 250.0, 128.0, 0.0, 0.0, 0.0, 1.741116422842551E9, 0.0, 2025-03-04 13:27:02.842
42.0, -66644.85533772175, -61998.35234860806, -57585.15686811887, -59162.63123305217, -67323.49900287378, -63756.87584362934, -72448.84341345352, -68286.05452609713, 0.064, 0.968, -0.176, 192.0, 0.0, 0.0, 0.0, 0.0, 0.0, 0.0, 0.0, 0.0, 0.0, 1.741116422902524E9, 0.0, 2025-03-04 13:27:02.902
43.0, -66635.71347423953, -62039.52426189474, -57573.913940657854, -59162.69828828553, -67310.84791551207, -63751.3996662378, -72427.83277366552, -68274.29750851364, 0.064, 0.968, -0.176, 192.0, 0.0, 0.0, 0.0, 0.0, 0.0, 0.0, 0.0, 0.0, 0.0, 1.741116422902568E9, 0.0, 2025-03-04 13:27:02.902
44.0, -66641.83785222028, -62011.36106388105, -57572.03639412361, -59155.56808180429, -67316.36879639255, -63755.288869773016, -72432.88426791242, -68255.70085712682, 0.064, 0.968, -0.176, 192.0, 0.0, 0.0, 0.0, 0.0, 0.0, 0.0, 0.0, 0.0, 0.0, 1.741116422902591E9, 0.0, 2025-03-04 13:27:02.902
45.0, -66635.06527365033, -61951.03370559618, -57562.69336494129, -59142.246442108924, -67306.84695325459, -63746.75050339109, -72429.12917484394, -68260.01474380669, 0.064, 0.968, -0.176, 192.0, 0.0, 0.0, 0.0, 0.0, 0.0, 0.0, 0.0, 0.0, 0.0, 1.741116422902616E9, 0.0, 2025-03-04 13:27:02.902
46.0, -66645.34707609977, -61984.762487979235, -57572.81870517954, -59151.79063699134, -67313.08308995761, -63751.77964589353, -72440.03682613812, -68275.45979922531, 0.064, 0.968, -0.176, 192.0, 0.0, 0.0, 0.0, 0.0, 0.0, 0.0, 0.0, 0.0, 0.0, 1.741116422902637E9, 0.0, 2025-03-04 13:27:02.902
47.0, -66633.23243060498, -62034.7409885813, -57561.329908529515, -59148.32611660077, -67297.4368688389, -63735.48522418562, -72422.0883753405, -68244.59204013253, 0.064, 0.968, -0.176, 192.0, 0.0, 0.0, 0.0, 0.0, 0.0, 0.0, 0.0, 0.0, 0.0, 1.741116422902667E9, 0.0, 2025-03-04 13:27:02.902
48.0, -66633.21007886053, -62018.31245640665, -57563.498027741676, -59141.218261863985, -67304.3882613645, -63734.03236079602, -72439.67919822683, -68254.09153152604, 0.064, 0.968, -0.176, 192.0, 0.0, 0.0, 0.0, 0.0, 0.0, 0.0, 0.0, 0.0, 0.0, 1.741116422902689E9, 0.0, 2025-03-04 13:27:02.902
49.0, -66640.78732023088, -61956.71104868782, -57573.75747844666, -59140.32419208577, -67313.32895914662, -63739.486186443115, -72447.05527389709, -68270.5647671896, 0.064, 0.968, -0.176, 192.0, 0.0, 0.0, 0.0, 0.0, 0.0, 0.0, 0.0, 0.0, 0.0, 1.741116422902711E9, 0.0, 2025-03-04 13:27:02.902
50.0, -66626.5269072684, -61969.89857791646, -57567.9907283772, -59137.99961066242, -67298.75562176175, -63721.89536355679, -72439.47803252673, -68247.63187737846, 0.064, 0.968, -0.176, 192.0, 0.0, 0.0, 0.0, 0.0, 0.0, 0.0, 0.0, 0.0, 0.0, 1.741116422902739E9, 0.0, 2025-03-04 13:27:02.902
51.0, -66633.38889281618, -62021.46405237485, -57576.01500463665, -59153.66818352559, -67302.80128750816, -63728.042093282, -72436.348788303, -68246.06725526658, 0.07, 0.966, -0.176, 192.0, 2.0, 48.0, 30.0, 48.0, 250.0, 128.0, 0.0, 0.0, 0.0, 1.741116422902759E9, 0.0, 2025-03-04 13:27:02.902
52.0, -66634.48412829448, -62032.95284902488, -57577.35610930397, -59155.03163993736, -67301.57194156313, -63731.68542762822, -72422.4907067407, -68248.72711285677, 0.07, 0.966, -0.176, 192.0, 0.0, 0.0, 0.0, 0.0, 0.0, 0.0, 0.0, 0.0, 0.0, 1.741116422902783E9, 0.0, 2025-03-04 13:27:02.902
53.0, -66636.16050912863, -61965.58469123658, -57574.15980984686, -59143.69930549852, -67304.72353753133, -63732.17716600623, -72430.78320393362, -68243.98854303223, 0.07, 0.966, -0.176, 192.0, 0.0, 0.0, 0.0, 0.0, 0.0, 0.0, 0.0, 0.0, 0.0, 1.741116422902805E9, 0.0, 2025-03-04 13:27:02.902
54.0, -66626.81747994632, -61965.45058076985, -57573.86923716894, -59148.16965438958, -67303.5388950752, -63734.121767773846, -72431.2525905672, -68245.32964769956, 0.07, 0.966, -0.176, 192.0, 0.0, 0.0, 0.0, 0.0, 0.0, 0.0, 0.0, 0.0, 0.0, 1.741116422902827E9, 0.0, 2025-03-04 13:27:02.902
55.0, -66626.7280729685, -62015.809061027656, -57569.845923166984, -59150.04720092383, -67299.26971188423, -63732.93712531771, -72426.22344806475, -68247.47541516727, 0.07, 0.966, -0.176, 192.0, 0.0, 0.0, 0.0, 0.0, 0.0, 0.0, 0.0, 0.0, 0.0, 1.741116422902851E9, 0.0, 2025-03-04 13:27:02.902
56.0, -66630.55022127036, -62036.774997326735, -57576.77496394813, -59159.74785801743, -67312.65840681296, -63749.499767959096, -72437.68989297032, -68262.8087118636, 0.07, 0.966, -0.176, 192.0, 0.0, 0.0, 0.0, 0.0, 0.0, 0.0, 0.0, 0.0, 0.0, 1.741116422902872E9, 0.0, 2025-03-04 13:27:02.902
57.0, -66628.51621252492, -61972.245511084264, -57573.33279530201, -59146.06859041078, -67316.5923138371, -63751.444369726705, -72442.62962849493, -68266.18382527636, 0.07, 0.966, -0.176, 192.0, 0.0, 0.0, 0.0, 0.0, 0.0, 0.0, 0.0, 0.0, 0.0, 1.741116422963287E9, 0.0, 2025-03-04 13:27:02.963
58.0, -66616.2227530745, -61952.57597596359, -57563.31921378604, -59134.490386782934, -67305.32703463161, -63737.0945497864, -72432.5489917456, -68254.3597524595, 0.07, 0.966, -0.176, 192.0, 0.0, 0.0, 0.0, 0.0, 0.0, 0.0, 0.0, 0.0, 0.0, 1.741116422963334E9, 0.0, 2025-03-04 13:27:02.963
59.0, -66618.79320368686, -62003.76147076625, -57567.72250744373, -59147.6108607782, -67308.27746489971, -63742.68248590022, -72440.46150928277, -68262.20521476331, 0.07, 0.966, -0.176, 192.0, 0.0, 0.0, 0.0, 0.0, 0.0, 0.0, 0.0, 0.0, 0.0, 1.741116422963356E9, 0.0, 2025-03-04 13:27:02.963
60.0, -66626.57161075731, -62043.011134029766, -57579.27835932712, -59165.872235998184, -67319.22981968282, -63757.83696864093, -72451.12329138795, -68278.3208225156, 0.07, 0.966, -0.176, 192.0, 0.0, 0.0, 0.0, 0.0, 0.0, 0.0, 0.0, 0.0, 0.0, 1.741116422963387E9, 0.0, 2025-03-04 13:27:02.963
61.0, -66629.14206136967, -61989.79163048168, -57580.261836083155, -59161.983032462966, -67320.79444179469, -63761.99439310961, -72439.54508776011, -68280.35483126102, 0.07200000000000001, 0.966, -0.17400000000000002, 192.0, 2.0, 64.0, 30.0, 48.0, 250.0, 144.0, 0.0, 0.0, 0.0, 1.741116422963408E9, 0.0, 2025-03-04 13:27:02.963
62.0, -66619.41905253161, -61956.174606820896, -57572.01404237915, -59149.5107590569, -67308.09865094407, -63748.516291203065, -72422.0883753405, -68250.47054892428, 0.07200000000000001, 0.966, -0.17400000000000002, 192.0, 0.0, 0.0, 0.0, 0.0, 0.0, 0.0, 0.0, 0.0, 0.0, 1.741116422963441E9, 0.0, 2025-03-04 13:27:02.963
63.0, -66622.0789101218, -62003.96263646634, -57576.01500463665, -59157.915014972095, -67309.77503177822, -63754.19363429471, -72433.89009641291, -68269.78245613366, 0.07200000000000001, 0.966, -0.17400000000000002, 192.0, 0.0, 0.0, 0.0, 0.0, 0.0, 0.0, 0.0, 0.0, 0.0, 1.741116422963462E9, 0.0, 2025-03-04 13:27:02.963
64.0, -66630.81844220382, -62051.50479692278, -57577.6913854708, -59168.93442498856, -67309.35034863357, -63762.44142799872, -72432.63839872341, -68283.72994467377, 0.07200000000000001, 0.966, -0.17400000000000002, 192.0, 0.0, 0.0, 0.0, 0.0, 0.0, 0.0, 0.0, 0.0, 0.0, 1.741116422963483E9, 0.0, 2025-03-04 13:27:02.963
65.0, -66637.52396554041, -62011.31636039214, -57572.59518773499, -59164.553483075324, -67309.2385899113, -63766.24122455612, -72436.90758191438, -68272.2634997682, 0.07200000000000001, 0.966, -0.17400000000000002, 192.0, 0.0, 0.0, 0.0, 0.0, 0.0, 0.0, 0.0, 0.0, 0.0, 1.741116422963509E9, 0.0, 2025-03-04 13:27:02.963
66.0, -66647.7834162454, -61974.7265547188, -57580.79827795009, -59165.604015064724, -67318.11223246006, -63776.38891653883, -72452.75496873319, -68273.49284571325, 0.07200000000000001, 0.966, -0.17400000000000002, 192.0, 0.0, 0.0, 0.0, 0.0, 0.0, 0.0, 0.0, 0.0, 0.0, 1.741116422963534E9, 0.0, 2025-03-04 13:27:02.963
67.0, -66639.1779946301, -62007.762433023745, -57575.56796974754, -59165.08992494225, -67307.5398573327, -63769.61633796887, -72425.59759922, -68264.48509269775, 0.07200000000000001, 0.966, -0.17400000000000002, 192.0, 0.0, 0.0, 0.0, 0.0, 0.0, 0.0, 0.0, 0.0, 0.0, 1.741116422963556E9, 0.0, 2025-03-04 13:27:02.963
68.0, -66636.33932308428, -62048.57671839914, -57572.081097612514, -59167.906244743615, -67308.09865094407, -63768.789323424025, -72425.66465445336, -68270.07302881159, 0.07200000000000001, 0.966, -0.17400000000000002, 192.0, 0.0, 0.0, 0.0, 0.0, 0.0, 0.0, 0.0, 0.0, 0.0, 1.741116422963578E9, 0.0, 2025-03-04 13:27:02.963
69.0, -66631.13136662618, -62015.27261916073, -57566.96254813225, -59156.28333762686, -67307.5398573327, -63762.910814632276, -72438.62866623743, -68272.6658311684, 0.07200000000000001, 0.966, -0.17400000000000002, 192.0, 0.0, 0.0, 0.0, 0.0, 0.0, 0.0, 0.0, 0.0, 0.0, 1.741116422963599E9, 0.0, 2025-03-04 13:27:02.963
70.0, -66631.39958755966, -61947.27861252768, -57565.15205683137, -59141.84411070873, -67310.7361567898, -63754.797131395004, -72446.09414888552, -68265.15564503141, 0.07200000000000001, 0.966, -0.17400000000000002, 192.0, 0.0, 0.0, 0.0, 0.0, 0.0, 0.0, 0.0, 0.0, 0.0, 1.741116422963623E9, 0.0, 2025-03-04 13:27:02.963
71.0, -66632.31600908232, -61969.58565349408, -57567.00725162116, -59144.973354932474, -67312.61370332405, -63747.93514584722, -72430.67144521135, -68253.86801408148, 0.07, 0.968, -0.17400000000000002, 192.0, 2.0, 48.0, 30.0, 64.0, 250.0, 144.0, 0.0, 0.0, 0.0, 1.741116422963644E9, 0.0, 2025-03-04 13:27:02.963
72.0, -66615.86512516321, -62013.506831348765, -57555.71962067123, -59141.642945008636, -67298.62151129503, -63731.68542762822, -72418.60150320549, -68246.22371747777, 0.07, 0.968, -0.17400000000000002, 192.0, 0.0, 0.0, 0.0, 0.0, 0.0, 0.0, 0.0, 0.0, 0.0, 1.741116423023116E9, 0.0, 2025-03-04 13:27:03.023
73.0, -66616.20040133005, -62000.74398526478, -57557.17248406083, -59137.26200309539, -67301.4825345853, -63730.43372993872, -72431.6996254563, -68253.86801408148, 0.07, 0.968, -0.17400000000000002, 192.0, 0.0, 0.0, 0.0, 0.0, 0.0, 0.0, 0.0, 0.0, 0.0, 1.741116423023177E9, 0.0, 2025-03-04 13:27:03.023
74.0, -66631.19842185956, -61943.43411248137, -57574.94212090279, -59140.68181999706, -67322.76139530676, -63744.02359056754, -72454.54310828961, -68271.25767126771, 0.07, 0.968, -0.17400000000000002, 192.0, 0.0, 0.0, 0.0, 0.0, 0.0, 0.0, 0.0, 0.0, 0.0, 1.741116423023199E9, 0.0, 2025-03-04 13:27:03.023
75.0, -66628.11388112472, -61961.44961851235, -57580.95474016127, -59147.67791601157, -67321.46499412836, -63737.385122464315, -72454.83368096754, -68271.07885731207, 0.07, 0.968, -0.17400000000000002, 192.0, 0.0, 0.0, 0.0, 0.0, 0.0, 0.0, 0.0, 0.0, 0.0, 1.741116423023224E9, 0.0, 2025-03-04 13:27:03.023
76.0, -66633.07596839381, -62015.116156949545, -57587.28028384213, -59160.306651628816, -67325.17538370793, -63737.4968811866, -72456.84533796851, -68270.85533986751, 0.07, 0.968, -0.17400000000000002, 192.0, 0.0, 0.0, 0.0, 0.0, 0.0, 0.0, 0.0, 0.0, 0.0, 1.741116423023246E9, 0.0, 2025-03-04 13:27:03.023
77.0, -66643.87186096572, -62036.395017671, -57601.0936619155, -59180.17735244958, -67337.647657114, -63754.12657906134, -72466.68010552885, -68281.7182876728, 0.07, 0.968, -0.17400000000000002, 192.0, 0.0, 0.0, 0.0, 0.0, 0.0, 0.0, 0.0, 0.0, 0.0, 1.741116423023274E9, 0.0, 2025-03-04 13:27:03.023
78.0, -66635.28879109488, -61970.52442676121, -57594.76811823465, -59160.79839000683, -67330.7409680773, -63747.93514584722, -72462.72384676026, -68275.77272364768, 0.07, 0.968, -0.17400000000000002, 192.0, 0.0, 0.0, 0.0, 0.0, 0.0, 0.0, 0.0, 0.0, 0.0, 1.741116423023299E9, 0.0, 2025-03-04 13:27:03.023
79.0, -66637.12163414022, -61965.674098214404, -57598.27734211414, -59159.300823128324, -67327.96935176484, -63744.448273712194, -72470.52460557516, -68273.33638350206, 0.07, 0.968, -0.17400000000000002, 192.0, 0.0, 0.0, 0.0, 0.0, 0.0, 0.0, 0.0, 0.0, 0.0, 1.74111642302332E9, 0.0, 2025-03-04 13:27:03.023
80.0, -66640.09441615277, -62022.51458436425, -57600.6466270264, -59172.868332012695, -67322.06849122864, -63743.17422427824, -72447.59171576402, -68264.08276129756, 0.07, 0.968, -0.17400000000000002, 192.0, 0.0, 0.0, 0.0, 0.0, 0.0, 0.0, 0.0, 0.0, 0.0, 1.741116423023342E9, 0.0, 2025-03-04 13:27:03.023
81.0, -66635.86993645072, -62041.29004970671, -57590.767155977155, -59169.381459877666, -67312.8372207686, -63737.85450909788, -72426.46931725375, -68255.65615363792, 0.068, 0.964, -0.186, 192.0, 2.0, 32.0, 30.0, 32.0, 250.0, 48.0, 0.0, 0.0, 0.0, 1.741116423023368E9, 0.0, 2025-03-04 13:27:03.023
82.0, -66651.8290819918, -61984.002528667756, -57597.897362458396, -59171.34841338974, -67324.14720346298, -63751.98081159363, -72440.86384068297, -68268.866034611, 0.068, 0.964, -0.186, 192.0, 0.0, 0.0, 0.0, 0.0, 0.0, 0.0, 0.0, 0.0, 0.0, 1.741116423023391E9, 0.0, 2025-03-04 13:27:03.023
83.0, -66639.22269811902, -61963.304813302144, -57592.46588855576, -59167.95094823253, -67315.7876510367, -63747.890442358315, -72434.6500557244, -68263.38985721944, 0.068, 0.964, -0.186, 192.0, 0.0, 0.0, 0.0, 0.0, 0.0, 0.0, 0.0, 0.0, 0.0, 1.741116423023412E9, 0.0, 2025-03-04 13:27:03.023
84.0, -66632.47247129351, -62006.75660452326, -57586.18504836381, -59167.056878454314, -67310.37852887851, -63742.704837644684, -72438.53925925962, -68262.22756650778, 0.068, 0.964, -0.186, 192.0, 0.0, 0.0, 0.0, 0.0, 0.0, 0.0, 0.0, 0.0, 0.0, 1.741116423023434E9, 0.0, 2025-03-04 13:27:03.023
85.0, -66645.61529703323, -62044.888680564014, -57594.321083345545, -59179.68561407157, -67320.32505516113, -63750.72911390413, -72456.57711703505, -68273.5151974577, 0.068, 0.964, -0.186, 192.0, 0.0, 0.0, 0.0, 0.0, 0.0, 0.0, 0.0, 0.0, 0.0, 1.741116423023456E9, 0.0, 2025-03-04 13:27:03.023
86.0, -66651.87378548071, -61998.35234860806, -57594.388138578914, -59178.83624778227, -67324.43777614091, -63756.831140140435, -72443.45664303978, -68277.80673239312, 0.068, 0.964, -0.186, 192.0, 0.0, 0.0, 0.0, 0.0, 0.0, 0.0, 0.0, 0.0, 0.0, 1.74111642302348E9, 0.0, 2025-03-04 13:27:03.023
87.0, -66645.10120691075, -61961.919005145915, -57589.984844921215, -59173.09184945725, -67319.96742724984, -63753.36661974986, -72433.04073012361, -68282.14297081745, 0.068, 0.964, -0.186, 192.0, 0.0, 0.0, 0.0, 0.0, 0.0, 0.0, 0.0, 0.0, 0.0, 1.741116423082524E9, 0.0, 2025-03-04 13:27:03.082
88.0, -66624.55995375632, -61992.71970900532, -57576.32792905902, -59166.54278833185, -67307.7410230328, -63741.00610506608, -72426.82694516504, -68277.82908413757, 0.068, 0.964, -0.186, 192.0, 0.0, 0.0, 0.0, 0.0, 0.0, 0.0, 0.0, 0.0, 0.0, 1.741116423082572E9, 0.0, 2025-03-04 13:27:03.082
89.0, -66633.2771340939, -62037.11027349356, -57578.026661637625, -59174.81293378031, -67310.5349910897, -63742.39191322231, -72431.14083184491, -68267.12259854349, 0.068, 0.964, -0.186, 192.0, 0.0, 0.0, 0.0, 0.0, 0.0, 0.0, 0.0, 0.0, 0.0, 1.741116423082594E9, 0.0, 2025-03-04 13:27:03.082
90.0, -66639.49091905248, -62001.32513062062, -57579.233655838216, -59174.92469250259, -67317.17345919293, -63746.52698594654, -72447.72582623074, -68264.5074444422, 0.07200000000000001, 0.966, -0.18, 192.0, 2.0, 64.0, 30.0, 48.0, 250.0, 96.0, 0.0, 0.0, 0.0, 1.741116423082616E9, 0.0, 2025-03-04 13:27:03.082
91.0, -66633.54535502737, -61949.73730441777, -57573.66807146884, -59160.75368651792, -67311.51846784574, -63742.19074752221, -72433.93479990182, -68270.07302881159, 0.07200000000000001, 0.966, -0.18, 192.0, 0.0, 0.0, 0.0, 0.0, 0.0, 0.0, 0.0, 0.0, 0.0, 1.741116423082643E9, 0.0, 2025-03-04 13:27:03.082
92.0, -66628.31504682482, -61979.174551865406, -57571.812876679054, -59162.69828828553, -67310.55734283416, -63739.50853818757, -72422.66952069635, -68275.97388934778, 0.07200000000000001, 0.966, -0.18, 192.0, 0.0, 0.0, 0.0, 0.0, 0.0, 0.0, 0.0, 0.0, 0.0, 1.741116423082667E9, 0.0, 2025-03-04 13:27:03.082
93.0, -66634.23825910548, -62028.90718327847, -57578.78662094911, -59176.10933495872, -67319.11806096054, -63741.743712633106, -72433.1524888459, -68247.38600818945, 0.07200000000000001, 0.966, -0.18, 192.0, 0.0, 0.0, 0.0, 0.0, 0.0, 0.0, 0.0, 0.0, 0.0, 1.741116423082692E9, 0.0, 2025-03-04 13:27:03.082
94.0, -66631.82427070431, -62004.23085739981, -57576.90907441486, -59165.13462843116, -67320.03448248321, -63737.42982595323, -72443.68016048433, -68252.86218558099, 0.07200000000000001, 0.966, -0.18, 192.0, 0.0, 0.0, 0.0, 0.0, 0.0, 0.0, 0.0, 0.0, 0.0, 1.741116423082714E9, 0.0, 2025-03-04 13:27:03.082
95.0, -66641.70374175355, -61944.93167935988, -57586.49797278619, -59160.79839000683, -67330.42804365493, -63745.69997140169, -72451.63738151043, -68260.84175835154, 0.07200000000000001, 0.966, -0.18, 192.0, 0.0, 0.0, 0.0, 0.0, 0.0, 0.0, 0.0, 0.0, 0.0, 1.741116423082739E9, 0.0, 2025-03-04 13:27:03.082
96.0, -66639.66973300812, -61974.145409362965, -57590.29776934359, -59167.23569240996, -67326.69530233089, -63745.655267912785, -72440.66267498287, -68257.91367982789, 0.07200000000000001, 0.966, -0.18, 192.0, 0.0, 0.0, 0.0, 0.0, 0.0, 0.0, 0.0, 0.0, 0.0, 1.741116423082768E9, 0.0, 2025-03-04 13:27:03.082
97.0, -66638.28392485189, -62025.71088382136, -57593.44936531179, -59174.410602380114, -67325.24243894129, -63748.00220108059, -72443.0990151285, -68276.80090389262, 0.07200000000000001, 0.966, -0.18, 192.0, 0.0, 0.0, 0.0, 0.0, 0.0, 0.0, 0.0, 0.0, 0.0, 1.741116423082789E9, 0.0, 2025-03-04 13:27:03.082
98.0, -66645.50353831095, -62020.43587212991, -57602.077138671535, -59175.14820994714, -67331.90325878898, -63754.864186628365, -72441.57909650553, -68276.68914517036, 0.07200000000000001, 0.966, -0.18, 192.0, 0.0, 0.0, 0.0, 0.0, 0.0, 0.0, 0.0, 0.0, 0.0, 1.741116423082811E9, 0.0, 2025-03-04 13:27:03.082
99.0, -66648.81159649034, -61961.80724642364, -57604.602885794986, -59168.73325928846, -67332.10442448908, -63750.550299948496, -72443.92602967334, -68252.16928150288, 0.07200000000000001, 0.966, -0.18, 192.0, 0.0, 0.0, 0.0, 0.0, 0.0, 0.0, 0.0, 0.0, 0.0, 1.741116423082833E9, 0.0, 2025-03-04 13:27:03.082
100.0, -66639.98265743049, -61970.233854083286, -57598.366749091954, -59162.85475049672, -67318.62632258252, -63738.05567479798, -72425.3964335199, -68246.60369713351, 0.07200000000000001, 0.968, -0.182, 192.0, 2.0, 64.0, 30.0, 64.0, 250.0, 80.0, 0.0, 0.0, 0.0, 1.741116423082854E9, 0.0, 2025-03-04 13:27:03.082
101.0, -66632.02543640441, -62019.63120932951, -57588.934312931815, -59166.31927088729, -67305.46114509835, -63728.19855549319, -72409.32552925653, -68243.1615284874, 0.07200000000000001, 0.968, -0.182, 192.0, 0.0, 0.0, 0.0, 0.0, 0.0, 0.0, 0.0, 0.0, 0.0, 1.74111642308288E9, 0.0, 2025-03-04 13:27:03.082
102.0, -66634.75234922796, -62028.527203622725, -57592.42118506684, -59170.85667501172, -67311.5855230791, -63731.68542762822, -72427.07281435405, -68256.50551992722, 0.07200000000000001, 0.968, -0.182, 192.0, 0.0, 0.0, 0.0, 0.0, 0.0, 0.0, 0.0, 0.0, 0.0, 1.741116423142378E9, 0.0, 2025-03-04 13:27:03.142
103.0, -66655.89709948267, -61968.40101103795, -57610.72726377574, -59175.55054134734, -67332.95379077838, -63746.28111675753, -72451.88325069944, -68272.4199619794, 0.07200000000000001, 0.968, -0.182, 192.0, 0.0, 0.0, 0.0, 0.0, 0.0, 0.0, 0.0, 0.0, 0.0, 1.741116423142424E9, 0.0, 2025-03-04 13:27:03.142
104.0, -66642.70957025404, -61962.70131620185, -57604.044092183605, -59169.314404644305, -67320.03448248321, -63731.461910183665, -72433.53246850162, -68256.99725830523, 0.07200000000000001, 0.968, -0.182, 192.0, 0.0, 0.0, 0.0, 0.0, 0.0, 0.0, 0.0, 0.0, 0.0, 1.741116423142451E9, 0.0, 2025-03-04 13:27:03.142
105.0, -66630.01377940342, -62008.90237199097, -57594.90222870139, -59169.5155703444, -67310.64674981197, -63720.263686211554, -72429.1515265884, -68249.79999659062, 0.07200000000000001, 0.968, -0.182, 192.0, 0.0, 0.0, 0.0, 0.0, 0.0, 0.0, 0.0, 0.0, 0.0, 1.741116423142473E9, 0.0, 2025-03-04 13:27:03.142
106.0, -66637.45691030704, -62031.969372268846, -57601.60775203798, -59180.42322163859, -67320.63797958351, -63728.4891281711, -72441.86966918346, -68257.17607226087, 0.07200000000000001, 0.968, -0.182, 192.0, 0.0, 0.0, 0.0, 0.0, 0.0, 0.0, 0.0, 0.0, 0.0, 1.741116423142498E9, 0.0, 2025-03-04 13:27:03.142
107.0, -66639.80384347485, -61972.87135992901, -57599.01494968116, -59169.40381162213, -67324.43777614091, -63727.79622409299, -72440.61797149396, -68258.24895599473, 0.07200000000000001, 0.968, -0.182, 192.0, 0.0, 0.0, 0.0, 0.0, 0.0, 0.0, 0.0, 0.0, 0.0, 1.741116423142524E9, 0.0, 2025-03-04 13:27:03.142
108.0, -66635.82523296181, -61949.804359651134, -57597.58443803602, -59160.97720396247, -67321.12971796152, -63721.49303215659, -72437.95811390378, -68253.10805477001, 0.07200000000000001, 0.968, -0.182, 192.0, 0.0, 0.0, 0.0, 0.0, 0.0, 0.0, 0.0, 0.0, 0.0, 1.741116423142549E9, 0.0, 2025-03-04 13:27:03.142
109.0, -66645.34707609977, -62005.21433415584, -57605.519307317656, -59173.94121574655, -67328.12581397603, -63730.45608168317, -72450.36333207648, -68268.24018576625, 0.07200000000000001, 0.968, -0.182, 192.0, 0.0, 0.0, 0.0, 0.0, 0.0, 0.0, 0.0, 0.0, 0.0, 1.741116423142572E9, 0.0, 2025-03-04 13:27:03.142
110.0, -66646.44231157808, -62042.921727051944, -57600.199592137295, -59177.65160532613, -67323.83427904062, -63726.9915612926, -72448.66459949788, -68268.64251716645, 0.076, 0.97, -0.176, 192.0, 2.0, 96.0, 30.0, 80.0, 250.0, 128.0, 0.0, 0.0, 0.0, 1.741116423142594E9, 0.0, 2025-03-04 13:27:03.142
111.0, -66644.76593074393, -61993.50202006126, -57595.12574614594, -59168.64385231064, -67320.14624120548, -63728.91381131575, -72444.95420991829, -68258.02543855018, 0.076, 0.97, -0.176, 192.0, 0.0, 0.0, 0.0, 0.0, 0.0, 0.0, 0.0, 0.0, 0.0, 1.741116423142625E9, 0.0, 2025-03-04 13:27:03.142
112.0, -66648.74454125698, -61955.70522018734, -57596.8915339579, -59163.927634230575, -67320.36975865003, -63734.099416029385, -72426.13404108692, -68252.70572336981, 0.076, 0.97, -0.176, 192.0, 0.0, 0.0, 0.0, 0.0, 0.0, 0.0, 0.0, 0.0, 0.0, 1.741116423142646E9, 0.0, 2025-03-04 13:27:03.142
113.0, -66638.93212544109, -61992.76441249424, -57587.07911814203, -59156.64096553814, -67309.52916258921, -63716.10626174287, -72418.06506133855, -68224.67663582285, 0.076, 0.97, -0.176, 192.0, 0.0, 0.0, 0.0, 0.0, 0.0, 0.0, 0.0, 0.0, 0.0, 1.741116423142668E9, 0.0, 2025-03-04 13:27:03.142
114.0, -66629.79026195887, -62030.5388606237, -57579.81480119405, -59156.864482982695, -67304.16474391994, -63713.71462508615, -72417.32745377153, -68227.4482521353, 0.076, 0.97, -0.176, 192.0, 0.0, 0.0, 0.0, 0.0, 0.0, 0.0, 0.0, 0.0, 0.0, 1.741116423142689E9, 0.0, 2025-03-04 13:27:03.142
115.0, -66628.29269508037, -61986.52827579121, -57575.54561800309, -59146.67208751108, -67303.29302588619, -63719.61548562235, -72414.64524443689, -68245.37435118847, 0.076, 0.97, -0.176, 192.0, 0.0, 0.0, 0.0, 0.0, 0.0, 0.0, 0.0, 0.0, 0.0, 1.74111642314271E9, 0.0, 2025-03-04 13:27:03.142
116.0, -66633.97003817202, -61935.05220831063, -57581.2900163281, -59144.928651443566, -67308.88096200001, -63728.377369448826, -72417.75213691618, -68255.16441525989, 0.076, 0.97, -0.176, 192.0, 0.0, 0.0, 0.0, 0.0, 0.0, 0.0, 0.0, 0.0, 0.0, 1.741116423142734E9, 0.0, 2025-03-04 13:27:03.142
