0.000000	-8704.193974	-27336.876373	-34168.642362	-33412.952234	-39340.143125	3208.861137	-21643.060046	12949.013764	0.000000	0.000000	0.000000	0.000000	0.000000	0.000000	0.000000	0.000000	0.000000	0.000000	0.000000	192.000000	0.000000	0.000000	0.000000	0.000000	0.000000	0.000000	0.000000	0.000000	0.000000	1741810913.638515	0.000000
224.000000	-8711.257125	-27335.199992	-34164.864917	-33421.065917	-39341.685395	3203.206146	-21657.476921	12923.465720	-19205.267037	-28475.161311	-33153.873164	-2318.367638	-42267.349931	-21675.179502	-3490.582525	14414.774110	0.000000	0.000000	0.000000	192.000000	0.000000	0.000000	0.000000	0.000000	0.000000	0.000000	0.000000	0.000000	0.000000	1741810913.638575	0.000000
226.000000	-8696.706140	-27323.666492	-34158.606429	-33406.202007	-39329.682509	3210.291649	-21638.097958	12952.880615	-19200.416708	-28473.954317	-33148.352283	-2319.686391	-42265.584143	-21667.736371	-3532.939080	14407.889772	0.000000	0.000000	0.000000	192.000000	0.000000	0.000000	0.000000	0.000000	0.000000	0.000000	0.000000	0.000000	0.000000	1741810913.638609	0.000000
228.000000	-8702.338779	-27336.049358	-34155.611295	-33408.817161	-39333.817581	3214.314963	-21652.090150	12926.058522	-19201.333130	-28473.373171	-33146.027702	-2313.293792	-42263.192506	-21670.887967	-3470.823583	14425.234726	-0.008000	0.485000	-0.090000	192.000000	127.500000	64.000000	15.000000	40.000000	125.000000	48.000000	0.000000	0.000000	0.000000	1741810913.638641	0.000000
230.000000	-8693.733358	-27327.734509	-34151.140946	-33395.897853	-39327.827314	3220.461693	-21633.001761	12951.517159	-19198.829734	-28464.588936	-33138.919847	-2312.332667	-42252.038986	-21658.750970	-3534.570758	14410.236706	-0.008000	0.485000	-0.090000	192.000000	0.000000	0.000000	0.000000	0.000000	0.000000	0.000000	0.000000	0.000000	0.000000	1741810913.638677	0.000000
232.000000	-8696.840250	-27322.280684	-34152.012664	-33397.529530	-39326.709727	3225.133207	-21637.337999	12940.587156	-19205.199981	-28463.694866	-33141.400891	-2298.765159	-42258.386881	-21660.203834	-3472.298798	14433.035485	-0.008000	0.485000	-0.090000	192.000000	0.000000	0.000000	0.000000	0.000000	0.000000	0.000000	0.000000	0.000000	0.000000	1741810913.638736	0.000000
234.000000	-8691.587590	-27320.112565	-34151.386815	-33390.645193	-39325.592139	3221.132245	-21623.792842	12954.646403	-19191.274845	-28454.776520	-33135.522382	-2300.486243	-42251.815468	-21654.258270	-3534.101371	14407.643903	-0.008000	0.485000	-0.090000	192.000000	0.000000	0.000000	0.000000	0.000000	0.000000	0.000000	0.000000	0.000000	0.000000	1741810913.638769	0.000000
236.000000	-8683.764480	-27309.115506	-34135.092394	-33376.608297	-39308.426000	3238.723068	-21613.913371	12946.286851	-19182.959996	-28449.926192	-33126.782850	-2289.779757	-42244.551151	-21642.903583	-3470.443603	14432.856671	-0.008000	0.485000	-0.090000	192.000000	0.000000	0.000000	0.000000	0.000000	0.000000	0.000000	0.000000	0.000000	0.000000	1741810913.638802	0.000000
238.000000	-8682.825706	-27314.614035	-34141.015606	-33380.162225	-39312.672831	3230.698792	-21609.487725	12962.782438	-19183.228217	-28447.266334	-33122.781887	-2298.496938	-42240.237265	-21639.997857	-3532.469694	14414.952924	-0.009000	0.727500	-0.135000	192.000000	127.500000	88.000000	15.000000	40.000000	125.000000	48.000000	0.000000	0.000000	0.000000	1741810913.638835	0.000000
0.000000	-4369.721338	-13718.338456	-17020.562830	-16684.482000	-19595.304977	1567.214914	-10718.980219	7300.280905	-9599.671912	-14236.340134	-16572.075078	-1155.071098	-21130.065159	-10831.722418	-1724.772361	7218.495872	-0.024000	0.966000	-0.190000	192.000000	127.500000	32.000000	15.000000	24.000000	125.000000	8.000000	0.000000	0.000000	0.000000	1741810913.783527	0.000000
2.000000	-8753.077239	-27443.449490	-34040.946846	-33378.821120	-39192.196929	3128.238395	-21456.288869	14554.114885	-19405.918647	-28413.112868	-33099.714887	-2149.835485	-42259.750338	-21658.616860	-3413.178434	14218.548145	-0.024000	0.966000	-0.190000	192.000000	0.000000	0.000000	0.000000	0.000000	0.000000	0.000000	0.000000	0.000000	0.000000	1741810913.783625	0.000000
4.000000	-8749.590367	-27443.225973	-34044.344311	-33376.630649	-39186.743103	3121.577575	-21441.626125	14581.272254	-19410.768975	-28411.101211	-33097.479713	-2146.683889	-42252.798945	-21660.069723	-3456.585521	14206.657017	-0.024000	0.966000	-0.190000	192.000000	0.000000	0.000000	0.000000	0.000000	0.000000	0.000000	0.000000	0.000000	0.000000	1741810913.783671	0.000000
6.000000	-8748.137504	-27443.203621	-34037.303512	-33380.542204	-39180.819891	3128.752485	-21448.041075	14541.329687	-19410.947789	-28414.565732	-33100.608957	-2150.416631	-42258.073957	-21672.541997	-3407.299925	14208.601619	-0.024000	0.966000	-0.190000	192.000000	0.000000	0.000000	0.000000	0.000000	0.000000	0.000000	0.000000	0.000000	0.000000	1741810913.783704	0.000000
8.000000	-8749.880940	-27451.339656	-34051.988608	-33381.972716	-39190.654658	3116.034343	-21439.949744	14574.589083	-19407.192696	-28410.073031	-33096.026849	-2148.472029	-42252.128393	-21662.282546	-3456.943149	14204.131270	-0.034000	0.964000	-0.190000	192.000000	127.000000	120.000000	15.000000	16.000000	125.000000	8.000000	0.000000	0.000000	0.000000	1741810913.783737	0.000000
10.000000	-8757.726402	-27441.191964	-34049.820489	-33388.141798	-39188.687705	3117.330744	-21454.143101	14545.285946	-19418.212106	-28416.845610	-33118.982091	-2157.926817	-42266.232343	-21672.653755	-3397.979247	14210.948552	-0.034000	0.964000	-0.190000	192.000000	0.000000	0.000000	0.000000	0.000000	0.000000	0.000000	0.000000	0.000000	0.000000	1741810913.783771	0.000000
12.000000	-8746.148198	-27444.052988	-34046.378320	-33374.507233	-39185.781978	3124.729171	-21437.289886	14555.098361	-19408.176173	-28409.983624	-33101.883006	-2150.349575	-42253.156573	-21660.852034	-3468.275484	14198.208058	-0.034000	0.964000	-0.190000	192.000000	0.000000	0.000000	0.000000	0.000000	0.000000	0.000000	0.000000	0.000000	0.000000	1741810913.783804	0.000000
14.000000	-8750.193864	-27445.304685	-34053.575582	-33386.107789	-39197.717809	3119.141235	-21449.404532	14541.173225	-19414.233496	-28412.665834	-33105.146361	-2147.242683	-42257.202239	-21668.317517	-3406.204689	14224.381950	-0.034000	0.964000	-0.190000	192.000000	0.000000	0.000000	0.000000	0.000000	0.000000	0.000000	0.000000	0.000000	0.000000	1741810913.783850	0.000000
16.000000	-8760.654481	-27451.339656	-34064.103253	-33388.141798	-39196.041429	3115.319087	-21446.074122	14552.282042	-19421.944847	-28421.695938	-33114.087059	-2162.039538	-42267.975780	-21674.531302	-3471.024748	14194.408261	-0.034000	0.964000	-0.190000	192.000000	0.000000	0.000000	0.000000	0.000000	0.000000	0.000000	0.000000	0.000000	0.000000	1741810913.842792	0.000000
18.000000	-8757.726402	-27449.327999	-34062.963314	-33393.930899	-39194.767379	3118.224814	-21453.941936	14551.767951	-19420.782557	-28424.713424	-33121.574893	-2157.971520	-42269.160422	-21677.481732	-3407.791663	14210.255648	-0.034000	0.962000	-0.196000	192.000000	127.000000	120.000000	15.000000	8.000000	124.500000	112.000000	0.000000	0.000000	0.000000	1741810913.842838	0.000000
20.000000	-8751.467914	-27452.189023	-34058.984704	-33384.833739	-39191.392266	3122.270479	-21443.637782	14556.439466	-19419.687321	-28415.973892	-33116.992786	-2165.302892	-42261.225553	-21670.373877	-3475.293931	14183.366499	-0.034000	0.962000	-0.196000	192.000000	0.000000	0.000000	0.000000	0.000000	0.000000	0.000000	0.000000	0.000000	0.000000	1741810913.842874	0.000000
22.000000	-8749.590367	-27451.183194	-34054.916686	-33384.364353	-39189.067684	3126.941994	-21452.801997	14567.972966	-19422.905972	-28422.455898	-33115.092887	-2151.243645	-42259.616227	-21666.439970	-3415.503015	14218.011703	-0.034000	0.962000	-0.196000	192.000000	0.000000	0.000000	0.000000	0.000000	0.000000	0.000000	0.000000	0.000000	0.000000	1741810913.842907	0.000000
24.000000	-8726.903346	-27441.683703	-34045.506602	-33372.160300	-39183.435045	3135.681526	-21448.018723	14560.216911	-19410.679568	-28407.167304	-33104.073477	-2157.457430	-42245.311111	-21662.818988	-3474.198696	14197.246933	-0.034000	0.962000	-0.196000	192.000000	0.000000	0.000000	0.000000	0.000000	0.000000	0.000000	0.000000	0.000000	0.000000	1741810913.842975	0.000000
26.000000	-8746.304661	-27448.411578	-34054.626114	-33381.525681	-39190.989934	3128.461913	-21463.888462	14577.606568	-19411.461879	-28410.050679	-33104.632271	-2136.290328	-42248.619169	-21663.355430	-3411.457349	14234.820215	-0.034000	0.962000	-0.196000	192.000000	0.000000	0.000000	0.000000	0.000000	0.000000	0.000000	0.000000	0.000000	0.000000	1741810913.843016	0.000000
28.000000	-8742.773085	-27453.999514	-34056.905992	-33380.698667	-39193.873309	3128.551320	-21468.001183	14557.512350	-19416.379263	-28409.938921	-33105.749858	-2155.043442	-42253.715367	-21666.127046	-3462.106402	14208.601619	-0.038000	0.966000	-0.194000	192.000000	127.000000	104.000000	15.000000	24.000000	124.500000	120.000000	0.000000	0.000000	0.000000	1741810913.843056	0.000000
30.000000	-8757.905216	-27464.013095	-34070.160576	-33395.182597	-39208.200778	3116.615488	-21476.472494	14576.064298	-19423.576525	-28429.720215	-33116.523399	-2146.683889	-42264.824184	-21684.120200	-3413.871338	14230.036942	-0.038000	0.966000	-0.194000	192.000000	0.000000	0.000000	0.000000	0.000000	0.000000	0.000000	0.000000	0.000000	0.000000	1741810913.903084	0.000000
32.000000	-8750.417382	-27460.839148	-34065.690227	-33388.186501	-39200.668240	3124.930337	-21480.160532	14533.394818	-19425.990513	-28428.915552	-33121.798411	-2171.941360	-42265.226515	-21685.304843	-3459.401841	14196.710491	-0.038000	0.966000	-0.194000	192.000000	0.000000	0.000000	0.000000	0.000000	0.000000	0.000000	0.000000	0.000000	0.000000	1741810913.903144	0.000000
34.000000	-8743.913024	-27460.839148	-34067.858346	-33387.381838	-39201.048219	3125.891462	-21473.320898	14573.359737	-19412.043025	-28414.766898	-33107.448591	-2142.191189	-42253.223628	-21662.796636	-3436.848931	14222.638514	-0.038000	0.966000	-0.194000	192.000000	0.000000	0.000000	0.000000	0.000000	0.000000	0.000000	0.000000	0.000000	0.000000	1741810913.903178	0.000000
36.000000	-8745.879977	-27460.302706	-34066.092559	-33385.347830	-39204.512740	3129.467741	-21481.054602	14540.368562	-19419.799080	-28421.450069	-33120.881989	-2170.600256	-42255.302340	-21671.916148	-3456.183190	14204.645360	-0.038000	0.966000	-0.194000	192.000000	0.000000	0.000000	0.000000	0.000000	0.000000	0.000000	0.000000	0.000000	0.000000	1741810913.903244	0.000000
38.000000	-8745.052963	-27454.290087	-34066.338428	-33381.346867	-39202.635193	3128.931299	-21469.565805	14580.288777	-19408.086766	-28415.280988	-33110.957815	-2141.990023	-42255.592913	-21667.959889	-3441.453390	14227.242974	-0.040000	0.962000	-0.192000	192.000000	127.000000	96.000000	15.000000	8.000000	125.000000	0.000000	0.000000	0.000000	0.000000	1741810913.903277	0.000000
40.000000	-8735.061733	-27447.606915	-34058.023579	-33376.988277	-39197.181368	3135.972099	-21480.182884	14541.262632	-19409.316112	-28408.866037	-33105.794562	-2154.551703	-42247.926265	-21662.975450	-3450.975233	14204.757119	-0.040000	0.962000	-0.192000	192.000000	0.000000	0.000000	0.000000	0.000000	0.000000	0.000000	0.000000	0.000000	0.000000	1741810913.903312	0.000000
42.000000	-8729.205576	-27446.824604	-34056.928343	-33374.328419	-39190.140568	3135.458009	-21465.989526	14581.361661	-19395.994472	-28403.792191	-33101.368916	-2131.149427	-42247.278064	-21660.919089	-3450.550550	14219.509270	-0.040000	0.962000	-0.192000	192.000000	0.000000	0.000000	0.000000	0.000000	0.000000	0.000000	0.000000	0.000000	0.000000	1741810913.903345	0.000000
44.000000	-8737.006335	-27447.428101	-34055.542535	-33380.341039	-39191.772245	3135.368602	-21475.041983	14546.515292	-19399.950731	-28405.088592	-33105.146361	-2144.180494	-42248.999148	-21663.623651	-3437.474780	14209.719206	-0.040000	0.962000	-0.192000	192.000000	0.000000	0.000000	0.000000	0.000000	0.000000	0.000000	0.000000	0.000000	0.000000	1741810913.903378	0.000000
46.000000	-8732.245413	-27444.656485	-34056.615419	-33371.668562	-39194.610917	3133.960442	-21465.497788	14582.747469	-19397.715556	-28402.384031	-33098.485541	-2129.450694	-42243.522971	-21656.851072	-3447.622472	14223.331418	-0.040000	0.962000	-0.192000	192.000000	0.000000	0.000000	0.000000	0.000000	0.000000	0.000000	0.000000	0.000000	0.000000	1741810913.962387	0.000000
48.000000	-8729.540852	-27444.008284	-34048.680550	-33372.294411	-39183.367989	3140.777724	-21469.409343	14533.886556	-19394.273388	-28404.015708	-33103.469980	-2140.917139	-42244.059413	-21658.482749	-3422.365001	14219.062235	-0.044000	0.960000	-0.194000	192.000000	127.000000	80.000000	15.000000	0.000000	124.500000	120.000000	0.000000	0.000000	0.000000	1741810913.962467	0.000000
50.000000	-8725.361076	-27444.097691	-34050.736910	-33372.406169	-39180.194042	3137.514369	-21455.908889	14581.607530	-19387.724327	-28398.248958	-33096.630346	-2130.657688	-42231.654195	-21647.686857	-3451.914007	14221.543279	-0.044000	0.960000	-0.194000	192.000000	0.000000	0.000000	0.000000	0.000000	0.000000	0.000000	0.000000	0.000000	0.000000	1741810913.962504	0.000000
52.000000	-8735.642878	-27466.337677	-34060.996361	-33392.612146	-39194.275641	3126.405552	-21477.768895	14555.076010	-19405.516315	-28409.514238	-33106.979204	-2145.231026	-42239.924340	-21667.088171	-3397.845137	14223.197308	-0.044000	0.960000	-0.194000	192.000000	0.000000	0.000000	0.000000	0.000000	0.000000	0.000000	0.000000	0.000000	0.000000	1741810913.962536	0.000000
54.000000	-8735.933451	-27461.688514	-34065.243192	-33385.861920	-39195.862615	3127.299622	-21467.241224	14584.893237	-19412.333597	-28408.664871	-33116.255178	-2149.656671	-42247.523933	-21666.641136	-3447.622472	14199.504459	-0.044000	0.960000	-0.194000	192.000000	0.000000	0.000000	0.000000	0.000000	0.000000	0.000000	0.000000	0.000000	0.000000	1741810913.962569	0.000000
56.000000	-8740.157931	-27446.601086	-34058.850593	-33383.582042	-39193.873309	3143.191712	-21471.666869	14555.746562	-19402.655292	-28409.648348	-33112.477733	-2144.426363	-42248.507410	-21658.102770	-3408.819843	14208.914543	-0.044000	0.960000	-0.194000	192.000000	0.000000	0.000000	0.000000	0.000000	0.000000	0.000000	0.000000	0.000000	0.000000	1741810913.962601	0.000000
58.000000	-8743.354230	-27467.097636	-34068.215974	-33389.907585	-39201.316440	3127.299622	-21470.661041	14575.281987	-19411.037196	-28412.062336	-33117.462172	-2147.041517	-42251.256675	-21666.350563	-3461.011167	14201.136136	-0.036000	0.958000	-0.196000	192.000000	127.000000	112.000000	14.500000	120.000000	124.500000	112.000000	0.000000	0.000000	0.000000	1741810913.962647	0.000000
60.000000	-8751.289100	-27475.948927	-34075.592050	-33407.096077	-39207.239653	3121.309354	-21482.351003	14541.843777	-19420.179060	-28425.629845	-33129.934446	-2156.786878	-42259.012730	-21677.548787	-3401.220250	14213.697817	-0.036000	0.958000	-0.196000	192.000000	0.000000	0.000000	0.000000	0.000000	0.000000	0.000000	0.000000	0.000000	0.000000	1741810914.023653	0.000000
62.000000	-8741.163759	-27463.789578	-34072.552213	-33395.741391	-39202.925766	3123.991564	-21467.487093	14556.193597	-19422.369530	-28418.320825	-33132.370786	-2162.061889	-42257.939846	-21671.223244	-3466.241475	14188.015662	-0.036000	0.958000	-0.196000	192.000000	0.000000	0.000000	0.000000	0.000000	0.000000	0.000000	0.000000	0.000000	0.000000	1741810914.023715	0.000000
64.000000	-8755.468876	-27471.188005	-34078.967163	-33405.822027	-39215.442743	3116.481378	-21483.334480	14548.459893	-19429.298571	-28423.931113	-33137.042300	-2156.026918	-42267.461689	-21680.901549	-3402.963686	14211.663808	-0.036000	0.958000	-0.196000	192.000000	0.000000	0.000000	0.000000	0.000000	0.000000	0.000000	0.000000	0.000000	0.000000	1741810914.023748	0.000000
66.000000	-8739.375620	-27459.788616	-34068.260678	-33390.555786	-39202.791655	3126.696125	-21461.385067	14554.092533	-19417.832126	-28415.750374	-33128.191010	-2159.424384	-42257.604570	-21671.133837	-3475.651559	14184.662901	-0.036000	0.958000	-0.196000	192.000000	0.000000	0.000000	0.000000	0.000000	0.000000	0.000000	0.000000	0.000000	0.000000	1741810914.023782	0.000000
68.000000	-8745.276480	-27460.637982	-34066.316076	-33396.546053	-39202.724600	3123.745695	-21467.107113	14551.030344	-19417.206278	-28413.895179	-33128.481582	-2149.053174	-42254.050643	-21673.234901	-3415.212442	14209.138061	-0.036000	0.966000	-0.202000	192.000000	127.000000	112.000000	15.000000	24.000000	124.500000	88.000000	0.000000	0.000000	0.000000	1741810914.023846	0.000000
70.000000	-8739.375620	-27461.800273	-34070.719370	-33392.947423	-39204.043353	3120.638802	-21456.579442	14560.529835	-19411.931266	-28405.267406	-33126.313463	-2160.206695	-42248.216837	-21667.088171	-3478.110251	14188.194476	-0.036000	0.966000	-0.202000	192.000000	0.000000	0.000000	0.000000	0.000000	0.000000	0.000000	0.000000	0.000000	0.000000	1741810914.023889	0.000000
72.000000	-8747.936338	-27460.436816	-34065.086730	-33394.512045	-39199.662411	3125.109151	-21465.855416	14574.902007	-19416.558077	-28414.118697	-33133.555428	-2148.896712	-42262.946637	-21675.514779	-3408.842195	14212.893154	-0.036000	0.966000	-0.202000	192.000000	0.000000	0.000000	0.000000	0.000000	0.000000	0.000000	0.000000	0.000000	0.000000	1741810914.023923	0.000000
74.000000	-8742.616623	-27458.335752	-34060.169346	-33392.388629	-39191.481673	3125.153855	-21452.645535	14567.794152	-19419.307341	-28405.088592	-33125.195876	-2161.480744	-42250.988454	-21665.031810	-3463.894542	14188.909732	-0.036000	0.966000	-0.202000	192.000000	0.000000	0.000000	0.000000	0.000000	0.000000	0.000000	0.000000	0.000000	0.000000	1741810914.023956	0.000000
76.000000	-8750.596196	-27457.486386	-34067.903050	-33398.065972	-39197.918975	3120.281174	-21457.384104	14590.011786	-19423.263600	-28413.068165	-33129.085079	-2145.946282	-42256.889314	-21669.457456	-3411.300887	14216.000046	-0.036000	0.966000	-0.202000	192.000000	0.000000	0.000000	0.000000	0.000000	0.000000	0.000000	0.000000	0.000000	0.000000	1741810914.082562	0.000000
78.000000	-8743.488341	-27450.758511	-34060.862250	-33392.299222	-39199.260080	3127.657250	-21457.093532	14570.968100	-19422.503641	-28409.246017	-33129.800335	-2163.917084	-42260.510297	-21670.329174	-3461.279388	14188.820325	-0.036000	0.972000	-0.206000	192.000000	127.000000	112.000000	15.000000	48.000000	124.500000	72.000000	0.000000	0.000000	0.000000	1741810914.082611	0.000000
80.000000	-8743.711858	-27459.274526	-34064.818509	-33390.980469	-39206.949080	3124.080971	-21461.250956	14600.293589	-19413.607647	-28409.469534	-33121.843114	-2139.620738	-42260.175021	-21664.361258	-3422.655573	14217.139985	-0.036000	0.972000	-0.206000	192.000000	0.000000	0.000000	0.000000	0.000000	0.000000	0.000000	0.000000	0.000000	0.000000	1741810914.082683	0.000000
82.000000	-8737.810998	-27445.885831	-34056.123681	-33381.793902	-39200.623536	3133.714573	-21459.284003	14569.582292	-19414.032330	-28403.702784	-33124.033585	-2155.892808	-42255.592913	-21664.115389	-3457.568998	14192.374252	-0.036000	0.972000	-0.206000	192.000000	0.000000	0.000000	0.000000	0.000000	0.000000	0.000000	0.000000	0.000000	0.000000	1741810914.082717	0.000000
84.000000	-8746.461123	-27457.620496	-34070.629963	-33389.549957	-39213.073458	3124.773875	-21456.937070	14608.921362	-19407.639731	-28398.204255	-33116.590454	-2133.116380	-42254.497678	-21659.890909	-3433.250300	14218.905773	-0.036000	0.972000	-0.206000	192.000000	0.000000	0.000000	0.000000	0.000000	0.000000	0.000000	0.000000	0.000000	0.000000	1741810914.082749	0.000000
86.000000	-8738.012163	-27445.684665	-34060.839899	-33382.263289	-39204.132760	3138.900177	-21454.634840	14568.777629	-19415.731062	-28407.927264	-33125.240579	-2156.563360	-42267.819317	-21667.579909	-3457.971329	14190.429651	-0.036000	0.972000	-0.206000	192.000000	0.000000	0.000000	0.000000	0.000000	0.000000	0.000000	0.000000	0.000000	0.000000	1741810914.082782	0.000000
88.000000	-8731.530158	-27442.287200	-34063.365646	-33378.843472	-39203.372801	3138.363735	-21448.890442	14607.244981	-19399.526048	-28393.063354	-33109.683765	-2124.801531	-42252.530724	-21652.246613	-3450.103515	14211.775567	-0.034000	0.962000	-0.210000	192.000000	127.000000	120.000000	15.000000	8.000000	124.500000	56.000000	0.000000	0.000000	0.000000	1741810914.082821	0.000000
90.000000	-8730.524329	-27442.398958	-34054.916686	-33379.871652	-39194.432103	3144.242244	-21447.750503	14569.626995	-19407.527972	-28394.404458	-33116.478695	-2146.840351	-42250.742585	-21651.531357	-3452.316338	14195.212924	-0.034000	0.962000	-0.210000	192.000000	0.000000	0.000000	0.000000	0.000000	0.000000	0.000000	0.000000	0.000000	0.000000	1741810914.142780	0.000000
92.000000	-8744.449466	-27453.664238	-34069.557079	-33391.606318	-39206.189121	3129.177169	-21453.293735	14608.250810	-19403.169382	-28404.172171	-33114.467038	-2138.413744	-42254.028291	-21657.946307	-3454.640920	14213.071968	-0.034000	0.962000	-0.210000	192.000000	0.000000	0.000000	0.000000	0.000000	0.000000	0.000000	0.000000	0.000000	0.000000	1741810914.142861	0.000000
94.000000	-8738.123922	-27449.327999	-34064.662047	-33393.103885	-39201.718772	3135.480360	-21458.792264	14561.602719	-19407.595027	-28404.999185	-33118.289187	-2152.428288	-42249.356776	-21657.745142	-3448.494190	14195.883476	-0.034000	0.962000	-0.210000	192.000000	0.000000	0.000000	0.000000	0.000000	0.000000	0.000000	0.000000	0.000000	0.000000	1741810914.142895	0.000000
96.000000	-8733.653573	-27445.796424	-34064.192660	-33392.142760	-39196.443760	3129.110113	-21449.471587	14595.689129	-19411.841859	-28411.525895	-33118.222132	-2140.783029	-42253.290683	-21664.495369	-3468.521353	14201.784337	-0.035000	0.966000	-0.210000	192.000000	127.000000	112.000000	15.000000	40.000000	124.500000	56.000000	0.000000	0.000000	0.000000	1741810914.142927	0.000000
98.000000	-8730.390219	-27458.849842	-34059.454091	-33393.774437	-39188.710056	3133.245186	-21454.724247	14550.024515	-19410.590161	-28408.597816	-33115.271701	-2151.824790	-42251.010805	-21665.478845	-3438.122980	14199.750328	-0.035000	0.966000	-0.210000	192.000000	0.000000	0.000000	0.000000	0.000000	0.000000	0.000000	0.000000	0.000000	0.000000	1741810914.142963	0.000000
100.000000	-8734.368829	-27447.495156	-34056.794233	-33385.861920	-39186.832510	3134.228663	-21438.675694	14585.563789	-19404.286969	-28402.875769	-33110.913111	-2141.297119	-42250.004977	-21662.126084	-3470.018920	14196.665787	-0.035000	0.966000	-0.210000	192.000000	0.000000	0.000000	0.000000	0.000000	0.000000	0.000000	0.000000	0.000000	0.000000	1741810914.143010	0.000000
102.000000	-8732.312469	-27450.311476	-34055.251963	-33388.812350	-39185.245536	3141.291814	-21443.458968	14557.154722	-19415.038158	-28411.570598	-33116.746916	-2150.059003	-42256.643445	-21666.976412	-3421.403876	14207.908715	-0.035000	0.966000	-0.210000	192.000000	0.000000	0.000000	0.000000	0.000000	0.000000	0.000000	0.000000	0.000000	0.000000	1741810914.143047	0.000000
104.000000	-8738.638012	-27452.434892	-34058.761186	-33381.525681	-39183.837376	3138.877826	-21425.063482	14600.047719	-19406.298626	-28402.227569	-33110.354317	-2142.772334	-42247.903913	-21655.308802	-3464.296873	14207.305218	-0.035000	0.966000	-0.210000	192.000000	0.000000	0.000000	0.000000	0.000000	0.000000	0.000000	0.000000	0.000000	0.000000	1741810914.143080	0.000000
106.000000	-8738.258033	-27450.132662	-34053.530878	-33389.214681	-39186.161958	3131.881730	-21435.993485	14575.952539	-19419.173231	-28411.168267	-33117.261007	-2148.382622	-42255.481154	-21665.300031	-3402.628410	14217.184689	-0.034500	0.967000	-0.210000	192.000000	127.000000	120.000000	15.000000	32.000000	124.500000	56.000000	0.000000	0.000000	0.000000	1741810914.203076	0.000000
108.000000	-8729.496149	-27448.970371	-34055.341370	-33378.217623	-39186.787806	3131.769971	-21423.632970	14603.623999	-19404.868115	-28400.193560	-33103.067649	-2142.682927	-42244.551151	-21652.917165	-3465.906199	14194.721186	-0.034500	0.967000	-0.210000	192.000000	0.000000	0.000000	0.000000	0.000000	0.000000	0.000000	0.000000	0.000000	0.000000	1741810914.203125	0.000000
110.000000	-8752.697260	-27458.380456	-34072.663972	-33399.384725	-39209.027792	3115.877881	-21455.260689	14586.480211	-19420.871964	-28417.069127	-33123.966530	-2152.003604	-42264.064224	-21672.452590	-3395.677018	14211.105014	-0.034500	0.967000	-0.210000	192.000000	0.000000	0.000000	0.000000	0.000000	0.000000	0.000000	0.000000	0.000000	0.000000	1741810914.203197	0.000000
112.000000	-8729.764370	-27435.201697	-34053.486175	-33376.004800	-39191.280507	3131.658212	-21428.192726	14589.654158	-19410.366644	-28403.814543	-33111.650719	-2151.757735	-42259.795041	-21661.611994	-3470.823583	14185.109935	-0.034500	0.967000	-0.210000	192.000000	0.000000	0.000000	0.000000	0.000000	0.000000	0.000000	0.000000	0.000000	0.000000	1741810914.203231	0.000000
114.000000	-8734.190015	-27441.862517	-34056.503660	-33390.935766	-39195.594394	3120.705857	-21447.728151	14580.713461	-19408.779670	-28397.891330	-33108.700288	-2133.071677	-42255.794079	-21658.438046	-3411.904384	14214.144851	-0.034500	0.967000	-0.210000	192.000000	0.000000	0.000000	0.000000	0.000000	0.000000	0.000000	0.000000	0.000000	0.000000	1741810914.203272	0.000000
116.000000	-8730.099646	-27447.673970	-34055.944867	-33385.213719	-39189.134740	3120.638802	-21437.245183	14581.249902	-19405.605722	-28390.850531	-33101.525378	-2141.319471	-42245.087593	-21656.940479	-3480.457184	14186.227523	-0.035250	0.965500	-0.210000	192.000000	127.000000	112.000000	15.000000	16.000000	124.500000	56.000000	0.000000	0.000000	0.000000	1741810914.203305	0.000000
118.000000	-8744.382411	-27454.111273	-34066.941925	-33399.272966	-39202.344621	3111.765160	-21457.674677	14578.567693	-19421.944847	-28416.823258	-33119.026794	-2142.548817	-42265.941771	-21674.911281	-3409.400989	14212.244953	-0.035250	0.965500	-0.210000	192.000000	0.000000	0.000000	0.000000	0.000000	0.000000	0.000000	0.000000	0.000000	0.000000	1741810914.203341	0.000000
120.000000	-8737.162797	-27444.052988	-34058.068282	-33386.487768	-39192.286336	3120.392933	-21442.251973	14568.174132	-19411.752452	-28405.401517	-33110.667242	-2150.729555	-42256.263465	-21663.198967	-3476.679740	14173.956415	-0.035250	0.965500	-0.210000	192.000000	0.000000	0.000000	0.000000	0.000000	0.000000	0.000000	0.000000	0.000000	0.000000	1741810914.263379	0.000000
122.000000	-8725.875166	-27445.327037	-34049.149936	-33384.721981	-39188.285373	3126.159683	-21444.174223	14581.942806	-19407.282103	-28402.741659	-33109.348489	-2133.518712	-42253.357739	-21655.174691	-3415.503015	14206.701721	-0.035250	0.965500	-0.210000	192.000000	0.000000	0.000000	0.000000	0.000000	0.000000	0.000000	0.000000	0.000000	0.000000	1741810914.263474	0.000000
124.000000	-8720.778968	-27440.633171	-34048.546439	-33380.184577	-39186.586641	3128.372506	-21434.406511	14571.325728	-19403.415251	-28398.919511	-33104.118181	-2148.986119	-42244.618207	-21652.626592	-3471.292969	14185.378156	-0.035250	0.965500	-0.210000	192.000000	0.000000	0.000000	0.000000	0.000000	0.000000	0.000000	0.000000	0.000000	0.000000	1741810914.263508	0.000000
126.000000	-8741.096704	-27454.088921	-34060.325809	-33397.082495	-39201.718772	3117.040171	-21442.386084	14596.292626	-19409.696091	-28406.876732	-33107.560349	-2136.692659	-42254.095346	-21662.439008	-3418.587556	14215.865936	-0.040625	0.965750	-0.210000	192.000000	127.000000	72.000000	15.000000	24.000000	124.500000	56.000000	0.000000	0.000000	0.000000	1741810914.263541	0.000000
128.000000	-8741.990774	-27454.267735	-34061.018713	-33398.557710	-39201.227033	3114.492072	-21438.876860	14572.219798	-19422.257772	-28420.198371	-33119.987919	-2169.214448	-42261.180849	-21671.916148	-3456.518466	14177.756211	-0.040625	0.965750	-0.210000	192.000000	0.000000	0.000000	0.000000	0.000000	0.000000	0.000000	0.000000	0.000000	0.000000	1741810914.263577	0.000000
130.000000	-8740.828483	-27455.675895	-34058.001227	-33398.065972	-39199.528301	3116.190805	-21439.010970	14600.830031	-19424.671760	-28423.394671	-33118.713870	-2149.634320	-42261.896105	-21679.739258	-3416.866471	14196.911656	-0.040625	0.965750	-0.210000	192.000000	0.000000	0.000000	0.000000	0.000000	0.000000	0.000000	0.000000	0.000000	0.000000	1741810914.263610	0.000000
132.000000	-8736.335783	-27445.394092	-34057.688303	-33392.410981	-39197.851920	3119.834139	-21435.613505	14569.761106	-19407.438565	-28409.760107	-33109.102620	-2161.257227	-42258.744509	-21669.591566	-3460.273559	14170.089563	-0.040625	0.965750	-0.210000	192.000000	0.000000	0.000000	0.000000	0.000000	0.000000	0.000000	0.000000	0.000000	0.000000	1741810914.263655	0.000000
134.000000	-8736.738114	-27450.534993	-34056.928343	-33385.079609	-39197.650754	3124.528006	-21426.739863	14604.249847	-19412.378301	-28411.503543	-33109.527303	-2139.486628	-42256.956370	-21668.608090	-3431.596271	14192.664825	-0.040625	0.965750	-0.210000	192.000000	0.000000	0.000000	0.000000	0.000000	0.000000	0.000000	0.000000	0.000000	0.000000	1741810914.263688	0.000000
136.000000	-8739.040344	-27451.719636	-34055.900163	-33387.024210	-39196.622574	3124.170378	-21429.310313	14575.751373	-19414.278199	-28410.475363	-33115.383460	-2156.473953	-42256.464631	-21661.209662	-3452.159876	14177.152714	-0.045313	0.966875	-0.206000	192.000000	127.000000	56.000000	15.000000	32.000000	124.500000	88.000000	0.000000	0.000000	0.000000	1741810914.322789	0.000000
138.000000	-8750.350326	-27458.089883	-34060.236402	-33394.713210	-39200.265908	3111.318125	-21423.141232	14618.510260	-19419.530859	-28418.790212	-33109.504951	-2140.112476	-42255.503506	-21671.133837	-3435.865454	14193.134212	-0.045313	0.966875	-0.206000	192.000000	0.000000	0.000000	0.000000	0.000000	0.000000	0.000000	0.000000	0.000000	0.000000	1741810914.322837	0.000000
140.000000	-8738.950937	-27444.254153	-34050.669855	-33388.298260	-39193.985068	3121.018782	-21426.873973	14565.134295	-19428.851536	-28423.104098	-33117.149248	-2160.966654	-42265.092404	-21679.091058	-3433.093838	14174.001118	-0.045313	0.966875	-0.206000	192.000000	0.000000	0.000000	0.000000	0.000000	0.000000	0.000000	0.000000	0.000000	0.000000	1741810914.322871	0.000000
142.000000	-8739.934413	-27443.673008	-34052.480346	-33381.033943	-39194.588565	3119.543567	-21414.424052	14612.899973	-19411.998321	-28409.894217	-33101.883006	-2132.177607	-42251.435489	-21668.071648	-3449.410611	14187.658034	-0.045313	0.966875	-0.206000	192.000000	0.000000	0.000000	0.000000	0.000000	0.000000	0.000000	0.000000	0.000000	0.000000	1741810914.322904	0.000000
144.000000	-8732.714800	-27445.259982	-34045.841878	-33381.905661	-39191.235804	3123.991564	-21420.324912	14577.584216	-19413.339426	-28409.693052	-33105.258120	-2147.130924	-42256.017596	-21663.891871	-3434.278480	14182.807706	-0.045313	0.966875	-0.206000	192.000000	0.000000	0.000000	0.000000	0.000000	0.000000	0.000000	0.000000	0.000000	0.000000	1741810914.322969	0.000000
146.000000	-8729.429094	-27443.203621	-34049.194640	-33379.849300	-39191.124045	3116.928413	-21415.541639	14620.410159	-19408.220876	-28406.206179	-33096.607995	-2138.212578	-42247.814506	-21663.757761	-3455.512638	14186.652206	-0.041656	0.967437	-0.204000	192.000000	127.000000	104.000000	15.000000	32.000000	124.500000	88.000000	0.000000	0.000000	0.000000	1741810914.323002	0.000000
148.000000	-8738.168626	-27450.512642	-34052.212125	-33391.002821	-39197.024905	3112.122787	-21430.383197	14582.546304	-19414.077033	-28410.832991	-33105.705155	-2148.494381	-42252.106041	-21669.166883	-3423.795512	14179.633758	-0.041656	0.967437	-0.204000	192.000000	0.000000	0.000000	0.000000	0.000000	0.000000	0.000000	0.000000	0.000000	0.000000	1741810914.323044	0.000000
150.000000	-8743.577748	-27443.248325	-34059.185870	-33386.398361	-39200.645888	3108.255936	-21421.263685	14612.654103	-19420.022597	-28416.152706	-33109.192027	-2148.293215	-42262.119622	-21669.233938	-3458.172495	14175.409278	-0.041656	0.967437	-0.204000	192.000000	0.000000	0.000000	0.000000	0.000000	0.000000	0.000000	0.000000	0.000000	0.000000	1741810914.382531	0.000000
152.000000	-8747.846931	-27456.659371	-34057.397730	-33392.455684	-39202.948118	3109.977020	-21434.697084	14576.466629	-19421.564868	-28419.796040	-33111.494256	-2155.110497	-42265.070053	-21676.520607	-3422.499111	14176.951549	-0.041656	0.967437	-0.204000	192.000000	0.000000	0.000000	0.000000	0.000000	0.000000	0.000000	0.000000	0.000000	0.000000	1741810914.382581	0.000000
154.000000	-8733.854739	-27443.896525	-34051.675683	-33381.235109	-39194.253289	3114.156796	-21422.135403	14601.210010	-19418.189754	-28415.280988	-33105.928672	-2153.635282	-42265.382977	-21669.703325	-3475.651559	14159.316022	-0.041656	0.967437	-0.204000	192.000000	0.000000	0.000000	0.000000	0.000000	0.000000	0.000000	0.000000	0.000000	0.000000	1741810914.382649	0.000000
156.000000	-8727.708009	-27442.287200	-34047.182983	-33378.642306	-39197.561347	3124.304488	-21431.143156	14591.464650	-19413.205315	-28405.647386	-33099.133742	-2145.052212	-42254.430622	-21667.557558	-3421.940317	14180.885456	-0.036828	0.967719	-0.203000	192.000000	127.500000	0.000000	15.000000	32.000000	124.500000	88.000000	0.000000	0.000000	0.000000	1741810914.382683	0.000000
158.000000	-8724.556413	-27434.642903	-34043.740814	-33361.744387	-39196.287298	3135.458009	-21417.150964	14614.017560	-19408.734966	-28399.791229	-33095.758628	-2140.626566	-42249.088555	-21656.873424	-3476.679740	14172.570607	-0.036828	0.967719	-0.203000	192.000000	0.000000	0.000000	0.000000	0.000000	0.000000	0.000000	0.000000	0.000000	0.000000	1741810914.382725	0.000000
160.000000	-8719.594326	-27425.188115	-34030.575637	-33358.503384	-39191.727542	3147.483247	-21424.482337	14594.549190	-19401.202428	-28391.632842	-33089.120160	-2132.401125	-42250.921399	-21646.055179	-3414.564242	14196.352863	-0.036828	0.967719	-0.203000	192.000000	0.000000	0.000000	0.000000	0.000000	0.000000	0.000000	0.000000	0.000000	0.000000	1741810914.382758	0.000000
162.000000	-8722.231832	-27430.038444	-34037.370567	-33359.263344	-39189.827644	3140.800076	-21408.545543	14618.800833	-19394.541609	-28381.887481	-33084.448646	-2133.339898	-42239.007919	-21635.505156	-3472.857591	14185.378156	-0.036828	0.967719	-0.203000	192.000000	0.000000	0.000000	0.000000	0.000000	0.000000	0.000000	0.000000	0.000000	0.000000	1741810914.382791	0.000000
164.000000	-8733.318297	-27435.380511	-34031.313244	-33371.243879	-39182.786844	3131.077067	-21416.435709	14598.952484	-19409.517277	-28401.355851	-33098.597300	-2139.665441	-42253.804774	-21652.246613	-3405.198861	14203.348959	-0.036828	0.967719	-0.203000	192.000000	0.000000	0.000000	0.000000	0.000000	0.000000	0.000000	0.000000	0.000000	0.000000	1741810914.382824	0.000000
166.000000	-8726.836291	-27444.790595	-34042.936151	-33373.948440	-39183.904431	3118.582442	-21408.992578	14612.944676	-19408.153821	-28401.624072	-33088.918995	-2149.343747	-42248.216837	-21656.001706	-3474.623379	14176.951549	-0.035414	0.966859	-0.200500	192.000000	127.000000	120.000000	15.000000	24.000000	124.500000	104.000000	0.000000	0.000000	0.000000	1741810914.443483	0.000000
168.000000	-8744.136541	-27456.480557	-34046.691244	-33386.286603	-39192.062818	3109.798206	-21422.470680	14613.481118	-19428.762129	-28423.685244	-33107.202722	-2153.277654	-42270.054492	-21679.739258	-3409.758617	14199.280941	-0.035414	0.966859	-0.200500	192.000000	0.000000	0.000000	0.000000	0.000000	0.000000	0.000000	0.000000	0.000000	0.000000	1741810914.443537	0.000000
170.000000	-8737.565129	-27455.385322	-34045.908933	-33380.273984	-39191.124045	3110.066427	-21417.843868	14598.281932	-19423.621228	-28418.119659	-33099.469018	-2163.872381	-42258.364529	-21677.749953	-3476.031539	14174.515209	-0.035414	0.966859	-0.200500	192.000000	0.000000	0.000000	0.000000	0.000000	0.000000	0.000000	0.000000	0.000000	0.000000	1741810914.443570	0.000000
172.000000	-8738.749771	-27455.117101	-34041.885619	-33382.240937	-39187.078379	3111.251069	-21415.742804	14598.036062	-19424.180022	-28421.986511	-33097.971451	-2146.750944	-42258.677454	-21675.827703	-3419.392219	14204.064215	-0.035414	0.966859	-0.200500	192.000000	0.000000	0.000000	0.000000	0.000000	0.000000	0.000000	0.000000	0.000000	0.000000	1741810914.443603	0.000000
174.000000	-8728.043285	-27451.272601	-34036.789422	-33377.457664	-39184.776149	3114.290907	-21414.893438	14572.532722	-19424.269429	-28422.768822	-33096.607995	-2160.765488	-42260.063262	-21674.151322	-3467.336710	14176.638624	-0.035414	0.966859	-0.200500	192.000000	0.000000	0.000000	0.000000	0.000000	0.000000	0.000000	0.000000	0.000000	0.000000	1741810914.443635	0.000000
176.000000	-8732.267765	-27448.858613	-34041.326826	-33379.782245	-39190.922879	3115.274383	-21416.234543	14594.191562	-19416.580429	-28413.939883	-33090.774189	-2136.670308	-42261.225553	-21662.237842	-3423.393181	14200.040901	-0.035707	0.965430	-0.201250	192.000000	127.000000	112.000000	15.000000	16.000000	124.500000	88.000000	0.000000	0.000000	0.000000	1741810914.443699	0.000000
178.000000	-8731.507806	-27446.086996	-34042.399710	-33381.615088	-39195.594394	3112.033381	-21422.694197	14568.598815	-19423.867097	-28420.779517	-33097.524416	-2164.095898	-42265.204163	-21671.290299	-3465.660330	14171.654185	-0.035707	0.965430	-0.201250	192.000000	0.000000	0.000000	0.000000	0.000000	0.000000	0.000000	0.000000	0.000000	0.000000	1741810914.443741	0.000000
180.000000	-8743.175416	-27461.241479	-34052.659160	-33387.605356	-39204.557443	3106.803072	-21427.678636	14597.276103	-19423.487118	-28432.380072	-33100.899530	-2150.930721	-42266.209992	-21680.074534	-3429.875187	14187.367462	-0.035707	0.965430	-0.201250	192.000000	0.000000	0.000000	0.000000	0.000000	0.000000	0.000000	0.000000	0.000000	0.000000	1741810914.503065	0.000000
182.000000	-8736.425190	-27460.258002	-34048.904067	-33377.748236	-39202.702248	3119.901195	-21420.950761	14567.481228	-19434.014789	-28431.195430	-33104.028774	-2171.203753	-42266.858192	-21676.744125	-3462.419327	14163.026412	-0.035707	0.965430	-0.201250	192.000000	0.000000	0.000000	0.000000	0.000000	0.000000	0.000000	0.000000	0.000000	0.000000	1741810914.503113	0.000000
184.000000	-8720.376637	-27446.757549	-34044.433718	-33368.986353	-39193.470978	3123.253956	-21410.065461	14617.996170	-19415.149917	-28415.638616	-33090.058934	-2139.084296	-42257.023425	-21664.428313	-3448.158914	14195.481145	-0.035707	0.965430	-0.201250	192.000000	0.000000	0.000000	0.000000	0.000000	0.000000	0.000000	0.000000	0.000000	0.000000	1741810914.503147	0.000000
186.000000	-8727.439788	-27442.197793	-34047.898239	-33378.128216	-39194.119179	3119.230642	-21413.574685	14597.253751	-19418.010940	-28409.894217	-33087.734352	-2152.338881	-42256.174058	-21662.953098	-3457.278425	14187.188648	-0.034854	0.957715	-0.201625	192.000000	127.000000	120.000000	14.500000	88.000000	124.500000	88.000000	0.000000	0.000000	0.000000	1741810914.503180	0.000000
188.000000	-8733.452408	-27446.064645	-34045.908933	-33378.642306	-39193.158054	3110.222889	-21411.183049	14637.665705	-19418.010940	-28414.073993	-33086.482654	-2139.464276	-42258.833916	-21666.395267	-3444.716745	14197.381043	-0.034854	0.957715	-0.201625	192.000000	0.000000	0.000000	0.000000	0.000000	0.000000	0.000000	0.000000	0.000000	0.000000	1741810914.503249	0.000000
190.000000	-8725.472835	-27447.718674	-34038.622265	-33378.396437	-39189.402960	3111.273421	-21416.838040	14590.101193	-19427.868060	-28423.975816	-33095.959794	-2166.174610	-42262.209029	-21675.112447	-3437.765352	14175.990424	-0.034854	0.957715	-0.201625	192.000000	0.000000	0.000000	0.000000	0.000000	0.000000	0.000000	0.000000	0.000000	0.000000	1741810914.503283	0.000000
192.000000	-8740.336745	-27454.334790	-34047.294742	-33377.882347	-39198.187196	3100.119901	-21414.736976	14623.293534	-19422.078958	-28416.867962	-33085.298012	-2141.945319	-42257.470460	-21668.988069	-3452.741021	14191.658997	-0.034854	0.957715	-0.201625	192.000000	0.000000	0.000000	0.000000	0.000000	0.000000	0.000000	0.000000	0.000000	0.000000	1741810914.503316	0.000000
194.000000	-8739.733248	-27450.847918	-34046.288913	-33379.849300	-39199.908280	3099.136424	-21431.433729	14565.268405	-19441.368513	-28428.289703	-33106.129838	-2163.157125	-42274.502489	-21683.494351	-3425.069562	14180.125496	-0.034854	0.957715	-0.201625	192.000000	0.000000	0.000000	0.000000	0.000000	0.000000	0.000000	0.000000	0.000000	0.000000	1741810914.503349	0.000000
196.000000	-8735.508768	-27452.792520	-34045.193678	-33376.094207	-39196.756684	3100.254011	-21413.775851	14599.935961	-19430.282048	-28422.455898	-33095.579814	-2147.734421	-42263.639541	-21674.620709	-3453.076297	14184.931121	-0.037427	0.956857	-0.200813	192.000000	127.000000	96.000000	14.500000	112.000000	124.500000	96.000000	0.000000	0.000000	0.000000	1741810914.562771	0.000000
198.000000	-8739.532082	-27453.217203	-34040.522163	-33373.724922	-39187.793635	3113.977982	-21414.200534	14564.866074	-19433.835975	-28417.694976	-33098.932576	-2153.367061	-42265.382977	-21666.775246	-3419.325163	14180.952511	-0.037427	0.956857	-0.200813	192.000000	0.000000	0.000000	0.000000	0.000000	0.000000	0.000000	0.000000	0.000000	0.000000	1741810914.562848	0.000000
200.000000	-8728.825596	-27447.986895	-34033.459012	-33361.319704	-39182.406864	3117.978945	-21398.397851	14604.451013	-19430.729083	-28414.476325	-33097.099733	-2142.861741	-42264.690073	-21665.076514	-3458.261902	14177.577398	-0.037427	0.956857	-0.200813	192.000000	0.000000	0.000000	0.000000	0.000000	0.000000	0.000000	0.000000	0.000000	0.000000	1741810914.562887	0.000000
202.000000	-8729.540852	-27442.913049	-34032.833163	-33367.935821	-39185.178481	3119.521215	-21411.294807	14589.832972	-19422.593048	-28411.838819	-33089.857768	-2141.788857	-42259.124489	-21660.382648	-3404.438901	14197.403395	-0.037427	0.956857	-0.200813	192.000000	0.000000	0.000000	0.000000	0.000000	0.000000	0.000000	0.000000	0.000000	0.000000	1741810914.562921	0.000000
204.000000	-8729.294983	-27446.422272	-34043.204372	-33364.694818	-39191.302859	3113.821520	-21409.059633	14628.836766	-19419.910839	-28399.768877	-33084.113369	-2137.743191	-42254.832954	-21648.357409	-3459.290082	14185.445212	-0.037427	0.956857	-0.200813	192.000000	0.000000	0.000000	0.000000	0.000000	0.000000	0.000000	0.000000	0.000000	0.000000	1741810914.562953	0.000000
206.000000	-8722.432998	-27443.360084	-34038.689320	-33364.627762	-39189.492367	3121.108189	-21423.387101	14599.779499	-19423.688283	-28406.407345	-33095.311593	-2141.565340	-42264.980646	-21659.175653	-3397.398102	14196.688139	-0.038713	0.960429	-0.199406	192.000000	127.000000	96.000000	15.000000	16.000000	124.500000	104.000000	0.000000	0.000000	0.000000	1741810914.562986	0.000000
208.000000	-8718.320277	-27437.012188	-34041.595047	-33362.370236	-39189.961754	3121.979907	-21415.899267	14617.683246	-19417.206278	-28399.523008	-33087.510835	-2132.803456	-42253.089518	-21652.715999	-3458.239550	14175.744554	-0.038713	0.960429	-0.199406	192.000000	0.000000	0.000000	0.000000	0.000000	0.000000	0.000000	0.000000	0.000000	0.000000	1741810914.563026	0.000000
210.000000	-8721.114245	-27437.191002	-34047.227686	-33376.742408	-39194.968545	3121.354058	-21433.646552	14596.404385	-19419.508507	-28404.686261	-33094.216358	-2131.887034	-42255.347044	-21656.895775	-3395.073521	14191.703700	-0.038713	0.960429	-0.199406	192.000000	0.000000	0.000000	0.000000	0.000000	0.000000	0.000000	0.000000	0.000000	0.000000	1741810914.623202	0.000000
212.000000	-8723.751750	-27449.484461	-34056.414253	-33379.737542	-39198.678934	3112.793340	-21443.123691	14602.998150	-19423.308304	-28408.128429	-33093.948137	-2146.818000	-42253.022462	-21664.204796	-3463.760431	14167.921444	-0.038713	0.960429	-0.199406	192.000000	0.000000	0.000000	0.000000	0.000000	0.000000	0.000000	0.000000	0.000000	0.000000	1741810914.623254	0.000000
214.000000	-8714.095797	-27445.103520	-34051.429814	-33377.681181	-39193.359219	3117.643668	-21453.874881	14591.196429	-19417.608609	-28413.291682	-33098.932576	-2138.592558	-42256.889314	-21666.238805	-3402.583707	14181.220732	-0.038713	0.960429	-0.199406	192.000000	0.000000	0.000000	0.000000	0.000000	0.000000	0.000000	0.000000	0.000000	0.000000	1741810914.623288	0.000000
216.000000	-8715.213384	-27448.255116	-34062.985666	-33379.759893	-39198.388362	3114.782645	-21450.767988	14597.969007	-19416.781594	-28404.216874	-33093.568157	-2138.704316	-42253.268332	-21659.645040	-3457.189018	14159.226615	-0.038357	0.961214	-0.197703	192.000000	127.000000	104.000000	15.000000	8.000000	124.500000	112.000000	0.000000	0.000000	0.000000	1741810914.623321	0.000000
218.000000	-8720.935431	-27450.736159	-34053.508527	-33380.855129	-39196.287298	3115.229680	-21460.111017	14595.934999	-19425.297609	-28412.062336	-33101.167750	-2134.971575	-42264.511259	-21669.233938	-3388.546811	14176.258645	-0.038357	0.961214	-0.197703	192.000000	0.000000	0.000000	0.000000	0.000000	0.000000	0.000000	0.000000	0.000000	0.000000	1741810914.623384	0.000000
220.000000	-8707.926715	-27446.757549	-34050.200468	-33373.411998	-39189.268850	3120.594099	-21447.102302	14587.418984	-19414.546420	-28400.215912	-33089.969527	-2141.185360	-42252.284855	-21652.671296	-3449.589425	14157.371421	-0.038357	0.961214	-0.197703	192.000000	0.000000	0.000000	0.000000	0.000000	0.000000	0.000000	0.000000	0.000000	0.000000	1741810914.623424	0.000000
222.000000	-8717.381503	-27447.539860	-34047.294742	-33372.607335	-39186.385475	3123.700991	-21450.432712	14602.260542	-19416.938057	-28409.782459	-33097.099733	-2125.829712	-42249.624997	-21655.152339	-3395.207631	14190.876685	-0.038357	0.961214	-0.197703	192.000000	0.000000	0.000000	0.000000	0.000000	0.000000	0.000000	0.000000	0.000000	0.000000	1741810914.623465	0.000000
224.000000	-8720.309582	-27450.065607	-34056.615419	-33379.156396	-39194.409751	3119.387104	-21455.461854	14582.300434	-19423.889449	-28413.425793	-33101.681841	-2148.404974	-42250.519067	-21662.617822	-3441.766315	14168.323775	-0.038357	0.961214	-0.197703	192.000000	0.000000	0.000000	0.000000	0.000000	0.000000	0.000000	0.000000	0.000000	0.000000	1741810914.623499	0.000000
226.000000	-8714.788701	-27454.155976	-34056.011922	-33379.178748	-39194.521510	3123.253956	-21450.499767	14605.501545	-19415.194621	-28412.352909	-33101.815951	-2129.338936	-42251.502544	-21661.544938	-3407.389332	14190.742575	-0.036178	0.961607	-0.199852	192.000000	127.000000	120.000000	15.000000	8.000000	124.500000	88.000000	0.000000	0.000000	0.000000	1741810914.683321	0.000000
228.000000	-8705.624486	-27445.774072	-34040.320997	-33365.767701	-39177.042446	3140.420096	-21440.061502	14582.345138	-19414.613475	-28399.545360	-33095.848035	-2141.811209	-42246.138125	-21650.436121	-3453.523332	14170.424839	-0.036178	0.961607	-0.199852	192.000000	0.000000	0.000000	0.000000	0.000000	0.000000	0.000000	0.000000	0.000000	0.000000	1741810914.683376	0.000000
230.000000	-8728.825596	-27464.482482	-34067.098387	-33386.443065	-39196.823740	3118.850663	-21455.551261	14634.938793	-19428.583315	-28408.709575	-33106.979204	-2127.707258	-42252.150744	-21654.682953	-3410.026838	14201.583171	-0.036178	0.961607	-0.199852	192.000000	0.000000	0.000000	0.000000	0.000000	0.000000	0.000000	0.000000	0.000000	0.000000	1741810914.683439	0.000000
232.000000	-8717.672076	-27448.165709	-34053.217954	-33373.747274	-39188.285373	3134.273366	-21448.666924	14598.103118	-19426.079920	-28403.054583	-33106.822742	-2150.260168	-42248.373300	-21648.379761	-3445.007318	14168.837865	-0.036178	0.961607	-0.199852	192.000000	0.000000	0.000000	0.000000	0.000000	0.000000	0.000000	0.000000	0.000000	0.000000	1741810914.683479	0.000000
234.000000	-8714.945163	-27452.367837	-34055.497832	-33374.462530	-39190.855824	3127.254918	-21443.302505	14636.838691	-19423.800042	-28407.882560	-33098.731410	-2126.790837	-42248.574465	-21649.832624	-3431.775085	14194.028281	-0.036178	0.961607	-0.199852	192.000000	0.000000	0.000000	0.000000	0.000000	0.000000	0.000000	0.000000	0.000000	0.000000	1741810914.683512	0.000000
236.000000	-8708.038474	-27446.355217	-34047.987646	-33372.160300	-39186.407827	3133.625166	-21440.776758	14595.219743	-19420.514336	-28401.400554	-33098.530245	-2144.493418	-42245.959311	-21644.043522	-3445.476704	14170.380136	-0.035089	0.960804	-0.199926	192.000000	127.000000	120.000000	15.000000	0.000000	124.500000	96.000000	0.000000	0.000000	0.000000	1741810914.683544	0.000000
238.000000	-8710.720683	-27456.547613	-34048.389977	-33371.020361	-39187.413655	3129.132465	-21433.691255	14626.556888	-19418.189754	-28405.826200	-33094.931614	-2122.879281	-42243.947654	-21651.151377	-3441.363983	14186.875723	-0.035089	0.960804	-0.199926	192.000000	0.000000	0.000000	0.000000	0.000000	0.000000	0.000000	0.000000	0.000000	0.000000	1741810914.683579	0.000000
240.000000	-8717.873242	-27455.430026	-34051.832146	-33375.513062	-39192.822777	3126.092628	-21445.604735	14578.701804	-19423.420062	-28401.489961	-33101.011288	-2137.452619	-42250.630826	-21655.197043	-3435.910158	14174.582264	-0.035089	0.960804	-0.199926	192.000000	0.000000	0.000000	0.000000	0.000000	0.000000	0.000000	0.000000	0.000000	0.000000	1741810914.743575	0.000000
242.000000	-8712.240602	-27454.848880	-34052.614457	-33376.474187	-39193.918013	3120.549395	-21438.362770	14607.267333	-19421.989551	-28402.048755	-33098.262024	-2122.074619	-42246.249884	-21651.643115	-3453.433925	14177.465639	-0.035089	0.960804	-0.199926	192.000000	0.000000	0.000000	0.000000	0.000000	0.000000	0.000000	0.000000	0.000000	0.000000	1741810914.743667	0.000000
244.000000	-8717.560317	-27450.155014	-34046.624189	-33382.598565	-39191.973411	3125.466779	-21447.370523	14566.497751	-19435.422949	-28409.849514	-33109.437896	-2144.940453	-42249.826163	-21666.171749	-3427.125922	14165.909787	-0.035089	0.960804	-0.199926	192.000000	0.000000	0.000000	0.000000	0.000000	0.000000	0.000000	0.000000	0.000000	0.000000	1741810914.743709	0.000000
246.000000	-8716.286268	-27466.740008	-34059.878774	-33388.544129	-39199.841225	3109.194709	-21438.809805	14612.631752	-19423.151842	-28407.480229	-33095.713925	-2126.835540	-42243.701785	-21660.516758	-3459.290082	14166.379174	-0.035545	0.962402	-0.198963	192.000000	127.000000	112.000000	15.000000	16.000000	124.500000	104.000000	0.000000	0.000000	0.000000	1741810914.743742	0.000000
248.000000	-8726.880995	-27473.333773	-34060.571678	-33396.434295	-39201.316440	3110.222889	-21453.696067	14570.141085	-19439.379208	-28428.356758	-33111.784829	-2150.193113	-42259.616227	-21674.397191	-3422.543814	14157.661993	-0.035545	0.962402	-0.198963	192.000000	0.000000	0.000000	0.000000	0.000000	0.000000	0.000000	0.000000	0.000000	0.000000	1741810914.743779	0.000000
250.000000	-8715.749826	-27464.415427	-34053.732044	-33378.351733	-39189.157091	3122.739866	-21426.359883	14606.887353	-19435.557060	-28418.969025	-33102.665317	-2141.833561	-42252.150744	-21665.411790	-3472.656426	14155.449171	-0.035545	0.962402	-0.198963	192.000000	0.000000	0.000000	0.000000	0.000000	0.000000	0.000000	0.000000	0.000000	0.000000	1741810914.743812	0.000000
252.000000	-8720.153120	-27460.839148	-34051.049835	-33381.391571	-39193.739199	3122.717514	-21436.798148	14586.413155	-19432.718388	-28418.209066	-33102.262986	-2136.983232	-42256.464631	-21666.641136	-3427.103570	14179.879627	-0.035545	0.962402	-0.198963	192.000000	0.000000	0.000000	0.000000	0.000000	0.000000	0.000000	0.000000	0.000000	0.000000	1741810914.743859	0.000000
254.000000	-8728.646782	-27468.550500	-34061.577506	-33384.565518	-39199.438894	3109.664096	-21431.411377	14615.336313	-19433.388940	-28420.712462	-33106.867445	-2137.698488	-42258.878620	-21669.166883	-3477.372644	14168.815514	-0.035545	0.962402	-0.198963	192.000000	0.000000	0.000000	0.000000	0.000000	0.000000	0.000000	0.000000	0.000000	0.000000	1741810914.743892	0.000000
0.000000	-8716.398027	-27454.893584	-34044.545477	-33376.362428	-39185.670219	3127.500788	-21433.959476	14584.781478	-19440.049760	-28426.412156	-33112.880065	-2144.985157	-42265.785309	-21678.420505	-3414.541890	14179.320834	-0.036772	0.966201	-0.198481	192.000000	127.000000	104.000000	15.000000	40.000000	124.500000	104.000000	0.000000	0.000000	0.000000	1741810914.803867	0.000000
2.000000	-8720.711913	-27463.141377	-34049.596971	-33378.418789	-39191.079341	3118.247165	-21424.325874	14611.044778	-19428.560964	-28410.654177	-33098.083210	-2140.313642	-42249.535590	-21658.303935	-3476.567981	14167.899092	-0.036772	0.966201	-0.198481	192.000000	0.000000	0.000000	0.000000	0.000000	0.000000	0.000000	0.000000	0.000000	0.000000	1741810914.803915	0.000000
4.000000	-8721.024838	-27458.603973	-34043.941980	-33377.100036	-39186.340771	3124.528006	-21426.561049	14597.477269	-19433.008961	-28418.656101	-33099.491370	-2137.139694	-42253.022462	-21662.908395	-3413.312544	14176.728031	-0.036772	0.966201	-0.198481	192.000000	0.000000	0.000000	0.000000	0.000000	0.000000	0.000000	0.000000	0.000000	0.000000	1741810914.803948	0.000000
6.000000	-8714.207556	-27452.814871	-34045.886582	-33367.198213	-39185.536109	3130.138294	-21414.200534	14614.397539	-19425.766996	-28405.446220	-33093.210529	-2134.010450	-42248.619169	-21656.448741	-3476.679740	14161.305328	-0.036772	0.966201	-0.198481	192.000000	0.000000	0.000000	0.000000	0.000000	0.000000	0.000000	0.000000	0.000000	0.000000	1741810914.804017	0.000000
8.000000	-8720.778968	-27457.352276	-34046.020692	-33373.411998	-39187.436007	3132.842855	-21427.633933	14611.178888	-19430.058531	-28414.476325	-33101.167750	-2124.600366	-42252.821297	-21666.127046	-3406.316448	14190.295540	-0.036772	0.966201	-0.198481	192.000000	0.000000	0.000000	0.000000	0.000000	0.000000	0.000000	0.000000	0.000000	0.000000	1741810914.804058	0.000000
10.000000	-8704.708064	-27451.384360	-34040.857439	-33362.526698	-39175.701341	3138.676660	-21410.423089	14608.116699	-19429.790310	-28408.977796	-33095.199835	-2139.821904	-42239.633768	-21657.409866	-3475.673911	14163.071115	-0.037386	0.967100	-0.200241	192.000000	127.000000	104.000000	15.000000	32.000000	124.500000	88.000000	0.000000	0.000000	0.000000	1741810914.804097	0.000000
12.000000	-8709.647800	-27454.312438	-34042.623227	-33370.238050	-39183.189176	3133.424000	-21415.228714	14620.074883	-19429.499737	-28412.442316	-33099.200797	-2126.410857	-42242.986529	-21658.102770	-3411.077370	14190.429651	-0.037386	0.967100	-0.200241	192.000000	0.000000	0.000000	0.000000	0.000000	0.000000	0.000000	0.000000	0.000000	0.000000	1741810914.804133	0.000000
14.000000	-8710.564221	-27450.736159	-34045.528954	-33365.924164	-39185.424350	3133.155779	-21417.553296	14606.261504	-19423.576525	-28403.702784	-33091.914128	-2136.916177	-42243.835896	-21657.789845	-3469.437774	14157.371421	-0.037386	0.967100	-0.200241	192.000000	0.000000	0.000000	0.000000	0.000000	0.000000	0.000000	0.000000	0.000000	0.000000	1741810914.864643	0.000000
16.000000	-8716.956820	-27453.507775	-34051.452166	-33374.529585	-39193.068647	3130.093590	-21428.952685	14627.741531	-19424.269429	-28410.028328	-33097.412657	-2121.627584	-42249.423832	-21656.828720	-3412.619640	14179.656110	-0.037386	0.967100	-0.200241	192.000000	0.000000	0.000000	0.000000	0.000000	0.000000	0.000000	0.000000	0.000000	0.000000	1741810914.864673	0.000000
18.000000	-8717.269745	-27457.911069	-34051.541573	-33374.976620	-39190.900527	3126.472607	-21425.018778	14611.760034	-19430.729083	-28408.329595	-33101.503027	-2141.744154	-42251.770765	-21655.353505	-3456.876094	14149.637717	-0.037386	0.967100	-0.200241	192.000000	0.000000	0.000000	0.000000	0.000000	0.000000	0.000000	0.000000	0.000000	0.000000	1741810914.864728	0.000000
20.000000	-8712.531175	-27454.982991	-34049.418157	-33373.523757	-39192.129873	3129.981831	-21422.761252	14626.713351	-19435.266487	-28414.856305	-33107.381535	-2127.886072	-42256.822259	-21667.714020	-3414.005448	14176.057479	-0.038693	0.965550	-0.201120	192.000000	127.000000	96.000000	15.000000	16.000000	124.500000	88.000000	0.000000	0.000000	0.000000	1741810914.864751	0.000000
22.000000	-8710.363056	-27444.343560	-34042.355006	-33365.544184	-39188.128911	3136.150913	-21417.396834	14604.160440	-19421.564868	-28397.891330	-33093.232881	-2132.781104	-42245.221704	-21653.543014	-3460.810001	14156.633813	-0.038693	0.965550	-0.201120	192.000000	0.000000	0.000000	0.000000	0.000000	0.000000	0.000000	0.000000	0.000000	0.000000	1741810914.864776	0.000000
24.000000	-8716.576840	-27452.613706	-34051.116890	-33369.433387	-39190.229975	3130.630032	-21418.000331	14635.922269	-19418.994417	-28404.641557	-33097.144436	-2118.520691	-42250.027329	-21653.230089	-3424.466065	14178.538523	-0.038693	0.965550	-0.201120	192.000000	0.000000	0.000000	0.000000	0.000000	0.000000	0.000000	0.000000	0.000000	0.000000	1741810914.864798	0.000000
26.000000	-8724.310544	-27462.761398	-34056.436605	-33375.714228	-39193.582737	3125.846759	-21426.941028	14599.958313	-19434.819452	-28405.222703	-33108.432067	-2144.493418	-42260.778518	-21653.900642	-3449.432963	14157.796104	-0.038693	0.965550	-0.201120	192.000000	0.000000	0.000000	0.000000	0.000000	0.000000	0.000000	0.000000	0.000000	0.000000	1741810914.864822	0.000000
28.000000	-8714.162852	-27459.386284	-34057.062454	-33376.496539	-39194.566213	3121.443465	-21420.794299	14634.558813	-19430.349103	-28410.140086	-33106.129838	-2131.931738	-42255.615265	-21655.599374	-3437.340669	14173.464677	-0.038693	0.965550	-0.201120	192.000000	0.000000	0.000000	0.000000	0.000000	0.000000	0.000000	0.000000	0.000000	0.000000	1741810914.864854	0.000000
30.000000	-8715.168681	-27462.940212	-34055.073149	-33376.898870	-39190.542899	3125.645593	-21425.421110	14588.603626	-19442.620211	-28419.594874	-33114.534094	-2157.055099	-42263.751300	-21669.971546	-3445.744925	14155.404467	-0.040347	0.963775	-0.203560	192.000000	127.000000	88.000000	15.000000	8.000000	124.500000	72.000000	0.000000	0.000000	0.000000	1741810914.922939	0.000000
32.000000	-8718.141463	-27468.326982	-34063.097425	-33375.960097	-39192.174577	3122.426942	-21417.285075	14636.391656	-19427.912763	-28414.118697	-33102.598262	-2130.255357	-42250.563771	-21653.140682	-3458.485420	14182.092450	-0.040347	0.963775	-0.203560	192.000000	0.000000	0.000000	0.000000	0.000000	0.000000	0.000000	0.000000	0.000000	0.000000	1741810914.923026	0.000000
34.000000	-8725.830463	-27465.130683	-34057.040102	-33381.771550	-39187.436007	3123.231604	-21419.699063	14600.025368	-19445.838862	-28423.014691	-33115.763440	-2152.830619	-42256.911666	-21670.440933	-3443.420344	14169.083735	-0.040347	0.963775	-0.203560	192.000000	0.000000	0.000000	0.000000	0.000000	0.000000	0.000000	0.000000	0.000000	0.000000	1741810914.923050	0.000000
36.000000	-8734.055905	-27471.612688	-34066.293724	-33387.001859	-39194.320344	3104.813767	-21417.709758	14640.392618	-19441.279106	-28422.902933	-33115.517570	-2140.470104	-42263.572486	-21671.491465	-3459.357138	14175.699851	-0.040347	0.963775	-0.203560	192.000000	0.000000	0.000000	0.000000	0.000000	0.000000	0.000000	0.000000	0.000000	0.000000	1741810914.923074	0.000000
38.000000	-8730.300812	-27475.636002	-34060.459919	-33390.466379	-39193.716847	3109.150005	-21430.807880	14592.336368	-19452.589089	-28434.525840	-33126.246408	-2161.234875	-42266.746434	-21680.879197	-3431.708030	14165.552159	-0.040347	0.963775	-0.203560	192.000000	0.000000	0.000000	0.000000	0.000000	0.000000	0.000000	0.000000	0.000000	0.000000	1741810914.923097	0.000000
40.000000	-8725.741056	-27481.000421	-34062.717445	-33385.101960	-39193.023943	3108.390046	-21418.737938	14630.557851	-19444.609516	-28425.182810	-33116.590454	-2140.805380	-42260.800870	-21675.380668	-3466.934379	14168.971976	-0.041173	0.963888	-0.203780	192.000000	127.000000	88.000000	15.000000	16.000000	124.500000	80.000000	0.000000	0.000000	0.000000	1741810914.923126	0.000000
42.000000	-8728.847948	-27466.069456	-34055.453128	-33387.001859	-39191.012286	3112.972154	-21423.588267	14598.661911	-19443.134301	-28428.759090	-33119.026794	-2146.728593	-42266.969951	-21678.599319	-3426.790646	14168.949624	-0.041173	0.963888	-0.203780	192.000000	0.000000	0.000000	0.000000	0.000000	0.000000	0.000000	0.000000	0.000000	0.000000	1741810914.923150	0.000000
44.000000	-8713.961686	-27451.607877	-34046.087747	-33372.406169	-39184.776149	3117.241337	-21413.932313	14629.775540	-19439.289801	-28416.644444	-33105.928672	-2129.361287	-42254.452974	-21666.998764	-3476.165649	14164.568682	-0.041173	0.963888	-0.203780	192.000000	0.000000	0.000000	0.000000	0.000000	0.000000	0.000000	0.000000	0.000000	0.000000	1741810914.983276	0.000000
46.000000	-8716.286268	-27456.480557	-34040.946846	-33378.508196	-39189.268850	3117.934241	-21427.633933	14610.284818	-19428.784481	-28412.151743	-33096.205663	-2120.711162	-42253.961236	-21663.958927	-3421.806207	14184.484087	-0.041173	0.963888	-0.203780	192.000000	0.000000	0.000000	0.000000	0.000000	0.000000	0.000000	0.000000	0.000000	0.000000	1741810914.983309	0.000000
48.000000	-8705.602134	-27452.770168	-34042.913800	-33371.020361	-39191.347562	3118.828311	-21418.447366	14630.334333	-19426.370493	-28406.966139	-33090.729486	-2118.543043	-42251.346082	-21653.721828	-3473.662254	14170.447191	-0.041173	0.963888	-0.203780	192.000000	0.000000	0.000000	0.000000	0.000000	0.000000	0.000000	0.000000	0.000000	0.000000	1741810914.983336	0.000000
50.000000	-8733.027724	-27466.203566	-34059.610553	-33389.617013	-39207.887853	3108.680619	-21435.457043	14608.899010	-19437.591068	-28418.365528	-33107.672108	-2123.393372	-42262.656064	-21665.925880	-3402.494300	14192.597770	-0.038587	0.960944	-0.205890	192.000000	127.000000	112.000000	14.500000	120.000000	124.500000	64.000000	0.000000	0.000000	0.000000	1741810914.983378	0.000000
52.000000	-8712.464119	-27457.687552	-34044.344311	-33367.041751	-39188.486539	3121.935203	-21411.875953	14609.524859	-19439.110987	-28412.017633	-33107.158018	-2133.719877	-42264.958294	-21672.810217	-3466.174420	14167.005022	-0.038587	0.960944	-0.205890	192.000000	0.000000	0.000000	0.000000	0.000000	0.000000	0.000000	0.000000	0.000000	0.000000	1741810914.983406	0.000000
54.000000	-8736.782817	-27473.400828	-34061.108120	-33395.741391	-39203.283394	3101.237488	-21427.008084	14610.307170	-19441.659086	-28417.851438	-33106.800390	-2125.494435	-42261.337311	-21670.664450	-3402.360189	14187.903903	-0.038587	0.960944	-0.205890	192.000000	0.000000	0.000000	0.000000	0.000000	0.000000	0.000000	0.000000	0.000000	0.000000	1741810914.983429	0.000000
56.000000	-8727.171567	-27475.680706	-34059.096463	-33392.478036	-39191.884004	3099.628162	-21417.128613	14600.382996	-19456.031258	-28431.888334	-33121.418431	-2156.608064	-42268.981608	-21684.857808	-3466.397937	14145.435589	-0.038587	0.960944	-0.205890	192.000000	0.000000	0.000000	0.000000	0.000000	0.000000	0.000000	0.000000	0.000000	0.000000	1741810914.983452	0.000000
58.000000	-8730.546681	-27484.241424	-34060.772843	-33400.949347	-39192.331039	3103.472662	-21419.967284	14599.958313	-19458.601708	-28434.011750	-33121.329024	-2144.716936	-42268.735739	-21684.008441	-3410.362114	14170.223674	-0.038587	0.960944	-0.205890	192.000000	0.000000	0.000000	0.000000	0.000000	0.000000	0.000000	0.000000	0.000000	0.000000	1741810914.983475	0.000000
60.000000	-8722.321239	-27471.344468	-34050.155765	-33383.984373	-39183.815024	3114.693238	-21404.723394	14597.946656	-19446.531766	-28426.032177	-33118.155076	-2158.060927	-42264.555963	-21676.185331	-3474.690434	14144.809740	-0.037293	0.963472	-0.208945	192.000000	127.000000	112.000000	15.000000	24.000000	124.500000	48.000000	0.000000	0.000000	0.000000	1741810915.043510	0.000000
62.000000	-8728.512672	-27465.018924	-34053.083843	-33382.978545	-39191.615783	3112.368657	-21411.272456	14611.558868	-19446.129435	-28425.048700	-33115.875198	-2133.943395	-42261.091442	-21666.596433	-3416.151216	14176.728031	-0.037293	0.963472	-0.208945	192.000000	0.000000	0.000000	0.000000	0.000000	0.000000	0.000000	0.000000	0.000000	0.000000	1741810915.043552	0.000000
64.000000	-8730.077294	-27472.864386	-34053.799099	-33377.971754	-39191.615783	3114.000334	-21410.110165	14593.945693	-19441.144996	-28418.812563	-33113.461210	-2145.186322	-42257.157535	-21671.714982	-3470.354196	14152.766961	-0.037293	0.963472	-0.208945	192.000000	0.000000	0.000000	0.000000	0.000000	0.000000	0.000000	0.000000	0.000000	0.000000	1741810915.043575	0.000000
66.000000	-8725.137559	-27478.049991	-34054.626114	-33380.363390	-39195.437931	3111.318125	-21416.838040	14610.038949	-19447.135263	-28425.451031	-33111.896588	-2129.204825	-42261.694939	-21670.619747	-3422.163835	14182.561837	-0.037293	0.963472	-0.208945	192.000000	0.000000	0.000000	0.000000	0.000000	0.000000	0.000000	0.000000	0.000000	0.000000	1741810915.043597	0.000000
68.000000	-8709.826614	-27459.185119	-34039.248114	-33362.906678	-39177.712998	3128.305450	-21409.283150	14576.064298	-19446.040028	-28422.522953	-33112.164809	-2146.683889	-42257.246942	-21671.022078	-3469.795402	14162.646432	-0.037293	0.963472	-0.208945	192.000000	0.000000	0.000000	0.000000	0.000000	0.000000	0.000000	0.000000	0.000000	0.000000	1741810915.043621	0.000000
70.000000	-8726.322201	-27466.449436	-34046.668893	-33370.215699	-39185.044370	3122.024610	-21411.093642	14611.849441	-19435.735874	-28415.236284	-33101.391268	-2118.498339	-42251.480192	-21659.577985	-3430.143408	14201.024377	-0.038647	0.962736	-0.207473	192.000000	127.000000	96.000000	15.000000	8.000000	124.500000	72.000000	0.000000	0.000000	0.000000	1741810915.043644	0.000000
72.000000	-8709.401930	-27455.474729	-34031.894390	-33358.905716	-39175.075492	3130.630032	-21405.840982	14581.652234	-19434.461824	-28412.911703	-33101.815951	-2143.420535	-42247.836858	-21655.286450	-3455.803210	14177.130363	-0.038647	0.962736	-0.207473	192.000000	0.000000	0.000000	0.000000	0.000000	0.000000	0.000000	0.000000	0.000000	0.000000	1741810915.043678	0.000000
74.000000	-8724.623468	-27471.545633	-34043.182021	-33375.513062	-39189.827644	3110.982849	-21410.333682	14615.470423	-19435.244135	-28419.863095	-33095.378649	-2121.985212	-42250.787288	-21658.683915	-3421.716800	14200.018549	-0.038647	0.962736	-0.207473	192.000000	0.000000	0.000000	0.000000	0.000000	0.000000	0.000000	0.000000	0.000000	0.000000	1741810915.105216	0.000000
76.000000	-8726.344553	-27466.538843	-34040.030425	-33374.797806	-39184.597335	3114.827349	-21414.915790	14562.340327	-19446.531766	-28423.215857	-33107.068611	-2152.450639	-42256.777556	-21666.663488	-3440.894597	14162.892301	-0.038647	0.962736	-0.207473	192.000000	0.000000	0.000000	0.000000	0.000000	0.000000	0.000000	0.000000	0.000000	0.000000	1741810915.105297	0.000000
78.000000	-8714.431073	-27462.247308	-34039.114003	-33369.545146	-39178.897641	3115.453197	-21400.722432	14599.153650	-19435.355894	-28417.404403	-33100.251329	-2128.869549	-42251.524896	-21664.830645	-3435.351364	14178.091488	-0.038647	0.962736	-0.207473	192.000000	0.000000	0.000000	0.000000	0.000000	0.000000	0.000000	0.000000	0.000000	0.000000	1741810915.105325	0.000000
80.000000	-8723.908213	-27457.911069	-34038.108175	-33371.959135	-39183.189176	3121.354058	-21410.870124	14569.247016	-19441.681438	-28427.507392	-33104.654623	-2147.063869	-42259.504468	-21672.139665	-3425.784817	14167.519113	-0.041323	0.963368	-0.207736	192.000000	127.000000	80.000000	15.000000	16.000000	124.500000	64.000000	0.000000	0.000000	0.000000	1741810915.105352	0.000000
82.000000	-8715.883936	-27463.141377	-34038.398747	-33360.537393	-39186.117254	3130.004183	-21400.901246	14609.703673	-19437.009923	-28417.270293	-33093.657564	-2125.449732	-42252.575428	-21657.745142	-3431.439809	14182.673595	-0.041323	0.963368	-0.207736	192.000000	0.000000	0.000000	0.000000	0.000000	0.000000	0.000000	0.000000	0.000000	0.000000	1741810915.105377	0.000000
84.000000	-8723.014143	-27461.934383	-34039.873962	-33368.069931	-39191.749894	3131.501750	-21418.089738	14567.056545	-19442.284935	-28413.045813	-33103.559387	-2136.111514	-42260.890277	-21657.834549	-3416.374733	14176.705680	-0.041323	0.963368	-0.207736	192.000000	0.000000	0.000000	0.000000	0.000000	0.000000	0.000000	0.000000	0.000000	0.000000	1741810915.105415	0.000000
86.000000	-8720.354285	-27465.935345	-34045.774823	-33372.093245	-39194.096827	3120.057657	-21408.120860	14599.108946	-19431.533746	-28414.185752	-33094.976317	-2122.722819	-42254.207105	-21657.119293	-3435.820751	14181.019566	-0.041323	0.963368	-0.207736	192.000000	0.000000	0.000000	0.000000	0.000000	0.000000	0.000000	0.000000	0.000000	0.000000	1741810915.105438	0.000000
88.000000	-8721.740093	-27465.778883	-34042.422061	-33374.082550	-39185.044370	3118.314221	-21413.239409	14547.342306	-19438.507490	-28418.566694	-33099.714887	-2137.117343	-42256.956370	-21668.943366	-3418.028762	14164.993365	-0.041323	0.963368	-0.207736	192.000000	0.000000	0.000000	0.000000	0.000000	0.000000	0.000000	0.000000	0.000000	0.000000	1741810915.105462	0.000000
90.000000	-8724.534061	-27469.690438	-34047.048872	-33372.316762	-39185.580812	3110.982849	-21400.253046	14586.927245	-19444.944792	-28427.999130	-33101.480675	-2134.122209	-42257.850439	-21667.803427	-3455.937321	14162.244101	-0.039662	0.964684	-0.205868	192.000000	127.000000	104.000000	15.000000	24.000000	124.500000	80.000000	0.000000	0.000000	0.000000	1741810915.163978	0.000000
92.000000	-8729.585556	-27470.897433	-34052.502698	-33385.750161	-39195.594394	3106.065465	-21417.709758	14555.925376	-19442.620211	-28435.330502	-33108.700288	-2147.756773	-42264.935942	-21673.816046	-3409.490396	14169.150790	-0.039662	0.964684	-0.205868	192.000000	0.000000	0.000000	0.000000	0.000000	0.000000	0.000000	0.000000	0.000000	0.000000	1741810915.164006	0.000000
94.000000	-8717.157986	-27466.717656	-34049.596971	-33372.093245	-39195.147359	3112.435712	-21401.772964	14585.183809	-19434.662990	-28424.378148	-33100.698364	-2144.202846	-42257.045776	-21664.361258	-3463.715728	14159.852464	-0.039662	0.964684	-0.205868	192.000000	0.000000	0.000000	0.000000	0.000000	0.000000	0.000000	0.000000	0.000000	0.000000	1741810915.164047	0.000000
96.000000	-8723.125902	-27462.895508	-34048.434681	-33377.211795	-39199.438894	3111.809863	-21420.526078	14561.133332	-19442.150824	-28435.017578	-33101.346564	-2141.006546	-42266.746434	-21677.839360	-3406.472910	14178.873799	-0.039662	0.964684	-0.205868	192.000000	0.000000	0.000000	0.000000	0.000000	0.000000	0.000000	0.000000	0.000000	0.000000	1741810915.164073	0.000000
98.000000	-8726.031628	-27467.455264	-34054.313189	-33376.071856	-39199.036562	3102.265668	-21407.740880	14591.554057	-19439.490967	-28425.048700	-33100.474846	-2139.419572	-42262.454899	-21667.736371	-3464.945074	14163.741668	-0.039662	0.964684	-0.205868	192.000000	0.000000	0.000000	0.000000	0.000000	0.000000	0.000000	0.000000	0.000000	0.000000	1741810915.164096	0.000000
100.000000	-8720.622506	-27457.821662	-34046.087747	-33377.077684	-39192.018115	3110.714628	-21413.887610	14558.808751	-19448.833996	-28431.038967	-33110.488428	-2142.213540	-42275.620076	-21674.933633	-3403.343666	14175.118706	-0.035831	0.965342	-0.203934	192.000000	127.500000	0.000000	15.000000	24.000000	124.500000	88.000000	0.000000	0.000000	0.000000	1741810915.164120	0.000000
102.000000	-8722.343591	-27456.972296	-34043.629055	-33364.851280	-39185.536109	3114.961459	-21396.699118	14574.298510	-19434.171252	-28415.817430	-33092.852902	-2136.647956	-42255.123526	-21653.878290	-3475.606856	14158.891339	-0.035831	0.965342	-0.203934	192.000000	0.000000	0.000000	0.000000	0.000000	0.000000	0.000000	0.000000	0.000000	0.000000	1741810915.164145	0.000000
104.000000	-8730.904309	-27464.393075	-34050.312227	-33379.335210	-39192.331039	3110.245241	-21406.936217	14566.207178	-19441.927307	-28429.362587	-33103.715849	-2138.570206	-42267.752262	-21671.200892	-3403.030742	14185.936950	-0.035831	0.965342	-0.203934	192.000000	0.000000	0.000000	0.000000	0.000000	0.000000	0.000000	0.000000	0.000000	0.000000	1741810915.223356	0.000000
106.000000	-8718.521442	-27458.671028	-34045.283085	-33370.953306	-39179.299972	3113.329782	-21391.714679	14560.395725	-19440.474443	-28422.701767	-33099.401963	-2148.069697	-42259.504468	-21663.288374	-3461.771126	14157.259662	-0.035831	0.965342	-0.203934	192.000000	0.000000	0.000000	0.000000	0.000000	0.000000	0.000000	0.000000	0.000000	0.000000	1741810915.223398	0.000000
108.000000	-8719.773140	-27457.329924	-34045.685416	-33373.881385	-39177.154205	3119.834139	-21397.213208	14568.956443	-19433.299534	-28418.678453	-33098.664355	-2133.742229	-42259.280951	-21661.120255	-3399.029779	14185.154639	-0.035831	0.965342	-0.203934	192.000000	0.000000	0.000000	0.000000	0.000000	0.000000	0.000000	0.000000	0.000000	0.000000	1741810915.223421	0.000000
110.000000	-8719.236698	-27452.971334	-34047.808832	-33368.293448	-39177.400074	3121.778741	-21390.306519	14574.924359	-19434.998266	-28414.319863	-33100.005460	-2145.074564	-42252.664835	-21654.124159	-3460.765298	14155.516226	-0.034915	0.963671	-0.203967	192.000000	127.000000	120.000000	15.000000	8.000000	124.500000	80.000000	0.000000	0.000000	0.000000	1741810915.223444	0.000000
112.000000	-8720.823672	-27449.395055	-34041.192715	-33366.080626	-39177.444777	3128.998355	-21387.669013	14592.582237	-19439.736836	-28419.237246	-33102.173579	-2125.963822	-42263.058396	-21654.884118	-3403.924811	14188.529752	-0.034915	0.963671	-0.203967	192.000000	0.000000	0.000000	0.000000	0.000000	0.000000	0.000000	0.000000	0.000000	0.000000	1741810915.223468	0.000000
114.000000	-8723.729399	-27462.269659	-34041.416233	-33366.661771	-39184.351466	3120.705857	-21388.339566	14577.383051	-19441.569679	-28414.655139	-33099.401963	-2141.811209	-42263.550134	-21650.234956	-3455.400879	14170.804819	-0.034915	0.963671	-0.203967	192.000000	0.000000	0.000000	0.000000	0.000000	0.000000	0.000000	0.000000	0.000000	0.000000	1741810915.223490	0.000000
116.000000	-8724.042323	-27467.030581	-34036.901180	-33367.399379	-39180.261097	3119.275346	-21392.899322	14582.479248	-19444.028371	-28420.399537	-33104.453457	-2132.356421	-42261.247904	-21655.040581	-3413.558413	14191.346072	-0.034915	0.963671	-0.203967	192.000000	0.000000	0.000000	0.000000	0.000000	0.000000	0.000000	0.000000	0.000000	0.000000	1741810915.223521	0.000000
118.000000	-8735.106437	-27485.247253	-34056.548364	-33384.699629	-39198.388362	3099.359941	-21406.645645	14556.685335	-19459.272261	-28427.239171	-33114.265873	-2158.552666	-42259.146840	-21669.010421	-3462.039347	14163.138171	-0.034915	0.963671	-0.203967	192.000000	0.000000	0.000000	0.000000	0.000000	0.000000	0.000000	0.000000	0.000000	0.000000	1741810915.223547	0.000000
120.000000	-8734.793512	-27479.391096	-34054.939038	-33384.342001	-39198.656583	3099.784625	-21410.333682	14573.426792	-19463.474389	-28442.818337	-33125.620559	-2152.718860	-42277.408216	-21681.549750	-3426.142445	14176.549217	-0.034458	0.965835	-0.203984	192.000000	127.000000	120.000000	15.000000	32.000000	124.500000	80.000000	0.000000	0.000000	0.000000	1741810915.283651	0.000000
122.000000	-8721.494224	-27470.673915	-34045.037215	-33378.128216	-39190.699362	3107.585383	-21408.925522	14537.507538	-19453.147883	-28430.524877	-33113.528265	-2159.133811	-42263.997169	-21671.402058	-3465.660330	14153.504569	-0.034458	0.965835	-0.203984	192.000000	0.000000	0.000000	0.000000	0.000000	0.000000	0.000000	0.000000	0.000000	0.000000	1741810915.283682	0.000000
124.000000	-8728.915003	-27474.026677	-34058.940000	-33386.934803	-39198.589527	3096.431863	-21411.227752	14587.262522	-19449.146920	-28436.582200	-33111.762477	-2135.485665	-42269.629809	-21673.950156	-3443.397992	14177.398584	-0.034458	0.965835	-0.203984	192.000000	0.000000	0.000000	0.000000	0.000000	0.000000	0.000000	0.000000	0.000000	0.000000	1741810915.283705	0.000000
126.000000	-8721.628335	-27467.924651	-34048.680550	-33383.246766	-39191.146397	3101.595116	-21411.004235	14550.046867	-19456.411237	-28428.312055	-33116.098716	-2157.926817	-42269.719216	-21668.406924	-3458.708937	14150.889415	-0.034458	0.965835	-0.203984	192.000000	0.000000	0.000000	0.000000	0.000000	0.000000	0.000000	0.000000	0.000000	0.000000	1741810915.283740	0.000000
128.000000	-8723.528233	-27471.009191	-34054.201431	-33384.274946	-39197.695458	3094.844889	-21407.651473	14594.348025	-19451.873833	-28428.915552	-33110.175504	-2141.610043	-42276.849422	-21675.134799	-3452.673966	14173.844656	-0.034458	0.965835	-0.203984	192.000000	0.000000	0.000000	0.000000	0.000000	0.000000	0.000000	0.000000	0.000000	0.000000	1741810915.283770	0.000000
130.000000	-8711.659457	-27452.636057	-34040.388053	-33373.568460	-39186.407827	3110.535814	-21409.461964	14550.985640	-19444.833034	-28420.041909	-33107.158018	-2154.439945	-42258.990378	-21660.382648	-3456.607873	14145.860272	-0.037229	0.964918	-0.205992	192.000000	127.000000	96.000000	15.000000	16.000000	124.500000	64.000000	0.000000	0.000000	0.000000	1741810915.283792	0.000000
132.000000	-8714.341666	-27461.241479	-34049.284047	-33378.105864	-39195.639097	3105.149043	-21406.511534	14591.509353	-19440.787368	-28415.996243	-33100.899530	-2129.987136	-42262.164326	-21661.790807	-3461.860533	14159.740705	-0.037229	0.964918	-0.205992	192.000000	0.000000	0.000000	0.000000	0.000000	0.000000	0.000000	0.000000	0.000000	0.000000	1741810915.283817	0.000000
134.000000	-8711.570050	-27453.328962	-34048.792308	-33377.994106	-39195.728504	3115.989639	-21420.414319	14547.319954	-19444.229537	-28418.365528	-33106.085134	-2147.533256	-42267.059358	-21669.792732	-3433.451466	14151.537615	-0.037229	0.964918	-0.205992	192.000000	0.000000	0.000000	0.000000	0.000000	0.000000	0.000000	0.000000	0.000000	0.000000	1741810915.283841	0.000000
136.000000	-8715.101625	-27454.044217	-34058.895297	-33378.128216	-39202.031696	3112.569822	-21422.180107	14585.452030	-19441.144996	-28416.487982	-33108.879102	-2136.290328	-42264.153631	-21664.271851	-3460.117097	14159.919519	-0.037229	0.964918	-0.205992	192.000000	0.000000	0.000000	0.000000	0.000000	0.000000	0.000000	0.000000	0.000000	0.000000	1741810915.345011	0.000000
138.000000	-8714.453425	-27460.995610	-34048.389977	-33374.574289	-39189.447664	3124.237433	-21425.577572	14546.604698	-19439.155691	-28416.510334	-33102.799428	-2138.525503	-42258.476288	-21657.745142	-3426.790646	14161.819418	-0.037229	0.964918	-0.205992	192.000000	0.000000	0.000000	0.000000	0.000000	0.000000	0.000000	0.000000	0.000000	0.000000	1741810915.345082	0.000000
140.000000	-8711.592401	-27471.478578	-34060.191698	-33380.341039	-39193.314516	3114.693238	-21424.884668	14580.646405	-19452.812606	-28423.886409	-33111.069573	-2137.251453	-42267.037006	-21660.539110	-3460.161800	14161.886473	-0.039614	0.964459	-0.205996	192.000000	127.000000	88.000000	15.000000	16.000000	124.500000	72.000000	0.000000	0.000000	0.000000	1741810915.345109	0.000000
142.000000	-8713.626410	-27463.990744	-34050.111061	-33380.564556	-39192.532205	3116.235508	-21431.791357	14550.963289	-19446.375304	-28420.064261	-33110.019041	-2135.418610	-42259.124489	-21659.935613	-3420.845082	14166.714450	-0.039614	0.964459	-0.205996	192.000000	0.000000	0.000000	0.000000	0.000000	0.000000	0.000000	0.000000	0.000000	0.000000	1741810915.345133	0.000000
144.000000	-8717.627372	-27466.717656	-34056.928343	-33378.128216	-39195.482635	3107.048941	-21430.651418	14575.684318	-19440.943830	-28417.359700	-33106.509817	-2128.042534	-42255.414099	-21667.244633	-3470.443603	14156.991441	-0.039614	0.964459	-0.205996	192.000000	0.000000	0.000000	0.000000	0.000000	0.000000	0.000000	0.000000	0.000000	0.000000	1741810915.345157	0.000000
146.000000	-8718.990829	-27465.376552	-34056.123681	-33385.996030	-39197.047257	3107.361866	-21454.746599	14543.117826	-19458.624060	-28432.558886	-33122.737184	-2139.441924	-42271.641466	-21675.112447	-3406.338800	14166.781505	-0.039614	0.964459	-0.205996	192.000000	0.000000	0.000000	0.000000	0.000000	0.000000	0.000000	0.000000	0.000000	0.000000	1741810915.345180	0.000000
148.000000	-8708.150233	-27470.092770	-34050.200468	-33374.686047	-39190.520548	3108.814729	-21438.921563	14563.636728	-19441.994362	-28421.383014	-33108.119143	-2133.161084	-42258.543343	-21667.289337	-3467.515524	14146.150845	-0.039614	0.964459	-0.205996	192.000000	0.000000	0.000000	0.000000	0.000000	0.000000	0.000000	0.000000	0.000000	0.000000	1741810915.345213	0.000000
150.000000	-8711.435939	-27471.411523	-34051.899201	-33385.571347	-39192.219280	3109.507633	-21444.777721	14547.096437	-19441.167348	-28425.451031	-33108.320309	-2130.970613	-42252.508372	-21674.128970	-3407.635201	14164.456924	-0.039807	0.964229	-0.202998	192.000000	127.000000	96.000000	15.000000	16.000000	124.500000	96.000000	0.000000	0.000000	0.000000	1741810915.404696	0.000000
152.000000	-8706.987942	-27472.372648	-34051.005131	-33379.938707	-39187.190138	3108.993543	-21425.778738	14557.802922	-19443.626039	-28423.774651	-33107.694460	-2136.715011	-42249.602646	-21667.781075	-3472.030577	14141.591089	-0.039807	0.964229	-0.202998	192.000000	0.000000	0.000000	0.000000	0.000000	0.000000	0.000000	0.000000	0.000000	0.000000	1741810915.404771	0.000000
154.000000	-8708.597268	-27464.080151	-34051.921553	-33380.922184	-39187.815987	3119.454160	-21432.931296	14547.901100	-19449.057513	-28429.787270	-33114.399983	-2125.248566	-42258.073957	-21669.099828	-3406.249393	14168.748458	-0.039807	0.964229	-0.202998	192.000000	0.000000	0.000000	0.000000	0.000000	0.000000	0.000000	0.000000	0.000000	0.000000	1741810915.404794	0.000000
156.000000	-8680.098794	-27449.819738	-34038.108175	-33361.319704	-39171.298047	3131.546453	-21409.283150	14556.148893	-19423.241249	-28402.473438	-33088.963698	-2116.911366	-42241.131334	-21646.524566	-3470.935341	14146.262604	-0.039807	0.964229	-0.202998	192.000000	0.000000	0.000000	0.000000	0.000000	0.000000	0.000000	0.000000	0.000000	0.000000	1741810915.404818	0.000000
158.000000	-8695.029759	-27445.684665	-34038.845782	-33369.768664	-39174.650809	3125.198558	-21417.977979	14569.582292	-19425.968161	-28406.787325	-33089.947175	-2102.025104	-42249.647349	-21652.738351	-3401.421416	14175.699851	-0.039807	0.964229	-0.202998	192.000000	0.000000	0.000000	0.000000	0.000000	0.000000	0.000000	0.000000	0.000000	0.000000	1741810915.404854	0.000000
160.000000	-8697.331988	-27454.960639	-34047.115928	-33368.449911	-39180.708132	3121.778741	-21419.542601	14566.430696	-19424.358836	-28408.217836	-33090.438913	-2116.620793	-42250.250846	-21658.728618	-3457.859571	14150.151807	-0.034904	0.964115	-0.200499	192.000000	127.500000	8.000000	15.000000	16.000000	124.500000	104.000000	0.000000	0.000000	0.000000	1741810915.404882	0.000000
162.000000	-8705.646837	-27466.181215	-34055.609590	-33381.883309	-39190.967583	3111.832215	-21432.685427	14577.427754	-19431.869022	-28419.997206	-33099.357259	-2112.329258	-42258.900971	-21664.964755	-3399.320352	14181.041918	-0.034904	0.964115	-0.200499	192.000000	0.000000	0.000000	0.000000	0.000000	0.000000	0.000000	0.000000	0.000000	0.000000	1741810915.404910	0.000000
164.000000	-8697.019064	-27467.678781	-34048.099404	-33373.747274	-39184.574984	3117.084875	-21426.762215	14542.603736	-19439.021580	-28421.137145	-33102.553559	-2137.229101	-42258.632750	-21668.988069	-3460.362966	14139.937060	-0.034904	0.964115	-0.200499	192.000000	0.000000	0.000000	0.000000	0.000000	0.000000	0.000000	0.000000	0.000000	0.000000	1741810915.404933	0.000000
166.000000	-8710.966553	-27480.687497	-34065.019675	-33391.583966	-39196.868443	3100.633991	-21428.058616	14561.625071	-19446.598821	-28428.915552	-33110.510780	-2123.639241	-42263.505431	-21673.167845	-3416.419437	14168.904921	-0.034904	0.964115	-0.200499	192.000000	0.000000	0.000000	0.000000	0.000000	0.000000	0.000000	0.000000	0.000000	0.000000	1741810915.465071	0.000000
168.000000	-8706.093872	-27473.490235	-34054.290838	-33377.122388	-39186.229013	3113.083913	-21410.154868	14526.354018	-19452.410275	-28429.742566	-33114.690556	-2145.789819	-42259.437413	-21663.377781	-3463.000472	14136.874871	-0.034904	0.964115	-0.200499	192.000000	0.000000	0.000000	0.000000	0.000000	0.000000	0.000000	0.000000	0.000000	0.000000	1741810915.465101	0.000000
170.000000	-8706.049169	-27468.326982	-34049.708730	-33371.556803	-39184.619687	3120.258822	-21411.428918	14557.668812	-19450.443322	-28424.244037	-33109.840227	-2120.442941	-42255.503506	-21662.550767	-3433.719687	14169.195493	-0.032452	0.961057	-0.198249	192.000000	127.500000	8.000000	14.500000	120.000000	124.500000	112.000000	0.000000	0.000000	0.000000	1741810915.465137	0.000000
172.000000	-8706.630314	-27468.528148	-34046.199506	-33372.361466	-39180.663428	3122.382238	-21407.159735	14534.110073	-19446.777635	-28421.092441	-33101.167750	-2134.748058	-42248.797983	-21661.433180	-3456.920797	14154.420990	-0.032452	0.961057	-0.198249	192.000000	0.000000	0.000000	0.000000	0.000000	0.000000	0.000000	0.000000	0.000000	0.000000	1741810915.465162	0.000000
174.000000	-8702.137614	-27465.018924	-34044.344311	-33368.762835	-39179.992876	3125.355020	-21397.414374	14571.683356	-19449.079865	-28426.479212	-33104.922844	-2120.174720	-42254.832954	-21661.388476	-3424.756637	14171.296557	-0.032452	0.961057	-0.198249	192.000000	0.000000	0.000000	0.000000	0.000000	0.000000	0.000000	0.000000	0.000000	0.000000	1741810915.465185	0.000000
176.000000	-8703.679884	-27465.354200	-34038.890486	-33365.924164	-39181.445739	3125.019744	-21404.857505	14540.837948	-19446.755284	-28416.487982	-33097.077381	-2127.371982	-42250.720233	-21654.884118	-3431.417457	14155.918557	-0.032452	0.961057	-0.198249	192.000000	0.000000	0.000000	0.000000	0.000000	0.000000	0.000000	0.000000	0.000000	0.000000	1741810915.465208	0.000000
178.000000	-8706.317390	-27467.030581	-34040.633922	-33363.912507	-39183.435045	3121.912852	-21398.934293	14579.461763	-19446.487063	-28414.297511	-33098.597300	-2110.541118	-42252.933056	-21655.062932	-3428.243509	14177.040956	-0.032452	0.961057	-0.198249	192.000000	0.000000	0.000000	0.000000	0.000000	0.000000	0.000000	0.000000	0.000000	0.000000	1741810915.465230	0.000000
180.000000	-8701.422358	-27450.445586	-34030.776802	-33361.543222	-39175.746045	3124.684468	-21409.238447	14524.141195	-19453.013772	-28418.656101	-33106.040431	-2133.451657	-42257.470460	-21661.097903	-3417.782893	14162.534674	-0.032226	0.959529	-0.197125	192.000000	127.500000	0.000000	14.500000	120.000000	124.500000	112.000000	0.000000	0.000000	0.000000	1741810915.525275	0.000000
182.000000	-8698.427224	-27447.562211	-34033.526067	-33354.055387	-39174.941382	3117.621317	-21405.170429	14565.000184	-19438.529842	-28405.312110	-33089.321326	-2106.875432	-42244.193523	-21648.089188	-3447.488361	14172.771772	-0.032226	0.959529	-0.197125	192.000000	0.000000	0.000000	0.000000	0.000000	0.000000	0.000000	0.000000	0.000000	0.000000	1741810915.525303	0.000000
184.000000	-8676.589570	-27436.699264	-34019.623282	-33344.399434	-39164.659579	3131.032363	-21402.577627	14530.332629	-19433.768920	-28400.148857	-33091.064762	-2114.832653	-42240.125506	-21644.758778	-3427.684716	14174.090525	-0.032226	0.959529	-0.197125	192.000000	0.000000	0.000000	0.000000	0.000000	0.000000	0.000000	0.000000	0.000000	0.000000	1741810915.525339	0.000000
186.000000	-8690.626465	-27448.098653	-34040.253942	-33349.965018	-39178.227088	3116.816654	-21399.180162	14588.491868	-19422.034254	-28392.750429	-33083.956907	-2092.257391	-42235.319881	-21643.954115	-3456.362004	14186.115764	-0.032226	0.959529	-0.197125	192.000000	0.000000	0.000000	0.000000	0.000000	0.000000	0.000000	0.000000	0.000000	0.000000	1741810915.525361	0.000000
188.000000	-8687.407814	-27451.071435	-34037.750547	-33360.783262	-39175.299010	3117.598965	-21408.567895	14542.693143	-19441.413217	-28412.107040	-33102.441800	-2121.269956	-42249.155611	-21660.494406	-3409.289230	14177.711508	-0.032226	0.959529	-0.197125	192.000000	0.000000	0.000000	0.000000	0.000000	0.000000	0.000000	0.000000	0.000000	0.000000	1741810915.525383	0.000000
190.000000	-8678.109488	-27446.176403	-34024.853590	-33348.758024	-39158.714015	3126.092628	-21380.829380	14576.533684	-19423.174193	-28399.813580	-33087.488483	-2109.356476	-42238.404422	-21643.708246	-3467.850800	14165.596863	-0.031113	0.961764	-0.198562	192.000000	127.500000	8.000000	15.000000	16.000000	124.500000	96.000000	0.000000	0.000000	0.000000	1741810915.525407	0.000000
192.000000	-8691.274666	-27451.026732	-34035.805945	-33368.047579	-39169.554611	3120.974078	-21398.040223	14548.482245	-19435.355894	-28411.816467	-33096.384477	-2122.342840	-42244.908779	-21655.420560	-3408.305753	14183.701776	-0.031113	0.961764	-0.198562	192.000000	0.000000	0.000000	0.000000	0.000000	0.000000	0.000000	0.000000	0.000000	0.000000	1741810915.525443	0.000000
194.000000	-8671.158096	-27444.634133	-34027.267579	-33351.127309	-39157.104690	3133.379296	-21376.627252	14571.906873	-19424.560001	-28406.854380	-33089.723657	-2120.711162	-42237.353890	-21649.050313	-3465.548571	14168.368479	-0.031113	0.961764	-0.198562	192.000000	0.000000	0.000000	0.000000	0.000000	0.000000	0.000000	0.000000	0.000000	0.000000	1741810915.525466	0.000000
196.000000	-8682.333968	-27454.021866	-34032.676701	-33361.185594	-39165.799518	3129.892424	-21386.216150	14558.562882	-19424.895278	-28405.334461	-33084.806274	-2112.977459	-42231.743602	-21640.221374	-3409.378637	14192.530715	-0.031113	0.961764	-0.198562	192.000000	0.000000	0.000000	0.000000	0.000000	0.000000	0.000000	0.000000	0.000000	0.000000	1741810915.584172	0.000000
198.000000	-8691.721701	-27465.533014	-34048.948771	-33372.741446	-39173.488518	3113.441540	-21389.546560	14572.264501	-19438.909821	-28419.013729	-33100.005460	-2134.323375	-42248.350948	-21657.119293	-3457.993681	14168.949624	-0.031113	0.961764	-0.198562	192.000000	0.000000	0.000000	0.000000	0.000000	0.000000	0.000000	0.000000	0.000000	0.000000	1741810915.584198	0.000000
200.000000	-8692.526363	-27455.787653	-34043.360835	-33374.484882	-39168.705245	3120.862320	-21392.474639	14556.417114	-19444.631868	-28424.579313	-33110.130800	-2134.390430	-42255.212933	-21660.516758	-3400.147367	14176.862142	-0.027556	0.962882	-0.199281	192.000000	127.500000	32.000000	15.000000	16.000000	124.500000	96.000000	0.000000	0.000000	0.000000	1741810915.584221	0.000000
202.000000	-8700.438881	-27469.824549	-34047.339445	-33368.494614	-39166.268905	3120.661154	-21385.098563	14576.287815	-19441.636734	-28413.828124	-33102.352393	-2135.865645	-42243.031233	-21655.778188	-3472.678777	14160.679479	-0.027556	0.962882	-0.199281	192.000000	0.000000	0.000000	0.000000	0.000000	0.000000	0.000000	0.000000	0.000000	0.000000	1741810915.584261	0.000000
204.000000	-8696.482622	-27469.131645	-34046.691244	-33376.518890	-39171.901545	3117.487206	-21395.469772	14575.438449	-19447.783464	-28432.804755	-33111.985995	-2132.848159	-42254.542381	-21666.618784	-3405.400026	14178.247950	-0.027556	0.962882	-0.199281	192.000000	0.000000	0.000000	0.000000	0.000000	0.000000	0.000000	0.000000	0.000000	0.000000	1741810915.584286	0.000000
206.000000	-8685.664378	-27463.811930	-34037.504677	-33364.136024	-39161.396225	3126.629070	-21377.811894	14576.377222	-19440.563850	-28418.656101	-33100.586605	-2134.457485	-42244.037061	-21654.526491	-3471.337673	14156.812627	-0.027556	0.962882	-0.199281	192.000000	0.000000	0.000000	0.000000	0.000000	0.000000	0.000000	0.000000	0.000000	0.000000	1741810915.584309	0.000000
208.000000	-8688.883029	-27469.288107	-34042.690282	-33373.143777	-39172.527393	3116.883709	-21395.872104	14584.200333	-19445.369476	-28430.591933	-33106.308652	-2124.578014	-42253.849477	-21665.702363	-3404.349494	14187.501572	-0.027556	0.962882	-0.199281	192.000000	0.000000	0.000000	0.000000	0.000000	0.000000	0.000000	0.000000	0.000000	0.000000	1741810915.584336	0.000000
210.000000	-8683.406852	-27463.074322	-34035.671834	-33361.632629	-39163.944324	3122.806921	-21384.696231	14566.631862	-19443.357819	-28420.243075	-33097.569120	-2135.642127	-42244.953483	-21658.482749	-3465.660330	14158.757229	-0.024778	0.964441	-0.199641	192.000000	127.500000	40.000000	15.000000	24.000000	124.500000	96.000000	0.000000	0.000000	0.000000	1741810915.644477	0.000000
212.000000	-8689.128898	-27463.834281	-34036.431794	-33363.443120	-39168.057045	3121.398761	-21389.658319	14576.064298	-19447.716409	-28428.200296	-33104.341698	-2119.861796	-42251.748413	-21661.567290	-3411.345591	14191.726052	-0.024778	0.964441	-0.199641	192.000000	0.000000	0.000000	0.000000	0.000000	0.000000	0.000000	0.000000	0.000000	0.000000	1741810915.644505	0.000000
214.000000	-8683.429203	-27455.161805	-34034.241323	-33360.179765	-39162.044425	3123.432770	-21384.785638	14557.154722	-19435.847632	-28412.799944	-33094.886910	-2125.986174	-42239.879637	-21649.251479	-3474.690434	14165.999194	-0.024778	0.964441	-0.199641	192.000000	0.000000	0.000000	0.000000	0.000000	0.000000	0.000000	0.000000	0.000000	0.000000	1741810915.644545	0.000000
216.000000	-8680.590532	-27454.938287	-34037.102346	-33365.365370	-39169.532260	3117.464854	-21384.919749	14583.395670	-19432.383112	-28414.722194	-33094.797503	-2109.334124	-42246.629864	-21652.134854	-3421.090951	14190.228485	-0.024778	0.964441	-0.199641	192.000000	0.000000	0.000000	0.000000	0.000000	0.000000	0.000000	0.000000	0.000000	0.000000	1741810915.644571	0.000000
218.000000	-8684.569142	-27450.892621	-34035.381262	-33357.117576	-39172.214469	3127.321974	-21385.120915	14542.134350	-19433.053664	-28415.951540	-33100.676012	-2131.060020	-42249.960273	-21657.409866	-3453.456277	14164.054592	-0.024778	0.964441	-0.199641	192.000000	0.000000	0.000000	0.000000	0.000000	0.000000	0.000000	0.000000	0.000000	0.000000	1741810915.644594	0.000000
220.000000	-8681.082270	-27444.432967	-34032.028500	-33341.739576	-39171.029827	3139.615433	-21380.315290	14561.356850	-19424.202374	-28403.211046	-33090.170692	-2097.063017	-42248.797983	-21638.321476	-3434.166722	14192.441308	-0.022389	0.965221	-0.197820	192.000000	127.500000	48.000000	15.000000	24.000000	124.500000	112.000000	0.000000	0.000000	0.000000	1741810915.644624	0.000000
222.000000	-8683.987997	-27442.398958	-34031.648520	-33346.388739	-39175.656638	3133.133427	-21391.893493	14527.806881	-19424.537650	-28396.997261	-33088.047277	-2109.892918	-42247.278064	-21635.952191	-3456.987853	14176.951549	-0.022389	0.965221	-0.197820	192.000000	0.000000	0.000000	0.000000	0.000000	0.000000	0.000000	0.000000	0.000000	0.000000	1741810915.644653	0.000000
224.000000	-8679.405889	-27437.816851	-34026.731137	-33350.680274	-39168.817004	3127.791360	-21378.393040	14564.463742	-19424.068263	-28402.831066	-33087.577890	-2095.900726	-42249.066204	-21647.329229	-3444.716745	14191.413127	-0.022389	0.965221	-0.197820	192.000000	0.000000	0.000000	0.000000	0.000000	0.000000	0.000000	0.000000	0.000000	0.000000	1741810915.644682	0.000000
226.000000	-8705.423320	-27458.402808	-34048.412329	-33373.389646	-39186.117254	3114.045038	-21397.414374	14531.003181	-19433.433644	-28412.509371	-33099.603128	-2117.246642	-42261.471422	-21659.175653	-3451.511675	14167.563816	-0.022389	0.965221	-0.197820	192.000000	0.000000	0.000000	0.000000	0.000000	0.000000	0.000000	0.000000	0.000000	0.000000	1741810915.704695	0.000000
228.000000	-8705.356265	-27464.370723	-34055.073149	-33371.601507	-39185.558460	3111.362828	-21389.971243	14565.916606	-19446.442359	-28421.651235	-33111.069573	-2114.787950	-42275.173041	-21664.696534	-3459.848876	14166.155656	-0.022389	0.965221	-0.197820	192.000000	0.000000	0.000000	0.000000	0.000000	0.000000	0.000000	0.000000	0.000000	0.000000	1741810915.704722	0.000000
230.000000	-8706.786776	-27471.009191	-34048.278218	-33374.842510	-39180.618725	3114.425017	-21400.454211	14531.718437	-19457.461769	-28429.496697	-33119.742050	-2136.111514	-42273.898992	-21664.763589	-3454.775030	14154.085714	-0.027195	0.965610	-0.197910	192.000000	127.500000	0.000000	15.000000	24.000000	124.500000	104.000000	0.000000	0.000000	0.000000	1741810915.704745	0.000000
232.000000	-8715.749826	-27480.128703	-34049.887544	-33375.177786	-39179.434082	3111.563994	-21392.318176	14566.855379	-19457.886452	-28433.564715	-33111.293091	-2126.679078	-42270.300361	-21668.518683	-3469.616588	14163.227578	-0.027195	0.965610	-0.197910	192.000000	0.000000	0.000000	0.000000	0.000000	0.000000	0.000000	0.000000	0.000000	0.000000	1741810915.704770	0.000000
234.000000	-8703.590477	-27471.635040	-34037.035291	-33372.026190	-39169.062873	3119.387104	-21393.212246	14526.443425	-19454.265470	-28431.329540	-33110.600187	-2138.011412	-42261.873753	-21665.411790	-3445.052021	14167.899092	-0.027195	0.965610	-0.197910	192.000000	0.000000	0.000000	0.000000	0.000000	0.000000	0.000000	0.000000	0.000000	0.000000	1741810915.704794	0.000000
236.000000	-8703.366959	-27488.220035	-34044.433718	-33375.915393	-39174.315533	3108.010067	-21381.142304	14569.962271	-19456.701810	-28439.622037	-33109.504951	-2131.909386	-42259.169192	-21667.758723	-3470.175382	14170.044860	-0.027195	0.965610	-0.197910	192.000000	0.000000	0.000000	0.000000	0.000000	0.000000	0.000000	0.000000	0.000000	0.000000	1741810915.704835	0.000000
238.000000	-8696.259105	-27473.266718	-34033.257846	-33375.915393	-39164.056082	3117.867186	-21385.567949	14530.444387	-19461.775656	-28445.165270	-33112.053050	-2140.335994	-42257.224590	-21674.620709	-3431.842140	14166.602691	-0.027195	0.965610	-0.197910	192.000000	0.000000	0.000000	0.000000	0.000000	0.000000	0.000000	0.000000	0.000000	0.000000	1741810915.704858	0.000000
240.000000	-8694.918000	-27488.041221	-34041.170364	-33376.340076	-39168.124100	3108.591212	-21374.325022	14569.045850	-19455.807740	-28436.246924	-33102.687669	-2128.869549	-42241.578369	-21666.283508	-3474.779841	14163.160522	-0.032597	0.964805	-0.196955	192.000000	127.000000	104.000000	15.000000	16.000000	124.500000	112.000000	0.000000	0.000000	0.000000	1741810915.765050	0.000000
242.000000	-8698.628390	-27484.241424	-34038.622265	-33381.145702	-39170.649847	3116.950764	-21389.993595	14529.952649	-19475.209054	-28449.903840	-33113.908245	-2142.995851	-42251.368433	-21679.314575	-3411.055018	14172.682365	-0.032597	0.964805	-0.196955	192.000000	0.000000	0.000000	0.000000	0.000000	0.000000	0.000000	0.000000	0.000000	0.000000	1741810915.765077	0.000000
244.000000	-8705.400968	-27486.566006	-34044.791346	-33380.989239	-39172.303876	3111.943974	-21374.123856	14558.652289	-19461.038048	-28431.038967	-33103.917015	-2135.753886	-42243.254750	-21661.209662	-3476.478574	14163.316985	-0.032597	0.964805	-0.196955	192.000000	0.000000	0.000000	0.000000	0.000000	0.000000	0.000000	0.000000	0.000000	0.000000	1741810915.765101	0.000000
246.000000	-8701.578820	-27493.137418	-34045.864230	-33388.544129	-39171.879193	3111.452235	-21388.630138	14532.925431	-19471.632775	-28440.829032	-33114.422335	-2138.704316	-42249.714404	-21669.189235	-3418.162873	14170.894226	-0.032597	0.964805	-0.196955	192.000000	0.000000	0.000000	0.000000	0.000000	0.000000	0.000000	0.000000	0.000000	0.000000	1741810915.765139	0.000000
248.000000	-8700.237715	-27476.708886	-34046.892410	-33375.267193	-39164.704283	3113.620354	-21369.720563	14543.073123	-19464.591976	-28434.481136	-33109.594358	-2137.631433	-42245.400518	-21666.328212	-3482.133565	14144.809740	-0.032597	0.964805	-0.196955	192.000000	0.000000	0.000000	0.000000	0.000000	0.000000	0.000000	0.000000	0.000000	0.000000	1741810915.765165	0.000000
250.000000	-8700.640047	-27467.477616	-34040.633922	-33376.474187	-39168.772300	3114.000334	-21381.611691	14530.533794	-19461.283918	-28436.470441	-33111.136629	-2125.852063	-42254.318864	-21668.876310	-3414.206614	14171.654185	-0.032299	0.962403	-0.195478	192.000000	127.500000	0.000000	15.000000	0.000000	124.500000	120.000000	0.000000	0.000000	0.000000	1741810915.765187	0.000000
252.000000	-8701.779986	-27462.314363	-34042.578523	-33370.908603	-39170.113405	3113.061561	-21379.063592	14544.525986	-19457.215900	-28426.143935	-33099.156093	-2129.584805	-42249.490887	-21667.401095	-3477.394995	14149.190682	-0.032299	0.962403	-0.195478	192.000000	0.000000	0.000000	0.000000	0.000000	0.000000	0.000000	0.000000	0.000000	0.000000	1741810915.765212	0.000000
254.000000	-8707.367922	-27462.202604	-34051.340407	-33380.922184	-39183.658562	3111.742808	-21393.726336	14554.427809	-19464.077886	-28431.754223	-33108.700288	-2118.990078	-42272.066149	-21676.721773	-3403.745997	14178.382060	-0.032299	0.962403	-0.195478	192.000000	0.000000	0.000000	0.000000	0.000000	0.000000	0.000000	0.000000	0.000000	0.000000	1741810915.765235	0.000000
0.000000	-8693.062805	-27448.456281	-34039.717500	-33361.409111	-39175.366065	3127.143160	-21380.695269	14557.825274	-19444.877737	-28413.202275	-33096.540939	-2122.387543	-42259.705634	-21661.455531	-3465.772088	14157.505531	-0.032299	0.962403	-0.195478	192.000000	0.000000	0.000000	0.000000	0.000000	0.000000	0.000000	0.000000	0.000000	0.000000	1741810915.825351	0.000000
2.000000	-8686.871372	-27447.830432	-34029.636863	-33355.530602	-39172.885021	3130.294756	-21382.215188	14568.464705	-19436.965220	-28419.036081	-33089.611899	-2103.433264	-42261.784346	-21661.164959	-3407.165814	14191.189610	-0.032299	0.962403	-0.195478	192.000000	0.000000	0.000000	0.000000	0.000000	0.000000	0.000000	0.000000	0.000000	0.000000	1741810915.825393	0.000000
4.000000	-8692.951047	-27453.552479	-34036.767070	-33362.459643	-39175.567231	3115.654363	-21376.984880	14559.054620	-19433.634810	-28409.000147	-33080.961774	-2115.078523	-42255.749375	-21653.878290	-3462.396975	14167.832037	-0.036149	0.961201	-0.193739	192.000000	127.000000	96.000000	15.000000	0.000000	125.000000	0.000000	0.000000	0.000000	0.000000	1741810915.825416	0.000000
6.000000	-8694.873297	-27464.750703	-34038.979893	-33368.628725	-39169.420501	3108.479453	-21378.035412	14571.929225	-19443.760150	-28431.463651	-33097.814989	-2113.916232	-42268.579277	-21668.362220	-3411.032666	14186.026357	-0.036149	0.961201	-0.193739	192.000000	0.000000	0.000000	0.000000	0.000000	0.000000	0.000000	0.000000	0.000000	0.000000	1741810915.825440	0.000000
8.000000	-8702.115262	-27469.131645	-34036.565904	-33363.510175	-39166.090091	3109.485282	-21375.777885	14548.951632	-19452.678496	-28432.290665	-33097.233843	-2133.630470	-42265.517088	-21671.267947	-3451.489324	14157.617290	-0.036149	0.961201	-0.193739	192.000000	0.000000	0.000000	0.000000	0.000000	0.000000	0.000000	0.000000	0.000000	0.000000	1741810915.825463	0.000000
10.000000	-8701.981151	-27475.881872	-34037.504677	-33371.221527	-39169.554611	3106.221927	-21378.057763	14568.621167	-19459.495778	-28434.995226	-33096.809160	-2121.135845	-42265.427681	-21663.221319	-3410.853852	14173.978767	-0.036149	0.961201	-0.193739	192.000000	0.000000	0.000000	0.000000	0.000000	0.000000	0.000000	0.000000	0.000000	0.000000	1741810915.825485	0.000000
12.000000	-8683.406852	-27466.896470	-34024.406555	-33362.906678	-39155.942399	3121.622279	-21370.994612	14525.951687	-19461.842711	-28427.596799	-33096.384477	-2146.438020	-42253.447146	-21666.775246	-3450.081164	14149.816531	-0.036149	0.961201	-0.193739	192.000000	0.000000	0.000000	0.000000	0.000000	0.000000	0.000000	0.000000	0.000000	0.000000	1741810915.825515	0.000000
14.000000	-8702.271724	-27486.320136	-34046.624189	-33385.146664	-39175.477824	3099.650514	-21380.449400	14562.675603	-19464.390810	-28440.538459	-33102.441800	-2134.368078	-42255.168230	-21671.938499	-3427.684716	14180.930159	-0.036075	0.962601	-0.192869	192.000000	127.000000	112.000000	15.000000	16.000000	125.000000	0.000000	0.000000	0.000000	0.000000	1741810915.885654	0.000000
16.000000	-8689.710044	-27475.837168	-34027.669910	-33373.948440	-39161.619742	3111.698104	-21373.207435	14517.010989	-19465.798970	-28434.369377	-33102.978242	-2156.988043	-42250.116736	-21666.484674	-3454.260940	14146.776694	-0.036075	0.962601	-0.192869	192.000000	0.000000	0.000000	0.000000	0.000000	0.000000	0.000000	0.000000	0.000000	0.000000	1741810915.885682	0.000000
18.000000	-8698.874259	-27483.704982	-34038.599913	-33377.502367	-39170.783957	3100.812805	-21375.375554	14552.505559	-19461.485083	-28433.609418	-33099.469018	-2136.692659	-42246.361643	-21665.009459	-3445.700222	14169.866046	-0.036075	0.962601	-0.192869	192.000000	0.000000	0.000000	0.000000	0.000000	0.000000	0.000000	0.000000	0.000000	0.000000	1741810915.885705	0.000000
20.000000	-8711.704160	-27485.604881	-34050.826317	-33391.561614	-39181.781016	3091.894459	-21393.212246	14509.478451	-19474.449095	-28438.571505	-33112.433030	-2158.642073	-42256.598742	-21673.100790	-3454.372699	14147.179025	-0.036075	0.962601	-0.192869	192.000000	0.000000	0.000000	0.000000	0.000000	0.000000	0.000000	0.000000	0.000000	0.000000	1741810915.885727	0.000000
22.000000	-8708.597268	-27487.974165	-34053.374416	-33386.241899	-39180.283449	3092.877936	-21389.255987	14546.515292	-19472.728011	-28444.718235	-33115.495219	-2151.109535	-42268.646332	-21669.926842	-3467.895504	14150.621194	-0.036075	0.962601	-0.192869	192.000000	0.000000	0.000000	0.000000	0.000000	0.000000	0.000000	0.000000	0.000000	0.000000	1741810915.885764	0.000000
24.000000	-8711.368884	-27488.644718	-34055.453128	-33390.801655	-39183.412693	3090.821575	-21397.146153	14517.100396	-19470.269319	-28436.917476	-33113.930597	-2161.257227	-42260.577352	-21670.865616	-3453.679795	14151.314098	-0.035037	0.961300	-0.194435	192.000000	127.000000	120.000000	15.000000	0.000000	124.500000	112.000000	0.000000	0.000000	0.000000	1741810915.885789	0.000000
26.000000	-8704.551602	-27483.548520	-34053.933210	-33381.346867	-39177.221260	3093.436729	-21378.862426	14556.797094	-19469.084676	-28443.824165	-33113.550617	-2152.830619	-42270.926210	-21677.302918	-3472.410556	14152.901072	-0.035037	0.961300	-0.194435	192.000000	0.000000	0.000000	0.000000	0.000000	0.000000	0.000000	0.000000	0.000000	0.000000	1741810915.885814	0.000000
28.000000	-8701.623523	-27462.940212	-34045.484250	-33378.105864	-39166.023036	3103.070331	-21382.058726	14520.006123	-19462.200339	-28436.761014	-33108.253253	-2153.255302	-42264.555963	-21675.157151	-3446.259015	14154.733915	-0.035037	0.961300	-0.194435	192.000000	0.000000	0.000000	0.000000	0.000000	0.000000	0.000000	0.000000	0.000000	0.000000	1741810915.885837	0.000000
30.000000	-8701.310599	-27466.605898	-34049.820489	-33378.396437	-39171.700379	3097.862375	-21367.664202	14565.178998	-19444.140130	-28423.752299	-33092.025887	-2130.233005	-42262.790175	-21666.194101	-3484.614609	14153.728086	-0.035037	0.961300	-0.194435	192.000000	0.000000	0.000000	0.000000	0.000000	0.000000	0.000000	0.000000	0.000000	0.000000	1741810915.944851	0.000000
32.000000	-8696.594381	-27452.054912	-34043.114965	-33380.206928	-39171.432158	3099.203479	-21375.084981	14520.743730	-19454.064304	-28432.178906	-33101.368916	-2142.414706	-42276.760015	-21677.705250	-3433.697335	14155.315060	-0.035037	0.961300	-0.194435	192.000000	0.000000	0.000000	0.000000	0.000000	0.000000	0.000000	0.000000	0.000000	0.000000	1741810915.944889	0.000000
34.000000	-8691.878163	-27460.436816	-34042.533820	-33371.199175	-39169.487556	3099.985790	-21358.097656	14549.868053	-19438.865118	-28419.594874	-33092.875253	-2134.390430	-42262.253733	-21668.988069	-3487.766205	14151.649374	-0.035519	0.962650	-0.198217	192.000000	127.000000	112.000000	15.000000	16.000000	124.500000	88.000000	0.000000	0.000000	0.000000	1741810915.944915	0.000000
36.000000	-8701.914096	-27472.327944	-34046.780651	-33379.446969	-39177.601239	3099.762273	-21375.286147	14519.849660	-19448.364609	-28430.591933	-33099.983108	-2141.542988	-42273.116681	-21674.620709	-3430.277518	14166.826208	-0.035519	0.962650	-0.198217	192.000000	0.000000	0.000000	0.000000	0.000000	0.000000	0.000000	0.000000	0.000000	0.000000	1741810915.944944	0.000000
38.000000	-8701.400006	-27479.346392	-34046.423024	-33376.921222	-39177.668295	3090.933334	-21369.452342	14540.525024	-19453.885490	-28427.730909	-33101.704192	-2147.622662	-42273.094329	-21669.189235	-3485.441623	14144.161540	-0.035519	0.962650	-0.198217	192.000000	0.000000	0.000000	0.000000	0.000000	0.000000	0.000000	0.000000	0.000000	0.000000	1741810915.944967	0.000000
40.000000	-8689.419471	-27461.621459	-34026.552323	-33369.589850	-39166.201850	3101.125729	-21370.972260	14519.939067	-19455.114836	-28433.810584	-33105.101658	-2147.734421	-42273.563716	-21681.348584	-3424.778989	14153.616327	-0.035519	0.962650	-0.198217	192.000000	0.000000	0.000000	0.000000	0.000000	0.000000	0.000000	0.000000	0.000000	0.000000	1741810915.944989	0.000000
42.000000	-8676.880142	-27450.870270	-34023.937169	-33357.229335	-39160.055120	3103.025627	-21353.224975	14546.381181	-19431.243173	-28408.933092	-33079.643021	-2131.887034	-42246.428698	-21653.565366	-3496.461033	14144.161540	-0.035519	0.962650	-0.198217	192.000000	0.000000	0.000000	0.000000	0.000000	0.000000	0.000000	0.000000	0.000000	0.000000	1741810915.945013	0.000000
44.000000	-8687.452517	-27467.142340	-34034.800116	-33376.898870	-39171.879193	3086.820613	-21375.844941	14533.506576	-19445.503586	-28422.075918	-33097.904396	-2134.681002	-42259.705634	-21669.971546	-3426.053038	14164.367517	-0.032759	0.963325	-0.198109	192.000000	127.500000	8.000000	15.000000	16.000000	124.500000	104.000000	0.000000	0.000000	0.000000	1741810916.004644	0.000000
46.000000	-8669.861695	-27457.978124	-34028.318111	-33366.929992	-39163.541992	3091.000389	-21370.502874	14530.936126	-19444.475406	-28424.489906	-33094.998669	-2151.645977	-42250.876695	-21670.418581	-3492.840051	14126.146034	-0.032759	0.963325	-0.198109	192.000000	0.000000	0.000000	0.000000	0.000000	0.000000	0.000000	0.000000	0.000000	0.000000	1741810916.004672	0.000000
48.000000	-8675.159058	-27468.729313	-34035.403613	-33375.021324	-39170.158108	3091.425072	-21383.623348	14537.641649	-19434.126548	-28418.767860	-33086.460303	-2129.271880	-42244.662910	-21666.015287	-3431.171588	14152.543444	-0.032759	0.963325	-0.198109	192.000000	0.000000	0.000000	0.000000	0.000000	0.000000	0.000000	0.000000	0.000000	0.000000	1741810916.004696	0.000000
50.000000	-8676.298997	-27457.508738	-34039.471631	-33370.796844	-39167.811175	3098.018837	-21384.897397	14520.654323	-19442.709618	-28422.657063	-33097.658527	-2151.511866	-42250.854343	-21668.183406	-3479.585466	14127.107159	-0.032759	0.963325	-0.198109	192.000000	0.000000	0.000000	0.000000	0.000000	0.000000	0.000000	0.000000	0.000000	0.000000	1741810916.004719	0.000000
52.000000	-8675.963721	-27450.512642	-34041.550343	-33370.394512	-39169.375797	3104.545546	-21389.948891	14529.170338	-19432.114891	-28415.191581	-33094.641041	-2131.328241	-42255.190582	-21663.131912	-3417.246451	14161.461790	-0.032759	0.963325	-0.198109	192.000000	0.000000	0.000000	0.000000	0.000000	0.000000	0.000000	0.000000	0.000000	0.000000	1741810916.004742	0.000000
54.000000	-8671.560427	-27453.820700	-34041.416233	-33367.757007	-39169.241687	3108.233584	-21388.652490	14517.592134	-19427.733949	-28407.010842	-33091.400038	-2146.370965	-42248.060375	-21663.735409	-3469.773051	14135.176138	-0.030380	0.960663	-0.194054	192.000000	127.500000	16.000000	14.500000	120.000000	125.000000	8.000000	0.000000	0.000000	0.000000	1741810916.004779	0.000000
56.000000	-8676.678977	-27452.300781	-34042.712634	-33368.561669	-39169.241687	3112.413360	-21392.921673	14538.803940	-19427.801004	-28418.745508	-33093.389343	-2130.948261	-42256.554038	-21666.372915	-3419.392219	14163.361688	-0.030380	0.960663	-0.194054	192.000000	0.000000	0.000000	0.000000	0.000000	0.000000	0.000000	0.000000	0.000000	0.000000	1741810916.004804	0.000000
58.000000	-8664.407869	-27440.074377	-34036.834125	-33356.290562	-39157.417614	3124.818578	-21376.023755	14528.745655	-19417.116871	-28397.332537	-33085.007439	-2129.964784	-42245.802849	-21647.798615	-3469.326016	14145.234423	-0.030380	0.960663	-0.194054	192.000000	0.000000	0.000000	0.000000	0.000000	0.000000	0.000000	0.000000	0.000000	0.000000	1741810916.004830	0.000000
60.000000	-8682.669244	-27450.914973	-34041.662102	-33359.419806	-39162.469108	3120.392933	-21382.952795	14571.281024	-19419.642618	-28405.356813	-33087.354372	-2107.791854	-42253.670663	-21650.614935	-3424.667230	14179.991386	-0.030380	0.960663	-0.194054	192.000000	0.000000	0.000000	0.000000	0.000000	0.000000	0.000000	0.000000	0.000000	0.000000	1741810916.064958	0.000000
62.000000	-8677.103660	-27448.791557	-34039.493983	-33352.848393	-39161.955018	3123.075142	-21387.199627	14533.551280	-19422.950676	-28401.199389	-33090.282451	-2125.740305	-42258.766861	-21649.564403	-3455.803210	14154.577452	-0.030380	0.960663	-0.194054	192.000000	0.000000	0.000000	0.000000	0.000000	0.000000	0.000000	0.000000	0.000000	0.000000	1741810916.064984	0.000000
64.000000	-8680.277607	-27456.502909	-34047.831183	-33359.799786	-39170.135757	3115.006163	-21391.357051	14573.739716	-19424.314132	-28407.167304	-33095.311593	-2106.383694	-42260.443242	-21657.678086	-3440.246396	14178.538523	-0.030190	0.960331	-0.192027	192.000000	127.500000	8.000000	15.000000	0.000000	125.000000	8.000000	0.000000	0.000000	0.000000	1741810916.065007	0.000000
66.000000	-8670.979282	-27443.896525	-34034.576599	-33352.222544	-39156.769414	3124.170378	-21388.026641	14534.311239	-19420.782557	-28397.913682	-33091.243576	-2121.247604	-42255.212933	-21653.297145	-3459.446545	14152.811665	-0.030190	0.960331	-0.192027	192.000000	0.000000	0.000000	0.000000	0.000000	0.000000	0.000000	0.000000	0.000000	0.000000	1741810916.065051	0.000000
68.000000	-8664.318462	-27457.821662	-34037.996416	-33358.257515	-39159.384568	3115.475549	-21385.724412	14577.785382	-19414.345254	-28401.288796	-33083.264003	-2096.772444	-42249.669701	-21649.162072	-3456.406707	14174.269339	-0.030190	0.960331	-0.192027	192.000000	0.000000	0.000000	0.000000	0.000000	0.000000	0.000000	0.000000	0.000000	0.000000	1741810916.065074	0.000000
70.000000	-8680.590532	-27455.787653	-34050.088710	-33374.551937	-39169.711074	3101.103377	-21400.342453	14531.181995	-19426.594010	-28413.738717	-33093.702268	-2126.142636	-42255.838782	-21667.915185	-3448.158914	14152.722258	-0.030190	0.960331	-0.192027	192.000000	0.000000	0.000000	0.000000	0.000000	0.000000	0.000000	0.000000	0.000000	0.000000	1741810916.065097	0.000000
72.000000	-8676.343700	-27463.834281	-34054.648465	-33373.188481	-39169.755777	3098.242354	-21390.664147	14563.122638	-19434.059493	-28421.450069	-33095.356297	-2121.471121	-42256.576390	-21672.720810	-3461.368795	14152.409333	-0.030190	0.960331	-0.192027	192.000000	0.000000	0.000000	0.000000	0.000000	0.000000	0.000000	0.000000	0.000000	0.000000	1741810916.065120	0.000000
74.000000	-8673.728546	-27466.337677	-34045.640712	-33372.920260	-39166.313608	3107.965363	-21391.692327	14522.554221	-19436.808757	-28421.003034	-33096.116256	-2133.362250	-42253.000111	-21672.251424	-3443.263882	14151.403505	-0.032095	0.963166	-0.189014	192.000000	127.000000	120.000000	15.000000	24.000000	125.000000	24.000000	0.000000	0.000000	0.000000	1741810916.125261	0.000000
76.000000	-8690.581762	-27483.369706	-34062.516280	-33382.889138	-39177.958867	3093.347322	-21386.082040	14557.266481	-19443.424874	-28429.966084	-33094.641041	-2125.092104	-42253.625960	-21669.368049	-3470.197734	14153.929252	-0.032095	0.963166	-0.189014	192.000000	0.000000	0.000000	0.000000	0.000000	0.000000	0.000000	0.000000	0.000000	0.000000	1741810916.125306	0.000000
78.000000	-8683.943294	-27483.481465	-34060.057588	-33391.695725	-39174.874327	3097.124767	-21388.719545	14518.039169	-19451.896185	-28440.672569	-33102.955890	-2142.817037	-42256.755204	-21683.248482	-3436.603062	14141.434627	-0.032095	0.963166	-0.189014	192.000000	0.000000	0.000000	0.000000	0.000000	0.000000	0.000000	0.000000	0.000000	0.000000	1741810916.125330	0.000000
80.000000	-8686.133765	-27482.453285	-34061.488099	-33382.777379	-39173.846146	3101.908040	-21376.649603	14552.684373	-19449.884528	-28437.789194	-33101.592434	-2138.659613	-42256.777556	-21678.733430	-3478.378472	14139.870005	-0.032095	0.963166	-0.189014	192.000000	0.000000	0.000000	0.000000	0.000000	0.000000	0.000000	0.000000	0.000000	0.000000	1741810916.125355	0.000000
82.000000	-8681.194029	-27469.310459	-34055.050797	-33383.492635	-39171.409806	3110.915793	-21382.528112	14517.458024	-19450.868005	-28433.430604	-33103.045297	-2139.017241	-42259.705634	-21676.230034	-3433.585576	14155.918557	-0.032095	0.963166	-0.189014	192.000000	0.000000	0.000000	0.000000	0.000000	0.000000	0.000000	0.000000	0.000000	0.000000	1741810916.125378	0.000000
84.000000	-8682.401023	-27474.876043	-34058.917649	-33382.263289	-39167.610010	3103.495014	-21372.849807	14547.878748	-19437.836938	-28420.198371	-33092.539977	-2126.522616	-42251.010805	-21658.393342	-3490.537821	14142.507510	-0.030047	0.962583	-0.193507	192.000000	127.500000	16.000000	15.000000	8.000000	124.500000	104.000000	0.000000	0.000000	0.000000	1741810916.125402	0.000000
86.000000	-8679.294131	-27471.947965	-34046.132451	-33382.822082	-39162.558515	3110.155834	-21380.158827	14511.467756	-19451.940888	-28431.933037	-33099.558425	-2137.497322	-42260.443242	-21676.811180	-3425.762466	14152.297575	-0.030047	0.962583	-0.193507	192.000000	0.000000	0.000000	0.000000	0.000000	0.000000	0.000000	0.000000	0.000000	0.000000	1741810916.125426	0.000000
88.000000	-8678.690634	-27471.478578	-34047.764128	-33373.411998	-39163.497289	3112.972154	-21361.048086	14539.362733	-19438.865118	-28422.478249	-33086.326192	-2125.963822	-42252.776593	-21660.650868	-3483.675836	14152.364630	-0.030047	0.962583	-0.193507	192.000000	0.000000	0.000000	0.000000	0.000000	0.000000	0.000000	0.000000	0.000000	0.000000	1741810916.125457	0.000000
90.000000	-8682.870410	-27468.639906	-34048.613494	-33378.821120	-39170.336922	3110.491110	-21368.915900	14530.913774	-19437.568717	-28421.360662	-33088.226090	-2121.649935	-42252.977759	-21663.154264	-3416.665306	14175.789258	-0.030047	0.962583	-0.193507	192.000000	0.000000	0.000000	0.000000	0.000000	0.000000	0.000000	0.000000	0.000000	0.000000	1741810916.185612	0.000000
92.000000	-8670.778116	-27461.353238	-34042.399710	-33368.002876	-39165.888925	3107.183052	-21351.682705	14537.194614	-19434.595935	-28422.120621	-33087.935518	-2131.708220	-42254.631788	-21666.149398	-3471.114155	14146.888452	-0.030047	0.962583	-0.193507	192.000000	0.000000	0.000000	0.000000	0.000000	0.000000	0.000000	0.000000	0.000000	0.000000	1741810916.185645	0.000000
94.000000	-8678.802392	-27459.051008	-34040.969198	-33377.345905	-39168.191155	3105.327857	-21366.278394	14530.153815	-19435.199432	-28424.378148	-33090.908300	-2121.337011	-42255.838782	-21673.726639	-3402.851928	14174.135229	-0.032024	0.965291	-0.190753	192.000000	127.000000	120.000000	15.000000	32.000000	125.000000	16.000000	0.000000	0.000000	0.000000	1741810916.185668	0.000000
96.000000	-8671.851000	-27462.292011	-34038.309340	-33368.628725	-39161.887963	3110.357000	-21346.452397	14528.477434	-19430.349103	-28410.631825	-33083.040486	-2125.762656	-42243.455916	-21659.734447	-3473.259923	14148.006040	-0.032024	0.965291	-0.190753	192.000000	0.000000	0.000000	0.000000	0.000000	0.000000	0.000000	0.000000	0.000000	0.000000	1741810916.185693	0.000000
98.000000	-8690.447651	-27479.435799	-34059.588201	-33393.506216	-39180.976353	3087.826441	-21371.531054	14533.841852	-19443.871909	-28429.206124	-33098.865521	-2123.773351	-42262.991341	-21672.497293	-3404.930640	14172.749421	-0.032024	0.965291	-0.190753	192.000000	0.000000	0.000000	0.000000	0.000000	0.000000	0.000000	0.000000	0.000000	0.000000	1741810916.185741	0.000000
100.000000	-8676.835439	-27462.336715	-34041.416233	-33372.093245	-39165.754815	3100.388122	-21355.616612	14516.452195	-19447.895223	-28428.334406	-33099.580777	-2145.566302	-42263.505431	-21677.034697	-3471.069452	14129.901127	-0.032024	0.965291	-0.190753	192.000000	0.000000	0.000000	0.000000	0.000000	0.000000	0.000000	0.000000	0.000000	0.000000	1741810916.185764	0.000000
102.000000	-8674.488506	-27454.714770	-34037.258808	-33371.176824	-39166.045388	3102.466834	-21354.029638	14539.675658	-19435.937039	-28416.577389	-33080.805311	-2113.245680	-42249.982625	-21666.551729	-3419.258108	14169.128438	-0.032024	0.965291	-0.190753	192.000000	0.000000	0.000000	0.000000	0.000000	0.000000	0.000000	0.000000	0.000000	0.000000	1741810916.185791	0.000000
104.000000	-8677.729509	-27464.795406	-34039.493983	-33369.075760	-39166.827699	3104.389084	-21348.732275	14526.555184	-19439.848595	-28417.203238	-33085.163901	-2133.988098	-42251.524896	-21666.730543	-3467.247303	14146.709638	-0.032012	0.964646	-0.191377	192.000000	127.500000	0.000000	15.000000	16.000000	125.000000	0.000000	0.000000	0.000000	0.000000	1741810916.245843	0.000000
106.000000	-8688.033663	-27474.026677	-34053.083843	-33376.228318	-39176.483652	3099.561107	-21355.504853	14552.371449	-19445.168310	-28427.797965	-33092.294108	-2118.297174	-42257.671625	-21669.680973	-3413.021971	14168.659051	-0.032012	0.964646	-0.191377	192.000000	0.000000	0.000000	0.000000	0.000000	0.000000	0.000000	0.000000	0.000000	0.000000	1741810916.245873	0.000000
108.000000	-8684.993826	-27469.466921	-34049.909896	-33368.718132	-39171.275696	3107.697142	-21353.739065	14533.238355	-19447.224670	-28422.254732	-33094.618689	-2140.045421	-42257.917495	-21665.501197	-3452.204579	14140.182929	-0.032012	0.964646	-0.191377	192.000000	0.000000	0.000000	0.000000	0.000000	0.000000	0.000000	0.000000	0.000000	0.000000	1741810916.245895	0.000000
110.000000	-8692.191087	-27479.413447	-34059.141166	-33376.585946	-39176.416597	3104.903174	-21353.806121	14566.944786	-19453.751380	-28432.268313	-33100.385439	-2124.376848	-42266.053530	-21671.133837	-3412.753750	14170.268377	-0.032012	0.964646	-0.191377	192.000000	0.000000	0.000000	0.000000	0.000000	0.000000	0.000000	0.000000	0.000000	0.000000	1741810916.245935	0.000000
112.000000	-8679.115317	-27469.489273	-34048.077053	-33363.577230	-39162.893792	3122.695163	-21342.764359	14533.148948	-19447.269374	-28419.572523	-33097.122085	-2142.012375	-42260.487945	-21662.371953	-3443.286233	14153.661031	-0.032012	0.964646	-0.191377	192.000000	0.000000	0.000000	0.000000	0.000000	0.000000	0.000000	0.000000	0.000000	0.000000	1741810916.245957	0.000000
114.000000	-8687.452517	-27471.232709	-34056.973047	-33368.829890	-39166.492422	3117.554261	-21343.457263	14573.337385	-19444.721275	-28419.728985	-33088.740181	-2115.659668	-42255.369396	-21652.626592	-3420.710971	14175.699851	-0.028000	0.964000	-0.194000	192.000000	127.500000	16.000000	15.000000	16.000000	124.500000	120.000000	0.000000	0.000000	0.000000	1741810916.245979	0.000000
116.000000	-8682.065747	-27466.561194	-34043.204372	-33367.265268	-39159.876306	3124.997392	-21354.342562	14538.401608	-19446.420008	-28417.963197	-33090.550672	-2134.189264	-42259.526820	-21657.655735	-3432.602099	14159.740705	-0.028000	0.964000	-0.194000	192.000000	0.000000	0.000000	0.000000	0.000000	0.000000	0.000000	0.000000	0.000000	0.000000	1741810916.246004	0.000000
118.000000	-8694.940352	-27483.079133	-34057.129509	-33379.670486	-39169.375797	3105.551375	-21360.086961	14581.898103	-19448.901051	-28423.126450	-33088.740181	-2119.839444	-42262.566657	-21664.450665	-3426.835349	14181.623063	-0.028000	0.964000	-0.194000	192.000000	0.000000	0.000000	0.000000	0.000000	0.000000	0.000000	0.000000	0.000000	0.000000	1741810916.246030	0.000000
120.000000	-8692.056977	-27477.714715	-34045.104271	-33372.450873	-39156.434137	3121.421113	-21357.203586	14530.869070	-19464.033182	-28431.351892	-33094.819855	-2142.817037	-42261.337311	-21667.736371	-3420.956841	14158.064325	-0.028000	0.964000	-0.194000	192.000000	0.000000	0.000000	0.000000	0.000000	0.000000	0.000000	0.000000	0.000000	0.000000	1741810916.305270	0.000000
122.000000	-8693.956875	-27493.539750	-34043.651407	-33370.506271	-39155.450661	3121.063485	-21347.994667	14569.045850	-19468.302365	-28433.676473	-33091.601204	-2125.337973	-42260.443242	-21662.327249	-3435.261957	14175.319871	-0.028000	0.964000	-0.194000	192.000000	0.000000	0.000000	0.000000	0.000000	0.000000	0.000000	0.000000	0.000000	0.000000	1741810916.305308	0.000000
124.000000	-8700.885916	-27513.969244	-34039.181058	-33374.082550	-39151.986140	3123.768046	-21348.933440	14530.578498	-19473.264453	-28433.698825	-33092.025887	-2140.626566	-42253.938884	-21663.064857	-3416.553547	14170.000156	-0.028000	0.962000	-0.196000	192.000000	127.500000	16.000000	15.000000	8.000000	124.500000	112.000000	0.000000	0.000000	0.000000	1741810916.305332	0.000000
126.000000	-8708.820785	-27546.088701	-34046.758300	-33377.390608	-39155.405957	3113.419189	-21339.501004	14573.337385	-19500.868857	-28458.218689	-33101.391268	-2146.415668	-42254.140050	-21672.586700	-3434.211425	14174.358746	-0.028000	0.962000	-0.196000	192.000000	0.000000	0.000000	0.000000	0.000000	0.000000	0.000000	0.000000	0.000000	0.000000	1741810916.305356	0.000000
128.000000	-8728.557375	-27566.361733	-34053.374416	-33386.107789	-39159.742196	3111.563994	-21356.980068	14533.528928	-19528.093282	-28475.720105	-33118.780925	-2167.403956	-42263.348968	-21681.706212	-3397.733378	14169.910749	-0.028000	0.962000	-0.196000	192.000000	0.000000	0.000000	0.000000	0.000000	0.000000	0.000000	0.000000	0.000000	0.000000	1741810916.305380	0.000000
130.000000	-8726.925698	-27573.983678	-34051.563925	-33375.915393	-39151.963789	3116.861357	-21336.774091	14555.366582	-19541.504328	-28470.199224	-33112.477733	-2158.954997	-42256.352872	-21673.525473	-3448.315376	14160.746534	-0.028000	0.962000	-0.196000	192.000000	0.000000	0.000000	0.000000	0.000000	0.000000	0.000000	0.000000	0.000000	0.000000	1741810916.305403	0.000000
132.000000	-8744.360059	-27594.100248	-34065.936096	-33395.048487	-39166.514774	3108.077122	-21354.320211	14521.861317	-19565.510102	-28487.164198	-33127.431050	-2175.227067	-42271.037969	-21679.940424	-3401.756692	14173.554084	-0.028000	0.962000	-0.196000	192.000000	0.000000	0.000000	0.000000	0.000000	0.000000	0.000000	0.000000	0.000000	0.000000	1741810916.305433	0.000000
134.000000	-8750.395030	-27610.282911	-34072.865137	-33397.484827	-39175.880155	3094.286095	-21354.499025	14534.177129	-19567.722925	-28493.489742	-33131.230847	-2180.323265	-42272.066149	-21689.104639	-3458.865399	14148.587185	-0.024000	0.966000	-0.198000	192.000000	127.500000	32.000000	15.000000	24.000000	124.500000	104.000000	0.000000	0.000000	0.000000	1741810916.365001	0.000000
136.000000	-8749.858588	-27604.851437	-34071.233460	-33403.452743	-39173.332056	3096.923601	-21364.289089	14497.207343	-19573.936710	-28498.094201	-33136.774079	-2184.525393	-42279.174004	-21695.161962	-3407.501090	14152.543444	-0.024000	0.966000	-0.198000	192.000000	0.000000	0.000000	0.000000	0.000000	0.000000	0.000000	0.000000	0.000000	0.000000	1741810916.365032	0.000000
138.000000	-8745.678812	-27601.632786	-34077.089617	-33399.652946	-39174.539050	3096.565973	-21352.710885	14514.976980	-19564.236053	-28491.969823	-33133.600132	-2192.147337	-42272.289666	-21684.187255	-3469.504830	14135.511414	-0.024000	0.966000	-0.198000	192.000000	0.000000	0.000000	0.000000	0.000000	0.000000	0.000000	0.000000	0.000000	0.000000	1741810916.365055	0.000000
140.000000	-8757.100553	-27602.951539	-34080.375323	-33408.638347	-39181.579850	3092.252087	-21367.574795	14499.889553	-19578.317652	-28504.933835	-33144.619542	-2192.370855	-42291.713332	-21704.795564	-3402.539003	14151.671726	-0.024000	0.966000	-0.198000	192.000000	0.000000	0.000000	0.000000	0.000000	0.000000	0.000000	0.000000	0.000000	0.000000	1741810916.365078	0.000000
142.000000	-8738.660364	-27589.071106	-34073.468634	-33387.806521	-39172.594449	3104.724360	-21346.027714	14520.542564	-19557.530529	-28489.578186	-33130.783812	-2193.331980	-42276.983533	-21685.863636	-3480.524240	14131.264583	-0.024000	0.966000	-0.198000	192.000000	0.000000	0.000000	0.000000	0.000000	0.000000	0.000000	0.000000	0.000000	0.000000	1741810916.365114	0.000000
144.000000	-8743.913024	-27580.577443	-34076.352009	-33394.556748	-39183.055065	3103.450311	-21361.740990	14518.776777	-19560.391552	-28492.215692	-33139.590399	-2177.059910	-42289.835786	-21692.233883	-3407.925774	14167.876740	-0.022000	0.970000	-0.198000	192.000000	127.500000	40.000000	15.000000	40.000000	124.500000	104.000000	0.000000	0.000000	0.000000	1741810916.365141	0.000000
146.000000	-8727.931527	-27556.482262	-34066.629001	-33381.235109	-39174.494347	3109.485282	-21343.971353	14515.245201	-19538.978581	-28479.274032	-33119.384422	-2180.546782	-42274.435434	-21681.527398	-3471.583542	14140.495853	-0.022000	0.970000	-0.198000	192.000000	0.000000	0.000000	0.000000	0.000000	0.000000	0.000000	0.000000	0.000000	0.000000	1741810916.365166	0.000000
148.000000	-8736.022858	-27561.399646	-34062.493928	-33394.400286	-39184.351466	3096.521270	-21356.108350	14524.677637	-19529.635552	-28475.630698	-33116.635158	-2160.653730	-42277.765844	-21683.628462	-3406.718779	14169.441363	-0.022000	0.970000	-0.198000	192.000000	0.000000	0.000000	0.000000	0.000000	0.000000	0.000000	0.000000	0.000000	0.000000	1741810916.365189	0.000000
150.000000	-8726.769236	-27541.528945	-34051.251000	-33388.700591	-39176.394245	3100.276363	-21350.252193	14503.309369	-19529.702607	-28467.628773	-33122.223094	-2181.574962	-42282.102082	-21685.416601	-3469.370719	14135.042028	-0.022000	0.970000	-0.198000	192.000000	0.000000	0.000000	0.000000	0.000000	0.000000	0.000000	0.000000	0.000000	0.000000	1741810916.425734	0.000000
152.000000	-8721.561279	-27533.571724	-34047.205335	-33389.974641	-39171.052178	3097.236526	-21349.805158	14515.088739	-19520.851317	-28460.275049	-33114.824666	-2157.949168	-42281.431530	-21677.213511	-3421.828559	14160.210092	-0.022000	0.970000	-0.198000	192.000000	0.000000	0.000000	0.000000	0.000000	0.000000	0.000000	0.000000	0.000000	0.000000	1741810916.425761	0.000000
154.000000	-8712.687637	-27531.761233	-34047.294742	-33388.007687	-39170.135757	3090.307485	-21348.218184	14487.596093	-19524.449947	-28456.452901	-33113.237693	-2175.405881	-42278.771672	-21680.230997	-3465.101536	14137.768941	-0.028000	0.970000	-0.204000	192.000000	127.500000	16.000000	15.000000	40.000000	124.500000	80.000000	0.000000	0.000000	0.000000	1741810916.425797	0.000000
156.000000	-8711.100663	-27523.446384	-34056.235439	-33389.639364	-39179.456434	3086.373578	-21354.744894	14513.725282	-19507.484973	-28452.317828	-33103.626442	-2148.203808	-42273.027274	-21677.369973	-3424.309602	14165.239235	-0.028000	0.970000	-0.204000	192.000000	0.000000	0.000000	0.000000	0.000000	0.000000	0.000000	0.000000	0.000000	0.000000	1741810916.425822	0.000000
158.000000	-8710.988904	-27515.131535	-34059.498794	-33388.097094	-39181.892774	3092.944991	-21362.255080	14487.953721	-19512.670578	-28457.324619	-33113.304748	-2173.103651	-42282.526765	-21687.383555	-3461.681719	14143.870967	-0.028000	0.970000	-0.204000	192.000000	0.000000	0.000000	0.000000	0.000000	0.000000	0.000000	0.000000	0.000000	0.000000	1741810916.425844	0.000000
160.000000	-8709.089006	-27511.734070	-34063.387998	-33386.711286	-39180.484614	3098.890555	-21349.358123	14534.333591	-19486.072002	-28448.272162	-33102.419448	-2143.934625	-42270.613285	-21675.358316	-3439.151161	14169.463714	-0.028000	0.970000	-0.204000	192.000000	0.000000	0.000000	0.000000	0.000000	0.000000	0.000000	0.000000	0.000000	0.000000	1741810916.425867	0.000000
162.000000	-8689.017140	-27506.146134	-34049.395806	-33375.647172	-39167.587658	3111.094607	-21338.472824	14514.351131	-19488.396584	-28441.231363	-33093.814027	-2162.128945	-42264.153631	-21667.691668	-3463.134582	14151.716429	-0.028000	0.970000	-0.204000	192.000000	0.000000	0.000000	0.000000	0.000000	0.000000	0.000000	0.000000	0.000000	0.000000	1741810916.425890	0.000000
164.000000	-8707.926715	-27521.971169	-34075.346181	-33397.685992	-39191.548728	3085.144232	-21359.394057	14555.031306	-19495.705604	-28454.664761	-33105.213416	-2149.880189	-42276.737663	-21681.437991	-3436.983041	14173.710546	-0.022000	0.966000	-0.208000	192.000000	127.500000	40.000000	15.000000	24.000000	124.500000	64.000000	0.000000	0.000000	0.000000	1741810916.485599	0.000000
166.000000	-8684.278570	-27500.088811	-34049.820489	-33382.710324	-39168.258210	3104.724360	-21355.303687	14494.636893	-19493.537485	-28453.278953	-33104.073477	-2167.560419	-42275.575373	-21680.588625	-3449.701184	14133.790330	-0.022000	0.966000	-0.208000	192.000000	0.000000	0.000000	0.000000	0.000000	0.000000	0.000000	0.000000	0.000000	0.000000	1741810916.485680	0.000000
168.000000	-8688.413642	-27504.827381	-34050.602800	-33379.871652	-39167.073568	3101.528061	-21340.976219	14526.979867	-19468.481179	-28440.024369	-33087.332021	-2136.692659	-42258.520992	-21665.009459	-3462.195809	14154.108066	-0.022000	0.966000	-0.208000	192.000000	0.000000	0.000000	0.000000	0.000000	0.000000	0.000000	0.000000	0.000000	0.000000	1741810916.485705	0.000000
170.000000	-8684.457384	-27491.706907	-34040.388053	-33374.149606	-39164.592524	3110.759331	-21342.876118	14478.409526	-19483.635662	-28445.388787	-33094.328117	-2161.167820	-42268.467518	-21676.677069	-3446.728402	14151.269394	-0.022000	0.966000	-0.208000	192.000000	0.000000	0.000000	0.000000	0.000000	0.000000	0.000000	0.000000	0.000000	0.000000	1741810916.485727	0.000000
172.000000	-8674.734375	-27484.554349	-34036.677663	-33360.559745	-39162.312646	3112.636878	-21333.823661	14526.733998	-19462.557967	-28431.530706	-33079.061875	-2133.049325	-42258.990378	-21664.115389	-3460.787649	14165.686269	-0.022000	0.966000	-0.208000	192.000000	0.000000	0.000000	0.000000	0.000000	0.000000	0.000000	0.000000	0.000000	0.000000	1741810916.485751	0.000000
174.000000	-8669.615825	-27465.242441	-34031.402651	-33359.956248	-39167.833527	3115.184976	-21348.240536	14504.337550	-19457.551176	-28421.830049	-33071.127006	-2134.613947	-42254.140050	-21660.784979	-3430.322222	14165.239235	-0.016000	0.966000	-0.204000	192.000000	127.500000	64.000000	15.000000	24.000000	124.500000	80.000000	0.000000	0.000000	0.000000	1741810916.485779	0.000000
176.000000	-8657.679994	-27459.676857	-34014.571788	-33342.007797	-39162.580867	3119.945898	-21341.333847	14538.580422	-19438.954525	-28417.404403	-33059.772320	-2116.352572	-42245.400518	-21652.403075	-3451.958710	14170.469543	-0.016000	0.966000	-0.204000	192.000000	0.000000	0.000000	0.000000	0.000000	0.000000	0.000000	0.000000	0.000000	0.000000	1741810916.485807	0.000000
178.000000	-8651.287395	-27443.874174	-34002.144218	-33338.118593	-39162.603219	3127.187863	-21356.331868	14500.381291	-19434.372417	-28401.802886	-33041.913276	-2107.836557	-42238.091497	-21637.695627	-3409.624506	14175.990424	-0.016000	0.966000	-0.204000	192.000000	0.000000	0.000000	0.000000	0.000000	0.000000	0.000000	0.000000	0.000000	0.000000	1741810916.485829	0.000000
180.000000	-8655.467171	-27455.541784	-34015.778782	-33345.382910	-39168.727597	3107.563032	-21352.487368	14523.850623	-19428.784481	-28399.902987	-33041.466241	-2105.713142	-42243.053584	-21638.589697	-3448.002451	14173.777601	-0.016000	0.966000	-0.204000	192.000000	0.000000	0.000000	0.000000	0.000000	0.000000	0.000000	0.000000	0.000000	0.000000	1741810916.545897	0.000000
182.000000	-8663.357337	-27460.705037	-34012.046041	-33349.003893	-39160.658617	3109.507633	-21353.761417	14486.500858	-19438.798063	-28418.030252	-33053.267962	-2116.307869	-42250.563771	-21659.175653	-3404.237736	14173.554084	-0.016000	0.966000	-0.204000	192.000000	0.000000	0.000000	0.000000	0.000000	0.000000	0.000000	0.000000	0.000000	0.000000	1741810916.545929	0.000000
184.000000	-8668.051203	-27474.116084	-34028.809849	-33357.184631	-39167.632361	3095.828366	-21344.999533	14519.380274	-19448.498720	-28428.133241	-33060.062892	-2124.510959	-42250.586122	-21663.534244	-3459.267731	14167.608520	-0.024000	0.968000	-0.204000	192.000000	127.500000	32.000000	15.000000	32.000000	124.500000	80.000000	0.000000	0.000000	0.000000	1741810916.545966	0.000000
186.000000	-8665.413697	-27473.266718	-34022.663119	-33358.704550	-39161.820908	3104.992581	-21353.157920	14489.495991	-19454.801912	-28434.235267	-33067.193099	-2130.724744	-42255.928189	-21669.636270	-3397.398102	14176.303348	-0.024000	0.968000	-0.204000	192.000000	0.000000	0.000000	0.000000	0.000000	0.000000	0.000000	0.000000	0.000000	0.000000	1741810916.545995	0.000000
188.000000	-8663.737317	-27469.556328	-34030.463878	-33359.598620	-39160.055120	3100.544584	-21337.288181	14507.623256	-19444.721275	-28424.691072	-33061.247535	-2136.111514	-42242.271273	-21664.093037	-3463.894542	14154.510397	-0.024000	0.968000	-0.204000	192.000000	0.000000	0.000000	0.000000	0.000000	0.000000	0.000000	0.000000	0.000000	0.000000	1741810916.546025	0.000000
190.000000	-8680.769346	-27469.846901	-34033.302550	-33374.797806	-39164.391358	3097.772968	-21356.063647	14494.614541	-19458.936984	-28439.040892	-33083.241651	-2141.431229	-42260.063262	-21672.832569	-3394.917058	14167.988499	-0.024000	0.968000	-0.204000	192.000000	0.000000	0.000000	0.000000	0.000000	0.000000	0.000000	0.000000	0.000000	0.000000	1741810916.546049	0.000000
192.000000	-8666.397174	-27473.870215	-34031.223837	-33366.035922	-39159.272809	3097.392988	-21341.065626	14497.274398	-19457.729990	-28432.111851	-33073.988029	-2144.359308	-42251.837820	-21672.072610	-3472.969350	14137.835996	-0.024000	0.968000	-0.204000	192.000000	0.000000	0.000000	0.000000	0.000000	0.000000	0.000000	0.000000	0.000000	0.000000	1741810916.546073	0.000000
194.000000	-8681.171677	-27473.892566	-34038.041119	-33377.211795	-39169.107577	3087.178241	-21358.008249	14491.932332	-19451.896185	-28436.693959	-33076.133797	-2129.651860	-42256.934018	-21673.525473	-3412.552585	14164.188703	-0.032000	0.968000	-0.204000	192.000000	127.500000	0.000000	15.000000	32.000000	124.500000	80.000000	0.000000	0.000000	0.000000	1741810916.606356	0.000000
196.000000	-8672.633311	-27469.176348	-34036.700015	-33364.203079	-39167.542954	3091.358017	-21342.384379	14477.917788	-19451.180929	-28430.793098	-33072.758683	-2145.320433	-42253.961236	-21669.792732	-3484.391091	14129.834071	-0.032000	0.968000	-0.204000	192.000000	0.000000	0.000000	0.000000	0.000000	0.000000	0.000000	0.000000	0.000000	0.000000	1741810916.606441	0.000000
198.000000	-8670.800468	-27462.470825	-34034.107212	-33365.432425	-39169.420501	3093.704950	-21351.302725	14489.406584	-19463.742609	-28437.386863	-33083.845149	-2132.468180	-42269.249829	-21678.576968	-3420.487454	14157.572586	-0.032000	0.968000	-0.204000	192.000000	0.000000	0.000000	0.000000	0.000000	0.000000	0.000000	0.000000	0.000000	0.000000	1741810916.606465	0.000000
200.000000	-8663.536151	-27442.980104	-34024.875942	-33351.909620	-39161.686797	3103.025627	-21334.181289	14494.949817	-19439.446263	-28409.156610	-33058.654733	-2124.443903	-42245.065241	-21652.090150	-3482.558248	14135.042028	-0.032000	0.968000	-0.204000	192.000000	0.000000	0.000000	0.000000	0.000000	0.000000	0.000000	0.000000	0.000000	0.000000	1741810916.606487	0.000000
202.000000	-8674.689671	-27455.318267	-34037.862305	-33363.644286	-39174.874327	3092.632066	-21352.867347	14521.637800	-19445.436531	-28424.892238	-33068.154224	-2114.944412	-42265.941771	-21669.815084	-3417.894652	14169.307252	-0.032000	0.968000	-0.204000	192.000000	0.000000	0.000000	0.000000	0.000000	0.000000	0.000000	0.000000	0.000000	0.000000	1741810916.606510	0.000000
204.000000	-8668.654700	-27444.254153	-34027.759317	-33350.367349	-39161.172707	3101.639819	-21344.105464	14495.441555	-19440.541499	-28417.516162	-33066.097863	-2131.328241	-42259.280951	-21662.036677	-3472.298798	14137.858348	-0.028000	0.958000	-0.204000	192.000000	127.500000	16.000000	14.500000	120.000000	124.500000	80.000000	0.000000	0.000000	0.000000	1741810916.606532	0.000000
206.000000	-8674.153229	-27454.066569	-34029.435698	-33354.904754	-39167.833527	3099.114072	-21343.747836	14522.710684	-19435.601763	-28415.951540	-33057.783015	-2104.729665	-42256.263465	-21657.342810	-3436.178379	14166.848560	-0.028000	0.958000	-0.204000	192.000000	0.000000	0.000000	0.000000	0.000000	0.000000	0.000000	0.000000	0.000000	0.000000	1741810916.606571	0.000000
208.000000	-8670.644006	-27460.302706	-34031.402651	-33353.429538	-39167.230030	3099.628162	-21347.547632	14486.366747	-19453.930194	-28422.500601	-33067.841300	-2130.367116	-42262.700768	-21662.237842	-3468.275484	14142.507510	-0.028000	0.958000	-0.204000	192.000000	0.000000	0.000000	0.000000	0.000000	0.000000	0.000000	0.000000	0.000000	0.000000	1741810916.606595	0.000000
210.000000	-8676.768384	-27468.326982	-34036.565904	-33357.564611	-39170.605143	3097.080063	-21347.502929	14513.837041	-19457.059438	-28426.188639	-33073.093959	-2117.917194	-42265.561791	-21664.025982	-3438.994698	14160.500665	-0.028000	0.958000	-0.204000	192.000000	0.000000	0.000000	0.000000	0.000000	0.000000	0.000000	0.000000	0.000000	0.000000	1741810916.665657	0.000000
212.000000	-8672.387442	-27467.119988	-34030.463878	-33357.139928	-39167.788824	3098.756444	-21347.614687	14468.485352	-19461.239214	-28429.072014	-33074.971506	-2137.229101	-42260.577352	-21661.366124	-3462.888713	14136.338429	-0.028000	0.958000	-0.204000	192.000000	0.000000	0.000000	0.000000	0.000000	0.000000	0.000000	0.000000	0.000000	0.000000	1741810916.665697	0.000000
214.000000	-8674.376747	-27472.909090	-34036.163573	-33364.136024	-39167.140623	3092.252087	-21349.939269	14502.661169	-19463.295575	-28432.089499	-33077.519605	-2123.952165	-42270.345064	-21673.614880	-3446.393126	14154.219825	-0.030000	0.966000	-0.204000	192.000000	127.500000	8.000000	15.000000	24.000000	124.500000	80.000000	0.000000	0.000000	0.000000	1741810916.665720	0.000000
216.000000	-8675.203761	-27473.579642	-34030.955616	-33367.444082	-39166.380664	3094.755482	-21359.394057	14459.008212	-19466.782447	-28435.218744	-33083.643983	-2143.711107	-42267.551096	-21675.872406	-3444.046193	14137.165444	-0.030000	0.966000	-0.204000	192.000000	0.000000	0.000000	0.000000	0.000000	0.000000	0.000000	0.000000	0.000000	0.000000	1741810916.665745	0.000000
218.000000	-8672.499200	-27468.863424	-34041.371529	-33367.131158	-39170.225164	3087.066482	-21357.561214	14498.794317	-19460.032220	-28432.938866	-33083.331058	-2129.227177	-42267.327579	-21671.245595	-3454.193885	14142.507510	-0.030000	0.966000	-0.204000	192.000000	0.000000	0.000000	0.000000	0.000000	0.000000	0.000000	0.000000	0.000000	0.000000	1741810916.665791	0.000000
220.000000	-8666.106601	-27467.455264	-34030.732099	-33364.024265	-39167.945286	3096.767139	-21367.485388	14465.803142	-19465.173121	-28434.905819	-33082.079361	-2147.354442	-42263.684245	-21679.202816	-3441.788666	14130.191699	-0.030000	0.966000	-0.204000	192.000000	0.000000	0.000000	0.000000	0.000000	0.000000	0.000000	0.000000	0.000000	0.000000	1741810916.665813	0.000000
222.000000	-8660.138686	-27465.398904	-34032.006148	-33356.827004	-39162.692626	3104.657305	-21353.314382	14505.768061	-19457.618231	-28425.585142	-33075.619707	-2130.948261	-42260.420890	-21665.434142	-3466.107364	14139.579432	-0.030000	0.966000	-0.204000	192.000000	0.000000	0.000000	0.000000	0.000000	0.000000	0.000000	0.000000	0.000000	0.000000	1741810916.665836	0.000000
224.000000	-8664.743145	-27472.216186	-34039.024596	-33369.075760	-39166.470071	3103.003276	-21369.295880	14471.547541	-19463.742609	-28428.557924	-33084.873329	-2145.678061	-42264.332445	-21672.050258	-3431.842140	14139.288859	-0.030000	0.960000	-0.202000	192.000000	127.500000	8.000000	15.000000	0.000000	124.500000	88.000000	0.000000	0.000000	0.000000	1741810916.725375	0.000000
226.000000	-8655.623633	-27467.745837	-34040.142183	-33359.218640	-39160.949190	3108.412398	-21357.225938	14507.846774	-19451.672667	-28427.775613	-33079.173634	-2138.167875	-42259.705634	-21670.709153	-3461.949940	14137.701885	-0.030000	0.960000	-0.202000	192.000000	0.000000	0.000000	0.000000	0.000000	0.000000	0.000000	0.000000	0.000000	0.000000	1741810916.725416	0.000000
228.000000	-8651.913244	-27456.458206	-34031.581465	-33353.809518	-39154.333073	3125.153855	-21363.283260	14479.169485	-19444.006019	-28418.052604	-33075.016209	-2140.291290	-42252.284855	-21663.087209	-3418.498149	14156.566758	-0.030000	0.960000	-0.202000	192.000000	0.000000	0.000000	0.000000	0.000000	0.000000	0.000000	0.000000	0.000000	0.000000	1741810916.725461	0.000000
230.000000	-8648.202854	-27458.581621	-34037.884657	-33352.356655	-39157.618780	3117.688372	-21361.651583	14519.179108	-19446.375304	-28415.772726	-33073.093959	-2128.601328	-42246.607512	-21652.604240	-3463.715728	14155.873854	-0.030000	0.960000	-0.202000	192.000000	0.000000	0.000000	0.000000	0.000000	0.000000	0.000000	0.000000	0.000000	0.000000	1741810916.725483	0.000000
232.000000	-8659.646947	-27467.969354	-34040.410404	-33363.264306	-39161.060948	3117.666020	-21387.110220	14493.541657	-19446.598821	-28422.388842	-33080.760608	-2132.870511	-42256.554038	-21666.685839	-3410.160948	14163.674612	-0.030000	0.960000	-0.202000	192.000000	0.000000	0.000000	0.000000	0.000000	0.000000	0.000000	0.000000	0.000000	0.000000	1741810916.725509	0.000000
234.000000	-8646.884101	-27463.141377	-34038.398747	-33348.869783	-39154.601294	3126.964346	-21377.275452	14511.065425	-19448.722237	-28420.801869	-33079.531262	-2135.351555	-42250.988454	-21658.393342	-3471.337673	14146.307307	-0.028000	0.958000	-0.206000	192.000000	127.500000	16.000000	14.500000	120.000000	124.500000	72.000000	0.000000	0.000000	0.000000	1741810916.725532	0.000000
236.000000	-8639.306860	-27445.036464	-34024.160686	-33346.008759	-39146.956998	3136.285023	-21380.449400	14487.126706	-19437.389903	-28408.508409	-33070.367047	-2115.279688	-42241.198390	-21646.055179	-3425.963631	14173.174104	-0.028000	0.958000	-0.206000	192.000000	0.000000	0.000000	0.000000	0.000000	0.000000	0.000000	0.000000	0.000000	0.000000	1741810916.725557	0.000000
238.000000	-8647.174674	-27457.575793	-34035.381262	-33351.619047	-39153.237838	3123.902157	-21382.148133	14501.901210	-19443.938964	-28406.586159	-33066.857823	-2117.939546	-42242.047756	-21649.474996	-3483.452318	14150.464732	-0.028000	0.958000	-0.206000	192.000000	0.000000	0.000000	0.000000	0.000000	0.000000	0.000000	0.000000	0.000000	0.000000	1741810916.725580	0.000000
240.000000	-8649.298090	-27459.051008	-34038.085823	-33359.844489	-39158.848126	3123.209253	-21392.876970	14493.429898	-19445.883566	-28412.531723	-33077.921936	-2116.687848	-42252.061337	-21659.354467	-3418.833425	14162.981708	-0.028000	0.958000	-0.206000	192.000000	0.000000	0.000000	0.000000	0.000000	0.000000	0.000000	0.000000	0.000000	0.000000	1741810916.785756	0.000000
242.000000	-8633.763627	-27450.423235	-34026.127640	-33344.734710	-39141.883152	3134.630994	-21372.358069	14497.162640	-19439.043932	-28409.938921	-33071.127006	-2123.259261	-42241.265445	-21651.620764	-3484.659312	14137.701885	-0.028000	0.958000	-0.206000	192.000000	0.000000	0.000000	0.000000	0.000000	0.000000	0.000000	0.000000	0.000000	0.000000	1741810916.785789	0.000000
244.000000	-8651.868540	-27470.830377	-34040.879791	-33360.872669	-39153.707225	3124.751523	-21385.187970	14518.910887	-19436.786406	-28413.403441	-33071.059951	-2107.009543	-42239.186733	-21648.022133	-3422.432056	14173.934063	-0.028000	0.962000	-0.204000	192.000000	127.500000	16.000000	15.000000	8.000000	124.500000	80.000000	0.000000	0.000000	0.000000	1741810916.785812	0.000000
246.000000	-8648.716944	-27456.815834	-34039.605741	-33350.792033	-39151.516754	3126.562014	-21383.399830	14507.869125	-19447.112912	-28414.811601	-33076.513776	-2131.909386	-42249.580294	-21649.720865	-3485.441623	14140.294688	-0.028000	0.962000	-0.204000	192.000000	0.000000	0.000000	0.000000	0.000000	0.000000	0.000000	0.000000	0.000000	0.000000	1741810916.785837	0.000000
248.000000	-8646.481770	-27455.295915	-34040.477459	-33357.475204	-39162.737329	3118.604793	-21393.681633	14518.955591	-19442.039066	-28414.543380	-33072.468111	-2108.976496	-42245.668739	-21653.654772	-3432.333879	14167.966147	-0.028000	0.962000	-0.204000	192.000000	0.000000	0.000000	0.000000	0.000000	0.000000	0.000000	0.000000	0.000000	0.000000	1741810916.785859	0.000000
250.000000	-8636.445837	-27449.640924	-34036.901180	-33349.272114	-39156.881172	3126.472607	-21379.868255	14504.471660	-19440.876775	-28413.314034	-33073.228070	-2125.315622	-42245.847553	-21654.012400	-3484.055815	14140.004115	-0.028000	0.962000	-0.204000	192.000000	0.000000	0.000000	0.000000	0.000000	0.000000	0.000000	0.000000	0.000000	0.000000	1741810916.785905	0.000000
252.000000	-8639.910357	-27450.266773	-34038.510506	-33357.609315	-39158.848126	3122.493997	-21375.084981	14527.605716	-19425.141147	-28405.066240	-33061.381645	-2101.443958	-42248.328596	-21652.291316	-3435.016088	14173.755249	-0.028000	0.962000	-0.204000	192.000000	0.000000	0.000000	0.000000	0.000000	0.000000	0.000000	0.000000	0.000000	0.000000	1741810916.785931	0.000000
254.000000	-8648.694593	-27462.157901	-34044.836050	-33362.526698	-39158.266980	3117.017820	-21379.734144	14496.603846	-19436.808757	-28414.386918	-33068.288334	-2124.063924	-42252.173096	-21655.420560	-3476.009187	14141.322868	-0.020000	0.968000	-0.202000	192.000000	127.500000	48.000000	15.000000	32.000000	124.500000	88.000000	0.000000	0.000000	0.000000	1741810916.846522	0.000000
0.000000	-8667.067727	-27483.347354	-34060.638733	-33379.514024	-39170.783957	3099.851680	-21387.087868	14520.363751	-19450.242156	-28431.754223	-33083.800445	-2117.581918	-42258.386881	-21669.993898	-3430.456332	14164.143999	-0.020000	0.968000	-0.202000	192.000000	0.000000	0.000000	0.000000	0.000000	0.000000	0.000000	0.000000	0.000000	0.000000	1741810916.846577	0.000000
2.000000	-8655.087191	-27469.489273	-34050.803965	-33374.395475	-39159.317512	3106.221927	-21390.306519	14474.743840	-19457.908804	-28434.235267	-33096.071553	-2148.829657	-42267.864021	-21673.748991	-3462.665196	14129.297630	-0.020000	0.968000	-0.202000	192.000000	0.000000	0.000000	0.000000	0.000000	0.000000	0.000000	0.000000	0.000000	0.000000	1741810916.846600	0.000000
4.000000	-8656.920035	-27474.451360	-34051.563925	-33375.602469	-39159.205754	3104.456139	-21380.807028	14513.635875	-19451.605612	-28425.495735	-33086.102675	-2121.359363	-42256.151707	-21667.803427	-3444.336765	14153.549272	-0.020000	0.968000	-0.202000	192.000000	0.000000	0.000000	0.000000	0.000000	0.000000	0.000000	0.000000	0.000000	0.000000	1741810916.846622	0.000000
6.000000	-8651.510912	-27463.074322	-34043.562000	-33370.483919	-39158.266980	3111.586346	-21388.540731	14477.604863	-19456.254775	-28428.267351	-33090.193044	-2144.158142	-42257.805736	-21673.503122	-3463.223989	14140.093522	-0.020000	0.968000	-0.202000	192.000000	0.000000	0.000000	0.000000	0.000000	0.000000	0.000000	0.000000	0.000000	0.000000	1741810916.846668	0.000000
8.000000	-8652.539093	-27481.738029	-34056.458957	-33373.747274	-39168.526431	3099.516404	-21385.187970	14531.047884	-19446.352952	-28426.233342	-33082.258175	-2118.028953	-42250.340253	-21660.360296	-3457.904274	14163.652261	-0.028000	0.966000	-0.204000	192.000000	127.500000	16.000000	15.000000	24.000000	124.500000	80.000000	0.000000	0.000000	0.000000	1741810916.846692	0.000000
10.000000	-8654.170770	-27476.820645	-34045.327788	-33369.723960	-39166.850050	3105.707837	-21388.272511	14489.585398	-19458.087618	-28434.347026	-33091.064762	-2144.359308	-42260.085614	-21673.056087	-3452.361042	14147.938984	-0.028000	0.966000	-0.204000	192.000000	0.000000	0.000000	0.000000	0.000000	0.000000	0.000000	0.000000	0.000000	0.000000	1741810916.846716	0.000000
12.000000	-8640.200930	-27469.221052	-34048.389977	-33362.727864	-39168.124100	3104.478491	-21380.024717	14528.455082	-19445.637696	-28423.104098	-33076.849053	-2119.347706	-42249.535590	-21663.064857	-3469.504830	14167.921444	-0.028000	0.966000	-0.204000	192.000000	0.000000	0.000000	0.000000	0.000000	0.000000	0.000000	0.000000	0.000000	0.000000	1741810916.846739	0.000000
14.000000	-8649.655718	-27463.946040	-34048.345274	-33371.489748	-39169.733425	3104.545546	-21392.228769	14492.245256	-19452.119702	-28425.898066	-33079.710076	-2133.876340	-42257.537515	-21663.042505	-3450.572902	14158.131380	-0.028000	0.966000	-0.204000	192.000000	0.000000	0.000000	0.000000	0.000000	0.000000	0.000000	0.000000	0.000000	0.000000	1741810916.906194	0.000000
16.000000	-8647.688764	-27471.836206	-34046.981817	-33364.895983	-39165.330132	3104.254973	-21381.589339	14525.996390	-19440.072112	-28424.020520	-33072.624573	-2115.011467	-42248.350948	-21657.298107	-3473.304626	14158.511360	-0.028000	0.966000	-0.204000	192.000000	0.000000	0.000000	0.000000	0.000000	0.000000	0.000000	0.000000	0.000000	0.000000	1741810916.906251	0.000000
18.000000	-8647.979337	-27458.380456	-34043.874925	-33373.300239	-39166.179498	3102.578593	-21387.579606	14487.730204	-19445.436531	-28418.186714	-33073.652753	-2119.079485	-42255.995245	-21658.013363	-3443.777972	14156.544406	-0.028000	0.964000	-0.202000	192.000000	127.500000	16.000000	15.000000	16.000000	124.500000	88.000000	0.000000	0.000000	0.000000	1741810916.906278	0.000000
20.000000	-8649.454552	-27462.269659	-34051.049835	-33369.589850	-39168.414672	3101.773930	-21373.788580	14515.424015	-19439.468615	-28414.632787	-33068.154224	-2113.446845	-42250.988454	-21660.583813	-3483.698187	14149.123627	-0.028000	0.964000	-0.202000	192.000000	0.000000	0.000000	0.000000	0.000000	0.000000	0.000000	0.000000	0.000000	0.000000	1741810916.906302	0.000000
22.000000	-8652.717907	-27462.023790	-34051.049835	-33381.749199	-39174.114367	3100.768101	-21392.608749	14468.842980	-19458.780522	-28434.235267	-33091.757666	-2132.825808	-42273.362550	-21671.938499	-3424.331954	14160.500665	-0.028000	0.964000	-0.202000	192.000000	0.000000	0.000000	0.000000	0.000000	0.000000	0.000000	0.000000	0.000000	0.000000	1741810916.906324	0.000000
24.000000	-8641.452627	-27461.017962	-34047.473556	-33366.885289	-39165.151318	3113.195671	-21364.043220	14492.647587	-19440.876775	-28410.922397	-33067.528375	-2114.139749	-42252.038986	-21649.720865	-3474.153992	14155.337412	-0.028000	0.964000	-0.202000	192.000000	0.000000	0.000000	0.000000	0.000000	0.000000	0.000000	0.000000	0.000000	0.000000	1741810916.906347	0.000000
26.000000	-8656.316537	-27466.315325	-34045.752471	-33374.283716	-39165.844222	3120.035305	-21371.888682	14473.358032	-19449.929231	-28425.674549	-33080.112407	-2122.096970	-42260.934980	-21653.744179	-3408.797492	14176.549217	-0.028000	0.964000	-0.202000	192.000000	0.000000	0.000000	0.000000	0.000000	0.000000	0.000000	0.000000	0.000000	0.000000	1741810916.906370	0.000000
28.000000	-8661.926825	-27469.221052	-34050.580448	-33371.422693	-39164.413710	3114.000334	-21353.783769	14510.864259	-19453.214938	-28428.312055	-33086.057971	-2132.132904	-42261.426718	-21660.203834	-3469.035443	14148.810702	-0.024000	0.964000	-0.200000	192.000000	127.500000	32.000000	15.000000	16.000000	124.500000	96.000000	0.000000	0.000000	0.000000	1741810916.966674	0.000000
30.000000	-8658.685822	-27474.049029	-34043.517297	-33373.277887	-39159.742196	3122.561052	-21359.416408	14504.784585	-19459.339316	-28432.782404	-33094.149303	-2128.780142	-42264.891239	-21661.232014	-3406.830538	14166.535636	-0.024000	0.964000	-0.200000	192.000000	0.000000	0.000000	0.000000	0.000000	0.000000	0.000000	0.000000	0.000000	0.000000	1741810916.966729	0.000000
32.000000	-8635.775284	-27459.922726	-34030.285064	-33350.322646	-39142.196076	3134.362773	-21337.019961	14524.342361	-19444.877737	-28416.197409	-33073.585698	-2121.158197	-42242.584198	-21643.730598	-3472.343501	14156.052668	-0.024000	0.964000	-0.200000	192.000000	0.000000	0.000000	0.000000	0.000000	0.000000	0.000000	0.000000	0.000000	0.000000	1741810916.966753	0.000000
34.000000	-8654.640157	-27473.065552	-34039.896314	-33367.801710	-39156.456489	3119.834139	-21350.542766	14515.647532	-19457.640583	-28430.390767	-33086.639117	-2118.923023	-42255.391747	-21656.247575	-3395.520555	14184.931121	-0.024000	0.964000	-0.200000	192.000000	0.000000	0.000000	0.000000	0.000000	0.000000	0.000000	0.000000	0.000000	0.000000	1741810916.966776	0.000000
36.000000	-8644.738334	-27465.242441	-34033.257846	-33356.223506	-39149.147469	3128.707782	-21336.863498	14506.505669	-19450.331563	-28413.492848	-33082.749913	-2130.612985	-42246.585160	-21645.809310	-3462.128754	14151.604670	-0.024000	0.964000	-0.200000	192.000000	0.000000	0.000000	0.000000	0.000000	0.000000	0.000000	0.000000	0.000000	0.000000	1741810916.966799	0.000000
38.000000	-8658.886988	-27480.531035	-34044.500773	-33377.345905	-39168.571135	3114.290907	-21363.283260	14501.990617	-19455.830092	-28429.921380	-33084.649811	-2117.783084	-42258.610399	-21650.592583	-3387.965666	14183.813534	-0.018000	0.962000	-0.208000	192.000000	127.500000	56.000000	15.000000	8.000000	124.500000	64.000000	0.000000	0.000000	0.000000	1741810916.966845	0.000000
40.000000	-8639.575081	-27460.079188	-34026.842895	-33353.049559	-39151.449698	3132.820503	-21350.207490	14480.532942	-19453.125531	-28417.963197	-33078.681896	-2134.748058	-42252.888352	-21650.346714	-3454.171533	14138.752417	-0.018000	0.962000	-0.208000	192.000000	0.000000	0.000000	0.000000	0.000000	0.000000	0.000000	0.000000	0.000000	0.000000	1741810916.966873	0.000000
42.000000	-8651.823837	-27462.224956	-34037.102346	-33363.688989	-39162.513812	3124.483302	-21355.750722	14508.740843	-19435.132377	-28404.462743	-33066.924878	-2103.857947	-42245.378166	-21637.941496	-3398.023951	14177.912674	-0.018000	0.962000	-0.208000	192.000000	0.000000	0.000000	0.000000	0.000000	0.000000	0.000000	0.000000	0.000000	0.000000	1741810916.966896	0.000000
44.000000	-8653.768439	-27463.722523	-34043.964332	-33370.059236	-39166.224201	3117.733075	-21363.193853	14485.584436	-19460.322793	-28419.460764	-33083.778093	-2141.006546	-42257.090480	-21651.710171	-3445.834332	14147.760170	-0.018000	0.962000	-0.208000	192.000000	0.000000	0.000000	0.000000	0.000000	0.000000	0.000000	0.000000	0.000000	0.000000	1741810917.026002	0.000000
46.000000	-8652.360279	-27479.301689	-34052.145070	-33381.100998	-39172.348579	3111.116959	-21363.238557	14505.231620	-19449.035162	-28426.680377	-33083.576928	-2125.941470	-42265.695902	-21658.505101	-3407.948125	14163.696964	-0.018000	0.962000	-0.208000	192.000000	0.000000	0.000000	0.000000	0.000000	0.000000	0.000000	0.000000	0.000000	0.000000	1741810917.026036	0.000000
48.000000	-8647.040563	-27475.725409	-34042.198544	-33368.673428	-39162.513812	3120.236471	-21357.114179	14476.822552	-19455.405409	-28420.533648	-33086.460303	-2143.956976	-42259.012730	-21654.370028	-3449.142390	14135.422007	-0.018000	0.962000	-0.208000	192.000000	127.500000	56.000000	15.000000	8.000000	124.500000	64.000000	0.000000	0.000000	0.000000	1741810917.026060	0.000000
50.000000	-8644.492465	-27470.942136	-34044.076090	-33371.668562	-39161.105652	3116.302564	-21348.620516	14512.741806	-19450.622135	-28420.533648	-33078.771303	-2120.353534	-42255.771727	-21649.005610	-3417.134692	14162.154694	-0.018000	0.962000	-0.208000	192.000000	0.000000	0.000000	0.000000	0.000000	0.000000	0.000000	0.000000	0.000000	0.000000	1741810917.026106	0.000000
52.000000	-8645.542997	-27470.003363	-34041.416233	-33371.377989	-39158.602257	3115.028514	-21354.186100	14490.278302	-19448.722237	-28413.291682	-33076.849053	-2135.418610	-42252.955407	-21651.821929	-3448.069507	14142.261641	-0.018000	0.962000	-0.208000	192.000000	0.000000	0.000000	0.000000	0.000000	0.000000	0.000000	0.000000	0.000000	0.000000	1741810917.026134	0.000000
54.000000	-8647.487598	-27470.763322	-34045.707768	-33373.166129	-39167.386492	3104.389084	-21358.343525	14521.324876	-19444.944792	-28428.110889	-33081.542919	-2120.778217	-42268.132242	-21660.628517	-3427.327088	14155.024487	-0.018000	0.962000	-0.208000	192.000000	0.000000	0.000000	0.000000	0.000000	0.000000	0.000000	0.000000	0.000000	0.000000	1741810917.026156	0.000000
56.000000	-8643.754857	-27466.069456	-34038.197582	-33372.026190	-39162.469108	3109.932317	-21366.256042	14479.169485	-19448.766941	-28425.629845	-33078.681896	-2139.307814	-42262.007864	-21661.813159	-3440.760486	14128.112987	-0.018000	0.962000	-0.208000	192.000000	0.000000	0.000000	0.000000	0.000000	0.000000	0.000000	0.000000	0.000000	0.000000	1741810917.026178	0.000000
58.000000	-8640.089171	-27471.098598	-34039.181058	-33364.873632	-39158.065815	3110.669924	-21353.157920	14514.060559	-19445.213013	-28422.031214	-33074.658582	-2121.404066	-42255.503506	-21659.510930	-3435.351364	14149.168330	-0.018000	0.962000	-0.212000	192.000000	127.500000	56.000000	15.000000	8.000000	124.500000	48.000000	0.000000	0.000000	0.000000	1741810917.086195	0.000000
60.000000	-8646.682936	-27465.778883	-34038.041119	-33366.885289	-39156.814117	3113.150968	-21354.119045	14479.527113	-19444.944792	-28413.425793	-33073.429236	-2128.087238	-42252.016634	-21650.816101	-3429.741076	14144.630926	-0.018000	0.962000	-0.212000	192.000000	0.000000	0.000000	0.000000	0.000000	0.000000	0.000000	0.000000	0.000000	0.000000	1741810917.086256	0.000000
62.000000	-8645.878273	-27469.444569	-34039.829259	-33363.644286	-39157.931704	3110.714628	-21346.608859	14513.814689	-19457.193548	-28421.785345	-33080.112407	-2120.599403	-42258.185715	-21652.246613	-3433.362059	14156.097371	-0.018000	0.962000	-0.212000	192.000000	0.000000	0.000000	0.000000	0.000000	0.000000	0.000000	0.000000	0.000000	0.000000	1741810917.086283	0.000000
64.000000	-8644.157188	-27467.052933	-34031.827334	-33357.385797	-39150.846201	3119.297697	-21349.760455	14470.385250	-19442.731970	-28414.968063	-33076.334962	-2131.149427	-42254.028291	-21653.788883	-3413.647820	14152.007002	-0.018000	0.962000	-0.212000	192.000000	0.000000	0.000000	0.000000	0.000000	0.000000	0.000000	0.000000	0.000000	0.000000	1741810917.086306	0.000000
66.000000	-8627.661601	-27460.012133	-34026.015881	-33345.897001	-39146.353501	3123.321011	-21331.700245	14512.652399	-19433.187775	-28404.261578	-33064.421483	-2111.725761	-42240.349023	-21640.377836	-3435.977213	14163.272281	-0.018000	0.962000	-0.212000	192.000000	0.000000	0.000000	0.000000	0.000000	0.000000	0.000000	0.000000	0.000000	0.000000	1741810917.086329	0.000000
68.000000	-8639.172749	-27467.991706	-34034.107212	-33364.583059	-39161.820908	3111.586346	-21349.805158	14480.354128	-19439.066284	-28407.547284	-33067.528375	-2117.827787	-42252.016634	-21646.703380	-3395.900535	14165.999194	-0.018000	0.962000	-0.212000	192.000000	127.500000	56.000000	15.000000	8.000000	124.500000	48.000000	0.000000	0.000000	0.000000	1741810917.086352	0.000000
70.000000	-8653.589625	-27481.156883	-34048.233515	-33371.065065	-39171.543917	3096.431863	-21346.407693	14508.472622	-19450.800949	-28419.997206	-33079.419503	-2122.096970	-42259.124489	-21654.861767	-3433.585576	14154.219825	-0.018000	0.962000	-0.212000	192.000000	0.000000	0.000000	0.000000	0.000000	0.000000	0.000000	0.000000	0.000000	0.000000	1741810917.086377	0.000000
72.000000	-8645.542997	-27460.749741	-34030.977968	-33367.868765	-39160.680969	3108.546508	-21348.218184	14468.261834	-19458.154673	-28414.632787	-33078.212509	-2127.774313	-42253.581256	-21647.686857	-3395.207631	14154.018659	-0.018000	0.962000	-0.212000	192.000000	0.000000	0.000000	0.000000	0.000000	0.000000	0.000000	0.000000	0.000000	0.000000	1741810917.086406	0.000000
74.000000	-8639.060991	-27476.150093	-34033.749584	-33364.493652	-39158.490498	3106.758369	-21328.436891	14497.386157	-19451.069170	-28411.749412	-33070.769378	-2124.600366	-42248.015672	-21649.698514	-3450.081164	14144.854444	-0.018000	0.962000	-0.212000	192.000000	0.000000	0.000000	0.000000	0.000000	0.000000	0.000000	0.000000	0.000000	0.000000	1741810917.146893	0.000000
76.000000	-8646.682936	-27463.633116	-34033.615474	-33368.002876	-39163.631399	3110.044075	-21340.417426	14471.927520	-19460.032220	-28420.198371	-33084.873329	-2126.656726	-42259.035082	-21660.069723	-3385.551677	14154.711563	-0.018000	0.962000	-0.212000	192.000000	0.000000	0.000000	0.000000	0.000000	0.000000	0.000000	0.000000	0.000000	0.000000	1741810917.146923	0.000000
78.000000	-8643.419581	-27473.914918	-34039.449279	-33361.856146	-39161.016245	3109.060598	-21327.252248	14501.208306	-19448.230499	-28408.642520	-33074.457416	-2120.778217	-42248.641521	-21649.251479	-3451.332861	14142.105179	-0.016000	0.964000	-0.210000	192.000000	127.500000	64.000000	15.000000	16.000000	124.500000	56.000000	0.000000	0.000000	0.000000	1741810917.146948	0.000000
80.000000	-8648.202854	-27466.516491	-34033.682529	-33363.890155	-39161.083300	3112.011029	-21336.885850	14492.781698	-19451.918537	-28417.136182	-33082.928727	-2123.169854	-42260.443242	-21656.024057	-3386.848079	14159.181912	-0.016000	0.964000	-0.210000	192.000000	0.000000	0.000000	0.000000	0.000000	0.000000	0.000000	0.000000	0.000000	0.000000	1741810917.146991	0.000000
82.000000	-8640.715020	-27453.686589	-34031.425003	-33355.620009	-39157.529373	3113.441540	-21322.044292	14507.489146	-19447.470540	-28410.721232	-33073.742160	-2130.612985	-42251.703710	-21644.937592	-3447.778934	14138.461845	-0.016000	0.964000	-0.210000	192.000000	0.000000	0.000000	0.000000	0.000000	0.000000	0.000000	0.000000	0.000000	0.000000	1741810917.147018	0.000000
84.000000	-8641.743200	-27465.063627	-34034.397785	-33364.024265	-39162.446757	3106.713665	-21334.069530	14504.225791	-19441.659086	-28414.163400	-33069.808253	-2113.044514	-42252.083689	-21652.872461	-3384.769366	14165.172179	-0.016000	0.964000	-0.210000	192.000000	0.000000	0.000000	0.000000	0.000000	0.000000	0.000000	0.000000	0.000000	0.000000	1741810917.147047	0.000000
86.000000	-8637.384610	-27469.377514	-34031.134430	-33354.234201	-39157.864649	3107.160700	-21327.028731	14506.326855	-19445.592993	-28417.762031	-33069.495329	-2126.656726	-42254.855306	-21658.527453	-3446.661347	14135.198490	-0.016000	0.964000	-0.210000	192.000000	0.000000	0.000000	0.000000	0.000000	0.000000	0.000000	0.000000	0.000000	0.000000	1741810917.147070	0.000000
88.000000	-8657.903511	-27475.211319	-34042.220896	-33363.577230	-39165.911277	3100.611639	-21342.876118	14513.032378	-19448.722237	-28426.792136	-33076.871404	-2116.263165	-42258.699806	-21662.439008	-3382.847116	14165.686269	-0.012000	0.962000	-0.202000	192.000000	127.500000	80.000000	15.000000	8.000000	124.500000	88.000000	0.000000	0.000000	0.000000	1741810917.206329	0.000000
90.000000	-8645.341831	-27466.315325	-34038.175230	-33356.178803	-39159.608085	3105.819596	-21328.392187	14492.647587	-19454.645449	-28422.232380	-33081.520567	-2136.022107	-42259.929152	-21662.573119	-3445.879036	14131.063417	-0.012000	0.962000	-0.202000	192.000000	0.000000	0.000000	0.000000	0.000000	0.000000	0.000000	0.000000	0.000000	0.000000	1741810917.206388	0.000000
92.000000	-8633.160130	-27445.371741	-34024.071279	-33349.830908	-39149.907428	3110.401703	-21318.870344	14500.448346	-19442.754321	-28417.985549	-33072.043427	-2108.708275	-42252.486021	-21654.459435	-3404.237736	14163.384040	-0.012000	0.962000	-0.202000	192.000000	0.000000	0.000000	0.000000	0.000000	0.000000	0.000000	0.000000	0.000000	0.000000	1741810917.206433	0.000000
94.000000	-8638.613956	-27456.458206	-34023.177209	-33346.746367	-39153.684873	3112.189843	-21324.435928	14488.713680	-19439.647429	-28413.850476	-33064.712055	-2120.398238	-42250.541419	-21651.374895	-3451.131696	14143.490987	-0.012000	0.962000	-0.202000	192.000000	0.000000	0.000000	0.000000	0.000000	0.000000	0.000000	0.000000	0.000000	0.000000	1741810917.206459	0.000000
96.000000	-8630.164996	-27443.404787	-34016.292872	-33335.883419	-39154.489536	3121.666982	-21324.994722	14517.256858	-19426.459900	-28402.540493	-33054.765529	-2090.469252	-42243.746489	-21640.713112	-3396.414625	14172.950586	-0.012000	0.962000	-0.202000	192.000000	0.000000	0.000000	0.000000	0.000000	0.000000	0.000000	0.000000	0.000000	0.000000	1741810917.206482	0.000000
98.000000	-8633.808331	-27443.941229	-34022.081974	-33341.113727	-39161.664446	3120.012953	-21336.058836	14496.983826	-19426.526955	-28391.342269	-33050.429291	-2107.009543	-42240.930169	-21632.018284	-3432.937376	14153.392810	-0.014000	0.962000	-0.200000	192.000000	127.500000	72.000000	15.000000	8.000000	124.500000	96.000000	0.000000	0.000000	0.000000	1741810917.206505	0.000000
100.000000	-8636.982278	-27444.835299	-34027.625206	-33345.539373	-39164.950152	3119.096532	-21335.365931	14519.827309	-19429.700903	-28405.289758	-33056.665427	-2094.336104	-42250.541419	-21638.947325	-3394.939410	14171.542427	-0.014000	0.962000	-0.200000	192.000000	0.000000	0.000000	0.000000	0.000000	0.000000	0.000000	0.000000	0.000000	0.000000	1741810917.206530	0.000000
102.000000	-8641.452627	-27453.775996	-34028.988663	-33350.993198	-39157.328207	3114.983811	-21332.124928	14478.923616	-19436.473481	-28404.149819	-33059.727616	-2118.364229	-42253.022462	-21644.043522	-3432.333879	14142.395752	-0.014000	0.962000	-0.200000	192.000000	0.000000	0.000000	0.000000	0.000000	0.000000	0.000000	0.000000	0.000000	0.000000	1741810917.206556	0.000000
104.000000	-8648.605186	-27459.788616	-34036.118869	-33356.201155	-39159.295161	3108.278287	-21321.954885	14520.475509	-19441.100292	-28419.147839	-33067.081340	-2110.585822	-42256.129355	-21648.826796	-3416.754713	14161.014755	-0.014000	0.962000	-0.200000	192.000000	0.000000	0.000000	0.000000	0.000000	0.000000	0.000000	0.000000	0.000000	0.000000	1741810917.266545	0.000000
106.000000	-8653.500218	-27468.125816	-34039.538686	-33363.979562	-39164.681931	3104.903174	-21325.128832	14484.556256	-19450.420970	-28426.546267	-33076.357314	-2137.184398	-42261.918457	-21662.908395	-3417.067637	14146.396714	-0.014000	0.962000	-0.200000	192.000000	0.000000	0.000000	0.000000	0.000000	0.000000	0.000000	0.000000	0.000000	0.000000	1741810917.266594	0.000000
108.000000	-8650.303918	-27468.908127	-34039.695148	-33358.033998	-39164.167841	3101.215136	-21315.450527	14522.196594	-19453.326697	-28427.194467	-33067.729541	-2120.845273	-42254.721195	-21658.549805	-3423.035553	14149.972993	-0.014000	0.958000	-0.198000	192.000000	127.500000	72.000000	14.500000	120.000000	124.500000	104.000000	0.000000	0.000000	0.000000	1741810917.266617	0.000000
110.000000	-8647.688764	-27460.235651	-34036.789422	-33359.442158	-39164.234896	3108.300639	-21322.714844	14480.979977	-19453.371400	-28428.982607	-33073.786864	-2138.167875	-42264.175983	-21666.417619	-3416.955878	14137.791292	-0.014000	0.958000	-0.198000	192.000000	0.000000	0.000000	0.000000	0.000000	0.000000	0.000000	0.000000	0.000000	0.000000	1741810917.266641	0.000000
112.000000	-8641.832607	-27466.449436	-34031.223837	-33350.322646	-39156.411786	3108.166529	-21312.634207	14516.519250	-19448.521071	-28429.541401	-33068.355390	-2120.308831	-42258.252771	-21662.483712	-3432.870320	14157.729048	-0.014000	0.958000	-0.198000	192.000000	0.000000	0.000000	0.000000	0.000000	0.000000	0.000000	0.000000	0.000000	0.000000	1741810917.266664	0.000000
114.000000	-8652.114409	-27466.561194	-34027.893427	-33354.882402	-39153.573114	3108.144177	-21320.949056	14481.427012	-19449.035162	-28421.919456	-33063.214488	-2128.511921	-42256.889314	-21659.242709	-3411.189128	14162.691136	-0.014000	0.958000	-0.198000	192.000000	0.000000	0.000000	0.000000	0.000000	0.000000	0.000000	0.000000	0.000000	0.000000	1741810917.266696	0.000000
116.000000	-8652.114409	-27470.115122	-34032.341425	-33355.463547	-39161.217411	3097.705912	-21314.198829	14517.547431	-19450.823301	-28427.686206	-33069.003590	-2126.880244	-42266.366454	-21660.606165	-3434.770219	14163.071115	-0.014000	0.958000	-0.198000	192.000000	0.000000	0.000000	0.000000	0.000000	0.000000	0.000000	0.000000	0.000000	0.000000	1741810917.266719	0.000000
118.000000	-8649.298090	-27471.858558	-34027.446392	-33360.917373	-39158.825774	3100.656343	-21325.888792	14477.940140	-19463.764961	-28438.146822	-33079.352448	-2143.085258	-42265.762957	-21673.927805	-3393.844175	14157.192607	-0.022000	0.962000	-0.196000	192.000000	127.500000	40.000000	15.000000	8.000000	124.500000	112.000000	0.000000	0.000000	0.000000	1741810917.266742	0.000000
120.000000	-8644.380706	-27465.868290	-34023.266616	-33349.138003	-39149.080413	3103.897346	-21307.247437	14513.725282	-19448.699885	-28426.434508	-33065.740236	-2127.930776	-42251.480192	-21661.433180	-3434.122018	14152.007002	-0.022000	0.962000	-0.196000	192.000000	0.000000	0.000000	0.000000	0.000000	0.000000	0.000000	0.000000	0.000000	0.000000	1741810917.327142	0.000000
122.000000	-8664.005538	-27478.027639	-34033.816640	-33366.751178	-39159.965713	3097.147119	-21333.108405	14485.293863	-19468.056496	-28432.692997	-33075.977334	-2136.022107	-42260.890277	-21671.402058	-3378.332064	14161.640604	-0.022000	0.962000	-0.196000	192.000000	0.000000	0.000000	0.000000	0.000000	0.000000	0.000000	0.000000	0.000000	0.000000	1741810917.327189	0.000000
124.000000	-8647.599357	-27465.153034	-34023.177209	-33349.138003	-39148.521620	3105.260802	-21315.830507	14509.456099	-19454.801912	-28424.959293	-33066.455491	-2134.010450	-42252.173096	-21662.863691	-3445.432001	14141.166406	-0.022000	0.962000	-0.196000	192.000000	0.000000	0.000000	0.000000	0.000000	0.000000	0.000000	0.000000	0.000000	0.000000	1741810917.327233	0.000000
126.000000	-8654.796619	-27472.260889	-34023.177209	-33356.603486	-39154.936571	3103.159738	-21334.404806	14487.774907	-19458.892281	-28432.313017	-33068.847128	-2126.343802	-42260.018559	-21667.714020	-3385.685788	14161.238272	-0.022000	0.962000	-0.196000	192.000000	0.000000	0.000000	0.000000	0.000000	0.000000	0.000000	0.000000	0.000000	0.000000	1741810917.327257	0.000000
128.000000	-8671.515724	-27490.008174	-34036.185925	-33359.375102	-39166.045388	3090.463947	-21335.030655	14502.102375	-19467.922386	-28429.854325	-33071.685800	-2129.450694	-42257.448108	-21663.578947	-3451.154047	14138.886528	-0.022000	0.962000	-0.198000	192.000000	127.500000	40.000000	15.000000	8.000000	124.500000	104.000000	0.000000	0.000000	0.000000	1741810917.327283	0.000000
130.000000	-8666.665395	-27483.906148	-34029.033366	-33360.559745	-39162.402053	3097.482395	-21343.278449	14476.889608	-19486.921368	-28441.901915	-33079.330096	-2132.468180	-42267.171117	-21671.558520	-3391.944276	14149.950641	-0.022000	0.962000	-0.198000	192.000000	0.000000	0.000000	0.000000	0.000000	0.000000	0.000000	0.000000	0.000000	0.000000	1741810917.327308	0.000000
132.000000	-8670.353433	-27505.743802	-34023.199561	-33347.193402	-39148.387509	3108.948840	-21317.305722	14480.331776	-19485.222636	-28434.995226	-33072.602221	-2142.772334	-42256.084651	-21656.851072	-3469.549533	14133.276240	-0.022000	0.962000	-0.198000	192.000000	0.000000	0.000000	0.000000	0.000000	0.000000	0.000000	0.000000	0.000000	0.000000	1741810917.327331	0.000000
134.000000	-8690.201782	-27536.432747	-34027.804020	-33350.859088	-39149.236876	3111.653401	-21320.993760	14483.930407	-19512.536468	-28452.317828	-33087.935518	-2140.000718	-42266.277047	-21663.109560	-3403.745997	14167.653223	-0.022000	0.962000	-0.198000	192.000000	0.000000	0.000000	0.000000	0.000000	0.000000	0.000000	0.000000	0.000000	0.000000	1741810917.386742	0.000000
136.000000	-8693.599247	-27557.532794	-34025.255922	-33343.572419	-39139.402108	3118.046000	-21308.655597	14485.115049	-19541.504328	-28456.028218	-33098.373782	-2157.725651	-42268.735739	-21660.539110	-3462.128754	14148.073095	-0.022000	0.962000	-0.198000	192.000000	0.000000	0.000000	0.000000	0.000000	0.000000	0.000000	0.000000	0.000000	0.000000	1741810917.386798	0.000000
138.000000	-8728.758541	-27601.118696	-34041.639750	-33364.314838	-39149.125117	3106.356037	-21323.765376	14506.080986	-19573.042640	-28472.635564	-33116.255178	-2151.578921	-42273.563716	-21665.121217	-3401.466119	14175.856313	-0.020000	0.968000	-0.202000	192.000000	127.500000	48.000000	15.000000	32.000000	124.500000	88.000000	0.000000	0.000000	0.000000	1741810917.386822	0.000000
140.000000	-8740.493207	-27611.244036	-34051.698035	-33368.695780	-39154.422480	3101.662171	-21327.542821	14492.289959	-19606.190277	-28490.785180	-33132.504896	-2188.213430	-42285.365437	-21678.554616	-3458.597178	14135.243194	-0.020000	0.968000	-0.202000	192.000000	0.000000	0.000000	0.000000	0.000000	0.000000	0.000000	0.000000	0.000000	0.000000	1741810917.386847	0.000000
142.000000	-8736.961631	-27626.890257	-34056.794233	-33375.155434	-39158.512850	3098.599982	-21335.880022	14502.705872	-19623.959914	-28510.164143	-33145.938295	-2181.843183	-42289.880489	-21688.210569	-3402.226079	14160.612423	-0.020000	0.968000	-0.202000	192.000000	0.000000	0.000000	0.000000	0.000000	0.000000	0.000000	0.000000	0.000000	0.000000	1741810917.386870	0.000000
144.000000	-8742.258995	-27628.656045	-34059.297628	-33377.032981	-39164.659579	3095.202517	-21343.926650	14483.371613	-19619.511917	-28504.419745	-33143.479603	-2203.189099	-42289.522861	-21684.500180	-3451.556379	14134.594993	-0.020000	0.968000	-0.202000	192.000000	0.000000	0.000000	0.000000	0.000000	0.000000	0.000000	0.000000	0.000000	0.000000	1741810917.386893	0.000000
146.000000	-8734.726457	-27646.738606	-34064.505585	-33383.649097	-39166.715940	3092.788529	-21353.828472	14505.835117	-19623.557582	-28512.265207	-33149.134594	-2189.599239	-42292.070960	-21689.797543	-3408.350457	14150.822359	-0.020000	0.968000	-0.202000	192.000000	0.000000	0.000000	0.000000	0.000000	0.000000	0.000000	0.000000	0.000000	0.000000	1741810917.386923	0.000000
148.000000	-8745.276480	-27642.268257	-34068.305381	-33382.889138	-39167.408844	3097.616505	-21363.864406	14471.949872	-19636.119263	-28508.376003	-33152.889687	-2206.720675	-42290.796911	-21693.709099	-3446.661347	14120.982781	-0.016000	0.970000	-0.206000	192.000000	127.500000	64.000000	15.000000	40.000000	124.500000	72.000000	0.000000	0.000000	0.000000	1741810917.386946	0.000000
150.000000	-8748.003393	-27637.105004	-34081.291745	-33392.209815	-39182.585678	3093.302619	-21377.074287	14502.996445	-19636.946277	-28512.108745	-33154.409606	-2187.587582	-42299.089408	-21698.961758	-3421.359172	14141.524034	-0.016000	0.970000	-0.206000	192.000000	0.000000	0.000000	0.000000	0.000000	0.000000	0.000000	0.000000	0.000000	0.000000	1741810917.447761	0.000000
152.000000	-8733.161835	-27629.751281	-34069.087692	-33388.991164	-39173.108539	3101.438654	-21379.644737	14467.591282	-19628.519670	-28507.392527	-33152.710873	-2202.742064	-42295.490777	-21693.820857	-3446.549588	14110.611571	-0.016000	0.970000	-0.206000	192.000000	0.000000	0.000000	0.000000	0.000000	0.000000	0.000000	0.000000	0.000000	0.000000	1741810917.447794	0.000000
154.000000	-8724.981096	-27632.657007	-34078.341315	-33393.282699	-39178.897641	3092.229735	-21390.150057	14508.427919	-19613.298132	-28503.480971	-33147.681731	-2178.959808	-42290.282820	-21689.775192	-3426.388315	14129.767016	-0.016000	0.970000	-0.206000	192.000000	0.000000	0.000000	0.000000	0.000000	0.000000	0.000000	0.000000	0.000000	0.000000	1741810917.447817	0.000000
156.000000	-8709.558393	-27610.081745	-34066.785463	-33383.827911	-39168.481728	3105.238450	-21399.269569	14462.785657	-19604.536248	-28496.082544	-33149.648684	-2200.171614	-42284.024332	-21686.221264	-3426.075390	14113.293780	-0.016000	0.970000	-0.206000	192.000000	0.000000	0.000000	0.000000	0.000000	0.000000	0.000000	0.000000	0.000000	0.000000	1741810917.447845	0.000000
158.000000	-8708.597268	-27603.152705	-34076.106140	-33385.057257	-39171.946248	3105.171395	-21398.666072	14513.859393	-19593.114506	-28478.447017	-33136.707024	-2168.365081	-42270.836803	-21667.691668	-3432.088009	14134.773807	-0.016000	0.970000	-0.204000	192.000000	127.500000	64.000000	15.000000	40.000000	124.500000	80.000000	0.000000	0.000000	0.000000	1741810917.447889	0.000000
160.000000	-8704.193974	-27593.474399	-34069.892355	-33387.247728	-39165.173669	3112.793340	-21412.032415	14475.503799	-19587.750088	-28478.581128	-33146.407681	-2190.381550	-42283.532594	-21674.643061	-3414.273669	14126.302496	-0.016000	0.970000	-0.204000	192.000000	0.000000	0.000000	0.000000	0.000000	0.000000	0.000000	0.000000	0.000000	0.000000	1741810917.447913	0.000000
162.000000	-8690.827631	-27585.830103	-34060.504623	-33376.250670	-39156.367082	3111.943974	-21403.918732	14515.871050	-19573.668489	-28468.612250	-33134.963588	-2165.816982	-42273.742530	-21672.050258	-3439.240568	14130.348162	-0.016000	0.970000	-0.204000	192.000000	0.000000	0.000000	0.000000	0.000000	0.000000	0.000000	0.000000	0.000000	0.000000	1741810917.447936	0.000000
164.000000	-8686.536096	-27567.546376	-34052.547401	-33373.568460	-39146.934646	3116.436674	-21414.379348	14477.023718	-19556.256480	-28456.408197	-33127.006367	-2166.576942	-42262.387843	-21665.836473	-3417.872300	14128.269449	-0.016000	0.970000	-0.204000	192.000000	0.000000	0.000000	0.000000	0.000000	0.000000	0.000000	0.000000	0.000000	0.000000	1741810917.507192	0.000000
166.000000	-8695.633256	-27581.136236	-34071.792253	-33383.246766	-39162.402053	3096.565973	-21422.180107	14521.391931	-19553.216643	-28463.761921	-33121.776059	-2158.619721	-42264.891239	-21670.798560	-3443.867379	14131.443397	-0.016000	0.970000	-0.204000	192.000000	0.000000	0.000000	0.000000	0.000000	0.000000	0.000000	0.000000	0.000000	0.000000	1741810917.507224	0.000000
168.000000	-8685.217343	-27563.008972	-34059.118814	-33380.855129	-39146.040576	3112.011029	-21426.516345	14476.308462	-19552.948422	-28474.222538	-33128.369823	-2173.148355	-42274.994227	-21678.755782	-3397.956896	14127.196566	-0.016000	0.964000	-0.196000	192.000000	127.500000	64.000000	15.000000	16.000000	124.500000	112.000000	0.000000	0.000000	0.000000	1741810917.507270	0.000000
170.000000	-8679.316482	-27556.191690	-34068.104216	-33383.246766	-39142.643111	3107.339514	-21408.657302	14516.273381	-19542.398398	-28463.806625	-33118.915036	-2163.738270	-42264.891239	-21670.642098	-3445.767277	14128.314153	-0.016000	0.964000	-0.196000	192.000000	0.000000	0.000000	0.000000	0.000000	0.000000	0.000000	0.000000	0.000000	0.000000	1741810917.507302	0.000000
172.000000	-8671.761593	-27548.145062	-34054.246134	-33377.055332	-39135.535256	3114.916756	-21415.675749	14489.272474	-19539.380913	-28465.550061	-33120.546713	-2164.051195	-42272.580239	-21672.989031	-3390.714930	14138.506548	-0.016000	0.964000	-0.196000	192.000000	0.000000	0.000000	0.000000	0.000000	0.000000	0.000000	0.000000	0.000000	0.000000	1741810917.507325	0.000000
174.000000	-8671.269854	-27552.905983	-34062.270410	-33374.618992	-39144.721823	3101.863337	-21406.176258	14523.425939	-19520.963075	-28454.284782	-33107.672108	-2151.668328	-42258.208067	-21661.544938	-3452.897483	14127.330676	-0.016000	0.964000	-0.196000	192.000000	0.000000	0.000000	0.000000	0.000000	0.000000	0.000000	0.000000	0.000000	0.000000	1741810917.507348	0.000000
176.000000	-8670.152267	-27551.900155	-34059.834070	-33381.995068	-39145.839411	3102.891517	-21426.851621	14492.446422	-19536.139910	-28468.455788	-33120.971396	-2153.456468	-42273.608419	-21682.622633	-3383.830593	14135.578470	-0.016000	0.964000	-0.196000	192.000000	0.000000	0.000000	0.000000	0.000000	0.000000	0.000000	0.000000	0.000000	0.000000	1741810917.507370	0.000000
178.000000	-8661.435087	-27536.723320	-34050.491041	-33366.840585	-39135.132925	3109.351171	-21403.471697	14506.617428	-19517.856183	-28452.407235	-33105.839265	-2147.801476	-42252.910704	-21662.550767	-3454.953844	14115.931286	-0.016000	0.964000	-0.196000	192.000000	127.500000	64.000000	15.000000	16.000000	124.500000	112.000000	0.000000	0.000000	0.000000	1741810917.507393	0.000000
180.000000	-8664.385517	-27540.433710	-34056.838936	-33376.027152	-39142.911332	3110.334648	-21418.402662	14495.486259	-19519.778433	-28459.582145	-33114.422335	-2145.856875	-42270.054492	-21678.040526	-3387.920962	14146.642583	-0.016000	0.964000	-0.196000	192.000000	0.000000	0.000000	0.000000	0.000000	0.000000	0.000000	0.000000	0.000000	0.000000	1741810917.566916	0.000000
182.000000	-8652.136761	-27518.238427	-34052.212125	-33359.978600	-39140.095012	3118.202462	-21393.726336	14506.684483	-19510.524811	-28446.439319	-33105.079306	-2144.783991	-42260.867925	-21663.444837	-3459.513600	14131.577507	-0.016000	0.964000	-0.196000	192.000000	0.000000	0.000000	0.000000	0.000000	0.000000	0.000000	0.000000	0.000000	0.000000	1741810917.566949	0.000000
184.000000	-8652.293223	-27524.429861	-34044.478422	-33365.343018	-39139.715033	3116.503729	-21392.899322	14515.289905	-19504.020453	-28447.176927	-33099.916053	-2131.954090	-42262.387843	-21660.472055	-3392.212497	14165.239235	-0.016000	0.964000	-0.196000	192.000000	0.000000	0.000000	0.000000	0.000000	0.000000	0.000000	0.000000	0.000000	0.000000	1741810917.566973	0.000000
186.000000	-8634.322421	-27512.717547	-34030.575637	-33350.613219	-39127.287463	3120.996430	-21378.951833	14512.406529	-19495.884418	-28442.751282	-33093.232881	-2148.337918	-42249.155611	-21658.102770	-3450.863475	14134.237365	-0.016000	0.964000	-0.196000	192.000000	0.000000	0.000000	0.000000	0.000000	0.000000	0.000000	0.000000	0.000000	0.000000	1741810917.566996	0.000000
188.000000	-8646.638232	-27515.980901	-34040.164535	-33362.861975	-39141.212599	3104.545546	-21389.032470	14520.453157	-19491.570531	-28446.327561	-33090.729486	-2121.180549	-42250.764936	-21659.242709	-3388.680922	14162.802894	-0.016000	0.966000	-0.200000	192.000000	127.500000	64.000000	15.000000	24.000000	124.500000	96.000000	0.000000	0.000000	0.000000	1741810917.567025	0.000000
190.000000	-8635.909395	-27504.268587	-34037.504677	-33351.395530	-39135.870532	3111.854567	-21378.303633	14494.122803	-19488.687156	-28436.559848	-33090.483617	-2142.593520	-42248.127430	-21660.494406	-3447.287196	14123.486176	-0.016000	0.966000	-0.200000	192.000000	0.000000	0.000000	0.000000	0.000000	0.000000	0.000000	0.000000	0.000000	0.000000	1741810917.567070	0.000000
192.000000	-8638.435142	-27504.380346	-34036.856477	-33351.507288	-39135.557608	3118.448331	-21372.983917	14516.966285	-19482.205150	-28434.816412	-33092.674088	-2128.154293	-42250.899047	-21660.226185	-3404.081274	14152.476389	-0.016000	0.966000	-0.200000	192.000000	0.000000	0.000000	0.000000	0.000000	0.000000	0.000000	0.000000	0.000000	0.000000	1741810917.567096	0.000000
194.000000	-8643.352526	-27507.241369	-34038.175230	-33352.714283	-39140.899675	3116.637840	-21374.883816	14502.348244	-19483.546255	-28435.352854	-33092.964660	-2146.236854	-42247.926265	-21651.084322	-3455.870265	14127.263621	-0.016000	0.966000	-0.200000	192.000000	0.000000	0.000000	0.000000	0.000000	0.000000	0.000000	0.000000	0.000000	0.000000	1741810917.627143	0.000000
196.000000	-8644.760686	-27502.234578	-34036.565904	-33353.787166	-39142.240780	3110.871090	-21380.404697	14518.352094	-19497.538447	-28448.942715	-33102.955890	-2139.196055	-42260.420890	-21663.310726	-3417.469968	14145.904976	-0.016000	0.966000	-0.200000	192.000000	0.000000	0.000000	0.000000	0.000000	0.000000	0.000000	0.000000	0.000000	0.000000	1741810917.627174	0.000000
198.000000	-8627.840415	-27496.736049	-34019.980910	-33345.584076	-39134.797649	3112.994506	-21373.162731	14493.407547	-19479.142961	-28428.312055	-33081.118236	-2143.174665	-42237.733869	-21648.715037	-3461.637016	14117.540612	-0.020000	0.972000	-0.198000	192.000000	127.500000	48.000000	15.000000	48.000000	124.500000	104.000000	0.000000	0.000000	0.000000	1741810917.627198	0.000000
200.000000	-8647.197026	-27510.348262	-34041.259771	-33366.617068	-39152.097899	3092.699122	-21382.662223	14534.110073	-19484.730898	-28439.510279	-33088.047277	-2128.511921	-42250.384957	-21659.823854	-3428.355268	14140.205281	-0.020000	0.972000	-0.198000	192.000000	0.000000	0.000000	0.000000	0.000000	0.000000	0.000000	0.000000	0.000000	0.000000	1741810917.627223	0.000000
202.000000	-8632.333116	-27492.690384	-34034.978930	-33358.905716	-39144.632416	3103.003276	-21380.963490	14493.206381	-19488.776563	-28438.146822	-33093.299936	-2151.668328	-42256.934018	-21659.265060	-3447.242492	14106.431795	-0.020000	0.972000	-0.198000	192.000000	0.000000	0.000000	0.000000	0.000000	0.000000	0.000000	0.000000	0.000000	0.000000	1741810917.627268	0.000000
204.000000	-8631.662563	-27484.375535	-34032.296721	-33351.462585	-39138.418631	3112.391008	-21363.104446	14529.550317	-19471.900996	-28432.827107	-33081.878195	-2125.583842	-42249.222666	-21658.616860	-3444.403821	14131.599859	-0.020000	0.972000	-0.198000	192.000000	0.000000	0.000000	0.000000	0.000000	0.000000	0.000000	0.000000	0.000000	0.000000	1741810917.627290	0.000000
206.000000	-8639.597433	-27493.718564	-34039.896314	-33359.911544	-39144.744175	3107.875956	-21367.954775	14501.431823	-19474.113819	-28422.746470	-33079.821835	-2141.028898	-42245.780497	-21654.638249	-3445.253187	14132.695095	-0.020000	0.972000	-0.198000	192.000000	0.000000	0.000000	0.000000	0.000000	0.000000	0.000000	0.000000	0.000000	0.000000	1741810917.627314	0.000000
208.000000	-8629.874424	-27490.634023	-34042.734986	-33359.285695	-39145.437079	3105.171395	-21362.635060	14535.160605	-19490.698813	-28444.606476	-33093.076419	-2140.179532	-42261.449070	-21670.977374	-3441.989832	14145.010906	-0.024000	0.968000	-0.196000	192.000000	127.500000	32.000000	15.000000	32.000000	124.500000	112.000000	0.000000	0.000000	0.000000	1741810917.627337	0.000000
210.000000	-8628.175691	-27487.102447	-34038.912837	-33358.525736	-39144.788879	3112.078084	-21360.489292	14503.935218	-19469.442304	-28426.658026	-33079.419503	-2134.926872	-42242.964177	-21658.616860	-3444.470876	14140.898185	-0.024000	0.968000	-0.196000	192.000000	0.000000	0.000000	0.000000	0.000000	0.000000	0.000000	0.000000	0.000000	0.000000	1741810917.687462	0.000000
212.000000	-8632.981316	-27490.566968	-34044.389015	-33357.452852	-39147.180515	3106.490148	-21358.701153	14525.370541	-19477.801857	-28433.676473	-33088.963698	-2130.121247	-42260.823221	-21660.516758	-3464.408632	14141.769903	-0.024000	0.968000	-0.196000	192.000000	0.000000	0.000000	0.000000	0.000000	0.000000	0.000000	0.000000	0.000000	0.000000	1741810917.687541	0.000000
214.000000	-8638.435142	-27489.047049	-34039.829259	-33359.151585	-39148.812193	3105.171395	-21376.940176	14482.678709	-19476.796028	-28431.038967	-33091.198872	-2137.810247	-42258.722157	-21656.091113	-3440.536969	14140.026467	-0.024000	0.968000	-0.196000	192.000000	0.000000	0.000000	0.000000	0.000000	0.000000	0.000000	0.000000	0.000000	0.000000	1741810917.687566	0.000000
216.000000	-8631.908432	-27488.734125	-34041.595047	-33349.897963	-39148.499268	3103.495014	-21361.740990	14513.747634	-19474.538502	-28426.546267	-33088.650774	-2123.259261	-42256.397576	-21657.678086	-3479.563115	14141.367572	-0.024000	0.968000	-0.196000	192.000000	0.000000	0.000000	0.000000	0.000000	0.000000	0.000000	0.000000	0.000000	0.000000	1741810917.687589	0.000000
218.000000	-8627.393380	-27469.712790	-34026.127640	-33340.510230	-39136.988120	3116.660192	-21364.333792	14477.940140	-19467.922386	-28417.762031	-33079.866538	-2119.906499	-42252.061337	-21651.419598	-3432.825617	14150.911766	-0.024000	0.970000	-0.194000	192.000000	127.500000	32.000000	15.000000	40.000000	124.500000	120.000000	0.000000	0.000000	0.000000	1741810917.687612	0.000000
220.000000	-8612.551822	-27470.740970	-34025.881770	-33330.697814	-39131.623701	3119.744732	-21346.407693	14515.491070	-19466.156598	-28415.817430	-33076.916108	-2111.345781	-42256.263465	-21648.558575	-3472.723481	14149.436551	-0.024000	0.970000	-0.194000	192.000000	0.000000	0.000000	0.000000	0.000000	0.000000	0.000000	0.000000	0.000000	0.000000	1741810917.687637	0.000000
222.000000	-8624.219432	-27473.467883	-34023.400727	-33335.257570	-39133.233027	3127.031401	-21351.749760	14504.382253	-19460.769827	-28413.045813	-33073.362180	-2104.729665	-42238.650291	-21639.975505	-3419.906309	14171.430668	-0.024000	0.970000	-0.194000	192.000000	0.000000	0.000000	0.000000	0.000000	0.000000	0.000000	0.000000	0.000000	0.000000	1741810917.687659	0.000000
224.000000	-8629.807368	-27482.833264	-34032.073204	-33336.442213	-39140.251474	3117.353096	-21347.614687	14535.451178	-19463.407333	-28418.611398	-33074.613878	-2114.564432	-42247.970968	-21644.870537	-3466.062661	14165.596863	-0.024000	0.970000	-0.194000	192.000000	0.000000	0.000000	0.000000	0.000000	0.000000	0.000000	0.000000	0.000000	0.000000	1741810917.749155	0.000000
226.000000	-8625.113502	-27479.033468	-34029.949788	-33340.800803	-39139.178591	3119.297697	-21353.403789	14519.983771	-19469.218787	-28420.310130	-33080.760608	-2114.139749	-42254.184753	-21651.441950	-3398.314523	14173.844656	-0.024000	0.970000	-0.194000	192.000000	0.000000	0.000000	0.000000	0.000000	0.000000	0.000000	0.000000	0.000000	0.000000	1741810917.749228	0.000000
228.000000	-8630.097941	-27480.732200	-34033.347253	-33341.650169	-39142.665463	3114.402665	-21342.898469	14542.022591	-19456.478293	-28415.437450	-33070.903489	-2117.648973	-42252.262503	-21642.881232	-3457.993681	14146.150845	-0.020000	0.968000	-0.198000	192.000000	127.500000	48.000000	15.000000	32.000000	124.500000	104.000000	0.000000	0.000000	0.000000	1741810917.749251	0.000000
230.000000	-8626.342848	-27476.217148	-34030.128602	-33346.254628	-39137.949245	3116.436674	-21348.955792	14519.179108	-19465.575453	-28429.317883	-33074.166843	-2114.117398	-42261.024387	-21656.292278	-3394.022989	14158.377249	-0.020000	0.968000	-0.198000	192.000000	0.000000	0.000000	0.000000	0.000000	0.000000	0.000000	0.000000	0.000000	0.000000	1741810917.749276	0.000000
232.000000	-8622.811272	-27468.192872	-34029.011015	-33342.119556	-39135.892884	3117.755427	-21333.108405	14520.184937	-19458.288784	-28417.538514	-33066.723712	-2120.375886	-42253.983588	-21646.412807	-3460.854704	14134.103255	-0.020000	0.968000	-0.198000	192.000000	0.000000	0.000000	0.000000	0.000000	0.000000	0.000000	0.000000	0.000000	0.000000	1741810917.749311	0.000000
234.000000	-8619.860842	-27464.303668	-34018.036308	-33338.610332	-39128.986195	3124.259785	-21334.091882	14520.140233	-19453.170234	-28415.906836	-33064.689704	-2102.159214	-42251.167268	-21649.519700	-3396.526384	14168.413182	-0.020000	0.968000	-0.198000	192.000000	0.000000	0.000000	0.000000	0.000000	0.000000	0.000000	0.000000	0.000000	0.000000	1741810917.749337	0.000000
236.000000	-8617.558613	-27467.030581	-34023.378375	-33335.078756	-39132.875399	3120.191767	-21324.681798	14514.954628	-19451.806778	-28400.931168	-33060.644038	-2108.708275	-42242.114811	-21643.350618	-3453.970367	14147.760170	-0.020000	0.968000	-0.198000	192.000000	0.000000	0.000000	0.000000	0.000000	0.000000	0.000000	0.000000	0.000000	0.000000	1741810917.749363	0.000000
238.000000	-8636.289374	-27481.581567	-34033.347253	-33352.043730	-39144.543009	3107.585383	-21340.395074	14521.727207	-19466.469522	-28424.534610	-33076.580832	-2106.629563	-42258.520992	-21656.828720	-3382.400081	14166.893264	-0.018000	0.966000	-0.202000	192.000000	127.500000	56.000000	15.000000	24.000000	124.500000	88.000000	0.000000	0.000000	0.000000	1741810917.749386	0.000000
240.000000	-8615.479900	-27459.743912	-34015.622320	-33330.116669	-39127.667442	3125.220910	-21329.554478	14493.765175	-19463.183816	-28420.824220	-33072.334000	-2122.700467	-42253.000111	-21652.604240	-3442.012184	14134.974973	-0.018000	0.966000	-0.202000	192.000000	0.000000	0.000000	0.000000	0.000000	0.000000	0.000000	0.000000	0.000000	0.000000	1741810917.807974	0.000000
242.000000	-8611.568345	-27456.167633	-34013.498904	-33324.171105	-39131.869570	3126.137331	-21329.532126	14527.896288	-19441.994362	-28400.394726	-33053.357369	-2080.902705	-42233.487038	-21625.066891	-3407.948125	14175.766906	-0.018000	0.966000	-0.202000	192.000000	0.000000	0.000000	0.000000	0.000000	0.000000	0.000000	0.000000	0.000000	0.000000	1741810917.808049	0.000000
244.000000	-8619.078531	-27468.975183	-34021.925512	-33330.071965	-39139.536219	3121.152892	-21342.205565	14501.655340	-19457.059438	-28409.111906	-33064.399131	-2109.088255	-42244.484096	-21642.300086	-3440.402858	14152.498740	-0.018000	0.966000	-0.202000	192.000000	0.000000	0.000000	0.000000	0.000000	0.000000	0.000000	0.000000	0.000000	0.000000	1741810917.808088	0.000000
246.000000	-8630.612031	-27480.933366	-34032.520238	-33339.951437	-39143.201905	3117.330744	-21343.323152	14532.925431	-19455.137188	-28416.510334	-33073.920974	-2095.565450	-42254.877657	-21647.463339	-3408.171643	14176.325700	-0.018000	0.966000	-0.202000	192.000000	0.000000	0.000000	0.000000	0.000000	0.000000	0.000000	0.000000	0.000000	0.000000	1741810917.808110	0.000000
248.000000	-8629.829720	-27474.272546	-34021.344366	-33336.822192	-39130.372003	3127.567843	-21334.024827	14498.660207	-19466.246005	-28423.528781	-33084.314535	-2127.908424	-42257.090480	-21654.750008	-3430.478684	14152.074057	-0.020000	0.970000	-0.204000	192.000000	127.500000	48.000000	15.000000	40.000000	124.500000	80.000000	0.000000	0.000000	0.000000	1741810917.808133	0.000000
250.000000	-8630.164996	-27473.110255	-34025.032404	-33341.270189	-39133.456544	3124.550357	-21325.531164	14544.816559	-19463.139112	-28419.550171	-33076.916108	-2102.807415	-42249.960273	-21647.686857	-3411.658515	14180.036089	-0.020000	0.970000	-0.204000	192.000000	0.000000	0.000000	0.000000	0.000000	0.000000	0.000000	0.000000	0.000000	0.000000	1741810917.808157	0.000000
252.000000	-8623.414770	-27468.975183	-34016.315224	-33341.426652	-39129.388527	3128.238395	-21324.011245	14513.568820	-19462.826188	-28421.092441	-33073.965677	-2121.471121	-42243.902951	-21642.478900	-3419.638088	14160.455961	-0.020000	0.970000	-0.204000	192.000000	0.000000	0.000000	0.000000	0.000000	0.000000	0.000000	0.000000	0.000000	0.000000	1741810917.808185	0.000000
254.000000	-8632.869557	-27496.043145	-34032.408480	-33353.943629	-39140.497344	3116.146101	-21318.758585	14553.377277	-19472.862121	-28432.245962	-33080.090055	-2118.118360	-42253.603608	-21655.554671	-3402.807224	14172.123572	-0.020000	0.970000	-0.204000	192.000000	0.000000	0.000000	0.000000	0.000000	0.000000	0.000000	0.000000	0.000000	0.000000	1741810917.868294	0.000000
0.000000	-8618.989124	-27476.597128	-34013.387145	-33341.918390	-39125.007585	3133.267538	-21314.467050	14508.092643	-19470.984575	-28428.066185	-33079.039523	-2135.373907	-42249.915570	-21658.818025	-3403.343666	14153.616327	-0.020000	0.970000	-0.204000	192.000000	0.000000	0.000000	0.000000	0.000000	0.000000	0.000000	0.000000	0.000000	0.000000	1741810917.868323	0.000000
2.000000	-8621.201947	-27479.234633	-34019.533875	-33344.824117	-39130.327300	3123.276308	-21308.387376	14552.349097	-19456.567700	-28415.035118	-33062.409826	-2104.327333	-42238.806753	-21649.251479	-3415.659477	14173.151752	-0.022000	0.970000	-0.208000	192.000000	127.500000	40.000000	15.000000	40.000000	124.500000	64.000000	0.000000	0.000000	0.000000	1741810917.868357	0.000000
4.000000	-8631.148473	-27486.945985	-34028.273407	-33358.190460	-39139.491515	3116.637840	-21326.782862	14504.762233	-19474.627909	-28435.844593	-33079.240689	-2134.658651	-42256.419928	-21666.574081	-3390.737282	14164.211054	-0.022000	0.970000	-0.208000	192.000000	0.000000	0.000000	0.000000	0.000000	0.000000	0.000000	0.000000	0.000000	0.000000	1741810917.868381	0.000000
6.000000	-8625.806406	-27493.427991	-34030.307416	-33353.451890	-39141.212599	3109.619392	-21311.874248	14537.127559	-19468.145903	-28439.823203	-33082.772265	-2132.267014	-42253.357739	-21659.846206	-3420.576861	14160.567720	-0.022000	0.970000	-0.208000	192.000000	0.000000	0.000000	0.000000	0.000000	0.000000	0.000000	0.000000	0.000000	0.000000	1741810917.868404	0.000000
8.000000	-8631.103770	-27487.393020	-34019.288006	-33351.574344	-39134.216503	3114.179148	-21318.400957	14498.861372	-19487.167238	-28437.006883	-33081.364105	-2141.833561	-42255.928189	-21665.501197	-3385.328160	14143.468635	-0.022000	0.970000	-0.208000	192.000000	0.000000	0.000000	0.000000	0.000000	0.000000	0.000000	0.000000	0.000000	0.000000	1741810917.868427	0.000000
10.000000	-8629.293278	-27489.762305	-34022.841933	-33342.879515	-39138.306873	3105.640782	-21311.427213	14540.748541	-19474.024412	-28435.263447	-33073.742160	-2122.387543	-42246.518105	-21659.600337	-3421.716800	14140.249984	-0.022000	0.970000	-0.208000	192.000000	0.000000	0.000000	0.000000	0.000000	0.000000	0.000000	0.000000	0.000000	0.000000	1741810917.868456	0.000000
12.000000	-8628.086284	-27481.805084	-34014.482381	-33332.776527	-39132.249550	3117.934241	-21317.685702	14505.589247	-19480.864046	-28432.044796	-33079.307744	-2121.784046	-42249.736756	-21657.432217	-3373.660549	14146.799045	-0.018000	0.964000	-0.210000	192.000000	127.500000	56.000000	15.000000	16.000000	124.500000	56.000000	0.000000	0.000000	0.000000	1741810917.868480	0.000000
14.000000	-8624.979392	-27479.636965	-34016.225817	-33319.298425	-39136.161105	3110.848738	-21310.823716	14536.077027	-19468.995269	-28425.987473	-33065.159090	-2108.305944	-42243.299454	-21650.480825	-3429.182283	14142.306345	-0.018000	0.964000	-0.210000	192.000000	0.000000	0.000000	0.000000	0.000000	0.000000	0.000000	0.000000	0.000000	0.000000	1741810917.928553	0.000000
16.000000	-8620.754912	-27470.025715	-34011.934282	-33322.964111	-39134.283559	3115.922584	-21318.400957	14511.043073	-19469.688173	-28427.932075	-33070.344695	-2112.038685	-42255.078823	-21654.101807	-3369.637235	14158.600766	-0.018000	0.964000	-0.210000	192.000000	0.000000	0.000000	0.000000	0.000000	0.000000	0.000000	0.000000	0.000000	0.000000	1741810917.928586	0.000000
18.000000	-8612.909450	-27456.882889	-34003.731192	-33309.128381	-39129.321471	3131.747619	-21301.212466	14540.212100	-19447.112912	-28400.752354	-33053.536183	-2103.723836	-42237.018613	-21630.587772	-3432.535044	14147.111970	-0.018000	0.964000	-0.210000	192.000000	0.000000	0.000000	0.000000	0.000000	0.000000	0.000000	0.000000	0.000000	0.000000	1741810917.928610	0.000000
20.000000	-8602.448833	-27442.845993	-33993.516444	-33306.960262	-39126.192227	3146.455067	-21316.188135	14526.868108	-19445.771807	-28401.422906	-33048.931724	-2091.251563	-42237.309186	-21624.999836	-3368.676110	14174.671671	-0.018000	0.964000	-0.210000	192.000000	0.000000	0.000000	0.000000	0.000000	0.000000	0.000000	0.000000	0.000000	0.000000	1741810917.928659	0.000000
22.000000	-8583.628664	-27434.352330	-33988.800226	-33294.778561	-39120.760753	3155.552227	-21302.687681	14539.854472	-19434.752397	-28384.614394	-33037.130003	-2084.970723	-42224.635747	-21614.695682	-3440.358155	14155.158598	-0.014000	0.966000	-0.206000	192.000000	127.500000	72.000000	15.000000	24.000000	124.500000	72.000000	0.000000	0.000000	0.000000	1741810917.928681	0.000000
24.000000	-8604.371083	-27439.537935	-33996.377468	-33313.017584	-39127.443925	3142.007070	-21307.068623	14540.010934	-19431.198470	-28381.552205	-33033.374910	-2068.944522	-42226.401535	-21613.622798	-3378.890858	14184.305273	-0.014000	0.966000	-0.206000	192.000000	0.000000	0.000000	0.000000	0.000000	0.000000	0.000000	0.000000	0.000000	0.000000	1741810917.928710	0.000000
26.000000	-8625.024095	-27472.998497	-34019.377413	-33337.179820	-39135.758774	3110.960497	-21303.805268	14538.803940	-19451.046819	-28406.116772	-33049.244648	-2104.036761	-42236.817448	-21637.069778	-3440.268748	14149.078923	-0.014000	0.966000	-0.206000	192.000000	0.000000	0.000000	0.000000	0.000000	0.000000	0.000000	0.000000	0.000000	0.000000	1741810917.928732	0.000000
28.000000	-8630.254403	-27482.185064	-34023.780706	-33351.172012	-39137.435155	3108.144177	-21313.595332	14531.427864	-19473.800894	-28436.828069	-33074.278602	-2110.362304	-42259.683282	-21665.747066	-3379.784927	14151.604670	-0.014000	0.966000	-0.206000	192.000000	0.000000	0.000000	0.000000	0.000000	0.000000	0.000000	0.000000	0.000000	0.000000	1741810917.987431	0.000000
30.000000	-8610.406054	-27464.124854	-34003.351212	-33334.765832	-39120.872512	3122.628107	-21295.333957	14516.474547	-19455.897147	-28424.668720	-33064.913221	-2121.806398	-42249.893218	-21657.163996	-3448.807114	14120.111063	-0.014000	0.966000	-0.206000	192.000000	0.000000	0.000000	0.000000	0.000000	0.000000	0.000000	0.000000	0.000000	0.000000	1741810917.987503	0.000000
32.000000	-8628.443912	-27488.443552	-34024.317148	-33357.274038	-39141.279655	3105.976058	-21314.601161	14536.524062	-19460.613365	-28432.737700	-33060.442872	-2103.768540	-42244.685262	-21660.069723	-3395.006465	14153.012830	-0.012000	0.968000	-0.206000	192.000000	127.500000	80.000000	15.000000	32.000000	124.500000	72.000000	0.000000	0.000000	0.000000	1741810917.987539	0.000000
34.000000	-8619.346752	-27474.630174	-34010.369660	-33338.699739	-39132.271902	3118.873014	-21304.498172	14508.427919	-19474.180874	-28431.374244	-33067.796596	-2130.747095	-42247.412175	-21664.070685	-3447.644824	14105.224801	-0.012000	0.968000	-0.206000	192.000000	0.000000	0.000000	0.000000	0.000000	0.000000	0.000000	0.000000	0.000000	0.000000	1741810917.987563	0.000000
36.000000	-8632.355467	-27487.080096	-34017.052831	-33341.493707	-39142.240780	3108.099473	-21311.740138	14533.595983	-19470.403429	-28436.157517	-33064.376779	-2108.529461	-42249.915570	-21659.488578	-3398.336875	14131.532804	-0.012000	0.968000	-0.206000	192.000000	0.000000	0.000000	0.000000	0.000000	0.000000	0.000000	0.000000	0.000000	0.000000	1741810917.987587	0.000000
38.000000	-8619.480863	-27466.136511	-34005.496979	-33328.529695	-39132.629530	3110.871090	-21306.174553	14503.868163	-19471.476313	-28426.926247	-33065.784939	-2127.416686	-42248.418003	-21653.118331	-3438.748829	14104.487193	-0.012000	0.968000	-0.206000	192.000000	0.000000	0.000000	0.000000	0.000000	0.000000	0.000000	0.000000	0.000000	0.000000	1741810917.987609	0.000000
40.000000	-8617.111578	-27473.847863	-34009.319128	-33321.645358	-39131.690756	3111.832215	-21300.184286	14545.710629	-19461.015697	-28419.371357	-33059.235878	-2092.078578	-42242.405384	-21646.055179	-3401.376712	14127.040103	-0.012000	0.968000	-0.206000	192.000000	0.000000	0.000000	0.000000	0.000000	0.000000	0.000000	0.000000	0.000000	0.000000	1741810917.987631	0.000000
42.000000	-8621.470168	-27460.168595	-34008.380354	-33311.229445	-39130.997852	3126.360849	-21305.995739	14516.943934	-19466.223653	-28416.197409	-33060.956962	-2110.831691	-42248.507410	-21645.675200	-3422.454408	14105.716539	-0.012000	0.970000	-0.208000	192.000000	127.500000	80.000000	15.000000	40.000000	124.500000	64.000000	0.000000	0.000000	0.000000	1741810917.987661	0.000000
44.000000	-8639.619784	-27469.332811	-34021.567884	-33314.671614	-39144.051271	3121.465817	-21303.738213	14553.287870	-19462.245043	-28411.302377	-33061.515756	-2087.205897	-42252.597779	-21634.946362	-3406.003524	14135.399656	-0.012000	0.970000	-0.208000	192.000000	0.000000	0.000000	0.000000	0.000000	0.000000	0.000000	0.000000	0.000000	0.000000	1741810918.047737	0.000000
46.000000	-8619.749083	-27459.810967	-34006.167532	-33310.134209	-39132.070736	3133.222834	-21306.375719	14502.661169	-19463.854368	-28407.368470	-33063.058026	-2106.495453	-42258.744509	-21638.433235	-3416.441788	14116.423025	-0.012000	0.970000	-0.208000	192.000000	0.000000	0.000000	0.000000	0.000000	0.000000	0.000000	0.000000	0.000000	0.000000	1741810918.047813	0.000000
48.000000	-8636.222319	-27471.791502	-34021.679642	-33325.735727	-39142.754870	3120.214119	-21303.425289	14551.611489	-19464.748438	-28413.559903	-33059.034712	-2088.144671	-42258.520992	-21640.087264	-3414.273669	14139.020638	-0.012000	0.970000	-0.208000	192.000000	0.000000	0.000000	0.000000	0.000000	0.000000	0.000000	0.000000	0.000000	0.000000	1741810918.047836	0.000000
50.000000	-8630.366162	-27471.590337	-34020.964387	-33331.480125	-39142.173724	3124.058619	-21309.996701	14513.926448	-19471.096333	-28418.723156	-33068.981238	-2111.993982	-42263.125451	-21645.004647	-3415.637125	14120.647504	-0.012000	0.970000	-0.208000	192.000000	0.000000	0.000000	0.000000	0.000000	0.000000	0.000000	0.000000	0.000000	0.000000	1741810918.047858	0.000000
52.000000	-8626.812235	-27467.030581	-34024.160686	-33333.469431	-39142.844277	3119.968250	-21301.681853	14545.598870	-19472.526845	-28422.992339	-33063.683875	-2097.957086	-42267.461689	-21651.754874	-3432.490341	14125.564888	-0.020000	0.962000	-0.208000	192.000000	127.500000	48.000000	15.000000	8.000000	124.500000	64.000000	0.000000	0.000000	0.000000	1741810918.047880	0.000000
54.000000	-8641.474979	-27474.116084	-34022.439602	-33344.667655	-39145.772355	3112.994506	-21317.842164	14502.974093	-19475.633738	-28432.290665	-33076.938460	-2118.967726	-42273.206088	-21663.780113	-3403.813053	14120.558097	-0.020000	0.962000	-0.208000	192.000000	0.000000	0.000000	0.000000	0.000000	0.000000	0.000000	0.000000	0.000000	0.000000	1741810918.047913	0.000000
56.000000	-8634.858863	-27483.280299	-34020.293834	-33338.811498	-39139.625626	3108.457101	-21307.180382	14541.262632	-19466.246005	-28425.898066	-33063.750930	-2105.668438	-42259.303303	-21660.963793	-3437.318318	14119.284048	-0.020000	0.962000	-0.208000	192.000000	0.000000	0.000000	0.000000	0.000000	0.000000	0.000000	0.000000	0.000000	0.000000	1741810918.047935	0.000000
58.000000	-8642.793732	-27481.536863	-34021.389070	-33345.964056	-39145.504134	3105.953706	-21325.732330	14496.827364	-19488.508342	-28440.851383	-33085.946213	-2125.360325	-42273.608419	-21676.922938	-3386.624561	14122.167423	-0.020000	0.962000	-0.208000	192.000000	0.000000	0.000000	0.000000	0.000000	0.000000	0.000000	0.000000	0.000000	0.000000	1741810918.109372	0.000000
60.000000	-8620.330229	-27466.717656	-34003.708840	-33320.103087	-39130.170838	3120.728209	-21298.306739	14533.104245	-19469.777580	-28428.110889	-33067.193099	-2107.836557	-42255.570561	-21656.493444	-3433.809094	14116.311266	-0.020000	0.962000	-0.208000	192.000000	0.000000	0.000000	0.000000	0.000000	0.000000	0.000000	0.000000	0.000000	0.000000	1741810918.109401	0.000000
62.000000	-8630.902604	-27480.419276	-34012.269558	-33336.196343	-39143.961864	3107.875956	-21318.713882	14513.881745	-19474.560854	-28426.926247	-33063.080378	-2102.695656	-42260.666759	-21661.902566	-3374.442860	14136.204319	-0.018000	0.964000	-0.206000	192.000000	127.500000	56.000000	15.000000	16.000000	124.500000	72.000000	0.000000	0.000000	0.000000	1741810918.109429	0.000000
64.000000	-8613.647057	-27465.130683	-34005.295814	-33318.940797	-39135.959939	3113.307430	-21306.576885	14539.206271	-19464.547272	-28422.210028	-33056.799538	-2101.242793	-42263.773652	-21657.991011	-3425.002506	14116.266562	-0.018000	0.964000	-0.206000	192.000000	0.000000	0.000000	0.000000	0.000000	0.000000	0.000000	0.000000	0.000000	0.000000	1741810918.109473	0.000000
66.000000	-8608.260287	-27459.118063	-34003.641785	-33313.732840	-39137.345748	3120.862320	-21323.094824	14512.272419	-19458.892281	-28416.085650	-33051.546878	-2087.049435	-42251.033157	-21654.057104	-3365.278645	14133.119778	-0.018000	0.964000	-0.206000	192.000000	0.000000	0.000000	0.000000	0.000000	0.000000	0.000000	0.000000	0.000000	0.000000	1741810918.109504	0.000000
68.000000	-8612.328304	-27460.123892	-34012.046041	-33302.400506	-39137.032823	3123.857453	-21322.021940	14532.433693	-19457.752342	-28403.814543	-33047.747081	-2086.580048	-42243.344157	-21635.751025	-3426.969460	14122.100368	-0.018000	0.964000	-0.206000	192.000000	0.000000	0.000000	0.000000	0.000000	0.000000	0.000000	0.000000	0.000000	0.000000	1741810918.109533	0.000000
70.000000	-8616.373970	-27461.085017	-34008.626224	-33300.746477	-39137.815134	3136.709706	-21337.712865	14521.168413	-19460.591014	-28407.055546	-33053.580887	-2078.064034	-42249.379128	-21640.355485	-3362.171753	14148.609537	-0.018000	0.964000	-0.206000	192.000000	0.000000	0.000000	0.000000	0.000000	0.000000	0.000000	0.000000	0.000000	0.000000	1741810918.109562	0.000000
72.000000	-8602.337075	-27463.163729	-34007.285119	-33290.062343	-39132.964806	3143.281119	-21324.346521	14532.232527	-19454.354877	-28404.619206	-33043.276732	-2082.690845	-42240.572541	-21630.990104	-3422.297945	14136.249022	-0.022000	0.960000	-0.204000	192.000000	127.500000	40.000000	15.000000	0.000000	124.500000	80.000000	0.000000	0.000000	0.000000	1741810918.109590	0.000000
74.000000	-8607.925011	-27458.559270	-34010.213197	-33303.652204	-39139.290349	3141.872959	-21336.908202	14527.203384	-19449.191624	-28406.384993	-33046.361273	-2071.827897	-42246.160477	-21635.639266	-3350.973529	14167.697926	-0.022000	0.960000	-0.204000	192.000000	0.000000	0.000000	0.000000	0.000000	0.000000	0.000000	0.000000	0.000000	0.000000	1741810918.168188	0.000000
76.000000	-8593.441080	-27454.312438	-34006.033421	-33298.243081	-39135.088221	3147.147971	-21327.386359	14526.264611	-19443.089598	-28396.661985	-33039.164011	-2086.267124	-42243.053584	-21630.990104	-3417.693486	14137.120740	-0.022000	0.960000	-0.204000	192.000000	0.000000	0.000000	0.000000	0.000000	0.000000	0.000000	0.000000	0.000000	0.000000	1741810918.168258	0.000000
78.000000	-8604.661656	-27459.945078	-34011.934282	-33316.862084	-39143.850105	3134.876863	-21344.798368	14527.896288	-19448.878699	-28402.741659	-33043.187325	-2075.605342	-42251.614303	-21640.958982	-3354.818029	14160.813589	-0.022000	0.960000	-0.204000	192.000000	0.000000	0.000000	0.000000	0.000000	0.000000	0.000000	0.000000	0.000000	0.000000	1741810918.168281	0.000000
80.000000	-8587.674330	-27448.322171	-34000.311375	-33308.569587	-39131.355480	3145.493942	-21330.403844	14506.863297	-19442.195528	-28398.874807	-33036.705319	-2089.888107	-42240.304320	-21626.542106	-3423.326126	14127.710656	-0.022000	0.960000	-0.204000	192.000000	0.000000	0.000000	0.000000	0.000000	0.000000	0.000000	0.000000	0.000000	0.000000	1741810918.168304	0.000000
82.000000	-8597.732615	-27455.564136	-34010.481418	-33325.959244	-39138.552742	3139.391916	-21338.383417	14531.830195	-19439.289801	-28403.054583	-33039.923971	-2074.264237	-42242.070108	-21638.343828	-3371.179506	14161.931176	-0.014000	0.960000	-0.204000	192.000000	127.500000	72.000000	15.000000	0.000000	124.500000	80.000000	0.000000	0.000000	0.000000	1741810918.168326	0.000000
84.000000	-8599.453700	-27468.371686	-34016.516389	-33327.970901	-39143.268960	3136.396782	-21344.373684	14513.524117	-19448.208147	-28408.933092	-33051.815099	-2101.421607	-42246.249884	-21646.815139	-3414.251317	14129.454092	-0.014000	0.960000	-0.204000	192.000000	0.000000	0.000000	0.000000	0.000000	0.000000	0.000000	0.000000	0.000000	0.000000	1741810918.168351	0.000000
86.000000	-8623.772397	-27481.156883	-34029.614512	-33343.281846	-39155.629475	3118.090703	-21357.136531	14536.814634	-19455.874795	-28414.588084	-33057.693608	-2085.373054	-42256.554038	-21654.817063	-3369.592532	14152.342278	-0.014000	0.960000	-0.204000	192.000000	0.000000	0.000000	0.000000	0.000000	0.000000	0.000000	0.000000	0.000000	0.000000	1741810918.168381	0.000000
88.000000	-8611.255421	-27477.670011	-34023.110154	-33340.040843	-39145.370024	3119.677677	-21354.074342	14497.050881	-19467.676516	-28418.253770	-33066.567250	-2116.061999	-42255.391747	-21661.790807	-3417.402913	14114.187850	-0.014000	0.960000	-0.204000	192.000000	0.000000	0.000000	0.000000	0.000000	0.000000	0.000000	0.000000	0.000000	0.000000	1741810918.228603	0.000000
90.000000	-8611.970676	-27485.291956	-34031.380299	-33342.946570	-39148.521620	3112.905099	-21357.985897	14528.298620	-19471.588072	-28431.620113	-33074.859747	-2103.343857	-42260.800870	-21666.842302	-3391.966628	14134.952621	-0.014000	0.960000	-0.204000	192.000000	0.000000	0.000000	0.000000	0.000000	0.000000	0.000000	0.000000	0.000000	0.000000	1741810918.228676	0.000000
92.000000	-8599.274886	-27474.272546	-34022.730174	-33329.401413	-39136.451678	3125.980869	-21355.773074	14502.258837	-19457.439418	-28410.989453	-33060.711093	-2108.551813	-42239.387898	-21647.150415	-3430.411629	14113.539650	-0.016000	0.952000	-0.200000	192.000000	127.500000	64.000000	14.500000	96.000000	124.500000	96.000000	0.000000	0.000000	0.000000	1741810918.228704	0.000000
94.000000	-8610.406054	-27489.762305	-34041.460936	-33340.018492	-39149.192172	3108.345343	-21364.691420	14540.949707	-19462.759133	-28420.108964	-33069.651791	-2092.905592	-42246.048718	-21650.950211	-3400.437939	14136.360781	-0.016000	0.952000	-0.200000	192.000000	0.000000	0.000000	0.000000	0.000000	0.000000	0.000000	0.000000	0.000000	0.000000	1741810918.228735	0.000000
96.000000	-8608.886136	-27472.216186	-34030.374471	-33332.910637	-39142.419594	3117.330744	-21372.134551	14487.976073	-19470.224615	-28420.064261	-33082.772265	-2118.475988	-42256.330521	-21659.935613	-3400.259125	14112.287952	-0.016000	0.952000	-0.200000	192.000000	0.000000	0.000000	0.000000	0.000000	0.000000	0.000000	0.000000	0.000000	0.000000	1741810918.228760	0.000000
98.000000	-8609.467281	-27473.110255	-34033.950750	-33323.232332	-39145.973521	3118.738904	-21367.016002	14534.333591	-19460.680420	-28403.635729	-33068.265983	-2089.619886	-42245.892256	-21644.915240	-3408.059884	14131.376342	-0.016000	0.952000	-0.200000	192.000000	0.000000	0.000000	0.000000	0.000000	0.000000	0.000000	0.000000	0.000000	0.000000	1741810918.228793	0.000000
100.000000	-8606.449796	-27466.918822	-34024.898294	-33313.442268	-39144.543009	3132.395820	-21375.174388	14496.246218	-19465.575453	-28405.110944	-33066.857823	-2093.039703	-42249.043852	-21637.583868	-3403.008390	14123.530879	-0.016000	0.952000	-0.200000	192.000000	0.000000	0.000000	0.000000	0.000000	0.000000	0.000000	0.000000	0.000000	0.000000	1741810918.228816	0.000000
102.000000	-8589.551877	-27459.900374	-34009.050907	-33297.617233	-39129.343823	3142.208236	-21351.682705	14537.753408	-19449.884528	-28392.795133	-33054.340846	-2072.900781	-42242.561846	-21625.156298	-3424.644878	14137.791292	-0.010000	0.962000	-0.204000	192.000000	127.500000	88.000000	15.000000	8.000000	124.500000	80.000000	0.000000	0.000000	0.000000	1741810918.228839	0.000000
104.000000	-8590.378891	-27448.970371	-34003.395915	-33307.049669	-39126.751021	3144.443410	-21353.090865	14510.551335	-19444.944792	-28386.380182	-33047.031825	-2080.410967	-42239.633768	-21624.329284	-3395.028817	14148.229557	-0.010000	0.962000	-0.204000	192.000000	0.000000	0.000000	0.000000	0.000000	0.000000	0.000000	0.000000	0.000000	0.000000	1741810918.288054	0.000000
106.000000	-8574.419746	-27439.470880	-33998.232662	-33300.344145	-39121.565416	3146.253901	-21330.448548	14551.052696	-19424.805871	-28381.954537	-33033.643130	-2065.055318	-42227.742640	-21614.695682	-3424.846044	14143.178063	-0.010000	0.962000	-0.204000	192.000000	0.000000	0.000000	0.000000	0.000000	0.000000	0.000000	0.000000	0.000000	0.000000	1741810918.288086	0.000000
108.000000	-8585.394452	-27452.323133	-34006.234587	-33315.699794	-39134.104745	3138.028459	-21351.079208	14522.196594	-19442.217880	-28391.006993	-33041.466241	-2076.678226	-42233.017651	-21630.185441	-3372.520610	14153.951604	-0.010000	0.962000	-0.204000	192.000000	0.000000	0.000000	0.000000	0.000000	0.000000	0.000000	0.000000	0.000000	0.000000	1741810918.288137	0.000000
110.000000	-8592.502307	-27456.569964	-34017.388107	-33324.640492	-39146.308797	3124.215081	-21346.161824	14559.278138	-19438.619249	-28395.834970	-33042.181497	-2073.906609	-42237.398593	-21633.985237	-3417.760541	14143.043952	-0.010000	0.961000	-0.204000	192.000000	127.500000	88.000000	15.000000	0.000000	124.500000	80.000000	0.000000	0.000000	0.000000	1741810918.288164	0.000000
112.000000	-8607.165051	-27472.685572	-34021.769049	-33345.561724	-39153.439004	3113.776817	-21362.277432	14527.985695	-19453.170234	-28415.638616	-33058.744140	-2097.197127	-42252.575428	-21660.337944	-3358.193142	14146.799045	-0.010000	0.961000	-0.204000	192.000000	0.000000	0.000000	0.000000	0.000000	0.000000	0.000000	0.000000	0.000000	0.000000	1741810918.288189	0.000000
114.000000	-8588.233124	-27461.554403	-34012.157799	-33329.535524	-39138.373928	3123.812750	-21343.725484	14539.452140	-19453.594917	-28410.609473	-33056.754834	-2098.962915	-42244.841724	-21655.778188	-3418.364038	14120.334580	-0.010000	0.961000	-0.204000	192.000000	0.000000	0.000000	0.000000	0.000000	0.000000	0.000000	0.000000	0.000000	0.000000	1741810918.288212	0.000000
116.000000	-8597.486746	-27464.750703	-34012.090744	-33341.583114	-39143.514829	3123.611584	-21354.186100	14519.179108	-19445.548289	-28408.173133	-33047.858840	-2085.976551	-42246.361643	-21649.944383	-3366.575046	14134.729103	-0.010000	0.961000	-0.204000	192.000000	0.000000	0.000000	0.000000	0.000000	0.000000	0.000000	0.000000	0.000000	0.000000	1741810918.288234	0.000000
118.000000	-8595.050406	-27472.417351	-34020.047965	-33341.136079	-39145.101803	3116.034343	-21337.846975	14533.707742	-19446.755284	-28404.082764	-33050.675160	-2094.827842	-42237.733869	-21642.076569	-3431.551568	14114.254905	-0.010000	0.961000	-0.204000	192.000000	0.000000	0.000000	0.000000	0.000000	0.000000	0.000000	0.000000	0.000000	0.000000	1741810918.349276	0.000000
120.000000	-8604.728711	-27479.145226	-34020.003262	-33344.824117	-39143.380719	3117.129578	-21350.453359	14521.011951	-19466.938909	-28425.763956	-33069.942363	-2101.287496	-42250.854343	-21664.003630	-3363.758727	14129.141167	-0.012000	0.962500	-0.206000	192.000000	127.500000	72.000000	15.000000	16.000000	124.500000	64.000000	0.000000	0.000000	0.000000	1741810918.349345	0.000000
122.000000	-8592.636417	-27482.810912	-34019.198599	-33338.498573	-39138.977425	3116.503729	-21333.130757	14535.048847	-19460.143979	-28414.923360	-33061.873384	-2104.126168	-42238.605587	-21651.084322	-3437.072448	14101.581466	-0.012000	0.962500	-0.206000	192.000000	0.000000	0.000000	0.000000	0.000000	0.000000	0.000000	0.000000	0.000000	0.000000	1741810918.349370	0.000000
124.000000	-8593.664598	-27468.014058	-34015.264692	-33338.789146	-39137.323396	3121.957555	-21337.981086	14535.585288	-19462.200339	-28421.494773	-33062.543936	-2095.967781	-42239.879637	-21652.738351	-3375.314578	14126.749531	-0.012000	0.962500	-0.206000	192.000000	0.000000	0.000000	0.000000	0.000000	0.000000	0.000000	0.000000	0.000000	0.000000	1741810918.349394	0.000000
126.000000	-8602.404130	-27487.348317	-34029.033366	-33342.544239	-39148.454565	3112.413360	-21339.433949	14534.467701	-19465.642508	-28416.689148	-33065.874346	-2108.216537	-42241.466611	-21650.547880	-3433.719687	14106.096519	-0.012000	0.962500	-0.206000	192.000000	0.000000	0.000000	0.000000	0.000000	0.000000	0.000000	0.000000	0.000000	0.000000	1741810918.349417	0.000000
128.000000	-8600.615990	-27475.747761	-34026.418212	-33338.096242	-39148.141640	3120.348229	-21335.053007	14540.614431	-19462.401505	-28416.063299	-33069.808253	-2089.642237	-42245.512276	-21651.799578	-3375.426337	14137.120740	-0.012000	0.962500	-0.206000	192.000000	0.000000	0.000000	0.000000	0.000000	0.000000	0.000000	0.000000	0.000000	0.000000	1741810918.349441	0.000000
130.000000	-8592.994045	-27462.895508	-34017.701032	-33320.952454	-39145.772355	3130.495921	-21330.627362	14528.075102	-19458.668763	-28404.775668	-33057.805366	-2101.712179	-42241.958349	-21634.208755	-3435.910158	14110.611571	-0.011000	0.965250	-0.208000	192.000000	127.500000	88.000000	15.000000	32.000000	124.500000	56.000000	0.000000	0.000000	0.000000	1741810918.349471	0.000000
132.000000	-8602.784109	-27474.227843	-34022.551360	-33331.390718	-39154.266018	3120.057657	-21334.941248	14542.804902	-19464.100237	-28419.706633	-33062.096901	-2084.926019	-42251.614303	-21649.832624	-3380.746052	14139.199452	-0.011000	0.965250	-0.208000	192.000000	0.000000	0.000000	0.000000	0.000000	0.000000	0.000000	0.000000	0.000000	0.000000	1741810918.349501	0.000000
134.000000	-8583.807478	-27463.521357	-34010.302604	-33324.036994	-39144.252437	3124.326840	-21321.261981	14514.731111	-19455.316002	-28405.982662	-33051.837450	-2092.838537	-42240.438430	-21646.435159	-3430.813960	14103.146088	-0.011000	0.965250	-0.208000	192.000000	0.000000	0.000000	0.000000	0.000000	0.000000	0.000000	0.000000	0.000000	0.000000	1741810918.408028	0.000000
136.000000	-8587.808441	-27465.309497	-34009.229721	-33328.820268	-39146.420556	3121.465817	-21319.853821	14541.933184	-19452.700848	-28410.721232	-33051.122195	-2072.945484	-42250.340253	-21648.647982	-3382.064805	14132.806853	-0.011000	0.965250	-0.208000	192.000000	0.000000	0.000000	0.000000	0.000000	0.000000	0.000000	0.000000	0.000000	0.000000	1741810918.408060	0.000000
138.000000	-8569.010624	-27441.951924	-33990.588366	-33313.576378	-39126.952186	3145.382183	-21306.778050	14514.976980	-19448.185795	-28394.560921	-33039.879267	-2083.853136	-42226.312128	-21637.025075	-3422.633221	14112.757339	-0.011000	0.965250	-0.208000	192.000000	0.000000	0.000000	0.000000	0.000000	0.000000	0.000000	0.000000	0.000000	0.000000	1741810918.408082	0.000000
140.000000	-8588.009606	-27461.464997	-34010.056735	-33330.340186	-39143.715995	3125.220910	-21316.366949	14560.753353	-19440.519147	-28396.550226	-33037.062947	-2058.282740	-42227.519122	-21630.408958	-3396.638143	14145.167368	-0.011500	0.964625	-0.208000	192.000000	127.500000	80.000000	15.000000	16.000000	124.500000	64.000000	0.000000	0.000000	0.000000	1741810918.408124	0.000000
142.000000	-8599.319589	-27465.845938	-34023.177209	-33344.712358	-39152.343768	3112.189843	-21331.856708	14517.100396	-19460.054572	-28410.028328	-33056.196041	-2093.509089	-42244.998186	-21652.715999	-3417.671134	14110.857440	-0.011500	0.964625	-0.208000	192.000000	0.000000	0.000000	0.000000	0.000000	0.000000	0.000000	0.000000	0.000000	0.000000	1741810918.408153	0.000000
144.000000	-8591.988217	-27469.913956	-34026.194695	-33347.685140	-39155.852992	3108.948840	-21330.582658	14542.916661	-19463.317926	-28422.321787	-33064.130910	-2088.904630	-42259.616227	-21662.237842	-3403.969515	14119.507565	-0.011500	0.964625	-0.208000	192.000000	0.000000	0.000000	0.000000	0.000000	0.000000	0.000000	0.000000	0.000000	0.000000	1741810918.408175	0.000000
146.000000	-8594.469261	-27473.400828	-34019.310357	-33348.534506	-39142.553704	3119.811788	-21320.636132	14505.879820	-19459.942813	-28417.091479	-33059.995837	-2106.853081	-42248.663872	-21658.952136	-3417.246451	14095.904123	-0.011500	0.964625	-0.208000	192.000000	0.000000	0.000000	0.000000	0.000000	0.000000	0.000000	0.000000	0.000000	0.000000	1741810918.408198	0.000000
148.000000	-8596.592676	-27486.230729	-34028.184000	-33351.909620	-39142.307835	3115.833177	-21311.918952	14551.611489	-19463.832016	-28422.791174	-33062.253363	-2098.247659	-42247.233361	-21657.298107	-3420.822730	14113.517298	-0.011500	0.964625	-0.208000	192.000000	0.000000	0.000000	0.000000	0.000000	0.000000	0.000000	0.000000	0.000000	0.000000	1741810918.468270	0.000000
150.000000	-8607.053293	-27490.432857	-34032.766108	-33356.357617	-39143.470126	3120.012953	-21325.486460	14518.665018	-19477.734801	-28427.954427	-33071.663448	-2122.923985	-42251.927227	-21661.030848	-3404.707122	14095.121812	-0.012750	0.963313	-0.209000	192.000000	127.500000	72.000000	15.000000	8.000000	124.500000	56.000000	0.000000	0.000000	0.000000	1741810918.468330	0.000000
152.000000	-8596.838545	-27486.163674	-34025.635901	-33339.325588	-39137.122230	3124.416247	-21306.822754	14562.496789	-19469.665822	-28425.741604	-33068.668314	-2105.131996	-42244.171172	-21654.705304	-3429.249338	14099.927437	-0.012750	0.963313	-0.209000	192.000000	0.000000	0.000000	0.000000	0.000000	0.000000	0.000000	0.000000	0.000000	0.000000	1741810918.468364	0.000000
154.000000	-8600.168955	-27482.989726	-34019.332709	-33336.308102	-39139.312701	3132.999317	-21319.965580	14525.147024	-19477.712450	-28423.551133	-33072.378704	-2107.076598	-42249.356776	-21653.386552	-3394.425320	14111.975028	-0.012750	0.963313	-0.209000	192.000000	0.000000	0.000000	0.000000	0.000000	0.000000	0.000000	0.000000	0.000000	0.000000	1741810918.468390	0.000000
156.000000	-8595.095109	-27472.327944	-34012.470724	-33322.718242	-39132.897750	3132.105247	-21303.827620	14557.422943	-19461.172159	-28411.615302	-33056.710131	-2091.966819	-42240.013747	-21636.734502	-3433.473818	14120.044007	-0.012750	0.963313	-0.209000	192.000000	0.000000	0.000000	0.000000	0.000000	0.000000	0.000000	0.000000	0.000000	0.000000	1741810918.468412	0.000000
158.000000	-8608.997894	-27477.468846	-34017.701032	-33327.702681	-39147.493440	3127.612546	-21322.357216	14517.860355	-19471.945700	-28415.973892	-33063.326247	-2094.604325	-42249.624997	-21641.785996	-3377.326235	14132.516281	-0.012750	0.963313	-0.209000	192.000000	0.000000	0.000000	0.000000	0.000000	0.000000	0.000000	0.000000	0.000000	0.000000	1741810918.468436	0.000000
160.000000	-8592.614066	-27460.794444	-34002.814770	-33307.966090	-39137.479858	3139.838951	-21299.133754	14541.195576	-19465.396639	-28408.530761	-33058.542974	-2090.312790	-42247.300416	-21639.506118	-3425.628355	14119.865193	-0.013375	0.965656	-0.206500	192.000000	127.500000	72.000000	15.000000	32.000000	124.500000	80.000000	0.000000	0.000000	0.000000	1741810918.468459	0.000000
162.000000	-8592.904638	-27462.023790	-33993.248223	-33313.822247	-39134.037689	3140.755372	-21305.526353	14522.822442	-19456.388886	-28403.635729	-33045.735424	-2075.135955	-42236.213951	-21629.470185	-3368.609055	14141.725199	-0.013375	0.965656	-0.206500	192.000000	0.000000	0.000000	0.000000	0.000000	0.000000	0.000000	0.000000	0.000000	0.000000	1741810918.468490	0.000000
164.000000	-8587.093185	-27455.921764	-33993.471741	-33305.596805	-39125.856951	3141.157704	-21290.058945	14546.761161	-19449.862176	-28397.913682	-33041.309779	-2073.526630	-42223.898139	-21631.951229	-3422.856739	14126.190737	-0.013375	0.965656	-0.206500	192.000000	0.000000	0.000000	0.000000	0.000000	0.000000	0.000000	0.000000	0.000000	0.000000	1741810918.528612	0.000000
166.000000	-8583.852182	-27462.783749	-33991.549491	-33311.743535	-39126.840428	3135.167436	-21301.972425	14531.047884	-19455.785388	-28405.088592	-33048.305875	-2073.258409	-42234.112887	-21642.165976	-3365.949198	14144.228595	-0.013375	0.965656	-0.206500	192.000000	0.000000	0.000000	0.000000	0.000000	0.000000	0.000000	0.000000	0.000000	0.000000	1741810918.528643	0.000000
168.000000	-8587.093185	-27461.822624	-33995.416343	-33309.798933	-39129.656748	3130.093590	-21297.703242	14542.089646	-19447.224670	-28396.304357	-33043.768471	-2077.751109	-42228.837875	-21635.058121	-3432.177416	14122.569754	-0.013375	0.965656	-0.206500	192.000000	0.000000	0.000000	0.000000	0.000000	0.000000	0.000000	0.000000	0.000000	0.000000	1741810918.528666	0.000000
170.000000	-8588.590752	-27453.910107	-33990.409552	-33317.532637	-39132.137791	3132.194654	-21307.292140	14524.588230	-19447.515243	-28400.819409	-33038.180535	-2071.537324	-42229.888407	-21637.807386	-3372.632369	14139.087694	-0.014688	0.965828	-0.206250	192.000000	127.500000	64.000000	15.000000	24.000000	124.500000	72.000000	0.000000	0.000000	0.000000	1741810918.528689	0.000000
172.000000	-8569.457658	-27438.956790	-33979.546604	-33300.142980	-39112.043573	3145.248073	-21276.580844	14523.649457	-19439.803891	-28389.732944	-33029.843334	-2078.466365	-42221.484151	-21627.659694	-3441.319280	14112.623228	-0.014688	0.965828	-0.206250	192.000000	0.000000	0.000000	0.000000	0.000000	0.000000	0.000000	0.000000	0.000000	0.000000	1741810918.528733	0.000000
174.000000	-8595.832717	-27467.276450	-34009.408535	-33328.708509	-39135.557608	3125.243261	-21297.457373	14533.618335	-19446.352952	-28403.076935	-33041.332131	-2072.006711	-42229.642538	-21641.406017	-3373.973474	14150.218862	-0.014688	0.965828	-0.206250	192.000000	0.000000	0.000000	0.000000	0.000000	0.000000	0.000000	0.000000	0.000000	0.000000	1741810918.528757	0.000000
176.000000	-8583.382795	-27456.167633	-34003.015936	-33316.236236	-39123.062983	3138.028459	-21283.331070	14526.376370	-19453.617269	-28402.249921	-33048.752910	-2096.459519	-42236.392765	-21641.361313	-3434.859626	14113.383187	-0.014688	0.965828	-0.206250	192.000000	0.000000	0.000000	0.000000	0.000000	0.000000	0.000000	0.000000	0.000000	0.000000	1741810918.528783	0.000000
178.000000	-8617.200985	-27490.343450	-34024.719480	-33341.896038	-39137.949245	3118.560090	-21298.731422	14537.216966	-19465.195473	-28413.336386	-33062.543936	-2088.904630	-42246.629864	-21648.446816	-3369.257256	14139.020638	-0.014688	0.965828	-0.206250	192.000000	0.000000	0.000000	0.000000	0.000000	0.000000	0.000000	0.000000	0.000000	0.000000	1741810918.588945	0.000000
180.000000	-8608.975543	-27480.709848	-34022.171381	-33338.655035	-39129.410878	3119.811788	-21290.349518	14508.271457	-19470.872816	-28419.125488	-33068.981238	-2118.654802	-42246.763974	-21650.011438	-3430.657498	14095.591199	-0.017344	0.961914	-0.207125	192.000000	127.500000	48.000000	14.500000	120.000000	124.500000	64.000000	0.000000	0.000000	0.000000	1741810918.588985	0.000000
182.000000	-8609.690798	-27479.882834	-34028.809849	-33342.521887	-39135.892884	3116.436674	-21295.266902	14527.426902	-19470.492836	-28422.634712	-33072.177538	-2099.298191	-42250.787288	-21657.588680	-3387.272762	14114.009036	-0.017344	0.961914	-0.207125	192.000000	0.000000	0.000000	0.000000	0.000000	0.000000	0.000000	0.000000	0.000000	0.000000	1741810918.589011	0.000000
184.000000	-8585.193287	-27464.817758	-34014.571788	-33327.076832	-39124.560550	3128.461913	-21292.539989	14495.262741	-19465.620156	-28411.995281	-33064.577945	-2112.932755	-42251.100212	-21648.491520	-3435.641937	14090.584408	-0.017344	0.961914	-0.207125	192.000000	0.000000	0.000000	0.000000	0.000000	0.000000	0.000000	0.000000	0.000000	0.000000	1741810918.589063	0.000000
186.000000	-8597.620856	-27469.399866	-34013.990642	-33327.769736	-39130.662576	3121.309354	-21288.851951	14534.959440	-19451.829130	-28405.937958	-33047.747081	-2074.755976	-42235.722212	-21638.455586	-3405.400026	14127.196566	-0.017344	0.961914	-0.207125	192.000000	0.000000	0.000000	0.000000	0.000000	0.000000	0.000000	0.000000	0.000000	0.000000	1741810918.589085	0.000000
188.000000	-8590.624760	-27468.528148	-34006.994546	-33324.260512	-39130.953149	3121.599927	-21295.490419	14498.459041	-19461.842711	-28416.532685	-33060.956962	-2105.534328	-42244.662910	-21653.140682	-3420.666268	14101.536763	-0.017344	0.961914	-0.207125	192.000000	0.000000	0.000000	0.000000	0.000000	0.000000	0.000000	0.000000	0.000000	0.000000	1741810918.589107	0.000000
190.000000	-8593.821060	-27472.864386	-34008.358003	-33324.752250	-39137.010471	3119.163587	-21283.442829	14537.284021	-19448.029333	-28412.330557	-33043.746119	-2080.142746	-42236.281006	-21646.792787	-3402.114320	14123.463824	-0.018672	0.962957	-0.207563	192.000000	127.500000	48.000000	15.000000	16.000000	124.500000	64.000000	0.000000	0.000000	0.000000	1741810918.589130	0.000000
192.000000	-8590.870630	-27471.813854	-34003.798247	-33319.253721	-39137.859838	3123.991564	-21291.400050	14497.475564	-19458.087618	-28416.309168	-33054.184384	-2102.852118	-42246.741622	-21650.346714	-3405.042399	14108.041121	-0.018672	0.962957	-0.207563	192.000000	0.000000	0.000000	0.000000	0.000000	0.000000	0.000000	0.000000	0.000000	0.000000	1741810918.589154	0.000000
194.000000	-8587.316702	-27461.688514	-33998.724401	-33315.319814	-39134.641187	3125.824407	-21285.499190	14530.958477	-19451.918537	-28412.308206	-33051.099843	-2078.622827	-42244.685262	-21650.234956	-3393.799471	14126.391903	-0.018672	0.962957	-0.207563	192.000000	0.000000	0.000000	0.000000	0.000000	0.000000	0.000000	0.000000	0.000000	0.000000	1741810918.648154	0.000000
196.000000	-8573.995063	-27451.518470	-33986.743866	-33304.255701	-39128.874436	3142.454105	-21291.914140	14503.599942	-19441.323810	-28398.807752	-33035.163049	-2085.015426	-42233.799962	-21641.517775	-3395.095872	14113.204374	-0.018672	0.962957	-0.207563	192.000000	0.000000	0.000000	0.000000	0.000000	0.000000	0.000000	0.000000	0.000000	0.000000	1741810918.648184	0.000000
198.000000	-8582.533429	-27454.491252	-33995.729267	-33303.875721	-39138.865666	3134.474532	-21291.489457	14557.534702	-19436.428778	-28400.014746	-33030.133907	-2068.251618	-42238.046794	-21640.288429	-3396.615791	14131.130473	-0.018672	0.962957	-0.207563	192.000000	0.000000	0.000000	0.000000	0.000000	0.000000	0.000000	0.000000	0.000000	0.000000	1741810918.648222	0.000000
200.000000	-8582.309912	-27442.913049	-33988.755523	-33298.757171	-39138.083355	3148.019689	-21304.252303	14520.140233	-19441.904955	-28391.834008	-33033.844296	-2079.114566	-42239.901988	-21632.308857	-3373.861715	14127.978877	-0.017336	0.962479	-0.208781	192.000000	127.500000	64.000000	15.000000	8.000000	124.500000	56.000000	0.000000	0.000000	0.000000	1741810918.648245	0.000000
202.000000	-8579.940627	-27447.495156	-33994.119941	-33297.997212	-39139.089184	3149.025518	-21301.011300	14553.801960	-19430.997304	-28386.402534	-33032.682005	-2064.205952	-42233.464686	-21624.508098	-3396.235811	14127.822414	-0.017336	0.962479	-0.208781	192.000000	0.000000	0.000000	0.000000	0.000000	0.000000	0.000000	0.000000	0.000000	0.000000	1741810918.648270	0.000000
204.000000	-8585.260342	-27454.066569	-33998.634994	-33313.509323	-39140.519695	3137.402610	-21308.432079	14513.524117	-19434.193603	-28385.597871	-33033.486668	-2074.375996	-42235.364584	-21622.921124	-3363.423450	14130.549327	-0.017336	0.962479	-0.208781	192.000000	0.000000	0.000000	0.000000	0.000000	0.000000	0.000000	0.000000	0.000000	0.000000	1741810918.648292	0.000000
206.000000	-8594.692778	-27468.975183	-34007.821561	-33320.237198	-39136.138753	3123.790398	-21288.740193	14536.971097	-19448.409313	-28401.132333	-33048.350578	-2086.982380	-42246.205180	-21639.617877	-3413.670172	14108.935190	-0.017336	0.962479	-0.208781	192.000000	0.000000	0.000000	0.000000	0.000000	0.000000	0.000000	0.000000	0.000000	0.000000	1741810918.648322	0.000000
208.000000	-8604.996932	-27475.412485	-34009.006203	-33330.809573	-39140.564399	3122.203424	-21301.637149	14512.048902	-19460.769827	-28410.184790	-33058.744140	-2103.321505	-42253.245980	-21649.564403	-3369.927808	14106.722368	-0.017336	0.962479	-0.208781	192.000000	0.000000	0.000000	0.000000	0.000000	0.000000	0.000000	0.000000	0.000000	0.000000	1741810918.708147	0.000000
210.000000	-8588.121365	-27459.654505	-33999.014974	-33312.302329	-39129.969672	3129.423038	-21279.620681	14541.419094	-19449.996287	-28402.741659	-33048.238820	-2093.419682	-42236.213951	-21639.684932	-3430.813960	14092.976045	-0.017668	0.964239	-0.207391	192.000000	127.500000	56.000000	15.000000	24.000000	124.500000	72.000000	0.000000	0.000000	0.000000	1741810918.708186	0.000000
212.000000	-8598.023188	-27471.635040	-34005.295814	-33325.266340	-39141.458469	3123.231604	-21304.386414	14518.866184	-19452.946717	-28407.368470	-33049.714035	-2094.000828	-42244.528800	-21639.282601	-3364.049299	14112.690283	-0.017668	0.964239	-0.207391	192.000000	0.000000	0.000000	0.000000	0.000000	0.000000	0.000000	0.000000	0.000000	0.000000	1741810918.708211	0.000000
214.000000	-8588.903676	-27474.674877	-34006.838084	-33313.106991	-39139.625626	3121.108189	-21290.662443	14534.311239	-19450.197452	-28402.898121	-33051.636285	-2097.130072	-42242.226570	-21634.566383	-3423.728457	14093.892466	-0.017668	0.964239	-0.207391	192.000000	0.000000	0.000000	0.000000	0.000000	0.000000	0.000000	0.000000	0.000000	0.000000	1741810918.708233	0.000000
216.000000	-8613.736464	-27484.464942	-34011.956634	-33327.501515	-39150.376815	3113.240375	-21314.288236	14516.228678	-19461.887415	-28415.973892	-33063.147433	-2099.856985	-42258.006902	-21653.498310	-3364.049299	14117.317094	-0.017668	0.964239	-0.207391	192.000000	0.000000	0.000000	0.000000	0.000000	0.000000	0.000000	0.000000	0.000000	0.000000	1741810918.708281	0.000000
218.000000	-8599.297237	-27475.054857	-33995.483398	-33311.050631	-39138.753908	3118.314221	-21303.134716	14517.100396	-19453.885490	-28411.771764	-33051.993913	-2104.439092	-42250.407308	-21643.752950	-3431.596271	14090.427946	-0.017668	0.964239	-0.207391	192.000000	0.000000	0.000000	0.000000	0.000000	0.000000	0.000000	0.000000	0.000000	0.000000	1741810918.708308	0.000000
220.000000	-8600.124252	-27475.591299	-33994.119941	-33319.276073	-39138.418631	3115.162625	-21314.176478	14507.511497	-19452.209109	-28418.969025	-33046.338921	-2094.470214	-42249.736756	-21646.613973	-3364.295168	14121.429815	-0.016834	0.965120	-0.206695	192.000000	127.500000	64.000000	15.000000	24.000000	124.500000	72.000000	0.000000	0.000000	0.000000	1741810918.708330	0.000000
222.000000	-8582.868705	-27474.786636	-33990.700125	-33312.391736	-39137.233989	3111.072256	-21302.128887	14513.926448	-19448.319906	-28413.649310	-33038.828735	-2103.969706	-42235.185770	-21646.882194	-3432.870320	14091.545533	-0.016834	0.965120	-0.206695	192.000000	0.000000	0.000000	0.000000	0.000000	0.000000	0.000000	0.000000	0.000000	0.000000	1741810918.708355	0.000000
224.000000	-8601.644170	-27470.204529	-33996.645689	-33319.812515	-39146.241742	3107.518328	-21312.924780	14515.602829	-19453.997249	-28421.695938	-33044.528430	-2089.999865	-42247.590989	-21658.013363	-3361.232979	14123.396769	-0.016834	0.965120	-0.206695	192.000000	0.000000	0.000000	0.000000	0.000000	0.000000	0.000000	0.000000	0.000000	0.000000	1741810918.768302	0.000000
226.000000	-8581.013510	-27459.833319	-33973.444578	-33294.800913	-39123.666480	3127.009049	-21291.936492	14508.718492	-19448.833996	-28402.115810	-33029.664520	-2097.085368	-42234.269349	-21642.881232	-3421.247413	14095.479440	-0.016834	0.965120	-0.206695	192.000000	0.000000	0.000000	0.000000	0.000000	0.000000	0.000000	0.000000	0.000000	0.000000	1741810918.768353	0.000000
228.000000	-8589.775394	-27463.968392	-33982.161758	-33309.441305	-39127.890960	3117.867186	-21296.786821	14536.702876	-19438.842766	-28405.982662	-33024.993005	-2068.117507	-42234.917549	-21641.853051	-3361.411793	14131.353990	-0.016834	0.965120	-0.206695	192.000000	0.000000	0.000000	0.000000	0.000000	0.000000	0.000000	0.000000	0.000000	0.000000	1741810918.768400	0.000000
230.000000	-8595.273923	-27464.549537	-33992.398857	-33315.073945	-39132.584826	3110.178186	-21297.949111	14520.877841	-19444.765978	-28410.788287	-33034.626607	-2094.224345	-42242.606550	-21646.591621	-3404.640067	14100.083900	-0.016417	0.963560	-0.205348	192.000000	127.500000	64.000000	15.000000	8.000000	124.500000	80.000000	0.000000	0.000000	0.000000	1741810918.768422	0.000000
232.000000	-8595.899772	-27465.197738	-33997.003317	-33314.582207	-39131.601349	3115.810825	-21297.747946	14529.483262	-19449.817473	-28414.632787	-33040.840392	-2078.622827	-42244.774669	-21651.866633	-3363.602264	14115.596010	-0.016417	0.963560	-0.205348	192.000000	0.000000	0.000000	0.000000	0.000000	0.000000	0.000000	0.000000	0.000000	0.000000	1741810918.768447	0.000000
234.000000	-8588.948380	-27456.927592	-33984.441636	-33305.216826	-39126.661614	3127.232567	-21296.697414	14494.860410	-19448.968106	-28399.411249	-33036.638264	-2088.368188	-42235.923378	-21636.019246	-3414.787759	14092.037272	-0.016417	0.963560	-0.205348	192.000000	0.000000	0.000000	0.000000	0.000000	0.000000	0.000000	0.000000	0.000000	0.000000	1741810918.768469	0.000000
236.000000	-8609.333171	-27465.108331	-34000.914872	-33323.791125	-39144.185381	3109.932317	-21314.377643	14514.507593	-19450.063342	-28408.262540	-33041.913276	-2074.800679	-42248.261541	-21647.843319	-3374.867544	14116.132452	-0.016417	0.963560	-0.205348	192.000000	0.000000	0.000000	0.000000	0.000000	0.000000	0.000000	0.000000	0.000000	0.000000	1741810918.768492	0.000000
238.000000	-8603.655827	-27468.841072	-34002.010107	-33321.108916	-39142.620759	3111.295773	-21319.630303	14474.453267	-19457.171197	-28408.687223	-33051.949209	-2101.667476	-42252.351910	-21650.905508	-3406.830538	14087.432812	-0.016417	0.963560	-0.205348	192.000000	0.000000	0.000000	0.000000	0.000000	0.000000	0.000000	0.000000	0.000000	0.000000	1741810918.828639	0.000000
240.000000	-8608.081473	-27485.694288	-34014.169456	-33324.461678	-39152.701396	3104.277325	-21325.531164	14516.631009	-19452.387923	-28418.521991	-33051.189250	-2085.708330	-42256.352872	-21649.139720	-3393.017160	14111.103310	-0.019208	0.963780	-0.205674	192.000000	127.500000	40.000000	15.000000	16.000000	124.500000	72.000000	0.000000	0.000000	0.000000	1741810918.828698	0.000000
242.000000	-8606.896830	-27481.648622	-34007.285119	-33322.897055	-39150.376815	3104.880822	-21336.952905	14474.363860	-19467.341240	-28429.250828	-33069.182404	-2119.124188	-42267.394634	-21661.410828	-3393.397140	14086.449335	-0.019208	0.963780	-0.205674	192.000000	0.000000	0.000000	0.000000	0.000000	0.000000	0.000000	0.000000	0.000000	0.000000	1741810918.828724	0.000000
244.000000	-8603.968752	-27480.486331	-34002.993584	-33315.699794	-39143.894809	3107.674790	-21319.093861	14527.739826	-19452.320868	-28417.024424	-33050.809270	-2090.424548	-42247.188657	-21652.604240	-3399.029779	14103.637827	-0.019208	0.963780	-0.205674	192.000000	0.000000	0.000000	0.000000	0.000000	0.000000	0.000000	0.000000	0.000000	0.000000	1741810918.828747	0.000000
246.000000	-8601.599467	-27482.207415	-34003.820599	-33317.622044	-39142.598408	3113.374485	-21331.901411	14497.386157	-19463.094409	-28418.499639	-33059.146471	-2112.463368	-42251.726061	-21654.817063	-3385.931657	14090.651463	-0.019208	0.963780	-0.205674	192.000000	0.000000	0.000000	0.000000	0.000000	0.000000	0.000000	0.000000	0.000000	0.000000	1741810918.828770	0.000000
248.000000	-8597.442043	-27483.570872	-34013.253035	-33316.437401	-39149.907428	3113.732113	-21324.547687	14539.116864	-19461.552139	-28419.572523	-33056.285448	-2097.554755	-42251.793117	-21650.570232	-3404.438901	14104.196620	-0.019208	0.963780	-0.205674	192.000000	0.000000	0.000000	0.000000	0.000000	0.000000	0.000000	0.000000	0.000000	0.000000	1741810918.828792	0.000000
250.000000	-8594.759833	-27470.718619	-34009.766163	-33320.416012	-39148.275751	3119.252994	-21332.750777	14493.161677	-19462.937947	-28416.309168	-33064.577945	-2108.909441	-42255.257637	-21656.135816	-3382.623599	14104.978932	-0.016604	0.962890	-0.201837	192.000000	127.500000	72.000000	15.000000	8.000000	124.500000	104.000000	0.000000	0.000000	0.000000	1741810918.828833	0.000000
252.000000	-8589.596580	-27467.455264	-34005.586386	-33310.916520	-39136.675195	3128.506616	-21313.841202	14527.315143	-19446.956449	-28409.737755	-33053.983218	-2089.776348	-42240.729003	-21638.634400	-3418.386390	14102.319074	-0.016604	0.962890	-0.201837	192.000000	0.000000	0.000000	0.000000	0.000000	0.000000	0.000000	0.000000	0.000000	0.000000	1741810918.828857	0.000000
254.000000	-8590.267133	-27475.837168	-34013.588311	-33322.986462	-39142.218428	3132.999317	-21332.169632	14502.214134	-19443.782502	-28399.880636	-33048.730558	-2088.815223	-42238.829105	-21638.477938	-3382.109509	14115.350141	-0.016604	0.962890	-0.201837	192.000000	0.000000	0.000000	0.000000	0.000000	0.000000	0.000000	0.000000	0.000000	0.000000	1741810918.888950	0.000000
0.000000	-8593.396377	-27483.034430	-34025.524142	-33325.176933	-39145.168858	3131.792323	-21336.192946	14530.824367	-19452.142054	-28407.323767	-33064.980276	-2097.845328	-42251.636654	-21651.106674	-3412.262012	14112.176193	-0.016604	0.962890	-0.201837	192.000000	0.000000	0.000000	0.000000	0.000000	0.000000	0.000000	0.000000	0.000000	0.000000	1741810918.888980	0.000000
2.000000	-8586.646150	-27470.673915	-34017.097535	-33326.786259	-39137.323396	3140.285986	-21345.066589	14504.248143	-19450.756246	-28411.056508	-33057.090110	-2095.341932	-42245.847553	-21642.277735	-3373.839363	14122.703865	-0.016604	0.962890	-0.201837	192.000000	0.000000	0.000000	0.000000	0.000000	0.000000	0.000000	0.000000	0.000000	0.000000	1741810918.889003	0.000000
4.000000	-8590.222429	-27475.524244	-34022.953692	-33322.271207	-39136.585788	3138.341384	-21341.087978	14532.836024	-19445.637696	-28406.496752	-33053.580887	-2095.565450	-42245.624035	-21642.389493	-3427.192977	14114.634885	-0.015302	0.960445	-0.198918	192.000000	127.500000	72.000000	14.500000	120.000000	124.500000	112.000000	0.000000	0.000000	0.000000	1741810918.889055	0.000000
6.000000	-8583.651016	-27465.242441	-34012.850703	-33318.382003	-39125.566378	3152.937073	-21352.152092	14508.182050	-19449.482197	-28402.875769	-33056.710131	-2091.832708	-42241.690128	-21636.734502	-3370.173677	14130.750493	-0.015302	0.960445	-0.198918	192.000000	0.000000	0.000000	0.000000	0.000000	0.000000	0.000000	0.000000	0.000000	0.000000	1741810918.889082	0.000000
8.000000	-8586.802612	-27466.360029	-34021.076145	-33315.073945	-39132.741288	3145.896273	-21348.352295	14538.803940	-19443.111949	-28395.253825	-33052.753872	-2088.122319	-42235.476343	-21623.882249	-3421.783855	14123.687342	-0.015302	0.960445	-0.198918	192.000000	0.000000	0.000000	0.000000	0.000000	0.000000	0.000000	0.000000	0.000000	0.000000	1741810918.889105	0.000000
10.000000	-8588.076662	-27466.158863	-34012.627186	-33317.867913	-39133.389489	3146.879750	-21360.288127	14518.597963	-19442.821377	-28400.618243	-33060.733445	-2079.896877	-42245.758146	-21633.873479	-3348.447782	14141.613441	-0.015302	0.960445	-0.198918	192.000000	0.000000	0.000000	0.000000	0.000000	0.000000	0.000000	0.000000	0.000000	0.000000	1741810918.889127	0.000000
12.000000	-8574.307987	-27468.952831	-34005.049945	-33303.920424	-39123.800590	3150.232512	-21346.653562	14531.427864	-19433.612458	-28389.308261	-33044.103747	-2074.644217	-42226.200369	-21625.111595	-3417.849948	14117.585315	-0.015302	0.960445	-0.198918	192.000000	0.000000	0.000000	0.000000	0.000000	0.000000	0.000000	0.000000	0.000000	0.000000	1741810918.949293	0.000000
14.000000	-8585.036824	-27475.345430	-34009.050907	-33315.185704	-39131.891922	3140.107172	-21361.875100	14530.779663	-19438.239269	-28396.930205	-33044.863706	-2062.417813	-42232.861189	-21631.481842	-3348.090154	14143.848615	-0.014651	0.962222	-0.201459	192.000000	127.500000	72.000000	15.000000	16.000000	124.500000	80.000000	0.000000	0.000000	0.000000	1741810918.949334	0.000000
16.000000	-8571.603426	-27471.143302	-34004.848779	-33311.542369	-39127.443925	3139.146047	-21357.672972	14535.004143	-19441.837900	-28400.215912	-33043.924933	-2080.545077	-42235.588102	-21637.628572	-3405.668247	14118.725254	-0.014651	0.962222	-0.201459	192.000000	0.000000	0.000000	0.000000	0.000000	0.000000	0.000000	0.000000	0.000000	0.000000	1741810918.949382	0.000000
18.000000	-8569.815286	-27470.405694	-34005.519331	-33318.292596	-39127.488628	3133.781628	-21356.197757	14539.183919	-19435.042970	-28402.562845	-33041.689759	-2069.078632	-42230.916587	-21635.214583	-3341.339927	14143.915670	-0.014651	0.962222	-0.201459	192.000000	0.000000	0.000000	0.000000	0.000000	0.000000	0.000000	0.000000	0.000000	0.000000	1741810918.949405	0.000000
20.000000	-8577.012548	-27476.217148	-34007.620395	-33322.718242	-39126.751021	3130.630032	-21355.706019	14525.303486	-19439.178042	-28403.322804	-33043.835526	-2091.095101	-42230.827180	-21638.656752	-3391.161965	14111.416234	-0.014651	0.962222	-0.201459	192.000000	0.000000	0.000000	0.000000	0.000000	0.000000	0.000000	0.000000	0.000000	0.000000	1741810918.949427	0.000000
22.000000	-8593.463432	-27487.728296	-34019.176247	-33339.012663	-39137.837486	3121.421113	-21369.877025	14545.174187	-19447.381133	-28413.783421	-33051.189250	-2077.840516	-42239.924340	-21637.807386	-3333.673279	14130.594031	-0.014651	0.962222	-0.201459	192.000000	0.000000	0.000000	0.000000	0.000000	0.000000	0.000000	0.000000	0.000000	0.000000	1741810918.949450	0.000000
24.000000	-8582.265208	-27473.601994	-34011.733116	-33330.250779	-39131.266073	3130.473570	-21368.938252	14513.613524	-19451.292688	-28411.347081	-33055.570192	-2099.186432	-42244.014709	-21646.792787	-3386.333988	14094.764184	-0.014326	0.962111	-0.203730	192.000000	127.500000	72.000000	15.000000	8.000000	124.500000	72.000000	0.000000	0.000000	0.000000	1741810918.949477	0.000000
26.000000	-8581.125269	-27481.805084	-34013.722421	-33336.732785	-39134.797649	3125.802055	-21371.285185	14528.835062	-19448.006981	-28410.475363	-33054.340846	-2077.773461	-42239.119677	-21645.898717	-3347.307843	14123.642638	-0.014326	0.962111	-0.203730	192.000000	0.000000	0.000000	0.000000	0.000000	0.000000	0.000000	0.000000	0.000000	0.000000	1741810918.949504	0.000000
28.000000	-8572.989234	-27480.374572	-34007.687450	-33330.653111	-39122.526541	3134.139256	-21362.568004	14497.386157	-19448.409313	-28407.547284	-33054.586715	-2101.399255	-42234.470515	-21646.345752	-3388.949143	14095.792365	-0.014326	0.962111	-0.203730	192.000000	0.000000	0.000000	0.000000	0.000000	0.000000	0.000000	0.000000	0.000000	0.000000	1741810919.008425	0.000000
30.000000	-8586.802612	-27483.280299	-34015.801134	-33334.274093	-39128.650919	3127.187863	-21360.578699	14540.614431	-19447.559946	-28409.916569	-33059.302933	-2083.942543	-42229.799000	-21639.394360	-3358.193142	14123.933211	-0.014326	0.962111	-0.203730	192.000000	0.000000	0.000000	0.000000	0.000000	0.000000	0.000000	0.000000	0.000000	0.000000	1741810919.008456	0.000000
32.000000	-8586.467336	-27484.040258	-34007.843913	-33330.094317	-39128.159181	3130.451218	-21360.869272	14511.735977	-19452.656144	-28407.837857	-33062.968619	-2107.009543	-42238.851457	-21640.981333	-3380.544887	14104.196620	-0.014326	0.962111	-0.203730	192.000000	0.000000	0.000000	0.000000	0.000000	0.000000	0.000000	0.000000	0.000000	0.000000	1741810919.008479	0.000000
34.000000	-8567.110725	-27469.757494	-33993.851721	-33315.297462	-39117.855026	3139.526026	-21342.697304	14541.821425	-19441.234403	-28401.445258	-33047.076529	-2077.818165	-42227.697936	-21626.609162	-3369.056090	14125.609592	-0.014163	0.965056	-0.205865	192.000000	127.500000	72.000000	15.000000	32.000000	124.500000	64.000000	0.000000	0.000000	0.000000	1741810919.008501	0.000000
36.000000	-8574.039766	-27472.238537	-33995.595157	-33319.857218	-39121.677175	3137.894349	-21347.726446	14512.004198	-19441.524975	-28392.303394	-33046.271866	-2087.764691	-42222.311166	-21624.441042	-3369.078442	14118.032350	-0.014163	0.965056	-0.205865	192.000000	0.000000	0.000000	0.000000	0.000000	0.000000	0.000000	0.000000	0.000000	0.000000	1741810919.008544	0.000000
38.000000	-8585.461507	-27484.174369	-34013.744773	-33329.937855	-39135.669367	3122.069314	-21350.989801	14546.738809	-19446.017676	-28406.452049	-33055.480785	-2080.455670	-42232.995299	-21641.338961	-3364.026948	14131.555156	-0.014163	0.965056	-0.205865	192.000000	0.000000	0.000000	0.000000	0.000000	0.000000	0.000000	0.000000	0.000000	0.000000	1741810919.008572	0.000000
40.000000	-8578.666577	-27478.362915	-34009.229721	-33326.607445	-39137.032823	3125.600889	-21364.110275	14507.287980	-19445.838862	-28404.775668	-33056.821889	-2095.833671	-42235.342233	-21641.406017	-3365.323349	14113.316132	-0.014163	0.965056	-0.205865	192.000000	0.000000	0.000000	0.000000	0.000000	0.000000	0.000000	0.000000	0.000000	0.000000	1741810919.008595	0.000000
42.000000	-8570.955225	-27473.959622	-33999.685526	-33314.537503	-39130.014375	3126.696125	-21347.257059	14539.407437	-19443.000191	-28401.825237	-33051.524526	-2075.359473	-42236.348061	-21641.383665	-3388.412701	14116.423025	-0.014163	0.965056	-0.205865	192.000000	0.000000	0.000000	0.000000	0.000000	0.000000	0.000000	0.000000	0.000000	0.000000	1741810919.068418	0.000000
44.000000	-8561.366327	-27460.012133	-33984.843968	-33317.644396	-39119.553759	3133.915738	-21345.692437	14507.779718	-19441.569679	-28394.851493	-33045.087224	-2078.779290	-42228.346137	-21637.516813	-3372.632369	14112.891449	-0.014081	0.965528	-0.207932	192.000000	127.500000	72.000000	15.000000	24.000000	124.500000	56.000000	0.000000	0.000000	0.000000	1741810919.068455	0.000000
46.000000	-8568.205961	-27465.443607	-33993.672907	-33321.198323	-39130.170838	3120.504692	-21340.998571	14560.440428	-19429.343275	-28388.905929	-33028.099898	-2060.897894	-42217.214968	-21625.335112	-3409.758617	14123.441472	-0.014081	0.965528	-0.207932	192.000000	0.000000	0.000000	0.000000	0.000000	0.000000	0.000000	0.000000	0.000000	0.000000	1741810919.068498	0.000000
48.000000	-8580.857048	-27476.686534	-34001.719535	-33332.173029	-39136.831658	3120.705857	-21356.108350	14512.697102	-19446.352952	-28405.267406	-33049.088186	-2083.026121	-42236.169247	-21644.043522	-3357.544942	14122.435644	-0.014081	0.965528	-0.207932	192.000000	0.000000	0.000000	0.000000	0.000000	0.000000	0.000000	0.000000	0.000000	0.000000	1741810919.068524	0.000000
50.000000	-8557.991214	-27459.408636	-33990.923642	-33312.168218	-39122.034803	3139.034288	-21332.393149	14536.099379	-19433.478347	-28392.437505	-33039.320474	-2073.325464	-42231.587140	-21634.968714	-3409.780968	14115.797176	-0.014081	0.965528	-0.207932	192.000000	0.000000	0.000000	0.000000	0.000000	0.000000	0.000000	0.000000	0.000000	0.000000	1741810919.068550	0.000000
52.000000	-8576.140830	-27471.657392	-33997.986793	-33325.109878	-39128.181532	3134.854512	-21342.116158	14524.767044	-19435.355894	-28387.073086	-33032.413785	-2064.965912	-42228.368488	-21628.978447	-3362.305863	14140.339391	-0.014081	0.965528	-0.207932	192.000000	0.000000	0.000000	0.000000	0.000000	0.000000	0.000000	0.000000	0.000000	0.000000	1741810919.068573	0.000000
54.000000	-8572.922179	-27473.981973	-34007.374526	-33324.618140	-39132.517771	3127.925471	-21339.925687	14543.989544	-19444.408351	-28396.885502	-33040.236895	-2074.845383	-42236.884503	-21638.165014	-3410.607983	14123.441472	-0.015041	0.965764	-0.208966	192.000000	127.500000	64.000000	15.000000	24.000000	124.500000	56.000000	0.000000	0.000000	0.000000	1741810919.068595	0.000000
56.000000	-8578.308949	-27467.298802	-34001.898349	-33323.679367	-39127.958015	3136.575596	-21345.245402	14512.764157	-19450.286859	-28401.780534	-33044.908410	-2075.627694	-42237.376241	-21636.935668	-3358.304901	14134.170310	-0.015041	0.965764	-0.208966	192.000000	0.000000	0.000000	0.000000	0.000000	0.000000	0.000000	0.000000	0.000000	0.000000	1741810919.068619	0.000000
58.000000	-8573.637435	-27477.379439	-34007.642747	-33324.662843	-39134.931759	3125.645593	-21336.461167	14540.860300	-19439.267449	-28390.112923	-33040.818040	-2074.823031	-42222.020593	-21626.452699	-3423.616698	14118.814661	-0.015041	0.965764	-0.208966	192.000000	0.000000	0.000000	0.000000	0.000000	0.000000	0.000000	0.000000	0.000000	0.000000	1741810919.128553	0.000000
60.000000	-8570.888170	-27472.596165	-34002.993584	-33326.652149	-39132.763640	3127.143160	-21348.776978	14512.428881	-19444.698923	-28400.573540	-33047.612971	-2071.917304	-42235.655157	-21637.382703	-3355.712099	14130.638734	-0.015041	0.965764	-0.208966	192.000000	0.000000	0.000000	0.000000	0.000000	0.000000	0.000000	0.000000	0.000000	0.000000	1741810919.128585	0.000000
62.000000	-8571.379908	-27467.790540	-34000.177264	-33312.972881	-39125.991061	3132.552282	-21335.500042	14507.936181	-19444.654220	-28395.969080	-33043.790822	-2076.097080	-42234.246997	-21636.510984	-3417.402913	14109.225763	-0.015041	0.965764	-0.208966	192.000000	0.000000	0.000000	0.000000	0.000000	0.000000	0.000000	0.000000	0.000000	0.000000	1741810919.128609	0.000000
64.000000	-8578.398356	-27468.125816	-34001.250148	-33308.658994	-39125.499323	3141.045945	-21334.494213	14509.813727	-19442.821377	-28391.051697	-33042.337959	-2058.327443	-42229.642538	-21627.749101	-3357.276721	14135.556118	-0.015520	0.966882	-0.213483	192.000000	127.500000	64.000000	15.000000	32.000000	124.500000	24.000000	0.000000	0.000000	0.000000	1741810919.128632	0.000000
66.000000	-8565.411993	-27461.979087	-33998.165607	-33299.919462	-39121.118381	3141.940015	-21321.038463	14505.030454	-19442.396694	-28384.413229	-33046.204811	-2071.000883	-42228.860227	-21621.982351	-3406.338800	14118.814661	-0.015520	0.966882	-0.213483	192.000000	0.000000	0.000000	0.000000	0.000000	0.000000	0.000000	0.000000	0.000000	0.000000	1741810919.128658	0.000000
68.000000	-8582.198153	-27485.157846	-34008.045078	-33319.790163	-39138.485687	3123.455122	-21339.612763	14515.379311	-19447.247022	-28396.013784	-33050.786918	-2063.445993	-42235.275177	-21629.492537	-3336.020212	14150.107104	-0.015520	0.966882	-0.213483	192.000000	0.000000	0.000000	0.000000	0.000000	0.000000	0.000000	0.000000	0.000000	0.000000	1741810919.128702	0.000000
70.000000	-8565.702565	-27468.081113	-33999.663174	-33310.715355	-39127.220407	3133.669869	-21326.492289	14494.659244	-19448.230499	-28394.315051	-33045.131927	-2078.019330	-42234.761087	-21625.648037	-3393.777119	14110.879792	-0.015520	0.966882	-0.213483	192.000000	0.000000	0.000000	0.000000	0.000000	0.000000	0.000000	0.000000	0.000000	0.000000	1741810919.128725	0.000000
72.000000	-8563.266225	-27455.586488	-33996.623337	-33315.141000	-39127.108649	3132.194654	-21322.290161	14516.362788	-19439.088635	-28393.599796	-33038.202886	-2054.460592	-42230.715422	-21628.911391	-3344.782096	14134.326772	-0.015520	0.966882	-0.213483	192.000000	0.000000	0.000000	0.000000	0.000000	0.000000	0.000000	0.000000	0.000000	0.000000	1741810919.188879	0.000000
74.000000	-8564.272054	-27465.488311	-34001.026631	-33320.460715	-39130.953149	3126.360849	-21318.892696	14504.337550	-19435.981743	-28388.458894	-33030.290369	-2068.542191	-42227.094439	-21630.520717	-3397.263992	14108.197583	-0.014760	0.964441	-0.210742	192.000000	127.500000	72.000000	15.000000	8.000000	124.500000	64.000000	0.000000	0.000000	0.000000	1741810919.188913	0.000000
76.000000	-8573.168048	-27470.852729	-34008.425058	-33330.273131	-39135.669367	3116.302564	-21318.736234	14527.516309	-19441.234403	-28400.618243	-33037.040596	-2058.886237	-42238.627939	-21644.110578	-3357.768459	14127.308324	-0.014760	0.964441	-0.210742	192.000000	0.000000	0.000000	0.000000	0.000000	0.000000	0.000000	0.000000	0.000000	0.000000	1741810919.188938	0.000000
78.000000	-8567.177781	-27457.665200	-33991.862415	-33316.638567	-39118.592634	3138.296680	-21310.130812	14488.199590	-19445.078903	-28392.906891	-33038.404052	-2076.611170	-42233.241169	-21642.970639	-3398.403930	14103.682530	-0.014760	0.964441	-0.210742	192.000000	0.000000	0.000000	0.000000	0.000000	0.000000	0.000000	0.000000	0.000000	0.000000	1741810919.188961	0.000000
80.000000	-8579.292426	-27476.015982	-34007.486285	-33333.067099	-39128.114477	3123.008087	-21312.991835	14530.377332	-19444.274240	-28397.332537	-33036.079471	-2054.505295	-42230.357794	-21632.644133	-3372.252389	14133.812682	-0.014760	0.964441	-0.210742	192.000000	0.000000	0.000000	0.000000	0.000000	0.000000	0.000000	0.000000	0.000000	0.000000	1741810919.189005	0.000000
82.000000	-8572.229275	-27484.152017	-34003.239453	-33338.364463	-39122.660652	3126.606718	-21317.328074	14490.747689	-19453.304345	-28404.462743	-33048.372930	-2088.390540	-42238.002090	-21648.335057	-3387.049244	14101.179135	-0.014760	0.964441	-0.210742	192.000000	0.000000	0.000000	0.000000	0.000000	0.000000	0.000000	0.000000	0.000000	0.000000	1741810919.189033	0.000000
84.000000	-8595.810365	-27494.590282	-34023.892465	-33356.804652	-39141.033785	3104.433787	-21323.228934	14534.802977	-19455.807740	-28417.583217	-33055.458433	-2080.321560	-42245.266407	-21652.783054	-3371.626541	14120.446339	-0.015380	0.963220	-0.211371	192.000000	127.500000	64.000000	15.000000	8.000000	124.500000	48.000000	0.000000	0.000000	0.000000	1741810919.189055	0.000000
86.000000	-8591.295313	-27489.427029	-34014.437677	-33350.993198	-39135.065870	3110.379351	-21334.360103	14479.862390	-19479.902921	-28425.987473	-33067.953058	-2110.541118	-42253.625960	-21666.529377	-3374.822840	14090.673815	-0.015380	0.963220	-0.211371	192.000000	0.000000	0.000000	0.000000	0.000000	0.000000	0.000000	0.000000	0.000000	0.000000	1741810919.189080	0.000000
88.000000	-8590.088319	-27481.939194	-34007.799209	-33337.090413	-39130.059079	3112.301601	-21318.870344	14516.005160	-19471.029278	-28417.829087	-33063.862689	-2089.485775	-42248.730928	-21660.136778	-3388.479756	14096.775841	-0.015380	0.963220	-0.211371	192.000000	0.000000	0.000000	0.000000	0.000000	0.000000	0.000000	0.000000	0.000000	0.000000	1741810919.249280	0.000000
90.000000	-8587.629627	-27476.150093	-34004.357040	-33326.965073	-39126.616910	3124.639764	-21325.106481	14485.405622	-19465.128418	-28406.094421	-33057.470090	-2088.122319	-42238.851457	-21643.305915	-3378.510878	14093.423080	-0.015380	0.963220	-0.211371	192.000000	0.000000	0.000000	0.000000	0.000000	0.000000	0.000000	0.000000	0.000000	0.000000	1741810919.249333	0.000000
92.000000	-8586.154412	-27479.167578	-34008.805038	-33311.989404	-39131.713108	3125.265613	-21308.834411	14529.416207	-19461.261566	-28402.316976	-33055.011398	-2067.916342	-42238.493829	-21634.387569	-3393.374788	14112.533821	-0.015380	0.963220	-0.211371	192.000000	0.000000	0.000000	0.000000	0.000000	0.000000	0.000000	0.000000	0.000000	0.000000	1741810919.249356	0.000000
94.000000	-8582.064042	-27466.561194	-34006.189883	-33307.675518	-39134.462373	3135.837988	-21320.010283	14488.512515	-19461.239214	-28398.919511	-33054.206735	-2070.755013	-42250.429660	-21632.375912	-3364.742203	14123.530879	-0.016690	0.964610	-0.207685	192.000000	127.500000	56.000000	15.000000	24.000000	124.500000	80.000000	0.000000	0.000000	0.000000	1741810919.249382	0.000000
96.000000	-8580.968807	-27471.635040	-34006.145180	-33302.132285	-39135.825829	3131.948785	-21302.754736	14524.029437	-19450.756246	-28391.521083	-33044.103747	-2054.639406	-42241.153686	-21618.473127	-3403.611887	14135.891394	-0.016690	0.964610	-0.207685	192.000000	0.000000	0.000000	0.000000	0.000000	0.000000	0.000000	0.000000	0.000000	0.000000	1741810919.249412	0.000000
98.000000	-8591.474127	-27465.756531	-34005.049945	-33311.676480	-39136.697547	3131.837026	-21310.622550	14484.668015	-19459.473426	-28397.086668	-33050.250477	-2067.961045	-42249.401480	-21634.745197	-3357.634349	14137.925403	-0.016690	0.964610	-0.207685	192.000000	0.000000	0.000000	0.000000	0.000000	0.000000	0.000000	0.000000	0.000000	0.000000	1741810919.249435	0.000000
100.000000	-8578.130135	-27476.842997	-34004.938186	-33310.469486	-39136.451678	3124.282136	-21300.363100	14508.316160	-19456.835920	-28407.256711	-33044.819003	-2057.902760	-42247.993320	-21634.007589	-3410.786797	14126.503661	-0.016690	0.964610	-0.207685	192.000000	0.000000	0.000000	0.000000	0.000000	0.000000	0.000000	0.000000	0.000000	0.000000	1741810919.249458	0.000000
102.000000	-8588.255476	-27476.261851	-34007.463933	-33322.204151	-39139.178591	3125.287965	-21311.717786	14479.929445	-19458.042915	-28407.882560	-33042.695587	-2060.763784	-42243.679433	-21642.210679	-3363.825782	14127.509490	-0.016690	0.964610	-0.207685	192.000000	0.000000	0.000000	0.000000	0.000000	0.000000	0.000000	0.000000	0.000000	0.000000	1741810919.249488	0.000000
104.000000	-8583.293388	-27477.155921	-34006.078125	-33318.002023	-39135.289387	3125.667945	-21294.417536	14506.729186	-19460.523958	-28406.697918	-33048.998779	-2070.755013	-42243.590026	-21641.964810	-3419.816902	14106.409443	-0.016345	0.966305	-0.208843	192.000000	127.500000	64.000000	15.000000	32.000000	124.500000	56.000000	0.000000	0.000000	0.000000	1741810919.311770	0.000000
106.000000	-8571.357557	-27469.176348	-33989.269613	-33318.270244	-39124.694660	3133.044020	-21300.944245	14482.030509	-19452.700848	-28407.793153	-33041.600352	-2065.256484	-42248.663872	-21643.015342	-3354.281587	14118.144109	-0.016345	0.966305	-0.208843	192.000000	0.000000	0.000000	0.000000	0.000000	0.000000	0.000000	0.000000	0.000000	0.000000	1741810919.311801	0.000000
108.000000	-8568.071850	-27470.964488	-33994.455218	-33322.181800	-39130.081431	3118.850663	-21297.770297	14506.930352	-19441.144996	-28398.539531	-33028.904561	-2064.071842	-42232.660023	-21633.582906	-3417.402913	14099.569809	-0.016345	0.966305	-0.208843	192.000000	0.000000	0.000000	0.000000	0.000000	0.000000	0.000000	0.000000	0.000000	0.000000	1741810919.311824	0.000000
110.000000	-8577.794859	-27486.878930	-33996.042192	-33330.943683	-39138.485687	3115.252032	-21312.254228	14492.893457	-19453.930194	-28416.957368	-33035.118346	-2065.971740	-42242.986529	-21653.699476	-3347.754878	14115.774824	-0.016345	0.966305	-0.208843	192.000000	0.000000	0.000000	0.000000	0.000000	0.000000	0.000000	0.000000	0.000000	0.000000	1741810919.311847	0.000000
112.000000	-8562.841542	-27474.674877	-33986.430941	-33313.799896	-39128.203884	3125.779703	-21298.574960	14493.228733	-19449.325734	-28413.515200	-33029.485706	-2079.807470	-42230.916587	-21643.909412	-3414.698352	14092.864286	-0.016345	0.966305	-0.208843	192.000000	0.000000	0.000000	0.000000	0.000000	0.000000	0.000000	0.000000	0.000000	0.000000	1741810919.311888	0.000000
114.000000	-8588.501345	-27490.343450	-33997.495055	-33331.480125	-39142.777222	3110.468758	-21319.026806	14491.753518	-19463.608499	-28423.908761	-33038.202886	-2071.537324	-42246.160477	-21652.693647	-3348.447782	14118.412330	-0.016173	0.965153	-0.206421	192.000000	127.500000	64.000000	15.000000	16.000000	124.500000	80.000000	0.000000	0.000000	0.000000	1741810919.311911	0.000000
116.000000	-8573.592731	-27475.010154	-33983.614622	-33315.051593	-39126.907483	3120.817616	-21307.046271	14485.517381	-19452.745551	-28409.760107	-33033.196096	-2076.432356	-42239.276140	-21642.143624	-3418.140521	14081.688414	-0.016173	0.965153	-0.206421	192.000000	0.000000	0.000000	0.000000	0.000000	0.000000	0.000000	0.000000	0.000000	0.000000	1741810919.311942	0.000000
118.000000	-8576.386699	-27466.583546	-33977.199671	-33309.396602	-39117.251529	3124.952689	-21309.773184	14496.626198	-19455.316002	-28409.491886	-33034.425442	-2050.839609	-42238.359718	-21640.400188	-3360.271854	14114.880754	-0.016173	0.965153	-0.206421	192.000000	0.000000	0.000000	0.000000	0.000000	0.000000	0.000000	0.000000	0.000000	0.000000	1741810919.369294	0.000000
120.000000	-8571.312853	-27461.241479	-33978.965459	-33294.487988	-39114.792837	3127.947823	-21302.464164	14494.301616	-19443.156653	-28395.320880	-33031.072680	-2058.394499	-42226.759163	-21622.496441	-3406.584669	14102.296722	-0.016173	0.965153	-0.206421	192.000000	0.000000	0.000000	0.000000	0.000000	0.000000	0.000000	0.000000	0.000000	0.000000	1741810919.369338	0.000000
122.000000	-8576.721975	-27465.912994	-33984.598098	-33285.368477	-39120.671346	3137.134390	-21303.090012	14516.072216	-19447.761112	-28400.126505	-33036.906485	-2038.434391	-42235.543398	-21625.446871	-3346.905511	14142.328697	-0.016173	0.965153	-0.206421	192.000000	0.000000	0.000000	0.000000	0.000000	0.000000	0.000000	0.000000	0.000000	0.000000	1741810919.369363	0.000000
124.000000	-8571.625778	-27445.170575	-33979.658363	-33273.611459	-39122.146561	3152.735907	-21297.725594	14495.598018	-19441.413217	-28383.139179	-33025.596502	-2046.659833	-42234.470515	-21609.644188	-3394.425320	14123.329714	-0.015086	0.965576	-0.205211	192.000000	127.500000	72.000000	15.000000	24.000000	124.500000	80.000000	0.000000	0.000000	0.000000	1741810919.369410	0.000000
126.000000	-8568.362423	-27449.797386	-33984.151063	-33282.708619	-39129.030899	3150.388974	-21311.516620	14522.576573	-19436.585240	-28381.440447	-33024.881247	-2023.548129	-42237.085669	-21606.760813	-3356.516761	14151.962298	-0.015086	0.965576	-0.205211	192.000000	0.000000	0.000000	0.000000	0.000000	0.000000	0.000000	0.000000	0.000000	0.000000	1741810919.369434	0.000000
128.000000	-8560.628719	-27443.136566	-33976.864395	-33279.422913	-39120.246663	3167.197486	-21309.236742	14494.458079	-19432.964257	-28377.037153	-33020.232084	-2041.071897	-42229.128448	-21600.882304	-3397.934544	14123.441472	-0.015086	0.965576	-0.205211	192.000000	0.000000	0.000000	0.000000	0.000000	0.000000	0.000000	0.000000	0.000000	0.000000	1741810919.369458	0.000000
130.000000	-8574.687967	-27470.942136	-33996.288061	-33304.278052	-39125.722841	3143.392878	-21302.978254	14525.839928	-19444.721275	-28391.006993	-33033.419613	-2032.198254	-42233.755259	-21610.784127	-3376.923904	14139.780598	-0.015086	0.965576	-0.205211	192.000000	0.000000	0.000000	0.000000	0.000000	0.000000	0.000000	0.000000	0.000000	0.000000	1741810919.369480	0.000000
132.000000	-8584.053348	-27474.518415	-34003.351212	-33320.818343	-39124.225274	3131.255881	-21301.257169	14490.993558	-19459.562833	-28399.075973	-33046.271866	-2070.799717	-42239.231436	-21632.711188	-3402.673114	14098.675740	-0.015086	0.965576	-0.205211	192.000000	0.000000	0.000000	0.000000	0.000000	0.000000	0.000000	0.000000	0.000000	0.000000	1741810919.369502	0.000000
134.000000	-8591.943513	-27486.096619	-34005.608738	-33327.434460	-39123.979404	3126.629070	-21294.015204	14531.114940	-19465.240176	-28418.231418	-33058.185346	-2067.268141	-42249.289721	-21641.204851	-3390.826689	14105.090690	-0.013543	0.966788	-0.205605	192.000000	127.500000	80.000000	15.000000	32.000000	124.500000	72.000000	0.000000	0.000000	0.000000	1741810919.429663	0.000000
136.000000	-8597.196173	-27492.913901	-34009.363831	-33339.638512	-39124.784067	3125.712648	-21307.917989	14498.056710	-19479.545293	-28425.741604	-33057.492442	-2086.848269	-42248.015672	-21650.771397	-3386.445747	14092.998397	-0.013543	0.966788	-0.205605	192.000000	0.000000	0.000000	0.000000	0.000000	0.000000	0.000000	0.000000	0.000000	0.000000	1741810919.429716	0.000000
138.000000	-8585.930894	-27492.936253	-34002.658308	-33337.068061	-39120.894864	3128.171340	-21298.999643	14533.618335	-19475.589034	-28429.027310	-33059.727616	-2083.651970	-42247.434526	-21649.273831	-3399.432111	14097.781670	-0.013543	0.966788	-0.205605	192.000000	0.000000	0.000000	0.000000	0.000000	0.000000	0.000000	0.000000	0.000000	0.000000	1741810919.429740	0.000000
140.000000	-8584.634493	-27499.865293	-33998.165607	-33338.744442	-39124.269977	3122.449293	-21310.421385	14496.603846	-19479.075906	-28427.954427	-33059.660561	-2099.588764	-42245.936959	-21655.241746	-3378.734395	14091.187905	-0.013543	0.966788	-0.205605	192.000000	0.000000	0.000000	0.000000	0.000000	0.000000	0.000000	0.000000	0.000000	0.000000	1741810919.429762	0.000000
142.000000	-8591.384720	-27503.307462	-34000.847817	-33334.721128	-39128.203884	3111.161662	-21302.486515	14543.363696	-19473.398563	-28432.268313	-33053.178555	-2087.250601	-42243.813544	-21651.374895	-3394.514727	14094.920647	-0.013543	0.966788	-0.205605	192.000000	0.000000	0.000000	0.000000	0.000000	0.000000	0.000000	0.000000	0.000000	0.000000	1741810919.429785	0.000000
144.000000	-8601.711226	-27498.546541	-33991.504787	-33330.071965	-39127.712146	3111.251069	-21321.820774	14499.554276	-19496.666729	-28443.086558	-33066.701361	-2105.020238	-42255.950541	-21660.293241	-3344.335061	14094.808888	-0.014772	0.965394	-0.203803	192.000000	127.500000	64.000000	15.000000	16.000000	124.500000	88.000000	0.000000	0.000000	0.000000	1741810919.429808	0.000000
146.000000	-8580.991159	-27483.034430	-33980.530081	-33306.513227	-39112.624718	3122.695163	-21298.262036	14533.305411	-19473.219749	-28423.260560	-33047.143584	-2076.946447	-42241.108983	-21645.854014	-3380.723701	14096.261751	-0.014772	0.965394	-0.203803	192.000000	0.000000	0.000000	0.000000	0.000000	0.000000	0.000000	0.000000	0.000000	0.000000	1741810919.429841	0.000000
148.000000	-8581.438193	-27471.344468	-33975.523290	-33296.186721	-39109.987212	3133.044020	-21308.096803	14506.751538	-19463.407333	-28404.663909	-33037.286465	-2063.334234	-42234.895198	-21634.074644	-3332.667450	14117.361798	-0.014772	0.965394	-0.203803	192.000000	0.000000	0.000000	0.000000	0.000000	0.000000	0.000000	0.000000	0.000000	0.000000	1741810919.489788	0.000000
150.000000	-8571.022281	-27464.147206	-33976.283249	-33282.328639	-39116.290404	3132.418171	-21296.205675	14540.726190	-19455.003077	-28398.494828	-33033.285503	-2050.571388	-42237.510352	-21627.905563	-3375.471041	14112.109138	-0.014772	0.965394	-0.203803	192.000000	0.000000	0.000000	0.000000	0.000000	0.000000	0.000000	0.000000	0.000000	0.000000	1741810919.489839	0.000000
152.000000	-8578.711281	-27465.309497	-33982.184110	-33289.816474	-39130.662576	3131.389991	-21314.422347	14519.179108	-19451.203281	-28397.600758	-33023.987177	-2041.541283	-42239.633768	-21624.530449	-3319.345810	14131.979839	-0.014772	0.965394	-0.203803	192.000000	0.000000	0.000000	0.000000	0.000000	0.000000	0.000000	0.000000	0.000000	0.000000	1741810919.489862	0.000000
154.000000	-8572.743365	-27463.186081	-33987.190901	-33285.547291	-39124.694660	3132.328764	-21304.162896	14527.695123	-19455.293650	-28400.707650	-33026.043537	-2051.197237	-42241.153686	-21622.719958	-3382.780061	14108.398748	-0.015386	0.961697	-0.199901	192.000000	127.500000	64.000000	14.500000	120.000000	124.500000	112.000000	0.000000	0.000000	0.000000	1741810919.489885	0.000000
156.000000	-8583.114574	-27463.610764	-33995.885729	-33307.206131	-39137.323396	3122.404590	-21324.547687	14509.880782	-19464.211996	-28409.000147	-33035.163049	-2053.097135	-42254.117698	-21638.612048	-3328.308860	14125.117853	-0.015386	0.961697	-0.199901	192.000000	0.000000	0.000000	0.000000	0.000000	0.000000	0.000000	0.000000	0.000000	0.000000	1741810919.489934	0.000000
158.000000	-8570.418783	-27461.554403	-33991.258918	-33297.147846	-39126.482800	3128.461913	-21307.068623	14518.195631	-19449.951583	-28399.165380	-33023.741308	-2054.974682	-42248.261541	-21634.700493	-3402.673114	14090.472649	-0.015386	0.961697	-0.199901	192.000000	0.000000	0.000000	0.000000	0.000000	0.000000	0.000000	0.000000	0.000000	0.000000	1741810919.489960	0.000000
160.000000	-8567.021318	-27460.414465	-33990.297793	-33304.367459	-39125.029936	3131.233529	-21307.359196	14507.667960	-19442.866080	-28396.036136	-33022.847238	-2041.787153	-42243.120640	-21625.402167	-3349.386555	14116.892411	-0.015386	0.961697	-0.199901	192.000000	0.000000	0.000000	0.000000	0.000000	0.000000	0.000000	0.000000	0.000000	0.000000	1741810919.489984	0.000000
162.000000	-8569.636472	-27465.287145	-34002.010107	-33313.822247	-39132.517771	3122.561052	-21303.022957	14510.640742	-19448.632830	-28395.030307	-33024.478915	-2062.350757	-42238.583236	-21632.264153	-3412.239660	14092.372548	-0.015386	0.961697	-0.199901	192.000000	0.000000	0.000000	0.000000	0.000000	0.000000	0.000000	0.000000	0.000000	0.000000	1741810919.490006	0.000000
164.000000	-8573.883304	-27466.538843	-34003.798247	-33325.713375	-39135.848181	3115.699067	-21317.953923	14508.427919	-19460.792179	-28414.386918	-33038.404052	-2063.870676	-42251.010805	-21648.849147	-3352.739317	14105.582429	-0.015693	0.962849	-0.199951	192.000000	127.500000	64.000000	15.000000	16.000000	124.500000	96.000000	0.000000	0.000000	0.000000	1741810919.550131	0.000000
166.000000	-8564.115592	-27469.131645	-33993.471741	-33315.006890	-39120.313718	3122.292831	-21299.804306	14502.415300	-19449.146920	-28407.636691	-33026.535276	-2071.514973	-42240.304320	-21644.714075	-3422.744980	14070.512542	-0.015693	0.962849	-0.199951	192.000000	0.000000	0.000000	0.000000	0.000000	0.000000	0.000000	0.000000	0.000000	0.000000	1741810919.550189	0.000000
168.000000	-8584.567438	-27492.399811	-34009.117962	-33337.939780	-39134.462373	3104.970229	-21311.896600	14514.574649	-19456.925327	-28417.829087	-33038.314645	-2059.422679	-42243.411212	-21652.604240	-3363.266988	14103.324902	-0.015693	0.962849	-0.199951	192.000000	0.000000	0.000000	0.000000	0.000000	0.000000	0.000000	0.000000	0.000000	0.000000	1741810919.550224	0.000000
170.000000	-8586.892019	-27493.718564	-34009.185017	-33340.398471	-39137.748079	3098.711741	-21328.816870	14483.416317	-19485.468505	-28435.263447	-33067.975410	-2100.751054	-42261.583181	-21668.831607	-3400.884974	14068.836161	-0.015693	0.962849	-0.199951	192.000000	0.000000	0.000000	0.000000	0.000000	0.000000	0.000000	0.000000	0.000000	0.000000	1741810919.550247	0.000000
172.000000	-8577.660749	-27485.023735	-33991.281270	-33325.959244	-39125.476971	3114.961459	-21325.419405	14499.397814	-19477.578339	-28423.439374	-33049.177593	-2074.018368	-42256.397576	-21653.095979	-3359.109564	14095.211219	-0.015693	0.962849	-0.199951	192.000000	0.000000	0.000000	0.000000	0.000000	0.000000	0.000000	0.000000	0.000000	0.000000	1741810919.550270	0.000000
174.000000	-8562.930949	-27468.528148	-33978.429017	-33305.105067	-39113.652899	3133.781628	-21315.204658	14480.644701	-19459.227557	-28405.870903	-33034.783069	-2077.996979	-42236.750393	-21640.288429	-3395.833480	14082.917760	-0.013846	0.962424	-0.200975	192.000000	127.500000	80.000000	15.000000	8.000000	124.500000	88.000000	0.000000	0.000000	0.000000	1741810919.550292	0.000000
176.000000	-8568.116554	-27472.640869	-33988.532005	-33308.591939	-39122.213617	3129.467741	-21320.010283	14512.630047	-19461.574490	-28407.569636	-33037.308817	-2051.376051	-42236.728041	-21635.102825	-3344.692689	14124.804929	-0.013846	0.962424	-0.200975	192.000000	0.000000	0.000000	0.000000	0.000000	0.000000	0.000000	0.000000	0.000000	0.000000	1741810919.550316	0.000000
178.000000	-8553.789086	-27457.285220	-33973.645744	-33291.358744	-39115.262224	3142.811733	-21321.440795	14476.308462	-19462.446208	-28400.215912	-33036.191229	-2064.027138	-42237.644462	-21639.483766	-3368.989035	14100.240362	-0.013846	0.962424	-0.200975	192.000000	0.000000	0.000000	0.000000	0.000000	0.000000	0.000000	0.000000	0.000000	0.000000	1741810919.610416	0.000000
180.000000	-8560.382850	-27458.425159	-33982.988773	-33297.170198	-39121.163085	3136.128561	-21323.161879	14514.149966	-19440.049760	-28386.804865	-33017.348709	-2029.650155	-42233.822314	-21623.636380	-3343.888026	14132.449225	-0.013846	0.962424	-0.200975	192.000000	0.000000	0.000000	0.000000	0.000000	0.000000	0.000000	0.000000	0.000000	0.000000	1741810919.610503	0.000000
182.000000	-8561.545141	-27465.622421	-33984.374581	-33303.428686	-39118.212654	3137.737887	-21329.889754	14471.614596	-19450.845653	-28395.097362	-33027.786973	-2055.779345	-42233.777611	-21636.443929	-3352.359337	14103.548420	-0.013846	0.962424	-0.200975	192.000000	0.000000	0.000000	0.000000	0.000000	0.000000	0.000000	0.000000	0.000000	0.000000	1741810919.610526	0.000000
184.000000	-8556.784219	-27468.014058	-33990.521311	-33304.255701	-39117.028012	3137.983756	-21322.938362	14507.064463	-19448.722237	-28400.059450	-33032.324378	-2042.189484	-42235.543398	-21638.656752	-3345.899683	14111.952676	-0.014923	0.959212	-0.202488	192.000000	127.500000	64.000000	14.500000	112.000000	124.500000	80.000000	0.000000	0.000000	0.000000	1741810919.610549	0.000000
186.000000	-8548.938757	-27456.122930	-33976.462063	-33295.560872	-39101.717067	3157.183904	-21322.290161	14469.737049	-19449.459845	-28387.833045	-33030.089203	-2052.895969	-42229.083744	-21624.664560	-3354.147476	14098.608684	-0.014923	0.959212	-0.202488	192.000000	0.000000	0.000000	0.000000	0.000000	0.000000	0.000000	0.000000	0.000000	0.000000	1741810919.610574	0.000000
188.000000	-8559.041746	-27468.349334	-33993.292927	-33302.042878	-39110.613061	3146.633881	-21324.123004	14522.956553	-19446.107083	-28388.682412	-33029.955093	-2036.109809	-42228.167323	-21623.636380	-3367.737337	14119.306400	-0.014923	0.959212	-0.202488	192.000000	0.000000	0.000000	0.000000	0.000000	0.000000	0.000000	0.000000	0.000000	0.000000	1741810919.610600	0.000000
190.000000	-8559.533484	-27459.229822	-33992.063581	-33307.161427	-39112.803532	3152.221817	-21333.153109	14487.551390	-19447.381133	-28390.090572	-33035.990064	-2052.828914	-42228.971985	-21628.017322	-3348.648947	14115.573658	-0.014923	0.959212	-0.202488	192.000000	0.000000	0.000000	0.000000	0.000000	0.000000	0.000000	0.000000	0.000000	0.000000	1741810919.610628	0.000000
192.000000	-8553.744382	-27466.024752	-34000.490189	-33307.675518	-39116.156294	3148.690241	-21323.452452	14521.548393	-19444.497757	-28392.996298	-33034.268979	-2045.452839	-42231.229512	-21626.028016	-3376.610980	14118.613496	-0.014923	0.959212	-0.202488	192.000000	0.000000	0.000000	0.000000	0.000000	0.000000	0.000000	0.000000	0.000000	0.000000	1741810919.610650	0.000000
194.000000	-8556.739516	-27469.846901	-34004.446447	-33314.872779	-39116.402163	3152.490038	-21335.812966	14488.780736	-19450.443322	-28390.671717	-33040.952151	-2055.108792	-42231.922416	-21630.274848	-3350.414735	14120.222821	-0.016462	0.959606	-0.205244	192.000000	127.500000	56.000000	15.000000	0.000000	124.500000	64.000000	0.000000	0.000000	0.000000	1741810919.669769	0.000000
196.000000	-8550.145751	-27477.044162	-34012.448372	-33315.476276	-39118.793800	3144.286948	-21325.419405	14527.628067	-19445.749455	-28389.151798	-33040.169840	-2051.733679	-42227.541474	-21625.916258	-3400.214422	14112.511469	-0.016462	0.959606	-0.205244	192.000000	0.000000	0.000000	0.000000	0.000000	0.000000	0.000000	0.000000	0.000000	0.000000	1741810919.669798	0.000000
198.000000	-8561.500437	-27485.314308	-34015.108230	-33326.920369	-39118.771448	3144.465762	-21337.891679	14504.046977	-19457.350011	-28405.446220	-33054.944343	-2069.726833	-42237.823276	-21631.191269	-3364.250465	14113.338484	-0.016462	0.959606	-0.205244	192.000000	0.000000	0.000000	0.000000	0.000000	0.000000	0.000000	0.000000	0.000000	0.000000	1741810919.669830	0.000000
200.000000	-8575.604388	-27497.160732	-34026.529971	-33331.658939	-39120.805457	3130.942956	-21329.375664	14538.870995	-19462.155636	-28411.101211	-33065.293201	-2083.450804	-42240.952520	-21635.080473	-3414.966573	14102.363777	-0.016462	0.959606	-0.205244	192.000000	0.000000	0.000000	0.000000	0.000000	0.000000	0.000000	0.000000	0.000000	0.000000	1741810919.669857	0.000000
202.000000	-8572.676310	-27492.109238	-34020.696166	-33336.643378	-39112.691773	3134.340421	-21335.701208	14509.143175	-19475.365517	-28415.750374	-33070.970544	-2089.061092	-42245.445221	-21644.423502	-3359.266026	14105.560077	-0.016462	0.959606	-0.205244	192.000000	0.000000	0.000000	0.000000	0.000000	0.000000	0.000000	0.000000	0.000000	0.000000	1741810919.669882	0.000000
204.000000	-8575.872609	-27502.771020	-34021.076145	-33333.692948	-39112.982346	3132.395820	-21324.927667	14522.263649	-19468.078848	-28411.972929	-33066.880175	-2095.386636	-42236.616282	-21640.467243	-3420.353344	14094.719481	-0.015231	0.961803	-0.206622	192.000000	127.500000	72.000000	15.000000	16.000000	124.500000	64.000000	0.000000	0.000000	0.000000	1741810919.669905	0.000000
206.000000	-8591.272961	-27503.530980	-34025.859419	-33346.567553	-39115.239872	3134.116904	-21343.300801	14492.468773	-19491.279959	-28432.134203	-33087.309669	-2100.639296	-42254.900009	-21657.588680	-3346.100848	14103.615475	-0.015231	0.961803	-0.206622	192.000000	0.000000	0.000000	0.000000	0.000000	0.000000	0.000000	0.000000	0.000000	0.000000	1741810919.669930	0.000000
208.000000	-8572.944531	-27489.427029	-34008.648575	-33324.573436	-39100.174797	3147.304433	-21324.324170	14496.648550	-19478.584168	-28416.555037	-33068.310686	-2093.084406	-42245.668739	-21643.596487	-3408.864547	14083.722423	-0.015231	0.961803	-0.206622	192.000000	0.000000	0.000000	0.000000	0.000000	0.000000	0.000000	0.000000	0.000000	0.000000	1741810919.729496	0.000000
210.000000	-8580.410013	-27489.427029	-34006.301642	-33329.043785	-39107.349707	3144.309300	-21341.870289	14492.915808	-19469.777580	-28412.419964	-33061.783977	-2071.760842	-42246.249884	-21636.242764	-3344.044488	14119.552269	-0.015231	0.961803	-0.206622	192.000000	0.000000	0.000000	0.000000	0.000000	0.000000	0.000000	0.000000	0.000000	0.000000	1741810919.729572	0.000000
212.000000	-8557.477123	-27476.999459	-33992.845892	-33315.923311	-39100.979459	3148.667890	-21327.565173	14488.490163	-19466.983612	-28401.601720	-33047.680026	-2073.683092	-42232.905892	-21633.247630	-3405.891765	14087.857495	-0.015231	0.961803	-0.206622	192.000000	0.000000	0.000000	0.000000	0.000000	0.000000	0.000000	0.000000	0.000000	0.000000	1741810919.729595	0.000000
214.000000	-8549.899882	-27470.048066	-33982.899366	-33308.368422	-39103.929890	3149.629015	-21329.777995	14497.028529	-19453.729028	-28400.417078	-33034.783069	-2050.839609	-42233.017651	-21631.683008	-3341.496389	14121.876850	-0.014615	0.964902	-0.206311	192.000000	127.500000	72.000000	15.000000	32.000000	124.500000	72.000000	0.000000	0.000000	0.000000	1741810919.729617	0.000000
216.000000	-8541.406219	-27452.189023	-33969.957706	-33289.749418	-39094.609212	3155.462820	-21321.329036	14495.352148	-19438.775711	-28383.206234	-33016.320529	-2050.102001	-42221.864131	-21613.376929	-3400.728512	14107.616437	-0.014615	0.964902	-0.206311	192.000000	0.000000	0.000000	0.000000	0.000000	0.000000	0.000000	0.000000	0.000000	0.000000	1741810919.729642	0.000000
218.000000	-8550.413972	-27460.436816	-33980.798302	-33305.954433	-39105.807436	3144.152837	-21329.375664	14518.843832	-19441.614382	-28385.955499	-33016.633453	-2026.140931	-42220.366564	-21626.832679	-3334.701459	14145.167368	-0.014615	0.964902	-0.206311	192.000000	0.000000	0.000000	0.000000	0.000000	0.000000	0.000000	0.000000	0.000000	0.000000	1741810919.729664	0.000000
220.000000	-8542.792027	-27454.625363	-33979.390142	-33303.093410	-39100.957108	3151.752430	-21322.312513	14494.659244	-19440.608554	-28385.106133	-33016.991081	-2052.359528	-42222.758200	-21627.190307	-3385.238753	14110.745682	-0.014615	0.964902	-0.206311	192.000000	0.000000	0.000000	0.000000	0.000000	0.000000	0.000000	0.000000	0.000000	0.000000	1741810919.729694	0.000000
222.000000	-8540.914481	-27465.756531	-33981.424151	-33307.273186	-39100.152445	3147.729116	-21315.249361	14529.192690	-19436.808757	-28385.106133	-33014.241816	-2033.382897	-42218.690183	-21621.043577	-3343.128066	14134.818510	-0.014615	0.964902	-0.206311	192.000000	0.000000	0.000000	0.000000	0.000000	0.000000	0.000000	0.000000	0.000000	0.000000	1741810919.729717	0.000000
224.000000	-8545.697754	-27463.253136	-33987.794398	-33315.811553	-39101.158273	3144.421058	-21316.456356	14502.996445	-19455.003077	-28394.270348	-33033.486668	-2062.194295	-42229.329613	-21627.927915	-3374.085233	14106.007112	-0.014308	0.964451	-0.207155	192.000000	127.500000	72.000000	15.000000	16.000000	124.500000	64.000000	0.000000	0.000000	0.000000	1741810919.789789	0.000000
226.000000	-8565.076717	-27488.175331	-34008.469761	-33340.331416	-39117.855026	3120.817616	-21327.185193	14528.030399	-19453.192586	-28402.138162	-33038.404052	-2052.940673	-42233.665852	-21635.214583	-3347.643119	14122.882679	-0.014308	0.964451	-0.207155	192.000000	0.000000	0.000000	0.000000	0.000000	0.000000	0.000000	0.000000	0.000000	0.000000	1741810919.789818	0.000000
228.000000	-8554.213769	-27476.574776	-33998.187959	-33333.111803	-39108.310832	3133.111076	-21325.061777	14484.019814	-19466.134246	-28405.535627	-33049.468166	-2087.004732	-42236.303358	-21631.951229	-3379.449651	14087.879847	-0.014308	0.964451	-0.207155	192.000000	0.000000	0.000000	0.000000	0.000000	0.000000	0.000000	0.000000	0.000000	0.000000	1741810919.789841	0.000000
230.000000	-8551.285690	-27479.458151	-34001.607776	-33325.534561	-39106.522692	3135.167436	-21313.170649	14516.809823	-19454.466636	-28394.069182	-33042.360311	-2058.662720	-42226.423887	-21633.426444	-3372.028872	14108.734025	-0.014308	0.964451	-0.207155	192.000000	0.000000	0.000000	0.000000	0.000000	0.000000	0.000000	0.000000	0.000000	0.000000	1741810919.789864	0.000000
232.000000	-8559.980519	-27476.552424	-34007.821561	-33329.714338	-39107.684983	3133.714573	-21321.440795	14477.984843	-19461.663897	-28400.640595	-33049.110538	-2074.778327	-42240.170209	-21633.426444	-3382.958875	14087.812792	-0.014308	0.964451	-0.207155	192.000000	0.000000	0.000000	0.000000	0.000000	0.000000	0.000000	0.000000	0.000000	0.000000	1741810919.789900	0.000000
234.000000	-8574.330339	-27483.123837	-34018.103363	-33339.526753	-39113.049401	3116.861357	-21321.194925	14519.268515	-19458.847577	-28404.462743	-33044.260209	-2054.393536	-42239.901988	-21635.572211	-3381.975398	14100.620341	-0.014154	0.965225	-0.208578	192.000000	127.500000	72.000000	15.000000	24.000000	124.500000	56.000000	0.000000	0.000000	0.000000	1741810919.789922	0.000000
236.000000	-8568.116554	-27485.046087	-34014.638843	-33338.476221	-39106.455637	3127.813712	-21324.614742	14470.318195	-19472.929176	-28413.492848	-33053.804404	-2083.920191	-42243.433564	-21644.021171	-3374.308750	14076.815734	-0.014154	0.965225	-0.208578	192.000000	0.000000	0.000000	0.000000	0.000000	0.000000	0.000000	0.000000	0.000000	0.000000	1741810919.789947	0.000000
238.000000	-8580.030034	-27496.803104	-34030.150954	-33346.768719	-39120.626643	3113.709761	-21321.686664	14507.131518	-19472.504493	-28414.230456	-33054.184384	-2067.759880	-42244.461744	-21641.428368	-3387.719797	14092.216085	-0.014154	0.965225	-0.208578	192.000000	0.000000	0.000000	0.000000	0.000000	0.000000	0.000000	0.000000	0.000000	0.000000	1741810919.850165	0.000000
240.000000	-8571.625778	-27485.627232	-34015.152933	-33339.504402	-39112.378849	3123.924509	-21328.347484	14458.427067	-19475.454924	-28416.622092	-33061.247535	-2083.584915	-42251.904875	-21654.839415	-3362.238808	14081.263731	-0.014154	0.965225	-0.208578	192.000000	0.000000	0.000000	0.000000	0.000000	0.000000	0.000000	0.000000	0.000000	0.000000	1741810919.850196	0.000000
242.000000	-8561.880417	-27468.885776	-34008.402706	-33327.210942	-39110.680116	3124.125674	-21313.751795	14500.291884	-19461.798008	-28404.820371	-33049.423462	-2063.133068	-42242.874771	-21648.357409	-3392.860698	14087.186943	-0.014154	0.965225	-0.208578	192.000000	0.000000	0.000000	0.000000	0.000000	0.000000	0.000000	0.000000	0.000000	0.000000	1741810919.850237	0.000000
244.000000	-8558.438248	-27454.357142	-33995.550453	-33322.986462	-39108.444942	3132.172302	-21316.076376	14473.156866	-19460.345144	-28399.992394	-33038.359349	-2059.623845	-42238.583236	-21639.103787	-3356.986148	14095.568847	-0.014077	0.963613	-0.209289	192.000000	127.500000	72.000000	15.000000	8.000000	124.500000	56.000000	0.000000	0.000000	0.000000	1741810919.850260	0.000000
246.000000	-8555.934853	-27468.729313	-34006.569863	-33317.912616	-39113.764657	3127.254918	-21300.005472	14518.352094	-19443.849557	-28390.179979	-33022.154334	-2035.662775	-42230.581311	-21629.537240	-3399.208593	14100.575638	-0.014077	0.963613	-0.209289	192.000000	0.000000	0.000000	0.000000	0.000000	0.000000	0.000000	0.000000	0.000000	0.000000	1741810919.850289	0.000000
248.000000	-8561.768658	-27468.282279	-34004.468799	-33323.947587	-39111.060096	3130.294756	-21307.873286	14480.667052	-19458.914633	-28406.630863	-33041.689759	-2053.678281	-42248.775631	-21647.418636	-3349.095982	14103.950751	-0.014077	0.963613	-0.209289	192.000000	0.000000	0.000000	0.000000	0.000000	0.000000	0.000000	0.000000	0.000000	0.000000	1741810919.850312	0.000000
250.000000	-8553.185589	-27476.552424	-34007.240415	-33331.144849	-39113.563492	3123.365715	-21295.624530	14510.707797	-19454.019601	-28397.980737	-33031.966750	-2052.136010	-42241.891294	-21636.689798	-3406.495262	14091.947865	-0.014077	0.963613	-0.209289	192.000000	0.000000	0.000000	0.000000	0.000000	0.000000	0.000000	0.000000	0.000000	0.000000	1741810919.850338	0.000000
252.000000	-8557.767696	-27469.243404	-34003.038288	-33333.648245	-39108.690811	3130.205349	-21300.944245	14483.550427	-19455.964202	-28399.724174	-33035.006587	-2056.695766	-42240.393727	-21649.854976	-3357.299072	14093.981873	-0.014077	0.963613	-0.209289	192.000000	0.000000	0.000000	0.000000	0.000000	0.000000	0.000000	0.000000	0.000000	0.000000	1741810919.850361	0.000000
254.000000	-8560.427554	-27482.162712	-34017.030480	-33336.710434	-39118.436172	3116.794302	-21293.299948	14511.065425	-19450.018638	-28403.836894	-33033.620779	-2056.896932	-42234.135238	-21638.813214	-3424.667230	14076.949844	-0.015038	0.960806	-0.209644	192.000000	127.500000	64.000000	14.500000	120.000000	124.500000	56.000000	0.000000	0.000000	0.000000	1741810919.910389	0.000000
0.000000	-8562.863894	-27481.268642	-34013.677718	-33340.398471	-39119.106724	3115.810825	-21304.498172	14480.912922	-19471.006926	-28417.627921	-33051.278657	-2067.290493	-42246.607512	-21652.783054	-3359.422488	14081.867228	-0.015038	0.960806	-0.209644	192.000000	0.000000	0.000000	0.000000	0.000000	0.000000	0.000000	0.000000	0.000000	0.000000	1741810919.910415	0.000000
2.000000	-8550.592786	-27474.563119	-34003.172398	-33328.306178	-39110.434247	3123.678639	-21291.757678	14489.160715	-19455.159540	-28401.042926	-33036.638264	-2067.916342	-42234.515218	-21639.953153	-3432.847969	14056.520350	-0.015038	0.960806	-0.209644	192.000000	0.000000	0.000000	0.000000	0.000000	0.000000	0.000000	0.000000	0.000000	0.000000	1741810919.910438	0.000000
4.000000	-8575.939664	-27487.661241	-34013.767125	-33339.191477	-39118.212654	3115.363790	-21304.811097	14489.339529	-19454.846615	-28401.109982	-33035.431270	-2051.577217	-42238.516180	-21635.169880	-3362.216456	14086.359928	-0.015038	0.960806	-0.209644	192.000000	0.000000	0.000000	0.000000	0.000000	0.000000	0.000000	0.000000	0.000000	0.000000	1741810919.910461	0.000000
6.000000	-8560.874589	-27477.155921	-34008.715631	-33323.701718	-39108.824922	3128.707782	-21291.198884	14488.423108	-19468.794104	-28407.256711	-33046.808308	-2073.973665	-42243.254750	-21638.992028	-3417.313506	14058.844931	-0.015038	0.960806	-0.209644	192.000000	0.000000	0.000000	0.000000	0.000000	0.000000	0.000000	0.000000	0.000000	0.000000	1741810919.910483	0.000000
8.000000	-8586.780260	-27498.770058	-34026.552323	-33343.013626	-39123.912349	3113.709761	-21303.224123	14504.091681	-19475.164351	-28412.889351	-33055.614895	-2063.982435	-42251.480192	-21644.155281	-3347.263139	14095.367681	-0.017519	0.960403	-0.209822	192.000000	127.500000	48.000000	15.000000	0.000000	124.500000	56.000000	0.000000	0.000000	0.000000	1741810919.910516	0.000000
10.000000	-8586.556743	-27498.546541	-34016.069355	-33336.844544	-39117.162122	3118.068352	-21296.965634	14489.920675	-19488.463639	-28416.912665	-33066.522547	-2088.077615	-42261.829050	-21649.430293	-3403.991867	14063.494094	-0.017519	0.960403	-0.209822	192.000000	0.000000	0.000000	0.000000	0.000000	0.000000	0.000000	0.000000	0.000000	0.000000	1741810919.910543	0.000000
12.000000	-8581.862877	-27492.198645	-34003.127695	-33326.272169	-39107.953204	3131.233529	-21290.148352	14504.851640	-19480.327604	-28413.694014	-33057.000703	-2059.221513	-42252.329558	-21637.047426	-3359.198971	14095.255923	-0.017519	0.960403	-0.209822	192.000000	0.000000	0.000000	0.000000	0.000000	0.000000	0.000000	0.000000	0.000000	0.000000	1741810919.970662	0.000000
14.000000	-8590.043615	-27508.269549	-34009.095610	-33334.341149	-39110.814227	3123.656288	-21290.908312	14487.909018	-19491.726994	-28411.704709	-33056.598372	-2073.996016	-42248.507410	-21637.740330	-3406.808186	14073.731193	-0.017519	0.960403	-0.209822	192.000000	0.000000	0.000000	0.000000	0.000000	0.000000	0.000000	0.000000	0.000000	0.000000	1741810919.970688	0.000000
16.000000	-8604.281676	-27530.800108	-34014.035346	-33339.839678	-39112.311794	3120.147064	-21283.688698	14508.003236	-19501.092374	-28429.764918	-33066.701361	-2068.005749	-42258.520992	-21650.592583	-3359.131915	14099.212181	-0.017519	0.960403	-0.209822	192.000000	0.000000	0.000000	0.000000	0.000000	0.000000	0.000000	0.000000	0.000000	0.000000	1741810919.970710	0.000000
18.000000	-8596.704435	-27517.076137	-33998.836160	-33323.724070	-39097.827863	3135.301546	-21271.104666	14472.419259	-19514.659883	-28426.836840	-33067.215451	-2086.825918	-42255.302340	-21650.413770	-3392.860698	14074.245283	-0.019760	0.961202	-0.207911	192.000000	127.500000	40.000000	15.000000	8.000000	124.500000	72.000000	0.000000	0.000000	0.000000	1741810919.970733	0.000000
20.000000	-8608.863784	-27552.905983	-34005.429924	-33332.888285	-39103.907538	3124.192729	-21266.991945	14512.294771	-19515.799822	-28428.759090	-33055.704302	-2059.132106	-42241.488962	-21642.523604	-3365.636273	14106.655312	-0.019760	0.961202	-0.207911	192.000000	0.000000	0.000000	0.000000	0.000000	0.000000	0.000000	0.000000	0.000000	0.000000	1741810919.970767	0.000000
22.000000	-8621.425464	-27572.955498	-34010.168494	-33339.280884	-39108.243776	3121.421113	-21280.358288	14471.256968	-19551.517910	-28456.318790	-33075.686762	-2101.086331	-42253.827125	-21661.008496	-3385.797547	14081.464896	-0.019760	0.961202	-0.207911	192.000000	0.000000	0.000000	0.000000	0.000000	0.000000	0.000000	0.000000	0.000000	0.000000	1741810919.970790	0.000000
24.000000	-8632.891909	-27598.615300	-34020.070317	-33349.674445	-39117.922082	3109.395875	-21277.027878	14505.142213	-19571.679183	-28464.432474	-33080.604146	-2090.737473	-42260.286779	-21661.500235	-3382.489488	14094.942998	-0.019760	0.961202	-0.207911	192.000000	0.000000	0.000000	0.000000	0.000000	0.000000	0.000000	0.000000	0.000000	0.000000	1741810919.970812	0.000000
26.000000	-8645.788866	-27623.649254	-34021.769049	-33352.870745	-39119.687870	3106.579555	-21288.829599	14463.724430	-19591.080498	-28472.300288	-33088.136683	-2118.990078	-42259.146840	-21659.421523	-3393.374788	14069.953748	-0.019760	0.961202	-0.207911	192.000000	0.000000	0.000000	0.000000	0.000000	0.000000	0.000000	0.000000	0.000000	0.000000	1741810919.970834	0.000000
28.000000	-8661.278625	-27644.190507	-34034.844820	-33361.453815	-39132.383660	3091.358017	-21296.608007	14489.630102	-19616.405024	-28498.697698	-33106.666280	-2122.856930	-42275.508317	-21677.191159	-3385.708140	14078.313300	-0.017880	0.958601	-0.209956	192.000000	127.500000	64.000000	14.500000	112.000000	124.500000	48.000000	0.000000	0.000000	0.000000	1741810920.029982	0.000000
30.000000	-8653.902549	-27641.620057	-34024.764183	-33348.020416	-39123.711184	3109.194709	-21294.685757	14446.200662	-19615.533306	-28492.707430	-33100.497198	-2133.362250	-42263.103099	-21669.077476	-3387.518631	14056.274480	-0.017880	0.958601	-0.209956	192.000000	0.000000	0.000000	0.000000	0.000000	0.000000	0.000000	0.000000	0.000000	0.000000	1741810920.030060	0.000000
32.000000	-8662.060936	-27646.380978	-34034.710709	-33343.080681	-39126.527503	3105.730189	-21280.604158	14481.091735	-19621.612981	-28494.003832	-33105.481637	-2120.442941	-42266.634675	-21663.377781	-3407.769311	14063.114114	-0.017880	0.958601	-0.209956	192.000000	0.000000	0.000000	0.000000	0.000000	0.000000	0.000000	0.000000	0.000000	0.000000	1741810920.030087	0.000000
34.000000	-8672.499200	-27657.780368	-34036.632959	-33352.356655	-39127.399221	3107.339514	-21291.087126	14443.026715	-19644.948202	-28496.976614	-33117.328062	-2135.843293	-42276.692960	-21667.222281	-3386.892782	14051.938242	-0.017880	0.958601	-0.209956	192.000000	0.000000	0.000000	0.000000	0.000000	0.000000	0.000000	0.000000	0.000000	0.000000	1741810920.030109	0.000000
36.000000	-8659.915168	-27652.281839	-34036.632959	-33345.405262	-39118.167951	3111.228718	-21273.518655	14474.743840	-19637.438016	-28497.513056	-33114.891722	-2130.478875	-42273.139032	-21662.617822	-3429.584614	14051.848835	-0.017880	0.958601	-0.209956	192.000000	0.000000	0.000000	0.000000	0.000000	0.000000	0.000000	0.000000	0.000000	0.000000	1741810920.030132	0.000000
38.000000	-8676.589570	-27665.022333	-34036.454145	-33360.760911	-39123.778239	3108.032418	-21287.421440	14442.803197	-19649.217385	-28504.509152	-33127.252236	-2142.280596	-42277.698788	-21671.267947	-3382.645951	14066.153951	-0.015940	0.960300	-0.207978	192.000000	127.500000	72.000000	15.000000	8.000000	124.500000	72.000000	0.000000	0.000000	0.000000	1741810920.030155	0.000000
40.000000	-8675.270817	-27662.317772	-34038.018768	-33356.156451	-39123.219445	3106.624258	-21277.072582	14473.827419	-19639.293210	-28500.932872	-33120.949044	-2140.872436	-42271.239134	-21669.949194	-3427.394143	14057.168550	-0.015940	0.960300	-0.207978	192.000000	0.000000	0.000000	0.000000	0.000000	0.000000	0.000000	0.000000	0.000000	0.000000	1741810920.030179	0.000000
42.000000	-8682.468078	-27666.743418	-34044.813698	-33371.020361	-39130.662576	3098.957610	-21292.227065	14444.367819	-19650.022048	-28515.237989	-33132.460193	-2148.069697	-42290.662800	-21678.018174	-3364.965721	14072.323033	-0.015940	0.960300	-0.207978	192.000000	0.000000	0.000000	0.000000	0.000000	0.000000	0.000000	0.000000	0.000000	0.000000	1741810920.090341	0.000000
44.000000	-8674.510857	-27658.428569	-34048.121756	-33368.472262	-39130.126134	3097.996485	-21276.133809	14469.379421	-19640.209632	-28513.002814	-33130.247370	-2153.300006	-42288.628791	-21681.460343	-3420.219233	14050.708896	-0.015940	0.960300	-0.207978	192.000000	0.000000	0.000000	0.000000	0.000000	0.000000	0.000000	0.000000	0.000000	0.000000	1741810920.090381	0.000000
46.000000	-8669.571122	-27657.847423	-34046.803003	-33377.725885	-39132.249550	3099.292886	-21282.280538	14450.536901	-19646.021086	-28526.413861	-33134.136574	-2159.200866	-42297.569489	-21696.391308	-3355.063898	14071.965405	-0.015940	0.960300	-0.207978	192.000000	0.000000	0.000000	0.000000	0.000000	0.000000	0.000000	0.000000	0.000000	0.000000	1741810920.090410	0.000000
48.000000	-8655.489523	-27626.487926	-34034.867172	-33361.856146	-39120.000794	3109.015895	-21258.833558	14476.196703	-19622.350588	-28510.901750	-33118.155076	-2159.625549	-42279.308114	-21685.550712	-3418.632259	14056.609757	-0.013970	0.958150	-0.208989	192.000000	127.500000	80.000000	14.500000	112.000000	124.500000	56.000000	0.000000	0.000000	0.000000	1741810920.090439	0.000000
50.000000	-8642.212587	-27611.981644	-34024.607721	-33357.385797	-39118.547931	3114.223851	-21276.089105	14476.822552	-19600.222361	-28492.863893	-33106.018079	-2133.853988	-42274.726006	-21674.419543	-3346.614939	14085.130582	-0.013970	0.958150	-0.208989	192.000000	0.000000	0.000000	0.000000	0.000000	0.000000	0.000000	0.000000	0.000000	0.000000	1741810920.090469	0.000000
52.000000	-8617.625668	-27585.763047	-34010.570825	-33334.050576	-39109.204901	3131.837026	-21267.729553	14481.091735	-19575.970718	-28465.706523	-33085.610936	-2124.868587	-42258.968027	-21656.269927	-3422.074428	14061.348326	-0.013970	0.958150	-0.208989	192.000000	0.000000	0.000000	0.000000	0.000000	0.000000	0.000000	0.000000	0.000000	0.000000	1741810920.090524	0.000000
54.000000	-8633.942441	-27597.453010	-34022.886637	-33355.105919	-39118.704393	3114.737942	-21272.244605	14485.405622	-19573.310861	-28465.550061	-33081.833492	-2103.656781	-42262.209029	-21653.453607	-3360.227151	14101.693225	-0.013970	0.958150	-0.208989	192.000000	0.000000	0.000000	0.000000	0.000000	0.000000	0.000000	0.000000	0.000000	0.000000	1741810920.090556	0.000000
56.000000	-8642.726677	-27603.018594	-34030.530933	-33358.995123	-39118.592634	3098.085892	-21267.886015	14469.781753	-19594.947349	-28484.504340	-33102.218282	-2138.927834	-42278.637562	-21677.705250	-3413.983096	14061.325975	-0.013970	0.958150	-0.208989	192.000000	0.000000	0.000000	0.000000	0.000000	0.000000	0.000000	0.000000	0.000000	0.000000	1741810920.090584	0.000000
58.000000	-8642.749029	-27596.313071	-34032.296721	-33360.537393	-39123.800590	3090.620409	-21280.000660	14470.899340	-19582.340966	-28486.694811	-33102.352393	-2119.325354	-42281.140957	-21671.089133	-3355.801506	14076.614568	-0.012985	0.961075	-0.213494	192.000000	127.500000	80.000000	15.000000	16.000000	124.500000	24.000000	0.000000	0.000000	0.000000	1741810920.150162	0.000000
60.000000	-8624.174729	-27575.570652	-34022.640767	-33342.566591	-39113.742305	3102.668000	-21267.707201	14457.622404	-19575.680146	-28470.713314	-33094.059896	-2129.718915	-42269.719216	-21669.658622	-3412.016143	14048.764294	-0.012985	0.961075	-0.213494	192.000000	0.000000	0.000000	0.000000	0.000000	0.000000	0.000000	0.000000	0.000000	0.000000	1741810920.150196	0.000000
62.000000	-8626.164034	-27577.224681	-34022.216084	-33344.108861	-39116.871550	3103.584421	-21267.774256	14486.500858	-19566.828855	-28466.578241	-33090.215396	-2109.624697	-42276.715312	-21670.440933	-3357.455535	14086.829315	-0.012985	0.961075	-0.213494	192.000000	0.000000	0.000000	0.000000	0.000000	0.000000	0.000000	0.000000	0.000000	0.000000	1741810920.150219	0.000000
64.000000	-8627.415732	-27576.487073	-34028.832201	-33348.623913	-39124.247625	3098.577630	-21270.434114	14470.608767	-19558.916337	-28457.905764	-33086.572061	-2122.432246	-42267.282875	-21662.371953	-3410.228003	14061.773010	-0.012985	0.961075	-0.213494	192.000000	0.000000	0.000000	0.000000	0.000000	0.000000	0.000000	0.000000	0.000000	0.000000	1741810920.150266	0.000000
66.000000	-8621.626630	-27558.583326	-34017.477514	-33343.862992	-39117.385640	3104.567898	-21270.903500	14488.065480	-19555.451817	-28469.081637	-33083.196948	-2104.081464	-42275.307152	-21667.512854	-3376.678035	14075.295815	-0.012985	0.961075	-0.213494	192.000000	0.000000	0.000000	0.000000	0.000000	0.000000	0.000000	0.000000	0.000000	0.000000	1741810920.150288	0.000000
68.000000	-8611.903621	-27556.012876	-34014.147105	-33343.013626	-39112.043573	3108.255936	-21268.735381	14461.444552	-19548.142797	-28461.459692	-33078.570137	-2117.939546	-42275.575373	-21663.757761	-3410.987963	14054.821617	-0.013492	0.964538	-0.213747	192.000000	127.500000	72.000000	15.000000	32.000000	124.500000	40.000000	0.000000	0.000000	0.000000	1741810920.150311	0.000000
70.000000	-8613.557650	-27556.124634	-34014.884712	-33344.153564	-39111.283614	3104.053808	-21265.628489	14500.671864	-19538.620953	-28458.576317	-33073.719808	-2094.246697	-42265.494736	-21660.382648	-3384.478794	14080.593178	-0.013492	0.964538	-0.213747	192.000000	0.000000	0.000000	0.000000	0.000000	0.000000	0.000000	0.000000	0.000000	0.000000	1741810920.150337	0.000000
72.000000	-8609.735502	-27555.387027	-34016.002299	-33346.634608	-39113.295271	3103.472662	-21273.317489	14479.974148	-19545.080608	-28456.296439	-33078.033695	-2110.921098	-42268.221649	-21669.546863	-3396.124053	14059.046097	-0.013492	0.964538	-0.213747	192.000000	0.000000	0.000000	0.000000	0.000000	0.000000	0.000000	0.000000	0.000000	0.000000	1741810920.210443	0.000000
74.000000	-8596.413862	-27528.274361	-34004.401744	-33329.401413	-39103.795779	3112.547471	-21256.128997	14513.144137	-19525.433424	-28453.770692	-33063.348599	-2086.065958	-42265.494736	-21656.336982	-3389.239715	14071.317204	-0.013492	0.964538	-0.213747	192.000000	0.000000	0.000000	0.000000	0.000000	0.000000	0.000000	0.000000	0.000000	0.000000	1741810920.210499	0.000000
76.000000	-8597.553801	-27538.869088	-34007.441581	-33335.548143	-39109.473122	3106.221927	-21274.211559	14480.309424	-19520.806613	-28448.629790	-33058.095939	-2094.984304	-42261.672588	-21663.310726	-3382.265971	14068.187960	-0.013492	0.964538	-0.213747	192.000000	0.000000	0.000000	0.000000	0.000000	0.000000	0.000000	0.000000	0.000000	0.000000	1741810920.210527	0.000000
78.000000	-8587.450813	-27528.676692	-34005.184055	-33331.010739	-39104.935718	3105.618430	-21261.113436	14519.402625	-19516.023340	-28449.143881	-33054.184384	-2085.127185	-42256.688149	-21655.331153	-3389.463233	14078.089783	-0.013746	0.964269	-0.212874	192.000000	127.500000	72.000000	15.000000	16.000000	124.500000	48.000000	0.000000	0.000000	0.000000	1741810920.210551	0.000000
80.000000	-8584.947417	-27526.530925	-33992.331802	-33330.876628	-39101.851177	3104.411436	-21272.624585	14478.610692	-19518.794956	-28443.824165	-33051.658637	-2098.582935	-42258.900971	-21659.980316	-3374.107584	14065.885730	-0.013746	0.964269	-0.212874	192.000000	0.000000	0.000000	0.000000	0.000000	0.000000	0.000000	0.000000	0.000000	0.000000	1741810920.210575	0.000000
82.000000	-8582.689891	-27529.190782	-33997.360944	-33331.994215	-39107.841445	3088.720511	-21268.087181	14510.841907	-19518.258514	-28441.588991	-33047.881192	-2081.439147	-42250.273198	-21653.654772	-3390.983151	14070.266672	-0.013746	0.964269	-0.212874	192.000000	0.000000	0.000000	0.000000	0.000000	0.000000	0.000000	0.000000	0.000000	0.000000	1741810920.210598	0.000000
84.000000	-8587.115537	-27522.909942	-33989.671944	-33326.138058	-39108.623756	3098.532927	-21277.340803	14459.589357	-19505.585075	-28443.533593	-33048.305875	-2090.156328	-42254.207105	-21657.543976	-3355.265064	14065.595158	-0.013746	0.964269	-0.212874	192.000000	0.000000	0.000000	0.000000	0.000000	0.000000	0.000000	0.000000	0.000000	0.000000	1741810920.210621	0.000000
86.000000	-8575.559685	-27511.130573	-33994.812846	-33317.554989	-39111.820055	3092.341494	-21276.938471	14486.500858	-19504.243970	-28439.219706	-33043.746119	-2078.913400	-42257.448108	-21652.492482	-3388.278590	14065.215178	-0.013746	0.964269	-0.212874	192.000000	0.000000	0.000000	0.000000	0.000000	0.000000	0.000000	0.000000	0.000000	0.000000	1741810920.210651	0.000000
88.000000	-8581.080566	-27505.497933	-33991.325973	-33316.504457	-39108.824922	3097.638857	-21284.694527	14452.794427	-19493.850409	-28427.574447	-33039.923971	-2078.444013	-42247.769803	-21650.972563	-3353.700442	14069.864341	-0.012873	0.963134	-0.210437	192.000000	127.500000	80.000000	15.000000	8.000000	124.500000	64.000000	0.000000	0.000000	0.000000	1741810920.270746	0.000000
90.000000	-8590.356540	-27518.104317	-34007.821561	-33321.243026	-39116.983308	3083.646665	-21284.582768	14487.819611	-19499.930084	-28429.742566	-33044.416671	-2073.504278	-42254.430622	-21652.715999	-3399.588573	14062.152989	-0.012873	0.963134	-0.210437	192.000000	0.000000	0.000000	0.000000	0.000000	0.000000	0.000000	0.000000	0.000000	0.000000	1741810920.270780	0.000000
92.000000	-8590.892981	-27518.305483	-34000.646651	-33328.015605	-39112.803532	3088.586401	-21293.434059	14458.047087	-19514.257552	-28444.226497	-33063.125081	-2092.257391	-42267.372282	-21665.232976	-3348.291319	14065.326937	-0.012873	0.963134	-0.210437	192.000000	0.000000	0.000000	0.000000	0.000000	0.000000	0.000000	0.000000	0.000000	0.000000	1741810920.270804	0.000000
94.000000	-8594.782185	-27524.809840	-34008.961500	-33327.367404	-39115.083410	3089.078139	-21278.301928	14488.266645	-19511.597694	-28435.710482	-33056.084282	-2091.788005	-42268.378111	-21650.525528	-3412.530233	14052.899367	-0.012873	0.963134	-0.210437	192.000000	0.000000	0.000000	0.000000	0.000000	0.000000	0.000000	0.000000	0.000000	0.000000	1741810920.270843	0.000000
96.000000	-8585.483859	-27515.511515	-34003.194750	-33331.614236	-39110.098971	3094.308447	-21284.471009	14471.301671	-19512.469412	-28438.325636	-33065.472015	-2089.731644	-42263.639541	-21659.868557	-3351.755840	14069.819638	-0.012873	0.963134	-0.210437	192.000000	0.000000	0.000000	0.000000	0.000000	0.000000	0.000000	0.000000	0.000000	0.000000	1741810920.270871	0.000000
98.000000	-8576.006720	-27501.005232	-34003.865302	-33318.627872	-39105.740381	3103.249145	-21275.284442	14495.195686	-19494.297444	-28428.624979	-33054.005570	-2088.770519	-42257.381053	-21652.805406	-3421.381524	14054.866320	-0.012437	0.963567	-0.211218	192.000000	127.500000	80.000000	15.000000	16.000000	124.500000	48.000000	0.000000	0.000000	0.000000	1741810920.270898	0.000000
100.000000	-8580.477068	-27503.978014	-34005.452276	-33326.808611	-39107.752038	3108.278287	-21294.551646	14480.376480	-19501.092374	-28431.597761	-33061.806329	-2081.908534	-42262.566657	-21656.269927	-3354.147476	14078.313300	-0.012437	0.963567	-0.211218	192.000000	0.000000	0.000000	0.000000	0.000000	0.000000	0.000000	0.000000	0.000000	0.000000	1741810920.270923	0.000000
102.000000	-8577.727804	-27506.526113	-34007.463933	-33320.572474	-39106.634451	3109.909965	-21290.282463	14486.880837	-19503.819287	-28421.941808	-33057.157166	-2090.737473	-42251.748413	-21644.356447	-3418.967535	14058.397896	-0.012437	0.963567	-0.211218	192.000000	0.000000	0.000000	0.000000	0.000000	0.000000	0.000000	0.000000	0.000000	0.000000	1741810920.330371	0.000000
104.000000	-8572.676310	-27505.989671	-34005.429924	-33326.518038	-39108.444942	3112.413360	-21299.670196	14494.458079	-19494.453906	-28428.043834	-33054.430253	-2074.577162	-42253.022462	-21653.699476	-3357.254369	14085.063527	-0.012437	0.963567	-0.211218	192.000000	0.000000	0.000000	0.000000	0.000000	0.000000	0.000000	0.000000	0.000000	0.000000	1741810920.330417	0.000000
106.000000	-8566.887208	-27507.353128	-34011.889578	-33324.081698	-39111.820055	3111.362828	-21304.744042	14494.636893	-19493.112802	-28424.065223	-33053.737349	-2085.685979	-42253.469497	-21647.642153	-3410.540928	14063.002355	-0.012437	0.963567	-0.211218	192.000000	0.000000	0.000000	0.000000	0.000000	0.000000	0.000000	0.000000	0.000000	0.000000	1741810920.330486	0.000000
108.000000	-8578.532467	-27513.499858	-34014.460029	-33327.255646	-39119.285538	3111.251069	-21318.132736	14491.172372	-19504.691005	-28439.130299	-33066.969581	-2078.354606	-42256.107003	-21657.588680	-3347.173732	14083.968292	-0.012218	0.963784	-0.212609	192.000000	127.500000	80.000000	15.000000	16.000000	124.500000	40.000000	0.000000	0.000000	0.000000	1741810920.330519	0.000000
110.000000	-8565.769621	-27495.573759	-34006.189883	-33313.174047	-39112.222387	3119.364753	-21311.583675	14470.027622	-19492.174028	-28420.265427	-33053.983218	-2085.305999	-42244.819372	-21646.077531	-3406.159986	14056.252129	-0.012218	0.963784	-0.212609	192.000000	0.000000	0.000000	0.000000	0.000000	0.000000	0.000000	0.000000	0.000000	0.000000	1741810920.330555	0.000000
112.000000	-8564.204999	-27504.179180	-34011.196674	-33319.074907	-39114.882244	3114.246203	-21314.154126	14491.798221	-19487.211941	-28418.633749	-33050.473994	-2056.449897	-42247.322768	-21642.970639	-3350.325328	14093.065452	-0.012218	0.963784	-0.212609	192.000000	0.000000	0.000000	0.000000	0.000000	0.000000	0.000000	0.000000	0.000000	0.000000	1741810920.330587	0.000000
114.000000	-8557.745344	-27499.820590	-33999.327898	-33311.475314	-39102.968765	3123.768046	-21313.595332	14464.350279	-19486.541389	-28411.302377	-33050.876325	-2073.683092	-42239.119677	-21641.785996	-3394.693541	14064.835199	-0.012218	0.963784	-0.212609	192.000000	0.000000	0.000000	0.000000	0.000000	0.000000	0.000000	0.000000	0.000000	0.000000	1741810920.330620	0.000000
116.000000	-8549.274033	-27491.729259	-33993.069409	-33307.407297	-39095.525634	3130.987660	-21309.370853	14496.156811	-19475.521979	-28415.325691	-33038.180535	-2044.469362	-42233.889369	-21631.727711	-3363.624616	14095.568847	-0.012218	0.963784	-0.212609	192.000000	0.000000	0.000000	0.000000	0.000000	0.000000	0.000000	0.000000	0.000000	0.000000	1741810920.330667	0.000000
118.000000	-8554.414934	-27491.818665	-33992.756485	-33307.094372	-39090.407084	3134.966270	-21307.023919	14471.458134	-19479.679403	-28406.362642	-33039.409881	-2062.641330	-42234.001128	-21629.000798	-3394.984114	14080.771992	-0.014000	0.964000	-0.206000	192.000000	127.500000	72.000000	15.000000	16.000000	124.500000	72.000000	0.000000	0.000000	0.000000	1741810920.390711	0.000000
120.000000	-8565.590807	-27506.280244	-34013.163628	-33326.942721	-39104.421628	3115.296735	-21315.204658	14499.375462	-19485.915540	-28418.164363	-33050.541049	-2054.393536	-42240.572541	-21634.365217	-3369.301959	14097.602856	-0.014000	0.964000	-0.206000	192.000000	0.000000	0.000000	0.000000	0.000000	0.000000	0.000000	0.000000	0.000000	0.000000	1741810920.390786	0.000000
122.000000	-8549.251681	-27498.591244	-34001.451314	-33321.287730	-39090.563546	3131.635860	-21313.528277	14453.554386	-19484.730898	-28418.879619	-33050.943381	-2078.019330	-42237.666814	-21645.161110	-3385.551677	14064.298757	-0.014000	0.964000	-0.206000	192.000000	0.000000	0.000000	0.000000	0.000000	0.000000	0.000000	0.000000	0.000000	0.000000	1741810920.390820	0.000000
124.000000	-8560.092278	-27499.597073	-34012.940110	-33327.680329	-39098.364305	3121.398761	-21314.444699	14493.496954	-19479.120610	-28418.030252	-33048.462337	-2056.405193	-42236.392765	-21639.215546	-3374.956951	14087.365757	-0.014000	0.964000	-0.206000	192.000000	0.000000	0.000000	0.000000	0.000000	0.000000	0.000000	0.000000	0.000000	0.000000	1741810920.390853	0.000000
126.000000	-8565.590807	-27506.861390	-34013.230683	-33335.525791	-39104.935718	3118.180110	-21331.968466	14453.107351	-19480.662880	-28424.221685	-33053.379721	-2080.030987	-42241.734832	-21649.005610	-3373.079404	14069.730231	-0.014000	0.964000	-0.206000	192.000000	0.000000	0.000000	0.000000	0.000000	0.000000	0.000000	0.000000	0.000000	0.000000	1741810920.390886	0.000000
128.000000	-8555.778391	-27506.570817	-34005.362869	-33323.858181	-39095.682096	3124.080971	-21313.662388	14483.259855	-19484.865008	-28434.794061	-33056.240744	-2077.773461	-42243.634730	-21653.498310	-3384.478794	14074.111172	-0.010000	0.964000	-0.204000	192.000000	127.500000	88.000000	15.000000	16.000000	124.500000	80.000000	0.000000	0.000000	0.000000	1741810920.390933	0.000000
130.000000	-8555.890150	-27500.178218	-33999.126732	-33323.858181	-39094.631564	3128.976003	-21319.742062	14451.229805	-19483.836828	-28421.539476	-33050.876325	-2077.840516	-42230.290738	-21639.751987	-3368.609055	14071.361908	-0.010000	0.964000	-0.204000	192.000000	0.000000	0.000000	0.000000	0.000000	0.000000	0.000000	0.000000	0.000000	0.000000	1741810920.390969	0.000000
132.000000	-8547.821170	-27504.313291	-34001.294851	-33322.315910	-39099.303079	3119.342401	-21311.471917	14490.904151	-19477.220711	-28419.818392	-33044.461375	-2060.808487	-42231.542436	-21639.304953	-3379.516706	14079.609702	-0.010000	0.964000	-0.204000	192.000000	0.000000	0.000000	0.000000	0.000000	0.000000	0.000000	0.000000	0.000000	0.000000	1741810920.450948	0.000000
134.000000	-8552.291519	-27499.842942	-33991.840064	-33320.259550	-39098.453712	3123.209253	-21321.261981	14448.905223	-19483.613310	-28421.785345	-33050.406939	-2078.175792	-42234.135238	-21648.424464	-3336.064915	14074.155876	-0.010000	0.964000	-0.204000	192.000000	0.000000	0.000000	0.000000	0.000000	0.000000	0.000000	0.000000	0.000000	0.000000	1741810920.450995	0.000000
136.000000	-8545.518940	-27496.490180	-33995.975136	-33310.536541	-39095.570337	3127.076105	-21304.811097	14490.233599	-19472.191569	-28413.291682	-33039.119308	-2055.980510	-42222.780552	-21631.750063	-3381.282494	14075.184056	-0.010000	0.964000	-0.204000	192.000000	0.000000	0.000000	0.000000	0.000000	0.000000	0.000000	0.000000	0.000000	0.000000	1741810920.451033	0.000000
138.000000	-8561.567493	-27502.838075	-33997.718572	-33318.136134	-39100.174797	3123.075142	-21322.334864	14459.812875	-19486.228464	-28422.813526	-33057.537145	-2070.263275	-42242.293625	-21643.149453	-3322.519758	14085.376452	-0.012000	0.966000	-0.208000	192.000000	127.500000	80.000000	15.000000	24.000000	124.500000	64.000000	0.000000	0.000000	0.000000	1741810920.451100	0.000000
140.000000	-8558.371193	-27506.593169	-34002.144218	-33314.179875	-39100.755942	3117.688372	-21308.208562	14483.684538	-19481.221674	-28420.041909	-33049.825793	-2066.910513	-42239.410250	-21637.919144	-3362.439974	14075.586388	-0.012000	0.966000	-0.208000	192.000000	0.000000	0.000000	0.000000	0.000000	0.000000	0.000000	0.000000	0.000000	0.000000	1741810920.451136	0.000000
142.000000	-8556.068964	-27492.355107	-33995.528101	-33315.632739	-39098.386657	3126.316145	-21309.639074	14455.074305	-19489.558874	-28420.667758	-33051.993913	-2070.710310	-42237.711518	-21635.371046	-3306.784130	14092.752527	-0.012000	0.966000	-0.208000	192.000000	0.000000	0.000000	0.000000	0.000000	0.000000	0.000000	0.000000	0.000000	0.000000	1741810920.451176	0.000000
144.000000	-8552.515036	-27497.965395	-33994.522273	-33311.788239	-39097.671401	3125.042096	-21288.002585	14473.156866	-19470.112857	-28410.363604	-33040.460413	-2065.211781	-42232.816486	-21631.750063	-3371.961817	14078.358004	-0.012000	0.966000	-0.208000	192.000000	0.000000	0.000000	0.000000	0.000000	0.000000	0.000000	0.000000	0.000000	0.000000	1741810920.451210	0.000000
146.000000	-8550.548083	-27491.818665	-33986.050962	-33319.387832	-39092.128169	3128.953651	-21292.204713	14449.799293	-19483.255682	-28419.997206	-33048.663503	-2066.351720	-42238.292663	-21638.455586	-3314.003743	14094.115984	-0.012000	0.966000	-0.208000	192.000000	0.000000	0.000000	0.000000	0.000000	0.000000	0.000000	0.000000	0.000000	0.000000	1741810920.451244	0.000000
148.000000	-8542.389696	-27482.229767	-33979.747770	-33306.669689	-39081.511090	3134.876863	-21272.803399	14468.999442	-19468.749400	-28404.105115	-33031.787936	-2060.160286	-42223.808732	-21617.534353	-3393.017160	14078.156838	-0.014000	0.966000	-0.212000	192.000000	127.500000	72.000000	15.000000	24.000000	124.500000	48.000000	0.000000	0.000000	0.000000	1741810920.512683	0.000000
150.000000	-8563.512094	-27510.750593	-34000.646651	-33329.893152	-39104.198111	3115.095570	-21296.831524	14469.066497	-19483.859179	-28416.286816	-33046.674198	-2058.305092	-42239.343195	-21637.516813	-3320.664563	14107.482327	-0.014000	0.966000	-0.212000	192.000000	0.000000	0.000000	0.000000	0.000000	0.000000	0.000000	0.000000	0.000000	0.000000	1741810920.512759	0.000000
152.000000	-8542.166178	-27492.690384	-33988.308488	-33313.375212	-39096.978497	3125.958517	-21284.426306	14458.829398	-19484.216807	-28420.623055	-33052.373892	-2078.935752	-42244.528800	-21639.282601	-3383.249448	14063.784667	-0.014000	0.966000	-0.212000	192.000000	0.000000	0.000000	0.000000	0.000000	0.000000	0.000000	0.000000	0.000000	0.000000	1741810920.512793	0.000000
154.000000	-8547.932929	-27484.375535	-33983.793436	-33311.855294	-39095.771503	3127.254918	-21285.543893	14464.149113	-19476.974842	-28410.184790	-33038.493459	-2051.912493	-42232.905892	-21630.990104	-3326.319555	14099.793327	-0.014000	0.966000	-0.212000	192.000000	0.000000	0.000000	0.000000	0.000000	0.000000	0.000000	0.000000	0.000000	0.000000	1741810920.512826	0.000000
156.000000	-8539.036934	-27471.925613	-33977.244374	-33301.528788	-39090.563546	3133.781628	-21272.222253	14467.099543	-19463.407333	-28398.919511	-33029.910389	-2056.248731	-42220.143046	-21627.950266	-3390.044378	14083.118925	-0.014000	0.966000	-0.212000	192.000000	0.000000	0.000000	0.000000	0.000000	0.000000	0.000000	0.000000	0.000000	0.000000	1741810920.512859	0.000000
158.000000	-8552.827961	-27497.473657	-33992.622375	-33319.611349	-39102.097047	3119.677677	-21287.287329	14487.618445	-19479.567645	-28413.045813	-33043.880229	-2050.146705	-42231.274215	-21642.121272	-3328.554729	14107.571734	-0.012000	0.964000	-0.212000	192.000000	127.500000	80.000000	15.000000	16.000000	124.500000	48.000000	0.000000	0.000000	0.000000	1741810920.512892	0.000000
160.000000	-8546.435362	-27503.888607	-33992.711782	-33317.443230	-39101.292384	3123.566881	-21288.181399	14471.726355	-19488.284825	-28422.701767	-33047.590619	-2079.673359	-42231.073049	-21644.758778	-3379.784927	14072.948882	-0.012000	0.964000	-0.212000	192.000000	0.000000	0.000000	0.000000	0.000000	0.000000	0.000000	0.000000	0.000000	0.000000	1741810920.512939	0.000000
162.000000	-8559.600539	-27511.823477	-34001.630128	-33318.806686	-39105.628622	3121.935203	-21284.850989	14489.875971	-19495.817363	-28429.384938	-33061.091073	-2068.519839	-42239.097326	-21640.802519	-3333.248595	14111.975028	-0.012000	0.964000	-0.212000	192.000000	0.000000	0.000000	0.000000	0.000000	0.000000	0.000000	0.000000	0.000000	0.000000	1741810920.572280	0.000000
164.000000	-8556.426591	-27499.775887	-33991.370677	-33306.356765	-39093.737494	3136.709706	-21280.604158	14463.813837	-19488.888322	-28418.030252	-33053.491480	-2077.125260	-42235.208122	-21633.560554	-3381.304846	14104.017807	-0.012000	0.964000	-0.212000	192.000000	0.000000	0.000000	0.000000	0.000000	0.000000	0.000000	0.000000	0.000000	0.000000	1741810920.572353	0.000000
166.000000	-8559.868760	-27501.184046	-34000.467837	-33313.419916	-39100.398314	3131.993488	-21280.671213	14495.061576	-19485.893188	-28419.214895	-33053.089148	-2058.327443	-42235.185770	-21628.933743	-3337.629537	14147.559005	-0.012000	0.964000	-0.212000	192.000000	0.000000	0.000000	0.000000	0.000000	0.000000	0.000000	0.000000	0.000000	0.000000	1741810920.572387	0.000000
168.000000	-8553.073830	-27493.584453	-33996.019840	-33309.642471	-39095.950317	3142.968195	-21275.284442	14463.769134	-19488.508342	-28412.196447	-33053.983218	-2077.974627	-42235.386936	-21630.923048	-3358.416660	14127.598897	-0.012000	0.964000	-0.208000	192.000000	127.500000	80.000000	15.000000	16.000000	124.500000	64.000000	0.000000	0.000000	0.000000	1741810920.572420	0.000000
170.000000	-8564.741440	-27508.783640	-34008.313299	-33324.662843	-39104.555739	3134.206311	-21270.769390	14495.598018	-19494.051575	-28423.640540	-33060.509927	-2064.295359	-42245.199352	-21637.427406	-3339.127104	14154.845673	-0.012000	0.964000	-0.208000	192.000000	0.000000	0.000000	0.000000	0.000000	0.000000	0.000000	0.000000	0.000000	0.000000	1741810920.572456	0.000000
172.000000	-8551.419801	-27497.138381	-33999.573767	-33319.633701	-39094.631564	3141.895311	-21271.149370	14453.017944	-19495.772659	-28412.397613	-33061.828680	-2077.482888	-42242.561846	-21635.683970	-3355.600340	14133.857385	-0.012000	0.964000	-0.208000	192.000000	0.000000	0.000000	0.000000	0.000000	0.000000	0.000000	0.000000	0.000000	0.000000	1741810920.572502	0.000000
174.000000	-8553.096182	-27498.971224	-34005.876959	-33324.819306	-39098.029029	3133.692221	-21266.299041	14496.000349	-19484.395621	-28413.045813	-33054.653770	-2053.544170	-42239.320843	-21624.843374	-3357.656700	14150.867063	-0.012000	0.964000	-0.208000	192.000000	0.000000	0.000000	0.000000	0.000000	0.000000	0.000000	0.000000	0.000000	0.000000	1741810920.572536	0.000000
176.000000	-8552.358574	-27498.881817	-33998.702049	-33324.931064	-39092.843424	3136.597948	-21275.373849	14451.609785	-19486.720203	-28414.342214	-33057.648904	-2077.013502	-42239.834933	-21632.778243	-3354.549808	14132.181005	-0.012000	0.964000	-0.208000	192.000000	0.000000	0.000000	0.000000	0.000000	0.000000	0.000000	0.000000	0.000000	0.000000	1741810920.572569	0.000000
178.000000	-8542.523806	-27504.380346	-33999.976099	-33324.618140	-39092.306983	3131.211177	-21259.638221	14492.245256	-19483.345089	-28419.550171	-33049.512869	-2060.897894	-42227.049735	-21631.034807	-3369.234904	14140.652316	-0.012000	0.962000	-0.208000	192.000000	127.500000	80.000000	15.000000	8.000000	124.500000	64.000000	0.000000	0.000000	0.000000	1741810920.632624	0.000000
180.000000	-8556.873626	-27520.518305	-34000.266671	-33339.884381	-39098.386657	3119.789436	-21273.764524	14456.996555	-19496.331453	-28431.240133	-33052.843279	-2076.454708	-42236.526875	-21644.848185	-3340.110581	14139.177101	-0.012000	0.962000	-0.208000	192.000000	0.000000	0.000000	0.000000	0.000000	0.000000	0.000000	0.000000	0.000000	0.000000	1741810920.632672	0.000000
182.000000	-8545.720106	-27516.405584	-33997.182130	-33333.469431	-39095.905613	3116.995468	-21265.092047	14485.942064	-19498.074889	-28435.218744	-33049.468166	-2070.442089	-42237.353890	-21649.877328	-3373.615846	14132.784502	-0.012000	0.962000	-0.208000	192.000000	0.000000	0.000000	0.000000	0.000000	0.000000	0.000000	0.000000	0.000000	0.000000	1741810920.632743	0.000000
184.000000	-8554.683155	-27525.145116	-34004.066468	-33347.081643	-39109.897805	3107.384218	-21294.775164	14456.907148	-19501.852334	-28442.572468	-33053.513831	-2083.227287	-42237.845628	-21654.682953	-3331.013421	14135.310249	-0.012000	0.962000	-0.208000	192.000000	0.000000	0.000000	0.000000	0.000000	0.000000	0.000000	0.000000	0.000000	0.000000	1741810920.632782	0.000000
186.000000	-8559.555836	-27529.749576	-34009.229721	-33345.159393	-39110.501303	3100.857508	-21288.695489	14476.934311	-19514.615180	-28457.883413	-33065.986105	-2091.273915	-42248.730928	-21672.139665	-3359.556599	14121.049836	-0.012000	0.962000	-0.208000	192.000000	0.000000	0.000000	0.000000	0.000000	0.000000	0.000000	0.000000	0.000000	0.000000	1741810920.632815	0.000000
188.000000	-8557.924158	-27530.040149	-34000.579596	-33336.956303	-39105.382753	3112.592174	-21289.701318	14445.418351	-19508.937837	-28448.696846	-33060.621686	-2085.462461	-42239.991395	-21661.008496	-3318.295278	14132.024542	-0.014000	0.970000	-0.206000	192.000000	127.500000	72.000000	15.000000	40.000000	124.500000	72.000000	0.000000	0.000000	0.000000	1741810920.632848	0.000000
190.000000	-8551.419801	-27518.506648	-33997.562110	-33321.019509	-39099.928927	3118.247165	-21275.731477	14477.649567	-19498.790145	-28432.134203	-33055.234916	-2078.779290	-42231.028346	-21645.518737	-3373.034701	14130.370513	-0.014000	0.970000	-0.206000	192.000000	0.000000	0.000000	0.000000	0.000000	0.000000	0.000000	0.000000	0.000000	0.000000	1741810920.632883	0.000000
192.000000	-8561.723955	-27531.269494	-34006.592215	-33333.782355	-39109.920157	3113.106264	-21287.399088	14457.912976	-19515.263380	-28443.019503	-33065.114387	-2082.288513	-42240.125506	-21654.571194	-3308.125235	14152.588147	-0.014000	0.970000	-0.206000	192.000000	0.000000	0.000000	0.000000	0.000000	0.000000	0.000000	0.000000	0.000000	0.000000	1741810920.691247	0.000000
194.000000	-8554.325527	-27522.887590	-34003.775895	-33327.277997	-39103.684020	3115.252032	-21268.757733	14472.978052	-19511.552991	-28445.701712	-33069.003590	-2090.469252	-42242.159515	-21652.425427	-3366.753860	14128.649429	-0.014000	0.970000	-0.206000	192.000000	0.000000	0.000000	0.000000	0.000000	0.000000	0.000000	0.000000	0.000000	0.000000	1741810920.691325	0.000000
196.000000	-8561.209865	-27532.811765	-34001.563072	-33339.213829	-39104.354573	3120.147064	-21278.123114	14467.993613	-19506.456793	-28447.109872	-33064.823814	-2087.876450	-42239.790230	-21654.437084	-3303.945458	14146.977859	-0.014000	0.970000	-0.206000	192.000000	0.000000	0.000000	0.000000	0.000000	0.000000	0.000000	0.000000	0.000000	0.000000	1741810920.691359	0.000000
198.000000	-8548.111743	-27523.513439	-33990.051924	-33328.842620	-39091.591727	3120.504692	-21256.732494	14474.296805	-19506.322683	-28448.607439	-33062.521584	-2097.532403	-42233.285872	-21657.655735	-3370.441898	14119.239345	-0.014000	0.966000	-0.208000	192.000000	127.500000	72.000000	15.000000	24.000000	124.500000	64.000000	0.000000	0.000000	0.000000	1741810920.691392	0.000000
200.000000	-8548.379963	-27514.125706	-33989.023744	-33336.889248	-39093.446922	3112.726285	-21266.544910	14478.163657	-19500.041842	-28445.902878	-33057.224221	-2080.478022	-42232.280044	-21655.174691	-3307.186461	14147.447246	-0.014000	0.966000	-0.208000	192.000000	0.000000	0.000000	0.000000	0.000000	0.000000	0.000000	0.000000	0.000000	0.000000	1741810920.691427	0.000000
202.000000	-8549.519902	-27521.367672	-33995.036363	-33333.558838	-39100.286555	3103.316200	-21264.242681	14486.009119	-19492.375194	-28443.868869	-33052.373892	-2091.206859	-42223.607567	-21656.784017	-3368.966683	14117.920592	-0.014000	0.966000	-0.208000	192.000000	0.000000	0.000000	0.000000	0.000000	0.000000	0.000000	0.000000	0.000000	0.000000	1741810920.691460	0.000000
204.000000	-8560.963996	-27532.387082	-33997.651517	-33344.086509	-39109.227253	3097.974133	-21277.989003	14484.489201	-19507.037938	-28458.196337	-33061.046369	-2081.193278	-42238.650291	-21669.010421	-3296.077644	14144.407409	-0.014000	0.966000	-0.208000	192.000000	0.000000	0.000000	0.000000	0.000000	0.000000	0.000000	0.000000	0.000000	0.000000	1741810920.691505	0.000000
206.000000	-8544.155484	-27514.215113	-33985.939203	-33327.099183	-39098.230195	3113.195671	-21261.940451	14467.703041	-19502.142906	-28445.701712	-33053.871459	-2094.201993	-42233.017651	-21663.958927	-3363.602264	14114.567830	-0.014000	0.966000	-0.208000	192.000000	0.000000	0.000000	0.000000	0.000000	0.000000	0.000000	0.000000	0.000000	0.000000	1741810920.691545	0.000000
208.000000	-8550.212806	-27511.555256	-33990.566014	-33328.306178	-39105.762733	3110.021724	-21260.442884	14492.871105	-19490.341185	-28436.112813	-33049.311703	-2066.575237	-42234.068183	-21648.536223	-3316.149511	14155.806798	-0.018000	0.964000	-0.212000	192.000000	127.500000	56.000000	15.000000	16.000000	124.500000	48.000000	0.000000	0.000000	0.000000	1741810920.750992	0.000000
210.000000	-8548.983461	-27505.699099	-33985.022781	-33322.561779	-39105.382753	3118.135407	-21260.241718	14480.152962	-19493.358671	-28437.319808	-33053.670294	-2089.642237	-42236.392765	-21656.225223	-3358.126087	14130.862252	-0.018000	0.964000	-0.212000	192.000000	0.000000	0.000000	0.000000	0.000000	0.000000	0.000000	0.000000	0.000000	0.000000	1741810920.751045	0.000000
212.000000	-8553.297347	-27518.640759	-33997.562110	-33333.245913	-39116.625681	3101.304543	-21268.467160	14506.036282	-19490.564703	-28437.431566	-33045.914238	-2064.362414	-42238.449125	-21645.965772	-3317.691781	14159.003098	-0.018000	0.964000	-0.212000	192.000000	0.000000	0.000000	0.000000	0.000000	0.000000	0.000000	0.000000	0.000000	0.000000	1741810920.751078	0.000000
214.000000	-8557.097144	-27513.253988	-33993.225872	-33325.780431	-39109.517826	3101.081026	-21264.510902	14472.776887	-19500.667691	-28447.266334	-33057.939477	-2090.111624	-42245.355814	-21665.456494	-3362.216456	14128.403560	-0.018000	0.964000	-0.212000	192.000000	0.000000	0.000000	0.000000	0.000000	0.000000	0.000000	0.000000	0.000000	0.000000	1741810920.751111	0.000000
216.000000	-8561.343975	-27507.576645	-33994.231700	-33317.018547	-39104.600442	3110.446407	-21246.853023	14503.756404	-19490.721165	-28435.330502	-33053.424424	-2056.159324	-42242.025404	-21649.206775	-3335.439066	14159.763057	-0.018000	0.964000	-0.212000	192.000000	0.000000	0.000000	0.000000	0.000000	0.000000	0.000000	0.000000	0.000000	0.000000	1741810920.751177	0.000000
218.000000	-8558.147676	-27502.256930	-34001.965404	-33317.622044	-39108.713163	3118.336572	-21257.827730	14473.380384	-19494.878589	-28425.562790	-33061.292238	-2074.286589	-42243.366509	-21644.445854	-3359.601302	14142.596917	-0.018000	0.966000	-0.210000	192.000000	127.500000	56.000000	15.000000	24.000000	124.500000	56.000000	0.000000	0.000000	0.000000	1741810920.751211	0.000000
220.000000	-8576.766679	-27510.303558	-34010.727288	-33322.382965	-39112.490608	3115.386142	-21251.524538	14517.167451	-19488.553046	-28425.965122	-33064.913221	-2060.339100	-42247.590989	-21643.216508	-3348.179561	14157.997269	-0.018000	0.966000	-0.210000	192.000000	0.000000	0.000000	0.000000	0.000000	0.000000	0.000000	0.000000	0.000000	0.000000	1741810920.751246	0.000000
222.000000	-8561.321623	-27500.982881	-34000.624299	-33322.695890	-39107.774390	3123.611584	-21255.972535	14482.969282	-19500.243008	-28430.681340	-33067.461320	-2088.569354	-42256.531686	-21647.083360	-3348.291319	14137.947755	-0.018000	0.966000	-0.210000	192.000000	0.000000	0.000000	0.000000	0.000000	0.000000	0.000000	0.000000	0.000000	0.000000	1741810920.811217	0.000000
224.000000	-8554.481990	-27492.019831	-33997.338593	-33311.028279	-39110.188378	3133.178131	-21247.523576	14521.727207	-19484.105049	-28423.305264	-33054.184384	-2065.189429	-42248.373300	-21633.761720	-3349.878293	14154.197473	-0.018000	0.966000	-0.210000	192.000000	0.000000	0.000000	0.000000	0.000000	0.000000	0.000000	0.000000	0.000000	0.000000	1741810920.811265	0.000000
226.000000	-8559.377022	-27491.796314	-33994.745790	-33313.509323	-39117.877378	3134.966270	-21266.679021	14488.445459	-19480.059383	-28414.208104	-33049.535221	-2067.893990	-42245.087593	-21625.938609	-3337.853055	14152.185816	-0.018000	0.966000	-0.210000	192.000000	0.000000	0.000000	0.000000	0.000000	0.000000	0.000000	0.000000	0.000000	0.000000	1741810920.811331	0.000000
228.000000	-8553.386754	-27495.327889	-33990.990697	-33309.843637	-39106.433285	3130.272404	-21248.350590	14518.039169	-19475.857255	-28411.078860	-33047.747081	-2055.913455	-42242.204218	-21626.922086	-3354.639215	14161.215921	-0.014000	0.968000	-0.206000	192.000000	127.500000	72.000000	15.000000	32.000000	124.500000	72.000000	0.000000	0.000000	0.000000	1741810920.811371	0.000000
230.000000	-8556.895978	-27492.779790	-33991.013049	-33319.745460	-39099.548948	3120.124712	-21257.246585	14477.426049	-19483.054517	-28420.891276	-33053.245610	-2074.890086	-42242.740660	-21635.907487	-3337.294261	14154.756266	-0.014000	0.968000	-0.206000	192.000000	0.000000	0.000000	0.000000	0.000000	0.000000	0.000000	0.000000	0.000000	0.000000	1741810920.811407	0.000000
232.000000	-8560.606368	-27505.609692	-33991.348325	-33323.031166	-39103.482855	3113.977982	-21241.198032	14512.764157	-19484.663842	-28431.374244	-33053.022093	-2073.459574	-42248.060375	-21651.978392	-3369.346663	14148.967165	-0.014000	0.968000	-0.206000	192.000000	0.000000	0.000000	0.000000	0.000000	0.000000	0.000000	0.000000	0.000000	0.000000	1741810920.811440	0.000000
234.000000	-8557.030089	-27484.464942	-33980.306563	-33314.492800	-39097.403180	3127.612546	-21241.019218	14481.449363	-19486.049650	-28430.144898	-33049.222296	-2078.309903	-42244.104116	-21647.619801	-3332.890967	14155.583281	-0.014000	0.968000	-0.206000	192.000000	0.000000	0.000000	0.000000	0.000000	0.000000	0.000000	0.000000	0.000000	0.000000	1741810920.811473	0.000000
236.000000	-8546.837693	-27481.939194	-33975.478587	-33301.171160	-39096.263241	3122.248128	-21220.455613	14521.280172	-19473.733839	-28410.385956	-33034.850125	-2060.361452	-42237.175076	-21632.353560	-3373.302921	14156.164426	-0.014000	0.968000	-0.206000	192.000000	0.000000	0.000000	0.000000	0.000000	0.000000	0.000000	0.000000	0.000000	0.000000	1741810920.811514	0.000000
238.000000	-8549.609309	-27488.398849	-33973.981020	-33316.705622	-39107.841445	3103.495014	-21241.756826	14490.725337	-19478.405354	-28420.086613	-33041.533296	-2062.931903	-42247.635692	-21645.541089	-3314.853110	14158.243139	-0.014000	0.964000	-0.204000	192.000000	127.500000	72.000000	15.000000	16.000000	124.500000	80.000000	0.000000	0.000000	0.000000	1741810920.871519	0.000000
240.000000	-8548.134094	-27481.000421	-33975.053903	-33303.428686	-39106.947375	3101.684523	-21228.077558	14512.227716	-19471.096333	-28407.971967	-33028.792802	-2055.891103	-42232.682375	-21636.645095	-3369.503125	14133.186833	-0.014000	0.964000	-0.204000	192.000000	0.000000	0.000000	0.000000	0.000000	0.000000	0.000000	0.000000	0.000000	0.000000	1741810920.871567	0.000000
242.000000	-8561.366327	-27488.287090	-33979.166624	-33312.883474	-39116.625681	3099.762273	-21248.462349	14486.992596	-19483.769773	-28428.446165	-33043.366139	-2057.634539	-42248.462707	-21653.207738	-3300.547993	14155.069191	-0.014000	0.964000	-0.204000	192.000000	0.000000	0.000000	0.000000	0.000000	0.000000	0.000000	0.000000	0.000000	0.000000	1741810920.871601	0.000000
244.000000	-8548.111743	-27480.598090	-33974.584517	-33303.316927	-39105.047477	3106.467796	-21230.335084	14499.062538	-19462.826188	-28409.089554	-33027.652863	-2052.203065	-42234.001128	-21639.327304	-3379.829631	14132.136301	-0.014000	0.964000	-0.204000	192.000000	0.000000	0.000000	0.000000	0.000000	0.000000	0.000000	0.000000	0.000000	0.000000	1741810920.871634	0.000000
246.000000	-8561.567493	-27491.617500	-33983.122883	-33319.901922	-39108.757866	3103.718532	-21237.577049	14485.830305	-19486.451982	-28424.221685	-33042.337959	-2053.812391	-42249.110907	-21655.889947	-3311.701514	14151.850540	-0.014000	0.964000	-0.204000	192.000000	0.000000	0.000000	0.000000	0.000000	0.000000	0.000000	0.000000	0.000000	0.000000	1741810920.871689	0.000000
248.000000	-8556.046612	-27502.972186	-33988.599061	-33318.203189	-39107.014430	3103.293848	-21224.948314	14499.107242	-19484.172104	-28427.216819	-33044.439023	-2072.409042	-42242.427736	-21650.234956	-3379.002616	14124.581411	-0.014000	0.962000	-0.204000	192.000000	127.500000	72.000000	15.000000	8.000000	124.500000	80.000000	0.000000	0.000000	0.000000	1741810920.871733	0.000000
250.000000	-8556.203074	-27488.801180	-33981.804130	-33315.655090	-39098.587823	3113.285078	-21232.056169	14504.784585	-19477.488932	-28431.709520	-33042.829697	-2068.028100	-42244.729965	-21650.056142	-3321.625688	14155.784447	-0.014000	0.962000	-0.204000	192.000000	0.000000	0.000000	0.000000	0.000000	0.000000	0.000000	0.000000	0.000000	0.000000	1741810920.871775	0.000000
252.000000	-8549.698716	-27487.013040	-33980.284212	-33310.290672	-39098.453712	3115.743770	-21230.513898	14505.566896	-19470.515188	-28418.164363	-33038.046424	-2075.135955	-42237.532704	-21647.552746	-3386.021064	14140.495853	-0.014000	0.962000	-0.204000	192.000000	0.000000	0.000000	0.000000	0.000000	0.000000	0.000000	0.000000	0.000000	0.000000	1741810920.931938	0.000000
254.000000	-8566.417821	-27497.026622	-33988.040267	-33320.483067	-39106.656802	3108.814729	-21242.472081	14512.607695	-19477.757153	-28428.759090	-33048.819965	-2066.642292	-42243.813544	-21651.509005	-3324.173787	14177.644453	-0.014000	0.962000	-0.204000	192.000000	0.000000	0.000000	0.000000	0.000000	0.000000	0.000000	0.000000	0.000000	0.000000	1741810920.931987	0.000000
0.000000	-8565.479048	-27500.066459	-33989.962517	-33315.319814	-39110.143675	3108.144177	-21239.767520	14504.426957	-19476.013717	-28422.947636	-33043.612009	-2081.595609	-42246.048718	-21645.697551	-3377.639160	14149.682420	-0.014000	0.962000	-0.204000	192.000000	0.000000	0.000000	0.000000	0.000000	0.000000	0.000000	0.000000	0.000000	0.000000	1741810920.932025	0.000000
2.000000	-8559.801705	-27495.640814	-33986.632107	-33317.622044	-39112.065925	3107.987715	-21244.506090	14500.537753	-19491.347014	-28435.643427	-33055.994875	-2071.291455	-42262.700768	-21659.935613	-3322.363296	14175.856313	-0.018000	0.960000	-0.208000	192.000000	127.500000	56.000000	15.000000	0.000000	124.500000	64.000000	0.000000	0.000000	0.000000	1741810920.932090	0.000000
4.000000	-8559.801705	-27483.235596	-33979.457197	-33307.742573	-39104.578090	3110.602869	-21240.840404	14473.469791	-19472.526845	-28419.058432	-33042.382663	-2077.527592	-42247.993320	-21650.167900	-3376.499221	14145.323830	-0.018000	0.960000	-0.208000	192.000000	0.000000	0.000000	0.000000	0.000000	0.000000	0.000000	0.000000	0.000000	0.000000	1741810920.932125	0.000000
6.000000	-8558.170028	-27489.851712	-33986.185072	-33313.039936	-39110.747172	3111.809863	-21241.063922	14497.587323	-19472.437438	-28423.081746	-33044.193154	-2057.276911	-42261.203201	-21650.816101	-3333.360354	14174.895188	-0.018000	0.960000	-0.208000	192.000000	0.000000	0.000000	0.000000	0.000000	0.000000	0.000000	0.000000	0.000000	0.000000	1741810920.932158	0.000000
8.000000	-8563.757964	-27491.796314	-33989.224909	-33314.001061	-39116.625681	3107.719494	-21250.496358	14463.679727	-19484.239159	-28423.797002	-33050.406939	-2082.713197	-42257.381053	-21650.212604	-3365.077479	14146.575528	-0.018000	0.960000	-0.208000	192.000000	0.000000	0.000000	0.000000	0.000000	0.000000	0.000000	0.000000	0.000000	0.000000	1741810920.932191	0.000000
10.000000	-8549.184626	-27491.036354	-33981.424151	-33308.413125	-39107.506169	3112.793340	-21238.247602	14497.520268	-19477.064249	-28421.986511	-33045.936590	-2063.334234	-42251.502544	-21649.117368	-3342.770439	14158.623118	-0.018000	0.960000	-0.208000	192.000000	0.000000	0.000000	0.000000	0.000000	0.000000	0.000000	0.000000	0.000000	0.000000	1741810920.932224	0.000000
12.000000	-8558.415897	-27499.284148	-33981.558261	-33310.067154	-39108.109666	3108.479453	-21236.951201	14473.067459	-19484.708546	-28417.762031	-33044.014340	-2075.493583	-42245.802849	-21642.300086	-3363.266988	14141.881662	-0.012000	0.962000	-0.212000	192.000000	127.500000	80.000000	15.000000	8.000000	124.500000	48.000000	0.000000	0.000000	0.000000	1741810920.991133	0.000000
14.000000	-8551.308042	-27490.097581	-33981.781779	-33308.256663	-39108.556701	3108.501805	-21232.436148	14503.689349	-19475.723144	-28426.233342	-33044.461375	-2060.204990	-42253.134221	-21654.347677	-3345.922034	14160.232444	-0.012000	0.962000	-0.212000	192.000000	0.000000	0.000000	0.000000	0.000000	0.000000	0.000000	0.000000	0.000000	0.000000	1741810920.991182	0.000000
16.000000	-8548.424667	-27483.101485	-33976.774988	-33304.300404	-39102.275861	3118.537738	-21240.214555	14463.702078	-19479.455886	-28417.158534	-33042.293256	-2073.079595	-42247.658044	-21647.284525	-3351.733488	14153.102237	-0.012000	0.962000	-0.212000	192.000000	0.000000	0.000000	0.000000	0.000000	0.000000	0.000000	0.000000	0.000000	0.000000	1741810920.991243	0.000000
18.000000	-8542.769676	-27488.845883	-33983.860491	-33299.047744	-39100.264204	3125.511482	-21231.631485	14502.996445	-19467.810627	-28408.106078	-33032.927875	-2046.726888	-42242.673605	-21629.872516	-3359.511895	14173.285863	-0.012000	0.962000	-0.212000	192.000000	0.000000	0.000000	0.000000	0.000000	0.000000	0.000000	0.000000	0.000000	0.000000	1741810920.991276	0.000000
20.000000	-8545.451885	-27488.532959	-33986.140369	-33304.814494	-39101.202977	3131.077067	-21247.881204	14464.193817	-19476.036069	-28412.554075	-33045.109575	-2065.927037	-42246.786326	-21640.735464	-3339.775305	14160.098333	-0.012000	0.962000	-0.212000	192.000000	0.000000	0.000000	0.000000	0.000000	0.000000	0.000000	0.000000	0.000000	0.000000	1741810920.991309	0.000000
22.000000	-8546.122437	-27496.266663	-33995.908081	-33309.262491	-39110.121323	3118.649497	-21247.255355	14504.762233	-19476.907787	-28411.145915	-33040.326302	-2050.973719	-42241.958349	-21638.142662	-3353.923959	14165.574511	-0.014000	0.964000	-0.214000	192.000000	127.500000	72.000000	15.000000	16.000000	124.500000	40.000000	0.000000	0.000000	0.000000	1741810920.991342	0.000000
24.000000	-8545.161312	-27488.465904	-33990.476607	-33311.274148	-39108.310832	3128.081933	-21261.605175	14455.498988	-19490.095316	-28429.496697	-33056.888945	-2070.553848	-42256.509335	-21652.760703	-3319.725790	14160.187740	-0.014000	0.964000	-0.214000	192.000000	0.000000	0.000000	0.000000	0.000000	0.000000	0.000000	0.000000	0.000000	0.000000	1741810920.991391	0.000000
26.000000	-8537.494664	-27482.185064	-33990.700125	-33303.093410	-39107.707334	3128.730134	-21247.903555	14495.083928	-19465.530749	-28407.077897	-33033.911351	-2042.882388	-42237.555055	-21630.610124	-3366.798564	14164.903958	-0.014000	0.964000	-0.214000	192.000000	0.000000	0.000000	0.000000	0.000000	0.000000	0.000000	0.000000	0.000000	0.000000	1741810921.050942	0.000000
28.000000	-8540.869777	-27482.810912	-33985.738037	-33311.117686	-39106.299175	3128.953651	-21263.505073	14456.594224	-19473.175046	-28407.636691	-33042.002683	-2049.319690	-42238.158552	-21640.802519	-3323.235014	14165.976842	-0.014000	0.964000	-0.214000	192.000000	0.000000	0.000000	0.000000	0.000000	0.000000	0.000000	0.000000	0.000000	0.000000	1741810921.050990	0.000000
30.000000	-8531.504396	-27491.237520	-33985.738037	-33307.027317	-39096.889090	3128.461913	-21252.508015	14476.129648	-19469.911691	-28404.485095	-33035.408918	-2041.988318	-42234.358756	-21634.812252	-3373.615846	14159.047801	-0.014000	0.964000	-0.214000	192.000000	0.000000	0.000000	0.000000	0.000000	0.000000	0.000000	0.000000	0.000000	0.000000	1741810921.051028	0.000000
32.000000	-8535.930042	-27475.792465	-33983.145235	-33313.218750	-39094.586860	3130.920605	-21266.075524	14441.126816	-19469.308194	-28409.827162	-33039.320474	-2041.653042	-42229.799000	-21639.059083	-3317.669430	14172.168275	-0.012000	0.962000	-0.210000	192.000000	127.500000	80.000000	15.000000	8.000000	124.500000	56.000000	0.000000	0.000000	0.000000	1741810921.051062	0.000000
34.000000	-8524.061265	-27480.285165	-33981.424151	-33303.205169	-39090.362381	3132.082895	-21258.587689	14467.166599	-19464.211996	-28402.451086	-33030.692700	-2039.931958	-42224.747506	-21632.688836	-3377.259180	14159.450133	-0.012000	0.962000	-0.210000	192.000000	0.000000	0.000000	0.000000	0.000000	0.000000	0.000000	0.000000	0.000000	0.000000	1741810921.051132	0.000000
36.000000	-8530.722085	-27490.924596	-33983.748732	-33314.492800	-39096.509111	3126.539663	-21278.279576	14454.470808	-19465.240176	-28411.972929	-33036.727671	-2039.820199	-42229.329613	-21638.232069	-3317.825892	14180.036089	-0.012000	0.962000	-0.210000	192.000000	0.000000	0.000000	0.000000	0.000000	0.000000	0.000000	0.000000	0.000000	0.000000	1741810921.051166	0.000000
38.000000	-8534.432475	-27498.345375	-33991.437732	-33313.397564	-39097.112608	3126.025573	-21271.462294	14465.914901	-19475.186703	-28415.728023	-33043.857878	-2057.187504	-42231.251863	-21635.303990	-3377.415642	14153.392810	-0.012000	0.962000	-0.210000	192.000000	0.000000	0.000000	0.000000	0.000000	0.000000	0.000000	0.000000	0.000000	0.000000	1741810921.051205	0.000000
40.000000	-8532.510225	-27496.333718	-33986.252127	-33315.498628	-39097.336125	3133.155779	-21282.414649	14450.581604	-19472.258624	-28418.007900	-33050.183421	-2045.899873	-42236.638634	-21637.248592	-3303.699589	14174.202284	-0.012000	0.962000	-0.210000	192.000000	0.000000	0.000000	0.000000	0.000000	0.000000	0.000000	0.000000	0.000000	0.000000	1741810921.051239	0.000000
42.000000	-8518.316867	-27487.258910	-33988.353191	-33309.530712	-39096.106779	3135.994451	-21272.602233	14468.127724	-19460.523958	-28398.584235	-33035.543029	-2047.039812	-42221.171227	-21626.542106	-3369.927808	14153.862197	-0.012000	0.964000	-0.206000	192.000000	127.500000	80.000000	15.000000	16.000000	124.500000	72.000000	0.000000	0.000000	0.000000	1741810921.111262	0.000000
44.000000	-8519.657972	-27475.904223	-33979.233680	-33304.680384	-39091.234099	3142.632919	-21276.402030	14472.888645	-19467.318889	-28411.525895	-33041.198020	-2040.378993	-42227.407363	-21635.080473	-3304.012514	14181.958339	-0.012000	0.964000	-0.206000	192.000000	0.000000	0.000000	0.000000	0.000000	0.000000	0.000000	0.000000	0.000000	0.000000	1741810921.111311	0.000000
46.000000	-8516.282858	-27474.652526	-33975.255069	-33296.320831	-39082.829843	3143.392878	-21263.616832	14472.933349	-19455.517168	-28396.952557	-33028.166953	-2038.412039	-42212.521102	-21617.243781	-3368.273779	14153.549272	-0.012000	0.964000	-0.206000	192.000000	0.000000	0.000000	0.000000	0.000000	0.000000	0.000000	0.000000	0.000000	0.000000	1741810921.111378	0.000000
48.000000	-8514.181794	-27479.525206	-33973.958668	-33299.763000	-39081.533442	3150.165457	-21272.535178	14476.062593	-19462.200339	-28405.580331	-33035.297160	-2022.139969	-42216.119732	-21625.424519	-3305.241860	14186.451040	-0.012000	0.964000	-0.206000	192.000000	0.000000	0.000000	0.000000	0.000000	0.000000	0.000000	0.000000	0.000000	0.000000	1741810921.111412	0.000000
50.000000	-8503.922344	-27469.310459	-33966.828462	-33291.179930	-39080.661724	3152.847666	-21264.488550	14463.366802	-19445.637696	-28388.436543	-33020.299139	-2025.403324	-42206.240261	-21607.520772	-3365.703328	14162.154694	-0.012000	0.964000	-0.206000	192.000000	0.000000	0.000000	0.000000	0.000000	0.000000	0.000000	0.000000	0.000000	0.000000	1741810921.111444	0.000000
52.000000	-8516.752245	-27474.384305	-33974.204537	-33303.540445	-39084.796796	3141.381221	-21266.567262	14491.842925	-19447.604650	-28383.563862	-33023.406032	-2004.817367	-42213.862206	-21603.609217	-3307.097054	14193.625950	-0.008000	0.962000	-0.208000	192.000000	127.500000	96.000000	15.000000	8.000000	124.500000	64.000000	0.000000	0.000000	0.000000	1741810921.111477	0.000000
54.000000	-8522.407236	-27482.006250	-33973.779854	-33305.417991	-39086.473177	3139.190750	-21269.785913	14467.770096	-19464.256700	-28401.065278	-33039.767508	-2037.585025	-42221.685317	-21626.407996	-3339.887063	14155.784447	-0.008000	0.962000	-0.208000	192.000000	0.000000	0.000000	0.000000	0.000000	0.000000	0.000000	0.000000	0.000000	0.000000	1741810921.111512	0.000000
56.000000	-8519.926193	-27479.212282	-33969.868299	-33301.260567	-39087.054323	3138.654308	-21260.733457	14494.212209	-19457.729990	-28401.154685	-33025.395337	-2012.171091	-42219.181921	-21622.295275	-3300.257421	14175.945720	-0.008000	0.962000	-0.208000	192.000000	0.000000	0.000000	0.000000	0.000000	0.000000	0.000000	0.000000	0.000000	0.000000	1741810921.171632	0.000000
58.000000	-8522.228422	-27476.530072	-33966.806110	-33295.717334	-39085.400294	3143.258768	-21259.012372	14460.595186	-19459.249909	-28396.304357	-33025.395337	-2031.818274	-42212.565805	-21622.563496	-3333.673279	14154.622156	-0.008000	0.962000	-0.208000	192.000000	0.000000	0.000000	0.000000	0.000000	0.000000	0.000000	0.000000	0.000000	0.000000	1741810921.171681	0.000000
60.000000	-8528.419856	-27488.845883	-33981.893537	-33307.474352	-39096.889090	3130.317107	-21259.794683	14490.166544	-19470.045801	-28407.077897	-33039.633398	-2025.313917	-42225.932148	-21627.458528	-3311.902679	14176.236293	-0.008000	0.962000	-0.208000	192.000000	0.000000	0.000000	0.000000	0.000000	0.000000	0.000000	0.000000	0.000000	0.000000	1741810921.171742	0.000000
62.000000	-8519.993248	-27475.233671	-33972.282287	-33299.405372	-39084.796796	3139.280157	-21248.708218	14463.344450	-19466.111894	-28400.461781	-33039.566343	-2045.810467	-42221.774724	-21621.490612	-3337.450723	14152.655202	-0.014000	0.966000	-0.208000	192.000000	127.500000	72.000000	15.000000	24.000000	124.500000	64.000000	0.000000	0.000000	0.000000	1741810921.171775	0.000000
64.000000	-8534.186606	-27501.496971	-33981.871186	-33307.452000	-39091.301154	3131.144122	-21244.506090	14505.298675	-19469.621118	-28408.217836	-33042.002683	-2031.103019	-42223.160532	-21623.971656	-3334.544997	14172.838828	-0.014000	0.966000	-0.208000	192.000000	0.000000	0.000000	0.000000	0.000000	0.000000	0.000000	0.000000	0.000000	0.000000	1741810921.171811	0.000000
66.000000	-8534.879510	-27488.532959	-33974.964496	-33301.148808	-39083.500395	3144.443410	-21243.254393	14460.952814	-19475.410220	-28404.865075	-33045.266038	-2050.213760	-42224.144009	-21624.038711	-3339.596491	14155.002136	-0.014000	0.966000	-0.208000	192.000000	0.000000	0.000000	0.000000	0.000000	0.000000	0.000000	0.000000	0.000000	0.000000	1741810921.171844	0.000000
68.000000	-8530.476216	-27489.985822	-33977.378485	-33304.993308	-39087.881337	3137.424962	-21227.518764	14504.494012	-19469.934043	-28401.847589	-33041.734462	-2030.678336	-42223.227587	-21620.574191	-3348.693651	14176.839790	-0.014000	0.966000	-0.208000	192.000000	0.000000	0.000000	0.000000	0.000000	0.000000	0.000000	0.000000	0.000000	0.000000	1741810921.171891	0.000000
70.000000	-8533.851330	-27487.393020	-33979.680715	-33309.731878	-39090.250622	3135.390953	-21238.225250	14462.182160	-19477.801857	-28404.082764	-33041.645055	-2047.375089	-42228.524951	-21630.721883	-3332.466284	14167.943796	-0.014000	0.966000	-0.208000	192.000000	0.000000	0.000000	0.000000	0.000000	0.000000	0.000000	0.000000	0.000000	0.000000	1741810921.171924	0.000000
72.000000	-8538.500492	-27495.484352	-33989.761351	-33311.698832	-39102.521730	3125.176206	-21237.621753	14491.552352	-19476.483104	-28410.609473	-33046.025997	-2042.904740	-42234.492866	-21633.873479	-3351.644081	14170.469543	-0.012000	0.970000	-0.212000	192.000000	127.500000	80.000000	15.000000	40.000000	124.500000	48.000000	0.000000	0.000000	0.000000	1741810921.231824	0.000000
74.000000	-8536.265318	-27488.734125	-33987.302659	-33318.583169	-39103.773427	3126.897291	-21254.407913	14446.223014	-19482.339261	-28415.504505	-33049.445814	-2054.438240	-42236.683337	-21642.992990	-3327.973584	14163.227578	-0.012000	0.970000	-0.212000	192.000000	0.000000	0.000000	0.000000	0.000000	0.000000	0.000000	0.000000	0.000000	0.000000	1741810921.231874	0.000000
76.000000	-8540.333335	-27497.563064	-33994.790494	-33319.812515	-39106.187416	3120.974078	-21241.086273	14480.175314	-19474.940833	-28412.039985	-33044.640189	-2043.441182	-42225.216892	-21634.767548	-3378.689692	14157.326717	-0.012000	0.970000	-0.212000	192.000000	0.000000	0.000000	0.000000	0.000000	0.000000	0.000000	0.000000	0.000000	0.000000	1741810921.231908	0.000000
78.000000	-8538.835769	-27490.276395	-33984.933375	-33322.762945	-39100.532425	3125.936166	-21250.138730	14442.713790	-19484.529732	-28421.226552	-33049.579924	-2058.841534	-42237.331538	-21644.825833	-3331.393401	14160.187740	-0.012000	0.970000	-0.212000	192.000000	0.000000	0.000000	0.000000	0.000000	0.000000	0.000000	0.000000	0.000000	0.000000	1741810921.231974	0.000000
80.000000	-8535.460655	-27503.262759	-33995.997488	-33318.627872	-39105.382753	3122.181072	-21238.068788	14476.397869	-19483.233331	-28417.091479	-33042.293256	-2049.476153	-42229.642538	-21634.141700	-3383.137689	14159.293671	-0.012000	0.970000	-0.212000	192.000000	0.000000	0.000000	0.000000	0.000000	0.000000	0.000000	0.000000	0.000000	0.000000	1741810921.232015	0.000000
82.000000	-8540.489798	-27486.878930	-33981.200633	-33312.771715	-39100.957108	3134.943919	-21243.947297	14451.430971	-19484.596787	-28420.734813	-33052.038616	-2053.812391	-42239.387898	-21642.188328	-3320.396342	14179.074964	-0.014000	0.972000	-0.210000	192.000000	127.500000	72.000000	15.000000	48.000000	124.500000	56.000000	0.000000	0.000000	0.000000	1741810921.232054	0.000000
84.000000	-8521.110835	-27484.375535	-33972.259935	-33294.331526	-39088.909517	3146.320957	-21220.030930	14478.409526	-19477.041897	-28405.625034	-33032.234971	-2042.211836	-42227.608529	-21624.731615	-3378.354416	14172.280034	-0.014000	0.972000	-0.210000	192.000000	0.000000	0.000000	0.000000	0.000000	0.000000	0.000000	0.000000	0.000000	0.000000	1741810921.232090	0.000000
86.000000	-8529.090408	-27479.100523	-33973.019895	-33302.691079	-39091.055285	3145.918625	-21232.234983	14472.039279	-19471.476313	-28400.282967	-33026.132944	-2028.621975	-42217.662003	-21619.501307	-3314.674296	14193.089508	-0.014000	0.972000	-0.210000	192.000000	0.000000	0.000000	0.000000	0.000000	0.000000	0.000000	0.000000	0.000000	0.000000	1741810921.232123	0.000000
88.000000	-8533.493702	-27483.414410	-33982.988773	-33303.786314	-39095.547985	3137.044983	-21223.875430	14488.490163	-19473.622081	-28399.746525	-33030.558590	-2040.423696	-42221.059468	-21621.110633	-3371.090099	14172.592959	-0.014000	0.972000	-0.210000	192.000000	0.000000	0.000000	0.000000	0.000000	0.000000	0.000000	0.000000	0.000000	0.000000	1741810921.292218	0.000000
90.000000	-8543.216710	-27501.787544	-33988.889633	-33314.336337	-39098.409009	3138.207273	-21231.385616	14468.306538	-19495.102107	-28423.148802	-33053.424424	-2048.112696	-42239.320843	-21637.583868	-3296.189403	14193.961226	-0.014000	0.972000	-0.210000	192.000000	0.000000	0.000000	0.000000	0.000000	0.000000	0.000000	0.000000	0.000000	0.000000	1741810921.292298	0.000000
92.000000	-8543.373173	-27501.564026	-33985.469816	-33305.350936	-39089.445959	3140.420096	-21212.923075	14463.813837	-19489.268302	-28407.413174	-33044.036692	-2055.242903	-42225.842741	-21620.060101	-3371.917113	14165.820380	-0.012000	0.968000	-0.214000	192.000000	127.500000	80.000000	15.000000	32.000000	124.500000	40.000000	0.000000	0.000000	0.000000	1741810921.292332	0.000000
94.000000	-8547.821170	-27498.457134	-33984.307526	-33313.732840	-39091.077637	3139.883654	-21219.181564	14465.177293	-19498.141944	-28419.527819	-33054.094977	-2044.916397	-42241.153686	-21632.666484	-3312.640287	14188.127421	-0.012000	0.968000	-0.214000	192.000000	0.000000	0.000000	0.000000	0.000000	0.000000	0.000000	0.000000	0.000000	0.000000	1741810921.292368	0.000000
96.000000	-8547.754115	-27505.564988	-33993.337630	-33312.391736	-39096.151483	3139.168398	-21215.426471	14465.333756	-19488.776563	-28414.811601	-33045.623666	-2056.941635	-42227.116791	-21629.358426	-3378.957913	14154.666859	-0.012000	0.968000	-0.214000	192.000000	0.000000	0.000000	0.000000	0.000000	0.000000	0.000000	0.000000	0.000000	0.000000	1741810921.292401	0.000000
98.000000	-8552.135057	-27503.240407	-33994.946956	-33317.554989	-39100.443018	3141.671794	-21220.880296	14469.982918	-19501.584113	-28429.206124	-33057.581849	-2050.951368	-42240.818410	-21635.035769	-3320.530453	14181.578360	-0.012000	0.968000	-0.214000	192.000000	0.000000	0.000000	0.000000	0.000000	0.000000	0.000000	0.000000	0.000000	0.000000	1741810921.292434	0.000000
100.000000	-8533.940737	-27495.216131	-33981.960593	-33308.927215	-39088.060151	3146.544474	-21209.525610	14452.995593	-19492.531656	-28414.833953	-33046.204811	-2066.999920	-42229.977814	-21631.213621	-3375.336930	14154.018659	-0.012000	0.968000	-0.214000	192.000000	0.000000	0.000000	0.000000	0.000000	0.000000	0.000000	0.000000	0.000000	0.000000	1741810921.292479	0.000000
102.000000	-8539.103989	-27495.462000	-33979.323087	-33311.274148	-39086.316715	3140.844779	-21208.206857	14476.889608	-19476.348993	-28407.368470	-33034.291331	-2041.742449	-42226.245073	-21626.720920	-3327.727715	14181.690119	-0.014000	0.970000	-0.214000	192.000000	127.500000	72.000000	15.000000	40.000000	124.500000	40.000000	0.000000	0.000000	0.000000	1741810921.351958	0.000000
104.000000	-8538.165216	-27491.662203	-33979.412494	-33310.581244	-39088.238965	3139.056640	-21208.653892	14455.364878	-19487.189589	-28417.449107	-33039.968674	-2061.188467	-42222.557035	-21632.219450	-3354.348642	14152.543444	-0.014000	0.970000	-0.214000	192.000000	0.000000	0.000000	0.000000	0.000000	0.000000	0.000000	0.000000	0.000000	0.000000	1741810921.352009	0.000000
106.000000	-8539.551024	-27501.988709	-33990.811883	-33319.991329	-39099.370134	3131.747619	-21210.933770	14492.222904	-19492.419898	-28422.746470	-33043.120270	-2042.837684	-42228.323785	-21629.961923	-3314.294316	14172.838828	-0.014000	0.970000	-0.214000	192.000000	0.000000	0.000000	0.000000	0.000000	0.000000	0.000000	0.000000	0.000000	0.000000	1741810921.352059	0.000000
108.000000	-8550.458676	-27509.297730	-33991.795360	-33324.461678	-39104.242814	3129.758314	-21215.605285	14454.582567	-19497.538447	-28427.574447	-33049.848145	-2069.123336	-42240.237265	-21641.920107	-3332.935671	14155.784447	-0.014000	0.970000	-0.214000	192.000000	0.000000	0.000000	0.000000	0.000000	0.000000	0.000000	0.000000	0.000000	0.000000	1741810921.352084	0.000000
110.000000	-8542.792027	-27506.906093	-33983.458159	-33319.186666	-39100.040686	3127.925471	-21214.778270	14480.108259	-19496.554970	-28431.195430	-33048.484689	-2053.499467	-42240.259616	-21642.948287	-3317.468264	14175.476334	-0.014000	0.970000	-0.214000	192.000000	0.000000	0.000000	0.000000	0.000000	0.000000	0.000000	0.000000	0.000000	0.000000	1741810921.352108	0.000000
112.000000	-8551.866836	-27501.206398	-33985.156892	-33323.031166	-39103.684020	3122.069314	-21220.813241	14448.257023	-19494.498610	-28419.639578	-33043.120270	-2062.574275	-42230.961291	-21637.896793	-3332.935671	14157.013793	-0.012000	0.970000	-0.210000	192.000000	127.500000	80.000000	15.000000	40.000000	124.500000	56.000000	0.000000	0.000000	0.000000	1741810921.352158	0.000000
114.000000	-8553.744382	-27513.745727	-33988.956689	-33327.277997	-39106.969727	3112.614526	-21225.596514	14480.130610	-19508.982540	-28437.163345	-33052.642113	-2054.907626	-42242.226570	-21651.665467	-3318.563499	14165.283938	-0.012000	0.970000	-0.210000	192.000000	0.000000	0.000000	0.000000	0.000000	0.000000	0.000000	0.000000	0.000000	0.000000	1741810921.352183	0.000000
116.000000	-8553.811437	-27513.991596	-33984.374581	-33326.383928	-39099.414837	3117.621317	-21224.523631	14437.774055	-19509.340168	-28429.139069	-33051.971561	-2068.810412	-42241.265445	-21650.033790	-3312.305011	14146.106141	-0.012000	0.970000	-0.210000	192.000000	0.000000	0.000000	0.000000	0.000000	0.000000	0.000000	0.000000	0.000000	0.000000	1741810921.352207	0.000000
118.000000	-8553.722030	-27506.302596	-33982.295869	-33319.901922	-39095.927965	3117.598965	-21203.356529	14475.839076	-19503.215790	-28423.171153	-33047.389453	-2050.034946	-42231.609491	-21644.602316	-3323.905566	14151.135284	-0.012000	0.970000	-0.210000	192.000000	0.000000	0.000000	0.000000	0.000000	0.000000	0.000000	0.000000	0.000000	0.000000	1741810921.412106	0.000000
120.000000	-8543.708449	-27505.296767	-33979.501901	-33318.761983	-39092.776369	3128.752485	-21209.749128	14438.176386	-19508.379043	-28429.273180	-33054.832584	-2063.334234	-42234.515218	-21645.943421	-3294.647133	14151.358801	-0.012000	0.970000	-0.210000	192.000000	0.000000	0.000000	0.000000	0.000000	0.000000	0.000000	0.000000	0.000000	0.000000	1741810921.412155	0.000000
122.000000	-8557.722993	-27510.191799	-33991.191863	-33317.554989	-39103.482855	3123.365715	-21206.619883	14480.376480	-19498.320758	-28424.445203	-33044.751947	-2045.050507	-42238.292663	-21646.010476	-3316.820063	14165.440400	-0.014000	0.970000	-0.204000	192.000000	127.500000	72.000000	15.000000	40.000000	124.500000	80.000000	0.000000	0.000000	0.000000	1741810921.412202	0.000000
124.000000	-8543.037897	-27494.232654	-33975.433883	-33306.021488	-39090.138863	3143.214064	-21206.977511	14437.908165	-19505.003930	-28427.395633	-33051.144546	-2057.656891	-42238.270311	-21642.076569	-3289.372121	14168.234368	-0.014000	0.970000	-0.204000	192.000000	0.000000	0.000000	0.000000	0.000000	0.000000	0.000000	0.000000	0.000000	0.000000	1741810921.412231	0.000000
126.000000	-8544.401353	-27494.523227	-33984.195767	-33307.004965	-39096.330297	3131.121770	-21193.544113	14480.599997	-19495.258569	-28413.381089	-33041.868572	-2041.943615	-42232.123581	-21623.345807	-3339.931767	14174.291691	-0.014000	0.970000	-0.204000	192.000000	0.000000	0.000000	0.000000	0.000000	0.000000	0.000000	0.000000	0.000000	0.000000	1741810921.412254	0.000000
128.000000	-8543.417876	-27491.639852	-33980.843005	-33311.877645	-39097.336125	3128.752485	-21207.022215	14445.597165	-19494.409203	-28415.348043	-33046.025997	-2046.704536	-42237.823276	-21635.840432	-3290.713226	14178.113839	-0.014000	0.970000	-0.204000	192.000000	0.000000	0.000000	0.000000	0.000000	0.000000	0.000000	0.000000	0.000000	0.000000	1741810921.412279	0.000000
130.000000	-8530.275050	-27480.687497	-33968.348380	-33296.298480	-39083.612154	3138.073163	-21180.311880	14473.335680	-19480.640528	-28406.206179	-33032.704357	-2037.115638	-42225.060430	-21626.497403	-3347.352546	14159.941871	-0.014000	0.970000	-0.204000	192.000000	0.000000	0.000000	0.000000	0.000000	0.000000	0.000000	0.000000	0.000000	0.000000	1741810921.412302	0.000000
132.000000	-8542.881434	-27489.874064	-33972.528156	-33307.921387	-39089.267145	3132.462875	-21197.030985	14458.024735	-19482.763944	-28407.927264	-33029.642168	-2033.606414	-42225.216892	-21625.335112	-3293.730711	14176.973900	-0.012000	0.968000	-0.208000	192.000000	127.500000	80.000000	15.000000	32.000000	124.500000	64.000000	0.000000	0.000000	0.000000	1741810921.472491	0.000000
134.000000	-8538.053458	-27488.510607	-33978.071389	-33305.686212	-39087.970744	3125.355020	-21190.973662	14476.442573	-19492.688119	-28415.571560	-33035.118346	-2048.358565	-42236.795096	-21631.392435	-3350.168866	14154.420990	-0.012000	0.968000	-0.208000	192.000000	0.000000	0.000000	0.000000	0.000000	0.000000	0.000000	0.000000	0.000000	0.000000	1741810921.472571	0.000000
136.000000	-8548.469370	-27503.128648	-33981.222985	-33314.246930	-39092.038762	3121.018782	-21204.340005	14461.086924	-19487.927197	-28421.338310	-33036.615913	-2038.814370	-42236.258654	-21639.886098	-3289.975618	14172.056517	-0.012000	0.968000	-0.208000	192.000000	0.000000	0.000000	0.000000	0.000000	0.000000	0.000000	0.000000	0.000000	0.000000	1741810921.472595	0.000000
138.000000	-8555.130190	-27504.514456	-33987.995564	-33313.151695	-39097.291422	3115.408494	-21201.031947	14460.751648	-19490.519999	-28419.147839	-33039.789860	-2053.208894	-42240.684300	-21633.784072	-3355.488581	14146.910804	-0.012000	0.968000	-0.208000	192.000000	0.000000	0.000000	0.000000	0.000000	0.000000	0.000000	0.000000	0.000000	0.000000	1741810921.472618	0.000000
140.000000	-8553.297347	-27511.756422	-33983.838139	-33318.896093	-39093.446922	3119.342401	-21207.558657	14442.914956	-19505.316854	-28436.023407	-33056.531317	-2054.862923	-42249.334425	-21649.497348	-3292.724883	14163.696964	-0.012000	0.968000	-0.208000	192.000000	0.000000	0.000000	0.000000	0.000000	0.000000	0.000000	0.000000	0.000000	0.000000	1741810921.472640	0.000000
142.000000	-8544.021373	-27504.827381	-33977.803168	-33310.156561	-39086.786102	3124.863282	-21183.888159	14456.236596	-19495.996177	-28419.572523	-33041.801517	-2059.288568	-42230.424849	-21635.214583	-3363.579913	14145.055609	-0.008000	0.960000	-0.204000	192.000000	127.500000	96.000000	15.000000	0.000000	124.500000	80.000000	0.000000	0.000000	0.000000	1741810921.472668	0.000000
144.000000	-8541.026240	-27495.573759	-33962.291057	-33303.205169	-39078.493604	3134.005145	-21185.296319	14460.595186	-19492.956339	-28422.232380	-33040.929799	-2044.491714	-42233.576445	-21634.365217	-3295.407092	14173.822304	-0.008000	0.960000	-0.204000	192.000000	0.000000	0.000000	0.000000	0.000000	0.000000	0.000000	0.000000	0.000000	0.000000	1741810921.472696	0.000000
146.000000	-8525.581184	-27481.961546	-33953.864450	-33291.269337	-39073.509165	3142.878788	-21178.546092	14454.582567	-19479.724107	-28404.373336	-33029.217485	-2045.922225	-42213.504578	-21612.684025	-3342.792790	14158.265490	-0.008000	0.960000	-0.204000	192.000000	0.000000	0.000000	0.000000	0.000000	0.000000	0.000000	0.000000	0.000000	0.000000	1741810921.472723	0.000000
148.000000	-8529.805664	-27492.265700	-33963.766273	-33295.359706	-39082.583974	3142.856436	-21184.871636	14479.191837	-19473.823246	-28396.863150	-33022.333148	-2026.856187	-42209.257747	-21609.152449	-3282.778356	14189.423822	-0.008000	0.960000	-0.204000	192.000000	0.000000	0.000000	0.000000	0.000000	0.000000	0.000000	0.000000	0.000000	0.000000	1741810921.533301	0.000000
150.000000	-8542.032068	-27500.848770	-33972.684619	-33301.126456	-39089.110683	3129.803017	-21185.765706	14450.626308	-19491.794049	-28413.157572	-33040.080433	-2061.501391	-42228.837875	-21629.514888	-3325.917223	14159.204264	-0.008000	0.960000	-0.204000	192.000000	0.000000	0.000000	0.000000	0.000000	0.000000	0.000000	0.000000	0.000000	0.000000	1741810921.533330	0.000000
152.000000	-8551.576263	-27502.323985	-33973.444578	-33301.908767	-39089.177738	3129.847721	-21176.266214	14479.974148	-19492.375194	-28414.588084	-33036.750023	-2043.396478	-42233.174113	-21632.219450	-3296.256458	14181.690119	-0.006000	0.958000	-0.202000	192.000000	127.500000	104.000000	14.500000	120.000000	124.500000	88.000000	0.000000	0.000000	0.000000	1741810921.533352	0.000000
154.000000	-8548.782295	-27499.552369	-33969.756540	-33300.098276	-39087.054323	3129.355982	-21178.255520	14458.002383	-19494.029223	-28417.829087	-33039.923971	-2062.171943	-42235.074012	-21633.113519	-3330.968717	14159.986575	-0.006000	0.958000	-0.202000	192.000000	0.000000	0.000000	0.000000	0.000000	0.000000	0.000000	0.000000	0.000000	0.000000	1741810921.533388	0.000000
156.000000	-8539.573376	-27495.797276	-33972.684619	-33303.763962	-39093.446922	3122.672811	-21184.290491	14481.695233	-19491.414069	-28416.219761	-33035.185401	-2038.859074	-42235.878674	-21633.292333	-3299.408054	14181.310139	-0.006000	0.958000	-0.202000	192.000000	0.000000	0.000000	0.000000	0.000000	0.000000	0.000000	0.000000	0.000000	0.000000	1741810921.533415	0.000000
158.000000	-8536.332373	-27495.573759	-33968.862470	-33302.914596	-39086.383770	3126.137331	-21187.799715	14438.042276	-19492.486953	-28416.108002	-33036.235933	-2053.968853	-42233.598797	-21637.852089	-3330.454627	14152.543444	-0.006000	0.958000	-0.202000	192.000000	0.000000	0.000000	0.000000	0.000000	0.000000	0.000000	0.000000	0.000000	0.000000	1741810921.533439	0.000000
160.000000	-8539.796894	-27488.935290	-33966.314371	-33296.790218	-39082.829843	3127.947823	-21169.046601	14477.269587	-19480.193493	-28411.905874	-33026.267055	-2025.626841	-42229.396669	-21629.894868	-3318.027057	14170.760115	-0.006000	0.958000	-0.202000	192.000000	0.000000	0.000000	0.000000	0.000000	0.000000	0.000000	0.000000	0.000000	0.000000	1741810921.533466	0.000000
162.000000	-8550.816304	-27496.423125	-33972.438749	-33307.094372	-39091.010581	3122.181072	-21186.391555	14445.105427	-19488.351880	-28414.051642	-33034.805421	-2050.772554	-42232.369451	-21639.774339	-3315.434255	14161.640604	-0.008000	0.960000	-0.202000	192.000000	127.500000	96.000000	15.000000	0.000000	124.500000	88.000000	0.000000	0.000000	0.000000	1741810921.592978	0.000000
164.000000	-8562.193342	-27505.587340	-33986.274479	-33317.152657	-39103.907538	3109.418226	-21188.202046	14467.278357	-19497.292578	-28434.548191	-33045.154279	-2052.359528	-42248.172134	-21650.123197	-3312.908508	14170.201322	-0.008000	0.960000	-0.202000	192.000000	0.000000	0.000000	0.000000	0.000000	0.000000	0.000000	0.000000	0.000000	0.000000	1741810921.593029	0.000000
166.000000	-8549.922234	-27496.333718	-33969.510671	-33309.173084	-39092.061113	3125.667945	-21189.051412	14413.321246	-19509.966017	-28435.531668	-33049.065834	-2072.185525	-42255.078823	-21659.063895	-3314.987220	14147.380191	-0.008000	0.960000	-0.202000	192.000000	0.000000	0.000000	0.000000	0.000000	0.000000	0.000000	0.000000	0.000000	0.000000	1741810921.593052	0.000000
168.000000	-8545.541292	-27506.771983	-33978.093741	-33305.641509	-39096.866738	3119.118884	-21182.502351	14471.391078	-19487.100182	-28415.884485	-33029.888037	-2041.071897	-42227.608529	-21632.040636	-3342.859846	14162.981708	-0.008000	0.960000	-0.202000	192.000000	0.000000	0.000000	0.000000	0.000000	0.000000	0.000000	0.000000	0.000000	0.000000	1741810921.593080	0.000000
170.000000	-8539.819245	-27495.059668	-33965.532060	-33302.936948	-39087.590764	3128.327802	-21191.152476	14426.218203	-19505.719186	-28431.843630	-33044.684892	-2066.754051	-42244.864076	-21652.358371	-3311.567403	14152.588147	-0.008000	0.960000	-0.202000	192.000000	0.000000	0.000000	0.000000	0.000000	0.000000	0.000000	0.000000	0.000000	0.000000	1741810921.593103	0.000000
172.000000	-8541.473274	-27501.474619	-33970.963534	-33295.516169	-39085.020314	3122.136369	-21172.779342	14467.747744	-19491.726994	-28414.386918	-33027.071718	-2041.474228	-42224.859264	-21630.990104	-3350.548846	14154.577452	-0.010000	0.966000	-0.202000	192.000000	127.500000	88.000000	15.000000	24.000000	124.500000	88.000000	0.000000	0.000000	0.000000	1741810921.593126	0.000000
174.000000	-8545.183664	-27495.953738	-33966.962572	-33299.137151	-39085.892032	3123.075142	-21186.704479	14432.990781	-19498.231351	-28424.199334	-33029.373947	-2052.359528	-42229.866055	-21635.505156	-3313.020267	14157.684345	-0.010000	0.966000	-0.202000	192.000000	0.000000	0.000000	0.000000	0.000000	0.000000	0.000000	0.000000	0.000000	0.000000	1741810921.593151	0.000000
176.000000	-8540.646260	-27491.863369	-33968.258973	-33294.197416	-39082.181642	3122.628107	-21173.718116	14469.692346	-19499.259531	-28422.902933	-33026.915255	-2047.419792	-42225.462762	-21639.282601	-3358.416660	14151.850540	-0.010000	0.966000	-0.202000	192.000000	0.000000	0.000000	0.000000	0.000000	0.000000	0.000000	0.000000	0.000000	0.000000	1741810921.593184	0.000000
178.000000	-8543.127303	-27497.093677	-33960.771139	-33294.152712	-39079.208860	3133.200483	-21184.446953	14447.631174	-19500.824154	-28428.379110	-33025.171819	-2044.536417	-42233.017651	-21637.293296	-3300.369179	14167.049726	-0.010000	0.966000	-0.202000	192.000000	0.000000	0.000000	0.000000	0.000000	0.000000	0.000000	0.000000	0.000000	0.000000	1741810921.652333	0.000000
180.000000	-8537.941699	-27488.912939	-33963.855679	-33285.703753	-39077.130148	3130.875901	-21161.759932	14481.091735	-19492.621063	-28412.710537	-33009.480895	-2031.505350	-42215.583291	-21624.999836	-3354.683918	14158.243139	-0.010000	0.966000	-0.202000	192.000000	0.000000	0.000000	0.000000	0.000000	0.000000	0.000000	0.000000	0.000000	0.000000	1741810921.652366	0.000000
182.000000	-8557.790048	-27497.540712	-33978.429017	-33304.322756	-39093.961012	3119.185939	-21189.744316	14457.421238	-19505.138040	-28433.005921	-33028.993968	-2043.441182	-42238.069145	-21647.105711	-3282.800708	14178.471467	-0.012000	0.962000	-0.192000	192.000000	127.500000	80.000000	15.000000	8.000000	125.000000	0.000000	0.000000	0.000000	0.000000	1741810921.652389	0.000000
184.000000	-8538.276975	-27493.137418	-33965.710874	-33282.485102	-39081.421683	3137.737887	-21168.197235	14468.306538	-19494.409203	-28419.617226	-33016.074659	-2044.514065	-42234.761087	-21634.544031	-3348.894817	14156.477351	-0.012000	0.962000	-0.192000	192.000000	0.000000	0.000000	0.000000	0.000000	0.000000	0.000000	0.000000	0.000000	0.000000	1741810921.652415	0.000000
186.000000	-8551.084525	-27491.997479	-33969.153043	-33294.219767	-39090.161215	3128.551320	-21185.653947	14453.375572	-19500.220656	-28427.686206	-33027.764622	-2036.869769	-42239.522009	-21636.376874	-3275.357577	14184.104107	-0.012000	0.962000	-0.192000	192.000000	0.000000	0.000000	0.000000	0.000000	0.000000	0.000000	0.000000	0.000000	0.000000	1741810921.652462	0.000000
188.000000	-8526.408199	-27485.448418	-33959.944124	-33281.658087	-39076.169023	3135.390953	-21166.185578	14462.137456	-19490.229427	-28411.749412	-33015.448811	-2040.378993	-42227.250901	-21624.441042	-3341.697555	14153.593976	-0.012000	0.962000	-0.192000	192.000000	0.000000	0.000000	0.000000	0.000000	0.000000	0.000000	0.000000	0.000000	0.000000	1741810921.652485	0.000000
190.000000	-8542.523806	-27488.421200	-33969.264802	-33299.293613	-39087.479006	3127.433732	-21181.742392	14459.678764	-19489.469467	-28419.527819	-33023.070755	-2035.148684	-42234.559922	-21637.382703	-3271.870705	14185.691081	-0.012000	0.962000	-0.192000	192.000000	0.000000	0.000000	0.000000	0.000000	0.000000	0.000000	0.000000	0.000000	0.000000	1741810921.652513	0.000000
192.000000	-8536.824112	-27485.761343	-33974.919793	-33295.560872	-39082.248698	3128.908948	-21180.110714	14454.806084	-19491.235255	-28415.526857	-33027.831677	-2054.572350	-42232.212988	-21636.578040	-3341.563444	14148.542481	-0.008000	0.958000	-0.194000	192.000000	127.500000	96.000000	14.500000	120.000000	124.500000	120.000000	0.000000	0.000000	0.000000	1741810921.713602	0.000000
194.000000	-8538.098161	-27492.086886	-33980.373619	-33302.780485	-39081.265221	3129.110113	-21188.380860	14470.541712	-19494.342148	-28420.734813	-33033.665482	-2039.149647	-42236.459820	-21634.499327	-3291.964923	14171.587130	-0.008000	0.958000	-0.194000	192.000000	0.000000	0.000000	0.000000	0.000000	0.000000	0.000000	0.000000	0.000000	0.000000	1741810921.713657	0.000000
196.000000	-8525.022390	-27489.918767	-33982.407627	-33298.556006	-39081.980477	3134.161608	-21197.656834	14460.058744	-19489.692985	-28408.530761	-33030.692700	-2049.274987	-42227.742640	-21629.939572	-3355.421526	14140.004115	-0.008000	0.958000	-0.194000	192.000000	0.000000	0.000000	0.000000	0.000000	0.000000	0.000000	0.000000	0.000000	0.000000	1741810921.713697	0.000000
198.000000	-8529.448036	-27503.128648	-33989.783703	-33315.096297	-39100.554776	3122.963384	-21223.786023	14463.165636	-19493.895113	-28421.986511	-33049.892849	-2041.742449	-42240.393727	-21643.887060	-3297.575211	14170.246025	-0.008000	0.958000	-0.194000	192.000000	0.000000	0.000000	0.000000	0.000000	0.000000	0.000000	0.000000	0.000000	0.000000	1741810921.713774	0.000000
200.000000	-8525.581184	-27491.751610	-33975.925622	-33304.680384	-39087.009619	3142.655270	-21217.505183	14426.821700	-19491.369366	-28411.056508	-33040.371006	-2060.361452	-42228.726116	-21633.694665	-3356.203837	14137.634830	-0.008000	0.958000	-0.194000	192.000000	0.000000	0.000000	0.000000	0.000000	0.000000	0.000000	0.000000	0.000000	0.000000	1741810921.713797	0.000000
202.000000	-8540.243928	-27495.640814	-33984.039305	-33316.549160	-39094.564509	3136.843817	-21230.491546	14453.599090	-19491.212903	-28412.934054	-33045.534259	-2040.803676	-42230.737773	-21626.966790	-3315.389552	14174.671671	-0.018000	0.964000	-0.202000	192.000000	127.500000	56.000000	15.000000	16.000000	124.500000	88.000000	0.000000	0.000000	0.000000	1741810921.713821	0.000000
204.000000	-8537.204091	-27501.385212	-33988.934337	-33314.805724	-39095.145654	3139.190750	-21250.786930	14426.911107	-19507.462622	-28414.968063	-33060.085244	-2069.525667	-42238.270311	-21636.198060	-3346.346718	14150.934118	-0.018000	0.964000	-0.202000	192.000000	0.000000	0.000000	0.000000	0.000000	0.000000	0.000000	0.000000	0.000000	0.000000	1741810921.713846	0.000000
206.000000	-8537.271146	-27510.996462	-33994.879901	-33319.141962	-39095.257413	3140.889483	-21254.564375	14467.971261	-19493.179857	-28413.939883	-33054.340846	-2043.217664	-42233.419983	-21631.861822	-3322.162130	14176.772735	-0.018000	0.964000	-0.202000	192.000000	0.000000	0.000000	0.000000	0.000000	0.000000	0.000000	0.000000	0.000000	0.000000	1741810921.713869	0.000000
208.000000	-8528.933946	-27506.660224	-33989.470779	-33318.292596	-39088.976573	3144.599872	-21263.817997	14449.620479	-19495.862066	-28410.765935	-33056.978352	-2061.210818	-42237.085669	-21633.918182	-3337.473075	14157.416124	-0.018000	0.964000	-0.202000	192.000000	0.000000	0.000000	0.000000	0.000000	0.000000	0.000000	0.000000	0.000000	0.000000	1741810921.772461	0.000000
210.000000	-8534.566585	-27508.046032	-33992.354154	-33318.761983	-39091.882299	3139.503674	-21260.398181	14494.435727	-19490.654110	-28409.693052	-33059.571154	-2036.936824	-42231.341270	-21631.347732	-3324.956098	14181.824229	-0.018000	0.964000	-0.202000	192.000000	0.000000	0.000000	0.000000	0.000000	0.000000	0.000000	0.000000	0.000000	0.000000	1741810921.772492	0.000000
212.000000	-8525.759998	-27490.790485	-33983.279345	-33312.503494	-39088.708352	3142.856436	-21266.723724	14452.727372	-19490.184723	-28403.143990	-33052.508003	-2048.246807	-42229.128448	-21627.771452	-3329.627613	14166.781505	-0.010000	0.956000	-0.212000	192.000000	127.500000	88.000000	14.500000	112.000000	124.500000	48.000000	0.000000	0.000000	0.000000	1741810921.772531	0.000000
214.000000	-8534.007792	-27499.150038	-33989.113151	-33315.275111	-39096.777331	3131.099419	-21262.476893	14481.583474	-19480.081735	-28400.618243	-33044.394320	-2024.732771	-42223.160532	-21620.730653	-3335.997860	14177.577398	-0.010000	0.956000	-0.212000	192.000000	0.000000	0.000000	0.000000	0.000000	0.000000	0.000000	0.000000	0.000000	0.000000	1741810921.772561	0.000000
216.000000	-8541.741495	-27496.780753	-33990.990697	-33322.830000	-39099.481893	3128.081933	-21273.228082	14422.038427	-19488.195418	-28405.490924	-33054.206735	-2046.592778	-42238.158552	-21629.067854	-3322.787979	14162.244101	-0.010000	0.956000	-0.212000	192.000000	0.000000	0.000000	0.000000	0.000000	0.000000	0.000000	0.000000	0.000000	0.000000	1741810921.772584	0.000000
218.000000	-8510.694922	-27474.205491	-33969.130691	-33298.354840	-39073.732683	3149.852532	-21241.801529	14443.138473	-19472.929176	-28393.845665	-33040.214543	-2025.917414	-42226.110962	-21622.541144	-3350.459439	14168.703755	-0.010000	0.956000	-0.212000	192.000000	0.000000	0.000000	0.000000	0.000000	0.000000	0.000000	0.000000	0.000000	0.000000	1741810921.772606	0.000000
220.000000	-8517.311039	-27489.650546	-33971.343514	-33303.562797	-39075.610229	3151.394802	-21252.351553	14425.078264	-19460.412200	-28385.910795	-33034.894828	-2020.418885	-42213.996317	-21608.951284	-3326.431313	14182.740651	-0.010000	0.956000	-0.212000	192.000000	0.000000	0.000000	0.000000	0.000000	0.000000	0.000000	0.000000	0.000000	0.000000	1741810921.772639	0.000000
222.000000	-8523.413065	-27498.077154	-33975.210366	-33298.712468	-39079.655895	3146.678584	-21247.277707	14472.531017	-19474.314985	-28389.598833	-33038.605218	-2016.686143	-42217.617299	-21611.365272	-3364.049299	14179.365537	-0.006000	0.958000	-0.224000	192.000000	127.500000	104.000000	14.500000	120.000000	124.500000	0.000000	0.000000	0.000000	0.000000	1741810921.835563	0.000000
224.000000	-8517.065169	-27487.862407	-33967.230793	-33296.074962	-39075.923154	3157.385070	-21256.151349	14443.071418	-19471.588072	-28394.337403	-33042.874401	-2029.046658	-42222.042945	-21611.834659	-3317.423560	14182.539485	-0.006000	0.958000	-0.224000	192.000000	0.000000	0.000000	0.000000	0.000000	0.000000	0.000000	0.000000	0.000000	0.000000	1741810921.835596	0.000000
226.000000	-8512.460710	-27489.516436	-33980.686543	-33301.975823	-39081.868718	3145.583349	-21250.250489	14477.537808	-19463.027354	-28385.575519	-33037.599389	-2019.927146	-42217.393782	-21606.023205	-3363.915189	14179.030261	-0.006000	0.958000	-0.224000	192.000000	0.000000	0.000000	0.000000	0.000000	0.000000	0.000000	0.000000	0.000000	0.000000	1741810921.835620	0.000000
228.000000	-8516.148748	-27488.532959	-33970.270630	-33305.038012	-39083.008657	3146.030384	-21263.058038	14443.965488	-19476.013717	-28399.657118	-33050.786918	-2036.623900	-42228.279081	-21618.137851	-3311.790921	14176.504514	-0.006000	0.958000	-0.224000	192.000000	0.000000	0.000000	0.000000	0.000000	0.000000	0.000000	0.000000	0.000000	0.000000	1741810921.835642	0.000000
230.000000	-8503.497661	-27490.186988	-33965.397950	-33288.944756	-39069.552907	3153.831143	-21233.777253	14462.517436	-19472.705659	-28388.704763	-33037.688796	-2030.231301	-42215.829160	-21611.857010	-3369.905456	14164.032240	-0.006000	0.958000	-0.224000	192.000000	0.000000	0.000000	0.000000	0.000000	0.000000	0.000000	0.000000	0.000000	0.000000	1741810921.835685	0.000000
232.000000	-8522.384885	-27493.226825	-33972.662267	-33301.327622	-39080.952296	3146.164494	-21250.451654	14433.057837	-19480.931101	-28392.124580	-33047.188288	-2027.035001	-42225.842741	-21614.874496	-3305.532432	14186.696909	-0.004000	0.970000	-0.230000	192.000000	127.500000	112.000000	15.000000	40.000000	124.000000	104.000000	0.000000	0.000000	0.000000	1741810921.835717	0.000000
234.000000	-8508.392693	-27487.527131	-33964.637991	-33293.124532	-39076.638410	3149.047869	-21231.407968	14439.472787	-19477.444229	-28389.218854	-33040.236895	-2034.344022	-42217.326727	-21607.386661	-3366.150363	14170.000156	-0.004000	0.970000	-0.230000	192.000000	0.000000	0.000000	0.000000	0.000000	0.000000	0.000000	0.000000	0.000000	0.000000	1741810921.835741	0.000000
236.000000	-8508.884431	-27487.460075	-33957.731302	-33297.863102	-39077.286610	3150.992471	-21241.510956	14428.766302	-19475.656089	-28393.555092	-33034.827773	-2024.106923	-42217.706706	-21615.075662	-3295.362389	14198.543334	-0.004000	0.970000	-0.230000	192.000000	0.000000	0.000000	0.000000	0.000000	0.000000	0.000000	0.000000	0.000000	0.000000	1741810921.835764	0.000000
238.000000	-8495.898067	-27485.917805	-33957.418377	-33292.006945	-39074.805567	3153.026480	-21225.618866	14443.697267	-19463.362630	-28387.520121	-33028.211657	-2028.286699	-42206.352020	-21610.940589	-3361.300035	14171.229502	-0.004000	0.970000	-0.230000	192.000000	0.000000	0.000000	0.000000	0.000000	0.000000	0.000000	0.000000	0.000000	0.000000	1741810921.894466	0.000000
240.000000	-8516.394617	-27491.349279	-33969.376560	-33303.607500	-39084.126244	3144.577520	-21234.984247	14456.370706	-19468.056496	-28390.157627	-33030.022148	-2010.852338	-42213.303413	-21608.906580	-3299.631572	14202.276075	-0.004000	0.970000	-0.230000	192.000000	0.000000	0.000000	0.000000	0.000000	0.000000	0.000000	0.000000	0.000000	0.000000	1741810921.894495	0.000000
242.000000	-8511.678399	-27486.454247	-33965.442653	-33295.024430	-39077.443072	3144.264596	-21220.366206	14445.284241	-19479.187665	-28396.863150	-33043.254381	-2039.104943	-42222.355869	-21620.484784	-3355.868561	14174.716374	-0.006000	0.970000	-0.228000	192.000000	127.500000	104.000000	15.000000	40.000000	124.000000	112.000000	0.000000	0.000000	0.000000	1741810921.894541	0.000000
244.000000	-8522.854271	-27497.898340	-33968.303677	-33309.441305	-39081.265221	3133.647517	-21220.366206	14456.124837	-19478.919444	-28398.785400	-33043.321436	-2023.302260	-42219.897177	-21613.600446	-3303.967810	14204.310084	-0.006000	0.970000	-0.228000	192.000000	0.000000	0.000000	0.000000	0.000000	0.000000	0.000000	0.000000	0.000000	0.000000	1741810921.894566	0.000000
246.000000	-8516.640486	-27486.700116	-33963.743921	-33307.452000	-39072.592744	3137.268500	-21210.553790	14440.143340	-19482.540427	-28395.991432	-33044.684892	-2044.178789	-42217.550244	-21620.887115	-3360.204799	14171.631834	-0.006000	0.970000	-0.228000	192.000000	0.000000	0.000000	0.000000	0.000000	0.000000	0.000000	0.000000	0.000000	0.000000	1741810921.894589	0.000000
248.000000	-8511.901916	-27485.381363	-33960.569973	-33306.982613	-39071.184584	3137.961404	-21202.753032	14456.236596	-19469.554063	-28396.304357	-33038.247590	-2022.207024	-42218.779590	-21618.070795	-3308.393456	14197.939837	-0.006000	0.970000	-0.228000	192.000000	0.000000	0.000000	0.000000	0.000000	0.000000	0.000000	0.000000	0.000000	0.000000	1741810921.894612	0.000000
250.000000	-8509.845556	-27490.499913	-33960.346456	-33302.668727	-39069.061168	3145.315128	-21211.045529	14431.292049	-19477.086601	-28393.242168	-33038.672273	-2035.126333	-42215.315070	-21618.093147	-3357.880218	14172.883531	-0.006000	0.970000	-0.228000	192.000000	0.000000	0.000000	0.000000	0.000000	0.000000	0.000000	0.000000	0.000000	0.000000	1741810921.894635	0.000000
252.000000	-8517.981591	-27486.677764	-33968.996581	-33307.854331	-39079.074750	3139.011936	-21213.973607	14458.002383	-19480.215845	-28396.751392	-33042.539125	-2018.876614	-42215.985622	-21615.321531	-3318.205871	14200.823212	-0.012000	0.966000	-0.230000	192.000000	127.500000	80.000000	15.000000	24.000000	124.000000	104.000000	0.000000	0.000000	0.000000	1741810921.953335	0.000000
254.000000	-8509.957315	-27491.393982	-33961.441691	-33305.641509	-39074.850270	3145.516294	-21213.325407	14432.297877	-19481.445191	-28390.559958	-33042.628532	-2035.998051	-42215.739753	-21616.573228	-3352.158171	14170.067211	-0.012000	0.966000	-0.230000	192.000000	0.000000	0.000000	0.000000	0.000000	0.000000	0.000000	0.000000	0.000000	0.000000	1741810921.953381	0.000000
0.000000	-8519.702675	-27494.992613	-33973.042246	-33313.755192	-39083.969782	3137.290852	-21210.799660	14467.054840	-19487.368403	-28399.858284	-33045.869535	-2025.068048	-42218.578424	-21620.663598	-3326.699534	14191.681348	-0.012000	0.966000	-0.230000	192.000000	0.000000	0.000000	0.000000	0.000000	0.000000	0.000000	0.000000	0.000000	0.000000	1741810921.953404	0.000000
2.000000	-8526.028219	-27504.045070	-33980.865357	-33317.063250	-39087.300192	3136.396782	-21221.059110	14435.628287	-19490.564703	-28402.361679	-33050.406939	-2047.665661	-42221.148875	-21623.479917	-3342.949252	14170.089563	-0.012000	0.966000	-0.230000	192.000000	0.000000	0.000000	0.000000	0.000000	0.000000	0.000000	0.000000	0.000000	0.000000	1741810921.953427	0.000000
4.000000	-8523.725989	-27499.284148	-33974.338648	-33317.107954	-39085.221480	3134.630994	-21216.499354	14471.681651	-19492.844581	-28406.943787	-33058.162994	-2037.853245	-42229.374317	-21620.820060	-3336.489598	14179.186723	-0.012000	0.966000	-0.230000	192.000000	0.000000	0.000000	0.000000	0.000000	0.000000	0.000000	0.000000	0.000000	0.000000	1741810921.953449	0.000000
6.000000	-8519.881489	-27496.065497	-33967.968400	-33318.739631	-39077.599535	3138.251977	-21220.835593	14436.902337	-19497.605502	-28407.681395	-33053.893811	-2055.689938	-42225.328651	-21628.442005	-3345.139723	14160.254796	-0.012000	0.964000	-0.226000	192.000000	127.500000	80.000000	15.000000	16.000000	124.000000	120.000000	0.000000	0.000000	0.000000	1741810921.953471	0.000000
8.000000	-8515.634658	-27493.427991	-33970.896479	-33313.285805	-39079.365323	3134.876863	-21214.867677	14482.455192	-19486.362575	-28400.417078	-33041.063910	-2026.386801	-42214.778628	-21618.875458	-3355.980319	14169.240197	-0.012000	0.964000	-0.226000	192.000000	0.000000	0.000000	0.000000	0.000000	0.000000	0.000000	0.000000	0.000000	0.000000	1741810921.953503	0.000000
10.000000	-8510.583164	-27483.168540	-33956.010217	-33307.988442	-39069.798776	3148.287910	-21215.314712	14435.471825	-19488.217770	-28398.271310	-33041.801517	-2039.306109	-42212.185825	-21621.781185	-3333.673279	14163.518150	-0.012000	0.964000	-0.226000	192.000000	0.000000	0.000000	0.000000	0.000000	0.000000	0.000000	0.000000	0.000000	0.000000	1741810921.953525	0.000000
12.000000	-8508.996190	-27482.229767	-33953.104490	-33298.667765	-39068.032988	3147.371488	-21194.818162	14478.074250	-19472.392735	-28389.822351	-33028.725747	-2016.239109	-42205.904985	-21611.834659	-3353.700442	14176.884493	-0.012000	0.964000	-0.226000	192.000000	0.000000	0.000000	0.000000	0.000000	0.000000	0.000000	0.000000	0.000000	0.000000	1741810922.012788	0.000000
14.000000	-8519.725027	-27489.605843	-33957.641895	-33308.882512	-39076.571354	3138.855474	-21214.621808	14439.495139	-19486.742555	-28398.137200	-33039.186363	-2030.611280	-42216.455009	-21624.418691	-3309.533395	14174.649319	-0.012000	0.964000	-0.226000	192.000000	0.000000	0.000000	0.000000	0.000000	0.000000	0.000000	0.000000	0.000000	0.000000	1741810922.012822	0.000000
16.000000	-8513.623001	-27492.578625	-33968.124863	-33303.339279	-39084.595631	3130.115942	-21206.552828	14478.722451	-19480.864046	-28390.917586	-33027.921084	-2018.697800	-42214.264538	-21612.035824	-3353.141648	14169.374307	-0.010000	0.960000	-0.226000	192.000000	127.500000	88.000000	15.000000	0.000000	124.000000	120.000000	0.000000	0.000000	0.000000	1741810922.012846	0.000000
18.000000	-8518.339219	-27482.989726	-33961.352284	-33302.355802	-39082.740436	3142.342346	-21212.118413	14443.674915	-19485.937892	-28400.171208	-33037.398224	-2023.793998	-42227.787343	-21621.222391	-3308.080531	14168.212017	-0.010000	0.960000	-0.226000	192.000000	0.000000	0.000000	0.000000	0.000000	0.000000	0.000000	0.000000	0.000000	0.000000	1741810922.012897	0.000000
20.000000	-8503.072977	-27467.254098	-33952.679807	-33282.775674	-39075.654933	3147.863227	-21201.568389	14469.424125	-19469.017621	-28386.514293	-33021.170857	-2006.158472	-42216.164436	-21605.129135	-3362.551732	14164.121647	-0.010000	0.960000	-0.226000	192.000000	0.000000	0.000000	0.000000	0.000000	0.000000	0.000000	0.000000	0.000000	0.000000	1741810922.012924	0.000000
22.000000	-8505.464614	-27467.343505	-33956.434900	-33291.850482	-39082.628677	3140.911834	-21220.880296	14442.870252	-19463.809665	-28379.764066	-33016.275825	-1994.692027	-42212.498750	-21604.525638	-3303.721941	14186.808668	-0.010000	0.960000	-0.226000	192.000000	0.000000	0.000000	0.000000	0.000000	0.000000	0.000000	0.000000	0.000000	0.000000	1741810922.012947	0.000000
24.000000	-8495.249867	-27466.181215	-33957.239563	-33284.049724	-39081.555793	3141.872959	-21208.698596	14460.237558	-19467.743572	-28380.568729	-33014.800610	-1997.664809	-42210.978831	-21605.442060	-3359.377785	14168.301424	-0.010000	0.960000	-0.226000	192.000000	0.000000	0.000000	0.000000	0.000000	0.000000	0.000000	0.000000	0.000000	0.000000	1741810922.012970	0.000000
26.000000	-8508.280934	-27475.524244	-33962.603982	-33295.136189	-39086.361419	3143.370526	-21224.680093	14443.898433	-19468.570586	-28385.620223	-33018.153372	-2000.458777	-42222.668794	-21608.526600	-3299.631572	14187.568627	-0.006000	0.954000	-0.218000	192.000000	127.500000	104.000000	14.500000	104.000000	124.500000	24.000000	0.000000	0.000000	0.000000	1741810922.072443	0.000000
28.000000	-8486.912666	-27467.723485	-33949.014121	-33286.307250	-39071.162232	3146.879750	-21206.463421	14454.426104	-19470.694002	-28386.111961	-33012.185456	-2011.701704	-42216.052677	-21604.168010	-3371.134802	14165.127476	-0.006000	0.954000	-0.218000	192.000000	0.000000	0.000000	0.000000	0.000000	0.000000	0.000000	0.000000	0.000000	0.000000	1741810922.072478	0.000000
30.000000	-8506.313980	-27479.748723	-33954.423243	-33304.993308	-39072.615096	3134.586291	-21214.420642	14444.434875	-19474.203226	-28388.838874	-33011.716069	-2002.828062	-42215.024497	-21604.503286	-3304.705418	14195.168220	-0.006000	0.954000	-0.218000	192.000000	0.000000	0.000000	0.000000	0.000000	0.000000	0.000000	0.000000	0.000000	0.000000	1741810922.072528	0.000000
32.000000	-8502.290666	-27484.755514	-33956.144328	-33303.316927	-39070.469328	3135.234491	-21212.967779	14438.422255	-19483.725069	-28397.846627	-33018.555703	-2030.678336	-42206.128503	-21620.261266	-3363.222285	14159.561892	-0.006000	0.954000	-0.218000	192.000000	0.000000	0.000000	0.000000	0.000000	0.000000	0.000000	0.000000	0.000000	0.000000	1741810922.072550	0.000000
34.000000	-8510.247887	-27488.555311	-33959.899421	-33308.614291	-39076.280782	3134.988622	-21215.404119	14438.444607	-19477.690098	-28401.914644	-33024.143639	-2018.139007	-42212.521102	-21619.054272	-3303.520775	14182.427726	-0.006000	0.954000	-0.218000	192.000000	0.000000	0.000000	0.000000	0.000000	0.000000	0.000000	0.000000	0.000000	0.000000	1741810922.072574	0.000000
36.000000	-8505.710483	-27488.756476	-33961.084063	-33305.641509	-39073.419758	3134.005145	-21206.552828	14435.270659	-19489.357709	-28401.668775	-33029.753927	-2036.132161	-42213.817503	-21621.356502	-3371.537134	14151.850540	-0.004000	0.964000	-0.216000	192.000000	127.500000	112.000000	15.000000	16.000000	124.500000	32.000000	0.000000	0.000000	0.000000	1741810922.072597	0.000000
38.000000	-8506.626905	-27490.186988	-33956.233735	-33309.418954	-39072.637447	3133.379296	-21208.788003	14449.642831	-19486.206113	-28405.423868	-33033.687834	-2022.564652	-42209.883596	-21621.959999	-3319.748142	14179.969034	-0.004000	0.964000	-0.216000	192.000000	0.000000	0.000000	0.000000	0.000000	0.000000	0.000000	0.000000	0.000000	0.000000	1741810922.072625	0.000000
40.000000	-8512.795986	-27495.082020	-33959.921772	-33313.263454	-39072.480985	3127.165512	-21211.671378	14426.888755	-19490.810572	-28410.341252	-33037.375872	-2047.062164	-42220.411267	-21627.927915	-3363.691671	14149.615365	-0.004000	0.964000	-0.216000	192.000000	0.000000	0.000000	0.000000	0.000000	0.000000	0.000000	0.000000	0.000000	0.000000	1741810922.072651	0.000000
42.000000	-8516.796949	-27498.948872	-33966.068502	-33317.487933	-39071.475157	3125.198558	-21206.955160	14447.050029	-19486.697851	-28411.280025	-33035.431270	-2031.214777	-42210.688258	-21624.709263	-3319.725790	14162.512322	-0.004000	0.964000	-0.216000	192.000000	0.000000	0.000000	0.000000	0.000000	0.000000	0.000000	0.000000	0.000000	0.000000	1741810922.132739	0.000000
44.000000	-8518.830957	-27502.234578	-33973.444578	-33318.873741	-39078.247735	3123.499825	-21211.559619	14421.993723	-19494.811534	-28409.402479	-33045.824831	-2051.443106	-42218.109038	-21628.352598	-3357.746107	14134.818510	-0.004000	0.964000	-0.216000	192.000000	0.000000	0.000000	0.000000	0.000000	0.000000	0.000000	0.000000	0.000000	0.000000	1741810922.132795	0.000000
46.000000	-8519.479158	-27491.461038	-33969.734188	-33318.314948	-39076.504299	3128.305450	-21207.446898	14441.417389	-19490.721165	-28414.342214	-33048.104709	-2035.998051	-42230.581311	-21632.621781	-3326.543072	14152.655202	-0.008000	0.968000	-0.226000	192.000000	127.500000	96.000000	15.000000	32.000000	124.000000	120.000000	0.000000	0.000000	0.000000	1741810922.132819	0.000000
48.000000	-8511.700751	-27489.203511	-33962.179299	-33312.101163	-39071.251639	3134.295718	-21202.015424	14423.737159	-19483.367441	-28404.954482	-33034.246628	-2044.648176	-42215.136256	-21622.116461	-3356.919093	14135.109083	-0.008000	0.968000	-0.226000	192.000000	0.000000	0.000000	0.000000	0.000000	0.000000	0.000000	0.000000	0.000000	0.000000	1741810922.132843	0.000000
50.000000	-8512.617172	-27498.837113	-33971.187052	-33317.309119	-39079.275916	3129.266575	-21202.820087	14456.594224	-19486.966072	-28414.073993	-33035.431270	-2031.527702	-42224.523988	-21628.665522	-3321.536281	14159.092505	-0.008000	0.968000	-0.226000	192.000000	0.000000	0.000000	0.000000	0.000000	0.000000	0.000000	0.000000	0.000000	0.000000	1741810922.132891	0.000000
52.000000	-8519.680324	-27487.951814	-33965.397950	-33311.274148	-39074.313828	3140.643613	-21201.926017	14422.016075	-19490.296482	-28402.205217	-33034.224276	-2043.083554	-42224.389878	-21620.305970	-3335.886101	14143.535691	-0.008000	0.968000	-0.226000	192.000000	0.000000	0.000000	0.000000	0.000000	0.000000	0.000000	0.000000	0.000000	0.000000	1741810922.132914	0.000000
54.000000	-8509.130300	-27478.698191	-33960.502918	-33305.239177	-39065.820165	3141.269462	-21188.872598	14448.547596	-19478.830037	-28401.109982	-33031.832639	-2023.503426	-42221.998241	-21616.394414	-3335.126142	14161.238272	-0.008000	0.968000	-0.226000	192.000000	0.000000	0.000000	0.000000	0.000000	0.000000	0.000000	0.000000	0.000000	0.000000	1741810922.132938	0.000000
56.000000	-8519.814434	-27498.501837	-33968.482491	-33319.723108	-39080.304096	3125.556186	-21203.088308	14419.423273	-19477.511284	-28397.243130	-33031.072680	-2032.622937	-42212.476398	-21618.249609	-3331.840435	14153.504569	-0.016000	0.970000	-0.230000	192.000000	127.500000	64.000000	15.000000	40.000000	124.000000	104.000000	0.000000	0.000000	0.000000	1741810922.193051	0.000000
58.000000	-8512.930097	-27499.105334	-33963.319238	-33312.704660	-39077.644238	3125.310317	-21197.969758	14438.265793	-19497.985482	-28414.230456	-33045.154279	-2037.450914	-42227.161494	-21633.605258	-3334.947328	14152.342278	-0.016000	0.970000	-0.230000	192.000000	0.000000	0.000000	0.000000	0.000000	0.000000	0.000000	0.000000	0.000000	0.000000	1741810922.193088	0.000000
60.000000	-8503.117681	-27480.240462	-33950.623447	-33301.081753	-39069.731721	3137.693183	-21196.718061	14403.195906	-19481.378136	-28394.627976	-33026.334110	-2029.448990	-42213.862206	-21612.080528	-3323.994973	14146.530824	-0.016000	0.970000	-0.230000	192.000000	0.000000	0.000000	0.000000	0.000000	0.000000	0.000000	0.000000	0.000000	0.000000	1741810922.193132	0.000000
62.000000	-8510.158480	-27483.503817	-33959.407682	-33303.339279	-39074.827918	3124.907985	-21191.934787	14435.471825	-19484.842656	-28403.747488	-33031.989101	-2024.531606	-42217.550244	-21624.999836	-3351.375860	14153.661031	-0.016000	0.970000	-0.230000	192.000000	0.000000	0.000000	0.000000	0.000000	0.000000	0.000000	0.000000	0.000000	0.000000	1741810922.193156	0.000000
64.000000	-8497.462690	-27479.636965	-33941.570990	-33294.979727	-39065.417834	3140.151875	-21193.588816	14398.032653	-19482.182799	-28401.959348	-33026.736441	-2032.287661	-42212.297584	-21621.356502	-3324.442008	14154.398639	-0.016000	0.970000	-0.230000	192.000000	0.000000	0.000000	0.000000	0.000000	0.000000	0.000000	0.000000	0.000000	0.000000	1741810922.193184	0.000000
66.000000	-8494.825184	-27475.971279	-33948.276514	-33289.145921	-39073.777386	3139.704840	-21186.078630	14443.183177	-19465.933080	-28384.346173	-33008.676232	-2012.685181	-42201.412285	-21603.117478	-3358.126087	14163.942833	-0.020000	0.976000	-0.224000	192.000000	127.500000	48.000000	15.000000	64.000000	124.500000	0.000000	0.000000	0.000000	0.000000	1741810922.193207	0.000000
68.000000	-8501.754225	-27472.283241	-33951.651627	-33295.516169	-39082.561622	3142.074125	-21206.262255	14410.594333	-19478.070078	-28387.341307	-33019.695642	-2018.541338	-42213.795151	-21611.722900	-3303.565479	14170.938929	-0.020000	0.976000	-0.224000	192.000000	0.000000	0.000000	0.000000	0.000000	0.000000	0.000000	0.000000	0.000000	0.000000	1741810922.193233	0.000000
70.000000	-8480.631826	-27455.050046	-33939.291112	-33276.606593	-39072.704503	3155.239303	-21186.346851	14436.231784	-19461.619194	-28373.304412	-33009.793819	-2009.153606	-42210.554148	-21601.351690	-3363.825782	14158.623118	-0.020000	0.976000	-0.224000	192.000000	0.000000	0.000000	0.000000	0.000000	0.000000	0.000000	0.000000	0.000000	0.000000	1741810922.193255	0.000000
72.000000	-8501.933038	-27471.232709	-33951.204592	-33298.220730	-39077.510128	3136.217968	-21200.249636	14423.491290	-19458.847577	-28375.316069	-33001.389563	-2002.023399	-42214.555110	-21602.379871	-3312.394418	14183.344148	-0.020000	0.976000	-0.224000	192.000000	0.000000	0.000000	0.000000	0.000000	0.000000	0.000000	0.000000	0.000000	0.000000	1741810922.253685	0.000000
74.000000	-8510.091425	-27474.808988	-33956.859583	-33301.305270	-39075.319657	3132.753448	-21188.693784	14440.702133	-19474.873778	-28394.940900	-33020.120325	-2026.252690	-42222.802904	-21623.144641	-3373.593494	14154.957432	-0.020000	0.976000	-0.224000	192.000000	0.000000	0.000000	0.000000	0.000000	0.000000	0.000000	0.000000	0.000000	0.000000	1741810922.253718	0.000000
76.000000	-8517.065169	-27486.767171	-33965.062674	-33316.415050	-39080.415855	3129.177169	-21194.169962	14433.482520	-19476.840732	-28396.282005	-33020.679119	-2020.485940	-42221.528855	-21622.898772	-3312.327363	14179.253778	-0.018000	0.970000	-0.222000	192.000000	127.500000	56.000000	15.000000	40.000000	124.500000	8.000000	0.000000	0.000000	0.000000	1741810922.253741	0.000000
78.000000	-8510.650219	-27485.627232	-33958.312447	-33303.026355	-39070.737549	3135.636823	-21178.277871	14432.186119	-19491.324662	-28403.613377	-33029.306892	-2037.115638	-42224.076953	-21627.793804	-3376.834497	14154.242176	-0.018000	0.970000	-0.222000	192.000000	0.000000	0.000000	0.000000	0.000000	0.000000	0.000000	0.000000	0.000000	0.000000	1741810922.253767	0.000000
80.000000	-8517.847481	-27487.728296	-33961.374636	-33312.615253	-39076.146671	3129.445389	-21185.028098	14430.800310	-19485.066174	-28403.993357	-33023.406032	-2022.989335	-42225.641576	-21626.676217	-3314.964868	14181.064270	-0.018000	0.970000	-0.222000	192.000000	0.000000	0.000000	0.000000	0.000000	0.000000	0.000000	0.000000	0.000000	0.000000	1741810922.253791	0.000000
82.000000	-8506.962181	-27480.598090	-33954.065615	-33298.332488	-39063.294418	3137.760238	-21171.997031	14424.854746	-19482.249854	-28402.518142	-33025.976482	-2037.562673	-42222.601738	-21625.357464	-3372.967645	14153.526921	-0.018000	0.970000	-0.222000	192.000000	0.000000	0.000000	0.000000	0.000000	0.000000	0.000000	0.000000	0.000000	0.000000	1741810922.253836	0.000000
84.000000	-8520.596745	-27489.874064	-33956.345493	-33310.849465	-39066.535421	3137.603776	-21174.299261	14428.431026	-19490.430592	-28406.854380	-33028.457526	-2022.587004	-42227.049735	-21626.653865	-3313.690819	14186.249874	-0.018000	0.970000	-0.222000	192.000000	0.000000	0.000000	0.000000	0.000000	0.000000	0.000000	0.000000	0.000000	0.000000	1741810922.253860	0.000000
86.000000	-8507.431568	-27479.011116	-33949.751729	-33294.577395	-39055.963046	3153.227646	-21160.687049	14416.450491	-19483.859179	-28393.957423	-33018.332186	-2034.656946	-42216.387953	-21613.779260	-3371.604189	14163.451095	-0.010000	0.966000	-0.220000	192.000000	127.500000	88.000000	15.000000	24.000000	124.500000	16.000000	0.000000	0.000000	0.000000	1741810922.313689	0.000000
88.000000	-8519.099178	-27485.515474	-33958.312447	-33297.147846	-39063.674398	3149.651366	-21167.280813	14430.465034	-19483.792124	-28402.831066	-33026.289407	-2018.384876	-42221.394744	-21618.026092	-3309.086360	14203.751290	-0.010000	0.966000	-0.220000	192.000000	0.000000	0.000000	0.000000	0.000000	0.000000	0.000000	0.000000	0.000000	0.000000	1741810922.313741	0.000000
90.000000	-8513.354780	-27479.659316	-33951.539868	-33292.364573	-39064.277895	3148.556131	-21165.671488	14419.780900	-19484.462677	-28395.454990	-33021.349671	-2033.517007	-42222.199407	-21604.190362	-3353.678090	14188.172124	-0.010000	0.966000	-0.220000	192.000000	0.000000	0.000000	0.000000	0.000000	0.000000	0.000000	0.000000	0.000000	0.000000	1741810922.313777	0.000000
92.000000	-8532.621984	-27492.690384	-33965.509709	-33308.234311	-39080.415855	3132.954613	-21171.997031	14445.507758	-19482.071040	-28399.075973	-33021.148505	-2011.053504	-42223.205235	-21613.846316	-3307.298220	14214.725997	-0.010000	0.966000	-0.220000	192.000000	0.000000	0.000000	0.000000	0.000000	0.000000	0.000000	0.000000	0.000000	0.000000	1741810922.313814	0.000000
94.000000	-8528.151635	-27494.791447	-33965.912040	-33312.838770	-39084.617982	3128.797189	-21181.496523	14408.761490	-19503.551066	-28414.655139	-33038.895790	-2042.725926	-42251.793117	-21637.382703	-3337.629537	14177.353880	-0.010000	0.966000	-0.220000	192.000000	0.000000	0.000000	0.000000	0.000000	0.000000	0.000000	0.000000	0.000000	0.000000	1741810922.313883	0.000000
96.000000	-8523.904803	-27491.438686	-33963.766273	-33312.905826	-39086.406122	3125.891462	-21183.552883	14440.232747	-19489.067136	-28405.021537	-33026.445869	-2018.764856	-42235.498695	-21628.821984	-3311.500348	14200.130308	-0.010000	0.964000	-0.210000	192.000000	127.500000	88.000000	15.000000	16.000000	124.500000	56.000000	0.000000	0.000000	0.000000	1741810922.313919	0.000000
98.000000	-8522.988382	-27479.927537	-33956.457252	-33303.763962	-39085.310887	3134.675698	-21185.765706	14410.750796	-19492.486953	-28399.634767	-33029.508058	-2034.835760	-42236.437468	-21626.005665	-3337.271909	14174.604616	-0.010000	0.964000	-0.210000	192.000000	0.000000	0.000000	0.000000	0.000000	0.000000	0.000000	0.000000	0.000000	0.000000	1741810922.313961	0.000000
100.000000	-8533.314888	-27491.081058	-33964.258011	-33308.480180	-39094.296288	3123.298660	-21182.077668	14441.596203	-19493.626892	-28405.647386	-33022.266093	-2015.434446	-42238.940863	-21627.659694	-3325.649002	14200.845564	-0.010000	0.964000	-0.210000	192.000000	0.000000	0.000000	0.000000	0.000000	0.000000	0.000000	0.000000	0.000000	0.000000	1741810922.314000	0.000000
102.000000	-8526.072922	-27490.343450	-33956.770177	-33303.853369	-39087.881337	3130.160645	-21185.184560	14394.165801	-19502.232313	-28407.815505	-33036.012415	-2042.837684	-42243.545323	-21629.872516	-3346.637290	14173.621139	-0.010000	0.964000	-0.210000	192.000000	0.000000	0.000000	0.000000	0.000000	0.000000	0.000000	0.000000	0.000000	0.000000	1741810922.373025	0.000000
104.000000	-8517.020466	-27489.762305	-33949.930543	-33288.631831	-39078.515956	3139.682488	-21169.538339	14431.202642	-19482.965110	-28396.036136	-33020.075622	-2011.344077	-42231.430677	-21612.348749	-3351.778192	14194.408261	-0.010000	0.964000	-0.210000	192.000000	0.000000	0.000000	0.000000	0.000000	0.000000	0.000000	0.000000	0.000000	0.000000	1741810922.373119	0.000000
106.000000	-8511.544289	-27484.621404	-33940.587514	-33282.641564	-39065.596648	3153.339404	-21171.460589	14389.851915	-19489.156543	-28392.124580	-33024.456564	-2024.330440	-42227.049735	-21614.650978	-3344.938558	14191.234313	-0.010000	0.962000	-0.210000	192.000000	127.500000	88.000000	15.000000	8.000000	124.500000	56.000000	0.000000	0.000000	0.000000	1741810922.373143	0.000000
108.000000	-8522.027257	-27500.334680	-33957.977171	-33291.179930	-39075.274953	3138.095515	-21170.275947	14441.618555	-19488.038956	-28392.929243	-33024.031880	-2013.713361	-42224.345174	-21604.369176	-3355.957968	14207.305218	-0.010000	0.962000	-0.210000	192.000000	0.000000	0.000000	0.000000	0.000000	0.000000	0.000000	0.000000	0.000000	0.000000	1741810922.373171	0.000000
110.000000	-8523.524824	-27490.343450	-33955.585534	-33295.449113	-39077.107796	3141.314166	-21192.560636	14400.580752	-19500.578284	-28409.737755	-33041.108613	-2041.697746	-42238.583236	-21623.792842	-3324.509063	14193.000101	-0.010000	0.962000	-0.210000	192.000000	0.000000	0.000000	0.000000	0.000000	0.000000	0.000000	0.000000	0.000000	0.000000	1741810922.373194	0.000000
112.000000	-8508.951486	-27487.169503	-33955.406720	-33287.000154	-39071.519860	3145.404535	-21177.853188	14447.787636	-19490.564703	-28397.913682	-33028.301064	-2022.229376	-42226.893273	-21614.136888	-3360.607131	14194.743537	-0.010000	0.962000	-0.210000	192.000000	0.000000	0.000000	0.000000	0.000000	0.000000	0.000000	0.000000	0.000000	0.000000	1741810922.373217	0.000000
114.000000	-8517.623963	-27489.605843	-33963.028665	-33298.198378	-39077.644238	3143.281119	-21198.729718	14425.167671	-19496.398508	-28396.729040	-33031.095032	-2024.106923	-42229.486076	-21613.019301	-3324.196139	14206.902886	-0.010000	0.962000	-0.210000	192.000000	0.000000	0.000000	0.000000	0.000000	0.000000	0.000000	0.000000	0.000000	0.000000	1741810922.373239	0.000000
116.000000	-8510.784329	-27491.572796	-33962.112243	-33294.175064	-39073.710331	3144.823390	-21188.872598	14450.693363	-19495.437383	-28391.632842	-33032.391433	-2024.285737	-42223.473456	-21610.828830	-3370.218381	14189.960264	-0.012000	0.966000	-0.210000	192.000000	127.500000	80.000000	15.000000	24.000000	124.500000	56.000000	0.000000	0.000000	0.000000	1741810922.432708	0.000000
118.000000	-8506.068111	-27487.683593	-33968.817767	-33307.541407	-39077.621886	3142.767029	-21205.926979	14416.852822	-19492.889284	-28404.149819	-33038.694625	-2032.041792	-42228.793172	-21618.674292	-3316.194214	14192.642473	-0.012000	0.966000	-0.210000	192.000000	0.000000	0.000000	0.000000	0.000000	0.000000	0.000000	0.000000	0.000000	0.000000	1741810922.432741	0.000000
120.000000	-8510.247887	-27494.255006	-33978.116092	-33306.200302	-39078.605363	3137.871997	-21202.753032	14442.020886	-19484.842656	-28397.310185	-33029.396299	-2027.705553	-42220.411267	-21618.160202	-3372.542962	14172.190627	-0.012000	0.966000	-0.210000	192.000000	0.000000	0.000000	0.000000	0.000000	0.000000	0.000000	0.000000	0.000000	0.000000	1741810922.432764	0.000000
122.000000	-8496.255695	-27476.060686	-33960.726435	-33298.556006	-39067.496546	3150.344271	-21207.223380	14408.828546	-19488.664805	-28399.970043	-33036.682968	-2027.996126	-42224.434581	-21625.066891	-3308.549918	14186.383985	-0.012000	0.966000	-0.210000	192.000000	0.000000	0.000000	0.000000	0.000000	0.000000	0.000000	0.000000	0.000000	0.000000	1741810922.432787	0.000000
124.000000	-8484.766899	-27465.756531	-33953.909153	-33283.535634	-39058.555848	3162.525971	-21188.760840	14429.146281	-19465.329583	-28372.991487	-33018.443944	-2013.713361	-42202.127540	-21599.205923	-3373.168811	14181.533656	-0.013000	0.962000	-0.211000	192.000000	127.500000	72.000000	14.500000	120.000000	124.500000	48.000000	0.000000	0.000000	0.000000	1741810922.432810	0.000000
126.000000	-8495.518088	-27471.567985	-33962.179299	-33296.633756	-39071.005770	3155.663986	-21213.101889	14432.320229	-19467.028316	-28373.907909	-33018.019261	-2001.554012	-42201.971078	-21595.562589	-3306.158281	14206.366444	-0.013000	0.962000	-0.211000	192.000000	0.000000	0.000000	0.000000	0.000000	0.000000	0.000000	0.000000	0.000000	0.000000	1741810922.432857	0.000000
128.000000	-8498.468518	-27485.448418	-33970.337685	-33294.733857	-39076.750168	3153.741736	-21221.573200	14440.120988	-19489.491819	-28386.313127	-33035.274808	-2018.898966	-42219.271328	-21607.029034	-3359.802468	14180.416069	-0.013000	0.962000	-0.211000	192.000000	0.000000	0.000000	0.000000	0.000000	0.000000	0.000000	0.000000	0.000000	0.000000	1741810922.432886	0.000000
130.000000	-8519.479158	-27500.491142	-33983.860491	-33315.878608	-39089.669477	3142.163532	-21248.819977	14432.946078	-19481.534598	-28393.577444	-33040.773337	-2013.825120	-42227.742640	-21609.286560	-3299.519813	14201.292598	-0.013000	0.962000	-0.211000	192.000000	0.000000	0.000000	0.000000	0.000000	0.000000	0.000000	0.000000	0.000000	0.000000	1741810922.432908	0.000000
132.000000	-8516.752245	-27499.999404	-33990.521311	-33319.119611	-39091.457616	3138.408439	-21258.163006	14426.642886	-19494.230389	-28400.908816	-33051.770395	-2040.110772	-42228.390840	-21621.132984	-3369.972512	14161.819418	-0.013000	0.962000	-0.211000	192.000000	0.000000	0.000000	0.000000	0.000000	0.000000	0.000000	0.000000	0.000000	0.000000	1741810922.493105	0.000000
134.000000	-8505.554021	-27493.919729	-33977.646706	-33309.508361	-39079.275916	3149.941939	-21266.388448	14421.367874	-19494.073927	-28406.988490	-33054.430253	-2027.839664	-42232.257692	-21630.990104	-3314.026095	14183.254741	-0.010500	0.962000	-0.209500	192.000000	127.500000	96.000000	15.000000	8.000000	124.500000	64.000000	0.000000	0.000000	0.000000	1741810922.493175	0.000000
136.000000	-8489.796041	-27485.716639	-33964.079197	-33295.337355	-39066.468366	3160.670776	-21249.490529	14420.876136	-19476.326642	-28382.468627	-33035.185401	-2021.670582	-42206.419075	-21602.692795	-3378.555581	14165.909787	-0.010500	0.962000	-0.209500	192.000000	0.000000	0.000000	0.000000	0.000000	0.000000	0.000000	0.000000	0.000000	0.000000	1741810922.493200	0.000000
138.000000	-8505.598725	-27496.713698	-33981.625316	-33317.823210	-39083.142767	3143.549340	-21258.095951	14450.983936	-19477.198360	-28395.186769	-33034.738366	-2003.588021	-42214.733924	-21610.918237	-3317.132988	14199.750328	-0.010500	0.962000	-0.209500	192.000000	0.000000	0.000000	0.000000	0.000000	0.000000	0.000000	0.000000	0.000000	0.000000	1741810922.493245	0.000000
140.000000	-8507.140995	-27504.290939	-33982.117055	-33318.382003	-39084.528575	3143.214064	-21256.732494	14421.412578	-19494.632720	-28404.909778	-33050.630456	-2038.210873	-42227.653233	-21626.631513	-3364.071651	14162.624080	-0.010500	0.962000	-0.209500	192.000000	0.000000	0.000000	0.000000	0.000000	0.000000	0.000000	0.000000	0.000000	0.000000	1741810922.493268	0.000000
142.000000	-8505.554021	-27503.262759	-33978.607831	-33313.084640	-39084.260355	3145.628052	-21250.317544	14448.368782	-19486.630796	-28401.512313	-33040.952151	-2013.534548	-42223.115828	-21621.445909	-3327.526549	14187.613331	-0.010500	0.962000	-0.209500	192.000000	0.000000	0.000000	0.000000	0.000000	0.000000	0.000000	0.000000	0.000000	0.000000	1741810922.493291	0.000000
144.000000	-8496.948599	-27486.700116	-33966.627296	-33303.763962	-39075.185546	3152.020651	-21246.271878	14426.329962	-19477.824208	-28392.303394	-33037.062947	-2029.091362	-42213.951613	-21608.973635	-3363.244636	14161.707659	-0.007250	0.963000	-0.210750	192.000000	127.500000	112.000000	15.000000	16.000000	124.500000	48.000000	0.000000	0.000000	0.000000	1741810922.493316	0.000000
146.000000	-8505.106986	-27505.788506	-33973.511633	-33310.737707	-39081.287573	3139.123695	-21244.595497	14459.812875	-19485.401450	-28397.265482	-33037.152354	-2005.890251	-42219.584253	-21613.354577	-3326.744238	14184.506438	-0.007250	0.963000	-0.210750	192.000000	0.000000	0.000000	0.000000	0.000000	0.000000	0.000000	0.000000	0.000000	0.000000	1741810922.553359	0.000000
148.000000	-8488.432585	-27487.728296	-33956.189031	-33296.119666	-39064.076729	3155.976910	-21239.365189	14423.737159	-19481.512246	-28385.284947	-33033.285503	-2022.698763	-42206.910814	-21612.996949	-3351.308805	14159.651298	-0.007250	0.963000	-0.210750	192.000000	0.000000	0.000000	0.000000	0.000000	0.000000	0.000000	0.000000	0.000000	0.000000	1741810922.553410	0.000000
150.000000	-8490.131317	-27489.918767	-33955.607886	-33297.416067	-39066.691883	3147.393840	-21227.004674	14469.379421	-19468.481179	-28383.653269	-33023.338976	-1995.273172	-42207.670773	-21604.168010	-3337.808351	14185.936950	-0.007250	0.963000	-0.210750	192.000000	0.000000	0.000000	0.000000	0.000000	0.000000	0.000000	0.000000	0.000000	0.000000	1741810922.553442	0.000000
152.000000	-8487.516163	-27483.950851	-33948.097700	-33296.767866	-39061.953314	3154.993433	-21231.340913	14423.871270	-19481.892226	-28387.095438	-33026.222351	-2015.479149	-42210.352982	-21607.096089	-3330.722848	14172.235331	-0.007250	0.963000	-0.210750	192.000000	0.000000	0.000000	0.000000	0.000000	0.000000	0.000000	0.000000	0.000000	0.000000	1741810922.553465	0.000000
154.000000	-8492.768823	-27493.606805	-33963.386293	-33302.355802	-39072.548040	3146.052736	-21230.245677	14474.453267	-19465.530749	-28380.769894	-33020.567360	-1992.658018	-42204.116846	-21601.172876	-3329.091171	14193.938874	-0.006625	0.963500	-0.215375	192.000000	127.500000	104.000000	15.000000	16.000000	124.500000	16.000000	0.000000	0.000000	0.000000	1741810922.553487	0.000000
156.000000	-8501.329541	-27492.690384	-33962.313409	-33308.435477	-39075.364360	3148.332614	-21244.036704	14430.241517	-19487.480162	-28391.454028	-33040.482764	-2018.541338	-42222.512331	-21616.126194	-3304.683066	14177.353880	-0.006625	0.963500	-0.215375	192.000000	0.000000	0.000000	0.000000	0.000000	0.000000	0.000000	0.000000	0.000000	0.000000	1741810922.553512	0.000000
158.000000	-8496.814489	-27493.226825	-33958.580668	-33296.857273	-39068.234154	3151.171285	-21223.249581	14475.615558	-19476.572511	-28383.608566	-33028.658691	-2000.034094	-42209.056581	-21603.743327	-3325.559595	14180.058441	-0.006625	0.963500	-0.215375	192.000000	0.000000	0.000000	0.000000	0.000000	0.000000	0.000000	0.000000	0.000000	0.000000	1741810922.553535	0.000000
160.000000	-8485.124527	-27481.134532	-33951.539868	-33296.030259	-39063.428529	3160.044928	-21229.463366	14446.513587	-19478.762982	-28381.395743	-33036.012415	-2012.662829	-42210.509445	-21603.408051	-3294.244801	14184.640549	-0.006625	0.963500	-0.215375	192.000000	0.000000	0.000000	0.000000	0.000000	0.000000	0.000000	0.000000	0.000000	0.000000	1741810922.553569	0.000000
162.000000	-8502.134204	-27505.028546	-33970.248278	-33303.853369	-39075.878450	3144.845741	-21222.087291	14485.137401	-19470.738705	-28382.736848	-33033.151392	-2003.297449	-42207.871939	-21602.715147	-3328.979412	14187.501572	-0.006625	0.963500	-0.215375	192.000000	0.000000	0.000000	0.000000	0.000000	0.000000	0.000000	0.000000	0.000000	0.000000	1741810922.613565	0.000000
164.000000	-8494.869887	-27487.571834	-33951.562220	-33299.919462	-39065.574296	3151.595968	-21227.004674	14428.498081	-19485.624967	-28393.488037	-33038.761680	-2019.010725	-42217.125561	-21610.314740	-3288.567458	14180.728994	-0.009313	0.965750	-0.221687	192.000000	127.500000	80.000000	15.000000	32.000000	124.000000	112.000000	0.000000	0.000000	0.000000	1741810922.613594	0.000000
166.000000	-8493.975817	-27487.996517	-33953.775043	-33296.298480	-39062.199183	3146.566826	-21207.133973	14449.687535	-19474.270281	-28382.803903	-33027.250532	-2009.354771	-42211.358811	-21601.038766	-3342.725735	14173.442325	-0.009313	0.965750	-0.221687	192.000000	0.000000	0.000000	0.000000	0.000000	0.000000	0.000000	0.000000	0.000000	0.000000	1741810922.613619	0.000000
168.000000	-8494.176983	-27484.263776	-33953.104490	-33302.422858	-39061.863907	3149.204332	-21223.450747	14411.801328	-19479.165313	-28386.357830	-33035.855953	-2017.602565	-42216.499712	-21612.460507	-3287.561630	14183.657072	-0.009313	0.965750	-0.221687	192.000000	0.000000	0.000000	0.000000	0.000000	0.000000	0.000000	0.000000	0.000000	0.000000	1741810922.613642	0.000000
170.000000	-8496.278047	-27490.455209	-33955.563182	-33297.952509	-39069.262334	3141.984718	-21211.581971	14436.634116	-19473.800894	-28377.707705	-33029.061023	-2010.315896	-42208.386029	-21602.491629	-3349.319500	14169.843694	-0.009313	0.965750	-0.221687	192.000000	0.000000	0.000000	0.000000	0.000000	0.000000	0.000000	0.000000	0.000000	0.000000	1741810922.613680	0.000000
172.000000	-8500.346065	-27494.634985	-33961.017008	-33302.780485	-39075.163195	3147.617358	-21219.740357	14422.552517	-19478.762982	-28382.893310	-33030.625645	-2010.360600	-42214.085724	-21602.558685	-3290.467356	14186.272226	-0.009313	0.965750	-0.221687	192.000000	0.000000	0.000000	0.000000	0.000000	0.000000	0.000000	0.000000	0.000000	0.000000	1741810922.613708	0.000000
174.000000	-8502.067149	-27495.037317	-33968.638953	-33300.925291	-39079.097102	3152.087707	-21216.029968	14438.735180	-19484.730898	-28390.269386	-33039.096956	-2023.324612	-42220.210102	-21611.879362	-3344.782096	14169.128438	-0.007656	0.964875	-0.223844	192.000000	127.500000	104.000000	15.000000	16.000000	124.000000	120.000000	0.000000	0.000000	0.000000	1741810922.613731	0.000000
176.000000	-8503.721178	-27485.850750	-33960.435863	-33295.762038	-39073.464462	3163.442393	-21213.928904	14430.576793	-19484.350918	-28390.358793	-33038.314645	-2012.081684	-42217.527892	-21602.625740	-3284.857069	14191.346072	-0.007656	0.964875	-0.223844	192.000000	0.000000	0.000000	0.000000	0.000000	0.000000	0.000000	0.000000	0.000000	0.000000	1741810922.673875	0.000000
178.000000	-8495.674550	-27497.451305	-33962.872203	-33287.938927	-39068.122395	3160.536666	-21203.892971	14437.952869	-19481.176970	-28374.109074	-33028.815154	-2010.450007	-42207.491959	-21585.973690	-3348.425430	14170.737764	-0.007656	0.964875	-0.223844	192.000000	0.000000	0.000000	0.000000	0.000000	0.000000	0.000000	0.000000	0.000000	0.000000	1741810922.673955	0.000000
180.000000	-8506.336332	-27500.401735	-33970.650610	-33305.753267	-39074.045607	3147.416192	-21214.442994	14428.967467	-19488.776563	-28390.716420	-33037.442927	-2007.566632	-42222.065296	-21606.134964	-3278.464470	14193.000101	-0.007656	0.964875	-0.223844	192.000000	0.000000	0.000000	0.000000	0.000000	0.000000	0.000000	0.000000	0.000000	0.000000	1741810922.673982	0.000000
182.000000	-8501.240134	-27500.826418	-33972.014066	-33299.383020	-39069.329389	3150.187808	-21212.118413	14420.473805	-19489.290653	-28391.051697	-33037.062947	-2032.667641	-42214.197482	-21603.855086	-3340.624671	14163.361688	-0.007656	0.964875	-0.223844	192.000000	0.000000	0.000000	0.000000	0.000000	0.000000	0.000000	0.000000	0.000000	0.000000	1741810922.674033	0.000000
184.000000	-8508.504451	-27508.314253	-33973.668095	-33311.676480	-39076.146671	3143.102305	-21225.685921	14428.319267	-19497.672558	-28403.792191	-33045.109575	-2020.508292	-42221.506503	-21616.528525	-3282.376025	14191.815459	-0.006828	0.964437	-0.221922	192.000000	127.500000	104.000000	15.000000	16.000000	124.500000	16.000000	0.000000	0.000000	0.000000	1741810922.674056	0.000000
186.000000	-8493.573486	-27495.618462	-33958.647723	-33295.717334	-39061.573334	3157.988567	-21210.665549	14413.298895	-19480.148790	-28392.124580	-33029.977444	-2031.237129	-42214.353945	-21611.409975	-3339.484732	14163.585206	-0.006828	0.964437	-0.221922	192.000000	0.000000	0.000000	0.000000	0.000000	0.000000	0.000000	0.000000	0.000000	0.000000	1741810922.674081	0.000000
188.000000	-8502.245963	-27505.609692	-33965.509709	-33308.234311	-39067.831822	3148.891407	-21211.425508	14443.339639	-19474.918482	-28394.605624	-33024.993005	-2007.901908	-42209.123636	-21609.733595	-3290.199136	14201.694930	-0.006828	0.964437	-0.221922	192.000000	0.000000	0.000000	0.000000	0.000000	0.000000	0.000000	0.000000	0.000000	0.000000	1741810922.674104	0.000000
190.000000	-8492.388844	-27499.082982	-33959.228868	-33296.276128	-39059.472270	3159.776707	-21206.776346	14415.489366	-19493.448078	-28406.854380	-33038.649921	-2041.496580	-42218.109038	-21617.713167	-3327.593604	14174.828133	-0.006828	0.964437	-0.221922	192.000000	0.000000	0.000000	0.000000	0.000000	0.000000	0.000000	0.000000	0.000000	0.000000	1741810922.674132	0.000000
192.000000	-8496.926248	-27496.646642	-33955.406720	-33294.040953	-39060.969837	3155.976910	-21202.864790	14451.498026	-19475.432572	-28392.951595	-33023.316625	-2007.454873	-42204.608584	-21606.202019	-3294.557726	14207.394625	-0.006828	0.964437	-0.221922	192.000000	0.000000	0.000000	0.000000	0.000000	0.000000	0.000000	0.000000	0.000000	0.000000	1741810922.734239	0.000000
194.000000	-8492.657065	-27502.502799	-33955.719645	-33296.186721	-39057.371206	3155.105192	-21205.457593	14418.305685	-19482.048688	-28390.314089	-33024.076584	-2028.152588	-42204.519177	-21607.833696	-3322.117427	14184.372328	-0.004414	0.965219	-0.223961	192.000000	127.500000	120.000000	15.000000	24.000000	124.000000	120.000000	0.000000	0.000000	0.000000	1741810922.734286	0.000000
196.000000	-8503.765882	-27498.859465	-33963.408645	-33302.713430	-39063.540287	3149.517256	-21206.396366	14448.413485	-19481.624005	-28399.657118	-33033.196096	-2010.181786	-42210.129465	-21612.281693	-3296.167051	14202.611351	-0.004414	0.965219	-0.223961	192.000000	0.000000	0.000000	0.000000	0.000000	0.000000	0.000000	0.000000	0.000000	0.000000	1741810922.734315	0.000000
198.000000	-8492.612361	-27492.042183	-33951.048130	-33292.051648	-39053.973741	3161.676605	-21205.144668	14417.903354	-19480.528770	-28397.824275	-33028.278712	-2025.023344	-42208.274270	-21608.437193	-3313.489653	14189.423822	-0.004414	0.965219	-0.223961	192.000000	0.000000	0.000000	0.000000	0.000000	0.000000	0.000000	0.000000	0.000000	0.000000	1741810922.734338	0.000000
200.000000	-8501.284838	-27506.190837	-33958.826537	-33297.036087	-39061.796851	3151.998300	-21198.036814	14463.567968	-19484.552084	-28401.646424	-33028.368119	-2004.683257	-42213.996317	-21603.385699	-3301.978505	14217.654075	-0.004414	0.965219	-0.223961	192.000000	0.000000	0.000000	0.000000	0.000000	0.000000	0.000000	0.000000	0.000000	0.000000	1741810922.734362	0.000000
202.000000	-8491.762995	-27492.332756	-33941.928618	-33287.782465	-39045.591837	3164.694090	-21195.667529	14426.531127	-19484.596787	-28397.265482	-33030.111555	-2022.654059	-42210.084761	-21610.113574	-3299.989200	14197.693968	-0.004414	0.965219	-0.223961	192.000000	0.000000	0.000000	0.000000	0.000000	0.000000	0.000000	0.000000	0.000000	0.000000	1741810922.734394	0.000000
204.000000	-8501.530707	-27511.130573	-33957.820708	-33296.790218	-39059.382863	3154.769916	-21187.330328	14475.593206	-19478.003022	-28389.665889	-33023.048404	-2003.610373	-42199.825311	-21597.529542	-3307.946421	14213.943686	-0.006207	0.965609	-0.222980	192.000000	127.500000	96.000000	15.000000	24.000000	124.500000	8.000000	0.000000	0.000000	0.000000	1741810922.734418	0.000000
206.000000	-8507.833899	-27507.196666	-33954.155022	-33303.316927	-39061.238058	3156.312186	-21200.517857	14424.944153	-19497.672558	-28403.300453	-33038.538163	-2027.392629	-42217.304375	-21615.746214	-3288.254534	14192.642473	-0.006207	0.965609	-0.222980	192.000000	0.000000	0.000000	0.000000	0.000000	0.000000	0.000000	0.000000	0.000000	0.000000	1741810922.794467	0.000000
208.000000	-8497.976780	-27500.334680	-33952.009255	-33297.706639	-39056.164212	3154.971082	-21188.492619	14463.433857	-19488.351880	-28398.561883	-33029.441003	-2008.795978	-42205.837930	-21605.665577	-3323.369124	14199.482107	-0.006207	0.965609	-0.222980	192.000000	0.000000	0.000000	0.000000	0.000000	0.000000	0.000000	0.000000	0.000000	0.000000	1741810922.794498	0.000000
210.000000	-8497.529745	-27498.658299	-33948.410624	-33303.071058	-39056.410081	3153.406459	-21198.126220	14425.525299	-19491.950511	-28399.031269	-33030.647997	-2018.943670	-42207.983697	-21604.883266	-3287.382816	14201.650226	-0.006207	0.965609	-0.222980	192.000000	0.000000	0.000000	0.000000	0.000000	0.000000	0.000000	0.000000	0.000000	0.000000	1741810922.794521	0.000000
212.000000	-8498.222649	-27501.005232	-33952.970380	-33301.327622	-39058.377034	3147.885579	-21186.212741	14458.270604	-19482.518075	-28395.678508	-33023.294273	-2010.673524	-42203.356886	-21608.548952	-3328.152398	14192.262494	-0.006207	0.965609	-0.222980	192.000000	0.000000	0.000000	0.000000	0.000000	0.000000	0.000000	0.000000	0.000000	0.000000	1741810922.794568	0.000000
214.000000	-8491.807698	-27493.070363	-33942.018025	-33299.897110	-39054.443127	3154.188771	-21193.789982	14416.718711	-19487.010775	-28401.489961	-33028.055194	-2018.563690	-42215.873863	-21612.907542	-3286.019359	14195.190572	-0.005104	0.965805	-0.219490	192.000000	127.500000	112.000000	15.000000	24.000000	124.500000	32.000000	0.000000	0.000000	0.000000	1741810922.794591	0.000000
216.000000	-8476.988492	-27488.242386	-33940.989845	-33291.045820	-39053.124375	3153.562922	-21174.411020	14462.919767	-19463.116761	-28377.707705	-33003.021241	-1994.848489	-42196.539604	-21593.997967	-3346.056145	14193.335377	-0.005104	0.965805	-0.219490	192.000000	0.000000	0.000000	0.000000	0.000000	0.000000	0.000000	0.000000	0.000000	0.000000	1741810922.794621	0.000000
218.000000	-8497.663855	-27497.965395	-33949.259990	-33309.687175	-39064.747282	3141.872959	-21201.076651	14435.896508	-19486.943720	-28400.506485	-33023.361328	-2010.248841	-42213.817503	-21618.718996	-3279.693816	14198.699796	-0.005104	0.965805	-0.219490	192.000000	0.000000	0.000000	0.000000	0.000000	0.000000	0.000000	0.000000	0.000000	0.000000	1741810922.794643	0.000000
220.000000	-8506.425739	-27502.569855	-33958.647723	-33310.804762	-39069.172927	3133.826331	-21194.259369	14449.285203	-19482.741592	-28402.831066	-33024.411860	-2017.915489	-42206.732000	-21617.400243	-3340.870540	14172.548255	-0.005104	0.965805	-0.219490	192.000000	0.000000	0.000000	0.000000	0.000000	0.000000	0.000000	0.000000	0.000000	0.000000	1741810922.794666	0.000000
222.000000	-8509.286762	-27514.773907	-33953.551525	-33312.637605	-39069.597610	3138.967233	-21201.434279	14422.708979	-19498.119592	-28413.448145	-33036.839430	-2020.173016	-42219.561901	-21623.144641	-3278.866801	14185.579322	-0.005104	0.965805	-0.219490	192.000000	0.000000	0.000000	0.000000	0.000000	0.000000	0.000000	0.000000	0.000000	0.000000	1741810922.853342	0.000000
224.000000	-8503.698826	-27500.580549	-33951.204592	-33301.953471	-39063.316770	3142.632919	-21181.675337	14437.438779	-19487.837790	-28395.902025	-33026.937607	-2015.412094	-42209.391857	-21613.220467	-3344.782096	14167.139133	-0.006552	0.964902	-0.217745	192.000000	127.500000	96.000000	15.000000	16.000000	124.500000	32.000000	0.000000	0.000000	0.000000	1741810922.853390	0.000000
226.000000	-8516.260507	-27508.873047	-33960.793491	-33317.689099	-39070.268163	3136.754410	-21197.075688	14431.403808	-19491.257607	-28405.557979	-33035.118346	-2007.410170	-42221.797075	-21620.641246	-3280.274961	14196.844601	-0.006552	0.964902	-0.217745	192.000000	0.000000	0.000000	0.000000	0.000000	0.000000	0.000000	0.000000	0.000000	0.000000	1741810922.853414	0.000000
228.000000	-8509.152652	-27510.638834	-33964.995618	-33315.900959	-39068.792947	3135.815637	-21188.090287	14436.209433	-19495.638549	-28406.362642	-33036.213581	-2027.459684	-42218.220796	-21621.289447	-3345.989090	14171.453020	-0.006552	0.964902	-0.217745	192.000000	0.000000	0.000000	0.000000	0.000000	0.000000	0.000000	0.000000	0.000000	0.000000	1741810922.853438	0.000000
230.000000	-8517.936887	-27515.958549	-33966.940220	-33323.008814	-39071.497508	3132.954613	-21195.019328	14432.901374	-19502.522886	-28416.264464	-33045.042520	-2027.772609	-42231.654195	-21630.498365	-3279.671464	14186.652206	-0.006552	0.964902	-0.217745	192.000000	0.000000	0.000000	0.000000	0.000000	0.000000	0.000000	0.000000	0.000000	0.000000	1741810922.853461	0.000000
232.000000	-8515.142919	-27512.158753	-33972.639915	-33318.851390	-39071.296343	3130.585328	-21186.123334	14424.742988	-19500.667691	-28414.856305	-33046.718901	-2046.302205	-42224.814561	-21624.083415	-3341.652851	14157.751400	-0.006552	0.964902	-0.217745	192.000000	0.000000	0.000000	0.000000	0.000000	0.000000	0.000000	0.000000	0.000000	0.000000	1741810922.853484	0.000000
234.000000	-8511.991323	-27509.923578	-33966.269668	-33316.593864	-39069.888183	3131.322936	-21184.715174	14434.890680	-19494.230389	-28413.649310	-33037.465279	-2021.849396	-42223.026421	-21626.296237	-3292.411958	14182.539485	-0.008276	0.962451	-0.217873	192.000000	127.500000	88.000000	15.000000	0.000000	124.500000	24.000000	0.000000	0.000000	0.000000	1741810922.853517	0.000000
236.000000	-8508.660914	-27508.493067	-33965.152081	-33311.363555	-39068.614133	3135.793285	-21190.996014	14417.679836	-19493.403374	-28406.943787	-33032.458488	-2035.953347	-42224.278119	-21620.037749	-3346.100848	14157.192607	-0.008276	0.962451	-0.217873	192.000000	0.000000	0.000000	0.000000	0.000000	0.000000	0.000000	0.000000	0.000000	0.000000	1741810922.913654	0.000000
238.000000	-8524.687114	-27517.322006	-33979.032514	-33329.021433	-39083.858023	3124.796227	-21199.623787	14437.751703	-19502.299369	-28421.137145	-33042.226200	-2024.218681	-42230.983642	-21628.687874	-3297.865784	14190.250837	-0.008276	0.962451	-0.217873	192.000000	0.000000	0.000000	0.000000	0.000000	0.000000	0.000000	0.000000	0.000000	0.000000	1741810922.913755	0.000000
240.000000	-8503.430605	-27506.101430	-33962.805148	-33314.023413	-39065.797814	3140.129523	-21189.789020	14407.018054	-19500.287712	-28415.437450	-33041.779165	-2046.436315	-42227.988509	-21626.095072	-3348.827761	14146.709638	-0.008276	0.962451	-0.217873	192.000000	0.000000	0.000000	0.000000	0.000000	0.000000	0.000000	0.000000	0.000000	0.000000	1741810922.913777	0.000000
242.000000	-8503.564716	-27500.871122	-33959.228868	-33314.336337	-39063.629694	3139.123695	-21180.848322	14444.524282	-19482.942758	-28406.921435	-33027.831677	-2013.065161	-42214.890386	-21611.991121	-3320.418694	14177.420935	-0.008276	0.962451	-0.217873	192.000000	0.000000	0.000000	0.000000	0.000000	0.000000	0.000000	0.000000	0.000000	0.000000	1741810922.913801	0.000000
244.000000	-8510.627867	-27504.626215	-33961.396988	-33316.347994	-39067.697712	3133.491055	-21189.230226	14419.378569	-19484.149752	-28407.748450	-33030.178610	-2034.433429	-42218.980756	-21618.875458	-3344.737392	14158.176083	-0.007138	0.959226	-0.215936	192.000000	127.500000	104.000000	14.500000	112.000000	124.500000	40.000000	0.000000	0.000000	0.000000	1741810922.913824	0.000000
246.000000	-8510.896088	-27511.868180	-33963.453348	-33315.073945	-39066.133090	3133.960442	-21182.658813	14455.409581	-19486.474334	-28413.537552	-33035.990064	-2020.865920	-42218.556073	-21622.697606	-3315.903642	14173.174104	-0.007138	0.959226	-0.215936	192.000000	0.000000	0.000000	0.000000	0.000000	0.000000	0.000000	0.000000	0.000000	0.000000	1741810922.913861	0.000000
248.000000	-8506.850422	-27504.827381	-33957.194860	-33308.860160	-39063.003846	3147.572654	-21182.010613	14420.451453	-19494.744479	-28414.498677	-33037.040596	-2039.730792	-42221.282985	-21619.456603	-3316.238918	14159.293671	-0.007138	0.959226	-0.215936	192.000000	0.000000	0.000000	0.000000	0.000000	0.000000	0.000000	0.000000	0.000000	0.000000	1741810922.913884	0.000000
250.000000	-8512.930097	-27508.113087	-33959.228868	-33304.210997	-39070.871660	3145.538645	-21184.983395	14446.379476	-19495.504438	-28414.543380	-33033.866648	-2020.687106	-42224.211064	-21615.567400	-3302.000857	14189.647340	-0.007138	0.959226	-0.215936	192.000000	0.000000	0.000000	0.000000	0.000000	0.000000	0.000000	0.000000	0.000000	0.000000	1741810922.913907	0.000000
252.000000	-8504.816413	-27491.237520	-33943.940275	-33292.923366	-39064.456709	3163.978835	-21191.778325	14399.530220	-19486.496685	-28398.763049	-33026.848200	-2028.398458	-42213.482227	-21606.313778	-3303.654886	14182.405374	-0.007138	0.959226	-0.215936	192.000000	0.000000	0.000000	0.000000	0.000000	0.000000	0.000000	0.000000	0.000000	0.000000	1741810922.975416	0.000000
254.000000	-8502.916515	-27504.760326	-33949.528211	-33291.671668	-39062.176831	3164.694090	-21172.712287	14444.881909	-19477.399525	-28394.136237	-33015.806438	-2007.633687	-42204.273308	-21592.075717	-3313.869633	14207.573439	-0.006569	0.959613	-0.214968	192.000000	127.500000	104.000000	15.000000	0.000000	124.500000	40.000000	0.000000	0.000000	0.000000	1741810922.975448	0.000000
0.000000	-8525.759998	-27523.893419	-33965.465005	-33316.146829	-39069.977590	3144.801038	-21191.308938	14395.238685	-19502.209962	-28424.847534	-33045.735424	-2045.005804	-42234.068183	-21623.725787	-3291.540240	14195.548200	-0.006569	0.959613	-0.214968	192.000000	0.000000	0.000000	0.000000	0.000000	0.000000	0.000000	0.000000	0.000000	0.000000	1741810922.975503	0.000000
2.000000	-8517.445149	-27521.345320	-33965.040322	-33308.614291	-39061.595686	3143.370526	-21171.482941	14424.072435	-19495.549142	-28424.556962	-33039.499288	-2033.315841	-42221.350041	-21620.864763	-3339.596491	14184.282921	-0.006569	0.959613	-0.214968	192.000000	0.000000	0.000000	0.000000	0.000000	0.000000	0.000000	0.000000	0.000000	0.000000	1741810922.975531	0.000000
4.000000	-8519.613268	-27520.875933	-33957.708950	-33312.972881	-39057.684130	3143.281119	-21176.065049	14389.181362	-19505.249799	-28428.535572	-33043.232029	-2039.261405	-42225.395706	-21628.307894	-3305.040694	14187.121592	-0.006569	0.959613	-0.214968	192.000000	0.000000	0.000000	0.000000	0.000000	0.000000	0.000000	0.000000	0.000000	0.000000	1741810922.975559	0.000000
6.000000	-8510.694922	-27520.607712	-33957.910115	-33307.228483	-39057.617075	3137.469666	-21164.263328	14423.334828	-19499.214828	-28421.964159	-33037.331168	-2026.006821	-42219.897177	-21620.954170	-3352.024061	14176.236293	-0.006569	0.959613	-0.214968	192.000000	0.000000	0.000000	0.000000	0.000000	0.000000	0.000000	0.000000	0.000000	0.000000	1741810922.975583	0.000000
8.000000	-8515.701713	-27521.881762	-33949.930543	-33308.480180	-39057.393558	3142.230587	-21172.645232	14397.339749	-19501.427651	-28424.914590	-33036.928837	-2030.052487	-42218.891349	-21620.104804	-3303.677237	14182.606540	-0.006284	0.957806	-0.211484	192.000000	127.500000	104.000000	14.500000	112.000000	124.500000	64.000000	0.000000	0.000000	0.000000	1741810922.975605	0.000000
10.000000	-8525.357667	-27538.042073	-33961.844022	-33314.157523	-39066.647180	3128.439561	-21169.650098	14432.119063	-19505.115688	-28424.780479	-33036.258285	-2030.119542	-42215.985622	-21622.898772	-3353.923959	14169.039031	-0.006284	0.957806	-0.211484	192.000000	0.000000	0.000000	0.000000	0.000000	0.000000	0.000000	0.000000	0.000000	0.000000	1741810923.034335	0.000000
12.000000	-8534.812455	-27550.871974	-33964.503880	-33325.154582	-39074.425587	3121.264651	-21189.967834	14391.885923	-19526.796881	-28443.175965	-33052.016264	-2043.463533	-42231.698898	-21640.400188	-3287.628685	14176.929197	-0.006284	0.957806	-0.211484	192.000000	0.000000	0.000000	0.000000	0.000000	0.000000	0.000000	0.000000	0.000000	0.000000	1741810923.034401	0.000000
14.000000	-8541.182702	-27555.767006	-33967.878993	-33313.777544	-39073.732683	3120.661154	-21176.132104	14402.994740	-19529.523793	-28442.103081	-33045.936590	-2046.033984	-42229.955462	-21633.918182	-3352.493447	14152.163464	-0.006284	0.957806	-0.211484	192.000000	0.000000	0.000000	0.000000	0.000000	0.000000	0.000000	0.000000	0.000000	0.000000	1741810923.034425	0.000000
16.000000	-8544.468408	-27559.835024	-33956.524307	-33308.413125	-39067.965933	3132.172302	-21181.138895	14393.249380	-19541.034942	-28446.953410	-33052.552706	-2035.215740	-42235.968081	-21637.606220	-3300.302124	14174.492857	-0.006284	0.957806	-0.211484	192.000000	0.000000	0.000000	0.000000	0.000000	0.000000	0.000000	0.000000	0.000000	0.000000	1741810923.034447	0.000000
18.000000	-8561.746307	-27586.254786	-33967.923697	-33309.910692	-39072.615096	3121.979907	-21179.753087	14413.142432	-19551.696724	-28449.434453	-33051.703340	-2046.481019	-42231.207160	-21635.549859	-3356.069726	14163.160522	-0.007142	0.956903	-0.209742	192.000000	127.500000	96.000000	14.500000	112.000000	124.500000	64.000000	0.000000	0.000000	0.000000	1741810923.034471	0.000000
20.000000	-8567.378946	-27591.418039	-33961.128767	-33304.546273	-39063.674398	3135.748581	-21178.479037	14402.435947	-19568.751105	-28460.945602	-33066.097863	-2044.916397	-42242.740660	-21641.115444	-3292.456662	14180.706642	-0.007142	0.956903	-0.209742	192.000000	0.000000	0.000000	0.000000	0.000000	0.000000	0.000000	0.000000	0.000000	0.000000	1741810923.034495	0.000000
22.000000	-8567.043670	-27607.935978	-33965.129729	-33298.511302	-39059.181697	3141.627090	-21166.319688	14416.562249	-19572.617957	-28454.061264	-33061.851032	-2055.779345	-42237.197427	-21628.889040	-3359.511895	14167.362650	-0.007142	0.956903	-0.209742	192.000000	0.000000	0.000000	0.000000	0.000000	0.000000	0.000000	0.000000	0.000000	0.000000	1741810923.034529	0.000000
24.000000	-8577.727804	-27629.259542	-33973.601040	-33315.118648	-39061.886258	3138.743715	-21177.719078	14422.820738	-19591.326367	-28471.428570	-33071.931669	-2056.360490	-42245.266407	-21633.247630	-3293.171918	14200.353825	-0.007142	0.956903	-0.209742	192.000000	0.000000	0.000000	0.000000	0.000000	0.000000	0.000000	0.000000	0.000000	0.000000	1741810923.034560	0.000000
26.000000	-8588.277827	-27642.335313	-33981.759427	-33324.081698	-39065.440186	3130.786494	-21178.568444	14411.108424	-19604.782117	-28477.083561	-33082.928727	-2083.473156	-42250.586122	-21634.767548	-3346.078497	14165.798028	-0.007142	0.956903	-0.209742	192.000000	0.000000	0.000000	0.000000	0.000000	0.000000	0.000000	0.000000	0.000000	0.000000	1741810923.095472	0.000000
28.000000	-8595.273923	-27650.650162	-33983.726380	-33333.558838	-39067.608305	3127.344325	-21185.877465	14414.550592	-19622.082367	-28491.701602	-33093.210529	-2077.438185	-42252.374262	-21644.781130	-3296.792900	14177.152714	-0.008571	0.957452	-0.208871	192.000000	127.500000	88.000000	14.500000	120.000000	124.500000	64.000000	0.000000	0.000000	0.000000	1741810923.095503	0.000000
30.000000	-8596.682083	-27647.520917	-33985.156892	-33328.283826	-39069.083520	3125.712648	-21188.313805	14396.579790	-19619.690731	-28489.309965	-33089.053105	-2095.386636	-42252.262503	-21641.316610	-3355.689747	14138.484196	-0.008571	0.957452	-0.208871	192.000000	0.000000	0.000000	0.000000	0.000000	0.000000	0.000000	0.000000	0.000000	0.000000	1741810923.095528	0.000000
32.000000	-8610.026075	-27662.988325	-33999.529064	-33342.499535	-39087.389599	3112.279250	-21200.674319	14412.561287	-19631.671266	-28496.730744	-33100.765419	-2081.997941	-42258.386881	-21655.219395	-3308.907546	14157.282014	-0.008571	0.957452	-0.208871	192.000000	0.000000	0.000000	0.000000	0.000000	0.000000	0.000000	0.000000	0.000000	0.000000	1741810923.095551	0.000000
34.000000	-8594.558667	-27648.057359	-33983.145235	-33333.469431	-39073.509165	3122.046962	-21198.349738	14369.131848	-19632.319466	-28493.847369	-33103.671146	-2104.617906	-42260.756166	-21658.080418	-3356.114430	14121.563926	-0.008571	0.957452	-0.208871	192.000000	0.000000	0.000000	0.000000	0.000000	0.000000	0.000000	0.000000	0.000000	0.000000	1741810923.095598	0.000000
36.000000	-8587.920199	-27659.434397	-33990.029572	-33336.889248	-39077.331314	3117.867186	-21196.203970	14411.890735	-19620.405986	-28485.867797	-33092.450570	-2078.913400	-42248.216837	-21647.239822	-3331.303994	14147.871929	-0.008571	0.957452	-0.208871	192.000000	0.000000	0.000000	0.000000	0.000000	0.000000	0.000000	0.000000	0.000000	0.000000	1741810923.095622	0.000000
38.000000	-8598.716092	-27654.360551	-33993.494093	-33339.079718	-39082.405160	3122.248128	-21214.845325	14378.407821	-19636.968629	-28500.262320	-33105.794562	-2114.452674	-42261.203201	-21655.912299	-3347.352546	14121.630981	-0.010286	0.959726	-0.208436	192.000000	127.500000	80.000000	15.000000	8.000000	124.500000	64.000000	0.000000	0.000000	0.000000	1741810923.095644	0.000000
40.000000	-8597.866726	-27666.408141	-33996.802151	-33334.966998	-39083.142767	3124.393895	-21202.887142	14419.333866	-19617.991998	-28486.404239	-33092.584681	-2081.170926	-42256.464631	-21641.026037	-3338.680069	14146.195548	-0.010286	0.959726	-0.208436	192.000000	0.000000	0.000000	0.000000	0.000000	0.000000	0.000000	0.000000	0.000000	0.000000	1741810923.155557	0.000000
42.000000	-8585.059176	-27647.029179	-33992.957651	-33330.988387	-39079.074750	3135.815637	-21209.257389	14380.642996	-19633.995847	-28494.026183	-33107.672108	-2102.561546	-42259.348006	-21648.558575	-3340.892892	14130.348162	-0.010286	0.959726	-0.208436	192.000000	0.000000	0.000000	0.000000	0.000000	0.000000	0.000000	0.000000	0.000000	0.000000	1741810923.155595	0.000000
44.000000	-8575.716147	-27628.767804	-33996.019840	-33319.656053	-39077.241907	3141.492980	-21199.579084	14424.206546	-19601.272893	-28470.534500	-33087.287317	-2065.591760	-42242.427736	-21631.951229	-3350.392383	14151.783484	-0.010286	0.959726	-0.208436	192.000000	0.000000	0.000000	0.000000	0.000000	0.000000	0.000000	0.000000	0.000000	0.000000	1741810923.155637	0.000000
46.000000	-8569.211789	-27624.833897	-33993.650555	-33315.141000	-39079.141805	3148.846704	-21216.342892	14385.873304	-19597.629559	-28469.551023	-33092.897605	-2079.002807	-42248.820335	-21632.912354	-3329.761723	14154.890377	-0.010286	0.959726	-0.208436	192.000000	0.000000	0.000000	0.000000	0.000000	0.000000	0.000000	0.000000	0.000000	0.000000	1741810923.155664	0.000000
48.000000	-8545.071905	-27605.119658	-33982.117055	-33298.220730	-39062.310941	3164.537628	-21190.839552	14414.684703	-19585.134934	-28465.035971	-33080.358276	-2059.176810	-42241.176038	-21627.190307	-3339.328270	14166.602691	-0.011143	0.959863	-0.207218	192.000000	127.500000	80.000000	15.000000	0.000000	124.500000	72.000000	0.000000	0.000000	0.000000	1741810923.155687	0.000000
50.000000	-8553.252644	-27612.629844	-33985.089837	-33312.168218	-39066.825994	3170.170268	-21199.892008	14386.923836	-19569.823989	-28449.389750	-33075.597355	-2059.132106	-42232.816486	-21612.393452	-3312.081493	14172.414145	-0.011143	0.959863	-0.207218	192.000000	0.000000	0.000000	0.000000	0.000000	0.000000	0.000000	0.000000	0.000000	0.000000	1741810923.155712	0.000000
52.000000	-8541.763847	-27597.274196	-33983.502863	-33310.938872	-39060.008712	3171.019634	-21191.532456	14429.548613	-19569.578119	-28446.931058	-33069.540032	-2051.666624	-42228.457895	-21613.801612	-3337.249558	14175.521037	-0.011143	0.959863	-0.207218	192.000000	0.000000	0.000000	0.000000	0.000000	0.000000	0.000000	0.000000	0.000000	0.000000	1741810923.155736	0.000000
54.000000	-8543.395524	-27591.239225	-33981.066523	-33323.478201	-39062.199183	3167.041024	-21208.475078	14390.991854	-19563.476093	-28449.657971	-33074.189195	-2061.300225	-42232.660023	-21618.294313	-3290.288543	14180.706642	-0.011143	0.959863	-0.207218	192.000000	0.000000	0.000000	0.000000	0.000000	0.000000	0.000000	0.000000	0.000000	0.000000	1741810923.155758	0.000000
56.000000	-8519.702675	-27576.911757	-33971.701142	-33307.116724	-39051.403290	3168.426832	-21188.514970	14428.095749	-19536.452834	-28429.004959	-33052.955038	-2039.708440	-42210.196520	-21604.659749	-3340.602319	14166.625043	-0.011143	0.959863	-0.207218	192.000000	0.000000	0.000000	0.000000	0.000000	0.000000	0.000000	0.000000	0.000000	0.000000	1741810923.214476	0.000000
58.000000	-8534.320716	-27577.001164	-33982.742904	-33324.931064	-39063.853212	3150.791305	-21221.752014	14402.279485	-19543.895965	-28433.654122	-33062.745102	-2043.441182	-42223.294642	-21622.474089	-3277.726862	14171.654185	-0.011571	0.959931	-0.207609	192.000000	127.500000	80.000000	15.000000	0.000000	124.500000	64.000000	0.000000	0.000000	0.000000	1741810923.214508	0.000000
60.000000	-8531.459693	-27575.749466	-33986.766218	-33322.919407	-39068.256506	3145.024555	-21218.712177	14422.708979	-19539.872651	-28435.643427	-33067.483672	-2046.905702	-42221.841779	-21628.911391	-3332.220415	14148.251909	-0.011571	0.959931	-0.207609	192.000000	0.000000	0.000000	0.000000	0.000000	0.000000	0.000000	0.000000	0.000000	0.000000	1741810923.214533	0.000000
62.000000	-8538.634603	-27582.834969	-33986.855625	-33324.819306	-39069.262334	3146.700936	-21232.279686	14396.043348	-19538.218622	-28437.833898	-33068.556555	-2041.965966	-42227.653233	-21630.587772	-3279.626760	14157.952566	-0.011571	0.959931	-0.207609	192.000000	0.000000	0.000000	0.000000	0.000000	0.000000	0.000000	0.000000	0.000000	0.000000	1741810923.214557	0.000000
64.000000	-8528.218690	-27579.884539	-33982.966421	-33317.309119	-39065.484889	3141.247111	-21225.372997	14415.221145	-19538.531546	-28439.197354	-33069.137701	-2049.967891	-42224.009898	-21628.576115	-3342.524569	14141.635792	-0.011571	0.959931	-0.207609	192.000000	0.000000	0.000000	0.000000	0.000000	0.000000	0.000000	0.000000	0.000000	0.000000	1741810923.214580	0.000000
66.000000	-8534.633641	-27576.956460	-33983.279345	-33325.556913	-39070.961067	3137.402610	-21247.456520	14406.191040	-19533.189479	-28440.851383	-33066.746064	-2037.517969	-42226.513294	-21627.302066	-3268.093260	14161.998232	-0.011571	0.959931	-0.207609	192.000000	0.000000	0.000000	0.000000	0.000000	0.000000	0.000000	0.000000	0.000000	0.000000	1741810923.214632	0.000000
68.000000	-8502.938867	-27550.894326	-33960.793491	-33303.585148	-39050.665683	3150.143105	-21223.294285	14409.610857	-19516.671540	-28429.027310	-33052.552706	-2036.713307	-42211.269404	-21618.718996	-3340.781133	14136.629002	-0.012786	0.959966	-0.209804	192.000000	127.500000	72.000000	15.000000	0.000000	124.500000	48.000000	0.000000	0.000000	0.000000	1741810923.214660	0.000000
70.000000	-8508.482100	-27553.196556	-33963.363941	-33309.016622	-39055.493659	3144.711631	-21229.552773	14413.611819	-19514.346959	-28423.573485	-33045.556610	-2013.780417	-42208.117808	-21618.718996	-3271.356615	14175.588092	-0.012786	0.959966	-0.209804	192.000000	0.000000	0.000000	0.000000	0.000000	0.000000	0.000000	0.000000	0.000000	0.000000	1741810923.214686	0.000000
72.000000	-8511.521937	-27550.514346	-33966.716703	-33300.969994	-39062.355645	3145.069259	-21225.149480	14415.265848	-19511.709453	-28419.416060	-33050.138718	-2027.996126	-42209.235395	-21622.407034	-3322.899738	14153.459865	-0.012786	0.959966	-0.209804	192.000000	0.000000	0.000000	0.000000	0.000000	0.000000	0.000000	0.000000	0.000000	0.000000	1741810923.274844	0.000000
74.000000	-8511.343123	-27546.736902	-33965.599116	-33294.264471	-39060.768671	3149.584311	-21231.586782	14418.126871	-19503.729880	-28419.281950	-33050.608105	-2011.433484	-42223.898139	-21619.635417	-3263.466449	14183.545313	-0.012786	0.959966	-0.209804	192.000000	0.000000	0.000000	0.000000	0.000000	0.000000	0.000000	0.000000	0.000000	0.000000	1741810923.274876	0.000000
76.000000	-8512.863042	-27551.564878	-33966.649648	-33286.083732	-39059.069939	3153.741736	-21226.200012	14405.051101	-19503.953398	-28411.145915	-33046.718901	-2016.507330	-42211.917604	-21608.079566	-3330.924014	14157.885511	-0.012786	0.959966	-0.209804	192.000000	0.000000	0.000000	0.000000	0.000000	0.000000	0.000000	0.000000	0.000000	0.000000	1741810923.274899	0.000000
78.000000	-8506.358684	-27540.120785	-33958.558316	-33288.207148	-39053.191430	3162.838896	-21224.478927	14410.706092	-19499.170124	-28420.690110	-33048.238820	-2005.219699	-42216.052677	-21604.749156	-3280.878458	14187.479220	-0.014393	0.958983	-0.209902	192.000000	127.500000	64.000000	14.500000	120.000000	124.500000	56.000000	0.000000	0.000000	0.000000	1741810923.274942	0.000000
80.000000	-8493.349969	-27518.707814	-33951.875144	-33285.480235	-39048.564619	3167.711576	-21213.817145	14396.892714	-19482.451020	-28398.316014	-33030.960921	-2008.997143	-42197.478378	-21590.488743	-3337.406020	14161.707659	-0.014393	0.958983	-0.209902	192.000000	0.000000	0.000000	0.000000	0.000000	0.000000	0.000000	0.000000	0.000000	0.000000	1741810923.274967	0.000000
82.000000	-8515.098216	-27536.097471	-33976.730284	-33309.240140	-39066.937753	3144.801038	-21228.882221	14427.738121	-19488.463639	-28407.681395	-33040.996854	-1998.670637	-42214.510407	-21608.526600	-3286.064063	14180.058441	-0.014393	0.958983	-0.209902	192.000000	0.000000	0.000000	0.000000	0.000000	0.000000	0.000000	0.000000	0.000000	0.000000	1741810923.274991	0.000000
84.000000	-8505.151690	-27535.359864	-33972.639915	-33308.882512	-39061.126299	3145.896273	-21226.691750	14393.092918	-19491.704642	-28412.308206	-33055.100805	-2027.012649	-42222.668794	-21621.110633	-3321.759799	14137.277202	-0.014393	0.958983	-0.209902	192.000000	0.000000	0.000000	0.000000	0.000000	0.000000	0.000000	0.000000	0.000000	0.000000	1741810923.275014	0.000000
86.000000	-8503.452957	-27532.252971	-33970.136520	-33308.189608	-39060.858078	3143.258768	-21218.555715	14423.692456	-19483.099220	-28411.771764	-33043.142622	-2003.856242	-42219.248977	-21617.467298	-3304.101921	14163.339336	-0.014393	0.958983	-0.209902	192.000000	0.000000	0.000000	0.000000	0.000000	0.000000	0.000000	0.000000	0.000000	0.000000	1741810923.334524	0.000000
88.000000	-8502.938867	-27529.570762	-33963.363941	-33307.899035	-39058.868773	3141.604738	-21222.221401	14394.791650	-19479.791162	-28406.943787	-33037.755851	-2019.390705	-42213.124599	-21618.227258	-3322.810331	14147.089618	-0.014196	0.962491	-0.212951	192.000000	127.500000	72.000000	15.000000	24.000000	124.500000	32.000000	0.000000	0.000000	0.000000	1741810923.334564	0.000000
90.000000	-8505.665780	-27523.625198	-33965.733226	-33311.676480	-39061.953314	3131.546453	-21221.729663	14424.117139	-19475.030240	-28416.063299	-33041.645055	-2004.459739	-42211.604680	-21625.916258	-3298.178708	14161.171217	-0.014196	0.962491	-0.212951	192.000000	0.000000	0.000000	0.000000	0.000000	0.000000	0.000000	0.000000	0.000000	0.000000	1741810923.334593	0.000000
92.000000	-8497.574448	-27519.512477	-33953.328008	-33305.842674	-39053.549058	3142.096477	-21222.064939	14386.208580	-19477.019546	-28404.865075	-33040.192192	-2017.557862	-42210.241224	-21616.327359	-3303.364313	14143.669801	-0.014196	0.962491	-0.212951	192.000000	0.000000	0.000000	0.000000	0.000000	0.000000	0.000000	0.000000	0.000000	0.000000	1741810923.334617	0.000000
94.000000	-8508.213879	-27524.653378	-33959.497089	-33311.162390	-39059.271104	3129.713610	-21216.789927	14433.504872	-19475.901958	-28403.814543	-33039.454584	-1998.938858	-42209.481264	-21615.813269	-3303.856051	14153.370458	-0.014196	0.962491	-0.212951	192.000000	0.000000	0.000000	0.000000	0.000000	0.000000	0.000000	0.000000	0.000000	0.000000	1741810923.334640	0.000000
96.000000	-8502.245963	-27520.540657	-33947.695368	-33306.513227	-39049.637502	3141.180055	-21219.539192	14394.814002	-19475.700793	-28405.826200	-33040.885096	-2013.691010	-42210.464741	-21618.920162	-3292.791938	14141.367572	-0.014196	0.962491	-0.212951	192.000000	0.000000	0.000000	0.000000	0.000000	0.000000	0.000000	0.000000	0.000000	0.000000	1741810923.334664	0.000000
98.000000	-8503.497661	-27528.207305	-33955.540831	-33303.026355	-39054.085500	3138.631956	-21205.323482	14438.846938	-19470.179912	-28404.283929	-33038.761680	-1997.933030	-42206.374372	-21615.634455	-3306.225336	14150.017697	-0.015098	0.965246	-0.215476	192.000000	127.500000	64.000000	15.000000	32.000000	124.500000	24.000000	0.000000	0.000000	0.000000	1741810923.334691	0.000000
100.000000	-8506.716312	-27520.652416	-33948.902362	-33295.449113	-39048.206991	3151.953596	-21211.626674	14398.323226	-19483.993290	-28406.608511	-33048.976427	-2019.211891	-42211.202349	-21613.265170	-3269.032034	14150.844711	-0.015098	0.965246	-0.215476	192.000000	0.000000	0.000000	0.000000	0.000000	0.000000	0.000000	0.000000	0.000000	0.000000	1741810923.334719	0.000000
102.000000	-8499.720216	-27524.273398	-33950.779909	-33283.468578	-39048.005825	3153.048832	-21189.073764	14445.530110	-19473.353860	-28388.995336	-33036.414747	-1994.379103	-42195.757293	-21599.831772	-3302.984333	14162.691136	-0.015098	0.965246	-0.215476	192.000000	0.000000	0.000000	0.000000	0.000000	0.000000	0.000000	0.000000	0.000000	0.000000	1741810923.397401	0.000000
104.000000	-8507.856251	-27523.513439	-33955.674941	-33286.888395	-39051.403290	3154.412288	-21200.875485	14416.919877	-19479.478238	-28395.030307	-33046.473032	-2006.538451	-42207.670773	-21602.290464	-3246.881455	14171.341261	-0.015098	0.965246	-0.215476	192.000000	0.000000	0.000000	0.000000	0.000000	0.000000	0.000000	0.000000	0.000000	0.000000	1741810923.397431	0.000000
106.000000	-8504.905820	-27521.233561	-33961.911078	-33283.490930	-39054.331369	3158.927340	-21187.442087	14446.580642	-19478.651223	-28401.199389	-33048.708206	-2006.136120	-42211.694087	-21600.815249	-3293.283676	14164.993365	-0.015098	0.965246	-0.215476	192.000000	0.000000	0.000000	0.000000	0.000000	0.000000	0.000000	0.000000	0.000000	0.000000	1741810923.397454	0.000000
108.000000	-8502.447129	-27513.052823	-33959.184165	-33289.391791	-39048.475212	3176.004073	-21190.012537	14424.787691	-19468.950566	-28394.672679	-33040.460413	-2003.632725	-42213.616337	-21595.227312	-3255.397469	14182.941816	-0.012549	0.964623	-0.215738	192.000000	127.500000	88.000000	15.000000	16.000000	124.500000	32.000000	0.000000	0.000000	0.000000	1741810923.397489	0.000000
110.000000	-8492.142974	-27520.719471	-33966.046150	-33292.610442	-39049.413985	3170.639654	-21170.633575	14450.246328	-19465.307232	-28392.772781	-33037.755851	-2004.303277	-42206.240261	-21588.499437	-3324.665526	14171.765944	-0.012549	0.964623	-0.215738	192.000000	0.000000	0.000000	0.000000	0.000000	0.000000	0.000000	0.000000	0.000000	0.000000	1741810923.397518	0.000000
112.000000	-8510.627867	-27538.533811	-33982.094703	-33325.266340	-39063.674398	3153.249997	-21194.594645	14429.727427	-19482.406316	-28412.956406	-33048.417634	-2011.880518	-42225.708631	-21615.276827	-3264.516981	14178.694985	-0.012549	0.964623	-0.215738	192.000000	0.000000	0.000000	0.000000	0.000000	0.000000	0.000000	0.000000	0.000000	0.000000	1741810923.397544	0.000000
114.000000	-8504.771710	-27540.187840	-33985.648630	-33323.455849	-39060.813375	3151.998300	-21184.201084	14434.331886	-19491.168200	-28413.381089	-33055.100805	-2027.459684	-42228.413192	-21619.993045	-3336.377840	14143.915670	-0.012549	0.964623	-0.215738	192.000000	0.000000	0.000000	0.000000	0.000000	0.000000	0.000000	0.000000	0.000000	0.000000	1741810923.397568	0.000000
116.000000	-8507.118643	-27536.879782	-33985.514520	-33331.703643	-39060.455747	3152.043003	-21187.956177	14412.382473	-19489.983557	-28422.210028	-33057.470090	-2018.340173	-42228.346137	-21627.793804	-3284.566496	14156.276185	-0.012549	0.964623	-0.215738	192.000000	0.000000	0.000000	0.000000	0.000000	0.000000	0.000000	0.000000	0.000000	0.000000	1741810923.455122	0.000000
118.000000	-8501.061320	-27525.681558	-33979.211328	-33322.494724	-39048.765784	3155.060489	-21171.348831	14416.159918	-19481.489895	-28410.587121	-33048.149413	-2019.033077	-42216.052677	-21619.367196	-3361.367090	14127.084807	-0.009275	0.965311	-0.215869	192.000000	127.500000	104.000000	15.000000	24.000000	124.500000	32.000000	0.000000	0.000000	0.000000	1741810923.455149	0.000000
120.000000	-8509.823204	-27527.715567	-33976.886747	-33330.273131	-39052.699691	3146.767991	-21178.501389	14413.812985	-19487.569569	-28418.298473	-33051.122195	-2012.439312	-42222.199407	-21622.988179	-3293.551897	14147.648412	-0.009275	0.965311	-0.215869	192.000000	0.000000	0.000000	0.000000	0.000000	0.000000	0.000000	0.000000	0.000000	0.000000	1741810923.455190	0.000000
122.000000	-8502.178908	-27528.028492	-33971.634087	-33317.487933	-39048.206991	3149.718422	-21165.582081	14408.962656	-19495.705604	-28415.884485	-33052.105671	-2023.123446	-42221.707669	-21616.841449	-3346.570235	14116.154804	-0.009275	0.965311	-0.215869	192.000000	0.000000	0.000000	0.000000	0.000000	0.000000	0.000000	0.000000	0.000000	0.000000	1741810923.455213	0.000000
124.000000	-8505.732835	-27529.190782	-33967.476662	-33316.973843	-39047.022348	3150.456029	-21166.967889	14422.150185	-19490.095316	-28418.030252	-33044.282561	-1999.564707	-42221.350041	-21618.607237	-3283.873592	14149.749476	-0.009275	0.965311	-0.215869	192.000000	0.000000	0.000000	0.000000	0.000000	0.000000	0.000000	0.000000	0.000000	0.000000	1741810923.455237	0.000000
126.000000	-8512.147786	-27534.041111	-33969.287153	-33316.482105	-39048.698729	3141.761201	-21166.364392	14408.314456	-19495.035052	-28415.862133	-33046.115404	-2022.072914	-42221.037116	-21619.188383	-3333.002726	14127.196566	-0.009275	0.965311	-0.215869	192.000000	0.000000	0.000000	0.000000	0.000000	0.000000	0.000000	0.000000	0.000000	0.000000	1741810923.455260	0.000000
128.000000	-8509.890259	-27528.050843	-33962.626334	-33308.346070	-39048.050529	3143.638747	-21163.503368	14423.647752	-19500.578284	-28421.427717	-33045.333093	-2009.220661	-42219.338384	-21623.681083	-3279.313836	14153.728086	-0.008637	0.964656	-0.215934	192.000000	127.500000	96.000000	15.000000	16.000000	124.500000	32.000000	0.000000	0.000000	0.000000	1741810923.455283	0.000000
130.000000	-8505.442262	-27532.275323	-33959.228868	-33295.337355	-39050.062186	3149.830180	-21158.697743	14405.162860	-19501.338244	-28415.951540	-33039.834564	-2021.894100	-42217.930224	-21619.858935	-3321.692744	14133.544461	-0.008637	0.964656	-0.215934	192.000000	0.000000	0.000000	0.000000	0.000000	0.000000	0.000000	0.000000	0.000000	0.000000	1741810923.455313	0.000000
132.000000	-8512.661876	-27537.595038	-33967.700180	-33296.857273	-39054.487831	3149.629015	-21161.625822	14426.218203	-19502.031148	-28416.264464	-33040.996854	-1998.156547	-42222.512331	-21611.097051	-3284.812365	14167.943796	-0.008637	0.964656	-0.215934	192.000000	0.000000	0.000000	0.000000	0.000000	0.000000	0.000000	0.000000	0.000000	0.000000	1741810923.515433	0.000000
134.000000	-8514.852347	-27523.111108	-33961.285229	-33295.180892	-39049.346930	3152.400631	-21159.077723	14390.522467	-19509.451927	-28413.381089	-33051.770395	-2020.932975	-42224.345174	-21615.723862	-3310.069836	14151.783484	-0.008637	0.964656	-0.215934	192.000000	0.000000	0.000000	0.000000	0.000000	0.000000	0.000000	0.000000	0.000000	0.000000	1741810923.515470	0.000000
136.000000	-8518.808606	-27529.928390	-33967.051979	-33300.724125	-39053.213782	3151.104230	-21155.657906	14419.557383	-19508.624912	-28418.320825	-33046.651846	-2001.442254	-42224.188712	-21616.260304	-3278.151545	14178.560874	-0.008637	0.964656	-0.215934	192.000000	0.000000	0.000000	0.000000	0.000000	0.000000	0.000000	0.000000	0.000000	0.000000	1741810923.515494	0.000000
138.000000	-8494.556963	-27507.017852	-33951.741034	-33285.033200	-39040.115659	3174.461803	-21152.752179	14384.822772	-19494.230389	-28404.708613	-33040.415709	-2012.975754	-42215.404477	-21600.390565	-3306.314743	14148.453075	-0.009319	0.962328	-0.216967	192.000000	127.500000	88.000000	15.000000	0.000000	124.500000	24.000000	0.000000	0.000000	0.000000	1741810923.515516	0.000000
140.000000	-8504.682303	-27518.104317	-33969.935354	-33301.640547	-39055.627770	3159.843762	-21157.513101	14426.218203	-19488.262473	-28404.373336	-33038.582866	-1990.758120	-42219.763067	-21601.217580	-3299.922144	14171.631834	-0.009319	0.962328	-0.216967	192.000000	0.000000	0.000000	0.000000	0.000000	0.000000	0.000000	0.000000	0.000000	0.000000	1741810923.515540	0.000000
142.000000	-8500.748396	-27506.950796	-33960.391159	-33302.981651	-39047.581142	3164.202352	-21162.251671	14385.292159	-19494.744479	-28403.836894	-33043.209677	-2011.858167	-42224.166360	-21610.068871	-3315.948345	14142.976897	-0.009319	0.962328	-0.216967	192.000000	0.000000	0.000000	0.000000	0.000000	0.000000	0.000000	0.000000	0.000000	0.000000	1741810923.515573	0.000000
144.000000	-8493.975817	-27509.118916	-33962.693389	-33304.210997	-39047.916418	3157.340367	-21153.713304	14434.264831	-19475.298461	-28394.516217	-33022.891941	-1985.639570	-42215.762104	-21601.508153	-3330.521683	14160.143037	-0.009319	0.962328	-0.216967	192.000000	0.000000	0.000000	0.000000	0.000000	0.000000	0.000000	0.000000	0.000000	0.000000	1741810923.515595	0.000000
146.000000	-8504.995227	-27509.498895	-33967.521366	-33312.570550	-39053.169078	3154.412288	-21171.192368	14395.641016	-19493.425726	-28399.433601	-33036.951189	-2005.063236	-42218.645480	-21614.114537	-3306.471206	14148.676592	-0.009319	0.962328	-0.216967	192.000000	0.000000	0.000000	0.000000	0.000000	0.000000	0.000000	0.000000	0.000000	0.000000	1741810923.575716	0.000000
148.000000	-8512.840690	-27524.966303	-33980.865357	-33323.455849	-39067.250677	3136.888520	-21166.990240	14430.107406	-19494.252741	-28413.984586	-33038.247590	-1996.010780	-42228.636709	-21622.988179	-3326.252499	14143.133359	-0.008659	0.961164	-0.215484	192.000000	127.500000	96.000000	15.000000	0.000000	124.500000	40.000000	0.000000	0.000000	0.000000	1741810923.575742	0.000000
150.000000	-8504.503489	-27518.216076	-33966.917868	-33319.924273	-39055.136032	3141.537683	-21171.393534	14387.795554	-19503.685177	-28420.377185	-33044.416671	-2014.898004	-42229.866055	-21629.157261	-3301.598525	14124.357894	-0.008659	0.961164	-0.215484	192.000000	0.000000	0.000000	0.000000	0.000000	0.000000	0.000000	0.000000	0.000000	0.000000	1741810923.575766	0.000000
152.000000	-8492.880582	-27516.718509	-33956.948990	-33305.708564	-39046.664720	3145.203369	-21157.490749	14432.811967	-19492.263435	-28404.641557	-33026.714090	-1995.943725	-42215.337421	-21613.823964	-3346.994918	14127.151862	-0.008659	0.961164	-0.215484	192.000000	0.000000	0.000000	0.000000	0.000000	0.000000	0.000000	0.000000	0.000000	0.000000	1741810923.575801	0.000000
154.000000	-8498.133242	-27516.562047	-33954.803223	-33309.217788	-39046.999997	3147.192675	-21173.673412	14411.488403	-19492.442249	-28409.827162	-33030.580942	-2001.375199	-42208.609546	-21614.047481	-3296.636438	14143.513339	-0.008659	0.961164	-0.215484	192.000000	0.000000	0.000000	0.000000	0.000000	0.000000	0.000000	0.000000	0.000000	0.000000	1741810923.575824	0.000000
156.000000	-8503.676475	-27517.500820	-33955.250258	-33299.450076	-39038.729851	3147.527951	-21151.165205	14436.321191	-19494.230389	-28409.514238	-33029.217485	-1994.021475	-42211.783494	-21612.795784	-3338.970642	14143.647449	-0.008659	0.961164	-0.215484	192.000000	0.000000	0.000000	0.000000	0.000000	0.000000	0.000000	0.000000	0.000000	0.000000	1741810923.575850	0.000000
158.000000	-8505.352855	-27519.892457	-33948.500031	-33295.292651	-39031.264368	3153.048832	-21151.500482	14415.645828	-19498.857200	-28414.789249	-33039.007549	-1997.955382	-42208.631898	-21614.494516	-3275.022301	14167.049726	-0.008330	0.962582	-0.214742	192.000000	127.500000	96.000000	15.000000	16.000000	124.500000	40.000000	0.000000	0.000000	0.000000	1741810923.575873	0.000000
160.000000	-8513.868870	-27535.158698	-33960.167642	-33295.896148	-39038.662796	3141.828256	-21144.929069	14445.194834	-19506.523848	-28417.404403	-33035.163049	-2005.711437	-42210.800017	-21609.532429	-3314.629592	14163.875778	-0.008330	0.962582	-0.214742	192.000000	0.000000	0.000000	0.000000	0.000000	0.000000	0.000000	0.000000	0.000000	0.000000	1741810923.575898	0.000000
162.000000	-8515.165271	-27536.365692	-33956.054921	-33299.494779	-39036.807601	3150.388974	-21150.964040	14416.450491	-19511.865915	-28427.887372	-33047.255343	-2013.802768	-42226.602701	-21619.076624	-3251.195341	14176.839790	-0.008330	0.962582	-0.214742	192.000000	0.000000	0.000000	0.000000	0.000000	0.000000	0.000000	0.000000	0.000000	0.000000	1741810923.635567	0.000000
164.000000	-8510.314943	-27545.060521	-33960.346456	-33299.472427	-39040.875619	3147.371488	-21139.341133	14431.403808	-19505.473316	-28426.881543	-33039.029901	-2018.697800	-42213.392820	-21607.386661	-3313.780226	14155.069191	-0.008330	0.962582	-0.214742	192.000000	0.000000	0.000000	0.000000	0.000000	0.000000	0.000000	0.000000	0.000000	0.000000	1741810923.635607	0.000000
166.000000	-8529.023353	-27552.190727	-33967.230793	-33315.208055	-39045.949465	3147.639709	-21150.159377	14422.999552	-19519.063177	-28446.886354	-33058.006532	-2030.231301	-42229.709593	-21629.179612	-3242.008775	14178.449116	-0.008330	0.962582	-0.214742	192.000000	0.000000	0.000000	0.000000	0.000000	0.000000	0.000000	0.000000	0.000000	0.000000	1741810923.635629	0.000000
168.000000	-8516.327562	-27534.756367	-33965.733226	-33302.422858	-39042.753165	3156.558055	-21137.977676	14433.102540	-19516.783299	-28431.575409	-33050.608105	-2038.054411	-42224.009898	-21623.636380	-3320.105770	14157.863159	-0.008165	0.963291	-0.210371	192.000000	127.500000	96.000000	15.000000	16.000000	124.500000	72.000000	0.000000	0.000000	0.000000	1741810923.635651	0.000000
170.000000	-8525.782350	-27541.014855	-33976.350305	-33312.347032	-39054.934866	3149.383145	-21157.110769	14437.796406	-19512.335302	-28429.072014	-33048.395282	-2016.797902	-42229.262558	-21622.161165	-3265.165182	14184.349976	-0.008165	0.963291	-0.210371	192.000000	0.000000	0.000000	0.000000	0.000000	0.000000	0.000000	0.000000	0.000000	0.000000	1741810923.635675	0.000000
172.000000	-8504.570544	-27523.736957	-33962.134595	-33301.640547	-39047.983473	3155.194599	-21147.946554	14420.116177	-19510.368348	-28430.055491	-33048.752910	-2036.020402	-42232.615320	-21623.077586	-3329.493502	14147.246080	-0.008165	0.963291	-0.210371	192.000000	0.000000	0.000000	0.000000	0.000000	0.000000	0.000000	0.000000	0.000000	0.000000	1741810923.635698	0.000000
174.000000	-8503.184736	-27509.565951	-33957.463081	-33301.819360	-39043.021386	3157.452125	-21140.548127	14438.154034	-19489.871799	-28417.851438	-33029.418651	-2007.924260	-42215.672698	-21608.727766	-3285.482917	14180.036089	-0.008165	0.963291	-0.210371	192.000000	0.000000	0.000000	0.000000	0.000000	0.000000	0.000000	0.000000	0.000000	0.000000	1741810923.635728	0.000000
176.000000	-8498.580277	-27518.372538	-33956.546659	-33296.611404	-39045.502430	3160.022576	-21138.938801	14430.353276	-19494.856238	-28410.542418	-33026.222351	-2018.429580	-42213.728096	-21610.828830	-3338.680069	14160.813589	-0.008165	0.963291	-0.210371	192.000000	0.000000	0.000000	0.000000	0.000000	0.000000	0.000000	0.000000	0.000000	0.000000	1741810923.695895	0.000000
178.000000	-8503.274143	-27515.600922	-33958.670075	-33301.014698	-39057.594723	3155.932207	-21151.902813	14450.268680	-19493.090450	-28413.559903	-33025.954130	-1998.156547	-42219.204273	-21608.481897	-3287.092243	14191.927217	-0.008082	0.959645	-0.206185	192.000000	127.500000	96.000000	14.500000	112.000000	124.500000	88.000000	0.000000	0.000000	0.000000	1741810923.695925	0.000000
