42.000000	-34675.937554	-22899.205732	-32733.749775	-19896.472382	-42662.975808	-34233.417718	-40522.483352	-15901.656854	-30887.048648	-32667.007466	-38533.043985	-22352.660877	-28225.514677	-41191.292249	-36750.022978	-187500.022352	0.000000	0.000000	0.000000	192.000000	0.000000	0.000000	0.000000	0.000000	0.000000	0.000000	0.000000	0.000000	0.000000	1741901913.137433	0.000000
44.000000	-34681.301973	-22895.785915	-32742.243438	-19889.766859	-42670.374235	-34224.052337	-40524.673822	-15897.119450	-30893.821227	-32678.608022	-38544.152802	-22360.238118	-28237.003474	-41201.082313	-36744.390338	-187500.022352	0.000000	0.000000	0.000000	192.000000	0.000000	0.000000	0.000000	0.000000	0.000000	0.000000	0.000000	0.000000	0.000000	1741901913.140672	0.000000
46.000000	-34677.613935	-22899.161029	-32735.292046	-19893.007862	-42664.965113	-34227.606264	-40525.724354	-15904.339064	-30883.606480	-32658.357341	-38529.802982	-22344.949525	-28223.726538	-41180.250487	-36746.849030	-187500.022352	0.000000	0.000000	0.000000	192.000000	0.000000	0.000000	0.000000	0.000000	0.000000	0.000000	0.000000	0.000000	0.000000	1741901913.143646	0.000000
48.000000	-34682.620726	-22899.026918	-32737.549572	-19887.799905	-42667.870840	-34224.275854	-40522.885683	-15897.946465	-30893.843579	-32678.116283	-38548.265523	-22363.233252	-28237.606971	-41197.349572	-36747.854858	-187500.022352	0.000000	0.000000	0.000000	192.000000	0.000000	0.000000	0.000000	0.000000	0.000000	0.000000	0.000000	0.000000	0.000000	1741901913.146168	0.000000
50.000000	-34678.865633	-22903.474915	-32739.672987	-19894.885408	-42670.284828	-34236.166982	-40528.294805	-15909.234096	-30892.390715	-32671.410760	-38540.911799	-22355.276031	-28231.884924	-41189.012371	-36758.538992	-187500.022352	-0.041000	0.462000	-0.180000	192.000000	126.500000	56.000000	14.000000	112.000000	122.000000	96.000000	0.000000	0.000000	0.000000	1741901913.148262	0.000000
52.000000	-34679.424426	-22897.261130	-32743.852764	-19888.917492	-42671.134194	-34224.700537	-40529.211227	-15905.099023	-30893.731820	-32676.484606	-38551.283008	-22361.445112	-28238.255172	-41195.740246	-36750.246495	-187500.022352	-0.041000	0.462000	-0.180000	192.000000	0.000000	0.000000	0.000000	0.000000	0.000000	0.000000	0.000000	0.000000	0.000000	1741901913.150458	0.000000
54.000000	-34641.046481	-22863.800569	-32704.983080	-19866.364582	-42634.052650	-34195.084476	-40492.107331	-15870.610281	-30876.878605	-32653.886992	-38523.164513	-22333.863060	-28214.562322	-41165.766557	-36746.960789	-187500.022352	-0.041000	0.462000	-0.180000	192.000000	0.000000	0.000000	0.000000	0.000000	0.000000	0.000000	0.000000	0.000000	0.000000	1741901913.152528	0.000000
56.000000	-34664.873441	-22886.331127	-32729.391185	-19874.567673	-42658.214886	-34210.216607	-40514.012040	-15890.883314	-30868.250831	-32652.635295	-38525.757316	-22335.584144	-28212.438907	-41174.014351	-36720.898655	-187500.022352	-0.041000	0.462000	-0.180000	192.000000	0.000000	0.000000	0.000000	0.000000	0.000000	0.000000	0.000000	0.000000	0.000000	1741901913.154588	0.000000
58.000000	-34649.271923	-22870.506092	-32714.191999	-19868.510350	-42640.691118	-34196.917319	-40496.376514	-15875.751183	-30864.406331	-32642.018216	-38509.731115	-22322.664836	-28200.614834	-41159.172792	-36731.202809	-187500.022352	-0.041000	0.462000	-0.180000	192.000000	0.000000	0.000000	0.000000	0.000000	0.000000	0.000000	0.000000	0.000000	0.000000	1741901913.156595	0.000000
0.000000	-17335.521261	-11440.941565	-16353.653831	-9939.440780	-21327.833394	-17106.058253	-20246.590107	-7939.630203	-15436.561756	-16329.111615	-19263.806255	-11169.412574	-14106.610609	-20589.063536	-18364.349707	-93750.011176	-0.082000	0.918000	-0.358000	192.000000	126.500000	56.000000	14.000000	88.000000	122.000000	104.000000	0.000000	0.000000	0.000000	1741901913.240473	0.000000
2.000000	-34661.207755	-22859.374924	-32701.786781	-19869.627937	-42648.044842	-34187.440179	-40473.689493	-15855.969889	-30856.940848	-32638.978379	-38521.175208	-22330.957333	-28201.486552	-41156.781156	-36727.112440	-187500.022352	-0.082000	0.918000	-0.358000	192.000000	0.000000	0.000000	0.000000	0.000000	0.000000	0.000000	0.000000	0.000000	0.000000	1741901913.297793	0.000000
4.000000	-34663.621743	-22871.780142	-32703.977252	-19881.653176	-42651.174086	-34203.980470	-40488.665162	-15874.208912	-30848.536593	-32625.880256	-38509.820522	-22321.055510	-28193.059944	-41145.515876	-36726.911274	-187500.022352	-0.082000	0.918000	-0.358000	192.000000	0.000000	0.000000	0.000000	0.000000	0.000000	0.000000	0.000000	0.000000	0.000000	1741901913.300057	0.000000
6.000000	-34675.155243	-22875.535235	-32714.862551	-19887.218760	-42659.824212	-34203.376973	-40494.320154	-15876.064107	-30866.775616	-32651.964742	-38532.485191	-22346.290630	-28215.836372	-41171.108624	-36739.182382	-187500.022352	-0.082000	0.918000	-0.358000	192.000000	0.000000	0.000000	0.000000	0.000000	0.000000	0.000000	0.000000	0.000000	0.000000	1741901913.302105	0.000000
8.000000	-34668.025037	-22878.686831	-32712.202693	-19888.828086	-42661.053558	-34211.513008	-40499.841034	-15881.964967	-30852.157575	-32634.753899	-38513.061525	-22330.242077	-28200.972462	-41152.266103	-36737.662463	-187500.022352	-0.078000	0.916000	-0.352000	192.000000	126.500000	72.000000	14.000000	80.000000	122.500000	0.000000	0.000000	0.000000	0.000000	1741901913.304163	0.000000
10.000000	-34681.905470	-22886.755811	-32728.474763	-19892.851400	-42675.962171	-34215.268101	-40506.792427	-15884.893046	-30874.308154	-32658.893783	-38541.425889	-22357.734723	-28227.191058	-41182.060979	-36748.681873	-187500.022352	-0.078000	0.916000	-0.352000	192.000000	0.000000	0.000000	0.000000	0.000000	0.000000	0.000000	0.000000	0.000000	0.000000	1741901913.306307	0.000000
12.000000	-34657.966752	-22869.075581	-32703.060830	-19886.279987	-42646.279054	-34201.611185	-40483.904241	-15868.486866	-30864.808663	-32644.700425	-38526.539627	-22342.557888	-28212.707128	-41161.787946	-36753.398091	-187500.022352	-0.078000	0.916000	-0.352000	192.000000	0.000000	0.000000	0.000000	0.000000	0.000000	0.000000	0.000000	0.000000	0.000000	1741901913.308340	0.000000
14.000000	-34656.268019	-22864.493473	-32698.679888	-19875.260577	-42640.512304	-34192.223453	-40472.750720	-15858.227415	-30847.128433	-32633.837477	-38516.391935	-22331.180850	-28196.189189	-41153.964836	-36717.054155	-187500.022352	-0.078000	0.916000	-0.352000	192.000000	0.000000	0.000000	0.000000	0.000000	0.000000	0.000000	0.000000	0.000000	0.000000	1741901913.310378	0.000000
16.000000	-34679.737351	-22890.332090	-32720.450487	-19889.342176	-42662.931104	-34211.244787	-40495.661258	-15881.920264	-30854.213936	-32629.233018	-38514.402630	-22325.883487	-28197.686755	-41150.612074	-36732.029823	-187500.022352	-0.078000	0.916000	-0.352000	192.000000	0.000000	0.000000	0.000000	0.000000	0.000000	0.000000	0.000000	0.000000	0.000000	1741901913.358230	0.000000
18.000000	-34655.843336	-22862.459464	-32692.868435	-19876.288757	-42631.929234	-34186.456703	-40467.207487	-15853.578252	-30866.865023	-32652.121204	-38534.742717	-22345.083635	-28211.611892	-41172.494432	-36733.147411	-187500.022352	-0.084000	0.918000	-0.354000	192.000000	126.500000	48.000000	14.000000	88.000000	122.000000	120.000000	0.000000	0.000000	0.000000	1741901913.360403	0.000000
20.000000	-34648.288446	-22857.653839	-32688.398086	-19864.442332	-42625.447229	-34181.382857	-40469.934400	-15849.286717	-30838.411252	-32620.001748	-38496.700048	-22311.153687	-28180.721781	-41136.821048	-36713.634338	-187500.022352	-0.084000	0.918000	-0.354000	192.000000	0.000000	0.000000	0.000000	0.000000	0.000000	0.000000	0.000000	0.000000	0.000000	1741901913.362588	0.000000
22.000000	-34652.870554	-22862.370057	-32699.886882	-19868.890329	-42631.683365	-34192.692839	-40474.941191	-15858.406229	-30844.267409	-32637.413757	-38509.462894	-22325.279990	-28193.082296	-41155.462403	-36711.890902	-187500.022352	-0.084000	0.918000	-0.354000	192.000000	0.000000	0.000000	0.000000	0.000000	0.000000	0.000000	0.000000	0.000000	0.000000	1741901913.364616	0.000000
24.000000	-34631.770507	-22841.158252	-32683.190129	-19855.389876	-42613.958432	-34168.195327	-40447.225028	-15834.243993	-30834.745566	-32619.040623	-38492.699086	-22309.253789	-28179.693601	-41134.943501	-36716.875341	-187500.022352	-0.084000	0.918000	-0.354000	192.000000	0.000000	0.000000	0.000000	0.000000	0.000000	0.000000	0.000000	0.000000	0.000000	1741901913.366629	0.000000
26.000000	-34670.036694	-22884.185360	-32720.115211	-19872.779533	-42656.024415	-34202.460552	-40496.018886	-15877.047584	-30842.322808	-32631.624655	-38509.172321	-22318.373301	-28192.568206	-41149.896818	-36709.476913	-187500.022352	-0.084000	0.918000	-0.354000	192.000000	0.000000	0.000000	0.000000	0.000000	0.000000	0.000000	0.000000	0.000000	0.000000	1741901913.368758	0.000000
28.000000	-34670.394322	-22880.407915	-32719.735231	-19881.004975	-42652.157563	-34202.214682	-40484.284220	-15868.553921	-30877.459750	-32655.295152	-38536.910836	-22342.714351	-28221.089032	-41172.337970	-36748.994797	-187500.022352	-0.086000	0.920000	-0.354000	192.000000	126.500000	40.000000	14.000000	96.000000	122.000000	120.000000	0.000000	0.000000	0.000000	1741901913.370815	0.000000
30.000000	-34652.803499	-22868.650898	-32703.329051	-19873.830065	-42639.350014	-34200.314784	-40477.310476	-15866.631671	-30853.722197	-32642.800527	-38523.097458	-22326.799908	-28201.419497	-41161.027987	-36717.814114	-187500.022352	-0.086000	0.920000	-0.354000	192.000000	0.000000	0.000000	0.000000	0.000000	0.000000	0.000000	0.000000	0.000000	0.000000	1741901913.373020	0.000000
32.000000	-34659.061987	-22867.756828	-32706.860627	-19869.918510	-42642.546313	-34193.139874	-40475.365874	-15863.278909	-30857.142014	-32637.659626	-38517.509522	-22321.681359	-28200.547779	-41157.541115	-36727.604178	-187500.022352	-0.086000	0.920000	-0.354000	192.000000	0.000000	0.000000	0.000000	0.000000	0.000000	0.000000	0.000000	0.000000	0.000000	1741901913.417530	0.000000
34.000000	-34671.467205	-22884.788857	-32716.337766	-19885.698841	-42655.242104	-34216.117467	-40493.895470	-15882.523761	-30857.142014	-32644.655722	-38522.292795	-22327.515164	-28202.268863	-41166.124185	-36720.563378	-187500.022352	-0.086000	0.920000	-0.354000	192.000000	0.000000	0.000000	0.000000	0.000000	0.000000	0.000000	0.000000	0.000000	0.000000	1741901913.419711	0.000000
36.000000	-34668.829700	-22872.763619	-32709.676946	-19876.959309	-42644.133287	-34196.358525	-40481.199680	-15867.570444	-30868.831977	-32649.371940	-38526.271406	-22333.103100	-28210.360194	-41165.855964	-36736.790745	-187500.022352	-0.086000	0.920000	-0.354000	192.000000	0.000000	0.000000	0.000000	0.000000	0.000000	0.000000	0.000000	0.000000	0.000000	1741901913.421783	0.000000
38.000000	-34664.761682	-22878.418610	-32706.234778	-19878.367469	-42641.629892	-34203.578139	-40484.261869	-15873.426601	-30859.310133	-32640.967684	-38523.544493	-22328.610400	-28203.118229	-41161.363263	-36719.132867	-187500.022352	-0.082000	0.920000	-0.358000	192.000000	126.500000	56.000000	14.000000	96.000000	122.000000	104.000000	0.000000	0.000000	0.000000	1741901913.423817	0.000000
40.000000	-34686.129950	-22891.047346	-32722.909179	-19881.541417	-42656.940837	-34204.271043	-40492.129683	-15877.360508	-30873.704657	-32649.215478	-38531.144086	-22335.137109	-28215.568151	-41166.168888	-36734.555570	-187500.022352	-0.082000	0.920000	-0.358000	192.000000	0.000000	0.000000	0.000000	0.000000	0.000000	0.000000	0.000000	0.000000	0.000000	1741901913.426039	0.000000
42.000000	-34681.413732	-22895.115363	-32715.443696	-19890.124487	-42648.603636	-34211.267139	-40495.147168	-15880.310938	-30869.837805	-32652.121204	-38531.524066	-22336.992304	-28211.455430	-41165.319522	-36731.828658	-187500.022352	-0.082000	0.920000	-0.358000	192.000000	0.000000	0.000000	0.000000	0.000000	0.000000	0.000000	0.000000	0.000000	0.000000	1741901913.428064	0.000000
44.000000	-34687.225185	-22893.483686	-32719.556417	-19888.805734	-42648.022491	-34199.174845	-40482.876060	-15867.950424	-30881.751285	-32662.023027	-38543.146973	-22348.704618	-28223.681834	-41177.389464	-36738.087146	-187500.022352	-0.082000	0.920000	-0.358000	192.000000	0.000000	0.000000	0.000000	0.000000	0.000000	0.000000	0.000000	0.000000	0.000000	1741901913.430114	0.000000
46.000000	-34668.270906	-22883.335994	-32704.468990	-19886.682318	-42632.957415	-34198.839569	-40480.618534	-15867.279871	-30862.573488	-32646.019178	-38524.639729	-22332.209031	-28196.300947	-41157.116432	-36718.507018	-187500.022352	-0.082000	0.920000	-0.358000	192.000000	0.000000	0.000000	0.000000	0.000000	0.000000	0.000000	0.000000	0.000000	0.000000	1741901913.477458	0.000000
48.000000	-34688.432180	-22894.802439	-32723.065641	-19884.938882	-42648.335415	-34199.957156	-40486.407636	-15876.086459	-30870.553061	-32653.439957	-38533.736889	-22341.596763	-28207.141543	-41167.577048	-36716.920044	-187500.022352	-0.086000	0.914000	-0.364000	192.000000	126.500000	40.000000	14.000000	72.000000	122.000000	80.000000	0.000000	0.000000	0.000000	1741901913.479675	0.000000
50.000000	-34702.938462	-22919.434061	-32742.355197	-19915.918400	-42665.658017	-34236.993997	-40509.742857	-15903.467346	-30892.770695	-32674.942335	-38556.513316	-22366.116627	-28226.744023	-41189.772330	-36740.054100	-187500.022352	-0.086000	0.914000	-0.364000	192.000000	0.000000	0.000000	0.000000	0.000000	0.000000	0.000000	0.000000	0.000000	0.000000	1741901913.481865	0.000000
52.000000	-34699.585700	-22911.074509	-32738.287179	-19910.665740	-42661.657055	-34217.503276	-40498.343468	-15888.514029	-30898.023355	-32685.112379	-38565.789290	-22376.554892	-28236.288218	-41200.948203	-36747.117251	-187500.022352	-0.086000	0.914000	-0.364000	192.000000	0.000000	0.000000	0.000000	0.000000	0.000000	0.000000	0.000000	0.000000	0.000000	1741901913.483871	0.000000
54.000000	-34692.567252	-22910.806288	-32728.675929	-19914.130260	-42651.464659	-34226.309863	-40497.449398	-15892.962026	-30886.400448	-32672.550699	-38549.651331	-22364.417894	-28222.072509	-41188.319467	-36740.478783	-187500.022352	-0.086000	0.914000	-0.364000	192.000000	0.000000	0.000000	0.000000	0.000000	0.000000	0.000000	0.000000	0.000000	0.000000	1741901913.485890	0.000000
56.000000	-34686.822854	-22899.608064	-32723.378566	-19896.606493	-42651.419956	-34209.858979	-40490.788578	-15881.964967	-30875.761017	-32667.722722	-38542.722290	-22355.879528	-28215.210523	-41182.753883	-36727.604178	-187500.022352	-0.086000	0.914000	-0.364000	192.000000	0.000000	0.000000	0.000000	0.000000	0.000000	0.000000	0.000000	0.000000	0.000000	1741901913.487918	0.000000
58.000000	-34661.230107	-22882.777200	-32705.608929	-19891.800868	-42635.639624	-34206.103886	-40479.880927	-15873.493656	-30872.117683	-32659.564335	-38531.389955	-22346.581202	-28208.996738	-41174.796662	-36737.304835	-187500.022352	-0.084000	0.914000	-0.358000	192.000000	126.500000	48.000000	14.000000	72.000000	122.000000	104.000000	0.000000	0.000000	0.000000	1741901913.489938	0.000000
60.000000	-34676.898679	-22891.472029	-32729.145316	-19892.471420	-42654.459793	-34210.261310	-40489.358066	-15881.316767	-30873.056456	-32662.291248	-38542.230552	-22354.538423	-28220.127907	-41186.106644	-36731.560437	-187500.022352	-0.084000	0.914000	-0.358000	192.000000	0.000000	0.000000	0.000000	0.000000	0.000000	0.000000	0.000000	0.000000	0.000000	1741901913.492121	0.000000
62.000000	-34659.307856	-22879.491494	-32716.158952	-19882.949577	-42640.445249	-34201.365316	-40479.836223	-15874.141857	-30856.247944	-32638.307826	-38517.665984	-22327.872792	-28200.614834	-41159.351606	-36734.801440	-187500.022352	-0.084000	0.914000	-0.358000	192.000000	0.000000	0.000000	0.000000	0.000000	0.000000	0.000000	0.000000	0.000000	0.000000	1741901913.537714	0.000000
64.000000	-34672.115406	-22889.035689	-32733.615665	-19891.130315	-42656.113822	-34212.272967	-40494.431912	-15886.167095	-30873.838767	-32664.101739	-38541.314130	-22349.665743	-28223.681834	-41188.028894	-36736.947207	-187500.022352	-0.084000	0.914000	-0.358000	192.000000	0.000000	0.000000	0.000000	0.000000	0.000000	0.000000	0.000000	0.000000	0.000000	1741901913.539838	0.000000
66.000000	-34658.145566	-22879.044459	-32719.511714	-19883.240149	-42643.216865	-34205.746258	-40484.619496	-15874.164209	-30862.417026	-32648.477870	-38522.896293	-22334.243039	-28211.008395	-41169.164022	-36741.506963	-187500.022352	-0.086000	0.915000	-0.358000	192.000000	126.500000	32.000000	14.000000	80.000000	122.000000	104.000000	0.000000	0.000000	0.000000	1741901913.541915	0.000000
68.000000	-34689.303898	-22909.062852	-32748.345464	-19895.377147	-42672.140023	-34230.422584	-40507.887662	-15902.439165	-30883.025334	-32675.590536	-38550.523049	-22360.014601	-28238.769262	-41199.987078	-36740.299969	-187500.022352	-0.086000	0.915000	-0.358000	192.000000	0.000000	0.000000	0.000000	0.000000	0.000000	0.000000	0.000000	0.000000	0.000000	1741901913.544215	0.000000
70.000000	-34650.769490	-22869.209691	-32704.089010	-19871.170207	-42627.861217	-34191.083514	-40469.152089	-15860.596700	-30873.436436	-32655.809242	-38528.417173	-22339.808624	-28220.463183	-41177.233002	-36745.932608	-187500.022352	-0.086000	0.915000	-0.358000	192.000000	0.000000	0.000000	0.000000	0.000000	0.000000	0.000000	0.000000	0.000000	0.000000	1741901913.546242	0.000000
72.000000	-34677.926860	-22899.161029	-32728.921798	-19881.474362	-42654.035110	-34213.904645	-40495.147168	-15886.122392	-30872.587070	-32661.643048	-38535.212104	-22344.413083	-28223.257151	-41184.094987	-36723.357346	-187500.022352	-0.086000	0.915000	-0.358000	192.000000	0.000000	0.000000	0.000000	0.000000	0.000000	0.000000	0.000000	0.000000	0.000000	1741901913.548288	0.000000
74.000000	-34665.745159	-22883.693622	-32714.259054	-19875.037059	-42636.757211	-34195.330345	-40476.528165	-15866.698726	-30865.836843	-32649.617809	-38518.001261	-22331.247906	-28210.449601	-41167.800566	-36728.051213	-187500.022352	-0.086000	0.915000	-0.358000	192.000000	0.000000	0.000000	0.000000	0.000000	0.000000	0.000000	0.000000	0.000000	0.000000	1741901913.550308	0.000000
76.000000	-34671.757778	-22892.924892	-32714.482571	-19879.373298	-42635.773735	-34206.640328	-40483.926592	-15876.019403	-30868.317886	-32660.994847	-38530.808810	-22342.200260	-28215.501096	-41181.099854	-36718.015280	-187500.022352	-0.088000	0.914500	-0.361000	192.000000	126.500000	24.000000	14.000000	72.000000	122.000000	80.000000	0.000000	0.000000	0.000000	1741901913.597948	0.000000
78.000000	-34682.799540	-22899.943340	-32721.657481	-19875.417039	-42638.545351	-34202.795828	-40486.631153	-15878.254578	-30869.591936	-32653.149385	-38522.270444	-22335.651199	-28208.013261	-41171.779176	-36723.044422	-187500.022352	-0.088000	0.914500	-0.361000	192.000000	0.000000	0.000000	0.000000	0.000000	0.000000	0.000000	0.000000	0.000000	0.000000	1741901913.600245	0.000000
80.000000	-34700.770342	-22920.104613	-32744.456261	-19899.623978	-42655.264456	-34232.814221	-40512.156846	-15906.574238	-30897.576320	-32684.017144	-38557.362683	-22368.262394	-28234.835355	-41206.469084	-36738.243608	-187500.022352	-0.088000	0.914500	-0.361000	192.000000	0.000000	0.000000	0.000000	0.000000	0.000000	0.000000	0.000000	0.000000	0.000000	1741901913.602311	0.000000
82.000000	-34702.089095	-22914.360215	-32742.981046	-19893.477248	-42648.313063	-34217.279758	-40495.549499	-15891.978549	-30895.519959	-32673.690638	-38545.963293	-22356.818301	-28227.995721	-41192.275726	-36744.524448	-187500.022352	-0.088000	0.914500	-0.361000	192.000000	0.000000	0.000000	0.000000	0.000000	0.000000	0.000000	0.000000	0.000000	0.000000	1741901913.604325	0.000000
84.000000	-34693.617784	-22912.907352	-32738.108365	-19897.925246	-42644.379156	-34225.572255	-40500.779808	-15896.001863	-30896.682250	-32679.524443	-38553.875810	-22360.126359	-28232.309608	-41199.271822	-36734.242646	-187500.022352	-0.088000	0.914500	-0.361000	192.000000	0.000000	0.000000	0.000000	0.000000	0.000000	0.000000	0.000000	0.000000	0.000000	1741901913.606305	0.000000
86.000000	-34682.956002	-22892.947244	-32725.144354	-19882.346080	-42636.891322	-34203.712249	-40486.206470	-15876.958177	-30895.095276	-32666.448673	-38543.281083	-22348.592859	-28228.330997	-41188.475929	-36740.568190	-187500.022352	-0.088000	0.913250	-0.360500	192.000000	126.500000	32.000000	14.000000	64.000000	122.000000	96.000000	0.000000	0.000000	0.000000	1741901913.608331	0.000000
88.000000	-34677.390418	-22894.780087	-32723.244455	-19885.050641	-42638.679461	-34212.563540	-40493.604898	-15887.776421	-30883.584128	-32661.307771	-38535.793249	-22342.848461	-28219.479706	-41183.938525	-36727.268902	-187500.022352	-0.088000	0.913250	-0.360500	192.000000	0.000000	0.000000	0.000000	0.000000	0.000000	0.000000	0.000000	0.000000	0.000000	1741901913.610511	0.000000
90.000000	-34677.770397	-22889.370965	-32727.021900	-19872.332498	-42641.920464	-34195.665621	-40487.659334	-15877.740488	-30885.126398	-32655.317504	-38531.568769	-22335.673551	-28220.776107	-41174.751958	-36728.230027	-187500.022352	-0.088000	0.913250	-0.360500	192.000000	0.000000	0.000000	0.000000	0.000000	0.000000	0.000000	0.000000	0.000000	0.000000	1741901913.612639	0.000000
92.000000	-34670.282563	-22892.813133	-32724.540856	-19877.987489	-42638.679461	-34209.434296	-40489.827453	-15882.344947	-30874.911651	-32648.299056	-38523.812714	-22329.616228	-28212.997700	-41167.152365	-36723.200884	-187500.022352	-0.088000	0.913250	-0.360500	192.000000	0.000000	0.000000	0.000000	0.000000	0.000000	0.000000	0.000000	0.000000	0.000000	1741901913.658290	0.000000
94.000000	-34705.665374	-22919.456413	-32755.833299	-19895.287740	-42667.379101	-34222.822991	-40515.643718	-15903.512049	-30908.461619	-32679.300926	-38556.043930	-22358.897014	-28247.553497	-41197.908365	-36751.297027	-187500.022352	-0.088000	0.913250	-0.360500	192.000000	0.000000	0.000000	0.000000	0.000000	0.000000	0.000000	0.000000	0.000000	0.000000	1741901913.660432	0.000000
96.000000	-34676.071665	-22899.630415	-32721.188095	-19877.674565	-42633.225636	-34202.482903	-40485.982953	-15881.741450	-30885.908709	-32662.224193	-38532.976929	-22342.110853	-28221.625474	-41173.366150	-36732.432155	-187500.022352	-0.085000	0.913625	-0.363250	192.000000	126.500000	56.000000	14.000000	72.000000	122.000000	72.000000	0.000000	0.000000	0.000000	1741901913.662433	0.000000
98.000000	-34679.424426	-22893.729555	-32724.294987	-19864.263518	-42634.276168	-34186.389647	-40481.847880	-15872.174903	-30891.921329	-32664.057036	-38539.101307	-22347.117644	-28229.023901	-41179.557583	-36729.325262	-187500.022352	-0.085000	0.913625	-0.363250	192.000000	0.000000	0.000000	0.000000	0.000000	0.000000	0.000000	0.000000	0.000000	0.000000	1741901913.664604	0.000000
100.000000	-34653.250534	-22873.970613	-32701.742077	-19859.212024	-42609.018696	-34172.620973	-40463.362987	-15854.785246	-30870.776578	-32641.571181	-38517.643633	-22324.475327	-28207.342709	-41151.819068	-36717.434134	-187500.022352	-0.085000	0.913625	-0.363250	192.000000	0.000000	0.000000	0.000000	0.000000	0.000000	0.000000	0.000000	0.000000	0.000000	1741901913.666641	0.000000
102.000000	-34658.838470	-22868.919119	-32710.839237	-19844.929259	-42614.159598	-34162.540336	-40459.742005	-15847.856205	-30862.618192	-32636.363225	-38514.715554	-22317.009844	-28204.079354	-41145.158249	-36704.939509	-187500.022352	-0.085000	0.913625	-0.363250	192.000000	0.000000	0.000000	0.000000	0.000000	0.000000	0.000000	0.000000	0.000000	0.000000	1741901913.668681	0.000000
104.000000	-34669.947287	-22888.789819	-32724.451449	-19866.364582	-42630.431668	-34192.581081	-40482.026694	-15875.371203	-30869.748398	-32638.039605	-38517.710688	-22320.675531	-28211.567189	-41151.394385	-36718.909349	-187500.022352	-0.085000	0.913625	-0.363250	192.000000	0.000000	0.000000	0.000000	0.000000	0.000000	0.000000	0.000000	0.000000	0.000000	1741901913.670695	0.000000
106.000000	-34672.182461	-22885.057078	-32732.922761	-19865.112885	-42637.070136	-34181.941650	-40482.652543	-15868.196293	-30882.131264	-32652.322370	-38533.043985	-22335.762958	-28229.023901	-41168.739339	-36723.871437	-187500.022352	-0.083500	0.914813	-0.364625	192.000000	126.500000	56.000000	14.000000	80.000000	122.000000	72.000000	0.000000	0.000000	0.000000	1741901913.718446	0.000000
108.000000	-34669.142624	-22888.141619	-32729.637054	-19866.096361	-42635.863142	-34190.971755	-40486.921726	-15875.885293	-30875.492796	-32637.257294	-38517.755391	-22320.831993	-28220.977273	-41151.841420	-36730.018166	-187500.022352	-0.083500	0.914813	-0.364625	192.000000	0.000000	0.000000	0.000000	0.000000	0.000000	0.000000	0.000000	0.000000	0.000000	1741901913.720801	0.000000
110.000000	-34679.647944	-22895.025956	-32737.616627	-19870.499655	-42642.479258	-34196.939671	-40484.910069	-15875.460610	-30889.909672	-32659.743149	-38539.414232	-22343.854290	-28237.741081	-41177.098891	-36726.553646	-187500.022352	-0.083500	0.914813	-0.364625	192.000000	0.000000	0.000000	0.000000	0.000000	0.000000	0.000000	0.000000	0.000000	0.000000	1741901913.722902	0.000000
112.000000	-34689.750932	-22909.934570	-32745.618551	-19884.894178	-42653.431613	-34211.311842	-40503.216148	-15894.146668	-30890.222596	-32655.161042	-38533.803944	-22338.042836	-28234.187154	-41170.393368	-36738.333015	-187500.022352	-0.083500	0.914813	-0.364625	192.000000	0.000000	0.000000	0.000000	0.000000	0.000000	0.000000	0.000000	0.000000	0.000000	1741901913.725000	0.000000
114.000000	-34678.887985	-22896.389412	-32729.905275	-19879.574463	-42634.969072	-34202.035868	-40482.943116	-15877.673433	-30906.718183	-32681.424341	-38557.675607	-22364.015563	-28253.454358	-41198.265993	-36744.770318	-187500.022352	-0.083500	0.914813	-0.364625	192.000000	0.000000	0.000000	0.000000	0.000000	0.000000	0.000000	0.000000	0.000000	0.000000	1741901913.727055	0.000000
116.000000	-34656.268019	-22876.496360	-32707.330013	-19850.897175	-42615.254833	-34180.757008	-40465.195830	-15860.507293	-30856.225593	-32625.120297	-38501.349211	-22311.824240	-28196.636223	-41139.659719	-36708.225215	-187500.022352	-0.086750	0.915406	-0.366312	192.000000	126.500000	24.000000	14.000000	80.000000	122.000000	64.000000	0.000000	0.000000	0.000000	1741901913.729073	0.000000
118.000000	-34684.431217	-22904.503096	-32740.522354	-19874.277100	-42645.899075	-34210.909511	-40491.772055	-15889.162229	-30885.104046	-32661.263068	-38540.263598	-22348.436397	-28232.510773	-41180.943391	-36719.892826	-187500.022352	-0.086750	0.915406	-0.366312	192.000000	0.000000	0.000000	0.000000	0.000000	0.000000	0.000000	0.000000	0.000000	0.000000	1741901913.731292	0.000000
120.000000	-34678.798578	-22900.748003	-32736.923723	-19876.936957	-42641.473429	-34202.974642	-40487.011133	-15886.480020	-30887.383924	-32659.854908	-38532.686357	-22344.189566	-28230.856744	-41175.578973	-36738.824754	-187500.022352	-0.086750	0.915406	-0.366312	192.000000	0.000000	0.000000	0.000000	0.000000	0.000000	0.000000	0.000000	0.000000	0.000000	1741901913.733330	0.000000
122.000000	-34689.281546	-22912.795593	-32750.133604	-19887.419926	-42653.073985	-34215.782191	-40504.132569	-15896.225380	-30897.978651	-32677.848062	-38552.333540	-22362.316830	-28245.608895	-41197.036647	-36739.025919	-187500.022352	-0.086750	0.915406	-0.366312	192.000000	0.000000	0.000000	0.000000	0.000000	0.000000	0.000000	0.000000	0.000000	0.000000	1741901913.777913	0.000000
124.000000	-34690.108560	-22910.091032	-32748.189002	-19883.933053	-42648.804802	-34203.555787	-40492.554366	-15881.070898	-30898.045707	-32669.108530	-38542.655235	-22351.096255	-28241.093843	-41182.530365	-36750.581771	-187500.022352	-0.086750	0.915406	-0.366312	192.000000	0.000000	0.000000	0.000000	0.000000	0.000000	0.000000	0.000000	0.000000	0.000000	1741901913.780083	0.000000
126.000000	-34685.638211	-22909.264017	-32744.635075	-19891.443240	-42646.122592	-34210.127200	-40490.408598	-15885.317729	-30902.426648	-32679.055056	-38553.898162	-22361.489816	-28245.810061	-41194.376790	-36738.422422	-187500.022352	-0.087375	0.915703	-0.368156	192.000000	126.500000	32.000000	14.000000	80.000000	122.000000	56.000000	0.000000	0.000000	0.000000	1741901913.782140	0.000000
128.000000	-34660.514851	-22880.296156	-32723.467973	-19870.700821	-42624.284938	-34183.729790	-40473.465976	-15870.431467	-30883.561776	-32655.652780	-38529.780630	-22340.009789	-28225.648788	-41169.678112	-36735.382585	-187500.022352	-0.087375	0.915703	-0.368156	192.000000	0.000000	0.000000	0.000000	0.000000	0.000000	0.000000	0.000000	0.000000	0.000000	1741901913.784362	0.000000
130.000000	-34668.047389	-22895.294177	-32736.163764	-19879.529760	-42636.488990	-34208.987261	-40495.571851	-15894.660758	-30866.932078	-32651.674170	-38524.237397	-22334.980647	-28216.819849	-41169.074615	-36718.149390	-187500.022352	-0.087375	0.915703	-0.368156	192.000000	0.000000	0.000000	0.000000	0.000000	0.000000	0.000000	0.000000	0.000000	0.000000	1741901913.786363	0.000000
132.000000	-34660.067816	-22881.704316	-32728.586522	-19878.814504	-42622.966185	-34192.066990	-40470.850822	-15871.437296	-30885.819302	-32665.420492	-38533.580426	-22345.418912	-28230.879096	-41182.865641	-36741.104632	-187500.022352	-0.087375	0.915703	-0.368156	192.000000	0.000000	0.000000	0.000000	0.000000	0.000000	0.000000	0.000000	0.000000	0.000000	1741901913.788482	0.000000
134.000000	-34684.542976	-22915.343692	-32750.379473	-19894.930112	-42641.495781	-34222.040680	-40494.007229	-15898.460555	-30872.072979	-32658.603210	-38528.171304	-22339.406292	-28218.071546	-41175.981304	-36715.578939	-187500.022352	-0.087375	0.915703	-0.368156	192.000000	0.000000	0.000000	0.000000	0.000000	0.000000	0.000000	0.000000	0.000000	0.000000	1741901913.790516	0.000000
136.000000	-34663.979371	-22887.158142	-32729.659406	-19878.747449	-42619.546368	-34185.652040	-40459.876115	-15860.015554	-30892.413067	-32678.697429	-38544.108098	-22358.114702	-28236.668198	-41191.202842	-36741.998701	-187500.022352	-0.087688	0.914852	-0.370078	192.000000	126.500000	32.000000	14.000000	72.000000	122.000000	48.000000	0.000000	0.000000	0.000000	1741901913.837722	0.000000
138.000000	-34670.260211	-22902.402032	-32734.643845	-19882.681356	-42629.157618	-34203.354621	-40477.064607	-15878.343985	-30862.461729	-32651.942390	-38521.398726	-22336.634676	-28206.985081	-41165.744205	-36710.929777	-187500.022352	-0.087688	0.914852	-0.370078	192.000000	0.000000	0.000000	0.000000	0.000000	0.000000	0.000000	0.000000	0.000000	0.000000	1741901913.840019	0.000000
140.000000	-34669.343790	-22893.841314	-32730.799345	-19873.830065	-42628.263548	-34183.618031	-40467.207487	-15863.748296	-30883.450017	-32668.013295	-38539.682453	-22356.035990	-28228.219238	-41181.636296	-36733.594445	-187500.022352	-0.087688	0.914852	-0.370078	192.000000	0.000000	0.000000	0.000000	0.000000	0.000000	0.000000	0.000000	0.000000	0.000000	1741901913.842067	0.000000
142.000000	-34676.473996	-22904.927779	-32735.537915	-19880.736754	-42632.242159	-34200.404191	-40476.416406	-15879.819200	-30872.296497	-32658.826728	-38528.707746	-22345.575374	-28218.742099	-41172.583839	-36720.362213	-187500.022352	-0.087688	0.914852	-0.370078	192.000000	0.000000	0.000000	0.000000	0.000000	0.000000	0.000000	0.000000	0.000000	0.000000	1741901913.844125	0.000000
144.000000	-34651.261228	-22870.461389	-32708.469952	-19855.635745	-42600.882661	-34159.925182	-40440.787726	-15840.323668	-30877.772674	-32660.346646	-38529.490057	-22345.195394	-28223.301855	-41170.952162	-36723.446753	-187500.022352	-0.087688	0.914852	-0.370078	192.000000	0.000000	0.000000	0.000000	0.000000	0.000000	0.000000	0.000000	0.000000	0.000000	1741901913.846161	0.000000
146.000000	-34677.770397	-22907.006491	-32738.689511	-19874.321803	-42632.577435	-34201.722944	-40480.998514	-15881.942616	-30859.176023	-32644.521611	-38510.267557	-22325.972894	-28206.001604	-41155.171830	-36705.095971	-187500.022352	-0.086844	0.916426	-0.367039	192.000000	126.500000	40.000000	14.000000	88.000000	122.000000	80.000000	0.000000	0.000000	0.000000	1741901913.848791	0.000000
148.000000	-34708.548750	-22927.659503	-32772.440645	-19903.870810	-42667.826136	-34223.359433	-40509.988726	-15904.137898	-30914.831867	-32696.668231	-38565.074034	-22374.923214	-28263.579698	-41214.001621	-36756.125004	-187500.022352	-0.086844	0.916426	-0.367039	192.000000	0.000000	0.000000	0.000000	0.000000	0.000000	0.000000	0.000000	0.000000	0.000000	1741901913.850976	0.000000
150.000000	-34664.314647	-22892.679023	-32730.598179	-19885.832952	-42628.129438	-34200.270081	-40473.644790	-15872.912511	-30883.740590	-32664.504071	-38530.942921	-22343.116682	-28232.309608	-41180.786929	-36739.919989	-187500.022352	-0.086844	0.916426	-0.367039	192.000000	0.000000	0.000000	0.000000	0.000000	0.000000	0.000000	0.000000	0.000000	0.000000	1741901913.853038	0.000000
152.000000	-34652.244705	-22871.824845	-32721.791592	-19862.698896	-42617.244138	-34174.252650	-40461.217220	-15854.181749	-30876.476273	-32662.447710	-38527.858380	-22339.562755	-28229.336826	-41177.769444	-36724.609044	-187500.022352	-0.086844	0.916426	-0.367039	192.000000	0.000000	0.000000	0.000000	0.000000	0.000000	0.000000	0.000000	0.000000	0.000000	1741901913.897971	0.000000
154.000000	-34665.543993	-22891.315566	-32733.056871	-19869.359716	-42631.057516	-34193.944537	-40473.980066	-15877.338156	-30856.538517	-32632.317559	-38502.466798	-22312.472440	-28206.672157	-41150.969702	-36705.051268	-187500.022352	-0.086844	0.916426	-0.367039	192.000000	0.000000	0.000000	0.000000	0.000000	0.000000	0.000000	0.000000	0.000000	0.000000	1741901913.900179	0.000000
156.000000	-34671.489557	-22892.008471	-32739.874153	-19873.181864	-42637.114839	-34189.250671	-40478.048084	-15870.699688	-30885.618137	-32664.995809	-38534.116868	-22346.335333	-28239.149241	-41185.480796	-36724.676099	-187500.022352	-0.082422	0.915213	-0.365520	192.000000	126.500000	72.000000	14.000000	72.000000	122.000000	80.000000	0.000000	0.000000	0.000000	1741901913.902248	0.000000
158.000000	-34686.599336	-22913.488497	-32754.246325	-19891.778516	-42651.352900	-34211.848284	-40499.639869	-15898.304093	-30888.993250	-32666.023989	-38533.222798	-22346.849423	-28240.400939	-41182.217441	-36740.523486	-187500.022352	-0.082422	0.915213	-0.365520	192.000000	0.000000	0.000000	0.000000	0.000000	0.000000	0.000000	0.000000	0.000000	0.000000	1741901913.904468	0.000000
160.000000	-34696.232938	-22917.154183	-32766.338619	-19899.601626	-42661.545296	-34217.503276	-40503.059686	-15900.382805	-30913.244893	-32694.388353	-38564.470537	-22375.459656	-28268.251213	-41212.548758	-36754.180402	-187500.022352	-0.082422	0.915213	-0.365520	192.000000	0.000000	0.000000	0.000000	0.000000	0.000000	0.000000	0.000000	0.000000	0.000000	1741901913.906477	0.000000
162.000000	-34660.783072	-22887.135790	-32734.196810	-19878.009841	-42623.122647	-34194.033944	-40470.157918	-15874.097153	-30885.841654	-32664.437016	-38529.244188	-22346.245926	-28238.769262	-41180.451653	-36747.988969	-187500.022352	-0.082422	0.915213	-0.365520	192.000000	0.000000	0.000000	0.000000	0.000000	0.000000	0.000000	0.000000	0.000000	0.000000	1741901913.908509	0.000000
164.000000	-34682.240746	-22906.648863	-32756.146223	-19880.669699	-42640.378194	-34203.131104	-40485.915898	-15886.770593	-30877.996192	-32664.258202	-38529.355947	-22344.971877	-28234.164802	-41181.882165	-36725.078431	-187500.022352	-0.082422	0.915213	-0.365520	192.000000	0.000000	0.000000	0.000000	0.000000	0.000000	0.000000	0.000000	0.000000	0.000000	1741901913.910570	0.000000
166.000000	-34681.570194	-22903.430212	-32750.759453	-19882.904873	-42636.466639	-34194.570386	-40478.964505	-15878.701613	-30888.568567	-32660.838385	-38532.641653	-22345.329505	-28237.942247	-41174.014351	-36746.625512	-187500.022352	-0.080211	0.916606	-0.365760	192.000000	126.500000	72.000000	14.000000	88.000000	122.000000	72.000000	0.000000	0.000000	0.000000	1741901913.958241	0.000000
168.000000	-34677.278659	-22897.395241	-32746.982008	-19881.049678	-42636.287825	-34193.273985	-40476.103482	-15874.655947	-30890.624927	-32667.700370	-38545.471554	-22353.644354	-28240.356236	-41181.122205	-36734.153239	-187500.022352	-0.080211	0.916606	-0.365760	192.000000	0.000000	0.000000	0.000000	0.000000	0.000000	0.000000	0.000000	0.000000	0.000000	1741901913.960498	0.000000
170.000000	-34671.109578	-22888.678061	-32741.103499	-19876.311109	-42642.009871	-34190.077685	-40480.730293	-15876.622901	-30872.475311	-32645.795661	-38524.639729	-22332.410196	-28217.378642	-41158.301074	-36737.997739	-187500.022352	-0.080211	0.916606	-0.365760	192.000000	0.000000	0.000000	0.000000	0.000000	0.000000	0.000000	0.000000	0.000000	0.000000	1741901913.962551	0.000000
172.000000	-34662.794729	-22881.994889	-32734.129755	-19879.418001	-42647.329586	-34197.476113	-40481.043217	-15875.550017	-30877.236232	-32660.324295	-38542.342310	-22346.670609	-28229.895619	-41178.909383	-36740.456431	-187500.022352	-0.080211	0.916606	-0.365760	192.000000	0.000000	0.000000	0.000000	0.000000	0.000000	0.000000	0.000000	0.000000	0.000000	1741901913.964583	0.000000
174.000000	-34646.567362	-22860.090179	-32711.599196	-19857.267422	-42633.806781	-34169.290563	-40464.100595	-15853.801769	-30852.202279	-32625.924960	-38513.285042	-22314.461746	-28204.012299	-41143.683033	-36733.594445	-187500.022352	-0.080211	0.916606	-0.365760	192.000000	0.000000	0.000000	0.000000	0.000000	0.000000	0.000000	0.000000	0.000000	0.000000	1741901913.966717	0.000000
176.000000	-34650.970656	-22866.505130	-32717.924740	-19865.694030	-42646.234351	-34184.959136	-40478.092787	-15866.788133	-30853.565735	-32638.173716	-38528.461877	-22329.392711	-28213.042404	-41158.256371	-36721.099820	-187500.022352	-0.078105	0.917303	-0.367880	192.000000	126.500000	80.000000	14.000000	88.000000	122.000000	56.000000	0.000000	0.000000	0.000000	1741901913.968732	0.000000
178.000000	-34636.687891	-22842.767578	-32699.126923	-19846.806806	-42634.991423	-34163.412054	-40461.552496	-15851.723057	-30834.566752	-32609.362317	-38500.902176	-22303.196466	-28189.796590	-41128.439144	-36716.338899	-187500.022352	-0.078105	0.917303	-0.367880	192.000000	0.000000	0.000000	0.000000	0.000000	0.000000	0.000000	0.000000	0.000000	0.000000	1741901913.970953	0.000000
180.000000	-34679.893813	-22890.510904	-32739.047139	-19884.447144	-42678.420863	-34212.876464	-40509.251119	-15897.678244	-30858.863098	-32636.832611	-38533.021633	-22333.863060	-28218.272712	-41160.536249	-36725.816038	-187500.022352	-0.078105	0.917303	-0.367880	192.000000	0.000000	0.000000	0.000000	0.000000	0.000000	0.000000	0.000000	0.000000	0.000000	1741901913.972951	0.000000
182.000000	-34674.641153	-22873.076543	-32726.820734	-19882.524894	-42666.775604	-34192.446970	-40493.157863	-15879.550979	-30875.112817	-32646.577972	-38541.314130	-22344.636601	-28231.572000	-41166.817089	-36754.739196	-187500.022352	-0.078105	0.917303	-0.367880	192.000000	0.000000	0.000000	0.000000	0.000000	0.000000	0.000000	0.000000	0.000000	0.000000	1741901914.018511	0.000000
184.000000	-34656.290371	-22862.884148	-32704.491342	-19877.518103	-42646.614331	-34190.100037	-40475.991723	-15868.620976	-30855.242116	-32632.071690	-38525.869075	-22332.700769	-28211.187209	-41152.959007	-36723.580864	-187500.022352	-0.078105	0.917303	-0.367880	192.000000	0.000000	0.000000	0.000000	0.000000	0.000000	0.000000	0.000000	0.000000	0.000000	1741901914.020624	0.000000
186.000000	-34656.290371	-22858.324392	-32703.843141	-19864.487036	-42646.591979	-34176.465473	-40474.292990	-15860.864921	-30851.464671	-32628.607169	-38518.068316	-22327.313999	-28204.973424	-41145.270007	-36725.614873	-187500.022352	-0.078053	0.916652	-0.366940	192.000000	126.500000	72.000000	14.000000	80.000000	122.000000	72.000000	0.000000	0.000000	0.000000	1741901914.022688	0.000000
188.000000	-34676.809272	-22889.214502	-32723.870304	-19885.855304	-42668.854316	-34213.636424	-40503.484369	-15895.912456	-30850.928229	-32633.502201	-38522.739830	-22332.589010	-28207.298005	-41153.942484	-36725.212541	-187500.022352	-0.078053	0.916652	-0.366940	192.000000	0.000000	0.000000	0.000000	0.000000	0.000000	0.000000	0.000000	0.000000	0.000000	1741901914.024889	0.000000
190.000000	-34688.946270	-22891.650843	-32734.599141	-19898.461687	-42679.203174	-34211.021270	-40507.284165	-15892.447936	-30883.695887	-32664.638181	-38552.914685	-22365.803703	-28236.422329	-41183.826766	-36754.694492	-187500.022352	-0.078053	0.916652	-0.366940	192.000000	0.000000	0.000000	0.000000	0.000000	0.000000	0.000000	0.000000	0.000000	0.000000	1741901914.026937	0.000000
192.000000	-34694.958889	-22906.402994	-32741.528182	-19910.062243	-42690.580212	-34233.328311	-40525.344375	-15916.654875	-30875.671610	-32657.284457	-38545.851534	-22358.919365	-28229.202715	-41178.685865	-36748.771280	-187500.022352	-0.078053	0.916652	-0.366940	192.000000	0.000000	0.000000	0.000000	0.000000	0.000000	0.000000	0.000000	0.000000	0.000000	1741901914.028957	0.000000
194.000000	-34672.853014	-22877.166912	-32721.433964	-19894.572484	-42669.524869	-34199.577177	-40497.583508	-15882.859037	-30890.401410	-32669.600269	-38559.195526	-22373.090371	-28244.536012	-41193.080389	-36763.121100	-187500.022352	-0.078053	0.916652	-0.366940	192.000000	0.000000	0.000000	0.000000	0.000000	0.000000	0.000000	0.000000	0.000000	0.000000	1741901914.030966	0.000000
196.000000	-34648.355502	-22861.744209	-32695.617699	-19871.080800	-42645.586150	-34186.099075	-40477.824566	-15868.330403	-30839.908819	-32621.432259	-38506.154836	-22320.831993	-28191.160046	-41140.084403	-36723.156181	-187500.022352	-0.078026	0.917326	-0.366470	192.000000	126.500000	72.000000	14.000000	88.000000	122.000000	72.000000	0.000000	0.000000	0.000000	1741901914.078868	0.000000
198.000000	-34660.850127	-22864.024086	-32705.474818	-19868.577405	-42653.811592	-34181.047580	-40478.986857	-15866.609319	-30860.204203	-32644.096928	-38527.880732	-22340.367417	-28213.176514	-41161.452670	-36729.995815	-187500.022352	-0.078026	0.917326	-0.366470	192.000000	0.000000	0.000000	0.000000	0.000000	0.000000	0.000000	0.000000	0.000000	0.000000	1741901914.081177	0.000000
200.000000	-34673.411807	-22886.286424	-32720.316377	-19886.570559	-42665.792127	-34208.026136	-40509.161712	-15891.218590	-30846.480232	-32629.456536	-38514.961423	-22327.090481	-28198.469066	-41147.035795	-36728.855876	-187500.022352	-0.078026	0.917326	-0.366470	192.000000	0.000000	0.000000	0.000000	0.000000	0.000000	0.000000	0.000000	0.000000	0.000000	1741901914.083222	0.000000
202.000000	-34673.121235	-22878.306851	-32722.082165	-19892.605530	-42664.383967	-34204.069877	-40489.358066	-15883.529590	-30878.554985	-32667.923888	-38552.132374	-22364.239080	-28234.321265	-41185.346685	-36756.326170	-187500.022352	-0.078026	0.917326	-0.366470	192.000000	0.000000	0.000000	0.000000	0.000000	0.000000	0.000000	0.000000	0.000000	0.000000	1741901914.085219	0.000000
204.000000	-34634.095089	-22849.629563	-32688.219272	-19869.560882	-42626.989499	-34179.885290	-40464.480575	-15854.762894	-30839.730005	-32623.399213	-38509.172321	-22323.000112	-28193.015241	-41138.855057	-36728.654710	-187500.022352	-0.078026	0.917326	-0.366470	192.000000	0.000000	0.000000	0.000000	0.000000	0.000000	0.000000	0.000000	0.000000	0.000000	1741901914.087278	0.000000
206.000000	-34641.627627	-22851.015371	-32694.880092	-19861.536606	-42629.671708	-34167.636534	-40453.416461	-15844.726961	-30833.806793	-32621.923998	-38512.435676	-22321.927228	-28191.003584	-41137.111621	-36708.940471	-187500.022352	-0.077013	0.917663	-0.365235	192.000000	126.500000	80.000000	14.000000	88.000000	122.000000	80.000000	0.000000	0.000000	0.000000	1741901914.089296	0.000000
208.000000	-34645.695644	-22860.917194	-32696.824693	-19862.028344	-42631.661014	-34174.498519	-40460.144336	-15851.007801	-30832.264523	-32610.591663	-38503.494978	-22309.253789	-28184.856854	-41124.460533	-36715.936567	-187500.022352	-0.077013	0.917663	-0.365235	192.000000	0.000000	0.000000	0.000000	0.000000	0.000000	0.000000	0.000000	0.000000	0.000000	1741901914.091493	0.000000
210.000000	-34658.726711	-22866.862758	-32705.877150	-19869.784399	-42640.378194	-34178.164205	-40463.675912	-15856.506331	-30851.017636	-32634.977416	-38529.892389	-22333.438377	-28205.509866	-41151.103813	-36723.424402	-187500.022352	-0.077013	0.917663	-0.365235	192.000000	0.000000	0.000000	0.000000	0.000000	0.000000	0.000000	0.000000	0.000000	0.000000	1741901914.093506	0.000000
212.000000	-34644.019263	-22852.334124	-32691.884958	-19859.748466	-42627.011851	-34167.033037	-40452.701205	-15843.676429	-30834.857325	-32613.050355	-38504.769028	-22311.287798	-28184.342764	-41127.232150	-36718.507018	-187500.022352	-0.077013	0.917663	-0.365235	192.000000	0.000000	0.000000	0.000000	0.000000	0.000000	0.000000	0.000000	0.000000	0.000000	1741901914.139122	0.000000
214.000000	-34666.303952	-22872.204825	-32716.851856	-19871.639594	-42652.179915	-34182.343982	-40475.365874	-15862.518950	-30846.614343	-32630.238847	-38524.930301	-22327.157536	-28201.374793	-41147.147554	-36714.550759	-187500.022352	-0.077013	0.917663	-0.365235	192.000000	0.000000	0.000000	0.000000	0.000000	0.000000	0.000000	0.000000	0.000000	0.000000	1741901914.141213	0.000000
216.000000	-34673.165938	-22879.402087	-32721.970406	-19887.241112	-42658.013720	-34188.200139	-40484.574793	-15871.772572	-30866.172119	-32639.827745	-38533.781592	-22340.479176	-28215.992834	-41155.507106	-36746.245533	-187500.022352	-0.078507	0.917831	-0.363617	192.000000	126.500000	64.000000	14.000000	88.000000	122.000000	88.000000	0.000000	0.000000	0.000000	1741901914.143281	0.000000
218.000000	-34682.844243	-22888.789819	-32732.386319	-19893.968987	-42667.110880	-34202.281738	-40493.560194	-15882.926092	-30873.995229	-32654.356379	-38549.986607	-22356.013638	-28227.928666	-41171.332141	-36737.617759	-187500.022352	-0.078507	0.917831	-0.363617	192.000000	0.000000	0.000000	0.000000	0.000000	0.000000	0.000000	0.000000	0.000000	0.000000	1741901914.145568	0.000000
220.000000	-34643.169897	-22848.310810	-32694.455408	-19873.181864	-42628.509418	-34172.330400	-40457.484479	-15848.683220	-30858.371360	-32632.183448	-38523.388031	-22333.058397	-28204.481686	-41148.801583	-36739.741175	-187500.022352	-0.078507	0.917831	-0.363617	192.000000	0.000000	0.000000	0.000000	0.000000	0.000000	0.000000	0.000000	0.000000	0.000000	1741901914.147592	0.000000
222.000000	-34665.365179	-22873.545930	-32719.265845	-19885.363565	-42655.666787	-34195.039772	-40485.379456	-15875.505313	-30846.212011	-32631.602303	-38522.695127	-22330.465595	-28200.212503	-41150.857943	-36715.713050	-187500.022352	-0.078507	0.917831	-0.363617	192.000000	0.000000	0.000000	0.000000	0.000000	0.000000	0.000000	0.000000	0.000000	0.000000	1741901914.149612	0.000000
224.000000	-34652.803499	-22855.306906	-32705.541874	-19873.897120	-42641.540485	-34176.286659	-40470.582601	-15857.020421	-30856.717331	-32635.111527	-38524.729136	-22333.214859	-28207.253302	-41149.472135	-36737.751870	-187500.022352	-0.078507	0.917831	-0.363617	192.000000	0.000000	0.000000	0.000000	0.000000	0.000000	0.000000	0.000000	0.000000	0.000000	1741901914.151656	0.000000
226.000000	-34662.884136	-22871.914252	-32719.958749	-19882.904873	-42651.196438	-34195.062124	-40485.021828	-15878.701613	-30851.911706	-32633.323387	-38528.797153	-22335.673551	-28207.074488	-41152.422566	-36722.217407	-187500.022352	-0.078253	0.916916	-0.362809	192.000000	126.500000	72.000000	14.000000	80.000000	122.000000	88.000000	0.000000	0.000000	0.000000	1741901914.198019	0.000000
228.000000	-34635.704414	-22840.733569	-32694.857740	-19861.938937	-42623.100295	-34161.690970	-40452.634150	-15843.497615	-30846.793156	-32622.527495	-38516.704859	-22326.665798	-28197.239720	-41133.915321	-36729.392317	-187500.022352	-0.078253	0.916916	-0.362809	192.000000	0.000000	0.000000	0.000000	0.000000	0.000000	0.000000	0.000000	0.000000	0.000000	1741901914.200334	0.000000
230.000000	-34672.942421	-22884.766505	-32731.268732	-19889.364527	-42656.873781	-34204.315746	-40493.090808	-15886.234151	-30847.933095	-32628.696576	-38524.393859	-22332.991342	-28201.419497	-41145.739394	-36718.864646	-187500.022352	-0.078253	0.916916	-0.362809	192.000000	0.000000	0.000000	0.000000	0.000000	0.000000	0.000000	0.000000	0.000000	0.000000	1741901914.202358	0.000000
232.000000	-34656.044502	-22861.923022	-32712.247397	-19878.836856	-42631.593958	-34177.225432	-40466.022845	-15858.138008	-30867.960258	-32643.001693	-38537.179057	-22345.463615	-28216.573979	-41156.378824	-36745.574980	-187500.022352	-0.078253	0.916916	-0.362809	192.000000	0.000000	0.000000	0.000000	0.000000	0.000000	0.000000	0.000000	0.000000	0.000000	1741901914.204356	0.000000
234.000000	-34673.098883	-22886.934625	-32730.955807	-19886.279987	-42650.637645	-34205.969775	-40493.694305	-15889.408098	-30856.963200	-32635.513858	-38529.266540	-22337.349932	-28209.220256	-41152.579028	-36730.085222	-187500.022352	-0.078253	0.916916	-0.362809	192.000000	0.000000	0.000000	0.000000	0.000000	0.000000	0.000000	0.000000	0.000000	0.000000	1741901914.206410	0.000000
236.000000	-34693.953060	-22897.752869	-32752.592296	-19902.842629	-42669.480165	-34214.485790	-40505.384267	-15897.253561	-30897.933948	-32671.723684	-38563.151784	-22370.184644	-28247.039407	-41184.296153	-36769.759568	-187500.022352	-0.079127	0.916458	-0.360404	192.000000	126.500000	64.000000	14.000000	80.000000	122.000000	104.000000	0.000000	0.000000	0.000000	1741901914.208426	0.000000
238.000000	-34654.211659	-22868.874415	-32715.913083	-19886.928187	-42634.566740	-34190.345906	-40473.689493	-15869.157418	-30863.199337	-32638.866620	-38529.333595	-22337.193470	-28213.489439	-41155.283589	-36741.015225	-187500.022352	-0.079127	0.916458	-0.360404	192.000000	0.000000	0.000000	0.000000	0.000000	0.000000	0.000000	0.000000	0.000000	0.000000	1741901914.210693	0.000000
240.000000	-34645.807403	-22855.038685	-32712.113287	-19874.522969	-42630.766944	-34167.323609	-40457.417423	-15849.465531	-30858.393712	-32635.960893	-38524.215045	-22331.225554	-28211.053099	-41152.981359	-36731.851009	-187500.022352	-0.079127	0.916458	-0.360404	192.000000	0.000000	0.000000	0.000000	0.000000	0.000000	0.000000	0.000000	0.000000	0.000000	1741901914.212688	0.000000
242.000000	-34642.991083	-22863.398238	-32709.967519	-19882.413135	-42633.002118	-34183.930955	-40474.337694	-15867.034002	-30837.919514	-32621.029928	-38508.926452	-22316.182830	-28193.104648	-41138.139801	-36717.702355	-187500.022352	-0.079127	0.916458	-0.360404	192.000000	0.000000	0.000000	0.000000	0.000000	0.000000	0.000000	0.000000	0.000000	0.000000	1741901914.258341	0.000000
244.000000	-34651.663560	-22863.532348	-32718.751755	-19878.099248	-42644.200342	-34177.627763	-40476.483461	-15863.703592	-30855.264468	-32640.632408	-38525.824371	-22333.460728	-28212.170686	-41159.306903	-36730.576960	-187500.022352	-0.079127	0.916458	-0.360404	192.000000	0.000000	0.000000	0.000000	0.000000	0.000000	0.000000	0.000000	0.000000	0.000000	1741901914.260434	0.000000
246.000000	-34653.317589	-22873.367116	-32718.349423	-19882.435487	-42646.770793	-34192.290508	-40488.195776	-15876.019403	-30844.468575	-32630.015329	-38512.994470	-22322.128394	-28200.458372	-41146.141725	-36730.420498	-187500.022352	-0.079563	0.917229	-0.361202	192.000000	126.500000	64.000000	14.000000	88.000000	122.000000	88.000000	0.000000	0.000000	0.000000	1741901914.262509	0.000000
248.000000	-34646.701473	-22858.503206	-32710.749830	-19877.719269	-42637.181894	-34175.616106	-40474.203584	-15858.808560	-30871.625945	-32652.009446	-38540.084784	-22347.542327	-28225.671139	-41171.957990	-36748.547762	-187500.022352	-0.079563	0.917229	-0.361202	192.000000	0.000000	0.000000	0.000000	0.000000	0.000000	0.000000	0.000000	0.000000	0.000000	1741901914.264713	0.000000
250.000000	-34626.830772	-22846.299153	-32687.459312	-19858.653231	-42611.186816	-34165.066083	-40454.176420	-15850.717229	-30823.927322	-32604.601396	-38489.592193	-22298.100269	-28175.469121	-41122.784152	-36708.627547	-187500.022352	-0.079563	0.917229	-0.361202	192.000000	0.000000	0.000000	0.000000	0.000000	0.000000	0.000000	0.000000	0.000000	0.000000	1741901914.266740	0.000000
252.000000	-34645.159202	-22856.245679	-32706.704164	-19867.281004	-42626.676575	-34168.754121	-40465.844031	-15856.103999	-30847.195488	-32630.998806	-38518.828275	-22325.525859	-28202.246511	-41150.723833	-36712.919082	-187500.022352	-0.079563	0.917229	-0.361202	192.000000	0.000000	0.000000	0.000000	0.000000	0.000000	0.000000	0.000000	0.000000	0.000000	1741901914.268783	0.000000
254.000000	-34668.114444	-22883.358345	-32725.390223	-19880.088553	-42644.781488	-34192.044639	-40484.574793	-15881.361470	-30844.513279	-32618.951216	-38509.015859	-22313.612379	-28193.864607	-41133.043603	-36716.562416	-187500.022352	-0.079563	0.917229	-0.361202	192.000000	0.000000	0.000000	0.000000	0.000000	0.000000	0.000000	0.000000	0.000000	0.000000	1741901914.270825	0.000000
0.000000	-34685.414694	-22894.355404	-32742.288142	-19899.087536	-42658.885438	-34201.387668	-40497.985840	-15888.424622	-30894.469427	-32676.685772	-38567.040988	-22370.743438	-28247.151166	-41194.197976	-36750.090033	-187500.022352	-0.078782	0.918614	-0.362601	192.000000	126.500000	72.000000	14.000000	96.000000	122.000000	80.000000	0.000000	0.000000	0.000000	1741901914.318562	0.000000
2.000000	-34662.638266	-22876.853988	-32714.817848	-19888.783382	-42633.180932	-34184.109769	-40475.522336	-15869.045659	-30865.412160	-32640.699463	-38529.378298	-22334.220688	-28210.918988	-41151.707310	-36735.248475	-187500.022352	-0.078782	0.918614	-0.362601	192.000000	0.000000	0.000000	0.000000	0.000000	0.000000	0.000000	0.000000	0.000000	0.000000	1741901914.320898	0.000000
4.000000	-34679.692647	-22892.522561	-32731.671063	-19891.823219	-42649.520057	-34195.397400	-40487.368761	-15881.473229	-30876.118645	-32660.570164	-38545.851534	-22349.218708	-28223.972407	-41171.175679	-36728.028861	-187500.022352	-0.078782	0.918614	-0.362601	192.000000	0.000000	0.000000	0.000000	0.000000	0.000000	0.000000	0.000000	0.000000	0.000000	1741901914.323000	0.000000
6.000000	-34687.091075	-22901.485610	-32741.505830	-19897.277045	-42661.679406	-34204.651023	-40502.053857	-15894.414889	-30881.170139	-32654.669303	-38544.421022	-22346.268278	-28226.162878	-41163.911362	-36748.503059	-187500.022352	-0.078782	0.918614	-0.362601	192.000000	0.000000	0.000000	0.000000	0.000000	0.000000	0.000000	0.000000	0.000000	0.000000	1741901914.325034	0.000000
8.000000	-34682.844243	-22894.802439	-32740.298836	-19897.992301	-42656.717319	-34197.565520	-40498.611688	-15884.803639	-30889.708506	-32670.494338	-38561.698921	-22363.680287	-28240.155070	-41181.412778	-36751.051158	-187500.022352	-0.078782	0.918614	-0.362601	192.000000	0.000000	0.000000	0.000000	0.000000	0.000000	0.000000	0.000000	0.000000	0.000000	1741901914.327035	0.000000
10.000000	-34657.989104	-22872.517749	-32717.433002	-19881.943748	-42630.431668	-34177.046618	-40467.363950	-15861.066086	-30873.391732	-32649.930733	-38538.162534	-22341.842633	-28216.819849	-41156.222362	-36747.050196	-187500.022352	-0.078391	0.916307	-0.364301	192.000000	126.500000	72.000000	14.000000	72.000000	122.000000	72.000000	0.000000	0.000000	0.000000	1741901914.329022	0.000000
12.000000	-34672.607144	-22888.231026	-32733.973293	-19885.117696	-42651.308197	-34194.279813	-40491.637944	-15882.344947	-30856.560869	-32636.787908	-38531.389955	-22332.857231	-28205.219293	-41152.646083	-36719.803419	-187500.022352	-0.078391	0.916307	-0.364301	192.000000	0.000000	0.000000	0.000000	0.000000	0.000000	0.000000	0.000000	0.000000	0.000000	1741901914.331204	0.000000
14.000000	-34654.278714	-22866.438075	-32716.628339	-19878.412173	-42632.622139	-34176.219604	-40466.268714	-15859.859092	-30872.363552	-32646.130937	-38538.609569	-22339.786272	-28218.272712	-41156.535286	-36750.514716	-187500.022352	-0.078391	0.916307	-0.364301	192.000000	0.000000	0.000000	0.000000	0.000000	0.000000	0.000000	0.000000	0.000000	0.000000	1741901914.333275	0.000000
16.000000	-34649.808365	-22868.159159	-32712.537970	-19872.913643	-42627.123609	-34178.410075	-40465.598162	-15860.663755	-30853.521032	-32634.686844	-38527.590159	-22328.453938	-28202.313566	-41146.208781	-36717.210617	-187500.022352	-0.078391	0.916307	-0.364301	192.000000	0.000000	0.000000	0.000000	0.000000	0.000000	0.000000	0.000000	0.000000	0.000000	1741901914.378152	0.000000
18.000000	-34662.884136	-22876.518712	-32721.836295	-19872.131332	-42634.142057	-34182.433389	-40471.946057	-15864.128275	-30857.544346	-32629.233018	-38520.728173	-22322.776594	-28201.128924	-41139.972644	-36723.424402	-187500.022352	-0.078391	0.916307	-0.364301	192.000000	0.000000	0.000000	0.000000	0.000000	0.000000	0.000000	0.000000	0.000000	0.000000	1741901914.380265	0.000000
20.000000	-34665.186365	-22885.012375	-32724.876133	-19884.111867	-42639.037089	-34195.464456	-40479.255078	-15876.198217	-30864.540442	-32646.779137	-38531.971101	-22336.612324	-28209.957863	-41156.892914	-36720.719841	-187500.022352	-0.081195	0.916154	-0.363150	192.000000	126.500000	48.000000	14.000000	80.000000	122.000000	88.000000	0.000000	0.000000	0.000000	1741901914.382287	0.000000
22.000000	-34673.456511	-22885.146485	-32731.089918	-19888.604568	-42642.903941	-34190.077685	-40475.969371	-15871.347889	-30887.942718	-32658.737321	-38547.952598	-22351.878566	-28230.700282	-41171.198031	-36748.592466	-187500.022352	-0.081195	0.916154	-0.363150	192.000000	0.000000	0.000000	0.000000	0.000000	0.000000	0.000000	0.000000	0.000000	0.000000	1741901914.384484	0.000000
24.000000	-34663.889964	-22885.034726	-32723.646787	-19879.641519	-42635.594921	-34191.619955	-40473.108348	-15868.330403	-30856.963200	-32631.915227	-38524.237397	-22328.118661	-28204.369927	-41147.706347	-36716.920044	-187500.022352	-0.081195	0.916154	-0.363150	192.000000	0.000000	0.000000	0.000000	0.000000	0.000000	0.000000	0.000000	0.000000	0.000000	1741901914.386514	0.000000
26.000000	-34667.354484	-22878.060982	-32728.988854	-19873.852417	-42639.372365	-34178.745351	-40470.023807	-15861.066086	-30880.678401	-32648.410815	-38540.777688	-22343.496662	-28224.955884	-41161.318560	-36739.584713	-187500.022352	-0.081195	0.916154	-0.363150	192.000000	0.000000	0.000000	0.000000	0.000000	0.000000	0.000000	0.000000	0.000000	0.000000	1741901914.388583	0.000000
28.000000	-34652.624685	-22870.014354	-32718.595292	-19864.867015	-42628.777639	-34180.488787	-40469.263848	-15861.714287	-30852.157575	-32620.627596	-38512.256862	-22312.763013	-28196.949148	-41135.256426	-36712.270881	-187500.022352	-0.081195	0.916154	-0.363150	192.000000	0.000000	0.000000	0.000000	0.000000	0.000000	0.000000	0.000000	0.000000	0.000000	1741901914.390616	0.000000
30.000000	-34668.360313	-22878.731534	-32741.014092	-19877.987489	-42647.597807	-34190.144740	-40480.774996	-15871.012613	-30886.646317	-32653.127033	-38542.856400	-22341.105025	-28231.951980	-41167.308827	-36744.725614	-187500.022352	-0.082598	0.917077	-0.364575	192.000000	126.500000	48.000000	14.000000	88.000000	122.000000	72.000000	0.000000	0.000000	0.000000	1741901914.438441	0.000000
32.000000	-34655.061025	-22875.892863	-32734.263865	-19884.178923	-42641.406374	-34199.577177	-40490.073322	-15878.858075	-30872.050628	-32644.946294	-38532.641653	-22332.611362	-28221.558418	-41160.111566	-36742.602198	-187500.022352	-0.082598	0.917077	-0.364575	192.000000	0.000000	0.000000	0.000000	0.000000	0.000000	0.000000	0.000000	0.000000	0.000000	1741901914.440836	0.000000
34.000000	-34652.401167	-22864.716991	-32731.089918	-19873.137161	-42637.070136	-34177.203080	-40470.426139	-15858.517988	-30865.345104	-32633.301036	-38523.544493	-22323.961237	-28214.405860	-41154.098946	-36736.678986	-187500.022352	-0.082598	0.917077	-0.364575	192.000000	0.000000	0.000000	0.000000	0.000000	0.000000	0.000000	0.000000	0.000000	0.000000	1741901914.442861	0.000000
36.000000	-34638.498382	-22860.716028	-32716.695394	-19872.623071	-42624.821380	-34183.014534	-40467.006322	-15863.949461	-30849.028331	-32622.594550	-38507.339478	-22312.606551	-28196.882093	-41141.090231	-36724.072602	-187500.022352	-0.082598	0.917077	-0.364575	192.000000	0.000000	0.000000	0.000000	0.000000	0.000000	0.000000	0.000000	0.000000	0.000000	1741901914.444865	0.000000
38.000000	-34673.881194	-22887.448715	-32753.195793	-19890.348004	-42655.666787	-34198.459589	-40493.984877	-15883.395479	-30881.840692	-32653.127033	-38545.292740	-22345.798891	-28231.348483	-41176.808319	-36745.105594	-187500.022352	-0.082598	0.917077	-0.364575	192.000000	0.000000	0.000000	0.000000	0.000000	0.000000	0.000000	0.000000	0.000000	0.000000	1741901914.446869	0.000000
40.000000	-34663.308819	-22886.733459	-32741.036444	-19891.934978	-42644.625025	-34203.444028	-40482.272563	-15883.127258	-30867.066189	-32641.593533	-38527.456048	-22333.147804	-28213.444735	-41158.748109	-36740.881114	-187500.022352	-0.085299	0.917538	-0.364288	192.000000	126.500000	32.000000	14.000000	88.000000	122.000000	80.000000	0.000000	0.000000	0.000000	1741901914.448877	0.000000
42.000000	-34674.618801	-22890.577959	-32749.351293	-19897.031176	-42652.381081	-34200.247729	-40487.704037	-15883.641348	-30890.513169	-32667.633315	-38554.792232	-22360.461636	-28237.584619	-41185.346685	-36752.369911	-187500.022352	-0.085299	0.917538	-0.364288	192.000000	0.000000	0.000000	0.000000	0.000000	0.000000	0.000000	0.000000	0.000000	0.000000	1741901914.451066	0.000000
44.000000	-34654.524583	-22877.971575	-32729.972330	-19895.310091	-42632.868008	-34199.443066	-40475.902316	-15875.885293	-30872.542366	-32650.333065	-38533.759240	-22342.312019	-28216.283407	-41164.447804	-36746.401995	-187500.022352	-0.085299	0.917538	-0.364288	192.000000	0.000000	0.000000	0.000000	0.000000	0.000000	0.000000	0.000000	0.000000	0.000000	1741901914.453080	0.000000
46.000000	-34669.232031	-22887.024032	-32744.277447	-19888.783382	-42644.222694	-34197.677278	-40483.188985	-15882.300244	-30860.941811	-32644.454556	-38527.366641	-22335.181813	-28206.582750	-41161.720891	-36725.391355	-187500.022352	-0.085299	0.917538	-0.364288	192.000000	0.000000	0.000000	0.000000	0.000000	0.000000	0.000000	0.000000	0.000000	0.000000	1741901914.498788	0.000000
48.000000	-34681.592546	-22905.598331	-32756.414444	-19910.911609	-42655.644435	-34220.006671	-40499.148130	-15900.136936	-30886.623965	-32665.241678	-38548.578447	-22356.304211	-28228.755680	-41181.636296	-36759.030731	-187500.022352	-0.085299	0.917538	-0.364288	192.000000	0.000000	0.000000	0.000000	0.000000	0.000000	0.000000	0.000000	0.000000	0.000000	1741901914.500886	0.000000
50.000000	-34688.141607	-22908.638168	-32761.845918	-19913.526763	-42658.974845	-34215.402212	-40498.164654	-15895.107793	-30905.287672	-32690.879129	-38575.087616	-22380.198226	-28251.777977	-41206.938470	-36766.429158	-187500.022352	-0.083649	0.913769	-0.365144	192.000000	126.500000	56.000000	14.000000	56.000000	122.000000	72.000000	0.000000	0.000000	0.000000	1741901914.502874	0.000000
52.000000	-34682.643078	-22906.984139	-32758.984895	-19906.530667	-42654.839773	-34214.686956	-40503.640831	-15896.918285	-30883.695887	-32663.431187	-38545.583313	-22349.911612	-28227.213410	-41175.467214	-36755.990893	-187500.022352	-0.083649	0.913769	-0.365144	192.000000	0.000000	0.000000	0.000000	0.000000	0.000000	0.000000	0.000000	0.000000	0.000000	1741901914.505041	0.000000
54.000000	-34676.809272	-22899.898636	-32752.078206	-19901.412118	-42647.486049	-34208.696688	-40488.285183	-15885.183619	-30891.451942	-32676.104626	-38558.413214	-22359.522862	-28238.344579	-41190.912269	-36747.474879	-187500.022352	-0.083649	0.913769	-0.365144	192.000000	0.000000	0.000000	0.000000	0.000000	0.000000	0.000000	0.000000	0.000000	0.000000	1741901914.507057	0.000000
56.000000	-34646.321493	-22876.071677	-32721.590426	-19881.049678	-42614.539577	-34180.220566	-40458.445604	-15854.181749	-30866.216822	-32655.496318	-38529.490057	-22334.064225	-28209.935511	-41165.855964	-36740.590541	-187500.022352	-0.083649	0.913769	-0.365144	192.000000	0.000000	0.000000	0.000000	0.000000	0.000000	0.000000	0.000000	0.000000	0.000000	1741901914.509080	0.000000
58.000000	-34690.197967	-22914.293160	-32758.515508	-19893.119620	-42649.073022	-34206.841493	-40496.421217	-15886.524723	-30878.845558	-32668.773254	-38549.852496	-22351.342124	-28226.006416	-41180.474005	-36724.519637	-187500.022352	-0.083649	0.913769	-0.365144	192.000000	0.000000	0.000000	0.000000	0.000000	0.000000	0.000000	0.000000	0.000000	0.000000	1741901914.511135	0.000000
60.000000	-34678.195081	-22906.380642	-32734.666197	-19884.871827	-42622.139170	-34188.937746	-40462.111290	-15862.295432	-30891.183721	-32670.337876	-38545.985645	-22349.866909	-28230.052081	-41173.656723	-36744.591504	-187500.022352	-0.080825	0.913885	-0.366572	192.000000	126.500000	72.000000	14.000000	72.000000	122.000000	64.000000	0.000000	0.000000	0.000000	1741901914.558985	0.000000
62.000000	-34720.484581	-22950.391227	-32766.428026	-19903.826106	-42651.576418	-34219.872560	-40496.935308	-15894.437241	-30902.985442	-32695.237719	-38562.972970	-22365.893110	-28242.189079	-41195.874357	-36730.062870	-187500.022352	-0.080825	0.913885	-0.366572	192.000000	0.000000	0.000000	0.000000	0.000000	0.000000	0.000000	0.000000	0.000000	0.000000	1741901914.561220	0.000000
64.000000	-34712.326194	-22936.622552	-32743.562191	-19895.019519	-42629.224673	-34196.492636	-40472.840127	-15870.386764	-30914.720108	-32692.957842	-38558.659084	-22361.892147	-28244.938343	-41184.653781	-36748.123079	-187500.022352	-0.080825	0.913885	-0.366572	192.000000	0.000000	0.000000	0.000000	0.000000	0.000000	0.000000	0.000000	0.000000	0.000000	1741901914.563286	0.000000
66.000000	-34732.599227	-22961.902375	-32758.202584	-19905.569542	-42642.501610	-34211.021270	-40484.217165	-15885.340081	-30916.977634	-32701.205635	-38565.610476	-22367.055400	-28243.999570	-41190.934621	-36729.817001	-187500.022352	-0.080825	0.913885	-0.366572	192.000000	0.000000	0.000000	0.000000	0.000000	0.000000	0.000000	0.000000	0.000000	0.000000	1741901914.565323	0.000000
68.000000	-34730.587570	-22955.554480	-32751.653522	-19895.220684	-42631.303386	-34191.463493	-40466.648694	-15866.586967	-30926.410070	-32695.640051	-38558.100290	-22361.065133	-28246.055930	-41179.982266	-36744.010358	-187500.022352	-0.080825	0.913885	-0.366572	192.000000	0.000000	0.000000	0.000000	0.000000	0.000000	0.000000	0.000000	0.000000	0.000000	1741901914.567411	0.000000
70.000000	-34753.051073	-22981.214283	-32767.813834	-19903.177905	-42647.217828	-34210.730697	-40486.228822	-15885.071860	-30922.967902	-32692.779028	-38560.536630	-22361.311002	-28241.898506	-41178.171775	-36729.057041	-187500.022352	-0.082412	0.913942	-0.365286	192.000000	126.500000	48.000000	14.000000	72.000000	122.000000	80.000000	0.000000	0.000000	0.000000	1741901914.569440	0.000000
72.000000	-34723.144439	-22937.941305	-32731.983987	-19883.664833	-42607.275260	-34165.289601	-40437.524371	-15829.013685	-30959.110672	-32711.018051	-38582.620154	-22384.400354	-28271.469864	-41195.248508	-36765.155109	-187500.022352	-0.082412	0.913942	-0.365286	192.000000	0.000000	0.000000	0.000000	0.000000	0.000000	0.000000	0.000000	0.000000	0.000000	1741901914.571640	0.000000
74.000000	-34742.568105	-22958.191986	-32748.636037	-19867.504521	-42629.269377	-34175.750217	-40463.742967	-15858.629746	-30899.275052	-32647.919076	-38524.639729	-22322.798946	-28211.187209	-41131.322519	-36690.612041	-187500.022352	-0.082412	0.913942	-0.365286	192.000000	0.000000	0.000000	0.000000	0.000000	0.000000	0.000000	0.000000	0.000000	0.000000	1741901914.573619	0.000000
76.000000	-34760.583611	-22959.242518	-32771.121892	-19882.927225	-42647.731918	-34180.600545	-40471.633133	-15859.814389	-30966.866728	-32694.500112	-38581.524918	-22371.212825	-28277.393076	-41178.015313	-36754.113347	-187500.022352	-0.082412	0.913942	-0.365286	192.000000	0.000000	0.000000	0.000000	0.000000	0.000000	0.000000	0.000000	0.000000	0.000000	1741901914.619288	0.000000
78.000000	-34769.546660	-22976.363954	-32784.063552	-19897.969949	-42660.561819	-34206.170941	-40491.414427	-15885.004805	-30962.418731	-32685.380600	-38583.268354	-22368.552967	-28273.749742	-41172.695598	-36749.061853	-187500.022352	-0.082412	0.913942	-0.365286	192.000000	0.000000	0.000000	0.000000	0.000000	0.000000	0.000000	0.000000	0.000000	0.000000	1741901914.621424	0.000000
80.000000	-34752.559334	-22948.893660	-32768.462034	-19880.513237	-42643.999177	-34176.018438	-40470.426139	-15860.283775	-30969.794806	-32678.652725	-38586.799930	-22369.491740	-28278.331849	-41165.900667	-36757.130832	-187500.022352	-0.086206	0.912971	-0.365643	192.000000	126.500000	24.000000	14.000000	64.000000	122.000000	72.000000	0.000000	0.000000	0.000000	1741901914.623496	0.000000
82.000000	-34754.302770	-22960.985954	-32767.813834	-19878.233359	-42651.241142	-34190.569424	-40486.072360	-15876.533494	-30944.962018	-32654.401082	-38565.990456	-22350.537461	-28256.382436	-41143.861847	-36738.511829	-187500.022352	-0.086206	0.912971	-0.365643	192.000000	0.000000	0.000000	0.000000	0.000000	0.000000	0.000000	0.000000	0.000000	0.000000	1741901914.625650	0.000000
84.000000	-34760.382445	-22956.426198	-32767.500909	-19876.534626	-42649.363595	-34177.292487	-40473.041293	-15858.763857	-30973.371085	-32675.232908	-38589.593898	-22372.419819	-28283.875082	-41166.414758	-36758.136661	-187500.022352	-0.086206	0.912971	-0.365643	192.000000	0.000000	0.000000	0.000000	0.000000	0.000000	0.000000	0.000000	0.000000	0.000000	1741901914.627677	0.000000
86.000000	-34748.647779	-22950.391227	-32753.821642	-19877.406344	-42633.516208	-34179.505310	-40454.422290	-15854.137046	-30961.189385	-32656.949181	-38575.802872	-22358.226461	-28268.675896	-41146.722871	-36740.948169	-187500.022352	-0.086206	0.912971	-0.365643	192.000000	0.000000	0.000000	0.000000	0.000000	0.000000	0.000000	0.000000	0.000000	0.000000	1741901914.629674	0.000000
88.000000	-34745.518535	-22937.538974	-32756.816775	-19863.101228	-42630.454019	-34161.534507	-40446.599179	-15839.630763	-30952.695722	-32643.336969	-38569.812604	-22351.833862	-28259.534032	-41138.430373	-36728.364137	-187500.022352	-0.086206	0.912971	-0.365643	192.000000	0.000000	0.000000	0.000000	0.000000	0.000000	0.000000	0.000000	0.000000	0.000000	1741901914.631747	0.000000
90.000000	-34721.043375	-22923.278561	-32736.722557	-19862.497731	-42606.112970	-34157.779414	-40431.131772	-15828.209022	-30938.815288	-32624.807373	-38555.865116	-22339.786272	-28243.105500	-41120.951309	-36724.005547	-187500.022352	-0.087103	0.911486	-0.365821	192.000000	126.500000	32.000000	14.000000	56.000000	122.000000	72.000000	0.000000	0.000000	0.000000	1741901914.679474	0.000000
92.000000	-34752.313465	-22947.530204	-32774.899337	-19877.786324	-42642.836886	-34173.760912	-40462.424214	-15855.455799	-30947.890097	-32637.369053	-38569.566735	-22354.113740	-28256.293029	-41136.888103	-36725.883094	-187500.022352	-0.087103	0.911486	-0.365821	192.000000	0.000000	0.000000	0.000000	0.000000	0.000000	0.000000	0.000000	0.000000	0.000000	1741901914.681708	0.000000
94.000000	-34749.743015	-22949.988896	-32772.373590	-19898.148763	-42637.830095	-34188.669525	-40471.074339	-15862.563653	-30969.168957	-32654.624600	-38586.487006	-22373.090371	-28278.264794	-41151.170868	-36762.003513	-187500.022352	-0.087103	0.911486	-0.365821	192.000000	0.000000	0.000000	0.000000	0.000000	0.000000	0.000000	0.000000	0.000000	0.000000	1741901914.683698	0.000000
96.000000	-34761.097701	-22951.687628	-32787.215148	-19889.811562	-42647.396642	-34185.696743	-40473.309514	-15868.643328	-30961.547013	-32645.818012	-38578.887412	-22363.769694	-28274.442646	-41147.348720	-36736.947207	-187500.022352	-0.087103	0.911486	-0.365821	192.000000	0.000000	0.000000	0.000000	0.000000	0.000000	0.000000	0.000000	0.000000	0.000000	1741901914.685749	0.000000
98.000000	-34741.808145	-22935.683779	-32773.468825	-19896.002995	-42638.724165	-34195.263290	-40470.694360	-15866.832836	-30987.989126	-32655.630428	-38595.517110	-22377.203092	-28300.728297	-41163.687845	-36771.614763	-187500.022352	-0.087103	0.911486	-0.365821	192.000000	0.000000	0.000000	0.000000	0.000000	0.000000	0.000000	0.000000	0.000000	0.000000	1741901914.687750	0.000000
100.000000	-34762.349398	-22950.011247	-32799.441552	-19890.035080	-42671.760043	-34202.058220	-40495.214223	-15887.619959	-30974.622783	-32640.855925	-38585.816453	-22362.339182	-28294.872140	-41152.400214	-36752.325207	-187500.022352	-0.088552	0.910743	-0.364911	192.000000	126.500000	24.000000	14.000000	56.000000	122.000000	80.000000	0.000000	0.000000	0.000000	1741901914.689792	0.000000
102.000000	-34717.489447	-22903.676081	-32761.644752	-19869.225606	-42632.353918	-34166.965981	-40455.942208	-15846.336287	-30974.868652	-32625.679091	-38576.987514	-22350.336295	-28293.352222	-41134.608225	-36773.648771	-187500.022352	-0.088552	0.910743	-0.364911	192.000000	0.000000	0.000000	0.000000	0.000000	0.000000	0.000000	0.000000	0.000000	0.000000	1741901914.691964	0.000000
104.000000	-34714.628424	-22893.036651	-32753.665179	-19842.336457	-42620.418086	-34144.457775	-40440.407746	-15830.399493	-30946.213716	-32591.436218	-38551.283008	-22314.797022	-28266.798349	-41101.549995	-36721.345689	-187500.022352	-0.088552	0.910743	-0.364911	192.000000	0.000000	0.000000	0.000000	0.000000	0.000000	0.000000	0.000000	0.000000	0.000000	1741901914.693959	0.000000
106.000000	-34691.427313	-22870.528444	-32729.860572	-19830.713550	-42594.914746	-34118.306234	-40421.162894	-15805.253781	-30938.345902	-32571.833738	-38538.609569	-22301.967120	-28252.314419	-41077.343056	-36719.602253	-187500.022352	-0.088552	0.910743	-0.364911	192.000000	0.000000	0.000000	0.000000	0.000000	0.000000	0.000000	0.000000	0.000000	0.000000	1741901914.738866	0.000000
108.000000	-34728.955892	-22907.520581	-32766.048046	-19851.634783	-42632.689194	-34148.928124	-40448.856705	-15839.630763	-30958.753044	-32596.532416	-38567.242154	-22327.649275	-28279.136512	-41102.734638	-36708.940471	-187500.022352	-0.088552	0.910743	-0.364911	192.000000	0.000000	0.000000	0.000000	0.000000	0.000000	0.000000	0.000000	0.000000	0.000000	1741901914.740985	0.000000
110.000000	-34723.189142	-22899.339843	-32760.236592	-19846.315068	-42622.653261	-34134.891228	-40436.876170	-15825.124481	-30967.202004	-32593.760800	-38565.901049	-22329.683284	-28283.204530	-41096.051466	-36728.900579	-187500.022352	-0.088276	0.912371	-0.363455	192.000000	126.500000	32.000000	14.000000	72.000000	122.000000	88.000000	0.000000	0.000000	0.000000	1741901914.743066	0.000000
112.000000	-34719.523456	-22899.898636	-32764.036389	-19850.807768	-42622.139170	-34142.244952	-40445.481592	-15830.690066	-30965.905603	-32593.313765	-38571.846613	-22335.025350	-28285.752629	-41098.487806	-36720.608082	-187500.022352	-0.088276	0.912371	-0.363455	192.000000	0.000000	0.000000	0.000000	0.000000	0.000000	0.000000	0.000000	0.000000	0.000000	1741901914.745254	0.000000
114.000000	-34690.622650	-22868.069752	-32737.683682	-19826.533774	-42592.947792	-34112.025393	-40411.328126	-15801.521039	-30939.150565	-32557.372160	-38536.016767	-22302.481211	-28254.929573	-41061.518021	-36711.756791	-187500.022352	-0.088276	0.912371	-0.363455	192.000000	0.000000	0.000000	0.000000	0.000000	0.000000	0.000000	0.000000	0.000000	0.000000	1741901914.747251	0.000000
116.000000	-34702.334965	-22882.017241	-32753.799290	-19839.341323	-42608.996345	-34136.142926	-40429.388336	-15821.190574	-30942.011588	-32564.390607	-38544.018691	-22308.493830	-28262.752683	-41074.593791	-36697.384619	-187500.022352	-0.088276	0.912371	-0.363455	192.000000	0.000000	0.000000	0.000000	0.000000	0.000000	0.000000	0.000000	0.000000	0.000000	1741901914.749258	0.000000
118.000000	-34694.735371	-22865.968688	-32748.792499	-19831.495861	-42609.219862	-34122.553065	-40421.609929	-15812.585153	-30949.633533	-32556.768663	-38540.621226	-22301.363623	-28267.759474	-41070.078739	-36712.427343	-187500.022352	-0.088276	0.912371	-0.363455	192.000000	0.000000	0.000000	0.000000	0.000000	0.000000	0.000000	0.000000	0.000000	0.000000	1741901914.751273	0.000000
120.000000	-34692.164921	-22866.929813	-32750.737101	-19842.828195	-42620.015755	-34137.618141	-40439.737194	-15827.404359	-30953.232164	-32562.021322	-38553.048796	-22307.420946	-28273.325059	-41078.371236	-36707.688774	-187500.022352	-0.084138	0.914186	-0.363728	192.000000	126.500000	64.000000	14.000000	80.000000	122.000000	80.000000	0.000000	0.000000	0.000000	1741901914.798620	0.000000
122.000000	-34668.852051	-22831.703464	-32722.752717	-19811.893381	-42597.731065	-34095.216882	-40400.509882	-15787.014757	-30938.077681	-32535.042767	-38532.619301	-22282.655213	-28254.326076	-41050.140983	-36706.079448	-187500.022352	-0.084138	0.914186	-0.363728	192.000000	0.000000	0.000000	0.000000	0.000000	0.000000	0.000000	0.000000	0.000000	0.000000	1741901914.800966	0.000000
124.000000	-34708.794619	-22873.434171	-32757.666142	-19832.658152	-42640.087621	-34135.986464	-40447.068566	-15831.852356	-30926.655939	-32524.895075	-38533.580426	-22275.726172	-28244.178384	-41042.742555	-36681.984267	-187500.022352	-0.084138	0.914186	-0.363728	192.000000	0.000000	0.000000	0.000000	0.000000	0.000000	0.000000	0.000000	0.000000	0.000000	1741901914.803007	0.000000
126.000000	-34693.014287	-22846.969705	-32741.215258	-19834.848623	-42631.079868	-34112.427725	-40425.365022	-15806.550182	-30962.128158	-32554.175860	-38572.248944	-22310.527839	-28279.695306	-41071.576306	-36736.656634	-187500.022352	-0.084138	0.914186	-0.363728	192.000000	0.000000	0.000000	0.000000	0.000000	0.000000	0.000000	0.000000	0.000000	0.000000	1741901914.805013	0.000000
128.000000	-34685.302935	-22851.842386	-32736.275522	-19840.257745	-42636.287825	-34121.256664	-40441.301816	-15819.536545	-30935.753099	-32533.142869	-38555.663950	-22293.942844	-28255.801291	-41050.610370	-36713.477875	-187500.022352	-0.084138	0.914186	-0.363728	192.000000	0.000000	0.000000	0.000000	0.000000	0.000000	0.000000	0.000000	0.000000	0.000000	1741901914.807002	0.000000
130.000000	-34675.244650	-22834.028045	-32723.870304	-19833.306352	-42627.369479	-34103.375268	-40419.374754	-15798.660016	-30932.355634	-32531.622950	-38555.529839	-22299.419022	-28256.941230	-41048.777526	-36717.054155	-187500.022352	-0.083069	0.916093	-0.360864	192.000000	126.500000	56.000000	14.000000	88.000000	122.000000	104.000000	0.000000	0.000000	0.000000	1741901914.809016	0.000000
132.000000	-34662.146528	-22827.791909	-32709.498132	-19825.304428	-42618.853464	-34110.639585	-40425.141504	-15805.879629	-30895.139980	-32502.163351	-38518.738868	-22266.897233	-28219.703224	-41018.982651	-36684.241794	-187500.022352	-0.083069	0.916093	-0.360864	192.000000	0.000000	0.000000	0.000000	0.000000	0.000000	0.000000	0.000000	0.000000	0.000000	1741901914.811272	0.000000
134.000000	-34684.565328	-22839.750092	-32727.737156	-19834.446291	-42641.875761	-34125.436440	-40444.475763	-15822.486975	-30926.924160	-32531.868819	-38551.707691	-22299.843705	-28254.437835	-41050.677425	-36715.131904	-187500.022352	-0.083069	0.916093	-0.360864	192.000000	0.000000	0.000000	0.000000	0.000000	0.000000	0.000000	0.000000	0.000000	0.000000	1741901914.813252	0.000000
136.000000	-34675.110540	-22838.029008	-32713.029708	-19830.981771	-42630.744592	-34135.382966	-40440.050118	-15822.174051	-30906.651128	-32512.668671	-38527.836028	-22280.822370	-28230.342654	-41031.074945	-36702.190244	-187500.022352	-0.083069	0.916093	-0.360864	192.000000	0.000000	0.000000	0.000000	0.000000	0.000000	0.000000	0.000000	0.000000	0.000000	1741901914.858933	0.000000
138.000000	-34672.607144	-22827.188412	-32701.965595	-19822.018721	-42618.540540	-34117.702737	-40424.135676	-15806.147850	-30924.666634	-32532.315854	-38545.605665	-22301.207161	-28249.095768	-41054.678387	-36707.711125	-187500.022352	-0.083069	0.916093	-0.360864	192.000000	0.000000	0.000000	0.000000	0.000000	0.000000	0.000000	0.000000	0.000000	0.000000	1741901914.861021	0.000000
140.000000	-34658.056159	-22821.332255	-32690.007411	-19814.799108	-42602.782560	-34111.399545	-40409.987022	-15798.078871	-30898.157465	-32500.732839	-38515.251996	-22269.691201	-28219.010320	-41021.463695	-36686.454616	-187500.022352	-0.084534	0.916046	-0.361432	192.000000	126.500000	40.000000	14.000000	80.000000	122.000000	88.000000	0.000000	0.000000	0.000000	1741901914.863032	0.000000
142.000000	-34658.234973	-22812.883295	-32694.410705	-19808.674730	-42604.436589	-34095.663917	-40408.042420	-15789.227580	-30897.755134	-32502.878607	-38521.219912	-22273.714515	-28221.804288	-41024.436477	-36673.557660	-187500.022352	-0.084534	0.916046	-0.361432	192.000000	0.000000	0.000000	0.000000	0.000000	0.000000	0.000000	0.000000	0.000000	0.000000	1741901914.865219	0.000000
144.000000	-34637.246685	-22799.002862	-32680.418513	-19805.389023	-42592.523109	-34088.801931	-40401.582766	-15780.443344	-30888.009773	-32486.941813	-38507.562996	-22257.509501	-28208.594407	-41008.544386	-36675.748131	-187500.022352	-0.084534	0.916046	-0.361432	192.000000	0.000000	0.000000	0.000000	0.000000	0.000000	0.000000	0.000000	0.000000	0.000000	1741901914.867272	0.000000
146.000000	-34622.829810	-22777.366373	-32675.635240	-19792.872047	-42592.746626	-34077.201376	-40387.881146	-15765.579434	-30889.954375	-32492.619156	-38514.715554	-22263.678582	-28215.478744	-41018.066230	-36677.558622	-187500.022352	-0.084534	0.916046	-0.361432	192.000000	0.000000	0.000000	0.000000	0.000000	0.000000	0.000000	0.000000	0.000000	0.000000	1741901914.869280	0.000000
148.000000	-34638.319568	-22798.354661	-32689.627432	-19791.083907	-42608.035220	-34097.921443	-40412.311603	-15792.155658	-30856.829090	-32455.984647	-38475.667057	-22224.227753	-28182.353459	-40981.342313	-36667.612096	-187500.022352	-0.084534	0.916046	-0.361432	192.000000	0.000000	0.000000	0.000000	0.000000	0.000000	0.000000	0.000000	0.000000	0.000000	1741901914.871329	0.000000
150.000000	-34670.282563	-22827.791909	-32719.846990	-19824.231544	-42634.119705	-34132.723109	-40437.881999	-15818.038978	-30913.893093	-32525.297406	-38539.883618	-22288.086687	-28241.250305	-41051.996178	-36701.899672	-187500.022352	-0.083267	0.917023	-0.357716	192.000000	126.500000	56.000000	14.000000	88.000000	122.000000	120.000000	0.000000	0.000000	0.000000	1741901914.919269	0.000000
152.000000	-34627.344862	-22785.770629	-32674.048266	-19799.778736	-42587.717484	-34097.541463	-40394.072580	-15778.632853	-30887.473331	-32494.407296	-38505.551339	-22258.224757	-28210.717822	-41016.166331	-36690.656744	-187500.022352	-0.083267	0.917023	-0.357716	192.000000	0.000000	0.000000	0.000000	0.000000	0.000000	0.000000	0.000000	0.000000	0.000000	1741901914.921721	0.000000
154.000000	-34643.393414	-22799.248731	-32690.074466	-19801.566875	-42603.631926	-34108.806742	-40409.450580	-15794.659054	-30878.599689	-32488.282918	-38505.372525	-22256.235451	-28207.074488	-41016.278090	-36663.588782	-187500.022352	-0.083267	0.917023	-0.357716	192.000000	0.000000	0.000000	0.000000	0.000000	0.000000	0.000000	0.000000	0.000000	0.000000	1741901914.923721	0.000000
156.000000	-34669.991990	-22828.261295	-32719.176438	-19832.814614	-42630.364612	-34136.433498	-40438.306682	-15821.995237	-30902.538407	-32508.399488	-38522.091630	-22276.396725	-28227.660445	-41032.572512	-36701.899672	-187500.022352	-0.083267	0.917023	-0.357716	192.000000	0.000000	0.000000	0.000000	0.000000	0.000000	0.000000	0.000000	0.000000	0.000000	1741901914.925762	0.000000
158.000000	-34674.372932	-22835.100929	-32728.854743	-19844.415169	-42635.974900	-34145.396548	-40438.731365	-15830.265383	-30919.548085	-32533.254627	-38544.666892	-22300.469554	-28248.827547	-41058.969922	-36708.404029	-187500.022352	-0.083267	0.917023	-0.357716	192.000000	0.000000	0.000000	0.000000	0.000000	0.000000	0.000000	0.000000	0.000000	0.000000	1741901914.927757	0.000000
160.000000	-34676.563403	-22834.944467	-32732.632188	-19841.911774	-42639.729993	-34142.289655	-40441.748851	-15830.243031	-30912.797858	-32519.620063	-38533.043985	-22288.645481	-28240.803270	-41045.804744	-36727.023033	-187500.022352	-0.082634	0.916512	-0.358858	192.000000	126.500000	56.000000	14.000000	80.000000	122.000000	96.000000	0.000000	0.000000	0.000000	1741901914.929732	0.000000
162.000000	-34659.620781	-22818.359473	-32718.707051	-19838.782530	-42625.715450	-34135.472373	-40427.242568	-15816.340246	-30920.553913	-32532.762889	-38548.556095	-22301.676548	-28249.855727	-41060.780413	-36721.971538	-187500.022352	-0.082634	0.916512	-0.358858	192.000000	0.000000	0.000000	0.000000	0.000000	0.000000	0.000000	0.000000	0.000000	0.000000	1741901914.931895	0.000000
164.000000	-34635.279731	-22789.503370	-32696.087086	-19812.832154	-42601.776731	-34103.732896	-40401.314545	-15786.120687	-30888.859140	-32489.735781	-38508.568824	-22260.437579	-28216.171648	-41017.015698	-36705.140675	-187500.022352	-0.082634	0.916512	-0.358858	192.000000	0.000000	0.000000	0.000000	0.000000	0.000000	0.000000	0.000000	0.000000	0.000000	1741901914.933907	0.000000
166.000000	-34626.853124	-22786.105905	-32688.733362	-19807.490087	-42595.652353	-34100.536597	-40397.782969	-15782.253835	-30876.498625	-32487.545310	-38504.791380	-22253.665001	-28203.386450	-41013.595881	-36685.672305	-187500.022352	-0.082634	0.916512	-0.358858	192.000000	0.000000	0.000000	0.000000	0.000000	0.000000	0.000000	0.000000	0.000000	0.000000	1741901914.979608	0.000000
168.000000	-34643.952208	-22793.236112	-32703.060830	-19807.937122	-42607.051743	-34101.631832	-40406.008411	-15787.998234	-30884.925233	-32483.410237	-38504.478455	-22251.765102	-28209.242607	-41009.885491	-36694.255375	-187500.022352	-0.082634	0.916512	-0.358858	192.000000	0.000000	0.000000	0.000000	0.000000	0.000000	0.000000	0.000000	0.000000	0.000000	1741901914.981716	0.000000
170.000000	-34657.720883	-22811.497487	-32716.136601	-19822.890439	-42621.312156	-34125.235274	-40424.515656	-15809.813536	-30891.988384	-32491.389810	-38517.084839	-22262.784512	-28217.132773	-41019.630852	-36696.401143	-187500.022352	-0.081317	0.917256	-0.357429	192.000000	126.500000	64.000000	14.000000	88.000000	122.000000	112.000000	0.000000	0.000000	0.000000	1741901914.983796	0.000000
172.000000	-34654.323417	-22804.009653	-32715.287234	-19823.225716	-42623.972013	-34120.653167	-40425.387374	-15807.511307	-30916.821172	-32510.254682	-38534.295682	-22282.096420	-28240.490346	-41036.752288	-36724.765506	-187500.022352	-0.081317	0.917256	-0.357429	192.000000	0.000000	0.000000	0.000000	0.000000	0.000000	0.000000	0.000000	0.000000	0.000000	1741901914.985992	0.000000
174.000000	-34667.309781	-22831.569354	-32728.251246	-19834.915678	-42643.149810	-34149.151641	-40455.964560	-15840.413075	-30902.449000	-32507.818342	-38528.238359	-22277.737829	-28230.521468	-41035.522942	-36711.197997	-187500.022352	-0.081317	0.917256	-0.357429	192.000000	0.000000	0.000000	0.000000	0.000000	0.000000	0.000000	0.000000	0.000000	0.000000	1741901914.988095	0.000000
176.000000	-34657.989104	-22812.324502	-32720.070508	-19831.272344	-42631.325737	-34129.593865	-40428.494266	-15816.362598	-30925.985387	-32530.550066	-38545.315092	-22298.055565	-28254.504890	-41057.964093	-36741.104632	-187500.022352	-0.081317	0.917256	-0.357429	192.000000	0.000000	0.000000	0.000000	0.000000	0.000000	0.000000	0.000000	0.000000	0.000000	1741901914.990076	0.000000
178.000000	-34657.005627	-22820.840516	-32723.087993	-19832.747559	-42630.185798	-34137.595789	-40433.389298	-15822.934010	-30895.385849	-32504.957319	-38521.421077	-22272.596928	-28224.978235	-41032.751326	-36710.505093	-187500.022352	-0.081317	0.917256	-0.357429	192.000000	0.000000	0.000000	0.000000	0.000000	0.000000	0.000000	0.000000	0.000000	0.000000	1741901914.992049	0.000000
180.000000	-34650.277752	-22802.154458	-32711.085106	-19814.955570	-42614.673688	-34110.080792	-40413.496246	-15799.397623	-30903.432477	-32506.633700	-38524.460915	-22275.033268	-28231.192020	-41032.639567	-36714.930739	-187500.022352	-0.079658	0.916628	-0.356714	192.000000	126.500000	72.000000	14.000000	80.000000	122.000000	112.000000	0.000000	0.000000	0.000000	1741901915.039844	0.000000
182.000000	-34664.627572	-22826.115528	-32726.038423	-19833.485166	-42625.335470	-34138.266341	-40440.564208	-15825.482109	-30899.789143	-32504.219711	-38520.415249	-22271.658155	-28228.308645	-41027.945701	-36705.520654	-187500.022352	-0.079658	0.916628	-0.356714	192.000000	0.000000	0.000000	0.000000	0.000000	0.000000	0.000000	0.000000	0.000000	0.000000	1741901915.042169	0.000000
184.000000	-34667.980333	-22820.058205	-32729.569999	-19830.624143	-42621.468618	-34124.028280	-40420.469990	-15809.992350	-30926.074794	-32530.706529	-38545.404499	-22297.921455	-28256.203622	-41052.107936	-36726.620701	-187500.022352	-0.079658	0.916628	-0.356714	192.000000	0.000000	0.000000	0.000000	0.000000	0.000000	0.000000	0.000000	0.000000	0.000000	1741901915.044196	0.000000
186.000000	-34641.493516	-22803.808487	-32704.558397	-19817.995407	-42596.591127	-34113.478257	-40408.198882	-15796.380138	-30901.845503	-32502.520979	-38515.766086	-22269.490036	-28224.084166	-41022.871855	-36704.559529	-187500.022352	-0.079658	0.916628	-0.356714	192.000000	0.000000	0.000000	0.000000	0.000000	0.000000	0.000000	0.000000	0.000000	0.000000	1741901915.046246	0.000000
188.000000	-34660.134871	-22813.285627	-32720.942226	-19812.072195	-42616.193606	-34107.778562	-40415.999641	-15799.375272	-30903.991271	-32503.057421	-38522.315147	-22270.317050	-28231.147317	-41027.342204	-36700.133884	-187500.022352	-0.079658	0.916628	-0.356714	192.000000	0.000000	0.000000	0.000000	0.000000	0.000000	0.000000	0.000000	0.000000	0.000000	1741901915.048240	0.000000
190.000000	-34669.053217	-22835.212688	-32732.743947	-19830.981771	-42631.996290	-34133.214847	-40438.440792	-15824.208060	-30915.413012	-32511.327566	-38528.752450	-22277.335498	-28240.266829	-41033.332471	-36717.635300	-187500.022352	-0.078000	0.916000	-0.364000	192.000000	126.500000	72.000000	14.000000	80.000000	122.000000	80.000000	0.000000	0.000000	0.000000	1741901915.050279	0.000000
192.000000	-34661.833604	-22821.734586	-32726.932493	-19829.528907	-42631.415144	-34121.033147	-40433.277539	-15812.473394	-30927.997044	-32534.841601	-38548.086709	-22299.731946	-28259.086997	-41060.020454	-36729.951111	-187500.022352	-0.078000	0.916000	-0.364000	192.000000	0.000000	0.000000	0.000000	0.000000	0.000000	0.000000	0.000000	0.000000	0.000000	1741901915.052419	0.000000
194.000000	-34640.666502	-22805.306054	-32705.966557	-19818.576553	-42609.376324	-34111.757173	-40417.206635	-15802.839792	-30899.856198	-32502.856255	-38514.112057	-22266.383143	-28229.269770	-41027.968052	-36714.662518	-187500.022352	-0.078000	0.916000	-0.364000	192.000000	0.000000	0.000000	0.000000	0.000000	0.000000	0.000000	0.000000	0.000000	0.000000	1741901915.054450	0.000000
196.000000	-34657.452662	-22816.012539	-32723.266807	-19817.704835	-42625.715450	-34117.479219	-40425.923815	-15810.595847	-30899.498570	-32506.812514	-38522.628072	-22271.054658	-28235.394148	-41033.868913	-36702.056134	-187500.022352	-0.078000	0.916000	-0.364000	192.000000	0.000000	0.000000	0.000000	0.000000	0.000000	0.000000	0.000000	0.000000	0.000000	1741901915.099239	0.000000
198.000000	-34659.218449	-22823.232153	-32723.356214	-19823.113957	-42622.250929	-34123.827115	-40426.639071	-15813.747443	-30903.119553	-32503.683269	-38520.482304	-22269.177111	-28233.673064	-41027.208093	-36714.818980	-187500.022352	-0.078000	0.916000	-0.364000	192.000000	0.000000	0.000000	0.000000	0.000000	0.000000	0.000000	0.000000	0.000000	0.000000	1741901915.101348	0.000000
200.000000	-34669.947287	-22830.272952	-32737.706034	-19828.679541	-42638.388889	-34133.505420	-40440.698319	-15824.699798	-30924.376061	-32533.724014	-38548.444336	-22297.161495	-28257.522375	-41058.567591	-36721.658614	-187500.022352	-0.080000	0.910000	-0.360000	192.000000	126.500000	64.000000	14.000000	56.000000	122.000000	96.000000	0.000000	0.000000	0.000000	1741901915.103375	0.000000
202.000000	-34633.402185	-22795.851266	-32703.373754	-19804.539657	-42605.174196	-34100.983632	-40408.489455	-15788.311158	-30904.505361	-32503.616214	-38518.336537	-22267.679544	-28233.203677	-41025.487009	-36723.089126	-187500.022352	-0.080000	0.910000	-0.360000	192.000000	0.000000	0.000000	0.000000	0.000000	0.000000	0.000000	0.000000	0.000000	0.000000	1741901915.105520	0.000000
204.000000	-34635.123269	-22796.007728	-32706.301833	-19791.307424	-42605.978859	-34093.316983	-40408.400048	-15786.567722	-30881.840692	-32487.835883	-38504.232586	-22249.351114	-28217.512753	-41010.846616	-36692.958974	-187500.022352	-0.080000	0.910000	-0.360000	192.000000	0.000000	0.000000	0.000000	0.000000	0.000000	0.000000	0.000000	0.000000	0.000000	1741901915.107502	0.000000
206.000000	-34658.346731	-22818.560638	-32727.871266	-19816.766061	-42624.106124	-34120.630815	-40432.808153	-15814.574458	-30901.130247	-32497.201264	-38514.067353	-22257.978887	-28232.622532	-41022.022488	-36717.501189	-187500.022352	-0.080000	0.910000	-0.360000	192.000000	0.000000	0.000000	0.000000	0.000000	0.000000	0.000000	0.000000	0.000000	0.000000	1741901915.109526	0.000000
208.000000	-34654.613990	-22817.398348	-32722.886827	-19824.477413	-42614.472522	-34122.173085	-40429.030708	-15812.853374	-30907.813419	-32515.797915	-38530.920569	-22278.900120	-28241.272657	-41044.463640	-36715.645995	-187500.022352	-0.080000	0.910000	-0.360000	192.000000	0.000000	0.000000	0.000000	0.000000	0.000000	0.000000	0.000000	0.000000	0.000000	1741901915.111503	0.000000
210.000000	-34682.419560	-22841.404121	-32747.250229	-19843.208175	-42635.304348	-34137.215809	-40440.810077	-15826.532641	-30920.822134	-32519.374194	-38537.491982	-22284.622167	-28248.447567	-41047.168201	-36731.739251	-187500.022352	-0.080000	0.912000	-0.368000	192.000000	126.500000	64.000000	14.000000	64.000000	122.000000	64.000000	0.000000	0.000000	0.000000	1741901915.158958	0.000000
212.000000	-34696.456456	-22858.100874	-32760.325999	-19857.110960	-42651.911694	-34157.310028	-40461.396034	-15846.492749	-30936.893038	-32541.144793	-38561.140127	-22305.498696	-28267.178329	-41070.145794	-36732.253341	-187500.022352	-0.080000	0.912000	-0.368000	192.000000	0.000000	0.000000	0.000000	0.000000	0.000000	0.000000	0.000000	0.000000	0.000000	1741901915.161252	0.000000
214.000000	-34677.837453	-22833.513955	-32741.148203	-19844.750445	-42636.533694	-34133.773641	-40443.939322	-15822.017589	-30945.118480	-32540.161316	-38557.742662	-22301.207161	-28271.738085	-41066.882439	-36756.415577	-187500.022352	-0.080000	0.912000	-0.368000	192.000000	0.000000	0.000000	0.000000	0.000000	0.000000	0.000000	0.000000	0.000000	0.000000	1741901915.163287	0.000000
216.000000	-34666.549822	-22828.730682	-32728.430060	-19829.506556	-42628.397659	-34136.612312	-40434.663348	-15821.637609	-30918.274035	-32522.212866	-38535.502676	-22279.749486	-28249.095768	-41048.196381	-36719.222274	-187500.022352	-0.080000	0.912000	-0.368000	192.000000	0.000000	0.000000	0.000000	0.000000	0.000000	0.000000	0.000000	0.000000	0.000000	1741901915.165397	0.000000
218.000000	-34637.403147	-22794.867789	-32700.669193	-19806.238390	-42598.513377	-34101.900053	-40406.544853	-15788.020586	-30907.724012	-32502.811551	-38517.218949	-22262.113960	-28234.678892	-41029.107991	-36715.198960	-187500.022352	-0.080000	0.912000	-0.368000	192.000000	0.000000	0.000000	0.000000	0.000000	0.000000	0.000000	0.000000	0.000000	0.000000	1741901915.167393	0.000000
220.000000	-34654.368121	-22819.588819	-32719.556417	-19812.563933	-42614.137246	-34123.268321	-40427.264920	-15811.758138	-30886.735724	-32489.467560	-38505.953670	-22249.507576	-28217.870381	-41016.970994	-36686.633430	-187500.022352	-0.080000	0.914000	-0.370000	192.000000	126.500000	64.000000	14.000000	72.000000	122.000000	56.000000	0.000000	0.000000	0.000000	1741901915.169421	0.000000
222.000000	-34661.297162	-22818.091252	-32728.363005	-19815.156736	-42618.786409	-34116.339280	-40421.654632	-15804.404414	-30922.632625	-32516.334357	-38535.815601	-22280.509446	-28250.392169	-41040.239160	-36719.982233	-187500.022352	-0.080000	0.914000	-0.370000	192.000000	0.000000	0.000000	0.000000	0.000000	0.000000	0.000000	0.000000	0.000000	0.000000	1741901915.171589	0.000000
224.000000	-34663.197060	-22830.429415	-32729.279426	-19818.800070	-42618.540540	-34129.750327	-40429.008356	-15815.848507	-30908.640433	-32504.353822	-38526.763144	-22267.433675	-28239.775090	-41028.459791	-36703.508997	-187500.022352	-0.080000	0.914000	-0.370000	192.000000	0.000000	0.000000	0.000000	0.000000	0.000000	0.000000	0.000000	0.000000	0.000000	1741901915.173623	0.000000
226.000000	-34649.897772	-22811.922170	-32714.616682	-19799.778736	-42604.369534	-34104.716373	-40410.232891	-15793.385004	-30913.088431	-32510.947586	-38527.657214	-22273.938033	-28240.445643	-41031.432573	-36709.991003	-187500.022352	-0.080000	0.914000	-0.370000	192.000000	0.000000	0.000000	0.000000	0.000000	0.000000	0.000000	0.000000	0.000000	0.000000	1741901915.219277	0.000000
228.000000	-34670.908412	-22843.326371	-32739.158897	-19824.142137	-42632.711546	-34136.947589	-40442.799383	-15827.382008	-30907.232273	-32505.918444	-38522.292795	-22268.081876	-28237.629323	-41028.258625	-36697.406971	-187500.022352	-0.080000	0.914000	-0.370000	192.000000	0.000000	0.000000	0.000000	0.000000	0.000000	0.000000	0.000000	0.000000	0.000000	1741901915.221478	0.000000
230.000000	-34662.302990	-22824.662664	-32730.352310	-19823.918620	-42626.453057	-34121.323719	-40430.572978	-15810.595847	-30939.508192	-32535.288636	-38550.523049	-22295.552170	-28272.207471	-41056.868858	-36732.186286	-187500.022352	-0.080000	0.914000	-0.368000	192.000000	126.500000	64.000000	14.000000	72.000000	122.000000	64.000000	0.000000	0.000000	0.000000	1741901915.223521	0.000000
232.000000	-34622.807458	-22794.867789	-32687.861644	-19799.890494	-42584.789405	-34099.910748	-40401.493359	-15785.964225	-30897.397506	-32494.697868	-38506.065429	-22252.525062	-28227.682796	-41016.948642	-36696.825826	-187500.022352	-0.080000	0.914000	-0.368000	192.000000	0.000000	0.000000	0.000000	0.000000	0.000000	0.000000	0.000000	0.000000	0.000000	1741901915.225668	0.000000
234.000000	-34639.526563	-22803.361452	-32704.312528	-19786.054765	-42591.919612	-34088.533710	-40399.213481	-15781.292710	-30885.953413	-32480.303345	-38495.761275	-22241.349189	-28216.775145	-41004.141093	-36672.194203	-187500.022352	-0.080000	0.914000	-0.368000	192.000000	0.000000	0.000000	0.000000	0.000000	0.000000	0.000000	0.000000	0.000000	0.000000	1741901915.227698	0.000000
236.000000	-34642.655807	-22816.280760	-32713.141467	-19811.558105	-42595.741760	-34113.388850	-40414.367964	-15798.995292	-30901.800800	-32497.670650	-38512.368621	-22257.353038	-28230.230895	-41018.200340	-36692.355477	-187500.022352	-0.080000	0.914000	-0.368000	192.000000	0.000000	0.000000	0.000000	0.000000	0.000000	0.000000	0.000000	0.000000	0.000000	1741901915.229731	0.000000
238.000000	-34662.660618	-22824.439147	-32732.520429	-19813.905038	-42618.987574	-34119.245007	-40429.835371	-15813.635685	-30917.357614	-32515.149714	-38530.697051	-22273.915681	-28247.888773	-41036.886398	-36702.480817	-187500.022352	-0.080000	0.914000	-0.368000	192.000000	0.000000	0.000000	0.000000	0.000000	0.000000	0.000000	0.000000	0.000000	0.000000	1741901915.231850	0.000000
240.000000	-34630.608217	-22798.198199	-32699.596310	-19802.662111	-42588.879775	-34103.509379	-40403.884995	-15791.261588	-30904.952396	-32493.066191	-38509.060563	-22253.910870	-28233.114270	-41012.813570	-36700.782085	-187500.022352	-0.086000	0.916000	-0.374000	192.000000	126.500000	40.000000	14.000000	80.000000	122.000000	40.000000	0.000000	0.000000	0.000000	1741901915.233874	0.000000
242.000000	-34624.930874	-22785.681222	-32693.471932	-19782.567892	-42580.252001	-34082.208166	-40392.843234	-15775.280091	-30890.289651	-32480.996249	-38499.941051	-22243.964344	-28216.462221	-41003.269375	-36674.742302	-187500.022352	-0.086000	0.916000	-0.374000	192.000000	0.000000	0.000000	0.000000	0.000000	0.000000	0.000000	0.000000	0.000000	0.000000	1741901915.280608	0.000000
244.000000	-34629.602388	-22795.583045	-32700.691545	-19790.592169	-42583.448301	-34094.121646	-40404.466141	-15787.662958	-30885.729895	-32472.323772	-38490.329801	-22235.671846	-28211.254264	-40991.825282	-36681.045494	-187500.022352	-0.086000	0.916000	-0.374000	192.000000	0.000000	0.000000	0.000000	0.000000	0.000000	0.000000	0.000000	0.000000	0.000000	1741901915.282742	0.000000
246.000000	-34648.511964	-22808.681167	-32723.177400	-19798.214113	-42600.659144	-34101.743591	-40409.204711	-15794.435536	-30911.657919	-32502.230406	-38520.795229	-22262.784512	-28241.116195	-41023.587110	-36690.992020	-187500.022352	-0.086000	0.916000	-0.374000	192.000000	0.000000	0.000000	0.000000	0.000000	0.000000	0.000000	0.000000	0.000000	0.000000	1741901915.284803	0.000000
248.000000	-34645.539182	-22809.508182	-32717.187133	-19799.711680	-42596.948754	-34100.469542	-40411.775161	-15795.419013	-30907.209922	-32487.858234	-38506.758333	-22248.032361	-28230.521468	-41007.583261	-36693.741285	-187500.022352	-0.086000	0.916000	-0.374000	192.000000	0.000000	0.000000	0.000000	0.000000	0.000000	0.000000	0.000000	0.000000	0.000000	1741901915.286867	0.000000
250.000000	-34650.478917	-22810.335196	-32716.807153	-19802.930332	-42601.061475	-34102.905882	-40416.290214	-15798.615312	-30913.580169	-32504.778505	-38521.041098	-22261.979850	-28241.339712	-41024.928215	-36682.721875	-187500.022352	-0.084000	0.906000	-0.370000	192.000000	126.500000	48.000000	14.000000	40.000000	122.000000	56.000000	0.000000	0.000000	0.000000	1741901915.288869	0.000000
252.000000	-34636.464374	-22796.052432	-32702.211464	-19793.073212	-42589.595030	-34091.148864	-40401.113379	-15783.773754	-30898.716259	-32483.521996	-38495.269536	-22240.879803	-28221.178439	-41001.838863	-36685.337029	-187500.022352	-0.084000	0.906000	-0.370000	192.000000	0.000000	0.000000	0.000000	0.000000	0.000000	0.000000	0.000000	0.000000	0.000000	1741901915.291041	0.000000
254.000000	-34675.378761	-22836.866717	-32744.456261	-19821.147003	-42630.878703	-34129.660920	-40444.565170	-15824.856260	-30922.386756	-32515.887322	-38530.071203	-22275.145027	-28250.950962	-41038.428669	-36699.262166	-187500.022352	-0.084000	0.906000	-0.370000	192.000000	0.000000	0.000000	0.000000	0.000000	0.000000	0.000000	0.000000	0.000000	0.000000	1741901915.293066	0.000000
0.000000	-34649.003702	-22810.715176	-32718.438830	-19813.636817	-42601.307345	-34112.360670	-40424.493304	-15803.331530	-30924.778393	-32514.322700	-38522.426906	-22272.216949	-28248.291105	-41032.796029	-36721.077469	-187500.022352	-0.084000	0.906000	-0.370000	192.000000	0.000000	0.000000	0.000000	0.000000	0.000000	0.000000	0.000000	0.000000	0.000000	1741901915.340907	0.000000
2.000000	-34654.837508	-22819.991150	-32724.183229	-19809.993483	-42601.955545	-34115.735783	-40422.638109	-15807.891286	-30904.706526	-32506.901921	-38513.553263	-22260.772855	-28233.360140	-41027.096334	-36690.768503	-187500.022352	-0.084000	0.906000	-0.370000	192.000000	0.000000	0.000000	0.000000	0.000000	0.000000	0.000000	0.000000	0.000000	0.000000	1741901915.343035	0.000000
4.000000	-34651.015359	-22813.375034	-32718.952920	-19804.852582	-42591.964315	-34102.011812	-40405.919004	-15793.139135	-30918.162277	-32508.712412	-38517.844798	-22263.991507	-28242.434948	-41027.431611	-36706.906463	-187500.022352	-0.086000	0.908000	-0.364000	192.000000	126.500000	40.000000	14.000000	48.000000	122.000000	80.000000	0.000000	0.000000	0.000000	1741901915.345198	0.000000
6.000000	-34684.475921	-22850.523633	-32756.839127	-19827.584306	-42632.532732	-34141.708510	-40450.443679	-15837.753217	-30923.146716	-32520.268264	-38533.334557	-22276.039097	-28249.386340	-41040.619140	-36694.233023	-187500.022352	-0.086000	0.908000	-0.364000	192.000000	0.000000	0.000000	0.000000	0.000000	0.000000	0.000000	0.000000	0.000000	0.000000	1741901915.347380	0.000000
8.000000	-34647.416728	-22809.038795	-32716.471877	-19813.525058	-42593.216013	-34099.083733	-40405.248452	-15789.361690	-30943.419748	-32529.208962	-38543.124621	-22287.214969	-28268.273564	-41046.631759	-36722.999719	-187500.022352	-0.086000	0.908000	-0.364000	192.000000	0.000000	0.000000	0.000000	0.000000	0.000000	0.000000	0.000000	0.000000	0.000000	1741901915.349395	0.000000
10.000000	-34658.592601	-22826.786080	-32728.184191	-19807.646550	-42606.425894	-34111.086620	-40421.006432	-15804.985560	-30903.164256	-32493.893205	-38511.273385	-22253.709704	-28230.700282	-41012.187721	-36667.142709	-187500.022352	-0.086000	0.908000	-0.364000	192.000000	0.000000	0.000000	0.000000	0.000000	0.000000	0.000000	0.000000	0.000000	0.000000	1741901915.351413	0.000000
12.000000	-34664.381702	-22825.087348	-32738.644807	-19814.664997	-42611.566795	-34108.247949	-40423.979214	-15802.638626	-30931.618027	-32517.004909	-38532.820467	-22276.866111	-28257.164747	-41035.388832	-36709.521617	-187500.022352	-0.086000	0.908000	-0.364000	192.000000	0.000000	0.000000	0.000000	0.000000	0.000000	0.000000	0.000000	0.000000	0.000000	1741901915.353434	0.000000
14.000000	-34682.933650	-22852.021200	-32760.638924	-19838.693123	-42636.153714	-34138.601618	-40450.644845	-15830.935935	-30936.177783	-32529.074851	-38541.649406	-22286.723231	-28265.367838	-41051.169163	-36712.203826	-187500.022352	-0.082000	0.912000	-0.372000	192.000000	126.500000	56.000000	14.000000	64.000000	122.000000	48.000000	0.000000	0.000000	0.000000	1741901915.355474	0.000000
16.000000	-34655.150432	-22814.716138	-32729.569999	-19820.387044	-42606.783522	-34100.201321	-40416.223158	-15792.535638	-30945.990198	-32534.394566	-38542.610531	-22288.779591	-28274.464998	-41054.387814	-36730.331091	-187500.022352	-0.082000	0.912000	-0.372000	192.000000	0.000000	0.000000	0.000000	0.000000	0.000000	0.000000	0.000000	0.000000	0.000000	1741901915.400178	0.000000
18.000000	-34644.175725	-22813.129164	-32715.086069	-19813.100375	-42592.053722	-34105.498684	-40412.378658	-15794.748461	-30909.579207	-32501.112819	-38509.865226	-22255.497844	-28236.422329	-41024.369422	-36689.785026	-187500.022352	-0.082000	0.912000	-0.372000	192.000000	0.000000	0.000000	0.000000	0.000000	0.000000	0.000000	0.000000	0.000000	0.000000	1741901915.402265	0.000000
20.000000	-34652.512926	-22813.062109	-32722.216275	-19798.661148	-42595.115911	-34095.708620	-40420.760563	-15795.776641	-30909.087468	-32499.302328	-38508.010031	-22255.520195	-28233.404843	-41022.022488	-36684.599422	-187500.022352	-0.082000	0.912000	-0.372000	192.000000	0.000000	0.000000	0.000000	0.000000	0.000000	0.000000	0.000000	0.000000	0.000000	1741901915.404302	0.000000
22.000000	-34664.024075	-22834.832708	-32738.331883	-19827.159623	-42613.757266	-34132.521943	-40443.380528	-15826.465586	-30926.074794	-32524.738613	-38530.272368	-22279.034231	-28253.342599	-41045.424765	-36706.101800	-187500.022352	-0.082000	0.912000	-0.372000	192.000000	0.000000	0.000000	0.000000	0.000000	0.000000	0.000000	0.000000	0.000000	0.000000	1741901915.406318	0.000000
24.000000	-34636.062042	-22799.539304	-32711.800362	-19791.955625	-42588.320981	-34086.700867	-40409.763504	-15782.745574	-30905.734707	-32503.012717	-38506.333650	-22258.180053	-28237.115233	-41022.804799	-36697.563433	-187500.022352	-0.080000	0.912000	-0.366000	192.000000	126.500000	64.000000	14.000000	64.000000	122.000000	72.000000	0.000000	0.000000	0.000000	1741901915.408447	0.000000
26.000000	-34672.137758	-22845.360380	-32740.611761	-19819.314160	-42613.980784	-34127.470449	-40435.445659	-15817.323723	-30925.963035	-32521.631720	-38526.159647	-22276.553187	-28256.896526	-41036.931102	-36703.039611	-187500.022352	-0.080000	0.912000	-0.366000	192.000000	0.000000	0.000000	0.000000	0.000000	0.000000	0.000000	0.000000	0.000000	0.000000	1741901915.410599	0.000000
28.000000	-34674.238822	-22838.543098	-32732.341615	-19811.088718	-42603.989554	-34103.621138	-40417.564263	-15798.414147	-30938.211791	-32531.846467	-38538.117831	-22289.003109	-28264.853747	-41044.038957	-36696.579957	-187500.022352	-0.080000	0.912000	-0.366000	192.000000	0.000000	0.000000	0.000000	0.000000	0.000000	0.000000	0.000000	0.000000	0.000000	1741901915.412614	0.000000
30.000000	-34671.802482	-22845.986229	-32728.742984	-19819.582381	-42601.664973	-34114.886417	-40422.727516	-15806.572533	-30933.339111	-32525.833848	-38530.764107	-22285.180960	-28256.561250	-41035.902922	-36688.488625	-187500.022352	-0.080000	0.912000	-0.366000	192.000000	0.000000	0.000000	0.000000	0.000000	0.000000	0.000000	0.000000	0.000000	0.000000	1741901915.460002	0.000000
32.000000	-34669.366141	-22836.754958	-32733.392147	-19816.967227	-42601.843786	-34101.520074	-40416.849007	-15794.681405	-30937.720053	-32535.735671	-38540.263598	-22295.708632	-28262.082131	-41047.324663	-36687.125169	-187500.022352	-0.080000	0.912000	-0.366000	192.000000	0.000000	0.000000	0.000000	0.000000	0.000000	0.000000	0.000000	0.000000	0.000000	1741901915.462141	0.000000
34.000000	-34659.441967	-22837.067883	-32729.793516	-19819.783547	-42598.088693	-34109.656109	-40419.888844	-15799.285865	-30918.072870	-32513.182761	-38518.269481	-22275.815579	-28243.127852	-41025.978747	-36689.762675	-187500.022352	-0.086000	0.916000	-0.364000	192.000000	126.500000	40.000000	14.000000	80.000000	122.000000	80.000000	0.000000	0.000000	0.000000	1741901915.464211	0.000000
36.000000	-34685.861729	-22855.910403	-32754.514546	-19828.880707	-42617.802932	-34122.038975	-40436.451487	-15813.076891	-30939.396434	-32544.408148	-38546.343272	-22304.917551	-28271.648678	-41059.953399	-36707.331146	-187500.022352	-0.086000	0.916000	-0.364000	192.000000	0.000000	0.000000	0.000000	0.000000	0.000000	0.000000	0.000000	0.000000	0.000000	1741901915.466406	0.000000
38.000000	-34664.649923	-22840.733569	-32727.535990	-19817.280152	-42592.724275	-34106.213940	-40420.157065	-15799.732900	-30925.806573	-32522.726956	-38521.845761	-22280.800018	-28254.191965	-41034.762983	-36706.861759	-187500.022352	-0.086000	0.916000	-0.364000	192.000000	0.000000	0.000000	0.000000	0.000000	0.000000	0.000000	0.000000	0.000000	0.000000	1741901915.468456	0.000000
40.000000	-34666.594525	-22836.240868	-32726.440755	-19809.077061	-42592.701923	-34099.441361	-40415.776123	-15791.775679	-30932.668559	-32531.377081	-38534.899179	-22290.299510	-28261.188061	-41046.855276	-36690.433227	-187500.022352	-0.086000	0.916000	-0.364000	192.000000	0.000000	0.000000	0.000000	0.000000	0.000000	0.000000	0.000000	0.000000	0.000000	1741901915.470466	0.000000
42.000000	-34626.808420	-22799.628711	-32687.347554	-19779.885683	-42554.793364	-34068.350085	-40380.035684	-15757.868082	-30900.258529	-32490.093409	-38494.531929	-22251.251012	-28222.676006	-41003.403485	-36667.723855	-187500.022352	-0.086000	0.916000	-0.364000	192.000000	0.000000	0.000000	0.000000	0.000000	0.000000	0.000000	0.000000	0.000000	0.000000	1741901915.472504	0.000000
44.000000	-34664.404054	-22835.279743	-32731.760470	-19795.666015	-42598.379266	-34098.770809	-40418.570092	-15795.419013	-30908.193398	-32506.633700	-38512.838008	-22266.159626	-28237.584619	-41022.760096	-36657.285590	-187500.022352	-0.086000	0.914000	-0.362000	192.000000	126.500000	40.000000	14.000000	72.000000	122.000000	88.000000	0.000000	0.000000	0.000000	1741901915.474525	0.000000
46.000000	-34650.411862	-22822.986284	-32723.959711	-19804.114974	-42590.846728	-34100.760114	-40412.468065	-15792.289769	-30929.986349	-32524.872723	-38527.232531	-22283.392821	-28257.455320	-41038.227503	-36699.239814	-187500.022352	-0.086000	0.914000	-0.362000	192.000000	0.000000	0.000000	0.000000	0.000000	0.000000	0.000000	0.000000	0.000000	0.000000	1741901915.520383	0.000000
48.000000	-34659.821947	-22831.256429	-32737.169592	-19804.494954	-42609.599842	-34111.488952	-40430.774144	-15806.818403	-30914.585997	-32517.675461	-38521.488133	-22275.904986	-28245.117157	-41034.830038	-36679.145596	-187500.022352	-0.086000	0.914000	-0.362000	192.000000	0.000000	0.000000	0.000000	0.000000	0.000000	0.000000	0.000000	0.000000	0.000000	1741901915.522527	0.000000
50.000000	-34649.987179	-22823.187449	-32724.160877	-19803.377366	-42597.932231	-34101.788295	-40417.653670	-15794.882571	-30920.397451	-32516.893150	-38519.364717	-22274.988565	-28248.402864	-41031.231407	-36699.597442	-187500.022352	-0.086000	0.914000	-0.362000	192.000000	0.000000	0.000000	0.000000	0.000000	0.000000	0.000000	0.000000	0.000000	0.000000	1741901915.524568	0.000000
52.000000	-34653.697569	-22827.255467	-32727.915970	-19810.552276	-42599.228632	-34110.728992	-40427.935472	-15802.504516	-30913.669576	-32523.978653	-38519.789400	-22277.357850	-28246.122986	-41040.395622	-36684.062980	-187500.022352	-0.086000	0.914000	-0.362000	192.000000	0.000000	0.000000	0.000000	0.000000	0.000000	0.000000	0.000000	0.000000	0.000000	1741901915.526574	0.000000
54.000000	-34653.854031	-22824.081519	-32726.440755	-19803.869105	-42594.333600	-34103.397620	-40415.798475	-15794.547295	-30912.954320	-32513.719203	-38508.054734	-22266.785475	-28243.284314	-41029.286805	-36697.362268	-187500.022352	-0.082000	0.920000	-0.364000	192.000000	126.500000	56.000000	14.000000	96.000000	122.000000	80.000000	0.000000	0.000000	0.000000	1741901915.528580	0.000000
56.000000	-34656.066854	-22828.127185	-32727.983025	-19806.841887	-42594.020676	-34115.534617	-40424.314490	-15802.280999	-30917.491724	-32525.140944	-38516.906025	-22273.625108	-28251.576811	-41040.932064	-36689.717971	-187500.022352	-0.082000	0.920000	-0.364000	192.000000	0.000000	0.000000	0.000000	0.000000	0.000000	0.000000	0.000000	0.000000	0.000000	1741901915.530791	0.000000
58.000000	-34691.472017	-22856.402142	-32767.612668	-19823.896268	-42630.498723	-34132.879571	-40458.378548	-15830.175976	-30937.496535	-32532.964055	-38530.786458	-22282.118771	-28267.848881	-41046.676462	-36718.194093	-187500.022352	-0.082000	0.920000	-0.364000	192.000000	0.000000	0.000000	0.000000	0.000000	0.000000	0.000000	0.000000	0.000000	0.000000	1741901915.532836	0.000000
60.000000	-34645.673292	-22816.012539	-32723.624435	-19807.445384	-42589.237403	-34105.901016	-40415.954937	-15790.993368	-30929.874591	-32532.896999	-38531.591121	-22282.543454	-28258.639963	-41046.385890	-36709.722782	-187500.022352	-0.082000	0.920000	-0.364000	192.000000	0.000000	0.000000	0.000000	0.000000	0.000000	0.000000	0.000000	0.000000	0.000000	1741901915.580580	0.000000
62.000000	-34656.647999	-22820.102909	-32732.118098	-19796.403622	-42603.296650	-34096.334469	-40421.207597	-15794.860219	-30905.019451	-32498.564720	-38504.098475	-22252.681524	-28229.493288	-41014.512302	-36690.321468	-187500.022352	-0.082000	0.920000	-0.364000	192.000000	0.000000	0.000000	0.000000	0.000000	0.000000	0.000000	0.000000	0.000000	0.000000	1741901915.582706	0.000000
64.000000	-34667.175671	-22838.945429	-32736.186115	-19826.042035	-42613.891377	-34131.560818	-40440.094821	-15817.390778	-30923.280826	-32526.794973	-38534.049813	-22286.745582	-28249.408692	-41047.436422	-36703.151369	-187500.022352	-0.080000	0.914000	-0.364000	192.000000	126.500000	64.000000	14.000000	72.000000	122.000000	80.000000	0.000000	0.000000	0.000000	1741901915.584697	0.000000
66.000000	-34647.304970	-22809.597589	-32714.795496	-19807.892419	-42593.350124	-34096.826207	-40406.790722	-15785.673652	-30911.233236	-32516.267302	-38522.650423	-22278.095457	-28236.824660	-41034.293596	-36700.245643	-187500.022352	-0.080000	0.914000	-0.364000	192.000000	0.000000	0.000000	0.000000	0.000000	0.000000	0.000000	0.000000	0.000000	0.000000	1741901915.586962	0.000000
68.000000	-34678.440950	-22848.288458	-32745.596200	-19835.139195	-42629.090563	-34136.835830	-40450.466031	-15827.985505	-30909.132172	-32515.730860	-38532.664005	-22281.068239	-28238.501041	-41037.087564	-36684.286497	-187500.022352	-0.080000	0.914000	-0.364000	192.000000	0.000000	0.000000	0.000000	0.000000	0.000000	0.000000	0.000000	0.000000	0.000000	1741901915.589005	0.000000
70.000000	-34660.626609	-22818.918266	-32724.674967	-19826.623181	-42611.276223	-34107.644452	-40424.180379	-15794.055557	-30930.969826	-32535.400395	-38555.686302	-22305.297530	-28257.745893	-41055.706567	-36708.471085	-187500.022352	-0.080000	0.914000	-0.364000	192.000000	0.000000	0.000000	0.000000	0.000000	0.000000	0.000000	0.000000	0.000000	0.000000	1741901915.591041	0.000000
72.000000	-34675.311706	-22841.135900	-32734.241514	-19835.787396	-42628.420011	-34133.840696	-40445.347481	-15820.631781	-30900.906730	-32509.874703	-38531.255845	-22279.548321	-28228.800384	-41030.382041	-36682.520709	-187500.022352	-0.080000	0.914000	-0.364000	192.000000	0.000000	0.000000	0.000000	0.000000	0.000000	0.000000	0.000000	0.000000	0.000000	1741901915.593044	0.000000
74.000000	-34661.923011	-22817.577162	-32718.170609	-19828.679541	-42619.859292	-34107.040954	-40425.610891	-15792.110955	-30933.070890	-32544.296389	-38561.140127	-22312.986530	-28262.752683	-41063.440271	-36718.395259	-187500.022352	-0.082000	0.912000	-0.362000	192.000000	126.500000	56.000000	14.000000	64.000000	122.000000	88.000000	0.000000	0.000000	0.000000	1741901915.595084	0.000000
76.000000	-34656.066854	-22821.086385	-32712.403859	-19824.633875	-42621.066287	-34114.573492	-40439.938359	-15807.243086	-30888.277994	-32501.403392	-38515.408458	-22269.557091	-28222.363081	-41018.893244	-36689.002715	-187500.022352	-0.082000	0.912000	-0.362000	192.000000	0.000000	0.000000	0.000000	0.000000	0.000000	0.000000	0.000000	0.000000	0.000000	1741901915.640895	0.000000
78.000000	-34647.327321	-22807.474173	-32701.607967	-19815.603771	-42613.869025	-34099.441361	-40421.699336	-15790.523981	-30903.276015	-32519.217732	-38531.054679	-22289.427792	-28239.842145	-41038.316910	-36699.575090	-187500.022352	-0.082000	0.912000	-0.362000	192.000000	0.000000	0.000000	0.000000	0.000000	0.000000	0.000000	0.000000	0.000000	0.000000	1741901915.643018	0.000000
80.000000	-34636.553781	-22803.160286	-32686.632298	-19808.674730	-42604.995382	-34105.856312	-40417.117228	-15793.519115	-30876.610384	-32494.519054	-38502.086818	-22265.310259	-28211.276616	-41012.612404	-36682.543061	-187500.022352	-0.082000	0.912000	-0.362000	192.000000	0.000000	0.000000	0.000000	0.000000	0.000000	0.000000	0.000000	0.000000	0.000000	1741901915.645049	0.000000
82.000000	-34628.060118	-22784.608338	-32674.741170	-19786.702965	-42593.461882	-34077.290783	-40399.593461	-15769.267472	-30868.519052	-32489.020525	-38495.470702	-22256.928355	-28204.526389	-41009.326698	-36666.315695	-187500.022352	-0.082000	0.912000	-0.362000	192.000000	0.000000	0.000000	0.000000	0.000000	0.000000	0.000000	0.000000	0.000000	0.000000	1741901915.647074	0.000000
84.000000	-34636.889057	-22798.108792	-32688.353382	-19807.110108	-42600.457978	-34098.234367	-40411.953975	-15786.612426	-30876.453921	-32489.579319	-38497.839987	-22257.643611	-28208.974386	-41009.259642	-36676.821015	-187500.022352	-0.082000	0.910000	-0.364000	192.000000	126.500000	56.000000	14.000000	56.000000	122.000000	80.000000	0.000000	0.000000	0.000000	1741901915.649110	0.000000
86.000000	-34645.203906	-22802.869714	-32704.446638	-19811.580457	-42612.505569	-34103.688193	-40420.671156	-15790.881609	-30892.122494	-32508.980633	-38520.236435	-22276.374373	-28228.666273	-41031.209055	-36681.425474	-187500.022352	-0.082000	0.910000	-0.364000	192.000000	0.000000	0.000000	0.000000	0.000000	0.000000	0.000000	0.000000	0.000000	0.000000	1741901915.651284	0.000000
88.000000	-34629.691795	-22789.950405	-32686.542891	-19807.333625	-42596.322906	-34102.302385	-40409.405876	-15786.657129	-30877.817378	-32491.590976	-38499.181092	-22257.598908	-28211.142506	-41011.159541	-36686.141692	-187500.022352	-0.082000	0.910000	-0.364000	192.000000	0.000000	0.000000	0.000000	0.000000	0.000000	0.000000	0.000000	0.000000	0.000000	1741901915.653398	0.000000
90.000000	-34653.027016	-22809.821106	-32708.559359	-19822.465756	-42617.042973	-34126.777545	-40430.371813	-15806.885458	-30897.844541	-32517.943682	-38524.907950	-22282.588158	-28234.231858	-41043.301349	-36685.359381	-187500.022352	-0.082000	0.910000	-0.364000	192.000000	0.000000	0.000000	0.000000	0.000000	0.000000	0.000000	0.000000	0.000000	0.000000	1741901915.701169	0.000000
92.000000	-34632.955150	-22794.733679	-32688.174568	-19809.904076	-42599.318039	-34113.366498	-40415.887882	-15794.167315	-30877.549157	-32492.395639	-38496.051847	-22257.643611	-28211.142506	-41015.987517	-36682.788930	-187500.022352	-0.082000	0.910000	-0.364000	192.000000	0.000000	0.000000	0.000000	0.000000	0.000000	0.000000	0.000000	0.000000	0.000000	1741901915.703266	0.000000
94.000000	-34632.888095	-22793.057298	-32685.291193	-19806.037224	-42596.524071	-34109.924330	-40411.953975	-15788.758193	-30881.326602	-32503.906787	-38506.266595	-22266.785475	-28219.323244	-41029.309157	-36674.407026	-187500.022352	-0.080000	0.910000	-0.364000	192.000000	126.500000	64.000000	14.000000	56.000000	122.000000	80.000000	0.000000	0.000000	0.000000	1741901915.705285	0.000000
96.000000	-34658.614952	-22818.113603	-32707.151199	-19821.102300	-42614.159598	-34124.095335	-40435.490362	-15804.851449	-30887.875663	-32502.163351	-38505.931319	-22263.499768	-28219.658520	-41024.883512	-36690.120302	-187500.022352	-0.080000	0.910000	-0.364000	192.000000	0.000000	0.000000	0.000000	0.000000	0.000000	0.000000	0.000000	0.000000	0.000000	1741901915.707478	0.000000
98.000000	-34655.441005	-22815.632560	-32700.445676	-19813.525058	-42603.028429	-34110.952510	-40420.425286	-15793.250894	-30896.212863	-32518.860104	-38524.416211	-22282.118771	-28229.917971	-41039.859180	-36692.310773	-187500.022352	-0.080000	0.910000	-0.364000	192.000000	0.000000	0.000000	0.000000	0.000000	0.000000	0.000000	0.000000	0.000000	0.000000	1741901915.709507	0.000000
100.000000	-34656.670351	-22817.241885	-32696.154141	-19809.546448	-42598.915708	-34097.027373	-40407.505978	-15782.343242	-30907.165218	-32519.843581	-38526.293758	-22282.766972	-28234.611837	-41034.003023	-36700.223291	-187500.022352	-0.080000	0.910000	-0.364000	192.000000	0.000000	0.000000	0.000000	0.000000	0.000000	0.000000	0.000000	0.000000	0.000000	1741901915.711560	0.000000
102.000000	-34642.968731	-22808.144725	-32683.123074	-19789.362823	-42593.730103	-34084.979783	-40407.573033	-15775.995347	-30876.364514	-32496.329546	-38502.757371	-22260.124655	-28208.214427	-41006.845654	-36666.338046	-187500.022352	-0.080000	0.910000	-0.364000	192.000000	0.000000	0.000000	0.000000	0.000000	0.000000	0.000000	0.000000	0.000000	0.000000	1741901915.713570	0.000000
104.000000	-34638.006644	-22794.219589	-32678.295097	-19789.273416	-42591.003190	-34083.303402	-40398.364115	-15773.737821	-30892.435419	-32501.716316	-38510.289909	-22268.506559	-28219.837334	-41012.835921	-36689.941488	-187500.022352	-0.082000	0.914000	-0.360000	192.000000	126.500000	56.000000	14.000000	72.000000	122.000000	96.000000	0.000000	0.000000	0.000000	1741901915.715603	0.000000
106.000000	-34634.452717	-22793.616091	-32677.959821	-19789.027547	-42592.254888	-34094.389867	-40406.567205	-15781.404469	-30873.749360	-32487.522958	-38497.929394	-22253.486187	-28207.745040	-41002.196491	-36669.132014	-187500.022352	-0.082000	0.914000	-0.360000	192.000000	0.000000	0.000000	0.000000	0.000000	0.000000	0.000000	0.000000	0.000000	0.000000	1741901915.760562	0.000000
108.000000	-34634.162144	-22788.564597	-32673.467120	-19783.238445	-42586.152862	-34079.347143	-40397.224176	-15766.764077	-30880.231366	-32485.377191	-38494.219004	-22248.211175	-28208.013261	-40998.754322	-36676.798663	-187500.022352	-0.082000	0.914000	-0.360000	192.000000	0.000000	0.000000	0.000000	0.000000	0.000000	0.000000	0.000000	0.000000	0.000000	1741901915.762677	0.000000
110.000000	-34631.636397	-22790.777420	-32668.192109	-19784.266625	-42578.687379	-34086.164425	-40397.537100	-15772.463771	-30873.078808	-32481.242118	-38494.621336	-22249.239355	-28202.447677	-40995.245099	-36656.659741	-187500.022352	-0.082000	0.914000	-0.360000	192.000000	0.000000	0.000000	0.000000	0.000000	0.000000	0.000000	0.000000	0.000000	0.000000	1741901915.764788	0.000000
112.000000	-34648.802537	-22799.807525	-32689.381562	-19791.195666	-42598.602784	-34094.993364	-40411.663403	-15784.198437	-30897.799837	-32495.636641	-38514.961423	-22269.333574	-28223.614779	-41011.584224	-36671.344837	-187500.022352	-0.082000	0.914000	-0.360000	192.000000	0.000000	0.000000	0.000000	0.000000	0.000000	0.000000	0.000000	0.000000	0.000000	1741901915.766815	0.000000
114.000000	-34644.689816	-22800.433374	-32688.196920	-19798.571741	-42593.953621	-34105.230463	-40415.664365	-15791.976844	-30884.567605	-32483.544348	-38506.266595	-22259.252937	-28211.947168	-41004.431665	-36662.873526	-187500.022352	-0.084000	0.914000	-0.356000	192.000000	126.500000	48.000000	14.000000	72.000000	122.000000	112.000000	0.000000	0.000000	0.000000	1741901915.768835	0.000000
116.000000	-34629.133001	-22778.685126	-32676.506958	-19780.980919	-42574.820527	-34073.334524	-40390.652763	-15760.215015	-30889.641451	-32482.247947	-38506.892444	-22257.665963	-28218.540933	-41001.280070	-36678.318581	-187500.022352	-0.084000	0.914000	-0.356000	192.000000	0.000000	0.000000	0.000000	0.000000	0.000000	0.000000	0.000000	0.000000	0.000000	1741901915.771022	0.000000
118.000000	-34620.259359	-22779.154513	-32668.706199	-19776.689384	-42566.080995	-34076.508472	-40385.109530	-15759.812684	-30869.658991	-32466.378208	-38490.888594	-22240.321009	-28198.580825	-40982.973991	-36655.408043	-187500.022352	-0.084000	0.914000	-0.356000	192.000000	0.000000	0.000000	0.000000	0.000000	0.000000	0.000000	0.000000	0.000000	0.000000	1741901915.773039	0.000000
120.000000	-34640.666502	-22791.738545	-32686.207615	-19770.095619	-42583.269487	-34071.769902	-40393.402027	-15762.673707	-30878.845558	-32471.116778	-38495.940089	-22244.165509	-28208.102668	-40983.801005	-36659.073729	-187500.022352	-0.084000	0.914000	-0.356000	192.000000	0.000000	0.000000	0.000000	0.000000	0.000000	0.000000	0.000000	0.000000	0.000000	1741901915.820361	0.000000
122.000000	-34633.580999	-22795.113658	-32684.106551	-19785.563026	-42583.470653	-34089.785408	-40407.930661	-15777.939949	-30889.596747	-32484.349011	-38503.785551	-22256.280155	-28218.429174	-40997.100293	-36678.095064	-187500.022352	-0.084000	0.914000	-0.356000	192.000000	0.000000	0.000000	0.000000	0.000000	0.000000	0.000000	0.000000	0.000000	0.000000	1741901915.822504	0.000000
124.000000	-34633.603350	-22784.630690	-32689.403914	-19778.633985	-42589.215051	-34084.711562	-40398.811149	-15770.005080	-30894.938814	-32491.166293	-38507.339478	-22261.063428	-28228.465107	-41005.661011	-36684.621773	-187500.022352	-0.082000	0.914000	-0.358000	192.000000	126.500000	56.000000	14.000000	72.000000	122.000000	104.000000	0.000000	0.000000	0.000000	1741901915.824519	0.000000
126.000000	-34622.338071	-22780.897949	-32677.602193	-19778.231654	-42581.324885	-34094.971012	-40403.549719	-15778.096411	-30872.430607	-32464.768882	-38481.433807	-22235.515384	-28205.532218	-40983.108101	-36671.367189	-187500.022352	-0.082000	0.914000	-0.358000	192.000000	0.000000	0.000000	0.000000	0.000000	0.000000	0.000000	0.000000	0.000000	0.000000	1741901915.826697	0.000000
128.000000	-34645.047444	-22795.940673	-32702.055002	-19798.929369	-42602.581394	-34111.377193	-40416.692545	-15791.552161	-30916.150620	-32510.813476	-38527.813676	-22279.034231	-28247.665256	-41034.785334	-36695.819997	-187500.022352	-0.082000	0.914000	-0.358000	192.000000	0.000000	0.000000	0.000000	0.000000	0.000000	0.000000	0.000000	0.000000	0.000000	1741901915.828732	0.000000
130.000000	-34616.280748	-22775.511178	-32669.600269	-19784.199570	-42569.053777	-34089.852463	-40391.725646	-15769.669803	-30877.571509	-32470.110949	-38482.819615	-22236.007123	-28203.006471	-40991.825282	-36666.382750	-187500.022352	-0.082000	0.914000	-0.358000	192.000000	0.000000	0.000000	0.000000	0.000000	0.000000	0.000000	0.000000	0.000000	0.000000	1741901915.830824	0.000000
132.000000	-34649.629551	-22803.093231	-32699.685717	-19787.977015	-42592.612516	-34093.585204	-40410.478760	-15782.007966	-30892.569529	-32488.193511	-38505.439580	-22253.419131	-28217.624511	-41009.460808	-36663.700541	-187500.022352	-0.082000	0.914000	-0.358000	192.000000	0.000000	0.000000	0.000000	0.000000	0.000000	0.000000	0.000000	0.000000	0.000000	1741901915.832829	0.000000
134.000000	-34639.437156	-22798.891103	-32690.163873	-19800.404584	-42583.872984	-34098.413181	-40404.957879	-15782.723222	-30913.289596	-32504.890264	-38522.583368	-22271.568748	-28232.175497	-41018.937948	-36687.527500	-187500.022352	-0.080000	0.914000	-0.358000	192.000000	126.500000	64.000000	14.000000	72.000000	122.000000	104.000000	0.000000	0.000000	0.000000	1741901915.834888	0.000000
136.000000	-34634.810345	-22786.150609	-32688.599251	-19783.126686	-42581.727216	-34077.737817	-40392.485606	-15765.221806	-30894.022393	-32488.886415	-38510.289909	-22256.458969	-28217.937436	-41004.454017	-36665.153404	-187500.022352	-0.080000	0.914000	-0.358000	192.000000	0.000000	0.000000	0.000000	0.000000	0.000000	0.000000	0.000000	0.000000	0.000000	1741901915.880594	0.000000
138.000000	-34634.363310	-22790.263330	-32687.325202	-19778.745744	-42580.363760	-34078.654239	-40398.855853	-15769.490989	-30878.242061	-32467.316981	-38488.139330	-22233.861355	-28199.743116	-40979.732988	-36671.031913	-187500.022352	-0.080000	0.914000	-0.358000	192.000000	0.000000	0.000000	0.000000	0.000000	0.000000	0.000000	0.000000	0.000000	0.000000	1741901915.882704	0.000000
140.000000	-34641.225295	-22793.593740	-32687.436961	-19783.417259	-42579.737911	-34075.100312	-40392.843234	-15762.986632	-30905.086506	-32501.515150	-38521.398726	-22266.360791	-28231.504945	-41012.858273	-36684.487663	-187500.022352	-0.080000	0.914000	-0.358000	192.000000	0.000000	0.000000	0.000000	0.000000	0.000000	0.000000	0.000000	0.000000	0.000000	1741901915.884778	0.000000
142.000000	-34626.853124	-22781.009708	-32665.755769	-19762.518378	-42558.235533	-34057.353027	-40371.296152	-15747.608632	-30874.755189	-32461.282010	-38481.254993	-22227.289942	-28192.031764	-40971.127566	-36665.153404	-187500.022352	-0.080000	0.914000	-0.358000	192.000000	0.000000	0.000000	0.000000	0.000000	0.000000	0.000000	0.000000	0.000000	0.000000	1741901915.886828	0.000000
144.000000	-34651.708263	-22804.255522	-32684.710048	-19770.855578	-42579.536745	-34077.424893	-40392.463254	-15768.194588	-30885.081695	-32480.683324	-38502.176225	-22247.115940	-28207.342709	-40991.624116	-36656.279761	-187500.022352	-0.088000	0.914000	-0.358000	192.000000	126.500000	32.000000	14.000000	72.000000	122.000000	104.000000	0.000000	0.000000	0.000000	1741901915.888847	0.000000
146.000000	-34622.807458	-22776.561710	-32655.697484	-19763.323040	-42550.926513	-34060.482271	-40365.350588	-15740.321963	-30892.457770	-32478.604612	-38496.856510	-22248.412341	-28206.493343	-40985.611497	-36669.623753	-187500.022352	-0.088000	0.914000	-0.358000	192.000000	0.000000	0.000000	0.000000	0.000000	0.000000	0.000000	0.000000	0.000000	0.000000	1741901915.890972	0.000000
148.000000	-34644.399243	-22798.645234	-32674.048266	-19769.246253	-42570.372530	-34078.296611	-40383.813129	-15761.444361	-30871.402427	-32467.585202	-38487.267612	-22239.315181	-28192.255281	-40981.990514	-36636.274950	-187500.022352	-0.088000	0.914000	-0.358000	192.000000	0.000000	0.000000	0.000000	0.000000	0.000000	0.000000	0.000000	0.000000	0.000000	1741901915.893026	0.000000
150.000000	-34645.181554	-22795.694804	-32675.791702	-19780.399773	-42569.545516	-34079.436550	-40383.857832	-15761.287899	-30898.850369	-32486.494778	-38505.461932	-22257.733018	-28214.182343	-40998.016715	-36671.993038	-187500.022352	-0.088000	0.914000	-0.358000	192.000000	0.000000	0.000000	0.000000	0.000000	0.000000	0.000000	0.000000	0.000000	0.000000	1741901915.940778	0.000000
152.000000	-34630.228237	-22786.083554	-32666.895707	-19767.614575	-42561.409481	-34073.915669	-40381.175623	-15756.258757	-30880.566642	-32476.905880	-38495.113074	-22245.797187	-28199.720764	-40990.506529	-36650.982398	-187500.022352	-0.088000	0.914000	-0.358000	192.000000	0.000000	0.000000	0.000000	0.000000	0.000000	0.000000	0.000000	0.000000	0.000000	1741901915.943051	0.000000
154.000000	-34636.486725	-22787.581120	-32669.242641	-19765.468808	-42558.883734	-34070.719370	-40377.264068	-15753.665954	-30880.164311	-32472.659048	-38489.100455	-22241.036265	-28195.093953	-40981.185851	-36659.207840	-187500.022352	-0.084000	0.912000	-0.362000	192.000000	126.500000	48.000000	14.000000	64.000000	122.000000	88.000000	0.000000	0.000000	0.000000	1741901915.945131	0.000000
156.000000	-34654.189307	-22812.056281	-32695.327126	-19783.953701	-42581.034312	-34099.284899	-40402.879167	-15781.136248	-30884.545253	-32482.650278	-38501.326859	-22254.022629	-28203.006471	-40993.903994	-36654.961008	-187500.022352	-0.084000	0.912000	-0.362000	192.000000	0.000000	0.000000	0.000000	0.000000	0.000000	0.000000	0.000000	0.000000	0.000000	1741901915.947313	0.000000
158.000000	-34638.364272	-22791.380917	-32682.184301	-19779.528055	-42563.376434	-34076.910803	-40381.175623	-15754.694135	-30902.449000	-32493.356764	-38516.593101	-22268.797132	-28219.457354	-41005.325735	-36688.063942	-187500.022352	-0.084000	0.912000	-0.362000	192.000000	0.000000	0.000000	0.000000	0.000000	0.000000	0.000000	0.000000	0.000000	0.000000	1741901915.949374	0.000000
160.000000	-34627.210751	-22788.139914	-32676.462254	-19774.722430	-42558.235533	-34084.711562	-40381.220327	-15764.931234	-30874.129340	-32475.318906	-38489.659249	-22241.080969	-28194.021069	-40988.427816	-36644.142764	-187500.022352	-0.084000	0.912000	-0.362000	192.000000	0.000000	0.000000	0.000000	0.000000	0.000000	0.000000	0.000000	0.000000	0.000000	1741901915.951414	0.000000
162.000000	-34628.283635	-22787.044679	-32675.702295	-19777.963433	-42559.666045	-34078.877756	-40377.241716	-15760.058553	-30883.114741	-32488.774656	-38496.208310	-22254.581422	-28204.034651	-41004.029334	-36658.894915	-187500.022352	-0.084000	0.912000	-0.362000	192.000000	0.000000	0.000000	0.000000	0.000000	0.000000	0.000000	0.000000	0.000000	0.000000	1741901915.953493	0.000000
164.000000	-34638.140754	-22808.323539	-32689.068638	-19793.989634	-42576.496908	-34106.884492	-40405.091990	-15789.339338	-30871.536538	-32494.004964	-38489.703952	-22253.016800	-28195.764505	-41010.623099	-36651.027101	-187500.022352	-0.084000	0.912000	-0.364000	192.000000	126.500000	48.000000	14.000000	64.000000	122.000000	80.000000	0.000000	0.000000	0.000000	1741901915.955517	0.000000
166.000000	-34640.442984	-22802.489734	-32688.085161	-19789.988672	-42575.558135	-34098.636699	-40396.240699	-15778.744612	-30898.313927	-32517.608406	-38510.625185	-22274.608585	-28224.531200	-41035.768811	-36683.861814	-187500.022352	-0.084000	0.912000	-0.364000	192.000000	0.000000	0.000000	0.000000	0.000000	0.000000	0.000000	0.000000	0.000000	0.000000	1741901916.001149	0.000000
168.000000	-34639.906542	-22814.358510	-32683.592461	-19799.599922	-42568.092652	-34112.494780	-40401.202786	-15789.629911	-30881.371305	-32511.506380	-38496.007144	-22262.963326	-28203.274691	-41029.420916	-36665.891011	-187500.022352	-0.084000	0.912000	-0.364000	192.000000	0.000000	0.000000	0.000000	0.000000	0.000000	0.000000	0.000000	0.000000	0.000000	1741901916.003306	0.000000
170.000000	-34655.910391	-22821.891048	-32698.948109	-19800.493991	-42579.357932	-34109.566702	-40404.980231	-15787.037109	-30894.871759	-32526.794973	-38509.507598	-22276.955518	-28215.970482	-41043.524867	-36672.976514	-187500.022352	-0.084000	0.912000	-0.364000	192.000000	0.000000	0.000000	0.000000	0.000000	0.000000	0.000000	0.000000	0.000000	0.000000	1741901916.005337	0.000000
172.000000	-34630.742327	-22806.691862	-32672.885975	-19796.560084	-42557.632036	-34107.152713	-40394.005524	-15780.130420	-30877.370343	-32514.657976	-38491.961478	-22262.113960	-28196.300947	-41029.912654	-36668.461462	-187500.022352	-0.084000	0.912000	-0.364000	192.000000	0.000000	0.000000	0.000000	0.000000	0.000000	0.000000	0.000000	0.000000	0.000000	1741901916.007384	0.000000
174.000000	-34640.152411	-22807.116545	-32686.677001	-19789.519285	-42567.220934	-34098.368478	-40393.692600	-15778.834019	-30885.215805	-32522.369328	-38501.282156	-22269.266518	-28206.269825	-41039.836829	-36674.272916	-187500.022352	-0.080000	0.910000	-0.362000	192.000000	126.500000	64.000000	14.000000	56.000000	122.000000	88.000000	0.000000	0.000000	0.000000	1741901916.009498	0.000000
176.000000	-34634.005682	-22810.469307	-32683.413647	-19788.200532	-42565.589257	-34108.292652	-40403.616775	-15791.798030	-30862.104101	-32501.582205	-38478.371618	-22246.870070	-28181.325278	-41017.641546	-36660.012503	-187500.022352	-0.080000	0.910000	-0.362000	192.000000	0.000000	0.000000	0.000000	0.000000	0.000000	0.000000	0.000000	0.000000	0.000000	1741901916.011676	0.000000
178.000000	-34654.256362	-22824.170926	-32710.146333	-19803.533829	-42588.097464	-34116.205170	-40415.329089	-15797.743594	-30892.860102	-32538.216715	-38514.626147	-22284.465704	-28214.987006	-41055.281884	-36683.839462	-187500.022352	-0.080000	0.910000	-0.362000	192.000000	0.000000	0.000000	0.000000	0.000000	0.000000	0.000000	0.000000	0.000000	0.000000	1741901916.013698	0.000000
180.000000	-34655.709226	-22834.430377	-32709.788705	-19815.514364	-42584.789405	-34127.358690	-40417.988946	-15805.723167	-30889.440285	-32534.841601	-38510.692240	-22282.431696	-28212.125982	-41045.961207	-36696.602308	-187500.022352	-0.080000	0.910000	-0.362000	192.000000	0.000000	0.000000	0.000000	0.000000	0.000000	0.000000	0.000000	0.000000	0.000000	1741901916.061371	0.000000
182.000000	-34660.537202	-22831.345836	-32713.320281	-19805.925465	-42586.823414	-34113.701774	-40418.659499	-15800.492859	-30892.837750	-32543.357616	-38519.856455	-22291.685318	-28214.897599	-41053.761965	-36688.645087	-187500.022352	-0.080000	0.910000	-0.362000	192.000000	0.000000	0.000000	0.000000	0.000000	0.000000	0.000000	0.000000	0.000000	0.000000	1741901916.063553	0.000000
184.000000	-34651.283580	-22830.429415	-32704.603100	-19806.819535	-42578.106234	-34114.819362	-40415.910234	-15800.626969	-30884.053514	-32528.583113	-38503.830255	-22274.899158	-28207.052136	-41036.729936	-36690.008544	-187500.022352	-0.076000	0.908000	-0.364000	192.000000	126.500000	80.000000	14.000000	48.000000	122.000000	80.000000	0.000000	0.000000	0.000000	1741901916.065656	0.000000
186.000000	-34647.908467	-22826.115528	-32700.982118	-19799.823439	-42578.620324	-34104.559911	-40412.110437	-15793.452059	-30887.696849	-32540.496593	-38513.106228	-22286.991452	-28214.428212	-41051.392681	-36678.944430	-187500.022352	-0.076000	0.908000	-0.364000	192.000000	0.000000	0.000000	0.000000	0.000000	0.000000	0.000000	0.000000	0.000000	0.000000	1741901916.067861	0.000000
188.000000	-34633.558647	-22818.761804	-32685.447655	-19790.368651	-42564.538725	-34100.447190	-40406.097818	-15791.194533	-30865.456863	-32514.523866	-38481.165586	-22258.425922	-28188.142560	-41023.140076	-36673.982343	-187500.022352	-0.076000	0.908000	-0.364000	192.000000	0.000000	0.000000	0.000000	0.000000	0.000000	0.000000	0.000000	0.000000	0.000000	1741901916.069883	0.000000
190.000000	-34665.365179	-22848.601383	-32716.024842	-19816.184916	-42591.964315	-34131.247894	-40429.298929	-15812.607504	-30894.067096	-32555.896945	-38521.376374	-22297.764992	-28221.558418	-41065.898963	-36685.538195	-187500.022352	-0.076000	0.908000	-0.364000	192.000000	0.000000	0.000000	0.000000	0.000000	0.000000	0.000000	0.000000	0.000000	0.000000	1741901916.071920	0.000000
192.000000	-34644.265132	-22828.685978	-32694.120132	-19801.298654	-42570.104309	-34104.671670	-40407.081295	-15791.462754	-30875.649259	-32529.208962	-38492.721438	-22271.233472	-28197.373831	-41035.947625	-36683.884166	-187500.022352	-0.076000	0.908000	-0.364000	192.000000	0.000000	0.000000	0.000000	0.000000	0.000000	0.000000	0.000000	0.000000	0.000000	1741901916.073954	0.000000
194.000000	-34676.876328	-22859.821959	-32729.502944	-19825.103262	-42603.967202	-34139.719205	-40436.809115	-15825.482109	-30900.392640	-32557.975657	-38528.305415	-22301.184809	-28227.682796	-41071.956285	-36692.780160	-187500.022352	-0.076000	0.914000	-0.364000	192.000000	126.500000	80.000000	14.000000	72.000000	122.000000	80.000000	0.000000	0.000000	0.000000	1741901916.076100	0.000000
196.000000	-34673.031828	-22856.983287	-32727.401880	-19838.156681	-42603.117836	-34147.385853	-40438.530199	-15829.706589	-30910.205055	-32562.513061	-38527.098421	-22306.146897	-28231.527296	-41073.856184	-36714.439000	-187500.022352	-0.076000	0.914000	-0.364000	192.000000	0.000000	0.000000	0.000000	0.000000	0.000000	0.000000	0.000000	0.000000	0.000000	1741901916.121768	0.000000
198.000000	-34661.699493	-22849.450749	-32717.745926	-19842.448216	-42595.205318	-34150.157470	-40437.747888	-15829.304258	-30907.567550	-32570.604392	-38535.435621	-22315.489926	-28235.282390	-41088.898908	-36712.293233	-187500.022352	-0.076000	0.914000	-0.364000	192.000000	0.000000	0.000000	0.000000	0.000000	0.000000	0.000000	0.000000	0.000000	0.000000	1741901916.123908	0.000000
200.000000	-34627.903656	-22814.000882	-32686.609946	-19817.481317	-42560.671873	-34110.304309	-40393.402027	-15785.740708	-30881.438360	-32539.334302	-38501.237452	-22283.906911	-28202.112401	-41054.611332	-36706.548835	-187500.022352	-0.076000	0.914000	-0.364000	192.000000	0.000000	0.000000	0.000000	0.000000	0.000000	0.000000	0.000000	0.000000	0.000000	1741901916.125946	0.000000
202.000000	-34634.363310	-22825.199106	-32695.394182	-19814.262666	-42565.455146	-34114.193513	-40401.761580	-15791.485106	-30856.158537	-32524.828020	-38486.619411	-22267.523082	-28185.527406	-41041.177933	-36671.300134	-187500.022352	-0.076000	0.914000	-0.364000	192.000000	0.000000	0.000000	0.000000	0.000000	0.000000	0.000000	0.000000	0.000000	0.000000	1741901916.127986	0.000000
204.000000	-34640.375929	-22823.925057	-32703.083182	-19812.206306	-42572.272429	-34104.045821	-40401.918042	-15787.014757	-30876.856253	-32530.304197	-38497.370600	-22274.809751	-28201.017165	-41041.915541	-36697.541082	-187500.022352	-0.072000	0.914000	-0.366000	192.000000	126.500000	96.000000	14.000000	72.000000	122.000000	72.000000	0.000000	0.000000	0.000000	1741901916.130055	0.000000
206.000000	-34626.696661	-22817.755975	-32691.504978	-19811.580457	-42560.470707	-34109.298481	-40397.715914	-15786.031280	-30869.726046	-32527.532581	-38495.403647	-22272.328707	-28195.943319	-41042.139058	-36680.062017	-187500.022352	-0.072000	0.914000	-0.366000	192.000000	0.000000	0.000000	0.000000	0.000000	0.000000	0.000000	0.000000	0.000000	0.000000	1741901916.132242	0.000000
208.000000	-34651.395339	-22837.425511	-32715.980138	-19811.245181	-42582.397769	-34117.188646	-40416.334917	-15800.090528	-30872.140035	-32521.877589	-38491.112112	-22267.612489	-28198.267901	-41035.545294	-36685.806416	-187500.022352	-0.072000	0.914000	-0.366000	192.000000	0.000000	0.000000	0.000000	0.000000	0.000000	0.000000	0.000000	0.000000	0.000000	1741901916.134245	0.000000
210.000000	-34680.385551	-22872.853026	-32742.623418	-19846.225661	-42611.097409	-34162.115653	-40456.076319	-15844.749313	-30902.627814	-32559.428520	-38528.953615	-22306.303359	-28231.840221	-41076.203117	-36702.056134	-187500.022352	-0.072000	0.914000	-0.366000	192.000000	0.000000	0.000000	0.000000	0.000000	0.000000	0.000000	0.000000	0.000000	0.000000	1741901916.181172	0.000000
212.000000	-34659.933705	-22843.125205	-32721.098688	-19829.551259	-42585.437606	-34131.806687	-40426.706127	-15816.720225	-30910.696794	-32562.825985	-38530.451182	-22309.387900	-28238.322227	-41077.477166	-36715.623643	-187500.022352	-0.072000	0.914000	-0.366000	192.000000	0.000000	0.000000	0.000000	0.000000	0.000000	0.000000	0.000000	0.000000	0.000000	1741901916.183350	0.000000
214.000000	-34654.837508	-22844.220441	-32715.555455	-19827.852527	-42582.598934	-34140.188592	-40434.663348	-15824.431577	-30890.468465	-32544.721072	-38513.016822	-22290.590082	-28212.215389	-41059.484012	-36696.267032	-187500.022352	-0.084000	0.914000	-0.366000	192.000000	126.500000	48.000000	14.000000	72.000000	122.000000	72.000000	0.000000	0.000000	0.000000	1741901916.185407	0.000000
216.000000	-34660.648961	-22840.599458	-32722.864476	-19815.715529	-42585.996400	-34124.318853	-40415.664365	-15807.176031	-30895.497608	-32543.424671	-38513.419153	-22288.287853	-28221.089032	-41056.712396	-36700.558567	-187500.022352	-0.084000	0.914000	-0.366000	192.000000	0.000000	0.000000	0.000000	0.000000	0.000000	0.000000	0.000000	0.000000	0.000000	1741901916.187697	0.000000
218.000000	-34661.677141	-22850.054246	-32727.223066	-19834.535698	-42589.572679	-34146.692949	-40425.856760	-15822.196403	-30898.358631	-32546.218639	-38515.788438	-22290.947710	-28225.447622	-41060.959227	-36697.652840	-187500.022352	-0.084000	0.914000	-0.366000	192.000000	0.000000	0.000000	0.000000	0.000000	0.000000	0.000000	0.000000	0.000000	0.000000	1741901916.189735	0.000000
220.000000	-34653.786976	-22834.810356	-32719.511714	-19823.583343	-42582.822452	-34127.112821	-40412.892748	-15806.058443	-30908.372212	-32558.936782	-38526.517275	-22305.744565	-28235.572962	-41073.051521	-36710.169817	-187500.022352	-0.084000	0.914000	-0.366000	192.000000	0.000000	0.000000	0.000000	0.000000	0.000000	0.000000	0.000000	0.000000	0.000000	1741901916.191764	0.000000
222.000000	-34622.516885	-22814.425566	-32689.493321	-19812.943913	-42557.810850	-34116.585149	-40396.531272	-15794.167315	-30871.849462	-32521.475258	-38487.960516	-22269.400629	-28197.306776	-41035.813515	-36685.202919	-187500.022352	-0.084000	0.914000	-0.366000	192.000000	0.000000	0.000000	0.000000	0.000000	0.000000	0.000000	0.000000	0.000000	0.000000	1741901916.193770	0.000000
224.000000	-34611.698641	-22793.638443	-32678.630373	-19786.859427	-42543.885713	-34084.599803	-40374.671265	-15767.769905	-30861.232383	-32513.115706	-38480.495033	-22261.175187	-28190.377735	-41028.459791	-36671.434244	-187500.022352	-0.084000	0.914000	-0.366000	192.000000	126.500000	48.000000	14.000000	72.000000	122.000000	72.000000	0.000000	0.000000	0.000000	1741901916.195817	0.000000
226.000000	-34629.267112	-22819.745281	-32695.036554	-19797.141230	-42562.080033	-34114.193513	-40401.538062	-15796.491897	-30854.638619	-32505.359650	-38469.095644	-22250.714570	-28185.281537	-41018.490913	-36665.622791	-187500.022352	-0.084000	0.914000	-0.366000	192.000000	0.000000	0.000000	0.000000	0.000000	0.000000	0.000000	0.000000	0.000000	0.000000	1741901916.240962	0.000000
228.000000	-34648.243743	-22832.061092	-32711.062755	-19805.456079	-42581.213126	-34115.579321	-40414.122094	-15803.420937	-30884.880529	-32536.629741	-38500.231624	-22279.794190	-28217.848029	-41051.549143	-36691.036724	-187500.022352	-0.084000	0.914000	-0.366000	192.000000	0.000000	0.000000	0.000000	0.000000	0.000000	0.000000	0.000000	0.000000	0.000000	1741901916.243073	0.000000
230.000000	-34629.803554	-22822.494545	-32693.963670	-19805.009044	-42564.628132	-34113.969995	-40402.119208	-15797.341263	-30877.236232	-32527.845505	-38488.742827	-22269.691201	-28207.767392	-41039.948587	-36693.026029	-187500.022352	-0.084000	0.914000	-0.366000	192.000000	0.000000	0.000000	0.000000	0.000000	0.000000	0.000000	0.000000	0.000000	0.000000	1741901916.245103	0.000000
232.000000	-34653.697569	-22841.962915	-32717.857685	-19809.926428	-42588.700961	-34125.123516	-40417.519560	-15810.037054	-30882.645355	-32541.636532	-38502.757371	-22281.515274	-28218.630340	-41056.377120	-36688.063942	-187500.022352	-0.084000	0.914000	-0.366000	192.000000	0.000000	0.000000	0.000000	0.000000	0.000000	0.000000	0.000000	0.000000	0.000000	1741901916.247121	0.000000
234.000000	-34624.729708	-22819.946446	-32688.018106	-19801.835096	-42561.565943	-34111.600710	-40399.079370	-15789.875780	-30876.610384	-32533.455793	-38486.753522	-22269.668850	-28209.376718	-41044.910675	-36697.675192	-187500.022352	-0.078000	0.918000	-0.368000	192.000000	126.500000	72.000000	14.000000	88.000000	122.000000	64.000000	0.000000	0.000000	0.000000	1741901916.249155	0.000000
236.000000	-34668.427368	-22860.805435	-32724.004415	-19810.351111	-42598.066342	-34135.070042	-40429.947129	-15823.246935	-30880.052552	-32539.267247	-38496.945917	-22276.307318	-28215.299930	-41055.617160	-36680.710218	-187500.022352	-0.078000	0.918000	-0.368000	192.000000	0.000000	0.000000	0.000000	0.000000	0.000000	0.000000	0.000000	0.000000	0.000000	1741901916.251422	0.000000
238.000000	-34660.246630	-22857.050342	-32717.544760	-19823.136309	-42591.383170	-34136.344091	-40424.247435	-15820.095339	-30907.947529	-32563.563593	-38518.627109	-22301.095402	-28236.735253	-41074.996123	-36717.300024	-187500.022352	-0.078000	0.918000	-0.368000	192.000000	0.000000	0.000000	0.000000	0.000000	0.000000	0.000000	0.000000	0.000000	0.000000	1741901916.253448	0.000000
240.000000	-34669.410845	-22865.052267	-32730.754641	-19830.110053	-42604.660106	-34143.921333	-40433.188132	-15828.521946	-30906.382907	-32570.135006	-38527.277234	-22307.376243	-28241.093843	-41085.836719	-36704.872454	-187500.022352	-0.078000	0.918000	-0.368000	192.000000	0.000000	0.000000	0.000000	0.000000	0.000000	0.000000	0.000000	0.000000	0.000000	1741901916.301109	0.000000
242.000000	-34624.752060	-22821.175792	-32686.319373	-19808.004178	-42556.827373	-34107.108010	-40388.752864	-15785.159562	-30893.597709	-32551.180726	-38504.053772	-22287.885521	-28223.413613	-41061.473317	-36712.114419	-187500.022352	-0.078000	0.918000	-0.368000	192.000000	0.000000	0.000000	0.000000	0.000000	0.000000	0.000000	0.000000	0.000000	0.000000	1741901916.303260	0.000000
244.000000	-34614.917292	-22809.865810	-32675.255260	-19780.869160	-42542.052870	-34094.367515	-40377.532289	-15773.469600	-30850.950581	-32520.044746	-38469.654437	-22254.402608	-28186.868511	-41031.477276	-36655.788023	-187500.022352	-0.080000	0.914000	-0.368000	192.000000	126.500000	64.000000	14.000000	72.000000	122.000000	64.000000	0.000000	0.000000	0.000000	1741901916.305334	0.000000
246.000000	-34623.902693	-22816.794850	-32680.843196	-19787.753497	-42542.879885	-34094.635736	-40382.941411	-15779.638681	-30863.288744	-32524.828020	-38471.017894	-22254.536719	-28192.903482	-41029.018584	-36670.473119	-187500.022352	-0.080000	0.914000	-0.368000	192.000000	0.000000	0.000000	0.000000	0.000000	0.000000	0.000000	0.000000	0.000000	0.000000	1741901916.307503	0.000000
248.000000	-34646.768528	-22842.946391	-32708.201731	-19800.471640	-42568.137356	-34117.076888	-40412.088086	-15804.963208	-30867.513224	-32533.545200	-38486.731170	-22268.238338	-28198.737287	-41044.441288	-36660.168965	-187500.022352	-0.080000	0.914000	-0.368000	192.000000	0.000000	0.000000	0.000000	0.000000	0.000000	0.000000	0.000000	0.000000	0.000000	1741901916.309554	0.000000
250.000000	-34651.507098	-22840.621810	-32711.085106	-19805.210210	-42574.641713	-34114.282920	-40409.495283	-15801.230467	-30890.624927	-32547.403282	-38502.042115	-22283.258710	-28216.328110	-41052.979654	-36695.328259	-187500.022352	-0.080000	0.914000	-0.368000	192.000000	0.000000	0.000000	0.000000	0.000000	0.000000	0.000000	0.000000	0.000000	0.000000	1741901916.311558	0.000000
252.000000	-34665.387531	-22854.658706	-32722.395089	-19818.956532	-42591.651391	-34133.259551	-40423.778048	-15816.988446	-30895.184683	-32557.260401	-38520.974043	-22298.055565	-28221.714881	-41067.754158	-36691.863739	-187500.022352	-0.080000	0.914000	-0.368000	192.000000	0.000000	0.000000	0.000000	0.000000	0.000000	0.000000	0.000000	0.000000	0.000000	1741901916.313569	0.000000
254.000000	-34646.388548	-22827.747205	-32701.339746	-19803.869105	-42577.480385	-34100.961280	-40403.661478	-15790.523981	-30890.468465	-32546.419805	-38515.296699	-22292.154705	-28211.701299	-41054.678387	-36698.681021	-187500.022352	-0.084000	0.916000	-0.372000	192.000000	126.500000	48.000000	14.000000	80.000000	122.000000	48.000000	0.000000	0.000000	0.000000	1741901916.315625	0.000000
0.000000	-34661.498327	-22845.941525	-32713.700260	-19818.375387	-42597.865176	-34122.843638	-40427.913121	-15813.300409	-30880.410180	-32539.691930	-38518.582406	-22287.572597	-28205.085183	-41051.526791	-36687.348686	-187500.022352	-0.084000	0.916000	-0.372000	192.000000	0.000000	0.000000	0.000000	0.000000	0.000000	0.000000	0.000000	0.000000	0.000000	1741901916.361616	0.000000
2.000000	-34664.918144	-22840.487700	-32711.778010	-19813.592114	-42600.726199	-34113.969995	-40420.469990	-15805.231429	-30892.390715	-32543.424671	-38527.009014	-22291.998242	-28212.863590	-41053.493745	-36703.531349	-187500.022352	-0.084000	0.916000	-0.372000	192.000000	0.000000	0.000000	0.000000	0.000000	0.000000	0.000000	0.000000	0.000000	0.000000	1741901916.363806	0.000000
4.000000	-34687.135778	-22868.963822	-32734.085051	-19835.429768	-42632.331566	-34153.398472	-40458.646769	-15845.933955	-30894.938814	-32554.757006	-38538.341348	-22300.558961	-28219.703224	-41065.250762	-36705.073619	-187500.022352	-0.084000	0.916000	-0.372000	192.000000	0.000000	0.000000	0.000000	0.000000	0.000000	0.000000	0.000000	0.000000	0.000000	1741901916.365845	0.000000
6.000000	-34662.705322	-22834.743301	-32707.799400	-19828.031341	-42604.727161	-34124.609426	-40424.895635	-15811.624028	-30912.619044	-32569.486805	-38551.528877	-22316.182830	-28235.595314	-41081.344018	-36733.326224	-187500.022352	-0.084000	0.916000	-0.372000	192.000000	0.000000	0.000000	0.000000	0.000000	0.000000	0.000000	0.000000	0.000000	0.000000	1741901916.367846	0.000000
8.000000	-34665.253421	-22845.226269	-32705.966557	-19830.087701	-42610.024525	-34136.165278	-40437.345557	-15825.236240	-30874.509320	-32541.547125	-38519.521179	-22292.020594	-28199.229026	-41054.164297	-36694.545948	-187500.022352	-0.084000	0.920000	-0.364000	192.000000	126.500000	48.000000	14.000000	96.000000	122.000000	80.000000	0.000000	0.000000	0.000000	1741901916.369866	0.000000
10.000000	-34674.417636	-22842.834633	-32709.408725	-19827.137271	-42612.997307	-34126.665786	-40431.668214	-15815.848507	-30887.741552	-32552.700645	-38528.797153	-22304.492868	-28211.522485	-41061.920352	-36707.264090	-187500.022352	-0.084000	0.920000	-0.364000	192.000000	0.000000	0.000000	0.000000	0.000000	0.000000	0.000000	0.000000	0.000000	0.000000	1741901916.372008	0.000000
12.000000	-34640.532391	-22819.231191	-32677.065751	-19820.029416	-42581.861327	-34113.500609	-40403.125036	-15793.407356	-30871.827110	-32540.921276	-38514.223816	-22294.099306	-28198.379659	-41047.794050	-36695.618832	-187500.022352	-0.084000	0.920000	-0.364000	192.000000	0.000000	0.000000	0.000000	0.000000	0.000000	0.000000	0.000000	0.000000	0.000000	1741901916.374030	0.000000
14.000000	-34630.742327	-22801.863885	-32669.622620	-19797.811782	-42579.000304	-34085.918556	-40396.531272	-15775.145981	-30862.193508	-32525.990310	-38504.120827	-22284.644518	-28189.483665	-41034.830038	-36683.571241	-187500.022352	-0.084000	0.920000	-0.364000	192.000000	0.000000	0.000000	0.000000	0.000000	0.000000	0.000000	0.000000	0.000000	0.000000	1741901916.421824	0.000000
16.000000	-34614.805533	-22792.319690	-32652.165908	-19788.200532	-42566.483327	-34082.811663	-40389.713989	-15771.972033	-30834.790270	-32499.570548	-38475.555298	-22256.615431	-28162.281592	-41004.766942	-36664.281686	-187500.022352	-0.084000	0.920000	-0.364000	192.000000	0.000000	0.000000	0.000000	0.000000	0.000000	0.000000	0.000000	0.000000	0.000000	1741901916.423944	0.000000
18.000000	-34623.768583	-22791.246807	-32658.782024	-19779.952738	-42573.367664	-34074.206242	-40392.798530	-15770.385059	-30852.448148	-32514.792086	-38495.291888	-22273.379239	-28178.732476	-41021.597805	-36668.439110	-187500.022352	-0.082000	0.920000	-0.362000	192.000000	126.500000	56.000000	14.000000	96.000000	122.000000	88.000000	0.000000	0.000000	0.000000	1741901916.425933	0.000000
20.000000	-34607.429458	-22783.244882	-32643.851059	-19776.108238	-42558.570809	-34074.809739	-40378.783986	-15763.098390	-30837.360720	-32491.769790	-38476.449368	-22249.887556	-28160.292287	-41000.251889	-36656.123299	-187500.022352	-0.082000	0.920000	-0.362000	192.000000	0.000000	0.000000	0.000000	0.000000	0.000000	0.000000	0.000000	0.000000	0.000000	1741901916.428108	0.000000
22.000000	-34625.646129	-22793.258464	-32667.901536	-19777.806971	-42578.821490	-34073.803910	-40390.049266	-15771.055611	-30845.541459	-32502.565682	-38489.726304	-22259.141178	-28172.786912	-41010.913671	-36654.849250	-187500.022352	-0.082000	0.920000	-0.362000	192.000000	0.000000	0.000000	0.000000	0.000000	0.000000	0.000000	0.000000	0.000000	0.000000	1741901916.430167	0.000000
24.000000	-34613.643243	-22791.447972	-32658.156175	-19779.595110	-42570.953676	-34075.882623	-40388.328181	-15771.033260	-30841.786366	-32494.228482	-38482.014952	-22248.479396	-28166.260203	-41001.324773	-36669.243773	-187500.022352	-0.082000	0.920000	-0.362000	192.000000	0.000000	0.000000	0.000000	0.000000	0.000000	0.000000	0.000000	0.000000	0.000000	1741901916.432269	0.000000
26.000000	-34660.604258	-22833.692769	-32704.133714	-19795.934236	-42616.350069	-34102.950585	-40425.789705	-15806.259609	-30862.305267	-32519.508305	-38508.412362	-22271.144065	-28192.635261	-41027.476314	-36672.820052	-187500.022352	-0.082000	0.920000	-0.362000	192.000000	0.000000	0.000000	0.000000	0.000000	0.000000	0.000000	0.000000	0.000000	0.000000	1741901916.434292	0.000000
28.000000	-34626.406089	-22801.528609	-32669.175585	-19794.146096	-42583.917687	-34089.651297	-40396.151292	-15780.242178	-30879.292593	-32528.784278	-38515.743734	-22279.078934	-28206.448639	-41033.287768	-36702.771390	-187500.022352	-0.078000	0.916000	-0.362000	192.000000	126.500000	72.000000	14.000000	80.000000	122.000000	88.000000	0.000000	0.000000	0.000000	1741901916.436300	0.000000
30.000000	-34627.948359	-22801.595664	-32671.053132	-19776.510570	-42583.336542	-34080.576489	-40391.144501	-15770.921501	-30855.376226	-32515.909674	-38497.035324	-22261.309297	-28187.650822	-41020.256701	-36667.947372	-187500.022352	-0.078000	0.916000	-0.362000	192.000000	0.000000	0.000000	0.000000	0.000000	0.000000	0.000000	0.000000	0.000000	0.000000	1741901916.482118	0.000000
32.000000	-34633.022205	-22810.290493	-32675.344667	-19786.099468	-42585.683475	-34092.780542	-40402.789760	-15784.600769	-30856.247944	-32508.064211	-38488.139330	-22255.028457	-28182.822845	-41009.505511	-36679.413817	-187500.022352	-0.078000	0.916000	-0.362000	192.000000	0.000000	0.000000	0.000000	0.000000	0.000000	0.000000	0.000000	0.000000	0.000000	1741901916.484226	0.000000
34.000000	-34649.271923	-22825.266162	-32692.533158	-19802.773869	-42600.279164	-34108.002079	-40412.155141	-15794.614350	-30874.911651	-32535.802726	-38514.045002	-22282.454047	-28204.459334	-41041.781430	-36680.330238	-187500.022352	-0.078000	0.916000	-0.362000	192.000000	0.000000	0.000000	0.000000	0.000000	0.000000	0.000000	0.000000	0.000000	0.000000	1741901916.486286	0.000000
36.000000	-34635.413842	-22813.352682	-32675.121149	-19795.822477	-42581.570754	-34092.288803	-40394.117283	-15779.258702	-30860.226555	-32515.105011	-38491.737961	-22263.253899	-28185.661517	-41018.222692	-36687.438093	-187500.022352	-0.078000	0.916000	-0.362000	192.000000	0.000000	0.000000	0.000000	0.000000	0.000000	0.000000	0.000000	0.000000	0.000000	1741901916.488307	0.000000
38.000000	-34660.537202	-22839.057188	-32696.802342	-19814.352073	-42602.782560	-34117.166295	-40417.720725	-15802.817440	-30879.270241	-32542.441194	-38517.934205	-22287.505542	-28206.001604	-41045.581227	-36680.441997	-187500.022352	-0.078000	0.916000	-0.352000	192.000000	126.500000	72.000000	14.000000	80.000000	122.500000	0.000000	0.000000	0.000000	0.000000	1741901916.490302	0.000000
40.000000	-34653.988141	-22829.602400	-32685.581766	-19810.954608	-42588.298629	-34106.616271	-40406.209577	-15790.412222	-30883.628831	-32539.356654	-38514.737906	-22287.371431	-28203.162933	-41041.088526	-36692.288422	-187500.022352	-0.078000	0.916000	-0.352000	192.000000	0.000000	0.000000	0.000000	0.000000	0.000000	0.000000	0.000000	0.000000	0.000000	1741901916.492477	0.000000
42.000000	-34655.150432	-22834.698598	-32687.973402	-19816.520192	-42587.851594	-34115.132286	-40408.958841	-15796.558952	-30883.427666	-32551.650113	-38523.611548	-22295.574521	-28206.739212	-41056.243009	-36677.357456	-187500.022352	-0.078000	0.916000	-0.352000	192.000000	0.000000	0.000000	0.000000	0.000000	0.000000	0.000000	0.000000	0.000000	0.000000	1741901916.494485	0.000000
44.000000	-34646.343845	-22818.582990	-32678.496263	-19802.371538	-42578.083882	-34094.702792	-40395.860719	-15780.488048	-30868.742570	-32529.030148	-38501.259804	-22276.106152	-28188.634299	-41031.969015	-36680.129073	-187500.022352	-0.078000	0.916000	-0.352000	192.000000	0.000000	0.000000	0.000000	0.000000	0.000000	0.000000	0.000000	0.000000	0.000000	1741901916.541481	0.000000
46.000000	-34629.177705	-22806.960083	-32664.682885	-19794.034337	-42567.623266	-34089.740704	-40387.188242	-15772.083792	-30863.802834	-32525.677386	-38505.193711	-22276.374373	-28187.226139	-41033.980672	-36670.517823	-187500.022352	-0.078000	0.916000	-0.352000	192.000000	0.000000	0.000000	0.000000	0.000000	0.000000	0.000000	0.000000	0.000000	0.000000	1741901916.543561	0.000000
48.000000	-34632.306949	-22805.820144	-32671.500167	-19777.963433	-42573.792347	-34081.783483	-40392.709123	-15776.420030	-30850.704712	-32506.119610	-38483.557222	-22256.056637	-28173.591575	-41011.248948	-36665.622791	-187500.022352	-0.082000	0.912000	-0.354000	192.000000	126.500000	56.000000	14.000000	64.000000	122.000000	120.000000	0.000000	0.000000	0.000000	1741901916.545598	0.000000
50.000000	-34613.732650	-22797.304129	-32654.691655	-19783.573721	-42549.630111	-34083.258698	-40376.146481	-15766.115876	-30850.794119	-32515.596749	-38490.329801	-22265.578480	-28172.585746	-41023.609462	-36665.801604	-187500.022352	-0.082000	0.912000	-0.354000	192.000000	0.000000	0.000000	0.000000	0.000000	0.000000	0.000000	0.000000	0.000000	0.000000	1741901916.547745	0.000000
52.000000	-34610.826923	-22788.519894	-32653.618771	-19774.990651	-42549.786574	-34067.299553	-40366.848155	-15752.615422	-30846.301418	-32508.354784	-38478.461025	-22254.201443	-28168.450674	-41014.177026	-36662.337084	-187500.022352	-0.082000	0.912000	-0.354000	192.000000	0.000000	0.000000	0.000000	0.000000	0.000000	0.000000	0.000000	0.000000	0.000000	1741901916.549801	0.000000
54.000000	-34621.399298	-22805.417813	-32661.285420	-19782.679651	-42563.488193	-34083.795140	-40385.243641	-15775.369498	-30830.409328	-32498.654127	-38465.497013	-22243.360846	-28153.206784	-41003.850520	-36640.387671	-187500.022352	-0.082000	0.912000	-0.354000	192.000000	0.000000	0.000000	0.000000	0.000000	0.000000	0.000000	0.000000	0.000000	0.000000	1741901916.551840	0.000000
56.000000	-34632.888095	-22808.368243	-32673.958859	-19789.116954	-42572.630056	-34087.170254	-40391.926812	-15775.525960	-30871.916517	-32533.075813	-38502.578557	-22275.949690	-28193.171703	-41035.433535	-36678.676209	-187500.022352	-0.082000	0.912000	-0.354000	192.000000	0.000000	0.000000	0.000000	0.000000	0.000000	0.000000	0.000000	0.000000	0.000000	1741901916.553860	0.000000
58.000000	-34621.086373	-22806.535400	-32665.487548	-19787.507628	-42560.940094	-34096.423876	-40397.492397	-15783.706699	-30852.716369	-32516.244950	-38483.892498	-22262.292774	-28173.502168	-41020.457866	-36664.527555	-187500.022352	-0.086000	0.914000	-0.358000	192.000000	126.500000	40.000000	14.000000	72.000000	122.000000	104.000000	0.000000	0.000000	0.000000	1741901916.555900	0.000000
60.000000	-34622.494533	-22795.560693	-32665.286382	-19773.984823	-42560.180135	-34078.408370	-40381.376789	-15769.535693	-30858.773692	-32519.418898	-38486.150025	-22265.511425	-28177.883110	-41024.749401	-36660.839517	-187500.022352	-0.086000	0.914000	-0.358000	192.000000	0.000000	0.000000	0.000000	0.000000	0.000000	0.000000	0.000000	0.000000	0.000000	1741901916.601225	0.000000
62.000000	-34636.374967	-22818.381824	-32679.546795	-19792.022680	-42574.552306	-34103.464675	-40403.102684	-15791.395699	-30861.969991	-32518.591883	-38492.319106	-22268.618318	-28182.576976	-41025.509360	-36664.102872	-187500.022352	-0.086000	0.914000	-0.358000	192.000000	0.000000	0.000000	0.000000	0.000000	0.000000	0.000000	0.000000	0.000000	0.000000	1741901916.603353	0.000000
64.000000	-34616.370155	-22786.910568	-32657.083292	-19767.525168	-42550.770050	-34063.611515	-40369.686826	-15754.470617	-30859.734817	-32519.374194	-38491.268574	-22266.696068	-28177.056095	-41022.581282	-36658.961971	-187500.022352	-0.086000	0.914000	-0.358000	192.000000	0.000000	0.000000	0.000000	0.000000	0.000000	0.000000	0.000000	0.000000	0.000000	1741901916.605378	0.000000
66.000000	-34643.505173	-22823.120394	-32682.452522	-19785.115991	-42576.027522	-34097.541463	-40405.583728	-15793.206190	-30851.889354	-32502.096296	-38481.389103	-22251.608640	-28166.349610	-41008.365572	-36647.003787	-187500.022352	-0.083000	0.914000	-0.358000	192.000000	126.500000	64.000000	14.000000	72.000000	122.000000	104.000000	0.000000	0.000000	0.000000	1741901916.607471	0.000000
68.000000	-34662.727673	-22834.855060	-32705.117190	-19803.287959	-42595.540595	-34106.951547	-40418.815961	-15801.968074	-30898.805666	-32552.298314	-38529.601816	-22296.982681	-28216.685738	-41057.584114	-36681.738398	-187500.022352	-0.083000	0.914000	-0.358000	192.000000	0.000000	0.000000	0.000000	0.000000	0.000000	0.000000	0.000000	0.000000	0.000000	1741901916.609678	0.000000
70.000000	-34623.120382	-22802.221513	-32668.415626	-19789.832209	-42560.470707	-34087.058495	-40386.137710	-15773.335489	-30876.811549	-32525.856200	-38504.947842	-22272.239300	-28193.350517	-41031.521980	-36677.580974	-187500.022352	-0.083000	0.914000	-0.358000	192.000000	0.000000	0.000000	0.000000	0.000000	0.000000	0.000000	0.000000	0.000000	0.000000	1741901916.611675	0.000000
72.000000	-34630.429403	-22804.814315	-32676.350495	-19772.107276	-42567.489155	-34076.128492	-40383.567260	-15767.792257	-30859.578354	-32511.059345	-38492.877900	-22257.151873	-28180.610023	-41018.177988	-36649.730700	-187500.022352	-0.083000	0.914000	-0.358000	192.000000	0.000000	0.000000	0.000000	0.000000	0.000000	0.000000	0.000000	0.000000	0.000000	1741901916.613717	0.000000
74.000000	-34632.150487	-22815.118470	-32678.697429	-19785.205398	-42569.321998	-34091.059457	-40396.933603	-15780.979786	-30862.372322	-32515.172066	-38491.536795	-22258.269460	-28182.264052	-41018.066230	-36665.466328	-187500.022352	-0.083000	0.914000	-0.358000	192.000000	0.000000	0.000000	0.000000	0.000000	0.000000	0.000000	0.000000	0.000000	0.000000	1741901916.661590	0.000000
76.000000	-34627.188400	-22805.082536	-32669.980248	-19782.143209	-42561.834164	-34081.783483	-40379.678056	-15766.384097	-30873.704657	-32534.953360	-38506.847740	-22275.480303	-28195.898616	-41037.579302	-36666.360398	-187500.022352	-0.082500	0.914000	-0.360000	192.000000	126.500000	56.000000	14.000000	72.000000	122.000000	88.000000	0.000000	0.000000	0.000000	1741901916.663730	0.000000
78.000000	-34634.832696	-22819.275894	-32675.635240	-19783.752535	-42571.400711	-34090.657126	-40398.721742	-15786.210094	-30843.798023	-32500.665784	-38467.396911	-22239.292829	-28160.538156	-41001.302421	-36650.714177	-187500.022352	-0.082500	0.914000	-0.360000	192.000000	0.000000	0.000000	0.000000	0.000000	0.000000	0.000000	0.000000	0.000000	0.000000	1741901916.665931	0.000000
80.000000	-34643.035787	-22821.064034	-32690.454446	-19802.617407	-42586.421083	-34103.039992	-40411.752809	-15794.927275	-30884.098218	-32550.264305	-38519.409420	-22290.858303	-28208.013261	-41054.141945	-36675.189337	-187500.022352	-0.082500	0.914000	-0.360000	192.000000	0.000000	0.000000	0.000000	0.000000	0.000000	0.000000	0.000000	0.000000	0.000000	1741901916.667937	0.000000
82.000000	-34618.627682	-22801.975644	-32663.162966	-19787.418221	-42561.074205	-34084.912727	-40388.663457	-15777.604673	-30864.205165	-32517.720165	-38492.095589	-22263.320954	-28184.231005	-41025.464657	-36680.397294	-187500.022352	-0.082500	0.914000	-0.360000	192.000000	0.000000	0.000000	0.000000	0.000000	0.000000	0.000000	0.000000	0.000000	0.000000	1741901916.669958	0.000000
84.000000	-34641.582923	-22825.020292	-32689.895653	-19797.610616	-42584.677647	-34106.862141	-40411.819865	-15799.107051	-30862.662895	-32533.612255	-38497.370600	-22271.836969	-28188.120209	-41042.407279	-36662.180622	-187500.022352	-0.082500	0.914000	-0.360000	192.000000	0.000000	0.000000	0.000000	0.000000	0.000000	0.000000	0.000000	0.000000	0.000000	1741901916.672020	0.000000
86.000000	-34611.743344	-22793.861961	-32664.101739	-19787.842904	-42554.793364	-34080.598841	-40379.990981	-15768.283995	-30860.986514	-32522.861066	-38488.496958	-22265.489073	-28184.208653	-41030.873779	-36681.403122	-187500.022352	-0.080250	0.917000	-0.362000	192.000000	126.500000	72.000000	14.000000	96.000000	122.000000	80.000000	0.000000	0.000000	0.000000	1741901916.674036	0.000000
88.000000	-34652.557630	-22837.716083	-32707.374717	-19808.182992	-42596.568775	-34118.350937	-40427.153161	-15815.200307	-30854.102177	-32529.231313	-38495.560109	-22270.428809	-28185.102723	-41040.865009	-36660.817165	-187500.022352	-0.080250	0.917000	-0.362000	192.000000	0.000000	0.000000	0.000000	0.000000	0.000000	0.000000	0.000000	0.000000	0.000000	1741901916.676282	0.000000
90.000000	-34621.421650	-22804.076708	-32678.742132	-19807.445384	-42565.030463	-34097.809684	-40392.463254	-15784.377251	-30888.233291	-32556.187517	-38517.017784	-22292.512333	-28213.422383	-41064.982541	-36706.638242	-187500.022352	-0.080250	0.917000	-0.362000	192.000000	0.000000	0.000000	0.000000	0.000000	0.000000	0.000000	0.000000	0.000000	0.000000	1741901916.721936	0.000000
92.000000	-34624.595597	-22816.548981	-32683.011315	-19797.945893	-42572.384187	-34105.252815	-40404.555548	-15797.810650	-30839.417081	-32522.391680	-38479.712722	-22256.861300	-28171.244642	-41033.265416	-36655.788023	-187500.022352	-0.080250	0.917000	-0.362000	192.000000	0.000000	0.000000	0.000000	0.000000	0.000000	0.000000	0.000000	0.000000	0.000000	1741901916.724072	0.000000
94.000000	-34617.532446	-22803.562618	-32675.657591	-19798.236465	-42567.578562	-34095.775675	-40392.776178	-15784.757231	-30863.355799	-32542.552953	-38493.213176	-22272.753390	-28190.780066	-41049.649245	-36686.655782	-187500.022352	-0.080250	0.917000	-0.362000	192.000000	0.000000	0.000000	0.000000	0.000000	0.000000	0.000000	0.000000	0.000000	0.000000	1741901916.726097	0.000000
96.000000	-34621.823981	-22816.928961	-32679.479740	-19801.768041	-42574.619362	-34113.992347	-40410.009373	-15799.799955	-30845.787328	-32538.507287	-38483.914850	-22263.589175	-28179.917119	-41048.688119	-36660.928924	-187500.022352	-0.081125	0.917500	-0.361000	192.000000	126.500000	56.000000	14.000000	88.000000	122.000000	96.000000	0.000000	0.000000	0.000000	1741901916.728139	0.000000
98.000000	-34617.241873	-22808.256484	-32674.115321	-19793.743765	-42567.466803	-34094.300460	-40393.558490	-15781.739745	-30853.364569	-32544.430500	-38488.116978	-22270.451161	-28186.935566	-41051.169163	-36680.732570	-187500.022352	-0.081125	0.917500	-0.361000	192.000000	0.000000	0.000000	0.000000	0.000000	0.000000	0.000000	0.000000	0.000000	0.000000	1741901916.730344	0.000000
100.000000	-34633.133964	-22836.151461	-32686.140559	-19812.966265	-42578.575620	-34123.603597	-40414.144446	-15807.421900	-30844.602686	-32549.370235	-38487.893461	-22274.899158	-28180.699430	-41055.483050	-36664.281686	-187500.022352	-0.081125	0.917500	-0.361000	192.000000	0.000000	0.000000	0.000000	0.000000	0.000000	0.000000	0.000000	0.000000	0.000000	1741901916.732339	0.000000
102.000000	-34627.344862	-22824.282685	-32679.055056	-19809.099413	-42569.098481	-34108.806742	-40406.589557	-15792.625045	-30856.806738	-32568.145700	-38498.041153	-22292.959367	-28189.215444	-41068.804690	-36684.822939	-187500.022352	-0.081125	0.917500	-0.361000	192.000000	0.000000	0.000000	0.000000	0.000000	0.000000	0.000000	0.000000	0.000000	0.000000	1741901916.734358	0.000000
104.000000	-34646.232086	-22852.155310	-32697.025859	-19830.802957	-42587.806891	-34145.441251	-40429.298929	-15825.839737	-30861.679418	-32581.154416	-38509.127618	-22304.179943	-28195.004546	-41084.428559	-36684.353552	-187500.022352	-0.081125	0.917500	-0.361000	192.000000	0.000000	0.000000	0.000000	0.000000	0.000000	0.000000	0.000000	0.000000	0.000000	1741901916.783496	0.000000
106.000000	-34620.348766	-22818.694749	-32670.159062	-19800.225771	-42560.224838	-34103.956414	-40389.982210	-15784.109030	-30851.241154	-32568.704494	-38493.414342	-22290.545379	-28180.699430	-41070.235201	-36675.502262	-187500.022352	-0.084562	0.914750	-0.362500	192.000000	126.500000	32.000000	14.000000	64.000000	122.000000	80.000000	0.000000	0.000000	0.000000	1741901916.785624	0.000000
108.000000	-34637.537257	-22846.835595	-32690.543853	-19813.279189	-42587.046932	-34139.674501	-40427.399031	-15824.722150	-30836.846630	-32560.344942	-38482.149062	-22280.330632	-28169.232985	-41063.373216	-36661.778290	-187500.022352	-0.084562	0.914750	-0.362500	192.000000	0.000000	0.000000	0.000000	0.000000	0.000000	0.000000	0.000000	0.000000	0.000000	1741901916.787924	0.000000
110.000000	-34630.205885	-22833.513955	-32688.465141	-19818.733015	-42582.978914	-34132.007853	-40420.492342	-15810.774661	-30876.252756	-32602.053297	-38516.570749	-22317.970969	-28209.466125	-41107.026173	-36701.072657	-187500.022352	-0.084562	0.914750	-0.362500	192.000000	0.000000	0.000000	0.000000	0.000000	0.000000	0.000000	0.000000	0.000000	0.000000	1741901916.789944	0.000000
112.000000	-34616.727783	-22829.691807	-32680.776141	-19811.558105	-42576.631019	-34133.885400	-40424.090972	-15818.933048	-30831.728081	-32563.653000	-38473.633048	-22277.559015	-28166.148444	-41068.961152	-36672.305962	-187500.022352	-0.084562	0.914750	-0.362500	192.000000	0.000000	0.000000	0.000000	0.000000	0.000000	0.000000	0.000000	0.000000	0.000000	1741901916.791989	0.000000
114.000000	-34632.977502	-22836.553793	-32701.250339	-19815.804936	-42595.026504	-34132.633702	-40429.276577	-15820.587077	-30858.930154	-32591.346811	-38501.818598	-22304.291702	-28198.312604	-41096.967888	-36685.806416	-187500.022352	-0.084562	0.914750	-0.362500	192.000000	0.000000	0.000000	0.000000	0.000000	0.000000	0.000000	0.000000	0.000000	0.000000	1741901916.793974	0.000000
116.000000	-34626.964882	-22839.057188	-32697.986984	-19824.991503	-42592.053722	-34148.123461	-40436.853819	-15831.025342	-30856.315000	-32585.982393	-38497.437656	-22298.368490	-28197.753811	-41091.245841	-36691.483759	-187500.022352	-0.085281	0.913375	-0.365250	192.000000	126.500000	40.000000	14.000000	64.000000	122.000000	64.000000	0.000000	0.000000	0.000000	1741901916.796029	0.000000
118.000000	-34624.908522	-22830.429415	-32696.556472	-19818.867125	-42586.979876	-34136.858182	-40428.226045	-15817.502536	-30864.048703	-32599.393439	-38507.473589	-22308.382071	-28207.834447	-41105.841530	-36692.668401	-187500.022352	-0.085281	0.913375	-0.365250	192.000000	0.000000	0.000000	0.000000	0.000000	0.000000	0.000000	0.000000	0.000000	0.000000	1741901916.798203	0.000000
120.000000	-34578.059265	-22793.146705	-32649.260181	-19798.303520	-42539.884751	-34108.225597	-40387.769388	-15781.248007	-30830.610493	-32563.563593	-38470.794376	-22274.049792	-28169.300040	-41070.682236	-36668.081482	-187500.022352	-0.085281	0.913375	-0.365250	192.000000	0.000000	0.000000	0.000000	0.000000	0.000000	0.000000	0.000000	0.000000	0.000000	1741901916.842505	0.000000
122.000000	-34582.775483	-22793.794905	-32653.171736	-19780.355070	-42543.841010	-34096.625042	-40385.198937	-15778.007004	-30807.856418	-32553.997046	-38454.343492	-22261.666925	-28152.357418	-41061.383910	-36637.079613	-187500.022352	-0.085281	0.913375	-0.365250	192.000000	0.000000	0.000000	0.000000	0.000000	0.000000	0.000000	0.000000	0.000000	0.000000	1741901916.844636	0.000000
124.000000	-34591.582071	-22809.307016	-32662.559469	-19795.800125	-42553.541667	-34116.026356	-40406.656612	-15801.878667	-30808.012880	-32547.783261	-38450.029606	-22259.252937	-28152.715046	-41053.806669	-36641.885238	-187500.022352	-0.085281	0.913375	-0.365250	192.000000	0.000000	0.000000	0.000000	0.000000	0.000000	0.000000	0.000000	0.000000	0.000000	1741901916.846659	0.000000
126.000000	-34623.701528	-22834.318618	-32699.305737	-19819.202402	-42585.236440	-34139.003949	-40428.606025	-15824.789205	-30842.859249	-32585.848282	-38489.972173	-22295.462763	-28187.784933	-41096.923184	-36663.320561	-187500.022352	-0.084641	0.914688	-0.366625	192.000000	126.500000	48.000000	14.000000	80.000000	122.000000	64.000000	0.000000	0.000000	0.000000	1741901916.848694	0.000000
128.000000	-34605.015469	-22819.342949	-32680.127940	-19817.190745	-42570.238420	-34123.491838	-40415.440847	-15809.791185	-30843.507450	-32581.735561	-38483.043132	-22291.081821	-28187.449656	-41086.596678	-36685.448788	-187500.022352	-0.084641	0.914688	-0.366625	192.000000	0.000000	0.000000	0.000000	0.000000	0.000000	0.000000	0.000000	0.000000	0.000000	1741901916.850893	0.000000
130.000000	-34620.974615	-22831.167022	-32699.506903	-19818.397739	-42589.930307	-34133.930103	-40432.092897	-15822.889307	-30844.446223	-32589.111637	-38490.262746	-22295.641577	-28193.529331	-41098.443103	-36672.596535	-187500.022352	-0.084641	0.914688	-0.366625	192.000000	0.000000	0.000000	0.000000	0.000000	0.000000	0.000000	0.000000	0.000000	0.000000	1741901916.852983	0.000000
132.000000	-34590.062152	-22801.618016	-32672.662458	-19801.723337	-42561.610646	-34109.767867	-40409.472932	-15797.453022	-30833.180944	-32570.492634	-38468.983885	-22275.100324	-28178.911290	-41073.811480	-36682.163081	-187500.022352	-0.084641	0.914688	-0.366625	192.000000	0.000000	0.000000	0.000000	0.000000	0.000000	0.000000	0.000000	0.000000	0.000000	1741901916.855018	0.000000
134.000000	-34604.389620	-22817.666568	-32690.789722	-19811.513401	-42577.167461	-34127.828077	-40421.520522	-15815.401472	-30836.109023	-32580.863843	-38484.808920	-22286.522065	-28188.947223	-41089.524757	-36667.835613	-187500.022352	-0.084641	0.914688	-0.366625	192.000000	0.000000	0.000000	0.000000	0.000000	0.000000	0.000000	0.000000	0.000000	0.000000	1741901916.901756	0.000000
136.000000	-34570.616134	-22786.195312	-32655.473966	-19784.266625	-42542.276387	-34092.042934	-40381.667361	-15776.844713	-30809.152819	-32553.505308	-38448.509687	-22254.290849	-28155.576069	-41056.690044	-36660.437186	-187500.022352	-0.082320	0.915344	-0.369312	192.000000	126.500000	64.000000	14.000000	80.000000	122.000000	48.000000	0.000000	0.000000	0.000000	1741901916.903857	0.000000
138.000000	-34612.927987	-22831.859926	-32701.451504	-19816.922524	-42588.946830	-34140.970903	-40432.942263	-15828.074912	-30828.464726	-32583.300183	-38479.086873	-22284.331594	-28182.599328	-41092.631649	-36658.581991	-187500.022352	-0.082320	0.915344	-0.369312	192.000000	0.000000	0.000000	0.000000	0.000000	0.000000	0.000000	0.000000	0.000000	0.000000	1741901916.906072	0.000000
140.000000	-34584.720085	-22802.802658	-32674.987039	-19805.903114	-42564.248152	-34117.210998	-40411.909272	-15802.437461	-30828.420023	-32578.494558	-38469.877955	-22278.833065	-28179.492435	-41084.070931	-36681.514881	-187500.022352	-0.082320	0.915344	-0.369312	192.000000	0.000000	0.000000	0.000000	0.000000	0.000000	0.000000	0.000000	0.000000	0.000000	1741901916.908115	0.000000
142.000000	-34608.792914	-22831.837574	-32697.539949	-19820.565858	-42586.376379	-34148.861068	-40428.427211	-15829.125444	-30822.474459	-32587.792884	-38472.940144	-22285.248016	-28178.710124	-41096.722018	-36664.527555	-187500.022352	-0.082320	0.915344	-0.369312	192.000000	0.000000	0.000000	0.000000	0.000000	0.000000	0.000000	0.000000	0.000000	0.000000	1741901916.910165	0.000000
144.000000	-34586.955260	-22807.161249	-32670.114359	-19805.500782	-42559.509582	-34125.302330	-40406.611908	-15801.543391	-30833.896200	-32591.615032	-38474.683580	-22289.651309	-28182.420514	-41099.493635	-36686.745189	-187500.022352	-0.082320	0.915344	-0.369312	192.000000	0.000000	0.000000	0.000000	0.000000	0.000000	0.000000	0.000000	0.000000	0.000000	1741901916.912162	0.000000
146.000000	-34615.073754	-22841.180604	-32696.556472	-19825.595000	-42585.012923	-34159.522850	-40433.210484	-15836.322705	-30822.899142	-32591.547977	-38473.208365	-22287.505542	-28175.357363	-41100.700629	-36665.198107	-187500.022352	-0.082160	0.915672	-0.368656	192.000000	126.500000	56.000000	14.000000	80.000000	122.000000	64.000000	0.000000	0.000000	0.000000	1741901916.914163	0.000000
148.000000	-34605.104876	-22824.752071	-32688.442789	-19827.226678	-42569.456109	-34142.870801	-40416.960766	-15818.016627	-30843.015712	-32609.116448	-38484.674810	-22303.665853	-28193.529331	-41115.698649	-36686.633430	-187500.022352	-0.082160	0.915672	-0.368656	192.000000	0.000000	0.000000	0.000000	0.000000	0.000000	0.000000	0.000000	0.000000	0.000000	1741901916.916360	0.000000
150.000000	-34606.669498	-22833.715121	-32695.371830	-19832.591096	-42579.693208	-34158.718188	-40434.462182	-15838.110845	-30829.895238	-32601.472151	-38477.790472	-22297.340309	-28185.192130	-41111.742391	-36667.768558	-187500.022352	-0.082160	0.915672	-0.368656	192.000000	0.000000	0.000000	0.000000	0.000000	0.000000	0.000000	0.000000	0.000000	0.000000	1741901916.961530	0.000000
152.000000	-34607.831789	-22825.422624	-32699.909234	-19824.499765	-42585.772882	-34144.010740	-40434.551589	-15829.348961	-30836.176078	-32601.472151	-38481.277344	-22298.927283	-28191.495322	-41109.283699	-36687.907480	-187500.022352	-0.082160	0.915672	-0.368656	192.000000	0.000000	0.000000	0.000000	0.000000	0.000000	0.000000	0.000000	0.000000	0.000000	1741901916.963737	0.000000
154.000000	-34617.152466	-22845.963877	-32712.180342	-19838.514309	-42601.106179	-34170.117577	-40460.524316	-15857.042772	-30834.097366	-32603.550864	-38486.038266	-22301.698899	-28192.232930	-41110.758914	-36692.511939	-187500.022352	-0.082160	0.915672	-0.368656	192.000000	0.000000	0.000000	0.000000	0.000000	0.000000	0.000000	0.000000	0.000000	0.000000	1741901916.965777	0.000000
156.000000	-34610.089315	-22828.194240	-32699.238682	-19823.896268	-42584.699998	-34143.653112	-40431.131772	-15825.817385	-30848.715407	-32613.050355	-38496.275365	-22313.299455	-28207.543875	-41122.784152	-36704.179550	-187500.022352	-0.082080	0.916836	-0.367328	192.000000	126.500000	56.000000	14.000000	88.000000	122.000000	72.000000	0.000000	0.000000	0.000000	1741901916.967832	0.000000
158.000000	-34586.150597	-22818.158307	-32672.103664	-19807.333625	-42556.849725	-34132.812516	-40405.851949	-15806.974865	-30815.277197	-32583.076666	-38461.764271	-22281.090591	-28169.031819	-41088.474225	-36666.583916	-187500.022352	-0.082080	0.916836	-0.367328	192.000000	0.000000	0.000000	0.000000	0.000000	0.000000	0.000000	0.000000	0.000000	0.000000	1741901916.970058	0.000000
160.000000	-34582.797835	-22806.647158	-32666.448673	-19790.614520	-42547.618454	-34109.723164	-40384.953068	-15782.678519	-30813.757278	-32581.869672	-38459.037359	-22278.989527	-28167.154272	-41089.100073	-36657.374997	-187500.022352	-0.082080	0.916836	-0.367328	192.000000	0.000000	0.000000	0.000000	0.000000	0.000000	0.000000	0.000000	0.000000	0.000000	1741901916.972097	0.000000
162.000000	-34601.014507	-22836.933772	-32691.907310	-19819.694140	-42577.010998	-34150.090414	-40435.311548	-15831.874708	-30809.286929	-32583.478997	-38459.216173	-22281.179998	-28162.326296	-41092.341076	-36660.683055	-187500.022352	-0.082080	0.916836	-0.367328	192.000000	0.000000	0.000000	0.000000	0.000000	0.000000	0.000000	0.000000	0.000000	0.000000	1741901916.974137	0.000000
164.000000	-34607.585920	-22833.089272	-32696.422362	-19826.801995	-42581.458996	-34153.398472	-40424.672118	-15826.554993	-30838.634770	-32616.559579	-38488.832234	-22310.684301	-28195.473933	-41126.405135	-36688.868605	-187500.022352	-0.082080	0.916836	-0.367328	192.000000	0.000000	0.000000	0.000000	0.000000	0.000000	0.000000	0.000000	0.000000	0.000000	1741901917.021775	0.000000
166.000000	-34572.940716	-22810.379900	-32660.190184	-19815.737881	-42549.093670	-34146.111804	-40404.980231	-15810.864068	-30810.896255	-32590.251576	-38455.237562	-22281.671736	-28165.880223	-41102.444065	-36671.300134	-187500.022352	-0.081040	0.919418	-0.367664	192.000000	126.500000	64.000000	14.000000	104.000000	122.000000	64.000000	0.000000	0.000000	0.000000	1741901917.023884	0.000000
168.000000	-34596.767675	-22824.595609	-32683.525405	-19813.525058	-42573.278257	-34151.744443	-40422.012260	-15823.693970	-30810.069240	-32594.409000	-38456.757481	-22282.923434	-28169.925889	-41108.903719	-36660.504241	-187500.022352	-0.081040	0.919418	-0.367664	192.000000	0.000000	0.000000	0.000000	0.000000	0.000000	0.000000	0.000000	0.000000	0.000000	1741901917.026072	0.000000
170.000000	-34582.261393	-22814.872600	-32674.070617	-19817.503669	-42565.209277	-34154.449004	-40416.446676	-15823.358694	-30813.220836	-32587.614070	-38451.996559	-22276.329670	-28171.557566	-41100.834739	-36675.390503	-187500.022352	-0.081040	0.919418	-0.367664	192.000000	0.000000	0.000000	0.000000	0.000000	0.000000	0.000000	0.000000	0.000000	0.000000	1741901917.028092	0.000000
172.000000	-34593.124341	-22820.505240	-32689.493321	-19816.229620	-42579.268525	-34147.117632	-40423.599234	-15823.805728	-30815.210142	-32590.966832	-38461.093719	-22281.068239	-28177.637241	-41107.562614	-36671.747169	-187500.022352	-0.081040	0.919418	-0.367664	192.000000	0.000000	0.000000	0.000000	0.000000	0.000000	0.000000	0.000000	0.000000	0.000000	1741901917.030222	0.000000
174.000000	-34601.975632	-22836.933772	-32700.244510	-19832.389931	-42589.572679	-34156.483013	-40440.295987	-15837.887327	-30825.961331	-32598.275852	-38468.559202	-22286.522065	-28184.320412	-41107.987298	-36692.556643	-187500.022352	-0.081040	0.919418	-0.367664	192.000000	0.000000	0.000000	0.000000	0.000000	0.000000	0.000000	0.000000	0.000000	0.000000	1741901917.032261	0.000000
176.000000	-34590.173911	-22820.169964	-32688.062809	-19821.549335	-42574.976990	-34139.473336	-40419.955900	-15815.312066	-30839.662950	-32614.771439	-38489.458083	-22303.129411	-28202.514732	-41125.309899	-36694.724762	-187500.022352	-0.081520	0.919709	-0.361832	192.000000	126.500000	56.000000	14.000000	96.000000	122.000000	112.000000	0.000000	0.000000	0.000000	1741901917.034275	0.000000
178.000000	-34573.521861	-22810.737528	-32673.601231	-19801.499820	-42563.376434	-34128.968016	-40413.384487	-15810.685254	-30803.855455	-32572.928974	-38444.486373	-22258.090646	-28162.147482	-41079.712341	-36672.395369	-187500.022352	-0.081520	0.919709	-0.361832	192.000000	0.000000	0.000000	0.000000	0.000000	0.000000	0.000000	0.000000	0.000000	0.000000	1741901917.036451	0.000000
180.000000	-34595.515978	-22830.094138	-32696.020031	-19812.161602	-42585.929344	-34149.531621	-40435.468010	-15830.533603	-30823.592046	-32598.052335	-38472.001370	-22285.203312	-28187.807284	-41111.831798	-36675.524613	-187500.022352	-0.081520	0.919709	-0.361832	192.000000	0.000000	0.000000	0.000000	0.000000	0.000000	0.000000	0.000000	0.000000	0.000000	1741901917.082181	0.000000
182.000000	-34583.066056	-22820.058205	-32681.446693	-19807.959474	-42570.953676	-34136.433498	-40421.766391	-15816.899039	-30818.093517	-32584.060143	-38457.070405	-22271.680507	-28177.369020	-41093.883347	-36683.280669	-187500.022352	-0.081520	0.919709	-0.361832	192.000000	0.000000	0.000000	0.000000	0.000000	0.000000	0.000000	0.000000	0.000000	0.000000	1741901917.084297	0.000000
184.000000	-34598.287594	-22834.586839	-32693.159007	-19818.353035	-42577.592144	-34151.185650	-40426.750830	-15829.728941	-30823.904970	-32602.947367	-38474.303600	-22290.031289	-28188.388430	-41112.904681	-36671.903631	-187500.022352	-0.081520	0.919709	-0.361832	192.000000	0.000000	0.000000	0.000000	0.000000	0.000000	0.000000	0.000000	0.000000	0.000000	1741901917.086378	0.000000
186.000000	-34570.034989	-22803.674376	-32661.464234	-19805.076099	-42540.667062	-34123.804763	-40394.564318	-15796.894228	-30816.171267	-32591.033887	-38457.383330	-22276.061449	-28172.094008	-41093.950402	-36675.591669	-187500.022352	-0.082760	0.920854	-0.358916	192.000000	126.500000	48.000000	14.000000	104.000000	122.000000	112.000000	0.000000	0.000000	0.000000	1741901917.088412	0.000000
188.000000	-34586.977611	-22822.963932	-32680.753789	-19803.109146	-42560.448356	-34143.206077	-40412.758638	-15816.116728	-30796.859359	-32579.612145	-38448.464984	-22265.690239	-28155.330200	-41086.641382	-36643.472212	-187500.022352	-0.082760	0.920854	-0.358916	192.000000	0.000000	0.000000	0.000000	0.000000	0.000000	0.000000	0.000000	0.000000	0.000000	1741901917.090628	0.000000
190.000000	-34578.394542	-22807.317711	-32671.366056	-19798.996425	-42550.792402	-34123.961225	-40399.235833	-15797.341263	-30809.711612	-32579.679201	-38452.287132	-22270.115885	-28161.499281	-41083.534489	-36667.165061	-187500.022352	-0.082760	0.920854	-0.358916	192.000000	0.000000	0.000000	0.000000	0.000000	0.000000	0.000000	0.000000	0.000000	0.000000	1741901917.092677	0.000000
192.000000	-34584.831844	-22816.169002	-32675.434074	-19803.913808	-42563.711710	-34135.271208	-40408.757676	-15809.567667	-30804.883636	-32580.461512	-38460.154946	-22273.625108	-28159.219403	-41085.926126	-36650.758880	-187500.022352	-0.082760	0.920854	-0.358916	192.000000	0.000000	0.000000	0.000000	0.000000	0.000000	0.000000	0.000000	0.000000	0.000000	1741901917.094738	0.000000
194.000000	-34615.677251	-22840.554755	-32704.916025	-19827.651361	-42598.602784	-34151.252705	-40436.295025	-15834.109883	-30826.989511	-32592.978489	-38480.249164	-22291.908835	-28178.106627	-41100.477111	-36682.811282	-187500.022352	-0.082760	0.920854	-0.358916	192.000000	0.000000	0.000000	0.000000	0.000000	0.000000	0.000000	0.000000	0.000000	0.000000	1741901917.142415	0.000000
196.000000	-34614.157333	-22844.846290	-32701.831484	-19837.821405	-42605.017734	-34160.640438	-40445.593351	-15840.368371	-30826.386014	-32601.516855	-38493.593156	-22301.631844	-28181.258223	-41110.982431	-36687.303983	-187500.022352	-0.082380	0.920427	-0.360458	192.000000	126.500000	56.000000	14.000000	96.000000	122.000000	88.000000	0.000000	0.000000	0.000000	1741901917.144570	0.000000
198.000000	-34603.428495	-22824.908534	-32686.051152	-19828.523079	-42592.858385	-34142.490821	-40428.829542	-15820.475318	-30835.885505	-32605.495465	-38500.723362	-22307.577408	-28188.924872	-41115.430428	-36700.335050	-187500.022352	-0.082380	0.920427	-0.360458	192.000000	0.000000	0.000000	0.000000	0.000000	0.000000	0.000000	0.000000	0.000000	0.000000	1741901917.146782	0.000000
200.000000	-34617.934777	-22843.304019	-32692.108475	-19829.931239	-42607.498778	-34162.026246	-40449.370795	-15843.274098	-30809.175171	-32583.590756	-38482.774911	-22286.611472	-28160.582860	-41094.688010	-36664.862831	-187500.022352	-0.082380	0.920427	-0.360458	192.000000	0.000000	0.000000	0.000000	0.000000	0.000000	0.000000	0.000000	0.000000	0.000000	1741901917.148839	0.000000
202.000000	-34611.497475	-22825.668493	-32685.805283	-19835.027437	-42602.447284	-34150.962132	-40439.267807	-15827.180842	-30850.660008	-32618.638291	-38519.051793	-22321.480193	-28199.094915	-41129.467324	-36708.672250	-187500.022352	-0.082380	0.920427	-0.360458	192.000000	0.000000	0.000000	0.000000	0.000000	0.000000	0.000000	0.000000	0.000000	0.000000	1741901917.150876	0.000000
204.000000	-34596.186530	-22820.035853	-32669.108530	-19824.052730	-42591.964315	-34149.397510	-40432.986967	-15829.974810	-30806.671775	-32581.869672	-38478.393969	-22282.632861	-28160.180528	-41088.831853	-36673.110625	-187500.022352	-0.082380	0.920427	-0.360458	192.000000	0.000000	0.000000	0.000000	0.000000	0.000000	0.000000	0.000000	0.000000	0.000000	1741901917.152927	0.000000
206.000000	-34595.113646	-22807.742394	-32661.598344	-19808.562971	-42587.538670	-34125.458792	-40422.191074	-15811.221696	-30806.492961	-32578.583965	-38476.292905	-22283.325766	-28160.024066	-41086.820196	-36676.329276	-187500.022352	-0.083190	0.918214	-0.361229	192.000000	126.500000	48.000000	14.000000	80.000000	122.000000	88.000000	0.000000	0.000000	0.000000	1741901917.154985	0.000000
208.000000	-34602.400315	-22820.840516	-32669.689676	-19823.940971	-42598.848653	-34153.420824	-40440.944188	-15835.540394	-30807.185865	-32580.953250	-38478.349266	-22287.237321	-28160.225232	-41088.295411	-36674.339971	-187500.022352	-0.083190	0.918214	-0.361229	192.000000	0.000000	0.000000	0.000000	0.000000	0.000000	0.000000	0.000000	0.000000	0.000000	1741901917.157130	0.000000
210.000000	-34577.366361	-22785.502408	-32648.857850	-19805.500782	-42576.452205	-34120.519056	-40414.814998	-15803.599751	-30801.083839	-32573.890099	-38470.168527	-22282.655213	-28154.391426	-41083.847414	-36674.071750	-187500.022352	-0.083190	0.918214	-0.361229	192.000000	0.000000	0.000000	0.000000	0.000000	0.000000	0.000000	0.000000	0.000000	0.000000	1741901917.202877	0.000000
212.000000	-34571.018466	-22789.436315	-32645.415681	-19813.323893	-42575.044045	-34132.477240	-40421.140542	-15810.752310	-30785.884653	-32557.886250	-38455.371673	-22267.545434	-28141.114490	-41068.245896	-36660.124261	-187500.022352	-0.083190	0.918214	-0.361229	192.000000	0.000000	0.000000	0.000000	0.000000	0.000000	0.000000	0.000000	0.000000	0.000000	1741901917.205019	0.000000
214.000000	-34610.111667	-22823.880353	-32677.468083	-19825.684407	-42606.045914	-34146.290618	-40440.653615	-15831.539432	-30809.979833	-32584.440122	-38484.965382	-22296.870923	-28167.713066	-41096.632611	-36674.228212	-187500.022352	-0.083190	0.918214	-0.361229	192.000000	0.000000	0.000000	0.000000	0.000000	0.000000	0.000000	0.000000	0.000000	0.000000	1741901917.207146	0.000000
216.000000	-34598.980498	-22819.410005	-32666.068693	-19834.714512	-42594.691228	-34151.766795	-40438.127868	-15831.718246	-30810.248054	-32585.490654	-38485.702990	-22298.122620	-28164.270897	-41093.682181	-36681.425474	-187500.022352	-0.082595	0.916107	-0.361615	192.000000	126.500000	56.000000	14.000000	72.000000	122.000000	88.000000	0.000000	0.000000	0.000000	1741901917.209191	0.000000
218.000000	-34619.119420	-22832.172851	-32687.347554	-19837.910812	-42614.271356	-34155.387778	-40451.605970	-15843.251746	-30817.624130	-32602.634442	-38500.768066	-22312.383033	-28174.820921	-41110.624803	-36681.447826	-187500.022352	-0.082595	0.916107	-0.361615	192.000000	0.000000	0.000000	0.000000	0.000000	0.000000	0.000000	0.000000	0.000000	0.000000	1741901917.211409	0.000000
220.000000	-34599.226367	-22818.448880	-32671.097835	-19839.095454	-42598.938060	-34153.107900	-40440.497153	-15835.786263	-30816.819467	-32589.133989	-38492.766141	-22301.587141	-28170.507034	-41100.275946	-36698.591614	-187500.022352	-0.082595	0.916107	-0.361615	192.000000	0.000000	0.000000	0.000000	0.000000	0.000000	0.000000	0.000000	0.000000	0.000000	1741901917.213428	0.000000
222.000000	-34619.655862	-22835.324447	-32685.224138	-19837.530832	-42614.181949	-34151.230353	-40446.777993	-15838.468473	-30819.166400	-32598.991108	-38502.802074	-22309.522010	-28177.190206	-41109.373106	-36688.510977	-187500.022352	-0.082595	0.916107	-0.361615	192.000000	0.000000	0.000000	0.000000	0.000000	0.000000	0.000000	0.000000	0.000000	0.000000	1741901917.215489	0.000000
224.000000	-34606.267167	-22827.099005	-32668.393274	-19828.500727	-42595.205318	-34139.361577	-40433.121077	-15824.342170	-30811.030365	-32586.317669	-38484.540699	-22292.288815	-28162.974496	-41090.061198	-36689.516805	-187500.022352	-0.082595	0.916107	-0.361615	192.000000	0.000000	0.000000	0.000000	0.000000	0.000000	0.000000	0.000000	0.000000	0.000000	1741901917.217549	0.000000
226.000000	-34619.722917	-22837.045531	-32677.490434	-19830.311219	-42606.649412	-34145.396548	-40445.861572	-15832.142929	-30823.793211	-32604.579044	-38503.785551	-22307.577408	-28176.787874	-41109.082533	-36683.526538	-187500.022352	-0.084298	0.914053	-0.363807	192.000000	126.500000	40.000000	14.000000	64.000000	122.000000	72.000000	0.000000	0.000000	0.000000	1741901917.263244	0.000000
228.000000	-34599.516940	-22821.667531	-32654.892821	-19821.929314	-42584.588240	-34132.767812	-40419.888844	-15814.261534	-30813.198485	-32585.915337	-38481.165586	-22288.287853	-28160.225232	-41087.982486	-36682.990096	-187500.022352	-0.084298	0.914053	-0.363807	192.000000	0.000000	0.000000	0.000000	0.000000	0.000000	0.000000	0.000000	0.000000	0.000000	1741901917.266627	0.000000
230.000000	-34606.535388	-22826.450804	-32659.609039	-19819.090643	-42584.364722	-34132.991330	-40422.079315	-15815.289714	-30809.108115	-32593.112599	-38485.457121	-22294.009899	-28159.733493	-41096.565556	-36662.158270	-187500.022352	-0.084298	0.914053	-0.363807	192.000000	0.000000	0.000000	0.000000	0.000000	0.000000	0.000000	0.000000	0.000000	0.000000	1741901917.269622	0.000000
232.000000	-34607.585920	-22826.271990	-32657.820899	-19818.576553	-42579.045007	-34125.347033	-40414.636185	-15807.578362	-30813.556112	-32589.871596	-38483.043132	-22294.121658	-28158.325333	-41087.490748	-36671.635410	-187500.022352	-0.084298	0.914053	-0.363807	192.000000	0.000000	0.000000	0.000000	0.000000	0.000000	0.000000	0.000000	0.000000	0.000000	1741901917.272668	0.000000
234.000000	-34630.742327	-22848.690790	-32683.056019	-19833.351056	-42603.028429	-34148.414033	-40439.044289	-15830.600659	-30821.446278	-32603.260291	-38499.337554	-22305.699862	-28170.574089	-41101.751161	-36661.532421	-187500.022352	-0.084298	0.914053	-0.363807	192.000000	0.000000	0.000000	0.000000	0.000000	0.000000	0.000000	0.000000	0.000000	0.000000	1741901917.275663	0.000000
236.000000	-34600.053382	-22815.006711	-32654.088158	-19818.889477	-42574.574658	-34127.783373	-40411.037554	-15805.209077	-30822.966197	-32594.632518	-38491.760313	-22298.793173	-28168.361267	-41093.257498	-36678.810320	-187500.022352	-0.086149	0.914027	-0.361904	192.000000	126.500000	32.000000	14.000000	72.000000	122.000000	96.000000	0.000000	0.000000	0.000000	1741901917.278810	0.000000
238.000000	-34595.963013	-22815.207877	-32654.535193	-19812.318064	-42576.541612	-34130.689100	-40411.931623	-15808.852411	-30796.904063	-32577.466378	-38476.181147	-22281.336460	-28148.915249	-41080.785225	-36643.718081	-187500.022352	-0.086149	0.914027	-0.361904	192.000000	0.000000	0.000000	0.000000	0.000000	0.000000	0.000000	0.000000	0.000000	0.000000	1741901917.281112	0.000000
240.000000	-34615.856065	-22830.921153	-32676.350495	-19824.857393	-42597.373438	-34142.915504	-40432.674042	-15823.381045	-30814.539589	-32586.742352	-38483.624278	-22290.523027	-28162.661572	-41088.004838	-36670.741340	-187500.022352	-0.086149	0.914027	-0.361904	192.000000	0.000000	0.000000	0.000000	0.000000	0.000000	0.000000	0.000000	0.000000	0.000000	1741901917.323469	0.000000
242.000000	-34610.290481	-22829.222420	-32670.471987	-19827.070216	-42591.092597	-34149.755138	-40433.881037	-15826.286772	-30816.528894	-32593.157303	-38492.877900	-22300.022519	-28166.193147	-41098.174882	-36668.170889	-187500.022352	-0.086149	0.914027	-0.361904	192.000000	0.000000	0.000000	0.000000	0.000000	0.000000	0.000000	0.000000	0.000000	0.000000	1741901917.325524	0.000000
244.000000	-34581.970821	-22794.308996	-32642.979341	-19802.796221	-42564.628132	-34111.712469	-40403.214443	-15790.993368	-30809.041060	-32575.119445	-38476.225850	-22284.063373	-28153.832633	-41077.745387	-36670.450767	-187500.022352	-0.086149	0.914027	-0.361904	192.000000	0.000000	0.000000	0.000000	0.000000	0.000000	0.000000	0.000000	0.000000	0.000000	1741901917.327596	0.000000
246.000000	-34604.188455	-22823.992112	-32662.403007	-19815.581419	-42586.868118	-34144.569533	-40433.232836	-15828.141967	-30792.076086	-32565.910526	-38466.592248	-22271.412286	-28140.890973	-41071.062216	-36642.488735	-187500.022352	-0.088074	0.913013	-0.363952	192.000000	126.500000	24.000000	14.000000	64.000000	122.000000	72.000000	0.000000	0.000000	0.000000	1741901917.329666	0.000000
248.000000	-34608.681155	-22823.545077	-32666.672190	-19825.483242	-42592.321943	-34144.994217	-40431.757621	-15826.376179	-30825.715461	-32601.561558	-38494.934260	-22304.179943	-28175.916156	-41104.768646	-36684.286497	-187500.022352	-0.088074	0.913013	-0.363952	192.000000	0.000000	0.000000	0.000000	0.000000	0.000000	0.000000	0.000000	0.000000	0.000000	1741901917.331880	0.000000
250.000000	-34587.648164	-22811.341025	-32646.980303	-19817.078986	-42571.758338	-34141.149717	-40418.368926	-15817.301371	-30799.988604	-32579.790959	-38470.615562	-22282.744620	-28150.211650	-41084.339152	-36656.503279	-187500.022352	-0.088074	0.913013	-0.363952	192.000000	0.000000	0.000000	0.000000	0.000000	0.000000	0.000000	0.000000	0.000000	0.000000	1741901917.333931	0.000000
252.000000	-34558.009751	-22772.046658	-32621.991053	-19783.372555	-42539.884751	-34095.909786	-40384.595440	-15774.743649	-30792.120790	-32566.268154	-38457.539792	-22269.020649	-28142.008560	-41068.938800	-36651.965875	-187500.022352	-0.088074	0.913013	-0.363952	192.000000	0.000000	0.000000	0.000000	0.000000	0.000000	0.000000	0.000000	0.000000	0.000000	1741901917.335956	0.000000
254.000000	-34580.763826	-22803.272045	-32645.549792	-19795.911884	-42560.426004	-34127.492801	-40414.077391	-15810.394682	-30768.271478	-32542.150622	-38436.931483	-22247.160643	-28117.578103	-41045.290654	-36623.690918	-187500.022352	-0.088074	0.913013	-0.363952	192.000000	0.000000	0.000000	0.000000	0.000000	0.000000	0.000000	0.000000	0.000000	0.000000	1741901917.337993	0.000000
0.000000	-34575.242946	-22788.564597	-32641.325312	-19795.196628	-42551.954693	-34108.516170	-40396.486568	-15789.965187	-30804.995394	-32579.835663	-38472.426054	-22286.924396	-28154.793758	-41081.567536	-36662.650009	-187500.022352	-0.090037	0.914507	-0.363976	192.000000	126.500000	16.000000	14.000000	80.000000	122.000000	80.000000	0.000000	0.000000	0.000000	1741901917.383880	0.000000
2.000000	-34598.175835	-22820.818164	-32661.240716	-19810.217000	-42574.038216	-34138.556914	-40424.761525	-15818.865993	-30794.981813	-32567.341038	-38462.948914	-22274.943861	-28145.338970	-41070.637533	-36649.395424	-187500.022352	-0.090037	0.914507	-0.363976	192.000000	0.000000	0.000000	0.000000	0.000000	0.000000	0.000000	0.000000	0.000000	0.000000	1741901917.386273	0.000000
4.000000	-34594.443094	-22812.056281	-32657.351513	-19797.252988	-42569.679626	-34115.780487	-40413.608004	-15806.058443	-30805.218912	-32574.694762	-38471.040245	-22283.370469	-28152.268011	-41076.158413	-36657.464404	-187500.022352	-0.090037	0.914507	-0.363976	192.000000	0.000000	0.000000	0.000000	0.000000	0.000000	0.000000	0.000000	0.000000	0.000000	1741901917.388286	0.000000
6.000000	-34605.909539	-22833.446900	-32668.572088	-19821.526983	-42578.039179	-34142.356711	-40429.924778	-15826.666752	-30821.803906	-32591.950308	-38489.860414	-22301.676548	-28167.221328	-41092.028152	-36669.847270	-187500.022352	-0.090037	0.914507	-0.363976	192.000000	0.000000	0.000000	0.000000	0.000000	0.000000	0.000000	0.000000	0.000000	0.000000	1741901917.390259	0.000000
8.000000	-34609.061135	-22826.473156	-32666.471024	-19816.922524	-42577.994475	-34126.889304	-40419.330051	-15812.495746	-30831.593970	-32599.505198	-38501.237452	-22310.103155	-28176.251432	-41102.287603	-36672.060093	-187500.022352	-0.090037	0.914507	-0.363976	192.000000	0.000000	0.000000	0.000000	0.000000	0.000000	0.000000	0.000000	0.000000	0.000000	1741901917.392289	0.000000
10.000000	-34606.557740	-22833.782176	-32664.325257	-19814.888515	-42578.553269	-34139.361577	-40432.495228	-15823.157528	-30811.723269	-32578.829834	-38476.874051	-22284.421001	-28154.771406	-41079.578230	-36657.978494	-187500.022352	-0.086019	0.913253	-0.364988	192.000000	126.500000	56.000000	14.000000	64.000000	122.000000	72.000000	0.000000	0.000000	0.000000	1741901917.394271	0.000000
12.000000	-34582.060228	-22804.367281	-32643.672245	-19794.347262	-42556.156821	-34109.633757	-40397.537100	-15790.233408	-30813.287892	-32584.596584	-38481.746731	-22289.316033	-28157.677133	-41088.295411	-36655.877430	-187500.022352	-0.086019	0.913253	-0.364988	192.000000	0.000000	0.000000	0.000000	0.000000	0.000000	0.000000	0.000000	0.000000	0.000000	1741901917.396460	0.000000
14.000000	-34592.096161	-22820.706406	-32656.256277	-19807.221867	-42569.120833	-34133.706586	-40418.100705	-15815.624990	-30797.015822	-32568.257459	-38461.384292	-22269.624146	-28139.236944	-41068.670579	-36649.775404	-187500.022352	-0.086019	0.913253	-0.364988	192.000000	0.000000	0.000000	0.000000	0.000000	0.000000	0.000000	0.000000	0.000000	0.000000	1741901917.443363	0.000000
16.000000	-34596.544158	-22818.582990	-32659.206707	-19807.311273	-42571.937152	-34131.069080	-40418.905368	-15814.641513	-30812.572636	-32591.279756	-38484.227775	-22292.981719	-28159.062941	-41094.419789	-36656.279761	-187500.022352	-0.086019	0.913253	-0.364988	192.000000	0.000000	0.000000	0.000000	0.000000	0.000000	0.000000	0.000000	0.000000	0.000000	1741901917.445444	0.000000
18.000000	-34588.989268	-22816.034891	-32655.943353	-19810.418166	-42563.599952	-34133.103089	-40414.814998	-15810.640551	-30808.906950	-32581.556747	-38474.415359	-22284.778629	-28150.390464	-41082.439254	-36664.125224	-187500.022352	-0.086019	0.913253	-0.364988	192.000000	0.000000	0.000000	0.000000	0.000000	0.000000	0.000000	0.000000	0.000000	0.000000	1741901917.447501	0.000000
20.000000	-34599.628699	-22820.281723	-32669.264992	-19815.000274	-42577.547440	-34140.277998	-40427.823714	-15820.162394	-30809.398688	-32590.855073	-38485.166548	-22293.674623	-28156.246621	-41094.352733	-36657.263238	-187500.022352	-0.083009	0.913627	-0.365494	192.000000	126.500000	64.000000	14.000000	72.000000	122.000000	72.000000	0.000000	0.000000	0.000000	1741901917.449503	0.000000
22.000000	-34593.504321	-22818.650045	-32668.885013	-19820.565858	-42578.106234	-34143.787222	-40427.153161	-15820.117691	-30813.578464	-32585.669468	-38478.349266	-22288.913702	-28158.191223	-41089.792978	-36674.317619	-187500.022352	-0.083009	0.913627	-0.365494	192.000000	0.000000	0.000000	0.000000	0.000000	0.000000	0.000000	0.000000	0.000000	0.000000	1741901917.451748	0.000000
24.000000	-34580.607364	-22804.724908	-32654.915172	-19806.193686	-42564.225801	-34127.269283	-40411.149312	-15804.985560	-30803.073144	-32584.730695	-38474.303600	-22284.085725	-28153.542060	-41090.821158	-36656.704444	-187500.022352	-0.083009	0.913627	-0.365494	192.000000	0.000000	0.000000	0.000000	0.000000	0.000000	0.000000	0.000000	0.000000	0.000000	1741901917.453773	0.000000
26.000000	-34556.355722	-22781.076763	-32631.423489	-19783.327852	-42541.494076	-34101.721239	-40390.451597	-15784.578417	-30781.324897	-32551.694817	-38443.949931	-22254.871995	-28127.479926	-41056.667692	-36643.181639	-187500.022352	-0.083009	0.913627	-0.365494	192.000000	0.000000	0.000000	0.000000	0.000000	0.000000	0.000000	0.000000	0.000000	0.000000	1741901917.455810	0.000000
28.000000	-34597.102952	-22823.343912	-32672.528347	-19814.217963	-42581.280182	-34142.691987	-40429.522446	-15823.001066	-30802.246130	-32580.394456	-38475.532946	-22283.236359	-28153.743226	-41088.384818	-36646.780270	-187500.022352	-0.083009	0.913627	-0.365494	192.000000	0.000000	0.000000	0.000000	0.000000	0.000000	0.000000	0.000000	0.000000	0.000000	1741901917.457808	0.000000
30.000000	-34590.173911	-22809.061147	-32657.597382	-19803.958512	-42564.583428	-34125.078812	-40410.076429	-15804.873801	-30812.058546	-32579.723904	-38475.309429	-22286.164437	-28154.771406	-41084.428559	-36673.177680	-187500.022352	-0.082505	0.914813	-0.364747	192.000000	126.500000	56.000000	14.000000	80.000000	122.000000	80.000000	0.000000	0.000000	0.000000	1741901917.503015	0.000000
32.000000	-34605.127228	-22827.613095	-32671.880146	-19811.647512	-42583.314190	-34149.509269	-40435.378603	-15828.074912	-30817.735889	-32590.765666	-38488.832234	-22294.926321	-28165.097912	-41099.068951	-36658.649046	-187500.022352	-0.082505	0.914813	-0.364747	192.000000	0.000000	0.000000	0.000000	0.000000	0.000000	0.000000	0.000000	0.000000	0.000000	1741901917.505275	0.000000
34.000000	-34591.716181	-22809.597589	-32658.625562	-19798.057651	-42568.226763	-34127.403394	-40409.338821	-15807.377196	-30818.607607	-32583.143721	-38478.863356	-22286.186789	-28161.164005	-41088.317762	-36671.523651	-187500.022352	-0.082505	0.914813	-0.364747	192.000000	0.000000	0.000000	0.000000	0.000000	0.000000	0.000000	0.000000	0.000000	0.000000	1741901917.507322	0.000000
36.000000	-34601.550949	-22827.613095	-32672.349533	-19810.127593	-42584.901164	-34149.039882	-40436.697356	-15832.299391	-30812.818505	-32581.400285	-38480.316219	-22284.130428	-28159.621735	-41092.363428	-36658.134956	-187500.022352	-0.082505	0.914813	-0.364747	192.000000	0.000000	0.000000	0.000000	0.000000	0.000000	0.000000	0.000000	0.000000	0.000000	1741901917.509319	0.000000
38.000000	-34564.648219	-22783.311937	-32637.324350	-19788.424049	-42545.651501	-34106.057478	-40388.618754	-15785.204266	-30813.176133	-32575.745294	-38468.402740	-22277.201388	-28158.079464	-41082.327495	-36671.925982	-187500.022352	-0.082505	0.914813	-0.364747	192.000000	0.000000	0.000000	0.000000	0.000000	0.000000	0.000000	0.000000	0.000000	0.000000	1741901917.511345	0.000000
40.000000	-34581.836710	-22809.508182	-32659.117300	-19800.941026	-42565.768071	-34137.081699	-40422.369888	-15817.010798	-30793.573653	-32564.278849	-38455.148155	-22262.605698	-28141.203897	-41072.313913	-36643.785136	-187500.022352	-0.081252	0.915407	-0.364373	192.000000	126.500000	64.000000	14.000000	80.000000	122.000000	80.000000	0.000000	0.000000	0.000000	1741901917.513365	0.000000
42.000000	-34572.583088	-22792.900836	-32650.802451	-19791.732108	-42552.245266	-34113.142981	-40398.766446	-15791.172182	-30806.448258	-32574.717113	-38462.837155	-22274.027440	-28151.888031	-41079.399416	-36666.047474	-187500.022352	-0.081252	0.915407	-0.364373	192.000000	0.000000	0.000000	0.000000	0.000000	0.000000	0.000000	0.000000	0.000000	0.000000	1741901917.515575	0.000000
44.000000	-34598.689926	-22824.461499	-32670.494338	-19808.182992	-42574.127623	-34140.926199	-40429.947129	-15822.576382	-30801.597929	-32573.554823	-38464.222963	-22274.362716	-28148.736435	-41081.232259	-36655.519802	-187500.022352	-0.081252	0.915407	-0.364373	192.000000	0.000000	0.000000	0.000000	0.000000	0.000000	0.000000	0.000000	0.000000	0.000000	1741901917.563382	0.000000
46.000000	-34581.702600	-22798.444068	-32654.825765	-19797.901189	-42553.698129	-34115.624024	-40401.403952	-15792.066251	-30823.614397	-32591.078590	-38480.047998	-22290.232455	-28167.198976	-41095.470321	-36675.748131	-187500.022352	-0.081252	0.915407	-0.364373	192.000000	0.000000	0.000000	0.000000	0.000000	0.000000	0.000000	0.000000	0.000000	0.000000	1741901917.565485	0.000000
48.000000	-34589.458655	-22815.051414	-32662.626524	-19805.925465	-42562.839992	-34138.646321	-40420.134714	-15814.596810	-30799.049830	-32567.296334	-38459.283228	-22267.545434	-28143.103795	-41073.275038	-36645.483869	-187500.022352	-0.081252	0.915407	-0.364373	192.000000	0.000000	0.000000	0.000000	0.000000	0.000000	0.000000	0.000000	0.000000	0.000000	1741901917.567543	0.000000
50.000000	-34587.312888	-22807.541228	-32655.406911	-19797.811782	-42556.670911	-34120.452001	-40403.415609	-15799.263513	-30816.774764	-32585.244785	-38475.264725	-22288.936053	-28158.012409	-41091.312896	-36664.326389	-187500.022352	-0.084626	0.914703	-0.365187	192.000000	126.500000	32.000000	14.000000	72.000000	122.000000	72.000000	0.000000	0.000000	0.000000	1741901917.569526	0.000000
52.000000	-34558.657951	-22787.581120	-32623.220399	-19784.490142	-42524.640861	-34107.219768	-40382.516728	-15780.018661	-30789.505635	-32561.216660	-38448.844963	-22264.460893	-28128.441051	-41062.680312	-36640.074747	-187500.022352	-0.084626	0.914703	-0.365187	192.000000	0.000000	0.000000	0.000000	0.000000	0.000000	0.000000	0.000000	0.000000	0.000000	1741901917.571710	0.000000
54.000000	-34589.771579	-22811.095156	-32653.685827	-19781.986747	-42553.876943	-34114.439382	-40400.576937	-15796.447193	-30788.768028	-32559.137947	-38449.806088	-22263.835044	-28128.463403	-41062.345035	-36624.987319	-187500.022352	-0.084626	0.914703	-0.365187	192.000000	0.000000	0.000000	0.000000	0.000000	0.000000	0.000000	0.000000	0.000000	0.000000	1741901917.573761	0.000000
56.000000	-34576.740512	-22805.797792	-32643.851059	-19793.699061	-42541.941111	-34124.140039	-40399.861681	-15799.867010	-30803.140200	-32567.050465	-38461.808975	-22274.116847	-28141.829746	-41071.889230	-36646.333235	-187500.022352	-0.084626	0.914703	-0.365187	192.000000	0.000000	0.000000	0.000000	0.000000	0.000000	0.000000	0.000000	0.000000	0.000000	1741901917.575784	0.000000
58.000000	-34600.813341	-22825.199106	-32670.963725	-19800.851619	-42567.958542	-34134.287731	-40420.648804	-15814.730920	-30809.622205	-32581.132064	-38471.621391	-22283.996318	-28150.971609	-41086.820196	-36649.708348	-187500.022352	-0.084626	0.914703	-0.365187	192.000000	0.000000	0.000000	0.000000	0.000000	0.000000	0.000000	0.000000	0.000000	0.000000	1741901917.577796	0.000000
60.000000	-34573.030123	-22803.093231	-32648.455518	-19805.321968	-42547.573751	-34131.717280	-40406.701315	-15805.544353	-30809.733964	-32581.087361	-38466.882821	-22283.996318	-28147.976476	-41085.993181	-36662.806471	-187500.022352	-0.084313	0.913352	-0.363593	192.000000	126.500000	48.000000	14.000000	64.000000	122.000000	88.000000	0.000000	0.000000	0.000000	1741901917.623630	0.000000
62.000000	-34585.457693	-22804.791964	-32661.508937	-19799.264645	-42560.850687	-34129.526809	-40414.993812	-15808.606542	-30800.614452	-32573.979506	-38461.004312	-22277.424905	-28144.400197	-41086.082588	-36646.512049	-187500.022352	-0.084313	0.913352	-0.363593	192.000000	0.000000	0.000000	0.000000	0.000000	0.000000	0.000000	0.000000	0.000000	0.000000	1741901917.625886	0.000000
64.000000	-34552.868849	-22778.483960	-32632.786945	-19783.841942	-42531.681661	-34110.080792	-40394.094931	-15786.791240	-30791.003202	-32556.343979	-38443.860524	-22259.543509	-28131.391481	-41067.083605	-36652.323503	-187500.022352	-0.084313	0.913352	-0.363593	192.000000	0.000000	0.000000	0.000000	0.000000	0.000000	0.000000	0.000000	0.000000	0.000000	1741901917.627946	0.000000
66.000000	-34573.968896	-22795.806562	-32651.562411	-19785.361860	-42548.400765	-34119.446173	-40401.739228	-15796.313083	-30796.837008	-32569.084474	-38458.076234	-22268.975946	-28143.461423	-41079.824100	-36638.487773	-187500.022352	-0.084313	0.913352	-0.363593	192.000000	0.000000	0.000000	0.000000	0.000000	0.000000	0.000000	0.000000	0.000000	0.000000	1741901917.630030	0.000000
68.000000	-34593.437266	-22818.091252	-32666.180452	-19795.040166	-42567.064472	-34133.036033	-40425.342670	-15817.681350	-30797.284043	-32561.216660	-38447.772079	-22260.147007	-28139.862792	-41069.519945	-36644.679206	-187500.022352	-0.084313	0.913352	-0.363593	192.000000	0.000000	0.000000	0.000000	0.000000	0.000000	0.000000	0.000000	0.000000	0.000000	1741901917.632045	0.000000
70.000000	-34612.682118	-22831.055263	-32682.161949	-19814.128556	-42584.789405	-34149.643379	-40439.424269	-15829.617182	-30839.662950	-32609.407021	-38495.582461	-22307.040966	-28189.751886	-41120.727792	-36675.524613	-187500.022352	-0.084157	0.912676	-0.364797	192.000000	126.500000	48.000000	14.000000	64.000000	122.000000	72.000000	0.000000	0.000000	0.000000	1741901917.634059	0.000000
72.000000	-34577.813396	-22798.578179	-32652.009446	-19789.943968	-42552.222914	-34121.860161	-40408.020068	-15801.968074	-30812.438525	-32569.263288	-38457.383330	-22266.941937	-28158.280630	-41077.499518	-36665.175756	-187500.022352	-0.084157	0.912676	-0.364797	192.000000	0.000000	0.000000	0.000000	0.000000	0.000000	0.000000	0.000000	0.000000	0.000000	1741901917.636246	0.000000
74.000000	-34610.111667	-22831.189374	-32683.771275	-19806.864239	-42579.693208	-34146.938818	-40432.674042	-15826.197365	-30823.703804	-32587.524663	-38478.304562	-22285.493885	-28176.609060	-41099.001896	-36659.632523	-187500.022352	-0.084157	0.912676	-0.364797	192.000000	0.000000	0.000000	0.000000	0.000000	0.000000	0.000000	0.000000	0.000000	0.000000	1741901917.683958	0.000000
76.000000	-34585.144768	-22805.708385	-32655.742187	-19792.492067	-42548.646635	-34119.446173	-40400.442827	-15796.044862	-30823.614397	-32579.165110	-38469.117995	-22277.626071	-28167.556604	-41087.088416	-36667.857965	-187500.022352	-0.084157	0.912676	-0.364797	192.000000	0.000000	0.000000	0.000000	0.000000	0.000000	0.000000	0.000000	0.000000	0.000000	1741901917.686096	0.000000
78.000000	-34631.368176	-22854.010505	-32702.300871	-19814.843811	-42597.418141	-34165.356656	-40450.287217	-15845.509272	-30825.938979	-32591.570329	-38484.853623	-22289.561902	-28176.296136	-41101.393533	-36654.893953	-187500.022352	-0.084157	0.912676	-0.364797	192.000000	0.000000	0.000000	0.000000	0.000000	0.000000	0.000000	0.000000	0.000000	0.000000	1741901917.688102	0.000000
80.000000	-34612.168027	-22831.837574	-32683.748923	-19821.348169	-42579.179118	-34150.068063	-40431.668214	-15826.331476	-30860.338314	-32616.738393	-38508.881749	-22316.808679	-28204.906369	-41126.561597	-36702.011431	-187500.022352	-0.083078	0.911338	-0.362398	192.000000	126.500000	56.000000	14.000000	56.000000	122.000000	96.000000	0.000000	0.000000	0.000000	1741901917.690089	0.000000
82.000000	-34608.032955	-22832.865755	-32680.642030	-19817.280152	-42573.188850	-34154.560763	-40430.997661	-15829.080740	-30833.605627	-32600.756896	-38490.508615	-22300.022519	-28181.660555	-41111.049487	-36664.862831	-187500.022352	-0.083078	0.911338	-0.362398	192.000000	0.000000	0.000000	0.000000	0.000000	0.000000	0.000000	0.000000	0.000000	0.000000	1741901917.692254	0.000000
84.000000	-34572.113701	-22792.386745	-32645.818012	-19791.083907	-42534.989719	-34111.064268	-40390.384542	-15783.729051	-30817.087688	-32576.996991	-38466.704007	-22276.530835	-28161.946316	-41085.546146	-36667.433282	-187500.022352	-0.083078	0.911338	-0.362398	192.000000	0.000000	0.000000	0.000000	0.000000	0.000000	0.000000	0.000000	0.000000	0.000000	1741901917.694286	0.000000
86.000000	-34594.823074	-22822.740414	-32670.695504	-19804.092622	-42562.325902	-34138.400452	-40418.324222	-15816.697874	-30800.010955	-32570.805558	-38459.976132	-22265.958460	-28151.552755	-41079.332361	-36634.397404	-187500.022352	-0.083078	0.911338	-0.362398	192.000000	0.000000	0.000000	0.000000	0.000000	0.000000	0.000000	0.000000	0.000000	0.000000	1741901917.696392	0.000000
88.000000	-34582.462559	-22803.182638	-32656.882126	-19793.810820	-42545.852667	-34112.941815	-40393.759655	-15792.647397	-30810.650386	-32573.934802	-38464.178260	-22271.546396	-28157.900650	-41082.595716	-36655.765671	-187500.022352	-0.083078	0.911338	-0.362398	192.000000	0.000000	0.000000	0.000000	0.000000	0.000000	0.000000	0.000000	0.000000	0.000000	1741901917.698434	0.000000
90.000000	-34598.891091	-22827.478984	-32669.220289	-19811.781622	-42558.593161	-34139.272170	-40411.730458	-15811.154641	-30815.321900	-32583.501349	-38473.230716	-22281.023536	-28163.443883	-41090.150605	-36650.311846	-187500.022352	-0.081539	0.913669	-0.363199	192.000000	126.500000	64.000000	14.000000	80.000000	122.000000	80.000000	0.000000	0.000000	0.000000	1741901917.744195	0.000000
92.000000	-34585.010658	-22805.842496	-32654.870469	-19796.291863	-42546.076184	-34113.098277	-40396.821844	-15788.534676	-30812.684394	-32575.298259	-38464.804109	-22275.301489	-28159.979362	-41082.930992	-36659.297247	-187500.022352	-0.081539	0.913669	-0.363199	192.000000	0.000000	0.000000	0.000000	0.000000	0.000000	0.000000	0.000000	0.000000	0.000000	1741901917.746474	0.000000
94.000000	-34609.083487	-22835.927944	-32680.619679	-19816.833117	-42573.926458	-34151.453871	-40439.044289	-15834.758083	-30815.277197	-32582.272003	-38471.844908	-22280.800018	-28165.075560	-41088.630687	-36657.911439	-187500.022352	-0.081539	0.913669	-0.363199	192.000000	0.000000	0.000000	0.000000	0.000000	0.000000	0.000000	0.000000	0.000000	0.000000	1741901917.748496	0.000000
96.000000	-34594.845425	-22814.202048	-32669.108530	-19798.236465	-42557.743795	-34128.208056	-40411.350478	-15811.244048	-30828.889409	-32588.172864	-38478.483376	-22286.767934	-28176.027915	-41094.553899	-36671.903631	-187500.022352	-0.081539	0.913669	-0.363199	192.000000	0.000000	0.000000	0.000000	0.000000	0.000000	0.000000	0.000000	0.000000	0.000000	1741901917.750510	0.000000
98.000000	-34601.506245	-22831.234077	-32677.199862	-19807.914771	-42567.936190	-34152.079720	-40430.572978	-15832.388798	-30819.479325	-32582.227299	-38469.766196	-22276.083800	-28168.048342	-41089.636515	-36665.198107	-187500.022352	-0.081539	0.913669	-0.363199	192.000000	0.000000	0.000000	0.000000	0.000000	0.000000	0.000000	0.000000	0.000000	0.000000	1741901917.752501	0.000000
100.000000	-34613.062097	-22834.072749	-32686.274670	-19810.373462	-42574.731120	-34143.474298	-40426.370850	-15823.917487	-30838.902991	-32608.177675	-38485.971211	-22294.054603	-28187.203787	-41113.284661	-36682.386599	-187500.022352	-0.080770	0.914834	-0.363600	192.000000	126.500000	64.000000	14.000000	80.000000	122.000000	80.000000	0.000000	0.000000	0.000000	1741901917.754509	0.000000
102.000000	-34588.363420	-22817.979493	-32658.267934	-19798.057651	-42547.841972	-34131.560818	-40404.466141	-15803.599751	-30812.013842	-32581.914375	-38457.338626	-22270.406457	-28158.973534	-41085.076759	-36654.759843	-187500.022352	-0.080770	0.914834	-0.363600	192.000000	0.000000	0.000000	0.000000	0.000000	0.000000	0.000000	0.000000	0.000000	0.000000	1741901917.756692	0.000000
104.000000	-34609.977556	-22831.234077	-32683.368943	-19806.551314	-42573.054740	-34140.076833	-40426.817885	-15818.418958	-30832.800964	-32602.276814	-38481.389103	-22293.942844	-28182.375810	-41109.820141	-36668.707331	-187500.022352	-0.080770	0.914834	-0.363600	192.000000	0.000000	0.000000	0.000000	0.000000	0.000000	0.000000	0.000000	0.000000	0.000000	1741901917.803644	0.000000
106.000000	-34588.430475	-22818.203010	-32661.017199	-19806.752480	-42551.753527	-34139.741557	-40410.165836	-15812.048711	-30815.143086	-32584.954212	-38460.937257	-22277.447257	-28162.058075	-41093.726885	-36665.443977	-187500.022352	-0.080770	0.914834	-0.363600	192.000000	0.000000	0.000000	0.000000	0.000000	0.000000	0.000000	0.000000	0.000000	0.000000	1741901917.805784	0.000000
108.000000	-34599.539292	-22822.047510	-32667.990943	-19803.757346	-42556.693263	-34138.109879	-40414.300908	-15812.071063	-30817.557075	-32593.090247	-38468.916830	-22286.052678	-28167.176624	-41104.187501	-36656.011540	-187500.022352	-0.080770	0.914834	-0.363600	192.000000	0.000000	0.000000	0.000000	0.000000	0.000000	0.000000	0.000000	0.000000	0.000000	1741901917.807896	0.000000
110.000000	-34593.057286	-22822.472194	-32660.525460	-19803.757346	-42543.796306	-34137.036996	-40410.031725	-15807.243086	-30810.426868	-32584.663640	-38457.226867	-22276.441428	-28154.838461	-41091.983449	-36651.250619	-187500.022352	-0.081385	0.919417	-0.363800	192.000000	126.500000	56.000000	14.000000	112.000000	122.000000	80.000000	0.000000	0.000000	0.000000	1741901917.809899	0.000000
112.000000	-34583.557795	-22807.183600	-32655.295152	-19790.189837	-42536.599044	-34118.015661	-40390.496301	-15794.055557	-30811.186828	-32587.055276	-38462.323065	-22280.174170	-28159.062941	-41094.755065	-36640.968816	-187500.022352	-0.081385	0.919417	-0.363800	192.000000	0.000000	0.000000	0.000000	0.000000	0.000000	0.000000	0.000000	0.000000	0.000000	1741901917.812072	0.000000
114.000000	-34578.483949	-22809.485830	-32652.970571	-19794.660186	-42537.783687	-34127.425745	-40397.000658	-15802.012778	-30798.088705	-32568.168052	-38445.067518	-22263.253899	-28145.383673	-41077.499518	-36640.968816	-187500.022352	-0.081385	0.919417	-0.363800	192.000000	0.000000	0.000000	0.000000	0.000000	0.000000	0.000000	0.000000	0.000000	0.000000	1741901917.814105	0.000000
116.000000	-34605.730725	-22831.457595	-32680.396161	-19806.171335	-42565.343388	-34142.177897	-40419.240644	-15819.581249	-30810.628034	-32583.277831	-38466.547545	-22280.598853	-28163.242717	-41098.353696	-36642.086404	-187500.022352	-0.081385	0.919417	-0.363800	192.000000	0.000000	0.000000	0.000000	0.000000	0.000000	0.000000	0.000000	0.000000	0.000000	1741901917.816131	0.000000
118.000000	-34572.404274	-22799.338138	-32653.462309	-19793.721413	-42533.469800	-34117.367460	-40387.545870	-15789.406394	-30808.348156	-32576.125273	-38459.439690	-22272.306356	-28159.308810	-41083.467434	-36660.481889	-187500.022352	-0.081385	0.919417	-0.363800	192.000000	0.000000	0.000000	0.000000	0.000000	0.000000	0.000000	0.000000	0.000000	0.000000	1741901917.818170	0.000000
120.000000	-34606.401277	-22828.775385	-32690.789722	-19808.965303	-42573.434719	-34143.519001	-40424.962690	-15823.649266	-30812.080897	-32584.194253	-38472.023722	-22279.168341	-28171.646973	-41095.962059	-36645.439165	-187500.022352	-0.081692	0.917709	-0.363900	192.000000	126.500000	56.000000	14.000000	80.000000	122.000000	80.000000	0.000000	0.000000	0.000000	1741901917.863383	0.000000
122.000000	-34591.135036	-22816.526630	-32680.060885	-19812.832154	-42561.811812	-34135.226504	-40416.714897	-15814.507403	-30829.068223	-32587.122332	-38476.047036	-22284.488056	-28179.492435	-41096.297335	-36674.228212	-187500.022352	-0.081692	0.917709	-0.363900	192.000000	0.000000	0.000000	0.000000	0.000000	0.000000	0.000000	0.000000	0.000000	0.000000	1741901917.865603	0.000000
124.000000	-34588.653992	-22815.721967	-32682.385466	-19805.746651	-42568.763205	-34136.165278	-40416.312565	-15815.557935	-30814.114906	-32580.305049	-38471.979019	-22278.788361	-28174.060961	-41093.302201	-36653.776366	-187500.022352	-0.081692	0.917709	-0.363900	192.000000	0.000000	0.000000	0.000000	0.000000	0.000000	0.000000	0.000000	0.000000	0.000000	1741901917.867635	0.000000
126.000000	-34577.120492	-22804.501391	-32669.555565	-19796.403622	-42558.257885	-34127.872780	-40408.243586	-15805.633760	-30815.590121	-32580.036829	-38464.915867	-22275.502655	-28176.452598	-41087.624858	-36672.373017	-187500.022352	-0.081692	0.917709	-0.363900	192.000000	0.000000	0.000000	0.000000	0.000000	0.000000	0.000000	0.000000	0.000000	0.000000	1741901917.869657	0.000000
128.000000	-34592.654955	-22819.767632	-32679.770312	-19802.863276	-42564.158745	-34143.027263	-40413.675060	-15814.976789	-30820.954540	-32592.754971	-38478.461025	-22285.158609	-28186.421476	-41102.377010	-36656.391520	-187500.022352	-0.081692	0.917709	-0.363900	192.000000	0.000000	0.000000	0.000000	0.000000	0.000000	0.000000	0.000000	0.000000	0.000000	1741901917.871701	0.000000
130.000000	-34590.911518	-22813.486792	-32674.160024	-19792.223846	-42553.541667	-34127.917484	-40409.450580	-15807.064272	-30813.511409	-32575.924108	-38458.165641	-22263.633879	-28171.199938	-41080.338190	-36658.380825	-187500.022352	-0.083846	0.920854	-0.364950	192.000000	126.500000	40.000000	14.000000	112.000000	122.000000	72.000000	0.000000	0.000000	0.000000	1741901917.873819	0.000000
132.000000	-34606.870664	-22833.625714	-32691.929661	-19813.480355	-42569.321998	-34150.135118	-40425.052097	-15824.252763	-30823.010900	-32595.928919	-38476.829347	-22284.555111	-28181.906424	-41101.795864	-36656.615038	-187500.022352	-0.083846	0.920854	-0.364950	192.000000	0.000000	0.000000	0.000000	0.000000	0.000000	0.000000	0.000000	0.000000	0.000000	1741901917.875989	0.000000
134.000000	-34599.561644	-22816.839554	-32682.921908	-19803.064442	-42563.756414	-34128.409222	-40408.288289	-15806.058443	-30821.088650	-32579.947422	-38468.872126	-22273.423943	-28174.485645	-41086.395512	-36666.472157	-187500.022352	-0.083846	0.920854	-0.364950	192.000000	0.000000	0.000000	0.000000	0.000000	0.000000	0.000000	0.000000	0.000000	0.000000	1741901917.923505	0.000000
136.000000	-34590.956222	-22812.391557	-32674.830577	-19806.148983	-42562.929399	-34132.633702	-40410.679926	-15806.170202	-30815.299549	-32578.315744	-38477.298734	-22277.737829	-28170.484682	-41088.273059	-36654.446918	-187500.022352	-0.083846	0.920854	-0.364950	192.000000	0.000000	0.000000	0.000000	0.000000	0.000000	0.000000	0.000000	0.000000	0.000000	1741901917.926648	0.000000
138.000000	-34561.496623	-22777.366373	-32643.538135	-19780.399773	-42539.191847	-34092.042934	-40377.934620	-15772.866103	-30801.039136	-32558.154471	-38463.083024	-22262.382181	-28150.479871	-41067.061253	-36650.870639	-187500.022352	-0.083846	0.920854	-0.364950	192.000000	0.000000	0.000000	0.000000	0.000000	0.000000	0.000000	0.000000	0.000000	0.000000	1741901917.929617	0.000000
140.000000	-34580.897937	-22803.853190	-32659.609039	-19789.876913	-42566.952713	-34118.932083	-40410.054077	-15802.839792	-30771.892461	-32539.401357	-38444.106393	-22241.975038	-28126.451746	-41049.470431	-36618.371203	-187500.022352	-0.082923	0.920427	-0.366475	192.000000	126.500000	56.000000	14.000000	96.000000	122.000000	64.000000	0.000000	0.000000	0.000000	1741901917.932673	0.000000
142.000000	-34588.765751	-22803.003824	-32663.811167	-19790.368651	-42575.714597	-34114.774658	-40418.905368	-15803.242124	-30800.815618	-32561.864860	-38471.621391	-22267.768951	-28153.407950	-41072.693893	-36658.514936	-187500.022352	-0.082923	0.920427	-0.366475	192.000000	0.000000	0.000000	0.000000	0.000000	0.000000	0.000000	0.000000	0.000000	0.000000	1741901917.935679	0.000000
144.000000	-34593.772542	-22813.710310	-32666.940411	-19807.378329	-42587.493967	-34138.556914	-40428.270749	-15820.810595	-30801.955557	-32570.514985	-38478.282211	-22276.307318	-28157.699485	-41081.768701	-36656.972665	-187500.022352	-0.082923	0.920427	-0.366475	192.000000	0.000000	0.000000	0.000000	0.000000	0.000000	0.000000	0.000000	0.000000	0.000000	1741901917.937766	0.000000
146.000000	-34595.627737	-22806.378938	-32662.447710	-19803.980864	-42586.845766	-34121.591940	-40420.872321	-15808.092452	-30806.448258	-32575.857052	-38483.870147	-22283.929263	-28163.801511	-41088.071893	-36665.935715	-187500.022352	-0.082923	0.920427	-0.366475	192.000000	0.000000	0.000000	0.000000	0.000000	0.000000	0.000000	0.000000	0.000000	0.000000	1741901917.939804	0.000000
148.000000	-34591.157388	-22812.659778	-32649.841326	-19810.284056	-42579.380283	-34138.825135	-40427.153161	-15819.469490	-30789.215063	-32566.268154	-38467.553373	-22271.702858	-28145.294266	-41076.694855	-36652.368206	-187500.022352	-0.082923	0.920427	-0.366475	192.000000	0.000000	0.000000	0.000000	0.000000	0.000000	0.000000	0.000000	0.000000	0.000000	1741901917.941822	0.000000
150.000000	-34576.651105	-22787.581120	-32634.932713	-19790.189837	-42561.744757	-34109.879626	-40403.437961	-15791.105126	-30794.646537	-32573.174843	-38470.436748	-22279.324803	-28151.128072	-41081.858108	-36654.692787	-187500.022352	-0.081462	0.919214	-0.368237	192.000000	126.500000	64.000000	14.000000	88.000000	122.000000	56.000000	0.000000	0.000000	0.000000	1741901917.983860	0.000000
152.000000	-34538.742547	-22757.942707	-32592.598509	-19766.139360	-42521.198692	-34091.417085	-40370.871469	-15762.763114	-30759.688408	-32535.422747	-38431.500009	-22243.629067	-28112.638368	-41041.982596	-36624.339119	-187500.022352	-0.081462	0.919214	-0.368237	192.000000	0.000000	0.000000	0.000000	0.000000	0.000000	0.000000	0.000000	0.000000	0.000000	1741901917.986124	0.000000
154.000000	-34562.748320	-22775.645289	-32615.531399	-19755.634040	-42546.232646	-34092.579376	-40385.131882	-15774.609539	-30738.253085	-32515.395584	-38412.992765	-22226.015893	-28090.800713	-41024.145904	-36592.644345	-187500.022352	-0.081462	0.919214	-0.368237	192.000000	0.000000	0.000000	0.000000	0.000000	0.000000	0.000000	0.000000	0.000000	0.000000	1741901917.988183	0.000000
156.000000	-34568.135091	-22786.955272	-32619.353547	-19786.390041	-42550.054795	-34116.495742	-40394.251394	-15787.662958	-30776.496920	-32551.493651	-38451.996559	-22261.868091	-28127.636388	-41056.846506	-36639.672415	-187500.022352	-0.081462	0.919214	-0.368237	192.000000	0.000000	0.000000	0.000000	0.000000	0.000000	0.000000	0.000000	0.000000	0.000000	1741901917.990199	0.000000
158.000000	-34571.577259	-22781.792019	-32627.221361	-19777.248177	-42559.353120	-34105.319870	-40398.386466	-15782.589112	-30774.686429	-32550.890154	-38455.103452	-22261.108132	-28127.301112	-41059.484012	-36630.731717	-187500.022352	-0.081462	0.919214	-0.368237	192.000000	0.000000	0.000000	0.000000	0.000000	0.000000	0.000000	0.000000	0.000000	0.000000	1741901917.992244	0.000000
160.000000	-34549.761957	-22768.716248	-32608.803524	-19768.776866	-42542.075222	-34095.194530	-40386.629449	-15775.525960	-30754.703969	-32528.739575	-38429.711870	-22235.135404	-28106.916321	-41032.885436	-36630.597607	-187500.022352	-0.083731	0.916607	-0.364119	192.000000	126.500000	40.000000	14.000000	72.000000	122.000000	96.000000	0.000000	0.000000	0.000000	1741901917.994311	0.000000
162.000000	-34579.534481	-22791.604434	-32639.224248	-19777.583453	-42569.009074	-34113.500609	-40406.857777	-15794.144964	-30774.060580	-32549.392587	-38454.254085	-22254.424960	-28128.306941	-41057.807631	-36625.009671	-187500.022352	-0.083731	0.916607	-0.364119	192.000000	0.000000	0.000000	0.000000	0.000000	0.000000	0.000000	0.000000	0.000000	0.000000	1741901917.996523	0.000000
164.000000	-34571.934887	-22790.688013	-32632.272855	-19788.491105	-42561.364777	-34120.340242	-40402.901519	-15796.849525	-30787.538682	-32553.505308	-38458.791489	-22260.012896	-28136.219458	-41063.842602	-36648.523706	-187500.022352	-0.083731	0.916607	-0.364119	192.000000	0.000000	0.000000	0.000000	0.000000	0.000000	0.000000	0.000000	0.000000	0.000000	1741901918.044151	0.000000
166.000000	-34570.102044	-22785.792981	-32630.261198	-19782.322023	-42558.391995	-34111.041917	-40400.040495	-15788.333510	-30782.420132	-32556.656904	-38459.171469	-22261.331649	-28134.341912	-41068.022378	-36627.960101	-187500.022352	-0.083731	0.916607	-0.364119	192.000000	0.000000	0.000000	0.000000	0.000000	0.000000	0.000000	0.000000	0.000000	0.000000	1741901918.047258	0.000000
168.000000	-34550.119585	-22767.062219	-32613.340928	-19770.699116	-42539.080088	-34094.501626	-40382.002638	-15770.161542	-30765.969249	-32536.205058	-38436.216228	-22238.398759	-28116.952254	-41041.759079	-36630.575255	-187500.022352	-0.083731	0.916607	-0.364119	192.000000	0.000000	0.000000	0.000000	0.000000	0.000000	0.000000	0.000000	0.000000	0.000000	1741901918.049758	0.000000
170.000000	-34556.623942	-22771.957251	-32617.297187	-19767.748686	-42542.924588	-34095.753324	-40381.063864	-15775.369498	-30759.956629	-32535.243933	-38440.932446	-22241.349189	-28116.482868	-41043.837791	-36615.711345	-187500.022352	-0.083865	0.916303	-0.363059	192.000000	126.500000	48.000000	14.000000	80.000000	122.000000	88.000000	0.000000	0.000000	0.000000	1741901918.051866	0.000000
172.000000	-34565.877565	-22780.383859	-32622.572198	-19777.114067	-42549.183077	-34103.352917	-40386.696504	-15781.158600	-30773.792359	-32538.440232	-38445.671015	-22247.182995	-28122.741356	-41043.569570	-36634.464459	-187500.022352	-0.083865	0.916303	-0.363059	192.000000	0.000000	0.000000	0.000000	0.000000	0.000000	0.000000	0.000000	0.000000	0.000000	1741901918.054114	0.000000
174.000000	-34597.505283	-22810.514010	-32652.747053	-19794.682538	-42580.609629	-34134.287731	-40419.866493	-15813.412167	-30788.075124	-32562.066026	-38468.358036	-22270.629975	-28140.578048	-41069.743463	-36635.179715	-187500.022352	-0.083865	0.916303	-0.363059	192.000000	0.000000	0.000000	0.000000	0.000000	0.000000	0.000000	0.000000	0.000000	0.000000	1741901918.056117	0.000000
176.000000	-34601.305080	-22811.385728	-32657.485623	-19801.298654	-42582.286010	-34133.281902	-40417.720725	-15813.926257	-30803.341365	-32564.815291	-38473.856565	-22275.435600	-28150.859851	-41072.068044	-36664.169927	-187500.022352	-0.083865	0.916303	-0.363059	192.000000	0.000000	0.000000	0.000000	0.000000	0.000000	0.000000	0.000000	0.000000	0.000000	1741901918.058175	0.000000
178.000000	-34596.924138	-22811.273970	-32660.994847	-19812.139250	-42583.358894	-34144.144850	-40421.386411	-15816.228487	-30814.316072	-32587.926994	-38494.531929	-22295.149838	-28166.371961	-41094.978582	-36665.734549	-187500.022352	-0.083865	0.916303	-0.363059	192.000000	0.000000	0.000000	0.000000	0.000000	0.000000	0.000000	0.000000	0.000000	0.000000	1741901918.060177	0.000000
180.000000	-34596.454751	-22807.563580	-32660.436053	-19803.198553	-42582.218955	-34129.347995	-40417.854836	-15809.433557	-30799.742734	-32562.043674	-38472.649571	-22272.216949	-28149.205822	-41070.257553	-36665.265163	-187500.022352	-0.083933	0.917152	-0.360530	192.000000	126.500000	48.000000	14.000000	88.000000	122.000000	104.000000	0.000000	0.000000	0.000000	1741901918.104417	0.000000
182.000000	-34602.489722	-22817.979493	-32666.582783	-19820.722320	-42587.896298	-34147.944647	-40426.683775	-15821.168223	-30812.952615	-32583.188424	-38493.771970	-22291.864132	-28166.439017	-41093.704533	-36666.606267	-187500.022352	-0.083933	0.917152	-0.360530	192.000000	0.000000	0.000000	0.000000	0.000000	0.000000	0.000000	0.000000	0.000000	0.000000	1741901918.106917	0.000000
184.000000	-34574.326524	-22784.273062	-32640.699463	-19799.286997	-42560.940094	-34113.165332	-40395.771312	-15785.830115	-30798.848665	-32564.055331	-38471.531984	-22272.641632	-28149.697560	-41073.520908	-36668.707331	-187500.022352	-0.083933	0.917152	-0.360530	192.000000	0.000000	0.000000	0.000000	0.000000	0.000000	0.000000	0.000000	0.000000	0.000000	1741901918.108950	0.000000
186.000000	-34541.983550	-22762.189539	-32612.089230	-19780.064497	-42538.253073	-34100.827170	-40379.611001	-15772.933158	-30762.616487	-32541.234200	-38441.200667	-22245.037227	-28118.963911	-41053.784317	-36630.150572	-187500.022352	-0.083933	0.917152	-0.360530	192.000000	0.000000	0.000000	0.000000	0.000000	0.000000	0.000000	0.000000	0.000000	0.000000	1741901918.110930	0.000000
188.000000	-34539.815431	-22753.092379	-32611.239864	-19763.703020	-42533.693318	-34085.896204	-40369.686826	-15762.986632	-30748.847812	-32522.034052	-38420.793524	-22226.217058	-28104.390574	-41034.047727	-36619.689956	-187500.022352	-0.083933	0.917152	-0.360530	192.000000	0.000000	0.000000	0.000000	0.000000	0.000000	0.000000	0.000000	0.000000	0.000000	1741901918.112975	0.000000
190.000000	-34537.624960	-22758.859129	-32604.824913	-19768.620404	-42525.132599	-34100.380135	-40373.799547	-15769.938024	-30746.791452	-32528.449002	-38422.626367	-22232.073215	-28104.859961	-41042.384928	-36609.341098	-187500.022352	-0.080000	0.916000	-0.354000	192.000000	126.500000	64.000000	14.000000	80.000000	122.000000	120.000000	0.000000	0.000000	0.000000	1741901918.115007	0.000000
192.000000	-34557.786233	-22771.085533	-32622.259274	-19771.704945	-42539.281254	-34100.827170	-40380.058036	-15773.715469	-30764.516385	-32541.681235	-38435.568027	-22248.367637	-28120.684996	-41056.533582	-36621.366337	-187500.022352	-0.080000	0.916000	-0.354000	192.000000	0.000000	0.000000	0.000000	0.000000	0.000000	0.000000	0.000000	0.000000	0.000000	1741901918.117286	0.000000
194.000000	-34575.913498	-22798.354661	-32638.777213	-19793.654358	-42554.122812	-34128.878609	-40399.302888	-15798.212981	-30769.478472	-32549.459642	-38443.659358	-22256.995411	-28124.753013	-41063.194402	-36624.227360	-187500.022352	-0.080000	0.916000	-0.354000	192.000000	0.000000	0.000000	0.000000	0.000000	0.000000	0.000000	0.000000	0.000000	0.000000	1741901918.163810	0.000000
196.000000	-34586.217652	-22799.092269	-32648.790794	-19796.671843	-42559.844859	-34121.077850	-40399.191129	-15795.687234	-30794.825351	-32568.302163	-38463.172431	-22276.463780	-28146.635371	-41080.204079	-36646.869677	-187500.022352	-0.080000	0.916000	-0.354000	192.000000	0.000000	0.000000	0.000000	0.000000	0.000000	0.000000	0.000000	0.000000	0.000000	1741901918.166019	0.000000
198.000000	-34605.171931	-22828.663627	-32672.707161	-19821.348169	-42578.866193	-34155.790109	-40428.293100	-15827.940801	-30804.503656	-32579.008648	-38474.102434	-22286.700879	-28156.626601	-41088.518928	-36659.140785	-187500.022352	-0.080000	0.916000	-0.354000	192.000000	0.000000	0.000000	0.000000	0.000000	0.000000	0.000000	0.000000	0.000000	0.000000	1741901918.167945	0.000000
200.000000	-34601.215673	-22815.833725	-32668.080350	-19818.151870	-42573.680588	-34138.422804	-40413.876225	-15811.333455	-30830.632845	-32603.260291	-38500.701010	-22312.561847	-28182.241700	-41117.643251	-36683.191262	-187500.022352	-0.082000	0.914000	-0.358000	192.000000	126.500000	56.000000	14.000000	72.000000	122.000000	104.000000	0.000000	0.000000	0.000000	1741901918.170011	0.000000
202.000000	-34577.545175	-22800.701594	-32647.203821	-19798.415279	-42554.122812	-34125.056461	-40399.995792	-15797.944760	-30785.057638	-32555.449910	-38453.762347	-22260.862262	-28134.185449	-41064.244934	-36646.087366	-187500.022352	-0.082000	0.914000	-0.358000	192.000000	0.000000	0.000000	0.000000	0.000000	0.000000	0.000000	0.000000	0.000000	0.000000	1741901918.172220	0.000000
204.000000	-34593.392562	-22804.032004	-32662.403007	-19804.986692	-42567.846783	-34125.615254	-40405.159045	-15800.448155	-30817.534723	-32582.361410	-38488.586365	-22288.377260	-28166.953107	-41093.503367	-36663.722892	-187500.022352	-0.082000	0.914000	-0.358000	192.000000	0.000000	0.000000	0.000000	0.000000	0.000000	0.000000	0.000000	0.000000	0.000000	1741901918.174261	0.000000
206.000000	-34572.493681	-22789.302205	-32637.592570	-19793.430840	-42544.489210	-34117.054536	-40384.081350	-15784.556065	-30787.985717	-32546.978598	-38455.304617	-22253.262669	-28135.101871	-41060.713358	-36648.881334	-187500.022352	-0.082000	0.914000	-0.358000	192.000000	0.000000	0.000000	0.000000	0.000000	0.000000	0.000000	0.000000	0.000000	0.000000	1741901918.176307	0.000000
208.000000	-34580.808530	-22790.866827	-32645.236867	-19790.234541	-42553.720481	-34111.935987	-40392.016219	-15783.661995	-30799.832141	-32559.160299	-38470.749673	-22266.114922	-28145.316618	-41074.593791	-36643.539267	-187500.022352	-0.082000	0.914000	-0.358000	192.000000	0.000000	0.000000	0.000000	0.000000	0.000000	0.000000	0.000000	0.000000	0.000000	1741901918.178302	0.000000
210.000000	-34557.719178	-22775.533530	-32621.521666	-19770.274433	-42536.263768	-34100.246024	-40378.471062	-15778.230521	-30769.545528	-32527.197305	-38433.221094	-22229.703931	-28110.067917	-41037.691061	-36630.776421	-187500.022352	-0.080000	0.914000	-0.362000	192.000000	126.500000	64.000000	14.000000	72.000000	122.000000	88.000000	0.000000	0.000000	0.000000	1741901918.223647	0.000000
212.000000	-34598.756981	-22811.430432	-32664.660533	-19799.532866	-42577.368626	-34130.040900	-40413.473894	-15806.907810	-30814.561941	-32577.891061	-38482.752560	-22276.329670	-28161.074598	-41089.457701	-36649.797755	-187500.022352	-0.080000	0.914000	-0.362000	192.000000	0.000000	0.000000	0.000000	0.000000	0.000000	0.000000	0.000000	0.000000	0.000000	1741901918.225958	0.000000
214.000000	-34568.649181	-22785.390649	-32633.479850	-19788.021718	-42548.244303	-34108.940853	-40387.009428	-15783.796106	-30794.534778	-32553.170032	-38455.863411	-22255.520195	-28138.365226	-41063.239105	-36656.704444	-187500.022352	-0.080000	0.914000	-0.362000	192.000000	0.000000	0.000000	0.000000	0.000000	0.000000	0.000000	0.000000	0.000000	0.000000	1741901918.228032	0.000000
216.000000	-34597.527635	-22812.972702	-32659.296114	-19795.822477	-42571.713635	-34125.145867	-40404.488493	-15802.437461	-30800.949729	-32568.346866	-38472.202536	-22270.942899	-28148.691732	-41079.019437	-36644.455689	-187500.022352	-0.080000	0.914000	-0.362000	192.000000	0.000000	0.000000	0.000000	0.000000	0.000000	0.000000	0.000000	0.000000	0.000000	1741901918.230078	0.000000
218.000000	-34578.551004	-22798.086440	-32639.268951	-19791.240369	-42551.507658	-34112.740649	-40386.875318	-15783.840809	-30802.179075	-32565.329381	-38464.737053	-22268.953594	-28145.338970	-41069.363483	-36659.409006	-187500.022352	-0.080000	0.914000	-0.362000	192.000000	0.000000	0.000000	0.000000	0.000000	0.000000	0.000000	0.000000	0.000000	0.000000	1741901918.232091	0.000000
220.000000	-34599.114609	-22818.270066	-32662.984152	-19801.499820	-42575.155804	-34135.807650	-40411.238719	-15812.808670	-30802.067316	-32575.387666	-38474.862394	-22276.128504	-28151.910383	-41085.479091	-36643.561619	-187500.022352	-0.082000	0.912000	-0.360000	192.000000	126.500000	56.000000	14.000000	64.000000	122.000000	96.000000	0.000000	0.000000	0.000000	1741901918.234114	0.000000
222.000000	-34569.118568	-22787.357603	-32632.138745	-19784.736012	-42540.890579	-34103.665841	-40379.096911	-15777.224693	-30790.869092	-32552.767700	-38451.057786	-22254.044980	-28134.408967	-41060.176916	-36644.343930	-187500.022352	-0.082000	0.912000	-0.360000	192.000000	0.000000	0.000000	0.000000	0.000000	0.000000	0.000000	0.000000	0.000000	0.000000	1741901918.236301	0.000000
224.000000	-34585.792969	-22805.596626	-32648.142594	-19799.197590	-42555.709786	-34122.441306	-40393.826710	-15794.726109	-30807.543493	-32579.299221	-38479.623315	-22282.588158	-28156.134862	-41089.435350	-36643.718081	-187500.022352	-0.082000	0.912000	-0.360000	192.000000	0.000000	0.000000	0.000000	0.000000	0.000000	0.000000	0.000000	0.000000	0.000000	1741901918.283986	0.000000
226.000000	-34535.859172	-22752.064199	-32600.041640	-19763.613613	-42505.552471	-34071.076998	-40340.450745	-15739.718466	-30775.781664	-32540.563648	-38437.982015	-22242.802053	-28118.919208	-41044.374233	-36629.949406	-187500.022352	-0.082000	0.912000	-0.360000	192.000000	0.000000	0.000000	0.000000	0.000000	0.000000	0.000000	0.000000	0.000000	0.000000	1741901918.286157	0.000000
228.000000	-34584.943603	-22807.250656	-32648.991960	-19785.495971	-42554.815716	-34119.893208	-40395.346629	-15799.442327	-30764.829310	-32533.835773	-38439.837210	-22239.270477	-28113.286568	-41048.285788	-36605.563653	-187500.022352	-0.082000	0.912000	-0.360000	192.000000	0.000000	0.000000	0.000000	0.000000	0.000000	0.000000	0.000000	0.000000	0.000000	1741901918.288206	0.000000
230.000000	-34588.497530	-22809.038795	-32652.188260	-19803.511477	-42557.587332	-34120.183780	-40397.045362	-15797.721243	-30807.319976	-32572.079607	-38473.878917	-22277.044925	-28149.406987	-41079.824100	-36657.553811	-187500.022352	-0.078000	0.912000	-0.364000	192.000000	126.500000	72.000000	14.000000	64.000000	122.000000	80.000000	0.000000	0.000000	0.000000	1741901918.290245	0.000000
232.000000	-34584.451864	-22811.519839	-32648.321408	-19812.049843	-42554.212219	-34129.169181	-40400.398123	-15803.108013	-30798.535740	-32574.985334	-38472.247240	-22281.381164	-28143.170851	-41084.383855	-36649.685997	-187500.022352	-0.078000	0.912000	-0.364000	192.000000	0.000000	0.000000	0.000000	0.000000	0.000000	0.000000	0.000000	0.000000	0.000000	1741901918.292445	0.000000
234.000000	-34566.034027	-22786.262368	-32630.842344	-19791.821515	-42531.212274	-34098.301422	-40372.838422	-15773.380193	-30786.421095	-32555.964000	-38452.711815	-22262.538643	-28124.842420	-41062.367387	-36640.298264	-187500.022352	-0.078000	0.912000	-0.364000	192.000000	0.000000	0.000000	0.000000	0.000000	0.000000	0.000000	0.000000	0.000000	0.000000	1741901918.294494	0.000000
236.000000	-34589.704524	-22818.627693	-32656.412739	-19809.837021	-42555.598027	-34135.226504	-40402.789760	-15807.578362	-30782.196615	-32562.311895	-38458.076234	-22267.947765	-28126.272932	-41072.380969	-36635.000901	-187500.022352	-0.078000	0.912000	-0.364000	192.000000	0.000000	0.000000	0.000000	0.000000	0.000000	0.000000	0.000000	0.000000	0.000000	1741901918.296608	0.000000
238.000000	-34568.872698	-22790.151571	-32635.603265	-19804.785526	-42534.319166	-34106.750382	-40377.532289	-15778.677556	-30805.710650	-32584.641288	-38475.220022	-22286.544417	-28147.551793	-41089.189480	-36660.817165	-187500.022352	-0.078000	0.912000	-0.364000	192.000000	0.000000	0.000000	0.000000	0.000000	0.000000	0.000000	0.000000	0.000000	0.000000	1741901918.298629	0.000000
240.000000	-34573.633620	-22804.233170	-32639.268951	-19803.846753	-42536.979024	-34119.222655	-40385.645972	-15789.272283	-30773.814711	-32554.757006	-38447.436803	-22259.655268	-28118.941560	-41065.787204	-36630.687014	-187500.022352	-0.076000	0.914000	-0.364000	192.000000	126.500000	80.000000	14.000000	72.000000	122.000000	80.000000	0.000000	0.000000	0.000000	1741901918.344170	0.000000
242.000000	-34577.031085	-22798.064089	-32639.827745	-19791.083907	-42536.420230	-34104.649318	-40375.297114	-15776.174161	-30783.001278	-32560.791977	-38451.661283	-22264.952632	-28126.317635	-41068.827041	-36639.806526	-187500.022352	-0.076000	0.914000	-0.364000	192.000000	0.000000	0.000000	0.000000	0.000000	0.000000	0.000000	0.000000	0.000000	0.000000	1741901918.346456	0.000000
244.000000	-34602.646184	-22834.497432	-32666.225155	-19820.208230	-42564.963408	-34144.077795	-40416.536083	-15816.295542	-30804.324842	-32581.959079	-38474.907097	-22286.924396	-28150.502223	-41088.854204	-36652.971703	-187500.022352	-0.076000	0.914000	-0.364000	192.000000	0.000000	0.000000	0.000000	0.000000	0.000000	0.000000	0.000000	0.000000	0.000000	1741901918.348505	0.000000
246.000000	-34618.962958	-22841.962915	-32683.368943	-19830.132405	-42579.603801	-34147.788185	-40418.257167	-15820.162394	-30835.706691	-32611.776306	-38501.662135	-22315.132298	-28182.308755	-41117.375030	-36680.464349	-187500.022352	-0.076000	0.914000	-0.364000	192.000000	0.000000	0.000000	0.000000	0.000000	0.000000	0.000000	0.000000	0.000000	0.000000	1741901918.350575	0.000000
248.000000	-34590.531539	-22823.343912	-32658.826728	-19826.287905	-42551.127678	-34137.349920	-40395.413684	-15803.309179	-30810.918607	-32589.089285	-38477.611658	-22294.903969	-28158.258278	-41099.806559	-36665.488680	-187500.022352	-0.076000	0.914000	-0.364000	192.000000	0.000000	0.000000	0.000000	0.000000	0.000000	0.000000	0.000000	0.000000	0.000000	1741901918.352592	0.000000
250.000000	-34578.975687	-22804.344929	-32649.841326	-19813.703872	-42538.521294	-34114.193513	-40377.666399	-15782.164428	-30802.469647	-32591.927957	-38475.555298	-22296.110963	-28149.742264	-41102.399361	-36658.783157	-187500.022352	-0.086000	0.910000	-0.366000	192.000000	126.500000	40.000000	14.000000	56.000000	122.000000	72.000000	0.000000	0.000000	0.000000	1741901918.354611	0.000000
252.000000	-34585.658858	-22811.184563	-32647.740262	-19807.333625	-42534.319166	-34119.692042	-40381.957934	-15788.869952	-30778.441522	-32559.182651	-38447.436803	-22264.080914	-28123.054281	-41069.519945	-36634.486811	-187500.022352	-0.086000	0.910000	-0.366000	192.000000	0.000000	0.000000	0.000000	0.000000	0.000000	0.000000	0.000000	0.000000	0.000000	1741901918.356742	0.000000
254.000000	-34602.713240	-22818.135955	-32657.686789	-19802.796221	-42546.076184	-34113.008870	-40387.076484	-15789.294635	-30809.488095	-32579.589794	-38470.883783	-22283.616338	-28149.675208	-41089.167129	-36645.394462	-187500.022352	-0.086000	0.910000	-0.366000	192.000000	0.000000	0.000000	0.000000	0.000000	0.000000	0.000000	0.000000	0.000000	0.000000	1741901918.404411	0.000000
0.000000	-34622.025147	-22846.813243	-32674.495301	-19825.460890	-42564.985760	-34143.630760	-40415.083219	-15816.273191	-30829.850534	-32597.247672	-38483.333705	-22296.446240	-28167.824825	-41101.639402	-36666.896840	-187500.022352	-0.086000	0.910000	-0.366000	192.000000	0.000000	0.000000	0.000000	0.000000	0.000000	0.000000	0.000000	0.000000	0.000000	1741901918.407669	0.000000
2.000000	-34600.656879	-22814.716138	-32646.488565	-19801.723337	-42532.955710	-34102.056515	-40370.402082	-15774.520132	-30828.509430	-32594.900739	-38482.439635	-22294.591045	-28167.400142	-41097.683143	-36657.151479	-187500.022352	-0.086000	0.910000	-0.366000	192.000000	0.000000	0.000000	0.000000	0.000000	0.000000	0.000000	0.000000	0.000000	0.000000	1741901918.409741	0.000000
4.000000	-34617.621853	-22839.615982	-32660.234888	-19798.392927	-42547.417289	-34115.422859	-40393.804359	-15794.144964	-30802.983737	-32556.478090	-38447.816783	-22256.794245	-28135.504202	-41052.622027	-36628.653005	-187500.022352	-0.082000	0.916000	-0.362000	192.000000	126.500000	56.000000	14.000000	80.000000	122.000000	88.000000	0.000000	0.000000	0.000000	1741901918.411761	0.000000
6.000000	-34648.914295	-22862.012429	-32684.374772	-19820.923486	-42568.450280	-34131.069080	-40407.036591	-15805.790222	-30859.935982	-32614.167942	-38508.188845	-22313.902952	-28192.747020	-41109.909548	-36667.276820	-187500.022352	-0.082000	0.916000	-0.362000	192.000000	0.000000	0.000000	0.000000	0.000000	0.000000	0.000000	0.000000	0.000000	0.000000	1741901918.413889	0.000000
8.000000	-34631.010548	-22848.199051	-32661.575992	-19803.377366	-42547.707861	-34111.824228	-40387.881146	-15784.801934	-30839.394729	-32579.612145	-38474.437711	-22280.062411	-28162.192185	-41070.078739	-36664.348741	-187500.022352	-0.082000	0.916000	-0.362000	192.000000	0.000000	0.000000	0.000000	0.000000	0.000000	0.000000	0.000000	0.000000	0.000000	1741901918.415883	0.000000
10.000000	-34653.049368	-22860.358400	-32677.512786	-19807.780660	-42559.062548	-34120.407298	-40394.094931	-15792.580341	-30859.466596	-32597.672355	-38499.561071	-22299.620187	-28185.348592	-41091.558765	-36664.549907	-187500.022352	-0.082000	0.916000	-0.362000	192.000000	0.000000	0.000000	0.000000	0.000000	0.000000	0.000000	0.000000	0.000000	0.000000	1741901918.417909	0.000000
12.000000	-34612.257434	-22816.012539	-32636.989073	-19777.225825	-42518.315317	-34079.838881	-40353.995902	-15751.520187	-30843.328636	-32561.663695	-38466.525193	-22264.930280	-28157.543022	-41049.761003	-36652.077633	-187500.022352	-0.082000	0.916000	-0.362000	192.000000	0.000000	0.000000	0.000000	0.000000	0.000000	0.000000	0.000000	0.000000	0.000000	1741901918.419968	0.000000
14.000000	-34657.229144	-22861.475988	-32688.129865	-19793.117916	-42569.344350	-34119.624987	-40404.980231	-15798.034167	-30845.697921	-32563.608296	-38478.639839	-22269.266518	-28167.221328	-41057.114727	-36640.722947	-187500.022352	-0.082000	0.918000	-0.368000	192.000000	126.500000	56.000000	14.000000	88.000000	122.000000	64.000000	0.000000	0.000000	0.000000	1741901918.464836	0.000000
16.000000	-34644.823926	-22845.874470	-32674.987039	-19803.198553	-42552.379376	-34109.343184	-40383.947239	-15779.325757	-30885.193453	-32588.597547	-38505.081952	-22297.608530	-28200.704241	-41081.232259	-36690.947317	-187500.022352	-0.082000	0.918000	-0.368000	192.000000	0.000000	0.000000	0.000000	0.000000	0.000000	0.000000	0.000000	0.000000	0.000000	1741901918.467082	0.000000
18.000000	-34663.331170	-22865.231081	-32694.276594	-19807.758308	-42569.076129	-34119.803801	-40395.324277	-15795.173144	-30866.887375	-32572.034904	-38497.884691	-22287.930225	-28185.773276	-41068.692931	-36655.698616	-187500.022352	-0.082000	0.918000	-0.368000	192.000000	0.000000	0.000000	0.000000	0.000000	0.000000	0.000000	0.000000	0.000000	0.000000	1741901918.469090	0.000000
20.000000	-34644.801574	-22839.973609	-32678.093931	-19800.203419	-42549.473649	-34098.189664	-40372.011408	-15770.005080	-30879.829035	-32567.296334	-38501.215100	-22289.628957	-28193.350517	-41062.412091	-36674.049398	-187500.022352	-0.082000	0.918000	-0.368000	192.000000	0.000000	0.000000	0.000000	0.000000	0.000000	0.000000	0.000000	0.000000	0.000000	1741901918.471124	0.000000
22.000000	-34666.750987	-22863.800569	-32703.306699	-19810.909904	-42577.010998	-34121.614292	-40399.481702	-15798.525905	-30881.840692	-32569.084474	-38512.234510	-22295.373356	-28201.665366	-41068.938800	-36664.549907	-187500.022352	-0.082000	0.918000	-0.368000	192.000000	0.000000	0.000000	0.000000	0.000000	0.000000	0.000000	0.000000	0.000000	0.000000	1741901918.473200	0.000000
24.000000	-34661.297162	-22854.234022	-32697.182321	-19804.874933	-42571.914801	-34107.577396	-40390.920984	-15785.807763	-30899.342108	-32571.342000	-38516.883673	-22299.039042	-28213.757660	-41068.067082	-36689.360343	-187500.022352	-0.082000	0.912000	-0.364000	192.000000	126.500000	56.000000	14.000000	64.000000	122.000000	80.000000	0.000000	0.000000	0.000000	1741901918.475246	0.000000
26.000000	-34655.128080	-22853.429360	-32692.488455	-19805.769003	-42569.567867	-34115.288748	-40397.380638	-15793.563818	-30890.893148	-32568.950363	-38515.319051	-22297.317958	-28211.187209	-41069.989332	-36675.122282	-187500.022352	-0.082000	0.912000	-0.364000	192.000000	0.000000	0.000000	0.000000	0.000000	0.000000	0.000000	0.000000	0.000000	0.000000	1741901918.477401	0.000000
28.000000	-34643.840449	-22833.491604	-32681.245527	-19785.764192	-42559.397824	-34092.221748	-40376.213536	-15771.167370	-30883.181796	-32551.337189	-38498.130560	-22281.381164	-28202.671194	-41052.778489	-36670.651933	-187500.022352	-0.082000	0.912000	-0.364000	192.000000	0.000000	0.000000	0.000000	0.000000	0.000000	0.000000	0.000000	0.000000	0.000000	1741901918.524992	0.000000
30.000000	-34667.779168	-22861.654802	-32702.479685	-19798.795259	-42585.147033	-34125.682309	-40411.663403	-15805.142022	-30883.852349	-32550.152546	-38503.673792	-22283.973966	-28208.035613	-41054.745442	-36658.492584	-187500.022352	-0.082000	0.912000	-0.364000	192.000000	0.000000	0.000000	0.000000	0.000000	0.000000	0.000000	0.000000	0.000000	0.000000	1741901918.527115	0.000000
32.000000	-34659.419615	-22843.773406	-32693.226062	-19798.884666	-42574.418196	-34107.420934	-40396.732437	-15790.546333	-30910.249759	-32565.865823	-38523.902121	-22306.638635	-28231.884924	-41072.224506	-36693.093084	-187500.022352	-0.082000	0.912000	-0.364000	192.000000	0.000000	0.000000	0.000000	0.000000	0.000000	0.000000	0.000000	0.000000	0.000000	1741901918.529142	0.000000
34.000000	-34635.726766	-22825.959066	-32674.182376	-19789.966320	-42559.062548	-34104.559911	-40391.479777	-15787.618254	-30873.101160	-32533.612255	-38492.207347	-22276.776704	-28199.430191	-41041.289692	-36663.901706	-187500.022352	-0.084000	0.912000	-0.364000	192.000000	126.500000	48.000000	14.000000	64.000000	122.000000	80.000000	0.000000	0.000000	0.000000	1741901918.531168	0.000000
36.000000	-34634.877400	-22815.632560	-32680.396161	-19778.924558	-42561.655350	-34090.254794	-40394.027876	-15783.818458	-30873.414084	-32527.689043	-38487.379371	-22270.451161	-28200.704241	-41036.349957	-36666.896840	-187500.022352	-0.084000	0.912000	-0.364000	192.000000	0.000000	0.000000	0.000000	0.000000	0.000000	0.000000	0.000000	0.000000	0.000000	1741901918.533332	0.000000
38.000000	-34618.962958	-22808.077670	-32667.096873	-19779.684517	-42548.423117	-34094.971012	-40386.160062	-15780.890379	-30854.660971	-32512.646319	-38471.956667	-22254.693181	-28185.214482	-41022.447172	-36655.877430	-187500.022352	-0.084000	0.912000	-0.364000	192.000000	0.000000	0.000000	0.000000	0.000000	0.000000	0.000000	0.000000	0.000000	0.000000	1741901918.535336	0.000000
40.000000	-34620.616987	-22801.260388	-32665.420492	-19770.877930	-42541.427021	-34081.023524	-40367.563411	-15763.634832	-30868.161424	-32525.655034	-38485.278307	-22269.557091	-28197.284424	-41035.567645	-36660.548945	-187500.022352	-0.084000	0.912000	-0.364000	192.000000	0.000000	0.000000	0.000000	0.000000	0.000000	0.000000	0.000000	0.000000	0.000000	1741901918.537335	0.000000
42.000000	-34631.457583	-22822.807470	-32679.457388	-19781.651471	-42558.682568	-34105.543388	-40386.204766	-15787.864123	-30851.844651	-32510.388793	-38467.799242	-22253.128559	-28180.408857	-41020.010831	-36641.080575	-187500.022352	-0.084000	0.912000	-0.364000	192.000000	0.000000	0.000000	0.000000	0.000000	0.000000	0.000000	0.000000	0.000000	0.000000	1741901918.539389	0.000000
44.000000	-34605.328394	-22788.765763	-32661.799510	-19765.401753	-42541.181152	-34075.592050	-40363.718911	-15757.264585	-30870.933040	-32525.722089	-38487.111150	-22272.775742	-28202.626491	-41041.446154	-36658.939619	-187500.022352	-0.080000	0.912000	-0.368000	192.000000	126.500000	64.000000	14.000000	64.000000	122.000000	64.000000	0.000000	0.000000	0.000000	1741901918.583896	0.000000
46.000000	-34606.691850	-22799.159324	-32667.365094	-19763.367744	-42546.053832	-34088.846634	-40374.425396	-15772.284957	-30840.445261	-32492.082714	-38457.808013	-22239.046960	-28173.815092	-41006.286860	-36636.878447	-187500.022352	-0.080000	0.912000	-0.368000	192.000000	0.000000	0.000000	0.000000	0.000000	0.000000	0.000000	0.000000	0.000000	0.000000	1741901918.586144	0.000000
48.000000	-34623.276844	-22809.351720	-32683.346591	-19776.689384	-42558.391995	-34091.528844	-40385.288344	-15776.800010	-30864.227517	-32523.442212	-38485.390065	-22267.456027	-28200.212503	-41037.691061	-36657.933790	-187500.022352	-0.080000	0.912000	-0.368000	192.000000	0.000000	0.000000	0.000000	0.000000	0.000000	0.000000	0.000000	0.000000	0.000000	1741901918.588169	0.000000
50.000000	-34629.043594	-22823.947409	-32683.480702	-19788.736974	-42554.167516	-34103.732896	-40390.943335	-15790.591036	-30856.113834	-32517.518999	-38474.616525	-22258.872957	-28188.813113	-41028.638605	-36658.224363	-187500.022352	-0.080000	0.912000	-0.368000	192.000000	0.000000	0.000000	0.000000	0.000000	0.000000	0.000000	0.000000	0.000000	0.000000	1741901918.590220	0.000000
52.000000	-34612.972690	-22799.427545	-32667.722722	-19776.354107	-42535.637919	-34083.616326	-40367.831632	-15765.065344	-30870.016619	-32536.517982	-38492.609679	-22276.128504	-28202.313566	-41051.035053	-36653.955180	-187500.022352	-0.080000	0.912000	-0.368000	192.000000	0.000000	0.000000	0.000000	0.000000	0.000000	0.000000	0.000000	0.000000	0.000000	1741901918.592221	0.000000
54.000000	-34606.513036	-22799.382842	-32667.052170	-19767.771038	-42544.265693	-34083.437512	-40379.879222	-15771.592053	-30839.707653	-32495.770752	-38455.505783	-22236.834137	-28170.887014	-41010.287823	-36642.868715	-187500.022352	-0.078000	0.916000	-0.364000	192.000000	126.500000	72.000000	14.000000	80.000000	122.000000	80.000000	0.000000	0.000000	0.000000	1741901918.594291	0.000000
56.000000	-34630.541161	-22819.924095	-32686.475836	-19781.025622	-42566.326865	-34100.313079	-40395.056056	-15787.193571	-30869.636639	-32530.795935	-38492.453217	-22272.284004	-28207.812096	-41045.938855	-36661.755939	-187500.022352	-0.078000	0.916000	-0.364000	192.000000	0.000000	0.000000	0.000000	0.000000	0.000000	0.000000	0.000000	0.000000	0.000000	1741901918.596471	0.000000
58.000000	-34609.731687	-22803.652025	-32662.447710	-19772.263738	-42539.728289	-34084.108065	-40369.418605	-15765.154751	-30855.420930	-32514.188589	-38473.610696	-22257.107169	-28188.679002	-41027.118686	-36662.113567	-187500.022352	-0.078000	0.916000	-0.364000	192.000000	0.000000	0.000000	0.000000	0.000000	0.000000	0.000000	0.000000	0.000000	0.000000	1741901918.644205	0.000000
60.000000	-34621.332243	-22813.643254	-32674.271783	-19772.286090	-42552.625245	-34093.831074	-40380.527422	-15777.783487	-30849.609476	-32519.664767	-38476.002333	-22259.677620	-28188.008450	-41033.891265	-36637.303130	-187500.022352	-0.078000	0.916000	-0.364000	192.000000	0.000000	0.000000	0.000000	0.000000	0.000000	0.000000	0.000000	0.000000	0.000000	1741901918.646370	0.000000
62.000000	-34611.832751	-22804.791964	-32666.113396	-19772.822532	-42547.730213	-34093.495797	-40382.159100	-15777.001176	-30853.297514	-32513.003947	-38471.889612	-22256.034286	-28185.035668	-41026.135209	-36651.272971	-187500.022352	-0.078000	0.916000	-0.364000	192.000000	0.000000	0.000000	0.000000	0.000000	0.000000	0.000000	0.000000	0.000000	0.000000	1741901918.648451	0.000000
64.000000	-34605.909539	-22796.544170	-32666.292210	-19771.570834	-42548.445469	-34092.624079	-40378.828690	-15773.089620	-30864.249869	-32528.583113	-38490.083932	-22271.278175	-28203.162933	-41045.268303	-36654.446918	-187500.022352	-0.082000	0.912000	-0.366000	192.000000	126.500000	56.000000	14.000000	64.000000	122.000000	72.000000	0.000000	0.000000	0.000000	1741901918.650585	0.000000
66.000000	-34591.827940	-22780.786190	-32648.746091	-19742.602973	-42524.104419	-34061.309285	-40352.274817	-15747.496873	-30833.382110	-32484.997211	-38446.162754	-22226.082948	-28166.550775	-40995.692133	-36639.560656	-187500.022352	-0.082000	0.912000	-0.366000	192.000000	0.000000	0.000000	0.000000	0.000000	0.000000	0.000000	0.000000	0.000000	0.000000	1741901918.652774	0.000000
68.000000	-34623.276844	-22813.263275	-32680.865548	-19765.602918	-42550.144202	-34091.372382	-40383.410798	-15783.013795	-30847.955447	-32509.986461	-38471.733149	-22249.149948	-28184.208653	-41022.447172	-36631.379918	-187500.022352	-0.082000	0.912000	-0.366000	192.000000	0.000000	0.000000	0.000000	0.000000	0.000000	0.000000	0.000000	0.000000	0.000000	1741901918.654814	0.000000
70.000000	-34603.182626	-22784.809504	-32660.637219	-19757.757456	-42525.490227	-34071.501681	-40358.667416	-15757.622213	-30861.366494	-32511.148752	-38473.230716	-22254.536719	-28191.070639	-41023.475352	-36654.759843	-187500.022352	-0.082000	0.912000	-0.366000	192.000000	0.000000	0.000000	0.000000	0.000000	0.000000	0.000000	0.000000	0.000000	0.000000	1741901918.656819	0.000000
72.000000	-34640.688853	-22825.824955	-32702.166760	-19783.126686	-42571.601876	-34113.187684	-40410.679926	-15806.080795	-30863.579317	-32520.156505	-38483.445464	-22261.443408	-28197.507941	-41033.690099	-36642.801659	-187500.022352	-0.082000	0.912000	-0.366000	192.000000	0.000000	0.000000	0.000000	0.000000	0.000000	0.000000	0.000000	0.000000	0.000000	1741901918.658868	0.000000
74.000000	-34611.765696	-22793.057298	-32675.814054	-19768.642756	-42547.260826	-34078.721294	-40373.531326	-15765.959414	-30874.576375	-32522.548142	-38484.451292	-22265.690239	-28204.481686	-41033.846561	-36672.551831	-187500.022352	-0.078000	0.918000	-0.370000	192.000000	126.500000	72.000000	14.000000	88.000000	122.000000	56.000000	0.000000	0.000000	0.000000	1741901918.704450	0.000000
76.000000	-34592.409085	-22778.126333	-32659.005542	-19759.098561	-42538.051908	-34077.067265	-40369.776233	-15761.712582	-30839.662950	-32493.557929	-38460.959609	-22241.192727	-28171.535214	-41008.611442	-36633.033947	-187500.022352	-0.078000	0.918000	-0.370000	192.000000	0.000000	0.000000	0.000000	0.000000	0.000000	0.000000	0.000000	0.000000	0.000000	1741901918.706763	0.000000
78.000000	-34610.916330	-22789.883350	-32676.909289	-19768.262776	-42562.392957	-34080.174158	-40389.490472	-15776.487085	-30840.981703	-32489.758133	-38461.808975	-22240.700989	-28172.026953	-41008.700849	-36648.635465	-187500.022352	-0.078000	0.918000	-0.370000	192.000000	0.000000	0.000000	0.000000	0.000000	0.000000	0.000000	0.000000	0.000000	0.000000	1741901918.708789	0.000000
80.000000	-34618.739440	-22805.484868	-32682.385466	-19790.234541	-42581.369589	-34109.477295	-40408.601214	-15796.894228	-30856.650276	-32514.188589	-38489.569842	-22265.645536	-28190.578901	-41035.478239	-36663.409968	-187500.022352	-0.078000	0.918000	-0.370000	192.000000	0.000000	0.000000	0.000000	0.000000	0.000000	0.000000	0.000000	0.000000	0.000000	1741901918.710801	0.000000
82.000000	-34638.766603	-22814.425566	-32697.674060	-19795.800125	-42603.475464	-34108.315004	-40423.129847	-15805.276132	-30869.748398	-32525.610331	-38501.840949	-22277.626071	-28201.710069	-41043.413108	-36682.610116	-187500.022352	-0.078000	0.918000	-0.370000	192.000000	0.000000	0.000000	0.000000	0.000000	0.000000	0.000000	0.000000	0.000000	0.000000	1741901918.712844	0.000000
84.000000	-34621.242836	-22802.154458	-32675.724647	-19795.934236	-42584.744702	-34107.286824	-40412.289251	-15796.916580	-30855.912668	-32515.864970	-38496.834159	-22270.026478	-28191.160046	-41036.528771	-36676.955125	-187500.022352	-0.080000	0.922000	-0.370000	192.000000	126.500000	64.000000	14.000000	104.000000	122.000000	56.000000	0.000000	0.000000	0.000000	1741901918.714879	0.000000
86.000000	-34608.100010	-22775.689992	-32650.176603	-19775.169465	-42557.207353	-34073.312172	-40376.906440	-15759.298594	-30856.605572	-32512.713374	-38500.969231	-22270.607623	-28188.991927	-41028.549198	-36669.422587	-187500.022352	-0.080000	0.922000	-0.370000	192.000000	0.000000	0.000000	0.000000	0.000000	0.000000	0.000000	0.000000	0.000000	0.000000	1741901918.717135	0.000000
88.000000	-34595.717144	-22773.790094	-32631.311730	-19760.417314	-42543.326919	-34070.719370	-40374.939486	-15756.482274	-30811.857380	-32469.015714	-38456.533963	-22230.799166	-28141.069787	-40983.286915	-36617.343023	-187500.022352	-0.080000	0.922000	-0.370000	192.000000	0.000000	0.000000	0.000000	0.000000	0.000000	0.000000	0.000000	0.000000	0.000000	1741901918.764828	0.000000
90.000000	-34594.420742	-22766.101094	-32627.914265	-19755.678744	-42540.421193	-34056.526012	-40360.634370	-15746.826321	-30821.133354	-32483.253775	-38466.256972	-22244.769006	-28152.178604	-40997.435569	-36621.254578	-187500.022352	-0.080000	0.922000	-0.370000	192.000000	0.000000	0.000000	0.000000	0.000000	0.000000	0.000000	0.000000	0.000000	0.000000	1741901918.766980	0.000000
92.000000	-34590.531539	-22771.733734	-32626.170829	-19759.322078	-42543.550437	-34073.580393	-40370.156213	-15759.902091	-30803.766048	-32468.903955	-38449.515516	-22231.648532	-28134.073691	-40985.253869	-36614.660813	-187500.022352	-0.080000	0.922000	-0.370000	192.000000	0.000000	0.000000	0.000000	0.000000	0.000000	0.000000	0.000000	0.000000	0.000000	1741901918.769010	0.000000
94.000000	-34612.212731	-22783.848379	-32650.020140	-19772.934291	-42566.751548	-34082.364629	-40389.378713	-15772.128495	-30834.879677	-32500.956357	-38482.841966	-22264.349134	-28168.383618	-41021.508398	-36642.779308	-187500.022352	-0.084000	0.918000	-0.360000	192.000000	126.500000	48.000000	14.000000	88.000000	122.000000	96.000000	0.000000	0.000000	0.000000	1741901918.771035	0.000000
96.000000	-34594.756018	-22776.137027	-32632.228152	-19770.475599	-42554.748661	-34078.587184	-40381.689713	-15764.931234	-30816.193618	-32480.705676	-38462.546583	-22246.423035	-28147.842365	-40996.183872	-36638.688938	-187500.022352	-0.084000	0.918000	-0.360000	192.000000	0.000000	0.000000	0.000000	0.000000	0.000000	0.000000	0.000000	0.000000	0.000000	1741901918.773214	0.000000
98.000000	-34606.423629	-22781.188522	-32648.880201	-19771.302613	-42573.814699	-34081.492911	-40392.619716	-15772.061440	-30833.985607	-32499.168217	-38482.104359	-22264.729114	-28170.730552	-41017.909767	-36641.169982	-187500.022352	-0.084000	0.918000	-0.360000	192.000000	0.000000	0.000000	0.000000	0.000000	0.000000	0.000000	0.000000	0.000000	0.000000	1741901918.775253	0.000000
100.000000	-34570.727893	-22753.025324	-32613.720907	-19763.837131	-42538.320129	-34068.104216	-40364.858850	-15749.217957	-30816.126563	-32484.371362	-38457.092757	-22243.874937	-28151.016313	-41001.503587	-36639.627712	-187500.022352	-0.084000	0.918000	-0.360000	192.000000	0.000000	0.000000	0.000000	0.000000	0.000000	0.000000	0.000000	0.000000	0.000000	1741901918.777275	0.000000
102.000000	-34592.565548	-22767.308088	-32638.978379	-19758.673878	-42561.431832	-34072.127530	-40380.840347	-15764.975937	-30802.402592	-32468.546327	-38448.755556	-22227.155832	-28139.125185	-40992.451130	-36612.358583	-187500.022352	-0.084000	0.918000	-0.360000	192.000000	0.000000	0.000000	0.000000	0.000000	0.000000	0.000000	0.000000	0.000000	0.000000	1741901918.779294	0.000000
104.000000	-34577.522824	-22759.417922	-32622.728660	-19762.652488	-42545.472687	-34071.613440	-40371.094986	-15758.315117	-30814.673700	-32477.710542	-38452.421242	-22236.521213	-28147.909420	-40998.039067	-36640.521782	-187500.022352	-0.082000	0.914000	-0.362000	192.000000	126.500000	56.000000	14.000000	72.000000	122.000000	88.000000	0.000000	0.000000	0.000000	1741901918.825047	0.000000
106.000000	-34632.083432	-22808.144725	-32671.008428	-19788.602863	-42594.445359	-34104.761077	-40413.228025	-15796.111917	-30839.484136	-32508.153618	-38484.786568	-22267.478379	-28176.787874	-41030.046765	-36641.102927	-187500.022352	-0.082000	0.914000	-0.362000	192.000000	0.000000	0.000000	0.000000	0.000000	0.000000	0.000000	0.000000	0.000000	0.000000	1741901918.827339	0.000000
108.000000	-34605.216635	-22786.552940	-32645.728605	-19783.663128	-42566.170402	-34085.806797	-40389.244603	-15771.793219	-30847.284895	-32509.628833	-38484.764217	-22268.193635	-28180.475912	-41023.363593	-36662.650009	-187500.022352	-0.082000	0.914000	-0.362000	192.000000	0.000000	0.000000	0.000000	0.000000	0.000000	0.000000	0.000000	0.000000	0.000000	1741901918.829447	0.000000
110.000000	-34640.420632	-22816.303112	-32680.463216	-19797.923541	-42598.066342	-34110.617234	-40415.619661	-15799.084699	-30844.781499	-32516.669633	-38493.615507	-22273.848626	-28182.420514	-41031.924311	-36645.103889	-187500.022352	-0.082000	0.914000	-0.362000	192.000000	0.000000	0.000000	0.000000	0.000000	0.000000	0.000000	0.000000	0.000000	0.000000	1741901918.831497	0.000000
112.000000	-34598.600519	-22773.946556	-32641.817050	-19779.103372	-42555.709786	-34077.000210	-40380.460367	-15761.489065	-30849.318904	-32508.220674	-38485.792397	-22265.690239	-28179.447732	-41021.553102	-36666.315695	-187500.022352	-0.082000	0.914000	-0.362000	192.000000	0.000000	0.000000	0.000000	0.000000	0.000000	0.000000	0.000000	0.000000	0.000000	1741901918.833507	0.000000
114.000000	-34612.570359	-22789.145743	-32654.736358	-19779.550407	-42569.143184	-34089.293669	-40391.323315	-15776.263568	-30828.241209	-32494.072019	-38475.622353	-22251.563937	-28164.539118	-41013.707639	-36626.954273	-187500.022352	-0.084000	0.914000	-0.364000	192.000000	126.500000	48.000000	14.000000	72.000000	122.000000	80.000000	0.000000	0.000000	0.000000	1741901918.835511	0.000000
116.000000	-34584.787140	-22758.657963	-32626.081422	-19765.111180	-42539.169495	-34063.589163	-40355.024082	-15743.227690	-30835.617284	-32495.569586	-38474.147138	-22252.100379	-28162.862738	-41010.176064	-36646.914380	-187500.022352	-0.084000	0.914000	-0.364000	192.000000	0.000000	0.000000	0.000000	0.000000	0.000000	0.000000	0.000000	0.000000	0.000000	1741901918.837695	0.000000
118.000000	-34596.924138	-22776.047620	-32637.078480	-19758.495064	-42558.190830	-34077.447245	-40380.214498	-15763.724239	-30802.760220	-32469.887432	-38448.979074	-22227.312294	-28134.721891	-40988.874851	-36605.764819	-187500.022352	-0.084000	0.914000	-0.364000	192.000000	0.000000	0.000000	0.000000	0.000000	0.000000	0.000000	0.000000	0.000000	0.000000	1741901918.885224	0.000000
120.000000	-34582.462559	-22759.909661	-32619.755878	-19757.802160	-42540.689414	-34061.644561	-40358.578009	-15742.490082	-30832.465688	-32494.519054	-38467.352208	-22250.513405	-28159.353514	-41009.952546	-36642.868715	-187500.022352	-0.084000	0.914000	-0.364000	192.000000	0.000000	0.000000	0.000000	0.000000	0.000000	0.000000	0.000000	0.000000	0.000000	1741901918.887367	0.000000
122.000000	-34612.905635	-22791.738545	-32648.120242	-19772.062572	-42570.461937	-34093.987536	-40392.038571	-15779.728088	-30818.562903	-32487.545310	-38461.406644	-22239.181070	-28151.530403	-41007.292689	-36613.833799	-187500.022352	-0.084000	0.914000	-0.364000	192.000000	0.000000	0.000000	0.000000	0.000000	0.000000	0.000000	0.000000	0.000000	0.000000	1741901918.889407	0.000000
124.000000	-34564.715274	-22737.982599	-32598.119390	-19743.675857	-42520.662251	-34043.807869	-40342.015367	-15723.491099	-30820.865133	-32483.209072	-38454.209382	-22235.604791	-28147.194165	-40997.301459	-36630.329386	-187500.022352	-0.086000	0.914000	-0.362000	192.000000	126.500000	40.000000	14.000000	72.000000	122.000000	88.000000	0.000000	0.000000	0.000000	1741901918.891463	0.000000
126.000000	-34583.624850	-22765.587004	-32620.515838	-19752.191872	-42542.835181	-34073.759207	-40366.579934	-15756.504626	-30799.854493	-32471.608516	-38443.189972	-22226.686445	-28132.106737	-40990.215956	-36596.980583	-187500.022352	-0.086000	0.914000	-0.362000	192.000000	0.000000	0.000000	0.000000	0.000000	0.000000	0.000000	0.000000	0.000000	0.000000	1741901918.893658	0.000000
128.000000	-34598.041725	-22772.918376	-32631.579951	-19753.600032	-42549.294835	-34068.551251	-40371.430262	-15755.834074	-30820.194581	-32482.829092	-38456.086928	-22238.175242	-28148.088234	-41000.564814	-36620.539322	-187500.022352	-0.086000	0.914000	-0.362000	192.000000	0.000000	0.000000	0.000000	0.000000	0.000000	0.000000	0.000000	0.000000	0.000000	1741901918.895739	0.000000
130.000000	-34589.279841	-22774.035963	-32620.381727	-19760.998459	-42532.776896	-34073.312172	-40365.708216	-15753.531844	-30820.105174	-32488.059400	-38457.562144	-22241.349189	-28148.065883	-41006.331564	-36615.398421	-187500.022352	-0.086000	0.914000	-0.362000	192.000000	0.000000	0.000000	0.000000	0.000000	0.000000	0.000000	0.000000	0.000000	0.000000	1741901918.897777	0.000000
132.000000	-34599.606347	-22778.059277	-32631.825820	-19751.901299	-42537.269597	-34056.794233	-40361.595495	-15743.205338	-30819.613435	-32485.108970	-38454.343492	-22240.678637	-28143.975513	-40996.675610	-36613.520874	-187500.022352	-0.086000	0.914000	-0.362000	192.000000	0.000000	0.000000	0.000000	0.000000	0.000000	0.000000	0.000000	0.000000	0.000000	1741901918.899810	0.000000
134.000000	-34616.057231	-22801.394499	-32658.737321	-19781.405602	-42557.654388	-34091.104161	-40388.663457	-15775.995347	-30842.300456	-32505.963147	-38483.266650	-22265.533777	-28169.255336	-41017.708602	-36631.066994	-187500.022352	-0.084000	0.910000	-0.362000	192.000000	126.500000	48.000000	14.000000	56.000000	122.000000	88.000000	0.000000	0.000000	0.000000	1741901918.944772	0.000000
136.000000	-34592.230271	-22770.929071	-32625.030890	-19753.309459	-42520.103457	-34055.117852	-40351.268989	-15736.432759	-30840.244095	-32504.264415	-38476.449368	-22261.845739	-28167.198976	-41013.573529	-36635.514991	-187500.022352	-0.084000	0.910000	-0.362000	192.000000	0.000000	0.000000	0.000000	0.000000	0.000000	0.000000	0.000000	0.000000	0.000000	1741901918.947039	0.000000
138.000000	-34585.278879	-22777.299318	-32617.140724	-19749.330848	-42514.515521	-34069.311210	-40355.292303	-15745.731085	-30801.933205	-32477.621135	-38437.087946	-22227.222887	-28127.457574	-40986.907898	-36593.873691	-187500.022352	-0.084000	0.910000	-0.362000	192.000000	0.000000	0.000000	0.000000	0.000000	0.000000	0.000000	0.000000	0.000000	0.000000	1741901918.949105	0.000000
140.000000	-34592.252623	-22775.242958	-32622.102812	-19742.491215	-42518.941166	-34055.117852	-40348.609131	-15737.170367	-30808.415211	-32490.898072	-38444.195800	-22235.671846	-28133.961932	-40997.882604	-36595.438313	-187500.022352	-0.084000	0.910000	-0.362000	192.000000	0.000000	0.000000	0.000000	0.000000	0.000000	0.000000	0.000000	0.000000	0.000000	1741901918.951124	0.000000
142.000000	-34607.407106	-22800.008690	-32638.151364	-19773.984823	-42535.883789	-34086.276184	-40371.653780	-15761.354954	-30822.787383	-32502.453924	-38459.663207	-22249.284059	-28143.327313	-41013.819398	-36610.570444	-187500.022352	-0.084000	0.910000	-0.362000	192.000000	0.000000	0.000000	0.000000	0.000000	0.000000	0.000000	0.000000	0.000000	0.000000	1741901918.953148	0.000000
144.000000	-34613.531484	-22796.924150	-32643.426376	-19765.424104	-42543.349271	-34069.422969	-40371.474966	-15754.962355	-30833.695034	-32519.731822	-38474.147138	-22263.186844	-28154.480833	-41029.353861	-36619.846418	-187500.022352	-0.080000	0.914000	-0.362000	192.000000	126.500000	64.000000	14.000000	72.000000	122.000000	88.000000	0.000000	0.000000	0.000000	1741901918.955181	0.000000
146.000000	-34639.727728	-22829.848269	-32676.708123	-19797.007119	-42573.144147	-34113.120629	-40408.087123	-15794.927275	-30850.704712	-32534.059290	-38488.027571	-22272.440466	-28173.032781	-41040.529733	-36643.785136	-187500.022352	-0.080000	0.914000	-0.362000	192.000000	0.000000	0.000000	0.000000	0.000000	0.000000	0.000000	0.000000	0.000000	0.000000	1741901918.957310	0.000000
148.000000	-34619.208827	-22800.880408	-32656.099815	-19778.790448	-42547.372585	-34083.571623	-40381.220327	-15766.920539	-30854.169232	-32537.926142	-38494.777798	-22277.760181	-28176.542005	-41048.554009	-36644.723909	-187500.022352	-0.080000	0.914000	-0.362000	192.000000	0.000000	0.000000	0.000000	0.000000	0.000000	0.000000	0.000000	0.000000	0.000000	1741901919.004465	0.000000
150.000000	-34602.579129	-22788.139914	-32638.777213	-19771.056744	-42528.194788	-34079.861233	-40365.305885	-15757.957489	-30828.464726	-32507.706583	-38463.798280	-22246.646553	-28144.802528	-41016.993346	-36625.747278	-187500.022352	-0.080000	0.914000	-0.362000	192.000000	0.000000	0.000000	0.000000	0.000000	0.000000	0.000000	0.000000	0.000000	0.000000	1741901919.006684	0.000000
152.000000	-34621.131077	-22801.752126	-32654.289324	-19773.001346	-42546.322053	-34084.979783	-40379.365132	-15765.758248	-30840.735834	-32528.605465	-38482.350228	-22265.332611	-28159.666438	-41039.792125	-36624.540284	-187500.022352	-0.080000	0.914000	-0.362000	192.000000	0.000000	0.000000	0.000000	0.000000	0.000000	0.000000	0.000000	0.000000	0.000000	1741901919.008713	0.000000
154.000000	-34580.115626	-22764.804693	-32608.289434	-19750.068456	-42503.652573	-34054.469652	-40337.969701	-15729.749588	-30815.321900	-32494.697868	-38448.107356	-22235.470681	-28131.324426	-41003.627003	-36615.130200	-187500.022352	-0.088000	0.918000	-0.360000	192.000000	126.500000	32.000000	14.000000	88.000000	122.000000	96.000000	0.000000	0.000000	0.000000	1741901919.010772	0.000000
156.000000	-34626.383737	-22810.625769	-32654.937524	-19772.554311	-42550.568885	-34089.494835	-40384.148405	-15770.742687	-30822.653272	-32507.840694	-38466.189917	-22251.586288	-28143.014388	-41019.563796	-36600.467455	-187500.022352	-0.088000	0.918000	-0.360000	192.000000	0.000000	0.000000	0.000000	0.000000	0.000000	0.000000	0.000000	0.000000	0.000000	1741901919.012975	0.000000
158.000000	-34637.157278	-22824.148574	-32665.800472	-19794.280206	-42559.755452	-34103.039992	-40399.682867	-15786.254798	-30855.599744	-32532.226447	-38490.553318	-22276.888463	-28172.026953	-41037.780468	-36646.601456	-187500.022352	-0.088000	0.918000	-0.360000	192.000000	0.000000	0.000000	0.000000	0.000000	0.000000	0.000000	0.000000	0.000000	0.000000	1741901919.015006	0.000000
160.000000	-34659.710188	-22846.097987	-32691.102647	-19809.501744	-42581.056664	-34124.385908	-40416.759600	-15803.532696	-30876.811549	-32557.059235	-38522.561016	-22304.850495	-28198.781991	-41067.128309	-36654.111642	-187500.022352	-0.088000	0.918000	-0.360000	192.000000	0.000000	0.000000	0.000000	0.000000	0.000000	0.000000	0.000000	0.000000	0.000000	1741901919.017044	0.000000
162.000000	-34617.800667	-22805.730737	-32655.608077	-19788.111125	-42542.812829	-34090.902995	-40384.841309	-15768.842789	-30867.066189	-32536.741500	-38501.192749	-22285.158609	-28184.029840	-41042.720204	-36661.197145	-187500.022352	-0.088000	0.918000	-0.360000	192.000000	0.000000	0.000000	0.000000	0.000000	0.000000	0.000000	0.000000	0.000000	0.000000	1741901919.019069	0.000000
164.000000	-34621.064022	-22812.525667	-32662.224193	-19774.141285	-42551.664120	-34091.461789	-40387.322353	-15777.783487	-30831.884543	-32512.378098	-38475.734112	-22260.057600	-28158.370037	-41019.273224	-36620.136991	-187500.022352	-0.090000	0.912000	-0.358000	192.000000	126.500000	24.000000	14.000000	64.000000	122.000000	104.000000	0.000000	0.000000	0.000000	1741901919.064716	0.000000
166.000000	-34604.970766	-22796.208894	-32646.354454	-19774.029526	-42537.873094	-34082.878719	-40374.514803	-15764.439495	-30849.385959	-32524.582151	-38482.886670	-22272.127542	-28171.021124	-41029.398564	-36653.329331	-187500.022352	-0.090000	0.912000	-0.358000	192.000000	0.000000	0.000000	0.000000	0.000000	0.000000	0.000000	0.000000	0.000000	0.000000	1741901919.067034	0.000000
168.000000	-34634.676234	-22831.569354	-32676.685772	-19789.742802	-42573.725292	-34116.942777	-40413.183321	-15802.660978	-30834.052662	-32523.285749	-38479.511557	-22270.473512	-28163.287421	-41032.058422	-36633.860962	-187500.022352	-0.090000	0.912000	-0.358000	192.000000	0.000000	0.000000	0.000000	0.000000	0.000000	0.000000	0.000000	0.000000	0.000000	1741901919.069092	0.000000
170.000000	-34596.924138	-22787.849341	-32637.212591	-19775.013003	-42533.603911	-34088.198434	-40375.297114	-15764.931234	-30846.726101	-32527.510229	-38482.484339	-22278.140161	-28170.752903	-41035.299425	-36663.678189	-187500.022352	-0.090000	0.912000	-0.358000	192.000000	0.000000	0.000000	0.000000	0.000000	0.000000	0.000000	0.000000	0.000000	0.000000	1741901919.071304	0.000000
172.000000	-34627.322510	-22822.896877	-32669.287344	-19787.328814	-42562.772937	-34118.574455	-40411.842216	-15803.152717	-30823.927322	-32511.014642	-38469.743844	-22260.638745	-28147.976476	-41024.503532	-36625.993148	-187500.022352	-0.090000	0.912000	-0.358000	192.000000	0.000000	0.000000	0.000000	0.000000	0.000000	0.000000	0.000000	0.000000	0.000000	1741901919.073425	0.000000
174.000000	-34622.874513	-22811.475135	-32662.492414	-19792.894398	-42551.284141	-34106.906844	-40398.520577	-15785.785411	-30862.931116	-32542.597657	-38500.231624	-22289.383088	-28182.554624	-41051.482088	-36669.199070	-187500.022352	-0.088000	0.922000	-0.360000	192.000000	126.500000	32.000000	14.000000	104.000000	122.000000	96.000000	0.000000	0.000000	0.000000	1741901919.075479	0.000000
176.000000	-34621.198132	-22816.772499	-32658.491452	-19793.788468	-42549.093670	-34118.216827	-40396.575975	-15789.495801	-30844.379168	-32528.471354	-38488.116978	-22278.341327	-28166.416665	-41041.714375	-36643.315750	-187500.022352	-0.088000	0.922000	-0.360000	192.000000	0.000000	0.000000	0.000000	0.000000	0.000000	0.000000	0.000000	0.000000	0.000000	1741901919.077643	0.000000
178.000000	-34592.029106	-22781.926129	-32630.350605	-19767.502817	-42520.908120	-34075.502643	-40358.667416	-15749.061495	-30832.912723	-32514.814438	-38469.453272	-22263.231547	-28151.619810	-41023.900035	-36639.918284	-187500.022352	-0.088000	0.922000	-0.360000	192.000000	0.000000	0.000000	0.000000	0.000000	0.000000	0.000000	0.000000	0.000000	0.000000	1741901919.124963	0.000000
180.000000	-34609.195245	-22807.317711	-32650.400120	-19772.375497	-42545.852667	-34101.676536	-40389.356362	-15778.655205	-30813.645519	-32498.385906	-38454.678768	-22246.445387	-28137.627618	-41008.522035	-36615.666642	-187500.022352	-0.088000	0.922000	-0.360000	192.000000	0.000000	0.000000	0.000000	0.000000	0.000000	0.000000	0.000000	0.000000	0.000000	1741901919.127140	0.000000
182.000000	-34619.477048	-22808.167077	-32661.620696	-19781.718526	-42556.246228	-34099.776638	-40395.212519	-15778.409335	-30852.448148	-32526.973787	-38486.462949	-22277.402553	-28175.960860	-41040.485029	-36653.262276	-187500.022352	-0.088000	0.922000	-0.360000	192.000000	0.000000	0.000000	0.000000	0.000000	0.000000	0.000000	0.000000	0.000000	0.000000	1741901919.129204	0.000000
184.000000	-34619.633510	-22817.465403	-32661.330123	-19783.037279	-42556.827373	-34114.394678	-40405.069638	-15793.362652	-30836.377244	-32514.792086	-38470.168527	-22263.477416	-28158.727665	-41025.039974	-36638.957159	-187500.022352	-0.090000	0.918000	-0.364000	192.000000	126.500000	24.000000	14.000000	88.000000	122.000000	80.000000	0.000000	0.000000	0.000000	1741901919.131214	0.000000
186.000000	-34598.756981	-22784.809504	-32641.660588	-19763.054819	-42535.660271	-34081.604669	-40370.647951	-15756.214053	-30855.108005	-32527.040842	-38482.953725	-22273.602757	-28177.503130	-41036.975805	-36651.764709	-187500.022352	-0.090000	0.918000	-0.364000	192.000000	0.000000	0.000000	0.000000	0.000000	0.000000	0.000000	0.000000	0.000000	0.000000	1741901919.133401	0.000000
188.000000	-34623.500362	-22819.342949	-32666.962763	-19782.433782	-42564.538725	-34115.936949	-40411.238719	-15797.609484	-30837.360720	-32505.382002	-38464.938219	-22249.976963	-28159.487624	-41017.082753	-36633.570389	-187500.022352	-0.090000	0.918000	-0.364000	192.000000	0.000000	0.000000	0.000000	0.000000	0.000000	0.000000	0.000000	0.000000	0.000000	1741901919.135455	0.000000
190.000000	-34633.670406	-22822.315731	-32677.356324	-19790.525113	-42570.864269	-34112.964167	-40405.784894	-15793.340301	-30871.871814	-32544.654017	-38499.717534	-22287.818466	-28195.563340	-41054.633684	-36667.589744	-187500.022352	-0.090000	0.918000	-0.364000	192.000000	0.000000	0.000000	0.000000	0.000000	0.000000	0.000000	0.000000	0.000000	0.000000	1741901919.137467	0.000000
192.000000	-34635.235028	-22832.172851	-32682.854853	-19805.433727	-42578.262696	-34136.232333	-40428.784839	-15817.413129	-30865.747436	-32537.993197	-38493.257879	-22283.146952	-28189.371906	-41048.039919	-36668.729683	-187500.022352	-0.090000	0.918000	-0.364000	192.000000	0.000000	0.000000	0.000000	0.000000	0.000000	0.000000	0.000000	0.000000	0.000000	1741901919.139554	0.000000
194.000000	-34613.889112	-22803.964949	-32663.185318	-19786.591206	-42555.508620	-34107.085658	-40400.174606	-15784.556065	-30861.724122	-32536.808555	-38489.592193	-22282.789324	-28185.035668	-41049.202210	-36664.371093	-187500.022352	-0.088000	0.916000	-0.366000	192.000000	126.500000	32.000000	14.000000	80.000000	122.000000	72.000000	0.000000	0.000000	0.000000	1741901919.185484	0.000000
196.000000	-34574.482986	-22769.923242	-32623.242751	-19762.943061	-42513.219120	-34085.560928	-40363.584800	-15756.504626	-30822.295645	-32493.759095	-38447.436803	-22242.645591	-28143.394368	-41005.683363	-36637.705462	-187500.022352	-0.088000	0.916000	-0.366000	192.000000	0.000000	0.000000	0.000000	0.000000	0.000000	0.000000	0.000000	0.000000	0.000000	1741901919.187758	0.000000
198.000000	-34629.892961	-22817.778327	-32676.015219	-19778.142247	-42564.382263	-34114.908769	-40410.143484	-15797.520077	-30828.397671	-32506.901921	-38462.367769	-22254.648477	-28152.692694	-41019.943776	-36625.479057	-187500.022352	-0.088000	0.916000	-0.366000	192.000000	0.000000	0.000000	0.000000	0.000000	0.000000	0.000000	0.000000	0.000000	0.000000	1741901919.189842	0.000000
200.000000	-34619.655862	-22811.162211	-32659.184356	-19788.535808	-42548.490172	-34116.741612	-40397.648859	-15788.735841	-30860.830052	-32531.265322	-38488.251089	-22281.090591	-28177.413723	-41040.999119	-36671.300134	-187500.022352	-0.088000	0.916000	-0.366000	192.000000	0.000000	0.000000	0.000000	0.000000	0.000000	0.000000	0.000000	0.000000	0.000000	1741901919.191885	0.000000
202.000000	-34648.802537	-22836.196165	-32684.620641	-19788.111125	-42575.133452	-34122.664824	-40419.061830	-15801.632798	-30854.817433	-32528.471354	-38487.491129	-22275.636765	-28173.926851	-41040.350919	-36645.193296	-187500.022352	-0.088000	0.916000	-0.366000	192.000000	0.000000	0.000000	0.000000	0.000000	0.000000	0.000000	0.000000	0.000000	0.000000	1741901919.193924	0.000000
204.000000	-34632.910446	-22822.807470	-32670.181414	-19796.068346	-42559.889562	-34119.468524	-40405.449618	-15792.490934	-30879.203186	-32546.822136	-38502.980888	-22292.534684	-28193.685793	-41054.924256	-36678.340933	-187500.022352	-0.086000	0.914000	-0.366000	192.000000	126.500000	40.000000	14.000000	72.000000	122.000000	72.000000	0.000000	0.000000	0.000000	1741901919.195951	0.000000
206.000000	-34639.146583	-22825.824955	-32678.250394	-19785.764192	-42564.494021	-34115.199341	-40411.194016	-15796.447193	-30858.304305	-32529.790107	-38492.050885	-22276.508483	-28179.000697	-41042.899018	-36646.713215	-187500.022352	-0.086000	0.914000	-0.366000	192.000000	0.000000	0.000000	0.000000	0.000000	0.000000	0.000000	0.000000	0.000000	0.000000	1741901919.198099	0.000000
208.000000	-34584.831844	-22773.343059	-32630.887047	-19757.690401	-42515.342535	-34075.681457	-40363.182469	-15747.094541	-30840.557020	-32505.203188	-38466.301676	-22253.352076	-28158.079464	-41016.076924	-36649.976569	-187500.022352	-0.086000	0.914000	-0.366000	192.000000	0.000000	0.000000	0.000000	0.000000	0.000000	0.000000	0.000000	0.000000	0.000000	1741901919.200098	0.000000
210.000000	-34622.092202	-22810.536362	-32670.807263	-19767.324003	-42554.100460	-34107.242120	-40399.928737	-15785.293673	-30831.057528	-32503.370345	-38465.698178	-22249.284059	-28153.542060	-41017.842712	-36620.785191	-187500.022352	-0.086000	0.914000	-0.366000	192.000000	0.000000	0.000000	0.000000	0.000000	0.000000	0.000000	0.000000	0.000000	0.000000	1741901919.245571	0.000000
212.000000	-34610.357536	-22799.271083	-32660.726626	-19768.910977	-42542.768126	-34096.692097	-40386.472987	-15772.374364	-30853.051645	-32517.764868	-38478.550432	-22264.125617	-28173.882148	-41029.845599	-36660.057206	-187500.022352	-0.086000	0.914000	-0.366000	192.000000	0.000000	0.000000	0.000000	0.000000	0.000000	0.000000	0.000000	0.000000	0.000000	1741901919.247765	0.000000
214.000000	-34598.600519	-22791.716193	-32648.187297	-19761.199625	-42533.492152	-34091.350030	-40377.487585	-15766.562911	-30836.109023	-32509.025336	-38467.285152	-22254.670829	-28160.895784	-41023.341241	-36631.134049	-187500.022352	-0.078000	0.912000	-0.366000	192.000000	126.500000	72.000000	14.000000	64.000000	122.000000	72.000000	0.000000	0.000000	0.000000	1741901919.249887	0.000000
216.000000	-34572.851309	-22764.871748	-32620.761707	-19746.201604	-42507.854701	-34064.036198	-40350.598437	-15738.355009	-30821.714499	-32490.473388	-38443.435841	-22236.007123	-28143.707293	-41003.068209	-36627.758935	-187500.022352	-0.078000	0.912000	-0.366000	192.000000	0.000000	0.000000	0.000000	0.000000	0.000000	0.000000	0.000000	0.000000	0.000000	1741901919.252089	0.000000
218.000000	-34608.189417	-22803.987301	-32659.787853	-19771.883759	-42548.177248	-34105.118704	-40398.855853	-15786.254798	-30823.212066	-32504.063249	-38452.264780	-22244.992524	-28152.536232	-41019.630852	-36616.046621	-187500.022352	-0.078000	0.912000	-0.366000	192.000000	0.000000	0.000000	0.000000	0.000000	0.000000	0.000000	0.000000	0.000000	0.000000	1741901919.254108	0.000000
220.000000	-34607.921196	-22800.209856	-32662.917097	-19770.453247	-42543.997472	-34095.730972	-40384.729550	-15772.776696	-30839.215915	-32511.908711	-38458.076234	-22250.289887	-28165.790816	-41021.083715	-36644.790965	-187500.022352	-0.078000	0.912000	-0.366000	192.000000	0.000000	0.000000	0.000000	0.000000	0.000000	0.000000	0.000000	0.000000	0.000000	1741901919.256155	0.000000
222.000000	-34628.216580	-22826.964894	-32681.692562	-19794.883704	-42558.347292	-34128.476277	-40410.098780	-15800.291693	-30852.761072	-32531.332377	-38484.406589	-22272.351059	-28182.688735	-41045.469468	-36647.629636	-187500.022352	-0.078000	0.912000	-0.366000	192.000000	0.000000	0.000000	0.000000	0.000000	0.000000	0.000000	0.000000	0.000000	0.000000	1741901919.258196	0.000000
224.000000	-34594.219577	-22789.548074	-32650.802451	-19772.084924	-42525.020841	-34087.997268	-40375.811204	-15762.740763	-30852.626962	-32527.778450	-38479.802129	-22270.652326	-28174.887976	-41038.383965	-36658.961971	-187500.022352	-0.080000	0.908000	-0.362000	192.000000	126.500000	64.000000	14.000000	48.000000	122.000000	88.000000	0.000000	0.000000	0.000000	1741901919.306832	0.000000
226.000000	-34624.148562	-22824.863830	-32683.234833	-19788.491105	-42562.057681	-34124.028280	-40423.643938	-15810.439385	-30830.789307	-32512.311043	-38466.793414	-22255.810768	-28155.620772	-41024.503532	-36634.866790	-187500.022352	-0.080000	0.908000	-0.362000	192.000000	0.000000	0.000000	0.000000	0.000000	0.000000	0.000000	0.000000	0.000000	0.000000	1741901919.309118	0.000000
228.000000	-34582.820187	-22773.946556	-32637.436108	-19760.685535	-42512.816788	-34071.836957	-40358.578009	-15745.976954	-30841.920476	-32519.083621	-38473.029551	-22265.354963	-28165.902575	-41030.002061	-36660.705407	-187500.022352	-0.080000	0.908000	-0.362000	192.000000	0.000000	0.000000	0.000000	0.000000	0.000000	0.000000	0.000000	0.000000	0.000000	1741901919.311146	0.000000
230.000000	-34619.812324	-22821.645179	-32671.209594	-19780.176256	-42547.305530	-34108.739687	-40397.850024	-15787.059461	-30817.646482	-32500.777543	-38452.980036	-22246.311277	-28143.126147	-41013.886453	-36621.634557	-187500.022352	-0.080000	0.908000	-0.362000	192.000000	0.000000	0.000000	0.000000	0.000000	0.000000	0.000000	0.000000	0.000000	0.000000	1741901919.313162	0.000000
232.000000	-34599.807513	-22794.040775	-32651.897687	-19777.091715	-42522.360983	-34082.856367	-40365.082367	-15753.487140	-30859.041912	-32544.296389	-38488.608717	-22288.153742	-28180.162988	-41051.280922	-36656.279761	-187500.022352	-0.080000	0.908000	-0.362000	192.000000	0.000000	0.000000	0.000000	0.000000	0.000000	0.000000	0.000000	0.000000	0.000000	1741901919.315235	0.000000
234.000000	-34592.587899	-22798.354661	-32646.756786	-19768.441590	-42524.216178	-34091.685306	-40368.278667	-15759.790332	-30813.779630	-32501.582205	-38443.078213	-22243.405550	-28140.242772	-41010.868968	-36612.403287	-187500.022352	-0.084000	0.908000	-0.364000	192.000000	126.500000	48.000000	14.000000	48.000000	122.000000	80.000000	0.000000	0.000000	0.000000	1741901919.317360	0.000000
236.000000	-34595.337164	-22790.822123	-32646.197992	-19760.551424	-42524.439695	-34077.000210	-40364.277704	-15748.815626	-30831.370453	-32516.691985	-38459.305580	-22260.974021	-28161.186357	-41026.314023	-36631.290511	-187500.022352	-0.084000	0.908000	-0.364000	192.000000	0.000000	0.000000	0.000000	0.000000	0.000000	0.000000	0.000000	0.000000	0.000000	1741901919.319510	0.000000
238.000000	-34605.462504	-22809.262313	-32653.909344	-19767.346354	-42533.492152	-34098.279071	-40385.869489	-15775.302443	-30818.384089	-32503.035069	-38447.660321	-22247.920602	-28146.657723	-41009.147884	-36621.254578	-187500.022352	-0.084000	0.908000	-0.364000	192.000000	0.000000	0.000000	0.000000	0.000000	0.000000	0.000000	0.000000	0.000000	0.000000	1741901919.321522	0.000000
240.000000	-34618.448868	-22812.503316	-32665.353437	-19778.857503	-42542.321091	-34097.697925	-40384.796606	-15771.390888	-30860.852404	-32541.167145	-38490.061580	-22286.812638	-28186.868511	-41049.626893	-36650.580067	-187500.022352	-0.084000	0.908000	-0.364000	192.000000	0.000000	0.000000	0.000000	0.000000	0.000000	0.000000	0.000000	0.000000	0.000000	1741901919.365630	0.000000
242.000000	-34590.173911	-22792.699670	-32638.240771	-19763.725372	-42516.929509	-34085.337411	-40368.457480	-15758.829207	-30826.631883	-32502.811551	-38450.431937	-22248.658210	-28149.496394	-41009.751381	-36624.182656	-187500.022352	-0.084000	0.908000	-0.364000	192.000000	0.000000	0.000000	0.000000	0.000000	0.000000	0.000000	0.000000	0.000000	0.000000	1741901919.367760	0.000000
244.000000	-34620.482876	-22812.860943	-32667.163928	-19770.006212	-42548.624283	-34097.899091	-40393.960821	-15779.348109	-30842.434566	-32521.363499	-38469.542679	-22265.824350	-28167.467197	-41028.482143	-36625.434354	-187500.022352	-0.086000	0.912000	-0.362000	192.000000	126.500000	40.000000	14.000000	64.000000	122.000000	88.000000	0.000000	0.000000	0.000000	1741901919.369805	0.000000
246.000000	-34609.888149	-22811.497487	-32660.614867	-19780.779753	-42544.198638	-34108.762039	-40393.916117	-15784.712527	-30843.932133	-32518.793049	-38466.458138	-22264.818521	-28165.857871	-41027.453962	-36641.885238	-187500.022352	-0.086000	0.912000	-0.362000	192.000000	0.000000	0.000000	0.000000	0.000000	0.000000	0.000000	0.000000	0.000000	0.000000	1741901919.371986	0.000000
248.000000	-34617.353632	-22810.849286	-32671.746036	-19781.226788	-42552.222914	-34104.738725	-40395.547795	-15783.192609	-30857.052607	-32534.819249	-38487.625240	-22282.074068	-28182.442866	-41046.922332	-36643.785136	-187500.022352	-0.086000	0.912000	-0.362000	192.000000	0.000000	0.000000	0.000000	0.000000	0.000000	0.000000	0.000000	0.000000	0.000000	1741901919.374004	0.000000
250.000000	-34587.871681	-22785.301243	-32647.963780	-19771.056744	-42523.947957	-34091.707658	-40371.005579	-15763.098390	-30840.914648	-32511.729897	-38465.362902	-22260.191710	-28164.516767	-41021.039012	-36643.293398	-187500.022352	-0.086000	0.912000	-0.362000	192.000000	0.000000	0.000000	0.000000	0.000000	0.000000	0.000000	0.000000	0.000000	0.000000	1741901919.375993	0.000000
252.000000	-34607.116533	-22799.762821	-32664.325257	-19771.481427	-42538.543646	-34096.803856	-40384.930716	-15773.424896	-30837.561886	-32513.272168	-38471.777853	-22262.963326	-28165.656706	-41027.319852	-36623.668566	-187500.022352	-0.086000	0.912000	-0.362000	192.000000	0.000000	0.000000	0.000000	0.000000	0.000000	0.000000	0.000000	0.000000	0.000000	1741901919.378023	0.000000
254.000000	-34582.507263	-22781.412039	-32639.067786	-19757.109255	-42514.135541	-34079.257736	-40369.284495	-15760.393829	-30819.680490	-32490.361630	-38444.016986	-22240.589230	-28142.679112	-40998.910785	-36620.047584	-187500.022352	-0.090000	0.908000	-0.366000	192.000000	126.500000	24.000000	14.000000	48.000000	122.000000	72.000000	0.000000	0.000000	0.000000	1741901919.425930	0.000000
0.000000	-34607.272995	-22802.847362	-32669.197937	-19773.984823	-42541.047042	-34099.553120	-40394.564318	-15781.627987	-30846.949619	-32524.425688	-38479.355094	-22273.669812	-28174.753866	-41037.244026	-36630.821124	-187500.022352	-0.090000	0.908000	-0.366000	192.000000	0.000000	0.000000	0.000000	0.000000	0.000000	0.000000	0.000000	0.000000	0.000000	1741901919.428328	0.000000
2.000000	-34579.199204	-22773.588928	-32636.720852	-19748.459130	-42503.496111	-34064.036198	-40362.713082	-15744.457036	-30821.647444	-32486.673592	-38443.346434	-22236.454157	-28145.808357	-40996.586203	-36630.418793	-187500.022352	-0.090000	0.908000	-0.366000	192.000000	0.000000	0.000000	0.000000	0.000000	0.000000	0.000000	0.000000	0.000000	0.000000	1741901919.430371	0.000000
4.000000	-34645.002740	-22839.750092	-32692.801379	-19777.471695	-42552.513486	-34109.812571	-40406.544853	-15797.453022	-30843.820374	-32517.139020	-38473.744806	-22260.102303	-28171.982249	-41025.978747	-36619.913473	-187500.022352	-0.090000	0.908000	-0.366000	192.000000	0.000000	0.000000	0.000000	0.000000	0.000000	0.000000	0.000000	0.000000	0.000000	1741901919.432411	0.000000
6.000000	-34625.377908	-22820.125260	-32667.432149	-19779.215131	-42525.177303	-34087.997268	-40378.068731	-15768.239292	-30875.202224	-32545.033997	-38491.827368	-22283.504579	-28194.333994	-41045.558875	-36657.129128	-187500.022352	-0.090000	0.908000	-0.366000	192.000000	0.000000	0.000000	0.000000	0.000000	0.000000	0.000000	0.000000	0.000000	0.000000	1741901919.434414	0.000000
8.000000	-34627.076641	-22822.651007	-32669.600269	-19773.135456	-42533.782725	-34092.624079	-40388.551699	-15774.162504	-30847.664875	-32526.571456	-38473.945972	-22264.460893	-28168.003639	-41027.632776	-36619.757011	-187500.022352	-0.086000	0.914000	-0.366000	192.000000	126.500000	40.000000	14.000000	72.000000	122.000000	72.000000	0.000000	0.000000	0.000000	1741901919.436443	0.000000
10.000000	-34605.931891	-22794.800734	-32651.428300	-19755.298764	-42520.908120	-34063.544460	-40362.780137	-15748.592108	-30837.025444	-32503.705621	-38458.925600	-22247.674733	-28152.022141	-41005.705715	-36627.423659	-187500.022352	-0.086000	0.914000	-0.366000	192.000000	0.000000	0.000000	0.000000	0.000000	0.000000	0.000000	0.000000	0.000000	0.000000	1741901919.438621	0.000000
12.000000	-34628.373042	-22819.342949	-32674.338838	-19780.399773	-42553.787536	-34093.071114	-40390.004562	-15778.208170	-30850.414139	-32521.229389	-38488.541661	-22271.546396	-28172.384581	-41029.510323	-36627.222494	-187500.022352	-0.086000	0.914000	-0.366000	192.000000	0.000000	0.000000	0.000000	0.000000	0.000000	0.000000	0.000000	0.000000	0.000000	1741901919.440652	0.000000
14.000000	-34611.184551	-22795.806562	-32651.741225	-19766.742857	-42537.202541	-34064.147957	-40369.664475	-15753.844768	-30842.367511	-32507.907749	-38479.332743	-22259.767027	-28159.398217	-41014.355840	-36635.023252	-187500.022352	-0.086000	0.914000	-0.366000	192.000000	0.000000	0.000000	0.000000	0.000000	0.000000	0.000000	0.000000	0.000000	0.000000	1741901919.486201	0.000000
16.000000	-34634.944455	-22822.963932	-32675.389370	-19787.351166	-42569.009074	-34100.849521	-40405.941356	-15788.624083	-30841.272276	-32514.702679	-38491.268574	-22268.126579	-28162.102778	-41025.330547	-36624.920264	-187500.022352	-0.086000	0.914000	-0.366000	192.000000	0.000000	0.000000	0.000000	0.000000	0.000000	0.000000	0.000000	0.000000	0.000000	1741901919.488330	0.000000
18.000000	-34597.304117	-22776.695821	-32637.279646	-19765.513511	-42536.576693	-34058.180041	-40365.372940	-15742.981820	-30841.786366	-32512.132229	-38489.323972	-22268.215986	-28160.202880	-41016.568663	-36646.489697	-187500.022352	-0.086000	0.918000	-0.358000	192.000000	126.500000	40.000000	14.000000	88.000000	122.000000	104.000000	0.000000	0.000000	0.000000	1741901919.490358	0.000000
20.000000	-34614.269091	-22800.053394	-32650.087196	-19770.922634	-42557.654388	-34081.023524	-40390.541004	-15770.094486	-30812.371470	-32487.008868	-38468.738016	-22245.908945	-28135.794775	-40992.987572	-36611.173941	-187500.022352	-0.086000	0.918000	-0.358000	192.000000	0.000000	0.000000	0.000000	0.000000	0.000000	0.000000	0.000000	0.000000	0.000000	1741901919.492552	0.000000
22.000000	-34584.094236	-22759.104998	-32617.520704	-19748.481482	-42525.177303	-34040.209239	-40350.889009	-15725.614515	-30823.748508	-32490.786313	-38473.633048	-22254.044980	-28145.406025	-40996.787369	-36628.384784	-187500.022352	-0.086000	0.918000	-0.358000	192.000000	0.000000	0.000000	0.000000	0.000000	0.000000	0.000000	0.000000	0.000000	0.000000	1741901919.494630	0.000000
24.000000	-34617.621853	-22802.713251	-32649.886030	-19770.095619	-42558.950789	-34086.700867	-40393.714952	-15775.570664	-30808.169342	-32483.767865	-38464.602943	-22246.020704	-28131.346778	-40988.070189	-36609.296395	-187500.022352	-0.086000	0.918000	-0.358000	192.000000	0.000000	0.000000	0.000000	0.000000	0.000000	0.000000	0.000000	0.000000	0.000000	1741901919.496667	0.000000
26.000000	-34638.632493	-22813.978531	-32667.074521	-19787.552331	-42580.117891	-34095.730972	-40408.735324	-15783.729051	-30851.107043	-32525.297406	-38503.137350	-22288.265501	-28171.646973	-41030.806724	-36656.190354	-187500.022352	-0.086000	0.918000	-0.358000	192.000000	0.000000	0.000000	0.000000	0.000000	0.000000	0.000000	0.000000	0.000000	0.000000	1741901919.498667	0.000000
28.000000	-34607.988251	-22791.693841	-32633.971588	-19781.584416	-42549.987739	-34084.823320	-40384.506033	-15766.115876	-30835.527877	-32510.969938	-38486.328839	-22275.480303	-28156.537194	-41015.786352	-36646.690863	-187500.022352	-0.090000	0.918000	-0.362000	192.000000	126.500000	24.000000	14.000000	88.000000	122.000000	88.000000	0.000000	0.000000	0.000000	1741901919.546720	0.000000
30.000000	-34616.951301	-22790.755068	-32644.588667	-19770.542654	-42559.487231	-34070.697018	-40386.338876	-15762.249024	-30833.985607	-32508.019508	-38481.523214	-22272.105190	-28155.732531	-41012.232424	-36634.039776	-187500.022352	-0.090000	0.918000	-0.362000	192.000000	0.000000	0.000000	0.000000	0.000000	0.000000	0.000000	0.000000	0.000000	0.000000	1741901919.549018	0.000000
32.000000	-34616.750135	-22801.126278	-32646.622675	-19775.102410	-42561.208315	-34090.813588	-40399.548757	-15781.069193	-30820.529857	-32497.156560	-38466.368731	-22257.956536	-28141.181545	-40998.843729	-36630.709366	-187500.022352	-0.090000	0.918000	-0.362000	192.000000	0.000000	0.000000	0.000000	0.000000	0.000000	0.000000	0.000000	0.000000	0.000000	1741901919.551070	0.000000
34.000000	-34633.625702	-22807.295359	-32666.314562	-19782.210264	-42575.804004	-34097.116780	-40402.476836	-15783.773754	-30859.399540	-32530.371252	-38506.467760	-22292.646443	-28184.365116	-41041.289692	-36659.654875	-187500.022352	-0.090000	0.918000	-0.362000	192.000000	0.000000	0.000000	0.000000	0.000000	0.000000	0.000000	0.000000	0.000000	0.000000	1741901919.553086	0.000000
36.000000	-34612.056269	-22792.342042	-32642.331140	-19777.404639	-42552.424079	-34089.740704	-40386.137710	-15768.172236	-30841.160517	-32511.081697	-38487.446426	-22269.646498	-28164.516767	-41019.630852	-36651.295322	-187500.022352	-0.090000	0.918000	-0.362000	192.000000	0.000000	0.000000	0.000000	0.000000	0.000000	0.000000	0.000000	0.000000	0.000000	1741901919.555095	0.000000
38.000000	-34606.736554	-22782.306109	-32636.184411	-19758.919747	-42541.561132	-34066.114910	-40371.385559	-15750.156730	-30825.134316	-32497.961223	-38477.231679	-22257.442445	-28149.697560	-41007.516206	-36622.618034	-187500.022352	-0.080000	0.918000	-0.364000	192.000000	126.500000	64.000000	14.000000	88.000000	122.000000	80.000000	0.000000	0.000000	0.000000	1741901919.557099	0.000000
40.000000	-34602.221501	-22784.898911	-32629.568294	-19761.132569	-42531.972233	-34067.701884	-40364.858850	-15749.173254	-30809.331633	-32481.555042	-38458.791489	-22243.629067	-28130.028025	-40985.812662	-36616.672470	-187500.022352	-0.080000	0.918000	-0.364000	192.000000	0.000000	0.000000	0.000000	0.000000	0.000000	0.000000	0.000000	0.000000	0.000000	1741901919.559256	0.000000
42.000000	-34627.881304	-22804.210818	-32654.758710	-19776.421163	-42553.340501	-34079.414198	-40383.701370	-15764.908882	-30834.007959	-32514.099182	-38489.145158	-22274.697992	-28159.286458	-41017.082753	-36628.138915	-187500.022352	-0.080000	0.918000	-0.364000	192.000000	0.000000	0.000000	0.000000	0.000000	0.000000	0.000000	0.000000	0.000000	0.000000	1741901919.561336	0.000000
44.000000	-34612.883283	-22795.560693	-32636.743204	-19779.192779	-42535.146181	-34071.769902	-40372.100815	-15753.934175	-30830.342273	-32504.800857	-38478.438673	-22267.724248	-28149.697560	-41005.303384	-36635.716156	-187500.022352	-0.080000	0.918000	-0.364000	192.000000	0.000000	0.000000	0.000000	0.000000	0.000000	0.000000	0.000000	0.000000	0.000000	1741901919.606016	0.000000
46.000000	-34615.163161	-22793.034946	-32635.625617	-19770.922634	-42536.464934	-34064.818509	-40369.776233	-15749.374419	-30828.464726	-32511.528732	-38483.378408	-22271.121713	-28150.748092	-41011.763038	-36615.040793	-187500.022352	-0.080000	0.918000	-0.364000	192.000000	0.000000	0.000000	0.000000	0.000000	0.000000	0.000000	0.000000	0.000000	0.000000	1741901919.608127	0.000000
48.000000	-34621.086373	-22802.199161	-32639.805393	-19775.705907	-42545.048004	-34082.386980	-40380.527422	-15764.037164	-30830.409328	-32501.649261	-38475.331780	-22261.532815	-28147.797662	-41003.448189	-36626.417831	-187500.022352	-0.084000	0.922000	-0.362000	192.000000	126.500000	48.000000	14.000000	104.000000	122.000000	88.000000	0.000000	0.000000	0.000000	1741901919.610140	0.000000
50.000000	-34635.033862	-22814.872600	-32656.457443	-19784.221921	-42565.477498	-34100.067210	-40398.967612	-15782.276187	-30841.696959	-32523.643377	-38494.911908	-22281.984661	-28165.142615	-41031.454925	-36628.541246	-187500.022352	-0.084000	0.922000	-0.362000	192.000000	0.000000	0.000000	0.000000	0.000000	0.000000	0.000000	0.000000	0.000000	0.000000	1741901919.612325	0.000000
52.000000	-34605.686022	-22787.938748	-32628.629521	-19775.281224	-42539.102440	-34077.626059	-40370.424434	-15756.504626	-30833.337406	-32513.048650	-38478.773949	-22270.808789	-28153.832633	-41017.909767	-36639.605360	-187500.022352	-0.084000	0.922000	-0.362000	192.000000	0.000000	0.000000	0.000000	0.000000	0.000000	0.000000	0.000000	0.000000	0.000000	1741901919.614344	0.000000
54.000000	-34630.407051	-22815.543153	-32653.261143	-19783.059631	-42561.565943	-34093.674611	-40394.586670	-15777.224693	-30823.279121	-32511.238159	-38479.109225	-22268.148931	-28147.797662	-41020.256701	-36616.761877	-187500.022352	-0.084000	0.922000	-0.362000	192.000000	0.000000	0.000000	0.000000	0.000000	0.000000	0.000000	0.000000	0.000000	0.000000	1741901919.616355	0.000000
56.000000	-34641.828792	-22823.969760	-32663.364132	-19800.650454	-42567.645617	-34100.536597	-40402.208615	-15783.103202	-30854.728026	-32534.595732	-38501.908005	-22291.506504	-28173.099836	-41037.758116	-36656.659741	-187500.022352	-0.084000	0.922000	-0.362000	192.000000	0.000000	0.000000	0.000000	0.000000	0.000000	0.000000	0.000000	0.000000	0.000000	1741901919.618369	0.000000
58.000000	-34608.927024	-22792.342042	-32639.715986	-19783.685480	-42541.605835	-34077.760169	-40375.677094	-15757.376344	-30834.410290	-32520.670595	-38487.558185	-22278.296623	-28154.905516	-41023.497703	-36629.949406	-187500.022352	-0.088000	0.922000	-0.364000	192.000000	126.500000	32.000000	14.000000	104.000000	122.000000	80.000000	0.000000	0.000000	0.000000	1741901919.665776	0.000000
60.000000	-34599.472237	-22776.852283	-32629.881219	-19763.233633	-42534.006242	-34059.096463	-40364.568277	-15745.306402	-30817.311206	-32490.004002	-38462.613638	-22249.082893	-28133.649008	-40993.054628	-36623.512104	-187500.022352	-0.088000	0.922000	-0.364000	192.000000	0.000000	0.000000	0.000000	0.000000	0.000000	0.000000	0.000000	0.000000	0.000000	1741901919.668060	0.000000
62.000000	-34634.586827	-22818.717100	-32658.424396	-19790.122782	-42560.783632	-34101.408315	-40391.882109	-15781.650338	-30829.694072	-32515.596749	-38486.574708	-22270.138236	-28152.983266	-41024.034145	-36615.778400	-187500.022352	-0.088000	0.922000	-0.364000	192.000000	0.000000	0.000000	0.000000	0.000000	0.000000	0.000000	0.000000	0.000000	0.000000	1741901919.670104	0.000000
64.000000	-34621.980443	-22801.550961	-32650.511879	-19789.563988	-42547.327882	-34078.363666	-40374.067768	-15759.589167	-30848.357779	-32529.879514	-38496.923565	-22284.912739	-28168.540081	-41033.734802	-36639.180677	-187500.022352	-0.088000	0.922000	-0.364000	192.000000	0.000000	0.000000	0.000000	0.000000	0.000000	0.000000	0.000000	0.000000	0.000000	1741901919.672204	0.000000
66.000000	-34610.491647	-22800.008690	-32644.163983	-19786.792372	-42541.404669	-34082.252870	-40372.234925	-15761.243196	-30826.989511	-32513.920368	-38482.082007	-22271.434637	-28150.725740	-41018.133285	-36618.706479	-187500.022352	-0.089000	0.918000	-0.362000	192.000000	126.500000	24.000000	14.000000	72.000000	122.000000	96.000000	0.000000	0.000000	0.000000	1741901919.674202	0.000000
68.000000	-34615.520789	-22797.617054	-32651.204783	-19784.244273	-42545.070356	-34076.977858	-40374.984190	-15756.348164	-30834.879677	-32515.619101	-38480.964420	-22270.965251	-28155.732531	-41019.116762	-36633.793906	-187500.022352	-0.089000	0.918000	-0.362000	192.000000	0.000000	0.000000	0.000000	0.000000	0.000000	0.000000	0.000000	0.000000	0.000000	1741901919.676367	0.000000
70.000000	-34622.114554	-22813.978531	-32655.876297	-19794.503724	-42548.378414	-34095.082771	-40384.908364	-15772.173199	-30831.862191	-32519.262435	-38482.618449	-22274.899158	-28156.268973	-41023.296538	-36623.914435	-187500.022352	-0.089000	0.918000	-0.362000	192.000000	0.000000	0.000000	0.000000	0.000000	0.000000	0.000000	0.000000	0.000000	0.000000	1741901919.678416	0.000000
72.000000	-34620.415821	-22804.367281	-32655.138690	-19788.222884	-42544.869190	-34080.755303	-40379.722760	-15762.003155	-30852.246982	-32537.166183	-38496.811807	-22288.489018	-28173.748037	-41036.931102	-36641.549962	-187500.022352	-0.089000	0.918000	-0.362000	192.000000	0.000000	0.000000	0.000000	0.000000	0.000000	0.000000	0.000000	0.000000	0.000000	1741901919.680438	0.000000
74.000000	-34585.167120	-22777.031097	-32621.722832	-19771.906110	-42516.191902	-34070.138224	-40353.593570	-15745.239347	-30816.707708	-32501.872778	-38463.954742	-22254.849643	-28137.068824	-41007.091523	-36616.001918	-187500.022352	-0.089000	0.918000	-0.362000	192.000000	0.000000	0.000000	0.000000	0.000000	0.000000	0.000000	0.000000	0.000000	0.000000	1741901919.726077	0.000000
76.000000	-34571.331390	-22754.612297	-32608.177675	-19747.587412	-42505.038381	-34045.663064	-40337.209742	-15722.686436	-30805.867112	-32488.707601	-38450.834268	-22239.985733	-28125.870600	-40994.596898	-36600.758028	-187500.022352	-0.086500	0.918000	-0.360000	192.000000	126.500000	48.000000	14.000000	88.000000	122.000000	104.000000	0.000000	0.000000	0.000000	1741901919.728212	0.000000
78.000000	-34592.520844	-22785.256539	-32626.640216	-19761.199625	-42528.463009	-34079.369495	-40372.190222	-15759.388001	-30788.902138	-32474.022505	-38433.042280	-22221.433785	-28110.112621	-40985.298572	-36586.721133	-187500.022352	-0.086500	0.918000	-0.360000	192.000000	0.000000	0.000000	0.000000	0.000000	0.000000	0.000000	0.000000	0.000000	0.000000	1741901919.730381	0.000000
80.000000	-34594.018411	-22777.992222	-32632.541076	-19767.614575	-42533.156876	-34074.765035	-40363.227172	-15750.514358	-30833.046834	-32517.943682	-38477.097568	-22263.455065	-28157.006580	-41030.404393	-36623.869732	-187500.022352	-0.086500	0.918000	-0.360000	192.000000	0.000000	0.000000	0.000000	0.000000	0.000000	0.000000	0.000000	0.000000	0.000000	1741901919.732420	0.000000
82.000000	-34599.606347	-22792.051469	-32641.481774	-19772.509607	-42541.739946	-34096.446228	-40380.840347	-15772.039088	-30807.901121	-32488.864063	-38449.470812	-22231.782643	-28131.547944	-41002.554119	-36607.955290	-187500.022352	-0.086500	0.918000	-0.360000	192.000000	0.000000	0.000000	0.000000	0.000000	0.000000	0.000000	0.000000	0.000000	0.000000	1741901919.734454	0.000000
84.000000	-34622.762754	-22804.590798	-32661.039550	-19789.273416	-42559.509582	-34101.229501	-40392.954992	-15776.911769	-30856.270296	-32535.154526	-38498.644650	-22278.989527	-28179.648898	-41052.510268	-36646.601456	-187500.022352	-0.086500	0.918000	-0.360000	192.000000	0.000000	0.000000	0.000000	0.000000	0.000000	0.000000	0.000000	0.000000	0.000000	1741901919.736492	0.000000
86.000000	-34621.779278	-22814.649083	-32660.637219	-19788.915788	-42556.447393	-34100.044858	-40392.105626	-15781.449173	-30826.765993	-32506.879569	-38466.033455	-22248.837024	-28147.127109	-41016.970994	-36627.066031	-187500.022352	-0.085250	0.917000	-0.359000	192.000000	126.500000	48.000000	14.000000	80.000000	122.000000	104.000000	0.000000	0.000000	0.000000	1741901919.738578	0.000000
88.000000	-34596.164178	-22781.479094	-32632.362262	-19775.258872	-42523.791495	-34061.331637	-40350.151402	-15733.527033	-30852.761072	-32535.690968	-38498.287022	-22282.990489	-28176.050267	-41041.781430	-36637.951331	-187500.022352	-0.085250	0.917000	-0.359000	192.000000	0.000000	0.000000	0.000000	0.000000	0.000000	0.000000	0.000000	0.000000	0.000000	1741901919.786342	0.000000
90.000000	-34592.297327	-22782.931958	-32628.785983	-19759.657354	-42520.125809	-34060.191698	-40354.174716	-15739.852576	-30803.430772	-32478.694019	-38445.268684	-22230.888573	-28122.763708	-40979.889450	-36597.651136	-187500.022352	-0.085250	0.917000	-0.359000	192.000000	0.000000	0.000000	0.000000	0.000000	0.000000	0.000000	0.000000	0.000000	0.000000	1741901919.788453	0.000000
92.000000	-34652.803499	-22835.592668	-32687.079333	-19794.928407	-42574.619362	-34107.175065	-40404.689658	-15787.327681	-30857.611401	-32536.786203	-38505.596042	-22285.873864	-28180.028877	-41039.859180	-36630.619959	-187500.022352	-0.085250	0.917000	-0.359000	192.000000	0.000000	0.000000	0.000000	0.000000	0.000000	0.000000	0.000000	0.000000	0.000000	1741901919.790535	0.000000
94.000000	-34609.239949	-22796.320653	-32644.007521	-19780.846808	-42531.011108	-34078.542480	-40364.389463	-15749.955565	-30856.873793	-32524.425688	-38494.733095	-22276.329670	-28173.010430	-41026.537541	-36646.668511	-187500.022352	-0.085250	0.917000	-0.359000	192.000000	0.000000	0.000000	0.000000	0.000000	0.000000	0.000000	0.000000	0.000000	0.000000	1741901919.792549	0.000000
96.000000	-34630.183533	-22813.039757	-32661.419530	-19776.823494	-42553.608722	-34086.164425	-40383.477853	-15764.215978	-30844.893258	-32520.849409	-38490.061580	-22271.389934	-28165.701409	-41026.783410	-36619.354680	-187500.022352	-0.083625	0.915500	-0.356500	192.000000	126.500000	56.000000	14.000000	72.000000	122.000000	120.000000	0.000000	0.000000	0.000000	1741901919.794582	0.000000
98.000000	-34605.730725	-22791.202103	-32634.195105	-19770.408543	-42527.457181	-34078.140149	-40366.445823	-15751.140207	-30841.920476	-32511.506380	-38473.029551	-22261.957498	-28157.900650	-41013.797046	-36627.423659	-187500.022352	-0.083625	0.915500	-0.356500	192.000000	0.000000	0.000000	0.000000	0.000000	0.000000	0.000000	0.000000	0.000000	0.000000	1741901919.796784	0.000000
100.000000	-34615.610196	-22800.411022	-32649.617809	-19777.069363	-42539.482419	-34090.880643	-40376.414702	-15762.271376	-30846.770805	-32525.073889	-38485.144196	-22271.702858	-28165.522595	-41030.292634	-36617.879464	-187500.022352	-0.083625	0.915500	-0.356500	192.000000	0.000000	0.000000	0.000000	0.000000	0.000000	0.000000	0.000000	0.000000	0.000000	1741901919.798793	0.000000
102.000000	-34593.817245	-22777.098152	-32628.629521	-19757.757456	-42522.182169	-34067.970105	-40363.048358	-15744.099408	-30822.653272	-32487.992345	-38452.220077	-22237.839966	-28135.951237	-40991.914689	-36617.767706	-187500.022352	-0.083625	0.915500	-0.356500	192.000000	0.000000	0.000000	0.000000	0.000000	0.000000	0.000000	0.000000	0.000000	0.000000	1741901919.800822	0.000000
104.000000	-34583.289574	-22765.899928	-32625.880256	-19756.326944	-42515.789570	-34063.186832	-40352.274817	-15738.578527	-30825.067261	-32499.436438	-38465.072330	-22247.518271	-28146.523612	-41007.002116	-36611.844493	-187500.022352	-0.083625	0.915500	-0.356500	192.000000	0.000000	0.000000	0.000000	0.000000	0.000000	0.000000	0.000000	0.000000	0.000000	1741901919.847130	0.000000
106.000000	-34569.230326	-22751.237184	-32613.989128	-19743.385284	-42502.490282	-34045.104271	-40339.713137	-15723.200527	-30806.515313	-32472.435531	-38439.278417	-22221.210268	-28124.171868	-40977.386055	-36602.456761	-187500.022352	-0.082813	0.915750	-0.357250	192.000000	126.500000	56.000000	14.000000	80.000000	122.000000	104.000000	0.000000	0.000000	0.000000	1741901919.849327	0.000000
108.000000	-34595.940661	-22783.893083	-32642.442899	-19762.138398	-42533.514504	-34077.871928	-40370.692655	-15759.723277	-30802.469647	-32478.179929	-38445.223981	-22226.529983	-28127.502278	-40989.746569	-36591.414999	-187500.022352	-0.082813	0.915750	-0.357250	192.000000	0.000000	0.000000	0.000000	0.000000	0.000000	0.000000	0.000000	0.000000	0.000000	1741901919.851545	0.000000
110.000000	-34602.400315	-22786.485885	-32651.942390	-19779.326889	-42540.644710	-34082.185815	-40376.504108	-15763.768943	-30843.194526	-32513.652147	-38478.237507	-22262.851568	-28164.472063	-41022.246006	-36637.370186	-187500.022352	-0.082813	0.915750	-0.357250	192.000000	0.000000	0.000000	0.000000	0.000000	0.000000	0.000000	0.000000	0.000000	0.000000	1741901919.853589	0.000000
112.000000	-34604.255510	-22795.314824	-32658.491452	-19790.122782	-42548.825449	-34096.088600	-40386.987077	-15774.564835	-30834.320883	-32513.965072	-38476.292905	-22265.131446	-28162.236889	-41028.236273	-36625.859037	-187500.022352	-0.082813	0.915750	-0.357250	192.000000	0.000000	0.000000	0.000000	0.000000	0.000000	0.000000	0.000000	0.000000	0.000000	1741901919.855580	0.000000
114.000000	-34571.510204	-22757.294507	-32622.572198	-19762.406619	-42513.554396	-34059.319980	-40345.636349	-15732.655315	-30832.286874	-32505.784333	-38462.032492	-22254.380256	-28157.274801	-41019.407334	-36629.547075	-187500.022352	-0.082813	0.915750	-0.357250	192.000000	0.000000	0.000000	0.000000	0.000000	0.000000	0.000000	0.000000	0.000000	0.000000	1741901919.857623	0.000000
116.000000	-34580.607364	-22774.684164	-32623.801544	-19756.617517	-42517.667117	-34071.792253	-40360.120280	-15747.385114	-30797.462856	-32479.453978	-38431.142382	-22227.334646	-28122.920170	-40991.713523	-36581.736694	-187500.022352	-0.081406	0.914875	-0.359625	192.000000	126.500000	64.000000	14.000000	72.000000	122.000000	88.000000	0.000000	0.000000	0.000000	1741901919.859640	0.000000
118.000000	-34581.590841	-22767.486902	-32621.253445	-19752.571851	-42507.675887	-34054.603762	-40343.065899	-15729.906050	-30828.576485	-32504.219711	-38455.997521	-22250.871033	-28149.630505	-41011.137189	-36612.246825	-187500.022352	-0.081406	0.914875	-0.359625	192.000000	0.000000	0.000000	0.000000	0.000000	0.000000	0.000000	0.000000	0.000000	0.000000	1741901919.906863	0.000000
120.000000	-34600.701583	-22794.420754	-32636.542039	-19759.545596	-42518.516483	-34073.848614	-40361.953123	-15751.989573	-30811.119772	-32490.272223	-38444.419318	-22237.750559	-28130.676226	-40995.066285	-36587.548147	-187500.022352	-0.081406	0.914875	-0.359625	192.000000	0.000000	0.000000	0.000000	0.000000	0.000000	0.000000	0.000000	0.000000	0.000000	1741901919.909012	0.000000
122.000000	-34621.399298	-22804.814315	-32654.021103	-19772.420200	-42531.368736	-34073.580393	-40370.111510	-15755.029411	-30852.559907	-32523.397508	-38480.763254	-22272.529873	-28166.215499	-41025.375250	-36620.449915	-187500.022352	-0.081406	0.914875	-0.359625	192.000000	0.000000	0.000000	0.000000	0.000000	0.000000	0.000000	0.000000	0.000000	0.000000	1741901919.911054	0.000000
124.000000	-34614.291443	-22810.223438	-32653.059978	-19776.331756	-42529.088858	-34086.142073	-40373.263106	-15761.980803	-30833.739738	-32509.874703	-38466.726359	-22261.465759	-28147.328275	-41011.539520	-36614.459647	-187500.022352	-0.081406	0.914875	-0.359625	192.000000	0.000000	0.000000	0.000000	0.000000	0.000000	0.000000	0.000000	0.000000	0.000000	1741901919.913079	0.000000
126.000000	-34623.947397	-22809.038795	-32663.252373	-19779.997442	-42540.667062	-34087.192605	-40377.711103	-15764.685364	-30859.757168	-32534.774546	-38491.022705	-22287.237321	-28175.804398	-41037.758116	-36643.025177	-187500.022352	-0.079703	0.915438	-0.362812	192.000000	126.500000	72.000000	14.000000	80.000000	122.000000	72.000000	0.000000	0.000000	0.000000	1741901919.915125	0.000000
128.000000	-34616.303100	-22810.402252	-32658.893783	-19789.094602	-42539.594178	-34102.682364	-40384.707199	-15775.034222	-30858.080787	-32530.460659	-38488.116978	-22282.163475	-28173.010430	-41034.427707	-36642.198162	-187500.022352	-0.079703	0.915438	-0.362812	192.000000	0.000000	0.000000	0.000000	0.000000	0.000000	0.000000	0.000000	0.000000	0.000000	1741901919.917379	0.000000
130.000000	-34599.405181	-22783.177827	-32640.453594	-19753.734142	-42519.924643	-34057.956524	-40359.740300	-15740.634887	-30837.092499	-32503.437400	-38464.535888	-22254.939050	-28153.720874	-41007.404447	-36620.673432	-187500.022352	-0.079703	0.915438	-0.362812	192.000000	0.000000	0.000000	0.000000	0.000000	0.000000	0.000000	0.000000	0.000000	0.000000	1741901919.919428	0.000000
132.000000	-34647.729653	-22841.337066	-32683.681868	-19788.669919	-42560.604818	-34107.666803	-40401.873338	-15791.038071	-30853.766901	-32517.720165	-38482.640801	-22266.338440	-28166.953107	-41017.038049	-36626.283720	-187500.022352	-0.079703	0.915438	-0.362812	192.000000	0.000000	0.000000	0.000000	0.000000	0.000000	0.000000	0.000000	0.000000	0.000000	1741901919.921426	0.000000
134.000000	-34631.949321	-22815.431394	-32671.701333	-19785.160695	-42544.735079	-34085.337411	-40383.567260	-15765.288861	-30882.019506	-32549.884325	-38514.737906	-22298.748469	-28195.093953	-41050.386852	-36647.048491	-187500.022352	-0.079703	0.915438	-0.362812	192.000000	0.000000	0.000000	0.000000	0.000000	0.000000	0.000000	0.000000	0.000000	0.000000	1741901919.966242	0.000000
136.000000	-34618.202998	-22808.144725	-32658.782024	-19780.846808	-42532.083992	-34088.332544	-40380.058036	-15764.640661	-30850.794119	-32514.881493	-38480.427978	-22263.097437	-28163.108607	-41016.389849	-36627.580121	-187500.022352	-0.078852	0.915719	-0.362406	192.000000	126.500000	72.000000	14.000000	80.000000	122.000000	88.000000	0.000000	0.000000	0.000000	1741901919.968349	0.000000
138.000000	-34634.519772	-22818.828859	-32679.882071	-19792.313253	-42553.854591	-34102.615309	-40392.552661	-15781.717394	-30870.575413	-32541.614180	-38504.836083	-22287.594949	-28188.075505	-41047.279960	-36636.632578	-187500.022352	-0.078852	0.915719	-0.362406	192.000000	0.000000	0.000000	0.000000	0.000000	0.000000	0.000000	0.000000	0.000000	0.000000	1741901919.970568	0.000000
140.000000	-34589.682172	-22779.020402	-32636.944370	-19771.928462	-42514.850797	-34074.787387	-40363.540097	-15755.118818	-30840.355854	-32503.973842	-38464.267667	-22251.161605	-28155.620772	-41012.545349	-36629.345909	-187500.022352	-0.078852	0.915719	-0.362406	192.000000	0.000000	0.000000	0.000000	0.000000	0.000000	0.000000	0.000000	0.000000	0.000000	1741901919.972609	0.000000
142.000000	-34630.451754	-22816.839554	-32678.540966	-19787.775849	-42556.447393	-34102.660013	-40395.681905	-15788.244103	-30846.837860	-32518.122496	-38476.225850	-22264.460893	-28168.093046	-41031.186704	-36622.439220	-187500.022352	-0.078852	0.915719	-0.362406	192.000000	0.000000	0.000000	0.000000	0.000000	0.000000	0.000000	0.000000	0.000000	0.000000	1741901919.974628	0.000000
144.000000	-34600.366306	-22791.224455	-32650.556582	-19779.729221	-42522.718611	-34084.979783	-40365.015312	-15758.963318	-30854.973895	-32525.386813	-38476.806995	-22270.920547	-28172.295174	-41031.164352	-36649.976569	-187500.022352	-0.078852	0.915719	-0.362406	192.000000	0.000000	0.000000	0.000000	0.000000	0.000000	0.000000	0.000000	0.000000	0.000000	1741901919.976700	0.000000
146.000000	-34633.268074	-22822.874525	-32691.013240	-19791.173314	-42560.113080	-34106.236292	-40394.810187	-15787.931179	-30854.325694	-32530.684177	-38488.876937	-22278.140161	-28179.447732	-41040.306215	-36632.721023	-187500.022352	-0.082426	0.914859	-0.360203	192.000000	126.500000	40.000000	14.000000	72.000000	122.000000	104.000000	0.000000	0.000000	0.000000	1741901919.978741	0.000000
148.000000	-34617.823019	-22810.648121	-32678.295097	-19793.989634	-42543.863361	-34095.060419	-40378.672228	-15771.748516	-30865.233346	-32534.238104	-38492.095589	-22281.247053	-28186.935566	-41039.434497	-36660.057206	-187500.022352	-0.082426	0.914859	-0.360203	192.000000	0.000000	0.000000	0.000000	0.000000	0.000000	0.000000	0.000000	0.000000	0.000000	1741901920.026067	0.000000
150.000000	-34634.922103	-22828.060130	-32693.471932	-19800.739861	-42560.761280	-34111.108972	-40398.587632	-15790.434574	-30864.518090	-32542.240029	-38499.918699	-22287.147914	-28191.472970	-41049.716300	-36645.059186	-187500.022352	-0.082426	0.914859	-0.360203	192.000000	0.000000	0.000000	0.000000	0.000000	0.000000	0.000000	0.000000	0.000000	0.000000	1741901920.028185	0.000000
152.000000	-34609.754039	-22801.506257	-32666.538080	-19788.692270	-42539.437716	-34094.926309	-40377.219364	-15768.999251	-30869.413122	-32539.535468	-38493.816673	-22284.242187	-28191.428267	-41045.022433	-36660.750110	-187500.022352	-0.082426	0.914859	-0.360203	192.000000	0.000000	0.000000	0.000000	0.000000	0.000000	0.000000	0.000000	0.000000	0.000000	1741901920.030246	0.000000
154.000000	-34607.250644	-22799.338138	-32659.877260	-19773.224863	-42534.095649	-34088.936041	-40372.033760	-15765.177103	-30843.350988	-32518.122496	-38473.767158	-22262.136312	-28170.015296	-41029.577378	-36621.813371	-187500.022352	-0.082426	0.914859	-0.360203	192.000000	0.000000	0.000000	0.000000	0.000000	0.000000	0.000000	0.000000	0.000000	0.000000	1741901920.032250	0.000000
156.000000	-34603.763772	-22793.750202	-32655.339856	-19761.669011	-42528.395954	-34078.162501	-40371.027931	-15755.878777	-30849.832994	-32516.200246	-38470.012065	-22258.291812	-28172.026953	-41022.357765	-36629.725889	-187500.022352	-0.083213	0.915430	-0.360102	192.000000	126.500000	48.000000	14.000000	80.000000	122.000000	96.000000	0.000000	0.000000	0.000000	1741901920.034321	0.000000
158.000000	-34624.774411	-22821.287551	-32673.735341	-19777.829323	-42546.232646	-34104.336393	-40390.228080	-15781.873856	-30850.570601	-32524.738613	-38480.919716	-22268.752428	-28178.374848	-41035.433535	-36621.947482	-187500.022352	-0.083213	0.915430	-0.360102	192.000000	0.000000	0.000000	0.000000	0.000000	0.000000	0.000000	0.000000	0.000000	0.000000	1741901920.036516	0.000000
160.000000	-34587.335239	-22781.032059	-32632.563428	-19757.310421	-42506.960631	-34070.697018	-40352.453631	-15744.926422	-30848.782462	-32517.206075	-38469.140347	-22260.549338	-28172.004601	-41024.615291	-36635.760860	-187500.022352	-0.083213	0.915430	-0.360102	192.000000	0.000000	0.000000	0.000000	0.000000	0.000000	0.000000	0.000000	0.000000	0.000000	1741901920.038563	0.000000
162.000000	-34602.735591	-22802.690900	-32643.962818	-19758.673878	-42520.572844	-34084.376286	-40378.158138	-15769.267472	-30813.354947	-32494.921386	-38441.938274	-22234.554259	-28141.360359	-41002.978802	-36595.527720	-187500.022352	-0.083213	0.915430	-0.360102	192.000000	0.000000	0.000000	0.000000	0.000000	0.000000	0.000000	0.000000	0.000000	0.000000	1741901920.040579	0.000000
164.000000	-34636.620836	-22828.931848	-32671.790740	-19778.343413	-42547.327882	-34099.061382	-40396.195995	-15786.724184	-30859.332485	-32531.064156	-38480.360923	-22273.714515	-28180.386505	-41035.187666	-36636.029081	-187500.022352	-0.083213	0.915430	-0.360102	192.000000	0.000000	0.000000	0.000000	0.000000	0.000000	0.000000	0.000000	0.000000	0.000000	1741901920.086455	0.000000
166.000000	-34634.095089	-22834.385673	-32665.644010	-19787.641738	-42543.639844	-34111.824228	-40390.049266	-15788.065289	-30866.038008	-32548.677331	-38489.569842	-22287.662004	-28188.388430	-41052.912599	-36636.431412	-187500.022352	-0.085606	0.917715	-0.360051	192.000000	126.500000	32.000000	14.000000	96.000000	122.000000	96.000000	0.000000	0.000000	0.000000	1741901920.088547	0.000000
168.000000	-34617.599501	-22806.803621	-32651.651818	-19768.374535	-42529.647652	-34085.091541	-40369.128033	-15760.371478	-30858.483119	-32533.791069	-38474.817690	-22275.256786	-28179.067752	-41038.898055	-36633.950369	-187500.022352	-0.085606	0.917715	-0.360051	192.000000	0.000000	0.000000	0.000000	0.000000	0.000000	0.000000	0.000000	0.000000	0.000000	1741901920.090743	0.000000
170.000000	-34597.058248	-22795.001900	-32639.738338	-19769.469770	-42517.980041	-34091.685306	-40364.300056	-15760.103257	-30841.451090	-32523.062232	-38463.217135	-22263.633879	-28167.109569	-41030.829076	-36621.120467	-187500.022352	-0.085606	0.917715	-0.360051	192.000000	0.000000	0.000000	0.000000	0.000000	0.000000	0.000000	0.000000	0.000000	0.000000	1741901920.092812	0.000000
172.000000	-34597.214710	-22787.335251	-32643.806355	-19756.125779	-42518.091800	-34068.461844	-40359.293265	-15750.022620	-30824.150839	-32499.123514	-38448.107356	-22247.339457	-28151.373941	-41012.813570	-36609.162284	-187500.022352	-0.085606	0.917715	-0.360051	192.000000	0.000000	0.000000	0.000000	0.000000	0.000000	0.000000	0.000000	0.000000	0.000000	1741901920.094817	0.000000
174.000000	-34610.916330	-22811.743356	-32663.095911	-19777.695212	-42531.324033	-34097.586167	-40377.800510	-15774.877760	-30843.216877	-32519.910636	-38473.610696	-22267.612489	-28171.535214	-41029.957358	-36627.289549	-187500.022352	-0.085606	0.917715	-0.360051	192.000000	0.000000	0.000000	0.000000	0.000000	0.000000	0.000000	0.000000	0.000000	0.000000	1741901920.096850	0.000000
176.000000	-34613.620891	-22803.406156	-32665.196975	-19766.653450	-42530.653480	-34078.944812	-40372.771367	-15762.539597	-30844.580334	-32519.217732	-38474.057731	-22267.165454	-28173.099836	-41027.968052	-36633.212761	-187500.022352	-0.087803	0.919857	-0.360025	192.000000	126.500000	24.000000	14.000000	104.000000	122.000000	96.000000	0.000000	0.000000	0.000000	1741901920.098883	0.000000
178.000000	-34637.380795	-22835.056226	-32686.788760	-19793.162619	-42555.218048	-34118.708565	-40401.873338	-15795.664882	-30857.723160	-32529.544238	-38486.686467	-22276.977870	-28183.940433	-41035.187666	-36639.270084	-187500.022352	-0.087803	0.919857	-0.360025	192.000000	0.000000	0.000000	0.000000	0.000000	0.000000	0.000000	0.000000	0.000000	0.000000	1741901920.146644	0.000000
180.000000	-34630.943493	-22821.488717	-32681.111417	-19792.156791	-42550.926513	-34108.113838	-40389.781045	-15777.939949	-30889.015602	-32559.093244	-38514.246167	-22302.369452	-28216.439869	-41066.390701	-36664.214631	-187500.022352	-0.087803	0.919857	-0.360025	192.000000	0.000000	0.000000	0.000000	0.000000	0.000000	0.000000	0.000000	0.000000	0.000000	1741901920.148821	0.000000
182.000000	-34628.976539	-22828.171888	-32677.870414	-19787.954663	-42554.011053	-34115.691080	-40395.368981	-15789.004062	-30863.556965	-32531.690005	-38485.725342	-22274.206254	-28189.416610	-41037.109916	-36645.327407	-187500.022352	-0.087803	0.919857	-0.360025	192.000000	0.000000	0.000000	0.000000	0.000000	0.000000	0.000000	0.000000	0.000000	0.000000	1741901920.150875	0.000000
184.000000	-34629.647092	-22824.059167	-32677.825711	-19780.511532	-42551.552361	-34101.229501	-40386.942373	-15774.967167	-30874.017581	-32544.318741	-38498.152911	-22285.069202	-28201.352441	-41051.638550	-36642.399328	-187500.022352	-0.087803	0.919857	-0.360025	192.000000	0.000000	0.000000	0.000000	0.000000	0.000000	0.000000	0.000000	0.000000	0.000000	1741901920.152896	0.000000
186.000000	-34605.127228	-22807.854153	-32654.199917	-19777.851674	-42529.915873	-34098.390829	-40376.481757	-15768.775734	-30857.074959	-32531.019453	-38477.209327	-22269.579443	-28185.437999	-41036.841695	-36638.823049	-187500.022352	-0.085902	0.915929	-0.363013	192.000000	126.500000	48.000000	14.000000	64.000000	122.000000	72.000000	0.000000	0.000000	0.000000	1741901920.154951	0.000000
188.000000	-34604.791952	-22800.098097	-32653.417606	-19762.227805	-42529.491190	-34084.175120	-40367.742225	-15758.918614	-30847.597819	-32525.744441	-38471.464929	-22262.225719	-28178.687773	-41033.287768	-36618.639424	-187500.022352	-0.085902	0.915929	-0.363013	192.000000	0.000000	0.000000	0.000000	0.000000	0.000000	0.000000	0.000000	0.000000	0.000000	1741901920.157094	0.000000
190.000000	-34612.391545	-22812.950350	-32665.264030	-19776.354107	-42537.113135	-34103.799952	-40384.237812	-15778.208170	-30850.436491	-32520.156505	-38467.732187	-22258.247108	-28179.671249	-41028.102163	-36632.721023	-187500.022352	-0.085902	0.915929	-0.363013	192.000000	0.000000	0.000000	0.000000	0.000000	0.000000	0.000000	0.000000	0.000000	0.000000	1741901920.159116	0.000000
192.000000	-34600.187492	-22797.035908	-32656.546850	-19764.574738	-42521.243396	-34082.364629	-40362.511916	-15755.275280	-30849.140090	-32527.286712	-38469.632086	-22262.248071	-28180.610023	-41033.533637	-36620.919302	-187500.022352	-0.085902	0.915929	-0.363013	192.000000	0.000000	0.000000	0.000000	0.000000	0.000000	0.000000	0.000000	0.000000	0.000000	1741901920.161227	0.000000
194.000000	-34580.070922	-22780.562673	-32643.627541	-19750.247270	-42502.244413	-34067.254849	-40349.212629	-15739.025562	-30822.966197	-32495.010793	-38435.657434	-22228.161660	-28151.306886	-40997.949660	-36611.732735	-187500.022352	-0.085902	0.915929	-0.363013	192.000000	0.000000	0.000000	0.000000	0.000000	0.000000	0.000000	0.000000	0.000000	0.000000	1741901920.207050	0.000000
196.000000	-34606.334222	-22804.054356	-32672.215423	-19766.564043	-42526.697222	-34085.203300	-40371.184393	-15762.830170	-30844.267409	-32524.492744	-38466.614600	-22254.067332	-28175.692639	-41031.320814	-36618.661775	-187500.022352	-0.087951	0.916964	-0.365506	192.000000	126.500000	24.000000	14.000000	88.000000	122.000000	64.000000	0.000000	0.000000	0.000000	1741901920.209175	0.000000
198.000000	-34596.410048	-22793.884312	-32661.151309	-19760.327907	-42519.209387	-34078.587184	-40359.561486	-15751.542539	-30845.787328	-32516.401412	-38461.674864	-22248.680562	-28171.758732	-41018.826189	-36640.857058	-187500.022352	-0.087951	0.916964	-0.365506	192.000000	0.000000	0.000000	0.000000	0.000000	0.000000	0.000000	0.000000	0.000000	0.000000	1741901920.211418	0.000000
200.000000	-34607.116533	-22803.719080	-32674.428245	-19764.842959	-42541.650539	-34093.741667	-40376.459405	-15768.753382	-30839.394729	-32518.256607	-38466.145213	-22252.055675	-28169.367095	-41025.956395	-36620.449915	-187500.022352	-0.087951	0.916964	-0.365506	192.000000	0.000000	0.000000	0.000000	0.000000	0.000000	0.000000	0.000000	0.000000	0.000000	1741901920.213452	0.000000
202.000000	-34575.198242	-22768.336268	-32639.850097	-19752.281279	-42516.057791	-34063.544460	-40347.625655	-15738.198547	-30829.627017	-32504.309118	-38452.175373	-22241.684466	-28155.039627	-41010.265471	-36631.826953	-187500.022352	-0.087951	0.916964	-0.365506	192.000000	0.000000	0.000000	0.000000	0.000000	0.000000	0.000000	0.000000	0.000000	0.000000	1741901920.215509	0.000000
204.000000	-34588.139902	-22783.222530	-32651.048321	-19760.573776	-42542.097574	-34085.605632	-40377.711103	-15765.065344	-30816.327729	-32495.234310	-38451.482469	-22236.923544	-28146.657723	-41012.500645	-36602.322650	-187500.022352	-0.087951	0.916964	-0.365506	192.000000	0.000000	0.000000	0.000000	0.000000	0.000000	0.000000	0.000000	0.000000	0.000000	1741901920.217525	0.000000
206.000000	-34567.978629	-22756.042809	-32624.159172	-19749.911994	-42522.383335	-34060.795195	-40349.816126	-15736.566870	-30815.746583	-32489.936947	-38445.179277	-22230.039207	-28143.193202	-41003.649354	-36623.422697	-187500.022352	-0.087975	0.918482	-0.367753	192.000000	126.500000	32.000000	14.000000	96.000000	122.000000	56.000000	0.000000	0.000000	0.000000	1741901920.219560	0.000000
208.000000	-34602.243853	-22791.872655	-32651.607114	-19770.050915	-42558.839030	-34097.943794	-40392.463254	-15779.437516	-30813.153781	-32494.317889	-38456.578667	-22237.862317	-28143.237906	-41012.232424	-36608.245863	-187500.022352	-0.087975	0.918482	-0.367753	192.000000	0.000000	0.000000	0.000000	0.000000	0.000000	0.000000	0.000000	0.000000	0.000000	1741901920.267055	0.000000
210.000000	-34595.717144	-22778.752181	-32639.738338	-19771.973166	-42552.379376	-34086.767922	-40380.192146	-15765.020640	-30836.377244	-32508.131267	-38471.911963	-22256.481320	-28162.259240	-41026.045802	-36640.231209	-187500.022352	-0.087975	0.918482	-0.367753	192.000000	0.000000	0.000000	0.000000	0.000000	0.000000	0.000000	0.000000	0.000000	0.000000	1741901920.269152	0.000000
212.000000	-34616.057231	-22804.926074	-32656.189222	-19786.345337	-42575.401673	-34117.278053	-40408.467103	-15797.028339	-30834.499697	-32519.441249	-38479.176280	-22264.237376	-28167.981287	-41034.427707	-36633.212761	-187500.022352	-0.087975	0.918482	-0.367753	192.000000	0.000000	0.000000	0.000000	0.000000	0.000000	0.000000	0.000000	0.000000	0.000000	1741901920.271267	0.000000
214.000000	-34600.522769	-22779.623899	-32637.503164	-19771.593186	-42558.414347	-34093.004059	-40388.931678	-15773.089620	-30843.395691	-32513.942720	-38480.137405	-22267.545434	-28173.032781	-41030.739669	-36649.685997	-187500.022352	-0.087975	0.918482	-0.367753	192.000000	0.000000	0.000000	0.000000	0.000000	0.000000	0.000000	0.000000	0.000000	0.000000	1741901920.273280	0.000000
216.000000	-34596.700620	-22784.809504	-32632.406966	-19773.783657	-42550.188905	-34099.664879	-40393.714952	-15779.057536	-30815.634825	-32497.871816	-38458.389158	-22248.971134	-28145.920115	-41013.461770	-36618.862941	-187500.022352	-0.088988	0.916241	-0.365877	192.000000	126.500000	24.000000	14.000000	72.000000	122.000000	80.000000	0.000000	0.000000	0.000000	1741901920.275324	0.000000
218.000000	-34585.278879	-22764.223547	-32619.308844	-19755.499930	-42532.419268	-34075.212070	-40368.435129	-15750.179082	-30816.595950	-32499.101162	-38458.210344	-22251.765102	-28144.556659	-41012.075962	-36624.696746	-187500.022352	-0.088988	0.916241	-0.365877	192.000000	0.000000	0.000000	0.000000	0.000000	0.000000	0.000000	0.000000	0.000000	0.000000	1741901920.277478	0.000000
220.000000	-34597.214710	-22783.915434	-32632.451669	-19770.296785	-42545.785611	-34100.715411	-40390.228080	-15776.084754	-30806.023575	-32492.015659	-38454.231734	-22244.500785	-28134.498374	-41005.571604	-36610.391630	-187500.022352	-0.088988	0.916241	-0.365877	192.000000	0.000000	0.000000	0.000000	0.000000	0.000000	0.000000	0.000000	0.000000	0.000000	1741901920.279498	0.000000
222.000000	-34580.674419	-22759.507329	-32617.565407	-19759.858520	-42527.680698	-34068.797120	-40360.433204	-15740.523129	-30825.447241	-32506.387831	-38473.677751	-22264.416190	-28150.949258	-41018.535616	-36632.229284	-187500.022352	-0.088988	0.916241	-0.365877	192.000000	0.000000	0.000000	0.000000	0.000000	0.000000	0.000000	0.000000	0.000000	0.000000	1741901920.281523	0.000000
224.000000	-34558.546192	-22748.376161	-32595.794808	-19738.199680	-42507.273556	-34058.917649	-40347.893876	-15733.594088	-30780.117903	-32461.349065	-38430.248312	-22221.411433	-28105.552865	-40971.328732	-36586.274098	-187500.022352	-0.088988	0.916241	-0.365877	192.000000	0.000000	0.000000	0.000000	0.000000	0.000000	0.000000	0.000000	0.000000	0.000000	1741901920.326893	0.000000
226.000000	-34575.064132	-22753.919393	-32613.877370	-19735.137491	-42522.651556	-34055.095500	-40356.007559	-15733.772902	-30798.692202	-32477.375266	-38448.621446	-22236.409454	-28124.797717	-40988.628982	-36596.064162	-187500.022352	-0.086494	0.915121	-0.364938	192.000000	126.500000	48.000000	14.000000	72.000000	122.000000	80.000000	0.000000	0.000000	0.000000	1741901920.328981	0.000000
228.000000	-34569.878527	-22755.260498	-32606.881274	-19739.987819	-42517.935338	-34063.164480	-40355.001730	-15739.852576	-30787.851606	-32460.879679	-38433.712832	-22218.416300	-28112.012519	-40972.423967	-36596.667659	-187500.022352	-0.086494	0.915121	-0.364938	192.000000	0.000000	0.000000	0.000000	0.000000	0.000000	0.000000	0.000000	0.000000	0.000000	1741901920.331173	0.000000
230.000000	-34591.447960	-22768.671545	-32628.182486	-19754.851729	-42536.710803	-34069.378265	-40368.479832	-15746.535748	-30819.434621	-32493.021487	-38463.977094	-22245.797187	-28146.076577	-41007.091523	-36613.677336	-187500.022352	-0.086494	0.915121	-0.364938	192.000000	0.000000	0.000000	0.000000	0.000000	0.000000	0.000000	0.000000	0.000000	0.000000	1741901920.333196	0.000000
232.000000	-34577.344010	-22762.077780	-32609.541131	-19753.957659	-42518.583538	-34067.970105	-40359.494431	-15742.803007	-30805.934168	-32480.660973	-38446.274513	-22232.341436	-28130.229191	-40990.148901	-36611.419810	-187500.022352	-0.086494	0.915121	-0.364938	192.000000	0.000000	0.000000	0.000000	0.000000	0.000000	0.000000	0.000000	0.000000	0.000000	1741901920.335227	0.000000
234.000000	-34570.191451	-22745.135158	-32598.275852	-19734.533994	-42504.703105	-34044.947808	-40331.755916	-15716.986742	-30807.856418	-32485.019563	-38451.773042	-22237.214117	-28132.419662	-40994.641601	-36596.444141	-187500.022352	-0.086494	0.915121	-0.364938	192.000000	0.000000	0.000000	0.000000	0.000000	0.000000	0.000000	0.000000	0.000000	0.000000	1741901920.337330	0.000000
236.000000	-34572.471329	-22753.964097	-32600.108695	-19732.701151	-42511.989774	-34057.598896	-40344.317596	-15732.007114	-30778.687391	-32454.956467	-38418.267777	-22204.535866	-28101.306033	-40960.085804	-36578.406284	-187500.022352	-0.084247	0.916560	-0.362469	192.000000	126.500000	56.000000	14.000000	88.000000	122.000000	96.000000	0.000000	0.000000	0.000000	1741901920.339334	0.000000
238.000000	-34619.365289	-22794.756030	-32645.370978	-19751.655430	-42556.782670	-34088.824283	-40384.908364	-15767.725202	-30811.835028	-32487.902938	-38459.126766	-22242.444425	-28138.186412	-40998.597860	-36600.534511	-187500.022352	-0.084247	0.916560	-0.362469	192.000000	0.000000	0.000000	0.000000	0.000000	0.000000	0.000000	0.000000	0.000000	0.000000	1741901920.387185	0.000000
240.000000	-34586.955260	-22768.693896	-32616.112544	-19755.566985	-42526.786629	-34077.246079	-40359.963818	-15746.066361	-30833.180944	-32502.520979	-38473.096606	-22259.029419	-28155.799586	-41010.287823	-36634.576217	-187500.022352	-0.084247	0.916560	-0.362469	192.000000	0.000000	0.000000	0.000000	0.000000	0.000000	0.000000	0.000000	0.000000	0.000000	1741901920.389285	0.000000
242.000000	-34605.417801	-22783.915434	-32637.704329	-19758.159787	-42548.981911	-34084.622155	-40381.354437	-15762.852521	-30811.812676	-32490.272223	-38461.361940	-22245.059579	-28139.639275	-41001.011849	-36607.038868	-187500.022352	-0.084247	0.916560	-0.362469	192.000000	0.000000	0.000000	0.000000	0.000000	0.000000	0.000000	0.000000	0.000000	0.000000	1741901920.391344	0.000000
244.000000	-34586.150597	-22767.129274	-32619.107678	-19762.764247	-42527.725402	-34075.860271	-40361.707254	-15748.078018	-30818.697014	-32491.747438	-38458.635027	-22244.701951	-28142.589705	-40999.111950	-36629.189447	-187500.022352	-0.084247	0.916560	-0.362469	192.000000	0.000000	0.000000	0.000000	0.000000	0.000000	0.000000	0.000000	0.000000	0.000000	1741901920.393411	0.000000
246.000000	-34603.517902	-22782.261405	-32637.212591	-19771.660241	-42543.863361	-34085.851501	-40376.034722	-15758.404524	-30821.870961	-32501.157522	-38473.096606	-22255.922527	-28149.965781	-41013.327660	-36618.348851	-187500.022352	-0.084123	0.916280	-0.362235	192.000000	126.500000	48.000000	14.000000	80.000000	122.000000	88.000000	0.000000	0.000000	0.000000	1741901920.395460	0.000000
248.000000	-34575.242946	-22754.187614	-32610.099925	-19746.447473	-42514.202596	-34054.223782	-40345.323425	-15725.614515	-30801.597929	-32472.413179	-38443.368786	-22229.256896	-28123.478964	-40978.615401	-36611.799790	-187500.022352	-0.084123	0.916280	-0.362235	192.000000	0.000000	0.000000	0.000000	0.000000	0.000000	0.000000	0.000000	0.000000	0.000000	1741901920.397637	0.000000
250.000000	-34599.494588	-22779.869769	-32634.664492	-19761.244328	-42542.790478	-34082.431684	-40371.832594	-15756.146998	-30807.632900	-32486.181854	-38458.031530	-22242.489128	-28134.543077	-40998.195529	-36602.322650	-187500.022352	-0.084123	0.916280	-0.362235	192.000000	0.000000	0.000000	0.000000	0.000000	0.000000	0.000000	0.000000	0.000000	0.000000	1741901920.399658	0.000000
252.000000	-34574.348876	-22754.187614	-32616.336062	-19757.355125	-42524.439695	-34068.685361	-40355.158193	-15737.639754	-30810.382165	-32488.238214	-38453.203553	-22243.696123	-28133.671359	-40997.949660	-36626.931921	-187500.022352	-0.084123	0.916280	-0.362235	192.000000	0.000000	0.000000	0.000000	0.000000	0.000000	0.000000	0.000000	0.000000	0.000000	1741901920.401655	0.000000
254.000000	-34598.913443	-22776.986394	-32634.709195	-19757.019848	-42545.651501	-34085.672687	-40384.662495	-15763.880702	-30798.423981	-32483.432589	-38450.610751	-22237.884669	-28129.245714	-40999.670744	-36603.462589	-187500.022352	-0.084123	0.916280	-0.362235	192.000000	0.000000	0.000000	0.000000	0.000000	0.000000	0.000000	0.000000	0.000000	0.000000	1741901920.447437	0.000000
0.000000	-34572.560736	-22746.252745	-32603.237939	-19740.412502	-42509.285213	-34049.842840	-40337.813239	-15724.116948	-30820.239284	-32488.327621	-38453.650588	-22239.024608	-28142.008560	-40997.234404	-36626.596645	-187500.022352	-0.082062	0.918140	-0.360117	192.000000	126.500000	64.000000	14.000000	96.000000	122.000000	104.000000	0.000000	0.000000	0.000000	1741901920.449585	0.000000
2.000000	-34618.717089	-22798.645234	-32646.980303	-19766.944023	-42551.842934	-34093.831074	-40388.350533	-15772.039088	-30815.768935	-32485.377191	-38457.696254	-22238.957553	-28141.092138	-40997.212052	-36599.774551	-187500.022352	-0.082062	0.918140	-0.360117	192.000000	0.000000	0.000000	0.000000	0.000000	0.000000	0.000000	0.000000	0.000000	0.000000	1741901920.451800	0.000000
4.000000	-34594.599556	-22769.856187	-32627.802506	-19759.679706	-42527.166608	-34066.316076	-40357.706291	-15741.618364	-30837.427776	-32499.145865	-38469.453272	-22254.112036	-28156.403083	-41007.538558	-36631.402270	-187500.022352	-0.082062	0.918140	-0.360117	192.000000	0.000000	0.000000	0.000000	0.000000	0.000000	0.000000	0.000000	0.000000	0.000000	1741901920.453786	0.000000
6.000000	-34598.555815	-22777.969870	-32632.138745	-19759.366782	-42529.111210	-34079.190681	-40368.636294	-15754.783542	-30826.564828	-32489.221691	-38463.172431	-22246.087759	-28149.831671	-41001.213014	-36610.279871	-187500.022352	-0.082062	0.918140	-0.360117	192.000000	0.000000	0.000000	0.000000	0.000000	0.000000	0.000000	0.000000	0.000000	0.000000	1741901920.455791	0.000000
8.000000	-34568.358608	-22739.994256	-32603.617919	-19728.879002	-42496.500015	-34033.146087	-40326.212683	-15708.046044	-30822.988549	-32468.993362	-38449.336702	-22229.927448	-28140.980380	-40976.156709	-36606.502426	-187500.022352	-0.082062	0.918140	-0.360117	192.000000	0.000000	0.000000	0.000000	0.000000	0.000000	0.000000	0.000000	0.000000	0.000000	1741901920.457795	0.000000
10.000000	-34593.213748	-22769.856187	-32628.853038	-19743.742912	-42522.740963	-34063.030370	-40357.862754	-15743.250041	-30810.829200	-32451.559001	-38441.267722	-22216.091718	-28129.491583	-40964.265581	-36581.110845	-187500.022352	-0.082031	0.917070	-0.358059	192.000000	126.500000	56.000000	14.000000	80.000000	122.000000	112.000000	0.000000	0.000000	0.000000	1741901920.459819	0.000000
12.000000	-34596.588862	-22762.971850	-32626.617864	-19745.486348	-42522.472742	-34047.853535	-40346.061033	-15727.268544	-30840.378206	-32469.641563	-38463.284190	-22237.638800	-28153.922040	-40983.309267	-36612.470342	-187500.022352	-0.082031	0.917070	-0.358059	192.000000	0.000000	0.000000	0.000000	0.000000	0.000000	0.000000	0.000000	0.000000	0.000000	1741901920.507618	0.000000
14.000000	-34615.431382	-22791.380917	-32644.052225	-19765.289994	-42541.382318	-34076.441416	-40369.262143	-15754.157693	-30848.648351	-32478.090522	-38474.348304	-22246.668905	-28163.309772	-40991.646468	-36610.212816	-187500.022352	-0.082031	0.917070	-0.358059	192.000000	0.000000	0.000000	0.000000	0.000000	0.000000	0.000000	0.000000	0.000000	0.000000	1741901920.509722	0.000000
16.000000	-34617.308929	-22779.758010	-32646.287399	-19759.389133	-42544.578617	-34058.403559	-40364.769443	-15740.411370	-30864.540442	-32483.678458	-38484.495996	-22251.496881	-28179.537139	-40997.167349	-36622.372165	-187500.022352	-0.082031	0.917070	-0.358059	192.000000	0.000000	0.000000	0.000000	0.000000	0.000000	0.000000	0.000000	0.000000	0.000000	1741901920.511773	0.000000
18.000000	-34587.961088	-22756.959231	-32621.119335	-19749.263793	-42520.639899	-34047.652369	-40346.396309	-15724.407521	-30850.615305	-32466.579374	-38469.967362	-22235.940067	-28165.746113	-40979.844747	-36614.638461	-187500.022352	-0.082031	0.917070	-0.358059	192.000000	0.000000	0.000000	0.000000	0.000000	0.000000	0.000000	0.000000	0.000000	0.000000	1741901920.513782	0.000000
20.000000	-34584.653030	-22744.978696	-32617.744221	-19720.675912	-42517.085971	-34018.393936	-40330.168942	-15705.833221	-30829.962293	-32439.153783	-38445.693367	-22208.983863	-28147.216516	-40950.765127	-36584.038923	-187500.022352	-0.082015	0.916535	-0.361029	192.000000	126.500000	56.000000	14.000000	80.000000	122.000000	80.000000	0.000000	0.000000	0.000000	1741901920.515876	0.000000
22.000000	-34593.303155	-22763.642402	-32622.773364	-19730.644790	-42525.601986	-34041.460936	-40347.089213	-15728.386131	-30839.417081	-32442.238324	-38450.297827	-22212.113108	-28156.000752	-40951.480383	-36593.828987	-187500.022352	-0.082015	0.916535	-0.361029	192.000000	0.000000	0.000000	0.000000	0.000000	0.000000	0.000000	0.000000	0.000000	0.000000	1741901920.518064	0.000000
24.000000	-34609.172894	-22768.582138	-32640.185373	-19733.908145	-42542.723422	-34044.120794	-40354.733509	-15731.001285	-30863.467558	-32462.779577	-38474.728283	-22234.241335	-28183.135770	-40976.804909	-36604.758990	-187500.022352	-0.082015	0.916535	-0.361029	192.000000	0.000000	0.000000	0.000000	0.000000	0.000000	0.000000	0.000000	0.000000	0.000000	1741901920.520059	0.000000
26.000000	-34582.194338	-22750.387818	-32616.961910	-19731.315342	-42524.774972	-34041.818564	-40348.072690	-15728.229669	-30846.949619	-32440.807812	-38452.354187	-22212.269570	-28164.114435	-40956.308360	-36600.243938	-187500.022352	-0.082015	0.916535	-0.361029	192.000000	0.000000	0.000000	0.000000	0.000000	0.000000	0.000000	0.000000	0.000000	0.000000	1741901920.522053	0.000000
28.000000	-34594.733667	-22757.696838	-32635.335044	-19740.367799	-42538.543646	-34047.630018	-40349.257332	-15729.973105	-30854.459805	-32451.156670	-38465.117033	-22225.680617	-28175.044438	-40970.769938	-36597.941708	-187500.022352	-0.082015	0.916535	-0.361029	192.000000	0.000000	0.000000	0.000000	0.000000	0.000000	0.000000	0.000000	0.000000	0.000000	1741901920.567047	0.000000
30.000000	-34586.530577	-22757.942707	-32631.647006	-19741.150110	-42528.038326	-34045.573657	-40349.637312	-15729.391960	-30827.816525	-32426.435641	-38437.602036	-22203.887666	-28145.428377	-40941.086822	-36596.913528	-187500.022352	-0.084008	0.914268	-0.364515	192.000000	126.500000	40.000000	14.000000	64.000000	122.000000	64.000000	0.000000	0.000000	0.000000	1741901920.569194	0.000000
32.000000	-34603.249681	-22767.129274	-32654.870469	-19759.836168	-42543.617492	-34055.386073	-40357.393367	-15736.790387	-30871.827110	-32477.129397	-38493.615507	-22257.665963	-28194.825732	-40993.725180	-36628.317729	-187500.022352	-0.084008	0.914268	-0.364515	192.000000	0.000000	0.000000	0.000000	0.000000	0.000000	0.000000	0.000000	0.000000	0.000000	1741901920.571390	0.000000
34.000000	-34575.354704	-22745.716303	-32626.550809	-19740.770130	-42517.153027	-34035.850648	-40339.646082	-15718.752529	-30836.377244	-32435.085766	-38449.403757	-22216.114070	-28154.927868	-40947.144144	-36612.358583	-187500.022352	-0.084008	0.914268	-0.364515	192.000000	0.000000	0.000000	0.000000	0.000000	0.000000	0.000000	0.000000	0.000000	0.000000	1741901920.573409	0.000000
36.000000	-34626.137868	-22790.643309	-32671.477815	-19765.513511	-42565.812774	-34076.508472	-40382.248507	-15760.438533	-30863.959296	-32469.440397	-38482.014952	-22243.025570	-28188.142560	-40983.845709	-36615.241959	-187500.022352	-0.084008	0.914268	-0.364515	192.000000	0.000000	0.000000	0.000000	0.000000	0.000000	0.000000	0.000000	0.000000	0.000000	1741901920.575416	0.000000
38.000000	-34614.693775	-22780.406210	-32653.976399	-19767.279299	-42548.400765	-34073.245117	-40370.044454	-15752.034277	-30876.610384	-32470.133301	-38481.836138	-22246.333628	-28193.730497	-40986.594973	-36644.165116	-187500.022352	-0.084008	0.914268	-0.364515	192.000000	0.000000	0.000000	0.000000	0.000000	0.000000	0.000000	0.000000	0.000000	0.000000	1741901920.577458	0.000000
40.000000	-34615.878417	-22780.786190	-32653.618771	-19768.128665	-42546.031481	-34075.346181	-40372.503146	-15752.771885	-30879.963145	-32483.521996	-38494.375467	-22258.269460	-28199.385488	-41002.375305	-36628.809467	-187500.022352	-0.084004	0.915134	-0.365257	192.000000	126.500000	48.000000	14.000000	80.000000	122.000000	72.000000	0.000000	0.000000	0.000000	1741901920.579470	0.000000
42.000000	-34610.245777	-22776.114676	-32653.864640	-19762.048991	-42542.298739	-34067.299553	-40364.769443	-15748.413294	-30868.831977	-32461.416121	-38474.772987	-22237.281172	-28182.912252	-40978.995380	-36632.609264	-187500.022352	-0.084004	0.915134	-0.365257	192.000000	0.000000	0.000000	0.000000	0.000000	0.000000	0.000000	0.000000	0.000000	0.000000	1741901920.626875	0.000000
44.000000	-34611.855103	-22780.137990	-32664.884050	-19764.462979	-42553.921646	-34073.580393	-40377.308771	-15757.108123	-30864.629849	-32466.378208	-38480.807958	-22241.751521	-28185.594462	-40985.589145	-36622.260406	-187500.022352	-0.084004	0.915134	-0.365257	192.000000	0.000000	0.000000	0.000000	0.000000	0.000000	0.000000	0.000000	0.000000	0.000000	1741901920.629010	0.000000
46.000000	-34584.027181	-22749.761969	-32640.900629	-19752.348334	-42527.703050	-34049.172288	-40348.407966	-15725.949791	-30863.132282	-32456.275219	-38471.777853	-22234.397797	-28180.498264	-40972.692188	-36640.566485	-187500.022352	-0.084004	0.915134	-0.365257	192.000000	0.000000	0.000000	0.000000	0.000000	0.000000	0.000000	0.000000	0.000000	0.000000	1741901920.631026	0.000000
48.000000	-34600.232196	-22768.515082	-32653.529364	-19751.074284	-42541.337614	-34065.198489	-40363.227172	-15745.172291	-30850.458843	-32452.631885	-38468.290981	-22228.340474	-28171.132883	-40970.501717	-36613.409115	-187500.022352	-0.084004	0.915134	-0.365257	192.000000	0.000000	0.000000	0.000000	0.000000	0.000000	0.000000	0.000000	0.000000	0.000000	1741901920.633027	0.000000
50.000000	-34593.012582	-22756.400437	-32642.755823	-19745.553404	-42526.965443	-34049.149936	-40345.546942	-15726.843861	-30861.947639	-32452.028388	-38470.123824	-22229.905096	-28176.005563	-40969.093557	-36627.244845	-187500.022352	-0.083002	0.911567	-0.367629	192.000000	126.500000	56.000000	14.000000	48.000000	122.000000	56.000000	0.000000	0.000000	0.000000	1741901920.635064	0.000000
52.000000	-34596.722972	-22770.616146	-32646.220344	-19754.851729	-42529.513541	-34060.862250	-40353.526515	-15738.623230	-30850.123566	-32452.631885	-38469.117995	-22231.939105	-28167.958935	-40971.373435	-36606.144799	-187500.022352	-0.083002	0.911567	-0.367629	192.000000	0.000000	0.000000	0.000000	0.000000	0.000000	0.000000	0.000000	0.000000	0.000000	1741901920.637213	0.000000
54.000000	-34592.163216	-22762.435408	-32646.466213	-19756.394000	-42527.457181	-34054.156727	-40355.314655	-15733.504681	-30860.852404	-32460.656161	-38472.358998	-22241.483300	-28178.151331	-40976.335523	-36625.747278	-187500.022352	-0.083002	0.911567	-0.367629	192.000000	0.000000	0.000000	0.000000	0.000000	0.000000	0.000000	0.000000	0.000000	0.000000	1741901920.639238	0.000000
56.000000	-34612.570359	-22790.017461	-32667.029818	-19767.681631	-42552.893466	-34084.800969	-40380.281553	-15765.177103	-30852.761072	-32458.018656	-38470.123824	-22241.416245	-28172.608098	-40977.363703	-36614.459647	-187500.022352	-0.083002	0.911567	-0.367629	192.000000	0.000000	0.000000	0.000000	0.000000	0.000000	0.000000	0.000000	0.000000	0.000000	1741901920.641219	0.000000
58.000000	-34597.438228	-22767.330440	-32647.606152	-19766.541692	-42530.005280	-34060.772843	-40350.777251	-15732.252983	-30891.228424	-32493.870854	-38501.371563	-22274.139199	-28208.728517	-41010.332526	-36658.917267	-187500.022352	-0.083002	0.911567	-0.367629	192.000000	0.000000	0.000000	0.000000	0.000000	0.000000	0.000000	0.000000	0.000000	0.000000	1741901920.687172	0.000000
60.000000	-34599.047553	-22777.925167	-32644.812184	-19754.695267	-42533.290986	-34063.164480	-40361.819012	-15745.865195	-30829.939941	-32438.237362	-38440.999501	-22216.091718	-28148.043531	-40955.794270	-36595.997107	-187500.022352	-0.083501	0.912783	-0.363814	192.000000	126.500000	48.000000	14.000000	72.000000	122.000000	96.000000	0.000000	0.000000	0.000000	1741901920.689301	0.000000
62.000000	-34586.217652	-22756.243975	-32632.339911	-19752.862424	-42516.437771	-34043.517297	-40341.903608	-15722.060588	-30872.072979	-32475.140092	-38474.750635	-22253.285021	-28187.874340	-40991.221784	-36632.944540	-187500.022352	-0.083501	0.912783	-0.363814	192.000000	0.000000	0.000000	0.000000	0.000000	0.000000	0.000000	0.000000	0.000000	0.000000	1741901920.691562	0.000000
64.000000	-34574.438283	-22755.215794	-32621.119335	-19740.367799	-42506.513596	-34048.233515	-40337.723832	-15724.966314	-30829.157630	-32432.694129	-38431.455306	-22210.548486	-28144.646066	-40952.553267	-36589.872729	-187500.022352	-0.083501	0.912783	-0.363814	192.000000	0.000000	0.000000	0.000000	0.000000	0.000000	0.000000	0.000000	0.000000	0.000000	1741901920.693591	0.000000
66.000000	-34588.162254	-22758.121521	-32637.346701	-19741.284220	-42523.724440	-34047.786480	-40351.224286	-15730.151919	-30857.767863	-32456.074054	-38458.813841	-22233.749596	-28177.279613	-40978.816566	-36616.247787	-187500.022352	-0.083501	0.912783	-0.363814	192.000000	0.000000	0.000000	0.000000	0.000000	0.000000	0.000000	0.000000	0.000000	0.000000	1741901920.695624	0.000000
68.000000	-34608.390583	-22784.407173	-32654.445786	-19748.325020	-42543.304568	-34070.160576	-40377.889917	-15759.343297	-30847.798985	-32440.606647	-38448.375577	-22218.215134	-28166.506072	-40964.176174	-36612.090363	-187500.022352	-0.083501	0.912783	-0.363814	192.000000	0.000000	0.000000	0.000000	0.000000	0.000000	0.000000	0.000000	0.000000	0.000000	1741901920.697639	0.000000
70.000000	-34622.650996	-22788.117562	-32665.889879	-19753.220052	-42553.787536	-34063.477405	-40372.503146	-15752.481312	-30894.894111	-32481.577394	-38497.124731	-22260.616393	-28213.578846	-41002.509415	-36641.572313	-187500.022352	-0.081750	0.915392	-0.360907	192.000000	126.500000	64.000000	14.000000	88.000000	122.000000	104.000000	0.000000	0.000000	0.000000	1741901920.699694	0.000000
72.000000	-34593.727838	-22770.146760	-32635.133879	-19740.658372	-42526.361945	-34054.112024	-40356.208725	-15739.696114	-30867.490872	-32455.314094	-38469.386216	-22231.559125	-28183.001659	-40970.233496	-36620.114639	-187500.022352	-0.081750	0.915392	-0.360907	192.000000	0.000000	0.000000	0.000000	0.000000	0.000000	0.000000	0.000000	0.000000	0.000000	1741901920.747415	0.000000
74.000000	-34611.586882	-22779.981527	-32659.229059	-19745.776921	-42550.099498	-34058.068282	-40371.474966	-15749.955565	-30874.621078	-32466.981705	-38480.472682	-22242.846756	-28194.155180	-40985.700904	-36623.668566	-187500.022352	-0.081750	0.915392	-0.360907	192.000000	0.000000	0.000000	0.000000	0.000000	0.000000	0.000000	0.000000	0.000000	0.000000	1741901920.749559	0.000000
76.000000	-34588.609289	-22767.106923	-32641.481774	-19735.629229	-42530.497018	-34050.423986	-40357.683940	-15741.126626	-30848.983627	-32437.522106	-38450.655454	-22214.460041	-28167.333086	-40956.867153	-36620.852246	-187500.022352	-0.081750	0.915392	-0.360907	192.000000	0.000000	0.000000	0.000000	0.000000	0.000000	0.000000	0.000000	0.000000	0.000000	1741901920.751571	0.000000
78.000000	-34605.037821	-22780.160341	-32662.090082	-19748.257965	-42540.331786	-34058.224745	-40367.943390	-15745.932251	-30872.184738	-32465.953525	-38480.517385	-22244.031399	-28195.451581	-40988.271354	-36629.502371	-187500.022352	-0.081750	0.915392	-0.360907	192.000000	0.000000	0.000000	0.000000	0.000000	0.000000	0.000000	0.000000	0.000000	0.000000	1741901920.753582	0.000000
80.000000	-34588.050495	-22771.085533	-32645.505088	-19742.424159	-42517.689469	-34051.340407	-40349.302035	-15735.248117	-30849.274200	-32445.680493	-38455.192859	-22224.294808	-28169.188281	-40963.796194	-36622.506275	-187500.022352	-0.081875	0.915696	-0.361454	192.000000	126.500000	56.000000	14.000000	80.000000	122.000000	88.000000	0.000000	0.000000	0.000000	1741901920.755605	0.000000
82.000000	-34587.670515	-22765.966984	-32645.169812	-19730.644790	-42511.453332	-34036.767070	-40338.841419	-15722.507623	-30852.805776	-32456.074054	-38463.820632	-22234.442500	-28175.223252	-40973.429796	-36609.654022	-187500.022352	-0.081875	0.915696	-0.361454	192.000000	0.000000	0.000000	0.000000	0.000000	0.000000	0.000000	0.000000	0.000000	0.000000	1741901920.757774	0.000000
84.000000	-34611.452772	-22793.705498	-32664.124091	-19749.554366	-42527.211312	-34056.682474	-40360.746129	-15745.798140	-30861.634715	-32456.901068	-38466.212269	-22235.090701	-28180.677078	-40967.663046	-36623.176828	-187500.022352	-0.081875	0.915696	-0.361454	192.000000	0.000000	0.000000	0.000000	0.000000	0.000000	0.000000	0.000000	0.000000	0.000000	1741901920.759913	0.000000
86.000000	-34615.520789	-22792.051469	-32664.124091	-19749.666125	-42528.485361	-34055.296666	-40359.360320	-15742.668896	-30875.112817	-32472.770807	-38485.054789	-22253.419131	-28194.646918	-40986.125587	-36618.661775	-187500.022352	-0.081875	0.915696	-0.361454	192.000000	0.000000	0.000000	0.000000	0.000000	0.000000	0.000000	0.000000	0.000000	0.000000	1741901920.761939	0.000000
88.000000	-34605.887187	-22783.513103	-32652.143556	-19746.492177	-42515.275480	-34048.591143	-40341.948312	-15730.576602	-30866.239174	-32455.604667	-38467.508670	-22235.716550	-28179.045401	-40965.584334	-36615.644290	-187500.022352	-0.081875	0.915696	-0.361454	192.000000	0.000000	0.000000	0.000000	0.000000	0.000000	0.000000	0.000000	0.000000	0.000000	1741901920.807742	0.000000
90.000000	-34623.835638	-22800.478077	-32673.198899	-19761.579604	-42539.795344	-34067.590126	-40371.832594	-15755.230576	-30880.544291	-32477.554080	-38490.374504	-22257.129521	-28199.385488	-40992.294668	-36615.152552	-187500.022352	-0.079938	0.912848	-0.362727	192.000000	126.500000	72.000000	14.000000	56.000000	122.000000	80.000000	0.000000	0.000000	0.000000	1741901920.809832	0.000000
92.000000	-34599.449885	-22775.242958	-32654.646952	-19755.790503	-42519.008222	-34050.826317	-40343.512934	-15733.057646	-30881.214843	-32464.143034	-38482.730208	-22249.954611	-28196.412706	-40978.928325	-36636.006729	-187500.022352	-0.079938	0.912848	-0.362727	192.000000	0.000000	0.000000	0.000000	0.000000	0.000000	0.000000	0.000000	0.000000	0.000000	1741901920.811994	0.000000
94.000000	-34601.863873	-22780.227397	-32650.109547	-19740.680723	-42513.889672	-34046.914762	-40340.853076	-15729.056684	-30853.744549	-32450.553173	-38462.233658	-22227.602867	-28169.881185	-40965.360816	-36590.364467	-187500.022352	-0.079938	0.912848	-0.362727	192.000000	0.000000	0.000000	0.000000	0.000000	0.000000	0.000000	0.000000	0.000000	0.000000	1741901920.814040	0.000000
96.000000	-34594.487798	-22768.537434	-32644.499260	-19738.467901	-42507.631184	-34036.744718	-40337.008576	-15719.780710	-30868.966087	-32457.102234	-38468.603905	-22234.777777	-28178.710124	-40967.864212	-36615.376069	-187500.022352	-0.079938	0.912848	-0.362727	192.000000	0.000000	0.000000	0.000000	0.000000	0.000000	0.000000	0.000000	0.000000	0.000000	1741901920.816100	0.000000
98.000000	-34601.819170	-22779.623899	-32649.684864	-19742.804139	-42514.515521	-34048.568791	-40342.216532	-15730.554251	-30855.309171	-32454.263562	-38463.485356	-22229.301599	-28170.618793	-40967.104252	-36595.393609	-187500.022352	-0.079938	0.912848	-0.362727	192.000000	0.000000	0.000000	0.000000	0.000000	0.000000	0.000000	0.000000	0.000000	0.000000	1741901920.818106	0.000000
100.000000	-34608.323527	-22781.859074	-32658.938486	-19745.195776	-42529.245320	-34051.027483	-40356.342835	-15740.746646	-30866.686209	-32460.656161	-38465.608772	-22234.107224	-28177.994869	-40970.725235	-36616.024270	-187500.022352	-0.082969	0.911424	-0.363363	192.000000	126.500000	40.000000	14.000000	56.000000	122.000000	80.000000	0.000000	0.000000	0.000000	1741901920.820080	0.000000
102.000000	-34586.418818	-22764.670582	-32646.130937	-19749.084979	-42519.902291	-34060.951657	-40357.058091	-15745.552271	-30863.378151	-32465.193566	-38470.034417	-22239.806919	-28184.968613	-40981.632886	-36617.544188	-187500.022352	-0.082969	0.911424	-0.363363	192.000000	0.000000	0.000000	0.000000	0.000000	0.000000	0.000000	0.000000	0.000000	0.000000	1741901920.868098	0.000000
104.000000	-34584.183643	-22758.345039	-32640.677111	-19732.924668	-42513.464989	-34041.170364	-40348.877352	-15731.157748	-30843.708616	-32441.746586	-38443.145268	-22214.504744	-28163.622697	-40956.777746	-36610.101057	-187500.022352	-0.082969	0.911424	-0.363363	192.000000	0.000000	0.000000	0.000000	0.000000	0.000000	0.000000	0.000000	0.000000	0.000000	1741901920.870260	0.000000
106.000000	-34605.306042	-22786.731754	-32662.559469	-19753.756494	-42533.939187	-34070.249983	-40371.318504	-15756.191701	-30857.924325	-32458.331580	-38461.697216	-22229.547468	-28180.475912	-40974.994418	-36615.130200	-187500.022352	-0.082969	0.911424	-0.363363	192.000000	0.000000	0.000000	0.000000	0.000000	0.000000	0.000000	0.000000	0.000000	0.000000	1741901920.872355	0.000000
108.000000	-34596.477103	-22769.744428	-32649.327236	-19733.282296	-42517.197730	-34037.370567	-40340.338986	-15723.982838	-30867.334410	-32462.466653	-38463.440652	-22229.525117	-28184.812151	-40973.094520	-36626.015499	-187500.022352	-0.082969	0.911424	-0.363363	192.000000	0.000000	0.000000	0.000000	0.000000	0.000000	0.000000	0.000000	0.000000	0.000000	1741901920.874391	0.000000
110.000000	-34602.176798	-22784.340117	-32653.439957	-19738.780825	-42523.836198	-34057.911820	-40353.660626	-15741.931288	-30861.522956	-32460.164423	-38462.680693	-22226.239410	-28178.173682	-40968.400653	-36607.843531	-187500.022352	-0.085484	0.913712	-0.363682	192.000000	126.500000	32.000000	14.000000	80.000000	122.000000	80.000000	0.000000	0.000000	0.000000	1741901920.876409	0.000000
112.000000	-34602.936757	-22776.494655	-32657.440920	-19735.182194	-42529.759411	-34050.960428	-40358.756823	-15742.825358	-30868.630811	-32464.545365	-38468.983885	-22234.107224	-28186.153255	-40974.972066	-36622.327462	-187500.022352	-0.085484	0.913712	-0.363682	192.000000	0.000000	0.000000	0.000000	0.000000	0.000000	0.000000	0.000000	0.000000	0.000000	1741901920.878573	0.000000
114.000000	-34587.201129	-22772.381934	-32643.359321	-19740.412502	-42521.913948	-34060.594029	-40356.476945	-15745.216995	-30858.304305	-32459.516222	-38461.138423	-22229.145137	-28179.358325	-40970.434662	-36618.751182	-187500.022352	-0.085484	0.913712	-0.363682	192.000000	0.000000	0.000000	0.000000	0.000000	0.000000	0.000000	0.000000	0.000000	0.000000	1741901920.880581	0.000000
116.000000	-34585.681210	-22760.535510	-32640.788870	-19727.761415	-42515.700163	-34041.997378	-40338.595550	-15727.603820	-30855.800909	-32456.297571	-38454.879934	-22226.373521	-28176.564357	-40968.378302	-36610.369278	-187500.022352	-0.085484	0.913712	-0.363682	192.000000	0.000000	0.000000	0.000000	0.000000	0.000000	0.000000	0.000000	0.000000	0.000000	1741901920.882632	0.000000
118.000000	-34594.823074	-22778.886292	-32651.338893	-19739.317267	-42525.691393	-34066.293724	-40362.377806	-15750.626117	-30846.033197	-32448.809737	-38443.771117	-22217.499878	-28166.483720	-40961.449261	-36601.696801	-187500.022352	-0.085484	0.913712	-0.363682	192.000000	0.000000	0.000000	0.000000	0.000000	0.000000	0.000000	0.000000	0.000000	0.000000	1741901920.927417	0.000000
120.000000	-34596.678269	-22770.280870	-32653.283495	-19742.781787	-42525.825504	-34057.397730	-40356.007559	-15741.104274	-30876.968011	-32478.381095	-38474.214193	-22246.311277	-28196.032726	-40993.725180	-36621.813371	-187500.022352	-0.086742	0.916856	-0.365841	192.000000	126.500000	32.000000	14.000000	96.000000	122.000000	64.000000	0.000000	0.000000	0.000000	1741901920.929516	0.000000
122.000000	-34567.129262	-22750.477225	-32621.745184	-19723.179307	-42494.778931	-34039.225762	-40327.822009	-15719.534841	-30829.470555	-32430.302492	-38423.296919	-22198.053860	-28147.305923	-40943.925493	-36586.743484	-187500.022352	-0.086742	0.916856	-0.365841	192.000000	0.000000	0.000000	0.000000	0.000000	0.000000	0.000000	0.000000	0.000000	0.000000	1741901920.931735	0.000000
124.000000	-34589.101027	-22765.318783	-32643.582838	-19730.980066	-42516.929509	-34047.540611	-40348.631483	-15734.309344	-30858.080787	-32462.623115	-38458.098585	-22230.598000	-28179.134807	-40978.905973	-36601.428580	-187500.022352	-0.086742	0.916856	-0.365841	192.000000	0.000000	0.000000	0.000000	0.000000	0.000000	0.000000	0.000000	0.000000	0.000000	1741901920.933756	0.000000
126.000000	-34602.936757	-22788.184618	-32659.184356	-19750.739008	-42533.894483	-34076.240251	-40369.887992	-15757.376344	-30853.409273	-32455.694074	-38448.867315	-22222.171393	-28172.161063	-40972.602781	-36608.201159	-187500.022352	-0.086742	0.916856	-0.365841	192.000000	0.000000	0.000000	0.000000	0.000000	0.000000	0.000000	0.000000	0.000000	0.000000	1741901920.935883	0.000000
128.000000	-34615.900769	-22795.001900	-32671.634277	-19758.517415	-42543.192809	-34078.631887	-40373.598382	-15759.209187	-30879.002020	-32486.360668	-38479.131577	-22251.429826	-28203.855837	-41007.583261	-36626.529589	-187500.022352	-0.086742	0.916856	-0.365841	192.000000	0.000000	0.000000	0.000000	0.000000	0.000000	0.000000	0.000000	0.000000	0.000000	1741901920.937913	0.000000
130.000000	-34600.746286	-22785.435353	-32657.396216	-19748.325020	-42525.579634	-34069.735893	-40355.269951	-15747.921556	-30861.388846	-32462.846632	-38454.254085	-22226.954666	-28182.576976	-40978.168366	-36618.102982	-187500.022352	-0.085371	0.915428	-0.363920	192.000000	126.500000	48.000000	14.000000	72.000000	122.000000	88.000000	0.000000	0.000000	0.000000	1741901920.939960	0.000000
132.000000	-34618.314757	-22796.722984	-32674.987039	-19757.198662	-42542.142277	-34078.788349	-40369.977399	-15759.633870	-30888.322698	-32493.870854	-38490.709781	-22258.917661	-28214.718785	-41011.695982	-36629.927055	-187500.022352	-0.085371	0.915428	-0.363920	192.000000	0.000000	0.000000	0.000000	0.000000	0.000000	0.000000	0.000000	0.000000	0.000000	1741901920.987219	0.000000
134.000000	-34604.322565	-22783.803676	-32658.334989	-19745.374590	-42525.467876	-34065.891393	-40360.388501	-15746.826321	-30868.273183	-32466.646429	-38463.932391	-22231.000332	-28190.578901	-40980.358837	-36623.847380	-187500.022352	-0.085371	0.915428	-0.363920	192.000000	0.000000	0.000000	0.000000	0.000000	0.000000	0.000000	0.000000	0.000000	0.000000	1741901920.989368	0.000000
136.000000	-34635.257379	-22809.798754	-32692.600214	-19754.427046	-42556.715614	-34088.220786	-40383.947239	-15772.799048	-30877.660916	-32479.051647	-38482.171414	-22243.047922	-28204.548741	-40997.346162	-36619.511142	-187500.022352	-0.085371	0.915428	-0.363920	192.000000	0.000000	0.000000	0.000000	0.000000	0.000000	0.000000	0.000000	0.000000	0.000000	1741901920.991441	0.000000
138.000000	-34628.417746	-22805.238999	-32685.961745	-19763.859482	-42549.138373	-34087.058495	-40378.560469	-15767.546388	-30896.302270	-32492.373287	-38492.162644	-22255.386085	-28217.982139	-41005.258680	-36649.283665	-187500.022352	-0.085371	0.915428	-0.363920	192.000000	0.000000	0.000000	0.000000	0.000000	0.000000	0.000000	0.000000	0.000000	0.000000	1741901920.993480	0.000000
140.000000	-34589.905690	-22766.704591	-32653.864640	-19744.212299	-42519.678774	-34060.683436	-40349.927884	-15736.075131	-30872.676477	-32479.521034	-38478.416321	-22243.226736	-28197.865569	-40995.133340	-36622.238055	-187500.022352	-0.085686	0.915714	-0.363960	192.000000	126.500000	40.000000	14.000000	80.000000	122.000000	80.000000	0.000000	0.000000	0.000000	1741901920.995499	0.000000
142.000000	-34566.078730	-22742.430597	-32631.959931	-19726.241496	-42507.206500	-34036.543552	-40329.811314	-15711.756433	-30839.931171	-32439.220838	-38440.686576	-22205.787564	-28161.879261	-40955.995435	-36612.068011	-187500.022352	-0.085686	0.915714	-0.363960	192.000000	0.000000	0.000000	0.000000	0.000000	0.000000	0.000000	0.000000	0.000000	0.000000	1741901920.997665	0.000000
144.000000	-34569.476196	-22748.800844	-32634.575085	-19727.604953	-42515.990736	-34043.874925	-40340.495448	-15722.485271	-30822.653272	-32434.169344	-38441.223018	-22202.457154	-28152.290362	-40953.536743	-36586.318801	-187500.022352	-0.085686	0.915714	-0.363960	192.000000	0.000000	0.000000	0.000000	0.000000	0.000000	0.000000	0.000000	0.000000	0.000000	1741901920.999706	0.000000
146.000000	-34558.233268	-22734.853355	-32614.682032	-19718.507793	-42503.987849	-34023.020747	-40322.926977	-15705.922628	-30814.830162	-32418.724289	-38430.784754	-22191.281282	-28136.979417	-40936.728232	-36585.581194	-187500.022352	-0.085686	0.915714	-0.363960	192.000000	0.000000	0.000000	0.000000	0.000000	0.000000	0.000000	0.000000	0.000000	0.000000	1741901921.001706	0.000000
148.000000	-34618.493571	-22797.013557	-32670.583745	-19760.551424	-42565.522202	-34082.096408	-40389.758693	-15770.943853	-30836.041967	-32452.341312	-38466.547545	-22224.205401	-28160.806377	-40972.111043	-36589.850377	-187500.022352	-0.085686	0.915714	-0.363960	192.000000	0.000000	0.000000	0.000000	0.000000	0.000000	0.000000	0.000000	0.000000	0.000000	1741901921.047517	0.000000
150.000000	-34605.596615	-22777.969870	-32654.065806	-19766.765209	-42549.697167	-34067.679532	-40365.954085	-15746.312230	-30877.102122	-32484.036086	-38500.723362	-22257.375390	-28193.797552	-41000.810683	-36646.601456	-187500.022352	-0.082843	0.914857	-0.364980	192.000000	126.500000	64.000000	14.000000	72.000000	122.000000	72.000000	0.000000	0.000000	0.000000	1741901921.049672	0.000000
152.000000	-34586.552928	-22762.591870	-32631.468193	-19750.403732	-42534.140353	-34055.877811	-40361.908419	-15739.494948	-30842.792194	-32454.576487	-38473.722455	-22230.441538	-28164.248546	-40973.452148	-36604.781342	-187500.022352	-0.082843	0.914857	-0.364980	192.000000	0.000000	0.000000	0.000000	0.000000	0.000000	0.000000	0.000000	0.000000	0.000000	1741901921.081837	0.000000
154.000000	-34594.264280	-22760.155530	-32630.529419	-19741.686552	-42538.610701	-34045.774823	-40351.805431	-15733.169405	-30836.511354	-32441.478365	-38456.869239	-22216.225829	-28154.614944	-40957.872982	-36604.311955	-187500.022352	-0.082843	0.914857	-0.364980	192.000000	0.000000	0.000000	0.000000	0.000000	0.000000	0.000000	0.000000	0.000000	0.000000	1741901921.083902	0.000000
156.000000	-34593.861949	-22766.816350	-32628.003672	-19749.330848	-42543.170457	-34061.644561	-40364.545925	-15748.055666	-30841.898124	-32453.525955	-38463.977094	-22227.044073	-28162.862738	-40970.747587	-36599.707496	-187500.022352	-0.082843	0.914857	-0.364980	192.000000	0.000000	0.000000	0.000000	0.000000	0.000000	0.000000	0.000000	0.000000	0.000000	1741901921.085969	0.000000
158.000000	-34579.445074	-22742.654114	-32609.474076	-19730.220107	-42525.691393	-34029.815677	-40344.675224	-15719.266620	-30834.902028	-32442.640655	-38451.124841	-22216.426994	-28154.145557	-40957.425947	-36600.288641	-187500.022352	-0.082843	0.914857	-0.364980	192.000000	0.000000	0.000000	0.000000	0.000000	0.000000	0.000000	0.000000	0.000000	0.000000	1741901921.088028	0.000000
160.000000	-34592.789065	-22762.569518	-32620.582893	-19737.193851	-42539.705937	-34050.871021	-40359.114451	-15738.153844	-30822.250941	-32433.141164	-38443.882876	-22208.358015	-28144.087272	-40948.842877	-36582.563708	-187500.022352	-0.084421	0.915428	-0.364490	192.000000	126.500000	40.000000	14.000000	80.000000	122.000000	80.000000	0.000000	0.000000	0.000000	1741901921.090082	0.000000
162.000000	-34571.353742	-22732.059387	-32600.399268	-19719.513621	-42519.567015	-34020.159724	-40332.851152	-15708.001340	-30837.003092	-32439.265542	-38454.946989	-22219.869163	-28155.821938	-40952.396804	-36593.203138	-187500.022352	-0.084421	0.915428	-0.364490	192.000000	0.000000	0.000000	0.000000	0.000000	0.000000	0.000000	0.000000	0.000000	0.000000	1741901921.107790	0.000000
164.000000	-34579.176853	-22750.499576	-32609.831704	-19721.726444	-42531.905178	-34042.712634	-40353.571219	-15731.425969	-30807.968176	-32410.230626	-38425.599149	-22191.594206	-28123.970702	-40924.568883	-36567.141004	-187500.022352	-0.084421	0.915428	-0.364490	192.000000	0.000000	0.000000	0.000000	0.000000	0.000000	0.000000	0.000000	0.000000	0.000000	1741901921.109905	0.000000
166.000000	-34600.500417	-22764.201196	-32634.351568	-19743.541747	-42557.140298	-34056.570715	-40371.318504	-15744.948774	-30848.782462	-32454.464728	-38465.184088	-22235.113053	-28164.941450	-40970.300552	-36606.994165	-187500.022352	-0.084421	0.915428	-0.364490	192.000000	0.000000	0.000000	0.000000	0.000000	0.000000	0.000000	0.000000	0.000000	0.000000	1741901921.111941	0.000000
168.000000	-34587.692867	-22762.435408	-32625.522628	-19756.394000	-42547.573751	-34065.243192	-40366.401120	-15748.592108	-30847.039026	-32460.410292	-38466.704007	-22239.024608	-28165.924927	-40975.866136	-36624.763802	-187500.022352	-0.084421	0.915428	-0.364490	192.000000	0.000000	0.000000	0.000000	0.000000	0.000000	0.000000	0.000000	0.000000	0.000000	1741901921.113978	0.000000
170.000000	-34577.142844	-22745.649248	-32618.682995	-19735.293953	-42537.001376	-34038.555209	-40350.777251	-15728.252021	-30822.832086	-32433.968179	-38450.431937	-22221.567896	-28144.802528	-40951.458031	-36607.687069	-187500.022352	-0.084000	0.918000	-0.360000	192.000000	126.500000	48.000000	14.000000	88.000000	122.000000	96.000000	0.000000	0.000000	0.000000	1741901921.116074	0.000000
172.000000	-34601.618004	-22779.780362	-32636.251466	-19757.668049	-42554.905123	-34073.915669	-40372.570201	-15757.733972	-30829.135278	-32445.054644	-38451.638931	-22223.221925	-28147.998827	-40957.850630	-36612.358583	-187500.022352	-0.084000	0.918000	-0.360000	192.000000	0.000000	0.000000	0.000000	0.000000	0.000000	0.000000	0.000000	0.000000	0.000000	1741901921.118231	0.000000
174.000000	-34592.766713	-22764.156492	-32631.043509	-19754.941136	-42543.148106	-34058.358855	-40354.666454	-15736.432759	-30848.268372	-32471.340295	-38477.656362	-22249.261707	-28167.578956	-40982.594011	-36621.075764	-187500.022352	-0.084000	0.918000	-0.360000	192.000000	0.000000	0.000000	0.000000	0.000000	0.000000	0.000000	0.000000	0.000000	0.000000	1741901921.120229	0.000000
176.000000	-34584.630678	-22766.145798	-32621.767535	-19749.733180	-42530.474666	-34061.577506	-40354.085309	-15739.874928	-30823.413232	-32449.659103	-38450.946027	-22221.634951	-28137.538211	-40957.515354	-36604.244900	-187500.022352	-0.084000	0.918000	-0.360000	192.000000	0.000000	0.000000	0.000000	0.000000	0.000000	0.000000	0.000000	0.000000	0.000000	1741901921.122284	0.000000
178.000000	-34578.238079	-22751.304239	-32611.441029	-19733.036427	-42519.567015	-34039.493983	-40339.556675	-15719.423082	-30824.284950	-32456.006999	-38459.149117	-22226.507631	-28137.784080	-40965.405520	-36594.119560	-187500.022352	-0.084000	0.918000	-0.360000	192.000000	0.000000	0.000000	0.000000	0.000000	0.000000	0.000000	0.000000	0.000000	0.000000	1741901921.167940	0.000000
180.000000	-34587.938736	-22768.202158	-32620.381727	-19742.446511	-42531.033460	-34060.236402	-40355.448765	-15743.965297	-30813.891389	-32441.947751	-38443.905228	-22209.877933	-28124.350682	-40948.418194	-36592.465531	-187500.022352	-0.086000	0.916000	-0.360000	192.000000	126.500000	40.000000	14.000000	80.000000	122.000000	96.000000	0.000000	0.000000	0.000000	1741901921.170077	0.000000
182.000000	-34623.232141	-22803.495562	-32657.843251	-19766.742857	-42568.539687	-34089.740704	-40388.730513	-15772.374364	-30844.379168	-32490.741609	-38483.490167	-22250.312239	-28162.259240	-40998.866081	-36613.945557	-187500.022352	-0.086000	0.916000	-0.360000	192.000000	0.000000	0.000000	0.000000	0.000000	0.000000	0.000000	0.000000	0.000000	0.000000	1741901921.172245	0.000000
184.000000	-34589.950393	-22775.310013	-32625.433222	-19753.845901	-42537.023728	-34065.645524	-40358.421547	-15742.914765	-30837.047796	-32480.236290	-38468.581554	-22241.058617	-28152.983266	-40986.773787	-36630.530552	-187500.022352	-0.086000	0.916000	-0.360000	192.000000	0.000000	0.000000	0.000000	0.000000	0.000000	0.000000	0.000000	0.000000	0.000000	1741901921.174289	0.000000
186.000000	-34629.311815	-22813.442089	-32670.002600	-19778.857503	-42580.050836	-34101.363611	-40402.678001	-15781.113897	-30844.043892	-32500.576377	-38487.334667	-22260.169358	-28167.936584	-41009.863139	-36620.718136	-187500.022352	-0.086000	0.916000	-0.360000	192.000000	0.000000	0.000000	0.000000	0.000000	0.000000	0.000000	0.000000	0.000000	0.000000	1741901921.176355	0.000000
188.000000	-34599.472237	-22785.055373	-32635.916190	-19770.542654	-42540.197675	-34070.227631	-40360.321446	-15743.160634	-30842.143994	-32490.607499	-38476.963458	-22254.559070	-28158.101816	-40996.049761	-36634.509162	-187500.022352	-0.086000	0.916000	-0.360000	192.000000	0.000000	0.000000	0.000000	0.000000	0.000000	0.000000	0.000000	0.000000	0.000000	1741901921.178406	0.000000
190.000000	-34615.587844	-22798.377013	-32652.970571	-19777.650509	-42551.842934	-34082.834015	-40382.673190	-15761.332603	-30839.752357	-32497.491836	-38483.870147	-22260.325820	-28156.760711	-41002.822340	-36610.816313	-187500.022352	-0.084000	0.920000	-0.362000	192.000000	126.500000	48.000000	14.000000	96.000000	122.000000	88.000000	0.000000	0.000000	0.000000	1741901921.180539	0.000000
192.000000	-34582.753132	-22764.759989	-32621.409908	-19757.399828	-42522.897425	-34051.899201	-40343.445878	-15731.537727	-30824.597874	-32470.021542	-38459.752614	-22239.963381	-28134.565429	-40979.040084	-36615.085496	-187500.022352	-0.084000	0.920000	-0.362000	192.000000	0.000000	0.000000	0.000000	0.000000	0.000000	0.000000	0.000000	0.000000	0.000000	1741901921.182709	0.000000
194.000000	-34589.190434	-22774.482998	-32629.300073	-19762.920709	-42538.007204	-34066.226669	-40360.276742	-15744.054704	-30825.938979	-32480.750380	-38470.146176	-22247.004181	-28142.790871	-40991.959392	-36600.132179	-187500.022352	-0.084000	0.920000	-0.362000	192.000000	0.000000	0.000000	0.000000	0.000000	0.000000	0.000000	0.000000	0.000000	0.000000	1741901921.230518	0.000000
196.000000	-34594.063114	-22776.762876	-32632.854001	-19759.411485	-42542.812829	-34059.878774	-40360.030873	-15742.624193	-30818.808772	-32465.260621	-38453.739995	-22231.872050	-28132.017330	-40972.736892	-36606.189502	-187500.022352	-0.084000	0.920000	-0.362000	192.000000	0.000000	0.000000	0.000000	0.000000	0.000000	0.000000	0.000000	0.000000	0.000000	1741901921.232634	0.000000
198.000000	-34600.411010	-22789.615129	-32640.565353	-19774.029526	-42547.104364	-34080.464730	-40369.172736	-15756.504626	-30840.601723	-32497.469485	-38483.400760	-22263.879748	-28160.605211	-41005.392790	-36622.349813	-187500.022352	-0.084000	0.920000	-0.362000	192.000000	0.000000	0.000000	0.000000	0.000000	0.000000	0.000000	0.000000	0.000000	0.000000	1741901921.234682	0.000000
200.000000	-34580.339143	-22766.034039	-32624.695614	-19751.253098	-42525.423172	-34049.619323	-40346.128088	-15730.397788	-30824.352005	-32472.077903	-38458.143289	-22238.108186	-28139.840441	-40977.922497	-36618.460610	-187500.022352	-0.082000	0.916000	-0.356000	192.000000	126.500000	56.000000	14.000000	80.000000	122.000000	112.000000	0.000000	0.000000	0.000000	1741901921.236738	0.000000
202.000000	-34609.061135	-22803.093231	-32651.785928	-19768.866273	-42550.837106	-34087.259661	-40384.684847	-15769.222768	-30825.491944	-32478.828130	-38466.882821	-22244.590192	-28144.087272	-40985.522090	-36606.457723	-187500.022352	-0.082000	0.916000	-0.356000	192.000000	0.000000	0.000000	0.000000	0.000000	0.000000	0.000000	0.000000	0.000000	0.000000	1741901921.238949	0.000000
204.000000	-34601.930928	-22790.106868	-32643.202858	-19769.447418	-42539.638882	-34076.240251	-40370.312675	-15752.794236	-30856.180889	-32501.313985	-38488.251089	-22265.757294	-28170.752903	-41004.208148	-36639.828877	-187500.022352	-0.082000	0.916000	-0.356000	192.000000	0.000000	0.000000	0.000000	0.000000	0.000000	0.000000	0.000000	0.000000	0.000000	1741901921.240993	0.000000
206.000000	-34606.580091	-22802.780307	-32647.248524	-19776.421163	-42544.466858	-34098.480236	-40388.216423	-15776.464734	-30835.416119	-32483.432589	-38470.883783	-22246.132463	-28150.032836	-40993.903994	-36620.762839	-187500.022352	-0.082000	0.916000	-0.356000	192.000000	0.000000	0.000000	0.000000	0.000000	0.000000	0.000000	0.000000	0.000000	0.000000	1741901921.242962	0.000000
208.000000	-34571.353742	-22758.300335	-32612.737431	-19747.945040	-42511.945070	-34055.564887	-40346.016329	-15729.347256	-30835.237305	-32480.750380	-38463.887687	-22240.410416	-28143.863755	-40991.422950	-36625.009671	-187500.022352	-0.082000	0.916000	-0.356000	192.000000	0.000000	0.000000	0.000000	0.000000	0.000000	0.000000	0.000000	0.000000	0.000000	1741901921.288212	0.000000
210.000000	-34570.772597	-22768.291565	-32614.994957	-19750.515491	-42514.582576	-34068.461844	-40353.504163	-15743.495911	-30805.196560	-32459.650333	-38440.306597	-22219.533887	-28118.203952	-40970.993456	-36594.253670	-187500.022352	-0.082000	0.916000	-0.362000	192.000000	126.500000	56.000000	14.000000	80.000000	122.000000	88.000000	0.000000	0.000000	0.000000	1741901921.290369	0.000000
212.000000	-34565.877565	-22754.165262	-32609.898759	-19742.066531	-42506.893576	-34046.043044	-40335.958044	-15722.395864	-30815.098383	-32468.523975	-38448.397928	-22228.139308	-28126.161173	-40978.078959	-36602.590871	-187500.022352	-0.082000	0.916000	-0.362000	192.000000	0.000000	0.000000	0.000000	0.000000	0.000000	0.000000	0.000000	0.000000	0.000000	1741901921.292656	0.000000
214.000000	-34598.555815	-22796.499466	-32646.309751	-19773.135456	-42547.819620	-34093.607556	-40384.036646	-15773.581359	-30820.172229	-32477.397618	-38454.231734	-22233.727245	-28133.894877	-40988.159596	-36607.798828	-187500.022352	-0.082000	0.916000	-0.362000	192.000000	0.000000	0.000000	0.000000	0.000000	0.000000	0.000000	0.000000	0.000000	0.000000	1741901921.294644	0.000000
216.000000	-34588.206957	-22775.891158	-32635.804431	-19766.005250	-42536.844914	-34068.439492	-40360.567315	-15745.418161	-30851.263505	-32502.409220	-38482.976077	-22259.163530	-28167.780121	-41015.518131	-36642.734604	-187500.022352	-0.082000	0.916000	-0.362000	192.000000	0.000000	0.000000	0.000000	0.000000	0.000000	0.000000	0.000000	0.000000	0.000000	1741901921.296665	0.000000
218.000000	-34590.375077	-22784.027193	-32633.256332	-19761.534901	-42536.777858	-34074.586222	-40368.077501	-15756.012887	-30816.417136	-32461.013789	-38446.945065	-22221.567896	-28131.413833	-40974.547383	-36614.996089	-187500.022352	-0.082000	0.916000	-0.362000	192.000000	0.000000	0.000000	0.000000	0.000000	0.000000	0.000000	0.000000	0.000000	0.000000	1741901921.298705	0.000000
220.000000	-34601.372135	-22786.888216	-32637.190239	-19760.372610	-42535.459105	-34065.958448	-40359.203858	-15745.194643	-30841.696959	-32488.707601	-38477.388141	-22252.793283	-28157.520671	-41002.308250	-36628.585950	-187500.022352	-0.082000	0.914000	-0.362000	192.000000	126.500000	56.000000	14.000000	72.000000	122.000000	88.000000	0.000000	0.000000	0.000000	1741901921.300779	0.000000
222.000000	-34607.720030	-22804.099060	-32639.000730	-19767.681631	-42539.504771	-34083.169291	-40376.258239	-15767.479332	-30823.390880	-32469.239231	-38455.528135	-22233.660189	-28131.145612	-40976.112005	-36616.560711	-187500.022352	-0.082000	0.914000	-0.362000	192.000000	0.000000	0.000000	0.000000	0.000000	0.000000	0.000000	0.000000	0.000000	0.000000	1741901921.302969	0.000000
224.000000	-34624.729708	-22815.051414	-32664.481719	-19792.760288	-42558.347292	-34102.771771	-40392.172681	-15781.695042	-30881.281898	-32535.981540	-38519.074144	-22296.446240	-28192.299985	-41045.156544	-36658.850212	-187500.022352	-0.082000	0.914000	-0.362000	192.000000	0.000000	0.000000	0.000000	0.000000	0.000000	0.000000	0.000000	0.000000	0.000000	1741901921.348402	0.000000
226.000000	-34571.867832	-22767.978641	-32617.498352	-19756.952793	-42509.151102	-34064.885564	-40345.658701	-15737.505643	-30822.183886	-32473.106083	-38454.768175	-22235.738902	-28133.358435	-40980.649409	-36625.590816	-187500.022352	-0.082000	0.914000	-0.362000	192.000000	0.000000	0.000000	0.000000	0.000000	0.000000	0.000000	0.000000	0.000000	0.000000	1741901921.350545	0.000000
228.000000	-34590.442132	-22778.930995	-32635.312693	-19754.963488	-42532.888655	-34072.172233	-40367.384597	-15754.984707	-30823.368528	-32473.396656	-38459.618504	-22235.247163	-28140.265124	-40986.706732	-36609.005822	-187500.022352	-0.082000	0.914000	-0.362000	192.000000	0.000000	0.000000	0.000000	0.000000	0.000000	0.000000	0.000000	0.000000	0.000000	1741901921.352587	0.000000
230.000000	-34583.334277	-22778.841588	-32625.232056	-19755.052895	-42523.322108	-34075.860271	-40364.925905	-15757.264585	-30823.480287	-32466.668781	-38448.822611	-22226.462928	-28137.046473	-40979.844747	-36620.449915	-187500.022352	-0.082000	0.916000	-0.364000	192.000000	126.500000	56.000000	14.000000	80.000000	122.000000	80.000000	0.000000	0.000000	0.000000	1741901921.354600	0.000000
232.000000	-34576.852271	-22768.783303	-32622.527495	-19747.609764	-42520.371678	-34071.814605	-40357.102794	-15749.508530	-30826.296607	-32478.470502	-38458.858545	-22235.113053	-28143.282609	-40995.267450	-36610.682203	-187500.022352	-0.082000	0.916000	-0.364000	192.000000	0.000000	0.000000	0.000000	0.000000	0.000000	0.000000	0.000000	0.000000	0.000000	1741901921.356883	0.000000
234.000000	-34554.433471	-22747.906774	-32604.288471	-19742.178290	-42497.841120	-34054.760224	-40336.315672	-15731.917707	-30809.018708	-32451.357836	-38434.092812	-22208.916808	-28120.707347	-40968.311246	-36607.776476	-187500.022352	-0.082000	0.916000	-0.364000	192.000000	0.000000	0.000000	0.000000	0.000000	0.000000	0.000000	0.000000	0.000000	0.000000	1741901921.358902	0.000000
236.000000	-34589.033972	-22780.562673	-32639.246600	-19758.919747	-42528.954748	-34077.313134	-40367.295190	-15760.125608	-30812.818505	-32461.125548	-38450.342530	-22222.372558	-28130.475060	-40979.174194	-36589.716266	-187500.022352	-0.082000	0.916000	-0.364000	192.000000	0.000000	0.000000	0.000000	0.000000	0.000000	0.000000	0.000000	0.000000	0.000000	1741901921.360943	0.000000
238.000000	-34604.769600	-22797.304129	-32654.758710	-19785.026584	-42541.359966	-34093.339335	-40378.649876	-15775.213036	-30848.357779	-32491.188644	-38478.975115	-22254.201443	-28160.381694	-41002.330601	-36633.101002	-187500.022352	-0.082000	0.916000	-0.364000	192.000000	0.000000	0.000000	0.000000	0.000000	0.000000	0.000000	0.000000	0.000000	0.000000	1741901921.408697	0.000000
240.000000	-34580.450902	-22777.835760	-32634.686844	-19775.862369	-42515.722515	-34072.351047	-40355.404062	-15748.078018	-30841.495793	-32496.195435	-38481.210289	-22260.191710	-28156.693656	-41009.974898	-36618.326499	-187500.022352	-0.080000	0.914000	-0.370000	192.000000	126.500000	64.000000	14.000000	72.000000	122.000000	56.000000	0.000000	0.000000	0.000000	1741901921.410908	0.000000
242.000000	-34573.901841	-22767.352792	-32631.959931	-19762.540729	-42509.821655	-34059.610553	-40346.597474	-15738.086788	-30821.848610	-32468.166348	-38455.148155	-22235.045998	-28134.610133	-40980.224726	-36615.152552	-187500.022352	-0.080000	0.914000	-0.370000	192.000000	0.000000	0.000000	0.000000	0.000000	0.000000	0.000000	0.000000	0.000000	0.000000	1741901921.413123	0.000000
244.000000	-34598.935795	-22797.773516	-32655.473966	-19779.036317	-42532.262806	-34083.370457	-40368.591591	-15763.053687	-30824.977854	-32479.319868	-38470.660266	-22250.379294	-28142.410891	-40992.272316	-36605.943633	-187500.022352	-0.080000	0.914000	-0.370000	192.000000	0.000000	0.000000	0.000000	0.000000	0.000000	0.000000	0.000000	0.000000	0.000000	1741901921.415178	0.000000
246.000000	-34589.212786	-22788.519894	-32637.525515	-19775.482389	-42516.258957	-34066.651352	-40354.219419	-15746.535748	-30840.981703	-32491.702734	-38480.338571	-22264.840873	-28153.095025	-40999.111950	-36629.591778	-187500.022352	-0.080000	0.914000	-0.370000	192.000000	0.000000	0.000000	0.000000	0.000000	0.000000	0.000000	0.000000	0.000000	0.000000	1741901921.417254	0.000000
248.000000	-34609.798743	-22815.476098	-32659.072597	-19788.915788	-42536.822562	-34093.160521	-40380.683885	-15773.089620	-30837.226610	-32499.324679	-38485.188900	-22271.434637	-28153.229136	-41007.672668	-36615.532531	-187500.022352	-0.080000	0.914000	-0.370000	192.000000	0.000000	0.000000	0.000000	0.000000	0.000000	0.000000	0.000000	0.000000	0.000000	1741901921.419289	0.000000
250.000000	-34614.961995	-22814.224400	-32662.559469	-19785.428916	-42539.817696	-34082.722257	-40375.028893	-15766.697021	-30844.423872	-32501.358688	-38485.077141	-22272.418114	-28157.006580	-41005.929232	-36632.855133	-187500.022352	-0.076000	0.914000	-0.368000	192.000000	126.500000	80.000000	14.000000	72.000000	122.000000	64.000000	0.000000	0.000000	0.000000	1741901921.421338	0.000000
252.000000	-34633.022205	-22835.615019	-32684.285365	-19808.294750	-42564.851649	-34117.568626	-40406.075466	-15799.643493	-30866.529747	-32529.365424	-38510.692240	-22295.149838	-28181.928776	-41035.321776	-36647.741395	-187500.022352	-0.076000	0.914000	-0.368000	192.000000	0.000000	0.000000	0.000000	0.000000	0.000000	0.000000	0.000000	0.000000	0.000000	1741901921.423538	0.000000
254.000000	-34592.476141	-22791.336214	-32642.062919	-19775.884721	-42526.540759	-34074.250945	-40358.667416	-15751.989573	-30854.280991	-32510.165275	-38489.078103	-22274.876806	-28167.556604	-41018.580320	-36649.529535	-187500.022352	-0.076000	0.914000	-0.368000	192.000000	0.000000	0.000000	0.000000	0.000000	0.000000	0.000000	0.000000	0.000000	0.000000	1741901921.469022	0.000000
0.000000	-34591.380905	-22798.511123	-32640.610056	-19781.495009	-42527.457181	-34094.546329	-40369.463309	-15767.300518	-30834.566752	-32504.465581	-38472.828385	-22260.571690	-28153.095025	-41014.735820	-36624.763802	-187500.022352	-0.076000	0.914000	-0.368000	192.000000	0.000000	0.000000	0.000000	0.000000	0.000000	0.000000	0.000000	0.000000	0.000000	1741901921.471167	0.000000
2.000000	-34575.734684	-22773.007783	-32626.774326	-19753.354162	-42514.046134	-34062.762149	-40354.979379	-15745.664030	-30814.003147	-32478.448150	-38446.542733	-22232.073215	-28133.939580	-40992.652296	-36613.722040	-187500.022352	-0.076000	0.914000	-0.368000	192.000000	0.000000	0.000000	0.000000	0.000000	0.000000	0.000000	0.000000	0.000000	0.000000	1741901921.473205	0.000000
4.000000	-34576.025257	-22779.176865	-32629.098908	-19759.500892	-42516.348364	-34078.810701	-40361.640198	-15757.711620	-30823.368528	-32484.751342	-38455.818707	-22235.537736	-28146.143633	-40999.335468	-36613.297357	-187500.022352	-0.084000	0.918000	-0.370000	192.000000	126.500000	48.000000	14.000000	88.000000	122.000000	56.000000	0.000000	0.000000	0.000000	1741901921.475198	0.000000
6.000000	-34607.228292	-22803.115583	-32663.855870	-19766.966375	-42545.495039	-34085.426818	-40380.616829	-15772.888455	-30835.103194	-32490.518092	-38466.189917	-22241.639762	-28156.939525	-41003.850520	-36617.544188	-187500.022352	-0.084000	0.918000	-0.370000	192.000000	0.000000	0.000000	0.000000	0.000000	0.000000	0.000000	0.000000	0.000000	0.000000	1741901921.477348	0.000000
8.000000	-34579.132149	-22783.580158	-32634.083347	-19768.665107	-42513.353230	-34076.173195	-40358.443899	-15752.794236	-30835.237305	-32496.687173	-38472.381350	-22252.301544	-28156.380732	-41006.644488	-36625.993148	-187500.022352	-0.084000	0.918000	-0.370000	192.000000	0.000000	0.000000	0.000000	0.000000	0.000000	0.000000	0.000000	0.000000	0.000000	1741901921.479361	0.000000
10.000000	-34590.799760	-22785.703574	-32637.145536	-19753.957659	-42520.259919	-34060.661085	-40359.583838	-15746.803969	-30836.667816	-32487.455903	-38462.367769	-22241.013913	-28154.324371	-40998.195529	-36614.280834	-187500.022352	-0.084000	0.918000	-0.370000	192.000000	0.000000	0.000000	0.000000	0.000000	0.000000	0.000000	0.000000	0.000000	0.000000	1741901921.481387	0.000000
12.000000	-34609.865798	-22811.206914	-32657.820899	-19776.354107	-42539.393012	-34086.656164	-40383.366094	-15774.788353	-30835.371415	-32483.343182	-38460.557277	-22238.644628	-28150.882202	-40990.908860	-36615.130200	-187500.022352	-0.084000	0.918000	-0.370000	192.000000	0.000000	0.000000	0.000000	0.000000	0.000000	0.000000	0.000000	0.000000	0.000000	1741901921.529273	0.000000
14.000000	-34605.484856	-22793.884312	-32654.334027	-19771.772000	-42528.820637	-34065.913745	-40366.937562	-15754.336507	-30874.330506	-32511.774601	-38499.136388	-22271.479341	-28187.919043	-41018.714430	-36640.812354	-187500.022352	-0.088000	0.912000	-0.372000	192.000000	126.500000	32.000000	14.000000	64.000000	122.000000	48.000000	0.000000	0.000000	0.000000	1741901921.531401	0.000000
16.000000	-34595.873606	-22794.331347	-32639.850097	-19766.407581	-42519.723477	-34063.522108	-40360.634370	-15753.218919	-30838.746528	-32469.552156	-38459.730263	-22231.201497	-28148.267048	-40974.972066	-36608.581139	-187500.022352	-0.088000	0.912000	-0.372000	192.000000	0.000000	0.000000	0.000000	0.000000	0.000000	0.000000	0.000000	0.000000	0.000000	1741901921.533611	0.000000
18.000000	-34610.893978	-22803.450859	-32656.815071	-19773.314270	-42535.280291	-34073.043951	-40370.424434	-15761.489065	-30868.116721	-32505.247892	-38493.213176	-22265.310259	-28179.179511	-41013.305308	-36623.467400	-187500.022352	-0.088000	0.912000	-0.372000	192.000000	0.000000	0.000000	0.000000	0.000000	0.000000	0.000000	0.000000	0.000000	0.000000	1741901921.535654	0.000000
20.000000	-34594.152521	-22792.207932	-32646.935600	-19773.850712	-42528.619472	-34075.815567	-40374.581858	-15762.986632	-30847.798985	-32480.862138	-38466.346379	-22242.936163	-28156.380732	-40986.617325	-36622.819200	-187500.022352	-0.088000	0.912000	-0.372000	192.000000	0.000000	0.000000	0.000000	0.000000	0.000000	0.000000	0.000000	0.000000	0.000000	1741901921.537772	0.000000
22.000000	-34589.883338	-22783.334289	-32652.545888	-19769.290956	-42531.994585	-34069.847652	-40369.552716	-15757.443399	-30845.876735	-32482.806740	-38471.196708	-22247.428864	-28165.746113	-40995.736837	-36622.774496	-187500.022352	-0.088000	0.912000	-0.372000	192.000000	0.000000	0.000000	0.000000	0.000000	0.000000	0.000000	0.000000	0.000000	0.000000	1741901921.539785	0.000000
24.000000	-34571.733722	-22769.431504	-32633.278684	-19767.145189	-42510.402800	-34061.443396	-40348.229152	-15741.752475	-30847.351950	-32473.486063	-38462.434824	-22238.957553	-28166.081389	-40985.790311	-36629.770592	-187500.022352	-0.088000	0.910000	-0.368000	192.000000	126.500000	32.000000	14.000000	56.000000	122.000000	64.000000	0.000000	0.000000	0.000000	1741901921.541765	0.000000
26.000000	-34578.483949	-22772.471341	-32637.614922	-19761.736067	-42512.548567	-34060.862250	-40350.173754	-15740.947812	-30831.325749	-32471.183833	-38455.148155	-22231.894402	-28153.676171	-40981.990514	-36598.276984	-187500.022352	-0.088000	0.910000	-0.368000	192.000000	0.000000	0.000000	0.000000	0.000000	0.000000	0.000000	0.000000	0.000000	0.000000	1741901921.543911	0.000000
28.000000	-34555.081672	-22751.326591	-32617.498352	-19751.297802	-42492.879032	-34047.004169	-40338.126163	-15729.235498	-30821.111002	-32451.067263	-38436.037414	-22213.409509	-28138.097005	-40962.991531	-36608.782304	-187500.022352	-0.088000	0.910000	-0.368000	192.000000	0.000000	0.000000	0.000000	0.000000	0.000000	0.000000	0.000000	0.000000	0.000000	1741901921.589520	0.000000
30.000000	-34592.230271	-22785.904740	-32653.886992	-19761.311383	-42529.804114	-34072.194585	-40369.306847	-15760.796161	-30824.664929	-32461.617286	-38447.928542	-22221.165564	-28144.869583	-40976.581392	-36594.298374	-187500.022352	-0.088000	0.910000	-0.368000	192.000000	0.000000	0.000000	0.000000	0.000000	0.000000	0.000000	0.000000	0.000000	0.000000	1741901921.591686	0.000000
32.000000	-34561.362512	-22756.623954	-32628.718928	-19756.930441	-42502.132654	-34051.318056	-40344.965797	-15733.102349	-30848.134261	-32473.217842	-38462.367769	-22236.163585	-28161.409874	-40984.315095	-36632.899837	-187500.022352	-0.088000	0.910000	-0.368000	192.000000	0.000000	0.000000	0.000000	0.000000	0.000000	0.000000	0.000000	0.000000	0.000000	1741901921.593730	0.000000
34.000000	-34598.220539	-22796.454763	-32669.086178	-19773.023697	-42543.796306	-34086.186777	-40384.997771	-15774.475428	-30835.036139	-32472.323772	-38461.719568	-22234.509556	-28157.520671	-40985.745607	-36612.068011	-187500.022352	-0.084000	0.908000	-0.368000	192.000000	126.500000	48.000000	14.000000	48.000000	122.000000	64.000000	0.000000	0.000000	0.000000	1741901921.595744	0.000000
36.000000	-34605.507208	-22802.333272	-32673.355362	-19786.300634	-42546.970254	-34090.344201	-40386.182414	-15778.565798	-30864.026351	-32493.960261	-38482.841966	-22260.996373	-28180.654726	-41006.488026	-36657.374997	-187500.022352	-0.084000	0.908000	-0.368000	192.000000	0.000000	0.000000	0.000000	0.000000	0.000000	0.000000	0.000000	0.000000	0.000000	1741901921.597912	0.000000
38.000000	-34613.665594	-22815.118470	-32682.474873	-19801.700986	-42553.385204	-34107.532693	-40397.939431	-15790.479277	-30869.882509	-32510.969938	-38499.605775	-22279.280100	-28189.729534	-41026.939872	-36653.239924	-187500.022352	-0.084000	0.908000	-0.368000	192.000000	0.000000	0.000000	0.000000	0.000000	0.000000	0.000000	0.000000	0.000000	0.000000	1741901921.599931	0.000000
40.000000	-34579.579184	-22774.728867	-32646.734434	-19774.029526	-42513.420285	-34069.199451	-40346.463364	-15744.792312	-30859.623058	-32496.351897	-38479.913888	-22263.566823	-28174.843273	-41007.873834	-36653.798718	-187500.022352	-0.084000	0.908000	-0.368000	192.000000	0.000000	0.000000	0.000000	0.000000	0.000000	0.000000	0.000000	0.000000	0.000000	1741901921.602031	0.000000
42.000000	-34593.817245	-22795.180714	-32662.201841	-19771.302613	-42531.502847	-34087.438475	-40372.279629	-15768.373402	-30824.083784	-32469.373342	-38452.331835	-22234.017817	-28143.193202	-40983.532784	-36611.442162	-187500.022352	-0.084000	0.908000	-0.368000	192.000000	0.000000	0.000000	0.000000	0.000000	0.000000	0.000000	0.000000	0.000000	0.000000	1741901921.648766	0.000000
44.000000	-34576.181719	-22770.794960	-32647.561449	-19765.871139	-42513.889672	-34064.393826	-40350.576085	-15740.500777	-30853.811604	-32487.277089	-38472.493109	-22253.620297	-28170.127054	-41002.978802	-36651.340026	-187500.022352	-0.086000	0.914000	-0.362000	192.000000	126.500000	40.000000	14.000000	72.000000	122.000000	88.000000	0.000000	0.000000	0.000000	1741901921.650911	0.000000
46.000000	-34608.390583	-22811.318673	-32676.484606	-19784.937177	-42545.942074	-34102.391792	-40389.870452	-15781.851504	-30839.953523	-32481.823263	-38465.944048	-22245.014876	-28160.672267	-40996.966183	-36629.032985	-187500.022352	-0.086000	0.914000	-0.362000	192.000000	0.000000	0.000000	0.000000	0.000000	0.000000	0.000000	0.000000	0.000000	0.000000	1741901921.653081	0.000000
48.000000	-34590.777408	-22784.407173	-32655.406911	-19772.420200	-42527.010146	-34073.826262	-40369.172736	-15757.733972	-30867.446168	-32499.682307	-38483.601926	-22264.013858	-28181.705258	-41010.421933	-36655.788023	-187500.022352	-0.086000	0.914000	-0.362000	192.000000	0.000000	0.000000	0.000000	0.000000	0.000000	0.000000	0.000000	0.000000	0.000000	1741901921.655115	0.000000
50.000000	-34599.718106	-22803.204990	-32664.168795	-19779.125724	-42538.431887	-34097.362649	-40389.691638	-15783.729051	-30847.687226	-32487.835883	-38470.660266	-22249.932259	-28168.383618	-41000.207186	-36630.552903	-187500.022352	-0.086000	0.914000	-0.362000	192.000000	0.000000	0.000000	0.000000	0.000000	0.000000	0.000000	0.000000	0.000000	0.000000	1741901921.657166	0.000000
52.000000	-34575.511167	-22769.722077	-32636.631445	-19751.856595	-42509.128750	-34053.664989	-40345.435184	-15736.365704	-30849.832994	-32483.633755	-38464.737053	-22245.327800	-28167.176624	-40995.423912	-36636.029081	-187500.022352	-0.086000	0.914000	-0.362000	192.000000	0.000000	0.000000	0.000000	0.000000	0.000000	0.000000	0.000000	0.000000	0.000000	1741901921.659188	0.000000
54.000000	-34595.784199	-22802.109754	-32655.429263	-19763.658317	-42526.585463	-34082.476387	-40370.089158	-15765.221806	-30834.924380	-32471.943792	-38452.331835	-22230.195669	-28155.799586	-40983.845709	-36612.470342	-187500.022352	-0.088000	0.918000	-0.364000	192.000000	126.500000	32.000000	14.000000	88.000000	122.000000	80.000000	0.000000	0.000000	0.000000	1741901921.661211	0.000000
56.000000	-34617.308929	-22815.051414	-32678.384504	-19778.902206	-42548.847800	-34090.478312	-40382.673190	-15772.866103	-30875.179872	-32511.171104	-38489.726304	-22267.880710	-28196.345651	-41022.044840	-36646.109718	-187500.022352	-0.088000	0.918000	-0.364000	192.000000	0.000000	0.000000	0.000000	0.000000	0.000000	0.000000	0.000000	0.000000	0.000000	1741901921.663360	0.000000
58.000000	-34585.435341	-22790.509199	-32646.957951	-19773.336622	-42521.243396	-34082.185815	-40364.121242	-15758.315117	-30858.058436	-32497.983575	-38469.833251	-22253.553242	-28175.849101	-41008.276166	-36639.314787	-187500.022352	-0.088000	0.918000	-0.364000	192.000000	0.000000	0.000000	0.000000	0.000000	0.000000	0.000000	0.000000	0.000000	0.000000	1741901921.708791	0.000000
60.000000	-34591.693829	-22788.989280	-32656.703312	-19771.436724	-42526.630166	-34074.385056	-40360.813184	-15754.850597	-30857.544346	-32497.380078	-38472.604868	-22258.671791	-28175.044438	-41013.059439	-36629.547075	-187500.022352	-0.088000	0.918000	-0.364000	192.000000	0.000000	0.000000	0.000000	0.000000	0.000000	0.000000	0.000000	0.000000	0.000000	1741901921.710928	0.000000
62.000000	-34586.240004	-22795.314824	-32657.485623	-19778.164599	-42524.618509	-34083.415161	-40371.407911	-15767.434629	-30837.718348	-32481.800912	-38454.991693	-22244.366675	-28155.844290	-40993.300497	-36625.188485	-187500.022352	-0.088000	0.918000	-0.364000	192.000000	0.000000	0.000000	0.000000	0.000000	0.000000	0.000000	0.000000	0.000000	0.000000	1741901921.713038	0.000000
64.000000	-34629.289464	-22828.037778	-32697.674060	-19797.387099	-42558.146126	-34103.263510	-40396.933603	-15786.634777	-30879.382000	-32526.012662	-38504.165531	-22291.618263	-28202.984119	-41038.272207	-36659.967799	-187500.022352	-0.088000	0.918000	-0.366000	192.000000	126.500000	32.000000	14.000000	88.000000	122.000000	72.000000	0.000000	0.000000	0.000000	1741901921.715047	0.000000
66.000000	-34618.717089	-22823.098042	-32688.129865	-19809.971131	-42547.260826	-34107.420934	-40391.815053	-15783.997272	-30884.768770	-32524.068060	-38503.874958	-22292.042946	-28203.654671	-41034.315948	-36674.876413	-187500.022352	-0.088000	0.918000	-0.366000	192.000000	0.000000	0.000000	0.000000	0.000000	0.000000	0.000000	0.000000	0.000000	0.000000	1741901921.717249	0.000000
68.000000	-34602.847350	-22799.874580	-32675.188205	-19785.965358	-42533.559207	-34075.748512	-40366.579934	-15757.644565	-30858.974857	-32500.978708	-38482.953725	-22269.601794	-28179.224214	-41013.908805	-36645.036834	-187500.022352	-0.088000	0.918000	-0.366000	192.000000	0.000000	0.000000	0.000000	0.000000	0.000000	0.000000	0.000000	0.000000	0.000000	1741901921.719282	0.000000
70.000000	-34575.622925	-22777.388725	-32649.170774	-19775.974128	-42508.882881	-34064.594992	-40349.749070	-15744.010001	-30850.436491	-32486.695944	-38467.732187	-22254.760236	-28169.858834	-40998.083770	-36646.109718	-187500.022352	-0.088000	0.918000	-0.366000	192.000000	0.000000	0.000000	0.000000	0.000000	0.000000	0.000000	0.000000	0.000000	0.000000	1741901921.721299	0.000000
72.000000	-34614.336147	-22811.631597	-32688.778065	-19781.427953	-42547.819620	-34089.494835	-40384.461330	-15773.491952	-30856.449110	-32493.513226	-38484.026609	-22264.639707	-28180.542967	-41009.818436	-36631.178752	-187500.022352	-0.088000	0.918000	-0.366000	192.000000	0.000000	0.000000	0.000000	0.000000	0.000000	0.000000	0.000000	0.000000	0.000000	1741901921.768960	0.000000
74.000000	-34593.884300	-22796.298301	-32667.543908	-19777.136418	-42528.105382	-34082.498739	-40371.944353	-15764.014812	-30861.031218	-32487.075923	-38480.495033	-22260.214062	-28180.766485	-41002.598822	-36651.362378	-187500.022352	-0.082000	0.920000	-0.360000	192.000000	126.500000	56.000000	14.000000	96.000000	122.000000	96.000000	0.000000	0.000000	0.000000	1741901921.771082	0.000000
76.000000	-34596.410048	-22795.784211	-32670.740208	-19775.571796	-42532.195751	-34082.074056	-40366.848155	-15760.974975	-30857.521994	-32492.060362	-38484.853623	-22260.504634	-28183.068715	-41008.276166	-36632.430450	-187500.022352	-0.082000	0.920000	-0.360000	192.000000	0.000000	0.000000	0.000000	0.000000	0.000000	0.000000	0.000000	0.000000	0.000000	1741901921.773295	0.000000
78.000000	-34578.506300	-22780.383859	-32653.730530	-19769.223901	-42516.393067	-34070.697018	-40357.326312	-15751.341373	-30849.922401	-32477.352914	-38466.301676	-22243.182032	-28172.786912	-40993.076979	-36638.532476	-187500.022352	-0.082000	0.920000	-0.360000	192.000000	0.000000	0.000000	0.000000	0.000000	0.000000	0.000000	0.000000	0.000000	0.000000	1741901921.775297	0.000000
80.000000	-34592.409085	-22792.409097	-32671.790740	-19775.281224	-42533.268634	-34085.024486	-40373.397216	-15767.009946	-30854.035122	-32491.434514	-38477.365789	-22253.843815	-28184.119246	-41008.097352	-36628.429488	-187500.022352	-0.082000	0.920000	-0.360000	192.000000	0.000000	0.000000	0.000000	0.000000	0.000000	0.000000	0.000000	0.000000	0.000000	1741901921.777351	0.000000
82.000000	-34554.187602	-22753.226489	-32632.317559	-19749.599069	-42488.565146	-34044.031387	-40331.532399	-15723.781672	-30830.409328	-32460.611458	-38442.653530	-22221.389082	-28156.313676	-40972.021636	-36623.377994	-187500.022352	-0.082000	0.920000	-0.360000	192.000000	0.000000	0.000000	0.000000	0.000000	0.000000	0.000000	0.000000	0.000000	0.000000	1741901921.779389	0.000000
84.000000	-34590.084504	-22791.738545	-32666.113396	-19769.380363	-42518.561187	-34080.308268	-40365.596457	-15761.354954	-30838.657121	-32479.699848	-38460.199649	-22238.354056	-28165.723761	-40993.188738	-36607.910586	-187500.022352	-0.086000	0.920000	-0.364000	192.000000	126.500000	40.000000	14.000000	96.000000	122.000000	80.000000	0.000000	0.000000	0.000000	1741901921.781476	0.000000
86.000000	-34572.650143	-22772.180769	-32647.896725	-19765.267642	-42502.467931	-34065.556117	-40348.273855	-15742.780655	-30844.803851	-32480.012772	-38458.031530	-22240.946858	-28162.639220	-40992.361723	-36632.631616	-187500.022352	-0.086000	0.920000	-0.364000	192.000000	0.000000	0.000000	0.000000	0.000000	0.000000	0.000000	0.000000	0.000000	0.000000	1741901921.783654	0.000000
88.000000	-34580.808530	-22785.971795	-32657.932658	-19766.139360	-42519.745829	-34075.949678	-40362.780137	-15755.923481	-30826.274255	-32471.586164	-38451.907152	-22235.515384	-28148.825842	-40986.840843	-36609.095229	-187500.022352	-0.086000	0.920000	-0.364000	192.000000	0.000000	0.000000	0.000000	0.000000	0.000000	0.000000	0.000000	0.000000	0.000000	1741901921.829290	0.000000
90.000000	-34592.587899	-22788.408135	-32665.554603	-19766.206415	-42533.603911	-34068.506547	-40365.641161	-15755.096466	-30849.497718	-32485.131322	-38472.291943	-22251.809806	-28164.896746	-40992.920517	-36638.197200	-187500.022352	-0.086000	0.920000	-0.364000	192.000000	0.000000	0.000000	0.000000	0.000000	0.000000	0.000000	0.000000	0.000000	0.000000	1741901921.831433	0.000000
92.000000	-34589.615117	-22789.190446	-32659.072597	-19772.777828	-42534.766201	-34071.099349	-40363.696559	-15753.397733	-30848.938924	-32487.724124	-38484.853623	-22258.180053	-28167.646011	-40997.972011	-36631.469325	-187500.022352	-0.086000	0.920000	-0.364000	192.000000	0.000000	0.000000	0.000000	0.000000	0.000000	0.000000	0.000000	0.000000	0.000000	1741901921.833513	0.000000
94.000000	-34577.656934	-22769.386800	-32638.263123	-19749.263793	-42516.951861	-34040.097480	-40339.802544	-15727.268544	-30832.532744	-32462.578411	-38467.240449	-22236.342399	-28145.294266	-40970.680531	-36622.573331	-187500.022352	-0.082000	0.912000	-0.366000	192.000000	126.500000	56.000000	14.000000	64.000000	122.000000	72.000000	0.000000	0.000000	0.000000	1741901921.835596	0.000000
96.000000	-34589.793931	-22788.497542	-32643.269914	-19767.055782	-42531.502847	-34065.243192	-40363.227172	-15751.319021	-30834.454994	-32472.279069	-38481.254993	-22246.847719	-28147.484737	-40981.901107	-36614.839627	-187500.022352	-0.082000	0.912000	-0.366000	192.000000	0.000000	0.000000	0.000000	0.000000	0.000000	0.000000	0.000000	0.000000	0.000000	1741901921.837806	0.000000
98.000000	-34565.072902	-22753.002972	-32615.866675	-19741.597145	-42508.659364	-34030.128602	-40333.253483	-15717.031445	-30825.536648	-32459.650333	-38467.888649	-22235.738902	-28137.784080	-40968.512412	-36616.963043	-187500.022352	-0.082000	0.912000	-0.366000	192.000000	0.000000	0.000000	0.000000	0.000000	0.000000	0.000000	0.000000	0.000000	0.000000	1741901921.839815	0.000000
100.000000	-34598.198187	-22790.509199	-32649.595457	-19761.713715	-42547.707861	-34076.039085	-40378.404007	-15768.351050	-30809.756316	-32445.233458	-38453.807050	-22219.422128	-28127.055243	-40958.722348	-36598.053467	-187500.022352	-0.082000	0.912000	-0.366000	192.000000	0.000000	0.000000	0.000000	0.000000	0.000000	0.000000	0.000000	0.000000	0.000000	1741901921.841861	0.000000
102.000000	-34605.015469	-22788.341080	-32653.708178	-19769.693288	-42551.842934	-34068.685361	-40373.330161	-15760.103257	-30853.051645	-32486.092447	-38492.117940	-22263.231547	-28168.450674	-40997.860253	-36641.773479	-187500.022352	-0.082000	0.912000	-0.366000	192.000000	0.000000	0.000000	0.000000	0.000000	0.000000	0.000000	0.000000	0.000000	0.000000	1741901921.889461	0.000000
104.000000	-34612.860931	-22807.809449	-32665.420492	-19794.906055	-42562.705882	-34095.999193	-40392.999696	-15780.868027	-30858.170194	-32501.425743	-38501.371563	-22279.078934	-28175.714991	-41009.773732	-36647.674340	-187500.022352	-0.082000	0.920000	-0.364000	192.000000	126.500000	56.000000	14.000000	96.000000	122.000000	80.000000	0.000000	0.000000	0.000000	1741901921.891724	0.000000
106.000000	-34569.453844	-22753.450007	-32621.678128	-19761.266680	-42520.125809	-34040.946846	-40345.211666	-15727.916745	-30843.149822	-32482.382057	-38484.428940	-22267.254861	-28159.420569	-40993.546366	-36640.745299	-187500.022352	-0.082000	0.920000	-0.364000	192.000000	0.000000	0.000000	0.000000	0.000000	0.000000	0.000000	0.000000	0.000000	0.000000	1741901921.893961	0.000000
108.000000	-34567.933925	-22760.244937	-32618.347719	-19755.678744	-42520.014050	-34048.345274	-40354.599399	-15737.930326	-30798.133409	-32438.282065	-38440.552466	-22225.211230	-28115.030004	-40950.452203	-36599.416923	-187500.022352	-0.082000	0.920000	-0.364000	192.000000	0.000000	0.000000	0.000000	0.000000	0.000000	0.000000	0.000000	0.000000	0.000000	1741901921.896013	0.000000
110.000000	-34580.964992	-22766.995164	-32631.937579	-19753.912956	-42531.145219	-34046.199506	-40355.895800	-15736.343352	-30828.151802	-32467.339333	-38472.247240	-22254.357905	-28145.964819	-40981.722293	-36615.778400	-187500.022352	-0.082000	0.920000	-0.364000	192.000000	0.000000	0.000000	0.000000	0.000000	0.000000	0.000000	0.000000	0.000000	0.000000	1741901921.898008	0.000000
112.000000	-34591.492664	-22786.910568	-32640.922980	-19765.357049	-42543.997472	-34069.333562	-40371.005579	-15756.169350	-30824.530819	-32459.873850	-38464.960571	-22246.981829	-28138.812260	-40971.418139	-36618.684127	-187500.022352	-0.082000	0.920000	-0.364000	192.000000	0.000000	0.000000	0.000000	0.000000	0.000000	0.000000	0.000000	0.000000	0.000000	1741901921.900042	0.000000
114.000000	-34587.201129	-22773.253652	-32634.128050	-19761.467846	-42534.408573	-34056.302495	-40354.912323	-15739.226727	-30844.848555	-32482.829092	-38489.569842	-22267.523082	-28161.007543	-40993.926346	-36627.781287	-187500.022352	-0.078000	0.914000	-0.366000	192.000000	126.500000	72.000000	14.000000	72.000000	122.000000	72.000000	0.000000	0.000000	0.000000	1741901921.902082	0.000000
116.000000	-34592.073809	-22789.056336	-32636.877315	-19766.899320	-42540.175324	-34068.618306	-40371.542021	-15756.191701	-30817.624130	-32450.284952	-38455.081100	-22232.542602	-28131.145612	-40960.041101	-36608.312918	-187500.022352	-0.078000	0.914000	-0.366000	192.000000	0.000000	0.000000	0.000000	0.000000	0.000000	0.000000	0.000000	0.000000	0.000000	1741901921.904290	0.000000
118.000000	-34604.881359	-22792.677318	-32652.054149	-19784.736012	-42551.887638	-34079.235384	-40372.659608	-15759.700925	-30860.137148	-32495.144903	-38502.533853	-22278.743658	-28177.145502	-41012.008907	-36635.984377	-187500.022352	-0.078000	0.914000	-0.366000	192.000000	0.000000	0.000000	0.000000	0.000000	0.000000	0.000000	0.000000	0.000000	0.000000	1741901921.949879	0.000000
120.000000	-34588.542234	-22782.037888	-32630.819992	-19768.486293	-42528.775934	-34067.746588	-40357.505126	-15746.803969	-30834.231476	-32466.713484	-38467.016931	-22244.903117	-28147.976476	-40980.515299	-36622.863903	-187500.022352	-0.078000	0.914000	-0.366000	192.000000	0.000000	0.000000	0.000000	0.000000	0.000000	0.000000	0.000000	0.000000	0.000000	1741901921.951982	0.000000
122.000000	-34614.514961	-22804.836667	-32652.389425	-19774.968299	-42550.099498	-34078.296611	-40370.916172	-15757.778675	-30846.055549	-32490.786313	-38488.988696	-22264.729114	-28163.600345	-40999.760151	-36614.437296	-187500.022352	-0.078000	0.914000	-0.366000	192.000000	0.000000	0.000000	0.000000	0.000000	0.000000	0.000000	0.000000	0.000000	0.000000	1741901921.954043	0.000000
124.000000	-34569.967934	-22764.290603	-32610.524608	-19750.537843	-42509.195806	-34047.071224	-40337.746184	-15724.742797	-30826.989511	-32463.248964	-38462.323065	-22241.729169	-28139.080481	-40969.607648	-36617.745354	-187500.022352	-0.082000	0.916000	-0.362000	192.000000	126.500000	56.000000	14.000000	80.000000	122.000000	88.000000	0.000000	0.000000	0.000000	1741901921.956065	0.000000
126.000000	-34592.051457	-22785.144780	-32632.608131	-19762.496026	-42528.999451	-34062.918611	-40352.207762	-15740.321963	-30835.013787	-32478.068170	-38479.846833	-22256.526024	-28152.357418	-40988.137244	-36599.372220	-187500.022352	-0.082000	0.916000	-0.362000	192.000000	0.000000	0.000000	0.000000	0.000000	0.000000	0.000000	0.000000	0.000000	0.000000	1741901921.958321	0.000000
128.000000	-34569.565602	-22764.402361	-32611.865713	-19748.570889	-42506.982983	-34042.913800	-40337.813239	-15723.915782	-30817.758240	-32450.486118	-38448.263818	-22230.687407	-28124.551848	-40957.872982	-36597.427618	-187500.022352	-0.082000	0.916000	-0.362000	192.000000	0.000000	0.000000	0.000000	0.000000	0.000000	0.000000	0.000000	0.000000	0.000000	1741901921.960364	0.000000
130.000000	-34607.921196	-22799.896932	-32652.568239	-19771.503779	-42548.177248	-34075.703809	-40374.268934	-15758.292765	-30836.019616	-32483.633755	-38481.299696	-22261.957498	-28152.335066	-40991.668819	-36604.110790	-187500.022352	-0.082000	0.916000	-0.362000	192.000000	0.000000	0.000000	0.000000	0.000000	0.000000	0.000000	0.000000	0.000000	0.000000	1741901921.962398	0.000000
132.000000	-34598.622870	-22789.279853	-32643.649893	-19763.881834	-42540.778821	-34065.064378	-40368.256315	-15751.117855	-30843.619209	-32475.430664	-38479.153929	-22256.928355	-28155.151386	-40982.146976	-36624.450877	-187500.022352	-0.082000	0.916000	-0.362000	192.000000	0.000000	0.000000	0.000000	0.000000	0.000000	0.000000	0.000000	0.000000	0.000000	1741901922.009187	0.000000
134.000000	-34598.175835	-22789.190446	-32642.018216	-19771.459075	-42535.950844	-34071.769902	-40359.986169	-15746.938079	-30855.465633	-32491.948604	-38497.817635	-22273.625108	-28170.730552	-41002.330601	-36624.473229	-187500.022352	-0.080000	0.916000	-0.360000	192.000000	126.500000	64.000000	14.000000	80.000000	122.000000	96.000000	0.000000	0.000000	0.000000	1741901922.011356	0.000000
136.000000	-34580.562661	-22768.738600	-32620.404079	-19746.670991	-42514.582576	-34041.796212	-40341.657739	-15725.480405	-30818.898179	-32449.904972	-38453.449423	-22234.464852	-28126.049414	-40955.727214	-36602.546168	-187500.022352	-0.080000	0.916000	-0.360000	192.000000	0.000000	0.000000	0.000000	0.000000	0.000000	0.000000	0.000000	0.000000	0.000000	1741901922.013547	0.000000
138.000000	-34581.188510	-22773.454818	-32622.907474	-19755.566985	-42521.913948	-34053.933210	-40348.765594	-15733.169405	-30831.862191	-32465.662952	-38470.704969	-22250.245184	-28138.901667	-40976.424930	-36598.880482	-187500.022352	-0.080000	0.916000	-0.360000	192.000000	0.000000	0.000000	0.000000	0.000000	0.000000	0.000000	0.000000	0.000000	0.000000	1741901922.015595	0.000000
140.000000	-34582.999001	-22768.358620	-32623.667434	-19753.689439	-42524.998489	-34048.099404	-40346.597474	-15730.151919	-30835.773746	-32465.707656	-38467.240449	-22248.568803	-28143.372016	-40972.759244	-36608.111752	-187500.022352	-0.080000	0.916000	-0.360000	192.000000	0.000000	0.000000	0.000000	0.000000	0.000000	0.000000	0.000000	0.000000	0.000000	1741901922.017627	0.000000
142.000000	-34589.503359	-22781.657908	-32626.126126	-19756.908090	-42530.049983	-34065.377303	-40359.337969	-15746.826321	-30819.032290	-32458.577449	-38456.735129	-22240.142195	-28129.156307	-40969.697055	-36586.877595	-187500.022352	-0.080000	0.916000	-0.360000	192.000000	0.000000	0.000000	0.000000	0.000000	0.000000	0.000000	0.000000	0.000000	0.000000	1741901922.019679	0.000000
144.000000	-34606.423629	-22792.811429	-32642.487603	-19766.809913	-42540.398841	-34068.841823	-40366.982265	-15749.486178	-30853.096348	-32482.449112	-38482.350228	-22266.651364	-28158.548851	-40994.999229	-36620.114639	-187500.022352	-0.084000	0.914000	-0.360000	192.000000	126.500000	48.000000	14.000000	72.000000	122.000000	96.000000	0.000000	0.000000	0.000000	1741901922.021719	0.000000
146.000000	-34608.278824	-22804.255522	-32646.779137	-19777.605805	-42538.968329	-34082.163463	-40369.440957	-15757.689268	-30854.929191	-32491.210996	-38490.508615	-22272.306356	-28161.856909	-41001.704753	-36612.962081	-187500.022352	-0.084000	0.914000	-0.360000	192.000000	0.000000	0.000000	0.000000	0.000000	0.000000	0.000000	0.000000	0.000000	0.000000	1741901922.023935	0.000000
148.000000	-34587.916385	-22774.639460	-32628.629521	-19747.475654	-42514.180245	-34040.700977	-40340.294282	-15723.893431	-30846.457880	-32477.285859	-38475.734112	-22256.637783	-28153.072673	-40981.789348	-36610.078706	-187500.022352	-0.084000	0.914000	-0.360000	192.000000	0.000000	0.000000	0.000000	0.000000	0.000000	0.000000	0.000000	0.000000	0.000000	1741901922.069055	0.000000
150.000000	-34603.830827	-22799.762821	-32645.795661	-19760.462017	-42524.394992	-34067.523070	-40355.985207	-15747.385114	-30846.189659	-32476.190624	-38481.031475	-22257.598908	-28155.374903	-40979.978857	-36601.562691	-187500.022352	-0.084000	0.914000	-0.360000	192.000000	0.000000	0.000000	0.000000	0.000000	0.000000	0.000000	0.000000	0.000000	0.000000	1741901922.071194	0.000000
152.000000	-34600.299251	-22786.217664	-32646.108585	-19753.756494	-42520.438733	-34046.355968	-40346.575123	-15728.833166	-30859.846575	-32483.320830	-38491.559147	-22266.338440	-28165.477892	-40984.851537	-36612.939729	-187500.022352	-0.084000	0.914000	-0.360000	192.000000	0.000000	0.000000	0.000000	0.000000	0.000000	0.000000	0.000000	0.000000	0.000000	1741901922.073240	0.000000
154.000000	-34594.465446	-22792.073821	-32640.900629	-19755.656392	-42520.706954	-34057.956524	-40355.739338	-15740.679591	-30835.661988	-32462.466653	-38469.117995	-22244.344323	-28144.176679	-40964.086767	-36598.500502	-187500.022352	-0.078000	0.916000	-0.360000	192.000000	126.500000	72.000000	14.000000	80.000000	122.000000	96.000000	0.000000	0.000000	0.000000	1741901922.075286	0.000000
156.000000	-34595.784199	-22785.435353	-32644.074576	-19753.108293	-42527.993623	-34052.972085	-40353.213591	-15736.365704	-30859.265430	-32484.214900	-38490.530967	-22267.746600	-28171.334049	-40990.841805	-36617.745354	-187500.022352	-0.078000	0.916000	-0.360000	192.000000	0.000000	0.000000	0.000000	0.000000	0.000000	0.000000	0.000000	0.000000	0.000000	1741901922.077446	0.000000
158.000000	-34597.929966	-22797.795868	-32642.733472	-19756.349296	-42534.743850	-34065.690227	-40367.205783	-15752.436608	-30840.020578	-32465.953525	-38469.162699	-22243.852585	-28150.010484	-40972.960409	-36608.111752	-187500.022352	-0.078000	0.916000	-0.360000	192.000000	0.000000	0.000000	0.000000	0.000000	0.000000	0.000000	0.000000	0.000000	0.000000	1741901922.079469	0.000000
160.000000	-34583.781312	-22774.527702	-32624.963835	-19750.359029	-42515.163721	-34041.371529	-40339.489620	-15723.625210	-30860.204203	-32483.544348	-38490.955650	-22262.181015	-28170.149406	-40994.328677	-36618.840589	-187500.022352	-0.078000	0.916000	-0.360000	192.000000	0.000000	0.000000	0.000000	0.000000	0.000000	0.000000	0.000000	0.000000	0.000000	1741901922.081475	0.000000
162.000000	-34608.077658	-22809.821106	-32646.242696	-19770.833227	-42540.354137	-34075.189719	-40374.492451	-15760.527940	-30835.840802	-32464.567717	-38464.491184	-22240.119843	-28143.327313	-40971.664008	-36596.421790	-187500.022352	-0.078000	0.916000	-0.360000	192.000000	0.000000	0.000000	0.000000	0.000000	0.000000	0.000000	0.000000	0.000000	0.000000	1741901922.129252	0.000000
164.000000	-34598.801684	-22792.342042	-32639.671283	-19769.693288	-42533.492152	-34059.074111	-40358.443899	-15741.528957	-30858.572526	-32496.754229	-38490.106283	-22269.870015	-28168.897709	-41007.426799	-36618.237092	-187500.022352	-0.078000	0.920000	-0.360000	192.000000	126.500000	72.000000	14.000000	96.000000	122.000000	96.000000	0.000000	0.000000	0.000000	1741901922.131391	0.000000
166.000000	-34591.492664	-22790.442144	-32637.234943	-19774.633023	-42530.854646	-34066.919573	-40363.942428	-15747.206300	-30848.626000	-32485.421894	-38475.510594	-22256.056637	-28159.889956	-40993.591069	-36624.361470	-187500.022352	-0.078000	0.920000	-0.360000	192.000000	0.000000	0.000000	0.000000	0.000000	0.000000	0.000000	0.000000	0.000000	0.000000	1741901922.133607	0.000000
168.000000	-34592.409085	-22783.691917	-32640.185373	-19767.234596	-42527.725402	-34059.476442	-40356.588704	-15739.986687	-30847.396654	-32485.399542	-38479.779778	-22258.850605	-28162.527461	-40998.731971	-36609.519912	-187500.022352	-0.078000	0.920000	-0.360000	192.000000	0.000000	0.000000	0.000000	0.000000	0.000000	0.000000	0.000000	0.000000	0.000000	1741901922.135753	0.000000
170.000000	-34589.816283	-22787.737583	-32638.866620	-19767.882796	-42524.618509	-34064.885564	-40354.509992	-15742.691248	-30841.607552	-32473.553118	-38466.994580	-22248.457044	-28151.664514	-40983.242212	-36610.123409	-187500.022352	-0.078000	0.920000	-0.360000	192.000000	0.000000	0.000000	0.000000	0.000000	0.000000	0.000000	0.000000	0.000000	0.000000	1741901922.137785	0.000000
172.000000	-34574.594745	-22769.140931	-32625.165001	-19754.158825	-42510.089875	-34049.082881	-40338.796716	-15722.552326	-30849.609476	-32490.451037	-38480.517385	-22261.421056	-28165.053208	-40998.843729	-36608.111752	-187500.022352	-0.078000	0.920000	-0.360000	192.000000	0.000000	0.000000	0.000000	0.000000	0.000000	0.000000	0.000000	0.000000	0.000000	1741901922.139805	0.000000
174.000000	-34534.585122	-22730.248896	-32581.892023	-19718.172517	-42468.470927	-34009.073259	-40300.530529	-15685.135506	-30807.588197	-32436.069242	-38427.476695	-22208.425070	-28116.885199	-40940.975063	-36571.253725	-187500.022352	-0.082000	0.918000	-0.360000	192.000000	126.500000	56.000000	14.000000	88.000000	122.000000	96.000000	0.000000	0.000000	0.000000	1741901922.141830	0.000000
176.000000	-34575.779387	-22769.520911	-32623.823896	-19729.683665	-42512.302698	-34040.365701	-40343.669396	-15725.122777	-30813.176133	-32442.998283	-38443.748765	-22216.605808	-28128.329292	-40953.268522	-36556.143946	-187500.022352	-0.082000	0.918000	-0.360000	192.000000	0.000000	0.000000	0.000000	0.000000	0.000000	0.000000	0.000000	0.000000	0.000000	1741901922.144022	0.000000
178.000000	-34551.728910	-22743.726998	-32597.962928	-19718.083110	-42487.179337	-34017.924549	-40316.042640	-15699.306512	-30822.809735	-32443.221801	-38443.480545	-22216.359939	-28131.547944	-40948.082918	-36588.710438	-187500.022352	-0.082000	0.918000	-0.360000	192.000000	0.000000	0.000000	0.000000	0.000000	0.000000	0.000000	0.000000	0.000000	0.000000	1741901922.189550	0.000000
180.000000	-34602.377963	-22793.280815	-32645.102757	-19742.714732	-42537.448411	-34060.683436	-40370.290324	-15749.709696	-30835.058491	-32460.276182	-38464.848812	-22233.034341	-28148.088234	-40968.735930	-36586.072932	-187500.022352	-0.082000	0.918000	-0.360000	192.000000	0.000000	0.000000	0.000000	0.000000	0.000000	0.000000	0.000000	0.000000	0.000000	1741901922.191702	0.000000
182.000000	-34579.467425	-22768.224510	-32617.610111	-19740.881889	-42507.787646	-34039.404576	-40338.439088	-15719.244268	-30853.409273	-32470.870909	-38473.051902	-22243.137329	-28158.951182	-40976.670799	-36622.707441	-187500.022352	-0.082000	0.918000	-0.360000	192.000000	0.000000	0.000000	0.000000	0.000000	0.000000	0.000000	0.000000	0.000000	0.000000	1741901922.193751	0.000000
184.000000	-34584.764789	-22780.942652	-32618.794753	-19741.619497	-42511.341573	-34048.993474	-40346.597474	-15727.693227	-30837.494831	-32467.607554	-38464.088853	-22236.923544	-28145.048397	-40974.301514	-36585.268269	-187500.022352	-0.084000	0.918000	-0.366000	192.000000	126.500000	48.000000	14.000000	88.000000	122.000000	72.000000	0.000000	0.000000	0.000000	1741901922.195782	0.000000
186.000000	-34584.809492	-22778.260443	-32621.901646	-19738.110273	-42512.637974	-34041.595047	-40343.937617	-15726.977971	-30838.075976	-32462.824281	-38454.119975	-22230.642704	-28141.226249	-40968.177136	-36594.968926	-187500.022352	-0.084000	0.918000	-0.366000	192.000000	0.000000	0.000000	0.000000	0.000000	0.000000	0.000000	0.000000	0.000000	0.000000	1741901922.197963	0.000000
188.000000	-34574.773559	-22772.560748	-32619.577064	-19744.413465	-42509.285213	-34047.764128	-40341.613035	-15726.128605	-30842.188697	-32476.525900	-38467.866298	-22244.947820	-28152.379769	-40986.036180	-36591.884386	-187500.022352	-0.084000	0.918000	-0.366000	192.000000	0.000000	0.000000	0.000000	0.000000	0.000000	0.000000	0.000000	0.000000	0.000000	1741901922.200017	0.000000
190.000000	-34577.746341	-22770.057353	-32621.789887	-19736.165671	-42509.911062	-34034.576599	-40336.405079	-15718.283143	-30835.706691	-32463.181909	-38453.762347	-22231.514422	-28144.511955	-40968.445357	-36597.628784	-187500.022352	-0.084000	0.918000	-0.366000	192.000000	0.000000	0.000000	0.000000	0.000000	0.000000	0.000000	0.000000	0.000000	0.000000	1741901922.202115	0.000000
192.000000	-34570.347914	-22770.303222	-32617.006614	-19735.115139	-42504.501939	-34040.119832	-40338.506143	-15723.178175	-30830.342273	-32461.483176	-38452.242428	-22229.145137	-28141.606229	-40969.451185	-36582.764874	-187500.022352	-0.084000	0.918000	-0.366000	192.000000	0.000000	0.000000	0.000000	0.000000	0.000000	0.000000	0.000000	0.000000	0.000000	1741901922.250045	0.000000
194.000000	-34571.778425	-22765.899928	-32617.654814	-19728.990761	-42503.317297	-34028.563980	-40331.085364	-15715.623285	-30838.567715	-32461.639638	-38453.248257	-22229.681579	-28148.311752	-40969.004151	-36592.398476	-187500.022352	-0.084000	0.910000	-0.360000	192.000000	126.500000	48.000000	14.000000	56.000000	122.000000	96.000000	0.000000	0.000000	0.000000	1741901922.252200	0.000000
196.000000	-34581.143806	-22782.216702	-32626.997844	-19736.255078	-42512.190939	-34050.893372	-40349.547905	-15734.219937	-30823.949674	-32452.520126	-38445.447498	-22221.165564	-28135.973589	-40958.878810	-36573.064217	-187500.022352	-0.084000	0.910000	-0.360000	192.000000	0.000000	0.000000	0.000000	0.000000	0.000000	0.000000	0.000000	0.000000	0.000000	1741901922.254385	0.000000
198.000000	-34575.466463	-22770.325574	-32625.299111	-19733.304648	-42503.183186	-34034.598951	-40333.409945	-15716.427948	-30851.464671	-32472.882566	-38469.006237	-22242.958515	-28160.895784	-40979.084787	-36609.296395	-187500.022352	-0.084000	0.910000	-0.360000	192.000000	0.000000	0.000000	0.000000	0.000000	0.000000	0.000000	0.000000	0.000000	0.000000	1741901922.256437	0.000000
200.000000	-34592.990231	-22796.253597	-32642.956989	-19747.252136	-42522.651556	-34058.247096	-40361.930771	-15744.837015	-30833.449165	-32459.337408	-38454.030568	-22226.217058	-28145.517784	-40962.991531	-36592.309069	-187500.022352	-0.084000	0.910000	-0.360000	192.000000	0.000000	0.000000	0.000000	0.000000	0.000000	0.000000	0.000000	0.000000	0.000000	1741901922.258558	0.000000
202.000000	-34603.339088	-22799.919283	-32646.779137	-19757.556290	-42525.400820	-34055.542535	-40355.404062	-15738.623230	-30875.738666	-32498.296499	-38494.509577	-22265.623184	-28185.370944	-41005.035163	-36629.323558	-187500.022352	-0.084000	0.910000	-0.360000	192.000000	0.000000	0.000000	0.000000	0.000000	0.000000	0.000000	0.000000	0.000000	0.000000	1741901922.260600	0.000000
204.000000	-34574.482986	-22782.462571	-32617.967739	-19750.269622	-42501.171529	-34053.039140	-40340.830724	-15729.369608	-30842.792194	-32477.308211	-38460.356112	-22240.857451	-28152.022141	-40982.638715	-36601.920319	-187500.022352	-0.082000	0.912000	-0.362000	192.000000	126.500000	56.000000	14.000000	64.000000	122.000000	88.000000	0.000000	0.000000	0.000000	1741901922.262603	0.000000
206.000000	-34568.470367	-22767.531606	-32617.543056	-19736.120967	-42498.645782	-34029.547456	-40326.816181	-15710.325922	-30837.383072	-32471.295592	-38457.182164	-22240.633934	-28150.412816	-40980.850575	-36595.550072	-187500.022352	-0.082000	0.912000	-0.362000	192.000000	0.000000	0.000000	0.000000	0.000000	0.000000	0.000000	0.000000	0.000000	0.000000	1741901922.264792	0.000000
208.000000	-34586.530577	-22794.398402	-32638.441937	-19753.577680	-42516.482474	-34057.800061	-40347.268027	-15737.125663	-30824.128488	-32458.510394	-38444.128745	-22228.854564	-28136.733548	-40964.779671	-36586.318801	-187500.022352	-0.082000	0.912000	-0.362000	192.000000	0.000000	0.000000	0.000000	0.000000	0.000000	0.000000	0.000000	0.000000	0.000000	1741901922.310226	0.000000
210.000000	-34604.411972	-22803.070879	-32659.273763	-19767.502817	-42528.798286	-34062.046893	-40356.298132	-15739.606707	-30867.736741	-32505.538464	-38496.051847	-22279.213045	-28182.219348	-41013.305308	-36626.440182	-187500.022352	-0.082000	0.912000	-0.362000	192.000000	0.000000	0.000000	0.000000	0.000000	0.000000	0.000000	0.000000	0.000000	0.000000	1741901922.312420	0.000000
212.000000	-34596.097123	-22802.847362	-32649.617809	-19766.340526	-42518.672945	-34059.968181	-40349.413794	-15737.103312	-30850.391787	-32483.991383	-38474.795338	-22256.526024	-28161.521633	-40988.271354	-36618.974700	-187500.022352	-0.082000	0.912000	-0.362000	192.000000	0.000000	0.000000	0.000000	0.000000	0.000000	0.000000	0.000000	0.000000	0.000000	1741901922.314466	0.000000
214.000000	-34587.424646	-22784.988318	-32638.643102	-19748.459130	-42506.245375	-34034.263675	-40331.442992	-15715.131547	-30852.649314	-32490.719258	-38481.545565	-22262.046905	-28166.394313	-40994.239270	-36607.754124	-187500.022352	-0.082000	0.910000	-0.364000	192.000000	126.500000	56.000000	14.000000	56.000000	122.000000	80.000000	0.000000	0.000000	0.000000	1741901922.316504	0.000000
216.000000	-34589.548062	-22794.331347	-32639.090137	-19748.548537	-42511.274518	-34043.785518	-40343.870562	-15730.040160	-30836.265485	-32464.590068	-38459.216173	-22239.069312	-28147.596496	-40968.601819	-36596.622955	-187500.022352	-0.082000	0.910000	-0.364000	192.000000	0.000000	0.000000	0.000000	0.000000	0.000000	0.000000	0.000000	0.000000	0.000000	1741901922.318684	0.000000
218.000000	-34616.839542	-22817.264237	-32664.571126	-19761.043162	-42537.470762	-34062.628038	-40365.998789	-15750.313193	-30868.116721	-32499.794066	-38495.850682	-22272.865149	-28183.538101	-41005.884529	-36612.827970	-187500.022352	-0.082000	0.910000	-0.364000	192.000000	0.000000	0.000000	0.000000	0.000000	0.000000	0.000000	0.000000	0.000000	0.000000	1741901922.320737	0.000000
220.000000	-34592.789065	-22796.186542	-32637.123184	-19749.777883	-42514.850797	-34053.016788	-40349.056166	-15735.941021	-30852.984590	-32481.510339	-38472.470757	-22252.614469	-28161.096950	-40982.415197	-36609.855188	-187500.022352	-0.082000	0.910000	-0.364000	192.000000	0.000000	0.000000	0.000000	0.000000	0.000000	0.000000	0.000000	0.000000	0.000000	1741901922.322796	0.000000
222.000000	-34596.924138	-22795.247769	-32636.676149	-19749.219090	-42515.119018	-34052.927381	-40344.451707	-15731.381265	-30858.661933	-32493.490874	-38483.087836	-22261.666925	-28172.742209	-40997.882604	-36597.181749	-187500.022352	-0.082000	0.910000	-0.364000	192.000000	0.000000	0.000000	0.000000	0.000000	0.000000	0.000000	0.000000	0.000000	0.000000	1741901922.369481	0.000000
224.000000	-34576.673457	-22779.601548	-32613.720907	-19739.853709	-42493.013143	-34039.493983	-40328.179637	-15719.847765	-30840.244095	-32469.485100	-38455.282266	-22237.594096	-28149.474043	-40973.608610	-36592.599641	-187500.022352	-0.076000	0.912000	-0.364000	192.000000	126.500000	80.000000	14.000000	64.000000	122.000000	80.000000	0.000000	0.000000	0.000000	1741901922.371604	0.000000
226.000000	-34596.231234	-22799.427545	-32635.983245	-19753.175348	-42519.343498	-34063.902088	-40355.605227	-15746.535748	-30846.033197	-32485.444246	-38466.882821	-22251.630992	-28160.180528	-40996.094465	-36581.580231	-187500.022352	-0.076000	0.912000	-0.364000	192.000000	0.000000	0.000000	0.000000	0.000000	0.000000	0.000000	0.000000	0.000000	0.000000	1741901922.373786	0.000000
228.000000	-34556.199259	-22759.373219	-32600.935710	-19741.910069	-42479.624448	-34033.928398	-40318.478980	-15710.661198	-30844.580334	-32479.029295	-38454.209382	-22243.316143	-28154.257316	-40985.298572	-36596.980583	-187500.022352	-0.076000	0.912000	-0.364000	192.000000	0.000000	0.000000	0.000000	0.000000	0.000000	0.000000	0.000000	0.000000	0.000000	1741901922.375826	0.000000
230.000000	-34576.382885	-22781.210873	-32625.388518	-19737.618534	-42507.944108	-34050.803965	-40345.859867	-15734.957544	-30817.892351	-32460.052664	-38435.992710	-22223.981884	-28132.576124	-40969.585296	-36563.318856	-187500.022352	-0.076000	0.912000	-0.364000	192.000000	0.000000	0.000000	0.000000	0.000000	0.000000	0.000000	0.000000	0.000000	0.000000	1741901922.377829	0.000000
232.000000	-34566.145786	-22767.889234	-32619.644120	-19739.138453	-42499.115169	-34045.037215	-40333.164076	-15722.708788	-30846.390825	-32475.676534	-38454.790527	-22240.298657	-28158.101816	-40986.907898	-36604.021383	-187500.022352	-0.076000	0.912000	-0.364000	192.000000	0.000000	0.000000	0.000000	0.000000	0.000000	0.000000	0.000000	0.000000	0.000000	1741901922.379943	0.000000
234.000000	-34584.273050	-22792.073821	-32638.374882	-19751.431912	-42516.884806	-34067.254849	-40352.163059	-15745.261698	-30837.673645	-32476.704714	-38454.522306	-22239.784567	-28154.681999	-40987.623154	-36584.463606	-187500.022352	-0.080000	0.920000	-0.360000	192.000000	126.500000	64.000000	14.000000	96.000000	122.000000	96.000000	0.000000	0.000000	0.000000	1741901922.381972	0.000000
236.000000	-34560.222573	-22760.580213	-32617.520704	-19737.573831	-42493.594288	-34044.254904	-40328.805486	-15718.908992	-30851.263505	-32481.309173	-38458.500917	-22242.153852	-28163.063903	-40990.953564	-36609.989299	-187500.022352	-0.080000	0.920000	-0.360000	192.000000	0.000000	0.000000	0.000000	0.000000	0.000000	0.000000	0.000000	0.000000	0.000000	1741901922.384174	0.000000
238.000000	-34600.209844	-22805.797792	-32659.229059	-19758.830340	-42534.274463	-34087.416123	-40375.051245	-15767.568739	-30841.875773	-32473.888394	-38456.936295	-22235.336570	-28158.548851	-40989.925383	-36592.756104	-187500.022352	-0.080000	0.920000	-0.360000	192.000000	0.000000	0.000000	0.000000	0.000000	0.000000	0.000000	0.000000	0.000000	0.000000	1741901922.429403	0.000000
240.000000	-34588.743399	-22787.983452	-32644.253390	-19748.079151	-42514.090838	-34056.503660	-40351.179582	-15735.784559	-30864.585145	-32493.133246	-38475.354132	-22252.569765	-28179.246566	-41003.805817	-36627.848342	-187500.022352	-0.080000	0.920000	-0.360000	192.000000	0.000000	0.000000	0.000000	0.000000	0.000000	0.000000	0.000000	0.000000	0.000000	1741901922.431508	0.000000
242.000000	-34590.553891	-22801.014519	-32642.577010	-19753.667087	-42513.912024	-34067.724236	-40350.866658	-15744.188815	-30859.466596	-32493.066191	-38475.063559	-22249.842852	-28173.748037	-41001.838863	-36604.267252	-187500.022352	-0.080000	0.920000	-0.360000	192.000000	0.000000	0.000000	0.000000	0.000000	0.000000	0.000000	0.000000	0.000000	0.000000	1741901922.433562	0.000000
244.000000	-34549.851364	-22753.315896	-32597.068858	-19718.597200	-42471.287247	-34010.727288	-40308.867730	-15692.913913	-30834.365587	-32457.281048	-38441.267722	-22217.745747	-28144.400197	-40966.143127	-36587.123464	-187500.022352	-0.082000	0.920000	-0.360000	192.000000	126.500000	56.000000	14.000000	96.000000	122.000000	96.000000	0.000000	0.000000	0.000000	1741901922.435651	0.000000
246.000000	-34574.930021	-22787.536417	-32619.688823	-19735.808043	-42502.400875	-34050.669855	-40349.033815	-15737.662105	-30820.507505	-32451.268429	-38431.678823	-22210.950817	-28133.783118	-40960.577543	-36566.403397	-187500.022352	-0.082000	0.920000	-0.360000	192.000000	0.000000	0.000000	0.000000	0.000000	0.000000	0.000000	0.000000	0.000000	0.000000	1741901922.437820	0.000000
248.000000	-34554.545230	-22756.646306	-32603.461457	-19722.218182	-42479.512689	-34021.813753	-40324.022213	-15712.359931	-30835.706691	-32461.438472	-38437.356167	-22220.606771	-28146.121281	-40970.501717	-36589.336287	-187500.022352	-0.082000	0.920000	-0.360000	192.000000	0.000000	0.000000	0.000000	0.000000	0.000000	0.000000	0.000000	0.000000	0.000000	1741901922.439825	0.000000
250.000000	-34577.701637	-22792.856132	-32626.461402	-19748.436779	-42499.204576	-34057.934172	-40347.983283	-15743.048876	-30828.352967	-32463.986571	-38438.004367	-22224.138346	-28142.366188	-40974.681494	-36583.346019	-187500.022352	-0.082000	0.920000	-0.360000	192.000000	0.000000	0.000000	0.000000	0.000000	0.000000	0.000000	0.000000	0.000000	0.000000	1741901922.441864	0.000000
252.000000	-34575.935850	-22782.999013	-32626.215533	-19743.117063	-42492.834329	-34043.159669	-40333.298186	-15723.133471	-30843.730967	-32480.705676	-38453.717643	-22244.187861	-28155.151386	-40989.970087	-36598.165226	-187500.022352	-0.082000	0.920000	-0.360000	192.000000	0.000000	0.000000	0.000000	0.000000	0.000000	0.000000	0.000000	0.000000	0.000000	1741901922.489526	0.000000
254.000000	-34580.070922	-22793.683147	-32630.641178	-19749.599069	-42496.432960	-34055.698997	-40335.622768	-15731.716541	-30838.187735	-32471.586164	-38447.526210	-22235.537736	-28148.781139	-40980.939982	-36594.834816	-187500.022352	-0.080000	0.920000	-0.360000	192.000000	126.500000	64.000000	14.000000	96.000000	122.000000	96.000000	0.000000	0.000000	0.000000	1741901922.491733	0.000000
0.000000	-34583.133111	-22786.664699	-32632.317559	-19739.473729	-42498.243451	-34034.263675	-40329.230169	-15717.187907	-30850.369436	-32480.839787	-38459.193821	-22247.294753	-28159.197051	-40986.729084	-36596.980583	-187500.022352	-0.080000	0.920000	-0.360000	192.000000	0.000000	0.000000	0.000000	0.000000	0.000000	0.000000	0.000000	0.000000	0.000000	1741901922.493955	0.000000
2.000000	-34578.305135	-22789.168094	-32628.808335	-19745.553404	-42498.444617	-34048.501736	-40339.735489	-15730.353085	-30849.095386	-32471.161481	-38456.623370	-22243.114977	-28156.470139	-40979.911802	-36598.142874	-187500.022352	-0.080000	0.920000	-0.360000	192.000000	0.000000	0.000000	0.000000	0.000000	0.000000	0.000000	0.000000	0.000000	0.000000	1741901922.495961	0.000000
4.000000	-34606.758905	-22809.284664	-32663.252373	-19754.985840	-42529.982928	-34062.493928	-40367.608114	-15748.502701	-30866.060360	-32488.260566	-38476.896402	-22258.850605	-28176.430246	-40998.620212	-36605.988336	-187500.022352	-0.080000	0.920000	-0.360000	192.000000	0.000000	0.000000	0.000000	0.000000	0.000000	0.000000	0.000000	0.000000	0.000000	1741901922.497976	0.000000
6.000000	-34590.218614	-22797.885275	-32646.913248	-19756.975145	-42510.648669	-34061.041064	-40349.212629	-15744.904070	-30863.266392	-32481.689153	-38470.414397	-22250.446349	-28173.658630	-40989.903032	-36618.773534	-187500.022352	-0.080000	0.920000	-0.360000	192.000000	0.000000	0.000000	0.000000	0.000000	0.000000	0.000000	0.000000	0.000000	0.000000	1741901922.500013	0.000000
8.000000	-34559.194393	-22760.602565	-32618.615939	-19728.096691	-42485.838233	-34026.574674	-40323.441067	-15712.114061	-30846.614343	-32471.921441	-38456.668074	-22238.242297	-28163.443883	-40981.521127	-36595.751237	-187500.022352	-0.088000	0.918000	-0.362000	192.000000	126.500000	32.000000	14.000000	88.000000	122.000000	88.000000	0.000000	0.000000	0.000000	1741901922.502031	0.000000
10.000000	-34564.245887	-22772.963080	-32622.974530	-19733.304648	-42491.806149	-34040.253942	-40333.544056	-15722.954657	-30823.145011	-32447.960371	-38426.806143	-22210.213209	-28140.466290	-40958.968217	-36584.798883	-187500.022352	-0.088000	0.918000	-0.362000	192.000000	0.000000	0.000000	0.000000	0.000000	0.000000	0.000000	0.000000	0.000000	0.000000	1741901922.504153	0.000000
12.000000	-34571.957239	-22775.757048	-32630.663530	-19741.485386	-42502.758503	-34041.930323	-40336.874466	-15724.362817	-30844.110947	-32477.621135	-38456.399853	-22240.052788	-28164.494415	-40993.032276	-36593.203138	-187500.022352	-0.088000	0.918000	-0.362000	192.000000	0.000000	0.000000	0.000000	0.000000	0.000000	0.000000	0.000000	0.000000	0.000000	1741901922.550061	0.000000
14.000000	-34567.911573	-22773.119542	-32627.578989	-19735.964505	-42502.445579	-34041.729157	-40340.383689	-15727.223841	-30831.258694	-32457.571621	-38435.679786	-22219.198611	-28148.177641	-40968.512412	-36596.131217	-187500.022352	-0.088000	0.918000	-0.362000	192.000000	0.000000	0.000000	0.000000	0.000000	0.000000	0.000000	0.000000	0.000000	0.000000	1741901922.552157	0.000000
16.000000	-34588.363420	-22789.637481	-32649.327236	-19749.219090	-42521.757486	-34060.214050	-40355.314655	-15744.568794	-30863.713427	-32491.769790	-38477.343437	-22256.906004	-28184.499226	-41007.315041	-36609.944595	-187500.022352	-0.088000	0.918000	-0.362000	192.000000	0.000000	0.000000	0.000000	0.000000	0.000000	0.000000	0.000000	0.000000	0.000000	1741901922.554197	0.000000
18.000000	-34519.765916	-22725.420919	-32584.462474	-19701.676929	-42456.736261	-34000.646651	-40289.131139	-15679.279349	-30812.416174	-32433.208219	-38415.786733	-22197.405660	-28127.748147	-40943.880790	-36585.134159	-187500.022352	-0.082000	0.918000	-0.358000	192.000000	126.500000	56.000000	14.000000	88.000000	122.000000	104.000000	0.000000	0.000000	0.000000	1741901922.556318	0.000000
20.000000	-34550.343102	-22757.942707	-32614.927902	-19711.064662	-42484.363018	-34024.719480	-40321.049430	-15710.772957	-30804.973043	-32436.806850	-38420.570006	-22200.356090	-28127.122298	-40951.078051	-36556.747443	-187500.022352	-0.082000	0.918000	-0.358000	192.000000	0.000000	0.000000	0.000000	0.000000	0.000000	0.000000	0.000000	0.000000	0.000000	1741901922.558529	0.000000
22.000000	-34560.468442	-22769.185635	-32628.093079	-19725.258020	-42491.560279	-34036.387090	-40331.152419	-15722.977009	-30824.664929	-32448.116833	-38431.455306	-22212.604846	-28143.103795	-40959.348197	-36587.972830	-187500.022352	-0.082000	0.918000	-0.358000	192.000000	0.000000	0.000000	0.000000	0.000000	0.000000	0.000000	0.000000	0.000000	0.000000	1741901922.560550	0.000000
24.000000	-34563.061245	-22771.756085	-32631.825820	-19725.950924	-42490.196823	-34039.516334	-40333.208779	-15722.082939	-30834.790270	-32465.908821	-38451.549524	-22231.067387	-28160.515804	-40977.475462	-36589.045714	-187500.022352	-0.082000	0.918000	-0.358000	192.000000	0.000000	0.000000	0.000000	0.000000	0.000000	0.000000	0.000000	0.000000	0.000000	1741901922.562550	0.000000
26.000000	-34568.984457	-22773.700687	-32626.237884	-19715.803232	-42481.211422	-34029.346291	-40323.128143	-15713.075186	-30830.744604	-32451.201373	-38436.283283	-22212.895419	-28150.166947	-40955.011958	-36592.152607	-187500.022352	-0.082000	0.918000	-0.358000	192.000000	0.000000	0.000000	0.000000	0.000000	0.000000	0.000000	0.000000	0.000000	0.000000	1741901922.610200	0.000000
28.000000	-34589.078675	-22796.879446	-32641.705291	-19736.925630	-42497.148215	-34054.380245	-40342.596512	-15735.873966	-30841.853421	-32473.866042	-38453.717643	-22230.486242	-28163.332124	-40978.570697	-36583.591888	-187500.022352	-0.084000	0.926000	-0.364000	192.000000	126.500000	48.000000	14.000000	120.000000	122.000000	80.000000	0.000000	0.000000	0.000000	1741901922.612317	0.000000
30.000000	-34572.516033	-22773.968908	-32625.120297	-19729.124871	-42484.698294	-34030.642692	-40327.062050	-15712.672855	-30840.378206	-32465.171214	-38442.899399	-22225.568858	-28154.324371	-40970.389959	-36596.824121	-187500.022352	-0.084000	0.926000	-0.364000	192.000000	0.000000	0.000000	0.000000	0.000000	0.000000	0.000000	0.000000	0.000000	0.000000	1741901922.614556	0.000000
32.000000	-34583.960126	-22788.117562	-32640.475946	-19746.782750	-42507.497073	-34054.380245	-40347.737413	-15737.863271	-30844.379168	-32478.112874	-38458.970303	-22240.008085	-28161.968668	-40985.075055	-36593.873691	-187500.022352	-0.084000	0.926000	-0.364000	192.000000	0.000000	0.000000	0.000000	0.000000	0.000000	0.000000	0.000000	0.000000	0.000000	1741901922.616581	0.000000
34.000000	-34554.947562	-22754.209966	-32609.943463	-19719.804194	-42484.474776	-34009.274424	-40315.841474	-15697.272503	-30823.770860	-32452.944810	-38436.327986	-22219.600942	-28136.554734	-40960.018749	-36589.202176	-187500.022352	-0.084000	0.926000	-0.364000	192.000000	0.000000	0.000000	0.000000	0.000000	0.000000	0.000000	0.000000	0.000000	0.000000	1741901922.618581	0.000000
36.000000	-34595.806550	-22802.892065	-32648.276704	-19751.767189	-42531.502847	-34062.024541	-40363.227172	-15746.178120	-30831.817488	-32467.071112	-38458.076234	-22236.521213	-28145.964819	-40976.849613	-36583.480130	-187500.022352	-0.084000	0.926000	-0.364000	192.000000	0.000000	0.000000	0.000000	0.000000	0.000000	0.000000	0.000000	0.000000	0.000000	1741901922.620606	0.000000
38.000000	-34587.849329	-22783.513103	-32633.681015	-19746.402770	-42518.807056	-34033.459012	-40341.747146	-15720.540669	-30856.560869	-32483.432589	-38481.612621	-22258.515329	-28165.924927	-40992.562889	-36610.950424	-187500.022352	-0.084000	0.918000	-0.366000	192.000000	126.500000	48.000000	14.000000	88.000000	122.000000	72.000000	0.000000	0.000000	0.000000	1741901922.622639	0.000000
40.000000	-34579.735646	-22780.249748	-32627.735451	-19749.286145	-42519.790533	-34046.199506	-40346.061033	-15729.481367	-30836.332540	-32466.646429	-38469.587382	-22245.104283	-28146.389502	-40974.569735	-36592.264365	-187500.022352	-0.084000	0.918000	-0.366000	192.000000	0.000000	0.000000	0.000000	0.000000	0.000000	0.000000	0.000000	0.000000	0.000000	1741901922.624916	0.000000
42.000000	-34561.518974	-22749.918431	-32607.708288	-19731.091825	-42504.725457	-34015.354099	-40322.234073	-15698.390090	-30830.409328	-32458.823318	-38463.127728	-22236.767082	-28141.405063	-40964.064415	-36595.706534	-187500.022352	-0.084000	0.918000	-0.366000	192.000000	0.000000	0.000000	0.000000	0.000000	0.000000	0.000000	0.000000	0.000000	0.000000	1741901922.670516	0.000000
44.000000	-34565.899916	-22761.340172	-32604.914320	-19729.661313	-42510.603966	-34031.022672	-40337.902646	-15716.718521	-30802.961386	-32430.034271	-38438.853733	-22213.029529	-28115.432336	-40937.331729	-36574.181804	-187500.022352	-0.084000	0.918000	-0.366000	192.000000	0.000000	0.000000	0.000000	0.000000	0.000000	0.000000	0.000000	0.000000	0.000000	1741901922.672617	0.000000
46.000000	-34577.567527	-22764.156492	-32614.324405	-19729.035464	-42522.226873	-34033.347253	-40347.044509	-15722.753492	-30831.370453	-32454.688246	-38462.993617	-22239.695160	-28142.366188	-40962.879773	-36591.459702	-187500.022352	-0.086000	0.920000	-0.364000	192.000000	126.500000	32.000000	14.000000	104.000000	122.000000	88.000000	0.000000	0.000000	0.000000	1741901922.674647	0.000000
48.000000	-34579.445074	-22772.896024	-32612.223341	-19745.396941	-42525.691393	-34057.956524	-40356.611056	-15742.847710	-30834.432642	-32461.214955	-38463.418301	-22241.572707	-28146.121281	-40968.288895	-36598.545205	-187500.022352	-0.086000	0.920000	-0.364000	192.000000	0.000000	0.000000	0.000000	0.000000	0.000000	0.000000	0.000000	0.000000	0.000000	1741901922.676873	0.000000
50.000000	-34586.485873	-22769.163283	-32615.620806	-19742.021828	-42530.787591	-34044.299608	-40354.107661	-15732.074169	-30840.199392	-32468.255755	-38468.425091	-22246.355980	-28153.475005	-40977.006075	-36598.209929	-187500.022352	-0.086000	0.920000	-0.364000	192.000000	0.000000	0.000000	0.000000	0.000000	0.000000	0.000000	0.000000	0.000000	0.000000	1741901922.678918	0.000000
52.000000	-34550.074881	-22742.117672	-32578.695724	-19722.955790	-42492.655515	-34019.153895	-40320.647099	-15704.805041	-30804.436601	-32431.375376	-38428.460172	-22208.849753	-28115.186467	-40938.404612	-36574.919412	-187500.022352	-0.086000	0.920000	-0.364000	192.000000	0.000000	0.000000	0.000000	0.000000	0.000000	0.000000	0.000000	0.000000	0.000000	1741901922.680929	0.000000
54.000000	-34579.199204	-22766.123446	-32606.858922	-19729.661313	-42519.745829	-34030.709747	-40343.803506	-15722.105291	-30819.054642	-32452.564830	-38448.934370	-22229.279247	-28132.173792	-40962.365682	-36574.941763	-187500.022352	-0.086000	0.920000	-0.364000	192.000000	0.000000	0.000000	0.000000	0.000000	0.000000	0.000000	0.000000	0.000000	0.000000	1741901922.682935	0.000000
56.000000	-34557.093329	-22750.700742	-32586.272965	-19728.968409	-42500.322163	-34030.352119	-40332.158247	-15714.863326	-30818.473496	-32450.284952	-38441.312425	-22225.814727	-28127.301112	-40958.878810	-36585.357676	-187500.022352	-0.085000	0.920000	-0.361000	192.000000	126.500000	48.000000	14.000000	96.000000	122.000000	104.000000	0.000000	0.000000	0.000000	1741901922.729770	0.000000
58.000000	-34576.360533	-22764.290603	-32609.161152	-19731.695322	-42522.651556	-34036.409442	-40348.855001	-15725.994495	-30810.829200	-32446.060472	-38439.568989	-22221.433785	-28124.909475	-40960.175211	-36568.929144	-187500.022352	-0.085000	0.920000	-0.361000	192.000000	0.000000	0.000000	0.000000	0.000000	0.000000	0.000000	0.000000	0.000000	0.000000	1741901922.732085	0.000000
60.000000	-34552.622980	-22745.313972	-32581.690858	-19729.840127	-42492.700218	-34024.451259	-40321.988204	-15704.648579	-30820.820429	-32449.770862	-38442.988806	-22223.579553	-28130.944446	-40959.012921	-36593.627822	-187500.022352	-0.085000	0.920000	-0.361000	192.000000	0.000000	0.000000	0.000000	0.000000	0.000000	0.000000	0.000000	0.000000	0.000000	1741901922.734149	0.000000
62.000000	-34549.359626	-22739.256649	-32578.315744	-19710.148240	-42489.548622	-34012.135448	-40318.836608	-15697.339558	-30803.833104	-32438.550286	-38432.617597	-22211.263741	-28114.739432	-40947.948807	-36561.865993	-187500.022352	-0.085000	0.920000	-0.361000	192.000000	0.000000	0.000000	0.000000	0.000000	0.000000	0.000000	0.000000	0.000000	0.000000	1741901922.736261	0.000000
64.000000	-34546.476250	-22739.033131	-32573.443064	-19702.861572	-42484.564183	-34016.874017	-40318.300166	-15697.585427	-30795.920586	-32418.880751	-38412.344564	-22193.695270	-28101.618958	-40927.027574	-36562.558897	-187500.022352	-0.085000	0.920000	-0.361000	192.000000	0.000000	0.000000	0.000000	0.000000	0.000000	0.000000	0.000000	0.000000	0.000000	1741901922.738275	0.000000
66.000000	-34557.763881	-22748.242050	-32579.008648	-19708.158935	-42487.246393	-34022.193733	-40312.734582	-15698.948884	-30805.978871	-32438.282065	-38433.064632	-22214.303579	-28117.108717	-40945.870095	-36557.149775	-187500.022352	-0.084500	0.918000	-0.362500	192.000000	126.500000	48.000000	14.000000	80.000000	122.000000	80.000000	0.000000	0.000000	0.000000	1741901922.740320	0.000000
68.000000	-34542.251771	-22736.596791	-32558.266229	-19693.518542	-42464.067634	-34002.121866	-40301.022267	-15683.302663	-30786.912833	-32414.388050	-38405.147303	-22188.733183	-28089.079629	-40912.409534	-36546.353882	-187500.022352	-0.084500	0.918000	-0.362500	192.000000	0.000000	0.000000	0.000000	0.000000	0.000000	0.000000	0.000000	0.000000	0.000000	1741901922.742542	0.000000
70.000000	-34589.212786	-22785.144780	-32604.132009	-19726.219145	-42512.973251	-34046.154803	-40343.445878	-15729.146091	-30816.730060	-32449.279123	-38444.151097	-22225.255933	-28121.646121	-40952.106232	-36549.639589	-187500.022352	-0.084500	0.918000	-0.362500	192.000000	0.000000	0.000000	0.000000	0.000000	0.000000	0.000000	0.000000	0.000000	0.000000	1741901922.744540	0.000000
72.000000	-34559.730835	-22752.175957	-32579.478035	-19718.127813	-42488.945125	-34025.300625	-40320.423582	-15703.732157	-30832.465688	-32457.370455	-38448.710853	-22232.453195	-28132.732586	-40957.649464	-36591.057371	-187500.022352	-0.084500	0.918000	-0.362500	192.000000	0.000000	0.000000	0.000000	0.000000	0.000000	0.000000	0.000000	0.000000	0.000000	1741901922.789583	0.000000
74.000000	-34568.179794	-22762.927146	-32597.024154	-19719.804194	-42505.664230	-34036.454145	-40335.533361	-15719.780710	-30809.979833	-32443.199449	-38437.065594	-22214.996483	-28117.667510	-40947.546476	-36565.531679	-187500.022352	-0.084500	0.918000	-0.362500	192.000000	0.000000	0.000000	0.000000	0.000000	0.000000	0.000000	0.000000	0.000000	0.000000	1741901922.791683	0.000000
76.000000	-34553.181774	-22742.855280	-32582.026134	-19708.471860	-42486.598192	-34011.643709	-40313.941576	-15695.819640	-30807.074107	-32430.011920	-38424.414506	-22205.072308	-28111.744298	-40933.107249	-36577.042827	-187500.022352	-0.086250	0.919000	-0.363250	192.000000	126.500000	32.000000	14.000000	96.000000	122.000000	80.000000	0.000000	0.000000	0.000000	1741901922.793686	0.000000
78.000000	-34539.793079	-22732.305256	-32569.956192	-19704.515601	-42471.600172	-34004.759372	-40304.173863	-15687.661253	-30796.658194	-32424.759260	-38421.285262	-22203.999424	-28101.998937	-40932.391993	-36555.048711	-187500.022352	-0.086250	0.919000	-0.363250	192.000000	0.000000	0.000000	0.000000	0.000000	0.000000	0.000000	0.000000	0.000000	0.000000	1741901922.795889	0.000000
80.000000	-34574.482986	-22763.240071	-32604.869617	-19720.206525	-42501.305640	-34017.790439	-40323.798695	-15705.810869	-30812.304415	-32430.458955	-38433.556370	-22213.409509	-28113.353624	-40935.230665	-36571.544298	-187500.022352	-0.086250	0.919000	-0.363250	192.000000	0.000000	0.000000	0.000000	0.000000	0.000000	0.000000	0.000000	0.000000	0.000000	1741901922.797903	0.000000
82.000000	-34562.435396	-22758.300335	-32599.862826	-19728.007284	-42499.539852	-34025.568846	-40325.519779	-15709.789480	-30824.016729	-32449.927324	-38454.075271	-22235.761253	-28126.228228	-40954.587275	-36577.042827	-187500.022352	-0.086250	0.919000	-0.363250	192.000000	0.000000	0.000000	0.000000	0.000000	0.000000	0.000000	0.000000	0.000000	0.000000	1741901922.800024	0.000000
84.000000	-34582.015524	-22770.213815	-32613.564445	-19727.873174	-42515.767219	-34026.440564	-40340.361338	-15716.562059	-30825.894275	-32443.065339	-38450.767213	-22232.564954	-28127.479926	-40952.620322	-36586.318801	-187500.022352	-0.086250	0.919000	-0.363250	192.000000	0.000000	0.000000	0.000000	0.000000	0.000000	0.000000	0.000000	0.000000	0.000000	1741901922.802052	0.000000
86.000000	-34575.779387	-22774.818274	-32604.109657	-19740.412502	-42500.500977	-34039.650445	-40331.107716	-15718.193736	-30832.979778	-32460.432644	-38466.659304	-22249.932259	-28136.375920	-40967.797156	-36584.798883	-187500.022352	-0.085125	0.917500	-0.363625	192.000000	126.500000	48.000000	14.000000	80.000000	122.000000	80.000000	0.000000	0.000000	0.000000	1741901922.849800	0.000000
88.000000	-34561.541326	-22754.187614	-32590.385686	-19717.703130	-42483.558355	-34011.107267	-40317.651965	-15696.892523	-30815.321900	-32440.338426	-38445.291036	-22230.061558	-28117.421641	-40943.791383	-36574.740598	-187500.022352	-0.085125	0.917500	-0.363625	192.000000	0.000000	0.000000	0.000000	0.000000	0.000000	0.000000	0.000000	0.000000	0.000000	1741901922.852030	0.000000
90.000000	-34550.253695	-22753.293544	-32582.897852	-19719.759490	-42475.243506	-34018.192770	-40315.215625	-15699.373567	-30804.190732	-32433.476440	-38437.087946	-22222.663131	-28107.832743	-40939.790421	-36565.218754	-187500.022352	-0.085125	0.917500	-0.363625	192.000000	0.000000	0.000000	0.000000	0.000000	0.000000	0.000000	0.000000	0.000000	0.000000	1741901922.854102	0.000000
92.000000	-34559.574373	-22755.484015	-32589.782189	-19716.853764	-42476.495204	-34012.113096	-40311.639346	-15696.981930	-30810.940958	-32438.371472	-38439.032547	-22224.630085	-28114.113583	-40944.149011	-36572.281906	-187500.022352	-0.085125	0.917500	-0.363625	192.000000	0.000000	0.000000	0.000000	0.000000	0.000000	0.000000	0.000000	0.000000	0.000000	1741901922.856118	0.000000
94.000000	-34542.922323	-22749.806672	-32574.203023	-19714.886810	-42458.434994	-34014.035346	-40305.425561	-15692.019843	-30799.206293	-32433.655254	-38427.074364	-22214.884724	-28099.115562	-40934.582464	-36559.161432	-187500.022352	-0.085125	0.917500	-0.363625	192.000000	0.000000	0.000000	0.000000	0.000000	0.000000	0.000000	0.000000	0.000000	0.000000	1741901922.858156	0.000000
96.000000	-34564.111777	-22762.100132	-32595.995974	-19714.305665	-42477.545736	-34010.101439	-40313.271023	-15698.032462	-30808.571673	-32440.561943	-38436.350338	-22222.774890	-28106.536341	-40941.600912	-36559.831984	-187500.022352	-0.083563	0.916750	-0.361812	192.000000	126.500000	56.000000	14.000000	80.000000	122.000000	96.000000	0.000000	0.000000	0.000000	1741901922.860202	0.000000
98.000000	-34579.757998	-22787.357603	-32611.217512	-19737.596183	-42492.320239	-34030.933265	-40331.666509	-15719.534841	-30823.279121	-32451.313132	-38453.248257	-22236.878841	-28119.165077	-40954.162592	-36578.227470	-187500.022352	-0.083563	0.916750	-0.361812	192.000000	0.000000	0.000000	0.000000	0.000000	0.000000	0.000000	0.000000	0.000000	0.000000	1741901922.862402	0.000000
100.000000	-34585.725914	-22783.535455	-32621.208742	-19738.356142	-42498.601079	-34020.517352	-40328.894893	-15712.158765	-30846.346122	-32473.687228	-38478.930411	-22258.604736	-28143.260258	-40974.167403	-36596.488845	-187500.022352	-0.083563	0.916750	-0.361812	192.000000	0.000000	0.000000	0.000000	0.000000	0.000000	0.000000	0.000000	0.000000	0.000000	1741901922.864435	0.000000
102.000000	-34577.947507	-22784.071897	-32611.061050	-19741.306572	-42493.214308	-34031.425003	-40328.447858	-15716.383245	-30828.889409	-32454.129452	-38458.970303	-22238.041131	-28124.685958	-40955.995435	-36588.688086	-187500.022352	-0.083563	0.916750	-0.361812	192.000000	0.000000	0.000000	0.000000	0.000000	0.000000	0.000000	0.000000	0.000000	0.000000	1741901922.910748	0.000000
104.000000	-34575.377056	-22774.862978	-32607.037736	-19727.001456	-42491.515576	-34016.359927	-40325.765649	-15706.995512	-30826.162496	-32458.957429	-38460.758443	-22243.338495	-28122.853115	-40961.583371	-36575.232336	-187500.022352	-0.083563	0.916750	-0.361812	192.000000	0.000000	0.000000	0.000000	0.000000	0.000000	0.000000	0.000000	0.000000	0.000000	1741901922.912962	0.000000
106.000000	-34560.401387	-22767.553957	-32596.733582	-19728.186098	-42481.367884	-34022.663119	-40318.054297	-15705.073262	-30821.558037	-32452.587182	-38450.029606	-22235.805957	-28115.879371	-40952.150935	-36581.446121	-187500.022352	-0.083781	0.914375	-0.362906	192.000000	126.500000	48.000000	14.000000	64.000000	122.000000	80.000000	0.000000	0.000000	0.000000	1741901922.914998	0.000000
108.000000	-34556.847460	-22756.691010	-32594.453704	-19710.058833	-42478.126881	-34004.245282	-40309.225358	-15691.393994	-30809.063412	-32447.178059	-38443.815821	-22229.391006	-28109.956158	-40950.385147	-36567.342170	-187500.022352	-0.083781	0.914375	-0.362906	192.000000	0.000000	0.000000	0.000000	0.000000	0.000000	0.000000	0.000000	0.000000	0.000000	1741901922.917176	0.000000
110.000000	-34541.357701	-22746.811539	-32576.751122	-19705.566133	-42459.709043	-33996.466875	-40297.714209	-15683.973215	-30800.837970	-32428.134373	-38424.794486	-22211.688425	-28094.801676	-40927.005223	-36566.291638	-187500.022352	-0.083781	0.914375	-0.362906	192.000000	0.000000	0.000000	0.000000	0.000000	0.000000	0.000000	0.000000	0.000000	0.000000	1741901922.919178	0.000000
112.000000	-34533.579294	-22733.825175	-32569.553860	-19696.625435	-42448.823744	-33983.704029	-40281.151567	-15663.744886	-30793.618356	-32424.423984	-38426.381460	-22209.855582	-28092.097115	-40930.313281	-36544.878667	-187500.022352	-0.083781	0.914375	-0.362906	192.000000	0.000000	0.000000	0.000000	0.000000	0.000000	0.000000	0.000000	0.000000	0.000000	1741901922.921231	0.000000
114.000000	-34538.451974	-22744.464605	-32580.305049	-19697.765374	-42455.708081	-33991.303622	-40288.281773	-15673.378488	-30780.877862	-32407.526065	-38406.130780	-22189.671956	-28074.483940	-40909.526159	-36544.141059	-187500.022352	-0.083781	0.914375	-0.362906	192.000000	0.000000	0.000000	0.000000	0.000000	0.000000	0.000000	0.000000	0.000000	0.000000	1741901922.923279	0.000000
116.000000	-34565.654047	-22771.465513	-32615.285530	-19724.833336	-42492.230832	-34023.668948	-40326.682070	-15706.950808	-30809.108115	-32448.720330	-38447.503859	-22229.256896	-28114.202990	-40955.235476	-36567.208060	-187500.022352	-0.083891	0.914187	-0.362453	192.000000	126.500000	48.000000	14.000000	72.000000	122.000000	88.000000	0.000000	0.000000	0.000000	1741901922.970581	0.000000
118.000000	-34547.437375	-22752.220661	-32594.409000	-19720.742967	-42476.495204	-34010.190846	-40309.985317	-15694.098555	-30814.606644	-32443.042987	-38441.133611	-22225.345340	-28115.767612	-40947.837049	-36589.850377	-187500.022352	-0.083891	0.914187	-0.362453	192.000000	0.000000	0.000000	0.000000	0.000000	0.000000	0.000000	0.000000	0.000000	0.000000	1741901922.972856	0.000000
120.000000	-34526.873771	-22729.824213	-32571.051427	-19704.336787	-42454.724604	-33988.487302	-40285.733674	-15670.293947	-30793.618356	-32430.391899	-38428.929559	-22212.962474	-28097.774458	-40937.957577	-36559.004969	-187500.022352	-0.083891	0.914187	-0.362453	192.000000	0.000000	0.000000	0.000000	0.000000	0.000000	0.000000	0.000000	0.000000	0.000000	1741901922.974910	0.000000
122.000000	-34529.377166	-22730.114785	-32570.269116	-19693.205618	-42458.613808	-33987.056790	-40288.147663	-15673.244378	-30778.620336	-32407.704879	-38403.806198	-22188.174389	-28077.948460	-40910.934318	-36549.550182	-187500.022352	-0.083891	0.914187	-0.362453	192.000000	0.000000	0.000000	0.000000	0.000000	0.000000	0.000000	0.000000	0.000000	0.000000	1741901922.976942	0.000000
124.000000	-34565.475233	-22769.632670	-32607.462419	-19716.227915	-42495.293021	-34027.468744	-40327.978471	-15714.706864	-30800.748563	-32437.253885	-38434.472791	-22217.455175	-28105.821086	-40944.774860	-36558.490879	-187500.022352	-0.083891	0.914187	-0.362453	192.000000	0.000000	0.000000	0.000000	0.000000	0.000000	0.000000	0.000000	0.000000	0.000000	1741901922.978983	0.000000
126.000000	-34542.095309	-22742.944687	-32589.223395	-19706.996644	-42475.511727	-34006.525160	-40305.559672	-15689.069413	-30824.486116	-32451.111967	-38446.989768	-22232.162622	-28122.316673	-40954.609627	-36597.159397	-187500.022352	-0.083945	0.913094	-0.363227	192.000000	126.500000	48.000000	14.000000	64.000000	122.000000	80.000000	0.000000	0.000000	0.000000	1741901922.981055	0.000000
128.000000	-34531.366471	-22738.720207	-32582.830797	-19692.982101	-42463.486488	-34000.333726	-40299.569404	-15683.347366	-30793.461894	-32424.513391	-38425.733259	-22207.687462	-28097.617995	-40933.397822	-36563.095339	-187500.022352	-0.083945	0.913094	-0.363227	192.000000	0.000000	0.000000	0.000000	0.000000	0.000000	0.000000	0.000000	0.000000	0.000000	1741901922.983216	0.000000
130.000000	-34539.748375	-22741.447120	-32592.307936	-19692.982101	-42470.616695	-33995.863378	-40304.665602	-15685.426078	-30795.138275	-32415.952672	-38419.988861	-22200.356090	-28095.963966	-40921.059659	-36572.863051	-187500.022352	-0.083945	0.913094	-0.363227	192.000000	0.000000	0.000000	0.000000	0.000000	0.000000	0.000000	0.000000	0.000000	0.000000	1741901922.985224	0.000000
132.000000	-34550.097233	-22756.959231	-32603.662622	-19709.611798	-42481.278477	-34017.924549	-40321.451762	-15704.201544	-30804.973043	-32429.117850	-38434.070460	-22210.459079	-28109.017385	-40934.157781	-36565.956362	-187500.022352	-0.083945	0.913094	-0.363227	192.000000	0.000000	0.000000	0.000000	0.000000	0.000000	0.000000	0.000000	0.000000	0.000000	1741901923.030797	0.000000
134.000000	-34529.913608	-22728.572515	-32581.534395	-19695.552551	-42461.139555	-33987.101494	-40293.489730	-15673.222026	-30811.075069	-32428.402594	-38432.438783	-22209.162677	-28111.967815	-40931.810848	-36576.551089	-187500.022352	-0.083945	0.913094	-0.363227	192.000000	0.000000	0.000000	0.000000	0.000000	0.000000	0.000000	0.000000	0.000000	0.000000	1741901923.032917	0.000000
136.000000	-34562.234230	-22771.890196	-32613.720907	-19724.922743	-42497.036457	-34033.302550	-40334.594588	-15719.490137	-30809.488095	-32434.102289	-38437.646739	-22215.555276	-28113.420679	-40940.706842	-36566.649266	-187500.022352	-0.086973	0.912547	-0.365613	192.000000	126.500000	24.000000	14.000000	64.000000	122.000000	64.000000	0.000000	0.000000	0.000000	1741901923.034965	0.000000
138.000000	-34533.087556	-22734.831004	-32585.244785	-19707.868362	-42466.012235	-33994.186997	-40298.854148	-15678.519389	-30827.391842	-32450.731987	-38447.950893	-22228.787509	-28129.983321	-40954.162592	-36591.213833	-187500.022352	-0.086973	0.912547	-0.365613	192.000000	0.000000	0.000000	0.000000	0.000000	0.000000	0.000000	0.000000	0.000000	0.000000	1741901923.037146	0.000000
140.000000	-34526.046756	-22734.763948	-32576.192328	-19694.211447	-42456.892724	-33996.869206	-40302.184558	-15685.202561	-30780.810807	-32408.755411	-38403.381515	-22187.079154	-28081.591795	-40912.565996	-36545.973902	-187500.022352	-0.086973	0.912547	-0.365613	192.000000	0.000000	0.000000	0.000000	0.000000	0.000000	0.000000	0.000000	0.000000	0.000000	1741901923.039140	0.000000
142.000000	-34549.337274	-22749.985486	-32598.722887	-19705.387319	-42478.663323	-34005.049945	-40308.823026	-15691.729270	-30811.566807	-32439.489059	-38435.076289	-22218.505707	-28115.521743	-40947.367662	-36573.377141	-187500.022352	-0.086973	0.912547	-0.365613	192.000000	0.000000	0.000000	0.000000	0.000000	0.000000	0.000000	0.000000	0.000000	0.000000	1741901923.041181	0.000000
144.000000	-34560.177870	-22769.990298	-32612.066878	-19730.689493	-42490.018009	-34033.459012	-40330.459515	-15718.663122	-30819.881656	-32451.693112	-38444.240504	-22230.419186	-28124.596551	-40957.828278	-36582.586060	-187500.022352	-0.086973	0.912547	-0.365613	192.000000	0.000000	0.000000	0.000000	0.000000	0.000000	0.000000	0.000000	0.000000	0.000000	1741901923.043164	0.000000
146.000000	-34549.046701	-22749.426693	-32604.646099	-19714.350368	-42478.618619	-34004.759372	-40310.298241	-15693.740927	-30815.523066	-32445.702844	-38441.088908	-22226.909963	-28119.522705	-40951.703900	-36582.295487	-187500.022352	-0.087486	0.912273	-0.368807	192.000000	126.500000	32.000000	14.000000	64.000000	122.000000	48.000000	0.000000	0.000000	0.000000	1741901923.090408	0.000000
148.000000	-34536.082689	-22743.302315	-32592.240881	-19713.858630	-42468.046244	-34008.648575	-40306.364334	-15693.159782	-30799.988604	-32427.575580	-38423.654547	-22208.156849	-28103.921187	-40931.699089	-36575.053522	-187500.022352	-0.087486	0.912273	-0.368807	192.000000	0.000000	0.000000	0.000000	0.000000	0.000000	0.000000	0.000000	0.000000	0.000000	1741901923.092673	0.000000
150.000000	-34550.477213	-22751.483053	-32606.724811	-19715.177383	-42480.272648	-34004.960538	-40312.578119	-15694.992625	-30819.702842	-32448.094481	-38443.949931	-22225.121823	-28127.256409	-40953.737909	-36585.871766	-187500.022352	-0.087486	0.912273	-0.368807	192.000000	0.000000	0.000000	0.000000	0.000000	0.000000	0.000000	0.000000	0.000000	0.000000	1741901923.094735	0.000000
152.000000	-34535.121564	-22744.978696	-32590.542148	-19706.482554	-42462.860639	-33996.578633	-40302.385724	-15686.409555	-30795.741772	-32422.211161	-38416.949024	-22197.986805	-28098.556769	-40923.160723	-36566.448100	-187500.022352	-0.087486	0.912273	-0.368807	192.000000	0.000000	0.000000	0.000000	0.000000	0.000000	0.000000	0.000000	0.000000	0.000000	1741901923.096770	0.000000
154.000000	-34530.181829	-22730.561820	-32586.451779	-19692.847990	-42453.361148	-33981.379447	-40288.527642	-15670.740982	-30809.264578	-32431.062452	-38432.774059	-22210.168506	-28113.979472	-40936.750583	-36566.068121	-187500.022352	-0.087486	0.912273	-0.368807	192.000000	0.000000	0.000000	0.000000	0.000000	0.000000	0.000000	0.000000	0.000000	0.000000	1741901923.098814	0.000000
156.000000	-34554.478175	-22765.072914	-32611.172809	-19715.535011	-42477.009294	-34018.796267	-40321.183541	-15709.253038	-30802.670813	-32420.087745	-38422.648719	-22198.143267	-28104.256464	-40924.971214	-36564.279981	-187500.022352	-0.086743	0.912137	-0.367403	192.000000	126.500000	40.000000	14.000000	64.000000	122.000000	72.000000	0.000000	0.000000	0.000000	1741901923.100882	0.000000
158.000000	-34530.628864	-22734.741597	-32587.614070	-19708.203639	-42452.422375	-33993.829369	-40296.686029	-15679.525218	-30819.859304	-32447.580391	-38445.693367	-22222.730186	-28125.848249	-40952.575618	-36572.840699	-187500.022352	-0.086743	0.912137	-0.367403	192.000000	0.000000	0.000000	0.000000	0.000000	0.000000	0.000000	0.000000	0.000000	0.000000	1741901923.103050	0.000000
160.000000	-34535.546247	-22744.464605	-32594.610166	-19704.180325	-42460.200782	-34000.870168	-40304.732657	-15689.605855	-30789.103304	-32414.298643	-38409.237672	-22188.420259	-28090.085458	-40915.918757	-36559.407301	-187500.022352	-0.086743	0.912137	-0.367403	192.000000	0.000000	0.000000	0.000000	0.000000	0.000000	0.000000	0.000000	0.000000	0.000000	1741901923.105082	0.000000
162.000000	-34518.871846	-22724.593905	-32581.042657	-19701.274598	-42448.533171	-33983.614622	-40286.940668	-15673.199674	-30804.838932	-32437.298588	-38430.807105	-22210.101451	-28110.582007	-40942.472630	-36568.191536	-187500.022352	-0.086743	0.912137	-0.367403	192.000000	0.000000	0.000000	0.000000	0.000000	0.000000	0.000000	0.000000	0.000000	0.000000	1741901923.150720	0.000000
164.000000	-34527.343157	-22737.513213	-32588.686954	-19701.676929	-42461.944218	-33996.153950	-40301.491654	-15687.705956	-30786.666964	-32410.655309	-38402.800370	-22182.318232	-28090.331327	-40913.705935	-36566.559859	-187500.022352	-0.086743	0.912137	-0.367403	192.000000	0.000000	0.000000	0.000000	0.000000	0.000000	0.000000	0.000000	0.000000	0.000000	1741901923.152845	0.000000
166.000000	-34562.748320	-22772.627803	-32617.721870	-19726.643828	-42494.980096	-34028.809849	-40335.779230	-15719.087806	-30817.422964	-32451.447243	-38442.765289	-22222.350207	-28124.484792	-40956.844802	-36580.641458	-187500.022352	-0.086372	0.916068	-0.366702	192.000000	126.500000	40.000000	14.000000	96.000000	122.000000	72.000000	0.000000	0.000000	0.000000	1741901923.154903	0.000000
168.000000	-34528.326634	-22739.279001	-32581.735561	-19709.991778	-42454.031700	-34000.892520	-40294.607317	-15685.180209	-30815.612473	-32444.004112	-38429.980091	-22216.292884	-28116.259350	-40945.512467	-36593.605470	-187500.022352	-0.086372	0.916068	-0.366702	192.000000	0.000000	0.000000	0.000000	0.000000	0.000000	0.000000	0.000000	0.000000	0.000000	1741901923.157151	0.000000
170.000000	-34554.969913	-22767.889234	-32608.110620	-19715.870287	-42477.277515	-34023.177209	-40318.143704	-15708.582486	-30801.843798	-32435.711615	-38426.359108	-22208.782698	-28108.346833	-40941.332691	-36562.424786	-187500.022352	-0.086372	0.916068	-0.366702	192.000000	0.000000	0.000000	0.000000	0.000000	0.000000	0.000000	0.000000	0.000000	0.000000	1741901923.159168	0.000000
172.000000	-34517.284872	-22726.829079	-32571.185538	-19700.939322	-42438.027851	-33992.555319	-40283.029113	-15672.909102	-30817.422964	-32445.680493	-38431.835286	-22216.918733	-28119.500353	-40948.887581	-36584.508310	-187500.022352	-0.086372	0.916068	-0.366702	192.000000	0.000000	0.000000	0.000000	0.000000	0.000000	0.000000	0.000000	0.000000	0.000000	1741901923.161212	0.000000
174.000000	-34547.862059	-22757.853300	-32607.596529	-19707.667197	-42471.421358	-34017.522218	-40313.114561	-15702.838087	-30790.176188	-32418.187847	-38412.389268	-22193.181180	-28094.064068	-40927.765182	-36538.709586	-187500.022352	-0.086372	0.916068	-0.366702	192.000000	0.000000	0.000000	0.000000	0.000000	0.000000	0.000000	0.000000	0.000000	0.000000	1741901923.163210	0.000000
176.000000	-34526.873771	-22731.947628	-32588.441084	-19702.727461	-42446.655625	-33994.544625	-40284.213756	-15673.534950	-30819.926360	-32435.085766	-38437.534980	-22218.528058	-28121.847286	-40943.210237	-36586.408208	-187500.022352	-0.088186	0.917034	-0.367351	192.000000	126.500000	24.000000	14.000000	88.000000	122.000000	64.000000	0.000000	0.000000	0.000000	1741901923.165272	0.000000
178.000000	-34556.087501	-22769.409152	-32615.821971	-19714.462127	-42476.450500	-34024.205390	-40318.724849	-15706.570829	-30808.884598	-32439.153783	-38430.136553	-22208.760346	-28114.068879	-40944.461935	-36555.495746	-187500.022352	-0.088186	0.917034	-0.367351	192.000000	0.000000	0.000000	0.000000	0.000000	0.000000	0.000000	0.000000	0.000000	0.000000	1741901923.211991	0.000000
