72.000000	32028.731052	4488.073824	-42171.907982	-8055.881626	-25383.155094	-25559.488006	-16086.461078	21625.089243	-3116.436674	-1064.300664	-17831.595878	54913.944592	-19963.795836	-30478.145835	6979.935703	6869.607493	0.000000	0.000000	0.000000	192.000000	0.000000	0.000000	0.000000	0.000000	0.000000	0.000000	0.000000	0.000000	0.000000	1741889944.469560	0.000000
74.000000	32016.996386	4468.516048	-42181.787453	-8078.836868	-25395.672070	-25581.571529	-16104.498935	21605.240894	-3125.645593	-1081.958542	-17840.067189	54912.514080	-19979.285595	-30491.579234	6971.464392	6856.419963	-0.004000	0.966000	-0.190000	192.000000	127.500000	112.000000	15.000000	24.000000	125.000000	8.000000	0.000000	0.000000	0.000000	1741889944.469649	0.000000
76.000000	32020.885589	4475.378034	-42173.338494	-8066.565760	-25382.931576	-25571.960279	-16093.077194	21613.734557	-3131.658212	-1091.055702	-17847.644430	54888.977693	-19976.826903	-30500.162303	6969.251569	6848.686260	-0.004000	0.966000	-0.190000	192.000000	0.000000	0.000000	0.000000	0.000000	0.000000	0.000000	0.000000	0.000000	0.000000	1741889944.469749	0.000000
78.000000	32019.432726	4464.515086	-42176.110110	-8076.042900	-25383.177445	-25578.330526	-16093.703043	21610.381795	-3131.255881	-1087.613533	-17848.046762	54894.476222	-19970.501360	-30497.502446	6977.588770	6850.854379	-0.004000	0.966000	-0.190000	192.000000	0.000000	0.000000	0.000000	0.000000	0.000000	0.000000	0.000000	0.000000	0.000000	1741889944.469830	0.000000
80.000000	32025.758270	4476.048586	-42166.878839	-8062.855370	-25375.242576	-25564.718314	-16083.488295	21622.205868	-3125.936166	-1087.926458	-17844.872814	54886.228429	-19959.951336	-30496.161341	6981.589732	6855.034155	-0.004000	0.966000	-0.190000	192.000000	0.000000	0.000000	0.000000	0.000000	0.000000	0.000000	0.000000	0.000000	0.000000	1741889944.469911	0.000000
82.000000	32023.768964	4464.000996	-42170.700988	-8071.572551	-25383.624480	-25572.675535	-16093.300711	21614.293350	-3122.605756	-1080.572734	-17838.100235	54899.371254	-19963.035877	-30490.349888	6986.976503	6860.197408	-0.004000	0.966000	-0.190000	192.000000	0.000000	0.000000	0.000000	0.000000	0.000000	0.000000	0.000000	0.000000	0.000000	1741889944.469984	0.000000
84.000000	32027.546409	4469.164249	-42172.824403	-8065.626987	-25377.544806	-25566.908785	-16086.706947	21620.641246	-3120.035305	-1081.667969	-17837.876718	54889.782356	-19961.672421	-30492.205082	6982.282636	6860.487981	-0.002000	0.968000	-0.192000	192.000000	127.500000	120.000000	15.000000	32.000000	125.000000	0.000000	0.000000	0.000000	0.000000	1741889944.470057	0.000000
86.000000	32028.731052	4465.409156	-42173.137328	-8069.247969	-25379.400001	-25567.467578	-16084.963511	21625.849202	-3128.394857	-1086.406539	-17844.157558	54894.632685	-19968.176778	-30496.362507	6984.875439	6860.197408	-0.002000	0.968000	-0.192000	192.000000	0.000000	0.000000	0.000000	0.000000	0.000000	0.000000	0.000000	0.000000	0.000000	1741889944.470135	0.000000
88.000000	32029.111031	4476.495621	-42172.131499	-8055.278129	-25372.158035	-25552.871889	-16074.145266	21640.020208	-3133.133427	-1088.149975	-17847.711485	54891.816365	-19974.144694	-30498.977661	6981.701491	6864.354833	-0.002000	0.968000	-0.192000	192.000000	0.000000	0.000000	0.000000	0.000000	0.000000	0.000000	0.000000	0.000000	0.000000	1741889944.470208	0.000000
0.000000	16471.603986	2836.637537	-21005.342425	-4044.414049	-12856.432838	-12786.181305	-8001.432777	11039.146607	-1558.073051	-526.495341	-8912.288715	27462.426122	-9973.638949	-15232.736198	3501.847804	3447.913044	-0.003000	0.968000	-0.191000	192.000000	127.500000	112.000000	15.000000	32.000000	125.000000	8.000000	0.000000	0.000000	0.000000	1741889944.611741	0.000000
2.000000	32944.303208	5676.560781	-42009.813131	-8087.263475	-25716.196086	-25575.424799	-16005.301893	22076.795647	-2375.386938	-713.065352	-17689.997576	63091.732632	-20045.558518	-30416.991462	6847.501617	7500.619590	-0.003000	0.968000	-0.191000	192.000000	0.000000	0.000000	0.000000	0.000000	0.000000	0.000000	0.000000	0.000000	0.000000	1741889944.611894	0.000000
4.000000	32946.918362	5682.193420	-42012.808265	-8083.798955	-25709.244693	-25573.726067	-15993.746042	22082.249472	-2364.434584	-706.449235	-17678.106448	63087.999891	-20037.109558	-30412.051727	6851.770801	7507.705093	-0.003000	0.968000	-0.191000	192.000000	0.000000	0.000000	0.000000	0.000000	0.000000	0.000000	0.000000	0.000000	0.000000	1741889944.611975	0.000000
6.000000	32949.265295	5679.332397	-42021.748963	-8094.371330	-25721.582856	-25583.538483	-16008.319379	22072.481760	-2375.655159	-716.932203	-17687.360071	63087.306987	-20050.230032	-30422.512343	6837.264518	7495.523393	-0.003000	0.968000	-0.191000	192.000000	0.000000	0.000000	0.000000	0.000000	0.000000	0.000000	0.000000	0.000000	0.000000	1741889944.612063	0.000000
8.000000	32945.219629	5680.427632	-42025.906387	-8092.650246	-25720.599380	-25581.415067	-16006.106556	22075.253376	-2375.185773	-713.266517	-17684.364937	63087.485801	-20043.368047	-30416.835000	6840.147893	7500.597239	-0.002000	0.970000	-0.184000	192.000000	127.500000	120.000000	15.000000	40.000000	125.000000	32.000000	0.000000	0.000000	0.000000	1741889944.612143	0.000000
10.000000	32971.661743	5700.499499	-42003.264070	-8067.973920	-25704.170847	-25562.863119	-15992.181419	22091.726612	-2369.307264	-711.366619	-17675.960681	63097.432327	-20045.603221	-30414.018680	6845.266443	7508.330942	-0.002000	0.970000	-0.184000	192.000000	0.000000	0.000000	0.000000	0.000000	0.000000	0.000000	0.000000	0.000000	0.000000	1741889944.612234	0.000000
12.000000	32955.657894	5692.072891	-42010.908367	-8073.494801	-25709.579970	-25568.942793	-15998.283446	22086.473952	-2362.042947	-700.727189	-17663.331945	63108.675254	-20035.857861	-30404.653299	6860.040946	7523.396018	-0.002000	0.970000	-0.184000	192.000000	0.000000	0.000000	0.000000	0.000000	0.000000	0.000000	0.000000	0.000000	0.000000	1741889944.612315	0.000000
14.000000	32956.462557	5680.561743	-42006.974460	-8084.424804	-25714.430298	-25579.761038	-16006.352425	22072.749981	-2370.223686	-714.831139	-17669.948062	63100.226295	-20041.401093	-30417.103221	6854.922397	7512.510718	-0.002000	0.970000	-0.184000	192.000000	0.000000	0.000000	0.000000	0.000000	0.000000	0.000000	0.000000	0.000000	0.000000	1741889944.612388	0.000000
16.000000	32956.261391	5689.211868	-42001.721800	-8077.406356	-25700.013423	-25564.830073	-15988.962768	22091.279577	-2373.308226	-715.993430	-17671.691498	63100.293350	-20041.334038	-30417.818477	6860.286815	7514.030637	-0.002000	0.970000	-0.184000	192.000000	0.000000	0.000000	0.000000	0.000000	0.000000	0.000000	0.000000	0.000000	0.000000	1741889944.671918	0.000000
18.000000	32957.378978	5678.438327	-41999.486625	-8086.481164	-25705.221379	-25568.965145	-15992.136716	22090.921949	-2365.708633	-710.673715	-17665.969451	63097.611141	-20032.393340	-30412.722279	6870.099231	7524.223033	-0.002000	0.964000	-0.178000	192.000000	127.500000	120.000000	15.000000	16.000000	125.000000	56.000000	0.000000	0.000000	0.000000	1741889944.672009	0.000000
20.000000	32960.709388	5689.994179	-42000.537157	-8078.859219	-25700.818086	-25562.684305	-15985.565303	22096.599292	-2368.614360	-720.508483	-17671.356222	63091.442059	-20032.594506	-30422.199419	6863.304301	7520.087960	-0.002000	0.964000	-0.178000	192.000000	0.000000	0.000000	0.000000	0.000000	0.000000	0.000000	0.000000	0.000000	0.000000	1741889944.672089	0.000000
22.000000	32957.043702	5681.522868	-41998.749018	-8085.832964	-25709.490563	-25574.128398	-15993.835448	22085.713993	-2360.701842	-705.778683	-17663.153131	63096.873533	-20032.683913	-30411.537637	6862.723155	7523.239556	-0.002000	0.964000	-0.178000	192.000000	0.000000	0.000000	0.000000	0.000000	0.000000	0.000000	0.000000	0.000000	0.000000	1741889944.672207	0.000000
24.000000	32954.540307	5686.596714	-42004.225195	-8082.681368	-25704.439068	-25570.038029	-15992.986082	22089.536141	-2373.084709	-717.401590	-17672.496161	63094.012510	-20034.628515	-30422.981730	6854.073030	7511.437835	-0.002000	0.964000	-0.178000	192.000000	0.000000	0.000000	0.000000	0.000000	0.000000	0.000000	0.000000	0.000000	0.000000	1741889944.672309	0.000000
26.000000	32962.989266	5689.010702	-42003.487587	-8075.618216	-25701.510990	-25568.719276	-15988.806306	22091.279577	-2370.290741	-715.412285	-17671.020945	63083.820115	-20035.544936	-30419.383099	6857.649309	7516.645791	-0.002000	0.964000	-0.178000	192.000000	0.000000	0.000000	0.000000	0.000000	0.000000	0.000000	0.000000	0.000000	0.000000	1741889944.672389	0.000000
28.000000	32962.117548	5694.956266	-42011.534215	-8076.311121	-25704.841400	-25569.501587	-15990.885018	22086.853932	-2371.698901	-706.069256	-17669.970413	63100.762737	-20034.516756	-30412.185837	6858.163399	7519.305649	-0.008000	0.964000	-0.176000	192.000000	127.500000	96.000000	15.000000	16.000000	125.000000	64.000000	0.000000	0.000000	0.000000	1741889944.672469	0.000000
30.000000	32969.001886	5691.379987	-42009.187282	-8082.100222	-25707.858885	-25575.044820	-15992.673158	22085.915159	-2364.099308	-708.907927	-17666.081210	63087.932836	-20039.456491	-30418.086698	6853.827161	7513.650657	-0.008000	0.964000	-0.176000	192.000000	0.000000	0.000000	0.000000	0.000000	0.000000	0.000000	0.000000	0.000000	0.000000	1741889944.731413	0.000000
32.000000	32971.751150	5701.304162	-42002.347648	-8073.941836	-25699.476981	-25568.540462	-15988.359271	22093.067717	-2362.400575	-702.738846	-17662.996669	63102.975560	-20038.294201	-30416.365614	6857.001109	7514.723541	-0.008000	0.964000	-0.176000	192.000000	0.000000	0.000000	0.000000	0.000000	0.000000	0.000000	0.000000	0.000000	0.000000	1741889944.731559	0.000000
34.000000	32984.871624	5714.715208	-41986.477910	-8060.530789	-25687.630557	-25551.173157	-15981.229065	22109.764470	-2357.103212	-690.579497	-17654.301841	63097.477030	-20028.951172	-30407.067288	6863.706632	7525.608841	-0.008000	0.964000	-0.176000	192.000000	0.000000	0.000000	0.000000	0.000000	0.000000	0.000000	0.000000	0.000000	0.000000	1741889944.731653	0.000000
36.000000	32978.166101	5714.335229	-41986.097930	-8060.553141	-25681.573234	-25548.759168	-15972.154256	22117.676987	-2348.363679	-679.560087	-17645.718771	63115.760757	-20019.496384	-30394.595014	6875.664815	7542.216187	-0.008000	0.964000	-0.176000	192.000000	0.000000	0.000000	0.000000	0.000000	0.000000	0.000000	0.000000	0.000000	0.000000	1741889944.731737	0.000000
38.000000	32973.360476	5705.528641	-41990.635334	-8069.471487	-25685.216568	-25558.012790	-15980.603216	22111.977293	-2348.564845	-681.527040	-17648.915070	63094.683062	-20017.082395	-30397.813666	6878.145859	7546.865350	-0.006000	0.972000	-0.176000	192.000000	127.500000	104.000000	15.000000	48.000000	125.000000	64.000000	0.000000	0.000000	0.000000	1741889944.731818	0.000000
40.000000	32970.186528	5700.767720	-41994.949221	-8078.747461	-25689.597510	-25565.344163	-15985.051213	22105.964673	-2358.466668	-701.129520	-17660.962660	63092.269074	-20028.615895	-30418.041994	6864.198370	7530.772094	-0.006000	0.972000	-0.176000	192.000000	0.000000	0.000000	0.000000	0.000000	0.000000	0.000000	0.000000	0.000000	0.000000	1741889944.731906	0.000000
42.000000	32963.950391	5700.074816	-41993.339895	-8076.087603	-25681.014440	-25554.727084	-15977.026937	22118.816926	-2352.208179	-696.815633	-17660.895605	63081.450830	-20019.630494	-30414.979805	6868.020519	7540.852730	-0.006000	0.972000	-0.176000	192.000000	0.000000	0.000000	0.000000	0.000000	0.000000	0.000000	0.000000	0.000000	0.000000	1741889944.731986	0.000000
44.000000	32957.535441	5695.336246	-42000.023067	-8082.837830	-25686.132990	-25557.476349	-15979.910312	22116.827621	-2356.969101	-704.571689	-17672.205588	63081.137905	-20037.109558	-30416.209151	6862.410231	7539.869254	-0.006000	0.972000	-0.176000	192.000000	0.000000	0.000000	0.000000	0.000000	0.000000	0.000000	0.000000	0.000000	0.000000	1741889944.732079	0.000000
46.000000	32950.628752	5692.162298	-42006.639183	-8083.620141	-25683.584891	-25556.604631	-15975.372908	22116.782918	-2361.864133	-707.276250	-17677.838227	63066.072829	-20035.008494	-30414.421012	6863.438411	7540.070419	-0.006000	0.972000	-0.176000	192.000000	0.000000	0.000000	0.000000	0.000000	0.000000	0.000000	0.000000	0.000000	0.000000	1741889944.791096	0.000000
48.000000	32953.243906	5688.697778	-42011.265994	-8087.621103	-25682.959042	-25556.962258	-15972.467181	22117.431118	-2360.724194	-713.870014	-17683.694385	63073.806533	-20034.762625	-30414.622177	6862.790211	7541.366820	-0.008000	0.974000	-0.174000	192.000000	127.500000	96.000000	15.000000	56.000000	125.000000	72.000000	0.000000	0.000000	0.000000	1741889944.791230	0.000000
50.000000	32950.606400	5692.497574	-42013.367058	-8082.256685	-25682.400248	-25551.150805	-15964.509960	22123.823717	-2359.271331	-710.651363	-17686.466001	63064.821132	-20031.096939	-30414.398660	6864.958330	7540.673916	-0.008000	0.974000	-0.174000	192.000000	0.000000	0.000000	0.000000	0.000000	0.000000	0.000000	0.000000	0.000000	0.000000	1741889944.791318	0.000000
52.000000	32947.141879	5690.441214	-42008.092047	-8081.519077	-25687.407039	-25560.046799	-15972.221312	22114.212467	-2365.127488	-714.294698	-17690.645777	63076.354632	-20045.625573	-30417.058518	6861.404402	7540.092771	-0.008000	0.974000	-0.174000	192.000000	0.000000	0.000000	0.000000	0.000000	0.000000	0.000000	0.000000	0.000000	0.000000	1741889944.791398	0.000000
54.000000	32943.766766	5687.066100	-42012.405933	-8085.095356	-25696.683013	-25573.435494	-15984.335957	22096.889865	-2360.947712	-713.892366	-17684.275530	63072.934815	-20044.686800	-30415.292730	6860.733850	7535.823588	-0.008000	0.974000	-0.174000	192.000000	0.000000	0.000000	0.000000	0.000000	0.000000	0.000000	0.000000	0.000000	0.000000	1741889944.791477	0.000000
56.000000	32963.436301	5700.991237	-41987.237869	-8066.409298	-25687.675260	-25565.612384	-15973.987099	22105.428231	-2357.729060	-716.239299	-17679.402850	63081.942568	-20042.250459	-30421.797087	6859.124524	7527.799312	-0.008000	0.974000	-0.174000	192.000000	0.000000	0.000000	0.000000	0.000000	0.000000	0.000000	0.000000	0.000000	0.000000	1741889944.791558	0.000000
58.000000	32947.611266	5700.790072	-41992.982267	-8065.872856	-25688.301109	-25560.896165	-15973.942396	22107.909275	-2343.625110	-699.274325	-17664.248367	63097.208810	-20036.483709	-30404.608596	6873.317882	7542.238539	-0.010000	0.966000	-0.170000	192.000000	127.500000	88.000000	15.000000	24.000000	125.000000	88.000000	0.000000	0.000000	0.000000	1741889944.791631	0.000000
60.000000	32936.591856	5681.232295	-41997.765541	-8079.641530	-25697.577083	-25571.736762	-15984.246550	22097.381603	-2361.618264	-712.618317	-17679.782829	63089.452754	-20043.166881	-30412.744631	6865.338309	7535.868291	-0.010000	0.966000	-0.170000	192.000000	0.000000	0.000000	0.000000	0.000000	0.000000	0.000000	0.000000	0.000000	0.000000	1741889944.851410	0.000000
62.000000	32928.120545	5676.784298	-42007.689715	-8081.161449	-25695.364260	-25566.193529	-15979.262111	22100.488496	-2361.662967	-722.095456	-17687.851809	63072.376021	-20047.570175	-30418.220808	6859.079821	7530.928556	-0.010000	0.966000	-0.170000	192.000000	0.000000	0.000000	0.000000	0.000000	0.000000	0.000000	0.000000	0.000000	0.000000	1741889944.851494	0.000000
64.000000	32921.057394	5658.969958	-42016.205730	-8103.580249	-25695.006632	-25579.001078	-15984.380661	22089.580845	-2368.301436	-732.265500	-17695.652568	63061.736591	-20043.546861	-30423.004082	6856.978757	7526.525262	-0.010000	0.966000	-0.170000	192.000000	0.000000	0.000000	0.000000	0.000000	0.000000	0.000000	0.000000	0.000000	0.000000	1741889944.851569	0.000000
66.000000	32910.060335	5656.019527	-42026.979271	-8110.933973	-25693.553769	-25575.022468	-15982.301948	22097.359252	-2370.268389	-741.005032	-17704.950894	63048.146730	-20047.279602	-30434.671692	6852.798981	7519.082131	-0.010000	0.966000	-0.170000	192.000000	0.000000	0.000000	0.000000	0.000000	0.000000	0.000000	0.000000	0.000000	0.000000	1741889944.851672	0.000000
68.000000	32911.379088	5648.442286	-42028.320375	-8120.008781	-25693.442010	-25576.028296	-15978.569207	22099.929702	-2388.596819	-751.510352	-17716.842022	63032.589916	-20057.114370	-30440.818422	6850.563806	7514.254154	-0.008000	0.966000	-0.166000	192.000000	127.500000	96.000000	15.000000	24.000000	125.000000	104.000000	0.000000	0.000000	0.000000	1741889944.851773	0.000000
70.000000	32910.328556	5654.074926	-42033.595387	-8114.018513	-25690.670394	-25570.127436	-15975.551722	22105.271769	-2372.771784	-750.705689	-17709.130670	63039.764826	-20048.508948	-30436.504535	6856.598777	7515.662314	-0.008000	0.966000	-0.166000	192.000000	0.000000	0.000000	0.000000	0.000000	0.000000	0.000000	0.000000	0.000000	0.000000	1741889944.851859	0.000000
72.000000	32915.402402	5651.370365	-42030.197922	-8114.130272	-25698.471153	-25573.860177	-15980.446754	22105.361176	-2374.694034	-748.917550	-17709.018911	63037.373190	-20050.565308	-30430.782489	6854.564769	7518.121006	-0.008000	0.966000	-0.166000	192.000000	0.000000	0.000000	0.000000	0.000000	0.000000	0.000000	0.000000	0.000000	0.000000	1741889944.851938	0.000000
74.000000	32901.901949	5651.146847	-42039.049213	-8112.990333	-25707.545961	-25586.265395	-15990.750908	22093.760621	-2382.807718	-754.237265	-17715.165641	63046.112722	-20069.161960	-30440.281980	6842.293661	7509.739102	-0.008000	0.966000	-0.166000	192.000000	0.000000	0.000000	0.000000	0.000000	0.000000	0.000000	0.000000	0.000000	0.000000	1741889944.852017	0.000000
76.000000	32921.012690	5657.226522	-42026.688698	-8107.402397	-25710.250522	-25594.401430	-15996.204733	22084.730516	-2378.203258	-751.778573	-17708.862449	63035.473291	-20066.010364	-30443.701797	6840.058486	7506.900431	-0.008000	0.966000	-0.166000	192.000000	0.000000	0.000000	0.000000	0.000000	0.000000	0.000000	0.000000	0.000000	0.000000	1741889944.912668	0.000000
78.000000	32922.622016	5667.575379	-42017.144503	-8089.230429	-25704.372013	-25583.672593	-15990.326225	22089.402031	-2367.116793	-744.335442	-17696.189010	63053.399390	-20063.037582	-30434.001140	6844.372373	7510.700227	-0.006000	0.960000	-0.170000	192.000000	127.500000	104.000000	15.000000	0.000000	125.000000	88.000000	0.000000	0.000000	0.000000	1741889944.912772	0.000000
80.000000	32929.372243	5672.872743	-41998.413741	-8074.210057	-25690.044545	-25571.401485	-15974.657652	22102.097821	-2366.043909	-727.683392	-17686.197780	63059.344954	-20047.257250	-30414.644529	6864.444240	7530.928556	-0.006000	0.960000	-0.170000	192.000000	0.000000	0.000000	0.000000	0.000000	0.000000	0.000000	0.000000	0.000000	0.000000	1741889944.912851	0.000000
82.000000	32923.538437	5670.369347	-41995.351552	-8074.545333	-25687.071763	-25568.316945	-15974.680003	22103.327167	-2364.166363	-731.013802	-17684.275530	63074.298271	-20040.596430	-30410.621215	6870.166286	7534.571890	-0.006000	0.960000	-0.170000	192.000000	0.000000	0.000000	0.000000	0.000000	0.000000	0.000000	0.000000	0.000000	0.000000	1741889944.912924	0.000000
84.000000	32926.757089	5673.833868	-41989.517747	-8071.237275	-25681.349716	-25562.460788	-15966.745134	22112.692548	-2357.751412	-735.528855	-17681.503914	63055.411047	-20035.410826	-30412.074079	6871.283873	7536.583547	-0.006000	0.960000	-0.170000	192.000000	0.000000	0.000000	0.000000	0.000000	0.000000	0.000000	0.000000	0.000000	0.000000	1741889944.912996	0.000000
86.000000	32915.715327	5659.059365	-42001.297116	-8083.754251	-25692.324423	-25570.328602	-15980.469105	22099.884999	-2355.203313	-737.764029	-17678.218207	63069.045612	-20029.577020	-30408.050765	6878.235266	7539.131646	-0.006000	0.960000	-0.170000	192.000000	0.000000	0.000000	0.000000	0.000000	0.000000	0.000000	0.000000	0.000000	0.000000	1741889944.913068	0.000000
88.000000	32926.310054	5664.088507	-41999.352515	-8080.513249	-25689.172827	-25565.947660	-15979.887960	22102.902484	-2364.591046	-747.755259	-17683.828495	63046.157425	-20043.457454	-30415.762116	6869.249865	7531.397942	-0.006000	0.968000	-0.180000	192.000000	127.500000	104.000000	15.000000	32.000000	125.000000	48.000000	0.000000	0.000000	0.000000	1741889944.913152	0.000000
90.000000	32931.428603	5672.313949	-41998.391390	-8077.786336	-25688.256405	-25563.153692	-15976.870474	22108.535124	-2357.282025	-736.691146	-17675.714812	63067.659803	-20037.422483	-30410.285939	6876.290664	7535.354201	-0.006000	0.968000	-0.180000	192.000000	0.000000	0.000000	0.000000	0.000000	0.000000	0.000000	0.000000	0.000000	0.000000	1741889944.913258	0.000000
92.000000	32926.533571	5669.765850	-42008.717896	-8085.274170	-25693.531417	-25569.143959	-15979.530332	22103.237760	-2365.440412	-738.076954	-17681.839190	63054.360515	-20045.357352	-30417.147925	6868.445202	7530.593280	-0.006000	0.968000	-0.180000	192.000000	0.000000	0.000000	0.000000	0.000000	0.000000	0.000000	0.000000	0.000000	0.000000	1741889944.973006	0.000000
94.000000	32937.888257	5678.035996	-42000.604212	-8079.887400	-25693.821990	-25569.680401	-15979.418573	22105.674101	-2367.899104	-743.329614	-17682.219169	63069.336184	-20050.207680	-30424.658111	6859.906836	7524.245384	-0.006000	0.968000	-0.180000	192.000000	0.000000	0.000000	0.000000	0.000000	0.000000	0.000000	0.000000	0.000000	0.000000	1741889944.973123	0.000000
96.000000	32947.320693	5696.900868	-41987.439035	-8056.328661	-25678.756914	-25551.441378	-15966.454562	22122.437909	-2347.536665	-722.810712	-17661.208530	63076.466391	-20034.092073	-30406.195570	6874.748394	7545.345431	-0.006000	0.968000	-0.180000	192.000000	0.000000	0.000000	0.000000	0.000000	0.000000	0.000000	0.000000	0.000000	0.000000	1741889944.973203	0.000000
98.000000	32939.654045	5678.147754	-41991.149424	-8066.409298	-25695.274853	-25566.372343	-15978.815076	22108.177496	-2356.164438	-721.626070	-17663.980146	63095.264208	-20037.377779	-30405.502666	6874.167249	7548.228806	-0.010000	0.976000	-0.182000	192.000000	127.500000	88.000000	15.000000	64.000000	125.000000	40.000000	0.000000	0.000000	0.000000	1741889944.973288	0.000000
100.000000	32938.581161	5687.535487	-41985.203860	-8055.635757	-25687.787019	-25554.302401	-15969.650861	22115.933551	-2352.632863	-726.789323	-17666.371783	63075.728783	-20039.612954	-30407.871951	6873.206123	7546.418315	-0.010000	0.976000	-0.182000	192.000000	0.000000	0.000000	0.000000	0.000000	0.000000	0.000000	0.000000	0.000000	0.000000	1741889944.973372	0.000000
102.000000	32935.429565	5682.618103	-41982.096968	-8063.592978	-25690.469228	-25557.208128	-15970.142599	22113.228990	-2355.538589	-726.118770	-17669.009288	63085.071812	-20033.309762	-30402.105201	6875.173077	7547.737068	-0.010000	0.976000	-0.182000	192.000000	0.000000	0.000000	0.000000	0.000000	0.000000	0.000000	0.000000	0.000000	0.000000	1741889944.973446	0.000000
104.000000	32930.623940	5682.193420	-41986.343799	-8067.169257	-25687.339984	-25559.443302	-15967.460390	22111.016168	-2356.700880	-726.834026	-17674.731335	63072.063097	-20043.412750	-30404.675651	6875.865981	7543.356126	-0.010000	0.976000	-0.182000	192.000000	0.000000	0.000000	0.000000	0.000000	0.000000	0.000000	0.000000	0.000000	0.000000	1741889944.973519	0.000000
106.000000	32930.288664	5672.068080	-41988.020180	-8080.736766	-25692.682051	-25569.143959	-15977.049288	22102.813077	-2360.254808	-731.416134	-17678.128800	63074.477085	-20040.350561	-30412.968148	6875.933036	7537.947004	-0.010000	0.976000	-0.182000	192.000000	0.000000	0.000000	0.000000	0.000000	0.000000	0.000000	0.000000	0.000000	0.000000	1741889945.033261	0.000000
108.000000	32933.909647	5682.349882	-41988.489567	-8072.198400	-25684.054277	-25556.694038	-15965.560492	22116.000607	-2348.967177	-730.186788	-17674.329004	63066.408106	-20036.573116	-30410.934140	6874.904856	7538.014059	-0.004000	0.972000	-0.176000	192.000000	127.500000	112.000000	15.000000	48.000000	125.000000	64.000000	0.000000	0.000000	0.000000	1741889945.033351	0.000000
110.000000	32926.622978	5660.556932	-42002.593518	-8092.918467	-25700.259292	-25577.347049	-15984.090088	22095.526409	-2352.409345	-735.998241	-17674.552521	63067.659803	-20034.025018	-30412.699927	6873.653158	7537.075286	-0.004000	0.972000	-0.176000	192.000000	0.000000	0.000000	0.000000	0.000000	0.000000	0.000000	0.000000	0.000000	0.000000	1741889945.033461	0.000000
112.000000	32927.941731	5675.934932	-42005.834521	-8081.563780	-25693.620824	-25565.835901	-15974.724707	22106.501115	-2363.160534	-753.678471	-17689.841114	63047.342068	-20049.693590	-30430.044881	6853.044850	7518.277468	-0.004000	0.972000	-0.176000	192.000000	0.000000	0.000000	0.000000	0.000000	0.000000	0.000000	0.000000	0.000000	0.000000	1741889945.033555	0.000000
114.000000	32937.977664	5674.750289	-41991.618811	-8077.719280	-25691.408001	-25563.511320	-15972.310719	22109.809173	-2342.753392	-736.646442	-17670.305690	63063.792952	-20033.443872	-30412.185837	6869.898065	7536.270623	-0.004000	0.972000	-0.176000	192.000000	0.000000	0.000000	0.000000	0.000000	0.000000	0.000000	0.000000	0.000000	0.000000	1741889945.033642	0.000000
116.000000	32930.109850	5672.872743	-42000.067770	-8078.792164	-25701.399231	-25568.272241	-15983.352480	22101.784897	-2352.319938	-745.944768	-17673.613748	63058.003850	-20039.635305	-30417.751422	6862.834914	7529.900376	-0.004000	0.972000	-0.176000	192.000000	0.000000	0.000000	0.000000	0.000000	0.000000	0.000000	0.000000	0.000000	0.000000	1741889945.033720	0.000000
118.000000	32934.557847	5673.096260	-41993.384599	-8075.819382	-25700.818086	-25567.758151	-15977.451620	22107.037557	-2350.755316	-744.894236	-17673.591396	63052.102989	-20049.559480	-30419.852486	6860.666795	7530.973259	-0.008000	0.970000	-0.174000	192.000000	127.500000	96.000000	15.000000	40.000000	125.000000	72.000000	0.000000	0.000000	0.000000	1741889945.033799	0.000000
120.000000	32925.930074	5675.890228	-41994.993924	-8071.080812	-25697.688842	-25563.891299	-15972.266015	22110.658540	-2359.338386	-745.184808	-17679.939291	63057.556815	-20051.727599	-30418.176105	6863.036080	7535.555367	-0.008000	0.970000	-0.174000	192.000000	0.000000	0.000000	0.000000	0.000000	0.000000	0.000000	0.000000	0.000000	0.000000	1741889945.033884	0.000000
122.000000	32913.547208	5655.617196	-42000.514805	-8085.475336	-25711.949255	-25575.201282	-15988.292216	22096.487534	-2358.377261	-750.817448	-17684.677861	63046.291536	-20048.307782	-30416.432669	6863.796039	7536.807065	-0.008000	0.970000	-0.174000	192.000000	0.000000	0.000000	0.000000	0.000000	0.000000	0.000000	0.000000	0.000000	0.000000	1741889945.092717	0.000000
124.000000	32926.511219	5680.852316	-41988.444863	-8069.717356	-25696.504199	-25559.666820	-15971.886035	22110.725595	-2358.980758	-747.911721	-17683.672033	63050.359553	-20045.804387	-30414.868047	6865.472420	7534.504835	-0.008000	0.970000	-0.174000	192.000000	0.000000	0.000000	0.000000	0.000000	0.000000	0.000000	0.000000	0.000000	0.000000	1741889945.092798	0.000000
126.000000	32930.020443	5682.975731	-41993.317544	-8084.715376	-25714.318539	-25574.217805	-15987.778126	22098.096859	-2351.627034	-744.089573	-17675.871274	63048.482007	-20039.367084	-30410.956491	6863.281949	7532.627288	-0.008000	0.970000	-0.174000	192.000000	0.000000	0.000000	0.000000	0.000000	0.000000	0.000000	0.000000	0.000000	0.000000	1741889945.092872	0.000000
128.000000	32923.337272	5680.695853	-42003.979326	-8087.107013	-25715.167906	-25577.056477	-15986.772297	22097.091031	-2355.024499	-754.058451	-17681.190989	63049.890167	-20050.766474	-30419.986596	6851.279062	7521.384361	-0.006000	0.974000	-0.176000	192.000000	127.500000	104.000000	15.000000	56.000000	125.000000	64.000000	0.000000	0.000000	0.000000	1741889945.092945	0.000000
130.000000	32941.039853	5694.129252	-41991.685866	-8070.432612	-25703.969682	-25566.238232	-15977.183399	22107.596351	-2354.555113	-744.022518	-17679.268739	63039.988344	-20049.358314	-30414.845695	6857.649309	7529.162768	-0.006000	0.974000	-0.176000	192.000000	0.000000	0.000000	0.000000	0.000000	0.000000	0.000000	0.000000	0.000000	0.000000	1741889945.093025	0.000000
132.000000	32932.881466	5685.993217	-41997.765541	-8074.724147	-25707.858885	-25572.988459	-15983.374832	22101.047289	-2350.889427	-746.570617	-17675.647757	63057.780332	-20045.938497	-30411.559988	6861.583216	7531.599108	-0.006000	0.974000	-0.176000	192.000000	0.000000	0.000000	0.000000	0.000000	0.000000	0.000000	0.000000	0.000000	0.000000	1741889945.093121	0.000000
134.000000	32940.950446	5693.995141	-41988.690733	-8063.883551	-25699.722850	-25563.153692	-15975.261149	22110.457374	-2354.063374	-747.598797	-17676.430068	63042.491739	-20041.937535	-30413.169314	6865.204199	7537.254100	-0.006000	0.974000	-0.176000	192.000000	0.000000	0.000000	0.000000	0.000000	0.000000	0.000000	0.000000	0.000000	0.000000	1741889945.093212	0.000000
136.000000	32916.587045	5675.040862	-42007.488550	-8083.821307	-25718.855944	-25583.873759	-15996.830582	22089.267920	-2362.869962	-754.661948	-17685.259007	63050.270146	-20051.749951	-30416.119744	6859.146876	7531.956736	-0.006000	0.974000	-0.176000	192.000000	0.000000	0.000000	0.000000	0.000000	0.000000	0.000000	0.000000	0.000000	0.000000	1741889945.152361	0.000000
138.000000	32941.263371	5697.213792	-41987.371980	-8064.196475	-25702.136839	-25564.494796	-15980.446754	22107.328130	-2363.629921	-758.506448	-17686.175428	63026.845518	-20054.208643	-30423.674634	6853.715402	7529.296878	-0.004000	0.976000	-0.176000	192.000000	127.500000	112.000000	15.000000	64.000000	125.000000	64.000000	0.000000	0.000000	0.000000	1741889945.152466	0.000000
140.000000	32935.384862	5685.747348	-41991.238831	-8077.249894	-25713.871505	-25578.464637	-15992.114364	22094.364118	-2353.571636	-749.878675	-17669.031640	63060.820170	-20036.282544	-30412.163486	6867.797001	7541.769152	-0.004000	0.976000	-0.176000	192.000000	0.000000	0.000000	0.000000	0.000000	0.000000	0.000000	0.000000	0.000000	0.000000	1741889945.152556	0.000000
142.000000	32942.492717	5690.843545	-41984.421549	-8072.913655	-25704.819048	-25570.328602	-15980.491457	22105.651749	-2351.403517	-760.495753	-17668.204626	63036.792044	-20049.112445	-30421.752384	6865.405365	7537.254100	-0.004000	0.976000	-0.176000	192.000000	0.000000	0.000000	0.000000	0.000000	0.000000	0.000000	0.000000	0.000000	0.000000	1741889945.152635	0.000000
144.000000	32934.691958	5682.528696	-41991.283535	-8086.391757	-25715.346720	-25578.442285	-15991.287350	22093.537103	-2360.813601	-766.910704	-17674.150190	63041.575318	-20049.604183	-30425.976864	6864.265426	7531.934384	-0.004000	0.976000	-0.176000	192.000000	0.000000	0.000000	0.000000	0.000000	0.000000	0.000000	0.000000	0.000000	0.000000	1741889945.152715	0.000000
146.000000	32932.121507	5685.546182	-41997.229099	-8089.297484	-25714.363243	-25578.531692	-15991.644978	22094.520580	-2360.701842	-761.568637	-17675.133666	63028.991285	-20045.849090	-30424.814573	6860.532684	7527.218166	-0.004000	0.976000	-0.176000	192.000000	0.000000	0.000000	0.000000	0.000000	0.000000	0.000000	0.000000	0.000000	0.000000	1741889945.152788	0.000000
148.000000	32940.078728	5690.441214	-41995.463311	-8081.027339	-25714.095022	-25577.101180	-15990.907370	22097.426307	-2361.797078	-761.143954	-17676.854751	63043.788140	-20049.917108	-30425.462773	6859.370394	7526.234690	-0.010000	0.982000	-0.180000	192.000000	127.500000	88.000000	15.000000	88.000000	125.000000	48.000000	0.000000	0.000000	0.000000	1741889945.152862	0.000000
150.000000	32937.620036	5696.587944	-41986.522613	-8069.806763	-25699.454629	-25565.768846	-15974.367079	22110.993816	-2355.940921	-759.400518	-17668.897530	63037.842576	-20039.232974	-30419.181933	6862.365527	7532.627288	-0.010000	0.982000	-0.180000	192.000000	0.000000	0.000000	0.000000	0.000000	0.000000	0.000000	0.000000	0.000000	0.000000	1741889945.152941	0.000000
152.000000	32941.397481	5689.547144	-41991.909384	-8078.412185	-25707.188333	-25575.357744	-15983.441887	22100.086164	-2360.299511	-758.752317	-17670.976242	63043.855196	-20045.066779	-30419.226637	6864.421888	7531.889681	-0.010000	0.982000	-0.180000	192.000000	0.000000	0.000000	0.000000	0.000000	0.000000	0.000000	0.000000	0.000000	0.000000	1741889945.212756	0.000000
154.000000	32944.504374	5700.052464	-41996.223270	-8071.796068	-25710.943426	-25567.601689	-15984.514771	22103.930665	-2349.101287	-752.493829	-17666.394134	63039.787178	-20045.335000	-30416.745593	6864.600702	7535.197739	-0.010000	0.982000	-0.180000	192.000000	0.000000	0.000000	0.000000	0.000000	0.000000	0.000000	0.000000	0.000000	0.000000	1741889945.212874	0.000000
156.000000	32942.537420	5692.318760	-41995.865643	-8075.260589	-25728.333083	-25574.821302	-16001.971483	22093.559455	-2362.355871	-760.518105	-17677.570007	63042.156463	-20058.857806	-30427.027396	6848.887426	7526.257041	-0.010000	0.982000	-0.180000	192.000000	0.000000	0.000000	0.000000	0.000000	0.000000	0.000000	0.000000	0.000000	0.000000	1741889945.212958	0.000000
158.000000	32945.040815	5703.606391	-41988.735436	-8060.463734	-25724.332121	-25558.415122	-15997.635245	22105.160010	-2355.717403	-746.592968	-17667.511722	63049.867815	-20049.112445	-30413.571645	6857.470495	7539.064591	-0.004000	0.980000	-0.176000	192.000000	127.500000	112.000000	15.000000	80.000000	125.000000	64.000000	0.000000	0.000000	0.000000	1741889945.213050	0.000000
160.000000	32969.717141	5716.480996	-41963.254447	-8047.298556	-25708.417679	-25542.835956	-15984.291254	22118.928685	-2349.190694	-735.193579	-17660.202701	63062.161274	-20039.322381	-30401.479352	6867.819353	7551.536864	-0.004000	0.980000	-0.176000	192.000000	0.000000	0.000000	0.000000	0.000000	0.000000	0.000000	0.000000	0.000000	0.000000	1741889945.213135	0.000000
162.000000	32955.747301	5698.733711	-41980.912325	-8069.069155	-25717.894819	-25564.003058	-15992.583751	22100.868476	-2334.930281	-730.477361	-17650.859672	63066.385754	-20024.905506	-30394.907939	6875.396594	7555.314309	-0.004000	0.980000	-0.176000	192.000000	0.000000	0.000000	0.000000	0.000000	0.000000	0.000000	0.000000	0.000000	0.000000	1741889945.213214	0.000000
164.000000	32949.421757	5696.699702	-41977.671323	-8068.890341	-25711.613978	-25566.148825	-15987.487553	22099.862647	-2350.777668	-756.338329	-17664.494236	63036.613230	-20044.038599	-30419.383099	6861.471458	7532.873158	-0.004000	0.980000	-0.176000	192.000000	0.000000	0.000000	0.000000	0.000000	0.000000	0.000000	0.000000	0.000000	0.000000	1741889945.213295	0.000000
166.000000	32931.450955	5684.070967	-41989.920079	-8079.440365	-25711.859848	-25571.915575	-15985.453544	22096.509885	-2349.861246	-758.886428	-17666.572948	63037.261431	-20041.736369	-30419.561913	6867.193504	7536.337678	-0.004000	0.980000	-0.176000	192.000000	0.000000	0.000000	0.000000	0.000000	0.000000	0.000000	0.000000	0.000000	0.000000	1741889945.272749	0.000000
168.000000	32963.123377	5684.897981	-41990.702390	-8083.687196	-25714.363243	-25574.486026	-15988.806306	22092.285406	-2357.349081	-760.428698	-17669.210454	63031.382922	-20044.753855	-30423.764041	6860.487981	7526.949945	-0.010000	0.970000	-0.172000	192.000000	127.500000	88.000000	15.000000	40.000000	125.000000	80.000000	0.000000	0.000000	0.000000	1741889945.272831	0.000000
170.000000	32940.391653	5685.322664	-42004.448712	-8091.309141	-25722.991016	-25584.298442	-15996.204733	22082.182417	-2355.829162	-760.227532	-17673.233768	63031.919364	-20047.369009	-30427.183858	6854.028327	7520.557346	-0.010000	0.970000	-0.172000	192.000000	0.000000	0.000000	0.000000	0.000000	0.000000	0.000000	0.000000	0.000000	0.000000	1741889945.272914	0.000000
172.000000	32956.149632	5704.165185	-41994.926869	-8080.513249	-25715.994920	-25577.771733	-15988.314568	22090.519618	-2367.921456	-763.312073	-17680.431030	63022.151652	-20050.587660	-30434.872858	6844.417077	7514.410617	-0.010000	0.970000	-0.172000	192.000000	0.000000	0.000000	0.000000	0.000000	0.000000	0.000000	0.000000	0.000000	0.000000	1741889945.272987	0.000000
174.000000	32964.576240	5723.007706	-41980.889974	-8064.285882	-25703.209722	-25563.734837	-15972.914216	22106.188191	-2344.854456	-742.971986	-17657.766361	63052.706486	-20038.316552	-30415.471544	6866.768821	7535.734181	-0.010000	0.970000	-0.172000	192.000000	0.000000	0.000000	0.000000	0.000000	0.000000	0.000000	0.000000	0.000000	0.000000	1741889945.273060	0.000000
176.000000	32966.118510	5714.134063	-41979.481814	-8069.650301	-25703.522647	-25565.858253	-15973.562416	22104.288292	-2344.407421	-744.782477	-17659.308631	63034.601573	-20038.271849	-30415.270378	6870.814487	7539.578681	-0.010000	0.970000	-0.172000	192.000000	0.000000	0.000000	0.000000	0.000000	0.000000	0.000000	0.000000	0.000000	0.000000	1741889945.273159	0.000000
178.000000	32943.655007	5692.296409	-41994.479834	-8078.970978	-25714.877333	-25574.933061	-15984.626530	22096.688699	-2348.050755	-757.142992	-17667.936405	63036.345009	-20040.708189	-30423.629930	6863.863094	7534.795408	-0.006000	0.966000	-0.174000	192.000000	127.500000	104.000000	15.000000	24.000000	125.000000	72.000000	0.000000	0.000000	0.000000	1741889945.273246	0.000000
180.000000	32965.693827	5725.466397	-41979.057131	-8065.314062	-25696.839475	-25557.833976	-15966.231044	22114.793612	-2351.939959	-748.001128	-17664.985974	63033.282820	-20032.929782	-30418.533733	6866.969987	7540.919786	-0.006000	0.966000	-0.174000	192.000000	0.000000	0.000000	0.000000	0.000000	0.000000	0.000000	0.000000	0.000000	0.000000	1741889945.273343	0.000000
182.000000	32937.575333	5699.940705	-41992.155253	-8085.832964	-25712.686862	-25574.821302	-15982.950149	22097.292196	-2349.324804	-752.896160	-17663.153131	63044.078713	-20032.192174	-30420.366576	6869.607493	7539.556329	-0.006000	0.966000	-0.174000	192.000000	0.000000	0.000000	0.000000	0.000000	0.000000	0.000000	0.000000	0.000000	0.000000	1741889945.332627	0.000000
184.000000	32949.220592	5712.725903	-41989.540099	-8078.568647	-25708.529438	-25564.293631	-15975.819942	22102.343691	-2363.786383	-763.736756	-17678.352318	63019.067111	-20045.111483	-30432.034186	6853.983623	7525.094751	-0.006000	0.966000	-0.174000	192.000000	0.000000	0.000000	0.000000	0.000000	0.000000	0.000000	0.000000	0.000000	0.000000	1741889945.332731	0.000000
186.000000	32954.428548	5711.809482	-41989.093064	-8078.590998	-25707.590664	-25560.516186	-15975.596425	22103.416574	-2351.448220	-742.435544	-17662.080248	63043.721085	-20036.215488	-30411.202361	6866.835876	7538.841073	-0.006000	0.966000	-0.174000	192.000000	0.000000	0.000000	0.000000	0.000000	0.000000	0.000000	0.000000	0.000000	0.000000	1741889945.332811	0.000000
188.000000	32938.022368	5706.780339	-41997.005581	-8081.899057	-25709.669377	-25560.784407	-15978.971538	22100.644958	-2352.454049	-751.555056	-17669.948062	63020.654085	-20039.277677	-30415.963282	6860.420926	7532.113198	-0.004000	0.964000	-0.174000	192.000000	127.500000	112.000000	15.000000	16.000000	125.000000	72.000000	0.000000	0.000000	0.000000	1741889945.332890	0.000000
190.000000	32929.662815	5701.818252	-42000.313640	-8087.084661	-25707.478906	-25565.366514	-15970.813152	22102.410746	-2366.602703	-755.623073	-17676.698289	63033.372227	-20042.563384	-30419.025471	6860.756202	7530.235652	-0.004000	0.964000	-0.174000	192.000000	0.000000	0.000000	0.000000	0.000000	0.000000	0.000000	0.000000	0.000000	0.000000	1741889945.332971	0.000000
192.000000	32939.207010	5712.502386	-41998.391390	-8078.948626	-25707.948292	-25561.633773	-15968.510922	22106.724633	-2366.423889	-752.113849	-17678.642890	63023.783329	-20040.998762	-30420.344224	6863.013728	7530.570928	-0.004000	0.964000	-0.174000	192.000000	0.000000	0.000000	0.000000	0.000000	0.000000	0.000000	0.000000	0.000000	0.000000	1741889945.333044	0.000000
194.000000	32926.175943	5694.285714	-42004.694582	-8092.583191	-25719.995883	-25573.457846	-15982.704280	22096.733403	-2371.140107	-754.572541	-17681.190989	63040.077751	-20056.220300	-30424.635759	6860.867961	7530.615631	-0.004000	0.964000	-0.174000	192.000000	0.000000	0.000000	0.000000	0.000000	0.000000	0.000000	0.000000	0.000000	0.000000	1741889945.333118	0.000000
196.000000	32931.719176	5697.034979	-41999.039590	-8086.838792	-25707.300092	-25565.768846	-15971.908387	22108.803345	-2377.130375	-766.463669	-17690.981053	63013.300361	-20055.929727	-30434.537582	6857.850475	7526.525262	-0.004000	0.964000	-0.174000	192.000000	0.000000	0.000000	0.000000	0.000000	0.000000	0.000000	0.000000	0.000000	0.000000	1741889945.392923	0.000000
198.000000	32928.768746	5692.139946	-42002.593518	-8098.998141	-25720.621731	-25574.977764	-15987.487553	22100.980234	-2367.519124	-761.300416	-17682.621501	63023.202184	-20047.614878	-30432.213000	6859.146876	7530.794445	-0.004000	0.970000	-0.170000	192.000000	127.500000	112.000000	15.000000	40.000000	125.000000	88.000000	0.000000	0.000000	0.000000	1741889945.393029	0.000000
200.000000	32933.887295	5704.053426	-41995.910346	-8090.348016	-25703.165019	-25564.897128	-15971.126076	22113.251342	-2370.178982	-754.729003	-17682.867370	63010.618152	-20050.408846	-30433.129422	6852.419001	7526.659373	-0.004000	0.970000	-0.170000	192.000000	0.000000	0.000000	0.000000	0.000000	0.000000	0.000000	0.000000	0.000000	0.000000	1741889945.393125	0.000000
202.000000	32931.160382	5689.435385	-41995.999753	-8101.792109	-25715.369071	-25574.709544	-15985.967634	22103.707147	-2361.908837	-740.915625	-17675.960681	63028.991285	-20041.825776	-30428.100279	6859.415097	7531.196777	-0.004000	0.970000	-0.170000	192.000000	0.000000	0.000000	0.000000	0.000000	0.000000	0.000000	0.000000	0.000000	0.000000	1741889945.393220	0.000000
204.000000	32929.104022	5690.284752	-42001.386523	-8100.003970	-25713.379766	-25573.346087	-15985.900579	22105.629397	-2362.311168	-750.236303	-17683.046184	63017.234268	-20049.782997	-30437.532716	6845.199388	7523.552480	-0.004000	0.970000	-0.170000	192.000000	0.000000	0.000000	0.000000	0.000000	0.000000	0.000000	0.000000	0.000000	0.000000	1741889945.393303	0.000000
206.000000	32938.536458	5696.163260	-41992.758750	-8093.901943	-25702.293301	-25562.036104	-15972.333070	22120.269790	-2357.013805	-740.826218	-17677.637062	63023.023370	-20042.764550	-30427.876762	6850.250882	7532.694344	-0.003000	0.970000	-0.169000	192.000000	127.500000	120.000000	15.000000	40.000000	125.000000	96.000000	0.000000	0.000000	0.000000	1741889945.393382	0.000000
208.000000	32919.895103	5683.936856	-42012.472989	-8100.562763	-25706.696595	-25565.053590	-15973.450658	22119.018092	-2362.400575	-748.671681	-17686.398946	63014.395596	-20051.034695	-30428.614369	6851.301414	7535.980050	-0.003000	0.970000	-0.169000	192.000000	0.000000	0.000000	0.000000	0.000000	0.000000	0.000000	0.000000	0.000000	0.000000	1741889945.393468	0.000000
210.000000	32932.143859	5683.489821	-42007.846178	-8102.999103	-25710.228170	-25569.568642	-15978.010413	22112.513734	-2361.461802	-750.660986	-17690.668129	63012.965085	-20056.130893	-30429.486087	6846.294623	7534.571890	-0.003000	0.970000	-0.169000	192.000000	0.000000	0.000000	0.000000	0.000000	0.000000	0.000000	0.000000	0.000000	0.000000	1741889945.393547	0.000000
212.000000	32935.787193	5697.616124	-42006.326259	-8087.218772	-25701.801563	-25556.984610	-15967.885073	22123.644903	-2357.214970	-748.246997	-17689.215265	63018.351855	-20056.443817	-30426.312140	6851.837856	7537.812893	-0.003000	0.970000	-0.169000	192.000000	0.000000	0.000000	0.000000	0.000000	0.000000	0.000000	0.000000	0.000000	0.000000	1741889945.453159	0.000000
214.000000	32947.946542	5701.013589	-41989.294230	-8080.222676	-25689.597510	-25553.050703	-15955.211634	22128.472880	-2344.027441	-736.154704	-17677.458248	63032.142881	-20043.949192	-30412.766983	6865.137144	7551.223940	-0.003000	0.970000	-0.169000	192.000000	0.000000	0.000000	0.000000	0.000000	0.000000	0.000000	0.000000	0.000000	0.000000	1741889945.453243	0.000000
216.000000	32926.868847	5688.138984	-42000.604212	-8090.325664	-25700.907493	-25565.902956	-15969.025012	22113.787784	-2346.620243	-743.039041	-17678.598187	63036.814396	-20045.290297	-30415.493895	6864.444240	7549.145228	-0.003500	0.968000	-0.171500	192.000000	127.500000	112.000000	15.000000	24.000000	125.000000	72.000000	0.000000	0.000000	0.000000	1741889945.453316	0.000000
218.000000	32936.748318	5691.849374	-41988.936602	-8084.022472	-25699.745202	-25560.292668	-15967.192169	22120.560362	-2346.553188	-746.615320	-17681.392155	63023.179832	-20052.241689	-30422.713509	6860.130353	7546.194797	-0.003500	0.968000	-0.171500	192.000000	0.000000	0.000000	0.000000	0.000000	0.000000	0.000000	0.000000	0.000000	0.000000	1741889945.453395	0.000000
220.000000	32931.160382	5690.821194	-41991.842329	-8081.429670	-25697.912359	-25558.079846	-15961.894806	22123.041406	-2340.339403	-738.255768	-17674.329004	63038.758998	-20049.335962	-30413.392831	6865.740641	7553.056783	-0.003500	0.968000	-0.171500	192.000000	0.000000	0.000000	0.000000	0.000000	0.000000	0.000000	0.000000	0.000000	0.000000	1741889945.453495	0.000000
222.000000	32934.356682	5686.328493	-41988.981305	-8086.168240	-25703.321481	-25562.416084	-15968.577977	22117.766394	-2342.999261	-741.072087	-17677.257082	63025.862041	-20049.090093	-30412.990500	6861.493809	7548.787600	-0.003500	0.968000	-0.171500	192.000000	0.000000	0.000000	0.000000	0.000000	0.000000	0.000000	0.000000	0.000000	0.000000	1741889945.453578	0.000000
224.000000	32920.722118	5680.941723	-41996.200919	-8089.319836	-25706.450725	-25564.584203	-15968.868550	22115.330054	-2343.535703	-741.005032	-17677.078268	63037.127320	-20050.408846	-30416.432669	6857.269330	7545.077210	-0.003500	0.968000	-0.171500	192.000000	0.000000	0.000000	0.000000	0.000000	0.000000	0.000000	0.000000	0.000000	0.000000	1741889945.453669	0.000000
226.000000	32924.633673	5681.969903	-41991.104721	-8083.620141	-25703.209722	-25560.426779	-15967.080410	22119.353368	-2337.165455	-744.894236	-17676.184198	63024.163309	-20047.279602	-30415.069212	6858.185751	7547.915882	-0.002750	0.968000	-0.172750	192.000000	127.500000	120.000000	15.000000	32.000000	125.000000	72.000000	0.000000	0.000000	0.000000	1741889945.513449	0.000000
228.000000	32908.428658	5669.408222	-41999.531329	-8088.157545	-25706.651891	-25563.488968	-15970.746096	22114.771261	-2346.463781	-749.096364	-17682.979129	63037.440245	-20045.737332	-30414.957454	6857.179923	7549.324042	-0.002750	0.968000	-0.172750	192.000000	0.000000	0.000000	0.000000	0.000000	0.000000	0.000000	0.000000	0.000000	0.000000	1741889945.513556	0.000000
230.000000	32908.294548	5668.111821	-41991.283535	-8083.866010	-25691.206836	-25554.414160	-15958.139713	22125.410691	-2347.044927	-756.114811	-17684.364937	63015.870811	-20055.885024	-30417.930236	6858.163399	7552.408582	-0.002750	0.968000	-0.172750	192.000000	0.000000	0.000000	0.000000	0.000000	0.000000	0.000000	0.000000	0.000000	0.000000	1741889945.513637	0.000000
232.000000	32907.892216	5668.067118	-41986.857890	-8081.250856	-25685.060106	-25551.620192	-15954.116399	22128.718749	-2347.938996	-752.359718	-17681.503914	63031.047646	-20046.676105	-30412.632872	6866.567655	7558.331795	-0.002750	0.968000	-0.172750	192.000000	0.000000	0.000000	0.000000	0.000000	0.000000	0.000000	0.000000	0.000000	0.000000	1741889945.513719	0.000000
234.000000	32897.744524	5660.042841	-41996.938526	-8091.532659	-25700.482810	-25566.037067	-15972.221312	22113.787784	-2341.635804	-750.146896	-17675.357184	63024.342123	-20040.238802	-30410.196532	6869.629844	7559.047050	-0.002750	0.968000	-0.172750	192.000000	0.000000	0.000000	0.000000	0.000000	0.000000	0.000000	0.000000	0.000000	0.000000	1741889945.513794	0.000000
236.000000	32888.468550	5649.224597	-42000.604212	-8097.254705	-25703.075612	-25571.312078	-15970.477876	22112.245513	-2360.835953	-765.726062	-17697.351300	63020.788195	-20057.919032	-30430.670730	6852.642519	7538.282280	-0.002375	0.971000	-0.170375	192.000000	127.500000	120.000000	15.000000	56.000000	125.000000	96.000000	0.000000	0.000000	0.000000	1741889945.513868	0.000000
238.000000	32903.108943	5663.596769	-41983.952163	-8078.032205	-25690.849208	-25555.934078	-15953.870529	22129.746929	-2353.683395	-753.589064	-17686.890684	63012.495698	-20045.312648	-30415.963282	6869.853362	7554.688460	-0.002375	0.971000	-0.170375	192.000000	0.000000	0.000000	0.000000	0.000000	0.000000	0.000000	0.000000	0.000000	0.000000	1741889945.513948	0.000000
240.000000	32909.054507	5662.143905	-41979.012427	-8076.221714	-25692.302071	-25558.213956	-15953.065867	22127.779976	-2344.742697	-750.303358	-17681.682728	63030.287687	-20048.754817	-30412.945797	6871.574446	7556.409545	-0.002375	0.971000	-0.170375	192.000000	0.000000	0.000000	0.000000	0.000000	0.000000	0.000000	0.000000	0.000000	0.000000	1741889945.514022	0.000000
242.000000	32897.051620	5653.359670	-41991.730570	-8084.000121	-25704.237903	-25562.751360	-15963.012393	22118.325188	-2349.525970	-751.912683	-17687.941216	63013.479175	-20049.090093	-30412.275244	6862.387879	7550.866312	-0.002375	0.971000	-0.170375	192.000000	0.000000	0.000000	0.000000	0.000000	0.000000	0.000000	0.000000	0.000000	0.000000	1741889945.575104	0.000000
244.000000	32881.494806	5643.614309	-42001.051247	-8092.583191	-25715.972569	-25572.407314	-15975.931701	22103.818906	-2355.672700	-751.577407	-17691.517495	63025.280896	-20055.437989	-30411.962320	6854.028327	7546.731239	-0.002375	0.971000	-0.170375	192.000000	0.000000	0.000000	0.000000	0.000000	0.000000	0.000000	0.000000	0.000000	0.000000	1741889945.575211	0.000000
246.000000	32890.055524	5653.516132	-42006.683887	-8091.555010	-25716.687824	-25569.412180	-15975.663480	22106.232894	-2371.989473	-766.217800	-17706.917847	63007.868887	-20068.245538	-30425.082794	6835.364620	7531.107370	-0.002188	0.971500	-0.169187	192.000000	127.500000	120.000000	15.000000	48.000000	125.000000	96.000000	0.000000	0.000000	0.000000	1741889945.575303	0.000000
248.000000	32891.351925	5643.502551	-42005.342782	-8099.311066	-25723.616865	-25577.101180	-15985.475896	22097.649824	-2347.938996	-758.618207	-17693.193876	63029.639486	-20057.874329	-30418.712547	6842.383068	7537.857597	-0.002188	0.971500	-0.169187	192.000000	0.000000	0.000000	0.000000	0.000000	0.000000	0.000000	0.000000	0.000000	0.000000	1741889945.575393	0.000000
250.000000	32884.266422	5646.452981	-42000.112474	-8091.800879	-25709.557618	-25565.299459	-15972.668346	22111.373795	-2360.947712	-769.324692	-17702.671016	63015.155556	-20059.304840	-30425.999215	6840.505521	7535.734181	-0.002188	0.971500	-0.169187	192.000000	0.000000	0.000000	0.000000	0.000000	0.000000	0.000000	0.000000	0.000000	0.000000	1741889945.575473	0.000000
252.000000	32879.170225	5634.293632	-42001.274765	-8103.043807	-25714.430298	-25575.938889	-15977.004585	22102.634263	-2359.919531	-772.275123	-17700.078213	63021.838727	-20051.392323	-30425.105146	6853.178960	7539.913957	-0.002188	0.971500	-0.169187	192.000000	0.000000	0.000000	0.000000	0.000000	0.000000	0.000000	0.000000	0.000000	0.000000	1741889945.575551	0.000000
254.000000	32878.253803	5637.065248	-41998.458445	-8092.426728	-25705.981339	-25566.506453	-15968.063887	22110.144449	-2368.547305	-780.344102	-17706.895495	63010.014654	-20064.848073	-30429.441384	6852.284891	7537.745838	-0.002188	0.971500	-0.169187	192.000000	0.000000	0.000000	0.000000	0.000000	0.000000	0.000000	0.000000	0.000000	0.000000	1741889945.575628	0.000000
0.000000	32883.238242	5635.232405	-41994.837462	-8091.689121	-25714.854981	-25573.033163	-15979.977367	22102.544856	-2364.814563	-779.137108	-17703.274513	63015.312018	-20060.087152	-30424.948683	6855.704708	7539.399867	-0.003094	0.969750	-0.168594	192.000000	127.500000	112.000000	15.000000	32.000000	125.000000	96.000000	0.000000	0.000000	0.000000	1741889945.633140	0.000000
2.000000	32883.506463	5644.083696	-41992.781102	-8085.542391	-25707.814182	-25565.165349	-15969.941434	22112.178458	-2357.773764	-775.091442	-17694.445574	63020.788195	-20054.700381	-30418.600788	6860.510333	7541.880911	-0.003094	0.969750	-0.168594	192.000000	0.000000	0.000000	0.000000	0.000000	0.000000	0.000000	0.000000	0.000000	0.000000	1741889945.633242	0.000000
4.000000	32882.455931	5636.953489	-41995.955050	-8098.081720	-25713.558580	-25577.056477	-15974.970576	22103.036595	-2360.724194	-773.616227	-17695.607864	63018.351855	-20056.086189	-30418.377271	6859.683318	7538.751666	-0.003094	0.969750	-0.168594	192.000000	0.000000	0.000000	0.000000	0.000000	0.000000	0.000000	0.000000	0.000000	0.000000	1741889945.633316	0.000000
6.000000	32888.155626	5645.380097	-42001.475930	-8095.377159	-25708.395327	-25572.407314	-15969.248530	22109.585656	-2365.485116	-777.818355	-17701.151097	63016.049625	-20055.102713	-30427.139154	6852.016670	7529.051009	-0.003094	0.969750	-0.168594	192.000000	0.000000	0.000000	0.000000	0.000000	0.000000	0.000000	0.000000	0.000000	0.000000	1741889945.633387	0.000000
8.000000	32890.591966	5637.177007	-42007.555605	-8106.351865	-25723.393348	-25580.677459	-15983.039556	22102.030766	-2357.058508	-770.688149	-17692.948007	63019.447091	-20052.018172	-30422.445288	6852.419001	7534.393076	-0.003094	0.969750	-0.168594	192.000000	0.000000	0.000000	0.000000	0.000000	0.000000	0.000000	0.000000	0.000000	0.000000	1741889945.633496	0.000000
10.000000	32890.681373	5640.865045	-42008.069695	-8097.366464	-25718.855944	-25577.749381	-15982.078431	22105.942322	-2359.517200	-777.326617	-17698.580646	63018.597724	-20065.853902	-30429.128460	6842.047792	7528.223995	-0.003547	0.970875	-0.170297	192.000000	127.500000	112.000000	15.000000	48.000000	125.000000	80.000000	0.000000	0.000000	0.000000	1741889945.633581	0.000000
12.000000	32903.600681	5647.458809	-41990.031837	-8085.698853	-25708.708252	-25569.255718	-15971.103724	22115.911200	-2353.549284	-773.079785	-17686.667167	63017.010750	-20051.168806	-30423.562875	6849.759144	7543.490236	-0.003547	0.970875	-0.170297	192.000000	0.000000	0.000000	0.000000	0.000000	0.000000	0.000000	0.000000	0.000000	0.000000	1741889945.633679	0.000000
14.000000	32892.938899	5643.457847	-41995.597422	-8082.346092	-25710.719909	-25571.267375	-15975.685832	22112.021996	-2354.152781	-773.504469	-17687.293015	63029.527727	-20053.024000	-30422.668805	6852.150780	7547.781771	-0.003547	0.970875	-0.170297	192.000000	0.000000	0.000000	0.000000	0.000000	0.000000	0.000000	0.000000	0.000000	0.000000	1741889945.633762	0.000000
16.000000	32896.962213	5645.514208	-41984.443901	-8077.831039	-25705.176676	-25571.714410	-15972.020146	22112.133755	-2352.118773	-769.436451	-17687.404774	63019.491794	-20049.313611	-30419.673672	6855.347080	7549.368745	-0.003547	0.970875	-0.170297	192.000000	0.000000	0.000000	0.000000	0.000000	0.000000	0.000000	0.000000	0.000000	0.000000	1741889945.692901	0.000000
18.000000	32883.439408	5641.803818	-41987.439035	-8074.210057	-25705.646063	-25569.121607	-15968.242701	22113.966598	-2358.779592	-773.951504	-17692.299806	63025.705579	-20050.744122	-30425.261608	6859.660966	7547.670012	-0.003547	0.970875	-0.170297	192.000000	0.000000	0.000000	0.000000	0.000000	0.000000	0.000000	0.000000	0.000000	0.000000	1741889945.693018	0.000000
20.000000	32898.683297	5646.296519	-41977.425453	-8070.745536	-25704.528475	-25566.662916	-15969.427344	22109.630359	-2347.581368	-766.843649	-17679.469905	63015.960218	-20041.781073	-30413.370480	6871.283873	7560.008175	-0.005773	0.972437	-0.170148	192.000000	127.500000	96.000000	15.000000	56.000000	125.000000	88.000000	0.000000	0.000000	0.000000	1741889945.693114	0.000000
22.000000	32908.093382	5651.504475	-41975.749073	-8077.026376	-25706.562484	-25564.718314	-15967.795666	22115.374758	-2345.748525	-765.636655	-17678.329966	63029.952410	-20053.292221	-30415.091564	6863.974853	7549.547559	-0.005773	0.972437	-0.170148	192.000000	0.000000	0.000000	0.000000	0.000000	0.000000	0.000000	0.000000	0.000000	0.000000	1741889945.693170	0.000000
24.000000	32902.974832	5645.625966	-41979.638276	-8097.679388	-25708.998824	-25575.558910	-15973.204788	22109.362138	-2335.533778	-762.641521	-17670.708021	63021.168175	-20044.798558	-30415.672709	6864.108964	7546.932405	-0.005773	0.972437	-0.170148	192.000000	0.000000	0.000000	0.000000	0.000000	0.000000	0.000000	0.000000	0.000000	0.000000	1741889945.693219	0.000000
26.000000	32903.645385	5644.866007	-41994.032799	-8103.803766	-25714.765574	-25575.603613	-15977.742192	22106.277598	-2349.727136	-781.595800	-17689.461135	63007.354797	-20053.828663	-30434.202306	6847.635728	7527.307573	-0.005773	0.972437	-0.170148	192.000000	0.000000	0.000000	0.000000	0.000000	0.000000	0.000000	0.000000	0.000000	0.000000	1741889945.693272	0.000000
28.000000	32900.940824	5644.955414	-41992.512881	-8092.493784	-25707.992996	-25569.166311	-15971.148428	22111.373795	-2338.908892	-769.771727	-17682.755611	63001.520992	-20041.646962	-30417.326739	6852.217835	7540.740972	-0.005773	0.972437	-0.170148	192.000000	0.000000	0.000000	0.000000	0.000000	0.000000	0.000000	0.000000	0.000000	0.000000	1741889945.693321	0.000000
30.000000	32904.137123	5643.614309	-41993.876337	-8084.916542	-25713.200952	-25572.317907	-15972.198960	22111.373795	-2337.836008	-772.096309	-17684.364937	63016.004922	-20044.060951	-30417.930236	6848.976833	7538.952832	-0.006887	0.974219	-0.169074	192.000000	127.500000	96.000000	15.000000	64.000000	125.000000	96.000000	0.000000	0.000000	0.000000	1741889945.754500	0.000000
32.000000	32902.639556	5653.426725	-41987.796663	-8073.740670	-25713.625635	-25569.054552	-15975.462315	22111.060871	-2342.619281	-772.208067	-17681.168637	63015.803756	-20056.019134	-30413.415183	6849.133295	7544.093733	-0.006887	0.974219	-0.169074	192.000000	0.000000	0.000000	0.000000	0.000000	0.000000	0.000000	0.000000	0.000000	0.000000	1741889945.754595	0.000000
34.000000	32905.522931	5649.693984	-41983.840404	-8071.192571	-25718.386557	-25572.340259	-15980.066774	22105.607045	-2340.540569	-769.861134	-17675.513646	63031.695847	-20052.621669	-30411.135305	6854.296548	7550.575739	-0.006887	0.974219	-0.169074	192.000000	0.000000	0.000000	0.000000	0.000000	0.000000	0.000000	0.000000	0.000000	0.000000	1741889945.754656	0.000000
36.000000	32909.523894	5654.097277	-41981.426416	-8064.598806	-25716.106679	-25568.026372	-15981.251416	22107.395185	-2337.165455	-768.117698	-17670.976242	63027.605477	-20051.548785	-30408.721317	6854.318899	7551.827437	-0.006887	0.974219	-0.169074	192.000000	0.000000	0.000000	0.000000	0.000000	0.000000	0.000000	0.000000	0.000000	0.000000	1741889945.754718	0.000000
38.000000	32904.360641	5646.900016	-41974.296209	-8067.303368	-25714.363243	-25567.355820	-15978.882131	22109.004511	-2343.312185	-770.263466	-17674.887797	63032.612268	-20050.811178	-30411.247064	6854.609472	7550.978071	-0.006887	0.974219	-0.169074	192.000000	0.000000	0.000000	0.000000	0.000000	0.000000	0.000000	0.000000	0.000000	0.000000	1741889945.754772	0.000000
40.000000	32902.416039	5648.442286	-41972.552773	-8070.298501	-25714.296188	-25569.188663	-15979.932663	22107.059909	-2342.731040	-773.169192	-17674.708983	63018.240096	-20047.011381	-30413.348128	6857.716365	7552.721507	-0.006443	0.972109	-0.169537	192.000000	127.500000	104.000000	15.000000	40.000000	125.000000	88.000000	0.000000	0.000000	0.000000	1741889945.754825	0.000000
42.000000	32908.987452	5650.118667	-41966.383692	-8077.629873	-25713.424470	-25570.574471	-15974.545893	22108.177496	-2336.651365	-775.113794	-17668.674012	63023.939791	-20036.774282	-30416.835000	6860.532684	7552.900321	-0.006443	0.972109	-0.169537	192.000000	0.000000	0.000000	0.000000	0.000000	0.000000	0.000000	0.000000	0.000000	0.000000	1741889945.754882	0.000000
44.000000	32899.040925	5649.761039	-41986.701427	-8085.676501	-25721.158173	-25573.055514	-15978.323338	22104.712976	-2344.161551	-779.360626	-17678.866408	63017.703654	-20056.846149	-30419.450154	6849.625033	7543.937271	-0.006443	0.972109	-0.169537	192.000000	0.000000	0.000000	0.000000	0.000000	0.000000	0.000000	0.000000	0.000000	0.000000	1741889945.754931	0.000000
46.000000	32902.885425	5643.390792	-41986.924945	-8090.884458	-25721.247580	-25575.201282	-15978.368041	22102.790726	-2344.005089	-774.063262	-17676.921806	63018.731835	-20055.683858	-30417.952587	6843.411248	7539.243405	-0.006443	0.972109	-0.169537	192.000000	0.000000	0.000000	0.000000	0.000000	0.000000	0.000000	0.000000	0.000000	0.000000	1741889945.813438	0.000000
48.000000	32906.729925	5658.075888	-41989.003657	-8084.290693	-25710.854019	-25564.204224	-15965.292271	22114.279522	-2342.038136	-773.169192	-17675.848922	63019.670608	-20052.711076	-30418.131401	6843.098324	7536.829416	-0.006443	0.972109	-0.169537	192.000000	0.000000	0.000000	0.000000	0.000000	0.000000	0.000000	0.000000	0.000000	0.000000	1741889945.813525	0.000000
50.000000	32900.225568	5637.422876	-41997.854948	-8097.455871	-25728.087214	-25585.952471	-15986.772297	22092.285406	-2345.323842	-775.650236	-17677.346489	63026.867870	-20050.051218	-30421.685329	6842.316013	7533.744876	-0.006222	0.971055	-0.169769	192.000000	127.500000	104.000000	15.000000	40.000000	125.000000	88.000000	0.000000	0.000000	0.000000	1741889945.813573	0.000000
52.000000	32900.493789	5645.491856	-41996.692657	-8082.904885	-25721.627560	-25578.039953	-15978.233931	22101.851952	-2347.983700	-779.718254	-17680.922768	63018.083634	-20058.388419	-30426.289788	6840.840798	7532.850806	-0.006222	0.971055	-0.169769	192.000000	0.000000	0.000000	0.000000	0.000000	0.000000	0.000000	0.000000	0.000000	0.000000	1741889945.813638	0.000000
54.000000	32908.249844	5648.241120	-41985.740302	-8078.076908	-25725.047377	-25579.962203	-15983.486591	22097.471010	-2353.705746	-780.634675	-17683.694385	63016.004922	-20054.275698	-30426.200381	6840.818446	7532.962565	-0.006222	0.971055	-0.169769	192.000000	0.000000	0.000000	0.000000	0.000000	0.000000	0.000000	0.000000	0.000000	0.000000	1741889945.813701	0.000000
56.000000	32917.794039	5662.188609	-41974.407968	-8066.230484	-25714.564409	-25570.127436	-15975.395259	22107.864572	-2339.422982	-765.346082	-17667.332908	63033.819262	-20055.505044	-30414.175143	6849.110943	7543.333774	-0.006222	0.971055	-0.169769	192.000000	0.000000	0.000000	0.000000	0.000000	0.000000	0.000000	0.000000	0.000000	0.000000	1741889945.813761	0.000000
58.000000	32920.476248	5644.195455	-41965.154346	-8075.685272	-25716.419603	-25582.577358	-15979.463277	22101.695490	-2337.970118	-771.470460	-17660.336812	63034.311001	-20046.743160	-30422.087660	6855.660004	7546.597129	-0.006222	0.971055	-0.169769	192.000000	0.000000	0.000000	0.000000	0.000000	0.000000	0.000000	0.000000	0.000000	0.000000	1741889945.813817	0.000000
60.000000	32919.045737	5649.984556	-41965.199049	-8070.410260	-25716.151382	-25576.922366	-15978.815076	22104.556513	-2333.544473	-777.304265	-17659.375687	63036.300306	-20042.831605	-30428.212038	6853.849513	7543.892568	-0.006111	0.972527	-0.172884	192.000000	127.500000	104.000000	15.000000	56.000000	125.000000	64.000000	0.000000	0.000000	0.000000	1741889945.873700	0.000000
62.000000	32914.530684	5643.815475	-41957.979436	-8071.863123	-25716.486659	-25573.949584	-15980.111477	22107.305778	-2337.165455	-777.438376	-17660.381515	63027.761939	-20042.250459	-30427.653244	6853.536588	7547.446495	-0.006111	0.972527	-0.172884	192.000000	0.000000	0.000000	0.000000	0.000000	0.000000	0.000000	0.000000	0.000000	0.000000	1741889945.873768	0.000000
64.000000	32913.860132	5644.933062	-41963.299151	-8078.143964	-25715.905513	-25567.333468	-15976.937530	22111.709072	-2332.940976	-774.398538	-17658.794541	63035.629754	-20036.126081	-30419.919541	6860.935016	7556.364841	-0.006111	0.972527	-0.172884	192.000000	0.000000	0.000000	0.000000	0.000000	0.000000	0.000000	0.000000	0.000000	0.000000	1741889945.873819	0.000000
66.000000	32919.336309	5653.113801	-41964.103814	-8075.975844	-25717.805412	-25556.872851	-15980.044422	22116.492345	-2338.037174	-777.706597	-17667.109390	63017.055454	-20038.249497	-30419.830134	6854.385955	7552.967376	-0.006111	0.972527	-0.172884	192.000000	0.000000	0.000000	0.000000	0.000000	0.000000	0.000000	0.000000	0.000000	0.000000	1741889945.873870	0.000000
68.000000	32902.706611	5641.625004	-41995.150387	-8091.599714	-25744.247525	-25567.869910	-16004.854859	22100.823772	-2349.369508	-779.315922	-17680.051050	63025.035027	-20051.682896	-30421.081832	6840.974908	7545.703059	-0.006111	0.972527	-0.172884	192.000000	0.000000	0.000000	0.000000	0.000000	0.000000	0.000000	0.000000	0.000000	0.000000	1741889945.873919	0.000000
70.000000	32924.991301	5659.886379	-41981.426416	-8075.126478	-25729.875354	-25557.141072	-15987.912236	22111.753775	-2349.213046	-766.195448	-17677.681765	63018.955352	-20061.428256	-30413.102259	6840.773742	7547.044164	-0.005055	0.974264	-0.173442	192.000000	127.500000	112.000000	15.000000	64.000000	125.000000	72.000000	0.000000	0.000000	0.000000	1741889945.873970	0.000000
72.000000	32904.807675	5636.014716	-42000.894785	-8097.433519	-25744.135767	-25587.315927	-16003.536106	22088.686775	-2349.324804	-772.297474	-17678.352318	63032.478158	-20057.919032	-30420.165410	6844.260614	7545.546597	-0.005055	0.974264	-0.173442	192.000000	0.000000	0.000000	0.000000	0.000000	0.000000	0.000000	0.000000	0.000000	0.000000	1741889945.874025	0.000000
74.000000	32918.755164	5655.483086	-41988.824843	-8080.781469	-25731.663493	-25581.839750	-15991.354405	22095.995795	-2358.265502	-782.042835	-17690.243446	63006.416024	-20064.781018	-30438.337378	6834.247033	7530.928556	-0.005055	0.974264	-0.173442	192.000000	0.000000	0.000000	0.000000	0.000000	0.000000	0.000000	0.000000	0.000000	0.000000	1741889945.874079	0.000000
76.000000	32907.847513	5645.760077	-41988.221346	-8088.738690	-25733.697502	-25594.334375	-15995.601236	22084.283481	-2340.652328	-773.727986	-17675.044259	63037.261431	-20051.302916	-30426.558009	6846.942824	7538.461094	-0.005055	0.974264	-0.173442	192.000000	0.000000	0.000000	0.000000	0.000000	0.000000	0.000000	0.000000	0.000000	0.000000	1741889945.933987	0.000000
78.000000	32912.384917	5646.028298	-41991.328238	-8089.632760	-25735.463290	-25596.815419	-15995.869457	22083.255301	-2353.705746	-793.911611	-17689.438783	63008.740605	-20064.602204	-30448.887402	6830.760161	7518.590393	-0.005055	0.974264	-0.173442	192.000000	0.000000	0.000000	0.000000	0.000000	0.000000	0.000000	0.000000	0.000000	0.000000	1741889945.934085	0.000000
80.000000	32916.005899	5650.990385	-41982.164023	-8086.034129	-25735.150365	-25595.116686	-15992.673158	22086.116324	-2341.233473	-777.863059	-17669.366916	63038.557832	-20048.352486	-30435.498707	6842.807751	7532.046143	-0.005055	0.974264	-0.173442	192.000000	0.000000	0.000000	15.000000	48.000000	125.000000	80.000000	0.000000	0.000000	0.000000	1741889945.934145	0.000000
82.000000	32917.659929	5656.533618	-41982.789872	-8078.211019	-25731.842307	-25586.645375	-15990.549742	22091.212522	-2348.497790	-779.785309	-17673.323175	63022.397521	-20061.607070	-30441.600733	6836.012821	7530.034486	-0.005055	0.974264	-0.173442	192.000000	0.000000	0.000000	0.000000	0.000000	0.000000	0.000000	0.000000	0.000000	0.000000	1741889945.934202	0.000000
84.000000	32926.757089	5662.188609	-41965.959008	-8072.086641	-25721.381691	-25575.067171	-15980.916140	22101.695490	-2331.733982	-760.763974	-17658.682782	63044.011658	-20041.401093	-30422.735861	6850.697917	7548.273510	-0.005055	0.974264	-0.173442	192.000000	0.000000	0.000000	0.000000	0.000000	0.000000	0.000000	0.000000	0.000000	0.000000	1741889945.934257	0.000000
86.000000	32919.671586	5655.974824	-41967.568334	-8072.533676	-25716.307845	-25570.663878	-15973.651823	22108.468069	-2333.253900	-768.162402	-17665.365954	63028.164271	-20042.943364	-30425.529829	6856.263501	7553.973204	-0.005055	0.974264	-0.173442	192.000000	0.000000	0.000000	0.000000	0.000000	0.000000	0.000000	0.000000	0.000000	0.000000	1741889945.934311	0.000000
88.000000	32928.098193	5654.074926	-41963.589724	-8078.009853	-25717.559542	-25574.687192	-15974.925873	22106.009377	-2337.634842	-771.693977	-17666.371783	63030.488852	-20042.585736	-30425.641587	6861.046775	7556.029565	-0.005055	0.974264	-0.173442	192.000000	0.000000	0.000000	0.000000	0.000000	0.000000	0.000000	0.000000	0.000000	0.000000	1741889945.934363	0.000000
90.000000	32914.575388	5651.258606	-41972.753939	-8083.620141	-25718.140688	-25567.199357	-15973.584768	22111.284388	-2335.734944	-770.665797	-17668.696364	63021.704617	-20035.656695	-30424.345186	6859.906836	7555.224902	-0.001528	0.972132	-0.172721	192.000000	0.000000	8.000000	15.000000	40.000000	125.000000	80.000000	0.000000	0.000000	0.000000	1741889945.993375	0.000000
92.000000	32909.300376	5642.921405	-41979.325352	-8095.846545	-25721.493449	-25571.692058	-15977.988062	22105.919970	-2345.279139	-778.086576	-17680.922768	63016.340198	-20034.606163	-30429.731957	6855.101210	7546.954757	-0.001528	0.972132	-0.172721	192.000000	0.000000	0.000000	0.000000	0.000000	0.000000	0.000000	0.000000	0.000000	0.000000	1741889945.993435	0.000000
94.000000	32899.622071	5650.699812	-41990.836500	-8092.851411	-25728.914229	-25566.573509	-15982.257245	22106.456412	-2353.593988	-777.326617	-17685.035489	63009.388806	-20054.163939	-30428.100279	6846.115809	7541.925614	-0.001528	0.972132	-0.172721	192.000000	0.000000	0.000000	0.000000	0.000000	0.000000	0.000000	0.000000	0.000000	0.000000	1741889945.993491	0.000000
96.000000	32917.525818	5654.678423	-41986.120282	-8094.863068	-25736.178545	-25570.261546	-15987.040518	22100.242627	-2356.544418	-775.717291	-17683.627329	63016.563716	-20057.114370	-30425.865105	6840.930205	7539.198701	-0.001528	0.972132	-0.172721	192.000000	0.000000	0.000000	0.000000	0.000000	0.000000	0.000000	0.000000	0.000000	0.000000	1741889945.993550	0.000000
98.000000	32925.013652	5661.272187	-41986.120282	-8083.016644	-25737.162022	-25567.467578	-15988.873361	22100.823772	-2355.091555	-774.487945	-17675.401887	63020.989361	-20062.143512	-30428.100279	6836.392800	7535.175387	-0.001528	0.972132	-0.172721	192.000000	0.000000	0.000000	0.000000	0.000000	0.000000	0.000000	0.000000	0.000000	0.000000	1741889945.993610	0.000000
100.000000	32935.429565	5668.670615	-41967.925962	-8071.438440	-25727.282551	-25566.752323	-15981.497286	22103.461278	-2339.646499	-757.321806	-17661.566158	63037.507300	-20049.425369	-30416.522076	6849.535626	7547.848826	-0.001764	0.968066	-0.173361	192.000000	127.500000	120.000000	15.000000	16.000000	125.000000	72.000000	0.000000	0.000000	0.000000	1741889945.993669	0.000000
102.000000	32914.195408	5666.144868	-41977.760730	-8072.645434	-25729.718891	-25573.279032	-15984.425364	22102.589560	-2342.865150	-758.573503	-17666.036506	63042.379980	-20045.603221	-30420.120707	6850.697917	7551.447457	-0.001764	0.968066	-0.173361	192.000000	0.000000	0.000000	0.000000	0.000000	0.000000	0.000000	0.000000	0.000000	0.000000	1741889945.993730	0.000000
104.000000	32930.422775	5667.620083	-41968.060072	-8072.556027	-25725.092080	-25575.201282	-15980.625568	22106.903447	-2350.531799	-762.932093	-17672.607919	63029.483024	-20051.459378	-30428.815535	6849.423867	7546.910053	-0.001764	0.968066	-0.173361	192.000000	0.000000	0.000000	0.000000	0.000000	0.000000	0.000000	0.000000	0.000000	0.000000	1741889945.993785	0.000000
106.000000	32922.376147	5663.686176	-41979.303000	-8079.775641	-25727.506069	-25582.353840	-15985.364137	22102.209580	-2344.295662	-765.882524	-17669.322213	63030.198280	-20052.040524	-30434.247009	6851.860208	7547.692364	-0.001764	0.968066	-0.173361	192.000000	0.000000	0.000000	0.000000	0.000000	0.000000	0.000000	0.000000	0.000000	0.000000	1741889946.053193	0.000000
108.000000	32915.760030	5643.971937	-41987.707256	-8100.115728	-25734.837441	-25595.809590	-15993.678986	22092.844199	-2349.145991	-770.956370	-17678.218207	63013.613285	-20050.766474	-30439.298503	6845.422905	7541.903262	-0.001764	0.968066	-0.173361	192.000000	0.000000	0.000000	0.000000	0.000000	0.000000	0.000000	0.000000	0.000000	0.000000	1741889946.053261	0.000000
110.000000	32905.187655	5647.525865	-41985.315619	-8100.920391	-25721.895781	-25585.974823	-15986.817001	22103.394223	-2357.550246	-780.187640	-17688.365899	63003.711462	-20054.856843	-30446.741634	6839.253824	7531.956736	-0.001764	0.968066	-0.173361	192.000000	0.000000	0.000000	15.000000	48.000000	125.000000	72.000000	0.000000	0.000000	0.000000	1741889946.053312	0.000000
112.000000	32914.396574	5645.223635	-41980.822919	-8111.939801	-25723.996845	-25590.176951	-15992.226123	22099.795592	-2345.904988	-769.749376	-17684.767268	62994.144916	-20040.104692	-30442.763024	6841.511350	7535.354201	-0.001764	0.968066	-0.173361	192.000000	0.000000	0.000000	0.000000	0.000000	0.000000	0.000000	0.000000	0.000000	0.000000	1741889946.053364	0.000000
114.000000	32901.119638	5638.495760	-41990.478872	-8119.517043	-25720.800545	-25588.277052	-15987.465201	22104.020072	-2343.647461	-767.313035	-17688.231789	62996.871829	-20040.395265	-30442.718320	6838.784437	7531.397942	-0.001764	0.968066	-0.173361	192.000000	0.000000	0.000000	0.000000	0.000000	0.000000	0.000000	0.000000	0.000000	0.000000	1741889946.053413	0.000000
116.000000	32907.288719	5638.741629	-41992.065846	-8125.663772	-25725.717929	-25588.589977	-15993.544876	22100.399089	-2344.765049	-772.789213	-17692.568027	62980.018613	-20040.507023	-30441.399567	6836.370449	7530.392114	-0.001764	0.968066	-0.173361	192.000000	0.000000	0.000000	0.000000	0.000000	0.000000	0.000000	0.000000	0.000000	0.000000	1741889946.053463	0.000000
118.000000	32898.392725	5641.982632	-41995.932698	-8112.610354	-25724.443880	-25572.943756	-15990.192114	22110.703243	-2362.199409	-784.792100	-17705.487335	62980.376241	-20056.086189	-30443.590038	6823.048809	7522.591355	-0.001764	0.968066	-0.173361	192.000000	0.000000	0.000000	0.000000	0.000000	0.000000	0.000000	0.000000	0.000000	0.000000	1741889946.053515	0.000000
120.000000	32918.688109	5659.528751	-41980.062959	-8092.225563	-25711.368109	-25553.743607	-15973.428306	22126.394168	-2342.216950	-752.784402	-17682.822667	62991.462707	-20045.782035	-30411.694099	6845.534664	7554.241425	-0.003882	0.971033	-0.171680	192.000000	127.500000	104.000000	15.000000	56.000000	125.000000	88.000000	0.000000	0.000000	0.000000	1741889946.113371	0.000000
122.000000	32906.238187	5653.002042	-41992.512881	-8093.320798	-25716.665473	-25561.432607	-15974.612948	22122.750833	-2351.224703	-763.602646	-17692.657434	63007.131279	-20053.918070	-30415.248026	6839.790266	7550.888664	-0.003882	0.971033	-0.171680	192.000000	0.000000	0.000000	0.000000	0.000000	0.000000	0.000000	0.000000	0.000000	0.000000	1741889946.113454	0.000000
124.000000	32914.329519	5663.507362	-41989.942430	-8090.079795	-25720.219400	-25563.444264	-15976.378736	22122.482612	-2342.060488	-755.891294	-17689.192914	63001.699805	-20053.359276	-30408.877779	6843.724173	7559.963472	-0.003882	0.971033	-0.171680	192.000000	0.000000	0.000000	0.000000	0.000000	0.000000	0.000000	0.000000	0.000000	0.000000	1741889946.113511	0.000000
126.000000	32914.865960	5660.869856	-41992.445826	-8089.632760	-25727.751938	-25570.954450	-15983.196018	22116.134717	-2352.878732	-761.725099	-17693.305635	63015.222611	-20067.329117	-30417.460849	6835.208158	7552.475637	-0.003882	0.971033	-0.171680	192.000000	0.000000	0.000000	0.000000	0.000000	0.000000	0.000000	0.000000	0.000000	0.000000	1741889946.113565	0.000000
128.000000	32923.940769	5673.766813	-41975.704369	-8078.389833	-25716.106679	-25563.466616	-15971.707221	22125.388339	-2339.221816	-752.449125	-17678.665242	63011.109890	-20057.069666	-30413.281073	6844.260614	7564.456173	-0.003882	0.971033	-0.171680	192.000000	0.000000	0.000000	0.000000	0.000000	0.000000	0.000000	0.000000	0.000000	0.000000	1741889946.113619	0.000000
130.000000	32919.962158	5662.993272	-41976.061997	-8086.347054	-25720.375862	-25569.479235	-15976.378736	22122.437909	-2331.443409	-755.220742	-17673.658451	63027.828995	-20048.084265	-30414.041032	6848.641556	7565.462001	-0.003941	0.974516	-0.168840	192.000000	127.500000	112.000000	15.000000	72.000000	125.000000	104.000000	0.000000	0.000000	0.000000	1741889946.113673	0.000000
132.000000	32919.313958	5665.653129	-41976.352570	-8079.865048	-25716.777231	-25562.125511	-15973.271844	22128.182307	-2333.209197	-757.031233	-17672.473809	63016.429605	-20050.677067	-30413.839866	6852.866036	7568.725356	-0.003941	0.974516	-0.168840	192.000000	0.000000	0.000000	0.000000	0.000000	0.000000	0.000000	0.000000	0.000000	0.000000	1741889946.113726	0.000000
134.000000	32899.800885	5640.708582	-41996.469140	-8107.558859	-25733.295170	-25587.606500	-15988.426326	22103.863609	-2341.769915	-767.491849	-17686.063669	63016.898992	-20062.232919	-30423.540523	6843.366545	7555.895454	-0.003941	0.974516	-0.168840	192.000000	0.000000	0.000000	0.000000	0.000000	0.000000	0.000000	0.000000	0.000000	0.000000	1741889946.113774	0.000000
136.000000	32904.852379	5649.112838	-41993.786930	-8101.099205	-25718.565371	-25576.967070	-15973.450658	22114.279522	-2343.915682	-775.605533	-17697.597170	62992.490887	-20064.646907	-30434.336416	6835.051696	7540.115123	-0.003941	0.974516	-0.168840	192.000000	0.000000	0.000000	0.000000	0.000000	0.000000	0.000000	0.000000	0.000000	0.000000	1741889946.173667	0.000000
138.000000	32893.944728	5632.527844	-41994.658648	-8102.686179	-25726.500240	-25581.124494	-15982.234893	22109.473897	-2336.137275	-768.341216	-17692.366861	63005.276085	-20052.845186	-30422.601750	6842.070143	7549.592262	-0.003941	0.974516	-0.168840	192.000000	0.000000	0.000000	0.000000	0.000000	0.000000	0.000000	0.000000	0.000000	0.000000	1741889946.173725	0.000000
140.000000	32899.599719	5651.705641	-41990.031837	-8080.177972	-25715.659644	-25558.437474	-15969.740268	22125.030711	-2349.995357	-775.650236	-17703.140402	62987.193523	-20061.718829	-30422.244122	6834.671716	7548.653489	-0.003970	0.974258	-0.167420	192.000000	127.500000	112.000000	15.000000	56.000000	125.000000	104.000000	0.000000	0.000000	0.000000	1741889946.173785	0.000000
142.000000	32908.965100	5651.236254	-41981.515823	-8078.099260	-25716.151382	-25558.884508	-15974.098858	22121.543839	-2332.315127	-751.979739	-17686.197780	63013.903858	-20044.396227	-30396.763134	6854.698879	7569.865295	-0.003970	0.974258	-0.167420	192.000000	0.000000	0.000000	0.000000	0.000000	0.000000	0.000000	0.000000	0.000000	0.000000	1741889946.173849	0.000000
144.000000	32904.204178	5651.191551	-41984.287439	-8078.345129	-25713.893856	-25558.437474	-15968.980309	22126.282409	-2338.417153	-757.232399	-17692.746841	63004.717291	-20049.067742	-30405.055631	6845.489960	7562.399812	-0.003970	0.974258	-0.167420	192.000000	0.000000	0.000000	0.000000	0.000000	0.000000	0.000000	0.000000	0.000000	0.000000	1741889946.173912	0.000000
146.000000	32907.176960	5644.061344	-41974.810299	-8086.279999	-25714.676167	-25567.735799	-15970.343765	22121.856764	-2328.738848	-760.629864	-17684.700213	63007.332445	-20046.452587	-30404.854465	6855.168266	7566.914864	-0.003970	0.974258	-0.167420	192.000000	0.000000	0.000000	0.000000	0.000000	0.000000	0.000000	0.000000	0.000000	0.000000	1741889946.173969	0.000000
148.000000	32896.805751	5636.126475	-41987.908422	-8094.751310	-25717.917170	-25579.381058	-15975.462315	22113.296045	-2343.423944	-777.863059	-17699.698234	62994.815468	-20058.880157	-30423.585227	6844.864112	7551.425106	-0.003970	0.974258	-0.167420	192.000000	0.000000	0.000000	0.000000	0.000000	0.000000	0.000000	0.000000	0.000000	0.000000	1741889946.174022	0.000000
150.000000	32906.662870	5635.925309	-41974.877354	-8094.460737	-25714.497353	-25577.436456	-15971.260187	22118.571057	-2327.934185	-767.134221	-17684.655510	62993.452012	-20045.156186	-30414.733936	6853.223664	7560.119934	-0.003985	0.976129	-0.162710	192.000000	127.500000	112.000000	15.000000	72.000000	125.500000	8.000000	0.000000	0.000000	0.000000	1741889946.233888	0.000000
152.000000	32892.245995	5628.728047	-41985.740302	-8101.993275	-25711.971606	-25583.627890	-15967.058059	22114.525391	-2341.009956	-784.121547	-17694.937312	62986.165343	-20055.482692	-30430.156640	6848.306280	7549.212283	-0.003985	0.976129	-0.162710	192.000000	0.000000	0.000000	0.000000	0.000000	0.000000	0.000000	0.000000	0.000000	0.000000	1741889946.233957	0.000000
154.000000	32896.291661	5626.202300	-41976.866660	-8102.485013	-25715.927865	-25585.930119	-15969.002660	22112.446679	-2338.305394	-782.154594	-17690.668129	62980.823276	-20051.749951	-30430.357806	6852.575463	7549.748725	-0.003985	0.976129	-0.162710	192.000000	0.000000	0.000000	0.000000	0.000000	0.000000	0.000000	0.000000	0.000000	0.000000	1741889946.234008	0.000000
156.000000	32886.926280	5620.413199	-41994.390427	-8111.358656	-25731.730548	-25599.385869	-15983.955977	22093.984138	-2350.017709	-791.989361	-17703.408623	62982.633767	-20066.680916	-30439.924352	6841.936033	7536.225919	-0.003985	0.976129	-0.162710	192.000000	0.000000	0.000000	0.000000	0.000000	0.000000	0.000000	0.000000	0.000000	0.000000	1741889946.234057	0.000000
158.000000	32908.920396	5636.171178	-41979.750035	-8095.265400	-25726.164964	-25583.158503	-15977.965710	22106.344653	-2340.540569	-787.854289	-17693.126821	62980.286834	-20063.909300	-30434.470527	6841.041963	7538.572852	-0.003985	0.976129	-0.162710	192.000000	0.000000	0.000000	0.000000	0.000000	0.000000	0.000000	0.000000	0.000000	0.000000	1741889946.234106	0.000000
160.000000	32902.863074	5639.009850	-41987.751959	-8089.073967	-25725.896743	-25574.396619	-15973.160085	22114.100708	-2337.992470	-777.974818	-17687.918864	63000.604570	-20059.371896	-30418.377271	6842.763048	7551.939196	-0.004993	0.975065	-0.162355	192.000000	127.500000	104.000000	15.000000	56.000000	125.000000	120.000000	0.000000	0.000000	0.000000	1741889946.234156	0.000000
162.000000	32902.773667	5627.833978	-41991.797625	-8094.483089	-25731.127051	-25580.811570	-15979.753849	22107.462240	-2335.757296	-780.209992	-17688.544713	62990.658044	-20058.231957	-30418.176105	6842.785399	7553.772039	-0.004993	0.975065	-0.162355	192.000000	0.000000	0.000000	0.000000	0.000000	0.000000	0.000000	0.000000	0.000000	0.000000	1741889946.234214	0.000000
164.000000	32897.655117	5629.733876	-41990.344762	-8089.543353	-25726.634351	-25571.401485	-15972.511884	22116.939380	-2344.116848	-787.183736	-17692.679786	62999.509335	-20064.132817	-30419.159582	6842.226606	7552.363879	-0.004993	0.975065	-0.162355	192.000000	0.000000	0.000000	0.000000	0.000000	0.000000	0.000000	0.000000	0.000000	0.000000	1741889946.234277	0.000000
166.000000	32896.045792	5619.474425	-41993.697523	-8101.725054	-25729.473022	-25575.670669	-15977.272806	22112.826659	-2347.603720	-792.682265	-17695.518457	62982.477305	-20063.842245	-30418.779602	6838.180940	7549.256986	-0.004993	0.975065	-0.162355	192.000000	0.000000	0.000000	0.000000	0.000000	0.000000	0.000000	0.000000	0.000000	0.000000	1741889946.294282	0.000000
168.000000	32897.431600	5625.285879	-41989.428340	-8103.021455	-25723.795679	-25576.676497	-15972.891864	22113.810136	-2345.100325	-798.784292	-17694.311463	62982.790230	-20060.891814	-30421.193590	6840.639632	7545.323079	-0.004993	0.975065	-0.162355	192.000000	0.000000	0.000000	0.000000	0.000000	0.000000	0.000000	0.000000	0.000000	0.000000	1741889946.294353	0.000000
170.000000	32901.857245	5625.375286	-41979.526517	-8103.200269	-25717.671301	-25580.230424	-15973.137733	22112.983121	-2334.550301	-794.738626	-17685.080193	62973.804828	-20049.559480	-30422.065308	6851.323766	7548.452323	-0.004496	0.973532	-0.165178	192.000000	127.500000	112.000000	15.000000	48.000000	125.000000	96.000000	0.000000	0.000000	0.000000	1741889946.294401	0.000000
172.000000	32897.878635	5620.547309	-41981.202898	-8103.848470	-25717.313673	-25587.338279	-15973.517713	22110.412670	-2341.121714	-801.354742	-17689.930521	62981.829105	-20047.748989	-30428.077928	6853.804809	7544.138437	-0.004496	0.973532	-0.165178	192.000000	0.000000	0.000000	0.000000	0.000000	0.000000	0.000000	0.000000	0.000000	0.000000	1741889946.294464	0.000000
174.000000	32906.975795	5631.678478	-41979.884145	-8096.271228	-25715.570237	-25585.952471	-15973.025974	22111.262037	-2338.752429	-801.444149	-17686.890684	62968.172189	-20045.245593	-30432.436518	6852.083725	7546.954757	-0.004496	0.973532	-0.165178	192.000000	0.000000	0.000000	0.000000	0.000000	0.000000	0.000000	0.000000	0.000000	0.000000	1741889946.294518	0.000000
176.000000	32903.444219	5621.843710	-41990.389465	-8109.078778	-25728.288380	-25598.223579	-15985.386489	22098.476839	-2335.153798	-799.834824	-17686.130725	62983.237265	-20048.799521	-30430.581323	6847.367507	7544.205492	-0.004496	0.973532	-0.165178	192.000000	0.000000	0.000000	0.000000	0.000000	0.000000	0.000000	0.000000	0.000000	0.000000	1741889946.294571	0.000000
178.000000	32909.456838	5634.003059	-41989.316581	-8095.064234	-25725.740281	-25586.310099	-15980.759678	22108.333958	-2340.384107	-799.790120	-17692.433917	62966.115828	-20055.750913	-30435.588114	6838.560920	7539.153998	-0.004496	0.973532	-0.165178	192.000000	0.000000	0.000000	0.000000	0.000000	0.000000	0.000000	0.000000	0.000000	0.000000	1741889946.294624	0.000000
180.000000	32903.220702	5624.056533	-41998.257279	-8103.468490	-25739.128976	-25596.658957	-15996.808230	22095.749926	-2344.675642	-793.509280	-17694.490277	62982.969044	-20061.517663	-30430.357806	6833.218853	7540.562158	-0.003248	0.972766	-0.169589	192.000000	127.500000	120.000000	15.000000	48.000000	125.000000	72.000000	0.000000	0.000000	0.000000	1741889946.353549	0.000000
182.000000	32901.857245	5635.321812	-41991.283535	-8086.078833	-25730.188278	-25578.017602	-15979.329166	22110.591484	-2350.978834	-793.866908	-17700.704062	62965.087648	-20068.044373	-30431.475393	6830.044905	7541.188007	-0.003248	0.972766	-0.169589	192.000000	0.000000	0.000000	0.000000	0.000000	0.000000	0.000000	0.000000	0.000000	0.000000	1741889946.353614	0.000000
184.000000	32914.709498	5641.535597	-41979.124186	-8076.825211	-25719.280627	-25562.036104	-15965.873416	22124.561325	-2334.930281	-767.223628	-17681.794486	63001.230419	-20054.543919	-30402.529884	6854.162437	7570.491144	-0.003248	0.972766	-0.169589	192.000000	0.000000	0.000000	0.000000	0.000000	0.000000	0.000000	0.000000	0.000000	0.000000	1741889946.353678	0.000000
186.000000	32902.192521	5634.584205	-41988.511919	-8088.425766	-25718.207743	-25564.092465	-15965.694602	22123.957828	-2342.440467	-779.092405	-17692.545675	62986.634730	-20059.438951	-30410.643567	6850.116771	7567.540713	-0.003248	0.972766	-0.169589	192.000000	0.000000	0.000000	0.000000	0.000000	0.000000	0.000000	0.000000	0.000000	0.000000	1741889946.353742	0.000000
188.000000	32912.988414	5639.278071	-41977.268991	-8091.085624	-25714.765574	-25564.740666	-15964.331146	22124.874249	-2335.466723	-775.247905	-17688.209437	62993.384957	-20051.951117	-30411.895265	6856.308205	7565.886684	-0.003248	0.972766	-0.169589	192.000000	0.000000	0.000000	0.000000	0.000000	0.000000	0.000000	0.000000	0.000000	0.000000	1741889946.353805	0.000000
190.000000	32891.709553	5619.072094	-41996.379733	-8107.804728	-25726.790813	-25584.454904	-15976.937530	22108.244551	-2336.696069	-786.334370	-17691.875123	62983.214913	-20052.241689	-30418.265512	6854.251844	7558.354146	-0.004624	0.970383	-0.169794	192.000000	127.500000	104.000000	15.000000	32.000000	125.000000	88.000000	0.000000	0.000000	0.000000	1741889946.353860	0.000000
192.000000	32898.750353	5621.016696	-41981.806395	-8103.781414	-25722.253409	-25587.494741	-15972.891864	22110.658540	-2344.049793	-798.203146	-17699.117088	62977.314052	-20060.578890	-30433.196477	6844.618242	7544.786637	-0.004624	0.970383	-0.169794	192.000000	0.000000	0.000000	0.000000	0.000000	0.000000	0.000000	0.000000	0.000000	0.000000	1741889946.353915	0.000000
194.000000	32902.840722	5629.912690	-41983.348666	-8098.618162	-25723.147478	-25583.605538	-15970.544931	22114.234819	-2335.936110	-797.778463	-17690.288149	62977.559921	-20053.605146	-30431.564800	6850.586158	7549.413449	-0.004624	0.970383	-0.169794	192.000000	0.000000	0.000000	0.000000	0.000000	0.000000	0.000000	0.000000	0.000000	0.000000	1741889946.353972	0.000000
196.000000	32911.669661	5631.767885	-41977.045474	-8094.214868	-25723.393348	-25581.526826	-15970.656689	22114.838316	-2341.077011	-798.583126	-17693.327986	62980.778573	-20052.576965	-30431.363634	6849.222702	7551.536864	-0.004624	0.970383	-0.169794	192.000000	0.000000	0.000000	0.000000	0.000000	0.000000	0.000000	0.000000	0.000000	0.000000	1741889946.413456	0.000000
198.000000	32902.684260	5632.706658	-41991.395294	-8096.874725	-25731.127051	-25585.550140	-15978.591559	22107.551647	-2336.092572	-794.291591	-17690.511667	62988.266407	-20049.581832	-30426.245085	6847.613376	7552.922672	-0.004624	0.970383	-0.169794	192.000000	0.000000	0.000000	0.000000	0.000000	0.000000	0.000000	0.000000	0.000000	0.000000	1741889946.413522	0.000000
200.000000	32897.833931	5620.100274	-41994.524538	-8106.262458	-25742.772310	-25593.440305	-15989.119230	22099.706185	-2346.799057	-804.528690	-17701.642835	62974.028346	-20068.759628	-30433.375291	6835.006992	7543.624347	-0.005312	0.970192	-0.170897	192.000000	127.500000	104.000000	15.000000	40.000000	125.000000	80.000000	0.000000	0.000000	0.000000	1741889946.413572	0.000000
202.000000	32902.505446	5626.090542	-41990.590631	-8098.975789	-25732.132880	-25581.884454	-15978.770373	22107.685758	-2340.853493	-799.007809	-17692.948007	62979.348061	-20064.043410	-30426.535657	6837.666850	7544.004326	-0.005312	0.970192	-0.170897	192.000000	0.000000	0.000000	0.000000	0.000000	0.000000	0.000000	0.000000	0.000000	0.000000	1741889946.413625	0.000000
204.000000	32905.254710	5622.134283	-41986.835538	-8104.563726	-25733.563391	-25579.358706	-15977.093992	22112.379624	-2337.254862	-800.147748	-17688.544713	62973.827180	-20057.807274	-30425.954512	6841.779571	7548.072344	-0.005312	0.970192	-0.170897	192.000000	0.000000	0.000000	0.000000	0.000000	0.000000	0.000000	0.000000	0.000000	0.000000	1741889946.413675	0.000000
206.000000	32896.962213	5622.760132	-41995.999753	-8102.485013	-25731.104700	-25574.888358	-15972.064849	22118.660464	-2342.172246	-801.242983	-17695.026719	62978.342233	-20062.456436	-30427.161506	6840.058486	7549.234635	-0.005312	0.970192	-0.170897	192.000000	0.000000	0.000000	0.000000	0.000000	0.000000	0.000000	0.000000	0.000000	0.000000	1741889946.413729	0.000000
208.000000	32896.716344	5614.422931	-41994.278669	-8110.531641	-25738.972514	-25582.085619	-15977.965710	22113.340749	-2346.150857	-803.880489	-17701.732242	62968.663927	-20058.924861	-30425.127497	6842.204254	7553.548521	-0.005312	0.970192	-0.170897	192.000000	0.000000	0.000000	0.000000	0.000000	0.000000	0.000000	0.000000	0.000000	0.000000	1741889946.413792	0.000000
210.000000	32889.273213	5613.506509	-41996.312677	-8105.636609	-25741.162985	-25580.677459	-15979.172704	22113.877191	-2362.512334	-813.648202	-17710.896458	62969.602700	-20069.094905	-30437.398605	6833.732943	7546.887701	-0.007656	0.975096	-0.174449	192.000000	127.500000	88.000000	15.000000	80.000000	125.000000	56.000000	0.000000	0.000000	0.000000	1741889946.473730	0.000000
212.000000	32905.657042	5620.949640	-41985.650895	-8102.261496	-25736.357359	-25578.911672	-15974.545893	22117.453470	-2349.503618	-805.959202	-17697.396004	62962.494846	-20063.283451	-30430.737785	6838.337402	7553.548521	-0.007656	0.975096	-0.174449	192.000000	0.000000	0.000000	0.000000	0.000000	0.000000	0.000000	0.000000	0.000000	0.000000	1741889946.473813	0.000000
214.000000	32904.271234	5620.815530	-41992.222308	-8107.111824	-25741.118281	-25583.605538	-15979.530332	22110.993816	-2348.341328	-807.769693	-17697.172486	62972.664889	-20065.675088	-30435.543410	6835.923414	7547.290033	-0.007656	0.975096	-0.174449	192.000000	0.000000	0.000000	0.000000	0.000000	0.000000	0.000000	0.000000	0.000000	0.000000	1741889946.473862	0.000000
216.000000	32903.399516	5624.324754	-41991.596459	-8108.899964	-25731.998769	-25586.511265	-15973.607120	22107.238723	-2348.855418	-810.429550	-17702.022815	62951.050753	-20065.138646	-30440.483146	6833.084742	7540.092771	-0.007656	0.975096	-0.174449	192.000000	0.000000	0.000000	0.000000	0.000000	0.000000	0.000000	0.000000	0.000000	0.000000	1741889946.473920	0.000000
218.000000	32895.107018	5614.959373	-42001.922965	-8114.063217	-25741.073578	-25593.976747	-15982.033727	22100.153220	-2348.050755	-805.243946	-17701.844001	62966.384049	-20059.103675	-30435.029320	6837.085704	7540.942137	-0.007656	0.975096	-0.174449	192.000000	0.000000	0.000000	0.000000	0.000000	0.000000	0.000000	0.000000	0.000000	0.000000	1741889946.473970	0.000000
220.000000	32885.652230	5609.460844	-42007.108570	-8116.790130	-25748.740226	-25597.105991	-15986.615835	22095.973444	-2362.333520	-816.777446	-17715.232696	62944.345229	-20067.910262	-30445.847564	6821.037152	7529.855672	-0.004828	0.976548	-0.175224	192.000000	127.500000	120.000000	15.000000	72.000000	125.000000	64.000000	0.000000	0.000000	0.000000	1741889946.474022	0.000000
222.000000	32898.079800	5618.535652	-42001.520634	-8107.827080	-25745.454519	-25590.735744	-15985.319434	22101.829601	-2356.276197	-808.686114	-17708.303655	62960.013802	-20070.503064	-30435.386948	6828.837911	7538.975184	-0.004828	0.976548	-0.175224	192.000000	0.000000	0.000000	0.000000	0.000000	0.000000	0.000000	0.000000	0.000000	0.000000	1741889946.474075	0.000000
224.000000	32899.912643	5620.681419	-41996.379733	-8109.771682	-25746.348589	-25593.127381	-15988.538085	22099.303853	-2354.018671	-809.066094	-17705.688501	62945.306354	-20069.653698	-30439.723186	6827.608565	7538.662259	-0.004828	0.976548	-0.175224	192.000000	0.000000	0.000000	0.000000	0.000000	0.000000	0.000000	0.000000	0.000000	0.000000	1741889946.474124	0.000000
226.000000	32895.352888	5612.455977	-41994.636297	-8116.164281	-25744.336932	-25595.966053	-15987.554608	22096.219313	-2355.024499	-815.793969	-17707.454289	62957.912738	-20070.592471	-30443.277114	6821.551242	7532.671992	-0.004828	0.976548	-0.175224	192.000000	0.000000	0.000000	0.000000	0.000000	0.000000	0.000000	0.000000	0.000000	0.000000	1741889946.533937	0.000000
228.000000	32893.207120	5614.691152	-41997.050285	-8112.923278	-25745.409816	-25590.981614	-15986.861704	22102.120173	-2352.677566	-806.808568	-17701.933408	62948.033267	-20062.344678	-30434.112899	6834.269385	7543.736105	-0.004828	0.976548	-0.175224	192.000000	0.000000	0.000000	0.000000	0.000000	0.000000	0.000000	0.000000	0.000000	0.000000	1741889946.534007	0.000000
230.000000	32896.246957	5612.880661	-41998.503148	-8116.924240	-25750.014275	-25592.389773	-15989.968597	22100.801420	-2362.467630	-816.151597	-17710.158850	62953.732962	-20075.331041	-30444.439405	6817.662039	7532.090847	-0.003414	0.978274	-0.174612	192.000000	127.500000	120.000000	15.000000	80.000000	125.000000	72.000000	0.000000	0.000000	0.000000	1741889946.534065	0.000000
232.000000	32910.105039	5630.091504	-41987.193166	-8097.366464	-25737.251429	-25572.183796	-15975.842294	22116.179420	-2356.298549	-812.240042	-17705.107356	62947.116846	-20068.424352	-30438.985579	6821.595946	7537.298803	-0.003414	0.978274	-0.174612	192.000000	0.000000	0.000000	0.000000	0.000000	0.000000	0.000000	0.000000	0.000000	0.000000	1741889946.534133	0.000000
234.000000	32933.864943	5644.821303	-41966.338988	-8085.162411	-25730.076519	-25563.488968	-15970.902559	22121.677950	-2325.631955	-778.399501	-17674.105486	62983.706651	-20041.334038	-30405.055631	6850.988490	7565.417298	-0.003414	0.978274	-0.174612	192.000000	0.000000	0.000000	0.000000	0.000000	0.000000	0.000000	0.000000	0.000000	0.000000	1741889946.534189	0.000000
236.000000	32923.471382	5641.937928	-41985.092102	-8093.767833	-25750.863642	-25571.200320	-15992.248475	22111.239685	-2338.931243	-794.090425	-17685.929559	62964.998241	-20060.064800	-30419.919541	6834.694068	7550.039297	-0.003414	0.978274	-0.174612	192.000000	0.000000	0.000000	0.000000	0.000000	0.000000	0.000000	0.000000	0.000000	0.000000	1741889946.534241	0.000000
238.000000	32937.150650	5648.822266	-41977.671323	-8089.744519	-25750.863642	-25569.076904	-15992.181419	22112.469031	-2330.392877	-777.885411	-17676.966509	62980.242131	-20054.946250	-30408.117820	6836.437504	7555.090792	-0.003414	0.978274	-0.174612	192.000000	0.000000	0.000000	0.000000	0.000000	0.000000	0.000000	0.000000	0.000000	0.000000	1741889946.534296	0.000000
240.000000	32926.086536	5644.374269	-41990.903555	-8096.472394	-25750.975400	-25578.084657	-15993.477821	22106.657577	-2328.180054	-786.624943	-17683.113239	62972.620186	-20056.197948	-30419.539561	6829.150835	7548.675841	-0.003707	0.976137	-0.172306	192.000000	127.500000	112.000000	15.000000	56.000000	125.000000	88.000000	0.000000	0.000000	0.000000	1741889946.594320	0.000000
242.000000	32912.876655	5625.241175	-41998.994887	-8112.185670	-25759.759636	-25599.117648	-16003.312588	22089.692603	-2342.485171	-798.471367	-17694.333815	62964.484151	-20064.266928	-30435.185782	6823.138216	7537.522320	-0.003707	0.976137	-0.172306	192.000000	0.000000	0.000000	0.000000	0.000000	0.000000	0.000000	0.000000	0.000000	0.000000	1741889946.594394	0.000000
244.000000	32911.692013	5632.818417	-41996.647954	-8102.820289	-25749.053150	-25590.199302	-15988.403975	22098.923874	-2341.233473	-798.180794	-17694.266760	62956.348116	-20061.942346	-30433.665864	6829.128483	7542.797332	-0.003707	0.976137	-0.172306	192.000000	0.000000	0.000000	0.000000	0.000000	0.000000	0.000000	0.000000	0.000000	0.000000	1741889946.594446	0.000000
246.000000	32911.043812	5625.308231	-41993.831634	-8111.626877	-25754.685790	-25596.010756	-15992.628454	22095.258188	-2348.006052	-808.037914	-17703.140402	62946.736866	-20070.950099	-30441.466623	6823.272326	7537.119989	-0.003707	0.976137	-0.172306	192.000000	0.000000	0.000000	0.000000	0.000000	0.000000	0.000000	0.000000	0.000000	0.000000	1741889946.594495	0.000000
248.000000	32906.953443	5631.432609	-42000.894785	-8115.493729	-25753.389389	-25595.340204	-15991.801440	22092.754792	-2352.878732	-808.306135	-17703.028643	62945.641630	-20067.418524	-30439.834945	6826.334515	7537.365858	-0.003707	0.976137	-0.172306	192.000000	0.000000	0.000000	0.000000	0.000000	0.000000	0.000000	0.000000	0.000000	0.000000	1741889946.594544	0.000000
250.000000	32917.905798	5631.566719	-41994.815111	-8117.214813	-25758.016200	-25595.250797	-15995.601236	22096.085202	-2354.778630	-811.770655	-17702.693367	62939.025514	-20073.677012	-30445.020550	6820.232489	7530.973259	-0.003854	0.976068	-0.171153	192.000000	127.500000	112.000000	15.000000	64.000000	125.000000	88.000000	0.000000	0.000000	0.000000	1741889946.594597	0.000000
252.000000	32908.406306	5631.365553	-42001.364172	-8121.774569	-25752.696485	-25595.898997	-15987.375794	22098.298025	-2357.416136	-813.871719	-17706.314350	62942.713552	-20072.961756	-30447.412187	6820.366600	7530.034486	-0.003854	0.976068	-0.171153	192.000000	0.000000	0.000000	0.000000	0.000000	0.000000	0.000000	0.000000	0.000000	0.000000	1741889946.594656	0.000000
254.000000	32920.453897	5638.696925	-41981.806395	-8113.638534	-25747.287362	-25588.768791	-15984.201847	22102.433098	-2345.189732	-803.098178	-17695.697271	62943.339401	-20051.235861	-30437.689178	6836.549263	7541.836207	-0.003854	0.976068	-0.171153	192.000000	0.000000	0.000000	0.000000	0.000000	0.000000	0.000000	0.000000	0.000000	0.000000	1741889946.594717	0.000000
0.000000	32901.857245	5626.403466	-41992.199956	-8116.588964	-25759.849043	-25589.573454	-15994.617760	22099.192095	-2360.187752	-812.083580	-17708.080138	62943.406456	-20074.012288	-30440.527849	6826.043943	7535.912995	-0.003854	0.976068	-0.171153	192.000000	0.000000	0.000000	0.000000	0.000000	0.000000	0.000000	0.000000	0.000000	0.000000	1741889946.654583	0.000000
2.000000	32911.781420	5631.700829	-41990.009485	-8111.962153	-25764.878185	-25591.898035	-15994.796573	22094.967615	-2366.423889	-818.744399	-17709.734167	62930.889479	-20077.879140	-30442.763024	6824.278155	7537.164693	-0.003854	0.976068	-0.171153	192.000000	0.000000	0.000000	0.000000	0.000000	0.000000	0.000000	0.000000	0.000000	0.000000	1741889946.654639	0.000000
4.000000	32930.825106	5658.187647	-41986.254392	-8095.108938	-25749.299019	-25578.911672	-15982.279597	22107.395185	-2355.985624	-804.998077	-17695.853734	62955.051715	-20073.878178	-30435.856335	6827.429751	7541.925614	-0.003854	0.976068	-0.171153	192.000000	0.000000	0.000000	15.000000	56.000000	125.000000	80.000000	0.000000	0.000000	0.000000	1741889946.654700	0.000000
6.000000	32935.340158	5659.931083	-41986.030875	-8095.175993	-25748.136729	-25582.107971	-15983.218370	22106.523467	-2335.600833	-789.553021	-17678.531132	62964.372392	-20058.477826	-30424.769869	6838.963251	7553.682632	-0.003854	0.976068	-0.171153	192.000000	0.000000	0.000000	0.000000	0.000000	0.000000	0.000000	0.000000	0.000000	0.000000	1741889946.654752	0.000000
8.000000	32927.762917	5653.516132	-41996.044456	-8104.161394	-25753.054113	-25590.445172	-15988.426326	22099.706185	-2348.073107	-795.699751	-17687.740050	62973.380145	-20066.882082	-30433.621160	6831.810693	7544.496065	-0.003854	0.976068	-0.171153	192.000000	0.000000	0.000000	0.000000	0.000000	0.000000	0.000000	0.000000	0.000000	0.000000	1741889946.654805	0.000000
10.000000	32930.020443	5652.622062	-41987.684904	-8102.999103	-25742.995828	-25588.031183	-15979.172704	22104.623569	-2343.423944	-798.806643	-17687.918864	62955.141122	-20057.896681	-30435.029320	6835.923414	7545.747762	-0.003854	0.976068	-0.171153	192.000000	0.000000	0.000000	0.000000	0.000000	0.000000	0.000000	0.000000	0.000000	0.000000	1741889946.654854	0.000000
12.000000	32920.789173	5646.721202	-41992.825805	-8109.570516	-25751.198918	-25598.983538	-15985.699414	22099.795592	-2355.806810	-802.762902	-17696.211361	62960.080857	-20058.611936	-30443.187707	6831.363658	7540.584509	-0.003854	0.976068	-0.171153	192.000000	0.000000	0.000000	0.000000	0.000000	0.000000	0.000000	0.000000	0.000000	0.000000	1741889946.654909	0.000000
14.000000	32919.045737	5647.704679	-41996.536195	-8107.491804	-25753.411740	-25595.340204	-15988.582789	22104.489458	-2359.204276	-811.077751	-17701.016986	62940.433674	-20075.845131	-30449.602658	6824.836948	7537.455265	-0.003854	0.976068	-0.171153	192.000000	0.000000	0.000000	15.000000	56.000000	125.000000	64.000000	0.000000	0.000000	0.000000	1741889946.713898	0.000000
16.000000	32925.505391	5651.191551	-41984.823881	-8099.601638	-25745.901554	-25583.471427	-15976.222274	22118.414595	-2354.152781	-804.171062	-17693.842077	62959.164436	-20062.165864	-30439.790242	6836.236338	7550.352222	-0.003854	0.976068	-0.171153	192.000000	0.000000	0.000000	0.000000	0.000000	0.000000	0.000000	0.000000	0.000000	0.000000	1741889946.713974	0.000000
18.000000	32920.967987	5651.236254	-41986.410855	-8103.356731	-25745.722740	-25579.984555	-15979.552684	22120.627418	-2357.684357	-801.868832	-17698.535943	62942.512386	-20064.512797	-30439.387910	6836.906891	7553.928501	-0.003854	0.976068	-0.171153	192.000000	0.000000	0.000000	0.000000	0.000000	0.000000	0.000000	0.000000	0.000000	0.000000	1741889946.714039	0.000000
20.000000	32909.635652	5640.485065	-41988.869547	-8117.147758	-25756.965668	-25585.125456	-15989.946245	22116.000607	-2361.350043	-798.381960	-17702.626312	62948.525005	-20068.625518	-30435.811631	6836.370449	7552.788562	-0.003854	0.976068	-0.171153	192.000000	0.000000	0.000000	0.000000	0.000000	0.000000	0.000000	0.000000	0.000000	0.000000	1741889946.714104	0.000000
22.000000	32922.912588	5652.443248	-41979.347703	-8111.135138	-25742.951124	-25575.491855	-15976.870474	22128.294066	-2364.300473	-798.404312	-17706.761385	62924.787453	-20067.709096	-30439.410262	6833.263556	7553.548521	-0.003854	0.976068	-0.171153	192.000000	0.000000	0.000000	0.000000	0.000000	0.000000	0.000000	0.000000	0.000000	0.000000	1741889946.714159	0.000000
24.000000	32921.660891	5647.190588	-41979.615924	-8115.449025	-25747.399121	-25580.096314	-15984.112440	22124.293104	-2361.528857	-789.798890	-17702.671016	62936.276249	-20057.270832	-30438.203268	6835.141103	7558.108277	-0.003927	0.975034	-0.173577	192.000000	127.500000	112.000000	15.000000	56.000000	125.000000	64.000000	0.000000	0.000000	0.000000	1741889946.714208	0.000000
26.000000	32926.734737	5661.920388	-41984.868584	-8106.933010	-25742.235868	-25575.335392	-15979.798553	22127.534107	-2357.416136	-786.066149	-17704.190934	62929.838947	-20071.553596	-30438.516192	6826.714495	7555.224902	-0.003927	0.975034	-0.173577	192.000000	0.000000	0.000000	0.000000	0.000000	0.000000	0.000000	0.000000	0.000000	0.000000	1741889946.714271	0.000000
28.000000	32950.919324	5680.762909	-41971.748110	-8093.410205	-25722.968665	-25567.489930	-15964.353498	22139.849918	-2336.986642	-761.099250	-17682.420335	62954.403514	-20046.452587	-30411.962320	6848.060411	7576.324949	-0.003927	0.975034	-0.173577	192.000000	0.000000	0.000000	0.000000	0.000000	0.000000	0.000000	0.000000	0.000000	0.000000	1741889946.714319	0.000000
30.000000	32936.748318	5669.631740	-41991.931736	-8107.424749	-25737.363188	-25584.566663	-15976.669309	22123.711958	-2337.791304	-772.230419	-17690.757536	62942.691200	-20055.125064	-30423.451116	6834.850530	7563.606806	-0.003927	0.975034	-0.173577	192.000000	0.000000	0.000000	0.000000	0.000000	0.000000	0.000000	0.000000	0.000000	0.000000	1741889946.773738	0.000000
32.000000	32930.087498	5658.187647	-41997.944355	-8119.517043	-25739.061921	-25592.367422	-15976.065812	22123.063758	-2344.988566	-788.569544	-17705.509687	62931.001238	-20065.898605	-30438.493841	6827.586213	7553.459114	-0.003927	0.975034	-0.173577	192.000000	0.000000	0.000000	0.000000	0.000000	0.000000	0.000000	0.000000	0.000000	0.000000	1741889946.773842	0.000000
34.000000	32926.019481	5656.086583	-42006.817997	-8121.998086	-25741.654723	-25591.965090	-15979.105649	22122.504964	-2347.000223	-796.705579	-17711.902286	62919.177165	-20068.804332	-30445.780509	6825.060466	7551.805085	-0.003963	0.972517	-0.170788	192.000000	127.500000	112.000000	15.000000	40.000000	125.000000	96.000000	0.000000	0.000000	0.000000	1741889946.773892	0.000000
36.000000	32930.333368	5652.510304	-41995.686829	-8121.483996	-25739.464252	-25590.869855	-15976.468143	22125.544801	-2342.060488	-798.672533	-17707.923676	62921.524098	-20067.910262	-30446.004027	6829.262594	7556.498951	-0.003963	0.972517	-0.170788	192.000000	0.000000	0.000000	0.000000	0.000000	0.000000	0.000000	0.000000	0.000000	0.000000	1741889946.773944	0.000000
38.000000	32942.448013	5671.509286	-41975.793776	-8100.451005	-25716.531362	-25566.215881	-15954.228157	22150.019962	-2334.662060	-793.442225	-17699.228847	62925.770930	-20048.173672	-30436.929218	6839.589100	7568.680652	-0.003963	0.972517	-0.170788	192.000000	0.000000	0.000000	0.000000	0.000000	0.000000	0.000000	0.000000	0.000000	0.000000	1741889946.774001	0.000000
40.000000	32926.913551	5656.779487	-41978.610096	-8106.888307	-25734.368054	-25575.178930	-15969.472047	22139.805214	-2326.034287	-786.379073	-17691.070460	62930.665962	-20049.604183	-30426.021567	6853.335423	7585.176240	-0.003963	0.972517	-0.170788	192.000000	0.000000	0.000000	0.000000	0.000000	0.000000	0.000000	0.000000	0.000000	0.000000	1741889946.774059	0.000000
42.000000	32921.347966	5661.294539	-41982.812224	-8105.748368	-25728.623656	-25571.267375	-15963.682945	22141.772168	-2343.200426	-793.330466	-17707.074309	62924.362770	-20066.658564	-30430.670730	6843.053620	7579.007158	-0.003963	0.972517	-0.170788	192.000000	0.000000	0.000000	0.000000	0.000000	0.000000	0.000000	0.000000	0.000000	0.000000	1741889946.774126	0.000000
44.000000	32926.690033	5654.879588	-41978.833613	-8114.554955	-25731.462327	-25578.576395	-15967.370983	22132.786767	-2333.499769	-788.726007	-17699.698234	62927.603773	-20058.656640	-30427.005044	6844.908815	7576.727280	-0.002982	0.971259	-0.171394	192.000000	127.500000	120.000000	15.000000	40.000000	125.000000	80.000000	0.000000	0.000000	0.000000	1741889946.834061	0.000000
46.000000	32915.625920	5646.117705	-41997.944355	-8129.776493	-25742.369979	-25594.334375	-15981.407879	22112.737252	-2342.462819	-805.087484	-17711.388196	62922.999313	-20065.630384	-30440.863125	6830.357829	7557.303614	-0.002982	0.971259	-0.171394	192.000000	0.000000	0.000000	0.000000	0.000000	0.000000	0.000000	0.000000	0.000000	0.000000	1741889946.834123	0.000000
48.000000	32937.552981	5668.827077	-41977.961895	-8110.039903	-25726.455537	-25578.218767	-15968.868550	22125.053063	-2331.801037	-796.996152	-17699.988806	62917.925467	-20053.247518	-30433.487050	6832.078914	7559.449382	-0.002982	0.971259	-0.171394	192.000000	0.000000	0.000000	0.000000	0.000000	0.000000	0.000000	0.000000	0.000000	0.000000	1741889946.834185	0.000000
50.000000	32922.599664	5662.434478	-41988.489567	-8113.057388	-25727.550772	-25586.600672	-15971.282538	22118.749871	-2327.040115	-793.509280	-17695.227885	62931.269459	-20055.549747	-30430.670730	6833.531777	7560.455210	-0.002982	0.971259	-0.171394	192.000000	0.000000	0.000000	0.000000	0.000000	0.000000	0.000000	0.000000	0.000000	0.000000	1741889946.834240	0.000000
52.000000	32926.779440	5661.227484	-41980.532346	-8111.381008	-25724.086252	-25585.617195	-15969.740268	22123.957828	-2331.711630	-795.453882	-17699.094736	62915.913810	-20047.458416	-30432.727090	6832.727114	7559.359975	-0.002982	0.971259	-0.171394	192.000000	0.000000	0.000000	0.000000	0.000000	0.000000	0.000000	0.000000	0.000000	0.000000	1741889946.834292	0.000000
54.000000	32909.859170	5645.648318	-41995.284497	-8119.718208	-25733.719854	-25595.563721	-15975.663480	22115.933551	-2329.252938	-805.847443	-17706.560219	62920.540621	-20057.226128	-30441.354864	6829.866091	7554.397888	-0.005491	0.971629	-0.171697	192.000000	127.500000	96.000000	15.000000	48.000000	125.000000	80.000000	0.000000	0.000000	0.000000	1741889946.834342	0.000000
56.000000	32918.419888	5651.593882	-41987.729608	-8109.391702	-25728.780118	-25583.605538	-15969.516751	22128.942267	-2331.868092	-803.008771	-17707.610751	62906.593133	-20061.294146	-30437.711529	6834.157626	7561.595149	-0.005491	0.971629	-0.171697	192.000000	0.000000	0.000000	0.000000	0.000000	0.000000	0.000000	0.000000	0.000000	0.000000	1741889946.834397	0.000000
58.000000	32908.920396	5646.631795	-41995.686829	-8111.515118	-25737.989037	-25591.205131	-15979.060945	22121.610894	-2341.032307	-800.572431	-17714.830365	62917.769005	-20062.165864	-30440.349035	6826.178053	7559.918768	-0.005491	0.971629	-0.171697	192.000000	0.000000	0.000000	0.000000	0.000000	0.000000	0.000000	0.000000	0.000000	0.000000	1741889946.834449	0.000000
60.000000	32914.553036	5654.544312	-41980.733512	-8102.641476	-25730.098871	-25579.783390	-15968.868550	22131.847993	-2334.282080	-789.865946	-17706.493164	62912.717511	-20054.610974	-30432.190649	6833.598832	7569.485315	-0.005491	0.971629	-0.171697	192.000000	0.000000	0.000000	0.000000	0.000000	0.000000	0.000000	0.000000	0.000000	0.000000	1741889946.895149	0.000000
62.000000	32914.195408	5650.565702	-41980.867622	-8111.805691	-25728.333083	-25584.343145	-15972.757753	22127.310589	-2340.384107	-792.972838	-17705.554391	62921.792319	-20059.327192	-30431.162468	6833.777646	7565.931388	-0.005491	0.971629	-0.171697	192.000000	0.000000	0.000000	0.000000	0.000000	0.000000	0.000000	0.000000	0.000000	0.000000	1741889946.895218	0.000000
64.000000	32907.109905	5641.982632	-41985.762654	-8123.450950	-25734.435109	-25589.372288	-15977.921006	22125.053063	-2336.606662	-802.807606	-17702.603960	62899.306464	-20055.750913	-30439.790242	6835.275213	7564.210303	-0.006745	0.974815	-0.168849	192.000000	127.500000	96.000000	15.000000	72.000000	125.000000	104.000000	0.000000	0.000000	0.000000	1741889946.895289	0.000000
66.000000	32907.691050	5636.327641	-41993.697523	-8131.899909	-25739.844232	-25596.211922	-15982.279597	22114.503040	-2345.904988	-814.654030	-17713.735129	62896.892476	-20066.546806	-30448.596829	6823.540547	7547.021812	-0.006745	0.974815	-0.168849	192.000000	0.000000	0.000000	0.000000	0.000000	0.000000	0.000000	0.000000	0.000000	0.000000	1741889946.895352	0.000000
68.000000	32907.065202	5639.300423	-42000.246584	-8131.654040	-25741.520612	-25597.105991	-15979.217408	22110.546781	-2334.773819	-808.104969	-17710.024740	62888.667034	-20052.129931	-30441.176050	6830.179015	7550.106353	-0.006745	0.974815	-0.168849	192.000000	0.000000	0.000000	0.000000	0.000000	0.000000	0.000000	0.000000	0.000000	0.000000	1741889946.895403	0.000000
70.000000	32906.729925	5642.876702	-42003.934622	-8126.356676	-25746.415644	-25596.413087	-15982.950149	22108.780993	-2345.525008	-811.770655	-17717.847850	62901.563990	-20077.454457	-30442.897134	6819.338419	7542.551463	-0.006745	0.974815	-0.168849	192.000000	0.000000	0.000000	0.000000	0.000000	0.000000	0.000000	0.000000	0.000000	0.000000	1741889946.895456	0.000000
72.000000	32919.515123	5659.126420	-41990.523576	-8106.038941	-25728.578952	-25579.716334	-15963.817056	22128.048197	-2337.701897	-803.232289	-17706.046129	62902.435708	-20062.344678	-30432.213000	6823.965230	7551.469809	-0.006745	0.974815	-0.168849	192.000000	0.000000	0.000000	0.000000	0.000000	0.000000	0.000000	0.000000	0.000000	0.000000	1741889946.895510	0.000000
74.000000	32917.771687	5648.509341	-41991.171776	-8112.051560	-25742.504089	-25588.858198	-15980.737326	22113.541915	-2336.025517	-808.328486	-17703.386271	62917.009046	-20058.611936	-30431.944779	6824.501672	7553.257949	-0.007373	0.974407	-0.171424	192.000000	127.500000	96.000000	15.000000	56.000000	125.000000	72.000000	0.000000	0.000000	0.000000	1741889946.895564	0.000000
76.000000	32911.267330	5648.934024	-41994.323372	-8110.330476	-25743.420511	-25585.907768	-15981.273768	22115.754737	-2327.353040	-807.926155	-17694.445574	62903.754461	-20053.538090	-30428.010872	6826.423922	7558.242388	-0.007373	0.974407	-0.171424	192.000000	0.000000	0.000000	0.000000	0.000000	0.000000	0.000000	0.000000	0.000000	0.000000	1741889946.955612	0.000000
78.000000	32895.576405	5629.242138	-42003.085256	-8120.791092	-25757.256241	-25598.849428	-15993.947207	22103.260112	-2353.884560	-827.685097	-17718.004312	62898.926484	-20070.570120	-30443.500631	6812.431730	7545.054858	-0.007373	0.974407	-0.171424	192.000000	0.000000	0.000000	0.000000	0.000000	0.000000	0.000000	0.000000	0.000000	0.000000	1741889946.955697	0.000000
80.000000	32891.083704	5633.019582	-41997.854948	-8110.039903	-25747.555583	-25592.233311	-15986.235855	22111.731423	-2359.181924	-828.534463	-17722.072330	62890.633987	-20070.301899	-30445.534640	6811.336495	7546.865350	-0.007373	0.974407	-0.171424	192.000000	0.000000	0.000000	0.000000	0.000000	0.000000	0.000000	0.000000	0.000000	0.000000	1741889946.955747	0.000000
82.000000	32911.557902	5643.927234	-41974.027988	-8100.898039	-25734.725682	-25585.728954	-15978.457448	22119.420423	-2343.401592	-818.297365	-17704.280341	62904.872048	-20053.605146	-30433.956436	6830.424885	7565.350242	-0.007373	0.974407	-0.171424	192.000000	0.000000	0.000000	0.000000	0.000000	0.000000	0.000000	0.000000	0.000000	0.000000	1741889946.955795	0.000000
84.000000	32911.803771	5657.517094	-41975.771424	-8096.293580	-25731.261162	-25576.207110	-15972.914216	22127.757624	-2338.707726	-817.827978	-17701.039338	62903.754461	-20055.594451	-30434.872858	6830.581347	7567.496010	-0.004686	0.976204	-0.171712	192.000000	127.500000	120.000000	15.000000	72.000000	125.000000	80.000000	0.000000	0.000000	0.000000	1741889946.955860	0.000000
86.000000	32924.276045	5663.552065	-41968.864735	-8098.707568	-25730.568258	-25579.381058	-15972.333070	22124.762490	-2328.403572	-797.264373	-17683.828495	62917.701950	-20047.100788	-30418.801954	6842.606585	7574.961492	-0.004686	0.976204	-0.171712	192.000000	0.000000	0.000000	0.000000	0.000000	0.000000	0.000000	0.000000	0.000000	0.000000	1741889946.955929	0.000000
88.000000	32908.585120	5656.108934	-41985.159157	-8109.995199	-25733.608095	-25584.834884	-15975.305852	22119.398072	-2336.897235	-805.869795	-17691.986882	62915.734996	-20052.241689	-30429.106108	6834.895233	7562.600978	-0.004686	0.976204	-0.171712	192.000000	0.000000	0.000000	0.000000	0.000000	0.000000	0.000000	0.000000	0.000000	0.000000	1741889946.955983	0.000000
90.000000	32909.948577	5647.794085	-41991.663515	-8122.869804	-25747.153252	-25591.696869	-15987.979291	22111.999644	-2337.858360	-805.132187	-17701.464021	62907.308389	-20056.242651	-30428.480259	6831.386010	7556.230731	-0.004686	0.976204	-0.171712	192.000000	0.000000	0.000000	0.000000	0.000000	0.000000	0.000000	0.000000	0.000000	0.000000	1741889947.014902	0.000000
92.000000	32897.118675	5648.308176	-42009.276689	-8124.948516	-25754.372865	-25595.541369	-15991.175591	22108.289255	-2346.754354	-813.424684	-17715.076234	62899.820554	-20070.659527	-30435.811631	6814.152815	7548.586434	-0.004686	0.976204	-0.171712	192.000000	0.000000	0.000000	0.000000	0.000000	0.000000	0.000000	0.000000	0.000000	0.000000	1741889947.015029	0.000000
94.000000	32909.456838	5654.141981	-42001.900614	-8121.238127	-25751.288325	-25594.110858	-15987.264036	22108.177496	-2348.207217	-810.697771	-17714.249219	62898.926484	-20069.474884	-30437.040977	6810.621239	7546.820646	-0.004343	0.976102	-0.171856	192.000000	127.500000	112.000000	15.000000	64.000000	125.000000	80.000000	0.000000	0.000000	0.000000	1741889947.015082	0.000000
96.000000	32903.824199	5652.219731	-42008.226157	-8121.461644	-25752.182395	-25593.306195	-15988.918065	22108.915104	-2341.188769	-806.316829	-17707.297827	62913.388063	-20061.540015	-30434.224657	6811.895288	7549.145228	-0.004343	0.976102	-0.171856	192.000000	0.000000	0.000000	0.000000	0.000000	0.000000	0.000000	0.000000	0.000000	0.000000	1741889947.015143	0.000000
98.000000	32912.206103	5652.398545	-42001.364172	-8116.700723	-25747.421473	-25589.126419	-15984.715937	22113.966598	-2345.189732	-811.100103	-17709.801222	62895.529019	-20073.989937	-30437.577419	6806.620277	7547.267681	-0.004343	0.976102	-0.171856	192.000000	0.000000	0.000000	0.000000	0.000000	0.000000	0.000000	0.000000	0.000000	0.000000	1741889947.015193	0.000000
100.000000	32896.314013	5641.446190	-42013.344707	-8126.043752	-25759.290249	-25598.022413	-15996.428251	22104.444755	-2347.380203	-813.536443	-17710.158850	62903.218019	-20070.458361	-30437.644474	6806.955553	7547.513550	-0.004343	0.976102	-0.171856	192.000000	0.000000	0.000000	0.000000	0.000000	0.000000	0.000000	0.000000	0.000000	0.000000	1741889947.015246	0.000000
102.000000	32906.417001	5646.251815	-42001.699448	-8116.030170	-25750.081331	-25591.182779	-15988.426326	22113.407804	-2350.375336	-818.632641	-17714.428033	62878.340528	-20069.273719	-30440.304332	6806.106187	7547.468847	-0.004343	0.976102	-0.171856	192.000000	0.000000	0.000000	0.000000	0.000000	0.000000	0.000000	0.000000	0.000000	0.000000	1741889947.015295	0.000000
104.000000	32910.999109	5655.170161	-41991.037666	-8105.971885	-25740.872412	-25581.303308	-15976.579902	22119.934514	-2346.687299	-812.709428	-17709.890629	62899.038243	-20065.384515	-30432.838849	6815.203347	7555.247254	-0.004172	0.975051	-0.170928	192.000000	127.500000	112.000000	15.000000	56.000000	125.000000	88.000000	0.000000	0.000000	0.000000	1741889947.015346	0.000000
106.000000	32919.783344	5659.618158	-41972.686884	-8097.142946	-25729.227153	-25571.781465	-15964.331146	22133.680836	-2333.477418	-800.192451	-17696.189010	62902.592171	-20049.715942	-30422.132364	6830.871919	7571.362862	-0.004172	0.975051	-0.170928	192.000000	0.000000	0.000000	0.000000	0.000000	0.000000	0.000000	0.000000	0.000000	0.000000	1741889947.074723	0.000000
108.000000	32896.984565	5640.015678	-41988.377808	-8113.146795	-25740.067749	-25581.750343	-15975.663480	22122.683778	-2340.585272	-810.049571	-17709.063614	62904.648531	-20053.560442	-30427.273265	6832.034210	7567.183085	-0.004172	0.975051	-0.170928	192.000000	0.000000	0.000000	0.000000	0.000000	0.000000	0.000000	0.000000	0.000000	0.000000	1741889947.074801	0.000000
110.000000	32909.546245	5653.024394	-41983.169852	-8105.144871	-25727.327255	-25570.619174	-15962.386544	22131.847993	-2339.244168	-809.446074	-17714.495088	62884.666071	-20051.526433	-30426.692119	6833.196501	7565.327891	-0.004172	0.975051	-0.170928	192.000000	0.000000	0.000000	0.000000	0.000000	0.000000	0.000000	0.000000	0.000000	0.000000	1741889947.074855	0.000000
112.000000	32903.444219	5642.988460	-41998.369038	-8119.025304	-25744.895726	-25584.723125	-15976.222274	22119.576886	-2335.220854	-806.585050	-17712.595190	62898.702967	-20049.917108	-30421.439459	6833.956460	7566.110202	-0.004172	0.975051	-0.170928	192.000000	0.000000	0.000000	0.000000	0.000000	0.000000	0.000000	0.000000	0.000000	0.000000	1741889947.074906	0.000000
114.000000	32907.288719	5652.152676	-41997.452616	-8111.582173	-25745.946258	-25582.107971	-15974.389431	22120.090976	-2345.636767	-817.760923	-17720.664170	62874.428973	-20071.620652	-30436.683349	6818.444350	7552.699155	-0.004086	0.972525	-0.168464	192.000000	127.500000	112.000000	15.000000	40.000000	125.000000	104.000000	0.000000	0.000000	0.000000	1741889947.074960	0.000000
116.000000	32910.887350	5655.125458	-41998.167872	-8110.598697	-25752.964706	-25584.231387	-15979.798553	22118.995740	-2341.233473	-805.914498	-17712.572838	62899.105298	-20067.776152	-30427.876762	6819.226661	7557.951815	-0.004086	0.972525	-0.168464	192.000000	0.000000	0.000000	0.000000	0.000000	0.000000	0.000000	0.000000	0.000000	0.000000	1741889947.075018	0.000000
118.000000	32910.574426	5658.388812	-41996.469140	-8108.207060	-25754.708142	-25585.460733	-15976.602254	22118.794575	-2339.020650	-805.914498	-17706.627274	62886.275397	-20063.506968	-30426.558009	6817.326762	7562.444516	-0.004086	0.972525	-0.168464	192.000000	0.000000	0.000000	0.000000	0.000000	0.000000	0.000000	0.000000	0.000000	0.000000	1741889947.075071	0.000000
120.000000	32922.845533	5660.579283	-41985.337971	-8104.407263	-25748.941392	-25578.598747	-15969.248530	22128.316418	-2338.439505	-806.897975	-17705.844963	62895.886647	-20068.670221	-30428.971997	6815.784492	7560.142286	-0.004086	0.972525	-0.168464	192.000000	0.000000	0.000000	0.000000	0.000000	0.000000	0.000000	0.000000	0.000000	0.000000	1741889947.134939	0.000000
122.000000	32905.232359	5648.218769	-41993.652820	-8111.448063	-25752.830595	-25587.092410	-15972.802457	22123.533144	-2338.663022	-815.548100	-17704.414452	62887.638854	-20067.440875	-30433.755271	6818.265536	7562.198646	-0.004086	0.972525	-0.168464	192.000000	0.000000	0.000000	0.000000	0.000000	0.000000	0.000000	0.000000	0.000000	0.000000	1741889947.135045	0.000000
124.000000	32911.826123	5647.592920	-41980.599401	-8105.703665	-25748.002618	-25583.918462	-15970.343765	22126.640037	-2341.389935	-820.778408	-17703.878010	62890.499877	-20062.747009	-30435.856335	6823.786417	7563.383289	-0.005043	0.970263	-0.165232	192.000000	127.500000	104.000000	15.000000	32.000000	125.000000	120.000000	0.000000	0.000000	0.000000	1741889947.135100	0.000000
126.000000	32893.609451	5634.740667	-41995.597422	-8118.019476	-25758.396179	-25601.799858	-15986.079393	22110.256208	-2350.576502	-833.675365	-17710.829402	62873.624310	-20073.185274	-30446.741634	6816.343286	7555.649585	-0.005043	0.970263	-0.165232	192.000000	0.000000	0.000000	0.000000	0.000000	0.000000	0.000000	0.000000	0.000000	0.000000	1741889947.135154	0.000000
128.000000	32906.774629	5641.937928	-41968.149479	-8101.725054	-25747.153252	-25589.707564	-15979.172704	22121.588543	-2344.139200	-832.781295	-17703.967417	62880.240426	-20060.422428	-30447.546297	6823.272326	7556.968338	-0.005043	0.970263	-0.165232	192.000000	0.000000	0.000000	0.000000	0.000000	0.000000	0.000000	0.000000	0.000000	0.000000	1741889947.135223	0.000000
130.000000	32892.357754	5641.200321	-41966.920133	-8096.450042	-25734.278647	-25584.276090	-15961.715992	22129.992799	-2340.294700	-828.914443	-17700.435841	62881.268606	-20051.951117	-30442.226582	6838.337402	7570.804068	-0.005043	0.970263	-0.165232	192.000000	0.000000	0.000000	0.000000	0.000000	0.000000	0.000000	0.000000	0.000000	0.000000	1741889947.135287	0.000000
132.000000	32895.978736	5635.344164	-41968.283590	-8108.765853	-25740.403025	-25590.378116	-15970.388469	22120.068624	-2349.704784	-832.110743	-17704.168582	62876.015946	-20058.164902	-30443.455928	6836.973946	7564.769097	-0.005043	0.970263	-0.165232	192.000000	0.000000	0.000000	0.000000	0.000000	0.000000	0.000000	0.000000	0.000000	0.000000	1741889947.135339	0.000000
134.000000	32894.168245	5644.307213	-41976.486680	-8113.459720	-25737.609057	-25591.808628	-15969.427344	22117.162897	-2343.826275	-827.841559	-17706.493164	62871.031507	-20055.080361	-30441.913657	6835.208158	7556.543655	-0.005521	0.970131	-0.167616	192.000000	127.500000	104.000000	15.000000	40.000000	125.000000	88.000000	0.000000	0.000000	0.000000	1741889947.135392	0.000000
136.000000	32900.873768	5643.435495	-41978.230116	-8122.914508	-25744.515746	-25600.861085	-15977.541027	22108.870400	-2336.964290	-817.358591	-17700.368786	62876.261816	-20045.603221	-30438.136213	6835.521082	7552.945024	-0.005521	0.970131	-0.167616	192.000000	0.000000	0.000000	0.000000	0.000000	0.000000	0.000000	0.000000	0.000000	0.000000	1741889947.195439	0.000000
138.000000	32902.170170	5649.559873	-41988.467215	-8119.427636	-25748.963743	-25601.375175	-15980.402050	22107.886923	-2345.234435	-826.321641	-17709.622408	62865.018888	-20051.258212	-30448.954457	6819.383123	7541.925614	-0.005521	0.970131	-0.167616	192.000000	0.000000	0.000000	0.000000	0.000000	0.000000	0.000000	0.000000	0.000000	0.000000	1741889947.195529	0.000000
140.000000	32898.303318	5636.282937	-42000.648916	-8134.559767	-25767.806264	-25618.384852	-15998.909294	22092.464220	-2343.736868	-831.507245	-17706.828440	62863.141342	-20065.585681	-30455.056483	6811.157681	7540.293937	-0.005521	0.970131	-0.167616	192.000000	0.000000	0.000000	0.000000	0.000000	0.000000	0.000000	0.000000	0.000000	0.000000	1741889947.195585	0.000000
142.000000	32908.451010	5655.326623	-41997.229099	-8117.795958	-25756.563336	-25599.564683	-15979.306815	22110.367967	-2350.643557	-837.899844	-17711.768176	62860.347374	-20074.392268	-30461.426730	6800.473547	7536.740009	-0.005521	0.970131	-0.167616	192.000000	0.000000	0.000000	0.000000	0.000000	0.000000	0.000000	0.000000	0.000000	0.000000	1741889947.195634	0.000000
144.000000	32904.315937	5647.615272	-42002.884090	-8127.183691	-25774.042401	-25602.537465	-15993.924855	22105.629397	-2346.664947	-826.075772	-17704.816783	62860.034449	-20072.984108	-30452.016646	6806.061483	7548.720544	-0.004761	0.971066	-0.170808	192.000000	127.500000	112.000000	15.000000	48.000000	125.000000	72.000000	0.000000	0.000000	0.000000	1741889947.195681	0.000000
146.000000	32910.619129	5662.747403	-41999.106645	-8111.850394	-25766.219290	-25579.537520	-15983.978329	22120.515659	-2348.967177	-820.554891	-17708.415414	62867.566987	-20078.057954	-30442.338341	6802.216983	7554.330832	-0.004761	0.971066	-0.170808	192.000000	0.000000	0.000000	0.000000	0.000000	0.000000	0.000000	0.000000	0.000000	0.000000	1741889947.195735	0.000000
148.000000	32915.737678	5665.183743	-41988.802491	-8101.725054	-25771.695467	-25571.222671	-15990.303873	22125.008360	-2343.423944	-804.439283	-17701.933408	62870.472714	-20069.676050	-30423.898151	6814.041056	7576.213190	-0.004761	0.971066	-0.170808	192.000000	0.000000	0.000000	0.000000	0.000000	0.000000	0.000000	0.000000	0.000000	0.000000	1741889947.195785	0.000000
150.000000	32919.023385	5675.465545	-41974.340913	-8082.726071	-25759.133787	-25557.945735	-15980.156181	22138.464110	-2344.340365	-811.256565	-17703.609789	62884.084926	-20075.375745	-30430.022529	6816.276230	7579.141269	-0.004761	0.971066	-0.170808	192.000000	0.000000	0.000000	0.000000	0.000000	0.000000	0.000000	0.000000	0.000000	0.000000	1741889947.255709	0.000000
152.000000	32926.824144	5676.225504	-41952.592665	-8071.796068	-25744.761615	-25560.091503	-15971.751925	22137.905316	-2326.458970	-790.737664	-17680.229864	62891.751574	-20038.897698	-30405.837942	6850.787324	7609.114958	-0.004761	0.971066	-0.170808	192.000000	0.000000	0.000000	0.000000	0.000000	0.000000	0.000000	0.000000	0.000000	0.000000	1741889947.255812	0.000000
154.000000	32909.032155	5658.522923	-41962.248619	-8092.717301	-25750.930697	-25580.453942	-15981.541989	22117.185249	-2347.983700	-808.484949	-17694.289111	62883.101449	-20061.271794	-30426.379195	6842.204254	7585.287998	-0.005380	0.972533	-0.172404	192.000000	127.500000	104.000000	15.000000	56.000000	125.000000	72.000000	0.000000	0.000000	0.000000	1741889947.255875	0.000000
156.000000	32909.926225	5651.973862	-41964.439090	-8108.184708	-25743.420511	-25590.311061	-15979.463277	22110.591484	-2340.920549	-818.118551	-17695.116126	62852.412504	-20052.129931	-30438.270323	6845.154684	7573.419222	-0.005380	0.972533	-0.172404	192.000000	0.000000	0.000000	0.000000	0.000000	0.000000	0.000000	0.000000	0.000000	0.000000	1741889947.255932	0.000000
158.000000	32905.277062	5648.665804	-41973.111567	-8120.411112	-25745.007485	-25598.827076	-15980.312643	22108.848048	-2342.976909	-822.298327	-17700.569952	62855.139417	-20042.339866	-30445.087605	6840.214949	7558.801181	-0.005380	0.972533	-0.172404	192.000000	0.000000	0.000000	0.000000	0.000000	0.000000	0.000000	0.000000	0.000000	0.000000	1741889947.255984	0.000000
160.000000	32895.464646	5636.551158	-41994.032799	-8133.598642	-25755.132825	-25609.332396	-15983.955977	22100.868476	-2355.493886	-833.831827	-17713.466908	62829.457263	-20052.107579	-30458.118672	6820.612469	7542.864387	-0.005380	0.972533	-0.172404	192.000000	0.000000	0.000000	0.000000	0.000000	0.000000	0.000000	0.000000	0.000000	0.000000	1741889947.256036	0.000000
162.000000	32880.868957	5613.931193	-42009.097875	-8147.590834	-25766.956898	-25618.921294	-15991.354405	22094.565284	-2355.180962	-838.033955	-17715.702083	62840.990763	-20063.506968	-30459.146852	6810.777701	7537.432913	-0.005380	0.972533	-0.172404	192.000000	0.000000	0.000000	0.000000	0.000000	0.000000	0.000000	0.000000	0.000000	0.000000	1741889947.256089	0.000000
164.000000	32855.544431	5584.426890	-42025.437000	-8160.241921	-25778.244529	-25624.844506	-15998.194039	22092.464220	-2374.805793	-869.974598	-17737.517385	62802.009320	-20078.840265	-30482.303260	6791.175221	7522.077265	-0.003690	0.976266	-0.172202	192.000000	127.500000	120.000000	15.000000	80.000000	125.000000	80.000000	0.000000	0.000000	0.000000	1741889947.256140	0.000000
166.000000	32848.235410	5575.061509	-42016.608061	-8150.340098	-25775.092933	-25612.483992	-15992.717861	22102.433098	-2383.947657	-887.163089	-17740.356057	62805.071509	-20085.590492	-30487.354754	6790.035282	7527.151111	-0.003690	0.976266	-0.172202	192.000000	0.000000	0.000000	0.000000	0.000000	0.000000	0.000000	0.000000	0.000000	0.000000	1741889947.315860	0.000000
168.000000	32825.704852	5560.979910	-42022.754791	-8148.373145	-25778.691563	-25608.907713	-15995.020091	22104.154182	-2400.219727	-885.531412	-17741.093664	62796.756661	-20089.949082	-30482.683239	6791.108166	7533.923690	-0.003690	0.976266	-0.172202	192.000000	0.000000	0.000000	0.000000	0.000000	0.000000	0.000000	0.000000	0.000000	0.000000	1741889947.315925	0.000000
170.000000	32835.338454	5565.897294	-42001.699448	-8131.475226	-25763.872357	-25594.155561	-15977.026937	22120.470955	-2386.026369	-876.411900	-17723.145214	62818.102577	-20078.750858	-30468.847509	6807.849623	7554.420239	-0.003690	0.976266	-0.172202	192.000000	0.000000	0.000000	0.000000	0.000000	0.000000	0.000000	0.000000	0.000000	0.000000	1741889947.315977	0.000000
172.000000	32809.991575	5553.156799	-42006.728590	-8127.273098	-25763.492377	-25590.311061	-15975.752887	22121.633246	-2398.520994	-882.156298	-17734.946935	62803.462184	-20088.429164	-30471.932050	6812.699951	7561.304577	-0.003690	0.976266	-0.172202	192.000000	0.000000	0.000000	0.000000	0.000000	0.000000	0.000000	0.000000	0.000000	0.000000	1741889947.316063	0.000000
174.000000	32804.671860	5544.797247	-41991.305887	-8115.359618	-25754.171700	-25582.666765	-15966.812189	22131.020979	-2404.645372	-876.568362	-17738.813786	62815.018036	-20079.644928	-30459.348018	6831.855396	7581.421147	-0.003690	0.976266	-0.172202	192.000000	0.000000	0.000000	15.000000	40.000000	125.000000	72.000000	0.000000	0.000000	0.000000	1741889947.316133	0.000000
176.000000	32787.349258	5535.610680	-41994.882166	-8117.974772	-25755.736322	-25586.399506	-15970.388469	22126.997665	-2419.308116	-891.074644	-17757.388086	62794.566190	-20091.156076	-30470.792111	6830.961326	7578.828344	-0.003690	0.976266	-0.172202	192.000000	0.000000	0.000000	0.000000	0.000000	0.000000	0.000000	0.000000	0.000000	0.000000	1741889947.316189	0.000000
178.000000	32802.235520	5546.518331	-41967.277761	-8103.401435	-25745.968610	-25587.271224	-15967.572149	22124.874249	-2412.334372	-878.535316	-17746.636897	62807.954885	-20075.018117	-30462.454911	6848.999184	7589.065443	-0.003690	0.976266	-0.172202	192.000000	0.000000	0.000000	0.000000	0.000000	0.000000	0.000000	0.000000	0.000000	0.000000	1741889947.316253	0.000000
180.000000	32814.551331	5566.165515	-41954.783136	-8092.650246	-25735.887973	-25580.789218	-15962.051268	22127.757624	-2398.744511	-871.382758	-17727.816728	62816.515603	-20056.734390	-30460.420902	6858.364565	7586.271475	-0.003690	0.976266	-0.172202	192.000000	0.000000	0.000000	0.000000	0.000000	0.000000	0.000000	0.000000	0.000000	0.000000	1741889947.375186	0.000000
182.000000	32835.539619	5580.470631	-41949.932808	-8092.672597	-25741.006522	-25578.263471	-15964.621718	22132.071511	-2380.773709	-846.929949	-17704.146231	62836.520414	-20048.017210	-30442.763024	6866.657062	7592.775833	-0.003690	0.976266	-0.172202	192.000000	0.000000	0.000000	0.000000	0.000000	0.000000	0.000000	0.000000	0.000000	0.000000	1741889947.375303	0.000000
184.000000	32841.261666	5595.401596	-41966.696616	-8095.220696	-25740.470080	-25571.446189	-15961.604233	22137.681799	-2377.331540	-846.438211	-17708.795394	62828.876117	-20056.555576	-30450.004989	6841.421943	7578.761289	-0.003690	0.976266	-0.172202	192.000000	0.000000	0.000000	15.000000	56.000000	125.000000	64.000000	0.000000	0.000000	0.000000	1741889947.375357	0.000000
186.000000	32821.413317	5564.399727	-41998.816073	-8135.677354	-25768.856796	-25606.449021	-15990.728556	22107.618702	-2383.835898	-855.691833	-17720.507708	62819.957771	-20062.210567	-30459.102149	6822.802940	7565.238484	-0.003690	0.976266	-0.172202	192.000000	0.000000	0.000000	0.000000	0.000000	0.000000	0.000000	0.000000	0.000000	0.000000	1741889947.375408	0.000000
188.000000	32831.225733	5585.566829	-41999.576032	-8125.104979	-25759.960802	-25591.607462	-15978.166876	22124.382511	-2395.771729	-861.682100	-17734.879879	62808.580733	-20073.632309	-30470.210966	6804.765082	7550.262815	-0.003690	0.976266	-0.172202	192.000000	0.000000	0.000000	0.000000	0.000000	0.000000	0.000000	0.000000	0.000000	0.000000	1741889947.375457	0.000000
190.000000	32837.126593	5587.153803	-42000.581861	-8137.778418	-25765.325220	-25600.279939	-15984.827695	22117.900505	-2387.635694	-844.471257	-17723.838118	62813.185193	-20067.396172	-30460.465605	6810.107149	7557.996518	-0.003690	0.976266	-0.172202	192.000000	0.000000	0.000000	0.000000	0.000000	0.000000	0.000000	0.000000	0.000000	0.000000	1741889947.375506	0.000000
192.000000	32824.475506	5584.896277	-42015.758695	-8145.087438	-25767.940374	-25597.731840	-15986.973463	22123.130813	-2397.068131	-849.925083	-17735.841004	62807.686664	-20079.890797	-30470.769760	6803.312219	7552.676803	-0.003690	0.976266	-0.172202	192.000000	0.000000	0.000000	0.000000	0.000000	0.000000	0.000000	0.000000	0.000000	0.000000	1741889947.375557	0.000000
194.000000	32824.117878	5580.761204	-42009.835483	-8149.222511	-25758.195014	-25597.284805	-15979.731498	22128.942267	-2397.738683	-836.648147	-17735.930411	62798.835373	-20082.729469	-30463.259573	6807.402588	7560.678728	-0.002845	0.975133	-0.173101	192.000000	127.500000	120.000000	15.000000	56.000000	125.000000	72.000000	0.000000	0.000000	0.000000	1741889947.375618	0.000000
196.000000	32816.808858	5576.223800	-42020.050230	-8148.887235	-25756.630392	-25594.781410	-15978.077469	22128.137604	-2410.345067	-853.613121	-17748.335630	62793.381547	-20089.367937	-30471.663829	6799.959457	7553.459114	-0.002845	0.975133	-0.173101	192.000000	0.000000	0.000000	0.000000	0.000000	0.000000	0.000000	0.000000	0.000000	0.000000	1741889947.435081	0.000000
198.000000	32826.062480	5577.788422	-42013.478817	-8143.478113	-25757.747979	-25592.166256	-15980.066774	22132.362083	-2398.833918	-848.695737	-17748.447388	62785.916064	-20081.455419	-30464.891251	6803.714550	7562.891550	-0.002845	0.975133	-0.173101	192.000000	0.000000	0.000000	0.000000	0.000000	0.000000	0.000000	0.000000	0.000000	0.000000	1741889947.435179	0.000000
200.000000	32840.725224	5593.255829	-41989.897727	-8124.657944	-25730.992941	-25574.597785	-15946.136826	22152.232784	-2384.573505	-848.539275	-17740.177243	62804.803289	-20067.686745	-30457.448120	6821.171262	7578.224847	-0.002845	0.975133	-0.173101	192.000000	0.000000	0.000000	0.000000	0.000000	0.000000	0.000000	0.000000	0.000000	0.000000	1741889947.435240	0.000000
202.000000	32840.568762	5594.105195	-41983.572183	-8117.661848	-25735.999732	-25570.820340	-15953.334088	22149.885851	-2381.041930	-842.660766	-17737.651496	62798.790669	-20064.982184	-30446.406358	6836.973946	7593.602847	-0.002845	0.975133	-0.173101	192.000000	0.000000	0.000000	0.000000	0.000000	0.000000	0.000000	0.000000	0.000000	0.000000	1741889947.435297	0.000000
204.000000	32850.202364	5600.944829	-41978.028950	-8112.632705	-25734.703330	-25564.494796	-15952.238852	22156.278450	-2371.989473	-842.213731	-17733.382312	62817.543783	-20061.852939	-30438.873820	6838.247995	7598.095548	-0.004423	0.972567	-0.175551	192.000000	127.500000	104.000000	15.000000	40.000000	125.000000	56.000000	0.000000	0.000000	0.000000	1741889947.435352	0.000000
206.000000	32852.772814	5608.834995	-41986.790834	-8119.897022	-25744.962781	-25575.089523	-15966.722782	22142.040389	-2373.084709	-842.839580	-17732.220022	62806.546725	-20061.003573	-30440.103166	6831.654231	7593.334626	-0.004423	0.972567	-0.175551	192.000000	0.000000	0.000000	0.000000	0.000000	0.000000	0.000000	0.000000	0.000000	0.000000	1741889947.435410	0.000000
208.000000	32862.987562	5618.848576	-41988.467215	-8122.445121	-25748.650819	-25584.454904	-15970.857855	22133.949057	-2368.837877	-838.637452	-17728.263763	62821.075359	-20068.156131	-30444.551163	6818.421998	7579.297731	-0.004423	0.972567	-0.175551	192.000000	0.000000	0.000000	0.000000	0.000000	0.000000	0.000000	0.000000	0.000000	0.000000	1741889947.435459	0.000000
210.000000	32876.286850	5634.606556	-41990.389465	-8113.794996	-25749.008447	-25581.280956	-15968.980309	22134.865479	-2363.518162	-835.687022	-17722.005275	62816.783824	-20067.217358	-30448.820346	6812.431730	7574.112126	-0.004423	0.972567	-0.175551	192.000000	0.000000	0.000000	0.000000	0.000000	0.000000	0.000000	0.000000	0.000000	0.000000	1741889947.495361	0.000000
212.000000	32878.119693	5635.768847	-41996.335029	-8116.946592	-25757.233889	-25589.059363	-15977.921006	22126.863554	-2358.533723	-825.516978	-17716.193821	62845.170539	-20069.340774	-30440.170221	6814.443387	7575.117955	-0.004423	0.972567	-0.175551	192.000000	0.000000	0.000000	0.000000	0.000000	0.000000	0.000000	0.000000	0.000000	0.000000	1741889947.495424	0.000000
214.000000	32886.166321	5649.604577	-41986.924945	-8098.908734	-25738.972514	-25572.899052	-15953.825826	22147.427159	-2359.114869	-821.605423	-17716.707911	62837.950926	-20077.119181	-30438.583247	6812.118806	7578.537772	-0.004423	0.972567	-0.175551	192.000000	0.000000	0.000000	15.000000	40.000000	125.000000	96.000000	0.000000	0.000000	0.000000	1741889947.495473	0.000000
216.000000	32881.964193	5644.374269	-41981.538174	-8103.624952	-25743.174642	-25579.045782	-15955.636317	22144.253212	-2353.549284	-815.950431	-17711.008216	62849.439722	-20066.390343	-30433.040015	6828.189710	7590.428900	-0.004423	0.972567	-0.175551	192.000000	0.000000	0.000000	0.000000	0.000000	0.000000	0.000000	0.000000	0.000000	0.000000	1741889947.495550	0.000000
218.000000	32881.092475	5643.055516	-41979.705331	-8105.211926	-25739.330141	-25576.207110	-15951.188320	22150.377590	-2355.091555	-817.827978	-17708.258952	62833.681742	-20067.038544	-30434.269361	6837.242167	7597.961437	-0.004423	0.972567	-0.175551	192.000000	0.000000	0.000000	0.000000	0.000000	0.000000	0.000000	0.000000	0.000000	0.000000	1741889947.495623	0.000000
220.000000	32861.333532	5619.519129	-41995.955050	-8128.971830	-25748.963743	-25592.613291	-15962.274785	22136.921839	-2365.239247	-836.312871	-17717.467870	62825.299838	-20071.039506	-30447.501594	6831.542472	7588.417243	-0.004423	0.972567	-0.175551	192.000000	0.000000	0.000000	0.000000	0.000000	0.000000	0.000000	0.000000	0.000000	0.000000	1741889947.495676	0.000000
222.000000	32868.441387	5632.885472	-42000.470102	-8124.881461	-25736.290304	-25572.720238	-15948.774332	22160.033543	-2369.597837	-844.068926	-17727.213231	62800.310588	-20076.448628	-30452.418977	6824.926355	7590.384196	-0.004423	0.972567	-0.175551	192.000000	0.000000	0.000000	0.000000	0.000000	0.000000	0.000000	0.000000	0.000000	0.000000	1741889947.495729	0.000000
224.000000	32861.914678	5618.937983	-42009.701372	-8142.472284	-25749.053150	-25583.225558	-15960.218425	22145.974296	-2358.891351	-835.016469	-17727.839080	62809.430100	-20069.564291	-30442.695968	6826.938012	7596.799147	-0.001211	0.973283	-0.171775	192.000000	0.000000	8.000000	15.000000	56.000000	125.000000	96.000000	0.000000	0.000000	0.000000	1741889947.495781	0.000000
226.000000	32859.634800	5627.543405	-42012.361230	-8133.956269	-25747.980267	-25580.565701	-15958.743210	22144.901412	-2372.034177	-852.920217	-17747.106284	62784.306739	-20082.438896	-30458.364541	6809.637762	7578.023681	-0.001211	0.973283	-0.171775	192.000000	0.000000	0.000000	0.000000	0.000000	0.000000	0.000000	0.000000	0.000000	0.000000	1741889947.555706	0.000000
228.000000	32858.405454	5619.005039	-42006.661535	-8135.766761	-25761.056037	-25594.423782	-15975.909349	22127.690569	-2363.920494	-836.067001	-17733.181147	62802.031672	-20075.688669	-30448.328608	6812.454082	7580.415318	-0.001211	0.973283	-0.171775	192.000000	0.000000	0.000000	0.000000	0.000000	0.000000	0.000000	0.000000	0.000000	0.000000	1741889947.555786	0.000000
230.000000	32871.101245	5638.831036	-41994.055151	-8122.936859	-25749.343723	-25592.702698	-15970.433172	22125.947133	-2367.072090	-840.604405	-17731.996504	62796.242570	-20070.123085	-30456.464643	6807.156719	7568.814763	-0.001211	0.973283	-0.171775	192.000000	0.000000	0.000000	0.000000	0.000000	0.000000	0.000000	0.000000	0.000000	0.000000	1741889947.555835	0.000000
232.000000	32875.750408	5635.366516	-41993.831634	-8133.173958	-25761.436017	-25603.632701	-15982.503114	22112.893714	-2359.494848	-832.133094	-17723.368731	62803.529239	-20078.884969	-30452.016646	6808.408416	7563.383289	-0.001211	0.973283	-0.171775	192.000000	0.000000	0.000000	0.000000	0.000000	0.000000	0.000000	0.000000	0.000000	0.000000	1741889947.555886	0.000000
234.000000	32873.135254	5632.326678	-42004.068733	-8140.237110	-25768.990906	-25612.148716	-15991.242646	22101.941359	-2359.159572	-837.676327	-17723.368731	62798.276579	-20082.058916	-30458.163376	6804.206288	7554.152018	0.000394	0.972642	-0.170888	192.000000	0.000000	8.000000	15.000000	48.000000	125.000000	88.000000	0.000000	0.000000	0.000000	1741889947.555935	0.000000
236.000000	32890.100228	5647.078830	-41990.992962	-8121.439293	-25764.475854	-25600.235236	-15987.755774	22109.831525	-2359.405441	-837.162237	-17724.821594	62797.650730	-20083.310614	-30461.314972	6798.819518	7552.229768	0.000394	0.972642	-0.170888	192.000000	0.000000	0.000000	0.000000	0.000000	0.000000	0.000000	0.000000	0.000000	0.000000	1741889947.555987	0.000000
238.000000	32896.761047	5659.662862	-41980.867622	-8103.714359	-25749.299019	-25586.578320	-15974.501190	22124.740139	-2351.068241	-818.833806	-17710.717644	62823.288181	-20064.266928	-30442.695968	6813.996352	7571.564027	0.000394	0.972642	-0.170888	192.000000	0.000000	0.000000	0.000000	0.000000	0.000000	0.000000	0.000000	0.000000	0.000000	1741889947.556047	0.000000
240.000000	32909.054507	5659.819324	-41969.155308	-8102.127385	-25745.990961	-25583.672593	-15969.852027	22130.439833	-2341.680508	-815.905728	-17698.290074	62821.276524	-20065.116294	-30438.091509	6827.854434	7583.477507	0.000394	0.972642	-0.170888	192.000000	0.000000	0.000000	0.000000	0.000000	0.000000	0.000000	0.000000	0.000000	0.000000	1741889947.615944	0.000000
242.000000	32898.839760	5659.126420	-41972.441014	-8098.372292	-25746.058017	-25581.370363	-15971.193131	22129.389301	-2340.942900	-815.816321	-17693.149172	62833.637039	-20064.579852	-30433.710567	6836.079876	7591.255914	0.000394	0.972642	-0.170888	192.000000	0.000000	0.000000	0.000000	0.000000	0.000000	0.000000	0.000000	0.000000	0.000000	1741889947.616047	0.000000
244.000000	32900.113809	5655.192513	-41967.367168	-8102.663827	-25743.174642	-25580.699811	-15968.242701	22130.775110	-2343.088668	-821.292498	-17697.865391	62819.242515	-20061.987050	-30436.079852	6837.532739	7593.245219	-0.000803	0.973321	-0.170444	192.000000	127.500000	120.000000	15.000000	56.000000	125.000000	88.000000	0.000000	0.000000	0.000000	1741889947.616101	0.000000
246.000000	32880.131350	5634.718315	-41991.350590	-8127.474264	-25758.418531	-25596.748364	-15980.692623	22117.140546	-2352.878732	-839.509170	-17712.148155	62807.530201	-20070.212492	-30448.194498	6829.240242	7581.175277	-0.000803	0.973321	-0.170444	192.000000	0.000000	0.000000	0.000000	0.000000	0.000000	0.000000	0.000000	0.000000	0.000000	1741889947.616158	0.000000
248.000000	32892.715382	5643.390792	-41986.567317	-8125.261441	-25749.589592	-25585.684250	-15973.383602	22125.164822	-2352.007014	-845.588844	-17716.842022	62782.608006	-20063.574024	-30450.921410	6824.434617	7574.536809	-0.000803	0.973321	-0.170444	192.000000	0.000000	0.000000	0.000000	0.000000	0.000000	0.000000	0.000000	0.000000	0.000000	1741889947.616212	0.000000
250.000000	32895.934033	5654.924292	-41994.882166	-8124.277964	-25750.215441	-25578.196416	-15971.036669	22131.780938	-2350.800020	-836.067001	-17712.952818	62804.065681	-20072.000631	-30442.539506	6825.619260	7577.464888	-0.000803	0.973321	-0.170444	192.000000	0.000000	0.000000	0.000000	0.000000	0.000000	0.000000	0.000000	0.000000	0.000000	1741889947.616270	0.000000
252.000000	32905.053545	5666.368385	-41995.932698	-8119.405284	-25749.835461	-25579.358706	-15969.740268	22130.395130	-2350.218874	-823.751190	-17710.404719	62797.315454	-20068.379649	-30439.387910	6825.283983	7579.744766	-0.000803	0.973321	-0.170444	192.000000	0.000000	0.000000	0.000000	0.000000	0.000000	0.000000	0.000000	0.000000	0.000000	1741889947.616319	0.000000
254.000000	32906.662870	5669.296464	-41997.094988	-8119.718208	-25754.596383	-25588.612329	-15972.958919	22122.080281	-2352.655214	-823.304155	-17709.041263	62814.459242	-20073.945233	-30443.567687	6815.896251	7572.793373	-0.003401	0.970660	-0.169222	192.000000	127.500000	104.000000	15.000000	32.000000	125.000000	96.000000	0.000000	0.000000	0.000000	1741889947.616368	0.000000
0.000000	32901.030231	5663.775583	-42002.928794	-8132.078723	-25768.298002	-25606.560779	-15986.906408	22105.048252	-2346.821409	-821.225443	-17709.242428	62799.394166	-20078.281472	-30446.205192	6809.101320	7565.909036	-0.003401	0.970660	-0.169222	192.000000	0.000000	0.000000	0.000000	0.000000	0.000000	0.000000	0.000000	0.000000	0.000000	1741889947.676162	0.000000
2.000000	32900.180864	5667.821249	-41998.681962	-8127.429560	-25771.136674	-25610.360576	-15991.309701	22098.230970	-2358.734889	-825.964013	-17717.646684	62803.775108	-20080.293129	-30456.755216	6798.260724	7552.274472	-0.003401	0.970660	-0.169222	192.000000	0.000000	0.000000	0.000000	0.000000	0.000000	0.000000	0.000000	0.000000	0.000000	1741889947.676223	0.000000
4.000000	32908.518065	5675.018510	-41988.444863	-8121.148720	-25764.319392	-25606.136096	-15990.013300	22098.678005	-2350.509447	-819.638469	-17709.443594	62799.170649	-20082.237730	-30451.703721	6798.417187	7552.766210	-0.003401	0.970660	-0.169222	192.000000	0.000000	0.000000	0.000000	0.000000	0.000000	0.000000	0.000000	0.000000	0.000000	1741889947.676301	0.000000
6.000000	32909.032155	5676.516077	-41978.073654	-8116.186633	-25754.931659	-25602.068079	-15981.698451	22103.908313	-2339.780610	-816.978612	-17699.050033	62812.447585	-20067.440875	-30444.372349	6808.319009	7557.527132	-0.003401	0.970660	-0.169222	192.000000	0.000000	0.000000	0.000000	0.000000	0.000000	0.000000	0.000000	0.000000	0.000000	1741889947.676370	0.000000
8.000000	32919.403365	5692.698740	-41961.131032	-8092.873763	-25736.737339	-25578.799913	-15962.498303	22127.511755	-2331.219891	-815.034010	-17690.668129	62800.981140	-20053.851015	-30438.672654	6819.561937	7569.842943	-0.002701	0.970330	-0.170611	192.000000	127.500000	120.000000	15.000000	40.000000	125.000000	80.000000	0.000000	0.000000	0.000000	1741889947.676423	0.000000
10.000000	32912.340213	5680.137060	-41966.361340	-8098.864031	-25750.215441	-25586.041878	-15973.204788	22121.208563	-2322.905043	-796.683228	-17682.912073	62823.556402	-20046.743160	-30421.864143	6835.923414	7592.015873	-0.002701	0.970330	-0.170611	192.000000	0.000000	0.000000	0.000000	0.000000	0.000000	0.000000	0.000000	0.000000	0.000000	1741889947.676479	0.000000
12.000000	32898.258614	5670.034071	-41978.297171	-8101.143909	-25750.193089	-25585.192512	-15968.935605	22124.695435	-2350.487095	-816.911556	-17709.533001	62795.259094	-20072.291204	-30440.349035	6828.145007	7586.137365	-0.002701	0.970330	-0.170611	192.000000	0.000000	0.000000	0.000000	0.000000	0.000000	0.000000	0.000000	0.000000	0.000000	1741889947.676530	0.000000
14.000000	32904.517103	5669.072946	-41967.881258	-8094.639551	-25747.019142	-25578.710506	-15966.119285	22131.579772	-2347.916645	-818.431475	-17706.850792	62800.757623	-20066.703268	-30435.722224	6839.678507	7597.872030	-0.002701	0.970330	-0.170611	192.000000	0.000000	0.000000	0.000000	0.000000	0.000000	0.000000	0.000000	0.000000	0.000000	1741889947.736430	0.000000
16.000000	32897.208082	5669.475278	-41971.546945	-8090.996217	-25744.538098	-25571.692058	-15962.587710	22137.659447	-2355.315072	-813.782312	-17707.834269	62799.103594	-20068.983146	-30431.497745	6846.607548	7608.399702	-0.002701	0.970330	-0.170611	192.000000	0.000000	0.000000	0.000000	0.000000	0.000000	0.000000	0.000000	0.000000	0.000000	1741889947.736526	0.000000
18.000000	32917.347004	5680.740557	-41955.721909	-8082.390795	-25730.635313	-25557.565756	-15947.969669	22153.082151	-2342.507522	-810.943641	-17696.010196	62808.670140	-20062.322326	-30426.088622	6857.984586	7620.782569	-0.002350	0.971165	-0.173305	192.000000	127.500000	120.000000	15.000000	48.000000	125.000000	64.000000	0.000000	0.000000	0.000000	1741889947.736576	0.000000
20.000000	32916.296472	5686.931990	-41974.631485	-8090.727996	-25733.518688	-25554.771787	-15948.394352	22155.764360	-2343.982738	-809.334315	-17698.915923	62806.882001	-20061.428256	-30426.602712	6849.937958	7616.133406	-0.002350	0.971165	-0.173305	192.000000	0.000000	0.000000	0.000000	0.000000	0.000000	0.000000	0.000000	0.000000	0.000000	1741889947.736629	0.000000
22.000000	32926.175943	5691.804670	-41973.245677	-8100.428653	-25738.100796	-25560.717352	-15953.736419	22145.706075	-2336.047868	-800.013638	-17689.461135	62816.917934	-20056.175596	-30416.611483	6844.350021	7613.451196	-0.002350	0.971165	-0.173305	192.000000	0.000000	0.000000	0.000000	0.000000	0.000000	0.000000	0.000000	0.000000	0.000000	1741889947.736679	0.000000
24.000000	32926.779440	5693.615162	-41982.365189	-8107.357694	-25746.214479	-25569.479235	-15963.079448	22133.949057	-2338.797133	-800.818300	-17690.377556	62808.759547	-20065.406867	-30425.954512	6826.960364	7595.189821	-0.002350	0.971165	-0.173305	192.000000	0.000000	0.000000	0.000000	0.000000	0.000000	0.000000	0.000000	0.000000	0.000000	1741889947.736728	0.000000
26.000000	32928.187600	5687.826060	-41974.072692	-8116.052522	-25753.188223	-25584.164331	-15971.528408	22119.889810	-2332.471589	-801.511204	-17685.795449	62809.787728	-20052.532262	-30425.127497	6823.875823	7589.333664	-0.002350	0.971165	-0.173305	192.000000	0.000000	0.000000	0.000000	0.000000	0.000000	0.000000	0.000000	0.000000	0.000000	1741889947.736786	0.000000
28.000000	32909.658004	5679.757080	-41986.544965	-8123.361543	-25761.681886	-25593.328547	-15978.278634	22112.245513	-2345.748525	-819.057324	-17697.708928	62798.410690	-20071.799466	-30443.210059	6807.268477	7565.931388	-0.002350	0.971165	-0.173305	192.000000	0.000000	0.000000	15.000000	48.000000	125.000000	80.000000	0.000000	0.000000	0.000000	1741889947.736849	0.000000
30.000000	32906.372298	5670.279940	-41984.756826	-8130.983487	-25766.912194	-25610.047652	-15986.191152	22097.582769	-2356.052680	-820.800760	-17704.593266	62790.699338	-20074.325213	-30447.635704	6804.005123	7556.901283	-0.002350	0.971165	-0.173305	192.000000	0.000000	0.000000	0.000000	0.000000	0.000000	0.000000	0.000000	0.000000	0.000000	1741889947.795373	0.000000
32.000000	32911.021460	5679.242990	-41975.749073	-8113.526775	-25751.400083	-25596.346032	-15973.718878	22108.736290	-2342.999261	-819.839635	-17698.267722	62797.896600	-20065.831550	-30447.635704	6806.799091	7559.136457	-0.002350	0.971165	-0.173305	192.000000	0.000000	0.000000	0.000000	0.000000	0.000000	0.000000	0.000000	0.000000	0.000000	1741889947.795460	0.000000
34.000000	32916.184713	5677.946589	-41962.047453	-8106.374217	-25746.616810	-25592.568587	-15965.649899	22117.609932	-2336.651365	-812.687077	-17689.662300	62800.511754	-20053.672201	-30436.258666	6818.466701	7572.502801	-0.002350	0.971165	-0.173305	192.000000	0.000000	0.000000	0.000000	0.000000	0.000000	0.000000	0.000000	0.000000	0.000000	1741889947.795516	0.000000
36.000000	32913.770725	5681.165240	-41959.164078	-8095.220696	-25739.732473	-25578.285823	-15956.977422	22128.986970	-2337.701897	-808.976687	-17688.231789	62805.451489	-20048.821872	-30430.961303	6830.782513	7586.025606	-0.002350	0.971165	-0.173305	192.000000	0.000000	0.000000	0.000000	0.000000	0.000000	0.000000	0.000000	0.000000	0.000000	1741889947.795569	0.000000
38.000000	32906.104077	5668.067118	-41961.756880	-8098.975789	-25744.985133	-25576.028296	-15957.580919	22133.300857	-2340.473514	-811.390675	-17693.573856	62789.090012	-20043.524509	-30427.876762	6842.248957	7604.376388	-0.000175	0.972583	-0.172653	192.000000	0.000000	8.000000	15.000000	56.000000	125.000000	80.000000	0.000000	0.000000	0.000000	1741889947.795622	0.000000
40.000000	32902.617205	5667.798897	-41964.863773	-8094.930124	-25738.972514	-25564.181872	-15946.941489	22145.259040	-2358.578427	-825.964013	-17710.963513	62785.044346	-20066.613861	-30434.023492	6844.640594	7608.802034	-0.000175	0.972583	-0.172653	192.000000	0.000000	0.000000	0.000000	0.000000	0.000000	0.000000	0.000000	0.000000	0.000000	1741889947.795677	0.000000
42.000000	32897.386896	5660.556932	-41975.190279	-8110.822214	-25750.282496	-25575.089523	-15958.564396	22135.848956	-2354.197485	-821.739533	-17709.555353	62773.466143	-20066.949137	-30430.223695	6851.591987	7617.966249	-0.000175	0.972583	-0.172653	192.000000	0.000000	0.000000	0.000000	0.000000	0.000000	0.000000	0.000000	0.000000	0.000000	1741889947.795724	0.000000
44.000000	32899.264443	5660.802801	-41986.969648	-8124.188557	-25752.316505	-25579.783390	-15962.051268	22133.233802	-2361.797078	-830.948452	-17720.194783	62776.573035	-20075.621614	-30441.377216	6836.549263	7601.716531	-0.000175	0.972583	-0.172653	192.000000	0.000000	0.000000	0.000000	0.000000	0.000000	0.000000	0.000000	0.000000	0.000000	1741889947.855645	0.000000
46.000000	32906.260539	5663.440307	-41995.351552	-8136.370258	-25766.174587	-25594.088506	-15980.513809	22116.224124	-2363.674624	-833.585958	-17720.463004	62760.233910	-20079.980204	-30449.334437	6823.451140	7587.836097	-0.000175	0.972583	-0.172653	192.000000	0.000000	0.000000	0.000000	0.000000	0.000000	0.000000	0.000000	0.000000	0.000000	1741889947.855709	0.000000
48.000000	32910.194446	5674.593827	-41994.055151	-8133.017496	-25765.571089	-25598.581207	-15982.033727	22110.412670	-2366.982683	-836.201112	-17720.440652	62773.443791	-20087.088059	-30457.515175	6802.842832	7565.752574	-0.001088	0.976291	-0.174326	192.000000	127.500000	120.000000	15.000000	80.000000	125.000000	64.000000	0.000000	0.000000	0.000000	1741889947.855785	0.000000
50.000000	32926.891199	5688.943647	-41984.265087	-8118.667676	-25770.041438	-25598.491800	-15986.928759	22104.690624	-2348.676604	-816.017487	-17699.519420	62781.356309	-20073.699364	-30447.121614	6803.423977	7567.853638	-0.001088	0.976291	-0.174326	192.000000	0.000000	0.000000	0.000000	0.000000	0.000000	0.000000	0.000000	0.000000	0.000000	1741889947.855848	0.000000
52.000000	32934.200219	5693.704569	-41979.861794	-8114.689066	-25770.622584	-25599.788201	-15984.492419	22107.618702	-2340.182941	-809.289611	-17690.176390	62800.869382	-20071.419486	-30443.031245	6797.523117	7564.523228	-0.001088	0.976291	-0.174326	192.000000	0.000000	0.000000	0.000000	0.000000	0.000000	0.000000	0.000000	0.000000	0.000000	1741889947.855912	0.000000
54.000000	32931.361548	5691.089414	-41980.644105	-8114.867880	-25771.717819	-25600.078774	-15983.978329	22110.479726	-2347.067278	-813.469388	-17696.837210	62780.015204	-20072.000631	-30451.256687	6796.025550	7563.539751	-0.001088	0.976291	-0.174326	192.000000	0.000000	0.000000	0.000000	0.000000	0.000000	0.000000	0.000000	0.000000	0.000000	1741889947.855963	0.000000
56.000000	32939.855211	5696.967923	-41964.573200	-8104.943705	-25761.100741	-25587.047706	-15975.462315	22118.638112	-2338.707726	-799.097216	-17685.527228	62800.467050	-20056.153245	-30434.112899	6812.767006	7579.297731	-0.001088	0.976291	-0.174326	192.000000	0.000000	0.000000	0.000000	0.000000	0.000000	0.000000	0.000000	0.000000	0.000000	1741889947.856017	0.000000
58.000000	32945.689016	5706.355656	-41954.291398	-8085.564743	-25752.115339	-25563.645430	-15966.052230	22135.826604	-2333.455066	-791.028236	-17684.655510	62788.933550	-20057.069666	-30422.199419	6825.373390	7593.826365	-0.001544	0.975146	-0.176163	192.000000	127.500000	120.000000	15.000000	56.000000	125.000000	56.000000	0.000000	0.000000	0.000000	1741889947.856071	0.000000
60.000000	32927.584103	5683.489821	-41965.601381	-8098.953438	-25765.392275	-25574.888358	-15977.853951	22123.756662	-2328.224758	-782.892201	-17685.571931	62803.864515	-20052.420503	-30409.682442	6833.889405	7606.030417	-0.001544	0.975146	-0.176163	192.000000	0.000000	0.000000	0.000000	0.000000	0.000000	0.000000	0.000000	0.000000	0.000000	1741889947.915876	0.000000
62.000000	32915.938844	5667.463621	-41974.944410	-8113.035037	-25767.761560	-25587.628852	-15982.659576	22116.380586	-2349.347156	-807.635582	-17705.710853	62767.654689	-20064.423390	-30430.871896	6828.614393	7596.128594	-0.001544	0.975146	-0.176163	192.000000	0.000000	0.000000	0.000000	0.000000	0.000000	0.000000	0.000000	0.000000	0.000000	1741889947.915954	0.000000
64.000000	32906.282891	5651.504475	-41980.442939	-8123.495653	-25766.241642	-25598.447096	-15983.821867	22111.574961	-2363.607569	-833.451847	-17722.474661	62751.740247	-20076.068649	-30456.017608	6816.499748	7578.001330	-0.001544	0.975146	-0.176163	192.000000	0.000000	0.000000	0.000000	0.000000	0.000000	0.000000	0.000000	0.000000	0.000000	1741889947.916006	0.000000
66.000000	32913.614263	5670.816382	-41978.632448	-8109.212888	-25749.790758	-25583.270262	-15966.007527	22126.215354	-2353.236360	-825.427571	-17711.432899	62749.393314	-20062.277622	-30448.574477	6829.173187	7593.088757	-0.001544	0.975146	-0.176163	192.000000	0.000000	0.000000	0.000000	0.000000	0.000000	0.000000	0.000000	0.000000	0.000000	1741889947.916055	0.000000
68.000000	32913.547208	5666.793068	-41992.311715	-8124.479130	-25768.253299	-25594.714355	-15982.234893	22114.681854	-2359.271331	-828.243891	-17720.127728	62753.483683	-20070.883044	-30454.005951	6814.421036	7583.321045	-0.001772	0.977573	-0.177082	192.000000	127.500000	120.000000	15.000000	80.000000	125.000000	56.000000	0.000000	0.000000	0.000000	1741889947.916106	0.000000
70.000000	32917.302301	5674.280903	-42002.660573	-8130.648211	-25768.856796	-25596.703660	-15982.994852	22111.194981	-2355.516238	-819.705524	-17714.249219	62752.008468	-20063.194044	-30449.222678	6809.280134	7582.985769	-0.001772	0.977573	-0.177082	192.000000	0.000000	0.000000	0.000000	0.000000	0.000000	0.000000	0.000000	0.000000	0.000000	1741889947.916185	0.000000
72.000000	32923.761955	5667.933007	-42005.074561	-8150.630671	-25784.614776	-25615.143849	-15998.261094	22094.051193	-2365.283950	-834.524731	-17723.033455	62737.703352	-20083.958815	-30464.511271	6785.162602	7557.795353	-0.001772	0.977573	-0.177082	192.000000	0.000000	0.000000	0.000000	0.000000	0.000000	0.000000	0.000000	0.000000	0.000000	1741889947.916245	0.000000
74.000000	32916.564693	5667.351862	-42007.354439	-8149.155456	-25787.073468	-25619.167163	-15999.490440	22089.625548	-2359.807773	-838.749211	-17717.110242	62738.060980	-20082.461248	-30473.027286	6779.127631	7546.530073	-0.001772	0.977573	-0.177082	192.000000	0.000000	0.000000	0.000000	0.000000	0.000000	0.000000	0.000000	0.000000	0.000000	1741889947.976216	0.000000
76.000000	32931.674472	5673.319778	-41991.976439	-8140.930014	-25784.078334	-25619.413032	-15999.646902	22089.960824	-2352.163476	-833.071868	-17706.157888	62740.743189	-20077.588567	-30470.546242	6782.346282	7548.005289	-0.001772	0.977573	-0.177082	192.000000	0.000000	0.000000	0.000000	0.000000	0.000000	0.000000	0.000000	0.000000	0.000000	1741889947.976316	0.000000
78.000000	32920.632711	5674.415013	-41994.278669	-8131.877557	-25778.423343	-25613.735689	-15990.817963	22095.839333	-2358.064337	-832.401315	-17711.343492	62746.800512	-20075.018117	-30472.133216	6789.297675	7552.475637	-0.001886	0.976786	-0.178541	192.000000	127.500000	120.000000	15.000000	64.000000	125.000000	48.000000	0.000000	0.000000	0.000000	1741889947.976370	0.000000
80.000000	32913.547208	5660.400469	-41993.339895	-8139.186578	-25786.134694	-25618.228390	-15992.382585	22095.884037	-2363.786383	-829.316775	-17714.003350	62739.089160	-20074.660489	-30464.801844	6798.998332	7563.427992	-0.001886	0.976786	-0.178541	192.000000	0.000000	0.000000	0.000000	0.000000	0.000000	0.000000	0.000000	0.000000	0.000000	1741889947.976429	0.000000
82.000000	32899.912643	5652.733821	-41999.620736	-8142.248767	-25783.184264	-25617.088451	-15992.762565	22094.453525	-2377.488002	-847.578150	-17730.722455	62725.946334	-20086.976300	-30481.140969	6790.616428	7556.454248	-0.001886	0.976786	-0.178541	192.000000	0.000000	0.000000	0.000000	0.000000	0.000000	0.000000	0.000000	0.000000	0.000000	1741889947.976484	0.000000
84.000000	32919.313958	5665.317853	-41975.570259	-8126.803711	-25761.234851	-25596.904826	-15971.237835	22116.201772	-2367.921456	-830.680231	-17718.876030	62724.113491	-20059.394247	-30460.555012	6813.929297	7580.057690	-0.001886	0.976786	-0.178541	192.000000	0.000000	0.000000	0.000000	0.000000	0.000000	0.000000	0.000000	0.000000	0.000000	1741889947.976533	0.000000
86.000000	32908.451010	5660.221655	-41988.869547	-8129.620031	-25766.733380	-25597.128343	-15976.401088	22113.094880	-2363.585217	-830.300251	-17721.066501	62733.143596	-20071.464189	-30458.275134	6819.137254	7584.125708	-0.001886	0.976786	-0.178541	192.000000	0.000000	0.000000	0.000000	0.000000	0.000000	0.000000	0.000000	0.000000	0.000000	1741889947.976583	0.000000
88.000000	32919.112792	5665.250798	-41983.661590	-8120.344057	-25764.945241	-25591.160427	-15975.909349	22113.743080	-2367.094441	-834.189455	-17725.581554	62718.234982	-20071.955928	-30460.778530	6816.008009	7583.768080	-0.003943	0.972393	-0.175270	192.000000	127.500000	104.000000	15.000000	32.000000	125.000000	80.000000	0.000000	0.000000	0.000000	1741889947.976632	0.000000
90.000000	32918.822219	5669.631740	-41988.266049	-8116.231336	-25769.996735	-25589.439343	-15979.776201	22111.105575	-2359.606607	-819.549062	-17715.679731	62737.681000	-20064.691611	-30450.474376	6817.460873	7588.238429	-0.003943	0.972393	-0.175270	192.000000	0.000000	0.000000	0.000000	0.000000	0.000000	0.000000	0.000000	0.000000	0.000000	1741889948.036590	0.000000
92.000000	32929.662815	5676.851353	-41985.963820	-8117.952420	-25778.088066	-25592.389773	-15985.610007	22110.189153	-2360.277159	-819.750228	-17714.383330	62731.288401	-20070.413657	-30451.100224	6807.313181	7581.644664	-0.003943	0.972393	-0.175270	192.000000	0.000000	0.000000	0.000000	0.000000	0.000000	0.000000	0.000000	0.000000	0.000000	1741889948.036680	0.000000
94.000000	32931.003920	5686.060272	-41988.534270	-8122.176900	-25781.217311	-25598.648262	-15988.247512	22106.769336	-2366.312130	-815.302231	-17709.935333	62746.040552	-20077.745030	-30453.067178	6798.417187	7569.954702	-0.003943	0.972393	-0.175270	192.000000	0.000000	0.000000	0.000000	0.000000	0.000000	0.000000	0.000000	0.000000	0.000000	1741889948.036741	0.000000
96.000000	32931.808583	5688.474260	-41986.254392	-8128.390685	-25784.435962	-25607.186628	-15991.421460	22101.851952	-2369.374319	-813.804664	-17712.706949	62732.137767	-20076.582739	-30461.538489	6791.622256	7563.405641	-0.003943	0.972393	-0.175270	192.000000	0.000000	0.000000	0.000000	0.000000	0.000000	0.000000	0.000000	0.000000	0.000000	1741889948.036803	0.000000
98.000000	32938.223533	5688.787185	-41981.985209	-8130.469397	-25778.959784	-25610.427631	-15988.582789	22104.310644	-2354.577464	-804.595745	-17700.413489	62748.812169	-20062.948175	-30458.364541	6799.579477	7570.289978	-0.005971	0.970197	-0.173635	192.000000	127.500000	96.000000	15.000000	32.000000	125.000000	80.000000	0.000000	0.000000	0.000000	1741889948.036859	0.000000
100.000000	32935.116641	5685.322664	-41977.067825	-8131.564633	-25772.589537	-25613.400413	-15982.570169	22103.707147	-2356.186790	-814.564623	-17705.666149	62722.012427	-20071.732410	-30466.880556	6798.618352	7565.350242	-0.005971	0.970197	-0.173635	192.000000	0.000000	0.000000	0.000000	0.000000	0.000000	0.000000	0.000000	0.000000	0.000000	1741889948.036917	0.000000
102.000000	32938.156478	5688.384853	-41976.531384	-8127.273098	-25769.460293	-25608.572436	-15980.424402	22112.223162	-2362.780555	-816.084542	-17708.594228	62725.991038	-20074.258158	-30473.608431	6798.908925	7566.959568	-0.005971	0.970197	-0.173635	192.000000	0.000000	0.000000	0.000000	0.000000	0.000000	0.000000	0.000000	0.000000	0.000000	1741889948.036970	0.000000
104.000000	32940.145783	5694.397473	-41971.256372	-8118.690028	-25759.536118	-25600.302291	-15970.991966	22122.951999	-2353.146953	-799.901879	-17699.474716	62725.029913	-20063.529320	-30460.756178	6811.671771	7586.338530	-0.005971	0.970197	-0.173635	192.000000	0.000000	0.000000	0.000000	0.000000	0.000000	0.000000	0.000000	0.000000	0.000000	1741889948.096885	0.000000
106.000000	32940.682225	5693.324589	-41967.300113	-8116.968944	-25753.501147	-25595.340204	-15966.387506	22130.015150	-2352.744621	-800.795949	-17702.693367	62740.385561	-20063.216396	-30459.258611	6819.204309	7592.574667	-0.005971	0.970197	-0.173635	192.000000	0.000000	0.000000	0.000000	0.000000	0.000000	0.000000	0.000000	0.000000	0.000000	1741889948.096976	0.000000
108.000000	32932.300321	5690.418862	-41976.017293	-8118.824139	-25754.886956	-25591.607462	-15968.354460	22130.126909	-2349.525970	-798.113739	-17702.223981	62729.299096	-20057.181425	-30451.502556	6825.753370	7603.147042	-0.004986	0.973098	-0.173818	192.000000	127.500000	112.000000	15.000000	64.000000	125.000000	72.000000	0.000000	0.000000	0.000000	1741889948.097028	0.000000
110.000000	32919.470420	5681.209943	-41983.728645	-8127.206043	-25764.542909	-25594.088506	-15976.468143	22125.343636	-2359.137220	-811.122455	-17720.731225	62723.308828	-20073.989937	-30454.363579	6810.688294	7597.313237	-0.004986	0.973098	-0.173818	192.000000	0.000000	0.000000	0.000000	0.000000	0.000000	0.000000	0.000000	0.000000	0.000000	1741889948.097080	0.000000
112.000000	32916.743507	5683.802746	-41988.869547	-8127.921298	-25761.972459	-25588.545273	-15974.836466	22132.205621	-2368.212029	-813.312925	-17727.101472	62710.925962	-20076.761553	-30452.016646	6806.530870	7599.101376	-0.004986	0.973098	-0.173818	192.000000	0.000000	0.000000	0.000000	0.000000	0.000000	0.000000	0.000000	0.000000	0.000000	1741889948.097132	0.000000
114.000000	32931.897990	5690.620028	-41973.268029	-8121.528700	-25750.841290	-25578.665802	-15967.370983	22135.603086	-2350.509447	-810.407199	-17719.077196	62720.783081	-20061.003573	-30443.746500	6810.732998	7600.040150	-0.004986	0.973098	-0.173818	192.000000	0.000000	0.000000	0.000000	0.000000	0.000000	0.000000	0.000000	0.000000	0.000000	1741889948.097207	0.000000
116.000000	32921.839705	5689.211868	-41986.589669	-8130.134121	-25759.871395	-25583.560834	-15974.501190	22127.735272	-2349.727136	-805.422760	-17713.399853	62723.085311	-20069.474884	-30440.058463	6811.470605	7597.916734	-0.004986	0.973098	-0.173818	192.000000	0.000000	0.000000	0.000000	0.000000	0.000000	0.000000	0.000000	0.000000	0.000000	1741889948.097294	0.000000
118.000000	32924.030176	5686.507307	-41984.935639	-8138.516025	-25768.588575	-25590.713393	-15981.899617	22118.191077	-2355.292720	-812.776484	-17721.178260	62719.084349	-20080.315480	-30449.177974	6796.472585	7581.488202	-0.004493	0.970549	-0.170909	192.000000	127.500000	112.000000	15.000000	32.000000	125.000000	96.000000	0.000000	0.000000	0.000000	1741889948.097359	0.000000
120.000000	32918.777516	5692.899906	-41988.869547	-8137.934880	-25767.381581	-25594.088506	-15977.630434	22115.866496	-2356.030328	-813.536443	-17723.413434	62718.682017	-20078.147361	-30450.027341	6790.258800	7575.430879	-0.004493	0.970549	-0.170909	192.000000	0.000000	0.000000	0.000000	0.000000	0.000000	0.000000	0.000000	0.000000	0.000000	1741889948.155671	0.000000
122.000000	32925.147763	5690.552973	-41983.795701	-8138.672488	-25768.856796	-25601.688099	-15980.849085	22110.233856	-2349.704784	-803.299344	-17717.713740	62727.220384	-20072.849998	-30446.182841	6794.863259	7577.710757	-0.004493	0.970549	-0.170909	192.000000	0.000000	0.000000	0.000000	0.000000	0.000000	0.000000	0.000000	0.000000	0.000000	1741889948.155760	0.000000
124.000000	32917.436411	5686.708473	-41990.568279	-8138.717191	-25769.639107	-25606.605483	-15979.731498	22109.608008	-2357.617302	-819.794931	-17726.922658	62719.732549	-20082.707117	-30461.382027	6787.196611	7568.278321	-0.004493	0.970549	-0.170909	192.000000	0.000000	0.000000	0.000000	0.000000	0.000000	0.000000	0.000000	0.000000	0.000000	1741889948.155817	0.000000
126.000000	32914.776553	5672.939798	-41984.689770	-8139.745371	-25774.265918	-25613.556875	-15981.832562	22107.931627	-2347.469610	-821.180740	-17720.731225	62719.017293	-20071.464189	-30459.415073	6798.931277	7580.750594	-0.004493	0.970549	-0.170909	192.000000	0.000000	0.000000	0.000000	0.000000	0.000000	0.000000	0.000000	0.000000	0.000000	1741889948.155874	0.000000
128.000000	32911.848475	5684.428595	-41980.062959	-8120.813444	-25752.718836	-25589.685212	-15955.010468	22136.988895	-2362.288816	-831.954280	-17731.907097	62714.077558	-20081.678937	-30466.187652	6801.747596	7587.970208	-0.004246	0.969275	-0.168454	192.000000	127.500000	112.000000	15.000000	32.000000	125.000000	104.000000	0.000000	0.000000	0.000000	1741889948.155922	0.000000
130.000000	32910.619129	5678.304217	-41972.619828	-8118.242993	-25750.394255	-25587.628852	-15954.228157	22140.833395	-2354.979796	-820.018449	-17723.748711	62715.865697	-20059.908338	-30448.261553	6826.043943	7610.031379	-0.004246	0.969275	-0.168454	192.000000	0.000000	0.000000	0.000000	0.000000	0.000000	0.000000	0.000000	0.000000	0.000000	1741889948.155975	0.000000
132.000000	32900.091457	5666.413089	-41976.710198	-8125.350848	-25750.461310	-25592.188608	-15956.038649	22136.161880	-2356.924398	-831.641356	-17728.643743	62711.887087	-20073.118219	-30452.486033	6828.837911	7611.417188	-0.004246	0.969275	-0.168454	192.000000	0.000000	0.000000	0.000000	0.000000	0.000000	0.000000	0.000000	0.000000	0.000000	1741889948.156025	0.000000
134.000000	32915.447106	5684.249781	-41961.443956	-8112.185670	-25736.692636	-25578.643451	-15944.661611	22149.282354	-2359.651310	-830.121437	-17722.809937	62704.890991	-20066.949137	-30455.011780	6832.727114	7614.680542	-0.004246	0.969275	-0.168454	192.000000	0.000000	0.000000	0.000000	0.000000	0.000000	0.000000	0.000000	0.000000	0.000000	1741889948.215877	0.000000
136.000000	32902.304280	5679.980597	-41976.441977	-8120.612278	-25746.996790	-25582.622061	-15960.151370	22142.532127	-2351.135296	-817.068019	-17716.685559	62727.980343	-20060.780056	-30448.172146	6834.470550	7619.843795	-0.004246	0.969275	-0.168454	192.000000	0.000000	0.000000	0.000000	0.000000	0.000000	0.000000	0.000000	0.000000	0.000000	1741889948.215942	0.000000
138.000000	32912.407269	5683.243952	-41969.803508	-8119.785264	-25746.303886	-25575.938889	-15958.162064	22143.806177	-2351.783496	-817.917385	-17719.904211	62714.099910	-20061.361201	-30450.206155	6823.249975	7611.886574	-0.005123	0.969637	-0.168227	192.000000	127.500000	104.000000	15.000000	40.000000	125.000000	96.000000	0.000000	0.000000	0.000000	1741889948.216002	0.000000
140.000000	32908.607472	5681.165240	-41977.693674	-8126.356676	-25754.149348	-25582.666765	-15962.520655	22136.295991	-2350.934130	-823.550024	-17718.965437	62719.844308	-20064.646907	-30448.395663	6815.069236	7599.928391	-0.005123	0.969637	-0.168227	192.000000	0.000000	0.000000	0.000000	0.000000	0.000000	0.000000	0.000000	0.000000	0.000000	1741889948.216067	0.000000
142.000000	32921.258559	5691.670560	-41969.959971	-8115.583136	-25758.552642	-25579.738686	-15962.610061	22134.105520	-2342.172246	-811.547138	-17707.744862	62713.988151	-20061.160035	-30442.092471	6814.801015	7599.838984	-0.005123	0.969637	-0.168227	192.000000	0.000000	0.000000	0.000000	0.000000	0.000000	0.000000	0.000000	0.000000	0.000000	1741889948.216122	0.000000
144.000000	32918.263426	5692.698740	-41976.844308	-8120.075836	-25762.799473	-25589.595805	-15966.543969	22126.215354	-2349.347156	-813.134112	-17710.471774	62727.019218	-20070.056030	-30444.394701	6805.323876	7589.981865	-0.005123	0.969637	-0.168227	192.000000	0.000000	0.000000	0.000000	0.000000	0.000000	0.000000	0.000000	0.000000	0.000000	1741889948.216176	0.000000
146.000000	32917.257597	5690.932952	-41975.547907	-8126.490787	-25769.862624	-25599.497628	-15973.473009	22117.095842	-2346.821409	-811.882414	-17706.917847	62714.859869	-20063.752838	-30444.528812	6805.569745	7584.595094	-0.005123	0.969637	-0.168227	192.000000	0.000000	0.000000	0.000000	0.000000	0.000000	0.000000	0.000000	0.000000	0.000000	1741889948.216231	0.000000
148.000000	32910.373260	5687.043749	-41978.945372	-8127.116636	-25766.554566	-25601.665747	-15970.835503	22115.598275	-2355.359775	-826.545158	-17719.993618	62718.279686	-20082.438896	-30456.084663	6799.490070	7573.910960	-0.004562	0.969819	-0.166114	192.000000	127.500000	112.000000	15.000000	40.000000	125.000000	112.000000	0.000000	0.000000	0.000000	1741889948.216286	0.000000
150.000000	32913.368394	5688.518964	-41975.838479	-8119.338229	-25761.167796	-25593.820285	-15962.565358	22124.516621	-2353.683395	-822.231272	-17719.121900	62705.539191	-20074.280509	-30446.361655	6811.090626	7589.221905	-0.004562	0.969819	-0.166114	192.000000	0.000000	0.000000	0.000000	0.000000	0.000000	0.000000	0.000000	0.000000	0.000000	1741889948.276198	0.000000
152.000000	32903.019536	5674.392661	-41975.972590	-8124.345019	-25766.778084	-25599.162352	-15968.287405	22121.499136	-2353.258711	-825.829902	-17719.747748	62713.831689	-20070.324250	-30443.925314	6820.992448	7598.453176	-0.004562	0.969819	-0.166114	192.000000	0.000000	0.000000	0.000000	0.000000	0.000000	0.000000	0.000000	0.000000	0.000000	1741889948.276274	0.000000
154.000000	32891.173111	5665.809592	-41984.063921	-8131.497578	-25765.012296	-25604.549122	-15971.081373	22118.235781	-2369.575485	-853.099031	-17739.707856	62681.980453	-20082.528303	-30467.215832	6812.029399	7585.422109	-0.004562	0.969819	-0.166114	192.000000	0.000000	0.000000	0.000000	0.000000	0.000000	0.000000	0.000000	0.000000	0.000000	1741889948.276323	0.000000
156.000000	32902.483094	5672.716281	-41974.139747	-8125.976697	-25758.954973	-25599.721146	-15971.193131	22118.459298	-2361.797078	-846.192342	-17729.694275	62702.231133	-20070.815989	-30458.900983	6824.054637	7595.681560	-0.004562	0.969819	-0.166114	192.000000	0.000000	0.000000	0.000000	0.000000	0.000000	0.000000	0.000000	0.000000	0.000000	1741889948.276373	0.000000
158.000000	32907.780457	5684.450946	-41974.676189	-8116.834833	-25755.021066	-25585.840712	-15965.716954	22129.769281	-2357.617302	-841.543179	-17723.547545	62698.878372	-20068.200835	-30453.894192	6821.461835	7597.179126	-0.004000	0.972000	-0.164000	192.000000	127.500000	112.000000	15.000000	48.000000	125.000000	112.000000	0.000000	0.000000	0.000000	1741889948.276442	0.000000
160.000000	32916.944673	5689.457737	-41964.506145	-8109.279944	-25752.696485	-25578.442285	-15963.548835	22132.071511	-2358.332557	-834.412972	-17720.708873	62711.596514	-20061.718829	-30448.373312	6817.125597	7599.146080	-0.004000	0.972000	-0.164000	192.000000	0.000000	0.000000	0.000000	0.000000	0.000000	0.000000	0.000000	0.000000	0.000000	1741889948.276512	0.000000
162.000000	32902.192521	5680.762909	-41983.259259	-8124.345019	-25769.683810	-25591.451000	-15982.167838	22116.201772	-2350.174171	-824.309984	-17715.970304	62709.830726	-20063.775189	-30442.584210	6813.526966	7594.765138	-0.004000	0.972000	-0.164000	192.000000	0.000000	0.000000	0.000000	0.000000	0.000000	0.000000	0.000000	0.000000	0.000000	1741889948.276571	0.000000
164.000000	32908.182789	5683.333359	-41983.348666	-8124.188557	-25773.908290	-25589.171122	-15982.950149	22116.380586	-2361.797078	-835.329394	-17727.414397	62699.683034	-20077.320347	-30451.614315	6794.773852	7580.482373	-0.004000	0.972000	-0.164000	192.000000	0.000000	0.000000	0.000000	0.000000	0.000000	0.000000	0.000000	0.000000	0.000000	1741889948.336458	0.000000
166.000000	32912.831952	5689.614199	-41985.650895	-8117.080702	-25774.422380	-25584.678422	-15978.077469	22122.482612	-2360.768898	-825.516978	-17723.212269	62702.722872	-20081.589530	-30440.192573	6796.718454	7584.840963	-0.004000	0.972000	-0.164000	192.000000	0.000000	0.000000	0.000000	0.000000	0.000000	0.000000	0.000000	0.000000	0.000000	1741889948.336555	0.000000
168.000000	32929.260484	5702.086473	-41968.484756	-8110.978676	-25767.448636	-25586.041878	-15973.852989	22125.723615	-2346.419078	-812.240042	-17707.700158	62720.179584	-20071.330079	-30434.470527	6806.486166	7593.111109	-0.002000	0.970000	-0.160000	192.000000	127.500000	120.000000	15.000000	40.000000	125.500000	0.000000	0.000000	0.000000	0.000000	1741889948.336609	0.000000
170.000000	32922.264388	5706.221545	-41973.938581	-8110.330476	-25761.547775	-25586.712430	-15965.493437	22128.606990	-2347.961348	-811.256565	-17706.359053	62721.632447	-20068.178483	-30439.946704	6809.995390	7592.686426	-0.002000	0.970000	-0.160000	192.000000	0.000000	0.000000	0.000000	0.000000	0.000000	0.000000	0.000000	0.000000	0.000000	1741889948.336667	0.000000
172.000000	32908.518065	5684.696816	-41980.308828	-8129.932955	-25776.232872	-25606.113745	-15982.704280	22113.318397	-2358.354909	-818.207958	-17716.484394	62710.501279	-20075.956890	-30450.362617	6805.435634	7586.919676	-0.002000	0.970000	-0.160000	192.000000	0.000000	0.000000	0.000000	0.000000	0.000000	0.000000	0.000000	0.000000	0.000000	1741889948.336718	0.000000
174.000000	32906.551112	5685.859106	-41974.340913	-8122.512176	-25760.743113	-25599.721146	-15967.549797	22125.678912	-2358.667834	-827.573338	-17717.579629	62699.124241	-20065.786846	-30456.330533	6808.117844	7587.411414	-0.002000	0.970000	-0.160000	192.000000	0.000000	0.000000	0.000000	0.000000	0.000000	0.000000	0.000000	0.000000	0.000000	1741889948.336768	0.000000
176.000000	32907.623995	5678.997121	-41968.149479	-8120.589926	-25761.860700	-25598.625910	-15966.901596	22124.807194	-2356.499714	-832.267205	-17715.076234	62695.413851	-20070.436009	-30457.850451	6818.444350	7595.011007	-0.002000	0.970000	-0.160000	192.000000	0.000000	0.000000	0.000000	0.000000	0.000000	0.000000	0.000000	0.000000	0.000000	1741889948.336817	0.000000
178.000000	32906.819332	5684.406243	-41969.535288	-8116.879537	-25759.245546	-25593.216788	-15964.979346	22126.930610	-2353.973967	-837.430458	-17714.830365	62700.867677	-20072.246501	-30456.151719	6823.384085	7601.403606	-0.004000	0.974000	-0.162000	192.000000	127.500000	112.000000	15.000000	56.000000	125.000000	120.000000	0.000000	0.000000	0.000000	1741889948.336866	0.000000
180.000000	32913.323690	5685.792051	-41967.657741	-8118.332400	-25761.368961	-25592.926215	-15970.053192	22125.254229	-2350.576502	-835.642318	-17710.494126	62690.764688	-20065.585681	-30452.731902	6821.439483	7602.141214	-0.004000	0.974000	-0.162000	192.000000	0.000000	0.000000	0.000000	0.000000	0.000000	0.000000	0.000000	0.000000	0.000000	1741889948.395978	0.000000
182.000000	32902.997184	5682.796917	-41981.381712	-8123.428598	-25760.988982	-25595.541369	-15972.824809	22118.504002	-2356.700880	-838.302176	-17717.713740	62697.336101	-20067.329117	-30454.765910	6815.650382	7593.848716	-0.004000	0.974000	-0.162000	192.000000	0.000000	0.000000	0.000000	0.000000	0.000000	0.000000	0.000000	0.000000	0.000000	1741889948.396064	0.000000
184.000000	32921.795001	5694.866859	-41967.993017	-8117.326572	-25752.249450	-25585.304270	-15967.706259	22122.326150	-2350.487095	-819.526710	-17709.533001	62696.442031	-20055.750913	-30441.086643	6821.774760	7599.347246	-0.004000	0.974000	-0.162000	192.000000	0.000000	0.000000	0.000000	0.000000	0.000000	0.000000	0.000000	0.000000	0.000000	1741889948.396126	0.000000
186.000000	32914.731850	5690.396510	-41977.984247	-8126.624897	-25760.497243	-25591.428648	-15977.630434	22113.765432	-2348.296624	-831.909577	-17715.389158	62700.688863	-20062.009402	-30452.016646	6808.877803	7583.589266	-0.004000	0.974000	-0.162000	192.000000	0.000000	0.000000	0.000000	0.000000	0.000000	0.000000	0.000000	0.000000	0.000000	1741889948.396183	0.000000
188.000000	32911.177923	5687.244914	-41981.895802	-8126.870767	-25772.030744	-25593.239140	-15985.610007	22111.060871	-2352.632863	-829.786161	-17714.115109	62687.881313	-20070.905396	-30447.233373	6807.447291	7584.148059	-0.004000	0.974000	-0.162000	192.000000	0.000000	0.000000	15.000000	40.000000	125.000000	104.000000	0.000000	0.000000	0.000000	1741889948.396238	0.000000
190.000000	32908.518065	5689.994179	-41982.432244	-8124.412075	-25774.087104	-25591.562759	-15983.933626	22111.798479	-2357.572598	-832.222501	-17719.166603	62697.514915	-20074.660489	-30447.769814	6798.148966	7580.817649	-0.004000	0.974000	-0.162000	192.000000	0.000000	0.000000	0.000000	0.000000	0.000000	0.000000	0.000000	0.000000	0.000000	1741889948.396294	0.000000
192.000000	32908.003975	5687.513135	-41979.928849	-8125.060275	-25776.165816	-25595.943701	-15982.190190	22112.334920	-2348.631900	-831.574301	-17714.070405	62683.679185	-20069.094905	-30445.109957	6803.200460	7587.992559	-0.004000	0.974000	-0.162000	192.000000	0.000000	0.000000	0.000000	0.000000	0.000000	0.000000	0.000000	0.000000	0.000000	1741889948.396347	0.000000
194.000000	32901.767838	5680.561743	-41983.482776	-8129.664735	-25778.512749	-25605.107916	-15981.519637	22109.138621	-2356.410307	-843.688946	-17721.982923	62684.796773	-20073.833474	-30457.850451	6797.321951	7580.728242	-0.004000	0.974000	-0.162000	192.000000	0.000000	0.000000	0.000000	0.000000	0.000000	0.000000	0.000000	0.000000	0.000000	1741889948.456270	0.000000
196.000000	32901.521969	5677.991292	-41978.788910	-8126.133159	-25773.573014	-25604.638529	-15972.713050	22114.883019	-2357.393784	-846.505266	-17719.680693	62668.077668	-20072.984108	-30462.834890	6802.082873	7588.596057	-0.004000	0.974000	-0.162000	192.000000	0.000000	0.000000	0.000000	0.000000	0.000000	0.000000	0.000000	0.000000	0.000000	1741889948.456350	0.000000
198.000000	32898.705649	5675.823173	-41972.284552	-8118.488862	-25765.727552	-25598.558855	-15965.605195	22124.717787	-2357.438488	-846.840542	-17718.987789	62683.723889	-20069.698402	-30459.750349	6811.314143	7598.542583	-0.004000	0.974000	-0.162000	192.000000	0.000000	0.000000	15.000000	40.000000	125.000000	88.000000	0.000000	0.000000	0.000000	1741889948.456399	0.000000
200.000000	32907.400478	5685.613237	-41958.337064	-8104.004932	-25747.622639	-25583.069096	-15949.422532	22140.833395	-2352.856380	-838.637452	-17711.432899	62674.291453	-20057.986088	-30448.596829	6830.089608	7617.407455	-0.004000	0.974000	-0.162000	192.000000	0.000000	0.000000	0.000000	0.000000	0.000000	0.000000	0.000000	0.000000	0.000000	1741889948.456451	0.000000
202.000000	32896.671640	5669.497629	-41968.350645	-8122.467473	-25756.384522	-25599.162352	-15958.676154	22129.054025	-2358.511371	-843.912464	-17715.679731	62683.813296	-20063.551672	-30453.514213	6835.722248	7616.848662	-0.004000	0.974000	-0.162000	192.000000	0.000000	0.000000	0.000000	0.000000	0.000000	0.000000	0.000000	0.000000	0.000000	1741889948.456512	0.000000
204.000000	32902.997184	5682.819269	-41962.226267	-8113.124444	-25744.515746	-25588.388811	-15948.170835	22136.564211	-2363.339348	-849.612158	-17718.786623	62663.160284	-20065.317460	-30464.712437	6832.056562	7605.896307	-0.004000	0.974000	-0.162000	192.000000	0.000000	0.000000	0.000000	0.000000	0.000000	0.000000	0.000000	0.000000	0.000000	1741889948.456572	0.000000
206.000000	32904.271234	5674.705586	-41968.015369	-8124.009743	-25754.752845	-25594.870817	-15959.659631	22128.986970	-2353.459877	-838.838618	-17709.242428	62683.008633	-20055.415637	-30452.374274	6839.723210	7608.802034	-0.004000	0.974000	-0.162000	192.000000	0.000000	0.000000	0.000000	0.000000	0.000000	0.000000	0.000000	0.000000	0.000000	1741889948.456630	0.000000
208.000000	32904.472399	5679.891191	-41975.123224	-8122.333362	-25758.127959	-25592.099201	-15961.313660	22129.434005	-2362.557037	-847.801667	-17721.960571	62661.685069	-20063.730486	-30460.957344	6826.848605	7600.822461	-0.002000	0.972000	-0.174000	192.000000	127.500000	120.000000	15.000000	48.000000	125.000000	72.000000	0.000000	0.000000	0.000000	1741889948.456685	0.000000
210.000000	32911.513199	5679.220638	-41976.799605	-8128.345982	-25771.762523	-25596.904826	-15974.098858	22117.475822	-2357.103212	-845.477086	-17718.585458	62674.872598	-20067.820855	-30460.800881	6814.711608	7595.390987	-0.002000	0.972000	-0.174000	192.000000	0.000000	0.000000	0.000000	0.000000	0.000000	0.000000	0.000000	0.000000	0.000000	1741889948.516642	0.000000
212.000000	32907.780457	5688.451909	-41980.062959	-8122.288659	-25770.287308	-25588.053535	-15974.031803	22117.319359	-2363.428755	-843.286615	-17721.558240	62664.859017	-20065.742143	-30458.543355	6806.150890	7589.467775	-0.002000	0.972000	-0.174000	192.000000	0.000000	0.000000	0.000000	0.000000	0.000000	0.000000	0.000000	0.000000	0.000000	1741889948.516712	0.000000
214.000000	32915.290644	5689.211868	-41974.631485	-8125.261441	-25782.759581	-25593.395602	-15985.140620	22109.764470	-2351.425868	-832.378964	-17708.862449	62679.789982	-20063.395210	-30447.456890	6804.899192	7591.054748	-0.002000	0.972000	-0.174000	192.000000	0.000000	0.000000	0.000000	0.000000	0.000000	0.000000	0.000000	0.000000	0.000000	1741889948.516766	0.000000
216.000000	32920.386841	5697.526717	-41967.076596	-8110.174013	-25777.551624	-25585.348974	-15979.753849	22116.514697	-2349.056584	-833.675365	-17703.945065	62674.671432	-20061.987050	-30445.556992	6804.295695	7593.222868	-0.002000	0.972000	-0.174000	192.000000	0.000000	0.000000	0.000000	0.000000	0.000000	0.000000	0.000000	0.000000	0.000000	1741889948.516816	0.000000
218.000000	32933.641426	5709.373141	-41945.216590	-8092.538487	-25770.421418	-25570.462712	-15969.248530	22133.010284	-2343.066316	-819.839635	-17691.897475	62686.316691	-20057.695515	-30432.525925	6820.031323	7611.417188	-0.002000	0.970000	-0.172000	192.000000	127.500000	120.000000	15.000000	40.000000	125.000000	80.000000	0.000000	0.000000	0.000000	1741889948.516864	0.000000
220.000000	32919.403365	5706.176842	-41961.421604	-8095.444214	-25777.931604	-25573.569605	-15973.875341	22130.596296	-2352.878732	-816.956260	-17697.820687	62688.753031	-20067.954966	-30425.820401	6827.809731	7622.280135	-0.002000	0.970000	-0.172000	192.000000	0.000000	0.000000	0.000000	0.000000	0.000000	0.000000	0.000000	0.000000	0.000000	1741889948.516921	0.000000
222.000000	32922.867885	5704.746330	-41955.207819	-8096.628856	-25770.533177	-25575.178930	-15966.163989	22137.950020	-2352.699918	-809.110798	-17700.569952	62686.786078	-20063.954003	-30423.428765	6835.342268	7629.566804	-0.002000	0.970000	-0.172000	192.000000	0.000000	0.000000	0.000000	0.000000	0.000000	0.000000	0.000000	0.000000	0.000000	1741889948.516971	0.000000
224.000000	32901.276100	5684.674464	-41978.677151	-8117.237165	-25769.303831	-25589.796971	-15965.940471	22129.948095	-2367.697938	-830.501417	-17718.160774	62670.871636	-20068.781980	-30444.662922	6827.966193	7619.374409	-0.002000	0.970000	-0.172000	192.000000	0.000000	0.000000	0.000000	0.000000	0.000000	0.000000	0.000000	0.000000	0.000000	1741889948.576954	0.000000
226.000000	32909.613301	5685.859106	-41973.513898	-8123.763874	-25768.834444	-25593.797933	-15966.007527	22126.528278	-2364.345177	-843.487781	-17721.647647	62651.917356	-20070.100733	-30458.409245	6819.293716	7607.058597	-0.002000	0.970000	-0.172000	192.000000	0.000000	0.000000	0.000000	0.000000	0.000000	0.000000	0.000000	0.000000	0.000000	1741889948.577027	0.000000
228.000000	32900.896120	5680.628798	-41982.834576	-8131.743447	-25768.163892	-25601.866913	-15969.919082	22115.508868	-2364.501639	-847.399336	-17722.005275	62654.264290	-20065.965660	-30461.896117	6816.030361	7600.263667	0.002000	0.970000	-0.178000	192.000000	0.000000	8.000000	15.000000	40.000000	125.000000	56.000000	0.000000	0.000000	0.000000	1741889948.577089	0.000000
230.000000	32904.450048	5678.550086	-41983.952163	-8138.806598	-25778.468046	-25607.879532	-15982.391355	22106.970502	-2371.765956	-854.663653	-17727.615562	62639.467435	-20064.222224	-30472.110864	6802.306390	7583.701024	0.002000	0.970000	-0.178000	192.000000	0.000000	0.000000	0.000000	0.000000	0.000000	0.000000	0.000000	0.000000	0.000000	1741889948.577147	0.000000
232.000000	32921.191504	5698.219621	-41975.972590	-8123.585060	-25775.964651	-25600.481105	-15979.910312	22107.909275	-2358.064337	-842.146676	-17717.333760	62656.097133	-20070.659527	-30460.286791	6800.250030	7583.231638	0.002000	0.970000	-0.178000	192.000000	0.000000	0.000000	0.000000	0.000000	0.000000	0.000000	0.000000	0.000000	0.000000	1741889948.577200	0.000000
234.000000	32928.634635	5695.604467	-41975.011465	-8127.943650	-25783.899520	-25608.684195	-15985.833524	22098.052156	-2351.649386	-837.966900	-17704.839135	62654.823083	-20066.099771	-30459.526832	6799.311256	7580.638836	0.002000	0.970000	-0.178000	192.000000	0.000000	0.000000	0.000000	0.000000	0.000000	0.000000	0.000000	0.000000	0.000000	1741889948.577254	0.000000
236.000000	32928.388766	5702.689970	-41975.324389	-8124.322668	-25786.089991	-25600.838733	-15984.805344	22104.332996	-2351.671738	-838.615100	-17702.402795	62664.099057	-20066.367992	-30459.370370	6795.243239	7579.364786	0.002000	0.970000	-0.178000	192.000000	0.000000	0.000000	0.000000	0.000000	0.000000	0.000000	0.000000	0.000000	0.000000	1741889948.577308	0.000000
238.000000	32936.793022	5707.853223	-41968.462404	-8118.533566	-25783.161912	-25596.368384	-15979.575036	22106.501115	-2349.034232	-829.003850	-17698.290074	62657.639403	-20063.752838	-30449.468547	6799.646532	7588.216077	0.002000	0.970000	-0.178000	192.000000	0.000000	0.000000	15.000000	32.000000	125.000000	48.000000	0.000000	0.000000	0.000000	1741889948.577358	0.000000
240.000000	32926.064184	5700.633609	-41978.654799	-8125.440255	-25797.601139	-25609.332396	-15992.539047	22094.744098	-2353.906912	-827.796856	-17704.325045	62673.620900	-20069.519588	-30452.441329	6796.450233	7583.701024	0.002000	0.970000	-0.178000	192.000000	0.000000	0.000000	0.000000	0.000000	0.000000	0.000000	0.000000	0.000000	0.000000	1741889948.637352	0.000000
242.000000	32932.613246	5708.791996	-41967.613038	-8110.352827	-25781.083200	-25593.909692	-15974.121210	22113.228990	-2359.450145	-828.333298	-17706.806088	62659.226377	-20071.419486	-30454.430634	6799.490070	7589.333664	0.002000	0.970000	-0.178000	192.000000	0.000000	0.000000	0.000000	0.000000	0.000000	0.000000	0.000000	0.000000	0.000000	1741889948.637436	0.000000
244.000000	32932.389728	5704.701627	-41973.022160	-8117.281868	-25781.016145	-25595.139038	-15972.847160	22112.804307	-2352.007014	-823.997059	-17702.045167	62677.979491	-20064.401038	-30451.256687	6809.324838	7600.867164	0.002000	0.970000	-0.178000	192.000000	0.000000	0.000000	0.000000	0.000000	0.000000	0.000000	0.000000	0.000000	0.000000	1741889948.637486	0.000000
246.000000	32927.405289	5699.136042	-41984.332142	-8127.295450	-25790.381526	-25602.515114	-15979.731498	22104.377699	-2354.800982	-830.590824	-17710.605885	62655.113656	-20066.211530	-30460.219736	6801.345265	7594.116937	0.002000	0.970000	-0.178000	192.000000	0.000000	0.000000	0.000000	0.000000	0.000000	0.000000	0.000000	0.000000	0.000000	1741889948.637553	0.000000
248.000000	32910.082687	5683.288656	-41995.575070	-8143.835741	-25803.949035	-25616.082623	-15989.253341	22091.123115	-2368.279084	-842.169028	-17722.340551	62653.906662	-20084.316443	-30470.121559	6785.676692	7579.364786	0.002000	0.970000	-0.178000	192.000000	0.000000	0.000000	15.000000	24.000000	125.000000	24.000000	0.000000	0.000000	0.000000	1741889948.637619	0.000000
250.000000	32911.021460	5686.864935	-41991.954087	-8137.465493	-25795.276558	-25610.137059	-15980.290291	22101.740194	-2377.085671	-849.925083	-17733.762292	62628.850356	-20086.819838	-30478.548167	6777.540657	7571.429917	0.002000	0.970000	-0.178000	192.000000	0.000000	0.000000	0.000000	0.000000	0.000000	0.000000	0.000000	0.000000	0.000000	1741889948.637682	0.000000
252.000000	32917.592873	5689.345978	-41981.158195	-8133.933918	-25793.086087	-25608.661843	-15979.932663	22102.790726	-2366.870924	-843.197208	-17717.467870	62648.206967	-20074.928710	-30471.194443	6790.594076	7578.336606	0.002000	0.970000	-0.178000	192.000000	0.000000	0.000000	0.000000	0.000000	0.000000	0.000000	0.000000	0.000000	0.000000	1741889948.637738	0.000000
254.000000	32917.347004	5694.956266	-41984.734474	-8132.168130	-25796.327090	-25606.650186	-15982.905445	22100.332034	-2372.145936	-848.203999	-17721.871164	62632.203118	-20073.609957	-30475.709495	6787.777756	7572.480449	0.002000	0.970000	-0.178000	192.000000	0.000000	0.000000	0.000000	0.000000	0.000000	0.000000	0.000000	0.000000	0.000000	1741889948.696654	0.000000
0.000000	32922.599664	5695.068025	-41980.197070	-8130.715267	-25800.618625	-25608.997120	-15985.587655	22097.180438	-2371.095404	-840.045612	-17715.836193	62644.474226	-20081.030736	-30468.333419	6785.475527	7575.989673	0.002000	0.970000	-0.178000	192.000000	0.000000	0.000000	0.000000	0.000000	0.000000	0.000000	0.000000	0.000000	0.000000	1741889948.696723	0.000000
2.000000	32931.428603	5711.720075	-41978.051302	-8115.583136	-25789.532160	-25592.792105	-15973.718878	22112.290217	-2367.854401	-832.222501	-17713.623370	62643.781321	-20077.946195	-30462.521966	6787.643646	7580.348263	-0.006000	0.970000	-0.182000	192.000000	127.500000	104.000000	15.000000	40.000000	125.000000	40.000000	0.000000	0.000000	0.000000	1741889948.696781	0.000000
4.000000	32940.346949	5712.256516	-41977.783081	-8121.327534	-25793.287253	-25599.117648	-15979.753849	22108.803345	-2354.175133	-813.335277	-17700.882876	62668.792924	-20067.284413	-30449.915582	6795.757329	7593.781661	-0.006000	0.970000	-0.182000	192.000000	0.000000	0.000000	0.000000	0.000000	0.000000	0.000000	0.000000	0.000000	0.000000	1741889948.696835	0.000000
6.000000	32939.542286	5720.303144	-41981.538174	-8118.019476	-25783.743058	-25592.255663	-15971.886035	22117.498173	-2365.507467	-817.246833	-17710.762347	62652.118522	-20075.711021	-30455.995256	6787.040149	7587.322007	-0.006000	0.970000	-0.182000	192.000000	0.000000	0.000000	0.000000	0.000000	0.000000	0.000000	0.000000	0.000000	0.000000	1741889948.696884	0.000000
8.000000	32939.631693	5714.648153	-41978.855965	-8123.428598	-25783.296023	-25598.558855	-15973.204788	22115.710034	-2364.859267	-812.441207	-17710.427071	62647.826987	-20070.011326	-30455.995256	6791.264628	7591.121804	-0.006000	0.970000	-0.182000	192.000000	0.000000	0.000000	0.000000	0.000000	0.000000	0.000000	0.000000	0.000000	0.000000	1741889948.696934	0.000000
10.000000	32925.863019	5710.088397	-41988.400160	-8127.429560	-25785.598252	-25601.151657	-15979.440925	22112.938418	-2363.652273	-810.586013	-17714.115109	62642.283755	-20072.447666	-30458.006913	6790.482317	7594.608676	-0.006000	0.970000	-0.182000	192.000000	0.000000	0.000000	0.000000	0.000000	0.000000	0.000000	0.000000	0.000000	0.000000	1741889948.696982	0.000000
12.000000	32930.176905	5713.441159	-41982.096968	-8126.826063	-25777.886901	-25593.842637	-15971.573111	22122.706130	-2371.542438	-818.386771	-17727.369693	62634.728865	-20077.990899	-30463.751312	6784.268532	7591.971170	-0.002000	0.972000	-0.176000	192.000000	127.500000	120.000000	15.000000	48.000000	125.000000	64.000000	0.000000	0.000000	0.000000	1741889948.697034	0.000000
14.000000	32926.645330	5714.804615	-41986.902593	-8128.614203	-25775.830540	-25594.379079	-15968.600329	22125.164822	-2360.791249	-815.481045	-17718.876030	62641.121464	-20069.229015	-30456.174070	6794.796204	7602.342379	-0.002000	0.972000	-0.176000	192.000000	0.000000	0.000000	0.000000	0.000000	0.000000	0.000000	0.000000	0.000000	0.000000	1741889948.756427	0.000000
16.000000	32937.150650	5716.503348	-41975.860831	-8131.654040	-25775.316450	-25596.211922	-15970.388469	22123.510793	-2361.037119	-820.510187	-17721.468833	62634.035961	-20065.540977	-30461.784358	6790.616428	7595.480394	-0.002000	0.972000	-0.176000	192.000000	0.000000	0.000000	0.000000	0.000000	0.000000	0.000000	0.000000	0.000000	0.000000	1741889948.756537	0.000000
18.000000	32927.651158	5719.386723	-41983.102796	-8127.787188	-25779.339764	-25594.692003	-15970.366117	22122.303798	-2353.124601	-814.654030	-17714.472737	62643.848377	-20076.135704	-30456.621105	6792.963361	7600.576592	-0.002000	0.972000	-0.176000	192.000000	0.000000	0.000000	0.000000	0.000000	0.000000	0.000000	0.000000	0.000000	0.000000	1741889948.756594	0.000000
20.000000	32933.730833	5722.851243	-41978.364227	-8126.267269	-25779.362116	-25593.283843	-15970.366117	22123.711958	-2349.235397	-811.122455	-17711.052920	62642.529624	-20069.519588	-30450.832003	6791.711663	7602.498842	-0.002000	0.972000	-0.176000	192.000000	0.000000	0.000000	0.000000	0.000000	0.000000	0.000000	0.000000	0.000000	0.000000	1741889948.756643	0.000000
22.000000	32919.425716	5714.648153	-41992.691695	-8132.726924	-25782.714877	-25598.938835	-15972.869512	22117.386415	-2360.008938	-823.773542	-17724.933353	62641.814368	-20080.136666	-30461.426730	6780.669901	7591.993522	-0.002000	0.972000	-0.176000	192.000000	0.000000	0.000000	15.000000	72.000000	125.000000	80.000000	0.000000	0.000000	0.000000	1741889948.756699	0.000000
24.000000	32942.291551	5735.636441	-41971.077558	-8112.118615	-25767.828616	-25583.180855	-15961.671288	22131.043331	-2342.306357	-812.195338	-17714.137460	62638.752179	-20061.897643	-30449.155623	6789.655303	7603.035283	-0.002000	0.972000	-0.176000	192.000000	0.000000	0.000000	0.000000	0.000000	0.000000	0.000000	0.000000	0.000000	0.000000	1741889948.756750	0.000000
26.000000	32927.338234	5724.862900	-41981.448767	-8116.588964	-25772.768351	-25590.445172	-15963.593538	22125.053063	-2339.132409	-807.099141	-17712.192859	62656.365354	-20066.122123	-30443.344169	6795.936143	7607.483281	-0.002000	0.972000	-0.176000	192.000000	0.000000	0.000000	0.000000	0.000000	0.000000	0.000000	0.000000	0.000000	0.000000	1741889948.756804	0.000000
28.000000	32908.383955	5700.320685	-41994.233965	-8135.275022	-25793.600177	-25612.439288	-15986.369966	22105.092955	-2353.214008	-825.204054	-17721.893516	62633.544223	-20074.124047	-30457.448120	6786.257838	7598.967266	-0.002000	0.972000	-0.176000	192.000000	0.000000	0.000000	0.000000	0.000000	0.000000	0.000000	0.000000	0.000000	0.000000	1741889948.816743	0.000000
30.000000	32911.222626	5705.506290	-41989.361285	-8131.877557	-25785.151218	-25609.801782	-15978.122172	22110.725595	-2368.346139	-841.766696	-17736.690371	62625.274077	-20079.130838	-30471.306201	6774.366710	7586.204420	-0.002000	0.972000	-0.176000	192.000000	0.000000	0.000000	0.000000	0.000000	0.000000	0.000000	0.000000	0.000000	0.000000	1741889948.816845	0.000000
32.000000	32919.135144	5706.132139	-41981.135843	-8132.570461	-25785.978232	-25611.656977	-15980.536161	22106.277598	-2355.940921	-831.686059	-17726.050940	62622.167185	-20080.315480	-30464.354809	6785.095547	7593.178164	0.002000	0.976000	-0.170000	192.000000	0.000000	8.000000	15.000000	64.000000	125.000000	88.000000	0.000000	0.000000	0.000000	1741889948.816896	0.000000
34.000000	32929.796926	5720.191386	-41966.204878	-8116.991295	-25766.398104	-25590.691041	-15960.419591	22128.472880	-2352.007014	-828.713277	-17721.647647	62633.343057	-20074.928710	-30458.386893	6794.148003	7600.397778	0.002000	0.976000	-0.170000	192.000000	0.000000	0.000000	0.000000	0.000000	0.000000	0.000000	0.000000	0.000000	0.000000	1741889948.816962	0.000000
36.000000	32912.183751	5697.705531	-41978.721855	-8136.727886	-25781.798456	-25603.900922	-15970.947262	22118.146374	-2348.162514	-827.215711	-17717.378463	62622.793033	-20067.351468	-30453.603620	6808.274306	7611.596002	0.002000	0.976000	-0.170000	192.000000	0.000000	0.000000	0.000000	0.000000	0.000000	0.000000	0.000000	0.000000	0.000000	1741889948.817018	0.000000
38.000000	32903.466571	5693.771624	-41984.332142	-8137.174921	-25779.451523	-25603.833867	-15967.415687	22116.179420	-2363.831087	-851.132077	-17737.606792	62609.002007	-20084.249387	-30472.803768	6791.398739	7590.987693	0.002000	0.976000	-0.170000	192.000000	0.000000	0.000000	0.000000	0.000000	0.000000	0.000000	0.000000	0.000000	0.000000	1741889948.817084	0.000000
40.000000	32910.909702	5706.668580	-41978.475985	-8125.864938	-25771.471950	-25593.999099	-15960.151370	22122.773185	-2363.696976	-844.113629	-17734.790472	62603.749347	-20079.890797	-30463.863070	6796.092605	7595.256876	0.002000	0.976000	-0.170000	192.000000	0.000000	0.000000	0.000000	0.000000	0.000000	0.000000	0.000000	0.000000	0.000000	1741889948.817139	0.000000
42.000000	32904.673565	5697.191441	-41987.908422	-8138.605432	-25785.419439	-25602.984500	-15975.484666	22112.379624	-2353.303415	-833.563606	-17725.514498	62628.805653	-20076.001594	-30455.145890	6797.053730	7597.872030	-0.002000	0.976000	-0.170000	192.000000	127.500000	120.000000	15.000000	64.000000	125.000000	88.000000	0.000000	0.000000	0.000000	1741889948.817189	0.000000
44.000000	32895.956385	5696.364426	-41993.406951	-8135.811464	-25781.820808	-25598.514151	-15971.975442	22116.469993	-2363.898142	-842.705469	-17739.618449	62601.424766	-20077.163884	-30465.539451	6778.881762	7586.293827	-0.002000	0.976000	-0.170000	192.000000	0.000000	0.000000	0.000000	0.000000	0.000000	0.000000	0.000000	0.000000	0.000000	1741889948.877944	0.000000
46.000000	32892.670678	5687.535487	-41992.937564	-8141.801732	-25781.731401	-25601.777506	-15972.489533	22115.911200	-2371.564790	-843.845408	-17745.206385	62611.997141	-20089.725565	-30461.784358	6781.832192	7589.825402	-0.002000	0.976000	-0.170000	192.000000	0.000000	0.000000	0.000000	0.000000	0.000000	0.000000	0.000000	0.000000	0.000000	1741889948.878007	0.000000
48.000000	32895.822274	5693.726920	-41983.706294	-8132.235185	-25768.901499	-25592.389773	-15956.910367	22126.997665	-2360.567732	-846.371156	-17739.260821	62598.027301	-20078.594396	-30459.772701	6792.270457	7596.530926	-0.002000	0.976000	-0.170000	192.000000	0.000000	0.000000	0.000000	0.000000	0.000000	0.000000	0.000000	0.000000	0.000000	1741889948.878067	0.000000
50.000000	32886.702762	5678.147754	-41986.880241	-8143.925148	-25779.607985	-25604.459715	-15967.661556	22115.933551	-2366.893276	-854.194266	-17746.592193	62595.725071	-20080.807219	-30464.533623	6792.426919	7592.753481	-0.002000	0.976000	-0.170000	192.000000	0.000000	0.000000	0.000000	0.000000	0.000000	0.000000	0.000000	0.000000	0.000000	1741889948.878116	0.000000
52.000000	32888.893233	5689.100109	-41981.046436	-8131.184653	-25774.981174	-25596.390736	-15962.163027	22124.315455	-2366.826220	-851.623815	-17744.088798	62591.902923	-20079.913149	-30462.700780	6797.098434	7596.843850	-0.002000	0.976000	-0.170000	192.000000	0.000000	0.000000	15.000000	48.000000	125.000000	80.000000	0.000000	0.000000	0.000000	1741889948.878166	0.000000
54.000000	32892.491864	5684.763871	-41974.631485	-8138.650136	-25782.848988	-25607.968939	-15969.047364	22113.765432	-2364.211066	-849.500400	-17736.936240	62604.419900	-20085.322271	-30464.488919	6799.713588	7599.056673	-0.002000	0.976000	-0.170000	192.000000	0.000000	0.000000	0.000000	0.000000	0.000000	0.000000	0.000000	0.000000	0.000000	1741889948.878217	0.000000
56.000000	32896.649289	5696.006798	-41978.051302	-8136.034982	-25783.363078	-25605.130268	-15969.449695	22114.793612	-2363.652273	-851.154429	-17731.258897	62600.016606	-20082.729469	-30467.305239	6800.227678	7599.861336	-0.002000	0.976000	-0.170000	192.000000	0.000000	0.000000	0.000000	0.000000	0.000000	0.000000	0.000000	0.000000	0.000000	1741889948.878271	0.000000
58.000000	32902.371335	5694.084548	-41975.525555	-8134.492711	-25786.671136	-25606.829000	-15971.640166	22112.625493	-2360.903008	-853.523714	-17730.968324	62603.905809	-20085.165809	-30463.617201	6800.585306	7601.828289	-0.002000	0.976000	-0.170000	192.000000	0.000000	0.000000	0.000000	0.000000	0.000000	0.000000	0.000000	0.000000	0.000000	1741889948.878326	0.000000
60.000000	32903.712440	5709.328438	-41971.502241	-8119.695857	-25773.282441	-25589.618157	-15955.233986	22128.741101	-2360.232456	-848.583978	-17729.537812	62605.090452	-20078.974376	-30456.352884	6808.386065	7610.657228	-0.002000	0.976000	-0.170000	192.000000	0.000000	0.000000	0.000000	0.000000	0.000000	0.000000	0.000000	0.000000	0.000000	1741889948.938338	0.000000
62.000000	32899.286795	5690.240048	-41979.370055	-8136.258499	-25790.001546	-25609.600617	-15974.121210	22112.871362	-2354.666871	-846.684080	-17725.134519	62603.972865	-20071.665355	-30454.698855	6808.788396	7609.830214	-0.004000	0.980000	-0.174000	192.000000	127.500000	112.000000	15.000000	80.000000	125.000000	72.000000	0.000000	0.000000	0.000000	1741889948.938422	0.000000
64.000000	32907.065202	5707.227374	-41978.453634	-8121.662810	-25779.496226	-25594.200265	-15963.057096	22123.577848	-2364.121659	-859.044595	-17735.729246	62595.188629	-20074.302861	-30469.339248	6792.292809	7591.099452	-0.004000	0.980000	-0.174000	192.000000	0.000000	0.000000	0.000000	0.000000	0.000000	0.000000	0.000000	0.000000	0.000000	1741889948.938475	0.000000
66.000000	32911.446144	5705.819214	-41975.145575	-8127.943650	-25786.268805	-25602.112782	-15971.617814	22115.508868	-2355.695052	-838.168065	-17726.341513	62603.950513	-20078.460285	-30451.413149	6796.047902	7597.804975	-0.004000	0.980000	-0.174000	192.000000	0.000000	0.000000	0.000000	0.000000	0.000000	0.000000	0.000000	0.000000	0.000000	1741889948.938535	0.000000
68.000000	32903.801847	5703.718150	-41985.561488	-8132.145778	-25790.448581	-25608.393622	-15976.669309	22105.517638	-2356.075031	-838.123362	-17727.079121	62605.626894	-20080.807219	-30459.660943	6784.179125	7586.293827	-0.004000	0.980000	-0.174000	192.000000	0.000000	0.000000	0.000000	0.000000	0.000000	0.000000	0.000000	0.000000	0.000000	1741889948.938584	0.000000
70.000000	32901.276100	5694.330417	-41987.707256	-8144.059258	-25799.769258	-25616.261436	-15985.051213	22096.867513	-2360.746546	-846.594673	-17732.555298	62591.187667	-20086.193989	-30468.601640	6776.378367	7578.157792	-0.004000	0.980000	-0.174000	192.000000	0.000000	0.000000	0.000000	0.000000	0.000000	0.000000	0.000000	0.000000	0.000000	1741889948.938637	0.000000
72.000000	32903.354812	5703.651095	-41984.086273	-8134.537415	-25788.392221	-25601.911617	-15971.416649	22113.519563	-2360.925360	-845.432382	-17730.364827	62594.696891	-20083.198855	-30463.728960	6779.932294	7585.310350	-0.006000	0.972000	-0.172000	192.000000	127.500000	104.000000	15.000000	48.000000	125.000000	80.000000	0.000000	0.000000	0.000000	1741889948.938693	0.000000
74.000000	32903.354812	5698.644304	-41980.934677	-8131.430522	-25783.608947	-25595.384907	-15964.688774	22124.293104	-2360.791249	-844.962996	-17731.772987	62585.130344	-20078.795562	-30459.549184	6790.057634	7596.754443	-0.006000	0.972000	-0.172000	192.000000	0.000000	0.000000	0.000000	0.000000	0.000000	0.000000	0.000000	0.000000	0.000000	1741889948.997727	0.000000
76.000000	32898.638594	5699.091339	-41983.460424	-8132.034019	-25779.339764	-25594.937872	-15961.023088	22128.092900	-2362.534685	-847.824019	-17732.331780	62599.077833	-20073.051163	-30456.017608	6799.288905	7604.868126	-0.006000	0.972000	-0.172000	192.000000	0.000000	0.000000	0.000000	0.000000	0.000000	0.000000	0.000000	0.000000	0.000000	1741889948.997795	0.000000
78.000000	32895.710515	5691.558801	-41990.121244	-8142.628746	-25789.286290	-25602.716279	-15969.807323	22119.979217	-2369.888409	-852.137906	-17739.663153	62582.537542	-20081.388364	-30464.198347	6795.399701	7601.001275	-0.006000	0.972000	-0.172000	192.000000	0.000000	0.000000	0.000000	0.000000	0.000000	0.000000	0.000000	0.000000	0.000000	1741889948.997866	0.000000
80.000000	32899.398553	5698.733711	-41989.495395	-8135.029153	-25789.800380	-25595.630776	-15968.980309	22123.063758	-2365.015729	-853.635472	-17740.154891	62590.427707	-20087.512742	-30467.014666	6791.354035	7599.436653	-0.006000	0.972000	-0.172000	192.000000	0.000000	0.000000	0.000000	0.000000	0.000000	0.000000	0.000000	0.000000	0.000000	1741889948.997929	0.000000
82.000000	32901.767838	5696.722054	-41980.152366	-8134.515063	-25786.604081	-25594.848465	-15962.386544	22126.371816	-2361.752374	-845.477086	-17733.203499	62580.347071	-20081.187198	-30459.146852	6797.992503	7608.891440	-0.008000	0.974000	-0.174000	192.000000	127.500000	96.000000	15.000000	56.000000	125.000000	72.000000	0.000000	0.000000	0.000000	1741889948.997993	0.000000
84.000000	32898.929167	5695.470356	-41979.079482	-8133.688049	-25783.184264	-25597.061288	-15961.626585	22125.678912	-2361.685319	-854.328377	-17732.152967	62585.756193	-20081.768344	-30461.896117	6798.551297	7606.209231	-0.008000	0.974000	-0.174000	192.000000	0.000000	0.000000	0.000000	0.000000	0.000000	0.000000	0.000000	0.000000	0.000000	1741889948.998053	0.000000
86.000000	32915.447106	5715.430464	-41969.043549	-8117.237165	-25774.154159	-25585.617195	-15957.692678	22131.244496	-2354.711575	-840.984385	-17725.469795	62578.983614	-20071.799466	-30456.330533	6800.719416	7607.997371	-0.008000	0.974000	-0.174000	192.000000	0.000000	0.000000	0.000000	0.000000	0.000000	0.000000	0.000000	0.000000	0.000000	1741889948.998101	0.000000
88.000000	32913.390745	5710.937764	-41974.162099	-8126.110807	-25781.999622	-25597.195398	-15969.203826	22116.157069	-2348.229569	-832.960109	-17715.880897	62603.347016	-20066.122123	-30446.339303	6802.552259	7608.600868	-0.008000	0.974000	-0.174000	192.000000	0.000000	0.000000	0.000000	0.000000	0.000000	0.000000	0.000000	0.000000	0.000000	1741889948.998153	0.000000
90.000000	32917.369356	5712.144758	-41980.465291	-8129.485921	-25784.324203	-25600.704622	-15969.986137	22114.547743	-2355.426831	-845.499438	-17722.698179	62582.045803	-20071.307727	-30458.118672	6788.381253	7594.608676	-0.008000	0.974000	-0.174000	192.000000	0.000000	0.000000	0.000000	0.000000	0.000000	0.000000	0.000000	0.000000	0.000000	1741889949.057389	0.000000
92.000000	32902.483094	5695.358598	-41993.675172	-8148.529607	-25799.858665	-25617.155506	-15984.782992	22097.359252	-2359.494848	-847.712260	-17727.682618	62595.635664	-20071.955928	-30457.582230	6784.000311	7589.132498	-0.008000	0.976000	-0.170000	192.000000	127.500000	96.000000	15.000000	64.000000	125.000000	88.000000	0.000000	0.000000	0.000000	1741889949.057471	0.000000
94.000000	32905.008841	5705.103958	-41991.484701	-8138.761895	-25794.583654	-25606.203151	-15977.585730	22108.065737	-2364.434584	-857.547028	-17739.931374	62569.864103	-20090.038489	-30471.909698	6769.896361	7578.113088	-0.008000	0.976000	-0.170000	192.000000	0.000000	0.000000	0.000000	0.000000	0.000000	0.000000	0.000000	0.000000	0.000000	1741889949.057523	0.000000
96.000000	32898.258614	5696.140909	-41993.406951	-8146.182674	-25802.719689	-25616.820230	-15990.192114	22095.705223	-2360.008938	-852.160257	-17734.835176	62587.745498	-20083.914111	-30464.734789	6776.758346	7586.785565	-0.008000	0.976000	-0.170000	192.000000	0.000000	0.000000	0.000000	0.000000	0.000000	0.000000	0.000000	0.000000	0.000000	1741889949.057573	0.000000
98.000000	32898.616242	5698.912525	-41990.590631	-8137.197272	-25795.433020	-25606.516076	-15978.904483	22105.070603	-2368.212029	-863.023205	-17744.558185	62574.289748	-20086.126934	-30472.915527	6773.517343	7582.091699	-0.008000	0.976000	-0.170000	192.000000	0.000000	0.000000	0.000000	0.000000	0.000000	0.000000	0.000000	0.000000	0.000000	1741889949.057622	0.000000
100.000000	32902.393687	5695.582115	-41984.130977	-8136.079685	-25792.974328	-25602.984500	-15974.121210	22112.401976	-2362.735851	-857.614083	-17733.762292	62590.047728	-20075.845131	-30461.672600	6790.839945	7601.023626	-0.008000	0.976000	-0.170000	192.000000	0.000000	0.000000	0.000000	0.000000	0.000000	0.000000	0.000000	0.000000	0.000000	1741889949.057678	0.000000
102.000000	32888.177978	5690.485917	-41995.597422	-8141.511159	-25798.629320	-25606.761945	-15976.289329	22108.468069	-2373.531744	-866.197153	-17740.400760	62578.044841	-20082.237730	-30468.869861	6784.156774	7598.006141	-0.008000	0.972000	-0.174000	192.000000	127.500000	96.000000	15.000000	48.000000	125.000000	72.000000	0.000000	0.000000	0.000000	1741889949.057734	0.000000
104.000000	32892.894196	5690.798842	-41987.170814	-8139.164226	-25792.661404	-25602.448058	-15970.075544	22116.224124	-2379.633770	-870.019301	-17745.988696	62576.748440	-20090.127896	-30473.429617	6784.112070	7598.699045	-0.008000	0.972000	-0.174000	192.000000	0.000000	0.000000	0.000000	0.000000	0.000000	0.000000	0.000000	0.000000	0.000000	1741889949.117652	0.000000
106.000000	32889.407324	5693.503403	-41989.562451	-8136.124389	-25789.129828	-25595.608425	-15967.415687	22126.997665	-2377.219782	-868.521734	-17742.591231	62572.345146	-20089.055012	-30470.412132	6789.275323	7606.052769	-0.008000	0.972000	-0.174000	192.000000	0.000000	0.000000	0.000000	0.000000	0.000000	0.000000	0.000000	0.000000	0.000000	1741889949.117776	0.000000
108.000000	32897.766876	5693.212830	-41980.197070	-8138.068990	-25785.128866	-25596.904826	-15963.571186	22126.014188	-2368.681415	-861.346824	-17733.628182	62580.034146	-20075.353393	-30460.532661	6801.121748	7616.871013	-0.008000	0.972000	-0.174000	192.000000	0.000000	0.000000	0.000000	0.000000	0.000000	0.000000	0.000000	0.000000	0.000000	1741889949.117830	0.000000
110.000000	32902.281928	5704.768682	-41985.941468	-8138.717191	-25785.441790	-25603.051556	-15969.382640	22114.011301	-2374.917552	-870.913371	-17738.523214	62574.625024	-20075.979242	-30469.540414	6784.939085	7598.274362	-0.008000	0.972000	-0.174000	192.000000	0.000000	0.000000	0.000000	0.000000	0.000000	0.000000	0.000000	0.000000	0.000000	1741889949.117884	0.000000
112.000000	32934.535496	5728.774456	-41959.164078	-8115.583136	-25770.041438	-25590.556930	-15955.189282	22126.394168	-2356.455011	-848.181647	-17718.786623	62589.511286	-20060.265965	-30456.241126	6794.349169	7600.956571	-0.006000	0.972000	-0.174000	192.000000	127.500000	104.000000	15.000000	48.000000	125.000000	72.000000	0.000000	0.000000	0.000000	1741889949.117938	0.000000
114.000000	32917.570522	5720.258441	-41972.083386	-8120.455816	-25778.065715	-25599.296462	-15960.710163	22117.274656	-2342.306357	-841.721993	-17708.370710	62602.922333	-20056.376762	-30451.748425	6800.518251	7605.382217	-0.006000	0.972000	-0.174000	192.000000	0.000000	0.000000	0.000000	0.000000	0.000000	0.000000	0.000000	0.000000	0.000000	1741889949.117995	0.000000
116.000000	32933.887295	5728.774456	-41959.745223	-8115.381970	-25777.641031	-25591.562759	-15958.922024	22124.427214	-2349.570674	-843.376022	-17713.221039	62593.534600	-20059.818931	-30455.637629	6794.148003	7602.230621	-0.006000	0.972000	-0.174000	192.000000	0.000000	0.000000	0.000000	0.000000	0.000000	0.000000	0.000000	0.000000	0.000000	1741889949.118046	0.000000
118.000000	32918.956330	5715.117540	-41969.758805	-8127.317801	-25785.777066	-25598.804724	-15965.001698	22119.152203	-2344.675642	-846.080583	-17713.466908	62598.161411	-20059.908338	-30453.938896	6795.757329	7604.197574	-0.006000	0.972000	-0.174000	192.000000	0.000000	0.000000	0.000000	0.000000	0.000000	0.000000	0.000000	0.000000	0.000000	1741889949.118094	0.000000
120.000000	32925.259522	5713.575269	-41961.041625	-8126.379028	-25788.012241	-25589.595805	-15966.946300	22124.717787	-2352.878732	-851.445002	-17719.680693	62577.106068	-20066.837378	-30459.973867	6793.097471	7600.822461	-0.006000	0.972000	-0.174000	192.000000	0.000000	0.000000	0.000000	0.000000	0.000000	0.000000	0.000000	0.000000	0.000000	1741889949.177913	0.000000
122.000000	32922.867885	5717.844453	-41965.534325	-8117.706551	-25788.168703	-25578.352878	-15966.029878	22130.708054	-2349.123639	-846.482914	-17716.283228	62585.264455	-20063.015230	-30450.541431	6799.825346	7611.886574	-0.006000	0.972000	-0.168000	192.000000	127.500000	104.000000	15.000000	48.000000	125.000000	96.000000	0.000000	0.000000	0.000000	1741889949.177979	0.000000
124.000000	32929.081670	5726.673392	-41959.007616	-8106.530679	-25783.139561	-25561.119683	-15954.272861	22148.880023	-2354.286892	-834.189455	-17717.378463	62585.622082	-20056.980259	-30439.119689	6805.681503	7627.644554	-0.006000	0.972000	-0.168000	192.000000	0.000000	0.000000	0.000000	0.000000	0.000000	0.000000	0.000000	0.000000	0.000000	1741889949.178039	0.000000
126.000000	32912.228455	5709.753121	-41980.957029	-8127.787188	-25788.012241	-25578.710506	-15958.430285	22136.631267	-2360.500677	-839.978557	-17725.805071	62590.830039	-20073.922881	-30440.840774	6803.558088	7627.935127	-0.006000	0.972000	-0.168000	192.000000	0.000000	0.000000	0.000000	0.000000	0.000000	0.000000	0.000000	0.000000	0.000000	1741889949.178110	0.000000
128.000000	32916.967024	5710.133101	-41974.676189	-8127.608374	-25779.451523	-25576.363573	-15950.920099	22142.152148	-2365.105136	-851.981443	-17734.768121	62564.052649	-20075.018117	-30456.799919	6797.947800	7617.943897	-0.006000	0.972000	-0.168000	192.000000	0.000000	0.000000	0.000000	0.000000	0.000000	0.000000	0.000000	0.000000	0.000000	1741889949.178165	0.000000
130.000000	32905.835856	5700.410092	-41984.242735	-8136.616127	-25787.676965	-25586.779486	-15956.798608	22131.289200	-2367.116793	-857.524676	-17735.058693	62572.635719	-20072.112390	-30459.057445	6799.601829	7616.714551	-0.006000	0.972000	-0.168000	192.000000	0.000000	0.000000	0.000000	0.000000	0.000000	0.000000	0.000000	0.000000	0.000000	1741889949.178215	0.000000
132.000000	32909.680356	5705.662752	-41982.722817	-8135.252671	-25784.950052	-25588.791143	-15954.384620	22129.076377	-2363.339348	-856.250627	-17732.152967	62555.760152	-20071.374782	-30462.432559	6795.332646	7610.143138	-0.008000	0.966000	-0.168000	192.000000	127.500000	96.000000	15.000000	24.000000	125.000000	96.000000	0.000000	0.000000	0.000000	1741889949.178271	0.000000
134.000000	32901.611376	5695.626819	-41992.535233	-8142.248767	-25796.885883	-25599.542332	-15962.878282	22117.207601	-2372.078880	-858.329339	-17735.572783	62565.594919	-20076.046297	-30466.142948	6787.286018	7597.246182	-0.008000	0.966000	-0.168000	192.000000	0.000000	0.000000	0.000000	0.000000	0.000000	0.000000	0.000000	0.000000	0.000000	1741889949.238665	0.000000
136.000000	32911.624958	5700.387740	-41987.930773	-8139.812427	-25798.316395	-25601.330471	-15963.168855	22113.653673	-2373.241171	-867.158278	-17740.512519	62546.685344	-20082.260082	-30472.110864	6782.301579	7588.618408	-0.008000	0.966000	-0.168000	192.000000	0.000000	0.000000	0.000000	0.000000	0.000000	0.000000	0.000000	0.000000	0.000000	1741889949.238774	0.000000
138.000000	32893.564748	5695.068025	-41985.673247	-8143.455761	-25808.397032	-25612.998082	-15976.646957	22100.466144	-2370.871886	-865.750118	-17739.305525	62564.633794	-20083.176504	-30473.630783	6779.529962	7584.863315	-0.008000	0.966000	-0.168000	192.000000	0.000000	0.000000	0.000000	0.000000	0.000000	0.000000	0.000000	0.000000	0.000000	1741889949.238823	0.000000
140.000000	32910.037984	5704.902793	-41968.238886	-8126.982525	-25791.499113	-25599.430573	-15963.213559	22112.759604	-2369.039043	-863.671406	-17731.527118	62550.328678	-20076.180408	-30472.334382	6785.654340	7589.914809	-0.008000	0.966000	-0.168000	192.000000	0.000000	0.000000	0.000000	0.000000	0.000000	0.000000	0.000000	0.000000	0.000000	1741889949.238873	0.000000
142.000000	32916.430583	5703.874612	-41966.271933	-8131.519929	-25791.655575	-25601.822210	-15962.699468	22115.240647	-2364.389880	-859.782202	-17721.044150	62569.417068	-20066.993841	-30470.702704	6793.745672	7596.933257	-0.006000	0.966000	-0.162000	192.000000	127.500000	104.000000	15.000000	24.000000	125.000000	120.000000	0.000000	0.000000	0.000000	1741889949.238922	0.000000
144.000000	32908.629824	5705.975676	-41975.167927	-8131.430522	-25786.917005	-25594.580244	-15954.965765	22127.891735	-2370.357796	-859.022243	-17724.955705	62553.301460	-20066.010364	-30472.602603	6795.913791	7604.264629	-0.006000	0.966000	-0.162000	192.000000	0.000000	0.000000	0.000000	0.000000	0.000000	0.000000	0.000000	0.000000	0.000000	1741889949.238980	0.000000
146.000000	32899.286795	5697.861993	-41980.353532	-8138.359563	-25792.571997	-25600.101125	-15958.586747	22123.868421	-2374.738738	-864.386662	-17733.874051	62558.643527	-20082.863579	-30475.642440	6792.270457	7606.388045	-0.006000	0.966000	-0.162000	192.000000	0.000000	0.000000	0.000000	0.000000	0.000000	0.000000	0.000000	0.000000	0.000000	1741889949.239037	0.000000
148.000000	32889.586137	5691.245877	-41989.338933	-8145.512121	-25797.578788	-25603.967977	-15963.280614	22119.845107	-2376.973912	-876.188383	-17739.082007	62544.338410	-20085.545788	-30488.315879	6789.655303	7602.767063	-0.006000	0.966000	-0.162000	192.000000	0.000000	0.000000	0.000000	0.000000	0.000000	0.000000	0.000000	0.000000	0.000000	1741889949.239100	0.000000
150.000000	32909.255673	5702.622915	-41972.239849	-8135.364429	-25789.755677	-25593.932044	-15957.670326	22127.936438	-2375.006959	-869.281694	-17732.622353	62548.898166	-20082.014213	-30479.799864	6794.058596	7608.354999	-0.006000	0.966000	-0.162000	192.000000	0.000000	0.000000	0.000000	0.000000	0.000000	0.000000	0.000000	0.000000	0.000000	1741889949.298425	0.000000
152.000000	32915.044774	5718.760874	-41970.652875	-8126.736656	-25781.083200	-25584.074924	-15947.209710	22136.407749	-2367.764994	-853.702528	-17725.760368	62552.787370	-20073.721716	-30467.707571	6801.077044	7617.362752	-0.004000	0.970000	-0.168000	192.000000	127.500000	112.000000	15.000000	40.000000	125.000000	96.000000	0.000000	0.000000	0.000000	1741889949.298481	0.000000
154.000000	32930.288664	5721.800711	-41967.009540	-8125.999048	-25786.380564	-25586.108933	-15954.786951	22131.445662	-2361.931188	-842.750173	-17719.904211	62568.634757	-20069.117256	-30454.475338	6806.933201	7619.597926	-0.004000	0.970000	-0.168000	192.000000	0.000000	0.000000	0.000000	0.000000	0.000000	0.000000	0.000000	0.000000	0.000000	1741889949.298543	0.000000
156.000000	32914.977719	5714.648153	-41983.885108	-8135.856168	-25795.231854	-25599.117648	-15965.180512	22116.805269	-2374.783441	-853.657824	-17728.509632	62558.732934	-20076.113352	-30466.657039	6789.878820	7598.095548	-0.004000	0.970000	-0.168000	192.000000	0.000000	0.000000	0.000000	0.000000	0.000000	0.000000	0.000000	0.000000	0.000000	1741889949.298597	0.000000
158.000000	32907.869864	5702.399397	-41981.873451	-8145.623880	-25805.178381	-25611.835791	-15979.731498	22102.656615	-2373.263523	-858.530505	-17729.604868	62552.206224	-20078.549692	-30473.206100	6784.156774	7585.243295	-0.004000	0.970000	-0.168000	192.000000	0.000000	0.000000	0.000000	0.000000	0.000000	0.000000	0.000000	0.000000	0.000000	1741889949.298649	0.000000
160.000000	32919.962158	5716.056313	-41974.497375	-8132.726924	-25798.651671	-25602.112782	-15972.221312	22113.787784	-2375.521049	-859.245760	-17726.207402	62550.753361	-20080.918977	-30478.078780	6777.965340	7582.449327	-0.004000	0.970000	-0.168000	192.000000	0.000000	0.000000	0.000000	0.000000	0.000000	0.000000	0.000000	0.000000	0.000000	1741889949.298697	0.000000
162.000000	32919.984510	5714.670505	-41964.707311	-8126.714304	-25795.053040	-25602.045727	-15968.555626	22117.542877	-2362.802906	-854.507191	-17714.919772	62550.149864	-20067.127951	-30474.055466	6785.430823	7594.698083	-0.004000	0.972000	-0.166000	192.000000	127.500000	112.000000	15.000000	48.000000	125.000000	104.000000	0.000000	0.000000	0.000000	1741889949.298747	0.000000
164.000000	32916.184713	5723.454740	-41961.354549	-8110.129310	-25782.066677	-25583.382020	-15953.110570	22136.921839	-2366.110965	-842.616062	-17714.986827	62555.782504	-20072.693535	-30464.354809	6795.533812	7612.579478	-0.004000	0.972000	-0.166000	192.000000	0.000000	0.000000	0.000000	0.000000	0.000000	0.000000	0.000000	0.000000	0.000000	1741889949.357813	0.000000
166.000000	32903.041888	5705.103958	-41975.972590	-8130.201176	-25794.293081	-25597.150695	-15967.102762	22127.087072	-2370.626017	-839.263301	-17724.799243	62554.441399	-20072.961756	-30461.247916	6797.098434	7621.944859	-0.004000	0.972000	-0.166000	192.000000	0.000000	0.000000	0.000000	0.000000	0.000000	0.000000	0.000000	0.000000	0.000000	1741889949.357926	0.000000
168.000000	32905.925263	5714.916374	-41980.487642	-8132.525758	-25782.871340	-25590.512227	-15957.983250	22134.574906	-2379.186735	-847.600501	-17743.261784	62542.952602	-20079.890797	-30476.670620	6786.213134	7608.578516	-0.004000	0.972000	-0.166000	192.000000	0.000000	0.000000	0.000000	0.000000	0.000000	0.000000	0.000000	0.000000	0.000000	1741889949.358013	0.000000
170.000000	32908.003975	5711.474205	-41976.866660	-8138.851302	-25780.882034	-25589.439343	-15954.809303	22140.632229	-2363.115831	-832.691888	-17729.649571	62541.902070	-20067.664393	-30461.091454	6797.679579	7622.302487	-0.004000	0.972000	-0.166000	192.000000	0.000000	0.000000	0.000000	0.000000	0.000000	0.000000	0.000000	0.000000	0.000000	1741889949.358111	0.000000
172.000000	32901.790190	5711.340095	-41985.852061	-8138.180749	-25780.546758	-25587.539445	-15958.027954	22137.502985	-2373.621151	-848.986310	-17741.764217	62535.151843	-20080.315480	-30470.970925	6785.609637	7609.092606	-0.006000	0.974000	-0.168000	192.000000	127.500000	104.000000	15.000000	56.000000	125.000000	96.000000	0.000000	0.000000	0.000000	1741889949.358196	0.000000
174.000000	32906.685222	5718.358543	-41979.973552	-8135.140912	-25777.708087	-25581.437419	-15951.635355	22144.454377	-2366.490944	-838.436286	-17734.544603	62531.240288	-20073.677012	-30457.649286	6794.572687	7623.844758	-0.006000	0.974000	-0.168000	192.000000	0.000000	0.000000	0.000000	0.000000	0.000000	0.000000	0.000000	0.000000	0.000000	1741889949.358280	0.000000
176.000000	32904.472399	5725.466397	-41982.588706	-8136.169092	-25774.690601	-25582.555006	-15950.182492	22142.576831	-2375.543401	-841.967862	-17739.707856	62541.499739	-20082.662413	-30457.805748	6787.062500	7617.318048	-0.006000	0.974000	-0.168000	192.000000	0.000000	0.000000	0.000000	0.000000	0.000000	0.000000	0.000000	0.000000	0.000000	1741889949.358360	0.000000
178.000000	32908.518065	5729.981450	-41976.620791	-8133.218662	-25773.729476	-25581.996212	-15950.897747	22142.375665	-2355.538589	-825.427571	-17725.425091	62546.774751	-20065.160998	-30444.573515	6795.936143	7626.415208	-0.006000	0.974000	-0.168000	192.000000	0.000000	0.000000	0.000000	0.000000	0.000000	0.000000	0.000000	0.000000	0.000000	1741889949.358441	0.000000
180.000000	32886.702762	5706.959153	-41996.871471	-8152.664680	-25796.885883	-25607.007814	-15975.350556	22118.727519	-2374.828145	-849.120420	-17742.613583	62546.126550	-20079.533169	-30464.779492	6776.423070	7603.281153	-0.006000	0.974000	-0.168000	192.000000	0.000000	0.000000	0.000000	0.000000	0.000000	0.000000	0.000000	0.000000	0.000000	1741889949.417698	0.000000
182.000000	32892.335402	5711.094226	-41985.494433	-8143.902796	-25791.320299	-25604.347957	-15970.768448	22119.152203	-2378.538534	-858.038766	-17746.927470	62524.892393	-20095.805239	-30476.648268	6766.297730	7594.340455	-0.004000	0.970000	-0.170000	192.000000	127.500000	112.000000	15.000000	40.000000	125.000000	88.000000	0.000000	0.000000	0.000000	1741889949.417787	0.000000
184.000000	32905.791152	5722.918299	-41967.568334	-8122.668639	-25775.025877	-25586.578320	-15953.043515	22140.006380	-2365.909799	-846.169990	-17730.722455	62549.725181	-20075.599262	-30459.839756	6788.560067	7615.038170	-0.004000	0.970000	-0.170000	192.000000	0.000000	0.000000	0.000000	0.000000	0.000000	0.000000	0.000000	0.000000	0.000000	1741889949.417868	0.000000
186.000000	32905.657042	5729.802636	-41957.979436	-8109.190537	-25765.571089	-25579.068134	-15944.840425	22147.829491	-2357.416136	-836.916368	-17722.765234	62549.412256	-20064.244576	-30450.809652	6801.680541	7633.567766	-0.004000	0.970000	-0.170000	192.000000	0.000000	0.000000	0.000000	0.000000	0.000000	0.000000	0.000000	0.000000	0.000000	1741889949.417942	0.000000
188.000000	32885.741637	5711.273040	-41968.663570	-8121.104016	-25779.384468	-25592.680346	-15955.390448	22136.899488	-2362.042947	-844.001871	-17725.827423	62558.777637	-20068.156131	-30457.515175	6805.346227	7635.735886	-0.004000	0.970000	-0.170000	192.000000	0.000000	0.000000	0.000000	0.000000	0.000000	0.000000	0.000000	0.000000	0.000000	1741889949.418015	0.000000
190.000000	32885.160492	5709.842528	-41974.139747	-8122.601583	-25778.333936	-25592.434477	-15953.065867	22135.938363	-2374.112889	-854.082507	-17740.445464	62531.709675	-20080.650756	-30467.126425	6796.606695	7630.349115	-0.004000	0.970000	-0.170000	192.000000	0.000000	0.000000	0.000000	0.000000	0.000000	0.000000	0.000000	0.000000	0.000000	1741889949.418125	0.000000
192.000000	32905.433524	5726.405171	-41963.299151	-8106.933010	-25767.739209	-25578.978727	-15941.934698	22145.437854	-2365.775688	-847.019356	-17735.528080	62545.411294	-20075.375745	-30462.007876	6802.574611	7632.003144	-0.002000	0.968000	-0.166000	192.000000	127.500000	120.000000	15.000000	32.000000	125.000000	104.000000	0.000000	0.000000	0.000000	1741889949.418221	0.000000
194.000000	32899.175036	5725.488749	-41972.865697	-8115.873708	-25771.561357	-25583.337317	-15945.600384	22141.883927	-2348.117810	-828.310946	-17719.211306	62555.894262	-20054.298050	-30441.779547	6815.248050	7645.771819	-0.002000	0.968000	-0.166000	192.000000	0.000000	0.000000	0.000000	0.000000	0.000000	0.000000	0.000000	0.000000	0.000000	1741889949.477948	0.000000
196.000000	32875.482187	5699.516022	-41991.462349	-8148.797828	-25791.946148	-25606.560779	-15969.226178	22118.347540	-2373.755261	-856.787068	-17744.781702	62540.605669	-20077.610919	-30466.791149	6787.062500	7612.847699	-0.002000	0.968000	-0.166000	192.000000	0.000000	0.000000	0.000000	0.000000	0.000000	0.000000	0.000000	0.000000	0.000000	1741889949.478037	0.000000
198.000000	32871.503576	5703.047598	-41997.430265	-8152.687031	-25787.185226	-25607.857181	-15965.493437	22115.799441	-2380.796061	-863.000853	-17753.945917	62523.417178	-20091.066669	-30477.430579	6775.014910	7595.502746	-0.002000	0.968000	-0.166000	192.000000	0.000000	0.000000	0.000000	0.000000	0.000000	0.000000	0.000000	0.000000	0.000000	1741889949.478136	0.000000
200.000000	32880.198405	5700.477147	-41993.295192	-8160.644252	-25790.649747	-25613.311006	-15968.130942	22114.905371	-2370.894238	-862.665577	-17749.632031	62525.965276	-20080.740163	-30475.776550	6775.529000	7593.088757	-0.002000	0.968000	-0.166000	192.000000	0.000000	0.000000	0.000000	0.000000	0.000000	0.000000	0.000000	0.000000	0.000000	1741889949.478217	0.000000
202.000000	32858.606620	5687.982522	-42008.024992	-8169.026157	-25802.898503	-25617.915466	-15979.865608	22108.624531	-2379.946694	-873.439118	-17758.840949	62510.855497	-20087.848018	-30483.867882	6766.633006	7583.701024	-0.006000	0.968000	-0.164000	192.000000	127.500000	104.000000	15.000000	32.000000	125.000000	112.000000	0.000000	0.000000	0.000000	1741889949.478302	0.000000
204.000000	32863.792224	5687.557839	-41994.569241	-8165.338119	-25795.947110	-25618.809535	-15972.757753	22112.334920	-2386.205183	-881.441043	-17762.976022	62504.060567	-20090.463172	-30487.757085	6765.381308	7583.186934	-0.006000	0.968000	-0.164000	192.000000	0.000000	0.000000	0.000000	0.000000	0.000000	0.000000	0.000000	0.000000	0.000000	1741889949.478382	0.000000
206.000000	32864.149852	5696.163260	-41992.088198	-8153.446991	-25791.029726	-25610.919370	-15966.253396	22118.839278	-2379.991398	-874.959037	-17753.163606	62508.106233	-20084.718774	-30484.225510	6770.656320	7587.679635	-0.006000	0.968000	-0.164000	192.000000	0.000000	0.000000	0.000000	0.000000	0.000000	0.000000	0.000000	0.000000	0.000000	1741889949.478454	0.000000
208.000000	32882.455931	5705.618048	-41973.133918	-8140.706496	-25779.876206	-25600.726974	-15956.418628	22128.137604	-2364.613398	-862.330301	-17738.389103	62520.869079	-20074.369916	-30471.350905	6786.324893	7604.286981	-0.006000	0.968000	-0.164000	192.000000	0.000000	0.000000	0.000000	0.000000	0.000000	0.000000	0.000000	0.000000	0.000000	1741889949.478526	0.000000
210.000000	32874.565765	5704.723979	-41976.732549	-8130.670563	-25783.385430	-25596.658957	-15957.804436	22129.121081	-2364.501639	-864.185496	-17735.259859	62525.920573	-20075.979242	-30468.445178	6793.835079	7610.880746	-0.006000	0.968000	-0.164000	192.000000	0.000000	0.000000	0.000000	0.000000	0.000000	0.000000	0.000000	0.000000	0.000000	1741889949.538219	0.000000
212.000000	32881.606565	5709.328438	-41965.087290	-8121.707514	-25783.497189	-25594.557893	-15955.233986	22129.746929	-2364.680453	-857.524676	-17734.477548	62526.635829	-20071.330079	-30460.018570	6798.126614	7618.502691	-0.006000	0.966000	-0.176000	192.000000	127.500000	104.000000	15.000000	24.000000	125.000000	64.000000	0.000000	0.000000	0.000000	1741889949.538350	0.000000
214.000000	32880.600736	5715.810444	-41969.982322	-8116.767778	-25781.731401	-25591.965090	-15953.043515	22132.071511	-2368.167325	-856.988234	-17735.461025	62536.135320	-20078.974376	-30460.510309	6799.668884	7623.084798	-0.006000	0.966000	-0.176000	192.000000	0.000000	0.000000	0.000000	0.000000	0.000000	0.000000	0.000000	0.000000	0.000000	1741889949.538455	0.000000
216.000000	32885.562823	5713.105883	-41969.624695	-8125.552014	-25783.541892	-25592.479180	-15955.792779	22127.914086	-2360.031290	-849.902731	-17728.844908	62540.985649	-20074.213454	-30451.413149	6802.082873	7627.510444	-0.006000	0.966000	-0.176000	192.000000	0.000000	0.000000	0.000000	0.000000	0.000000	0.000000	0.000000	0.000000	0.000000	1741889949.538539	0.000000
218.000000	32877.650306	5707.830871	-41986.053227	-8141.444104	-25790.605043	-25598.134172	-15967.080410	22122.080281	-2367.764994	-864.051385	-17739.730208	62533.676628	-20077.543864	-30463.058408	6786.794279	7611.126615	-0.006000	0.966000	-0.176000	192.000000	0.000000	0.000000	0.000000	0.000000	0.000000	0.000000	0.000000	0.000000	0.000000	1741889949.538611	0.000000
220.000000	32881.897137	5707.964982	-41980.040607	-8144.215720	-25783.273671	-25596.435439	-15959.458466	22127.757624	-2366.021558	-868.745252	-17738.322048	62516.935172	-20072.067687	-30463.416036	6781.228695	7608.489109	-0.006000	0.966000	-0.176000	192.000000	0.000000	0.000000	0.000000	0.000000	0.000000	0.000000	0.000000	0.000000	0.000000	1741889949.538691	0.000000
222.000000	32860.730035	5691.268228	-41995.798587	-8159.683127	-25794.650709	-25611.142887	-15969.136771	22116.514697	-2367.228552	-871.650979	-17740.646629	62524.244192	-20074.414620	-30468.691047	6787.464832	7607.148004	-0.002000	0.966000	-0.176000	192.000000	127.500000	120.000000	15.000000	24.000000	125.000000	64.000000	0.000000	0.000000	0.000000	1741889949.538771	0.000000
224.000000	32865.982695	5695.716226	-41988.422512	-8153.603453	-25790.917968	-25609.019471	-15967.683907	22117.922857	-2376.862154	-879.988179	-17748.201519	62503.524125	-20080.069611	-30476.402399	6779.507611	7600.643647	-0.002000	0.966000	-0.176000	192.000000	0.000000	0.000000	0.000000	0.000000	0.000000	0.000000	0.000000	0.000000	0.000000	1741889949.598410	0.000000
226.000000	32862.272306	5689.122461	-41986.388503	-8157.693822	-25789.129828	-25612.573399	-15967.169817	22115.575923	-2380.550191	-887.498365	-17747.307449	62513.984741	-20078.192065	-30483.599661	6781.586323	7592.529964	-0.002000	0.966000	-0.176000	192.000000	0.000000	0.000000	0.000000	0.000000	0.000000	0.000000	0.000000	0.000000	0.000000	1741889949.598502	0.000000
228.000000	32879.729018	5706.579173	-41970.809337	-8139.231281	-25777.708087	-25594.468486	-15956.418628	22130.573944	-2372.145936	-881.239877	-17739.506690	62503.613532	-20067.664393	-30475.396571	6786.906038	7598.721397	-0.002000	0.966000	-0.176000	192.000000	0.000000	0.000000	0.000000	0.000000	0.000000	0.000000	0.000000	0.000000	0.000000	1741889949.598576	0.000000
230.000000	32890.413152	5721.554842	-41961.779232	-8120.902851	-25770.488473	-25580.498645	-15943.767541	22141.772168	-2351.269406	-851.556760	-17719.479527	62535.732989	-20058.209605	-30445.892268	6806.374408	7623.688295	-0.002000	0.966000	-0.176000	192.000000	0.000000	0.000000	0.000000	0.000000	0.000000	0.000000	0.000000	0.000000	0.000000	1741889949.598649	0.000000
232.000000	32884.512291	5715.788092	-41971.815165	-8125.820235	-25781.463180	-25589.104067	-15955.703372	22133.367912	-2354.152781	-844.337147	-17722.228792	62530.390922	-20062.679954	-30443.344169	6802.418149	7625.945822	-0.006000	0.972000	-0.174000	192.000000	127.500000	104.000000	15.000000	48.000000	125.000000	72.000000	0.000000	0.000000	0.000000	1741889949.598722	0.000000
234.000000	32885.160492	5713.865842	-41974.832651	-8128.144816	-25786.380564	-25592.210959	-15960.084314	22132.295028	-2363.942845	-856.585903	-17731.281248	62529.653314	-20074.660489	-30455.503518	6788.470660	7614.501728	-0.006000	0.972000	-0.174000	192.000000	0.000000	0.000000	0.000000	0.000000	0.000000	0.000000	0.000000	0.000000	0.000000	1741889949.598840	0.000000
236.000000	32887.686239	5717.375066	-41971.815165	-8128.189519	-25780.703220	-25585.147808	-15955.882186	22137.860613	-2361.238284	-852.249664	-17727.436748	62513.649465	-20070.570120	-30451.614315	6792.136346	7619.687333	-0.006000	0.972000	-0.174000	192.000000	0.000000	0.000000	0.000000	0.000000	0.000000	0.000000	0.000000	0.000000	0.000000	1741889949.598939	0.000000
238.000000	32886.166321	5712.904717	-41973.268029	-8137.554900	-25782.334898	-25588.053535	-15959.346707	22135.603086	-2352.498752	-845.164161	-17722.049978	62529.228631	-20062.635250	-30445.780509	6797.657227	7623.487130	-0.006000	0.972000	-0.174000	192.000000	0.000000	0.000000	0.000000	0.000000	0.000000	0.000000	0.000000	0.000000	0.000000	1741889949.599017	0.000000
240.000000	32878.007934	5710.848357	-41976.173756	-8143.187540	-25782.692526	-25587.181817	-15957.692678	22136.541860	-2362.601741	-857.077641	-17734.388141	62508.553268	-20068.178483	-30459.929163	6787.420128	7615.485205	-0.006000	0.972000	-0.174000	192.000000	0.000000	0.000000	0.000000	0.000000	0.000000	0.000000	0.000000	0.000000	0.000000	1741889949.658820	0.000000
242.000000	32879.170225	5704.411054	-41975.704369	-8149.557787	-25782.401953	-25590.199302	-15955.949242	22133.613781	-2359.584255	-858.821077	-17734.052865	62516.465785	-20069.027849	-30458.610411	6794.639742	7615.418150	-0.008000	0.962000	-0.170000	192.000000	127.500000	96.000000	15.000000	8.000000	125.000000	88.000000	0.000000	0.000000	0.000000	1741889949.658930	0.000000
244.000000	32875.392780	5711.720075	-41972.686884	-8138.471322	-25777.372811	-25583.627890	-15949.310774	22140.632229	-2362.601741	-863.537295	-17737.338571	62493.309378	-20077.007422	-30462.141986	6789.185916	7615.172281	-0.008000	0.962000	-0.170000	192.000000	0.000000	0.000000	0.000000	0.000000	0.000000	0.000000	0.000000	0.000000	0.000000	1741889949.659018	0.000000
246.000000	32869.603678	5701.438272	-41970.384654	-8146.428543	-25784.726534	-25595.317852	-15957.916195	22130.126909	-2361.528857	-862.620874	-17730.856565	62506.631018	-20070.503064	-30458.096320	6795.444405	7619.195595	-0.008000	0.962000	-0.170000	192.000000	0.000000	0.000000	0.000000	0.000000	0.000000	0.000000	0.000000	0.000000	0.000000	1741889949.659098	0.000000
248.000000	32864.418073	5702.667618	-41963.992055	-8137.644307	-25774.198863	-25589.573454	-15945.935660	22139.849918	-2363.652273	-863.045557	-17729.269591	62499.321997	-20064.669259	-30458.878631	6800.071216	7622.235432	-0.008000	0.962000	-0.170000	192.000000	0.000000	0.000000	0.000000	0.000000	0.000000	0.000000	0.000000	0.000000	0.000000	1741889949.659172	0.000000
250.000000	32853.778643	5683.132193	-41970.071729	-8155.212778	-25791.119133	-25608.974768	-15962.610061	22119.263961	-2373.040005	-878.535316	-17740.512519	62492.527067	-20074.347565	-30471.082684	6793.499803	7612.199499	-0.008000	0.962000	-0.170000	192.000000	0.000000	0.000000	0.000000	0.000000	0.000000	0.000000	0.000000	0.000000	0.000000	1741889949.659249	0.000000
252.000000	32856.684370	5697.839641	-41971.166965	-8142.025249	-25780.658517	-25594.379079	-15950.383657	22135.893659	-2384.975837	-885.330246	-17749.676734	62484.771011	-20078.437934	-30475.597736	6789.074157	7606.075121	-0.006000	0.974000	-0.172000	192.000000	127.500000	104.000000	15.000000	56.000000	125.000000	80.000000	0.000000	0.000000	0.000000	1741889949.659323	0.000000
254.000000	32869.022533	5699.404263	-41963.857944	-8143.589871	-25773.573014	-25590.959262	-15944.996887	22140.341656	-2361.595912	-866.845353	-17732.331780	62503.099442	-20059.863634	-30457.850451	6808.319009	7625.096455	-0.006000	0.974000	-0.172000	192.000000	0.000000	0.000000	0.000000	0.000000	0.000000	0.000000	0.000000	0.000000	0.000000	1741889949.718258	0.000000
0.000000	32864.015742	5698.800766	-41981.247602	-8150.988299	-25785.441790	-25596.435439	-15955.211634	22130.439833	-2368.592008	-877.730653	-17739.350228	62492.728232	-20067.843207	-30468.020495	6799.870050	7615.775778	-0.006000	0.974000	-0.172000	192.000000	0.000000	0.000000	0.000000	0.000000	0.000000	0.000000	0.000000	0.000000	0.000000	1741889949.718388	0.000000
2.000000	32870.385989	5698.689008	-41979.839442	-8150.049526	-25788.883959	-25598.201227	-15957.670326	22131.155089	-2369.620188	-876.657769	-17739.707856	62491.878866	-20075.599262	-30469.786283	6791.868125	7612.221850	-0.006000	0.974000	-0.172000	192.000000	0.000000	0.000000	0.000000	0.000000	0.000000	0.000000	0.000000	0.000000	0.000000	1741889949.718485	0.000000
4.000000	32862.227602	5703.516984	-41982.655762	-8146.786171	-25787.989889	-25596.658957	-15952.752942	22132.406787	-2373.889372	-882.089243	-17743.597060	62491.543590	-20079.086134	-30472.244975	6786.861335	7609.226717	-0.006000	0.974000	-0.172000	192.000000	0.000000	0.000000	0.000000	0.000000	0.000000	0.000000	0.000000	0.000000	0.000000	1741889949.718563	0.000000
6.000000	32877.046809	5700.611258	-41975.234982	-8149.289566	-25792.706107	-25600.995195	-15960.151370	22128.942267	-2365.887447	-881.619857	-17733.829347	62488.548456	-20069.541939	-30465.003009	6796.852564	7622.637763	-0.004000	0.976000	-0.178000	192.000000	127.500000	112.000000	15.000000	64.000000	125.000000	56.000000	0.000000	0.000000	0.000000	1741889949.718643	0.000000
8.000000	32875.705704	5706.512118	-41978.140709	-8149.557787	-25793.510770	-25600.324643	-15961.179550	22128.517583	-2370.648369	-881.306932	-17734.902231	62492.057680	-20080.382536	-30475.038943	6786.503707	7614.233507	-0.004000	0.976000	-0.178000	192.000000	0.000000	0.000000	0.000000	0.000000	0.000000	0.000000	0.000000	0.000000	0.000000	1741889949.718727	0.000000
10.000000	32877.247975	5701.706493	-41967.680093	-8149.155456	-25786.782895	-25601.129305	-15955.748076	22128.674046	-2363.898142	-878.937647	-17729.694275	62485.083936	-20069.474884	-30471.887347	6792.359864	7616.625144	-0.004000	0.976000	-0.178000	192.000000	0.000000	0.000000	0.000000	0.000000	0.000000	0.000000	0.000000	0.000000	0.000000	1741889949.718807	0.000000
12.000000	32875.862166	5708.210851	-41960.236962	-8139.007764	-25780.144427	-25594.289672	-15951.970631	22132.451490	-2362.087651	-881.597505	-17729.828385	62492.817639	-20061.137684	-30471.596774	6797.321951	7616.289868	-0.004000	0.976000	-0.178000	192.000000	0.000000	0.000000	0.000000	0.000000	0.000000	0.000000	0.000000	0.000000	0.000000	1741889949.718886	0.000000
14.000000	32878.209100	5706.422711	-41953.374976	-8133.620993	-25780.658517	-25593.507361	-15952.484721	22134.127871	-2351.872903	-865.593656	-17715.322103	62498.092651	-20059.349544	-30455.391759	6809.414245	7629.365638	-0.004000	0.976000	-0.178000	192.000000	0.000000	0.000000	0.000000	0.000000	0.000000	0.000000	0.000000	0.000000	0.000000	1741889949.777938	0.000000
16.000000	32874.431655	5705.506290	-41962.785061	-8139.410095	-25787.028764	-25598.044765	-15961.425419	22124.561325	-2369.441374	-880.211697	-17730.834214	62495.656311	-20070.637175	-30469.316896	6796.696102	7615.351095	-0.004000	0.972000	-0.174000	192.000000	127.500000	112.000000	15.000000	48.000000	125.000000	72.000000	0.000000	0.000000	0.000000	1741889949.778027	0.000000
18.000000	32866.005047	5699.024284	-41965.981360	-8150.630671	-25799.076354	-25605.286730	-15976.490495	22110.971464	-2363.361700	-867.270037	-17727.995542	62487.453221	-20062.568195	-30462.119634	6798.081910	7617.049827	-0.004000	0.972000	-0.174000	192.000000	0.000000	0.000000	0.000000	0.000000	0.000000	0.000000	0.000000	0.000000	0.000000	1741889949.778108	0.000000
20.000000	32888.826178	5723.745313	-41948.055261	-8132.168130	-25782.066677	-25580.744515	-15958.072657	22134.038464	-2356.186790	-863.514944	-17725.089815	62499.612570	-20062.724657	-30457.246954	6797.992503	7616.803958	-0.004000	0.972000	-0.174000	192.000000	0.000000	0.000000	0.000000	0.000000	0.000000	0.000000	0.000000	0.000000	0.000000	1741889949.778180	0.000000
22.000000	32868.776663	5699.158394	-41968.104776	-8150.653023	-25798.405802	-25601.084602	-15973.383602	22117.431118	-2353.459877	-863.403185	-17720.015969	62490.694224	-20058.455474	-30451.770777	6804.474509	7626.795188	-0.004000	0.972000	-0.174000	192.000000	0.000000	0.000000	0.000000	0.000000	0.000000	0.000000	0.000000	0.000000	0.000000	1741889949.778295	0.000000
24.000000	32866.340323	5699.650133	-41972.888049	-8151.480037	-25794.337785	-25601.844561	-15969.092067	22121.745005	-2367.429717	-891.767549	-17738.590269	62479.227779	-20067.239710	-30477.654097	6787.710701	7606.566859	-0.004000	0.972000	-0.174000	192.000000	0.000000	0.000000	0.000000	0.000000	0.000000	0.000000	0.000000	0.000000	0.000000	1741889949.778392	0.000000
26.000000	32857.466681	5693.905734	-41986.589669	-8161.292453	-25800.104535	-25610.070003	-15971.059021	22115.486516	-2364.769860	-877.462432	-17734.790472	62473.304567	-20066.077419	-30470.255669	6792.918657	7615.686371	-0.004000	0.972000	-0.176000	192.000000	127.500000	112.000000	15.000000	48.000000	125.000000	64.000000	0.000000	0.000000	0.000000	1741889949.778471	0.000000
28.000000	32867.524966	5699.270153	-41983.907459	-8157.671470	-25799.791610	-25608.505381	-15967.616852	22117.431118	-2381.198392	-890.225278	-17748.000353	62474.556264	-20085.568140	-30483.174978	6778.591189	7600.531888	-0.004000	0.972000	-0.176000	192.000000	0.000000	0.000000	0.000000	0.000000	0.000000	0.000000	0.000000	0.000000	0.000000	1741889949.838193	0.000000
30.000000	32862.071140	5693.905734	-41988.891898	-8160.733659	-25806.698299	-25611.299349	-15971.193131	22118.213429	-2370.044872	-887.297200	-17736.556260	62470.600005	-20079.063783	-30480.828045	6780.759308	7605.985714	-0.004000	0.972000	-0.176000	192.000000	0.000000	0.000000	0.000000	0.000000	0.000000	0.000000	0.000000	0.000000	0.000000	1741889949.838313	0.000000
32.000000	32863.300486	5697.996104	-41985.248564	-8154.676337	-25804.887808	-25608.684195	-15967.192169	22120.001569	-2366.870924	-889.040636	-17733.583478	62478.445468	-20080.896626	-30481.565652	6781.228695	7607.818557	-0.004000	0.972000	-0.176000	192.000000	0.000000	0.000000	0.000000	0.000000	0.000000	0.000000	0.000000	0.000000	0.000000	1741889949.838395	0.000000
34.000000	32857.421977	5691.715263	-41993.474006	-8155.570406	-25811.749793	-25615.523829	-15974.992928	22111.574961	-2381.131337	-890.806424	-17741.697161	62466.554340	-20084.517608	-30484.516082	6776.244256	7605.270458	-0.004000	0.972000	-0.176000	192.000000	0.000000	0.000000	0.000000	0.000000	0.000000	0.000000	0.000000	0.000000	0.000000	1741889949.838479	0.000000
36.000000	32857.064349	5684.272132	-41988.646029	-8153.625805	-25809.961654	-25618.653073	-15975.283501	22108.333958	-2387.948619	-897.333133	-17752.694220	62471.516427	-20084.830533	-30488.986431	6771.639797	7599.615467	-0.004000	0.972000	-0.176000	192.000000	0.000000	0.000000	15.000000	64.000000	125.000000	96.000000	0.000000	0.000000	0.000000	1741889949.838553	0.000000
38.000000	32863.680466	5692.408167	-41973.782119	-8137.666659	-25797.154104	-25603.208018	-15961.559529	22123.443737	-2381.064282	-893.600392	-17742.479472	62470.152971	-20073.274681	-30483.018515	6786.257838	7613.272382	-0.004000	0.972000	-0.176000	192.000000	0.000000	0.000000	0.000000	0.000000	0.000000	0.000000	0.000000	0.000000	0.000000	1741889949.838629	0.000000
40.000000	32849.867088	5668.558856	-41973.804471	-8157.537360	-25803.949035	-25614.741518	-15969.673213	22114.145412	-2373.777613	-893.645095	-17737.070350	62472.879883	-20076.314518	-30477.788207	6787.733053	7613.004161	-0.004000	0.972000	-0.176000	192.000000	0.000000	0.000000	0.000000	0.000000	0.000000	0.000000	0.000000	0.000000	0.000000	1741889949.838703	0.000000
42.000000	32824.073174	5643.077867	-41996.670305	-8183.711253	-25814.677872	-25633.628742	-15982.056079	22096.688699	-2386.272238	-920.646002	-17754.214138	62443.241470	-20082.394193	-30502.129257	6773.427936	7594.519269	-0.004000	0.972000	-0.176000	192.000000	0.000000	0.000000	0.000000	0.000000	0.000000	0.000000	0.000000	0.000000	0.000000	1741889949.838775	0.000000
44.000000	32800.156808	5615.607573	-41992.557584	-8184.940599	-25813.560285	-25627.683178	-15977.071640	22104.757679	-2402.521956	-941.589587	-17762.685449	62432.199708	-20088.675033	-30510.354699	6770.611616	7588.260780	-0.004000	0.972000	-0.176000	192.000000	0.000000	0.000000	0.000000	0.000000	0.000000	0.000000	0.000000	0.000000	0.000000	1741889949.898554	0.000000
46.000000	32773.468825	5601.168347	-42006.348611	-8178.257427	-25816.108384	-25620.329454	-15974.769410	22111.016168	-2423.934927	-960.767384	-17777.415249	62418.475737	-20101.370824	-30518.982472	6763.995500	7586.450289	-0.004000	0.972000	-0.166000	192.000000	127.500000	112.000000	15.000000	48.000000	125.000000	104.000000	0.000000	0.000000	0.000000	1741889949.898693	0.000000
48.000000	32769.691380	5596.116852	-41999.933660	-8172.691843	-25814.029671	-25614.629759	-15970.164951	22118.660464	-2425.812474	-952.944273	-17774.710688	62425.650647	-20086.998652	-30505.325556	6776.914808	7604.421092	-0.004000	0.972000	-0.166000	192.000000	0.000000	0.000000	0.000000	0.000000	0.000000	0.000000	0.000000	0.000000	0.000000	1741889949.898781	0.000000
50.000000	32765.176328	5601.771844	-42002.682925	-8166.366299	-25808.486439	-25602.537465	-15961.470123	22126.528278	-2427.690021	-953.078384	-17778.756354	62419.995656	-20103.248370	-30502.822161	6774.590227	7603.817595	-0.004000	0.972000	-0.166000	192.000000	0.000000	0.000000	0.000000	0.000000	0.000000	0.000000	0.000000	0.000000	0.000000	1741889949.898860	0.000000
52.000000	32755.878002	5583.197544	-42003.912271	-8183.733604	-25820.131698	-25620.664730	-15975.954053	22109.742118	-2430.931023	-954.397136	-17780.432735	62417.894592	-20102.846039	-30503.827990	6776.825401	7605.538679	-0.004000	0.972000	-0.166000	192.000000	0.000000	0.000000	0.000000	0.000000	0.000000	0.000000	0.000000	0.000000	0.000000	1741889949.898939	0.000000
54.000000	32751.117081	5588.427852	-42005.946279	-8173.317691	-25820.243456	-25618.116631	-15978.971538	22109.183324	-2440.341108	-967.405852	-17790.066336	62408.059824	-20109.082175	-30515.048565	6761.425049	7593.468737	-0.004000	0.972000	-0.166000	192.000000	0.000000	0.000000	0.000000	0.000000	0.000000	0.000000	0.000000	0.000000	0.000000	1741889949.899017	0.000000
56.000000	32763.656409	5598.329675	-41996.916175	-8162.253578	-25819.595256	-25611.165239	-15975.886998	22115.419461	-2436.474256	-949.792677	-17783.159647	62412.977208	-20109.439803	-30504.677356	6762.699099	7604.622257	-0.002000	0.976000	-0.166000	192.000000	127.500000	120.000000	15.000000	64.000000	125.000000	104.000000	0.000000	0.000000	0.000000	1741889949.899096	0.000000
58.000000	32757.777900	5596.854460	-42005.342782	-8164.578159	-25814.588465	-25613.579227	-15974.769410	22117.900505	-2435.177855	-948.295110	-17781.259749	62422.767272	-20108.433975	-30504.833818	6760.352166	7603.124690	-0.002000	0.976000	-0.166000	192.000000	0.000000	0.000000	0.000000	0.000000	0.000000	0.000000	0.000000	0.000000	0.000000	1741889949.958879	0.000000
60.000000	32767.411502	5602.688265	-41997.765541	-8161.717136	-25814.320244	-25611.232294	-15976.736364	22119.979217	-2421.878567	-942.349546	-17773.928377	62414.251258	-20092.139553	-30500.586987	6763.414355	7608.086778	-0.002000	0.976000	-0.166000	192.000000	0.000000	0.000000	0.000000	0.000000	0.000000	0.000000	0.000000	0.000000	0.000000	1741889949.958970	0.000000
62.000000	32753.776938	5596.206259	-42007.600308	-8172.021290	-25817.807116	-25618.384852	-15983.039556	22112.804307	-2435.133151	-942.774229	-17783.718441	62419.436862	-20104.589475	-30505.817295	6753.736049	7599.280190	-0.002000	0.976000	-0.166000	192.000000	0.000000	0.000000	0.000000	0.000000	0.000000	0.000000	0.000000	0.000000	0.000000	1741889949.959044	0.000000
64.000000	32764.684589	5595.468652	-42002.392352	-8181.163154	-25816.063680	-25624.710396	-15981.474934	22108.915104	-2428.852311	-945.501142	-17782.690261	62401.086080	-20095.268797	-30513.036908	6753.803105	7593.982827	-0.002000	0.976000	-0.166000	192.000000	0.000000	0.000000	0.000000	0.000000	0.000000	0.000000	0.000000	0.000000	0.000000	1741889949.959116	0.000000
66.000000	32771.501872	5609.729065	-42007.622660	-8182.414851	-25812.397994	-25614.629759	-15973.629471	22124.114290	-2428.651146	-943.355375	-17785.148953	62398.381519	-20107.137574	-30514.400365	6754.965395	7594.116937	-0.002000	0.976000	-0.166000	192.000000	0.000000	0.000000	15.000000	64.000000	125.000000	112.000000	0.000000	0.000000	0.000000	1741889949.959217	0.000000
68.000000	32775.458130	5610.869004	-42004.068733	-8184.515915	-25811.258055	-25614.741518	-15971.550759	22125.254229	-2413.653125	-929.854921	-17773.906025	62394.268798	-20093.748879	-30500.229359	6767.840000	7611.350132	-0.002000	0.976000	-0.166000	192.000000	0.000000	0.000000	0.000000	0.000000	0.000000	0.000000	0.000000	0.000000	0.000000	1741889949.959330	0.000000
70.000000	32784.801159	5625.419989	-41998.659611	-8168.690880	-25799.054003	-25601.822210	-15958.162064	22136.608915	-2421.073904	-941.835456	-17783.763144	62396.079289	-20103.561295	-30509.885312	6761.894436	7605.605734	-0.002000	0.976000	-0.166000	192.000000	0.000000	0.000000	0.000000	0.000000	0.000000	0.000000	0.000000	0.000000	0.000000	1741889949.959410	0.000000
72.000000	32792.870139	5634.718315	-41996.379733	-8161.225398	-25796.908235	-25596.390736	-15954.809303	22140.654581	-2399.415064	-912.509967	-17768.206330	62408.037473	-20090.664338	-30484.337268	6780.155811	7631.287888	-0.002000	0.976000	-0.166000	192.000000	0.000000	0.000000	0.000000	0.000000	0.000000	0.000000	0.000000	0.000000	0.000000	1741889949.959488	0.000000
74.000000	32783.661221	5628.325716	-42002.213538	-8164.734622	-25805.312491	-25602.738631	-15964.174684	22133.010284	-2406.634677	-910.386552	-17778.555188	62416.017045	-20097.593379	-30482.392667	6775.730166	7629.678563	-0.002000	0.976000	-0.166000	192.000000	0.000000	0.000000	0.000000	0.000000	0.000000	0.000000	0.000000	0.000000	0.000000	1741889950.018994	0.000000
76.000000	32775.279316	5620.502605	-42011.824788	-8171.574255	-25815.638997	-25616.082623	-15970.768448	22121.096804	-2424.069038	-931.330136	-17797.129488	62387.540923	-20112.680806	-30500.743449	6757.357032	7613.495900	-0.004000	0.974000	-0.164000	192.000000	127.500000	112.000000	15.000000	56.000000	125.000000	112.000000	0.000000	0.000000	0.000000	1741889950.019109	0.000000
78.000000	32791.841959	5632.930175	-42000.917137	-8162.678261	-25810.833372	-25612.863971	-15966.655727	22123.622551	-2414.726009	-924.311688	-17786.065374	62408.417452	-20099.895608	-30492.316841	6761.469753	7614.121749	-0.004000	0.974000	-0.164000	192.000000	0.000000	0.000000	0.000000	0.000000	0.000000	0.000000	0.000000	0.000000	0.000000	1741889950.019199	0.000000
80.000000	32786.879872	5632.751361	-42005.096913	-8166.008671	-25811.079241	-25612.595750	-15970.500227	22120.828583	-2409.003962	-925.004593	-17785.148953	62394.380557	-20108.769251	-30495.826065	6753.847808	7604.823423	-0.004000	0.974000	-0.164000	192.000000	0.000000	0.000000	0.000000	0.000000	0.000000	0.000000	0.000000	0.000000	0.000000	1741889950.019278	0.000000
82.000000	32792.020773	5631.834940	-42003.956974	-8174.547037	-25810.475744	-25616.328492	-15968.801495	22120.247438	-2399.079788	-922.680011	-17778.622243	62406.986941	-20099.292111	-30492.272138	6758.116991	7607.237411	-0.004000	0.974000	-0.164000	192.000000	0.000000	0.000000	0.000000	0.000000	0.000000	0.000000	0.000000	0.000000	0.000000	1741889950.019352	0.000000
84.000000	32800.737953	5648.598748	-41994.569241	-8163.415869	-25790.761505	-25598.223579	-15948.528462	22140.118139	-2392.709540	-928.178540	-17776.543531	62391.296016	-20093.815934	-30495.177864	6766.856523	7612.802996	-0.004000	0.974000	-0.164000	192.000000	0.000000	0.000000	0.000000	0.000000	0.000000	0.000000	0.000000	0.000000	0.000000	1741889950.019425	0.000000
86.000000	32796.938157	5640.708582	-41999.374866	-8175.463459	-25804.999567	-25611.902846	-15965.672250	22125.097767	-2388.507412	-922.702363	-17773.570749	62406.405795	-20089.189123	-30487.399457	6772.712680	7618.100359	-0.002000	0.972000	-0.168000	192.000000	127.500000	120.000000	15.000000	48.000000	125.000000	96.000000	0.000000	0.000000	0.000000	1741889950.019498	0.000000
88.000000	32805.476523	5660.400469	-41995.396256	-8160.778363	-25793.354308	-25601.643396	-15952.305907	22134.865479	-2391.569601	-920.087209	-17775.314185	62399.677920	-20090.463172	-30492.003917	6769.739898	7615.954592	-0.002000	0.972000	-0.168000	192.000000	0.000000	0.000000	0.000000	0.000000	0.000000	0.000000	0.000000	0.000000	0.000000	1741889950.078479	0.000000
90.000000	32815.825381	5668.000062	-41985.405026	-8153.245825	-25788.951014	-25596.882474	-15951.367134	22137.055950	-2378.493831	-902.854014	-17759.802074	62419.258048	-20077.387402	-30475.888309	6781.988654	7629.812673	-0.002000	0.972000	-0.168000	192.000000	0.000000	0.000000	0.000000	0.000000	0.000000	0.000000	0.000000	0.000000	0.000000	1741889950.078612	0.000000
92.000000	32809.164561	5666.658958	-41994.792759	-8153.536398	-25791.297947	-25594.066154	-15953.691715	22141.258078	-2387.814508	-908.061970	-17767.178150	62406.204630	-20089.077364	-30481.386838	6777.160678	7629.276231	-0.002000	0.972000	-0.168000	192.000000	0.000000	0.000000	0.000000	0.000000	0.000000	0.000000	0.000000	0.000000	0.000000	1741889950.078697	0.000000
94.000000	32810.505666	5660.221655	-41993.004619	-8160.174866	-25800.596273	-25601.777506	-15961.917157	22135.200755	-2376.839802	-902.943421	-17758.796246	62412.977208	-20086.931597	-30475.150701	6780.401681	7635.825293	-0.002000	0.972000	-0.168000	192.000000	0.000000	0.000000	0.000000	0.000000	0.000000	0.000000	0.000000	0.000000	0.000000	1741889950.078777	0.000000
96.000000	32810.438610	5667.910655	-41993.272840	-8154.117543	-25794.226026	-25594.401430	-15952.328259	22141.280430	-2387.099253	-913.001706	-17767.915758	62402.673054	-20094.844114	-30484.605489	6771.885666	7625.454083	-0.002000	0.968000	-0.168000	192.000000	127.500000	120.000000	15.000000	32.000000	125.000000	96.000000	0.000000	0.000000	0.000000	1741889950.078856	0.000000
98.000000	32815.467753	5668.760022	-41982.901631	-8151.569444	-25792.639052	-25592.076849	-15949.713105	22143.359142	-2381.712482	-907.346714	-17763.557167	62406.003464	-20089.300882	-30475.620088	6784.067367	7633.254842	-0.002000	0.968000	-0.168000	192.000000	0.000000	0.000000	0.000000	0.000000	0.000000	0.000000	0.000000	0.000000	0.000000	1741889950.078941	0.000000
100.000000	32820.563951	5683.467470	-41981.247602	-8138.985412	-25786.000584	-25580.364535	-15945.779198	22150.064665	-2376.660988	-889.979409	-17757.678659	62416.464080	-20083.601187	-30462.141986	6791.532849	7644.095438	-0.002000	0.968000	-0.168000	192.000000	0.000000	0.000000	0.000000	0.000000	0.000000	0.000000	0.000000	0.000000	0.000000	1741889950.079020	0.000000
102.000000	32821.525076	5671.956321	-41980.040607	-8153.223473	-25789.107476	-25592.635643	-15951.210672	22149.103540	-2372.011825	-884.257362	-17752.448350	62415.167679	-20078.169713	-30456.755216	6791.957532	7648.118752	-0.002000	0.968000	-0.168000	192.000000	0.000000	0.000000	0.000000	0.000000	0.000000	0.000000	0.000000	0.000000	0.000000	1741889950.079093	0.000000
104.000000	32806.482352	5663.037975	-41993.295192	-8165.561636	-25792.817866	-25612.193419	-15962.922986	22130.886868	-2385.579334	-914.454569	-17768.094572	62396.235752	-20079.801390	-30486.751257	6778.322968	7623.576537	-0.002000	0.968000	-0.168000	192.000000	0.000000	0.000000	0.000000	0.000000	0.000000	0.000000	0.000000	0.000000	0.000000	1741889950.138349	0.000000
106.000000	32818.932273	5666.346033	-41995.262145	-8173.250636	-25799.031651	-25620.083585	-15970.433172	22120.247438	-2382.338331	-916.399171	-17767.848702	62385.350452	-20093.838286	-30491.892158	6770.276340	7610.903097	-0.010000	0.968000	-0.174000	192.000000	127.500000	88.000000	15.000000	32.000000	125.000000	72.000000	0.000000	0.000000	0.000000	1741889950.138439	0.000000
108.000000	32819.580474	5670.212885	-42005.856872	-8175.999901	-25808.106459	-25621.089413	-15979.507980	22114.368929	-2380.170212	-915.549805	-17765.412362	62393.017100	-20095.246446	-30494.574367	6764.151962	7605.136347	-0.010000	0.968000	-0.174000	192.000000	0.000000	0.000000	0.000000	0.000000	0.000000	0.000000	0.000000	0.000000	0.000000	1741889950.138519	0.000000
110.000000	32837.484221	5688.608371	-41988.914250	-8158.811409	-25799.813962	-25607.656015	-15969.740268	22127.310589	-2369.262561	-907.078493	-17757.924528	62388.278531	-20084.852884	-30486.103056	6770.701023	7614.926412	-0.010000	0.968000	-0.174000	192.000000	0.000000	0.000000	0.000000	0.000000	0.000000	0.000000	0.000000	0.000000	0.000000	1741889950.138624	0.000000
112.000000	32829.884628	5690.217696	-41989.405988	-8153.491694	-25800.260997	-25607.074870	-15965.269919	22130.730406	-2383.612380	-905.379761	-17761.411400	62405.869354	-20095.134687	-30483.465550	6774.076137	7620.134368	-0.010000	0.968000	-0.174000	192.000000	0.000000	0.000000	0.000000	0.000000	0.000000	0.000000	0.000000	0.000000	0.000000	1741889950.138722	0.000000
114.000000	32840.635817	5698.197269	-41973.223325	-8141.757028	-25796.394145	-25599.028242	-15962.922986	22135.670142	-2370.134279	-895.477938	-17749.900252	62404.036510	-20085.814009	-30471.574422	6784.715567	7634.283022	-0.010000	0.968000	-0.174000	192.000000	0.000000	0.000000	0.000000	0.000000	0.000000	0.000000	0.000000	0.000000	0.000000	1741889950.138809	0.000000
116.000000	32849.576515	5706.936801	-41965.400215	-8130.849377	-25789.889787	-25588.478218	-15953.199977	22144.543784	-2362.288816	-893.153357	-17742.166548	62418.855717	-20080.427239	-30461.873765	6792.225753	7642.620223	-0.004000	0.976000	-0.178000	192.000000	127.500000	112.000000	15.000000	64.000000	125.000000	56.000000	0.000000	0.000000	0.000000	1741889950.138890	0.000000
118.000000	32847.721320	5703.494633	-41966.003712	-8135.699706	-25792.571997	-25592.300366	-15956.686849	22139.827566	-2356.656177	-894.896793	-17735.013990	62412.597229	-20069.050201	-30463.125463	6792.941009	7645.704764	-0.004000	0.976000	-0.178000	192.000000	0.000000	0.000000	0.000000	0.000000	0.000000	0.000000	0.000000	0.000000	0.000000	1741889950.198562	0.000000
120.000000	32845.933181	5701.751197	-41972.485718	-8138.985412	-25789.710973	-25590.936910	-15952.372963	22145.661371	-2368.793174	-900.820005	-17742.367714	62417.224040	-20077.052126	-30468.556937	6789.498841	7636.138217	-0.004000	0.976000	-0.178000	192.000000	0.000000	0.000000	0.000000	0.000000	0.000000	0.000000	0.000000	0.000000	0.000000	1741889950.198679	0.000000
122.000000	32849.196535	5698.085511	-41967.456575	-8144.953328	-25786.179398	-25594.356727	-15950.271899	22145.773130	-2355.248017	-895.165014	-17734.634010	62400.169659	-20070.100733	-30464.310105	6794.192707	7638.596909	-0.004000	0.976000	-0.178000	192.000000	0.000000	0.000000	0.000000	0.000000	0.000000	0.000000	0.000000	0.000000	0.000000	1741889950.198760	0.000000
124.000000	32839.585285	5688.630723	-41979.235945	-8162.141819	-25797.489381	-25615.255608	-15968.555626	22125.276580	-2367.608531	-909.201909	-17748.335630	62398.001539	-20077.163884	-30482.951460	6782.927428	7621.475473	-0.004000	0.976000	-0.178000	192.000000	0.000000	0.000000	0.000000	0.000000	0.000000	0.000000	0.000000	0.000000	0.000000	1741889950.198832	0.000000
126.000000	32837.663035	5689.278923	-41982.611058	-8160.845418	-25798.763430	-25617.267265	-15968.913253	22125.365987	-2367.854401	-908.374895	-17749.654382	62384.210513	-20080.404887	-30485.298393	6780.446384	7619.329705	-0.004000	0.974000	-0.174000	192.000000	127.500000	112.000000	15.000000	56.000000	125.000000	72.000000	0.000000	0.000000	0.000000	1741889950.198904	0.000000
128.000000	32838.758271	5689.547144	-41983.035741	-8159.996052	-25795.924758	-25617.691948	-15967.236873	22123.667255	-2375.051662	-909.783055	-17753.185958	62391.050147	-20081.008384	-30484.493731	6780.133460	7617.988600	-0.004000	0.974000	-0.174000	192.000000	0.000000	0.000000	0.000000	0.000000	0.000000	0.000000	0.000000	0.000000	0.000000	1741889950.198983	0.000000
130.000000	32835.517268	5690.016531	-41993.094026	-8160.241921	-25807.525314	-25620.329454	-15977.742192	22119.353368	-2380.550191	-911.258270	-17762.573691	62373.414621	-20095.894646	-30490.528702	6766.476544	7611.171318	-0.004000	0.974000	-0.174000	192.000000	0.000000	0.000000	0.000000	0.000000	0.000000	0.000000	0.000000	0.000000	0.000000	1741889950.199055	0.000000
132.000000	32844.636779	5695.693874	-41982.745169	-8157.202084	-25808.218218	-25618.161335	-15973.718878	22121.119156	-2369.977816	-904.888023	-17753.185958	62391.184257	-20087.490390	-30484.583138	6769.896361	7619.553223	-0.004000	0.974000	-0.174000	192.000000	0.000000	0.000000	0.000000	0.000000	0.000000	0.000000	0.000000	0.000000	0.000000	1741889950.199140	0.000000
134.000000	32849.084777	5707.316781	-41976.866660	-8147.926110	-25804.284311	-25603.811515	-15968.667384	22130.104557	-2363.272293	-893.354522	-17743.574708	62391.005443	-20081.254254	-30478.995201	6774.254951	7626.616374	-0.004000	0.974000	-0.174000	192.000000	0.000000	0.000000	0.000000	0.000000	0.000000	0.000000	0.000000	0.000000	0.000000	1741889950.258740	0.000000
136.000000	32851.834041	5707.361484	-41969.647046	-8145.176845	-25802.317357	-25599.117648	-15965.225216	22138.240592	-2364.076956	-898.942459	-17743.373542	62397.353339	-20091.759573	-30476.491806	6771.438631	7627.041057	-0.004000	0.972000	-0.168000	192.000000	127.500000	112.000000	15.000000	48.000000	125.000000	96.000000	0.000000	0.000000	0.000000	1741889950.258871	0.000000
138.000000	32854.695064	5718.559708	-41964.953180	-8132.369296	-25790.403878	-25587.092410	-15950.182492	22144.856709	-2349.593025	-883.162127	-17732.309429	62401.913095	-20075.420448	-30462.164338	6784.045015	7640.049772	-0.004000	0.972000	-0.168000	192.000000	0.000000	0.000000	0.000000	0.000000	0.000000	0.000000	0.000000	0.000000	0.000000	1741889950.258959	0.000000
140.000000	32848.011893	5705.036903	-41969.177660	-8143.187540	-25804.261959	-25599.944663	-15967.728611	22129.523412	-2350.218874	-882.111595	-17732.912926	62408.305694	-20073.185274	-30457.068140	6784.223829	7642.553168	-0.004000	0.972000	-0.168000	192.000000	0.000000	0.000000	0.000000	0.000000	0.000000	0.000000	0.000000	0.000000	0.000000	1741889950.259039	0.000000
142.000000	32833.639721	5703.628743	-41978.341875	-8148.998994	-25801.870322	-25601.442230	-15965.851064	22131.736235	-2364.635749	-895.790863	-17747.754484	62393.933522	-20077.387402	-30469.629821	6774.925503	7630.393819	-0.004000	0.972000	-0.168000	192.000000	0.000000	0.000000	0.000000	0.000000	0.000000	0.000000	0.000000	0.000000	0.000000	1741889950.259118	0.000000
144.000000	32847.229582	5702.064121	-41965.131994	-8150.809485	-25797.757601	-25601.978672	-15965.158160	22130.909220	-2364.367528	-901.199985	-17748.067409	62387.786792	-20069.430181	-30475.016591	6772.958550	7625.923470	-0.004000	0.972000	-0.168000	192.000000	0.000000	0.000000	0.000000	0.000000	0.000000	0.000000	0.000000	0.000000	0.000000	1741889950.259201	0.000000
146.000000	32840.077024	5703.896964	-41973.156270	-8153.223473	-25795.231854	-25601.553989	-15959.883149	22132.809118	-2356.209142	-898.294258	-17741.205423	62389.910208	-20070.860692	-30473.071989	6779.798183	7629.723266	-0.002000	0.968000	-0.168000	192.000000	127.500000	120.000000	15.000000	32.000000	125.000000	96.000000	0.000000	0.000000	0.000000	1741889950.259277	0.000000
148.000000	32845.150870	5704.813386	-41970.004674	-8153.245825	-25794.829523	-25604.794992	-15959.726686	22133.054988	-2355.851514	-897.646057	-17741.898327	62385.216342	-20072.760591	-30475.038943	6778.300617	7629.678563	-0.002000	0.968000	-0.168000	192.000000	0.000000	0.000000	0.000000	0.000000	0.000000	0.000000	0.000000	0.000000	0.000000	1741889950.319043	0.000000
150.000000	32832.812707	5697.549069	-41986.120282	-8162.074764	-25807.391203	-25615.367367	-15972.288367	22121.409729	-2365.149840	-905.536223	-17748.402685	62384.188161	-20079.242597	-30482.526777	6774.076137	7622.794226	-0.002000	0.968000	-0.168000	192.000000	0.000000	0.000000	0.000000	0.000000	0.000000	0.000000	0.000000	0.000000	0.000000	1741889950.319135	0.000000
152.000000	32837.707739	5698.890173	-41977.671323	-8156.330366	-25800.797439	-25613.534524	-15965.627547	22123.287275	-2369.307264	-912.219395	-17753.677696	62373.861655	-20082.662413	-30489.589928	6770.656320	7616.155757	-0.002000	0.968000	-0.168000	192.000000	0.000000	0.000000	0.000000	0.000000	0.000000	0.000000	0.000000	0.000000	0.000000	1741889950.319209	0.000000
154.000000	32835.450212	5704.589868	-41971.457538	-8140.415924	-25796.371793	-25603.364480	-15956.351573	22133.278505	-2359.785421	-892.348694	-17740.601926	62395.073461	-20067.753800	-30468.154605	6790.750538	7639.200406	-0.002000	0.968000	-0.168000	192.000000	0.000000	0.000000	0.000000	0.000000	0.000000	0.000000	0.000000	0.000000	0.000000	1741889950.319320	0.000000
156.000000	32827.694157	5693.793976	-41973.044511	-8148.730773	-25808.262921	-25613.445117	-15968.756791	22123.510793	-2373.978779	-903.345752	-17753.118903	62377.706156	-20084.472905	-30477.743504	6782.614503	7633.344249	-0.004000	0.968000	-0.170000	192.000000	127.500000	112.000000	15.000000	32.000000	125.000000	88.000000	0.000000	0.000000	0.000000	1741889950.319407	0.000000
158.000000	32834.667901	5700.119519	-41973.692712	-8146.674412	-25805.692471	-25608.952416	-15966.163989	22126.550630	-2377.130375	-915.035715	-17757.365734	62374.040469	-20087.244521	-30485.745428	6777.138326	7627.018705	-0.004000	0.968000	-0.170000	192.000000	0.000000	0.000000	0.000000	0.000000	0.000000	0.000000	0.000000	0.000000	0.000000	1741889950.319510	0.000000
160.000000	32839.071195	5698.532545	-41967.143651	-8147.590834	-25807.324148	-25606.583131	-15966.812189	22129.456357	-2358.019633	-901.401150	-17735.863356	62373.772248	-20072.648832	-30470.948573	6787.554239	7641.234415	-0.004000	0.968000	-0.170000	192.000000	0.000000	0.000000	0.000000	0.000000	0.000000	0.000000	0.000000	0.000000	0.000000	1741889950.319590	0.000000
162.000000	32826.867143	5694.777452	-41972.485718	-8149.893063	-25808.508791	-25604.482067	-15965.426381	22130.931572	-2370.111927	-912.040581	-17743.351190	62380.768344	-20081.813047	-30477.967021	6779.328797	7635.020630	-0.004000	0.968000	-0.170000	192.000000	0.000000	0.000000	0.000000	0.000000	0.000000	0.000000	0.000000	0.000000	0.000000	1741889950.319669	0.000000
164.000000	32828.834096	5693.235182	-41967.613038	-8148.954290	-25802.697337	-25601.196361	-15959.525521	22134.597258	-2369.039043	-912.778188	-17745.027571	62372.542903	-20074.861655	-30476.782379	6784.268532	7640.094476	-0.004000	0.968000	-0.170000	192.000000	0.000000	0.000000	0.000000	0.000000	0.000000	0.000000	0.000000	0.000000	0.000000	1741889950.379382	0.000000
166.000000	32831.561009	5697.794938	-41971.949276	-8151.681203	-25800.059831	-25602.671576	-15957.782085	22133.122043	-2373.375281	-914.588680	-17749.967307	62379.181371	-20074.705192	-30478.369353	6784.670864	7637.099342	-0.004000	0.968000	-0.170000	192.000000	0.000000	0.000000	15.000000	40.000000	125.000000	72.000000	0.000000	0.000000	0.000000	1741889950.379492	0.000000
168.000000	32843.139213	5704.433406	-41968.708273	-8148.753124	-25807.145334	-25600.794029	-15966.611024	22132.093863	-2352.923435	-901.401150	-17734.544603	62372.699365	-20069.117256	-30469.048675	6791.510498	7644.251900	-0.004000	0.968000	-0.170000	192.000000	0.000000	0.000000	0.000000	0.000000	0.000000	0.000000	0.000000	0.000000	0.000000	1741889950.379571	0.000000
170.000000	32837.931256	5704.768682	-41982.499299	-8150.004822	-25824.356177	-25603.565646	-15981.094954	22123.667255	-2378.605590	-915.214528	-17756.829292	62378.466115	-20089.457344	-30484.359620	6766.275378	7623.174205	-0.004000	0.968000	-0.170000	192.000000	0.000000	0.000000	0.000000	0.000000	0.000000	0.000000	0.000000	0.000000	0.000000	1741889950.379644	0.000000
172.000000	32866.854413	5737.089305	-41958.873505	-8124.032095	-25802.227950	-25576.788256	-15957.245643	22148.455339	-2352.029366	-881.373987	-17730.051903	62391.899513	-20076.113352	-30455.861146	6782.547448	7648.588139	-0.004000	0.968000	-0.170000	192.000000	0.000000	0.000000	0.000000	0.000000	0.000000	0.000000	0.000000	0.000000	0.000000	1741889950.379717	0.000000
174.000000	32862.562878	5734.585909	-41958.717043	-8125.954345	-25803.881979	-25580.006907	-15959.726686	22147.538918	-2343.960386	-869.035824	-17721.692350	62414.653589	-20062.188216	-30442.003064	6799.065387	7660.792191	-0.004000	0.968000	-0.170000	192.000000	0.000000	0.000000	0.000000	0.000000	0.000000	0.000000	0.000000	0.000000	0.000000	1741889950.379790	0.000000
176.000000	32846.335512	5716.123368	-41973.513898	-8144.685107	-25813.716747	-25601.196361	-15968.935605	22132.451490	-2354.979796	-883.609162	-17735.148100	62391.139554	-20069.117256	-30457.783396	6786.213134	7650.041002	-0.002000	0.972000	-0.174000	192.000000	127.500000	120.000000	15.000000	48.000000	125.000000	72.000000	0.000000	0.000000	0.000000	1741889950.379876	0.000000
178.000000	32842.915695	5710.468377	-41973.066863	-8147.367316	-25817.829468	-25607.097221	-15971.684870	22125.723615	-2369.486078	-906.050313	-17748.559147	62378.801391	-20082.975338	-30477.050600	6777.026567	7633.880691	-0.002000	0.972000	-0.174000	192.000000	0.000000	0.000000	0.000000	0.000000	0.000000	0.000000	0.000000	0.000000	0.000000	1741889950.438826	0.000000
180.000000	32847.855431	5714.245822	-41967.545982	-8141.891139	-25809.626378	-25601.062250	-15963.772352	22133.613781	-2362.020595	-899.210679	-17743.038266	62371.224150	-20070.056030	-30473.563728	6781.005178	7639.580386	-0.002000	0.972000	-0.174000	192.000000	0.000000	0.000000	0.000000	0.000000	0.000000	0.000000	0.000000	0.000000	0.000000	1741889950.438965	0.000000
182.000000	32853.018684	5712.144758	-41963.902648	-8149.177807	-25808.642901	-25605.398489	-15962.587710	22132.250325	-2361.238284	-898.964810	-17738.344400	62375.739202	-20074.593434	-30471.954402	6786.526058	7642.530816	-0.002000	0.972000	-0.174000	192.000000	0.000000	0.000000	0.000000	0.000000	0.000000	0.000000	0.000000	0.000000	0.000000	1741889950.439048	0.000000
184.000000	32846.804899	5713.083531	-41976.598439	-8155.369241	-25811.123945	-25609.041823	-15964.040573	22126.796499	-2360.657139	-911.571194	-17742.278307	62359.243615	-20079.421410	-30484.650193	6776.601884	7628.940955	-0.002000	0.972000	-0.174000	192.000000	0.000000	0.000000	0.000000	0.000000	0.000000	0.000000	0.000000	0.000000	0.000000	1741889950.439130	0.000000
186.000000	32844.502669	5708.479072	-41979.504166	-8157.135028	-25812.822677	-25606.583131	-15962.453599	22130.104557	-2367.720290	-905.223299	-17744.066446	62368.519589	-20080.382536	-30480.828045	6779.306445	7632.360772	0.002000	0.980000	-0.174000	192.000000	0.000000	8.000000	15.000000	80.000000	125.000000	72.000000	0.000000	0.000000	0.000000	1741889950.439211	0.000000
188.000000	32843.630951	5714.894022	-41982.655762	-8152.284700	-25810.721613	-25600.056422	-15961.045439	22136.005418	-2369.262561	-896.841395	-17744.200557	62362.350507	-20078.370879	-30474.927184	6780.066404	7640.832083	0.002000	0.980000	-0.174000	192.000000	0.000000	0.000000	0.000000	0.000000	0.000000	0.000000	0.000000	0.000000	0.000000	1741889950.439302	0.000000
190.000000	32840.702872	5703.807557	-41991.283535	-8167.148610	-25828.200677	-25621.849373	-15979.396222	22116.157069	-2374.515220	-908.665467	-17754.080028	62354.840321	-20088.920902	-30488.695859	6769.471677	7629.142121	0.002000	0.980000	-0.174000	192.000000	0.000000	0.000000	0.000000	0.000000	0.000000	0.000000	0.000000	0.000000	0.000000	1741889950.439377	0.000000
192.000000	32850.850564	5722.538319	-41981.985209	-8147.434371	-25814.476706	-25609.175934	-15964.956995	22129.948095	-2372.637674	-907.793749	-17745.452254	62358.260138	-20086.037527	-30491.266309	6768.152925	7626.258746	0.002000	0.980000	-0.174000	192.000000	0.000000	0.000000	0.000000	0.000000	0.000000	0.000000	0.000000	0.000000	0.000000	1741889950.439452	0.000000
194.000000	32852.996332	5720.146682	-41978.386578	-8149.714249	-25817.114212	-25607.834829	-15965.806361	22128.003493	-2367.273255	-891.678142	-17737.919717	62362.216397	-20076.649794	-30477.765856	6778.814707	7636.898176	0.002000	0.980000	-0.174000	192.000000	0.000000	0.000000	0.000000	0.000000	0.000000	0.000000	0.000000	0.000000	0.000000	1741889950.498597	0.000000
196.000000	32842.468660	5714.491691	-41985.405026	-8154.251653	-25819.796422	-25608.192457	-15968.108591	22126.170650	-2374.179944	-901.423502	-17750.660211	62351.688725	-20093.301844	-30484.471379	6773.405585	7630.103246	0.002000	0.980000	-0.174000	192.000000	0.000000	0.000000	15.000000	72.000000	125.000000	80.000000	0.000000	0.000000	0.000000	1741889950.498687	0.000000
198.000000	32851.454061	5713.754083	-41969.803508	-8152.195293	-25811.839200	-25603.744460	-15962.006564	22132.831470	-2373.330578	-902.496386	-17749.006182	62347.017210	-20084.003518	-30481.900928	6780.222867	7632.986621	0.002000	0.980000	-0.174000	192.000000	0.000000	0.000000	0.000000	0.000000	0.000000	0.000000	0.000000	0.000000	0.000000	1741889950.498799	0.000000
200.000000	32850.068253	5722.493615	-41971.859869	-8149.624842	-25812.018014	-25602.850390	-15959.592576	22132.496194	-2362.691148	-896.059083	-17738.679676	62363.423391	-20075.331041	-30475.374219	6788.202439	7638.731019	0.002000	0.980000	-0.174000	192.000000	0.000000	0.000000	0.000000	0.000000	0.000000	0.000000	0.000000	0.000000	0.000000	1741889950.498884	0.000000
202.000000	32862.249954	5723.521796	-41968.462404	-8151.658851	-25814.029671	-25610.628797	-15965.716954	22127.310589	-2366.356834	-900.596488	-17740.244298	62357.388420	-20078.192065	-30484.001992	6780.871067	7629.812673	0.002000	0.980000	-0.174000	192.000000	0.000000	0.000000	0.000000	0.000000	0.000000	0.000000	0.000000	0.000000	0.000000	1741889950.498978	0.000000
204.000000	32839.875858	5718.783226	-41977.447805	-8152.150589	-25821.025767	-25610.248817	-15974.434134	22122.259095	-2364.680453	-894.941496	-17736.377446	62370.039507	-20073.386439	-30481.878577	6780.066404	7631.131426	0.002000	0.980000	-0.174000	192.000000	0.000000	0.000000	0.000000	0.000000	0.000000	0.000000	0.000000	0.000000	0.000000	1741889950.499061	0.000000
206.000000	32859.299524	5731.657831	-41964.662607	-8145.355659	-25811.347462	-25602.582169	-15962.453599	22132.384435	-2371.654197	-891.342865	-17740.736036	62358.327193	-20077.610919	-30480.492768	6780.714605	7634.506540	-0.002000	0.978000	-0.178000	192.000000	127.500000	120.000000	15.000000	72.000000	125.000000	56.000000	0.000000	0.000000	0.000000	1741889950.499141	0.000000
208.000000	32847.721320	5726.315764	-41972.083386	-8152.172941	-25812.509753	-25601.084602	-15962.319489	22135.491328	-2366.356834	-892.527508	-17738.344400	62366.418525	-20081.500123	-30478.056428	6784.000311	7638.619261	-0.002000	0.978000	-0.178000	192.000000	0.000000	0.000000	0.000000	0.000000	0.000000	0.000000	0.000000	0.000000	0.000000	1741889950.558921	0.000000
210.000000	32856.907887	5730.272023	-41965.534325	-8151.301223	-25803.904331	-25597.597730	-15954.049343	22144.163805	-2362.624092	-887.766586	-17734.946935	62351.442856	-20071.665355	-30473.921355	6792.404567	7647.045868	-0.002000	0.978000	-0.178000	192.000000	0.000000	0.000000	0.000000	0.000000	0.000000	0.000000	0.000000	0.000000	0.000000	1741889950.559037	0.000000
212.000000	32847.207230	5724.527624	-41980.398235	-8157.291491	-25811.101593	-25604.258550	-15963.794704	22137.525336	-2377.622113	-894.673275	-17750.526100	62349.677068	-20084.428201	-30486.885367	6777.764175	7633.210138	-0.002000	0.978000	-0.178000	192.000000	0.000000	0.000000	0.000000	0.000000	0.000000	0.000000	0.000000	0.000000	0.000000	1741889950.559111	0.000000
214.000000	32846.246105	5722.426560	-41984.622715	-8162.901779	-25811.615683	-25608.259512	-15962.677117	22134.641961	-2381.623075	-886.067854	-17753.901214	62340.021114	-20081.433067	-30482.951460	6775.126669	7635.333554	-0.002000	0.978000	-0.178000	192.000000	0.000000	0.000000	0.000000	0.000000	0.000000	0.000000	0.000000	0.000000	0.000000	1741889950.559184	0.000000
216.000000	32858.852489	5735.502331	-41975.413796	-8155.972738	-25806.474782	-25603.811515	-15962.408896	22140.364008	-2371.140107	-875.137851	-17741.160720	62361.210568	-20074.191102	-30477.721152	6776.490125	7640.072124	-0.004000	0.970000	-0.174000	192.000000	127.500000	112.000000	15.000000	40.000000	125.000000	72.000000	0.000000	0.000000	0.000000	1741889950.559262	0.000000
218.000000	32853.175146	5730.696706	-41978.900668	-8161.203046	-25808.665253	-25607.298387	-15967.482742	22135.379569	-2360.992415	-877.060101	-17739.506690	62342.926841	-20080.963681	-30482.571481	6770.566913	7636.674659	-0.004000	0.970000	-0.174000	192.000000	0.000000	0.000000	0.000000	0.000000	0.000000	0.000000	0.000000	0.000000	0.000000	1741889950.559432	0.000000
220.000000	32858.584268	5738.877444	-41966.204878	-8152.530569	-25800.283349	-25596.368384	-15957.893843	22145.773130	-2363.316996	-871.896848	-17736.019818	62356.628460	-20075.018117	-30472.960230	6778.792355	7645.794171	-0.004000	0.970000	-0.174000	192.000000	0.000000	0.000000	0.000000	0.000000	0.000000	0.000000	0.000000	0.000000	0.000000	1741889950.559514	0.000000
222.000000	32837.350111	5723.320630	-41984.130977	-8171.775421	-25816.354253	-25612.126364	-15976.155219	22129.590467	-2364.680453	-874.959037	-17745.675772	62335.394303	-20079.063783	-30475.083646	6774.701986	7643.022554	-0.004000	0.970000	-0.174000	192.000000	0.000000	0.000000	0.000000	0.000000	0.000000	0.000000	0.000000	0.000000	0.000000	1741889950.559572	0.000000
224.000000	32856.192631	5741.738467	-41964.193221	-8156.173903	-25795.231854	-25594.580244	-15954.831654	22147.762435	-2369.106098	-883.452700	-17753.811807	62333.784978	-20084.249387	-30481.945632	6767.549427	7635.355906	-0.004000	0.970000	-0.174000	192.000000	0.000000	0.000000	0.000000	0.000000	0.000000	0.000000	0.000000	0.000000	0.000000	1741889950.619142	0.000000
226.000000	32849.174184	5736.888139	-41970.295247	-8157.358546	-25794.270729	-25593.909692	-15953.267032	22149.751741	-2351.962310	-869.706377	-17736.131577	62339.551728	-20063.395210	-30464.287754	6786.213134	7655.360717	-0.006000	0.974000	-0.176000	192.000000	127.500000	104.000000	15.000000	56.000000	125.000000	64.000000	0.000000	0.000000	0.000000	1741889950.619266	0.000000
228.000000	32862.674637	5740.486770	-41964.506145	-8153.044659	-25794.337785	-25594.915521	-15954.831654	22145.773130	-2355.292720	-874.467298	-17736.913888	62348.425370	-20066.345640	-30464.913602	6784.424995	7653.572578	-0.006000	0.974000	-0.176000	192.000000	0.000000	0.000000	0.000000	0.000000	0.000000	0.000000	0.000000	0.000000	0.000000	1741889950.619326	0.000000
230.000000	32842.334550	5720.571365	-41980.040607	-8168.176790	-25808.642901	-25611.500515	-15967.952128	22131.043331	-2357.058508	-884.302066	-17743.306487	62332.220356	-20080.851922	-30474.167225	6776.288960	7645.883578	-0.006000	0.974000	-0.176000	192.000000	0.000000	0.000000	0.000000	0.000000	0.000000	0.000000	0.000000	0.000000	0.000000	1741889950.619379	0.000000
232.000000	32848.525983	5727.008668	-41970.295247	-8163.438220	-25802.071488	-25604.236198	-15962.006564	22138.531165	-2359.181924	-889.197098	-17749.922603	62333.717922	-20081.388364	-30479.509292	6774.344358	7643.380182	-0.006000	0.974000	-0.176000	192.000000	0.000000	0.000000	0.000000	0.000000	0.000000	0.000000	0.000000	0.000000	0.000000	1741889950.619434	0.000000
234.000000	32842.446308	5727.679220	-41971.748110	-8156.464476	-25797.154104	-25596.524846	-15952.305907	22145.773130	-2361.305339	-883.340941	-17748.603850	62331.281582	-20080.337832	-30471.932050	6780.938122	7651.627976	-0.006000	0.974000	-0.176000	192.000000	0.000000	0.000000	0.000000	0.000000	0.000000	0.000000	0.000000	0.000000	0.000000	1741889950.619483	0.000000
236.000000	32829.571704	5710.066046	-41978.543041	-8169.629654	-25809.894599	-25611.075832	-15963.772352	22130.976275	-2371.564790	-895.165014	-17756.963403	62327.302972	-20088.809143	-30477.050600	6776.244256	7649.415153	-0.002000	0.968000	-0.172000	192.000000	127.500000	120.000000	15.000000	32.000000	125.000000	80.000000	0.000000	0.000000	0.000000	1741889950.619533	0.000000
238.000000	32825.771907	5719.721999	-41979.571221	-8157.224435	-25806.027747	-25598.692965	-15957.960899	22141.258078	-2376.459822	-900.775302	-17763.892444	62310.136832	-20092.899512	-30480.626879	6770.321044	7643.827217	-0.002000	0.968000	-0.172000	192.000000	0.000000	0.000000	0.000000	0.000000	0.000000	0.000000	0.000000	0.000000	0.000000	1741889950.679440	0.000000
240.000000	32837.260704	5719.967868	-41968.127128	-8156.687994	-25807.726479	-25602.470410	-15963.526483	22138.732331	-2369.530781	-884.838508	-17749.967307	62325.872460	-20082.505951	-30466.411169	6780.982826	7655.561883	-0.002000	0.968000	-0.172000	192.000000	0.000000	0.000000	0.000000	0.000000	0.000000	0.000000	0.000000	0.000000	0.000000	1741889950.679495	0.000000
242.000000	32841.574590	5736.172883	-41966.271933	-8152.016479	-25798.808133	-25595.563721	-15950.383657	22142.375665	-2368.547305	-889.733540	-17750.839025	62327.817062	-20082.952986	-30476.022419	6773.360881	7642.933147	-0.002000	0.968000	-0.172000	192.000000	0.000000	0.000000	0.000000	0.000000	0.000000	0.000000	0.000000	0.000000	0.000000	1741889950.679559	0.000000
244.000000	32856.818480	5737.938671	-41958.918209	-8156.151552	-25797.645843	-25592.143904	-15947.410875	22148.947078	-2350.956482	-878.200040	-17732.979981	62337.473015	-20078.929672	-30463.237222	6784.939085	7656.277139	-0.002000	0.968000	-0.172000	192.000000	0.000000	0.000000	0.000000	0.000000	0.000000	0.000000	0.000000	0.000000	0.000000	1741889950.679619	0.000000
246.000000	32843.139213	5731.635479	-41972.239849	-8165.136953	-25801.758564	-25597.910654	-15952.797646	22144.633191	-2352.252883	-890.135871	-17739.238470	62331.818024	-20082.081268	-30472.133216	6777.272436	7647.023517	-0.002000	0.968000	-0.172000	192.000000	0.000000	0.000000	15.000000	32.000000	125.000000	64.000000	0.000000	0.000000	0.000000	1741889950.679679	0.000000
248.000000	32846.939009	5729.981450	-41964.394386	-8163.304110	-25797.802305	-25599.810553	-15953.267032	22142.800348	-2356.253845	-889.040636	-17740.780740	62327.504137	-20081.142495	-30467.349943	6780.133460	7647.135275	-0.002000	0.968000	-0.172000	192.000000	0.000000	0.000000	0.000000	0.000000	0.000000	0.000000	0.000000	0.000000	0.000000	1741889950.679736	0.000000
250.000000	32841.328721	5729.065028	-41970.496413	-8162.432392	-25799.366927	-25603.900922	-15958.407934	22137.950020	-2357.371432	-886.738406	-17742.255955	62332.019190	-20076.873312	-30471.127387	6780.893419	7646.241205	-0.002000	0.968000	-0.172000	192.000000	0.000000	0.000000	0.000000	0.000000	0.000000	0.000000	0.000000	0.000000	0.000000	1741889950.679789	0.000000
252.000000	32846.290808	5722.784188	-41966.786023	-8160.308976	-25800.037479	-25605.979634	-15959.570224	22135.647790	-2358.243151	-893.779206	-17746.681600	62317.177632	-20078.035602	-30476.223585	6776.378367	7645.615357	-0.002000	0.968000	-0.172000	192.000000	0.000000	0.000000	0.000000	0.000000	0.000000	0.000000	0.000000	0.000000	0.000000	1741889950.679845	0.000000
254.000000	32847.363692	5730.048505	-41967.054244	-8149.580139	-25792.683755	-25595.720183	-15949.109608	22145.817834	-2358.310206	-888.906525	-17746.234566	62331.125120	-20075.822780	-30470.769760	6782.055710	7652.522046	-0.002000	0.968000	-0.172000	192.000000	0.000000	0.000000	0.000000	0.000000	0.000000	0.000000	0.000000	0.000000	0.000000	1741889950.739681	0.000000
0.000000	32850.224715	5728.081552	-41961.421604	-8150.183636	-25793.331956	-25598.044765	-15947.969669	22149.125892	-2353.303415	-887.632476	-17738.165586	62322.720864	-20070.167788	-30468.601640	6790.996407	7665.173133	-0.006000	0.974000	-0.174000	192.000000	127.500000	104.000000	15.000000	56.000000	125.000000	72.000000	0.000000	0.000000	0.000000	1741889950.739737	0.000000
2.000000	32848.302465	5734.407095	-41960.527535	-8141.645270	-25792.773162	-25587.628852	-15945.466273	22154.378552	-2348.810714	-888.325380	-17737.427978	62333.203832	-20074.101695	-30468.221661	6787.889515	7661.663909	-0.006000	0.974000	-0.174000	192.000000	0.000000	0.000000	0.000000	0.000000	0.000000	0.000000	0.000000	0.000000	0.000000	1741889950.739790	0.000000
4.000000	32844.748538	5728.886214	-41956.548924	-8143.053429	-25793.689584	-25588.031183	-15943.901651	22151.942212	-2349.749488	-879.831717	-17732.018856	62330.432216	-20069.698402	-30452.933067	6796.807861	7670.850476	-0.006000	0.974000	-0.174000	192.000000	0.000000	0.000000	0.000000	0.000000	0.000000	0.000000	0.000000	0.000000	0.000000	1741889950.739838	0.000000
6.000000	32840.009968	5727.120427	-41958.471174	-8145.020383	-25796.148276	-25591.741573	-15947.857910	22145.124930	-2362.154706	-891.476976	-17742.568879	62331.080417	-20079.622576	-30461.449082	6791.711663	7661.395688	-0.006000	0.974000	-0.174000	192.000000	0.000000	0.000000	0.000000	0.000000	0.000000	0.000000	0.000000	0.000000	0.000000	1741889950.739887	0.000000
8.000000	32850.694102	5737.335174	-41945.529514	-8138.851302	-25787.028764	-25584.857236	-15938.403122	22153.037447	-2360.545380	-890.605258	-17738.679676	62320.642152	-20071.553596	-30462.343152	6798.707759	7664.502581	-0.006000	0.974000	-0.174000	192.000000	0.000000	0.000000	0.000000	0.000000	0.000000	0.000000	0.000000	0.000000	0.000000	1741889950.739944	0.000000
10.000000	32834.489087	5719.520833	-41965.109642	-8155.570406	-25804.172552	-25598.335337	-15953.222329	22138.911145	-2357.192619	-891.611086	-17738.500862	62335.908393	-20072.022983	-30459.996219	6797.768986	7662.937959	-0.002000	0.984000	-0.172000	192.000000	127.500000	120.000000	15.000000	96.000000	125.000000	80.000000	0.000000	0.000000	0.000000	1741889950.740003	0.000000
12.000000	32847.296637	5729.735581	-41955.431337	-8139.901834	-25793.019032	-25583.605538	-15938.850157	22153.305668	-2362.691148	-896.774339	-17746.949821	62313.020207	-20076.985070	-30461.270268	6787.442480	7658.847589	-0.002000	0.984000	-0.172000	192.000000	0.000000	0.000000	0.000000	0.000000	0.000000	0.000000	0.000000	0.000000	0.000000	1741889950.799115	0.000000
14.000000	32833.997349	5717.285659	-41971.010503	-8153.581101	-25808.374680	-25597.888303	-15954.451675	22139.581697	-2360.053642	-899.501252	-17745.116978	62330.141643	-20076.739201	-30462.477262	6784.201477	7656.657118	-0.002000	0.984000	-0.172000	192.000000	0.000000	0.000000	0.000000	0.000000	0.000000	0.000000	0.000000	0.000000	0.000000	1741889950.799196	0.000000
16.000000	32837.283055	5720.794883	-41972.597477	-8154.229302	-25810.229875	-25602.895093	-15957.916195	22135.468976	-2357.729060	-901.132929	-17746.502786	62307.767547	-20078.572044	-30466.545280	6781.206343	7652.991432	-0.002000	0.984000	-0.172000	192.000000	0.000000	0.000000	0.000000	0.000000	0.000000	0.000000	0.000000	0.000000	0.000000	1741889950.799253	0.000000
18.000000	32829.817573	5707.003857	-41977.090177	-8166.411002	-25819.014110	-25614.607407	-15964.800532	22124.494269	-2370.134279	-914.856901	-17754.795284	62310.293294	-20094.017100	-30481.252728	6769.739898	7638.328688	-0.002000	0.984000	-0.172000	192.000000	0.000000	0.000000	0.000000	0.000000	0.000000	0.000000	0.000000	0.000000	0.000000	1741889950.799308	0.000000
20.000000	32835.360805	5716.704514	-41972.105738	-8159.303148	-25812.420346	-25604.727936	-15958.497341	22134.664313	-2363.339348	-914.633383	-17748.514443	62299.095070	-20088.049184	-30481.431542	6773.763212	7643.626051	-0.002000	0.984000	-0.172000	192.000000	0.000000	0.000000	15.000000	64.000000	125.000000	80.000000	0.000000	0.000000	0.000000	1741889950.799362	0.000000
22.000000	32834.578494	5706.892098	-41964.170869	-8163.907607	-25808.374680	-25607.097221	-15955.926890	22135.804252	-2359.807773	-912.889947	-17747.799188	62307.409919	-20081.678937	-30478.257594	6784.581457	7652.410287	-0.002000	0.984000	-0.172000	192.000000	0.000000	0.000000	0.000000	0.000000	0.000000	0.000000	0.000000	0.000000	0.000000	1741889950.799413	0.000000
24.000000	32826.800087	5708.859051	-41960.035796	-8155.324537	-25797.578788	-25594.267320	-15946.807378	22149.282354	-2363.965197	-911.548842	-17752.984792	62293.663596	-20077.968547	-30478.682277	6790.325855	7661.999185	-0.002000	0.984000	-0.172000	192.000000	0.000000	0.000000	0.000000	0.000000	0.000000	0.000000	0.000000	0.000000	0.000000	1741889950.799462	0.000000
26.000000	32824.229637	5700.387740	-41965.690788	-8167.908569	-25802.026785	-25600.056422	-15950.294250	22143.336790	-2369.329616	-916.198005	-17761.165531	62296.546971	-20081.209550	-30478.570518	6789.543544	7659.942825	-0.002000	0.984000	-0.172000	192.000000	0.000000	0.000000	0.000000	0.000000	0.000000	0.000000	0.000000	0.000000	0.000000	1741889950.799511	0.000000
28.000000	32823.603788	5705.461586	-41968.752977	-8164.064069	-25797.176456	-25596.480143	-15944.862776	22145.571964	-2365.552171	-911.168863	-17757.544548	62288.545047	-20076.850960	-30477.542338	6791.734015	7658.624072	-0.002000	0.984000	-0.172000	192.000000	0.000000	0.000000	0.000000	0.000000	0.000000	0.000000	0.000000	0.000000	0.000000	1741889950.859813	0.000000
30.000000	32833.125631	5706.668580	-41964.215572	-8168.735584	-25800.730383	-25599.095297	-15950.093085	22139.671104	-2359.226627	-909.268964	-17751.353115	62294.870591	-20074.749896	-30475.396571	6789.543544	7654.421944	-0.002000	0.966000	-0.170000	192.000000	127.500000	120.000000	15.000000	24.000000	125.000000	88.000000	0.000000	0.000000	0.000000	1741889950.859926	0.000000
32.000000	32826.062480	5707.383836	-41978.431282	-8171.551904	-25807.793535	-25600.749326	-15955.278689	22137.234764	-2366.602703	-911.705305	-17758.192749	62286.868666	-20081.500123	-30479.688106	6779.194686	7645.078915	-0.002000	0.966000	-0.170000	192.000000	0.000000	0.000000	0.000000	0.000000	0.000000	0.000000	0.000000	0.000000	0.000000	1741889950.859994	0.000000
34.000000	32838.311236	5714.402284	-41964.841421	-8162.700613	-25799.881017	-25595.742535	-15948.170835	22144.879060	-2362.467630	-906.810273	-17751.509577	62292.881285	-20078.102658	-30473.317858	6781.653378	7648.923415	-0.002000	0.966000	-0.170000	192.000000	0.000000	0.000000	0.000000	0.000000	0.000000	0.000000	0.000000	0.000000	0.000000	1741889950.860054	0.000000
36.000000	32836.053710	5719.409075	-41969.512936	-8159.392555	-25807.614721	-25599.184704	-15959.011431	22138.106482	-2361.439450	-905.580927	-17747.575670	62298.871553	-20070.123085	-30471.954402	6782.234524	7650.152761	-0.002000	0.966000	-0.170000	192.000000	0.000000	0.000000	0.000000	0.000000	0.000000	0.000000	0.000000	0.000000	0.000000	1741889950.860114	0.000000
38.000000	32834.243218	5711.630668	-41972.888049	-8163.192351	-25816.331901	-25607.678367	-15962.520655	22128.785804	-2365.507467	-902.719903	-17748.290926	62297.999835	-20088.585626	-30477.095303	6770.432802	7644.833046	-0.002000	0.966000	-0.170000	192.000000	0.000000	0.000000	0.000000	0.000000	0.000000	0.000000	0.000000	0.000000	0.000000	1741889950.860166	0.000000
40.000000	32829.638759	5711.988296	-41978.319523	-8164.108773	-25817.605951	-25603.699756	-15961.805399	22133.032636	-2366.312130	-905.782092	-17752.403647	62293.373024	-20085.679899	-30475.731847	6768.443497	7646.621185	-0.002000	0.966000	-0.170000	192.000000	0.000000	0.000000	15.000000	40.000000	125.000000	88.000000	0.000000	0.000000	0.000000	1741889950.860218	0.000000
42.000000	32834.846715	5711.451854	-41968.395349	-8163.438220	-25811.772145	-25602.760983	-15956.999774	22137.972371	-2366.178020	-911.101807	-17754.057676	62282.107744	-20084.517608	-30477.788207	6766.901227	7648.878711	-0.002000	0.966000	-0.170000	192.000000	0.000000	0.000000	0.000000	0.000000	0.000000	0.000000	0.000000	0.000000	0.000000	1741889950.860277	0.000000
44.000000	32830.041090	5718.626764	-41961.734529	-8154.765744	-25800.238645	-25595.206093	-15943.924003	22145.907241	-2359.181924	-904.709209	-17746.391028	62295.138811	-20074.705192	-30470.032152	6782.011006	7660.367508	-0.002000	0.966000	-0.170000	192.000000	0.000000	0.000000	0.000000	0.000000	0.000000	0.000000	0.000000	0.000000	0.000000	1741889950.920166	0.000000
46.000000	32833.416204	5715.676333	-41952.771479	-8147.881406	-25796.863532	-25590.691041	-15939.788930	22149.282354	-2358.466668	-906.385589	-17744.111150	62289.863800	-20070.793637	-30469.272193	6788.135384	7664.010842	-0.002000	0.966000	-0.170000	192.000000	0.000000	0.000000	0.000000	0.000000	0.000000	0.000000	0.000000	0.000000	0.000000	1741889950.920256	0.000000
48.000000	32813.143171	5698.867822	-41966.629561	-8160.308976	-25808.441735	-25597.418916	-15952.819997	22139.358179	-2360.523028	-910.922994	-17747.732132	62295.921123	-20070.279547	-30467.685219	6790.079986	7667.363604	-0.002000	0.966000	-0.170000	192.000000	0.000000	0.000000	0.000000	0.000000	0.000000	0.000000	0.000000	0.000000	0.000000	1741889950.920306	0.000000
50.000000	32822.597959	5704.031075	-41965.355511	-8157.313842	-25803.636110	-25595.362555	-15949.847215	22140.676932	-2374.783441	-923.283508	-17759.779723	62269.344898	-20083.556483	-30477.184710	6776.803050	7655.114848	-0.002000	0.976000	-0.170000	192.000000	127.500000	120.000000	15.000000	64.000000	125.000000	88.000000	0.000000	0.000000	0.000000	1741889950.920358	0.000000
52.000000	32825.503686	5710.647191	-41968.618866	-8158.654947	-25804.306663	-25596.122515	-15953.222329	22140.900450	-2361.305339	-909.783055	-17745.564013	62294.736480	-20077.677974	-30462.723132	6789.789413	7667.564770	-0.002000	0.976000	-0.170000	192.000000	0.000000	0.000000	0.000000	0.000000	0.000000	0.000000	0.000000	0.000000	0.000000	1741889950.920426	0.000000
54.000000	32828.141192	5718.872633	-41964.886125	-8159.146685	-25803.211427	-25591.518055	-15952.395314	22145.191985	-2375.878677	-915.281584	-17761.813731	62271.624776	-20087.333928	-30476.380047	6773.562047	7648.454028	-0.002000	0.976000	-0.170000	192.000000	0.000000	0.000000	0.000000	0.000000	0.000000	0.000000	0.000000	0.000000	0.000000	1741889950.920486	0.000000
56.000000	32836.344282	5724.840549	-41962.092157	-8157.291491	-25801.199770	-25590.981614	-15948.461407	22142.621534	-2357.326729	-889.062987	-17737.159757	62303.319550	-20066.435047	-30453.603620	6793.253934	7669.129392	-0.002000	0.976000	-0.170000	192.000000	0.000000	0.000000	0.000000	0.000000	0.000000	0.000000	0.000000	0.000000	0.000000	1741889950.920547	0.000000
58.000000	32834.332625	5716.235127	-41970.071729	-8166.411002	-25814.610817	-25603.520942	-15959.950204	22134.843127	-2361.819430	-905.200947	-17748.089760	62276.653919	-20075.532207	-30472.133216	6771.751555	7648.409325	-0.002000	0.976000	-0.170000	192.000000	0.000000	0.000000	0.000000	0.000000	0.000000	0.000000	0.000000	0.000000	0.000000	1741889950.980515	0.000000
60.000000	32832.656244	5718.492653	-41970.541116	-8158.722002	-25814.990796	-25603.185666	-15962.207730	22133.323208	-2367.519124	-909.291316	-17751.755446	62285.706375	-20081.008384	-30473.653135	6767.862352	7647.135275	-0.002000	0.976000	-0.170000	192.000000	0.000000	0.000000	15.000000	64.000000	125.000000	88.000000	0.000000	0.000000	0.000000	1741889950.980593	0.000000
62.000000	32833.483259	5717.218604	-41972.373959	-8155.950386	-25819.304683	-25605.376137	-15965.761657	22130.082206	-2363.272293	-898.093092	-17743.485301	62284.298215	-20077.007422	-30466.925259	6769.717547	7653.237301	-0.002000	0.976000	-0.170000	192.000000	0.000000	0.000000	0.000000	0.000000	0.000000	0.000000	0.000000	0.000000	0.000000	1741889950.980650	0.000000
64.000000	32832.075099	5714.446987	-41968.060072	-8155.995090	-25817.851820	-25605.309082	-15962.677117	22132.518546	-2369.486078	-907.525528	-17747.933298	62288.701509	-20077.588567	-30473.049637	6766.230675	7649.750429	-0.002000	0.976000	-0.170000	192.000000	0.000000	0.000000	0.000000	0.000000	0.000000	0.000000	0.000000	0.000000	0.000000	1741889950.980710	0.000000
66.000000	32848.749500	5733.267156	-41949.083441	-8137.465493	-25804.150200	-25588.299404	-15948.126131	22149.841148	-2357.505543	-899.903584	-17734.410493	62282.867704	-20072.984108	-30466.835852	6781.251047	7668.838819	-0.002000	0.976000	-0.170000	192.000000	0.000000	0.000000	0.000000	0.000000	0.000000	0.000000	0.000000	0.000000	0.000000	1741889950.980761	0.000000
68.000000	32845.575553	5723.812368	-41950.603360	-8143.746334	-25811.772145	-25594.826114	-15960.933681	22139.268773	-2354.488057	-893.510985	-17727.392045	62301.106727	-20067.217358	-30461.247916	6787.151907	7674.024424	-0.002000	0.976000	-0.170000	192.000000	0.000000	0.000000	0.000000	0.000000	0.000000	0.000000	0.000000	0.000000	0.000000	1741889950.980811	0.000000
70.000000	32837.439518	5723.924127	-41954.805488	-8140.862959	-25820.154049	-25589.841675	-15971.595463	22136.653618	-2366.334482	-897.847223	-17737.070350	62281.370137	-20072.402963	-30464.332457	6777.898285	7667.385956	-0.002000	0.976000	-0.170000	192.000000	0.000000	0.000000	15.000000	96.000000	125.000000	88.000000	0.000000	0.000000	0.000000	1741889950.980861	0.000000
72.000000	32851.163489	5731.903700	-41952.927941	-8144.863921	-25822.948017	-25589.327584	-15976.043460	22131.691531	-2358.578427	-890.247630	-17734.410493	62292.233085	-20072.022983	-30458.677466	6773.047957	7661.507447	-0.002000	0.976000	-0.170000	192.000000	0.000000	0.000000	0.000000	0.000000	0.000000	0.000000	0.000000	0.000000	0.000000	1741889950.980914	0.000000
74.000000	32855.477375	5738.430409	-41956.571276	-8146.786171	-25814.968445	-25589.305233	-15969.226178	22132.496194	-2347.156685	-880.435214	-17725.872126	62295.943474	-20063.708134	-30449.960285	6779.015872	7662.647386	-0.002000	0.976000	-0.170000	192.000000	0.000000	0.000000	0.000000	0.000000	0.000000	0.000000	0.000000	0.000000	0.000000	1741889951.040016	0.000000
76.000000	32858.628971	5734.764723	-41956.303055	-8153.558749	-25812.599160	-25596.524846	-15964.331146	22130.909220	-2354.353947	-889.755892	-17733.985810	62291.339015	-20068.290242	-30461.672600	6772.511515	7653.237301	-0.002000	0.976000	-0.170000	192.000000	0.000000	0.000000	0.000000	0.000000	0.000000	0.000000	0.000000	0.000000	0.000000	1741889951.040099	0.000000
78.000000	32852.526945	5739.480941	-41961.645122	-8153.022308	-25811.191000	-25593.440305	-15958.072657	22134.284334	-2350.978834	-882.916258	-17727.839080	62289.908503	-20066.189178	-30457.090492	6778.434727	7657.662947	-0.002000	0.976000	-0.170000	192.000000	0.000000	0.000000	0.000000	0.000000	0.000000	0.000000	0.000000	0.000000	0.000000	1741889951.040162	0.000000
80.000000	32852.281076	5731.009630	-41966.584857	-8161.895950	-25823.551515	-25604.213846	-15967.527445	22126.349464	-2367.273255	-895.880270	-17741.786568	62286.667500	-20082.170675	-30468.579289	6766.521247	7646.956461	-0.006000	0.984000	-0.170000	192.000000	127.500000	104.000000	15.000000	96.000000	125.000000	88.000000	0.000000	0.000000	0.000000	1741889951.040217	0.000000
82.000000	32849.375349	5736.262290	-41962.516840	-8154.564578	-25818.254151	-25598.737669	-15959.994907	22133.457319	-2360.008938	-890.337037	-17730.811862	62288.701509	-20073.274681	-30467.573460	6771.483334	7653.505522	-0.006000	0.984000	-0.170000	192.000000	0.000000	0.000000	0.000000	0.000000	0.000000	0.000000	0.000000	0.000000	0.000000	1741889951.040275	0.000000
84.000000	32843.809765	5720.996049	-41962.136860	-8157.067973	-25822.478631	-25608.415974	-15962.543006	22127.534107	-2365.842744	-898.428368	-17733.270554	62282.375965	-20083.601187	-30472.513196	6776.490125	7658.109982	-0.006000	0.984000	-0.170000	192.000000	0.000000	0.000000	0.000000	0.000000	0.000000	0.000000	0.000000	0.000000	0.000000	1741889951.040328	0.000000
86.000000	32837.350111	5720.884290	-41962.941523	-8153.715212	-25815.214314	-25606.247855	-15954.541082	22133.792595	-2378.471479	-909.693648	-17748.335630	62277.547989	-20087.088059	-30484.091399	6774.098489	7652.387935	-0.006000	0.984000	-0.170000	192.000000	0.000000	0.000000	0.000000	0.000000	0.000000	0.000000	0.000000	0.000000	0.000000	1741889951.040379	0.000000
88.000000	32839.406471	5718.850281	-41953.442032	-8155.704517	-25812.196828	-25607.410146	-15951.925928	22136.787729	-2372.302398	-907.279659	-17745.184034	62278.464410	-20076.023945	-30481.319783	6782.569800	7660.009880	-0.006000	0.984000	-0.170000	192.000000	0.000000	0.000000	0.000000	0.000000	0.000000	0.000000	0.000000	0.000000	0.000000	1741889951.100330	0.000000
90.000000	32840.613465	5730.048505	-41949.932808	-8144.103961	-25805.960692	-25598.648262	-15946.561509	22141.191023	-2368.413194	-901.714075	-17741.160720	62283.918236	-20072.604128	-30479.442236	6788.493012	7663.563807	-0.006000	0.974000	-0.174000	192.000000	127.500000	104.000000	15.000000	56.000000	125.000000	72.000000	0.000000	0.000000	0.000000	1741889951.100392	0.000000
92.000000	32845.642608	5728.036848	-41945.596569	-8142.248767	-25813.649692	-25601.553989	-15957.022125	22133.099691	-2365.507467	-898.987162	-17735.863356	62279.827867	-20070.123085	-30476.737675	6785.654340	7663.988491	-0.006000	0.974000	-0.174000	192.000000	0.000000	0.000000	0.000000	0.000000	0.000000	0.000000	0.000000	0.000000	0.000000	1741889951.100450	0.000000
94.000000	32840.501707	5726.136950	-41954.850191	-8147.568482	-25814.163782	-25605.577303	-15957.267995	22127.399996	-2364.188715	-899.255383	-17736.288039	62282.666538	-20070.436009	-30478.637574	6779.552314	7655.383069	-0.006000	0.974000	-0.174000	192.000000	0.000000	0.000000	0.000000	0.000000	0.000000	0.000000	0.000000	0.000000	0.000000	1741889951.100501	0.000000
96.000000	32844.435614	5717.643287	-41964.662607	-8165.673395	-25827.328959	-25616.842582	-15973.495361	22114.838316	-2363.205238	-901.021171	-17738.120882	62270.998927	-20076.247463	-30479.397533	6775.618407	7647.939938	-0.006000	0.974000	-0.174000	192.000000	0.000000	0.000000	0.000000	0.000000	0.000000	0.000000	0.000000	0.000000	0.000000	1741889951.100565	0.000000
98.000000	32856.349093	5735.256462	-41967.031892	-8162.722965	-25815.259017	-25605.152619	-15959.659631	22126.170650	-2359.986587	-904.083360	-17742.010086	62271.669480	-20077.275643	-30484.538434	6763.727279	7635.937051	-0.006000	0.974000	-0.174000	192.000000	0.000000	0.000000	0.000000	0.000000	0.000000	0.000000	0.000000	0.000000	0.000000	1741889951.100628	0.000000
100.000000	32866.653248	5741.738467	-41957.286532	-8158.520837	-25808.866418	-25598.335337	-15948.953146	22136.519508	-2347.693127	-885.196136	-17725.760368	62267.892035	-20063.775189	-30469.540414	6779.909942	7651.203293	-0.008000	0.964000	-0.170000	192.000000	127.500000	96.000000	15.000000	16.000000	125.000000	88.000000	0.000000	0.000000	0.000000	1741889951.100689	0.000000
102.000000	32848.168355	5727.276889	-41975.994942	-8173.228285	-25828.334788	-25615.345015	-15967.996832	22118.928685	-2355.784459	-894.986200	-17735.550432	62270.775410	-20076.046297	-30480.448065	6766.945930	7642.195540	-0.008000	0.964000	-0.170000	192.000000	0.000000	0.000000	0.000000	0.000000	0.000000	0.000000	0.000000	0.000000	0.000000	1741889951.100747	0.000000
104.000000	32844.502669	5725.153473	-41974.296209	-8174.927017	-25832.648675	-25619.256570	-15974.456486	22116.469993	-2368.256732	-907.056142	-17748.805016	62248.222500	-20090.083193	-30494.306146	6754.786581	7633.768932	-0.008000	0.964000	-0.170000	192.000000	0.000000	0.000000	0.000000	0.000000	0.000000	0.000000	0.000000	0.000000	0.000000	1741889951.160708	0.000000
106.000000	32852.437538	5733.200101	-41967.881258	-8167.930921	-25827.306608	-25616.350843	-15965.560492	22121.387377	-2368.279084	-894.829738	-17742.546528	62266.640337	-20084.763477	-30485.141931	6764.219018	7643.357830	-0.008000	0.964000	-0.170000	192.000000	0.000000	0.000000	0.000000	0.000000	0.000000	0.000000	0.000000	0.000000	0.000000	1741889951.160792	0.000000
108.000000	32846.268457	5725.801674	-41962.829764	-8168.310901	-25831.374625	-25618.809535	-15966.633375	22123.488441	-2368.346139	-897.064912	-17740.043132	62254.056305	-20078.683803	-30487.466513	6771.304521	7647.716421	-0.008000	0.964000	-0.170000	192.000000	0.000000	0.000000	0.000000	0.000000	0.000000	0.000000	0.000000	0.000000	0.000000	1741889951.160845	0.000000
110.000000	32846.827250	5725.220528	-41960.773404	-8164.511104	-25825.004378	-25612.841620	-15963.347669	22128.964618	-2380.371378	-910.386552	-17752.873034	62248.088389	-20101.348472	-30499.603510	6760.329814	7637.814598	-0.006000	0.968000	-0.168000	192.000000	127.500000	104.000000	15.000000	32.000000	125.000000	96.000000	0.000000	0.000000	0.000000	1741889951.160900	0.000000
112.000000	32864.641591	5743.258386	-41936.253540	-8138.605432	-25797.601139	-25586.198340	-15941.644125	22155.719656	-2352.856380	-883.609162	-17728.666094	62252.223462	-20066.502102	-30471.820291	6789.498841	7672.526857	-0.006000	0.968000	-0.168000	192.000000	0.000000	0.000000	0.000000	0.000000	0.000000	0.000000	0.000000	0.000000	0.000000	1741889951.160954	0.000000
114.000000	32851.766986	5728.617993	-41945.082479	-8149.200159	-25800.037479	-25598.916483	-15945.488625	22148.723560	-2350.330633	-880.390511	-17731.258897	62263.935776	-20059.103675	-30468.154605	6797.612524	7679.165325	-0.006000	0.968000	-0.168000	192.000000	0.000000	0.000000	0.000000	0.000000	0.000000	0.000000	0.000000	0.000000	0.000000	1741889951.161007	0.000000
116.000000	32862.719341	5746.007651	-41936.387651	-8139.611261	-25784.503017	-25584.007869	-15934.178643	22159.564156	-2345.413249	-872.321531	-17728.084949	62252.871663	-20052.621669	-30469.451007	6799.981809	7679.590008	-0.006000	0.968000	-0.168000	192.000000	0.000000	0.000000	0.000000	0.000000	0.000000	0.000000	0.000000	0.000000	0.000000	1741889951.161058	0.000000
118.000000	32861.646457	5741.246729	-41940.925055	-8155.682165	-25790.448581	-25590.556930	-15939.610116	22154.423255	-2350.263578	-878.356502	-17734.209327	62260.024221	-20055.505044	-30471.596774	6792.337512	7671.543380	-0.008000	0.971000	-0.168000	192.000000	127.500000	88.000000	15.000000	56.000000	125.000000	96.000000	0.000000	0.000000	0.000000	1741889951.220903	0.000000
120.000000	32847.520154	5734.585909	-41959.924037	-8170.300206	-25801.691508	-25601.174009	-15952.171797	22143.672066	-2348.743659	-875.428423	-17736.198632	62248.267203	-20052.107579	-30472.692010	6784.693215	7666.983624	-0.008000	0.971000	-0.168000	192.000000	0.000000	0.000000	0.000000	0.000000	0.000000	0.000000	0.000000	0.000000	0.000000	1741889951.220978	0.000000
122.000000	32853.845698	5735.748200	-41961.958046	-8174.457630	-25805.938340	-25606.225503	-15954.362268	22139.000552	-2360.411270	-886.291371	-17749.922603	62242.343991	-20074.772248	-30480.738638	6767.951759	7651.873845	-0.008000	0.971000	-0.168000	192.000000	0.000000	0.000000	0.000000	0.000000	0.000000	0.000000	0.000000	0.000000	0.000000	1741889951.221042	0.000000
124.000000	32846.715492	5740.151494	-41970.742282	-8174.077651	-25809.581674	-25603.789163	-15953.691715	22145.549613	-2346.843761	-876.881287	-17738.612621	62243.752151	-20069.586643	-30471.082684	6774.478468	7663.519104	-0.008000	0.971000	-0.168000	192.000000	0.000000	0.000000	0.000000	0.000000	0.000000	0.000000	0.000000	0.000000	0.000000	1741889951.221100	0.000000
126.000000	32846.693140	5738.341002	-41974.184450	-8175.798735	-25816.622474	-25608.773602	-15956.373925	22141.369836	-2373.084709	-890.381740	-17761.880787	62238.231270	-20095.894646	-30484.985469	6751.657337	7645.078915	-0.008000	0.971000	-0.168000	192.000000	0.000000	0.000000	0.000000	0.000000	0.000000	0.000000	0.000000	0.000000	0.000000	1741889951.221151	0.000000
128.000000	32842.826288	5744.063049	-41973.469195	-8167.193314	-25810.408689	-25600.369346	-15946.874433	22151.048142	-2356.834991	-884.100900	-17749.050885	62242.299288	-20085.657547	-30472.088512	6764.531942	7660.903950	-0.008000	0.972500	-0.168000	192.000000	127.500000	96.000000	15.000000	56.000000	125.000000	96.000000	0.000000	0.000000	0.000000	1741889951.221208	0.000000
130.000000	32852.035207	5748.175770	-41960.460479	-8156.553883	-25809.224046	-25596.614253	-15946.002715	22152.299840	-2354.689223	-875.942513	-17745.116978	62249.764770	-20081.924806	-30469.383951	6769.024643	7670.649310	-0.008000	0.972500	-0.168000	192.000000	0.000000	0.000000	0.000000	0.000000	0.000000	0.000000	0.000000	0.000000	0.000000	1741889951.221263	0.000000
132.000000	32834.377329	5738.318651	-41970.339950	-8157.224435	-25815.706052	-25598.178875	-15953.803474	22147.136587	-2358.466668	-876.121327	-17748.425036	62251.843482	-20088.406812	-30467.037018	6768.979939	7673.890313	-0.008000	0.972500	-0.168000	192.000000	0.000000	0.000000	0.000000	0.000000	0.000000	0.000000	0.000000	0.000000	0.000000	1741889951.221317	0.000000
134.000000	32844.837945	5744.018345	-41949.753994	-8143.008726	-25803.122020	-25585.080753	-15944.862776	22160.435875	-2358.690185	-871.382758	-17748.849720	62250.524730	-20077.745030	-30461.002047	6773.293826	7680.595837	-0.008000	0.972500	-0.168000	192.000000	0.000000	0.000000	0.000000	0.000000	0.000000	0.000000	0.000000	0.000000	0.000000	1741889951.281205	0.000000
136.000000	32833.505611	5734.787075	-41955.431337	-8147.255557	-25801.289177	-25588.813494	-15941.889994	22157.954831	-2359.785421	-880.703435	-17755.957574	62250.502378	-20082.751820	-30466.142948	6776.221904	7681.378148	-0.008000	0.972500	-0.168000	192.000000	0.000000	0.000000	0.000000	0.000000	0.000000	0.000000	0.000000	0.000000	0.000000	1741889951.281264	0.000000
138.000000	32841.149907	5734.496502	-41941.327386	-8136.750238	-25793.287253	-25579.157541	-15931.451730	22166.336735	-2349.280101	-877.641246	-17747.687429	62249.273032	-20069.787809	-30457.112844	6794.058596	7697.605514	-0.009000	0.976250	-0.165000	192.000000	127.500000	88.000000	15.000000	80.000000	125.000000	120.000000	0.000000	0.000000	0.000000	1741889951.281314	0.000000
140.000000	32817.144134	5719.252613	-41963.679131	-8150.965947	-25808.218218	-25596.144866	-15950.741285	22144.990819	-2360.858305	-890.292333	-17761.500807	62243.282764	-20076.918015	-30466.902908	6781.362806	7684.060357	-0.009000	0.976250	-0.165000	192.000000	0.000000	0.000000	0.000000	0.000000	0.000000	0.000000	0.000000	0.000000	0.000000	1741889951.281377	0.000000
142.000000	32825.011948	5721.890118	-41964.327331	-8157.447953	-25813.940264	-25611.098184	-15962.073620	22126.282409	-2368.971988	-897.333133	-17766.060563	62231.056360	-20083.936463	-30474.726018	6765.090736	7663.630863	-0.009000	0.976250	-0.165000	192.000000	0.000000	0.000000	0.000000	0.000000	0.000000	0.000000	0.000000	0.000000	0.000000	1741889951.281435	0.000000
144.000000	32832.164506	5732.797770	-41968.820032	-8155.302185	-25804.507828	-25604.415012	-15955.099875	22131.557421	-2359.897180	-889.241801	-17760.025592	62249.384791	-20077.812085	-30473.988411	6758.742840	7651.292700	-0.009000	0.976250	-0.165000	192.000000	0.000000	0.000000	0.000000	0.000000	0.000000	0.000000	0.000000	0.000000	0.000000	1741889951.281499	0.000000
146.000000	32835.316102	5727.053371	-41966.204878	-8171.417793	-25806.318320	-25611.366404	-15957.782085	22126.684740	-2350.665909	-885.620819	-17754.907042	62238.275974	-20061.629422	-30469.674524	6759.167523	7649.236339	-0.009000	0.976250	-0.165000	192.000000	0.000000	0.000000	0.000000	0.000000	0.000000	0.000000	0.000000	0.000000	0.000000	1741889951.281556	0.000000
148.000000	32832.298616	5729.489711	-41968.685921	-8173.809430	-25800.819790	-25605.912579	-15952.328259	22133.747892	-2363.652273	-902.228165	-17768.832179	62227.591840	-20073.252329	-30486.192463	6750.249177	7633.366601	-0.011500	0.974125	-0.163500	192.000000	127.500000	72.000000	15.000000	48.000000	125.000000	120.000000	0.000000	0.000000	0.000000	1741889951.340571	0.000000
150.000000	32836.545448	5727.232185	-41963.857944	-8175.597569	-25803.211427	-25607.633663	-15949.355477	22137.055950	-2351.470572	-885.397301	-17755.935223	62226.273087	-20071.195969	-30473.720190	6766.968282	7651.985604	-0.011500	0.974125	-0.163500	192.000000	0.000000	0.000000	0.000000	0.000000	0.000000	0.000000	0.000000	0.000000	0.000000	1741889951.340651	0.000000
152.000000	32827.604750	5718.582060	-41972.195145	-8183.197163	-25806.653596	-25615.769698	-15950.741285	22131.669179	-2359.204276	-899.300086	-17760.740848	62223.345008	-20078.460285	-30483.979640	6763.950797	7646.285909	-0.011500	0.974125	-0.163500	192.000000	0.000000	0.000000	0.000000	0.000000	0.000000	0.000000	0.000000	0.000000	0.000000	1741889951.340700	0.000000
154.000000	32820.228674	5715.944554	-41979.995904	-8189.880334	-25821.875134	-25621.268227	-15960.821922	22124.091938	-2368.726119	-904.910374	-17767.714592	62203.340197	-20091.200780	-30492.138027	6760.374517	7646.017688	-0.011500	0.974125	-0.163500	192.000000	0.000000	0.000000	0.000000	0.000000	0.000000	0.000000	0.000000	0.000000	0.000000	1741889951.340760	0.000000
156.000000	32839.607637	5737.581043	-41964.997883	-8170.099040	-25808.888770	-25600.145829	-15943.432265	22142.979162	-2361.014767	-887.408958	-17756.896348	62228.865889	-20091.916036	-30479.151664	6766.767116	7657.417078	-0.011500	0.974125	-0.163500	192.000000	0.000000	0.000000	0.000000	0.000000	0.000000	0.000000	0.000000	0.000000	0.000000	1741889951.340810	0.000000
158.000000	32825.995425	5722.873595	-41974.407968	-8180.358491	-25822.746852	-25614.316835	-15951.210672	22130.238668	-2363.987549	-894.941496	-17755.152912	62217.131223	-20096.118164	-30482.124446	6765.895398	7656.366546	-0.013750	0.972062	-0.163750	192.000000	127.500000	64.000000	15.000000	40.000000	125.000000	112.000000	0.000000	0.000000	0.000000	1741889951.340859	0.000000
160.000000	32837.707739	5734.742371	-41954.716081	-8156.464476	-25803.524352	-25592.300366	-15931.161157	22151.539880	-2359.718366	-892.281639	-17750.280231	62229.983476	-20084.159980	-30474.994239	6773.964378	7667.587121	-0.013750	0.972062	-0.163750	192.000000	0.000000	0.000000	0.000000	0.000000	0.000000	0.000000	0.000000	0.000000	0.000000	1741889951.340912	0.000000
162.000000	32828.610579	5719.498482	-41962.673302	-8157.894988	-25815.884866	-25597.776544	-15944.818073	22143.359142	-2359.114869	-902.675200	-17753.342420	62213.286723	-20087.602149	-30474.971887	6775.283131	7673.264465	-0.013750	0.972062	-0.163750	192.000000	0.000000	0.000000	0.000000	0.000000	0.000000	0.000000	0.000000	0.000000	0.000000	1741889951.340964	0.000000
164.000000	32821.100392	5712.480034	-41964.774366	-8149.535435	-25822.635093	-25598.022413	-15951.613003	22138.084130	-2360.724194	-906.765569	-17757.723362	62226.474253	-20089.569102	-30472.468492	6772.198590	7676.773688	-0.013750	0.972062	-0.163750	192.000000	0.000000	0.000000	0.000000	0.000000	0.000000	0.000000	0.000000	0.000000	0.000000	1741889951.400294	0.000000
166.000000	32828.320006	5723.298278	-41951.296264	-8137.666659	-25811.481573	-25586.108933	-15947.634393	22145.594316	-2365.775688	-907.458473	-17754.705877	62217.555906	-20090.798448	-30466.053541	6773.919675	7679.969988	-0.013750	0.972062	-0.163750	192.000000	0.000000	0.000000	0.000000	0.000000	0.000000	0.000000	0.000000	0.000000	0.000000	1741889951.400377	0.000000
168.000000	32822.061517	5713.374104	-41950.379843	-8154.385764	-25812.353291	-25596.591901	-15952.350611	22136.094825	-2358.265502	-908.486653	-17747.687429	62230.139939	-20081.857751	-30464.891251	6778.166506	7675.097308	-0.013875	0.973031	-0.165875	192.000000	127.500000	72.000000	15.000000	56.000000	125.000000	96.000000	0.000000	0.000000	0.000000	1741889951.400433	0.000000
170.000000	32811.846770	5706.825043	-41965.936657	-8172.088346	-25810.900427	-25606.560779	-15954.697544	22126.751796	-2366.401537	-916.913261	-17759.645612	62207.877601	-20080.360184	-30473.429617	6772.623273	7659.764011	-0.013875	0.973031	-0.165875	192.000000	0.000000	0.000000	0.000000	0.000000	0.000000	0.000000	0.000000	0.000000	0.000000	1741889951.400486	0.000000
172.000000	32820.988634	5712.345923	-41962.986226	-8174.882314	-25805.401898	-25604.549122	-15949.087256	22131.758586	-2371.229514	-919.908395	-17765.188845	62206.491793	-20081.433067	-30482.035039	6764.308425	7647.716421	-0.013875	0.973031	-0.165875	192.000000	0.000000	0.000000	0.000000	0.000000	0.000000	0.000000	0.000000	0.000000	0.000000	1741889951.400543	0.000000
174.000000	32812.114991	5707.272077	-41974.206802	-8185.208820	-25810.632206	-25610.539390	-15950.227195	22131.266848	-2367.027386	-917.762627	-17762.126656	62196.746432	-20075.778076	-30479.732809	6767.437669	7651.739735	-0.013875	0.973031	-0.165875	192.000000	0.000000	0.000000	0.000000	0.000000	0.000000	0.000000	0.000000	0.000000	0.000000	1741889951.400592	0.000000
176.000000	32822.374442	5714.871671	-41959.968741	-8177.452764	-25807.614721	-25608.907713	-15950.048381	22133.859650	-2370.357796	-922.054162	-17761.880787	62197.148764	-20079.533169	-30487.220643	6765.671881	7649.482208	-0.013875	0.973031	-0.165875	192.000000	0.000000	0.000000	0.000000	0.000000	0.000000	0.000000	0.000000	0.000000	0.000000	1741889951.400647	0.000000
178.000000	32817.434706	5715.452816	-41971.144613	-8176.782212	-25811.995663	-25611.902846	-15951.233024	22134.217278	-2365.909799	-917.896738	-17755.622298	62202.177906	-20072.291204	-30486.415981	6769.382271	7655.405421	-0.012938	0.975516	-0.168938	192.000000	127.500000	80.000000	15.000000	72.000000	125.000000	80.000000	0.000000	0.000000	0.000000	1741889951.460623	0.000000
180.000000	32817.702927	5711.518909	-41967.255410	-8175.798735	-25815.169610	-25614.786221	-15951.970631	22132.786767	-2371.073052	-914.387514	-17758.617432	62204.882467	-20080.382536	-30485.857187	6768.510552	7657.685299	-0.012938	0.975516	-0.168938	192.000000	0.000000	0.000000	0.000000	0.000000	0.000000	0.000000	0.000000	0.000000	0.000000	1741889951.460747	0.000000
182.000000	32812.718488	5713.262345	-41974.206802	-8168.243845	-25813.202657	-25611.053480	-15951.478893	22135.200755	-2379.432604	-926.256290	-17768.742772	62194.041871	-20095.604073	-30495.468437	6762.542637	7651.471514	-0.012938	0.975516	-0.168938	192.000000	0.000000	0.000000	0.000000	0.000000	0.000000	0.000000	0.000000	0.000000	0.000000	1741889951.460797	0.000000
184.000000	32835.696082	5731.903700	-41952.413851	-8154.117543	-25801.557398	-25600.771678	-15941.308849	22143.493252	-2363.316996	-900.909412	-17749.587327	62210.112776	-20075.800428	-30473.630783	6780.468736	7672.638616	-0.012938	0.975516	-0.168938	192.000000	0.000000	0.000000	0.000000	0.000000	0.000000	0.000000	0.000000	0.000000	0.000000	1741889951.460856	0.000000
186.000000	32823.760250	5725.868729	-41963.522668	-8157.336194	-25811.973311	-25602.693928	-15951.188320	22139.961677	-2363.786383	-898.450720	-17749.028534	62220.662799	-20079.130838	-30474.278983	6777.183029	7670.783421	-0.012938	0.975516	-0.168938	192.000000	0.000000	0.000000	0.000000	0.000000	0.000000	0.000000	0.000000	0.000000	0.000000	1741889951.460912	0.000000
188.000000	32819.960454	5716.056313	-41964.349683	-8164.242883	-25815.661349	-25606.046689	-15950.584823	22137.100653	-2366.312130	-903.748084	-17750.995487	62207.452918	-20084.562312	-30477.855263	6774.076137	7669.822296	-0.011469	0.972758	-0.171469	192.000000	127.500000	88.000000	15.000000	40.000000	125.000000	72.000000	0.000000	0.000000	0.000000	1741889951.460975	0.000000
190.000000	32821.212151	5720.258441	-41963.679131	-8155.168075	-25808.777011	-25595.139038	-15942.471140	22147.449511	-2373.978779	-911.750008	-17755.667002	62204.301322	-20092.005443	-30480.492768	6771.885666	7671.632787	-0.011469	0.972758	-0.171469	192.000000	0.000000	0.000000	0.000000	0.000000	0.000000	0.000000	0.000000	0.000000	0.000000	1741889951.461036	0.000000
192.000000	32827.381233	5720.526662	-41954.470212	-8147.926110	-25810.095764	-25591.920387	-15944.974535	22148.142415	-2360.500677	-911.124159	-17746.145159	62200.278008	-20081.880102	-30473.921355	6781.139288	7683.166287	-0.011469	0.972758	-0.171469	192.000000	0.000000	0.000000	0.000000	0.000000	0.000000	0.000000	0.000000	0.000000	0.000000	1741889951.461085	0.000000
194.000000	32836.657207	5735.703496	-41949.083441	-8135.118560	-25804.239607	-25580.923329	-15940.794759	22154.937345	-2359.651310	-910.855938	-17743.351190	62209.911610	-20080.583701	-30470.568594	6781.228695	7686.161421	-0.011469	0.972758	-0.171469	192.000000	0.000000	0.000000	0.000000	0.000000	0.000000	0.000000	0.000000	0.000000	0.000000	1741889951.520910	0.000000
196.000000	32841.954570	5733.490674	-41944.322520	-8145.176845	-25807.726479	-25588.321756	-15940.437131	22150.779921	-2345.100325	-895.008551	-17732.868222	62216.572430	-20064.423390	-30461.292620	6787.241314	7690.251790	-0.011469	0.972758	-0.171469	192.000000	0.000000	0.000000	0.000000	0.000000	0.000000	0.000000	0.000000	0.000000	0.000000	1741889951.520967	0.000000
198.000000	32813.366689	5714.111711	-41966.674264	-8172.960064	-25827.574829	-25613.758041	-15958.631451	22124.717787	-2362.937017	-911.034752	-17747.843891	62218.695845	-20085.657547	-30475.374219	6775.394890	7669.017633	-0.009734	0.972379	-0.168734	192.000000	127.500000	96.000000	15.000000	48.000000	125.000000	104.000000	0.000000	0.000000	0.000000	1741889951.521023	0.000000
200.000000	32827.694157	5722.739485	-41961.242790	-8168.310901	-25821.785727	-25611.992253	-15951.277727	22130.551592	-2376.303360	-922.009459	-17762.149008	62187.135182	-20093.681823	-30490.618109	6761.134477	7653.505522	-0.009734	0.972379	-0.168734	192.000000	0.000000	0.000000	0.000000	0.000000	0.000000	0.000000	0.000000	0.000000	0.000000	1741889951.521076	0.000000
202.000000	32833.527962	5730.875520	-41955.252523	-8159.146685	-25813.157953	-25601.397526	-15944.102817	22140.766339	-2355.225665	-909.559537	-17746.703952	62206.491793	-20076.940367	-30483.107922	6773.115012	7662.379165	-0.009734	0.972379	-0.168734	192.000000	0.000000	0.000000	0.000000	0.000000	0.000000	0.000000	0.000000	0.000000	0.000000	1741889951.521125	0.000000
204.000000	32809.924520	5702.935839	-41976.643142	-8182.526610	-25834.861497	-25624.173954	-15964.152332	22119.710996	-2360.880656	-913.739313	-17753.051848	62193.639540	-20080.650756	-30485.544263	6770.365747	7663.608511	-0.009734	0.972379	-0.168734	192.000000	0.000000	0.000000	0.000000	0.000000	0.000000	0.000000	0.000000	0.000000	0.000000	1741889951.521174	0.000000
206.000000	32815.333642	5707.182670	-41970.183488	-8178.302130	-25822.121003	-25616.641416	-15948.684925	22129.411653	-2383.187697	-935.956947	-17772.989604	62182.106040	-20095.335853	-30504.677356	6755.568892	7644.386011	-0.009734	0.972379	-0.168734	192.000000	0.000000	0.000000	0.000000	0.000000	0.000000	0.000000	0.000000	0.000000	0.000000	1741889951.521228	0.000000
208.000000	32826.084831	5721.733656	-41954.805488	-8163.326462	-25814.990796	-25601.553989	-15936.212651	22145.236688	-2359.494848	-920.310726	-17752.582461	62182.418964	-20080.918977	-30490.036963	6770.857486	7662.893255	-0.006867	0.972189	-0.164367	192.000000	127.500000	112.000000	15.000000	48.000000	125.500000	0.000000	0.000000	0.000000	0.000000	1741889951.581186	0.000000
210.000000	32810.438610	5711.876537	-41961.421604	-8164.824029	-25825.473765	-25607.790125	-15947.969669	22138.508813	-2369.709595	-919.886043	-17757.388086	62200.054491	-20087.199818	-30486.214815	6773.405585	7669.665834	-0.006867	0.972189	-0.164367	192.000000	0.000000	0.000000	0.000000	0.000000	0.000000	0.000000	0.000000	0.000000	0.000000	1741889951.581271	0.000000
212.000000	32815.579512	5720.213738	-41963.567372	-8160.376031	-25827.641884	-25605.040861	-15951.121265	22138.329999	-2376.549229	-915.035715	-17760.360868	62189.862095	-20090.619634	-30485.007821	6770.231637	7669.308206	-0.006867	0.972189	-0.164367	192.000000	0.000000	0.000000	0.000000	0.000000	0.000000	0.000000	0.000000	0.000000	0.000000	1741889951.581329	0.000000
214.000000	32813.724317	5718.135025	-41972.418663	-8165.852209	-25837.051968	-25610.315872	-15957.804436	22132.607953	-2381.220744	-915.929784	-17765.010031	62203.027273	-20094.821762	-30488.584100	6761.581512	7660.009880	-0.006867	0.972189	-0.164367	192.000000	0.000000	0.000000	0.000000	0.000000	0.000000	0.000000	0.000000	0.000000	0.000000	1741889951.581378	0.000000
216.000000	32829.594055	5730.964927	-41965.936657	-8156.218607	-25826.501945	-25597.128343	-15944.281631	22144.521432	-2380.036101	-913.649906	-17761.411400	62188.744508	-20104.880047	-30489.433466	6759.167523	7665.039023	-0.006867	0.972189	-0.164367	192.000000	0.000000	0.000000	0.000000	0.000000	0.000000	0.000000	0.000000	0.000000	0.000000	1741889951.581434	0.000000
218.000000	32836.009006	5726.204005	-41963.209744	-8162.991186	-25827.373663	-25601.978672	-15947.835558	22140.878098	-2356.723232	-902.831662	-17739.082007	62212.169136	-20085.881065	-30476.692972	6776.534829	7679.210029	-0.004434	0.971095	-0.163184	192.000000	127.500000	120.000000	15.000000	40.000000	125.000000	120.000000	0.000000	0.000000	0.000000	1741889951.581483	0.000000
220.000000	32825.190762	5721.331325	-41969.624695	-8169.204971	-25827.574829	-25606.001986	-15945.019239	22139.112310	-2367.273255	-919.886043	-17749.564975	62185.950540	-20094.195914	-30491.400420	6765.113087	7666.246017	-0.004434	0.971095	-0.163184	192.000000	0.000000	0.000000	0.000000	0.000000	0.000000	0.000000	0.000000	0.000000	0.000000	1741889951.581544	0.000000
222.000000	32826.576570	5719.744351	-41962.338026	-8167.550941	-25830.234686	-25610.517038	-15950.450712	22132.518546	-2372.212991	-921.674183	-17749.877900	62188.520990	-20094.173562	-30492.763876	6764.889570	7663.250883	-0.004434	0.971095	-0.163184	192.000000	0.000000	0.000000	0.000000	0.000000	0.000000	0.000000	0.000000	0.000000	0.000000	1741889951.581594	0.000000
224.000000	32825.704852	5728.170959	-41959.007616	-8160.823066	-25824.669102	-25604.169143	-15944.728666	22137.502985	-2368.524953	-917.852034	-17747.575670	62188.096307	-20089.993786	-30489.075838	6766.431840	7665.977796	-0.004434	0.971095	-0.163184	192.000000	0.000000	0.000000	0.000000	0.000000	0.000000	0.000000	0.000000	0.000000	0.000000	1741889951.641544	0.000000
226.000000	32837.528925	5734.295337	-41954.269046	-8157.067973	-25838.124852	-25606.471372	-15959.369059	22130.708054	-2363.808735	-908.218432	-17745.318144	62192.589008	-20085.411678	-30481.655059	6768.331739	7669.196447	-0.004434	0.971095	-0.163184	192.000000	0.000000	0.000000	0.000000	0.000000	0.000000	0.000000	0.000000	0.000000	0.000000	1741889951.641602	0.000000
228.000000	32851.856393	5762.324424	-41934.823028	-8126.669601	-25819.528201	-25579.157541	-15944.683962	22152.121026	-2359.405441	-890.761720	-17736.511557	62204.390729	-20078.594396	-30468.020495	6772.377404	7680.238209	-0.001217	0.969547	-0.162592	192.000000	0.000000	8.000000	15.000000	32.000000	125.000000	120.000000	0.000000	0.000000	0.000000	1741889951.641660	0.000000
230.000000	32853.756291	5755.037755	-41919.400325	-8132.257537	-25814.409651	-25584.030221	-15943.074637	22150.869328	-2335.667889	-870.131060	-17716.663208	62226.831880	-20052.331096	-30449.580306	6796.830213	7701.226497	-0.001217	0.969547	-0.162592	192.000000	0.000000	0.000000	0.000000	0.000000	0.000000	0.000000	0.000000	0.000000	0.000000	1741889951.641721	0.000000
232.000000	32819.535770	5725.600508	-41947.854095	-8158.833761	-25829.385320	-25606.873704	-15957.133884	22130.328075	-2363.227590	-900.797653	-17744.893461	62198.065185	-20073.229977	-30477.475283	6778.345320	7674.672624	-0.001217	0.969547	-0.162592	192.000000	0.000000	0.000000	0.000000	0.000000	0.000000	0.000000	0.000000	0.000000	0.000000	1741889951.641792	0.000000
234.000000	32832.030396	5727.187482	-41941.416793	-8154.676337	-25825.205544	-25604.884399	-15952.216500	22133.591429	-2367.943808	-907.726694	-17747.866243	62182.642482	-20081.030736	-30482.392667	6779.731128	7675.387880	-0.001217	0.969547	-0.162592	192.000000	0.000000	0.000000	0.000000	0.000000	0.000000	0.000000	0.000000	0.000000	0.000000	1741889951.641849	0.000000
236.000000	32832.186858	5731.769589	-41953.978473	-8157.157380	-25819.952884	-25603.364480	-15943.544023	22136.228935	-2365.351005	-913.918127	-17748.805016	62184.117697	-20077.923844	-30484.650193	6777.250085	7672.258636	-0.001217	0.969547	-0.162592	192.000000	0.000000	0.000000	0.000000	0.000000	0.000000	0.000000	0.000000	0.000000	0.000000	1741889951.641902	0.000000
238.000000	32847.587210	5742.096095	-41945.305997	-8153.581101	-25813.649692	-25595.496666	-15936.726741	22143.627363	-2355.270368	-906.273831	-17739.864318	62183.424793	-20072.514721	-30480.112789	6784.357939	7678.897104	-0.001608	0.968774	-0.163296	192.000000	127.500000	120.000000	15.000000	32.000000	125.000000	112.000000	0.000000	0.000000	0.000000	1741889951.700778	0.000000
240.000000	32840.546410	5746.275872	-41955.476040	-8153.871674	-25810.609855	-25586.377154	-15930.535308	22150.690514	-2358.354909	-900.194156	-17742.479472	62194.198334	-20079.287300	-30474.457797	6781.966303	7682.048700	-0.001608	0.968774	-0.163296	192.000000	0.000000	0.000000	0.000000	0.000000	0.000000	0.000000	0.000000	0.000000	0.000000	1741889951.700838	0.000000
242.000000	32838.154773	5737.782209	-41959.029968	-8163.058241	-25820.422270	-25594.110858	-15942.202919	22142.621534	-2356.231494	-895.522642	-17740.311353	62189.638578	-20073.609957	-30468.713399	6785.319064	7689.022444	-0.001608	0.968774	-0.163296	192.000000	0.000000	0.000000	0.000000	0.000000	0.000000	0.000000	0.000000	0.000000	0.000000	1741889951.700897	0.000000
244.000000	32836.880724	5738.519816	-41967.724796	-8162.722965	-25827.418366	-25594.535541	-15947.835558	22140.967505	-2371.028348	-909.738351	-17758.885653	62185.302339	-20085.881065	-30484.784303	6762.073250	7670.917531	-0.001608	0.968774	-0.163296	192.000000	0.000000	0.000000	0.000000	0.000000	0.000000	0.000000	0.000000	0.000000	0.000000	1741889951.700947	0.000000
246.000000	32849.531811	5742.230206	-41955.833668	-8153.625805	-25822.880962	-25588.992308	-15939.520709	22152.188081	-2356.544418	-898.003685	-17738.053827	62187.224589	-20081.075440	-30475.441274	6775.014910	7688.530706	-0.001608	0.968774	-0.163296	192.000000	0.000000	0.000000	0.000000	0.000000	0.000000	0.000000	0.000000	0.000000	0.000000	1741889951.700996	0.000000
248.000000	32847.274285	5743.258386	-41955.833668	-8153.782267	-25826.613704	-25595.966053	-15941.934698	22144.387322	-2365.127488	-904.195118	-17739.461987	62191.806697	-20093.681823	-30486.706553	6770.969244	7683.367453	-0.001608	0.968774	-0.163296	192.000000	0.000000	0.000000	15.000000	40.000000	125.000000	112.000000	0.000000	0.000000	0.000000	1741889951.701047	0.000000
250.000000	32846.000236	5739.972680	-41948.077613	-8152.687031	-25823.931494	-25598.201227	-15941.040628	22147.740084	-2357.997281	-899.255383	-17730.387179	62185.212932	-20080.427239	-30481.409190	6777.004215	7688.977741	-0.001608	0.968774	-0.163296	192.000000	0.000000	0.000000	0.000000	0.000000	0.000000	0.000000	0.000000	0.000000	0.000000	1741889951.701103	0.000000
252.000000	32828.208247	5720.996049	-41955.163116	-8164.846380	-25830.569962	-25612.372233	-15951.456541	22134.217278	-2366.312130	-915.661563	-17740.154891	62185.078822	-20083.176504	-30493.635594	6772.220942	7679.746470	-0.001608	0.968774	-0.163296	192.000000	0.000000	0.000000	0.000000	0.000000	0.000000	0.000000	0.000000	0.000000	0.000000	1741889951.701159	0.000000
254.000000	32840.658169	5731.300203	-41937.237017	-8150.943595	-25819.997587	-25599.631739	-15942.717009	22144.253212	-2365.418060	-915.147473	-17741.518347	62167.353888	-20081.567178	-30492.026268	6774.031433	7679.053566	-0.001608	0.968774	-0.163296	192.000000	0.000000	0.000000	0.000000	0.000000	0.000000	0.000000	0.000000	0.000000	0.000000	1741889951.760574	0.000000
0.000000	32833.170334	5728.617993	-41936.946444	-8150.161284	-25821.897485	-25604.683233	-15948.170835	22136.497156	-2367.385014	-916.510930	-17741.674810	62184.832953	-20075.331041	-30489.209949	6777.786526	7681.556962	-0.001608	0.968774	-0.163296	192.000000	0.000000	0.000000	0.000000	0.000000	0.000000	0.000000	0.000000	0.000000	0.000000	1741889951.760645	0.000000
2.000000	32839.004140	5741.917281	-41928.341023	-8139.410095	-25813.761451	-25599.944663	-15939.632468	22141.883927	-2363.518162	-903.815139	-17739.216118	62175.154647	-20066.032716	-30485.767780	6786.168431	7687.927209	-0.001804	0.966387	-0.164648	192.000000	127.500000	120.000000	15.000000	16.000000	125.000000	104.000000	0.000000	0.000000	0.000000	1741889951.760699	0.000000
4.000000	32840.233486	5742.431372	-41936.477058	-8153.335232	-25825.876096	-25614.629759	-15953.423495	22124.941304	-2358.868999	-895.857918	-17735.170452	62197.528743	-20068.536111	-30485.566614	6788.470660	7682.607494	-0.001804	0.966387	-0.164648	192.000000	0.000000	0.000000	0.000000	0.000000	0.000000	0.000000	0.000000	0.000000	0.000000	1741889951.760761	0.000000
6.000000	32840.121727	5744.353622	-41947.652930	-8156.576235	-25826.457241	-25607.946588	-15948.751980	22129.702226	-2368.524953	-904.932726	-17745.809882	62179.289720	-20075.040469	-30497.591853	6773.472640	7667.095383	-0.001804	0.966387	-0.164648	192.000000	0.000000	0.000000	0.000000	0.000000	0.000000	0.000000	0.000000	0.000000	0.000000	1741889951.760810	0.000000
8.000000	32835.293750	5735.904662	-41959.208782	-8171.149572	-25839.577715	-25609.466506	-15958.631451	22126.260057	-2368.457898	-899.747121	-17748.313278	62181.971929	-20083.087097	-30493.590891	6767.325910	7667.005976	-0.001804	0.966387	-0.164648	192.000000	0.000000	0.000000	0.000000	0.000000	0.000000	0.000000	0.000000	0.000000	0.000000	1741889951.760861	0.000000
10.000000	32832.209209	5739.123313	-41967.590686	-8174.345872	-25833.699207	-25601.509285	-15954.876358	22130.640999	-2372.615322	-904.820967	-17753.364772	62158.659060	-20085.925768	-30492.830931	6762.341471	7667.810639	-0.001804	0.966387	-0.164648	192.000000	0.000000	0.000000	0.000000	0.000000	0.000000	0.000000	0.000000	0.000000	0.000000	1741889951.760910	0.000000
12.000000	32851.364654	5751.439125	-41956.571276	-8168.601473	-25825.227895	-25588.835846	-15946.337992	22147.091883	-2367.295607	-902.049351	-17751.420170	62159.307260	-20082.818876	-30489.455818	6760.799201	7671.297511	-0.001804	0.966387	-0.164648	192.000000	0.000000	0.000000	15.000000	32.000000	125.000000	96.000000	0.000000	0.000000	0.000000	1741889951.820853	0.000000
14.000000	32852.415186	5760.379822	-41962.069805	-8165.874561	-25819.438794	-25585.214863	-15940.012448	22159.094770	-2350.844723	-882.357464	-17734.812824	62164.537569	-20071.084210	-30475.173053	6773.025605	7689.268314	-0.001804	0.966387	-0.164648	192.000000	0.000000	0.000000	0.000000	0.000000	0.000000	0.000000	0.000000	0.000000	0.000000	1741889951.820914	0.000000
16.000000	32845.732015	5748.511046	-41968.417700	-8181.364319	-25828.871230	-25604.437364	-15950.249547	22147.382456	-2362.110002	-888.459490	-17745.184034	62168.225606	-20079.153190	-30491.489827	6764.062555	7684.060357	-0.001804	0.966387	-0.164648	192.000000	0.000000	0.000000	0.000000	0.000000	0.000000	0.000000	0.000000	0.000000	0.000000	1741889951.820972	0.000000
18.000000	32838.579457	5753.048450	-41970.250543	-8174.167058	-25823.193887	-25600.548160	-15943.879300	22154.959697	-2366.759165	-891.007589	-17749.609679	62153.585214	-20093.972396	-30498.016536	6761.000366	7684.730909	-0.001804	0.966387	-0.164648	192.000000	0.000000	0.000000	0.000000	0.000000	0.000000	0.000000	0.000000	0.000000	0.000000	1741889951.821030	0.000000
20.000000	32838.244180	5742.386668	-41966.093119	-8174.927017	-25823.506811	-25606.538428	-15947.746151	22151.696342	-2364.032252	-893.466281	-17749.609679	62154.144007	-20085.925768	-30494.976699	6766.230675	7691.883468	-0.001804	0.966387	-0.164648	192.000000	0.000000	0.000000	0.000000	0.000000	0.000000	0.000000	0.000000	0.000000	0.000000	1741889951.821094	0.000000
22.000000	32833.170334	5745.024174	-41964.752014	-8168.288549	-25819.796422	-25601.397526	-15941.062980	22158.848901	-2362.758203	-901.669371	-17751.330763	62141.850548	-20088.652681	-30497.345984	6764.666052	7688.821279	-0.001902	0.969193	-0.168324	192.000000	127.500000	120.000000	15.000000	48.000000	125.000000	80.000000	0.000000	0.000000	0.000000	1741889951.821149	0.000000
24.000000	32847.631913	5754.546017	-41939.628653	-8151.234168	-25807.726479	-25590.176951	-15934.200994	22166.962584	-2357.304377	-896.908450	-17742.837100	62147.840816	-20080.471942	-30486.550091	6773.472640	7698.723101	-0.001902	0.969193	-0.168324	192.000000	0.000000	0.000000	0.000000	0.000000	0.000000	0.000000	0.000000	0.000000	0.000000	1741889951.821204	0.000000
26.000000	32846.380215	5763.889046	-41934.085421	-8135.699706	-25797.824657	-25576.229462	-15920.834651	22177.110276	-2336.897235	-875.808403	-17721.692350	62171.645423	-20060.355372	-30464.846547	6793.075120	7721.723047	-0.001902	0.969193	-0.168324	192.000000	0.000000	0.000000	0.000000	0.000000	0.000000	0.000000	0.000000	0.000000	0.000000	1741889951.821259	0.000000
28.000000	32854.046864	5766.191276	-41923.401287	-8128.547147	-25801.445639	-25574.731895	-15927.048436	22172.081133	-2343.915682	-879.831717	-17729.157833	62162.592967	-20060.400076	-30465.539451	6789.722358	7720.918384	-0.001902	0.969193	-0.168324	192.000000	0.000000	0.000000	0.000000	0.000000	0.000000	0.000000	0.000000	0.000000	0.000000	1741889951.881561	0.000000
30.000000	32846.827250	5773.366186	-41922.663679	-8123.026266	-25801.691508	-25572.496721	-15927.897802	22170.538863	-2334.796171	-872.254476	-17722.698179	62179.379127	-20065.317460	-30455.347056	6797.947800	7724.449959	-0.001902	0.969193	-0.168324	192.000000	0.000000	0.000000	0.000000	0.000000	0.000000	0.000000	0.000000	0.000000	0.000000	1741889951.881643	0.000000
32.000000	32849.576515	5773.813221	-41915.533473	-8126.893118	-25800.417459	-25576.140055	-15927.696637	22166.850825	-2334.505598	-866.554781	-17722.452309	62177.032194	-20058.030791	-30451.368445	6802.708721	7721.834805	-0.001902	0.969193	-0.168324	192.000000	0.000000	0.000000	15.000000	40.000000	125.000000	56.000000	0.000000	0.000000	0.000000	1741889951.881704	0.000000
34.000000	32837.528925	5771.622750	-41934.398345	-8140.192406	-25804.440773	-25585.147808	-15935.005657	22157.217223	-2337.321918	-873.059138	-17727.794376	62179.110906	-20063.305803	-30462.365504	6789.945875	7708.535517	-0.001902	0.969193	-0.168324	192.000000	0.000000	0.000000	0.000000	0.000000	0.000000	0.000000	0.000000	0.000000	0.000000	1741889951.881767	0.000000
36.000000	32835.696082	5763.062032	-41943.875485	-8155.436296	-25813.180305	-25590.780448	-15940.615945	22151.562232	-2343.088668	-875.540182	-17730.923621	62168.024441	-20064.646907	-30463.952477	6784.402643	7703.349913	-0.001902	0.969193	-0.168324	192.000000	0.000000	0.000000	0.000000	0.000000	0.000000	0.000000	0.000000	0.000000	0.000000	1741889951.881816	0.000000
38.000000	32827.135363	5758.837552	-41957.979436	-8166.254540	-25816.086032	-25594.334375	-15940.906518	22149.617630	-2350.621206	-888.459490	-17745.340496	62162.749429	-20077.208588	-30477.609393	6768.555256	7689.447128	-0.001902	0.969193	-0.168324	192.000000	0.000000	0.000000	0.000000	0.000000	0.000000	0.000000	0.000000	0.000000	0.000000	1741889951.881867	0.000000
40.000000	32826.934198	5755.507142	-41962.092157	-8175.374052	-25820.668140	-25601.442230	-15945.645087	22142.710941	-2350.509447	-894.181537	-17746.748656	62142.588156	-20079.175541	-30481.588004	6764.330776	7685.401462	-0.001902	0.969193	-0.168324	192.000000	0.000000	0.000000	0.000000	0.000000	0.000000	0.000000	0.000000	0.000000	0.000000	1741889951.881930	0.000000
42.000000	32818.574645	5751.595587	-41971.926924	-8184.627674	-25825.719634	-25612.260474	-15951.769465	22134.329037	-2356.522066	-899.836528	-17751.800150	62150.210100	-20077.968547	-30487.354754	6757.714660	7677.421889	-0.001951	0.971597	-0.171162	192.000000	127.500000	120.000000	15.000000	56.000000	125.000000	72.000000	0.000000	0.000000	0.000000	1741889951.941458	0.000000
44.000000	32826.442459	5756.624729	-41968.149479	-8184.493564	-25819.416442	-25610.628797	-15944.862776	22140.364008	-2349.145991	-901.132929	-17748.156816	62132.440464	-20080.784867	-30490.573405	6759.793372	7678.695938	-0.001951	0.971597	-0.171162	192.000000	0.000000	0.000000	0.000000	0.000000	0.000000	0.000000	0.000000	0.000000	0.000000	1741889951.941589	0.000000
46.000000	32810.080982	5743.347793	-41985.405026	-8196.652913	-25836.917858	-25622.631684	-15958.519692	22126.260057	-2356.209142	-908.509005	-17758.617432	62138.386028	-20093.659472	-30497.591853	6750.316232	7668.727060	-0.001951	0.971597	-0.171162	192.000000	0.000000	0.000000	0.000000	0.000000	0.000000	0.000000	0.000000	0.000000	0.000000	1741889951.941638	0.000000
48.000000	32805.208302	5741.671412	-41980.264125	-8182.906590	-25831.642846	-25611.008777	-15955.703372	22134.910182	-2368.435546	-915.818026	-17769.972118	62119.252934	-20101.348472	-30498.329460	6746.292918	7671.230456	-0.001951	0.971597	-0.171162	192.000000	0.000000	0.000000	0.000000	0.000000	0.000000	0.000000	0.000000	0.000000	0.000000	1741889951.941691	0.000000
50.000000	32804.493046	5741.134970	-41968.350645	-8172.311863	-25823.015073	-25599.967015	-15943.387561	22144.923764	-2366.960331	-907.749046	-17766.328784	62134.586231	-20092.117201	-30481.945632	6758.452267	7685.021482	-0.001951	0.971597	-0.171162	192.000000	0.000000	0.000000	0.000000	0.000000	0.000000	0.000000	0.000000	0.000000	0.000000	1741889951.941744	0.000000
52.000000	32800.045049	5739.324479	-41963.120337	-8169.294377	-25821.450451	-25597.508323	-15942.895823	22146.980124	-2361.797078	-901.579964	-17763.914795	62120.370522	-20082.885931	-30478.436408	6766.297730	7694.789194	-0.001976	0.975798	-0.171581	192.000000	127.500000	120.000000	15.000000	80.000000	125.000000	80.000000	0.000000	0.000000	0.000000	1741889951.941797	0.000000
54.000000	32802.012003	5734.988241	-41959.052319	-8172.267159	-25822.523334	-25599.631739	-15944.728666	22144.722598	-2360.344214	-903.032828	-17762.014897	62134.362714	-20084.405850	-30478.168187	6770.991596	7697.650218	-0.001976	0.975798	-0.171581	192.000000	0.000000	0.000000	0.000000	0.000000	0.000000	0.000000	0.000000	0.000000	0.000000	1741889951.941849	0.000000
56.000000	32809.924520	5743.794828	-41952.190334	-8161.135991	-25813.537933	-25592.210959	-15935.810320	22152.679819	-2363.696976	-914.633383	-17765.591176	62113.307370	-20083.131800	-30486.930071	6769.315215	7694.923305	-0.001976	0.975798	-0.171581	192.000000	0.000000	0.000000	0.000000	0.000000	0.000000	0.000000	0.000000	0.000000	0.000000	1741889951.941901	0.000000
58.000000	32809.656299	5738.989203	-41950.804526	-8161.203046	-25819.416442	-25602.157486	-15944.683962	22140.274601	-2352.565807	-903.166938	-17754.974098	62131.434635	-20072.738239	-30475.843605	6779.149983	7700.734758	-0.001976	0.975798	-0.171581	192.000000	0.000000	0.000000	0.000000	0.000000	0.000000	0.000000	0.000000	0.000000	0.000000	1741889952.001713	0.000000
60.000000	32811.556198	5748.913377	-41950.066918	-8154.430467	-25815.057852	-25596.524846	-15942.024105	22143.426197	-2357.796116	-906.027961	-17758.215101	62121.689275	-20074.571082	-30480.805693	6771.304521	7691.212915	-0.001976	0.975798	-0.171581	192.000000	0.000000	0.000000	0.000000	0.000000	0.000000	0.000000	0.000000	0.000000	0.000000	1741889952.001770	0.000000
62.000000	32799.173331	5730.987278	-41962.449785	-8178.950331	-25835.442643	-25618.831887	-15963.705297	22118.034615	-2359.338386	-906.452645	-17759.109170	62136.217908	-20080.024908	-30480.716286	6766.543599	7680.975816	-0.002988	0.971899	-0.170790	192.000000	127.500000	112.000000	15.000000	32.000000	125.000000	88.000000	0.000000	0.000000	0.000000	1741889952.001842	0.000000
64.000000	32798.368668	5738.922148	-41967.613038	-8184.091232	-25834.861497	-25618.675425	-15965.135809	22114.972426	-2363.495810	-920.131912	-17768.921586	62117.263629	-20089.211475	-30496.407210	6748.349279	7659.182866	-0.002988	0.971899	-0.170790	192.000000	0.000000	0.000000	0.000000	0.000000	0.000000	0.000000	0.000000	0.000000	0.000000	1741889952.001911	0.000000
66.000000	32804.962433	5734.429447	-41960.348721	-8185.611151	-25834.392111	-25620.575323	-15963.593538	22115.642979	-2359.159572	-915.996840	-17762.439580	62121.219888	-20082.170675	-30494.306146	6751.992613	7658.758182	-0.002988	0.971899	-0.170790	192.000000	0.000000	0.000000	0.000000	0.000000	0.000000	0.000000	0.000000	0.000000	0.000000	1741889952.001964	0.000000
68.000000	32797.005212	5737.871616	-41957.822973	-8173.876485	-25822.568038	-25610.449983	-15946.740323	22128.025845	-2359.025462	-918.410828	-17759.712667	62117.889478	-20079.533169	-30490.171074	6758.608730	7666.335424	-0.002988	0.971899	-0.170790	192.000000	0.000000	0.000000	0.000000	0.000000	0.000000	0.000000	0.000000	0.000000	0.000000	1741889952.002016	0.000000
70.000000	32799.530959	5725.242880	-41958.448822	-8183.621846	-25835.330884	-25621.424689	-15955.792779	22118.481650	-2364.099308	-923.797598	-17760.182054	62118.805899	-20084.808181	-30490.640460	6762.520285	7670.537552	-0.002988	0.971899	-0.170790	192.000000	0.000000	0.000000	0.000000	0.000000	0.000000	0.000000	0.000000	0.000000	0.000000	1741889952.002069	0.000000
72.000000	32791.618442	5728.103903	-41963.276799	-8179.464421	-25836.336712	-25615.367367	-15959.011431	22124.829546	-2371.609494	-936.202817	-17766.060563	62107.786489	-20087.378632	-30502.710402	6753.020794	7662.222703	-0.002494	0.969950	-0.171395	192.000000	127.500000	120.000000	15.000000	32.000000	125.000000	80.000000	0.000000	0.000000	0.000000	1741889952.060946	0.000000
74.000000	32800.000346	5725.376990	-41952.145630	-8177.564523	-25827.261904	-25606.381965	-15946.226233	22137.279467	-2363.540514	-917.695572	-17751.464874	62115.140213	-20081.656585	-30484.203158	6768.532904	7681.713424	-0.002494	0.969950	-0.171395	192.000000	0.000000	0.000000	0.000000	0.000000	0.000000	0.000000	0.000000	0.000000	0.000000	1741889952.061017	0.000000
76.000000	32766.115101	5702.533508	-41969.043549	-8184.158288	-25830.771128	-25606.314910	-15945.756846	22135.401921	-2373.509392	-929.474941	-17760.383220	62105.216039	-20090.999614	-30487.578271	6767.728241	7683.054529	-0.002494	0.969950	-0.171395	192.000000	0.000000	0.000000	0.000000	0.000000	0.000000	0.000000	0.000000	0.000000	0.000000	1741889952.061068	0.000000
78.000000	32746.467918	5675.174972	-41962.427433	-8184.202991	-25829.072395	-25603.096259	-15944.259279	22144.253212	-2379.387901	-941.969567	-17768.295737	62087.580512	-20088.250350	-30486.527739	6768.667015	7686.407290	-0.002494	0.969950	-0.171395	192.000000	0.000000	0.000000	0.000000	0.000000	0.000000	0.000000	0.000000	0.000000	0.000000	1741889952.061118	0.000000
80.000000	32713.923778	5646.341222	-41981.761692	-8191.467308	-25837.141375	-25607.991291	-15945.510977	22142.241555	-2404.958296	-980.392215	-17793.329691	62069.922634	-20104.008329	-30509.639443	6756.999404	7675.924322	-0.002494	0.969950	-0.171395	192.000000	0.000000	0.000000	0.000000	0.000000	0.000000	0.000000	0.000000	0.000000	0.000000	1741889952.061169	0.000000
82.000000	32707.777048	5641.066210	-41970.652875	-8185.342930	-25832.492212	-25601.129305	-15941.912346	22146.756607	-2401.538480	-975.765404	-17787.786458	62062.747724	-20097.325158	-30497.390687	6767.057689	7686.519049	-0.003247	0.973975	-0.172698	192.000000	127.500000	112.000000	15.000000	72.000000	125.000000	72.000000	0.000000	0.000000	0.000000	1741889952.061220	0.000000
84.000000	32703.440810	5644.597786	-41972.910401	-8179.442069	-25829.675893	-25599.877608	-15938.447826	22142.196851	-2407.774616	-982.269762	-17792.212104	62075.354108	-20091.357242	-30497.614205	6764.755459	7682.205162	-0.003247	0.973975	-0.172698	192.000000	0.000000	0.000000	0.000000	0.000000	0.000000	0.000000	0.000000	0.000000	0.000000	1741889952.061285	0.000000
86.000000	32679.211519	5621.217861	-41991.216480	-8204.118395	-25853.771073	-25620.843544	-15964.822884	22119.465127	-2415.910651	-988.751768	-17803.097403	62059.640832	-20112.412585	-30504.520894	6753.512532	7670.023462	-0.003247	0.973975	-0.172698	192.000000	0.000000	0.000000	0.000000	0.000000	0.000000	0.000000	0.000000	0.000000	0.000000	1741889952.061351	0.000000
88.000000	32675.612888	5622.223690	-41987.126110	-8205.347741	-25844.271582	-25617.602541	-15956.061000	22126.975313	-2429.411105	-999.078274	-17814.854421	62053.136474	-20116.324141	-30516.233208	6742.336660	7661.082764	-0.003247	0.973975	-0.172698	192.000000	0.000000	0.000000	0.000000	0.000000	0.000000	0.000000	0.000000	0.000000	0.000000	1741889952.120830	0.000000
90.000000	32671.567222	5612.858309	-41982.096968	-8207.895840	-25843.802195	-25622.095242	-15958.385582	22126.327112	-2420.202186	-1005.850852	-17813.245095	62034.875099	-20105.148268	-30519.451859	6748.058706	7663.228531	-0.003247	0.973975	-0.172698	192.000000	0.000000	0.000000	0.000000	0.000000	0.000000	0.000000	0.000000	0.000000	0.000000	1741889952.120901	0.000000
92.000000	32675.657591	5620.726123	-41975.614962	-8197.636389	-25841.835242	-25615.881457	-15956.910367	22127.064720	-2419.621041	-1002.475739	-17809.601761	62051.325983	-20103.695405	-30515.205027	6753.601939	7670.403441	-0.003247	0.973975	-0.172698	192.000000	0.000000	0.000000	15.000000	64.000000	125.000000	88.000000	0.000000	0.000000	0.000000	1741889952.120955	0.000000
94.000000	32675.858757	5620.703771	-41974.430320	-8198.753977	-25845.657390	-25621.312931	-15962.498303	22121.946171	-2420.671573	-1000.106454	-17804.751433	62046.162730	-20102.309597	-30515.316786	6753.221959	7671.543380	-0.003247	0.973975	-0.172698	192.000000	0.000000	0.000000	0.000000	0.000000	0.000000	0.000000	0.000000	0.000000	0.000000	1741889952.121013	0.000000
96.000000	32689.761542	5634.315984	-41964.282628	-8184.672378	-25831.374625	-25606.247855	-15942.337029	22139.291124	-2414.100160	-995.099663	-17794.827258	62060.020812	-20099.292111	-30510.891141	6759.346337	7676.438412	-0.003247	0.973975	-0.172698	192.000000	0.000000	0.000000	0.000000	0.000000	0.000000	0.000000	0.000000	0.000000	0.000000	1741889952.121066	0.000000
98.000000	32697.808170	5641.245024	-41968.931790	-8184.650026	-25834.123890	-25603.923274	-15946.539157	22139.469938	-2404.801834	-979.274628	-17785.305415	62063.597091	-20095.916998	-30499.737620	6766.811820	7688.642465	-0.003247	0.973975	-0.172698	192.000000	0.000000	0.000000	0.000000	0.000000	0.000000	0.000000	0.000000	0.000000	0.000000	1741889952.121116	0.000000
100.000000	32694.276594	5634.293632	-41977.470157	-8192.584895	-25841.991704	-25606.001986	-15947.589689	22141.168671	-2410.970916	-980.213401	-17786.400650	62068.112143	-20104.567123	-30500.363469	6759.301634	7684.015654	-0.003247	0.973975	-0.172698	192.000000	0.000000	0.000000	0.000000	0.000000	0.000000	0.000000	0.000000	0.000000	0.000000	1741889952.121165	0.000000
102.000000	32675.054094	5616.881623	-41996.603250	-8210.175718	-25858.196718	-25625.582114	-15959.234948	22127.265886	-2412.379076	-989.422320	-17795.363700	62052.264756	-20109.193934	-30509.952368	6753.467828	7680.193505	-0.002623	0.975987	-0.170349	192.000000	127.500000	120.000000	15.000000	72.000000	125.000000	96.000000	0.000000	0.000000	0.000000	1741889952.181240	0.000000
104.000000	32685.134731	5623.609498	-41994.077503	-8206.554735	-25855.626268	-25624.732748	-15956.485683	22127.847031	-2428.874663	-1007.996620	-17813.200392	62045.246308	-20125.287190	-30526.738528	6737.665145	7661.485095	-0.002623	0.975987	-0.170349	192.000000	0.000000	0.000000	0.000000	0.000000	0.000000	0.000000	0.000000	0.000000	0.000000	1741889952.181301	0.000000
106.000000	32687.705182	5629.152731	-41990.478872	-8202.486718	-25856.430931	-25626.632646	-15959.816093	22122.639075	-2425.745419	-1007.840157	-17806.092537	62036.417369	-20123.476699	-30526.559714	6738.223939	7662.781496	-0.002623	0.975987	-0.170349	192.000000	0.000000	0.000000	0.000000	0.000000	0.000000	0.000000	0.000000	0.000000	0.000000	1741889952.181367	0.000000
108.000000	32705.564225	5636.931138	-41978.721855	-8196.429395	-25854.754550	-25623.749271	-15961.850102	22123.130813	-2406.567622	-997.960686	-17788.501714	62055.773980	-20104.656530	-30517.350795	6743.945985	7666.693052	-0.002623	0.975987	-0.170349	192.000000	0.000000	0.000000	0.000000	0.000000	0.000000	0.000000	0.000000	0.000000	0.000000	1741889952.181432	0.000000
110.000000	32681.513748	5624.972954	-41989.920079	-8205.079520	-25861.705942	-25634.969847	-15966.007527	22114.525391	-2416.268279	-998.988867	-17789.708708	62049.113160	-20116.413548	-30517.350795	6738.246290	7662.021537	-0.002623	0.975987	-0.170349	192.000000	0.000000	0.000000	0.000000	0.000000	0.000000	0.000000	0.000000	0.000000	0.000000	1741889952.181486	0.000000
112.000000	32675.210556	5612.590088	-41984.600363	-8212.388541	-25860.566003	-25642.971771	-15969.561454	22109.183324	-2427.980593	-1016.110303	-17802.963293	62040.999477	-20124.862507	-30534.472231	6733.708886	7647.090572	-0.002623	0.975987	-0.170349	192.000000	0.000000	0.000000	15.000000	72.000000	125.000000	104.000000	0.000000	0.000000	0.000000	1741889952.181539	0.000000
114.000000	32665.666362	5606.063379	-41981.225250	-8206.867660	-25849.770111	-25636.690931	-15958.854968	22117.654636	-2428.584090	-1028.157893	-17806.271351	62026.984933	-20114.625408	-30539.948409	6740.436761	7649.929243	-0.002623	0.975987	-0.170349	192.000000	0.000000	0.000000	0.000000	0.000000	0.000000	0.000000	0.000000	0.000000	0.000000	1741889952.181594	0.000000
116.000000	32668.505033	5609.103216	-41951.899761	-8180.559657	-25828.178326	-25609.242989	-15937.397294	22143.739121	-2417.117645	-1013.651611	-17791.675662	62046.565061	-20093.994748	-30519.854190	6767.035337	7681.422851	-0.002623	0.975987	-0.170349	192.000000	0.000000	0.000000	0.000000	0.000000	0.000000	0.000000	0.000000	0.000000	0.000000	1741889952.181648	0.000000
118.000000	32641.749995	5588.383149	-41970.407006	-8197.949314	-25841.388207	-25620.865896	-15946.986192	22131.780938	-2426.952413	-1021.854701	-17799.364662	62041.401808	-20096.855771	-30520.122411	6767.840000	7685.803793	-0.002623	0.975987	-0.170349	192.000000	0.000000	0.000000	0.000000	0.000000	0.000000	0.000000	0.000000	0.000000	0.000000	1741889952.241436	0.000000
120.000000	32635.849134	5578.771899	-41969.959971	-8205.280686	-25845.009189	-25622.564628	-15947.343820	22130.395130	-2441.458695	-1033.209387	-17811.702825	62023.498061	-20103.941274	-30532.751147	6759.234579	7676.125488	-0.002623	0.975987	-0.170349	192.000000	0.000000	0.000000	0.000000	0.000000	0.000000	0.000000	0.000000	0.000000	0.000000	1741889952.241493	0.000000
122.000000	32617.073669	5567.864247	-41988.713084	-8215.875413	-25854.352218	-25628.890172	-15956.686849	22123.957828	-2449.170047	-1038.394992	-17821.671703	62016.233744	-20116.190030	-30537.042682	6752.484352	7671.252808	0.000688	0.976994	-0.170174	192.000000	0.000000	16.000000	15.000000	72.000000	125.000000	88.000000	0.000000	0.000000	0.000000	1741889952.241542	0.000000
124.000000	32625.813201	5572.803983	-41986.567317	-8215.875413	-25865.014001	-25626.185611	-15966.387506	22122.683778	-2446.130210	-1038.305585	-17824.622133	62010.288180	-20117.799356	-30536.349778	6745.264738	7667.609473	0.000688	0.976994	-0.170174	192.000000	0.000000	0.000000	0.000000	0.000000	0.000000	0.000000	0.000000	0.000000	0.000000	1741889952.241597	0.000000
126.000000	32632.026986	5586.684416	-41980.219421	-8197.591686	-25861.974163	-25608.795954	-15962.028916	22130.842165	-2440.497570	-1024.156931	-17817.246058	62023.475709	-20114.737167	-30520.010653	6741.688459	7668.950578	0.000688	0.976994	-0.170174	192.000000	0.000000	0.000000	0.000000	0.000000	0.000000	0.000000	0.000000	0.000000	0.000000	1741889952.241647	0.000000
128.000000	32645.505088	5597.457957	-41966.003712	-8185.208820	-25862.443550	-25603.789163	-15963.146503	22132.585601	-2437.256567	-1015.417399	-17811.211087	62027.320209	-20114.670111	-30514.065089	6739.453285	7671.051642	0.000688	0.976994	-0.170174	192.000000	0.000000	0.000000	0.000000	0.000000	0.000000	0.000000	0.000000	0.000000	0.000000	1741889952.241709	0.000000
130.000000	32637.279646	5592.339407	-41974.944410	-8189.366244	-25864.835187	-25611.902846	-15970.008489	22124.136642	-2419.822206	-1000.464082	-17791.139220	62050.387210	-20093.301844	-30500.229359	6749.891549	7681.802831	0.000688	0.976994	-0.170174	192.000000	0.000000	0.000000	0.000000	0.000000	0.000000	0.000000	0.000000	0.000000	0.000000	1741889952.241774	0.000000
132.000000	32639.470117	5586.103271	-41969.579991	-8187.756918	-25852.049989	-25612.796916	-15955.189282	22128.383473	-2434.283785	-1012.578727	-17795.386052	62031.768207	-20110.646797	-30510.332347	6746.896416	7678.472421	0.000688	0.976994	-0.170174	192.000000	0.000000	0.000000	15.000000	72.000000	125.000000	64.000000	0.000000	0.000000	0.000000	1741889952.302083	0.000000
134.000000	32621.007576	5571.418175	-41983.080445	-8197.077596	-25861.080094	-25622.765794	-15962.274785	22121.186211	-2442.151599	-1030.504826	-17804.662026	62029.041294	-20117.531135	-30527.945522	6744.080096	7669.956406	0.000688	0.976994	-0.170174	192.000000	0.000000	0.000000	0.000000	0.000000	0.000000	0.000000	0.000000	0.000000	0.000000	1741889952.302155	0.000000
136.000000	32622.415736	5568.199523	-41968.618866	-8193.166041	-25847.981971	-25617.691948	-15951.456541	22130.864517	-2432.428590	-1022.167626	-17800.102270	62019.720616	-20107.025815	-30520.636501	6759.793372	7683.881543	0.000688	0.976994	-0.170174	192.000000	0.000000	0.000000	0.000000	0.000000	0.000000	0.000000	0.000000	0.000000	0.000000	1741889952.302209	0.000000
138.000000	32604.400230	5555.950768	-41978.654799	-8199.804509	-25850.440663	-25619.815364	-15953.423495	22131.043331	-2452.902788	-1042.306547	-17819.213011	62014.087977	-20120.481565	-30539.277856	6754.630119	7673.890313	0.000688	0.976994	-0.170174	192.000000	0.000000	0.000000	0.000000	0.000000	0.000000	0.000000	0.000000	0.000000	0.000000	1741889952.302263	0.000000
140.000000	32597.873521	5546.518331	-41983.080445	-8210.667456	-25849.568945	-25625.336245	-15955.658669	22125.678912	-2448.991233	-1043.267672	-17814.407386	62001.503945	-20108.232809	-30535.366301	6766.208323	7684.395633	0.000688	0.976994	-0.170174	192.000000	0.000000	0.000000	0.000000	0.000000	0.000000	0.000000	0.000000	0.000000	0.000000	1741889952.302318	0.000000
142.000000	32597.851169	5548.775858	-41994.032799	-8216.210689	-25853.614611	-25629.337207	-15957.424457	22117.721691	-2466.157373	-1044.407611	-17827.237287	62004.119099	-20127.432958	-30545.134013	6749.310404	7666.380127	-0.000656	0.975497	-0.171087	192.000000	127.500000	120.000000	15.000000	56.000000	125.000000	80.000000	0.000000	0.000000	0.000000	1741889952.302366	0.000000
144.000000	32602.880311	5552.374488	-41991.574108	-8215.741302	-25854.151053	-25625.671521	-15954.876358	22121.521487	-2452.254588	-1034.997527	-17821.537593	61994.194924	-20122.292056	-30539.747243	6746.382325	7667.162438	-0.000656	0.975497	-0.171087	192.000000	0.000000	0.000000	0.000000	0.000000	0.000000	0.000000	0.000000	0.000000	0.000000	1741889952.302419	0.000000
146.000000	32604.422582	5552.530951	-41989.249526	-8214.824881	-25853.636963	-25626.230315	-15952.440018	22125.030711	-2459.205980	-1041.188960	-17829.137186	61997.681796	-20121.375635	-30544.038778	6738.894491	7662.759145	-0.000656	0.975497	-0.171087	192.000000	0.000000	0.000000	0.000000	0.000000	0.000000	0.000000	0.000000	0.000000	0.000000	1741889952.302468	0.000000
148.000000	32622.102812	5571.082899	-41977.961895	-8202.576125	-25843.221050	-25615.948512	-15936.972611	22137.614743	-2440.966957	-1031.398896	-17818.028369	61995.960712	-20104.343606	-30538.316731	6748.081058	7672.504505	-0.000656	0.975497	-0.171087	192.000000	0.000000	0.000000	0.000000	0.000000	0.000000	0.000000	0.000000	0.000000	0.000000	1741889952.361933	0.000000
150.000000	32615.218474	5565.606721	-41985.494433	-8209.773387	-25865.461035	-25624.956265	-15957.245643	22121.923819	-2441.257529	-1023.374620	-17815.055587	62014.602067	-20107.562257	-30533.153478	6746.807009	7672.459802	-0.000656	0.975497	-0.171087	192.000000	0.000000	0.000000	0.000000	0.000000	0.000000	0.000000	0.000000	0.000000	0.000000	1741889952.362003	0.000000
152.000000	32622.348681	5575.866172	-41983.192203	-8202.084387	-25862.555309	-25617.110803	-15953.267032	22128.003493	-2448.365384	-1022.435847	-17819.905915	61995.334863	-20113.373710	-30538.115566	6735.407619	7669.062337	-0.002328	0.973748	-0.170544	192.000000	127.500000	112.000000	15.000000	48.000000	125.000000	88.000000	0.000000	0.000000	0.000000	1741889952.362072	0.000000
154.000000	32639.336007	5589.612495	-41975.078520	-8199.536288	-25861.817701	-25614.294483	-15951.858872	22129.344598	-2441.458695	-1013.964535	-17806.383110	62018.513622	-20111.674978	-30525.777403	6748.706907	7684.172116	-0.002328	0.973748	-0.170544	192.000000	0.000000	0.000000	0.000000	0.000000	0.000000	0.000000	0.000000	0.000000	0.000000	1741889952.362131	0.000000
156.000000	32635.044472	5591.937076	-41986.947296	-8211.695637	-25868.970259	-25626.811460	-15966.678079	22113.631322	-2438.441210	-1009.136559	-17804.907895	62009.729387	-20115.608885	-30532.371167	6738.715677	7673.733851	-0.002328	0.973748	-0.170544	192.000000	0.000000	0.000000	0.000000	0.000000	0.000000	0.000000	0.000000	0.000000	0.000000	1741889952.362183	0.000000
158.000000	32652.747053	5603.381169	-41972.485718	-8209.661628	-25857.146186	-25624.285713	-15962.073620	22119.889810	-2442.509227	-1011.304678	-17811.278142	62010.712863	-20116.100623	-30545.648103	6732.948927	7659.562845	-0.002328	0.973748	-0.170544	192.000000	0.000000	0.000000	0.000000	0.000000	0.000000	0.000000	0.000000	0.000000	0.000000	1741889952.362236	0.000000
160.000000	32656.435091	5611.830129	-41978.431282	-8209.706331	-25856.743855	-25619.547143	-15964.711125	22122.661426	-2426.930061	-1003.123939	-17800.884581	62010.891677	-20096.140515	-30542.787080	6746.002346	7669.375261	-0.002328	0.973748	-0.170544	192.000000	0.000000	0.000000	0.000000	0.000000	0.000000	0.000000	0.000000	0.000000	0.000000	1741889952.362290	0.000000
162.000000	32668.169757	5612.657143	-41971.211668	-8214.511957	-25845.098596	-25623.570457	-15953.915233	22124.471918	-2426.885358	-997.245431	-17797.241246	62016.814890	-20103.226018	-30538.026159	6750.673860	7674.516162	-0.002164	0.971874	-0.171272	192.000000	127.500000	120.000000	15.000000	40.000000	125.000000	80.000000	0.000000	0.000000	0.000000	1741889952.421394	0.000000
164.000000	32681.871376	5626.112893	-41980.912325	-8217.440035	-25845.791500	-25629.270152	-15959.681983	22120.470955	-2414.301326	-1002.967477	-17791.005110	62003.850878	-20092.877161	-30546.273952	6750.472695	7669.576427	-0.002164	0.971874	-0.171272	192.000000	0.000000	0.000000	0.000000	0.000000	0.000000	0.000000	0.000000	0.000000	0.000000	1741889952.421454	0.000000
166.000000	32682.966612	5620.435550	-41985.695599	-8228.973535	-25850.954753	-25640.669541	-15963.168855	22114.190115	-2416.603555	-998.519480	-17795.900142	62001.325131	-20096.095812	-30550.073749	6747.164637	7661.105116	-0.002164	0.971874	-0.171272	192.000000	0.000000	0.000000	0.000000	0.000000	0.000000	0.000000	0.000000	0.000000	0.000000	1741889952.421504	0.000000
168.000000	32683.413647	5632.170216	-41992.311715	-8226.514843	-25853.726370	-25630.991236	-15959.883149	22128.495232	-2425.745419	-992.953896	-17806.919552	61994.887828	-20103.807164	-30550.878412	6737.151055	7654.757220	-0.002164	0.971874	-0.171272	192.000000	0.000000	0.000000	0.000000	0.000000	0.000000	0.000000	0.000000	0.000000	0.000000	1741889952.421554	0.000000
170.000000	32693.337821	5642.452019	-41979.235945	-8214.668419	-25854.240460	-25620.597675	-15957.782085	22137.815909	-2413.295497	-971.250352	-17796.280121	62002.912104	-20097.280454	-30534.315769	6742.202549	7673.510334	-0.002164	0.971874	-0.171272	192.000000	0.000000	0.000000	0.000000	0.000000	0.000000	0.000000	0.000000	0.000000	0.000000	1741889952.421609	0.000000
172.000000	32680.440865	5638.763981	-41997.966707	-8222.983268	-25866.936251	-25624.531582	-15964.822884	22132.473842	-2418.928137	-964.455422	-17802.560962	62004.074395	-20102.510763	-30534.136955	6733.328907	7675.007901	-0.002082	0.971937	-0.171636	192.000000	127.500000	120.000000	15.000000	48.000000	125.000000	80.000000	0.000000	0.000000	0.000000	1741889952.421673	0.000000
174.000000	32692.667269	5648.062306	-41989.026009	-8216.613020	-25866.891547	-25619.100108	-15967.795666	22132.675008	-2422.817340	-969.775137	-17811.881639	61992.004453	-20122.761443	-30538.093214	6716.922726	7669.285854	-0.002082	0.971937	-0.171636	192.000000	0.000000	0.000000	0.000000	0.000000	0.000000	0.000000	0.000000	0.000000	0.000000	1741889952.423884	0.000000
176.000000	32685.984097	5655.907769	-41995.239794	-8213.260259	-25863.248213	-25615.009739	-15967.929777	22133.949057	-2416.849424	-952.966625	-17801.353967	62010.332884	-20112.725510	-30522.648158	6722.577718	7678.628883	-0.002082	0.971937	-0.171636	192.000000	0.000000	0.000000	0.000000	0.000000	0.000000	0.000000	0.000000	0.000000	0.000000	1741889952.423938	0.000000
178.000000	32709.676946	5671.218714	-41978.163061	-8200.676227	-25843.332808	-25599.341166	-15950.048381	22148.947078	-2415.083637	-945.299977	-17796.436584	62012.143375	-20103.561295	-30512.411059	6730.199662	7687.658988	-0.002082	0.971937	-0.171636	192.000000	0.000000	0.000000	0.000000	0.000000	0.000000	0.000000	0.000000	0.000000	0.000000	1741889952.481222	0.000000
180.000000	32708.112324	5672.693929	-41982.700465	-8204.721892	-25842.841070	-25598.223579	-15946.159178	22149.997610	-2406.031180	-942.751878	-17790.423964	62031.254116	-20101.482582	-30506.510199	6738.313346	7692.598723	-0.002082	0.971937	-0.171636	192.000000	0.000000	0.000000	0.000000	0.000000	0.000000	0.000000	0.000000	0.000000	0.000000	1741889952.481287	0.000000
182.000000	32706.167722	5663.037975	-41984.801529	-8215.070750	-25847.691399	-25605.174971	-15948.170835	22149.841148	-2405.382980	-955.760593	-17797.464764	62009.796442	-20098.442745	-30513.796868	6739.877968	7695.415043	-0.002082	0.971937	-0.171636	192.000000	0.000000	0.000000	15.000000	40.000000	125.000000	80.000000	0.000000	0.000000	0.000000	1741889952.481340	0.000000
184.000000	32712.269749	5673.230371	-41987.930773	-8212.209727	-25845.456224	-25600.749326	-15945.600384	22153.216261	-2408.892203	-966.422375	-17804.460860	62001.369834	-20111.630274	-30526.403251	6733.775942	7689.894162	-0.002082	0.971937	-0.171636	192.000000	0.000000	0.000000	0.000000	0.000000	0.000000	0.000000	0.000000	0.000000	0.000000	1741889952.481397	0.000000
186.000000	32736.610798	5696.140909	-41967.836555	-8193.747186	-25826.904276	-25587.248872	-15930.647067	22166.359087	-2387.859212	-938.259177	-17786.668871	62010.221125	-20092.631291	-30503.470362	6748.662203	7710.547174	-0.002082	0.971937	-0.171636	192.000000	0.000000	0.000000	0.000000	0.000000	0.000000	0.000000	0.000000	0.000000	0.000000	1741889952.481447	0.000000
188.000000	32720.986929	5684.830926	-41978.990075	-8206.800605	-25832.916895	-25607.343090	-15940.437131	22151.405770	-2390.742587	-940.315537	-17787.741755	62026.359084	-20093.614768	-30507.270158	6752.037317	7704.132224	-0.002082	0.971937	-0.171636	192.000000	0.000000	0.000000	0.000000	0.000000	0.000000	0.000000	0.000000	0.000000	0.000000	1741889952.481496	0.000000
190.000000	32711.308624	5679.712377	-41982.901631	-8209.616924	-25841.522317	-25617.736652	-15945.443922	22142.442720	-2400.733817	-949.055070	-17797.218895	62004.633189	-20102.778983	-30516.456725	6743.342488	7688.687168	-0.002082	0.971937	-0.171636	192.000000	0.000000	0.000000	0.000000	0.000000	0.000000	0.000000	0.000000	0.000000	0.000000	1741889952.481544	0.000000
192.000000	32711.040403	5677.298388	-41984.734474	-8208.991076	-25850.239497	-25623.525753	-15950.540119	22135.625438	-2409.741570	-954.151267	-17803.365624	62009.103538	-20114.334835	-30520.770612	6736.435799	7680.729947	-0.002041	0.969969	-0.170818	192.000000	127.500000	120.000000	15.000000	32.000000	125.000000	88.000000	0.000000	0.000000	0.000000	1741889952.541518	0.000000
194.000000	32729.748813	5696.833813	-41969.803508	-8192.808413	-25839.756529	-25616.306140	-15943.611079	22138.620572	-2392.754244	-943.869465	-17789.105211	62006.644846	-20102.711928	-30511.852266	6744.504779	7689.916514	-0.002041	0.969969	-0.170818	192.000000	0.000000	0.000000	0.000000	0.000000	0.000000	0.000000	0.000000	0.000000	0.000000	1741889952.541594	0.000000
196.000000	32740.075319	5710.915412	-41957.219476	-8179.218552	-25834.526221	-25608.505381	-15935.229175	22146.890717	-2383.031235	-932.760648	-17778.644595	62029.667143	-20102.108431	-30501.615167	6751.031488	7698.790157	-0.002041	0.969969	-0.170818	192.000000	0.000000	0.000000	0.000000	0.000000	0.000000	0.000000	0.000000	0.000000	0.000000	1741889952.541662	0.000000
198.000000	32744.612723	5719.297316	-41958.784098	-8176.648101	-25843.064587	-25606.069041	-15943.588727	22144.007342	-2374.984607	-923.439970	-17766.820522	62029.287163	-20091.200780	-30495.714306	6752.573759	7705.272163	-0.002041	0.969969	-0.170818	192.000000	0.000000	0.000000	0.000000	0.000000	0.000000	0.000000	0.000000	0.000000	0.000000	1741889952.541720	0.000000
200.000000	32747.563153	5717.442121	-41963.500317	-8178.838572	-25842.349332	-25598.603558	-15941.062980	22147.740084	-2374.984607	-919.550767	-17764.160665	62041.491215	-20096.453440	-30490.595757	6748.885721	7705.920363	-0.002041	0.969969	-0.170818	192.000000	0.000000	0.000000	0.000000	0.000000	0.000000	0.000000	0.000000	0.000000	0.000000	1741889952.541773	0.000000
202.000000	32742.981046	5714.312877	-41973.983285	-8184.605322	-25844.003361	-25594.580244	-15942.828768	22150.645810	-2384.305285	-931.978337	-17776.699993	62012.992741	-20097.995710	-30493.613242	6744.594186	7703.931058	-0.000020	0.968984	-0.167409	192.000000	0.000000	8.000000	15.000000	32.000000	125.000000	112.000000	0.000000	0.000000	0.000000	1741889952.541826	0.000000
204.000000	32739.360063	5701.795900	-41978.744206	-8198.016369	-25848.026675	-25606.672538	-15950.830692	22140.274601	-2381.220744	-936.895721	-17780.879769	62016.524317	-20104.477716	-30497.033059	6741.688459	7701.092386	-0.000020	0.968984	-0.167409	192.000000	0.000000	0.000000	0.000000	0.000000	0.000000	0.000000	0.000000	0.000000	0.000000	1741889952.541882	0.000000
206.000000	32754.045159	5721.845415	-41965.757843	-8181.364319	-25827.552477	-25590.467523	-15932.278744	22158.535976	-2386.428700	-938.080363	-17783.472572	61999.112308	-20093.100678	-30501.391649	6745.197683	7700.198317	-0.000020	0.968984	-0.167409	192.000000	0.000000	0.000000	0.000000	0.000000	0.000000	0.000000	0.000000	0.000000	0.000000	1741889952.541934	0.000000
208.000000	32759.588392	5722.381857	-41956.727738	-8178.369186	-25827.843050	-25590.199302	-15932.658724	22158.804197	-2361.282988	-917.002668	-17762.305470	62027.588430	-20084.495256	-30483.219681	6763.235541	7717.744436	-0.000020	0.968984	-0.167409	192.000000	0.000000	0.000000	0.000000	0.000000	0.000000	0.000000	0.000000	0.000000	0.000000	1741889952.601623	0.000000
210.000000	32748.837203	5719.587889	-41965.713139	-8177.564523	-25832.223991	-25587.003003	-15933.239869	22160.324116	-2381.354854	-931.799523	-17779.784534	62012.478651	-20098.576855	-30497.278928	6748.483389	7706.076825	-0.000020	0.968984	-0.167409	192.000000	0.000000	0.000000	0.000000	0.000000	0.000000	0.000000	0.000000	0.000000	0.000000	1741889952.601679	0.000000
212.000000	32751.452357	5713.798787	-41960.773404	-8179.598532	-25844.405692	-25594.759058	-15943.924003	22148.611802	-2377.085671	-925.652793	-17773.928377	62021.307590	-20094.821762	-30489.321707	6754.697174	7714.078750	-0.000020	0.968984	-0.167409	192.000000	0.000000	0.000000	15.000000	48.000000	125.000000	104.000000	0.000000	0.000000	0.000000	1741889952.601728	0.000000
214.000000	32759.633095	5728.439179	-41959.208782	-8168.735584	-25838.795404	-25588.612329	-15938.559584	22152.433950	-2376.526877	-922.009459	-17775.224778	62013.350369	-20095.581722	-30486.505388	6751.925558	7712.223555	-0.000020	0.968984	-0.167409	192.000000	0.000000	0.000000	0.000000	0.000000	0.000000	0.000000	0.000000	0.000000	0.000000	1741889952.601778	0.000000
216.000000	32769.959601	5727.589813	-41940.679185	-8166.679223	-25828.804175	-25590.556930	-15929.171852	22153.149206	-2362.624092	-913.158168	-17761.858435	62022.581640	-20088.384460	-30475.664792	6762.386174	7717.543270	-0.000020	0.968984	-0.167409	192.000000	0.000000	0.000000	0.000000	0.000000	0.000000	0.000000	0.000000	0.000000	0.000000	1741889952.601839	0.000000
218.000000	32754.089863	5719.587889	-41952.838534	-8174.524686	-25833.542744	-25601.822210	-15934.491567	22141.772168	-2365.708633	-926.412752	-17760.785551	62019.742968	-20080.427239	-30485.521911	6770.186933	7713.475253	-0.000020	0.968984	-0.167409	192.000000	0.000000	0.000000	0.000000	0.000000	0.000000	0.000000	0.000000	0.000000	0.000000	1741889952.601910	0.000000
220.000000	32760.773034	5719.476130	-41950.491601	-8178.503296	-25839.801233	-25605.756117	-15945.108646	22133.591429	-2368.994340	-930.838398	-17765.837045	62014.423253	-20093.972396	-30492.607414	6761.737974	7701.628828	-0.000020	0.968984	-0.167409	192.000000	0.000000	0.000000	0.000000	0.000000	0.000000	0.000000	0.000000	0.000000	0.000000	1741889952.601963	0.000000
222.000000	32749.351293	5716.056313	-41963.813241	-8186.728738	-25844.651561	-25610.114707	-15949.288422	22128.450528	-2369.039043	-932.447723	-17768.988641	62014.289142	-20090.329062	-30493.814408	6755.099506	7696.242058	0.000990	0.968492	-0.165704	192.000000	0.000000	8.000000	15.000000	32.000000	125.000000	112.000000	0.000000	0.000000	0.000000	1741889952.662058	0.000000
224.000000	32738.398938	5696.006798	-41974.027988	-8205.124224	-25856.006248	-25624.956265	-15962.498303	22113.072528	-2379.253790	-952.407831	-17782.131467	61991.780936	-20098.018062	-30507.113696	6741.800218	7683.322750	0.000990	0.968492	-0.165704	192.000000	0.000000	0.000000	0.000000	0.000000	0.000000	0.000000	0.000000	0.000000	0.000000	1741889952.662157	0.000000
226.000000	32731.536952	5689.681255	-41981.337009	-8206.711198	-25855.827434	-25622.341111	-15961.112495	22115.575923	-2392.597782	-967.204686	-17796.369528	61981.141505	-20103.427184	-30516.456725	6730.937270	7672.258636	0.000990	0.968492	-0.165704	192.000000	0.000000	0.000000	0.000000	0.000000	0.000000	0.000000	0.000000	0.000000	0.000000	1741889952.662213	0.000000
228.000000	32751.094729	5706.333304	-41965.690788	-8194.797718	-25847.132605	-25609.846486	-15957.133884	22125.075415	-2380.796061	-957.749898	-17788.121735	61975.732383	-20100.789678	-30505.347908	6731.965450	7679.053566	0.000990	0.968492	-0.165704	192.000000	0.000000	0.000000	0.000000	0.000000	0.000000	0.000000	0.000000	0.000000	0.000000	1741889952.662269	0.000000
230.000000	32753.642828	5711.965944	-41970.094081	-8193.523668	-25849.636000	-25611.791088	-15958.005602	22125.813022	-2375.051662	-941.097849	-17775.247130	61995.267808	-20085.791658	-30496.787190	6738.156883	7685.893200	0.000990	0.968492	-0.165704	192.000000	0.000000	0.000000	0.000000	0.000000	0.000000	0.000000	0.000000	0.000000	0.000000	1741889952.662319	0.000000
232.000000	32751.944095	5701.281810	-41976.017293	-8208.231116	-25863.494082	-25629.828945	-15972.310719	22112.737252	-2378.449127	-952.273721	-17778.354022	61977.162895	-20101.527286	-30509.013594	6726.623383	7677.757165	0.001495	0.972246	-0.165852	192.000000	0.000000	8.000000	15.000000	64.000000	125.000000	104.000000	0.000000	0.000000	0.000000	1741889952.662369	0.000000
234.000000	32741.058796	5699.896002	-41979.727683	-8213.439073	-25867.517396	-25635.081605	-15978.569207	22107.596351	-2388.730930	-962.957855	-17789.261674	61973.877188	-20112.725510	-30523.497525	6719.873157	7666.827162	0.001495	0.972246	-0.165852	192.000000	0.000000	0.000000	0.000000	0.000000	0.000000	0.000000	0.000000	0.000000	0.000000	1741889952.662424	0.000000
236.000000	32763.030560	5721.957174	-41956.303055	-8190.595590	-25846.104425	-25611.120535	-15957.357402	22130.998627	-2379.544363	-949.412697	-17781.080935	61968.624528	-20101.616693	-30513.148667	6733.373610	7681.646369	0.001495	0.972246	-0.165852	192.000000	0.000000	0.000000	0.000000	0.000000	0.000000	0.000000	0.000000	0.000000	0.000000	1741889952.662475	0.000000
238.000000	32751.184136	5711.898889	-41974.251506	-8204.163099	-25864.097579	-25626.453832	-15974.054155	22113.921894	-2371.989473	-938.549750	-17773.861322	61997.011244	-20091.647815	-30500.497580	6741.844921	7692.442261	0.001495	0.972246	-0.165852	192.000000	0.000000	0.000000	0.000000	0.000000	0.000000	0.000000	0.000000	0.000000	0.000000	1741889952.722879	0.000000
240.000000	32770.831319	5732.909528	-41953.330273	-8186.661683	-25844.316285	-25608.527733	-15953.088218	22129.277543	-2370.961293	-943.869465	-17775.492999	61979.755697	-20099.694443	-30507.650138	6737.084000	7687.189601	0.001495	0.972246	-0.165852	192.000000	0.000000	0.000000	0.000000	0.000000	0.000000	0.000000	0.000000	0.000000	0.000000	1741889952.722967	0.000000
242.000000	32759.744854	5719.096150	-41967.858907	-8200.452709	-25858.867271	-25619.860067	-15965.247567	22119.666293	-2359.763069	-931.821875	-17763.803037	62004.409671	-20090.619634	-30493.859112	6746.494084	7695.571505	0.003747	0.969123	-0.165926	192.000000	0.000000	24.000000	15.000000	24.000000	125.000000	104.000000	0.000000	0.000000	0.000000	1741889952.723025	0.000000
244.000000	32756.727368	5717.419769	-41970.250543	-8201.100910	-25857.123835	-25618.116631	-15961.045439	22122.572019	-2373.263523	-946.171695	-17778.845761	61971.999642	-20092.810105	-30505.303205	6734.580604	7683.054529	0.003747	0.969123	-0.165926	192.000000	0.000000	0.000000	0.000000	0.000000	0.000000	0.000000	0.000000	0.000000	0.000000	1741889952.723080	0.000000
246.000000	32748.166650	5706.959153	-41979.146538	-8208.476986	-25872.054800	-25627.951399	-15976.468143	22110.725595	-2375.208125	-949.211532	-17784.321938	61984.203694	-20108.031643	-30509.706498	6731.719581	7681.087575	0.003747	0.969123	-0.165926	192.000000	0.000000	0.000000	0.000000	0.000000	0.000000	0.000000	0.000000	0.000000	0.000000	1741889952.723134	0.000000
248.000000	32760.236592	5715.229298	-41973.938581	-8201.302076	-25862.085922	-25618.541314	-15964.644070	22119.241609	-2379.522011	-953.570122	-17788.479363	61969.742116	-20108.568085	-30514.668586	6729.037372	7678.137145	0.003747	0.969123	-0.165926	192.000000	0.000000	0.000000	0.000000	0.000000	0.000000	0.000000	0.000000	0.000000	0.000000	1741889952.723187	0.000000
250.000000	32763.119967	5716.212775	-41965.422567	-8203.201974	-25853.681666	-25615.948512	-15955.993945	22129.210488	-2376.593933	-946.641081	-17783.539627	61978.995738	-20098.107469	-30507.896007	6734.334735	7682.898066	0.003747	0.969123	-0.165926	192.000000	0.000000	0.000000	0.000000	0.000000	0.000000	0.000000	0.000000	0.000000	0.000000	1741889952.723245	0.000000
252.000000	32764.751645	5722.448912	-41955.900723	-8194.440090	-25846.797329	-25607.432497	-15951.389486	22134.932534	-2366.155668	-942.126029	-17772.028479	61975.106534	-20088.071536	-30503.246844	6743.856578	7692.375206	0.003874	0.965562	-0.168963	192.000000	0.000000	16.000000	15.000000	8.000000	125.000000	80.000000	0.000000	0.000000	0.000000	1741889952.781743	0.000000
254.000000	32759.163709	5703.874612	-41954.224343	-8205.146576	-25851.446492	-25622.341111	-15959.056134	22122.951999	-2367.340310	-950.127953	-17771.737906	61982.594369	-20087.199818	-30509.527684	6743.744820	7686.563752	0.003874	0.965562	-0.168963	192.000000	0.000000	0.000000	0.000000	0.000000	0.000000	0.000000	0.000000	0.000000	0.000000	1741889952.781804	0.000000
0.000000	32756.280334	5710.982467	-41957.800622	-8195.535325	-25851.111215	-25615.948512	-15954.786951	22129.344598	-2372.861191	-956.542904	-17773.548397	61966.679927	-20088.272701	-30516.814353	6740.302651	7685.222648	0.003874	0.965562	-0.168963	192.000000	0.000000	0.000000	0.000000	0.000000	0.000000	0.000000	0.000000	0.000000	0.000000	1741889952.781854	0.000000
2.000000	32758.448453	5708.367313	-41959.834630	-8194.797718	-25859.940155	-25616.574361	-15956.597442	22129.679874	-2375.811622	-949.099773	-17775.604758	61980.515657	-20091.647815	-30508.499504	6739.118009	7694.208049	0.003874	0.965562	-0.168963	192.000000	0.000000	0.000000	0.000000	0.000000	0.000000	0.000000	0.000000	0.000000	0.000000	1741889952.781905	0.000000
4.000000	32767.500909	5716.928031	-41965.087290	-8190.282666	-25853.704018	-25617.580189	-15954.943413	22124.717787	-2373.174116	-948.786849	-17773.704859	61977.073488	-20099.359167	-30510.287644	6739.229767	7694.140994	0.003874	0.965562	-0.168963	192.000000	0.000000	0.000000	0.000000	0.000000	0.000000	0.000000	0.000000	0.000000	0.000000	1741889952.781969	0.000000
6.000000	32772.418293	5718.984392	-41960.974569	-8193.434261	-25855.067474	-25619.122460	-15958.095009	22121.119156	-2365.909799	-944.741183	-17773.771915	61980.649767	-20095.916998	-30510.287644	6738.268642	7686.273180	0.002937	0.968781	-0.171482	192.000000	0.000000	8.000000	15.000000	48.000000	125.000000	72.000000	0.000000	0.000000	0.000000	1741889952.782025	0.000000
8.000000	32759.051950	5719.833758	-41968.752977	-8192.383730	-25858.219070	-25616.954341	-15959.503169	22124.337807	-2371.542438	-936.135761	-17769.279214	61986.327110	-20095.291149	-30500.564635	6742.493122	7693.358683	0.002937	0.968781	-0.171482	192.000000	0.000000	0.000000	0.000000	0.000000	0.000000	0.000000	0.000000	0.000000	0.000000	1741889952.782091	0.000000
10.000000	32767.433854	5720.616069	-41960.549886	-8192.584895	-25863.181157	-25619.614198	-15966.365155	22121.812060	-2373.978779	-938.572101	-17770.910891	61986.282407	-20096.967530	-30504.230321	6735.854654	7688.776575	0.002937	0.968781	-0.171482	192.000000	0.000000	0.000000	0.000000	0.000000	0.000000	0.000000	0.000000	0.000000	0.000000	1741889952.782143	0.000000
12.000000	32768.104406	5719.811406	-41966.249581	-8196.317637	-25864.365800	-25623.704567	-15969.226178	22115.464165	-2374.515220	-942.081325	-17770.217987	61987.176476	-20099.023890	-30509.438277	6730.445532	7683.948598	0.002937	0.968781	-0.171482	192.000000	0.000000	0.000000	0.000000	0.000000	0.000000	0.000000	0.000000	0.000000	0.000000	1741889952.842486	0.000000
14.000000	32765.980991	5710.155453	-41962.718006	-8207.292343	-25867.226823	-25632.309989	-15972.511884	22110.457374	-2371.073052	-945.590549	-17770.665022	61976.648805	-20088.406812	-30513.819219	6732.054857	7679.969988	0.002937	0.968781	-0.171482	192.000000	0.000000	0.000000	0.000000	0.000000	0.000000	0.000000	0.000000	0.000000	0.000000	1741889952.842555	0.000000
16.000000	32765.601011	5720.169034	-41960.147555	-8192.719006	-25864.745780	-25620.687082	-15968.242701	22115.508868	-2383.299456	-952.273721	-17780.388031	61967.663403	-20102.443707	-30522.290530	6729.171482	7674.538514	0.002937	0.968781	-0.171482	192.000000	0.000000	0.000000	15.000000	32.000000	125.000000	72.000000	0.000000	0.000000	0.000000	1741889952.842610	0.000000
18.000000	32790.366744	5739.100962	-41933.168999	-8174.994072	-25842.259925	-25600.659919	-15944.192224	22137.212412	-2362.422927	-929.966680	-17756.985755	61979.219255	-20088.563274	-30499.022364	6750.182122	7699.505413	0.002937	0.968781	-0.171482	192.000000	0.000000	0.000000	0.000000	0.000000	0.000000	0.000000	0.000000	0.000000	0.000000	1741889952.842661	0.000000
20.000000	32783.884738	5741.917281	-41943.897837	-8177.452764	-25851.021809	-25606.694890	-15950.428361	22129.635171	-2355.315072	-926.591566	-17749.609679	61996.698320	-20079.242597	-30495.043754	6756.887645	7705.093349	0.002937	0.968781	-0.171482	192.000000	0.000000	0.000000	0.000000	0.000000	0.000000	0.000000	0.000000	0.000000	0.000000	1741889952.842710	0.000000
22.000000	32792.534863	5743.817180	-41941.148572	-8170.523723	-25850.842995	-25598.000061	-15943.409913	22139.045255	-2364.300473	-924.669316	-17753.074199	61987.288235	-20091.647815	-30497.122466	6748.975128	7703.126395	0.002937	0.968781	-0.171482	192.000000	0.000000	0.000000	0.000000	0.000000	0.000000	0.000000	0.000000	0.000000	0.000000	1741889952.842758	0.000000
24.000000	32790.836130	5750.433296	-41950.156325	-8169.272026	-25861.437721	-25594.669651	-15957.916195	22136.251287	-2362.467630	-916.779151	-17752.761275	62001.191020	-20094.240617	-30487.153588	6753.758401	7708.244945	0.002937	0.968781	-0.171482	192.000000	0.000000	0.000000	0.000000	0.000000	0.000000	0.000000	0.000000	0.000000	0.000000	1741889952.842812	0.000000
26.000000	32804.358936	5760.268064	-41939.472191	-8158.476133	-25852.742893	-25578.263471	-15944.974535	22153.618592	-2357.684357	-904.843319	-17750.436693	61996.743023	-20085.925768	-30471.619126	6759.212227	7719.711390	0.002937	0.968781	-0.171482	192.000000	0.000000	0.000000	15.000000	48.000000	125.000000	88.000000	0.000000	0.000000	0.000000	1741889952.842869	0.000000
28.000000	32800.089753	5761.855037	-41944.769555	-8162.611206	-25858.330829	-25583.694945	-15957.133884	22142.800348	-2349.861246	-898.338961	-17747.173339	62011.003436	-20085.411678	-30464.108940	6760.218055	7719.443169	0.002937	0.968781	-0.171482	192.000000	0.000000	0.000000	0.000000	0.000000	0.000000	0.000000	0.000000	0.000000	0.000000	1741889952.902744	0.000000
30.000000	32785.225843	5742.297261	-41951.408023	-8177.519819	-25862.331791	-25603.275073	-15967.303928	22125.321284	-2367.228552	-911.459435	-17759.444446	61982.683776	-20092.385422	-30478.145835	6746.963471	7704.802776	0.002937	0.968781	-0.171482	192.000000	0.000000	0.000000	0.000000	0.000000	0.000000	0.000000	0.000000	0.000000	0.000000	1741889952.902815	0.000000
32.000000	32791.193758	5743.861883	-41943.271988	-8173.630616	-25851.781768	-25600.726974	-15958.922024	22128.562287	-2365.596874	-924.915186	-17761.724324	61978.481648	-20091.021966	-30489.835798	6745.935291	7695.504450	0.002937	0.968781	-0.171482	192.000000	0.000000	0.000000	0.000000	0.000000	0.000000	0.000000	0.000000	0.000000	0.000000	1741889952.902871	0.000000
34.000000	32777.961526	5723.968831	-41958.202953	-8191.020273	-25870.825454	-25623.279884	-15976.557550	22106.389356	-2367.787345	-928.647927	-17762.998374	61964.645918	-20087.244521	-30497.100114	6743.074267	7695.258581	0.002937	0.968781	-0.171482	192.000000	0.000000	0.000000	0.000000	0.000000	0.000000	0.000000	0.000000	0.000000	0.000000	1741889952.902926	0.000000
36.000000	32785.605822	5735.859959	-41947.608226	-8181.118450	-25861.907108	-25614.473297	-15965.582843	22118.034615	-2377.979741	-937.320404	-17771.067354	61969.719764	-20096.766364	-30508.320690	6733.440665	7683.590970	0.002937	0.968781	-0.171482	192.000000	0.000000	0.000000	15.000000	56.000000	125.000000	96.000000	0.000000	0.000000	0.000000	1741889952.902977	0.000000
38.000000	32779.414389	5722.180691	-41960.639293	-8194.060110	-25875.139341	-25627.392605	-15976.177570	22110.367967	-2371.162459	-934.369973	-17761.657269	61964.332994	-20096.408736	-30505.437315	6739.296822	7690.654122	0.002937	0.968781	-0.171482	192.000000	0.000000	0.000000	0.000000	0.000000	0.000000	0.000000	0.000000	0.000000	0.000000	1741889952.903035	0.000000
40.000000	32787.997459	5731.255499	-41964.126165	-8189.299189	-25874.066457	-25622.251704	-15969.404992	22113.608970	-2382.517145	-947.266930	-17773.749563	61966.121133	-20112.725510	-30517.909589	6723.024753	7677.555999	0.002937	0.968781	-0.171482	192.000000	0.000000	0.000000	0.000000	0.000000	0.000000	0.000000	0.000000	0.000000	0.000000	1741889952.903084	0.000000
42.000000	32781.716619	5730.853168	-41967.545982	-8188.516878	-25871.563062	-25618.787184	-15966.499265	22118.258133	-2378.851459	-940.047317	-17773.079011	61961.091991	-20107.562257	-30513.998033	6725.908128	7683.635674	0.002937	0.968781	-0.171482	192.000000	0.000000	0.000000	0.000000	0.000000	0.000000	0.000000	0.000000	0.000000	0.000000	1741889952.963044	0.000000
44.000000	32795.127665	5738.676278	-41960.035796	-8186.907552	-25867.830320	-25615.054442	-15962.565358	22121.208563	-2373.151764	-931.799523	-17770.486208	61976.425287	-20101.460231	-30505.884350	6733.954756	7691.727005	0.002937	0.968781	-0.171482	192.000000	0.000000	0.000000	0.000000	0.000000	0.000000	0.000000	0.000000	0.000000	0.000000	1741889952.963147	0.000000
46.000000	32798.972165	5749.472171	-41954.537267	-8179.553828	-25864.008172	-25607.879532	-15959.480817	22127.578810	-2370.827183	-930.167846	-17766.999336	61970.278558	-20098.286283	-30506.689013	6733.887700	7691.928171	0.002937	0.968781	-0.171482	192.000000	0.000000	0.000000	15.000000	48.000000	125.000000	96.000000	0.000000	0.000000	0.000000	1741889952.963197	0.000000
48.000000	32802.079058	5746.946424	-41947.608226	-8176.379880	-25863.292916	-25609.108878	-15956.820960	22125.678912	-2362.132354	-919.304898	-17756.650478	61984.874247	-20093.458306	-30496.384859	6745.622366	7704.467500	0.002937	0.968781	-0.171482	192.000000	0.000000	0.000000	0.000000	0.000000	0.000000	0.000000	0.000000	0.000000	0.000000	1741889952.963260	0.000000
50.000000	32803.666032	5753.249616	-41945.864790	-8172.937712	-25856.855614	-25605.867875	-15951.501244	22125.678912	-2366.669758	-916.913261	-17760.718496	61975.508866	-20091.759573	-30496.787190	6747.902244	7703.551078	0.002937	0.968781	-0.171482	192.000000	0.000000	0.000000	0.000000	0.000000	0.000000	0.000000	0.000000	0.000000	0.000000	1741889952.963320	0.000000
52.000000	32808.494009	5749.092191	-41941.059165	-8175.061128	-25858.777864	-25606.739593	-15956.820960	22122.773185	-2362.534685	-920.131912	-17758.013935	61981.476782	-20081.008384	-30498.128295	6751.769096	7702.768767	0.002937	0.968781	-0.171482	192.000000	0.000000	0.000000	0.000000	0.000000	0.000000	0.000000	0.000000	0.000000	0.000000	1741889952.963382	0.000000
54.000000	32812.740840	5764.403136	-41934.420697	-8163.192351	-25843.332808	-25594.334375	-15940.459483	22136.877136	-2357.170267	-909.604241	-17749.050885	61981.655595	-20084.383498	-30489.679335	6756.239445	7710.256602	0.002937	0.968781	-0.171482	192.000000	0.000000	0.000000	0.000000	0.000000	0.000000	0.000000	0.000000	0.000000	0.000000	1741889952.963438	0.000000
56.000000	32816.741802	5757.138819	-41933.750145	-8171.350738	-25851.044160	-25603.699756	-15951.367134	22125.321284	-2354.957444	-910.386552	-17745.116978	61987.914084	-20075.867483	-30490.036963	6758.653433	7708.580221	0.002937	0.968781	-0.171482	192.000000	0.000000	0.000000	15.000000	24.000000	125.000000	112.000000	0.000000	0.000000	0.000000	1741889952.963490	0.000000
58.000000	32795.284128	5743.727773	-41950.759822	-8181.833706	-25862.376495	-25612.238122	-15957.536215	22119.979217	-2361.551209	-917.874386	-17753.409475	61978.794572	-20083.288262	-30497.480094	6751.612634	7701.047683	0.002937	0.968781	-0.171482	192.000000	0.000000	0.000000	0.000000	0.000000	0.000000	0.000000	0.000000	0.000000	0.000000	1741889953.023262	0.000000
60.000000	32800.693250	5742.319613	-41948.792869	-8184.538267	-25867.495044	-25613.266303	-15963.682945	22118.705168	-2373.330578	-926.949194	-17760.919662	61963.908310	-20094.084155	-30505.593777	6743.767171	7694.677436	0.002937	0.968781	-0.171482	192.000000	0.000000	0.000000	0.000000	0.000000	0.000000	0.000000	0.000000	0.000000	0.000000	1741889953.023370	0.000000
62.000000	32797.452247	5749.271005	-41955.051357	-8178.525648	-25857.772035	-25605.756117	-15952.730590	22129.255191	-2375.744566	-924.624613	-17763.847740	61963.863607	-20093.972396	-30503.425658	6742.090791	7695.325636	0.002937	0.968781	-0.171482	192.000000	0.000000	0.000000	0.000000	0.000000	0.000000	0.000000	0.000000	0.000000	0.000000	1741889953.023419	0.000000
64.000000	32814.774849	5760.156305	-41943.182581	-8173.071822	-25853.994591	-25598.380041	-15949.757808	22137.413578	-2364.054604	-907.145549	-17753.990621	61973.787781	-20079.466114	-30491.735696	6751.567930	7710.211898	0.002937	0.968781	-0.171482	192.000000	0.000000	0.000000	0.000000	0.000000	0.000000	0.000000	0.000000	0.000000	0.000000	1741889953.023469	0.000000
66.000000	32796.267604	5748.131066	-41961.980398	-8187.421642	-25858.733160	-25608.304215	-15953.088218	22130.640999	-2374.492869	-912.778188	-17762.573691	61968.535122	-20096.252274	-30497.591853	6742.604881	7704.579259	0.002937	0.968781	-0.171482	192.000000	0.000000	0.000000	15.000000	32.000000	125.000000	96.000000	0.000000	0.000000	0.000000	1741889953.023520	0.000000
68.000000	32810.706831	5752.847284	-41947.742337	-8179.330311	-25847.803157	-25600.726974	-15945.734494	22138.285296	-2374.470517	-908.106674	-17763.914795	61951.883072	-20092.430126	-30499.424696	6743.498950	7704.288686	0.002937	0.968781	-0.171482	192.000000	0.000000	0.000000	0.000000	0.000000	0.000000	0.000000	0.000000	0.000000	0.000000	1741889953.023575	0.000000
70.000000	32795.395886	5743.772476	-41960.259314	-8192.204916	-25858.688457	-25609.891189	-15960.643108	22130.417482	-2380.416081	-907.592584	-17767.714592	61955.347592	-20093.994748	-30503.582120	6738.760381	7699.863040	0.002937	0.968781	-0.171482	192.000000	0.000000	0.000000	0.000000	0.000000	0.000000	0.000000	0.000000	0.000000	0.000000	1741889953.023631	0.000000
72.000000	32809.432782	5753.607244	-41942.690842	-8181.498430	-25843.176346	-25598.625910	-15945.890957	22143.225031	-2365.038081	-903.256345	-17759.422095	61939.947240	-20086.953948	-30502.330423	6739.542692	7704.221631	0.002937	0.968781	-0.171482	192.000000	0.000000	0.000000	0.000000	0.000000	0.000000	0.000000	0.000000	0.000000	0.000000	1741889953.082714	0.000000
74.000000	32802.168465	5754.456610	-41945.373052	-8183.219514	-25842.192869	-25600.771678	-15946.025067	22142.308610	-2361.707671	-896.930802	-17754.862339	61955.660517	-20069.988974	-30492.875635	6751.992613	7713.475253	0.002937	0.968781	-0.171482	192.000000	0.000000	0.000000	0.000000	0.000000	0.000000	0.000000	0.000000	0.000000	0.000000	1741889953.082811	0.000000
76.000000	32799.173331	5751.483828	-41948.189372	-8184.560619	-25844.673913	-25603.967977	-15951.233024	22141.369836	-2362.959369	-907.883156	-17759.556205	61935.432188	-20086.462210	-30498.865902	6745.130628	7711.709465	0.000468	0.971390	-0.172741	192.000000	127.500000	120.000000	15.000000	56.000000	125.000000	72.000000	0.000000	0.000000	0.000000	1741889953.082873	0.000000
78.000000	32796.804046	5749.338061	-41950.782174	-8183.532439	-25840.963524	-25598.625910	-15946.717971	22145.281392	-2364.076956	-908.911337	-17766.641708	61943.858796	-20085.881065	-30500.341117	6743.633061	7711.418892	0.000468	0.971390	-0.172741	192.000000	0.000000	0.000000	0.000000	0.000000	0.000000	0.000000	0.000000	0.000000	0.000000	1741889953.082933	0.000000
80.000000	32806.102372	5754.948348	-41949.441069	-8183.197163	-25839.980047	-25594.848465	-15944.460445	22146.980124	-2355.672700	-901.155281	-17762.953670	61942.048304	-20078.080306	-30490.886330	6750.360936	7718.347933	0.000468	0.971390	-0.172741	192.000000	0.000000	0.000000	0.000000	0.000000	0.000000	0.000000	0.000000	0.000000	0.000000	1741889953.082987	0.000000
82.000000	32794.680631	5742.744296	-41960.304017	-8192.897820	-25846.394997	-25602.179837	-15945.175701	22143.314438	-2361.327691	-907.994915	-17771.894368	61949.670249	-20088.518570	-30496.161341	6745.085924	7710.010732	0.000468	0.971390	-0.172741	192.000000	0.000000	0.000000	0.000000	0.000000	0.000000	0.000000	0.000000	0.000000	0.000000	1741889953.083041	0.000000
84.000000	32796.938157	5747.214645	-41954.179639	-8183.823011	-25843.422215	-25596.167218	-15941.040628	22147.404807	-2360.724194	-909.850110	-17771.424982	61931.945316	-20087.579797	-30494.239091	6743.096619	7714.637544	0.000468	0.971390	-0.172741	192.000000	0.000000	0.000000	0.000000	0.000000	0.000000	0.000000	0.000000	0.000000	0.000000	1741889953.083091	0.000000
86.000000	32800.983822	5750.388593	-41945.350700	-8179.978511	-25843.221050	-25599.698794	-15945.734494	22141.973334	-2354.555113	-905.960906	-17764.272423	61945.289307	-20076.940367	-30490.372239	6748.639852	7718.035009	0.002234	0.973695	-0.170370	192.000000	0.000000	16.000000	15.000000	64.000000	125.000000	96.000000	0.000000	0.000000	0.000000	1741889953.083142	0.000000
88.000000	32803.107238	5752.959043	-41945.685976	-8178.659758	-25840.494137	-25598.715317	-15942.202919	22142.867403	-2357.930226	-911.012401	-17766.373487	61930.313638	-20091.983091	-30494.931995	6743.945985	7711.418892	0.002234	0.973695	-0.170370	192.000000	0.000000	0.000000	0.000000	0.000000	0.000000	0.000000	0.000000	0.000000	0.000000	1741889953.142474	0.000000
90.000000	32799.687421	5743.571310	-41949.731642	-8184.337101	-25845.143300	-25607.901884	-15946.181529	22136.340694	-2356.432659	-910.498310	-17763.624223	61940.774255	-20088.518570	-30493.814408	6750.182122	7714.034046	0.002234	0.973695	-0.170370	192.000000	0.000000	0.000000	0.000000	0.000000	0.000000	0.000000	0.000000	0.000000	0.000000	1741889953.142533	0.000000
92.000000	32790.031468	5746.074706	-41959.052319	-8182.347796	-25849.971277	-25607.588960	-15946.941489	22135.871307	-2365.239247	-910.699476	-17772.229644	61927.609077	-20096.364033	-30498.798847	6740.772038	7710.055436	0.002234	0.973695	-0.170370	192.000000	0.000000	0.000000	0.000000	0.000000	0.000000	0.000000	0.000000	0.000000	0.000000	1741889953.142596	0.000000
94.000000	32793.607747	5743.683069	-41953.710252	-8181.140802	-25846.707922	-25606.717242	-15944.706314	22138.151185	-2368.368491	-910.118331	-17774.062487	61939.433150	-20097.928655	-30496.004879	6740.369706	7709.831918	0.002234	0.973695	-0.170370	192.000000	0.000000	0.000000	0.000000	0.000000	0.000000	0.000000	0.000000	0.000000	0.000000	1741889953.142657	0.000000
96.000000	32794.367706	5748.488694	-41952.458555	-8176.961026	-25841.768186	-25601.308119	-15938.894861	22141.638057	-2352.230531	-904.150415	-17762.774856	61938.069694	-20083.489428	-30490.931033	6751.210302	7718.392637	0.000117	0.970848	-0.169185	192.000000	127.500000	120.000000	15.000000	32.000000	125.000000	96.000000	0.000000	0.000000	0.000000	1741889953.142717	0.000000
98.000000	32784.801159	5732.462493	-41959.208782	-8192.406081	-25849.703056	-25612.036957	-15945.488625	22130.506889	-2364.434584	-917.762627	-17776.252958	61933.688752	-20085.344623	-30500.162303	6741.733163	7705.629791	0.000117	0.970848	-0.169185	192.000000	0.000000	0.000000	0.000000	0.000000	0.000000	0.000000	0.000000	0.000000	0.000000	1741889953.142778	0.000000
100.000000	32780.576680	5733.825950	-41963.165040	-8187.265180	-25844.092768	-25602.559817	-15939.520709	22140.900450	-2365.462764	-923.283508	-17783.584331	61912.968685	-20091.938387	-30503.090382	6738.939195	7705.160404	0.000117	0.970848	-0.169185	192.000000	0.000000	0.000000	0.000000	0.000000	0.000000	0.000000	0.000000	0.000000	0.000000	1741889953.142828	0.000000
102.000000	32780.576680	5726.606336	-41964.752014	-8188.047491	-25853.234631	-25604.794992	-15948.483759	22136.787729	-2366.490944	-919.908395	-17780.656252	61920.724740	-20096.453440	-30496.116638	6741.666107	7711.418892	0.000117	0.970848	-0.169185	192.000000	0.000000	0.000000	0.000000	0.000000	0.000000	0.000000	0.000000	0.000000	0.000000	1741889953.202726	0.000000
104.000000	32782.767151	5739.100962	-41957.442994	-8172.691843	-25841.075282	-25589.037012	-15934.469215	22151.204604	-2369.709595	-913.918127	-17783.561979	61914.957990	-20093.838286	-30489.522873	6741.733163	7718.593802	0.000117	0.970848	-0.169185	192.000000	0.000000	0.000000	0.000000	0.000000	0.000000	0.000000	0.000000	0.000000	0.000000	1741889953.202786	0.000000
106.000000	32781.224880	5726.136950	-41955.878372	-8188.315712	-25852.519375	-25609.667672	-15950.741285	22133.479671	-2362.467630	-917.516758	-17774.822447	61921.842327	-20090.798448	-30491.020440	6745.018869	7719.599631	0.001059	0.969424	-0.169593	192.000000	0.000000	8.000000	15.000000	32.000000	125.000000	88.000000	0.000000	0.000000	0.000000	1741889953.202850	0.000000
108.000000	32790.567910	5739.480941	-41946.043604	-8171.551904	-25841.768186	-25596.413087	-15940.794759	22142.219203	-2361.685319	-925.138703	-17773.481342	61914.175679	-20090.150248	-30501.592815	6739.453285	7709.630753	0.001059	0.969424	-0.169593	192.000000	0.000000	0.000000	0.000000	0.000000	0.000000	0.000000	0.000000	0.000000	0.000000	1741889953.202902	0.000000
110.000000	32809.790410	5749.136895	-41932.409040	-8164.756973	-25836.336712	-25593.127381	-15930.557660	22147.494214	-2340.205293	-895.656752	-17747.083932	61936.013333	-20068.245538	-30476.648268	6764.531942	7733.122436	0.001059	0.969424	-0.169593	192.000000	0.000000	0.000000	0.000000	0.000000	0.000000	0.000000	0.000000	0.000000	0.000000	1741889953.202952	0.000000
112.000000	32792.892491	5743.995994	-41943.607264	-8166.790982	-25840.404730	-25595.071983	-15934.871547	22143.761473	-2350.867075	-903.904546	-17757.164569	61934.359304	-20087.892722	-30482.862053	6757.804067	7727.892128	0.001059	0.969424	-0.169593	192.000000	0.000000	0.000000	0.000000	0.000000	0.000000	0.000000	0.000000	0.000000	0.000000	1741889953.203006	0.000000
114.000000	32799.262738	5749.248654	-41935.135953	-8157.939691	-25835.375587	-25592.546236	-15928.613058	22146.242517	-2362.065299	-916.443874	-17766.127618	61926.692656	-20090.194951	-30489.589928	6755.144209	7724.829939	0.001059	0.969424	-0.169593	192.000000	0.000000	0.000000	0.000000	0.000000	0.000000	0.000000	0.000000	0.000000	0.000000	1741889953.203059	0.000000
116.000000	32790.612613	5743.839531	-41943.093174	-8160.398383	-25841.879945	-25594.870817	-15933.798663	22142.777996	-2347.827238	-899.590659	-17753.118903	61947.345668	-20076.850960	-30472.937879	6768.577608	7739.895015	0.001529	0.969712	-0.167796	192.000000	0.000000	8.000000	15.000000	40.000000	125.000000	104.000000	0.000000	0.000000	0.000000	1741889953.203116	0.000000
118.000000	32775.234613	5720.638421	-41960.661645	-8187.443994	-25861.817701	-25621.268227	-15955.949242	22115.911200	-2364.814563	-927.686802	-17771.045002	61916.947295	-20096.475792	-30496.094286	6746.024698	7713.609363	0.001529	0.969712	-0.167796	192.000000	0.000000	0.000000	0.000000	0.000000	0.000000	0.000000	0.000000	0.000000	0.000000	1741889953.262971	0.000000
120.000000	32780.017886	5726.695743	-41952.145630	-8181.721947	-25853.256983	-25609.444154	-15945.622736	22123.711958	-2365.351005	-939.108543	-17775.694165	61913.236906	-20094.441783	-30503.649176	6742.895453	7703.975761	0.001529	0.969712	-0.167796	192.000000	0.000000	0.000000	0.000000	0.000000	0.000000	0.000000	0.000000	0.000000	0.000000	1741889953.263044	0.000000
122.000000	32785.851691	5730.473188	-41943.026119	-8180.604360	-25849.032503	-25610.092355	-15942.471140	22125.522450	-2360.254808	-932.201854	-17772.251996	61907.291342	-20088.429164	-30497.301280	6750.048012	7708.289648	0.001529	0.969712	-0.167796	192.000000	0.000000	0.000000	0.000000	0.000000	0.000000	0.000000	0.000000	0.000000	0.000000	1741889953.263095	0.000000
124.000000	32780.397866	5725.354639	-41948.949331	-8182.012520	-25851.960582	-25613.378061	-15949.802512	22122.549668	-2349.391860	-928.357354	-17766.753467	61918.556621	-20073.654660	-30494.149684	6753.713698	7710.614230	0.001529	0.969712	-0.167796	192.000000	0.000000	0.000000	0.000000	0.000000	0.000000	0.000000	0.000000	0.000000	0.000000	1741889953.263151	0.000000
126.000000	32792.177235	5734.161226	-41945.574218	-8176.759860	-25849.278372	-25607.052518	-15942.962878	22130.752758	-2359.070165	-933.185331	-17772.408458	61901.725757	-20087.490390	-30498.977661	6747.745782	7708.244945	-0.001235	0.971856	-0.168898	192.000000	127.500000	112.000000	15.000000	56.000000	125.000000	88.000000	0.000000	0.000000	0.000000	1741889953.263203	0.000000
128.000000	32784.711752	5726.226357	-41952.659720	-8185.655854	-25856.945021	-25616.596713	-15946.405047	22121.722653	-2352.208179	-926.457456	-17766.552301	61923.026970	-20084.115277	-30495.736658	6751.903206	7710.480119	-0.001235	0.971856	-0.168898	192.000000	0.000000	0.000000	0.000000	0.000000	0.000000	0.000000	0.000000	0.000000	0.000000	1741889953.263264	0.000000
130.000000	32783.951793	5723.052409	-41951.005691	-8191.489660	-25856.073303	-25620.843544	-15946.539157	22120.001569	-2357.438488	-937.566273	-17770.083877	61900.921095	-20086.506913	-30507.672490	6744.951814	7702.053511	-0.001235	0.971856	-0.168898	192.000000	0.000000	0.000000	0.000000	0.000000	0.000000	0.000000	0.000000	0.000000	0.000000	1741889953.263315	0.000000
132.000000	32791.864311	5731.344906	-41937.415831	-8179.576180	-25842.997532	-25606.180800	-15935.296230	22134.552554	-2356.142087	-939.041488	-17763.177188	61912.186374	-20086.752783	-30504.118562	6752.305538	7706.345046	-0.001235	0.971856	-0.168898	192.000000	0.000000	0.000000	0.000000	0.000000	0.000000	0.000000	0.000000	0.000000	0.000000	1741889953.323243	0.000000
134.000000	32778.006229	5721.756008	-41948.994034	-8187.242828	-25852.966410	-25615.322663	-15946.606212	22124.360159	-2356.879694	-933.431200	-17763.177188	61902.306903	-20086.596320	-30500.072896	6756.082983	7712.827052	-0.001235	0.971856	-0.168898	192.000000	0.000000	0.000000	0.000000	0.000000	0.000000	0.000000	0.000000	0.000000	0.000000	1741889953.323341	0.000000
136.000000	32781.582508	5718.693819	-41952.883238	-8188.561581	-25851.982934	-25615.702643	-15944.683962	22125.410691	-2372.324750	-944.003575	-17781.483267	61904.318560	-20090.954911	-30508.343042	6745.421200	7702.768767	-0.002618	0.973928	-0.171449	192.000000	127.500000	112.000000	15.000000	64.000000	125.000000	72.000000	0.000000	0.000000	0.000000	1741889953.323402	0.000000
138.000000	32787.908052	5727.388647	-41952.302093	-8181.543133	-25848.943096	-25607.208980	-15939.811282	22130.931572	-2368.055566	-934.481732	-17776.923511	61892.695653	-20096.252274	-30502.665699	6749.109238	7710.346009	-0.002618	0.973928	-0.171449	192.000000	0.000000	0.000000	0.000000	0.000000	0.000000	0.000000	0.000000	0.000000	0.000000	1741889953.323468	0.000000
140.000000	32784.845863	5721.666601	-41949.686938	-8188.539229	-25854.016942	-25613.534524	-15946.181529	22123.242572	-2355.180962	-933.654718	-17769.525083	61906.509031	-20087.512742	-30497.636556	6752.216131	7711.843575	-0.002618	0.973928	-0.171449	192.000000	0.000000	0.000000	0.000000	0.000000	0.000000	0.000000	0.000000	0.000000	0.000000	1741889953.323531	0.000000
142.000000	32786.343430	5731.300203	-41949.999863	-8181.744299	-25853.949887	-25609.555913	-15944.214576	22128.182307	-2360.321863	-940.226131	-17768.899234	61894.841420	-20087.669204	-30505.660833	6743.163674	7703.908706	-0.002618	0.973928	-0.171449	192.000000	0.000000	0.000000	0.000000	0.000000	0.000000	0.000000	0.000000	0.000000	0.000000	1741889953.323587	0.000000
144.000000	32807.354070	5746.633499	-41930.106810	-8166.969796	-25841.812890	-25594.267320	-15930.155329	22141.615706	-2347.894293	-919.930747	-17752.671868	61915.092101	-20078.907320	-30487.868844	6754.048974	7721.074846	-0.002618	0.973928	-0.171449	192.000000	0.000000	0.000000	0.000000	0.000000	0.000000	0.000000	0.000000	0.000000	0.000000	1741889953.323636	0.000000
146.000000	32802.079058	5744.890063	-41936.611168	-8168.690880	-25844.048064	-25598.849428	-15935.720913	22137.592392	-2338.819485	-917.315592	-17747.553318	61911.225249	-20070.838341	-30485.812484	6756.530017	7723.935869	-0.002309	0.975964	-0.168725	192.000000	127.500000	120.000000	15.000000	72.000000	125.000000	104.000000	0.000000	0.000000	0.000000	1741889953.323692	0.000000
148.000000	32797.541654	5729.333249	-41943.115526	-8180.894933	-25853.659314	-25609.846486	-15944.415741	22130.573944	-2350.107116	-927.664450	-17756.628127	61909.392406	-20072.693535	-30492.003917	6755.390078	7719.577279	-0.002309	0.975964	-0.168725	192.000000	0.000000	0.000000	0.000000	0.000000	0.000000	0.000000	0.000000	0.000000	0.000000	1741889953.383733	0.000000
150.000000	32788.936232	5729.802636	-41947.652930	-8173.340043	-25847.333771	-25601.911617	-15935.787968	22138.464110	-2360.992415	-940.650814	-17767.714592	61889.365243	-20087.713908	-30499.603510	6749.556273	7715.621020	-0.002309	0.975964	-0.168725	192.000000	0.000000	0.000000	0.000000	0.000000	0.000000	0.000000	0.000000	0.000000	0.000000	1741889953.383797	0.000000
152.000000	32803.151942	5727.433351	-41940.030985	-8178.726814	-25850.284201	-25605.264378	-15937.151425	22134.239630	-2344.385069	-932.313613	-17760.226758	61897.724795	-20078.102658	-30490.908681	6758.809895	7724.941698	-0.002309	0.975964	-0.168725	192.000000	0.000000	0.000000	0.000000	0.000000	0.000000	0.000000	0.000000	0.000000	0.000000	1741889953.383846	0.000000
154.000000	32803.867197	5744.711249	-41938.667528	-8170.568427	-25840.270619	-25595.898997	-15927.607230	22141.906278	-2344.854456	-931.218377	-17758.103342	61895.579028	-20079.108486	-30493.501484	6754.116029	7719.197299	-0.002309	0.975964	-0.168725	192.000000	0.000000	0.000000	0.000000	0.000000	0.000000	0.000000	0.000000	0.000000	0.000000	1741889953.383896	0.000000
156.000000	32806.169427	5731.926052	-41939.159267	-8180.470250	-25854.240460	-25611.478163	-15941.264146	22125.544801	-2339.780610	-929.273776	-17748.939127	61902.664531	-20073.811123	-30489.008783	6755.814762	7718.884375	-0.002154	0.976982	-0.168362	192.000000	127.500000	120.000000	15.000000	72.000000	125.000000	96.000000	0.000000	0.000000	0.000000	1741889953.383944	0.000000
158.000000	32786.321078	5731.501368	-41957.666511	-8183.264218	-25863.516434	-25613.735689	-15948.394352	22123.421386	-2355.560941	-937.476866	-17760.763199	61893.522667	-20083.221207	-30501.548112	6741.554349	7708.803738	-0.002154	0.976982	-0.168362	192.000000	0.000000	0.000000	0.000000	0.000000	0.000000	0.000000	0.000000	0.000000	0.000000	1741889953.384000	0.000000
160.000000	32804.291881	5739.302127	-41942.333215	-8173.496505	-25851.737064	-25601.822210	-15935.676209	22135.536031	-2353.214008	-929.072610	-17760.718496	61894.439089	-20088.384460	-30493.523835	6744.460075	7715.710427	-0.002154	0.976982	-0.168362	192.000000	0.000000	0.000000	0.000000	0.000000	0.000000	0.000000	0.000000	0.000000	0.000000	1741889953.384056	0.000000
162.000000	32786.745761	5725.287584	-41956.951255	-8185.767613	-25851.357085	-25610.360576	-15935.050361	22130.193964	-2362.445278	-946.574026	-17770.329746	61888.091193	-20086.708079	-30502.330423	6747.343450	7714.235212	-0.002154	0.976982	-0.168362	192.000000	0.000000	0.000000	0.000000	0.000000	0.000000	0.000000	0.000000	0.000000	0.000000	1741889953.443022	0.000000
164.000000	32796.804046	5718.425598	-41950.916284	-8194.551849	-25855.290992	-25619.211867	-15943.074637	22122.594371	-2346.799057	-941.678994	-17763.557167	61883.777307	-20080.091963	-30500.855208	6754.339546	7717.275049	-0.002154	0.976982	-0.168362	192.000000	0.000000	0.000000	0.000000	0.000000	0.000000	0.000000	0.000000	0.000000	0.000000	1741889953.443092	0.000000
166.000000	32774.049970	5701.862955	-41961.511011	-8203.000808	-25863.337620	-25626.520887	-15950.562471	22116.671159	-2367.541476	-967.986997	-17784.523104	61867.281719	-20091.759573	-30524.212781	6736.033468	7694.789194	-0.000077	0.978491	-0.166181	192.000000	0.000000	8.000000	15.000000	80.000000	125.000000	112.000000	0.000000	0.000000	0.000000	1741889953.443142	0.000000
168.000000	32776.128683	5705.372179	-41953.687901	-8200.095081	-25862.331791	-25623.995140	-15948.707276	22117.051139	-2371.520087	-964.388366	-17783.271406	61859.413905	-20095.335853	-30518.870714	6741.822570	7703.148747	-0.000077	0.978491	-0.166181	192.000000	0.000000	0.000000	0.000000	0.000000	0.000000	0.000000	0.000000	0.000000	0.000000	1741889953.443202	0.000000
170.000000	32783.862386	5708.970810	-41949.217552	-8191.266142	-25856.743855	-25616.663768	-15944.639259	22122.639075	-2363.764031	-965.729471	-17778.264615	61868.376955	-20088.339757	-30516.255559	6742.895453	7701.964104	-0.000077	0.978491	-0.166181	192.000000	0.000000	0.000000	0.000000	0.000000	0.000000	0.000000	0.000000	0.000000	0.000000	1741889953.443254	0.000000
172.000000	32784.667049	5707.517947	-41942.355566	-8188.896857	-25856.073303	-25617.289617	-15944.706314	22120.046272	-2357.393784	-955.715889	-17768.318089	61864.599510	-20080.024908	-30507.717193	6751.947910	7711.105968	-0.000077	0.978491	-0.166181	192.000000	0.000000	0.000000	0.000000	0.000000	0.000000	0.000000	0.000000	0.000000	0.000000	1741889953.443307	0.000000
174.000000	32774.564061	5700.901830	-41958.895857	-8199.268067	-25869.014963	-25627.102033	-15955.748076	22107.797516	-2370.603665	-964.589532	-17779.650423	61865.314766	-20091.133725	-30518.915417	6740.235596	7698.343122	-0.000077	0.978491	-0.166181	192.000000	0.000000	0.000000	0.000000	0.000000	0.000000	0.000000	0.000000	0.000000	0.000000	1741889953.443356	0.000000
176.000000	32780.330811	5704.880441	-41955.967779	-8194.082462	-25865.416332	-25621.849373	-15953.021163	22116.291179	-2365.641578	-963.829573	-17777.549360	61845.824044	-20095.827591	-30520.390632	6735.117046	7696.934962	-0.000077	0.978491	-0.166181	192.000000	0.000000	0.000000	15.000000	32.000000	125.000000	112.000000	0.000000	0.000000	0.000000	1741889953.443405	0.000000
178.000000	32787.483369	5711.965944	-41954.134936	-8186.013482	-25863.024695	-25614.808573	-15949.891919	22122.504964	-2366.803869	-957.973416	-17773.369583	61862.923129	-20092.363071	-30515.473248	6742.157846	7703.729892	-0.000077	0.978491	-0.166181	192.000000	0.000000	0.000000	0.000000	0.000000	0.000000	0.000000	0.000000	0.000000	0.000000	1741889953.502847	0.000000
180.000000	32804.940081	5735.278813	-41938.108735	-8166.276892	-25857.436759	-25594.915521	-15947.433227	22134.776072	-2355.069203	-943.109506	-17762.059601	61865.001841	-20089.055012	-30501.078725	6749.288052	7717.632677	-0.000077	0.978491	-0.166181	192.000000	0.000000	0.000000	0.000000	0.000000	0.000000	0.000000	0.000000	0.000000	0.000000	1741889953.502929	0.000000
182.000000	32819.960454	5750.902683	-41927.379898	-8157.112677	-25857.839091	-25584.343145	-15950.897747	22135.379569	-2338.439505	-919.036677	-17743.015914	61899.870563	-20072.090038	-30474.569556	6758.631081	7732.474236	-0.000077	0.978491	-0.166181	192.000000	0.000000	0.000000	0.000000	0.000000	0.000000	0.000000	0.000000	0.000000	0.000000	1741889953.502989	0.000000
184.000000	32810.192741	5740.240901	-41936.342947	-8169.853171	-25865.081056	-25597.865951	-15959.883149	22123.086110	-2338.372450	-919.908395	-17746.100455	61885.833667	-20071.777114	-30479.956326	6753.356070	7725.858119	-0.000077	0.978491	-0.166181	192.000000	0.000000	0.000000	0.000000	0.000000	0.000000	0.000000	0.000000	0.000000	0.000000	1741889953.503064	0.000000
186.000000	32795.082962	5722.761836	-41943.607264	-8183.197163	-25867.025658	-25612.975730	-15965.202864	22110.345615	-2358.623130	-938.393287	-17760.986717	61880.044565	-20080.449591	-30498.396516	6742.895453	7712.067093	0.000961	0.977245	-0.165091	192.000000	0.000000	8.000000	15.000000	64.000000	125.000000	112.000000	0.000000	0.000000	0.000000	1741889953.503125	0.000000
188.000000	32810.617424	5740.799694	-41930.978528	-8165.204008	-25845.009189	-25592.948567	-15937.017314	22129.925743	-2350.352985	-937.007479	-17758.349211	61863.839550	-20074.951062	-30496.429562	6750.182122	7714.525785	0.000961	0.977245	-0.165091	192.000000	0.000000	0.000000	0.000000	0.000000	0.000000	0.000000	0.000000	0.000000	0.000000	1741889953.503179	0.000000
190.000000	32802.168465	5724.572328	-41940.388613	-8175.977549	-25850.798291	-25602.313948	-15940.481834	22124.896601	-2348.833066	-929.854921	-17753.789455	61882.346795	-20075.308690	-30490.282832	6758.496971	7723.064151	0.000961	0.977245	-0.165091	192.000000	0.000000	0.000000	0.000000	0.000000	0.000000	0.000000	0.000000	0.000000	0.000000	1741889953.503237	0.000000
192.000000	32797.541654	5722.225395	-41946.065956	-8181.386671	-25853.413445	-25606.247855	-15942.806416	22123.980179	-2357.617302	-942.014270	-17763.087781	61861.872597	-20077.990899	-30500.698745	6749.243349	7714.078750	0.000961	0.977245	-0.165091	192.000000	0.000000	0.000000	0.000000	0.000000	0.000000	0.000000	0.000000	0.000000	0.000000	1741889953.563056	0.000000
194.000000	32802.391982	5724.907604	-41942.757898	-8183.085404	-25849.166614	-25604.526771	-15936.458520	22128.115252	-2358.868999	-941.164904	-17761.791380	61875.574216	-20081.343661	-30501.682222	6748.438686	7712.245907	0.000961	0.977245	-0.165091	192.000000	0.000000	0.000000	0.000000	0.000000	0.000000	0.000000	0.000000	0.000000	0.000000	1741889953.563125	0.000000
196.000000	32791.350221	5717.263307	-41957.264180	-8192.741357	-25857.056780	-25609.287692	-15942.404084	22125.611857	-2363.406403	-943.221264	-17769.458028	61862.207873	-20080.315480	-30505.213798	6743.253081	7712.871756	0.000961	0.977245	-0.165091	192.000000	0.000000	0.000000	15.000000	56.000000	125.500000	0.000000	0.000000	0.000000	0.000000	1741889953.563175	0.000000
198.000000	32777.559194	5699.448967	-41966.830726	-8207.448805	-25875.474617	-25627.996102	-15958.519692	22108.691586	-2380.572543	-955.313558	-17785.439525	61854.317707	-20095.179390	-30519.049528	6731.339601	7700.868869	0.000961	0.977245	-0.165091	192.000000	0.000000	0.000000	0.000000	0.000000	0.000000	0.000000	0.000000	0.000000	0.000000	1741889953.563232	0.000000
200.000000	32789.271508	5720.280793	-41957.442994	-8189.701520	-25861.258907	-25609.578265	-15946.628564	22124.695435	-2377.756223	-957.526381	-17784.344290	61845.265251	-20102.309597	-30522.067013	6730.199662	7698.119604	0.000961	0.977245	-0.165091	192.000000	0.000000	0.000000	0.000000	0.000000	0.000000	0.000000	0.000000	0.000000	0.000000	1741889953.563281	0.000000
202.000000	32790.746724	5706.713284	-41957.331235	-8198.463404	-25872.032448	-25622.810498	-15958.609099	22111.016168	-2374.001130	-950.664395	-17777.169380	61855.278832	-20092.586588	-30517.954292	6733.194796	7702.142918	0.000961	0.977245	-0.165091	192.000000	0.000000	0.000000	0.000000	0.000000	0.000000	0.000000	0.000000	0.000000	0.000000	1741889953.563333	0.000000
204.000000	32782.342468	5711.161281	-41959.409947	-8193.657779	-25866.690381	-25619.524791	-15952.909404	22114.905371	-2376.281008	-958.286340	-17779.963348	61843.655925	-20091.960739	-30523.519876	6732.658354	7700.533593	0.000961	0.977245	-0.165091	192.000000	0.000000	0.000000	0.000000	0.000000	0.000000	0.000000	0.000000	0.000000	0.000000	1741889953.563389	0.000000
206.000000	32785.047029	5703.092301	-41958.605285	-8201.257372	-25872.255966	-25630.275980	-15960.084314	22105.897618	-2373.844668	-955.939407	-17775.895330	61846.986335	-20086.506913	-30524.123374	6738.112180	7701.382959	-0.000519	0.973623	-0.168545	192.000000	127.500000	120.000000	15.000000	40.000000	125.000000	80.000000	0.000000	0.000000	0.000000	1741889953.563452	0.000000
208.000000	32787.438665	5712.971772	-41963.947351	-8197.457575	-25867.249175	-25621.424689	-15953.021163	22110.770298	-2381.779537	-964.254256	-17784.880732	61838.336210	-20105.371786	-30534.002845	6727.092770	7690.810584	-0.000519	0.973623	-0.168545	192.000000	0.000000	0.000000	0.000000	0.000000	0.000000	0.000000	0.000000	0.000000	0.000000	1741889953.623332	0.000000
210.000000	32811.779715	5729.109732	-41942.824953	-8184.202991	-25857.883794	-25609.466506	-15944.482797	22120.627418	-2360.344214	-938.259177	-17762.797208	61853.021306	-20080.918977	-30510.980548	6746.404677	7709.451939	-0.000519	0.973623	-0.168545	192.000000	0.000000	0.000000	0.000000	0.000000	0.000000	0.000000	0.000000	0.000000	0.000000	1741889953.623430	0.000000
212.000000	32806.839980	5731.836645	-41953.330273	-8184.717081	-25861.504777	-25611.522867	-15949.958974	22115.620627	-2369.664892	-946.015232	-17774.643633	61852.104885	-20088.295053	-30521.150592	6733.284203	7696.756148	-0.000519	0.973623	-0.168545	192.000000	0.000000	0.000000	0.000000	0.000000	0.000000	0.000000	0.000000	0.000000	0.000000	1741889953.623491	0.000000
214.000000	32820.474544	5739.324479	-41929.749182	-8175.776383	-25850.619477	-25604.482067	-15937.464349	22126.550630	-2340.384107	-916.734447	-17742.948859	61871.260330	-20060.243614	-30496.541321	6760.352166	7725.522843	-0.000519	0.973623	-0.168545	192.000000	0.000000	0.000000	0.000000	0.000000	0.000000	0.000000	0.000000	0.000000	0.000000	1741889953.623545	0.000000
216.000000	32791.730200	5709.574307	-41959.074671	-8202.374959	-25879.475579	-25631.460623	-15967.616852	22100.868476	-2369.575485	-947.602206	-17768.116923	61857.469303	-20081.343661	-30522.312882	6737.575738	7700.198317	-0.001260	0.974811	-0.172273	192.000000	127.500000	120.000000	15.000000	64.000000	125.000000	64.000000	0.000000	0.000000	0.000000	1741889953.623604	0.000000
218.000000	32809.633948	5722.672429	-41946.267122	-8194.417738	-25869.976088	-25626.207963	-15959.726686	22108.691586	-2366.133316	-955.760593	-17767.781647	61837.933879	-20096.095812	-30534.785156	6727.606860	7694.744491	-0.001260	0.974811	-0.172273	192.000000	0.000000	0.000000	0.000000	0.000000	0.000000	0.000000	0.000000	0.000000	0.000000	1741889953.623657	0.000000
220.000000	32805.923558	5726.025191	-41957.822973	-8194.216573	-25873.328849	-25625.470355	-15961.738343	22109.965636	-2369.419023	-950.977320	-17765.702935	61848.953289	-20093.614768	-30533.712272	6724.656430	7693.850421	-0.001260	0.974811	-0.172273	192.000000	0.000000	0.000000	0.000000	0.000000	0.000000	0.000000	0.000000	0.000000	0.000000	1741889953.623705	0.000000
222.000000	32822.508552	5739.369183	-41945.127183	-8183.957122	-25864.231689	-25612.215771	-15950.070733	22126.215354	-2362.266465	-938.773267	-17755.979926	61842.739504	-20084.830533	-30521.396461	6734.692363	7707.037950	-0.001260	0.974811	-0.172273	192.000000	0.000000	0.000000	0.000000	0.000000	0.000000	0.000000	0.000000	0.000000	0.000000	1741889953.683637	0.000000
224.000000	32810.975052	5733.244805	-41955.766613	-8194.730663	-25869.931384	-25621.692910	-15960.866625	22116.537048	-2358.511371	-922.814122	-17756.024630	61857.022268	-20081.745992	-30515.674414	6737.128703	7711.038913	-0.001260	0.974811	-0.172273	192.000000	0.000000	0.000000	0.000000	0.000000	0.000000	0.000000	0.000000	0.000000	0.000000	1741889953.683763	0.000000
226.000000	32820.586302	5744.219511	-41946.468287	-8184.806488	-25855.156881	-25610.092355	-15946.785026	22130.685703	-2364.747508	-923.216453	-17766.239377	61840.571384	-20085.143457	-30520.390632	6731.473712	7704.869831	-0.001630	0.974406	-0.172136	192.000000	127.500000	120.000000	15.000000	56.000000	125.000000	80.000000	0.000000	0.000000	0.000000	1741889953.683821	0.000000
228.000000	32821.592131	5744.487732	-41938.399308	-8181.051395	-25847.356122	-25606.605483	-15940.861814	22135.826604	-2351.045889	-906.720866	-17757.030458	61862.431391	-20079.220245	-30507.225455	6747.589320	7721.410122	-0.001630	0.974406	-0.172136	192.000000	0.000000	0.000000	0.000000	0.000000	0.000000	0.000000	0.000000	0.000000	0.000000	1741889953.683894	0.000000
230.000000	32812.897302	5742.610185	-41940.433316	-8185.700558	-25847.020846	-25609.868838	-15941.957050	22132.719711	-2352.923435	-913.515796	-17759.623260	61843.722980	-20074.794599	-30511.338176	6743.387192	7719.644334	-0.001630	0.974406	-0.172136	192.000000	0.000000	0.000000	0.000000	0.000000	0.000000	0.000000	0.000000	0.000000	0.000000	1741889953.683952	0.000000
232.000000	32810.259796	5735.412924	-41945.730680	-8187.287532	-25850.664181	-25608.035995	-15941.465311	22135.804252	-2364.389880	-926.524511	-17771.983775	61844.885271	-20085.009347	-30519.250693	6735.519378	7714.458730	-0.001630	0.974406	-0.172136	192.000000	0.000000	0.000000	0.000000	0.000000	0.000000	0.000000	0.000000	0.000000	0.000000	1741889953.684000	0.000000
234.000000	32816.965320	5748.913377	-41942.802601	-8178.525648	-25846.774977	-25602.738631	-15934.983305	22140.073435	-2344.496828	-912.934651	-17759.556205	61843.454760	-20075.576910	-30502.889216	6744.281261	7729.635564	-0.001630	0.974406	-0.172136	192.000000	0.000000	0.000000	0.000000	0.000000	0.000000	0.000000	0.000000	0.000000	0.000000	1741889953.684054	0.000000
236.000000	32819.982805	5752.221436	-41942.087345	-8174.368223	-25845.970314	-25598.223579	-15932.032875	22145.057874	-2351.805848	-922.165921	-17766.820522	61850.786132	-20079.957852	-30508.454801	6737.039296	7724.673477	0.001185	0.973203	-0.172068	192.000000	0.000000	16.000000	15.000000	48.000000	125.000000	80.000000	0.000000	0.000000	0.000000	1741889953.684107	0.000000
238.000000	32813.299634	5747.125238	-41943.830781	-8176.268122	-25843.176346	-25595.519018	-15926.891974	22150.176424	-2338.819485	-908.956040	-17756.784589	61850.026172	-20076.515684	-30494.015574	6750.606805	7742.867797	0.001185	0.973203	-0.172068	192.000000	0.000000	0.000000	0.000000	0.000000	0.000000	0.000000	0.000000	0.000000	0.000000	1741889953.743939	0.000000
240.000000	32801.788485	5730.003802	-41958.113546	-8194.797718	-25860.655410	-25613.176896	-15945.645087	22132.183270	-2354.063374	-920.936575	-17773.436639	61848.528606	-20092.586588	-30506.219626	6738.112180	7727.199224	0.001185	0.973203	-0.172068	192.000000	0.000000	0.000000	0.000000	0.000000	0.000000	0.000000	0.000000	0.000000	0.000000	1741889953.744001	0.000000
242.000000	32804.314232	5740.017383	-41953.084404	-8182.079575	-25853.502852	-25604.526771	-15937.397294	22138.285296	-2355.270368	-922.098866	-17777.594063	61831.608335	-20094.441783	-30511.338176	6733.038334	7722.952392	0.001185	0.973203	-0.172068	192.000000	0.000000	0.000000	0.000000	0.000000	0.000000	0.000000	0.000000	0.000000	0.000000	1741889953.744050	0.000000
244.000000	32797.318136	5723.767665	-41950.849229	-8191.601418	-25855.447454	-25611.701681	-15942.627602	22128.137604	-2352.051717	-918.813159	-17774.911854	61839.923184	-20089.859675	-30504.543245	6741.397886	7726.573375	0.001185	0.973203	-0.172068	192.000000	0.000000	0.000000	0.000000	0.000000	0.000000	0.000000	0.000000	0.000000	0.000000	1741889953.744100	0.000000
246.000000	32792.646622	5723.968831	-41950.960988	-8185.968779	-25850.887698	-25601.576340	-15935.475044	22138.061778	-2359.919531	-933.878235	-17783.047889	61824.992219	-20081.991861	-30511.941673	6737.978070	7722.058323	0.002593	0.969601	-0.170034	192.000000	0.000000	16.000000	15.000000	24.000000	125.000000	96.000000	0.000000	0.000000	0.000000	1741889953.744149	0.000000
248.000000	32797.653413	5720.504310	-41943.294340	-8185.834668	-25855.849785	-25608.818306	-15943.879300	22128.472880	-2360.366566	-937.856846	-17782.109115	61830.535451	-20090.664338	-30507.627786	6736.927538	7723.935869	0.002593	0.969601	-0.170034	192.000000	0.000000	0.000000	0.000000	0.000000	0.000000	0.000000	0.000000	0.000000	0.000000	1741889953.744234	0.000000
250.000000	32802.213168	5730.160264	-41940.165095	-8176.223418	-25846.931439	-25600.704622	-15935.586802	22136.944191	-2345.413249	-929.005555	-17764.384182	61832.502405	-20084.696422	-30504.856170	6743.029564	7727.914480	0.002593	0.969601	-0.170034	192.000000	0.000000	0.000000	0.000000	0.000000	0.000000	0.000000	0.000000	0.000000	0.000000	1741889953.744306	0.000000
252.000000	32798.726296	5717.039790	-41948.658758	-8192.674302	-25855.738027	-25612.640454	-15943.678134	22126.058892	-2348.609549	-929.966680	-17765.881749	61837.084512	-20083.914111	-30506.197274	6740.056782	7724.002924	0.002593	0.969601	-0.170034	192.000000	0.000000	0.000000	0.000000	0.000000	0.000000	0.000000	0.000000	0.000000	0.000000	1741889953.804288	0.000000
254.000000	32783.013020	5714.491691	-41965.243753	-8195.334160	-25861.236556	-25613.065137	-15943.521672	22126.416519	-2357.259674	-939.466171	-17776.588234	61825.059274	-20091.536056	-30513.953330	6734.066514	7716.470387	0.002593	0.969601	-0.170034	192.000000	0.000000	0.000000	0.000000	0.000000	0.000000	0.000000	0.000000	0.000000	0.000000	1741889953.804372	0.000000
0.000000	32801.184988	5723.700610	-41952.458555	-8186.393462	-25848.719579	-25605.398489	-15932.658724	22134.731368	-2358.399613	-935.442857	-17776.208255	61823.762873	-20090.820800	-30509.415926	6736.636965	7721.141901	0.002593	0.969601	-0.170034	192.000000	0.000000	0.000000	15.000000	40.000000	125.000000	96.000000	0.000000	0.000000	0.000000	1741889953.804426	0.000000
2.000000	32786.790465	5712.167110	-41967.389520	-8201.525593	-25861.795349	-25618.429556	-15949.713105	22122.236743	-2351.671738	-940.472000	-17773.034307	61823.226431	-20085.121105	-30514.132144	6735.921709	7716.336276	0.002593	0.969601	-0.170034	192.000000	0.000000	0.000000	0.000000	0.000000	0.000000	0.000000	0.000000	0.000000	0.000000	1741889953.804479	0.000000
4.000000	32794.725334	5720.705476	-41947.965854	-8185.901724	-25855.670971	-25603.096259	-15941.398256	22134.060816	-2359.025462	-939.533226	-17778.577540	61815.649189	-20097.973358	-30509.594740	6732.524244	7717.744436	0.002593	0.969601	-0.170034	192.000000	0.000000	0.000000	0.000000	0.000000	0.000000	0.000000	0.000000	0.000000	0.000000	1741889953.804532	0.000000
6.000000	32778.922651	5715.944554	-41960.616942	-8190.372073	-25860.923631	-25610.718204	-15945.242756	22129.009322	-2368.323787	-936.448686	-17781.349156	61823.852280	-20100.566161	-30509.952368	6734.044163	7720.247831	0.002593	0.969601	-0.170034	192.000000	0.000000	0.000000	0.000000	0.000000	0.000000	0.000000	0.000000	0.000000	0.000000	1741889953.804579	0.000000
8.000000	32790.210282	5724.862900	-41947.652930	-8180.112622	-25850.105387	-25602.917445	-15936.771445	22136.988895	-2360.277159	-925.250462	-17773.436639	61816.856184	-20091.424297	-30499.134123	6743.990689	7731.021372	0.002593	0.969601	-0.170034	192.000000	0.000000	0.000000	0.000000	0.000000	0.000000	0.000000	0.000000	0.000000	0.000000	1741889953.804630	0.000000
10.000000	32779.973183	5713.754083	-41965.511974	-8191.333198	-25860.431893	-25611.522867	-15948.528462	22123.756662	-2371.385976	-933.565311	-17784.992490	61820.007780	-20099.694443	-30506.554902	6729.305593	7718.213823	0.002593	0.969601	-0.170034	192.000000	0.000000	0.000000	15.000000	24.000000	125.000000	72.000000	0.000000	0.000000	0.000000	1741889953.804681	0.000000
12.000000	32777.536843	5704.366351	-41961.533363	-8194.104814	-25860.387189	-25615.009739	-15947.701448	22125.433043	-2365.775688	-934.079401	-17775.403592	61811.469413	-20089.792620	-30503.313899	6737.665145	7727.065113	0.002593	0.969601	-0.170034	192.000000	0.000000	0.000000	0.000000	0.000000	0.000000	0.000000	0.000000	0.000000	0.000000	1741889953.863951	0.000000
14.000000	32760.147185	5698.689008	-41968.730625	-8197.703445	-25864.097579	-25617.826059	-15951.657707	22121.789708	-2384.752319	-951.334948	-17798.090613	61804.205096	-20101.035547	-30517.060222	6725.528148	7711.128320	0.002593	0.969601	-0.170034	192.000000	0.000000	0.000000	0.000000	0.000000	0.000000	0.000000	0.000000	0.000000	0.000000	1741889953.864038	0.000000
16.000000	32770.965430	5701.572383	-41962.405081	-8194.641256	-25866.198643	-25619.748309	-15949.914271	22118.794575	-2380.237267	-951.446706	-17795.587217	61796.650207	-20105.528248	-30515.450897	6727.048067	7714.883413	0.002593	0.969601	-0.170034	192.000000	0.000000	0.000000	0.000000	0.000000	0.000000	0.000000	0.000000	0.000000	0.000000	1741889953.864104	0.000000
18.000000	32776.575718	5706.981505	-41959.141726	-8190.282666	-25860.655410	-25611.724032	-15942.649954	22124.360159	-2377.599761	-961.147363	-17793.530857	61808.854259	-20104.120088	-30518.200161	6724.365857	7711.821224	0.002593	0.969601	-0.170034	192.000000	0.000000	0.000000	0.000000	0.000000	0.000000	0.000000	0.000000	0.000000	0.000000	1741889953.864157	0.000000
20.000000	32779.257927	5710.468377	-41954.403157	-8189.030968	-25861.147149	-25607.566608	-15942.046457	22126.572982	-2360.545380	-943.645947	-17779.225740	61809.480108	-20089.524399	-30502.196312	6738.648622	7724.472311	0.002593	0.969601	-0.170034	192.000000	0.000000	0.000000	15.000000	40.000000	125.000000	64.000000	0.000000	0.000000	0.000000	1741889953.864209	0.000000
22.000000	32766.182156	5700.365388	-41964.729663	-8198.128128	-25867.159768	-25614.138021	-15948.506111	22122.303798	-2381.757186	-961.549695	-17799.409366	61806.864954	-20106.377614	-30515.719118	6725.796369	7709.429587	0.002593	0.969601	-0.170034	192.000000	0.000000	0.000000	0.000000	0.000000	0.000000	0.000000	0.000000	0.000000	0.000000	1741889953.864268	0.000000
24.000000	32774.206433	5708.389665	-41954.045529	-8189.947389	-25857.101483	-25605.934931	-15938.447826	22131.624476	-2377.063319	-957.749898	-17791.586255	61796.627855	-20096.744012	-30512.053432	6732.747761	7718.303230	0.002593	0.969601	-0.170034	192.000000	0.000000	0.000000	0.000000	0.000000	0.000000	0.000000	0.000000	0.000000	0.000000	1741889953.864320	0.000000
26.000000	32776.329848	5704.343999	-41957.063014	-8194.887125	-25858.241422	-25612.081660	-15942.962878	22127.847031	-2369.106098	-955.850000	-17784.456049	61814.173974	-20094.397079	-30508.767725	6736.502854	7720.560756	0.002593	0.969601	-0.170034	192.000000	0.000000	0.000000	0.000000	0.000000	0.000000	0.000000	0.000000	0.000000	0.000000	1741889953.924025	0.000000
28.000000	32777.805063	5714.245822	-41953.933770	-8187.488697	-25854.419274	-25608.952416	-15942.940526	22127.757624	-2371.676549	-951.446706	-17784.456049	61800.248838	-20097.593379	-30513.014557	6732.479540	7718.660858	0.002593	0.969601	-0.170034	192.000000	0.000000	0.000000	0.000000	0.000000	0.000000	0.000000	0.000000	0.000000	0.000000	1741889953.924086	0.000000
30.000000	32772.395941	5704.321647	-41952.682072	-8193.546020	-25869.014963	-25617.803707	-15961.827750	22117.967560	-2368.815526	-948.429221	-17777.951691	61811.335303	-20094.866466	-30509.594740	6735.765247	7720.806625	0.000296	0.972801	-0.174017	192.000000	127.500000	120.000000	15.000000	64.000000	125.000000	56.000000	0.000000	0.000000	0.000000	1741889953.924135	0.000000
32.000000	32768.774959	5698.845470	-41957.867677	-8199.357474	-25869.976088	-25624.665692	-15962.073620	22113.541915	-2380.661950	-964.120145	-17785.171304	61790.816401	-20106.310559	-30523.944560	6723.449436	7710.703636	0.000296	0.972801	-0.174017	192.000000	0.000000	0.000000	0.000000	0.000000	0.000000	0.000000	0.000000	0.000000	0.000000	1741889953.924192	0.000000
34.000000	32776.486311	5698.219621	-41954.358453	-8203.492546	-25871.563062	-25628.711358	-15962.431248	22106.814040	-2376.795098	-956.677014	-17779.449258	61802.774585	-20097.235751	-30521.485868	6724.499968	7709.943677	0.000296	0.972801	-0.174017	192.000000	0.000000	0.000000	0.000000	0.000000	0.000000	0.000000	0.000000	0.000000	0.000000	1741889953.924243	0.000000
36.000000	32770.786616	5703.606391	-41954.000825	-8202.442015	-25870.534881	-25626.342073	-15958.095009	22108.803345	-2372.905895	-960.655625	-17779.181037	61793.364500	-20098.666262	-30526.850286	6722.309497	7703.975761	0.000296	0.972801	-0.174017	192.000000	0.000000	0.000000	0.000000	0.000000	0.000000	0.000000	0.000000	0.000000	0.000000	1741889953.924316	0.000000
38.000000	32781.582508	5709.820176	-41943.115526	-8191.847288	-25864.812835	-25614.205076	-15948.550814	22121.610894	-2371.229514	-957.235808	-17773.883673	61797.030186	-20092.296015	-30520.412984	6725.684610	7707.060302	0.000296	0.972801	-0.174017	192.000000	0.000000	0.000000	0.000000	0.000000	0.000000	0.000000	0.000000	0.000000	0.000000	1741889953.924383	0.000000
40.000000	32783.013020	5712.681200	-41947.675281	-8180.604360	-25863.784655	-25603.163314	-15945.555680	22132.719711	-2359.316034	-941.433125	-17762.394877	61801.232314	-20091.759573	-30501.011670	6734.915881	7725.053456	-0.000852	0.972400	-0.178009	192.000000	127.500000	120.000000	15.000000	48.000000	125.000000	40.000000	0.000000	0.000000	0.000000	1741889953.924436	0.000000
42.000000	32783.884738	5702.712322	-41942.154401	-8180.425546	-25860.141320	-25603.520942	-15934.245698	22137.033598	-2364.769860	-947.982186	-17768.072220	61802.126384	-20095.469963	-30508.499504	6737.463979	7725.589898	-0.000852	0.972400	-0.178009	192.000000	0.000000	0.000000	0.000000	0.000000	0.000000	0.000000	0.000000	0.000000	0.000000	1741889953.984368	0.000000
44.000000	32771.323058	5701.885307	-41941.416793	-8177.720985	-25850.775939	-25597.865951	-15927.875451	22143.895584	-2364.635749	-948.742145	-17766.664060	61800.315893	-20093.123030	-30504.744411	6741.844921	7731.893090	-0.000852	0.972400	-0.178009	192.000000	0.000000	0.000000	0.000000	0.000000	0.000000	0.000000	0.000000	0.000000	0.000000	1741889953.984443	0.000000
46.000000	32749.664217	5672.671577	-41946.848267	-8192.271971	-25862.085922	-25611.612274	-15938.246660	22132.764415	-2372.637674	-959.359224	-17776.096496	61794.303273	-20087.758611	-30509.862961	6740.056782	7729.076770	-0.000852	0.972400	-0.178009	192.000000	0.000000	0.000000	0.000000	0.000000	0.000000	0.000000	0.000000	0.000000	0.000000	1741889953.984496	0.000000
48.000000	32732.811002	5662.881513	-41948.971683	-8189.142727	-25860.141320	-25609.019471	-15934.960954	22134.776072	-2377.532706	-970.602151	-17785.864208	61786.658977	-20092.430126	-30515.696766	6740.101485	7727.445093	-0.000852	0.972400	-0.178009	192.000000	0.000000	0.000000	0.000000	0.000000	0.000000	0.000000	0.000000	0.000000	0.000000	1741889953.984550	0.000000
50.000000	32712.940301	5630.538539	-41946.177715	-8198.575163	-25861.281259	-25618.876591	-15937.464349	22126.438871	-2385.355817	-990.115224	-17794.022595	61772.152695	-20098.062765	-30526.246789	6739.788561	7727.310983	0.000574	0.971200	-0.173004	192.000000	0.000000	8.000000	15.000000	40.000000	125.000000	96.000000	0.000000	0.000000	0.000000	1741889953.984597	0.000000
52.000000	32684.374772	5611.092521	-41961.242790	-8207.091177	-25868.277355	-25623.391643	-15943.164044	22121.521487	-2405.785311	-1010.142387	-17811.144031	61751.857311	-20106.467021	-30538.003807	6731.227843	7717.342105	0.000574	0.971200	-0.173004	192.000000	0.000000	0.000000	0.000000	0.000000	0.000000	0.000000	0.000000	0.000000	0.000000	1741889953.984651	0.000000
54.000000	32682.139597	5599.089634	-41960.259314	-8214.802529	-25871.831283	-25629.359559	-15945.823901	22115.821793	-2407.238174	-1024.738076	-17810.965217	61738.446264	-20106.601132	-30545.111662	6727.808026	7713.363494	0.000574	0.971200	-0.173004	192.000000	0.000000	0.000000	0.000000	0.000000	0.000000	0.000000	0.000000	0.000000	0.000000	1741889953.984700	0.000000
56.000000	32660.123129	5588.785480	-41978.677151	-8218.825843	-25884.169446	-25632.622913	-15956.396277	22107.618702	-2421.364477	-1034.841065	-17821.045854	61740.659087	-20116.145327	-30553.650028	6715.648677	7703.148747	0.000574	0.971200	-0.173004	192.000000	0.000000	0.000000	0.000000	0.000000	0.000000	0.000000	0.000000	0.000000	0.000000	1741889954.043718	0.000000
58.000000	32676.529309	5605.057550	-41963.097985	-8206.130052	-25872.680649	-25619.815364	-15946.628564	22116.849973	-2421.163311	-1029.521350	-17819.145956	61736.658125	-20122.090891	-30544.754034	6716.878023	7707.663799	0.000574	0.971200	-0.173004	192.000000	0.000000	0.000000	0.000000	0.000000	0.000000	0.000000	0.000000	0.000000	0.000000	1741889954.043798	0.000000
60.000000	32663.587649	5596.094501	-41971.770462	-8210.533346	-25876.793370	-25623.145774	-15949.400181	22111.709072	-2411.976744	-1023.665193	-17813.423909	61757.668764	-20112.792565	-30535.813336	6724.209395	7712.849404	0.002287	0.969600	-0.170502	192.000000	0.000000	16.000000	15.000000	32.000000	125.000000	96.000000	0.000000	0.000000	0.000000	1741889954.043862	0.000000
62.000000	32671.187242	5596.295666	-41965.735491	-8213.304962	-25874.580547	-25624.129251	-15950.808340	22113.206638	-2404.801834	-1024.760428	-17807.500697	61743.497758	-20100.789678	-30535.187487	6726.444569	7713.475253	0.002287	0.969600	-0.170502	192.000000	0.000000	0.000000	0.000000	0.000000	0.000000	0.000000	0.000000	0.000000	0.000000	1741889954.043926	0.000000
64.000000	32664.213498	5591.244172	-41972.061035	-8216.791834	-25874.804065	-25624.576285	-15946.986192	22113.273694	-2420.381000	-1033.343498	-17817.804851	61742.514282	-20111.473812	-30542.697673	6717.749741	7704.646314	0.002287	0.969600	-0.170502	192.000000	0.000000	0.000000	0.000000	0.000000	0.000000	0.000000	0.000000	0.000000	0.000000	1741889954.043978	0.000000
66.000000	32668.035646	5596.452128	-41958.962912	-8207.113529	-25868.702038	-25620.351806	-15945.063942	22117.945208	-2418.168177	-1026.503864	-17814.720311	61730.913726	-20110.423280	-30542.541211	6718.532052	7709.429587	0.002287	0.969600	-0.170502	192.000000	0.000000	0.000000	0.000000	0.000000	0.000000	0.000000	0.000000	0.000000	0.000000	1741889954.044032	0.000000
68.000000	32660.503109	5588.047873	-41966.160174	-8217.864718	-25880.593166	-25630.477146	-15954.183454	22110.524429	-2420.090427	-1031.778876	-17813.200392	61745.799988	-20106.087042	-30542.787080	6722.264793	7711.754168	0.002287	0.969600	-0.170502	192.000000	0.000000	0.000000	0.000000	0.000000	0.000000	0.000000	0.000000	0.000000	0.000000	1741889954.044086	0.000000
70.000000	32672.193071	5602.822376	-41963.679131	-8213.796701	-25875.161693	-25620.932951	-15946.136826	22119.018092	-2423.040858	-1038.663213	-17819.034197	61728.700903	-20114.223077	-30550.476080	6712.631191	7702.411139	0.002144	0.969800	-0.173251	192.000000	0.000000	8.000000	15.000000	40.000000	125.000000	64.000000	0.000000	0.000000	0.000000	1741889954.044140	0.000000
72.000000	32677.825711	5610.086693	-41965.646084	-8209.594573	-25879.922614	-25620.262399	-15950.718933	22118.414595	-2410.747398	-1017.540815	-17805.667854	61753.757209	-20108.746899	-30534.092252	6721.638944	7714.369323	0.002144	0.969800	-0.173251	192.000000	0.000000	0.000000	0.000000	0.000000	0.000000	0.000000	0.000000	0.000000	0.000000	1741889954.103552	0.000000
74.000000	32662.090082	5589.634846	-41979.571221	-8227.185396	-25883.565948	-25636.579172	-15950.383657	22111.038519	-2416.357686	-1027.330879	-17812.641598	61737.015752	-20111.473812	-30543.770557	6718.263831	7709.317828	0.002144	0.969800	-0.173251	192.000000	0.000000	0.000000	0.000000	0.000000	0.000000	0.000000	0.000000	0.000000	0.000000	1741889954.103608	0.000000
76.000000	32657.262106	5585.142146	-41984.779177	-8229.577032	-25891.970204	-25638.322608	-15957.782085	22105.316473	-2433.926157	-1047.670966	-17832.579354	61725.549308	-20123.387292	-30562.054284	6702.327037	7692.218744	0.002144	0.969800	-0.173251	192.000000	0.000000	0.000000	0.000000	0.000000	0.000000	0.000000	0.000000	0.000000	0.000000	1741889954.103657	0.000000
78.000000	32662.559469	5591.870021	-41984.399198	-8225.531367	-25904.598940	-25633.382873	-15974.031803	22101.159048	-2432.093314	-1038.730268	-17829.897145	61714.775767	-20121.420338	-30553.627676	6697.275543	7692.688130	0.002144	0.969800	-0.173251	192.000000	0.000000	0.000000	0.000000	0.000000	0.000000	0.000000	0.000000	0.000000	0.000000	1741889954.103706	0.000000
80.000000	32671.656629	5604.342294	-41974.452671	-8217.060055	-25904.867161	-25623.928085	-15975.529370	22103.237760	-2424.918404	-1023.665193	-17820.509412	61732.344238	-20126.628295	-30539.590781	6695.263886	7696.622037	-0.002000	0.974000	-0.172000	192.000000	127.500000	120.000000	15.000000	56.000000	125.000000	80.000000	0.000000	0.000000	0.000000	1741889954.103774	0.000000
82.000000	32658.692617	5594.015788	-41976.576087	-8220.859852	-25896.664071	-25622.475221	-15968.712088	22110.569133	-2422.929099	-1022.502902	-17820.151784	61727.136281	-20117.732300	-30534.449879	6702.215278	7705.607439	-0.002000	0.974000	-0.172000	192.000000	0.000000	0.000000	0.000000	0.000000	0.000000	0.000000	0.000000	0.000000	0.000000	1741889954.103836	0.000000
84.000000	32641.705291	5567.819544	-41983.214555	-8239.992945	-25905.358899	-25648.313838	-15977.473972	22091.078411	-2433.032087	-1051.180190	-17832.065264	61717.659142	-20121.442690	-30556.443996	6697.655523	7692.755186	-0.002000	0.974000	-0.172000	192.000000	0.000000	0.000000	0.000000	0.000000	0.000000	0.000000	0.000000	0.000000	0.000000	1741889954.103898	0.000000
86.000000	32627.891913	5563.796230	-41984.734474	-8228.548852	-25897.938120	-25639.887230	-15968.108591	22097.873342	-2447.918349	-1059.293873	-17838.681381	61704.516316	-20130.830423	-30565.697618	6695.576810	7688.329540	-0.002000	0.974000	-0.172000	192.000000	0.000000	0.000000	0.000000	0.000000	0.000000	0.000000	0.000000	0.000000	0.000000	1741889954.163847	0.000000
88.000000	32633.278684	5564.220913	-41979.615924	-8224.369076	-25893.311309	-25634.589867	-15963.325317	22101.919008	-2453.372175	-1056.812830	-17837.340276	61711.423005	-20127.857641	-30560.959048	6699.510717	7694.409215	-0.002000	0.974000	-0.172000	192.000000	0.000000	0.000000	0.000000	0.000000	0.000000	0.000000	0.000000	0.000000	0.000000	1741889954.163912	0.000000
90.000000	32621.052280	5561.382241	-41993.228137	-8229.174701	-25895.859408	-25634.142832	-15960.151370	22105.584694	-2444.342070	-1054.756469	-17833.004037	61710.283066	-20121.532097	-30559.774406	6703.399921	7698.588991	-0.002000	0.968000	-0.174000	192.000000	127.500000	120.000000	15.000000	32.000000	125.000000	72.000000	0.000000	0.000000	0.000000	1741889954.163967	0.000000
92.000000	32614.592625	5548.932320	-41990.925907	-8236.483721	-25891.299652	-25639.998989	-15957.156236	22103.930665	-2457.529599	-1061.730213	-17842.481177	61709.567810	-20138.653533	-30565.675266	6698.907220	7692.576372	-0.002000	0.968000	-0.174000	192.000000	0.000000	0.000000	0.000000	0.000000	0.000000	0.000000	0.000000	0.000000	0.000000	1741889954.164025	0.000000
94.000000	32619.554713	5561.918683	-41981.851099	-8219.116416	-25875.519320	-25621.268227	-15938.023143	22127.422348	-2451.919312	-1060.366757	-17838.167290	61709.545459	-20122.806146	-30562.344857	6709.166671	7700.287724	-0.002000	0.968000	-0.174000	192.000000	0.000000	0.000000	0.000000	0.000000	0.000000	0.000000	0.000000	0.000000	0.000000	1741889954.164074	0.000000
96.000000	32613.452686	5550.876922	-41987.528442	-8233.086256	-25888.125704	-25633.986370	-15953.736419	22114.212467	-2449.751192	-1053.348309	-17838.077883	61712.719406	-20117.799356	-30555.952258	6712.586488	7708.513166	-0.002000	0.968000	-0.174000	192.000000	0.000000	0.000000	0.000000	0.000000	0.000000	0.000000	0.000000	0.000000	0.000000	1741889954.164126	0.000000
98.000000	32598.432314	5542.472666	-41996.960878	-8240.082352	-25892.886626	-25640.960114	-15959.749038	22105.316473	-2457.440192	-1066.602894	-17844.023448	61702.571714	-20125.309542	-30572.917232	6701.857651	7696.107947	-0.002000	0.968000	-0.174000	192.000000	0.000000	0.000000	0.000000	0.000000	0.000000	0.000000	0.000000	0.000000	0.000000	1741889954.164174	0.000000
100.000000	32610.792829	5546.205407	-41983.840404	-8246.251434	-25888.997422	-25644.625800	-15957.022125	22105.629397	-2456.613178	-1067.564019	-17841.721218	61692.155801	-20120.705083	-30576.560566	6702.058816	7687.726043	0.002000	0.968000	-0.178000	192.000000	0.000000	8.000000	15.000000	32.000000	125.000000	56.000000	0.000000	0.000000	0.000000	1741889954.164222	0.000000
102.000000	32590.005707	5538.739924	-42004.202843	-8255.326242	-25904.196609	-25658.148606	-15970.388469	22095.906388	-2461.687024	-1073.733100	-17844.381075	61694.435679	-20123.409644	-30586.842368	6696.604991	7679.142973	0.002000	0.968000	-0.178000	192.000000	0.000000	0.000000	0.000000	0.000000	0.000000	0.000000	0.000000	0.000000	0.000000	1741889954.224124	0.000000
104.000000	32608.445896	5549.088782	-41994.792759	-8246.944338	-25902.117896	-25652.225393	-15967.080410	22100.242627	-2467.051443	-1076.594123	-17851.019544	61686.433755	-20140.776949	-30592.720877	6690.860592	7677.667758	0.002000	0.968000	-0.178000	192.000000	0.000000	0.000000	0.000000	0.000000	0.000000	0.000000	0.000000	0.000000	0.000000	1741889954.224196	0.000000
106.000000	32600.846303	5552.776820	-42001.185358	-8235.097913	-25902.117896	-25641.071873	-15962.699468	22105.785859	-2468.593713	-1064.546533	-17849.007887	61701.699996	-20137.088911	-30585.143636	6696.403825	7688.620113	0.002000	0.968000	-0.178000	192.000000	0.000000	0.000000	0.000000	0.000000	0.000000	0.000000	0.000000	0.000000	0.000000	1741889954.224261	0.000000
108.000000	32622.728660	5575.754413	-41990.635334	-8222.513881	-25895.568835	-25630.298332	-15958.296175	22113.452508	-2466.179724	-1045.189922	-17844.224613	61703.376377	-20135.390179	-30569.251546	6702.416444	7703.416968	0.002000	0.968000	-0.178000	192.000000	0.000000	0.000000	0.000000	0.000000	0.000000	0.000000	0.000000	0.000000	0.000000	1741889954.224314	0.000000
110.000000	32610.256387	5565.025576	-42004.471064	-8236.506073	-25899.122763	-25637.160318	-15960.285480	22110.256208	-2463.765736	-1043.357079	-17849.566680	61716.675665	-20139.189975	-30571.218499	6699.711883	7698.052549	0.002000	0.978000	-0.176000	192.000000	0.000000	8.000000	15.000000	72.000000	125.000000	64.000000	0.000000	0.000000	0.000000	1741889954.224367	0.000000
112.000000	32617.073669	5568.959483	-42000.961840	-8239.054172	-25894.160675	-25637.383835	-15956.508035	22111.776127	-2462.715204	-1040.272539	-17848.046762	61703.711653	-20132.529155	-30567.508110	6703.824604	7699.281895	0.002000	0.978000	-0.176000	192.000000	0.000000	0.000000	0.000000	0.000000	0.000000	0.000000	0.000000	0.000000	0.000000	1741889954.224422	0.000000
114.000000	32614.123239	5567.014881	-42005.007506	-8249.559492	-25896.015870	-25644.424635	-15961.648936	22105.495287	-2467.699643	-1046.665138	-17854.417009	61703.756357	-20133.289115	-30579.265127	6698.884868	7688.195430	0.002000	0.978000	-0.176000	192.000000	0.000000	0.000000	0.000000	0.000000	0.000000	0.000000	0.000000	0.000000	0.000000	1741889954.224475	0.000000
116.000000	32624.628559	5580.247114	-41991.730570	-8233.421532	-25885.108219	-25625.984445	-15947.053247	22124.561325	-2460.167105	-1045.636957	-17848.739666	61687.014900	-20126.404777	-30579.823921	6697.364950	7690.452956	0.002000	0.978000	-0.176000	192.000000	0.000000	0.000000	0.000000	0.000000	0.000000	0.000000	0.000000	0.000000	0.000000	1741889954.284422	0.000000
118.000000	32621.320501	5577.564904	-41998.324334	-8235.366134	-25894.875931	-25631.728844	-15951.635355	22122.124985	-2463.095184	-1027.643803	-17845.476311	61712.406482	-20135.256068	-30566.390522	6704.852784	7702.813471	0.002000	0.978000	-0.176000	192.000000	0.000000	0.000000	0.000000	0.000000	0.000000	0.000000	0.000000	0.000000	0.000000	1741889954.284480	0.000000
120.000000	32638.687806	5588.338445	-41992.915212	-8228.571204	-25887.678669	-25624.643341	-15944.907480	22131.468014	-2455.495591	-1031.309489	-17842.391770	61695.262694	-20129.176394	-30573.498377	6702.058816	7707.149709	0.002000	0.978000	-0.176000	192.000000	0.000000	0.000000	15.000000	80.000000	125.000000	88.000000	0.000000	0.000000	0.000000	1741889954.284530	0.000000
122.000000	32634.440975	5583.018730	-41998.637259	-8239.322393	-25896.105277	-25631.505326	-15955.323393	22125.969485	-2444.990271	-1026.928547	-17838.457863	61705.365682	-20122.068539	-30570.637354	6703.578735	7709.317828	0.002000	0.978000	-0.176000	192.000000	0.000000	0.000000	0.000000	0.000000	0.000000	0.000000	0.000000	0.000000	0.000000	1741889954.284583	0.000000
124.000000	32638.129012	5593.144070	-41993.138730	-8233.309774	-25886.695193	-25622.162297	-15945.600384	22137.592392	-2451.293463	-1022.525254	-17844.872814	61683.818601	-20130.428091	-30572.291383	6703.444624	7708.356703	0.002000	0.978000	-0.176000	192.000000	0.000000	0.000000	0.000000	0.000000	0.000000	0.000000	0.000000	0.000000	0.000000	1741889954.284648	0.000000
126.000000	32641.057091	5601.481271	-41983.192203	-8231.007544	-25876.346335	-25620.150640	-15934.692733	22144.141453	-2443.179779	-1002.766311	-17834.456901	61702.929342	-20114.111318	-30556.041665	6723.628250	7722.415951	0.002000	0.978000	-0.176000	192.000000	0.000000	0.000000	0.000000	0.000000	0.000000	0.000000	0.000000	0.000000	0.000000	1741889954.284704	0.000000
128.000000	32636.989073	5610.399617	-41985.807358	-8222.580936	-25874.759361	-25617.781355	-15935.184471	22140.855746	-2447.739535	-1010.097684	-17843.822282	61682.097516	-20128.259972	-30561.651952	6718.152072	7718.817320	0.002000	0.978000	-0.176000	192.000000	0.000000	0.000000	0.000000	0.000000	0.000000	0.000000	0.000000	0.000000	0.000000	1741889954.284765	0.000000
130.000000	32654.356379	5625.822321	-41970.250543	-8208.007599	-25858.353181	-25604.459715	-15917.437186	22156.099636	-2431.020430	-989.064692	-17827.661971	61708.919610	-20113.619580	-30542.116528	6731.563119	7735.871701	0.002000	0.966000	-0.170000	192.000000	0.000000	8.000000	15.000000	24.000000	125.000000	88.000000	0.000000	0.000000	0.000000	1741889954.284822	0.000000
132.000000	32642.152326	5616.836919	-41980.733512	-8222.268012	-25867.249175	-25615.523829	-15926.959029	22146.980124	-2429.791085	-992.819785	-17828.578392	61697.475516	-20111.876143	-30545.670455	6728.590337	7734.597651	0.002000	0.966000	-0.170000	192.000000	0.000000	0.000000	0.000000	0.000000	0.000000	0.000000	0.000000	0.000000	0.000000	1741889954.344616	0.000000
134.000000	32644.298094	5613.461806	-41984.376846	-8231.074599	-25878.961489	-25621.849373	-15939.051323	22137.681799	-2431.221596	-1004.330934	-17832.422892	61696.380281	-20121.286228	-30555.058188	6718.420293	7725.679305	0.002000	0.966000	-0.170000	192.000000	0.000000	0.000000	0.000000	0.000000	0.000000	0.000000	0.000000	0.000000	0.000000	1741889954.344686	0.000000
136.000000	32636.296169	5618.133321	-41988.467215	-8225.240794	-25879.162655	-25614.518000	-15938.671343	22141.392188	-2430.774561	-998.206556	-17830.612401	61691.753470	-20117.061748	-30550.654894	6712.854709	7727.400390	0.002000	0.966000	-0.170000	192.000000	0.000000	0.000000	0.000000	0.000000	0.000000	0.000000	0.000000	0.000000	0.000000	1741889954.344739	0.000000
138.000000	32633.524553	5610.600783	-41987.014352	-8226.336029	-25883.208321	-25620.374157	-15946.092122	22136.206584	-2437.189512	-998.474777	-17837.876718	61694.368624	-20129.355208	-30549.984342	6708.585526	7725.791064	0.002000	0.966000	-0.170000	192.000000	0.000000	0.000000	0.000000	0.000000	0.000000	0.000000	0.000000	0.000000	0.000000	1741889954.344788	0.000000
140.000000	32630.328254	5614.534690	-41980.197070	-8213.014390	-25858.934326	-25603.476239	-15912.475099	22156.949002	-2434.194378	-1009.717704	-17841.564756	61683.662138	-20123.521402	-30553.292400	6717.839148	7729.613212	0.006000	0.970000	-0.176000	192.000000	0.000000	24.000000	15.000000	40.000000	125.000000	64.000000	0.000000	0.000000	0.000000	1741889954.344837	0.000000
142.000000	32612.938596	5586.885582	-41989.137767	-8233.265070	-25868.500873	-25622.609332	-15925.997904	22141.302781	-2426.930061	-1002.498091	-17833.920459	61693.295740	-20111.585571	-30540.753071	6737.620442	7743.292480	0.006000	0.970000	-0.176000	192.000000	0.000000	0.000000	0.000000	0.000000	0.000000	0.000000	0.000000	0.000000	0.000000	1741889954.344889	0.000000
144.000000	32581.623802	5566.903122	-42010.416628	-8251.057059	-25882.448361	-25640.960114	-15942.068808	22122.996703	-2458.915408	-1036.003356	-17867.157503	61659.119923	-20134.809033	-30572.827825	6712.161805	7713.117625	0.006000	0.970000	-0.176000	192.000000	0.000000	0.000000	0.000000	0.000000	0.000000	0.000000	0.000000	0.000000	0.000000	1741889954.344938	0.000000
146.000000	32584.820102	5562.365718	-41997.542023	-8249.850064	-25885.421143	-25643.888193	-15945.086294	22116.581752	-2463.989254	-1048.676795	-17872.477218	61647.117036	-20135.770158	-30581.053267	6705.769206	7704.601610	0.006000	0.970000	-0.176000	192.000000	0.000000	0.000000	0.000000	0.000000	0.000000	0.000000	0.000000	0.000000	0.000000	1741889954.404075	0.000000
148.000000	32580.841491	5564.802058	-41998.346686	-8244.060963	-25888.170408	-25635.171012	-15947.254413	22124.315455	-2451.785201	-1036.226873	-17860.943718	61662.070353	-20136.306600	-30566.748150	6713.637020	7715.755131	0.006000	0.970000	-0.176000	192.000000	0.000000	0.000000	0.000000	0.000000	0.000000	0.000000	0.000000	0.000000	0.000000	1741889954.404150	0.000000
150.000000	32588.195215	5561.561055	-41985.673247	-8239.188282	-25876.145169	-25627.057329	-15933.776311	22135.290162	-2457.864876	-1043.446486	-17862.128361	61649.933356	-20135.993676	-30570.212671	6709.479595	7715.822186	0.006000	0.970000	-0.168000	192.000000	0.000000	24.000000	15.000000	40.000000	125.000000	96.000000	0.000000	0.000000	0.000000	1741889954.404210	0.000000
152.000000	32584.775398	5567.685433	-41991.350590	-8231.298117	-25870.177254	-25617.669596	-15925.550869	22141.548650	-2451.360518	-1045.927530	-17858.663840	61660.885711	-20131.188051	-30566.099950	6715.849843	7720.493701	0.006000	0.970000	-0.168000	192.000000	0.000000	0.000000	0.000000	0.000000	0.000000	0.000000	0.000000	0.000000	0.000000	1741889954.404275	0.000000
154.000000	32577.175805	5553.536779	-41994.278669	-8234.382657	-25875.519320	-25619.055405	-15930.736474	22141.079264	-2441.123419	-1032.270614	-17848.225575	61664.171417	-20112.323178	-30548.822051	6729.596165	7739.179759	0.006000	0.970000	-0.168000	192.000000	0.000000	0.000000	0.000000	0.000000	0.000000	0.000000	0.000000	0.000000	0.000000	1741889954.404329	0.000000
156.000000	32574.672410	5555.079049	-41999.352515	-8236.461370	-25871.361896	-25616.864934	-15924.030951	22148.254174	-2461.508210	-1055.002338	-17871.896073	61645.530062	-20145.292001	-30567.150482	6710.351313	7724.382904	0.006000	0.970000	-0.168000	192.000000	0.000000	0.000000	0.000000	0.000000	0.000000	0.000000	0.000000	0.000000	0.000000	1741889954.404381	0.000000
158.000000	32573.912451	5546.853608	-41990.389465	-8237.131922	-25867.226823	-25620.351806	-15920.499375	22146.622496	-2452.299291	-1056.499905	-17864.207073	61639.539795	-20127.455309	-30565.183528	6724.656430	7733.033029	0.006000	0.970000	-0.168000	192.000000	0.000000	0.000000	0.000000	0.000000	0.000000	0.000000	0.000000	0.000000	0.000000	1741889954.404434	0.000000
160.000000	32552.052444	5529.978040	-42006.348611	-8251.794666	-25884.772943	-25639.484899	-15940.705352	22126.863554	-2462.782259	-1060.456164	-17871.404334	61645.753580	-20133.423225	-30573.252508	6719.090845	7722.706523	0.006000	0.976000	-0.170000	192.000000	0.000000	24.000000	15.000000	64.000000	125.000000	88.000000	0.000000	0.000000	0.000000	1741889954.404483	0.000000
162.000000	32561.015494	5535.722439	-41999.173701	-8245.200902	-25881.442533	-25637.517945	-15939.051323	22129.456357	-2464.905675	-1064.323016	-17874.555930	61631.739036	-20141.492205	-30579.801569	6713.189985	7713.587012	0.006000	0.976000	-0.170000	192.000000	0.000000	0.000000	0.000000	0.000000	0.000000	0.000000	0.000000	0.000000	0.000000	1741889954.463838	0.000000
164.000000	32554.533488	5529.620413	-42002.526462	-8252.979309	-25887.522207	-25649.185556	-15946.762675	22116.760566	-2467.811402	-1074.627170	-17878.422782	61636.276440	-20139.771121	-30588.250528	6707.266773	7706.613267	0.006000	0.976000	-0.170000	192.000000	0.000000	0.000000	0.000000	0.000000	0.000000	0.000000	0.000000	0.000000	0.000000	1741889954.463894	0.000000
166.000000	32565.798767	5541.399782	-41985.405026	-8237.757771	-25874.647602	-25630.544201	-15930.982343	22138.620572	-2457.976634	-1066.424080	-17865.861102	61630.263821	-20138.117091	-30580.628584	6720.588412	7721.968916	0.006000	0.976000	-0.170000	192.000000	0.000000	0.000000	0.000000	0.000000	0.000000	0.000000	0.000000	0.000000	0.000000	1741889954.463944	0.000000
168.000000	32569.084474	5546.272462	-41983.415721	-8231.365172	-25874.781713	-25628.867820	-15930.334142	22137.525336	-2451.561684	-1066.759356	-17857.859177	61648.011106	-20128.528193	-30576.247642	6727.718619	7735.067038	0.006000	0.976000	-0.170000	192.000000	0.000000	0.000000	0.000000	0.000000	0.000000	0.000000	0.000000	0.000000	0.000000	1741889954.464000	0.000000
170.000000	32575.119445	5550.787515	-41993.965744	-8239.992945	-25885.018812	-25634.612219	-15938.783102	22127.690569	-2449.035936	-1063.831277	-17858.373267	61635.583536	-20131.299809	-30572.336086	6721.057799	7729.434398	0.004000	0.968000	-0.168000	192.000000	0.000000	16.000000	15.000000	32.000000	125.000000	96.000000	0.000000	0.000000	0.000000	1741889954.464059	0.000000
172.000000	32575.611183	5553.492076	-41995.664477	-8242.272823	-25891.031431	-25637.361483	-15939.721875	22122.169688	-2454.869742	-1062.356062	-17861.435456	61647.273498	-20131.568030	-30574.258336	6715.022828	7719.107892	0.004000	0.968000	-0.168000	192.000000	0.000000	0.000000	0.000000	0.000000	0.000000	0.000000	0.000000	0.000000	0.000000	1741889954.464122	0.000000
174.000000	32577.175805	5555.257863	-41994.792759	-8241.825788	-25888.684498	-25630.588905	-15935.765616	22134.261982	-2457.596655	-1063.965388	-17863.938852	61635.292963	-20144.062655	-30575.912365	6714.866366	7716.313924	0.004000	0.968000	-0.168000	192.000000	0.000000	0.000000	0.000000	0.000000	0.000000	0.000000	0.000000	0.000000	0.000000	1741889954.464176	0.000000
176.000000	32586.295317	5562.812753	-41981.806395	-8233.555643	-25878.514454	-25622.788146	-15925.752035	22143.381493	-2453.282768	-1065.530010	-17859.692020	61642.512577	-20139.525251	-30578.326354	6720.454302	7718.504395	0.004000	0.968000	-0.168000	192.000000	0.000000	0.000000	0.000000	0.000000	0.000000	0.000000	0.000000	0.000000	0.000000	1741889954.524164	0.000000
178.000000	32584.797750	5564.958521	-41992.512881	-8235.164968	-25881.733105	-25627.951399	-15929.730645	22134.373740	-2448.700660	-1049.839085	-17851.511282	61645.686525	-20126.360074	-30562.903650	6732.457189	7729.412047	0.004000	0.968000	-0.168000	192.000000	0.000000	0.000000	0.000000	0.000000	0.000000	0.000000	0.000000	0.000000	0.000000	1741889954.524232	0.000000
