%OpenBCI Raw EXG Data
%Number of channels = 8
%Sample Rate = 250 Hz
%Board = OpenBCI_GUI$BoardCytonSerial
Sample Index, EXG Channel 0, EXG Channel 1, EXG Channel 2, EXG Channel 3, EXG Channel 4, EXG Channel 5, EXG Channel 6, EXG Channel 7, Accel Channel 0, Accel Channel 1, Accel Channel 2, Not Used, Digital Channel 0 (D11), Digital Channel 1 (D12), Digital Channel 2 (D13), Digital Channel 3 (D17), Not Used, Digital Channel 4 (D18), Analog Channel 0, Analog Channel 1, Analog Channel 2, Timestamp, Marker Channel, Timestamp (Formatted)
71.0, -10048.472589072298, 1049.0344225209265, -25526.38507203878, -9754.055411106994, -133793.3401815105, -17165.648003297807, -27161.683399877955, -34627.456620628436, 0.0, 0.0, 0.0, 192.0, 0.0, 0.0, 0.0, 0.0, 0.0, 0.0, 0.0, 0.0, 0.0, 1.741026571457806E9, 0.0, 2025-03-03 12:29:31.457
72.0, -10083.363662167032, 1021.2959076518903, -25560.650296288764, -9781.369242831379, -133821.45867603525, -17176.287433658534, -27188.19256880195, -34647.1261557491, 0.0, 0.0, 0.0, 192.0, 0.0, 0.0, 0.0, 0.0, 0.0, 0.0, 0.0, 0.0, 0.0, 1.741026571457859E9, 0.0, 2025-03-03 12:29:31.457
73.0, -10065.459914858331, 1072.0343675654374, -25561.946697467174, -9806.537307088054, -133780.1750040263, -17179.193160437724, -27183.7669233998, -34650.70243486195, 0.0, 0.0, 0.0, 192.0, 0.0, 0.0, 0.0, 0.0, 0.0, 0.0, 0.0, 0.0, 0.0, 1.741026571457897E9, 0.0, 2025-03-03 12:29:31.457
74.0, -10004.529059473165, 1128.0701909148922, -25547.641581015778, -9763.97958564515, -133721.3675643644, -17163.837511996928, -27172.032257560764, -34645.6285888706, -0.202, 0.9500000000000001, -0.138, 192.0, 249.0, 176.0, 29.0, 176.0, 251.0, 176.0, 0.0, 0.0, 0.0, 1.741026571457956E9, 0.0, 2025-03-03 12:29:31.457
75.0, -10084.101269734057, 1062.624283149753, -25575.290688906993, -9772.853228193908, -133744.03223324206, -17179.64019532683, -27188.885472880065, -34661.990065811886, -0.202, 0.9500000000000001, -0.138, 192.0, 0.0, 0.0, 0.0, 0.0, 0.0, 0.0, 0.0, 0.0, 0.0, 1.741026571458E9, 0.0, 2025-03-03 12:29:31.458
76.0, -10069.080897460091, 1027.2638234214573, -25574.73189529561, -9788.6112080349, -133762.22655322868, -17198.303901947012, -27196.395659017046, -34661.207754755946, -0.202, 0.9500000000000001, -0.138, 192.0, 0.0, 0.0, 0.0, 0.0, 0.0, 0.0, 0.0, 0.0, 0.0, 1.741026571458038E9, 0.0, 2025-03-03 12:29:31.458
77.0, -10030.613545252509, 1085.1324898162472, -25564.315982379438, -9753.36250702888, -133721.54637832002, -17161.11059917338, -27192.171179314995, -34648.51196390533, -0.202, 0.9500000000000001, -0.138, 192.0, 0.0, 0.0, 0.0, 0.0, 0.0, 0.0, 0.0, 0.0, 0.0, 1.741026571458076E9, 0.0, 2025-03-03 12:29:31.458
78.0, -9995.78952739114, 1158.490915118565, -25545.227592614603, -9749.808579660485, -133642.801182604, -17156.50613981559, -27177.28491750776, -34640.06300450123, -0.202, 0.9500000000000001, -0.138, 192.0, 0.0, 0.0, 0.0, 0.0, 0.0, 0.0, 0.0, 0.0, 0.0, 1.74102657145813E9, 0.0, 2025-03-03 12:29:31.458
79.0, -10123.462691719853, 1077.3093792568898, -25586.757133812564, -9777.904722440806, -133655.0946420544, -17178.902587759803, -27188.52784496878, -34655.396301197565, -0.202, 0.9500000000000001, -0.138, 192.0, 0.0, 0.0, 0.0, 0.0, 0.0, 0.0, 0.0, 0.0, 0.0, 1.741026571458176E9, 0.0, 2025-03-03 12:29:31.458
80.0, -10092.416118671432, 1032.6058903462756, -25554.86119447484, -9770.774515959563, -133677.46873825416, -17170.096000444413, -27183.409295488513, -34652.33411220719, -0.202, 0.9500000000000001, -0.138, 192.0, 0.0, 0.0, 0.0, 0.0, 0.0, 0.0, 0.0, 0.0, 0.0, 1.741026571458215E9, 0.0, 2025-03-03 12:29:31.458
81.0, -10043.868129714505, 1059.1597627591805, -25551.709598506644, -9785.638426022342, -133672.64076145182, -17201.768422337584, -27188.125513568582, -34669.96963858243, -0.202, 0.9500000000000001, -0.138, 192.0, 0.0, 0.0, 0.0, 0.0, 0.0, 0.0, 0.0, 0.0, 0.0, 1.741026571458253E9, 0.0, 2025-03-03 12:29:31.458
82.0, -10051.98181295178, 1119.7776937219733, -25558.862156732343, -9778.463516052188, -133618.14720846977, -17168.3525643769, -27185.175083300484, -34663.46528094593, -0.202, 0.9500000000000001, -0.138, 192.0, 0.0, 0.0, 0.0, 0.0, 0.0, 0.0, 0.0, 0.0, 0.0, 1.741026571458292E9, 0.0, 2025-03-03 12:29:31.458
83.0, -10074.266502173723, 1087.2112020505908, -25545.96520018163, -9783.112678898893, -133601.3834001283, -17173.001727223604, -27178.38015298607, -34649.316626705724, -0.202, 0.9500000000000001, -0.138, 192.0, 0.0, 0.0, 0.0, 0.0, 0.0, 0.0, 0.0, 0.0, 0.0, 1.741026571458337E9, 0.0, 2025-03-03 12:29:31.458
84.0, -10200.196230434924, 1003.6603812766531, -25589.34993616938, -9817.713179315708, -133649.28318849602, -17198.41566066929, -27204.57639748769, -34667.28742924779, -0.198, 0.9540000000000001, -0.138, 192.0, 249.0, 208.0, 29.0, 208.0, 251.0, 176.0, 0.0, 0.0, 0.0, 1.741026571458376E9, 0.0, 2025-03-03 12:29:31.458
85.0, -10069.594987582563, 1029.2531286779797, -25557.208127642647, -9815.120376958892, -133636.20741798967, -17214.911248077304, -27197.75911542882, -34667.28742924779, -0.198, 0.9540000000000001, -0.138, 192.0, 0.0, 0.0, 0.0, 0.0, 0.0, 0.0, 0.0, 0.0, 0.0, 1.741026571458432E9, 0.0, 2025-03-03 12:29:31.458
86.0, -9881.750927180163, 1139.2907666314563, -25510.537685219966, -9735.458759720179, -133522.8617218568, -17142.759816975573, -27177.486083207856, -34642.45464115794, -0.198, 0.9540000000000001, -0.138, 192.0, 0.0, 0.0, 0.0, 0.0, 0.0, 0.0, 0.0, 0.0, 0.0, 1.741026571458485E9, 0.0, 2025-03-03 12:29:31.458
87.0, -9996.16950704688, 1089.8934113852276, -25548.96033393864, -9775.423678806268, -133509.0036402945, -17191.151343721314, -27197.15561832853, -34662.124176278616, -0.198, 0.9540000000000001, -0.138, 192.0, 0.0, 0.0, 0.0, 0.0, 0.0, 0.0, 0.0, 0.0, 0.0, 1.741026571458532E9, 0.0, 2025-03-03 12:29:31.458
88.0, -10113.76203462625, 1007.0354946894043, -25570.708581293653, -9780.721042242176, -133553.3718530383, -17188.178561708755, -27193.84756014914, -34659.464318688435, -0.198, 0.9540000000000001, -0.138, 192.0, 0.0, 0.0, 0.0, 0.0, 0.0, 0.0, 0.0, 0.0, 0.0, 1.741026571458571E9, 0.0, 2025-03-03 12:29:31.458
89.0, -10081.553170866153, 1010.2764976354239, -25542.277162346505, -9791.338120858445, -133563.16191710974, -17197.4098321688, -27188.259624035316, -34664.29229549078, -0.198, 0.9540000000000001, -0.138, 192.0, 0.0, 0.0, 0.0, 0.0, 0.0, 0.0, 0.0, 0.0, 0.0, 1.741026571458615E9, 0.0, 2025-03-03 12:29:31.458
0.0, 0.0, 0.0, 0.0, 0.0, 0.0, 0.0, 0.0, 0.0, -0.198, 0.9540000000000001, -0.138, 192.0, 0.0, 0.0, 0.0, 0.0, 0.0, 0.0, 0.0, 0.0, 0.0, 1.741026571548186E9, 0.0, 2025-03-03 12:29:31.548
1.0, -9675.332567135401, 1598.216783787821, -25582.35384015487, -10363.967462058958, -166095.74599215342, -17010.482193289066, -27692.000888824572, -34776.72157010098, -0.074, 0.966, -0.14, 192.0, 253.0, 176.0, 30.0, 48.0, 251.0, 160.0, 0.0, 0.0, 0.0, 1.741026571607376E9, 0.0, 2025-03-03 12:29:31.607
2.0, -9615.42989199518, 1682.7957848067028, -25579.023430231027, -10363.408668447575, -166056.87630854564, -16994.634806470254, -27697.09708656038, -34783.78472134885, -0.074, 0.966, -0.14, 192.0, 0.0, 0.0, 0.0, 0.0, 0.0, 0.0, 0.0, 0.0, 0.0, 1.741026571607433E9, 0.0, 2025-03-03 12:29:31.607
3.0, -9614.71463617261, 1708.8355670971355, -25579.381058142313, -10369.756563872883, -166037.45264261396, -17004.78249845296, -27695.890092359794, -34789.79734060733, -0.074, 0.966, -0.14, 192.0, 0.0, 0.0, 0.0, 0.0, 0.0, 0.0, 0.0, 0.0, 0.0, 1.741026571607516E9, 0.0, 2025-03-03 12:29:31.607
4.0, -9683.803878283963, 1627.341106813086, -25587.852369290875, -10369.600101661696, -166084.9948030704, -17007.50941127651, -27702.126229062826, -34795.76525637689, -0.074, 0.966, -0.14, 192.0, 0.0, 0.0, 0.0, 0.0, 0.0, 0.0, 0.0, 0.0, 0.0, 1.741026571607562E9, 0.0, 2025-03-03 12:29:31.607
5.0, -9686.150811451771, 1608.7444554262706, -25588.366459413348, -10374.830409864237, -166111.28045454985, -17010.50454503352, -27701.858008129362, -34791.07139004128, -0.074, 0.966, -0.14, 192.0, 0.0, 0.0, 0.0, 0.0, 0.0, 0.0, 0.0, 0.0, 0.0, 1.7410265716076E9, 0.0, 2025-03-03 12:29:31.607
6.0, -9641.112046374326, 1665.629645065027, -25582.622061088332, -10374.316319741765, -166107.2571405479, -17008.537591521454, -27702.707374418664, -34798.40276222262, -0.074, 0.966, -0.14, 192.0, 0.0, 0.0, 0.0, 0.0, 0.0, 0.0, 0.0, 0.0, 0.0, 1.741026571607639E9, 0.0, 2025-03-03 12:29:31.607
7.0, -9617.240383296059, 1719.8773288580574, -25589.327584424926, -10375.143334286611, -166067.11340750617, -17009.588123510854, -27706.842447142895, -34799.87797735667, -0.074, 0.966, -0.14, 192.0, 0.0, 0.0, 0.0, 0.0, 0.0, 0.0, 0.0, 0.0, 0.0, 1.741026571607677E9, 0.0, 2025-03-03 12:29:31.607
8.0, -9688.229523686114, 1638.1369993849994, -25594.021450760538, -10375.411555220075, -166107.59241671473, -17009.833992699863, -27702.86383662985, -34793.28421274236, -0.012, 0.966, -0.14200000000000002, 192.0, 255.0, 160.0, 30.0, 48.0, 251.0, 144.0, 0.0, 0.0, 0.0, 1.741026571607715E9, 0.0, 2025-03-03 12:29:31.607
9.0, -9709.35192219638, 1604.3635135130303, -25599.92231129674, -10380.23953202242, -166147.2667631229, -17013.097347390336, -27707.602406454374, -34799.96738433449, -0.012, 0.966, -0.14200000000000002, 192.0, 0.0, 0.0, 0.0, 0.0, 0.0, 0.0, 0.0, 0.0, 0.0, 1.741026571607757E9, 0.0, 2025-03-03 12:29:31.607
10.0, -9659.731049505597, 1660.3546333735746, -25590.981613514617, -10366.426153949042, -166128.20072510254, -17001.765012951495, -27704.24964478608, -34796.59227092174, -0.012, 0.966, -0.14200000000000002, 192.0, 0.0, 0.0, 0.0, 0.0, 0.0, 0.0, 0.0, 0.0, 0.0, 1.741026571607802E9, 0.0, 2025-03-03 12:29:31.607
11.0, -9620.168461819705, 1724.5041399603058, -25592.166255970747, -10360.502941668385, -166092.6167479297, -17002.346158307333, -27708.116496576848, -34800.526177945874, -0.012, 0.966, -0.14200000000000002, 192.0, 0.0, 0.0, 0.0, 0.0, 0.0, 0.0, 0.0, 0.0, 0.0, 1.741026571607856E9, 0.0, 2025-03-03 12:29:31.607
12.0, -9686.799012040974, 1649.0670024236445, -25593.172084471236, -10354.870302065649, -166134.9062484391, -17007.621169998787, -27702.95324360767, -34803.25309076942, -0.012, 0.966, -0.14200000000000002, 192.0, 0.0, 0.0, 0.0, 0.0, 0.0, 0.0, 0.0, 0.0, 0.0, 1.741026571607909E9, 0.0, 2025-03-03 12:29:31.607
13.0, -9717.465605433656, 1598.1720802989103, -25582.35384015487, -10351.070505508245, -166202.85555158326, -16998.07697511637, -27694.19135978119, -34788.6126981512, -0.012, 0.966, -0.14200000000000002, 192.0, 0.0, 0.0, 0.0, 0.0, 0.0, 0.0, 0.0, 0.0, 0.0, 1.741026571607947E9, 0.0, 2025-03-03 12:29:31.607
14.0, -9676.651320058265, 1653.0232611922338, -25585.237215189605, -10361.128790513134, -166191.94790028906, -17006.861210687304, -27702.99794709658, -34792.12192203068, -0.012, 0.966, -0.14200000000000002, 192.0, 0.0, 0.0, 0.0, 0.0, 0.0, 0.0, 0.0, 0.0, 0.0, 1.741026571607985E9, 0.0, 2025-03-03 12:29:31.607
15.0, -9614.80404315043, 1750.5439222507384, -25588.92525302473, -10378.205523276989, -166119.21532383148, -17015.28781834696, -27713.570322223943, -34803.92364310308, -0.012, 0.966, -0.14200000000000002, 192.0, 0.0, 0.0, 0.0, 0.0, 0.0, 0.0, 0.0, 0.0, 0.0, 1.74102657160803E9, 0.0, 2025-03-03 12:29:31.608
16.0, -9654.366630836324, 1698.9113925589793, -25580.67745932072, -10351.249319463888, -166129.09479488074, -17004.60368449732, -27700.315737761946, -34801.28613725735, -0.012, 0.966, -0.14200000000000002, 192.0, 0.0, 0.0, 0.0, 0.0, 0.0, 0.0, 0.0, 0.0, 0.0, 1.741026571667153E9, 0.0, 2025-03-03 12:29:31.667
17.0, -9712.63762863131, 1610.666705449427, -25581.124494209827, -10353.909177054069, -166218.14414479068, -16997.22760882707, -27695.331298748413, -34799.40859072311, -0.012, 0.966, -0.14200000000000002, 192.0, 0.0, 0.0, 0.0, 0.0, 0.0, 0.0, 0.0, 0.0, 0.0, 1.741026571667208E9, 0.0, 2025-03-03 12:29:31.667
18.0, -9687.849544030374, 1635.499493539273, -25595.608424616865, -10377.557322687784, -166221.6757204146, -17011.398614811733, -27705.47899073112, -34807.85755012721, 0.024, 0.972, -0.146, 192.0, 0.0, 192.0, 30.0, 96.0, 251.0, 112.0, 0.0, 0.0, 0.0, 1.741026571667275E9, 0.0, 2025-03-03 12:29:31.667
19.0, -9644.777732464998, 1711.6295351540489, -25587.025354746027, -10367.700203382994, -166200.21804573754, -17006.23536184256, -27703.333223263413, -34810.58446295076, 0.024, 0.972, -0.146, 192.0, 0.0, 0.0, 0.0, 0.0, 0.0, 0.0, 0.0, 0.0, 0.0, 1.741026571667339E9, 0.0, 2025-03-03 12:29:31.667
20.0, -9653.181988380193, 1704.8346048396356, -25584.141979711294, -10363.252206236388, -166173.46300762452, -17004.290760074946, -27700.561606950952, -34789.484416184954, 0.024, 0.972, -0.146, 192.0, 0.0, 0.0, 0.0, 0.0, 0.0, 0.0, 0.0, 0.0, 0.0, 1.741026571667378E9, 0.0, 2025-03-03 12:29:31.667
21.0, -9698.645436602288, 1629.4198190474297, -25582.555005854967, -10358.893616067602, -166212.5338569324, -17003.284931574457, -27697.85704587186, -34795.87701509917, 0.024, 0.972, -0.146, 192.0, 0.0, 0.0, 0.0, 0.0, 0.0, 0.0, 0.0, 0.0, 0.0, 1.741026571667417E9, 0.0, 2025-03-03 12:29:31.667
22.0, -9696.499669134579, 1620.2556038207538, -25585.617194845345, -10368.638976650116, -166241.41231076865, -17005.922437420184, -27701.545083706987, -34808.729268160976, 0.024, 0.972, -0.146, 192.0, 0.0, 0.0, 0.0, 0.0, 0.0, 0.0, 0.0, 0.0, 0.0, 1.741026571667455E9, 0.0, 2025-03-03 12:29:31.667
23.0, -9641.179101607693, 1694.6869128569263, -25579.045781975485, -10367.901369083093, -166232.1810403086, -17007.978797910073, -27703.2885197745, -34813.534893218864, 0.024, 0.972, -0.146, 192.0, 0.0, 0.0, 0.0, 0.0, 0.0, 0.0, 0.0, 0.0, 0.0, 1.741026571667494E9, 0.0, 2025-03-03 12:29:31.667
24.0, -9634.831206182385, 1717.7762648792584, -25589.551101869478, -10374.852761608692, -166188.70689734304, -17016.09248114735, -27708.63058669932, -34800.70499190152, 0.024, 0.972, -0.146, 192.0, 0.0, 0.0, 0.0, 0.0, 0.0, 0.0, 0.0, 0.0, 0.0, 1.741026571667532E9, 0.0, 2025-03-03 12:29:31.667
25.0, -9701.126480236826, 1628.1010661245664, -25589.104066980373, -10362.872226580648, -166242.90987764715, -17007.755280465517, -27704.160237808257, -34793.97711682047, 0.024, 0.972, -0.146, 192.0, 0.0, 0.0, 0.0, 0.0, 0.0, 0.0, 0.0, 0.0, 0.0, 1.741026571667578E9, 0.0, 2025-03-03 12:29:31.667
26.0, -9692.364596410347, 1614.9805921293012, -25580.409238387256, -10355.630261377128, -166284.1935496561, -16995.55122799292, -27698.885226116807, -34794.111227287205, 0.024, 0.972, -0.146, 192.0, 0.0, 0.0, 0.0, 0.0, 0.0, 0.0, 0.0, 0.0, 0.0, 1.741026571667629E9, 0.0, 2025-03-03 12:29:31.667
27.0, -9629.153863090738, 1697.1232530025547, -25582.890282021795, -10371.142372029111, -166259.78544471093, -17004.64838798623, -27707.870627387838, -34804.594195436744, 0.024, 0.972, -0.146, 192.0, 0.0, 0.0, 0.0, 0.0, 0.0, 0.0, 0.0, 0.0, 0.0, 1.741026571667679E9, 0.0, 2025-03-03 12:29:31.667
28.0, -9628.460959012624, 1735.2329772988533, -25595.764886828052, -10370.963558073468, -166229.0964995738, -17008.98462641056, -27711.44690650069, -34810.65151818413, 0.042, 0.978, -0.14400000000000002, 192.0, 1.0, 80.0, 30.0, 144.0, 251.0, 128.0, 0.0, 0.0, 0.0, 1.741026571667719E9, 0.0, 2025-03-03 12:29:31.667
29.0, -9707.407320428769, 1646.2059791333652, -25605.867875321852, -10379.658386666582, -166275.8339972298, -17007.911742676704, -27713.167990823746, -34818.9663671215, 0.042, 0.978, -0.14400000000000002, 192.0, 0.0, 0.0, 0.0, 0.0, 0.0, 0.0, 0.0, 0.0, 0.0, 1.741026571667762E9, 0.0, 2025-03-03 12:29:31.667
30.0, -9706.043864016994, 1622.311964310642, -25598.44709616269, -10382.474706467952, -166305.04772723292, -17007.107079876314, -27713.52561873503, -34817.312338031814, 0.042, 0.978, -0.14400000000000002, 192.0, 0.0, 0.0, 0.0, 0.0, 0.0, 0.0, 0.0, 0.0, 0.0, 1.741026571667815E9, 0.0, 2025-03-03 12:29:31.667
31.0, -9660.870988472818, 1688.920162787457, -25595.809590316963, -10377.66908141006, -166271.9447936946, -17012.56090552341, -27725.64026422981, -34816.0159368534, 0.042, 0.978, -0.14400000000000002, 192.0, 0.0, 0.0, 0.0, 0.0, 0.0, 0.0, 0.0, 0.0, 0.0, 1.741026571727345E9, 0.0, 2025-03-03 12:29:31.727
32.0, -9632.685438714676, 1752.913207163001, -25592.345069926392, -10382.027671578846, -166213.5396854329, -17020.831050971872, -27726.713147963663, -34818.362870021214, 0.042, 0.978, -0.14400000000000002, 192.0, 0.0, 0.0, 0.0, 0.0, 0.0, 0.0, 0.0, 0.0, 0.0, 1.7410265717274E9, 0.0, 2025-03-03 12:29:31.727
33.0, -9682.574532338922, 1675.1738399474432, -25576.92236625223, -10361.173494002043, -166262.95939242357, -17009.632826999765, -27717.548932736987, -34810.65151818413, 0.042, 0.978, -0.14400000000000002, 192.0, 0.0, 0.0, 0.0, 0.0, 0.0, 0.0, 0.0, 0.0, 0.0, 1.74102657172744E9, 0.0, 2025-03-03 12:29:31.727
34.0, -9676.29369214698, 1634.7842377167033, -25574.77659878452, -10359.161837001067, -166322.45973616358, -17000.155687350714, -27722.667482217254, -34811.098553073236, 0.042, 0.978, -0.14400000000000002, 192.0, 0.0, 0.0, 0.0, 0.0, 0.0, 0.0, 0.0, 0.0, 0.0, 1.74102657172752E9, 0.0, 2025-03-03 12:29:31.727
35.0, -9643.749552220053, 1679.823002794147, -25583.717296566643, -10372.259959251876, -166324.38198618675, -17001.385033295755, -27730.892924176806, -34819.681622944074, 0.042, 0.978, -0.14400000000000002, 192.0, 0.0, 0.0, 0.0, 0.0, 0.0, 0.0, 0.0, 0.0, 0.0, 1.741026571727567E9, 0.0, 2025-03-03 12:29:31.727
36.0, -9609.931362859174, 1752.5108757628057, -25579.895148264786, -10366.113229526667, -166292.5978055713, -16998.03227162746, -27724.1426973513, -34819.86043689972, 0.042, 0.978, -0.14400000000000002, 192.0, 0.0, 0.0, 0.0, 0.0, 0.0, 0.0, 0.0, 0.0, 0.0, 1.741026571727606E9, 0.0, 2025-03-03 12:29:31.727
37.0, -9667.777677509508, 1691.4235581664514, -25587.651203590776, -10372.662290652072, -166316.9612070276, -17012.963236923606, -27724.76854619605, -34825.44837301354, 0.042, 0.978, -0.14400000000000002, 192.0, 0.0, 0.0, 0.0, 0.0, 0.0, 0.0, 0.0, 0.0, 0.0, 1.741026571727644E9, 0.0, 2025-03-03 12:29:31.727
38.0, -9698.936009280207, 1633.9795749163122, -25581.795046543488, -10374.830409864237, -166371.5665187319, -17013.298513090434, -27717.236008314612, -34822.050907856334, 0.05, 0.978, -0.14400000000000002, 192.0, 1.0, 144.0, 30.0, 144.0, 251.0, 128.0, 0.0, 0.0, 0.0, 1.741026571727683E9, 0.0, 2025-03-03 12:29:31.727
39.0, -9653.24904361356, 1673.6762730689375, -25580.856273276364, -10379.568979688762, -166362.84933839433, -17011.868001445295, -27717.884208903815, -34826.76712593641, 0.05, 0.978, -0.14400000000000002, 192.0, 0.0, 0.0, 0.0, 0.0, 0.0, 0.0, 0.0, 0.0, 0.0, 1.741026571727726E9, 0.0, 2025-03-03 12:29:31.727
40.0, -9608.61260993631, 1752.913207163001, -25590.802799558976, -10385.134564058133, -166313.78725931494, -17012.672664245685, -27724.030938629025, -34824.35313753523, 0.05, 0.978, -0.14400000000000002, 192.0, 0.0, 0.0, 0.0, 0.0, 0.0, 0.0, 0.0, 0.0, 0.0, 1.741026571727765E9, 0.0, 2025-03-03 12:29:31.727
41.0, -9667.375346109313, 1704.499328672806, -25585.281918678513, -10367.0967062827, -166324.51609665347, -17003.08376587436, -27715.313758291457, -34813.15491356312, 0.05, 0.978, -0.14400000000000002, 192.0, 0.0, 0.0, 0.0, 0.0, 0.0, 0.0, 0.0, 0.0, 0.0, 1.741026571727817E9, 0.0, 2025-03-03 12:29:31.727
42.0, -9717.666771133754, 1622.1331503549995, -25590.15459896977, -10378.67490991055, -166403.529513303, -17008.515239777, -27721.259322316568, -34825.18015208008, 0.05, 0.978, -0.14400000000000002, 192.0, 0.0, 0.0, 0.0, 0.0, 0.0, 0.0, 0.0, 0.0, 0.0, 1.741026571727868E9, 0.0, 2025-03-03 12:29:31.727
43.0, -9676.539561335989, 1659.7511362732812, -25598.603558373878, -10386.989758847923, -166388.10680962884, -17014.125527635282, -27735.363273067866, -34834.74669870695, 0.05, 0.978, -0.14400000000000002, 192.0, 0.0, 0.0, 0.0, 0.0, 0.0, 0.0, 0.0, 0.0, 0.0, 1.741026571727914E9, 0.0, 2025-03-03 12:29:31.727
44.0, -9602.689397655655, 1763.0608991457104, -25598.044764762493, -10398.277389797853, -166317.0059105165, -17016.3159985919, -27743.67812200524, -34832.08684111677, 0.05, 0.978, -0.14400000000000002, 192.0, 0.0, 0.0, 0.0, 0.0, 0.0, 0.0, 0.0, 0.0, 0.0, 1.741026571727953E9, 0.0, 2025-03-03 12:29:31.727
45.0, -9640.799121951954, 1748.4428582719397, -25598.804724073976, -10392.711805428482, -166300.68913706412, -17012.873829945784, -27727.093127619402, -34830.14223934916, 0.05, 0.978, -0.14400000000000002, 192.0, 0.0, 0.0, 0.0, 0.0, 0.0, 0.0, 0.0, 0.0, 0.0, 1.741026571727999E9, 0.0, 2025-03-03 12:29:31.727
46.0, -9693.973922011128, 1653.8726274815356, -25596.92717753973, -10380.06071806678, -166381.89302467025, -17016.07012940289, -27723.561551995463, -34828.018823625905, 0.05, 0.978, -0.14400000000000002, 192.0, 0.0, 0.0, 0.0, 0.0, 0.0, 0.0, 0.0, 0.0, 0.0, 1.741026571787754E9, 0.0, 2025-03-03 12:29:31.787
47.0, -9673.29855838997, 1657.7394792723037, -25596.14486648379, -10382.675872168049, -166402.54603654696, -17010.236324100057, -27729.998854398593, -34825.291910802356, 0.05, 0.978, -0.14400000000000002, 192.0, 0.0, 0.0, 0.0, 0.0, 0.0, 0.0, 0.0, 0.0, 0.0, 1.741026571787809E9, 0.0, 2025-03-03 12:29:31.787
48.0, -9619.050874596938, 1736.9093581330012, -25598.715317096154, -10390.476630982952, -166361.19530930463, -17009.588123510854, -27735.430328301234, -34825.18015208008, 0.048, 0.984, -0.148, 192.0, 1.0, 128.0, 30.0, 192.0, 251.0, 96.0, 0.0, 0.0, 0.0, 1.741026571787849E9, 0.0, 2025-03-03 12:29:31.787
49.0, -9660.714526261632, 1728.1251225620656, -25608.281863723027, -10395.841049652225, -166357.59667844733, -17021.300437605434, -27732.39049105531, -34831.1704195941, 0.048, 0.984, -0.148, 192.0, 0.0, 0.0, 0.0, 0.0, 0.0, 0.0, 0.0, 0.0, 0.0, 1.741026571787927E9, 0.0, 2025-03-03 12:29:31.787
50.0, -9722.226527002636, 1631.5879382595942, -25602.425706675735, -10388.934360615536, -166425.1883536802, -17016.60657126982, -27728.277770075532, -34832.86915217271, 0.048, 0.984, -0.148, 192.0, 0.0, 0.0, 0.0, 0.0, 0.0, 0.0, 0.0, 0.0, 0.0, 1.741026571787974E9, 0.0, 2025-03-03 12:29:31.787
51.0, -9701.685273848208, 1623.2060340888543, -25597.083639750916, -10389.537857715828, -166451.18343248172, -17019.60170502683, -27733.01633990006, -34832.757393450425, 0.048, 0.984, -0.148, 192.0, 0.0, 0.0, 0.0, 0.0, 0.0, 0.0, 0.0, 0.0, 0.0, 1.741026571788013E9, 0.0, 2025-03-03 12:29:31.788
52.0, -9652.444380813167, 1706.175709506954, -25602.82803807593, -10387.950883859503, -166409.8327052394, -17017.478289303577, -27746.427386573243, -34840.89342843216, 0.048, 0.984, -0.148, 192.0, 0.0, 0.0, 0.0, 0.0, 0.0, 0.0, 0.0, 0.0, 0.0, 1.741026571788052E9, 0.0, 2025-03-03 12:29:31.788
53.0, -9639.390962051268, 1737.2222825553756, -25604.54912239899, -10385.492191969419, -166374.20402457763, -17022.84270797285, -27746.62855227334, -34853.00807392694, 0.048, 0.984, -0.148, 192.0, 0.0, 0.0, 0.0, 0.0, 0.0, 0.0, 0.0, 0.0, 0.0, 1.74102657178809E9, 0.0, 2025-03-03 12:29:31.788
54.0, -9707.608486128865, 1639.634566263505, -25600.324642696934, -10381.468877967463, -166421.94735073418, -17015.153707880225, -27735.855011445885, -34851.80107972635, 0.048, 0.984, -0.148, 192.0, 0.0, 0.0, 0.0, 0.0, 0.0, 0.0, 0.0, 0.0, 0.0, 1.741026571788129E9, 0.0, 2025-03-03 12:29:31.788
55.0, -9696.343206923391, 1618.5568712421502, -25585.214863445148, -10373.601063919195, -166458.55950815196, -17000.08863211735, -27728.545991009, -34837.585370252775, 0.048, 0.984, -0.148, 192.0, 0.0, 0.0, 0.0, 0.0, 0.0, 0.0, 0.0, 0.0, 0.0, 1.741026571788167E9, 0.0, 2025-03-03 12:29:31.788
56.0, -9644.241290598071, 1687.9366860314235, -25591.898035037284, -10378.227875021443, -166436.49833637459, -17009.096385132838, -27737.039653902015, -34829.538742248864, 0.048, 0.984, -0.148, 192.0, 0.0, 0.0, 0.0, 0.0, 0.0, 0.0, 0.0, 0.0, 0.0, 1.741026571788219E9, 0.0, 2025-03-03 12:29:31.788
57.0, -9626.09167410036, 1738.786904667247, -25598.290633951503, -10389.783726904838, -166420.69565304468, -17017.634751514765, -27739.565401025466, -34835.8195824408, 0.048, 0.984, -0.148, 192.0, 0.0, 0.0, 0.0, 0.0, 0.0, 0.0, 0.0, 0.0, 0.0, 1.74102657178827E9, 0.0, 2025-03-03 12:29:31.788
58.0, -9685.614369584844, 1667.6413020660045, -25596.748363584087, -10378.764316888371, -166454.53619415002, -17013.03029215697, -27740.3477120814, -34838.479440030984, 0.052000000000000005, 0.972, -0.154, 192.0, 1.0, 160.0, 30.0, 96.0, 251.0, 48.0, 0.0, 0.0, 0.0, 1.741026571788323E9, 0.0, 2025-03-03 12:29:31.788
59.0, -9708.502555907078, 1640.2604151082535, -25593.283843193512, -10364.325089970242, -166490.1425230673, -17013.007940412517, -27740.705339992684, -34838.05475688633, 0.052000000000000005, 0.972, -0.154, 192.0, 0.0, 0.0, 0.0, 0.0, 0.0, 0.0, 0.0, 0.0, 0.0, 1.741026571788366E9, 0.0, 2025-03-03 12:29:31.788
60.0, -9672.918578734229, 1698.1290815030434, -25589.26052919156, -10371.187075518023, -166478.85489211738, -17007.64352174324, -27743.029921416037, -34844.17913486709, 0.052000000000000005, 0.972, -0.154, 192.0, 0.0, 0.0, 0.0, 0.0, 0.0, 0.0, 0.0, 0.0, 0.0, 1.741026571788405E9, 0.0, 2025-03-03 12:29:31.788
61.0, -9626.292839800459, 1770.6157887716042, -25594.669651349745, -10382.80998263478, -166442.51095563304, -17014.08082414637, -27745.175688883748, -34844.46970754501, 0.052000000000000005, 0.972, -0.154, 192.0, 0.0, 0.0, 0.0, 0.0, 0.0, 0.0, 0.0, 0.0, 0.0, 1.74102657184801E9, 0.0, 2025-03-03 12:29:31.848
62.0, -9694.555067366966, 1704.7451978618144, -25598.24593046259, -10366.157933015578, -166467.27668848954, -17013.052643901425, -27736.793784713005, -34834.27731207339, 0.052000000000000005, 0.972, -0.154, 192.0, 0.0, 0.0, 0.0, 0.0, 0.0, 0.0, 0.0, 0.0, 0.0, 1.741026571848066E9, 0.0, 2025-03-03 12:29:31.848
63.0, -9715.29748622149, 1653.2020751478763, -25595.96605252815, -10360.301775968288, -166503.93354939623, -17007.64352174324, -27741.3982440708, -34836.51248651892, 0.052000000000000005, 0.972, -0.154, 192.0, 0.0, 0.0, 0.0, 0.0, 0.0, 0.0, 0.0, 0.0, 0.0, 1.741026571848106E9, 0.0, 2025-03-03 12:29:31.848
64.0, -9678.461811359146, 1688.920162787457, -25598.000061273582, -10371.857627851681, -166489.02493584456, -17012.60560901232, -27751.3000668645, -34845.766108723416, 0.052000000000000005, 0.972, -0.154, 192.0, 0.0, 0.0, 0.0, 0.0, 0.0, 0.0, 0.0, 0.0, 0.0, 1.741026571848184E9, 0.0, 2025-03-03 12:29:31.848
65.0, -9627.09750260085, 1762.6138642566043, -25590.02048850304, -10364.481552181429, -166456.74901685107, -17012.35973982331, -27744.035749916526, -34843.84385870026, 0.052000000000000005, 0.972, -0.154, 192.0, 0.0, 0.0, 0.0, 0.0, 0.0, 0.0, 0.0, 0.0, 0.0, 1.741026571848231E9, 0.0, 2025-03-03 12:29:31.848
66.0, -9674.416145612735, 1719.8326253691466, -25596.234273461614, -10376.015052320368, -166463.25337448757, -17010.012806655504, -27741.889982448814, -34848.783594224886, 0.052000000000000005, 0.972, -0.154, 192.0, 0.0, 0.0, 0.0, 0.0, 0.0, 0.0, 0.0, 0.0, 0.0, 1.741026571848271E9, 0.0, 2025-03-03 12:29:31.848
67.0, -9710.469509419145, 1641.3556505865636, -25597.6424333623, -10383.86051462418, -166511.86841867786, -17017.545344536942, -27743.231087116135, -34858.975989696504, 0.052000000000000005, 0.972, -0.154, 192.0, 0.0, 0.0, 0.0, 0.0, 0.0, 0.0, 0.0, 0.0, 0.0, 1.741026571848315E9, 0.0, 2025-03-03 12:29:31.848
68.0, -9698.287808691002, 1639.27693835222, -25605.77846834403, -10385.536895458328, -166546.17834641677, -17033.92917322268, -27756.508023322585, -34869.36955086822, 0.058, 0.976, -0.152, 192.0, 1.0, 208.0, 30.0, 128.0, 251.0, 64.0, 0.0, 0.0, 0.0, 1.741026571848355E9, 0.0, 2025-03-03 12:29:31.848
69.0, -9658.993441938574, 1722.984221337345, -25601.06225026396, -10378.965482588468, -166529.97333168666, -17020.80869922742, -27753.177613398748, -34853.879791960695, 0.058, 0.976, -0.152, 192.0, 0.0, 0.0, 0.0, 0.0, 0.0, 0.0, 0.0, 0.0, 0.0, 1.741026571848398E9, 0.0, 2025-03-03 12:29:31.848
70.0, -9680.853448015863, 1733.2883755312414, -25603.476238665135, -10381.737098900927, -166495.81986615897, -17011.152745622723, -27752.283543620535, -34844.89439068966, 0.058, 0.976, -0.152, 192.0, 0.0, 0.0, 0.0, 0.0, 0.0, 0.0, 0.0, 0.0, 0.0, 1.741026571848437E9, 0.0, 2025-03-03 12:29:31.848
71.0, -9702.646398859788, 1659.1923426618985, -25594.222616460636, -10374.048098808302, -166537.01413119008, -17009.208143855114, -27740.3477120814, -34840.75931796543, 0.058, 0.976, -0.152, 192.0, 0.0, 0.0, 0.0, 0.0, 0.0, 0.0, 0.0, 0.0, 0.0, 1.741026571848483E9, 0.0, 2025-03-03 12:29:31.848
72.0, -9691.828154543418, 1653.7161652703483, -25603.878570065328, -10387.995587348412, -166579.70596309972, -17021.546306794444, -27746.472090062154, -34847.867172702216, 0.058, 0.976, -0.152, 192.0, 0.0, 0.0, 0.0, 0.0, 0.0, 0.0, 0.0, 0.0, 0.0, 1.741026571848538E9, 0.0, 2025-03-03 12:29:31.848
73.0, -9627.075150856394, 1756.400079298029, -25600.48110490812, -10376.417383720564, -166527.73815724114, -17010.92922817817, -27746.91912495126, -34837.40655629713, 0.058, 0.976, -0.152, 192.0, 0.0, 0.0, 0.0, 0.0, 0.0, 0.0, 0.0, 0.0, 0.0, 1.74102657184859E9, 0.0, 2025-03-03 12:29:31.848
74.0, -9631.880775914286, 1773.4544603174284, -25608.50538116758, -10384.262846024376, -166491.1483515678, -17019.445242815644, -27749.288409863522, -34830.56692249381, 0.058, 0.976, -0.152, 192.0, 0.0, 0.0, 0.0, 0.0, 0.0, 0.0, 0.0, 0.0, 0.0, 1.74102657184863E9, 0.0, 2025-03-03 12:29:31.848
75.0, -9702.914619793251, 1671.8657817680578, -25604.951453799185, -10373.95869183048, -166553.57677383148, -17021.143975394247, -27738.850145202894, -34820.821561911296, 0.058, 0.976, -0.152, 192.0, 0.0, 0.0, 0.0, 0.0, 0.0, 0.0, 0.0, 0.0, 0.0, 1.741026571848669E9, 0.0, 2025-03-03 12:29:31.848
76.0, -9697.326683679425, 1654.9902147043008, -25607.07486952244, -10383.77110764636, -166593.34052721746, -17015.2654666025, -27739.923028936748, -34808.68456467206, 0.058, 0.976, -0.152, 192.0, 0.0, 0.0, 0.0, 0.0, 0.0, 0.0, 0.0, 0.0, 0.0, 1.741026571908229E9, 0.0, 2025-03-03 12:29:31.908
77.0, -9640.687363229676, 1724.2582707712975, -25609.868837579354, -10390.186058305033, -166573.6262886079, -17017.813565470406, -27741.3982440708, -34800.0120878234, 0.058, 0.976, -0.152, 192.0, 0.0, 0.0, 0.0, 0.0, 0.0, 0.0, 0.0, 0.0, 0.0, 1.741026571908284E9, 0.0, 2025-03-03 12:29:31.908
78.0, -9625.577583977889, 1761.853904945124, -25616.97669231614, -10395.014035107379, -166541.2609626366, -17027.290705119456, -27738.559572524977, -34794.15593077611, 0.058, 0.972, -0.152, 192.0, 1.0, 208.0, 30.0, 96.0, 251.0, 64.0, 0.0, 0.0, 0.0, 1.741026571908329E9, 0.0, 2025-03-03 12:29:31.908
79.0, -9701.908791292763, 1677.1854969484207, -25622.609331918877, -10396.891581641625, -166587.30555621453, -17030.442301087656, -27733.01633990006, -34785.997544049926, 0.058, 0.972, -0.152, 192.0, 0.0, 0.0, 0.0, 0.0, 0.0, 0.0, 0.0, 0.0, 0.0, 1.7410265719084E9, 0.0, 2025-03-03 12:29:31.908
80.0, -9704.00985527156, 1652.889150725502, -25631.438270978724, -10415.152956861612, -166612.40656523785, -17041.729932037586, -27733.284560833523, -34779.33672420224, 0.058, 0.972, -0.152, 192.0, 0.0, 0.0, 0.0, 0.0, 0.0, 0.0, 0.0, 0.0, 0.0, 1.741026571908448E9, 0.0, 2025-03-03 12:29:31.908
81.0, -9653.96429943613, 1708.9920293083228, -25622.564628429966, -10399.350273531709, -166590.25598648263, -17032.476309833088, -27728.389528797812, -34768.83140430825, 0.058, 0.972, -0.152, 192.0, 0.0, 0.0, 0.0, 0.0, 0.0, 0.0, 0.0, 0.0, 0.0, 1.741026571908495E9, 0.0, 2025-03-03 12:29:31.908
82.0, -9613.172365805194, 1764.1337828795652, -25615.792049860007, -10397.137450830633, -166548.48057609567, -17033.526841822488, -27724.187400840212, -34755.442709379524, 0.058, 0.972, -0.152, 192.0, 0.0, 0.0, 0.0, 0.0, 0.0, 0.0, 0.0, 0.0, 0.0, 1.741026571908534E9, 0.0, 2025-03-03 12:29:31.908
83.0, -9657.071191915416, 1701.0348082822334, -25613.19924750319, -10403.507698000396, -166545.77601501657, -17034.063283689415, -27714.71026119116, -34739.12593592715, 0.058, 0.972, -0.152, 192.0, 0.0, 0.0, 0.0, 0.0, 0.0, 0.0, 0.0, 0.0, 0.0, 1.741026571908573E9, 0.0, 2025-03-03 12:29:31.908
84.0, -9684.5861893399, 1646.340089600097, -25615.590884159912, -10405.988741634936, -166579.817721822, -17028.922382464694, -27709.681118688717, -34725.69253750951, 0.058, 0.972, -0.152, 192.0, 0.0, 0.0, 0.0, 0.0, 0.0, 0.0, 0.0, 0.0, 0.0, 1.741026571908612E9, 0.0, 2025-03-03 12:29:31.908
85.0, -9643.57073826441, 1669.3176829001527, -25609.93589281272, -10402.658331711094, -166597.0732685415, -17029.03414118697, -27708.76469716605, -34721.91509269656, 0.058, 0.972, -0.152, 192.0, 0.0, 0.0, 0.0, 0.0, 0.0, 0.0, 0.0, 0.0, 0.0, 1.74102657190865E9, 0.0, 2025-03-03 12:29:31.908
86.0, -9594.307493484914, 1741.5138174907945, -25612.68515738072, -10418.192794107532, -166554.7167127987, -17044.009809972027, -27711.37985126732, -34719.90343569558, 0.058, 0.972, -0.152, 192.0, 0.0, 0.0, 0.0, 0.0, 0.0, 0.0, 0.0, 0.0, 0.0, 1.741026571908689E9, 0.0, 2025-03-03 12:29:31.908
87.0, -9650.633889512288, 1683.2875231847195, -25616.775526616042, -10411.643732982127, -166575.70500084222, -17040.724103537097, -27702.39444999629, -34713.39907805909, 0.058, 0.972, -0.152, 192.0, 0.0, 0.0, 0.0, 0.0, 0.0, 0.0, 0.0, 0.0, 0.0, 1.741026571908751E9, 0.0, 2025-03-03 12:29:31.908
88.0, -9676.561913080444, 1627.8999004244686, -25603.297424709493, -10406.72634920196, -166624.78943166608, -17025.971952196593, -27690.749191135073, -34700.65858371957, 0.058, 0.97, -0.15, 192.0, 1.0, 208.0, 30.0, 80.0, 251.0, 80.0, 0.0, 0.0, 0.0, 1.741026571908798E9, 0.0, 2025-03-03 12:29:31.908
89.0, -9651.170331379215, 1650.4081070909629, -25605.309081710468, -10414.415349294586, -166644.7942429536, -17028.36358885331, -27690.168045779235, -34698.64692671859, 0.058, 0.97, -0.15, 192.0, 0.0, 0.0, 0.0, 0.0, 0.0, 0.0, 0.0, 0.0, 0.0, 1.741026571908847E9, 0.0, 2025-03-03 12:29:31.908
90.0, -9591.580580661366, 1733.757762164803, -25605.912578810763, -10414.951791161513, -166595.77686736308, -17032.74453076655, -27693.76667663654, -34703.81017968776, 0.058, 0.97, -0.15, 192.0, 0.0, 0.0, 0.0, 0.0, 0.0, 0.0, 0.0, 0.0, 0.0, 1.741026571908886E9, 0.0, 2025-03-03 12:29:31.908
91.0, -9653.76313373603, 1686.8414505531134, -25613.579227158934, -10417.298724329321, -166601.56596917703, -17037.505452335532, -27688.357554478356, -34710.18042685752, 0.058, 0.97, -0.15, 192.0, 0.0, 0.0, 0.0, 0.0, 0.0, 0.0, 0.0, 0.0, 0.0, 1.74102657196714E9, 0.0, 2025-03-03 12:29:31.967
92.0, -9711.251820475081, 1618.8027404311588, -25605.912578810763, -10399.797308420815, -166651.61152501244, -17022.328617850377, -27683.887205587293, -34699.76451394135, 0.058, 0.97, -0.15, 192.0, 0.0, 0.0, 0.0, 0.0, 0.0, 0.0, 0.0, 0.0, 0.0, 1.741026571967199E9, 0.0, 2025-03-03 12:29:31.967
93.0, -9685.614369584844, 1640.4168773194406, -25607.432497433725, -10410.01205563689, -166649.4434058003, -17030.397597598745, -27690.391563223788, -34711.610938502665, 0.058, 0.97, -0.15, 192.0, 0.0, 0.0, 0.0, 0.0, 0.0, 0.0, 0.0, 0.0, 0.0, 1.741026571967239E9, 0.0, 2025-03-03 12:29:31.967
94.0, -9639.122741117804, 1717.0163055677779, -25610.40527944628, -10418.01398015189, -166625.45998399972, -17041.55111808194, -27695.085429559404, -34726.564255543264, 0.058, 0.97, -0.15, 192.0, 0.0, 0.0, 0.0, 0.0, 0.0, 0.0, 0.0, 0.0, 0.0, 1.741026571967278E9, 0.0, 2025-03-03 12:29:31.967
95.0, -9648.62223251131, 1705.4828054288396, -25603.11861075385, -10408.022750380367, -166626.64462645588, -17027.201298141634, -27690.65978415725, -34697.14935984008, 0.058, 0.97, -0.15, 192.0, 0.0, 0.0, 0.0, 0.0, 0.0, 0.0, 0.0, 0.0, 0.0, 1.74102657196735E9, 0.0, 2025-03-03 12:29:31.967
96.0, -9690.01766324254, 1629.1963016028765, -25602.716279353655, -10407.195735835521, -166680.7358480377, -17027.536574308466, -27688.826941111918, -34697.708153451465, 0.058, 0.97, -0.15, 192.0, 0.0, 0.0, 0.0, 0.0, 0.0, 0.0, 0.0, 0.0, 0.0, 1.741026571967397E9, 0.0, 2025-03-03 12:29:31.967
97.0, -9660.580415794899, 1643.2779006097198, -25591.138075725805, -10405.72052070147, -166694.61628134447, -17019.199373626634, -27683.328411975912, -34701.73146745342, 0.06, 0.968, -0.146, 192.0, 1.0, 224.0, 30.0, 64.0, 251.0, 112.0, 0.0, 0.0, 0.0, 1.741026571967437E9, 0.0, 2025-03-03 12:29:31.967
98.0, -9590.395938205236, 1733.0201545977777, -25592.50153213758, -10406.905163157602, -166641.5308882631, -17025.256696374025, -27692.649089413775, -34712.28149083632, 0.06, 0.968, -0.146, 192.0, 0.0, 0.0, 0.0, 0.0, 0.0, 0.0, 0.0, 0.0, 0.0, 1.741026571967479E9, 0.0, 2025-03-03 12:29:31.967
99.0, -9608.053816324928, 1738.8539599006128, -25601.039898519506, -10409.699131214516, -166619.04503334107, -17029.816452242907, -27693.94549059218, -34715.656604249074, 0.06, 0.968, -0.146, 192.0, 0.0, 0.0, 0.0, 0.0, 0.0, 0.0, 0.0, 0.0, 0.0, 1.741026571967518E9, 0.0, 2025-03-03 12:29:31.967
100.0, -9681.971035238628, 1640.2604151082535, -25599.810552574465, -10414.996494650424, -166678.76889452565, -17033.906821478227, -27691.285633002, -34718.808200217274, 0.06, 0.968, -0.146, 192.0, 0.0, 0.0, 0.0, 0.0, 0.0, 0.0, 0.0, 0.0, 0.0, 1.741026571967556E9, 0.0, 2025-03-03 12:29:31.967
101.0, -9683.043918972484, 1623.1613305999435, -25594.177912971725, -10406.480480012951, -166713.43645017582, -17020.3169608494, -27690.72683939062, -34714.471961792944, 0.06, 0.968, -0.146, 192.0, 0.0, 0.0, 0.0, 0.0, 0.0, 0.0, 0.0, 0.0, 0.0, 1.741026571967595E9, 0.0, 2025-03-03 12:29:31.967
102.0, -9633.467749770612, 1689.4119011654736, -25588.657032091265, -10399.886715398636, -166711.26833096365, -17020.495774805044, -27690.19039752369, -34714.91899668205, 0.06, 0.968, -0.146, 192.0, 0.0, 0.0, 0.0, 0.0, 0.0, 0.0, 0.0, 0.0, 0.0, 1.741026571967647E9, 0.0, 2025-03-03 12:29:31.967
103.0, -9614.200546050137, 1745.1795035814648, -25591.652165848278, -10408.469785269474, -166669.15764440986, -17023.356798095323, -27690.771542879527, -34710.89568268009, 0.06, 0.968, -0.146, 192.0, 0.0, 0.0, 0.0, 0.0, 0.0, 0.0, 0.0, 0.0, 0.0, 1.741026571967699E9, 0.0, 2025-03-03 12:29:31.967
104.0, -9693.951570266672, 1670.077642211633, -25600.838732819408, -10420.807948208803, -166691.41998188736, -17025.32375160739, -27693.94549059218, -34715.790714715804, 0.06, 0.968, -0.146, 192.0, 0.0, 0.0, 0.0, 0.0, 0.0, 0.0, 0.0, 0.0, 0.0, 1.741026571967745E9, 0.0, 2025-03-03 12:29:31.967
105.0, -9686.597846340877, 1641.8697407090356, -25593.239139704605, -10409.050930625312, -166724.8581915925, -17031.582240054875, -27689.989231823594, -34720.23871186241, 0.06, 0.968, -0.146, 192.0, 0.0, 0.0, 0.0, 0.0, 0.0, 0.0, 0.0, 0.0, 0.0, 1.741026571967784E9, 0.0, 2025-03-03 12:29:31.967
106.0, -9632.618383481311, 1706.3545234625965, -25591.16042747026, -10406.078148612756, -166712.43062167533, -17031.76105401052, -27692.939662091692, -34723.47971480843, 0.06, 0.968, -0.146, 192.0, 0.0, 0.0, 0.0, 0.0, 0.0, 0.0, 0.0, 0.0, 0.0, 1.74102657202742E9, 0.0, 2025-03-03 12:29:32.027
107.0, -9612.837089638364, 1766.436012558462, -25590.6910408367, -10408.805061436304, -166674.43265610133, -17028.36358885331, -27689.341031234388, -34717.6459095056, 0.064, 0.97, -0.14200000000000002, 192.0, 2.0, 0.0, 30.0, 80.0, 251.0, 144.0, 0.0, 0.0, 0.0, 1.741026572027503E9, 0.0, 2025-03-03 12:29:32.027
108.0, -9680.339357893392, 1684.0027790072895, -25586.645375090287, -10405.608761979194, -166718.17502000034, -17025.010827185015, -27677.159330506245, -34709.48752277941, 0.064, 0.97, -0.14200000000000002, 192.0, 0.0, 0.0, 0.0, 0.0, 0.0, 0.0, 0.0, 0.0, 0.0, 1.741026572027547E9, 0.0, 2025-03-03 12:29:32.027
109.0, -9672.806820011952, 1643.8813977100133, -25582.15267445477, -10412.046064382323, -166763.83963392256, -17027.80479524193, -27677.606365395353, -34711.454476291474, 0.064, 0.97, -0.14200000000000002, 192.0, 0.0, 0.0, 0.0, 0.0, 0.0, 0.0, 0.0, 0.0, 0.0, 1.741026572027587E9, 0.0, 2025-03-03 12:29:32.027
110.0, -9621.218993809103, 1698.3078954586858, -25575.134226695805, -10400.646674710117, -166754.5636599736, -17023.08857716186, -27681.517920675033, -34715.7460112269, 0.064, 0.97, -0.14200000000000002, 192.0, 0.0, 0.0, 0.0, 0.0, 0.0, 0.0, 0.0, 0.0, 0.0, 1.741026572027644E9, 0.0, 2025-03-03 12:29:32.027
111.0, -9581.32112995638, 1779.0647481757103, -25583.06909597744, -10400.57961947675, -166700.98652851422, -17028.251830131034, -27685.116551532337, -34717.48944729441, 0.064, 0.97, -0.14200000000000002, 192.0, 0.0, 0.0, 0.0, 0.0, 0.0, 0.0, 0.0, 0.0, 0.0, 1.741026572027691E9, 0.0, 2025-03-03 12:29:32.027
112.0, -9658.725221005108, 1707.4721106853617, -25590.288709436503, -10394.812869407282, -166733.79888937462, -17025.770786496494, -27677.785179350994, -34713.62259550364, 0.064, 0.97, -0.14200000000000002, 192.0, 0.0, 0.0, 0.0, 0.0, 0.0, 0.0, 0.0, 0.0, 0.0, 1.741026572027731E9, 0.0, 2025-03-03 12:29:32.027
113.0, -9690.665863831742, 1641.4227058199294, -25595.273148450036, -10393.53881997333, -166783.28565159865, -17025.301399862936, -27682.52374917552, -34720.216360117956, 0.064, 0.97, -0.14200000000000002, 192.0, 0.0, 0.0, 0.0, 0.0, 0.0, 0.0, 0.0, 0.0, 0.0, 1.74102657202777E9, 0.0, 2025-03-03 12:29:32.027
114.0, -9664.290805374481, 1673.0951277130996, -25589.372287913837, -10385.693357669516, -166776.13309337298, -17016.45010905863, -27675.728818861106, -34711.07449663574, 0.064, 0.97, -0.14200000000000002, 192.0, 0.0, 0.0, 0.0, 0.0, 0.0, 0.0, 0.0, 0.0, 0.0, 1.741026572027809E9, 0.0, 2025-03-03 12:29:32.027
115.0, -9619.006171108029, 1750.4545152729172, -25585.30427042297, -10388.621436193162, -166733.53066844115, -17011.644484000743, -27669.91736530273, -34699.71981045244, 0.064, 0.97, -0.14200000000000002, 192.0, 0.0, 0.0, 0.0, 0.0, 0.0, 0.0, 0.0, 0.0, 0.0, 1.741026572027848E9, 0.0, 2025-03-03 12:29:32.027
116.0, -9665.788372252986, 1694.4186919234626, -25592.322718181935, -10396.042215352323, -166758.02818036417, -17018.104138148326, -27669.939717047182, -34703.18433084301, 0.064, 0.97, -0.14200000000000002, 192.0, 0.0, 0.0, 0.0, 0.0, 0.0, 0.0, 0.0, 0.0, 0.0, 1.741026572027887E9, 0.0, 2025-03-03 12:29:32.027
117.0, -9691.425823143223, 1622.3790195440079, -25586.198340201183, -10398.165631075577, -166801.52467507418, -17020.384016082768, -27674.074789771414, -34706.6935547225, 0.058, 0.972, -0.15, 192.0, 1.0, 208.0, 30.0, 96.0, 251.0, 80.0, 0.0, 0.0, 0.0, 1.741026572027933E9, 0.0, 2025-03-03 12:29:32.027
118.0, -9670.705756033154, 1640.1263046415218, -25585.25956693406, -10397.0033403639, -166811.69471880136, -17014.192582868647, -27678.52278691802, -34710.15807511307, 0.058, 0.972, -0.15, 192.0, 0.0, 0.0, 0.0, 0.0, 0.0, 0.0, 0.0, 0.0, 0.0, 1.741026572027988E9, 0.0, 2025-03-03 12:29:32.027
119.0, -9607.606781435821, 1727.655735928504, -25579.693982564688, -10386.430965236541, -166779.7093724858, -17009.3646060663, -27679.416856696233, -34717.66826125005, 0.058, 0.972, -0.15, 192.0, 0.0, 0.0, 0.0, 0.0, 0.0, 0.0, 0.0, 0.0, 0.0, 1.741026572028039E9, 0.0, 2025-03-03 12:29:32.028
120.0, -9621.889546142764, 1732.729581919859, -25581.01273548755, -10387.906180370592, -166749.13218607096, -17021.121623649793, -27673.448940926664, -34708.28052857883, 0.058, 0.972, -0.15, 192.0, 0.0, 0.0, 0.0, 0.0, 0.0, 0.0, 0.0, 0.0, 0.0, 1.741026572028079E9, 0.0, 2025-03-03 12:29:32.028
121.0, -9711.20711698617, 1636.013583661745, -25586.757133812564, -10381.67004366756, -166826.73744281978, -17011.823297956384, -27666.56460363443, -34699.518644752345, 0.058, 0.972, -0.15, 192.0, 0.0, 0.0, 0.0, 0.0, 0.0, 0.0, 0.0, 0.0, 0.0, 1.741026572087712E9, 0.0, 2025-03-03 12:29:32.087
122.0, -9680.808744526952, 1641.9367959424014, -25577.905843008262, -10387.81677339277, -166861.89673684796, -17007.59881825433, -27668.509205402042, -34706.31357506676, 0.058, 0.972, -0.15, 192.0, 0.0, 0.0, 0.0, 0.0, 0.0, 0.0, 0.0, 0.0, 0.0, 1.741026572087794E9, 0.0, 2025-03-03 12:29:32.087
123.0, -9612.501813471534, 1731.2320150413532, -25576.363572640847, -10384.441659980019, -166826.6256840975, -17007.71057697661, -27667.324562945912, -34693.39426677159, 0.058, 0.972, -0.15, 192.0, 0.0, 0.0, 0.0, 0.0, 0.0, 0.0, 0.0, 0.0, 0.0, 1.741026572087834E9, 0.0, 2025-03-03 12:29:32.087
124.0, -9605.483365712567, 1753.7625734523028, -25581.839750032395, -10391.907142628092, -166798.19426515035, -17012.717367734596, -27667.793949579474, -34701.95498489797, 0.058, 0.972, -0.15, 192.0, 0.0, 0.0, 0.0, 0.0, 0.0, 0.0, 0.0, 0.0, 0.0, 1.741026572087873E9, 0.0, 2025-03-03 12:29:32.087
125.0, -9674.080869445905, 1668.8706480110466, -25596.368383928348, -10408.559192247296, -166829.10672773205, -17028.452995831132, -27677.807531095452, -34721.37865082963, 0.058, 0.972, -0.15, 192.0, 0.0, 0.0, 0.0, 0.0, 0.0, 0.0, 0.0, 0.0, 0.0, 1.74102657208792E9, 0.0, 2025-03-03 12:29:32.087
126.0, -9686.150811451771, 1651.3245286136305, -25599.385869429814, -10414.504756272407, -166852.6878181324, -17039.4724058476, -27680.17681600771, -34713.73435422592, 0.058, 0.972, -0.15, 192.0, 0.0, 0.0, 0.0, 0.0, 0.0, 0.0, 0.0, 0.0, 0.0, 1.741026572087972E9, 0.0, 2025-03-03 12:29:32.087
127.0, -9640.016810896017, 1720.2349567693423, -25591.987442015106, -10405.765224190382, -166835.78989932418, -17017.768861981494, -27677.829882839906, -34711.745048969395, 0.054, 0.97, -0.152, 192.0, 1.0, 176.0, 30.0, 80.0, 251.0, 64.0, 0.0, 0.0, 0.0, 1.741026572088012E9, 0.0, 2025-03-03 12:29:32.088
128.0, -9622.224822309592, 1757.651776987526, -25583.225558188627, -10395.326959529753, -166806.46441059883, -17006.145954864736, -27674.745342105074, -34709.10754312367, 0.054, 0.97, -0.152, 192.0, 0.0, 0.0, 0.0, 0.0, 0.0, 0.0, 0.0, 0.0, 0.0, 1.741026572088055E9, 0.0, 2025-03-03 12:29:32.088
129.0, -9690.86702953184, 1683.7345580738256, -25584.946642511684, -10386.676834425549, -166828.7714515652, -17010.99628341154, -27675.19237699418, -34706.33592681121, 0.054, 0.97, -0.152, 192.0, 0.0, 0.0, 0.0, 0.0, 0.0, 0.0, 0.0, 0.0, 0.0, 1.741026572088094E9, 0.0, 2025-03-03 12:29:32.088
130.0, -9697.058462745961, 1659.4829153398175, -25583.20320644417, -10388.219104792966, -166863.08137930412, -17017.52299279249, -27676.10879851685, -34713.86846469265, 0.054, 0.97, -0.152, 192.0, 0.0, 0.0, 0.0, 0.0, 0.0, 0.0, 0.0, 0.0, 0.0, 1.741026572088133E9, 0.0, 2025-03-03 12:29:32.088
131.0, -9645.649450498755, 1704.9463635619122, -25578.35287789737, -10391.191886805522, -166868.24463227327, -17016.919495692193, -27675.415894438735, -34720.81985721825, 0.054, 0.97, -0.152, 192.0, 0.0, 0.0, 0.0, 0.0, 0.0, 0.0, 0.0, 0.0, 0.0, 1.741026572088172E9, 0.0, 2025-03-03 12:29:32.088
132.0, -9620.5707932199, 1766.5254195362832, -25580.76686629854, -10395.952808374503, -166840.4837656598, -17017.858268959317, -27677.315792717432, -34728.3970985886, 0.054, 0.97, -0.152, 192.0, 0.0, 0.0, 0.0, 0.0, 0.0, 0.0, 0.0, 0.0, 0.0, 1.741026572088218E9, 0.0, 2025-03-03 12:29:32.088
133.0, -9669.431706599202, 1703.0017617943004, -25578.6881540642, -10400.423157265563, -166853.9395158219, -17019.668760260196, -27675.393542694277, -34724.15026714209, 0.054, 0.97, -0.152, 192.0, 0.0, 0.0, 0.0, 0.0, 0.0, 0.0, 0.0, 0.0, 0.0, 1.741026572088271E9, 0.0, 2025-03-03 12:29:32.088
134.0, -9692.409299899256, 1653.112668170055, -25585.192511700694, -10408.82741318076, -166891.1328185955, -17016.584219525364, -27680.534443918998, -34728.26298812187, 0.054, 0.97, -0.152, 192.0, 0.0, 0.0, 0.0, 0.0, 0.0, 0.0, 0.0, 0.0, 0.0, 1.741026572088332E9, 0.0, 2025-03-03 12:29:32.088
135.0, -9670.839866499886, 1686.528526130739, -25574.798950528973, -10392.734157172938, -166899.60412974408, -17019.534649793466, -27676.48877817259, -34729.17940964454, 0.054, 0.97, -0.152, 192.0, 0.0, 0.0, 0.0, 0.0, 0.0, 0.0, 0.0, 0.0, 0.0, 1.741026572088372E9, 0.0, 2025-03-03 12:29:32.088
136.0, -9634.205357337638, 1759.2834543327635, -25583.82905528892, -10399.462032253985, -166863.17078628193, -17019.109966648815, -27689.3857347233, -34733.20272364649, 0.054, 0.97, -0.152, 192.0, 0.0, 0.0, 0.0, 0.0, 0.0, 0.0, 0.0, 0.0, 0.0, 1.741026572148016E9, 0.0, 2025-03-03 12:29:32.148
137.0, -9656.892377959774, 1702.1970989939093, -25584.857235533862, -10397.91976188657, -166879.73342892333, -17013.723196235085, -27685.876510843817, -34730.699328267496, 0.06, 0.968, -0.16, 192.0, 1.0, 224.0, 30.0, 64.0, 251.0, 0.0, 0.0, 0.0, 0.0, 1.741026572148102E9, 0.0, 2025-03-03 12:29:32.148
138.0, -9684.876762017819, 1640.953319186368, -25586.86889253484, -10402.501869499907, -166936.9538947289, -17010.99628341154, -27681.137941019293, -34731.12401141215, 0.06, 0.968, -0.16, 192.0, 0.0, 0.0, 0.0, 0.0, 0.0, 0.0, 0.0, 0.0, 0.0, 1.741026572148145E9, 0.0, 2025-03-03 12:29:32.148
139.0, -9662.189741395681, 1661.695738040893, -25576.20711042966, -10398.299741542309, -166974.54952890272, -17011.666835745196, -27675.393542694277, -34730.67697652304, 0.06, 0.968, -0.16, 192.0, 0.0, 0.0, 0.0, 0.0, 0.0, 0.0, 0.0, 0.0, 0.0, 1.741026572148184E9, 0.0, 2025-03-03 12:29:32.148
140.0, -9594.32984522937, 1754.7907536972468, -25582.957337255164, -10408.670950969572, -166933.57878131614, -17024.69790276264, -27685.362420721343, -34740.288226638826, 0.06, 0.968, -0.16, 192.0, 0.0, 0.0, 0.0, 0.0, 0.0, 0.0, 0.0, 0.0, 0.0, 1.741026572148231E9, 0.0, 2025-03-03 12:29:32.148
141.0, -9633.154825348238, 1728.885081873546, -25591.16042747026, -10410.637904481639, -166921.8441154771, -17030.28583887647, -27684.96008932115, -34743.708043540486, 0.06, 0.968, -0.16, 192.0, 0.0, 0.0, 0.0, 0.0, 0.0, 0.0, 0.0, 0.0, 0.0, 1.741026572148278E9, 0.0, 2025-03-03 12:29:32.148
142.0, -9697.080814490417, 1652.1962466473874, -25584.49960762258, -10402.099538099712, -166971.19676723442, -17029.302362120434, -27677.740475862083, -34738.9024184826, 0.06, 0.968, -0.16, 192.0, 0.0, 0.0, 0.0, 0.0, 0.0, 0.0, 0.0, 0.0, 0.0, 1.741026572148328E9, 0.0, 2025-03-03 12:29:32.148
143.0, -9696.790241812498, 1655.7725257602365, -25597.35186068438, -10414.214183594488, -166990.911005844, -17032.521013322, -27690.81624636844, -34750.52532559935, 0.06, 0.968, -0.16, 192.0, 0.0, 0.0, 0.0, 0.0, 0.0, 0.0, 0.0, 0.0, 0.0, 1.741026572148367E9, 0.0, 2025-03-03 12:29:32.148
144.0, -9617.240383296059, 1751.594454240138, -25587.427686146224, -10420.316209830788, -166923.900475967, -17034.398559856243, -27693.073772558426, -34754.526287856854, 0.06, 0.968, -0.16, 192.0, 0.0, 0.0, 0.0, 0.0, 0.0, 0.0, 0.0, 0.0, 0.0, 1.741026572148406E9, 0.0, 2025-03-03 12:29:32.148
145.0, -9615.13931931726, 1755.9530444089228, -25593.35089842688, -10414.437701039042, -166888.0929813496, -17042.579298326888, -27691.799723124474, -34753.18518318953, 0.06, 0.968, -0.16, 192.0, 0.0, 0.0, 0.0, 0.0, 0.0, 0.0, 0.0, 0.0, 0.0, 1.741026572148444E9, 0.0, 2025-03-03 12:29:32.148
146.0, -9677.545389836478, 1678.0572149821778, -25601.464581664157, -10422.193756365032, -166927.94614171342, -17047.89901350725, -27691.95618533566, -34760.67301758206, 0.06, 0.968, -0.16, 192.0, 0.0, 0.0, 0.0, 0.0, 0.0, 0.0, 0.0, 0.0, 0.0, 1.741026572148482E9, 0.0, 2025-03-03 12:29:32.148
147.0, -9680.518171849033, 1665.5402380872058, -25594.98257577212, -10408.782709691848, -166965.87705205407, -17032.856289488827, -27687.485836444597, -34747.50784009789, 0.064, 0.97, -0.158, 192.0, 2.0, 0.0, 30.0, 80.0, 251.0, 16.0, 0.0, 0.0, 0.0, 1.741026572148521E9, 0.0, 2025-03-03 12:29:32.148
148.0, -9638.318078317414, 1737.110523833099, -25598.804724073976, -10423.53486103235, -166948.01800823427, -17030.84463248785, -27694.52663594802, -34747.17256393106, 0.064, 0.97, -0.158, 192.0, 0.0, 0.0, 0.0, 0.0, 0.0, 0.0, 0.0, 0.0, 0.0, 1.741026572148581E9, 0.0, 2025-03-03 12:29:32.148
149.0, -9617.396845507246, 1760.8927799335456, -25606.27020672205, -10435.247175126931, -166917.32906309713, -17042.691057049164, -27694.750153392575, -34749.16186918758, 0.064, 0.97, -0.158, 192.0, 0.0, 0.0, 0.0, 0.0, 0.0, 0.0, 0.0, 0.0, 0.0, 1.741026572148626E9, 0.0, 2025-03-03 12:29:32.148
150.0, -9689.481221375612, 1664.534409586717, -25609.958244557172, -10427.759340734405, -166981.2103487504, -17044.61330707232, -27689.832769612407, -34742.90338074009, 0.064, 0.97, -0.158, 192.0, 0.0, 0.0, 0.0, 0.0, 0.0, 0.0, 0.0, 0.0, 0.0, 1.741026572148672E9, 0.0, 2025-03-03 12:29:32.148
151.0, -9676.561913080444, 1648.1282291565217, -25588.031183246516, -10414.817680694781, -167030.7641662078, -17028.944734209148, -27676.689943872687, -34734.43206959153, 0.064, 0.97, -0.158, 192.0, 0.0, 0.0, 0.0, 0.0, 0.0, 0.0, 0.0, 0.0, 0.0, 1.741026572208205E9, 0.0, 2025-03-03 12:29:32.208
152.0, -9629.399732279746, 1719.273831757764, -25595.988404272608, -10426.68645700055, -167016.25788405634, -17032.722179022097, -27692.112647546848, -34746.0996801972, 0.064, 0.97, -0.158, 192.0, 0.0, 0.0, 0.0, 0.0, 0.0, 0.0, 0.0, 0.0, 0.0, 1.741026572208285E9, 0.0, 2025-03-03 12:29:32.208
153.0, -9613.082958827372, 1768.6041317706267, -25605.286729966014, -10432.989648936946, -166969.07335151118, -17044.345086138856, -27698.885226116807, -34746.54671508631, 0.064, 0.97, -0.158, 192.0, 0.0, 0.0, 0.0, 0.0, 0.0, 0.0, 0.0, 0.0, 0.0, 1.741026572208346E9, 0.0, 2025-03-03 12:29:32.208
154.0, -9683.24508467258, 1682.3263981731413, -25607.16427650026, -10420.718541230983, -167005.88667462906, -17050.357705397335, -27686.681173644207, -34746.412604619574, 0.064, 0.97, -0.158, 192.0, 0.0, 0.0, 0.0, 0.0, 0.0, 0.0, 0.0, 0.0, 0.0, 1.741026572208382E9, 0.0, 2025-03-03 12:29:32.208
155.0, -9707.742596595597, 1637.4217435624296, -25604.951453799185, -10420.495023786429, -167066.14697768056, -17039.785330269973, -27679.707429374153, -34750.59238083272, 0.064, 0.97, -0.158, 192.0, 0.0, 0.0, 0.0, 0.0, 0.0, 0.0, 0.0, 0.0, 0.0, 1.741026572208409E9, 0.0, 2025-03-03 12:29:32.208
156.0, -9649.33748833388, 1696.9667907913674, -25606.091392766404, -10426.462939555997, -167048.3773408386, -17041.61817331531, -27689.81041786795, -34740.914075483575, 0.064, 0.97, -0.158, 192.0, 0.0, 0.0, 0.0, 0.0, 0.0, 0.0, 0.0, 0.0, 0.0, 1.741026572208463E9, 0.0, 2025-03-03 12:29:32.208
157.0, -9619.14028157476, 1760.915131678001, -25606.605482888877, -10430.463901813497, -166999.62818618157, -17048.547214096452, -27691.933833591203, -34727.72654625494, 0.062, 0.976, -0.158, 192.0, 1.0, 240.0, 30.0, 128.0, 251.0, 16.0, 0.0, 0.0, 0.0, 1.741026572208494E9, 0.0, 2025-03-03 12:29:32.208
158.0, -9698.220753457637, 1678.3477876600966, -25610.002948046083, -10431.290916358343, -167042.20825936893, -17040.165309925713, -27683.127246275813, -34733.20272364649, 0.062, 0.976, -0.158, 192.0, 0.0, 0.0, 0.0, 0.0, 0.0, 0.0, 0.0, 0.0, 0.0, 1.741026572208525E9, 0.0, 2025-03-03 12:29:32.208
159.0, -9706.222677972637, 1637.958185429357, -25602.224540975636, -10416.516413273384, -167079.69213482048, -17030.375245854288, -27684.200130009667, -34740.265874894365, 0.062, 0.976, -0.158, 192.0, 0.0, 0.0, 0.0, 0.0, 0.0, 0.0, 0.0, 0.0, 0.0, 1.741026572208551E9, 0.0, 2025-03-03 12:29:32.208
160.0, -9666.324814119913, 1673.4304038799291, -25595.36255542786, -10422.372570320675, -167090.57743437024, -17029.011789442517, -27681.026182297013, -34734.99086320292, 0.062, 0.976, -0.158, 192.0, 0.0, 0.0, 0.0, 0.0, 0.0, 0.0, 0.0, 0.0, 0.0, 1.741026572208577E9, 0.0, 2025-03-03 12:29:32.208
161.0, -9610.959543104118, 1754.9248641639788, -25597.19539847319, -10426.865270956192, -167052.71357926293, -17028.832975486872, -27687.642298655785, -34740.08706093873, 0.062, 0.976, -0.158, 192.0, 0.0, 0.0, 0.0, 0.0, 0.0, 0.0, 0.0, 0.0, 0.0, 1.741026572208653E9, 0.0, 2025-03-03 12:29:32.208
162.0, -9656.311232603935, 1701.7053606158927, -25616.999044060594, -10430.01686692439, -167055.5298990643, -17040.679400048186, -27699.980461595114, -34750.68178781054, 0.062, 0.976, -0.158, 192.0, 0.0, 0.0, 0.0, 0.0, 0.0, 0.0, 0.0, 0.0, 0.0, 1.741026572208682E9, 0.0, 2025-03-03 12:29:32.208
163.0, -9696.656131345766, 1636.1253423840217, -25609.086526523417, -10425.792387222336, -167099.7863530858, -17040.232365159078, -27695.755981893064, -34742.12106968416, 0.062, 0.976, -0.158, 192.0, 0.0, 0.0, 0.0, 0.0, 0.0, 0.0, 0.0, 0.0, 0.0, 1.741026572208729E9, 0.0, 2025-03-03 12:29:32.208
164.0, -9685.30144516247, 1647.435325078407, -25606.516075911055, -10429.25690761291, -167128.48599296642, -17031.045798187948, -27694.750153392575, -34743.149249929105, 0.062, 0.976, -0.158, 192.0, 0.0, 0.0, 0.0, 0.0, 0.0, 0.0, 0.0, 0.0, 0.0, 1.741026572208765E9, 0.0, 2025-03-03 12:29:32.208
165.0, -9627.969220634606, 1741.1114860905989, -25619.92712258424, -10436.565928049795, -167075.7358760519, -17040.90291749274, -27709.34584252189, -34762.237639693936, 0.062, 0.976, -0.158, 192.0, 0.0, 0.0, 0.0, 0.0, 0.0, 0.0, 0.0, 0.0, 0.0, 1.741026572208797E9, 0.0, 2025-03-03 12:29:32.208
166.0, -9648.644584255766, 1720.2573085137974, -25612.104012024884, -10418.081035385256, -167071.66785856104, -17033.392731355754, -27701.00864184006, -34748.26779940937, 0.062, 0.976, -0.158, 192.0, 0.0, 0.0, 0.0, 0.0, 0.0, 0.0, 0.0, 0.0, 0.0, 1.741026572268484E9, 0.0, 2025-03-03 12:29:32.268
167.0, -9694.398605155779, 1649.8046099906696, -25609.69002362371, -10424.116006388189, -167115.5443329268, -17041.215841915113, -27699.600481939375, -34750.83825002173, 0.056, 0.968, -0.154, 192.0, 1.0, 192.0, 30.0, 64.0, 251.0, 48.0, 0.0, 0.0, 0.0, 1.741026572268536E9, 0.0, 2025-03-03 12:29:32.268
168.0, -9685.81553528494, 1650.9445489578902, -25606.314910210956, -10425.412407566597, -167138.99131286042, -17035.247926145545, -27698.259377272057, -34749.854773265695, 0.056, 0.968, -0.154, 192.0, 0.0, 0.0, 0.0, 0.0, 0.0, 0.0, 0.0, 0.0, 0.0, 1.741026572268565E9, 0.0, 2025-03-03 12:29:32.268
169.0, -9617.150976318238, 1728.2368812843422, -25605.107916010373, -10428.742817490438, -167100.76982984185, -17031.023446443494, -27700.069868572937, -34748.35720638719, 0.056, 0.968, -0.154, 192.0, 0.0, 0.0, 0.0, 0.0, 0.0, 0.0, 0.0, 0.0, 0.0, 1.741026572268591E9, 0.0, 2025-03-03 12:29:32.268
170.0, -9652.71260174663, 1713.4176747104734, -25620.552971428988, -10443.047933941834, -167094.17606522754, -17041.260545404024, -27704.04847908598, -34758.728415814454, 0.056, 0.968, -0.154, 192.0, 0.0, 0.0, 0.0, 0.0, 0.0, 0.0, 0.0, 0.0, 0.0, 1.741026572268618E9, 0.0, 2025-03-03 12:29:32.268
171.0, -9721.243050246603, 1627.8999004244686, -25614.27213123705, -10434.39780883763, -167168.5626707748, -17041.1711384262, -27694.81720862594, -34750.65943606609, 0.056, 0.968, -0.154, 192.0, 0.0, 0.0, 0.0, 0.0, 0.0, 0.0, 0.0, 0.0, 0.0, 1.741026572268655E9, 0.0, 2025-03-03 12:29:32.268
172.0, -9726.83098636043, 1629.2857085806977, -25614.40624170378, -10432.87789021467, -167212.55090386284, -17037.41604535771, -27697.655880171762, -34753.475755867454, 0.056, 0.968, -0.154, 192.0, 0.0, 0.0, 0.0, 0.0, 0.0, 0.0, 0.0, 0.0, 0.0, 1.741026572268688E9, 0.0, 2025-03-03 12:29:32.268
173.0, -9655.707735503644, 1719.8102736246913, -25620.03888130652, -10444.947832220536, -167175.6481737671, -17044.501548350043, -27710.82105765594, -34764.0034275059, 0.056, 0.968, -0.154, 192.0, 0.0, 0.0, 0.0, 0.0, 0.0, 0.0, 0.0, 0.0, 0.0, 1.741026572268715E9, 0.0, 2025-03-03 12:29:32.268
174.0, -9614.871098383797, 1760.401041555529, -25603.83386657642, -10416.985799906946, -167124.194458031, -17023.625019028786, -27697.43236272721, -34759.778947803854, 0.056, 0.968, -0.154, 192.0, 0.0, 0.0, 0.0, 0.0, 0.0, 0.0, 0.0, 0.0, 0.0, 1.741026572268742E9, 0.0, 2025-03-03 12:29:32.268
175.0, -9682.239256172092, 1674.5703428471497, -25619.860067350874, -10423.82543371027, -167153.31878105627, -17035.18087091218, -27703.57909245242, -34762.81878504977, 0.056, 0.968, -0.154, 192.0, 0.0, 0.0, 0.0, 0.0, 0.0, 0.0, 0.0, 0.0, 0.0, 1.741026572268769E9, 0.0, 2025-03-03 12:29:32.268
176.0, -9702.020550015039, 1640.7968569751808, -25617.78135511653, -10429.860404713203, -167200.972700235, -17044.009809972027, -27704.026127341527, -34762.371750160666, 0.056, 0.968, -0.154, 192.0, 0.0, 0.0, 0.0, 0.0, 0.0, 0.0, 0.0, 0.0, 0.0, 1.741026572268795E9, 0.0, 2025-03-03 12:29:32.268
177.0, -9656.71356400413, 1702.7335408608367, -25605.59965438839, -10430.374494835674, -167206.1136014597, -17030.151728409735, -27699.779295895016, -34760.337741415235, 0.05, 0.966, -0.154, 192.0, 1.0, 144.0, 30.0, 48.0, 251.0, 48.0, 0.0, 0.0, 0.0, 1.741026572268822E9, 0.0, 2025-03-03 12:29:32.268
178.0, -9611.920668115696, 1765.944274180445, -25606.314910210956, -10430.977991935968, -167153.34113280074, -17032.029274943983, -27705.76956340904, -34761.70119782701, 0.05, 0.966, -0.154, 192.0, 0.0, 0.0, 0.0, 0.0, 0.0, 0.0, 0.0, 0.0, 0.0, 1.741026572268856E9, 0.0, 2025-03-03 12:29:32.268
179.0, -9679.132363692805, 1676.3584824035745, -25610.44998293519, -10428.452244812519, -167195.6753367991, -17036.90195523524, -27705.00960409756, -34770.97717177596, 0.05, 0.966, -0.154, 192.0, 0.0, 0.0, 0.0, 0.0, 0.0, 0.0, 0.0, 0.0, 0.0, 1.741026572268893E9, 0.0, 2025-03-03 12:29:32.268
180.0, -9687.87189577483, 1641.9814994313122, -25604.616177632353, -10418.192794107532, -167243.95510482255, -17029.90585922073, -27704.49551397509, -34770.9101165426, 0.05, 0.966, -0.154, 192.0, 0.0, 0.0, 0.0, 0.0, 0.0, 0.0, 0.0, 0.0, 0.0, 1.741026572268928E9, 0.0, 2025-03-03 12:29:32.268
181.0, -9637.826339939396, 1704.275811228253, -25606.940759055706, -10425.881794200159, -167219.07761324377, -17029.145899909247, -27712.49743849009, -34772.07240725427, 0.05, 0.966, -0.154, 192.0, 0.0, 0.0, 0.0, 0.0, 0.0, 0.0, 0.0, 0.0, 0.0, 1.741026572327856E9, 0.0, 2025-03-03 12:29:32.327
182.0, -9617.799176907442, 1756.0200996422889, -25602.78333458702, -10421.947887176024, -167196.39059262164, -17024.541440551453, -27704.62962444182, -34755.82268903526, 0.05, 0.966, -0.154, 192.0, 0.0, 0.0, 0.0, 0.0, 0.0, 0.0, 0.0, 0.0, 0.0, 1.74102657232789E9, 0.0, 2025-03-03 12:29:32.327
183.0, -9675.019642713029, 1678.9065812714794, -25607.45484917818, -10425.524166288873, -167238.59068615327, -17029.727045265085, -27705.970729109136, -34761.36592166018, 0.05, 0.966, -0.154, 192.0, 0.0, 0.0, 0.0, 0.0, 0.0, 0.0, 0.0, 0.0, 0.0, 1.741026572327936E9, 0.0, 2025-03-03 12:29:32.327
184.0, -9697.10316623487, 1638.1369993849994, -25606.40431718878, -10426.619401767184, -167279.80730292885, -17030.12937666528, -27707.378889009822, -34768.78670081934, 0.05, 0.966, -0.154, 192.0, 0.0, 0.0, 0.0, 0.0, 0.0, 0.0, 0.0, 0.0, 0.0, 1.741026572327963E9, 0.0, 2025-03-03 12:29:32.327
185.0, -9662.592072795876, 1676.0232062367447, -25606.985462544617, -10431.469730313986, -167287.83157918832, -17030.28583887647, -27711.469258245143, -34770.39602642012, 0.05, 0.966, -0.154, 192.0, 0.0, 0.0, 0.0, 0.0, 0.0, 0.0, 0.0, 0.0, 0.0, 1.741026572327994E9, 0.0, 2025-03-03 12:29:32.327
186.0, -9615.631057695276, 1762.4126985565065, -25610.874666079842, -10438.801102495325, -167236.13199426318, -17043.518071594008, -27718.82298217094, -34782.085988770246, 0.05, 0.966, -0.154, 192.0, 0.0, 0.0, 0.0, 0.0, 0.0, 0.0, 0.0, 0.0, 0.0, 1.741026572328026E9, 0.0, 2025-03-03 12:29:32.328
187.0, -9665.38604085279, 1722.8277591261578, -25604.683232865722, -10429.748645990927, -167233.4274331841, -17044.41214137222, -27712.564493723454, -34769.68077059755, 0.054, 0.97, -0.154, 192.0, 1.0, 176.0, 30.0, 80.0, 251.0, 48.0, 0.0, 0.0, 0.0, 1.741026572328062E9, 0.0, 2025-03-03 12:29:32.328
188.0, -9709.463680918656, 1658.4100316059628, -25607.83482883392, -10431.939116947546, -167273.66057320364, -17038.555984324932, -27715.090240846905, -34776.45334916751, 0.054, 0.97, -0.154, 192.0, 0.0, 0.0, 0.0, 0.0, 0.0, 0.0, 0.0, 0.0, 0.0, 1.741026572328091E9, 0.0, 2025-03-03 12:29:32.328
189.0, -9706.356788439369, 1669.1835724334207, -25606.20315148868, -10424.58539302175, -167301.51084679496, -17034.51031857852, -27712.117458834346, -34789.88674758515, 0.054, 0.97, -0.154, 192.0, 0.0, 0.0, 0.0, 0.0, 0.0, 0.0, 0.0, 0.0, 0.0, 1.741026572328117E9, 0.0, 2025-03-03 12:29:32.328
190.0, -9662.927348962707, 1751.5497507512273, -25614.227427748137, -10423.557212776806, -167276.32043079383, -17036.253754646033, -27721.90752290577, -34794.379448220665, 0.054, 0.97, -0.154, 192.0, 0.0, 0.0, 0.0, 0.0, 0.0, 0.0, 0.0, 0.0, 0.0, 1.741026572328143E9, 0.0, 2025-03-03 12:29:32.328
191.0, -9683.15567769476, 1730.561462707694, -25617.31196848297, -10433.280221614865, -167270.64308770216, -17045.127397194792, -27723.33803455091, -34771.58066887625, 0.054, 0.97, -0.154, 192.0, 0.0, 0.0, 0.0, 0.0, 0.0, 0.0, 0.0, 0.0, 0.0, 1.74102657232817E9, 0.0, 2025-03-03 12:29:32.328
192.0, -9736.06225682047, 1657.7394792723037, -25607.63366313382, -10416.851689440215, -167315.81596324636, -17039.13712968077, -27719.895865904793, -34771.513613642885, 0.054, 0.97, -0.154, 192.0, 0.0, 0.0, 0.0, 0.0, 0.0, 0.0, 0.0, 0.0, 0.0, 1.741026572328196E9, 0.0, 2025-03-03 12:29:32.328
193.0, -9688.430689386212, 1675.6879300699152, -25599.318814196446, -10416.181137106554, -167328.0423674634, -17039.69592329215, -27717.973615881638, -34772.988828776935, 0.054, 0.97, -0.154, 192.0, 0.0, 0.0, 0.0, 0.0, 0.0, 0.0, 0.0, 0.0, 0.0, 1.741026572328227E9, 0.0, 2025-03-03 12:29:32.328
194.0, -9632.327810803392, 1759.3505095661294, -25596.30132869498, -10410.660256226094, -167307.50111430898, -17031.045798187948, -27718.778278682028, -34775.53692764484, 0.054, 0.97, -0.154, 192.0, 0.0, 0.0, 0.0, 0.0, 0.0, 0.0, 0.0, 0.0, 0.0, 1.741026572328263E9, 0.0, 2025-03-03 12:29:32.328
195.0, -9632.640735225767, 1765.8101637137133, -25600.838732819408, -10414.482404527951, -167282.08718086328, -17030.50935632102, -27722.77924093953, -34781.795416092325, 0.054, 0.97, -0.154, 192.0, 0.0, 0.0, 0.0, 0.0, 0.0, 0.0, 0.0, 0.0, 0.0, 1.741026572328299E9, 0.0, 2025-03-03 12:29:32.328
196.0, -9694.935047022707, 1682.885191784524, -25602.44805842019, -10420.1597476196, -167316.30770162438, -17041.059379703926, -27722.980406639625, -34788.94797431803, 0.054, 0.97, -0.154, 192.0, 0.0, 0.0, 0.0, 0.0, 0.0, 0.0, 0.0, 0.0, 0.0, 1.741026572387604E9, 0.0, 2025-03-03 12:29:32.387
197.0, -9693.146907466282, 1669.2953311556973, -25592.68034609322, -10408.559192247296, -167355.64677186572, -17029.592934798355, -27714.933778635717, -34783.65061088212, 0.052000000000000005, 0.976, -0.152, 192.0, 1.0, 160.0, 30.0, 128.0, 251.0, 64.0, 0.0, 0.0, 0.0, 1.741026572387639E9, 0.0, 2025-03-03 12:29:32.387
198.0, -9632.461921270124, 1751.5050472623168, -25597.061288006462, -10417.768110962881, -167331.01514947595, -17033.79506275595, -27719.67234846024, -34793.88770984265, 0.052000000000000005, 0.976, -0.152, 192.0, 0.0, 0.0, 0.0, 0.0, 0.0, 0.0, 0.0, 0.0, 0.0, 1.741026572387688E9, 0.0, 2025-03-03 12:29:32.387
199.0, -9625.331714788881, 1783.691559277959, -25598.804724073976, -10418.863346441192, -167293.15129436867, -17043.115740193814, -27718.62181647084, -34788.366828962186, 0.052000000000000005, 0.976, -0.152, 192.0, 0.0, 0.0, 0.0, 0.0, 0.0, 0.0, 0.0, 0.0, 0.0, 1.741026572387715E9, 0.0, 2025-03-03 12:29:32.387
200.0, -9696.29850343448, 1698.8666890700686, -25604.884398565817, -10421.746721475927, -167329.78580353092, -17045.485025106078, -27719.53823799351, -34780.968401547485, 0.052000000000000005, 0.976, -0.152, 192.0, 0.0, 0.0, 0.0, 0.0, 0.0, 0.0, 0.0, 0.0, 0.0, 1.741026572387746E9, 0.0, 2025-03-03 12:29:32.387
201.0, -9717.577364155934, 1673.1621829464655, -25597.240101962103, -10418.438663296542, -167378.1996820211, -17029.816452242907, -27716.073717602936, -34779.761407346894, 0.052000000000000005, 0.976, -0.152, 192.0, 0.0, 0.0, 0.0, 0.0, 0.0, 0.0, 0.0, 0.0, 0.0, 1.741026572387779E9, 0.0, 2025-03-03 12:29:32.387
202.0, -9666.593035053378, 1750.2757013172748, -25599.07294500744, -10415.39882605062, -167345.96846651656, -17032.118681921802, -27720.231142071625, -34784.90230857162, 0.052000000000000005, 0.976, -0.152, 192.0, 0.0, 0.0, 0.0, 0.0, 0.0, 0.0, 0.0, 0.0, 0.0, 1.741026572387811E9, 0.0, 2025-03-03 12:29:32.387
203.0, -9631.567851491911, 1805.685675821981, -25597.530674640024, -10419.131567374656, -167295.07354439184, -17035.04676044545, -27720.09703160489, -34787.808035350805, 0.052000000000000005, 0.976, -0.152, 192.0, 0.0, 0.0, 0.0, 0.0, 0.0, 0.0, 0.0, 0.0, 0.0, 1.741026572387843E9, 0.0, 2025-03-03 12:29:32.387
204.0, -9700.590038369899, 1712.9482880769121, -25596.63660486181, -10405.161727090088, -167355.49030965453, -17032.856289488827, -27715.20199956918, -34784.879956827164, 0.052000000000000005, 0.976, -0.152, 192.0, 0.0, 0.0, 0.0, 0.0, 0.0, 0.0, 0.0, 0.0, 0.0, 1.741026572387869E9, 0.0, 2025-03-03 12:29:32.387
205.0, -9732.26246026307, 1670.0105869782672, -25608.281863723027, -10414.504756272407, -167413.6719004717, -17044.814472772418, -27726.333168307923, -34797.955727333516, 0.052000000000000005, 0.976, -0.152, 192.0, 0.0, 0.0, 0.0, 0.0, 0.0, 0.0, 0.0, 0.0, 0.0, 1.741026572387894E9, 0.0, 2025-03-03 12:29:32.387
206.0, -9690.464698131645, 1730.136779563043, -25603.990328787608, -10415.44352953953, -167403.09952534433, -17043.294554149456, -27732.25638058858, -34799.58740467875, 0.052000000000000005, 0.976, -0.152, 192.0, 0.0, 0.0, 0.0, 0.0, 0.0, 0.0, 0.0, 0.0, 0.0, 1.741026572387921E9, 0.0, 2025-03-03 12:29:32.387
207.0, -9624.415293266213, 1816.2133474604307, -25588.880549535817, -10418.505718529907, -167331.1045564538, -17038.980667469583, -27730.892924176806, -34801.59906167973, 0.054, 0.972, -0.152, 192.0, 1.0, 176.0, 30.0, 96.0, 251.0, 64.0, 0.0, 0.0, 0.0, 1.741026572387947E9, 0.0, 2025-03-03 12:29:32.387
208.0, -9684.809706784452, 1734.3612592650961, -25590.109895480862, -10411.129642859656, -167367.31438247138, -17041.886394248773, -27723.20392408418, -34806.85172162673, 0.054, 0.972, -0.152, 192.0, 0.0, 0.0, 0.0, 0.0, 0.0, 0.0, 0.0, 0.0, 0.0, 1.741026572387975E9, 0.0, 2025-03-03 12:29:32.387
209.0, -9703.048730259983, 1684.919200529957, -25594.44613390519, -10410.883773670646, -167417.27053132898, -17044.680362305684, -27732.546953266497, -34808.12577106068, 0.054, 0.972, -0.152, 192.0, 0.0, 0.0, 0.0, 0.0, 0.0, 0.0, 0.0, 0.0, 0.0, 1.741026572388017E9, 0.0, 2025-03-03 12:29:32.388
210.0, -9671.644529300276, 1719.2291282688534, -25597.374212428836, -10422.73019823196, -167410.69911845913, -17040.344123881358, -27735.273866090047, -34804.6165471812, 0.054, 0.972, -0.152, 192.0, 0.0, 0.0, 0.0, 0.0, 0.0, 0.0, 0.0, 0.0, 0.0, 1.741026572388047E9, 0.0, 2025-03-03 12:29:32.388
211.0, -9636.328773060892, 1783.848021489146, -25597.19539847319, -10419.73506447495, -167390.5601967049, -17039.293591891957, -27733.664540489262, -34805.845893126236, 0.054, 0.972, -0.152, 192.0, 0.0, 0.0, 0.0, 0.0, 0.0, 0.0, 0.0, 0.0, 0.0, 1.741026572447883E9, 0.0, 2025-03-03 12:29:32.447
212.0, -9674.885532246297, 1746.207683826409, -25602.805686331474, -10422.998419165424, -167389.12968505977, -17046.71437105112, -27734.424499800745, -34806.27057627089, 0.054, 0.972, -0.152, 192.0, 0.0, 0.0, 0.0, 0.0, 0.0, 0.0, 0.0, 0.0, 0.0, 1.74102657244792E9, 0.0, 2025-03-03 12:29:32.447
213.0, -9710.737730352608, 1684.5392208742169, -25598.06711650695, -10417.119910373678, -167424.31133083242, -17036.633734301777, -27727.383700297323, -34798.78274187836, 0.054, 0.972, -0.152, 192.0, 0.0, 0.0, 0.0, 0.0, 0.0, 0.0, 0.0, 0.0, 0.0, 1.741026572447973E9, 0.0, 2025-03-03 12:29:32.447
214.0, -9683.468602117135, 1698.531412903239, -25590.042840247494, -10409.63207598115, -167447.7136072771, -17030.03996968746, -27725.05911887397, -34798.26865175589, 0.054, 0.972, -0.152, 192.0, 0.0, 0.0, 0.0, 0.0, 0.0, 0.0, 0.0, 0.0, 0.0, 1.741026572448003E9, 0.0, 2025-03-03 12:29:32.448
215.0, -9625.868156655808, 1785.59145755666, -25587.762962313052, -10410.816718437281, -167417.94108366265, -17029.749397009542, -27730.40118579879, -34801.04026806835, 0.054, 0.972, -0.152, 192.0, 0.0, 0.0, 0.0, 0.0, 0.0, 0.0, 0.0, 0.0, 0.0, 1.74102657244803E9, 0.0, 2025-03-03 12:29:32.448
216.0, -9652.24321511307, 1763.8655619461015, -25604.727936354633, -10424.674799999571, -167404.64179571174, -17048.837786774373, -27740.21360161467, -34812.99845135194, 0.054, 0.972, -0.152, 192.0, 0.0, 0.0, 0.0, 0.0, 0.0, 0.0, 0.0, 0.0, 0.0, 1.741026572448056E9, 0.0, 2025-03-03 12:29:32.448
217.0, -9731.860128862874, 1667.9765782328343, -25610.941721313207, -10427.558175034306, -167485.24218621757, -17040.925269237196, -27737.598447513396, -34815.05481184182, 0.056, 0.972, -0.156, 192.0, 1.0, 192.0, 30.0, 96.0, 251.0, 32.0, 0.0, 0.0, 0.0, 1.741026572448095E9, 0.0, 2025-03-03 12:29:32.448
218.0, -9695.15856446726, 1683.689854584915, -25602.87274156484, -10414.840032439237, -167502.8330091039, -17036.633734301777, -27739.431290558732, -34816.4182682536, 0.056, 0.972, -0.156, 192.0, 0.0, 0.0, 0.0, 0.0, 0.0, 0.0, 0.0, 0.0, 0.0, 1.74102657244813E9, 0.0, 2025-03-03 12:29:32.448
219.0, -9617.776825162986, 1775.8684487186015, -25592.345069926392, -10410.34733180372, -167465.10326446334, -17034.46561508961, -27739.498345792097, -34808.863378627706, 0.056, 0.972, -0.156, 192.0, 0.0, 0.0, 0.0, 0.0, 0.0, 0.0, 0.0, 0.0, 0.0, 1.741026572448156E9, 0.0, 2025-03-03 12:29:32.448
220.0, -9628.103331101338, 1791.201745414942, -25603.76681134305, -10423.333695332252, -167432.69323500316, -17039.673571547697, -27747.45556681819, -34816.08299208677, 0.056, 0.972, -0.156, 192.0, 0.0, 0.0, 0.0, 0.0, 0.0, 0.0, 0.0, 0.0, 0.0, 1.741026572448183E9, 0.0, 2025-03-03 12:29:32.448
221.0, -9708.122576251339, 1698.0843780141329, -25610.651148635287, -10425.68062850006, -167491.09834326486, -17041.461711104123, -27747.366159840367, -34816.552378720335, 0.056, 0.972, -0.156, 192.0, 0.0, 0.0, 0.0, 0.0, 0.0, 0.0, 0.0, 0.0, 0.0, 1.74102657244821E9, 0.0, 2025-03-03 12:29:32.448
222.0, -9700.768852325542, 1690.4847848993284, -25603.11861075385, -10419.265677841388, -167516.55698019947, -17043.383961127278, -27744.751005739094, -34810.62916643968, 0.056, 0.972, -0.156, 192.0, 0.0, 0.0, 0.0, 0.0, 0.0, 0.0, 0.0, 0.0, 0.0, 1.741026572448236E9, 0.0, 2025-03-03 12:29:32.448
223.0, -9639.48036902909, 1767.7100619924145, -25599.095296751893, -10427.44641631203, -167481.42003791573, -17049.32952515239, -27754.183441899237, -34822.475591000984, 0.056, 0.972, -0.156, 192.0, 0.0, 0.0, 0.0, 0.0, 0.0, 0.0, 0.0, 0.0, 0.0, 1.741026572448262E9, 0.0, 2025-03-03 12:29:32.448
224.0, -9637.312249816925, 1803.2940391652633, -25613.042785292004, -10436.811797238803, -167426.99354016705, -17060.550100868953, -27759.994895457614, -34828.622320726194, 0.056, 0.972, -0.156, 192.0, 0.0, 0.0, 0.0, 0.0, 0.0, 0.0, 0.0, 0.0, 0.0, 1.741026572448297E9, 0.0, 2025-03-03 12:29:32.448
225.0, -9721.757140369074, 1713.3953229660183, -25608.863009078865, -10417.276372584865, -167470.24416568808, -17043.89805124975, -27744.214563872167, -34809.757448405915, 0.056, 0.972, -0.156, 192.0, 0.0, 0.0, 0.0, 0.0, 0.0, 0.0, 0.0, 0.0, 0.0, 1.741026572448341E9, 0.0, 2025-03-03 12:29:32.448
226.0, -9734.229413775136, 1683.4886888848173, -25602.760982842563, -10417.701055729516, -167525.16240181477, -17041.841690759862, -27741.711168493173, -34814.89834963064, 0.056, 0.972, -0.156, 192.0, 0.0, 0.0, 0.0, 0.0, 0.0, 0.0, 0.0, 0.0, 0.0, 1.741026572508158E9, 0.0, 2025-03-03 12:29:32.508
227.0, -9674.952587479662, 1747.6381954715487, -25607.49955266709, -10431.000343680424, -167517.0934220664, -17049.016600730014, -27748.751967996595, -34819.972195621995, 0.05, 0.976, -0.156, 192.0, 1.0, 144.0, 30.0, 128.0, 251.0, 32.0, 0.0, 0.0, 0.0, 1.741026572508194E9, 0.0, 2025-03-03 12:29:32.508
228.0, -9645.224767354104, 1804.657495577037, -25617.446078949702, -10440.656297285115, -167469.5736133544, -17052.07878972039, -27756.329209366944, -34819.45810549952, 0.05, 0.976, -0.156, 192.0, 0.0, 0.0, 0.0, 0.0, 0.0, 0.0, 0.0, 0.0, 0.0, 1.741026572508239E9, 0.0, 2025-03-03 12:29:32.508
229.0, -9724.931088081728, 1714.4458549554176, -25627.59377093241, -10440.566890307295, -167512.10898305287, -17055.029219988493, -27756.48567157813, -34826.23068406948, 0.05, 0.976, -0.156, 192.0, 0.0, 0.0, 0.0, 0.0, 0.0, 0.0, 0.0, 0.0, 0.0, 1.741026572508265E9, 0.0, 2025-03-03 12:29:32.508
230.0, -9746.634631947833, 1680.918238272457, -25623.50340169709, -10422.439625554041, -167551.15748061627, -17044.568603583408, -27750.026017430548, -34824.19667532405, 0.05, 0.976, -0.156, 192.0, 0.0, 0.0, 0.0, 0.0, 0.0, 0.0, 0.0, 0.0, 0.0, 1.741026572508291E9, 0.0, 2025-03-03 12:29:32.508
231.0, -9676.226636913614, 1737.3787447665627, -25604.97380554364, -10413.923610916569, -167542.37324504534, -17035.113815678815, -27746.87442146235, -34812.52906471838, 0.05, 0.976, -0.156, 192.0, 0.0, 0.0, 0.0, 0.0, 0.0, 0.0, 0.0, 0.0, 0.0, 1.74102657250832E9, 0.0, 2025-03-03 12:29:32.508
232.0, -9623.387113021268, 1800.947105997456, -25596.904825795275, -10417.857517940703, -167514.25475052057, -17038.153652924735, -27743.521659794053, -34807.34346000475, 0.05, 0.976, -0.156, 192.0, 0.0, 0.0, 0.0, 0.0, 0.0, 0.0, 0.0, 0.0, 0.0, 1.741026572508354E9, 0.0, 2025-03-03 12:29:32.508
233.0, -9668.850561243364, 1742.7431634358363, -25610.807610846474, -10424.607744766206, -167512.95834934217, -17040.522937837, -27750.718921508662, -34814.49601823044, 0.05, 0.976, -0.156, 192.0, 0.0, 0.0, 0.0, 0.0, 0.0, 0.0, 0.0, 0.0, 0.0, 1.741026572508387E9, 0.0, 2025-03-03 12:29:32.508
234.0, -9727.523890438544, 1665.9649212318566, -25615.70264288219, -10423.847785454725, -167579.38773386335, -17036.03023720148, -27747.053235417992, -34817.33468977627, 0.05, 0.976, -0.156, 192.0, 0.0, 0.0, 0.0, 0.0, 0.0, 0.0, 0.0, 0.0, 0.0, 1.741026572508413E9, 0.0, 2025-03-03 12:29:32.508
235.0, -9701.864087803851, 1700.4760146708506, -25613.22159924765, -10434.911898960103, -167596.308004416, -17041.528766337487, -27751.54593605351, -34822.65440495663, 0.05, 0.976, -0.156, 192.0, 0.0, 0.0, 0.0, 0.0, 0.0, 0.0, 0.0, 0.0, 0.0, 1.741026572508439E9, 0.0, 2025-03-03 12:29:32.508
236.0, -9625.152900833238, 1799.3824838855844, -25599.385869429814, -10411.599029493216, -167545.7483584581, -17035.270277890002, -27748.81902322996, -34820.0168991109, 0.05, 0.976, -0.156, 192.0, 0.0, 0.0, 0.0, 0.0, 0.0, 0.0, 0.0, 0.0, 0.0, 1.741026572508465E9, 0.0, 2025-03-03 12:29:32.508
237.0, -9679.065308459438, 1755.9530444089228, -25615.523828926544, -10425.68062850006, -167546.7988904475, -17045.127397194792, -27751.858860475884, -34829.24816957094, 0.052000000000000005, 0.972, -0.154, 192.0, 1.0, 160.0, 30.0, 96.0, 251.0, 48.0, 0.0, 0.0, 0.0, 1.741026572508492E9, 0.0, 2025-03-03 12:29:32.508
238.0, -9743.17011155726, 1672.8716102685464, -25614.92033182625, -10431.1121024027, -167607.7744493216, -17047.586089084874, -27747.902601707294, -34814.92070137509, 0.052000000000000005, 0.972, -0.154, 192.0, 0.0, 0.0, 0.0, 0.0, 0.0, 0.0, 0.0, 0.0, 0.0, 1.741026572508521E9, 0.0, 2025-03-03 12:29:32.508
239.0, -9719.276096734537, 1695.625686124049, -25614.585055659423, -10419.578602263762, -167614.4129174248, -17032.342199366358, -27749.24370637461, -34809.623337939185, 0.052000000000000005, 0.972, -0.154, 192.0, 0.0, 0.0, 0.0, 0.0, 0.0, 0.0, 0.0, 0.0, 0.0, 1.741026572508554E9, 0.0, 2025-03-03 12:29:32.508
240.0, -9659.82045648342, 1787.0890244351656, -25619.83771560642, -10425.323000588776, -167562.91449819977, -17042.936926238173, -27758.67614253475, -34821.089782844756, 0.052000000000000005, 0.972, -0.154, 192.0, 0.0, 0.0, 0.0, 0.0, 0.0, 0.0, 0.0, 0.0, 0.0, 1.741026572508585E9, 0.0, 2025-03-03 12:29:32.508
241.0, -9657.898206460262, 1762.7926782122468, -25607.186628244715, -10415.622343495172, -167565.21672787867, -17036.141995923757, -27749.422520330256, -34812.88669262966, 0.052000000000000005, 0.972, -0.154, 192.0, 0.0, 0.0, 0.0, 0.0, 0.0, 0.0, 0.0, 0.0, 0.0, 1.741026572568346E9, 0.0, 2025-03-03 12:29:32.568
242.0, -9698.44427090219, 1687.1320232310325, -25616.239084749115, -10422.149052876122, -167613.42944066875, -17043.249850660544, -27755.43513958873, -34821.00037586693, 0.052000000000000005, 0.972, -0.154, 192.0, 0.0, 0.0, 0.0, 0.0, 0.0, 0.0, 0.0, 0.0, 0.0, 1.74102657256838E9, 0.0, 2025-03-03 12:29:32.568
243.0, -9695.091509233895, 1703.7840728502363, -25616.462602193667, -10431.849709969725, -167617.65392037082, -17046.200280928646, -27758.050293690005, -34825.38131778018, 0.052000000000000005, 0.972, -0.154, 192.0, 0.0, 0.0, 0.0, 0.0, 0.0, 0.0, 0.0, 0.0, 0.0, 1.741026572568412E9, 0.0, 2025-03-03 12:29:32.568
244.0, -9650.6785930012, 1782.8421929886572, -25608.30421546748, -10428.385189579152, -167578.67247804077, -17039.98649597007, -27757.715017523173, -34829.15876259312, 0.052000000000000005, 0.972, -0.154, 192.0, 0.0, 0.0, 0.0, 0.0, 0.0, 0.0, 0.0, 0.0, 0.0, 1.741026572568451E9, 0.0, 2025-03-03 12:29:32.568
245.0, -9672.806820011952, 1777.723643508392, -25613.86979983685, -10431.179157636067, -167565.06026566747, -17040.1206064368, -27757.044465189516, -34833.83027718429, 0.052000000000000005, 0.972, -0.154, 192.0, 0.0, 0.0, 0.0, 0.0, 0.0, 0.0, 0.0, 0.0, 0.0, 1.741026572568478E9, 0.0, 2025-03-03 12:29:32.568
246.0, -9746.813445903474, 1678.504249871284, -25617.73665162762, -10419.422140052575, -167630.75204262164, -17036.097292434846, -27750.405997086287, -34820.50863748892, 0.052000000000000005, 0.972, -0.154, 192.0, 0.0, 0.0, 0.0, 0.0, 0.0, 0.0, 0.0, 0.0, 0.0, 1.741026572568504E9, 0.0, 2025-03-03 12:29:32.568
247.0, -9723.746445625597, 1668.6247788220383, -25616.529657427032, -10423.892488943637, -167668.19121458428, -17038.4218738582, -27757.402093100798, -34831.32688180529, 0.056, 0.972, -0.15, 192.0, 1.0, 192.0, 30.0, 96.0, 251.0, 80.0, 0.0, 0.0, 0.0, 1.741026572568536E9, 0.0, 2025-03-03 12:29:32.568
248.0, -9668.96231996564, 1756.3777275535738, -25615.099145781893, -10420.360913319697, -167631.02026355508, -17040.299420392446, -27757.983238456636, -34827.3706230367, 0.056, 0.972, -0.15, 192.0, 0.0, 0.0, 0.0, 0.0, 0.0, 0.0, 0.0, 0.0, 0.0, 1.741026572568575E9, 0.0, 2025-03-03 12:29:32.568
249.0, -9661.586244295388, 1791.8052425152355, -25607.521904411544, -10413.923610916569, -167611.44013541224, -17031.962219710615, -27750.003665686094, -34812.149085062636, 0.056, 0.972, -0.15, 192.0, 0.0, 0.0, 0.0, 0.0, 0.0, 0.0, 0.0, 0.0, 0.0, 1.741026572568601E9, 0.0, 2025-03-03 12:29:32.568
250.0, -9701.685273848208, 1719.3632387355851, -25616.820230104953, -10423.803081965814, -167627.68985363125, -17041.439359359665, -27759.749026268608, -34827.236512569965, 0.056, 0.972, -0.15, 192.0, 0.0, 0.0, 0.0, 0.0, 0.0, 0.0, 0.0, 0.0, 0.0, 1.741026572568628E9, 0.0, 2025-03-03 12:29:32.568
251.0, -9714.604582143376, 1689.9036395434905, -25608.48302942312, -10420.96441041999, -167662.08918834798, -17036.767844768507, -27755.189270399726, -34823.056736356826, 0.056, 0.972, -0.15, 192.0, 0.0, 0.0, 0.0, 0.0, 0.0, 0.0, 0.0, 0.0, 0.0, 1.741026572568655E9, 0.0, 2025-03-03 12:29:32.568
252.0, -9662.592072795876, 1751.3485850511295, -25607.432497433725, -10432.028523925368, -167646.8676503739, -17040.008847714525, -27763.571174570465, -34831.438640527565, 0.056, 0.972, -0.15, 192.0, 0.0, 0.0, 0.0, 0.0, 0.0, 0.0, 0.0, 0.0, 0.0, 1.741026572568682E9, 0.0, 2025-03-03 12:29:32.568
253.0, -9634.942964904663, 1807.4514636339504, -25615.70264288219, -10438.711695517504, -167598.49847537262, -17044.792121027964, -27772.51187235259, -34832.60093123924, 0.056, 0.972, -0.15, 192.0, 0.0, 0.0, 0.0, 0.0, 0.0, 0.0, 0.0, 0.0, 0.0, 1.741026572568708E9, 0.0, 2025-03-03 12:29:32.568
254.0, -9704.032207016016, 1729.466227229384, -25605.82317183294, -10416.11408187319, -167625.72290011917, -17036.23140290158, -27760.77720651355, -34823.92845439058, 0.056, 0.972, -0.15, 192.0, 0.0, 0.0, 0.0, 0.0, 0.0, 0.0, 0.0, 0.0, 0.0, 1.741026572568739E9, 0.0, 2025-03-03 12:29:32.568
255.0, -9712.771739098042, 1695.2457064683088, -25603.006852031573, -10413.789500449837, -167648.2758102746, -17040.254716903535, -27763.43706410373, -34830.29870156034, 0.056, 0.972, -0.15, 192.0, 0.0, 0.0, 0.0, 0.0, 0.0, 0.0, 0.0, 0.0, 0.0, 1.741026572568775E9, 0.0, 2025-03-03 12:29:32.568
0.0, -9678.01477647004, 1743.0113843693, -25593.10502923787, -10404.267657311877, -167645.8171183845, -17027.089539419358, -27755.59160179992, -34828.53291374838, 0.056, 0.972, -0.15, 192.0, 0.0, 0.0, 0.0, 0.0, 0.0, 0.0, 0.0, 0.0, 0.0, 1.741026572628795E9, 0.0, 2025-03-03 12:29:32.628
1.0, -9631.277278813992, 1823.2094434749417, -25589.752267569576, -10409.900296914613, -167604.7569638201, -17028.587106297866, -27755.45749133319, -34827.08005035878, 0.056, 0.972, -0.14400000000000002, 192.0, 1.0, 192.0, 30.0, 96.0, 251.0, 128.0, 0.0, 0.0, 0.0, 1.741026572628828E9, 0.0, 2025-03-03 12:29:32.628
2.0, -9715.565707154956, 1742.0502593577219, -25607.521904411544, -10415.868212684181, -167655.316609778, -17038.533632580475, -27765.94045948273, -34829.404631782134, 0.056, 0.972, -0.14400000000000002, 192.0, 0.0, 0.0, 0.0, 0.0, 0.0, 0.0, 0.0, 0.0, 0.0, 1.741026572628857E9, 0.0, 2025-03-03 12:29:32.628
3.0, -9755.329460540946, 1675.6655783254598, -25589.305232680468, -10389.694319927015, -167735.62642760592, -17019.51229804901, -27759.16788091277, -34822.050907856334, 0.056, 0.972, -0.14400000000000002, 192.0, 0.0, 0.0, 0.0, 0.0, 0.0, 0.0, 0.0, 0.0, 0.0, 1.741026572628898E9, 0.0, 2025-03-03 12:29:32.628
4.0, -9708.234334973615, 1714.1329305330432, -25586.086581478907, -10393.829392651247, -167759.54279417312, -17017.858268959317, -27770.00847697359, -34824.6213584687, 0.056, 0.972, -0.14400000000000002, 192.0, 0.0, 0.0, 0.0, 0.0, 0.0, 0.0, 0.0, 0.0, 0.0, 1.741026572628925E9, 0.0, 2025-03-03 12:29:32.628
5.0, -9635.85938642733, 1810.9606875134334, -25594.98257577212, -10410.973180648469, -167709.65370054886, -17032.789234255462, -27782.83837829094, -34834.34436730675, 0.056, 0.972, -0.14400000000000002, 192.0, 0.0, 0.0, 0.0, 0.0, 0.0, 0.0, 0.0, 0.0, 0.0, 1.741026572628951E9, 0.0, 2025-03-03 12:29:32.628
6.0, -9670.01285195504, 1776.4048905855288, -25613.288654481014, -10428.474596556975, -167691.43702881777, -17044.70271405014, -27793.92484354077, -34853.85744021624, 0.056, 0.972, -0.14400000000000002, 192.0, 0.0, 0.0, 0.0, 0.0, 0.0, 0.0, 0.0, 0.0, 0.0, 1.741026572628982E9, 0.0, 2025-03-03 12:29:32.628
7.0, -9719.432558945724, 1704.4099216949849, -25599.00588977407, -10412.403692293608, -167725.72460481222, -17028.78827199796, -27778.368029399877, -34843.82150695581, 0.056, 0.972, -0.14400000000000002, 192.0, 0.0, 0.0, 0.0, 0.0, 0.0, 0.0, 0.0, 0.0, 0.0, 1.741026572629018E9, 0.0, 2025-03-03 12:29:32.629
8.0, -9683.937988750695, 1713.5070816882946, -25585.572491356434, -10412.046064382323, -167743.67305560983, -17026.642504530253, -27770.321401395966, -34827.392974781156, 0.056, 0.972, -0.14400000000000002, 192.0, 0.0, 0.0, 0.0, 0.0, 0.0, 0.0, 0.0, 0.0, 0.0, 1.74102657262905E9, 0.0, 2025-03-03 12:29:32.629
9.0, -9616.055740839927, 1803.8081292877353, -25590.266357692046, -10414.817680694781, -167689.62653751692, -17034.4209116007, -27775.21643343168, -34838.41238479762, 0.056, 0.972, -0.14400000000000002, 192.0, 0.0, 0.0, 0.0, 0.0, 0.0, 0.0, 0.0, 0.0, 0.0, 1.741026572629076E9, 0.0, 2025-03-03 12:29:32.629
10.0, -9661.832113484397, 1772.7392044948585, -25597.530674640024, -10417.34342781823, -167692.08522940698, -17037.147824424246, -27767.505081594598, -34837.18303885258, 0.056, 0.972, -0.14400000000000002, 192.0, 0.0, 0.0, 0.0, 0.0, 0.0, 0.0, 0.0, 0.0, 0.0, 1.741026572629102E9, 0.0, 2025-03-03 12:29:32.629
11.0, -9723.008838058573, 1693.6363808675267, -25601.643395619798, -10418.148090618623, -167742.26489570914, -17037.214879657615, -27768.30974439499, -34831.013957382915, 0.056, 0.976, -0.14200000000000002, 192.0, 1.0, 192.0, 30.0, 128.0, 251.0, 144.0, 0.0, 0.0, 0.0, 1.741026572629128E9, 0.0, 2025-03-03 12:29:32.629
12.0, -9721.310105479968, 1691.1329854885323, -25606.20315148868, -10422.819605209781, -167770.18222453384, -17037.930135480183, -27774.97056424267, -34836.73600396347, 0.056, 0.976, -0.14200000000000002, 192.0, 0.0, 0.0, 0.0, 0.0, 0.0, 0.0, 0.0, 0.0, 0.0, 1.741026572629157E9, 0.0, 2025-03-03 12:29:32.629
13.0, -9652.153808135248, 1777.9248092084897, -25607.20897998917, -10428.765169234894, -167716.85096226347, -17043.65218206074, -27780.714962567683, -34844.782631967384, 0.056, 0.976, -0.14200000000000002, 192.0, 0.0, 0.0, 0.0, 0.0, 0.0, 0.0, 0.0, 0.0, 0.0, 1.741026572629184E9, 0.0, 2025-03-03 12:29:32.629
14.0, -9644.397752809256, 1798.7566350408358, -25602.850389820385, -10423.780730221359, -167670.85107217444, -17044.166272183214, -27774.523529353566, -34847.19662036856, 0.056, 0.976, -0.14200000000000002, 192.0, 0.0, 0.0, 0.0, 0.0, 0.0, 0.0, 0.0, 0.0, 0.0, 1.741026572629224E9, 0.0, 2025-03-03 12:29:32.629
15.0, -9722.718265380654, 1711.71894213187, -25616.194381260204, -10435.291878615843, -167703.26110163465, -17049.03895247447, -27785.744105070127, -34860.38414959719, 0.056, 0.976, -0.14200000000000002, 192.0, 0.0, 0.0, 0.0, 0.0, 0.0, 0.0, 0.0, 0.0, 0.0, 1.741026572688123E9, 0.0, 2025-03-03 12:29:32.688
16.0, -9737.31395450997, 1690.0377500102222, -25615.345014970902, -10444.456093842518, -167726.4398606348, -17055.31979266641, -27788.44866614922, -34865.01096069944, 0.056, 0.976, -0.14200000000000002, 192.0, 0.0, 0.0, 0.0, 0.0, 0.0, 0.0, 0.0, 0.0, 0.0, 1.74102657268818E9, 0.0, 2025-03-03 12:29:32.688
17.0, -9679.400584626268, 1752.2873583182525, -25609.287692223515, -10441.259794385409, -167718.57204658655, -17045.865004761818, -27786.21349170369, -34863.22282114301, 0.056, 0.976, -0.14200000000000002, 192.0, 0.0, 0.0, 0.0, 0.0, 0.0, 0.0, 0.0, 0.0, 0.0, 1.741026572688207E9, 0.0, 2025-03-03 12:29:32.688
18.0, -9652.511436046534, 1798.4884141073721, -25615.25560799308, -10444.97018396499, -167672.3262873085, -17044.523900094497, -27788.895701038327, -34849.58825702527, 0.056, 0.976, -0.14200000000000002, 192.0, 0.0, 0.0, 0.0, 0.0, 0.0, 0.0, 0.0, 0.0, 0.0, 1.741026572688237E9, 0.0, 2025-03-03 12:29:32.688
19.0, -9742.87953887934, 1697.2573634692865, -25618.809535361474, -10441.148035663133, -167742.62252362043, -17042.735760538075, -27777.2057386882, -34842.74862322195, 0.056, 0.976, -0.14200000000000002, 192.0, 0.0, 0.0, 0.0, 0.0, 0.0, 0.0, 0.0, 0.0, 0.0, 1.741026572688264E9, 0.0, 2025-03-03 12:29:32.688
20.0, -9775.021347406071, 1664.981444475823, -25609.220636990147, -10422.01494240939, -167810.43771629783, -17038.75715002503, -27772.3554101414, -34842.86038194423, 0.056, 0.976, -0.14200000000000002, 192.0, 0.0, 0.0, 0.0, 0.0, 0.0, 0.0, 0.0, 0.0, 0.0, 1.741026572688291E9, 0.0, 2025-03-03 12:29:32.688
21.0, -9664.491971074578, 1745.4253727704731, -25598.603558373878, -10424.183061621556, -167775.05490482508, -17042.80281577144, -27781.96666025718, -34851.644617515165, 0.054, 0.97, -0.148, 192.0, 1.0, 176.0, 30.0, 80.0, 251.0, 96.0, 0.0, 0.0, 0.0, 1.74102657268832E9, 0.0, 2025-03-03 12:29:32.688
22.0, -9627.544537489955, 1803.3387426541738, -25599.609386874366, -10435.716561760493, -167722.95298849978, -17053.75517055454, -27782.033715490546, -34859.244210629964, 0.054, 0.97, -0.148, 192.0, 0.0, 0.0, 0.0, 0.0, 0.0, 0.0, 0.0, 0.0, 0.0, 1.741026572688358E9, 0.0, 2025-03-03 12:29:32.688
23.0, -9695.87382028983, 1731.3884772525403, -25596.480142650624, -10427.468768056486, -167741.81786082004, -17039.31594363641, -27775.886985765337, -34845.36377732322, 0.054, 0.97, -0.148, 192.0, 0.0, 0.0, 0.0, 0.0, 0.0, 0.0, 0.0, 0.0, 0.0, 1.74102657268839E9, 0.0, 2025-03-03 12:29:32.688
24.0, -9735.078780064438, 1682.147584217499, -25595.3402036834, -10413.320113816275, -167792.57867247806, -17029.816452242907, -27774.769398542572, -34840.46874528751, 0.054, 0.97, -0.148, 192.0, 0.0, 0.0, 0.0, 0.0, 0.0, 0.0, 0.0, 0.0, 0.0, 1.741026572688415E9, 0.0, 2025-03-03 12:29:32.688
25.0, -9696.812593556953, 1723.7441806488255, -25591.540407126, -10416.985799906946, -167807.82256219658, -17030.442301087656, -27777.317497410477, -34840.49109703196, 0.054, 0.97, -0.148, 192.0, 0.0, 0.0, 0.0, 0.0, 0.0, 0.0, 0.0, 0.0, 0.0, 1.741026572688442E9, 0.0, 2025-03-03 12:29:32.688
26.0, -9636.149959105249, 1807.78673980078, -25591.87568329283, -10429.547480290828, -167758.98400056173, -17039.539461080964, -27784.537110869544, -34851.75637623744, 0.054, 0.97, -0.148, 192.0, 0.0, 0.0, 0.0, 0.0, 0.0, 0.0, 0.0, 0.0, 0.0, 1.741026572688469E9, 0.0, 2025-03-03 12:29:32.688
27.0, -9680.808744526952, 1760.244579344342, -25606.985462544617, -10447.227710154977, -167744.12009049894, -17060.572452613407, -27797.2105499757, -34866.888507233685, 0.054, 0.97, -0.148, 192.0, 0.0, 0.0, 0.0, 0.0, 0.0, 0.0, 0.0, 0.0, 0.0, 1.741026572688496E9, 0.0, 2025-03-03 12:29:32.688
28.0, -9732.195405029703, 1683.823965051647, -25602.06807876445, -10442.220919396988, -167812.44937329882, -17052.883452520782, -27781.631384090353, -34858.17132689611, 0.054, 0.97, -0.148, 192.0, 0.0, 0.0, 0.0, 0.0, 0.0, 0.0, 0.0, 0.0, 0.0, 1.741026572688523E9, 0.0, 2025-03-03 12:29:32.688
29.0, -9687.849544030374, 1723.431256226451, -25591.473351892633, -10435.962430949501, -167822.79823098163, -17044.255679161033, -27778.971526500172, -34854.61739952772, 0.054, 0.97, -0.148, 192.0, 0.0, 0.0, 0.0, 0.0, 0.0, 0.0, 0.0, 0.0, 0.0, 1.741026572688557E9, 0.0, 2025-03-03 12:29:32.688
30.0, -9628.393903779257, 1815.9004230380565, -25598.804724073976, -10443.986707208956, -167764.84015760903, -17047.56373734042, -27792.092000495435, -34864.85449848825, 0.054, 0.97, -0.148, 192.0, 0.0, 0.0, 0.0, 0.0, 0.0, 0.0, 0.0, 0.0, 0.0, 1.741026572747895E9, 0.0, 2025-03-03 12:29:32.747
31.0, -9684.027395728517, 1781.076405176688, -25617.02139580505, -10445.417218854096, -167744.96945678824, -17053.196376943157, -27797.054087764514, -34869.257792145945, 0.06, 0.974, -0.148, 192.0, 1.0, 224.0, 30.0, 112.0, 251.0, 96.0, 0.0, 0.0, 0.0, 1.741026572747942E9, 0.0, 2025-03-03 12:29:32.747
32.0, -9749.138027326826, 1697.235011724831, -25611.656977135775, -10442.958526964012, -167793.33863178952, -17054.202205443646, -27790.54973012802, -34866.79910025586, 0.06, 0.974, -0.148, 192.0, 0.0, 0.0, 0.0, 0.0, 0.0, 0.0, 0.0, 0.0, 0.0, 1.741026572747971E9, 0.0, 2025-03-03 12:29:32.747
33.0, -9706.692064606199, 1696.6315146245379, -25598.26828220705, -10429.815701224292, -167828.27440837317, -17036.767844768507, -27786.325250425965, -34863.736911265485, 0.06, 0.974, -0.148, 192.0, 0.0, 0.0, 0.0, 0.0, 0.0, 0.0, 0.0, 0.0, 0.0, 1.741026572747997E9, 0.0, 2025-03-03 12:29:32.747
34.0, -9633.087770114871, 1790.3300273811851, -25605.77846834403, -10424.339523832741, -167768.70700939978, -17042.914574493716, -27795.02007901908, -34869.21308865704, 0.06, 0.974, -0.148, 192.0, 0.0, 0.0, 0.0, 0.0, 0.0, 0.0, 0.0, 0.0, 0.0, 1.741026572748028E9, 0.0, 2025-03-03 12:29:32.748
35.0, -9659.284014616493, 1782.68573077747, -25605.465543921655, -10425.367704077686, -167741.68375035332, -17050.581222841887, -27792.87431155137, -34867.20143165606, 0.06, 0.974, -0.148, 192.0, 0.0, 0.0, 0.0, 0.0, 0.0, 0.0, 0.0, 0.0, 0.0, 1.741026572748053E9, 0.0, 2025-03-03 12:29:32.748
36.0, -9713.084663520416, 1701.1018635155992, -25603.76681134305, -10425.121834888678, -167777.91592811537, -17044.18862392767, -27787.35343067091, -34859.87005947471, 0.06, 0.974, -0.148, 192.0, 0.0, 0.0, 0.0, 0.0, 0.0, 0.0, 0.0, 0.0, 0.0, 1.74102657274808E9, 0.0, 2025-03-03 12:29:32.748
37.0, -9717.219736244648, 1683.6675028404597, -25603.36447994286, -10428.564003534795, -167810.95180642031, -17041.528766337487, -27788.336907426943, -34863.22282114301, 0.06, 0.974, -0.148, 192.0, 0.0, 0.0, 0.0, 0.0, 0.0, 0.0, 0.0, 0.0, 0.0, 1.741026572748116E9, 0.0, 2025-03-03 12:29:32.748
38.0, -9661.966223951129, 1755.4613060309061, -25604.929102054728, -10442.82441649728, -167787.61658520898, -17048.837786774373, -27797.277605209067, -34872.677609047605, 0.06, 0.974, -0.148, 192.0, 0.0, 0.0, 0.0, 0.0, 0.0, 0.0, 0.0, 0.0, 0.0, 1.741026572748149E9, 0.0, 2025-03-03 12:29:32.748
39.0, -9664.514322819034, 1774.236771373364, -25604.794991587998, -10439.1140269177, -167755.54183191562, -17049.530690852487, -27798.663413365295, -34881.88652776319, 0.06, 0.974, -0.148, 192.0, 0.0, 0.0, 0.0, 0.0, 0.0, 0.0, 0.0, 0.0, 0.0, 1.741026572748176E9, 0.0, 2025-03-03 12:29:32.748
40.0, -9724.551108425989, 1694.3516366900965, -25603.744459598598, -10431.02269542488, -167782.9003671289, -17043.518071594008, -27794.327174940965, -34872.00705671395, 0.06, 0.974, -0.148, 192.0, 0.0, 0.0, 0.0, 0.0, 0.0, 0.0, 0.0, 0.0, 0.0, 1.741026572748203E9, 0.0, 2025-03-03 12:29:32.748
41.0, -9721.265401991059, 1679.1971539493984, -25590.82515130343, -10421.836128453748, -167811.17532386488, -17030.66581853221, -27783.196006202223, -34853.36570183822, 0.054, 0.97, -0.152, 192.0, 1.0, 176.0, 30.0, 80.0, 251.0, 64.0, 0.0, 0.0, 0.0, 1.74102657274823E9, 0.0, 2025-03-03 12:29:32.748
42.0, -9662.748535007064, 1740.2174163123866, -25601.55398864198, -10446.065419443301, -167797.6078149805, -17047.630792573786, -27793.65662260731, -34873.99636197047, 0.054, 0.97, -0.152, 192.0, 0.0, 0.0, 0.0, 0.0, 0.0, 0.0, 0.0, 0.0, 0.0, 1.741026572748258E9, 0.0, 2025-03-03 12:29:32.748
43.0, -9642.85548244184, 1778.8412307311573, -25610.07000327945, -10441.706829274515, -167745.01416027715, -17050.782388541986, -27798.79752383203, -34874.912783493135, 0.054, 0.97, -0.152, 192.0, 0.0, 0.0, 0.0, 0.0, 0.0, 0.0, 0.0, 0.0, 0.0, 1.741026572748285E9, 0.0, 2025-03-03 12:29:32.748
44.0, -9707.563782639954, 1688.7413488318145, -25602.179837486725, -10431.603840780717, -167787.43777125335, -17044.23332741658, -27787.755762071105, -34854.34917859425, 0.054, 0.97, -0.152, 192.0, 0.0, 0.0, 0.0, 0.0, 0.0, 0.0, 0.0, 0.0, 0.0, 1.741026572748318E9, 0.0, 2025-03-03 12:29:32.748
45.0, -9726.674524149243, 1664.668520053449, -25602.179837486725, -10434.755436748916, -167828.1626496509, -17040.835862259373, -27787.174616715267, -34854.23741987198, 0.054, 0.97, -0.152, 192.0, 0.0, 0.0, 0.0, 0.0, 0.0, 0.0, 0.0, 0.0, 0.0, 1.741026572808214E9, 0.0, 2025-03-03 12:29:32.808
46.0, -9678.953549737162, 1728.594509195627, -25591.24983444808, -10431.380323336163, -167817.5679227791, -17043.89805124975, -27784.60416610291, -34861.43468158659, 0.054, 0.97, -0.152, 192.0, 0.0, 0.0, 0.0, 0.0, 0.0, 0.0, 0.0, 0.0, 0.0, 1.741026572808276E9, 0.0, 2025-03-03 12:29:32.808
47.0, -9630.182043335682, 1800.6341815750816, -25592.30036643748, -10423.423102310075, -167760.07923604004, -17040.3217721369, -27784.73827656964, -34850.07999540329, 0.054, 0.97, -0.152, 192.0, 0.0, 0.0, 0.0, 0.0, 0.0, 0.0, 0.0, 0.0, 0.0, 1.741026572808303E9, 0.0, 2025-03-03 12:29:32.808
48.0, -9691.716395821142, 1732.4390092419399, -25601.4422299197, -10428.698114001527, -167771.65743966788, -17043.56277508292, -27785.744105070127, -34831.03630912737, 0.054, 0.97, -0.152, 192.0, 0.0, 0.0, 0.0, 0.0, 0.0, 0.0, 0.0, 0.0, 0.0, 1.741026572808334E9, 0.0, 2025-03-03 12:29:32.808
49.0, -9724.282887492525, 1683.2204679513536, -25602.44805842019, -10438.801102495325, -167812.6728907434, -17050.84944377535, -27781.74314281263, -34825.09074510226, 0.054, 0.97, -0.152, 192.0, 0.0, 0.0, 0.0, 0.0, 0.0, 0.0, 0.0, 0.0, 0.0, 1.741026572808365E9, 0.0, 2025-03-03 12:29:32.808
50.0, -9682.663939316742, 1722.6489451705154, -25602.045727019995, -10440.1645589071, -167814.5727890221, -17052.302307164944, -27780.625555589864, -34813.534893218864, 0.054, 0.97, -0.152, 192.0, 0.0, 0.0, 0.0, 0.0, 0.0, 0.0, 0.0, 0.0, 0.0, 1.741026572808391E9, 0.0, 2025-03-03 12:29:32.808
51.0, -9627.119854345305, 1798.6001728296487, -25600.346994441392, -10444.791370009349, -167767.99175357723, -17040.65704830373, -27776.11050320989, -34804.728305903474, 0.056, 0.978, -0.152, 192.0, 1.0, 192.0, 30.0, 144.0, 251.0, 64.0, 0.0, 0.0, 0.0, 1.741026572808417E9, 0.0, 2025-03-03 12:29:32.808
52.0, -9690.934084765207, 1732.9530993644119, -25609.421802690245, -10449.149960178132, -167785.91785263037, -17047.98842048507, -27769.181462428747, -34800.056791312316, 0.056, 0.978, -0.152, 192.0, 0.0, 0.0, 0.0, 0.0, 0.0, 0.0, 0.0, 0.0, 0.0, 1.74102657280845E9, 0.0, 2025-03-03 12:29:32.808
53.0, -9708.25668671807, 1669.6082555780717, -25602.716279353655, -10439.06932342879, -167834.68935903185, -17048.770731541008, -27764.129968181845, -34781.035456780846, 0.056, 0.978, -0.152, 192.0, 0.0, 0.0, 0.0, 0.0, 0.0, 0.0, 0.0, 0.0, 0.0, 1.74102657280848E9, 0.0, 2025-03-03 12:29:32.808
54.0, -9660.893340217273, 1700.3195524596636, -25596.41308741726, -10434.375457093174, -167837.28216138866, -17035.963181968116, -27753.647000032306, -34758.46019488099, 0.056, 0.978, -0.152, 192.0, 0.0, 0.0, 0.0, 0.0, 0.0, 0.0, 0.0, 0.0, 0.0, 1.741026572808512E9, 0.0, 2025-03-03 12:29:32.808
55.0, -9606.131566301772, 1792.6322570600817, -25604.41501193226, -10448.568814822294, -167772.30564025708, -17037.930135480183, -27759.16788091277, -34755.97915124645, 0.056, 0.978, -0.152, 192.0, 0.0, 0.0, 0.0, 0.0, 0.0, 0.0, 0.0, 0.0, 0.0, 1.741026572808539E9, 0.0, 2025-03-03 12:29:32.808
56.0, -9666.81655249793, 1742.1843698244536, -25608.818305589954, -10450.02167821189, -167786.58840496404, -17049.217766430113, -27751.97061919816, -34750.83825002173, 0.056, 0.978, -0.152, 192.0, 0.0, 0.0, 0.0, 0.0, 0.0, 0.0, 0.0, 0.0, 0.0, 1.741026572808566E9, 0.0, 2025-03-03 12:29:32.808
57.0, -9721.600678157887, 1672.2234096793427, -25609.891189323807, -10437.39294259464, -167832.81181249762, -17045.32856289489, -27746.472090062154, -34741.22699990594, 0.056, 0.978, -0.152, 192.0, 0.0, 0.0, 0.0, 0.0, 0.0, 0.0, 0.0, 0.0, 0.0, 1.741026572808592E9, 0.0, 2025-03-03 12:29:32.808
58.0, -9718.40437870078, 1681.7229010728481, -25609.421802690245, -10445.573681065283, -167856.39290289796, -17035.762016268018, -27741.331188837434, -34729.648796278096, 0.056, 0.978, -0.152, 192.0, 0.0, 0.0, 0.0, 0.0, 0.0, 0.0, 0.0, 0.0, 0.0, 1.741026572808623E9, 0.0, 2025-03-03 12:29:32.808
59.0, -9615.876926884286, 1772.4709835613949, -25595.250796705583, -10439.471654828985, -167803.5086755167, -17033.146862166748, -27737.084357390926, -34725.26785436486, 0.056, 0.978, -0.152, 192.0, 0.0, 0.0, 0.0, 0.0, 0.0, 0.0, 0.0, 0.0, 0.0, 1.741026572808653E9, 0.0, 2025-03-03 12:29:32.808
60.0, -9632.305459058936, 1754.9248641639788, -25599.02824151853, -10435.582451293762, -167785.4037625079, -17034.107987178326, -27731.876400932837, -34718.62938626163, 0.056, 0.978, -0.152, 192.0, 0.0, 0.0, 0.0, 0.0, 0.0, 0.0, 0.0, 0.0, 0.0, 1.741026572868402E9, 0.0, 2025-03-03 12:29:32.868
61.0, -9700.053596502972, 1664.4897060978064, -25594.55789262747, -10417.075206884767, -167827.69326301734, -17026.821318485894, -27722.645130472796, -34712.90733968107, 0.056, 0.978, -0.146, 192.0, 1.0, 192.0, 30.0, 144.0, 251.0, 112.0, 0.0, 0.0, 0.0, 1.741026572868455E9, 0.0, 2025-03-03 12:29:32.868
62.0, -9676.114878191338, 1665.7414037873036, -25585.237215189605, -10421.702017987016, -167841.75251027974, -17032.968048211103, -27723.293331062, -34718.182351372525, 0.056, 0.978, -0.146, 192.0, 0.0, 0.0, 0.0, 0.0, 0.0, 0.0, 0.0, 0.0, 0.0, 1.741026572868488E9, 0.0, 2025-03-03 12:29:32.868
63.0, -9626.494005500557, 1742.787866924747, -25587.628851846323, -10431.290916358343, -167813.29873958812, -17037.03606570197, -27724.58973224041, -34720.50693279588, 0.056, 0.978, -0.146, 192.0, 0.0, 0.0, 0.0, 0.0, 0.0, 0.0, 0.0, 0.0, 0.0, 1.741026572868515E9, 0.0, 2025-03-03 12:29:32.868
64.0, -9627.455130512135, 1768.3806143260736, -25584.00786924456, -10429.189852379544, -167787.63893695342, -17034.912649978716, -27721.996929883593, -34716.61772926065, 0.056, 0.978, -0.146, 192.0, 0.0, 0.0, 0.0, 0.0, 0.0, 0.0, 0.0, 0.0, 0.0, 1.741026572868546E9, 0.0, 2025-03-03 12:29:32.868
65.0, -9689.168296953238, 1684.4274621519403, -25587.7406105686, -10429.793349479836, -167836.45514684383, -17028.765920253507, -27717.951264137184, -34720.5963397737, 0.056, 0.978, -0.146, 192.0, 0.0, 0.0, 0.0, 0.0, 0.0, 0.0, 0.0, 0.0, 0.0, 1.741026572868573E9, 0.0, 2025-03-03 12:29:32.868
66.0, -9686.575494596422, 1674.6150463360605, -25583.940814011195, -10427.781692478859, -167861.1761762114, -17020.115795149304, -27715.24670305809, -34711.29801408029, 0.056, 0.978, -0.146, 192.0, 0.0, 0.0, 0.0, 0.0, 0.0, 0.0, 0.0, 0.0, 0.0, 1.741026572868599E9, 0.0, 2025-03-03 12:29:32.868
67.0, -9628.818586923908, 1750.9686053953894, -25581.34801165438, -10429.927459946568, -167821.50182980322, -17019.646408515742, -27716.453697258676, -34706.157112855566, 0.056, 0.978, -0.146, 192.0, 0.0, 0.0, 0.0, 0.0, 0.0, 0.0, 0.0, 0.0, 0.0, 1.741026572868625E9, 0.0, 2025-03-03 12:29:32.868
68.0, -9618.08974958536, 1775.533172551772, -25584.186683200205, -10436.565928049795, -167802.72636446077, -17021.054568416424, -27716.431345514222, -34710.82862744673, 0.056, 0.978, -0.146, 192.0, 0.0, 0.0, 0.0, 0.0, 0.0, 0.0, 0.0, 0.0, 0.0, 1.741026572868659E9, 0.0, 2025-03-03 12:29:32.868
69.0, -9685.547314351477, 1687.7131685868703, -25590.378116414326, -10449.0158497114, -167835.53872532115, -17029.70469352063, -27718.286540304012, -34718.27175835035, 0.056, 0.978, -0.146, 192.0, 0.0, 0.0, 0.0, 0.0, 0.0, 0.0, 0.0, 0.0, 0.0, 1.741026572868689E9, 0.0, 2025-03-03 12:29:32.868
70.0, -9703.58517212691, 1657.1359821720102, -25584.700773322675, -10443.53967231985, -167870.34039143808, -17034.84559474535, -27719.67234846024, -34726.02781367634, 0.056, 0.978, -0.146, 192.0, 0.0, 0.0, 0.0, 0.0, 0.0, 0.0, 0.0, 0.0, 0.0, 1.741026572868717E9, 0.0, 2025-03-03 12:29:32.868
71.0, -9643.436627797679, 1717.2174712678757, -25574.77659878452, -10430.262736113398, -167862.1596529674, -17033.906821478227, -27718.10772634837, -34730.833438734226, 0.054, 0.974, -0.14400000000000002, 192.0, 1.0, 176.0, 30.0, 112.0, 251.0, 128.0, 0.0, 0.0, 0.0, 1.741026572868743E9, 0.0, 2025-03-03 12:29:32.868
72.0, -9606.533897701967, 1788.3183703802074, -25582.420895388233, -10443.316154875298, -167802.56990224958, -17038.51128083602, -27724.455621773675, -34738.0977556822, 0.054, 0.974, -0.14400000000000002, 192.0, 0.0, 0.0, 0.0, 0.0, 0.0, 0.0, 0.0, 0.0, 0.0, 1.741026572868773E9, 0.0, 2025-03-03 12:29:32.868
73.0, -9677.321872391925, 1713.3953229660183, -25582.64441283279, -10441.103332174222, -167811.80117270962, -17036.589030812866, -27719.04649961549, -34726.65366252109, 0.054, 0.974, -0.14400000000000002, 192.0, 0.0, 0.0, 0.0, 0.0, 0.0, 0.0, 0.0, 0.0, 0.0, 1.7410265728688E9, 0.0, 2025-03-03 12:29:32.868
74.0, -9708.569611140443, 1659.818191506647, -25584.343145411392, -10452.346259635242, -167850.40263538394, -17031.89516447725, -27719.06885135995, -34731.056956178785, 0.054, 0.974, -0.14400000000000002, 192.0, 0.0, 0.0, 0.0, 0.0, 0.0, 0.0, 0.0, 0.0, 0.0, 1.741026572868827E9, 0.0, 2025-03-03 12:29:32.868
75.0, -9655.618328525821, 1701.7724158492586, -25571.647354560777, -10457.55421609333, -167832.52123981967, -17035.963181968116, -27716.20782806967, -34732.06278467927, 0.054, 0.974, -0.14400000000000002, 192.0, 0.0, 0.0, 0.0, 0.0, 0.0, 0.0, 0.0, 0.0, 0.0, 1.741026572928628E9, 0.0, 2025-03-03 12:29:32.928
76.0, -9621.397807764746, 1775.3320068516741, -25576.07299996293, -10441.349201363231, -167787.66128869788, -17036.70078953514, -27717.928912392726, -34726.363089843166, 0.054, 0.974, -0.14400000000000002, 192.0, 0.0, 0.0, 0.0, 0.0, 0.0, 0.0, 0.0, 0.0, 0.0, 1.741026572928682E9, 0.0, 2025-03-03 12:29:32.928
77.0, -9665.29663387497, 1713.0600467991885, -25568.853386503863, -10439.270489128887, -167802.83812318303, -17035.694961034653, -27709.971691366638, -34726.296034609804, 0.054, 0.974, -0.14400000000000002, 192.0, 0.0, 0.0, 0.0, 0.0, 0.0, 0.0, 0.0, 0.0, 0.0, 1.741026572928714E9, 0.0, 2025-03-03 12:29:32.928
78.0, -9700.455927903167, 1641.4450575643848, -25565.902956235765, -10442.422085097085, -167857.73400756528, -17031.55988831042, -27709.43524949971, -34727.36891834366, 0.054, 0.974, -0.14400000000000002, 192.0, 0.0, 0.0, 0.0, 0.0, 0.0, 0.0, 0.0, 0.0, 0.0, 1.741026572928741E9, 0.0, 2025-03-03 12:29:32.928
79.0, -9677.612445069844, 1667.3507293880857, -25561.76788351153, -10440.633945540661, -167874.36370544002, -17031.045798187948, -27712.273921045533, -34730.006424189385, 0.054, 0.974, -0.14400000000000002, 192.0, 0.0, 0.0, 0.0, 0.0, 0.0, 0.0, 0.0, 0.0, 0.0, 1.741026572928774E9, 0.0, 2025-03-03 12:29:32.928
80.0, -9608.925534358685, 1770.4369748159618, -25556.53757530899, -10442.287974630353, -167813.94694017732, -17038.645391302754, -27714.620854213343, -34737.11427892617, 0.054, 0.974, -0.14400000000000002, 192.0, 0.0, 0.0, 0.0, 0.0, 0.0, 0.0, 0.0, 0.0, 0.0, 1.741026572928801E9, 0.0, 2025-03-03 12:29:32.928
81.0, -9642.251985341547, 1738.563387222694, -25558.90686022125, -10427.714637245494, -167810.34830932002, -17038.377170369287, -27709.971691366638, -34740.15411617209, 0.062, 0.974, -0.15, 192.0, 1.0, 240.0, 30.0, 112.0, 251.0, 80.0, 0.0, 0.0, 0.0, 1.741026572928831E9, 0.0, 2025-03-03 12:29:32.928
82.0, -9704.881573305318, 1655.6831187824152, -25569.05455220396, -10439.315192617798, -167871.90501354993, -17038.176004669192, -27708.831752399416, -34728.531209055334, 0.062, 0.974, -0.15, 192.0, 0.0, 0.0, 0.0, 0.0, 0.0, 0.0, 0.0, 0.0, 0.0, 1.74102657292886E9, 0.0, 2025-03-03 12:29:32.928
83.0, -9695.762061567553, 1663.9979677197896, -25572.228499916615, -10427.960506434501, -167889.54053992516, -17034.242097645056, -27714.978482124625, -34723.278549108334, 0.062, 0.974, -0.15, 192.0, 0.0, 0.0, 0.0, 0.0, 0.0, 0.0, 0.0, 0.0, 0.0, 1.741026572928893E9, 0.0, 2025-03-03 12:29:32.928
84.0, -9627.09750260085, 1747.9958233828336, -25559.711523021644, -10421.523204031373, -167858.60572559902, -17032.833937744374, -27709.21173205516, -34720.48458105142, 0.062, 0.974, -0.15, 192.0, 0.0, 0.0, 0.0, 0.0, 0.0, 0.0, 0.0, 0.0, 0.0, 1.741026572928924E9, 0.0, 2025-03-03 12:29:32.928
85.0, -9640.508549274035, 1747.1017536046213, -25569.05455220396, -10423.870137199181, -167840.8137370126, -17029.056492931424, -27709.859932644362, -34723.81499097526, 0.062, 0.974, -0.15, 192.0, 0.0, 0.0, 0.0, 0.0, 0.0, 0.0, 0.0, 0.0, 0.0, 1.741026572928951E9, 0.0, 2025-03-03 12:29:32.928
86.0, -9703.294599448991, 1668.9824067333232, -25576.900014507773, -10427.848747712225, -167881.2703944767, -17026.17311789669, -27710.77635416703, -34727.123049154645, 0.062, 0.974, -0.15, 192.0, 0.0, 0.0, 0.0, 0.0, 0.0, 0.0, 0.0, 0.0, 0.0, 1.741026572928977E9, 0.0, 2025-03-03 12:29:32.928
87.0, -9708.793128584997, 1660.1534676734768, -25573.6366598173, -10431.089750658244, -167906.72903141132, -17027.648333030742, -27712.05040360098, -34730.38640384512, 0.062, 0.974, -0.15, 192.0, 0.0, 0.0, 0.0, 0.0, 0.0, 0.0, 0.0, 0.0, 0.0, 1.741026572929005E9, 0.0, 2025-03-03 12:29:32.929
88.0, -9623.14124383226, 1741.3797070240626, -25556.850499731365, -10433.146111148133, -167877.8282258306, -17032.632772044275, -27713.615025712854, -34737.606017304184, 0.062, 0.974, -0.15, 192.0, 0.0, 0.0, 0.0, 0.0, 0.0, 0.0, 0.0, 0.0, 0.0, 1.741026572929032E9, 0.0, 2025-03-03 12:29:32.929
89.0, -9613.127662316283, 1765.296073591241, -25555.68820901969, -10434.487215815452, -167845.57465858158, -17026.195469641145, -27709.256435544066, -34738.16481091557, 0.062, 0.974, -0.15, 192.0, 0.0, 0.0, 0.0, 0.0, 0.0, 0.0, 0.0, 0.0, 0.0, 1.741026572929059E9, 0.0, 2025-03-03 12:29:32.929
90.0, -9677.187761925194, 1679.9347615164236, -25558.81745324343, -10439.739875762449, -167886.7242201238, -17026.821318485894, -27707.71416517665, -34731.68280502353, 0.062, 0.974, -0.15, 192.0, 0.0, 0.0, 0.0, 0.0, 0.0, 0.0, 0.0, 0.0, 0.0, 1.741026572989103E9, 0.0, 2025-03-03 12:29:32.989
91.0, -9684.29561666198, 1663.081546197122, -25554.458863074648, -10426.418236067086, -167917.4355170054, -17019.042911415447, -27703.19911279668, -34722.786810730315, 0.052000000000000005, 0.98, -0.148, 192.0, 1.0, 160.0, 30.0, 160.0, 251.0, 96.0, 0.0, 0.0, 0.0, 1.741026572989162E9, 0.0, 2025-03-03 12:29:32.989
92.0, -9622.023656609495, 1735.9035296325123, -25541.852479201854, -10420.62913425316, -167892.15569402644, -17018.484117804066, -27697.544121449486, -34727.50302881039, 0.052000000000000005, 0.98, -0.148, 192.0, 0.0, 0.0, 0.0, 0.0, 0.0, 0.0, 0.0, 0.0, 0.0, 1.741026572989203E9, 0.0, 2025-03-03 12:29:32.989
93.0, -9589.591275404844, 1787.3125418797188, -25552.24604037357, -10431.715599502993, -167837.77389976667, -17027.17894639718, -27703.24381628559, -34727.50302881039, 0.052000000000000005, 0.98, -0.148, 192.0, 0.0, 0.0, 0.0, 0.0, 0.0, 0.0, 0.0, 0.0, 0.0, 1.74102657298923E9, 0.0, 2025-03-03 12:29:32.989
94.0, -9671.309253133448, 1704.722846117359, -25558.705694521155, -10429.726294246471, -167874.05078101764, -17025.94960045214, -27698.28172901651, -34718.8976071951, 0.052000000000000005, 0.98, -0.148, 192.0, 0.0, 0.0, 0.0, 0.0, 0.0, 0.0, 0.0, 0.0, 0.0, 1.741026572989257E9, 0.0, 2025-03-03 12:29:32.989
95.0, -9681.792221282985, 1671.9328370014236, -25550.189679883682, -10437.39294259464, -167913.00987160325, -17032.14103366626, -27696.359478993356, -34721.22218861845, 0.052000000000000005, 0.98, -0.148, 192.0, 0.0, 0.0, 0.0, 0.0, 0.0, 0.0, 0.0, 0.0, 0.0, 1.741026572989289E9, 0.0, 2025-03-03 12:29:32.989
96.0, -9656.19947388166, 1728.2592330287973, -25549.76499673903, -10435.560099549306, -167902.30338600915, -17033.5715453114, -27697.76763889404, -34727.32421485474, 0.052000000000000005, 0.98, -0.148, 192.0, 0.0, 0.0, 0.0, 0.0, 0.0, 0.0, 0.0, 0.0, 0.0, 1.741026572989319E9, 0.0, 2025-03-03 12:29:32.989
97.0, -9609.149051803239, 1795.135652439076, -25539.885525689784, -10414.705921972505, -167862.60668785652, -17015.08665264686, -27689.072810300924, -34716.081287393725, 0.052000000000000005, 0.98, -0.148, 192.0, 0.0, 0.0, 0.0, 0.0, 0.0, 0.0, 0.0, 0.0, 0.0, 1.741026572989346E9, 0.0, 2025-03-03 12:29:32.989
98.0, -9659.060497171939, 1713.820006110669, -25550.34614209487, -10425.97120117798, -167895.7319731393, -17025.033178929472, -27695.487760959597, -34731.68280502353, 0.052000000000000005, 0.98, -0.148, 192.0, 0.0, 0.0, 0.0, 0.0, 0.0, 0.0, 0.0, 0.0, 0.0, 1.741026572989378E9, 0.0, 2025-03-03 12:29:32.989
99.0, -9678.461811359146, 1667.9989299772897, -25548.20037462716, -10429.59218377974, -167932.92527591292, -17019.042911415447, -27693.05142081397, -34727.123049154645, 0.052000000000000005, 0.98, -0.148, 192.0, 0.0, 0.0, 0.0, 0.0, 0.0, 0.0, 0.0, 0.0, 0.0, 1.74102657298941E9, 0.0, 2025-03-03 12:29:32.989
100.0, -9642.453151041645, 1711.6071834095935, -25544.646447258765, -10427.669933756582, -167937.06034863717, -17016.539516036453, -27696.962976093648, -34722.786810730315, 0.052000000000000005, 0.98, -0.148, 192.0, 0.0, 0.0, 0.0, 0.0, 0.0, 0.0, 0.0, 0.0, 0.0, 1.741026572989441E9, 0.0, 2025-03-03 12:29:32.989
101.0, -9584.450374180124, 1807.6079258451375, -25539.25967684504, -10425.278297099865, -167867.94875478136, -17020.115795149304, -27699.4887232171, -34725.82664797624, 0.054, 0.98, -0.15, 192.0, 1.0, 176.0, 30.0, 160.0, 251.0, 80.0, 0.0, 0.0, 0.0, 1.741026572989467E9, 0.0, 2025-03-03 12:29:32.989
102.0, -9651.86323545733, 1744.3971925255291, -25555.934078208695, -10432.833186725758, -167879.01286828672, -17027.98360919757, -27702.05917382946, -34733.53799981332, 0.054, 0.98, -0.15, 192.0, 0.0, 0.0, 0.0, 0.0, 0.0, 0.0, 0.0, 0.0, 0.0, 1.741026572989496E9, 0.0, 2025-03-03 12:29:32.989
103.0, -9693.169259210737, 1676.8055172926806, -25544.892316447775, -10421.187927864543, -167922.6881769524, -17020.22755387158, -27695.66657491524, -34730.60992128967, 0.054, 0.98, -0.15, 192.0, 0.0, 0.0, 0.0, 0.0, 0.0, 0.0, 0.0, 0.0, 0.0, 1.741026572989522E9, 0.0, 2025-03-03 12:29:32.989
104.0, -9667.040069942483, 1694.7763198347475, -25546.881621704295, -10429.793349479836, -167949.82319472113, -17030.2187836431, -27701.679194173717, -34738.56714231576, 0.054, 0.98, -0.15, 192.0, 0.0, 0.0, 0.0, 0.0, 0.0, 0.0, 0.0, 0.0, 0.0, 1.741026572989549E9, 0.0, 2025-03-03 12:29:32.989
105.0, -9593.256961495515, 1789.2124401584197, -25547.90980194924, -10434.375457093174, -167890.6804788924, -17018.484117804066, -27706.507170976067, -34746.81493601977, 0.054, 0.98, -0.15, 192.0, 0.0, 0.0, 0.0, 0.0, 0.0, 0.0, 0.0, 0.0, 0.0, 1.741026573048426E9, 0.0, 2025-03-03 12:29:33.048
106.0, -9645.71650573212, 1750.0968873616323, -25559.711523021644, -10435.336582104754, -167900.67170866393, -17017.14301313675, -27705.143714564292, -34748.044281964816, 0.054, 0.98, -0.15, 192.0, 0.0, 0.0, 0.0, 0.0, 0.0, 0.0, 0.0, 0.0, 0.0, 1.741026573048483E9, 0.0, 2025-03-03 12:29:33.048
107.0, -9676.696023547176, 1687.3555406755854, -25550.94963919516, -10418.885698185648, -167944.1458516295, -17015.51133579151, -27698.818170883438, -34744.24448540741, 0.054, 0.98, -0.15, 192.0, 0.0, 0.0, 0.0, 0.0, 0.0, 0.0, 0.0, 0.0, 0.0, 1.74102657304852E9, 0.0, 2025-03-03 12:29:33.048
108.0, -9654.321927347413, 1695.2457064683088, -25555.30822936395, -10421.478500542462, -167966.51994782925, -17017.70180674813, -27703.132057563314, -34751.77702328885, 0.054, 0.98, -0.15, 192.0, 0.0, 0.0, 0.0, 0.0, 0.0, 0.0, 0.0, 0.0, 0.0, 1.741026573048546E9, 0.0, 2025-03-03 12:29:33.048
109.0, -9591.871153339285, 1774.102660906632, -25555.598802041866, -10428.049913412324, -167932.7464619573, -17016.159536380714, -27710.664595444752, -34754.191011690025, 0.054, 0.98, -0.15, 192.0, 0.0, 0.0, 0.0, 0.0, 0.0, 0.0, 0.0, 0.0, 0.0, 1.741026573048572E9, 0.0, 2025-03-03 12:29:33.048
110.0, -9619.676723441687, 1756.0871548756547, -25568.361648125847, -10433.727256503971, -167931.4947642678, -17030.33054236538, -27720.544066493996, -34766.05978799579, 0.054, 0.98, -0.15, 192.0, 0.0, 0.0, 0.0, 0.0, 0.0, 0.0, 0.0, 0.0, 0.0, 1.741026573048606E9, 0.0, 2025-03-03 12:29:33.048
111.0, -9668.96231996564, 1687.9590377758789, -25569.05455220396, -10434.040180926346, -167971.50438684277, -17038.2207081581, -27721.52754325003, -34769.18903221953, 0.052000000000000005, 0.976, -0.15, 192.0, 1.0, 160.0, 30.0, 128.0, 251.0, 80.0, 0.0, 0.0, 0.0, 1.741026573048631E9, 0.0, 2025-03-03 12:29:33.048
112.0, -9667.755325765052, 1689.5236598877502, -25563.556023067955, -10427.357009334208, -167995.06312549868, -17027.693036519653, -27715.11259259136, -34757.342607658225, 0.052000000000000005, 0.976, -0.15, 192.0, 0.0, 0.0, 0.0, 0.0, 0.0, 0.0, 0.0, 0.0, 0.0, 1.741026573048662E9, 0.0, 2025-03-03 12:29:33.048
113.0, -9604.276371511982, 1777.7683469973026, -25560.24796488857, -10425.725331988971, -167956.86399422455, -17019.51229804901, -27718.4430025152, -34762.59526760522, 0.052000000000000005, 0.976, -0.15, 192.0, 0.0, 0.0, 0.0, 0.0, 0.0, 0.0, 0.0, 0.0, 0.0, 1.741026573048693E9, 0.0, 2025-03-03 12:29:33.048
114.0, -9618.38032226328, 1790.6653035480147, -25566.618212058333, -10433.123759403677, -167938.35674981558, -17030.75522551003, -27711.536313478508, -34757.56612510278, 0.052000000000000005, 0.976, -0.15, 192.0, 0.0, 0.0, 0.0, 0.0, 0.0, 0.0, 0.0, 0.0, 0.0, 1.741026573048725E9, 0.0, 2025-03-03 12:29:33.048
115.0, -9680.026433471017, 1709.9308025754456, -25567.311116136447, -10428.899279701625, -167968.46454959686, -17029.90585922073, -27711.87158964534, -34750.72649129945, 0.052000000000000005, 0.976, -0.15, 192.0, 0.0, 0.0, 0.0, 0.0, 0.0, 0.0, 0.0, 0.0, 0.0, 1.741026573048759E9, 0.0, 2025-03-03 12:29:33.048
116.0, -9685.368500395834, 1692.6752558559485, -25571.714409794142, -10438.64464028414, -167977.18172993444, -17031.403426099234, -27717.660691459263, -34756.67205532456, 0.052000000000000005, 0.976, -0.15, 192.0, 0.0, 0.0, 0.0, 0.0, 0.0, 0.0, 0.0, 0.0, 0.0, 1.741026573048785E9, 0.0, 2025-03-03 12:29:33.048
117.0, -9629.153863090738, 1745.1795035814648, -25563.66778179023, -10435.493044315941, -167964.32947687263, -17026.08371091887, -27719.784107182517, -34759.73424431494, 0.052000000000000005, 0.976, -0.15, 192.0, 0.0, 0.0, 0.0, 0.0, 0.0, 0.0, 0.0, 0.0, 0.0, 1.741026573048816E9, 0.0, 2025-03-03 12:29:33.048
118.0, -9593.972217318085, 1785.300884878741, -25561.544366066977, -10440.92451821858, -167929.46075552236, -17031.112853421313, -27719.270017060044, -34761.14240421562, 0.052000000000000005, 0.976, -0.15, 192.0, 0.0, 0.0, 0.0, 0.0, 0.0, 0.0, 0.0, 0.0, 0.0, 1.741026573048843E9, 0.0, 2025-03-03 12:29:33.048
119.0, -9665.408392597246, 1696.9667907913674, -25569.30042139297, -10438.711695517504, -167968.82217750815, -17030.487004576564, -27713.190342568203, -34752.02289247786, 0.052000000000000005, 0.976, -0.15, 192.0, 0.0, 0.0, 0.0, 0.0, 0.0, 0.0, 0.0, 0.0, 0.0, 1.74102657304887E9, 0.0, 2025-03-03 12:29:33.048
120.0, -9662.703831518154, 1675.8220405366471, -25550.97199093962, -10427.893451201136, -167995.21958770987, -17022.395673083745, -27705.456638986667, -34743.88685749613, 0.052000000000000005, 0.976, -0.15, 192.0, 0.0, 0.0, 0.0, 0.0, 0.0, 0.0, 0.0, 0.0, 0.0, 1.741026573108293E9, 0.0, 2025-03-03 12:29:33.108
121.0, -9612.166537304705, 1726.7393144058365, -25560.00209569956, -10451.474541601485, -167978.56753809066, -17034.51031857852, -27717.593636225898, -34761.16475596008, 0.05, 0.976, -0.15, 192.0, 1.0, 144.0, 30.0, 128.0, 251.0, 80.0, 0.0, 0.0, 0.0, 1.741026573108371E9, 0.0, 2025-03-03 12:29:33.108
122.0, -9581.119964256282, 1796.364998384118, -25558.996267199072, -10439.82928274027, -167930.2430665783, -17035.091463934357, -27716.990139125603, -34757.83434603624, 0.05, 0.976, -0.15, 192.0, 0.0, 0.0, 0.0, 0.0, 0.0, 0.0, 0.0, 0.0, 0.0, 1.741026573108407E9, 0.0, 2025-03-03 12:29:33.108
123.0, -9657.205302382148, 1735.076515087666, -25567.266412647536, -10437.348239105731, -167938.8484881936, -17033.906821478227, -27714.196171068692, -34749.38538663214, 0.05, 0.976, -0.15, 192.0, 0.0, 0.0, 0.0, 0.0, 0.0, 0.0, 0.0, 0.0, 0.0, 1.741026573108439E9, 0.0, 2025-03-03 12:29:33.108
124.0, -9667.44240134268, 1683.0863574846219, -25560.292668377482, -10434.263698370898, -167981.6967823144, -17029.928210965183, -27709.09997333288, -34744.73622378543, 0.05, 0.976, -0.15, 192.0, 0.0, 0.0, 0.0, 0.0, 0.0, 0.0, 0.0, 0.0, 0.0, 1.741026573108465E9, 0.0, 2025-03-03 12:29:33.108
125.0, -9623.074188598894, 1731.567291208183, -25562.81841550093, -10435.15776814911, -167968.01751470775, -17024.049702173437, -27713.05623210147, -34742.97043597346, 0.05, 0.976, -0.15, 192.0, 0.0, 0.0, 0.0, 0.0, 0.0, 0.0, 0.0, 0.0, 0.0, 1.741026573108497E9, 0.0, 2025-03-03 12:29:33.108
126.0, -9586.32792071437, 1806.847966533657, -25558.750398010066, -10427.1111401452, -167939.11670912703, -17025.681379518675, -27706.30600527597, -34737.69542428201, 0.05, 0.976, -0.15, 192.0, 0.0, 0.0, 0.0, 0.0, 0.0, 0.0, 0.0, 0.0, 0.0, 1.741026573108523E9, 0.0, 2025-03-03 12:29:33.108
127.0, -9641.022639396506, 1754.1649048524982, -25565.791197513485, -10427.714637245494, -167956.97575294683, -17025.346103351843, -27706.70833667616, -34745.54088658582, 0.05, 0.976, -0.15, 192.0, 0.0, 0.0, 0.0, 0.0, 0.0, 0.0, 0.0, 0.0, 0.0, 1.741026573108549E9, 0.0, 2025-03-03 12:29:33.108
128.0, -9675.5337328355, 1690.0601017546776, -25563.7348370236, -10427.245250611932, -167995.06312549868, -17024.340274851354, -27708.943511121695, -34738.9024184826, 0.05, 0.976, -0.15, 192.0, 0.0, 0.0, 0.0, 0.0, 0.0, 0.0, 0.0, 0.0, 0.0, 1.741026573108576E9, 0.0, 2025-03-03 12:29:33.108
129.0, -9646.565872021421, 1707.047427540711, -25557.074017175917, -10427.848747712225, -168011.29049197322, -17021.83687947236, -27712.184514067714, -34741.13759292813, 0.05, 0.976, -0.15, 192.0, 0.0, 0.0, 0.0, 0.0, 0.0, 0.0, 0.0, 0.0, 0.0, 1.741026573108613E9, 0.0, 2025-03-03 12:29:33.108
130.0, -9591.267656238992, 1790.0841581921768, -25560.225613144114, -10436.901204216625, -167961.8484332381, -17026.4189870857, -27717.593636225898, -34747.84311626472, 0.05, 0.976, -0.15, 192.0, 0.0, 0.0, 0.0, 0.0, 0.0, 0.0, 0.0, 0.0, 0.0, 1.741026573108646E9, 0.0, 2025-03-03 12:29:33.108
131.0, -9628.349200290348, 1756.5565415092162, -25559.19743289917, -10433.59314603724, -167960.32851461513, -17029.21295514261, -27710.463429744654, -34748.35720638719, 0.058, 0.976, -0.15, 192.0, 1.0, 208.0, 30.0, 128.0, 251.0, 80.0, 0.0, 0.0, 0.0, 1.741026573108672E9, 0.0, 2025-03-03 12:29:33.108
132.0, -9685.770831796031, 1680.0688719831553, -25555.48704331959, -10434.576622793273, -168016.8113728537, -17030.66581853221, -27708.876455888327, -34750.72649129945, 0.058, 0.976, -0.15, 192.0, 0.0, 0.0, 0.0, 0.0, 0.0, 0.0, 0.0, 0.0, 0.0, 1.741026573108702E9, 0.0, 2025-03-03 12:29:33.108
133.0, -9658.971090194118, 1702.1523955049988, -25557.431645087203, -10439.426951340074, -168005.16611399248, -17038.913612236218, -27720.67817696073, -34766.73034032945, 0.058, 0.976, -0.15, 192.0, 0.0, 0.0, 0.0, 0.0, 0.0, 0.0, 0.0, 0.0, 0.0, 1.741026573108729E9, 0.0, 2025-03-03 12:29:33.108
134.0, -9592.854630095318, 1775.1308411515763, -25555.62115378632, -10440.075151929279, -167958.76389250325, -17037.773673268995, -27718.711223448663, -34762.81878504977, 0.058, 0.976, -0.15, 192.0, 0.0, 0.0, 0.0, 0.0, 0.0, 0.0, 0.0, 0.0, 0.0, 1.741026573108759E9, 0.0, 2025-03-03 12:29:33.108
135.0, -9611.965371604607, 1770.3922713270513, -25551.039046172984, -10434.01782918189, -167935.67454048092, -17037.259583146522, -27713.793839668495, -34755.97915124645, 0.058, 0.976, -0.15, 192.0, 0.0, 0.0, 0.0, 0.0, 0.0, 0.0, 0.0, 0.0, 0.0, 1.741026573168496E9, 0.0, 2025-03-03 12:29:33.168
136.0, -9671.800991511464, 1688.6742935984487, -25563.176043412215, -10441.326849618776, -167958.87565122553, -17039.874737247796, -27716.252531558577, -34762.48350888294, 0.058, 0.976, -0.15, 192.0, 0.0, 0.0, 0.0, 0.0, 0.0, 0.0, 0.0, 0.0, 0.0, 1.741026573168566E9, 0.0, 2025-03-03 12:29:33.168
137.0, -9683.423898628223, 1663.4615258528622, -25569.81451151544, -10447.004192710423, -167996.73950633281, -17033.54919356694, -27717.750098437085, -34765.63510485114, 0.058, 0.976, -0.15, 192.0, 0.0, 0.0, 0.0, 0.0, 0.0, 0.0, 0.0, 0.0, 0.0, 1.741026573168607E9, 0.0, 2025-03-03 12:29:33.168
138.0, -9618.961467619118, 1744.173675080976, -25556.939906709184, -10445.618384554195, -167970.94559323142, -17030.241135387558, -27715.649034458285, -34764.182241461545, 0.058, 0.976, -0.15, 192.0, 0.0, 0.0, 0.0, 0.0, 0.0, 0.0, 0.0, 0.0, 0.0, 1.74102657316864E9, 0.0, 2025-03-03 12:29:33.168
139.0, -9616.815700151408, 1776.7848702412691, -25558.30336312096, -10443.807893253314, -167937.21681084833, -17034.353856367332, -27715.179647824723, -34761.79060480483, 0.058, 0.976, -0.15, 192.0, 0.0, 0.0, 0.0, 0.0, 0.0, 0.0, 0.0, 0.0, 0.0, 1.741026573168668E9, 0.0, 2025-03-03 12:29:33.168
140.0, -9697.505497635068, 1697.3244187026523, -25559.756226510555, -10437.527053061372, -167978.25461366828, -17019.199373626634, -27711.133982078314, -34751.01706397737, 0.058, 0.976, -0.15, 192.0, 0.0, 0.0, 0.0, 0.0, 0.0, 0.0, 0.0, 0.0, 0.0, 1.741026573168701E9, 0.0, 2025-03-03 12:29:33.168
141.0, -9701.77468082603, 1684.0698342406554, -25555.777615997507, -10432.408503581108, -167997.76768657778, -17020.42871957168, -27715.78314492502, -34751.531154099845, 0.056, 0.978, -0.152, 192.0, 1.0, 192.0, 30.0, 144.0, 251.0, 64.0, 0.0, 0.0, 0.0, 1.741026573168729E9, 0.0, 2025-03-03 12:29:33.168
142.0, -9621.397807764746, 1752.242654829342, -25549.496775805568, -10443.651431042128, -167968.53160483023, -17022.50743180602, -27718.979444382127, -34753.274590167355, 0.056, 0.978, -0.152, 192.0, 0.0, 0.0, 0.0, 0.0, 0.0, 0.0, 0.0, 0.0, 0.0, 1.741026573168758E9, 0.0, 2025-03-03 12:29:33.168
143.0, -9602.130604044272, 1797.9072687515343, -25543.215935613625, -10425.233593610954, -167928.45492702187, -17015.89131544725, -27712.139810578803, -34750.43591862153, 0.056, 0.978, -0.152, 192.0, 0.0, 0.0, 0.0, 0.0, 0.0, 0.0, 0.0, 0.0, 0.0, 1.741026573168784E9, 0.0, 2025-03-03 12:29:33.168
144.0, -9671.10808743335, 1717.820968368169, -25553.743607252076, -10432.430855325563, -167956.9534012024, -17029.190603398158, -27712.273921045533, -34757.901401269606, 0.056, 0.978, -0.152, 192.0, 0.0, 0.0, 0.0, 0.0, 0.0, 0.0, 0.0, 0.0, 0.0, 1.741026573168824E9, 0.0, 2025-03-03 12:29:33.168
145.0, -9680.987558482595, 1681.6558458394823, -25555.01765668603, -10438.510529817406, -167997.5441691332, -17024.966123696104, -27713.30210129048, -34762.707026327495, 0.056, 0.978, -0.152, 192.0, 0.0, 0.0, 0.0, 0.0, 0.0, 0.0, 0.0, 0.0, 0.0, 1.741026573168861E9, 0.0, 2025-03-03 12:29:33.168
146.0, -9638.04985738395, 1733.109561575599, -25560.20326139966, -10438.01879143939, -167991.82212255266, -17023.110928906313, -27724.38856654031, -34765.63510485114, 0.056, 0.978, -0.152, 192.0, 0.0, 0.0, 0.0, 0.0, 0.0, 0.0, 0.0, 0.0, 0.0, 1.741026573168887E9, 0.0, 2025-03-03 12:29:33.168
147.0, -9610.736025659566, 1803.1152252096208, -25564.450092846168, -10441.483311829963, -167948.70560749838, -17035.672609290195, -27729.618874742853, -34771.02187526487, 0.056, 0.978, -0.152, 192.0, 0.0, 0.0, 0.0, 0.0, 0.0, 0.0, 0.0, 0.0, 0.0, 1.741026573168913E9, 0.0, 2025-03-03 12:29:33.168
148.0, -9655.350107592358, 1735.6353086990487, -25559.711523021644, -10441.528015318872, -167974.41011362197, -17029.592934798355, -27719.00179612658, -34764.249296694914, 0.056, 0.978, -0.152, 192.0, 0.0, 0.0, 0.0, 0.0, 0.0, 0.0, 0.0, 0.0, 0.0, 1.74102657316894E9, 0.0, 2025-03-03 12:29:33.168
149.0, -9660.96039545064, 1687.4225959089513, -25564.852424246365, -10443.919651975591, -168003.3109192027, -17035.60555405683, -27729.216543342656, -34771.3571514317, 0.056, 0.978, -0.152, 192.0, 0.0, 0.0, 0.0, 0.0, 0.0, 0.0, 0.0, 0.0, 0.0, 1.741026573168966E9, 0.0, 2025-03-03 12:29:33.168
150.0, -9631.567851491911, 1716.792788123225, -25562.4831393341, -10442.489140330452, -168012.5645414072, -17041.931097737684, -27728.367177053355, -34774.75461658891, 0.056, 0.978, -0.152, 192.0, 0.0, 0.0, 0.0, 0.0, 0.0, 0.0, 0.0, 0.0, 0.0, 1.741026573228795E9, 0.0, 2025-03-03 12:29:33.228
151.0, -9593.771051617987, 1794.0180652163108, -25571.826168516418, -10454.73789629196, -167974.54422408872, -17040.098254692348, -27736.324398079443, -34783.49414867093, 0.05, 0.97, -0.148, 192.0, 1.0, 144.0, 30.0, 80.0, 251.0, 96.0, 0.0, 0.0, 0.0, 1.741026573228852E9, 0.0, 2025-03-03 12:29:33.228
152.0, -9652.265566857526, 1740.7762099237693, -25580.63275583181, -10462.829227784781, -167980.33332590264, -17052.123493209303, -27737.97842716914, -34790.669058641084, 0.05, 0.97, -0.148, 192.0, 0.0, 0.0, 0.0, 0.0, 0.0, 0.0, 0.0, 0.0, 0.0, 1.741026573228894E9, 0.0, 2025-03-03 12:29:33.228
153.0, -9673.097392689871, 1683.4439853959068, -25563.779540512507, -10448.68057354457, -168004.94259654792, -17038.108949435824, -27731.451717788186, -34788.97032606248, 0.05, 0.97, -0.148, 192.0, 0.0, 0.0, 0.0, 0.0, 0.0, 0.0, 0.0, 0.0, 0.0, 1.74102657322893E9, 0.0, 2025-03-03 12:29:33.228
154.0, -9649.829226711898, 1705.8404333401245, -25564.897127735276, -10449.30642238932, -168012.38572745153, -17043.272202405, -27734.223334100647, -34794.804131365316, 0.05, 0.97, -0.148, 192.0, 0.0, 0.0, 0.0, 0.0, 0.0, 0.0, 0.0, 0.0, 0.0, 1.741026573228956E9, 0.0, 2025-03-03 12:29:33.228
155.0, -9600.007188321017, 1789.5700680697046, -25559.130377665806, -10446.691268288048, -167987.68704982844, -17037.684266291173, -27731.563476510466, -34788.27742198437, 0.05, 0.97, -0.148, 192.0, 0.0, 0.0, 0.0, 0.0, 0.0, 0.0, 0.0, 0.0, 0.0, 1.741026573228982E9, 0.0, 2025-03-03 12:29:33.228
156.0, -9637.088732372373, 1765.3631288246072, -25564.606555057355, -10442.042105441345, -167983.23905268183, -17034.353856367332, -27727.473107275142, -34778.12973000166, 0.05, 0.97, -0.148, 192.0, 0.0, 0.0, 0.0, 0.0, 0.0, 0.0, 0.0, 0.0, 0.0, 1.741026573229015E9, 0.0, 2025-03-03 12:29:33.229
157.0, -9700.63474185881, 1688.1825552204318, -25567.62404055882, -10443.025582197379, -168038.13493706405, -17031.71635052161, -27727.093127619402, -34773.8605468107, 0.05, 0.97, -0.148, 192.0, 0.0, 0.0, 0.0, 0.0, 0.0, 0.0, 0.0, 0.0, 0.0, 1.741026573229043E9, 0.0, 2025-03-03 12:29:33.229
158.0, -9678.841791014886, 1697.5702878916609, -25570.30624989346, -10450.40165786763, -168050.71896919238, -17040.053551203437, -27736.637322501818, -34787.85273883972, 0.05, 0.97, -0.148, 192.0, 0.0, 0.0, 0.0, 0.0, 0.0, 0.0, 0.0, 0.0, 0.0, 1.741026573229069E9, 0.0, 2025-03-03 12:29:33.229
159.0, -9599.046063309439, 1792.9228297380007, -25570.149787682272, -10455.184931181066, -167984.58015734915, -17044.389789627767, -27747.477918562643, -34793.66419239809, 0.05, 0.97, -0.148, 192.0, 0.0, 0.0, 0.0, 0.0, 0.0, 0.0, 0.0, 0.0, 0.0, 1.7410265732291E9, 0.0, 2025-03-03 12:29:33.229
160.0, -9615.988685606562, 1792.49814659335, -25565.433569602203, -10442.10916067471, -167948.25857260928, -17040.880565748284, -27740.414767314767, -34793.37361972018, 0.05, 0.97, -0.148, 192.0, 0.0, 0.0, 0.0, 0.0, 0.0, 0.0, 0.0, 0.0, 0.0, 1.741026573229137E9, 0.0, 2025-03-03 12:29:33.229
161.0, -9672.426840356213, 1708.0309042967444, -25559.91268872174, -10426.373532578174, -167991.93388127495, -17027.156594652726, -27729.417709042755, -34784.70114287152, 0.052000000000000005, 0.972, -0.154, 192.0, 1.0, 160.0, 30.0, 96.0, 251.0, 48.0, 0.0, 0.0, 0.0, 1.741026573229164E9, 0.0, 2025-03-03 12:29:33.229
162.0, -9665.944834464173, 1701.4818431713395, -25562.25962188955, -10432.050875669824, -168019.82885835515, -17031.626943543786, -27735.25151434559, -34782.13069225916, 0.052000000000000005, 0.972, -0.154, 192.0, 0.0, 0.0, 0.0, 0.0, 0.0, 0.0, 0.0, 0.0, 0.0, 1.741026573229192E9, 0.0, 2025-03-03 12:29:33.229
163.0, -9644.978898165095, 1770.7722509827913, -25574.19545342868, -10445.573681065283, -167980.66860206946, -17041.79698727095, -27746.941476695716, -34787.49511092843, 0.052000000000000005, 0.972, -0.154, 192.0, 0.0, 0.0, 0.0, 0.0, 0.0, 0.0, 0.0, 0.0, 0.0, 1.741026573229218E9, 0.0, 2025-03-03 12:29:33.229
164.0, -9625.555232233433, 1811.430074146995, -25568.45105510367, -10448.658221800117, -167932.52294451272, -17045.50737685053, -27743.387549327323, -34787.40570395061, 0.052000000000000005, 0.972, -0.154, 192.0, 0.0, 0.0, 0.0, 0.0, 0.0, 0.0, 0.0, 0.0, 0.0, 1.741026573229244E9, 0.0, 2025-03-03 12:29:33.229
165.0, -9670.795163010975, 1728.527453962261, -25569.993325471085, -10434.330753604265, -167960.6414390375, -17030.688170276662, -27738.380758569332, -34786.17635800557, 0.052000000000000005, 0.972, -0.154, 192.0, 0.0, 0.0, 0.0, 0.0, 0.0, 0.0, 0.0, 0.0, 0.0, 1.741026573289009E9, 0.0, 2025-03-03 12:29:33.289
166.0, -9688.050709730473, 1699.179613492443, -25570.038028959996, -10441.662125785604, -167989.40813415148, -17038.2207081581, -27742.582886526932, -34799.09566630074, 0.052000000000000005, 0.972, -0.154, 192.0, 0.0, 0.0, 0.0, 0.0, 0.0, 0.0, 0.0, 0.0, 0.0, 1.741026573289057E9, 0.0, 2025-03-03 12:29:33.289
167.0, -9652.980822680096, 1741.6479279575262, -25575.06717146244, -10456.168407937099, -167989.5422446182, -17048.61426932982, -27751.12125290886, -34810.964442606506, 0.052000000000000005, 0.972, -0.154, 192.0, 0.0, 0.0, 0.0, 0.0, 0.0, 0.0, 0.0, 0.0, 0.0, 1.741026573289094E9, 0.0, 2025-03-03 12:29:33.289
168.0, -9638.42983703969, 1781.0317016877773, -25576.408276129758, -10460.30348066133, -167973.33722988813, -17039.025370958494, -27751.188308142224, -34797.396933722135, 0.052000000000000005, 0.972, -0.154, 192.0, 0.0, 0.0, 0.0, 0.0, 0.0, 0.0, 0.0, 0.0, 0.0, 1.74102657328913E9, 0.0, 2025-03-03 12:29:33.289
169.0, -9693.370424910836, 1707.2262414963534, -25569.993325471085, -10450.312250889809, -168008.4965239163, -17023.580315539875, -27742.091148148913, -34783.047113781824, 0.052000000000000005, 0.972, -0.154, 192.0, 0.0, 0.0, 0.0, 0.0, 0.0, 0.0, 0.0, 0.0, 0.0, 1.741026573289157E9, 0.0, 2025-03-03 12:29:33.289
170.0, -9707.58613438441, 1663.595636319594, -25568.652220803764, -10459.655280072127, -168062.25246933135, -17021.009864927517, -27738.805441713983, -34786.82455859477, 0.052000000000000005, 0.972, -0.154, 192.0, 0.0, 0.0, 0.0, 0.0, 0.0, 0.0, 0.0, 0.0, 0.0, 1.741026573289183E9, 0.0, 2025-03-03 12:29:33.289
171.0, -9643.682496986687, 1739.5692157231829, -25567.847558003374, -10449.127608433677, -168023.89687584603, -17026.03900742996, -27746.427386573243, -34792.25603249741, 0.054, 0.966, -0.14400000000000002, 192.0, 1.0, 176.0, 30.0, 48.0, 251.0, 128.0, 0.0, 0.0, 0.0, 1.741026573289213E9, 0.0, 2025-03-03 12:29:33.289
172.0, -9597.548496430934, 1805.6409723330705, -25571.692058049688, -10453.396791624642, -167969.55978507517, -17031.85046098834, -27748.550802296497, -34801.97904133547, 0.054, 0.966, -0.14400000000000002, 192.0, 0.0, 0.0, 0.0, 0.0, 0.0, 0.0, 0.0, 0.0, 0.0, 1.741026573289243E9, 0.0, 2025-03-03 12:29:33.289
173.0, -9702.177012226226, 1715.3622764780853, -25585.796008800986, -10468.350108665241, -168020.67822464445, -17045.75324603954, -27747.477918562643, -34802.94016634705, 0.054, 0.966, -0.14400000000000002, 192.0, 0.0, 0.0, 0.0, 0.0, 0.0, 0.0, 0.0, 0.0, 0.0, 1.741026573289268E9, 0.0, 2025-03-03 12:29:33.289
174.0, -9753.78719017353, 1672.8045550351806, -25591.02631700353, -10460.63875682816, -168066.164024611, -17051.51999610901, -27757.91618322327, -34809.757448405915, 0.054, 0.966, -0.14400000000000002, 192.0, 0.0, 0.0, 0.0, 0.0, 0.0, 0.0, 0.0, 0.0, 0.0, 1.741026573289303E9, 0.0, 2025-03-03 12:29:33.289
175.0, -9681.166372438238, 1722.6712969149705, -25573.949584239672, -10458.73885854946, -168053.08825410466, -17034.51031857852, -27759.436101846233, -34809.84685538374, 0.054, 0.966, -0.14400000000000002, 192.0, 0.0, 0.0, 0.0, 0.0, 0.0, 0.0, 0.0, 0.0, 0.0, 1.741026573289336E9, 0.0, 2025-03-03 12:29:33.289
176.0, -9579.018900277484, 1813.5534898702492, -25569.21101441515, -10456.079000959278, -167988.13408471755, -17039.204184914135, -27760.95602046919, -34809.913910617106, 0.054, 0.966, -0.14400000000000002, 192.0, 0.0, 0.0, 0.0, 0.0, 0.0, 0.0, 0.0, 0.0, 0.0, 1.741026573289367E9, 0.0, 2025-03-03 12:29:33.289
177.0, -9658.38994483828, 1752.9579106519118, -25590.735744325608, -10464.103277218734, -167999.53347438975, -17047.831958273884, -27758.989066957125, -34816.28415778687, 0.054, 0.966, -0.14400000000000002, 192.0, 0.0, 0.0, 0.0, 0.0, 0.0, 0.0, 0.0, 0.0, 0.0, 1.741026573289393E9, 0.0, 2025-03-03 12:29:33.289
178.0, -9707.675541362232, 1682.0358254952223, -25576.63179357431, -10453.396791624642, -168062.18541409797, -17040.500586092545, -27751.523584309052, -34810.98679435096, 0.054, 0.966, -0.14400000000000002, 192.0, 0.0, 0.0, 0.0, 0.0, 0.0, 0.0, 0.0, 0.0, 0.0, 1.74102657328942E9, 0.0, 2025-03-03 12:29:33.289
179.0, -9664.693136774677, 1721.3748957365628, -25572.25085166107, -10451.675707301583, -168047.99205636885, -17032.252792388535, -27757.938534967725, -34810.875035628684, 0.054, 0.966, -0.14400000000000002, 192.0, 0.0, 0.0, 0.0, 0.0, 0.0, 0.0, 0.0, 0.0, 0.0, 1.741026573289447E9, 0.0, 2025-03-03 12:29:33.289
180.0, -9609.171403547693, 1816.0568852492436, -25581.616232587843, -10465.511437119418, -167970.58796532013, -17041.5734698264, -27765.761645527084, -34821.51446598941, 0.054, 0.966, -0.14400000000000002, 192.0, 0.0, 0.0, 0.0, 0.0, 0.0, 0.0, 0.0, 0.0, 0.0, 1.741026573349351E9, 0.0, 2025-03-03 12:29:33.349
181.0, -9666.213055397637, 1775.264951618308, -25583.426723888722, -10453.374439880186, -167965.96115421786, -17039.785330269973, -27758.54203206802, -34820.64274795565, 0.06, 0.97, -0.146, 192.0, 1.0, 224.0, 30.0, 80.0, 251.0, 112.0, 0.0, 0.0, 0.0, 1.741026573349391E9, 0.0, 2025-03-03 12:29:33.349
182.0, -9727.032152060527, 1687.33318893113, -25593.574415871433, -10465.958472008524, -168016.6549106425, -17050.00007748605, -27764.86757574887, -34825.13544859117, 0.06, 0.97, -0.146, 192.0, 0.0, 0.0, 0.0, 0.0, 0.0, 0.0, 0.0, 0.0, 0.0, 1.741026573349453E9, 0.0, 2025-03-03 12:29:33.349
183.0, -9700.254762203069, 1694.4410436679177, -25584.790180300497, -10451.385134623664, -168033.84340212864, -17047.384923384776, -27766.700418794208, -34825.60483522473, 0.06, 0.97, -0.146, 192.0, 0.0, 0.0, 0.0, 0.0, 0.0, 0.0, 0.0, 0.0, 0.0, 1.741026573349484E9, 0.0, 2025-03-03 12:29:33.349
184.0, -9619.47555774159, 1786.8878587350678, -25581.035087232005, -10459.029431227378, -167983.9990119933, -17053.41989438771, -27771.170767685267, -34828.93524514857, 0.06, 0.97, -0.146, 192.0, 0.0, 0.0, 0.0, 0.0, 0.0, 0.0, 0.0, 0.0, 0.0, 1.741026573349516E9, 0.0, 2025-03-03 12:29:33.349
185.0, -9639.793293451465, 1795.6273908170929, -25596.703660095176, -10470.317062177308, -167953.62299127853, -17050.938850753173, -27770.790788029528, -34836.37837605219, 0.06, 0.97, -0.146, 192.0, 0.0, 0.0, 0.0, 0.0, 0.0, 0.0, 0.0, 0.0, 0.0, 1.741026573349542E9, 0.0, 2025-03-03 12:29:33.349
186.0, -9708.837832073908, 1718.558575935194, -25590.86985479234, -10463.320966162797, -167989.27402368476, -17043.920402994205, -27764.979334471147, -34821.089782844756, 0.06, 0.97, -0.146, 192.0, 0.0, 0.0, 0.0, 0.0, 0.0, 0.0, 0.0, 0.0, 0.0, 1.741026573349573E9, 0.0, 2025-03-03 12:29:33.349
187.0, -9676.941892736184, 1716.0998840451105, -25593.216787960147, -10468.26070168742, -167990.86099754108, -17043.89805124975, -27769.11440719538, -34814.875997886185, 0.06, 0.97, -0.146, 192.0, 0.0, 0.0, 0.0, 0.0, 0.0, 0.0, 0.0, 0.0, 0.0, 1.741026573349599E9, 0.0, 2025-03-03 12:29:33.349
188.0, -9636.820511438907, 1783.4233383444953, -25591.272186192535, -10463.097448718245, -167956.12638665753, -17040.053551203437, -27770.097883951414, -34819.03342235487, 0.06, 0.97, -0.146, 192.0, 0.0, 0.0, 0.0, 0.0, 0.0, 0.0, 0.0, 0.0, 0.0, 1.741026573349626E9, 0.0, 2025-03-03 12:29:33.349
189.0, -9641.916709174719, 1802.8693560206123, -25596.122514739338, -10472.507533133929, -167925.3256827981, -17046.535557095474, -27774.098846208915, -34826.118925347204, 0.06, 0.97, -0.146, 192.0, 0.0, 0.0, 0.0, 0.0, 0.0, 0.0, 0.0, 0.0, 0.0, 1.741026573349653E9, 0.0, 2025-03-03 12:29:33.349
190.0, -9709.553087896478, 1708.500290930306, -25596.5919013729, -10473.938044779068, -167973.11371244356, -17053.352839154344, -27772.10954095239, -34827.527085247886, 0.06, 0.97, -0.146, 192.0, 0.0, 0.0, 0.0, 0.0, 0.0, 0.0, 0.0, 0.0, 0.0, 1.741026573349688E9, 0.0, 2025-03-03 12:29:33.349
191.0, -9702.959323282163, 1690.6635988549708, -25597.709488595665, -10482.051728016344, -167994.7949045652, -17059.164292712725, -27776.11050320989, -34838.434736542076, 0.064, 0.976, -0.146, 192.0, 2.0, 0.0, 30.0, 128.0, 251.0, 112.0, 0.0, 0.0, 0.0, 1.741026573349718E9, 0.0, 2025-03-03 12:29:33.349
192.0, -9664.290805374481, 1746.9676431378894, -25600.48110490812, -10488.667844375115, -167991.1068667301, -17056.19151070017, -27780.647907334318, -34857.0760914178, 0.064, 0.976, -0.146, 192.0, 0.0, 0.0, 0.0, 0.0, 0.0, 0.0, 0.0, 0.0, 0.0, 1.741026573349747E9, 0.0, 2025-03-03 12:29:33.349
193.0, -9640.5756045074, 1812.4806061363945, -25601.97867178663, -10489.539562408872, -167937.6861974819, -17060.773618313506, -27782.97248875767, -34856.0255594284, 0.064, 0.976, -0.146, 192.0, 0.0, 0.0, 0.0, 0.0, 0.0, 0.0, 0.0, 0.0, 0.0, 1.741026573349778E9, 0.0, 2025-03-03 12:29:33.349
194.0, -9700.187706969704, 1737.8257796556688, -25587.852369290875, -10464.170332452099, -167975.03596246673, -17043.026333215992, -27764.93463098224, -34811.25501528443, 0.064, 0.976, -0.146, 192.0, 0.0, 0.0, 0.0, 0.0, 0.0, 0.0, 0.0, 0.0, 0.0, 1.741026573349805E9, 0.0, 2025-03-03 12:29:33.349
195.0, -9719.92429732374, 1707.7626833632808, -25592.345069926392, -10476.799068069347, -168008.02713728277, -17042.288725648967, -27767.92976473925, -34811.61264319571, 0.064, 0.976, -0.146, 192.0, 0.0, 0.0, 0.0, 0.0, 0.0, 0.0, 0.0, 0.0, 0.0, 1.74102657340882E9, 0.0, 2025-03-03 12:29:33.408
196.0, -9695.270323189536, 1745.3136140481968, -25597.933006040217, -10478.542504136862, -167997.79003832221, -17046.736722795573, -27774.814102031483, -34824.77782067988, 0.064, 0.976, -0.146, 192.0, 0.0, 0.0, 0.0, 0.0, 0.0, 0.0, 0.0, 0.0, 0.0, 1.741026573408858E9, 0.0, 2025-03-03 12:29:33.408
197.0, -9649.96333717863, 1802.757597298336, -25597.798895573487, -10484.130440250688, -167962.40722684946, -17059.499568879553, -27775.507006109598, -34831.75156494994, 0.064, 0.976, -0.146, 192.0, 0.0, 0.0, 0.0, 0.0, 0.0, 0.0, 0.0, 0.0, 0.0, 1.741026573408906E9, 0.0, 2025-03-03 12:29:33.408
198.0, -9712.592925142399, 1731.7684569082805, -25593.239139704605, -10484.376309439696, -167992.58208186415, -17061.46652239162, -27769.96377348468, -34830.23164632698, 0.064, 0.976, -0.146, 192.0, 0.0, 0.0, 0.0, 0.0, 0.0, 0.0, 0.0, 0.0, 0.0, 1.74102657340894E9, 0.0, 2025-03-03 12:29:33.408
199.0, -9718.337323467413, 1692.0717587556553, -25592.993270515595, -10474.295672690354, -168023.00280606782, -17059.276051435, -27776.937517754737, -34840.0217103984, 0.064, 0.976, -0.146, 192.0, 0.0, 0.0, 0.0, 0.0, 0.0, 0.0, 0.0, 0.0, 0.0, 1.74102657340897E9, 0.0, 2025-03-03 12:29:33.408
200.0, -9663.262625129537, 1736.5740819661717, -25585.572491356434, -10466.651376086638, -168011.0669745287, -17057.644374089763, -27775.529357854055, -34834.67964347359, 0.064, 0.976, -0.146, 192.0, 0.0, 0.0, 0.0, 0.0, 0.0, 0.0, 0.0, 0.0, 0.0, 1.741026573408996E9, 0.0, 2025-03-03 12:29:33.408
201.0, -9620.257868797526, 1809.5748793572045, -25593.037974004506, -10473.26749244541, -167965.2458983953, -17053.866929276817, -27782.883081779848, -34838.41238479762, 0.052000000000000005, 0.968, -0.14400000000000002, 192.0, 1.0, 160.0, 30.0, 64.0, 251.0, 128.0, 0.0, 0.0, 0.0, 1.741026573409028E9, 0.0, 2025-03-03 12:29:33.409
202.0, -9681.903980005263, 1756.5788932536714, -25593.73087808262, -10469.579454610284, -167992.33621267515, -17051.296478664455, -27772.91420375278, -34833.83027718429, 0.052000000000000005, 0.968, -0.14400000000000002, 192.0, 0.0, 0.0, 0.0, 0.0, 0.0, 0.0, 0.0, 0.0, 0.0, 1.741026573409057E9, 0.0, 2025-03-03 12:29:33.409
203.0, -9725.847509604397, 1707.33800021863, -25600.615215374855, -10469.400640654641, -168025.662663658, -17055.543310110967, -27778.949174755715, -34837.22774234149, 0.052000000000000005, 0.968, -0.14400000000000002, 192.0, 0.0, 0.0, 0.0, 0.0, 0.0, 0.0, 0.0, 0.0, 0.0, 1.741026573409083E9, 0.0, 2025-03-03 12:29:33.409
204.0, -9711.162413497259, 1727.365163250585, -25607.25368347808, -10476.26262620242, -168023.5168961903, -17062.427647403198, -27785.609994603397, -34844.156783122635, 0.052000000000000005, 0.968, -0.14400000000000002, 192.0, 0.0, 0.0, 0.0, 0.0, 0.0, 0.0, 0.0, 0.0, 0.0, 1.741026573409108E9, 0.0, 2025-03-03 12:29:33.409
205.0, -9668.604692054354, 1803.9198880100118, -25611.45581143568, -10482.901094305647, -167976.3994188785, -17061.108894480338, -27788.672183593775, -34844.96144592303, 0.052000000000000005, 0.968, -0.14400000000000002, 192.0, 0.0, 0.0, 0.0, 0.0, 0.0, 0.0, 0.0, 0.0, 0.0, 1.741026573409142E9, 0.0, 2025-03-03 12:29:33.409
206.0, -9682.507477105555, 1791.0005797148442, -25603.96797704315, -10479.593036126262, -167953.399473834, -17056.638545589274, -27781.4078666458, -34839.90995167613, 0.052000000000000005, 0.968, -0.14400000000000002, 192.0, 0.0, 0.0, 0.0, 0.0, 0.0, 0.0, 0.0, 0.0, 0.0, 1.741026573409173E9, 0.0, 2025-03-03 12:29:33.409
207.0, -9721.734788624619, 1709.2602502417865, -25593.48500889361, -10464.63971908566, -168008.27300647178, -17050.447112375154, -27771.304878152, -34832.690338217064, 0.052000000000000005, 0.968, -0.14400000000000002, 192.0, 0.0, 0.0, 0.0, 0.0, 0.0, 0.0, 0.0, 0.0, 0.0, 1.741026573409199E9, 0.0, 2025-03-03 12:29:33.409
208.0, -9711.631800130821, 1718.6032794241048, -25589.34993616938, -10465.131457463678, -168025.37209098006, -17042.244022160055, -27771.550747341007, -34833.09266961726, 0.052000000000000005, 0.968, -0.14400000000000002, 192.0, 0.0, 0.0, 0.0, 0.0, 0.0, 0.0, 0.0, 0.0, 0.0, 1.741026573409225E9, 0.0, 2025-03-03 12:29:33.409
209.0, -9643.749552220053, 1806.847966533657, -25590.713392581154, -10476.352033180241, -167974.58892757763, -17049.262469919024, -27782.21252944619, -34842.88273368868, 0.052000000000000005, 0.968, -0.14400000000000002, 192.0, 0.0, 0.0, 0.0, 0.0, 0.0, 0.0, 0.0, 0.0, 0.0, 1.741026573409251E9, 0.0, 2025-03-03 12:29:33.409
210.0, -9657.540578548978, 1809.4407688904726, -25605.577302643935, -10490.858315331736, -167946.87276445303, -17063.23231020359, -27790.59443361693, -34852.225762871, 0.052000000000000005, 0.968, -0.14400000000000002, 192.0, 0.0, 0.0, 0.0, 0.0, 0.0, 0.0, 0.0, 0.0, 0.0, 1.741026573468573E9, 0.0, 2025-03-03 12:29:33.468
211.0, -9738.11861731036, 1719.72086664687, -25601.55398864198, -10478.810725070325, -168000.0922680011, -17060.125417724303, -27778.949174755715, -34844.11207963373, 0.058, 0.976, -0.146, 192.0, 1.0, 208.0, 30.0, 128.0, 251.0, 112.0, 0.0, 0.0, 0.0, 1.74102657346861E9, 0.0, 2025-03-03 12:29:33.468
212.0, -9729.356733483879, 1709.3720089640628, -25602.35865144237, -10474.519190134906, -168017.1019455316, -17064.707525337642, -27783.97831725816, -34850.79525122586, 0.058, 0.976, -0.146, 192.0, 0.0, 0.0, 0.0, 0.0, 0.0, 0.0, 0.0, 0.0, 0.0, 1.741026573468665E9, 0.0, 2025-03-03 12:29:33.468
213.0, -9662.614424540332, 1781.881067977079, -25597.038936262004, -10479.481277403984, -167991.66566034147, -17048.502510607545, -27786.526416126064, -34851.53285879289, 0.058, 0.976, -0.146, 192.0, 0.0, 0.0, 0.0, 0.0, 0.0, 0.0, 0.0, 0.0, 0.0, 1.741026573468698E9, 0.0, 2025-03-03 12:29:33.468
214.0, -9637.312249816925, 1822.6953533524697, -25596.122514739338, -10479.637739615171, -167947.5880202756, -17047.876661762795, -27782.50310212411, -34838.1218121197, 0.058, 0.976, -0.146, 192.0, 0.0, 0.0, 0.0, 0.0, 0.0, 0.0, 0.0, 0.0, 0.0, 1.741026573468728E9, 0.0, 2025-03-03 12:29:33.468
215.0, -9718.627896145332, 1725.8005411387137, -25605.6443578773, -10479.54833263735, -167999.0417360117, -17063.925214281706, -27788.962756271692, -34852.35987333773, 0.058, 0.976, -0.146, 192.0, 0.0, 0.0, 0.0, 0.0, 0.0, 0.0, 0.0, 0.0, 0.0, 1.741026573468754E9, 0.0, 2025-03-03 12:29:33.468
216.0, -9738.140969054815, 1691.6023721220938, -25600.592863630398, -10479.011890770424, -168048.19322206895, -17054.425722888198, -27789.454494649708, -34848.80594596934, 0.058, 0.976, -0.146, 192.0, 0.0, 0.0, 0.0, 0.0, 0.0, 0.0, 0.0, 0.0, 0.0, 1.741026573468781E9, 0.0, 2025-03-03 12:29:33.468
217.0, -9665.028412941505, 1773.5662190397047, -25591.272186192535, -10476.955530280535, -168006.21664598188, -17052.123493209303, -27792.22611096217, -34846.66017850163, 0.058, 0.976, -0.146, 192.0, 0.0, 0.0, 0.0, 0.0, 0.0, 0.0, 0.0, 0.0, 0.0, 1.741026573468812E9, 0.0, 2025-03-03 12:29:33.468
218.0, -9636.887566672274, 1837.2463389928746, -25606.806648588976, -10481.045899515855, -167928.1867060884, -17049.70950480813, -27802.485561667152, -34855.89144896167, 0.058, 0.976, -0.146, 192.0, 0.0, 0.0, 0.0, 0.0, 0.0, 0.0, 0.0, 0.0, 0.0, 1.741026573468839E9, 0.0, 2025-03-03 12:29:33.468
219.0, -9739.750294655598, 1736.8646546440907, -25610.092355023906, -10481.78350708288, -167968.1963286634, -17053.017562987516, -27797.098791253426, -34857.05373967335, 0.058, 0.976, -0.146, 192.0, 0.0, 0.0, 0.0, 0.0, 0.0, 0.0, 0.0, 0.0, 0.0, 1.741026573468866E9, 0.0, 2025-03-03 12:29:33.468
220.0, -9732.821253874452, 1696.4527006688954, -25593.619119360344, -10477.424916914097, -168000.0475645122, -17055.76682755552, -27790.16975047228, -34853.0751291603, 0.056, 0.978, -0.15, 192.0, 1.0, 192.0, 30.0, 144.0, 251.0, 80.0, 0.0, 0.0, 0.0, 1.7410265734689E9, 0.0, 2025-03-03 12:29:33.468
221.0, -9679.847619515374, 1733.2883755312414, -25587.315927423948, -10469.534751121373, -168010.9999192953, -17044.70271405014, -27787.174616715267, -34849.99058842547, 0.056, 0.978, -0.15, 192.0, 0.0, 0.0, 0.0, 0.0, 0.0, 0.0, 0.0, 0.0, 0.0, 1.74102657346894E9, 0.0, 2025-03-03 12:29:33.468
222.0, -9626.918688645208, 1808.9043270235452, -25591.339241425903, -10473.066326745311, -167975.61710782256, -17047.854310018338, -27790.013288261092, -34862.77578625391, 0.056, 0.978, -0.15, 192.0, 0.0, 0.0, 0.0, 0.0, 0.0, 0.0, 0.0, 0.0, 0.0, 1.741026573468967E9, 0.0, 2025-03-03 12:29:33.468
223.0, -9696.320855178936, 1743.9054541475123, -25608.68419512322, -10473.088678489767, -167996.0466022547, -17057.286746178477, -27795.377706930365, -34870.71065553554, 0.056, 0.978, -0.15, 192.0, 0.0, 0.0, 0.0, 0.0, 0.0, 0.0, 0.0, 0.0, 0.0, 1.741026573468994E9, 0.0, 2025-03-03 12:29:33.468
224.0, -9722.539451425011, 1690.305970943686, -25603.073907264938, -10467.813666798314, -168034.64806492903, -17047.94371699616, -27793.187235973746, -34843.70974823353, 0.056, 0.978, -0.15, 192.0, 0.0, 0.0, 0.0, 0.0, 0.0, 0.0, 0.0, 0.0, 0.0, 1.741026573469021E9, 0.0, 2025-03-03 12:29:33.469
225.0, -9681.434593371701, 1725.1523405495097, -25604.01268053206, -10477.626082614193, -168024.74624213533, -17054.649240332754, -27803.35727970091, -34850.169402381114, 0.056, 0.978, -0.15, 192.0, 0.0, 0.0, 0.0, 0.0, 0.0, 0.0, 0.0, 0.0, 0.0, 1.741026573528862E9, 0.0, 2025-03-03 12:29:33.528
226.0, -9651.81853196842, 1807.4067601450397, -25606.806648588976, -10482.230541971987, -167966.18467166243, -17063.858159048337, -27804.273701223578, -34865.61445779973, 0.056, 0.978, -0.15, 192.0, 0.0, 0.0, 0.0, 0.0, 0.0, 0.0, 0.0, 0.0, 0.0, 1.741026573528905E9, 0.0, 2025-03-03 12:29:33.528
227.0, -9700.902962792274, 1751.952082151423, -25604.191494487703, -10475.301501190843, -167978.47813111285, -17055.297440921957, -27795.5118173971, -34854.08095766079, 0.056, 0.978, -0.15, 192.0, 0.0, 0.0, 0.0, 0.0, 0.0, 0.0, 0.0, 0.0, 0.0, 1.741026573528953E9, 0.0, 2025-03-03 12:29:33.528
228.0, -9729.848471861897, 1670.658787567471, -25607.767773600553, -10482.610521627728, -168035.54213470724, -17054.537481610478, -27798.886930809847, -34850.57173378131, 0.056, 0.978, -0.15, 192.0, 0.0, 0.0, 0.0, 0.0, 0.0, 0.0, 0.0, 0.0, 0.0, 1.741026573528991E9, 0.0, 2025-03-03 12:29:33.528
229.0, -9683.803878283963, 1700.0960350151106, -25605.554950899477, -10472.731050578483, -168034.44689922893, -17050.648278075252, -27809.481657681663, -34861.61349554223, 0.056, 0.978, -0.15, 192.0, 0.0, 0.0, 0.0, 0.0, 0.0, 0.0, 0.0, 0.0, 0.0, 1.741026573529027E9, 0.0, 2025-03-03 12:29:33.529
230.0, -9622.224822309592, 1802.8693560206123, -25600.995195030595, -10467.612501098216, -167969.87270949755, -17057.13028396729, -27809.347547214933, -34864.04983568786, 0.058, 0.976, -0.14200000000000002, 192.0, 1.0, 208.0, 30.0, 128.0, 251.0, 144.0, 0.0, 0.0, 0.0, 1.741026573529054E9, 0.0, 2025-03-03 12:29:33.529
231.0, -9667.129476920305, 1777.6342365305707, -25599.69879385219, -10461.26460567291, -167979.52866310225, -17047.496682107056, -27802.753782600616, -34860.04887343036, 0.058, 0.976, -0.14200000000000002, 192.0, 0.0, 0.0, 0.0, 0.0, 0.0, 0.0, 0.0, 0.0, 0.0, 1.741026573529084E9, 0.0, 2025-03-03 12:29:33.529
232.0, -9712.25764897557, 1713.5964886661159, -25600.369346185846, -10459.58822483876, -168012.162210007, -17038.980667469583, -27800.339794199444, -34859.13245190769, 0.058, 0.976, -0.14200000000000002, 192.0, 0.0, 0.0, 0.0, 0.0, 0.0, 0.0, 0.0, 0.0, 0.0, 1.741026573529118E9, 0.0, 2025-03-03 12:29:33.529
233.0, -9715.006913543571, 1716.7033811454037, -25602.179837486725, -10475.748536079947, -168026.82495436966, -17040.14295818126, -27801.70325061122, -34865.86032698874, 0.058, 0.976, -0.14200000000000002, 192.0, 0.0, 0.0, 0.0, 0.0, 0.0, 0.0, 0.0, 0.0, 0.0, 1.741026573529144E9, 0.0, 2025-03-03 12:29:33.529
234.0, -9654.411334325236, 1801.7070653089363, -25586.399505901278, -10463.790352796359, -167997.9017970445, -17033.95152496714, -27799.132799998857, -34857.09844316226, 0.058, 0.976, -0.14200000000000002, 192.0, 0.0, 0.0, 0.0, 0.0, 0.0, 0.0, 0.0, 0.0, 0.0, 1.741026573529172E9, 0.0, 2025-03-03 12:29:33.529
235.0, -9656.557101792945, 1817.2191759609195, -25604.124439254338, -10470.987614510968, -167953.2877151117, -17049.731856552586, -27809.74987861513, -34867.96139096754, 0.058, 0.976, -0.14200000000000002, 192.0, 0.0, 0.0, 0.0, 0.0, 0.0, 0.0, 0.0, 0.0, 0.0, 1.741026573529205E9, 0.0, 2025-03-03 12:29:33.529
236.0, -9723.478224692133, 1724.727657404859, -25596.72601183963, -10461.510474861918, -167998.92997728946, -17054.984516499582, -27802.865541322895, -34862.395806598164, 0.058, 0.976, -0.14200000000000002, 192.0, 0.0, 0.0, 0.0, 0.0, 0.0, 0.0, 0.0, 0.0, 0.0, 1.741026573529237E9, 0.0, 2025-03-03 12:29:33.529
237.0, -9683.759174795054, 1721.4419509699287, -25593.373250171335, -10468.819495298803, -168021.39348046703, -17046.960240240125, -27810.375727459876, -34860.719425764015, 0.058, 0.976, -0.14200000000000002, 192.0, 0.0, 0.0, 0.0, 0.0, 0.0, 0.0, 0.0, 0.0, 0.0, 1.741026573529267E9, 0.0, 2025-03-03 12:29:33.529
238.0, -9626.449302011646, 1801.4164926310175, -25595.183741472214, -10474.83211455728, -167977.18172993444, -17050.961202497627, -27820.3669572314, -34873.169347425624, 0.058, 0.976, -0.14200000000000002, 192.0, 0.0, 0.0, 0.0, 0.0, 0.0, 0.0, 0.0, 0.0, 0.0, 1.741026573529294E9, 0.0, 2025-03-03 12:29:33.529
239.0, -9626.873985156297, 1839.2579959938523, -25592.85916004886, -10470.115896477211, -167937.641493993, -17055.856234533338, -27820.568122931498, -34876.723274794014, 0.058, 0.976, -0.14200000000000002, 192.0, 0.0, 0.0, 0.0, 0.0, 0.0, 0.0, 0.0, 0.0, 0.0, 1.741026573529322E9, 0.0, 2025-03-03 12:29:33.529
240.0, -9697.505497635068, 1755.9083409200123, -25590.422819903233, -10465.667899330605, -167978.99222123533, -17047.429626873687, -27814.77902111757, -34877.930268994605, 0.06, 0.976, -0.14200000000000002, 192.0, 1.0, 224.0, 30.0, 128.0, 251.0, 144.0, 0.0, 0.0, 0.0, 1.741026573529348E9, 0.0, 2025-03-03 12:29:33.529
241.0, -9719.499614179089, 1736.9317098774566, -25594.11085773836, -10465.556140608329, -168001.4557244129, -17045.194452428157, -27818.534114186063, -34871.3812078692, 0.06, 0.976, -0.14200000000000002, 192.0, 0.0, 0.0, 0.0, 0.0, 0.0, 0.0, 0.0, 0.0, 0.0, 1.741026573590124E9, 0.0, 2025-03-03 12:29:33.590
242.0, -9651.505607546045, 1799.1589664410315, -25585.393677400793, -10464.12562896319, -167979.03692472423, -17043.85334776084, -27817.014195563104, -34864.496870576964, 0.06, 0.976, -0.14200000000000002, 192.0, 0.0, 0.0, 0.0, 0.0, 0.0, 0.0, 0.0, 0.0, 0.0, 1.741026573590179E9, 0.0, 2025-03-03 12:29:33.590
243.0, -9618.894412385753, 1855.0606793237544, -25588.098238479884, -10461.666937073105, -167945.7998807192, -17039.673571547697, -27812.812067605504, -34867.35789386724, 0.06, 0.976, -0.14200000000000002, 192.0, 0.0, 0.0, 0.0, 0.0, 0.0, 0.0, 0.0, 0.0, 0.0, 1.741026573590218E9, 0.0, 2025-03-03 12:29:33.590
244.0, -9695.67265458973, 1777.0307394302774, -25608.013642789563, -10473.69217559006, -167971.43733160943, -17059.767789813017, -27817.103602540923, -34882.87000451922, 0.06, 0.976, -0.14200000000000002, 192.0, 0.0, 0.0, 0.0, 0.0, 0.0, 0.0, 0.0, 0.0, 0.0, 1.741026573590249E9, 0.0, 2025-03-03 12:29:33.590
245.0, -9725.73575088212, 1728.2368812843422, -25599.810552574465, -10467.83601854277, -168013.57036990768, -17052.056437975938, -27802.753782600616, -34878.60082132826, 0.06, 0.976, -0.14200000000000002, 192.0, 0.0, 0.0, 0.0, 0.0, 0.0, 0.0, 0.0, 0.0, 0.0, 1.74102657359028E9, 0.0, 2025-03-03 12:29:33.590
246.0, -9665.520151319522, 1788.944219224956, -25588.411162902255, -10460.951681250535, -167980.33332590264, -17035.694961034653, -27799.557483143508, -34857.724292007006, 0.06, 0.976, -0.14200000000000002, 192.0, 0.0, 0.0, 0.0, 0.0, 0.0, 0.0, 0.0, 0.0, 0.0, 1.74102657359031E9, 0.0, 2025-03-03 12:29:33.590
247.0, -9622.358932776324, 1853.585464189704, -25594.289671694, -10467.657204587127, -167921.883514152, -17038.690094791662, -27801.166808744292, -34856.8302222288, 0.06, 0.976, -0.14200000000000002, 192.0, 0.0, 0.0, 0.0, 0.0, 0.0, 0.0, 0.0, 0.0, 0.0, 1.741026573590342E9, 0.0, 2025-03-03 12:29:33.590
248.0, -9703.182840726715, 1773.4768120618835, -25603.476238665135, -10475.681480846582, -167940.52486902772, -17042.087559948868, -27800.608015132908, -34861.88171647569, 0.06, 0.976, -0.14200000000000002, 192.0, 0.0, 0.0, 0.0, 0.0, 0.0, 0.0, 0.0, 0.0, 0.0, 1.741026573590369E9, 0.0, 2025-03-03 12:29:33.590
249.0, -9737.291602765514, 1704.6781426284485, -25603.029203776026, -10474.295672690354, -167980.98152649184, -17045.641487317265, -27805.994785546638, -34866.866155489224, 0.06, 0.976, -0.14200000000000002, 192.0, 0.0, 0.0, 0.0, 0.0, 0.0, 0.0, 0.0, 0.0, 0.0, 1.741026573590396E9, 0.0, 2025-03-03 12:29:33.590
250.0, -9703.965151782651, 1726.2252242833645, -25605.39848868829, -10474.630948857182, -167984.51310211577, -17052.928156009693, -27812.208570505212, -34875.00219047096, 0.064, 0.976, -0.14400000000000002, 192.0, 2.0, 0.0, 30.0, 128.0, 251.0, 128.0, 0.0, 0.0, 0.0, 1.741026573590422E9, 0.0, 2025-03-03 12:29:33.590
251.0, -9638.832168439885, 1817.621507361115, -25595.675479850233, -10459.07413471629, -167926.2421043208, -17042.60165007134, -27811.515666427098, -34876.946792238574, 0.064, 0.976, -0.14400000000000002, 192.0, 0.0, 0.0, 0.0, 0.0, 0.0, 0.0, 0.0, 0.0, 0.0, 1.741026573590461E9, 0.0, 2025-03-03 12:29:33.590
252.0, -9682.01573872754, 1779.6011900426377, -25599.564683385455, -10462.538655106862, -167924.25279906427, -17059.164292712725, -27810.286320482057, -34881.39478938518, 0.064, 0.976, -0.14400000000000002, 192.0, 0.0, 0.0, 0.0, 0.0, 0.0, 0.0, 0.0, 0.0, 0.0, 1.741026573590493E9, 0.0, 2025-03-03 12:29:33.590
253.0, -9733.536509697022, 1705.8627850845796, -25598.715317096154, -10468.350108665241, -167978.41107587947, -17058.158464212236, -27809.012271048105, -34884.836958031294, 0.064, 0.976, -0.14400000000000002, 192.0, 0.0, 0.0, 0.0, 0.0, 0.0, 0.0, 0.0, 0.0, 0.0, 1.74102657359052E9, 0.0, 2025-03-03 12:29:33.590
254.0, -9716.280962977526, 1725.241747527331, -25605.107916010373, -10472.55223662284, -167989.31872717367, -17051.85527227584, -27811.873294338384, -34887.47446387702, 0.064, 0.976, -0.14400000000000002, 192.0, 0.0, 0.0, 0.0, 0.0, 0.0, 0.0, 0.0, 0.0, 0.0, 1.741026573590546E9, 0.0, 2025-03-03 12:29:33.590
255.0, -9668.515285076533, 1811.8324055471905, -25612.21577074716, -10472.194608711554, -167947.31979934213, -17059.119589223814, -27817.55063743003, -34883.1829289416, 0.064, 0.976, -0.14400000000000002, 192.0, 0.0, 0.0, 0.0, 0.0, 0.0, 0.0, 0.0, 0.0, 0.0, 1.741026573590573E9, 0.0, 2025-03-03 12:29:33.590
0.0, -9718.58319265642, 1790.911172737023, -25626.520887198556, -10478.430745414586, -167945.97869467482, -17067.389734672277, -27822.89270435485, -34896.593975614785, 0.064, 0.976, -0.14400000000000002, 192.0, 0.0, 0.0, 0.0, 0.0, 0.0, 0.0, 0.0, 0.0, 0.0, 1.741026573650389E9, 0.0, 2025-03-03 12:29:33.650
1.0, -9748.31101278198, 1720.5925846806272, -25601.598692130887, -10463.723297562992, -167991.08451498565, -17051.162368197725, -27808.07349778098, -34888.346181910776, 0.064, 0.976, -0.14400000000000002, 192.0, 0.0, 0.0, 0.0, 0.0, 0.0, 0.0, 0.0, 0.0, 0.0, 1.741026573650417E9, 0.0, 2025-03-03 12:29:33.650
2.0, -9699.561858124955, 1730.62851794106, -25604.01268053206, -10468.97595750999, -168008.9659105499, -17054.246908932557, -27820.143439786847, -34889.9331557671, 0.064, 0.976, -0.14400000000000002, 192.0, 0.0, 0.0, 0.0, 0.0, 0.0, 0.0, 0.0, 0.0, 0.0, 1.741026573650458E9, 0.0, 2025-03-03 12:29:33.650
3.0, -9635.814682938419, 1815.6098503601374, -25602.44805842019, -10468.014832498411, -167971.25851765377, -17054.738647310573, -27823.45149796623, -34886.64744933217, 0.064, 0.976, -0.14400000000000002, 192.0, 0.0, 0.0, 0.0, 0.0, 0.0, 0.0, 0.0, 0.0, 0.0, 1.741026573650494E9, 0.0, 2025-03-03 12:29:33.650
4.0, -9640.95558416314, 1844.3541937296623, -25611.5452184135, -10467.92542552059, -167919.9389123844, -17049.55304259694, -27830.000559091637, -34883.33939115279, 0.064, 0.978, -0.15, 192.0, 2.0, 0.0, 30.0, 144.0, 251.0, 80.0, 0.0, 0.0, 0.0, 1.741026573650524E9, 0.0, 2025-03-03 12:29:33.650
5.0, -9724.841681103908, 1765.0725561466882, -25611.45581143568, -10466.36080340872, -167939.5413922717, -17046.490853606567, -27826.401928234332, -34882.78059754141, 0.064, 0.978, -0.15, 192.0, 0.0, 0.0, 0.0, 0.0, 0.0, 0.0, 0.0, 0.0, 0.0, 1.741026573650554E9, 0.0, 2025-03-03 12:29:33.650
6.0, -9720.796015357497, 1743.8607506586018, -25593.887340293808, -10463.030393484878, -167974.43246536644, -17040.835862259373, -27817.17065777429, -34878.91374575064, 0.064, 0.978, -0.15, 192.0, 0.0, 0.0, 0.0, 0.0, 0.0, 0.0, 0.0, 0.0, 0.0, 1.741026573650585E9, 0.0, 2025-03-03 12:29:33.650
7.0, -9663.48614257409, 1808.5466991122603, -25593.954395527173, -10466.36080340872, -167970.61031706457, -17044.009809972027, -27821.082213053967, -34884.52403360892, 0.064, 0.978, -0.15, 192.0, 0.0, 0.0, 0.0, 0.0, 0.0, 0.0, 0.0, 0.0, 0.0, 1.741026573650611E9, 0.0, 2025-03-03 12:29:33.650
8.0, -9634.607688737833, 1860.3133392707516, -25592.948567026684, -10465.466733630506, -167927.89613341048, -17050.04478097496, -27826.379576489875, -34893.04004824639, 0.064, 0.978, -0.15, 192.0, 0.0, 0.0, 0.0, 0.0, 0.0, 0.0, 0.0, 0.0, 0.0, 1.741026573650638E9, 0.0, 2025-03-03 12:29:33.650
9.0, -9702.847564559885, 1788.2960186357523, -25601.330471197423, -10476.061460502322, -167939.8319649496, -17065.75805732704, -27829.4194137358, -34905.0876385078, 0.064, 0.978, -0.15, 192.0, 0.0, 0.0, 0.0, 0.0, 0.0, 0.0, 0.0, 0.0, 0.0, 1.741026573650665E9, 0.0, 2025-03-03 12:29:33.650
10.0, -9730.563727684466, 1753.1590763520094, -25606.516075911055, -10484.443364673063, -167966.899927485, -17064.036973003982, -27831.185201547767, -34895.34227792529, 0.064, 0.978, -0.15, 192.0, 0.0, 0.0, 0.0, 0.0, 0.0, 0.0, 0.0, 0.0, 0.0, 1.741026573650699E9, 0.0, 2025-03-03 12:29:33.650
11.0, -9678.975901481617, 1811.2289084468973, -25601.285767708516, -10479.414222170619, -167937.1944591039, -17049.24011817457, -27826.51368695661, -34893.732952324506, 0.064, 0.978, -0.15, 192.0, 0.0, 0.0, 0.0, 0.0, 0.0, 0.0, 0.0, 0.0, 0.0, 1.74102657365073E9, 0.0, 2025-03-03 12:29:33.650
12.0, -9641.536729518977, 1866.3259585292292, -25595.697831594687, -10470.026489499389, -167897.0283743177, -17042.355780882335, -27823.87618111088, -34892.79417905738, 0.064, 0.978, -0.15, 192.0, 0.0, 0.0, 0.0, 0.0, 0.0, 0.0, 0.0, 0.0, 0.0, 1.741026573650755E9, 0.0, 2025-03-03 12:29:33.650
13.0, -9712.995256542596, 1783.2445243888528, -25602.98450028712, -10476.463791902517, -167922.19643857438, -17054.448074632655, -27822.803297377028, -34897.152769226166, 0.064, 0.978, -0.15, 192.0, 0.0, 0.0, 0.0, 0.0, 0.0, 0.0, 0.0, 0.0, 0.0, 1.741026573650787E9, 0.0, 2025-03-03 12:29:33.650
14.0, -9751.239091305624, 1733.9589278649007, -25620.508267940077, -10493.473469433007, -167951.16429938845, -17066.24979570506, -27839.50005048514, -34912.41901068914, 0.06, 0.974, -0.148, 192.0, 1.0, 224.0, 30.0, 112.0, 251.0, 96.0, 0.0, 0.0, 0.0, 1.741026573650814E9, 0.0, 2025-03-03 12:29:33.650
15.0, -9701.998198270583, 1782.9763034553891, -25602.716279353655, -10481.381175682685, -167922.66582520795, -17057.66672583422, -27834.2697422826, -34903.12068499574, 0.06, 0.974, -0.148, 192.0, 0.0, 0.0, 0.0, 0.0, 0.0, 0.0, 0.0, 0.0, 0.0, 1.741026573709949E9, 0.0, 2025-03-03 12:29:33.709
16.0, -9649.6280610118, 1849.1151152986426, -25594.91552053875, -10463.186855696065, -167879.05757177563, -17049.933022252684, -27828.41358523531, -34899.29853669388, 0.06, 0.974, -0.148, 192.0, 0.0, 0.0, 0.0, 0.0, 0.0, 0.0, 0.0, 0.0, 0.0, 1.741026573709978E9, 0.0, 2025-03-03 12:29:33.709
17.0, -9727.367428227357, 1768.5147247928055, -25599.788200830008, -10465.936120264068, -167925.8844764095, -17054.917461266217, -27820.679881653774, -34901.51135939495, 0.06, 0.974, -0.148, 192.0, 0.0, 0.0, 0.0, 0.0, 0.0, 0.0, 0.0, 0.0, 0.0, 1.741026573710024E9, 0.0, 2025-03-03 12:29:33.710
18.0, -9732.508329452077, 1721.978392836856, -25599.430572918725, -10461.599881839738, -167961.15552915997, -17046.80377802894, -27824.233809022167, -34899.85733030526, 0.06, 0.974, -0.148, 192.0, 0.0, 0.0, 0.0, 0.0, 0.0, 0.0, 0.0, 0.0, 0.0, 1.741026573710059E9, 0.0, 2025-03-03 12:29:33.710
19.0, -9695.806765056464, 1763.8655619461015, -25595.11668623885, -10462.181027195576, -167949.2420493653, -17047.854310018338, -27826.98307359017, -34894.40350465816, 0.06, 0.974, -0.148, 192.0, 0.0, 0.0, 0.0, 0.0, 0.0, 0.0, 0.0, 0.0, 0.0, 1.741026573710094E9, 0.0, 2025-03-03 12:29:33.710
20.0, -9632.5736799924, 1855.8876938686008, -25592.568587370944, -10463.455076629529, -167888.1323800245, -17045.70854255063, -27829.46411722471, -34898.203301215566, 0.06, 0.974, -0.148, 192.0, 0.0, 0.0, 0.0, 0.0, 0.0, 0.0, 0.0, 0.0, 0.0, 1.74102657371012E9, 0.0, 2025-03-03 12:29:33.710
21.0, -9684.183857939704, 1809.4407688904726, -25596.189569972703, -10457.196588182043, -167893.13917078247, -17041.148786681748, -27823.83147762197, -34896.07988549231, 0.06, 0.974, -0.148, 192.0, 0.0, 0.0, 0.0, 0.0, 0.0, 0.0, 0.0, 0.0, 0.0, 1.741026573710147E9, 0.0, 2025-03-03 12:29:33.710
22.0, -9733.156530041282, 1732.8636923865906, -25597.01658451755, -10455.944890492547, -167952.48305231132, -17038.89126049176, -27824.03264332207, -34898.73974308249, 0.06, 0.974, -0.148, 192.0, 0.0, 0.0, 0.0, 0.0, 0.0, 0.0, 0.0, 0.0, 0.0, 1.741026573710178E9, 0.0, 2025-03-03 12:29:33.710
23.0, -9700.254762203069, 1758.2329223433642, -25598.40239267378, -10461.823399284292, -167944.05644465168, -17052.637583331776, -27834.31444577151, -34905.91465305265, 0.06, 0.974, -0.148, 192.0, 0.0, 0.0, 0.0, 0.0, 0.0, 0.0, 0.0, 0.0, 0.0, 1.741026573710204E9, 0.0, 2025-03-03 12:29:33.710
24.0, -9656.870026215318, 1832.1948447459752, -25589.77461931403, -10451.273375901386, -167924.8339444201, -17050.111836208325, -27829.08413756897, -34892.05657149036, 0.054, 0.98, -0.148, 192.0, 1.0, 176.0, 30.0, 160.0, 251.0, 96.0, 0.0, 0.0, 0.0, 1.74102657371023E9, 0.0, 2025-03-03 12:29:33.710
25.0, -9678.282997403503, 1827.0762952657099, -25597.01658451755, -10455.229634669977, -167904.38209824348, -17053.129321709792, -27832.012216092615, -34890.156673211655, 0.054, 0.98, -0.148, 192.0, 0.0, 0.0, 0.0, 0.0, 0.0, 0.0, 0.0, 0.0, 0.0, 1.741026573710263E9, 0.0, 2025-03-03 12:29:33.710
26.0, -9729.982582328628, 1753.427297285473, -25603.386831687312, -10465.667899330605, -167928.05259562167, -17062.673516592207, -27837.242524295158, -34890.67076333413, 0.054, 0.98, -0.148, 192.0, 0.0, 0.0, 0.0, 0.0, 0.0, 0.0, 0.0, 0.0, 0.0, 1.741026573710299E9, 0.0, 2025-03-03 12:29:33.710
27.0, -9735.414056231268, 1747.302919304719, -25603.319776453947, -10469.870027288203, -167950.6949127549, -17057.398504900757, -27834.18033530478, -34882.22180393002, 0.054, 0.98, -0.148, 192.0, 0.0, 0.0, 0.0, 0.0, 0.0, 0.0, 0.0, 0.0, 0.0, 1.741026573710329E9, 0.0, 2025-03-03 12:29:33.710
28.0, -9676.271340402525, 1820.750751584858, -25596.92717753973, -10472.55223662284, -167932.4335375349, -17060.304231679944, -27828.145364301847, -34869.45895784604, 0.054, 0.98, -0.148, 192.0, 0.0, 0.0, 0.0, 0.0, 0.0, 0.0, 0.0, 0.0, 0.0, 1.741026573710356E9, 0.0, 2025-03-03 12:29:33.710
29.0, -9663.687308274188, 1849.360984487651, -25607.052517777982, -10464.684422574572, -167884.377286956, -17059.03018224599, -27822.915056099304, -34855.75733849494, 0.054, 0.98, -0.148, 192.0, 0.0, 0.0, 0.0, 0.0, 0.0, 0.0, 0.0, 0.0, 0.0, 1.741026573710383E9, 0.0, 2025-03-03 12:29:33.710
30.0, -9720.594849657398, 1763.0832508901658, -25605.957282299674, -10458.515341104907, -167918.2848832947, -17050.13418795278, -27810.08515478196, -34830.879846916185, 0.054, 0.98, -0.148, 192.0, 0.0, 0.0, 0.0, 0.0, 0.0, 0.0, 0.0, 0.0, 0.0, 1.741026573770276E9, 0.0, 2025-03-03 12:29:33.770
31.0, -9706.915582050751, 1746.8335326711576, -25601.55398864198, -10465.64554758615, -167941.55304927268, -17041.640525059764, -27803.69255586774, -34819.86043689972, 0.054, 0.98, -0.148, 192.0, 0.0, 0.0, 0.0, 0.0, 0.0, 0.0, 0.0, 0.0, 0.0, 1.741026573770319E9, 0.0, 2025-03-03 12:29:33.770
32.0, -9660.24513962807, 1819.499053895361, -25594.513189138557, -10469.0206609989, -167911.60171170256, -17039.248888403046, -27798.462247665197, -34805.2647477704, 0.054, 0.98, -0.148, 192.0, 0.0, 0.0, 0.0, 0.0, 0.0, 0.0, 0.0, 0.0, 0.0, 1.741026573770368E9, 0.0, 2025-03-03 12:29:33.770
33.0, -9631.165520091716, 1868.3152637857515, -25596.860122306363, -10482.49876290545, -167859.1198157215, -17054.85040603285, -27796.607052875406, -34804.43773322555, 0.054, 0.98, -0.148, 192.0, 0.0, 0.0, 0.0, 0.0, 0.0, 0.0, 0.0, 0.0, 0.0, 1.741026573770405E9, 0.0, 2025-03-03 12:29:33.770
34.0, -9673.186799667692, 1784.719739522903, -25592.12155248184, -10470.853504044237, -167884.80197010064, -17054.984516499582, -27791.332041183956, -34795.94407033254, 0.056, 0.98, -0.154, 192.0, 1.0, 192.0, 30.0, 160.0, 251.0, 48.0, 0.0, 0.0, 0.0, 1.74102657377044E9, 0.0, 2025-03-03 12:29:33.770
35.0, -9684.385023639801, 1743.8383989141464, -25587.427686146224, -10466.137285964167, -167927.89613341048, -17046.915536751218, -27787.375782415365, -34776.65451486761, 0.056, 0.98, -0.154, 192.0, 0.0, 0.0, 0.0, 0.0, 0.0, 0.0, 0.0, 0.0, 0.0, 1.741026573770474E9, 0.0, 2025-03-03 12:29:33.770
36.0, -9634.250060826547, 1795.850908261646, -25591.942738526195, -10474.675652346094, -167891.57454867061, -17052.86110077633, -27788.53807312704, -34778.46500616849, 0.056, 0.98, -0.154, 192.0, 0.0, 0.0, 0.0, 0.0, 0.0, 0.0, 0.0, 0.0, 0.0, 1.741026573770501E9, 0.0, 2025-03-03 12:29:33.770
37.0, -9614.111139072316, 1836.4416761924836, -25588.746439069088, -10475.860294802225, -167863.120777979, -17055.431551388687, -27777.2057386882, -34765.16571821758, 0.056, 0.98, -0.154, 192.0, 0.0, 0.0, 0.0, 0.0, 0.0, 0.0, 0.0, 0.0, 0.0, 1.741026573770533E9, 0.0, 2025-03-03 12:29:33.770
38.0, -9680.272302660025, 1759.462268288406, -25591.607462359367, -10477.35786168073, -167895.26258650573, -17051.162368197725, -27770.00847697359, -34741.6516830506, 0.056, 0.98, -0.154, 192.0, 0.0, 0.0, 0.0, 0.0, 0.0, 0.0, 0.0, 0.0, 0.0, 1.741026573770558E9, 0.0, 2025-03-03 12:29:33.770
39.0, -9699.785375569509, 1713.887061344035, -25576.81060752995, -10460.079963216778, -167948.52679354273, -17027.335408608367, -27753.91522096577, -34730.16288640057, 0.056, 0.98, -0.154, 192.0, 0.0, 0.0, 0.0, 0.0, 0.0, 0.0, 0.0, 0.0, 0.0, 1.741026573770585E9, 0.0, 2025-03-03 12:29:33.770
40.0, -9659.328718105402, 1755.4389542864508, -25595.653128105776, -10482.878742561192, -167941.1507178725, -17035.538498823465, -27769.673200806763, -34739.1482876716, 0.056, 0.98, -0.154, 192.0, 0.0, 0.0, 0.0, 0.0, 0.0, 0.0, 0.0, 0.0, 0.0, 1.741026573770612E9, 0.0, 2025-03-03 12:29:33.770
41.0, -9601.504755199523, 1844.9576908299555, -25601.464581664157, -10495.306312478342, -167853.93421100787, -17050.536519352976, -27779.86559627838, -34750.413566877076, 0.056, 0.98, -0.154, 192.0, 0.0, 0.0, 0.0, 0.0, 0.0, 0.0, 0.0, 0.0, 0.0, 1.741026573770648E9, 0.0, 2025-03-03 12:29:33.770
42.0, -9646.275299343502, 1779.9364662094674, -25593.373250171335, -10481.403527427141, -167860.2150511998, -17053.129321709792, -27765.046389704516, -34742.92573248455, 0.056, 0.98, -0.154, 192.0, 0.0, 0.0, 0.0, 0.0, 0.0, 0.0, 0.0, 0.0, 0.0, 1.741026573770679E9, 0.0, 2025-03-03 12:29:33.770
43.0, -9690.576456853922, 1707.33800021863, -25592.769753071043, -10486.74559435196, -167907.39958374496, -17051.40823738673, -27764.68876179323, -34744.49035459642, 0.056, 0.98, -0.154, 192.0, 0.0, 0.0, 0.0, 0.0, 0.0, 0.0, 0.0, 0.0, 0.0, 1.741026573770706E9, 0.0, 2025-03-03 12:29:33.770
44.0, -9648.219901111115, 1736.2835092882526, -25579.202244186672, -10467.83601854277, -167916.384985016, -17039.89708899225, -27757.31268612298, -34740.17646791655, 0.056, 0.972, -0.148, 192.0, 1.0, 192.0, 30.0, 96.0, 251.0, 96.0, 0.0, 0.0, 0.0, 1.741026573770732E9, 0.0, 2025-03-03 12:29:33.770
45.0, -9593.167554517693, 1821.8236353187128, -25583.180854699716, -10468.685384832072, -167866.115911736, -17033.169213911202, -27762.364180369877, -34748.08898545372, 0.056, 0.972, -0.148, 192.0, 0.0, 0.0, 0.0, 0.0, 0.0, 0.0, 0.0, 0.0, 0.0, 1.741026573830575E9, 0.0, 2025-03-03 12:29:33.830
46.0, -9656.266529115026, 1785.5467540677494, -25582.979688999618, -10472.887512789668, -167870.49685364927, -17037.170176168704, -27756.39626460031, -34748.82659302075, 0.056, 0.972, -0.148, 192.0, 0.0, 0.0, 0.0, 0.0, 0.0, 0.0, 0.0, 0.0, 0.0, 1.741026573830614E9, 0.0, 2025-03-03 12:29:33.830
47.0, -9721.086588035416, 1713.5070816882946, -25582.376191899326, -10462.829227784781, -167913.0322233477, -17037.3713418688, -27758.58673555693, -34749.63125582114, 0.056, 0.972, -0.148, 192.0, 0.0, 0.0, 0.0, 0.0, 0.0, 0.0, 0.0, 0.0, 0.0, 1.741026573830641E9, 0.0, 2025-03-03 12:29:33.830
48.0, -9668.448229843169, 1729.0415440847332, -25561.834938744898, -10453.061515457812, -167923.4257845194, -17025.815489985405, -27751.188308142224, -34743.10454644019, 0.056, 0.972, -0.148, 192.0, 0.0, 0.0, 0.0, 0.0, 0.0, 0.0, 0.0, 0.0, 0.0, 1.741026573830694E9, 0.0, 2025-03-03 12:29:33.830
49.0, -9595.335673729858, 1824.9752312869111, -25558.191604398682, -10448.68057354457, -167869.24515595977, -17029.168251653704, -27751.34477035341, -34745.00444471889, 0.056, 0.972, -0.148, 192.0, 0.0, 0.0, 0.0, 0.0, 0.0, 0.0, 0.0, 0.0, 0.0, 1.741026573830731E9, 0.0, 2025-03-03 12:29:33.830
50.0, -9629.779711935487, 1808.9713822569113, -25561.700828278164, -10450.222843911988, -167855.38707439747, -17028.27418187549, -27744.3486743389, -34745.04914820781, 0.056, 0.972, -0.148, 192.0, 0.0, 0.0, 0.0, 0.0, 0.0, 0.0, 0.0, 0.0, 0.0, 1.741026573830762E9, 0.0, 2025-03-03 12:29:33.830
51.0, -9698.310160435458, 1723.3418492486298, -25562.371380611825, -10455.676669559083, -167905.61144418854, -17028.117719664304, -27740.59358127041, -34747.44078486452, 0.056, 0.972, -0.148, 192.0, 0.0, 0.0, 0.0, 0.0, 0.0, 0.0, 0.0, 0.0, 0.0, 1.741026573830788E9, 0.0, 2025-03-03 12:29:33.830
52.0, -9696.723186579131, 1719.206776524398, -25570.194491171183, -10467.791315053859, -167925.39273803149, -17038.533632580475, -27751.858860475884, -34767.37854091865, 0.056, 0.972, -0.148, 192.0, 0.0, 0.0, 0.0, 0.0, 0.0, 0.0, 0.0, 0.0, 0.0, 1.741026573830821E9, 0.0, 2025-03-03 12:29:33.830
53.0, -9616.323961773393, 1794.8227280167018, -25550.77082523952, -10458.850617271735, -167897.25189176225, -17040.1206064368, -27744.952171439192, -34758.236677436435, 0.056, 0.972, -0.148, 192.0, 0.0, 0.0, 0.0, 0.0, 0.0, 0.0, 0.0, 0.0, 0.0, 1.741026573830848E9, 0.0, 2025-03-03 12:29:33.830
54.0, -9603.248191267037, 1822.293021952274, -25564.047761445974, -10474.161562223622, -167847.09457720455, -17048.033123973983, -27749.981313941636, -34758.61665709218, 0.062, 0.964, -0.148, 192.0, 1.0, 240.0, 30.0, 32.0, 251.0, 96.0, 0.0, 0.0, 0.0, 1.741026573830873E9, 0.0, 2025-03-03 12:29:33.830
55.0, -9675.891360746786, 1729.3768202515628, -25564.137168423793, -10467.523094120395, -167901.20815053085, -17045.306211150433, -27740.39241557031, -34750.905305255095, 0.062, 0.964, -0.148, 192.0, 0.0, 0.0, 0.0, 0.0, 0.0, 0.0, 0.0, 0.0, 0.0, 1.741026573830903E9, 0.0, 2025-03-03 12:29:33.830
56.0, -9673.544427578978, 1722.8724626150683, -25567.62404055882, -10471.389945911164, -167925.50449675377, -17050.04478097496, -27741.91233419327, -34752.715796555975, 0.062, 0.964, -0.148, 192.0, 0.0, 0.0, 0.0, 0.0, 0.0, 0.0, 0.0, 0.0, 0.0, 1.741026573830938E9, 0.0, 2025-03-03 12:29:33.830
57.0, -9623.744740932554, 1803.4057978875398, -25567.57933706991, -10482.275245460898, -167883.6843828779, -17046.826129773395, -27744.371026083354, -34758.12491871416, 0.062, 0.964, -0.148, 192.0, 0.0, 0.0, 0.0, 0.0, 0.0, 0.0, 0.0, 0.0, 0.0, 1.741026573830969E9, 0.0, 2025-03-03 12:29:33.830
58.0, -9596.09563304134, 1852.5796356892154, -25570.418008615736, -10484.711585606527, -167832.14126016395, -17040.411179114722, -27746.53914529552, -34760.203630948505, 0.062, 0.964, -0.148, 192.0, 0.0, 0.0, 0.0, 0.0, 0.0, 0.0, 0.0, 0.0, 0.0, 1.741026573830995E9, 0.0, 2025-03-03 12:29:33.830
59.0, -9673.365613623335, 1766.4807160473724, -25584.29844192248, -10486.186800740577, -167853.37541739648, -17048.413103629722, -27749.578982541443, -34767.78087231885, 0.062, 0.964, -0.148, 192.0, 0.0, 0.0, 0.0, 0.0, 0.0, 0.0, 0.0, 0.0, 0.0, 1.741026573831021E9, 0.0, 2025-03-03 12:29:33.831
60.0, -9697.796070312987, 1722.336020748141, -25583.49377912209, -10499.195516013566, -167890.00992655873, -17050.55887109743, -27747.88024996284, -34770.77600607586, 0.062, 0.964, -0.148, 192.0, 0.0, 0.0, 0.0, 0.0, 0.0, 0.0, 0.0, 0.0, 0.0, 1.741026573890795E9, 0.0, 2025-03-03 12:29:33.890
61.0, -9656.95943319314, 1766.9277509364786, -25576.3859243853, -10483.325777450298, -167883.9302520669, -17042.936926238173, -27747.097938906903, -34764.42811065055, 0.062, 0.964, -0.148, 192.0, 0.0, 0.0, 0.0, 0.0, 0.0, 0.0, 0.0, 0.0, 0.0, 1.741026573890833E9, 0.0, 2025-03-03 12:29:33.890
62.0, -9627.14220608976, 1830.138484256087, -25572.317906894437, -10471.233483699976, -167847.7204260493, -17036.007885457027, -27740.481822548132, -34752.380520389146, 0.062, 0.964, -0.148, 192.0, 0.0, 0.0, 0.0, 0.0, 0.0, 0.0, 0.0, 0.0, 0.0, 1.74102657389086E9, 0.0, 2025-03-03 12:29:33.890
63.0, -9688.989482997595, 1764.1337828795652, -25572.563776083443, -10467.947777265046, -167879.79517934265, -17028.40829234222, -27733.351616066888, -34744.69152029652, 0.062, 0.964, -0.148, 192.0, 0.0, 0.0, 0.0, 0.0, 0.0, 0.0, 0.0, 0.0, 0.0, 1.741026573890908E9, 0.0, 2025-03-03 12:29:33.890
64.0, -9699.047768002483, 1720.726695147359, -25580.76686629854, -10486.902056563147, -167915.02152860424, -17033.12451042229, -27740.77239522605, -34755.1521367016, 0.062, 0.968, -0.146, 192.0, 1.0, 240.0, 30.0, 64.0, 251.0, 112.0, 0.0, 0.0, 0.0, 1.741026573890947E9, 0.0, 2025-03-03 12:29:33.890
65.0, -9651.080924401394, 1765.3854805690623, -25572.831997016907, -10479.54833263735, -167909.47829597932, -17036.298458134945, -27744.192212127713, -34760.67301758206, 0.062, 0.968, -0.146, 192.0, 0.0, 0.0, 0.0, 0.0, 0.0, 0.0, 0.0, 0.0, 0.0, 1.74102657389098E9, 0.0, 2025-03-03 12:29:33.890
66.0, -9598.219048764593, 1846.9469960864778, -25565.701790535666, -10470.0711929883, -167873.31317345062, -17032.833937744374, -27736.413805057266, -34749.83242152124, 0.062, 0.968, -0.146, 192.0, 0.0, 0.0, 0.0, 0.0, 0.0, 0.0, 0.0, 0.0, 0.0, 1.741026573891007E9, 0.0, 2025-03-03 12:29:33.891
67.0, -9652.422029068712, 1801.5729548422046, -25578.129360452815, -10479.414222170619, -167877.8282258306, -17043.696885549653, -27739.00660741408, -34749.4524418655, 0.062, 0.968, -0.146, 192.0, 0.0, 0.0, 0.0, 0.0, 0.0, 0.0, 0.0, 0.0, 0.0, 1.741026573891034E9, 0.0, 2025-03-03 12:29:33.891
68.0, -9707.943762295696, 1741.9608523799006, -25580.833921531907, -10479.168352981611, -167908.67363317893, -17047.60844082933, -27741.755871982084, -34754.660398323584, 0.062, 0.968, -0.146, 192.0, 0.0, 0.0, 0.0, 0.0, 0.0, 0.0, 0.0, 0.0, 0.0, 1.741026573891064E9, 0.0, 2025-03-03 12:29:33.891
69.0, -9653.651375013755, 1766.4807160473724, -25573.837825517396, -10478.721318092505, -167896.15665628394, -17046.401446628744, -27744.68395050573, -34759.778947803854, 0.062, 0.968, -0.146, 192.0, 0.0, 0.0, 0.0, 0.0, 0.0, 0.0, 0.0, 0.0, 0.0, 1.741026573891091E9, 0.0, 2025-03-03 12:29:33.891
70.0, -9588.51839167099, 1836.6651936370367, -25565.232403902104, -10481.35882393823, -167862.20435645632, -17048.3236966519, -27739.58775276992, -34757.20849719149, 0.062, 0.968, -0.146, 192.0, 0.0, 0.0, 0.0, 0.0, 0.0, 0.0, 0.0, 0.0, 0.0, 1.741026573891117E9, 0.0, 2025-03-03 12:29:33.891
71.0, -9625.354066533335, 1799.1813181854866, -25568.294592892482, -10474.78741106837, -167864.4171791574, -17041.349952381846, -27734.49155503411, -34755.68857856853, 0.062, 0.968, -0.146, 192.0, 0.0, 0.0, 0.0, 0.0, 0.0, 0.0, 0.0, 0.0, 0.0, 1.741026573891148E9, 0.0, 2025-03-03 12:29:33.891
72.0, -9678.998253226073, 1720.883157358546, -25580.92332850973, -10488.332568208287, -167899.75528714125, -17045.172100683703, -27744.326322594443, -34767.84792755222, 0.062, 0.968, -0.146, 192.0, 0.0, 0.0, 0.0, 0.0, 0.0, 0.0, 0.0, 0.0, 0.0, 1.741026573891181E9, 0.0, 2025-03-03 12:29:33.891
73.0, -9669.141133921283, 1737.4905034888393, -25564.651258546266, -10477.06728900281, -167897.14013303997, -17043.518071594008, -27732.166973610758, -34747.53019184234, 0.062, 0.968, -0.146, 192.0, 0.0, 0.0, 0.0, 0.0, 0.0, 0.0, 0.0, 0.0, 0.0, 1.741026573891208E9, 0.0, 2025-03-03 12:29:33.891
74.0, -9599.940133087652, 1823.6564783640479, -25550.077921161406, -10474.295672690354, -167848.05570221614, -17031.76105401052, -27729.86474393186, -34746.88199125314, 0.06, 0.97, -0.148, 192.0, 1.0, 224.0, 30.0, 80.0, 251.0, 96.0, 0.0, 0.0, 0.0, 1.741026573891235E9, 0.0, 2025-03-03 12:29:33.891
75.0, -9618.581487963378, 1800.5671263417157, -25550.681418261698, -10454.044992213845, -167840.88079224597, -17031.09050167686, -27727.651921230787, -34747.9995784759, 0.06, 0.97, -0.148, 192.0, 0.0, 0.0, 0.0, 0.0, 0.0, 0.0, 0.0, 0.0, 0.0, 1.741026573949695E9, 0.0, 2025-03-03 12:29:33.949
76.0, -9692.319892921436, 1705.7957298512138, -25557.789272998485, -10457.218939926499, -167892.5803771711, -17033.437434844665, -27726.91431366376, -34751.7546715444, 0.06, 0.97, -0.148, 192.0, 0.0, 0.0, 0.0, 0.0, 0.0, 0.0, 0.0, 0.0, 0.0, 1.741026573949732E9, 0.0, 2025-03-03 12:29:33.949
77.0, -9685.971997496128, 1700.5430699042167, -25555.554098552955, -10469.802972054837, -167905.34322325507, -17032.923344722192, -27727.87543867534, -34763.466985638974, 0.06, 0.97, -0.148, 192.0, 0.0, 0.0, 0.0, 0.0, 0.0, 0.0, 0.0, 0.0, 0.0, 1.741026573949759E9, 0.0, 2025-03-03 12:29:33.949
78.0, -9608.165575047204, 1787.4243006019951, -25550.659066517244, -10479.749498337449, -167849.84384177256, -17043.451016360643, -27735.07270038995, -34760.78477630434, 0.06, 0.97, -0.148, 192.0, 0.0, 0.0, 0.0, 0.0, 0.0, 0.0, 0.0, 0.0, 0.0, 1.7410265739498E9, 0.0, 2025-03-03 12:29:33.949
79.0, -9600.320112743391, 1815.3192776822184, -25543.528860036, -10475.860294802225, -167807.1520098629, -17041.059379703926, -27727.383700297323, -34750.01123547688, 0.06, 0.97, -0.148, 192.0, 0.0, 0.0, 0.0, 0.0, 0.0, 0.0, 0.0, 0.0, 0.0, 1.741026573949839E9, 0.0, 2025-03-03 12:29:33.949
80.0, -9677.970072981128, 1722.492482959328, -25555.06236017494, -10490.254818231442, -167848.25686791624, -17048.010772229525, -27731.63053174383, -34762.371750160666, 0.06, 0.97, -0.148, 192.0, 0.0, 0.0, 0.0, 0.0, 0.0, 0.0, 0.0, 0.0, 0.0, 1.741026573949873E9, 0.0, 2025-03-03 12:29:33.949
81.0, -9697.460794146156, 1705.5051571732947, -25560.918517222228, -10498.144984024166, -167868.75341758173, -17055.833882788884, -27737.933723680228, -34775.20165147801, 0.06, 0.97, -0.148, 192.0, 0.0, 0.0, 0.0, 0.0, 0.0, 0.0, 0.0, 0.0, 0.0, 1.741026573949899E9, 0.0, 2025-03-03 12:29:33.949
82.0, -9634.361819548825, 1772.1804108834758, -25543.39474956927, -10484.689233862071, -167867.6805338479, -17049.106007707836, -27734.67036898975, -34763.3552269167, 0.06, 0.97, -0.148, 192.0, 0.0, 0.0, 0.0, 0.0, 0.0, 0.0, 0.0, 0.0, 0.0, 1.741026573949928E9, 0.0, 2025-03-03 12:29:33.949
83.0, -9600.14129878775, 1822.494187652372, -25554.86119447484, -10490.545390909361, -167844.03238821417, -17049.061304218925, -27738.33605508042, -34764.58457286174, 0.06, 0.97, -0.148, 192.0, 0.0, 0.0, 0.0, 0.0, 0.0, 0.0, 0.0, 0.0, 0.0, 1.741026573949959E9, 0.0, 2025-03-03 12:29:33.949
84.0, -9662.703831518154, 1750.8121431842021, -25554.369456096825, -10480.308291948832, -167883.4385136889, -17035.60555405683, -27731.451717788186, -34761.12005247117, 0.06, 0.974, -0.156, 192.0, 1.0, 224.0, 30.0, 112.0, 251.0, 32.0, 0.0, 0.0, 0.0, 1.741026573949986E9, 0.0, 2025-03-03 12:29:33.949
85.0, -9673.522075834522, 1725.2640992717863, -25557.945735209672, -10476.821419813803, -167911.75817391375, -17047.116702451312, -27740.794746970507, -34770.35132293121, 0.06, 0.974, -0.156, 192.0, 0.0, 0.0, 0.0, 0.0, 0.0, 0.0, 0.0, 0.0, 0.0, 1.741026573950027E9, 0.0, 2025-03-03 12:29:33.950
86.0, -9641.782598707987, 1772.4262800724841, -25563.556023067955, -10489.807783342336, -167913.2333890478, -17043.920402994205, -27747.656732518284, -34782.443616681536, 0.06, 0.974, -0.156, 192.0, 0.0, 0.0, 0.0, 0.0, 0.0, 0.0, 0.0, 0.0, 0.0, 1.741026573950073E9, 0.0, 2025-03-03 12:29:33.950
87.0, -9602.957618589118, 1853.6972229119806, -25574.888357506796, -10493.831097344291, -167838.84678350054, -17053.84457753236, -27753.95992445468, -34786.757503361405, 0.06, 0.974, -0.156, 192.0, 0.0, 0.0, 0.0, 0.0, 0.0, 0.0, 0.0, 0.0, 0.0, 1.741026573950105E9, 0.0, 2025-03-03 12:29:33.950
88.0, -9673.857352001352, 1776.3154836077076, -25567.914613236742, -10459.744687049948, -167866.94292628087, -17031.582240054875, -27738.000778913593, -34769.30079094181, 0.06, 0.974, -0.156, 192.0, 0.0, 0.0, 0.0, 0.0, 0.0, 0.0, 0.0, 0.0, 0.0, 1.741026573950135E9, 0.0, 2025-03-03 12:29:33.950
89.0, -9684.072099217427, 1728.7509714068142, -25566.059418446952, -10464.013870240911, -167907.22076978933, -17016.89714394774, -27740.794746970507, -34768.384369419146, 0.06, 0.974, -0.156, 192.0, 0.0, 0.0, 0.0, 0.0, 0.0, 0.0, 0.0, 0.0, 0.0, 1.741026573950162E9, 0.0, 2025-03-03 12:29:33.950
90.0, -9659.082848916394, 1751.0580123732107, -25580.36453489835, -10488.153754252644, -167914.37332801503, -17030.2187836431, -27758.810253001484, -34785.304639971815, 0.06, 0.974, -0.156, 192.0, 0.0, 0.0, 0.0, 0.0, 0.0, 0.0, 0.0, 0.0, 0.0, 1.741026574009993E9, 0.0, 2025-03-03 12:29:34.009
91.0, -9603.47170871159, 1836.4416761924836, -25570.30624989346, -10480.621216371204, -167863.74662682376, -17041.1711384262, -27754.4516628327, -34786.198709750024, 0.06, 0.974, -0.156, 192.0, 0.0, 0.0, 0.0, 0.0, 0.0, 0.0, 0.0, 0.0, 0.0, 1.74102657401003E9, 0.0, 2025-03-03 12:29:34.010
92.0, -9658.948738449662, 1783.7362627668695, -25568.741627781586, -10470.294710432854, -167889.65229864744, -17042.288725648967, -27746.717959251164, -34782.577727148266, 0.06, 0.974, -0.156, 192.0, 0.0, 0.0, 0.0, 0.0, 0.0, 0.0, 0.0, 0.0, 0.0, 1.741026574010056E9, 0.0, 2025-03-03 12:29:34.010
93.0, -9678.059479958949, 1731.3661255080851, -25568.80868301495, -10477.961358781024, -167916.11676408254, -17042.98162972708, -27748.036712174027, -34787.539814417345, 0.06, 0.974, -0.156, 192.0, 0.0, 0.0, 0.0, 0.0, 0.0, 0.0, 0.0, 0.0, 0.0, 1.741026574010083E9, 0.0, 2025-03-03 12:29:34.010
94.0, -9653.293747102469, 1757.629425243071, -25565.075941690917, -10474.765059323914, -167895.50845569474, -17041.528766337487, -27749.936610452725, -34792.79247436434, 0.058, 0.97, -0.152, 192.0, 1.0, 208.0, 30.0, 80.0, 251.0, 64.0, 0.0, 0.0, 0.0, 1.741026574010137E9, 0.0, 2025-03-03 12:29:34.010
95.0, -9606.846822124342, 1827.2327574768972, -25560.493834077577, -10471.255835444432, -167865.0206762577, -17042.4228361157, -27745.98035168414, -34793.820654609284, 0.058, 0.97, -0.152, 192.0, 0.0, 0.0, 0.0, 0.0, 0.0, 0.0, 0.0, 0.0, 0.0, 1.74102657401017E9, 0.0, 2025-03-03 12:29:34.010
96.0, -9646.699982488153, 1797.1473094400537, -25567.311116136447, -10476.620254113705, -167876.04008627418, -17042.959277982627, -27742.4487760602, -34782.98005854846, 0.058, 0.97, -0.152, 192.0, 0.0, 0.0, 0.0, 0.0, 0.0, 0.0, 0.0, 0.0, 0.0, 1.7410265740102E9, 0.0, 2025-03-03 12:29:34.010
97.0, -9702.44523315969, 1725.3535062496076, -25575.804779029462, -10489.830135086791, -167910.66293843545, -17043.361609382824, -27744.013398172072, -34776.18512823404, 0.058, 0.97, -0.152, 192.0, 0.0, 0.0, 0.0, 0.0, 0.0, 0.0, 0.0, 0.0, 0.0, 1.741026574010226E9, 0.0, 2025-03-03 12:29:34.010
98.0, -9715.096320521394, 1731.433180741451, -25573.904880750764, -10475.346204679752, -167922.19643857438, -17037.41604535771, -27738.53722078052, -34772.76531133238, 0.058, 0.97, -0.152, 192.0, 0.0, 0.0, 0.0, 0.0, 0.0, 0.0, 0.0, 0.0, 0.0, 1.741026574010256E9, 0.0, 2025-03-03 12:29:34.010
99.0, -9637.111084116827, 1804.8139577882241, -25560.940868966685, -10465.779658052881, -167908.80774364565, -17030.4199493432, -27735.318569578954, -34765.657456595596, 0.058, 0.97, -0.152, 192.0, 0.0, 0.0, 0.0, 0.0, 0.0, 0.0, 0.0, 0.0, 0.0, 1.741026574010284E9, 0.0, 2025-03-03 12:29:34.010
100.0, -9632.171348592205, 1809.5078241238386, -25577.034124974507, -10487.88553331918, -167878.94581305335, -17035.963181968116, -27744.72865399464, -34773.88289855515, 0.058, 0.97, -0.152, 192.0, 0.0, 0.0, 0.0, 0.0, 0.0, 0.0, 0.0, 0.0, 0.0, 1.741026574010314E9, 0.0, 2025-03-03 12:29:34.010
101.0, -9694.890343533796, 1725.9793550943562, -25579.381058142313, -10483.728108850493, -167909.38888900148, -17033.07980693338, -27743.901639449792, -34769.88193629765, 0.058, 0.97, -0.152, 192.0, 0.0, 0.0, 0.0, 0.0, 0.0, 0.0, 0.0, 0.0, 0.0, 1.74102657401034E9, 0.0, 2025-03-03 12:29:34.010
102.0, -9696.991407512594, 1711.3166107316747, -25576.788255785497, -10471.032317999878, -167936.5462585147, -17029.28001037598, -27745.15333713929, -34769.52430838637, 0.058, 0.97, -0.152, 192.0, 0.0, 0.0, 0.0, 0.0, 0.0, 0.0, 0.0, 0.0, 0.0, 1.741026574010375E9, 0.0, 2025-03-03 12:29:34.010
103.0, -9638.206319595138, 1789.368902369607, -25572.854348761364, -10468.037184242867, -167893.80972311614, -17024.675551018187, -27746.472090062154, -34774.15111948861, 0.058, 0.97, -0.152, 192.0, 0.0, 0.0, 0.0, 0.0, 0.0, 0.0, 0.0, 0.0, 0.0, 1.741026574010411E9, 0.0, 2025-03-03 12:29:34.010
104.0, -9647.705810988642, 1811.6312398470927, -25579.761037798053, -10472.529884878384, -167855.8117575421, -17026.642504530253, -27750.607162786386, -34777.682695112555, 0.062, 0.974, -0.152, 192.0, 1.0, 240.0, 30.0, 112.0, 251.0, 64.0, 0.0, 0.0, 0.0, 1.741026574010438E9, 0.0, 2025-03-03 12:29:34.010
105.0, -9715.230430988126, 1718.9609073353897, -25584.767828556043, -10479.54833263735, -167895.39669697246, -17032.94569646665, -27755.68100877774, -34781.61660213669, 0.062, 0.974, -0.152, 192.0, 0.0, 0.0, 0.0, 0.0, 0.0, 0.0, 0.0, 0.0, 0.0, 1.741026574070271E9, 0.0, 2025-03-03 12:29:34.070
106.0, -9703.808689571464, 1703.1805757499428, -25566.417046358234, -10469.557102865829, -167936.21098234787, -17025.591972540853, -27746.606200528888, -34770.038398508834, 0.062, 0.974, -0.152, 192.0, 0.0, 0.0, 0.0, 0.0, 0.0, 0.0, 0.0, 0.0, 0.0, 1.741026574070312E9, 0.0, 2025-03-03 12:29:34.070
107.0, -9629.556194490933, 1799.4718908634056, -25555.28587761949, -10478.810725070325, -167893.72031613832, -17025.055530673926, -27748.662561018773, -34769.61371536418, 0.062, 0.974, -0.152, 192.0, 0.0, 0.0, 0.0, 0.0, 0.0, 0.0, 0.0, 0.0, 0.0, 1.741026574070341E9, 0.0, 2025-03-03 12:29:34.070
108.0, -9603.248191267037, 1851.8643798666455, -25559.890336977285, -10485.985635040479, -167860.6173826, -17032.856289488827, -27748.103767407392, -34786.064599283294, 0.062, 0.974, -0.152, 192.0, 0.0, 0.0, 0.0, 0.0, 0.0, 0.0, 0.0, 0.0, 0.0, 1.741026574070373E9, 0.0, 2025-03-03 12:29:34.070
109.0, -9673.745593279076, 1769.2970358487412, -25565.29945913547, -10475.614425613216, -167902.41514473144, -17033.75035926704, -27746.427386573243, -34781.661305625596, 0.062, 0.974, -0.152, 192.0, 0.0, 0.0, 0.0, 0.0, 0.0, 0.0, 0.0, 0.0, 0.0, 1.74102657407042E9, 0.0, 2025-03-03 12:29:34.070
110.0, -9687.514267863544, 1737.8704831445793, -25559.845633488374, -10469.98178601048, -167938.37910156, -17019.288780604456, -27745.57802028394, -34765.47864263995, 0.062, 0.974, -0.152, 192.0, 0.0, 0.0, 0.0, 0.0, 0.0, 0.0, 0.0, 0.0, 0.0, 1.741026574070458E9, 0.0, 2025-03-03 12:29:34.070
111.0, -9628.885642157275, 1795.8062047727353, -25559.95739221065, -10476.419088413608, -167921.637644963, -17021.881582961272, -27751.948267453703, -34782.82359633727, 0.062, 0.974, -0.152, 192.0, 0.0, 0.0, 0.0, 0.0, 0.0, 0.0, 0.0, 0.0, 0.0, 1.741026574070488E9, 0.0, 2025-03-03 12:29:34.070
112.0, -9599.135470287261, 1869.4775544974275, -25566.037066702494, -10481.31412044932, -167862.6737430899, -17028.520051064497, -27753.065854676468, -34780.4096079361, 0.062, 0.974, -0.152, 192.0, 0.0, 0.0, 0.0, 0.0, 0.0, 0.0, 0.0, 0.0, 0.0, 1.741026574070515E9, 0.0, 2025-03-03 12:29:34.070
113.0, -9680.741689293587, 1786.1502511680426, -25576.83295927441, -10485.024510028901, -167894.90495859444, -17038.399522113745, -27751.05419767549, -34788.74680861793, 0.062, 0.974, -0.152, 192.0, 0.0, 0.0, 0.0, 0.0, 0.0, 0.0, 0.0, 0.0, 0.0, 1.741026574070544E9, 0.0, 2025-03-03 12:29:34.070
114.0, -9709.821308829942, 1720.9949160808226, -25578.889319764297, -10491.84179208777, -167954.60646803456, -17038.980667469583, -27753.49053782112, -34792.144273775135, 0.058, 0.972, -0.152, 192.0, 1.0, 208.0, 30.0, 96.0, 251.0, 64.0, 0.0, 0.0, 0.0, 1.741026574070571E9, 0.0, 2025-03-03 12:29:34.070
115.0, -9660.96039545064, 1759.9763584108782, -25567.19935741417, -10481.962321038523, -167956.8416424801, -17024.966123696104, -27749.556630796986, -34773.99465727743, 0.058, 0.972, -0.152, 192.0, 0.0, 0.0, 0.0, 0.0, 0.0, 0.0, 0.0, 0.0, 0.0, 1.7410265740706E9, 0.0, 2025-03-03 12:29:34.070
116.0, -9611.18306054867, 1841.359059972651, -25564.181871912704, -10484.421012928608, -167921.3247205406, -17026.12841440778, -27745.041578417015, -34762.88584028314, 0.058, 0.972, -0.152, 192.0, 0.0, 0.0, 0.0, 0.0, 0.0, 0.0, 0.0, 0.0, 0.0, 1.741026574070626E9, 0.0, 2025-03-03 12:29:34.070
117.0, -9651.684421501688, 1801.461196119928, -25584.030220989018, -10501.296579992364, -167911.17702855793, -17042.333429137878, -27757.625610545354, -34781.34838120322, 0.058, 0.972, -0.152, 192.0, 0.0, 0.0, 0.0, 0.0, 0.0, 0.0, 0.0, 0.0, 0.0, 1.74102657407066E9, 0.0, 2025-03-03 12:29:34.070
118.0, -9715.051617032483, 1718.5809276796494, -25581.34801165438, -10488.936065308579, -167968.12927343004, -17048.14488269626, -27751.389473842322, -34783.047113781824, 0.058, 0.972, -0.152, 192.0, 0.0, 0.0, 0.0, 0.0, 0.0, 0.0, 0.0, 0.0, 0.0, 1.74102657407069E9, 0.0, 2025-03-03 12:29:34.070
119.0, -9678.282997403503, 1742.8325704136575, -25574.798950528973, -10478.967187281512, -167979.64042182453, -17035.98553371257, -27749.82485173045, -34782.153044003615, 0.058, 0.972, -0.152, 192.0, 0.0, 0.0, 0.0, 0.0, 0.0, 0.0, 0.0, 0.0, 0.0, 1.741026574070718E9, 0.0, 2025-03-03 12:29:34.070
120.0, -9610.400749492735, 1837.3357459706958, -25573.055514461463, -10486.812649585325, -167929.99719738928, -17035.404388356732, -27759.436101846233, -34791.227852252465, 0.058, 0.972, -0.152, 192.0, 0.0, 0.0, 0.0, 0.0, 0.0, 0.0, 0.0, 0.0, 0.0, 1.741026574130571E9, 0.0, 2025-03-03 12:29:34.130
121.0, -9634.138302104271, 1819.3425916841736, -25562.572546311923, -10481.78350708288, -167921.2353135628, -17036.85725174633, -27748.841374974418, -34780.11903525818, 0.058, 0.972, -0.152, 192.0, 0.0, 0.0, 0.0, 0.0, 0.0, 0.0, 0.0, 0.0, 0.0, 1.741026574130609E9, 0.0, 2025-03-03 12:29:34.130
122.0, -9689.72709056462, 1733.690706931437, -25569.546290581977, -10475.569722124306, -167985.96596550537, -17033.169213911202, -27753.267020376567, -34784.2094044935, 0.058, 0.972, -0.152, 192.0, 0.0, 0.0, 0.0, 0.0, 0.0, 0.0, 0.0, 0.0, 0.0, 1.741026574130637E9, 0.0, 2025-03-03 12:29:34.130
123.0, -9677.500686347566, 1738.0492971002218, -25570.753284782564, -10473.423954656597, -168008.1612477495, -17036.074940690392, -27758.765549512573, -34788.92562257357, 0.058, 0.972, -0.152, 192.0, 0.0, 0.0, 0.0, 0.0, 0.0, 0.0, 0.0, 0.0, 0.0, 1.741026574130664E9, 0.0, 2025-03-03 12:29:34.130
124.0, -9592.51935392849, 1841.7390396283913, -25562.72900852311, -10473.043975000855, -167943.76587197374, -17034.823243000894, -27760.888965235827, -34793.86535809819, 0.056, 0.968, -0.152, 192.0, 1.0, 192.0, 30.0, 64.0, 251.0, 64.0, 0.0, 0.0, 0.0, 1.74102657413071E9, 0.0, 2025-03-03 12:29:34.130
125.0, -9610.646618681743, 1846.6787751530142, -25564.67361029072, -10473.78158256788, -167916.00500536026, -17039.003019214037, -27754.02697968805, -34793.17245402008, 0.056, 0.968, -0.152, 192.0, 0.0, 0.0, 0.0, 0.0, 0.0, 0.0, 0.0, 0.0, 0.0, 1.741026574130749E9, 0.0, 2025-03-03 12:29:34.130
126.0, -9688.29657891948, 1748.0852303606548, -25571.513244094043, -10472.105201733733, -167974.56657583316, -17034.37620811179, -27751.12125290886, -34791.02668655237, 0.056, 0.968, -0.152, 192.0, 0.0, 0.0, 0.0, 0.0, 0.0, 0.0, 0.0, 0.0, 0.0, 1.741026574130783E9, 0.0, 2025-03-03 12:29:34.130
127.0, -9682.52982885001, 1742.5867012246492, -25566.39469461378, -10467.388983653664, -168002.39449768, -17030.196431898647, -27752.618819787363, -34789.909099329605, 0.056, 0.968, -0.152, 192.0, 0.0, 0.0, 0.0, 0.0, 0.0, 0.0, 0.0, 0.0, 0.0, 1.741026574130812E9, 0.0, 2025-03-03 12:29:34.130
128.0, -9621.442511253657, 1823.365905686129, -25568.696924292675, -10473.513361634417, -167962.54133731622, -17040.90291749274, -27763.59352631492, -34801.21908202399, 0.056, 0.968, -0.152, 192.0, 0.0, 0.0, 0.0, 0.0, 0.0, 0.0, 0.0, 0.0, 0.0, 1.741026574130838E9, 0.0, 2025-03-03 12:29:34.130
129.0, -9612.345351260346, 1852.0208420778326, -25579.693982564688, -10485.449193173552, -167924.65513046447, -17046.200280928646, -27770.343753140423, -34809.6680414281, 0.056, 0.968, -0.152, 192.0, 0.0, 0.0, 0.0, 0.0, 0.0, 0.0, 0.0, 0.0, 0.0, 1.741026574130869E9, 0.0, 2025-03-03 12:29:34.130
130.0, -9694.197439455682, 1761.4515735449284, -25584.63371808931, -10497.809707857336, -167964.150662917, -17048.435455374176, -27767.818006016973, -34808.08106757177, 0.056, 0.968, -0.152, 192.0, 0.0, 0.0, 0.0, 0.0, 0.0, 0.0, 0.0, 0.0, 0.0, 1.7410265741309E9, 0.0, 2025-03-03 12:29:34.130
131.0, -9693.549238866477, 1744.7101169479033, -25579.045781975485, -10488.198457741555, -167971.54909033168, -17035.873774990294, -27770.2543461626, -34812.014974595906, 0.056, 0.968, -0.152, 192.0, 0.0, 0.0, 0.0, 0.0, 0.0, 0.0, 0.0, 0.0, 0.0, 1.741026574130926E9, 0.0, 2025-03-03 12:29:34.130
132.0, -9678.953549737162, 1795.7615012838248, -25581.660936076754, -10503.777623626904, -167965.46941583985, -17049.66480131922, -27772.467168863677, -34817.64761419864, 0.056, 0.968, -0.152, 192.0, 0.0, 0.0, 0.0, 0.0, 0.0, 0.0, 0.0, 0.0, 0.0, 1.741026574130956E9, 0.0, 2025-03-03 12:29:34.130
133.0, -9621.91189788722, 1854.6136444346482, -25557.811624742943, -10480.420050671108, -167933.99815964678, -17035.314981378913, -27754.272848877055, -34792.85952959771, 0.056, 0.968, -0.152, 192.0, 0.0, 0.0, 0.0, 0.0, 0.0, 0.0, 0.0, 0.0, 0.0, 1.74102657413099E9, 0.0, 2025-03-03 12:29:34.130
134.0, -9665.140171663783, 1778.4836028198724, -25560.493834077577, -10479.21305647052, -167958.7415407588, -17036.99136221306, -27754.853994232893, -34795.69820114353, 0.054, 0.972, -0.152, 192.0, 1.0, 176.0, 30.0, 96.0, 251.0, 64.0, 0.0, 0.0, 0.0, 1.741026574131016E9, 0.0, 2025-03-03 12:29:34.131
135.0, -9690.308235920458, 1732.9978028533226, -25563.198395156673, -10488.26551297492, -167990.1010382296, -17040.075902947894, -27756.977409956147, -34803.186035536055, 0.054, 0.972, -0.152, 192.0, 0.0, 0.0, 0.0, 0.0, 0.0, 0.0, 0.0, 0.0, 0.0, 1.741026574190772E9, 0.0, 2025-03-03 12:29:34.190
136.0, -9663.575549551912, 1766.458364302917, -25564.315982379438, -10495.351015967253, -167992.7385440753, -17040.1206064368, -27759.145529168312, -34807.47757047148, 0.054, 0.972, -0.152, 192.0, 0.0, 0.0, 0.0, 0.0, 0.0, 0.0, 0.0, 0.0, 0.0, 1.741026574190809E9, 0.0, 2025-03-03 12:29:34.190
137.0, -9627.94686889015, 1836.5534349147601, -25563.06428468994, -10500.31310323633, -167946.62689526402, -17042.691057049164, -27764.86757574887, -34811.76910540689, 0.054, 0.972, -0.152, 192.0, 0.0, 0.0, 0.0, 0.0, 0.0, 0.0, 0.0, 0.0, 0.0, 1.741026574190836E9, 0.0, 2025-03-03 12:29:34.190
138.0, -9675.176104924216, 1783.0880621776655, -25561.074979433415, -10491.305350220842, -167951.32076159964, -17036.79019651296, -27758.430273345744, -34808.014012338404, 0.054, 0.972, -0.152, 192.0, 0.0, 0.0, 0.0, 0.0, 0.0, 0.0, 0.0, 0.0, 0.0, 1.741026574190862E9, 0.0, 2025-03-03 12:29:34.190
139.0, -9712.190593742203, 1730.62851794106, -25576.341220896393, -10502.74944338196, -167974.05248571068, -17048.79308328546, -27768.667372306274, -34827.99647188145, 0.054, 0.972, -0.152, 192.0, 0.0, 0.0, 0.0, 0.0, 0.0, 0.0, 0.0, 0.0, 0.0, 1.741026574190908E9, 0.0, 2025-03-03 12:29:34.190
140.0, -9683.15567769476, 1759.1493438660318, -25579.224595931126, -10504.626989916205, -167963.01072394976, -17041.70758029313, -27772.3554101414, -34819.74867817744, 0.054, 0.972, -0.152, 192.0, 0.0, 0.0, 0.0, 0.0, 0.0, 0.0, 0.0, 0.0, 0.0, 1.741026574190944E9, 0.0, 2025-03-03 12:29:34.190
141.0, -9637.28989807247, 1830.2502429783635, -25581.30330816547, -10508.247972517966, -167928.25376132177, -17055.18568219968, -27773.025962475058, -34821.782686922874, 0.054, 0.972, -0.152, 192.0, 0.0, 0.0, 0.0, 0.0, 0.0, 0.0, 0.0, 0.0, 0.0, 1.741026574190978E9, 0.0, 2025-03-03 12:29:34.190
142.0, -9679.86997125983, 1798.846042018657, -25581.280956421015, -10479.861257059725, -167922.86699090805, -17038.33246688038, -27771.08136070745, -34819.32399503279, 0.054, 0.972, -0.152, 192.0, 0.0, 0.0, 0.0, 0.0, 0.0, 0.0, 0.0, 0.0, 0.0, 1.741026574191003E9, 0.0, 2025-03-03 12:29:34.191
143.0, -9725.758102626574, 1729.4215237404733, -25571.49089234959, -10459.856445772224, -167984.8483782826, -17018.70763524862, -27760.82191000246, -34800.23560526795, 0.054, 0.972, -0.152, 192.0, 0.0, 0.0, 0.0, 0.0, 0.0, 0.0, 0.0, 0.0, 0.0, 1.741026574191029E9, 0.0, 2025-03-03 12:29:34.191
144.0, -9693.079852232917, 1749.7616111948028, -25580.655107576265, -10479.749498337449, -167996.76185807728, -17029.168251653704, -27770.768436285074, -34801.75552389092, 0.052000000000000005, 0.974, -0.156, 192.0, 1.0, 160.0, 30.0, 112.0, 251.0, 32.0, 0.0, 0.0, 0.0, 1.741026574191059E9, 0.0, 2025-03-03 12:29:34.191
145.0, -9621.28604904247, 1843.4377722069946, -25589.59580535839, -10495.060443289334, -167934.22167709132, -17039.71827503661, -27781.251404434614, -34815.05481184182, 0.052000000000000005, 0.974, -0.156, 192.0, 0.0, 0.0, 0.0, 0.0, 0.0, 0.0, 0.0, 0.0, 0.0, 1.741026574191088E9, 0.0, 2025-03-03 12:29:34.191
146.0, -9671.465715344633, 1800.0306844747884, -25593.172084471236, -10487.863181574725, -167946.42572956393, -17035.404388356732, -27775.55170959851, -34813.22196879649, 0.052000000000000005, 0.974, -0.156, 192.0, 0.0, 0.0, 0.0, 0.0, 0.0, 0.0, 0.0, 0.0, 0.0, 1.741026574191114E9, 0.0, 2025-03-03 12:29:34.191
147.0, -9739.794998144507, 1721.8666341145795, -25596.122514739338, -10490.992425798468, -167996.158360977, -17045.373266383802, -27780.558500356496, -34824.17432357959, 0.052000000000000005, 0.974, -0.156, 192.0, 0.0, 0.0, 0.0, 0.0, 0.0, 0.0, 0.0, 0.0, 0.0, 1.741026574191145E9, 0.0, 2025-03-03 12:29:34.191
148.0, -9722.092416535905, 1727.0969423171214, -25594.244968205094, -10493.40641419964, -168018.7112711324, -17051.60940308683, -27782.21252944619, -34828.51056200392, 0.052000000000000005, 0.974, -0.156, 192.0, 0.0, 0.0, 0.0, 0.0, 0.0, 0.0, 0.0, 0.0, 0.0, 1.741026574191175E9, 0.0, 2025-03-03 12:29:34.191
149.0, -9640.665011485222, 1819.655516106548, -25590.936910025706, -10486.477373418496, -167977.6958200569, -17050.55887109743, -27782.883081779848, -34820.97802412248, 0.052000000000000005, 0.974, -0.156, 192.0, 0.0, 0.0, 0.0, 0.0, 0.0, 0.0, 0.0, 0.0, 0.0, 1.741026574191204E9, 0.0, 2025-03-03 12:29:34.191
150.0, -9633.512453259524, 1841.202597761464, -25578.263470919548, -10479.749498337449, -167944.12349988503, -17040.388827370265, -27773.182424686245, -34815.79241940885, 0.052000000000000005, 0.974, -0.156, 192.0, 0.0, 0.0, 0.0, 0.0, 0.0, 0.0, 0.0, 0.0, 0.0, 1.741026574251627E9, 0.0, 2025-03-03 12:29:34.251
151.0, -9696.879648790318, 1757.5847217541602, -25582.19737794368, -10477.06728900281, -167988.6034713511, -17044.769769283506, -27774.50117760911, -34822.81086716782, 0.052000000000000005, 0.974, -0.156, 192.0, 0.0, 0.0, 0.0, 0.0, 0.0, 0.0, 0.0, 0.0, 0.0, 1.741026574251665E9, 0.0, 2025-03-03 12:29:34.251
152.0, -9694.15273596677, 1745.4924280038392, -25584.164331455748, -10480.55416113784, -168013.1680385075, -17047.228461173592, -27774.88115726485, -34824.84487591325, 0.052000000000000005, 0.974, -0.156, 192.0, 0.0, 0.0, 0.0, 0.0, 0.0, 0.0, 0.0, 0.0, 0.0, 1.741026574251697E9, 0.0, 2025-03-03 12:29:34.251
153.0, -9662.01092744004, 1813.7099520814363, -25600.346994441392, -10501.475393948007, -167978.99222123533, -17059.90190027975, -27790.16975047228, -34839.66408248712, 0.052000000000000005, 0.974, -0.156, 192.0, 0.0, 0.0, 0.0, 0.0, 0.0, 0.0, 0.0, 0.0, 0.0, 1.741026574251724E9, 0.0, 2025-03-03 12:29:34.251
154.0, -9657.831151226897, 1851.3726414886287, -25583.382020399815, -10489.539562408872, -167935.47337478082, -17045.194452428157, -27772.556575841496, -34826.051870113835, 0.054, 0.976, -0.154, 192.0, 1.0, 176.0, 30.0, 128.0, 251.0, 48.0, 0.0, 0.0, 0.0, 1.74102657425175E9, 0.0, 2025-03-03 12:29:34.251
155.0, -9728.552070683489, 1749.6722042169815, -25586.175988456725, -10488.667844375115, -167986.41300039447, -17038.08659769137, -27768.22033741717, -34820.4192305111, 0.054, 0.976, -0.154, 192.0, 0.0, 0.0, 0.0, 0.0, 0.0, 0.0, 0.0, 0.0, 0.0, 1.741026574251815E9, 0.0, 2025-03-03 12:29:34.251
156.0, -9743.25951853508, 1721.5090062032946, -25588.34410766889, -10507.152737039654, -168018.73362287684, -17042.4228361157, -27777.49631136612, -34833.58440799527, 0.054, 0.976, -0.154, 192.0, 0.0, 0.0, 0.0, 0.0, 0.0, 0.0, 0.0, 0.0, 0.0, 1.741026574251846E9, 0.0, 2025-03-03 12:29:34.251
157.0, -9657.562930293434, 1805.1939374439644, -25589.21582570265, -10502.950609082058, -167975.97473573385, -17053.397542643255, -27788.269852193578, -34838.36768130871, 0.054, 0.976, -0.154, 192.0, 0.0, 0.0, 0.0, 0.0, 0.0, 0.0, 0.0, 0.0, 0.0, 1.741026574251876E9, 0.0, 2025-03-03 12:29:34.251
158.0, -9625.935211889173, 1867.5106009853605, -25587.248872190583, -10499.55314392485, -167913.36749951454, -17053.75517055454, -27788.73923882714, -34838.18886735307, 0.054, 0.976, -0.154, 192.0, 0.0, 0.0, 0.0, 0.0, 0.0, 0.0, 0.0, 0.0, 0.0, 1.741026574251902E9, 0.0, 2025-03-03 12:29:34.251
159.0, -9708.860183818362, 1770.7946027272467, -25580.76686629854, -10493.585228155283, -167964.57534606164, -17048.726028052097, -27781.07259047897, -34838.39003305317, 0.054, 0.976, -0.154, 192.0, 0.0, 0.0, 0.0, 0.0, 0.0, 0.0, 0.0, 0.0, 0.0, 1.741026574251932E9, 0.0, 2025-03-03 12:29:34.251
160.0, -9717.733826367119, 1731.0532010857107, -25581.549177354478, -10492.154716510144, -168007.3118814602, -17046.535557095474, -27787.97927951566, -34836.35602430773, 0.054, 0.976, -0.154, 192.0, 0.0, 0.0, 0.0, 0.0, 0.0, 0.0, 0.0, 0.0, 0.0, 1.741026574251959E9, 0.0, 2025-03-03 12:29:34.251
161.0, -9683.356843394857, 1790.3300273811851, -25584.968994256138, -10501.989484070478, -167969.69389554192, -17055.431551388687, -27795.377706930365, -34844.49205928946, 0.054, 0.976, -0.154, 192.0, 0.0, 0.0, 0.0, 0.0, 0.0, 0.0, 0.0, 0.0, 0.0, 1.741026574251986E9, 0.0, 2025-03-03 12:29:34.251
162.0, -9648.398715066758, 1853.071374067232, -25577.25764241906, -10498.860239846736, -167931.5394677567, -17051.587051342376, -27790.013288261092, -34848.56007678033, 0.054, 0.976, -0.154, 192.0, 0.0, 0.0, 0.0, 0.0, 0.0, 0.0, 0.0, 0.0, 0.0, 1.741026574252012E9, 0.0, 2025-03-03 12:29:34.252
163.0, -9690.06236673145, 1794.0404169607662, -25583.426723888722, -10489.114879264222, -167939.67550273842, -17044.568603583408, -27793.433105162756, -34848.493021546965, 0.054, 0.976, -0.154, 192.0, 0.0, 0.0, 0.0, 0.0, 0.0, 0.0, 0.0, 0.0, 0.0, 1.741026574252045E9, 0.0, 2025-03-03 12:29:34.252
164.0, -9730.854300362385, 1734.0259830982666, -25590.981613514617, -10497.65324564615, -167976.68999155643, -17049.217766430113, -27793.053125507013, -34842.88273368868, 0.056, 0.972, -0.152, 192.0, 1.0, 192.0, 30.0, 96.0, 251.0, 64.0, 0.0, 0.0, 0.0, 1.741026574252076E9, 0.0, 2025-03-03 12:29:34.252
165.0, -9693.660997588755, 1770.012291671311, -25571.759113283053, -10492.311178721331, -167979.12633170205, -17044.121568694303, -27782.748971313118, -34832.958559150524, 0.056, 0.972, -0.152, 192.0, 0.0, 0.0, 0.0, 0.0, 0.0, 0.0, 0.0, 0.0, 0.0, 1.741026574310526E9, 0.0, 2025-03-03 12:29:34.310
166.0, -9639.390962051268, 1854.0995543121762, -25581.415066887745, -10500.961303825534, -167923.89517115298, -17056.19151070017, -27794.036602263048, -34846.34725407926, 0.056, 0.972, -0.152, 192.0, 0.0, 0.0, 0.0, 0.0, 0.0, 0.0, 0.0, 0.0, 0.0, 1.741026574310577E9, 0.0, 2025-03-03 12:29:34.310
167.0, -9694.800936555976, 1805.9315450109893, -25584.030220989018, -10498.234391001986, -167932.65705497947, -17060.41599040222, -27787.64400334883, -34846.50371629044, 0.056, 0.972, -0.152, 192.0, 0.0, 0.0, 0.0, 0.0, 0.0, 0.0, 0.0, 0.0, 0.0, 1.741026574310605E9, 0.0, 2025-03-03 12:29:34.310
168.0, -9736.889271365319, 1731.5449394637276, -25581.660936076754, -10498.502611935452, -167995.77838132126, -17054.93981301067, -27787.174616715267, -34845.140259878666, 0.056, 0.972, -0.152, 192.0, 0.0, 0.0, 0.0, 0.0, 0.0, 0.0, 0.0, 0.0, 0.0, 1.741026574310631E9, 0.0, 2025-03-03 12:29:34.310
169.0, -9708.927239051729, 1746.140628593043, -25591.093372236894, -10503.442347460074, -168013.99505305232, -17057.085580478382, -27793.70132609622, -34849.968236681016, 0.056, 0.972, -0.152, 192.0, 0.0, 0.0, 0.0, 0.0, 0.0, 0.0, 0.0, 0.0, 0.0, 1.741026574310658E9, 0.0, 2025-03-03 12:29:34.310
170.0, -9647.638755755277, 1842.0296123063104, -25602.381003186823, -10513.791205142881, -167947.20804061988, -17048.3236966519, -27803.714907612197, -34863.446338587564, 0.056, 0.972, -0.152, 192.0, 0.0, 0.0, 0.0, 0.0, 0.0, 0.0, 0.0, 0.0, 0.0, 1.741026574310721E9, 0.0, 2025-03-03 12:29:34.310
171.0, -9702.244067459593, 1822.5388911412826, -25609.421802690245, -10515.646399932672, -167925.90682815397, -17055.632717088785, -27802.016175033594, -34865.88267873319, 0.056, 0.972, -0.152, 192.0, 0.0, 0.0, 0.0, 0.0, 0.0, 0.0, 0.0, 0.0, 0.0, 1.741026574310756E9, 0.0, 2025-03-03 12:29:34.310
172.0, -9722.561803169467, 1750.5439222507384, -25592.412125159757, -10492.333530465787, -167955.65700002396, -17046.71437105112, -27790.057991750004, -34839.485268531476, 0.056, 0.972, -0.152, 192.0, 0.0, 0.0, 0.0, 0.0, 0.0, 0.0, 0.0, 0.0, 0.0, 1.741026574310787E9, 0.0, 2025-03-03 12:29:34.310
173.0, -9707.742596595597, 1756.0200996422889, -25585.997174501084, -10485.180972240089, -167969.4480263529, -17043.830996016382, -27788.895701038327, -34836.467783030006, 0.056, 0.972, -0.152, 192.0, 0.0, 0.0, 0.0, 0.0, 0.0, 0.0, 0.0, 0.0, 0.0, 1.741026574310813E9, 0.0, 2025-03-03 12:29:34.310
174.0, -9662.927348962707, 1834.5417779137824, -25595.3402036834, -10507.733882395492, -167935.67454048092, -17061.824150302906, -27804.094887267936, -34857.63488502918, 0.062, 0.97, -0.154, 192.0, 1.0, 240.0, 30.0, 80.0, 251.0, 48.0, 0.0, 0.0, 0.0, 1.741026574310846E9, 0.0, 2025-03-03 12:29:34.310
175.0, -9671.91275023374, 1845.3600222301511, -25607.410145689268, -10508.829117873802, -167888.46765619132, -17067.680307350198, -27808.83345709246, -34867.648466545164, 0.062, 0.97, -0.154, 192.0, 0.0, 0.0, 0.0, 0.0, 0.0, 0.0, 0.0, 0.0, 0.0, 1.741026574310876E9, 0.0, 2025-03-03 12:29:34.310
176.0, -9730.071989306449, 1753.6955182189367, -25581.862101776853, -10486.432669929585, -167941.5977527616, -17047.362571640322, -27783.97831725816, -34842.055719143835, 0.062, 0.97, -0.154, 192.0, 0.0, 0.0, 0.0, 0.0, 0.0, 0.0, 0.0, 0.0, 0.0, 1.741026574310902E9, 0.0, 2025-03-03 12:29:34.310
177.0, -9720.930125824229, 1741.335003535152, -25577.68232556371, -10488.936065308579, -167980.15451194698, -17047.250812918046, -27788.158093471302, -34844.82733545629, 0.062, 0.97, -0.154, 192.0, 0.0, 0.0, 0.0, 0.0, 0.0, 0.0, 0.0, 0.0, 0.0, 1.741026574310929E9, 0.0, 2025-03-03 12:29:34.310
178.0, -9655.215997125626, 1823.7905888307798, -25569.590994070888, -10489.539562408872, -167940.72603472782, -17049.485987363576, -27790.77324757257, -34845.74375697896, 0.062, 0.97, -0.154, 192.0, 0.0, 0.0, 0.0, 0.0, 0.0, 0.0, 0.0, 0.0, 0.0, 1.741026574310968E9, 0.0, 2025-03-03 12:29:34.310
179.0, -9636.462883527623, 1856.7147084134472, -25570.038028959996, -10499.150812524655, -167894.88260685, -17047.34021989587, -27791.77907607306, -34850.99641692596, 0.062, 0.97, -0.154, 192.0, 0.0, 0.0, 0.0, 0.0, 0.0, 0.0, 0.0, 0.0, 0.0, 1.741026574311001E9, 0.0, 2025-03-03 12:29:34.311
180.0, -9716.72799786663, 1757.271797331786, -25574.933060995707, -10493.36171071073, -167941.21777310583, -17052.347010653855, -27787.621651604375, -34857.433719329085, 0.062, 0.97, -0.154, 192.0, 0.0, 0.0, 0.0, 0.0, 0.0, 0.0, 0.0, 0.0, 0.0, 1.741026574370323E9, 0.0, 2025-03-03 12:29:34.370
181.0, -9726.518061938055, 1735.0318115987554, -25576.49768310758, -10488.98076879749, -167969.89506124202, -17052.23525193158, -27791.957890028705, -34852.76220473793, 0.062, 0.97, -0.154, 192.0, 0.0, 0.0, 0.0, 0.0, 0.0, 0.0, 0.0, 0.0, 0.0, 1.741026574370363E9, 0.0, 2025-03-03 12:29:34.370
182.0, -9663.82141874092, 1807.3397049116738, -25567.355819625358, -10485.471544918008, -167948.45973830935, -17042.75811228253, -27791.17557897277, -34843.50858253343, 0.062, 0.97, -0.154, 192.0, 0.0, 0.0, 0.0, 0.0, 0.0, 0.0, 0.0, 0.0, 0.0, 1.74102657437039E9, 0.0, 2025-03-03 12:29:34.370
183.0, -9623.722389188099, 1871.9809498764218, -25575.357744140358, -10503.285885248886, -167891.23927250376, -17057.443208389665, -27800.675070366273, -34855.355007094746, 0.062, 0.97, -0.154, 192.0, 0.0, 0.0, 0.0, 0.0, 0.0, 0.0, 0.0, 0.0, 0.0, 1.741026574370417E9, 0.0, 2025-03-03 12:29:34.370
184.0, -9716.102149021883, 1787.3125418797188, -25585.50543612307, -10501.117766036721, -167920.20713331786, -17059.074885734903, -27800.339794199444, -34855.1761931391, 0.056, 0.97, -0.154, 192.0, 1.0, 192.0, 30.0, 80.0, 251.0, 48.0, 0.0, 0.0, 0.0, 1.741026574370443E9, 0.0, 2025-03-03 12:29:34.370
185.0, -9765.566559501476, 1740.8432651571352, -25578.643450575288, -10491.88649557668, -167967.03403795173, -17045.976763484094, -27794.93067204126, -34852.00224542645, 0.056, 0.97, -0.154, 192.0, 0.0, 0.0, 0.0, 0.0, 0.0, 0.0, 0.0, 0.0, 0.0, 1.741026574370495E9, 0.0, 2025-03-03 12:29:34.370
186.0, -9700.455927903167, 1780.785832498769, -25585.48308437861, -10505.968094583523, -167965.46941583985, -17059.544272368465, -27808.006442547616, -34861.211164142034, 0.056, 0.97, -0.154, 192.0, 0.0, 0.0, 0.0, 0.0, 0.0, 0.0, 0.0, 0.0, 0.0, 1.741026574370528E9, 0.0, 2025-03-03 12:29:34.370
187.0, -9625.108197344327, 1864.2472462948856, -25579.91750000924, -10500.804841614348, -167903.24215927627, -17053.50930136553, -27808.542884414543, -34859.691245519076, 0.056, 0.97, -0.154, 192.0, 0.0, 0.0, 0.0, 0.0, 0.0, 0.0, 0.0, 0.0, 0.0, 1.741026574370564E9, 0.0, 2025-03-03 12:29:34.370
188.0, -9688.229523686114, 1792.1628704265204, -25583.00204074407, -10494.591056655772, -167921.5258862407, -17053.017562987516, -27802.418506433787, -34852.069300659816, 0.056, 0.97, -0.154, 192.0, 0.0, 0.0, 0.0, 0.0, 0.0, 0.0, 0.0, 0.0, 0.0, 1.741026574370591E9, 0.0, 2025-03-03 12:29:34.370
189.0, -9721.511271180067, 1735.3223842766745, -25574.687191806697, -10497.787356112882, -167958.62978203653, -17044.47919660559, -27800.69742211073, -34852.00224542645, 0.056, 0.97, -0.154, 192.0, 0.0, 0.0, 0.0, 0.0, 0.0, 0.0, 0.0, 0.0, 0.0, 1.741026574370617E9, 0.0, 2025-03-03 12:29:34.370
190.0, -9695.20326795617, 1766.4136608140066, -25563.019581201028, -10486.589132140773, -167967.25755539627, -17042.668705304706, -27794.438933663245, -34850.50467854794, 0.056, 0.97, -0.154, 192.0, 0.0, 0.0, 0.0, 0.0, 0.0, 0.0, 0.0, 0.0, 0.0, 1.741026574370649E9, 0.0, 2025-03-03 12:29:34.370
191.0, -9635.94879340515, 1863.330824772218, -25567.37817136981, -10493.339358966276, -167912.00404310276, -17045.70854255063, -27803.98312854566, -34857.41136758463, 0.056, 0.97, -0.154, 192.0, 0.0, 0.0, 0.0, 0.0, 0.0, 0.0, 0.0, 0.0, 0.0, 1.741026574370676E9, 0.0, 2025-03-03 12:29:34.370
192.0, -9678.327700892414, 1820.9519172849557, -25566.39469461378, -10496.69212063457, -167913.61336870355, -17040.90291749274, -27797.456419164708, -34856.249076872955, 0.056, 0.97, -0.154, 192.0, 0.0, 0.0, 0.0, 0.0, 0.0, 0.0, 0.0, 0.0, 0.0, 1.741026574370702E9, 0.0, 2025-03-03 12:29:34.370
193.0, -9733.380047485834, 1742.9219773914788, -25564.15952016825, -10498.301446235353, -167960.01559019275, -17048.636621074274, -27797.009384275603, -34860.80883274184, 0.056, 0.97, -0.154, 192.0, 0.0, 0.0, 0.0, 0.0, 0.0, 0.0, 0.0, 0.0, 0.0, 1.741026574370734E9, 0.0, 2025-03-03 12:29:34.370
194.0, -9696.611427856855, 1773.3650533396071, -25560.739703266587, -10493.719338622015, -167951.11959589954, -17044.523900094497, -27803.893721567838, -34863.580449054294, 0.062, 0.974, -0.154, 192.0, 1.0, 240.0, 30.0, 112.0, 251.0, 48.0, 0.0, 0.0, 0.0, 1.741026574370769E9, 0.0, 2025-03-03 12:29:34.370
195.0, -9642.117874874815, 1860.067470081743, -25568.652220803764, -10507.040978317378, -167902.50455170925, -17043.85334776084, -27810.152210015323, -34878.93609749509, 0.062, 0.974, -0.154, 192.0, 0.0, 0.0, 0.0, 0.0, 0.0, 0.0, 0.0, 0.0, 0.0, 1.741026574430574E9, 0.0, 2025-03-03 12:29:34.430
196.0, -9689.481221375612, 1844.8906355965896, -25582.59970934388, -10508.113862051232, -167892.42391495992, -17056.81735954492, -27812.096811782936, -34869.79423401287, 0.062, 0.974, -0.154, 192.0, 0.0, 0.0, 0.0, 0.0, 0.0, 0.0, 0.0, 0.0, 0.0, 1.741026574430619E9, 0.0, 2025-03-03 12:29:34.430
197.0, -9736.576346942944, 1769.654663760026, -25565.92530798022, -10480.97884428249, -167938.80378470468, -17046.04381871746, -27802.4632099227, -34855.13148965019, 0.062, 0.974, -0.154, 192.0, 0.0, 0.0, 0.0, 0.0, 0.0, 0.0, 0.0, 0.0, 0.0, 1.741026574430646E9, 0.0, 2025-03-03 12:29:34.430
198.0, -9703.629875615821, 1768.6041317706267, -25569.970973726628, -10490.880667076191, -167956.88634596902, -17054.13515021028, -27812.633253649863, -34866.79910025586, 0.062, 0.974, -0.154, 192.0, 0.0, 0.0, 0.0, 0.0, 0.0, 0.0, 0.0, 0.0, 0.0, 1.741026574430673E9, 0.0, 2025-03-03 12:29:34.430
199.0, -9645.269470843014, 1847.326975742218, -25571.06620920494, -10497.966170068523, -167918.30723503916, -17065.065153248925, -27812.521494927587, -34873.95165848156, 0.062, 0.974, -0.154, 192.0, 0.0, 0.0, 0.0, 0.0, 0.0, 0.0, 0.0, 0.0, 0.0, 1.7410265744307E9, 0.0, 2025-03-03 12:29:34.430
200.0, -9671.86804674483, 1859.8439526371901, -25580.409238387256, -10498.234391001986, -167883.639679389, -17059.09723747936, -27814.667262395295, -34875.538632337884, 0.062, 0.974, -0.154, 192.0, 0.0, 0.0, 0.0, 0.0, 0.0, 0.0, 0.0, 0.0, 0.0, 1.741026574430746E9, 0.0, 2025-03-03 12:29:34.430
201.0, -9749.74152442712, 1758.8811229325681, -25585.125456467325, -10485.918579807112, -167946.17986037492, -17046.177929184192, -27811.470962938187, -34870.24126890198, 0.062, 0.974, -0.154, 192.0, 0.0, 0.0, 0.0, 0.0, 0.0, 0.0, 0.0, 0.0, 0.0, 1.741026574430785E9, 0.0, 2025-03-03 12:29:34.430
202.0, -9711.49768966409, 1756.467134531395, -25564.11481667934, -10477.760193080925, -167961.71432277135, -17042.355780882335, -27806.59828264693, -34861.61349554223, 0.062, 0.974, -0.154, 192.0, 0.0, 0.0, 0.0, 0.0, 0.0, 0.0, 0.0, 0.0, 0.0, 1.74102657443082E9, 0.0, 2025-03-03 12:29:34.430
203.0, -9641.268508585514, 1833.2677284798299, -25555.956429953152, -10474.608597112727, -167929.639569478, -17036.969010468605, -27804.877198323873, -34860.89823971966, 0.062, 0.974, -0.154, 192.0, 0.0, 0.0, 0.0, 0.0, 0.0, 0.0, 0.0, 0.0, 0.0, 1.741026574430846E9, 0.0, 2025-03-03 12:29:34.430
204.0, -9645.157712120737, 1864.4484119949834, -25573.323735394926, -10489.07017577531, -167886.85833059053, -17041.238193659567, -27812.655605394317, -34866.44147234457, 0.06, 0.972, -0.148, 192.0, 1.0, 224.0, 30.0, 96.0, 251.0, 96.0, 0.0, 0.0, 0.0, 1.741026574430872E9, 0.0, 2025-03-03 12:29:34.430
205.0, -9717.01857054455, 1778.6400650310595, -25571.15561618276, -10480.442402415563, -167911.42289774693, -17041.864042504316, -27809.973396059682, -34867.49200433397, 0.06, 0.972, -0.148, 192.0, 0.0, 0.0, 0.0, 0.0, 0.0, 0.0, 0.0, 0.0, 0.0, 1.741026574430905E9, 0.0, 2025-03-03 12:29:34.430
206.0, -9734.475282964146, 1754.0084426413111, -25568.741627781586, -10476.732012835982, -167931.40535728997, -17040.969972726103, -27812.767364116597, -34862.84284148727, 0.06, 0.972, -0.148, 192.0, 0.0, 0.0, 0.0, 0.0, 0.0, 0.0, 0.0, 0.0, 0.0, 1.741026574430931E9, 0.0, 2025-03-03 12:29:34.430
207.0, -9693.258666188558, 1808.233774689886, -25567.087598691895, -10487.863181574725, -167914.127458826, -17043.339257638367, -27817.774154874583, -34866.06149268884, 0.06, 0.972, -0.148, 192.0, 0.0, 0.0, 0.0, 0.0, 0.0, 0.0, 0.0, 0.0, 0.0, 1.741026574430958E9, 0.0, 2025-03-03 12:29:34.430
208.0, -9664.87195073032, 1860.715670670947, -25565.92530798022, -10489.137231008677, -167885.2713567342, -17039.89708899225, -27818.2658932526, -34865.72621652201, 0.06, 0.972, -0.148, 192.0, 0.0, 0.0, 0.0, 0.0, 0.0, 0.0, 0.0, 0.0, 0.0, 1.741026574430989E9, 0.0, 2025-03-03 12:29:34.430
209.0, -9706.4908989061, 1790.7770622702913, -25578.285822664002, -10482.83403907228, -167902.45984822034, -17048.36840014081, -27824.233809022167, -34871.5823735693, 0.06, 0.972, -0.148, 192.0, 0.0, 0.0, 0.0, 0.0, 0.0, 0.0, 0.0, 0.0, 0.0, 1.741026574431022E9, 0.0, 2025-03-03 12:29:34.431
210.0, -9722.718265380654, 1754.0307943857665, -25580.92332850973, -10492.512344421428, -167928.25376132177, -17042.6240018158, -27824.993768333647, -34878.71258005054, 0.06, 0.972, -0.148, 192.0, 0.0, 0.0, 0.0, 0.0, 0.0, 0.0, 0.0, 0.0, 0.0, 1.741026574490845E9, 0.0, 2025-03-03 12:29:34.490
211.0, -9699.003064513572, 1792.9228297380007, -25579.35870639786, -10492.579399654795, -167932.4782410238, -17035.538498823465, -27829.441765480253, -34876.16448118263, 0.06, 0.972, -0.148, 192.0, 0.0, 0.0, 0.0, 0.0, 0.0, 0.0, 0.0, 0.0, 0.0, 1.741026574490883E9, 0.0, 2025-03-03 12:29:34.490
212.0, -9667.710622276143, 1869.678720197525, -25592.54623562649, -10494.993388055967, -167886.00896430123, -17032.476309833088, -27839.477698740688, -34874.5328038374, 0.06, 0.972, -0.148, 192.0, 0.0, 0.0, 0.0, 0.0, 0.0, 0.0, 0.0, 0.0, 0.0, 1.74102657449091E9, 0.0, 2025-03-03 12:29:34.490
213.0, -9736.285774265025, 1807.4067601450397, -25599.296462451992, -10493.74169036647, -167896.89426385096, -17048.591917585363, -27838.85184989594, -34878.89139400618, 0.06, 0.972, -0.148, 192.0, 0.0, 0.0, 0.0, 0.0, 0.0, 0.0, 0.0, 0.0, 0.0, 1.741026574490937E9, 0.0, 2025-03-03 12:29:34.490
214.0, -9753.161341328781, 1742.6314047135597, -25591.428648403722, -10493.182896755088, -167951.03018892172, -17040.232365159078, -27829.66528292481, -34875.337466637786, 0.06, 0.97, -0.15, 192.0, 1.0, 224.0, 30.0, 80.0, 251.0, 80.0, 0.0, 0.0, 0.0, 1.741026574490964E9, 0.0, 2025-03-03 12:29:34.490
215.0, -9706.557954139465, 1774.460288817917, -25582.19737794368, -10494.41224270013, -167954.4053023345, -17045.03799021697, -27828.681806168774, -34883.83112953081, 0.06, 0.97, -0.15, 192.0, 0.0, 0.0, 0.0, 0.0, 0.0, 0.0, 0.0, 0.0, 0.0, 1.741026574491015E9, 0.0, 2025-03-03 12:29:34.491
216.0, -9642.6766684862, 1861.296816026785, -25596.703660095176, -10504.470527705018, -167890.4793131923, -17053.08461822088, -27838.02483535109, -34886.82626328782, 0.06, 0.97, -0.15, 192.0, 0.0, 0.0, 0.0, 0.0, 0.0, 0.0, 0.0, 0.0, 0.0, 1.741026574491051E9, 0.0, 2025-03-03 12:29:34.491
217.0, -9690.084718475904, 1817.3085829387408, -25599.967014785652, -10496.356844467742, -167879.9292898094, -17048.346048396357, -27827.139535801358, -34877.25971666095, 0.06, 0.97, -0.15, 192.0, 0.0, 0.0, 0.0, 0.0, 0.0, 0.0, 0.0, 0.0, 0.0, 1.741026574491081E9, 0.0, 2025-03-03 12:29:34.491
218.0, -9740.35379175589, 1748.3534512941185, -25597.59772987339, -10496.245085745464, -167916.89907513847, -17053.777522298995, -27827.005425334624, -34884.971068498024, 0.06, 0.97, -0.15, 192.0, 0.0, 0.0, 0.0, 0.0, 0.0, 0.0, 0.0, 0.0, 0.0, 1.741026574491112E9, 0.0, 2025-03-03 12:29:34.491
219.0, -9729.513195695066, 1771.4875068053614, -25581.39271514329, -10489.763079853426, -167923.7387089418, -17046.177929184192, -27818.467058952698, -34877.97497248351, 0.06, 0.97, -0.15, 192.0, 0.0, 0.0, 0.0, 0.0, 0.0, 0.0, 0.0, 0.0, 0.0, 1.741026574491138E9, 0.0, 2025-03-03 12:29:34.491
220.0, -9653.472561058112, 1867.912932385556, -25564.897127735276, -10480.442402415563, -167866.40648441392, -17033.638600544764, -27818.332948485968, -34874.06341720383, 0.06, 0.97, -0.15, 192.0, 0.0, 0.0, 0.0, 0.0, 0.0, 0.0, 0.0, 0.0, 0.0, 1.741026574491169E9, 0.0, 2025-03-03 12:29:34.491
221.0, -9678.059479958949, 1856.7147084134472, -25572.519072594532, -10476.664957602616, -167828.31911186207, -17039.405350614234, -27823.160925288314, -34876.27623990491, 0.06, 0.97, -0.15, 192.0, 0.0, 0.0, 0.0, 0.0, 0.0, 0.0, 0.0, 0.0, 0.0, 1.741026574491196E9, 0.0, 2025-03-03 12:29:34.491
222.0, -9754.837722162929, 1754.4778292748726, -25568.80868301495, -10473.714527334516, -167878.0740950196, -17039.539461080964, -27823.69736715524, -34879.85251901776, 0.06, 0.97, -0.15, 192.0, 0.0, 0.0, 0.0, 0.0, 0.0, 0.0, 0.0, 0.0, 0.0, 1.741026574491222E9, 0.0, 2025-03-03 12:29:34.491
223.0, -9719.901945579284, 1759.0152333992999, -25562.77371201202, -10480.330643693285, -167877.80587408613, -17038.310115135922, -27827.854791623926, -34881.350085896265, 0.06, 0.97, -0.15, 192.0, 0.0, 0.0, 0.0, 0.0, 0.0, 0.0, 0.0, 0.0, 0.0, 1.741026574491249E9, 0.0, 2025-03-03 12:29:34.491
224.0, -9666.615386797832, 1830.138484256087, -25571.557947582955, -10490.143059509166, -167840.72433003478, -17047.94371699616, -27833.040396337557, -34887.25094643247, 0.058, 0.968, -0.148, 192.0, 1.0, 208.0, 30.0, 64.0, 251.0, 96.0, 0.0, 0.0, 0.0, 1.741026574491282E9, 0.0, 2025-03-03 12:29:34.491
225.0, -9664.939005963684, 1859.4416212369945, -25576.117703451837, -10491.327701965298, -167798.2560155697, -17054.31396416592, -27834.873239382894, -34894.71642908054, 0.058, 0.968, -0.148, 192.0, 0.0, 0.0, 0.0, 0.0, 0.0, 0.0, 0.0, 0.0, 0.0, 1.741026574551015E9, 0.0, 2025-03-03 12:29:34.551
226.0, -9741.471378978657, 1766.3689573250958, -25580.29747966498, -10490.321873464809, -167863.88073729048, -17055.81153104443, -27831.07344282549, -34895.051705247366, 0.058, 0.968, -0.148, 192.0, 0.0, 0.0, 0.0, 0.0, 0.0, 0.0, 0.0, 0.0, 0.0, 1.741026574551055E9, 0.0, 2025-03-03 12:29:34.551
227.0, -9735.682277164731, 1757.4059077985178, -25594.133209482814, -10507.08568180629, -167881.80683634363, -17059.790141557474, -27847.479623255687, -34900.19260647209, 0.058, 0.968, -0.148, 192.0, 0.0, 0.0, 0.0, 0.0, 0.0, 0.0, 0.0, 0.0, 0.0, 1.741026574551082E9, 0.0, 2025-03-03 12:29:34.551
228.0, -9697.326683679425, 1830.9654988009333, -25586.53361636801, -10507.756234139948, -167847.09457720455, -17055.632717088785, -27845.13269008788, -34897.152769226166, 0.058, 0.968, -0.148, 192.0, 0.0, 0.0, 0.0, 0.0, 0.0, 0.0, 0.0, 0.0, 0.0, 1.741026574551109E9, 0.0, 2025-03-03 12:29:34.551
229.0, -9659.887511716785, 1877.9488656459887, -25588.277052435526, -10504.537582938383, -167800.4464865263, -17063.52288288151, -27846.786719177573, -34900.66199310565, 0.058, 0.968, -0.148, 192.0, 0.0, 0.0, 0.0, 0.0, 0.0, 0.0, 0.0, 0.0, 0.0, 1.741026574551136E9, 0.0, 2025-03-03 12:29:34.551
230.0, -9733.983544586128, 1772.9403701949561, -25597.59772987339, -10512.40539698665, -167847.54161209366, -17067.52384513901, -27843.076329597992, -34904.10416175177, 0.058, 0.968, -0.148, 192.0, 0.0, 0.0, 0.0, 0.0, 0.0, 0.0, 0.0, 0.0, 0.0, 1.741026574551163E9, 0.0, 2025-03-03 12:29:34.551
231.0, -9721.220698502148, 1752.622634485082, -25587.427686146224, -10504.828155616302, -167867.05468500312, -17058.67255433471, -27844.260972054122, -34907.03224027542, 0.058, 0.968, -0.148, 192.0, 0.0, 0.0, 0.0, 0.0, 0.0, 0.0, 0.0, 0.0, 0.0, 1.741026574551215E9, 0.0, 2025-03-03 12:29:34.551
232.0, -9689.794145797987, 1814.134635226087, -25597.57537812893, -10512.047769075367, -167834.86817298748, -17069.021412017515, -27855.906230915338, -34919.102182281276, 0.058, 0.968, -0.148, 192.0, 0.0, 0.0, 0.0, 0.0, 0.0, 0.0, 0.0, 0.0, 0.0, 1.741026574551249E9, 0.0, 2025-03-03 12:29:34.551
233.0, -9671.331604877902, 1868.8070021637682, -25598.64826186279, -10516.696931922072, -167790.0976288435, -17071.636566118785, -27855.3250855595, -34920.26447299295, 0.058, 0.968, -0.148, 192.0, 0.0, 0.0, 0.0, 0.0, 0.0, 0.0, 0.0, 0.0, 0.0, 1.741026574551279E9, 0.0, 2025-03-03 12:29:34.551
234.0, -9726.965096827162, 1792.9004779935453, -25592.88151179332, -10510.974885341511, -167818.4619925573, -17066.719182338617, -27849.647742467852, -34916.867007835746, 0.064, 0.972, -0.148, 192.0, 2.0, 0.0, 30.0, 96.0, 251.0, 96.0, 0.0, 0.0, 0.0, 1.741026574551308E9, 0.0, 2025-03-03 12:29:34.551
235.0, -9754.25657680709, 1755.818933942191, -25587.606500101865, -10523.044827347378, -167850.00030398375, -17072.24006321908, -27850.027722123592, -34915.79412410189, 0.064, 0.972, -0.148, 192.0, 0.0, 0.0, 0.0, 0.0, 0.0, 0.0, 0.0, 0.0, 0.0, 1.741026574551341E9, 0.0, 2025-03-03 12:29:34.551
236.0, -9723.388817714313, 1794.4427483609616, -25591.607462359367, -10531.449083262574, -167826.97800719476, -17072.709449852642, -27856.643838482363, -34917.02347004694, 0.064, 0.972, -0.148, 192.0, 0.0, 0.0, 0.0, 0.0, 0.0, 0.0, 0.0, 0.0, 0.0, 1.741026574551367E9, 0.0, 2025-03-03 12:29:34.551
237.0, -9660.602767539354, 1879.6923017135027, -25577.05647671896, -10518.574478456316, -167758.60402090597, -17065.825112560407, -27850.98884713517, -34912.4413624336, 0.064, 0.972, -0.148, 192.0, 0.0, 0.0, 0.0, 0.0, 0.0, 0.0, 0.0, 0.0, 0.0, 1.741026574551393E9, 0.0, 2025-03-03 12:29:34.551
238.0, -9701.640570359299, 1823.0976847526654, -25574.10604645086, -10520.116748823733, -167754.8936313264, -17064.148731726258, -27847.390216277865, -34909.75915309896, 0.064, 0.972, -0.148, 192.0, 0.0, 0.0, 0.0, 0.0, 0.0, 0.0, 0.0, 0.0, 0.0, 1.74102657455142E9, 0.0, 2025-03-03 12:29:34.551
239.0, -9734.74350389761, 1756.4894862758501, -25566.640563802786, -10513.388873742686, -167791.3940300219, -17060.773618313506, -27839.477698740688, -34912.41901068914, 0.064, 0.972, -0.148, 192.0, 0.0, 0.0, 0.0, 0.0, 0.0, 0.0, 0.0, 0.0, 0.0, 1.741026574551454E9, 0.0, 2025-03-03 12:29:34.551
240.0, -9701.238238959104, 1785.6361610455706, -25569.188662670695, -10514.37235049872, -167781.31339327258, -17058.918423523715, -27845.624428465897, -34908.619214131744, 0.064, 0.972, -0.148, 192.0, 0.0, 0.0, 0.0, 0.0, 0.0, 0.0, 0.0, 0.0, 0.0, 1.741026574611312E9, 0.0, 2025-03-03 12:29:34.611
241.0, -9660.915691961729, 1855.820638635235, -25571.937927238694, -10516.518117966429, -167746.73524460022, -17058.2255194456, -27846.764367433116, -34903.500664651474, 0.064, 0.972, -0.148, 192.0, 0.0, 0.0, 0.0, 0.0, 0.0, 0.0, 0.0, 0.0, 0.0, 1.741026574611343E9, 0.0, 2025-03-03 12:29:34.611
242.0, -9699.15952672476, 1822.6282981191039, -25581.16919769874, -10524.095359336778, -167745.26002946615, -17066.80858931644, -27851.525289002097, -34913.46954267854, 0.064, 0.972, -0.148, 192.0, 0.0, 0.0, 0.0, 0.0, 0.0, 0.0, 0.0, 0.0, 0.0, 1.7410265746114E9, 0.0, 2025-03-03 12:29:34.611
243.0, -9747.439294748223, 1751.9073786625122, -25581.549177354478, -10509.0302835739, -167797.6972219583, -17059.09723747936, -27845.17739357679, -34908.32864145382, 0.064, 0.972, -0.148, 192.0, 0.0, 0.0, 0.0, 0.0, 0.0, 0.0, 0.0, 0.0, 0.0, 1.741026574611427E9, 0.0, 2025-03-03 12:29:34.611
244.0, -9728.797939872496, 1774.9520271959339, -25582.666764577243, -10499.664902647126, -167811.80117270962, -17057.823188045408, -27851.525289002097, -34909.22271123203, 0.064, 0.97, -0.146, 192.0, 2.0, 0.0, 30.0, 80.0, 251.0, 112.0, 0.0, 0.0, 0.0, 1.741026574611453E9, 0.0, 2025-03-03 12:29:34.611
245.0, -9645.381229565292, 1872.3162260432514, -25588.835846046906, -10511.645437675172, -167754.17837550383, -17075.928101054204, -27862.99173390767, -34925.53948468441, 0.064, 0.97, -0.146, 192.0, 0.0, 0.0, 0.0, 0.0, 0.0, 0.0, 0.0, 0.0, 0.0, 1.741026574611481E9, 0.0, 2025-03-03 12:29:34.611
246.0, -9689.123593464326, 1861.810906149257, -25587.36063091286, -10507.130385295199, -167737.839250307, -17061.13124622479, -27851.972323891205, -34915.43649619061, 0.064, 0.97, -0.146, 192.0, 0.0, 0.0, 0.0, 0.0, 0.0, 0.0, 0.0, 0.0, 0.0, 1.741026574611522E9, 0.0, 2025-03-03 12:29:34.611
247.0, -9723.768797370052, 1787.334893624174, -25584.45490413367, -10503.062367804334, -167776.82069263706, -17052.302307164944, -27849.93831514577, -34912.28490022241, 0.064, 0.97, -0.146, 192.0, 0.0, 0.0, 0.0, 0.0, 0.0, 0.0, 0.0, 0.0, 0.0, 1.741026574611564E9, 0.0, 2025-03-03 12:29:34.611
248.0, -9716.504480422078, 1786.8655069906124, -25585.30427042297, -10501.721263137015, -167804.64861448391, -17053.933984510182, -27848.194879078255, -34914.52007466794, 0.064, 0.97, -0.146, 192.0, 0.0, 0.0, 0.0, 0.0, 0.0, 0.0, 0.0, 0.0, 0.0, 1.741026574611594E9, 0.0, 2025-03-03 12:29:34.611
249.0, -9662.837941984886, 1873.5455719882932, -25593.12738098233, -10510.729016152503, -167770.18222453384, -17057.55496711194, -27858.78960595007, -34921.80674336037, 0.064, 0.97, -0.146, 192.0, 0.0, 0.0, 0.0, 0.0, 0.0, 0.0, 0.0, 0.0, 0.0, 1.741026574611621E9, 0.0, 2025-03-03 12:29:34.611
250.0, -9679.579398581911, 1885.973141905444, -25603.230369476125, -10509.790242885381, -167747.6963696118, -17061.33241192489, -27860.689504228772, -34917.91753982515, 0.064, 0.97, -0.146, 192.0, 0.0, 0.0, 0.0, 0.0, 0.0, 0.0, 0.0, 0.0, 0.0, 1.741026574611648E9, 0.0, 2025-03-03 12:29:34.611
251.0, -9753.138989584326, 1800.812995530724, -25607.365442200356, -10507.130385295199, -167793.96448063428, -17063.701696837154, -27859.03547513908, -34912.79899034488, 0.064, 0.97, -0.146, 192.0, 0.0, 0.0, 0.0, 0.0, 0.0, 0.0, 0.0, 0.0, 0.0, 1.741026574611678E9, 0.0, 2025-03-03 12:29:34.611
252.0, -9730.273155006547, 1797.5496408402494, -25588.813494302452, -10506.482184705996, -167800.4017830374, -17058.4266851457, -27851.882916913382, -34901.46665590604, 0.064, 0.97, -0.146, 192.0, 0.0, 0.0, 0.0, 0.0, 0.0, 0.0, 0.0, 0.0, 0.0, 1.741026574611705E9, 0.0, 2025-03-03 12:29:34.611
253.0, -9674.840828757386, 1866.9965108628883, -25590.06519199195, -10511.712492908537, -167762.94025933032, -17056.929118267195, -27855.88387917088, -34888.59205109978, 0.064, 0.97, -0.146, 192.0, 0.0, 0.0, 0.0, 0.0, 0.0, 0.0, 0.0, 0.0, 0.0, 1.741026574611732E9, 0.0, 2025-03-03 12:29:34.611
254.0, -9661.04980242846, 1903.9662961919662, -25593.797933315986, -10514.104129565256, -167718.14736344188, -17056.99617350056, -27854.65453322584, -34881.03716147389, 0.06, 0.974, -0.15, 192.0, 1.0, 224.0, 30.0, 112.0, 251.0, 80.0, 0.0, 0.0, 0.0, 1.741026574611761E9, 0.0, 2025-03-03 12:29:34.611
255.0, -9736.218719031658, 1816.0121817603329, -25594.11085773836, -10507.465661462029, -167741.8402125645, -17064.75222882655, -27847.412568022322, -34872.834071258796, 0.06, 0.974, -0.15, 192.0, 0.0, 0.0, 0.0, 0.0, 0.0, 0.0, 0.0, 0.0, 0.0, 1.741026574670685E9, 0.0, 2025-03-03 12:29:34.670
0.0, -9744.086533079926, 1784.6750360339925, -25589.931081525217, -10504.872859105213, -167768.10351229948, -17069.71431609563, -27845.155041832335, -34870.88946949118, 0.06, 0.974, -0.15, 192.0, 0.0, 0.0, 0.0, 0.0, 0.0, 0.0, 0.0, 0.0, 0.0, 1.741026574670718E9, 0.0, 2025-03-03 12:29:34.670
1.0, -9683.356843394857, 1840.9567285724556, -25577.68232556371, -10501.162469525632, -167769.73518964474, -17066.4286096607, -27834.493259727155, -34859.3783210967, 0.06, 0.974, -0.15, 192.0, 0.0, 0.0, 0.0, 0.0, 0.0, 0.0, 0.0, 0.0, 0.0, 1.741026574670744E9, 0.0, 2025-03-03 12:29:34.670
2.0, -9632.372514292301, 1913.9798777079438, -25566.95348822516, -10489.561914153328, -167739.60503811899, -17054.51512986602, -27822.4680212102, -34830.879846916185, 0.06, 0.974, -0.15, 192.0, 0.0, 0.0, 0.0, 0.0, 0.0, 0.0, 0.0, 0.0, 0.0, 1.74102657467077E9, 0.0, 2025-03-03 12:29:34.670
3.0, -9682.887456761297, 1854.3454235011845, -25578.598747086377, -10492.132364765688, -167754.33483771503, -17060.684211335687, -27824.3679194889, -34820.19571306655, 0.06, 0.974, -0.15, 192.0, 0.0, 0.0, 0.0, 0.0, 0.0, 0.0, 0.0, 0.0, 0.0, 1.741026574670796E9, 0.0, 2025-03-03 12:29:34.670
4.0, -9701.819384314942, 1807.9208502675117, -25556.001133442063, -10486.03033852939, -167805.09564937302, -17050.2235949306, -27804.3631082014, -34797.039305810846, 0.06, 0.974, -0.15, 192.0, 0.0, 0.0, 0.0, 0.0, 0.0, 0.0, 0.0, 0.0, 0.0, 1.741026574670822E9, 0.0, 2025-03-03 12:29:34.670
5.0, -9643.414276053223, 1864.8954468840896, -25557.856328231854, -10491.1265362652, -167776.37365774796, -17051.18471994218, -27814.98018681767, -34793.53008193136, 0.06, 0.974, -0.15, 192.0, 0.0, 0.0, 0.0, 0.0, 0.0, 0.0, 0.0, 0.0, 0.0, 1.741026574670857E9, 0.0, 2025-03-03 12:29:34.670
6.0, -9618.38032226328, 1943.5959391112256, -25571.937927238694, -10502.972960826512, -167711.0395087051, -17062.025316003004, -27820.143439786847, -34793.79830286483, 0.06, 0.974, -0.15, 192.0, 0.0, 0.0, 0.0, 0.0, 0.0, 0.0, 0.0, 0.0, 0.0, 1.741026574670892E9, 0.0, 2025-03-03 12:29:34.670
7.0, -9669.565817065934, 1876.6077609786703, -25579.202244186672, -10507.93504809559, -167726.30575016807, -17066.60742361634, -27811.98505306066, -34784.14234926014, 0.06, 0.974, -0.15, 192.0, 0.0, 0.0, 0.0, 0.0, 0.0, 0.0, 0.0, 0.0, 0.0, 1.741026574670924E9, 0.0, 2025-03-03 12:29:34.670
8.0, -9681.121668949327, 1800.1200914526096, -25577.704677308164, -10497.31796947932, -167779.25703278268, -17060.393638657766, -27810.018099548593, -34779.18026199106, 0.06, 0.978, -0.152, 192.0, 1.0, 224.0, 30.0, 144.0, 251.0, 64.0, 0.0, 0.0, 0.0, 1.741026574670951E9, 0.0, 2025-03-03 12:29:34.670
9.0, -9652.153808135248, 1819.297888195263, -25580.409238387256, -10495.529829922894, -167781.46985548377, -17059.767789813017, -27808.676994881273, -34780.543718402834, 0.06, 0.978, -0.152, 192.0, 0.0, 0.0, 0.0, 0.0, 0.0, 0.0, 0.0, 0.0, 0.0, 1.741026574670984E9, 0.0, 2025-03-03 12:29:34.670
10.0, -9602.4658802111, 1901.7534734908909, -25580.990383743094, -10509.723187652015, -167728.60797984697, -17064.439304404175, -27810.353375715422, -34781.16956724758, 0.06, 0.978, -0.152, 192.0, 0.0, 0.0, 0.0, 0.0, 0.0, 0.0, 0.0, 0.0, 0.0, 1.741026574671015E9, 0.0, 2025-03-03 12:29:34.671
11.0, -9652.757305235542, 1858.0558130807656, -25580.63275583181, -10499.88842009168, -167722.26008442166, -17061.220653202614, -27803.826666334473, -34778.04032302384, 0.06, 0.978, -0.152, 192.0, 0.0, 0.0, 0.0, 0.0, 0.0, 0.0, 0.0, 0.0, 0.0, 1.741026574671041E9, 0.0, 2025-03-03 12:29:34.671
12.0, -9704.523945394034, 1774.7061580069255, -25573.502549350567, -10484.242198972965, -167778.34061126004, -17052.749342054052, -27795.668279608286, -34764.65162809511, 0.06, 0.978, -0.152, 192.0, 0.0, 0.0, 0.0, 0.0, 0.0, 0.0, 0.0, 0.0, 0.0, 1.741026574671068E9, 0.0, 2025-03-03 12:29:34.671
13.0, -9659.663994272232, 1796.8343850176796, -25571.177967927215, -10488.466678675019, -167775.9489746033, -17045.976763484094, -27798.037564520546, -34751.1511744441, 0.06, 0.978, -0.152, 192.0, 0.0, 0.0, 0.0, 0.0, 0.0, 0.0, 0.0, 0.0, 0.0, 1.741026574671099E9, 0.0, 2025-03-03 12:29:34.671
14.0, -9606.086862812861, 1874.4396417665055, -25577.905843008262, -10502.905905593147, -167728.65268333588, -17049.307173407935, -27801.390326188844, -34764.98690426194, 0.06, 0.978, -0.152, 192.0, 0.0, 0.0, 0.0, 0.0, 0.0, 0.0, 0.0, 0.0, 0.0, 1.741026574730603E9, 0.0, 2025-03-03 12:29:34.730
15.0, -9638.385133550779, 1859.240455536897, -25587.628851846323, -10504.448175960562, -167707.39617435887, -17051.542347853465, -27798.574006387476, -34774.44169216653, 0.06, 0.978, -0.152, 192.0, 0.0, 0.0, 0.0, 0.0, 0.0, 0.0, 0.0, 0.0, 0.0, 1.741026574730645E9, 0.0, 2025-03-03 12:29:34.730
16.0, -9698.243105202093, 1763.0608991457104, -25586.466561134646, -10502.83885035978, -167757.68759938332, -17047.854310018338, -27793.768381329584, -34764.76338681739, 0.06, 0.978, -0.152, 192.0, 0.0, 0.0, 0.0, 0.0, 0.0, 0.0, 0.0, 0.0, 0.0, 1.741026574730672E9, 0.0, 2025-03-03 12:29:34.730
17.0, -9678.618273570333, 1760.6692624889927, -25584.92429076723, -10510.46079521904, -167767.05298031008, -17043.160443682726, -27797.948157542727, -34770.93246828705, 0.06, 0.978, -0.152, 192.0, 0.0, 0.0, 0.0, 0.0, 0.0, 0.0, 0.0, 0.0, 0.0, 1.741026574730698E9, 0.0, 2025-03-03 12:29:34.730
18.0, -9624.974086877595, 1842.6778128955143, -25586.93594776821, -10528.431597761108, -167708.9831482152, -17051.765865298017, -27799.78100058806, -34780.83429108075, 0.056, 0.974, -0.15, 192.0, 1.0, 192.0, 30.0, 112.0, 251.0, 80.0, 0.0, 0.0, 0.0, 1.741026574730726E9, 0.0, 2025-03-03 12:29:34.730
19.0, -9632.394866036757, 1861.2074090489639, -25582.77852329952, -10510.617257430227, -167671.14164485238, -17047.675496062697, -27790.393267916832, -34771.42420666507, 0.056, 0.974, -0.15, 192.0, 0.0, 0.0, 0.0, 0.0, 0.0, 0.0, 0.0, 0.0, 0.0, 1.741026574730755E9, 0.0, 2025-03-03 12:29:34.730
20.0, -9700.746500581086, 1768.2241521148865, -25583.49377912209, -10516.562821455338, -167720.8295727765, -17056.012696744525, -27787.822817304474, -34775.53692764484, 0.056, 0.974, -0.15, 192.0, 0.0, 0.0, 0.0, 0.0, 0.0, 0.0, 0.0, 0.0, 0.0, 1.741026574730781E9, 0.0, 2025-03-03 12:29:34.730
21.0, -9709.553087896478, 1748.040526871744, -25578.77756104202, -10517.65805693365, -167753.5525266591, -17052.347010653855, -27787.040506248537, -34775.82750032276, 0.056, 0.974, -0.15, 192.0, 0.0, 0.0, 0.0, 0.0, 0.0, 0.0, 0.0, 0.0, 0.0, 1.74102657473082E9, 0.0, 2025-03-03 12:29:34.730
22.0, -9669.007023454551, 1824.237623719886, -25584.723125067132, -10525.391760515186, -167713.31938663954, -17062.226481703103, -27797.322308697978, -34783.69531437103, 0.056, 0.974, -0.15, 192.0, 0.0, 0.0, 0.0, 0.0, 0.0, 0.0, 0.0, 0.0, 0.0, 1.74102657473085E9, 0.0, 2025-03-03 12:29:34.730
23.0, -9641.514377774523, 1870.975121375933, -25578.30817440846, -10515.288772021386, -167689.7829997281, -17060.41599040222, -27793.187235973746, -34784.36586670469, 0.056, 0.974, -0.15, 192.0, 0.0, 0.0, 0.0, 0.0, 0.0, 0.0, 0.0, 0.0, 0.0, 1.74102657473088E9, 0.0, 2025-03-03 12:29:34.730
24.0, -9694.599770855877, 1807.496167122861, -25577.794084285986, -10505.230487016499, -167728.22800019121, -17050.491815864065, -27790.259157450102, -34783.49414867093, 0.056, 0.974, -0.15, 192.0, 0.0, 0.0, 0.0, 0.0, 0.0, 0.0, 0.0, 0.0, 0.0, 1.741026574730907E9, 0.0, 2025-03-03 12:29:34.730
25.0, -9697.997236013083, 1789.6818267919812, -25571.66970630523, -10502.79414687087, -167753.23960223672, -17051.251775175544, -27791.01911676158, -34794.06652379829, 0.056, 0.974, -0.15, 192.0, 0.0, 0.0, 0.0, 0.0, 0.0, 0.0, 0.0, 0.0, 0.0, 1.741026574730938E9, 0.0, 2025-03-03 12:29:34.730
26.0, -9639.614479495822, 1853.1384293005979, -25562.550194567466, -10502.056539303845, -167724.40585188937, -17047.586089084874, -27791.510855139597, -34788.50093942892, 0.056, 0.974, -0.15, 192.0, 0.0, 0.0, 0.0, 0.0, 0.0, 0.0, 0.0, 0.0, 0.0, 1.741026574730965E9, 0.0, 2025-03-03 12:29:34.730
27.0, -9599.403691220725, 1918.8525579992008, -25559.286839876993, -10497.809707857336, -167676.95309841074, -17043.42866461619, -27788.180445215756, -34770.08310199775, 0.056, 0.974, -0.15, 192.0, 0.0, 0.0, 0.0, 0.0, 0.0, 0.0, 0.0, 0.0, 0.0, 1.741026574730991E9, 0.0, 2025-03-03 12:29:34.730
28.0, -9661.76505825103, 1849.8974263545783, -25562.214918400638, -10500.31310323633, -167693.7839619856, -17045.529728594985, -27784.470055636175, -34773.8605468107, 0.058, 0.974, -0.154, 192.0, 1.0, 208.0, 30.0, 112.0, 251.0, 48.0, 0.0, 0.0, 0.0, 1.741026574731018E9, 0.0, 2025-03-03 12:29:34.731
29.0, -9687.290750418992, 1804.88101302159, -25552.089578162384, -10490.388928698174, -167739.42622416333, -17042.892222749262, -27779.284450922543, -34768.384369419146, 0.058, 0.974, -0.154, 192.0, 0.0, 0.0, 0.0, 0.0, 0.0, 0.0, 0.0, 0.0, 0.0, 1.741026574790884E9, 0.0, 2025-03-03 12:29:34.790
30.0, -9636.775807949998, 1859.4416212369945, -25554.347104352368, -10494.434594444585, -167720.31548265406, -17049.955373997138, -27789.230977205156, -34778.39795093512, 0.058, 0.974, -0.154, 192.0, 0.0, 0.0, 0.0, 0.0, 0.0, 0.0, 0.0, 0.0, 0.0, 1.741026574790922E9, 0.0, 2025-03-03 12:29:34.790
31.0, -9592.295836483936, 1942.1207239771754, -25565.612383557844, -10494.501649677952, -167662.49151974818, -17048.70367630764, -27793.902491796314, -34785.2599364829, 0.058, 0.974, -0.154, 192.0, 0.0, 0.0, 0.0, 0.0, 0.0, 0.0, 0.0, 0.0, 0.0, 1.741026574790947E9, 0.0, 2025-03-03 12:29:34.790
32.0, -9641.201453352149, 1889.2141448514635, -25549.89910720576, -10474.005100012435, -167680.5740810125, -17034.97970521208, -27774.992915987124, -34770.127805486656, 0.058, 0.974, -0.154, 192.0, 0.0, 0.0, 0.0, 0.0, 0.0, 0.0, 0.0, 0.0, 0.0, 1.741026574790974E9, 0.0, 2025-03-03 12:29:34.790
33.0, -9676.114878191338, 1823.432960919495, -25553.87771771881, -10469.199474954543, -167727.8480205355, -17031.09050167686, -27779.127988711356, -34772.362979932186, 0.058, 0.974, -0.154, 192.0, 0.0, 0.0, 0.0, 0.0, 0.0, 0.0, 0.0, 0.0, 0.0, 1.741026574791E9, 0.0, 2025-03-03 12:29:34.791
34.0, -9655.327755847902, 1843.974214073922, -25557.856328231854, -10465.243216185954, -167732.2960176821, -17027.760091753018, -27781.4078666458, -34774.15111948861, 0.058, 0.974, -0.154, 192.0, 0.0, 0.0, 0.0, 0.0, 0.0, 0.0, 0.0, 0.0, 0.0, 1.741026574791027E9, 0.0, 2025-03-03 12:29:34.791
35.0, -9600.431871465667, 1932.8223982837676, -25559.286839876993, -10468.864198787714, -167687.2796043491, -17033.61624880031, -27786.392305659334, -34778.62146837967, 0.058, 0.974, -0.154, 192.0, 0.0, 0.0, 0.0, 0.0, 0.0, 0.0, 0.0, 0.0, 0.0, 1.741026574791054E9, 0.0, 2025-03-03 12:29:34.791
36.0, -9646.76703772152, 1897.908973444578, -25566.797026013974, -10470.607634855227, -167685.29029909256, -17037.08076919088, -27783.26306143559, -34778.01797127938, 0.058, 0.974, -0.154, 192.0, 0.0, 0.0, 0.0, 0.0, 0.0, 0.0, 0.0, 0.0, 0.0, 1.741026574791087E9, 0.0, 2025-03-03 12:29:34.791
37.0, -9701.461756403656, 1820.974269029411, -25578.397581386278, -10473.133381978678, -167725.36697690096, -17045.820301272906, -27790.572081872477, -34785.282288227354, 0.058, 0.974, -0.154, 192.0, 0.0, 0.0, 0.0, 0.0, 0.0, 0.0, 0.0, 0.0, 0.0, 1.74102657479112E9, 0.0, 2025-03-03 12:29:34.791
38.0, -9671.577474066911, 1839.6603273940477, -25570.418008615736, -10477.98371052548, -167714.66049130686, -17046.26733616201, -27792.248462706622, -34787.00337255042, 0.056, 0.976, -0.154, 192.0, 1.0, 192.0, 30.0, 128.0, 251.0, 48.0, 0.0, 0.0, 0.0, 1.74102657479115E9, 0.0, 2025-03-03 12:29:34.791
39.0, -9616.52512747349, 1910.2694881283628, -25568.80868301495, -10484.823344328803, -167676.01432514362, -17047.116702451312, -27790.79559931703, -34787.40570395061, 0.056, 0.976, -0.154, 192.0, 0.0, 0.0, 0.0, 0.0, 0.0, 0.0, 0.0, 0.0, 0.0, 1.741026574791179E9, 0.0, 2025-03-03 12:29:34.791
40.0, -9644.263642342525, 1890.2646768408629, -25574.620136573332, -10484.197495484053, -167676.4390082883, -17040.858214003827, -27784.470055636175, -34787.27159348388, 0.056, 0.976, -0.154, 192.0, 0.0, 0.0, 0.0, 0.0, 0.0, 0.0, 0.0, 0.0, 0.0, 1.741026574791206E9, 0.0, 2025-03-03 12:29:34.791
41.0, -9725.847509604397, 1800.5000711083499, -25588.947604769186, -10506.303370750353, -167733.12303222693, -17054.179853699192, -27788.001631260115, -34790.669058641084, 0.056, 0.976, -0.154, 192.0, 0.0, 0.0, 0.0, 0.0, 0.0, 0.0, 0.0, 0.0, 0.0, 1.741026574791237E9, 0.0, 2025-03-03 12:29:34.791
42.0, -9693.10220397737, 1799.1142629521207, -25590.82515130343, -10512.450100475562, -167742.66722710934, -17063.634641603785, -27791.01911676158, -34788.590346406745, 0.056, 0.976, -0.154, 192.0, 0.0, 0.0, 0.0, 0.0, 0.0, 0.0, 0.0, 0.0, 0.0, 1.741026574791263E9, 0.0, 2025-03-03 12:29:34.791
43.0, -9631.299630558447, 1869.4104992640614, -25594.78141007202, -10518.105091822756, -167702.59054930098, -17062.986441014582, -27793.58956737394, -34793.37361972018, 0.056, 0.976, -0.154, 192.0, 0.0, 0.0, 0.0, 0.0, 0.0, 0.0, 0.0, 0.0, 0.0, 1.741026574791289E9, 0.0, 2025-03-03 12:29:34.791
44.0, -9638.675706228698, 1884.6767407270363, -25605.510247410566, -10522.284868035898, -167675.00849664313, -17072.016545774524, -27791.533206884054, -34796.59227092174, 0.056, 0.976, -0.154, 192.0, 0.0, 0.0, 0.0, 0.0, 0.0, 0.0, 0.0, 0.0, 0.0, 1.741026574851106E9, 0.0, 2025-03-03 12:29:34.851
45.0, -9695.069157489439, 1806.624449089104, -25607.588959644912, -10514.12648130971, -167698.50018006566, -17073.87174056432, -27790.080343494457, -34794.49120694294, 0.056, 0.976, -0.154, 192.0, 0.0, 0.0, 0.0, 0.0, 0.0, 0.0, 0.0, 0.0, 0.0, 1.741026574851144E9, 0.0, 2025-03-03 12:29:34.851
46.0, -9706.177974483726, 1775.8237452296908, -25599.318814196446, -10501.944780581569, -167741.1026049975, -17053.621060087808, -27780.849073034417, -34781.81776783679, 0.056, 0.976, -0.154, 192.0, 0.0, 0.0, 0.0, 0.0, 0.0, 0.0, 0.0, 0.0, 0.0, 1.741026574851171E9, 0.0, 2025-03-03 12:29:34.851
47.0, -9641.693191730164, 1847.3493274866735, -25595.92134903924, -10499.039053802378, -167724.1376309559, -17044.926231494694, -27777.228090432658, -34775.78279683385, 0.056, 0.976, -0.154, 192.0, 0.0, 0.0, 0.0, 0.0, 0.0, 0.0, 0.0, 0.0, 0.0, 1.741026574851201E9, 0.0, 2025-03-03 12:29:34.851
48.0, -9611.361874504313, 1904.9944764369104, -25601.375174686335, -10506.258667261442, -167678.1824443558, -17044.367437883313, -27778.59154684443, -34776.18512823404, 0.054, 0.974, -0.156, 192.0, 1.0, 176.0, 30.0, 112.0, 251.0, 32.0, 0.0, 0.0, 0.0, 1.741026574851228E9, 0.0, 2025-03-03 12:29:34.851
49.0, -9688.63185508631, 1819.07437075071, -25604.77263984354, -10508.60560042925, -167721.0307384766, -17053.017562987516, -27773.025962475058, -34774.97813403346, 0.054, 0.974, -0.156, 192.0, 0.0, 0.0, 0.0, 0.0, 0.0, 0.0, 0.0, 0.0, 0.0, 1.741026574851257E9, 0.0, 2025-03-03 12:29:34.851
50.0, -9701.819384314942, 1784.4738703338946, -25603.677404365233, -10518.41801624513, -167768.43878846633, -17043.920402994205, -27772.24365141912, -34770.9101165426, 0.054, 0.974, -0.156, 192.0, 0.0, 0.0, 0.0, 0.0, 0.0, 0.0, 0.0, 0.0, 0.0, 1.741026574851283E9, 0.0, 2025-03-03 12:29:34.851
51.0, -9665.654261786254, 1837.2239872484192, -25602.91744505375, -10513.902963865157, -167778.87705312695, -17041.95344948214, -27777.764532299585, -34776.65451486761, 0.054, 0.974, -0.156, 192.0, 0.0, 0.0, 0.0, 0.0, 0.0, 0.0, 0.0, 0.0, 0.0, 1.741026574851316E9, 0.0, 2025-03-03 12:29:34.851
52.0, -9633.087770114871, 1911.878813729145, -25606.985462544617, -10515.534641210395, -167744.96945678824, -17049.821263530404, -27784.090075980435, -34786.28811672785, 0.054, 0.974, -0.156, 192.0, 0.0, 0.0, 0.0, 0.0, 0.0, 0.0, 0.0, 0.0, 0.0, 1.741026574851349E9, 0.0, 2025-03-03 12:29:34.851
53.0, -9701.595866870388, 1845.9858710748997, -25625.98444533163, -10540.90387116717, -167757.88876508342, -17066.875644549804, -27791.443799906232, -34800.257957012414, 0.054, 0.974, -0.156, 192.0, 0.0, 0.0, 0.0, 0.0, 0.0, 0.0, 0.0, 0.0, 0.0, 1.741026574851382E9, 0.0, 2025-03-03 12:29:34.851
54.0, -9720.036056046016, 1803.3610943986291, -25615.769698115553, -10541.283850822909, -167793.7633149342, -17061.66768809172, -27786.392305659334, -34796.12288428818, 0.054, 0.974, -0.156, 192.0, 0.0, 0.0, 0.0, 0.0, 0.0, 0.0, 0.0, 0.0, 0.0, 1.741026574851408E9, 0.0, 2025-03-03 12:29:34.851
55.0, -9673.38796536779, 1841.9849088173996, -25605.979634044128, -10524.251821547965, -167818.30553034612, -17055.09627522186, -27787.88987253784, -34802.60489018022, 0.054, 0.974, -0.156, 192.0, 0.0, 0.0, 0.0, 0.0, 0.0, 0.0, 0.0, 0.0, 0.0, 1.741026574851434E9, 0.0, 2025-03-03 12:29:34.851
56.0, -9627.47748225659, 1934.2752616733626, -25615.367366715356, -10531.382028029208, -167766.47183495425, -17049.687153063674, -27798.372840687378, -34817.15587582062, 0.054, 0.974, -0.156, 192.0, 0.0, 0.0, 0.0, 0.0, 0.0, 0.0, 0.0, 0.0, 0.0, 1.741026574851465E9, 0.0, 2025-03-03 12:29:34.851
57.0, -9682.373366638823, 1883.0897668707094, -25627.21379127667, -10526.822272160325, -167786.92368113087, -17052.570528098408, -27796.98703253115, -34822.81086716782, 0.054, 0.974, -0.156, 192.0, 0.0, 0.0, 0.0, 0.0, 0.0, 0.0, 0.0, 0.0, 0.0, 1.741026574851492E9, 0.0, 2025-03-03 12:29:34.851
58.0, -9705.797994827986, 1817.1744724720088, -25614.003910303585, -10524.02830410341, -167858.2704494322, -17050.290650163966, -27786.146436470324, -34813.13256181867, 0.058, 0.972, -0.16, 192.0, 1.0, 208.0, 30.0, 96.0, 251.0, 0.0, 0.0, 0.0, 0.0, 1.741026574851519E9, 0.0, 2025-03-03 12:29:34.851
59.0, -9663.15086640726, 1849.6962606544807, -25616.149677771293, -10521.770777913425, -167861.95848726731, -17051.85527227584, -27796.45059066422, -34809.17630305008, 0.058, 0.972, -0.16, 192.0, 0.0, 0.0, 0.0, 0.0, 0.0, 0.0, 0.0, 0.0, 0.0, 1.741026574911382E9, 0.0, 2025-03-03 12:29:34.911
60.0, -9609.484327970067, 1933.8282267842565, -25612.618102147353, -10523.581269214304, -167825.88277171645, -17057.353801411846, -27804.3631082014, -34811.65734668462, 0.058, 0.972, -0.16, 192.0, 0.0, 0.0, 0.0, 0.0, 0.0, 0.0, 0.0, 0.0, 0.0, 1.741026574911421E9, 0.0, 2025-03-03 12:29:34.911
61.0, -9660.066325672427, 1893.9974181648993, -25623.011663319074, -10527.716341938538, -167833.81764099808, -17073.022374275013, -27812.92382632778, -34830.76808819391, 0.058, 0.972, -0.16, 192.0, 0.0, 0.0, 0.0, 0.0, 0.0, 0.0, 0.0, 0.0, 0.0, 1.741026574911451E9, 0.0, 2025-03-03 12:29:34.911
62.0, -9713.978733298629, 1805.8868415220788, -25600.50345665258, -10515.579344699305, -167905.34322325507, -17052.972859498605, -27795.5118173971, -34821.089782844756, 0.058, 0.972, -0.16, 192.0, 0.0, 0.0, 0.0, 0.0, 0.0, 0.0, 0.0, 0.0, 0.0, 1.741026574911477E9, 0.0, 2025-03-03 12:29:34.911
63.0, -9687.894247519285, 1809.2172514459196, -25592.07684899293, -10507.823289373313, -167943.22943010682, -17048.770731541008, -27786.92874752626, -34792.65836389761, 0.058, 0.972, -0.16, 192.0, 0.0, 0.0, 0.0, 0.0, 0.0, 0.0, 0.0, 0.0, 0.0, 1.741026574911504E9, 0.0, 2025-03-03 12:29:34.911
64.0, -9639.122741117804, 1879.9828743914218, -25599.63173861882, -10514.215888287532, -167925.70566245387, -17041.95344948214, -27796.092962752937, -34800.48147445697, 0.058, 0.972, -0.16, 192.0, 0.0, 0.0, 0.0, 0.0, 0.0, 0.0, 0.0, 0.0, 0.0, 1.741026574911531E9, 0.0, 2025-03-03 12:29:34.911
65.0, -9675.690195046687, 1871.6680254540474, -25610.98642480212, -10511.332513252797, -167918.2848832947, -17050.08948446387, -27793.947195285225, -34802.69429715804, 0.058, 0.972, -0.16, 192.0, 0.0, 0.0, 0.0, 0.0, 0.0, 0.0, 0.0, 0.0, 0.0, 1.741026574911558E9, 0.0, 2025-03-03 12:29:34.911
66.0, -9721.332457224424, 1785.010312200822, -25610.40527944628, -10502.592981170772, -167982.00970673678, -17044.300382649944, -27789.678012094264, -34799.09566630074, 0.058, 0.972, -0.16, 192.0, 0.0, 0.0, 0.0, 0.0, 0.0, 0.0, 0.0, 0.0, 0.0, 1.741026574911592E9, 0.0, 2025-03-03 12:29:34.911
67.0, -9717.957343811673, 1771.2416376163528, -25615.25560799308, -10509.0302835739, -168026.28851250274, -17044.70271405014, -27790.79559931703, -34798.55922443381, 0.058, 0.972, -0.16, 192.0, 0.0, 0.0, 0.0, 0.0, 0.0, 0.0, 0.0, 0.0, 0.0, 1.741026574911627E9, 0.0, 2025-03-03 12:29:34.911
68.0, -9641.693191730164, 1862.5932172051928, -25619.88241909533, -10494.144021766666, -167992.4926748863, -17044.41214137222, -27791.868483050883, -34801.28613725735, 0.06, 0.976, -0.164, 192.0, 1.0, 224.0, 30.0, 128.0, 250.0, 224.0, 0.0, 0.0, 0.0, 1.741026574911657E9, 0.0, 2025-03-03 12:29:34.911
69.0, -9644.017773153517, 1900.4123688235725, -25632.466451223667, -10492.64645488816, -167942.89415394, -17046.580260584386, -27797.523474398076, -34802.53783494685, 0.06, 0.976, -0.164, 192.0, 0.0, 0.0, 0.0, 0.0, 0.0, 0.0, 0.0, 0.0, 0.0, 1.74102657491169E9, 0.0, 2025-03-03 12:29:34.911
70.0, -9695.516192378545, 1814.5146148818274, -25624.464526708667, -10484.957454795534, -167976.80175027868, -17040.925269237196, -27787.107561481902, -34796.771084877386, 0.06, 0.976, -0.164, 192.0, 0.0, 0.0, 0.0, 0.0, 0.0, 0.0, 0.0, 0.0, 0.0, 1.741026574911717E9, 0.0, 2025-03-03 12:29:34.911
71.0, -9723.5452799255, 1783.982131955878, -25635.618047191867, -10502.12359453721, -168029.14953579303, -17056.035048488982, -27796.830570319962, -34813.37843100768, 0.06, 0.976, -0.164, 192.0, 0.0, 0.0, 0.0, 0.0, 0.0, 0.0, 0.0, 0.0, 0.0, 1.741026574911746E9, 0.0, 2025-03-03 12:29:34.911
72.0, -9656.937081448685, 1857.6981851694807, -25614.40624170378, -10497.362672968231, -168023.69571014593, -17055.409199644233, -27788.40396266031, -34798.022782566884, 0.06, 0.976, -0.164, 192.0, 0.0, 0.0, 0.0, 0.0, 0.0, 0.0, 0.0, 0.0, 0.0, 1.741026574911772E9, 0.0, 2025-03-03 12:29:34.911
73.0, -9623.588278721367, 1913.8234154967565, -25608.952416056683, -10512.494803964473, -167992.4479713974, -17055.81153104443, -27784.246538191623, -34790.73611387445, 0.06, 0.976, -0.164, 192.0, 0.0, 0.0, 0.0, 0.0, 0.0, 0.0, 0.0, 0.0, 0.0, 1.741026574911799E9, 0.0, 2025-03-03 12:29:34.911
74.0, -9690.174125453726, 1840.3085279832517, -25612.662805636264, -10499.821364858313, -168027.1602305365, -17044.121568694303, -27783.419523646775, -34797.531044188865, 0.06, 0.976, -0.164, 192.0, 0.0, 0.0, 0.0, 0.0, 0.0, 0.0, 0.0, 0.0, 0.0, 1.741026574971605E9, 0.0, 2025-03-03 12:29:34.971
75.0, -9704.993332027594, 1810.0219142463106, -25609.019471290052, -10498.212039257533, -168070.5226147798, -17040.679400048186, -27783.21835794668, -34788.05390453982, 0.06, 0.976, -0.164, 192.0, 0.0, 0.0, 0.0, 0.0, 0.0, 0.0, 0.0, 0.0, 0.0, 1.741026574971647E9, 0.0, 2025-03-03 12:29:34.971
76.0, -9662.793238495975, 1853.227836278419, -25613.467468436655, -10518.015684844933, -168068.55566126772, -17051.497644364554, -27788.962756271692, -34803.32014600279, 0.06, 0.976, -0.164, 192.0, 0.0, 0.0, 0.0, 0.0, 0.0, 0.0, 0.0, 0.0, 0.0, 1.741026574971678E9, 0.0, 2025-03-03 12:29:34.971
77.0, -9609.484327970067, 1924.909880746589, -25614.45094519269, -10522.441330247084, -168000.11461974558, -17047.831958273884, -27792.20375921771, -34795.87701509917, 0.06, 0.976, -0.162, 192.0, 1.0, 224.0, 30.0, 128.0, 250.0, 240.0, 0.0, 0.0, 0.0, 1.741026574971704E9, 0.0, 2025-03-03 12:29:34.971
78.0, -9689.838849286896, 1838.4756849379164, -25613.847448092398, -10507.80093762886, -168047.92500113547, -17043.026333215992, -27780.69261082323, -34782.35420970371, 0.06, 0.976, -0.162, 192.0, 0.0, 0.0, 0.0, 0.0, 0.0, 0.0, 0.0, 0.0, 0.0, 1.741026574971732E9, 0.0, 2025-03-03 12:29:34.971
79.0, -9719.790186857008, 1783.0210069442996, -25608.773602101042, -10503.419995715618, -168116.32133916873, -17043.674533805195, -27778.099808466413, -34784.92466031607, 0.06, 0.976, -0.162, 192.0, 0.0, 0.0, 0.0, 0.0, 0.0, 0.0, 0.0, 0.0, 0.0, 1.741026574971759E9, 0.0, 2025-03-03 12:29:34.971
80.0, -9648.71163948913, 1829.26676622233, -25598.916482796252, -10511.667789419627, -168116.45544963545, -17043.18279542718, -27780.983183501146, -34788.433884195554, 0.06, 0.976, -0.162, 192.0, 0.0, 0.0, 0.0, 0.0, 0.0, 0.0, 0.0, 0.0, 0.0, 1.741026574971786E9, 0.0, 2025-03-03 12:29:34.971
81.0, -9591.334711472358, 1906.9167264600667, -25602.78333458702, -10511.26545801943, -168081.58672828518, -17044.61330707232, -27785.83351204795, -34794.49120694294, 0.06, 0.976, -0.162, 192.0, 0.0, 0.0, 0.0, 0.0, 0.0, 0.0, 0.0, 0.0, 0.0, 1.741026574971812E9, 0.0, 2025-03-03 12:29:34.971
82.0, -9648.778694722498, 1861.1850573045085, -25616.48495393812, -10519.625010445716, -168087.44288533245, -17056.213862444623, -27792.673145851273, -34805.287099514855, 0.06, 0.976, -0.162, 192.0, 0.0, 0.0, 0.0, 0.0, 0.0, 0.0, 0.0, 0.0, 0.0, 1.741026574971844E9, 0.0, 2025-03-03 12:29:34.971
83.0, -9702.44523315969, 1797.236716417875, -25604.97380554364, -10504.381120727197, -168131.56522888725, -17049.32952515239, -27781.45257013471, -34799.274480256376, 0.06, 0.976, -0.162, 192.0, 0.0, 0.0, 0.0, 0.0, 0.0, 0.0, 0.0, 0.0, 0.0, 1.741026574971877E9, 0.0, 2025-03-03 12:29:34.971
84.0, -9717.555012411478, 1804.0316467322884, -25601.755154342074, -10509.611428929738, -168163.50587171386, -17048.547214096452, -27779.351506155912, -34792.52425343088, 0.06, 0.976, -0.162, 192.0, 0.0, 0.0, 0.0, 0.0, 0.0, 0.0, 0.0, 0.0, 0.0, 1.741026574971911E9, 0.0, 2025-03-03 12:29:34.971
85.0, -9652.086752901883, 1881.4133860365614, -25590.556930369967, -10505.789280627881, -168121.17166771553, -17036.141995923757, -27782.391343401832, -34789.015029551396, 0.06, 0.976, -0.162, 192.0, 0.0, 0.0, 0.0, 0.0, 0.0, 0.0, 0.0, 0.0, 0.0, 1.741026574971937E9, 0.0, 2025-03-03 12:29:34.971
86.0, -9654.992479681074, 1845.5388361857936, -25588.813494302452, -10495.619236900717, -168111.71687981093, -17036.521975579497, -27780.69261082323, -34790.69141038554, 0.06, 0.976, -0.162, 192.0, 0.0, 0.0, 0.0, 0.0, 0.0, 0.0, 0.0, 0.0, 0.0, 1.741026574971967E9, 0.0, 2025-03-03 12:29:34.971
87.0, -9697.036111001506, 1761.719794478392, -25587.36063091286, -10496.446251445563, -168146.85382209468, -17040.880565748284, -27783.866558535883, -34800.03443956786, 0.058, 0.972, -0.156, 192.0, 1.0, 208.0, 30.0, 96.0, 251.0, 32.0, 0.0, 0.0, 0.0, 1.741026574971995E9, 0.0, 2025-03-03 12:29:34.971
88.0, -9693.4374801442, 1762.882085190068, -25588.232348946614, -10506.817460872826, -168143.21048774847, -17045.08269370588, -27790.21445396119, -34811.03149783987, 0.058, 0.972, -0.156, 192.0, 0.0, 0.0, 0.0, 0.0, 0.0, 0.0, 0.0, 0.0, 0.0, 1.741026574972023E9, 0.0, 2025-03-03 12:29:34.972
89.0, -9631.389037536268, 1836.7098971259472, -25575.737723796097, -10502.83885035978, -168108.87820826512, -17039.494757592056, -27781.944308512728, -34798.38041047817, 0.058, 0.972, -0.156, 192.0, 0.0, 0.0, 0.0, 0.0, 0.0, 0.0, 0.0, 0.0, 0.0, 1.741026575030969E9, 0.0, 2025-03-03 12:29:35.030
90.0, -9654.925424447707, 1823.2764987083078, -25584.968994256138, -10505.40930097214, -168099.91515873853, -17030.75522551003, -27778.122160210867, -34785.93048881656, 0.058, 0.972, -0.156, 192.0, 0.0, 0.0, 0.0, 0.0, 0.0, 0.0, 0.0, 0.0, 0.0, 1.741026575031035E9, 0.0, 2025-03-03 12:29:35.031
91.0, -9717.957343811673, 1734.5847767096493, -25585.393677400793, -10503.352940482253, -168156.86740361064, -17036.969010468605, -27778.144511955325, -34794.35709647621, 0.058, 0.972, -0.156, 192.0, 0.0, 0.0, 0.0, 0.0, 0.0, 0.0, 0.0, 0.0, 0.0, 1.741026575031069E9, 0.0, 2025-03-03 12:29:35.031
92.0, -9708.659018118266, 1740.7315064348588, -25580.833921531907, -10509.387911485186, -168171.3960375066, -17037.550155824443, -27781.92195676827, -34795.295869743335, 0.058, 0.972, -0.156, 192.0, 0.0, 0.0, 0.0, 0.0, 0.0, 0.0, 0.0, 0.0, 0.0, 1.741026575031095E9, 0.0, 2025-03-03 12:29:35.031
93.0, -9642.989592908572, 1827.0762952657099, -25571.759113283053, -10513.74650165397, -168123.92093228354, -17037.863080246818, -27785.922919025772, -34798.17924477807, 0.058, 0.972, -0.156, 192.0, 0.0, 0.0, 0.0, 0.0, 0.0, 0.0, 0.0, 0.0, 0.0, 1.741026575031122E9, 0.0, 2025-03-03 12:29:35.031
94.0, -9639.614479495822, 1853.585464189704, -25579.71633430914, -10521.949591869068, -168083.3748678416, -17044.05451346094, -27788.94040452724, -34804.97417509248, 0.058, 0.972, -0.156, 192.0, 0.0, 0.0, 0.0, 0.0, 0.0, 0.0, 0.0, 0.0, 0.0, 1.741026575031148E9, 0.0, 2025-03-03 12:29:35.031
95.0, -9707.139099495304, 1770.235809115864, -25569.769808026533, -10508.359731240242, -168129.2853509528, -17041.282897148478, -27777.943346255226, -34801.17437853508, 0.058, 0.972, -0.156, 192.0, 0.0, 0.0, 0.0, 0.0, 0.0, 0.0, 0.0, 0.0, 0.0, 1.741026575031175E9, 0.0, 2025-03-03 12:29:35.031
96.0, -9700.590038369899, 1765.4748875468836, -25572.429665616713, -10499.150812524655, -168132.61576087665, -17045.529728594985, -27785.364125414388, -34809.01984083889, 0.058, 0.972, -0.156, 192.0, 0.0, 0.0, 0.0, 0.0, 0.0, 0.0, 0.0, 0.0, 0.0, 1.741026575031201E9, 0.0, 2025-03-03 12:29:35.031
97.0, -9643.526034775501, 1843.8624553516456, -25570.596822571377, -10496.26743748992, -168074.4788735484, -17040.433530859176, -27788.269852193578, -34814.78659090836, 0.058, 0.966, -0.15, 192.0, 1.0, 208.0, 30.0, 48.0, 251.0, 80.0, 0.0, 0.0, 0.0, 1.741026575031231E9, 0.0, 2025-03-03 12:29:35.031
98.0, -9616.547479217945, 1896.679627499536, -25570.619174315834, -10489.718376364515, -168023.9192275905, -17037.84072850236, -27787.711058582194, -34829.42698352659, 0.058, 0.966, -0.15, 192.0, 0.0, 0.0, 0.0, 0.0, 0.0, 0.0, 0.0, 0.0, 0.0, 1.741026575031266E9, 0.0, 2025-03-03 12:29:35.031
99.0, -9706.692064606199, 1809.7313415683916, -25573.16727318374, -10493.451117688552, -168070.45555954642, -17040.61234481482, -27779.06093347799, -34820.598044466744, 0.058, 0.966, -0.15, 192.0, 0.0, 0.0, 0.0, 0.0, 0.0, 0.0, 0.0, 0.0, 0.0, 1.7410265750313E9, 0.0, 2025-03-03 12:29:35.031
100.0, -9730.407265473279, 1780.5176115653053, -25573.949584239672, -10498.659074146637, -168096.7859145148, -17044.121568694303, -27779.86559627838, -34798.447465711535, 0.058, 0.966, -0.15, 192.0, 0.0, 0.0, 0.0, 0.0, 0.0, 0.0, 0.0, 0.0, 0.0, 1.741026575031328E9, 0.0, 2025-03-03 12:29:35.031
101.0, -9681.211075927147, 1835.5476064142713, -25571.11091269385, -10499.195516013566, -168075.2164811154, -17030.576411554386, -27782.30193642401, -34803.45425646952, 0.058, 0.966, -0.15, 192.0, 0.0, 0.0, 0.0, 0.0, 0.0, 0.0, 0.0, 0.0, 0.0, 1.741026575031355E9, 0.0, 2025-03-03 12:29:35.031
102.0, -9615.09461582835, 1909.3754183501505, -25568.42870335921, -10505.31989399432, -168012.1175065181, -17039.494757592056, -27783.26306143559, -34812.93139611857, 0.058, 0.966, -0.15, 192.0, 0.0, 0.0, 0.0, 0.0, 0.0, 0.0, 0.0, 0.0, 0.0, 1.741026575031385E9, 0.0, 2025-03-03 12:29:35.031
103.0, -9686.843715529885, 1823.745885341869, -25574.798950528973, -10505.342245738775, -168045.66747494548, -17049.217766430113, -27783.486578880143, -34817.62526245419, 0.058, 0.966, -0.15, 192.0, 0.0, 0.0, 0.0, 0.0, 0.0, 0.0, 0.0, 0.0, 0.0, 1.741026575031412E9, 0.0, 2025-03-03 12:29:35.031
104.0, -9717.532660667022, 1770.4593265604171, -25572.407313872256, -10507.51036495094, -168081.74319049637, -17037.259583146522, -27783.21835794668, -34816.12769557568, 0.058, 0.966, -0.15, 192.0, 0.0, 0.0, 0.0, 0.0, 0.0, 0.0, 0.0, 0.0, 0.0, 1.741026575090855E9, 0.0, 2025-03-03 12:29:35.090
105.0, -9686.217866685136, 1802.623486831604, -25569.00984871505, -10519.200327301065, -168078.30102185023, -17035.98553371257, -27784.514759125086, -34819.636919455166, 0.058, 0.966, -0.15, 192.0, 0.0, 0.0, 0.0, 0.0, 0.0, 0.0, 0.0, 0.0, 0.0, 1.741026575090893E9, 0.0, 2025-03-03 12:29:35.090
106.0, -9636.060552127428, 1887.9177436730558, -25576.542386596488, -10524.56474597034, -168015.9620065644, -17043.383961127278, -27788.3592591714, -34825.24720731345, 0.058, 0.966, -0.15, 192.0, 0.0, 0.0, 0.0, 0.0, 0.0, 0.0, 0.0, 0.0, 0.0, 1.741026575090923E9, 0.0, 2025-03-03 12:29:35.090
107.0, -9692.342244665891, 1838.74390587138, -25584.812532044954, -10523.782434914403, -168017.906608332, -17054.425722888198, -27787.040506248537, -34827.54943699234, 0.06, 0.974, -0.152, 192.0, 1.0, 224.0, 30.0, 112.0, 251.0, 64.0, 0.0, 0.0, 0.0, 1.741026575090953E9, 0.0, 2025-03-03 12:29:35.090
108.0, -9743.728905168642, 1759.7081374774145, -25573.055514461463, -10505.565763183327, -168079.55271953973, -17036.90195523524, -27772.86950026387, -34815.94888162004, 0.06, 0.974, -0.152, 192.0, 0.0, 0.0, 0.0, 0.0, 0.0, 0.0, 0.0, 0.0, 0.0, 1.741026575090986E9, 0.0, 2025-03-03 12:29:35.090
109.0, -9710.961247797162, 1784.1832976559756, -25579.761037798053, -10518.395664500675, -168074.18830087048, -17048.36840014081, -27788.3592591714, -34828.39880328164, 0.06, 0.974, -0.152, 192.0, 0.0, 0.0, 0.0, 0.0, 0.0, 0.0, 0.0, 0.0, 0.0, 1.741026575091013E9, 0.0, 2025-03-03 12:29:35.091
110.0, -9664.491971074578, 1859.6427869370923, -25587.71825882414, -10517.635705189194, -168029.6636259155, -17049.55304259694, -27794.93067204126, -34833.94203590656, 0.06, 0.974, -0.152, 192.0, 0.0, 0.0, 0.0, 0.0, 0.0, 0.0, 0.0, 0.0, 0.0, 1.74102657509104E9, 0.0, 2025-03-03 12:29:35.091
111.0, -9694.711529578153, 1834.9888128028886, -25588.5899768579, -10517.613353444738, -168018.33129147664, -17046.312039650922, -27789.96858477218, -34836.80305919684, 0.06, 0.974, -0.152, 192.0, 0.0, 0.0, 0.0, 0.0, 0.0, 0.0, 0.0, 0.0, 0.0, 1.741026575091068E9, 0.0, 2025-03-03 12:29:35.091
112.0, -9727.680352649732, 1757.8082391987134, -25586.511264623558, -10515.534641210395, -168057.7150652069, -17051.56469959792, -27788.247500449124, -34851.39874832615, 0.06, 0.974, -0.152, 192.0, 0.0, 0.0, 0.0, 0.0, 0.0, 0.0, 0.0, 0.0, 0.0, 1.741026575091096E9, 0.0, 2025-03-03 12:29:35.091
113.0, -9718.940820567706, 1768.335910837163, -25594.244968205094, -10523.670676192127, -168045.73453017886, -17052.190548442668, -27795.087134252448, -34837.63007374168, 0.06, 0.974, -0.152, 192.0, 0.0, 0.0, 0.0, 0.0, 0.0, 0.0, 0.0, 0.0, 0.0, 1.741026575091129E9, 0.0, 2025-03-03 12:29:35.091
114.0, -9669.252892643559, 1843.594234418182, -25584.00786924456, -10516.629876688705, -168001.0980965016, -17048.3236966519, -27792.919015040283, -34825.31426254681, 0.06, 0.974, -0.152, 192.0, 0.0, 0.0, 0.0, 0.0, 0.0, 0.0, 0.0, 0.0, 0.0, 1.741026575091162E9, 0.0, 2025-03-03 12:29:35.091
115.0, -9660.736878006086, 1860.7603741598577, -25574.553081339967, -10505.565763183327, -167961.17788090443, -17049.150711196748, -27789.186273716245, -34822.38618402317, 0.06, 0.974, -0.152, 192.0, 0.0, 0.0, 0.0, 0.0, 0.0, 0.0, 0.0, 0.0, 0.0, 1.741026575091187E9, 0.0, 2025-03-03 12:29:35.091
116.0, -9743.371277257356, 1768.335910837163, -25586.891244279297, -10508.627952173705, -168012.51983791828, -17041.640525059764, -27788.381610915854, -34826.342442791756, 0.06, 0.974, -0.152, 192.0, 0.0, 0.0, 0.0, 0.0, 0.0, 0.0, 0.0, 0.0, 0.0, 1.741026575091214E9, 0.0, 2025-03-03 12:29:35.091
117.0, -9742.074876078948, 1758.5458467657384, -25577.592918585888, -10497.854411346247, -168041.91238187702, -17030.66581853221, -27786.63817484834, -34823.01203286791, 0.058, 0.974, -0.152, 192.0, 1.0, 208.0, 30.0, 112.0, 251.0, 64.0, 0.0, 0.0, 0.0, 1.741026575091245E9, 0.0, 2025-03-03 12:29:35.091
118.0, -9665.944834464173, 1848.8915978540897, -25581.862101776853, -10509.231449273999, -167976.82410202315, -17041.215841915113, -27798.752820343117, -34833.33853880627, 0.058, 0.974, -0.152, 192.0, 0.0, 0.0, 0.0, 0.0, 0.0, 0.0, 0.0, 0.0, 0.0, 1.741026575091273E9, 0.0, 2025-03-03 12:29:35.091
119.0, -9647.795217966464, 1886.1519558610864, -25571.401485371767, -10501.721263137015, -167929.9748456448, -17041.238193659567, -27788.471017893677, -34831.863323672216, 0.058, 0.974, -0.152, 192.0, 0.0, 0.0, 0.0, 0.0, 0.0, 0.0, 0.0, 0.0, 0.0, 1.74102657515162E9, 0.0, 2025-03-03 12:29:35.151
120.0, -9720.97482931314, 1801.5729548422046, -25582.53265411051, -10505.856335861246, -167976.86880551206, -17041.908745993227, -27796.78586683105, -34841.09459413226, 0.058, 0.974, -0.152, 192.0, 0.0, 0.0, 0.0, 0.0, 0.0, 0.0, 0.0, 0.0, 0.0, 1.741026575151697E9, 0.0, 2025-03-03 12:29:35.151
121.0, -9725.132253781827, 1786.68669303497, -25593.887340293808, -10525.07883609281, -167982.3449829036, -17055.006868244036, -27805.59245414644, -34846.682530246086, 0.058, 0.974, -0.152, 192.0, 0.0, 0.0, 0.0, 0.0, 0.0, 0.0, 0.0, 0.0, 0.0, 1.741026575151728E9, 0.0, 2025-03-03 12:29:35.151
122.0, -9679.780564282008, 1839.9285483275114, -25579.269299420037, -10513.254763275954, -167977.40524737898, -17047.496682107056, -27798.39519243183, -34835.88663767417, 0.058, 0.974, -0.152, 192.0, 0.0, 0.0, 0.0, 0.0, 0.0, 0.0, 0.0, 0.0, 0.0, 1.741026575151758E9, 0.0, 2025-03-03 12:29:35.151
123.0, -9667.598863553865, 1887.6271709951368, -25586.712430323652, -10517.74746391147, -167947.40920631998, -17050.4247606307, -27802.597320389432, -34836.221913841, 0.058, 0.974, -0.152, 192.0, 0.0, 0.0, 0.0, 0.0, 0.0, 0.0, 0.0, 0.0, 0.0, 1.741026575151785E9, 0.0, 2025-03-03 12:29:35.151
124.0, -9731.368390484857, 1810.0666177352211, -25592.43447690421, -10519.93793486809, -167968.17397691894, -17053.799874043452, -27804.96660530169, -34839.84289644276, 0.058, 0.974, -0.152, 192.0, 0.0, 0.0, 0.0, 0.0, 0.0, 0.0, 0.0, 0.0, 0.0, 1.741026575151812E9, 0.0, 2025-03-03 12:29:35.151
125.0, -9734.899966108796, 1771.3980998275401, -25592.68034609322, -10518.50742322295, -167996.8512650551, -17050.60357458634, -27809.07932628147, -34845.22966685649, 0.058, 0.974, -0.152, 192.0, 0.0, 0.0, 0.0, 0.0, 0.0, 0.0, 0.0, 0.0, 0.0, 1.741026575151838E9, 0.0, 2025-03-03 12:29:35.151
126.0, -9678.059479958949, 1830.071429022721, -25585.192511700694, -10515.869917377224, -167958.2498023808, -17051.743513553563, -27811.69448038274, -34848.358911080235, 0.058, 0.974, -0.152, 192.0, 0.0, 0.0, 0.0, 0.0, 0.0, 0.0, 0.0, 0.0, 0.0, 1.741026575151866E9, 0.0, 2025-03-03 12:29:35.151
127.0, -9657.115895404328, 1890.354083818684, -25592.657994348767, -10524.02830410341, -167903.10804880955, -17053.688115321173, -27811.090983282447, -34854.773861738904, 0.06, 0.968, -0.154, 192.0, 1.0, 224.0, 30.0, 64.0, 251.0, 48.0, 0.0, 0.0, 0.0, 1.741026575151897E9, 0.0, 2025-03-03 12:29:35.151
128.0, -9733.536509697022, 1816.9509550274558, -25597.307157195468, -10522.687199436094, -167926.7785461877, -17055.252737433046, -27809.056974537012, -34852.672797760104, 0.06, 0.968, -0.154, 192.0, 0.0, 0.0, 0.0, 0.0, 0.0, 0.0, 0.0, 0.0, 0.0, 1.741026575151935E9, 0.0, 2025-03-03 12:29:35.151
129.0, -9737.448064976701, 1772.5827422836712, -25578.598747086377, -10516.160490055143, -167951.4995755553, -17045.574432083897, -27799.26691046559, -34836.80305919684, 0.06, 0.968, -0.154, 192.0, 0.0, 0.0, 0.0, 0.0, 0.0, 0.0, 0.0, 0.0, 0.0, 1.741026575151965E9, 0.0, 2025-03-03 12:29:35.151
130.0, -9700.63474185881, 1807.2055944449419, -25576.408276129758, -10520.98846685749, -167942.91650568444, -17042.46753960461, -27800.07157326598, -34838.479440030984, 0.06, 0.968, -0.154, 192.0, 0.0, 0.0, 0.0, 0.0, 0.0, 0.0, 0.0, 0.0, 0.0, 1.741026575151995E9, 0.0, 2025-03-03 12:29:35.151
131.0, -9654.81366572543, 1876.8312784232235, -25582.77852329952, -10535.494749008983, -167906.57256920013, -17055.09627522186, -27804.60897739041, -34849.32003609181, 0.06, 0.968, -0.154, 192.0, 0.0, 0.0, 0.0, 0.0, 0.0, 0.0, 0.0, 0.0, 0.0, 1.741026575152021E9, 0.0, 2025-03-03 12:29:35.152
132.0, -9696.857297045863, 1821.7565800853467, -25576.45297961867, -10522.84366164728, -167922.59876997457, -17047.429626873687, -27799.468076165685, -34850.48232680349, 0.06, 0.968, -0.154, 192.0, 0.0, 0.0, 0.0, 0.0, 0.0, 0.0, 0.0, 0.0, 0.0, 1.741026575152051E9, 0.0, 2025-03-03 12:29:35.152
133.0, -9743.840663890918, 1745.559483237205, -25576.63179357431, -10521.904888380157, -167975.84062526713, -17041.908745993227, -27800.250387221622, -34854.10330940525, 0.06, 0.968, -0.154, 192.0, 0.0, 0.0, 0.0, 0.0, 0.0, 0.0, 0.0, 0.0, 0.0, 1.741026575152078E9, 0.0, 2025-03-03 12:29:35.152
134.0, -9709.083701262916, 1782.395158099551, -25569.769808026533, -10531.31497279584, -167957.8474709806, -17044.568603583408, -27800.339794199444, -34848.64948375815, 0.06, 0.968, -0.154, 192.0, 0.0, 0.0, 0.0, 0.0, 0.0, 0.0, 0.0, 0.0, 0.0, 1.741026575211376E9, 0.0, 2025-03-03 12:29:35.211
135.0, -9643.078999886395, 1875.557228989271, -25568.048723703472, -10528.141025083189, -167884.131417767, -17049.731856552586, -27805.100715768425, -34850.035291914384, 0.06, 0.968, -0.154, 192.0, 0.0, 0.0, 0.0, 0.0, 0.0, 0.0, 0.0, 0.0, 0.0, 1.741026575211406E9, 0.0, 2025-03-03 12:29:35.211
136.0, -9692.766927810542, 1842.297833239774, -25579.649279075777, -10530.957344884557, -167872.75437983923, -17056.37032465581, -27806.97826230267, -34867.84963224526, 0.06, 0.968, -0.154, 192.0, 0.0, 0.0, 0.0, 0.0, 0.0, 0.0, 0.0, 0.0, 0.0, 1.741026575211447E9, 0.0, 2025-03-03 12:29:35.211
137.0, -9750.747352927609, 1752.3544135516183, -25579.58222384241, -10530.286792550898, -167926.0856421096, -17048.480158863087, -27803.469038423187, -34855.89144896167, 0.062, 0.966, -0.15, 192.0, 1.0, 240.0, 30.0, 48.0, 251.0, 80.0, 0.0, 0.0, 0.0, 1.741026575211478E9, 0.0, 2025-03-03 12:29:35.211
138.0, -9728.708532894676, 1749.046355372233, -25575.111874951348, -10534.265403063942, -167942.0447876507, -17048.100179207348, -27803.35727970091, -34849.409443069635, 0.062, 0.966, -0.15, 192.0, 0.0, 0.0, 0.0, 0.0, 0.0, 0.0, 0.0, 0.0, 0.0, 1.741026575211507E9, 0.0, 2025-03-03 12:29:35.211
139.0, -9666.660090286743, 1832.3736587016176, -25581.884453521307, -10536.299411809376, -167882.76796135522, -17052.90580426524, -27811.850942593926, -34861.81466124233, 0.062, 0.966, -0.15, 192.0, 0.0, 0.0, 0.0, 0.0, 0.0, 0.0, 0.0, 0.0, 0.0, 1.741026575211533E9, 0.0, 2025-03-03 12:29:35.211
140.0, -9686.35197715187, 1844.1977315184752, -25581.39271514329, -10533.840719919292, -167841.90897249093, -17034.51031857852, -27803.64785237883, -34847.95657968004, 0.062, 0.966, -0.15, 192.0, 0.0, 0.0, 0.0, 0.0, 0.0, 0.0, 0.0, 0.0, 0.0, 1.741026575211559E9, 0.0, 2025-03-03 12:29:35.211
141.0, -9750.322669782958, 1763.9102654350122, -25587.29357567949, -10536.142949598188, -167859.63390584398, -17050.156539697236, -27808.095849525434, -34856.85257397325, 0.062, 0.966, -0.15, 192.0, 0.0, 0.0, 0.0, 0.0, 0.0, 0.0, 0.0, 0.0, 0.0, 1.741026575211586E9, 0.0, 2025-03-03 12:29:35.211
142.0, -9747.819274403962, 1746.0288698707666, -25582.756171555066, -10525.525870981917, -167875.95067929634, -17053.26343217652, -27807.559407658508, -34860.160632152634, 0.062, 0.966, -0.15, 192.0, 0.0, 0.0, 0.0, 0.0, 0.0, 0.0, 0.0, 0.0, 0.0, 1.741026575211613E9, 0.0, 2025-03-03 12:29:35.211
143.0, -9661.943872206673, 1818.3814666725955, -25578.397581386278, -10528.923336139123, -167855.02944648618, -17056.437379889176, -27812.655605394317, -34866.17325141111, 0.062, 0.966, -0.15, 192.0, 0.0, 0.0, 0.0, 0.0, 0.0, 0.0, 0.0, 0.0, 0.0, 1.741026575211646E9, 0.0, 2025-03-03 12:29:35.211
144.0, -9654.545444791967, 1866.6612346960587, -25586.623023345834, -10536.522929253928, -167796.53493124663, -17059.544272368465, -27817.32711998548, -34862.41815834262, 0.062, 0.966, -0.15, 192.0, 0.0, 0.0, 0.0, 0.0, 0.0, 0.0, 0.0, 0.0, 0.0, 1.74102657521168E9, 0.0, 2025-03-03 12:29:35.211
145.0, -9745.673506936253, 1773.2309428728752, -25589.305232680468, -10535.584155986806, -167830.12960316296, -17053.017562987516, -27806.866503580393, -34858.37249259621, 0.062, 0.966, -0.15, 192.0, 0.0, 0.0, 0.0, 0.0, 0.0, 0.0, 0.0, 0.0, 0.0, 1.74102657521171E9, 0.0, 2025-03-03 12:29:35.211
146.0, -9769.120486869871, 1740.5750442236715, -25582.82322678843, -10529.549184983873, -167872.4191036724, -17051.4752926201, -27801.45738142221, -34862.14993740916, 0.062, 0.966, -0.15, 192.0, 0.0, 0.0, 0.0, 0.0, 0.0, 0.0, 0.0, 0.0, 0.0, 1.741026575211737E9, 0.0, 2025-03-03 12:29:35.211
147.0, -9689.30240741997, 1816.7944928162688, -25576.43062787421, -10532.410208274152, -167844.99351322575, -17042.534594837976, -27807.98409080316, -34855.33265535029, 0.064, 0.972, -0.148, 192.0, 2.0, 0.0, 30.0, 96.0, 251.0, 96.0, 0.0, 0.0, 0.0, 1.741026575211767E9, 0.0, 2025-03-03 12:29:35.211
148.0, -9659.954566950151, 1884.6320372381256, -25588.76879081354, -10548.525816026427, -167779.36879150497, -17060.61715610232, -27817.617692663396, -34862.08288217579, 0.064, 0.972, -0.148, 192.0, 0.0, 0.0, 0.0, 0.0, 0.0, 0.0, 0.0, 0.0, 0.0, 1.741026575211796E9, 0.0, 2025-03-03 12:29:35.211
149.0, -9749.316841282469, 1794.107472194132, -25597.59772987339, -10534.578327486317, -167815.7574314782, -17056.37032465581, -27815.65073915133, -34861.03235018639, 0.064, 0.972, -0.148, 192.0, 0.0, 0.0, 0.0, 0.0, 0.0, 0.0, 0.0, 0.0, 0.0, 1.741026575271659E9, 0.0, 2025-03-03 12:29:35.271
150.0, -9767.064126379983, 1749.4710385168837, -25586.91359602375, -10515.534641210395, -167853.35306565205, -17038.377170369287, -27808.475829181178, -34852.09165240427, 0.064, 0.972, -0.148, 192.0, 0.0, 0.0, 0.0, 0.0, 0.0, 0.0, 0.0, 0.0, 0.0, 1.741026575271689E9, 0.0, 2025-03-03 12:29:35.271
151.0, -9709.374273940835, 1788.6759982914923, -25582.666764577243, -10531.180862329109, -167842.04308295765, -17048.100179207348, -27814.533151928565, -34859.80300424135, 0.064, 0.972, -0.148, 192.0, 0.0, 0.0, 0.0, 0.0, 0.0, 0.0, 0.0, 0.0, 0.0, 1.741026575271728E9, 0.0, 2025-03-03 12:29:35.271
152.0, -9663.240273385081, 1864.783688161813, -25599.385869429814, -10551.967984672545, -167769.3999134779, -17058.18081595669, -27826.066652067504, -34871.02357995792, 0.064, 0.972, -0.148, 192.0, 0.0, 0.0, 0.0, 0.0, 0.0, 0.0, 0.0, 0.0, 0.0, 1.741026575271758E9, 0.0, 2025-03-03 12:29:35.271
153.0, -9740.510253967077, 1791.559373326227, -25600.995195030595, -10544.234281091009, -167776.28425077014, -17050.827092030893, -27817.50593394112, -34871.492966591475, 0.064, 0.972, -0.148, 192.0, 0.0, 0.0, 0.0, 0.0, 0.0, 0.0, 0.0, 0.0, 0.0, 1.741026575271784E9, 0.0, 2025-03-03 12:29:35.271
154.0, -9776.764783473585, 1724.9958783383227, -25598.62591011833, -10549.017554404445, -167828.1626496509, -17054.626888588296, -27819.025852564082, -34867.223783400514, 0.064, 0.972, -0.148, 192.0, 0.0, 0.0, 0.0, 0.0, 0.0, 0.0, 0.0, 0.0, 0.0, 1.74102657527181E9, 0.0, 2025-03-03 12:29:35.271
155.0, -9724.953439826184, 1771.2416376163528, -25598.6929653517, -10549.174016615632, -167804.358041806, -17062.025316003004, -27826.826611378983, -34874.1304724372, 0.064, 0.972, -0.148, 192.0, 0.0, 0.0, 0.0, 0.0, 0.0, 0.0, 0.0, 0.0, 0.0, 1.741026575271837E9, 0.0, 2025-03-03 12:29:35.271
156.0, -9680.071136959927, 1847.326975742218, -25606.292558466503, -10547.385877059207, -167760.52627092914, -17064.707525337642, -27828.23477127967, -34883.71937080853, 0.064, 0.972, -0.148, 192.0, 0.0, 0.0, 0.0, 0.0, 0.0, 0.0, 0.0, 0.0, 0.0, 1.741026575271862E9, 0.0, 2025-03-03 12:29:35.271
157.0, -9724.819329359452, 1806.780911300291, -25604.437363676712, -10547.587042759305, -167754.31248597056, -17063.299365436957, -27823.607960177418, -34857.009036184434, 0.06, 0.97, -0.14400000000000002, 192.0, 1.0, 224.0, 30.0, 80.0, 251.0, 128.0, 0.0, 0.0, 0.0, 1.741026575271889E9, 0.0, 2025-03-03 12:29:35.271
158.0, -9783.783231232552, 1737.9375383779454, -25616.797878360496, -10562.227435377532, -167778.2512042822, -17065.75805732704, -27835.633198694373, -34868.8778124902, 0.06, 0.97, -0.14400000000000002, 192.0, 0.0, 0.0, 0.0, 0.0, 0.0, 0.0, 0.0, 0.0, 0.0, 1.741026575271921E9, 0.0, 2025-03-03 12:29:35.271
159.0, -9760.582120487943, 1761.3174630781966, -25608.50538116758, -10563.635595278216, -167755.4971284267, -17066.339202682877, -27833.12980331538, -34868.94486772357, 0.06, 0.97, -0.14400000000000002, 192.0, 0.0, 0.0, 0.0, 0.0, 0.0, 0.0, 0.0, 0.0, 0.0, 1.741026575271953E9, 0.0, 2025-03-03 12:29:35.271
160.0, -9663.86612222983, 1851.1491240440757, -25598.469447907144, -10540.36742930024, -167688.79952297205, -17052.145844953757, -27827.519515457097, -34865.16742291062, 0.06, 0.97, -0.14400000000000002, 192.0, 0.0, 0.0, 0.0, 0.0, 0.0, 0.0, 0.0, 0.0, 0.0, 1.741026575271987E9, 0.0, 2025-03-03 12:29:35.271
161.0, -9714.738692610108, 1828.7303243554027, -25617.826058605442, -10549.889272438202, -167663.25147905963, -17065.3780776713, -27835.83436439447, -34880.32190565132, 0.06, 0.97, -0.14400000000000002, 192.0, 0.0, 0.0, 0.0, 0.0, 0.0, 0.0, 0.0, 0.0, 0.0, 1.741026575272013E9, 0.0, 2025-03-03 12:29:35.272
162.0, -9754.658908207288, 1745.626538470571, -25598.20122697368, -10542.0885136233, -167711.084212194, -17061.28770843598, -27825.865486367406, -34870.733007279996, 0.06, 0.97, -0.14400000000000002, 192.0, 0.0, 0.0, 0.0, 0.0, 0.0, 0.0, 0.0, 0.0, 0.0, 1.741026575272039E9, 0.0, 2025-03-03 12:29:35.272
163.0, -9738.856224877385, 1737.781076166758, -25592.143904226294, -10541.32855431182, -167729.90438102538, -17055.38684789978, -27819.897570597837, -34861.09940541976, 0.06, 0.97, -0.14400000000000002, 192.0, 0.0, 0.0, 0.0, 0.0, 0.0, 0.0, 0.0, 0.0, 0.0, 1.741026575272068E9, 0.0, 2025-03-03 12:29:35.272
164.0, -9678.551218336966, 1811.206556702442, -25588.522921624535, -10535.807673431358, -167696.73439225368, -17049.284821663477, -27822.199800276736, -34861.85936473124, 0.06, 0.97, -0.14400000000000002, 192.0, 0.0, 0.0, 0.0, 0.0, 0.0, 0.0, 0.0, 0.0, 0.0, 1.741026575332048E9, 0.0, 2025-03-03 12:29:35.332
165.0, -9693.01279699955, 1819.0520190062546, -25603.744459598598, -10546.692972981093, -167664.5255284936, -17057.487911878576, -27827.005425334624, -34869.19073691258, 0.06, 0.97, -0.14400000000000002, 192.0, 0.0, 0.0, 0.0, 0.0, 0.0, 0.0, 0.0, 0.0, 0.0, 1.741026575332086E9, 0.0, 2025-03-03 12:29:35.332
166.0, -9745.941727869716, 1745.8724076595793, -25599.788200830008, -10541.32855431182, -167683.09982813595, -17051.385885642278, -27824.390271233355, -34864.87685023271, 0.06, 0.97, -0.14400000000000002, 192.0, 0.0, 0.0, 0.0, 0.0, 0.0, 0.0, 0.0, 0.0, 0.0, 1.741026575332136E9, 0.0, 2025-03-03 12:29:35.332
167.0, -9748.668640693264, 1739.72567793437, -25605.465543921655, -10553.152627128677, -167690.49825555066, -17059.834845046385, -27834.13563181587, -34873.50462359245, 0.058, 0.976, -0.14400000000000002, 192.0, 1.0, 208.0, 30.0, 128.0, 251.0, 128.0, 0.0, 0.0, 0.0, 1.741026575332173E9, 0.0, 2025-03-03 12:29:35.332
168.0, -9695.985579012106, 1818.1803009724977, -25603.49859040959, -10552.973813173034, -167647.53820270757, -17051.005905986538, -27836.862544639414, -34872.92347823662, 0.058, 0.976, -0.14400000000000002, 192.0, 0.0, 0.0, 0.0, 0.0, 0.0, 0.0, 0.0, 0.0, 0.0, 1.741026575332204E9, 0.0, 2025-03-03 12:29:35.332
169.0, -9700.567686625443, 1843.1919030179863, -25609.77943060153, -10553.242034106497, -167603.34880391942, -17056.638545589274, -27836.571971961497, -34876.18683292709, 0.058, 0.976, -0.14400000000000002, 192.0, 0.0, 0.0, 0.0, 0.0, 0.0, 0.0, 0.0, 0.0, 0.0, 1.741026575332231E9, 0.0, 2025-03-03 12:29:35.332
170.0, -9776.228341606658, 1743.4807710028615, -25618.764831872562, -10549.218720104542, -167646.97940909618, -17067.881473050293, -27842.78575692007, -34893.174158713126, 0.058, 0.976, -0.14400000000000002, 192.0, 0.0, 0.0, 0.0, 0.0, 0.0, 0.0, 0.0, 0.0, 0.0, 1.741026575332257E9, 0.0, 2025-03-03 12:29:35.332
171.0, -9779.782268975052, 1713.3953229660183, -25613.467468436655, -10551.56565327235, -167675.2320140877, -17055.409199644233, -27843.299847042545, -34893.26356569095, 0.058, 0.976, -0.14400000000000002, 192.0, 0.0, 0.0, 0.0, 0.0, 0.0, 0.0, 0.0, 0.0, 0.0, 1.741026575332283E9, 0.0, 2025-03-03 12:29:35.332
172.0, -9732.195405029703, 1767.4865445478613, -25607.365442200356, -10551.297432338886, -167651.29329577606, -17054.425722888198, -27844.03745460957, -34884.501681864465, 0.058, 0.976, -0.14400000000000002, 192.0, 0.0, 0.0, 0.0, 0.0, 0.0, 0.0, 0.0, 0.0, 0.0, 1.741026575332312E9, 0.0, 2025-03-03 12:29:35.332
173.0, -9694.77858481152, 1835.1899785029864, -25595.72018333914, -10550.001031160478, -167590.54125434652, -17053.03991473197, -27837.0190068506, -34876.70092304956, 0.058, 0.976, -0.14400000000000002, 192.0, 0.0, 0.0, 0.0, 0.0, 0.0, 0.0, 0.0, 0.0, 0.0, 1.741026575332342E9, 0.0, 2025-03-03 12:29:35.332
174.0, -9753.161341328781, 1761.2951113337413, -25607.656014878277, -10547.363525314751, -167606.90273128782, -17056.23621418908, -27839.812974907516, -34873.95165848156, 0.058, 0.976, -0.14400000000000002, 192.0, 0.0, 0.0, 0.0, 0.0, 0.0, 0.0, 0.0, 0.0, 0.0, 1.741026575332376E9, 0.0, 2025-03-03 12:29:35.332
175.0, -9792.120431914382, 1713.238860754831, -25613.6462823923, -10545.195406102588, -167653.0143800991, -17057.644374089763, -27844.506841243132, -34877.52793759441, 0.058, 0.976, -0.14400000000000002, 192.0, 0.0, 0.0, 0.0, 0.0, 0.0, 0.0, 0.0, 0.0, 0.0, 1.74102657533241E9, 0.0, 2025-03-03 12:29:35.332
176.0, -9727.836814860919, 1767.2183236143976, -25592.85916004886, -10538.825158932825, -167640.89973460435, -17054.582185099385, -27838.4718702402, -34873.63873405918, 0.058, 0.976, -0.14400000000000002, 192.0, 0.0, 0.0, 0.0, 0.0, 0.0, 0.0, 0.0, 0.0, 0.0, 1.741026575332437E9, 0.0, 2025-03-03 12:29:35.332
177.0, -9634.585336993377, 1852.266711266841, -25593.082677493418, -10551.90092943918, -167572.16812040427, -17055.52095836651, -27840.818803408005, -34879.80781552885, 0.064, 0.974, -0.14200000000000002, 192.0, 2.0, 0.0, 30.0, 112.0, 251.0, 144.0, 0.0, 0.0, 0.0, 1.741026575332464E9, 0.0, 2025-03-03 12:29:35.332
178.0, -9718.426730445235, 1779.2882656202635, -25604.01268053206, -10557.42181031964, -167590.94358574672, -17064.41695265972, -27841.154079574833, -34884.52403360892, 0.064, 0.974, -0.14200000000000002, 192.0, 0.0, 0.0, 0.0, 0.0, 0.0, 0.0, 0.0, 0.0, 0.0, 1.741026575332496E9, 0.0, 2025-03-03 12:29:35.332
179.0, -9756.558806485988, 1728.7733231512696, -25600.391697930303, -10546.268289836442, -167622.14662100634, -17062.986441014582, -27841.93639063077, -34888.346181910776, 0.064, 0.974, -0.14200000000000002, 192.0, 0.0, 0.0, 0.0, 0.0, 0.0, 0.0, 0.0, 0.0, 0.0, 1.741026575391761E9, 0.0, 2025-03-03 12:29:35.391
180.0, -9727.523890438544, 1761.1386491225542, -25598.64826186279, -10545.195406102588, -167625.09705127444, -17060.639507846776, -27844.730358687684, -34890.648411589675, 0.064, 0.974, -0.14200000000000002, 192.0, 0.0, 0.0, 0.0, 0.0, 0.0, 0.0, 0.0, 0.0, 0.0, 1.741026575391794E9, 0.0, 2025-03-03 12:29:35.391
181.0, -9664.916654219229, 1861.7885544048017, -25607.343090455903, -10561.13219989922, -167547.08946312542, -17068.060287005937, -27856.107396615436, -34899.36559192724, 0.064, 0.974, -0.14200000000000002, 192.0, 0.0, 0.0, 0.0, 0.0, 0.0, 0.0, 0.0, 0.0, 0.0, 1.741026575391828E9, 0.0, 2025-03-03 12:29:35.391
182.0, -9720.930125824229, 1812.8605857921345, -25598.000061273582, -10540.792112444891, -167550.71044572716, -17056.213862444623, -27842.919867386805, -34876.54446083838, 0.064, 0.974, -0.14200000000000002, 192.0, 0.0, 0.0, 0.0, 0.0, 0.0, 0.0, 0.0, 0.0, 0.0, 1.741026575391861E9, 0.0, 2025-03-03 12:29:35.391
183.0, -9773.635539249843, 1736.7975994107246, -25599.296462451992, -10536.165301342644, -167599.92898701777, -17052.883452520782, -27841.914038886316, -34878.04202771688, 0.064, 0.974, -0.14200000000000002, 192.0, 0.0, 0.0, 0.0, 0.0, 0.0, 0.0, 0.0, 0.0, 0.0, 1.741026575391891E9, 0.0, 2025-03-03 12:29:35.391
184.0, -9773.344966571924, 1742.1173145910877, -25612.729860869633, -10561.84745572179, -167622.34778670644, -17061.13124622479, -27851.301771557544, -34888.055609232855, 0.064, 0.974, -0.14200000000000002, 192.0, 0.0, 0.0, 0.0, 0.0, 0.0, 0.0, 0.0, 0.0, 0.0, 1.741026575391918E9, 0.0, 2025-03-03 12:29:35.391
185.0, -9708.837832073908, 1838.945071571478, -25598.82707581843, -10550.604528260772, -167568.07775116895, -17055.74447581106, -27850.85473666844, -34895.252870947465, 0.064, 0.974, -0.14200000000000002, 192.0, 0.0, 0.0, 0.0, 0.0, 0.0, 0.0, 0.0, 0.0, 0.0, 1.741026575391944E9, 0.0, 2025-03-03 12:29:35.391
186.0, -9735.101131808893, 1821.5777661297043, -25608.214808489658, -10551.342135827797, -167547.53649801452, -17049.79891178595, -27854.02868438109, -34892.4365511461, 0.064, 0.974, -0.14200000000000002, 192.0, 0.0, 0.0, 0.0, 0.0, 0.0, 0.0, 0.0, 0.0, 0.0, 1.74102657539197E9, 0.0, 2025-03-03 12:29:35.391
187.0, -9779.446992808222, 1745.91711114849, -25614.473296937143, -10557.801789975381, -167570.51409131457, -17058.404333401246, -27857.38144604939, -34893.19651045758, 0.06, 0.976, -0.14, 192.0, 1.0, 224.0, 30.0, 128.0, 251.0, 160.0, 0.0, 0.0, 0.0, 1.741026575391997E9, 0.0, 2025-03-03 12:29:35.391
188.0, -9755.016536118572, 1750.946253650934, -25607.946587556195, -10556.192464374599, -167565.57435578996, -17065.84746430486, -27859.84013793947, -34898.98561227151, 0.06, 0.976, -0.14, 192.0, 0.0, 0.0, 0.0, 0.0, 0.0, 0.0, 0.0, 0.0, 0.0, 1.741026575392027E9, 0.0, 2025-03-03 12:29:35.392
189.0, -9694.309198177958, 1820.6613446070369, -25599.899959552284, -10550.157493371666, -167526.52585822652, -17053.75517055454, -27855.3250855595, -34886.75920805445, 0.06, 0.976, -0.14, 192.0, 0.0, 0.0, 0.0, 0.0, 0.0, 0.0, 0.0, 0.0, 0.0, 1.741026575392065E9, 0.0, 2025-03-03 12:29:35.392
190.0, -9677.120706691827, 1832.1277895126093, -25602.44805842019, -10549.151664871177, -167481.4870931491, -17047.74255129606, -27853.29107681407, -34882.400617885665, 0.06, 0.976, -0.14, 192.0, 0.0, 0.0, 0.0, 0.0, 0.0, 0.0, 0.0, 0.0, 0.0, 1.741026575392099E9, 0.0, 2025-03-03 12:29:35.392
191.0, -9773.724946227663, 1721.173730036465, -25610.11470676836, -10553.398496317684, -167545.36837880235, -17057.599670600852, -27847.971361633703, -34883.20528068606, 0.06, 0.976, -0.14, 192.0, 0.0, 0.0, 0.0, 0.0, 0.0, 0.0, 0.0, 0.0, 0.0, 1.74102657539213E9, 0.0, 2025-03-03 12:29:35.392
192.0, -9759.68805070973, 1708.4555874413954, -25594.714354838652, -10549.33047882682, -167576.7502280176, -17047.653144318243, -27843.322198787, -34878.131434694704, 0.06, 0.976, -0.14, 192.0, 0.0, 0.0, 0.0, 0.0, 0.0, 0.0, 0.0, 0.0, 0.0, 1.741026575392157E9, 0.0, 2025-03-03 12:29:35.392
193.0, -9693.482183633112, 1787.3125418797188, -25591.786276315008, -10543.161397357155, -167534.3489687859, -17041.215841915113, -27848.843079667462, -34881.79712078537, 0.06, 0.976, -0.14, 192.0, 0.0, 0.0, 0.0, 0.0, 0.0, 0.0, 0.0, 0.0, 0.0, 1.741026575392187E9, 0.0, 2025-03-03 12:29:35.392
194.0, -9664.939005963684, 1841.6272809061147, -25597.240101962103, -10549.71045848256, -167467.07021797542, -17055.722124066608, -27854.14044310337, -34889.70963832255, 0.06, 0.976, -0.14, 192.0, 0.0, 0.0, 0.0, 0.0, 0.0, 0.0, 0.0, 0.0, 0.0, 1.741026575451112E9, 0.0, 2025-03-03 12:29:35.451
195.0, -9736.375181242845, 1764.334948579663, -25601.598692130887, -10537.461702521052, -167490.62895663132, -17054.425722888198, -27850.385350034878, -34883.40644638616, 0.06, 0.976, -0.14, 192.0, 0.0, 0.0, 0.0, 0.0, 0.0, 0.0, 0.0, 0.0, 0.0, 1.741026575451145E9, 0.0, 2025-03-03 12:29:35.451
196.0, -9761.520893755067, 1729.980317351856, -25606.82900033343, -10542.893176423691, -167530.25859955058, -17061.08654273588, -27859.84013793947, -34892.48125463501, 0.06, 0.976, -0.14, 192.0, 0.0, 0.0, 0.0, 0.0, 0.0, 0.0, 0.0, 0.0, 0.0, 1.741026575451172E9, 0.0, 2025-03-03 12:29:35.451
197.0, -9714.515175165556, 1792.006408215333, -25610.606445146375, -10544.70366772457, -167499.12261952434, -17054.738647310573, -27873.36294333493, -34901.265490205944, 0.06, 0.97, -0.14400000000000002, 192.0, 1.0, 224.0, 30.0, 80.0, 251.0, 128.0, 0.0, 0.0, 0.0, 1.741026575451212E9, 0.0, 2025-03-03 12:29:35.451
198.0, -9658.658165771743, 1868.4046707635728, -25593.999099016084, -10535.517100753439, -167423.28315058746, -17046.669667562208, -27872.714742745728, -34899.23148146051, 0.06, 0.97, -0.14400000000000002, 192.0, 0.0, 0.0, 0.0, 0.0, 0.0, 0.0, 0.0, 0.0, 0.0, 1.741026575451245E9, 0.0, 2025-03-03 12:29:35.451
199.0, -9725.959268326673, 1787.0443209462549, -25596.5919013729, -10532.119635596233, -167445.7690055095, -17049.03895247447, -27867.90911768784, -34897.80096981537, 0.06, 0.97, -0.14400000000000002, 192.0, 0.0, 0.0, 0.0, 0.0, 0.0, 0.0, 0.0, 0.0, 0.0, 1.741026575451272E9, 0.0, 2025-03-03 12:29:35.451
200.0, -9759.26336756508, 1740.1503610790207, -25601.06225026396, -10543.049638634879, -167473.4851686341, -17053.799874043452, -27874.972268935715, -34904.774714085426, 0.06, 0.97, -0.14400000000000002, 192.0, 0.0, 0.0, 0.0, 0.0, 0.0, 0.0, 0.0, 0.0, 0.0, 1.741026575451299E9, 0.0, 2025-03-03 12:29:35.451
201.0, -9719.074931034438, 1767.464192803406, -25600.995195030595, -10546.312993325353, -167467.8748807758, -17058.2255194456, -27879.464969571232, -34912.12843801123, 0.06, 0.97, -0.14400000000000002, 192.0, 0.0, 0.0, 0.0, 0.0, 0.0, 0.0, 0.0, 0.0, 0.0, 1.741026575451327E9, 0.0, 2025-03-03 12:29:35.451
202.0, -9672.516247334033, 1837.4698564374278, -25604.370308443347, -10545.08364738031, -167418.14224936275, -17065.109856737836, -27879.844949226972, -34917.53756016941, 0.06, 0.97, -0.14400000000000002, 192.0, 0.0, 0.0, 0.0, 0.0, 0.0, 0.0, 0.0, 0.0, 0.0, 1.741026575451353E9, 0.0, 2025-03-03 12:29:35.451
203.0, -9729.423788717246, 1780.428204587484, -25612.081660280426, -10556.930071941624, -167414.20834233862, -17072.910615552737, -27875.21813812472, -34918.38692645871, 0.06, 0.97, -0.14400000000000002, 192.0, 0.0, 0.0, 0.0, 0.0, 0.0, 0.0, 0.0, 0.0, 0.0, 1.74102657545138E9, 0.0, 2025-03-03 12:29:35.451
204.0, -9771.869751437873, 1717.7092096458925, -25602.78333458702, -10545.530682269417, -167447.40068285476, -17055.543310110967, -27865.159853119836, -34911.74845835548, 0.06, 0.97, -0.14400000000000002, 192.0, 0.0, 0.0, 0.0, 0.0, 0.0, 0.0, 0.0, 0.0, 0.0, 1.741026575451414E9, 0.0, 2025-03-03 12:29:35.451
205.0, -9731.301335251492, 1743.3466605361295, -25596.63660486181, -10545.910661925158, -167451.4687003456, -17064.349897426357, -27868.065579899023, -34922.63375790522, 0.06, 0.97, -0.14400000000000002, 192.0, 0.0, 0.0, 0.0, 0.0, 0.0, 0.0, 0.0, 0.0, 0.0, 1.741026575451448E9, 0.0, 2025-03-03 12:29:35.451
206.0, -9665.475447830611, 1829.8032080892574, -25604.124439254338, -10558.628804520227, -167391.1189903163, -17082.387755201788, -27877.90034745936, -34943.06325233737, 0.06, 0.97, -0.14400000000000002, 192.0, 0.0, 0.0, 0.0, 0.0, 0.0, 0.0, 0.0, 0.0, 0.0, 1.74102657545148E9, 0.0, 2025-03-03 12:29:35.451
207.0, -9720.326628723935, 1788.9218674805009, -25601.710450853167, -10541.283850822909, -167393.4659234841, -17070.4295719182, -27866.456254298242, -34911.21201648856, 0.062, 0.97, -0.148, 192.0, 1.0, 240.0, 30.0, 80.0, 251.0, 96.0, 0.0, 0.0, 0.0, 1.741026575451506E9, 0.0, 2025-03-03 12:29:35.451
208.0, -9757.922262897762, 1721.173730036465, -25593.10502923787, -10526.576402971317, -167431.48624080257, -17058.98547875708, -27865.718646731217, -34895.99047851449, 0.062, 0.97, -0.148, 192.0, 0.0, 0.0, 0.0, 0.0, 0.0, 0.0, 0.0, 0.0, 0.0, 1.741026575451539E9, 0.0, 2025-03-03 12:29:35.451
209.0, -9734.072951563949, 1738.1834075669537, -25598.760020585065, -10536.902908909668, -167430.30159834644, -17061.28770843598, -27873.340591590477, -34907.009888530956, 0.062, 0.97, -0.148, 192.0, 0.0, 0.0, 0.0, 0.0, 0.0, 0.0, 0.0, 0.0, 0.0, 1.741026575511418E9, 0.0, 2025-03-03 12:29:35.511
210.0, -9670.10225893286, 1833.9829843023997, -25594.759058327563, -10542.42378979013, -167368.4543214386, -17056.638545589274, -27872.714742745728, -34910.67557462163, 0.062, 0.97, -0.148, 192.0, 0.0, 0.0, 0.0, 0.0, 0.0, 0.0, 0.0, 0.0, 0.0, 1.741026575511451E9, 0.0, 2025-03-03 12:29:35.511
211.0, -9692.565762110444, 1825.3775626871065, -25599.20705547417, -10540.725057211526, -167338.43592863512, -17059.56662411292, -27878.973231193213, -34921.60557766027, 0.062, 0.97, -0.148, 192.0, 0.0, 0.0, 0.0, 0.0, 0.0, 0.0, 0.0, 0.0, 0.0, 1.741026575511478E9, 0.0, 2025-03-03 12:29:35.511
212.0, -9764.426620534256, 1733.690706931437, -25622.788145874518, -10550.04573464939, -167369.5495569169, -17072.66474636373, -27890.596138309975, -34931.552103942886, 0.062, 0.97, -0.148, 192.0, 0.0, 0.0, 0.0, 0.0, 0.0, 0.0, 0.0, 0.0, 0.0, 1.741026575511521E9, 0.0, 2025-03-03 12:29:35.511
213.0, -9769.254597336603, 1728.1027708176102, -25602.78333458702, -10537.305240309865, -167389.44260948212, -17065.266318949023, -27876.671001514318, -34914.05068803438, 0.062, 0.97, -0.148, 192.0, 0.0, 0.0, 0.0, 0.0, 0.0, 0.0, 0.0, 0.0, 0.0, 1.741026575511553E9, 0.0, 2025-03-03 12:29:35.511
214.0, -9696.253799945569, 1816.8391963051793, -25593.4403054047, -10542.84847293478, -167348.60597236227, -17063.277013692503, -27878.883824215394, -34914.87770257923, 0.062, 0.97, -0.148, 192.0, 0.0, 0.0, 0.0, 0.0, 0.0, 0.0, 0.0, 0.0, 0.0, 1.74102657551158E9, 0.0, 2025-03-03 12:29:35.511
215.0, -9680.96520673814, 1833.1559697575535, -25592.278014693024, -10540.166263600144, -167312.8878847227, -17061.220653202614, -27872.55828053454, -34914.22950199002, 0.062, 0.97, -0.148, 192.0, 0.0, 0.0, 0.0, 0.0, 0.0, 0.0, 0.0, 0.0, 0.0, 1.741026575511606E9, 0.0, 2025-03-03 12:29:35.511
216.0, -9758.570463486965, 1730.6955731744258, -25599.58703512991, -10550.001031160478, -167375.98685932005, -17061.33241192489, -27872.111245645436, -34917.58226365832, 0.062, 0.97, -0.148, 192.0, 0.0, 0.0, 0.0, 0.0, 0.0, 0.0, 0.0, 0.0, 0.0, 1.741026575511632E9, 0.0, 2025-03-03 12:29:35.511
217.0, -9753.675431451253, 1716.4798637008505, -25601.710450853167, -10550.76099047196, -167406.54169399044, -17066.987403272084, -27877.94505094827, -34931.32858649833, 0.062, 0.974, -0.15, 192.0, 1.0, 240.0, 30.0, 112.0, 251.0, 80.0, 0.0, 0.0, 0.0, 1.741026575511659E9, 0.0, 2025-03-03 12:29:35.511
218.0, -9696.812593556953, 1793.1016436936432, -25610.718203868655, -10550.716286983048, -167381.01600182249, -17067.14386548327, -27891.110228432444, -34944.98550236053, 0.062, 0.974, -0.15, 192.0, 0.0, 0.0, 0.0, 0.0, 0.0, 0.0, 0.0, 0.0, 0.0, 1.741026575511689E9, 0.0, 2025-03-03 12:29:35.511
219.0, -9674.214979912636, 1851.8643798666455, -25612.729860869633, -10553.130275384221, -167316.240646391, -17079.280862722502, -27892.585443566495, -34933.228484777035, 0.062, 0.974, -0.15, 192.0, 0.0, 0.0, 0.0, 0.0, 0.0, 0.0, 0.0, 0.0, 0.0, 1.741026575511726E9, 0.0, 2025-03-03 12:29:35.511
220.0, -9754.54714948501, 1775.0190824292997, -25624.375119730845, -10562.428601077629, -167327.26005640748, -17068.932005039693, -27895.04413545658, -34935.01662433346, 0.062, 0.974, -0.15, 192.0, 0.0, 0.0, 0.0, 0.0, 0.0, 0.0, 0.0, 0.0, 0.0, 1.74102657551176E9, 0.0, 2025-03-03 12:29:35.511
221.0, -9749.763876171575, 1745.6935937039368, -25629.89600061131, -10567.748316257992, -167323.46025985008, -17078.99029004458, -27903.60485358296, -34951.84748790831, 0.062, 0.974, -0.15, 192.0, 0.0, 0.0, 0.0, 0.0, 0.0, 0.0, 0.0, 0.0, 0.0, 1.74102657551179E9, 0.0, 2025-03-03 12:29:35.511
222.0, -9707.988465784605, 1779.8917627205567, -25618.11663128336, -10566.228397635032, -167309.55747479887, -17072.57533938591, -27894.55239707856, -34939.017586590955, 0.062, 0.974, -0.15, 192.0, 0.0, 0.0, 0.0, 0.0, 0.0, 0.0, 0.0, 0.0, 0.0, 1.741026575511818E9, 0.0, 2025-03-03 12:29:35.511
223.0, -9676.5842648249, 1836.7322488704026, -25620.150640028794, -10563.657947022672, -167264.16108181013, -17071.725973096607, -27893.546568578073, -34935.70952841157, 0.062, 0.974, -0.15, 192.0, 0.0, 0.0, 0.0, 0.0, 0.0, 0.0, 0.0, 0.0, 0.0, 1.741026575511845E9, 0.0, 2025-03-03 12:29:35.511
224.0, -9735.88344286483, 1773.9685504399004, -25612.3945847028, -10554.359621329264, -167285.64110823168, -17068.932005039693, -27881.81190273904, -34928.55697018588, 0.062, 0.974, -0.15, 192.0, 0.0, 0.0, 0.0, 0.0, 0.0, 0.0, 0.0, 0.0, 0.0, 1.741026575511875E9, 0.0, 2025-03-03 12:29:35.511
225.0, -9767.22058859117, 1730.8967388745236, -25618.384852216823, -10555.141932385199, -167323.66142555018, -17066.09333349387, -27887.645708041873, -34935.3966039892, 0.062, 0.974, -0.15, 192.0, 0.0, 0.0, 0.0, 0.0, 0.0, 0.0, 0.0, 0.0, 0.0, 1.741026575572592E9, 0.0, 2025-03-03 12:29:35.572
226.0, -9724.148777025794, 1777.1872016414645, -25619.03305280603, -10564.753182500981, -167300.16974212765, -17074.542292897975, -27899.022745969625, -34938.21292379057, 0.062, 0.974, -0.15, 192.0, 0.0, 0.0, 0.0, 0.0, 0.0, 0.0, 0.0, 0.0, 0.0, 1.741026575572624E9, 0.0, 2025-03-03 12:29:35.572
227.0, -9672.896226989775, 1859.4416212369945, -25622.341110985413, -10576.532551828928, -167228.97943603748, -17077.76094409954, -27906.197655939777, -34944.426708749146, 0.062, 0.974, -0.148, 192.0, 1.0, 240.0, 30.0, 112.0, 251.0, 96.0, 0.0, 0.0, 0.0, 1.741026575572663E9, 0.0, 2025-03-03 12:29:35.572
228.0, -9730.183748028725, 1804.4786816213946, -25616.395546960302, -10565.870769723746, -167221.37984292267, -17067.881473050293, -27894.172417422822, -34937.52001971245, 0.062, 0.974, -0.148, 192.0, 0.0, 0.0, 0.0, 0.0, 0.0, 0.0, 0.0, 0.0, 0.0, 1.7410265755727E9, 0.0, 2025-03-03 12:29:35.572
229.0, -9794.690882526742, 1728.6168609400822, -25616.48495393812, -10551.118618383243, -167278.9355848951, -17062.628813103296, -27891.37844936591, -34942.25858953698, 0.062, 0.974, -0.148, 192.0, 0.0, 0.0, 0.0, 0.0, 0.0, 0.0, 0.0, 0.0, 0.0, 1.741026575572726E9, 0.0, 2025-03-03 12:29:35.572
230.0, -9747.439294748223, 1749.493390261339, -25610.673500379744, -10557.533569041916, -167275.56047148234, -17061.89120553627, -27895.513522090143, -34937.31885401235, 0.062, 0.974, -0.148, 192.0, 0.0, 0.0, 0.0, 0.0, 0.0, 0.0, 0.0, 0.0, 0.0, 1.741026575572752E9, 0.0, 2025-03-03 12:29:35.572
231.0, -9686.664901574242, 1821.0860277516877, -25611.45581143568, -10566.18369414612, -167238.18835475307, -17064.886339293284, -27896.22877791271, -34939.799897646895, 0.062, 0.974, -0.148, 192.0, 0.0, 0.0, 0.0, 0.0, 0.0, 0.0, 0.0, 0.0, 0.0, 1.741026575572778E9, 0.0, 2025-03-03 12:29:35.572
232.0, -9723.992314814606, 1794.0180652163108, -25621.000006318096, -10566.496618568495, -167231.1699069941, -17065.62394686031, -27895.55822557905, -34941.744499414504, 0.062, 0.974, -0.148, 192.0, 0.0, 0.0, 0.0, 0.0, 0.0, 0.0, 0.0, 0.0, 0.0, 1.741026575572804E9, 0.0, 2025-03-03 12:29:35.572
233.0, -9771.445068293222, 1738.1610558224984, -25621.31293074047, -10566.787191246414, -167265.21161379953, -17069.04376376197, -27896.13937093489, -34946.639531450215, 0.062, 0.974, -0.148, 192.0, 0.0, 0.0, 0.0, 0.0, 0.0, 0.0, 0.0, 0.0, 0.0, 1.74102657557283E9, 0.0, 2025-03-03 12:29:35.572
234.0, -9758.905739653796, 1754.7907536972468, -25619.323625483947, -10570.944615715101, -167277.2368523165, -17083.058307535448, -27897.368716879933, -34954.57440073185, 0.062, 0.974, -0.148, 192.0, 0.0, 0.0, 0.0, 0.0, 0.0, 0.0, 0.0, 0.0, 0.0, 1.741026575572865E9, 0.0, 2025-03-03 12:29:35.572
235.0, -9707.49672740659, 1847.5728449312264, -25615.92616032674, -10576.689014040116, -167224.84436331326, -17070.608385873842, -27900.274443659124, -34937.9447028571, 0.062, 0.974, -0.148, 192.0, 0.0, 0.0, 0.0, 0.0, 0.0, 0.0, 0.0, 0.0, 0.0, 1.741026575572898E9, 0.0, 2025-03-03 12:29:35.572
236.0, -9733.78237888603, 1838.1851122599976, -25617.580189416432, -10577.203104162587, -167197.8211042668, -17071.055420762947, -27896.65346105736, -34940.716319169565, 0.062, 0.974, -0.148, 192.0, 0.0, 0.0, 0.0, 0.0, 0.0, 0.0, 0.0, 0.0, 0.0, 1.741026575572931E9, 0.0, 2025-03-03 12:29:35.572
237.0, -9762.616129233376, 1758.3446810656408, -25607.70071836719, -10557.779438230926, -167231.25931397194, -17060.997135758058, -27888.316260375534, -34933.40729873268, 0.058, 0.97, -0.148, 192.0, 1.0, 208.0, 30.0, 80.0, 251.0, 96.0, 0.0, 0.0, 0.0, 1.741026575572957E9, 0.0, 2025-03-03 12:29:35.572
238.0, -9764.672489723265, 1749.2698728167861, -25625.380948231334, -10574.0962116833, -167241.4293576991, -17079.906711567248, -27898.46395235824, -34945.07490933835, 0.058, 0.97, -0.148, 192.0, 0.0, 0.0, 0.0, 0.0, 0.0, 0.0, 0.0, 0.0, 0.0, 1.741026575572988E9, 0.0, 2025-03-03 12:29:35.572
239.0, -9701.573515125932, 1830.8313883342014, -25615.792049860007, -10566.80954299087, -167189.08157218478, -17071.32364169641, -27895.42411511232, -34929.495743453, 0.058, 0.97, -0.148, 192.0, 0.0, 0.0, 0.0, 0.0, 0.0, 0.0, 0.0, 0.0, 0.0, 1.741026575573018E9, 0.0, 2025-03-03 12:29:35.573
240.0, -9689.972959753628, 1858.6816619255142, -25615.903808582283, -10562.070973166345, -167134.78918490282, -17074.564644642433, -27892.116056932933, -34914.967109557045, 0.058, 0.97, -0.148, 192.0, 0.0, 0.0, 0.0, 0.0, 0.0, 0.0, 0.0, 0.0, 0.0, 1.741026575632999E9, 0.0, 2025-03-03 12:29:35.632
241.0, -9771.378013059857, 1762.5021055343277, -25624.531581942032, -10562.786228988914, -167178.44214182402, -17075.883397565292, -27886.14814116337, -34907.65808912016, 0.058, 0.97, -0.148, 192.0, 0.0, 0.0, 0.0, 0.0, 0.0, 0.0, 0.0, 0.0, 0.0, 1.741026575633066E9, 0.0, 2025-03-03 12:29:35.633
242.0, -9781.436298064746, 1735.210625554398, -25630.164221544772, -10568.70944126957, -167224.91141854663, -17077.89505456627, -27888.070391186524, -34898.42681866012, 0.058, 0.97, -0.148, 192.0, 0.0, 0.0, 0.0, 0.0, 0.0, 0.0, 0.0, 0.0, 0.0, 1.741026575633108E9, 0.0, 2025-03-03 12:29:35.633
243.0, -9716.102149021883, 1812.2123852029308, -25634.813384391473, -10585.786174033425, -167179.9173569581, -17086.925159326216, -27892.56309182204, -34897.59980411528, 0.058, 0.97, -0.148, 192.0, 0.0, 0.0, 0.0, 0.0, 0.0, 0.0, 0.0, 0.0, 0.0, 1.74102657563314E9, 0.0, 2025-03-03 12:29:35.633
244.0, -9695.985579012106, 1851.4844002109053, -25628.130212799337, -10573.13508667172, -167139.23718204943, -17079.23615923359, -27878.861472470937, -34879.673705062116, 0.058, 0.97, -0.148, 192.0, 0.0, 0.0, 0.0, 0.0, 0.0, 0.0, 0.0, 0.0, 0.0, 1.74102657563317E9, 0.0, 2025-03-03 12:29:35.633
245.0, -9735.995201587106, 1781.5010883213388, -25621.916427840762, -10556.28187135242, -167157.11857761367, -17066.24979570506, -27864.444597297264, -34849.32003609181, 0.058, 0.97, -0.148, 192.0, 0.0, 0.0, 0.0, 0.0, 0.0, 0.0, 0.0, 0.0, 0.0, 1.741026575633197E9, 0.0, 2025-03-03 12:29:35.633
246.0, -9756.894082652818, 1741.4467622574286, -25622.385814474324, -10548.190539859599, -167205.4206973816, -17066.942699783172, -27858.454329783242, -34835.640768485166, 0.058, 0.97, -0.148, 192.0, 0.0, 0.0, 0.0, 0.0, 0.0, 0.0, 0.0, 0.0, 0.0, 1.741026575633224E9, 0.0, 2025-03-03 12:29:35.633
247.0, -9691.045843487484, 1812.8605857921345, -25627.705529654686, -10562.070973166345, -167161.43246429355, -17067.166217227725, -27864.399893808353, -34829.44933527104, 0.062, 0.98, -0.152, 192.0, 1.0, 240.0, 30.0, 160.0, 251.0, 64.0, 0.0, 0.0, 0.0, 1.741026575633251E9, 0.0, 2025-03-03 12:29:35.633
248.0, -9658.38994483828, 1880.6534267250809, -25633.516983213067, -10568.508275569473, -167081.41321914355, -17075.011679531537, -27861.628277495896, -34824.12962009068, 0.062, 0.98, -0.152, 192.0, 0.0, 0.0, 0.0, 0.0, 0.0, 0.0, 0.0, 0.0, 0.0, 1.74102657563328E9, 0.0, 2025-03-03 12:29:35.633
249.0, -9740.666716178264, 1780.0482249317438, -25632.77937564604, -10556.527740541427, -167122.8086498748, -17066.361554427334, -27847.211402322224, -34809.08689607226, 0.062, 0.98, -0.152, 192.0, 0.0, 0.0, 0.0, 0.0, 0.0, 0.0, 0.0, 0.0, 0.0, 1.741026575633312E9, 0.0, 2025-03-03 12:29:35.633
250.0, -9768.584045002943, 1725.8675963720796, -25636.355654758892, -10559.679336509626, -167152.17884208905, -17067.412086416734, -27846.205573821735, -34803.27544251388, 0.062, 0.98, -0.152, 192.0, 0.0, 0.0, 0.0, 0.0, 0.0, 0.0, 0.0, 0.0, 0.0, 1.741026575633346E9, 0.0, 2025-03-03 12:29:35.633
251.0, -9721.377160713335, 1775.0637859182104, -25628.107861054883, -10558.226473120032, -167114.18087651502, -17073.00002253056, -27842.60694296443, -34790.22202375198, 0.062, 0.98, -0.152, 192.0, 0.0, 0.0, 0.0, 0.0, 0.0, 0.0, 0.0, 0.0, 0.0, 1.741026575633376E9, 0.0, 2025-03-03 12:29:35.633
252.0, -9649.471598800612, 1855.172438046031, -25619.3459772284, -10554.426676562629, -167035.0780528877, -17064.95339452665, -27835.096756827446, -34783.1588725041, 0.062, 0.98, -0.152, 192.0, 0.0, 0.0, 0.0, 0.0, 0.0, 0.0, 0.0, 0.0, 0.0, 1.741026575633406E9, 0.0, 2025-03-03 12:29:35.633
253.0, -9712.861146075862, 1777.1648498970092, -25623.570456930454, -10565.356679601275, -167054.5240705638, -17061.66768809172, -27829.151192802336, -34783.09181727074, 0.062, 0.98, -0.152, 192.0, 0.0, 0.0, 0.0, 0.0, 0.0, 0.0, 0.0, 0.0, 0.0, 1.741026575633434E9, 0.0, 2025-03-03 12:29:35.633
254.0, -9746.433466247734, 1716.792788123225, -25627.03497732103, -10572.576293060338, -167078.86512027564, -17066.205092216147, -27832.302788770532, -34783.829424837764, 0.062, 0.98, -0.152, 192.0, 0.0, 0.0, 0.0, 0.0, 0.0, 0.0, 0.0, 0.0, 0.0, 1.741026575633464E9, 0.0, 2025-03-03 12:29:35.633
255.0, -9727.21096601617, 1740.4185820124844, -25626.319721498458, -10559.724039998537, -167071.2878789053, -17060.393638657766, -27829.061785824513, -34773.346456688225, 0.062, 0.98, -0.152, 192.0, 0.0, 0.0, 0.0, 0.0, 0.0, 0.0, 0.0, 0.0, 0.0, 1.74102657569239E9, 0.0, 2025-03-03 12:29:35.692
0.0, -9686.486087618601, 1813.5981933591597, -25614.942683570705, -10550.04573464939, -167039.8166227122, -17052.570528098408, -27818.93644558626, -34771.82653806526, 0.062, 0.98, -0.152, 192.0, 0.0, 0.0, 0.0, 0.0, 0.0, 0.0, 0.0, 0.0, 0.0, 1.741026575692423E9, 0.0, 2025-03-03 12:29:35.692
1.0, -9726.674524149243, 1772.5827422836712, -25614.808573103976, -10549.106961382266, -167060.5366898223, -17057.443208389665, -27813.303805983523, -34780.92369805857, 0.058, 0.97, -0.14200000000000002, 192.0, 1.0, 208.0, 30.0, 80.0, 251.0, 144.0, 0.0, 0.0, 0.0, 1.741026575692449E9, 0.0, 2025-03-03 12:29:35.692
2.0, -9757.296414053013, 1710.7801688647473, -25619.3459772284, -10558.494694053496, -167094.46663790545, -17059.43251364619, -27820.277550253577, -34773.6593811106, 0.058, 0.97, -0.14200000000000002, 192.0, 0.0, 0.0, 0.0, 0.0, 0.0, 0.0, 0.0, 0.0, 0.0, 1.741026575692495E9, 0.0, 2025-03-03 12:29:35.692
3.0, -9739.683239422231, 1735.8588261436018, -25625.69387265371, -10567.90477846918, -167082.8884342776, -17061.779446813995, -27828.525343957586, -34780.29784921382, 0.058, 0.97, -0.14200000000000002, 192.0, 0.0, 0.0, 0.0, 0.0, 0.0, 0.0, 0.0, 0.0, 0.0, 1.741026575692525E9, 0.0, 2025-03-03 12:29:35.692
4.0, -9666.414221097735, 1826.6963156099696, -25614.11566902586, -10566.51897031295, -167027.09848011716, -17055.073923477405, -27824.45732646672, -34775.648686367116, 0.058, 0.97, -0.14200000000000002, 192.0, 0.0, 0.0, 0.0, 0.0, 0.0, 0.0, 0.0, 0.0, 0.0, 1.74102657569255E9, 0.0, 2025-03-03 12:29:35.692
5.0, -9693.10220397737, 1817.6662108500257, -25604.191494487703, -10549.75516197147, -167005.73021241787, -17051.005905986538, -27811.1133350269, -34768.63023860815, 0.058, 0.97, -0.14200000000000002, 192.0, 0.0, 0.0, 0.0, 0.0, 0.0, 0.0, 0.0, 0.0, 0.0, 1.741026575692577E9, 0.0, 2025-03-03 12:29:35.692
6.0, -9758.369297786869, 1728.6839161734483, -25604.25854972107, -10547.810560203858, -167060.8272625002, -17056.772656056008, -27812.74501237214, -34775.447520667025, 0.058, 0.97, -0.14200000000000002, 192.0, 0.0, 0.0, 0.0, 0.0, 0.0, 0.0, 0.0, 0.0, 0.0, 1.741026575692602E9, 0.0, 2025-03-03 12:29:35.692
7.0, -9733.603564930389, 1745.9618146374005, -25593.4403054047, -10537.148778098677, -167065.3423148802, -17051.05060947545, -27813.303805983523, -34772.295924698825, 0.058, 0.97, -0.14200000000000002, 192.0, 0.0, 0.0, 0.0, 0.0, 0.0, 0.0, 0.0, 0.0, 0.0, 1.741026575692629E9, 0.0, 2025-03-03 12:29:35.692
8.0, -9664.87195073032, 1838.6768506380142, -25594.44613390519, -10544.122522368732, -167001.75160190483, -17053.75517055454, -27816.634215907365, -34780.677828869564, 0.058, 0.97, -0.14200000000000002, 192.0, 0.0, 0.0, 0.0, 0.0, 0.0, 0.0, 0.0, 0.0, 0.0, 1.741026575692654E9, 0.0, 2025-03-03 12:29:35.692
9.0, -9685.81553528494, 1847.7069553979584, -25599.83290431892, -10550.157493371666, -166975.0189155363, -17052.83874903187, -27811.403907704822, -34782.577727148266, 0.058, 0.97, -0.14200000000000002, 192.0, 0.0, 0.0, 0.0, 0.0, 0.0, 0.0, 0.0, 0.0, 0.0, 1.741026575692688E9, 0.0, 2025-03-03 12:29:35.692
10.0, -9759.956271643196, 1753.0249658852777, -25611.12053526885, -10559.925205698635, -167021.84582017016, -17058.2255194456, -27820.948102587237, -34796.905195344116, 0.058, 0.97, -0.14200000000000002, 192.0, 0.0, 0.0, 0.0, 0.0, 0.0, 0.0, 0.0, 0.0, 0.0, 1.741026575692724E9, 0.0, 2025-03-03 12:29:35.692
11.0, -9749.182730815737, 1736.596433710627, -25608.214808489658, -10553.152627128677, -167022.82929692618, -17059.99130725757, -27821.931579343272, -34791.3619627192, 0.058, 0.974, -0.14400000000000002, 192.0, 1.0, 208.0, 30.0, 112.0, 251.0, 128.0, 0.0, 0.0, 0.0, 1.741026575692757E9, 0.0, 2025-03-03 12:29:35.692
12.0, -9687.96130275265, 1807.0491322337548, -25584.611366344856, -10545.240109591497, -166997.79534313624, -17045.41796987271, -27812.856771094415, -34782.35420970371, 0.058, 0.974, -0.14400000000000002, 192.0, 0.0, 0.0, 0.0, 0.0, 0.0, 0.0, 0.0, 0.0, 0.0, 1.74102657569279E9, 0.0, 2025-03-03 12:29:35.692
13.0, -9669.05172694346, 1855.8876938686008, -25584.745476811586, -10535.762969942447, -166957.31633392768, -17056.37032465581, -27813.97435831718, -34786.623392894675, 0.058, 0.974, -0.14400000000000002, 192.0, 0.0, 0.0, 0.0, 0.0, 0.0, 0.0, 0.0, 0.0, 0.0, 1.74102657569282E9, 0.0, 2025-03-03 12:29:35.692
14.0, -9757.54228324202, 1761.1833526114647, -25595.004927516573, -10547.050600892378, -166999.24820652584, -17058.24787119006, -27815.22605600668, -34782.37656144817, 0.058, 0.974, -0.14400000000000002, 192.0, 0.0, 0.0, 0.0, 0.0, 0.0, 0.0, 0.0, 0.0, 0.0, 1.741026575752042E9, 0.0, 2025-03-03 12:29:35.752
15.0, -9750.523835483054, 1736.2835092882526, -25581.10214246537, -10540.814464189347, -167024.1256981046, -17047.4743303626, -27812.61090190541, -34779.493186413434, 0.058, 0.974, -0.14400000000000002, 192.0, 0.0, 0.0, 0.0, 0.0, 0.0, 0.0, 0.0, 0.0, 0.0, 1.741026575752073E9, 0.0, 2025-03-03 12:29:35.752
16.0, -9698.332512179913, 1798.6672280630146, -25582.756171555066, -10546.42475204763, -166995.94014834645, -17042.691057049164, -27811.828590849473, -34779.96257304699, 0.058, 0.974, -0.14400000000000002, 192.0, 0.0, 0.0, 0.0, 0.0, 0.0, 0.0, 0.0, 0.0, 0.0, 1.741026575752099E9, 0.0, 2025-03-03 12:29:35.752
17.0, -9653.830188969398, 1863.107307327665, -25596.904825795275, -10559.768743487448, -166936.99859821782, -17051.631754831287, -27818.020024063593, -34790.1102650297, 0.058, 0.974, -0.14400000000000002, 192.0, 0.0, 0.0, 0.0, 0.0, 0.0, 0.0, 0.0, 0.0, 0.0, 1.74102657575214E9, 0.0, 2025-03-03 12:29:35.752
18.0, -9727.054503804982, 1790.0841581921768, -25616.864933593864, -10561.445124321595, -166940.23960116383, -17056.213862444623, -27825.910189856317, -34799.38623897865, 0.058, 0.974, -0.14400000000000002, 192.0, 0.0, 0.0, 0.0, 0.0, 0.0, 0.0, 0.0, 0.0, 0.0, 1.74102657575217E9, 0.0, 2025-03-03 12:29:35.752
19.0, -9778.59762651892, 1719.050314313211, -25610.874666079842, -10556.28187135242, -166996.5212937023, -17050.648278075252, -27814.868428095393, -34795.787608121354, 0.058, 0.974, -0.14400000000000002, 192.0, 0.0, 0.0, 0.0, 0.0, 0.0, 0.0, 0.0, 0.0, 0.0, 1.741026575752195E9, 0.0, 2025-03-03 12:29:35.752
20.0, -9729.356733483879, 1762.4574020454172, -25592.68034609322, -10561.735696999514, -166991.38039247756, -17046.736722795573, -27809.951044315225, -34789.484416184954, 0.058, 0.974, -0.14400000000000002, 192.0, 0.0, 0.0, 0.0, 0.0, 0.0, 0.0, 0.0, 0.0, 0.0, 1.741026575752222E9, 0.0, 2025-03-03 12:29:35.752
21.0, -9669.275244388014, 1853.9207403565338, -25597.754192084576, -10568.821199991848, -166921.1959148879, -17053.777522298995, -27819.808163620015, -34799.18507327856, 0.062, 0.97, -0.14200000000000002, 192.0, 1.0, 240.0, 30.0, 80.0, 251.0, 144.0, 0.0, 0.0, 0.0, 1.74102657575225E9, 0.0, 2025-03-03 12:29:35.752
22.0, -9728.574422427944, 1799.7401117968693, -25607.320738711445, -10570.408173848173, -166907.56135077018, -17066.361554427334, -27820.389308975853, -34805.0635820703, 0.062, 0.97, -0.14200000000000002, 192.0, 0.0, 0.0, 0.0, 0.0, 0.0, 0.0, 0.0, 0.0, 0.0, 1.741026575752279E9, 0.0, 2025-03-03 12:29:35.752
23.0, -9787.851248723418, 1721.7772271367583, -25607.611311389366, -10582.14283968721, -166953.11420597008, -17066.47331314961, -27816.589512418454, -34801.35319249072, 0.062, 0.97, -0.14200000000000002, 192.0, 0.0, 0.0, 0.0, 0.0, 0.0, 0.0, 0.0, 0.0, 0.0, 1.741026575752307E9, 0.0, 2025-03-03 12:29:35.752
24.0, -9729.669657906254, 1741.6702797019816, -25600.369346185846, -10576.577255317838, -166949.94025825744, -17062.606461358842, -27814.443744950742, -34798.73803838945, 0.062, 0.97, -0.14200000000000002, 192.0, 0.0, 0.0, 0.0, 0.0, 0.0, 0.0, 0.0, 0.0, 0.0, 1.741026575752338E9, 0.0, 2025-03-03 12:29:35.752
25.0, -9673.745593279076, 1822.0248010188104, -25591.294537936992, -10566.049583679389, -166905.92967342492, -17050.04478097496, -27809.12402977038, -34790.199672007526, 0.062, 0.97, -0.14200000000000002, 192.0, 0.0, 0.0, 0.0, 0.0, 0.0, 0.0, 0.0, 0.0, 0.0, 1.741026575752372E9, 0.0, 2025-03-03 12:29:35.752
26.0, -9712.54822165349, 1804.7469025548583, -25601.710450853167, -10567.368336602252, -166886.05897260417, -17051.162368197725, -27811.649776893828, -34791.78664586385, 0.062, 0.97, -0.14200000000000002, 192.0, 0.0, 0.0, 0.0, 0.0, 0.0, 0.0, 0.0, 0.0, 0.0, 1.741026575752405E9, 0.0, 2025-03-03 12:29:35.752
27.0, -9754.54714948501, 1738.3175180336855, -25601.06225026396, -10569.84938023679, -166918.67016776445, -17058.4266851457, -27805.480695424165, -34788.38918070665, 0.062, 0.97, -0.14200000000000002, 192.0, 0.0, 0.0, 0.0, 0.0, 0.0, 0.0, 0.0, 0.0, 0.0, 1.74102657575243E9, 0.0, 2025-03-03 12:29:35.752
28.0, -9736.397532987301, 1748.0628786161994, -25592.05449724847, -10551.18567361661, -166934.69636853892, -17041.79698727095, -27796.830570319962, -34783.58355564875, 0.062, 0.97, -0.14200000000000002, 192.0, 0.0, 0.0, 0.0, 0.0, 0.0, 0.0, 0.0, 0.0, 0.0, 1.741026575752457E9, 0.0, 2025-03-03 12:29:35.752
29.0, -9677.076003202916, 1831.2784232233078, -25593.86498854935, -10560.819275476846, -166890.90930115097, -17044.05451346094, -27803.044355278536, -34790.467892940986, 0.062, 0.97, -0.14200000000000002, 192.0, 0.0, 0.0, 0.0, 0.0, 0.0, 0.0, 0.0, 0.0, 0.0, 1.74102657581382E9, 0.0, 2025-03-03 12:29:35.813
30.0, -9711.29652396399, 1824.751713842358, -25604.41501193226, -10557.667679508648, -166876.82770214413, -17050.24594667506, -27803.625500634374, -34781.97423004797, 0.062, 0.97, -0.14200000000000002, 192.0, 0.0, 0.0, 0.0, 0.0, 0.0, 0.0, 0.0, 0.0, 0.0, 1.741026575813853E9, 0.0, 2025-03-03 12:29:35.813
31.0, -9766.684146724243, 1741.8267419131687, -25603.58799738741, -10548.481112537518, -166924.43691783393, -17052.011734487027, -27801.144456999835, -34783.09181727074, 0.056, 0.978, -0.146, 192.0, 1.0, 192.0, 30.0, 144.0, 251.0, 112.0, 0.0, 0.0, 0.0, 1.741026575813914E9, 0.0, 2025-03-03 12:29:35.813
32.0, -9740.26438477807, 1754.433125785962, -25590.087543736405, -10549.978679416023, -166917.6419875195, -17053.75517055454, -27801.233863977657, -34778.91204105759, 0.056, 0.978, -0.146, 192.0, 0.0, 0.0, 0.0, 0.0, 0.0, 0.0, 0.0, 0.0, 0.0, 1.741026575813954E9, 0.0, 2025-03-03 12:29:35.813
33.0, -9688.140116708293, 1830.3620017006401, -25586.287747179, -10546.268289836442, -166875.97833585483, -17045.932059995182, -27802.776134345073, -34779.51553815789, 0.056, 0.978, -0.146, 192.0, 0.0, 0.0, 0.0, 0.0, 0.0, 0.0, 0.0, 0.0, 0.0, 1.741026575813984E9, 0.0, 2025-03-03 12:29:35.813
34.0, -9695.87382028983, 1857.7205369139358, -25600.995195030595, -10560.238130121008, -166820.90363751695, -17046.71437105112, -27801.300919211022, -34790.06556154079, 0.056, 0.978, -0.146, 192.0, 0.0, 0.0, 0.0, 0.0, 0.0, 0.0, 0.0, 0.0, 0.0, 1.741026575814014E9, 0.0, 2025-03-03 12:29:35.814
35.0, -9778.93290268575, 1755.2601403308083, -25603.453886920677, -10566.206045890576, -166865.60712642755, -17052.637583331776, -27797.36701218689, -34802.5154832024, 0.056, 0.978, -0.146, 192.0, 0.0, 0.0, 0.0, 0.0, 0.0, 0.0, 0.0, 0.0, 0.0, 1.741026575814042E9, 0.0, 2025-03-03 12:29:35.814
36.0, -9742.11957956786, 1745.6041867261156, -25593.48500889361, -10559.254653364975, -166878.95111786737, -17055.90093802225, -27803.60314888992, -34789.015029551396, 0.056, 0.978, -0.146, 192.0, 0.0, 0.0, 0.0, 0.0, 0.0, 0.0, 0.0, 0.0, 0.0, 1.741026575814068E9, 0.0, 2025-03-03 12:29:35.814
37.0, -9683.267436417036, 1820.5719376292157, -25596.435439161713, -10569.42469709214, -166834.1805737234, -17059.253699690547, -27810.956872815714, -34790.803169107814, 0.056, 0.978, -0.146, 192.0, 0.0, 0.0, 0.0, 0.0, 0.0, 0.0, 0.0, 0.0, 0.0, 1.741026575814094E9, 0.0, 2025-03-03 12:29:35.814
38.0, -9662.4803140736, 1875.356063289173, -25594.468485649646, -10570.072897681344, -166772.2662415822, -17052.212900187125, -27804.720736112686, -34788.90327082912, 0.056, 0.978, -0.146, 192.0, 0.0, 0.0, 0.0, 0.0, 0.0, 0.0, 0.0, 0.0, 0.0, 1.74102657581412E9, 0.0, 2025-03-03 12:29:35.814
39.0, -9743.214815046169, 1782.0822336771769, -25596.54719788399, -10567.144819157698, -166796.4731808273, -17052.794045542963, -27797.79169533154, -34783.91883181558, 0.056, 0.978, -0.146, 192.0, 0.0, 0.0, 0.0, 0.0, 0.0, 0.0, 0.0, 0.0, 0.0, 1.741026575814153E9, 0.0, 2025-03-03 12:29:35.814
40.0, -9788.27593186807, 1728.013363839789, -25598.737668840608, -10570.944615715101, -166839.5896958816, -17049.150711196748, -27800.317442454987, -34799.94503259004, 0.056, 0.978, -0.146, 192.0, 0.0, 0.0, 0.0, 0.0, 0.0, 0.0, 0.0, 0.0, 0.0, 1.741026575814186E9, 0.0, 2025-03-03 12:29:35.814
41.0, -9716.124500766338, 1779.9364662094674, -25586.332450667913, -10557.824141719835, -166826.2233526973, -17041.03702795947, -27799.870407565882, -34796.10053254372, 0.054, 0.972, -0.15, 192.0, 1.0, 176.0, 30.0, 96.0, 251.0, 80.0, 0.0, 0.0, 0.0, 1.741026575814218E9, 0.0, 2025-03-03 12:29:35.814
42.0, -9673.812648512441, 1852.1102490556539, -25596.077811250427, -10560.059316165367, -166775.0155061502, -17044.076865205392, -27809.12402977038, -34796.92754708857, 0.054, 0.972, -0.15, 192.0, 0.0, 0.0, 0.0, 0.0, 0.0, 0.0, 0.0, 0.0, 0.0, 1.741026575814248E9, 0.0, 2025-03-03 12:29:35.814
43.0, -9739.303259766491, 1776.9636841969116, -25590.758096070065, -10553.018516661945, -166801.61408205202, -17046.4237983732, -27804.832494834962, -34799.72151514549, 0.054, 0.972, -0.15, 192.0, 0.0, 0.0, 0.0, 0.0, 0.0, 0.0, 0.0, 0.0, 0.0, 1.741026575814275E9, 0.0, 2025-03-03 12:29:35.814
44.0, -9758.235187320137, 1728.2592330287973, -25580.386886642802, -10550.51512128295, -166850.92203032042, -17039.94179248116, -27795.89179705284, -34793.08304704226, 0.054, 0.972, -0.15, 192.0, 0.0, 0.0, 0.0, 0.0, 0.0, 0.0, 0.0, 0.0, 0.0, 1.741026575872722E9, 0.0, 2025-03-03 12:29:35.872
45.0, -9733.089474807915, 1765.0949078911435, -25586.824189045932, -10557.779438230926, -166847.16693725192, -17043.451016360643, -27803.69255586774, -34803.32014600279, 0.054, 0.972, -0.15, 192.0, 0.0, 0.0, 0.0, 0.0, 0.0, 0.0, 0.0, 0.0, 0.0, 1.741026575872755E9, 0.0, 2025-03-03 12:29:35.872
46.0, -9676.383099124801, 1848.0645833092433, -25581.325659909926, -10561.445124321595, -166793.5674540481, -17051.721161809106, -27808.229959992168, -34811.18796005106, 0.054, 0.972, -0.15, 192.0, 0.0, 0.0, 0.0, 0.0, 0.0, 0.0, 0.0, 0.0, 0.0, 1.741026575872782E9, 0.0, 2025-03-03 12:29:35.872
47.0, -9724.68521889272, 1808.3678851566178, -25590.802799558976, -10564.574368545338, -166769.98636364777, -17054.85040603285, -27810.12985827087, -34813.15491356312, 0.054, 0.972, -0.15, 192.0, 0.0, 0.0, 0.0, 0.0, 0.0, 0.0, 0.0, 0.0, 0.0, 1.741026575872809E9, 0.0, 2025-03-03 12:29:35.872
48.0, -9781.324539342468, 1726.1358173055432, -25592.233311204116, -10559.522874298438, -166822.49061137327, -17053.799874043452, -27806.084192524457, -34811.25501528443, 0.054, 0.972, -0.15, 192.0, 0.0, 0.0, 0.0, 0.0, 0.0, 0.0, 0.0, 0.0, 0.0, 1.741026575872854E9, 0.0, 2025-03-03 12:29:35.872
49.0, -9754.278928551546, 1749.4263350279732, -25593.73087808262, -10557.13123764172, -166818.19907643786, -17055.409199644233, -27807.671166380784, -34812.68552692956, 0.054, 0.972, -0.15, 192.0, 0.0, 0.0, 0.0, 0.0, 0.0, 0.0, 0.0, 0.0, 0.0, 1.741026575872885E9, 0.0, 2025-03-03 12:29:35.872
50.0, -9693.750404566576, 1832.5077691683496, -25590.668689092243, -10563.52383655594, -166757.89406989745, -17052.41406588722, -27810.532189671063, -34813.400782752135, 0.054, 0.972, -0.15, 192.0, 0.0, 0.0, 0.0, 0.0, 0.0, 0.0, 0.0, 0.0, 0.0, 1.741026575872912E9, 0.0, 2025-03-03 12:29:35.872
51.0, -9722.4947479361, 1799.851870519146, -25588.29940417998, -10563.769705744948, -166745.17592730236, -17047.362571640322, -27802.530265156063, -34806.27057627089, 0.062, 0.97, -0.15, 192.0, 1.0, 240.0, 30.0, 80.0, 251.0, 80.0, 0.0, 0.0, 0.0, 1.741026575872939E9, 0.0, 2025-03-03 12:29:35.872
52.0, -9763.711364711686, 1718.8491486131131, -25600.950491541684, -10568.66473778066, -166787.24191036724, -17056.81735954492, -27808.07349778098, -34810.60681469522, 0.062, 0.97, -0.15, 192.0, 0.0, 0.0, 0.0, 0.0, 0.0, 0.0, 0.0, 0.0, 0.0, 1.741026575872968E9, 0.0, 2025-03-03 12:29:35.872
53.0, -9751.328498283447, 1716.1222357895656, -25601.375174686335, -10576.934883229123, -166809.86187575603, -17061.3771154138, -27808.69934662573, -34820.821561911296, 0.062, 0.97, -0.15, 192.0, 0.0, 0.0, 0.0, 0.0, 0.0, 0.0, 0.0, 0.0, 0.0, 1.741026575872995E9, 0.0, 2025-03-03 12:29:35.872
54.0, -9674.326738634914, 1810.8936322800675, -25588.3888111578, -10561.109848154765, -166748.59574420404, -17052.347010653855, -27807.671166380784, -34813.37843100768, 0.062, 0.97, -0.15, 192.0, 0.0, 0.0, 0.0, 0.0, 0.0, 0.0, 0.0, 0.0, 0.0, 1.741026575873023E9, 0.0, 2025-03-03 12:29:35.873
55.0, -9686.597846340877, 1821.2201382184194, -25582.934985510707, -10547.072952636832, -166712.63178737543, -17046.244984417557, -27797.83639882045, -34791.98781156395, 0.062, 0.97, -0.15, 192.0, 0.0, 0.0, 0.0, 0.0, 0.0, 0.0, 0.0, 0.0, 0.0, 1.741026575873057E9, 0.0, 2025-03-03 12:29:35.873
56.0, -9758.324594297957, 1736.3952680105292, -25579.693982564688, -10528.632763461204, -166760.86685191, -17047.586089084874, -27793.142532484835, -34791.853701097214, 0.062, 0.97, -0.15, 192.0, 0.0, 0.0, 0.0, 0.0, 0.0, 0.0, 0.0, 0.0, 0.0, 1.74102657587309E9, 0.0, 2025-03-03 12:29:35.873
57.0, -9762.012632133083, 1724.5711951936717, -25582.890282021795, -10544.904833424669, -166803.17870416387, -17048.480158863087, -27799.669241865784, -34794.20063426503, 0.062, 0.97, -0.15, 192.0, 0.0, 0.0, 0.0, 0.0, 0.0, 0.0, 0.0, 0.0, 0.0, 1.74102657587312E9, 0.0, 2025-03-03 12:29:35.873
58.0, -9694.331549922414, 1816.7944928162688, -25595.40725891677, -10567.681261024627, -166740.25854352218, -17064.41695265972, -27814.77902111757, -34811.992622851445, 0.062, 0.97, -0.15, 192.0, 0.0, 0.0, 0.0, 0.0, 0.0, 0.0, 0.0, 0.0, 0.0, 1.741026575873146E9, 0.0, 2025-03-03 12:29:35.873
59.0, -9703.316951193447, 1843.594234418182, -25602.895093309296, -10573.80563900538, -166697.097324979, -17068.03793526148, -27811.627425149374, -34813.44548624104, 0.062, 0.97, -0.15, 192.0, 0.0, 0.0, 0.0, 0.0, 0.0, 0.0, 0.0, 0.0, 0.0, 1.741026575933042E9, 0.0, 2025-03-03 12:29:35.933
60.0, -9756.447047763711, 1760.266931088797, -25598.357689184868, -10564.775534245437, -166725.37228171495, -17062.539406125477, -27806.061840780003, -34802.22491052448, 0.062, 0.97, -0.15, 192.0, 0.0, 0.0, 0.0, 0.0, 0.0, 0.0, 0.0, 0.0, 0.0, 1.741026575933078E9, 0.0, 2025-03-03 12:29:35.933
61.0, -9765.544207757022, 1737.468151744384, -25593.10502923787, -10559.142894642699, -166748.72985467076, -17058.449036890153, -27807.82762859197, -34807.11994256019, 0.058, 0.976, -0.158, 192.0, 1.0, 208.0, 30.0, 128.0, 251.0, 16.0, 0.0, 0.0, 0.0, 1.741026575933105E9, 0.0, 2025-03-03 12:29:35.933
62.0, -9699.87478254733, 1811.7429985693693, -25586.757133812564, -10560.32753709883, -166703.53462738212, -17060.371286913312, -27815.203704262225, -34805.845893126236, 0.058, 0.976, -0.158, 192.0, 0.0, 0.0, 0.0, 0.0, 0.0, 0.0, 0.0, 0.0, 0.0, 1.741026575933134E9, 0.0, 2025-03-03 12:29:35.933
63.0, -9651.013869168028, 1867.4882492409051, -25584.387848900304, -10553.778475973426, -166628.09748984547, -17062.248833447557, -27813.102640283425, -34805.644727426145, 0.058, 0.976, -0.158, 192.0, 0.0, 0.0, 0.0, 0.0, 0.0, 0.0, 0.0, 0.0, 0.0, 1.741026575933183E9, 0.0, 2025-03-03 12:29:35.933
64.0, -9755.150646585304, 1767.9782829258781, -25586.511264623558, -10553.309089339864, -166662.1391966509, -17056.079751977893, -27804.139590756848, -34794.82648310977, 0.058, 0.976, -0.158, 192.0, 0.0, 0.0, 0.0, 0.0, 0.0, 0.0, 0.0, 0.0, 0.0, 1.741026575933214E9, 0.0, 2025-03-03 12:29:35.933
65.0, -9758.97279488716, 1728.4380469844398, -25575.62596507382, -10557.13123764172, -166701.52297038113, -17058.04670548996, -27801.010346533105, -34797.93337558906, 0.058, 0.976, -0.158, 192.0, 0.0, 0.0, 0.0, 0.0, 0.0, 0.0, 0.0, 0.0, 0.0, 1.74102657593324E9, 0.0, 2025-03-03 12:29:35.933
66.0, -9697.39373891279, 1787.0666726907102, -25577.905843008262, -10570.162304659165, -166678.9924119702, -17063.478179392598, -27810.420430948787, -34806.44939022653, 0.058, 0.976, -0.158, 192.0, 0.0, 0.0, 0.0, 0.0, 0.0, 0.0, 0.0, 0.0, 0.0, 1.741026575933271E9, 0.0, 2025-03-03 12:29:35.933
67.0, -9647.057610399439, 1868.2482085523854, -25588.858197791364, -10571.458705837573, -166611.3783849929, -17070.00488877355, -27821.372785731888, -34809.28806177236, 0.058, 0.976, -0.158, 192.0, 0.0, 0.0, 0.0, 0.0, 0.0, 0.0, 0.0, 0.0, 0.0, 1.741026575933298E9, 0.0, 2025-03-03 12:29:35.933
68.0, -9726.652172404787, 1799.0472077187549, -25596.189569972703, -10570.296415125897, -166625.30352178856, -17068.060287005937, -27811.828590849473, -34809.913910617106, 0.058, 0.976, -0.158, 192.0, 0.0, 0.0, 0.0, 0.0, 0.0, 0.0, 0.0, 0.0, 0.0, 1.741026575933326E9, 0.0, 2025-03-03 12:29:35.933
69.0, -9774.283739839047, 1737.8257796556688, -25587.427686146224, -10563.926167956135, -166671.90690897786, -17061.399467158255, -27803.98312854566, -34812.976099607484, 0.058, 0.976, -0.158, 192.0, 0.0, 0.0, 0.0, 0.0, 0.0, 0.0, 0.0, 0.0, 0.0, 1.741026575933353E9, 0.0, 2025-03-03 12:29:35.933
70.0, -9727.792111372008, 1770.7275474938808, -25572.988459228094, -10549.285775337908, -166674.05267644557, -17036.924306979694, -27789.74506732763, -34794.670020898586, 0.058, 0.976, -0.158, 192.0, 0.0, 0.0, 0.0, 0.0, 0.0, 0.0, 0.0, 0.0, 0.0, 1.741026575933389E9, 0.0, 2025-03-03 12:29:35.933
71.0, -9668.761154265541, 1868.2482085523854, -25570.373305126825, -10560.305185354375, -166614.28411177208, -17038.4218738582, -27794.997727274626, -34789.03738129585, 0.058, 0.976, -0.152, 192.0, 1.0, 208.0, 30.0, 128.0, 251.0, 64.0, 0.0, 0.0, 0.0, 1.741026575933423E9, 0.0, 2025-03-03 12:29:35.933
72.0, -9722.718265380654, 1819.5661091287268, -25578.419933130735, -10552.169150372643, -166620.54260021957, -17056.81735954492, -27796.5623493865, -34804.50478845892, 0.058, 0.976, -0.152, 192.0, 0.0, 0.0, 0.0, 0.0, 0.0, 0.0, 0.0, 0.0, 0.0, 1.741026575933456E9, 0.0, 2025-03-03 12:29:35.933
73.0, -9770.103963625905, 1744.6430617145375, -25580.54334885399, -10545.888310180702, -166670.16347291035, -17054.582185099385, -27795.243596463635, -34800.34736399024, 0.058, 0.976, -0.152, 192.0, 0.0, 0.0, 0.0, 0.0, 0.0, 0.0, 0.0, 0.0, 0.0, 1.741026575933483E9, 0.0, 2025-03-03 12:29:35.933
74.0, -9736.218719031658, 1769.6099602711154, -25572.831997016907, -10552.839702706302, -166668.86707173195, -17042.780464026986, -27795.89179705284, -34791.29490748583, 0.058, 0.976, -0.152, 192.0, 0.0, 0.0, 0.0, 0.0, 0.0, 0.0, 0.0, 0.0, 0.0, 1.741026575993236E9, 0.0, 2025-03-03 12:29:35.993
75.0, -9672.225674656114, 1861.3862230046063, -25581.459770376656, -10560.483999310018, -166594.39105920686, -17050.894147264262, -27807.157076258314, -34805.24239602595, 0.058, 0.976, -0.152, 192.0, 0.0, 0.0, 0.0, 0.0, 0.0, 0.0, 0.0, 0.0, 0.0, 1.741026575993277E9, 0.0, 2025-03-03 12:29:35.993
76.0, -9715.364541454857, 1825.4446179204724, -25577.838787774897, -10549.50929278246, -166587.28320447006, -17045.619135572808, -27799.803352332518, -34804.43773322555, 0.058, 0.976, -0.152, 192.0, 0.0, 0.0, 0.0, 0.0, 0.0, 0.0, 0.0, 0.0, 0.0, 1.741026575993306E9, 0.0, 2025-03-03 12:29:35.993
77.0, -9755.463571007678, 1740.9103203905013, -25575.38009588481, -10553.152627128677, -166632.3890247809, -17050.290650163966, -27802.709079111708, -34812.88669262966, 0.058, 0.976, -0.152, 192.0, 0.0, 0.0, 0.0, 0.0, 0.0, 0.0, 0.0, 0.0, 0.0, 1.741026575993333E9, 0.0, 2025-03-03 12:29:35.993
78.0, -9732.396570729801, 1758.367032810096, -25576.564738340945, -10552.392667817196, -166617.14513506237, -17053.352839154344, -27809.861637337406, -34813.78076240787, 0.058, 0.976, -0.152, 192.0, 0.0, 0.0, 0.0, 0.0, 0.0, 0.0, 0.0, 0.0, 0.0, 1.741026575993363E9, 0.0, 2025-03-03 12:29:35.993
79.0, -9679.467639859635, 1841.9402053284891, -25569.345124881882, -10555.074877151834, -166565.33379141497, -17043.18279542718, -27806.21830299119, -34805.73413440396, 0.058, 0.976, -0.152, 192.0, 0.0, 0.0, 0.0, 0.0, 0.0, 0.0, 0.0, 0.0, 0.0, 1.741026575993396E9, 0.0, 2025-03-03 12:29:35.993
80.0, -9687.111936463349, 1851.1938275329862, -25579.15754069776, -10566.027231934933, -166520.4067850598, -17050.536519352976, -27811.18039026027, -34817.580558965274, 0.058, 0.976, -0.152, 192.0, 0.0, 0.0, 0.0, 0.0, 0.0, 0.0, 0.0, 0.0, 0.0, 1.741026575993424E9, 0.0, 2025-03-03 12:29:35.993
81.0, -9777.815315462985, 1753.1143728630989, -25583.963165755653, -10562.965042944556, -166566.74195131563, -17057.711429323128, -27807.22413149168, -34816.57473046479, 0.06, 0.974, -0.152, 192.0, 1.0, 224.0, 30.0, 112.0, 251.0, 64.0, 0.0, 0.0, 0.0, 1.74102657599345E9, 0.0, 2025-03-03 12:29:35.993
82.0, -9760.02332687656, 1741.692631446437, -25572.854348761364, -10564.350851100786, -166586.45618992523, -17037.997190713548, -27801.055050022012, -34807.99166059395, 0.06, 0.974, -0.152, 192.0, 0.0, 0.0, 0.0, 0.0, 0.0, 0.0, 0.0, 0.0, 0.0, 1.741026575993479E9, 0.0, 2025-03-03 12:29:35.993
83.0, -9704.322779693935, 1807.5408706117717, -25588.008831502062, -10586.546133344906, -166552.0121517196, -17041.99815297105, -27815.44957345123, -34825.96246313601, 0.06, 0.974, -0.152, 192.0, 0.0, 0.0, 0.0, 0.0, 0.0, 0.0, 0.0, 0.0, 0.0, 1.741026575993505E9, 0.0, 2025-03-03 12:29:35.993
84.0, -9694.800936555976, 1847.8857693536008, -25585.170159956237, -10563.52383655594, -166501.0948778504, -17053.26343217652, -27813.683785639263, -34819.88278864417, 0.06, 0.974, -0.152, 192.0, 0.0, 0.0, 0.0, 0.0, 0.0, 0.0, 0.0, 0.0, 0.0, 1.741026575993533E9, 0.0, 2025-03-03 12:29:35.993
85.0, -9741.203158045193, 1768.0676899036994, -25570.373305126825, -10559.478170809529, -166536.16476490078, -17054.31396416592, -27808.185256503257, -34812.976099607484, 0.06, 0.974, -0.152, 192.0, 0.0, 0.0, 0.0, 0.0, 0.0, 0.0, 0.0, 0.0, 0.0, 1.741026575993563E9, 0.0, 2025-03-03 12:29:35.993
86.0, -9751.26144305008, 1738.1610558224984, -25576.788255785497, -10570.51993257045, -166575.50383514212, -17055.051571732947, -27811.53801817155, -34819.65927119962, 0.06, 0.974, -0.152, 192.0, 0.0, 0.0, 0.0, 0.0, 0.0, 0.0, 0.0, 0.0, 0.0, 1.741026575993596E9, 0.0, 2025-03-03 12:29:35.993
87.0, -9694.420956900234, 1801.8635275201236, -25572.16144468325, -10555.879539952224, -166546.9606574727, -17047.541385595963, -27811.649776893828, -34820.530989233375, 0.06, 0.974, -0.152, 192.0, 0.0, 0.0, 0.0, 0.0, 0.0, 0.0, 0.0, 0.0, 0.0, 1.741026575993631E9, 0.0, 2025-03-03 12:29:35.993
88.0, -9666.77184900902, 1856.2900252687962, -25580.051610475974, -10563.412077833662, -166494.56816846947, -17061.399467158255, -27820.344605486946, -34831.66215797212, 0.06, 0.974, -0.152, 192.0, 0.0, 0.0, 0.0, 0.0, 0.0, 0.0, 0.0, 0.0, 0.0, 1.741026575993658E9, 0.0, 2025-03-03 12:29:35.993
89.0, -9742.208986545682, 1764.5808177686713, -25578.397581386278, -10560.685165010114, -166532.29791311003, -17056.102103722347, -27807.514704169596, -34822.78851542336, 0.06, 0.974, -0.152, 192.0, 0.0, 0.0, 0.0, 0.0, 0.0, 0.0, 0.0, 0.0, 0.0, 1.741026576053535E9, 0.0, 2025-03-03 12:29:36.053
90.0, -9755.195350074215, 1723.2300905263533, -25569.903918493263, -10555.18663587411, -166567.0101722491, -17047.4743303626, -27803.55844540101, -34818.40757351012, 0.06, 0.974, -0.152, 192.0, 0.0, 0.0, 0.0, 0.0, 0.0, 0.0, 0.0, 0.0, 0.0, 1.741026576053575E9, 0.0, 2025-03-03 12:29:36.053
91.0, -9723.500576436589, 1774.7732132402914, -25588.142941968792, -10575.70553728408, -166530.39801483133, -17056.81735954492, -27819.78581187556, -34838.36768130871, 0.058, 0.974, -0.152, 192.0, 1.0, 208.0, 30.0, 112.0, 251.0, 64.0, 0.0, 0.0, 0.0, 1.741026576053602E9, 0.0, 2025-03-03 12:29:36.053
92.0, -9694.06332898895, 1844.331841985207, -25584.968994256138, -10577.672490796149, -166473.19990077018, -17058.449036890153, -27815.874256595882, -34844.782631967384, 0.058, 0.974, -0.152, 192.0, 0.0, 0.0, 0.0, 0.0, 0.0, 0.0, 0.0, 0.0, 0.0, 1.741026576053631E9, 0.0, 2025-03-03 12:29:36.053
93.0, -9737.626878932344, 1787.558411068727, -25582.77852329952, -10569.178827903132, -166475.3903717268, -17054.80570254394, -27812.02975654957, -34828.73407944847, 0.058, 0.974, -0.152, 192.0, 0.0, 0.0, 0.0, 0.0, 0.0, 0.0, 0.0, 0.0, 0.0, 1.741026576053661E9, 0.0, 2025-03-03 12:29:36.053
94.0, -9778.061184651993, 1731.9249191194679, -25585.192511700694, -10560.215778376554, -166502.68185170673, -17046.04381871746, -27814.197875761736, -34828.82348642629, 0.058, 0.974, -0.152, 192.0, 0.0, 0.0, 0.0, 0.0, 0.0, 0.0, 0.0, 0.0, 0.0, 1.741026576053692E9, 0.0, 2025-03-03 12:29:36.053
95.0, -9756.335289041435, 1757.9423496654451, -25576.408276129758, -10553.286737595408, -166503.7994389295, -17043.451016360643, -27814.89077983985, -34825.44837301354, 0.058, 0.974, -0.152, 192.0, 0.0, 0.0, 0.0, 0.0, 0.0, 0.0, 0.0, 0.0, 0.0, 1.741026576053723E9, 0.0, 2025-03-03 12:29:36.053
96.0, -9694.219791200137, 1830.2278912339082, -25579.5375203535, -10564.66377552316, -166452.61394412685, -17047.2731646625, -27821.529247943075, -34831.88567541667, 0.058, 0.974, -0.152, 192.0, 0.0, 0.0, 0.0, 0.0, 0.0, 0.0, 0.0, 0.0, 0.0, 1.741026576053749E9, 0.0, 2025-03-03 12:29:36.053
97.0, -9744.444160991212, 1764.7596317243137, -25593.328546682424, -10571.726926771036, -166466.42732220024, -17047.407275129233, -27820.568122931498, -34832.779745194886, 0.058, 0.974, -0.152, 192.0, 0.0, 0.0, 0.0, 0.0, 0.0, 0.0, 0.0, 0.0, 0.0, 1.741026576053776E9, 0.0, 2025-03-03 12:29:36.053
98.0, -9795.786118005051, 1687.0649679976664, -25597.19539847319, -10559.835798720813, -166519.51271528157, -17040.880565748284, -27817.55063743003, -34834.83610568477, 0.058, 0.974, -0.152, 192.0, 0.0, 0.0, 0.0, 0.0, 0.0, 0.0, 0.0, 0.0, 0.0, 1.741026576053802E9, 0.0, 2025-03-03 12:29:36.053
99.0, -9787.5606760455, 1709.081436286144, -25604.191494487703, -10571.011670948466, -166514.37181405685, -17045.216804172615, -27827.832439879472, -34837.33950106377, 0.058, 0.974, -0.152, 192.0, 0.0, 0.0, 0.0, 0.0, 0.0, 0.0, 0.0, 0.0, 0.0, 1.74102657605383E9, 0.0, 2025-03-03 12:29:36.053
100.0, -9705.149794238781, 1794.1521756830425, -25610.382927701823, -10584.176848432642, -166448.12124349133, -17051.631754831287, -27836.59432370595, -34851.42110007061, 0.058, 0.974, -0.152, 192.0, 0.0, 0.0, 0.0, 0.0, 0.0, 0.0, 0.0, 0.0, 0.0, 1.741026576053857E9, 0.0, 2025-03-03 12:29:36.053
101.0, -9720.393683957302, 1764.5808177686713, -25613.89215158131, -10574.543246572406, -166441.61688585483, -17055.029219988493, -27833.55448646003, -34848.18009712459, 0.05, 0.976, -0.152, 192.0, 1.0, 144.0, 30.0, 128.0, 251.0, 64.0, 0.0, 0.0, 0.0, 1.741026576053898E9, 0.0, 2025-03-03 12:29:36.053
102.0, -9773.4567252942, 1686.014436008267, -25601.375174686335, -10566.0942871683, -166493.71880218017, -17045.932059995182, -27824.479678211177, -34836.13250686318, 0.05, 0.976, -0.152, 192.0, 0.0, 0.0, 0.0, 0.0, 0.0, 0.0, 0.0, 0.0, 0.0, 1.74102657605393E9, 0.0, 2025-03-03 12:29:36.053
103.0, -9765.298338568013, 1688.4731278983509, -25604.83969507691, -10577.672490796149, -166512.87424717835, -17051.877624020293, -27834.448556238243, -34848.69418724706, 0.05, 0.976, -0.152, 192.0, 0.0, 0.0, 0.0, 0.0, 0.0, 0.0, 0.0, 0.0, 0.0, 1.74102657605396E9, 0.0, 2025-03-03 12:29:36.053
104.0, -9699.293637191491, 1784.8762017340903, -25601.285767708516, -10599.130165473243, -166440.72281607662, -17054.202205443646, -27838.382463262376, -34848.425966313596, 0.05, 0.976, -0.152, 192.0, 0.0, 0.0, 0.0, 0.0, 0.0, 0.0, 0.0, 0.0, 0.0, 1.741026576112415E9, 0.0, 2025-03-03 12:29:36.112
105.0, -9718.15850951177, 1799.337780396674, -25603.900921809785, -10585.786174033425, -166393.20300736465, -17060.3265834244, -27838.85184989594, -34853.79038498287, 0.05, 0.976, -0.152, 192.0, 0.0, 0.0, 0.0, 0.0, 0.0, 0.0, 0.0, 0.0, 0.0, 1.741026576112455E9, 0.0, 2025-03-03 12:29:36.112
106.0, -9793.617998792888, 1706.1533577624987, -25605.286729966014, -10585.786174033425, -166442.5333073775, -17062.89703403676, -27837.17546906179, -34857.8807542182, 0.05, 0.976, -0.152, 192.0, 0.0, 0.0, 0.0, 0.0, 0.0, 0.0, 0.0, 0.0, 0.0, 1.741026576112481E9, 0.0, 2025-03-03 12:29:36.112
107.0, -9788.946484201728, 1692.6529041114932, -25604.16914274325, -10593.318711914864, -166461.82286284244, -17063.254661948045, -27836.61667545041, -34854.438585572076, 0.05, 0.976, -0.152, 192.0, 0.0, 0.0, 0.0, 0.0, 0.0, 0.0, 0.0, 0.0, 0.0, 1.741026576112508E9, 0.0, 2025-03-03 12:29:36.112
108.0, -9724.215832259159, 1760.0210618997887, -25601.06225026396, -10595.106851471288, -166430.79864153848, -17064.394600915268, -27838.22600105119, -34855.66793151712, 0.05, 0.976, -0.152, 192.0, 0.0, 0.0, 0.0, 0.0, 0.0, 0.0, 0.0, 0.0, 0.0, 1.741026576112534E9, 0.0, 2025-03-03 12:29:36.112
109.0, -9708.815480329453, 1807.5185188673163, -25607.70071836719, -10596.917342772167, -166380.21664383612, -17065.981574771595, -27837.913076628814, -34858.19367864057, 0.05, 0.976, -0.152, 192.0, 0.0, 0.0, 0.0, 0.0, 0.0, 0.0, 0.0, 0.0, 0.0, 1.741026576112568E9, 0.0, 2025-03-03 12:29:36.112
110.0, -9785.213742877691, 1731.2096632968978, -25620.508267940077, -10605.031026009445, -166390.00670790754, -17064.23813870408, -27841.154079574833, -34863.75926300994, 0.05, 0.976, -0.152, 192.0, 0.0, 0.0, 0.0, 0.0, 0.0, 0.0, 0.0, 0.0, 0.0, 1.741026576112603E9, 0.0, 2025-03-03 12:29:36.112
111.0, -9782.375071331868, 1712.43419795444, -25612.88632308082, -10592.737566559026, -166400.71319350164, -17064.059324748436, -27842.80810866453, -34867.49200433397, 0.054, 0.97, -0.15, 192.0, 1.0, 176.0, 30.0, 80.0, 251.0, 80.0, 0.0, 0.0, 0.0, 1.74102657611263E9, 0.0, 2025-03-03 12:29:36.112
112.0, -9729.468492206155, 1774.3485300956406, -25603.297424709493, -10586.769650789458, -166377.13210310126, -17058.694906079163, -27842.919867386805, -34866.1285479222, 0.054, 0.97, -0.15, 192.0, 0.0, 0.0, 0.0, 0.0, 0.0, 0.0, 0.0, 0.0, 0.0, 1.741026576112659E9, 0.0, 2025-03-03 12:29:36.112
113.0, -9711.520041408545, 1827.299812710263, -25600.369346185846, -10589.563618846372, -166339.82704160537, -17059.141940968268, -27840.483527241176, -34872.2305741585, 0.054, 0.97, -0.15, 192.0, 0.0, 0.0, 0.0, 0.0, 0.0, 0.0, 0.0, 0.0, 0.0, 1.741026576112686E9, 0.0, 2025-03-03 12:29:36.112
114.0, -9762.59377748892, 1757.4282595429731, -25599.967014785652, -10588.736604301526, -166365.50919598452, -17057.532615367487, -27838.31540802901, -34870.08480669079, 0.054, 0.97, -0.15, 192.0, 0.0, 0.0, 0.0, 0.0, 0.0, 0.0, 0.0, 0.0, 0.0, 1.741026576112712E9, 0.0, 2025-03-03 12:29:36.112
115.0, -9786.353681844912, 1709.4167124529736, -25610.002948046083, -10587.104926956288, -166400.06499291243, -17059.387810157277, -27843.389254020367, -34856.8302222288, 0.054, 0.97, -0.15, 192.0, 0.0, 0.0, 0.0, 0.0, 0.0, 0.0, 0.0, 0.0, 0.0, 1.741026576112739E9, 0.0, 2025-03-03 12:29:36.112
116.0, -9769.634576992343, 1747.369974538085, -25608.527732912033, -10583.57335133235, -166393.40417306474, -17055.409199644233, -27846.496146499652, -34851.152879137146, 0.054, 0.97, -0.15, 192.0, 0.0, 0.0, 0.0, 0.0, 0.0, 0.0, 0.0, 0.0, 0.0, 1.741026576112774E9, 0.0, 2025-03-03 12:29:36.112
117.0, -9700.053596502972, 1833.0889145241874, -25606.806648588976, -10584.981511233034, -166311.2615121915, -17056.683249078185, -27853.760463447627, -34863.26752463192, 0.054, 0.97, -0.15, 192.0, 0.0, 0.0, 0.0, 0.0, 0.0, 0.0, 0.0, 0.0, 0.0, 1.741026576112807E9, 0.0, 2025-03-03 12:29:36.112
118.0, -9748.64628894881, 1761.2280561003754, -25605.622006132842, -10567.994185447, -166331.3110269679, -17056.884414778284, -27843.16573657581, -34859.959466452536, 0.054, 0.97, -0.15, 192.0, 0.0, 0.0, 0.0, 0.0, 0.0, 0.0, 0.0, 0.0, 0.0, 1.741026576112837E9, 0.0, 2025-03-03 12:29:36.112
119.0, -9791.718100514187, 1697.4138256804736, -25616.68611963822, -10573.649176794193, -166370.49363499804, -17049.888318763773, -27850.519460501608, -34865.346236866266, 0.054, 0.97, -0.15, 192.0, 0.0, 0.0, 0.0, 0.0, 0.0, 0.0, 0.0, 0.0, 0.0, 1.741026576172701E9, 0.0, 2025-03-03 12:29:36.172
120.0, -9754.45774250719, 1732.7072301754035, -25601.10695375287, -10567.591854046805, -166342.08456779536, -17049.1730629412, -27844.775062176595, -34865.14507116617, 0.054, 0.97, -0.15, 192.0, 0.0, 0.0, 0.0, 0.0, 0.0, 0.0, 0.0, 0.0, 0.0, 1.741026576172747E9, 0.0, 2025-03-03 12:29:36.172
121.0, -9695.113860978348, 1808.9043270235452, -25589.305232680468, -10568.396516847197, -166309.8086488019, -17048.14488269626, -27840.863506896916, -34867.55905956734, 0.056, 0.978, -0.148, 192.0, 1.0, 192.0, 30.0, 144.0, 251.0, 96.0, 0.0, 0.0, 0.0, 1.741026576172773E9, 0.0, 2025-03-03 12:29:36.172
122.0, -9736.486939965122, 1771.3980998275401, -25608.25951197857, -10581.405232120185, -166293.08954394932, -17053.95633625464, -27851.65939946883, -34875.31511489333, 0.056, 0.978, -0.148, 192.0, 0.0, 0.0, 0.0, 0.0, 0.0, 0.0, 0.0, 0.0, 0.0, 1.741026576172802E9, 0.0, 2025-03-03 12:29:36.172
123.0, -9790.734623758153, 1696.4527006688954, -25603.185665987214, -10574.431487850128, -166335.73667237005, -17051.497644364554, -27845.065634854513, -34861.144108908666, 0.056, 0.978, -0.148, 192.0, 0.0, 0.0, 0.0, 0.0, 0.0, 0.0, 0.0, 0.0, 0.0, 1.741026576172829E9, 0.0, 2025-03-03 12:29:36.172
124.0, -9755.061239607483, 1731.5449394637276, -25598.558854884966, -10575.102040183789, -166314.54721862642, -17053.95633625464, -27846.250277310646, -34862.17228915361, 0.056, 0.978, -0.148, 192.0, 0.0, 0.0, 0.0, 0.0, 0.0, 0.0, 0.0, 0.0, 0.0, 1.741026576172864E9, 0.0, 2025-03-03 12:29:36.172
125.0, -9708.144927995792, 1819.811978317735, -25598.82707581843, -10562.249787121986, -166251.24707832898, -17044.90387975024, -27851.36882679091, -34872.2305741585, 0.056, 0.978, -0.148, 192.0, 0.0, 0.0, 0.0, 0.0, 0.0, 0.0, 0.0, 0.0, 0.0, 1.741026576172894E9, 0.0, 2025-03-03 12:29:36.172
126.0, -9741.650192934298, 1799.2930769077632, -25594.96022402766, -10561.802752232881, -166243.98276138102, -17038.578336069386, -27845.244448810157, -34871.60472531375, 0.056, 0.978, -0.148, 192.0, 0.0, 0.0, 0.0, 0.0, 0.0, 0.0, 0.0, 0.0, 0.0, 1.74102657617292E9, 0.0, 2025-03-03 12:29:36.172
127.0, -9785.392556833334, 1718.692686401926, -25596.189569972703, -10574.47619133904, -166287.56866306887, -17042.579298326888, -27848.977190134192, -34874.06341720383, 0.056, 0.978, -0.148, 192.0, 0.0, 0.0, 0.0, 0.0, 0.0, 0.0, 0.0, 0.0, 0.0, 1.741026576172947E9, 0.0, 2025-03-03 12:29:36.172
128.0, -9766.572388001965, 1724.1912155379316, -25593.194436215694, -10577.985415218523, -166301.47144812005, -17042.288725648967, -27847.1219953444, -34864.89920197716, 0.056, 0.978, -0.148, 192.0, 0.0, 0.0, 0.0, 0.0, 0.0, 0.0, 0.0, 0.0, 0.0, 1.741026576172974E9, 0.0, 2025-03-03 12:29:36.172
129.0, -9701.595866870388, 1815.0957602376652, -25588.701735580176, -10574.90087448369, -166254.19750859708, -17052.347010653855, -27851.502937257643, -34867.916687478624, 0.056, 0.978, -0.148, 192.0, 0.0, 0.0, 0.0, 0.0, 0.0, 0.0, 0.0, 0.0, 0.0, 1.741026576173001E9, 0.0, 2025-03-03 12:29:36.173
130.0, -9708.97194254064, 1827.0762952657099, -25598.02241301804, -10587.1496304452, -166224.5814471938, -17067.09916199436, -27857.247335582655, -34875.47157710452, 0.056, 0.978, -0.148, 192.0, 0.0, 0.0, 0.0, 0.0, 0.0, 0.0, 0.0, 0.0, 0.0, 1.741026576173029E9, 0.0, 2025-03-03 12:29:36.173
131.0, -9766.93001591325, 1749.7392594503474, -25593.283843193512, -10583.66275831017, -166260.12072087775, -17062.673516592207, -27851.435882024278, -34871.984704969494, 0.058, 0.976, -0.152, 192.0, 1.0, 208.0, 30.0, 128.0, 251.0, 64.0, 0.0, 0.0, 0.0, 1.74102657617306E9, 0.0, 2025-03-03 12:29:36.173
132.0, -9764.963062401184, 1740.9997273683225, -25600.01171827456, -10581.204066420087, -166264.32284883535, -17061.980612514093, -27861.71768447372, -34877.75145503896, 0.058, 0.976, -0.152, 192.0, 0.0, 0.0, 0.0, 0.0, 0.0, 0.0, 0.0, 0.0, 0.0, 1.741026576173096E9, 0.0, 2025-03-03 12:29:36.173
133.0, -9727.993277072106, 1802.2211554314085, -25608.371270700845, -10595.352720660296, -166235.4443949991, -17064.3275456819, -27869.429036310798, -34883.160577197144, 0.058, 0.976, -0.152, 192.0, 0.0, 0.0, 0.0, 0.0, 0.0, 0.0, 0.0, 0.0, 0.0, 1.74102657617313E9, 0.0, 2025-03-03 12:29:36.173
134.0, -9710.335398952413, 1844.3094902407518, -25605.77846834403, -10584.981511233034, -166178.93918501606, -17063.56758637042, -27866.23273685369, -34885.820434787325, 0.058, 0.976, -0.152, 192.0, 0.0, 0.0, 0.0, 0.0, 0.0, 0.0, 0.0, 0.0, 0.0, 1.741026576232995E9, 0.0, 2025-03-03 12:29:36.232
135.0, -9795.093213926937, 1748.5546169942163, -25615.859105093376, -10583.796868776903, -166211.63978715418, -17067.61325211683, -27864.3775420639, -34888.8826237777, 0.058, 0.976, -0.152, 192.0, 0.0, 0.0, 0.0, 0.0, 0.0, 0.0, 0.0, 0.0, 0.0, 1.741026576233028E9, 0.0, 2025-03-03 12:29:36.233
136.0, -9787.247751623125, 1714.9152415889791, -25612.439288191712, -10581.360528631274, -166242.08286310232, -17061.555929369442, -27864.712818230728, -34886.49098712099, 0.058, 0.976, -0.152, 192.0, 0.0, 0.0, 0.0, 0.0, 0.0, 0.0, 0.0, 0.0, 0.0, 1.741026576233066E9, 0.0, 2025-03-03 12:29:36.233
137.0, -9733.380047485834, 1781.366977854607, -25599.49762815209, -10573.85034249429, -166212.46680169902, -17050.916499008716, -27857.470853027207, -34875.35981838225, 0.058, 0.976, -0.152, 192.0, 0.0, 0.0, 0.0, 0.0, 0.0, 0.0, 0.0, 0.0, 0.0, 1.741026576233093E9, 0.0, 2025-03-03 12:29:36.233
138.0, -9689.950608009172, 1857.3405572581958, -25593.48500889361, -10570.117601170256, -166147.5126323119, -17046.71437105112, -27851.03355062408, -34865.681513033094, 0.058, 0.976, -0.152, 192.0, 0.0, 0.0, 0.0, 0.0, 0.0, 0.0, 0.0, 0.0, 0.0, 1.741026576233119E9, 0.0, 2025-03-03 12:29:36.233
139.0, -9759.68805070973, 1769.3417393376517, -25609.421802690245, -10573.984452961024, -166184.79534206336, -17055.856234533338, -27850.877088412893, -34867.46965258952, 0.058, 0.976, -0.152, 192.0, 0.0, 0.0, 0.0, 0.0, 0.0, 0.0, 0.0, 0.0, 0.0, 1.741026576233151E9, 0.0, 2025-03-03 12:29:36.233
140.0, -9784.587894032944, 1721.240785269831, -25609.35474745688, -10569.871731981246, -166221.2286855255, -17050.827092030893, -27853.55929774753, -34866.77674851141, 0.058, 0.976, -0.152, 192.0, 0.0, 0.0, 0.0, 0.0, 0.0, 0.0, 0.0, 0.0, 0.0, 1.741026576233184E9, 0.0, 2025-03-03 12:29:36.233
141.0, -9733.424750974746, 1769.721718993392, -25606.78429684452, -10570.0952494258, -166196.3735456912, -17054.872757777306, -27859.79543445056, -34867.715521778526, 0.054, 0.976, -0.152, 192.0, 1.0, 176.0, 30.0, 128.0, 251.0, 64.0, 0.0, 0.0, 0.0, 1.741026576233211E9, 0.0, 2025-03-03 12:29:36.233
142.0, -9697.371387168336, 1852.780801389313, -25611.500514924588, -10578.924188485646, -166118.47771626446, -17056.54913861145, -27862.74586471866, -34877.013847471935, 0.054, 0.976, -0.152, 192.0, 0.0, 0.0, 0.0, 0.0, 0.0, 0.0, 0.0, 0.0, 0.0, 1.74102657623324E9, 0.0, 2025-03-03 12:29:36.233
143.0, -9772.339138071435, 1777.4554225749282, -25607.030166033528, -10584.75799378848, -166141.67882700908, -17053.41989438771, -27850.921791901805, -34871.53767008039, 0.054, 0.976, -0.152, 192.0, 0.0, 0.0, 0.0, 0.0, 0.0, 0.0, 0.0, 0.0, 0.0, 1.741026576233267E9, 0.0, 2025-03-03 12:29:36.233
144.0, -9789.102946412915, 1734.4506662429174, -25598.916482796252, -10562.585063288816, -166160.18607141808, -17050.67062981971, -27853.2240215807, -34871.31415263583, 0.054, 0.976, -0.152, 192.0, 0.0, 0.0, 0.0, 0.0, 0.0, 0.0, 0.0, 0.0, 0.0, 1.741026576233293E9, 0.0, 2025-03-03 12:29:36.233
145.0, -9762.191446088726, 1763.239713101353, -25601.97867178663, -10562.249787121986, -166142.5728967873, -17052.011734487027, -27858.074350127503, -34877.81851027233, 0.054, 0.976, -0.152, 192.0, 0.0, 0.0, 0.0, 0.0, 0.0, 0.0, 0.0, 0.0, 0.0, 1.741026576233321E9, 0.0, 2025-03-03 12:29:36.233
146.0, -9703.719282593642, 1840.3085279832517, -25599.788200830008, -10565.0437551789, -166097.198855543, -17056.70560082264, -27859.28134432809, -34880.70188530706, 0.054, 0.976, -0.152, 192.0, 0.0, 0.0, 0.0, 0.0, 0.0, 0.0, 0.0, 0.0, 0.0, 1.741026576233352E9, 0.0, 2025-03-03 12:29:36.233
147.0, -9747.17107381476, 1806.6691525780145, -25601.889264808808, -10559.969909187545, -166093.5108177079, -17051.05060947545, -27854.766291948115, -34875.56098408234, 0.054, 0.976, -0.152, 192.0, 0.0, 0.0, 0.0, 0.0, 0.0, 0.0, 0.0, 0.0, 0.0, 1.741026576233386E9, 0.0, 2025-03-03 12:29:36.233
148.0, -9796.479022083167, 1743.9948611253335, -25607.25368347808, -10578.320691385352, -166116.73428019695, -17055.14097871077, -27862.030608896093, -34880.657181818155, 0.054, 0.976, -0.152, 192.0, 0.0, 0.0, 0.0, 0.0, 0.0, 0.0, 0.0, 0.0, 0.0, 1.741026576233418E9, 0.0, 2025-03-03 12:29:36.233
149.0, -9775.98247241765, 1759.2163990993977, -25604.817343332452, -10570.654043037182, -166104.55257946881, -17049.217766430113, -27865.763350220128, -34881.99828648547, 0.054, 0.976, -0.152, 192.0, 0.0, 0.0, 0.0, 0.0, 0.0, 0.0, 0.0, 0.0, 0.0, 1.741026576293193E9, 0.0, 2025-03-03 12:29:36.293
150.0, -9714.82809958793, 1835.1005715251652, -25595.92134903924, -10560.126371398732, -166062.86657605966, -17041.774635526497, -27860.980076906693, -34881.39478938518, 0.054, 0.976, -0.152, 192.0, 0.0, 0.0, 0.0, 0.0, 0.0, 0.0, 0.0, 0.0, 0.0, 1.741026576293225E9, 0.0, 2025-03-03 12:29:36.293
151.0, -9732.955364341184, 1820.5048823958496, -25604.124439254338, -10570.050545936889, -166054.8422998002, -17047.384923384776, -27868.33380083249, -34893.934118024605, 0.052000000000000005, 0.974, -0.15, 192.0, 1.0, 160.0, 30.0, 112.0, 251.0, 80.0, 0.0, 0.0, 0.0, 1.741026576293259E9, 0.0, 2025-03-03 12:29:36.293
152.0, -9787.426565578768, 1739.3904017675402, -25613.06513703646, -10576.957234973579, -166097.24355903192, -17049.97772574159, -27875.151082891356, -34885.37339989822, 0.052000000000000005, 0.974, -0.15, 192.0, 0.0, 0.0, 0.0, 0.0, 0.0, 0.0, 0.0, 0.0, 0.0, 1.741026576293288E9, 0.0, 2025-03-03 12:29:36.293
153.0, -9779.692861997231, 1749.1581140945095, -25609.712375368166, -10575.079688439333, -166102.58562595674, -17054.179853699192, -27877.363905592432, -34882.35591439676, 0.052000000000000005, 0.974, -0.15, 192.0, 0.0, 0.0, 0.0, 0.0, 0.0, 0.0, 0.0, 0.0, 0.0, 1.741026576293315E9, 0.0, 2025-03-03 12:29:36.293
154.0, -9713.196422242692, 1838.9227198270225, -25604.01268053206, -10572.173961660143, -166056.11634923416, -17052.90580426524, -27881.543681805575, -34884.68049582011, 0.052000000000000005, 0.974, -0.15, 192.0, 0.0, 0.0, 0.0, 0.0, 0.0, 0.0, 0.0, 0.0, 0.0, 1.741026576293346E9, 0.0, 2025-03-03 12:29:36.293
155.0, -9722.91943108075, 1855.4183072350393, -25613.06513703646, -10575.884351239723, -166023.16987790703, -17053.621060087808, -27886.2822516301, -34889.75434181146, 0.052000000000000005, 0.974, -0.15, 192.0, 0.0, 0.0, 0.0, 0.0, 0.0, 0.0, 0.0, 0.0, 0.0, 1.741026576293375E9, 0.0, 2025-03-03 12:29:36.293
156.0, -9772.36148981589, 1776.6507597745372, -25598.290633951503, -10558.315880097853, -166058.6420963576, -17037.103120935335, -27876.358077091943, -34879.606649828755, 0.052000000000000005, 0.974, -0.15, 192.0, 0.0, 0.0, 0.0, 0.0, 0.0, 0.0, 0.0, 0.0, 0.0, 1.741026576293406E9, 0.0, 2025-03-03 12:29:36.293
157.0, -9771.176847359759, 1769.6099602711154, -25605.554950899477, -10558.606452775772, -166060.27377370285, -17043.272202405, -27884.71762951823, -34893.21886220203, 0.052000000000000005, 0.974, -0.15, 192.0, 0.0, 0.0, 0.0, 0.0, 0.0, 0.0, 0.0, 0.0, 0.0, 1.741026576293433E9, 0.0, 2025-03-03 12:29:36.293
158.0, -9730.943707340206, 1833.6253563911148, -25599.45292466318, -10569.290586625408, -166026.45558434195, -17044.635658816776, -27885.634051040895, -34894.068228491335, 0.052000000000000005, 0.974, -0.15, 192.0, 0.0, 0.0, 0.0, 0.0, 0.0, 0.0, 0.0, 0.0, 0.0, 1.74102657629346E9, 0.0, 2025-03-03 12:29:36.293
159.0, -9687.626026585822, 1867.4658974964498, -25601.68809910871, -10568.731793014025, -166000.19228460698, -17044.94858323915, -27886.2822516301, -34890.06726623383, 0.052000000000000005, 0.974, -0.15, 192.0, 0.0, 0.0, 0.0, 0.0, 0.0, 0.0, 0.0, 0.0, 0.0, 1.741026576293486E9, 0.0, 2025-03-03 12:29:36.293
160.0, -9751.417905261267, 1787.8936872355566, -25597.6424333623, -10564.820237734348, -166035.30687514626, -17050.782388541986, -27874.70404800225, -34885.418103387135, 0.052000000000000005, 0.974, -0.15, 192.0, 0.0, 0.0, 0.0, 0.0, 0.0, 0.0, 0.0, 0.0, 0.0, 1.741026576293513E9, 0.0, 2025-03-03 12:29:36.293
161.0, -9770.103963625905, 1757.1600386095095, -25610.718203868655, -10583.416889121163, -166052.45066314348, -17065.311022437934, -27883.823559740016, -34896.32575468132, 0.056, 0.97, -0.148, 192.0, 1.0, 192.0, 30.0, 80.0, 251.0, 96.0, 0.0, 0.0, 0.0, 1.741026576293538E9, 0.0, 2025-03-03 12:29:36.293
162.0, -9744.108884824382, 1802.0870449646766, -25613.6462823923, -10580.175886175142, -166026.0979564307, -17060.594804357865, -27883.71180101774, -34903.00892627346, 0.056, 0.97, -0.148, 192.0, 0.0, 0.0, 0.0, 0.0, 0.0, 0.0, 0.0, 0.0, 0.0, 1.741026576293577E9, 0.0, 2025-03-03 12:29:36.293
163.0, -9698.82425055793, 1871.3774527761286, -25608.214808489658, -10585.47324961105, -165969.2798220253, -17057.19733920066, -27879.062638171035, -34899.07501924932, 0.056, 0.97, -0.148, 192.0, 0.0, 0.0, 0.0, 0.0, 0.0, 0.0, 0.0, 0.0, 0.0, 1.741026576293608E9, 0.0, 2025-03-03 12:29:36.293
164.0, -9742.968945857161, 1806.6915043224699, -25609.444154434703, -10578.633615807727, -165974.51013022783, -17055.118626966312, -27875.195786380267, -34893.777655813414, 0.056, 0.97, -0.148, 192.0, 0.0, 0.0, 0.0, 0.0, 0.0, 0.0, 0.0, 0.0, 0.0, 1.741026576353574E9, 0.0, 2025-03-03 12:29:36.353
165.0, -9789.192353390736, 1747.884064660557, -25610.606445146375, -10580.846438508803, -166021.80642149525, -17052.41406588722, -27875.866338713928, -34888.52499586642, 0.056, 0.97, -0.148, 192.0, 0.0, 0.0, 0.0, 0.0, 0.0, 0.0, 0.0, 0.0, 0.0, 1.741026576353606E9, 0.0, 2025-03-03 12:29:36.353
166.0, -9739.906756866785, 1793.3698646271068, -25598.26828220705, -10570.296415125897, -166002.69567998598, -17045.149748939246, -27876.603946280953, -34886.28982142089, 0.056, 0.97, -0.148, 192.0, 0.0, 0.0, 0.0, 0.0, 0.0, 0.0, 0.0, 0.0, 0.0, 1.741026576353641E9, 0.0, 2025-03-03 12:29:36.353
167.0, -9679.266474159536, 1876.2277813229302, -25604.862046821363, -10572.799810504892, -165922.09528948014, -17059.633679346287, -27890.998469710168, -34897.935080282106, 0.056, 0.97, -0.148, 192.0, 0.0, 0.0, 0.0, 0.0, 0.0, 0.0, 0.0, 0.0, 0.0, 1.741026576353668E9, 0.0, 2025-03-03 12:29:36.353
168.0, -9743.483035979634, 1813.5311381257939, -25605.420840432747, -10567.390688346708, -165923.30228368074, -17056.415028144722, -27881.253109127654, -34895.968126770036, 0.056, 0.97, -0.148, 192.0, 0.0, 0.0, 0.0, 0.0, 0.0, 0.0, 0.0, 0.0, 0.0, 1.741026576353693E9, 0.0, 2025-03-03 12:29:36.353
169.0, -9772.160324115792, 1749.1581140945095, -25594.021450760538, -10561.556883043871, -165983.74140068787, -17042.55694658243, -27875.575766036007, -34893.017696501935, 0.056, 0.97, -0.148, 192.0, 0.0, 0.0, 0.0, 0.0, 0.0, 0.0, 0.0, 0.0, 0.0, 1.74102657635372E9, 0.0, 2025-03-03 12:29:36.353
170.0, -9728.730884639132, 1791.045283203755, -25603.006852031573, -10580.242941408509, -165954.68413289599, -17062.360592169833, -27891.490208088188, -34907.993365286995, 0.056, 0.97, -0.148, 192.0, 0.0, 0.0, 0.0, 0.0, 0.0, 0.0, 0.0, 0.0, 0.0, 1.741026576353755E9, 0.0, 2025-03-03 12:29:36.353
171.0, -9697.34903542388, 1866.102441084676, -25614.585055659423, -10584.981511233034, -165901.9563677259, -17069.155522484245, -27898.396897124876, -34920.085659037315, 0.054, 0.968, -0.15, 192.0, 1.0, 176.0, 30.0, 64.0, 251.0, 80.0, 0.0, 0.0, 0.0, 1.741026576353785E9, 0.0, 2025-03-03 12:29:36.353
172.0, -9740.554957455988, 1829.914966811534, -25613.73568937012, -10585.160325188675, -165888.34415535262, -17064.126379981804, -27891.601966810464, -34908.619214131744, 0.054, 0.968, -0.15, 192.0, 0.0, 0.0, 0.0, 0.0, 0.0, 0.0, 0.0, 0.0, 0.0, 1.741026576353815E9, 0.0, 2025-03-03 12:29:36.353
173.0, -9796.36726336089, 1750.208646083909, -25608.30421546748, -10579.281816396931, -165926.43152790447, -17054.068094976916, -27884.76233300714, -34896.19164421459, 0.054, 0.968, -0.15, 192.0, 0.0, 0.0, 0.0, 0.0, 0.0, 0.0, 0.0, 0.0, 0.0, 1.741026576353841E9, 0.0, 2025-03-03 12:29:36.353
174.0, -9779.782268975052, 1762.9491404234338, -25607.45484917818, -10591.083537469332, -165934.0087692748, -17061.555929369442, -27890.260862143143, -34905.959356541556, 0.054, 0.968, -0.15, 192.0, 0.0, 0.0, 0.0, 0.0, 0.0, 0.0, 0.0, 0.0, 0.0, 1.741026576353867E9, 0.0, 2025-03-03 12:29:36.353
175.0, -9694.711529578153, 1862.324996271729, -25601.35282294188, -10586.300264155898, -165863.86899517407, -17056.347972911357, -27894.284176145098, -34911.3908304442, 0.054, 0.968, -0.15, 192.0, 0.0, 0.0, 0.0, 0.0, 0.0, 0.0, 0.0, 0.0, 0.0, 1.741026576353899E9, 0.0, 2025-03-03 12:29:36.353
176.0, -9715.29748622149, 1852.0208420778326, -25602.559817142468, -10576.75606927348, -165835.43757622692, -17054.984516499582, -27888.85270224246, -34899.96908902754, 0.054, 0.968, -0.15, 192.0, 0.0, 0.0, 0.0, 0.0, 0.0, 0.0, 0.0, 0.0, 0.0, 1.741026576353926E9, 0.0, 2025-03-03 12:29:36.353
177.0, -9786.197219633725, 1760.4457450444395, -25606.359613699868, -10572.375127360241, -165883.158550639, -17051.22942343109, -27886.729286519207, -34902.316022195344, 0.054, 0.968, -0.15, 192.0, 0.0, 0.0, 0.0, 0.0, 0.0, 0.0, 0.0, 0.0, 0.0, 1.741026576353959E9, 0.0, 2025-03-03 12:29:36.353
178.0, -9775.066050894982, 1752.689689718448, -25606.046689277493, -10577.247807651498, -165901.73285028135, -17052.302307164944, -27890.216158654235, -34907.52397865343, 0.054, 0.968, -0.15, 192.0, 0.0, 0.0, 0.0, 0.0, 0.0, 0.0, 0.0, 0.0, 0.0, 1.741026576353992E9, 0.0, 2025-03-03 12:29:36.353
179.0, -9707.899058806785, 1834.7429436138802, -25615.143849270804, -10591.32940665834, -165850.7485211788, -17060.348935168855, -27902.844894271482, -34918.76690611445, 0.054, 0.968, -0.15, 192.0, 0.0, 0.0, 0.0, 0.0, 0.0, 0.0, 0.0, 0.0, 0.0, 1.741026576413873E9, 0.0, 2025-03-03 12:29:36.413
180.0, -9715.20807924367, 1859.0169380923437, -25617.088451038417, -10593.765746803969, -165803.876913056, -17057.867891534315, -27896.407591868356, -34916.26351073546, 0.054, 0.968, -0.15, 192.0, 0.0, 0.0, 0.0, 0.0, 0.0, 0.0, 0.0, 0.0, 0.0, 1.741026576413905E9, 0.0, 2025-03-03 12:29:36.413
181.0, -9802.156365174815, 1761.7421462228474, -25612.64045389181, -10577.650139051693, -165860.9856201393, -17051.89997576475, -27885.477588829708, -34907.009888530956, 0.062, 0.966, -0.152, 192.0, 1.0, 240.0, 30.0, 48.0, 251.0, 64.0, 0.0, 0.0, 0.0, 1.741026576413942E9, 0.0, 2025-03-03 12:29:36.413
182.0, -9795.406138349312, 1747.526436749272, -25609.019471290052, -10581.964025731568, -165883.8067512282, -17048.658972818732, -27889.99264120968, -34908.52980715392, 0.062, 0.966, -0.152, 192.0, 0.0, 0.0, 0.0, 0.0, 0.0, 0.0, 0.0, 0.0, 0.0, 1.741026576413971E9, 0.0, 2025-03-03 12:29:36.413
183.0, -9731.949535840695, 1818.9849637728887, -25609.10887826787, -10587.261389167475, -165848.6474572, -17058.449036890153, -27901.481437859708, -34919.035127047915, 0.062, 0.966, -0.152, 192.0, 0.0, 0.0, 0.0, 0.0, 0.0, 0.0, 0.0, 0.0, 0.0, 1.741026576413997E9, 0.0, 2025-03-03 12:29:36.413
184.0, -9720.103111279383, 1860.9615398599553, -25613.959206814674, -10595.419775893663, -165798.5795496201, -17061.108894480338, -27902.777839038117, -34922.41024046067, 0.062, 0.966, -0.152, 192.0, 0.0, 0.0, 0.0, 0.0, 0.0, 0.0, 0.0, 0.0, 0.0, 1.741026576414023E9, 0.0, 2025-03-03 12:29:36.414
185.0, -9775.22251310617, 1782.0598819327215, -25611.276997480036, -10589.228342679542, -165815.87979982852, -17046.110873950824, -27892.89836798887, -34914.67653687913, 0.062, 0.966, -0.152, 192.0, 0.0, 0.0, 0.0, 0.0, 0.0, 0.0, 0.0, 0.0, 0.0, 1.741026576414059E9, 0.0, 2025-03-03 12:29:36.414
186.0, -9775.378975317357, 1743.659584958504, -25612.01460504706, -10585.00386297749, -165845.45115774288, -17055.923289766706, -27893.56892032253, -34917.828132847324, 0.062, 0.966, -0.152, 192.0, 0.0, 0.0, 0.0, 0.0, 0.0, 0.0, 0.0, 0.0, 0.0, 1.741026576414091E9, 0.0, 2025-03-03 12:29:36.414
187.0, -9737.06808532096, 1800.2318501748862, -25615.45677369318, -10584.892104255212, -165824.70873888835, -17060.46069389113, -27902.487266360196, -34923.48312419452, 0.062, 0.966, -0.152, 192.0, 0.0, 0.0, 0.0, 0.0, 0.0, 0.0, 0.0, 0.0, 0.0, 1.741026576414117E9, 0.0, 2025-03-03 12:29:36.414
188.0, -9699.472451147134, 1870.461031253461, -25619.301273739493, -10583.461592610072, -165768.71761902783, -17057.465560134122, -27904.364812894444, -34930.38981323121, 0.062, 0.966, -0.152, 192.0, 0.0, 0.0, 0.0, 0.0, 0.0, 0.0, 0.0, 0.0, 0.0, 1.741026576414142E9, 0.0, 2025-03-03 12:29:36.414
189.0, -9760.64917572131, 1795.6944460504587, -25614.02626204804, -10570.13995291471, -165792.29870942817, -17055.677420577696, -27895.42411511232, -34921.65028114919, 0.062, 0.966, -0.152, 192.0, 0.0, 0.0, 0.0, 0.0, 0.0, 0.0, 0.0, 0.0, 0.0, 1.741026576414169E9, 0.0, 2025-03-03 12:29:36.414
190.0, -9788.678263268264, 1745.0677448591882, -25613.579227158934, -10570.497580825995, -165828.57559067913, -17051.09531296436, -27896.295833146076, -34918.65514739217, 0.062, 0.966, -0.152, 192.0, 0.0, 0.0, 0.0, 0.0, 0.0, 0.0, 0.0, 0.0, 0.0, 1.741026576414195E9, 0.0, 2025-03-03 12:29:36.414
191.0, -9749.562710471477, 1780.942294709956, -25613.19924750319, -10573.403307605186, -165822.7864888652, -17052.503472865043, -27900.699126803775, -34923.61723466125, 0.066, 0.968, -0.152, 192.0, 2.0, 16.0, 30.0, 64.0, 251.0, 64.0, 0.0, 0.0, 0.0, 1.741026576414222E9, 0.0, 2025-03-03 12:29:36.414
192.0, -9692.051671987972, 1880.0052261358771, -25619.703605139686, -10578.410098363174, -165739.2133163468, -17051.698810064652, -27908.231664685212, -34933.63081617723, 0.066, 0.968, -0.152, 192.0, 0.0, 0.0, 0.0, 0.0, 0.0, 0.0, 0.0, 0.0, 0.0, 1.74102657641426E9, 0.0, 2025-03-03 12:29:36.414
193.0, -9759.866864665373, 1819.521405639816, -25625.939741842718, -10578.343043129807, -165739.3250750691, -17050.938850753173, -27905.840028028495, -34941.476278481045, 0.066, 0.968, -0.152, 192.0, 0.0, 0.0, 0.0, 0.0, 0.0, 0.0, 0.0, 0.0, 0.0, 1.741026576414293E9, 0.0, 2025-03-03 12:29:36.414
194.0, -9813.108719957914, 1748.3087478052078, -25624.755099386588, -10579.52768558594, -165787.135456459, -17056.884414778284, -27905.86237977295, -34929.92042659765, 0.066, 0.968, -0.152, 192.0, 0.0, 0.0, 0.0, 0.0, 0.0, 0.0, 0.0, 0.0, 0.0, 1.741026576472768E9, 0.0, 2025-03-03 12:29:36.472
195.0, -9788.767670246085, 1765.787811969258, -25631.572381445454, -10599.733662573537, -165801.06059325466, -17059.43251364619, -27911.562074609054, -34923.95251082808, 0.066, 0.968, -0.152, 192.0, 0.0, 0.0, 0.0, 0.0, 0.0, 0.0, 0.0, 0.0, 0.0, 1.741026576472801E9, 0.0, 2025-03-03 12:29:36.472
196.0, -9705.328608194424, 1865.5659992177486, -25631.952361101194, -10601.030063751945, -165728.32801679708, -17065.646298604763, -27916.457106644764, -34934.03314757742, 0.066, 0.968, -0.152, 192.0, 0.0, 0.0, 0.0, 0.0, 0.0, 0.0, 0.0, 0.0, 0.0, 1.741026576472828E9, 0.0, 2025-03-03 12:29:36.472
197.0, -9756.916434397273, 1833.1336180130982, -25637.383835003835, -10594.86098228228, -165733.58067674408, -17067.210920716636, -27906.979966995714, -34932.91556035466, 0.066, 0.968, -0.152, 192.0, 0.0, 0.0, 0.0, 0.0, 0.0, 0.0, 0.0, 0.0, 0.0, 1.741026576472864E9, 0.0, 2025-03-03 12:29:36.472
198.0, -9792.768632503585, 1771.5098585498165, -25638.434366993235, -10610.686017356637, -165771.13160742898, -17065.936871282684, -27908.924568763327, -34927.081755051826, 0.066, 0.968, -0.152, 192.0, 0.0, 0.0, 0.0, 0.0, 0.0, 0.0, 0.0, 0.0, 0.0, 1.741026576472891E9, 0.0, 2025-03-03 12:29:36.472
199.0, -9761.610300732887, 1789.2571436473304, -25622.341110985413, -10588.356624645785, -165773.38913361897, -17052.548176353954, -27903.113115204946, -34919.660975892664, 0.066, 0.968, -0.152, 192.0, 0.0, 0.0, 0.0, 0.0, 0.0, 0.0, 0.0, 0.0, 0.0, 1.741026576472918E9, 0.0, 2025-03-03 12:29:36.472
200.0, -9699.986541269605, 1874.4172900220503, -25618.004872561083, -10574.610301805771, -165731.859592421, -17050.692981564163, -27897.771048280127, -34892.36949591273, 0.058, 0.968, -0.152, 192.0, 1.0, 208.0, 30.0, 64.0, 251.0, 64.0, 0.0, 0.0, 0.0, 1.74102657647295E9, 0.0, 2025-03-03 12:29:36.472
201.0, -9712.123538508838, 1879.0664528687541, -25628.376081988346, -10592.156421203188, -165698.48843794924, -17059.276051435, -27898.4863041027, -34878.46671086153, 0.058, 0.968, -0.152, 192.0, 0.0, 0.0, 0.0, 0.0, 0.0, 0.0, 0.0, 0.0, 0.0, 1.741026576472998E9, 0.0, 2025-03-03 12:29:36.472
202.0, -9780.765745731085, 1792.9004779935453, -25619.904770839785, -10587.037871722921, -165735.88290642298, -17055.14097871077, -27884.628222540407, -34868.073149689815, 0.058, 0.968, -0.152, 192.0, 0.0, 0.0, 0.0, 0.0, 0.0, 0.0, 0.0, 0.0, 0.0, 1.741026576473024E9, 0.0, 2025-03-03 12:29:36.473
203.0, -9775.177809617258, 1781.6575505325259, -25626.40912847628, -10584.400365877196, -165755.1724618879, -17060.90772878024, -27892.652498799864, -34866.06149268884, 0.058, 0.968, -0.152, 192.0, 0.0, 0.0, 0.0, 0.0, 0.0, 0.0, 0.0, 0.0, 0.0, 1.74102657647305E9, 0.0, 2025-03-03 12:29:36.473
204.0, -9714.179898998726, 1862.8837898831118, -25630.67831166724, -10598.213743950575, -165694.39806871393, -17069.736667840083, -27896.027612212612, -34862.28404787589, 0.058, 0.968, -0.152, 192.0, 0.0, 0.0, 0.0, 0.0, 0.0, 0.0, 0.0, 0.0, 0.0, 1.741026576473076E9, 0.0, 2025-03-03 12:29:36.473
205.0, -9708.770776840542, 1880.7875371918128, -25629.89600061131, -10590.055357224388, -165661.0939694755, -17056.57149035591, -27884.672926029318, -34846.83899245727, 0.058, 0.968, -0.152, 192.0, 0.0, 0.0, 0.0, 0.0, 0.0, 0.0, 0.0, 0.0, 0.0, 1.741026576473102E9, 0.0, 2025-03-03 12:29:36.473
206.0, -9757.02819311955, 1798.4884141073721, -25628.621951177356, -10597.118508472266, -165701.55062693963, -17061.175949713703, -27878.213271881734, -34834.433774284575, 0.058, 0.968, -0.152, 192.0, 0.0, 0.0, 0.0, 0.0, 0.0, 0.0, 0.0, 0.0, 0.0, 1.741026576473128E9, 0.0, 2025-03-03 12:29:36.473
207.0, -9759.755105943097, 1776.0919661631544, -25631.326512256448, -10596.984398005534, -165741.89552568144, -17061.265356691525, -27880.739019005185, -34827.258864314426, 0.058, 0.968, -0.152, 192.0, 0.0, 0.0, 0.0, 0.0, 0.0, 0.0, 0.0, 0.0, 0.0, 1.741026576473157E9, 0.0, 2025-03-03 12:29:36.473
208.0, -9700.143003480793, 1857.4970194693828, -25626.900866854296, -10593.564581103872, -165693.39224021343, -17050.782388541986, -27876.156911391845, -34813.80311415233, 0.058, 0.968, -0.152, 192.0, 0.0, 0.0, 0.0, 0.0, 0.0, 0.0, 0.0, 0.0, 0.0, 1.741026576473191E9, 0.0, 2025-03-03 12:29:36.473
209.0, -9670.72810777761, 1914.136339919131, -25614.540352170512, -10587.127278700744, -165640.86564074346, -17042.80281577144, -27861.628277495896, -34793.753599375916, 0.058, 0.968, -0.152, 192.0, 0.0, 0.0, 0.0, 0.0, 0.0, 0.0, 0.0, 0.0, 0.0, 1.741026576532977E9, 0.0, 2025-03-03 12:29:36.532
210.0, -9741.82900688994, 1824.9528795424558, -25628.353730243893, -10593.229304937042, -165661.31748692007, -17054.69394382166, -27861.09183562897, -34794.42415170958, 0.056, 0.97, -0.154, 192.0, 1.0, 192.0, 30.0, 80.0, 251.0, 48.0, 0.0, 0.0, 0.0, 1.741026576533016E9, 0.0, 2025-03-03 12:29:36.533
211.0, -9754.524797740556, 1775.7790417407803, -25625.515058698067, -10595.710348571582, -165698.53314143815, -17050.827092030893, -27854.207498336735, -34787.606869650706, 0.056, 0.97, -0.154, 192.0, 0.0, 0.0, 0.0, 0.0, 0.0, 0.0, 0.0, 0.0, 0.0, 1.741026576533047E9, 0.0, 2025-03-03 12:29:36.533
212.0, -9702.400529670778, 1820.5719376292157, -25626.766756387566, -10602.818203308369, -165686.7090686213, -17055.588013599874, -27856.822652438004, -34786.1093027722, 0.056, 0.97, -0.154, 192.0, 0.0, 0.0, 0.0, 0.0, 0.0, 0.0, 0.0, 0.0, 0.0, 1.741026576533094E9, 0.0, 2025-03-03 12:29:36.533
213.0, -9665.028412941505, 1887.7836332063239, -25627.705529654686, -10597.274970683453, -165628.92980920433, -17041.260545404024, -27857.537908260576, -34781.2589742254, 0.056, 0.97, -0.154, 192.0, 0.0, 0.0, 0.0, 0.0, 0.0, 0.0, 0.0, 0.0, 0.0, 1.74102657653312E9, 0.0, 2025-03-03 12:29:36.533
214.0, -9736.330477753936, 1812.1229782251096, -25631.72884365664, -10591.396461891707, -165645.80537626808, -17043.361609382824, -27852.262896569122, -34777.57093639028, 0.056, 0.97, -0.154, 192.0, 0.0, 0.0, 0.0, 0.0, 0.0, 0.0, 0.0, 0.0, 0.0, 1.741026576533147E9, 0.0, 2025-03-03 12:29:36.533
215.0, -9776.898893940317, 1753.9860908968558, -25632.77937564604, -10587.797831034402, -165687.20080699932, -17040.1206064368, -27849.35716978993, -34775.156947989104, 0.056, 0.97, -0.154, 192.0, 0.0, 0.0, 0.0, 0.0, 0.0, 0.0, 0.0, 0.0, 0.0, 1.741026576533179E9, 0.0, 2025-03-03 12:29:36.533
216.0, -9742.611317945877, 1792.2299256598862, -25634.701625669197, -10602.639389352726, -165674.4603126598, -17039.584164569875, -27856.42032103781, -34776.29688695633, 0.056, 0.97, -0.154, 192.0, 0.0, 0.0, 0.0, 0.0, 0.0, 0.0, 0.0, 0.0, 0.0, 1.741026576533219E9, 0.0, 2025-03-03 12:29:36.533
217.0, -9681.814573027441, 1879.8934674136005, -25617.91546558326, -10588.311921156874, -165623.20776262376, -17031.783405754974, -27846.719663944205, -34771.178337476056, 0.056, 0.97, -0.154, 192.0, 0.0, 0.0, 0.0, 0.0, 0.0, 0.0, 0.0, 0.0, 0.0, 1.741026576533249E9, 0.0, 2025-03-03 12:29:36.533
218.0, -9705.26155296106, 1829.0432487777769, -25620.17299177325, -10593.38576714823, -165635.97060870775, -17038.555984324932, -27841.31054178602, -34775.291058455834, 0.056, 0.97, -0.154, 192.0, 0.0, 0.0, 0.0, 0.0, 0.0, 0.0, 0.0, 0.0, 0.0, 1.741026576533275E9, 0.0, 2025-03-03 12:29:36.533
219.0, -9757.40817277529, 1763.8655619461015, -25623.92808484174, -10606.372130676762, -165677.9024813059, -17046.535557095474, -27846.94318138876, -34788.52329117338, 0.056, 0.97, -0.154, 192.0, 0.0, 0.0, 0.0, 0.0, 0.0, 0.0, 0.0, 0.0, 0.0, 1.741026576533302E9, 0.0, 2025-03-03 12:29:36.533
220.0, -9744.64532669131, 1779.78000399828, -25630.566552944965, -10611.490680157029, -165693.0122605577, -17048.61426932982, -27854.94510590376, -34792.434846453056, 0.054, 0.968, -0.156, 192.0, 1.0, 176.0, 30.0, 64.0, 251.0, 32.0, 0.0, 0.0, 0.0, 1.741026576533331E9, 0.0, 2025-03-03 12:29:36.533
221.0, -9671.510418833544, 1868.3152637857515, -25621.49174469611, -10605.969799276567, -165652.91323100487, -17054.358667654833, -27852.978152391694, -34800.50382620142, 0.054, 0.968, -0.156, 192.0, 0.0, 0.0, 0.0, 0.0, 0.0, 0.0, 0.0, 0.0, 0.0, 1.74102657653336E9, 0.0, 2025-03-03 12:29:36.533
222.0, -9689.6376835868, 1844.8906355965896, -25621.89407609631, -10609.233153967041, -165639.94921922078, -17044.300382649944, -27851.61469597992, -34789.842044096236, 0.054, 0.968, -0.156, 192.0, 0.0, 0.0, 0.0, 0.0, 0.0, 0.0, 0.0, 0.0, 0.0, 1.741026576533391E9, 0.0, 2025-03-03 12:29:36.533
223.0, -9743.818312146463, 1768.4923730483501, -25620.105936539883, -10612.787081335437, -165674.5497196376, -17034.80089125644, -27847.88195465588, -34776.274535211865, 0.054, 0.968, -0.156, 192.0, 0.0, 0.0, 0.0, 0.0, 0.0, 0.0, 0.0, 0.0, 0.0, 1.741026576533425E9, 0.0, 2025-03-03 12:29:36.533
224.0, -9747.193425559215, 1761.3398148226518, -25613.82509634794, -10599.66660734017, -165714.7605079127, -17038.690094791662, -27846.071463355, -34776.65451486761, 0.054, 0.968, -0.156, 192.0, 0.0, 0.0, 0.0, 0.0, 0.0, 0.0, 0.0, 0.0, 0.0, 1.741026576594039E9, 0.0, 2025-03-03 12:29:36.594
225.0, -9664.022584441016, 1862.5485137162823, -25599.050593262982, -10590.636502580226, -165657.7412078072, -17036.969010468605, -27848.1725273338, -34780.78958759184, 0.054, 0.968, -0.156, 192.0, 0.0, 0.0, 0.0, 0.0, 0.0, 0.0, 0.0, 0.0, 0.0, 1.741026576594081E9, 0.0, 2025-03-03 12:29:36.594
226.0, -9683.937988750695, 1869.4328510085168, -25603.40918343177, -10587.283740911931, -165622.33604459002, -17049.79891178595, -27846.004408121637, -34797.88867210015, 0.054, 0.968, -0.156, 192.0, 0.0, 0.0, 0.0, 0.0, 0.0, 0.0, 0.0, 0.0, 0.0, 1.741026576594107E9, 0.0, 2025-03-03 12:29:36.594
227.0, -9761.207969332692, 1781.2105156434197, -25613.802744603487, -10596.157383460688, -165672.69452484782, -17050.268298419513, -27851.70410295774, -34791.40666620811, 0.054, 0.968, -0.156, 192.0, 0.0, 0.0, 0.0, 0.0, 0.0, 0.0, 0.0, 0.0, 0.0, 1.741026576594137E9, 0.0, 2025-03-03 12:29:36.594
228.0, -9777.748260229619, 1767.7100619924145, -25620.530619684534, -10609.81429932288, -165688.05017328862, -17047.60844082933, -27854.65453322584, -34785.03641903835, 0.054, 0.968, -0.156, 192.0, 0.0, 0.0, 0.0, 0.0, 0.0, 0.0, 0.0, 0.0, 0.0, 1.741026576594165E9, 0.0, 2025-03-03 12:29:36.594
229.0, -9706.222677972637, 1844.1306762851093, -25601.665747364255, -10597.207915450086, -165658.36705665197, -17044.881528005782, -27845.89264939936, -34782.957706804, 0.054, 0.968, -0.156, 192.0, 0.0, 0.0, 0.0, 0.0, 0.0, 0.0, 0.0, 0.0, 0.0, 1.74102657659419E9, 0.0, 2025-03-03 12:29:36.594
230.0, -9671.19749441117, 1881.7039587144804, -25599.385869429814, -10591.038833980421, -165614.17765786382, -17039.204184914135, -27844.618599965408, -34784.254107982415, 0.052000000000000005, 0.966, -0.158, 192.0, 1.0, 160.0, 30.0, 48.0, 251.0, 16.0, 0.0, 0.0, 0.0, 1.741026576594217E9, 0.0, 2025-03-03 12:29:36.594
231.0, -9745.382934258334, 1783.9597802114226, -25609.48885792361, -10596.649121838704, -165660.31165841958, -17043.249850660544, -27847.03258836658, -34792.03251505286, 0.052000000000000005, 0.966, -0.158, 192.0, 0.0, 0.0, 0.0, 0.0, 0.0, 0.0, 0.0, 0.0, 0.0, 1.741026576594253E9, 0.0, 2025-03-03 12:29:36.594
232.0, -9758.302242553502, 1756.3553758091184, -25621.044709807007, -10609.948409789611, -165682.618699386, -17054.179853699192, -27854.22985008119, -34801.04026806835, 0.052000000000000005, 0.966, -0.158, 192.0, 0.0, 0.0, 0.0, 0.0, 0.0, 0.0, 0.0, 0.0, 0.0, 1.741026576594282E9, 0.0, 2025-03-03 12:29:36.594
233.0, -9706.423843672734, 1822.5165393968273, -25600.615215374855, -10595.33036891584, -165667.3077544341, -17039.4724058476, -27842.13755633087, -34790.42318945208, 0.052000000000000005, 0.966, -0.158, 192.0, 0.0, 0.0, 0.0, 0.0, 0.0, 0.0, 0.0, 0.0, 0.0, 1.741026576594312E9, 0.0, 2025-03-03 12:29:36.594
234.0, -9680.518171849033, 1875.5348772448156, -25608.840657334407, -10589.317749657363, -165635.12124241845, -17038.354818624834, -27843.433957509274, -34792.32308773078, 0.052000000000000005, 0.966, -0.158, 192.0, 0.0, 0.0, 0.0, 0.0, 0.0, 0.0, 0.0, 0.0, 0.0, 1.741026576594338E9, 0.0, 2025-03-03 12:29:36.594
235.0, -9739.951460355695, 1805.685675821981, -25616.239084749115, -10593.653988081693, -165665.47491138877, -17041.19349017066, -27843.098681342446, -34790.17732026307, 0.052000000000000005, 0.966, -0.158, 192.0, 0.0, 0.0, 0.0, 0.0, 0.0, 0.0, 0.0, 0.0, 0.0, 1.741026576594365E9, 0.0, 2025-03-03 12:29:36.594
236.0, -9764.247806578614, 1769.2746841042858, -25612.81926784745, -10597.81141255038, -165702.37764148446, -17042.735760538075, -27842.919867386805, -34793.44067495354, 0.052000000000000005, 0.966, -0.158, 192.0, 0.0, 0.0, 0.0, 0.0, 0.0, 0.0, 0.0, 0.0, 0.0, 1.741026576594391E9, 0.0, 2025-03-03 12:29:36.594
237.0, -9713.308180964968, 1825.1540452425536, -25612.64045389181, -10611.714197601581, -165684.25037673122, -17045.194452428157, -27844.730358687684, -34797.57574767777, 0.052000000000000005, 0.966, -0.158, 192.0, 0.0, 0.0, 0.0, 0.0, 0.0, 0.0, 0.0, 0.0, 0.0, 1.741026576594418E9, 0.0, 2025-03-03 12:29:36.594
238.0, -9673.075040945416, 1899.3394850897178, -25604.057384020973, -10600.113642229277, -165624.9959021802, -17035.337333123367, -27834.13563181587, -34790.467892940986, 0.052000000000000005, 0.966, -0.158, 192.0, 0.0, 0.0, 0.0, 0.0, 0.0, 0.0, 0.0, 0.0, 0.0, 1.741026576594451E9, 0.0, 2025-03-03 12:29:36.594
239.0, -9753.496617495612, 1812.301792180752, -25602.716279353655, -10576.532551828928, -165676.4049144274, -17028.85532723133, -27828.100660812936, -34780.11903525818, 0.052000000000000005, 0.966, -0.158, 192.0, 0.0, 0.0, 0.0, 0.0, 0.0, 0.0, 0.0, 0.0, 0.0, 1.7410265766535E9, 0.0, 2025-03-03 12:29:36.653
240.0, -9774.663719494787, 1757.9423496654451, -25605.331433454925, -10589.00482523499, -165722.5165632387, -17042.065208204414, -27838.561277218017, -34787.7633318619, 0.056, 0.968, -0.15, 192.0, 1.0, 192.0, 30.0, 64.0, 251.0, 80.0, 0.0, 0.0, 0.0, 1.741026576653541E9, 0.0, 2025-03-03 12:29:36.653
241.0, -9712.54822165349, 1798.399007129551, -25600.838732819408, -10601.030063751945, -165718.113269581, -17047.720199551608, -27844.3727307764, -34796.23464301046, 0.056, 0.968, -0.15, 192.0, 0.0, 0.0, 0.0, 0.0, 0.0, 0.0, 0.0, 0.0, 0.0, 1.74102657665357E9, 0.0, 2025-03-03 12:29:36.653
242.0, -9650.343316834369, 1883.3132843152625, -25606.78429684452, -10616.09513951482, -165671.88986204742, -17056.973821756106, -27848.574858734, -34806.27057627089, 0.056, 0.968, -0.15, 192.0, 0.0, 0.0, 0.0, 0.0, 0.0, 0.0, 0.0, 0.0, 0.0, 1.7410265766536E9, 0.0, 2025-03-03 12:29:36.653
243.0, -9699.58420986941, 1840.040307049788, -25620.195343517706, -10627.203956509109, -165675.33203069353, -17054.96216475513, -27846.496146499652, -34811.12090481769, 0.056, 0.968, -0.15, 192.0, 0.0, 0.0, 0.0, 0.0, 0.0, 0.0, 0.0, 0.0, 0.0, 1.741026576653626E9, 0.0, 2025-03-03 12:29:36.653
244.0, -9774.21668460568, 1754.1872565969536, -25623.771622630553, -10622.867718084779, -165749.74098798525, -17059.99130725757, -27847.010236622125, -34805.287099514855, 0.056, 0.968, -0.15, 192.0, 0.0, 0.0, 0.0, 0.0, 0.0, 0.0, 0.0, 0.0, 0.0, 1.741026576653653E9, 0.0, 2025-03-03 12:29:36.653
245.0, -9750.434428505234, 1771.9568934389226, -25616.75317487159, -10618.106796515798, -165775.04316270867, -17065.154560226747, -27845.959704632725, -34797.93337558906, 0.056, 0.968, -0.15, 192.0, 0.0, 0.0, 0.0, 0.0, 0.0, 0.0, 0.0, 0.0, 0.0, 1.74102657665368E9, 0.0, 2025-03-03 12:29:36.653
246.0, -9676.047822957971, 1858.1899235474973, -25613.73568937012, -10612.42945342415, -165753.0266944202, -17059.387810157277, -27847.189050577766, -34802.60489018022, 0.056, 0.968, -0.15, 192.0, 0.0, 0.0, 0.0, 0.0, 0.0, 0.0, 0.0, 0.0, 0.0, 1.741026576653713E9, 0.0, 2025-03-03 12:29:36.653
247.0, -9690.419994642734, 1847.1034582976652, -25618.384852216823, -10619.514956416484, -165743.3260373266, -17047.74255129606, -27845.378559276887, -34801.77787563537, 0.056, 0.968, -0.15, 192.0, 0.0, 0.0, 0.0, 0.0, 0.0, 0.0, 0.0, 0.0, 0.0, 1.741026576653743E9, 0.0, 2025-03-03 12:29:36.653
248.0, -9748.087495337426, 1772.2027626279312, -25615.05444229298, -10618.419720938173, -165800.390040921, -17048.100179207348, -27837.98013186218, -34790.62435515218, 0.056, 0.968, -0.15, 192.0, 0.0, 0.0, 0.0, 0.0, 0.0, 0.0, 0.0, 0.0, 0.0, 1.741026576653769E9, 0.0, 2025-03-03 12:29:36.653
249.0, -9741.583137700933, 1770.884009705068, -25613.6462823923, -10609.322560944864, -165843.64066644202, -17051.318830408913, -27837.51074522862, -34784.99171554944, 0.056, 0.968, -0.15, 192.0, 0.0, 0.0, 0.0, 0.0, 0.0, 0.0, 0.0, 0.0, 0.0, 1.741026576653796E9, 0.0, 2025-03-03 12:29:36.653
250.0, -9660.938043706185, 1867.3764905186285, -25603.40918343177, -10609.702540600603, -165797.21609320835, -17038.868908747307, -27840.12589932989, -34794.26768949839, 0.052000000000000005, 0.966, -0.152, 192.0, 1.0, 160.0, 30.0, 48.0, 251.0, 64.0, 0.0, 0.0, 0.0, 1.741026576653823E9, 0.0, 2025-03-03 12:29:36.653
251.0, -9673.969110723629, 1867.0859178407095, -25622.855201107886, -10631.763712377991, -165767.1753486604, -17044.121568694303, -27852.620524480408, -34801.733172146465, 0.052000000000000005, 0.966, -0.152, 192.0, 0.0, 0.0, 0.0, 0.0, 0.0, 0.0, 0.0, 0.0, 0.0, 1.741026576653852E9, 0.0, 2025-03-03 12:29:36.653
252.0, -9754.681259951742, 1765.7431084803472, -25616.64141614931, -10618.933811060646, -165850.18972756743, -17054.80570254394, -27841.869335397405, -34794.22298600948, 0.052000000000000005, 0.966, -0.152, 192.0, 0.0, 0.0, 0.0, 0.0, 0.0, 0.0, 0.0, 0.0, 0.0, 1.741026576653878E9, 0.0, 2025-03-03 12:29:36.653
253.0, -9740.376143500345, 1771.5992655276377, -25608.907712567772, -10607.512069643983, -165878.643498259, -17051.6764583202, -27841.60111446394, -34790.9149278301, 0.052000000000000005, 0.966, -0.152, 192.0, 0.0, 0.0, 0.0, 0.0, 0.0, 0.0, 0.0, 0.0, 0.0, 1.741026576653911E9, 0.0, 2025-03-03 12:29:36.653
254.0, -9698.131346479815, 1841.5155221838384, -25608.192456745204, -10608.562601633383, -165868.51815802077, -17052.61523158732, -27847.1219953444, -34802.64959366913, 0.052000000000000005, 0.966, -0.152, 192.0, 0.0, 0.0, 0.0, 0.0, 0.0, 0.0, 0.0, 0.0, 0.0, 1.74102657671321E9, 0.0, 2025-03-03 12:29:36.713
255.0, -9705.485070405612, 1857.5640747027487, -25616.73082312713, -10619.537308160938, -165871.46858828887, -17051.877624020293, -27847.390216277865, -34813.31137577431, 0.052000000000000005, 0.966, -0.152, 192.0, 0.0, 0.0, 0.0, 0.0, 0.0, 0.0, 0.0, 0.0, 0.0, 1.741026576713274E9, 0.0, 2025-03-03 12:29:36.713
0.0, -9744.086533079926, 1787.558411068727, -25617.222561505147, -10610.976590034556, -165898.3577368686, -17054.04574323246, -27847.94900988925, -34820.19571306655, 0.052000000000000005, 0.966, -0.152, 192.0, 0.0, 0.0, 0.0, 0.0, 0.0, 0.0, 0.0, 0.0, 0.0, 1.7410265767133E9, 0.0, 2025-03-03 12:29:36.713
1.0, -9747.528701726043, 1758.076460132177, -25627.057329065483, -10624.655857641204, -165929.2701994503, -17072.508284152544, -27857.94023966077, -34823.5708264793, 0.052000000000000005, 0.966, -0.152, 192.0, 0.0, 0.0, 0.0, 0.0, 0.0, 0.0, 0.0, 0.0, 0.0, 1.741026576713329E9, 0.0, 2025-03-03 12:29:36.713
2.0, -9707.563782639954, 1812.7488270698582, -25621.26822725156, -10617.77152034897, -165929.49371689485, -17066.495664894064, -27856.017989637614, -34831.930378905585, 0.052000000000000005, 0.966, -0.152, 192.0, 0.0, 0.0, 0.0, 0.0, 0.0, 0.0, 0.0, 0.0, 0.0, 1.741026576713359E9, 0.0, 2025-03-03 12:29:36.713
3.0, -9675.667843302232, 1869.3881475196063, -25624.10689879738, -10609.568430133872, -165898.44714384642, -17044.18862392767, -27859.147233861357, -34829.58344573778, 0.052000000000000005, 0.966, -0.152, 192.0, 0.0, 0.0, 0.0, 0.0, 0.0, 0.0, 0.0, 0.0, 0.0, 1.741026576713385E9, 0.0, 2025-03-03 12:29:36.713
4.0, -9745.673506936253, 1781.3893295990622, -25641.183631561238, -10614.19524123612, -165946.30222872522, -17055.52095836651, -27864.265783341623, -34822.18501832307, 0.056, 0.968, -0.152, 192.0, 1.0, 192.0, 30.0, 64.0, 251.0, 64.0, 0.0, 0.0, 0.0, 1.741026576713411E9, 0.0, 2025-03-03 12:29:36.713
5.0, -9771.825047948963, 1736.149398821521, -25629.851297122397, -10607.556773132894, -166009.6917760005, -17053.732818810084, -27858.36492280542, -34825.22485556899, 0.056, 0.968, -0.152, 192.0, 0.0, 0.0, 0.0, 0.0, 0.0, 0.0, 0.0, 0.0, 0.0, 1.741026576713443E9, 0.0, 2025-03-03 12:29:36.713
6.0, -9714.202250743181, 1789.1453849250538, -25616.48495393812, -10605.567467876372, -166010.20586612297, -17049.66480131922, -27857.739073960674, -34826.78947768086, 0.056, 0.968, -0.152, 192.0, 0.0, 0.0, 0.0, 0.0, 0.0, 0.0, 0.0, 0.0, 0.0, 1.741026576713477E9, 0.0, 2025-03-03 12:29:36.713
7.0, -9678.148886936771, 1857.809943891757, -25622.162297029772, -10603.91343878668, -165977.01352560683, -17060.46069389113, -27859.571917006007, -34833.874980673194, 0.056, 0.968, -0.152, 192.0, 0.0, 0.0, 0.0, 0.0, 0.0, 0.0, 0.0, 0.0, 0.0, 1.741026576713503E9, 0.0, 2025-03-03 12:29:36.713
8.0, -9735.436407975723, 1795.8062047727353, -25625.492706953613, -10610.306037700897, -166004.5732265202, -17062.047667747458, -27858.901364672347, -34839.59702725375, 0.056, 0.968, -0.152, 192.0, 0.0, 0.0, 0.0, 0.0, 0.0, 0.0, 0.0, 0.0, 0.0, 1.741026576713529E9, 0.0, 2025-03-03 12:29:36.713
9.0, -9765.4548007792, 1745.0006896258224, -25624.30806449748, -10613.10000575781, -166047.66738983005, -17058.2255194456, -27858.521385016607, -34829.829314926785, 0.056, 0.968, -0.152, 192.0, 0.0, 0.0, 0.0, 0.0, 0.0, 0.0, 0.0, 0.0, 0.0, 1.741026576713555E9, 0.0, 2025-03-03 12:29:36.713
10.0, -9740.666716178264, 1776.270780118797, -25624.68804415322, -10625.527575674962, -166061.1454917366, -17055.31979266641, -27856.777948949093, -34823.59317822375, 0.056, 0.968, -0.152, 192.0, 0.0, 0.0, 0.0, 0.0, 0.0, 0.0, 0.0, 0.0, 0.0, 1.741026576713581E9, 0.0, 2025-03-03 12:29:36.713
11.0, -9678.931197992706, 1860.9168363710448, -25623.50340169709, -10618.509127915995, -166029.67423554353, -17064.685173593185, -27861.874146684906, -34831.773916694394, 0.056, 0.968, -0.152, 192.0, 0.0, 0.0, 0.0, 0.0, 0.0, 0.0, 0.0, 0.0, 0.0, 1.741026576713607E9, 0.0, 2025-03-03 12:29:36.713
12.0, -9748.869806393363, 1812.4806061363945, -25641.16127981678, -10632.881299600756, -166050.12608172014, -17082.030127290505, -27869.987829922182, -34846.45901280153, 0.056, 0.968, -0.152, 192.0, 0.0, 0.0, 0.0, 0.0, 0.0, 0.0, 0.0, 0.0, 0.0, 1.74102657671364E9, 0.0, 2025-03-03 12:29:36.713
13.0, -9769.634576992343, 1751.6168059845934, -25620.195343517706, -10613.837613324835, -166105.1113730802, -17073.08942950838, -27857.448501282754, -34825.783649180376, 0.056, 0.968, -0.152, 192.0, 0.0, 0.0, 0.0, 0.0, 0.0, 0.0, 0.0, 0.0, 0.0, 1.741026576773495E9, 0.0, 2025-03-03 12:29:36.773
14.0, -9731.278983507036, 1783.3115796222187, -25625.11272729787, -10623.225345996065, -166107.52536148136, -17062.606461358842, -27861.427111795798, -34821.04507935585, 0.062, 0.972, -0.156, 192.0, 1.0, 240.0, 30.0, 96.0, 251.0, 32.0, 0.0, 0.0, 0.0, 1.741026576773538E9, 0.0, 2025-03-03 12:29:36.773
15.0, -9675.5337328355, 1870.0810515977207, -25627.571419187956, -10625.39346520823, -166058.73150333544, -17065.154560226747, -27865.2269083532, -34829.270521315404, 0.062, 0.972, -0.156, 192.0, 0.0, 0.0, 0.0, 0.0, 0.0, 0.0, 0.0, 0.0, 0.0, 1.741026576773568E9, 0.0, 2025-03-03 12:29:36.773
16.0, -9723.031189803027, 1837.1122285261429, -25629.2478000221, -10625.259354741496, -166063.4477214155, -17076.621005132318, -27862.36588506292, -34837.94299816406, 0.062, 0.972, -0.156, 192.0, 0.0, 0.0, 0.0, 0.0, 0.0, 0.0, 0.0, 0.0, 0.0, 1.741026576773594E9, 0.0, 2025-03-03 12:29:36.773
17.0, -9756.469399508167, 1749.0016518833224, -25615.143849270804, -10619.246735483019, -166142.84111772076, -17071.345993440867, -27849.156004089833, -34822.18501832307, 0.062, 0.972, -0.156, 192.0, 0.0, 0.0, 0.0, 0.0, 0.0, 0.0, 0.0, 0.0, 0.0, 1.741026576773624E9, 0.0, 2025-03-03 12:29:36.773
18.0, -9748.243957548613, 1743.6372332140486, -25619.21186676167, -10618.777348849459, -166205.4260021956, -17070.273109707014, -27852.59817273595, -34811.858512384715, 0.062, 0.972, -0.156, 192.0, 0.0, 0.0, 0.0, 0.0, 0.0, 0.0, 0.0, 0.0, 0.0, 1.741026576773651E9, 0.0, 2025-03-03 12:29:36.773
19.0, -9690.196477198182, 1837.6039669041595, -25618.384852216823, -10620.476081428062, -166184.01303100743, -17063.38877241478, -27856.733245460186, -34817.20057930954, 0.062, 0.972, -0.156, 192.0, 0.0, 0.0, 0.0, 0.0, 0.0, 0.0, 0.0, 0.0, 0.0, 1.741026576773677E9, 0.0, 2025-03-03 12:29:36.773
20.0, -9692.901038277274, 1857.8546473806678, -25622.139945285315, -10627.785101864947, -166160.4319406071, -17070.496627151566, -27859.258992583633, -34825.13544859117, 0.062, 0.972, -0.156, 192.0, 0.0, 0.0, 0.0, 0.0, 0.0, 0.0, 0.0, 0.0, 0.0, 1.741026576773707E9, 0.0, 2025-03-03 12:29:36.773
21.0, -9754.658908207288, 1770.5487335382384, -25623.63751216382, -10625.885203586246, -166211.8856563432, -17079.414973189232, -27856.55443150454, -34834.1208498622, 0.062, 0.972, -0.156, 192.0, 0.0, 0.0, 0.0, 0.0, 0.0, 0.0, 0.0, 0.0, 0.0, 1.741026576773736E9, 0.0, 2025-03-03 12:29:36.773
22.0, -9752.267271550569, 1755.818933942191, -25610.07000327945, -10612.071825512867, -166255.96329640906, -17070.071944006915, -27851.726454702195, -34823.66023345712, 0.062, 0.972, -0.156, 192.0, 0.0, 0.0, 0.0, 0.0, 0.0, 0.0, 0.0, 0.0, 0.0, 1.741026576773765E9, 0.0, 2025-03-03 12:29:36.773
23.0, -9697.4384424017, 1830.138484256087, -25616.797878360496, -10631.316677488885, -166234.86324964324, -17076.486894665588, -27862.09766412946, -34828.13058234818, 0.062, 0.972, -0.156, 192.0, 0.0, 0.0, 0.0, 0.0, 0.0, 0.0, 0.0, 0.0, 0.0, 1.741026576773792E9, 0.0, 2025-03-03 12:29:36.773
24.0, -9684.273264917525, 1862.1908858049974, -25623.413994719267, -10632.881299600756, -166201.06741202684, -17075.414010931734, -27862.99173390767, -34825.291910802356, 0.06, 0.972, -0.15, 192.0, 1.0, 224.0, 30.0, 96.0, 251.0, 80.0, 0.0, 0.0, 0.0, 1.741026576773819E9, 0.0, 2025-03-03 12:29:36.773
25.0, -9755.888254152329, 1771.8451347166463, -25622.609331918877, -10620.900764572712, -166244.27333405893, -17075.257548720547, -27859.37075130591, -34822.140314834156, 0.06, 0.972, -0.15, 192.0, 0.0, 0.0, 0.0, 0.0, 0.0, 0.0, 0.0, 0.0, 0.0, 1.741026576773848E9, 0.0, 2025-03-03 12:29:36.773
26.0, -9780.005786419606, 1735.2553290433084, -25629.06898606646, -10631.96487807809, -166299.1468666967, -17083.4829906801, -27864.93633567528, -34829.18111433758, 0.06, 0.972, -0.15, 192.0, 0.0, 0.0, 0.0, 0.0, 0.0, 0.0, 0.0, 0.0, 0.0, 1.741026576773875E9, 0.0, 2025-03-03 12:29:36.773
27.0, -9749.987393616128, 1788.9889227138667, -25623.7492708861, -10623.135939018242, -166302.32081440935, -17065.266318949023, -27860.957725162236, -34829.29287305986, 0.06, 0.972, -0.15, 192.0, 0.0, 0.0, 0.0, 0.0, 0.0, 0.0, 0.0, 0.0, 0.0, 1.741026576773902E9, 0.0, 2025-03-03 12:29:36.773
28.0, -9699.606561613866, 1847.5728449312264, -25608.55008465649, -10627.025142553466, -166282.31600312187, -17066.85329280535, -27851.190012835268, -34834.7690504514, 0.06, 0.972, -0.15, 192.0, 0.0, 0.0, 0.0, 0.0, 0.0, 0.0, 0.0, 0.0, 0.0, 1.741026576833768E9, 0.0, 2025-03-03 12:29:36.833
29.0, -9746.724038925653, 1774.7955649847468, -25622.944608085705, -10626.19812800862, -166318.63758786174, -17070.51897889602, -27857.85083268295, -34822.140314834156, 0.06, 0.972, -0.15, 192.0, 0.0, 0.0, 0.0, 0.0, 0.0, 0.0, 0.0, 0.0, 0.0, 1.741026576833806E9, 0.0, 2025-03-03 12:29:36.833
30.0, -9777.41298406279, 1735.4564947434062, -25618.876590594842, -10609.81429932288, -166375.83570192286, -17062.18177821419, -27851.435882024278, -34807.29875651583, 0.06, 0.972, -0.15, 192.0, 0.0, 0.0, 0.0, 0.0, 0.0, 0.0, 0.0, 0.0, 0.0, 1.74102657683384E9, 0.0, 2025-03-03 12:29:36.833
31.0, -9738.520948710555, 1788.8995157360455, -25628.085509310426, -10627.606287909304, -166373.39936177724, -17067.94852828366, -27859.102530372445, -34820.598044466744, 0.06, 0.972, -0.15, 192.0, 0.0, 0.0, 0.0, 0.0, 0.0, 0.0, 0.0, 0.0, 0.0, 1.741026576833867E9, 0.0, 2025-03-03 12:29:36.833
32.0, -9688.006006241561, 1869.7010719419804, -25619.614198161868, -10632.613078667293, -166333.34503571334, -17065.71335383813, -27857.627315238395, -34822.050907856334, 0.06, 0.972, -0.15, 192.0, 0.0, 0.0, 0.0, 0.0, 0.0, 0.0, 0.0, 0.0, 0.0, 1.741026576833896E9, 0.0, 2025-03-03 12:29:36.833
33.0, -9741.02434408955, 1804.6127920881263, -25625.31389299797, -10626.153424519709, -166363.98927736154, -17080.24198773408, -27859.549565261554, -34834.433774284575, 0.06, 0.972, -0.15, 192.0, 0.0, 0.0, 0.0, 0.0, 0.0, 0.0, 0.0, 0.0, 0.0, 1.741026576833922E9, 0.0, 2025-03-03 12:29:36.833
34.0, -9748.869806393363, 1752.9355589074564, -25622.54227668551, -10622.644200640227, -166415.1300686753, -17082.09718252387, -27864.109321130436, -34837.294797574854, 0.064, 0.976, -0.15, 192.0, 2.0, 0.0, 30.0, 128.0, 251.0, 80.0, 0.0, 0.0, 0.0, 1.741026576833948E9, 0.0, 2025-03-03 12:29:36.833
35.0, -9714.314009465457, 1794.7109692944252, -25618.898942339296, -10622.823014595868, -166405.4294115817, -17074.251720220058, -27865.56218452003, -34833.51735276191, 0.064, 0.976, -0.15, 192.0, 0.0, 0.0, 0.0, 0.0, 0.0, 0.0, 0.0, 0.0, 0.0, 1.741026576833978E9, 0.0, 2025-03-03 12:29:36.833
36.0, -9683.021567228028, 1869.1422783305977, -25606.225503233138, -10612.027122023956, -166396.57812077738, -17069.066115506426, -27852.821690180506, -34825.31426254681, 0.064, 0.976, -0.15, 192.0, 0.0, 0.0, 0.0, 0.0, 0.0, 0.0, 0.0, 0.0, 0.0, 1.741026576834012E9, 0.0, 2025-03-03 12:29:36.834
37.0, -9709.888364063307, 1836.0616965367433, -25603.073907264938, -10612.921191802168, -166415.1747721642, -17066.696830594163, -27848.641913967364, -34822.72146019, 0.064, 0.976, -0.15, 192.0, 0.0, 0.0, 0.0, 0.0, 0.0, 0.0, 0.0, 0.0, 0.0, 1.741026576834042E9, 0.0, 2025-03-03 12:29:36.834
38.0, -9752.960175628683, 1765.8101637137133, -25606.538427655512, -10615.491642414529, -166469.66832514625, -17064.148731726258, -27851.70410295774, -34823.257902056925, 0.064, 0.976, -0.15, 192.0, 0.0, 0.0, 0.0, 0.0, 0.0, 0.0, 0.0, 0.0, 0.0, 1.741026576834069E9, 0.0, 2025-03-03 12:29:36.834
39.0, -9748.534530226532, 1778.3718440975958, -25611.656977135775, -10622.15246226221, -166494.27759579153, -17066.272147449512, -27858.32021931651, -34828.354099792734, 0.064, 0.976, -0.15, 192.0, 0.0, 0.0, 0.0, 0.0, 0.0, 0.0, 0.0, 0.0, 0.0, 1.741026576834096E9, 0.0, 2025-03-03 12:29:36.834
40.0, -9684.943817251184, 1862.9508451164777, -25612.46163993617, -10630.847290855323, -166462.98515355412, -17071.56951088542, -27867.305620587544, -34842.56980926631, 0.064, 0.976, -0.15, 192.0, 0.0, 0.0, 0.0, 0.0, 0.0, 0.0, 0.0, 0.0, 0.0, 1.741026576834124E9, 0.0, 2025-03-03 12:29:36.834
41.0, -9719.678428134732, 1842.36488847314, -25614.27213123705, -10625.348761719319, -166468.97542106814, -17073.00002253056, -27863.237603096677, -34841.09459413226, 0.064, 0.976, -0.15, 192.0, 0.0, 0.0, 0.0, 0.0, 0.0, 0.0, 0.0, 0.0, 0.0, 1.741026576834151E9, 0.0, 2025-03-03 12:29:36.834
42.0, -9767.98054790265, 1762.7479747233363, -25599.095296751893, -10603.354645175295, -166535.1589364003, -17064.439304404175, -27855.36978904841, -34834.165553351115, 0.064, 0.976, -0.15, 192.0, 0.0, 0.0, 0.0, 0.0, 0.0, 0.0, 0.0, 0.0, 0.0, 1.741026576834177E9, 0.0, 2025-03-03 12:29:36.834
43.0, -9749.205082560193, 1768.9841114263668, -25603.78916308751, -10618.933811060646, -166561.53399485757, -17066.60742361634, -27865.450425797753, -34829.85166667124, 0.064, 0.976, -0.15, 192.0, 0.0, 0.0, 0.0, 0.0, 0.0, 0.0, 0.0, 0.0, 0.0, 1.741026576894043E9, 0.0, 2025-03-03 12:29:36.894
44.0, -9680.227599171114, 1857.7428886583912, -25595.809590316963, -10614.329351702852, -166526.59821827392, -17068.08263875039, -27869.294925844068, -34835.73017546299, 0.054, 0.97, -0.154, 192.0, 1.0, 176.0, 30.0, 80.0, 251.0, 48.0, 0.0, 0.0, 0.0, 1.741026576894088E9, 0.0, 2025-03-03 12:29:36.894
45.0, -9685.860238773852, 1871.0198248648437, -25599.609386874366, -10613.14470924672, -166502.52538949554, -17067.926176539204, -27870.680734000296, -34847.12956513519, 0.054, 0.97, -0.154, 192.0, 0.0, 0.0, 0.0, 0.0, 0.0, 0.0, 0.0, 0.0, 0.0, 1.74102657689412E9, 0.0, 2025-03-03 12:29:36.894
46.0, -9759.30807105399, 1775.756689996325, -25595.250796705583, -10603.19818296411, -166570.6088031064, -17061.28770843598, -27859.169585605814, -34838.45708828653, 0.054, 0.97, -0.154, 192.0, 0.0, 0.0, 0.0, 0.0, 0.0, 0.0, 0.0, 0.0, 0.0, 1.741026576894148E9, 0.0, 2025-03-03 12:29:36.894
47.0, -9754.748315185108, 1756.3106723202077, -25604.236197976614, -10609.680188856148, -166610.6184256814, -17062.628813103296, -27866.43390255379, -34844.06737614481, 0.054, 0.97, -0.154, 192.0, 0.0, 0.0, 0.0, 0.0, 0.0, 0.0, 0.0, 0.0, 0.0, 1.741026576894174E9, 0.0, 2025-03-03 12:29:36.894
48.0, -9701.148831981282, 1838.5650919157376, -25609.645320134798, -10616.76569184848, -166570.94407927323, -17065.556891626944, -27875.620469524918, -34850.41527157012, 0.054, 0.97, -0.154, 192.0, 0.0, 0.0, 0.0, 0.0, 0.0, 0.0, 0.0, 0.0, 0.0, 1.741026576894204E9, 0.0, 2025-03-03 12:29:36.894
49.0, -9703.763986082553, 1867.1082695851649, -25609.35474745688, -10619.269087227474, -166544.16668941578, -17071.211882974134, -27876.64864976986, -34848.24715235796, 0.054, 0.97, -0.154, 192.0, 0.0, 0.0, 0.0, 0.0, 0.0, 0.0, 0.0, 0.0, 0.0, 1.74102657689423E9, 0.0, 2025-03-03 12:29:36.894
50.0, -9748.847454648907, 1771.8004312277355, -25596.5919013729, -10606.57329637686, -166603.77879187808, -17064.036973003982, -27860.577745506496, -34839.08293713128, 0.054, 0.97, -0.154, 192.0, 0.0, 0.0, 0.0, 0.0, 0.0, 0.0, 0.0, 0.0, 0.0, 1.741026576894257E9, 0.0, 2025-03-03 12:29:36.894
51.0, -9737.358657998879, 1746.2970908042303, -25596.25662520607, -10606.23802021003, -166644.0342836421, -17060.974784013604, -27862.924678674302, -34836.78070745238, 0.054, 0.97, -0.154, 192.0, 0.0, 0.0, 0.0, 0.0, 0.0, 0.0, 0.0, 0.0, 0.0, 1.74102657689429E9, 0.0, 2025-03-03 12:29:36.894
52.0, -9686.754308552065, 1809.463120634928, -25601.956320042173, -10608.942581289122, -166626.64462645588, -17053.308135665433, -27873.072370657013, -34843.62034125571, 0.054, 0.97, -0.154, 192.0, 0.0, 0.0, 0.0, 0.0, 0.0, 0.0, 0.0, 0.0, 0.0, 1.741026576894322E9, 0.0, 2025-03-03 12:29:36.894
53.0, -9671.733936278099, 1865.3871852621062, -25606.001985788585, -10603.041720752923, -166593.38523070636, -17059.790141557474, -27872.826501468004, -34841.98866391047, 0.054, 0.97, -0.154, 192.0, 0.0, 0.0, 0.0, 0.0, 0.0, 0.0, 0.0, 0.0, 0.0, 1.741026576894348E9, 0.0, 2025-03-03 12:29:36.894
54.0, -9750.747352927609, 1787.0890244351656, -25613.86979983685, -10602.259409696986, -166644.32485632002, -17062.449999147655, -27868.64672525486, -34842.3239400773, 0.054, 0.972, -0.148, 192.0, 1.0, 176.0, 30.0, 96.0, 251.0, 96.0, 0.0, 0.0, 0.0, 1.741026576894375E9, 0.0, 2025-03-03 12:29:36.894
55.0, -9772.294434582524, 1746.3194425486854, -25615.523828926544, -10611.781252834948, -166694.102191222, -17066.495664894064, -27874.771103235616, -34856.89727746216, 0.054, 0.972, -0.148, 192.0, 0.0, 0.0, 0.0, 0.0, 0.0, 0.0, 0.0, 0.0, 0.0, 1.741026576894404E9, 0.0, 2025-03-03 12:29:36.894
56.0, -9716.280962977526, 1806.8926700225677, -25607.968939300652, -10615.20106973661, -166682.70280154978, -17064.729877082096, -27876.000449180658, -34858.17132689611, 0.054, 0.972, -0.148, 192.0, 0.0, 0.0, 0.0, 0.0, 0.0, 0.0, 0.0, 0.0, 0.0, 1.741026576894432E9, 0.0, 2025-03-03 12:29:36.894
57.0, -9672.650357800765, 1887.0236738948436, -25618.518962683556, -10620.543136661427, -166640.837984185, -17069.53550213999, -27883.220062639724, -34850.594085525765, 0.054, 0.972, -0.148, 192.0, 0.0, 0.0, 0.0, 0.0, 0.0, 0.0, 0.0, 0.0, 0.0, 1.741026576894458E9, 0.0, 2025-03-03 12:29:36.894
58.0, -9741.538434212021, 1821.5330626407938, -25626.766756387566, -10615.089311014332, -166668.59885079847, -17069.781371328994, -27878.481492815197, -34853.388053582676, 0.054, 0.972, -0.148, 192.0, 0.0, 0.0, 0.0, 0.0, 0.0, 0.0, 0.0, 0.0, 0.0, 1.741026576954275E9, 0.0, 2025-03-03 12:29:36.954
59.0, -9779.26817885258, 1754.2766635747748, -25621.469392951658, -10609.52372664496, -166741.82316563406, -17071.837731818883, -27879.152045148858, -34859.44537633006, 0.054, 0.972, -0.148, 192.0, 0.0, 0.0, 0.0, 0.0, 0.0, 0.0, 0.0, 0.0, 0.0, 1.741026576954321E9, 0.0, 2025-03-03 12:29:36.954
60.0, -9735.995201587106, 1793.5710303272047, -25614.24977949259, -10612.317694701875, -166740.28089526665, -17062.919385781217, -27886.438713841286, -34855.64557977267, 0.054, 0.972, -0.148, 192.0, 0.0, 0.0, 0.0, 0.0, 0.0, 0.0, 0.0, 0.0, 0.0, 1.741026576954356E9, 0.0, 2025-03-03 12:29:36.954
61.0, -9688.788317297498, 1876.6971679564915, -25617.088451038417, -10616.76569184848, -166693.76691505517, -17060.214824702125, -27889.076219687013, -34858.57365829631, 0.054, 0.972, -0.148, 192.0, 0.0, 0.0, 0.0, 0.0, 0.0, 0.0, 0.0, 0.0, 0.0, 1.741026576954383E9, 0.0, 2025-03-03 12:29:36.954
62.0, -9735.59287018691, 1826.4504464209613, -25617.69194813871, -10619.246735483019, -166722.42185144685, -17069.446095162166, -27882.773027750616, -34860.85353623075, 0.054, 0.972, -0.148, 192.0, 0.0, 0.0, 0.0, 0.0, 0.0, 0.0, 0.0, 0.0, 0.0, 1.741026576954409E9, 0.0, 2025-03-03 12:29:36.954
63.0, -9778.59762651892, 1747.5711402381828, -25624.665692408766, -10623.359456462797, -166787.4654278118, -17069.401391673255, -27887.869225486425, -34866.57558281131, 0.054, 0.972, -0.148, 192.0, 0.0, 0.0, 0.0, 0.0, 0.0, 0.0, 0.0, 0.0, 0.0, 1.741026576954439E9, 0.0, 2025-03-03 12:29:36.954
64.0, -9749.562710471477, 1771.3980998275401, -25616.48495393812, -10616.989209293033, -166801.7705442632, -17063.545234625966, -27885.432885340797, -34863.736911265485, 0.054, 0.974, -0.148, 192.0, 1.0, 176.0, 30.0, 112.0, 251.0, 96.0, 0.0, 0.0, 0.0, 1.741026576954465E9, 0.0, 2025-03-03 12:29:36.954
65.0, -9701.685273848208, 1857.295853769285, -25615.97086381565, -10619.961991305589, -166785.1631981329, -17061.868853791817, -27887.288080130587, -34871.04593170237, 0.054, 0.974, -0.148, 192.0, 0.0, 0.0, 0.0, 0.0, 0.0, 0.0, 0.0, 0.0, 0.0, 1.741026576954495E9, 0.0, 2025-03-03 12:29:36.954
66.0, -9701.059425003461, 1854.3230717567292, -25612.17106725825, -10620.900764572712, -166773.18266310488, -17068.3285079394, -27886.729286519207, -34873.41521661463, 0.054, 0.974, -0.148, 192.0, 0.0, 0.0, 0.0, 0.0, 0.0, 0.0, 0.0, 0.0, 0.0, 1.741026576954525E9, 0.0, 2025-03-03 12:29:36.954
67.0, -9754.100114595904, 1780.6740737764924, -25620.35180572889, -10626.175776264165, -166818.35553864905, -17071.658917863242, -27890.886710987892, -34872.6329055587, 0.054, 0.974, -0.148, 192.0, 0.0, 0.0, 0.0, 0.0, 0.0, 0.0, 0.0, 0.0, 0.0, 1.741026576954555E9, 0.0, 2025-03-03 12:29:36.954
68.0, -9744.488864480123, 1780.6517220320372, -25621.111765040372, -10619.269087227474, -166848.50804191924, -17069.93783354018, -27893.926548233816, -34870.46478634653, 0.054, 0.974, -0.148, 192.0, 0.0, 0.0, 0.0, 0.0, 0.0, 0.0, 0.0, 0.0, 0.0, 1.741026576954586E9, 0.0, 2025-03-03 12:29:36.954
69.0, -9678.126535192316, 1864.2025428059749, -25614.428593448236, -10615.089311014332, -166835.00758826823, -17055.208033944135, -27888.338612119987, -34864.11689092122, 0.054, 0.974, -0.148, 192.0, 0.0, 0.0, 0.0, 0.0, 0.0, 0.0, 0.0, 0.0, 0.0, 1.741026576954613E9, 0.0, 2025-03-03 12:29:36.954
70.0, -9686.396680640779, 1886.911915172567, -25622.74344238561, -10618.106796515798, -166812.05234671265, -17053.84457753236, -27889.076219687013, -34867.514356078435, 0.054, 0.974, -0.148, 192.0, 0.0, 0.0, 0.0, 0.0, 0.0, 0.0, 0.0, 0.0, 0.0, 1.74102657695464E9, 0.0, 2025-03-03 12:29:36.954
71.0, -9763.733716456141, 1794.5768588276935, -25635.26041928058, -10624.499395430017, -166870.99389684128, -17068.306156194943, -27898.933338991803, -34887.921498766125, 0.054, 0.974, -0.148, 192.0, 0.0, 0.0, 0.0, 0.0, 0.0, 0.0, 0.0, 0.0, 0.0, 1.741026576954666E9, 0.0, 2025-03-03 12:29:36.954
72.0, -9764.270158323068, 1779.5564865537272, -25627.750233143597, -10621.705427373103, -166922.17939164393, -17069.624909117807, -27894.23947265619, -34883.60761208625, 0.054, 0.974, -0.148, 192.0, 0.0, 0.0, 0.0, 0.0, 0.0, 0.0, 0.0, 0.0, 0.0, 1.741026576954692E9, 0.0, 2025-03-03 12:29:36.954
73.0, -9702.579343626421, 1867.555304474271, -25630.231276778137, -10613.301171457908, -166886.72952493784, -17065.71335383813, -27900.3862023814, -34875.5833358268, 0.054, 0.974, -0.148, 192.0, 0.0, 0.0, 0.0, 0.0, 0.0, 0.0, 0.0, 0.0, 0.0, 1.741026577013801E9, 0.0, 2025-03-03 12:29:37.013
74.0, -9688.29657891948, 1914.9633544639773, -25630.387738989324, -10619.961991305589, -166841.7801668382, -17065.42278116021, -27895.24530115668, -34863.51339382093, 0.06, 0.982, -0.152, 192.0, 1.0, 224.0, 30.0, 176.0, 251.0, 64.0, 0.0, 0.0, 0.0, 1.74102657701385E9, 0.0, 2025-03-03 12:29:37.013
75.0, -9758.45870476469, 1824.751713842358, -25636.82504139245, -10609.210802222588, -166884.51670223675, -17068.932005039693, -27901.28027215961, -34872.118815436224, 0.06, 0.982, -0.152, 192.0, 0.0, 0.0, 0.0, 0.0, 0.0, 0.0, 0.0, 0.0, 0.0, 1.741026577013886E9, 0.0, 2025-03-03 12:29:37.013
76.0, -9783.783231232552, 1775.1978963849422, -25634.321646013457, -10608.070863255365, -166953.158909459, -17064.99809801556, -27899.827408770016, -34870.42008285762, 0.06, 0.982, -0.152, 192.0, 0.0, 0.0, 0.0, 0.0, 0.0, 0.0, 0.0, 0.0, 0.0, 1.741026577013916E9, 0.0, 2025-03-03 12:29:37.013
77.0, -9739.97381210015, 1820.750751584858, -25623.346939485902, -10606.90857254369, -166978.39402894903, -17059.499568879553, -27896.407591868356, -34869.79423401287, 0.06, 0.982, -0.152, 192.0, 0.0, 0.0, 0.0, 0.0, 0.0, 0.0, 0.0, 0.0, 0.0, 1.741026577013943E9, 0.0, 2025-03-03 12:29:37.013
78.0, -9694.085680733406, 1884.9002581715893, -25624.10689879738, -10613.502337158006, -166946.60984833358, -17069.222577717614, -27902.286100660098, -34877.6843998056, 0.06, 0.982, -0.152, 192.0, 0.0, 0.0, 0.0, 0.0, 0.0, 0.0, 0.0, 0.0, 0.0, 1.741026577013974E9, 0.0, 2025-03-03 12:29:37.013
79.0, -9732.843605618908, 1818.269707950319, -25622.02818656304, -10608.272028955464, -166972.5155201573, -17060.639507846776, -27898.374545380422, -34877.639696316684, 0.06, 0.982, -0.152, 192.0, 0.0, 0.0, 0.0, 0.0, 0.0, 0.0, 0.0, 0.0, 0.0, 1.741026577014E9, 0.0, 2025-03-03 12:29:37.014
80.0, -9753.295451795513, 1779.6011900426377, -25626.923218598753, -10611.58008713485, -167016.50375324534, -17064.595766615363, -27904.342461149987, -34882.28885916339, 0.06, 0.982, -0.152, 192.0, 0.0, 0.0, 0.0, 0.0, 0.0, 0.0, 0.0, 0.0, 0.0, 1.741026577014027E9, 0.0, 2025-03-03 12:29:37.014
81.0, -9713.039960031505, 1832.1948447459752, -25625.11272729787, -10618.017389537978, -167015.27440730028, -17066.60742361634, -27904.409516383355, -34880.61247832924, 0.06, 0.982, -0.152, 192.0, 0.0, 0.0, 0.0, 0.0, 0.0, 0.0, 0.0, 0.0, 0.0, 1.741026577014054E9, 0.0, 2025-03-03 12:29:37.014
82.0, -9675.44432585768, 1911.0294474398434, -25630.164221544772, -10619.246735483019, -166973.18607249096, -17065.60159511585, -27906.734097806704, -34885.10517896476, 0.06, 0.982, -0.152, 192.0, 0.0, 0.0, 0.0, 0.0, 0.0, 0.0, 0.0, 0.0, 0.0, 1.741026577014087E9, 0.0, 2025-03-03 12:29:37.014
83.0, -9747.551053470499, 1836.3075657257518, -25630.633608178334, -10611.736549346037, -167018.29189280176, -17058.873720034804, -27898.151027935866, -34881.52889985191, 0.06, 0.982, -0.152, 192.0, 0.0, 0.0, 0.0, 0.0, 0.0, 0.0, 0.0, 0.0, 0.0, 1.741026577014118E9, 0.0, 2025-03-03 12:29:37.014
84.0, -9771.825047948963, 1771.0851754051657, -25628.82311687745, -10614.19524123612, -167086.15178896807, -17065.914519538226, -27901.704955304263, -34885.418103387135, 0.068, 0.976, -0.156, 192.0, 2.0, 32.0, 30.0, 128.0, 251.0, 32.0, 0.0, 0.0, 0.0, 1.741026577014144E9, 0.0, 2025-03-03 12:29:37.014
85.0, -9744.712381924675, 1798.8013385297465, -25633.069948323962, -10623.135939018242, -167104.50257116588, -17073.75998184204, -27909.885693774904, -34888.56969935533, 0.068, 0.976, -0.156, 192.0, 0.0, 0.0, 0.0, 0.0, 0.0, 0.0, 0.0, 0.0, 0.0, 1.741026577014173E9, 0.0, 2025-03-03 12:29:37.014
86.0, -9675.24316015758, 1900.1441478901088, -25640.155451316292, -10626.153424519709, -167054.2782013748, -17079.973766800616, -27921.173324724834, -34897.80096981537, 0.068, 0.976, -0.156, 192.0, 0.0, 0.0, 0.0, 0.0, 0.0, 0.0, 0.0, 0.0, 0.0, 1.7410265770142E9, 0.0, 2025-03-03 12:29:37.014
87.0, -9715.386893199313, 1869.522257986338, -25643.128233328847, -10629.729703632558, -167046.432739071, -17081.359574956845, -27917.708804334263, -34898.31505993784, 0.068, 0.976, -0.156, 192.0, 0.0, 0.0, 0.0, 0.0, 0.0, 0.0, 0.0, 0.0, 0.0, 1.741026577014226E9, 0.0, 2025-03-03 12:29:37.014
88.0, -9771.757992715597, 1782.0151784438108, -25640.11074782738, -10628.187433265142, -167114.7396701264, -17077.872702821816, -27909.86334203045, -34905.42291467463, 0.068, 0.976, -0.156, 192.0, 0.0, 0.0, 0.0, 0.0, 0.0, 0.0, 0.0, 0.0, 0.0, 1.741026577073572E9, 0.0, 2025-03-03 12:29:37.073
89.0, -9742.991297601617, 1790.8217657592018, -25632.55585820149, -10622.554793662404, -167150.72597869945, -17068.66378410623, -27906.197655939777, -34889.79904530037, 0.068, 0.976, -0.156, 192.0, 0.0, 0.0, 0.0, 0.0, 0.0, 0.0, 0.0, 0.0, 0.0, 1.741026577073619E9, 0.0, 2025-03-03 12:29:37.073
90.0, -9676.606616569356, 1879.0217493798436, -25638.79199490452, -10638.29042175894, -167105.12842001062, -17073.938795797683, -27918.71463283475, -34883.09352196378, 0.068, 0.976, -0.156, 192.0, 0.0, 0.0, 0.0, 0.0, 0.0, 0.0, 0.0, 0.0, 0.0, 1.741026577073654E9, 0.0, 2025-03-03 12:29:37.073
91.0, -9713.129367009327, 1862.3696997606398, -25629.02428257755, -10615.849270325813, -167116.57251317173, -17060.61715610232, -27905.57180709503, -34877.39382712768, 0.068, 0.976, -0.156, 192.0, 0.0, 0.0, 0.0, 0.0, 0.0, 0.0, 0.0, 0.0, 0.0, 1.741026577073683E9, 0.0, 2025-03-03 12:29:37.073
92.0, -9776.474210795666, 1778.818878986702, -25627.660826165775, -10607.266200454975, -167192.05435419732, -17054.068094976916, -27903.694260560784, -34877.10325444976, 0.068, 0.976, -0.156, 192.0, 0.0, 0.0, 0.0, 0.0, 0.0, 0.0, 0.0, 0.0, 0.0, 1.741026577073711E9, 0.0, 2025-03-03 12:29:37.073
93.0, -9757.318765797469, 1774.7285097513807, -25640.580134460943, -10634.28945950144, -167227.30305520335, -17073.022374275013, -27918.491115390196, -34899.72321983853, 0.068, 0.976, -0.156, 192.0, 0.0, 0.0, 0.0, 0.0, 0.0, 0.0, 0.0, 0.0, 0.0, 1.741026577073738E9, 0.0, 2025-03-03 12:29:37.073
94.0, -9686.217866685136, 1863.3755282611287, -25624.97861683114, -10616.229249981554, -167202.0232322244, -17069.446095162166, -27912.165571709345, -34888.65910633315, 0.064, 0.978, -0.156, 192.0, 2.0, 0.0, 30.0, 144.0, 251.0, 32.0, 0.0, 0.0, 0.0, 1.741026577073769E9, 0.0, 2025-03-03 12:29:37.073
95.0, -9686.53079110751, 1884.9896651494105, -25629.31485525547, -10610.976590034556, -167184.6559267826, -17071.882435307794, -27909.99745249718, -34888.6367545887, 0.064, 0.978, -0.156, 192.0, 0.0, 0.0, 0.0, 0.0, 0.0, 0.0, 0.0, 0.0, 0.0, 1.741026577073798E9, 0.0, 2025-03-03 12:29:37.073
96.0, -9764.180751345248, 1793.0792919491878, -25645.586925218933, -10631.137863533242, -167239.1271280202, -17091.52961868401, -27918.312301434555, -34905.735839097004, 0.064, 0.978, -0.156, 192.0, 0.0, 0.0, 0.0, 0.0, 0.0, 0.0, 0.0, 0.0, 0.0, 1.741026577073825E9, 0.0, 2025-03-03 12:29:37.073
97.0, -9758.838684420429, 1782.6186755441042, -25639.26138153808, -10621.034875039444, -167261.90355562014, -17084.935854069692, -27921.48624914721, -34907.88160656472, 0.064, 0.978, -0.156, 192.0, 0.0, 0.0, 0.0, 0.0, 0.0, 0.0, 0.0, 0.0, 0.0, 1.74102657707386E9, 0.0, 2025-03-03 12:29:37.073
98.0, -9691.24700918758, 1854.3007200122738, -25632.73467215713, -10616.944505804124, -167246.1679275236, -17081.069002278924, -27931.477478918732, -34906.69696410858, 0.064, 0.978, -0.156, 192.0, 0.0, 0.0, 0.0, 0.0, 0.0, 0.0, 0.0, 0.0, 0.0, 1.741026577073891E9, 0.0, 2025-03-03 12:29:37.073
99.0, -9673.253854901059, 1893.8856594426227, -25640.6024862054, -10619.872584327768, -167212.50620037393, -17088.400374460267, -27932.036272530113, -34900.55023438337, 0.064, 0.978, -0.156, 192.0, 0.0, 0.0, 0.0, 0.0, 0.0, 0.0, 0.0, 0.0, 0.0, 1.741026577073918E9, 0.0, 2025-03-03 12:29:37.073
100.0, -9755.150646585304, 1799.6730565635035, -25634.142832057816, -10604.874563798257, -167276.5886517273, -17069.89313005127, -27920.212199713256, -34891.05074298987, 0.064, 0.978, -0.156, 192.0, 0.0, 0.0, 0.0, 0.0, 0.0, 0.0, 0.0, 0.0, 0.0, 1.741026577073945E9, 0.0, 2025-03-03 12:29:37.073
101.0, -9770.036908392538, 1769.073518404188, -25628.89017211082, -10611.62479062376, -167325.22604766203, -17067.94852828366, -27920.972159024735, -34896.035182003405, 0.064, 0.978, -0.156, 192.0, 0.0, 0.0, 0.0, 0.0, 0.0, 0.0, 0.0, 0.0, 0.0, 1.741026577073971E9, 0.0, 2025-03-03 12:29:37.073
102.0, -9735.659925420276, 1828.9314900555005, -25640.200154805203, -10621.727779117558, -167314.22898939002, -17076.352784198854, -27931.745699852196, -34908.30628970937, 0.064, 0.978, -0.156, 192.0, 0.0, 0.0, 0.0, 0.0, 0.0, 0.0, 0.0, 0.0, 0.0, 1.741026577073998E9, 0.0, 2025-03-03 12:29:37.073
103.0, -9695.538544123, 1903.005171180388, -25628.040805821518, -10609.188450478132, -167273.2805935479, -17072.17300798571, -27924.079051504024, -34897.33158318181, 0.064, 0.978, -0.156, 192.0, 0.0, 0.0, 0.0, 0.0, 0.0, 0.0, 0.0, 0.0, 0.0, 1.741026577133669E9, 0.0, 2025-03-03 12:29:37.133
104.0, -9751.328498283447, 1828.1268272551094, -25627.750233143597, -10604.583991120338, -167315.5477423129, -17080.510208667543, -27920.43571715781, -34898.47152214903, 0.062, 0.976, -0.156, 192.0, 1.0, 240.0, 30.0, 128.0, 251.0, 32.0, 0.0, 0.0, 0.0, 1.741026577133711E9, 0.0, 2025-03-03 12:29:37.133
105.0, -9773.389670060835, 1785.300884878741, -25632.466451223667, -10614.709331358592, -167367.4484929381, -17086.344013970378, -27927.632978872418, -34906.47344666403, 0.062, 0.976, -0.156, 192.0, 0.0, 0.0, 0.0, 0.0, 0.0, 0.0, 0.0, 0.0, 0.0, 1.741026577133748E9, 0.0, 2025-03-03 12:29:37.133
106.0, -9743.930070868739, 1826.0928185096764, -25631.952361101194, -10618.106796515798, -167376.2997837424, -17084.824095347416, -27929.778746340126, -34910.87674032173, 0.062, 0.976, -0.156, 192.0, 0.0, 0.0, 0.0, 0.0, 0.0, 0.0, 0.0, 0.0, 0.0, 1.741026577133781E9, 0.0, 2025-03-03 12:29:37.133
107.0, -9672.382136867302, 1918.4055231100945, -25619.25657025058, -10611.66949411267, -167328.5564575859, -17066.24979570506, -27921.776821825126, -34901.2878419504, 0.062, 0.976, -0.156, 192.0, 0.0, 0.0, 0.0, 0.0, 0.0, 0.0, 0.0, 0.0, 0.0, 1.741026577133807E9, 0.0, 2025-03-03 12:29:37.133
108.0, -9742.097227823404, 1857.6311299361146, -25637.87557338185, -10627.829805353858, -167355.75853058798, -17077.93975805518, -27923.94494103729, -34905.6911356081, 0.062, 0.976, -0.156, 192.0, 0.0, 0.0, 0.0, 0.0, 0.0, 0.0, 0.0, 0.0, 0.0, 1.741026577133835E9, 0.0, 2025-03-03 12:29:37.133
109.0, -9795.450841838223, 1788.6312948025818, -25640.043692594016, -10621.794834350925, -167420.17625810817, -17079.504380167054, -27925.487211404707, -34909.26741472095, 0.062, 0.976, -0.156, 192.0, 0.0, 0.0, 0.0, 0.0, 0.0, 0.0, 0.0, 0.0, 0.0, 1.741026577133865E9, 0.0, 2025-03-03 12:29:37.133
110.0, -9755.821198918962, 1815.78866431578, -25624.464526708667, -10617.43624418214, -167439.6669792732, -17071.033069018493, -27921.66506310285, -34901.62311811723, 0.062, 0.976, -0.156, 192.0, 0.0, 0.0, 0.0, 0.0, 0.0, 0.0, 0.0, 0.0, 0.0, 1.741026577133893E9, 0.0, 2025-03-03 12:29:37.133
111.0, -9683.5356573505, 1915.2986306308069, -25625.31389299797, -10628.522709431973, -167394.1588275622, -17073.022374275013, -27926.761260838663, -34904.841769318795, 0.062, 0.976, -0.156, 192.0, 0.0, 0.0, 0.0, 0.0, 0.0, 0.0, 0.0, 0.0, 0.0, 1.741026577133919E9, 0.0, 2025-03-03 12:29:37.133
112.0, -9734.005896330584, 1875.9148569005558, -25640.960114116686, -10636.725799647069, -167403.34539453333, -17077.604481888353, -27928.52704865063, -34911.65905137766, 0.062, 0.976, -0.156, 192.0, 0.0, 0.0, 0.0, 0.0, 0.0, 0.0, 0.0, 0.0, 0.0, 1.741026577133955E9, 0.0, 2025-03-03 12:29:37.133
113.0, -9802.17871691927, 1792.0734634486992, -25650.88428865484, -10637.619869425282, -167460.16352893872, -17082.454810435156, -27934.80788884257, -34915.57060665734, 0.062, 0.976, -0.156, 192.0, 0.0, 0.0, 0.0, 0.0, 0.0, 0.0, 0.0, 0.0, 0.0, 1.741026577133985E9, 0.0, 2025-03-03 12:29:37.133
114.0, -9779.178771874758, 1798.399007129551, -25634.321646013457, -10621.124282017265, -167496.19454100067, -17082.007775546048, -27930.471650418243, -34917.492856680496, 0.056, 0.976, -0.152, 192.0, 1.0, 192.0, 30.0, 128.0, 251.0, 64.0, 0.0, 0.0, 0.0, 1.741026577134014E9, 0.0, 2025-03-03 12:29:37.134
115.0, -9707.429672173223, 1890.9128774300668, -25628.867820366362, -10623.582973907349, -167468.2325086871, -17081.136057512293, -27933.4444324308, -34920.33152822632, 0.056, 0.976, -0.152, 192.0, 0.0, 0.0, 0.0, 0.0, 0.0, 0.0, 0.0, 0.0, 0.0, 1.741026577134044E9, 0.0, 2025-03-03 12:29:37.134
116.0, -9718.11380602286, 1891.650484997092, -25643.619971706867, -10639.564471192894, -167443.1091479193, -17090.501438439063, -27942.63099940193, -34925.874760851235, 0.056, 0.976, -0.152, 192.0, 0.0, 0.0, 0.0, 0.0, 0.0, 0.0, 0.0, 0.0, 0.0, 1.741026577134071E9, 0.0, 2025-03-03 12:29:37.134
117.0, -9777.323577084968, 1804.590440343671, -25640.758948416587, -10614.016427280478, -167497.3344799679, -17075.72693535411, -27934.360853953465, -34920.55504567087, 0.056, 0.976, -0.152, 192.0, 0.0, 0.0, 0.0, 0.0, 0.0, 0.0, 0.0, 0.0, 0.0, 1.741026577134098E9, 0.0, 2025-03-03 12:29:37.134
118.0, -9782.889161454339, 1799.628353074593, -25644.290524040523, -10622.711255873592, -167534.61718971934, -17082.253644735058, -27937.15482201038, -34918.65514739217, 0.056, 0.976, -0.152, 192.0, 0.0, 0.0, 0.0, 0.0, 0.0, 0.0, 0.0, 0.0, 0.0, 1.741026577193948E9, 0.0, 2025-03-03 12:29:37.193
119.0, -9724.998143315095, 1878.5076592573714, -25628.89017211082, -10621.414854695184, -167522.65900643577, -17072.17300798571, -27930.58340914052, -34914.29655722339, 0.056, 0.976, -0.152, 192.0, 0.0, 0.0, 0.0, 0.0, 0.0, 0.0, 0.0, 0.0, 0.0, 1.741026577193988E9, 0.0, 2025-03-03 12:29:37.193
120.0, -9721.757140369074, 1902.4910810579158, -25632.667616923765, -10618.285610471441, -167512.46661096415, -17071.413048674232, -27931.544534152097, -34904.10416175177, 0.056, 0.976, -0.152, 192.0, 0.0, 0.0, 0.0, 0.0, 0.0, 0.0, 0.0, 0.0, 0.0, 1.741026577194023E9, 0.0, 2025-03-03 12:29:37.194
121.0, -9787.493620812133, 1826.8080743322462, -25632.53350645703, -10612.876488313257, -167556.09721614092, -17071.74832484106, -27931.38807194091, -34914.22950199002, 0.056, 0.976, -0.152, 192.0, 0.0, 0.0, 0.0, 0.0, 0.0, 0.0, 0.0, 0.0, 0.0, 1.741026577194056E9, 0.0, 2025-03-03 12:29:37.194
122.0, -9809.957123989716, 1798.175489684998, -25639.440195493724, -10614.217592980576, -167608.2214842107, -17064.640470104274, -27935.701958620783, -34917.04582179139, 0.056, 0.976, -0.152, 192.0, 0.0, 0.0, 0.0, 0.0, 0.0, 0.0, 0.0, 0.0, 0.0, 1.741026577194083E9, 0.0, 2025-03-03 12:29:37.194
123.0, -9746.478169736645, 1867.1306213296202, -25628.666654666264, -10615.491642414529, -167595.3021759155, -17058.940775268173, -27934.114984764456, -34903.165388484646, 0.056, 0.976, -0.152, 192.0, 0.0, 0.0, 0.0, 0.0, 0.0, 0.0, 0.0, 0.0, 0.0, 1.74102657719411E9, 0.0, 2025-03-03 12:29:37.194
124.0, -9702.467584904145, 1922.5182440898711, -25634.478108224645, -10625.661686141693, -167536.18181183122, -17070.00488877355, -27940.86521158996, -34912.21784498905, 0.054, 0.974, -0.152, 192.0, 1.0, 176.0, 30.0, 112.0, 251.0, 64.0, 0.0, 0.0, 0.0, 1.741026577194145E9, 0.0, 2025-03-03 12:29:37.194
125.0, -9774.954292172706, 1824.103513253154, -25630.387738989324, -10616.72098835957, -167605.42751615378, -17068.03793526148, -27928.77291783964, -34908.73097285402, 0.054, 0.974, -0.152, 192.0, 0.0, 0.0, 0.0, 0.0, 0.0, 0.0, 0.0, 0.0, 0.0, 1.741026577194175E9, 0.0, 2025-03-03 12:29:37.194
126.0, -9790.55580980251, 1787.3125418797188, -25632.377044245844, -10620.185508750143, -167664.6149354714, -17077.09039176588, -27936.86424933246, -34915.52590316843, 0.054, 0.974, -0.152, 192.0, 0.0, 0.0, 0.0, 0.0, 0.0, 0.0, 0.0, 0.0, 0.0, 1.741026577194203E9, 0.0, 2025-03-03 12:29:37.194
127.0, -9743.237166790625, 1848.7127838984472, -25634.254590780092, -10614.061130769389, -167650.55568820902, -17080.107877267346, -27946.56490642606, -34926.83588586281, 0.054, 0.974, -0.152, 192.0, 0.0, 0.0, 0.0, 0.0, 0.0, 0.0, 0.0, 0.0, 0.0, 1.741026577194232E9, 0.0, 2025-03-03 12:29:37.194
128.0, -9724.171128770247, 1908.906031716589, -25646.212774063682, -10632.523671689472, -167610.5237138896, -17090.52379018352, -27958.210165287277, -34942.43740349262, 0.054, 0.974, -0.152, 192.0, 0.0, 0.0, 0.0, 0.0, 0.0, 0.0, 0.0, 0.0, 0.0, 1.741026577194262E9, 0.0, 2025-03-03 12:29:37.194
129.0, -9755.21770181867, 1833.6700598800255, -25641.183631561238, -10613.547040646916, -167646.44296722926, -17082.924197068714, -27948.263639004665, -34925.673595151144, 0.054, 0.974, -0.152, 192.0, 0.0, 0.0, 0.0, 0.0, 0.0, 0.0, 0.0, 0.0, 0.0, 1.741026577194292E9, 0.0, 2025-03-03 12:29:37.194
130.0, -9784.923170199772, 1785.2561813898303, -25634.478108224645, -10605.545116131916, -167712.40296511687, -17075.592824887375, -27940.932266823325, -34917.11287702476, 0.054, 0.974, -0.152, 192.0, 0.0, 0.0, 0.0, 0.0, 0.0, 0.0, 0.0, 0.0, 0.0, 1.741026577194322E9, 0.0, 2025-03-03 12:29:37.194
131.0, -9727.009800316073, 1838.073353537721, -25624.620988919854, -10611.803604579402, -167718.5273430976, -17072.351821941356, -27941.759281368173, -34919.28099623692, 0.054, 0.974, -0.152, 192.0, 0.0, 0.0, 0.0, 0.0, 0.0, 0.0, 0.0, 0.0, 0.0, 1.741026577194348E9, 0.0, 2025-03-03 12:29:37.194
132.0, -9673.589131067889, 1929.9837267379437, -25620.5976749179, -10613.368226691275, -167672.3262873085, -17061.95826076964, -27937.803022599583, -34917.58226365832, 0.054, 0.974, -0.152, 192.0, 0.0, 0.0, 0.0, 0.0, 0.0, 0.0, 0.0, 0.0, 0.0, 1.741026577194374E9, 0.0, 2025-03-03 12:29:37.194
133.0, -9749.518006982566, 1864.8730951396342, -25630.477145967146, -10616.497470915017, -167715.95689248526, -17066.60742361634, -27938.272409233145, -34919.035127047915, 0.054, 0.974, -0.152, 192.0, 0.0, 0.0, 0.0, 0.0, 0.0, 0.0, 0.0, 0.0, 0.0, 1.74102657725429E9, 0.0, 2025-03-03 12:29:37.254
134.0, -9791.18165864726, 1803.07052172071, -25638.635532693334, -10618.732645360547, -167777.42418973736, -17084.265301736035, -27950.275296005642, -34933.18378128812, 0.06, 0.972, -0.15, 192.0, 1.0, 224.0, 30.0, 96.0, 251.0, 80.0, 0.0, 0.0, 0.0, 1.74102657725433E9, 0.0, 2025-03-03 12:29:37.254
135.0, -9769.70163222571, 1821.6671731075255, -25639.015512349073, -10622.48773842904, -167802.12286736048, -17083.795915102473, -27953.918630351858, -34946.48306923903, 0.06, 0.972, -0.15, 192.0, 0.0, 0.0, 0.0, 0.0, 0.0, 0.0, 0.0, 0.0, 0.0, 1.741026577254388E9, 0.0, 2025-03-03 12:29:37.254
136.0, -9707.787300084508, 1910.6271160396477, -25643.865840895873, -10628.612116409793, -167763.00731456367, -17090.47908669461, -27962.077017078045, -34947.265380294964, 0.06, 0.972, -0.15, 192.0, 0.0, 0.0, 0.0, 0.0, 0.0, 0.0, 0.0, 0.0, 0.0, 1.74102657725442E9, 0.0, 2025-03-03 12:29:37.254
137.0, -9733.424750974746, 1888.0518541397876, -25648.22443106466, -10629.081503043355, -167757.86641333895, -17084.488819180588, -27964.62511594595, -34939.06229007987, 0.06, 0.972, -0.15, 192.0, 0.0, 0.0, 0.0, 0.0, 0.0, 0.0, 0.0, 0.0, 0.0, 1.741026577254449E9, 0.0, 2025-03-03 12:29:37.254
138.0, -9790.399347591323, 1815.8780712936011, -25647.620933964365, -10621.347799461819, -167811.2200273538, -17073.894092308772, -27958.67955192084, -34930.68038590913, 0.06, 0.972, -0.15, 192.0, 0.0, 0.0, 0.0, 0.0, 0.0, 0.0, 0.0, 0.0, 0.0, 1.741026577254475E9, 0.0, 2025-03-03 12:29:37.254
139.0, -9766.259463579592, 1823.723533597414, -25630.566552944965, -10616.229249981554, -167848.7709580387, -17070.831903318394, -27950.90114485039, -34929.20517077508, 0.06, 0.972, -0.15, 192.0, 0.0, 0.0, 0.0, 0.0, 0.0, 0.0, 0.0, 0.0, 0.0, 1.741026577254506E9, 0.0, 2025-03-03 12:29:37.254
140.0, -9701.4394046592, 1909.3083631167847, -25627.45966046568, -10616.050436025911, -167833.25884738672, -17072.061249263435, -27952.376359984442, -34932.35676674328, 0.06, 0.972, -0.15, 192.0, 0.0, 0.0, 0.0, 0.0, 0.0, 0.0, 0.0, 0.0, 0.0, 1.741026577254533E9, 0.0, 2025-03-03 12:29:37.254
141.0, -9702.15466048177, 1909.0848456722315, -25635.97567510315, -10621.079578528355, -167825.0110536827, -17083.259473235546, -27957.807833887084, -34940.001063346994, 0.06, 0.972, -0.15, 192.0, 0.0, 0.0, 0.0, 0.0, 0.0, 0.0, 0.0, 0.0, 0.0, 1.74102657725456E9, 0.0, 2025-03-03 12:29:37.254
142.0, -9775.580141017454, 1808.3678851566178, -25643.351750773403, -10617.659761626694, -167897.16248478444, -17084.75704011405, -27958.165461798366, -34941.43157499213, 0.06, 0.972, -0.15, 192.0, 0.0, 0.0, 0.0, 0.0, 0.0, 0.0, 0.0, 0.0, 0.0, 1.741026577254586E9, 0.0, 2025-03-03 12:29:37.254
143.0, -9768.047603136016, 1799.6954083079588, -25634.16518380227, -10609.970761534067, -167946.82806096412, -17078.453848177654, -27958.031351331636, -34937.140040056714, 0.06, 0.972, -0.15, 192.0, 0.0, 0.0, 0.0, 0.0, 0.0, 0.0, 0.0, 0.0, 0.0, 1.741026577254623E9, 0.0, 2025-03-03 12:29:37.254
144.0, -9691.49287837659, 1896.0761303992429, -25625.872686609353, -10611.691845857125, -167903.26451102074, -17070.98836552958, -27963.86515663447, -34943.04090059291, 0.056, 0.97, -0.15, 192.0, 1.0, 192.0, 30.0, 80.0, 251.0, 80.0, 0.0, 0.0, 0.0, 1.741026577254653E9, 0.0, 2025-03-03 12:29:37.254
145.0, -9705.619180872343, 1908.5931072942149, -25630.901829111797, -10616.072787770367, -167899.77763888572, -17071.457752163144, -27965.34037176852, -34950.707548941085, 0.056, 0.97, -0.15, 192.0, 0.0, 0.0, 0.0, 0.0, 0.0, 0.0, 0.0, 0.0, 0.0, 1.741026577254683E9, 0.0, 2025-03-03 12:29:37.254
146.0, -9778.642330007831, 1818.6943910949697, -25632.578209945943, -10615.782215092448, -167970.52091008675, -17065.46748464912, -27961.093540322014, -34945.92427562765, 0.056, 0.97, -0.15, 192.0, 0.0, 0.0, 0.0, 0.0, 0.0, 0.0, 0.0, 0.0, 0.0, 1.741026577254709E9, 0.0, 2025-03-03 12:29:37.254
147.0, -9787.046585923026, 1802.3105624092298, -25632.913486112775, -10607.892049299724, -168008.6529861275, -17066.026278260502, -27960.62415368845, -34936.357729000774, 0.056, 0.97, -0.15, 192.0, 0.0, 0.0, 0.0, 0.0, 0.0, 0.0, 0.0, 0.0, 0.0, 1.741026577254735E9, 0.0, 2025-03-03 12:29:37.254
148.0, -9716.929163566729, 1862.5708654607374, -25631.907657612286, -10608.964933033578, -168005.68020411496, -17069.602557373353, -27970.43656950433, -34943.44323199311, 0.056, 0.97, -0.15, 192.0, 0.0, 0.0, 0.0, 0.0, 0.0, 0.0, 0.0, 0.0, 0.0, 1.741026577314555E9, 0.0, 2025-03-03 12:29:37.314
149.0, -9686.620198085333, 1914.1810434080414, -25639.417843749266, -10623.985305307544, -167964.28477338373, -17077.5821301439, -27974.90691839539, -34942.39270000371, 0.056, 0.97, -0.15, 192.0, 0.0, 0.0, 0.0, 0.0, 0.0, 0.0, 0.0, 0.0, 0.0, 1.74102657731459E9, 0.0, 2025-03-03 12:29:37.314
150.0, -9781.033966664549, 1822.8518155636568, -25651.89011715533, -10628.098026287322, -168021.6169979116, -17078.543255155477, -27967.709656680785, -34941.4986302255, 0.056, 0.97, -0.15, 192.0, 0.0, 0.0, 0.0, 0.0, 0.0, 0.0, 0.0, 0.0, 0.0, 1.741026577314635E9, 0.0, 2025-03-03 12:29:37.314
151.0, -9796.903705227818, 1781.4787365768834, -25642.189460061727, -10628.589764665337, -168085.65474577603, -17076.777467343505, -27956.712598408772, -34941.16335405867, 0.056, 0.97, -0.15, 192.0, 0.0, 0.0, 0.0, 0.0, 0.0, 0.0, 0.0, 0.0, 0.0, 1.741026577314669E9, 0.0, 2025-03-03 12:29:37.314
152.0, -9731.21192827367, 1838.6992023824696, -25634.187535546727, -10626.689866386636, -168085.65474577603, -17087.685118637695, -27957.360798997976, -34942.370348259254, 0.056, 0.97, -0.15, 192.0, 0.0, 0.0, 0.0, 0.0, 0.0, 0.0, 0.0, 0.0, 0.0, 1.7410265773147E9, 0.0, 2025-03-03 12:29:37.314
153.0, -9701.573515125932, 1900.3453135902064, -25643.21764030667, -10622.644200640227, -168058.27385881828, -17075.011679531537, -27961.40646474439, -34946.32660702784, 0.056, 0.97, -0.15, 192.0, 0.0, 0.0, 0.0, 0.0, 0.0, 0.0, 0.0, 0.0, 0.0, 1.741026577314726E9, 0.0, 2025-03-03 12:29:37.314
154.0, -9769.70163222571, 1832.2842517237964, -25658.729750958653, -10630.064979799388, -168085.7218010094, -17084.488819180588, -27963.552232212096, -34948.76294717347, 0.054, 0.972, -0.152, 192.0, 1.0, 176.0, 30.0, 96.0, 251.0, 64.0, 0.0, 0.0, 0.0, 1.741026577314753E9, 0.0, 2025-03-03 12:29:37.314
155.0, -9799.563562817999, 1774.0356056732662, -25649.431425265244, -10627.092197786833, -168148.8878308401, -17074.922272553715, -27958.47838622074, -34940.93983661412, 0.054, 0.972, -0.152, 192.0, 0.0, 0.0, 0.0, 0.0, 0.0, 0.0, 0.0, 0.0, 0.0, 1.741026577314786E9, 0.0, 2025-03-03 12:29:37.314
156.0, -9758.190483831226, 1801.617658331115, -25641.697721683708, -10631.24962225552, -168180.24732831088, -17075.72693535411, -27959.640676932417, -34943.979673860034, 0.054, 0.972, -0.152, 192.0, 0.0, 0.0, 0.0, 0.0, 0.0, 0.0, 0.0, 0.0, 0.0, 1.741026577314812E9, 0.0, 2025-03-03 12:29:37.314
157.0, -9674.751421779565, 1900.0100374233768, -25638.36731175987, -10637.999849081023, -168126.2231619624, -17075.32460395391, -27964.53570896813, -34948.15945007318, 0.054, 0.972, -0.152, 192.0, 0.0, 0.0, 0.0, 0.0, 0.0, 0.0, 0.0, 0.0, 0.0, 1.741026577314839E9, 0.0, 2025-03-03 12:29:37.314
158.0, -9726.182785771225, 1852.4902287113941, -25644.759910674085, -10647.231119541064, -168130.1347172421, -17087.930987826705, -27966.279145035645, -34955.75904318798, 0.054, 0.972, -0.152, 192.0, 0.0, 0.0, 0.0, 0.0, 0.0, 0.0, 0.0, 0.0, 0.0, 1.741026577314872E9, 0.0, 2025-03-03 12:29:37.314
159.0, -9781.41394632029, 1773.074480661688, -25641.697721683708, -10637.798683380925, -168209.1034304027, -17081.22546449011, -27960.11006356598, -34951.84748790831, 0.054, 0.972, -0.152, 192.0, 0.0, 0.0, 0.0, 0.0, 0.0, 0.0, 0.0, 0.0, 0.0, 1.741026577314901E9, 0.0, 2025-03-03 12:29:37.314
160.0, -9762.951405400207, 1794.755672783336, -25637.093262325918, -10639.430360726163, -168244.2627244309, -17084.242949991578, -27961.00413334419, -34946.080737838834, 0.054, 0.972, -0.152, 192.0, 0.0, 0.0, 0.0, 0.0, 0.0, 0.0, 0.0, 0.0, 0.0, 1.741026577314927E9, 0.0, 2025-03-03 12:29:37.314
161.0, -9701.841736059396, 1882.0839383702205, -25637.4508902372, -10635.67526765767, -168214.17727639407, -17082.946548813172, -27964.401598501398, -34945.7007581831, 0.054, 0.972, -0.152, 192.0, 0.0, 0.0, 0.0, 0.0, 0.0, 0.0, 0.0, 0.0, 0.0, 1.741026577314953E9, 0.0, 2025-03-03 12:29:37.314
162.0, -9737.40336148779, 1854.8371618792012, -25645.765739174574, -10639.922099104178, -168219.67580553007, -17087.81922910443, -27966.14503456891, -34953.009778619984, 0.054, 0.972, -0.152, 192.0, 0.0, 0.0, 0.0, 0.0, 0.0, 0.0, 0.0, 0.0, 0.0, 1.74102657731498E9, 0.0, 2025-03-03 12:29:37.314
163.0, -9793.550943559521, 1782.9986551998443, -25645.229297307647, -10644.72772416207, -168267.2179659865, -17087.19338025968, -27961.33940951102, -34953.76973793146, 0.054, 0.972, -0.152, 192.0, 0.0, 0.0, 0.0, 0.0, 0.0, 0.0, 0.0, 0.0, 0.0, 1.741026577374096E9, 0.0, 2025-03-03 12:29:37.374
164.0, -9795.3614348604, 1782.0822336771769, -25642.770605417565, -10634.557680434906, -168314.60366423175, -17090.188514016692, -27957.740778653715, -34949.83583090733, 0.052000000000000005, 0.968, -0.152, 192.0, 1.0, 160.0, 30.0, 64.0, 251.0, 64.0, 0.0, 0.0, 0.0, 1.741026577374135E9, 0.0, 2025-03-03 12:29:37.374
165.0, -9747.662812192775, 1858.7263654144247, -25647.017436864073, -10647.789913152446, -168311.4297165191, -17089.540313427486, -27963.216956045268, -34951.892191397215, 0.052000000000000005, 0.968, -0.152, 192.0, 0.0, 0.0, 0.0, 0.0, 0.0, 0.0, 0.0, 0.0, 0.0, 1.74102657737419E9, 0.0, 2025-03-03 12:29:37.374
166.0, -9736.956326598684, 1874.7525661888799, -25639.149622815803, -10635.25058451302, -168294.59885294424, -17087.349842470867, -27958.612496687474, -34948.40531926219, 0.052000000000000005, 0.968, -0.152, 192.0, 0.0, 0.0, 0.0, 0.0, 0.0, 0.0, 0.0, 0.0, 0.0, 1.741026577374225E9, 0.0, 2025-03-03 12:29:37.374
167.0, -9784.744356244131, 1796.3873501285734, -25647.330361286447, -10633.708314145602, -168343.10213841227, -17086.746345370575, -27961.182947299832, -34954.03795886492, 0.052000000000000005, 0.968, -0.152, 192.0, 0.0, 0.0, 0.0, 0.0, 0.0, 0.0, 0.0, 0.0, 0.0, 1.74102657737426E9, 0.0, 2025-03-03 12:29:37.374
168.0, -9776.809486962497, 1790.7994140147466, -25641.83183215044, -10634.356514734807, -168381.18951096412, -17085.315833725435, -27960.065360077067, -34954.686159454126, 0.052000000000000005, 0.968, -0.152, 192.0, 0.0, 0.0, 0.0, 0.0, 0.0, 0.0, 0.0, 0.0, 0.0, 1.741026577374287E9, 0.0, 2025-03-03 12:29:37.374
169.0, -9722.584154913922, 1873.4114615215615, -25640.848355394406, -10637.172834536175, -168349.7853100044, -17085.606406403353, -27961.182947299832, -34964.543278758916, 0.052000000000000005, 0.968, -0.152, 192.0, 0.0, 0.0, 0.0, 0.0, 0.0, 0.0, 0.0, 0.0, 0.0, 1.741026577374318E9, 0.0, 2025-03-03 12:29:37.374
170.0, -9744.287698780025, 1889.7729384628462, -25656.31576255748, -10654.026049855478, -168335.65900750866, -17084.421763947223, -27962.792272900617, -34972.4557962961, 0.052000000000000005, 0.968, -0.152, 192.0, 0.0, 0.0, 0.0, 0.0, 0.0, 0.0, 0.0, 0.0, 0.0, 1.741026577374348E9, 0.0, 2025-03-03 12:29:37.374
171.0, -9778.038832907538, 1814.9616497709335, -25647.866803153374, -10639.698581659626, -168369.11956895824, -17079.39262144478, -27957.606668186985, -34960.0505781234, 0.052000000000000005, 0.968, -0.152, 192.0, 0.0, 0.0, 0.0, 0.0, 0.0, 0.0, 0.0, 0.0, 0.0, 1.741026577374375E9, 0.0, 2025-03-03 12:29:37.374
172.0, -9783.783231232552, 1789.1900884139645, -25646.436291508235, -10629.170910021176, -168416.12528754777, -17084.5335226695, -27957.71842690926, -34964.83385143684, 0.052000000000000005, 0.968, -0.152, 192.0, 0.0, 0.0, 0.0, 0.0, 0.0, 0.0, 0.0, 0.0, 0.0, 1.741026577374401E9, 0.0, 2025-03-03 12:29:37.374
173.0, -9738.789169644018, 1858.5028479698717, -25649.342018287425, -10636.211709524598, -168409.755040378, -17084.220598247124, -27963.351066511997, -34973.282810840945, 0.052000000000000005, 0.968, -0.152, 192.0, 0.0, 0.0, 0.0, 0.0, 0.0, 0.0, 0.0, 0.0, 0.0, 1.741026577374432E9, 0.0, 2025-03-03 12:29:37.374
174.0, -9729.222623017147, 1906.5367468043264, -25653.812367178485, -10640.994982838034, -168390.48783665753, -17088.71329888264, -27955.796176886106, -34966.89021192673, 0.056, 0.966, -0.154, 192.0, 1.0, 192.0, 30.0, 48.0, 251.0, 48.0, 0.0, 0.0, 0.0, 1.741026577374466E9, 0.0, 2025-03-03 12:29:37.374
175.0, -9786.912475456294, 1832.2618999793413, -25642.725901928654, -10612.943543546622, -168450.36816005327, -17067.4791416501, -27938.76414761116, -34959.000046134, 0.056, 0.966, -0.154, 192.0, 0.0, 0.0, 0.0, 0.0, 0.0, 0.0, 0.0, 0.0, 0.0, 1.741026577374495E9, 0.0, 2025-03-03 12:29:37.374
176.0, -9792.813335992496, 1798.8907455075678, -25649.945515387717, -10625.48287218605, -168519.59151263136, -17079.906711567248, -27942.407481957376, -34969.72888347255, 0.056, 0.966, -0.154, 192.0, 0.0, 0.0, 0.0, 0.0, 0.0, 0.0, 0.0, 0.0, 0.0, 1.741026577374521E9, 0.0, 2025-03-03 12:29:37.374
177.0, -9733.760027141576, 1858.614606692148, -25639.30608502699, -10628.634468154249, -168532.1308412708, -17076.263377221036, -27937.33363596602, -34974.24393585252, 0.056, 0.966, -0.154, 192.0, 0.0, 0.0, 0.0, 0.0, 0.0, 0.0, 0.0, 0.0, 0.0, 1.741026577374548E9, 0.0, 2025-03-03 12:29:37.374
178.0, -9682.932160250206, 1941.2713576878737, -25639.954285616197, -10636.34581999133, -168486.93561398218, -17080.979595301105, -27940.082900534024, -34973.68514224114, 0.056, 0.966, -0.154, 192.0, 0.0, 0.0, 0.0, 0.0, 0.0, 0.0, 0.0, 0.0, 0.0, 1.741026577433731E9, 0.0, 2025-03-03 12:29:37.433
179.0, -9747.819274403962, 1867.689414941003, -25648.716169442676, -10625.39346520823, -168526.18527724568, -17081.22546449011, -27932.81858358605, -34968.49953752751, 0.056, 0.966, -0.154, 192.0, 0.0, 0.0, 0.0, 0.0, 0.0, 0.0, 0.0, 0.0, 0.0, 1.741026577433769E9, 0.0, 2025-03-03 12:29:37.433
180.0, -9784.07380391047, 1814.3581526706403, -25648.35854153139, -10621.593668650827, -168589.86539719885, -17074.743458598074, -27927.923551550335, -34970.3547323173, 0.056, 0.966, -0.154, 192.0, 0.0, 0.0, 0.0, 0.0, 0.0, 0.0, 0.0, 0.0, 0.0, 1.741026577433814E9, 0.0, 2025-03-03 12:29:37.433
181.0, -9747.059315092483, 1860.872132882134, -25641.58596296143, -10629.685000143649, -168596.05683041297, -17075.190493487178, -27926.828316072028, -34965.83967993733, 0.056, 0.966, -0.154, 192.0, 0.0, 0.0, 0.0, 0.0, 0.0, 0.0, 0.0, 0.0, 0.0, 1.741026577433848E9, 0.0, 2025-03-03 12:29:37.433
182.0, -9694.555067366966, 1946.7922385683346, -25645.40811126329, -10641.352610749318, -168561.12105382932, -17083.14771451327, -27931.835106830014, -34975.31681958638, 0.056, 0.966, -0.154, 192.0, 0.0, 0.0, 0.0, 0.0, 0.0, 0.0, 0.0, 0.0, 0.0, 1.741026577433881E9, 0.0, 2025-03-03 12:29:37.433
183.0, -9745.472341236156, 1892.9245344310445, -25638.54612571551, -10628.276840242963, -168595.20746412367, -17075.548121398464, -27921.508600891662, -34970.891174184224, 0.056, 0.966, -0.154, 192.0, 0.0, 0.0, 0.0, 0.0, 0.0, 0.0, 0.0, 0.0, 0.0, 1.741026577433912E9, 0.0, 2025-03-03 12:29:37.433
184.0, -9779.089364896938, 1825.332859198196, -25620.84354410691, -10610.9542382901, -168683.9662413557, -17075.95045279866, -27909.32690016352, -34961.27992406845, 0.054, 0.976, -0.154, 192.0, 1.0, 176.0, 30.0, 128.0, 251.0, 48.0, 0.0, 0.0, 0.0, 1.741026577433938E9, 0.0, 2025-03-03 12:29:37.433
185.0, -9760.69387921022, 1844.264786751841, -25635.752157658597, -10625.77344486397, -168732.49187856817, -17097.497534453578, -27923.900237548383, -34971.42761605115, 0.054, 0.976, -0.154, 192.0, 0.0, 0.0, 0.0, 0.0, 0.0, 0.0, 0.0, 0.0, 0.0, 1.74102657743397E9, 0.0, 2025-03-03 12:29:37.433
186.0, -9704.032207016016, 1943.4618286444938, -25644.178765318247, -10636.14465429123, -168700.3724217859, -17091.395508217276, -27932.460955674764, -34965.48205202604, 0.054, 0.976, -0.154, 192.0, 0.0, 0.0, 0.0, 0.0, 0.0, 0.0, 0.0, 0.0, 0.0, 1.741026577433997E9, 0.0, 2025-03-03 12:29:37.433
187.0, -9728.68618115022, 1925.647488313614, -25644.26817229607, -10635.652915913215, -168708.19553234524, -17087.506304682054, -27922.76029858116, -34949.63466520723, 0.054, 0.976, -0.154, 192.0, 0.0, 0.0, 0.0, 0.0, 0.0, 0.0, 0.0, 0.0, 0.0, 1.741026577434023E9, 0.0, 2025-03-03 12:29:37.434
188.0, -9783.582065532455, 1844.3765454741176, -25641.83183215044, -10633.708314145602, -168791.65694614136, -17086.47812443711, -27911.360908908955, -34936.73770865652, 0.054, 0.976, -0.154, 192.0, 0.0, 0.0, 0.0, 0.0, 0.0, 0.0, 0.0, 0.0, 0.0, 1.741026577434054E9, 0.0, 2025-03-03 12:29:37.434
189.0, -9775.423678806268, 1856.781763646813, -25636.959151859184, -10633.194224023131, -168851.1572898814, -17083.550045913464, -27909.036327485603, -34926.27709225143, 0.054, 0.976, -0.154, 192.0, 0.0, 0.0, 0.0, 0.0, 0.0, 0.0, 0.0, 0.0, 0.0, 1.741026577434083E9, 0.0, 2025-03-03 12:29:37.434
190.0, -9711.475337919634, 1954.615349127692, -25642.949419373206, -10637.15048279172, -168826.57037098057, -17089.85323784986, -27914.423097899333, -34916.174103757636, 0.054, 0.976, -0.154, 192.0, 0.0, 0.0, 0.0, 0.0, 0.0, 0.0, 0.0, 0.0, 0.0, 1.741026577434113E9, 0.0, 2025-03-03 12:29:37.434
191.0, -9704.367483182847, 1965.232427743963, -25643.59761996241, -10620.140805261231, -168799.30124274507, -17084.041784291483, -27901.034402970603, -34889.2849551779, 0.054, 0.976, -0.154, 192.0, 0.0, 0.0, 0.0, 0.0, 0.0, 0.0, 0.0, 0.0, 0.0, 1.741026577434139E9, 0.0, 2025-03-03 12:29:37.434
192.0, -9761.632652477343, 1865.230723050919, -25642.390625761826, -10624.588802407838, -168872.2573366472, -17083.95237731366, -27892.09370518848, -34881.30538240736, 0.054, 0.976, -0.154, 192.0, 0.0, 0.0, 0.0, 0.0, 0.0, 0.0, 0.0, 0.0, 0.0, 1.741026577434165E9, 0.0, 2025-03-03 12:29:37.434
193.0, -9755.016536118572, 1854.2560165233633, -25649.78905317653, -10639.72093340408, -168920.49240118175, -17088.37802271581, -27892.3842778664, -34885.61926908723, 0.054, 0.976, -0.154, 192.0, 0.0, 0.0, 0.0, 0.0, 0.0, 0.0, 0.0, 0.0, 0.0, 1.741026577494151E9, 0.0, 2025-03-03 12:29:37.494
194.0, -9711.363579197357, 1921.3336016337398, -25652.02422762206, -10636.323468246874, -168921.00649130423, -17081.00194704556, -27882.4824550727, -34856.85257397325, 0.05, 0.974, -0.148, 192.0, 1.0, 144.0, 30.0, 112.0, 251.0, 96.0, 0.0, 0.0, 0.0, 1.741026577494186E9, 0.0, 2025-03-03 12:29:37.494
195.0, -9693.169259210737, 1953.4977619049266, -25649.565535731977, -10627.583936164849, -168894.3185084246, -17071.32364169641, -27872.200652623258, -34826.70007070304, 0.05, 0.974, -0.148, 192.0, 0.0, 0.0, 0.0, 0.0, 0.0, 0.0, 0.0, 0.0, 0.0, 1.741026577494216E9, 0.0, 2025-03-03 12:29:37.494
196.0, -9778.083536396449, 1846.008222819355, -25657.634515480342, -10628.34389547633, -168976.4835210423, -17081.940720312683, -27865.293963586566, -34821.447410756045, 0.05, 0.974, -0.148, 192.0, 0.0, 0.0, 0.0, 0.0, 0.0, 0.0, 0.0, 0.0, 0.0, 1.74102657749426E9, 0.0, 2025-03-03 12:29:37.494
197.0, -9762.817294933475, 1816.593327116171, -25652.27009681107, -10628.299191987418, -169038.77783283923, -17090.52379018352, -27861.94120191827, -34817.17822756508, 0.05, 0.974, -0.148, 192.0, 0.0, 0.0, 0.0, 0.0, 0.0, 0.0, 0.0, 0.0, 0.0, 1.74102657749429E9, 0.0, 2025-03-03 12:29:37.494
198.0, -9703.696930849186, 1877.9041621570782, -25635.483936725133, -10616.899802315213, -169047.71853062138, -17083.035955790994, -27853.827518680995, -34814.22779729698, 0.05, 0.974, -0.148, 192.0, 0.0, 0.0, 0.0, 0.0, 0.0, 0.0, 0.0, 0.0, 0.0, 1.741026577494322E9, 0.0, 2025-03-03 12:29:37.494
199.0, -9679.24412241508, 1925.423970869061, -25632.287637268026, -10618.330313960352, -169043.27053347477, -17077.42566793271, -27850.921791901805, -34808.39399199414, 0.05, 0.974, -0.148, 192.0, 0.0, 0.0, 0.0, 0.0, 0.0, 0.0, 0.0, 0.0, 0.0, 1.741026577494349E9, 0.0, 2025-03-03 12:29:37.494
200.0, -9741.158454556282, 1841.202597761464, -25640.4013205053, -10618.509127915995, -169104.44725804892, -17067.23327246109, -27845.535021488075, -34792.2113290085, 0.05, 0.974, -0.148, 192.0, 0.0, 0.0, 0.0, 0.0, 0.0, 0.0, 0.0, 0.0, 0.0, 1.741026577494379E9, 0.0, 2025-03-03 12:29:37.494
201.0, -9749.518006982566, 1798.6001728296487, -25629.73953840012, -10621.77248260647, -169182.85717759814, -17064.863987548826, -27838.181297562278, -34792.65836389761, 0.05, 0.974, -0.148, 192.0, 0.0, 0.0, 0.0, 0.0, 0.0, 0.0, 0.0, 0.0, 0.0, 1.741026577494404E9, 0.0, 2025-03-03 12:29:37.494
202.0, -9714.090492020905, 1844.8012286187684, -25632.26528552357, -10639.318602003885, -169213.41201226856, -17071.636566118785, -27844.08215809848, -34802.20255878002, 0.05, 0.974, -0.148, 192.0, 0.0, 0.0, 0.0, 0.0, 0.0, 0.0, 0.0, 0.0, 0.0, 1.741026577494431E9, 0.0, 2025-03-03 12:29:37.494
203.0, -9671.95745372265, 1921.4006568671057, -25631.3488640009, -10641.062038071399, -169192.6919451585, -17065.691002093674, -27845.825594165995, -34801.42024772409, 0.05, 0.974, -0.148, 192.0, 0.0, 0.0, 0.0, 0.0, 0.0, 0.0, 0.0, 0.0, 0.0, 1.741026577494457E9, 0.0, 2025-03-03 12:29:37.494
204.0, -9730.161396284271, 1847.6622519090477, -25629.001930833096, -10632.993058323033, -169255.6568092891, -17057.823188045408, -27835.454384738732, -34800.03443956786, 0.052000000000000005, 0.97, -0.15, 192.0, 1.0, 160.0, 30.0, 80.0, 251.0, 80.0, 0.0, 0.0, 0.0, 1.741026577494493E9, 0.0, 2025-03-03 12:29:37.494
205.0, -9775.803658462008, 1782.9539517109338, -25637.49559372611, -10653.780180666468, -169353.40098779215, -17069.826074817905, -27843.143384831357, -34813.51254147441, 0.052000000000000005, 0.97, -0.15, 192.0, 0.0, 0.0, 0.0, 0.0, 0.0, 0.0, 0.0, 0.0, 0.0, 1.741026577494526E9, 0.0, 2025-03-03 12:29:37.494
206.0, -9729.714361395165, 1828.976193544411, -25630.812422133975, -10637.441055469639, -169367.7731594769, -17073.692926608674, -27850.921791901805, -34807.32110826029, 0.052000000000000005, 0.97, -0.15, 192.0, 0.0, 0.0, 0.0, 0.0, 0.0, 0.0, 0.0, 0.0, 0.0, 1.741026577494553E9, 0.0, 2025-03-03 12:29:37.494
207.0, -9659.999270439062, 1920.5959940667146, -25626.990273832118, -10632.031933311455, -169327.98705434645, -17067.970880028115, -27849.401873278843, -34808.52810246088, 0.052000000000000005, 0.97, -0.15, 192.0, 0.0, 0.0, 0.0, 0.0, 0.0, 0.0, 0.0, 0.0, 0.0, 1.74102657749458E9, 0.0, 2025-03-03 12:29:37.494
208.0, -9708.390797184802, 1866.3706620181397, -25627.03497732103, -10631.316677488885, -169373.69637175757, -17071.56951088542, -27839.142422573856, -34809.64568968364, 0.052000000000000005, 0.97, -0.15, 192.0, 0.0, 0.0, 0.0, 0.0, 0.0, 0.0, 0.0, 0.0, 0.0, 1.741026577494606E9, 0.0, 2025-03-03 12:29:37.494
209.0, -9768.65110023631, 1782.7304342663806, -25624.911561597775, -10629.81911061038, -169474.34627703982, -17066.875644549804, -27834.80618414953, -34804.28127101437, 0.052000000000000005, 0.97, -0.15, 192.0, 0.0, 0.0, 0.0, 0.0, 0.0, 0.0, 0.0, 0.0, 0.0, 1.741026577555256E9, 0.0, 2025-03-03 12:29:37.555
210.0, -9731.435445718223, 1818.3367631836848, -25617.06609929396, -10632.702485645115, -169497.16740812868, -17065.579243371398, -27838.918905129303, -34805.37650649268, 0.052000000000000005, 0.97, -0.15, 192.0, 0.0, 0.0, 0.0, 0.0, 0.0, 0.0, 0.0, 0.0, 0.0, 1.741026577555289E9, 0.0, 2025-03-03 12:29:37.555
211.0, -9685.39085214029, 1904.6592002700806, -25620.754137129086, -10637.508110703006, -169489.76898071397, -17066.85329280535, -27839.41064350732, -34807.96930884949, 0.052000000000000005, 0.97, -0.15, 192.0, 0.0, 0.0, 0.0, 0.0, 0.0, 0.0, 0.0, 0.0, 0.0, 1.741026577555336E9, 0.0, 2025-03-03 12:29:37.555
212.0, -9718.136157767316, 1875.5348772448156, -25624.196305775204, -10637.172834536175, -169520.74849852902, -17065.959223027137, -27837.153117317335, -34808.639861183154, 0.052000000000000005, 0.97, -0.15, 192.0, 0.0, 0.0, 0.0, 0.0, 0.0, 0.0, 0.0, 0.0, 0.0, 1.741026577555371E9, 0.0, 2025-03-03 12:29:37.555
213.0, -9735.726980653642, 1803.4057978875398, -25616.015567304563, -10635.205881024109, -169596.20798781014, -17061.13124622479, -27837.063710339513, -34810.42800073958, 0.052000000000000005, 0.97, -0.15, 192.0, 0.0, 0.0, 0.0, 0.0, 0.0, 0.0, 0.0, 0.0, 0.0, 1.741026577555402E9, 0.0, 2025-03-03 12:29:37.555
214.0, -9709.798957085486, 1826.2939842097742, -25612.17106725825, -10625.0581890414, -169624.46059280165, -17067.61325211683, -27842.271666797602, -34811.65734668462, 0.054, 0.968, -0.15, 192.0, 1.0, 176.0, 30.0, 64.0, 251.0, 80.0, 0.0, 0.0, 0.0, 1.741026577555429E9, 0.0, 2025-03-03 12:29:37.555
215.0, -9653.96429943613, 1909.8224532392567, -25606.40431718878, -10621.14663376172, -169619.3867468103, -17062.427647403198, -27842.22696330869, -34810.91973911759, 0.054, 0.968, -0.15, 192.0, 0.0, 0.0, 0.0, 0.0, 0.0, 0.0, 0.0, 0.0, 0.0, 1.741026577555462E9, 0.0, 2025-03-03 12:29:37.555
216.0, -9681.38988988279, 1907.5202235603601, -25617.848410349896, -10637.217538025086, -169632.59662778338, -17061.846502047363, -27843.456309253732, -34814.89834963064, 0.054, 0.968, -0.15, 192.0, 0.0, 0.0, 0.0, 0.0, 0.0, 0.0, 0.0, 0.0, 0.0, 1.741026577555489E9, 0.0, 2025-03-03 12:29:37.555
217.0, -9753.340155284424, 1813.9111177815341, -25613.512171925566, -10621.571316906371, -169726.74217542913, -17059.790141557474, -27834.962646360716, -34812.70787867402, 0.054, 0.968, -0.15, 192.0, 0.0, 0.0, 0.0, 0.0, 0.0, 0.0, 0.0, 0.0, 0.0, 1.741026577555515E9, 0.0, 2025-03-03 12:29:37.555
218.0, -9742.030172590039, 1811.07244623571, -25607.63366313382, -10622.688904129136, -169789.5282256041, -17063.031144503493, -27838.94125687376, -34823.59317822375, 0.054, 0.968, -0.15, 192.0, 0.0, 0.0, 0.0, 0.0, 0.0, 0.0, 0.0, 0.0, 0.0, 1.741026577555542E9, 0.0, 2025-03-03 12:29:37.555
219.0, -9681.591055582889, 1900.7029415014913, -25617.244913249604, -10634.1106455458, -169773.14439691836, -17074.877569064807, -27853.380483791887, -34839.08293713128, 0.054, 0.968, -0.15, 192.0, 0.0, 0.0, 0.0, 0.0, 0.0, 0.0, 0.0, 0.0, 0.0, 1.741026577555574E9, 0.0, 2025-03-03 12:29:37.555
220.0, -9661.072154172916, 1940.354936165206, -25612.483991680623, -10620.587840150338, -169758.34754208894, -17060.818321802417, -27844.618599965408, -34816.328861275775, 0.054, 0.968, -0.15, 192.0, 0.0, 0.0, 0.0, 0.0, 0.0, 0.0, 0.0, 0.0, 0.0, 1.741026577555604E9, 0.0, 2025-03-03 12:29:37.555
221.0, -9743.818312146463, 1850.2774060103186, -25620.3965092178, -10621.526613417462, -169830.40956621285, -17065.579243371398, -27839.1200708294, -34809.95861410601, 0.054, 0.968, -0.15, 192.0, 0.0, 0.0, 0.0, 0.0, 0.0, 0.0, 0.0, 0.0, 0.0, 1.741026577555631E9, 0.0, 2025-03-03 12:29:37.555
222.0, -9757.229358819648, 1815.8557195491458, -25612.953378314185, -10618.732645360547, -169916.62024457697, -17061.243004947068, -27835.499088227643, -34813.44548624104, 0.054, 0.968, -0.15, 192.0, 0.0, 0.0, 0.0, 0.0, 0.0, 0.0, 0.0, 0.0, 0.0, 1.741026577555658E9, 0.0, 2025-03-03 12:29:37.555
223.0, -9694.309198177958, 1886.2860663278184, -25610.44998293519, -10623.582973907349, -169936.8038698201, -17061.95826076964, -27843.143384831357, -34812.32789901828, 0.054, 0.968, -0.15, 192.0, 0.0, 0.0, 0.0, 0.0, 0.0, 0.0, 0.0, 0.0, 0.0, 1.741026577555685E9, 0.0, 2025-03-03 12:29:37.555
224.0, -9667.62121529832, 1948.938006036044, -25618.16133477227, -10634.378866479263, -169920.9117795124, -17071.23423471859, -27843.880992398383, -34819.70397468853, 0.062, 0.97, -0.156, 192.0, 1.0, 240.0, 30.0, 80.0, 251.0, 32.0, 0.0, 0.0, 0.0, 1.741026577615634E9, 0.0, 2025-03-03 12:29:37.615
225.0, -9742.387800501323, 1866.393013762595, -25616.775526616042, -10629.372075721274, -169993.19732108086, -17061.33241192489, -27832.12397481489, -34812.149085062636, 0.062, 0.97, -0.156, 192.0, 0.0, 0.0, 0.0, 0.0, 0.0, 0.0, 0.0, 0.0, 0.0, 1.741026577615674E9, 0.0, 2025-03-03 12:29:37.615
226.0, -9757.36346928638, 1826.6739638655145, -25626.766756387566, -10646.672325929681, -170053.2788101767, -17061.243004947068, -27836.773137661596, -34818.362870021214, 0.062, 0.97, -0.156, 192.0, 0.0, 0.0, 0.0, 0.0, 0.0, 0.0, 0.0, 0.0, 0.0, 1.741026577615715E9, 0.0, 2025-03-03 12:29:37.615
227.0, -9722.941782825206, 1855.4406589794946, -25616.55200917149, -10637.932793847656, -170096.82000837565, -17057.309097922935, -27828.011253835113, -34810.94209086205, 0.062, 0.97, -0.156, 192.0, 0.0, 0.0, 0.0, 0.0, 0.0, 0.0, 0.0, 0.0, 0.0, 1.74102657761575E9, 0.0, 2025-03-03 12:29:37.615
228.0, -9670.90692173325, 1930.2519476714074, -25623.07871855244, -10649.131017819765, -170080.5926419011, -17067.56854862792, -27835.633198694373, -34822.94497763455, 0.062, 0.97, -0.156, 192.0, 0.0, 0.0, 0.0, 0.0, 0.0, 0.0, 0.0, 0.0, 0.0, 1.741026577615784E9, 0.0, 2025-03-03 12:29:37.615
229.0, -9710.134233252315, 1864.649577695081, -25630.387738989324, -10651.075619587376, -170119.64113946454, -17068.619080617318, -27832.481602726177, -34827.75060269244, 0.062, 0.97, -0.156, 192.0, 0.0, 0.0, 0.0, 0.0, 0.0, 0.0, 0.0, 0.0, 0.0, 1.741026577615815E9, 0.0, 2025-03-03 12:29:37.615
230.0, -9730.228451517636, 1807.0491322337548, -25618.653073150286, -10636.502282202517, -170195.50296014585, -17060.840673546874, -27825.664320667307, -34809.42217223909, 0.062, 0.97, -0.156, 192.0, 0.0, 0.0, 0.0, 0.0, 0.0, 0.0, 0.0, 0.0, 0.0, 1.741026577615841E9, 0.0, 2025-03-03 12:29:37.615
231.0, -9690.35293940937, 1847.1258100421203, -25614.808573103976, -10638.379828736763, -170226.16955353852, -17068.842598061874, -27827.1171840569, -34817.35704152072, 0.062, 0.97, -0.156, 192.0, 0.0, 0.0, 0.0, 0.0, 0.0, 0.0, 0.0, 0.0, 0.0, 1.741026577615871E9, 0.0, 2025-03-03 12:29:37.615
232.0, -9641.693191730164, 1937.8962442751224, -25615.345014970902, -10644.817131139891, -170213.94314932148, -17067.300327694455, -27828.815916635504, -34810.69622167304, 0.062, 0.97, -0.156, 192.0, 0.0, 0.0, 0.0, 0.0, 0.0, 0.0, 0.0, 0.0, 0.0, 1.741026577615898E9, 0.0, 2025-03-03 12:29:37.615
233.0, -9689.235352186603, 1898.2889531003182, -25625.582113931432, -10642.134921805255, -170237.39012925507, -17065.80276081595, -27831.40871899232, -34803.72247740298, 0.062, 0.97, -0.156, 192.0, 0.0, 0.0, 0.0, 0.0, 0.0, 0.0, 0.0, 0.0, 0.0, 1.741026577615924E9, 0.0, 2025-03-03 12:29:37.615
234.0, -9747.416943003767, 1825.4669696649278, -25627.303198254493, -10659.837503413857, -170320.62802560665, -17081.29251972348, -27832.88393412637, -34812.774933907385, 0.06, 0.974, -0.156, 192.0, 1.0, 224.0, 30.0, 112.0, 251.0, 32.0, 0.0, 0.0, 0.0, 1.741026577615953E9, 0.0, 2025-03-03 12:29:37.615
235.0, -9731.524852696044, 1841.135542528098, -25615.16620101526, -10641.933756105156, -170367.47728198496, -17077.51507491053, -27826.245466023145, -34809.913910617106, 0.06, 0.974, -0.156, 192.0, 0.0, 0.0, 0.0, 0.0, 0.0, 0.0, 0.0, 0.0, 0.0, 1.74102657761599E9, 0.0, 2025-03-03 12:29:37.615
236.0, -9645.828264454398, 1937.1362849636419, -25604.54912239899, -10633.663610656693, -170339.5599531603, -17067.546196883464, -27827.1171840569, -34804.46008497001, 0.06, 0.974, -0.156, 192.0, 0.0, 0.0, 0.0, 0.0, 0.0, 0.0, 0.0, 0.0, 0.0, 1.741026577616017E9, 0.0, 2025-03-03 12:29:37.616
237.0, -9689.168296953238, 1910.872985228656, -25617.893113838807, -10640.793817137936, -170361.75523540442, -17074.05055451996, -27827.005425334624, -34807.74579140494, 0.06, 0.974, -0.156, 192.0, 0.0, 0.0, 0.0, 0.0, 0.0, 0.0, 0.0, 0.0, 0.0, 1.741026577616043E9, 0.0, 2025-03-03 12:29:37.616
238.0, -9766.415925790778, 1828.1938824884753, -25621.156468529283, -10642.559604949905, -170444.18846895557, -17079.258510978045, -27827.1171840569, -34811.724401917985, 0.06, 0.974, -0.156, 192.0, 0.0, 0.0, 0.0, 0.0, 0.0, 0.0, 0.0, 0.0, 0.0, 1.741026577616069E9, 0.0, 2025-03-03 12:29:37.616
239.0, -9742.767780157064, 1822.8518155636568, -25620.329453984436, -10643.856006128313, -170510.08141160983, -17079.169104000226, -27828.391233490853, -34815.99358510895, 0.06, 0.974, -0.156, 192.0, 0.0, 0.0, 0.0, 0.0, 0.0, 0.0, 0.0, 0.0, 0.0, 1.741026577675907E9, 0.0, 2025-03-03 12:29:37.675
240.0, -9656.579453537399, 1914.7398370194242, -25620.798840617997, -10646.940546863145, -170494.03285909092, -17068.28380445049, -27837.331931272976, -34821.35800377822, 0.06, 0.974, -0.156, 192.0, 0.0, 0.0, 0.0, 0.0, 0.0, 0.0, 0.0, 0.0, 0.0, 1.741026577675944E9, 0.0, 2025-03-03 12:29:37.675
241.0, -9670.750459522063, 1920.5736423222593, -25625.78327963153, -10642.738418905546, -170507.86858890875, -17067.970880028115, -27832.03456783707, -34815.88182638667, 0.06, 0.974, -0.156, 192.0, 0.0, 0.0, 0.0, 0.0, 0.0, 0.0, 0.0, 0.0, 0.0, 1.741026577675994E9, 0.0, 2025-03-03 12:29:37.675
242.0, -9744.175940057748, 1830.2502429783635, -25623.861029608375, -10634.177700779164, -170601.38828770976, -17064.305193937445, -27828.905323613326, -34824.151971835134, 0.06, 0.974, -0.156, 192.0, 0.0, 0.0, 0.0, 0.0, 0.0, 0.0, 0.0, 0.0, 0.0, 1.741026577676033E9, 0.0, 2025-03-03 12:29:37.676
243.0, -9715.521003666045, 1831.6807546235032, -25618.92129408375, -10635.25058451302, -170647.99167489907, -17052.749342054052, -27828.726509657685, -34810.539759461855, 0.06, 0.974, -0.156, 192.0, 0.0, 0.0, 0.0, 0.0, 0.0, 0.0, 0.0, 0.0, 0.0, 1.741026577676067E9, 0.0, 2025-03-03 12:29:37.676
244.0, -9672.67270954522, 1901.619363024159, -25617.870762094353, -10642.559604949905, -170653.04316914597, -17056.3256211669, -27829.352358502434, -34814.33955601926, 0.06, 0.964, -0.152, 192.0, 1.0, 224.0, 30.0, 32.0, 251.0, 64.0, 0.0, 0.0, 0.0, 1.741026577676094E9, 0.0, 2025-03-03 12:29:37.676
245.0, -9663.575549551912, 1935.459904129494, -25621.178820273737, -10643.386619494751, -170652.97611391262, -17063.589938114874, -27830.40289049183, -34815.345384519744, 0.06, 0.964, -0.152, 192.0, 0.0, 0.0, 0.0, 0.0, 0.0, 0.0, 0.0, 0.0, 0.0, 1.741026577676123E9, 0.0, 2025-03-03 12:29:37.676
246.0, -9724.282887492525, 1852.1549525445644, -25629.627779677845, -10661.82680867038, -170719.31609145596, -17079.303214466956, -27835.141460316358, -34827.97412013699, 0.06, 0.964, -0.152, 192.0, 0.0, 0.0, 0.0, 0.0, 0.0, 0.0, 0.0, 0.0, 0.0, 1.741026577676153E9, 0.0, 2025-03-03 12:29:37.676
247.0, -9740.756123156087, 1819.141425984076, -25624.419823219756, -10653.310794032908, -170790.23817661265, -17078.722069111118, -27835.096756827446, -34840.15582086513, 0.06, 0.964, -0.152, 192.0, 0.0, 0.0, 0.0, 0.0, 0.0, 0.0, 0.0, 0.0, 0.0, 1.741026577676179E9, 0.0, 2025-03-03 12:29:37.676
248.0, -9700.187706969704, 1879.424080780039, -25624.062195308474, -10643.945413106134, -170811.62879605638, -17072.463580663632, -27842.383425519878, -34838.68060573108, 0.06, 0.964, -0.152, 192.0, 0.0, 0.0, 0.0, 0.0, 0.0, 0.0, 0.0, 0.0, 0.0, 1.741026577676205E9, 0.0, 2025-03-03 12:29:37.676
249.0, -9683.915637006241, 1930.1401889491308, -25627.817288376962, -10643.67719217267, -170815.3168338915, -17067.322679438912, -27838.628332451386, -34833.2714835729, 0.06, 0.964, -0.152, 192.0, 0.0, 0.0, 0.0, 0.0, 0.0, 0.0, 0.0, 0.0, 0.0, 1.741026577676234E9, 0.0, 2025-03-03 12:29:37.676
250.0, -9748.243957548613, 1846.231740263908, -25626.096204053905, -10648.348706763829, -170894.330250541, -17075.32460395391, -27834.202687049234, -34834.05379462884, 0.06, 0.964, -0.152, 192.0, 0.0, 0.0, 0.0, 0.0, 0.0, 0.0, 0.0, 0.0, 0.0, 1.741026577676264E9, 0.0, 2025-03-03 12:29:37.676
251.0, -9750.769704672064, 1809.6419345905704, -25624.285712753026, -10645.890014873745, -170978.08223701504, -17067.926176539204, -27838.02483535109, -34840.0217103984, 0.06, 0.964, -0.152, 192.0, 0.0, 0.0, 0.0, 0.0, 0.0, 0.0, 0.0, 0.0, 0.0, 1.741026577676294E9, 0.0, 2025-03-03 12:29:37.676
252.0, -9708.837832073908, 1864.716632928447, -25625.760927887077, -10655.545968478438, -171004.23377802776, -17068.619080617318, -27845.624428465897, -34845.967274423514, 0.06, 0.964, -0.152, 192.0, 0.0, 0.0, 0.0, 0.0, 0.0, 0.0, 0.0, 0.0, 0.0, 1.741026577676323E9, 0.0, 2025-03-03 12:29:37.676
253.0, -9675.846657257875, 1938.09740997522, -25632.622913434854, -10662.542064492949, -170981.14442600543, -17075.771638843016, -27849.200707578744, -34850.1246988922, 0.06, 0.964, -0.152, 192.0, 0.0, 0.0, 0.0, 0.0, 0.0, 0.0, 0.0, 0.0, 0.0, 1.74102657767635E9, 0.0, 2025-03-03 12:29:37.676
254.0, -9749.808579660485, 1858.9498828589778, -25635.238067536124, -10658.988137124556, -171042.879944191, -17073.87174056432, -27841.467003997208, -34845.94492267906, 0.062, 0.972, -0.148, 192.0, 1.0, 240.0, 30.0, 96.0, 251.0, 96.0, 0.0, 0.0, 0.0, 1.741026577734808E9, 0.0, 2025-03-03 12:29:37.734
255.0, -9769.120486869871, 1805.5515653552493, -25624.531581942032, -10646.359401507307, -171118.42884044992, -17069.28963295098, -27837.80131790654, -34839.93230342058, 0.062, 0.972, -0.148, 192.0, 0.0, 0.0, 0.0, 0.0, 0.0, 0.0, 0.0, 0.0, 0.0, 1.741026577734843E9, 0.0, 2025-03-03 12:29:37.734
0.0, -9745.427637747245, 1832.5077691683496, -25626.185611031728, -10651.835578898857, -171148.76015767577, -17075.4810661651, -27841.13172783038, -34839.75348946494, 0.062, 0.972, -0.148, 192.0, 0.0, 0.0, 0.0, 0.0, 0.0, 0.0, 0.0, 0.0, 0.0, 1.741026577734875E9, 0.0, 2025-03-03 12:29:37.734
1.0, -9673.857352001352, 1922.5405958343263, -25628.68900641072, -10659.256358058019, -171131.25874176726, -17080.890188323283, -27849.401873278843, -34844.73792847848, 0.062, 0.972, -0.148, 192.0, 0.0, 0.0, 0.0, 0.0, 0.0, 0.0, 0.0, 0.0, 0.0, 1.741026577734921E9, 0.0, 2025-03-03 12:29:37.734
2.0, -9724.327590981435, 1889.9294006740333, -25639.998989105105, -10663.056154615422, -171149.0954338426, -17075.883397565292, -27847.300809300043, -34842.972140666505, 0.062, 0.972, -0.148, 192.0, 0.0, 0.0, 0.0, 0.0, 0.0, 0.0, 0.0, 0.0, 0.0, 1.741026577734951E9, 0.0, 2025-03-03 12:29:37.734
3.0, -9756.067068107972, 1821.622469618615, -25630.611256433876, -10650.405067253718, -171227.28183594727, -17064.014621259525, -27838.784794662573, -34829.337576548765, 0.062, 0.972, -0.148, 192.0, 0.0, 0.0, 0.0, 0.0, 0.0, 0.0, 0.0, 0.0, 0.0, 1.741026577734981E9, 0.0, 2025-03-03 12:29:37.734
4.0, -9733.558861441477, 1830.8090365897463, -25619.83771560642, -10645.778256151469, -171288.63737447708, -17064.081676492893, -27834.716777171707, -34830.65632947163, 0.062, 0.972, -0.148, 192.0, 0.0, 0.0, 0.0, 0.0, 0.0, 0.0, 0.0, 0.0, 0.0, 1.741026577735008E9, 0.0, 2025-03-03 12:29:37.735
5.0, -9659.216959383126, 1926.6309650696476, -25612.483991680623, -10638.91627060369, -171280.18841507297, -17054.09044672137, -27829.866448624904, -34819.79338166635, 0.062, 0.972, -0.148, 192.0, 0.0, 0.0, 0.0, 0.0, 0.0, 0.0, 0.0, 0.0, 0.0, 1.741026577735037E9, 0.0, 2025-03-03 12:29:37.735
6.0, -9703.629875615821, 1899.1830228785304, -25624.285712753026, -10638.670401414682, -171313.7830869893, -17062.271185192014, -27827.16188754581, -34816.77589616489, 0.062, 0.972, -0.148, 192.0, 0.0, 0.0, 0.0, 0.0, 0.0, 0.0, 0.0, 0.0, 0.0, 1.741026577735063E9, 0.0, 2025-03-03 12:29:37.735
7.0, -9757.207007075192, 1814.9840015153889, -25630.164221544772, -10650.472122487083, -171398.58560545274, -17062.628813103296, -27830.291131769554, -34825.40366952463, 0.062, 0.972, -0.148, 192.0, 0.0, 0.0, 0.0, 0.0, 0.0, 0.0, 0.0, 0.0, 0.0, 1.741026577735089E9, 0.0, 2025-03-03 12:29:37.735
8.0, -9738.520948710555, 1822.0695045077211, -25628.420785477258, -10640.547947948928, -171444.1161089082, -17050.38005714179, -27832.436899237266, -34827.54943699234, 0.062, 0.972, -0.158, 192.0, 1.0, 240.0, 30.0, 96.0, 251.0, 16.0, 0.0, 0.0, 0.0, 1.741026577735115E9, 0.0, 2025-03-03 12:29:37.735
9.0, -9672.203322911659, 1918.2043574099969, -25621.31293074047, -10637.888090358745, -171419.21626558498, -17054.649240332754, -27835.56614346101, -34821.38035552268, 0.062, 0.972, -0.158, 192.0, 0.0, 0.0, 0.0, 0.0, 0.0, 0.0, 0.0, 0.0, 0.0, 1.741026577735152E9, 0.0, 2025-03-03 12:29:37.735
10.0, -9682.306311405458, 1928.486159859438, -25621.26822725156, -10641.9114043607, -171420.49031501895, -17055.94564151116, -27832.235733537167, -34823.83904741276, 0.062, 0.972, -0.158, 192.0, 0.0, 0.0, 0.0, 0.0, 0.0, 0.0, 0.0, 0.0, 0.0, 1.741026577735184E9, 0.0, 2025-03-03 12:29:37.735
11.0, -9742.186634801226, 1848.846894365179, -25622.67638715224, -10646.44880848513, -171472.05578947734, -17060.90772878024, -27835.476736483186, -34829.38228003768, 0.062, 0.972, -0.158, 192.0, 0.0, 0.0, 0.0, 0.0, 0.0, 0.0, 0.0, 0.0, 0.0, 1.741026577735211E9, 0.0, 2025-03-03 12:29:37.735
12.0, -9755.776495430053, 1809.239603190375, -25616.574360915944, -10643.476026472572, -171560.97102892055, -17058.538443867976, -27827.251294523634, -34813.64665194114, 0.062, 0.972, -0.158, 192.0, 0.0, 0.0, 0.0, 0.0, 0.0, 0.0, 0.0, 0.0, 0.0, 1.741026577735237E9, 0.0, 2025-03-03 12:29:37.735
13.0, -9701.260590703558, 1878.8429354242012, -25603.900921809785, -10630.556718177404, -171580.46175008558, -17047.653144318243, -27825.530210200573, -34818.362870021214, 0.062, 0.972, -0.158, 192.0, 0.0, 0.0, 0.0, 0.0, 0.0, 0.0, 0.0, 0.0, 0.0, 1.741026577795033E9, 0.0, 2025-03-03 12:29:37.795
14.0, -9685.770831796031, 1918.4502265990052, -25621.245875507102, -10652.193206810141, -171568.36945633526, -17067.166217227725, -27837.84602139545, -34834.07614637329, 0.062, 0.972, -0.158, 192.0, 0.0, 0.0, 0.0, 0.0, 0.0, 0.0, 0.0, 0.0, 0.0, 1.741026577795069E9, 0.0, 2025-03-03 12:29:37.795
15.0, -9750.188559316226, 1838.9897750603886, -25620.284750495524, -10655.210692311608, -171634.84354434535, -17069.669612606718, -27834.336797515967, -34824.308434046325, 0.062, 0.972, -0.158, 192.0, 0.0, 0.0, 0.0, 0.0, 0.0, 0.0, 0.0, 0.0, 0.0, 1.741026577795096E9, 0.0, 2025-03-03 12:29:37.795
16.0, -9769.545170014522, 1812.8605857921345, -25621.715262140664, -10663.212616826608, -171701.40703933325, -17071.837731818883, -27835.70025392774, -34834.99256789596, 0.062, 0.972, -0.158, 192.0, 0.0, 0.0, 0.0, 0.0, 0.0, 0.0, 0.0, 0.0, 0.0, 1.741026577795142E9, 0.0, 2025-03-03 12:29:37.795
17.0, -9693.839811544396, 1887.4036535505836, -25604.750288099087, -10644.928889862167, -171702.65873702275, -17057.778484556497, -27831.87810562588, -34832.60093123924, 0.062, 0.972, -0.158, 192.0, 0.0, 0.0, 0.0, 0.0, 0.0, 0.0, 0.0, 0.0, 0.0, 1.741026577795179E9, 0.0, 2025-03-03 12:29:37.795
18.0, -9663.530846063, 1949.0497647583206, -25612.573398658446, -10646.895843374234, -171692.71221074014, -17054.246908932557, -27835.901419627837, -34829.91872190461, 0.068, 0.972, -0.152, 192.0, 2.0, 32.0, 30.0, 96.0, 251.0, 64.0, 0.0, 0.0, 0.0, 1.74102657779521E9, 0.0, 2025-03-03 12:29:37.795
19.0, -9758.436353020234, 1870.326920786729, -25623.68221565273, -10646.292346273942, -171754.29126671448, -17058.449036890153, -27835.342626016456, -34829.24816957094, 0.068, 0.972, -0.152, 192.0, 0.0, 0.0, 0.0, 0.0, 0.0, 0.0, 0.0, 0.0, 0.0, 1.741026577795239E9, 0.0, 2025-03-03 12:29:37.795
20.0, -9750.12150408286, 1841.359059972651, -25615.45677369318, -10653.601366710827, -171800.2017498257, -17061.66768809172, -27835.23086729418, -34832.332710305775, 0.068, 0.972, -0.152, 192.0, 0.0, 0.0, 0.0, 0.0, 0.0, 0.0, 0.0, 0.0, 0.0, 1.741026577795266E9, 0.0, 2025-03-03 12:29:37.795
21.0, -9709.798957085486, 1877.6135894791591, -25610.002948046083, -10642.827825883369, -171833.77406999757, -17059.253699690547, -27835.633198694373, -34831.10336436074, 0.068, 0.972, -0.152, 192.0, 0.0, 0.0, 0.0, 0.0, 0.0, 0.0, 0.0, 0.0, 0.0, 1.741026577795296E9, 0.0, 2025-03-03 12:29:37.795
22.0, -9685.949645751673, 1942.0089652548988, -25616.663767893766, -10652.461427743607, -171832.76824149708, -17069.848426562363, -27842.80810866453, -34837.250094085946, 0.068, 0.972, -0.152, 192.0, 0.0, 0.0, 0.0, 0.0, 0.0, 0.0, 0.0, 0.0, 0.0, 1.741026577795325E9, 0.0, 2025-03-03 12:29:37.795
23.0, -9734.87761436434, 1878.2841418128185, -25619.435384206223, -10650.561529464905, -171883.52905315507, -17056.79500780046, -27835.253219038634, -34829.538742248864, 0.068, 0.972, -0.152, 192.0, 0.0, 0.0, 0.0, 0.0, 0.0, 0.0, 0.0, 0.0, 0.0, 1.741026577795351E9, 0.0, 2025-03-03 12:29:37.795
24.0, -9749.607413960388, 1818.0908939946764, -25628.152564543794, -10655.076581844876, -171956.32868484603, -17066.294499193966, -27841.55641097503, -34836.13250686318, 0.068, 0.972, -0.152, 192.0, 0.0, 0.0, 0.0, 0.0, 0.0, 0.0, 0.0, 0.0, 0.0, 1.741026577795384E9, 0.0, 2025-03-03 12:29:37.795
25.0, -9720.147814768294, 1856.334728757707, -25619.41303246177, -10658.563453979905, -171970.16441466386, -17061.734743325083, -27845.199745321246, -34835.95369290754, 0.068, 0.972, -0.152, 192.0, 0.0, 0.0, 0.0, 0.0, 0.0, 0.0, 0.0, 0.0, 0.0, 1.741026577795415E9, 0.0, 2025-03-03 12:29:37.795
26.0, -9665.095468174872, 1936.130456463153, -25604.83969507691, -10647.231119541064, -171949.80197546506, -17061.622984602807, -27840.818803408005, -34839.5746755093, 0.068, 0.972, -0.152, 192.0, 0.0, 0.0, 0.0, 0.0, 0.0, 0.0, 0.0, 0.0, 0.0, 1.741026577795441E9, 0.0, 2025-03-03 12:29:37.795
27.0, -9703.92044829374, 1893.617438509159, -25613.288654481014, -10657.334108034864, -171968.2421646407, -17067.70265909465, -27840.79645166355, -34845.2743703454, 0.068, 0.972, -0.152, 192.0, 0.0, 0.0, 0.0, 0.0, 0.0, 0.0, 0.0, 0.0, 0.0, 1.741026577795468E9, 0.0, 2025-03-03 12:29:37.795
28.0, -9752.73665818413, 1815.8333678046904, -25617.02139580505, -10648.192244552642, -172057.13505233946, -17069.781371328994, -27842.249315053145, -34842.10042263275, 0.06, 0.968, -0.15, 192.0, 1.0, 224.0, 30.0, 64.0, 251.0, 80.0, 0.0, 0.0, 0.0, 1.741026577855368E9, 0.0, 2025-03-03 12:29:37.855
29.0, -9726.629820660331, 1845.8517606081678, -25606.739593355607, -10632.546023433928, -172092.9201952124, -17052.123493209303, -27838.44951849574, -34831.95273065004, 0.06, 0.968, -0.15, 192.0, 0.0, 0.0, 0.0, 0.0, 0.0, 0.0, 0.0, 0.0, 0.0, 1.741026577855426E9, 0.0, 2025-03-03 12:29:37.855
30.0, -9673.097392689871, 1938.09740997522, -25607.745421856096, -10645.778256151469, -172069.9202501679, -17055.073923477405, -27840.30471328553, -34839.01588189792, 0.06, 0.968, -0.15, 192.0, 0.0, 0.0, 0.0, 0.0, 0.0, 0.0, 0.0, 0.0, 0.0, 1.741026577855453E9, 0.0, 2025-03-03 12:29:37.855
31.0, -9698.06429124645, 1927.8379592702343, -25614.07096553695, -10647.387581752251, -172081.34199158454, -17062.002964258547, -27840.3717685189, -34844.11207963373, 0.06, 0.968, -0.15, 192.0, 0.0, 0.0, 0.0, 0.0, 0.0, 0.0, 0.0, 0.0, 0.0, 1.741026577855495E9, 0.0, 2025-03-03 12:29:37.855
32.0, -9734.296469008503, 1846.2540920083634, -25606.180799744227, -10626.265183241985, -172152.64405639697, -17055.856234533338, -27835.141460316358, -34843.97796916699, 0.06, 0.968, -0.15, 192.0, 0.0, 0.0, 0.0, 0.0, 0.0, 0.0, 0.0, 0.0, 0.0, 1.741026577855531E9, 0.0, 2025-03-03 12:29:37.855
33.0, -9733.558861441477, 1832.530120912805, -25599.944663041195, -10634.378866479263, -172230.76340326827, -17058.963127012627, -27830.84992538094, -34845.74375697896, 0.06, 0.968, -0.15, 192.0, 0.0, 0.0, 0.0, 0.0, 0.0, 0.0, 0.0, 0.0, 0.0, 1.741026577855568E9, 0.0, 2025-03-03 12:29:37.855
34.0, -9667.487104831589, 1921.8253400117565, -25606.739593355607, -10637.48575895855, -172221.3533188526, -17066.875644549804, -27843.65747495383, -34844.73792847848, 0.06, 0.968, -0.15, 192.0, 0.0, 0.0, 0.0, 0.0, 0.0, 0.0, 0.0, 0.0, 0.0, 1.741026577855595E9, 0.0, 2025-03-03 12:29:37.855
35.0, -9684.228561428614, 1932.777694794857, -25615.523828926544, -10641.240852027042, -172215.63127227203, -17061.913557280728, -27842.897515642348, -34846.257847101435, 0.06, 0.968, -0.15, 192.0, 0.0, 0.0, 0.0, 0.0, 0.0, 0.0, 0.0, 0.0, 0.0, 1.741026577855621E9, 0.0, 2025-03-03 12:29:37.855
36.0, -9758.369297786869, 1833.9382808134892, -25609.712375368166, -10629.841462354834, -172305.79820940475, -17052.592879842865, -27834.56031496052, -34841.98866391047, 0.06, 0.968, -0.15, 192.0, 0.0, 0.0, 0.0, 0.0, 0.0, 0.0, 0.0, 0.0, 0.0, 1.741026577855651E9, 0.0, 2025-03-03 12:29:37.855
37.0, -9750.07680059395, 1815.0287050042994, -25614.428593448236, -10644.347744506329, -172370.19358518047, -17060.170121213214, -27841.37759701939, -34848.24715235796, 0.06, 0.968, -0.15, 192.0, 0.0, 0.0, 0.0, 0.0, 0.0, 0.0, 0.0, 0.0, 0.0, 1.741026577855677E9, 0.0, 2025-03-03 12:29:37.855
38.0, -9684.183857939704, 1893.908011187078, -25605.59965438839, -10649.063962586399, -172375.91563176105, -17059.365458412824, -27836.706082428227, -34845.72140523451, 0.066, 0.964, -0.15, 192.0, 2.0, 16.0, 30.0, 32.0, 251.0, 80.0, 0.0, 0.0, 0.0, 1.741026577855704E9, 0.0, 2025-03-03 12:29:37.855
39.0, -9658.926386705207, 1951.6202153706809, -25608.661843378766, -10650.092142831343, -172348.9370762035, -17070.116647495826, -27841.98109411968, -34854.95267569455, 0.066, 0.964, -0.15, 192.0, 0.0, 0.0, 0.0, 0.0, 0.0, 0.0, 0.0, 0.0, 0.0, 1.741026577855736E9, 0.0, 2025-03-03 12:29:37.855
40.0, -9765.678318223754, 1857.8769991251231, -25629.851297122397, -10652.595538210338, -172420.3061962493, -17079.86200807834, -27846.742015688662, -34862.261696131434, 0.066, 0.964, -0.15, 192.0, 0.0, 0.0, 0.0, 0.0, 0.0, 0.0, 0.0, 0.0, 0.0, 1.741026577855766E9, 0.0, 2025-03-03 12:29:37.855
41.0, -9770.327481070457, 1833.5359494132936, -25620.97765457364, -10652.439075999151, -172479.65007777812, -17069.602557373353, -27845.065634854513, -34854.55034429435, 0.066, 0.964, -0.15, 192.0, 0.0, 0.0, 0.0, 0.0, 0.0, 0.0, 0.0, 0.0, 0.0, 1.741026577855796E9, 0.0, 2025-03-03 12:29:37.855
42.0, -9695.784413312009, 1894.2879908428183, -25621.514096440565, -10659.68104120267, -172478.73365625544, -17073.648223119762, -27852.106434357935, -34865.32388512181, 0.066, 0.964, -0.15, 192.0, 0.0, 0.0, 0.0, 0.0, 0.0, 0.0, 0.0, 0.0, 0.0, 1.741026577855823E9, 0.0, 2025-03-03 12:29:37.855
43.0, -9681.635759071798, 1936.912767519089, -25629.49366921111, -10676.802477455436, -172480.43238883404, -17064.528711381998, -27850.65357096834, -34871.001228213456, 0.066, 0.964, -0.15, 192.0, 0.0, 0.0, 0.0, 0.0, 0.0, 0.0, 0.0, 0.0, 0.0, 1.741026577915611E9, 0.0, 2025-03-03 12:29:37.915
44.0, -9750.769704672064, 1863.46493523895, -25630.477145967146, -10651.992041110045, -172537.5187441729, -17063.94756602616, -27850.877088412893, -34864.25100138796, 0.066, 0.964, -0.15, 192.0, 0.0, 0.0, 0.0, 0.0, 0.0, 0.0, 0.0, 0.0, 0.0, 1.741026577915645E9, 0.0, 2025-03-03 12:29:37.915
45.0, -9753.988355873627, 1831.367830201129, -25614.987387059617, -10628.67917164316, -172594.71685823405, -17057.979650256595, -27842.763405175618, -34851.711672748526, 0.066, 0.964, -0.15, 192.0, 0.0, 0.0, 0.0, 0.0, 0.0, 0.0, 0.0, 0.0, 0.0, 1.741026577915671E9, 0.0, 2025-03-03 12:29:37.915
46.0, -9702.802861070975, 1883.8273744377345, -25622.25170400759, -10649.801570153424, -172605.7362682505, -17066.942699783172, -27852.732283202684, -34857.456071073546, 0.066, 0.964, -0.15, 192.0, 0.0, 0.0, 0.0, 0.0, 0.0, 0.0, 0.0, 0.0, 0.0, 1.741026577915711E9, 0.0, 2025-03-03 12:29:37.915
47.0, -9670.43753509969, 1954.6377008721474, -25628.666654666264, -10657.244701057041, -172581.50697726096, -17071.882435307794, -27863.617582752417, -34874.55515558185, 0.064, 0.972, -0.154, 192.0, 2.0, 0.0, 30.0, 96.0, 251.0, 48.0, 0.0, 0.0, 0.0, 1.741026577915746E9, 0.0, 2025-03-03 12:29:37.915
48.0, -9739.280908022036, 1883.7603192043687, -25612.662805636264, -10634.53532869045, -172645.63413210324, -17047.116702451312, -27839.969437118703, -34851.488155303974, 0.064, 0.972, -0.154, 192.0, 0.0, 0.0, 0.0, 0.0, 0.0, 0.0, 0.0, 0.0, 0.0, 1.741026577915779E9, 0.0, 2025-03-03 12:29:37.915
49.0, -9781.726870742665, 1824.9305277980004, -25609.757078857074, -10636.837558369347, -172728.0673656544, -17041.685228548675, -27836.66137893932, -34846.34725407926, 0.064, 0.972, -0.154, 192.0, 0.0, 0.0, 0.0, 0.0, 0.0, 0.0, 0.0, 0.0, 0.0, 1.741026577915809E9, 0.0, 2025-03-03 12:29:37.915
50.0, -9740.867881878363, 1852.4678769669388, -25614.4956486816, -10647.67815443017, -172761.4385201262, -17063.56758637042, -27853.760463447627, -34856.09261466177, 0.064, 0.972, -0.154, 192.0, 0.0, 0.0, 0.0, 0.0, 0.0, 0.0, 0.0, 0.0, 0.0, 1.741026577915836E9, 0.0, 2025-03-03 12:29:37.915
51.0, -9689.525924864522, 1936.8904157746335, -25625.716224398166, -10657.714087690603, -172730.23548486657, -17071.457752163144, -27869.56314677753, -34873.035236958895, 0.064, 0.972, -0.154, 192.0, 0.0, 0.0, 0.0, 0.0, 0.0, 0.0, 0.0, 0.0, 0.0, 1.741026577915867E9, 0.0, 2025-03-03 12:29:37.915
52.0, -9713.084663520416, 1903.6757235140471, -25614.361538214867, -10641.576128193872, -172746.9769414636, -17062.18177821419, -27855.906230915338, -34867.022617700415, 0.064, 0.972, -0.154, 192.0, 0.0, 0.0, 0.0, 0.0, 0.0, 0.0, 0.0, 0.0, 0.0, 1.741026577915893E9, 0.0, 2025-03-03 12:29:37.915
53.0, -9759.375126287357, 1828.9314900555005, -25608.30421546748, -10643.565433450394, -172825.27510229053, -17059.276051435, -27853.17931809179, -34870.75535902445, 0.064, 0.972, -0.154, 192.0, 0.0, 0.0, 0.0, 0.0, 0.0, 0.0, 0.0, 0.0, 0.0, 1.74102657791592E9, 0.0, 2025-03-03 12:29:37.915
54.0, -9732.68714340772, 1839.7944378607797, -25608.237160234115, -10648.661631186204, -172870.2021086457, -17062.13707472528, -27856.80030069355, -34876.61151607174, 0.064, 0.972, -0.154, 192.0, 0.0, 0.0, 0.0, 0.0, 0.0, 0.0, 0.0, 0.0, 0.0, 1.741026577915947E9, 0.0, 2025-03-03 12:29:37.915
55.0, -9679.825267770919, 1917.0197149538656, -25606.426668933236, -10642.067866571888, -172872.5043383246, -17059.164292712725, -27855.816823937515, -34863.33457986529, 0.064, 0.972, -0.154, 192.0, 0.0, 0.0, 0.0, 0.0, 0.0, 0.0, 0.0, 0.0, 0.0, 1.741026577915982E9, 0.0, 2025-03-03 12:29:37.915
56.0, -9709.530736152023, 1899.2500781118965, -25619.725956884144, -10645.331221262362, -172904.40027766232, -17058.516092123522, -27859.46015828373, -34866.530879322396, 0.064, 0.972, -0.154, 192.0, 0.0, 0.0, 0.0, 0.0, 0.0, 0.0, 0.0, 0.0, 0.0, 1.741026577916012E9, 0.0, 2025-03-03 12:29:37.916
57.0, -9763.21962633367, 1829.4455801779725, -25632.578209945943, -10657.62468071278, -172961.39722602334, -17069.446095162166, -27871.70891424524, -34879.316077150834, 0.062, 0.976, -0.158, 192.0, 1.0, 240.0, 30.0, 128.0, 251.0, 16.0, 0.0, 0.0, 0.0, 1.741026577916038E9, 0.0, 2025-03-03 12:29:37.916
58.0, -9758.97279488716, 1831.1890162454865, -25625.626817420343, -10659.144599335743, -173000.31161312005, -17067.61325211683, -27868.602021765953, -34880.433664373595, 0.062, 0.976, -0.158, 192.0, 0.0, 0.0, 0.0, 0.0, 0.0, 0.0, 0.0, 0.0, 0.0, 1.741026577975933E9, 0.0, 2025-03-03 12:29:37.975
59.0, -9704.814518071953, 1912.169386407064, -25618.45190745019, -10650.740343420548, -173011.95687198127, -17071.100124251858, -27867.41737930982, -34885.03812373139, 0.062, 0.976, -0.158, 192.0, 0.0, 0.0, 0.0, 0.0, 0.0, 0.0, 0.0, 0.0, 0.0, 1.741026577975969E9, 0.0, 2025-03-03 12:29:37.975
60.0, -9694.040977244495, 1939.9973082539211, -25622.87755285234, -10645.73355266256, -173010.14638068038, -17073.75998184204, -27870.256050855645, -34876.119777693726, 0.062, 0.976, -0.158, 192.0, 0.0, 0.0, 0.0, 0.0, 0.0, 0.0, 0.0, 0.0, 0.0, 1.741026577975996E9, 0.0, 2025-03-03 12:29:37.975
61.0, -9757.341117541924, 1863.84491489469, -25623.615160419366, -10649.10866607531, -173069.57966918705, -17067.94852828366, -27869.674905499807, -34873.23640265899, 0.062, 0.976, -0.158, 192.0, 0.0, 0.0, 0.0, 0.0, 0.0, 0.0, 0.0, 0.0, 0.0, 1.741026577976021E9, 0.0, 2025-03-03 12:29:37.976
62.0, -9765.745373457119, 1848.1316385426092, -25621.290578996013, -10649.645107942237, -173125.41432683638, -17066.04863000496, -27869.85371945545, -34877.70675155005, 0.062, 0.976, -0.158, 192.0, 0.0, 0.0, 0.0, 0.0, 0.0, 0.0, 0.0, 0.0, 0.0, 1.741026577976072E9, 0.0, 2025-03-03 12:29:37.976
63.0, -9717.555012411478, 1919.5901655662258, -25618.384852216823, -10656.06005860091, -173125.79430649214, -17062.070019491915, -27875.016972424626, -34882.75824579695, 0.062, 0.976, -0.158, 192.0, 0.0, 0.0, 0.0, 0.0, 0.0, 0.0, 0.0, 0.0, 0.0, 1.741026577976105E9, 0.0, 2025-03-03 12:29:37.976
64.0, -9694.488012133601, 1961.4326311865607, -25622.4975731966, -10666.006584883522, -173115.0654691536, -17067.769714328017, -27876.246318369667, -34890.69311507858, 0.062, 0.976, -0.158, 192.0, 0.0, 0.0, 0.0, 0.0, 0.0, 0.0, 0.0, 0.0, 0.0, 1.741026577976135E9, 0.0, 2025-03-03 12:29:37.976
65.0, -9749.383896515834, 1876.0489673672878, -25628.89017211082, -10659.971613880589, -173176.3763041945, -17075.86104582084, -27879.867300971426, -34889.530824366906, 0.062, 0.976, -0.158, 192.0, 0.0, 0.0, 0.0, 0.0, 0.0, 0.0, 0.0, 0.0, 0.0, 1.741026577976161E9, 0.0, 2025-03-03 12:29:37.976
66.0, -9757.922262897762, 1855.038327579299, -25631.527677956543, -10664.151390093732, -173206.43940048688, -17069.3790399288, -27883.04124868408, -34888.077960977316, 0.062, 0.976, -0.158, 192.0, 0.0, 0.0, 0.0, 0.0, 0.0, 0.0, 0.0, 0.0, 0.0, 1.741026577976191E9, 0.0, 2025-03-03 12:29:37.976
67.0, -9718.4937856786, 1905.7320840039354, -25623.88338135283, -10661.580939481371, -173210.06038308865, -17067.792066072474, -27883.153007406356, -34888.32383016632, 0.056, 0.974, -0.154, 192.0, 1.0, 192.0, 30.0, 112.0, 251.0, 48.0, 0.0, 0.0, 0.0, 1.741026577976216E9, 0.0, 2025-03-03 12:29:37.976
68.0, -9699.181878469215, 1961.454982931016, -25622.519924941054, -10657.669384201692, -173204.65126093046, -17068.28380445049, -27881.722495761216, -34885.95454525406, 0.056, 0.974, -0.154, 192.0, 0.0, 0.0, 0.0, 0.0, 0.0, 0.0, 0.0, 0.0, 0.0, 1.741026577976245E9, 0.0, 2025-03-03 12:29:37.976
69.0, -9740.35379175589, 1891.0469878967988, -25617.043747549505, -10650.405067253718, -173258.36250285656, -17076.486894665588, -27877.743885248172, -34898.65033610467, 0.056, 0.974, -0.154, 192.0, 0.0, 0.0, 0.0, 0.0, 0.0, 0.0, 0.0, 0.0, 0.0, 1.741026577976272E9, 0.0, 2025-03-03 12:29:37.976
70.0, -9749.070972093461, 1846.74583038638, -25614.853276592887, -10652.506131232516, -173326.08828855614, -17070.94366204067, -27879.3308591045, -34886.021600487424, 0.056, 0.974, -0.154, 192.0, 0.0, 0.0, 0.0, 0.0, 0.0, 0.0, 0.0, 0.0, 0.0, 1.741026577976307E9, 0.0, 2025-03-03 12:29:37.976
71.0, -9722.852375847386, 1889.1470896180977, -25619.681253395232, -10654.450733000129, -173345.3107887877, -17070.00488877355, -27890.573786565517, -34886.938022010094, 0.056, 0.974, -0.154, 192.0, 0.0, 0.0, 0.0, 0.0, 0.0, 0.0, 0.0, 0.0, 0.0, 1.741026577976336E9, 0.0, 2025-03-03 12:29:37.976
72.0, -9680.071136959927, 1967.8252301007785, -25623.145773785804, -10663.212616826608, -173313.88423608354, -17075.32460395391, -27893.054830200057, -34897.979783771014, 0.056, 0.974, -0.154, 192.0, 0.0, 0.0, 0.0, 0.0, 0.0, 0.0, 0.0, 0.0, 0.0, 1.741026577976364E9, 0.0, 2025-03-03 12:29:37.976
73.0, -9740.30908826698, 1897.3725315776505, -25630.968884345162, -10668.644090729249, -173365.4720622864, -17079.99611854507, -27890.730248776705, -34902.58424312881, 0.056, 0.974, -0.154, 192.0, 0.0, 0.0, 0.0, 0.0, 0.0, 0.0, 0.0, 0.0, 0.0, 1.741026578036162E9, 0.0, 2025-03-03 12:29:38.036
74.0, -9779.469344552677, 1838.4533331934613, -25636.08743382543, -10675.68489023267, -173431.186190985, -17084.846447091873, -27896.318184890533, -34914.274205478934, 0.056, 0.974, -0.154, 192.0, 0.0, 0.0, 0.0, 0.0, 0.0, 0.0, 0.0, 0.0, 0.0, 1.741026578036214E9, 0.0, 2025-03-03 12:29:38.036
75.0, -9754.323632040458, 1859.0839933257096, -25631.393567489813, -10672.645052986749, -173463.66327567855, -17087.103973281857, -27897.256958157657, -34913.938929312106, 0.056, 0.974, -0.154, 192.0, 0.0, 0.0, 0.0, 0.0, 0.0, 0.0, 0.0, 0.0, 0.0, 1.74102657803624E9, 0.0, 2025-03-03 12:29:38.036
76.0, -9706.11091925036, 1941.964261765988, -25635.21571579167, -10671.818038441901, -173440.2386474894, -17082.074830779413, -27900.3862023814, -34903.56771988484, 0.056, 0.974, -0.154, 192.0, 0.0, 0.0, 0.0, 0.0, 0.0, 0.0, 0.0, 0.0, 0.0, 1.741026578036267E9, 0.0, 2025-03-03 12:29:38.036
77.0, -9748.69099243772, 1902.6922467580137, -25641.317742027968, -10669.091125618354, -173475.62145896215, -17082.2312929906, -27901.101458203968, -34908.79802808738, 0.06, 0.972, -0.154, 192.0, 1.0, 224.0, 30.0, 96.0, 251.0, 48.0, 0.0, 0.0, 0.0, 1.741026578036317E9, 0.0, 2025-03-03 12:29:38.036
78.0, -9798.64714129533, 1829.780856344802, -25630.432442478235, -10658.25052955753, -173553.964323278, -17075.45871442064, -27893.56892032253, -34905.959356541556, 0.06, 0.972, -0.154, 192.0, 0.0, 0.0, 0.0, 0.0, 0.0, 0.0, 0.0, 0.0, 0.0, 1.741026578036355E9, 0.0, 2025-03-03 12:29:38.036
79.0, -9777.681204996254, 1842.4095919620506, -25628.68900641072, -10656.350631278829, -173610.76010593894, -17069.066115506426, -27890.46202784324, -34892.548309868376, 0.06, 0.972, -0.154, 192.0, 0.0, 0.0, 0.0, 0.0, 0.0, 0.0, 0.0, 0.0, 0.0, 1.741026578036389E9, 0.0, 2025-03-03 12:29:38.036
80.0, -9686.709605063154, 1946.9263490350663, -25629.82894537794, -10663.637299971258, -173572.33745722027, -17075.995156287572, -27899.5368360921, -34900.57258612783, 0.06, 0.972, -0.154, 192.0, 0.0, 0.0, 0.0, 0.0, 0.0, 0.0, 0.0, 0.0, 0.0, 1.741026578036416E9, 0.0, 2025-03-03 12:29:38.036
81.0, -9715.11867226585, 1948.8262473137675, -25638.590829204422, -10667.191227339654, -173571.28692523087, -17077.224502232613, -27900.47560935922, -34906.42874317512, 0.06, 0.972, -0.154, 192.0, 0.0, 0.0, 0.0, 0.0, 0.0, 0.0, 0.0, 0.0, 0.0, 1.741026578036446E9, 0.0, 2025-03-03 12:29:38.036
82.0, -9790.17583014677, 1857.8322956362124, -25640.155451316292, -10669.091125618354, -173652.17788841462, -17078.230330733102, -27899.559187836552, -34909.870911821235, 0.06, 0.972, -0.154, 192.0, 0.0, 0.0, 0.0, 0.0, 0.0, 0.0, 0.0, 0.0, 0.0, 1.741026578036476E9, 0.0, 2025-03-03 12:29:38.036
83.0, -9774.462553794689, 1850.523275199327, -25624.397471475302, -10663.257320315519, -173714.91923510068, -17073.581167886397, -27894.57474882302, -34895.45403664756, 0.06, 0.972, -0.154, 192.0, 0.0, 0.0, 0.0, 0.0, 0.0, 0.0, 0.0, 0.0, 0.0, 1.741026578036502E9, 0.0, 2025-03-03 12:29:38.036
84.0, -9702.087605248405, 1937.5162646193821, -25628.040805821518, -10672.53329426447, -173696.07671452485, -17080.510208667543, -27900.98969948169, -34907.65808912016, 0.06, 0.972, -0.154, 192.0, 0.0, 0.0, 0.0, 0.0, 0.0, 0.0, 0.0, 0.0, 0.0, 1.741026578036529E9, 0.0, 2025-03-03 12:29:38.036
85.0, -9721.198346757692, 1949.0721165027758, -25639.663712938276, -10685.340843837363, -173692.32162145636, -17090.568493672432, -27909.013975741145, -34927.14881028519, 0.06, 0.972, -0.154, 192.0, 0.0, 0.0, 0.0, 0.0, 0.0, 0.0, 0.0, 0.0, 0.0, 1.741026578036564E9, 0.0, 2025-03-03 12:29:38.036
86.0, -9779.849324208419, 1863.3978800055838, -25626.051500564994, -10664.039631371455, -173755.9570379206, -17084.846447091873, -27901.99552798218, -34919.23629274801, 0.06, 0.972, -0.154, 192.0, 0.0, 0.0, 0.0, 0.0, 0.0, 0.0, 0.0, 0.0, 0.0, 1.741026578036595E9, 0.0, 2025-03-03 12:29:38.036
87.0, -9763.957233900695, 1853.0937258116874, -25611.142887013306, -10654.808360911413, -173810.67410834722, -17068.596728872864, -27895.066487201035, -34898.51622563794, 0.058, 0.968, -0.154, 192.0, 1.0, 208.0, 30.0, 64.0, 251.0, 48.0, 0.0, 0.0, 0.0, 1.741026578036625E9, 0.0, 2025-03-03 12:29:38.036
88.0, -9710.693026863699, 1930.7213343049689, -25619.97182607315, -10671.818038441901, -173804.28150943297, -17074.408182431245, -27905.10242046147, -34908.90978680966, 0.058, 0.968, -0.154, 192.0, 0.0, 0.0, 0.0, 0.0, 0.0, 0.0, 0.0, 0.0, 0.0, 1.741026578095137E9, 0.0, 2025-03-03 12:29:38.095
89.0, -9700.075948247428, 1982.8008988858342, -25630.633608178334, -10683.552704280937, -173778.5770033094, -17080.107877267346, -27906.91291176235, -34912.12843801123, 0.058, 0.968, -0.154, 192.0, 0.0, 0.0, 0.0, 0.0, 0.0, 0.0, 0.0, 0.0, 0.0, 1.741026578095169E9, 0.0, 2025-03-03 12:29:38.095
90.0, -9806.291437899046, 1887.716577972958, -25633.628741935343, -10689.542971794961, -173854.7293966686, -17084.71233662514, -27900.296795403578, -34910.83203683281, 0.058, 0.968, -0.154, 192.0, 0.0, 0.0, 0.0, 0.0, 0.0, 0.0, 0.0, 0.0, 0.0, 1.741026578095196E9, 0.0, 2025-03-03 12:29:38.095
91.0, -9785.951350444717, 1860.4027462485728, -25633.561686701978, -10682.904503691734, -173898.62822277885, -17088.936816327194, -27906.95761525126, -34910.31794671035, 0.058, 0.968, -0.154, 192.0, 0.0, 0.0, 0.0, 0.0, 0.0, 0.0, 0.0, 0.0, 0.0, 1.741026578095222E9, 0.0, 2025-03-03 12:29:38.095
92.0, -9742.11957956786, 1902.0887496577204, -25621.31293074047, -10676.131925121776, -173932.17819120624, -17081.739554612584, -27899.402725625365, -34907.92631005363, 0.058, 0.968, -0.154, 192.0, 0.0, 0.0, 0.0, 0.0, 0.0, 0.0, 0.0, 0.0, 0.0, 1.74102657809526E9, 0.0, 2025-03-03 12:29:38.095
93.0, -9704.30042794948, 1964.584227154759, -25620.82119236245, -10675.550779765937, -173930.23358943863, -17072.75415334155, -27899.223911669724, -34907.993365286995, 0.058, 0.968, -0.154, 192.0, 0.0, 0.0, 0.0, 0.0, 0.0, 0.0, 0.0, 0.0, 0.0, 1.741026578095297E9, 0.0, 2025-03-03 12:29:38.095
94.0, -9752.22256806166, 1900.3676653346618, -25640.267210038568, -10681.004605413033, -173959.24615374164, -17084.51117092504, -27908.85751352996, -34924.75717362847, 0.058, 0.968, -0.154, 192.0, 0.0, 0.0, 0.0, 0.0, 0.0, 0.0, 0.0, 0.0, 0.0, 1.741026578095331E9, 0.0, 2025-03-03 12:29:38.095
95.0, -9774.194332861225, 1862.392051505095, -25636.93680011473, -10672.130962864276, -173995.85831115942, -17081.359574956845, -27908.276368174123, -34930.32275799784, 0.058, 0.968, -0.154, 192.0, 0.0, 0.0, 0.0, 0.0, 0.0, 0.0, 0.0, 0.0, 0.0, 1.741026578095359E9, 0.0, 2025-03-03 12:29:38.095
96.0, -9735.771684142552, 1904.2345171254299, -25623.391642974813, -10668.465276773606, -174014.83494220197, -17075.10108650936, -27903.984833238705, -34908.70862110956, 0.058, 0.968, -0.154, 192.0, 0.0, 0.0, 0.0, 0.0, 0.0, 0.0, 0.0, 0.0, 0.0, 1.741026578095386E9, 0.0, 2025-03-03 12:29:38.095
97.0, -9684.228561428614, 1987.4053582436275, -25627.929047099242, -10674.232026843076, -173988.50458723362, -17081.180761001204, -27908.85751352996, -34911.5919961443, 0.058, 0.97, -0.15, 192.0, 1.0, 208.0, 30.0, 80.0, 251.0, 80.0, 0.0, 0.0, 0.0, 1.741026578095416E9, 0.0, 2025-03-03 12:29:38.095
98.0, -9755.329460540946, 1925.0216394688655, -25629.6501314223, -10667.750020951036, -174039.93595122528, -17081.694851123673, -27904.1859989388, -34908.14982749818, 0.058, 0.97, -0.15, 192.0, 0.0, 0.0, 0.0, 0.0, 0.0, 0.0, 0.0, 0.0, 0.0, 1.741026578095446E9, 0.0, 2025-03-03 12:29:38.095
99.0, -9801.821089007984, 1853.0266705783215, -25627.01262557657, -10671.594520997349, -174141.79285070812, -17076.844522576874, -27904.275405916622, -34906.9875367865, 0.058, 0.97, -0.15, 192.0, 0.0, 0.0, 0.0, 0.0, 0.0, 0.0, 0.0, 0.0, 0.0, 1.741026578095472E9, 0.0, 2025-03-03 12:29:38.095
100.0, -9759.084553609438, 1892.4998512863938, -25625.02332032005, -10670.521637263493, -174149.95123743432, -17075.4810661651, -27910.913874019847, -34921.22559800454, 0.058, 0.97, -0.15, 192.0, 0.0, 0.0, 0.0, 0.0, 0.0, 0.0, 0.0, 0.0, 0.0, 1.741026578095499E9, 0.0, 2025-03-03 12:29:38.095
101.0, -9705.328608194424, 1981.7950703853453, -25623.63751216382, -10657.557625479416, -174105.2924520126, -17075.771638843016, -27915.272464188634, -34923.30431023888, 0.058, 0.97, -0.15, 192.0, 0.0, 0.0, 0.0, 0.0, 0.0, 0.0, 0.0, 0.0, 0.0, 1.741026578095533E9, 0.0, 2025-03-03 12:29:38.095
102.0, -9744.086533079926, 1942.1207239771754, -25633.60639019089, -10665.671308716692, -174120.4022312644, -17085.695813381175, -27917.79821131208, -34922.67846139413, 0.058, 0.97, -0.15, 192.0, 0.0, 0.0, 0.0, 0.0, 0.0, 0.0, 0.0, 0.0, 0.0, 1.741026578095564E9, 0.0, 2025-03-03 12:29:38.095
103.0, -9791.89691446983, 1861.7438509158912, -25633.60639019089, -10670.901616919235, -174193.53713912217, -17086.075793036915, -27914.177228710323, -34913.96128105656, 0.058, 0.97, -0.15, 192.0, 0.0, 0.0, 0.0, 0.0, 0.0, 0.0, 0.0, 0.0, 0.0, 1.741026578155332E9, 0.0, 2025-03-03 12:29:38.155
104.0, -9764.180751345248, 1867.3094352852627, -25622.899904596798, -10661.290366803452, -174243.94032286888, -17078.923234811216, -27912.925531020825, -34917.91753982515, 0.058, 0.97, -0.15, 192.0, 0.0, 0.0, 0.0, 0.0, 0.0, 0.0, 0.0, 0.0, 0.0, 1.741026578155363E9, 0.0, 2025-03-03 12:29:38.155
105.0, -9706.133270994815, 1944.2664914448849, -25624.17395403075, -10671.080430874877, -174238.1288693105, -17077.3809644438, -27917.038252000602, -34924.19838001709, 0.058, 0.97, -0.15, 192.0, 0.0, 0.0, 0.0, 0.0, 0.0, 0.0, 0.0, 0.0, 0.0, 1.741026578155394E9, 0.0, 2025-03-03 12:29:38.155
106.0, -9721.801843857986, 1947.999232768921, -25632.242933779115, -10683.195076369653, -174233.14443029696, -17085.293481980978, -27919.765164824148, -34930.568627186854, 0.058, 0.97, -0.15, 192.0, 0.0, 0.0, 0.0, 0.0, 0.0, 0.0, 0.0, 0.0, 0.0, 1.741026578155421E9, 0.0, 2025-03-03 12:29:38.155
107.0, -9789.192353390736, 1857.295853769285, -25636.44506173671, -10685.698471748647, -174297.15982641696, -17090.14381052778, -27919.67575784633, -34926.88058935173, 0.06, 0.968, -0.152, 192.0, 1.0, 224.0, 30.0, 64.0, 251.0, 64.0, 0.0, 0.0, 0.0, 1.741026578155449E9, 0.0, 2025-03-03 12:29:38.155
108.0, -9786.018405678084, 1847.036403064299, -25621.625855162845, -10677.0706983889, -174350.58049566514, -17082.968900557626, -27913.305510676568, -34919.303347981375, 0.06, 0.968, -0.152, 192.0, 0.0, 0.0, 0.0, 0.0, 0.0, 0.0, 0.0, 0.0, 0.0, 1.741026578155491E9, 0.0, 2025-03-03 12:29:38.155
109.0, -9715.878631577329, 1931.838921527734, -25612.97573005864, -10683.30683509193, -174337.1470972475, -17075.123438253813, -27916.479458389218, -34925.53948468441, 0.06, 0.968, -0.152, 192.0, 0.0, 0.0, 0.0, 0.0, 0.0, 0.0, 0.0, 0.0, 0.0, 1.741026578155527E9, 0.0, 2025-03-03 12:29:38.155
110.0, -9729.602602672889, 1946.032279256854, -25623.235180763626, -10685.407899070728, -174332.52028614527, -17084.689984880686, -27920.703938091272, -34931.28388300942, 0.06, 0.968, -0.152, 192.0, 0.0, 0.0, 0.0, 0.0, 0.0, 0.0, 0.0, 0.0, 0.0, 1.741026578155556E9, 0.0, 2025-03-03 12:29:38.155
111.0, -9771.065088637482, 1873.0314818658212, -25605.085564265915, -10659.032840613467, -174385.02453387078, -17070.295461451467, -27905.124772205923, -34912.66487987815, 0.06, 0.968, -0.152, 192.0, 0.0, 0.0, 0.0, 0.0, 0.0, 0.0, 0.0, 0.0, 0.0, 1.741026578155583E9, 0.0, 2025-03-03 12:29:38.155
112.0, -9787.068937667482, 1845.2929669967853, -25616.529657427032, -10668.130000606776, -174442.15559269855, -17072.687098108185, -27909.52806586362, -34916.82230434684, 0.06, 0.968, -0.152, 192.0, 0.0, 0.0, 0.0, 0.0, 0.0, 0.0, 0.0, 0.0, 0.0, 1.741026578155613E9, 0.0, 2025-03-03 12:29:38.155
113.0, -9734.609393430877, 1909.9789154504438, -25608.30421546748, -10665.403087783228, -174459.2770289513, -17070.116647495826, -27912.254978687168, -34919.43745844811, 0.06, 0.968, -0.152, 192.0, 0.0, 0.0, 0.0, 0.0, 0.0, 0.0, 0.0, 0.0, 0.0, 1.741026578155639E9, 0.0, 2025-03-03 12:29:38.155
114.0, -9699.338340680402, 1963.6678056320914, -25617.133154527328, -10682.25630310253, -174429.01276695883, -17083.90767382475, -27917.284121189612, -34929.026356819435, 0.06, 0.968, -0.152, 192.0, 0.0, 0.0, 0.0, 0.0, 0.0, 0.0, 0.0, 0.0, 0.0, 1.741026578155666E9, 0.0, 2025-03-03 12:29:38.155
115.0, -9756.64821346381, 1871.3551010316733, -25616.93198882723, -10664.844294171846, -174496.85031138067, -17079.23615923359, -27909.595121096983, -34925.53948468441, 0.06, 0.968, -0.152, 192.0, 0.0, 0.0, 0.0, 0.0, 0.0, 0.0, 0.0, 0.0, 0.0, 1.741026578155692E9, 0.0, 2025-03-03 12:29:38.155
116.0, -9761.83381817744, 1853.3842984896064, -25617.69194813871, -10656.529445234471, -174537.70930024498, -17066.80858931644, -27913.752545565672, -34920.73385962652, 0.06, 0.968, -0.152, 192.0, 0.0, 0.0, 0.0, 0.0, 0.0, 0.0, 0.0, 0.0, 0.0, 1.741026578155726E9, 0.0, 2025-03-03 12:29:38.155
117.0, -9735.97284984265, 1910.202432894997, -25634.65692218029, -10681.049308901944, -174527.71807047346, -17080.3313947119, -27928.86232481746, -34938.3470342573, 0.058, 0.966, -0.152, 192.0, 1.0, 208.0, 30.0, 48.0, 251.0, 64.0, 0.0, 0.0, 0.0, 1.741026578155756E9, 0.0, 2025-03-03 12:29:38.155
118.0, -9703.20519247117, 1973.3461109812392, -25634.142832057816, -10681.87632344679, -174505.34397427368, -17080.711374367642, -27926.224818971732, -34942.3479965148, 0.058, 0.966, -0.152, 192.0, 0.0, 0.0, 0.0, 0.0, 0.0, 0.0, 0.0, 0.0, 0.0, 1.741026578215585E9, 0.0, 2025-03-03 12:29:38.215
119.0, -9766.974719402162, 1899.6971130010027, -25625.895038353807, -10679.372928067796, -174559.4575476, -17073.938795797683, -27917.529990378618, -34936.11185981177, 0.058, 0.966, -0.152, 192.0, 0.0, 0.0, 0.0, 0.0, 0.0, 0.0, 0.0, 0.0, 0.0, 1.741026578215618E9, 0.0, 2025-03-03 12:29:38.215
120.0, -9787.672434767775, 1853.429001978517, -25630.611256433876, -10679.529390278984, -174611.9170918366, -17078.76677260003, -27919.072260746034, -34939.95635985808, 0.058, 0.966, -0.152, 192.0, 0.0, 0.0, 0.0, 0.0, 0.0, 0.0, 0.0, 0.0, 0.0, 1.741026578215644E9, 0.0, 2025-03-03 12:29:38.215
121.0, -9754.211873318181, 1887.560115761771, -25626.431480220734, -10669.53816050746, -174632.10071707974, -17080.778429601007, -27920.65923460236, -34931.32858649833, 0.058, 0.966, -0.152, 192.0, 0.0, 0.0, 0.0, 0.0, 0.0, 0.0, 0.0, 0.0, 0.0, 1.741026578215675E9, 0.0, 2025-03-03 12:29:38.215
122.0, -9722.762968869563, 1960.4491544305272, -25639.30608502699, -10677.58478851137, -174623.09296406424, -17082.588920901886, -27930.650464373884, -34937.92235111265, 0.058, 0.966, -0.152, 192.0, 0.0, 0.0, 0.0, 0.0, 0.0, 0.0, 0.0, 0.0, 0.0, 1.741026578215701E9, 0.0, 2025-03-03 12:29:38.215
123.0, -9794.735586015653, 1911.3200201177622, -25647.464471753177, -10678.858837945323, -174655.05595863535, -17085.360537214343, -27926.537743394107, -34935.64247317821, 0.058, 0.966, -0.152, 192.0, 0.0, 0.0, 0.0, 0.0, 0.0, 0.0, 0.0, 0.0, 0.0, 1.741026578215742E9, 0.0, 2025-03-03 12:29:38.215
124.0, -9797.708368028208, 1848.6904321539919, -25625.55976218698, -10670.67809947468, -174743.27829400043, -17071.100124251858, -27910.86917053094, -34917.60461540277, 0.058, 0.966, -0.152, 192.0, 0.0, 0.0, 0.0, 0.0, 0.0, 0.0, 0.0, 0.0, 0.0, 1.741026578215776E9, 0.0, 2025-03-03 12:29:38.215
125.0, -9755.68708845223, 1879.4464325244944, -25637.27207628156, -10696.181439898186, -174770.3015530469, -17077.984461544092, -27926.604798627475, -34930.210999275565, 0.058, 0.966, -0.152, 192.0, 0.0, 0.0, 0.0, 0.0, 0.0, 0.0, 0.0, 0.0, 0.0, 1.741026578215807E9, 0.0, 2025-03-03 12:29:38.215
126.0, -9698.712491835653, 1971.1109365357086, -25634.58986694692, -10688.760660739024, -174729.2861019714, -17072.843560319372, -27928.884676561916, -34933.653167921686, 0.058, 0.966, -0.152, 192.0, 0.0, 0.0, 0.0, 0.0, 0.0, 0.0, 0.0, 0.0, 0.0, 1.741026578215832E9, 0.0, 2025-03-03 12:29:38.215
127.0, -9746.679335436742, 1932.6882878170359, -25633.002893090594, -10659.837503413857, -174756.6446371847, -17078.34208945538, -27929.443470173297, -34939.57638020234, 0.054, 0.966, -0.154, 192.0, 1.0, 176.0, 30.0, 48.0, 251.0, 48.0, 0.0, 0.0, 0.0, 1.741026578215859E9, 0.0, 2025-03-03 12:29:38.215
128.0, -9813.712217058208, 1854.5912926901929, -25644.31287578498, -10663.659651715714, -174822.5152280945, -17086.14284827028, -27933.779708597627, -34946.30425528339, 0.054, 0.966, -0.154, 192.0, 0.0, 0.0, 0.0, 0.0, 0.0, 0.0, 0.0, 0.0, 0.0, 1.741026578215891E9, 0.0, 2025-03-03 12:29:38.215
129.0, -9798.267161639591, 1870.0586998532654, -25635.46158498068, -10656.618852212294, -174855.72992035508, -17071.99419403007, -27928.86232481746, -34941.0962988253, 0.054, 0.966, -0.154, 192.0, 0.0, 0.0, 0.0, 0.0, 0.0, 0.0, 0.0, 0.0, 0.0, 1.741026578215918E9, 0.0, 2025-03-03 12:29:38.215
130.0, -9698.019587757539, 1968.2052097565188, -25614.897980081798, -10655.165988822699, -174836.73093756806, -17066.540368382975, -27921.843877058494, -34928.93694984161, 0.054, 0.966, -0.154, 192.0, 0.0, 0.0, 0.0, 0.0, 0.0, 0.0, 0.0, 0.0, 0.0, 1.741026578215945E9, 0.0, 2025-03-03 12:29:38.215
131.0, -9707.697893106686, 1972.4296894585718, -25628.21961977716, -10668.755849451525, -174830.9194840097, -17078.52090341102, -27928.258827717167, -34943.06325233737, 0.054, 0.966, -0.154, 192.0, 0.0, 0.0, 0.0, 0.0, 0.0, 0.0, 0.0, 0.0, 0.0, 1.741026578215978E9, 0.0, 2025-03-03 12:29:38.215
132.0, -9776.675376495765, 1888.2530198398854, -25629.87364886685, -10669.314643062908, -174891.67152543922, -17077.448019677166, -27921.441545658297, -34935.64247317821, 0.054, 0.966, -0.154, 192.0, 0.0, 0.0, 0.0, 0.0, 0.0, 0.0, 0.0, 0.0, 0.0, 1.741026578216009E9, 0.0, 2025-03-03 12:29:38.216
133.0, -9768.785210703041, 1879.4687842689498, -25626.878515109842, -10669.53816050746, -174938.76665100656, -17073.00002253056, -27930.225781229234, -34934.971920844546, 0.054, 0.966, -0.154, 192.0, 0.0, 0.0, 0.0, 0.0, 0.0, 0.0, 0.0, 0.0, 0.0, 1.74102657827583E9, 0.0, 2025-03-03 12:29:38.275
134.0, -9701.685273848208, 1960.6279683861696, -25628.26432326607, -10679.909369934723, -174905.2837378125, -17079.906711567248, -27941.848688345992, -34950.282865796435, 0.054, 0.966, -0.154, 192.0, 0.0, 0.0, 0.0, 0.0, 0.0, 0.0, 0.0, 0.0, 0.0, 1.741026578275868E9, 0.0, 2025-03-03 12:29:38.275
135.0, -9717.175032755737, 1973.614331914703, -25629.02428257755, -10676.10957337732, -174899.20406332065, -17074.18466498669, -27937.15482201038, -34945.186668060625, 0.054, 0.966, -0.154, 192.0, 0.0, 0.0, 0.0, 0.0, 0.0, 0.0, 0.0, 0.0, 0.0, 1.741026578275896E9, 0.0, 2025-03-03 12:29:38.275
136.0, -9768.226417091659, 1890.4211390520502, -25626.096204053905, -10672.265073331007, -174962.4595001292, -17069.222577717614, -27939.345292967, -34943.62204594875, 0.054, 0.966, -0.154, 192.0, 0.0, 0.0, 0.0, 0.0, 0.0, 0.0, 0.0, 0.0, 0.0, 1.741026578275923E9, 0.0, 2025-03-03 12:29:38.275
137.0, -9778.262350352092, 1863.487286983405, -25631.50532621209, -10666.140695350254, -175028.88888465034, -17077.51507491053, -27946.877830848436, -34949.27703729594, 0.062, 0.966, -0.152, 192.0, 1.0, 240.0, 30.0, 48.0, 251.0, 64.0, 0.0, 0.0, 0.0, 1.741026578275949E9, 0.0, 2025-03-03 12:29:38.275
138.0, -9729.960230584173, 1929.5366918488376, -25634.679273924743, -10667.414744784206, -175045.92091392528, -17077.00098478806, -27953.024560573645, -34959.000046134, 0.062, 0.966, -0.152, 192.0, 0.0, 0.0, 0.0, 0.0, 0.0, 0.0, 0.0, 0.0, 0.0, 1.741026578276002E9, 0.0, 2025-03-03 12:29:38.276
139.0, -9706.893230306296, 2000.3023147943397, -25648.827928164952, -10672.645052986749, -175003.11732329338, -17081.404278445756, -27960.870022877458, -34969.52771777245, 0.062, 0.966, -0.152, 192.0, 0.0, 0.0, 0.0, 0.0, 0.0, 0.0, 0.0, 0.0, 0.0, 1.741026578276037E9, 0.0, 2025-03-03 12:29:38.276
140.0, -9787.135992900849, 1913.9575259634885, -25646.36923627487, -10671.01337564151, -175046.94909417024, -17084.801743602962, -27947.593086671008, -34960.005874634495, 0.062, 0.966, -0.152, 192.0, 0.0, 0.0, 0.0, 0.0, 0.0, 0.0, 0.0, 0.0, 0.0, 1.741026578276074E9, 0.0, 2025-03-03 12:29:38.276
141.0, -9811.387635634856, 1859.2851590258074, -25638.434366993235, -10677.920064678201, -175101.95673727474, -17076.419839432223, -27934.85259233148, -34946.01368260547, 0.062, 0.966, -0.152, 192.0, 0.0, 0.0, 0.0, 0.0, 0.0, 0.0, 0.0, 0.0, 0.0, 1.741026578276099E9, 0.0, 2025-03-03 12:29:38.276
142.0, -9757.586986730932, 1914.292802130318, -25631.281808767537, -10680.512867035017, -175097.55344361704, -17070.027240518004, -27931.81275508556, -34942.325644770346, 0.062, 0.966, -0.152, 192.0, 0.0, 0.0, 0.0, 0.0, 0.0, 0.0, 0.0, 0.0, 0.0, 1.741026578276126E9, 0.0, 2025-03-03 12:29:38.276
143.0, -9700.165355225248, 1995.0273031028871, -25628.130212799337, -10666.9677098951, -175053.74402448465, -17069.691964351176, -27934.2937987201, -34945.96897911656, 0.062, 0.966, -0.152, 192.0, 0.0, 0.0, 0.0, 0.0, 0.0, 0.0, 0.0, 0.0, 0.0, 1.741026578276156E9, 0.0, 2025-03-03 12:29:38.276
144.0, -9759.352774542902, 1919.4784068439494, -25639.820175149463, -10674.835523943368, -175092.6360598369, -17077.448019677166, -27937.15482201038, -34955.2002495766, 0.062, 0.966, -0.152, 192.0, 0.0, 0.0, 0.0, 0.0, 0.0, 0.0, 0.0, 0.0, 0.0, 1.741026578276189E9, 0.0, 2025-03-03 12:29:38.276
145.0, -9804.726815787175, 1858.614606692148, -25631.862954123375, -10664.039631371455, -175176.03041839963, -17063.656993348242, -27927.81179282806, -34947.265380294964, 0.062, 0.966, -0.152, 192.0, 0.0, 0.0, 0.0, 0.0, 0.0, 0.0, 0.0, 0.0, 0.0, 1.741026578276215E9, 0.0, 2025-03-03 12:29:38.276
146.0, -9766.550036257511, 1900.7923484793125, -25631.50532621209, -10668.532332006971, -175197.24222388773, -17068.172045728214, -27933.220914986243, -34953.836793164824, 0.062, 0.966, -0.152, 192.0, 0.0, 0.0, 0.0, 0.0, 0.0, 0.0, 0.0, 0.0, 0.0, 1.741026578276245E9, 0.0, 2025-03-03 12:29:38.276
147.0, -9702.601695370877, 1989.3052565223286, -25642.45768099519, -10680.73638447957, -175156.36088327898, -17073.46940916412, -27943.27919999113, -34970.131214872745, 0.062, 0.97, -0.154, 192.0, 1.0, 240.0, 30.0, 80.0, 251.0, 48.0, 0.0, 0.0, 0.0, 1.741026578276275E9, 0.0, 2025-03-03 12:29:38.276
148.0, -9761.520893755067, 1931.7048110610024, -25655.868727668374, -10673.650881487238, -175178.71262773426, -17077.738592355086, -27943.68153139133, -34968.879517183246, 0.062, 0.97, -0.154, 192.0, 0.0, 0.0, 0.0, 0.0, 0.0, 0.0, 0.0, 0.0, 0.0, 1.741026578336221E9, 0.0, 2025-03-03 12:29:38.336
149.0, -9803.855097753418, 1865.0295573508213, -25648.4032450203, -10670.700451219136, -175241.7221953538, -17074.60934813134, -27935.411385942865, -34957.99421763352, 0.062, 0.97, -0.154, 192.0, 0.0, 0.0, 0.0, 0.0, 0.0, 0.0, 0.0, 0.0, 0.0, 1.74102657833626E9, 0.0, 2025-03-03 12:29:38.336
150.0, -9773.79200146103, 1887.3142465727624, -25640.669541438765, -10674.388489054261, -175266.44322472136, -17072.843560319372, -27932.14803125239, -34955.08849085432, 0.062, 0.97, -0.154, 192.0, 0.0, 0.0, 0.0, 0.0, 0.0, 0.0, 0.0, 0.0, 0.0, 1.741026578336287E9, 0.0, 2025-03-03 12:29:38.336
151.0, -9705.395663427791, 1978.5317156948706, -25637.2497245371, -10673.337957064863, -175235.19548597283, -17073.201188230658, -27934.450260931288, -34959.6035432343, 0.062, 0.97, -0.154, 192.0, 0.0, 0.0, 0.0, 0.0, 0.0, 0.0, 0.0, 0.0, 0.0, 1.741026578336317E9, 0.0, 2025-03-03 12:29:38.336
152.0, -9755.575329729954, 1942.5007036329155, -25647.73269268664, -10670.29811981894, -175267.65021892195, -17079.884359822794, -27936.797194099094, -34972.29933408491, 0.062, 0.97, -0.154, 192.0, 0.0, 0.0, 0.0, 0.0, 0.0, 0.0, 0.0, 0.0, 0.0, 1.741026578336343E9, 0.0, 2025-03-03 12:29:38.336
153.0, -9813.399292635833, 1861.7662026603464, -25646.3021810415, -10664.956052894122, -175352.139812963, -17075.86104582084, -27935.05375803158, -34979.563651032884, 0.062, 0.97, -0.154, 192.0, 0.0, 0.0, 0.0, 0.0, 0.0, 0.0, 0.0, 0.0, 0.0, 1.741026578336393E9, 0.0, 2025-03-03 12:29:38.336
154.0, -9785.07963241096, 1879.7370052024135, -25643.26234379558, -10675.64018674376, -175379.52069992074, -17087.886284337794, -27944.977932569735, -34979.697761499614, 0.062, 0.97, -0.154, 192.0, 0.0, 0.0, 0.0, 0.0, 0.0, 0.0, 0.0, 0.0, 0.0, 1.74102657833643E9, 0.0, 2025-03-03 12:29:38.336
155.0, -9689.72709056462, 1978.2187912724962, -25627.996102332607, -10679.082355389877, -175351.02222574022, -17082.745383113073, -27942.586295913017, -34971.69583698462, 0.062, 0.97, -0.154, 192.0, 0.0, 0.0, 0.0, 0.0, 0.0, 0.0, 0.0, 0.0, 0.0, 1.741026578336463E9, 0.0, 2025-03-03 12:29:38.336
156.0, -9699.740672080598, 1985.3713494981946, -25629.89600061131, -10682.63628275827, -175350.95517050687, -17083.505342424553, -27937.75831911067, -34976.72497948706, 0.062, 0.97, -0.154, 192.0, 0.0, 0.0, 0.0, 0.0, 0.0, 0.0, 0.0, 0.0, 0.0, 1.741026578336489E9, 0.0, 2025-03-03 12:29:38.336
157.0, -9761.185617588237, 1908.5260520608488, -25627.88434361033, -10664.531369749471, -175420.22322657387, -17075.95045279866, -27931.477478918732, -34966.73374971554, 0.062, 0.974, -0.154, 192.0, 1.0, 240.0, 30.0, 112.0, 251.0, 48.0, 0.0, 0.0, 0.0, 1.741026578336516E9, 0.0, 2025-03-03 12:29:38.336
158.0, -9784.342024843934, 1895.2491158543965, -25632.466451223667, -10677.517733278006, -175491.05590475272, -17078.789124344483, -27940.90991507887, -34975.11565388628, 0.062, 0.974, -0.154, 192.0, 0.0, 0.0, 0.0, 0.0, 0.0, 0.0, 0.0, 0.0, 0.0, 1.741026578336549E9, 0.0, 2025-03-03 12:29:38.336
159.0, -9712.928201309229, 1985.6395704316583, -25637.69675942621, -10685.49730604855, -175458.35530261463, -17084.645281391775, -27951.616400672963, -34981.41884582268, 0.062, 0.974, -0.154, 192.0, 0.0, 0.0, 0.0, 0.0, 0.0, 0.0, 0.0, 0.0, 0.0, 1.741026578336577E9, 0.0, 2025-03-03 12:29:38.336
160.0, -9699.271285447036, 2011.0088003884318, -25637.585000703933, -10683.284483347474, -175440.74212798383, -17082.834790090896, -27943.659179646875, -34977.484938798545, 0.062, 0.974, -0.154, 192.0, 0.0, 0.0, 0.0, 0.0, 0.0, 0.0, 0.0, 0.0, 0.0, 1.741026578336603E9, 0.0, 2025-03-03 12:29:38.336
161.0, -9768.74050721413, 1922.5405958343263, -25637.674407681752, -10687.531314793983, -175501.31535545771, -17082.09718252387, -27941.91574357936, -34977.7084562431, 0.062, 0.974, -0.154, 192.0, 0.0, 0.0, 0.0, 0.0, 0.0, 0.0, 0.0, 0.0, 0.0, 1.741026578336629E9, 0.0, 2025-03-03 12:29:38.336
162.0, -9795.227324393669, 1894.846784454201, -25647.062140352984, -10689.028881672488, -175551.1820973375, -17087.215732004133, -27946.542554681608, -34981.01651442248, 0.062, 0.974, -0.154, 192.0, 0.0, 0.0, 0.0, 0.0, 0.0, 0.0, 0.0, 0.0, 0.0, 1.741026578336666E9, 0.0, 2025-03-03 12:29:38.336
163.0, -9743.863015635374, 1960.3150439637952, -25642.5023844841, -10689.364157839318, -175542.44256525548, -17084.57822615841, -27949.00124657169, -34984.72690400206, 0.062, 0.974, -0.154, 192.0, 0.0, 0.0, 0.0, 0.0, 0.0, 0.0, 0.0, 0.0, 0.0, 1.741026578396457E9, 0.0, 2025-03-03 12:29:38.396
164.0, -9708.793128584997, 2017.7813789583897, -25650.5043089991, -10696.002625942545, -175509.29492822825, -17092.915426840238, -27955.1479762969, -34993.68995352864, 0.062, 0.974, -0.154, 192.0, 0.0, 0.0, 0.0, 0.0, 0.0, 0.0, 0.0, 0.0, 0.0, 1.741026578396485E9, 0.0, 2025-03-03 12:29:38.396
165.0, -9760.202140832203, 1945.0264507563652, -25646.592753719422, -10694.058024174932, -175551.5844287377, -17087.215732004133, -27945.112043036468, -34990.06897092688, 0.062, 0.974, -0.154, 192.0, 0.0, 0.0, 0.0, 0.0, 0.0, 0.0, 0.0, 0.0, 0.0, 1.741026578396511E9, 0.0, 2025-03-03 12:29:38.396
166.0, -9788.812373734996, 1902.3346188467287, -25649.900811898806, -10692.44869857415, -175628.11680175268, -17087.215732004133, -27945.179098269833, -34992.01357269449, 0.062, 0.974, -0.154, 192.0, 0.0, 0.0, 0.0, 0.0, 0.0, 0.0, 0.0, 0.0, 0.0, 1.741026578396537E9, 0.0, 2025-03-03 12:29:38.396
167.0, -9739.929108611239, 1966.7523463669238, -25649.878460154352, -10692.560457296428, -175618.93023478155, -17094.39064197429, -27948.53185993813, -34994.181691906655, 0.06, 0.974, -0.152, 192.0, 1.0, 224.0, 30.0, 112.0, 251.0, 64.0, 0.0, 0.0, 0.0, 1.741026578396564E9, 0.0, 2025-03-03 12:29:38.396
168.0, -9703.987503527105, 2031.4382948205823, -25648.716169442676, -10691.465221818116, -175600.15476943908, -17090.792011116984, -27947.526031437643, -34995.45574134061, 0.06, 0.974, -0.152, 192.0, 0.0, 0.0, 0.0, 0.0, 0.0, 0.0, 0.0, 0.0, 0.0, 1.741026578396592E9, 0.0, 2025-03-03 12:29:38.396
169.0, -9763.800771689508, 1958.7280701074685, -25654.88525091234, -10691.152297395742, -175650.6697119081, -17086.701641881664, -27943.81564185806, -34985.62097378027, 0.06, 0.974, -0.152, 192.0, 0.0, 0.0, 0.0, 0.0, 0.0, 0.0, 0.0, 0.0, 0.0, 1.741026578396631E9, 0.0, 2025-03-03 12:29:38.396
170.0, -9799.675321540275, 1906.7379125044242, -25653.4547392672, -10681.697509491147, -175711.9358434601, -17078.699717366664, -27944.35208372499, -34988.817273237386, 0.06, 0.974, -0.152, 192.0, 0.0, 0.0, 0.0, 0.0, 0.0, 0.0, 0.0, 0.0, 0.0, 1.741026578396662E9, 0.0, 2025-03-03 12:29:38.396
171.0, -9773.769649716574, 1937.3150989192843, -25650.057274109993, -10695.510887564527, -175733.79584953736, -17087.43924944869, -27947.81660411556, -35003.2117966666, 0.06, 0.974, -0.152, 192.0, 0.0, 0.0, 0.0, 0.0, 0.0, 0.0, 0.0, 0.0, 0.0, 1.741026578396691E9, 0.0, 2025-03-03 12:29:38.396
172.0, -9702.534640137512, 2030.320707597817, -25640.98246586114, -10693.231009630086, -175684.35379080224, -17078.677365622207, -27947.034293059623, -34989.62193603777, 0.06, 0.974, -0.152, 192.0, 0.0, 0.0, 0.0, 0.0, 0.0, 0.0, 0.0, 0.0, 0.0, 1.741026578396717E9, 0.0, 2025-03-03 12:29:38.396
173.0, -9759.68805070973, 1978.0846808057645, -25645.31870428547, -10673.226198342587, -175717.3896691072, -17085.919330825727, -27944.53089768063, -34983.85518596831, 0.06, 0.974, -0.152, 192.0, 0.0, 0.0, 0.0, 0.0, 0.0, 0.0, 0.0, 0.0, 0.0, 1.741026578396747E9, 0.0, 2025-03-03 12:29:38.396
174.0, -9817.333199659968, 1903.7874822363237, -25653.03005612255, -10684.044442658955, -175801.49928349248, -17090.76965937253, -27945.603781414484, -34993.57819480636, 0.06, 0.974, -0.152, 192.0, 0.0, 0.0, 0.0, 0.0, 0.0, 0.0, 0.0, 0.0, 0.0, 1.741026578396773E9, 0.0, 2025-03-03 12:29:38.396
175.0, -9774.462553794689, 1926.7427237919242, -25644.201117062705, -10675.327262321385, -175837.97733044357, -17078.230330733102, -27940.328769723033, -34982.581136534354, 0.06, 0.974, -0.152, 192.0, 0.0, 0.0, 0.0, 0.0, 0.0, 0.0, 0.0, 0.0, 0.0, 1.741026578396805E9, 0.0, 2025-03-03 12:29:38.396
176.0, -9696.29850343448, 2019.457759792538, -25636.422709992257, -10675.01433789901, -175807.89188240672, -17078.722069111118, -27945.29085699211, -34979.74246498853, 0.06, 0.974, -0.152, 192.0, 0.0, 0.0, 0.0, 0.0, 0.0, 0.0, 0.0, 0.0, 0.0, 1.74102657839683E9, 0.0, 2025-03-03 12:29:38.396
177.0, -9739.012687088572, 1986.8465646322447, -25646.54805023051, -10678.68002398968, -175828.3437285833, -17086.4334209482, -27943.52506918014, -34964.65503748119, 0.06, 0.978, -0.146, 192.0, 1.0, 224.0, 30.0, 144.0, 251.0, 112.0, 0.0, 0.0, 0.0, 1.741026578396862E9, 0.0, 2025-03-03 12:29:38.396
178.0, -9786.979530689661, 1911.9458689625108, -25640.378968760848, -10668.152352351231, -175884.08897925486, -17080.24198773408, -27931.410423685364, -34943.55499071538, 0.06, 0.978, -0.146, 192.0, 0.0, 0.0, 0.0, 0.0, 0.0, 0.0, 0.0, 0.0, 0.0, 1.74102657845666E9, 0.0, 2025-03-03 12:29:38.456
179.0, -9775.915417184284, 1908.9954386944103, -25643.307047284492, -10678.121230378298, -175927.04903209794, -17085.740516870086, -27930.873981818437, -34937.47531622354, 0.06, 0.978, -0.146, 192.0, 0.0, 0.0, 0.0, 0.0, 0.0, 0.0, 0.0, 0.0, 0.0, 1.741026578456689E9, 0.0, 2025-03-03 12:29:38.456
180.0, -9727.099207293893, 1992.5239077238928, -25638.903753626797, -10678.344747822852, -175917.59424419334, -17077.13509525479, -27922.648539858885, -34930.03218531993, 0.06, 0.978, -0.146, 192.0, 0.0, 0.0, 0.0, 0.0, 0.0, 0.0, 0.0, 0.0, 0.0, 1.741026578456715E9, 0.0, 2025-03-03 12:29:38.456
181.0, -9738.185672543726, 2005.2420503189626, -25652.583021233444, -10690.817021228913, -175916.5213604595, -17086.61223490384, -27926.984778283215, -34920.95737707107, 0.06, 0.978, -0.146, 192.0, 0.0, 0.0, 0.0, 0.0, 0.0, 0.0, 0.0, 0.0, 0.0, 1.741026578456742E9, 0.0, 2025-03-03 12:29:38.456
182.0, -9805.41971986529, 1914.941002719522, -25662.79776844952, -10689.40886132823, -176001.41328590075, -17091.373156472822, -27919.787516568605, -34903.657126862665, 0.06, 0.978, -0.146, 192.0, 0.0, 0.0, 0.0, 0.0, 0.0, 0.0, 0.0, 0.0, 0.0, 1.741026578456768E9, 0.0, 2025-03-03 12:29:38.456
183.0, -9782.531533543055, 1922.9876307234326, -25649.16320433178, -10688.134811894275, -176040.03710031952, -17088.66859539373, -27907.76227805165, -34887.027428987916, 0.06, 0.978, -0.146, 192.0, 0.0, 0.0, 0.0, 0.0, 0.0, 0.0, 0.0, 0.0, 0.0, 1.741026578456794E9, 0.0, 2025-03-03 12:29:38.456
184.0, -9696.276151690025, 2014.3168585678172, -25645.184593818736, -10691.219352629108, -176009.16934122675, -17085.025261047515, -27903.962481494247, -34877.6843998056, 0.06, 0.978, -0.146, 192.0, 0.0, 0.0, 0.0, 0.0, 0.0, 0.0, 0.0, 0.0, 0.0, 1.741026578456832E9, 0.0, 2025-03-03 12:29:38.456
185.0, -9674.639663057287, 2043.9552717155543, -25649.61023922089, -10693.946265452656, -175980.55910832397, -17086.634586648295, -27900.654423314863, -34866.95556246705, 0.06, 0.978, -0.146, 192.0, 0.0, 0.0, 0.0, 0.0, 0.0, 0.0, 0.0, 0.0, 0.0, 1.741026578456867E9, 0.0, 2025-03-03 12:29:38.456
186.0, -9737.358657998879, 1944.9146920340888, -25653.03005612255, -10686.436079315672, -176040.1488590418, -17086.299310481467, -27898.66511805834, -34854.170364638616, 0.06, 0.978, -0.146, 192.0, 0.0, 0.0, 0.0, 0.0, 0.0, 0.0, 0.0, 0.0, 0.0, 1.741026578456897E9, 0.0, 2025-03-03 12:29:38.456
187.0, -9761.409135032789, 1901.8875839576226, -25643.46350949568, -10682.479820547083, -176101.52674931608, -17081.3819267013, -27890.931414476803, -34842.14512612166, 0.056, 0.974, -0.146, 192.0, 1.0, 192.0, 30.0, 112.0, 251.0, 112.0, 0.0, 0.0, 0.0, 1.741026578456923E9, 0.0, 2025-03-03 12:29:38.456
188.0, -9714.001085043083, 1954.4141834275943, -25637.383835003835, -10687.35250083834, -176110.1098191869, -17080.66667087873, -27886.438713841286, -34833.539704506366, 0.056, 0.974, -0.146, 192.0, 0.0, 0.0, 0.0, 0.0, 0.0, 0.0, 0.0, 0.0, 0.0, 1.741026578456953E9, 0.0, 2025-03-03 12:29:38.456
189.0, -9684.139154450793, 2013.2439748339625, -25632.868782623864, -10674.276730331985, -176096.45290332474, -17076.129266754302, -27879.57672829351, -34825.38131778018, 0.056, 0.974, -0.146, 192.0, 0.0, 0.0, 0.0, 0.0, 0.0, 0.0, 0.0, 0.0, 0.0, 1.741026578456982E9, 0.0, 2025-03-03 12:29:38.456
190.0, -9747.729867426142, 1935.3034419183068, -25638.277904782048, -10674.276730331985, -176157.60727615445, -17067.61325211683, -27874.212309624232, -34818.631090954674, 0.056, 0.974, -0.146, 192.0, 0.0, 0.0, 0.0, 0.0, 0.0, 0.0, 0.0, 0.0, 0.0, 1.741026578457008E9, 0.0, 2025-03-03 12:29:38.457
191.0, -9773.546132272022, 1882.0839383702205, -25630.566552944965, -10673.44971578714, -176241.51572483967, -17060.95243226915, -27865.293963586566, -34813.64665194114, 0.056, 0.974, -0.146, 192.0, 0.0, 0.0, 0.0, 0.0, 0.0, 0.0, 0.0, 0.0, 0.0, 1.741026578457035E9, 0.0, 2025-03-03 12:29:38.457
192.0, -9722.874727591841, 1930.0060784823988, -25636.534468714533, -10690.168820639708, -176255.28439942413, -17073.46940916412, -27874.301716602055, -34818.921663632595, 0.056, 0.974, -0.146, 192.0, 0.0, 0.0, 0.0, 0.0, 0.0, 0.0, 0.0, 0.0, 0.0, 1.741026578457067E9, 0.0, 2025-03-03 12:29:38.457
193.0, -9678.059479958949, 2004.9291258965882, -25639.663712938276, -10682.546875780448, -176221.51091355216, -17078.09622026637, -27877.922699203817, -34823.99550962395, 0.056, 0.974, -0.146, 192.0, 0.0, 0.0, 0.0, 0.0, 0.0, 0.0, 0.0, 0.0, 0.0, 1.741026578515611E9, 0.0, 2025-03-03 12:29:38.515
194.0, -9757.11760009737, 1924.1052179461979, -25643.754082173597, -10687.799535727447, -176281.48064392575, -17078.34208945538, -27872.334763089988, -34827.12475384769, 0.056, 0.974, -0.146, 192.0, 0.0, 0.0, 0.0, 0.0, 0.0, 0.0, 0.0, 0.0, 0.0, 1.741026578515648E9, 0.0, 2025-03-03 12:29:38.515
195.0, -9782.5091817986, 1872.6962056989917, -25644.491689740622, -10691.867553218312, -176343.86436270052, -17071.703621352153, -27872.647687512363, -34815.703012431026, 0.056, 0.974, -0.146, 192.0, 0.0, 0.0, 0.0, 0.0, 0.0, 0.0, 0.0, 0.0, 0.0, 1.741026578515675E9, 0.0, 2025-03-03 12:29:38.515
196.0, -9718.046750789494, 1912.102331173698, -25630.946532600705, -10687.888942705267, -176355.68843551737, -17074.408182431245, -27870.18899562228, -34819.055774099324, 0.056, 0.974, -0.146, 192.0, 0.0, 0.0, 0.0, 0.0, 0.0, 0.0, 0.0, 0.0, 0.0, 1.741026578515701E9, 0.0, 2025-03-03 12:29:38.515
197.0, -9671.242197900081, 1989.4170152446052, -25621.69291039621, -10689.319454350407, -176342.09857488854, -17072.41887717472, -27862.99173390767, -34816.28415778687, 0.056, 0.968, -0.15, 192.0, 1.0, 192.0, 30.0, 64.0, 251.0, 80.0, 0.0, 0.0, 0.0, 1.741026578515728E9, 0.0, 2025-03-03 12:29:38.515
198.0, -9711.475337919634, 1937.6280233416587, -25623.525753441543, -10680.892846690756, -176376.14028169398, -17073.782333586496, -27857.917887916316, -34814.65248044163, 0.056, 0.968, -0.15, 192.0, 0.0, 0.0, 0.0, 0.0, 0.0, 0.0, 0.0, 0.0, 0.0, 1.741026578515757E9, 0.0, 2025-03-03 12:29:38.515
199.0, -9760.671527465765, 1857.5640747027487, -25632.198230290203, -10675.170800110198, -176448.91756164047, -17072.28476670799, -27865.47277754221, -34824.48724800196, 0.056, 0.968, -0.15, 192.0, 0.0, 0.0, 0.0, 0.0, 0.0, 0.0, 0.0, 0.0, 0.0, 1.7410265785158E9, 0.0, 2025-03-03 12:29:38.515
200.0, -9747.59575695941, 1869.9245893865336, -25636.534468714533, -10682.479820547083, -176484.0545039242, -17077.15744699925, -27871.55245203405, -34837.36185280822, 0.056, 0.968, -0.15, 192.0, 0.0, 0.0, 0.0, 0.0, 0.0, 0.0, 0.0, 0.0, 0.0, 1.741026578515839E9, 0.0, 2025-03-03 12:29:38.515
201.0, -9663.709660018643, 1964.1148405211975, -25623.63751216382, -10674.388489054261, -176461.23337283533, -17071.904787052248, -27866.009219409138, -34826.3200910473, 0.056, 0.968, -0.15, 192.0, 0.0, 0.0, 0.0, 0.0, 0.0, 0.0, 0.0, 0.0, 0.0, 1.741026578515872E9, 0.0, 2025-03-03 12:29:38.515
202.0, -9688.855372530863, 1945.5405408788374, -25628.84546862191, -10683.932683936679, -176473.97386717485, -17085.96403431464, -27865.539832775576, -34823.50377124593, 0.056, 0.968, -0.15, 192.0, 0.0, 0.0, 0.0, 0.0, 0.0, 0.0, 0.0, 0.0, 0.0, 1.741026578515899E9, 0.0, 2025-03-03 12:29:38.515
203.0, -9750.233262805135, 1865.1413160730979, -25629.6501314223, -10693.20865788563, -176537.89985631703, -17074.877569064807, -27865.495129286664, -34829.11405910421, 0.056, 0.968, -0.15, 192.0, 0.0, 0.0, 0.0, 0.0, 0.0, 0.0, 0.0, 0.0, 0.0, 1.741026578515924E9, 0.0, 2025-03-03 12:29:38.515
204.0, -9734.765855642063, 1872.4726882544385, -25621.849372607398, -10680.021128657, -176572.38859801157, -17069.602557373353, -27865.450425797753, -34832.80209693934, 0.056, 0.968, -0.15, 192.0, 0.0, 0.0, 0.0, 0.0, 0.0, 0.0, 0.0, 0.0, 0.0, 1.741026578515953E9, 0.0, 2025-03-03 12:29:38.515
205.0, -9682.239256172092, 1950.614386870192, -25620.374157473347, -10677.897712933745, -176569.23700204337, -17071.43540041869, -27863.863451941426, -34835.23843708497, 0.056, 0.968, -0.15, 192.0, 0.0, 0.0, 0.0, 0.0, 0.0, 0.0, 0.0, 0.0, 0.0, 1.74102657851598E9, 0.0, 2025-03-03 12:29:38.515
206.0, -9683.759174795054, 1963.4442881875384, -25624.866858108864, -10687.419556071705, -176561.14567055056, -17072.061249263435, -27867.79735896556, -34832.489172516965, 0.056, 0.968, -0.15, 192.0, 0.0, 0.0, 0.0, 0.0, 0.0, 0.0, 0.0, 0.0, 0.0, 1.741026578516007E9, 0.0, 2025-03-03 12:29:38.516
207.0, -9764.381917045346, 1868.9187608860448, -25629.89600061131, -10691.308759606929, -176633.65472956357, -17079.772601100518, -27865.830405453493, -34829.762259693416, 0.06, 0.966, -0.146, 192.0, 1.0, 224.0, 30.0, 48.0, 251.0, 112.0, 0.0, 0.0, 0.0, 1.741026578516036E9, 0.0, 2025-03-03 12:29:38.516
208.0, -9766.639443235332, 1853.4513537229723, -25622.92225634125, -10693.678044519193, -176699.41356175108, -17071.055420762947, -27863.885803685884, -34827.03534686987, 0.06, 0.966, -0.146, 192.0, 0.0, 0.0, 0.0, 0.0, 0.0, 0.0, 0.0, 0.0, 0.0, 1.741026578575872E9, 0.0, 2025-03-03 12:29:38.575
209.0, -9703.048730259983, 1924.0605144572874, -25616.417898704756, -10690.727614251091, -176713.8080851803, -17070.496627151566, -27865.2269083532, -34833.29383531736, 0.06, 0.966, -0.146, 192.0, 0.0, 0.0, 0.0, 0.0, 0.0, 0.0, 0.0, 0.0, 0.0, 1.741026578575904E9, 0.0, 2025-03-03 12:29:38.575
210.0, -9677.880666003308, 1965.4112416996054, -25631.572381445454, -10709.368969126817, -176699.07828558426, -17078.31973771092, -27870.881899700395, -34843.396823811156, 0.06, 0.966, -0.146, 192.0, 0.0, 0.0, 0.0, 0.0, 0.0, 0.0, 0.0, 0.0, 0.0, 1.741026578575931E9, 0.0, 2025-03-03 12:29:38.575
211.0, -9742.656021434786, 1889.2141448514635, -25641.094224583416, -10702.104652178843, -176744.49703031743, -17081.80660984595, -27870.211347366734, -34840.580504009784, 0.06, 0.966, -0.146, 192.0, 0.0, 0.0, 0.0, 0.0, 0.0, 0.0, 0.0, 0.0, 0.0, 1.741026578575957E9, 0.0, 2025-03-03 12:29:38.575
212.0, -9768.204065347203, 1862.4144032495503, -25630.097166311403, -10688.291274105462, -176808.46772294852, -17074.2293684756, -27861.918850173814, -34832.779745194886, 0.06, 0.966, -0.146, 192.0, 0.0, 0.0, 0.0, 0.0, 0.0, 0.0, 0.0, 0.0, 0.0, 1.741026578575987E9, 0.0, 2025-03-03 12:29:38.575
213.0, -9740.35379175589, 1927.748552292413, -25636.579172203445, -10687.866590960812, -176817.9895660865, -17075.61517663183, -27869.965478177724, -34836.89246617466, 0.06, 0.966, -0.146, 192.0, 0.0, 0.0, 0.0, 0.0, 0.0, 0.0, 0.0, 0.0, 0.0, 1.741026578576014E9, 0.0, 2025-03-03 12:29:38.576
214.0, -9687.87189577483, 1986.1536605541303, -25629.180744788737, -10687.039576415966, -176789.4240366726, -17071.904787052248, -27865.740998475674, -34837.65242548614, 0.06, 0.966, -0.146, 192.0, 0.0, 0.0, 0.0, 0.0, 0.0, 0.0, 0.0, 0.0, 0.0, 1.741026578576053E9, 0.0, 2025-03-03 12:29:38.576
215.0, -9751.641422705821, 1887.940095417511, -25640.31191352748, -10694.907390464234, -176864.52589804246, -17082.14188601278, -27864.645762997363, -34846.257847101435, 0.06, 0.966, -0.146, 192.0, 0.0, 0.0, 0.0, 0.0, 0.0, 0.0, 0.0, 0.0, 0.0, 1.741026578576088E9, 0.0, 2025-03-03 12:29:38.576
216.0, -9763.957233900695, 1843.9518623294668, -25636.132137314336, -10697.477841076594, -176938.9572070786, -17085.248778492067, -27864.109321130436, -34855.28795186138, 0.06, 0.966, -0.146, 192.0, 0.0, 0.0, 0.0, 0.0, 0.0, 0.0, 0.0, 0.0, 0.0, 1.741026578576123E9, 0.0, 2025-03-03 12:29:38.576
217.0, -9687.15663995226, 1907.1625956490752, -25615.523828926544, -10690.705262506635, -176944.47808795908, -17070.250757962556, -27857.694370471763, -34835.79723069635, 0.064, 0.972, -0.148, 192.0, 2.0, 0.0, 30.0, 96.0, 251.0, 96.0, 0.0, 0.0, 0.0, 1.74102657857615E9, 0.0, 2025-03-03 12:29:38.576
218.0, -9646.029430154495, 1982.8456023747449, -25620.01652956206, -10703.155184168243, -176915.48787540055, -17071.18953122968, -27861.51651877362, -34833.83027718429, 0.064, 0.972, -0.148, 192.0, 0.0, 0.0, 0.0, 0.0, 0.0, 0.0, 0.0, 0.0, 0.0, 1.741026578576179E9, 0.0, 2025-03-03 12:29:38.576
219.0, -9710.44715767469, 1916.036238197832, -25617.848410349896, -10674.947282665646, -176959.1184805773, -17070.586034129385, -27855.839175681973, -34825.09074510226, 0.064, 0.972, -0.148, 192.0, 0.0, 0.0, 0.0, 0.0, 0.0, 0.0, 0.0, 0.0, 0.0, 1.74102657857621E9, 0.0, 2025-03-03 12:29:38.576
220.0, -9756.067068107972, 1854.2783682678187, -25619.994177817607, -10672.332128564374, -177040.67999609472, -17072.86591206383, -27855.99563789316, -34831.66215797212, 0.064, 0.972, -0.148, 192.0, 0.0, 0.0, 0.0, 0.0, 0.0, 0.0, 0.0, 0.0, 0.0, 1.741026578576237E9, 0.0, 2025-03-03 12:29:38.576
221.0, -9729.513195695066, 1890.4211390520502, -25620.731785384633, -10683.485649047572, -177072.77710113252, -17082.67832787971, -27861.985905407182, -34833.31618706181, 0.064, 0.972, -0.148, 192.0, 0.0, 0.0, 0.0, 0.0, 0.0, 0.0, 0.0, 0.0, 0.0, 1.741026578576262E9, 0.0, 2025-03-03 12:29:38.576
222.0, -9659.775752994508, 1985.483108220471, -25609.31004396797, -10682.010433913521, -177042.0881559954, -17066.830941060896, -27855.772120448604, -34820.0168991109, 0.064, 0.972, -0.148, 192.0, 0.0, 0.0, 0.0, 0.0, 0.0, 0.0, 0.0, 0.0, 0.0, 1.741026578576292E9, 0.0, 2025-03-03 12:29:38.576
223.0, -9703.384006426813, 1942.6795175885582, -25613.623930647842, -10682.278654846985, -177070.6983888982, -17062.51705438102, -27849.200707578744, -34814.76423916391, 0.064, 0.972, -0.148, 192.0, 0.0, 0.0, 0.0, 0.0, 0.0, 0.0, 0.0, 0.0, 0.0, 1.741026578636318E9, 0.0, 2025-03-03 12:29:38.636
224.0, -9751.93199538374, 1865.1860195620084, -25618.40720396128, -10676.198980355142, -177147.27546540208, -17068.641432361776, -27846.94318138876, -34814.875997886185, 0.064, 0.972, -0.148, 192.0, 0.0, 0.0, 0.0, 0.0, 0.0, 0.0, 0.0, 0.0, 0.0, 1.741026578636361E9, 0.0, 2025-03-03 12:29:38.636
225.0, -9722.762968869563, 1880.1840400915196, -25620.798840617997, -10674.544951265449, -177179.73019835117, -17069.71431609563, -27851.59234423546, -34820.218064811, 0.064, 0.972, -0.148, 192.0, 0.0, 0.0, 0.0, 0.0, 0.0, 0.0, 0.0, 0.0, 0.0, 1.741026578636388E9, 0.0, 2025-03-03 12:29:38.636
226.0, -9661.698003017666, 1963.421936443083, -25611.053480035484, -10675.126096621287, -177162.40759639832, -17063.679345092696, -27845.378559276887, -34814.719535674994, 0.064, 0.972, -0.148, 192.0, 0.0, 0.0, 0.0, 0.0, 0.0, 0.0, 0.0, 0.0, 0.0, 1.741026578636414E9, 0.0, 2025-03-03 12:29:38.636
227.0, -9701.77468082603, 1940.9807850099546, -25624.956265086683, -10682.815096713914, -177169.78367206856, -17069.557853884442, -27848.954838389738, -34821.69327994505, 0.058, 0.968, -0.15, 192.0, 1.0, 208.0, 30.0, 64.0, 251.0, 80.0, 0.0, 0.0, 0.0, 1.741026578636441E9, 0.0, 2025-03-03 12:29:38.636
228.0, -9764.225454834159, 1854.6583479235587, -25631.12534655635, -10677.54008502246, -177244.32673982703, -17077.80564758845, -27851.391178535367, -34826.85653291423, 0.058, 0.968, -0.15, 192.0, 0.0, 0.0, 0.0, 0.0, 0.0, 0.0, 0.0, 0.0, 0.0, 1.74102657863647E9, 0.0, 2025-03-03 12:29:38.636
229.0, -9740.040867333517, 1856.5582462022599, -25623.905733097286, -10672.600349497838, -177301.9495370328, -17071.18953122968, -27849.35716978993, -34823.92845439058, 0.058, 0.968, -0.15, 192.0, 0.0, 0.0, 0.0, 0.0, 0.0, 0.0, 0.0, 0.0, 0.0, 1.741026578636497E9, 0.0, 2025-03-03 12:29:38.636
230.0, -9666.81655249793, 1948.3121571912955, -25616.708471382677, -10679.39527981225, -177282.9952577347, -17062.740571825572, -27849.021893623103, -34827.258864314426, 0.058, 0.968, -0.15, 192.0, 0.0, 0.0, 0.0, 0.0, 0.0, 0.0, 0.0, 0.0, 0.0, 1.741026578636535E9, 0.0, 2025-03-03 12:29:38.636
231.0, -9690.01766324254, 1949.3850409251502, -25631.550029701, -10692.940436952167, -177295.28871718512, -17076.732763854598, -27855.36978904841, -34843.62034125571, 0.058, 0.968, -0.15, 192.0, 0.0, 0.0, 0.0, 0.0, 0.0, 0.0, 0.0, 0.0, 0.0, 1.741026578636566E9, 0.0, 2025-03-03 12:29:38.636
232.0, -9759.196312331715, 1858.6593101810588, -25628.867820366362, -10684.178553125686, -177378.28074434766, -17068.08263875039, -27851.83821342447, -34840.0217103984, 0.058, 0.968, -0.15, 192.0, 0.0, 0.0, 0.0, 0.0, 0.0, 0.0, 0.0, 0.0, 0.0, 1.741026578636596E9, 0.0, 2025-03-03 12:29:38.636
233.0, -9738.252727777091, 1854.5912926901929, -25615.724994626642, -10677.204808855631, -177435.8364863201, -17054.157501954734, -27846.853774410938, -34816.17239906459, 0.058, 0.968, -0.15, 192.0, 0.0, 0.0, 0.0, 0.0, 0.0, 0.0, 0.0, 0.0, 0.0, 1.741026578636623E9, 0.0, 2025-03-03 12:29:38.636
234.0, -9670.750459522063, 1928.0614767147872, -25612.036956791515, -10677.696547233647, -177452.42148070593, -17058.359629912335, -27848.820727923005, -34822.56499797881, 0.058, 0.968, -0.15, 192.0, 0.0, 0.0, 0.0, 0.0, 0.0, 0.0, 0.0, 0.0, 0.0, 1.741026578636653E9, 0.0, 2025-03-03 12:29:38.636
235.0, -9648.152845877748, 1971.066233046798, -25619.368328972858, -10692.024015429499, -177445.29127422467, -17067.90382479475, -27856.241507082166, -34839.552323764845, 0.058, 0.968, -0.15, 192.0, 0.0, 0.0, 0.0, 0.0, 0.0, 0.0, 0.0, 0.0, 0.0, 1.741026578636679E9, 0.0, 2025-03-03 12:29:38.636
236.0, -9719.164338012259, 1891.9857611639216, -25619.815363861962, -10679.372928067796, -177496.2532515828, -17065.132208482293, -27857.60496349394, -34844.84968720075, 0.058, 0.968, -0.15, 192.0, 0.0, 0.0, 0.0, 0.0, 0.0, 0.0, 0.0, 0.0, 0.0, 1.741026578636706E9, 0.0, 2025-03-03 12:29:38.636
237.0, -9768.293472325024, 1861.6991474269805, -25638.7025879267, -10700.808251000435, -177537.46986835837, -17078.051516777457, -27870.926603189302, -34857.791347240374, 0.056, 0.966, -0.15, 192.0, 1.0, 192.0, 30.0, 48.0, 251.0, 80.0, 0.0, 0.0, 0.0, 1.741026578636733E9, 0.0, 2025-03-03 12:29:38.636
238.0, -9717.756178111575, 1920.5959940667146, -25625.78327963153, -10702.909314979233, -177537.31340614718, -17083.125362768813, -27870.971306678213, -34861.72525426451, 0.056, 0.966, -0.15, 192.0, 0.0, 0.0, 0.0, 0.0, 0.0, 0.0, 0.0, 0.0, 0.0, 1.741026578696415E9, 0.0, 2025-03-03 12:29:38.696
239.0, -9663.575549551912, 1972.7202621364906, -25620.955302829185, -10690.884076462278, -177530.18319966595, -17074.028202775502, -27869.47373979971, -34857.433719329085, 0.056, 0.966, -0.15, 192.0, 0.0, 0.0, 0.0, 0.0, 0.0, 0.0, 0.0, 0.0, 0.0, 1.741026578696457E9, 0.0, 2025-03-03 12:29:38.696
240.0, -9736.531643454033, 1880.8992959140894, -25618.92129408375, -10684.178553125686, -177621.11009611012, -17068.48497015059, -27860.51069027313, -34855.39971058365, 0.056, 0.966, -0.15, 192.0, 0.0, 0.0, 0.0, 0.0, 0.0, 0.0, 0.0, 0.0, 0.0, 1.741026578696484E9, 0.0, 2025-03-03 12:29:38.696
241.0, -9740.5996609449, 1844.6447664075813, -25616.015567304563, -10690.63820727327, -177695.4967016574, -17080.823133089918, -27860.89066992887, -34859.7806524969, 0.056, 0.966, -0.15, 192.0, 0.0, 0.0, 0.0, 0.0, 0.0, 0.0, 0.0, 0.0, 0.0, 1.741026578696516E9, 0.0, 2025-03-03 12:29:38.696
242.0, -9704.367483182847, 1895.1150053876647, -25627.370253487858, -10706.753815025546, -177705.5549866623, -17075.03403127599, -27876.29102185858, -34869.30249563485, 0.056, 0.966, -0.15, 192.0, 0.0, 0.0, 0.0, 0.0, 0.0, 0.0, 0.0, 0.0, 0.0, 1.741026578696543E9, 0.0, 2025-03-03 12:29:38.696
243.0, -9662.145037906772, 1969.6357214016584, -25636.579172203445, -10707.06673944792, -177679.0905212272, -17077.04568827697, -27881.47662657221, -34876.52210909392, 0.056, 0.966, -0.15, 192.0, 0.0, 0.0, 0.0, 0.0, 0.0, 0.0, 0.0, 0.0, 0.0, 1.74102657869657E9, 0.0, 2025-03-03 12:29:38.696
244.0, -9726.83098636043, 1902.1111014021758, -25631.93000935674, -10688.335977594374, -177730.09720207422, -17063.32171718141, -27866.590364764976, -34837.76418420842, 0.056, 0.966, -0.15, 192.0, 0.0, 0.0, 0.0, 0.0, 0.0, 0.0, 0.0, 0.0, 0.0, 1.741026578696596E9, 0.0, 2025-03-03 12:29:38.696
245.0, -9742.387800501323, 1847.6622519090477, -25615.523828926544, -10682.658634502726, -177804.66262157712, -17054.448074632655, -27855.95093440425, -34828.68937595956, 0.056, 0.966, -0.15, 192.0, 0.0, 0.0, 0.0, 0.0, 0.0, 0.0, 0.0, 0.0, 0.0, 1.74102657869663E9, 0.0, 2025-03-03 12:29:38.696
246.0, -9719.477262434633, 1877.4794790124274, -25628.800765132997, -10697.321378865407, -177838.5702179158, -17064.349897426357, -27867.775007221106, -34843.55328602234, 0.056, 0.966, -0.15, 192.0, 0.0, 0.0, 0.0, 0.0, 0.0, 0.0, 0.0, 0.0, 0.0, 1.741026578696665E9, 0.0, 2025-03-03 12:29:38.696
247.0, -9645.515340032023, 1978.8893436061555, -25627.146736043305, -10690.21352412862, -177799.14174069665, -17065.3780776713, -27870.61367876693, -34845.833163956784, 0.062, 0.968, -0.154, 192.0, 1.0, 240.0, 30.0, 64.0, 251.0, 48.0, 0.0, 0.0, 0.0, 1.741026578696694E9, 0.0, 2025-03-03 12:29:38.696
248.0, -9698.86895404684, 1934.7893517958346, -25636.042730336518, -10689.431213072683, -177828.2660637219, -17072.597691130362, -27869.71960898872, -34850.236457614476, 0.062, 0.968, -0.154, 192.0, 0.0, 0.0, 0.0, 0.0, 0.0, 0.0, 0.0, 0.0, 0.0, 1.741026578696723E9, 0.0, 2025-03-03 12:29:38.696
249.0, -9746.008783103083, 1867.331787029718, -25633.427576235244, -10692.918085207712, -177884.0336661379, -17075.548121398464, -27867.573841521007, -34846.30255059034, 0.062, 0.968, -0.154, 192.0, 0.0, 0.0, 0.0, 0.0, 0.0, 0.0, 0.0, 0.0, 0.0, 1.741026578696753E9, 0.0, 2025-03-03 12:29:38.696
250.0, -9732.083646307427, 1868.4493742524833, -25626.923218598753, -10684.714994992613, -177930.14531494922, -17066.965051527626, -27864.33283857499, -34842.770974966406, 0.062, 0.968, -0.154, 192.0, 0.0, 0.0, 0.0, 0.0, 0.0, 0.0, 0.0, 0.0, 0.0, 1.74102657869678E9, 0.0, 2025-03-03 12:29:38.696
251.0, -9681.367538138335, 1942.0760204882647, -25618.40720396128, -10665.201922083132, -177933.56513185086, -17055.923289766706, -27857.672018727306, -34839.485268531476, 0.062, 0.968, -0.154, 192.0, 0.0, 0.0, 0.0, 0.0, 0.0, 0.0, 0.0, 0.0, 0.0, 1.741026578696806E9, 0.0, 2025-03-03 12:29:38.696
252.0, -9709.77660534103, 1920.1266074331531, -25624.062195308474, -10667.347689550841, -177965.8634025888, -17062.829978803395, -27859.23664083918, -34841.31811157681, 0.062, 0.968, -0.154, 192.0, 0.0, 0.0, 0.0, 0.0, 0.0, 0.0, 0.0, 0.0, 0.0, 1.741026578696831E9, 0.0, 2025-03-03 12:29:38.696
253.0, -9757.899911153307, 1837.0898767816875, -25627.03497732103, -10670.074602374389, -178044.98857796058, -17057.823188045408, -27858.387274549877, -34833.047966128346, 0.062, 0.968, -0.154, 192.0, 0.0, 0.0, 0.0, 0.0, 0.0, 0.0, 0.0, 0.0, 0.0, 1.741026578756711E9, 0.0, 2025-03-03 12:29:38.756
254.0, -9731.63661141832, 1847.3716792311288, -25619.16716327276, -10680.468163546106, -178088.7756453485, -17057.55496711194, -27854.676884970297, -34826.253035813934, 0.062, 0.968, -0.154, 192.0, 0.0, 0.0, 0.0, 0.0, 0.0, 0.0, 0.0, 0.0, 0.0, 1.741026578756748E9, 0.0, 2025-03-03 12:29:38.756
255.0, -9665.162523408238, 1948.0215845133764, -25615.12149752635, -10696.047329431454, -178057.81847927792, -17069.557853884442, -27861.337704817975, -34842.59216101076, 0.062, 0.968, -0.154, 192.0, 0.0, 0.0, 0.0, 0.0, 0.0, 0.0, 0.0, 0.0, 0.0, 1.741026578756775E9, 0.0, 2025-03-03 12:29:38.756
0.0, -9692.722224321631, 1949.4073926696055, -25629.426613977746, -10713.347579639862, -178069.62020035033, -17085.09231628088, -27867.864414198928, -34859.49007981898, 0.062, 0.968, -0.154, 192.0, 0.0, 0.0, 0.0, 0.0, 0.0, 0.0, 0.0, 0.0, 0.0, 1.741026578756802E9, 0.0, 2025-03-03 12:29:38.756
1.0, -9742.611317945877, 1862.4814584829162, -25618.474259194645, -10706.798518514457, -178145.23615184263, -17078.00681328855, -27854.02868438109, -34837.13833536367, 0.062, 0.966, -0.154, 192.0, 1.0, 240.0, 30.0, 48.0, 251.0, 48.0, 0.0, 0.0, 0.0, 1.741026578756828E9, 0.0, 2025-03-03 12:29:38.756
2.0, -9735.548166698, 1857.1617433025533, -25617.31196848297, -10693.16395439672, -178197.98626875714, -17075.011679531537, -27859.147233861357, -34829.695204460055, 0.062, 0.966, -0.154, 192.0, 0.0, 0.0, 0.0, 0.0, 0.0, 0.0, 0.0, 0.0, 0.0, 1.741026578756861E9, 0.0, 2025-03-03 12:29:38.756
3.0, -9675.041994457484, 1944.6911745895356, -25613.668634136753, -10685.787878726469, -178179.8590040039, -17066.138036982782, -27860.46598678422, -34836.244265585454, 0.062, 0.966, -0.154, 192.0, 0.0, 0.0, 0.0, 0.0, 0.0, 0.0, 0.0, 0.0, 0.0, 1.741026578756888E9, 0.0, 2025-03-03 12:29:38.756
4.0, -9679.24412241508, 1976.520058693893, -25618.98834931712, -10694.125079408299, -178175.18748941272, -17071.278938207503, -27859.348399561455, -34848.13539363568, 0.062, 0.966, -0.154, 192.0, 0.0, 0.0, 0.0, 0.0, 0.0, 0.0, 0.0, 0.0, 0.0, 1.741026578756918E9, 0.0, 2025-03-03 12:29:38.756
5.0, -9767.913492669284, 1881.4133860365614, -25618.92129408375, -10698.26015213253, -178249.2835222821, -17070.85425506285, -27857.582611749487, -34846.61547501272, 0.062, 0.966, -0.154, 192.0, 0.0, 0.0, 0.0, 0.0, 0.0, 0.0, 0.0, 0.0, 0.0, 1.74102657875695E9, 0.0, 2025-03-03 12:29:38.756
6.0, -9744.377105757845, 1850.2103507769527, -25612.88632308082, -10694.25918987503, -178313.52243584662, -17062.628813103296, -27857.090873371468, -34830.63397772717, 0.062, 0.966, -0.154, 192.0, 0.0, 0.0, 0.0, 0.0, 0.0, 0.0, 0.0, 0.0, 0.0, 1.741026578756984E9, 0.0, 2025-03-03 12:29:38.756
7.0, -9695.449137145179, 1909.040142183321, -25610.427631190734, -10682.92685543619, -178333.12491573393, -17063.858159048337, -27858.454329783242, -34836.691300474566, 0.062, 0.966, -0.154, 192.0, 0.0, 0.0, 0.0, 0.0, 0.0, 0.0, 0.0, 0.0, 0.0, 1.74102657875701E9, 0.0, 2025-03-03 12:29:38.757
8.0, -9664.737840263586, 1979.2022680285297, -25607.812477089465, -10679.30587283443, -178314.8411887695, -17066.272147449512, -27854.006332636636, -34837.22774234149, 0.062, 0.966, -0.154, 192.0, 0.0, 0.0, 0.0, 0.0, 0.0, 0.0, 0.0, 0.0, 0.0, 1.741026578757037E9, 0.0, 2025-03-03 12:29:38.757
9.0, -9736.397532987301, 1894.1091768871759, -25620.03888130652, -10691.778146240491, -178386.5008814932, -17076.017508032026, -27856.308562315535, -34849.20827736954, 0.062, 0.966, -0.154, 192.0, 0.0, 0.0, 0.0, 0.0, 0.0, 0.0, 0.0, 0.0, 0.0, 1.741026578757066E9, 0.0, 2025-03-03 12:29:38.757
10.0, -9760.827989676953, 1850.6797374105142, -25625.917390098264, -10694.169782897208, -178452.63969333647, -17067.546196883464, -27860.577745506496, -34848.71653899152, 0.062, 0.966, -0.154, 192.0, 0.0, 0.0, 0.0, 0.0, 0.0, 0.0, 0.0, 0.0, 0.0, 1.741026578757093E9, 0.0, 2025-03-03 12:29:38.757
11.0, -9716.996218800095, 1900.591182779215, -25632.824079134953, -10703.825736501902, -178464.5308213867, -17074.65405162025, -27872.98296367919, -34853.61157102723, 0.058, 0.97, -0.158, 192.0, 1.0, 208.0, 30.0, 80.0, 251.0, 16.0, 0.0, 0.0, 0.0, 1.741026578757119E9, 0.0, 2025-03-03 12:29:38.757
12.0, -9643.347220819858, 1993.3509222687392, -25628.957227344185, -10712.274695906008, -178418.53093129766, -17087.528656426508, -27870.77014097812, -34858.01486468493, 0.058, 0.97, -0.158, 192.0, 0.0, 0.0, 0.0, 0.0, 0.0, 0.0, 0.0, 0.0, 0.0, 1.741026578816166E9, 0.0, 2025-03-03 12:29:38.816
13.0, -9709.910715807762, 1921.646526056114, -25625.73857614262, -10693.767451497013, -178475.25965872523, -17063.74640032606, -27853.425187280798, -34841.04989064335, 0.058, 0.97, -0.158, 192.0, 0.0, 0.0, 0.0, 0.0, 0.0, 0.0, 0.0, 0.0, 0.0, 1.74102657881626E9, 0.0, 2025-03-03 12:29:38.816
14.0, -9748.601585459899, 1860.8944846265895, -25617.133154527328, -10687.01722467151, -178547.3440345936, -17061.019487502515, -27855.347437303953, -34846.950751179545, 0.058, 0.97, -0.158, 192.0, 0.0, 0.0, 0.0, 0.0, 0.0, 0.0, 0.0, 0.0, 0.0, 1.741026578816291E9, 0.0, 2025-03-03 12:29:38.816
15.0, -9718.739654867608, 1893.5280315313378, -25614.361538214867, -10694.773279997502, -178573.87555526206, -17071.502455652055, -27857.80612919404, -34856.20437338405, 0.058, 0.97, -0.158, 192.0, 0.0, 0.0, 0.0, 0.0, 0.0, 0.0, 0.0, 0.0, 0.0, 1.741026578816319E9, 0.0, 2025-03-03 12:29:38.816
16.0, -9650.209206367637, 1987.0477303323426, -25618.563666172467, -10704.183364413186, -178527.87566517302, -17074.072906264413, -27867.171510120814, -34853.41040532713, 0.058, 0.97, -0.158, 192.0, 0.0, 0.0, 0.0, 0.0, 0.0, 0.0, 0.0, 0.0, 0.0, 1.741026578816346E9, 0.0, 2025-03-03 12:29:38.816
17.0, -9704.948628538685, 1929.8049127823012, -25613.243950992102, -10692.828678229891, -178573.3391133951, -17070.38486842929, -27854.185146592277, -34843.28506508888, 0.058, 0.97, -0.158, 192.0, 0.0, 0.0, 0.0, 0.0, 0.0, 0.0, 0.0, 0.0, 0.0, 1.741026578816372E9, 0.0, 2025-03-03 12:29:38.816
18.0, -9747.416943003767, 1852.043193822288, -25609.93589281272, -10676.73542222207, -178645.49054449686, -17064.75222882655, -27855.168623348312, -34848.56007678033, 0.058, 0.97, -0.158, 192.0, 0.0, 0.0, 0.0, 0.0, 0.0, 0.0, 0.0, 0.0, 0.0, 1.741026578816399E9, 0.0, 2025-03-03 12:29:38.816
19.0, -9730.854300362385, 1853.5407607007935, -25613.132192269826, -10677.450678044639, -178687.53417581727, -17069.826074817905, -27862.343533318464, -34863.02165544291, 0.058, 0.97, -0.158, 192.0, 0.0, 0.0, 0.0, 0.0, 0.0, 0.0, 0.0, 0.0, 0.0, 1.741026578816429E9, 0.0, 2025-03-03 12:29:38.816
20.0, -9675.332567135401, 1939.7514390649128, -25604.16914274325, -10675.059041387922, -178680.44867282495, -17064.104028237347, -27860.600097250954, -34855.556172794844, 0.058, 0.97, -0.158, 192.0, 0.0, 0.0, 0.0, 0.0, 0.0, 0.0, 0.0, 0.0, 0.0, 1.741026578816463E9, 0.0, 2025-03-03 12:29:38.816
21.0, -9697.10316623487, 1935.6387180851364, -25606.739593355607, -10680.468163546106, -178691.46808284143, -17056.035048488982, -27859.527213517096, -34855.53382105038, 0.056, 0.966, -0.156, 192.0, 1.0, 192.0, 30.0, 48.0, 251.0, 32.0, 0.0, 0.0, 0.0, 1.741026578816495E9, 0.0, 2025-03-03 12:29:38.816
22.0, -9771.109792126394, 1843.8848070961008, -25611.500514924588, -10672.756811709025, -178780.696246707, -17069.982537029093, -27858.387274549877, -34853.76803323842, 0.056, 0.966, -0.156, 192.0, 0.0, 0.0, 0.0, 0.0, 0.0, 0.0, 0.0, 0.0, 0.0, 1.741026578816524E9, 0.0, 2025-03-03 12:29:38.816
23.0, -9752.043754106016, 1852.0878973111985, -25615.21090450417, -10685.452602559639, -178822.89634023863, -17081.22546449011, -27870.412513066833, -34868.0284462009, 0.056, 0.966, -0.156, 192.0, 0.0, 0.0, 0.0, 0.0, 0.0, 0.0, 0.0, 0.0, 0.0, 1.741026578816551E9, 0.0, 2025-03-03 12:29:38.816
24.0, -9670.191665910681, 1942.2771861883625, -25616.037919049017, -10700.249457389053, -178811.3181366108, -17084.57822615841, -27873.78762647958, -34873.99636197047, 0.056, 0.966, -0.156, 192.0, 0.0, 0.0, 0.0, 0.0, 0.0, 0.0, 0.0, 0.0, 0.0, 1.741026578816581E9, 0.0, 2025-03-03 12:29:38.816
25.0, -9665.073116430416, 1976.453003460527, -25624.68804415322, -10707.759643526035, -178776.2929530493, -17092.915426840238, -27880.090818415978, -34881.12656845171, 0.056, 0.966, -0.156, 192.0, 0.0, 0.0, 0.0, 0.0, 0.0, 0.0, 0.0, 0.0, 0.0, 1.741026578816608E9, 0.0, 2025-03-03 12:29:38.816
26.0, -9747.059315092483, 1869.6340167086146, -25623.45869820818, -10698.72953876609, -178866.30342797082, -17081.67249937922, -27869.004353166147, -34871.3812078692, 0.056, 0.966, -0.156, 192.0, 0.0, 0.0, 0.0, 0.0, 0.0, 0.0, 0.0, 0.0, 0.0, 1.741026578816635E9, 0.0, 2025-03-03 12:29:38.816
27.0, -9746.724038925653, 1850.1432955435869, -25620.150640028794, -10694.25918987503, -178935.90676020467, -17077.783295843994, -27866.18803336478, -34868.967219468024, 0.056, 0.966, -0.156, 192.0, 0.0, 0.0, 0.0, 0.0, 0.0, 0.0, 0.0, 0.0, 0.0, 1.741026578877318E9, 0.0, 2025-03-03 12:29:38.877
28.0, -9723.880556092328, 1915.9468312200108, -25621.357634229378, -10691.576980540392, -178947.57437081033, -17078.252682477556, -27874.212309624232, -34874.778673026405, 0.056, 0.966, -0.156, 192.0, 0.0, 0.0, 0.0, 0.0, 0.0, 0.0, 0.0, 0.0, 0.0, 1.741026578877404E9, 0.0, 2025-03-03 12:29:38.877
29.0, -9663.82141874092, 1974.0837185482644, -25612.97573005864, -10693.320416607907, -178915.8348936838, -17081.04665053447, -27879.1296934044, -34885.261641175945, 0.056, 0.966, -0.156, 192.0, 0.0, 0.0, 0.0, 0.0, 0.0, 0.0, 0.0, 0.0, 0.0, 1.741026578877439E9, 0.0, 2025-03-03 12:29:38.877
30.0, -9716.884460077817, 1889.102386129187, -25620.932951084727, -10691.666387518215, -178964.67345531864, -17078.587958644388, -27873.98879217968, -34886.736856309995, 0.056, 0.966, -0.156, 192.0, 0.0, 0.0, 0.0, 0.0, 0.0, 0.0, 0.0, 0.0, 0.0, 1.741026578877465E9, 0.0, 2025-03-03 12:29:38.877
31.0, -9747.416943003767, 1846.812885619746, -25617.714299883166, -10692.895733463256, -179037.89777015423, -17070.116647495826, -27869.429036310798, -34874.488100348484, 0.056, 0.972, -0.158, 192.0, 1.0, 192.0, 30.0, 96.0, 251.0, 16.0, 0.0, 0.0, 0.0, 1.741026578877493E9, 0.0, 2025-03-03 12:29:38.877
32.0, -9688.162468452749, 1906.2461741264076, -25616.5967126604, -10694.236838130575, -179043.23983707905, -17074.65405162025, -27880.269632371623, -34880.61247832924, 0.056, 0.972, -0.158, 192.0, 0.0, 0.0, 0.0, 0.0, 0.0, 0.0, 0.0, 0.0, 0.0, 1.741026578877521E9, 0.0, 2025-03-03 12:29:38.877
33.0, -9643.548386519955, 1972.9437795810438, -25611.075831779937, -10686.279617104485, -179026.72189792656, -17067.52384513901, -27875.08402765799, -34874.018713714926, 0.056, 0.972, -0.158, 192.0, 0.0, 0.0, 0.0, 0.0, 0.0, 0.0, 0.0, 0.0, 0.0, 1.741026578877547E9, 0.0, 2025-03-03 12:29:38.877
34.0, -9703.473413404634, 1907.5425753048153, -25607.991291045106, -10683.530352536483, -179064.33988384486, -17070.72014459612, -27873.586460779487, -34872.78936776988, 0.056, 0.972, -0.158, 192.0, 0.0, 0.0, 0.0, 0.0, 0.0, 0.0, 0.0, 0.0, 0.0, 1.741026578877573E9, 0.0, 2025-03-03 12:29:38.877
35.0, -9735.391704486812, 1861.1850573045085, -25617.043747549505, -10691.64403577376, -179119.70515486065, -17088.445077949178, -27886.66223128584, -34890.87192903423, 0.056, 0.972, -0.158, 192.0, 0.0, 0.0, 0.0, 0.0, 0.0, 0.0, 0.0, 0.0, 0.0, 1.741026578877609E9, 0.0, 2025-03-03 12:29:38.877
36.0, -9716.079797277427, 1897.5289937888379, -25621.82702086294, -10696.717881765115, -179132.04331779998, -17090.4343832057, -27894.105362189457, -34899.43264716061, 0.056, 0.972, -0.158, 192.0, 0.0, 0.0, 0.0, 0.0, 0.0, 0.0, 0.0, 0.0, 0.0, 1.741026578877642E9, 0.0, 2025-03-03 12:29:38.877
37.0, -9659.708697761143, 1976.9223900940885, -25613.623930647842, -10692.091070662866, -179110.04920125596, -17074.586996386886, -27885.879920229905, -34882.3335626523, 0.056, 0.972, -0.158, 192.0, 0.0, 0.0, 0.0, 0.0, 0.0, 0.0, 0.0, 0.0, 0.0, 1.741026578877672E9, 0.0, 2025-03-03 12:29:38.877
38.0, -9715.990390299607, 1917.0867701872314, -25615.836753348918, -10682.882151947279, -179164.25218156006, -17069.200225973156, -27879.1296934044, -34880.90305100716, 0.056, 0.972, -0.158, 192.0, 0.0, 0.0, 0.0, 0.0, 0.0, 0.0, 0.0, 0.0, 0.0, 1.741026578877698E9, 0.0, 2025-03-03 12:29:38.877
39.0, -9741.359620256379, 1859.3075107702628, -25614.897980081798, -10692.225181129597, -179226.39003114583, -17073.737630097585, -27880.42609458281, -34884.792254542386, 0.056, 0.972, -0.158, 192.0, 0.0, 0.0, 0.0, 0.0, 0.0, 0.0, 0.0, 0.0, 0.0, 1.741026578877728E9, 0.0, 2025-03-03 12:29:38.877
40.0, -9714.716340865652, 1880.4522610249833, -25607.030166033528, -10692.806326485435, -179262.24222925215, -17065.892167793772, -27876.89451895887, -34879.80781552885, 0.056, 0.972, -0.158, 192.0, 0.0, 0.0, 0.0, 0.0, 0.0, 0.0, 0.0, 0.0, 0.0, 1.741026578877754E9, 0.0, 2025-03-03 12:29:38.877
41.0, -9646.498816788057, 1981.4597942185158, -25604.526770654535, -10676.176628610687, -179224.5571881005, -17066.316850938423, -27885.030553940604, -34883.62996383071, 0.056, 0.97, -0.158, 192.0, 1.0, 192.0, 30.0, 80.0, 251.0, 16.0, 0.0, 0.0, 0.0, 1.741026578877781E9, 0.0, 2025-03-03 12:29:38.877
42.0, -9690.934084765207, 1947.6416048576361, -25613.109840525372, -10673.852047187334, -179237.76706907357, -17066.786237571985, -27884.85173998496, -34884.09935046427, 0.056, 0.97, -0.158, 192.0, 0.0, 0.0, 0.0, 0.0, 0.0, 0.0, 0.0, 0.0, 0.0, 1.741026578936188E9, 0.0, 2025-03-03 12:29:38.936
43.0, -9761.811466432986, 1863.107307327665, -25620.485916195623, -10668.0182418845, -179321.04966891406, -17059.879548535293, -27882.728324261705, -34884.30051616437, 0.056, 0.97, -0.158, 192.0, 0.0, 0.0, 0.0, 0.0, 0.0, 0.0, 0.0, 0.0, 0.0, 1.741026578936236E9, 0.0, 2025-03-03 12:29:38.936
44.0, -9744.108884824382, 1874.7972696777904, -25618.250741750093, -10670.320471563396, -179368.70358809276, -17062.673516592207, -27884.829388240505, -34883.07117021932, 0.056, 0.97, -0.158, 192.0, 0.0, 0.0, 0.0, 0.0, 0.0, 0.0, 0.0, 0.0, 0.0, 1.741026578936267E9, 0.0, 2025-03-03 12:29:38.936
45.0, -9672.67270954522, 1966.3276632222728, -25614.83092484843, -10681.339881579863, -179341.1885906683, -17072.977670786106, -27887.690411530784, -34890.24608018948, 0.056, 0.97, -0.158, 192.0, 0.0, 0.0, 0.0, 0.0, 0.0, 0.0, 0.0, 0.0, 0.0, 1.741026578936293E9, 0.0, 2025-03-03 12:29:38.936
46.0, -9701.573515125932, 1949.2062269695077, -25624.956265086683, -10696.851992231846, -179363.0933002345, -17082.790086601985, -27891.28904238809, -34902.20426347307, 0.056, 0.97, -0.158, 192.0, 0.0, 0.0, 0.0, 0.0, 0.0, 0.0, 0.0, 0.0, 0.0, 1.74102657893632E9, 0.0, 2025-03-03 12:29:38.936
47.0, -9751.59671921691, 1868.069394596743, -25623.615160419366, -10694.72857650859, -179437.03287089264, -17083.90767382475, -27891.154931921355, -34902.740705339995, 0.056, 0.97, -0.158, 192.0, 0.0, 0.0, 0.0, 0.0, 0.0, 0.0, 0.0, 0.0, 0.0, 1.741026578936347E9, 0.0, 2025-03-03 12:29:38.936
48.0, -9742.83483539043, 1869.365795775151, -25621.4470412072, -10697.567248054416, -179486.78785405014, -17082.454810435156, -27893.680679044806, -34896.70573433706, 0.056, 0.97, -0.158, 192.0, 0.0, 0.0, 0.0, 0.0, 0.0, 0.0, 0.0, 0.0, 0.0, 1.741026578936373E9, 0.0, 2025-03-03 12:29:38.936
49.0, -9690.621160342833, 1959.711546863502, -25622.899904596798, -10700.696492278159, -179469.01821720818, -17074.51994115352, -27895.37941162341, -34893.442379646585, 0.056, 0.97, -0.158, 192.0, 0.0, 0.0, 0.0, 0.0, 0.0, 0.0, 0.0, 0.0, 0.0, 1.741026578936399E9, 0.0, 2025-03-03 12:29:38.936
50.0, -9703.071082004439, 1976.318892993795, -25640.35661701639, -10719.248440176063, -179464.4584613393, -17086.76869711503, -27908.701051318774, -34910.60851938826, 0.056, 0.97, -0.158, 192.0, 0.0, 0.0, 0.0, 0.0, 0.0, 0.0, 0.0, 0.0, 0.0, 1.74102657893643E9, 0.0, 2025-03-03 12:29:38.936
51.0, -9784.565542288488, 1887.0236738948436, -25649.274963054057, -10723.003533244555, -179525.121095791, -17093.362461729343, -27908.56694085204, -34910.787333343906, 0.058, 0.972, -0.158, 192.0, 1.0, 208.0, 30.0, 96.0, 251.0, 16.0, 0.0, 0.0, 0.0, 1.741026578936464E9, 0.0, 2025-03-03 12:29:38.936
52.0, -9786.733661500653, 1867.7341184299135, -25630.723015156153, -10708.83252725989, -179579.99462842877, -17081.985423801594, -27900.98969948169, -34911.43553393311, 0.058, 0.972, -0.158, 192.0, 0.0, 0.0, 0.0, 0.0, 0.0, 0.0, 0.0, 0.0, 0.0, 1.7410265789365E9, 0.0, 2025-03-03 12:29:38.936
53.0, -9739.102094066393, 1925.4463226135163, -25628.152564543794, -10700.629437044792, -179590.81287274515, -17080.465505178632, -27904.834199528006, -34915.123571768236, 0.058, 0.972, -0.158, 192.0, 0.0, 0.0, 0.0, 0.0, 0.0, 0.0, 0.0, 0.0, 0.0, 1.741026578936528E9, 0.0, 2025-03-03 12:29:38.936
54.0, -9713.4422914317, 1966.037090544354, -25635.148660558305, -10712.140585439276, -179586.47663432083, -17090.76965937253, -27910.533894364107, -34912.68723162261, 0.058, 0.972, -0.158, 192.0, 0.0, 0.0, 0.0, 0.0, 0.0, 0.0, 0.0, 0.0, 0.0, 1.741026578936554E9, 0.0, 2025-03-03 12:29:38.936
55.0, -9756.111771596881, 1899.5182990453602, -25631.08064306744, -10700.472974833605, -179625.01104176178, -17081.069002278924, -27910.444487386285, -34905.601728630274, 0.058, 0.972, -0.158, 192.0, 0.0, 0.0, 0.0, 0.0, 0.0, 0.0, 0.0, 0.0, 0.0, 1.741026578936585E9, 0.0, 2025-03-03 12:29:38.936
56.0, -9775.244864850625, 1856.0441560797879, -25630.343035500413, -10709.726597038103, -179697.5648042637, -17087.37219421532, -27912.1879234538, -34920.10801078177, 0.058, 0.972, -0.158, 192.0, 0.0, 0.0, 0.0, 0.0, 0.0, 0.0, 0.0, 0.0, 0.0, 1.741026578936611E9, 0.0, 2025-03-03 12:29:38.936
57.0, -9723.366465969857, 1914.7621887638795, -25625.805631375984, -10700.271809133508, -179718.06135392922, -17080.778429601007, -27915.071298488536, -34910.67557462163, 0.058, 0.972, -0.158, 192.0, 0.0, 0.0, 0.0, 0.0, 0.0, 0.0, 0.0, 0.0, 0.0, 1.74102657899649E9, 0.0, 2025-03-03 12:29:38.996
58.0, -9675.846657257875, 2000.838756661267, -25629.046634322007, -10708.854879004346, -179675.97301911988, -17083.639452891286, -27918.71463283475, -34907.635737375706, 0.058, 0.972, -0.158, 192.0, 0.0, 0.0, 0.0, 0.0, 0.0, 0.0, 0.0, 0.0, 0.0, 1.741026578996534E9, 0.0, 2025-03-03 12:29:38.996
59.0, -9749.629765704844, 1925.9604127359883, -25629.091337810914, -10700.584733555883, -179724.36454586562, -17080.465505178632, -27906.354118150964, -34907.65808912016, 0.058, 0.972, -0.158, 192.0, 0.0, 0.0, 0.0, 0.0, 0.0, 0.0, 0.0, 0.0, 0.0, 1.741026578996569E9, 0.0, 2025-03-03 12:29:38.996
60.0, -9791.114603413893, 1871.2209905649413, -25629.516020955565, -10700.092995177865, -179789.63163967512, -17075.32460395391, -27907.427001884822, -34902.96422278455, 0.058, 0.972, -0.158, 192.0, 0.0, 0.0, 0.0, 0.0, 0.0, 0.0, 0.0, 0.0, 0.0, 1.7410265789966E9, 0.0, 2025-03-03 12:29:38.996
61.0, -9769.16519035878, 1893.4833280424273, -25631.50532621209, -10702.663445790226, -179829.93183492802, -17082.499513924064, -27912.14321996489, -34908.66391762065, 0.058, 0.97, -0.152, 192.0, 1.0, 208.0, 30.0, 80.0, 251.0, 64.0, 0.0, 0.0, 0.0, 1.741026578996626E9, 0.0, 2025-03-03 12:29:38.996
62.0, -9705.105090749872, 1975.7377476379572, -25636.288599525524, -10709.413672615729, -179800.82986364723, -17089.786182616495, -27922.827353814526, -34923.1925515166, 0.058, 0.97, -0.152, 192.0, 0.0, 0.0, 0.0, 0.0, 0.0, 0.0, 0.0, 0.0, 0.0, 1.741026578996655E9, 0.0, 2025-03-03 12:29:38.996
63.0, -9751.529663983543, 1922.451188856505, -25638.993160604616, -10712.677027306203, -179830.0435936503, -17088.556836671454, -27915.339519422, -34916.57643515783, 0.058, 0.97, -0.152, 192.0, 0.0, 0.0, 0.0, 0.0, 0.0, 0.0, 0.0, 0.0, 0.0, 1.741026578996682E9, 0.0, 2025-03-03 12:29:38.996
64.0, -9798.267161639591, 1858.5251997143268, -25632.958189601683, -10704.026902201998, -179908.0735335438, -17086.589883159388, -27908.969272252238, -34907.1887024866, 0.058, 0.97, -0.152, 192.0, 0.0, 0.0, 0.0, 0.0, 0.0, 0.0, 0.0, 0.0, 0.0, 1.741026578996709E9, 0.0, 2025-03-03 12:29:38.996
65.0, -9769.142838614325, 1892.7233687309467, -25639.998989105105, -10713.21346917313, -179921.4175249836, -17089.272092494022, -27922.33561543651, -34919.325699725836, 0.058, 0.97, -0.152, 192.0, 0.0, 0.0, 0.0, 0.0, 0.0, 0.0, 0.0, 0.0, 0.0, 1.741026578996739E9, 0.0, 2025-03-03 12:29:38.996
66.0, -9700.880611047818, 1984.097300064242, -25648.336189786936, -10728.07737923591, -179864.33116964475, -17095.396470474778, -27932.48330741922, -34928.08758355231, 0.058, 0.97, -0.152, 192.0, 0.0, 0.0, 0.0, 0.0, 0.0, 0.0, 0.0, 0.0, 0.0, 1.741026578996773E9, 0.0, 2025-03-03 12:29:38.996
67.0, -9756.268233808069, 1946.389907168139, -25647.956210131197, -10704.384530113284, -179875.84231803924, -17077.09039176588, -27920.61453111345, -34918.744554369994, 0.058, 0.97, -0.152, 192.0, 0.0, 0.0, 0.0, 0.0, 0.0, 0.0, 0.0, 0.0, 0.0, 1.741026578996806E9, 0.0, 2025-03-03 12:29:38.996
68.0, -9804.793871020542, 1863.8225631502348, -25651.666599710778, -10703.69162603517, -179945.44565027306, -17082.968900557626, -27922.939112536802, -34922.76786837195, 0.058, 0.97, -0.152, 192.0, 0.0, 0.0, 0.0, 0.0, 0.0, 0.0, 0.0, 0.0, 0.0, 1.741026578996833E9, 0.0, 2025-03-03 12:29:38.996
69.0, -9786.241923122636, 1863.4202317500392, -25649.20790782069, -10705.680931291692, -180005.14715971317, -17085.874627336816, -27922.469725903244, -34926.232388762524, 0.058, 0.97, -0.152, 192.0, 0.0, 0.0, 0.0, 0.0, 0.0, 0.0, 0.0, 0.0, 0.0, 1.741026578996861E9, 0.0, 2025-03-03 12:29:38.996
70.0, -9720.036056046016, 1958.0575177738092, -25646.615105463876, -10711.045349960965, -179986.2822873929, -17085.628758147806, -27922.0897462475, -34929.85337136428, 0.058, 0.97, -0.152, 192.0, 0.0, 0.0, 0.0, 0.0, 0.0, 0.0, 0.0, 0.0, 0.0, 1.741026578996892E9, 0.0, 2025-03-03 12:29:38.996
71.0, -9738.54330045501, 1957.3199102067842, -25647.263306053082, -10708.921934237711, -180003.76135155695, -17085.360537214343, -27919.698109590783, -34923.90780733917, 0.054, 0.968, -0.152, 192.0, 1.0, 176.0, 30.0, 64.0, 251.0, 64.0, 0.0, 0.0, 0.0, 1.741026578996918E9, 0.0, 2025-03-03 12:29:38.996
72.0, -9787.381862089856, 1875.3784150336285, -25657.858032924898, -10722.9811815001, -180078.7514542045, -17095.95526408616, -27926.761260838663, -34927.17116202965, 0.054, 0.968, -0.152, 192.0, 0.0, 0.0, 0.0, 0.0, 0.0, 0.0, 0.0, 0.0, 0.0, 1.741026579056804E9, 0.0, 2025-03-03 12:29:39.056
73.0, -9769.88044618135, 1876.4512987674832, -25655.667561968276, -10724.523451867515, -180130.00400424053, -17091.551970428463, -27930.0916707625, -34928.333452741324, 0.054, 0.968, -0.152, 192.0, 0.0, 0.0, 0.0, 0.0, 0.0, 0.0, 0.0, 0.0, 0.0, 1.741026579056863E9, 0.0, 2025-03-03 12:29:39.056
74.0, -9704.613352371854, 1967.646416145136, -25660.89787017082, -10742.181329987208, -180089.2567740985, -17101.05146182197, -27943.1450895244, -34941.900961625695, 0.054, 0.968, -0.152, 192.0, 0.0, 0.0, 0.0, 0.0, 0.0, 0.0, 0.0, 0.0, 0.0, 1.741026579056895E9, 0.0, 2025-03-03 12:29:39.056
75.0, -9732.284812007525, 1978.5093639504153, -25661.836643437942, -10741.376667186818, -180082.73006471756, -17104.761851401552, -27934.360853953465, -34930.79214463141, 0.054, 0.968, -0.152, 192.0, 0.0, 0.0, 0.0, 0.0, 0.0, 0.0, 0.0, 0.0, 0.0, 1.741026579056925E9, 0.0, 2025-03-03 12:29:39.056
76.0, -9807.476080355178, 1887.7612814618685, -25664.250631839113, -10734.022943261021, -180153.24981847405, -17099.866819365838, -27930.650464373884, -34931.21682777606, 0.054, 0.968, -0.152, 192.0, 0.0, 0.0, 0.0, 0.0, 0.0, 0.0, 0.0, 0.0, 0.0, 1.741026579056951E9, 0.0, 2025-03-03 12:29:39.056
77.0, -9799.27299014008, 1869.9245893865336, -25666.88813768484, -10733.799425816469, -180197.77449342902, -17098.10103155387, -27935.076109776033, -34945.454888994085, 0.054, 0.968, -0.152, 192.0, 0.0, 0.0, 0.0, 0.0, 0.0, 0.0, 0.0, 0.0, 0.0, 1.741026579056977E9, 0.0, 2025-03-03 12:29:39.056
78.0, -9750.88146339434, 1930.0507819713096, -25665.055294639504, -10737.487463651594, -180205.06116212145, -17091.14963902827, -27930.15872599587, -34931.57445568734, 0.054, 0.968, -0.152, 192.0, 0.0, 0.0, 0.0, 0.0, 0.0, 0.0, 0.0, 0.0, 0.0, 1.741026579057004E9, 0.0, 2025-03-03 12:29:39.057
79.0, -9724.215832259159, 1981.191573285052, -25671.626707509364, -10747.255175978564, -180182.26238277703, -17103.264284523044, -27938.495926677697, -34936.49183946751, 0.054, 0.968, -0.152, 192.0, 0.0, 0.0, 0.0, 0.0, 0.0, 0.0, 0.0, 0.0, 0.0, 1.741026579057031E9, 0.0, 2025-03-03 12:29:39.057
80.0, -9799.384748862356, 1892.6563134975809, -25672.02903890956, -10735.252289206062, -180247.61888356434, -17106.639397935796, -27931.477478918732, -34944.96315061607, 0.054, 0.968, -0.152, 192.0, 0.0, 0.0, 0.0, 0.0, 0.0, 0.0, 0.0, 0.0, 0.0, 1.741026579057057E9, 0.0, 2025-03-03 12:29:39.057
81.0, -9802.402234363823, 1861.5426852157934, -25654.214698578682, -10719.986047743088, -180315.67994543075, -17090.34497622788, -27921.73211833622, -34914.72124036804, 0.06, 0.968, -0.156, 192.0, 1.0, 224.0, 30.0, 64.0, 251.0, 32.0, 0.0, 0.0, 0.0, 1.74102657905709E9, 0.0, 2025-03-03 12:29:39.057
82.0, -9761.878521666351, 1915.0080579528878, -25656.762797446587, -10727.585640857893, -180322.1172478339, -17095.06119430795, -27930.53870565161, -34927.57349342984, 0.06, 0.968, -0.156, 192.0, 0.0, 0.0, 0.0, 0.0, 0.0, 0.0, 0.0, 0.0, 0.0, 1.741026579057129E9, 0.0, 2025-03-03 12:29:39.057
83.0, -9735.279945764536, 1973.2790557478734, -25669.92797493076, -10742.628364876315, -180303.9005761028, -17110.528601471022, -27944.53089768063, -34948.65118845119, 0.06, 0.968, -0.156, 192.0, 0.0, 0.0, 0.0, 0.0, 0.0, 0.0, 0.0, 0.0, 0.0, 1.741026579057159E9, 0.0, 2025-03-03 12:29:39.057
84.0, -9800.144708173837, 1901.6417147686143, -25668.65392549681, -10736.705152595658, -180347.30766383503, -17104.225409534625, -27938.250057488687, -34936.380080745235, 0.06, 0.968, -0.156, 192.0, 0.0, 0.0, 0.0, 0.0, 0.0, 0.0, 0.0, 0.0, 0.0, 1.741026579057186E9, 0.0, 2025-03-03 12:29:39.057
85.0, -9822.407045651324, 1856.9829293469109, -25663.557727761, -10730.334905425896, -180398.31434468203, -17098.793935631984, -27938.406519699874, -34932.82615337684, 0.06, 0.968, -0.156, 192.0, 0.0, 0.0, 0.0, 0.0, 0.0, 0.0, 0.0, 0.0, 0.0, 1.741026579057216E9, 0.0, 2025-03-03 12:29:39.057
86.0, -9796.680187783264, 1879.9828743914218, -25656.31576255748, -10729.418483903228, -180443.8001446486, -17100.827944377415, -27937.2442289882, -34936.782412145425, 0.06, 0.968, -0.156, 192.0, 0.0, 0.0, 0.0, 0.0, 0.0, 0.0, 0.0, 0.0, 0.0, 1.741026579057243E9, 0.0, 2025-03-03 12:29:39.057
87.0, -9737.291602765514, 1965.7688696108903, -25652.44891076671, -10736.146358984275, -180432.02077532065, -17102.213752533647, -27939.412348200363, -34944.78433666043, 0.06, 0.968, -0.156, 192.0, 0.0, 0.0, 0.0, 0.0, 0.0, 0.0, 0.0, 0.0, 0.0, 1.741026579116991E9, 0.0, 2025-03-03 12:29:39.116
88.0, -9782.93386494325, 1933.291784917329, -25656.516928257577, -10734.961716528143, -180448.5387144731, -17101.252627522066, -27937.490098177208, -34941.23040929203, 0.06, 0.968, -0.156, 192.0, 0.0, 0.0, 0.0, 0.0, 0.0, 0.0, 0.0, 0.0, 0.0, 1.741026579117023E9, 0.0, 2025-03-03 12:29:39.117
89.0, -9836.645106869353, 1869.2093335639638, -25657.120425357873, -10734.112350238842, -180514.52106410518, -17092.356633228854, -27931.9915690412, -34931.21682777606, 0.06, 0.968, -0.156, 192.0, 0.0, 0.0, 0.0, 0.0, 0.0, 0.0, 0.0, 0.0, 0.0, 1.741026579117065E9, 0.0, 2025-03-03 12:29:39.117
90.0, -9811.387635634856, 1886.5095837723713, -25644.044654851517, -10716.387416885784, -180566.2653525192, -17088.266263993533, -27927.990606783704, -34932.021490576444, 0.06, 0.968, -0.156, 192.0, 0.0, 0.0, 0.0, 0.0, 0.0, 0.0, 0.0, 0.0, 0.0, 1.741026579117098E9, 0.0, 2025-03-03 12:29:39.117
91.0, -9731.435445718223, 1983.0691198192978, -25648.470300253666, -10719.583716342893, -180527.5744828671, -17091.976653573114, -27938.76414761116, -34943.3985285042, 0.066, 0.97, -0.146, 192.0, 2.0, 16.0, 30.0, 80.0, 251.0, 112.0, 0.0, 0.0, 0.0, 1.741026579117125E9, 0.0, 2025-03-03 12:29:39.117
92.0, -9764.091344367427, 1960.6056166417143, -25654.46056776769, -10719.31549540943, -180527.59683461153, -17093.80949661845, -27940.351121467487, -34940.96218835857, 0.066, 0.97, -0.146, 192.0, 0.0, 0.0, 0.0, 0.0, 0.0, 0.0, 0.0, 0.0, 0.0, 1.741026579117154E9, 0.0, 2025-03-03 12:29:39.117
93.0, -9833.269993456603, 1874.4172900220503, -25651.621896221866, -10712.632323817292, -180614.81334147614, -17090.94847332817, -27931.231609729723, -34934.92721735564, 0.066, 0.97, -0.146, 192.0, 0.0, 0.0, 0.0, 0.0, 0.0, 0.0, 0.0, 0.0, 0.0, 1.741026579117181E9, 0.0, 2025-03-03 12:29:39.117
94.0, -9804.190373920248, 1890.845822196701, -25652.001875877606, -10722.221222188618, -180651.51490587174, -17088.84740934937, -27933.735005108716, -34934.971920844546, 0.066, 0.97, -0.146, 192.0, 0.0, 0.0, 0.0, 0.0, 0.0, 0.0, 0.0, 0.0, 0.0, 1.741026579117212E9, 0.0, 2025-03-03 12:29:39.117
95.0, -9729.289678250514, 1982.9126576081107, -25654.035884623037, -10734.134701983297, -180613.20401587535, -17087.483952937597, -27942.318074979554, -34942.90679012618, 0.066, 0.97, -0.146, 192.0, 0.0, 0.0, 0.0, 0.0, 0.0, 0.0, 0.0, 0.0, 0.0, 1.74102657911724E9, 0.0, 2025-03-03 12:29:39.117
96.0, -9757.296414053013, 1974.5084016929154, -25661.255498082104, -10733.061818249444, -180605.60442276055, -17092.20017101767, -27939.702920878284, -34946.52777272794, 0.066, 0.97, -0.146, 192.0, 0.0, 0.0, 0.0, 0.0, 0.0, 0.0, 0.0, 0.0, 0.0, 1.741026579117274E9, 0.0, 2025-03-03 12:29:39.117
97.0, -9837.270955714102, 1874.2384760664079, -25666.7093237292, -10737.17453922922, -180687.61297316707, -17106.10295606887, -27941.982798812725, -34954.10501409829, 0.066, 0.97, -0.146, 192.0, 0.0, 0.0, 0.0, 0.0, 0.0, 0.0, 0.0, 0.0, 0.0, 1.74102657911731E9, 0.0, 2025-03-03 12:29:39.117
98.0, -9826.251545697636, 1867.7341184299135, -25669.905623186307, -10741.555481142459, -180724.94038640743, -17105.655921179765, -27948.15188028239, -34965.325589814856, 0.066, 0.97, -0.146, 192.0, 0.0, 0.0, 0.0, 0.0, 0.0, 0.0, 0.0, 0.0, 0.0, 1.741026579117341E9, 0.0, 2025-03-03 12:29:39.117
99.0, -9760.939748399229, 1948.8933025471333, -25660.383780048345, -10743.634193376804, -180702.9462698634, -17092.177819273213, -27946.095519792503, -34950.86401115227, 0.066, 0.97, -0.146, 192.0, 0.0, 0.0, 0.0, 0.0, 0.0, 0.0, 0.0, 0.0, 0.0, 1.741026579117367E9, 0.0, 2025-03-03 12:29:39.117
100.0, -9751.104980838893, 1968.5628376678037, -25663.155396360806, -10746.405809689262, -180694.4973104593, -17097.274017009022, -27947.123700037446, -34941.185705803124, 0.066, 0.97, -0.146, 192.0, 0.0, 0.0, 0.0, 0.0, 0.0, 0.0, 0.0, 0.0, 0.0, 1.741026579117394E9, 0.0, 2025-03-03 12:29:39.117
101.0, -9804.838574509451, 1884.3861680491173, -25664.85412893941, -10734.22410896112, -180751.38250009806, -17094.56945592993, -27948.889487849414, -34947.10891808378, 0.06, 0.966, -0.14200000000000002, 192.0, 1.0, 224.0, 30.0, 48.0, 251.0, 144.0, 0.0, 0.0, 0.0, 1.741026579117424E9, 0.0, 2025-03-03 12:29:39.117
102.0, -9813.4663478692, 1859.9780631039218, -25662.864823682885, -10723.808196044945, -180807.3289164697, -17091.753136128562, -27948.554211682585, -34942.526810470445, 0.06, 0.966, -0.14200000000000002, 192.0, 0.0, 0.0, 0.0, 0.0, 0.0, 0.0, 0.0, 0.0, 0.0, 1.74102657917637E9, 0.0, 2025-03-03 12:29:39.176
103.0, -9752.468437250667, 1927.2568139143962, -25651.174861332758, -10725.126948967809, -180812.9839078169, -17090.881418094807, -27944.553249425084, -34942.01272034797, 0.06, 0.966, -0.14200000000000002, 192.0, 0.0, 0.0, 0.0, 0.0, 0.0, 0.0, 0.0, 0.0, 0.0, 1.741026579176403E9, 0.0, 2025-03-03 12:29:39.176
104.0, -9720.930125824229, 1988.2323727884739, -25641.205983305692, -10722.154166955253, -180780.95385801242, -17080.86783657883, -27939.18883075581, -34940.4480982361, 0.06, 0.966, -0.14200000000000002, 192.0, 0.0, 0.0, 0.0, 0.0, 0.0, 0.0, 0.0, 0.0, 0.0, 1.741026579176444E9, 0.0, 2025-03-03 12:29:39.176
105.0, -9790.444051080234, 1907.9225549605555, -25647.531526986546, -10723.830547789401, -180821.90225385455, -17081.71720286813, -27943.323903480043, -34947.555952972885, 0.06, 0.966, -0.14200000000000002, 192.0, 0.0, 0.0, 0.0, 0.0, 0.0, 0.0, 0.0, 0.0, 0.0, 1.741026579176476E9, 0.0, 2025-03-03 12:29:39.176
106.0, -9814.963914747705, 1856.8935223690896, -25642.65884669529, -10722.444739633173, -180899.73102804794, -17091.417859961733, -27941.714577879262, -34948.047691350905, 0.06, 0.966, -0.14200000000000002, 192.0, 0.0, 0.0, 0.0, 0.0, 0.0, 0.0, 0.0, 0.0, 0.0, 1.741026579176503E9, 0.0, 2025-03-03 12:29:39.176
107.0, -9762.146742599814, 1908.257831127385, -25640.490727483124, -10728.45735889165, -180918.7523625794, -17084.980557558603, -27946.028464559135, -34950.10405184079, 0.06, 0.966, -0.14200000000000002, 192.0, 0.0, 0.0, 0.0, 0.0, 0.0, 0.0, 0.0, 0.0, 0.0, 1.741026579176531E9, 0.0, 2025-03-03 12:29:39.176
108.0, -9707.608486128865, 1989.3946635001498, -25642.79295716202, -10724.098768722864, -180881.6931702725, -17087.640415148784, -27947.9954180712, -34957.05544436639, 0.06, 0.966, -0.14200000000000002, 192.0, 0.0, 0.0, 0.0, 0.0, 0.0, 0.0, 0.0, 0.0, 0.0, 1.741026579176557E9, 0.0, 2025-03-03 12:29:39.176
109.0, -9783.492658554633, 1927.7932557813235, -25647.084492097438, -10718.823757031412, -180901.0944844597, -17088.579188415908, -27946.363740725967, -34954.64145596522, 0.06, 0.966, -0.14200000000000002, 192.0, 0.0, 0.0, 0.0, 0.0, 0.0, 0.0, 0.0, 0.0, 0.0, 1.741026579176584E9, 0.0, 2025-03-03 12:29:39.176
110.0, -9815.23213568117, 1860.492153226394, -25643.105881584394, -10718.60023958686, -180978.5656307418, -17090.85906635035, -27946.38609247042, -34952.56274373087, 0.06, 0.966, -0.14200000000000002, 192.0, 0.0, 0.0, 0.0, 0.0, 0.0, 0.0, 0.0, 0.0, 0.0, 1.74102657917661E9, 0.0, 2025-03-03 12:29:39.176
111.0, -9768.181713602748, 1895.874964699145, -25639.283733282537, -10725.685742579191, -181002.6161077757, -17091.753136128562, -27951.124662294944, -34959.13415660073, 0.062, 0.97, -0.146, 192.0, 1.0, 240.0, 30.0, 80.0, 251.0, 112.0, 0.0, 0.0, 0.0, 1.741026579176639E9, 0.0, 2025-03-03 12:29:39.176
112.0, -9703.674579104732, 1992.5909629572586, -25640.73659667213, -10721.662428577236, -180964.84165964625, -17091.127287283813, -27953.13631929592, -34952.518040241965, 0.062, 0.97, -0.146, 192.0, 0.0, 0.0, 0.0, 0.0, 0.0, 0.0, 0.0, 0.0, 0.0, 1.741026579176674E9, 0.0, 2025-03-03 12:29:39.176
113.0, -9766.058297879494, 1943.9088635336, -25650.41490202128, -10722.712960566636, -180993.94363092707, -17091.507266939552, -27954.25390651869, -34952.8980198977, 0.062, 0.97, -0.146, 192.0, 0.0, 0.0, 0.0, 0.0, 0.0, 0.0, 0.0, 0.0, 0.0, 1.741026579176706E9, 0.0, 2025-03-03 12:29:39.176
114.0, -9814.405121136322, 1887.7389297174134, -25646.525698486057, -10716.230954674596, -181045.55380887436, -17085.76286861454, -27950.074130305547, -34951.1992873191, 0.062, 0.97, -0.146, 192.0, 0.0, 0.0, 0.0, 0.0, 0.0, 0.0, 0.0, 0.0, 0.0, 1.741026579176733E9, 0.0, 2025-03-03 12:29:39.176
115.0, -9807.69959779973, 1894.3997495650947, -25643.84348915142, -10704.384530113284, -181085.60813493826, -17080.353746456356, -27950.141185538912, -34952.11570884177, 0.062, 0.97, -0.146, 192.0, 0.0, 0.0, 0.0, 0.0, 0.0, 0.0, 0.0, 0.0, 0.0, 1.74102657917676E9, 0.0, 2025-03-03 12:29:39.176
116.0, -9721.041884546505, 1985.8854396206666, -25637.540297215022, -10697.902524221245, -181059.70246311458, -17076.621005132318, -27961.38411299993, -34957.32366529985, 0.062, 0.97, -0.146, 192.0, 0.0, 0.0, 0.0, 0.0, 0.0, 0.0, 0.0, 0.0, 0.0, 1.74102657917679E9, 0.0, 2025-03-03 12:29:39.176
117.0, -9747.014611603572, 1961.5443899088373, -25642.16710831727, -10695.242666631064, -181070.85598359778, -17073.067077763924, -27961.071188577556, -34961.57049674636, 0.062, 0.97, -0.146, 192.0, 0.0, 0.0, 0.0, 0.0, 0.0, 0.0, 0.0, 0.0, 0.0, 1.741026579236915E9, 0.0, 2025-03-03 12:29:39.236
118.0, -9801.821089007984, 1883.782670948824, -25638.993160604616, -10692.135774151777, -181150.18232466964, -17073.62587137531, -27959.886546121426, -34962.91160141368, 0.062, 0.97, -0.146, 192.0, 0.0, 0.0, 0.0, 0.0, 0.0, 0.0, 0.0, 0.0, 0.0, 1.741026579236948E9, 0.0, 2025-03-03 12:29:39.236
119.0, -9795.473193582679, 1900.1888513790193, -25647.21860256417, -10709.368969126817, -181183.57583088588, -17078.275034222013, -27968.983706114737, -34958.173031589155, 0.062, 0.97, -0.146, 192.0, 0.0, 0.0, 0.0, 0.0, 0.0, 0.0, 0.0, 0.0, 0.0, 1.741026579236986E9, 0.0, 2025-03-03 12:29:39.236
120.0, -9755.68708845223, 1997.7542159264347, -25650.5043089991, -10727.205661202153, -181150.47289734756, -17090.546141927975, -27974.214014317276, -34968.320723571866, 0.062, 0.97, -0.146, 192.0, 0.0, 0.0, 0.0, 0.0, 0.0, 0.0, 0.0, 0.0, 0.0, 1.741026579237017E9, 0.0, 2025-03-03 12:29:39.237
121.0, -9735.279945764536, 2005.420864274605, -25652.69477995572, -10736.8839665513, -181136.68187101863, -17105.119479312834, -27969.788368915128, -34972.29933408491, 0.058, 0.976, -0.14400000000000002, 192.0, 1.0, 208.0, 30.0, 128.0, 251.0, 128.0, 0.0, 0.0, 0.0, 1.741026579237051E9, 0.0, 2025-03-03 12:29:39.237
122.0, -9782.576237031966, 1920.037200455332, -25651.08545435494, -10721.058931476944, -181197.45626419262, -17090.65790065025, -27958.836014132026, -34972.41109280719, 0.058, 0.976, -0.14400000000000002, 192.0, 0.0, 0.0, 0.0, 0.0, 0.0, 0.0, 0.0, 0.0, 0.0, 1.741026579237081E9, 0.0, 2025-03-03 12:29:39.237
123.0, -9788.857077223907, 1912.035275940332, -25653.27592531156, -10724.366989656328, -181246.94302641667, -17083.52769416901, -27961.071188577556, -34966.59963924881, 0.058, 0.976, -0.14400000000000002, 192.0, 0.0, 0.0, 0.0, 0.0, 0.0, 0.0, 0.0, 0.0, 0.0, 1.741026579237107E9, 0.0, 2025-03-03 12:29:39.237
124.0, -9722.628858402832, 1997.9106781376217, -25654.773492190063, -10736.79455957348, -181206.6204794193, -17082.007775546048, -27966.882642135937, -34961.816365935374, 0.058, 0.976, -0.14400000000000002, 192.0, 0.0, 0.0, 0.0, 0.0, 0.0, 0.0, 0.0, 0.0, 0.0, 1.741026579237134E9, 0.0, 2025-03-03 12:29:39.237
125.0, -9733.06712306346, 2005.420864274605, -25650.45960551019, -10731.430140904205, -181217.59518594685, -17084.57822615841, -27958.2995722651, -34964.81149969238, 0.058, 0.976, -0.14400000000000002, 192.0, 0.0, 0.0, 0.0, 0.0, 0.0, 0.0, 0.0, 0.0, 0.0, 1.74102657923716E9, 0.0, 2025-03-03 12:29:39.237
126.0, -9803.564525075499, 1910.6271160396477, -25650.45960551019, -10719.963695998633, -181310.01964926955, -17084.064136035937, -27956.57848794204, -34962.173993846656, 0.058, 0.976, -0.14400000000000002, 192.0, 0.0, 0.0, 0.0, 0.0, 0.0, 0.0, 0.0, 0.0, 0.0, 1.74102657923719E9, 0.0, 2025-03-03 12:29:39.237
127.0, -9795.18262090476, 1914.9633544639773, -25648.202079320203, -10720.231916932096, -181330.9408820797, -17085.181723258702, -27962.233479289232, -34959.96117114558, 0.058, 0.976, -0.14400000000000002, 192.0, 0.0, 0.0, 0.0, 0.0, 0.0, 0.0, 0.0, 0.0, 0.0, 1.741026579237223E9, 0.0, 2025-03-03 12:29:39.237
128.0, -9752.64725120631, 1972.2732272473845, -25642.904715884295, -10726.9821437576, -181337.6017019274, -17089.361499471845, -27961.518223466664, -34963.31393281388, 0.058, 0.976, -0.14400000000000002, 192.0, 0.0, 0.0, 0.0, 0.0, 0.0, 0.0, 0.0, 0.0, 0.0, 1.741026579237255E9, 0.0, 2025-03-03 12:29:39.237
129.0, -9715.990390299607, 2019.5024632814484, -25642.815308906476, -10731.050161248466, -181331.36556522438, -17089.540313427486, -27961.451168233296, -34969.52771777245, 0.058, 0.976, -0.14400000000000002, 192.0, 0.0, 0.0, 0.0, 0.0, 0.0, 0.0, 0.0, 0.0, 0.0, 1.74102657923728E9, 0.0, 2025-03-03 12:29:39.237
130.0, -9795.98728370515, 1934.2305581844519, -25663.22245159417, -10735.900489795267, -181376.98547565765, -17091.440211706187, -27967.128511324947, -34980.03303766645, 0.058, 0.976, -0.14400000000000002, 192.0, 0.0, 0.0, 0.0, 0.0, 0.0, 0.0, 0.0, 0.0, 0.0, 1.741026579237309E9, 0.0, 2025-03-03 12:29:39.237
131.0, -9822.98819100716, 1897.976028677944, -25659.84733818142, -10736.682800851202, -181424.61704309192, -17092.870723351327, -27969.140168325925, -34982.648191767716, 0.056, 0.97, -0.154, 192.0, 1.0, 192.0, 30.0, 80.0, 251.0, 48.0, 0.0, 0.0, 0.0, 1.741026579237341E9, 0.0, 2025-03-03 12:29:39.237
132.0, -9760.850341421406, 1950.0332415143541, -25638.92610537125, -10729.105559480853, -181437.96103453173, -17086.85810409285, -27960.53474671063, -34967.09137762682, 0.056, 0.97, -0.154, 192.0, 0.0, 0.0, 0.0, 0.0, 0.0, 0.0, 0.0, 0.0, 0.0, 1.741026579297298E9, 0.0, 2025-03-03 12:29:39.297
133.0, -9703.20519247117, 2023.3022598388507, -25646.860974652885, -10740.50494915306, -181409.48491209568, -17102.929008356215, -27967.10615958049, -34973.17105211867, 0.056, 0.97, -0.154, 192.0, 0.0, 0.0, 0.0, 0.0, 0.0, 0.0, 0.0, 0.0, 0.0, 1.741026579297332E9, 0.0, 2025-03-03 12:29:39.297
134.0, -9779.961082930695, 1948.8709508026782, -25667.335172573945, -10747.858673078856, -181445.58297939098, -17116.96590387415, -27976.2033195738, -34996.03688669645, 0.056, 0.97, -0.154, 192.0, 0.0, 0.0, 0.0, 0.0, 0.0, 0.0, 0.0, 0.0, 0.0, 1.741026579297357E9, 0.0, 2025-03-03 12:29:39.297
135.0, -9807.073748954983, 1896.0984821436982, -25646.905678141797, -10718.711998309136, -181506.75970396516, -17086.791048859483, -27965.96622061327, -34983.05052316791, 0.056, 0.97, -0.154, 192.0, 0.0, 0.0, 0.0, 0.0, 0.0, 0.0, 0.0, 0.0, 0.0, 1.741026579297397E9, 0.0, 2025-03-03 12:29:39.297
136.0, -9794.690882526742, 1926.3403923917285, -25646.97273337516, -10713.034655217489, -181545.092945706, -17079.95141505616, -27967.32967702504, -34971.58407826234, 0.056, 0.97, -0.154, 192.0, 0.0, 0.0, 0.0, 0.0, 0.0, 0.0, 0.0, 0.0, 0.0, 1.741026579297427E9, 0.0, 2025-03-03 12:29:39.297
137.0, -9731.122521295849, 1999.3411897827614, -25648.15737583129, -10721.282448921496, -181536.0404892016, -17086.4334209482, -27973.54346198362, -34975.92031668667, 0.056, 0.97, -0.154, 192.0, 0.0, 0.0, 0.0, 0.0, 0.0, 0.0, 0.0, 0.0, 0.0, 1.741026579297454E9, 0.0, 2025-03-03 12:29:39.297
138.0, -9755.195350074215, 1959.9797677969657, -25651.577192732955, -10718.26496342003, -181560.38153891344, -17083.974729058114, -27969.944831126315, -34970.39943580621, 0.056, 0.97, -0.154, 192.0, 0.0, 0.0, 0.0, 0.0, 0.0, 0.0, 0.0, 0.0, 0.0, 1.741026579297481E9, 0.0, 2025-03-03 12:29:39.297
139.0, -9802.044606452539, 1893.5280315313378, -25652.69477995572, -10702.596390556859, -181641.80894396413, -17079.884359822794, -27966.837938647026, -34974.758025974996, 0.056, 0.97, -0.154, 192.0, 0.0, 0.0, 0.0, 0.0, 0.0, 0.0, 0.0, 0.0, 0.0, 1.741026579297508E9, 0.0, 2025-03-03 12:29:39.297
140.0, -9767.689975224732, 1918.2490608989074, -25652.180689833247, -10705.9268004807, -181670.03919721118, -17087.43924944869, -27975.309249795588, -34977.79786322092, 0.056, 0.97, -0.154, 192.0, 0.0, 0.0, 0.0, 0.0, 0.0, 0.0, 0.0, 0.0, 0.0, 1.741026579297534E9, 0.0, 2025-03-03 12:29:39.297
141.0, -9710.022474530038, 2008.2818875648843, -25651.823061921965, -10714.219297673619, -181632.8235426931, -17090.389679716787, -27976.87387190746, -34976.97084867607, 0.062, 0.968, -0.156, 192.0, 1.0, 240.0, 30.0, 64.0, 251.0, 32.0, 0.0, 0.0, 0.0, 1.741026579297561E9, 0.0, 2025-03-03 12:29:39.297
142.0, -9764.784248445541, 1977.7270528944796, -25653.097111355917, -10709.436024360184, -181664.04892969716, -17085.13701976979, -27969.83307240404, -34978.244898110024, 0.062, 0.968, -0.156, 192.0, 0.0, 0.0, 0.0, 0.0, 0.0, 0.0, 0.0, 0.0, 0.0, 1.741026579297597E9, 0.0, 2025-03-03 12:29:39.297
143.0, -9809.443033867245, 1916.6620870425807, -25644.916372885273, -10708.765472026524, -181717.58135766763, -17093.451868707165, -27967.217918302766, -34986.80561623641, 0.062, 0.968, -0.156, 192.0, 0.0, 0.0, 0.0, 0.0, 0.0, 0.0, 0.0, 0.0, 0.0, 1.741026579297629E9, 0.0, 2025-03-03 12:29:39.297
144.0, -9800.904667485318, 1924.4851976019381, -25644.558744973987, -10705.815041758424, -181753.12063135157, -17090.412031461245, -27968.62607820345, -34989.286659870944, 0.062, 0.968, -0.156, 192.0, 0.0, 0.0, 0.0, 0.0, 0.0, 0.0, 0.0, 0.0, 0.0, 1.741026579297659E9, 0.0, 2025-03-03 12:29:39.297
145.0, -9731.5472044405, 2016.1497016131523, -25635.193364047216, -10704.339826624373, -181738.68140443342, -17084.801743602962, -27963.127549067445, -34972.9028311852, 0.062, 0.968, -0.156, 192.0, 0.0, 0.0, 0.0, 0.0, 0.0, 0.0, 0.0, 0.0, 0.0, 1.741026579297686E9, 0.0, 2025-03-03 12:29:39.297
146.0, -9753.273100051058, 2019.4130563036272, -25648.73852118713, -10721.058931476944, -181752.78535518472, -17094.99413907458, -27971.509453238185, -34982.245860367526, 0.062, 0.968, -0.156, 192.0, 0.0, 0.0, 0.0, 0.0, 0.0, 0.0, 0.0, 0.0, 0.0, 1.74102657929772E9, 0.0, 2025-03-03 12:29:39.297
147.0, -9808.4148536223, 1927.2568139143962, -25654.035884623037, -10725.842204790379, -181831.91053055652, -17082.968900557626, -27973.275241050156, -34988.0573139259, 0.062, 0.968, -0.156, 192.0, 0.0, 0.0, 0.0, 0.0, 0.0, 0.0, 0.0, 0.0, 0.0, 1.74102657935667E9, 0.0, 2025-03-03 12:29:39.356
148.0, -9798.870658739885, 1926.228633669452, -25660.182614348247, -10745.064705021943, -181868.34387401867, -17102.2361042781, -27986.373363300965, -34995.388686107246, 0.062, 0.968, -0.156, 192.0, 0.0, 0.0, 0.0, 0.0, 0.0, 0.0, 0.0, 0.0, 0.0, 1.741026579356703E9, 0.0, 2025-03-03 12:29:39.356
149.0, -9733.871785863852, 2014.2498033344514, -25654.482919512146, -10740.639059619793, -181830.74823984483, -17106.013549091047, -27988.988517402235, -34998.40617160871, 0.062, 0.968, -0.156, 192.0, 0.0, 0.0, 0.0, 0.0, 0.0, 0.0, 0.0, 0.0, 0.0, 1.741026579356729E9, 0.0, 2025-03-03 12:29:39.356
150.0, -9712.034131531016, 2056.449896866071, -25651.107806099393, -10729.0832077364, -181790.44804459193, -17091.90959833975, -27977.365610285477, -34988.54905230392, 0.062, 0.968, -0.156, 192.0, 0.0, 0.0, 0.0, 0.0, 0.0, 0.0, 0.0, 0.0, 0.0, 1.741026579356769E9, 0.0, 2025-03-03 12:29:39.356
151.0, -9797.03781569455, 1950.9943665259323, -25660.830814937453, -10727.809158302445, -181860.74428090386, -17095.41882221923, -27977.96910738577, -34993.488787828544, 0.06, 0.968, -0.158, 192.0, 1.0, 224.0, 30.0, 64.0, 251.0, 16.0, 0.0, 0.0, 0.0, 1.7410265793568E9, 0.0, 2025-03-03 12:29:39.356
152.0, -9809.420682122789, 1921.71358128948, -25652.918297400272, -10729.59729785887, -181917.87533973163, -17094.77062163003, -27979.757246942194, -34996.88625298575, 0.06, 0.968, -0.158, 192.0, 0.0, 0.0, 0.0, 0.0, 0.0, 0.0, 0.0, 0.0, 0.0, 1.741026579356829E9, 0.0, 2025-03-03 12:29:39.356
153.0, -9769.925149670262, 1976.7659278829012, -25646.659808952787, -10725.730446068103, -181938.7965725418, -17088.80270586046, -27978.48319750824, -34987.0067819365, 0.06, 0.968, -0.158, 192.0, 0.0, 0.0, 0.0, 0.0, 0.0, 0.0, 0.0, 0.0, 0.0, 1.741026579356856E9, 0.0, 2025-03-03 12:29:39.356
154.0, -9762.392611788824, 2031.9300331985992, -25658.26036432509, -10732.503024638061, -181923.97736596793, -17102.6384356783, -27983.60174698851, -34996.0592384409, 0.06, 0.968, -0.158, 192.0, 0.0, 0.0, 0.0, 0.0, 0.0, 0.0, 0.0, 0.0, 0.0, 1.741026579356883E9, 0.0, 2025-03-03 12:29:39.356
155.0, -9812.862850768906, 1954.7494595944238, -25661.56842250448, -10728.524414125015, -181969.28435197883, -17100.00092983257, -27984.093485366524, -34997.400343108224, 0.06, 0.968, -0.158, 192.0, 0.0, 0.0, 0.0, 0.0, 0.0, 0.0, 0.0, 0.0, 0.0, 1.741026579356909E9, 0.0, 2025-03-03 12:29:39.356
156.0, -9819.546022361043, 1912.325848618251, -25655.30993405699, -10726.535108868493, -182029.99168991944, -17086.344013970378, -27980.24898532021, -34988.102017414814, 0.06, 0.968, -0.158, 192.0, 0.0, 0.0, 0.0, 0.0, 0.0, 0.0, 0.0, 0.0, 0.0, 1.741026579356936E9, 0.0, 2025-03-03 12:29:39.356
157.0, -9771.199199104214, 1966.4170702000943, -25651.51013749959, -10733.061818249444, -182035.78079173338, -17086.545179670477, -27984.741685955727, -34991.79005524994, 0.06, 0.968, -0.158, 192.0, 0.0, 0.0, 0.0, 0.0, 0.0, 0.0, 0.0, 0.0, 0.0, 1.741026579356969E9, 0.0, 2025-03-03 12:29:39.356
158.0, -9723.701742136687, 2044.4246583491158, -25644.31287578498, -10727.809158302445, -182004.89068089615, -17090.076755294413, -27983.422933032864, -34982.245860367526, 0.06, 0.968, -0.158, 192.0, 0.0, 0.0, 0.0, 0.0, 0.0, 0.0, 0.0, 0.0, 0.0, 1.741026579357005E9, 0.0, 2025-03-03 12:29:39.357
159.0, -9783.31384459899, 1975.134250537664, -25645.31870428547, -10715.292181407474, -182058.95955073353, -17095.329415241413, -27975.242194562223, -34962.643380480215, 0.06, 0.968, -0.158, 192.0, 0.0, 0.0, 0.0, 0.0, 0.0, 0.0, 0.0, 0.0, 0.0, 1.741026579357035E9, 0.0, 2025-03-03 12:29:39.357
160.0, -9813.399292635833, 1919.1207789326645, -25652.247745066616, -10724.948135012166, -182130.0380981014, -17102.794897889486, -27976.069209107067, -34962.73278745804, 0.06, 0.968, -0.158, 192.0, 0.0, 0.0, 0.0, 0.0, 0.0, 0.0, 0.0, 0.0, 0.0, 1.741026579357062E9, 0.0, 2025-03-03 12:29:39.357
161.0, -9768.069954880471, 1965.8582765887115, -25645.74338743012, -10707.133794681287, -182139.984624384, -17096.67051990873, -27975.085732351035, -34959.715301956574, 0.056, 0.974, -0.156, 192.0, 1.0, 192.0, 30.0, 112.0, 251.0, 32.0, 0.0, 0.0, 0.0, 1.741026579357088E9, 0.0, 2025-03-03 12:29:39.357
162.0, -9707.094396006394, 2061.032004479409, -25643.418806006768, -10708.720768537614, -182096.39872269618, -17091.641377406286, -27968.894299136915, -34938.257627279476, 0.056, 0.974, -0.156, 192.0, 0.0, 0.0, 0.0, 0.0, 0.0, 0.0, 0.0, 0.0, 0.0, 1.741026579416397E9, 0.0, 2025-03-03 12:29:39.416
163.0, -9765.4548007792, 2008.192480587063, -25651.756006688596, -10712.565268583927, -182118.07991481782, -17086.52282792602, -27959.39480774341, -34930.09924055329, 0.056, 0.974, -0.156, 192.0, 0.0, 0.0, 0.0, 0.0, 0.0, 0.0, 0.0, 0.0, 0.0, 1.741026579416429E9, 0.0, 2025-03-03 12:29:39.416
164.0, -9821.08829272846, 1918.6960957880135, -25650.772529932565, -10712.855841261846, -182218.57335788888, -17088.579188415908, -27953.806871629582, -34919.81743810385, 0.056, 0.974, -0.156, 192.0, 0.0, 0.0, 0.0, 0.0, 0.0, 0.0, 0.0, 0.0, 0.0, 1.741026579416455E9, 0.0, 2025-03-03 12:29:39.416
165.0, -9789.013539435095, 1941.3831164101503, -25648.671465953765, -10722.780015800003, -182256.03488159596, -17093.965958829638, -27950.834089617027, -34910.787333343906, 0.056, 0.974, -0.156, 192.0, 0.0, 0.0, 0.0, 0.0, 0.0, 0.0, 0.0, 0.0, 0.0, 1.741026579416496E9, 0.0, 2025-03-03 12:29:39.416
166.0, -9708.882535562818, 2048.515027584437, -25637.339131514924, -10717.54970759746, -182221.1661602457, -17089.316795982933, -27940.887563334414, -34896.77278957043, 0.056, 0.974, -0.156, 192.0, 0.0, 0.0, 0.0, 0.0, 0.0, 0.0, 0.0, 0.0, 0.0, 1.741026579416527E9, 0.0, 2025-03-03 12:29:39.416
167.0, -9728.68618115022, 2030.901852953655, -25641.049521094505, -10703.401053357251, -182233.8172476074, -17089.629720405308, -27932.349196952488, -34872.14116718068, 0.056, 0.974, -0.156, 192.0, 0.0, 0.0, 0.0, 0.0, 0.0, 0.0, 0.0, 0.0, 0.0, 1.741026579416553E9, 0.0, 2025-03-03 12:29:39.416
168.0, -9773.210856105192, 1947.0157560128876, -25651.46543401068, -10717.236783175085, -182303.64409728578, -17091.619025661832, -27932.796231841592, -34863.40163509866, 0.056, 0.974, -0.156, 192.0, 0.0, 0.0, 0.0, 0.0, 0.0, 0.0, 0.0, 0.0, 0.0, 1.74102657941658E9, 0.0, 2025-03-03 12:29:39.416
169.0, -9760.246844321115, 1938.9914797534325, -25641.295390283514, -10722.891774522279, -182364.61965615986, -17086.701641881664, -27925.978949782726, -34848.67183550261, 0.056, 0.974, -0.156, 192.0, 0.0, 0.0, 0.0, 0.0, 0.0, 0.0, 0.0, 0.0, 0.0, 1.741026579416606E9, 0.0, 2025-03-03 12:29:39.416
170.0, -9696.991407512594, 2023.3469633277612, -25639.328436771448, -10728.300896680463, -182344.01134777206, -17088.601540160365, -27931.231609729723, -34848.87300120271, 0.056, 0.972, -0.154, 192.0, 1.0, 192.0, 30.0, 96.0, 251.0, 48.0, 0.0, 0.0, 0.0, 1.741026579416633E9, 0.0, 2025-03-03 12:29:39.416
171.0, -9716.415073444257, 2024.6210127617137, -25647.263306053082, -10732.972411271621, -182341.10562099286, -17095.150601285768, -27928.214124228256, -34845.11790813421, 0.056, 0.972, -0.154, 192.0, 0.0, 0.0, 0.0, 0.0, 0.0, 0.0, 0.0, 0.0, 0.0, 1.741026579416662E9, 0.0, 2025-03-03 12:29:39.416
172.0, -9776.429507306757, 1934.9905174959324, -25647.17389907526, -10727.31741992443, -182410.26191833758, -17094.99413907458, -27921.66506310285, -34839.41821329811, 0.056, 0.972, -0.154, 192.0, 0.0, 0.0, 0.0, 0.0, 0.0, 0.0, 0.0, 0.0, 0.0, 1.741026579416692E9, 0.0, 2025-03-03 12:29:39.416
173.0, -9758.481056509145, 1928.5755668372592, -25638.25555303759, -10716.007437230044, -182444.68360479875, -17081.67249937922, -27915.183057210812, -34832.60093123924, 0.056, 0.972, -0.154, 192.0, 0.0, 0.0, 0.0, 0.0, 0.0, 0.0, 0.0, 0.0, 0.0, 1.741026579416725E9, 0.0, 2025-03-03 12:29:39.416
174.0, -9710.201288485681, 1992.8368321462672, -25631.818250634464, -10720.947172754666, -182439.78857276303, -17079.124400511315, -27911.271501931133, -34830.253998071435, 0.056, 0.972, -0.154, 192.0, 0.0, 0.0, 0.0, 0.0, 0.0, 0.0, 0.0, 0.0, 0.0, 1.741026579416758E9, 0.0, 2025-03-03 12:29:39.416
175.0, -9703.853393060373, 2026.453855807049, -25626.856163365384, -10702.283466134486, -182436.52521807258, -17061.622984602807, -27903.448391371774, -34823.21319856801, 0.056, 0.972, -0.154, 192.0, 0.0, 0.0, 0.0, 0.0, 0.0, 0.0, 0.0, 0.0, 0.0, 1.741026579416785E9, 0.0, 2025-03-03 12:29:39.416
176.0, -9772.540303771533, 1940.0867152317423, -25647.240954308625, -10722.422387888717, -182491.2646402436, -17080.130229011804, -27914.33369092151, -34840.33463482078, 0.056, 0.972, -0.154, 192.0, 0.0, 0.0, 0.0, 0.0, 0.0, 0.0, 0.0, 0.0, 0.0, 1.741026579416812E9, 0.0, 2025-03-03 12:29:39.416
177.0, -9789.259408624102, 1899.5406507898153, -25643.50821298459, -10721.729483810603, -182555.8835334639, -17079.504380167054, -27907.94109200729, -34831.304530060836, 0.056, 0.972, -0.154, 192.0, 0.0, 0.0, 0.0, 0.0, 0.0, 0.0, 0.0, 0.0, 0.0, 1.74102657947669E9, 0.0, 2025-03-03 12:29:39.476
178.0, -9741.292565023014, 1952.9166165490888, -25635.305122769492, -10724.523451867515, -182568.31110338107, -17071.211882974134, -27908.1869611963, -34824.33078579078, 0.056, 0.972, -0.154, 192.0, 0.0, 0.0, 0.0, 0.0, 0.0, 0.0, 0.0, 0.0, 0.0, 1.741026579476721E9, 0.0, 2025-03-03 12:29:39.476
179.0, -9707.340265195402, 2017.5578615138368, -25625.55976218698, -10710.374797627306, -182546.62991125943, -17066.85329280535, -27902.062583215546, -34825.783649180376, 0.056, 0.972, -0.154, 192.0, 0.0, 0.0, 0.0, 0.0, 0.0, 0.0, 0.0, 0.0, 0.0, 1.741026579476749E9, 0.0, 2025-03-03 12:29:39.476
180.0, -9774.12727762786, 1936.0634012297871, -25632.332340756937, -10708.765472026524, -182607.51606315566, -17071.278938207503, -27901.74965879317, -34829.404631782134, 0.058, 0.97, -0.154, 192.0, 1.0, 208.0, 30.0, 80.0, 251.0, 48.0, 0.0, 0.0, 0.0, 1.741026579476787E9, 0.0, 2025-03-03 12:29:39.476
181.0, -9774.998995661617, 1897.7525112333908, -25639.50725072709, -10722.534146610993, -182663.95421790532, -17079.973766800616, -27906.734097806704, -34841.765146465914, 0.058, 0.97, -0.154, 192.0, 0.0, 0.0, 0.0, 0.0, 0.0, 0.0, 0.0, 0.0, 0.0, 1.741026579476821E9, 0.0, 2025-03-03 12:29:39.476
182.0, -9740.420846989256, 1938.164465208586, -25635.774509403054, -10719.516661109526, -182680.56156403563, -17079.459676678143, -27909.19278969679, -34850.236457614476, 0.058, 0.97, -0.154, 192.0, 0.0, 0.0, 0.0, 0.0, 0.0, 0.0, 0.0, 0.0, 0.0, 1.741026579476853E9, 0.0, 2025-03-03 12:29:39.476
183.0, -9703.026378515528, 2002.805710173334, -25630.92418085625, -10718.64494307577, -182668.80454645213, -17073.916444053226, -27907.829333285015, -34840.35698656523, 0.058, 0.97, -0.154, 192.0, 0.0, 0.0, 0.0, 0.0, 0.0, 0.0, 0.0, 0.0, 0.0, 1.741026579476879E9, 0.0, 2025-03-03 12:29:39.476
184.0, -9758.79398093152, 1941.2043024545078, -25642.41297750628, -10717.415597130728, -182702.75684627972, -17075.10108650936, -27907.181132695812, -34842.3239400773, 0.058, 0.97, -0.154, 192.0, 0.0, 0.0, 0.0, 0.0, 0.0, 0.0, 0.0, 0.0, 0.0, 1.741026579476911E9, 0.0, 2025-03-03 12:29:39.476
185.0, -9802.379882619367, 1873.4338132660168, -25651.107806099393, -10731.988934515588, -182780.1832890729, -17089.629720405308, -27913.90900777686, -34859.46772807452, 0.058, 0.97, -0.154, 192.0, 0.0, 0.0, 0.0, 0.0, 0.0, 0.0, 0.0, 0.0, 0.0, 1.741026579476938E9, 0.0, 2025-03-03 12:29:39.476
186.0, -9770.685108981743, 1894.1538803760864, -25645.139890329825, -10728.189137958187, -182825.46792333937, -17085.271130236524, -27912.925531020825, -34854.39388208317, 0.058, 0.97, -0.154, 192.0, 0.0, 0.0, 0.0, 0.0, 0.0, 0.0, 0.0, 0.0, 0.0, 1.741026579476964E9, 0.0, 2025-03-03 12:29:39.476
187.0, -9698.578381368921, 2000.8834601501776, -25643.59761996241, -10723.584678600393, -182776.67406519342, -17079.95141505616, -27920.323958435532, -34850.54938203685, 0.058, 0.97, -0.154, 192.0, 0.0, 0.0, 0.0, 0.0, 0.0, 0.0, 0.0, 0.0, 0.0, 1.741026579476994E9, 0.0, 2025-03-03 12:29:39.476
188.0, -9740.465550478168, 1956.6717096175803, -25646.525698486057, -10723.69643732267, -182791.31445781165, -17083.23712149109, -27913.685490332307, -34850.61643727022, 0.058, 0.97, -0.154, 192.0, 0.0, 0.0, 0.0, 0.0, 0.0, 0.0, 0.0, 0.0, 0.0, 1.741026579477026E9, 0.0, 2025-03-03 12:29:39.477
189.0, -9799.228286651169, 1866.2141998069526, -25647.620933964365, -10719.807233787446, -182891.9643630939, -17078.453848177654, -27910.2880251751, -34844.33559707828, 0.058, 0.97, -0.154, 192.0, 0.0, 0.0, 0.0, 0.0, 0.0, 0.0, 0.0, 0.0, 0.0, 1.741026579477059E9, 0.0, 2025-03-03 12:29:39.477
190.0, -9772.27208283807, 1882.9333046595223, -25643.150585073305, -10722.64590533327, -182929.7388112234, -17082.566569157432, -27913.66313858785, -34850.68349250359, 0.058, 0.968, -0.15, 192.0, 1.0, 208.0, 30.0, 64.0, 251.0, 80.0, 0.0, 0.0, 0.0, 1.741026579477085E9, 0.0, 2025-03-03 12:29:39.477
191.0, -9712.54822165349, 1973.7931458703454, -25641.250686794603, -10722.511794866537, -182895.60769744014, -17085.695813381175, -27917.19471421179, -34858.975989696504, 0.058, 0.968, -0.15, 192.0, 0.0, 0.0, 0.0, 0.0, 0.0, 0.0, 0.0, 0.0, 0.0, 1.741026579477115E9, 0.0, 2025-03-03 12:29:39.477
192.0, -9755.843550663418, 1941.5395786213373, -25643.418806006768, -10727.228012946607, -182936.22081711542, -17086.120496525826, -27911.495019375685, -34859.62419028571, 0.058, 0.968, -0.15, 192.0, 0.0, 0.0, 0.0, 0.0, 0.0, 0.0, 0.0, 0.0, 0.0, 1.741026579477146E9, 0.0, 2025-03-03 12:29:39.477
193.0, -9800.770557018586, 1862.9284933720226, -25641.384797261337, -10720.723655310114, -183024.84548388072, -17072.62004287482, -27908.298719918577, -34852.94101869357, 0.058, 0.968, -0.15, 192.0, 0.0, 0.0, 0.0, 0.0, 0.0, 0.0, 0.0, 0.0, 0.0, 1.74102657953798E9, 0.0, 2025-03-03 12:29:39.537
194.0, -9777.323577084968, 1888.007150650877, -25639.842526893917, -10727.630344346804, -183057.92606567458, -17082.030127290505, -27906.644690828885, -34850.92936169259, 0.058, 0.968, -0.15, 192.0, 0.0, 0.0, 0.0, 0.0, 0.0, 0.0, 0.0, 0.0, 0.0, 1.741026579538043E9, 0.0, 2025-03-03 12:29:39.538
195.0, -9724.618163659354, 1981.1692215405967, -25646.860974652885, -10749.691516124192, -183035.88724564164, -17088.959168071648, -27915.071298488536, -34851.46580355952, 0.058, 0.968, -0.15, 192.0, 0.0, 0.0, 0.0, 0.0, 0.0, 0.0, 0.0, 0.0, 0.0, 1.74102657953807E9, 0.0, 2025-03-03 12:29:39.538
196.0, -9746.07583833645, 1990.936933867566, -25655.019361379073, -10758.855731350868, -183034.12145782966, -17096.134078041803, -27917.485286889707, -34855.690283261574, 0.058, 0.968, -0.15, 192.0, 0.0, 0.0, 0.0, 0.0, 0.0, 0.0, 0.0, 0.0, 0.0, 1.741026579538119E9, 0.0, 2025-03-03 12:29:39.538
197.0, -9801.21759190769, 1903.0498746692986, -25643.97759961815, -10748.216300990141, -183102.964830752, -17093.161296029248, -27910.466839130742, -34856.85257397325, 0.058, 0.968, -0.15, 192.0, 0.0, 0.0, 0.0, 0.0, 0.0, 0.0, 0.0, 0.0, 0.0, 1.74102657953815E9, 0.0, 2025-03-03 12:29:39.538
198.0, -9781.950388187217, 1888.0518541397876, -25633.248762279603, -10735.65462060626, -183158.88889537918, -17086.14284827028, -27905.750621050673, -34851.1752308816, 0.058, 0.968, -0.15, 192.0, 0.0, 0.0, 0.0, 0.0, 0.0, 0.0, 0.0, 0.0, 0.0, 1.741026579538177E9, 0.0, 2025-03-03 12:29:39.538
199.0, -9717.219736244648, 1966.0817940332645, -25629.672483166752, -10729.9325740257, -183145.00846207244, -17075.548121398464, -27907.069373973536, -34846.97310292401, 0.058, 0.968, -0.15, 192.0, 0.0, 0.0, 0.0, 0.0, 0.0, 0.0, 0.0, 0.0, 0.0, 1.741026579538203E9, 0.0, 2025-03-03 12:29:39.538
200.0, -9707.340265195402, 1999.8776316496887, -25630.208925033683, -10725.305762923452, -183140.1804852701, -17074.743458598074, -27903.828371027517, -34848.627132013695, 0.06, 0.972, -0.152, 192.0, 1.0, 224.0, 30.0, 96.0, 251.0, 64.0, 0.0, 0.0, 0.0, 1.741026579538229E9, 0.0, 2025-03-03 12:29:39.538
201.0, -9778.88819919684, 1919.165482421575, -25636.176840803248, -10729.351428669863, -183212.22015764954, -17077.29155746598, -27901.593196581984, -34850.90700994814, 0.06, 0.972, -0.152, 192.0, 0.0, 0.0, 0.0, 0.0, 0.0, 0.0, 0.0, 0.0, 0.0, 1.741026579538258E9, 0.0, 2025-03-03 12:29:39.538
202.0, -9804.816222764995, 1901.4852525574272, -25644.178765318247, -10736.16871072873, -183264.92557107517, -17083.125362768813, -27905.549455350574, -34858.57365829631, 0.06, 0.972, -0.152, 192.0, 0.0, 0.0, 0.0, 0.0, 0.0, 0.0, 0.0, 0.0, 0.0, 1.741026579538285E9, 0.0, 2025-03-03 12:29:39.538
203.0, -9770.752164215108, 1959.3092154633066, -25656.539280002035, -10746.539920155994, -183270.4688037001, -17091.462563450645, -27914.0878217325, -34857.54547805136, 0.06, 0.972, -0.152, 192.0, 0.0, 0.0, 0.0, 0.0, 0.0, 0.0, 0.0, 0.0, 0.0, 1.74102657953835E9, 0.0, 2025-03-03 12:29:39.538
204.0, -9727.143910782805, 2025.8727104512109, -25637.2497245371, -10729.97727751461, -183249.7934400789, -17079.61613888933, -27902.71078380475, -34844.73792847848, 0.06, 0.972, -0.152, 192.0, 0.0, 0.0, 0.0, 0.0, 0.0, 0.0, 0.0, 0.0, 0.0, 1.741026579538386E9, 0.0, 2025-03-03 12:29:39.538
205.0, -9775.021347406071, 1944.9593955229993, -25645.475166496657, -10740.326135197418, -183310.38901929726, -17082.790086601985, -27899.29096690309, -34846.77193722391, 0.06, 0.972, -0.152, 192.0, 0.0, 0.0, 0.0, 0.0, 0.0, 0.0, 0.0, 0.0, 0.0, 1.741026579538416E9, 0.0, 2025-03-03 12:29:39.538
206.0, -9797.149574416826, 1895.8079094657792, -25652.672428211266, -10738.023905518521, -183382.45104342117, -17086.344013970378, -27903.38133613841, -34848.69418724706, 0.06, 0.972, -0.152, 192.0, 0.0, 0.0, 0.0, 0.0, 0.0, 0.0, 0.0, 0.0, 0.0, 1.741026579538444E9, 0.0, 2025-03-03 12:29:39.538
207.0, -9760.492713510122, 1946.032279256854, -25654.54997474551, -10737.68862935169, -183389.96122955816, -17083.795915102473, -27909.639824585895, -34856.65140827315, 0.06, 0.972, -0.152, 192.0, 0.0, 0.0, 0.0, 0.0, 0.0, 0.0, 0.0, 0.0, 0.0, 1.741026579538473E9, 0.0, 2025-03-03 12:29:39.538
208.0, -9721.243050246603, 2016.8202539468116, -25652.918297400272, -10736.526338640017, -183377.10897649635, -17080.465505178632, -27909.86334203045, -34858.41719608512, 0.06, 0.972, -0.152, 192.0, 0.0, 0.0, 0.0, 0.0, 0.0, 0.0, 0.0, 0.0, 0.0, 1.741026579598239E9, 0.0, 2025-03-03 12:29:39.598
209.0, -9770.5062950261, 1959.2645119743959, -25658.997971892117, -10747.724562612124, -183418.3032415275, -17089.361499471845, -27905.124772205923, -34854.013902427425, 0.06, 0.972, -0.152, 192.0, 0.0, 0.0, 0.0, 0.0, 0.0, 0.0, 0.0, 0.0, 0.0, 1.741026579598291E9, 0.0, 2025-03-03 12:29:39.598
210.0, -9810.113586200903, 1901.1723281350528, -25656.15930034629, -10739.476768908116, -183486.99015223864, -17096.558761186454, -27906.71174606225, -34860.54061180838, 0.062, 0.97, -0.156, 192.0, 1.0, 240.0, 30.0, 80.0, 251.0, 32.0, 0.0, 0.0, 0.0, 1.741026579598337E9, 0.0, 2025-03-03 12:29:39.598
211.0, -9782.799754476519, 1929.871968015667, -25649.900811898806, -10731.564251370937, -183519.98132705467, -17082.968900557626, -27904.834199528006, -34857.56782979582, 0.062, 0.97, -0.156, 192.0, 0.0, 0.0, 0.0, 0.0, 0.0, 0.0, 0.0, 0.0, 0.0, 1.741026579598411E9, 0.0, 2025-03-03 12:29:39.598
212.0, -9715.5433554105, 2024.5986610172583, -25639.998989105105, -10724.83637628989, -183501.54113787904, -17078.47619992211, -27902.844894271482, -34853.589219282774, 0.062, 0.97, -0.156, 192.0, 0.0, 0.0, 0.0, 0.0, 0.0, 0.0, 0.0, 0.0, 0.0, 1.741026579598455E9, 0.0, 2025-03-03 12:29:39.598
213.0, -9756.469399508167, 1985.7513291539346, -25644.983428118638, -10723.159995455742, -183537.59450168547, -17079.32556621141, -27898.441600613787, -34851.46580355952, 0.062, 0.97, -0.156, 192.0, 0.0, 0.0, 0.0, 0.0, 0.0, 0.0, 0.0, 0.0, 0.0, 1.741026579598495E9, 0.0, 2025-03-03 12:29:39.598
214.0, -9806.291437899046, 1905.6873805150249, -25649.878460154352, -10726.870385035323, -183629.10254348547, -17083.90767382475, -27902.844894271482, -34857.6795885181, 0.062, 0.97, -0.156, 192.0, 0.0, 0.0, 0.0, 0.0, 0.0, 0.0, 0.0, 0.0, 0.0, 1.741026579598534E9, 0.0, 2025-03-03 12:29:39.598
215.0, -9784.07380391047, 1920.5959940667146, -25643.530564729044, -10725.730446068103, -183675.43770974132, -17086.880455837305, -27904.923606505825, -34860.47355657501, 0.062, 0.97, -0.156, 192.0, 0.0, 0.0, 0.0, 0.0, 0.0, 0.0, 0.0, 0.0, 0.0, 1.741026579598575E9, 0.0, 2025-03-03 12:29:39.598
216.0, -9716.549183910989, 2015.7697219574122, -25640.200154805203, -10732.570079871426, -183654.47177344226, -17084.265301736035, -27905.52710360612, -34855.84674547276, 0.062, 0.97, -0.156, 192.0, 0.0, 0.0, 0.0, 0.0, 0.0, 0.0, 0.0, 0.0, 0.0, 1.741026579598614E9, 0.0, 2025-03-03 12:29:39.598
217.0, -9756.067068107972, 2000.3246665387949, -25645.184593818736, -10736.12400723982, -183681.1597563219, -17073.08942950838, -27904.1859989388, -34853.589219282774, 0.062, 0.97, -0.156, 192.0, 0.0, 0.0, 0.0, 0.0, 0.0, 0.0, 0.0, 0.0, 0.0, 1.741026579598653E9, 0.0, 2025-03-03 12:29:39.598
218.0, -9814.852156025428, 1916.2821073868404, -25656.36046604639, -10747.612803889848, -183757.8709432925, -17094.14477278528, -27917.95467352327, -34880.41131262914, 0.062, 0.97, -0.156, 192.0, 0.0, 0.0, 0.0, 0.0, 0.0, 0.0, 0.0, 0.0, 0.0, 1.741026579598702E9, 0.0, 2025-03-03 12:29:39.598
219.0, -9804.74916753163, 1912.0799794292427, -25650.481957254644, -10739.208547974653, -183805.01077234876, -17100.313854254946, -27917.775859567628, -34893.8894145357, 0.062, 0.97, -0.156, 192.0, 0.0, 0.0, 0.0, 0.0, 0.0, 0.0, 0.0, 0.0, 0.0, 1.741026579598751E9, 0.0, 2025-03-03 12:29:39.598
220.0, -9742.723076668153, 1991.518079223404, -25638.724939671152, -10738.985030530099, -183805.54721421568, -17091.842543106384, -27917.708804334263, -34878.04202771688, 0.06, 0.976, -0.156, 192.0, 1.0, 224.0, 30.0, 128.0, 251.0, 32.0, 0.0, 0.0, 0.0, 1.741026579598802E9, 0.0, 2025-03-03 12:29:39.598
221.0, -9744.332402268936, 2015.0097626459317, -25648.4032450203, -10747.813969589946, -183794.9748390883, -17093.988310574092, -27923.922589292837, -34877.46088236104, 0.06, 0.976, -0.156, 192.0, 0.0, 0.0, 0.0, 0.0, 0.0, 0.0, 0.0, 0.0, 0.0, 1.741026579598852E9, 0.0, 2025-03-03 12:29:39.598
222.0, -9818.294324671546, 1927.3685726366728, -25654.32645730096, -10751.569062658438, -183860.890133487, -17097.832810620406, -27922.112097991958, -34884.32286790882, 0.06, 0.976, -0.156, 192.0, 0.0, 0.0, 0.0, 0.0, 0.0, 0.0, 0.0, 0.0, 0.0, 1.741026579598896E9, 0.0, 2025-03-03 12:29:39.598
223.0, -9825.201013708236, 1904.9050694590892, -25640.378968760848, -10740.929632297712, -183940.8199716592, -17080.532560411997, -27909.036327485603, -34874.26458290393, 0.06, 0.976, -0.156, 192.0, 0.0, 0.0, 0.0, 0.0, 0.0, 0.0, 0.0, 0.0, 0.0, 1.74102657965759E9, 0.0, 2025-03-03 12:29:39.657
224.0, -9754.323632040458, 1986.9583233545213, -25637.763814659575, -10748.864501579345, -183947.4584397624, -17083.058307535448, -27915.607740355463, -34881.73006555201, 0.06, 0.976, -0.156, 192.0, 0.0, 0.0, 0.0, 0.0, 0.0, 0.0, 0.0, 0.0, 0.0, 1.741026579657649E9, 0.0, 2025-03-03 12:29:39.657
225.0, -9752.334326783935, 2037.6073762902472, -25648.112672342384, -10742.293088709484, -183921.68687840545, -17095.86585710834, -27926.068356760545, -34888.30147842187, 0.06, 0.976, -0.156, 192.0, 0.0, 0.0, 0.0, 0.0, 0.0, 0.0, 0.0, 0.0, 0.0, 1.741026579657694E9, 0.0, 2025-03-03 12:29:39.657
226.0, -9805.933809987762, 1958.6386631296473, -25648.15737583129, -10734.961716528143, -183970.63719876256, -17107.600522947374, -27925.487211404707, -34890.7378185675, 0.06, 0.976, -0.156, 192.0, 0.0, 0.0, 0.0, 0.0, 0.0, 0.0, 0.0, 0.0, 0.0, 1.74102657965777E9, 0.0, 2025-03-03 12:29:39.657
227.0, -9794.109737170904, 1924.1275696906532, -25649.23025956515, -10745.198815488675, -184029.3328797022, -17108.114613069847, -27923.52025789264, -34879.98662948449, 0.06, 0.976, -0.156, 192.0, 0.0, 0.0, 0.0, 0.0, 0.0, 0.0, 0.0, 0.0, 0.0, 1.741026579657818E9, 0.0, 2025-03-03 12:29:39.657
228.0, -9760.35860304339, 1971.2673987468959, -25651.01839912157, -10742.561309642948, -184046.1413915326, -17096.91638909774, -27923.632016614916, -34879.114911450735, 0.06, 0.976, -0.156, 192.0, 0.0, 0.0, 0.0, 0.0, 0.0, 0.0, 0.0, 0.0, 0.0, 1.741026579657861E9, 0.0, 2025-03-03 12:29:39.657
229.0, -9737.895099865807, 2015.6356114906803, -25647.93385838674, -10740.661411364248, -184055.6408829261, -17093.407165218254, -27918.133487478914, -34876.119777693726, 0.06, 0.976, -0.156, 192.0, 0.0, 0.0, 0.0, 0.0, 0.0, 0.0, 0.0, 0.0, 0.0, 1.741026579657914E9, 0.0, 2025-03-03 12:29:39.657
230.0, -9793.707405770709, 1938.0527064863095, -25655.242878823625, -10736.258117706551, -184121.46677034697, -17091.373156472822, -27918.088783990002, -34871.984704969494, 0.064, 0.974, -0.156, 192.0, 2.0, 0.0, 30.0, 112.0, 251.0, 32.0, 0.0, 0.0, 0.0, 1.741026579657968E9, 0.0, 2025-03-03 12:29:39.657
231.0, -9824.776330563585, 1889.3035518292847, -25656.583983490942, -10736.481635151105, -184199.69787594056, -17087.528656426508, -27909.86334203045, -34868.65429504565, 0.064, 0.974, -0.156, 192.0, 0.0, 0.0, 0.0, 0.0, 0.0, 0.0, 0.0, 0.0, 0.0, 1.741026579658022E9, 0.0, 2025-03-03 12:29:39.658
232.0, -9779.26817885258, 1941.2490059434183, -25651.107806099393, -10735.676972350713, -184218.9874314055, -17083.974729058114, -27907.650519329374, -34868.631943301196, 0.064, 0.974, -0.156, 192.0, 0.0, 0.0, 0.0, 0.0, 0.0, 0.0, 0.0, 0.0, 0.0, 1.741026579658066E9, 0.0, 2025-03-03 12:29:39.658
233.0, -9730.586079428922, 2019.9942016594653, -25654.952306145708, -10749.289184723995, -184195.2722305384, -17093.071889051425, -27914.780725810615, -34874.7339695375, 0.064, 0.974, -0.156, 192.0, 0.0, 0.0, 0.0, 0.0, 0.0, 0.0, 0.0, 0.0, 0.0, 1.741026579658115E9, 0.0, 2025-03-03 12:29:39.658
234.0, -9806.604362321421, 1959.488029418949, -25665.614088250888, -10737.88979505179, -184231.10207690028, -17093.76479312954, -27918.647577601383, -34871.71648403603, 0.064, 0.974, -0.156, 192.0, 0.0, 0.0, 0.0, 0.0, 0.0, 0.0, 0.0, 0.0, 0.0, 1.741026579658173E9, 0.0, 2025-03-03 12:29:39.658
235.0, -9818.115510715903, 1899.071264156254, -25648.112672342384, -10720.298972165463, -184304.12522603574, -17079.347917955867, -27910.57859785302, -34869.57071656832, 0.064, 0.974, -0.156, 192.0, 0.0, 0.0, 0.0, 0.0, 0.0, 0.0, 0.0, 0.0, 0.0, 1.74102657965823E9, 0.0, 2025-03-03 12:29:39.658
236.0, -9770.372184559368, 1924.6640115575806, -25642.614143206378, -10726.244536190574, -184339.37392704177, -17075.10108650936, -27907.605815840463, -34853.54451579387, 0.064, 0.974, -0.156, 192.0, 0.0, 0.0, 0.0, 0.0, 0.0, 0.0, 0.0, 0.0, 0.0, 1.741026579658277E9, 0.0, 2025-03-03 12:29:39.658
237.0, -9717.219736244648, 2016.5743847578033, -25643.64232345132, -10732.950059527167, -184316.99983084202, -17077.224502232613, -27911.450315886774, -34855.73498675048, 0.064, 0.974, -0.156, 192.0, 0.0, 0.0, 0.0, 0.0, 0.0, 0.0, 0.0, 0.0, 0.0, 1.741026579658326E9, 0.0, 2025-03-03 12:29:39.658
238.0, -9764.068992622972, 1981.5268494518816, -25651.01839912157, -10737.68862935169, -184331.03672635995, -17083.0806592799, -27908.3881268964, -34865.65916128864, 0.064, 0.974, -0.156, 192.0, 0.0, 0.0, 0.0, 0.0, 0.0, 0.0, 0.0, 0.0, 0.0, 1.741026579717414E9, 0.0, 2025-03-03 12:29:39.717
239.0, -9817.668475826798, 1898.199546122497, -25647.21860256417, -10733.061818249444, -184424.75759086106, -17084.980557558603, -27905.392993139387, -34856.114966406225, 0.064, 0.974, -0.156, 192.0, 0.0, 0.0, 0.0, 0.0, 0.0, 0.0, 0.0, 0.0, 0.0, 1.741026579717467E9, 0.0, 2025-03-03 12:29:39.717
240.0, -9777.569446273978, 1927.748552292413, -25644.64815195181, -10746.584623644903, -184453.68074818622, -17087.886284337794, -27911.874999031428, -34861.59114379778, 0.062, 0.976, -0.154, 192.0, 1.0, 240.0, 30.0, 128.0, 251.0, 48.0, 0.0, 0.0, 0.0, 1.74102657971751E9, 0.0, 2025-03-03 12:29:39.717
241.0, -9726.674524149243, 2011.3887800441719, -25646.12336708586, -10749.110370768354, -184442.32606200292, -17094.4353454632, -27916.85943804496, -34875.42687361561, 0.062, 0.976, -0.154, 192.0, 0.0, 0.0, 0.0, 0.0, 0.0, 0.0, 0.0, 0.0, 0.0, 1.741026579717572E9, 0.0, 2025-03-03 12:29:39.717
242.0, -9751.484960494634, 1999.9893903719653, -25641.4518524947, -10737.532167140505, -184469.08110011593, -17088.556836671454, -27911.76324030915, -34870.7777107689, 0.062, 0.976, -0.154, 192.0, 0.0, 0.0, 0.0, 0.0, 0.0, 0.0, 0.0, 0.0, 0.0, 1.741026579717618E9, 0.0, 2025-03-03 12:29:39.717
243.0, -9803.050434953027, 1920.908918489089, -25642.480032739644, -10743.12010325433, -184534.23643520314, -17097.29636875348, -27913.439621143298, -34868.94486772357, 0.062, 0.976, -0.154, 192.0, 0.0, 0.0, 0.0, 0.0, 0.0, 0.0, 0.0, 0.0, 0.0, 1.741026579717662E9, 0.0, 2025-03-03 12:29:39.717
244.0, -9778.105888140904, 1919.3442963772175, -25642.927067628752, -10753.781885359513, -184564.7689181291, -17097.318720497933, -27922.603836369974, -34887.40740864365, 0.062, 0.976, -0.154, 192.0, 0.0, 0.0, 0.0, 0.0, 0.0, 0.0, 0.0, 0.0, 0.0, 1.741026579717701E9, 0.0, 2025-03-03 12:29:39.717
245.0, -9735.682277164731, 1991.6745414345912, -25642.41297750628, -10754.430085948718, -184556.47642093617, -17089.80853436095, -27923.252036959177, -34884.68049582011, 0.062, 0.976, -0.154, 192.0, 0.0, 0.0, 0.0, 0.0, 0.0, 0.0, 0.0, 0.0, 0.0, 1.74102657971774E9, 0.0, 2025-03-03 12:29:39.717
246.0, -9750.657945949788, 2006.2031753305407, -25635.64039893632, -10740.259079964051, -184568.3675489864, -17091.641377406286, -27911.651481586872, -34867.35789386724, 0.062, 0.976, -0.154, 192.0, 0.0, 0.0, 0.0, 0.0, 0.0, 0.0, 0.0, 0.0, 0.0, 1.741026579717779E9, 0.0, 2025-03-03 12:29:39.717
247.0, -9804.011559964605, 1935.3704971516727, -25630.45479422269, -10730.334905425896, -184624.76100024712, -17094.122421040825, -27911.22679844222, -34876.90208874966, 0.062, 0.976, -0.154, 192.0, 0.0, 0.0, 0.0, 0.0, 0.0, 0.0, 0.0, 0.0, 0.0, 1.741026579717818E9, 0.0, 2025-03-03 12:29:39.717
248.0, -9824.910441030317, 1914.359857363684, -25634.58986694692, -10738.493292152083, -184685.0436550431, -17092.870723351327, -27913.171400209834, -34878.08673120579, 0.062, 0.976, -0.154, 192.0, 0.0, 0.0, 0.0, 0.0, 0.0, 0.0, 0.0, 0.0, 0.0, 1.741026579717865E9, 0.0, 2025-03-03 12:29:39.717
249.0, -9800.32352212948, 1968.8310586012674, -25643.619971706867, -10753.357202214862, -184710.859919889, -17095.86585710834, -27923.207333470265, -34878.846690517275, 0.062, 0.976, -0.154, 192.0, 0.0, 0.0, 0.0, 0.0, 0.0, 0.0, 0.0, 0.0, 0.0, 1.741026579717918E9, 0.0, 2025-03-03 12:29:39.717
250.0, -9741.583137700933, 2026.6997249960573, -25638.5014222266, -10754.31832722644, -184676.6393991279, -17097.65399666476, -27919.273426446132, -34875.85155676026, 0.06, 0.974, -0.152, 192.0, 1.0, 224.0, 30.0, 112.0, 251.0, 64.0, 0.0, 0.0, 0.0, 1.741026579717973E9, 0.0, 2025-03-03 12:29:39.717
251.0, -9792.992149948139, 1943.417125155583, -25643.46350949568, -10739.543824141481, -184735.33508006754, -17095.217656519133, -27919.496943890685, -34880.657181818155, 0.06, 0.974, -0.152, 192.0, 0.0, 0.0, 0.0, 0.0, 0.0, 0.0, 0.0, 0.0, 0.0, 1.741026579718022E9, 0.0, 2025-03-03 12:29:39.718
252.0, -9823.301115429535, 1910.0012671948991, -25644.111710084882, -10737.97920202961, -184802.3232582001, -17088.266263993533, -27921.10626949147, -34882.80294928586, 0.06, 0.974, -0.152, 192.0, 0.0, 0.0, 0.0, 0.0, 0.0, 0.0, 0.0, 0.0, 0.0, 1.741026579718065E9, 0.0, 2025-03-03 12:29:39.718
253.0, -9767.354699057902, 1970.5968464132366, -25629.82894537794, -10732.391265915783, -184814.48260718377, -17081.47133367912, -27916.166533966847, -34872.29762939187, 0.06, 0.974, -0.152, 192.0, 0.0, 0.0, 0.0, 0.0, 0.0, 0.0, 0.0, 0.0, 0.0, 1.741026579777689E9, 0.0, 2025-03-03 12:29:39.777
254.0, -9721.757140369074, 2042.390649603683, -25631.214753534172, -10732.0336380045, -184775.47881310928, -17082.4324586907, -27919.80986831306, -34876.92444049411, 0.06, 0.974, -0.152, 192.0, 0.0, 0.0, 0.0, 0.0, 0.0, 0.0, 0.0, 0.0, 0.0, 1.741026579777745E9, 0.0, 2025-03-03 12:29:39.777
255.0, -9810.046530967538, 1950.614386870192, -25649.40907352079, -10737.59922237387, -184842.86932264201, -17087.930987826705, -27924.347272437488, -34886.40158014317, 0.06, 0.974, -0.152, 192.0, 0.0, 0.0, 0.0, 0.0, 0.0, 0.0, 0.0, 0.0, 0.0, 1.74102657977779E9, 0.0, 2025-03-03 12:29:39.777
0.0, -9835.259298713125, 1903.2510403693964, -25652.113634599882, -10744.908242810756, -184901.9896867263, -17094.77062163003, -27928.10236550598, -34894.47055989153, 0.06, 0.974, -0.152, 192.0, 0.0, 0.0, 0.0, 0.0, 0.0, 0.0, 0.0, 0.0, 0.0, 1.741026579777857E9, 0.0, 2025-03-03 12:29:39.777
1.0, -9785.303149855514, 1956.5375991508483, -25644.782262418543, -10741.108446253354, -184894.90418373398, -17091.641377406286, -27924.213161970754, -34888.59205109978, 0.06, 0.974, -0.152, 192.0, 0.0, 0.0, 0.0, 0.0, 0.0, 0.0, 0.0, 0.0, 0.0, 1.741026579777906E9, 0.0, 2025-03-03 12:29:39.777
2.0, -9733.73767539712, 2033.3381930992834, -25638.859050137886, -10744.550614899472, -184871.12192763353, -17092.28957799549, -27919.966330524247, -34882.93705975259, 0.06, 0.974, -0.152, 192.0, 0.0, 0.0, 0.0, 0.0, 0.0, 0.0, 0.0, 0.0, 0.0, 1.741026579777956E9, 0.0, 2025-03-03 12:29:39.777
3.0, -9796.456670338712, 1964.427764943572, -25648.425596764755, -10742.65071662077, -184935.38319294254, -17100.850296121873, -27923.58731312601, -34896.929251781614, 0.06, 0.974, -0.152, 192.0, 0.0, 0.0, 0.0, 0.0, 0.0, 0.0, 0.0, 0.0, 0.0, 1.741026579778002E9, 0.0, 2025-03-03 12:29:39.778
4.0, -9817.623772337887, 1914.292802130318, -25646.033960108038, -10740.594356130881, -185001.23143210786, -17095.150601285768, -27925.57661838253, -34899.27618494942, 0.06, 0.974, -0.154, 192.0, 1.0, 224.0, 30.0, 112.0, 251.0, 48.0, 0.0, 0.0, 0.0, 1.741026579778047E9, 0.0, 2025-03-03 12:29:39.778
5.0, -9799.138879673348, 1940.5561018653038, -25649.274963054057, -10751.099676024876, -185025.30426088625, -17100.425612977222, -27931.9915690412, -34900.505530894465, 0.06, 0.974, -0.154, 192.0, 0.0, 0.0, 0.0, 0.0, 0.0, 0.0, 0.0, 0.0, 0.0, 1.741026579778098E9, 0.0, 2025-03-03 12:29:39.778
6.0, -9743.460684235179, 2020.642402248669, -25643.195288562216, -10745.981126544611, -185009.3674670896, -17097.989272831594, -27931.656292874373, -34902.114856495245, 0.06, 0.974, -0.154, 192.0, 0.0, 0.0, 0.0, 0.0, 0.0, 0.0, 0.0, 0.0, 0.0, 1.741026579778142E9, 0.0, 2025-03-03 12:29:39.778
7.0, -9770.372184559368, 1987.2041925435296, -25646.771567675063, -10750.496178924583, -185028.03117370978, -17102.794897889486, -27930.38224344042, -34902.114856495245, 0.06, 0.974, -0.154, 192.0, 0.0, 0.0, 0.0, 0.0, 0.0, 0.0, 0.0, 0.0, 0.0, 1.741026579778187E9, 0.0, 2025-03-03 12:29:39.778
8.0, -9823.994019507649, 1902.0440461688097, -25662.12721611586, -10769.56221694496, -185102.9765728684, -17110.685063682206, -27940.14995576739, -34910.11678101025, 0.06, 0.974, -0.154, 192.0, 0.0, 0.0, 0.0, 0.0, 0.0, 0.0, 0.0, 0.0, 0.0, 1.741026579778243E9, 0.0, 2025-03-03 12:29:39.778
9.0, -9803.676283797775, 1914.5163195748712, -25653.79001543403, -10766.298862254485, -185141.53333205383, -17104.985368846104, -27941.647522645897, -34915.97293805754, 0.06, 0.974, -0.154, 192.0, 0.0, 0.0, 0.0, 0.0, 0.0, 0.0, 0.0, 0.0, 0.0, 1.741026579778297E9, 0.0, 2025-03-03 12:29:39.778
10.0, -9730.20609977318, 2015.5238527684037, -25654.438216023234, -10771.193894290196, -185099.5344042223, -17112.24968579408, -27948.48715644922, -34924.28778699491, 0.06, 0.974, -0.154, 192.0, 0.0, 0.0, 0.0, 0.0, 0.0, 0.0, 0.0, 0.0, 0.0, 1.741026579778339E9, 0.0, 2025-03-03 12:29:39.778
11.0, -9754.636556462832, 2006.4937480084598, -25648.269134553568, -10753.55836791496, -185109.32446829372, -17095.105897796857, -27930.605760884973, -34896.75043782598, 0.06, 0.974, -0.154, 192.0, 0.0, 0.0, 0.0, 0.0, 0.0, 0.0, 0.0, 0.0, 0.0, 1.741026579778364E9, 0.0, 2025-03-03 12:29:39.778
12.0, -9814.919211258795, 1923.8593487571895, -25654.192346834225, -10753.737181870601, -185175.82090804828, -17100.470316466133, -27934.4949644202, -34899.454998905065, 0.06, 0.974, -0.154, 192.0, 0.0, 0.0, 0.0, 0.0, 0.0, 0.0, 0.0, 0.0, 0.0, 1.741026579837965E9, 0.0, 2025-03-03 12:29:39.837
13.0, -9810.18064143427, 1922.294726645318, -25651.107806099393, -10752.552539414472, -185217.93159460207, -17105.14183105729, -27936.685435376818, -34902.71835359554, 0.06, 0.974, -0.154, 192.0, 0.0, 0.0, 0.0, 0.0, 0.0, 0.0, 0.0, 0.0, 0.0, 1.74102657983802E9, 0.0, 2025-03-03 12:29:39.838
14.0, -9753.541320984521, 1993.4403292465604, -25637.987332104127, -10730.089036236886, -185220.97143184798, -17083.371231957823, -27930.605760884973, -34900.997269272484, 0.05, 0.976, -0.156, 192.0, 1.0, 144.0, 30.0, 128.0, 251.0, 32.0, 0.0, 0.0, 0.0, 1.741026579838063E9, 0.0, 2025-03-03 12:29:39.838
15.0, -9740.286736522525, 2009.3100678098283, -25629.06898606646, -10731.139568226286, -185236.59530122226, -17082.18658950169, -27924.324920693034, -34904.12651349622, 0.05, 0.976, -0.156, 192.0, 0.0, 0.0, 0.0, 0.0, 0.0, 0.0, 0.0, 0.0, 0.0, 1.741026579838113E9, 0.0, 2025-03-03 12:29:39.838
16.0, -9786.040757422537, 1931.5930523387258, -25625.17978253124, -10727.540937368982, -185300.56599385335, -17074.542292897975, -27921.598007869485, -34894.89524303618, 0.05, 0.976, -0.156, 192.0, 0.0, 0.0, 0.0, 0.0, 0.0, 0.0, 0.0, 0.0, 0.0, 1.741026579838189E9, 0.0, 2025-03-03 12:29:39.838
17.0, -9791.673397025275, 1918.3161161322732, -25630.410090733778, -10729.373780414317, -185348.46578222106, -17082.499513924064, -27930.9410370518, -34903.165388484646, 0.05, 0.976, -0.156, 192.0, 0.0, 0.0, 0.0, 0.0, 0.0, 0.0, 0.0, 0.0, 0.0, 1.741026579838235E9, 0.0, 2025-03-03 12:29:39.838
18.0, -9740.554957455988, 1993.6414949466582, -25639.082567582438, -10737.576870629415, -185334.0936105363, -17089.22738900511, -27943.81564185806, -34917.224635747036, 0.05, 0.976, -0.156, 192.0, 0.0, 0.0, 0.0, 0.0, 0.0, 0.0, 0.0, 0.0, 0.0, 1.741026579838275E9, 0.0, 2025-03-03 12:29:39.838
19.0, -9734.944669597706, 2032.7570477434456, -25648.269134553568, -10747.992783545587, -185320.81667432986, -17094.278883252013, -27947.078996548535, -34914.81064734586, 0.05, 0.976, -0.156, 192.0, 0.0, 0.0, 0.0, 0.0, 0.0, 0.0, 0.0, 0.0, 0.0, 1.741026579838318E9, 0.0, 2025-03-03 12:29:39.838
20.0, -9808.593667577943, 1946.3675554236836, -25639.104919326892, -10731.36308567084, -185389.92826818567, -17088.758002371553, -27936.461917932265, -34906.160522241655, 0.05, 0.976, -0.156, 192.0, 0.0, 0.0, 0.0, 0.0, 0.0, 0.0, 0.0, 0.0, 0.0, 1.741026579838357E9, 0.0, 2025-03-03 12:29:39.838
21.0, -9820.149519461336, 1919.1878341660304, -25645.31870428547, -10736.615745617837, -185450.38973693727, -17094.100069296368, -27943.078034291037, -34928.84754286379, 0.05, 0.976, -0.156, 192.0, 0.0, 0.0, 0.0, 0.0, 0.0, 0.0, 0.0, 0.0, 0.0, 1.741026579838396E9, 0.0, 2025-03-03 12:29:39.838
22.0, -9761.699707710708, 1987.0253785878872, -25642.860012395384, -10750.362068457851, -185438.74447807606, -17096.3352437419, -27946.43079595933, -34916.375269457734, 0.05, 0.976, -0.156, 192.0, 0.0, 0.0, 0.0, 0.0, 0.0, 0.0, 0.0, 0.0, 0.0, 1.741026579838435E9, 0.0, 2025-03-03 12:29:39.838
23.0, -9732.709495152176, 2053.544170086881, -25644.536393229533, -10732.16774847123, -185409.32958237285, -17089.517961683032, -27947.101348292992, -34911.65905137766, 0.05, 0.976, -0.156, 192.0, 0.0, 0.0, 0.0, 0.0, 0.0, 0.0, 0.0, 0.0, 0.0, 1.741026579838484E9, 0.0, 2025-03-03 12:29:39.838
24.0, -9803.206897164215, 1977.2129627720074, -25646.257477552594, -10733.17357697172, -185456.5811701514, -17090.680252394708, -27948.218935515757, -34919.325699725836, 0.056, 0.974, -0.154, 192.0, 1.0, 192.0, 30.0, 112.0, 251.0, 48.0, 0.0, 0.0, 0.0, 1.741026579838532E9, 0.0, 2025-03-03 12:29:39.838
25.0, -9827.346781175946, 1916.1256451756533, -25640.893058883317, -10725.506928623548, -185533.2029501442, -17089.89794133877, -27944.53089768063, -34920.48799043751, 0.056, 0.974, -0.154, 192.0, 0.0, 0.0, 0.0, 0.0, 0.0, 0.0, 0.0, 0.0, 0.0, 1.74102657983858E9, 0.0, 2025-03-03 12:29:39.838
26.0, -9785.616074277887, 1956.7164131064908, -25634.142832057816, -10722.042408232977, -185555.08530796593, -17088.19920876017, -27944.70971163627, -34921.404411960175, 0.056, 0.974, -0.154, 192.0, 0.0, 0.0, 0.0, 0.0, 0.0, 0.0, 0.0, 0.0, 0.0, 1.74102657983862E9, 0.0, 2025-03-03 12:29:39.838
27.0, -9723.075893291938, 2045.676356038613, -25635.93097161424, -10744.528263155016, -185519.97071742665, -17092.51309544004, -27950.945848339303, -34920.42093520414, 0.056, 0.974, -0.154, 192.0, 0.0, 0.0, 0.0, 0.0, 0.0, 0.0, 0.0, 0.0, 0.0, 1.741026579898285E9, 0.0, 2025-03-03 12:29:39.898
28.0, -9791.226362136169, 1978.934047095066, -25658.66269572529, -10753.178388259219, -185555.28647366603, -17114.261342795056, -27958.143110053912, -34935.06132782237, 0.056, 0.974, -0.154, 192.0, 0.0, 0.0, 0.0, 0.0, 0.0, 0.0, 0.0, 0.0, 0.0, 1.741026579898369E9, 0.0, 2025-03-03 12:29:39.898
29.0, -9836.242775469158, 1904.8603659701785, -25646.3021810415, -10734.537033383493, -185642.2124078527, -17093.20599951816, -27947.906011093382, -34926.05357480688, 0.056, 0.974, -0.154, 192.0, 0.0, 0.0, 0.0, 0.0, 0.0, 0.0, 0.0, 0.0, 0.0, 1.741026579898397E9, 0.0, 2025-03-03 12:29:39.898
30.0, -9784.498487055122, 1935.0799244737536, -25639.529602471546, -10739.11914099683, -185669.83916399948, -17087.19338025968, -27949.738854138715, -34931.619159176254, 0.056, 0.974, -0.154, 192.0, 0.0, 0.0, 0.0, 0.0, 0.0, 0.0, 0.0, 0.0, 0.0, 1.741026579898424E9, 0.0, 2025-03-03 12:29:39.898
31.0, -9728.462663705666, 2020.4635882930265, -25638.613180948876, -10738.381533429807, -185654.43881206977, -17089.830886105407, -27950.85644136148, -34920.845618348794, 0.056, 0.974, -0.154, 192.0, 0.0, 0.0, 0.0, 0.0, 0.0, 0.0, 0.0, 0.0, 0.0, 1.74102657989846E9, 0.0, 2025-03-03 12:29:39.898
32.0, -9772.942635171728, 1987.9418001105548, -25638.948457115708, -10741.399018931274, -185697.57767886852, -17094.882380352305, -27947.19075527081, -34912.307251966864, 0.056, 0.974, -0.154, 192.0, 0.0, 0.0, 0.0, 0.0, 0.0, 0.0, 0.0, 0.0, 0.0, 1.741026579898491E9, 0.0, 2025-03-03 12:29:39.898
33.0, -9812.147594946337, 1924.1499214351086, -25631.281808767537, -10726.959792013144, -185770.95845591527, -17075.369307442823, -27943.52506918014, -34912.35195545578, 0.056, 0.974, -0.154, 192.0, 0.0, 0.0, 0.0, 0.0, 0.0, 0.0, 0.0, 0.0, 0.0, 1.741026579898518E9, 0.0, 2025-03-03 12:29:39.898
34.0, -9794.914399971294, 1940.9584332654995, -25643.97759961815, -10747.36693470084, -185797.17705216137, -17091.95430182866, -27959.081883321036, -34936.55889470087, 0.054, 0.972, -0.152, 192.0, 1.0, 176.0, 30.0, 96.0, 251.0, 64.0, 0.0, 0.0, 0.0, 1.741026579898545E9, 0.0, 2025-03-03 12:29:39.898
35.0, -9747.819274403962, 2026.8338354627892, -25653.41003577829, -10755.301803982473, -185760.7437086992, -17097.497534453578, -27970.05658984859, -34949.81347916287, 0.054, 0.972, -0.152, 192.0, 0.0, 0.0, 0.0, 0.0, 0.0, 0.0, 0.0, 0.0, 0.0, 1.741026579898575E9, 0.0, 2025-03-03 12:29:39.898
36.0, -9755.351812285402, 2026.2750418514065, -25651.487785755133, -10744.572966643926, -185752.71943243974, -17087.37219421532, -27965.09450257951, -34933.58611268832, 0.054, 0.972, -0.152, 192.0, 0.0, 0.0, 0.0, 0.0, 0.0, 0.0, 0.0, 0.0, 0.0, 1.741026579898602E9, 0.0, 2025-03-03 12:29:39.898
37.0, -9810.89589725684, 1940.4219913985721, -25651.398378777314, -10741.153149742264, -185822.99331700723, -17086.500476181565, -27957.740778653715, -34930.52392369794, 0.054, 0.972, -0.152, 192.0, 0.0, 0.0, 0.0, 0.0, 0.0, 0.0, 0.0, 0.0, 0.0, 1.741026579898628E9, 0.0, 2025-03-03 12:29:39.898
38.0, -9812.862850768906, 1931.8836250166448, -25654.035884623037, -10754.854769093368, -185871.98834085328, -17097.206961775657, -27961.83114788904, -34935.35190050029, 0.054, 0.972, -0.152, 192.0, 0.0, 0.0, 0.0, 0.0, 0.0, 0.0, 0.0, 0.0, 0.0, 1.741026579898661E9, 0.0, 2025-03-03 12:29:39.898
39.0, -9746.992259859117, 2011.612297488725, -25649.811404920987, -10752.530187670016, -185850.35185222054, -17092.826019862416, -27965.697999679807, -34939.88930462472, 0.054, 0.972, -0.152, 192.0, 0.0, 0.0, 0.0, 0.0, 0.0, 0.0, 0.0, 0.0, 0.0, 1.741026579898698E9, 0.0, 2025-03-03 12:29:39.898
40.0, -9750.099152338404, 2024.486902294982, -25663.468320783177, -10751.680821380714, -185845.99326205175, -17098.123383298323, -27971.665915449372, -34953.210944320075, 0.054, 0.972, -0.152, 192.0, 0.0, 0.0, 0.0, 0.0, 0.0, 0.0, 0.0, 0.0, 0.0, 1.741026579898731E9, 0.0, 2025-03-03 12:29:39.898
41.0, -9825.044551497049, 1940.354936165206, -25663.468320783177, -10748.8868533238, -185921.8774344775, -17089.65207214976, -27961.227650788744, -34947.46654599506, 0.054, 0.972, -0.152, 192.0, 0.0, 0.0, 0.0, 0.0, 0.0, 0.0, 0.0, 0.0, 0.0, 1.741026579898761E9, 0.0, 2025-03-03 12:29:39.898
42.0, -9798.669493039786, 1931.838921527734, -25653.566497989475, -10746.852844578367, -185969.95603680087, -17092.28957799549, -27959.998304843702, -34945.54429597191, 0.054, 0.972, -0.152, 192.0, 0.0, 0.0, 0.0, 0.0, 0.0, 0.0, 0.0, 0.0, 0.0, 1.741026579958667E9, 0.0, 2025-03-03 12:29:39.958
43.0, -9733.73767539712, 2005.5996782302475, -25646.79391941952, -10744.304745710462, -185969.66546412295, -17095.508229197054, -27959.57362169905, -34934.3460719998, 0.054, 0.972, -0.152, 192.0, 0.0, 0.0, 0.0, 0.0, 0.0, 0.0, 0.0, 0.0, 0.0, 1.741026579958714E9, 0.0, 2025-03-03 12:29:39.958
44.0, -9714.939858310207, 2057.992167233487, -25646.525698486057, -10738.783864830002, -185946.30789116718, -17088.84740934937, -27961.182947299832, -34935.888342367216, 0.054, 0.97, -0.154, 192.0, 1.0, 176.0, 30.0, 80.0, 251.0, 48.0, 0.0, 0.0, 0.0, 1.74102657995874E9, 0.0, 2025-03-03 12:29:39.958
45.0, -9797.194277905737, 1964.003081798921, -25656.293410813025, -10740.728466597613, -186012.6031652216, -17089.71912738313, -27959.3501042545, -34937.16239180117, 0.054, 0.97, -0.154, 192.0, 0.0, 0.0, 0.0, 0.0, 0.0, 0.0, 0.0, 0.0, 0.0, 1.74102657995877E9, 0.0, 2025-03-03 12:29:39.958
46.0, -9824.016371252104, 1919.8807382441448, -25660.383780048345, -10747.635155634303, -186074.38338689608, -17097.00579607556, -27966.949697369302, -34939.77754590244, 0.054, 0.97, -0.154, 192.0, 0.0, 0.0, 0.0, 0.0, 0.0, 0.0, 0.0, 0.0, 0.0, 1.7410265799588E9, 0.0, 2025-03-03 12:29:39.958
47.0, -9766.79590544652, 1971.1779917690747, -25650.437253765733, -10740.057914263954, -186075.63508458558, -17093.921255340727, -27970.05658984859, -34941.543333714406, 0.054, 0.97, -0.154, 192.0, 0.0, 0.0, 0.0, 0.0, 0.0, 0.0, 0.0, 0.0, 0.0, 1.74102657995883E9, 0.0, 2025-03-03 12:29:39.958
48.0, -9726.383951471324, 2042.7259257705125, -25656.382817790847, -10749.959737057656, -186048.50006681684, -17104.85125837937, -27976.315078296077, -34952.85331640879, 0.054, 0.97, -0.154, 192.0, 0.0, 0.0, 0.0, 0.0, 0.0, 0.0, 0.0, 0.0, 0.0, 1.74102657995886E9, 0.0, 2025-03-03 12:29:39.958
49.0, -9788.36533884589, 1978.4646604615048, -25656.092245112926, -10738.582699129904, -186087.74973008034, -17106.48293572461, -27971.330639282543, -34956.250781566, 0.054, 0.97, -0.154, 192.0, 0.0, 0.0, 0.0, 0.0, 0.0, 0.0, 0.0, 0.0, 0.0, 1.741026579958886E9, 0.0, 2025-03-03 12:29:39.958
50.0, -9811.208821679214, 1928.419104626072, -25640.468375738667, -10728.770283314025, -186155.1402396131, -17086.254606992556, -27958.92542110985, -34941.07394708085, 0.054, 0.97, -0.154, 192.0, 0.0, 0.0, 0.0, 0.0, 0.0, 0.0, 0.0, 0.0, 0.0, 1.741026579958912E9, 0.0, 2025-03-03 12:29:39.958
51.0, -9789.08059466846, 1956.649357873125, -25643.441157751222, -10743.209510232153, -186190.72421678595, -17083.974729058114, -27966.994400858213, -34939.95635985808, 0.054, 0.97, -0.154, 192.0, 0.0, 0.0, 0.0, 0.0, 0.0, 0.0, 0.0, 0.0, 0.0, 1.741026579958938E9, 0.0, 2025-03-03 12:29:39.958
52.0, -9724.864032848363, 2043.3741263597165, -25645.184593818736, -10755.190045260197, -186173.02163517734, -17091.015528561536, -27970.950659626804, -34941.118650569755, 0.054, 0.97, -0.154, 192.0, 0.0, 0.0, 0.0, 0.0, 0.0, 0.0, 0.0, 0.0, 0.0, 1.741026579958964E9, 0.0, 2025-03-03 12:29:39.958
53.0, -9765.275986823557, 2009.1089021097307, -25650.146681087816, -10748.931556812711, -186186.61149580617, -17096.938740842194, -27971.576508471553, -34943.68910118212, 0.054, 0.97, -0.154, 192.0, 0.0, 0.0, 0.0, 0.0, 0.0, 0.0, 0.0, 0.0, 0.0, 1.741026579958991E9, 0.0, 2025-03-03 12:29:39.958
54.0, -9817.735531060163, 1935.1693314515749, -25643.97759961815, -10739.007382274554, -186272.77747068138, -17088.333319226902, -27965.519185724163, -34944.426708749146, 0.056, 0.974, -0.154, 192.0, 1.0, 192.0, 30.0, 112.0, 251.0, 48.0, 0.0, 0.0, 0.0, 1.741026579959029E9, 0.0, 2025-03-03 12:29:39.959
55.0, -9771.5568270155, 1967.646416145136, -25639.88723038283, -10745.310574210951, -186294.39160756965, -17099.308025754457, -27970.950659626804, -34950.573438474355, 0.056, 0.974, -0.154, 192.0, 0.0, 0.0, 0.0, 0.0, 0.0, 0.0, 0.0, 0.0, 0.0, 1.741026579959062E9, 0.0, 2025-03-03 12:29:39.959
56.0, -9715.051617032483, 2059.0426992228868, -25646.704512441698, -10752.530187670016, -186246.87179885767, -17101.900828111273, -27981.455979520797, -34950.126403585244, 0.056, 0.974, -0.154, 192.0, 0.0, 0.0, 0.0, 0.0, 0.0, 0.0, 0.0, 0.0, 0.0, 1.741026579959092E9, 0.0, 2025-03-03 12:29:39.959
57.0, -9768.762858958586, 2021.8940999381662, -25651.666599710778, -10755.637080149303, -186262.3168542763, -17097.184610031203, -27976.091560851524, -34947.95828437308, 0.056, 0.974, -0.154, 192.0, 0.0, 0.0, 0.0, 0.0, 0.0, 0.0, 0.0, 0.0, 0.0, 1.741026580018934E9, 0.0, 2025-03-03 12:29:40.018
58.0, -9819.478967127678, 1941.293709432329, -25645.676332196756, -10751.45730393616, -186341.8220093038, -17100.358557743857, -27971.10712183799, -34952.42863326414, 0.056, 0.974, -0.154, 192.0, 0.0, 0.0, 0.0, 0.0, 0.0, 0.0, 0.0, 0.0, 0.0, 1.74102658001898E9, 0.0, 2025-03-03 12:29:40.018
59.0, -9788.924132457272, 1948.7591920804016, -25642.12240482836, -10754.407734204262, -186392.44871049508, -17106.05825257996, -27975.1527875844, -34953.568572231365, 0.056, 0.974, -0.154, 192.0, 0.0, 0.0, 0.0, 0.0, 0.0, 0.0, 0.0, 0.0, 0.0, 1.741026580019006E9, 0.0, 2025-03-03 12:29:40.019
60.0, -9715.945686810695, 2045.4528385940598, -25642.16710831727, -10749.535053913005, -186357.5799891448, -17098.10103155387, -27979.176101586356, -34945.05255759389, 0.056, 0.974, -0.154, 192.0, 0.0, 0.0, 0.0, 0.0, 0.0, 0.0, 0.0, 0.0, 0.0, 1.741026580019032E9, 0.0, 2025-03-03 12:29:40.019
61.0, -9730.809596873474, 2046.3916118611828, -25640.289561783025, -10749.155074257264, -186343.65485234917, -17101.699662411174, -27975.800988173603, -34946.72893842804, 0.056, 0.974, -0.154, 192.0, 0.0, 0.0, 0.0, 0.0, 0.0, 0.0, 0.0, 0.0, 0.0, 1.74102658001906E9, 0.0, 2025-03-03 12:29:40.019
62.0, -9797.238981394647, 1952.2684159598848, -25652.56066948899, -10759.816856362446, -186398.70719894257, -17106.438232235698, -27978.572604486064, -34954.01560712047, 0.056, 0.974, -0.154, 192.0, 0.0, 0.0, 0.0, 0.0, 0.0, 0.0, 0.0, 0.0, 0.0, 1.741026580019094E9, 0.0, 2025-03-03 12:29:40.019
63.0, -9819.031932238571, 1927.2791656588515, -25656.98631489114, -10766.812952376957, -186462.02969098446, -17110.752118915574, -27977.522072496664, -34961.43638627963, 0.056, 0.974, -0.154, 192.0, 0.0, 0.0, 0.0, 0.0, 0.0, 0.0, 0.0, 0.0, 0.0, 1.741026580019124E9, 0.0, 2025-03-03 12:29:40.019
64.0, -9758.570463486965, 2007.5219282534038, -25644.849317651908, -10754.56419641545, -186463.21433344058, -17105.655921179765, -27981.72420045426, -34956.60840947729, 0.056, 0.974, -0.158, 192.0, 1.0, 192.0, 30.0, 112.0, 251.0, 16.0, 0.0, 0.0, 0.0, 1.741026580019151E9, 0.0, 2025-03-03 12:29:40.019
65.0, -9739.370314999856, 2036.713306512035, -25630.208925033683, -10737.666277607237, -186465.1589352082, -17087.081621537403, -27968.000229358702, -34937.25179877899, 0.056, 0.974, -0.158, 192.0, 0.0, 0.0, 0.0, 0.0, 0.0, 0.0, 0.0, 0.0, 0.0, 1.741026580019179E9, 0.0, 2025-03-03 12:29:40.019
66.0, -9800.301170385024, 1955.0623840167982, -25650.928992143752, -10757.827551105924, -186517.46201723363, -17099.28567401, -27982.640621976927, -34953.9485518871, 0.056, 0.974, -0.158, 192.0, 0.0, 0.0, 0.0, 0.0, 0.0, 0.0, 0.0, 0.0, 0.0, 1.741026580019205E9, 0.0, 2025-03-03 12:29:40.019
67.0, -9801.485812841156, 1934.588186095737, -25644.983428118638, -10757.60403366137, -186565.67473002372, -17099.419784476733, -27979.712543453283, -34959.82706067885, 0.056, 0.974, -0.158, 192.0, 0.0, 0.0, 0.0, 0.0, 0.0, 0.0, 0.0, 0.0, 0.0, 1.741026580019232E9, 0.0, 2025-03-03 12:29:40.019
68.0, -9737.02338183205, 2008.7959776873563, -25635.59569544741, -10741.309611953451, -186571.62029404883, -17093.250703007066, -27980.71837195377, -34950.81930766336, 0.056, 0.974, -0.158, 192.0, 0.0, 0.0, 0.0, 0.0, 0.0, 0.0, 0.0, 0.0, 0.0, 1.741026580019259E9, 0.0, 2025-03-03 12:29:40.019
69.0, -9713.241125731603, 2065.323539414828, -25642.010646106082, -10744.08122826591, -186536.46100002064, -17101.00675833306, -27983.266470821676, -34953.92620014265, 0.056, 0.974, -0.158, 192.0, 0.0, 0.0, 0.0, 0.0, 0.0, 0.0, 0.0, 0.0, 0.0, 1.741026580019292E9, 0.0, 2025-03-03 12:29:40.019
70.0, -9813.220478680192, 1967.4676021894936, -25644.69285544072, -10741.9354607982, -186612.52398640206, -17104.583037445907, -27977.2538515632, -34948.047691350905, 0.056, 0.974, -0.158, 192.0, 0.0, 0.0, 0.0, 0.0, 0.0, 0.0, 0.0, 0.0, 0.0, 1.741026580019333E9, 0.0, 2025-03-03 12:29:40.019
71.0, -9820.395388650346, 1938.8573692867005, -25631.237105278626, -10727.250364691063, -186677.32169357798, -17081.158409256746, -27969.16252007038, -34938.458792979574, 0.056, 0.974, -0.158, 192.0, 0.0, 0.0, 0.0, 0.0, 0.0, 0.0, 0.0, 0.0, 0.0, 1.741026580019364E9, 0.0, 2025-03-03 12:29:40.019
72.0, -9778.038832907538, 1988.7017594220354, -25630.141869800314, -10723.048236733466, -186702.75797876812, -17070.72014459612, -27974.48223525074, -34942.750327915, 0.056, 0.974, -0.158, 192.0, 0.0, 0.0, 0.0, 0.0, 0.0, 0.0, 0.0, 0.0, 0.0, 1.741026580077697E9, 0.0, 2025-03-03 12:29:40.077
73.0, -9718.024399045038, 2072.766670318445, -25629.560724444476, -10719.829585531901, -186671.57729525297, -17079.39262144478, -27981.12070335397, -34942.83973489282, 0.056, 0.974, -0.158, 192.0, 0.0, 0.0, 0.0, 0.0, 0.0, 0.0, 0.0, 0.0, 0.0, 1.741026580077729E9, 0.0, 2025-03-03 12:29:40.077
74.0, -9775.624844506365, 2019.5695185148143, -25634.142832057816, -10718.35437039785, -186698.9581822107, -17085.5840546589, -27980.472502764766, -34944.91844712716, 0.052000000000000005, 0.974, -0.158, 192.0, 1.0, 160.0, 30.0, 112.0, 251.0, 16.0, 0.0, 0.0, 0.0, 1.741026580077768E9, 0.0, 2025-03-03 12:29:40.077
75.0, -9814.293362414046, 1962.3490527092283, -25634.992198347118, -10726.378646657306, -186767.6897964108, -17084.310005224947, -27980.696020209318, -34944.337301771324, 0.052000000000000005, 0.974, -0.158, 192.0, 0.0, 0.0, 0.0, 0.0, 0.0, 0.0, 0.0, 0.0, 0.0, 1.741026580077797E9, 0.0, 2025-03-03 12:29:40.077
76.0, -9791.628693536364, 1989.551125711337, -25635.03690183603, -10726.065722234933, -186792.56728798954, -17078.744420855575, -27981.880662665448, -34944.694929682606, 0.052000000000000005, 0.974, -0.158, 192.0, 0.0, 0.0, 0.0, 0.0, 0.0, 0.0, 0.0, 0.0, 0.0, 1.741026580077823E9, 0.0, 2025-03-03 12:29:40.077
77.0, -9733.49180620811, 2078.287551198906, -25645.206945563194, -10743.902414310267, -186748.19907524576, -17091.015528561536, -27995.425819805365, -34959.24591532301, 0.052000000000000005, 0.974, -0.158, 192.0, 0.0, 0.0, 0.0, 0.0, 0.0, 0.0, 0.0, 0.0, 0.0, 1.74102658007786E9, 0.0, 2025-03-03 12:29:40.077
78.0, -9782.21860912068, 2023.9057569391439, -25655.086416612437, -10754.228920248619, -186769.92497085631, -17106.125307813323, -27997.996270417723, -34964.85620318129, 0.052000000000000005, 0.974, -0.158, 192.0, 0.0, 0.0, 0.0, 0.0, 0.0, 0.0, 0.0, 0.0, 0.0, 1.741026580077895E9, 0.0, 2025-03-03 12:29:40.077
79.0, -9825.245717197147, 1944.713526333991, -25655.153471845802, -10750.093847524387, -186842.63519556943, -17108.695758425685, -27994.151770371413, -34969.01362764998, 0.052000000000000005, 0.974, -0.158, 192.0, 0.0, 0.0, 0.0, 0.0, 0.0, 0.0, 0.0, 0.0, 0.0, 1.741026580077922E9, 0.0, 2025-03-03 12:29:40.077
80.0, -9791.159306902804, 1961.7679073533902, -25644.290524040523, -10750.898510324778, -186887.2492775022, -17107.95815085866, -27991.58131975905, -34975.24976435301, 0.052000000000000005, 0.974, -0.158, 192.0, 0.0, 0.0, 0.0, 0.0, 0.0, 0.0, 0.0, 0.0, 0.0, 1.741026580077949E9, 0.0, 2025-03-03 12:29:40.077
81.0, -9725.154605526282, 2063.31188241385, -25645.586925218933, -10747.188120745197, -186847.32906190504, -17097.832810620406, -27998.264491351187, -34974.66861899717, 0.052000000000000005, 0.974, -0.158, 192.0, 0.0, 0.0, 0.0, 0.0, 0.0, 0.0, 0.0, 0.0, 0.0, 1.741026580077975E9, 0.0, 2025-03-03 12:29:40.077
82.0, -9765.275986823557, 2032.064143665331, -25649.319666542968, -10750.540882413494, -186862.43884115684, -17101.99023508909, -27995.11289538299, -34965.34794155931, 0.052000000000000005, 0.974, -0.158, 192.0, 0.0, 0.0, 0.0, 0.0, 0.0, 0.0, 0.0, 0.0, 0.0, 1.741026580078002E9, 0.0, 2025-03-03 12:29:40.078
83.0, -9810.068882711994, 1956.4705439174825, -25648.02326536456, -10749.22212949063, -186926.6777547214, -17100.112688554847, -27993.4588662933, -34963.87272642526, 0.052000000000000005, 0.974, -0.158, 192.0, 0.0, 0.0, 0.0, 0.0, 0.0, 0.0, 0.0, 0.0, 0.0, 1.741026580078029E9, 0.0, 2025-03-03 12:29:40.078
84.0, -9795.406138349312, 1967.065270789298, -25650.996047377117, -10745.89171956679, -186947.95661544285, -17102.593732189387, -27998.510360540196, -34968.92422067216, 0.052000000000000005, 0.972, -0.158, 192.0, 1.0, 160.0, 30.0, 96.0, 251.0, 16.0, 0.0, 0.0, 0.0, 1.741026580078059E9, 0.0, 2025-03-03 12:29:40.078
85.0, -9750.590890716421, 2044.2681961379287, -25651.44308226622, -10752.016097547543, -186936.17724611488, -17102.280807767012, -28001.30432859711, -34975.47328179757, 0.052000000000000005, 0.972, -0.158, 192.0, 0.0, 0.0, 0.0, 0.0, 0.0, 0.0, 0.0, 0.0, 0.0, 1.741026580078094E9, 0.0, 2025-03-03 12:29:40.078
86.0, -9764.068992622972, 2050.9513677300656, -25653.94647764522, -10752.865463836844, -186927.7729901997, -17100.693833910685, -27997.72804948426, -34973.88630794124, 0.052000000000000005, 0.972, -0.158, 192.0, 0.0, 0.0, 0.0, 0.0, 0.0, 0.0, 0.0, 0.0, 0.0, 1.741026580078127E9, 0.0, 2025-03-03 12:29:40.078
87.0, -9827.123263731393, 1955.4647154169936, -25644.87166939636, -10743.634193376804, -187006.13820626002, -17091.641377406286, -27985.21107258929, -34964.96796190357, 0.052000000000000005, 0.972, -0.158, 192.0, 0.0, 0.0, 0.0, 0.0, 0.0, 0.0, 0.0, 0.0, 0.0, 1.741026580137942E9, 0.0, 2025-03-03 12:29:40.137
88.0, -9830.543080633055, 1934.8340552847453, -25641.11657632787, -10744.282393966007, -187075.16039313798, -17094.077717551914, -27988.899110424416, -34964.185650847634, 0.052000000000000005, 0.972, -0.158, 192.0, 0.0, 0.0, 0.0, 0.0, 0.0, 0.0, 0.0, 0.0, 0.0, 1.741026580137975E9, 0.0, 2025-03-03 12:29:40.137
89.0, -9752.557844228488, 2025.7162482400238, -25636.668579181263, -10739.700286352669, -187046.4607532574, -17085.33818546989, -27997.370421572978, -34958.329493800346, 0.052000000000000005, 0.972, -0.158, 192.0, 0.0, 0.0, 0.0, 0.0, 0.0, 0.0, 0.0, 0.0, 0.0, 1.741026580138012E9, 0.0, 2025-03-03 12:29:40.138
90.0, -9748.959213371183, 2060.339100401294, -25639.37314026036, -10735.945193284178, -187021.76207563427, -17078.453848177654, -27993.39181105993, -34959.49178451202, 0.052000000000000005, 0.972, -0.158, 192.0, 0.0, 0.0, 0.0, 0.0, 0.0, 0.0, 0.0, 0.0, 0.0, 1.741026580138039E9, 0.0, 2025-03-03 12:29:40.138
91.0, -9817.55671710452, 1966.6405876446472, -25641.943590872717, -10731.608954859848, -187093.01943695778, -17084.689984880686, -27995.82815120556, -34967.85133693831, 0.052000000000000005, 0.972, -0.158, 192.0, 0.0, 0.0, 0.0, 0.0, 0.0, 0.0, 0.0, 0.0, 0.0, 1.741026580138064E9, 0.0, 2025-03-03 12:29:40.138
92.0, -9821.781196806574, 1936.8233605412677, -25646.816271163974, -10735.8334345619, -187145.43427770547, -17097.00579607556, -28001.617253019485, -34976.81438646488, 0.052000000000000005, 0.972, -0.158, 192.0, 0.0, 0.0, 0.0, 0.0, 0.0, 0.0, 0.0, 0.0, 0.0, 1.741026580138094E9, 0.0, 2025-03-03 12:29:40.138
93.0, -9774.328443327957, 2001.1069775947308, -25644.469337996168, -10735.699324095169, -187134.9736613004, -17097.09520305338, -28004.075944909568, -34970.39943580621, 0.052000000000000005, 0.972, -0.158, 192.0, 0.0, 0.0, 0.0, 0.0, 0.0, 0.0, 0.0, 0.0, 0.0, 1.741026580138124E9, 0.0, 2025-03-03 12:29:40.138
94.0, -9750.54618722751, 2061.0096527349538, -25644.64815195181, -10735.229937461609, -187106.47518711988, -17096.089374552892, -28004.97001468778, -34975.31681958638, 0.054, 0.97, -0.152, 192.0, 1.0, 176.0, 30.0, 80.0, 251.0, 64.0, 0.0, 0.0, 0.0, 1.741026580138154E9, 0.0, 2025-03-03 12:29:40.138
95.0, -9821.602382850931, 1983.292637263851, -25646.88332639734, -10730.714885081636, -187160.8793331241, -17093.653034407263, -27998.912691940393, -34971.27115383997, 0.054, 0.97, -0.152, 192.0, 0.0, 0.0, 0.0, 0.0, 0.0, 0.0, 0.0, 0.0, 0.0, 1.741026580138184E9, 0.0, 2025-03-03 12:29:40.138
96.0, -9830.699542844242, 1949.742668836435, -25647.576230475453, -10737.375704929318, -187204.26406911184, -17088.28861573799, -28001.527846041663, -34973.9533631746, 0.054, 0.97, -0.152, 192.0, 0.0, 0.0, 0.0, 0.0, 0.0, 0.0, 0.0, 0.0, 0.0, 1.741026580138211E9, 0.0, 2025-03-03 12:29:40.138
97.0, -9797.551905817021, 1989.3723117556945, -25637.540297215022, -10734.335867683396, -187224.2912321438, -17090.389679716787, -28000.343203585533, -34978.98250567705, 0.054, 0.97, -0.152, 192.0, 0.0, 0.0, 0.0, 0.0, 0.0, 0.0, 0.0, 0.0, 0.0, 1.741026580138238E9, 0.0, 2025-03-03 12:29:40.138
98.0, -9741.82900688994, 2066.150553959674, -25637.160317559283, -10738.716809596635, -187200.06194115424, -17091.864894850838, -27999.82911346306, -34987.967906948084, 0.054, 0.97, -0.152, 192.0, 0.0, 0.0, 0.0, 0.0, 0.0, 0.0, 0.0, 0.0, 0.0, 1.741026580138265E9, 0.0, 2025-03-03 12:29:40.138
99.0, -9800.390577362845, 2007.5219282534038, -25651.532489244044, -10747.098713767376, -187225.3417641332, -17097.05049956447, -28003.87477920947, -34983.11757840128, 0.054, 0.97, -0.152, 192.0, 0.0, 0.0, 0.0, 0.0, 0.0, 0.0, 0.0, 0.0, 0.0, 1.741026580138294E9, 0.0, 2025-03-03 12:29:40.138
100.0, -9834.119359745904, 1952.3131194487953, -25658.5062335141, -10753.290146981495, -187283.92568635056, -17097.34107224239, -28009.216846134288, -34974.37804631925, 0.054, 0.97, -0.152, 192.0, 0.0, 0.0, 0.0, 0.0, 0.0, 0.0, 0.0, 0.0, 0.0, 1.74102658013833E9, 0.0, 2025-03-03 12:29:40.138
101.0, -9796.657836038808, 1991.6074862012251, -25646.36923627487, -10751.27848998052, -187306.3668377837, -17096.759926886552, -28003.29363385363, -34975.67444749766, 0.054, 0.97, -0.152, 192.0, 0.0, 0.0, 0.0, 0.0, 0.0, 0.0, 0.0, 0.0, 0.0, 1.74102658013837E9, 0.0, 2025-03-03 12:29:40.138
102.0, -9739.951460355695, 2073.5042778854704, -25642.88236413984, -10738.917975296734, -187283.63511367264, -17091.127287283813, -28010.267378123688, -34981.44119756713, 0.054, 0.97, -0.152, 192.0, 0.0, 0.0, 0.0, 0.0, 0.0, 0.0, 0.0, 0.0, 0.0, 1.741026580198301E9, 0.0, 2025-03-03 12:29:40.198
103.0, -9781.682167253754, 2021.7823412158898, -25649.498480498612, -10747.03165853401, -187311.7089047085, -17094.39064197429, -28010.69206126834, -34991.253613383014, 0.054, 0.97, -0.152, 192.0, 0.0, 0.0, 0.0, 0.0, 0.0, 0.0, 0.0, 0.0, 0.0, 1.741026580198367E9, 0.0, 2025-03-03 12:29:40.198
104.0, -9816.483833370667, 1962.4161079425942, -25642.83766065093, -10737.822739818423, -187357.99936747545, -17095.41882221923, -28007.227540877768, -34979.854223710805, 0.056, 0.976, -0.154, 192.0, 1.0, 192.0, 30.0, 128.0, 251.0, 48.0, 0.0, 0.0, 0.0, 1.741026580198404E9, 0.0, 2025-03-03 12:29:40.198
105.0, -9796.948408716727, 1975.2236575154852, -25637.94262861522, -10733.106521738353, -187389.69414111308, -17092.401336717765, -28004.67944200986, -34970.73471197304, 0.056, 0.976, -0.154, 192.0, 0.0, 0.0, 0.0, 0.0, 0.0, 0.0, 0.0, 0.0, 0.0, 1.741026580198435E9, 0.0, 2025-03-03 12:29:40.198
106.0, -9739.079742321937, 2054.192370676085, -25639.574305960454, -10737.196890973675, -187364.90605651215, -17096.71522339764, -28010.69206126834, -34980.01068592199, 0.056, 0.976, -0.154, 192.0, 0.0, 0.0, 0.0, 0.0, 0.0, 0.0, 0.0, 0.0, 0.0, 1.741026580198463E9, 0.0, 2025-03-03 12:29:40.198
107.0, -9765.387745545835, 2040.3789926027052, -25634.03107333554, -10725.484576879095, -187378.60767586323, -17084.28765348049, -28004.858255965504, -34976.47911029805, 0.056, 0.976, -0.154, 192.0, 0.0, 0.0, 0.0, 0.0, 0.0, 0.0, 0.0, 0.0, 0.0, 1.74102658019849E9, 0.0, 2025-03-03 12:29:40.198
108.0, -9823.032894496071, 1968.5404859233483, -25629.963055844673, -10724.076416978409, -187465.42185132764, -17074.989327787083, -28007.316947855586, -34978.62487776576, 0.056, 0.976, -0.154, 192.0, 0.0, 0.0, 0.0, 0.0, 0.0, 0.0, 0.0, 0.0, 0.0, 1.741026580198523E9, 0.0, 2025-03-03 12:29:40.198
109.0, -9808.973647233683, 1981.6386081741582, -25633.427576235244, -10738.69445785218, -187500.02235174447, -17090.52379018352, -28015.140058414945, -34989.17490114867, 0.056, 0.976, -0.154, 192.0, 0.0, 0.0, 0.0, 0.0, 0.0, 0.0, 0.0, 0.0, 0.0, 1.741026580198554E9, 0.0, 2025-03-03 12:29:40.198
110.0, -9745.002954602594, 2067.9610452605543, -25634.992198347118, -10745.17646374422, -187481.44805210212, -17101.85612462236, -28023.298445141132, -35003.81529376689, 0.056, 0.976, -0.154, 192.0, 0.0, 0.0, 0.0, 0.0, 0.0, 0.0, 0.0, 0.0, 0.0, 1.74102658019858E9, 0.0, 2025-03-03 12:29:40.198
111.0, -9744.354754013391, 2074.308940685861, -25631.639436678823, -10734.514681639039, -187476.97770321104, -17083.684156380197, -28019.141020672447, -34989.24195638204, 0.056, 0.976, -0.154, 192.0, 0.0, 0.0, 0.0, 0.0, 0.0, 0.0, 0.0, 0.0, 0.0, 1.741026580198606E9, 0.0, 2025-03-03 12:29:40.198
112.0, -9806.492603599145, 1992.8368321462672, -25646.212774063682, -10729.954925770155, -187500.02235174447, -17093.76479312954, -28030.24983766673, -34997.601508808315, 0.056, 0.976, -0.154, 192.0, 0.0, 0.0, 0.0, 0.0, 0.0, 0.0, 0.0, 0.0, 0.0, 1.741026580198633E9, 0.0, 2025-03-03 12:29:40.198
113.0, -9816.081501970471, 1975.2236575154852, -25645.94455313022, -10737.822739818423, -187500.02235174447, -17100.470316466133, -28028.618160321494, -35007.12335194628, 0.056, 0.976, -0.154, 192.0, 0.0, 0.0, 0.0, 0.0, 0.0, 0.0, 0.0, 0.0, 0.0, 1.741026580198659E9, 0.0, 2025-03-03 12:29:40.198
114.0, -9754.681259951742, 2047.9562339730544, -25634.12048031336, -10739.566175885937, -187500.02235174447, -17098.14573504278, -28023.45490735232, -34996.79684600793, 0.054, 0.978, -0.148, 192.0, 1.0, 176.0, 30.0, 144.0, 251.0, 96.0, 0.0, 0.0, 0.0, 1.741026580198685E9, 0.0, 2025-03-03 12:29:40.198
115.0, -9752.356678528391, 2072.9454842740874, -25639.641361193822, -10737.912146796245, -187500.02235174447, -17099.017453076536, -28018.515171827697, -34992.03592443895, 0.054, 0.978, -0.148, 192.0, 0.0, 0.0, 0.0, 0.0, 0.0, 0.0, 0.0, 0.0, 0.0, 1.741026580198721E9, 0.0, 2025-03-03 12:29:40.198
116.0, -9821.669438084298, 1986.1536605541303, -25650.101977598904, -10748.037487034499, -187500.02235174447, -17103.376043245324, -28021.510305584707, -34998.20500590861, 0.054, 0.978, -0.148, 192.0, 0.0, 0.0, 0.0, 0.0, 0.0, 0.0, 0.0, 0.0, 0.0, 1.741026580198754E9, 0.0, 2025-03-03 12:29:40.198
117.0, -9837.405066180834, 1955.5317706503597, -25650.012570621082, -10756.642908649792, -187500.02235174447, -17107.064081080447, -28017.50934332721, -34997.93678497515, 0.054, 0.978, -0.148, 192.0, 0.0, 0.0, 0.0, 0.0, 0.0, 0.0, 0.0, 0.0, 0.0, 1.74102658025849E9, 0.0, 2025-03-03 12:29:40.258
118.0, -9783.827934721463, 2012.998105644954, -25639.93193387174, -10733.911184538745, -187500.02235174447, -17092.66955765123, -28012.904883969415, -34988.88432847075, 0.054, 0.978, -0.148, 192.0, 0.0, 0.0, 0.0, 0.0, 0.0, 0.0, 0.0, 0.0, 0.0, 1.741026580258523E9, 0.0, 2025-03-03 12:29:40.258
119.0, -9750.523835483054, 2077.907571543166, -25656.248707324114, -10754.854769093368, -187500.02235174447, -17105.253589779568, -28026.49474459824, -35004.73171528956, 0.054, 0.978, -0.148, 192.0, 0.0, 0.0, 0.0, 0.0, 0.0, 0.0, 0.0, 0.0, 0.0, 1.741026580258561E9, 0.0, 2025-03-03 12:29:40.258
120.0, -9815.790929292552, 2005.6890852080687, -25655.64521022382, -10744.572966643926, -187500.02235174447, -17104.270113023533, -28021.57736081807, -35003.971755978084, 0.054, 0.978, -0.148, 192.0, 0.0, 0.0, 0.0, 0.0, 0.0, 0.0, 0.0, 0.0, 0.0, 1.741026580258588E9, 0.0, 2025-03-03 12:29:40.258
121.0, -9827.883223042872, 1971.0438813023427, -25652.06893111097, -10745.087056766399, -187500.02235174447, -17101.00675833306, -28021.912636984904, -34999.769628020484, 0.054, 0.978, -0.148, 192.0, 0.0, 0.0, 0.0, 0.0, 0.0, 0.0, 0.0, 0.0, 0.0, 1.741026580258615E9, 0.0, 2025-03-03 12:29:40.258
122.0, -9792.254542381113, 2010.8970416661552, -25646.480994997146, -10727.675047835713, -187500.02235174447, -17089.04857504947, -28023.03022420767, -34996.88625298575, 0.054, 0.978, -0.148, 192.0, 0.0, 0.0, 0.0, 0.0, 0.0, 0.0, 0.0, 0.0, 0.0, 1.741026580258642E9, 0.0, 2025-03-03 12:29:40.258
123.0, -9752.93782388423, 2073.5936848632914, -25638.993160604616, -10722.914126266734, -187500.02235174447, -17092.602502417863, -28019.632759050462, -34997.825026252875, 0.054, 0.978, -0.148, 192.0, 0.0, 0.0, 0.0, 0.0, 0.0, 0.0, 0.0, 0.0, 0.0, 1.741026580258676E9, 0.0, 2025-03-03 12:29:40.258
124.0, -9791.204010391713, 2016.3285155687947, -25644.469337996168, -10736.682800851202, -187500.02235174447, -17086.38871745929, -28019.811573006104, -34990.96304070509, 0.058, 0.976, -0.152, 192.0, 1.0, 208.0, 30.0, 128.0, 251.0, 64.0, 0.0, 0.0, 0.0, 1.741026580258705E9, 0.0, 2025-03-03 12:29:40.258
125.0, -9823.748150318641, 1972.4073377141165, -25654.92995440125, -10753.334850470406, -187500.02235174447, -17092.021357062025, -28030.674520811383, -35003.23414841106, 0.058, 0.976, -0.152, 192.0, 0.0, 0.0, 0.0, 0.0, 0.0, 0.0, 0.0, 0.0, 0.0, 1.741026580258734E9, 0.0, 2025-03-03 12:29:40.258
126.0, -9802.089309941448, 2005.644381719158, -25646.659808952787, -10740.8849288088, -187500.02235174447, -17096.826982119917, -28032.574419090084, -35002.563596077394, 0.058, 0.976, -0.152, 192.0, 0.0, 0.0, 0.0, 0.0, 0.0, 0.0, 0.0, 0.0, 0.0, 1.741026580258761E9, 0.0, 2025-03-03 12:29:40.258
127.0, -9732.016591074062, 2093.9114205731657, -25628.174916288248, -10732.8830042938, -187500.02235174447, -17094.345938485378, -28027.612331821005, -34996.148645418725, 0.058, 0.976, -0.152, 192.0, 0.0, 0.0, 0.0, 0.0, 0.0, 0.0, 0.0, 0.0, 0.0, 1.741026580258787E9, 0.0, 2025-03-03 12:29:40.258
128.0, -9777.256521851603, 2042.0106699479427, -25633.11465181287, -10726.579812357404, -187500.02235174447, -17095.262360008044, -28024.661901552907, -34996.17099716318, 0.058, 0.976, -0.152, 192.0, 0.0, 0.0, 0.0, 0.0, 0.0, 0.0, 0.0, 0.0, 0.0, 1.741026580258814E9, 0.0, 2025-03-03 12:29:40.258
129.0, -9841.115455760415, 1966.9758638114768, -25646.79391941952, -10733.50885313855, -187500.02235174447, -17099.129211798812, -28026.226523664776, -35003.85999725581, 0.058, 0.976, -0.152, 192.0, 0.0, 0.0, 0.0, 0.0, 0.0, 0.0, 0.0, 0.0, 0.0, 1.741026580258839E9, 0.0, 2025-03-03 12:29:40.258
130.0, -9819.434263638766, 1986.0866053207644, -25642.524736228555, -10737.956850285156, -187500.02235174447, -17095.66469140824, -28028.908732999414, -35007.257462413014, 0.058, 0.976, -0.152, 192.0, 0.0, 0.0, 0.0, 0.0, 0.0, 0.0, 0.0, 0.0, 0.0, 1.741026580258875E9, 0.0, 2025-03-03 12:29:40.258
131.0, -9728.864995105863, 2081.3944436781935, -25636.422709992257, -10741.086094508899, -187500.02235174447, -17096.402298975267, -28034.876648768983, -35014.54413110544, 0.058, 0.976, -0.152, 192.0, 0.0, 0.0, 0.0, 0.0, 0.0, 0.0, 0.0, 0.0, 0.0, 1.741026580258907E9, 0.0, 2025-03-03 12:29:40.258
132.0, -9752.02140236156, 2060.696728312579, -25643.955247873695, -10739.543824141481, -187500.02235174447, -17093.1836477737, -28030.003968477726, -35011.63840432625, 0.058, 0.976, -0.152, 192.0, 0.0, 0.0, 0.0, 0.0, 0.0, 0.0, 0.0, 0.0, 0.0, 1.741026580318774E9, 0.0, 2025-03-03 12:29:40.318
133.0, -9809.331275144968, 1982.353863996728, -25650.45960551019, -10747.232824234108, -187500.02235174447, -17095.150601285768, -28030.45100336683, -35015.95229100613, 0.058, 0.976, -0.152, 192.0, 0.0, 0.0, 0.0, 0.0, 0.0, 0.0, 0.0, 0.0, 0.0, 1.741026580318809E9, 0.0, 2025-03-03 12:29:40.318
134.0, -9810.381807134367, 1963.9136748210997, -25644.961076374184, -10752.999574303578, -187500.02235174447, -17095.99996757507, -28028.908732999414, -35006.09517170134, 0.06, 0.97, -0.156, 192.0, 1.0, 224.0, 30.0, 80.0, 251.0, 32.0, 0.0, 0.0, 0.0, 1.741026580318835E9, 0.0, 2025-03-03 12:29:40.318
135.0, -9751.082629094439, 2045.095210682775, -25637.093262325918, -10757.872254594833, -187500.02235174447, -17098.883342609806, -28031.83681152306, -35006.273985656975, 0.06, 0.97, -0.156, 192.0, 0.0, 0.0, 0.0, 0.0, 0.0, 0.0, 0.0, 0.0, 0.0, 1.741026580318874E9, 0.0, 2025-03-03 12:29:40.318
136.0, -9753.049582606505, 2062.194295191085, -25641.11657632787, -10747.992783545587, -187500.02235174447, -17090.34497622788, -28033.580247590573, -35012.13014270427, 0.06, 0.97, -0.156, 192.0, 0.0, 0.0, 0.0, 0.0, 0.0, 0.0, 0.0, 0.0, 0.0, 1.741026580318902E9, 0.0, 2025-03-03 12:29:40.318
137.0, -9829.51490038811, 1958.5939596407368, -25642.994122862117, -10739.588527630392, -187500.02235174447, -17093.496572196076, -28028.059366710113, -35016.37697415078, 0.06, 0.97, -0.156, 192.0, 0.0, 0.0, 0.0, 0.0, 0.0, 0.0, 0.0, 0.0, 0.0, 1.741026580318928E9, 0.0, 2025-03-03 12:29:40.318
138.0, -9812.527574602078, 1959.4433259300383, -25643.396454262314, -10742.40484743176, -187500.02235174447, -17092.423688462222, -28036.955361003325, -35017.382802651264, 0.06, 0.97, -0.156, 192.0, 0.0, 0.0, 0.0, 0.0, 0.0, 0.0, 0.0, 0.0, 0.0, 1.741026580318963E9, 0.0, 2025-03-03 12:29:40.318
139.0, -9771.93680667124, 2021.44706504906, -25647.084492097438, -10749.31153646845, -187500.02235174447, -17094.658862907752, -28039.011721493214, -35009.9620234921, 0.06, 0.97, -0.156, 192.0, 0.0, 0.0, 0.0, 0.0, 0.0, 0.0, 0.0, 0.0, 0.0, 1.741026580318992E9, 0.0, 2025-03-03 12:29:40.318
140.0, -9773.009690405093, 2056.8969317551773, -25658.148605602815, -10759.213359262152, -187500.02235174447, -17100.80559263296, -28044.197326206846, -35018.67920382967, 0.06, 0.97, -0.156, 192.0, 0.0, 0.0, 0.0, 0.0, 0.0, 0.0, 0.0, 0.0, 0.0, 1.741026580319018E9, 0.0, 2025-03-03 12:29:40.319
141.0, -9849.51971167561, 1968.7192998789908, -25664.429445794758, -10749.467998679638, -187500.02235174447, -17109.500421226076, -28046.656018096928, -35029.475096401584, 0.06, 0.97, -0.156, 192.0, 0.0, 0.0, 0.0, 0.0, 0.0, 0.0, 0.0, 0.0, 0.0, 1.741026580319045E9, 0.0, 2025-03-03 12:29:40.319
142.0, -9829.827824810485, 1946.2557967014072, -25641.58596296143, -10736.638097362293, -187500.02235174447, -17083.639452891286, -28032.037977223157, -35012.53247410446, 0.06, 0.97, -0.156, 192.0, 0.0, 0.0, 0.0, 0.0, 0.0, 0.0, 0.0, 0.0, 0.0, 1.741026580319071E9, 0.0, 2025-03-03 12:29:40.319
143.0, -9768.226417091659, 2007.4101695311274, -25647.017436864073, -10749.088019023899, -187500.02235174447, -17090.322624483422, -28040.35282616053, -35015.281738672464, 0.06, 0.97, -0.156, 192.0, 0.0, 0.0, 0.0, 0.0, 0.0, 0.0, 0.0, 0.0, 0.0, 1.741026580319098E9, 0.0, 2025-03-03 12:29:40.319
144.0, -9740.890233622818, 2065.3458911592834, -25655.824024179463, -10762.722583141636, -187500.02235174447, -17100.470316466133, -28048.399454164442, -35024.58006436587, 0.058, 0.97, -0.158, 192.0, 1.0, 208.0, 30.0, 80.0, 251.0, 16.0, 0.0, 0.0, 0.0, 1.741026580319124E9, 0.0, 2025-03-03 12:29:40.319
145.0, -9803.743339031142, 1993.3956257576497, -25655.13112010135, -10742.963641043145, -187500.02235174447, -17087.327490726413, -28041.224544194287, -35010.29729965893, 0.058, 0.97, -0.158, 192.0, 0.0, 0.0, 0.0, 0.0, 0.0, 0.0, 0.0, 0.0, 0.0, 1.741026580319156E9, 0.0, 2025-03-03 12:29:40.319
146.0, -9843.305926717036, 1958.6386631296473, -25664.518852772577, -10745.556443399959, -187500.02235174447, -17097.072851308927, -28046.678369841382, -35023.8648085433, 0.058, 0.97, -0.158, 192.0, 0.0, 0.0, 0.0, 0.0, 0.0, 0.0, 0.0, 0.0, 0.0, 1.741026580319189E9, 0.0, 2025-03-03 12:29:40.319
147.0, -9797.149574416826, 2008.6618672206246, -25646.92802988625, -10737.576870629415, -187500.02235174447, -17096.223485019622, -28037.178878447878, -35015.95229100613, 0.058, 0.97, -0.158, 192.0, 0.0, 0.0, 0.0, 0.0, 0.0, 0.0, 0.0, 0.0, 0.0, 1.74102658037905E9, 0.0, 2025-03-03 12:29:40.379
148.0, -9735.570518442455, 2086.960028047565, -25647.21860256417, -10743.500082910072, -187500.02235174447, -17099.62095017683, -28038.49763137074, -35005.379915878766, 0.058, 0.97, -0.158, 192.0, 0.0, 0.0, 0.0, 0.0, 0.0, 0.0, 0.0, 0.0, 0.0, 1.741026580379081E9, 0.0, 2025-03-03 12:29:40.379
149.0, -9799.205934906715, 2024.196329617063, -25655.466396268177, -10753.066629536943, -187500.02235174447, -17098.413955976244, -28041.045730238646, -35006.98924147955, 0.058, 0.97, -0.158, 192.0, 0.0, 0.0, 0.0, 0.0, 0.0, 0.0, 0.0, 0.0, 0.0, 1.741026580379108E9, 0.0, 2025-03-03 12:29:40.379
150.0, -9846.904557574338, 1969.836887101756, -25662.12721611586, -10758.9898418176, -187500.02235174447, -17100.738537399597, -28042.61035235052, -35005.446971112135, 0.058, 0.97, -0.158, 192.0, 0.0, 0.0, 0.0, 0.0, 0.0, 0.0, 0.0, 0.0, 0.0, 1.741026580379144E9, 0.0, 2025-03-03 12:29:40.379
151.0, -9835.348705690945, 2000.414073516616, -25650.66077121029, -10746.875196322822, -187500.02235174447, -17100.313854254946, -28033.31202665711, -34993.93582271765, 0.058, 0.97, -0.158, 192.0, 0.0, 0.0, 0.0, 0.0, 0.0, 0.0, 0.0, 0.0, 0.0, 1.741026580379171E9, 0.0, 2025-03-03 12:29:40.379
152.0, -9749.629765704844, 2091.4974321719924, -25647.196250819714, -10751.07732428042, -187500.02235174447, -17102.973711845127, -28038.810555793116, -34992.59471805033, 0.058, 0.97, -0.158, 192.0, 0.0, 0.0, 0.0, 0.0, 0.0, 0.0, 0.0, 0.0, 0.0, 1.741026580379198E9, 0.0, 2025-03-03 12:29:40.379
153.0, -9768.584045002943, 2069.793888305889, -25671.22437610917, -10774.077269324931, -187500.02235174447, -17120.09514809789, -28045.940762274357, -35002.25067165502, 0.058, 0.97, -0.158, 192.0, 0.0, 0.0, 0.0, 0.0, 0.0, 0.0, 0.0, 0.0, 0.0, 1.741026580379228E9, 0.0, 2025-03-03 12:29:40.379
154.0, -9814.293362414046, 2011.902870166644, -25676.030001167062, -10773.004385591077, -187500.02235174447, -17125.3925115338, -28040.06225348261, -34989.55488080441, 0.058, 0.976, -0.154, 192.0, 1.0, 208.0, 30.0, 128.0, 251.0, 48.0, 0.0, 0.0, 0.0, 1.741026580379259E9, 0.0, 2025-03-03 12:29:40.379
155.0, -9789.058242924004, 2030.2536523644512, -25656.695742213222, -10749.55740565746, -187500.02235174447, -17105.991197346593, -28020.683291039863, -34943.73380467103, 0.058, 0.976, -0.154, 192.0, 0.0, 0.0, 0.0, 0.0, 0.0, 0.0, 0.0, 0.0, 0.0, 1.741026580379291E9, 0.0, 2025-03-03 12:29:40.379
156.0, -9732.709495152176, 2107.858909113277, -25652.784186933543, -10758.721620884136, -187500.02235174447, -17106.72880491362, -28014.64832003693, -34931.01566207596, 0.058, 0.976, -0.154, 192.0, 0.0, 0.0, 0.0, 0.0, 0.0, 0.0, 0.0, 0.0, 0.0, 1.741026580379319E9, 0.0, 2025-03-03 12:29:40.379
157.0, -9767.93584441374, 2083.3390454458054, -25659.109730614393, -10757.760495872557, -187500.02235174447, -17109.1874968037, -28001.349032086022, -34915.41414444616, 0.058, 0.976, -0.154, 192.0, 0.0, 0.0, 0.0, 0.0, 0.0, 0.0, 0.0, 0.0, 0.0, 1.741026580379345E9, 0.0, 2025-03-03 12:29:40.379
158.0, -9810.89589725684, 2003.7221316960017, -25663.31185857199, -10756.821722605435, -187500.02235174447, -17095.2847117525, -27993.570625015574, -34897.778618070915, 0.058, 0.976, -0.154, 192.0, 0.0, 0.0, 0.0, 0.0, 0.0, 0.0, 0.0, 0.0, 0.0, 1.741026580379371E9, 0.0, 2025-03-03 12:29:40.379
159.0, -9787.404213834312, 2015.322687068306, -25665.63643999534, -10767.885836110812, -187500.02235174447, -17103.711319412152, -27994.3082325826, -34897.30923143736, 0.058, 0.976, -0.154, 192.0, 0.0, 0.0, 0.0, 0.0, 0.0, 0.0, 0.0, 0.0, 0.0, 1.741026580379397E9, 0.0, 2025-03-03 12:29:40.379
160.0, -9724.26053574807, 2081.148574489185, -25652.44891076671, -10761.403830218773, -187500.02235174447, -17103.24193277859, -27986.127494111955, -34887.09448422128, 0.058, 0.976, -0.154, 192.0, 0.0, 0.0, 0.0, 0.0, 0.0, 0.0, 0.0, 0.0, 0.0, 1.741026580379426E9, 0.0, 2025-03-03 12:29:40.379
161.0, -9717.733826367119, 2078.9134000436547, -25658.439178280732, -10758.051068550476, -187500.02235174447, -17106.214714791146, -27983.087656866035, -34864.74273976597, 0.058, 0.976, -0.154, 192.0, 0.0, 0.0, 0.0, 0.0, 0.0, 0.0, 0.0, 0.0, 0.0, 1.741026580379459E9, 0.0, 2025-03-03 12:29:40.379
162.0, -9797.954237217216, 1987.070082076798, -25664.474149283666, -10760.442705207195, -187500.02235174447, -17113.76960441704, -27977.544424241118, -34864.85449848825, 0.058, 0.976, -0.154, 192.0, 0.0, 0.0, 0.0, 0.0, 0.0, 0.0, 0.0, 0.0, 0.0, 1.741026580438498E9, 0.0, 2025-03-03 12:29:40.438
163.0, -9803.296304142035, 1960.8514858307226, -25670.59852726442, -10771.70798441267, -187500.02235174447, -17113.14375557229, -27980.897185909416, -34867.40259735615, 0.058, 0.976, -0.154, 192.0, 0.0, 0.0, 0.0, 0.0, 0.0, 0.0, 0.0, 0.0, 0.0, 1.741026580438528E9, 0.0, 2025-03-03 12:29:40.438
164.0, -9737.291602765514, 2026.8785389516997, -25656.718093957676, -10756.195873760686, -187500.02235174447, -17096.156429786257, -27973.141130583423, -34842.547457521854, 0.056, 0.97, -0.154, 192.0, 1.0, 192.0, 30.0, 80.0, 251.0, 48.0, 0.0, 0.0, 0.0, 1.741026580438555E9, 0.0, 2025-03-03 12:29:40.438
165.0, -9721.757140369074, 2061.5237428574255, -25655.444044523723, -10761.359126729862, -187500.02235174447, -17099.129211798812, -27964.401598501398, -34833.115021361715, 0.056, 0.97, -0.154, 192.0, 0.0, 0.0, 0.0, 0.0, 0.0, 0.0, 0.0, 0.0, 0.0, 1.741026580438594E9, 0.0, 2025-03-03 12:29:40.438
166.0, -9799.474155840178, 1963.4666399319935, -25655.98048639065, -10764.331908742417, -187500.02235174447, -17100.023281577025, -27956.82435713105, -34832.73504170597, 0.056, 0.97, -0.154, 192.0, 0.0, 0.0, 0.0, 0.0, 0.0, 0.0, 0.0, 0.0, 0.0, 1.74102658043862E9, 0.0, 2025-03-03 12:29:40.438
167.0, -9811.253525168124, 1938.0303547418541, -25654.92995440125, -10762.543769185993, -187500.02235174447, -17095.82115361943, -27958.47838622074, -34835.59606499625, 0.056, 0.97, -0.154, 192.0, 0.0, 0.0, 0.0, 0.0, 0.0, 0.0, 0.0, 0.0, 0.0, 1.741026580438646E9, 0.0, 2025-03-03 12:29:40.438
168.0, -9762.54907400001, 1997.195422315052, -25654.92995440125, -10755.860597593857, -187500.02235174447, -17098.682176909708, -27964.356895012486, -34842.45805054403, 0.056, 0.97, -0.154, 192.0, 0.0, 0.0, 0.0, 0.0, 0.0, 0.0, 0.0, 0.0, 0.0, 1.741026580438672E9, 0.0, 2025-03-03 12:29:40.438
169.0, -9710.82713733043, 2062.7307370580124, -25647.777396175552, -10757.13464702781, -187500.02235174447, -17100.045633321482, -27962.702865922794, -34851.711672748526, 0.056, 0.97, -0.154, 192.0, 0.0, 0.0, 0.0, 0.0, 0.0, 0.0, 0.0, 0.0, 0.0, 1.741026580438707E9, 0.0, 2025-03-03 12:29:40.438
170.0, -9777.770611974074, 1988.9923320999542, -25656.65103872431, -10763.303728497474, -187500.02235174447, -17104.583037445907, -27959.90889786588, -34856.36083559523, 0.056, 0.97, -0.154, 192.0, 0.0, 0.0, 0.0, 0.0, 0.0, 0.0, 0.0, 0.0, 0.0, 1.741026580438736E9, 0.0, 2025-03-03 12:29:40.438
171.0, -9811.208821679214, 1937.4492093860163, -25647.844451408917, -10744.908242810756, -187500.02235174447, -17094.14477278528, -27949.448281460798, -34843.79915521135, 0.056, 0.97, -0.154, 192.0, 0.0, 0.0, 0.0, 0.0, 0.0, 0.0, 0.0, 0.0, 0.0, 1.741026580438763E9, 0.0, 2025-03-03 12:29:40.438
172.0, -9760.69387921022, 1995.2508205474403, -25643.910544384784, -10752.46313243665, -187500.02235174447, -17096.402298975267, -27955.706769908284, -34842.14512612166, 0.056, 0.97, -0.154, 192.0, 0.0, 0.0, 0.0, 0.0, 0.0, 0.0, 0.0, 0.0, 0.0, 1.741026580438789E9, 0.0, 2025-03-03 12:29:40.438
173.0, -9713.978733298629, 2070.084460983808, -25650.325495043457, -10760.93444358521, -187500.02235174447, -17102.750194400574, -27959.260697276677, -34849.09651864726, 0.056, 0.97, -0.154, 192.0, 0.0, 0.0, 0.0, 0.0, 0.0, 0.0, 0.0, 0.0, 0.0, 1.741026580438815E9, 0.0, 2025-03-03 12:29:40.438
174.0, -9766.661794979787, 2016.417922546616, -25652.292448555523, -10759.638042406803, -187500.02235174447, -17110.19332530419, -27960.15476705489, -34854.46093731653, 0.058, 0.972, -0.154, 192.0, 1.0, 208.0, 30.0, 96.0, 251.0, 48.0, 0.0, 0.0, 0.0, 1.741026580438842E9, 0.0, 2025-03-03 12:29:40.438
175.0, -9798.401272106323, 1955.3082532058065, -25646.346884530412, -10759.839208106901, -187500.02235174447, -17100.783240888508, -27958.2995722651, -34850.81760297032, 0.058, 0.972, -0.154, 192.0, 0.0, 0.0, 0.0, 0.0, 0.0, 0.0, 0.0, 0.0, 0.0, 1.741026580438871E9, 0.0, 2025-03-03 12:29:40.438
176.0, -9770.863922937384, 1979.6269511731807, -25644.782262418543, -10755.927652827222, -187500.02235174447, -17105.365348501844, -27956.556136197585, -34851.80107972635, 0.058, 0.972, -0.154, 192.0, 0.0, 0.0, 0.0, 0.0, 0.0, 0.0, 0.0, 0.0, 0.0, 1.741026580438903E9, 0.0, 2025-03-03 12:29:40.438
177.0, -9711.140061752803, 2066.21760919304, -25640.11074782738, -10752.619594647836, -187500.02235174447, -17096.938740842194, -27956.48908096422, -34856.13731815068, 0.058, 0.972, -0.154, 192.0, 0.0, 0.0, 0.0, 0.0, 0.0, 0.0, 0.0, 0.0, 0.0, 1.741026580498154E9, 0.0, 2025-03-03 12:29:40.498
178.0, -9766.438277535233, 2011.3664282997167, -25641.4518524947, -10745.154111999764, -187500.02235174447, -17099.91152285475, -27949.42592971634, -34863.245172887466, 0.058, 0.972, -0.154, 192.0, 0.0, 0.0, 0.0, 0.0, 0.0, 0.0, 0.0, 0.0, 0.0, 1.741026580498194E9, 0.0, 2025-03-03 12:29:40.498
179.0, -9816.461481626211, 1933.358840150695, -25645.586925218933, -10754.787713860002, -187500.02235174447, -17098.77158388753, -27951.72815939524, -34853.43275707159, 0.058, 0.972, -0.154, 192.0, 0.0, 0.0, 0.0, 0.0, 0.0, 0.0, 0.0, 0.0, 0.0, 1.74102658049822E9, 0.0, 2025-03-03 12:29:40.498
180.0, -9787.940655701239, 1953.2742444603737, -25646.011608363584, -10766.075344809931, -187500.02235174447, -17092.557798928952, -27960.378284499442, -34844.49205928946, 0.058, 0.972, -0.154, 192.0, 0.0, 0.0, 0.0, 0.0, 0.0, 0.0, 0.0, 0.0, 0.0, 1.74102658049825E9, 0.0, 2025-03-03 12:29:40.498
181.0, -9723.701742136687, 2047.2186264060292, -25639.842526893917, -10767.997594833088, -187500.02235174447, -17094.86002860785, -27962.881679878436, -34854.37153033871, 0.058, 0.972, -0.154, 192.0, 0.0, 0.0, 0.0, 0.0, 0.0, 0.0, 0.0, 0.0, 0.0, 1.741026580498276E9, 0.0, 2025-03-03 12:29:40.498
182.0, -9751.999050617105, 2044.3128996268392, -25641.049521094505, -10761.448533707684, -187500.02235174447, -17100.939703099695, -27960.870022877458, -34863.69220777657, 0.058, 0.972, -0.154, 192.0, 0.0, 0.0, 0.0, 0.0, 0.0, 0.0, 0.0, 0.0, 0.0, 1.741026580498303E9, 0.0, 2025-03-03 12:29:40.498
183.0, -9777.033004407049, 1968.1828580120634, -25629.82894537794, -10750.943213813689, -187500.02235174447, -17089.741479127584, -27952.421063473354, -34850.54938203685, 0.058, 0.972, -0.154, 192.0, 0.0, 0.0, 0.0, 0.0, 0.0, 0.0, 0.0, 0.0, 0.0, 1.741026580498331E9, 0.0, 2025-03-03 12:29:40.498
184.0, -9752.93782388423, 1977.7047011500242, -25628.97957908864, -10740.974335786621, -187500.02235174447, -17084.645281391775, -27955.19267978581, -34847.71071049103, 0.062, 0.974, -0.154, 192.0, 1.0, 240.0, 30.0, 112.0, 251.0, 48.0, 0.0, 0.0, 0.0, 1.741026580498363E9, 0.0, 2025-03-03 12:29:40.498
185.0, -9711.788262342008, 2049.520856084926, -25627.683177910232, -10744.483559666105, -187500.02235174447, -17083.639452891286, -27955.952639097293, -34861.32292286431, 0.062, 0.974, -0.154, 192.0, 0.0, 0.0, 0.0, 0.0, 0.0, 0.0, 0.0, 0.0, 0.0, 1.741026580498396E9, 0.0, 2025-03-03 12:29:40.498
186.0, -9720.907774079773, 2065.3011876703727, -25640.624837949854, -10757.64873715028, -187500.02235174447, -17084.019432547026, -27958.590144943017, -34859.892411219174, 0.062, 0.974, -0.154, 192.0, 0.0, 0.0, 0.0, 0.0, 0.0, 0.0, 0.0, 0.0, 0.0, 1.741026580498422E9, 0.0, 2025-03-03 12:29:40.498
187.0, -9793.170963903782, 1985.3489977537392, -25647.486823497635, -10747.970431801134, -187500.02235174447, -17091.283749495, -27960.11006356598, -34867.46965258952, 0.062, 0.974, -0.154, 192.0, 0.0, 0.0, 0.0, 0.0, 0.0, 0.0, 0.0, 0.0, 0.0, 1.741026580498448E9, 0.0, 2025-03-03 12:29:40.498
188.0, -9794.333254615458, 1960.1585817526081, -25627.571419187956, -10731.608954859848, -187500.02235174447, -17084.466467436134, -27944.57560116954, -34858.57365829631, 0.062, 0.974, -0.154, 192.0, 0.0, 0.0, 0.0, 0.0, 0.0, 0.0, 0.0, 0.0, 0.0, 1.741026580498474E9, 0.0, 2025-03-03 12:29:40.498
189.0, -9726.719227638154, 2029.6725070086131, -25627.21379127667, -10739.8343968194, -187500.02235174447, -17079.973766800616, -27946.117871536957, -34847.934227935584, 0.062, 0.974, -0.154, 192.0, 0.0, 0.0, 0.0, 0.0, 0.0, 0.0, 0.0, 0.0, 0.0, 1.741026580498501E9, 0.0, 2025-03-03 12:29:40.498
190.0, -9709.06134951846, 2063.870676025233, -25641.273038539057, -10757.626385405825, -187500.02235174447, -17099.889171110295, -27954.879755363436, -34860.719425764015, 0.062, 0.974, -0.154, 192.0, 0.0, 0.0, 0.0, 0.0, 0.0, 0.0, 0.0, 0.0, 0.0, 1.741026580498527E9, 0.0, 2025-03-03 12:29:40.498
191.0, -9773.948463672217, 1982.48797446346, -25644.625800207355, -10754.74301037109, -187500.02235174447, -17100.96205484415, -27946.743720381706, -34861.367626353225, 0.062, 0.974, -0.154, 192.0, 0.0, 0.0, 0.0, 0.0, 0.0, 0.0, 0.0, 0.0, 0.0, 1.74102658049856E9, 0.0, 2025-03-03 12:29:40.498
192.0, -9783.515010299088, 1967.6017126562253, -25644.08935834043, -10757.894606339289, -187500.02235174447, -17097.139906542292, -27946.900182592894, -34858.70776876304, 0.062, 0.974, -0.154, 192.0, 0.0, 0.0, 0.0, 0.0, 0.0, 0.0, 0.0, 0.0, 0.0, 1.741026580558597E9, 0.0, 2025-03-03 12:29:40.558
193.0, -9759.285719309535, 2014.3392103122726, -25629.69483491121, -10748.752742857068, -187500.02235174447, -17087.81922910443, -27936.506621421177, -34847.39778606866, 0.062, 0.974, -0.154, 192.0, 0.0, 0.0, 0.0, 0.0, 0.0, 0.0, 0.0, 0.0, 0.0, 1.741026580558637E9, 0.0, 2025-03-03 12:29:40.558
194.0, -9728.574422427944, 2081.4614989115594, -25624.285712753026, -10750.339716713395, -187500.02235174447, -17078.878531322305, -27933.57854289753, -34844.73792847848, 0.058, 0.97, -0.152, 192.0, 1.0, 208.0, 30.0, 80.0, 251.0, 64.0, 0.0, 0.0, 0.0, 1.741026580558665E9, 0.0, 2025-03-03 12:29:40.558
195.0, -9800.345873873935, 2001.6881229505686, -25640.78130016104, -10761.783809874512, -187500.02235174447, -17095.932912341705, -27940.44052844531, -34861.25586763094, 0.058, 0.97, -0.152, 192.0, 0.0, 0.0, 0.0, 0.0, 0.0, 0.0, 0.0, 0.0, 0.0, 1.741026580558694E9, 0.0, 2025-03-03 12:29:40.558
196.0, -9806.17967917677, 1956.4034886841166, -25639.328436771448, -10756.821722605435, -187500.02235174447, -17099.799764132473, -27942.25101974619, -34865.01096069944, 0.058, 0.97, -0.152, 192.0, 0.0, 0.0, 0.0, 0.0, 0.0, 0.0, 0.0, 0.0, 0.0, 1.741026580558724E9, 0.0, 2025-03-03 12:29:40.558
197.0, -9767.086478124438, 1998.0447886043537, -25639.663712938276, -10758.498103439582, -187500.02235174447, -17097.89986585377, -27947.458976204274, -34861.2782193754, 0.058, 0.97, -0.152, 192.0, 0.0, 0.0, 0.0, 0.0, 0.0, 0.0, 0.0, 0.0, 0.0, 1.74102658055875E9, 0.0, 2025-03-03 12:29:40.558
198.0, -9711.20711698617, 2080.098042499786, -25633.695797168708, -10757.358164472362, -187500.02235174447, -17092.937778584692, -27940.708749378773, -34844.313245333826, 0.058, 0.97, -0.152, 192.0, 0.0, 0.0, 0.0, 0.0, 0.0, 0.0, 0.0, 0.0, 0.0, 1.741026580558776E9, 0.0, 2025-03-03 12:29:40.558
199.0, -9741.650192934298, 2035.26044312244, -25627.772584888055, -10733.374742671818, -187500.02235174447, -17081.80660984595, -27931.656292874373, -34836.467783030006, 0.058, 0.97, -0.152, 192.0, 0.0, 0.0, 0.0, 0.0, 0.0, 0.0, 0.0, 0.0, 0.0, 1.741026580558814E9, 0.0, 2025-03-03 12:29:40.558
200.0, -9794.713234271198, 1960.6950236195355, -25640.334265271937, -10751.70317312517, -187500.02235174447, -17091.820191361927, -27937.132470265922, -34846.57077152381, 0.058, 0.97, -0.152, 192.0, 0.0, 0.0, 0.0, 0.0, 0.0, 0.0, 0.0, 0.0, 0.0, 1.741026580558843E9, 0.0, 2025-03-03 12:29:40.558
201.0, -9770.12631537036, 1987.5394687103594, -25637.093262325918, -10747.232824234108, -187500.02235174447, -17084.488819180588, -27936.819545843548, -34839.90995167613, 0.058, 0.97, -0.152, 192.0, 0.0, 0.0, 0.0, 0.0, 0.0, 0.0, 0.0, 0.0, 0.0, 1.74102658055887E9, 0.0, 2025-03-03 12:29:40.558
202.0, -9709.664846618754, 2080.232152966518, -25640.513079227578, -10756.039411549498, -187500.02235174447, -17091.686080895197, -27942.988627313214, -34848.984759924984, 0.058, 0.97, -0.152, 192.0, 0.0, 0.0, 0.0, 0.0, 0.0, 0.0, 0.0, 0.0, 0.0, 1.741026580558895E9, 0.0, 2025-03-03 12:29:40.558
203.0, -9761.78911468853, 2038.993184446476, -25648.73852118713, -10759.950966829178, -187500.02235174447, -17093.250703007066, -27939.501755178186, -34851.04112041487, 0.058, 0.97, -0.152, 192.0, 0.0, 0.0, 0.0, 0.0, 0.0, 0.0, 0.0, 0.0, 0.0, 1.741026580558921E9, 0.0, 2025-03-03 12:29:40.558
204.0, -9801.910495985807, 1979.3140267508063, -25635.46158498068, -10746.092885266888, -187500.02235174447, -17083.23712149109, -27929.08584226201, -34841.80984995483, 0.05, 0.97, -0.154, 192.0, 1.0, 144.0, 30.0, 80.0, 251.0, 48.0, 0.0, 0.0, 0.0, 1.741026580558948E9, 0.0, 2025-03-03 12:29:40.558
205.0, -9772.585007260443, 1998.15654732663, -25641.071872838962, -10762.879045352824, -187500.02235174447, -17089.33914772739, -27944.061511047068, -34849.476498302996, 0.05, 0.97, -0.154, 192.0, 0.0, 0.0, 0.0, 0.0, 0.0, 0.0, 0.0, 0.0, 0.0, 1.741026580558977E9, 0.0, 2025-03-03 12:29:40.558
206.0, -9714.895154821295, 2081.193277978096, -25644.357579273892, -10769.22694077813, -187500.02235174447, -17102.90665661176, -27950.655275661386, -34866.463824089034, 0.05, 0.97, -0.154, 192.0, 0.0, 0.0, 0.0, 0.0, 0.0, 0.0, 0.0, 0.0, 0.0, 1.741026580559007E9, 0.0, 2025-03-03 12:29:40.559
207.0, -9745.226472047147, 2064.809449292356, -25650.392550276825, -10772.199722790685, -187500.02235174447, -17095.754098386064, -27948.777729127138, -34867.80492875635, 0.05, 0.97, -0.154, 192.0, 0.0, 0.0, 0.0, 0.0, 0.0, 0.0, 0.0, 0.0, 0.0, 1.741026580618903E9, 0.0, 2025-03-03 12:29:40.618
208.0, -9812.102891457425, 1982.353863996728, -25654.572326489964, -10771.819743134945, -187500.02235174447, -17099.375080987822, -27948.15188028239, -34871.15769042465, 0.05, 0.97, -0.154, 192.0, 0.0, 0.0, 0.0, 0.0, 0.0, 0.0, 0.0, 0.0, 0.0, 1.741026580618951E9, 0.0, 2025-03-03 12:29:40.618
209.0, -9810.493565856645, 1968.875762090178, -25655.30993405699, -10775.79835364799, -187500.02235174447, -17098.65982516525, -27950.074130305547, -34877.86321376124, 0.05, 0.97, -0.154, 192.0, 0.0, 0.0, 0.0, 0.0, 0.0, 0.0, 0.0, 0.0, 0.0, 1.741026580618977E9, 0.0, 2025-03-03 12:29:40.618
210.0, -9738.297431266003, 2050.54903632987, -25654.08058811195, -10784.068499096455, -187500.02235174447, -17101.744365900086, -27958.813662387573, -34885.17223419812, 0.05, 0.97, -0.154, 192.0, 0.0, 0.0, 0.0, 0.0, 0.0, 0.0, 0.0, 0.0, 0.0, 1.741026580619004E9, 0.0, 2025-03-03 12:29:40.619
211.0, -9745.338230769425, 2073.325463929828, -25663.021285894072, -10785.633121208326, -187500.02235174447, -17102.414918233742, -27961.83114788904, -34888.94967901107, 0.05, 0.97, -0.154, 192.0, 0.0, 0.0, 0.0, 0.0, 0.0, 0.0, 0.0, 0.0, 0.0, 1.741026580619033E9, 0.0, 2025-03-03 12:29:40.619
212.0, -9818.719007816197, 1963.7348608654572, -25651.89011715533, -10773.674937924736, -187500.02235174447, -17104.024243834527, -27951.683455906328, -34895.43168490311, 0.05, 0.97, -0.154, 192.0, 0.0, 0.0, 0.0, 0.0, 0.0, 0.0, 0.0, 0.0, 0.0, 1.74102658061906E9, 0.0, 2025-03-03 12:29:40.619
213.0, -9813.823975780484, 1945.9428722790328, -25656.047541624015, -10780.603978705882, -187500.02235174447, -17109.500421226076, -27959.707732165785, -34884.05464697536, 0.05, 0.97, -0.154, 192.0, 0.0, 0.0, 0.0, 0.0, 0.0, 0.0, 0.0, 0.0, 0.0, 1.741026580619086E9, 0.0, 2025-03-03 12:29:40.619
214.0, -9745.897024380807, 2025.4927307954706, -25649.16320433178, -10781.073365339442, -187500.02235174447, -17103.42074673423, -27956.980819342236, -34881.12656845171, 0.062, 0.972, -0.154, 192.0, 1.0, 240.0, 30.0, 96.0, 251.0, 48.0, 0.0, 0.0, 0.0, 1.741026580619116E9, 0.0, 2025-03-03 12:29:40.619
215.0, -9716.97386705564, 2065.547056859381, -25636.93680011473, -10760.08507729591, -187500.02235174447, -17082.67832787971, -27945.447319203297, -34873.99636197047, 0.062, 0.972, -0.154, 192.0, 0.0, 0.0, 0.0, 0.0, 0.0, 0.0, 0.0, 0.0, 0.0, 1.741026580619149E9, 0.0, 2025-03-03 12:29:40.619
216.0, -9789.885257468852, 1984.2984657643399, -25650.5043089991, -10770.880969867823, -187500.02235174447, -17096.06702280844, -27949.560040183074, -34881.57360334082, 0.062, 0.972, -0.154, 192.0, 0.0, 0.0, 0.0, 0.0, 0.0, 0.0, 0.0, 0.0, 0.0, 1.741026580619178E9, 0.0, 2025-03-03 12:29:40.619
217.0, -9812.348760646435, 1948.6250816136696, -25659.84733818142, -10772.445591979695, -187500.02235174447, -17102.19140078919, -27958.411330987376, -34889.84374878928, 0.062, 0.972, -0.154, 192.0, 0.0, 0.0, 0.0, 0.0, 0.0, 0.0, 0.0, 0.0, 0.0, 1.741026580619205E9, 0.0, 2025-03-03 12:29:40.619
218.0, -9759.68805070973, 2003.2303933179849, -25659.333248058945, -10773.518475713548, -187500.02235174447, -17102.213752533647, -27965.027447346147, -34895.72225758103, 0.062, 0.972, -0.154, 192.0, 0.0, 0.0, 0.0, 0.0, 0.0, 0.0, 0.0, 0.0, 0.0, 1.741026580619231E9, 0.0, 2025-03-03 12:29:40.619
219.0, -9728.529718939033, 2074.8453825527886, -25663.60243124991, -10789.365862532362, -187500.02235174447, -17108.941627614695, -27964.960392112782, -34899.92438553862, 0.062, 0.972, -0.154, 192.0, 0.0, 0.0, 0.0, 0.0, 0.0, 0.0, 0.0, 0.0, 0.0, 1.741026580619258E9, 0.0, 2025-03-03 12:29:40.619
220.0, -9787.963007445695, 2002.291620050862, -25655.42169277927, -10778.61467344936, -187500.02235174447, -17097.966921087136, -27955.706769908284, -34884.47933012001, 0.062, 0.972, -0.154, 192.0, 0.0, 0.0, 0.0, 0.0, 0.0, 0.0, 0.0, 0.0, 0.0, 1.741026580619286E9, 0.0, 2025-03-03 12:29:40.619
221.0, -9806.291437899046, 1950.1450002366305, -25662.015457393583, -10770.903321612277, -187500.02235174447, -17103.957188601158, -27963.887508378924, -34887.04978073237, 0.062, 0.972, -0.154, 192.0, 0.0, 0.0, 0.0, 0.0, 0.0, 0.0, 0.0, 0.0, 0.0, 1.741026580619319E9, 0.0, 2025-03-03 12:29:40.619
222.0, -9770.08161188145, 1996.3907595146609, -25665.994067906628, -10772.110315812864, -187500.02235174447, -17113.747252672583, -27972.515281738673, -34898.18094947111, 0.062, 0.972, -0.154, 192.0, 0.0, 0.0, 0.0, 0.0, 0.0, 0.0, 0.0, 0.0, 0.0, 1.741026580679028E9, 0.0, 2025-03-03 12:29:40.679
223.0, -9717.465605433656, 2087.965856548054, -25657.478053269155, -10769.159885544765, -187500.02235174447, -17113.993121861593, -27970.01188635968, -34906.182873986116, 0.062, 0.972, -0.154, 192.0, 0.0, 0.0, 0.0, 0.0, 0.0, 0.0, 0.0, 0.0, 0.0, 1.741026580679074E9, 0.0, 2025-03-03 12:29:40.679
224.0, -9779.31288234149, 2029.2478238639624, -25656.583983490942, -10766.142400043298, -187500.02235174447, -17108.896924125784, -27958.00899958718, -34894.51526338044, 0.06, 0.978, -0.152, 192.0, 1.0, 224.0, 30.0, 144.0, 251.0, 64.0, 0.0, 0.0, 0.0, 1.741026580679101E9, 0.0, 2025-03-03 12:29:40.679
225.0, -9817.288496171057, 1962.6843288760579, -25651.331323543945, -10766.70119365468, -187500.02235174447, -17106.639397935796, -27952.510470451176, -34876.67857130511, 0.06, 0.978, -0.152, 192.0, 0.0, 0.0, 0.0, 0.0, 0.0, 0.0, 0.0, 0.0, 0.0, 1.74102658067913E9, 0.0, 2025-03-03 12:29:40.679
226.0, -9773.07674563846, 2004.258573562929, -25648.98439037614, -10768.019946577544, -187500.02235174447, -17100.80559263296, -27957.96429609827, -34875.51628059343, 0.06, 0.978, -0.152, 192.0, 0.0, 0.0, 0.0, 0.0, 0.0, 0.0, 0.0, 0.0, 0.0, 1.741026580679161E9, 0.0, 2025-03-03 12:29:40.679
227.0, -9722.539451425011, 2090.960990305065, -25646.704512441698, -10764.17544653123, -187500.02235174447, -17098.57041818743, -27956.086749564023, -34875.337466637786, 0.06, 0.978, -0.152, 192.0, 0.0, 0.0, 0.0, 0.0, 0.0, 0.0, 0.0, 0.0, 0.0, 1.741026580679191E9, 0.0, 2025-03-03 12:29:40.679
228.0, -9765.275986823557, 2050.3478706297724, -25658.01449513608, -10783.062670595966, -187500.02235174447, -17114.082528839415, -27958.634848431928, -34880.38896088469, 0.06, 0.978, -0.152, 192.0, 0.0, 0.0, 0.0, 0.0, 0.0, 0.0, 0.0, 0.0, 0.0, 1.741026580679217E9, 0.0, 2025-03-03 12:29:40.679
229.0, -9810.582972834465, 1975.9165615935997, -25659.243841081126, -10781.56510371746, -187500.02235174447, -17113.30021778348, -27960.15476705489, -34888.480292377506, 0.06, 0.978, -0.152, 192.0, 0.0, 0.0, 0.0, 0.0, 0.0, 0.0, 0.0, 0.0, 0.0, 1.741026580679244E9, 0.0, 2025-03-03 12:29:40.679
230.0, -9786.465440567188, 1973.9272563370773, -25657.03101838005, -10779.151115316286, -187500.02235174447, -17118.2399533081, -27961.451168233296, -34895.09640873628, 0.06, 0.978, -0.152, 192.0, 0.0, 0.0, 0.0, 0.0, 0.0, 0.0, 0.0, 0.0, 0.0, 1.741026580679278E9, 0.0, 2025-03-03 12:29:40.679
231.0, -9714.761044354564, 2062.2389986799953, -25653.298277056012, -10788.158868331775, -187500.02235174447, -17122.375026032332, -27971.643563704918, -34904.79706582988, 0.06, 0.978, -0.152, 192.0, 0.0, 0.0, 0.0, 0.0, 0.0, 0.0, 0.0, 0.0, 0.0, 1.741026580679312E9, 0.0, 2025-03-03 12:29:40.679
232.0, -9717.309143222468, 2079.963932033054, -25649.945515387717, -10771.171542545742, -187500.02235174447, -17111.57913346042, -27964.312191523575, -34883.47350161952, 0.06, 0.978, -0.152, 192.0, 0.0, 0.0, 0.0, 0.0, 0.0, 0.0, 0.0, 0.0, 0.0, 1.741026580679339E9, 0.0, 2025-03-03 12:29:40.679
233.0, -9802.13401343036, 1990.3334367672728, -25662.954230660707, -10780.8945513838, -187500.02235174447, -17112.96494161665, -27966.413255502375, -34877.572641083316, 0.06, 0.978, -0.152, 192.0, 0.0, 0.0, 0.0, 0.0, 0.0, 0.0, 0.0, 0.0, 0.0, 1.741026580679366E9, 0.0, 2025-03-03 12:29:40.679
234.0, -9805.196202420737, 1972.2955789918399, -25669.972678419672, -10790.997539877599, -187500.02235174447, -17111.690892182694, -27973.699924194807, -34891.497777878976, 0.056, 0.976, -0.154, 192.0, 1.0, 192.0, 30.0, 128.0, 251.0, 48.0, 0.0, 0.0, 0.0, 1.741026580679394E9, 0.0, 2025-03-03 12:29:40.679
235.0, -9736.35282949839, 2052.73950728649, -25651.01839912157, -10784.739051430113, -187500.02235174447, -17111.400319504777, -27967.48613923623, -34891.564833112345, 0.056, 0.976, -0.154, 192.0, 0.0, 0.0, 0.0, 0.0, 0.0, 0.0, 0.0, 0.0, 0.0, 1.741026580679422E9, 0.0, 2025-03-03 12:29:40.679
236.0, -9746.567576714466, 2071.4702691400375, -25656.069893368473, -10777.161810059764, -187500.02235174447, -17121.190383576202, -27965.608592701985, -34890.96133601205, 0.056, 0.976, -0.154, 192.0, 0.0, 0.0, 0.0, 0.0, 0.0, 0.0, 0.0, 0.0, 0.0, 1.741026580679448E9, 0.0, 2025-03-03 12:29:40.679
237.0, -9817.266144426601, 1986.354826254228, -25657.142777102326, -10781.028661850532, -187500.02235174447, -17120.96686613165, -27962.233479289232, -34886.58039409881, 0.056, 0.976, -0.154, 192.0, 0.0, 0.0, 0.0, 0.0, 0.0, 0.0, 0.0, 0.0, 0.0, 1.741026580739418E9, 0.0, 2025-03-03 12:29:40.739
238.0, -9808.66072281131, 1971.4462127025383, -25652.06893111097, -10773.98786234711, -187500.02235174447, -17109.85804913736, -27966.033275846636, -34888.413237144145, 0.056, 0.976, -0.154, 192.0, 0.0, 0.0, 0.0, 0.0, 0.0, 0.0, 0.0, 0.0, 0.0, 1.741026580739458E9, 0.0, 2025-03-03 12:29:40.739
239.0, -9733.469454463657, 2047.7327165285012, -25639.775471660552, -10774.524304214037, -187500.02235174447, -17108.62870319232, -27964.356895012486, -34891.22955694551, 0.056, 0.976, -0.154, 192.0, 0.0, 0.0, 0.0, 0.0, 0.0, 0.0, 0.0, 0.0, 0.0, 1.741026580739489E9, 0.0, 2025-03-03 12:29:40.739
240.0, -9724.215832259159, 2092.3691502057495, -25634.58986694692, -10769.495161711593, -187500.02235174447, -17106.95232235817, -27957.159633297877, -34894.3364494248, 0.056, 0.976, -0.154, 192.0, 0.0, 0.0, 0.0, 0.0, 0.0, 0.0, 0.0, 0.0, 0.0, 1.741026580739516E9, 0.0, 2025-03-03 12:29:40.739
241.0, -9789.371167346379, 2009.868861421211, -25638.92610537125, -10774.300786769485, -187500.02235174447, -17111.690892182694, -27955.930287352836, -34885.14988245367, 0.056, 0.976, -0.154, 192.0, 0.0, 0.0, 0.0, 0.0, 0.0, 0.0, 0.0, 0.0, 0.0, 1.741026580739545E9, 0.0, 2025-03-03 12:29:40.739
242.0, -9818.383731649368, 1968.1828580120634, -25640.78130016104, -10768.534036700015, -187500.02235174447, -17097.76575538704, -27958.612496687474, -34882.534728352395, 0.056, 0.976, -0.154, 192.0, 0.0, 0.0, 0.0, 0.0, 0.0, 0.0, 0.0, 0.0, 0.0, 1.741026580739572E9, 0.0, 2025-03-03 12:29:40.739
243.0, -9761.520893755067, 2032.0864954097863, -25636.176840803248, -10766.477676210126, -187500.02235174447, -17096.312891997444, -27961.473519977753, -34885.2839929204, 0.056, 0.976, -0.154, 192.0, 0.0, 0.0, 0.0, 0.0, 0.0, 0.0, 0.0, 0.0, 0.0, 1.741026580739599E9, 0.0, 2025-03-03 12:29:40.739
244.0, -9721.667733391254, 2107.1436532907073, -25640.378968760848, -10765.22597852063, -187500.02235174447, -17103.2866362675, -27960.177118799344, -34887.76503655494, 0.06, 0.974, -0.158, 192.0, 1.0, 224.0, 30.0, 112.0, 251.0, 16.0, 0.0, 0.0, 0.0, 1.741026580739625E9, 0.0, 2025-03-03 12:29:40.739
245.0, -9787.3595103454, 2037.540321056881, -25635.46158498068, -10762.789638375001, -187500.02235174447, -17101.073813566425, -27952.91280185137, -34881.43949287409, 0.06, 0.974, -0.158, 192.0, 0.0, 0.0, 0.0, 0.0, 0.0, 0.0, 0.0, 0.0, 0.0, 1.74102658073966E9, 0.0, 2025-03-03 12:29:40.739
246.0, -9812.192298435248, 1980.4092622291164, -25635.21571579167, -10760.465056951649, -187500.02235174447, -17095.396470474778, -27951.325827995042, -34884.792254542386, 0.06, 0.974, -0.158, 192.0, 0.0, 0.0, 0.0, 0.0, 0.0, 0.0, 0.0, 0.0, 0.0, 1.74102658073969E9, 0.0, 2025-03-03 12:29:40.739
247.0, -9767.444106035722, 2018.5413382698703, -25633.449927979702, -10753.670126637237, -187500.02235174447, -17097.028147820016, -27956.42202573085, -34895.65520234766, 0.06, 0.974, -0.158, 192.0, 0.0, 0.0, 0.0, 0.0, 0.0, 0.0, 0.0, 0.0, 0.0, 1.741026580739715E9, 0.0, 2025-03-03 12:29:40.739
248.0, -9707.094396006394, 2112.7539411489893, -25633.002893090594, -10763.214321519652, -187500.02235174447, -17095.2847117525, -27961.38411299993, -34894.224690702526, 0.06, 0.974, -0.158, 192.0, 0.0, 0.0, 0.0, 0.0, 0.0, 0.0, 0.0, 0.0, 0.0, 1.741026580739741E9, 0.0, 2025-03-03 12:29:40.739
249.0, -9786.465440567188, 2046.972757217021, -25637.49559372611, -10763.974280831133, -187500.02235174447, -17093.20599951816, -27954.25390651869, -34896.12458898123, 0.06, 0.974, -0.158, 192.0, 0.0, 0.0, 0.0, 0.0, 0.0, 0.0, 0.0, 0.0, 0.0, 1.741026580739767E9, 0.0, 2025-03-03 12:29:40.739
250.0, -9843.842368583963, 1971.6250266581808, -25639.775471660552, -10761.582644174416, -187500.02235174447, -17100.783240888508, -27951.683455906328, -34897.55510062636, 0.06, 0.974, -0.158, 192.0, 0.0, 0.0, 0.0, 0.0, 0.0, 0.0, 0.0, 0.0, 0.0, 1.741026580739794E9, 0.0, 2025-03-03 12:29:40.739
251.0, -9794.377958104367, 1998.424768260094, -25634.768680902565, -10749.490350424094, -187500.02235174447, -17086.589883159388, -27956.01969433066, -34886.58039409881, 0.06, 0.974, -0.158, 192.0, 0.0, 0.0, 0.0, 0.0, 0.0, 0.0, 0.0, 0.0, 0.0, 1.74102658073982E9, 0.0, 2025-03-03 12:29:40.739
252.0, -9717.890288578306, 2100.3040194873834, -25650.88428865484, -10763.70605989767, -187500.02235174447, -17097.698700153673, -27971.129473582445, -34895.744609325484, 0.06, 0.974, -0.158, 192.0, 0.0, 0.0, 0.0, 0.0, 0.0, 0.0, 0.0, 0.0, 0.0, 1.741026580798706E9, 0.0, 2025-03-03 12:29:40.798
253.0, -9764.158399600792, 2068.765708060945, -25658.5062335141, -10775.8430571369, -187500.02235174447, -17104.00189209007, -27968.000229358702, -34902.29367045089, 0.06, 0.974, -0.158, 192.0, 0.0, 0.0, 0.0, 0.0, 0.0, 0.0, 0.0, 0.0, 0.0, 1.741026580798757E9, 0.0, 2025-03-03 12:29:40.798
254.0, -9825.80451080853, 1986.6677506766023, -25654.92995440125, -10771.819743134945, -187500.02235174447, -17095.262360008044, -27963.86515663447, -34896.97395527053, 0.054, 0.972, -0.152, 192.0, 1.0, 176.0, 30.0, 96.0, 251.0, 64.0, 0.0, 0.0, 0.0, 1.741026580798789E9, 0.0, 2025-03-03 12:29:40.798
255.0, -9820.261278183614, 1992.1662798126079, -25658.84150968093, -10778.726432171636, -187500.02235174447, -17100.515019955044, -27969.229575303743, -34897.04101050389, 0.054, 0.972, -0.152, 192.0, 0.0, 0.0, 0.0, 0.0, 0.0, 0.0, 0.0, 0.0, 0.0, 1.741026580798819E9, 0.0, 2025-03-03 12:29:40.798
0.0, -9760.224492576659, 2075.091251741797, -25661.836643437942, -10785.320196785951, -187500.02235174447, -17103.644264178787, -27977.365610285477, -34908.52980715392, 0.054, 0.972, -0.152, 192.0, 0.0, 0.0, 0.0, 0.0, 0.0, 0.0, 0.0, 0.0, 0.0, 1.741026580798845E9, 0.0, 2025-03-03 12:29:40.798
1.0, -9756.804675674997, 2079.829821566322, -25658.550937003012, -10782.727394429136, -187500.02235174447, -17105.946493857682, -27968.894299136915, -34905.98170828602, 0.054, 0.972, -0.152, 192.0, 0.0, 0.0, 0.0, 0.0, 0.0, 0.0, 0.0, 0.0, 0.0, 1.741026580798875E9, 0.0, 2025-03-03 12:29:40.798
2.0, -9828.553775376533, 1981.258628518418, -25663.22245159417, -10782.727394429136, -187500.02235174447, -17106.639397935796, -27965.809758402083, -34907.16635074215, 0.054, 0.972, -0.152, 192.0, 0.0, 0.0, 0.0, 0.0, 0.0, 0.0, 0.0, 0.0, 0.0, 1.7410265807989E9, 0.0, 2025-03-03 12:29:40.798
3.0, -9832.107702744926, 1970.932122580066, -25663.80359695001, -10791.399871277794, -187500.02235174447, -17111.646188693787, -27968.648429947905, -34910.45205717708, 0.054, 0.972, -0.152, 192.0, 0.0, 0.0, 0.0, 0.0, 0.0, 0.0, 0.0, 0.0, 0.0, 1.741026580798927E9, 0.0, 2025-03-03 12:29:40.798
4.0, -9762.88435016684, 2051.2419404079847, -25657.008666635593, -10786.147211330797, -187500.02235174447, -17103.800726389974, -27975.82333991806, -34913.53659791191, 0.054, 0.972, -0.152, 192.0, 0.0, 0.0, 0.0, 0.0, 0.0, 0.0, 0.0, 0.0, 0.0, 1.74102658079896E9, 0.0, 2025-03-03 12:29:40.798
5.0, -9764.404268789802, 2075.582990119814, -25657.925088158263, -10785.700176441691, -187500.02235174447, -17097.34107224239, -27968.38020901444, -34907.68044086462, 0.054, 0.972, -0.152, 192.0, 0.0, 0.0, 0.0, 0.0, 0.0, 0.0, 0.0, 0.0, 0.0, 1.74102658079899E9, 0.0, 2025-03-03 12:29:40.798
6.0, -9838.813226081518, 1988.321779766295, -25658.7073992142, -10790.818725921956, -187500.02235174447, -17105.879438624317, -27967.620249702963, -34910.653222877176, 0.054, 0.972, -0.152, 192.0, 0.0, 0.0, 0.0, 0.0, 0.0, 0.0, 0.0, 0.0, 0.0, 1.741026580799016E9, 0.0, 2025-03-03 12:29:40.799
7.0, -9832.621792867398, 1979.939875595555, -25652.247745066616, -10773.451420480184, -187500.02235174447, -17107.24289503609, -27968.648429947905, -34916.19645550209, 0.054, 0.972, -0.152, 192.0, 0.0, 0.0, 0.0, 0.0, 0.0, 0.0, 0.0, 0.0, 0.0, 1.741026580799043E9, 0.0, 2025-03-03 12:29:40.799
8.0, -9770.394536303824, 2054.706460798557, -25647.643285708822, -10767.774077388534, -187500.02235174447, -17102.303159511466, -27973.565813728073, -34921.06913579335, 0.054, 0.978, -0.146, 192.0, 1.0, 176.0, 30.0, 144.0, 251.0, 112.0, 0.0, 0.0, 0.0, 1.741026580799068E9, 0.0, 2025-03-03 12:29:40.799
9.0, -9753.876597151351, 2090.93863856061, -25652.06893111097, -10771.462115223661, -187500.02235174447, -17104.09129906789, -27972.805854416594, -34921.739688127, 0.054, 0.978, -0.146, 192.0, 0.0, 0.0, 0.0, 0.0, 0.0, 0.0, 0.0, 0.0, 0.0, 1.741026580799097E9, 0.0, 2025-03-03 12:29:40.799
10.0, -9819.61307759441, 2007.745445697957, -25662.328381815958, -10779.352281016385, -187500.02235174447, -17106.639397935796, -27975.53276724014, -34917.00111830248, 0.054, 0.978, -0.146, 192.0, 0.0, 0.0, 0.0, 0.0, 0.0, 0.0, 0.0, 0.0, 0.0, 1.741026580799123E9, 0.0, 2025-03-03 12:29:40.799
11.0, -9855.085296044981, 1954.5706456387813, -25665.770550462075, -10779.374632760839, -187500.02235174447, -17103.04076707849, -27975.91274689588, -34923.68428989462, 0.054, 0.978, -0.146, 192.0, 0.0, 0.0, 0.0, 0.0, 0.0, 0.0, 0.0, 0.0, 0.0, 1.741026580858472E9, 0.0, 2025-03-03 12:29:40.858
12.0, -9805.84440300994, 1998.2683060489067, -25659.64617248132, -10779.03935659401, -187500.02235174447, -17100.023281577025, -27975.48806375123, -34921.35970847127, 0.054, 0.978, -0.146, 192.0, 0.0, 0.0, 0.0, 0.0, 0.0, 0.0, 0.0, 0.0, 0.0, 1.74102658085851E9, 0.0, 2025-03-03 12:29:40.858
13.0, -9757.36346928638, 2079.6286558662246, -25662.35073356041, -10781.341586272907, -187500.02235174447, -17102.660787422752, -27977.20914807429, -34921.829095104826, 0.054, 0.978, -0.146, 192.0, 0.0, 0.0, 0.0, 0.0, 0.0, 0.0, 0.0, 0.0, 0.0, 1.741026580858543E9, 0.0, 2025-03-03 12:29:40.858
14.0, -9814.069844969494, 2018.9436696700657, -25666.016419651085, -10781.028661850532, -187500.02235174447, -17103.04076707849, -27976.315078296077, -34921.560874171366, 0.054, 0.978, -0.146, 192.0, 0.0, 0.0, 0.0, 0.0, 0.0, 0.0, 0.0, 0.0, 0.0, 1.74102658085857E9, 0.0, 2025-03-03 12:29:40.858
15.0, -9848.782104108584, 1963.0643085317981, -25674.487730799643, -10785.61076946387, -187500.02235174447, -17104.583037445907, -27977.320906796565, -34923.95251082808, 0.054, 0.978, -0.146, 192.0, 0.0, 0.0, 0.0, 0.0, 0.0, 0.0, 0.0, 0.0, 0.0, 1.741026580858596E9, 0.0, 2025-03-03 12:29:40.858
16.0, -9807.721949544186, 1992.7921286573564, -25664.4070940503, -10775.373670503339, -187500.02235174447, -17102.57138044493, -27978.48319750824, -34925.76300212896, 0.054, 0.978, -0.146, 192.0, 0.0, 0.0, 0.0, 0.0, 0.0, 0.0, 0.0, 0.0, 0.0, 1.741026580858627E9, 0.0, 2025-03-03 12:29:40.858
17.0, -9755.642384963321, 2071.2020482065736, -25660.74140795963, -10768.355222744372, -187500.02235174447, -17100.09033681039, -27978.930232397346, -34931.01566207596, 0.054, 0.978, -0.146, 192.0, 0.0, 0.0, 0.0, 0.0, 0.0, 0.0, 0.0, 0.0, 0.0, 1.741026580858654E9, 0.0, 2025-03-03 12:29:40.858
18.0, -9807.207859421715, 2021.9611551715323, -25670.576175519967, -10773.47377222464, -187500.02235174447, -17109.61217994835, -27983.892319666425, -34936.357729000774, 0.058, 0.982, -0.154, 192.0, 1.0, 208.0, 30.0, 176.0, 251.0, 48.0, 0.0, 0.0, 0.0, 1.74102658085868E9, 0.0, 2025-03-03 12:29:40.858
19.0, -9852.71601113272, 1951.8213810707787, -25673.79482672153, -10780.51457172806, -187500.02235174447, -17113.94841837268, -27986.149845856413, -34935.26249352247, 0.058, 0.982, -0.154, 192.0, 0.0, 0.0, 0.0, 0.0, 0.0, 0.0, 0.0, 0.0, 0.0, 1.741026580858712E9, 0.0, 2025-03-03 12:29:40.858
20.0, -9820.775368306086, 1983.806727386323, -25673.012515665596, -10794.439708523716, -187500.02235174447, -17124.498441755586, -27995.604633761006, -34956.87663041075, 0.058, 0.982, -0.154, 192.0, 0.0, 0.0, 0.0, 0.0, 0.0, 0.0, 0.0, 0.0, 0.0, 1.741026580858741E9, 0.0, 2025-03-03 12:29:40.858
21.0, -9753.854245406896, 2073.370167418738, -25663.535376016545, -10782.32506302894, -187500.02235174447, -17110.170973559736, -27994.151770371413, -34952.47333675305, 0.058, 0.982, -0.154, 192.0, 0.0, 0.0, 0.0, 0.0, 0.0, 0.0, 0.0, 0.0, 0.0, 1.741026580858771E9, 0.0, 2025-03-03 12:29:40.858
22.0, -9807.654894310821, 2036.2662716229288, -25676.521739545078, -10793.813859678969, -187500.02235174447, -17111.690892182694, -27994.93408142735, -34944.51611572696, 0.058, 0.982, -0.154, 192.0, 0.0, 0.0, 0.0, 0.0, 0.0, 0.0, 0.0, 0.0, 0.0, 1.741026580858802E9, 0.0, 2025-03-03 12:29:40.858
23.0, -9847.239833741169, 1966.037090544354, -25676.767608734084, -10793.366824789862, -187500.02235174447, -17113.27786603902, -27994.48704653824, -34925.24891200649, 0.058, 0.982, -0.154, 192.0, 0.0, 0.0, 0.0, 0.0, 0.0, 0.0, 0.0, 0.0, 0.0, 1.74102658085883E9, 0.0, 2025-03-03 12:29:40.858
24.0, -9833.337048689968, 1975.4248232155828, -25673.6607162548, -10800.877010926844, -187500.02235174447, -17111.154450315767, -27992.318927326076, -34930.88155160923, 0.058, 0.982, -0.154, 192.0, 0.0, 0.0, 0.0, 0.0, 0.0, 0.0, 0.0, 0.0, 0.0, 1.741026580858857E9, 0.0, 2025-03-03 12:29:40.858
25.0, -9768.02525139156, 2057.388670133194, -25670.062085397494, -10801.502859771594, -187500.02235174447, -17109.500421226076, -27994.24117734923, -34936.91652261216, 0.058, 0.982, -0.154, 192.0, 0.0, 0.0, 0.0, 0.0, 0.0, 0.0, 0.0, 0.0, 0.0, 1.741026580858884E9, 0.0, 2025-03-03 12:29:40.858
26.0, -9768.673451980765, 2064.228303936518, -25672.476073798665, -10791.13165034433, -187500.02235174447, -17109.85804913736, -27994.01765990468, -34939.82224939135, 0.058, 0.982, -0.154, 192.0, 0.0, 0.0, 0.0, 0.0, 0.0, 0.0, 0.0, 0.0, 0.0, 1.741026580918775E9, 0.0, 2025-03-03 12:29:40.918
27.0, -9846.926909318794, 1968.160506267608, -25675.69472500023, -10792.13747884482, -187500.02235174447, -17114.10488058387, -27989.793180202625, -34939.15169705769, 0.058, 0.982, -0.154, 192.0, 0.0, 0.0, 0.0, 0.0, 0.0, 0.0, 0.0, 0.0, 0.0, 1.741026580918818E9, 0.0, 2025-03-03 12:29:40.918
28.0, -9840.847234826952, 1965.4112416996054, -25667.08930338494, -10772.55735070197, -187500.02235174447, -17109.56747645944, -27989.323793569067, -34937.52001971245, 0.062, 0.976, -0.15, 192.0, 1.0, 240.0, 30.0, 128.0, 251.0, 80.0, 0.0, 0.0, 0.0, 1.741026580918848E9, 0.0, 2025-03-03 12:29:40.918
29.0, -9755.575329729954, 2061.926074257621, -25661.434312037745, -10778.391156004805, -187500.02235174447, -17104.068947323438, -27998.175084373368, -34946.1477930722, 0.062, 0.976, -0.15, 192.0, 0.0, 0.0, 0.0, 0.0, 0.0, 0.0, 0.0, 0.0, 0.0, 1.741026580918881E9, 0.0, 2025-03-03 12:29:40.918
30.0, -9749.965041871672, 2088.7928710929004, -25673.861881954897, -10791.221057322153, -187500.02235174447, -17112.24968579408, -28003.517151298187, -34951.37810127474, 0.062, 0.976, -0.15, 192.0, 0.0, 0.0, 0.0, 0.0, 0.0, 0.0, 0.0, 0.0, 0.0, 1.741026580918907E9, 0.0, 2025-03-03 12:29:40.918
31.0, -9835.23694696867, 1996.4354630035716, -25681.03679192505, -10792.13747884482, -187500.02235174447, -17119.692816697698, -28004.478276309765, -34954.82026992086, 0.062, 0.976, -0.15, 192.0, 0.0, 0.0, 0.0, 0.0, 0.0, 0.0, 0.0, 0.0, 0.0, 1.741026580918936E9, 0.0, 2025-03-03 12:29:40.918
32.0, -9834.834615568474, 1981.2809802628733, -25670.866748197885, -10783.08502234042, -187500.02235174447, -17113.255514294568, -28004.701793754317, -34960.564668245876, 0.062, 0.976, -0.15, 192.0, 0.0, 0.0, 0.0, 0.0, 0.0, 0.0, 0.0, 0.0, 0.0, 1.741026580918962E9, 0.0, 2025-03-03 12:29:40.918
33.0, -9772.45089679371, 2053.097135197775, -25667.60339350741, -10773.719641413647, -187500.02235174447, -17105.611217690854, -28003.673613509374, -34953.18859257562, 0.062, 0.976, -0.15, 192.0, 0.0, 0.0, 0.0, 0.0, 0.0, 0.0, 0.0, 0.0, 0.0, 1.741026580918989E9, 0.0, 2025-03-03 12:29:40.918
34.0, -9760.224492576659, 2099.454653198082, -25669.011553408094, -10781.006310106077, -187500.02235174447, -17104.560685701454, -28002.73484024225, -34947.93593262863, 0.062, 0.976, -0.15, 192.0, 0.0, 0.0, 0.0, 0.0, 0.0, 0.0, 0.0, 0.0, 0.0, 1.741026580919015E9, 0.0, 2025-03-03 12:29:40.919
35.0, -9821.647086339843, 2013.9145271676216, -25670.84439645343, -10782.861504895867, -187500.02235174447, -17110.99798810458, -28001.572549530574, -34947.80182216189, 0.062, 0.976, -0.15, 192.0, 0.0, 0.0, 0.0, 0.0, 0.0, 0.0, 0.0, 0.0, 0.0, 1.741026580919047E9, 0.0, 2025-03-03 12:29:40.919
36.0, -9835.795740580052, 1974.3742912261835, -25666.12817837336, -10772.691461168703, -187500.02235174447, -17106.594694446885, -27999.180912873857, -34945.76781341646, 0.062, 0.976, -0.15, 192.0, 0.0, 0.0, 0.0, 0.0, 0.0, 0.0, 0.0, 0.0, 0.0, 1.741026580919077E9, 0.0, 2025-03-03 12:29:40.919
37.0, -9768.628748491854, 2039.4625710800376, -25663.78124520555, -10777.474734482139, -187500.02235174447, -17106.170011302234, -28004.701793754317, -34949.18763031812, 0.06, 0.972, -0.15, 192.0, 1.0, 224.0, 30.0, 96.0, 251.0, 80.0, 0.0, 0.0, 0.0, 1.741026580919103E9, 0.0, 2025-03-03 12:29:40.919
38.0, -9723.992314814606, 2116.8890138732213, -25674.04069591054, -10787.577722975937, -187500.02235174447, -17112.204982305168, -28008.725107756272, -34962.26340082448, 0.06, 0.972, -0.15, 192.0, 0.0, 0.0, 0.0, 0.0, 0.0, 0.0, 0.0, 0.0, 0.0, 1.741026580919133E9, 0.0, 2025-03-03 12:29:40.919
39.0, -9806.872583254884, 2029.6054517752473, -25678.55574829051, -10786.951874131188, -187500.02235174447, -17115.490688740098, -28005.14882864342, -34967.94074391612, 0.06, 0.972, -0.15, 192.0, 0.0, 0.0, 0.0, 0.0, 0.0, 0.0, 0.0, 0.0, 0.0, 1.74102658091916E9, 0.0, 2025-03-03 12:29:40.919
40.0, -9850.078505286992, 1961.812610842301, -25685.305975116014, -10791.332816044429, -187500.02235174447, -17120.47512775363, -28009.64152927894, -34972.7016654851, 0.06, 0.972, -0.15, 192.0, 0.0, 0.0, 0.0, 0.0, 0.0, 0.0, 0.0, 0.0, 0.0, 1.741026580919187E9, 0.0, 2025-03-03 12:29:40.919
41.0, -9802.066958196994, 2012.1710911001078, -25674.778303477564, -10790.908132899778, -187500.02235174447, -17120.05044460898, -28008.769811245184, -34950.975769874545, 0.06, 0.972, -0.15, 192.0, 0.0, 0.0, 0.0, 0.0, 0.0, 0.0, 0.0, 0.0, 0.0, 1.741026580979177E9, 0.0, 2025-03-03 12:29:40.979
42.0, -9755.642384963321, 2093.8443653398, -25670.062085397494, -10790.505801499583, -187500.02235174447, -17115.20011606218, -28004.657090265406, -34943.95732211558, 0.06, 0.972, -0.15, 192.0, 0.0, 0.0, 0.0, 0.0, 0.0, 0.0, 0.0, 0.0, 0.0, 1.74102658097922E9, 0.0, 2025-03-03 12:29:40.979
43.0, -9806.26908615459, 2043.3294228708057, -25675.962945933694, -10784.51553398556, -187500.02235174447, -17113.52373522803, -28005.77467748817, -34949.00881636248, 0.06, 0.972, -0.15, 192.0, 0.0, 0.0, 0.0, 0.0, 0.0, 0.0, 0.0, 0.0, 0.0, 1.741026580979255E9, 0.0, 2025-03-03 12:29:40.979
44.0, -9844.602327895444, 1969.5686661682923, -25676.521739545078, -10791.109298599875, -187500.02235174447, -17108.248723536577, -28006.936968199847, -34948.897057640206, 0.06, 0.972, -0.15, 192.0, 0.0, 0.0, 0.0, 0.0, 0.0, 0.0, 0.0, 0.0, 0.0, 1.741026580979284E9, 0.0, 2025-03-03 12:29:40.979
45.0, -9804.056263453516, 1999.6541142051358, -25678.22047212368, -10799.938237659722, -187500.02235174447, -17110.595656704387, -28017.50934332721, -34962.10693861329, 0.06, 0.972, -0.15, 192.0, 0.0, 0.0, 0.0, 0.0, 0.0, 0.0, 0.0, 0.0, 0.0, 1.741026580979311E9, 0.0, 2025-03-03 12:29:40.979
46.0, -9744.019477846561, 2095.5654496628586, -25683.3613733484, -10810.242391853619, -187500.02235174447, -17127.448872023688, -28029.60163707753, -34970.622953250764, 0.06, 0.972, -0.15, 192.0, 0.0, 0.0, 0.0, 0.0, 0.0, 0.0, 0.0, 0.0, 0.0, 1.741026580979341E9, 0.0, 2025-03-03 12:29:40.979
47.0, -9779.446992808222, 2079.293379699395, -25679.718039002186, -10791.556333488981, -187500.02235174447, -17118.53052598602, -28023.00787246321, -34957.92716240015, 0.056, 0.968, -0.154, 192.0, 1.0, 192.0, 30.0, 64.0, 251.0, 48.0, 0.0, 0.0, 0.0, 1.741026580979372E9, 0.0, 2025-03-03 12:29:40.979
48.0, -9855.599386167454, 1993.0156461019096, -25679.159245390805, -10794.529115501538, -187500.02235174447, -17117.658807952263, -28019.073965439078, -34961.950476402104, 0.056, 0.968, -0.154, 192.0, 0.0, 0.0, 0.0, 0.0, 0.0, 0.0, 0.0, 0.0, 0.0, 1.7410265809794E9, 0.0, 2025-03-03 12:29:40.979
49.0, -9837.360362691923, 1987.1371373101638, -25664.518852772577, -10791.645740466804, -187500.02235174447, -17116.67533119623, -28013.2625118807, -34958.21773507807, 0.056, 0.968, -0.154, 192.0, 0.0, 0.0, 0.0, 0.0, 0.0, 0.0, 0.0, 0.0, 0.0, 1.741026580979426E9, 0.0, 2025-03-03 12:29:40.979
50.0, -9755.105943096392, 2071.5820278623137, -25659.89204167033, -10795.825516679944, -187500.02235174447, -17117.81527016345, -28017.285825882653, -34963.224525836056, 0.056, 0.968, -0.154, 192.0, 0.0, 0.0, 0.0, 0.0, 0.0, 0.0, 0.0, 0.0, 0.0, 1.74102658097946E9, 0.0, 2025-03-03 12:29:40.979
51.0, -9770.193370603725, 2081.573257633836, -25674.577137777465, -10798.373615547851, -187500.02235174447, -17118.68698819721, -28020.191552661843, -34963.917429914174, 0.056, 0.968, -0.154, 192.0, 0.0, 0.0, 0.0, 0.0, 0.0, 0.0, 0.0, 0.0, 0.0, 1.74102658097949E9, 0.0, 2025-03-03 12:29:40.979
52.0, -9832.733551589674, 1993.6861984355687, -25672.587832520945, -10788.315330542962, -187500.02235174447, -17115.669502695742, -28013.530732814164, -34956.228429821545, 0.056, 0.968, -0.154, 192.0, 0.0, 0.0, 0.0, 0.0, 0.0, 0.0, 0.0, 0.0, 0.0, 1.741026580979515E9, 0.0, 2025-03-03 12:29:40.979
53.0, -9821.334161917468, 2001.0846258502754, -25673.973640677174, -10792.942141645211, -187500.02235174447, -17112.696720683183, -28019.632759050462, -34959.17886008965, 0.056, 0.968, -0.154, 192.0, 0.0, 0.0, 0.0, 0.0, 0.0, 0.0, 0.0, 0.0, 0.0, 1.741026580979542E9, 0.0, 2025-03-03 12:29:40.979
54.0, -9779.357585830401, 2083.450804168082, -25677.08053315646, -10801.27934232704, -187500.02235174447, -17119.312837041954, -28023.901942241424, -34969.90769742819, 0.056, 0.968, -0.154, 192.0, 0.0, 0.0, 0.0, 0.0, 0.0, 0.0, 0.0, 0.0, 0.0, 1.741026580979568E9, 0.0, 2025-03-03 12:29:40.979
55.0, -9779.536399786044, 2111.6363539262243, -25683.07080067048, -10810.108281386887, -187500.02235174447, -17119.357540530866, -28024.036052708158, -34968.83481369434, 0.056, 0.968, -0.154, 192.0, 0.0, 0.0, 0.0, 0.0, 0.0, 0.0, 0.0, 0.0, 0.0, 1.741026580979595E9, 0.0, 2025-03-03 12:29:40.979
56.0, -9829.872528299395, 2015.4791492794932, -25673.571309276977, -10799.960589404178, -187500.02235174447, -17105.834735135406, -28015.69885202633, -34957.72599670005, 0.056, 0.968, -0.154, 192.0, 0.0, 0.0, 0.0, 0.0, 0.0, 0.0, 0.0, 0.0, 0.0, 1.741026581039397E9, 0.0, 2025-03-03 12:29:41.039
57.0, -9845.384638951378, 1974.2848842483622, -25673.526605788065, -10792.405699778283, -187500.02235174447, -17118.083491096913, -28015.229465392767, -34959.514136256475, 0.056, 0.976, -0.156, 192.0, 1.0, 192.0, 30.0, 128.0, 251.0, 32.0, 0.0, 0.0, 0.0, 1.741026581039441E9, 0.0, 2025-03-03 12:29:41.039
58.0, -9796.859001738907, 2032.4441233210712, -25669.279774341558, -10798.217153336664, -187500.02235174447, -17119.96103763116, -28020.30331138412, -34965.3032380704, 0.056, 0.976, -0.156, 192.0, 0.0, 0.0, 0.0, 0.0, 0.0, 0.0, 0.0, 0.0, 0.0, 1.741026581039478E9, 0.0, 2025-03-03 12:29:41.039
59.0, -9748.847454648907, 2101.1980892655956, -25676.208815122704, -10798.865353925867, -187500.02235174447, -17125.839546422907, -28030.62981732247, -34981.01651442248, 0.056, 0.976, -0.156, 192.0, 0.0, 0.0, 0.0, 0.0, 0.0, 0.0, 0.0, 0.0, 0.0, 1.741026581039511E9, 0.0, 2025-03-03 12:29:41.039
60.0, -9833.538214390066, 2011.5452422553592, -25686.691783272243, -10798.306560314484, -187500.02235174447, -17128.119424357348, -28026.137116686958, -34974.91448818618, 0.056, 0.976, -0.156, 192.0, 0.0, 0.0, 0.0, 0.0, 0.0, 0.0, 0.0, 0.0, 0.0, 1.741026581039538E9, 0.0, 2025-03-03 12:29:41.039
61.0, -9860.203845525248, 1965.8806283331667, -25678.04165816804, -10791.489278255616, -187500.02235174447, -17116.228296307123, -28017.755212516215, -34961.79401419091, 0.056, 0.976, -0.156, 192.0, 0.0, 0.0, 0.0, 0.0, 0.0, 0.0, 0.0, 0.0, 0.0, 1.741026581039564E9, 0.0, 2025-03-03 12:29:41.039
62.0, -9808.995998978138, 2010.1817858435854, -25672.386666820847, -10790.483449755127, -187500.02235174447, -17113.27786603902, -28020.884456739957, -34972.656961996196, 0.056, 0.976, -0.156, 192.0, 0.0, 0.0, 0.0, 0.0, 0.0, 0.0, 0.0, 0.0, 0.0, 1.741026581039594E9, 0.0, 2025-03-03 12:29:41.039
63.0, -9754.994184374116, 2089.910458315666, -25680.23212912466, -10802.218115594163, -187500.02235174447, -17126.82302317894, -28028.79697427714, -34992.39355235023, 0.056, 0.976, -0.156, 192.0, 0.0, 0.0, 0.0, 0.0, 0.0, 0.0, 0.0, 0.0, 0.0, 1.741026581039621E9, 0.0, 2025-03-03 12:29:41.039
64.0, -9816.059150226016, 2034.254614621951, -25697.979414222173, -10820.658304769791, -187500.02235174447, -17142.983334420125, -28035.949532502837, -34992.4606075836, 0.056, 0.976, -0.156, 192.0, 0.0, 0.0, 0.0, 0.0, 0.0, 0.0, 0.0, 0.0, 0.0, 1.741026581039648E9, 0.0, 2025-03-03 12:29:41.039
65.0, -9857.342822234968, 1978.3305499947728, -25688.122294917383, -10805.682635984736, -187500.02235174447, -17127.203002834678, -28028.4169946214, -34970.287677083936, 0.056, 0.976, -0.156, 192.0, 0.0, 0.0, 0.0, 0.0, 0.0, 0.0, 0.0, 0.0, 0.0, 1.741026581039678E9, 0.0, 2025-03-03 12:29:41.039
66.0, -9824.888089285861, 2001.2857915503732, -25679.718039002186, -10793.478583512138, -187500.02235174447, -17119.134023086313, -28028.461698110306, -34966.48788052653, 0.056, 0.976, -0.156, 192.0, 0.0, 0.0, 0.0, 0.0, 0.0, 0.0, 0.0, 0.0, 0.0, 1.741026581039708E9, 0.0, 2025-03-03 12:29:41.039
67.0, -9762.660832722288, 2083.0037692789756, -25677.482864556656, -10798.060691125476, -187500.02235174447, -17118.41876726374, -28029.84750626654, -34969.21479335008, 0.058, 0.976, -0.16, 192.0, 1.0, 208.0, 30.0, 128.0, 251.0, 0.0, 0.0, 0.0, 0.0, 1.741026581039737E9, 0.0, 2025-03-03 12:29:41.039
68.0, -9807.386673377356, 2043.7988095043672, -25681.64028902534, -10806.532002274038, -187500.02235174447, -17120.25161030908, -28029.758099288716, -34976.59086902033, 0.058, 0.976, -0.16, 192.0, 0.0, 0.0, 0.0, 0.0, 0.0, 0.0, 0.0, 0.0, 0.0, 1.741026581039767E9, 0.0, 2025-03-03 12:29:41.039
69.0, -9854.392391966867, 1970.7309568799685, -25681.03679192505, -10811.114109887376, -187500.02235174447, -17124.81136617796, -28025.35480563102, -34976.38970332023, 0.058, 0.976, -0.16, 192.0, 0.0, 0.0, 0.0, 0.0, 0.0, 0.0, 0.0, 0.0, 0.0, 1.741026581039793E9, 0.0, 2025-03-03 12:29:41.039
70.0, -9811.27587691258, 2004.482091007482, -25669.637402252843, -10801.9498946607, -187500.02235174447, -17121.369197531843, -28024.661901552907, -34970.287677083936, 0.058, 0.976, -0.16, 192.0, 0.0, 0.0, 0.0, 0.0, 0.0, 0.0, 0.0, 0.0, 0.0, 1.741026581039825E9, 0.0, 2025-03-03 12:29:41.039
71.0, -9743.907719124285, 2098.024141552942, -25666.7093237292, -10793.880914912334, -187500.02235174447, -17119.335188786412, -28029.378119632976, -34976.03207540895, 0.058, 0.976, -0.16, 192.0, 0.0, 0.0, 0.0, 0.0, 0.0, 0.0, 0.0, 0.0, 0.0, 1.741026581099694E9, 0.0, 2025-03-03 12:29:41.099
72.0, -9785.996053933628, 2069.391556905694, -25682.735524503652, -10805.392063306817, -187500.02235174447, -17120.206906820167, -28034.586076091062, -34982.42467432316, 0.058, 0.976, -0.16, 192.0, 0.0, 0.0, 0.0, 0.0, 0.0, 0.0, 0.0, 0.0, 0.0, 1.741026581099736E9, 0.0, 2025-03-03 12:29:41.099
73.0, -9852.872473343907, 1979.2693232618958, -25677.438161067745, -10791.556333488981, -187500.02235174447, -17114.641322450796, -28025.824192264583, -34973.126348629754, 0.058, 0.976, -0.16, 192.0, 0.0, 0.0, 0.0, 0.0, 0.0, 0.0, 0.0, 0.0, 0.0, 1.74102658109977E9, 0.0, 2025-03-03 12:29:41.099
74.0, -9830.543080633055, 1989.1487943111415, -25680.343887846935, -10796.160792846775, -187500.02235174447, -17116.72003468514, -28034.899000513436, -34979.094264399326, 0.058, 0.976, -0.16, 192.0, 0.0, 0.0, 0.0, 0.0, 0.0, 0.0, 0.0, 0.0, 0.0, 1.741026581099806E9, 0.0, 2025-03-03 12:29:41.099
75.0, -9767.086478124438, 2080.4109669221602, -25677.41580932329, -10803.8497929394, -187500.02235174447, -17118.351712030377, -28039.279942426678, -34982.89406095673, 0.058, 0.976, -0.16, 192.0, 0.0, 0.0, 0.0, 0.0, 0.0, 0.0, 0.0, 0.0, 0.0, 1.741026581099832E9, 0.0, 2025-03-03 12:29:41.099
76.0, -9774.708422983698, 2102.293324743906, -25674.84535871093, -10797.99363589211, -187500.02235174447, -17117.1894213187, -28038.005892992725, -34984.324572601865, 0.058, 0.976, -0.16, 192.0, 0.0, 0.0, 0.0, 0.0, 0.0, 0.0, 0.0, 0.0, 0.0, 1.741026581099858E9, 0.0, 2025-03-03 12:29:41.099
77.0, -9854.23592975568, 2004.035056118376, -25678.823969223973, -10791.154002088786, -187500.02235174447, -17109.299255525977, -28034.273151668687, -34980.122444644265, 0.064, 0.978, -0.16, 192.0, 2.0, 0.0, 30.0, 144.0, 251.0, 0.0, 0.0, 0.0, 0.0, 1.741026581099889E9, 0.0, 2025-03-03 12:29:41.099
78.0, -9853.274804744102, 1981.1021663072308, -25683.60724253741, -10803.8497929394, -187500.02235174447, -17114.261342795056, -28037.82707903708, -34981.93293594515, 0.064, 0.978, -0.16, 192.0, 0.0, 0.0, 0.0, 0.0, 0.0, 0.0, 0.0, 0.0, 0.0, 1.741026581099918E9, 0.0, 2025-03-03 12:29:41.099
79.0, -9791.382824347356, 2054.4382398650932, -25673.21368136569, -10797.479545769638, -187500.02235174447, -17110.39449100429, -28033.53554410166, -34981.463549311586, 0.064, 0.978, -0.16, 192.0, 0.0, 0.0, 0.0, 0.0, 0.0, 0.0, 0.0, 0.0, 0.0, 1.741026581099944E9, 0.0, 2025-03-03 12:29:41.099
80.0, -9768.584045002943, 2101.51101368797, -25677.594623278932, -10801.70402547169, -187500.02235174447, -17115.490688740098, -28038.430576137376, -34980.748293489014, 0.064, 0.978, -0.16, 192.0, 0.0, 0.0, 0.0, 0.0, 0.0, 0.0, 0.0, 0.0, 0.0, 1.741026581099972E9, 0.0, 2025-03-03 12:29:41.099
81.0, -9846.85985408543, 2011.5899457442697, -25684.523664060078, -10804.207420850686, -187500.02235174447, -17125.124290600335, -28039.861087782516, -34986.47034006957, 0.064, 0.978, -0.16, 192.0, 0.0, 0.0, 0.0, 0.0, 0.0, 0.0, 0.0, 0.0, 0.0, 1.741026581100005E9, 0.0, 2025-03-03 12:29:41.100
82.0, -9848.647993641853, 1990.1769745560855, -25674.018344166085, -10795.13261260183, -187500.02235174447, -17110.126270070825, -28035.949532502837, -34986.917374958684, 0.064, 0.978, -0.16, 192.0, 0.0, 0.0, 0.0, 0.0, 0.0, 0.0, 0.0, 0.0, 0.0, 1.741026581100034E9, 0.0, 2025-03-03 12:29:41.100
83.0, -9791.449879580723, 2051.5995683192696, -25671.514948787088, -10797.367787047362, -187500.02235174447, -17108.29342702549, -28040.531640116173, -34989.19725289312, 0.064, 0.978, -0.16, 192.0, 0.0, 0.0, 0.0, 0.0, 0.0, 0.0, 0.0, 0.0, 0.0, 1.741026581100061E9, 0.0, 2025-03-03 12:29:41.100
84.0, -9767.131181613348, 2107.3448189908054, -25672.297259843024, -10797.390138791818, -187500.02235174447, -17121.123328342837, -28043.750291317738, -34995.05340994041, 0.064, 0.978, -0.16, 192.0, 0.0, 0.0, 0.0, 0.0, 0.0, 0.0, 0.0, 0.0, 0.0, 1.741026581100088E9, 0.0, 2025-03-03 12:29:41.100
85.0, -9823.345818918446, 2036.4003820896605, -25682.08732391445, -10809.705949986692, -187500.02235174447, -17130.801633691983, -28049.36057917602, -34998.96496522009, 0.064, 0.978, -0.16, 192.0, 0.0, 0.0, 0.0, 0.0, 0.0, 0.0, 0.0, 0.0, 0.0, 1.741026581100114E9, 0.0, 2025-03-03 12:29:41.100
86.0, -9851.888996587873, 1987.003026843432, -25681.4614750697, -10795.37848179084, -187500.02235174447, -17123.24674406609, -28049.31587568711, -34996.64038379674, 0.064, 0.978, -0.16, 192.0, 0.0, 0.0, 0.0, 0.0, 0.0, 0.0, 0.0, 0.0, 0.0, 1.741026581159153E9, 0.0, 2025-03-03 12:29:41.159
87.0, -9804.011559964605, 2037.4062105901494, -25662.462492282688, -10787.980054376132, -187500.02235174447, -17111.802650904974, -28038.117651715, -34992.9076424727, 0.058, 0.98, -0.16, 192.0, 1.0, 208.0, 30.0, 160.0, 251.0, 0.0, 0.0, 0.0, 0.0, 1.741026581159185E9, 0.0, 2025-03-03 12:29:41.159
88.0, -9762.973757144662, 2110.451711470093, -25675.158283133303, -10790.841077666411, -187500.02235174447, -17121.503307998577, -28049.78526232067, -35011.68310781516, 0.058, 0.98, -0.16, 192.0, 0.0, 0.0, 0.0, 0.0, 0.0, 0.0, 0.0, 0.0, 0.0, 1.741026581159228E9, 0.0, 2025-03-03 12:29:41.159
89.0, -9839.394371437356, 2027.929070941099, -25691.11742867439, -10805.481470284638, -187500.02235174447, -17135.227279094135, -28051.863974555014, -35015.66171832821, 0.058, 0.98, -0.16, 192.0, 0.0, 0.0, 0.0, 0.0, 0.0, 0.0, 0.0, 0.0, 0.0, 1.741026581159261E9, 0.0, 2025-03-03 12:29:41.159
90.0, -9863.847179871462, 1971.1556400246193, -25689.12812341787, -10807.738996474623, -187500.02235174447, -17136.881308183827, -28052.623933866496, -35012.82304678238, 0.058, 0.98, -0.16, 192.0, 0.0, 0.0, 0.0, 0.0, 0.0, 0.0, 0.0, 0.0, 0.0, 1.741026581159297E9, 0.0, 2025-03-03 12:29:41.159
91.0, -9827.74911257614, 2007.9913148869653, -25690.066896684995, -10812.85754595489, -187500.02235174447, -17130.466357525154, -28056.893117057458, -35007.6597938132, 0.058, 0.98, -0.16, 192.0, 0.0, 0.0, 0.0, 0.0, 0.0, 0.0, 0.0, 0.0, 0.0, 1.741026581159326E9, 0.0, 2025-03-03 12:29:41.159
92.0, -9770.573350259465, 2098.761749119967, -25687.451742583722, -10821.306505358996, -187500.02235174447, -17133.43913953771, -28062.615163638016, -35012.264253171, 0.058, 0.98, -0.16, 192.0, 0.0, 0.0, 0.0, 0.0, 0.0, 0.0, 0.0, 0.0, 0.0, 1.741026581159357E9, 0.0, 2025-03-03 12:29:41.159
93.0, -9819.70248457223, 2062.5072196134593, -25690.804504252017, -10818.646647768814, -187500.02235174447, -17133.48384302662, -28058.79301533616, -35009.24676766953, 0.058, 0.98, -0.16, 192.0, 0.0, 0.0, 0.0, 0.0, 0.0, 0.0, 0.0, 0.0, 0.0, 1.741026581159383E9, 0.0, 2025-03-03 12:29:41.159
94.0, -9880.678043446309, 1978.6434744171472, -25689.575158306976, -10818.691351257725, -187500.02235174447, -17139.563517518465, -28052.0204367662, -35018.098058473835, 0.058, 0.98, -0.16, 192.0, 0.0, 0.0, 0.0, 0.0, 0.0, 0.0, 0.0, 0.0, 0.0, 1.741026581159411E9, 0.0, 2025-03-03 12:29:41.159
95.0, -9851.196092509757, 1990.065215833809, -25684.07662917097, -10819.116034402376, -187500.02235174447, -17137.57421226194, -28054.099149000544, -35009.40322988072, 0.058, 0.98, -0.16, 192.0, 0.0, 0.0, 0.0, 0.0, 0.0, 0.0, 0.0, 0.0, 0.0, 1.741026581159437E9, 0.0, 2025-03-03 12:29:41.159
96.0, -9775.781306717552, 2090.4692519270484, -25675.806483722507, -10808.878935441844, -187500.02235174447, -17121.838584165405, -28056.446082168353, -35000.39547686523, 0.058, 0.98, -0.16, 192.0, 0.0, 0.0, 0.0, 0.0, 0.0, 0.0, 0.0, 0.0, 0.0, 1.74102658115947E9, 0.0, 2025-03-03 12:29:41.159
97.0, -9817.869641526895, 2059.959120745554, -25682.020268681084, -10805.28030458454, -187500.02235174447, -17118.396415519288, -28051.03696001017, -35000.30606988741, 0.056, 0.98, -0.146, 192.0, 1.0, 192.0, 30.0, 160.0, 251.0, 112.0, 0.0, 0.0, 0.0, 1.741026581159501E9, 0.0, 2025-03-03 12:29:41.159
98.0, -9866.99877583966, 1983.806727386323, -25679.293355857535, -10801.458156282682, -187500.02235174447, -17119.514002742053, -28046.991294263757, -34997.7132675306, 0.056, 0.98, -0.146, 192.0, 0.0, 0.0, 0.0, 0.0, 0.0, 0.0, 0.0, 0.0, 0.0, 1.741026581159531E9, 0.0, 2025-03-03 12:29:41.159
99.0, -9852.961880321727, 1994.6026199582363, -25678.399286079322, -10792.51745850056, -187500.02235174447, -17113.657845694765, -28050.053483254134, -35000.23901465404, 0.056, 0.98, -0.146, 192.0, 0.0, 0.0, 0.0, 0.0, 0.0, 0.0, 0.0, 0.0, 0.0, 1.741026581159558E9, 0.0, 2025-03-03 12:29:41.159
100.0, -9790.868734224885, 2078.4440134100932, -25685.55184430502, -10804.09566212841, -187500.02235174447, -17122.35267428788, -28058.345980447055, -35006.92218624618, 0.056, 0.98, -0.146, 192.0, 0.0, 0.0, 0.0, 0.0, 0.0, 0.0, 0.0, 0.0, 0.0, 1.741026581159585E9, 0.0, 2025-03-03 12:29:41.159
101.0, -9807.252562910624, 2081.8414785673, -25690.603338551922, -10811.672903498758, -187500.02235174447, -17121.838584165405, -28057.675428113394, -35007.34686939083, 0.056, 0.98, -0.146, 192.0, 0.0, 0.0, 0.0, 0.0, 0.0, 0.0, 0.0, 0.0, 0.0, 1.741026581218876E9, 0.0, 2025-03-03 12:29:41.218
102.0, -9869.56922645202, 1996.3684077702055, -25689.776324007074, -10810.33179883144, -187500.02235174447, -17118.284656797012, -28053.607410622528, -35005.69284030114, 0.056, 0.98, -0.146, 192.0, 0.0, 0.0, 0.0, 0.0, 0.0, 0.0, 0.0, 0.0, 0.0, 1.741026581218913E9, 0.0, 2025-03-03 12:29:41.218
103.0, -9858.594519924465, 1984.0078930864208, -25689.351640862424, -10806.643760996314, -187500.02235174447, -17114.28369453951, -28057.049579268645, -35006.206930423614, 0.056, 0.98, -0.146, 192.0, 0.0, 0.0, 0.0, 0.0, 0.0, 0.0, 0.0, 0.0, 0.0, 1.741026581218964E9, 0.0, 2025-03-03 12:29:41.218
104.0, -9811.141766445848, 2046.7492397724677, -25696.861826999408, -10821.418264081272, -187500.02235174447, -17126.219526078647, -28070.214756752823, -35019.72973581907, 0.056, 0.98, -0.146, 192.0, 0.0, 0.0, 0.0, 0.0, 0.0, 0.0, 0.0, 0.0, 0.0, 1.741026581218999E9, 0.0, 2025-03-03 12:29:41.218
105.0, -9791.785155747551, 2083.473155912537, -25685.216568138192, -10814.802147722501, -187500.02235174447, -17121.615066720853, -28060.558803148127, -35014.63353808326, 0.056, 0.98, -0.146, 192.0, 0.0, 0.0, 0.0, 0.0, 0.0, 0.0, 0.0, 0.0, 0.0, 1.74102658121903E9, 0.0, 2025-03-03 12:29:41.219
106.0, -9859.80151412505, 1992.0098176014208, -25678.22047212368, -10804.09566212841, -187500.02235174447, -17113.993121861593, -28052.132195488477, -35004.195273422636, 0.056, 0.98, -0.146, 192.0, 0.0, 0.0, 0.0, 0.0, 0.0, 0.0, 0.0, 0.0, 0.0, 1.741026581219056E9, 0.0, 2025-03-03 12:29:41.219
107.0, -9854.392391966867, 1968.3169684787952, -25673.07957089896, -10786.393080519805, -187500.02235174447, -17116.541220729498, -28055.708474601328, -35007.033944968454, 0.056, 0.98, -0.15, 192.0, 1.0, 192.0, 30.0, 160.0, 251.0, 80.0, 0.0, 0.0, 0.0, 1.741026581219083E9, 0.0, 2025-03-03 12:29:41.219
108.0, -9814.472176369689, 2030.0748384088085, -25674.107751143903, -10794.216191079164, -187500.02235174447, -17119.446947508688, -28060.000009536747, -35007.63744206875, 0.056, 0.98, -0.15, 192.0, 0.0, 0.0, 0.0, 0.0, 0.0, 0.0, 0.0, 0.0, 0.0, 1.741026581219116E9, 0.0, 2025-03-03 12:29:41.219
109.0, -9771.445068293222, 2108.5294614469362, -25670.55382377551, -10794.819688179456, -187500.02235174447, -17113.635493950307, -28067.487843929273, -35009.47028511408, 0.056, 0.98, -0.15, 192.0, 0.0, 0.0, 0.0, 0.0, 0.0, 0.0, 0.0, 0.0, 0.0, 1.741026581219142E9, 0.0, 2025-03-03 12:29:41.219
110.0, -9841.584842393977, 2027.906719196644, -25675.27004185558, -10794.842039923911, -187500.02235174447, -17118.776395175028, -28069.74537011926, -35016.08640147286, 0.056, 0.98, -0.15, 192.0, 0.0, 0.0, 0.0, 0.0, 0.0, 0.0, 0.0, 0.0, 0.0, 1.741026581219169E9, 0.0, 2025-03-03 12:29:41.219
111.0, -9867.535217706587, 1988.8582216332225, -25681.237957625148, -10800.340569059917, -187500.02235174447, -17124.565496988955, -28077.613184167527, -35028.35750917882, 0.056, 0.98, -0.15, 192.0, 0.0, 0.0, 0.0, 0.0, 0.0, 0.0, 0.0, 0.0, 0.0, 1.741026581219204E9, 0.0, 2025-03-03 12:29:41.219
112.0, -9830.051342255038, 2022.3634865717277, -25662.060160882495, -10797.144269602808, -187500.02235174447, -17121.90563939877, -28069.36539046352, -35029.139820234755, 0.056, 0.98, -0.15, 192.0, 0.0, 0.0, 0.0, 0.0, 0.0, 0.0, 0.0, 0.0, 0.0, 1.741026581219234E9, 0.0, 2025-03-03 12:29:41.219
113.0, -9779.335234085946, 2102.94152533311, -25672.677239498764, -10809.415377308773, -187500.02235174447, -17123.023226621535, -28076.27207950021, -35026.94934927813, 0.056, 0.98, -0.15, 192.0, 0.0, 0.0, 0.0, 0.0, 0.0, 0.0, 0.0, 0.0, 0.0, 1.74102658121926E9, 0.0, 2025-03-03 12:29:41.219
114.0, -9834.968726035206, 2041.317765869828, -25679.963908191196, -10813.371636077361, -187500.02235174447, -17133.327380815434, -28070.684143386385, -35017.44985788463, 0.056, 0.98, -0.15, 192.0, 0.0, 0.0, 0.0, 0.0, 0.0, 0.0, 0.0, 0.0, 0.0, 1.741026581219286E9, 0.0, 2025-03-03 12:29:41.219
115.0, -9878.375813767412, 1975.8495063602338, -25680.008611680107, -10807.180202863241, -187500.02235174447, -17129.43817728021, -28064.55976540563, -35012.13014270427, 0.056, 0.98, -0.15, 192.0, 0.0, 0.0, 0.0, 0.0, 0.0, 0.0, 0.0, 0.0, 0.0, 1.741026581219315E9, 0.0, 2025-03-03 12:29:41.219
116.0, -9847.798627352551, 2009.5112335099261, -25676.521739545078, -10811.963476176677, -187500.02235174447, -17128.141776101802, -28060.424692681398, -35008.35269789132, 0.056, 0.98, -0.15, 192.0, 0.0, 0.0, 0.0, 0.0, 0.0, 0.0, 0.0, 0.0, 0.0, 1.741026581279142E9, 0.0, 2025-03-03 12:29:41.279
117.0, -9799.205934906715, 2093.576144406336, -25674.353620332913, -10810.890592442822, -187500.02235174447, -17130.891040669805, -28061.02818978169, -35013.65006132723, 0.056, 0.978, -0.154, 192.0, 1.0, 192.0, 30.0, 144.0, 251.0, 48.0, 0.0, 0.0, 0.0, 1.741026581279175E9, 0.0, 2025-03-03 12:29:41.279
118.0, -9831.347743433445, 2053.7006322980683, -25678.287527357046, -10809.549487775505, -187500.02235174447, -17129.81815693595, -28057.78718683567, -35021.47317188659, 0.056, 0.978, -0.154, 192.0, 0.0, 0.0, 0.0, 0.0, 0.0, 0.0, 0.0, 0.0, 0.0, 1.741026581279214E9, 0.0, 2025-03-03 12:29:41.279
119.0, -9878.487572489688, 1971.5356196803596, -25679.695687257732, -10801.726377216146, -187500.02235174447, -17124.476090011132, -28060.08941651457, -35028.93865453466, 0.056, 0.978, -0.154, 192.0, 0.0, 0.0, 0.0, 0.0, 0.0, 0.0, 0.0, 0.0, 0.0, 1.74102658127925E9, 0.0, 2025-03-03 12:29:41.279
120.0, -9860.650880414352, 1985.259590775918, -25676.14175988934, -10802.732205716635, -187500.02235174447, -17123.358502788367, -28062.816329338115, -35011.817218281896, 0.056, 0.978, -0.154, 192.0, 0.0, 0.0, 0.0, 0.0, 0.0, 0.0, 0.0, 0.0, 0.0, 1.741026581279284E9, 0.0, 2025-03-03 12:29:41.279
121.0, -9789.192353390736, 2078.153440732174, -25676.27587035607, -10815.159775633785, -187500.02235174447, -17120.00574112007, -28071.242936997765, -35017.65102358473, 0.056, 0.978, -0.154, 192.0, 0.0, 0.0, 0.0, 0.0, 0.0, 0.0, 0.0, 0.0, 0.0, 1.741026581279312E9, 0.0, 2025-03-03 12:29:41.279
122.0, -9818.026103738082, 2061.344928901783, -25681.50617855861, -10817.707874501692, -187500.02235174447, -17123.045578365993, -28072.584041665083, -35022.8142765539, 0.056, 0.978, -0.154, 192.0, 0.0, 0.0, 0.0, 0.0, 0.0, 0.0, 0.0, 0.0, 0.0, 1.741026581279338E9, 0.0, 2025-03-03 12:29:41.279
123.0, -9878.912255634339, 1974.9777883264767, -25683.450780326224, -10811.18116512074, -187500.02235174447, -17131.069854625446, -28070.572384664105, -35024.49065738805, 0.056, 0.978, -0.154, 192.0, 0.0, 0.0, 0.0, 0.0, 0.0, 0.0, 0.0, 0.0, 0.0, 1.741026581279369E9, 0.0, 2025-03-03 12:29:41.279
124.0, -9873.011395098138, 1972.5637999253036, -25691.452704841224, -10815.070368655965, -187500.02235174447, -17136.05429363898, -28077.32261148961, -35031.03971851346, 0.056, 0.978, -0.154, 192.0, 0.0, 0.0, 0.0, 0.0, 0.0, 0.0, 0.0, 0.0, 0.0, 1.741026581279395E9, 0.0, 2025-03-03 12:29:41.279
125.0, -9795.339083115947, 2074.21953370804, -25691.877387985875, -10803.983903406133, -187500.02235174447, -17123.15733708827, -28081.86001561404, -35030.01153826851, 0.056, 0.978, -0.154, 192.0, 0.0, 0.0, 0.0, 0.0, 0.0, 0.0, 0.0, 0.0, 0.0, 1.741026581279421E9, 0.0, 2025-03-03 12:29:41.279
126.0, -9810.851193767929, 2086.7588623474676, -25692.70440253072, -10806.084967384932, -187500.02235174447, -17121.52565974303, -28077.52377718971, -35028.9163027902, 0.056, 0.978, -0.154, 192.0, 0.0, 0.0, 0.0, 0.0, 0.0, 0.0, 0.0, 0.0, 0.0, 1.741026581279452E9, 0.0, 2025-03-03 12:29:41.279
127.0, -9888.612912727942, 1991.0933960787531, -25691.5644635635, -10806.643760996314, -187500.02235174447, -17121.168031831745, -28071.287640486677, -35026.211741711115, 0.058, 0.978, -0.158, 192.0, 1.0, 208.0, 30.0, 144.0, 251.0, 16.0, 0.0, 0.0, 0.0, 1.741026581279483E9, 0.0, 2025-03-03 12:29:41.279
128.0, -9873.279616031601, 1983.96318959751, -25689.88808272935, -10810.33179883144, -187500.02235174447, -17119.581057975418, -28073.567518421118, -35035.53241914897, 0.058, 0.978, -0.158, 192.0, 0.0, 0.0, 0.0, 0.0, 0.0, 0.0, 0.0, 0.0, 0.0, 1.741026581279516E9, 0.0, 2025-03-03 12:29:41.279
129.0, -9813.08636821346, 2057.053393966364, -25686.80354199452, -10820.300676858507, -187500.02235174447, -17120.028092864526, -28079.60248942405, -35039.68984361766, 0.058, 0.978, -0.158, 192.0, 0.0, 0.0, 0.0, 0.0, 0.0, 0.0, 0.0, 0.0, 0.0, 1.741026581279542E9, 0.0, 2025-03-03 12:29:41.279
130.0, -9792.656873781309, 2098.404121208682, -25679.40511457981, -10808.409548808284, -187500.02235174447, -17130.242840080602, -28078.50725394574, -35036.627654627286, 0.058, 0.978, -0.158, 192.0, 0.0, 0.0, 0.0, 0.0, 0.0, 0.0, 0.0, 0.0, 0.0, 1.741026581279568E9, 0.0, 2025-03-03 12:29:41.279
131.0, -9852.291327988069, 2013.646306234158, -25683.51783555959, -10804.922676673255, -187500.02235174447, -17126.353636545377, -28075.914451588924, -35030.34681443535, 0.058, 0.978, -0.158, 192.0, 0.0, 0.0, 0.0, 0.0, 0.0, 0.0, 0.0, 0.0, 0.0, 1.741026581339433E9, 0.0, 2025-03-03 12:29:41.339
132.0, -9858.259243757635, 1982.4656227190046, -25677.37110583438, -10806.911981929778, -187500.02235174447, -17127.828851679427, -28070.594736408562, -35028.223398712085, 0.058, 0.978, -0.158, 192.0, 0.0, 0.0, 0.0, 0.0, 0.0, 0.0, 0.0, 0.0, 0.0, 1.741026581339465E9, 0.0, 2025-03-03 12:29:41.339
133.0, -9808.995998978138, 2040.2001786470628, -25673.951288932716, -10799.312388814973, -187500.02235174447, -17121.413901020755, -28075.84739635556, -35038.41579418371, 0.058, 0.978, -0.158, 192.0, 0.0, 0.0, 0.0, 0.0, 0.0, 0.0, 0.0, 0.0, 0.0, 1.741026581339503E9, 0.0, 2025-03-03 12:29:41.339
134.0, -9764.158399600792, 2105.4002172231935, -25677.75108549012, -10805.101490628898, -187500.02235174447, -17129.639342980307, -28079.73659989078, -35041.25446572954, 0.058, 0.978, -0.158, 192.0, 0.0, 0.0, 0.0, 0.0, 0.0, 0.0, 0.0, 0.0, 0.0, 1.741026581339539E9, 0.0, 2025-03-03 12:29:41.339
135.0, -9837.650935369842, 2018.6530969921469, -25684.769533249088, -10805.593229006914, -187500.02235174447, -17133.126215115335, -28074.148663776956, -35043.4225849417, 0.058, 0.978, -0.158, 192.0, 0.0, 0.0, 0.0, 0.0, 0.0, 0.0, 0.0, 0.0, 0.0, 1.741026581339571E9, 0.0, 2025-03-03 12:29:41.339
136.0, -9867.579921195498, 1967.646416145136, -25683.853111726417, -10812.924601188255, -187500.02235174447, -17134.10969187137, -28073.858091099035, -35054.732567636085, 0.058, 0.978, -0.158, 192.0, 0.0, 0.0, 0.0, 0.0, 0.0, 0.0, 0.0, 0.0, 0.0, 1.741026581339598E9, 0.0, 2025-03-03 12:29:41.339
137.0, -9832.621792867398, 2010.293544565862, -25677.92989944576, -10805.012083651076, -187500.02235174447, -17126.979485390126, -28077.009687067235, -35041.36622445181, 0.06, 0.974, -0.158, 192.0, 1.0, 224.0, 30.0, 112.0, 251.0, 16.0, 0.0, 0.0, 0.0, 1.741026581339624E9, 0.0, 2025-03-03 12:29:41.339
138.0, -9771.288606082035, 2096.146595018696, -25681.170902391783, -10819.227793124652, -187500.02235174447, -17132.43331103722, -28084.45281797085, -35031.17382898019, 0.06, 0.974, -0.158, 192.0, 0.0, 0.0, 0.0, 0.0, 0.0, 0.0, 0.0, 0.0, 0.0, 1.741026581339657E9, 0.0, 2025-03-03 12:29:41.339
139.0, -9837.583880136477, 2033.8522832217554, -25686.13298966086, -10809.214211608674, -187500.02235174447, -17127.359465045865, -28078.529605690197, -35031.35264293583, 0.06, 0.974, -0.158, 192.0, 0.0, 0.0, 0.0, 0.0, 0.0, 0.0, 0.0, 0.0, 0.0, 1.741026581339683E9, 0.0, 2025-03-03 12:29:41.339
140.0, -9871.33501426399, 1981.7503668964348, -25687.585853050456, -10812.388159321328, -187500.02235174447, -17132.3439040594, -28083.581099937095, -35038.84047732836, 0.06, 0.974, -0.158, 192.0, 0.0, 0.0, 0.0, 0.0, 0.0, 0.0, 0.0, 0.0, 0.0, 1.741026581339709E9, 0.0, 2025-03-03 12:29:41.339
141.0, -9840.80253133804, 2014.7862452013787, -25696.928882232773, -10821.194746636718, -187500.02235174447, -17134.512023271564, -28094.198178553364, -35053.07853854639, 0.06, 0.974, -0.158, 192.0, 0.0, 0.0, 0.0, 0.0, 0.0, 0.0, 0.0, 0.0, 0.0, 1.741026581339735E9, 0.0, 2025-03-03 12:29:41.339
142.0, -9783.000920176617, 2098.8735078422437, -25697.75589677762, -10816.769101234568, -187500.02235174447, -17123.134985343815, -28097.70740243285, -35055.04549205846, 0.06, 0.974, -0.158, 192.0, 0.0, 0.0, 0.0, 0.0, 0.0, 0.0, 0.0, 0.0, 0.0, 1.741026581339769E9, 0.0, 2025-03-03 12:29:41.339
143.0, -9811.65585656832, 2072.8560772962664, -25695.09603918744, -10818.490185557626, -187500.02235174447, -17124.654903966773, -28094.265233786733, -35042.93084656368, 0.06, 0.974, -0.158, 192.0, 0.0, 0.0, 0.0, 0.0, 0.0, 0.0, 0.0, 0.0, 0.0, 1.741026581339798E9, 0.0, 2025-03-03 12:29:41.339
144.0, -9861.612005425932, 2005.3761607856943, -25696.23597815466, -10808.856583697388, -187500.02235174447, -17136.72484597264, -28093.37116400852, -35048.38467221078, 0.06, 0.974, -0.158, 192.0, 0.0, 0.0, 0.0, 0.0, 0.0, 0.0, 0.0, 0.0, 0.0, 1.741026581339829E9, 0.0, 2025-03-03 12:29:41.339
145.0, -9839.75199934864, 2022.4081900606384, -25692.4138298528, -10802.173412105252, -187500.02235174447, -17125.10193885588, -28092.052411085657, -35049.70342513364, 0.06, 0.974, -0.158, 192.0, 0.0, 0.0, 0.0, 0.0, 0.0, 0.0, 0.0, 0.0, 0.0, 1.741026581339855E9, 0.0, 2025-03-03 12:29:41.339
146.0, -9793.84151623744, 2105.959010834576, -25693.732582775665, -10814.176298877752, -187500.02235174447, -17134.892002927303, -28092.432390741396, -35050.28457048948, 0.06, 0.974, -0.158, 192.0, 0.0, 0.0, 0.0, 0.0, 0.0, 0.0, 0.0, 0.0, 0.0, 1.741026581399689E9, 0.0, 2025-03-03 12:29:41.399
147.0, -9811.521746101589, 2087.4964699144925, -25688.88225422886, -10817.014970423577, -187500.02235174447, -17116.3400550294, -28086.79975113866, -35040.36039595132, 0.054, 0.974, -0.156, 192.0, 1.0, 176.0, 30.0, 112.0, 251.0, 32.0, 0.0, 0.0, 0.0, 1.741026581399727E9, 0.0, 2025-03-03 12:29:41.399
148.0, -9853.453618699745, 2007.1419485976637, -25688.32346061748, -10822.8040722375, -187500.02235174447, -17125.325456300434, -28087.023268583212, -35048.563486166415, 0.054, 0.974, -0.156, 192.0, 0.0, 0.0, 0.0, 0.0, 0.0, 0.0, 0.0, 0.0, 0.0, 1.741026581399757E9, 0.0, 2025-03-03 12:29:41.399
149.0, -9855.755848378642, 2004.0797596072866, -25685.529492560567, -10801.458156282682, -187500.02235174447, -17128.611162735364, -28082.552919692152, -35040.40509944023, 0.054, 0.974, -0.156, 192.0, 0.0, 0.0, 0.0, 0.0, 0.0, 0.0, 0.0, 0.0, 0.0, 1.741026581399805E9, 0.0, 2025-03-03 12:29:41.399
150.0, -9805.799699521029, 2083.540211145903, -25685.149512904827, -10799.200630092697, -187500.02235174447, -17126.66656096775, -28086.240957527276, -35029.36333767931, 0.054, 0.974, -0.156, 192.0, 0.0, 0.0, 0.0, 0.0, 0.0, 0.0, 0.0, 0.0, 0.0, 1.741026581399838E9, 0.0, 2025-03-03 12:29:41.399
151.0, -9810.873545512384, 2093.4420339396042, -25689.84337924044, -10802.955723161189, -187500.02235174447, -17131.00279939208, -28087.42559998341, -35033.38665168126, 0.054, 0.974, -0.156, 192.0, 0.0, 0.0, 0.0, 0.0, 0.0, 0.0, 0.0, 0.0, 0.0, 1.741026581399876E9, 0.0, 2025-03-03 12:29:41.399
152.0, -9873.726650920707, 2007.0748933642976, -25691.095076929938, -10804.654455739792, -187500.02235174447, -17139.094130884903, -28088.140855805977, -35031.75497433603, 0.054, 0.974, -0.156, 192.0, 0.0, 0.0, 0.0, 0.0, 0.0, 0.0, 0.0, 0.0, 0.0, 1.741026581399902E9, 0.0, 2025-03-03 12:29:41.399
153.0, -9860.874397858906, 1998.9835618714765, -25684.36720184889, -10805.70498772919, -187500.02235174447, -17133.662656982262, -28082.865844114527, -35012.30895665991, 0.054, 0.974, -0.156, 192.0, 0.0, 0.0, 0.0, 0.0, 0.0, 0.0, 0.0, 0.0, 0.0, 1.741026581399932E9, 0.0, 2025-03-03 12:29:41.399
154.0, -9784.945521944228, 2085.149536746685, -25679.65098376882, -10800.675845226748, -187500.02235174447, -17125.280752811523, -28078.75312313475, -34996.573328563376, 0.054, 0.974, -0.156, 192.0, 0.0, 0.0, 0.0, 0.0, 0.0, 0.0, 0.0, 0.0, 0.0, 1.741026581399958E9, 0.0, 2025-03-03 12:29:41.399
155.0, -9781.726870742665, 2119.5041679744922, -25687.98818445065, -10801.726377216146, -187500.02235174447, -17135.026113394037, -28074.84156785507, -34990.71717151608, 0.054, 0.974, -0.156, 192.0, 0.0, 0.0, 0.0, 0.0, 0.0, 0.0, 0.0, 0.0, 0.0, 1.741026581399985E9, 0.0, 2025-03-03 12:29:41.399
156.0, -9850.324374476002, 2031.2147773760294, -25700.818085767998, -10812.477566299149, -187500.02235174447, -17139.02707565154, -28069.477149185797, -34972.67931374065, 0.054, 0.974, -0.156, 192.0, 0.0, 0.0, 0.0, 0.0, 0.0, 0.0, 0.0, 0.0, 0.0, 1.741026581400011E9, 0.0, 2025-03-03 12:29:41.400
157.0, -9851.888996587873, 2003.6103729737251, -25687.719963517186, -10795.579647490937, -187500.02235174447, -17120.542182987, -28055.842585068058, -34948.53942972892, 0.054, 0.968, -0.156, 192.0, 1.0, 176.0, 30.0, 64.0, 251.0, 32.0, 0.0, 0.0, 0.0, 1.741026581400045E9, 0.0, 2025-03-03 12:29:41.400
158.0, -9793.103908670415, 2064.7200423145346, -25681.349716347424, -10785.856638652878, -187500.02235174447, -17118.284656797012, -28050.142890231957, -34935.57541794484, 0.054, 0.968, -0.156, 192.0, 0.0, 0.0, 0.0, 0.0, 0.0, 0.0, 0.0, 0.0, 0.0, 1.741026581400078E9, 0.0, 2025-03-03 12:29:41.400
159.0, -9752.535492484032, 2134.99392688202, -25688.211701895205, -10795.110260857375, -187500.02235174447, -17125.168994089247, -28048.31004718662, -34938.92817961314, 0.054, 0.968, -0.156, 192.0, 0.0, 0.0, 0.0, 0.0, 0.0, 0.0, 0.0, 0.0, 0.0, 1.741026581400105E9, 0.0, 2025-03-03 12:29:41.400
160.0, -9813.712217058208, 2055.354661387761, -25695.90070198783, -10805.794394707013, -187500.02235174447, -17128.812328435462, -28043.571477362097, -34915.123571768236, 0.054, 0.968, -0.156, 192.0, 0.0, 0.0, 0.0, 0.0, 0.0, 0.0, 0.0, 0.0, 0.0, 1.741026581400131E9, 0.0, 2025-03-03 12:29:41.400
161.0, -9851.061982043026, 1996.167242070108, -25695.811295010008, -10794.819688179456, -187500.02235174447, -17123.15733708827, -28032.30619815662, -34889.84374878928, 0.054, 0.968, -0.156, 192.0, 0.0, 0.0, 0.0, 0.0, 0.0, 0.0, 0.0, 0.0, 0.0, 1.741026581460153E9, 0.0, 2025-03-03 12:29:41.460
162.0, -9810.650028067832, 2027.5043877964483, -25691.296242630036, -10791.176353833242, -187500.02235174447, -17116.295351540488, -28028.305235899123, -34893.84471104678, 0.054, 0.968, -0.156, 192.0, 0.0, 0.0, 0.0, 0.0, 0.0, 0.0, 0.0, 0.0, 0.0, 1.741026581460191E9, 0.0, 2025-03-03 12:29:41.460
163.0, -9736.285774265025, 2113.6480109272015, -25682.46730357019, -10801.726377216146, -187500.02235174447, -17114.28369453951, -28022.02439570718, -34878.01967597243, 0.054, 0.968, -0.156, 192.0, 0.0, 0.0, 0.0, 0.0, 0.0, 0.0, 0.0, 0.0, 0.0, 1.741026581460217E9, 0.0, 2025-03-03 12:29:41.460
164.0, -9777.770611974074, 2059.668548067635, -25679.203948879713, -10798.552429503492, -187500.02235174447, -17108.00285434757, -28009.418011834387, -34848.202448869044, 0.054, 0.968, -0.156, 192.0, 0.0, 0.0, 0.0, 0.0, 0.0, 0.0, 0.0, 0.0, 0.0, 1.741026581460274E9, 0.0, 2025-03-03 12:29:41.460
165.0, -9833.381752178879, 1985.2372390314627, -25688.994012951138, -10805.70498772919, -187500.02235174447, -17122.509136499066, -28012.904883969415, -34858.03721642938, 0.054, 0.968, -0.156, 192.0, 0.0, 0.0, 0.0, 0.0, 0.0, 0.0, 0.0, 0.0, 0.0, 1.741026581460311E9, 0.0, 2025-03-03 12:29:41.460
166.0, -9800.167059918293, 2003.319800295806, -25686.445914083233, -10816.031493667542, -187500.02235174447, -17124.833717922418, -28014.178933403367, -34863.89337347667, 0.054, 0.968, -0.156, 192.0, 0.0, 0.0, 0.0, 0.0, 0.0, 0.0, 0.0, 0.0, 0.0, 1.741026581460342E9, 0.0, 2025-03-03 12:29:41.460
167.0, -9731.614259673865, 2093.866717084255, -25687.742315261643, -10825.598040294415, -187500.02235174447, -17118.798746919485, -28015.87766598197, -34867.62611480071, 0.06, 0.97, -0.156, 192.0, 1.0, 224.0, 30.0, 80.0, 251.0, 32.0, 0.0, 0.0, 0.0, 1.741026581460369E9, 0.0, 2025-03-03 12:29:41.460
168.0, -9777.4576875517, 2051.130181685708, -25689.776324007074, -10819.51836580257, -187500.02235174447, -17124.81136617796, -28010.423840334875, -34868.38607411219, 0.06, 0.97, -0.156, 192.0, 0.0, 0.0, 0.0, 0.0, 0.0, 0.0, 0.0, 0.0, 0.0, 1.741026581460398E9, 0.0, 2025-03-03 12:29:41.460
169.0, -9822.027065995582, 1980.4763174624823, -25685.864768727395, -10810.510612787082, -187500.02235174447, -17122.95617138817, -28004.455924565307, -34866.84380374477, 0.06, 0.97, -0.156, 192.0, 0.0, 0.0, 0.0, 0.0, 0.0, 0.0, 0.0, 0.0, 0.0, 1.741026581460428E9, 0.0, 2025-03-03 12:29:41.460
170.0, -9808.481908855667, 1988.6570559331246, -25681.193254136237, -10812.745787232612, -187500.02235174447, -17123.470261510643, -28002.3101570976, -34869.2801438904, 0.06, 0.97, -0.156, 192.0, 0.0, 0.0, 0.0, 0.0, 0.0, 0.0, 0.0, 0.0, 0.0, 1.741026581460454E9, 0.0, 2025-03-03 12:29:41.460
171.0, -9750.54618722751, 2073.4595743965597, -25678.064009912494, -10807.984865663633, -187500.02235174447, -17113.166107316745, -28007.741631000237, -34869.97304796852, 0.06, 0.97, -0.156, 192.0, 0.0, 0.0, 0.0, 0.0, 0.0, 0.0, 0.0, 0.0, 0.0, 1.741026581460481E9, 0.0, 2025-03-03 12:29:41.460
172.0, -9770.998033404116, 2063.6918620695906, -25679.382762835357, -10807.157851118785, -187500.02235174447, -17119.87163065334, -28006.713450755295, -34868.94486772357, 0.06, 0.97, -0.156, 192.0, 0.0, 0.0, 0.0, 0.0, 0.0, 0.0, 0.0, 0.0, 0.0, 1.741026581460515E9, 0.0, 2025-03-03 12:29:41.460
173.0, -9820.887127028362, 1985.259590775918, -25669.346829574923, -10798.127746358841, -187500.02235174447, -17114.35074977288, -27994.91172968289, -34860.20533564155, 0.06, 0.97, -0.156, 192.0, 0.0, 0.0, 0.0, 0.0, 0.0, 0.0, 0.0, 0.0, 0.0, 1.741026581460545E9, 0.0, 2025-03-03 12:29:41.460
174.0, -9815.61211533691, 1991.4957274789488, -25677.84049246794, -10802.463984783171, -187500.02235174447, -17121.14568008729, -28003.45009606482, -34869.324847379314, 0.06, 0.97, -0.156, 192.0, 0.0, 0.0, 0.0, 0.0, 0.0, 0.0, 0.0, 0.0, 0.0, 1.74102658146057E9, 0.0, 2025-03-03 12:29:41.460
175.0, -9749.495655238112, 2080.813298322356, -25674.241861610637, -10809.080101141943, -187500.02235174447, -17119.402244019777, -28007.674575766872, -34875.87390850471, 0.06, 0.97, -0.156, 192.0, 0.0, 0.0, 0.0, 0.0, 0.0, 0.0, 0.0, 0.0, 0.0, 1.741026581460596E9, 0.0, 2025-03-03 12:29:41.460
176.0, -9751.909643639285, 2100.1475572761965, -25667.759855718596, -10786.773060175547, -187500.02235174447, -17110.796822404485, -27998.10802914, -34872.90112649216, 0.06, 0.97, -0.156, 192.0, 0.0, 0.0, 0.0, 0.0, 0.0, 0.0, 0.0, 0.0, 0.0, 1.741026581460623E9, 0.0, 2025-03-03 12:29:41.460
177.0, -9814.09219671395, 2006.449044519549, -25651.800710177507, -10771.573873945938, -187500.02235174447, -17103.644264178787, -27986.328659812054, -34864.496870576964, 0.056, 0.968, -0.158, 192.0, 1.0, 192.0, 30.0, 64.0, 251.0, 16.0, 0.0, 0.0, 0.0, 1.741026581519854E9, 0.0, 2025-03-03 12:29:41.519
178.0, -9815.075673469983, 1983.8961343641442, -25648.939686887228, -10771.953853601677, -187500.02235174447, -17103.264284523044, -27988.697944724317, -34864.31805662132, 0.056, 0.968, -0.158, 192.0, 0.0, 0.0, 0.0, 0.0, 0.0, 0.0, 0.0, 0.0, 0.0, 1.74102658151989E9, 0.0, 2025-03-03 12:29:41.519
179.0, -9752.088457594928, 2060.093231212286, -25647.93385838674, -10782.213304306664, -187500.02235174447, -17106.393528746787, -27995.001136660714, -34874.845728259774, 0.056, 0.968, -0.158, 192.0, 0.0, 0.0, 0.0, 0.0, 0.0, 0.0, 0.0, 0.0, 0.0, 1.741026581519931E9, 0.0, 2025-03-03 12:29:41.519
180.0, -9731.5472044405, 2102.8521183552884, -25657.74627420262, -10788.248275309596, -187500.02235174447, -17108.740461914596, -27997.21395936179, -34871.09063519128, 0.056, 0.968, -0.158, 192.0, 0.0, 0.0, 0.0, 0.0, 0.0, 0.0, 0.0, 0.0, 0.0, 1.741026581519967E9, 0.0, 2025-03-03 12:29:41.519
181.0, -9829.984287021673, 1995.3178757808062, -25661.233146337647, -10781.475696739639, -187500.02235174447, -17108.114613069847, -27984.272299322165, -34861.88171647569, 0.056, 0.968, -0.158, 192.0, 0.0, 0.0, 0.0, 0.0, 0.0, 0.0, 0.0, 0.0, 0.0, 1.741026581520001E9, 0.0, 2025-03-03 12:29:41.520
182.0, -9832.621792867398, 1972.0050063139208, -25661.680181226755, -10785.722528186147, -187500.02235174447, -17109.232200292612, -27984.764037700184, -34869.97304796852, 0.056, 0.968, -0.158, 192.0, 0.0, 0.0, 0.0, 0.0, 0.0, 0.0, 0.0, 0.0, 0.0, 1.741026581520027E9, 0.0, 2025-03-03 12:29:41.520
183.0, -9770.819219448475, 2037.026230934409, -25656.02518987956, -10784.984920619121, -187500.02235174447, -17108.896924125784, -27988.809703446594, -34884.72519930902, 0.056, 0.968, -0.158, 192.0, 0.0, 0.0, 0.0, 0.0, 0.0, 0.0, 0.0, 0.0, 0.0, 1.741026581520055E9, 0.0, 2025-03-03 12:29:41.520
184.0, -9734.654096919787, 2103.70148464459, -25652.583021233444, -10789.164696832264, -187500.02235174447, -17106.505287469066, -27990.061401136092, -34871.67178054712, 0.056, 0.968, -0.158, 192.0, 0.0, 0.0, 0.0, 0.0, 0.0, 0.0, 0.0, 0.0, 0.0, 1.741026581520086E9, 0.0, 2025-03-03 12:29:41.520
185.0, -9783.26914111008, 2048.1126961842415, -25655.689913712733, -10791.243409066607, -187500.02235174447, -17099.95622634366, -27988.273261579667, -34864.07218743231, 0.056, 0.968, -0.158, 192.0, 0.0, 0.0, 0.0, 0.0, 0.0, 0.0, 0.0, 0.0, 0.0, 1.741026581520112E9, 0.0, 2025-03-03 12:29:41.520
186.0, -9823.189356707258, 1995.2508205474403, -25659.422655036768, -10800.877010926844, -187500.02235174447, -17111.2885607825, -27989.949642413812, -34876.07507420481, 0.056, 0.968, -0.158, 192.0, 0.0, 0.0, 0.0, 0.0, 0.0, 0.0, 0.0, 0.0, 0.0, 1.741026581520138E9, 0.0, 2025-03-03 12:29:41.520
187.0, -9785.12433589987, 2036.3780303452052, -25651.30897179949, -10808.856583697388, -187500.02235174447, -17110.57330495993, -27990.866063936483, -34874.57750732631, 0.054, 0.972, -0.156, 192.0, 1.0, 176.0, 30.0, 96.0, 251.0, 32.0, 0.0, 0.0, 0.0, 1.741026581520168E9, 0.0, 2025-03-03 12:29:41.520
188.0, -9743.058352834983, 2111.792816137411, -25647.50917524209, -10805.883801684833, -187500.02235174447, -17106.885267124806, -27986.39571504542, -34871.15769042465, 0.054, 0.972, -0.156, 192.0, 0.0, 0.0, 0.0, 0.0, 0.0, 0.0, 0.0, 0.0, 0.0, 1.741026581520201E9, 0.0, 2025-03-03 12:29:41.520
189.0, -9788.432394079256, 2059.959120745554, -25652.806538677996, -10786.817763664456, -187500.02235174447, -17105.72297641313, -27987.49095052373, -34874.1304724372, 0.054, 0.972, -0.156, 192.0, 0.0, 0.0, 0.0, 0.0, 0.0, 0.0, 0.0, 0.0, 0.0, 1.74102658152023E9, 0.0, 2025-03-03 12:29:41.520
190.0, -9828.486720143166, 1993.708550180024, -25656.42752127976, -10792.875086411845, -187500.02235174447, -17107.667578180743, -27985.38988654493, -34875.13630093769, 0.054, 0.972, -0.156, 192.0, 0.0, 0.0, 0.0, 0.0, 0.0, 0.0, 0.0, 0.0, 0.0, 1.741026581520256E9, 0.0, 2025-03-03 12:29:41.520
191.0, -9796.657836038808, 2025.6044895177472, -25650.906640399295, -10808.633066252836, -187500.02235174447, -17115.71420618465, -27988.362668557485, -34886.5356906099, 0.054, 0.972, -0.156, 192.0, 0.0, 0.0, 0.0, 0.0, 0.0, 0.0, 0.0, 0.0, 0.0, 1.741026581520283E9, 0.0, 2025-03-03 12:29:41.520
192.0, -9745.11471332487, 2110.451711470093, -25647.59858221991, -10790.841077666411, -187500.02235174447, -17107.600522947374, -27988.407372046397, -34878.198489928065, 0.054, 0.972, -0.156, 192.0, 0.0, 0.0, 0.0, 0.0, 0.0, 0.0, 0.0, 0.0, 0.0, 1.741026581580151E9, 0.0, 2025-03-03 12:29:41.580
193.0, -9779.022309663571, 2078.868696554744, -25655.3546375459, -10801.256990582586, -187500.02235174447, -17116.96590387415, -27988.49677902422, -34874.57750732631, 0.054, 0.972, -0.156, 192.0, 0.0, 0.0, 0.0, 0.0, 0.0, 0.0, 0.0, 0.0, 0.0, 1.741026581580185E9, 0.0, 2025-03-03 12:29:41.580
194.0, -9825.80451080853, 2000.034093860876, -25648.17972757575, -10797.256028325084, -187500.02235174447, -17102.280807767012, -27979.846653920016, -34876.387998627186, 0.054, 0.972, -0.156, 192.0, 0.0, 0.0, 0.0, 0.0, 0.0, 0.0, 0.0, 0.0, 0.0, 1.741026581580225E9, 0.0, 2025-03-03 12:29:41.580
195.0, -9807.99017047765, 2005.3314572967838, -25653.342980544923, -10799.893534170811, -187500.02235174447, -17107.175839802723, -27985.926328411857, -34872.2305741585, 0.054, 0.972, -0.156, 192.0, 0.0, 0.0, 0.0, 0.0, 0.0, 0.0, 0.0, 0.0, 0.0, 1.741026581580264E9, 0.0, 2025-03-03 12:29:41.580
196.0, -9734.02824807504, 2110.809339381378, -25652.001875877606, -10797.121917858352, -187500.02235174447, -17124.789014433507, -27989.54731101362, -34871.31415263583, 0.054, 0.972, -0.156, 192.0, 0.0, 0.0, 0.0, 0.0, 0.0, 0.0, 0.0, 0.0, 0.0, 1.741026581580297E9, 0.0, 2025-03-03 12:29:41.580
197.0, -9758.704573953697, 2110.2058422810846, -25654.013532878584, -10791.556333488981, -187500.02235174447, -17117.792918418996, -27982.506511510197, -34869.324847379314, 0.054, 0.97, -0.152, 192.0, 1.0, 176.0, 30.0, 80.0, 251.0, 64.0, 0.0, 0.0, 0.0, 1.741026581580327E9, 0.0, 2025-03-03 12:29:41.580
198.0, -9824.083426485471, 2016.4402742910713, -25652.02422762206, -10788.002406120588, -187500.02235174447, -17104.985368846104, -27976.672706207362, -34864.04983568786, 0.054, 0.97, -0.152, 192.0, 0.0, 0.0, 0.0, 0.0, 0.0, 0.0, 0.0, 0.0, 0.0, 1.741026581580356E9, 0.0, 2025-03-03 12:29:41.580
199.0, -9807.029045466072, 2016.7979022023562, -25658.79680619202, -10803.872144683855, -187500.02235174447, -17107.53346771401, -27987.73681971274, -34873.482271848, 0.054, 0.97, -0.152, 192.0, 0.0, 0.0, 0.0, 0.0, 0.0, 0.0, 0.0, 0.0, 0.0, 1.741026581580386E9, 0.0, 2025-03-03 12:29:41.580
200.0, -9748.422771504256, 2097.6665136416573, -25654.59467823442, -10808.007217408087, -187500.02235174447, -17108.896924125784, -27985.83692143404, -34876.92444049411, 0.054, 0.97, -0.152, 192.0, 0.0, 0.0, 0.0, 0.0, 0.0, 0.0, 0.0, 0.0, 0.0, 1.741026581580413E9, 0.0, 2025-03-03 12:29:41.580
201.0, -9767.958196158195, 2097.8900310862105, -25647.084492097438, -10789.61173172137, -187500.02235174447, -17111.355616015866, -27974.14695908391, -34864.496870576964, 0.054, 0.97, -0.152, 192.0, 0.0, 0.0, 0.0, 0.0, 0.0, 0.0, 0.0, 0.0, 0.0, 1.741026581580439E9, 0.0, 2025-03-03 12:29:41.580
202.0, -9812.684036813263, 2015.5238527684037, -25649.096149098415, -10788.874124154345, -187500.02235174447, -17107.868743880837, -27974.05755210609, -34862.93224846509, 0.054, 0.97, -0.152, 192.0, 0.0, 0.0, 0.0, 0.0, 0.0, 0.0, 0.0, 0.0, 0.0, 1.741026581580466E9, 0.0, 2025-03-03 12:29:41.580
203.0, -9821.17769970628, 1996.189593814563, -25652.113634599882, -10795.624350979848, -187500.02235174447, -17113.47903173912, -27972.649392205407, -34860.27239087491, 0.054, 0.97, -0.152, 192.0, 0.0, 0.0, 0.0, 0.0, 0.0, 0.0, 0.0, 0.0, 0.0, 1.741026581580501E9, 0.0, 2025-03-03 12:29:41.580
204.0, -9772.137972371338, 2059.1321062007078, -25643.08352983994, -10780.782792661525, -187500.02235174447, -17105.387700246298, -27969.609554959483, -34860.741777508476, 0.054, 0.97, -0.152, 192.0, 0.0, 0.0, 0.0, 0.0, 0.0, 0.0, 0.0, 0.0, 0.0, 1.741026581580531E9, 0.0, 2025-03-03 12:29:41.580
205.0, -9725.556936926478, 2118.4536359850927, -25650.5043089991, -10786.482487497628, -187500.02235174447, -17103.219581034136, -27978.19262483032, -34864.67568453261, 0.054, 0.97, -0.152, 192.0, 0.0, 0.0, 0.0, 0.0, 0.0, 0.0, 0.0, 0.0, 0.0, 1.741026581580558E9, 0.0, 2025-03-03 12:29:41.580
206.0, -9795.69671102723, 2035.2827948668953, -25663.73654171664, -10797.501897514094, -187500.02235174447, -17108.047557836482, -27980.025467875657, -34868.45312934555, 0.054, 0.97, -0.152, 192.0, 0.0, 0.0, 0.0, 0.0, 0.0, 0.0, 0.0, 0.0, 0.0, 1.741026581580585E9, 0.0, 2025-03-03 12:29:41.580
207.0, -9819.255449683125, 1985.7289774094795, -25649.498480498612, -10773.674937924736, -187500.02235174447, -17097.564589686943, -27972.694095694318, -34864.38511185469, 0.054, 0.974, -0.154, 192.0, 1.0, 176.0, 30.0, 112.0, 251.0, 48.0, 0.0, 0.0, 0.0, 1.741026581640407E9, 0.0, 2025-03-03 12:29:41.640
208.0, -9770.08161188145, 2040.2001786470628, -25643.239992051127, -10791.8469061669, -187500.02235174447, -17097.497534453578, -27975.77863642915, -34878.44435911708, 0.054, 0.974, -0.154, 192.0, 0.0, 0.0, 0.0, 0.0, 0.0, 0.0, 0.0, 0.0, 0.0, 1.741026581640445E9, 0.0, 2025-03-03 12:29:41.640
209.0, -9722.226527002636, 2113.7821213939337, -25644.31287578498, -10796.630179480337, -187500.02235174447, -17106.013549091047, -27978.77377018616, -34890.89428077868, 0.054, 0.974, -0.154, 192.0, 0.0, 0.0, 0.0, 0.0, 0.0, 0.0, 0.0, 0.0, 0.0, 1.741026581640472E9, 0.0, 2025-03-03 12:29:41.640
210.0, -9793.103908670415, 2027.2138151185293, -25657.07572186896, -10805.436766795727, -187500.02235174447, -17110.86387763785, -27979.779598686648, -34893.35297266876, 0.054, 0.974, -0.154, 192.0, 0.0, 0.0, 0.0, 0.0, 0.0, 0.0, 0.0, 0.0, 0.0, 1.741026581640519E9, 0.0, 2025-03-03 12:29:41.640
211.0, -9825.536289875066, 1977.8611633612113, -25647.643285708822, -10791.288112555518, -187500.02235174447, -17098.883342609806, -27973.2528893057, -34878.198489928065, 0.054, 0.974, -0.154, 192.0, 0.0, 0.0, 0.0, 0.0, 0.0, 0.0, 0.0, 0.0, 0.0, 1.741026581640549E9, 0.0, 2025-03-03 12:29:41.640
212.0, -9772.383841560346, 2041.4071728476492, -25648.000913620104, -10802.441633038716, -187500.02235174447, -17102.705490911663, -27985.21107258929, -34882.78059754141, 0.054, 0.974, -0.154, 192.0, 0.0, 0.0, 0.0, 0.0, 0.0, 0.0, 0.0, 0.0, 0.0, 1.74102658164058E9, 0.0, 2025-03-03 12:29:41.640
213.0, -9733.31299225247, 2115.70437141709, -25653.36533228938, -10808.297790086006, -187500.02235174447, -17109.120441570336, -27987.781523201647, -34891.5871848568, 0.054, 0.974, -0.154, 192.0, 0.0, 0.0, 0.0, 0.0, 0.0, 0.0, 0.0, 0.0, 0.0, 1.741026581640606E9, 0.0, 2025-03-03 12:29:41.640
214.0, -9808.258391411113, 2045.2069694050515, -25664.340038816936, -10801.23463883813, -187500.02235174447, -17114.417805006244, -27986.976860401257, -34898.203301215566, 0.054, 0.974, -0.154, 192.0, 0.0, 0.0, 0.0, 0.0, 0.0, 0.0, 0.0, 0.0, 0.0, 1.741026581640637E9, 0.0, 2025-03-03 12:29:41.640
215.0, -9837.919156303305, 1975.2460092599404, -25655.198175334714, -10790.550504988492, -187500.02235174447, -17108.29342702549, -27983.758209199696, -34900.371420427735, 0.054, 0.974, -0.154, 192.0, 0.0, 0.0, 0.0, 0.0, 0.0, 0.0, 0.0, 0.0, 0.0, 1.741026581640664E9, 0.0, 2025-03-03 12:29:41.640
216.0, -9799.98824596265, 2007.5666317423145, -25661.389608548834, -10807.80605170799, -187500.02235174447, -17115.222467806634, -27994.889377938438, -34909.58033914332, 0.054, 0.974, -0.154, 192.0, 0.0, 0.0, 0.0, 0.0, 0.0, 0.0, 0.0, 0.0, 0.0, 1.741026581640689E9, 0.0, 2025-03-03 12:29:41.640
217.0, -9743.393629001812, 2098.6499903976905, -25664.78707370604, -10814.846851211412, -187500.02235174447, -17117.502345741075, -28000.298500096622, -34917.33639446931, 0.052000000000000005, 0.972, -0.154, 192.0, 1.0, 160.0, 30.0, 96.0, 251.0, 48.0, 0.0, 0.0, 0.0, 1.741026581640715E9, 0.0, 2025-03-03 12:29:41.640
218.0, -9790.354644102412, 2055.9805102325095, -25659.26619282558, -10802.307522571984, -187500.02235174447, -17110.752118915574, -27989.279090080156, -34902.3383739398, 0.052000000000000005, 0.972, -0.154, 192.0, 0.0, 0.0, 0.0, 0.0, 0.0, 0.0, 0.0, 0.0, 0.0, 1.741026581640752E9, 0.0, 2025-03-03 12:29:41.640
219.0, -9832.487682400666, 1990.4451954895492, -25659.780282948053, -10796.384310291329, -187500.02235174447, -17105.454755479666, -27990.687249980838, -34896.50456863696, 0.052000000000000005, 0.972, -0.154, 192.0, 0.0, 0.0, 0.0, 0.0, 0.0, 0.0, 0.0, 0.0, 0.0, 1.741026581640782E9, 0.0, 2025-03-03 12:29:41.640
220.0, -9813.287533913557, 1998.648285704647, -25656.204003835202, -10799.178278348241, -187500.02235174447, -17098.458659465156, -27985.479293522752, -34895.118760480735, 0.052000000000000005, 0.972, -0.154, 192.0, 0.0, 0.0, 0.0, 0.0, 0.0, 0.0, 0.0, 0.0, 0.0, 1.74102658164081E9, 0.0, 2025-03-03 12:29:41.640
221.0, -9744.980602858139, 2090.6927693716016, -25665.07764638396, -10812.254048854596, -187500.02235174447, -17107.667578180743, -27996.54340702813, -34906.5405018974, 0.052000000000000005, 0.972, -0.154, 192.0, 0.0, 0.0, 0.0, 0.0, 0.0, 0.0, 0.0, 0.0, 0.0, 1.741026581640837E9, 0.0, 2025-03-03 12:29:41.640
222.0, -9777.16711487378, 2083.4061006791712, -25658.64034398083, -10800.228810337641, -187500.02235174447, -17106.818211891437, -27985.43459003384, -34902.71835359554, 0.052000000000000005, 0.972, -0.154, 192.0, 0.0, 0.0, 0.0, 0.0, 0.0, 0.0, 0.0, 0.0, 0.0, 1.741026581700679E9, 0.0, 2025-03-03 12:29:41.700
223.0, -9846.546929663054, 1995.6308002031806, -25665.144701617326, -10807.940162174722, -187500.02235174447, -17120.29631379799, -27985.88162492295, -34899.49970239397, 0.052000000000000005, 0.972, -0.154, 192.0, 0.0, 0.0, 0.0, 0.0, 0.0, 0.0, 0.0, 0.0, 0.0, 1.741026581700717E9, 0.0, 2025-03-03 12:29:41.700
224.0, -9820.283629928068, 2005.800843930345, -25662.35073356041, -10794.23854282362, -187500.02235174447, -17106.214714791146, -27990.240215091733, -34895.23051920301, 0.052000000000000005, 0.972, -0.154, 192.0, 0.0, 0.0, 0.0, 0.0, 0.0, 0.0, 0.0, 0.0, 0.0, 1.741026581700744E9, 0.0, 2025-03-03 12:29:41.700
225.0, -9754.211873318181, 2083.227286723529, -25656.6063352354, -10788.047109609499, -187500.02235174447, -17097.564589686943, -27989.435552291343, -34893.598841857776, 0.052000000000000005, 0.972, -0.154, 192.0, 0.0, 0.0, 0.0, 0.0, 0.0, 0.0, 0.0, 0.0, 0.0, 1.741026581700792E9, 0.0, 2025-03-03 12:29:41.700
226.0, -9752.22256806166, 2100.326371231839, -25663.021285894072, -10802.195763849708, -187500.02235174447, -17108.15931655876, -27989.994345902724, -34896.19164421459, 0.052000000000000005, 0.972, -0.154, 192.0, 0.0, 0.0, 0.0, 0.0, 0.0, 0.0, 0.0, 0.0, 0.0, 1.741026581700826E9, 0.0, 2025-03-03 12:29:41.700
227.0, -9822.742321818152, 2001.8222334173006, -25658.26036432509, -10793.120955600853, -187500.02235174447, -17105.946493857682, -27977.96910738577, -34888.14501621068, 0.058, 0.976, -0.156, 192.0, 1.0, 208.0, 30.0, 128.0, 251.0, 32.0, 0.0, 0.0, 0.0, 1.741026581700861E9, 0.0, 2025-03-03 12:29:41.700
228.0, -9823.278763685079, 1981.2139250295074, -25649.58788747643, -10779.32992927193, -187500.02235174447, -17090.032051805505, -27971.464749749273, -34881.03716147389, 0.058, 0.976, -0.156, 192.0, 0.0, 0.0, 0.0, 0.0, 0.0, 0.0, 0.0, 0.0, 0.0, 1.741026581700891E9, 0.0, 2025-03-03 12:29:41.700
229.0, -9766.93001591325, 2055.712289299046, -25650.280791554545, -10779.151115316286, -187500.02235174447, -17092.177819273213, -27977.320906796565, -34882.62413533022, 0.058, 0.976, -0.156, 192.0, 0.0, 0.0, 0.0, 0.0, 0.0, 0.0, 0.0, 0.0, 0.0, 1.741026581700917E9, 0.0, 2025-03-03 12:29:41.700
230.0, -9735.548166698, 2120.7111621750787, -25666.105826628904, -10790.908132899778, -187500.02235174447, -17106.661749680254, -27986.26160457869, -34893.21886220203, 0.058, 0.976, -0.156, 192.0, 0.0, 0.0, 0.0, 0.0, 0.0, 0.0, 0.0, 0.0, 0.0, 1.741026581700947E9, 0.0, 2025-03-03 12:29:41.700
231.0, -9822.742321818152, 2028.4878645524818, -25670.687934242244, -10791.221057322153, -187500.02235174447, -17108.651054936774, -27977.410313774388, -34893.66589709114, 0.058, 0.976, -0.156, 192.0, 0.0, 0.0, 0.0, 0.0, 0.0, 0.0, 0.0, 0.0, 0.0, 1.741026581700974E9, 0.0, 2025-03-03 12:29:41.700
232.0, -9849.787932609073, 1986.2654192764069, -25676.767608734084, -10803.961551661678, -187500.02235174447, -17107.77933690302, -27983.735857455238, -34888.212071444046, 0.058, 0.976, -0.156, 192.0, 0.0, 0.0, 0.0, 0.0, 0.0, 0.0, 0.0, 0.0, 0.0, 1.741026581701005E9, 0.0, 2025-03-03 12:29:41.701
233.0, -9791.89691446983, 2042.5694635593254, -25662.686009727244, -10804.408586550784, -187500.02235174447, -17100.693833910685, -27982.573566743562, -34889.888452278195, 0.058, 0.976, -0.156, 192.0, 0.0, 0.0, 0.0, 0.0, 0.0, 0.0, 0.0, 0.0, 0.0, 1.741026581701039E9, 0.0, 2025-03-03 12:29:41.701
234.0, -9755.97766113015, 2103.835595111322, -25667.06695164048, -10811.203516865196, -187500.02235174447, -17114.551915472974, -27984.071133622067, -34900.05849600536, 0.058, 0.976, -0.156, 192.0, 0.0, 0.0, 0.0, 0.0, 0.0, 0.0, 0.0, 0.0, 0.0, 1.741026581701072E9, 0.0, 2025-03-03 12:29:41.701
235.0, -9826.564470120009, 2023.8834051946885, -25663.3565620609, -10811.80701396549, -187500.02235174447, -17118.843450408396, -27976.44918876281, -34883.67466731962, 0.058, 0.976, -0.156, 192.0, 0.0, 0.0, 0.0, 0.0, 0.0, 0.0, 0.0, 0.0, 0.0, 1.741026581701098E9, 0.0, 2025-03-03 12:29:41.701
236.0, -9844.289403473069, 1985.9971983429432, -25667.60339350741, -10811.158813376285, -187500.02235174447, -17109.366310759346, -27984.652278977905, -34893.26356569095, 0.058, 0.976, -0.156, 192.0, 0.0, 0.0, 0.0, 0.0, 0.0, 0.0, 0.0, 0.0, 0.0, 1.741026581701124E9, 0.0, 2025-03-03 12:29:41.701
237.0, -9785.347853344423, 2040.446047836071, -25660.182614348247, -10813.975133177655, -187500.02235174447, -17113.255514294568, -27988.407372046397, -34904.081810007316, 0.054, 0.978, -0.158, 192.0, 1.0, 176.0, 30.0, 144.0, 251.0, 16.0, 0.0, 0.0, 0.0, 1.741026581761052E9, 0.0, 2025-03-03 12:29:41.761
238.0, -9728.417960216757, 2125.4944354885147, -25656.36046604639, -10826.961496706188, -187500.02235174447, -17115.28952304, -27988.34031681303, -34895.051705247366, 0.054, 0.978, -0.158, 192.0, 0.0, 0.0, 0.0, 0.0, 0.0, 0.0, 0.0, 0.0, 0.0, 1.741026581761089E9, 0.0, 2025-03-03 12:29:41.761
239.0, -9790.980492947161, 2066.3740714042274, -25649.766701432076, -10801.212287093675, -187500.02235174447, -17104.158354301257, -27976.113912595978, -34886.04395223188, 0.054, 0.978, -0.158, 192.0, 0.0, 0.0, 0.0, 0.0, 0.0, 0.0, 0.0, 0.0, 0.0, 1.741026581761116E9, 0.0, 2025-03-03 12:29:41.761
240.0, -9831.481853900177, 1991.3616170122168, -25651.5548409885, -10798.105394614387, -187500.02235174447, -17106.125307813323, -27975.465712006775, -34887.854443532764, 0.054, 0.978, -0.158, 192.0, 0.0, 0.0, 0.0, 0.0, 0.0, 0.0, 0.0, 0.0, 0.0, 1.741026581761158E9, 0.0, 2025-03-03 12:29:41.761
241.0, -9786.286626611547, 2033.293489610373, -25657.27688756906, -10803.961551661678, -187500.02235174447, -17121.793880676494, -27991.246043592222, -34903.07598150682, 0.054, 0.978, -0.158, 192.0, 0.0, 0.0, 0.0, 0.0, 0.0, 0.0, 0.0, 0.0, 0.0, 1.741026581761193E9, 0.0, 2025-03-03 12:29:41.761
242.0, -9725.847509604397, 2119.124188318752, -25654.348809045412, -10796.51842075806, -187500.02235174447, -17111.19915380468, -27992.02835464816, -34903.031278017916, 0.054, 0.978, -0.158, 192.0, 0.0, 0.0, 0.0, 0.0, 0.0, 0.0, 0.0, 0.0, 0.0, 1.741026581761231E9, 0.0, 2025-03-03 12:29:41.761
243.0, -9772.98733866064, 2080.6568361111686, -25669.279774341558, -10806.129670873843, -187500.02235174447, -17115.870668395837, -27992.54244477063, -34904.50649315197, 0.054, 0.978, -0.158, 192.0, 0.0, 0.0, 0.0, 0.0, 0.0, 0.0, 0.0, 0.0, 0.0, 1.741026581761257E9, 0.0, 2025-03-03 12:29:41.761
244.0, -9835.32635394649, 1995.9213728810994, -25675.247690111126, -10815.048016911509, -187500.02235174447, -17121.212735320656, -27995.761095972193, -34901.980746028516, 0.054, 0.978, -0.158, 192.0, 0.0, 0.0, 0.0, 0.0, 0.0, 0.0, 0.0, 0.0, 0.0, 1.741026581761283E9, 0.0, 2025-03-03 12:29:41.761
245.0, -9819.70248457223, 2011.165262599619, -25670.37500981987, -10811.628200009847, -187500.02235174447, -17114.10488058387, -27996.09637213902, -34903.61242337375, 0.054, 0.978, -0.158, 192.0, 0.0, 0.0, 0.0, 0.0, 0.0, 0.0, 0.0, 0.0, 0.0, 1.741026581761317E9, 0.0, 2025-03-03 12:29:41.761
246.0, -9750.12150408286, 2093.3079234728725, -25660.51789051508, -10810.018874409065, -187500.02235174447, -17118.217601563647, -27995.53757852764, -34907.32281295333, 0.054, 0.978, -0.158, 192.0, 0.0, 0.0, 0.0, 0.0, 0.0, 0.0, 0.0, 0.0, 0.0, 1.741026581761343E9, 0.0, 2025-03-03 12:29:41.761
247.0, -9762.861998422384, 2088.614057137258, -25658.617992236377, -10806.196726107208, -187500.02235174447, -17123.24674406609, -27988.139151112933, -34906.652260619674, 0.054, 0.972, -0.156, 192.0, 1.0, 176.0, 30.0, 96.0, 251.0, 32.0, 0.0, 0.0, 0.0, 1.74102658176137E9, 0.0, 2025-03-03 12:29:41.761
248.0, -9832.130054489382, 1994.6696751916022, -25654.214698578682, -10794.104432356886, -187500.02235174447, -17107.734633414108, -27981.34422079852, -34895.29757443638, 0.054, 0.972, -0.156, 192.0, 0.0, 0.0, 0.0, 0.0, 0.0, 0.0, 0.0, 0.0, 0.0, 1.741026581761402E9, 0.0, 2025-03-03 12:29:41.761
249.0, -9821.84825203994, 1994.5579164693258, -25669.79386446403, -10812.052883154498, -187500.02235174447, -17114.261342795056, -27999.762058229695, -34914.65418513468, 0.054, 0.972, -0.156, 192.0, 0.0, 0.0, 0.0, 0.0, 0.0, 0.0, 0.0, 0.0, 0.0, 1.741026581761432E9, 0.0, 2025-03-03 12:29:41.761
250.0, -9750.277966294047, 2079.7180628440456, -25655.891079412828, -10809.705949986692, -187500.02235174447, -17110.19332530419, -27999.896168696425, -34904.90882455216, 0.054, 0.972, -0.156, 192.0, 0.0, 0.0, 0.0, 0.0, 0.0, 0.0, 0.0, 0.0, 0.0, 1.741026581761462E9, 0.0, 2025-03-03 12:29:41.761
251.0, -9744.555919713488, 2110.4293597256374, -25653.231221822647, -10801.905191171789, -187500.02235174447, -17099.75506064356, -27992.229520348254, -34897.26452794844, 0.054, 0.972, -0.156, 192.0, 0.0, 0.0, 0.0, 0.0, 0.0, 0.0, 0.0, 0.0, 0.0, 1.741026581761489E9, 0.0, 2025-03-03 12:29:41.761
252.0, -9806.246734410135, 2029.2031203750516, -25664.69766672822, -10804.9003249288, -187500.02235174447, -17106.639397935796, -27992.564796515086, -34905.71348735255, 0.054, 0.972, -0.156, 192.0, 0.0, 0.0, 0.0, 0.0, 0.0, 0.0, 0.0, 0.0, 0.0, 1.741026581821236E9, 0.0, 2025-03-03 12:29:41.821
253.0, -9831.101874244438, 1991.942762368055, -25662.59660274942, -10800.072348126454, -187500.02235174447, -17106.86291538035, -27989.569662758073, -34908.28393796491, 0.054, 0.972, -0.156, 192.0, 0.0, 0.0, 0.0, 0.0, 0.0, 0.0, 0.0, 0.0, 0.0, 1.741026581821274E9, 0.0, 2025-03-03 12:29:41.821
254.0, -9762.146742599814, 2066.3740714042274, -25648.380893275847, -10784.090850840908, -187500.02235174447, -17102.705490911663, -27991.223691847765, -34902.7854088289, 0.054, 0.972, -0.156, 192.0, 0.0, 0.0, 0.0, 0.0, 0.0, 0.0, 0.0, 0.0, 0.0, 1.741026581821302E9, 0.0, 2025-03-03 12:29:41.821
255.0, -9735.928146353739, 2124.578013965847, -25654.59467823442, -10796.13844110232, -187500.02235174447, -17105.67827292422, -27991.53661627014, -34906.07111526383, 0.054, 0.972, -0.156, 192.0, 0.0, 0.0, 0.0, 0.0, 0.0, 0.0, 0.0, 0.0, 0.0, 1.741026581821348E9, 0.0, 2025-03-03 12:29:41.821
0.0, -9801.441109352245, 2040.937786214088, -25663.155396360806, -10793.52328700105, -187500.02235174447, -17096.24583676408, -27991.78248545915, -34907.76984784244, 0.054, 0.972, -0.156, 192.0, 0.0, 0.0, 0.0, 0.0, 0.0, 0.0, 0.0, 0.0, 0.0, 1.741026581821411E9, 0.0, 2025-03-03 12:29:41.821
1.0, -9833.89584230135, 1984.0078930864208, -25663.669486483275, -10793.366824789862, -187500.02235174447, -17100.71618565514, -27993.034183148648, -34917.694022380594, 0.05, 0.968, -0.16, 192.0, 1.0, 144.0, 30.0, 64.0, 251.0, 0.0, 0.0, 0.0, 0.0, 1.741026581821449E9, 0.0, 2025-03-03 12:29:41.821
2.0, -9767.958196158195, 2040.1778269026074, -25655.22052707917, -10791.779850933535, -187500.02235174447, -17101.967883344638, -27996.431648305854, -34909.53563565441, 0.05, 0.968, -0.16, 192.0, 0.0, 0.0, 0.0, 0.0, 0.0, 0.0, 0.0, 0.0, 0.0, 1.741026581821478E9, 0.0, 2025-03-03 12:29:41.821
3.0, -9722.271230491548, 2116.0396475839198, -25661.16609110428, -10805.101490628898, -187500.02235174447, -17108.852220636873, -28000.43261056335, -34915.52590316843, 0.05, 0.968, -0.16, 192.0, 0.0, 0.0, 0.0, 0.0, 0.0, 0.0, 0.0, 0.0, 0.0, 1.741026581821503E9, 0.0, 2025-03-03 12:29:41.821
4.0, -9793.617998792888, 2049.0514694513645, -25661.30020157101, -10809.9518191757, -187500.02235174447, -17105.320645012933, -27991.44720929232, -34912.15078975568, 0.05, 0.968, -0.16, 192.0, 0.0, 0.0, 0.0, 0.0, 0.0, 0.0, 0.0, 0.0, 0.0, 1.741026581821532E9, 0.0, 2025-03-03 12:29:41.821
5.0, -9831.101874244438, 1995.5860967142698, -25664.83177719495, -10807.314313329973, -187500.02235174447, -17107.846392136384, -27997.281014595155, -34918.94572007009, 0.05, 0.968, -0.16, 192.0, 0.0, 0.0, 0.0, 0.0, 0.0, 0.0, 0.0, 0.0, 0.0, 1.741026581821558E9, 0.0, 2025-03-03 12:29:41.821
6.0, -9803.922152986785, 2020.262422592929, -25664.720018472675, -10811.024702909554, -187500.02235174447, -17107.935799114206, -28001.192569874835, -34919.54921717039, 0.05, 0.968, -0.16, 192.0, 0.0, 0.0, 0.0, 0.0, 0.0, 0.0, 0.0, 0.0, 0.0, 1.741026581821584E9, 0.0, 2025-03-03 12:29:41.821
7.0, -9726.473358449144, 2115.391446994716, -25655.019361379073, -10813.14811863281, -187500.02235174447, -17106.974674102625, -28002.153694886412, -34916.15175201318, 0.05, 0.968, -0.16, 192.0, 0.0, 0.0, 0.0, 0.0, 0.0, 0.0, 0.0, 0.0, 0.0, 1.741026581821611E9, 0.0, 2025-03-03 12:29:41.821
8.0, -9784.27496961057, 2066.3070161708615, -25665.591736506434, -10821.865298970379, -187500.02235174447, -17113.926066628228, -28006.311119355098, -34929.67455740864, 0.05, 0.968, -0.16, 192.0, 0.0, 0.0, 0.0, 0.0, 0.0, 0.0, 0.0, 0.0, 0.0, 1.741026581821643E9, 0.0, 2025-03-03 12:29:41.821
9.0, -9839.796702837551, 1995.9213728810994, -25661.41196029329, -10822.826423981956, -187500.02235174447, -17119.67046495324, -28004.880607709958, -34931.84267662081, 0.05, 0.968, -0.16, 192.0, 0.0, 0.0, 0.0, 0.0, 0.0, 0.0, 0.0, 0.0, 0.0, 1.741026581821673E9, 0.0, 2025-03-03 12:29:41.821
10.0, -9801.105833185415, 2031.2147773760294, -25658.953268403206, -10817.32789484595, -187500.02235174447, -17114.753081173072, -28006.087601910545, -34924.421897461645, 0.05, 0.968, -0.16, 192.0, 0.0, 0.0, 0.0, 0.0, 0.0, 0.0, 0.0, 0.0, 0.0, 1.741026581821699E9, 0.0, 2025-03-03 12:29:41.821
11.0, -9751.373201772358, 2113.5586039493805, -25654.84054742343, -10809.23656335313, -187500.02235174447, -17106.19236304669, -28004.36651758749, -34925.20420851758, 0.048, 0.966, -0.154, 192.0, 1.0, 128.0, 30.0, 48.0, 251.0, 48.0, 0.0, 0.0, 0.0, 1.741026581880204E9, 0.0, 2025-03-03 12:29:41.880
12.0, -9784.878466710863, 2079.673359355135, -25660.227317837158, -10809.571839519958, -187500.02235174447, -17104.806554890463, -27999.717354740784, -34921.67263289364, 0.048, 0.966, -0.154, 192.0, 0.0, 0.0, 0.0, 0.0, 0.0, 0.0, 0.0, 0.0, 0.0, 1.741026581880243E9, 0.0, 2025-03-03 12:29:41.880
13.0, -9837.51682490311, 1998.7153409380128, -25668.27394584107, -10805.70498772919, -187500.02235174447, -17116.76473817405, -28003.047764664625, -34934.18960978861, 0.048, 0.966, -0.154, 192.0, 0.0, 0.0, 0.0, 0.0, 0.0, 0.0, 0.0, 0.0, 0.0, 1.741026581880269E9, 0.0, 2025-03-03 12:29:41.880
14.0, -9818.361379904913, 2007.0301898753871, -25666.46345454019, -10818.71370300218, -187500.02235174447, -17124.43138652222, -28008.88156996746, -34938.48114472403, 0.048, 0.966, -0.154, 192.0, 0.0, 0.0, 0.0, 0.0, 0.0, 0.0, 0.0, 0.0, 0.0, 1.741026581880296E9, 0.0, 2025-03-03 12:29:41.880
15.0, -9744.533567969032, 2117.961897607076, -25650.325495043457, -10804.587400506425, -187500.02235174447, -17114.28369453951, -28008.345128100533, -34927.707603896575, 0.048, 0.966, -0.154, 192.0, 0.0, 0.0, 0.0, 0.0, 0.0, 0.0, 0.0, 0.0, 0.0, 1.741026581880351E9, 0.0, 2025-03-03 12:29:41.880
16.0, -9753.518969240067, 2125.382676766238, -25657.098073613415, -10802.195763849708, -187500.02235174447, -17111.57913346042, -28010.557950801605, -34934.88251386672, 0.048, 0.966, -0.154, 192.0, 0.0, 0.0, 0.0, 0.0, 0.0, 0.0, 0.0, 0.0, 0.0, 1.741026581880387E9, 0.0, 2025-03-03 12:29:41.880
17.0, -9818.830766538473, 2032.131198898697, -25658.79680619202, -10802.218115594163, -187500.02235174447, -17111.757947416063, -28009.0603839231, -34937.0953365678, 0.048, 0.966, -0.154, 192.0, 0.0, 0.0, 0.0, 0.0, 0.0, 0.0, 0.0, 0.0, 0.0, 1.741026581880417E9, 0.0, 2025-03-03 12:29:41.880
18.0, -9810.09123445645, 2024.5986610172583, -25650.21373632118, -10788.203571820686, -187500.02235174447, -17102.280807767012, -28004.746497243228, -34923.61723466125, 0.048, 0.966, -0.154, 192.0, 0.0, 0.0, 0.0, 0.0, 0.0, 0.0, 0.0, 0.0, 0.0, 1.741026581880444E9, 0.0, 2025-03-03 12:29:41.880
19.0, -9762.236149577637, 2091.966818805554, -25648.626762464854, -10791.8469061669, -187500.02235174447, -17100.649130421774, -28005.260587365698, -34922.85727534977, 0.048, 0.966, -0.154, 192.0, 0.0, 0.0, 0.0, 0.0, 0.0, 0.0, 0.0, 0.0, 0.0, 1.741026581880474E9, 0.0, 2025-03-03 12:29:41.880
20.0, -9765.499504268111, 2114.8773568722436, -25659.176785847758, -10797.837173680922, -187500.02235174447, -17106.52763921352, -28011.630834535463, -34933.18378128812, 0.048, 0.966, -0.154, 192.0, 0.0, 0.0, 0.0, 0.0, 0.0, 0.0, 0.0, 0.0, 0.0, 1.741026581880501E9, 0.0, 2025-03-03 12:29:41.880
21.0, -9815.500356614633, 2043.1729606596186, -25659.489710270132, -10792.852734667389, -187500.02235174447, -17103.644264178787, -28007.674575766872, -34932.96026384357, 0.052000000000000005, 0.968, -0.152, 192.0, 1.0, 160.0, 30.0, 64.0, 251.0, 64.0, 0.0, 0.0, 0.0, 1.741026581880527E9, 0.0, 2025-03-03 12:29:41.880
22.0, -9826.18449046427, 2033.3828965881942, -25659.46735852568, -10790.639911966315, -187500.02235174447, -17097.76575538704, -28007.49576181123, -34932.602635932286, 0.052000000000000005, 0.968, -0.152, 192.0, 0.0, 0.0, 0.0, 0.0, 0.0, 0.0, 0.0, 0.0, 0.0, 1.741026581880556E9, 0.0, 2025-03-03 12:29:41.880
23.0, -9799.205934906715, 2083.808432079367, -25654.92995440125, -10787.711833442669, -187500.02235174447, -17100.3362059994, -28008.30042461162, -34932.021490576444, 0.052000000000000005, 0.968, -0.152, 192.0, 0.0, 0.0, 0.0, 0.0, 0.0, 0.0, 0.0, 0.0, 0.0, 1.741026581880591E9, 0.0, 2025-03-03 12:29:41.880
24.0, -9761.677355966254, 2145.119267120274, -25660.383780048345, -10798.03833938102, -187500.02235174447, -17114.86483989535, -28017.44228809384, -34941.16335405867, 0.052000000000000005, 0.968, -0.152, 192.0, 0.0, 0.0, 0.0, 0.0, 0.0, 0.0, 0.0, 0.0, 0.0, 1.741026581880621E9, 0.0, 2025-03-03 12:29:41.880
25.0, -9812.684036813263, 2067.156382460163, -25653.901774156308, -10786.862467153367, -187500.02235174447, -17115.647150951285, -28014.938892714847, -34948.114746584266, 0.052000000000000005, 0.968, -0.152, 192.0, 0.0, 0.0, 0.0, 0.0, 0.0, 0.0, 0.0, 0.0, 0.0, 1.741026581880648E9, 0.0, 2025-03-03 12:29:41.880
26.0, -9833.314696945512, 2018.7648557144232, -25647.822099664463, -10774.121972813842, -187500.02235174447, -17105.47710722412, -28012.30138686912, -34941.409223247676, 0.052000000000000005, 0.968, -0.152, 192.0, 0.0, 0.0, 0.0, 0.0, 0.0, 0.0, 0.0, 0.0, 0.0, 1.741026581940825E9, 0.0, 2025-03-03 12:29:41.940
27.0, -9779.201123619214, 2078.0193302654425, -25644.69285544072, -10780.760440917069, -187500.02235174447, -17100.403261232765, -28018.179895660865, -34934.92721735564, 0.052000000000000005, 0.968, -0.152, 192.0, 0.0, 0.0, 0.0, 0.0, 0.0, 0.0, 0.0, 0.0, 0.0, 1.741026581940863E9, 0.0, 2025-03-03 12:29:41.940
28.0, -9728.932050339228, 2160.4972673055254, -25647.777396175552, -10785.253141552585, -187500.02235174447, -17106.795860146984, -28021.510305584707, -34943.711452926575, 0.052000000000000005, 0.968, -0.152, 192.0, 0.0, 0.0, 0.0, 0.0, 0.0, 0.0, 0.0, 0.0, 0.0, 1.741026581940891E9, 0.0, 2025-03-03 12:29:41.940
29.0, -9788.231228379158, 2094.0678827843526, -25653.901774156308, -10796.384310291329, -187500.02235174447, -17104.42657523472, -28019.900979983926, -34945.47724073854, 0.052000000000000005, 0.968, -0.152, 192.0, 0.0, 0.0, 0.0, 0.0, 0.0, 0.0, 0.0, 0.0, 0.0, 1.741026581940925E9, 0.0, 2025-03-03 12:29:41.940
30.0, -9824.731627074674, 2030.3430593422725, -25647.442120008724, -10789.097641598897, -187500.02235174447, -17087.841580848883, -28010.133267656955, -34940.17987730263, 0.052000000000000005, 0.968, -0.152, 192.0, 0.0, 0.0, 0.0, 0.0, 0.0, 0.0, 0.0, 0.0, 0.0, 1.741026581940972E9, 0.0, 2025-03-03 12:29:41.940
31.0, -9795.115565671393, 2061.6578533241577, -25649.23025956515, -10790.371691032851, -187500.02235174447, -17099.173915287724, -28021.532657329164, -34959.17886008965, 0.054, 0.968, -0.156, 192.0, 1.0, 176.0, 30.0, 64.0, 251.0, 32.0, 0.0, 0.0, 0.0, 1.741026581941007E9, 0.0, 2025-03-03 12:29:41.941
32.0, -9741.02434408955, 2153.0317846574526, -25664.250631839113, -10809.415377308773, -187500.02235174447, -17113.367273016844, -28034.228448179776, -34952.85331640879, 0.054, 0.968, -0.156, 192.0, 0.0, 0.0, 0.0, 0.0, 0.0, 0.0, 0.0, 0.0, 0.0, 1.74102658194104E9, 0.0, 2025-03-03 12:29:41.941
33.0, -9795.137917415848, 2096.839499096811, -25661.389608548834, -10810.600019764903, -187500.02235174447, -17106.840563635895, -28026.762965531703, -34944.20319130459, 0.054, 0.968, -0.156, 192.0, 0.0, 0.0, 0.0, 0.0, 0.0, 0.0, 0.0, 0.0, 0.0, 1.741026581941067E9, 0.0, 2025-03-03 12:29:41.941
34.0, -9847.888034330374, 2014.8533004347446, -25663.960059161196, -10809.61654300887, -187500.02235174447, -17102.772546145028, -28027.142945187446, -34948.83000240684, 0.054, 0.968, -0.156, 192.0, 0.0, 0.0, 0.0, 0.0, 0.0, 0.0, 0.0, 0.0, 0.0, 1.741026581941093E9, 0.0, 2025-03-03 12:29:41.941
35.0, -9812.259353668613, 2041.2283588920068, -25663.3565620609, -10823.251107126607, -187500.02235174447, -17113.188459061203, -28035.323683658087, -34959.69295021212, 0.054, 0.968, -0.156, 192.0, 0.0, 0.0, 0.0, 0.0, 0.0, 0.0, 0.0, 0.0, 0.0, 1.741026581941123E9, 0.0, 2025-03-03 12:29:41.941
36.0, -9763.26432982258, 2119.906499374688, -25655.756968946098, -10804.542697017516, -187500.02235174447, -17115.602447462374, -28034.07198596859, -34963.58215374734, 0.054, 0.968, -0.156, 192.0, 0.0, 0.0, 0.0, 0.0, 0.0, 0.0, 0.0, 0.0, 0.0, 1.74102658194115E9, 0.0, 2025-03-03 12:29:41.941
37.0, -9794.534420315555, 2099.186432264618, -25669.816216208485, -10820.85947046989, -187500.02235174447, -17132.545069759497, -28040.330474416078, -34974.42274980817, 0.054, 0.968, -0.156, 192.0, 0.0, 0.0, 0.0, 0.0, 0.0, 0.0, 0.0, 0.0, 0.0, 1.741026581941176E9, 0.0, 2025-03-03 12:29:41.941
38.0, -9827.167967220303, 2029.9854314309873, -25659.26619282558, -10812.924601188255, -187500.02235174447, -17122.82206092144, -28036.26245692521, -34963.04571188041, 0.054, 0.968, -0.156, 192.0, 0.0, 0.0, 0.0, 0.0, 0.0, 0.0, 0.0, 0.0, 0.0, 1.741026581941211E9, 0.0, 2025-03-03 12:29:41.941
39.0, -9808.526612344576, 2038.2555768794512, -25657.992143391628, -10806.42024355176, -187500.02235174447, -17115.311874784456, -28034.586076091062, -34958.48595601153, 0.054, 0.968, -0.156, 192.0, 0.0, 0.0, 0.0, 0.0, 0.0, 0.0, 0.0, 0.0, 0.0, 1.741026581941244E9, 0.0, 2025-03-03 12:29:41.941
40.0, -9760.872693165862, 2111.4351882261262, -25666.530509773555, -10817.596115779414, -187500.02235174447, -17123.939648144205, -28039.50345987123, -34965.61616249278, 0.054, 0.968, -0.156, 192.0, 0.0, 0.0, 0.0, 0.0, 0.0, 0.0, 0.0, 0.0, 0.0, 1.74102658194127E9, 0.0, 2025-03-03 12:29:41.941
41.0, -9772.339138071435, 2110.4070079811822, -25669.235070852646, -10818.71370300218, -187500.02235174447, -17124.878421411326, -28034.92135225789, -34972.522851529466, 0.054, 0.968, -0.158, 192.0, 1.0, 176.0, 30.0, 64.0, 251.0, 16.0, 0.0, 0.0, 0.0, 1.741026582000801E9, 0.0, 2025-03-03 12:29:42.000
42.0, -9849.296194231058, 2013.422788789605, -25668.49746328562, -10814.243354111119, -187500.02235174447, -17117.658807952263, -28027.612331821005, -34971.673485240164, 0.054, 0.968, -0.158, 192.0, 0.0, 0.0, 0.0, 0.0, 0.0, 0.0, 0.0, 0.0, 0.0, 1.741026582000841E9, 0.0, 2025-03-03 12:29:42.000
43.0, -9833.448807412244, 2005.1749950855965, -25670.889099942342, -10811.628200009847, -187500.02235174447, -17113.657845694765, -28033.870820268494, -34959.849412423304, 0.054, 0.968, -0.158, 192.0, 0.0, 0.0, 0.0, 0.0, 0.0, 0.0, 0.0, 0.0, 0.0, 1.741026582000868E9, 0.0, 2025-03-03 12:29:42.000
44.0, -9769.098135125416, 2079.6286558662246, -25668.51981503008, -10814.355112833395, -187500.02235174447, -17120.139851586802, -28040.26341918271, -34971.09233988432, 0.054, 0.968, -0.158, 192.0, 0.0, 0.0, 0.0, 0.0, 0.0, 0.0, 0.0, 0.0, 0.0, 1.741026582000898E9, 0.0, 2025-03-03 12:29:42.000
45.0, -9758.570463486965, 2114.8103016388777, -25671.067913897983, -10823.876955971356, -187500.02235174447, -17124.096110355393, -28040.621047093995, -34963.47039502506, 0.054, 0.968, -0.158, 192.0, 0.0, 0.0, 0.0, 0.0, 0.0, 0.0, 0.0, 0.0, 0.0, 1.74102658200095E9, 0.0, 2025-03-03 12:29:42.000
46.0, -9831.884185300372, 2020.8435679487668, -25669.50329178611, -10807.80605170799, -187500.02235174447, -17107.19819154718, -28026.3159306426, -34949.67936869614, 0.054, 0.968, -0.158, 192.0, 0.0, 0.0, 0.0, 0.0, 0.0, 0.0, 0.0, 0.0, 0.0, 1.741026582000985E9, 0.0, 2025-03-03 12:29:42.000
47.0, -9845.585804651477, 1985.930143109577, -25674.443027310735, -10817.66317101278, -187500.02235174447, -17104.38187174581, -28033.69200631285, -34956.58605773283, 0.054, 0.968, -0.158, 192.0, 0.0, 0.0, 0.0, 0.0, 0.0, 0.0, 0.0, 0.0, 0.0, 1.741026582001019E9, 0.0, 2025-03-03 12:29:42.001
48.0, -9798.580086061966, 2048.6938415400796, -25676.208815122704, -10817.551412290504, -187500.02235174447, -17113.188459061203, -28043.97380876229, -34963.135118858234, 0.054, 0.968, -0.158, 192.0, 0.0, 0.0, 0.0, 0.0, 0.0, 0.0, 0.0, 0.0, 0.0, 1.741026582001044E9, 0.0, 2025-03-03 12:29:42.001
49.0, -9769.03107989205, 2104.640257911713, -25677.639326767843, -10808.141327874819, -187500.02235174447, -17107.57817120292, -28042.297427928144, -34964.342113058825, 0.054, 0.968, -0.158, 192.0, 0.0, 0.0, 0.0, 0.0, 0.0, 0.0, 0.0, 0.0, 0.0, 1.741026582001071E9, 0.0, 2025-03-03 12:29:42.001
50.0, -9836.913327802817, 2022.4081900606384, -25681.394419836335, -10810.689426742725, -187500.02235174447, -17112.540258472, -28042.185669205868, -34970.10886312829, 0.054, 0.968, -0.158, 192.0, 0.0, 0.0, 0.0, 0.0, 0.0, 0.0, 0.0, 0.0, 0.0, 1.7410265820011E9, 0.0, 2025-03-03 12:29:42.001
51.0, -9860.315604247524, 1987.58417219927, -25671.112617386894, -10806.643760996314, -187500.02235174447, -17114.127232328323, -28039.279942426678, -34962.1516421022, 0.05, 0.966, -0.16, 192.0, 1.0, 144.0, 30.0, 48.0, 251.0, 0.0, 0.0, 0.0, 0.0, 1.741026582001126E9, 0.0, 2025-03-03 12:29:42.001
52.0, -9807.811356522006, 2050.325518885317, -25664.340038816936, -10804.453290039693, -187500.02235174447, -17111.087395082403, -28041.40335814993, -34959.15650834519, 0.05, 0.966, -0.16, 192.0, 0.0, 0.0, 0.0, 0.0, 0.0, 0.0, 0.0, 0.0, 0.0, 1.741026582001154E9, 0.0, 2025-03-03 12:29:42.001
53.0, -9763.97958564515, 2131.305889046894, -25669.458588297202, -10804.676807484248, -187500.02235174447, -17118.351712030377, -28043.102090728535, -34972.76872071847, 0.05, 0.966, -0.16, 192.0, 0.0, 0.0, 0.0, 0.0, 0.0, 0.0, 0.0, 0.0, 0.0, 1.741026582001184E9, 0.0, 2025-03-03 12:29:42.001
54.0, -9842.791836594562, 2062.641330080191, -25672.565480776488, -10804.18506910623, -187500.02235174447, -17120.586886475907, -28037.514154614706, -34971.673485240164, 0.05, 0.966, -0.16, 192.0, 0.0, 0.0, 0.0, 0.0, 0.0, 0.0, 0.0, 0.0, 0.0, 1.741026582001214E9, 0.0, 2025-03-03 12:29:42.001
55.0, -9866.439982228278, 2014.585079501281, -25672.83370170995, -10807.269609841063, -187500.02235174447, -17115.267171295545, -28041.69393082785, -34954.7979181764, 0.05, 0.966, -0.16, 192.0, 0.0, 0.0, 0.0, 0.0, 0.0, 0.0, 0.0, 0.0, 0.0, 1.741026582001244E9, 0.0, 2025-03-03 12:29:42.001
56.0, -9813.779272291575, 2044.1340856711968, -25657.79097769153, -10798.75359520359, -187500.02235174447, -17098.05632806496, -28032.574419090084, -34950.03699660742, 0.05, 0.966, -0.16, 192.0, 0.0, 0.0, 0.0, 0.0, 0.0, 0.0, 0.0, 0.0, 0.0, 1.741026582061579E9, 0.0, 2025-03-03 12:29:42.061
57.0, -9750.725001183153, 2127.9531273785983, -25665.524681273066, -10810.957647676189, -187500.02235174447, -17109.43336599271, -28043.21384945081, -34967.404302049195, 0.05, 0.966, -0.16, 192.0, 0.0, 0.0, 0.0, 0.0, 0.0, 0.0, 0.0, 0.0, 0.0, 1.741026582061619E9, 0.0, 2025-03-03 12:29:42.061
58.0, -9808.772481533586, 2076.7229290870346, -25675.18063487776, -10812.634028510336, -187500.02235174447, -17114.52956372852, -28039.592866849052, -34957.39072053322, 0.05, 0.966, -0.16, 192.0, 0.0, 0.0, 0.0, 0.0, 0.0, 0.0, 0.0, 0.0, 0.0, 1.741026582061647E9, 0.0, 2025-03-03 12:29:42.061
59.0, -9837.248603969647, 2003.7668351849122, -25676.49938780062, -10818.28901985753, -187500.02235174447, -17118.53052598602, -28047.773605319693, -34963.4033397917, 0.05, 0.966, -0.16, 192.0, 0.0, 0.0, 0.0, 0.0, 0.0, 0.0, 0.0, 0.0, 0.0, 1.741026582061673E9, 0.0, 2025-03-03 12:29:42.061
60.0, -9820.216574694703, 2013.579251000792, -25672.185501120748, -10816.14325238982, -187500.02235174447, -17109.56747645944, -28045.87370704099, -34965.3032380704, 0.05, 0.966, -0.16, 192.0, 0.0, 0.0, 0.0, 0.0, 0.0, 0.0, 0.0, 0.0, 0.0, 1.7410265820617E9, 0.0, 2025-03-03 12:29:42.061
61.0, -9761.36443154388, 2103.5226706889475, -25668.922146430272, -10817.886688457333, -187500.02235174447, -17113.926066628228, -28051.685160599372, -34972.4557962961, 0.054, 0.972, -0.164, 192.0, 1.0, 176.0, 30.0, 96.0, 250.0, 224.0, 0.0, 0.0, 0.0, 1.741026582061749E9, 0.0, 2025-03-03 12:29:42.061
