%OpenBCI Raw EXG Data
%Number of channels = 16
%Sample Rate = 125 Hz
%Board = OpenBCI_GUI$BoardCytonSerialDaisy
Sample Index, EXG Channel 0, EXG Channel 1, EXG Channel 2, EXG Channel 3, EXG Channel 4, EXG Channel 5, EXG Channel 6, EXG Channel 7, EXG Channel 8, EXG Channel 9, EXG Channel 10, EXG Channel 11, EXG Channel 12, EXG Channel 13, EXG Channel 14, EXG Channel 15, Accel Channel 0, Accel Channel 1, Accel Channel 2, Not Used, Digital Channel 0 (D11), Digital Channel 1 (D12), Digital Channel 2 (D13), Digital Channel 3 (D17), Not Used, Digital Channel 4 (D18), Analog Channel 0, Analog Channel 1, Analog Channel 2, Timestamp, Marker Channel, Timestamp (Formatted)
0.0, 19498.29840639811, -27563.16543378418, -43080.26052478082, -28275.292012130263, -25361.49625319198, 6579.168925186268, -37760.008902550806, 14206.589961837526, 0.0, 0.0, 0.0, 0.0, 0.0, 0.0, 0.0, 0.0, 0.0, 0.0, 0.0, 192.0, 0.0, 0.0, 0.0, 0.0, 0.0, 0.0, 0.0, 0.0, 0.0, 1.741808565168301E9, 0.0, 2025-03-12 14:42:45.168
50.0, 19473.063286908065, -27563.724227395564, -43092.30811504223, -28300.102448475656, -25368.82762537332, 6571.077593693447, -37763.94280957494, 14205.159450192386, 4192.181431315116, -13262.80990395664, -34839.30645457583, -5566.500790894126, -36968.354817432744, -19760.35025839213, -18299.619054748902, 7678.1594965648055, 0.0, 0.0, 0.0, 192.0, 0.0, 0.0, 0.0, 0.0, 0.0, 0.0, 0.0, 0.0, 0.0, 1.741808565168324E9, 0.0, 2025-03-12 14:42:45.168
52.0, 19479.90292071139, -27568.865128620284, -43091.45874875293, -28278.711829031927, -25362.993820070486, 6576.196143173712, -37761.10413802912, 14212.580229351548, 4185.2970940228815, -13270.074220904617, -34862.552268809355, -5596.206259275229, -36975.75324484745, -19770.14032246355, -18311.219610121207, 7674.09147907394, -0.13, 0.964, -0.128, 192.0, 125.5, 120.0, 15.0, 16.0, 126.0, 0.0, 0.0, 0.0, 0.0, 1.741808565168339E9, 0.0, 2025-03-12 14:42:45.168
54.0, 19466.961260671767, -27557.13046278125, -43087.88246964008, -28288.45718961444, -25360.02103805793, 6581.225285676156, -37754.08569027015, 14217.542316620627, 4184.559486455856, -13266.229720858302, -34856.51729780642, -5571.8205060744895, -36976.960239048036, -19762.518377604294, -18303.262389095114, 7677.0419093420405, -0.13, 0.964, -0.128, 192.0, 0.0, 0.0, 0.0, 0.0, 0.0, 0.0, 0.0, 0.0, 0.0, 1.741808565168369E9, 0.0, 2025-03-12 14:42:45.168
56.0, 19478.51711255516, -27564.7077041516, -43085.51318472781, -28289.306555903742, -25351.281505975905, 6568.417736103265, -37745.90495179951, 14220.269229444175, 4187.152288812672, -13258.451313787857, -34867.8272805008, -5594.932209841277, -36967.103119743246, -19757.332772890662, -18306.86101995242, 7680.953464621719, -0.13, 0.964, -0.128, 192.0, 0.0, 0.0, 0.0, 0.0, 0.0, 0.0, 0.0, 0.0, 0.0, 1.741808565168385E9, 0.0, 2025-03-12 14:42:45.168
58.0, 19467.676516494335, -27565.98175358555, -43085.624943450086, -28278.98004996539, -25358.277601990416, 6590.0095212470915, -37752.07403326917, 14217.855241043002, 4183.464250977547, -13257.490188776279, -34851.68932100407, -5561.650462347325, -36965.918477287116, -19751.186043165453, -18295.260464580115, 7680.461726243702, -0.13, 0.964, -0.128, 192.0, 0.0, 0.0, 0.0, 0.0, 0.0, 0.0, 0.0, 0.0, 0.0, 1.7418085651684E9, 0.0, 2025-03-12 14:42:45.168
60.0, 19481.355784100986, -27566.74171289703, -43091.27993479728, -28287.384305880583, -25365.139587538193, 6568.238922147623, -37761.551172918225, 14209.518040361172, 4187.755785912966, -13265.179188868904, -34865.346236866266, -5596.183907530774, -36969.36064593323, -19761.221976425884, -18312.158383388327, 7674.918493618786, -0.13, 0.964, -0.128, 192.0, 0.0, 0.0, 0.0, 0.0, 0.0, 0.0, 0.0, 0.0, 0.0, 1.741808565168415E9, 0.0, 2025-03-12 14:42:45.168
62.0, 19473.264452608164, -27561.42199771667, -43086.34019927266, -28282.89160524507, -25369.140549795695, 6594.345759671422, -37760.52299267328, 14207.372272893463, 4185.341797511792, -13267.392011569978, -34852.069300659816, -5575.195619487241, -36974.05451226884, -19760.551424092224, -18310.124374642895, 7660.635728911845, -0.128, 0.964, -0.128, 192.0, 126.0, 0.0, 15.0, 16.0, 126.0, 0.0, 0.0, 0.0, 0.0, 1.741808565168431E9, 0.0, 2025-03-12 14:42:45.168
64.0, 19478.96414744427, -27555.387026713735, -43080.97578060339, -28297.88962577458, -25365.519567193936, 6552.72681149564, -37759.13718451705, 14218.078758487554, 4202.932620398119, -13258.38425855449, -34862.976951954006, -5600.341331999461, -36966.253753453944, -19764.15005494953, -18318.506278813635, 7671.297511017026, -0.128, 0.964, -0.128, 192.0, 0.0, 0.0, 0.0, 0.0, 0.0, 0.0, 0.0, 0.0, 0.0, 1.741808565168447E9, 0.0, 2025-03-12 14:42:45.168
66.0, 19474.0467636641, -27558.27040174847, -43083.18860330446, -28268.0723986712, -25361.608011914257, 6590.7694805585725, -37753.929228058965, 14215.061272986088, 4204.407835532169, -13259.233624843791, -34844.84968720075, -5565.137334482352, -36961.82810805179, -19756.505758345815, -18304.6705489958, 7669.41996448278, -0.128, 0.964, -0.128, 192.0, 0.0, 0.0, 0.0, 0.0, 0.0, 0.0, 0.0, 0.0, 0.0, 1.741808565168467E9, 0.0, 2025-03-12 14:42:45.168
0.0, 8996.621846750004, -13820.664742072195, -21485.122619285896, -14210.747386306213, -12568.497665941439, 3242.679326853672, -18847.080331692738, 7049.427276781474, 2104.863775356266, -6622.844233851938, -17431.343189638043, -2793.386911557545, -18479.148266213928, -9876.38650851089, -9154.983956215854, 3838.5321305432476, -0.13, 0.962, -0.152, 192.0, 125.5, 120.0, 15.0, 8.0, 125.5, 32.0, 0.0, 0.0, 0.0, 1.741808565308867E9, 0.0, 2025-03-12 14:42:45.308
2.0, 18018.56821996787, -27667.592783879376, -42978.247163086795, -28377.595946502206, -25141.845660429677, 6534.264270575556, -37699.79330298821, 14100.240361719176, 4368.000253200562, -13539.971535202449, -34817.28998628735, -5510.017932655565, -36692.422532131975, -19597.40604131294, -18198.58916981091, 7586.427937320225, -0.13, 0.962, -0.152, 192.0, 0.0, 0.0, 0.0, 0.0, 0.0, 0.0, 0.0, 0.0, 0.0, 1.741808565308929E9, 0.0, 2025-03-12 14:42:45.308
4.0, 17948.182576678108, -27687.262319000045, -42984.61741025656, -28436.20222046402, -25145.332532564706, 6476.261493714034, -37700.77677974424, 14095.300626194552, 4342.988651155073, -13560.021049978859, -34841.631035999184, -5532.61554629988, -36715.08720100966, -19617.12027992252, -18214.16833569626, 7573.866256936343, -0.13, 0.962, -0.152, 192.0, 0.0, 0.0, 0.0, 0.0, 0.0, 0.0, 0.0, 0.0, 0.0, 1.741808565308972E9, 0.0, 2025-03-12 14:42:45.308
6.0, 17997.08819354632, -27723.20392408418, -42986.562012024166, -28376.32189706825, -25145.891326176086, 6526.619973971841, -37704.621279790554, 14099.79332683007, 4318.04410434295, -13567.330070415745, -34833.98673939547, -5529.218081142674, -36707.28644219475, -19606.54790479516, -18206.97107398165, 7581.7787744735215, -0.13, 0.962, -0.152, 192.0, 0.0, 0.0, 0.0, 0.0, 0.0, 0.0, 0.0, 0.0, 0.0, 1.741808565308987E9, 0.0, 2025-03-12 14:42:45.308
8.0, 17935.330323616305, -27720.544066493996, -42984.058616645176, -28430.882505283655, -25146.07014013173, 6485.604522896353, -37704.218948390364, 14098.854553562947, 4300.363874478802, -13577.030727509347, -34849.051815158346, -5543.724363294168, -36718.61877663359, -19615.488602577283, -18214.995350241108, 7570.960530157153, -0.13, 0.96, -0.166, 192.0, 125.5, 120.0, 15.0, 0.0, 125.0, 104.0, 0.0, 0.0, 0.0, 1.741808565311414E9, 0.0, 2025-03-12 14:42:45.311
10.0, 17992.193161510608, -27741.286485348523, -42990.94295393741, -28373.75144645589, -25153.379160568616, 6537.952308410681, -37718.16643693047, 14100.799155330558, 4299.313342489403, -13568.291195427322, -34841.74279472146, -5536.392991112828, -36710.75096258533, -19604.580951283093, -18206.144059436807, 7579.11891688334, -0.13, 0.96, -0.166, 192.0, 0.0, 0.0, 0.0, 0.0, 0.0, 0.0, 0.0, 0.0, 0.0, 1.741808565311444E9, 0.0, 2025-03-12 14:42:45.311
12.0, 17919.59469551977, -27723.852124673384, -42996.88851796252, -28432.447127395528, -25160.934050194508, 6501.384854481799, -37718.30054739721, 14090.427945903295, 4281.499002158524, -13581.612835122685, -34859.91476296363, -5543.970232483177, -36719.08816326716, -19616.06974793312, -18224.919524779263, 7567.093678366385, -0.13, 0.96, -0.166, 192.0, 0.0, 0.0, 0.0, 0.0, 0.0, 0.0, 0.0, 0.0, 0.0, 1.741808565311461E9, 0.0, 2025-03-12 14:42:45.311
14.0, 17969.327326932827, -27784.984145758648, -43004.823387244156, -28395.0526589218, -25158.654172260067, 6533.347849052889, -37720.96040498739, 14085.756431312137, 4285.9693510495845, -13585.658500869096, -34867.26848688942, -5559.2588256906065, -36723.4691051804, -19626.21743991583, -18224.003103256597, 7564.8138004319435, -0.13, 0.96, -0.166, 192.0, 0.0, 0.0, 0.0, 0.0, 0.0, 0.0, 0.0, 0.0, 0.0, 1.741808565311476E9, 0.0, 2025-03-12 14:42:45.311
16.0, 17894.225465562995, -27771.59545082992, -43007.058561689686, -28447.512203158403, -25158.385951326603, 6498.054444557959, -37718.211140419386, 14079.07325972, 4250.743001788021, -13602.154088277113, -34875.1810044266, -5564.042099004042, -36735.203771019434, -19637.929754010413, -18233.07791150545, 7547.088867078885, -0.13, 0.96, -0.166, 192.0, 0.0, 0.0, 0.0, 0.0, 0.0, 0.0, 0.0, 0.0, 0.0, 1.741808565369121E9, 0.0, 2025-03-12 14:42:45.369
18.0, 17952.340001146797, -27764.06291294848, -42987.679599246934, -28410.229493406954, -25142.426805785515, 6510.86199413085, -37705.11301816857, 14093.333672682485, 4262.2541501825035, -13597.706091130507, -34867.80492875635, -5578.682491622269, -36728.431192449476, -19632.364169641038, -18226.908830035787, 7556.0072131165525, -0.132, 0.962, -0.17, 192.0, 125.5, 112.0, 15.0, 8.0, 125.0, 88.0, 0.0, 0.0, 0.0, 1.74180856536917E9, 0.0, 2025-03-12 14:42:45.369
20.0, 17903.724956956503, -27769.96377348468, -42995.435654572924, -28435.218743707985, -25156.396646070083, 6502.681255660207, -37714.72426828436, 14081.844876032457, 4266.679795584654, -13604.165745278091, -34857.724292007006, -5555.123752966375, -36722.37386970209, -19630.307809151152, -18216.738786308622, 7558.108277095352, -0.132, 0.962, -0.17, 192.0, 0.0, 0.0, 0.0, 0.0, 0.0, 0.0, 0.0, 0.0, 0.0, 1.741808565369187E9, 0.0, 2025-03-12 14:42:45.369
22.0, 17945.254498154463, -27755.077511677446, -42982.94102942241, -28410.52006608487, -25145.153718609065, 6504.201174283168, -37710.27627113775, 14090.316187181019, 4271.03838575344, -13598.26488474189, -34865.43564384409, -5578.615436388903, -36724.98902380336, -19640.92488776742, -18225.9030015353, 7556.029564861008, -0.132, 0.962, -0.17, 192.0, 0.0, 0.0, 0.0, 0.0, 0.0, 0.0, 0.0, 0.0, 0.0, 1.741808565369202E9, 0.0, 2025-03-12 14:42:45.369
24.0, 17911.50336402695, -27729.10478462038, -42982.426939299934, -28415.415098120582, -25145.26547733134, 6500.289619003489, -37706.27530888025, 14091.79140231507, 4286.975179550073, -13581.724593844963, -34842.3239400773, -5537.756447524602, -36708.49343639534, -19623.624637559013, -18211.776699039543, 7563.718564953633, -0.132, 0.962, -0.17, 192.0, 0.0, 0.0, 0.0, 0.0, 0.0, 0.0, 0.0, 0.0, 0.0, 1.741808565369223E9, 0.0, 2025-03-12 14:42:45.369
26.0, 17940.9853149635, -27734.737424223116, -42986.98669516882, -28399.00891769039, -25144.371407553128, 6501.340150992889, -37704.46481757937, 14096.887600050879, 4304.1636710362045, -13572.269805940368, -34848.917704691616, -5551.547473853526, -36716.36125044361, -19618.68490203439, -18219.488050876625, 7565.618463232335, -0.132, 0.962, -0.17, 192.0, 0.0, 0.0, 0.0, 0.0, 0.0, 0.0, 0.0, 0.0, 0.0, 1.741808565369239E9, 0.0, 2025-03-12 14:42:45.369
28.0, 17911.68217798259, -27712.989176868105, -42989.713607992366, -28408.57546431726, -25146.673637232023, 6511.845470886883, -37700.933241955434, 14100.039196019077, 4300.855612856819, -13569.744058816917, -34852.4269285711, -5532.481435833149, -36720.250453978835, -19622.64116080298, -18223.28784743403, 7555.873102649821, -0.134, 0.96, -0.178, 192.0, 125.5, 104.0, 15.0, 0.0, 125.0, 56.0, 0.0, 0.0, 0.0, 1.741808565369254E9, 0.0, 2025-03-12 14:42:45.369
30.0, 17948.27198365593, -27701.94741510718, -42982.38223581103, -28398.986565945932, -25141.286866818296, 6489.359615964844, -37698.005163431786, 14108.1305275119, 4335.14318885126, -13559.864587767672, -34848.11304189122, -5543.344383638428, -36717.56824464419, -19606.9278844509, -18226.037112002028, 7583.11987914084, -0.134, 0.96, -0.178, 192.0, 0.0, 0.0, 0.0, 0.0, 0.0, 0.0, 0.0, 0.0, 0.0, 1.741808565429496E9, 0.0, 2025-03-12 14:42:45.429
32.0, 17932.15637590365, -27699.019336583537, -42990.495919048306, -28391.498731553405, -25154.764968724845, 6525.167110582246, -37711.86324499408, 14101.55911464204, 4338.160674352726, -13558.188206933524, -34835.12667836269, -5514.465929802172, -36712.87437830858, -19605.92205595041, -18222.438481144723, 7574.134477869807, -0.134, 0.96, -0.178, 192.0, 0.0, 0.0, 0.0, 0.0, 0.0, 0.0, 0.0, 0.0, 0.0, 1.741808565429521E9, 0.0, 2025-03-12 14:42:45.429
34.0, 17940.06889344083, -27687.75405737806, -42979.7447299653, -28405.1556474156, -25146.27130583183, 6496.892153846283, -37707.571710058655, 14103.906047809845, 4352.331680337391, -13551.370924874655, -34842.61451275522, -5539.991621970132, -36714.52840739828, -19616.337968866585, -18230.37335042636, 7574.469754036636, -0.134, 0.96, -0.178, 192.0, 0.0, 0.0, 0.0, 0.0, 0.0, 0.0, 0.0, 0.0, 0.0, 1.741808565429538E9, 0.0, 2025-03-12 14:42:45.429
36.0, 17948.60725982276, -27659.255583197544, -42971.20636358337, -28380.90400468159, -25139.342265050684, 6522.864880903349, -37700.97794544434, 14106.0294635331, 4358.4784100626, -13544.508939326875, -34820.28512004437, -5500.809013939978, -36698.77042755728, -19604.648006516458, -18216.22469618615, 7572.435745291204, -0.134, 0.96, -0.178, 192.0, 0.0, 0.0, 0.0, 0.0, 0.0, 0.0, 0.0, 0.0, 0.0, 1.741808565429553E9, 0.0, 2025-03-12 14:42:45.429
38.0, 17948.115521444743, -27666.13992048978, -42968.27828505973, -28398.472475823462, -25135.676578960014, 6483.503458917554, -37696.529948297735, 14105.157745499344, 4377.38798587179, -13532.10372115418, -34824.80017242434, -5522.087874661431, -36707.375849172575, -19617.41085260044, -18218.862202031876, 7577.464887793647, -0.132, 0.96, -0.176, 192.0, 125.5, 112.0, 15.0, 0.0, 125.0, 64.0, 0.0, 0.0, 0.0, 1.741808565429568E9, 0.0, 2025-03-12 14:42:45.429
40.0, 17966.98039376502, -27656.506318629545, -42965.70783444737, -28368.208213830974, -25136.391834782582, 6528.653982717274, -37700.91089021097, 14109.024597290112, 4374.43755560369, -13536.462311322966, -34812.059678084814, -5494.192897581208, -36698.74807581283, -19600.557637281137, -18214.861239774375, 7570.9158266682425, -0.132, 0.96, -0.176, 192.0, 0.0, 0.0, 0.0, 0.0, 0.0, 0.0, 0.0, 0.0, 0.0, 1.741808565429605E9, 0.0, 2025-03-12 14:42:45.429
42.0, 17939.9347829741, -27653.622943594808, -42968.45709901537, -28402.696955525513, -25138.291733061284, 6496.0874910458915, -37691.88078545103, 14106.744719355669, 4388.765023799542, -13526.940468185005, -34824.17432357959, -5520.299735105006, -36703.57605261517, -19606.056166417144, -18218.41516714277, 7585.399757075282, -0.132, 0.96, -0.176, 192.0, 0.0, 0.0, 0.0, 0.0, 0.0, 0.0, 0.0, 0.0, 0.0, 1.741808565429621E9, 0.0, 2025-03-12 14:42:45.429
44.0, 17967.539187376402, -27652.214783694126, -42966.6913112034, -28368.923469653546, -25138.336436550195, 6545.551901525486, -37698.22868087634, 14100.910914052834, 4375.242218404081, -13542.720799770452, -34816.66413744261, -5500.227868584141, -36709.767485829296, -19612.895800220467, -18212.827231028943, 7574.469754036636, -0.132, 0.96, -0.176, 192.0, 0.0, 0.0, 0.0, 0.0, 0.0, 0.0, 0.0, 0.0, 0.0, 1.741808565429636E9, 0.0, 2025-03-12 14:42:45.429
46.0, 17925.517907800426, -27648.1244144588, -42967.183049581414, -28414.945711487024, -25139.521079006325, 6489.829002598406, -37699.92741345494, 14094.563018627528, 4391.983675001106, -13537.91517471256, -34822.140314834156, -5518.176319381752, -36703.665459592994, -19621.948256724867, -18216.381158397337, 7577.084908137907, -0.132, 0.96, -0.176, 192.0, 0.0, 0.0, 0.0, 0.0, 0.0, 0.0, 0.0, 0.0, 0.0, 1.741808565489329E9, 0.0, 2025-03-12 14:42:45.489
48.0, 17971.02605951143, -27640.815394021916, -42965.88664840301, -28365.10132135169, -25133.68727370349, 6529.77156994004, -37702.207291389386, 14097.893428551368, 4395.358788413857, -13532.036665920814, -34809.28806177236, -5494.37171153685, -36697.98811650135, -19607.509029806737, -18212.111975206375, 7574.8497336923765, -0.134, 0.96, -0.168, 192.0, 125.5, 104.0, 15.0, 0.0, 125.0, 96.0, 0.0, 0.0, 0.0, 1.741808565489354E9, 0.0, 2025-03-12 14:42:45.489
50.0, 17930.36823634723, -27615.80379197643, -42955.962473864856, -28410.76593527388, -25126.06532884423, 6465.599711608853, -37693.1995383739, 14102.229666975698, 4407.495785653089, -13525.666418751052, -34818.34051827675, -5509.772063466557, -36698.88218627956, -19610.88414321949, -18222.125556722352, 7575.475582537125, -0.134, 0.96, -0.168, 192.0, 0.0, 0.0, 0.0, 0.0, 0.0, 0.0, 0.0, 0.0, 0.0, 1.741808565489371E9, 0.0, 2025-03-12 14:42:45.489
52.0, 17996.261179001474, -27623.962178702615, -42948.29582551668, -28350.773853155835, -25121.79614565327, 6514.237107543601, -37690.65143950599, 14112.64557989187, 4414.849509578885, -13511.450709277477, -34798.961555834, -5484.447536998694, -36682.31954363818, -19592.555712766138, -18205.875838503343, 7585.891495453298, -0.134, 0.96, -0.168, 192.0, 0.0, 0.0, 0.0, 0.0, 0.0, 0.0, 0.0, 0.0, 0.0, 1.741808565489406E9, 0.0, 2025-03-12 14:42:45.489
54.0, 17940.515928329936, -27619.067146666905, -42959.516401233246, -28405.267406137875, -25139.364616795137, 6477.401432681255, -37701.11205591107, 14095.79236457257, 4420.2139282481585, -13518.62561924763, -34810.71857341749, -5495.578705737437, -36696.043514733734, -19604.200971627353, -18216.671731075257, 7579.11891688334, -0.134, 0.96, -0.168, 192.0, 0.0, 0.0, 0.0, 0.0, 0.0, 0.0, 0.0, 0.0, 0.0, 1.741808565489422E9, 0.0, 2025-03-12 14:42:45.489
56.0, 18014.61196119928, -27612.585140774863, -42950.2404272843, -28344.582419941715, -25131.563857980236, 6525.368276282344, -37702.475512322846, 14098.340463440474, 4417.889346824807, -13508.701444709473, -34797.77691337787, -5488.135574833819, -36688.3098111522, -19595.9755296678, -18215.934123508232, 7584.103355896874, -0.134, 0.96, -0.168, 192.0, 0.0, 0.0, 0.0, 0.0, 0.0, 0.0, 0.0, 0.0, 0.0, 1.741808565489437E9, 0.0, 2025-03-12 14:42:45.489
58.0, 17975.36229793576, -27587.908814896207, -42947.625273183025, -28389.62118501916, -25133.150831836563, 6472.037014011981, -37704.88950072402, 14090.137373225376, 4433.312050498968, -13507.092119108693, -34795.34057323224, -5484.380481765328, -36686.186395428944, -19594.88029418949, -18217.409338642283, 7590.317140855449, -0.13, 0.9580000000000001, -0.178, 192.0, 125.5, 120.0, 14.5, 120.0, 125.0, 56.0, 0.0, 0.0, 0.0, 1.741808565489453E9, 0.0, 2025-03-12 14:42:45.489
60.0, 18056.34266809734, -27591.239224820045, -42944.67484291492, -28335.12763203712, -25135.11778534863, 6509.006799341059, -37708.28696588123, 14096.418213417319, 4443.236225037125, -13493.85988639115, -34781.95187830352, -5473.316368259951, -36673.8035290007, -19589.649985986947, -18208.289826904514, 7590.6971205111895, -0.13, 0.9580000000000001, -0.178, 192.0, 0.0, 0.0, 0.0, 0.0, 0.0, 0.0, 0.0, 0.0, 0.0, 1.74180856548947E9, 0.0, 2025-03-12 14:42:45.489
62.0, 17996.596455168303, -27595.396649288734, -42965.81959316965, -28389.174150130053, -25152.149814623575, 6482.922313561716, -37717.45118110791, 14083.588312099972, 4436.485998211622, -13505.281627807812, -34794.89353834314, -5474.7915833940015, -36688.77919778576, -19599.41769831392, -18209.586228082924, 7579.677710494722, -0.13, 0.9580000000000001, -0.178, 192.0, 0.0, 0.0, 0.0, 0.0, 0.0, 0.0, 0.0, 0.0, 0.0, 1.741808565550062E9, 0.0, 2025-03-12 14:42:45.550
64.0, 18071.452447349126, -27586.567710228886, -42943.06551731414, -28349.9915420999, -25123.852506143154, 6501.965999837637, -37694.22771861884, 14106.543553655572, 4447.460704739178, -13498.464345748944, -34791.29490748583, -5480.021891596543, -36685.04645646172, -19595.170866867407, -18199.930274478233, 7588.8195739769435, -0.13, 0.9580000000000001, -0.178, 192.0, 0.0, 0.0, 0.0, 0.0, 0.0, 0.0, 0.0, 0.0, 0.0, 1.741808565550111E9, 0.0, 2025-03-12 14:42:45.550
66.0, 18020.356359524296, -27585.69599219513, -42958.041186099195, -28399.85828397969, -25129.708663190446, 6482.207057739146, -37697.75929424278, 14102.207315231242, 4443.616204692866, -13502.733528939907, -34793.753599375916, -5469.069536813443, -36681.82780526016, -19588.666509230916, -18193.157695908274, 7591.702949011678, -0.13, 0.9580000000000001, -0.178, 192.0, 0.0, 0.0, 0.0, 0.0, 0.0, 0.0, 0.0, 0.0, 0.0, 1.741808565550127E9, 0.0, 2025-03-12 14:42:45.550
68.0, 18073.307642138916, -27599.866998179794, -42965.14904083598, -28370.108112109676, -25128.568724223223, 6509.923220863727, -37697.53577679823, 14105.56007689954, 4439.391724990813, -13503.448784762477, -34802.20255878002, -5486.727414933135, -36678.229174402855, -19591.527532521195, -18194.945835464696, 7596.8662019808535, -0.126, 0.9580000000000001, -0.166, 192.0, 126.0, 8.0, 14.5, 120.0, 125.0, 104.0, 0.0, 0.0, 0.0, 1.741808565550167E9, 0.0, 2025-03-12 14:42:45.550
70.0, 18016.22128680006, -27600.381088302267, -42978.515384020255, -28406.943786972024, -25142.896192419077, 6500.647246914774, -37708.24226239232, 14096.686434350782, 4428.238204507614, -13512.657703478064, -34812.99845135194, -5482.771156164546, -36693.182491443455, -19596.98135816829, -18202.299559390493, 7587.634931520812, -0.126, 0.9580000000000001, -0.166, 192.0, 0.0, 0.0, 0.0, 0.0, 0.0, 0.0, 0.0, 0.0, 0.0, 1.741808565550188E9, 0.0, 2025-03-12 14:42:45.550
72.0, 18055.940336697142, -27599.64348073524, -42970.6922734609, -28383.18388261603, -25133.01672136983, 6502.033055071003, -37701.290869866716, 14098.854553562947, 4428.461721952167, -13517.038645391303, -34821.22389331149, -5502.843022685412, -36694.6130030886, -19603.08338440459, -18207.865143759864, 7589.199553632683, -0.126, 0.9580000000000001, -0.166, 192.0, 0.0, 0.0, 0.0, 0.0, 0.0, 0.0, 0.0, 0.0, 0.0, 1.741808565550203E9, 0.0, 2025-03-12 14:42:45.550
74.0, 18015.126051321753, -27596.156608600213, -42972.659226972966, -28397.936033956536, -25132.815555669735, 6503.351807993867, -37696.46289306437, 14104.800117588058, 4428.171149274248, -13518.424453547534, -34813.08785832976, -5482.9499701201885, -36685.80641577321, -19598.36716632452, -18199.058556444474, 7589.780698988521, -0.126, 0.9580000000000001, -0.166, 192.0, 0.0, 0.0, 0.0, 0.0, 0.0, 0.0, 0.0, 0.0, 0.0, 1.741808565550223E9, 0.0, 2025-03-12 14:42:45.550
76.0, 18045.747941225523, -27596.55894000041, -42963.65147395748, -28387.52012104036, -25125.797107910766, 6497.450947457665, -37691.45610230638, 14110.36570195743, 4433.982602832628, -13516.524555268832, -34820.55334097783, -5506.419301798261, -36686.968706484884, -19604.893875705468, -18204.51238209157, 7595.346283357893, -0.125, 0.9590000000000001, -0.166, 192.0, 126.0, 16.0, 15.0, 0.0, 125.0, 104.0, 0.0, 0.0, 0.0, 1.741808565609734E9, 0.0, 2025-03-12 14:42:45.609
78.0, 18024.960818882086, -27600.381088302267, -42974.02268338474, -28386.022554161857, -25134.9836748819, 6511.9348778647045, -37694.920622696955, 14109.873963579414, 4435.144893544304, -13512.590648244697, -34804.862416370204, -5476.155039805775, -36686.74518904033, -19589.717041220312, -18191.682480774223, 7604.041111951007, -0.125, 0.9590000000000001, -0.166, 192.0, 0.0, 0.0, 0.0, 0.0, 0.0, 0.0, 0.0, 0.0, 0.0, 1.741808565609762E9, 0.0, 2025-03-12 14:42:45.609
80.0, 18044.63035400276, -27595.575463244375, -42969.66409321596, -28391.543435042317, -25133.419052770027, 6490.879534587805, -37697.11109365358, 14104.666007121326, 4437.06714356746, -13513.19414534499, -34820.75450667793, -5505.972266909154, -36694.97063099988, -19604.93857919438, -18203.148925679794, 7595.16746940225, -0.125, 0.9590000000000001, -0.166, 192.0, 0.0, 0.0, 0.0, 0.0, 0.0, 0.0, 0.0, 0.0, 0.0, 1.741808565609778E9, 0.0, 2025-03-12 14:42:45.609
82.0, 18035.9578771541, -27596.290719066947, -42975.14027060751, -28382.08864713772, -25142.49386101888, 6523.803654170472, -37706.99056470282, 14097.580504128993, 4434.988431333117, -13518.491508780899, -34804.12480880318, -5471.617635681348, -36690.947316997925, -19595.72966047879, -18189.290844117506, 7584.863315208354, -0.125, 0.9590000000000001, -0.166, 192.0, 0.0, 0.0, 0.0, 0.0, 0.0, 0.0, 0.0, 0.0, 0.0, 1.741808565609793E9, 0.0, 2025-03-12 14:42:45.609
84.0, 18042.99867665752, -27580.08570433685, -42956.90124713197, -28398.785400245837, -25128.076985845208, 6479.61425538233, -37695.39000933051, 14106.990588544679, 4445.538454716022, -13511.026026132826, -34814.60777695272, -5500.2055168396855, -36693.5624710992, -19606.704367006347, -18204.55708558048, 7585.109184397363, -0.125, 0.9590000000000001, -0.166, 192.0, 0.0, 0.0, 0.0, 0.0, 0.0, 0.0, 0.0, 0.0, 0.0, 1.741808565609832E9, 0.0, 2025-03-12 14:42:45.609
86.0, 18051.00060117252, -27587.864111407296, -42964.612598969055, -28370.8457196767, -25137.442366771982, 6518.171014567735, -37705.761218757776, 14099.972140785712, 4452.623957708354, -13506.242752819391, -34787.98684930645, -5460.039432053499, -36671.99303769982, -19589.78409645368, -18186.89920746079, 7589.020739677041, -0.1255, 0.9585000000000001, -0.167, 192.0, 126.0, 8.0, 14.5, 120.0, 125.0, 96.0, 0.0, 0.0, 0.0, 1.741808565609847E9, 0.0, 2025-03-12 14:42:45.609
88.0, 18046.843176703835, -27580.845663648328, -42958.242351799294, -28397.220778133964, -25129.932180634998, 6481.223580983113, -37695.79234073071, 14105.135393754888, 4454.009765864583, -13504.365206285145, -34804.05775356982, -5490.974246379644, -36692.93662225445, -19599.998843669753, -18195.12464942034, 7595.659207780267, -0.1255, 0.9585000000000001, -0.167, 192.0, 0.0, 0.0, 0.0, 0.0, 0.0, 0.0, 0.0, 0.0, 0.0, 1.741808565609863E9, 0.0, 2025-03-12 14:42:45.609
90.0, 18056.365019841793, -27587.618242218286, -42966.4901455033, -28362.575574228238, -25138.7834714393, 6530.91150890726, -37702.16258790047, 14102.40848093134, 4445.3372890159235, -13511.607171488664, -34792.50190168642, -5462.028737310021, -36687.70631405191, -19586.096058618554, -18182.942948692198, 7595.390986846804, -0.1255, 0.9585000000000001, -0.167, 192.0, 0.0, 0.0, 0.0, 0.0, 0.0, 0.0, 0.0, 0.0, 0.0, 1.741808565609883E9, 0.0, 2025-03-12 14:42:45.609
92.0, 18029.587629984337, -27578.051695591414, -42960.16460182245, -28409.894217240122, -25132.12265159162, 6472.171124478713, -37697.60283203159, 14105.425966432807, 4451.282853041035, -13506.890953408594, -34809.466875728, -5493.61175222537, -36694.8141687887, -19596.087288390077, -18191.324852862937, 7594.273399624039, -0.1255, 0.9585000000000001, -0.167, 192.0, 0.0, 0.0, 0.0, 0.0, 0.0, 0.0, 0.0, 0.0, 0.0, 1.741808565670109E9, 0.0, 2025-03-12 14:42:45.670
94.0, 18063.316412367396, -27582.633803204753, -42966.4901455033, -28371.337458054717, -25129.283980045795, 6512.71718892064, -37696.239375619814, 14103.995454787668, 4452.646309452809, -13505.192220829991, -34790.93727957455, -5467.840190868401, -36682.05132270471, -19585.20198884034, -18179.50078004608, 7589.870105966343, -0.1255, 0.9585000000000001, -0.167, 192.0, 0.0, 0.0, 0.0, 0.0, 0.0, 0.0, 0.0, 0.0, 0.0, 1.741808565670133E9, 0.0, 2025-03-12 14:42:45.670
96.0, 18006.252408772994, -27586.612413717798, -42979.63297124302, -28423.260560424398, -25137.799994683268, 6471.23235121159, -37703.101361167595, 14092.752527326647, 4440.397553491301, -13519.63144774812, -34822.18501832307, -5502.440691285216, -36708.7616573288, -19605.027986172197, -18203.32773963544, 7573.9109604252535, -0.12575, 0.9572500000000002, -0.1665, 192.0, 126.0, 8.0, 14.5, 112.0, 125.0, 104.0, 0.0, 0.0, 0.0, 1.741808565670168E9, 0.0, 2025-03-12 14:42:45.670
98.0, 18049.078351149365, -27597.274195822978, -42979.007122398274, -28379.317030825263, -25138.02351212782, 6524.250689059579, -37705.336535613125, 14090.65146334785, 4431.680373153731, -13526.113453640159, -34814.76423916391, -5484.112260831865, -36697.3622676566, -19602.25636985974, -18201.159620423274, 7570.178219101217, -0.12575, 0.9572500000000002, -0.1665, 192.0, 0.0, 0.0, 0.0, 0.0, 0.0, 0.0, 0.0, 0.0, 0.0, 1.741808565670184E9, 0.0, 2025-03-12 14:42:45.670
100.0, 17996.75291737949, -27589.18286433016, -42968.680616459926, -28431.24013319494, -25133.329645792204, 6463.94568251916, -37695.211195374875, 14098.832201818492, 4436.329536000435, -13524.794700717295, -34819.59221596625, -5500.987827895621, -36710.818017818696, -19608.671320518413, -18208.69215830471, 7576.816687204443, -0.12575, 0.9572500000000002, -0.1665, 192.0, 0.0, 0.0, 0.0, 0.0, 0.0, 0.0, 0.0, 0.0, 0.0, 1.7418085656702E9, 0.0, 2025-03-12 14:42:45.670
102.0, 18051.42528431717, -27595.441352777645, -42969.52998274923, -28375.360772056672, -25129.26162830134, 6517.656924445263, -37694.853567463586, 14106.543553655572, 4443.549149459499, -13516.368093057645, -34801.77787563537, -5478.971359607143, -36696.87052927858, -19591.996919154753, -18189.201437139684, 7587.053786164974, -0.12575, 0.9572500000000002, -0.1665, 192.0, 0.0, 0.0, 0.0, 0.0, 0.0, 0.0, 0.0, 0.0, 0.0, 1.741808565670215E9, 0.0, 2025-03-12 14:42:45.670
104.0, 18007.03471982893, -27582.767913671487, -42962.06450010115, -28420.62305457867, -25121.237352041884, 6467.007871509537, -37682.56010801317, 14111.013902546634, 4447.147780316804, -13514.423491290032, -34810.60681469522, -5493.678807458736, -36698.59161360164, -19596.51197153473, -18194.07411743094, 7588.372539087837, -0.12575, 0.9572500000000002, -0.1665, 192.0, 0.0, 0.0, 0.0, 0.0, 0.0, 0.0, 0.0, 0.0, 0.0, 1.74180856567023E9, 0.0, 2025-03-12 14:42:45.670
106.0, 18054.57688028537, -27609.545303528943, -42966.17722108093, -28365.32483879624, -25123.271360787316, 6520.0932645908915, -37692.327820340135, 14110.924495568812, 4440.621070935854, -13513.48471802291, -34803.23073902497, -5479.8430776409, -36690.612040831096, -19588.912378419922, -18185.871027215842, 7591.322969355938, -0.12687500000000002, 0.9556250000000002, -0.16925, 192.0, 126.0, 0.0, 14.5, 104.0, 125.0, 80.0, 0.0, 0.0, 0.0, 1.741808565730419E9, 0.0, 2025-03-12 14:42:45.730
108.0, 17987.87927483073, -27593.876730665772, -42966.80306992568, -28429.027310493864, -25122.287884031284, 6464.571531363908, -37688.70683773838, 14107.683492622793, 4430.942765586707, -13532.640163021108, -34819.88278864417, -5494.975208637144, -36704.246604948836, -19602.21166637083, -18196.89043723231, 7576.682576737711, -0.12687500000000002, 0.9556250000000002, -0.16925, 192.0, 0.0, 0.0, 0.0, 0.0, 0.0, 0.0, 0.0, 0.0, 0.0, 1.741808565730447E9, 0.0, 2025-03-12 14:42:45.730
110.0, 18041.52346152347, -27602.303338325422, -42970.11112810506, -28373.974963900444, -25126.02062535532, 6515.824081399927, -37695.72528549734, 14113.472594436716, 4433.513216199067, -13521.240773348902, -34812.37260250719, -5489.275513801041, -36700.62562234708, -19594.522666278204, -18189.26849237305, 7584.639797763801, -0.12687500000000002, 0.9556250000000002, -0.16925, 192.0, 0.0, 0.0, 0.0, 0.0, 0.0, 0.0, 0.0, 0.0, 0.0, 1.741808565730463E9, 0.0, 2025-03-12 14:42:45.730
112.0, 17985.711155618566, -27591.529797497966, -42968.90413390448, -28418.253769666408, -25130.535677735294, 6488.443194442177, -37694.11595989656, 14112.042082791577, 4431.1886347757145, -13524.280610594824, -34816.060640342315, -5488.0014643670875, -36706.63824160555, -19594.276797089195, -18201.584303567925, 7583.924541941231, -0.12687500000000002, 0.9556250000000002, -0.16925, 192.0, 0.0, 0.0, 0.0, 0.0, 0.0, 0.0, 0.0, 0.0, 0.0, 1.7418085657305E9, 0.0, 2025-03-12 14:42:45.730
114.0, 18042.79751095742, -27592.759143443007, -42964.344378035596, -28375.740751712412, -25120.030357841297, 6521.635534958307, -37687.5445470267, 14118.926420083812, 4435.703687155687, -13522.268953593846, -34811.433829240064, -5491.3989295242945, -36705.07361949368, -19595.193218611865, -18198.23154189963, 7586.092661153396, -0.12687500000000002, 0.9556250000000002, -0.16925, 192.0, 0.0, 0.0, 0.0, 0.0, 0.0, 0.0, 0.0, 0.0, 0.0, 1.741808565730516E9, 0.0, 2025-03-12 14:42:45.730
116.0, 17982.336042205818, -27590.255748064013, -42972.41335778396, -28417.33734814374, -25130.803898668757, 6493.449985200165, -37698.340439598614, 14106.968236800223, 4440.844588380407, -13519.25146809238, -34807.07523907128, -5479.105470073876, -36697.47402637888, -19594.813238956125, -18197.98567271062, 7586.182068131217, -0.1254375, 0.9568125000000001, -0.17062500000000003, 192.0, 126.0, 16.0, 14.5, 120.0, 125.0, 80.0, 0.0, 0.0, 0.0, 1.741808565730535E9, 0.0, 2025-03-12 14:42:45.730
118.0, 18029.81114742889, -27592.110942853804, -42972.05572987267, -28382.96036517148, -25129.842773657176, 6508.023322585025, -37701.26851812226, 14109.27046647912, 4442.945652359206, -13518.446805291987, -34810.94209086205, -5492.784737680524, -36701.38558165856, -19596.86959944601, -18207.395757126305, 7585.220943119639, -0.1254375, 0.9568125000000001, -0.17062500000000003, 192.0, 0.0, 0.0, 0.0, 0.0, 0.0, 0.0, 0.0, 0.0, 0.0, 1.741808565730556E9, 0.0, 2025-03-12 14:42:45.730
120.0, 17976.12225724724, -27603.51033252601, -42989.46773880336, -28424.06522322479, -25145.77956745381, 6503.485918460598, -37712.93612872793, 14086.337576667975, 4434.094361554904, -13530.606154275674, -34820.866265400204, -5482.36882476435, -36721.18922724596, -19608.917189707423, -18220.18095495474, 7561.215169574639, -0.1254375, 0.9568125000000001, -0.17062500000000003, 192.0, 0.0, 0.0, 0.0, 0.0, 0.0, 0.0, 0.0, 0.0, 0.0, 1.741808565730571E9, 0.0, 2025-03-12 14:42:45.730
122.0, 18022.926810136654, -27607.22072210559, -42971.966322894856, -28401.221740391466, -25130.289808546284, 6492.645322399774, -37702.117884411564, 14097.915780295823, 4435.994259833606, -13530.650857764585, -34819.480457243975, -5505.055845386487, -36714.03666902026, -19610.615922286026, -18219.5998095989, 7572.011062146553, -0.1254375, 0.9568125000000001, -0.17062500000000003, 192.0, 0.0, 0.0, 0.0, 0.0, 0.0, 0.0, 0.0, 0.0, 0.0, 1.741808565790735E9, 0.0, 2025-03-12 14:42:45.790
124.0, 17982.827780583833, -27606.08078313837, -42984.28213408973, -28416.53268534335, -25146.561878509747, 6495.7969183679725, -37711.639727549526, 14088.371585413408, 4425.466588195156, -13535.992924689404, -34811.81380889581, -5486.481545744127, -36712.85202656413, -19608.87248621851, -18218.571629353955, 7561.63985271929, -0.1254375, 0.9568125000000001, -0.17062500000000003, 192.0, 0.0, 0.0, 0.0, 0.0, 0.0, 0.0, 0.0, 0.0, 0.0, 1.741808565790787E9, 0.0, 2025-03-12 14:42:45.790
126.0, 18023.552658981404, -27607.6677569947, -42973.21802058435, -28401.087629924732, -25138.314084805737, 6479.927179804705, -37704.643631535015, 14099.41334717433, 4428.3723149743455, -13533.936564199515, -34818.34051827675, -5507.291019832018, -36711.33210794117, -19613.186372898384, -18225.5006701351, 7567.272492322028, -0.12671875, 0.95840625, -0.17131250000000003, 192.0, 126.0, 0.0, 15.0, 0.0, 125.0, 80.0, 0.0, 0.0, 0.0, 1.741808565790803E9, 0.0, 2025-03-12 14:42:45.790
128.0, 17996.50704819048, -27614.641501264752, -42981.644628244, -28401.62407179166, -25145.17607035352, 6492.466508444132, -37705.98473620233, 14098.78749832958, 4420.593907903899, -13533.757750243873, -34807.18699779356, -5477.362034006362, -36705.47595089387, -19603.26219836023, -18211.75434729509, 7568.993576645086, -0.12671875, 0.95840625, -0.17131250000000003, 192.0, 0.0, 0.0, 0.0, 0.0, 0.0, 0.0, 0.0, 0.0, 0.0, 1.741808565790842E9, 0.0, 2025-03-12 14:42:45.790
130.0, 18002.832591871334, -27621.65994902372, -42977.196631097395, -28401.66877528057, -25138.15762259455, 6472.3275866899, -37699.815654732665, 14106.767071100125, 4424.058428294472, -13535.992924689404, -34820.0168991109, -5506.799281454001, -36712.919081797496, -19603.843343716067, -18220.516231121568, 7575.408527303759, -0.12671875, 0.95840625, -0.17131250000000003, 192.0, 0.0, 0.0, 0.0, 0.0, 0.0, 0.0, 0.0, 0.0, 0.0, 1.741808565790857E9, 0.0, 2025-03-12 14:42:45.790
132.0, 17999.502181947493, -27608.65123375073, -42973.68740721791, -28393.890368210123, -25141.912715663042, 6497.518002691031, -37697.155797142485, 14105.98476004419, 4418.4481404361895, -13536.305849111779, -34806.13646580416, -5480.871257885845, -36709.27574745128, -19599.21653261382, -18205.875838503343, 7571.11699236834, -0.12671875, 0.95840625, -0.17131250000000003, 192.0, 0.0, 0.0, 0.0, 0.0, 0.0, 0.0, 0.0, 0.0, 0.0, 1.741808565790872E9, 0.0, 2025-03-12 14:42:45.790
134.0, 17999.43512671413, -27609.567655273397, -42976.280209574725, -28407.502580583405, -25146.383064554106, 6474.652168113252, -37703.68250652344, 14104.576600143506, 4431.322745242446, -13530.986133931416, -34810.65151818413, -5503.267705830062, -36715.02014577629, -19605.07268966111, -18214.905943263286, 7576.839038948899, -0.12671875, 0.95840625, -0.17131250000000003, 192.0, 0.0, 0.0, 0.0, 0.0, 0.0, 0.0, 0.0, 0.0, 0.0, 1.741808565790892E9, 0.0, 2025-03-12 14:42:45.790
136.0, 17990.18150450963, -27609.299434339933, -42977.73307296432, -28399.366545601675, -25146.137195365096, 6510.14673830828, -37706.677640280446, 14098.36281518493, 4416.078855523927, -13545.403009105088, -34808.79632339434, -5483.665225942758, -36713.88020680907, -19605.206800127842, -18216.4482136307, 7560.54461724098, -0.129359375, 0.958203125, -0.17265625, 192.0, 125.5, 112.0, 14.5, 120.0, 125.0, 72.0, 0.0, 0.0, 0.0, 1.741808565850707E9, 0.0, 2025-03-12 14:42:45.850
138.0, 17986.828742841335, -27599.866998179794, -42966.579552481126, -28418.8572667667, -25131.49680274687, 6463.476295885599, -37691.97019242885, 14110.052777535055, 4441.381030247335, -13532.908383954571, -34810.07037282829, -5507.447482043205, -36702.413761903495, -19601.004672170242, -18212.782527540032, 7570.289977823494, -0.129359375, 0.958203125, -0.17265625, 192.0, 0.0, 0.0, 0.0, 0.0, 0.0, 0.0, 0.0, 0.0, 0.0, 1.741808565850759E9, 0.0, 2025-03-12 14:42:45.850
140.0, 18007.504106462493, -27607.198370361137, -42972.01102638376, -28380.456969792485, -25134.06725335923, 6510.750235408573, -37697.69223900941, 14106.878829822403, 4439.190559290714, -13533.690695010508, -34796.32404998828, -5474.1433828047975, -36690.27676466427, -19593.360375566528, -18197.158658165772, 7563.942082398186, -0.129359375, 0.958203125, -0.17265625, 192.0, 0.0, 0.0, 0.0, 0.0, 0.0, 0.0, 0.0, 0.0, 0.0, 1.741808565850794E9, 0.0, 2025-03-12 14:42:45.850
142.0, 17968.679126343624, -27616.004957676527, -42981.48816603282, -28418.030252221855, -25138.984637139398, 6463.856275541339, -37702.609622789576, 14100.21800997472, 4430.674544653242, -13539.926831713537, -34823.28025380138, -5512.096644889909, -36706.347668927636, -19610.481811819292, -18211.55318159499, 7560.835189918899, -0.129359375, 0.958203125, -0.17265625, 192.0, 0.0, 0.0, 0.0, 0.0, 0.0, 0.0, 0.0, 0.0, 0.0, 1.741808565850813E9, 0.0, 2025-03-12 14:42:45.850
144.0, 17992.03669929942, -27634.601609063342, -42987.88076494703, -28380.926356426044, -25145.667808731534, 6522.395494269788, -37710.96917521586, 14098.474573907206, 4413.597811889388, -13551.974421974948, -34822.58734972326, -5501.1442901068085, -36715.757753343314, -19617.299093878162, -18210.659111816778, 7558.7117741956445, -0.129359375, 0.958203125, -0.17265625, 192.0, 0.0, 0.0, 0.0, 0.0, 0.0, 0.0, 0.0, 0.0, 0.0, 1.741808565850829E9, 0.0, 2025-03-12 14:42:45.850
146.0, 17949.143701689685, -27627.56080955992, -42976.92841016393, -28431.262484939398, -25142.73973020789, 6465.3761941643, -37706.588233302624, 14096.775841328603, 4419.453968936678, -13554.947203987504, -34838.61355049772, -5522.579613039447, -36718.574073144686, -19611.50999206424, -18217.94578050921, 7562.198646330673, -0.1286796875, 0.9581015625, -0.171328125, 192.0, 126.0, 0.0, 14.5, 120.0, 125.0, 88.0, 0.0, 0.0, 0.0, 1.741808565850843E9, 0.0, 2025-03-12 14:42:45.850
148.0, 17995.389460967715, -27628.588989804866, -42972.92744790643, -28379.60760350318, -25143.79026219729, 6508.71622666314, -37711.68443103843, 14094.428908160795, 4411.340285699402, -13558.769352289362, -34824.35313753523, -5502.2618773295735, -36709.99100327385, -19611.375881597505, -18209.51917284956, 7552.92267238172, -0.1286796875, 0.9581015625, -0.171328125, 192.0, 0.0, 0.0, 0.0, 0.0, 0.0, 0.0, 0.0, 0.0, 0.0, 1.741808565850859E9, 0.0, 2025-03-12 14:42:45.850
150.0, 17943.9357452316, -27615.960254187616, -42973.620351984544, -28432.58123786226, -25146.852451187668, 6447.986536978071, -37714.45604735089, 14085.756431312137, 4422.82908234943, -13556.176549932547, -34827.862361414715, -5517.103435647898, -36715.02014577629, -19619.48956483478, -18224.785414312533, 7545.613651944835, -0.1286796875, 0.9581015625, -0.171328125, 192.0, 0.0, 0.0, 0.0, 0.0, 0.0, 0.0, 0.0, 0.0, 0.0, 1.741808565850879E9, 0.0, 2025-03-12 14:42:45.850
152.0, 18002.56437093787, -27619.60358853383, -42971.56399149466, -28381.261632592876, -25142.91854416353, 6498.993217825082, -37715.79715201821, 14093.22191396021, 4423.142006771804, -13548.35343937319, -34812.618471696194, -5499.937295906222, -36699.39627640203, -19610.70532926385, -18223.46666138967, 7541.478579220603, -0.1286796875, 0.9581015625, -0.171328125, 192.0, 0.0, 0.0, 0.0, 0.0, 0.0, 0.0, 0.0, 0.0, 0.0, 1.741808565909973E9, 0.0, 2025-03-12 14:42:45.909
154.0, 17942.237012652997, -27614.641501264752, -42971.29577056119, -28435.15168847462, -25146.27130583183, 6450.042897467959, -37714.7019165399, 14086.829315045992, 4427.299431240491, -13549.471026595955, -34822.22972181198, -5512.56603152347, -36710.50509339632, -19613.45459383185, -18230.395702170816, 7540.137474553285, -0.1286796875, 0.9581015625, -0.171328125, 192.0, 0.0, 0.0, 0.0, 0.0, 0.0, 0.0, 0.0, 0.0, 0.0, 1.741808565910009E9, 0.0, 2025-03-12 14:42:45.910
156.0, 17995.612978412268, -27615.51321929851, -42964.27732280223, -28379.51819652536, -25134.089605103687, 6488.420842697721, -37700.866186722065, 14100.195658230265, 4423.812559105463, -13545.894747483106, -34812.350250762735, -5505.055845386487, -36706.66059335001, -19620.808317757645, -18222.259667189082, 7544.272547277516, -0.12833984375000002, 0.95505078125, -0.1716640625, 192.0, 126.0, 0.0, 14.5, 96.0, 125.0, 80.0, 0.0, 0.0, 0.0, 1.741808565910051E9, 0.0, 2025-03-12 14:42:45.910
158.0, 17936.962000961543, -27608.60653026182, -42967.67478795943, -28424.847534280725, -25135.944799893477, 6446.9583567331265, -37697.580480287135, 14102.27437046461, 4429.959288830672, -13540.955011958482, -34814.65248044163, -5504.295886075007, -36706.88411079456, -19607.531381551194, -18217.65520783129, 7559.538788740491, -0.12833984375000002, 0.95505078125, -0.1716640625, 192.0, 0.0, 0.0, 0.0, 0.0, 0.0, 0.0, 0.0, 0.0, 0.0, 1.741808565910068E9, 0.0, 2025-03-12 14:42:45.910
160.0, 17986.806391096878, -27614.552094286933, -42968.948837393385, -28372.387990044117, -25133.843735914677, 6490.007816554048, -37698.40749483198, 14108.197582745264, 4422.672620138243, -13542.564337559264, -34813.64665194114, -5501.7924906960125, -36715.2660149653, -19607.285512362185, -18215.956475252686, 7558.108277095352, -0.12833984375000002, 0.95505078125, -0.1716640625, 192.0, 0.0, 0.0, 0.0, 0.0, 0.0, 0.0, 0.0, 0.0, 0.0, 1.74180856591009E9, 0.0, 2025-03-12 14:42:45.910
162.0, 17932.7822247484, -27613.725079742086, -42969.284113560214, -28418.879618511157, -25141.35392205166, 6457.061345226925, -37699.83800647712, 14101.760280342136, 4428.349963229891, -13540.507977069376, -34813.93722461906, -5492.382406280328, -36711.24270096335, -19609.744204252267, -18214.101280462895, 7558.845884662376, -0.12833984375000002, 0.95505078125, -0.1716640625, 192.0, 0.0, 0.0, 0.0, 0.0, 0.0, 0.0, 0.0, 0.0, 0.0, 1.741808565910105E9, 0.0, 2025-03-12 14:42:45.910
164.0, 17979.966757293554, -27620.028271678482, -42967.58538098161, -28379.942879670012, -25138.135270850096, 6490.365444465333, -37704.68833502392, 14102.900219309357, 4430.965117331161, -13538.451616579488, -34811.925567618084, -5496.763348193568, -36706.43707590545, -19616.02504444421, -18216.89524851981, 7549.033468846496, -0.12833984375000002, 0.95505078125, -0.1716640625, 192.0, 0.0, 0.0, 0.0, 0.0, 0.0, 0.0, 0.0, 0.0, 0.0, 1.74180856591012E9, 0.0, 2025-03-12 14:42:45.910
166.0, 17936.090282927787, -27603.018594147994, -42959.382290766516, -28413.33638588624, -25136.54829699377, 6467.119630231814, -37698.072218665155, 14102.922571053812, 4435.726038900142, -13538.496320068398, -34808.148122805134, -5483.2405427981075, -36706.52648288327, -19619.891896234978, -18215.8000130415, 7555.850750905365, -0.129169921875, 0.956525390625, -0.17283203125000002, 192.0, 125.5, 120.0, 14.5, 120.0, 125.0, 72.0, 0.0, 0.0, 0.0, 1.741808565971532E9, 0.0, 2025-03-12 14:42:45.971
168.0, 17979.117391004253, -27616.988434432562, -42964.03145361322, -28379.875824436647, -25142.225640085417, 6496.780395124006, -37709.51631182627, 14101.402652430852, 4436.240129022614, -13542.67609628154, -34808.68456467206, -5491.175412079741, -36712.9637852864, -19617.567314811626, -18219.264533432073, 7552.430934003703, -0.129169921875, 0.956525390625, -0.17283203125000002, 192.0, 0.0, 0.0, 0.0, 0.0, 0.0, 0.0, 0.0, 0.0, 0.0, 1.741808565971552E9, 0.0, 2025-03-12 14:42:45.971
170.0, 17936.91729747263, -27602.28098658097, -42961.952741378875, -28412.934054486046, -25136.391834782582, 6474.115726246325, -37701.02264893325, 14102.587294886982, 4441.73865815862, -13538.004581690382, -34803.65542216962, -5478.412565995761, -36707.33114568367, -19613.96868395432, -18217.677559575746, 7552.766210170533, -0.129169921875, 0.956525390625, -0.17283203125000002, 192.0, 0.0, 0.0, 0.0, 0.0, 0.0, 0.0, 0.0, 0.0, 0.0, 1.741808565971567E9, 0.0, 2025-03-12 14:42:45.971
172.0, 17970.98135602252, -27608.85239945083, -42960.9916163673, -28393.19746413201, -25130.289808546284, 6478.6531303707525, -37700.84383497761, 14100.21800997472, 4445.940786116217, -13535.121206655647, -34809.2657100279, -5495.779871437535, -36710.43803816295, -19612.649931031458, -18221.946742766708, 7552.050954347963, -0.129169921875, 0.956525390625, -0.17283203125000002, 192.0, 0.0, 0.0, 0.0, 0.0, 0.0, 0.0, 0.0, 0.0, 0.0, 1.741808565971592E9, 0.0, 2025-03-12 14:42:45.971
174.0, 17927.9318962016, -27604.627919748775, -42967.58538098161, -28408.731926528446, -25141.10805286265, 6488.398490953266, -37706.40941934698, 14094.875943049901, 4437.558881945477, -13536.73053225643, -34802.359020991214, -5466.812010623456, -36709.11928524009, -19609.92301820791, -18220.60563809939, 7545.881872878298, -0.129169921875, 0.956525390625, -0.17283203125000002, 192.0, 0.0, 0.0, 0.0, 0.0, 0.0, 0.0, 0.0, 0.0, 0.0, 1.741808565971608E9, 0.0, 2025-03-12 14:42:45.971
176.0, 17955.625707581727, -27608.427716306178, -42964.545543735694, -28395.9020252111, -25136.883573160598, 6480.933008305194, -37702.58727104512, 14097.759318084636, 4442.610376192377, -13532.863680465662, -34812.149085062636, -5492.494165002605, -36708.69460209544, -19607.240808873274, -18234.307257450495, 7546.083038578397, -0.1305849609375, 0.9612626953125, -0.17141601562500003, 192.0, 125.5, 112.0, 15.0, 24.0, 125.0, 88.0, 0.0, 0.0, 0.0, 1.741808565971622E9, 0.0, 2025-03-12 14:42:45.971
178.0, 17938.146643417676, -27599.352908057324, -42966.11016584756, -28400.975871202456, -25138.82817492821, 6492.757081122051, -37704.911852468475, 14089.757393569636, 4437.692992412209, -13537.244622378901, -34801.17437853508, -5473.048147326487, -36709.02987826227, -19603.88804720498, -18234.41901617277, 7536.203567529151, -0.1305849609375, 0.9612626953125, -0.17141601562500003, 192.0, 0.0, 0.0, 0.0, 0.0, 0.0, 0.0, 0.0, 0.0, 0.0, 1.741808565971642E9, 0.0, 2025-03-12 14:42:45.971
180.0, 17964.07466698583, -27599.352908057324, -42952.05091858518, -28395.186769388532, -25128.233448056395, 6465.197380208658, -37696.30643085318, 14101.425004175308, 4457.094306599415, -13526.96281992946, -34798.961555834, -5491.80126092449, -36703.2631281928, -19599.708270991836, -18230.060426003984, 7550.6651461917345, -0.1305849609375, 0.9612626953125, -0.17141601562500003, 192.0, 0.0, 0.0, 0.0, 0.0, 0.0, 0.0, 0.0, 0.0, 0.0, 1.741808565971657E9, 0.0, 2025-03-12 14:42:45.971
182.0, 17943.89104174269, -27606.684280238664, -42958.175296565925, -28384.122655883155, -25134.335474292693, 6492.086528788392, -37701.89436696701, 14089.690338336271, 4440.554015702488, -13536.48466306742, -34791.92075633058, -5462.676937899225, -36706.50413113882, -19599.41769831392, -18223.913696278774, 7546.887701378787, -0.1305849609375, 0.9612626953125, -0.17141601562500003, 192.0, 0.0, 0.0, 0.0, 0.0, 0.0, 0.0, 0.0, 0.0, 0.0, 1.741808566030436E9, 0.0, 2025-03-12 14:42:46.030
184.0, 17943.779283020413, -27606.37135581629, -42954.464906986344, -28397.220778133964, -25130.960360879944, 6461.598749351353, -37702.72138151185, 14091.254960448143, 4453.585082719932, -13531.075540909236, -34804.862416370204, -5490.415452768261, -36705.07361949368, -19605.229151872296, -18230.64157135982, 7548.832303146399, -0.1305849609375, 0.9612626953125, -0.17141601562500003, 192.0, 0.0, 0.0, 0.0, 0.0, 0.0, 0.0, 0.0, 0.0, 0.0, 1.741808566030461E9, 0.0, 2025-03-12 14:42:46.030
186.0, 17950.283640656908, -27604.292643581946, -42951.179200551414, -28371.42686503254, -25130.870953902122, 6496.154546279257, -37705.91768096897, 14094.0265767606, 4444.845550637907, -13535.501186311387, -34792.568956919786, -5465.806182122968, -36695.55177635572, -19605.45266931685, -18221.343245666416, 7537.455265218648, -0.13029248046875, 0.9636313476562499, -0.1717080078125, 192.0, 125.5, 120.0, 15.0, 24.0, 125.0, 80.0, 0.0, 0.0, 0.0, 1.741808566030476E9, 0.0, 2025-03-12 14:42:46.030
188.0, 17939.040713195885, -27599.6658324797, -42948.42993598341, -28391.00699317539, -25136.280076060306, 6464.66093834173, -37709.13633217053, 14096.574675628504, 4458.301300800002, -13524.81705246175, -34797.35223023322, -5488.627313211837, -36695.75294205582, -19595.349680823052, -18226.014760257574, 7551.11218108084, -0.13029248046875, 0.9636313476562499, -0.1717080078125, 192.0, 0.0, 0.0, 0.0, 0.0, 0.0, 0.0, 0.0, 0.0, 0.0, 1.741808566030493E9, 0.0, 2025-03-12 14:42:46.030
190.0, 17959.850187283777, -27597.073030122883, -42949.45811622836, -28354.1936700575, -25136.615352227134, 6511.62195344233, -37712.667907794465, 14095.680605850293, 4453.674489697753, -13521.10666288217, -34785.97519230547, -5460.151190775775, -36689.695619308426, -19585.626671984992, -18223.26549568957, 7546.932404867698, -0.13029248046875, 0.9636313476562499, -0.1717080078125, 192.0, 0.0, 0.0, 0.0, 0.0, 0.0, 0.0, 0.0, 0.0, 0.0, 1.741808566030508E9, 0.0, 2025-03-12 14:42:46.030
192.0, 17930.144718902673, -27598.436486534654, -42947.87114237203, -28394.0021269324, -25135.96715163793, 6463.766868563517, -37708.73400077033, 14096.641730861871, 4461.207027579192, -13522.850098949684, -34803.051925069325, -5483.911095131766, -36700.08918048014, -19593.62859649999, -18234.307257450495, 7553.928500882209, -0.13029248046875, 0.9636313476562499, -0.1717080078125, 192.0, 0.0, 0.0, 0.0, 0.0, 0.0, 0.0, 0.0, 0.0, 0.0, 1.741808566030522E9, 0.0, 2025-03-12 14:42:46.030
194.0, 17956.27390817093, -27605.857265693816, -42950.44159298439, -28357.568783470248, -25130.423919013014, 6500.736653892595, -37706.096494924604, 14093.177210471298, 4455.149704831803, -13528.05805540777, -34787.69627662853, -5461.246426254085, -36686.186395428944, -19583.145628350452, -18219.73392006563, 7545.479541478103, -0.13029248046875, 0.9636313476562499, -0.1717080078125, 192.0, 0.0, 0.0, 0.0, 0.0, 0.0, 0.0, 0.0, 0.0, 0.0, 1.741808566030557E9, 0.0, 2025-03-12 14:42:46.030
196.0, 17904.619026734716, -27614.37328033129, -42955.671901186935, -28415.10217369821, -25136.525945249316, 6451.272243413001, -37704.621279790554, 14089.153896469343, 4446.723097172153, -13539.926831713537, -34812.79728565184, -5496.808051682478, -36701.76556131429, -19603.664529760426, -18238.41997843027, 7535.622422173313, -0.128146240234375, 0.960815673828125, -0.17185400390625, 192.0, 126.0, 8.0, 14.5, 120.0, 125.0, 80.0, 0.0, 0.0, 0.0, 1.741808566089982E9, 0.0, 2025-03-12 14:42:46.089
198.0, 17954.195195936587, -27613.456858808622, -42950.776869151225, -28368.699952208994, -25129.038110856785, 6497.04861605747, -37697.73694249832, 14100.776803586103, 4442.3421552589125, -13539.792721246806, -34799.22977676747, -5480.200705552185, -36690.522633853274, -19598.076593646598, -18227.6017341139, 7537.25409951855, -0.128146240234375, 0.960815673828125, -0.17185400390625, 192.0, 0.0, 0.0, 0.0, 0.0, 0.0, 0.0, 0.0, 0.0, 0.0, 1.741808566090003E9, 0.0, 2025-03-12 14:42:46.090
200.0, 17894.761907429925, -27622.03992867946, -42965.529020491726, -28420.131316200655, -25146.45011978747, 6455.362612648322, -37710.32097462666, 14083.767126055614, 4439.25761452408, -13550.320392885256, -34816.552378720335, -5503.2006505966965, -36706.750000327826, -19610.25829437474, -18234.620181872866, 7534.68364890619, -0.128146240234375, 0.960815673828125, -0.17185400390625, 192.0, 0.0, 0.0, 0.0, 0.0, 0.0, 0.0, 0.0, 0.0, 0.0, 1.741808566090029E9, 0.0, 2025-03-12 14:42:46.090
202.0, 17946.103864443765, -27620.65412052323, -42954.93429361991, -28370.59985048769, -25130.7815469243, 6499.149680036268, -37696.77581748674, 14099.614512874427, 4434.228472021637, -13548.576956817742, -34810.673869928585, -5496.9198104047555, -36698.233985690356, -19604.245675116264, -18233.010856272085, 7536.181215784695, -0.128146240234375, 0.960815673828125, -0.17185400390625, 192.0, 0.0, 0.0, 0.0, 0.0, 0.0, 0.0, 0.0, 0.0, 0.0, 1.741808566090044E9, 0.0, 2025-03-12 14:42:46.090
204.0, 17874.10889555322, -27622.062280423914, -42964.612598969055, -28429.20612444951, -25138.962285394944, 6454.6473568257525, -37704.710686768376, 14088.17041971331, 4429.4228469637455, -13553.919023742561, -34825.984814880474, -5509.034455899532, -36708.94047128445, -19613.856925232045, -18237.36944644087, 7532.135550038284, -0.128146240234375, 0.960815673828125, -0.17185400390625, 192.0, 0.0, 0.0, 0.0, 0.0, 0.0, 0.0, 0.0, 0.0, 0.0, 1.741808566090064E9, 0.0, 2025-03-12 14:42:46.090
206.0, 17921.271076353918, -27643.095271956357, -42971.85456417258, -28378.04298139131, -25141.778605196312, 6498.52383119152, -37711.907948482985, 14083.856533033435, 4421.867957337851, -13556.735343543929, -34828.86818991521, -5509.459139044183, -36710.236872462854, -19609.878314719, -18238.352923196904, 7529.386285470282, -0.1300731201171875, 0.9564078369140625, -0.174927001953125, 192.0, 125.5, 112.0, 14.5, 96.0, 125.0, 56.0, 0.0, 0.0, 0.0, 1.741808566090078E9, 0.0, 2025-03-12 14:42:46.090
208.0, 17857.546252911838, -27627.270236882003, -42970.04407287169, -28428.423813393572, -25136.77181443832, 6449.685269556674, -37703.79426524571, 14086.0246522456, 4414.670695623243, -13565.251358181402, -34845.699053490054, -5522.75842699509, -36719.44579117844, -19619.221343901318, -18251.540452425535, 7522.971334811608, -0.1300731201171875, 0.9564078369140625, -0.174927001953125, 192.0, 0.0, 0.0, 0.0, 0.0, 0.0, 0.0, 0.0, 0.0, 0.0, 1.741808566090094E9, 0.0, 2025-03-12 14:42:46.090
210.0, 17924.69089325558, -27632.56760031791, -42966.75836643676, -28377.148911613098, -25131.16152658004, 6493.025302055515, -37705.202425146395, 14088.326881924497, 4425.868919595351, -13554.120189442658, -34836.467783030006, -5516.94697343671, -36708.04640150624, -19611.286474619686, -18243.337362210437, 7533.610765172335, -0.1300731201171875, 0.9564078369140625, -0.174927001953125, 192.0, 0.0, 0.0, 0.0, 0.0, 0.0, 0.0, 0.0, 0.0, 0.0, 1.741808566090109E9, 0.0, 2025-03-12 14:42:46.090
212.0, 17854.640526132647, -27621.302321112435, -42973.59800024009, -28425.987473247944, -25139.364616795137, 6459.609444094831, -37705.18007340194, 14083.185980699776, 4422.404399204779, -13552.644974308609, -34843.64269300016, -5514.37652282435, -36717.61294813311, -19609.766555996724, -18250.020533802573, 7521.004381299542, -0.1300731201171875, 0.9564078369140625, -0.174927001953125, 192.0, 0.0, 0.0, 0.0, 0.0, 0.0, 0.0, 0.0, 0.0, 0.0, 1.741808566150285E9, 0.0, 2025-03-12 14:42:46.150
214.0, 17902.272093566906, -27613.79213497545, -42967.69713970389, -28380.076990136742, -25127.227619555906, 6489.940761320682, -37697.26755586476, 14099.16747798532, 4422.784378860519, -13539.904479969084, -34835.1713818516, -5512.677790245747, -36703.15136947052, -19598.7247942358, -18240.789263342533, 7532.023791316008, -0.1300731201171875, 0.9564078369140625, -0.174927001953125, 192.0, 0.0, 0.0, 0.0, 0.0, 0.0, 0.0, 0.0, 0.0, 0.0, 1.741808566150305E9, 0.0, 2025-03-12 14:42:46.150
216.0, 17842.10119749322, -27608.159495372714, -42968.144174593, -28424.445202880528, -25130.938009135487, 6468.885418043783, -37692.01489591776, 14097.848725062458, 4421.242108493103, -13542.944317215004, -34837.160687108124, -5504.631162241836, -36713.92491029798, -19601.742279737267, -18239.828138330955, 7526.435855202181, -0.13403656005859377, 0.9532039184570313, -0.1794635009765625, 192.0, 125.5, 88.0, 14.5, 88.0, 125.0, 32.0, 0.0, 0.0, 0.0, 1.741808566150354E9, 0.0, 2025-03-12 14:42:46.150
218.0, 17885.95532011453, -27609.388841317756, -42959.00231111077, -28393.28687110983, -25125.417128255027, 6486.476240930109, -37690.0479424057, 14106.901181566856, 4436.821274378452, -13529.82384321974, -34830.74573644945, -5507.80510995449, -36706.2135584609, -19592.801581955147, -18233.189670227726, 7537.410561729737, -0.13403656005859377, 0.9532039184570313, -0.1794635009765625, 192.0, 0.0, 0.0, 0.0, 0.0, 0.0, 0.0, 0.0, 0.0, 0.0, 1.741808566150371E9, 0.0, 2025-03-12 14:42:46.150
220.0, 17833.272258433375, -27608.47241979509, -42972.659226972966, -28429.876676783166, -25140.01281738434, 6479.368386193322, -37700.709724510874, 14091.143201725865, 4421.175053259737, -13541.290288125312, -34832.198599839045, -5496.8974586603, -36712.002660274826, -19608.313692607127, -18238.129405752352, 7522.770169111511, -0.13403656005859377, 0.9532039184570313, -0.1794635009765625, 192.0, 0.0, 0.0, 0.0, 0.0, 0.0, 0.0, 0.0, 0.0, 0.0, 1.741808566150386E9, 0.0, 2025-03-12 14:42:46.150
222.0, 17868.386848972663, -27617.03313792147, -42964.3890815245, -28408.128429428154, -25135.900096404566, 6485.693929874174, -37696.90992795348, 14093.959521527235, 4421.1527015152815, -13547.101741683691, -34842.27923658839, -5523.496034562116, -36720.49632316784, -19614.84040198808, -18248.76883611308, 7518.456282431636, -0.13403656005859377, 0.9532039184570313, -0.1794635009765625, 192.0, 0.0, 0.0, 0.0, 0.0, 0.0, 0.0, 0.0, 0.0, 0.0, 1.741808566150405E9, 0.0, 2025-03-12 14:42:46.150
224.0, 17831.014732243388, -27621.32467285689, -42977.01781714175, -28422.05356622381, -25152.64155300159, 6488.912581075738, -37714.65721305099, 14077.843913774957, 4422.359695715868, -13547.191148661514, -34827.81765792581, -5500.049054628498, -36716.71887835489, -19610.571218797115, -18243.47147267717, 7516.019942286008, -0.13403656005859377, 0.9532039184570313, -0.1794635009765625, 192.0, 0.0, 0.0, 0.0, 0.0, 0.0, 0.0, 0.0, 0.0, 0.0, 1.74180856615042E9, 0.0, 2025-03-12 14:42:46.150
226.0, 17864.63175590417, -27611.4675535521, -42956.230694798316, -28410.92239748507, -25131.474451002414, 6460.682327828686, -37697.871052965056, 14091.634940103882, 4437.111847056371, -13544.01720094886, -34831.97508239449, -5529.195729398219, -36716.85298882163, -19616.986169455788, -18251.94278382573, 7517.651619631246, -0.1350182800292969, 0.9546019592285158, -0.18173175048828125, 192.0, 125.5, 96.0, 14.5, 112.0, 125.0, 32.0, 0.0, 0.0, 0.0, 1.74180856621196E9, 0.0, 2025-03-12 14:42:46.211
228.0, 17846.77271208438, -27599.84464643534, -42956.230694798316, -28407.748449772414, -25133.64257021458, 6464.929159275193, -37699.83800647712, 14090.852629047946, 4435.770742389052, -13545.604174805187, -34813.37843100768, -5490.504859746082, -36702.99490725934, -19604.06686116062, -18235.782472584542, 7521.9655063111195, -0.1350182800292969, 0.9546019592285158, -0.18173175048828125, 192.0, 0.0, 0.0, 0.0, 0.0, 0.0, 0.0, 0.0, 0.0, 0.0, 1.741808566211989E9, 0.0, 2025-03-12 14:42:46.211
230.0, 17872.63368041917, -27600.02346039098, -42951.827401140625, -28399.724173512957, -25130.312160290738, 6451.585167835376, -37698.65336402099, 14097.491097151173, 4441.850416880896, -13534.294192110801, -34822.02855611188, -5510.666133244769, -36710.50509339632, -19604.424489071906, -18241.035132531542, 7530.168596526218, -0.1350182800292969, 0.9546019592285158, -0.18173175048828125, 192.0, 0.0, 0.0, 0.0, 0.0, 0.0, 0.0, 0.0, 0.0, 0.0, 1.741808566212005E9, 0.0, 2025-03-12 14:42:46.212
232.0, 17871.002003073932, -27608.003033161527, -42961.55040997868, -28388.213025118475, -25139.051692372763, 6490.678368887708, -37701.067352422164, 14091.947864526257, 4434.697858655198, -13537.892822968106, -34814.719535674994, -5481.117127074853, -36705.83357880516, -19593.740355222268, -18233.27907720555, 7533.990744828075, -0.1350182800292969, 0.9546019592285158, -0.18173175048828125, 192.0, 0.0, 0.0, 0.0, 0.0, 0.0, 0.0, 0.0, 0.0, 0.0, 1.741808566212023E9, 0.0, 2025-03-12 14:42:46.212
234.0, 17875.427648476085, -27609.858227951318, -42964.52319199123, -28406.116772427176, -25133.799032425766, 6463.968034263616, -37698.58630878762, 14093.22191396021, 4445.73962041612, -13531.924907198538, -34829.270521315404, -5514.398874568806, -36711.95795678592, -19606.011462928233, -18236.631838873844, 7543.847864132866, -0.1350182800292969, 0.9546019592285158, -0.18173175048828125, 192.0, 0.0, 0.0, 0.0, 0.0, 0.0, 0.0, 0.0, 0.0, 0.0, 1.741808566212039E9, 0.0, 2025-03-12 14:42:46.212
236.0, 17902.137983100176, -27605.343175571346, -42959.60580821107, -28381.976888415444, -25130.379215524106, 6490.611313654342, -37696.64170702001, 14094.07128024951, 4437.82710287894, -13536.43995957851, -34817.28998628735, -5487.554429477982, -36703.821921804185, -19597.629558757493, -18226.46179514668, 7538.259928019039, -0.13350914001464845, 0.9573009796142579, -0.1808658752441406, 192.0, 125.5, 112.0, 15.0, 0.0, 125.0, 48.0, 0.0, 0.0, 0.0, 1.741808566212054E9, 0.0, 2025-03-12 14:42:46.212
238.0, 17900.573360988303, -27602.4150970477, -42961.55040997868, -28413.895179497624, -25131.854430658153, 6444.119685187303, -37699.525082054744, 14090.584408114482, 4450.366431518368, -13532.126072898636, -34827.303567803334, -5509.168566366264, -36702.614927603594, -19600.64704425896, -18229.948667281707, 7540.405695486748, -0.13350914001464845, 0.9573009796142579, -0.1808658752441406, 192.0, 0.0, 0.0, 0.0, 0.0, 0.0, 0.0, 0.0, 0.0, 0.0, 1.74180856621209E9, 0.0, 2025-03-12 14:42:46.212
240.0, 17931.30700961435, -27604.60556800432, -42970.93814264991, -28379.965231414466, -25140.146927851074, 6489.583133409397, -37706.65528853599, 14089.422117402806, 4445.381992504835, -13532.595459532198, -34810.98679435096, -5479.172525307242, -36708.135808484054, -19596.55667502364, -18218.973960754152, 7535.845939617866, -0.13350914001464845, 0.9573009796142579, -0.1808658752441406, 192.0, 0.0, 0.0, 0.0, 0.0, 0.0, 0.0, 0.0, 0.0, 0.0, 1.741808566212105E9, 0.0, 2025-03-12 14:42:46.212
242.0, 17911.548067515858, -27597.22949233407, -42968.01006412626, -28422.366490646185, -25140.482204017902, 6445.527845087987, -37703.45898907888, 14088.908027280335, 4445.203178549192, -13534.987096188916, -34828.10823060373, -5508.788586710523, -36720.76454410131, -19602.792811726667, -18232.98850452763, 7536.784712884988, -0.13350914001464845, 0.9573009796142579, -0.1808658752441406, 192.0, 0.0, 0.0, 0.0, 0.0, 0.0, 0.0, 0.0, 0.0, 0.0, 1.74180856627092E9, 0.0, 2025-03-12 14:42:46.270
244.0, 17962.934728018612, -27579.63866944774, -42949.94985460638, -28374.75727495638, -25125.238314299386, 6487.035034541493, -37687.63395400452, 14103.749585598658, 4461.899931657306, -13522.648933249586, -34798.06748605579, -5472.355243248373, -36694.97063099988, -19580.798695182646, -18209.87680076084, 7552.050954347963, -0.13350914001464845, 0.9573009796142579, -0.1808658752441406, 192.0, 0.0, 0.0, 0.0, 0.0, 0.0, 0.0, 0.0, 0.0, 0.0, 1.741808566270979E9, 0.0, 2025-03-12 14:42:46.270
246.0, 17925.897887456165, -27581.158588070703, -42960.87985764502, -28421.13714470114, -25137.15179409406, 6443.002097964537, -37693.75833198528, 14099.346291940963, 4465.83383868144, -13517.977418658427, -34805.82354138178, -5487.420319011249, -36703.35253517062, -19587.88419817498, -18214.011873485073, 7557.25891080605, -0.1327545700073242, 0.957650489807129, -0.1794329376220703, 192.0, 125.5, 112.0, 14.5, 120.0, 125.0, 56.0, 0.0, 0.0, 0.0, 1.741808566271004E9, 0.0, 2025-03-12 14:42:46.271
248.0, 17983.207760239573, -27587.059448606906, -42957.25887504326, -28372.209176088476, -25132.659093458547, 6492.578267166408, -37690.47262555035, 14104.531896654595, 4459.016556622571, -13525.621715262141, -34798.715686644995, -5472.623464181836, -36699.70920082441, -19587.07953537459, -18205.764079781067, 7552.833265403899, -0.1327545700073242, 0.957650489807129, -0.1794329376220703, 192.0, 0.0, 0.0, 0.0, 0.0, 0.0, 0.0, 0.0, 0.0, 0.0, 1.74180856627104E9, 0.0, 2025-03-12 14:42:46.271
250.0, 17931.664637525635, -27590.255748064013, -42959.7399186778, -28428.20029594902, -25130.334512035195, 6438.576452562386, -37689.2432796053, 14098.385166929385, 4459.709460700687, -13528.750959485884, -34813.065506585306, -5490.057824856976, -36701.54204386974, -19599.238884358274, -18211.37436763935, 7553.079134592907, -0.1327545700073242, 0.957650489807129, -0.1794329376220703, 192.0, 0.0, 0.0, 0.0, 0.0, 0.0, 0.0, 0.0, 0.0, 0.0, 1.741808566271064E9, 0.0, 2025-03-12 14:42:46.271
252.0, 17988.840399842313, -27590.814541675394, -42953.41437499695, -28371.136292354622, -25114.375366494103, 6488.152621764258, -37679.050884133685, 14112.243248491675, 4462.615187479876, -13526.024046662336, -34797.06165755531, -5474.433955482717, -36697.49637812333, -19591.54988426565, -18194.811724997966, 7563.606806231357, -0.1327545700073242, 0.957650489807129, -0.1794329376220703, 192.0, 0.0, 0.0, 0.0, 0.0, 0.0, 0.0, 0.0, 0.0, 0.0, 1.741808566271089E9, 0.0, 2025-03-12 14:42:46.271
254.0, 17926.83666072329, -27601.677489480677, -42964.344378035596, -28423.48407786895, -25127.227619555906, 6454.334432403378, -37685.66700049245, 14101.31324545303, 4454.210931564681, -13536.238793878412, -34812.976099607484, -5488.157926578275, -36709.14163698455, -19597.92013143541, -18198.276245388537, 7564.92555915422, -0.1327545700073242, 0.957650489807129, -0.1794329376220703, 192.0, 0.0, 0.0, 0.0, 0.0, 0.0, 0.0, 0.0, 0.0, 0.0, 1.741808566271113E9, 0.0, 2025-03-12 14:42:46.271
0.0, 17991.18733301012, -27599.375259801778, -42956.18599130941, -28367.112978352667, -25120.276227030306, 6499.23908701409, -37682.51540452426, 14107.594085644972, 4459.173018833759, -13529.53327054182, -34799.31918374529, -5482.972321864644, -36698.12222696808, -19585.40315454044, -18190.98957669611, 7571.787544702, -0.1303772850036621, 0.9588252449035645, -0.17971646881103515, 192.0, 126.0, 0.0, 15.0, 0.0, 125.0, 48.0, 0.0, 0.0, 0.0, 1.74180856633043E9, 0.0, 2025-03-12 14:42:46.330
2.0, 17937.31962887283, -27581.046829348426, -42949.01108133925, -28414.878656253655, -25115.604712439148, 6451.093429457358, -37673.30648580867, 14110.544515913072, 4466.3479288039125, -13531.29905835379, -34805.24239602595, -5485.833345154923, -36695.574128100176, -19590.633462742982, -18189.827285984433, 7574.268588336538, -0.1303772850036621, 0.9588252449035645, -0.17971646881103515, 192.0, 0.0, 0.0, 0.0, 0.0, 0.0, 0.0, 0.0, 0.0, 0.0, 1.741808566330469E9, 0.0, 2025-03-12 14:42:46.330
4.0, 17986.538170163414, -27606.46076279411, -42965.4396135139, -28368.23056557543, -25122.712567175935, 6495.662807901241, -37692.752503484786, 14100.396823930363, 4456.043774610016, -13534.361247344166, -34802.85075936923, -5481.139478819308, -36691.48375886485, -19581.983337638776, -18188.26266387256, 7574.35799531436, -0.1303772850036621, 0.9588252449035645, -0.17971646881103515, 192.0, 0.0, 0.0, 0.0, 0.0, 0.0, 0.0, 0.0, 0.0, 0.0, 1.741808566330518E9, 0.0, 2025-03-12 14:42:46.330
6.0, 17930.34588460277, -27594.524931254975, -42972.27924731723, -28420.310130156297, -25132.01089286934, 6460.034127239482, -37695.23354711933, 14090.45029764775, 4445.761972160575, -13545.53711957182, -34816.08299208677, -5487.0626910999645, -36707.08527649466, -19595.126163378496, -18207.060480959473, 7558.555311984457, -0.1303772850036621, 0.9588252449035645, -0.17971646881103515, 192.0, 0.0, 0.0, 0.0, 0.0, 0.0, 0.0, 0.0, 0.0, 0.0, 1.741808566330543E9, 0.0, 2025-03-12 14:42:46.330
8.0, 17995.612978412268, -27591.485094009055, -42956.141287820494, -28370.510443509873, -25123.316064276227, 6484.241066484579, -37686.42695980394, 14101.179134986298, 4453.205103064192, -13536.618773534152, -34810.76327690641, -5488.984941123122, -36696.08821822265, -19586.051355129643, -18205.94289373671, 7565.417297532237, -0.1303772850036621, 0.9588252449035645, -0.17971646881103515, 192.0, 0.0, 0.0, 0.0, 0.0, 0.0, 0.0, 0.0, 0.0, 0.0, 1.741808566330565E9, 0.0, 2025-03-12 14:42:46.330
10.0, 17945.142739432187, -27579.593965958833, -42955.35897676456, -28412.129391685652, -25124.0313200988, 6460.883493528783, -37687.52219528225, 14099.234533218687, 4461.207027579192, -13528.996828674894, -34800.30266050132, -5470.455344969671, -36694.14361645503, -19583.749125450748, -18199.997329711598, 7566.244312077083, -0.13218864250183104, 0.9594126224517823, -0.18085823440551757, 192.0, 125.5, 104.0, 15.0, 0.0, 125.0, 40.0, 0.0, 0.0, 0.0, 1.741808566330596E9, 0.0, 2025-03-12 14:42:46.330
12.0, 17981.17375149414, -27593.183826587658, -42957.750613421274, -28385.083780894733, -25122.39964275356, 6479.346034448867, -37693.17718662944, 14098.139297740378, 4457.898969399806, -13532.215479876457, -34805.80118963733, -5485.833345154923, -36694.50124436632, -19587.571273752605, -18207.17223968175, 7558.68942245119, -0.13218864250183104, 0.9594126224517823, -0.18085823440551757, 192.0, 0.0, 0.0, 0.0, 0.0, 0.0, 0.0, 0.0, 0.0, 0.0, 1.741808566330622E9, 0.0, 2025-03-12 14:42:46.330
14.0, 17934.45860558255, -27591.12746609777, -42968.56885773765, -28418.790211533335, -25134.290770803782, 6468.840714554873, -37699.61448903257, 14092.1266784819, 4447.080725083438, -13537.646953779096, -34808.77397164988, -5475.37272874984, -36697.60813684561, -19586.565445252116, -18207.440460615213, 7552.319175281427, -0.13218864250183104, 0.9594126224517823, -0.18085823440551757, 192.0, 0.0, 0.0, 0.0, 0.0, 0.0, 0.0, 0.0, 0.0, 0.0, 1.741808566330651E9, 0.0, 2025-03-12 14:42:46.330
16.0, 17971.45074265608, -27589.853416663816, -42964.478488502325, -28398.62893803465, -25128.032282356296, 6469.623025610808, -37696.77581748674, 14097.491097151173, 4448.891216384318, -13539.099817168692, -34817.446448498544, -5501.054883128987, -36700.804436302715, -19586.185465596376, -18218.102242720397, 7554.062611348941, -0.13218864250183104, 0.9594126224517823, -0.18085823440551757, 192.0, 0.0, 0.0, 0.0, 0.0, 0.0, 0.0, 0.0, 0.0, 0.0, 1.741808566391314E9, 0.0, 2025-03-12 14:42:46.391
18.0, 17938.683085284603, -27578.722247925074, -42969.10529960458, -28415.415098120582, -25129.39573876807, 6470.293577944467, -37695.12178839705, 14093.870114549412, 4451.1487425743035, -13536.976401445438, -34804.75065764793, -5477.004406095077, -36698.83748279065, -19584.285567317675, -18207.775736782045, 7551.939195625687, -0.13218864250183104, 0.9594126224517823, -0.18085823440551757, 192.0, 0.0, 0.0, 0.0, 0.0, 0.0, 0.0, 0.0, 0.0, 0.0, 1.74180856639135E9, 0.0, 2025-03-12 14:42:46.391
20.0, 17970.064934499853, -27582.231471804556, -42956.722433176335, -28400.148856657608, -25113.68246241599, 6454.89322601476, -37682.87303243554, 14109.762204857136, 4465.140934603326, -13526.15815712907, -34808.863378627706, -5491.734205691124, -36692.86956702108, -19579.859921915522, -18202.388966368315, 7570.580550501412, -0.13309432125091553, 0.9557063112258912, -0.18142911720275878, 192.0, 125.5, 104.0, 14.5, 96.0, 125.0, 40.0, 0.0, 0.0, 0.0, 1.741808566391375E9, 0.0, 2025-03-12 14:42:46.391
22.0, 17944.11455918724, -27590.211044575102, -42972.18984033941, -28402.47343808096, -25125.171259066017, 6479.61425538233, -37695.9488029419, 14101.447355919761, 4452.065164096972, -13531.142596142603, -34803.99069833645, -5464.286263500007, -36691.796683287226, -19582.050392872145, -18189.760230751068, 7564.746745198578, -0.13309432125091553, 0.9557063112258912, -0.18142911720275878, 192.0, 0.0, 0.0, 0.0, 0.0, 0.0, 0.0, 0.0, 0.0, 0.0, 1.7418085663914E9, 0.0, 2025-03-12 14:42:46.391
24.0, 17949.74719878998, -27580.73390492605, -42962.60094196808, -28410.788287018335, -25116.297616517262, 6448.8359032673725, -37686.82929120413, 14103.771937343114, 4447.0360215945275, -13544.039552693315, -34826.76712593641, -5500.071406372954, -36712.136770741556, -19595.126163378496, -18206.278169903537, 7557.1248003393175, -0.13309432125091553, 0.9557063112258912, -0.18142911720275878, 192.0, 0.0, 0.0, 0.0, 0.0, 0.0, 0.0, 0.0, 0.0, 0.0, 1.741808566391446E9, 0.0, 2025-03-12 14:42:46.391
26.0, 17954.061085469853, -27577.381143257757, -42959.06936634414, -28388.749466985402, -25113.414241482526, 6468.371327921311, -37683.05184639119, 14111.349178713463, 4462.145800846315, -13525.91228794006, -34793.328916231265, -5457.312519229951, -36688.62273557457, -19565.174825808386, -18181.288919602506, 7568.434783033703, -0.13309432125091553, 0.9557063112258912, -0.18142911720275878, 192.0, 0.0, 0.0, 0.0, 0.0, 0.0, 0.0, 0.0, 0.0, 0.0, 1.74180856639147E9, 0.0, 2025-03-12 14:42:46.391
28.0, 17940.69474228558, -27589.495788752534, -42963.80793616867, -28406.80967650529, -25120.410337497036, 6448.210054422624, -37691.83608196212, 14102.07320476451, 4463.665719469276, -13532.081369409725, -34814.54072171936, -5486.258028299574, -36695.95410775591, -19581.49159926076, -18198.879742488833, 7561.572797485924, -0.13309432125091553, 0.9557063112258912, -0.18142911720275878, 192.0, 0.0, 0.0, 0.0, 0.0, 0.0, 0.0, 0.0, 0.0, 0.0, 1.741808566391493E9, 0.0, 2025-03-12 14:42:46.391
30.0, 17946.617954566234, -27587.595890473833, -42957.86237214356, -28379.8981761811, -25112.54252344877, 6484.8222118404165, -37680.48139577883, 14106.968236800223, 4452.266329797069, -13538.608078790676, -34805.08593381476, -5461.782868121013, -36700.55856711371, -19576.8200846696, -18192.6436057858, 7555.984861372097, -0.13154716062545777, 0.9538531556129457, -0.1817145586013794, 192.0, 125.5, 120.0, 14.5, 96.0, 125.0, 40.0, 0.0, 0.0, 0.0, 1.741808566451759E9, 0.0, 2025-03-12 14:42:46.451
32.0, 17928.378931090705, -27591.999184131528, -42964.25497105777, -28411.0565079518, -25118.577494451703, 6450.579339334887, -37680.97313415684, 14109.315169968031, 4458.614225222376, -13532.908383954571, -34819.838085155265, -5485.0063306100765, -36706.16885497199, -19579.368183537506, -18199.259722144572, 7566.244312077083, -0.13154716062545777, 0.9538531556129457, -0.1817145586013794, 192.0, 0.0, 0.0, 0.0, 0.0, 0.0, 0.0, 0.0, 0.0, 0.0, 1.741808566451789E9, 0.0, 2025-03-12 14:42:46.451
34.0, 17936.157338161152, -27596.447181278134, -42976.83900318611, -28384.56969077226, -25130.915657391033, 6496.020435812526, -37695.546471541704, 14101.760280342136, 4446.723097172153, -13540.306811369279, -34815.18892230856, -5466.812010623456, -36704.89480553804, -19579.39053528196, -18194.632911042325, 7555.627233460812, -0.13154716062545777, 0.9538531556129457, -0.1817145586013794, 192.0, 0.0, 0.0, 0.0, 0.0, 0.0, 0.0, 0.0, 0.0, 0.0, 1.741808566451804E9, 0.0, 2025-03-12 14:42:46.451
36.0, 17898.24877956495, -27590.300451552925, -42974.06738687365, -28429.496697127426, -25128.456965500947, 6440.65516479673, -37691.85843370658, 14094.853591305446, 4449.293547784513, -13543.30194512629, -34834.90316091814, -5500.026702884043, -36718.775238844784, -19592.77923021069, -18208.379233882337, 7544.5631199554355, -0.13154716062545777, 0.9538531556129457, -0.1817145586013794, 192.0, 0.0, 0.0, 0.0, 0.0, 0.0, 0.0, 0.0, 0.0, 0.0, 1.741808566451843E9, 0.0, 2025-03-12 14:42:46.451
38.0, 17923.036864165886, -27600.515198769, -42987.03139865773, -28386.80486521779, -25139.58813423969, 6495.126366034314, -37702.98960244532, 14091.210256959232, 4434.206120277181, -13548.35343937319, -34824.95663463553, -5477.160868306264, -36711.64503236354, -19581.93863414987, -18200.958454723175, 7543.311422265938, -0.13154716062545777, 0.9538531556129457, -0.1817145586013794, 192.0, 0.0, 0.0, 0.0, 0.0, 0.0, 0.0, 0.0, 0.0, 0.0, 1.741808566451858E9, 0.0, 2025-03-12 14:42:46.451
40.0, 17892.10204983974, -27590.03223061946, -42973.46388977336, -28433.944694274032, -25126.177087566506, 6435.871891483294, -37682.73892196881, 14104.062510021033, 4453.272158297558, -13539.502148568887, -34833.31618706181, -5501.524269762549, -36720.675137123486, -19588.532398764182, -18212.916638006765, 7550.821608402921, -0.1307735803127289, 0.9559265778064729, -0.18285727930068968, 192.0, 125.5, 120.0, 14.5, 120.0, 125.0, 32.0, 0.0, 0.0, 0.0, 1.741808566451874E9, 0.0, 2025-03-12 14:42:46.451
42.0, 17933.743349759978, -27610.238207607057, -42986.45025330189, -28381.596908759704, -25133.7319771924, 6493.494688689076, -37698.6980675099, 14098.340463440474, 4443.660908181776, -13546.721762027952, -34813.93722461906, -5479.8430776409, -36711.68973585245, -19582.855055672535, -18201.07021344545, 7555.984861372097, -0.1307735803127289, 0.9559265778064729, -0.18285727930068968, 192.0, 0.0, 0.0, 0.0, 0.0, 0.0, 0.0, 0.0, 0.0, 0.0, 1.74180856645189E9, 0.0, 2025-03-12 14:42:46.451
44.0, 17877.05932582132, -27614.75325998703, -42990.51827079276, -28441.276066455375, -25137.77764293881, 6435.670725783197, -37699.07804716564, 14085.354099911941, 4443.727963415142, -13561.16098894608, -34833.2714835729, -5508.855641943889, -36721.39039294606, -19599.283587847185, -18219.018664243064, 7538.461093719136, -0.1307735803127289, 0.9559265778064729, -0.18285727930068968, 192.0, 0.0, 0.0, 0.0, 0.0, 0.0, 0.0, 0.0, 0.0, 0.0, 1.741808566451905E9, 0.0, 2025-03-12 14:42:46.451
46.0, 17937.587849806292, -27616.250826865537, -42982.8963259335, -28386.04490590631, -25129.59690446817, 6474.093374501869, -37697.871052965056, 14089.623283102905, 4436.575405189444, -13571.420439651065, -34823.63788171266, -5502.552450007493, -36711.62268061908, -19595.327329078595, -18215.487088619124, 7536.471788462614, -0.1307735803127289, 0.9559265778064729, -0.18285727930068968, 192.0, 0.0, 0.0, 0.0, 0.0, 0.0, 0.0, 0.0, 0.0, 0.0, 1.741808566511103E9, 0.0, 2025-03-12 14:42:46.511
48.0, 17886.514113725916, -27600.47049528009, -42973.82151768464, -28431.553057617315, -25129.283980045795, 6421.052684909426, -37692.73015174033, 14092.84193430447, 4454.032117609038, -13560.512788356877, -34820.70980318902, -5505.9499151647, -36705.72182008289, -19589.404116797938, -18205.965245481166, 7550.754553169555, -0.1307735803127289, 0.9559265778064729, -0.18285727930068968, 192.0, 0.0, 0.0, 0.0, 0.0, 0.0, 0.0, 0.0, 0.0, 0.0, 1.741808566511127E9, 0.0, 2025-03-12 14:42:46.511
50.0, 17942.527585330914, -27614.46268730911, -42975.18497409642, -28372.075065621742, -25131.899134147065, 6486.565647907931, -37696.99933493129, 14096.731137839692, 4454.032117609038, -13554.768390031863, -34809.064544327804, -5490.974246379644, -36706.191206716445, -19583.950291150846, -18199.013852955562, 7552.497989237069, -0.13038679015636445, 0.9579632889032365, -0.18142863965034484, 192.0, 125.5, 120.0, 15.0, 0.0, 125.0, 48.0, 0.0, 0.0, 0.0, 1.741808566511143E9, 0.0, 2025-03-12 14:42:46.511
52.0, 17885.217712547506, -27605.32082382689, -42978.56008750917, -28422.299435412817, -25137.665884216534, 6457.687194071674, -37695.83704421962, 14093.445431404762, 4446.700745427697, -13560.06575346777, -34819.27929154388, -5494.304656303484, -36720.16104700101, -19592.756878466236, -18203.439498357715, 7544.227843788606, -0.13038679015636445, 0.9579632889032365, -0.18142863965034484, 192.0, 0.0, 0.0, 0.0, 0.0, 0.0, 0.0, 0.0, 0.0, 0.0, 1.741808566511176E9, 0.0, 2025-03-12 14:42:46.511
54.0, 17944.94157373209, -27604.3149953264, -42969.26176181576, -28374.310240067272, -25125.908866633043, 6485.604522896353, -37690.18205287243, 14098.094594251466, 4442.297451770002, -13557.562358088775, -34817.28998628735, -5490.929542890733, -36714.28253820926, -19587.05718363013, -18196.286940132017, 7548.005288601553, -0.13038679015636445, 0.9579632889032365, -0.18142863965034484, 192.0, 0.0, 0.0, 0.0, 0.0, 0.0, 0.0, 0.0, 0.0, 0.0, 1.741808566511191E9, 0.0, 2025-03-12 14:42:46.511
56.0, 17884.837732891767, -27603.622091248286, -42975.81082294117, -28421.226551678963, -25134.44723301497, 6448.411220122722, -37693.08777965162, 14088.393937157864, 4444.286757026524, -13562.122113957657, -34818.3181665323, -5481.474754986139, -36718.93170105597, -19587.526570263693, -18192.822419741442, 7542.6855734211895, -0.13038679015636445, 0.9579632889032365, -0.18142863965034484, 192.0, 0.0, 0.0, 0.0, 0.0, 0.0, 0.0, 0.0, 0.0, 0.0, 1.741808566511206E9, 0.0, 2025-03-12 14:42:46.511
58.0, 17942.281716141908, -27612.875713452784, -42969.082947860115, -28375.09255112321, -25128.881648645598, 6476.574418136409, -37698.496901809805, 14095.16651572782, 4448.421829750756, -13556.623584821653, -34811.63499494016, -5486.727414933135, -36711.80149457473, -19588.197122597354, -18191.54837030749, 7548.742896168577, -0.13038679015636445, 0.9579632889032365, -0.18142863965034484, 192.0, 0.0, 0.0, 0.0, 0.0, 0.0, 0.0, 0.0, 0.0, 0.0, 1.741808566511226E9, 0.0, 2025-03-12 14:42:46.511
60.0, 17883.988366602465, -27594.569634743886, -42965.75253793628, -28420.019557478376, -25125.88651488859, 6445.3713828767995, -37696.30643085318, 14092.484306393184, 4445.359640760379, -13563.597329091708, -34812.50671297392, -5481.295941030496, -36713.79079983125, -19594.992052911766, -18191.88364647432, 7540.249233275561, -0.13019339507818223, 0.9589816444516182, -0.18271431982517242, 192.0, 125.5, 120.0, 15.0, 0.0, 125.0, 32.0, 0.0, 0.0, 0.0, 1.741808566570849E9, 0.0, 2025-03-12 14:42:46.570
62.0, 17922.522774043417, -27599.375259801778, -42966.06546235865, -28386.38018207314, -25125.05950034374, 6456.8154760379175, -37694.920622696955, 14096.21704771722, 4452.556902474988, -13555.461294109977, -34806.628204182176, -5488.448499256194, -36704.47012239339, -19584.73260220678, -18186.340413849404, 7548.9664136131305, -0.13019339507818223, 0.9589816444516182, -0.18271431982517242, 192.0, 0.0, 0.0, 0.0, 0.0, 0.0, 0.0, 0.0, 0.0, 0.0, 1.741808566570873E9, 0.0, 2025-03-12 14:42:46.570
64.0, 17880.300328767342, -27594.435524277156, -42974.24620082929, -28413.42579286406, -25135.944799893477, 6455.809647537429, -37704.93420421293, 14083.811829544526, 4444.443219237712, -13555.774218532351, -34808.10341931623, -5472.042318825998, -36715.0648492652, -19589.091192375567, -18193.64943428629, 7533.96839308362, -0.13019339507818223, 0.9589816444516182, -0.18271431982517242, 192.0, 0.0, 0.0, 0.0, 0.0, 0.0, 0.0, 0.0, 0.0, 0.0, 1.741808566570888E9, 0.0, 2025-03-12 14:42:46.570
66.0, 17919.43823330858, -27597.78828594545, -42963.137383835005, -28392.929243198545, -25121.34911076416, 6450.7134498016185, -37700.06152392167, 14090.182076714287, 4456.826085665952, -13554.321355142756, -34808.59515769424, -5492.18124058023, -36715.80245683223, -19591.996919154753, -18205.451155358693, 7531.196776771161, -0.13019339507818223, 0.9589816444516182, -0.18271431982517242, 192.0, 0.0, 0.0, 0.0, 0.0, 0.0, 0.0, 0.0, 0.0, 0.0, 1.741808566570904E9, 0.0, 2025-03-12 14:42:46.570
68.0, 17890.962110872522, -27583.50552123851, -42958.91290413295, -28408.217836405976, -25119.896247374567, 6449.797028278951, -37698.98864018782, 14091.545533126062, 4460.402364778801, -13551.192110919013, -34788.83621559575, -5466.655548412269, -36704.55952937121, -19583.21268358382, -18198.723280277645, 7532.269660505017, -0.13019339507818223, 0.9589816444516182, -0.18271431982517242, 192.0, 0.0, 0.0, 0.0, 0.0, 0.0, 0.0, 0.0, 0.0, 0.0, 1.741808566570935E9, 0.0, 2025-03-12 14:42:46.570
70.0, 17917.515983285426, -27592.22270157608, -42956.297750031685, -28391.409324575583, -25117.482258973392, 6445.483141599077, -37697.60283203159, 14097.826373318003, 4467.152591604304, -13547.235852150423, -34795.40762846561, -5493.790566181013, -36705.87828229407, -19585.917244662913, -18202.679539046232, 7543.534939710491, -0.12809669753909111, 0.9584908222258091, -0.18735715991258622, 192.0, 126.0, 8.0, 14.5, 120.0, 125.0, 0.0, 0.0, 0.0, 0.0, 1.741808566570951E9, 0.0, 2025-03-12 14:42:46.570
72.0, 17888.34695677125, -27606.99720466104, -42972.52511650624, -28391.968118186967, -25133.173183581017, 6479.457793171143, -37708.8010560037, 14091.299663937052, 4449.919396629261, -13553.96372723147, -34793.21715750899, -5475.439783983205, -36705.274785193775, -19579.994032382256, -18196.018719198553, 7540.718619909123, -0.12809669753909111, 0.9584908222258091, -0.18735715991258622, 192.0, 0.0, 0.0, 0.0, 0.0, 0.0, 0.0, 0.0, 0.0, 0.0, 1.741808566570968E9, 0.0, 2025-03-12 14:42:46.570
74.0, 17899.58988423227, -27596.871864422785, -42961.21513381185, -28405.20035090451, -25122.131421820097, 6449.9534904901375, -37697.73694249832, 14102.78846058708, 4454.5015042426, -13559.81988427876, -34812.08202982927, -5506.173432609253, -36713.3661166866, -19592.131029621487, -18212.581361839933, 7539.176349541706, -0.12809669753909111, 0.9584908222258091, -0.18735715991258622, 192.0, 0.0, 0.0, 0.0, 0.0, 0.0, 0.0, 0.0, 0.0, 0.0, 1.741808566570988E9, 0.0, 2025-03-12 14:42:46.570
76.0, 17894.985424874478, -27592.98266088756, -42961.4386512564, -28389.91175769708, -25119.471564229916, 6479.144868748769, -37692.66309650697, 14107.214105989231, 4456.870789154862, -13551.437980108021, -34794.91589008759, -5473.651644426781, -36701.63145084756, -19577.64709921445, -18192.531847063525, 7546.999460101064, -0.12809669753909111, 0.9584908222258091, -0.18735715991258622, 192.0, 0.0, 0.0, 0.0, 0.0, 0.0, 0.0, 0.0, 0.0, 0.0, 1.741808566631154E9, 0.0, 2025-03-12 14:42:46.631
78.0, 17878.623947933193, -27614.775611731486, -42976.436671785916, -28417.784383032846, -25130.893305646576, 6459.251816183546, -37704.46481757937, 14094.585370371982, 4451.64048095232, -13563.932605258538, -34820.06160259982, -5508.833290199434, -36717.523541155286, -19595.282625589683, -18209.206248427185, 7544.7419339110775, -0.12809669753909111, 0.9584908222258091, -0.18735715991258622, 192.0, 0.0, 0.0, 0.0, 0.0, 0.0, 0.0, 0.0, 0.0, 0.0, 1.741808566631209E9, 0.0, 2025-03-12 14:42:46.631
80.0, 17876.09820080974, -27611.199332618635, -42974.71558746286, -28398.316013612275, -25128.054634100754, 6485.403357196255, -37703.07900942314, 14093.55719012704, 4432.887367354318, -13573.20857920749, -34818.74284967695, -5490.70602544618, -36719.53519815626, -19587.347756308052, -18210.904981005788, 7534.9965733285635, -0.12904834876954557, 0.9582454111129046, -0.18967857995629311, 192.0, 125.5, 120.0, 14.5, 120.0, 125.0, 0.0, 0.0, 0.0, 0.0, 1.741808566631234E9, 0.0, 2025-03-12 14:42:46.631
82.0, 17864.899976837634, -27600.626957491277, -42960.16460182245, -28430.18960120554, -25114.062442071732, 6430.775693747484, -37689.93618368342, 14101.581466386495, 4451.416963507768, -13559.73047730094, -34823.190846823556, -5512.387217567828, -36717.14356149954, -19583.860884173024, -18216.51526886407, 7545.814817644932, -0.12904834876954557, 0.9582454111129046, -0.18967857995629311, 192.0, 0.0, 0.0, 0.0, 0.0, 0.0, 0.0, 0.0, 0.0, 0.0, 1.741808566631251E9, 0.0, 2025-03-12 14:42:46.631
84.0, 17878.556892699828, -27610.4170215627, -42969.88761066051, -28392.325746098253, -25113.436593226983, 6476.820287325417, -37694.004201174284, 14102.07320476451, 4446.790152405519, -13556.914157499572, -34803.74482914744, -5479.9548363631775, -36695.909404267004, -19578.116485848008, -18197.60569305488, 7548.273509535016, -0.12904834876954557, 0.9582454111129046, -0.18967857995629311, 192.0, 0.0, 0.0, 0.0, 0.0, 0.0, 0.0, 0.0, 0.0, 0.0, 1.741808566631266E9, 0.0, 2025-03-12 14:42:46.631
86.0, 17846.638601617648, -27595.217835333093, -42964.7914129247, -28430.502525627915, -25114.196552538462, 6429.747513502541, -37689.77972147223, 14099.681568107793, 4447.930091372739, -13561.58567209073, -34821.022727611395, -5509.772063466557, -36709.27574745128, -19588.68886097537, -18208.26747516006, 7544.384305999793, -0.12904834876954557, 0.9582454111129046, -0.18967857995629311, 192.0, 0.0, 0.0, 0.0, 0.0, 0.0, 0.0, 0.0, 0.0, 0.0, 1.741808566631281E9, 0.0, 2025-03-12 14:42:46.631
88.0, 17880.233273533973, -27617.100193154838, -42974.894401418496, -28382.625089004647, -25122.489049731383, 6492.287694488489, -37703.861320479074, 14096.954655284246, 4448.958271617684, -13561.831541279738, -34798.62627966717, -5479.530153218527, -36702.614927603594, -19576.618918969503, -18196.465754087658, 7546.887701378787, -0.12904834876954557, 0.9582454111129046, -0.18967857995629311, 192.0, 0.0, 0.0, 0.0, 0.0, 0.0, 0.0, 0.0, 0.0, 0.0, 1.741808566631296E9, 0.0, 2025-03-12 14:42:46.631
90.0, 17832.959334011, -27611.691070996654, -42973.352131051084, -28440.806679821813, -25124.992445110376, 6438.375286862289, -37707.638765292024, 14085.488210378673, 4440.911643613773, -13579.154143232601, -34829.963425393515, -5515.404703069295, -36720.13869525656, -19596.51197153473, -18222.147908466806, 7532.671991905212, -0.1285241743847728, 0.9571227055564524, -0.18983928997814656, 192.0, 126.0, 0.0, 14.5, 112.0, 125.0, 8.0, 0.0, 0.0, 0.0, 1.74180856669145E9, 0.0, 2025-03-12 14:42:46.691
92.0, 17892.7726021734, -27606.907797683216, -42959.69521518889, -28383.317993082765, -25114.64358742757, 6487.169145008224, -37697.17814888694, 14097.55815238454, 4455.350870531902, -13563.507922113888, -34802.3143175023, -5489.476679501138, -36695.440017633446, -19579.39053528196, -18207.373405381848, 7548.318213023927, -0.1285241743847728, 0.9571227055564524, -0.18983928997814656, 192.0, 0.0, 0.0, 0.0, 0.0, 0.0, 0.0, 0.0, 0.0, 0.0, 1.741808566691472E9, 0.0, 2025-03-12 14:42:46.691
94.0, 17828.33252290875, -27610.215855862603, -42972.90509616198, -28431.62011285068, -25131.16152658004, 6444.9019962432385, -37707.03526819173, 14086.337576667975, 4446.5666349609655, -13568.671175083064, -34821.84974215624, -5502.932429663233, -36712.628509119575, -19585.380802795986, -18220.22565844365, 7540.450398975659, -0.1285241743847728, 0.9571227055564524, -0.18983928997814656, 192.0, 0.0, 0.0, 0.0, 0.0, 0.0, 0.0, 0.0, 0.0, 0.0, 1.741808566691488E9, 0.0, 2025-03-12 14:42:46.691
96.0, 17882.356689257227, -27603.599739503832, -42961.483354745316, -28380.27815583684, -25117.30344501775, 6483.883438573294, -37696.08291340863, 14095.747661083658, 4443.817370392963, -13565.653689581597, -34816.88765488716, -5488.090871344909, -36709.29809919573, -19584.77730569569, -18218.169297953762, 7536.53884369598, -0.1285241743847728, 0.9571227055564524, -0.18983928997814656, 192.0, 0.0, 0.0, 0.0, 0.0, 0.0, 0.0, 0.0, 0.0, 0.0, 1.741808566691514E9, 0.0, 2025-03-12 14:42:46.691
98.0, 17816.53080183635, -27603.867960437296, -42973.843869429096, -28429.854325038712, -25129.30633179025, 6449.3052899009335, -37705.09066642412, 14088.706861580236, 4457.027251366049, -13553.092009197713, -34814.13839031916, -5486.794470166501, -36704.60423286012, -19578.921148648402, -18216.738786308622, 7545.9712798561195, -0.1285241743847728, 0.9571227055564524, -0.18983928997814656, 192.0, 0.0, 0.0, 0.0, 0.0, 0.0, 0.0, 0.0, 0.0, 0.0, 1.74180856669153E9, 0.0, 2025-03-12 14:42:46.691
100.0, 17871.270224007396, -27606.55016977193, -42963.65147395748, -28379.697010481003, -25117.30344501775, 6486.073909529914, -37699.525082054744, 14090.562056370027, 4446.365469260868, -13565.944262259516, -34813.825465896785, -5488.917885889756, -36712.40499167502, -19588.532398764182, -18224.494841634612, 7540.606861186846, -0.1302620871923864, 0.9595613527782262, -0.18591964498907326, 192.0, 125.5, 112.0, 15.0, 8.0, 125.0, 40.0, 0.0, 0.0, 0.0, 1.741808566691545E9, 0.0, 2025-03-12 14:42:46.691
102.0, 17824.57742984026, -27600.336384813356, -42964.70200594688, -28425.786307547845, -25118.44338398497, 6442.398600864244, -37697.93810819842, 14092.707823837736, 4460.335309545435, -13552.890843497617, -34809.913910617106, -5479.261932285062, -36705.632413105064, -19579.278776559684, -18215.21886768566, 7554.375535771315, -0.1302620871923864, 0.9595613527782262, -0.18591964498907326, 192.0, 0.0, 0.0, 0.0, 0.0, 0.0, 0.0, 0.0, 0.0, 0.0, 1.741808566691566E9, 0.0, 2025-03-12 14:42:46.691
104.0, 17879.96505260051, -27605.521989526987, -42967.36186353706, -28379.987583158923, -25116.54348570627, 6481.402394938755, -37701.04500067771, 14093.154858726843, 4449.807637906985, -13562.077410468748, -34814.89834963064, -5484.8945718878, -36713.09789575313, -19580.10579110453, -18221.924391022254, 7543.758457155044, -0.1302620871923864, 0.9595613527782262, -0.18591964498907326, 192.0, 0.0, 0.0, 0.0, 0.0, 0.0, 0.0, 0.0, 0.0, 0.0, 1.74180856669158E9, 0.0, 2025-03-12 14:42:46.691
106.0, 17812.52983957885, -27598.570597001388, -42968.77002343774, -28430.10019422772, -25117.102279317653, 6442.599766564342, -37698.340439598614, 14093.601893615949, 4450.299376285002, -13562.479741868943, -34817.468800243, -5483.017025353554, -36714.55075914273, -19580.30695680463, -18223.64547534531, 7542.551462954458, -0.1302620871923864, 0.9595613527782262, -0.18591964498907326, 192.0, 0.0, 0.0, 0.0, 0.0, 0.0, 0.0, 0.0, 0.0, 0.0, 1.74180856675024E9, 0.0, 2025-03-12 14:42:46.750
108.0, 17861.524863424882, -27605.343175571346, -42966.445442014396, -28390.872882708656, -25109.279168758294, 6467.23138895409, -37700.68737276642, 14099.79332683007, 4457.295472299513, -13554.231948164934, -34809.04219258335, -5489.767252179057, -36707.44290440594, -19577.915320147913, -18223.064329989473, 7547.133570567796, -0.1302620871923864, 0.9595613527782262, -0.18591964498907326, 192.0, 0.0, 0.0, 0.0, 0.0, 0.0, 0.0, 0.0, 0.0, 0.0, 1.741808566750262E9, 0.0, 2025-03-12 14:42:46.750
110.0, 17803.633845285636, -27600.135219113257, -42978.20245959789, -28424.04287148033, -25126.087680588687, 6450.758153290529, -37704.55422455719, 14086.047003990056, 4454.188579820226, -13556.556529588286, -34808.572805949785, -5479.865429385356, -36714.19313123145, -19584.799657440148, -18221.253838688594, 7537.25409951855, -0.1311310435961932, 0.959780676389113, -0.18095982249453663, 192.0, 125.5, 112.0, 15.0, 0.0, 125.0, 64.0, 0.0, 0.0, 0.0, 1.741808566750277E9, 0.0, 2025-03-12 14:42:46.750
112.0, 17853.768808098892, -27608.159495372714, -42969.59703798259, -28393.689202510024, -25117.370500251116, 6464.370365663811, -37697.98281168733, 14095.45708840574, 4455.753201932097, -13553.740209786918, -34816.28415778687, -5497.143327849309, -36711.24270096335, -19588.197122597354, -18229.635742859333, 7536.069457062418, -0.1311310435961932, 0.959780676389113, -0.18095982249453663, 192.0, 0.0, 0.0, 0.0, 0.0, 0.0, 0.0, 0.0, 0.0, 0.0, 1.741808566750302E9, 0.0, 2025-03-12 14:42:46.750
114.0, 17805.444336586515, -27605.969024416096, -42981.35405556608, -28421.897104012623, -25127.07115734472, 6451.965147491115, -37707.5493583142, 14083.275387677597, 4445.40434424929, -13564.916082014572, -34813.89252113015, -5485.140441076808, -36718.35055570013, -19593.516837777715, -18224.02545500105, 7534.102503550352, -0.1311310435961932, 0.959780676389113, -0.18095982249453663, 192.0, 0.0, 0.0, 0.0, 0.0, 0.0, 0.0, 0.0, 0.0, 0.0, 1.741808566750317E9, 0.0, 2025-03-12 14:42:46.750
116.0, 17842.257659704406, -27602.057469136416, -42965.663130958455, -28400.37237410216, -25114.95651184994, 6444.253795654035, -37695.635878519526, 14094.719480838714, 4456.155533332292, -13555.975384232448, -34819.86043689972, -5506.37459830935, -36717.3670789441, -19587.43716328587, -18234.41901617277, 7538.505797208047, -0.1311310435961932, 0.959780676389113, -0.18095982249453663, 192.0, 0.0, 0.0, 0.0, 0.0, 0.0, 0.0, 0.0, 0.0, 0.0, 1.741808566750332E9, 0.0, 2025-03-12 14:42:46.750
118.0, 17806.204295898, -27601.811599947407, -42965.797241425185, -28405.37916486015, -25118.64454968507, 6462.314005173923, -37697.289907609214, 14089.176248213798, 4445.694916927208, -13565.49722737041, -34808.59515769424, -5475.775060150035, -36715.93656729896, -19581.513951005218, -18217.118765964362, 7541.8585588763435, -0.1311310435961932, 0.959780676389113, -0.18095982249453663, 192.0, 0.0, 0.0, 0.0, 0.0, 0.0, 0.0, 0.0, 0.0, 0.0, 1.74180856675035E9, 0.0, 2025-03-12 14:42:46.750
120.0, 17837.63084860216, -27582.6114514603, -42948.49699121678, -28391.543435042317, -25100.852561098643, 6451.272243413001, -37682.22483184634, 14099.592161129971, 4468.448992782712, -13549.739247529418, -34810.71857341749, -5493.522345247548, -36711.287404452254, -19577.11065734752, -18216.89524851981, 7548.564082212935, -0.1305655217980966, 0.9578903381945565, -0.1784799112472683, 192.0, 125.5, 120.0, 14.5, 112.0, 125.0, 64.0, 0.0, 0.0, 0.0, 1.741808566810526E9, 0.0, 2025-03-12 14:42:46.810
122.0, 17817.067243703277, -27579.236338047547, -42951.49212497379, -28384.61439426117, -25101.791334365767, 6471.23235121159, -37681.35311381258, 14099.815678574525, 4474.238094596636, -13537.266974123357, -34786.53398591685, -5454.764420362047, -36694.88122402206, -19568.572290965592, -18195.616387798356, 7557.080096850407, -0.1305655217980966, 0.9578903381945565, -0.1784799112472683, 192.0, 0.0, 0.0, 0.0, 0.0, 0.0, 0.0, 0.0, 0.0, 0.0, 1.741808566810587E9, 0.0, 2025-03-12 14:42:46.810
124.0, 17821.62699957216, -27581.18093981516, -42951.06744182914, -28388.436542563028, -25099.39969770905, 6451.696926557652, -37684.77293071424, 14104.464841421228, 4475.4450887972225, -13540.619735791654, -34801.48730295745, -5486.101566088387, -36704.939509026946, -19570.427485755383, -18208.08866120442, 7555.023736360519, -0.1305655217980966, 0.9578903381945565, -0.1784799112472683, 192.0, 0.0, 0.0, 0.0, 0.0, 0.0, 0.0, 0.0, 0.0, 0.0, 1.741808566810612E9, 0.0, 2025-03-12 14:42:46.810
126.0, 17811.166383167074, -27594.234358577058, -42962.310369290164, -28373.505577266882, -25112.72133740441, 6495.819270112428, -37695.99350643081, 14103.146088498366, 4463.330443302446, -13547.749942272896, -34794.245337753935, -5463.302786743973, -36704.1124944821, -19565.375991508485, -18202.232504157128, 7548.698192679667, -0.1305655217980966, 0.9578903381945565, -0.1784799112472683, 192.0, 0.0, 0.0, 0.0, 0.0, 0.0, 0.0, 0.0, 0.0, 0.0, 1.741808566810628E9, 0.0, 2025-03-12 14:42:46.810
128.0, 17806.42781334255, -27579.12457932527, -42943.9372353479, -28393.71155425448, -25107.15575303504, 6452.814513780417, -37687.03045690423, 14108.108175767444, 4468.381937549346, -13549.918061485061, -34811.724401917985, -5499.378502294839, -36708.3146224397, -19578.138837592465, -18213.117803706864, 7554.911977638242, -0.1305655217980966, 0.9578903381945565, -0.1784799112472683, 192.0, 0.0, 0.0, 0.0, 0.0, 0.0, 0.0, 0.0, 0.0, 0.0, 1.741808566810642E9, 0.0, 2025-03-12 14:42:46.810
130.0, 17830.522993865372, -27579.236338047547, -42944.473677214824, -28348.918658366045, -25111.939026348475, 6499.395549225277, -37689.01976216075, 14112.757338614147, 4484.274027857069, -13527.141633885103, -34777.99561953493, -5449.26589122604, -36692.08725596515, -19544.320648231584, -18189.51436156206, 7571.698137724178, -0.1302827608990483, 0.9579451690972782, -0.17723995562363415, 192.0, 125.5, 120.0, 14.5, 120.0, 125.0, 64.0, 0.0, 0.0, 0.0, 1.741808566810657E9, 0.0, 2025-03-12 14:42:46.810
132.0, 17795.296644603808, -27596.17896034467, -42959.56110472216, -28397.53370255634, -25119.717433418922, 6461.978729007093, -37702.02847743374, 14094.942998283268, 4476.942655675728, -13538.697485768496, -34809.53393096136, -5481.899438130789, -36713.74609634234, -19569.95809912182, -18210.167373438762, 7549.346393268871, -0.1302827608990483, 0.9579451690972782, -0.17723995562363415, 192.0, 0.0, 0.0, 0.0, 0.0, 0.0, 0.0, 0.0, 0.0, 0.0, 1.741808566810673E9, 0.0, 2025-03-12 14:42:46.810
134.0, 17816.553153580804, -27601.208102847115, -42954.66607268644, -28374.37729530064, -25110.508514703335, 6492.377101466311, -37694.51829129676, 14097.133469239889, 4457.429582766245, -13552.622622564153, -34803.118980302694, -5468.957778091166, -36709.54396838474, -19580.798695182646, -18209.206248427185, 7539.422218730715, -0.1302827608990483, 0.9579451690972782, -0.17723995562363415, 192.0, 0.0, 0.0, 0.0, 0.0, 0.0, 0.0, 0.0, 0.0, 0.0, 1.741808566810692E9, 0.0, 2025-03-12 14:42:46.810
136.0, 17782.310281075275, -27591.55214924242, -42950.12866856202, -28418.410231877595, -25103.154790777542, 6439.537577573965, -37686.15873887047, 14099.88273380789, 4463.97864389165, -13553.829616764739, -34819.72632643298, -5493.030606869532, -36712.58380563066, -19581.960985894322, -18222.70670207819, 7546.664183934234, -0.1302827608990483, 0.9579451690972782, -0.17723995562363415, 192.0, 0.0, 0.0, 0.0, 0.0, 0.0, 0.0, 0.0, 0.0, 0.0, 1.741808566871292E9, 0.0, 2025-03-12 14:42:46.871
138.0, 17828.936020009045, -27590.769838186487, -42950.08396507311, -28371.51627201036, -25104.630005911593, 6485.04572928497, -37686.91869818195, 14102.162611742331, 4469.968911405672, -13542.810206748272, -34802.627241924674, -5467.46021121266, -36700.49151188034, -19566.560633964615, -18210.815574027965, 7553.146189826273, -0.1302827608990483, 0.9579451690972782, -0.17723995562363415, 192.0, 0.0, 0.0, 0.0, 0.0, 0.0, 0.0, 0.0, 0.0, 0.0, 1.74180856687131E9, 0.0, 2025-03-12 14:42:46.871
140.0, 17777.392897295107, -27590.03223061946, -42952.676767429926, -28418.253769666408, -25111.06730831472, 6440.65516479673, -37692.484282551326, 14092.663120348827, 4474.260446341092, -13547.30290738379, -34818.40757351012, -5495.176374337241, -36707.7111253394, -19580.776343438192, -18227.065292246974, 7543.892567621776, -0.13114138044952417, 0.9569725845486392, -0.17761997781181707, 192.0, 125.5, 112.0, 14.5, 112.0, 125.0, 56.0, 0.0, 0.0, 0.0, 1.741808566871332E9, 0.0, 2025-03-12 14:42:46.871
142.0, 17826.96906649698, -27591.395687031232, -42949.88279937301, -28370.532795254327, -25106.440497212472, 6488.130270019802, -37696.12761689754, 14098.519277396117, 4468.381937549346, -13543.123131170647, -34803.94599484754, -5475.193914794197, -36703.44194214844, -19574.67431720189, -18222.304370677994, 7539.645736175268, -0.13114138044952417, 0.9569725845486392, -0.17761997781181707, 192.0, 0.0, 0.0, 0.0, 0.0, 0.0, 0.0, 0.0, 0.0, 0.0, 1.74180856687135E9, 0.0, 2025-03-12 14:42:46.871
144.0, 17769.525083246837, -27582.767913671487, -42949.21224703935, -28418.231417921954, -25111.29082575927, 6436.9224234726935, -37695.41236107497, 14092.573713371004, 4473.902818429807, -13541.849081736695, -34815.926529875585, -5487.04033935551, -36707.867587550594, -19574.0708201016, -18227.22175445816, 7543.557291454947, -0.13114138044952417, 0.9569725845486392, -0.17761997781181707, 192.0, 0.0, 0.0, 0.0, 0.0, 0.0, 0.0, 0.0, 0.0, 0.0, 1.741808566871365E9, 0.0, 2025-03-12 14:42:46.871
146.0, 17809.557057566293, -27594.971966144083, -42949.48046797281, -28364.18489982902, -25107.513380946326, 6491.617142154831, -37694.18301512993, 14097.491097151173, 4462.16815259077, -13550.052171951793, -34807.254053026925, -5481.117127074853, -36709.8121893182, -19577.423581769894, -18222.058501488984, 7542.126779809807, -0.13114138044952417, 0.9569725845486392, -0.17761997781181707, 192.0, 0.0, 0.0, 0.0, 0.0, 0.0, 0.0, 0.0, 0.0, 0.0, 1.741808566871385E9, 0.0, 2025-03-12 14:42:46.871
148.0, 17740.959553832956, -27594.010841132505, -42958.93525587741, -28422.14297320163, -25115.761174650335, 6445.0808101988805, -37697.647535520504, 14094.719480838714, 4461.251731068102, -13551.594442319209, -34819.50280898843, -5496.517479004559, -36716.808285332714, -19582.944462650357, -18227.668789347266, 7547.3794397568045, -0.13114138044952417, 0.9569725845486392, -0.17761997781181707, 192.0, 0.0, 0.0, 0.0, 0.0, 0.0, 0.0, 0.0, 0.0, 0.0, 1.741808566871399E9, 0.0, 2025-03-12 14:42:46.871
150.0, 17790.37926082364, -27604.18088485967, -42957.54944772118, -28374.064370878266, -25110.24029376987, 6485.3810054518, -37696.70876225338, 14098.854553562947, 4452.35573677489, -13557.87528251115, -34824.80017242434, -5502.060711629476, -36718.641128378054, -19583.25738707273, -18225.94770502421, 7548.318213023927, -0.12857069022476209, 0.9574862922743197, -0.17680998890590854, 192.0, 126.0, 8.0, 14.5, 120.0, 125.0, 64.0, 0.0, 0.0, 0.0, 1.741808566931196E9, 0.0, 2025-03-12 14:42:46.931
152.0, 17729.51546067184, -27600.82812319137, -42960.49987798928, -28421.852400523712, -25119.963302607932, 6448.299461400445, -37698.78747448772, 14091.389070914875, 4451.97575711915, -13562.613852335675, -34826.00716662493, -5501.27840057354, -36723.75967785832, -19587.481866774782, -18226.975885269152, 7546.127742067307, -0.12857069022476209, 0.9574862922743197, -0.17680998890590854, 192.0, 0.0, 0.0, 0.0, 0.0, 0.0, 0.0, 0.0, 0.0, 0.0, 1.741808566931214E9, 0.0, 2025-03-12 14:42:46.931
154.0, 17792.323862591253, -27601.02928889147, -42948.72050866133, -28371.85154817719, -25108.698023402456, 6478.541371648475, -37690.53968078371, 14104.286027465587, 4457.206065321692, -13554.67898305404, -34817.312338031814, -5498.529136005537, -36712.5167503973, -19577.177712580888, -18222.751405567098, 7552.185064814695, -0.12857069022476209, 0.9574862922743197, -0.17680998890590854, 192.0, 0.0, 0.0, 0.0, 0.0, 0.0, 0.0, 0.0, 0.0, 0.0, 1.741808566931229E9, 0.0, 2025-03-12 14:42:46.931
156.0, 17737.69619914248, -27592.110942853804, -42949.97220635083, -28416.331519643252, -25114.73299440539, 6446.9583567331265, -37689.08681739412, 14099.525105896606, 4458.346004288913, -13555.863625510172, -34814.585425208264, -5487.666188200258, -36723.49145692485, -19578.228244570284, -18223.13138522284, 7549.033468846496, -0.12857069022476209, 0.9574862922743197, -0.17680998890590854, 192.0, 0.0, 0.0, 0.0, 0.0, 0.0, 0.0, 0.0, 0.0, 0.0, 1.741808566931254E9, 0.0, 2025-03-12 14:42:46.931
158.0, 17793.933188192033, -27598.145913856737, -42942.372613236024, -28371.024533632342, -25105.993462323364, 6475.94856929166, -37687.3433813266, 14108.778728101102, 4461.83287642394, -13545.201843404991, -34812.26084378491, -5488.962589378666, -36713.92491029798, -19564.63838394146, -18224.405434656794, 7557.057745105952, -0.12857069022476209, 0.9574862922743197, -0.17680998890590854, 192.0, 0.0, 0.0, 0.0, 0.0, 0.0, 0.0, 0.0, 0.0, 0.0, 1.741808566931269E9, 0.0, 2025-03-12 14:42:46.931
160.0, 17739.014952065343, -27586.88063465126, -42945.85948537105, -28405.826199749255, -25115.02356708331, 6458.625967338797, -37692.350172084596, 14100.732100097192, 4461.1846758347365, -13547.124093428147, -34810.383297250664, -5475.752708405579, -36710.393334674045, -19568.885215387967, -18223.26549568957, 7554.464942749137, -0.12828534511238104, 0.9597431461371598, -0.17440499445295427, 192.0, 126.0, 0.0, 15.0, 8.0, 125.0, 80.0, 0.0, 0.0, 0.0, 1.741808566931284E9, 0.0, 2025-03-12 14:42:46.931
162.0, 17786.490057288418, -27586.32184103988, -42936.73997363329, -28374.064370878266, -25104.71941288941, 6470.003005266548, -37685.08585513662, 14110.030425790601, 4468.136068360337, -13543.413703848566, -34806.829369882274, -5488.247333556096, -36709.02987826227, -19568.371125265494, -18231.28977194903, 7559.359974784848, -0.12828534511238104, 0.9597431461371598, -0.17440499445295427, 192.0, 0.0, 0.0, 0.0, 0.0, 0.0, 0.0, 0.0, 0.0, 0.0, 1.741808566931304E9, 0.0, 2025-03-12 14:42:46.931
164.0, 17749.386161492606, -27583.192596816138, -42936.44940095537, -28394.873844966158, -25108.809782124732, 6456.010813237526, -37684.81763420315, 14105.31420771053, 4475.355681819401, -13541.424398592044, -34793.91006158711, -5468.8907228578, -36700.42445664698, -19565.532453719672, -18221.633818344333, 7562.06453586394, -0.12828534511238104, 0.9597431461371598, -0.17440499445295427, 192.0, 0.0, 0.0, 0.0, 0.0, 0.0, 0.0, 0.0, 0.0, 0.0, 1.74180856693132E9, 0.0, 2025-03-12 14:42:46.931
166.0, 17791.98858642442, -27595.642518477744, -42938.77398237872, -28376.52306276835, -25110.977901336897, 6465.175028464202, -37692.50663429578, 14100.93326579729, 4479.334292332446, -13542.184357903525, -34801.2637855129, -5490.437804512716, -36700.178587457965, -19569.689878188357, -18231.066254504472, 7557.7730009285215, -0.12828534511238104, 0.9597431461371598, -0.17440499445295427, 192.0, 0.0, 0.0, 0.0, 0.0, 0.0, 0.0, 0.0, 0.0, 0.0, 1.741808566991494E9, 0.0, 2025-03-12 14:42:46.991
168.0, 17759.08681858621, -27603.577387759375, -42955.22486629783, -28400.707650268992, -25124.746575921366, 6475.769755336018, -37708.823407748154, 14086.985777257178, 4457.898969399806, -13564.670212825564, -34806.85172162673, -5483.8440398984, -36709.052230006724, -19584.15145685094, -18236.743597596123, 7538.036410574486, -0.12828534511238104, 0.9597431461371598, -0.17440499445295427, 192.0, 0.0, 0.0, 0.0, 0.0, 0.0, 0.0, 0.0, 0.0, 0.0, 1.741808566991511E9, 0.0, 2025-03-12 14:42:46.991
170.0, 17794.536685292325, -27594.36846904379, -42948.56404645015, -28400.841760735722, -25117.146982806564, 6456.033164981981, -37700.39680008851, 14091.232608703687, 4452.892178641818, -13569.565244861275, -34823.59317822375, -5516.56699378097, -36726.97832905988, -19592.756878466236, -18248.478263435158, 7534.840111117377, -0.12814267255619052, 0.9638715730685798, -0.17720249722647713, 192.0, 126.0, 0.0, 15.0, 32.0, 125.0, 48.0, 0.0, 0.0, 0.0, 1.741808566991526E9, 0.0, 2025-03-12 14:42:46.991
172.0, 17786.691222988513, -27587.975870129572, -42954.73312791981, -28402.451086336507, -25123.561933465237, 6475.456830913643, -37697.62518377604, 14092.663120348827, 4461.83287642394, -13565.340765159222, -34804.102457058725, -5481.9441416197, -36711.93560504146, -19583.950291150846, -18223.64547534531, 7545.814817644932, -0.12814267255619052, 0.9638715730685798, -0.17720249722647713, 192.0, 0.0, 0.0, 0.0, 0.0, 0.0, 0.0, 0.0, 0.0, 0.0, 1.741808566991542E9, 0.0, 2025-03-12 14:42:46.991
174.0, 17812.23926690093, -27586.008916617506, -42951.7379941628, -28401.445257836018, -25114.35301474965, 6452.792162035962, -37693.28894535171, 14103.235495476187, 4477.769670220575, -13556.623584821653, -34816.59708220924, -5506.061673886976, -36711.287404452254, -19580.709288204824, -18229.61339111488, 7555.850750905365, -0.12814267255619052, 0.9638715730685798, -0.17720249722647713, 192.0, 0.0, 0.0, 0.0, 0.0, 0.0, 0.0, 0.0, 0.0, 0.0, 1.741808566991557E9, 0.0, 2025-03-12 14:42:46.991
176.0, 17827.036121730343, -27580.398628759223, -42953.39202325249, -28385.7990367173, -25112.184895537484, 6477.0661565144255, -37687.87982319353, 14105.73889085518, 4470.684167228243, -13558.165855189069, -34804.34832624773, -5474.210438038163, -36703.21842470389, -19573.087343345564, -18211.731995550632, 7561.5280939970135, -0.12814267255619052, 0.9638715730685798, -0.17720249722647713, 192.0, 0.0, 0.0, 0.0, 0.0, 0.0, 0.0, 0.0, 0.0, 0.0, 1.741808566991572E9, 0.0, 2025-03-12 14:42:46.991
178.0, 17839.9107265366, -27574.184843800645, -42947.24529352728, -28399.724173512957, -25103.579473922193, 6441.571586319397, -37680.54845101219, 14112.958504314245, 4488.520859303577, -13545.403009105088, -34809.6680414281, -5496.85275517139, -36704.35836367111, -19568.706401432326, -18209.921504249753, 7576.526114526524, -0.12814267255619052, 0.9638715730685798, -0.17720249722647713, 192.0, 0.0, 0.0, 0.0, 0.0, 0.0, 0.0, 0.0, 0.0, 0.0, 1.741808566991597E9, 0.0, 2025-03-12 14:42:46.991
180.0, 17869.638546662158, -27574.877747878763, -42949.94985460638, -28371.695085966003, -25105.613482667624, 6480.597732138363, -37684.3929510585, 14111.617399646926, 4478.283760343046, -13547.191148661514, -34795.564090676795, -5465.672071656236, -36697.5634333567, -19561.330325762072, -18194.27528313104, 7577.464887793647, -0.12907133627809525, 0.9659357865342899, -0.17660124861323856, 192.0, 125.5, 120.0, 15.0, 32.0, 125.0, 64.0, 0.0, 0.0, 0.0, 1.741808567053143E9, 0.0, 2025-03-12 14:42:47.053
182.0, 17861.86013959171, -27567.36756174178, -42941.59030218009, -28402.026403191856, -25099.176180264498, 6437.302403128434, -37679.87789867853, 14114.232553748197, 4490.711330260197, -13543.950145715493, -34800.92850934607, -5486.503897488582, -36703.665459592994, -19566.582985709072, -18196.108126176372, 7585.489164053102, -0.12907133627809525, 0.9659357865342899, -0.17660124861323856, 192.0, 0.0, 0.0, 0.0, 0.0, 0.0, 0.0, 0.0, 0.0, 0.0, 1.741808567053162E9, 0.0, 2025-03-12 14:42:47.053
184.0, 17888.81634340481, -27580.197463059125, -42951.00038659578, -28369.146987098098, -25110.843790870167, 6497.629761413308, -37693.91479419646, 14106.007111788645, 4481.1447836333255, -13549.135750429125, -34788.90327082912, -5461.64875765428, -36696.98228800086, -19558.469302471793, -18182.92059694774, 7575.475582537125, -0.12907133627809525, 0.9659357865342899, -0.17660124861323856, 192.0, 0.0, 0.0, 0.0, 0.0, 0.0, 0.0, 0.0, 0.0, 0.0, 1.741808567053188E9, 0.0, 2025-03-12 14:42:47.053
186.0, 17857.278031978374, -27577.157625813205, -42953.68259593041, -28418.924322000068, -25114.911808361034, 6450.0652492124145, -37691.7466749843, 14101.31324545303, 4479.356644076901, -13548.979288217937, -34810.36094550621, -5494.125842347842, -36709.29809919573, -19572.72971543428, -18197.78450701052, 7570.178219101217, -0.12907133627809525, 0.9659357865342899, -0.17660124861323856, 192.0, 0.0, 0.0, 0.0, 0.0, 0.0, 0.0, 0.0, 0.0, 0.0, 1.741808567053203E9, 0.0, 2025-03-12 14:42:47.053
188.0, 17903.076756367296, -27576.46472173509, -42951.29095927369, -28369.035228375822, -25109.949721091954, 6488.71141537564, -37686.8963464375, 14107.705844367249, 4475.825068452963, -13553.695506298007, -34796.14523603264, -5469.471868213638, -36702.36905841459, -19564.370163007996, -18185.40164058228, 7571.5640272574465, -0.12907133627809525, 0.9659357865342899, -0.17660124861323856, 192.0, 0.0, 0.0, 0.0, 0.0, 0.0, 0.0, 0.0, 0.0, 0.0, 1.741808567053224E9, 0.0, 2025-03-12 14:42:47.053
190.0, 17858.909709323612, -27568.887480364738, -42950.419241239935, -28412.91170274159, -25108.58626468018, 6429.300478613434, -37679.14029111151, 14109.583390901495, 4488.1855831367475, -13550.230985907434, -34807.522273960385, -5490.013121368065, -36705.05126774922, -19567.052372342634, -18192.509495319067, 7576.056727892963, -0.12653566813904762, 0.9659678932671449, -0.1753006243066193, 192.0, 126.0, 16.0, 15.0, 24.0, 125.0, 72.0, 0.0, 0.0, 0.0, 1.741808567053239E9, 0.0, 2025-03-12 14:42:47.053
192.0, 17906.518925013414, -27578.4093235027, -42952.47560172983, -28352.293771778797, -25106.17227627901, 6488.532601419998, -37680.90607892348, 14116.624190404915, 4489.07965291496, -13541.983192203426, -34785.12582601617, -5464.3980222222835, -36683.72770353886, -19552.747255891234, -18179.947814935185, 7589.735995499611, -0.12653566813904762, 0.9659678932671449, -0.1753006243066193, 192.0, 0.0, 0.0, 0.0, 0.0, 0.0, 0.0, 0.0, 0.0, 0.0, 1.741808567053255E9, 0.0, 2025-03-12 14:42:47.053
194.0, 17857.121569767187, -27565.668829163176, -42950.75451740676, -28407.122600927665, -25103.87004660011, 6441.526882830487, -37675.18403234292, 14115.640713648882, 4486.531554047055, -13548.82282600675, -34802.26961401339, -5484.8945718878, -36702.88314853706, -19565.39834325294, -18191.03428018502, 7587.679635009723, -0.12653566813904762, 0.9659678932671449, -0.1753006243066193, 192.0, 0.0, 0.0, 0.0, 0.0, 0.0, 0.0, 0.0, 0.0, 0.0, 1.74180856705327E9, 0.0, 2025-03-12 14:42:47.053
196.0, 17908.39647154766, -27574.810692645395, -42955.20251455337, -28352.13730956761, -25106.485200701383, 6498.367368980333, -37683.85650919157, 14115.730120626704, 4490.018426182082, -13543.145482915103, -34785.21523299399, -5465.60501642287, -36693.540119354744, -19552.747255891234, -18182.831189969922, 7590.607713533368, -0.12653566813904762, 0.9659678932671449, -0.1753006243066193, 192.0, 0.0, 0.0, 0.0, 0.0, 0.0, 0.0, 0.0, 0.0, 0.0, 1.741808567118199E9, 0.0, 2025-03-12 14:42:47.118
198.0, 17846.415084173095, -27567.88165186425, -42959.13642157751, -28409.87186549567, -25110.620273425615, 6444.723182287596, -37686.33755282612, 14106.945885055768, 4485.078690657459, -13549.336916129223, -34805.60002393723, -5480.2454090410965, -36708.1134567396, -19565.085418830564, -18202.679539046232, 7578.381309316315, -0.12653566813904762, 0.9659678932671449, -0.1753006243066193, 192.0, 0.0, 0.0, 0.0, 0.0, 0.0, 0.0, 0.0, 0.0, 0.0, 1.741808567118216E9, 0.0, 2025-03-12 14:42:47.118
200.0, 17905.848372679757, -27572.84373913333, -42954.464906986344, -28356.60765845867, -25103.53477043328, 6487.258551986045, -37684.7952824587, 14112.399710702863, 4488.431452325756, -13545.224195149445, -34792.4124947086, -5469.740089147102, -36695.95410775591, -19559.072799572088, -18191.21309414066, 7580.817649461944, -0.1252678340695238, 0.9659839466335725, -0.17465031215330967, 192.0, 126.0, 16.0, 15.0, 24.0, 125.0, 72.0, 0.0, 0.0, 0.0, 1.74180856711824E9, 0.0, 2025-03-12 14:42:47.118
202.0, 17844.62694461667, -27564.372427984767, -42950.21807553984, -28407.99431896142, -25105.702889645447, 6443.270318898001, -37682.71657022436, 14110.388053701885, 4487.336216847446, -13548.465198095466, -34800.14619829014, -5477.496144473093, -36701.60909910311, -19567.58881420956, -18194.007062197576, 7579.990634917097, -0.1252678340695238, 0.9659839466335725, -0.17465031215330967, 192.0, 0.0, 0.0, 0.0, 0.0, 0.0, 0.0, 0.0, 0.0, 0.0, 1.741808567118256E9, 0.0, 2025-03-12 14:42:47.118
204.0, 17891.386794017173, -27575.302431023414, -42948.7875638947, -28359.446330004495, -25105.12174428961, 6485.001025796059, -37683.27536383574, 14113.562001414539, 4487.291513358536, -13544.598346304698, -34796.83814011075, -5477.60790319537, -36693.98715424385, -19558.44695072734, -18189.849637728887, 7584.840963463898, -0.1252678340695238, 0.9659839466335725, -0.17465031215330967, 192.0, 0.0, 0.0, 0.0, 0.0, 0.0, 0.0, 0.0, 0.0, 0.0, 1.741808567118271E9, 0.0, 2025-03-12 14:42:47.118
206.0, 17834.76982531188, -27557.756311625995, -42947.35705224956, -28409.49188583993, -25108.318043746716, 6451.965147491115, -37687.7457127268, 14105.135393754888, 4488.856135470407, -13545.581823060731, -34804.97417509248, -5468.622501924337, -36697.71989556788, -19564.548976963637, -18196.644568043303, 7575.229713348117, -0.1252678340695238, 0.9659839466335725, -0.17465031215330967, 192.0, 0.0, 0.0, 0.0, 0.0, 0.0, 0.0, 0.0, 0.0, 0.0, 1.741808567118289E9, 0.0, 2025-03-12 14:42:47.118
208.0, 17895.25364580794, -27558.471567448567, -42941.970281835835, -28368.297620808797, -25103.69123264447, 6476.037976269481, -37689.71266623887, 14105.940056555279, 4494.444071584234, -13535.210613633468, -34799.207425023014, -5467.683728657214, -36695.32825891117, -19554.893023358945, -18199.349129122395, 7572.748669713577, -0.1252678340695238, 0.9659839466335725, -0.17465031215330967, 192.0, 0.0, 0.0, 0.0, 0.0, 0.0, 0.0, 0.0, 0.0, 0.0, 1.741808567118304E9, 0.0, 2025-03-12 14:42:47.118
210.0, 17844.224613216473, -27559.857375604795, -42946.708851660354, -28407.703746283503, -25113.615407182624, 6449.573510834398, -37694.83121571913, 14096.59702737296, 4490.0631296709935, -13539.233927635423, -34792.81482610879, -5458.832437852912, -36694.098912966125, -19555.317706503596, -18194.83407674242, 7568.077155122418, -0.1266339170347619, 0.9639919733167862, -0.17532515607665483, 192.0, 126.0, 0.0, 15.0, 8.0, 125.0, 64.0, 0.0, 0.0, 0.0, 1.741808567118322E9, 0.0, 2025-03-12 14:42:47.118
212.0, 17890.82800040579, -27568.485148964544, -42954.01787209724, -28379.18292035853, -25122.243180542373, 6470.114763988825, -37703.99543094581, 14094.0265767606, 4484.922228446273, -13539.72566601344, -34800.8614541127, -5479.686615429713, -36702.52552062577, -19558.0669710716, -18203.84182975791, 7567.138381855296, -0.1266339170347619, 0.9639919733167862, -0.17532515607665483, 192.0, 0.0, 0.0, 0.0, 0.0, 0.0, 0.0, 0.0, 0.0, 0.0, 1.741808567173449E9, 0.0, 2025-03-12 14:42:47.173
214.0, 17846.459787662006, -27565.98175358555, -42958.13059307702, -28407.502580583405, -25129.887477146087, 6463.051612740947, -37707.1023234251, 14084.772954556103, 4479.736623732641, -13553.762561531374, -34804.08010531427, -5467.728432146124, -36710.19216897395, -19568.438180498862, -18215.285922919025, 7543.981974599597, -0.1266339170347619, 0.9639919733167862, -0.17532515607665483, 192.0, 0.0, 0.0, 0.0, 0.0, 0.0, 0.0, 0.0, 0.0, 0.0, 1.741808567173465E9, 0.0, 2025-03-12 14:42:47.173
216.0, 17882.289634023862, -27570.295640265424, -42952.520305218735, -28382.15570237109, -25119.046881085265, 6466.627891853797, -37701.067352422164, 14090.405594158841, 4483.290551101035, -13545.671230038552, -34804.14716054763, -5481.675920686236, -36706.57118637219, -19565.934785119865, -18213.16250719577, 7554.241425304584, -0.1266339170347619, 0.9639919733167862, -0.17532515607665483, 192.0, 0.0, 0.0, 0.0, 0.0, 0.0, 0.0, 0.0, 0.0, 0.0, 1.741808567173481E9, 0.0, 2025-03-12 14:42:47.173
218.0, 17854.43936043255, -27563.12073029527, -42947.04412782718, -28397.801923489802, -25111.29082575927, 6467.633720354285, -37694.83121571913, 14094.674777349805, 4474.707481230197, -13552.600270819697, -34799.67681165657, -5458.608920408359, -36706.615889861096, -19566.31476477561, -18197.65039654379, 7552.274471792516, -0.1266339170347619, 0.9639919733167862, -0.17532515607665483, 192.0, 0.0, 0.0, 0.0, 0.0, 0.0, 0.0, 0.0, 0.0, 0.0, 1.741808567173496E9, 0.0, 2025-03-12 14:42:47.173
220.0, 17882.20022704604, -27564.059503562392, -42943.37844173652, -28383.13917912712, -25106.82047686821, 6455.541426603964, -37686.71753248185, 14110.522164168617, 4497.170984407781, -13534.070674666247, -34791.67488714158, -5473.830458382423, -36692.422532131975, -19553.797787880634, -18186.809800482966, 7571.0946406238845, -0.12731695851738095, 0.9639959866583931, -0.1766625780383274, 192.0, 126.0, 0.0, 15.0, 16.0, 125.0, 56.0, 0.0, 0.0, 0.0, 1.741808567173511E9, 0.0, 2025-03-12 14:42:47.173
222.0, 17859.960241313012, -27560.863204105284, -42946.015947582244, -28378.534719769326, -25109.01094782483, 6480.553028649453, -37690.36086682807, 14107.102347266955, 4485.279856357558, -13541.804378247783, -34782.06363702579, -5446.740144102591, -36694.74711355533, -19551.58496517956, -18184.328756848427, 7562.042184119486, -0.12731695851738095, 0.9639959866583931, -0.1766625780383274, 192.0, 0.0, 0.0, 0.0, 0.0, 0.0, 0.0, 0.0, 0.0, 0.0, 1.741808567173536E9, 0.0, 2025-03-12 14:42:47.173
224.0, 17871.896072852145, -27561.444349461122, -42935.331813732606, -28390.09057165272, -25094.39290695106, 6450.601691079341, -37683.83415744712, 14106.543553655572, 4490.867792471385, -13538.317506112757, -34796.25699475491, -5475.842115383401, -36699.97742175787, -19560.34684900604, -18199.304425633483, 7562.869198664332, -0.12731695851738095, 0.9639959866583931, -0.1766625780383274, 192.0, 0.0, 0.0, 0.0, 0.0, 0.0, 0.0, 0.0, 0.0, 0.0, 1.741808567173551E9, 0.0, 2025-03-12 14:42:47.173
226.0, 17869.839712362256, -27571.368523999277, -42937.94696783388, -28378.557071513784, -25098.215055252916, 6478.85429607085, -37686.00227665929, 14105.64948387736, 4489.571391292977, -13537.758712501372, -34777.72739860146, -5442.001574278066, -36684.75588378381, -19548.992162822746, -18178.472599801134, 7565.506704510058, -0.12731695851738095, 0.9639959866583931, -0.1766625780383274, 192.0, 0.0, 0.0, 0.0, 0.0, 0.0, 0.0, 0.0, 0.0, 0.0, 1.741808567233792E9, 0.0, 2025-03-12 14:42:47.233
228.0, 17852.42770343157, -27574.095436822827, -42939.60099692357, -28404.418039848573, -25098.30446223074, 6439.93990897416, -37688.393913316, 14100.732100097192, 4493.035911683549, -13538.183395646025, -34793.41832320909, -5470.835324625412, -36691.14848269802, -19556.100017559533, -18189.492009817604, 7568.770059200533, -0.12731695851738095, 0.9639959866583931, -0.1766625780383274, 192.0, 0.0, 0.0, 0.0, 0.0, 0.0, 0.0, 0.0, 0.0, 0.0, 1.741808567233817E9, 0.0, 2025-03-12 14:42:47.233
230.0, 17849.611383630203, -27587.50648349601, -42953.280264530214, -28387.207196617986, -25111.69315715947, 6482.922313561716, -37701.067352422164, 14091.098498236955, 4475.869771941873, -13556.265956910367, -34790.959631319005, -5449.26589122604, -36693.7636367993, -19554.44598846984, -18188.32971910593, 7554.219073560128, -0.13065847925869048, 0.9629979933291966, -0.17533128901916373, 192.0, 125.5, 104.0, 15.0, 8.0, 125.0, 72.0, 0.0, 0.0, 0.0, 1.741808567233832E9, 0.0, 2025-03-12 14:42:47.233
232.0, 17832.91463052209, -27576.867053135284, -42944.56308419265, -28429.653159338613, -25107.78160187979, 6434.2178623936015, -37691.210233117374, 14094.831239560992, 4474.618074252377, -13566.570111104264, -34816.10534383122, -5492.807089424979, -36706.83940730565, -19570.315727033107, -18204.154754180283, 7549.279338035505, -0.13065847925869048, 0.9629979933291966, -0.17533128901916373, 192.0, 0.0, 0.0, 0.0, 0.0, 0.0, 0.0, 0.0, 0.0, 0.0, 1.741808567233852E9, 0.0, 2025-03-12 14:42:47.233
234.0, 17855.9145755666, -27589.920471897185, -42953.32496801913, -28385.687277995024, -25111.11201180363, 6487.526772919509, -37696.239375619814, 14095.658254105838, 4478.93196093225, -13558.724648800451, -34794.111227287205, -5460.061783797954, -36691.707276309404, -19559.16220654991, -18185.46869581565, 7556.789524172488, -0.13065847925869048, 0.9629979933291966, -0.17533128901916373, 192.0, 0.0, 0.0, 0.0, 0.0, 0.0, 0.0, 0.0, 0.0, 0.0, 1.741808567233867E9, 0.0, 2025-03-12 14:42:47.233
236.0, 17817.223705914465, -27591.663907964696, -42962.01979661224, -28432.938865773544, -25118.51043921834, 6440.27518514099, -37702.43080883394, 14090.74087032567, 4472.427603295756, -13565.92191051506, -34821.22389331149, -5496.316313304462, -36712.896730053035, -19578.340003292564, -18209.832097271934, 7548.16175081274, -0.13065847925869048, 0.9629979933291966, -0.17533128901916373, 192.0, 0.0, 0.0, 0.0, 0.0, 0.0, 0.0, 0.0, 0.0, 0.0, 1.741808567233882E9, 0.0, 2025-03-12 14:42:47.233
238.0, 17855.825168588777, -27598.771762701486, -42957.974130865834, -28391.00699317539, -25117.035224084288, 6485.291598473978, -37703.3472303566, 14092.484306393184, 4463.464553769178, -13572.515675129376, -34810.94209086205, -5483.061728842465, -36714.371945187086, -19580.150494593443, -18208.46864086016, 7544.943099611176, -0.13065847925869048, 0.9629979933291966, -0.17533128901916373, 192.0, 0.0, 0.0, 0.0, 0.0, 0.0, 0.0, 0.0, 0.0, 0.0, 1.741808567233897E9, 0.0, 2025-03-12 14:42:47.233
240.0, 17813.62507505716, -27593.83202717686, -42959.225828555325, -28439.86790655469, -25117.526962462303, 6425.187757633657, -37702.207291389386, 14087.633977846383, 4480.720100488675, -13564.133770958635, -34817.89348338765, -5500.607848239881, -36711.60032887463, -19576.328346291586, -18217.968132253663, 7554.040259604485, -0.12932923962934523, 0.9624989966645983, -0.17266564450958188, 192.0, 126.0, 0.0, 15.0, 8.0, 125.0, 88.0, 0.0, 0.0, 0.0, 1.741808567233912E9, 0.0, 2025-03-12 14:42:47.233
242.0, 17864.519997181895, -27581.78443691545, -42952.944988363386, -28388.1012663962, -25104.406488467037, 6463.453944141143, -37693.62422151855, 14097.446393662261, 4474.260446341092, -13566.570111104264, -34806.78466639336, -5484.447536998694, -36702.07848573667, -19577.088305603065, -18213.207210684683, 7545.881872878298, -0.12932923962934523, 0.9624989966645983, -0.17266564450958188, 192.0, 0.0, 0.0, 0.0, 0.0, 0.0, 0.0, 0.0, 0.0, 0.0, 1.74180856729429E9, 0.0, 2025-03-12 14:42:47.294
244.0, 17815.949656480512, -27589.78636143045, -42968.56885773765, -28435.10698498571, -25120.25387528585, 6430.373362347289, -37699.972116943856, 14089.131544724887, 4481.189487122237, -13561.116285457168, -34815.81477115331, -5492.94119989171, -36704.73834332685, -19568.1699595654, -18216.60467584189, 7552.7215066816225, -0.12932923962934523, 0.9624989966645983, -0.17266564450958188, 192.0, 0.0, 0.0, 0.0, 0.0, 0.0, 0.0, 0.0, 0.0, 0.0, 1.741808567294358E9, 0.0, 2025-03-12 14:42:47.294
246.0, 17872.499569952437, -27585.85245440632, -42958.801145410675, -28384.480283794437, -25110.463811214428, 6483.481107173098, -37695.188843630414, 14096.351158183952, 4480.116603388382, -13559.462256367477, -34810.00331759493, -5481.8323828974235, -36697.85400603461, -19562.514968218205, -18217.811670042476, 7549.6816694357, -0.12932923962934523, 0.9624989966645983, -0.17266564450958188, 192.0, 0.0, 0.0, 0.0, 0.0, 0.0, 0.0, 0.0, 0.0, 0.0, 1.741808567294374E9, 0.0, 2025-03-12 14:42:47.294
248.0, 17806.204295898, -27579.996297359026, -42964.187915824405, -28439.398519921127, -25116.096450817164, 6442.331545630878, -37699.122750654555, 14085.912893523324, 4479.26723709908, -13563.194997691513, -34819.972195621995, -5489.8790109013335, -36711.77914283027, -19569.935747377367, -18222.21496370017, 7542.059724576441, -0.12932923962934523, 0.9624989966645983, -0.17266564450958188, 192.0, 0.0, 0.0, 0.0, 0.0, 0.0, 0.0, 0.0, 0.0, 0.0, 1.741808567294389E9, 0.0, 2025-03-12 14:42:47.294
250.0, 17867.649241405637, -27589.071105607884, -42962.39977626798, -28383.42975180504, -25113.928331605, 6480.173048993713, -37700.39680008851, 14097.245227962165, 4480.764803977586, -13560.982174990437, -34811.232663539966, -5485.431013754727, -36701.25147119182, -19566.828854898078, -18212.000216484095, 7546.217149045128, -0.12366461981467261, 0.9602494983322991, -0.17233282225479096, 192.0, 126.0, 40.0, 14.5, 120.0, 125.0, 80.0, 0.0, 0.0, 0.0, 1.74180856729441E9, 0.0, 2025-03-12 14:42:47.294
252.0, 17804.058528430287, -27578.23050954706, -42963.9420466354, -28434.10115648522, -25116.81170663973, 6429.971030947093, -37698.474550065344, 14090.293835436563, 4474.841591696929, -13568.380602405145, -34819.681622944074, -5490.415452768261, -36715.0648492652, -19564.906604874923, -18218.146946209305, 7543.423180988215, -0.12366461981467261, 0.9602494983322991, -0.17233282225479096, 192.0, 0.0, 0.0, 0.0, 0.0, 0.0, 0.0, 0.0, 0.0, 0.0, 1.741808567294427E9, 0.0, 2025-03-12 14:42:47.294
254.0, 17863.603575659225, -27588.5123119965, -42957.50474423227, -28382.490978537917, -25111.581398437193, 6468.483086643588, -37695.769988986256, 14099.033367518588, 4480.585990021943, -13561.54096860182, -34809.15395130563, -5481.564161963959, -36701.13971246954, -19555.071837314586, -18206.725204792645, 7553.503817737558, -0.12366461981467261, 0.9602494983322991, -0.17233282225479096, 192.0, 0.0, 0.0, 0.0, 0.0, 0.0, 0.0, 0.0, 0.0, 0.0, 1.741808567294445E9, 0.0, 2025-03-12 14:42:47.294
0.0, 17797.28594986033, -27586.232434062058, -42959.82932565562, -28431.48600238395, -25120.29857877476, 6448.768848034007, -37697.24520412031, 14091.925512781801, 4475.98153066415, -13565.631337837141, -34812.52906471838, -5476.13268806132, -36707.48760789485, -19561.218567039796, -18209.787393783023, 7550.173407813717, -0.12366461981467261, 0.9602494983322991, -0.17233282225479096, 192.0, 0.0, 0.0, 0.0, 0.0, 0.0, 0.0, 0.0, 0.0, 0.0, 1.741808567355988E9, 0.0, 2025-03-12 14:42:47.355
2.0, 17855.825168588777, -27583.907852638706, -42940.09273530159, -28390.917586197567, -25104.92057858951, 6468.483086643588, -37683.5435847692, 14106.990588544679, 4482.329426089457, -13551.39327661911, -34802.917814602595, -5475.976225850132, -36696.78112230076, -19554.602450681024, -18203.953588480188, 7565.417297532237, -0.12366461981467261, 0.9602494983322991, -0.17233282225479096, 192.0, 0.0, 0.0, 0.0, 0.0, 0.0, 0.0, 0.0, 0.0, 0.0, 1.741808567356009E9, 0.0, 2025-03-12 14:42:47.356
4.0, 17801.175153395554, -27574.520119967478, -42946.91001736045, -28420.555999345306, -25111.961378092932, 6454.602653336841, -37690.27145985025, 14101.089728008477, 4475.109812630393, -13558.992869733915, -34803.99069833645, -5462.475772199127, -36698.233985690356, -19559.92216586139, -18202.634835557325, 7562.153942841762, -0.126, 0.9580000000000001, -0.17, 192.0, 126.0, 8.0, 14.5, 120.0, 125.0, 88.0, 0.0, 0.0, 0.0, 1.741808567356028E9, 0.0, 2025-03-12 14:42:47.356
6.0, 17844.06815100529, -27587.08180035136, -42942.70788940285, -28383.407400060583, -25106.082869301186, 6471.321758189411, -37688.05863714917, 14104.978931543701, 4481.345949333424, -13554.455465609488, -34800.99556457944, -5471.304711258974, -36703.10666598161, -19557.754046649225, -18203.864181502366, 7567.585416744401, -0.126, 0.9580000000000001, -0.17, 192.0, 0.0, 0.0, 0.0, 0.0, 0.0, 0.0, 0.0, 0.0, 0.0, 1.741808567356044E9, 0.0, 2025-03-12 14:42:47.356
8.0, 17797.531819049338, -27586.120675339782, -42950.575703451126, -28402.585196803237, -25117.482258973392, 6475.345072191367, -37697.22285237585, 14093.780707571592, 4472.1593823622925, -13556.936509244028, -34797.91102384461, -5451.456362182661, -36702.614927603594, -19563.364334507507, -18202.232504157128, 7563.472695764625, -0.126, 0.9580000000000001, -0.17, 192.0, 0.0, 0.0, 0.0, 0.0, 0.0, 0.0, 0.0, 0.0, 0.0, 1.741808567356059E9, 0.0, 2025-03-12 14:42:47.356
10.0, 17834.680418334057, -27575.16832055668, -42937.25406375576, -28380.389914559117, -25110.44145946997, 6474.741575091073, -37687.1422156265, 14107.0799955225, 4480.407176066301, -13556.467122610466, -34802.5154832024, -5475.2609700275625, -36708.716953839896, -19564.72779091928, -18211.396719383803, 7565.171428343228, -0.126, 0.9580000000000001, -0.17, 192.0, 0.0, 0.0, 0.0, 0.0, 0.0, 0.0, 0.0, 0.0, 0.0, 1.741808567356085E9, 0.0, 2025-03-12 14:42:47.356
12.0, 17812.798060512312, -27555.007047057992, -42932.00140380876, -28384.99437391691, -25106.52990419029, 6483.972845551115, -37680.63785799001, 14109.516335668128, 4489.906667459806, -13541.4467503365, -34780.72253235847, -5434.223167207619, -36694.523596110776, -19542.733674375257, -18196.421050598747, 7571.295806323983, -0.126, 0.9580000000000001, -0.17, 192.0, 0.0, 0.0, 0.0, 0.0, 0.0, 0.0, 0.0, 0.0, 0.0, 1.7418085673561E9, 0.0, 2025-03-12 14:42:47.356
14.0, 17827.036121730343, -27560.37146572727, -42927.575758406616, -28383.98854541642, -25103.53477043328, 6469.153638977246, -37682.44834929089, 14107.594085644972, 4493.371187850379, -13537.378732845633, -34789.12678827367, -5458.9889000641, -36702.480817136864, -19543.851261598025, -18203.75242278009, 7567.652471977767, -0.126, 0.9560000000000001, -0.17400000000000002, 192.0, 126.0, 8.0, 14.5, 112.0, 125.0, 72.0, 0.0, 0.0, 0.0, 1.741808567356115E9, 0.0, 2025-03-12 14:42:47.356
16.0, 17805.95842670899, -27565.199442529614, -42937.11995328903, -28381.70866748198, -25110.35205249215, 6483.794031595473, -37686.65047724849, 14104.30837921004, 4489.347873848424, -13536.037628178316, -34776.16277648959, -5432.189158462186, -36689.427398374966, -19537.14573826143, -18189.402602839782, 7570.468791779136, -0.126, 0.9560000000000001, -0.17400000000000002, 192.0, 0.0, 0.0, 0.0, 0.0, 0.0, 0.0, 0.0, 0.0, 0.0, 1.741808567413954E9, 0.0, 2025-03-12 14:42:47.413
18.0, 17814.42973785755, -27573.31312576689, -42939.802162623666, -28397.37724034515, -25111.179067036996, 6459.430630139188, -37684.705875480875, 14100.285065208087, 4485.033987168549, -13550.610965563175, -34800.74969539043, -5471.7964496369905, -36698.05517173471, -19561.0174013397, -18208.558047837978, 7563.539750997991, -0.126, 0.9560000000000001, -0.17400000000000002, 192.0, 0.0, 0.0, 0.0, 0.0, 0.0, 0.0, 0.0, 0.0, 0.0, 1.741808567413974E9, 0.0, 2025-03-12 14:42:47.413
20.0, 17805.287874375328, -27589.898120152728, -42955.02370059773, -28387.698934996002, -25122.466697986925, 6498.076796302414, -37698.45219832089, 14094.07128024951, 4476.3838620643455, -13555.975384232448, -34791.42901795256, -5445.063763268443, -36702.43611364796, -19553.686029158358, -18202.50072509059, 7558.756477684556, -0.126, 0.9560000000000001, -0.17400000000000002, 192.0, 0.0, 0.0, 0.0, 0.0, 0.0, 0.0, 0.0, 0.0, 0.0, 1.741808567413998E9, 0.0, 2025-03-12 14:42:47.413
22.0, 17792.882656202633, -27585.31601253939, -42950.50864821776, -28419.48311561145, -25116.83405838419, 6455.8767027707945, -37696.35113434209, 14094.563018627528, 4478.373167320868, -13562.457390124488, -34807.03053558237, -5485.386310265817, -36713.90255855353, -19570.718058433304, -18220.918562521765, 7557.437724761692, -0.126, 0.9560000000000001, -0.17400000000000002, 192.0, 0.0, 0.0, 0.0, 0.0, 0.0, 0.0, 0.0, 0.0, 0.0, 1.741808567414017E9, 0.0, 2025-03-12 14:42:47.414
24.0, 17804.036176685833, -27586.299489295423, -42946.55238944917, -28396.796094989313, -25109.614444925126, 6485.760985107539, -37691.23258486183, 14098.116945995922, 4475.288626586035, -13569.721707072462, -34790.84787259673, -5464.152153033275, -36703.59840435963, -19559.229261783275, -18210.659111816778, 7553.6602799487455, -0.132, 0.962, -0.17400000000000002, 192.0, 125.5, 112.0, 15.0, 8.0, 125.0, 72.0, 0.0, 0.0, 0.0, 1.741808567414035E9, 0.0, 2025-03-12 14:42:47.414
26.0, 17782.667908986557, -27590.12163759728, -42949.525171461726, -28430.837801794747, -25113.59305543817, 6443.22561540909, -37691.38904707302, 14101.246190219665, 4486.4197953247785, -13563.105590713692, -34800.79439887934, -5487.576781222437, -36710.34863118513, -19567.09707583154, -18215.42003338576, 7560.142285840784, -0.132, 0.962, -0.17400000000000002, 192.0, 0.0, 0.0, 0.0, 0.0, 0.0, 0.0, 0.0, 0.0, 0.0, 1.741808567414052E9, 0.0, 2025-03-12 14:42:47.414
28.0, 17805.24317088642, -27591.17216958668, -42950.46394472885, -28389.50942629688, -25109.793258880767, 6493.673502644719, -37690.383218572526, 14104.107213509944, 4478.976664421161, -13562.390334891123, -34793.194805764535, -5462.676937899225, -36703.397238659534, -19560.68212517287, -18207.50751584858, 7554.375535771315, -0.132, 0.962, -0.17400000000000002, 192.0, 0.0, 0.0, 0.0, 0.0, 0.0, 0.0, 0.0, 0.0, 0.0, 1.741808567414067E9, 0.0, 2025-03-12 14:42:47.414
30.0, 17765.479417500428, -27587.640593962744, -42943.69136615889, -28432.357720417705, -25104.227674511396, 6440.923385730194, -37684.21413710286, 14102.36377744243, 4482.307074345002, -13564.893730270116, -34810.76327690641, -5495.399891781794, -36717.70235511093, -19571.38861076696, -18215.330626407937, 7553.9508526266645, -0.132, 0.962, -0.17400000000000002, 192.0, 0.0, 0.0, 0.0, 0.0, 0.0, 0.0, 0.0, 0.0, 0.0, 1.741808567474534E9, 0.0, 2025-03-12 14:42:47.474
32.0, 17800.594008039716, -27590.814541675394, -42937.32111898913, -28381.731019226438, -25098.326813975196, 6494.075834044914, -37682.98479115782, 14109.069300779021, 4484.609304023898, -13565.407820392587, -34788.992677806935, -5470.120068802842, -36696.24468043383, -19559.430427483374, -18205.764079781067, 7556.87893115031, -0.132, 0.962, -0.17400000000000002, 192.0, 0.0, 0.0, 0.0, 0.0, 0.0, 0.0, 0.0, 0.0, 0.0, 1.741808567474559E9, 0.0, 2025-03-12 14:42:47.474
34.0, 17754.70587667297, -27580.041000847938, -42935.68944164389, -28421.651234823614, -25095.756363362834, 6439.291708384956, -37677.03922713271, 14110.522164168617, 4497.975647208172, -13552.242642908412, -34797.62045116669, -5482.838211397911, -36695.73059031136, -19558.73752340526, -18210.27913216104, 7563.360937042348, -0.128, 0.964, -0.17200000000000001, 192.0, 126.0, 0.0, 15.0, 16.0, 125.0, 80.0, 0.0, 0.0, 0.0, 1.741808567474575E9, 0.0, 2025-03-12 14:42:47.474
36.0, 17791.876827702145, -27603.823256948384, -42948.966377850345, -28367.850585919692, -25107.647491413056, 6506.793976639984, -37693.04307616271, 14099.83803031898, 4481.770632478075, -13562.658555824586, -34793.753599375916, -5466.141458289798, -36703.28547993726, -19558.514005960704, -18209.832097271934, 7549.949890369165, -0.128, 0.964, -0.17200000000000001, 192.0, 0.0, 0.0, 0.0, 0.0, 0.0, 0.0, 0.0, 0.0, 0.0, 1.741808567474611E9, 0.0, 2025-03-12 14:42:47.474
38.0, 17738.1879375205, -27588.93699514115, -42943.9372353479, -28434.414080907594, -25106.55225593475, 6447.047763710948, -37692.84191046261, 14088.438640646773, 4482.93292318975, -13578.55064613231, -34809.08689607226, -5491.175412079741, -36713.679041108975, -19576.261291058217, -18225.187745712727, 7538.975183841609, -0.128, 0.964, -0.17200000000000001, 192.0, 0.0, 0.0, 0.0, 0.0, 0.0, 0.0, 0.0, 0.0, 0.0, 1.741808567474627E9, 0.0, 2025-03-12 14:42:47.474
40.0, 17795.654272515094, -27602.437448792156, -42941.4338399689, -28379.18292035853, -25105.322909989707, 6495.729863134607, -37695.30060235269, 14090.003262758644, 4490.59957153792, -13572.470971640465, -34786.9586690615, -5475.886818872312, -36695.23885193335, -19567.789979909656, -18217.252876431096, 7542.551462954458, -0.128, 0.964, -0.17200000000000001, 192.0, 0.0, 0.0, 0.0, 0.0, 0.0, 0.0, 0.0, 0.0, 0.0, 1.741808567474641E9, 0.0, 2025-03-12 14:42:47.474
42.0, 17731.683579884004, -27600.448143535632, -42946.21711328234, -28433.38590066265, -25113.97303509391, 6455.407316137233, -37697.13344539803, 14086.628149345894, 4485.302208102013, -13583.825657823762, -34803.25309076942, -5487.196801566697, -36707.0629247502, -19579.524645748694, -18227.22175445816, 7536.963526840631, -0.128, 0.964, -0.17200000000000001, 192.0, 0.0, 0.0, 0.0, 0.0, 0.0, 0.0, 0.0, 0.0, 0.0, 1.741808567474661E9, 0.0, 2025-03-12 14:42:47.474
44.0, 17794.782554481335, -27585.517178239486, -42929.4309531964, -28380.389914559117, -25096.359860463126, 6486.677406630208, -37683.18595685792, 14104.464841421228, 4492.722987261175, -13566.547759359808, -34788.54564291783, -5474.210438038163, -36694.47889262187, -19566.270061286697, -18220.471527632657, 7545.658355433746, -0.126, 0.966, -0.17400000000000002, 192.0, 126.0, 8.0, 15.0, 24.0, 125.0, 72.0, 0.0, 0.0, 0.0, 1.741808567474676E9, 0.0, 2025-03-12 14:42:47.474
46.0, 17732.957629317956, -27579.973945614573, -42933.856598598555, -28424.62401683617, -25101.88074134359, 6443.695002042652, -37682.71657022436, 14099.659216363338, 4503.049493199527, -13554.902500498594, -34782.153044003615, -5460.754687876069, -36696.468197878385, -19561.285622273164, -18211.08379496143, 7556.498951494569, -0.126, 0.966, -0.17400000000000002, 192.0, 0.0, 0.0, 0.0, 0.0, 0.0, 0.0, 0.0, 0.0, 0.0, 1.741808567535324E9, 0.0, 2025-03-12 14:42:47.535
48.0, 17784.79132470981, -27589.98752713055, -42933.32015673163, -28380.591080259215, -25098.237406997374, 6473.266359957023, -37685.30937258117, 14101.760280342136, 4495.673417529276, -13561.96565174647, -34785.79637834983, -5469.829496124923, -36694.74711355533, -19555.652982670425, -18213.16250719577, 7550.799256658466, -0.126, 0.966, -0.17400000000000002, 192.0, 0.0, 0.0, 0.0, 0.0, 0.0, 0.0, 0.0, 0.0, 0.0, 1.74180856753534E9, 0.0, 2025-03-12 14:42:47.535
50.0, 17713.60101861966, -27592.446219020632, -42941.903226602466, -28423.729947057956, -25109.59209318067, 6447.003060222038, -37689.28798309422, 14091.79140231507, 4490.979551193661, -13567.866512282671, -34796.68167789956, -5472.444650226194, -36701.18441595846, -19568.237014798764, -18218.057539231486, 7540.048067575463, -0.126, 0.966, -0.17400000000000002, 192.0, 0.0, 0.0, 0.0, 0.0, 0.0, 0.0, 0.0, 0.0, 0.0, 1.741808567535355E9, 0.0, 2025-03-12 14:42:47.535
52.0, 17771.46968501445, -27599.263501079502, -42937.94696783388, -28387.386010573628, -25102.908921588532, 6471.701737845152, -37687.5445470267, 14096.21704771722, 4492.611228538898, -13563.64203258062, -34797.19576802204, -5481.899438130789, -36703.10666598161, -19565.778322908678, -18219.689216576724, 7541.433875731693, -0.126, 0.966, -0.17400000000000002, 192.0, 0.0, 0.0, 0.0, 0.0, 0.0, 0.0, 0.0, 0.0, 0.0, 1.74180856753538E9, 0.0, 2025-03-12 14:42:47.535
54.0, 17718.049015766264, -27593.83202717686, -42942.8867033585, -28428.736737815947, -25108.988596080377, 6449.729973045585, -37688.43861680492, 14089.667986591816, 4486.084519157948, -13573.297986185311, -34798.93920408955, -5477.093813072898, -36700.40210490252, -19567.789979909656, -18220.80680379949, 7534.549538439458, -0.126, 0.962, -0.17200000000000001, 192.0, 126.0, 8.0, 15.0, 8.0, 125.0, 80.0, 0.0, 0.0, 0.0, 1.741808567535395E9, 0.0, 2025-03-12 14:42:47.535
56.0, 17758.08099008572, -27600.47049528009, -42941.4338399689, -28397.109019411688, -25109.01094782483, 6461.665804584719, -37689.62325926105, 14095.322977939008, 4492.097138416426, -13571.576901862252, -34796.68167789956, -5493.544696992004, -36699.79860780223, -19570.651003199935, -18223.868992789867, 7538.975183841609, -0.126, 0.962, -0.17200000000000001, 192.0, 0.0, 0.0, 0.0, 0.0, 0.0, 0.0, 0.0, 0.0, 0.0, 1.741808567535412E9, 0.0, 2025-03-12 14:42:47.535
58.0, 17710.36001567364, -27590.859245164305, -42940.003328323764, -28420.91362725659, -25107.893360602066, 6452.859217269328, -37684.638820247514, 14094.138335482876, 4484.810469723996, -13576.807210064795, -34794.42415170958, -5477.920827617744, -36701.69850608093, -19578.094134103554, -18217.632856086835, 7535.555366939947, -0.126, 0.962, -0.17200000000000001, 192.0, 0.0, 0.0, 0.0, 0.0, 0.0, 0.0, 0.0, 0.0, 0.0, 1.74180856753543E9, 0.0, 2025-03-12 14:42:47.535
60.0, 17740.04313231029, -27601.431620291667, -42942.75259289177, -28404.1051154262, -25111.983729837386, 6458.022470238504, -37693.04307616271, 14098.36281518493, 4489.929019204262, -13575.331994930744, -34802.47077971349, -5496.629237726836, -36702.68198283696, -19575.791904424656, -18224.494841634612, 7542.126779809807, -0.126, 0.962, -0.17200000000000001, 192.0, 0.0, 0.0, 0.0, 0.0, 0.0, 0.0, 0.0, 0.0, 0.0, 1.741808567594239E9, 0.0, 2025-03-12 14:42:47.594
62.0, 17702.000463247357, -27598.905873168216, -42946.239465026796, -28422.522952857373, -25114.800049638758, 6462.291653429467, -37695.16649188596, 14093.691300593771, 4474.819239952474, -13581.679890356052, -34801.2637855129, -5477.22792353963, -36709.49926489583, -19579.68110795988, -18224.494841634612, 7532.582584927391, -0.126, 0.962, -0.17200000000000001, 192.0, 0.0, 0.0, 0.0, 0.0, 0.0, 0.0, 0.0, 0.0, 0.0, 1.741808567594268E9, 0.0, 2025-03-12 14:42:47.594
64.0, 17720.798280334267, -27601.90100692523, -42939.17631377892, -28418.410231877595, -25109.100354802653, 6447.383039877777, -37689.51150053877, 14097.960483784735, 4481.368301077879, -13577.567169376276, -34811.70205017353, -5503.290057574518, -36712.74026784185, -19583.34679405055, -18230.70862659319, 7538.9304803526975, -0.132, 0.962, -0.166, 192.0, 125.5, 112.0, 15.0, 8.0, 125.0, 104.0, 0.0, 0.0, 0.0, 1.741808567594306E9, 0.0, 2025-03-12 14:42:47.594
66.0, 17714.56214363124, -27593.40734403221, -42936.13647653299, -28404.306281126297, -25110.329700747694, 6468.170162221213, -37684.638820247514, 14099.145126240866, 4484.676359257264, -13570.615776850675, -34786.01989579438, -5463.258083255063, -36701.25147119182, -19574.227282312786, -18212.000216484095, 7550.0169456025305, -0.132, 0.962, -0.166, 192.0, 0.0, 0.0, 0.0, 0.0, 0.0, 0.0, 0.0, 0.0, 0.0, 1.741808567594323E9, 0.0, 2025-03-12 14:42:47.594
68.0, 17723.36873094663, -27587.32766954037, -42930.12385727452, -28412.263502152386, -25108.40745072454, 6443.873815998294, -37684.303544080685, 14104.576600143506, 4488.02912092556, -13567.240663437924, -34801.28613725735, -5486.146269577297, -36709.27574745128, -19575.635442213472, -18222.483184633635, 7552.654451448257, -0.132, 0.962, -0.166, 192.0, 0.0, 0.0, 0.0, 0.0, 0.0, 0.0, 0.0, 0.0, 0.0, 1.741808567594338E9, 0.0, 2025-03-12 14:42:47.594
70.0, 17722.899344313068, -27590.009878875004, -42935.91295908844, -28394.583272288237, -25114.01773858282, 6483.034072283992, -37689.89148019451, 14104.733062354693, 4483.1340888898485, -13570.392259406122, -34780.968401547485, -5455.166751762242, -36699.329221168664, -19568.54993922114, -18213.497783362604, 7552.408582259248, -0.132, 0.962, -0.166, 192.0, 0.0, 0.0, 0.0, 0.0, 0.0, 0.0, 0.0, 0.0, 0.0, 1.741808567594353E9, 0.0, 2025-03-12 14:42:47.594
72.0, 17716.55144888776, -27571.50263446601, -42922.14428450397, -28409.71540328448, -25108.362747235627, 6449.506455601032, -37680.12376786754, 14112.377358958407, 4497.059225685504, -13559.775180789851, -34790.49024468545, -5478.3678625068505, -36705.87828229407, -19572.997936367745, -18215.285922919025, 7560.254044563061, -0.132, 0.962, -0.166, 192.0, 0.0, 0.0, 0.0, 0.0, 0.0, 0.0, 0.0, 0.0, 0.0, 1.741808567594372E9, 0.0, 2025-03-12 14:42:47.594
74.0, 17727.861431582147, -27583.438466005144, -42923.91007231594, -28373.639687733616, -25110.553218192246, 6496.802746868461, -37684.10237838059, 14111.50564092465, 4490.59957153792, -13555.573052832253, -34774.55345088881, -5439.811103321445, -36696.87052927858, -19555.87650011498, -18202.65718730178, 7561.550445741469, -0.132, 0.964, -0.162, 192.0, 125.5, 112.0, 15.0, 16.0, 125.0, 120.0, 0.0, 0.0, 0.0, 1.741808567594392E9, 0.0, 2025-03-12 14:42:47.594
76.0, 17696.88191376709, -27588.422905018677, -42925.49704617227, -28411.928225985557, -25110.039128069777, 6448.210054422624, -37683.65534349148, 14105.895353066368, 4491.717158760686, -13564.178474447546, -34791.585480163754, -5474.255141527074, -36712.98613703086, -19573.199102067843, -18211.441422872715, 7560.365803285337, -0.132, 0.964, -0.162, 192.0, 0.0, 0.0, 0.0, 0.0, 0.0, 0.0, 0.0, 0.0, 0.0, 1.741808567654515E9, 0.0, 2025-03-12 14:42:47.654
78.0, 17728.353169960163, -27583.885500894252, -42922.92659555991, -28370.42103653205, -25104.764116378323, 6487.2809037305005, -37677.866241677555, 14114.679588637304, 4494.913458217795, -13564.759619803384, -34776.83332882325, -5451.41165869375, -36700.64797409153, -19571.075686344586, -18199.617350055858, 7561.371631785826, -0.132, 0.964, -0.162, 192.0, 0.0, 0.0, 0.0, 0.0, 0.0, 0.0, 0.0, 0.0, 0.0, 1.74180856765454E9, 0.0, 2025-03-12 14:42:47.654
80.0, 17681.772134515304, -27584.80192241692, -42927.3298892176, -28411.48119109645, -25113.816572882723, 6450.333470145878, -37679.63202948953, 14108.309341467542, 4493.035911683549, -13572.985061762938, -34794.55826217631, -5477.965531106655, -36716.89769231054, -19582.899759161446, -18207.88749550432, 7562.489219008591, -0.132, 0.964, -0.162, 192.0, 0.0, 0.0, 0.0, 0.0, 0.0, 0.0, 0.0, 0.0, 0.0, 1.741808567654576E9, 0.0, 2025-03-12 14:42:47.654
82.0, 17716.84202156568, -27590.83689341985, -42928.380421207, -28361.480338749927, -25113.905979860545, 6501.474261459621, -37682.15777661297, 14110.052777535055, 4488.319693603479, -13571.912178029082, -34788.50093942892, -5455.278510484518, -36709.67807885147, -19572.796770667646, -18202.567780323956, 7559.44938176267, -0.132, 0.964, -0.162, 192.0, 0.0, 0.0, 0.0, 0.0, 0.0, 0.0, 0.0, 0.0, 0.0, 1.741808567654591E9, 0.0, 2025-03-12 14:42:47.654
84.0, 17668.338736097663, -27587.84175966284, -42928.335717718095, -28409.983624217944, -25116.431726983992, 6447.695964300152, -37680.88372717902, 14105.582428643995, 4495.539307062543, -13567.754753560395, -34797.70985814451, -5473.919865360244, -36712.40499167502, -19578.63057597048, -18214.16833569626, 7568.703003967167, -0.13, 0.964, -0.168, 192.0, 125.5, 120.0, 15.0, 16.0, 125.0, 96.0, 0.0, 0.0, 0.0, 1.741808567654606E9, 0.0, 2025-03-12 14:42:47.654
86.0, 17717.89255355508, -27590.479265508566, -42922.36780194852, -28364.967210884955, -25103.981805322386, 6496.467470701632, -37677.374503299536, 14112.22089674722, 4485.682187757753, -13573.745021074417, -34786.489282427945, -5463.392193721795, -36712.09206725265, -19570.092209588554, -18208.51334434907, 7563.159771342251, -0.13, 0.964, -0.168, 192.0, 0.0, 0.0, 0.0, 0.0, 0.0, 0.0, 0.0, 0.0, 0.0, 1.741808567654628E9, 0.0, 2025-03-12 14:42:47.654
88.0, 17655.59824175814, -27586.612413717798, -42928.80510435165, -28414.18575217554, -25107.96041583543, 6447.695964300152, -37680.41434054546, 14106.36473969993, 4494.1758506507695, -13563.932605258538, -34792.703067386516, -5473.98692059361, -36707.97934627287, -19571.58977646706, -18213.74365255161, 7563.651509720267, -0.13, 0.964, -0.168, 192.0, 0.0, 0.0, 0.0, 0.0, 0.0, 0.0, 0.0, 0.0, 0.0, 1.741808567654643E9, 0.0, 2025-03-12 14:42:47.654
90.0, 17703.8780097816, -27594.03319287696, -42930.32502297462, -28362.285001550317, -25110.553218192246, 6501.206040526157, -37684.3929510585, 14108.197582745264, 4482.240019111636, -13569.229968694446, -34793.55243367582, -5465.202685022675, -36711.60032887463, -19570.427485755383, -18212.849582773397, 7553.794390415477, -0.13, 0.964, -0.168, 192.0, 0.0, 0.0, 0.0, 0.0, 0.0, 0.0, 0.0, 0.0, 0.0, 1.741808567715259E9, 0.0, 2025-03-12 14:42:47.715
92.0, 17638.812081672204, -27591.999184131528, -42935.9353108329, -28415.348042887217, -25113.59305543817, 6449.998193979049, -37686.538718526215, 14103.280198965098, 4489.884315715351, -13567.128904715646, -34802.98486983596, -5474.3221967604395, -36711.19799747443, -19574.696668946348, -18216.761138053076, 7558.220035817628, -0.13, 0.964, -0.168, 192.0, 0.0, 0.0, 0.0, 0.0, 0.0, 0.0, 0.0, 0.0, 0.0, 1.741808567715332E9, 0.0, 2025-03-12 14:42:47.715
94.0, 17689.662300308028, -27602.146876114235, -42939.82451436812, -28370.443388276504, -25116.81170663973, 6493.561743922442, -37696.239375619814, 14097.804021573547, 4475.713309730686, -13577.388355420633, -34806.78466639336, -5478.524324718038, -36721.502151668334, -19576.95419513633, -18221.142079966317, 7547.021811845519, -0.124, 0.9560000000000001, -0.17, 192.0, 126.0, 16.0, 14.5, 112.0, 125.0, 88.0, 0.0, 0.0, 0.0, 1.741808567715348E9, 0.0, 2025-03-12 14:42:47.715
96.0, 17623.903468120512, -27590.434562019655, -42932.247272997774, -28418.164362688585, -25111.91667460402, 6448.232406167079, -37685.51053828127, 14098.966312285223, 4481.815335966985, -13572.560378618286, -34806.27057627089, -5477.98788285111, -36718.35055570013, -19580.195198082354, -18224.427786401247, 7545.211320544639, -0.124, 0.9560000000000001, -0.17, 192.0, 0.0, 0.0, 0.0, 0.0, 0.0, 0.0, 0.0, 0.0, 0.0, 1.741808567715387E9, 0.0, 2025-03-12 14:42:47.715
98.0, 17679.469904836405, -27600.64930923573, -42933.47661894281, -28361.770911427848, -25113.97303509391, 6491.415976454732, -37692.57368952915, 14103.570771643017, 4483.201144123214, -13565.16195120358, -34798.20159652252, -5476.065632827954, -36714.79662833174, -19577.177712580888, -18213.833059529432, 7551.805085158955, -0.124, 0.9560000000000001, -0.17, 192.0, 0.0, 0.0, 0.0, 0.0, 0.0, 0.0, 0.0, 0.0, 0.0, 1.741808567715402E9, 0.0, 2025-03-12 14:42:47.715
100.0, 17622.562363453195, -27588.668774207687, -42930.52618867471, -28411.34708062972, -25111.559046692735, 6454.043859725459, -37681.93425916842, 14098.586332629482, 4481.949446433717, -13568.090029727226, -34800.23560526795, -5475.2609700275625, -36717.97057604439, -19574.29433754615, -18218.258704931584, 7548.385268257292, -0.124, 0.9560000000000001, -0.17, 192.0, 0.0, 0.0, 0.0, 0.0, 0.0, 0.0, 0.0, 0.0, 0.0, 1.741808567715418E9, 0.0, 2025-03-12 14:42:47.715
102.0, 17671.043297176755, -27601.766896458495, -42933.45426719836, -28372.879728422133, -25114.420069983014, 6484.755156607051, -37690.98671567282, 14099.547457641062, 4481.50241154461, -13568.268843682867, -34799.72151514549, -5487.666188200258, -36714.66251786501, -19573.579081723583, -18223.42195790076, 7549.815779902432, -0.124, 0.9560000000000001, -0.17, 192.0, 0.0, 0.0, 0.0, 0.0, 0.0, 0.0, 0.0, 0.0, 0.0, 1.741808567715437E9, 0.0, 2025-03-12 14:42:47.715
104.0, 17614.985122082846, -27595.664870222197, -42944.138401047996, -28410.542417829325, -25122.064366586732, 6471.075889000403, -37697.20050063139, 14094.004225016144, 4474.953350419206, -13575.68962284203, -34803.65542216962, -5479.08311832942, -36723.0667737802, -19585.559616751627, -18228.27228644756, 7545.345431011371, -0.128, 0.962, -0.17, 192.0, 126.0, 0.0, 15.0, 8.0, 125.0, 88.0, 0.0, 0.0, 0.0, 1.741808567715452E9, 0.0, 2025-03-12 14:42:47.715
106.0, 17654.88298593557, -27610.059393651416, -42938.6845754009, -28385.329650083742, -25118.957474107443, 6479.793069337973, -37696.529948297735, 14094.942998283268, 4471.801754451008, -13582.171628734068, -34816.820599653794, -5501.412511040272, -36725.771334859295, -19593.092154633065, -18238.062350518983, 7544.361954255338, -0.128, 0.962, -0.17, 192.0, 0.0, 0.0, 0.0, 0.0, 0.0, 0.0, 0.0, 0.0, 0.0, 1.741808567776493E9, 0.0, 2025-03-12 14:42:47.776
108.0, 17617.91320060649, -27599.12939061277, -42941.21032252435, -28409.581292817747, -25122.086718331186, 6468.416031410222, -37695.01002967478, 14093.467783149217, 4466.705556715197, -13584.093878757225, -34810.78562865086, -5480.804202652479, -36725.167837759, -19587.370108052506, -18232.429710916247, 7538.34933499686, -0.128, 0.962, -0.17, 192.0, 0.0, 0.0, 0.0, 0.0, 0.0, 0.0, 0.0, 0.0, 0.0, 1.741808567776537E9, 0.0, 2025-03-12 14:42:47.776
110.0, 17662.10259939463, -27598.503541768023, -42925.96643280583, -28391.43167632004, -25103.847694855656, 6458.022470238504, -37681.82250044614, 14106.40944318884, 4477.434394053745, -13572.87330304066, -34815.010108352915, -5496.964513893666, -36716.74123009935, -19584.64319522896, -18228.6522661033, 7549.525207224514, -0.128, 0.962, -0.17, 192.0, 0.0, 0.0, 0.0, 0.0, 0.0, 0.0, 0.0, 0.0, 0.0, 1.741808567776553E9, 0.0, 2025-03-12 14:42:47.776
112.0, 17634.855822903613, -27592.960309143105, -42928.603938651555, -28400.23826363543, -25101.657223899034, 6463.856275541339, -37676.01104688776, 14098.228704718198, 4468.426641038256, -13580.271730455368, -34807.41051523811, -5477.563199706459, -36707.867587550594, -19579.68110795988, -18221.03032124404, 7544.451361233158, -0.128, 0.962, -0.17, 192.0, 0.0, 0.0, 0.0, 0.0, 0.0, 0.0, 0.0, 0.0, 0.0, 1.741808567776568E9, 0.0, 2025-03-12 14:42:47.776
114.0, 17664.874215707092, -27594.927262655172, -42921.898415314965, -28391.588138531228, -25097.7233168749, 6447.673612555696, -37673.59705848659, 14105.873001321914, 4480.474231299667, -13571.934529773538, -34808.84102688325, -5498.596191238903, -36709.611023618105, -19581.558654494125, -18220.583286354933, 7558.35414628436, -0.13, 0.962, -0.17, 192.0, 125.5, 120.0, 15.0, 8.0, 125.0, 88.0, 0.0, 0.0, 0.0, 1.741808567776583E9, 0.0, 2025-03-12 14:42:47.776
116.0, 17654.92768942448, -27599.97875690207, -42933.76719162073, -28394.22564437695, -25112.386061237583, 6481.067118771925, -37686.4940150373, 14094.98770177218, 4473.5675422629765, -13580.986986277938, -34798.872148856186, -5476.713833417158, -36709.476913151375, -19578.116485848008, -18206.83696351492, 7556.700117194667, -0.13, 0.962, -0.17, 192.0, 0.0, 0.0, 0.0, 0.0, 0.0, 0.0, 0.0, 0.0, 0.0, 1.7418085677766E9, 0.0, 2025-03-12 14:42:47.776
118.0, 17679.15698041403, -27588.17703582967, -42924.3794589495, -28399.098324668208, -25101.724279132402, 6452.054554468937, -37677.240392832806, 14106.923533311312, 4480.384824321845, -13578.148314732112, -34814.518369974896, -5508.430958799238, -36715.53423589876, -19590.432297042884, -18218.661036331778, 7561.63985271929, -0.13, 0.962, -0.17, 192.0, 0.0, 0.0, 0.0, 0.0, 0.0, 0.0, 0.0, 0.0, 0.0, 1.74180856777662E9, 0.0, 2025-03-12 14:42:47.776
120.0, 17706.51551562733, -27587.439428262645, -42924.60297639406, -28368.722303953447, -25100.62904365409, 6484.755156607051, -37677.68742772191, 14110.566867657528, 4486.240981369136, -13564.15612270309, -34788.858567340205, -5464.643891411292, -36702.30200318122, -19566.44887524234, -18193.962358708664, 7582.002291918075, -0.13, 0.962, -0.17, 192.0, 0.0, 0.0, 0.0, 0.0, 0.0, 0.0, 0.0, 0.0, 0.0, 1.741808567833863E9, 0.0, 2025-03-12 14:42:47.833
122.0, 17713.355149430652, -27589.227567819067, -42921.65254612596, -28404.038060192834, -25093.185912750472, 6435.067228682903, -37673.664113719955, 14111.103309524455, 4488.386748836845, -13574.63909085263, -34803.92364310308, -5500.160813350775, -36711.153293985524, -19586.319576063106, -18202.098393690398, 7575.341472070393, -0.13, 0.962, -0.17, 192.0, 0.0, 0.0, 0.0, 0.0, 0.0, 0.0, 0.0, 0.0, 0.0, 1.741808567833889E9, 0.0, 2025-03-12 14:42:47.833
124.0, 17742.90415560057, -27588.355849785312, -42928.603938651555, -28368.43173127553, -25098.505627930837, 6482.005892039048, -37674.64759047599, 14112.623228147415, 4484.475193557167, -13574.996718763914, -34787.7633318619, -5466.186161778708, -36699.329221168664, -19575.456628257827, -18186.429820827227, 7580.594132017391, -0.126, 0.962, -0.17, 192.0, 126.0, 8.0, 15.0, 8.0, 125.0, 88.0, 0.0, 0.0, 0.0, 1.741808567833923E9, 0.0, 2025-03-12 14:42:47.833
126.0, 17727.50380367086, -27584.868977650283, -42921.69724961487, -28398.33836535673, -25094.996404051355, 6444.3208508874, -37670.4901660073, 14114.389015959385, 4494.578182050966, -13571.01810825087, -34801.241433768446, -5493.298827802995, -36712.896730053035, -19578.518817248205, -18195.50462907608, 7584.706852997167, -0.126, 0.962, -0.17, 192.0, 0.0, 0.0, 0.0, 0.0, 0.0, 0.0, 0.0, 0.0, 0.0, 1.74180856783394E9, 0.0, 2025-03-12 14:42:47.833
128.0, 17763.08778084371, -27584.086666594347, -42925.78761885019, -28359.111053837667, -25093.923520317498, 6497.09331954638, -37671.47364276334, 14113.1820217588, 4492.499469816622, -13564.78197154784, -34780.00727653591, -5459.212417508652, -36696.87052927858, -19569.935747377367, -18177.109143389363, 7586.78556523151, -0.126, 0.962, -0.17, 192.0, 0.0, 0.0, 0.0, 0.0, 0.0, 0.0, 0.0, 0.0, 0.0, 1.741808567833955E9, 0.0, 2025-03-12 14:42:47.833
130.0, 17733.069388040232, -27575.41418974569, -42926.30170897266, -28403.94865321501, -25093.700002872945, 6446.0195834660035, -37663.941104881895, 14118.769957872624, 4492.03008318306, -13567.084201226737, -34797.75456163342, -5484.805164909979, -36711.0638870077, -19576.68597420287, -18190.520190062547, 7585.5338675420135, -0.126, 0.962, -0.17, 192.0, 0.0, 0.0, 0.0, 0.0, 0.0, 0.0, 0.0, 0.0, 0.0, 1.741808567833975E9, 0.0, 2025-03-12 14:42:47.833
132.0, 17780.611548496672, -27580.64449794823, -42934.86242709904, -28359.80395791578, -25102.350127977148, 6495.126366034314, -37677.26274457726, 14113.070263036521, 4489.034949426049, -13564.11141921418, -34783.94118356004, -5457.692498885692, -36695.55177635572, -19567.387648509462, -18180.6407190133, 7583.991597174597, -0.126, 0.962, -0.17, 192.0, 0.0, 0.0, 0.0, 0.0, 0.0, 0.0, 0.0, 0.0, 0.0, 1.741808567833991E9, 0.0, 2025-03-12 14:42:47.833
134.0, 17746.636896924603, -27560.706741894097, -42917.8303978241, -28402.205217147497, -25087.754438847835, 6426.12653090078, -37664.96928512684, 14119.328751484009, 4507.542193835044, -13552.399105119599, -34792.770122619884, -5474.255141527074, -36702.346706670134, -19566.225357797786, -18192.665957530255, 7584.460983808159, -0.12, 0.962, -0.166, 192.0, 126.0, 32.0, 15.0, 8.0, 125.0, 104.0, 0.0, 0.0, 0.0, 1.741808567834005E9, 0.0, 2025-03-12 14:42:47.834
136.0, 17796.436583571027, -27574.453064734113, -42922.56896764862, -28339.642684417093, -25092.470656927904, 6492.600618910864, -37674.75934919827, 14118.926420083812, 4505.2623159006025, -13551.706201041485, -34772.89942179911, -5448.975318548121, -36687.77336928527, -19555.608279181513, -18173.242291598595, 7586.629103020323, -0.12, 0.962, -0.166, 192.0, 0.0, 0.0, 0.0, 0.0, 0.0, 0.0, 0.0, 0.0, 0.0, 1.741808567894183E9, 0.0, 2025-03-12 14:42:47.894
138.0, 17742.233603266908, -27567.300506508414, -42922.36780194852, -28391.364621086672, -25096.15869476303, 6439.582281062875, -37670.57957298512, 14118.658199150348, 4509.553850836021, -13553.78491327583, -34787.45040743952, -5463.615711166348, -36704.69363983794, -19556.547052448637, -18180.6407190133, 7586.986730931608, -0.12, 0.962, -0.166, 192.0, 0.0, 0.0, 0.0, 0.0, 0.0, 0.0, 0.0, 0.0, 0.0, 1.74180856789421E9, 0.0, 2025-03-12 14:42:47.894
140.0, 17802.493906318417, -27568.574555942367, -42917.24925246826, -28341.85550711817, -25091.39777319405, 6483.414051939732, -37668.09852935059, 14120.021655562123, 4504.815281011496, -13555.81892202126, -34779.44848292452, -5456.619615151837, -36693.942450754934, -19556.34588674854, -18179.143152134795, 7581.64466400679, -0.12, 0.962, -0.166, 192.0, 0.0, 0.0, 0.0, 0.0, 0.0, 0.0, 0.0, 0.0, 0.0, 1.741808567894251E9, 0.0, 2025-03-12 14:42:47.894
142.0, 17746.435731224505, -27567.97105884207, -42921.607842637044, -28391.878711209145, -25096.896302330057, 6446.332507888378, -37670.512517751755, 14119.395806717373, 4513.755978793619, -13549.515730084864, -34778.733227101955, -5457.021946552032, -36686.901651251515, -19552.97077333579, -18173.35405032087, 7588.7078152546665, -0.12, 0.962, -0.166, 192.0, 0.0, 0.0, 0.0, 0.0, 0.0, 0.0, 0.0, 0.0, 0.0, 1.741808567894266E9, 0.0, 2025-03-12 14:42:47.894
144.0, 17797.28594986033, -27585.383067772756, -42926.92755781741, -28345.252972275375, -25100.271415742805, 6498.814403869439, -37685.912869681466, 14109.069300779021, 4497.528612319066, -13564.87137852566, -34784.83525333825, -5459.771211120035, -36696.132921711556, -19560.570366450593, -18177.98086142312, 7577.420184304737, -0.126, 0.9580000000000001, -0.164, 192.0, 126.0, 8.0, 14.5, 120.0, 125.0, 112.0, 0.0, 0.0, 0.0, 1.741808567894283E9, 0.0, 2025-03-12 14:42:47.894
146.0, 17737.897364842578, -27567.278154763957, -42922.85954032654, -28401.84758923621, -25093.655299384034, 6451.093429457358, -37671.27247706324, 14107.974065300712, 4503.921211233283, -13560.177512190046, -34786.98102080596, -5462.408716965761, -36696.490549622846, -19564.88425313047, -18185.82632372693, 7576.459059293158, -0.126, 0.9580000000000001, -0.164, 192.0, 0.0, 0.0, 0.0, 0.0, 0.0, 0.0, 0.0, 0.0, 0.0, 1.741808567894305E9, 0.0, 2025-03-12 14:42:47.894
148.0, 17793.732022491935, -27579.571614214376, -42924.06653452713, -28355.66888519155, -25093.610595895123, 6492.421804955221, -37675.49695676529, 14117.562963672039, 4504.547060078033, -13555.751866787896, -34782.24245098144, -5465.448554211683, -36693.048380976725, -19557.284660015663, -18181.780657980522, 7583.321044840938, -0.126, 0.9580000000000001, -0.164, 192.0, 0.0, 0.0, 0.0, 0.0, 0.0, 0.0, 0.0, 0.0, 0.0, 1.74180856789432E9, 0.0, 2025-03-12 14:42:47.894
150.0, 17740.870146855133, -27575.145968812227, -42928.67099388492, -28396.885501967135, -25102.081907043685, 6468.3266244324, -37682.403645801984, 14104.531896654595, 4506.916344990295, -13558.277613911345, -34781.0578085253, -5453.468019183639, -36698.725724068376, -19556.547052448637, -18186.228655127128, 7583.857486707865, -0.126, 0.9580000000000001, -0.164, 192.0, 0.0, 0.0, 0.0, 0.0, 0.0, 0.0, 0.0, 0.0, 0.0, 1.741808567954543E9, 0.0, 2025-03-12 14:42:47.954
152.0, 17799.118792905665, -27568.507500708998, -42911.840130310076, -28362.66498120606, -25086.659203369523, 6477.312025703433, -37672.12184335254, 14119.9322485843, 4514.471234616189, -13557.830579022238, -34778.64382012413, -5464.375670477828, -36695.68588682245, -19562.470264729294, -18190.7437075071, 7579.588303516902, -0.126, 0.9580000000000001, -0.164, 192.0, 0.0, 0.0, 0.0, 0.0, 0.0, 0.0, 0.0, 0.0, 0.0, 1.74180856795459E9, 0.0, 2025-03-12 14:42:47.954
154.0, 17743.977039334422, -27568.015762330982, -42919.238557724784, -28395.0526589218, -25097.96918606391, 6458.08952547187, -37674.80405268718, 14117.585315416494, 4512.593688081943, -13554.500169098399, -34774.15111948861, -5445.197873735175, -36688.53332859675, -19557.888157115958, -18180.21603586865, 7582.091698895896, -0.11800000000000001, 0.964, -0.17, 192.0, 126.0, 40.0, 15.0, 16.0, 125.0, 88.0, 0.0, 0.0, 0.0, 1.741808567954606E9, 0.0, 2025-03-12 14:42:47.954
156.0, 17785.9983189104, -27579.996297359026, -42920.557310647644, -28369.705780709482, -25098.14800001955, 6470.539447133476, -37679.65438123398, 14118.188812516788, 4507.631600812865, -13557.2494336664, -34783.628259137666, -5464.867408855845, -36693.85304377712, -19563.83372114107, -18185.64750977129, 7580.504725039569, -0.11800000000000001, 0.964, -0.17, 192.0, 0.0, 0.0, 0.0, 0.0, 0.0, 0.0, 0.0, 0.0, 0.0, 1.741808567954623E9, 0.0, 2025-03-12 14:42:47.954
158.0, 17748.55914694776, -27563.254840762, -42917.33865944608, -28390.38114433064, -25096.20339825194, 6468.058403498937, -37675.5416602542, 14115.260733993142, 4499.1602896643035, -13564.401991892099, -34780.56607014729, -5449.377649948317, -36692.26606992079, -19569.44400899935, -18190.56489355146, 7569.150038856273, -0.11800000000000001, 0.964, -0.17, 192.0, 0.0, 0.0, 0.0, 0.0, 0.0, 0.0, 0.0, 0.0, 0.0, 1.741808567954638E9, 0.0, 2025-03-12 14:42:47.954
160.0, 17781.237397341418, -27562.986619828538, -42907.638002352476, -28365.347190540695, -25085.228691724384, 6462.962205763127, -37670.78073868522, 14128.761187644148, 4523.970726009694, -13542.027895692338, -34774.531099144355, -5453.803295350468, -36686.342857640135, -19559.408075738917, -18181.93712019171, 7592.708777512166, -0.11800000000000001, 0.964, -0.17, 192.0, 0.0, 0.0, 0.0, 0.0, 0.0, 0.0, 0.0, 0.0, 0.0, 1.741808567954658E9, 0.0, 2025-03-12 14:42:47.954
162.0, 17749.632030681616, -27562.83015761735, -42912.55538613265, -28382.245109348907, -25085.608671380123, 6463.297481929956, -37669.55139274018, 14120.155766028854, 4506.849289756929, -13558.031744722337, -34777.63799162364, -5438.849978309868, -36692.422532131975, -19562.716133918304, -18177.109143389363, 7582.941065185198, -0.11800000000000001, 0.964, -0.17, 192.0, 0.0, 0.0, 0.0, 0.0, 0.0, 0.0, 0.0, 0.0, 0.0, 1.741808567954688E9, 0.0, 2025-03-12 14:42:47.954
164.0, 17767.93810939051, -27576.42001824618, -42917.38336293499, -28374.75727495638, -25087.285052214273, 6458.491856872065, -37670.95955264087, 14125.766053887137, 4517.958106751216, -13553.024953964348, -34781.19191899204, -5467.795487379491, -36690.12030245308, -19553.797787880634, -18175.74568697759, 7589.288960610505, -0.12, 0.964, -0.17, 192.0, 126.0, 32.0, 15.0, 16.0, 125.0, 88.0, 0.0, 0.0, 0.0, 1.741808567954709E9, 0.0, 2025-03-12 14:42:47.954
166.0, 17748.737960903403, -27576.107093823804, -42922.30074671516, -28372.90208016659, -25089.743744104355, 6482.09529901687, -37671.20542182987, 14121.921553840823, 4499.741435020142, -13564.580805847741, -34782.33185795925, -5448.327117958917, -36688.68979080794, -19558.44695072734, -18172.392925309294, 7575.363823814849, -0.12, 0.964, -0.17, 192.0, 0.0, 0.0, 0.0, 0.0, 0.0, 0.0, 0.0, 0.0, 0.0, 1.741808568016233E9, 0.0, 2025-03-12 14:42:48.016
168.0, 17753.342420261197, -27579.50455898101, -42918.903281557956, -28388.794170474313, -25083.015869023307, 6449.975842234593, -37668.9925991288, 14124.871984108924, 4503.787100766552, -13563.038535480326, -34795.65349765462, -5478.613731695858, -36700.379753158064, -19566.359468264516, -18182.004175425074, 7574.179181358717, -0.12, 0.964, -0.17, 192.0, 0.0, 0.0, 0.0, 0.0, 0.0, 0.0, 0.0, 0.0, 0.0, 1.741808568016278E9, 0.0, 2025-03-12 14:42:48.016
170.0, 17750.682562671016, -27579.370448514277, -42922.658374626444, -28366.28596380782, -25090.213130737917, 6483.324644961911, -37675.765177698755, 14118.41232996134, 4497.349798363423, -13561.384506390634, -34780.16373874709, -5444.527321401515, -36693.674229821474, -19558.961040849812, -18174.717506732646, 7568.188913844695, -0.12, 0.964, -0.17, 192.0, 0.0, 0.0, 0.0, 0.0, 0.0, 0.0, 0.0, 0.0, 0.0, 1.741808568016294E9, 0.0, 2025-03-12 14:42:48.016
172.0, 17729.873088583125, -27586.433599762157, -42927.151075261965, -28390.202330375, -25097.924482575, 6456.882531271283, -37678.53679401121, 14113.517297925628, 4491.918324460784, -13567.128904715646, -34803.23073902497, -5477.786717151012, -36705.20772996041, -19564.504273474726, -18186.854503971877, 7566.959567899653, -0.12, 0.964, -0.17, 192.0, 0.0, 0.0, 0.0, 0.0, 0.0, 0.0, 0.0, 0.0, 0.0, 1.741808568016315E9, 0.0, 2025-03-12 14:42:48.016
174.0, 17732.197670006477, -27596.60364348932, -42934.773020121225, -28371.069237121254, -25102.372479721605, 6501.8989446042715, -37685.15291036999, 14110.812736846536, 4476.674434742265, -13579.288253699335, -34797.955727333516, -5457.9383680747, -36706.99586951684, -19566.180654308875, -18188.17325689474, 7548.094695579374, -0.128, 0.9580000000000001, -0.17, 192.0, 126.0, 0.0, 14.5, 120.0, 125.0, 88.0, 0.0, 0.0, 0.0, 1.741808568016329E9, 0.0, 2025-03-12 14:42:48.016
176.0, 17722.094681512677, -27574.140140311738, -42915.036429767184, -28402.987528203434, -25082.166502734006, 6446.4219148662, -37666.891535149996, 14124.536707942094, 4496.276914629569, -13561.429209879543, -34801.6661169131, -5478.837249140412, -36708.158160228515, -19560.458607728317, -18194.521152320045, 7565.059669620952, -0.128, 0.9580000000000001, -0.17, 192.0, 0.0, 0.0, 0.0, 0.0, 0.0, 0.0, 0.0, 0.0, 0.0, 1.741808568016346E9, 0.0, 2025-03-12 14:42:48.016
178.0, 17747.352152747175, -27583.572576471877, -42926.77109560622, -28358.440501504007, -25087.307403958726, 6505.117595805836, -37674.51348000926, 14125.78840563159, 4492.8794494723625, -13558.992869733915, -34785.014067293894, -5448.371821447829, -36697.876357779074, -19547.29343024414, -18179.232559112617, 7565.30553880996, -0.128, 0.9580000000000001, -0.17, 192.0, 0.0, 0.0, 0.0, 0.0, 0.0, 0.0, 0.0, 0.0, 0.0, 1.741808568016362E9, 0.0, 2025-03-12 14:42:48.016
180.0, 17708.907152284046, -27585.539529983944, -42929.14038051848, -28402.89812122561, -25093.409430195028, 6456.591958593364, -37677.106282366076, 14121.139242784888, 4501.015484454094, -13566.368945404167, -34799.475645956474, -5475.7303566611245, -36713.07554400868, -19557.73169490477, -18196.08577443192, 7564.344413798382, -0.128, 0.9580000000000001, -0.17, 192.0, 0.0, 0.0, 0.0, 0.0, 0.0, 0.0, 0.0, 0.0, 0.0, 1.741808568075056E9, 0.0, 2025-03-12 14:42:48.075
182.0, 17754.32589701723, -27588.624070718775, -42929.31919447413, -28356.98763811441, -25091.509531916327, 6504.759967894551, -37682.18012835743, 14119.976952073212, 4492.968856450183, -13570.034631494837, -34787.249241739424, -5457.3572227188615, -36705.498302638334, -19550.66854365689, -18189.536713306512, 7561.97512888612, -0.128, 0.9580000000000001, -0.17, 192.0, 0.0, 0.0, 0.0, 0.0, 0.0, 0.0, 0.0, 0.0, 0.0, 1.741808568075083E9, 0.0, 2025-03-12 14:42:48.075
184.0, 17712.170506974522, -27579.482207236553, -42921.49608391477, -28405.1556474156, -25084.513435901816, 6439.112894429314, -37671.18307008542, 14121.653332907359, 4509.285629902557, -13558.858759267183, -34793.485378442456, -5473.808106637968, -36705.3641921716, -19553.618973924993, -18194.767021509055, 7571.251102835072, -0.126, 0.968, -0.17200000000000001, 192.0, 126.0, 8.0, 15.0, 32.0, 125.0, 80.0, 0.0, 0.0, 0.0, 1.741808568075113E9, 0.0, 2025-03-12 14:42:48.075
186.0, 17759.75737091987, -27595.88838766675, -42931.95670031985, -28355.288905535806, -25090.816627838212, 6501.183688781702, -37678.626200989034, 14118.79230961708, 4499.115586175392, -13563.664384325075, -34784.18705274905, -5456.977243063122, -36697.809302545706, -19556.01061058171, -18183.16646613675, 7569.999405145575, -0.126, 0.968, -0.17200000000000001, 192.0, 0.0, 0.0, 0.0, 0.0, 0.0, 0.0, 0.0, 0.0, 0.0, 1.74180856807513E9, 0.0, 2025-03-12 14:42:48.075
188.0, 17699.161791701532, -27587.55118698492, -42930.34737471907, -28417.940845244033, -25094.370555206606, 6453.976804492093, -37680.03436088972, 14114.545478170572, 4495.181679151258, -13572.023936751359, -34805.37650649268, -5475.149211305286, -36719.266977222804, -19568.415828754405, -18192.710661019166, 7560.991652130086, -0.126, 0.968, -0.17200000000000001, 192.0, 0.0, 0.0, 0.0, 0.0, 0.0, 0.0, 0.0, 0.0, 0.0, 1.741808568075145E9, 0.0, 2025-03-12 14:42:48.075
190.0, 17753.40947549456, -27592.40151553172, -42928.22395899582, -28367.694123708505, -25089.855502826635, 6502.725959149117, -37682.761273713266, 14113.137318269888, 4494.332312861957, -13569.654651839097, -34794.29004124284, -5460.866446598345, -36712.38263993057, -19559.072799572088, -18187.592111538903, 7561.371631785826, -0.126, 0.968, -0.17200000000000001, 192.0, 0.0, 0.0, 0.0, 0.0, 0.0, 0.0, 0.0, 0.0, 0.0, 1.741808568075168E9, 0.0, 2025-03-12 14:42:48.075
192.0, 17690.31050089723, -27589.384030030255, -42932.09081078658, -28419.930150500557, -25092.425953438993, 6451.719278302107, -37681.777796957234, 14107.169402500322, 4497.372150107879, -13572.090991984725, -34803.610718680706, -5465.649719911781, -36712.5167503973, -19562.850244385034, -18190.430783084725, 7562.846846919876, -0.126, 0.968, -0.17200000000000001, 192.0, 0.0, 0.0, 0.0, 0.0, 0.0, 0.0, 0.0, 0.0, 0.0, 1.741808568075184E9, 0.0, 2025-03-12 14:42:48.075
194.0, 17750.90608011557, -27594.346117299334, -42924.759438605244, -28373.438522033517, -25089.25200572634, 6491.483031688098, -37684.23648884732, 14108.443451934274, 4486.5092023026, -13575.331994930744, -34800.43677096805, -5468.287225757507, -36716.42830567698, -19562.939651362856, -18187.83798072791, 7562.913902153243, -0.126, 0.972, -0.17, 192.0, 126.0, 8.0, 15.0, 48.0, 125.0, 88.0, 0.0, 0.0, 0.0, 1.741808568075205E9, 0.0, 2025-03-12 14:42:48.075
196.0, 17704.436803392986, -27579.75042817002, -42920.33379320309, -28420.555999345306, -25085.452209168936, 6444.074981698392, -37669.327875295625, 14112.511469425139, 4500.836670498451, -13562.345631402211, -34792.010163308405, -5462.475772199127, -36703.86662529309, -19551.003819823723, -18180.32779459093, 7574.000367403075, -0.126, 0.972, -0.17, 192.0, 0.0, 0.0, 0.0, 0.0, 0.0, 0.0, 0.0, 0.0, 0.0, 1.741808568134903E9, 0.0, 2025-03-12 14:42:48.134
198.0, 17743.79822537878, -27604.247940093035, -42930.25796774125, -28375.696048223504, -25092.671822628003, 6492.645322399774, -37682.78362545772, 14104.911876310334, 4492.298304116524, -13565.363116903678, -34794.82648310977, -5466.9237693457335, -36715.73540159886, -19548.746293633736, -18187.860332472366, 7570.938178412697, -0.126, 0.972, -0.17, 192.0, 0.0, 0.0, 0.0, 0.0, 0.0, 0.0, 0.0, 0.0, 0.0, 1.741808568134941E9, 0.0, 2025-03-12 14:42:48.134
200.0, 17689.707003796935, -27588.89229165224, -42924.80414209415, -28420.62305457867, -25089.67668887099, 6458.827133038894, -37674.37936954253, 14106.521201911117, 4488.118527903382, -13575.309643186289, -34802.001393079925, -5467.1025833013755, -36716.56241614371, -19556.949383848834, -18191.16839065175, 7564.366765542837, -0.126, 0.972, -0.17, 192.0, 0.0, 0.0, 0.0, 0.0, 0.0, 0.0, 0.0, 0.0, 0.0, 1.741808568134966E9, 0.0, 2025-03-12 14:42:48.134
202.0, 17745.36284749065, -27591.082762608858, -42920.289089714184, -28376.76893195736, -25088.24617722585, 6482.229409483602, -37673.8429276756, 14114.165498514833, 4498.780310008563, -13562.077410468748, -34793.28421274236, -5472.310539759462, -36703.37488691507, -19550.579136679073, -18182.98765218111, 7576.302597081972, -0.126, 0.972, -0.17, 192.0, 0.0, 0.0, 0.0, 0.0, 0.0, 0.0, 0.0, 0.0, 0.0, 1.74180856813499E9, 0.0, 2025-03-12 14:42:48.134
204.0, 17696.65839632254, -27583.080838093858, -42924.31240371614, -28406.966138716478, -25092.96239530592, 6459.542388861464, -37676.27926782123, 14104.84482107697, 4494.734644262153, -13566.994794248914, -34788.83621559575, -5457.893664585789, -36702.92785202597, -19550.53443319016, -18187.770925494544, 7565.97609114362, -0.122, 0.968, -0.168, 192.0, 126.0, 24.0, 15.0, 32.0, 125.0, 96.0, 0.0, 0.0, 0.0, 1.741808568135014E9, 0.0, 2025-03-12 14:42:48.135
206.0, 17747.84389112519, -27584.064314849893, -42914.16471173343, -28374.623164489647, -25079.283127699273, 6464.392717408266, -37667.718549694844, 14114.74664387067, 4503.787100766552, -13560.512788356877, -34790.400837707624, -5473.60694093787, -36706.16885497199, -19550.0650465566, -18188.419126083747, 7568.032451633508, -0.122, 0.968, -0.168, 192.0, 0.0, 0.0, 0.0, 0.0, 0.0, 0.0, 0.0, 0.0, 0.0, 1.741808568135066E9, 0.0, 2025-03-12 14:42:48.135
208.0, 17697.239541678377, -27591.306280053414, -42929.11802877403, -28397.33253685624, -25094.68347962898, 6472.931083790194, -37679.207346344876, 14102.900219309357, 4502.133071676859, -13566.391297148622, -34782.33185795925, -5450.629347637814, -36705.61006136061, -19547.136968032955, -18175.74568697759, 7568.323024311427, -0.122, 0.968, -0.168, 192.0, 0.0, 0.0, 0.0, 0.0, 0.0, 0.0, 0.0, 0.0, 0.0, 1.741808568135089E9, 0.0, 2025-03-12 14:42:48.135
210.0, 17716.707911098947, -27595.08372486636, -42924.915900816435, -28394.24799612141, -25091.33071796068, 6473.601636123853, -37677.88859342201, 14101.939094297779, 4491.895972716328, -13583.490381656931, -34808.84102688325, -5492.360054535872, -36721.81507609071, -19574.696668946348, -18194.565855808956, 7553.235596804095, -0.122, 0.968, -0.168, 192.0, 0.0, 0.0, 0.0, 0.0, 0.0, 0.0, 0.0, 0.0, 0.0, 1.741808568194243E9, 0.0, 2025-03-12 14:42:48.194
212.0, 17688.701175296446, -27592.088591109346, -42933.923653831924, -28398.159551401088, -25098.90795933103, 6481.022415283015, -37682.71657022436, 14102.833164075992, 4497.84153674144, -13569.49818962791, -34787.13748301715, -5458.0054233080655, -36704.76069507131, -19553.440159969352, -18178.941986434696, 7566.0431463769855, -0.122, 0.968, -0.168, 192.0, 0.0, 0.0, 0.0, 0.0, 0.0, 0.0, 0.0, 0.0, 0.0, 1.741808568194299E9, 0.0, 2025-03-12 14:42:48.194
214.0, 17698.670053323516, -27602.996242403537, -42938.41635446744, -28406.38499336064, -25101.768982621314, 6469.980653522093, -37690.56203252817, 14095.345329683463, 4486.486850558144, -13586.932550303049, -34808.46104722751, -5496.361016793373, -36724.05025053624, -19578.63057597048, -18202.724242535143, 7553.503817737558, -0.124, 0.962, -0.17, 192.0, 126.0, 16.0, 15.0, 8.0, 125.0, 88.0, 0.0, 0.0, 0.0, 1.741808568194314E9, 0.0, 2025-03-12 14:42:48.194
216.0, 17691.226922419897, -27588.89229165224, -42929.6321188965, -28403.34515611472, -25093.476485428393, 6484.777508351506, -37682.58245975762, 14099.100422751955, 4481.4577080557, -13588.027785781358, -34794.89353834314, -5469.628330424825, -36716.62947137708, -19570.516892733205, -18200.60082681189, 7554.35318402686, -0.124, 0.962, -0.17, 192.0, 0.0, 0.0, 0.0, 0.0, 0.0, 0.0, 0.0, 0.0, 0.0, 1.741808568194336E9, 0.0, 2025-03-12 14:42:48.194
218.0, 17693.93148349899, -27584.332535783356, -42920.26673796973, -28411.72706028546, -25088.357935948126, 6453.283900413979, -37675.85458467658, 14109.672797879315, 4501.417815854289, -13569.87816928365, -34793.70889588701, -5486.280380044029, -36710.63920386305, -19564.079590330075, -18200.131440178327, 7566.624291732824, -0.124, 0.962, -0.17, 192.0, 0.0, 0.0, 0.0, 0.0, 0.0, 0.0, 0.0, 0.0, 0.0, 1.741808568194351E9, 0.0, 2025-03-12 14:42:48.194
220.0, 17692.411564876027, -27584.243128805534, -42930.414429952434, -28390.112923397177, -25095.577549407193, 6492.690025888685, -37685.59994525909, 14105.940056555279, 4496.723949518675, -13571.755715817895, -34780.70018061402, -5452.417487194239, -36697.58578510115, -19557.530529204672, -18187.413297583258, 7556.92363463922, -0.124, 0.962, -0.17, 192.0, 0.0, 0.0, 0.0, 0.0, 0.0, 0.0, 0.0, 0.0, 0.0, 1.741808568194366E9, 0.0, 2025-03-12 14:42:48.194
222.0, 17685.59428281716, -27579.191634558636, -42921.25021472576, -28417.694976055027, -25086.413334180517, 6445.661955554719, -37676.07810212113, 14109.158707756844, 4502.1554234213145, -13571.845122795716, -34797.30752674431, -5484.916923632255, -36712.24852946383, -19564.571328708094, -18199.729108778134, 7553.63792820429, -0.124, 0.962, -0.17, 192.0, 0.0, 0.0, 0.0, 0.0, 0.0, 0.0, 0.0, 0.0, 0.0, 1.741808568194381E9, 0.0, 2025-03-12 14:42:48.194
224.0, 17701.866352780624, -27586.545358484433, -42924.11123801604, -28381.95453667099, -25093.16356100602, 6489.605485153853, -37684.32589582514, 14103.213143731731, 4500.255525142614, -13566.368945404167, -34778.15208174611, -5451.568120904937, -36696.42349438948, -19550.981468079266, -18186.340413849404, 7554.196721815672, -0.128, 0.96, -0.17, 192.0, 126.0, 0.0, 15.0, 0.0, 125.0, 88.0, 0.0, 0.0, 0.0, 1.741808568194397E9, 0.0, 2025-03-12 14:42:48.194
226.0, 17668.763419242314, -27585.070143350382, -42926.34641246157, -28418.14201094413, -25098.617386653113, 6445.214920665613, -37684.16943361395, 14104.330730954496, 4499.987304209149, -13568.87234078316, -34800.72734364597, -5482.234714297619, -36710.57214862968, -19565.934785119865, -18202.567780323956, 7553.861445648843, -0.128, 0.96, -0.17, 192.0, 0.0, 0.0, 0.0, 0.0, 0.0, 0.0, 0.0, 0.0, 0.0, 1.741808568254591E9, 0.0, 2025-03-12 14:42:48.254
228.0, 17699.54177135727, -27589.026402118972, -42927.0840200286, -28381.462798292974, -25096.96335756342, 6494.56757242293, -37688.08098889363, 14103.615475131926, 4493.639408783843, -13569.11820997217, -34785.10347427172, -5460.084135542409, -36705.87828229407, -19555.183596036863, -18196.488105832115, 7548.988765357586, -0.128, 0.96, -0.17, 192.0, 0.0, 0.0, 0.0, 0.0, 0.0, 0.0, 0.0, 0.0, 0.0, 1.74180856825464E9, 0.0, 2025-03-12 14:42:48.254
230.0, 17656.671125491994, -27582.946727627128, -42927.5310549177, -28433.072976240277, -25093.431781939482, 6446.623080566297, -37685.689352236914, 14094.78653607208, 4501.4625193432, -13568.805285549795, -34802.09080005775, -5482.860563142367, -36711.13094224107, -19560.72682866178, -18209.161544938273, 7548.608785701846, -0.128, 0.96, -0.17, 192.0, 0.0, 0.0, 0.0, 0.0, 0.0, 0.0, 0.0, 0.0, 0.0, 1.741808568254656E9, 0.0, 2025-03-12 14:42:48.254
232.0, 17684.16377117202, -27601.364565058302, -42938.66222365644, -28385.262594850374, -25102.148962277053, 6510.280848775012, -37692.77485522925, 14100.754451841647, 4488.1855831367475, -13576.49428564242, -34798.24630001144, -5465.850885611879, -36713.58963413115, -19560.659773428415, -18204.75825128058, 7543.981974599597, -0.128, 0.96, -0.17, 192.0, 0.0, 0.0, 0.0, 0.0, 0.0, 0.0, 0.0, 0.0, 0.0, 1.741808568254671E9, 0.0, 2025-03-12 14:42:48.254
234.0, 17629.893735634534, -27589.94282364164, -42931.621424153025, -28441.991322277943, -25096.359860463126, 6444.566720076409, -37688.483320293824, 14098.720443096214, 4491.359530849401, -13580.07056475527, -34815.59125370875, -5491.2871708020175, -36722.57503540219, -19572.88617764547, -18220.963266010676, 7544.987803100086, -0.13, 0.968, -0.168, 192.0, 125.5, 120.0, 15.0, 32.0, 125.0, 96.0, 0.0, 0.0, 0.0, 1.741808568254691E9, 0.0, 2025-03-12 14:42:48.254
236.0, 17676.54182631276, -27614.999129176038, -42941.79146788019, -28387.85539720719, -25101.925444832497, 6511.063159830947, -37699.122750654555, 14094.294797694063, 4477.747318476119, -13589.480649170953, -34803.25309076942, -5477.965531106655, -36710.63920386305, -19568.237014798764, -18214.61537058537, 7540.070419319919, -0.13, 0.968, -0.168, 192.0, 0.0, 0.0, 0.0, 0.0, 0.0, 0.0, 0.0, 0.0, 0.0, 1.741808568254707E9, 0.0, 2025-03-12 14:42:48.254
238.0, 17622.67412217547, -27592.714439954096, -42931.42025845293, -28440.314941443798, -25094.839941840168, 6455.831999281883, -37687.83511970462, 14095.971178528212, 4491.404234338312, -13584.719727601974, -34809.39982049463, -5489.56608647896, -36723.9161400695, -19577.44593351435, -18220.091547976917, 7542.663221676734, -0.13, 0.968, -0.168, 192.0, 0.0, 0.0, 0.0, 0.0, 0.0, 0.0, 0.0, 0.0, 0.0, 1.741808568254726E9, 0.0, 2025-03-12 14:42:48.254
240.0, 17680.58749205917, -27588.445256763134, -42917.76334259073, -28382.647440749104, -25082.032392267276, 6492.868839844327, -37676.74865445479, 14113.830222348002, 4500.635504798353, -13573.365041418678, -34787.45040743952, -5470.723565903136, -36702.57022411469, -19561.889119373456, -18209.496821105102, 7555.5378264829915, -0.13, 0.968, -0.168, 192.0, 0.0, 0.0, 0.0, 0.0, 0.0, 0.0, 0.0, 0.0, 0.0, 1.741808568314903E9, 0.0, 2025-03-12 14:42:48.314
242.0, 17629.670218189982, -27593.116771354293, -42920.91493855893, -28433.810583807302, -25088.380287692584, 6451.495760857554, -37678.156814355476, 14106.990588544679, 4505.307019389513, -13571.174570462057, -34788.12095977318, -5471.617635681348, -36704.64893634903, -19559.385723994463, -18210.904981005788, 7564.746745198578, -0.13, 0.968, -0.168, 192.0, 0.0, 0.0, 0.0, 0.0, 0.0, 0.0, 0.0, 0.0, 0.0, 1.741808568314935E9, 0.0, 2025-03-12 14:42:48.314
244.0, 17689.93052124149, -27603.733849970562, -42920.11027575854, -28384.077952394244, -25082.993517278854, 6489.136098520291, -37676.256916076774, 14113.092614780977, 4502.915382732795, -13575.73432633094, -34787.83038709526, -5474.679824671724, -36700.670325835985, -19563.364334507507, -18209.966207738664, 7561.550445741469, -0.122, 0.962, -0.164, 192.0, 126.0, 24.0, 15.0, 8.0, 125.0, 112.0, 0.0, 0.0, 0.0, 1.741808568314951E9, 0.0, 2025-03-12 14:42:48.314
246.0, 17619.924857607468, -27600.068163879892, -42925.51939791672, -28429.76491806089, -25091.8224563387, 6446.1313421882805, -37681.30841032367, 14101.246190219665, 4506.625772312376, -13580.741117088928, -34797.15106453312, -5477.898475873289, -36710.035706762756, -19567.655869442926, -18214.995350241108, 7557.5941869728795, -0.122, 0.962, -0.164, 192.0, 0.0, 0.0, 0.0, 0.0, 0.0, 0.0, 0.0, 0.0, 0.0, 1.741808568314968E9, 0.0, 2025-03-12 14:42:48.314
248.0, 17675.848922234647, -27611.691070996654, -42919.55148214716, -28380.993411659412, -25084.692249857457, 6478.876647815305, -37680.660209734466, 14106.230629233198, 4504.547060078033, -13579.891750799627, -34792.636012153154, -5480.066595085454, -36710.99683177433, -19560.54801470614, -18220.337417165927, 7560.701079452167, -0.122, 0.962, -0.164, 192.0, 0.0, 0.0, 0.0, 0.0, 0.0, 0.0, 0.0, 0.0, 0.0, 1.741808568314983E9, 0.0, 2025-03-12 14:42:48.314
250.0, 17621.40007274152, -27602.4150970477, -42920.17733099191, -28418.656101066605, -25089.7213923599, 6458.469505127609, -37679.542622511704, 14108.152879256355, 4507.363379879401, -13581.344614189222, -34790.75846561891, -5466.409679223261, -36713.679041108975, -19561.307974017618, -18218.07989097594, 7566.423126032726, -0.122, 0.962, -0.164, 192.0, 0.0, 0.0, 0.0, 0.0, 0.0, 0.0, 0.0, 0.0, 0.0, 1.741808568315023E9, 0.0, 2025-03-12 14:42:48.315
252.0, 17671.17740764349, -27608.22655060608, -42918.545653646666, -28379.942879670012, -25089.11789525961, 6487.57147640842, -37680.593154501104, 14104.93422805479, 4505.2623159006025, -13580.808172322295, -34796.36875347719, -5475.976225850132, -36714.103724253626, -19558.648116427437, -18217.9010770203, 7567.1607335997505, -0.122, 0.962, -0.164, 192.0, 0.0, 0.0, 0.0, 0.0, 0.0, 0.0, 0.0, 0.0, 0.0, 1.741808568315039E9, 0.0, 2025-03-12 14:42:48.315
254.0, 17623.367026253585, -27593.31793705439, -42916.82456932361, -28415.593912076227, -25088.53674990377, 6464.191551708169, -37675.765177698755, 14101.492059408673, 4510.090292702948, -13573.253282696402, -34791.11609353019, -5457.983071563611, -36708.7616573288, -19555.049485570133, -18216.69408281971, 7566.914864410743, -0.116, 0.964, -0.162, 192.0, 126.0, 48.0, 15.0, 16.0, 125.0, 120.0, 0.0, 0.0, 0.0, 1.741808568315054E9, 0.0, 2025-03-12 14:42:48.315
0.0, 17660.850901705136, -27605.142009871248, -42914.54469138917, -28391.588138531228, -25090.257834226828, 6486.833868841394, -37683.40947430247, 14099.994492530168, 4505.485833345155, -13575.26493969738, -34799.94503259004, -5476.646778183792, -36714.97544228738, -19556.524700704183, -18222.907867778285, 7563.539750997991, -0.116, 0.964, -0.162, 192.0, 0.0, 0.0, 0.0, 0.0, 0.0, 0.0, 0.0, 0.0, 0.0, 1.741808568375549E9, 0.0, 2025-03-12 14:42:48.375
2.0, 17628.798500156227, -27572.664925177687, -42897.646772580956, -28407.502580583405, -25075.55038637524, 6487.23620024159, -37668.50086075078, 14105.761242599636, 4506.536365334555, -13571.152218717601, -34785.706971372005, -5453.915054072744, -36699.64214559104, -19554.9153751034, -18214.570667096457, 7553.704983437656, -0.116, 0.964, -0.162, 192.0, 0.0, 0.0, 0.0, 0.0, 0.0, 0.0, 0.0, 0.0, 0.0, 1.741808568375573E9, 0.0, 2025-03-12 14:42:48.375
4.0, 17657.364029570108, -27574.69893392312, -42896.05979872463, -28384.279118094342, -25071.68353458447, 6497.786223624495, -37658.4872792348, 14117.942943327778, 4516.929926506273, -13559.037573222826, -34782.64478238163, -5461.469943698638, -36698.79277930174, -19546.53347093266, -18206.83696351492, 7565.529056254513, -0.116, 0.964, -0.162, 192.0, 0.0, 0.0, 0.0, 0.0, 0.0, 0.0, 0.0, 0.0, 0.0, 1.741808568375608E9, 0.0, 2025-03-12 14:42:48.375
6.0, 17614.046348815722, -27573.760160655995, -42910.11904598702, -28395.745562999913, -25082.72529634539, 6511.756063909062, -37678.82736668913, 14098.921608796312, 4492.991208194639, -13566.413648893076, -34778.68852361304, -5443.8567690678565, -36704.60423286012, -19548.656886655914, -18198.83503899992, 7552.7215066816225, -0.116, 0.964, -0.162, 192.0, 0.0, 0.0, 0.0, 0.0, 0.0, 0.0, 0.0, 0.0, 0.0, 1.741808568375623E9, 0.0, 2025-03-12 14:42:48.375
8.0, 17618.896677362525, -27582.96907937158, -42910.16374947593, -28403.76983925937, -25080.91480504451, 6477.870819314817, -37683.253012091285, 14095.099460494455, 4488.923190703773, -13578.751811832406, -34799.96738433449, -5479.060766584965, -36720.518674912295, -19564.68308743037, -18217.342283408914, 7543.400829243759, -0.13, 0.9580000000000001, -0.17400000000000002, 192.0, 125.5, 120.0, 14.5, 120.0, 125.0, 72.0, 0.0, 0.0, 0.0, 1.741808568375638E9, 0.0, 2025-03-12 14:42:48.375
10.0, 17602.222275998865, -27590.568672486388, -42917.33865944608, -28397.444295578516, -25088.6708603705, 6486.364482207833, -37690.65143950599, 14088.013957502122, 4481.748280733619, -13577.678928098552, -34787.1598347616, -5453.915054072744, -36711.64503236354, -19555.54122394815, -18210.92733275024, 7539.2210530306165, -0.13, 0.9580000000000001, -0.17400000000000002, 192.0, 0.0, 0.0, 0.0, 0.0, 0.0, 0.0, 0.0, 0.0, 0.0, 1.741808568375659E9, 0.0, 2025-03-12 14:42:48.375
12.0, 17608.23489525734, -27593.250881821023, -42911.59426112107, -28411.034156207344, -25085.116933002108, 6449.931138745683, -37686.33755282612, 14091.679643592794, 4487.760899992097, -13582.685718856541, -34807.23170128247, -5487.465022500161, -36721.18922724596, -19567.25353804273, -18228.40639691429, 7539.779846642, -0.13, 0.9580000000000001, -0.17400000000000002, 192.0, 0.0, 0.0, 0.0, 0.0, 0.0, 0.0, 0.0, 0.0, 0.0, 1.741808568375676E9, 0.0, 2025-03-12 14:42:48.375
14.0, 17626.809194899703, -27588.08762885185, -42906.96745001882, -28386.111961139675, -25087.01683128081, 6480.8883048162825, -37686.02462840374, 14100.665044863827, 4502.691865288242, -13577.164837976079, -34778.19678523502, -5450.159961004253, -36708.47108465089, -19551.272040757187, -18217.185821197727, 7553.034431103997, -0.13, 0.9580000000000001, -0.17400000000000002, 192.0, 0.0, 0.0, 0.0, 0.0, 0.0, 0.0, 0.0, 0.0, 0.0, 1.741808568375691E9, 0.0, 2025-03-12 14:42:48.375
16.0, 17626.362160010598, -27576.755294413008, -42891.50004285575, -28399.411249090583, -25079.68545909947, 6455.8767027707945, -37676.56984049915, 14112.93615256979, 4522.763731809107, -13568.626471594152, -34781.43778818104, -5471.41646998125, -36707.82288406168, -19548.411017466908, -18224.69600733471, 7572.5028005245695, -0.13, 0.9580000000000001, -0.17400000000000002, 192.0, 0.0, 0.0, 0.0, 0.0, 0.0, 0.0, 0.0, 0.0, 0.0, 1.741808568436293E9, 0.0, 2025-03-12 14:42:48.436
18.0, 17654.525358024282, -27583.192596816138, -42894.092845212566, -28363.201423072987, -25079.10431374363, 6500.937819592693, -37674.33466605362, 14118.568792172528, 4538.4323046722775, -13550.119227185158, -34751.665264566574, -5426.355353159351, -36688.26510766329, -19521.074833998067, -18202.232504157128, 7593.893419968298, -0.114, 0.97, -0.17200000000000001, 192.0, 126.0, 56.0, 15.0, 40.0, 125.0, 80.0, 0.0, 0.0, 0.0, 1.741808568436309E9, 0.0, 2025-03-12 14:42:48.436
20.0, 17609.91127609149, -27607.779515716975, -42911.99659252127, -28416.152705687608, -25086.703906858434, 6445.75136253254, -37680.593154501104, 14107.862306578436, 4535.526577893088, -13566.234834937435, -34782.17539574807, -5467.080231556921, -36707.39820091703, -19537.793938850635, -18225.590077112924, 7591.255914122572, -0.114, 0.97, -0.17200000000000001, 192.0, 0.0, 0.0, 0.0, 0.0, 0.0, 0.0, 0.0, 0.0, 0.0, 1.741808568436326E9, 0.0, 2025-03-12 14:42:48.436
22.0, 17637.1133490936, -27619.76005074502, -42918.41154317994, -28377.260670335374, -25089.11789525961, 6497.741520135584, -37685.95757317037, 14106.968236800223, 4521.2885166750575, -13581.657538611596, -34776.83332882325, -5454.965586062144, -36707.33114568367, -19541.459624941304, -18229.144004481317, 7575.050899392474, -0.114, 0.97, -0.17200000000000001, 192.0, 0.0, 0.0, 0.0, 0.0, 0.0, 0.0, 0.0, 0.0, 0.0, 1.741808568436349E9, 0.0, 2025-03-12 14:42:48.436
24.0, 17602.73636612134, -27618.46364956661, -42916.802217579156, -28428.423813393572, -25085.63102312458, 6442.108028186325, -37681.97896265733, 14104.889524565879, 4529.08927548996, -13581.165800233579, -34788.098608028726, -5481.027720097032, -36710.72861084087, -19551.450854712828, -18243.35971395489, 7572.882780180309, -0.114, 0.97, -0.17200000000000001, 192.0, 0.0, 0.0, 0.0, 0.0, 0.0, 0.0, 0.0, 0.0, 0.0, 1.741808568436365E9, 0.0, 2025-03-12 14:42:48.436
26.0, 17647.97629689888, -27619.38007108928, -42911.25898495424, -28382.468626793463, -25088.29088071476, 6499.596714925375, -37680.369637056545, 14103.950751298757, 4523.076656231482, -13582.283387456346, -34777.01214277889, -5466.253217012074, -36704.715991582394, -19553.797787880634, -18231.915620793774, 7564.947910898675, -0.114, 0.97, -0.17200000000000001, 192.0, 0.0, 0.0, 0.0, 0.0, 0.0, 0.0, 0.0, 0.0, 0.0, 1.741808568436384E9, 0.0, 2025-03-12 14:42:48.436
28.0, 17591.068755515666, -27610.774649473984, -42914.276470455705, -28426.680377326058, -25099.310290731228, 6475.032147768992, -37685.04115164771, 14099.346291940963, 4530.676249346287, -13575.06377399728, -34786.623392894675, -5480.446574741194, -36707.77818057277, -19562.58202345157, -18230.730978337644, 7561.30457655246, -0.11, 0.96, -0.17400000000000002, 192.0, 126.0, 72.0, 15.0, 0.0, 125.0, 72.0, 0.0, 0.0, 0.0, 1.741808568436399E9, 0.0, 2025-03-12 14:42:48.436
30.0, 17635.72754093737, -27600.26932957999, -42901.02188599371, -28375.271365078854, -25083.39584867905, 6537.840549688405, -37675.78752944321, 14102.296722209065, 4510.917307247795, -13574.63909085263, -34782.577727148266, -5473.294016515496, -36700.87149153608, -19558.424598982885, -18223.22079220066, 7553.973204371119, -0.11, 0.96, -0.17400000000000002, 192.0, 0.0, 0.0, 0.0, 0.0, 0.0, 0.0, 0.0, 0.0, 0.0, 1.74180856849654E9, 0.0, 2025-03-12 14:42:48.496
32.0, 17575.489589630317, -27592.04388762044, -42894.986914990775, -28426.501563370417, -25077.226767209384, 6480.2401042270785, -37671.78656718571, 14101.447355919761, 4520.260336430113, -13560.468084867965, -34777.83915732374, -5475.752708405579, -36694.8141687887, -19559.765703650202, -18219.37629215435, 7552.497989237069, -0.11, 0.96, -0.17400000000000002, 192.0, 0.0, 0.0, 0.0, 0.0, 0.0, 0.0, 0.0, 0.0, 0.0, 1.741808568496559E9, 0.0, 2025-03-12 14:42:48.496
34.0, 17628.86555538959, -27599.4646667796, -42894.71869405731, -28370.063408620765, -25070.364781661607, 6519.757988424062, -37671.585401485616, 14107.325864711507, 4508.838595013452, -13560.713954056973, -34766.26095369589, -5465.403850722772, -36686.83459601815, -19554.40128498093, -18210.904981005788, 7548.184102557195, -0.11, 0.96, -0.17400000000000002, 192.0, 0.0, 0.0, 0.0, 0.0, 0.0, 0.0, 0.0, 0.0, 0.0, 1.741808568496574E9, 0.0, 2025-03-12 14:42:48.496
36.0, 17552.400237607984, -27599.330556312867, -42909.26967969772, -28424.802830791814, -25090.16842724901, 6476.28384545849, -37685.55524177018, 14094.294797694063, 4501.864850743395, -13572.001585006903, -34780.45431142501, -5474.74687990509, -36698.59161360164, -19565.48775023076, -18215.554143852492, 7541.63504143179, -0.11, 0.96, -0.17400000000000002, 192.0, 0.0, 0.0, 0.0, 0.0, 0.0, 0.0, 0.0, 0.0, 0.0, 1.741808568496589E9, 0.0, 2025-03-12 14:42:48.496
38.0, 17604.658616144494, -27615.64732976524, -42914.54469138917, -28383.362696571672, -25097.209226752428, 6522.306087291967, -37692.260765106774, 14088.416288902317, 4475.936827175239, -13588.005434036904, -34794.20063426503, -5483.687577687214, -36708.69460209544, -19585.425506284893, -18228.31698993647, 7517.651619631246, -0.136, 0.9580000000000001, -0.17, 192.0, 125.5, 96.0, 14.5, 120.0, 125.0, 88.0, 0.0, 0.0, 0.0, 1.741808568496613E9, 0.0, 2025-03-12 14:42:48.496
40.0, 17549.47215908434, -27597.050678378426, -42908.30855468614, -28436.224572208474, -25093.38707845057, 6479.323682704411, -37681.17429985694, 14091.143201725865, 4479.64721675482, -13586.798439836317, -34791.94310807504, -5480.535981719016, -36706.124151483076, -19583.994994639754, -18218.7504433096, 7519.372703954305, -0.136, 0.9580000000000001, -0.17, 192.0, 0.0, 0.0, 0.0, 0.0, 0.0, 0.0, 0.0, 0.0, 0.0, 1.741808568496629E9, 0.0, 2025-03-12 14:42:48.496
42.0, 17604.94918882241, -27608.85239945083, -42904.17348196191, -28393.465685065472, -25087.374459192095, 6504.737616150095, -37680.77196845674, 14095.948826783757, 4478.060242898493, -13583.44567816802, -34787.74098011744, -5484.134612576319, -36697.5634333567, -19571.03098285568, -18206.322873392448, 7523.820701100911, -0.136, 0.9580000000000001, -0.17, 192.0, 0.0, 0.0, 0.0, 0.0, 0.0, 0.0, 0.0, 0.0, 0.0, 1.741808568496649E9, 0.0, 2025-03-12 14:42:48.496
44.0, 17529.735568730302, -27605.052602893426, -42918.43389492439, -28442.170136233588, -25099.10912503113, 6475.143906491269, -37690.4949772948, 14083.744774311159, 4456.6025682213985, -13599.69539638703, -34795.34057323224, -5484.045205598499, -36712.9637852864, -19574.987241624265, -18214.101280462895, 7506.654561359234, -0.136, 0.9580000000000001, -0.17, 192.0, 0.0, 0.0, 0.0, 0.0, 0.0, 0.0, 0.0, 0.0, 0.0, 1.741808568496668E9, 0.0, 2025-03-12 14:42:48.496
46.0, 17588.498304903307, -27597.877692923274, -42906.63217385199, -28402.29462412532, -25082.948813789943, 6487.169145008224, -37675.80988118766, 14100.687396608282, 4468.448992782712, -13583.177457234557, -34786.42222719458, -5492.002426624587, -36705.07361949368, -19568.1699595654, -18208.245123415607, 7515.617610885813, -0.136, 0.9580000000000001, -0.17, 192.0, 0.0, 0.0, 0.0, 0.0, 0.0, 0.0, 0.0, 0.0, 0.0, 1.741808568555433E9, 0.0, 2025-03-12 14:42:48.555
48.0, 17537.58103103412, -27609.70176574013, -42920.40084843646, -28435.33050243026, -25100.114953531618, 6473.825153568406, -37690.584384272624, 14083.990643500167, 4462.16815259077, -13590.64293988263, -34785.93048881656, -5471.572932192437, -36706.72764858337, -19564.34781126354, -18200.89139948981, 7506.8780788037875, -0.156, 0.962, -0.17400000000000002, 192.0, 125.5, 16.0, 15.0, 8.0, 125.0, 72.0, 0.0, 0.0, 0.0, 1.741808568555479E9, 0.0, 2025-03-12 14:42:48.555
50.0, 17583.603272867593, -27614.17211463119, -42913.24829021076, -28411.123563185163, -25100.91961633201, 6471.522923889509, -37694.27242210775, 14084.147105711354, 4460.514123501078, -13592.319320716779, -34793.70889588701, -5494.2152493256635, -36708.38167767307, -19571.478017744783, -18212.98369324013, 7501.62541885679, -0.156, 0.962, -0.17400000000000002, 192.0, 0.0, 0.0, 0.0, 0.0, 0.0, 0.0, 0.0, 0.0, 0.0, 1.741808568555497E9, 0.0, 2025-03-12 14:42:48.555
52.0, 17545.404141593473, -27599.41996329069, -42910.364915176026, -28432.178906462064, -25103.892398344567, 6455.295557414956, -37692.90896569598, 14077.910969008324, 4457.2507688106025, -13600.276541742867, -34786.623392894675, -5472.13172580382, -36707.7111253394, -19575.367221280005, -18212.402547884292, 7492.4388518856595, -0.156, 0.962, -0.17400000000000002, 192.0, 0.0, 0.0, 0.0, 0.0, 0.0, 0.0, 0.0, 0.0, 0.0, 1.741808568555512E9, 0.0, 2025-03-12 14:42:48.555
54.0, 17576.98715650882, -27609.679413995676, -42912.801255321654, -28415.14687718712, -25095.532845918282, 6437.727086273085, -37692.260765106774, 14075.966367240711, 4479.043719654527, -13584.093878757225, -34783.203575993015, -5487.219153311152, -36702.39141015904, -19566.046543842145, -18208.401585626794, 7506.140471236762, -0.156, 0.962, -0.17400000000000002, 192.0, 0.0, 0.0, 0.0, 0.0, 0.0, 0.0, 0.0, 0.0, 0.0, 1.741808568555527E9, 0.0, 2025-03-12 14:42:48.555
56.0, 17554.546005075696, -27602.213931347604, -42918.38919143548, -28419.438412122538, -25099.802029109243, 6441.057496196926, -37696.08291340863, 14074.0217654731, 4471.377071306357, -13588.854800326206, -34780.78958759184, -5463.74982163308, -36696.73641881185, -19561.084456573066, -18204.065347202464, 7504.7099595916225, -0.156, 0.962, -0.17400000000000002, 192.0, 0.0, 0.0, 0.0, 0.0, 0.0, 0.0, 0.0, 0.0, 0.0, 1.741808568555542E9, 0.0, 2025-03-12 14:42:48.555
58.0, 17584.60910136808, -27592.356812042814, -42902.944136016864, -28414.61043532019, -25090.503703415838, 6416.26941159599, -37691.5455092842, 14076.413402129818, 4484.095213901426, -13578.058907754292, -34784.4105701936, -5483.598170709392, -36705.83357880516, -19563.25257578523, -18216.738786308622, 7513.293029462461, -0.16, 0.962, -0.17, 192.0, 125.5, 0.0, 15.0, 8.0, 125.0, 88.0, 0.0, 0.0, 0.0, 1.741808568555565E9, 0.0, 2025-03-12 14:42:48.555
60.0, 17572.159179706476, -27614.976777431584, -42917.15984549044, -28402.8534177367, -25105.59113092317, 6455.5861300928755, -37696.64170702001, 14070.177265426788, 4479.691920243731, -13581.255207211401, -34770.485433397946, -5454.630309895314, -36700.78208455826, -19553.95425009182, -18203.819478013454, 7518.5009859205475, -0.16, 0.962, -0.17, 192.0, 0.0, 0.0, 0.0, 0.0, 0.0, 0.0, 0.0, 0.0, 0.0, 1.741808568616175E9, 0.0, 2025-03-12 14:42:48.616
62.0, 17588.073621758656, -27614.350928586835, -42912.86831055502, -28423.417022635585, -25102.88656984408, 6421.231498865069, -37693.69127675191, 14071.965404983212, 4485.726891246663, -13584.719727601974, -34791.60783190821, -5498.640894727814, -36711.19799747443, -19564.68308743037, -18212.201382184194, 7524.848881345854, -0.16, 0.962, -0.17, 192.0, 0.0, 0.0, 0.0, 0.0, 0.0, 0.0, 0.0, 0.0, 0.0, 1.741808568616197E9, 0.0, 2025-03-12 14:42:48.616
64.0, 17613.01816857078, -27617.03313792147, -42920.69142111438, -28401.557016558294, -25107.133401290586, 6448.500627100543, -37698.31808785416, 14073.462971861718, 4482.687054000742, -13589.279483470857, -34778.95674454651, -5474.121031060342, -36705.54300612724, -19555.87650011498, -18205.205286169683, 7525.921765079709, -0.16, 0.962, -0.17, 192.0, 0.0, 0.0, 0.0, 0.0, 0.0, 0.0, 0.0, 0.0, 0.0, 1.741808568616224E9, 0.0, 2025-03-12 14:42:48.616
66.0, 17620.34954075212, -27621.3693763458, -42931.55436891966, -28435.33050243026, -25108.742726891367, 6404.914725412694, -37701.000297188795, 14069.283195648575, 4489.012597681594, -13593.839239339739, -34799.18507327856, -5504.698217475202, -36720.541026656756, -19562.850244385034, -18216.403510141794, 7531.509701193536, -0.16, 0.962, -0.17, 192.0, 0.0, 0.0, 0.0, 0.0, 0.0, 0.0, 0.0, 0.0, 0.0, 1.741808568616239E9, 0.0, 2025-03-12 14:42:48.616
68.0, 17665.500064551838, -27611.355794829822, -42931.9343485754, -28406.76497301638, -25107.267511757316, 6439.7387432740625, -37698.65336402099, 14076.905140507835, 4486.732719747152, -13590.486477671442, -34790.64670689663, -5476.356205505873, -36718.17174174449, -19556.100017559533, -18211.195553683705, 7529.25217500355, -0.14400000000000002, 0.962, -0.168, 192.0, 125.5, 64.0, 15.0, 8.0, 125.0, 96.0, 0.0, 0.0, 0.0, 1.741808568616255E9, 0.0, 2025-03-12 14:42:48.616
70.0, 17645.62936373107, -27610.4170215627, -42934.43774395439, -28440.829031566267, -25110.173238536507, 6402.634847478253, -37694.07125640765, 14079.07325972, 4499.69673153123, -13581.411669422589, -34801.9119861021, -5497.500955760594, -36720.49632316784, -19554.982430336768, -18217.31993166446, 7539.332811752894, -0.14400000000000002, 0.962, -0.168, 192.0, 0.0, 0.0, 0.0, 0.0, 0.0, 0.0, 0.0, 0.0, 0.0, 1.741808568616278E9, 0.0, 2025-03-12 14:42:48.616
72.0, 17680.721602525904, -27608.807695961917, -42930.10150553006, -28396.684336267037, -25105.412316967526, 6464.437420897177, -37694.0489046632, 14081.040213232067, 4491.493641316133, -13576.360175175689, -34788.50093942892, -5466.812010623456, -36713.053192264226, -19537.257496983708, -18204.445326858204, 7552.833265403899, -0.14400000000000002, 0.962, -0.168, 192.0, 0.0, 0.0, 0.0, 0.0, 0.0, 0.0, 0.0, 0.0, 0.0, 1.741808568616293E9, 0.0, 2025-03-12 14:42:48.616
74.0, 17638.834433416658, -27611.914588441206, -42934.32598523211, -28440.784328077356, -25104.29472974476, 6421.8349959653615, -37691.12082613955, 14076.301643407542, 4498.489737330644, -13575.823733308762, -34801.442599468544, -5487.867353900356, -36719.490494667356, -19548.902755844923, -18209.541524594013, 7555.7166404386335, -0.14400000000000002, 0.962, -0.168, 192.0, 0.0, 0.0, 0.0, 0.0, 0.0, 0.0, 0.0, 0.0, 0.0, 1.741808568616309E9, 0.0, 2025-03-12 14:42:48.616
76.0, 17695.60786433314, -27613.523914041987, -42934.25892999875, -28391.364621086672, -25104.987633822875, 6471.7911448229725, -37689.48914879432, 14083.54360861106, 4500.5684495649875, -13575.44375365302, -34785.88578532765, -5462.855751854868, -36710.661555607505, -19538.509194673206, -18197.98567271062, 7556.767172428033, -0.14400000000000002, 0.962, -0.168, 192.0, 0.0, 0.0, 0.0, 0.0, 0.0, 0.0, 0.0, 0.0, 0.0, 1.741808568675932E9, 0.0, 2025-03-12 14:42:48.675
78.0, 17645.003514886324, -27612.585140774863, -42941.813819624644, -28442.95244728952, -25111.514343203824, 6426.551214045431, -37694.54064304121, 14078.961500997722, 4504.010618211105, -13576.695451342519, -34800.682640157065, -5479.328987518428, -36729.347613972146, -19543.828909853568, -18210.100318205397, 7557.169503828229, -0.132, 0.968, -0.166, 192.0, 125.5, 112.0, 15.0, 32.0, 125.0, 104.0, 0.0, 0.0, 0.0, 1.741808568675982E9, 0.0, 2025-03-12 14:42:48.675
80.0, 17702.916884770024, -27615.557922787422, -42938.14813353397, -28387.162493129075, -25111.24612227036, 6484.799860095962, -37693.244241862805, 14080.749640554148, 4498.065054185993, -13580.294082199822, -34790.98198306346, -5469.203647280175, -36721.54685515724, -19535.62581963847, -18209.474469360648, 7550.106352580351, -0.132, 0.968, -0.166, 192.0, 0.0, 0.0, 0.0, 0.0, 0.0, 0.0, 0.0, 0.0, 0.0, 1.741808568676013E9, 0.0, 2025-03-12 14:42:48.676
82.0, 17663.667221506505, -27587.528835240464, -42920.423200180914, -28434.458784396506, -25097.566854663713, 6429.948679202638, -37678.08975912211, 14085.93524526778, 4515.678228816775, -13567.307718671289, -34789.64087839614, -5472.7352229041135, -36717.45648592192, -19531.736616103248, -18210.010911227575, 7564.724393454122, -0.132, 0.968, -0.166, 192.0, 0.0, 0.0, 0.0, 0.0, 0.0, 0.0, 0.0, 0.0, 0.0, 1.74180856867603E9, 0.0, 2025-03-12 14:42:48.676
84.0, 17724.285152469296, -27602.70566972562, -42925.631156639, -28377.41713254656, -25103.423011711006, 6484.621046140319, -37687.00810515977, 14086.918722023813, 4523.926022520784, -13558.367020889167, -34767.669113596574, -5452.216321494141, -36698.09987522363, -19519.91254328639, -18194.31998661995, 7576.950797671176, -0.132, 0.968, -0.166, 192.0, 0.0, 0.0, 0.0, 0.0, 0.0, 0.0, 0.0, 0.0, 0.0, 1.741808568676045E9, 0.0, 2025-03-12 14:42:48.676
86.0, 17665.231843618374, -27595.68722196665, -42926.525226417216, -28432.894162284632, -25104.29472974476, 6441.638641552764, -37679.40851204497, 14085.912893523324, 4519.030990485071, -13568.246491938413, -34785.55050916082, -5463.235731510607, -36716.473009165886, -19534.10590101551, -18206.635797814823, 7564.54557949848, -0.132, 0.968, -0.166, 192.0, 0.0, 0.0, 0.0, 0.0, 0.0, 0.0, 0.0, 0.0, 0.0, 1.741808568676064E9, 0.0, 2025-03-12 14:42:48.676
88.0, 17732.443539195483, -27593.854378921318, -42910.14139773147, -28384.61439426117, -25087.6203283811, 6469.064231999426, -37667.29386655019, 14100.821507075014, 4526.652935344331, -13562.658555824586, -34769.278439197355, -5459.145362275286, -36703.28547993726, -19527.087453256543, -18200.42201285625, 7573.419222047237, -0.122, 0.962, -0.168, 192.0, 126.0, 24.0, 15.0, 8.0, 125.0, 96.0, 0.0, 0.0, 0.0, 1.741808568676079E9, 0.0, 2025-03-12 14:42:48.676
90.0, 17667.556425041726, -27593.295585309934, -42921.42902868141, -28427.172115704074, -25094.30349997324, 6446.46661835511, -37670.15488984047, 14098.407518673841, 4528.306964434024, -13566.368945404167, -34767.535003129844, -5451.456362182661, -36699.910366524506, -19524.695816599826, -18192.285977874515, 7579.49889653908, -0.122, 0.962, -0.168, 192.0, 0.0, 0.0, 0.0, 0.0, 0.0, 0.0, 0.0, 0.0, 0.0, 1.741808568736279E9, 0.0, 2025-03-12 14:42:48.736
92.0, 17718.965437288934, -27593.116771354293, -42910.700191342854, -28380.23345234793, -25081.138322489063, 6478.720185604118, -37664.54460198219, 14107.527030411606, 4518.226327684681, -13566.63716633763, -34773.10058749921, -5461.64875765428, -36703.531349126264, -19521.410110164896, -18196.823381998944, 7576.0790796374185, -0.122, 0.962, -0.168, 192.0, 0.0, 0.0, 0.0, 0.0, 0.0, 0.0, 0.0, 0.0, 0.0, 1.741808568736327E9, 0.0, 2025-03-12 14:42:48.736
94.0, 17662.34846858364, -27592.356812042814, -42915.05878151164, -28415.929188243055, -25090.90603481603, 6465.398545908755, -37670.803090429676, 14099.12277449641, 4520.908537019317, -13561.362154646178, -34769.72547408646, -5444.259100468052, -36700.78208455826, -19518.77260431917, -18186.049841171487, 7580.303559339472, -0.122, 0.962, -0.168, 192.0, 0.0, 0.0, 0.0, 0.0, 0.0, 0.0, 0.0, 0.0, 0.0, 1.741808568736343E9, 0.0, 2025-03-12 14:42:48.736
96.0, 17709.376538917608, -27594.636689977255, -42909.2249762088, -28388.66006000758, -25083.865235312613, 6484.6433978847745, -37669.97607588483, 14105.247152477164, 4512.459577615211, -13572.247454195913, -34780.74488410293, -5467.080231556921, -36713.50022715333, -19528.562668390594, -18200.667882045258, 7567.898341166776, -0.122, 0.962, -0.168, 192.0, 0.0, 0.0, 0.0, 0.0, 0.0, 0.0, 0.0, 0.0, 0.0, 1.741808568736359E9, 0.0, 2025-03-12 14:42:48.736
98.0, 17662.571986028193, -27587.417076518188, -42913.76238033323, -28416.756202787903, -25089.386116193073, 6474.115726246325, -37671.65245671898, 14105.224800732709, 4520.930888763773, -13563.172645947057, -34765.03160775085, -5444.08028651241, -36694.43418913295, -19517.789127563137, -18185.714565004655, 7577.353129071371, -0.122, 0.962, -0.17, 192.0, 126.0, 24.0, 15.0, 8.0, 125.0, 88.0, 0.0, 0.0, 0.0, 1.741808568736374E9, 0.0, 2025-03-12 14:42:48.736
100.0, 17704.16858245952, -27597.60947198981, -42911.99659252127, -28397.71251651198, -25083.10527600113, 6483.816383339928, -37670.78073868522, 14110.74568161317, 4513.040722971049, -13568.671175083064, -34778.800282335316, -5467.951949590677, -36708.35932592861, -19526.19338347833, -18197.27041688805, 7569.217094089639, -0.122, 0.962, -0.17, 192.0, 0.0, 0.0, 0.0, 0.0, 0.0, 0.0, 0.0, 0.0, 0.0, 1.74180856873639E9, 0.0, 2025-03-12 14:42:48.736
102.0, 17664.896567451546, -27594.07789636587, -42913.04712451066, -28419.10313595571, -25088.648508626047, 6475.412127424733, -37670.22194507384, 14106.945885055768, 4507.162214179303, -13568.760582060884, -34774.21817472198, -5446.963661547144, -36706.03474450526, -19526.752177089715, -18193.761193008566, 7566.668995221734, -0.122, 0.962, -0.17, 192.0, 0.0, 0.0, 0.0, 0.0, 0.0, 0.0, 0.0, 0.0, 0.0, 1.74180856873641E9, 0.0, 2025-03-12 14:42:48.736
104.0, 17704.16858245952, -27588.400553274223, -42901.73714181628, -28403.14399041462, -25076.19858696444, 6470.718261089118, -37664.00816011526, 14114.098443281466, 4519.27685967408, -13560.646898823608, -34776.565107889786, -5461.626405909826, -36696.7140670674, -19516.91740952938, -18191.682480774223, 7575.7885069594995, -0.122, 0.962, -0.17, 192.0, 0.0, 0.0, 0.0, 0.0, 0.0, 0.0, 0.0, 0.0, 0.0, 1.741808568736425E9, 0.0, 2025-03-12 14:42:48.736
106.0, 17682.06270719322, -27577.135274068747, -42897.982048747785, -28408.977795717456, -25078.14318873205, 6485.246894985068, -37662.197668814384, 14110.589219401983, 4515.722932305686, -13563.418515136065, -34766.03743625134, -5433.664373596236, -36689.04741871922, -19514.23520019474, -18176.952681178176, 7570.669957479234, -0.122, 0.962, -0.17, 192.0, 0.0, 0.0, 0.0, 0.0, 0.0, 0.0, 0.0, 0.0, 0.0, 1.741808568797884E9, 0.0, 2025-03-12 14:42:48.797
108.0, 17690.623425319605, -27593.429695776667, -42900.798368549156, -28407.61433930568, -25084.938119046466, 6471.411165167233, -37672.188898585904, 14104.375434443407, 4515.6558770723195, -13561.853893024194, -34771.89359329863, -5463.6380629108035, -36700.33504966916, -19519.465508397283, -18181.64654751379, 7570.960530157153, -0.12, 0.96, -0.166, 192.0, 126.0, 32.0, 15.0, 0.0, 125.0, 104.0, 0.0, 0.0, 0.0, 1.741808568797932E9, 0.0, 2025-03-12 14:42:48.797
110.0, 17676.83239899068, -27602.92918717017, -42912.30951694364, -28402.89812122561, -25095.6222528961, 6494.8581451008495, -37683.7447504693, 14091.992568015166, 4499.383807108857, -13574.54968387481, -34767.84792755222, -5447.991841792088, -36697.74224731234, -19529.970828291276, -18178.539655034503, 7556.364841027837, -0.12, 0.96, -0.166, 192.0, 0.0, 0.0, 0.0, 0.0, 0.0, 0.0, 0.0, 0.0, 0.0, 1.74180856879795E9, 0.0, 2025-03-12 14:42:48.797
112.0, 17665.053029662733, -27599.934053413162, -42912.935365788384, -28425.451031381017, -25095.555197662736, 6462.403412151744, -37687.7457127268, 14086.315224923519, 4497.193336152236, -13588.564227648287, -34791.07139004128, -5485.0063306100765, -36712.1144189971, -19549.148625033933, -18201.204323912185, 7540.271585020017, -0.12, 0.96, -0.166, 192.0, 0.0, 0.0, 0.0, 0.0, 0.0, 0.0, 0.0, 0.0, 0.0, 1.741808568797965E9, 0.0, 2025-03-12 14:42:48.797
114.0, 17673.189064644466, -27593.31793705439, -42919.19385423588, -28404.9544817155, -25096.002232551844, 6493.897020089272, -37691.16552962846, 14085.667024334316, 4502.490699588144, -13581.366965933677, -34774.57580263326, -5449.690574370691, -36708.44873290643, -19529.970828291276, -18191.45896332967, 7537.052933818452, -0.12, 0.96, -0.166, 192.0, 0.0, 0.0, 0.0, 0.0, 0.0, 0.0, 0.0, 0.0, 0.0, 1.741808568797985E9, 0.0, 2025-03-12 14:42:48.797
116.0, 17663.98014592888, -27581.73973342654, -42908.24149945277, -28428.40146164912, -25086.614499880612, 6444.544368331954, -37680.660209734466, 14095.390033172374, 4511.923135748284, -13569.92287277256, -34782.37656144817, -5471.841153125901, -36710.460389907406, -19532.921258559378, -18200.198495411696, 7543.669050177223, -0.12, 0.96, -0.166, 192.0, 0.0, 0.0, 0.0, 0.0, 0.0, 0.0, 0.0, 0.0, 0.0, 1.741808568798E9, 0.0, 2025-03-12 14:42:48.798
118.0, 17674.731335011882, -27602.95153891463, -42920.847883325565, -28398.606586290192, -25098.237406997374, 6493.04765379997, -37690.42792206143, 14081.621358587905, 4496.947466963228, -13584.675024113063, -34771.5583171318, -5445.130818501809, -36709.342802684645, -19531.848374825524, -18195.102297675883, 7536.449436718159, -0.13, 0.962, -0.17, 192.0, 125.5, 120.0, 15.0, 8.0, 125.0, 88.0, 0.0, 0.0, 0.0, 1.741808568798015E9, 0.0, 2025-03-12 14:42:48.798
120.0, 17644.981163141867, -27577.89523338023, -42903.43587439488, -28439.711444343502, -25082.9711655344, 6431.334487358867, -37667.651494461476, 14099.88273380789, 4508.928001991272, -13579.26590195488, -34786.77985510586, -5472.981092093121, -36717.81411383321, -19544.186537764854, -18205.249989658594, 7542.462055976636, -0.13, 0.962, -0.17, 192.0, 0.0, 0.0, 0.0, 0.0, 0.0, 0.0, 0.0, 0.0, 0.0, 1.741808568856057E9, 0.0, 2025-03-12 14:42:48.856
122.0, 17671.847959977145, -27601.498675525032, -42922.323098459616, -28390.492903052917, -25093.923520317498, 6493.3829299668, -37681.95661091287, 14098.832201818492, 4507.117510690393, -13569.721707072462, -34768.6078868637, -5438.492350398583, -36699.10570372411, -19517.96794151878, -18182.07123065844, 7558.577663728913, -0.13, 0.962, -0.17, 192.0, 0.0, 0.0, 0.0, 0.0, 0.0, 0.0, 0.0, 0.0, 0.0, 1.741808568856081E9, 0.0, 2025-03-12 14:42:48.856
124.0, 17629.536107723252, -27586.50065499552, -42911.907185543445, -28445.411139179607, -25086.793313836257, 6427.422932079188, -37676.7933579437, 14096.865248306423, 4499.115586175392, -13582.149276989614, -34800.14619829014, -5478.747842162591, -36719.758715600816, -19541.81725285259, -18206.702853048188, 7546.530073467502, -0.13, 0.962, -0.17, 192.0, 0.0, 0.0, 0.0, 0.0, 0.0, 0.0, 0.0, 0.0, 0.0, 1.741808568856116E9, 0.0, 2025-03-12 14:42:48.856
126.0, 17686.175428173, -27590.635727719753, -42908.263851197225, -28384.457932049983, -25078.746685832346, 6470.695909344663, -37669.193764828895, 14107.281161222598, 4515.544118350043, -13563.507922113888, -34768.809052563796, -5443.476789412116, -36692.422532131975, -19520.314874686585, -18184.015832426052, 7560.298748051971, -0.13, 0.962, -0.17, 192.0, 0.0, 0.0, 0.0, 0.0, 0.0, 0.0, 0.0, 0.0, 0.0, 1.741808568856131E9, 0.0, 2025-03-12 14:42:48.856
128.0, 17621.44477623043, -27602.92918717017, -42924.15594150495, -28439.376168176674, -25096.382212207584, 6427.534690801464, -37684.08002663613, 14092.529009882095, 4509.576202580476, -13579.131791488147, -34789.52911967386, -5474.948045605189, -36714.573110887184, -19532.63068588146, -18200.757289023077, 7553.861445648843, -0.13, 0.96, -0.168, 192.0, 125.5, 120.0, 15.0, 0.0, 125.0, 96.0, 0.0, 0.0, 0.0, 1.741808568856147E9, 0.0, 2025-03-12 14:42:48.856
130.0, 17669.858654720625, -27616.586103032365, -42932.42608695341, -28386.827216962247, -25100.360822720628, 6483.95049380666, -37693.17718662944, 14087.298701679552, 4494.980513451161, -13592.967521305982, -34792.81482610879, -5475.573894449937, -36716.89769231054, -19536.00579929421, -18205.898190247797, 7541.702096665156, -0.13, 0.96, -0.168, 192.0, 0.0, 0.0, 0.0, 0.0, 0.0, 0.0, 0.0, 0.0, 0.0, 1.741808568856169E9, 0.0, 2025-03-12 14:42:48.856
132.0, 17614.359273238097, -27612.585140774863, -42930.861464841546, -28443.064206011797, -25104.58530242268, 6432.139150159258, -37690.67379125045, 14082.381317899386, 4495.919286718284, -13594.934474818048, -34807.03053558237, -5487.375615522339, -36727.00068080434, -19550.0650465566, -18213.497783362604, 7537.6340791742905, -0.13, 0.96, -0.168, 192.0, 0.0, 0.0, 0.0, 0.0, 0.0, 0.0, 0.0, 0.0, 0.0, 1.741808568856184E9, 0.0, 2025-03-12 14:42:48.856
134.0, 17673.03260243328, -27619.31301585591, -42923.61949963802, -28389.978812930443, -25099.310290731228, 6481.42474668321, -37687.32102958215, 14094.74183258317, 4499.4508623422225, -13589.480649170953, -34795.38527672116, -5475.752708405579, -36720.74219235685, -19538.82211909558, -18205.294693147505, 7540.226881531105, -0.13, 0.96, -0.168, 192.0, 0.0, 0.0, 0.0, 0.0, 0.0, 0.0, 0.0, 0.0, 0.0, 1.741808568856199E9, 0.0, 2025-03-12 14:42:48.856
136.0, 17609.799517369214, -27611.914588441206, -42927.7322206178, -28438.63856060965, -25103.11008728863, 6446.332507888378, -37684.012971402764, 14092.372547670908, 4492.834745983451, -13591.02291953837, -34799.766218634395, -5478.591379951404, -36725.905445326025, -19543.62774415347, -18206.45698385918, 7544.160788555239, -0.13, 0.96, -0.168, 192.0, 0.0, 0.0, 0.0, 0.0, 0.0, 0.0, 0.0, 0.0, 0.0, 1.741808568915757E9, 0.0, 2025-03-12 14:42:48.915
138.0, 17672.853788477634, -27624.856248480828, -42922.50191241526, -28390.023516419355, -25099.10912503113, 6487.526772919509, -37685.17526211444, 14094.317149438519, 4493.482946572655, -13591.73817536094, -34792.39014296414, -5478.434917740216, -36718.26114872231, -19539.20209875132, -18201.114916934363, 7545.63600368929, -0.11800000000000001, 0.9580000000000001, -0.168, 192.0, 126.0, 40.0, 14.5, 120.0, 125.0, 96.0, 0.0, 0.0, 0.0, 1.741808568915783E9, 0.0, 2025-03-12 14:42:48.915
140.0, 17610.894752847526, -27624.409213591724, -42928.80510435165, -28441.276066455375, -25106.865180357123, 6450.355821890334, -37690.6961429949, 14084.057698733533, 4486.933885447251, -13601.729405132462, -34798.581576178265, -5480.915961374755, -36719.64695687854, -19545.035904054155, -18205.6970245477, 7535.7565326400445, -0.11800000000000001, 0.9580000000000001, -0.168, 192.0, 0.0, 0.0, 0.0, 0.0, 0.0, 0.0, 0.0, 0.0, 0.0, 1.7418085689158E9, 0.0, 2025-03-12 14:42:48.915
142.0, 17673.524340811295, -27616.47434431009, -42919.32796470261, -28402.071106680767, -25096.270453485307, 6471.56762737842, -37683.27536383574, 14092.797230815559, 4492.678283772264, -13595.806192851805, -34794.02182030938, -5490.594266723903, -36727.380660460076, -19552.948421591333, -18206.904018748286, 7535.309497750938, -0.11800000000000001, 0.9580000000000001, -0.168, 192.0, 0.0, 0.0, 0.0, 0.0, 0.0, 0.0, 0.0, 0.0, 0.0, 1.741808568915816E9, 0.0, 2025-03-12 14:42:48.915
144.0, 17618.606104684604, -27607.42188780569, -42918.92563330241, -28438.526801887372, -25100.606691909637, 6452.8815690137835, -37683.20830860237, 14089.600931358449, 4505.731702534164, -13591.872285827672, -34783.74001785994, -5467.281397257018, -36712.136770741556, -19540.520851674184, -18197.22571339914, 7543.579643199402, -0.11800000000000001, 0.9580000000000001, -0.168, 192.0, 0.0, 0.0, 0.0, 0.0, 0.0, 0.0, 0.0, 0.0, 0.0, 1.741808568915831E9, 0.0, 2025-03-12 14:42:48.915
146.0, 17666.68470700797, -27620.341196100857, -42910.96841227632, -28404.61920554867, -25091.218959238406, 6463.073964485403, -37679.14029111151, 14089.667986591816, 4502.513051332599, -13598.846030097728, -34787.3610004617, -5483.732281176124, -36716.473009165886, -19555.183596036863, -18202.724242535143, 7540.472750720114, -0.11800000000000001, 0.9580000000000001, -0.168, 192.0, 0.0, 0.0, 0.0, 0.0, 0.0, 0.0, 0.0, 0.0, 0.0, 1.741808568915867E9, 0.0, 2025-03-12 14:42:48.915
148.0, 17615.87919186106, -27610.46172505161, -42916.71281060133, -28431.418947150585, -25095.86812208511, 6447.204225922135, -37677.307448066174, 14089.600931358449, 4509.129167691371, -13586.440811925033, -34776.341590445234, -5458.7653826195465, -36707.375849172575, -19543.851261598025, -18195.728146520632, 7545.725410667112, -0.11800000000000001, 0.96, -0.166, 192.0, 126.0, 40.0, 15.0, 0.0, 125.0, 104.0, 0.0, 0.0, 0.0, 1.741808568915883E9, 0.0, 2025-03-12 14:42:48.915
150.0, 17650.949078911435, -27612.965120430606, -42914.38822917798, -28414.901007998113, -25091.710697616425, 6454.84852252585, -37676.74865445479, 14095.010053516633, 4502.200126910225, -13596.297931229823, -34795.31822148779, -5489.275513801041, -36720.20575048992, -19555.63063092597, -18208.46864086016, 7539.288108263983, -0.11800000000000001, 0.96, -0.166, 192.0, 0.0, 0.0, 0.0, 0.0, 0.0, 0.0, 0.0, 0.0, 0.0, 1.741808568976083E9, 0.0, 2025-03-12 14:42:48.976
152.0, 17615.946247094424, -27610.171152373692, -42922.56896764862, -28425.585141847747, -25097.09746803015, 6470.315929688923, -37680.92843066793, 14094.719480838714, 4503.027141455072, -13592.945169561526, -34783.628259137666, -5465.783830378513, -36709.901596296026, -19542.44310169734, -18197.98567271062, 7545.300727522461, -0.11800000000000001, 0.96, -0.166, 192.0, 0.0, 0.0, 0.0, 0.0, 0.0, 0.0, 0.0, 0.0, 0.0, 1.741808568976148E9, 0.0, 2025-03-12 14:42:48.976
154.0, 17643.371837541086, -27612.18280937467, -42914.58939487808, -28420.176019689563, -25085.34045044666, 6461.531694117987, -37673.105320108574, 14096.731137839692, 4505.664647300798, -13595.716785873985, -34792.54660517533, -5492.94119989171, -36716.16008474351, -19549.930936089866, -18211.530829850537, 7538.908128608243, -0.11800000000000001, 0.96, -0.166, 192.0, 0.0, 0.0, 0.0, 0.0, 0.0, 0.0, 0.0, 0.0, 0.0, 1.741808568976163E9, 0.0, 2025-03-12 14:42:48.976
156.0, 17612.97346508187, -27624.208047891625, -42925.27352872772, -28421.047737723322, -25100.472581442904, 6485.135136262791, -37683.83415744712, 14086.985777257178, 4495.584010551454, -13599.158954520102, -34780.342552702736, -5467.46021121266, -36706.66059335001, -19551.04852331263, -18198.83503899992, 7531.196776771161, -0.11800000000000001, 0.96, -0.166, 192.0, 0.0, 0.0, 0.0, 0.0, 0.0, 0.0, 0.0, 0.0, 0.0, 1.741808568976179E9, 0.0, 2025-03-12 14:42:48.976
158.0, 17633.53706998075, -27613.635672764263, -42909.09086574207, -28424.981644747455, -25086.413334180517, 6453.932101003183, -37674.78170094272, 14093.870114549412, 4497.707426274708, -13600.388300465143, -34793.351267975726, -5498.7973569390015, -36720.3175092122, -19556.122369303986, -18209.921504249753, 7532.604936671846, -0.128, 0.9560000000000001, -0.162, 192.0, 126.0, 0.0, 14.5, 112.0, 125.0, 120.0, 0.0, 0.0, 0.0, 1.7418085689762E9, 0.0, 2025-03-12 14:42:48.976
160.0, 17627.72561642237, -27607.2654255945, -42907.414484907924, -28411.034156207344, -25078.880796299076, 6467.499609887554, -37668.88084040652, 14098.876905307401, 4495.785176251552, -13595.761489362894, -34777.325067201265, -5460.262949498052, -36705.922985782985, -19533.949438804324, -18188.664995272757, 7533.275489005505, -0.128, 0.9560000000000001, -0.162, 192.0, 0.0, 0.0, 0.0, 0.0, 0.0, 0.0, 0.0, 0.0, 0.0, 1.741808568976216E9, 0.0, 2025-03-12 14:42:48.976
162.0, 17630.161956567998, -27591.59685273133, -42896.26096442473, -28412.487019596938, -25069.33660141666, 6437.235347895068, -37655.0898140776, 14111.729158369204, 4518.203975940225, -13572.023936751359, -34775.91690730058, -5474.70217641618, -36700.3126979247, -19526.081624756054, -18185.44634407119, 7549.882835135799, -0.128, 0.9560000000000001, -0.162, 192.0, 0.0, 0.0, 0.0, 0.0, 0.0, 0.0, 0.0, 0.0, 0.0, 1.741808568976231E9, 0.0, 2025-03-12 14:42:48.976
164.0, 17628.77614841177, -27605.387879060258, -42911.05781925414, -28388.615356518672, -25081.697116100448, 6486.18566825219, -37664.231677559816, 14107.728196111704, 4506.156385678814, -13577.880093798649, -34766.59622986272, -5447.209530736152, -36695.61883158908, -19521.90184854291, -18175.432762555214, 7544.5631199554355, -0.128, 0.9560000000000001, -0.162, 192.0, 0.0, 0.0, 0.0, 0.0, 0.0, 0.0, 0.0, 0.0, 0.0, 1.741808568976247E9, 0.0, 2025-03-12 14:42:48.976
166.0, 17601.127040520554, -27604.38205055977, -42913.024772766206, -28418.700804555516, -25089.386116193073, 6454.401487636744, -37670.4901660073, 14101.156783241842, 4500.032007698061, -13585.54674214682, -34789.73028537396, -5483.374653264839, -36714.34959344263, -19531.133119002952, -18195.616387798356, 7538.7293146526, -0.128, 0.9560000000000001, -0.162, 192.0, 0.0, 0.0, 0.0, 0.0, 0.0, 0.0, 0.0, 0.0, 0.0, 1.741808569037587E9, 0.0, 2025-03-12 14:42:49.037
168.0, 17622.271790775274, -27591.619204475788, -42901.20069994935, -28388.503597796393, -25085.40750568003, 6497.182726524202, -37669.484337506816, 14104.487193165683, 4499.897897231329, -13585.323224702266, -34774.374636933164, -5451.79163834949, -36710.84036956315, -19531.066063769587, -18188.374422594836, 7530.705038393145, -0.134, 0.96, -0.166, 192.0, 125.5, 104.0, 15.0, 0.0, 125.0, 104.0, 0.0, 0.0, 0.0, 1.741808569037629E9, 0.0, 2025-03-12 14:42:49.037
170.0, 17593.259226472288, -27588.802884674416, -42896.328019658096, -28425.696900570027, -25087.24034872536, 6451.227539924091, -37668.3891020285, 14105.873001321914, 4515.499414861133, -13570.861646039682, -34780.14138700264, -5468.3319292464175, -36713.74609634234, -19524.919334044378, -18191.905998218775, 7543.44553273267, -0.134, 0.96, -0.166, 192.0, 0.0, 0.0, 0.0, 0.0, 0.0, 0.0, 0.0, 0.0, 0.0, 1.741808569037646E9, 0.0, 2025-03-12 14:42:49.037
172.0, 17623.791709398236, -27596.916567911696, -42906.34160117407, -28380.56872851476, -25088.402639437038, 6505.251706272567, -37669.819613673644, 14103.906047809845, 4510.626734569876, -13577.678928098552, -34764.964552517486, -5441.241614966585, -36707.77818057277, -19521.588924120537, -18189.6931755177, 7540.651564675756, -0.134, 0.96, -0.166, 192.0, 0.0, 0.0, 0.0, 0.0, 0.0, 0.0, 0.0, 0.0, 0.0, 1.741808569037662E9, 0.0, 2025-03-12 14:42:49.037
174.0, 17572.226234939844, -27593.429695776667, -42909.40379016445, -28433.54236287384, -25088.179121992485, 6456.189627193168, -37665.25985780476, 14102.229666975698, 4506.536365334555, -13583.557436890298, -34785.79637834983, -5469.337757746906, -36720.518674912295, -19529.613200379994, -18205.071175702953, 7536.762361140533, -0.134, 0.96, -0.166, 192.0, 0.0, 0.0, 0.0, 0.0, 0.0, 0.0, 0.0, 0.0, 0.0, 1.741808569037681E9, 0.0, 2025-03-12 14:42:49.037
176.0, 17618.136718051042, -27598.950576657127, -42904.59816510656, -28386.916623940066, -25084.53578764627, 6505.072892316925, -37669.21611657335, 14103.973103043212, 4504.3235426334795, -13576.650747853608, -34766.99856126292, -5446.941309802689, -36703.77721831527, -19518.929066530356, -18193.60473079738, 7537.455265218648, -0.133, 0.961, -0.166, 192.0, 125.5, 112.0, 15.0, 8.0, 125.0, 104.0, 0.0, 0.0, 0.0, 1.741808569037696E9, 0.0, 2025-03-12 14:42:49.037
178.0, 17569.588729094117, -27587.484131751557, -42897.1773859474, -28432.760051817902, -25075.326868930682, 6447.8971300002495, -37658.35316876807, 14109.806908346047, 4516.259374172613, -13574.72849783045, -34774.464043910986, -5461.60405416537, -36705.99004101635, -19524.427595666362, -18197.516286077058, 7537.656430918745, -0.133, 0.961, -0.166, 192.0, 0.0, 0.0, 0.0, 0.0, 0.0, 0.0, 0.0, 0.0, 0.0, 1.741808569037716E9, 0.0, 2025-03-12 14:42:49.037
180.0, 17621.221258785878, -27607.779515716975, -42906.85569129654, -28379.160568614076, -25087.039183025263, 6498.255610258057, -37676.83806143261, 14100.575637886006, 4505.686999045253, -13582.26103571189, -34768.74199733043, -5456.8878360853005, -36700.111532224604, -19518.10205198551, -18191.682480774223, 7533.163730283229, -0.133, 0.961, -0.166, 192.0, 0.0, 0.0, 0.0, 0.0, 0.0, 0.0, 0.0, 0.0, 0.0, 1.741808569095916E9, 0.0, 2025-03-12 14:42:49.095
182.0, 17560.737438289816, -27603.845608692838, -42912.48833089928, -28433.72117682948, -25094.88464532908, 6449.327641645389, -37680.57080275664, 14093.847762804959, 4500.188469909247, -13592.274617227868, -34787.13748301715, -5478.121993317842, -36716.56241614371, -19540.610258652003, -18207.17223968175, 7519.037427787474, -0.133, 0.961, -0.166, 192.0, 0.0, 0.0, 0.0, 0.0, 0.0, 0.0, 0.0, 0.0, 0.0, 1.74180856909594E9, 0.0, 2025-03-12 14:42:49.095
184.0, 17614.783956382747, -27612.78630647496, -42906.96745001882, -28376.56776625726, -25085.228691724384, 6496.66863640173, -37674.580535242625, 14098.295759951563, 4505.798757767529, -13584.429154924055, -34772.74295958793, -5468.488391457605, -36707.77818057277, -19521.34305493153, -18195.392870353804, 7536.136512295785, -0.133, 0.961, -0.166, 192.0, 0.0, 0.0, 0.0, 0.0, 0.0, 0.0, 0.0, 0.0, 0.0, 1.741808569095955E9, 0.0, 2025-03-12 14:42:49.095
186.0, 17539.145653145988, -27623.04575717995, -42918.07626701311, -28435.509316385906, -25095.219921495907, 6453.7085835586295, -37681.66603823496, 14082.873056277402, 4490.219591882181, -13606.69149240154, -34797.32987848877, -5489.65549345678, -36727.80534360473, -19537.14573826143, -18213.22956242914, 7526.614669157823, -0.1335, 0.9615, -0.167, 192.0, 125.5, 104.0, 15.0, 8.0, 125.0, 96.0, 0.0, 0.0, 0.0, 1.74180856909597E9, 0.0, 2025-03-12 14:42:49.095
188.0, 17601.43996494293, -27616.988434432562, -42902.117121472016, -28387.698934996002, -25076.086828242165, 6476.485011158587, -37665.57278222714, 14098.541629140573, 4494.913458217795, -13591.872285827672, -34791.13844527465, -5486.727414933135, -36708.582843373166, -19531.58015389206, -18203.417146613258, 7534.415427972726, -0.1335, 0.9615, -0.167, 192.0, 0.0, 0.0, 0.0, 0.0, 0.0, 0.0, 0.0, 0.0, 0.0, 1.741808569095986E9, 0.0, 2025-03-12 14:42:49.095
190.0, 17531.36724607554, -27610.70759424062, -42909.627307609, -28430.033138994353, -25082.635889367568, 6448.210054422624, -37665.68454094941, 14096.1276407394, 4496.880411729862, -13596.432041696555, -34791.63018365266, -5476.311502016963, -36708.64989860653, -19528.205040479308, -18200.779640767534, 7535.868291362321, -0.1335, 0.9615, -0.167, 192.0, 0.0, 0.0, 0.0, 0.0, 0.0, 0.0, 0.0, 0.0, 0.0, 1.741808569096027E9, 0.0, 2025-03-12 14:42:49.096
192.0, 17588.408897925485, -27610.908759940718, -42901.24540343826, -28382.04394364881, -25074.49985438584, 6480.0612902714365, -37664.857526404565, 14106.185925744287, 4504.256487400114, -13592.319320716779, -34782.443616681536, -5478.278455529029, -36707.57701487267, -19522.415938665385, -18204.13240243583, 7543.579643199402, -0.1335, 0.9615, -0.167, 192.0, 0.0, 0.0, 0.0, 0.0, 0.0, 0.0, 0.0, 0.0, 0.0, 1.741808569096042E9, 0.0, 2025-03-12 14:42:49.096
194.0, 17530.9872664198, -27607.4665912946, -42912.175406476905, -28424.959293003, -25089.25200572634, 6457.329566160389, -37673.41824453095, 14092.014919759622, 4499.137937919848, -13598.175477764069, -34785.17052950508, -5465.582664678414, -36717.858817322114, -19529.188517235343, -18206.65814955928, 7533.610765172335, -0.1335, 0.9615, -0.167, 192.0, 0.0, 0.0, 0.0, 0.0, 0.0, 0.0, 0.0, 0.0, 0.0, 1.741808569096057E9, 0.0, 2025-03-12 14:42:49.096
196.0, 17577.90357803149, -27625.12446941429, -42909.00145876425, -28393.175112387555, -25085.027526024285, 6471.969958778615, -37674.37936954253, 14090.45029764775, 4504.2117839112025, -13594.26392248439, -34786.89161382814, -5478.144345062297, -36709.85689280712, -19532.831851581555, -18202.970111724153, 7534.549538439458, -0.12975, 0.96375, -0.1665, 192.0, 126.0, 8.0, 15.0, 24.0, 125.0, 104.0, 0.0, 0.0, 0.0, 1.741808569156204E9, 0.0, 2025-03-12 14:42:49.156
198.0, 17522.717120971338, -27626.13029791478, -42915.17054023392, -28424.936941258544, -25088.603805137136, 6462.3363569183775, -37674.91581140945, 14085.354099911941, 4491.493641316133, -13607.719672646484, -34790.17732026307, -5474.880990371823, -36717.68000336648, -19541.77254936368, -18207.64162631531, 7526.0111720575305, -0.12975, 0.96375, -0.1665, 192.0, 0.0, 0.0, 0.0, 0.0, 0.0, 0.0, 0.0, 0.0, 0.0, 1.741808569156224E9, 0.0, 2025-03-12 14:42:49.156
200.0, 17558.166987677454, -27630.399481105746, -42908.196795963864, -28398.740696756926, -25082.881758556578, 6475.434479169188, -37672.88180266402, 14096.038233761577, 4492.857097727907, -13606.959713335003, -34793.954765076014, -5494.259952814574, -36720.71984061239, -19543.851261598025, -18211.396719383803, 7527.821663358411, -0.12975, 0.96375, -0.1665, 192.0, 0.0, 0.0, 0.0, 0.0, 0.0, 0.0, 0.0, 0.0, 0.0, 1.74180856915625E9, 0.0, 2025-03-12 14:42:49.156
202.0, 17510.80364117666, -27617.74839374404, -42905.91691802942, -28420.064260967287, -25081.652412611536, 6469.868894799816, -37669.01495087325, 14093.93716978278, 4492.387711094345, -13610.60304768122, -34784.2094044935, -5473.383423493317, -36716.62947137708, -19542.44310169734, -18202.299559390493, 7526.994648813564, -0.12975, 0.96375, -0.1665, 192.0, 0.0, 0.0, 0.0, 0.0, 0.0, 0.0, 0.0, 0.0, 0.0, 1.741808569156264E9, 0.0, 2025-03-12 14:42:49.156
204.0, 17540.37499909103, -27620.85528622333, -42895.83628128008, -28407.56963581677, -25077.874967798587, 6457.217807438113, -37665.70689269387, 14099.033367518588, 4502.93773447725, -13600.768280120885, -34783.00241029292, -5491.667150457758, -36712.472046908384, -19539.7608923627, -18198.61152155537, 7540.137474553285, -0.12975, 0.96375, -0.1665, 192.0, 0.0, 0.0, 0.0, 0.0, 0.0, 0.0, 0.0, 0.0, 0.0, 1.741808569156279E9, 0.0, 2025-03-12 14:42:49.156
206.0, 17518.42558603592, -27625.14682115875, -42909.49319714227, -28406.63086254965, -25087.597976636647, 6482.85525832835, -37675.11697710955, 14090.405594158841, 4493.08061517246, -13603.003454566415, -34780.23079398046, -5463.571007677438, -36710.97448002988, -19526.77452883417, -18192.129515663328, 7534.5271866950025, -0.12987500000000002, 0.9648749999999999, -0.16725, 192.0, 125.5, 120.0, 15.0, 24.0, 125.0, 96.0, 0.0, 0.0, 0.0, 1.741808569156294E9, 0.0, 2025-03-12 14:42:49.156
208.0, 17527.61215300705, -27624.051585680438, -42904.75462731774, -28415.23628416494, -25081.093619000152, 6456.122571959802, -37676.659247476964, 14090.047966247555, 4487.425623825267, -13606.646788912629, -34802.04609656884, -5496.293961560007, -36728.34178547165, -19544.29829648713, -18209.07213796045, 7529.25217500355, -0.12987500000000002, 0.9648749999999999, -0.16725, 192.0, 0.0, 0.0, 0.0, 0.0, 0.0, 0.0, 0.0, 0.0, 0.0, 1.74180856915631E9, 0.0, 2025-03-12 14:42:49.156
210.0, 17528.52857452972, -27622.196390890647, -42896.663295824925, -28400.23826363543, -25079.663107355012, 6477.513191403532, -37669.01495087325, 14100.150954741355, 4489.638446526343, -13594.733309117952, -34778.33089570176, -5466.208513523164, -36714.707221353914, -19527.42272942337, -18191.03428018502, 7536.8741198628095, -0.12987500000000002, 0.9648749999999999, -0.16725, 192.0, 0.0, 0.0, 0.0, 0.0, 0.0, 0.0, 0.0, 0.0, 0.0, 1.741808569216533E9, 0.0, 2025-03-12 14:42:49.216
212.0, 17528.170946618433, -27609.142972128746, -42899.90429877094, -28419.058432466798, -25084.40167717954, 6449.104124200836, -37668.81378517315, 14102.564943142528, 4501.3284088764685, -13594.040405039837, -34783.3600382042, -5488.090871344909, -36724.81020984772, -19533.234182981752, -18201.114916934363, 7541.031544331497, -0.12987500000000002, 0.9648749999999999, -0.16725, 192.0, 0.0, 0.0, 0.0, 0.0, 0.0, 0.0, 0.0, 0.0, 0.0, 1.7418085692166E9, 0.0, 2025-03-12 14:42:49.216
214.0, 17543.124263659032, -27607.354832572324, -42900.82072029361, -28395.611452533183, -25088.514398159314, 6491.058348543447, -37682.87303243554, 14096.351158183952, 4502.267182143591, -13592.274617227868, -34768.384369419146, -5457.089001785398, -36717.07650626618, -19521.275999698162, -18193.560027308467, 7539.556329197447, -0.12987500000000002, 0.9648749999999999, -0.16725, 192.0, 0.0, 0.0, 0.0, 0.0, 0.0, 0.0, 0.0, 0.0, 0.0, 1.741808569216617E9, 0.0, 2025-03-12 14:42:49.216
216.0, 17525.779309961716, -27601.90100692523, -42890.76243528872, -28421.047737723322, -25080.512473644314, 6454.781467292484, -37674.714645709355, 14102.609646631437, 4517.309906162012, -13580.964634533482, -34777.54858464582, -5473.159906048764, -36724.83256159217, -19526.215735222788, -18201.383137867826, 7538.483445463592, -0.1299375, 0.9644375, -0.16662500000000002, 192.0, 125.5, 120.0, 15.0, 16.0, 125.0, 104.0, 0.0, 0.0, 0.0, 1.741808569216633E9, 0.0, 2025-03-12 14:42:49.216
218.0, 17534.29532459919, -27624.47626882509, -42905.179310462394, -28397.421943834062, -25093.16356100602, 6501.116633548336, -37684.7952824587, 14088.036309246578, 4503.675342044276, -13590.419422438077, -34767.5573548743, -5452.730411616613, -36718.81994233369, -19519.934895030845, -18193.381213352826, 7530.1238930373065, -0.1299375, 0.9644375, -0.16662500000000002, 192.0, 0.0, 0.0, 0.0, 0.0, 0.0, 0.0, 0.0, 0.0, 0.0, 1.741808569216658E9, 0.0, 2025-03-12 14:42:49.216
220.0, 17491.715251411828, -27627.13612641527, -42913.27064195522, -28448.67449387008, -25096.20339825194, 6450.378173634788, -37683.72239872484, 14085.443506889762, 4489.973722693172, -13610.178364536569, -34796.16758777709, -5494.930505148233, -36739.964692588415, -19548.455720955815, -18218.303408420492, 7512.756587595533, -0.1299375, 0.9644375, -0.16662500000000002, 192.0, 0.0, 0.0, 0.0, 0.0, 0.0, 0.0, 0.0, 0.0, 0.0, 1.741808569216673E9, 0.0, 2025-03-12 14:42:49.216
222.0, 17533.691827498893, -27617.793097232952, -42906.90039478545, -28405.58033056025, -25082.34531668965, 6490.85718284335, -37673.21707883085, 14100.240361719176, 4490.778385493563, -13605.573905178775, -34777.83915732374, -5466.566141434449, -36725.39135520355, -19537.257496983708, -18202.992463468607, 7522.367837711316, -0.1299375, 0.9644375, -0.16662500000000002, 192.0, 0.0, 0.0, 0.0, 0.0, 0.0, 0.0, 0.0, 0.0, 0.0, 1.741808569216691E9, 0.0, 2025-03-12 14:42:49.216
224.0, 17490.70942291134, -27619.827105978384, -42908.66618259742, -28449.792081092844, -25086.167464991508, 6443.605595064831, -37674.53583175371, 14093.087803493478, 4498.981475708661, -13598.846030097728, -34789.30560222931, -5485.498068988093, -36731.53808492876, -19537.078683028067, -18205.026472214042, 7530.794445370966, -0.1299375, 0.9644375, -0.16662500000000002, 192.0, 0.0, 0.0, 0.0, 0.0, 0.0, 0.0, 0.0, 0.0, 0.0, 1.741808569216706E9, 0.0, 2025-03-12 14:42:49.216
226.0, 17537.51397580075, -27628.633693293774, -42903.100598228055, -28400.037097935332, -25085.40750568003, 6492.645322399774, -37674.17820384243, 14092.953693026746, 4495.785176251552, -13603.74106213344, -34774.039360766335, -5468.689557157702, -36716.540064399254, -19534.038845782143, -18197.002195954585, 7528.5369191809805, -0.12896875000000002, 0.96321875, -0.16631250000000003, 192.0, 126.0, 0.0, 15.0, 8.0, 125.0, 104.0, 0.0, 0.0, 0.0, 1.741808569277459E9, 0.0, 2025-03-12 14:42:49.277
228.0, 17471.330460468587, -27626.152649659238, -42903.30176392815, -28452.83191833877, -25087.150941747543, 6444.834941009873, -37673.73116895332, 14087.701033079748, 4490.5325163045545, -13609.530163947364, -34794.42415170958, -5494.282304559029, -36733.61679716311, -19551.853186113025, -18206.255818159083, 7525.206509257139, -0.12896875000000002, 0.96321875, -0.16631250000000003, 192.0, 0.0, 0.0, 0.0, 0.0, 0.0, 0.0, 0.0, 0.0, 0.0, 1.741808569277481E9, 0.0, 2025-03-12 14:42:49.277
230.0, 17537.446920567385, -27630.332425872377, -42891.38828413347, -28395.633804277637, -25074.05281949673, 6489.3372642203885, -37665.6398374605, 14102.40848093134, 4490.264295371091, -13596.4096899521, -34783.047113781824, -5481.474754986139, -36721.569206901695, -19528.093281757032, -18190.251969129084, 7533.163730283229, -0.12896875000000002, 0.96321875, -0.16631250000000003, 192.0, 0.0, 0.0, 0.0, 0.0, 0.0, 0.0, 0.0, 0.0, 0.0, 1.741808569277497E9, 0.0, 2025-03-12 14:42:49.277
232.0, 17470.72696336829, -27630.198315405647, -42903.43587439488, -28448.428624681073, -25085.876892313587, 6449.193531178657, -37671.160718340965, 14096.194695972765, 4491.0019029381165, -13609.574867436275, -34794.58061392076, -5494.349359792395, -36730.26403549481, -19532.518927159184, -18195.392870353804, 7534.795407628466, -0.12896875000000002, 0.96321875, -0.16631250000000003, 192.0, 0.0, 0.0, 0.0, 0.0, 0.0, 0.0, 0.0, 0.0, 0.0, 1.741808569277512E9, 0.0, 2025-03-12 14:42:49.277
234.0, 17533.46831005434, -27637.90966724273, -42900.083112726585, -28401.579368302748, -25077.494988142847, 6485.47041242962, -37671.3395322966, 14096.038233761577, 4491.426586082767, -13605.59625692323, -34783.471796926475, -5487.867353900356, -36720.56337840121, -19526.103976500508, -18194.49880057559, 7537.567023940925, -0.12896875000000002, 0.96321875, -0.16631250000000003, 192.0, 0.0, 0.0, 0.0, 0.0, 0.0, 0.0, 0.0, 0.0, 0.0, 1.741808569277541E9, 0.0, 2025-03-12 14:42:49.277
236.0, 17466.79305634416, -27630.175963661193, -42907.66035409694, -28443.757110089915, -25084.33462194617, 6446.600728821842, -37672.41241603046, 14088.684509835783, 4494.4664233286885, -13604.299855744823, -34790.06556154079, -5486.727414933135, -36725.79368660375, -19532.72009285928, -18199.729108778134, 7532.53788143848, -0.127484375, 0.964609375, -0.16615625, 192.0, 126.0, 8.0, 15.0, 24.0, 125.0, 104.0, 0.0, 0.0, 0.0, 1.741808569277556E9, 0.0, 2025-03-12 14:42:49.277
238.0, 17524.438205294395, -27632.90287648474, -42908.93440353089, -28395.700859511002, -25082.658241112025, 6483.145831006269, -37679.72143646734, 14088.55039936905, 4496.0533971850155, -13599.807155109305, -34788.97032606248, -5483.732281176124, -36728.1182680271, -19535.469357427282, -18207.753385037588, 7526.882890091288, -0.127484375, 0.964609375, -0.16615625, 192.0, 0.0, 0.0, 0.0, 0.0, 0.0, 0.0, 0.0, 0.0, 0.0, 1.741808569277572E9, 0.0, 2025-03-12 14:42:49.277
240.0, 17461.227471974787, -27613.79213497545, -42901.60303134954, -28442.840688567245, -25077.025601509285, 6440.543406074454, -37669.46198576236, 14088.975082513702, 4504.256487400114, -13600.50005918742, -34787.182186506056, -5471.9752635926325, -36731.20280876193, -19534.61999113798, -18215.17416419675, 7520.758512110533, -0.127484375, 0.964609375, -0.16615625, 192.0, 0.0, 0.0, 0.0, 0.0, 0.0, 0.0, 0.0, 0.0, 0.0, 1.741808569337089E9, 0.0, 2025-03-12 14:42:49.337
242.0, 17517.106833113055, -27636.590914319866, -42908.64383085297, -28402.80871424779, -25077.942023031956, 6469.824191310906, -37677.374503299536, 14088.863323791424, 4508.078635701971, -13593.97334980647, -34781.61660213669, -5480.983016608121, -36714.14842774253, -19536.028151038667, -18208.200419926696, 7525.988820313075, -0.127484375, 0.964609375, -0.16615625, 192.0, 0.0, 0.0, 0.0, 0.0, 0.0, 0.0, 0.0, 0.0, 0.0, 1.741808569337115E9, 0.0, 2025-03-12 14:42:49.337
244.0, 17458.79113182916, -27628.298417126945, -42905.24636569576, -28445.031159523867, -25082.077095756187, 6446.7795427774845, -37669.52904099572, 14087.343405168464, 4494.019388439583, -13603.919876089083, -34793.060695297805, -5481.742975919602, -36729.3699657166, -19547.15931977741, -18211.955512995188, 7516.6234393863015, -0.127484375, 0.964609375, -0.16615625, 192.0, 0.0, 0.0, 0.0, 0.0, 0.0, 0.0, 0.0, 0.0, 0.0, 1.74180856933715E9, 0.0, 2025-03-12 14:42:49.337
246.0, 17500.968873616323, -27642.447071367154, -42902.58650810558, -28414.364566131186, -25080.512473644314, 6468.416031410222, -37677.374503299536, 14088.572751113505, 4499.65202804232, -13603.294027244334, -34791.3619627192, -5489.342569034407, -36721.94918655744, -19540.230278996263, -18211.419071128257, 7522.569003411413, -0.1277421875, 0.9683046875, -0.16607812500000002, 192.0, 126.0, 0.0, 15.0, 48.0, 125.0, 104.0, 0.0, 0.0, 0.0, 1.741808569337165E9, 0.0, 2025-03-12 14:42:49.337
248.0, 17452.711457337315, -27639.787213776974, -42904.128778472994, -28448.473328169985, -25085.63102312458, 6463.0963162298585, -37680.81667194566, 14078.73798355317, 4489.347873848424, -13612.480594215465, -34789.10443652921, -5475.842115383401, -36724.49728542534, -19544.208889509307, -18208.69215830471, 7511.326075950394, -0.1277421875, 0.9683046875, -0.16607812500000002, 192.0, 0.0, 0.0, 0.0, 0.0, 0.0, 0.0, 0.0, 0.0, 0.0, 1.741808569337182E9, 0.0, 2025-03-12 14:42:49.337
250.0, 17494.889199124482, -27643.743472545564, -42893.8246242791, -28424.422851136074, -25079.19372072145, 6463.118667974314, -37672.65828521947, 14086.337576667975, 4503.809452511007, -13608.054948813315, -34795.161759276605, -5498.462080772171, -36722.73149761337, -19546.019380810187, -18210.36853913886, 7518.255116731539, -0.1277421875, 0.9683046875, -0.16607812500000002, 192.0, 0.0, 0.0, 0.0, 0.0, 0.0, 0.0, 0.0, 0.0, 0.0, 1.741808569337197E9, 0.0, 2025-03-12 14:42:49.337
252.0, 17456.667716105905, -27645.24103942407, -42906.54276687417, -28442.10308100022, -25094.482313928882, 6466.650243598252, -37678.6932562224, 14077.419230630307, 4491.717158760686, -13615.83335588376, -34790.5125964299, -5477.406737495272, -36722.53033191327, -19546.622877910482, -18205.40645186978, 7510.588468383368, -0.1277421875, 0.9683046875, -0.16607812500000002, 192.0, 0.0, 0.0, 0.0, 0.0, 0.0, 0.0, 0.0, 0.0, 0.0, 1.741808569337212E9, 0.0, 2025-03-12 14:42:49.337
254.0, 17483.31099549663, -27638.736681787574, -42897.982048747785, -28427.86501978219, -25085.00517427983, 6448.902958500738, -37671.60775323007, 14090.182076714287, 4500.635504798353, -13613.93345760506, -34800.74969539043, -5497.724473205147, -36731.04634655075, -19548.925107589377, -18217.476393875648, 7516.53403240848, -0.1277421875, 0.9683046875, -0.16607812500000002, 192.0, 0.0, 0.0, 0.0, 0.0, 0.0, 0.0, 0.0, 0.0, 0.0, 1.741808569337227E9, 0.0, 2025-03-12 14:42:49.337
0.0, 17474.973794814803, -27629.952446216637, -42895.9256882579, -28421.517124356884, -25083.619366123603, 6461.75521156254, -37667.875011906035, 14097.066414006522, 4507.810414768507, -13610.446585470032, -34779.33672420224, -5464.599187922381, -36713.23200621987, -19534.172956248876, -18199.684405289223, 7525.25121274605, -0.12887109375, 0.96715234375, -0.1660390625, 192.0, 125.5, 120.0, 15.0, 24.0, 125.0, 104.0, 0.0, 0.0, 0.0, 1.741808569396463E9, 0.0, 2025-03-12 14:42:49.396
2.0, 17482.863960607527, -27646.85036502485, -42905.58164186259, -28425.227513936465, -25091.44247668296, 6453.619176580808, -37674.06644512015, 14088.371585413408, 4510.626734569876, -13611.787690137351, -34791.11609353019, -5493.365883036361, -36727.93945407146, -19547.673409899882, -18201.785469268023, 7527.307573235938, -0.12887109375, 0.96715234375, -0.1660390625, 192.0, 0.0, 0.0, 0.0, 0.0, 0.0, 0.0, 0.0, 0.0, 0.0, 1.741808569396487E9, 0.0, 2025-03-12 14:42:49.396
4.0, 17495.89502762497, -27627.158478159727, -42898.563194103626, -28410.0059759624, -25085.027526024285, 6480.150697249258, -37666.042168860695, 14095.233570961187, 4498.646199541831, -13614.60400993872, -34786.53398591685, -5473.025795582032, -36722.59738714664, -19547.136968032955, -18188.620291783845, 7528.447512203159, -0.12887109375, 0.96715234375, -0.1660390625, 192.0, 0.0, 0.0, 0.0, 0.0, 0.0, 0.0, 0.0, 0.0, 0.0, 1.741808569396502E9, 0.0, 2025-03-12 14:42:49.396
6.0, 17505.394519018475, -27625.303283369936, -42895.21043243533, -28418.745508044423, -25080.28895619976, 6441.929214230682, -37664.05286360417, 14102.922571053812, 4523.903670776328, -13602.221143510478, -34785.505805671906, -5488.984941123122, -36722.08329702417, -19535.759930105203, -18180.484256802112, 7552.16271307024, -0.12887109375, 0.96715234375, -0.1660390625, 192.0, 0.0, 0.0, 0.0, 0.0, 0.0, 0.0, 0.0, 0.0, 0.0, 1.741808569396534E9, 0.0, 2025-03-12 14:42:49.396
8.0, 17537.536327545207, -27619.581236789374, -42900.865423782525, -28394.09153391022, -25079.327831188184, 6484.688101373685, -37665.99746537179, 14100.687396608282, 4514.158310193814, -13603.74106213344, -34771.71477934298, -5458.228940752619, -36718.32820395568, -19536.832813839057, -18164.21218683865, 7550.553387469457, -0.12887109375, 0.96715234375, -0.1660390625, 192.0, 0.0, 0.0, 0.0, 0.0, 0.0, 0.0, 0.0, 0.0, 0.0, 1.741808569396549E9, 0.0, 2025-03-12 14:42:49.396
10.0, 17533.60242052107, -27617.636635021765, -42899.524319115204, -28423.9087610136, -25080.91480504451, 6448.411220122722, -37662.97997987032, 14099.972140785712, 4520.081522474471, -13604.366910978188, -34784.99171554944, -5486.436842255216, -36722.99971854684, -19538.017456295187, -18168.54842526298, 7561.30457655246, -0.131435546875, 0.963576171875, -0.16401953125000002, 192.0, 125.5, 104.0, 15.0, 0.0, 125.0, 120.0, 0.0, 0.0, 0.0, 1.74180856939657E9, 0.0, 2025-03-12 14:42:49.396
12.0, 17577.61300535357, -27619.335367600368, -42893.53405160118, -28389.75529548589, -25077.76320907631, 6481.201229238657, -37663.76229092626, 14098.988664029679, 4516.281725917069, -13601.438832454543, -34772.228869465456, -5454.607958150859, -36708.18051197297, -19527.154508489908, -18156.366724534837, 7559.538788740491, -0.131435546875, 0.963576171875, -0.16401953125000002, 192.0, 0.0, 0.0, 0.0, 0.0, 0.0, 0.0, 0.0, 0.0, 0.0, 1.741808569396586E9, 0.0, 2025-03-12 14:42:49.396
14.0, 17548.08635092811, -27620.43060307868, -42901.35716216054, -28433.184734962553, -25087.64268012556, 6438.50939732902, -37670.98190438532, 14092.953693026746, 4514.113606704904, -13601.327073732267, -34792.23368075296, -5477.093813072898, -36718.708183611416, -19539.559726662603, -18166.02267813953, 7559.359974784848, -0.131435546875, 0.963576171875, -0.16401953125000002, 192.0, 0.0, 0.0, 0.0, 0.0, 0.0, 0.0, 0.0, 0.0, 0.0, 1.741808569456184E9, 0.0, 2025-03-12 14:42:49.456
16.0, 17598.95892130839, -27621.525838556987, -42897.713827814325, -28394.8514932217, -25079.752514332835, 6486.632703141297, -37663.42701475943, 14095.300626194552, 4508.2574496576135, -13601.058852798802, -34776.274535211865, -5451.523417416027, -36708.784009073264, -19528.070930012578, -18155.15973033425, 7556.87893115031, -0.131435546875, 0.963576171875, -0.16401953125000002, 192.0, 0.0, 0.0, 0.0, 0.0, 0.0, 0.0, 0.0, 0.0, 0.0, 1.74180856945621E9, 0.0, 2025-03-12 14:42:49.456
18.0, 17565.163083691965, -27615.401460576235, -42896.01509523572, -28450.19441249304, -25078.791389321257, 6429.144016402247, -37659.7389769243, 14094.518315138617, 4516.281725917069, -13600.611817909697, -34789.4620644405, -5475.46213572766, -36718.32820395568, -19530.52962190266, -18161.909957159754, 7559.203512573661, -0.131435546875, 0.963576171875, -0.16401953125000002, 192.0, 0.0, 0.0, 0.0, 0.0, 0.0, 0.0, 0.0, 0.0, 0.0, 1.741808569456225E9, 0.0, 2025-03-12 14:42:49.456
20.0, 17617.376758739563, -27622.352853101835, -42909.33673493108, -28402.071106680767, -25087.128590003085, 6479.457793171143, -37670.803090429676, 14091.567884870516, 4507.385731623856, -13603.383434222154, -34783.60590739321, -5457.0666500409425, -36715.64599462104, -19528.47326141277, -18157.43960826869, 7555.850750905365, -0.13171777343750002, 0.9607880859375, -0.16400976562500003, 192.0, 125.5, 112.0, 14.5, 120.0, 125.0, 112.0, 0.0, 0.0, 0.0, 1.741808569456246E9, 0.0, 2025-03-12 14:42:49.456
22.0, 17567.644127326505, -27611.37814657428, -42913.225938466305, -28451.088482271254, -25087.24034872536, 6425.187757633657, -37670.22194507384, 14087.678681335294, 4514.650048571832, -13602.176440021569, -34791.54077667484, -5470.902379858778, -36723.55851215822, -19533.502403915216, -18167.54259676249, 7556.0072131165525, -0.13171777343750002, 0.9607880859375, -0.16400976562500003, 192.0, 0.0, 0.0, 0.0, 0.0, 0.0, 0.0, 0.0, 0.0, 0.0, 1.741808569456283E9, 0.0, 2025-03-12 14:42:49.456
24.0, 17623.25526753131, -27621.123507156793, -42917.495121657266, -28395.499693810907, -25088.357935948126, 6483.034072283992, -37672.345360797095, 14091.322015681508, 4512.928964248773, -13602.914047588594, -34780.208442236, -5454.540902917493, -36721.21157899041, -19525.58988637804, -18163.20635833816, 7557.348317783871, -0.13171777343750002, 0.9607880859375, -0.16400976562500003, 192.0, 0.0, 0.0, 0.0, 0.0, 0.0, 0.0, 0.0, 0.0, 0.0, 1.741808569456299E9, 0.0, 2025-03-12 14:42:49.456
26.0, 17563.24083366881, -27621.65994902372, -42920.04322052518, -28459.179813764076, -25092.716526116914, 6428.562871046409, -37672.390064286, 14086.762259812625, 4513.912441004806, -13607.294989501834, -34788.70210512902, -5469.807144380467, -36731.04634655075, -19542.174880763876, -18176.17037012224, 7550.173407813717, -0.13171777343750002, 0.9607880859375, -0.16400976562500003, 192.0, 0.0, 0.0, 0.0, 0.0, 0.0, 0.0, 0.0, 0.0, 0.0, 1.741808569456313E9, 0.0, 2025-03-12 14:42:49.456
28.0, 17614.359273238097, -27622.442260079657, -42915.43876116738, -28410.0059759624, -25084.938119046466, 6471.56762737842, -37668.3891020285, 14090.874980792401, 4510.1349961918595, -13608.323169746778, -34781.0578085253, -5469.538923447004, -36726.93362557097, -19543.136005775454, -18173.286995087507, 7548.742896168577, -0.13171777343750002, 0.9607880859375, -0.16400976562500003, 192.0, 0.0, 0.0, 0.0, 0.0, 0.0, 0.0, 0.0, 0.0, 0.0, 1.741808569456333E9, 0.0, 2025-03-12 14:42:49.456
30.0, 17557.71995278835, -27606.46076279411, -42908.621479108515, -28451.602572393727, -25078.925499787987, 6423.265507610501, -37661.504764736266, 14093.445431404762, 4527.368191166901, -13599.471878942477, -34780.27549746937, -5465.448554211683, -36723.670270880495, -19530.395511435927, -18171.185931108706, 7561.148114341273, -0.13285888671875, 0.96039404296875, -0.16300488281250003, 192.0, 125.5, 104.0, 15.0, 0.0, 125.0, 120.0, 0.0, 0.0, 0.0, 1.741808569516483E9, 0.0, 2025-03-12 14:42:49.516
32.0, 17625.468090232385, -27620.028271678482, -42900.68660982688, -28399.52300781286, -25078.992555021356, 6470.740612833573, -37665.617485716044, 14099.346291940963, 4526.295307433046, -13600.991797565437, -34772.02770376536, -5458.9889000641, -36716.1153812546, -19525.09814800002, -18162.40169553777, 7564.54557949848, -0.13285888671875, 0.96039404296875, -0.16300488281250003, 192.0, 0.0, 0.0, 0.0, 0.0, 0.0, 0.0, 0.0, 0.0, 0.0, 1.741808569516513E9, 0.0, 2025-03-12 14:42:49.516
34.0, 17556.37884812103, -27610.260559351515, -42900.28427842668, -28450.99907529343, -25083.865235312613, 6437.525920572987, -37665.57278222714, 14090.517352881117, 4513.867737515895, -13611.586524437253, -34780.58842189174, -5462.162847776753, -36722.39622144654, -19537.793938850635, -18171.565910764446, 7549.614614202334, -0.13285888671875, 0.96039404296875, -0.16300488281250003, 192.0, 0.0, 0.0, 0.0, 0.0, 0.0, 0.0, 0.0, 0.0, 0.0, 1.741808569516529E9, 0.0, 2025-03-12 14:42:49.516
36.0, 17614.605142427106, -27616.3178820989, -42894.31636265712, -28403.30045262581, -25077.897319543044, 6459.877665028294, -37660.85656414706, 14097.334634939985, 4526.652935344331, -13601.125908032169, -34773.63702936614, -5461.067612298442, -36710.37098292959, -19527.154508489908, -18164.614518238846, 7560.745782941078, -0.13285888671875, 0.96039404296875, -0.16300488281250003, 192.0, 0.0, 0.0, 0.0, 0.0, 0.0, 0.0, 0.0, 0.0, 0.0, 1.741808569516544E9, 0.0, 2025-03-12 14:42:49.516
38.0, 17556.200034165387, -27616.47434431009, -42902.09476972756, -28436.850421053223, -25088.402639437038, 6442.912690986716, -37666.22098281634, 14094.115983738422, 4516.795816039541, -13607.02676856837, -34775.78279683385, -5446.0248882800215, -36714.863683565105, -19534.9105638159, -18162.535806004504, 7556.074268349918, -0.13285888671875, 0.96039404296875, -0.16300488281250003, 192.0, 0.0, 0.0, 0.0, 0.0, 0.0, 0.0, 0.0, 0.0, 0.0, 1.741808569516559E9, 0.0, 2025-03-12 14:42:49.516
40.0, 17601.842296343126, -27612.249864608035, -42892.86349926752, -28404.663909037583, -25077.740857331857, 6457.508380116032, -37658.710796679356, 14105.873001321914, 4520.394446896845, -13599.561285920297, -34781.12486375867, -5460.933501831711, -36719.08816326716, -19523.734691588248, -18166.69323047319, 7557.840056161887, -0.133429443359375, 0.9601970214843749, -0.16250244140625003, 192.0, 125.5, 104.0, 15.0, 0.0, 125.0, 120.0, 0.0, 0.0, 0.0, 1.741808569516574E9, 0.0, 2025-03-12 14:42:49.516
42.0, 17559.12811268903, -27605.879617438273, -42897.13268245848, -28434.39172916314, -25079.171368976997, 6446.578377077387, -37657.05676758966, 14098.27340820711, 4525.13301672137, -13593.369852706177, -34768.31731418578, -5437.844149809379, -36707.28644219475, -19515.889229284436, -18157.238442568596, 7563.83032367591, -0.133429443359375, 0.9601970214843749, -0.16250244140625003, 192.0, 0.0, 0.0, 0.0, 0.0, 0.0, 0.0, 0.0, 0.0, 0.0, 1.741808569516594E9, 0.0, 2025-03-12 14:42:49.516
44.0, 17588.744174092313, -27629.818335749907, -42911.05781925414, -28420.511295856395, -25091.375421449593, 6465.286787186478, -37673.28413406422, 14085.331748167486, 4507.98922872415, -13611.74298664844, -34787.78568360635, -5469.024833324532, -36725.637224392565, -19528.62972362396, -18172.21411135365, 7553.414410759737, -0.133429443359375, 0.9601970214843749, -0.16250244140625003, 192.0, 0.0, 0.0, 0.0, 0.0, 0.0, 0.0, 0.0, 0.0, 0.0, 1.741808569576779E9, 0.0, 2025-03-12 14:42:49.576
46.0, 17556.557662076673, -27606.03607964946, -42910.074342498105, -28438.169173976086, -25089.29670921525, 6455.899054515249, -37667.76325318375, 14089.086841235978, 4506.961048479206, -13611.541820948341, -34782.64478238163, -5448.975318548121, -36722.99971854684, -19525.254610211206, -18174.717506732646, 7545.591300200379, -0.133429443359375, 0.9601970214843749, -0.16250244140625003, 192.0, 0.0, 0.0, 0.0, 0.0, 0.0, 0.0, 0.0, 0.0, 0.0, 1.741808569576802E9, 0.0, 2025-03-12 14:42:49.576
48.0, 17584.586749623628, -27604.337347070858, -42899.457263881835, -28430.502525627915, -25071.527072373283, 6434.530786815976, -37652.608770443054, 14101.112079752933, 4524.775388810085, -13599.538934175842, -34786.98102080596, -5467.817839123945, -36720.83159933467, -19525.43342416685, -18173.35405032087, 7551.82743690341, -0.133429443359375, 0.9601970214843749, -0.16250244140625003, 192.0, 0.0, 0.0, 0.0, 0.0, 0.0, 0.0, 0.0, 0.0, 0.0, 1.741808569576817E9, 0.0, 2025-03-12 14:42:49.576
50.0, 17568.158217448978, -27609.634710506765, -42905.51458662922, -28428.423813393572, -25074.075171241187, 6451.361650390822, -37654.55337221067, 14099.748623341158, 4525.110664976914, -13593.436907939544, -34768.16085197459, -5441.375725433317, -36703.97838401537, -19507.619083835973, -18155.763227434545, 7555.381364271804, -0.1307147216796875, 0.9600985107421874, -0.16325122070312503, 192.0, 126.0, 0.0, 15.0, 0.0, 125.0, 112.0, 0.0, 0.0, 0.0, 1.741808569576845E9, 0.0, 2025-03-12 14:42:49.576
52.0, 17574.52846461874, -27614.23916986456, -42907.146263974464, -28433.788232062845, -25081.898281800542, 6436.676554283686, -37662.73411068131, 14094.495963394162, 4520.193281196747, -13604.769242378385, -34786.131654516656, -5476.490315972605, -36714.84133182065, -19525.791052078137, -18171.811779953456, 7549.793428157977, -0.1307147216796875, 0.9600985107421874, -0.16325122070312503, 192.0, 0.0, 0.0, 0.0, 0.0, 0.0, 0.0, 0.0, 0.0, 0.0, 1.741808569576861E9, 0.0, 2025-03-12 14:42:49.576
54.0, 17561.51974934575, -27619.268312367003, -42909.806121564645, -28422.925284257566, -25089.028488281787, 6469.332452932889, -37671.51834625225, 14091.813754059525, 4513.487757860155, -13611.139489548146, -34775.156947989104, -5451.74693486058, -36714.50605565382, -19528.897944557422, -18169.26368108555, 7548.608785701846, -0.1307147216796875, 0.9600985107421874, -0.16325122070312503, 192.0, 0.0, 0.0, 0.0, 0.0, 0.0, 0.0, 0.0, 0.0, 0.0, 1.74180856957688E9, 0.0, 2025-03-12 14:42:49.576
56.0, 17554.680115542425, -27609.165323873203, -42899.166691203915, -28446.528726402372, -25075.036296252765, 6430.08278966937, -37659.135479824006, 14099.212181474231, 4519.522728863088, -13610.513640703397, -34791.227852252465, -5481.742975919602, -36732.87918959608, -19544.00772380921, -18183.322928347938, 7546.664183934234, -0.1307147216796875, 0.9600985107421874, -0.16325122070312503, 192.0, 0.0, 0.0, 0.0, 0.0, 0.0, 0.0, 0.0, 0.0, 0.0, 1.741808569576896E9, 0.0, 2025-03-12 14:42:49.576
58.0, 17566.414781381463, -27608.383012817267, -42899.47961562629, -28417.806734777303, -25078.9702032769, 6465.309138930934, -37665.30456129367, 14099.212181474231, 4523.769560309596, -13596.677910885563, -34767.51265138539, -5440.8616353108455, -36706.70529683892, -19513.609351349995, -18167.11791361784, 7547.290032778983, -0.1307147216796875, 0.9600985107421874, -0.16325122070312503, 192.0, 0.0, 0.0, 0.0, 0.0, 0.0, 0.0, 0.0, 0.0, 0.0, 1.741808569576911E9, 0.0, 2025-03-12 14:42:49.576
60.0, 17538.94448744589, -27602.03511739196, -42897.356199903035, -28450.95437180452, -25073.404618907527, 6423.019638421493, -37656.475622233826, 14102.609646631437, 4520.774426552585, -13603.137565033147, -34787.78568360635, -5472.712871159658, -36723.826733091686, -19529.970828291276, -18186.139248149306, 7540.092771064374, -0.13135736083984376, 0.9610492553710936, -0.16462561035156253, 192.0, 125.5, 112.0, 15.0, 8.0, 125.0, 104.0, 0.0, 0.0, 0.0, 1.741808569636979E9, 0.0, 2025-03-12 14:42:49.636
62.0, 17561.899729001492, -27624.297454869447, -42909.71671458682, -28411.458839351995, -25078.43376140997, 6475.926217547205, -37664.45519500437, 14101.916742553323, 4518.695714318242, -13599.78480336485, -34772.45238691001, -5441.956870789155, -36709.85689280712, -19516.62683685146, -18169.509550274557, 7551.402753758759, -0.13135736083984376, 0.9610492553710936, -0.16462561035156253, 192.0, 0.0, 0.0, 0.0, 0.0, 0.0, 0.0, 0.0, 0.0, 0.0, 1.741808569637027E9, 0.0, 2025-03-12 14:42:49.637
64.0, 17524.974647161325, -27614.060355908914, -42904.575813362106, -28452.25077298293, -25071.750589817835, 6426.953545445627, -37655.3356832666, 14100.374472185908, 4504.681170544764, -13610.468937214488, -34798.33570698926, -5479.820725896446, -36731.33691922866, -19529.657903868905, -18185.02166092654, 7547.178274056706, -0.13135736083984376, 0.9610492553710936, -0.16462561035156253, 192.0, 0.0, 0.0, 0.0, 0.0, 0.0, 0.0, 0.0, 0.0, 0.0, 1.741808569637056E9, 0.0, 2025-03-12 14:42:49.637
66.0, 17571.10864771708, -27614.552094286933, -42898.29497317016, -28397.064315922777, -25067.883738027067, 6478.13904024828, -37652.765232654245, 14110.432757190796, 4519.589784096454, -13593.526314917364, -34768.853756052704, -5444.12499000132, -36710.75096258533, -19513.184668205344, -18165.575643250424, 7562.310405052949, -0.13135736083984376, 0.9610492553710936, -0.16462561035156253, 192.0, 0.0, 0.0, 0.0, 0.0, 0.0, 0.0, 0.0, 0.0, 0.0, 1.741808569637072E9, 0.0, 2025-03-12 14:42:49.637
68.0, 17521.353664559563, -27612.540437285956, -42908.04033375267, -28445.165269990597, -25079.528996888283, 6424.472501811088, -37663.09173859259, 14096.977007028701, 4522.271993431091, -13593.347500961721, -34786.57868940577, -5466.476734456627, -36722.39622144654, -19511.91061877139, -18178.338489334405, 7557.482428250602, -0.13135736083984376, 0.9610492553710936, -0.16462561035156253, 192.0, 0.0, 0.0, 0.0, 0.0, 0.0, 0.0, 0.0, 0.0, 0.0, 1.741808569637087E9, 0.0, 2025-03-12 14:42:49.637
70.0, 17574.796685552203, -27611.109925640816, -42906.16278721843, -28394.24799612141, -25080.8701015556, 6468.281920943489, -37663.58347697061, 14096.17234422831, 4517.220499184192, -13603.78576562235, -34777.63799162364, -5450.808161593457, -36717.30002371073, -19517.76677581868, -18180.93129169122, 7546.842997889877, -0.12967868041992187, 0.9615246276855468, -0.16531280517578129, 192.0, 126.0, 0.0, 15.0, 8.0, 125.0, 104.0, 0.0, 0.0, 0.0, 1.741808569637106E9, 0.0, 2025-03-12 14:42:49.637
72.0, 17516.860963924046, -27611.780477974473, -42901.58067960509, -28447.378092691673, -25082.434723667473, 6425.813606478407, -37657.526154223226, 14095.322977939008, 4524.685981832264, -13604.344559233734, -34786.82455859477, -5461.827571609923, -36719.08816326716, -19525.43342416685, -18181.378326580325, 7548.340564768382, -0.12967868041992187, 0.9615246276855468, -0.16531280517578129, 192.0, 0.0, 0.0, 0.0, 0.0, 0.0, 0.0, 0.0, 0.0, 0.0, 1.741808569637123E9, 0.0, 2025-03-12 14:42:49.637
74.0, 17572.606214595584, -27615.960254187616, -42893.087016712074, -28398.114847912177, -25072.48819738486, 6478.675482115207, -37652.9887500988, 14101.134431497389, 4525.736513821664, -13597.437870197044, -34773.21234622149, -5447.74597260308, -36710.12511374058, -19509.049595481112, -18162.468750771135, 7551.000422358564, -0.12967868041992187, 0.9615246276855468, -0.16531280517578129, 192.0, 0.0, 0.0, 0.0, 0.0, 0.0, 0.0, 0.0, 0.0, 0.0, 1.741808569697756E9, 0.0, 2025-03-12 14:42:49.697
76.0, 17521.979513404312, -27604.963195915607, -42903.19000520587, -28458.464557941505, -25078.925499787987, 6428.540519301953, -37656.140346067, 14097.155820984342, 4521.646144586342, -13600.812983609794, -34781.70600911451, -5462.811048365957, -36712.7179160974, -19520.359578175496, -18171.185931108706, 7546.485369978592, -0.12967868041992187, 0.9615246276855468, -0.16531280517578129, 192.0, 0.0, 0.0, 0.0, 0.0, 0.0, 0.0, 0.0, 0.0, 0.0, 1.741808569697788E9, 0.0, 2025-03-12 14:42:49.697
78.0, 17587.62658686955, -27612.629844263774, -42904.95579301784, -28409.603644562205, -25081.786523078266, 6476.261493714034, -37667.49503225029, 14097.066414006522, 4519.858005029918, -13599.002492308915, -34772.74295958793, -5454.563254661948, -36712.136770741556, -19513.788165305636, -18172.16940786474, 7545.837169389388, -0.12967868041992187, 0.9615246276855468, -0.16531280517578129, 192.0, 0.0, 0.0, 0.0, 0.0, 0.0, 0.0, 0.0, 0.0, 0.0, 1.741808569697807E9, 0.0, 2025-03-12 14:42:49.697
80.0, 17515.430452278906, -27603.733849970562, -42910.6778395984, -28465.281840000374, -25087.44151442546, 6433.41319959321, -37667.98677062831, 14089.019786002611, 4513.4654061157, -13607.987893579948, -34783.8070730933, -5456.664318640747, -36723.379698202574, -19524.651113110915, -18186.943910949696, 7532.783750627488, -0.12883934020996093, 0.9627623138427734, -0.16665640258789066, 192.0, 126.0, 0.0, 15.0, 16.0, 125.0, 96.0, 0.0, 0.0, 0.0, 1.741808569697823E9, 0.0, 2025-03-12 14:42:49.697
82.0, 17573.96967100736, -27607.84657095034, -42901.692438327365, -28418.007900477398, -25076.980898020378, 6464.772697064006, -37663.85169790408, 14098.720443096214, 4522.920194020295, -13599.650692898118, -34770.887764798135, -5456.038469795999, -36709.58867187365, -19515.57630486206, -18178.673765501233, 7534.974221584109, -0.12883934020996093, 0.9627623138427734, -0.16665640258789066, 192.0, 0.0, 0.0, 0.0, 0.0, 0.0, 0.0, 0.0, 0.0, 0.0, 1.741808569697839E9, 0.0, 2025-03-12 14:42:49.697
84.0, 17520.28078082571, -27600.42579179118, -42905.71575232932, -28461.794967865346, -25087.329755703184, 6431.267432125501, -37665.99746537179, 14091.120849981411, 4520.573260852488, -13605.104518545213, -34779.18026199106, -5456.530208174016, -36715.24366322085, -19526.461604411794, -18181.154809135773, 7528.022829058508, -0.12883934020996093, 0.9627623138427734, -0.16665640258789066, 192.0, 0.0, 0.0, 0.0, 0.0, 0.0, 0.0, 0.0, 0.0, 0.0, 1.741808569697854E9, 0.0, 2025-03-12 14:42:49.697
86.0, 17575.57899660814, -27612.898065197238, -42902.944136016864, -28415.325691142763, -25080.378363177584, 6458.514208616521, -37661.303599036175, 14101.872039064412, 4528.441074900756, -13597.326111474767, -34775.89455555613, -5462.453420454672, -36709.74513408484, -19516.67154034037, -18180.193684124195, 7537.119989051818, -0.12883934020996093, 0.9627623138427734, -0.16665640258789066, 192.0, 0.0, 0.0, 0.0, 0.0, 0.0, 0.0, 0.0, 0.0, 0.0, 1.741808569697874E9, 0.0, 2025-03-12 14:42:49.697
88.0, 17508.434356264395, -27615.982605932073, -42917.47276991281, -28457.235211996463, -25093.63294763958, 6445.661955554719, -37670.736035196314, 14085.331748167486, 4511.207879925714, -13608.949018591526, -34786.1093027722, -5459.07830704192, -36723.4691051804, -19519.264342697184, -18180.148980635284, 7526.7264278801, -0.12883934020996093, 0.9627623138427734, -0.16665640258789066, 192.0, 0.0, 0.0, 0.0, 0.0, 0.0, 0.0, 0.0, 0.0, 0.0, 1.741808569697889E9, 0.0, 2025-03-12 14:42:49.697
90.0, 17560.80449352318, -27617.88250421077, -42905.24636569576, -28428.870848282677, -25075.840959053156, 6450.556987590431, -37659.56016296866, 14098.251056462654, 4519.209804440714, -13604.433966211554, -34785.505805671906, -5475.37272874984, -36717.858817322114, -19516.425671151363, -18180.797181224487, 7531.867329104821, -0.12841967010498045, 0.9603811569213867, -0.16632820129394532, 192.0, 126.0, 0.0, 14.5, 120.0, 125.0, 104.0, 0.0, 0.0, 0.0, 1.741808569757641E9, 0.0, 2025-03-12 14:42:49.757
92.0, 17501.393556760973, -27629.818335749907, -42917.65158386846, -28456.274086984886, -25089.25200572634, 6454.379135892289, -37669.70785495137, 14089.176248213798, 4500.859022242907, -13619.096710574237, -34782.04128528134, -5459.346527975385, -36721.09982026814, -19521.81244156509, -18176.706811989166, 7523.306610978439, -0.12841967010498045, 0.9603811569213867, -0.16632820129394532, 192.0, 0.0, 0.0, 0.0, 0.0, 0.0, 0.0, 0.0, 0.0, 0.0, 1.741808569757703E9, 0.0, 2025-03-12 14:42:49.757
94.0, 17532.440129809398, -27641.351835888843, -42909.91788028692, -28432.06714773979, -25082.457075411927, 6462.582226107386, -37664.45519500437, 14094.07128024951, 4496.142804162837, -13625.198736810535, -34796.14523603264, -5494.595228981403, -36726.75481161533, -19529.47908991326, -18188.285015617017, 7527.329924980394, -0.12841967010498045, 0.9603811569213867, -0.16632820129394532, 192.0, 0.0, 0.0, 0.0, 0.0, 0.0, 0.0, 0.0, 0.0, 0.0, 1.741808569757728E9, 0.0, 2025-03-12 14:42:49.757
96.0, 17496.207952047345, -27626.823201992895, -42905.44753139586, -28451.915496816102, -25080.0207352663, 6463.610406352331, -37660.47658449133, 14092.529009882095, 4490.331350604457, -13629.266754301401, -34794.111227287205, -5478.457269484672, -36722.73149761337, -19529.68025561336, -18185.200474882186, 7529.185119770184, -0.12841967010498045, 0.9603811569213867, -0.16632820129394532, 192.0, 0.0, 0.0, 0.0, 0.0, 0.0, 0.0, 0.0, 0.0, 0.0, 1.741808569757751E9, 0.0, 2025-03-12 14:42:49.757
98.0, 17523.164155860442, -27635.36156837482, -42902.25123193875, -28447.892182814147, -25074.589261363657, 6452.434534124677, -37657.392043756496, 14103.056681520544, 4505.731702534164, -13614.000512838425, -34793.55243367582, -5497.478604016138, -36720.89865456804, -19526.215735222788, -18185.736916749112, 7540.316288508927, -0.12841967010498045, 0.9603811569213867, -0.16632820129394532, 192.0, 0.0, 0.0, 0.0, 0.0, 0.0, 0.0, 0.0, 0.0, 0.0, 1.741808569757781E9, 0.0, 2025-03-12 14:42:49.757
100.0, 17504.858077151548, -27627.247885137545, -42906.453359896346, -28449.881488070667, -25079.953680032933, 6469.7347843330845, -37664.32108453764, 14097.55815238454, 4500.523746076077, -13616.481556472965, -34778.88968931314, -5464.263911755552, -36713.88020680907, -19522.259476454197, -18177.712640489655, 7534.616593672824, -0.13220983505249023, 0.9591905784606933, -0.16716410064697268, 192.0, 125.5, 96.0, 14.5, 120.0, 125.0, 96.0, 0.0, 0.0, 0.0, 1.741808569757805E9, 0.0, 2025-03-12 14:42:49.757
102.0, 17513.88818191149, -27623.202219391136, -42906.07338024061, -28455.9164590736, -25080.132493988574, 6450.735801546073, -37665.70689269387, 14096.015882017122, 4505.530536834066, -13620.057835585814, -34795.988773821446, -5489.454327756683, -36720.83159933467, -19524.114671243988, -18195.54933256499, 7527.8887185917765, -0.13220983505249023, 0.9591905784606933, -0.16716410064697268, 192.0, 0.0, 0.0, 0.0, 0.0, 0.0, 0.0, 0.0, 0.0, 0.0, 1.741808569757833E9, 0.0, 2025-03-12 14:42:49.757
104.0, 17515.74337670128, -27617.726041999584, -42909.180272719896, -28437.945656531534, -25082.032392267276, 6479.591903637875, -37668.97024738434, 14092.752527326647, 4507.385731623856, -13617.777957651373, -34777.749750345916, -5454.004461050566, -36716.71887835489, -19513.586999605537, -18186.20630338267, 7528.15693952524, -0.13220983505249023, 0.9591905784606933, -0.16716410064697268, 192.0, 0.0, 0.0, 0.0, 0.0, 0.0, 0.0, 0.0, 0.0, 0.0, 1.741808569816437E9, 0.0, 2025-03-12 14:42:49.816
106.0, 17504.45574575135, -27610.28291109597, -42903.39117090597, -28457.59283990775, -25074.276336941282, 6441.683345041674, -37662.57764847013, 14094.093631993966, 4515.253545672124, -13618.292047773844, -34787.22688999497, -5485.22984805463, -36726.4195354485, -19525.38872067794, -18197.98567271062, 7526.078227290896, -0.13220983505249023, 0.9591905784606933, -0.16716410064697268, 192.0, 0.0, 0.0, 0.0, 0.0, 0.0, 0.0, 0.0, 0.0, 0.0, 1.741808569816464E9, 0.0, 2025-03-12 14:42:49.816
108.0, 17523.052397138166, -27614.283873353466, -42907.16861571892, -28427.708557571004, -25076.39975266454, 6479.211923982135, -37662.71175893686, 14096.820544817514, 4515.208842183214, -13614.067568071792, -34765.47864263995, -5455.993766307088, -36706.50413113882, -19512.335301916042, -18182.49591380309, 7525.63119240179, -0.13220983505249023, 0.9591905784606933, -0.16716410064697268, 192.0, 0.0, 0.0, 0.0, 0.0, 0.0, 0.0, 0.0, 0.0, 0.0, 1.741808569816499E9, 0.0, 2025-03-12 14:42:49.816
110.0, 17492.765783401228, -27620.162382145212, -42908.06268549713, -28461.839671354257, -25079.19372072145, 6436.184815905669, -37666.891535149996, 14088.192771457765, 4515.857042772418, -13619.499041974432, -34792.88188134216, -5492.158888835775, -36726.84421859315, -19534.731749860257, -18203.32773963544, 7518.992724298564, -0.13210491752624512, 0.9595952892303466, -0.16958205032348633, 192.0, 125.5, 112.0, 15.0, 0.0, 125.0, 80.0, 0.0, 0.0, 0.0, 1.741808569816514E9, 0.0, 2025-03-12 14:42:49.816
112.0, 17519.23024883631, -27626.487925826066, -42910.76724657622, -28427.306226170807, -25078.366706176606, 6478.47431641511, -37673.12767185303, 14086.918722023813, 4512.928964248773, -13623.12002457619, -34776.09572125623, -5460.933501831711, -36715.53423589876, -19522.0583107541, -18194.856428486877, 7519.05977953193, -0.13210491752624512, 0.9595952892303466, -0.16958205032348633, 192.0, 0.0, 0.0, 0.0, 0.0, 0.0, 0.0, 0.0, 0.0, 0.0, 1.74180856981653E9, 0.0, 2025-03-12 14:42:49.816
114.0, 17491.31292001163, -27612.160457630212, -42899.14433945946, -28469.93100284708, -25071.19179620645, 6421.0079814205155, -37663.047035103686, 14091.992568015166, 4529.402199912333, -13618.090882073748, -34782.53302365935, -5488.0014643670875, -36717.098858010635, -19525.880459055956, -18200.757289023077, 7522.501948178047, -0.13210491752624512, 0.9595952892303466, -0.16958205032348633, 192.0, 0.0, 0.0, 0.0, 0.0, 0.0, 0.0, 0.0, 0.0, 0.0, 1.741808569816549E9, 0.0, 2025-03-12 14:42:49.816
116.0, 17519.118490114033, -27624.543324058453, -42907.3250779301, -28420.511295856395, -25079.305479443727, 6486.073909529914, -37673.105320108574, 14087.142239468365, 4525.580051610476, -13621.68951293105, -34764.65162809511, -5464.330966988918, -36701.095008980636, -19515.442194395328, -18187.614463283357, 7526.771131369011, -0.13210491752624512, 0.9595952892303466, -0.16958205032348633, 192.0, 0.0, 0.0, 0.0, 0.0, 0.0, 0.0, 0.0, 0.0, 0.0, 1.741808569816565E9, 0.0, 2025-03-12 14:42:49.816
118.0, 17464.468474920806, -27621.123507156793, -42905.42517965141, -28467.718180146003, -25080.780694577777, 6436.60949905032, -37669.4396340179, 14084.392974900364, 4516.505243361622, -13626.070454844292, -34786.28811672785, -5493.410586525272, -36713.54493064224, -19531.848374825524, -18204.22180941365, 7517.718674864612, -0.13210491752624512, 0.9595952892303466, -0.16958205032348633, 192.0, 0.0, 0.0, 0.0, 0.0, 0.0, 0.0, 0.0, 0.0, 0.0, 1.74180856981658E9, 0.0, 2025-03-12 14:42:49.816
120.0, 17511.541248743684, -27630.958274717126, -42909.29203144217, -28416.778554532357, -25084.178159734984, 6493.494688689076, -37674.848756176085, 14084.303567922541, 4508.79389152454, -13625.489309488454, -34774.173471233065, -5472.779926393024, -36716.1153812546, -19519.331397930553, -18198.499762833093, 7512.667180617712, -0.12905245876312255, 0.9607976446151734, -0.16879102516174316, 192.0, 126.0, 8.0, 15.0, 8.0, 125.0, 96.0, 0.0, 0.0, 0.0, 1.74180856987697E9, 0.0, 2025-03-12 14:42:49.876
122.0, 17464.043791776156, -27622.576370546387, -42903.502929628245, -28470.31098250282, -25075.34922067514, 6435.1566356607245, -37666.28803804971, 14084.907065022835, 4519.27685967408, -13619.431986741065, -34785.77402660537, -5490.504859746082, -36725.212541247914, -19530.999008536222, -18204.244161158105, 7515.327038207894, -0.12905245876312255, 0.9607976446151734, -0.16879102516174316, 192.0, 0.0, 0.0, 0.0, 0.0, 0.0, 0.0, 0.0, 0.0, 0.0, 1.741808569877028E9, 0.0, 2025-03-12 14:42:49.877
124.0, 17525.332275072607, -27623.93982695816, -42897.60206909205, -28412.419964363573, -25069.649525839035, 6483.0564240284475, -37662.8905728925, 14094.205390716243, 4517.265202673102, -13615.520431461387, -34771.513613642885, -5470.611807180859, -36711.95795678592, -19521.09718574252, -18194.65526278678, 7520.6691051327125, -0.12905245876312255, 0.9607976446151734, -0.16879102516174316, 192.0, 0.0, 0.0, 0.0, 0.0, 0.0, 0.0, 0.0, 0.0, 0.0, 1.741808569877043E9, 0.0, 2025-03-12 14:42:49.877
126.0, 17456.55595738363, -27621.27996936798, -42910.52137738722, -28463.001962065933, -25080.82539806669, 6442.0856764418695, -37666.28803804971, 14091.83610580398, 4519.254507929624, -13613.665236671595, -34778.88968931314, -5467.616673423848, -36717.992927788844, -19519.353749675007, -18199.483239589124, 7527.039352302475, -0.12905245876312255, 0.9607976446151734, -0.16879102516174316, 192.0, 0.0, 0.0, 0.0, 0.0, 0.0, 0.0, 0.0, 0.0, 0.0, 1.741808569877058E9, 0.0, 2025-03-12 14:42:49.877
128.0, 17503.204048061856, -27627.963140960117, -42908.3756099195, -28418.67845281106, -25075.505682886327, 6486.722110119118, -37664.83517466011, 14095.859419805935, 4506.469310101189, -13621.533050719865, -34785.68461962755, -5467.616673423848, -36725.05607903672, -19523.28765669914, -18203.484201846626, 7516.779901597489, -0.12905245876312255, 0.9607976446151734, -0.16879102516174316, 192.0, 0.0, 0.0, 0.0, 0.0, 0.0, 0.0, 0.0, 0.0, 0.0, 1.741808569877073E9, 0.0, 2025-03-12 14:42:49.877
130.0, 17428.370407625487, -27628.94661771615, -42917.02573502371, -28473.39552323765, -25079.886624799565, 6445.460789854621, -37661.75063392528, 14092.17138197081, 4508.771539780086, -13621.153071064124, -34793.79830286483, -5475.0821560719205, -36725.03372729227, -19526.707473600803, -18207.283998404026, 7518.433930687182, -0.12752622938156127, 0.9623988223075867, -0.1683955125808716, 192.0, 126.0, 8.0, 15.0, 16.0, 125.0, 96.0, 0.0, 0.0, 0.0, 1.741808569877106E9, 0.0, 2025-03-12 14:42:49.877
132.0, 17472.15747501343, -27640.524821344, -42917.58452863509, -28425.138106958642, -25071.504720628825, 6477.580246636898, -37659.51545947975, 14095.859419805935, 4501.4625193432, -13624.930515877071, -34792.59130866424, -5478.524324718038, -36723.960843558416, -19528.67442711287, -18205.56291408097, 7516.779901597489, -0.12752622938156127, 0.9623988223075867, -0.1683955125808716, 192.0, 0.0, 0.0, 0.0, 0.0, 0.0, 0.0, 0.0, 0.0, 0.0, 1.741808569877123E9, 0.0, 2025-03-12 14:42:49.877
134.0, 17419.385006354452, -27633.864001496317, -42919.529130402705, -28469.26045051342, -25074.030467752276, 6440.074019440892, -37660.40952925796, 14088.796268558059, 4503.228307155169, -13625.668123444097, -34795.09470404324, -5475.439783983205, -36723.08912552466, -19526.685121856346, -18204.087698946918, 7511.080206761385, -0.12752622938156127, 0.9623988223075867, -0.1683955125808716, 192.0, 0.0, 0.0, 0.0, 0.0, 0.0, 0.0, 0.0, 0.0, 0.0, 1.741808569937604E9, 0.0, 2025-03-12 14:42:49.937
136.0, 17481.500504195752, -27640.77069053301, -42914.879967556, -28430.077842483264, -25070.498892128337, 6465.353842419844, -37663.89640139299, 14094.205390716243, 4509.933830491761, -13622.829451898271, -34793.37361972018, -5483.8440398984, -36721.278634223774, -19527.91446780139, -18208.6474548158, 7511.259020717028, -0.12752622938156127, 0.9623988223075867, -0.1683955125808716, 192.0, 0.0, 0.0, 0.0, 0.0, 0.0, 0.0, 0.0, 0.0, 0.0, 1.741808569937677E9, 0.0, 2025-03-12 14:42:49.937
138.0, 17425.509384335208, -27630.332425872377, -42913.20358672185, -28471.182700536574, -25077.450284653936, 6446.086638699369, -37665.30456129367, 14085.667024334316, 4504.010618211105, -13635.346428793244, -34793.28421274236, -5478.211400295663, -36729.191151760955, -19537.324552217073, -18210.167373438762, 7500.843107800854, -0.12752622938156127, 0.9623988223075867, -0.1683955125808716, 192.0, 0.0, 0.0, 0.0, 0.0, 0.0, 0.0, 0.0, 0.0, 0.0, 1.741808569937694E9, 0.0, 2025-03-12 14:42:49.937
140.0, 17476.203140759844, -27633.349911373843, -42902.742970316765, -28434.749357074423, -25069.180139205473, 6456.077868470892, -37661.05772984716, 14094.920646538812, 4518.405141640323, -13623.3658937652, -34787.29394522833, -5488.806127167479, -36719.266977222804, -19530.328456202562, -18208.334530393426, 7512.242497473061, -0.12976311469078064, 0.9631994111537934, -0.16719775629043582, 192.0, 125.5, 112.0, 15.0, 16.0, 125.0, 104.0, 0.0, 0.0, 0.0, 1.741808569937709E9, 0.0, 2025-03-12 14:42:49.937
142.0, 17427.364579125, -27643.22938242309, -42919.81970308062, -28458.621020152692, -25089.766095848812, 6455.452019626144, -37678.626200989034, 14080.324957409497, 4503.205955410714, -13635.592297982252, -34786.66809638358, -5475.953874105678, -36723.60321564713, -19531.021360280676, -18209.94385599421, 7499.233782200073, -0.12976311469078064, 0.9631994111537934, -0.16719775629043582, 192.0, 0.0, 0.0, 0.0, 0.0, 0.0, 0.0, 0.0, 0.0, 0.0, 1.74180856993773E9, 0.0, 2025-03-12 14:42:49.937
144.0, 17463.93203305388, -27632.925228229193, -42903.70409532834, -28438.929133287565, -25072.801121807235, 6446.84659801085, -37664.18697407091, 14093.780707571592, 4507.0281037125715, -13629.780844423873, -34798.872148856186, -5501.390159295816, -36727.80534360473, -19535.603467894016, -18221.522059622057, 7504.754663080534, -0.12976311469078064, 0.9631994111537934, -0.16719775629043582, 192.0, 0.0, 0.0, 0.0, 0.0, 0.0, 0.0, 0.0, 0.0, 0.0, 1.741808569937745E9, 0.0, 2025-03-12 14:42:49.937
146.0, 17432.147852438433, -27632.053510195437, -42905.98397326279, -28449.09917701473, -25077.00324976483, 6456.413144637721, -37668.076177606126, 14088.50569588014, 4520.193281196747, -13622.427120498076, -34781.30367771431, -5465.001519322577, -36708.426381161975, -19525.299313700118, -18202.45602160168, 7510.767282339011, -0.12976311469078064, 0.9631994111537934, -0.16719775629043582, 192.0, 0.0, 0.0, 0.0, 0.0, 0.0, 0.0, 0.0, 0.0, 0.0, 1.74180856993776E9, 0.0, 2025-03-12 14:42:49.937
148.0, 17443.927221766382, -27636.322693386403, -42906.72158082981, -28444.852345568223, -25078.947851532444, 6451.920444002205, -37672.94885789738, 14087.276349935097, 4512.593688081943, -13627.277449044877, -34793.03834355335, -5490.8177841684565, -36726.48659068187, -19534.262363226695, -18218.37046365386, 7502.832413057377, -0.12976311469078064, 0.9631994111537934, -0.16719775629043582, 192.0, 0.0, 0.0, 0.0, 0.0, 0.0, 0.0, 0.0, 0.0, 0.0, 1.741808569937776E9, 0.0, 2025-03-12 14:42:49.937
150.0, 17424.011817456703, -27632.612303806818, -42909.58260412009, -28440.560810632804, -25081.0712672557, 6471.411165167233, -37674.580535242625, 14079.45323937574, 4503.876507744373, -13629.400864768133, -34781.32602945877, -5462.386365221306, -36722.195055746444, -19528.696778857324, -18211.575533339445, 7504.732311336078, -0.1308815573453903, 0.9625997055768967, -0.1635988781452179, 192.0, 125.5, 112.0, 15.0, 8.0, 125.5, 0.0, 0.0, 0.0, 0.0, 1.741808569997337E9, 0.0, 2025-03-12 14:42:49.997
152.0, 17434.673599561884, -27631.584123561875, -42906.40865640744, -28446.796947335835, -25077.182063720473, 6445.70665904363, -37670.087834607104, 14080.280253920586, 4509.285629902557, -13628.50679498992, -34789.6632301406, -5489.208458567675, -36730.33109072818, -19530.14964224692, -18220.493879377114, 7504.642904358257, -0.1308815573453903, 0.9625997055768967, -0.1635988781452179, 192.0, 0.0, 0.0, 0.0, 0.0, 0.0, 0.0, 0.0, 0.0, 0.0, 1.741808569997387E9, 0.0, 2025-03-12 14:42:49.997
154.0, 17437.624029829985, -27623.22457113559, -42903.01119125023, -28426.09923197022, -25075.77390381979, 6479.256627471045, -37665.282209549216, 14086.65050109035, 4510.3138101475015, -13619.767262907895, -34776.4086456786, -5454.406792450762, -36722.30681446872, -19524.315836944086, -18201.8972279903, 7512.53307015098, -0.1308815573453903, 0.9625997055768967, -0.1635988781452179, 192.0, 0.0, 0.0, 0.0, 0.0, 0.0, 0.0, 0.0, 0.0, 0.0, 1.741808569997403E9, 0.0, 2025-03-12 14:42:49.997
156.0, 17425.665846546395, -27620.14003040076, -42898.09380747006, -28443.511240900905, -25075.080999741676, 6452.456885869132, -37664.49989849328, 14093.244265704665, 4511.5431560925435, -13617.21916403999, -34788.07625628427, -5482.212362553163, -36723.78202960277, -19532.76479634819, -18205.205286169683, 7523.217204000617, -0.1308815573453903, 0.9625997055768967, -0.1635988781452179, 192.0, 0.0, 0.0, 0.0, 0.0, 0.0, 0.0, 0.0, 0.0, 0.0, 1.741808569997419E9, 0.0, 2025-03-12 14:42:49.997
158.0, 17444.2177944443, -27619.35771934482, -42894.74104580177, -28411.257673651897, -25078.43376140997, 6491.125403776813, -37670.44546251839, 14098.675739607304, 4511.677266559275, -13609.641922669642, -34770.55248863131, -5447.209530736152, -36707.733477083864, -19516.425671151363, -18197.35982386587, 7525.295916234961, -0.1308815573453903, 0.9625997055768967, -0.1635988781452179, 192.0, 0.0, 0.0, 0.0, 0.0, 0.0, 0.0, 0.0, 0.0, 0.0, 1.741808569997439E9, 0.0, 2025-03-12 14:42:49.997
160.0, 17420.97198021078, -27622.732832757574, -42893.91403125692, -28438.459746654007, -25081.563005633714, 6453.194493436157, -37666.57861072762, 14099.681568107793, 4520.170929452292, -13609.93249534756, -34778.88968931314, -5463.74982163308, -36722.59738714664, -19512.04472923812, -18207.686329804223, 7528.335753480882, -0.13044077867269516, 0.9602998527884483, -0.16379943907260897, 192.0, 125.5, 120.0, 14.5, 120.0, 125.0, 112.0, 0.0, 0.0, 0.0, 1.741808569997455E9, 0.0, 2025-03-12 14:42:49.997
162.0, 17452.733809081772, -27623.246922880047, -42888.884888754474, -28402.629900292148, -25072.53290087377, 6490.030168298504, -37666.802128172174, 14099.748623341158, 4515.164138694303, -13614.000512838425, -34767.28913394084, -5443.186216734197, -36711.53327364127, -19515.35278741751, -18202.165448923763, 7524.848881345854, -0.13044077867269516, 0.9602998527884483, -0.16379943907260897, 192.0, 0.0, 0.0, 0.0, 0.0, 0.0, 0.0, 0.0, 0.0, 0.0, 1.741808569997471E9, 0.0, 2025-03-12 14:42:49.997
164.0, 17398.083793888545, -27628.36547236031, -42893.15407194544, -28450.306171215318, -25074.701020085937, 6433.167330404202, -37657.61556120105, 14094.808887816536, 4514.314772405001, -13620.50487047492, -34786.7127998725, -5467.236693768107, -36716.36125044361, -19529.032055024156, -18210.301483905492, 7523.1948522561615, -0.13044077867269516, 0.9602998527884483, -0.16379943907260897, 192.0, 0.0, 0.0, 0.0, 0.0, 0.0, 0.0, 0.0, 0.0, 0.0, 1.741808570060401E9, 0.0, 2025-03-12 14:42:50.060
166.0, 17450.61039335852, -27631.450013095146, -42891.00830447773, -28405.53562707134, -25067.950793260432, 6477.200266981157, -37653.01110184325, 14105.805946088547, 4508.525670591077, -13619.879021630171, -34777.90621255711, -5447.813027836446, -36708.80636081772, -19518.63849385244, -18193.761193008566, 7520.065608032419, -0.13044077867269516, 0.9602998527884483, -0.16379943907260897, 192.0, 0.0, 0.0, 0.0, 0.0, 0.0, 0.0, 0.0, 0.0, 0.0, 1.741808570060429E9, 0.0, 2025-03-12 14:42:50.060
168.0, 17382.59403498102, -27640.27895215499, -42900.083112726585, -28462.48787194346, -25074.589261363657, 6424.919536700194, -37659.78368041321, 14092.618416859916, 4505.776406023074, -13626.919821133593, -34796.79343662184, -5471.37176649234, -36718.23879697786, -19529.412034679895, -18203.215980913163, 7518.880965576287, -0.13044077867269516, 0.9602998527884483, -0.16379943907260897, 192.0, 0.0, 0.0, 0.0, 0.0, 0.0, 0.0, 0.0, 0.0, 0.0, 1.741808570060445E9, 0.0, 2025-03-12 14:42:50.060
170.0, 17426.626971557973, -27646.47038536911, -42906.520415129715, -28409.46953409547, -25074.25398519683, 6481.290636216479, -37664.81282291566, 14090.986739514678, 4502.043664699038, -13629.087940345758, -34786.01989579438, -5454.540902917493, -36713.321413197686, -19521.499517142718, -18197.918617477255, 7520.982029555086, -0.13222038933634758, 0.9581499263942241, -0.1638997195363045, 192.0, 125.5, 104.0, 14.5, 112.0, 125.0, 112.0, 0.0, 0.0, 0.0, 1.74180857006046E9, 0.0, 2025-03-12 14:42:50.060
172.0, 17369.942947619315, -27628.901914227237, -42901.40186564945, -28461.86202309871, -25067.503758371327, 6425.411275078211, -37662.10826183656, 14086.851666790446, 4506.826938012474, -13628.909126390115, -34801.33084074627, -5467.840190868401, -36727.80534360473, -19533.524755659673, -18209.116841449362, 7518.523337665002, -0.13222038933634758, 0.9581499263942241, -0.1638997195363045, 192.0, 0.0, 0.0, 0.0, 0.0, 0.0, 0.0, 0.0, 0.0, 0.0, 1.741808570060477E9, 0.0, 2025-03-12 14:42:50.060
174.0, 17429.800919270627, -27639.13901318777, -42904.03937149517, -28406.943786972024, -25075.997421264343, 6478.340205948378, -37674.11114860906, 14081.755469054637, 4503.317714132991, -13622.427120498076, -34788.14331151763, -5452.417487194239, -36716.00362253233, -19529.0097032797, -18205.40645186978, 7512.264849217517, -0.13222038933634758, 0.9581499263942241, -0.1638997195363045, 192.0, 0.0, 0.0, 0.0, 0.0, 0.0, 0.0, 0.0, 0.0, 0.0, 1.741808570060512E9, 0.0, 2025-03-12 14:42:50.060
176.0, 17365.405543494886, -27625.392690347755, -42903.994668006264, -28459.515089930905, -25081.764171333813, 6431.960336203616, -37672.36771254155, 14080.302605665041, 4505.530536834066, -13626.517489733398, -34796.972250577484, -5464.018042566543, -36733.236817507364, -19533.971790548778, -18220.31506542147, 7507.950962537642, -0.13222038933634758, 0.9581499263942241, -0.1638997195363045, 192.0, 0.0, 0.0, 0.0, 0.0, 0.0, 0.0, 0.0, 0.0, 0.0, 1.741808570060527E9, 0.0, 2025-03-12 14:42:50.060
178.0, 17430.27030590419, -27624.02923393598, -42890.42715912189, -28406.899083483113, -25066.34146765965, 6470.941778533671, -37662.71175893686, 14098.251056462654, 4514.493586360644, -13618.40380649612, -34782.24245098144, -5454.0715162839315, -36719.02110803379, -19521.208944464797, -18210.681463561235, 7519.328000465393, -0.13222038933634758, 0.9581499263942241, -0.1638997195363045, 192.0, 0.0, 0.0, 0.0, 0.0, 0.0, 0.0, 0.0, 0.0, 0.0, 1.741808570060542E9, 0.0, 2025-03-12 14:42:50.060
180.0, 17359.415275980864, -27635.160402674726, -42904.151130217455, -28460.096235286743, -25081.317136444704, 6441.660993297219, -37669.327875295625, 14089.109192980433, 4508.03393221306, -13625.154033321624, -34788.590346406745, -5454.853827339867, -36725.43605869247, -19534.843508582533, -18214.190687440718, 7519.328000465393, -0.1331101946681738, 0.9560749631971122, -0.16094985976815224, 192.0, 125.5, 104.0, 14.5, 104.0, 125.5, 8.0, 0.0, 0.0, 0.0, 1.741808570119361E9, 0.0, 2025-03-12 14:42:50.119
182.0, 17416.456927830808, -27633.193449162656, -42895.79157779117, -28413.55990333079, -25073.0693427407, 6472.573455878909, -37662.73411068131, 14094.160687227331, 4506.715179290197, -13626.02575135538, -34789.59617490723, -5458.407754708262, -36724.720802869895, -19533.68121787086, -18213.967169996165, 7516.578735897391, -0.1331101946681738, 0.9560749631971122, -0.16094985976815224, 192.0, 0.0, 0.0, 0.0, 0.0, 0.0, 0.0, 0.0, 0.0, 0.0, 1.741808570119381E9, 0.0, 2025-03-12 14:42:50.119
184.0, 17357.29186025761, -27624.006882191527, -42899.63607783748, -28454.173023006086, -25074.611613108114, 6442.5550630754315, -37659.69427343539, 14095.635902361382, 4514.001847982628, -13619.901373374627, -34785.32699171627, -5444.661431868248, -36721.010413290314, -19529.143813746432, -18208.04395771551, 7520.043256287963, -0.1331101946681738, 0.9560749631971122, -0.16094985976815224, 192.0, 0.0, 0.0, 0.0, 0.0, 0.0, 0.0, 0.0, 0.0, 0.0, 1.741808570119407E9, 0.0, 2025-03-12 14:42:50.119
186.0, 17414.959360952304, -27624.386861847266, -42888.30374339864, -28412.218798663474, -25062.899299013534, 6467.723127332107, -37655.35803501106, 14103.973103043212, 4523.523691120588, -13608.054948813315, -34778.241488723936, -5447.075420269421, -36714.50605565382, -19515.375139161963, -18201.83017275693, 7526.055875546441, -0.1331101946681738, 0.9560749631971122, -0.16094985976815224, 192.0, 0.0, 0.0, 0.0, 0.0, 0.0, 0.0, 0.0, 0.0, 0.0, 1.741808570119422E9, 0.0, 2025-03-12 14:42:50.119
188.0, 17350.42987470983, -27627.247885137545, -42897.356199903035, -28454.396540450638, -25071.57177586219, 6456.793124293462, -37663.89640139299, 14088.282178435586, 4511.5431560925435, -13626.271620544388, -34781.88482307015, -5440.593414377381, -36713.34376494215, -19529.456738168807, -18207.015777470562, 7510.566116638914, -0.1331101946681738, 0.9560749631971122, -0.16094985976815224, 192.0, 0.0, 0.0, 0.0, 0.0, 0.0, 0.0, 0.0, 0.0, 0.0, 1.741808570119437E9, 0.0, 2025-03-12 14:42:50.119
190.0, 17397.882628188447, -27633.685187540676, -42883.811042763125, -28422.165324946087, -25062.787540291258, 6462.761040063029, -37660.74480542479, 14096.149992483854, 4512.817205526496, -13625.846937399738, -34783.270631226376, -5463.03456581051, -36719.691660367454, -19533.25653472621, -18208.89332400481, 7514.7458928520555, -0.1355550973340869, 0.9570374815985561, -0.16147492988407613, 192.0, 125.5, 88.0, 14.5, 120.0, 125.0, 120.0, 0.0, 0.0, 0.0, 1.741808570119452E9, 0.0, 2025-03-12 14:42:50.119
192.0, 17346.18304326332, -27636.948542231148, -42891.209470177826, -28440.225534465975, -25069.15778746102, 6455.988461493071, -37663.29290429269, 14092.484306393184, 4511.99019098165, -13624.595239710241, -34778.06267476829, -5438.581757376404, -36711.2650527078, -19524.405243921905, -18197.046899443496, 7514.880003318787, -0.1355550973340869, 0.9570374815985561, -0.16147492988407613, 192.0, 0.0, 0.0, 0.0, 0.0, 0.0, 0.0, 0.0, 0.0, 0.0, 1.741808570119468E9, 0.0, 2025-03-12 14:42:50.119
194.0, 17376.44730525581, -27642.223553922602, -42886.98499047577, -28421.293606912328, -25063.43574088046, 6460.2799964284895, -37659.828383902124, 14098.541629140573, 4504.547060078033, -13625.288143788355, -34790.55729991881, -5460.598225664881, -36716.94239579945, -19538.28567722865, -18205.65232105879, 7518.0315992869855, -0.1355550973340869, 0.9570374815985561, -0.16147492988407613, 192.0, 0.0, 0.0, 0.0, 0.0, 0.0, 0.0, 0.0, 0.0, 0.0, 1.741808570176852E9, 0.0, 2025-03-12 14:42:50.176
196.0, 17346.272450241144, -27644.391673134767, -42898.65260108145, -28439.9126100436, -25073.67283984099, 6462.112839473825, -37669.059654362165, 14090.606759858938, 4491.761862249597, -13636.218146827001, -34784.879956827164, -5441.576891133415, -36716.98709928836, -19543.00189530872, -18199.930274478233, 7505.358160180826, -0.1355550973340869, 0.9570374815985561, -0.16147492988407613, 192.0, 0.0, 0.0, 0.0, 0.0, 0.0, 0.0, 0.0, 0.0, 0.0, 1.741808570176883E9, 0.0, 2025-03-12 14:42:50.176
198.0, 17376.894340144914, -27649.08553947038, -42899.814891793125, -28437.00688326441, -25076.980898020378, 6452.166313191213, -37672.03243637472, 14091.970216270713, 4500.635504798353, -13637.98393463897, -34794.62531740968, -5468.1531152907755, -36719.266977222804, -19536.385778949953, -18209.474469360648, 7509.448529416148, -0.1355550973340869, 0.9570374815985561, -0.16147492988407613, 192.0, 0.0, 0.0, 0.0, 0.0, 0.0, 0.0, 0.0, 0.0, 0.0, 1.74180857017692E9, 0.0, 2025-03-12 14:42:50.176
200.0, 17373.362764520974, -27629.03602469397, -42894.76339754622, -28443.01950252289, -25072.376438662584, 6460.056478983936, -37665.349264782584, 14094.160687227331, 4496.612190796398, -13639.436798028566, -34783.29298297084, -5447.723620858625, -36713.321413197686, -19542.39839820843, -18206.859315259375, 7497.110366476819, -0.13777754866704345, 0.963518740799278, -0.16173746494203806, 192.0, 125.5, 80.0, 15.0, 40.0, 125.0, 120.0, 0.0, 0.0, 0.0, 1.741808570176939E9, 0.0, 2025-03-12 14:42:50.176
202.0, 17397.748517721717, -27630.51123982802, -42887.990818976265, -28443.511240900905, -25066.944964759943, 6437.928251973182, -37658.017892601245, 14103.50371640965, 4517.555775351021, -13625.332847277266, -34782.085988770246, -5463.727469888624, -36712.38263993057, -19529.43438642435, -18200.958454723175, 7515.72936960809, -0.13777754866704345, 0.963518740799278, -0.16173746494203806, 192.0, 0.0, 0.0, 0.0, 0.0, 0.0, 0.0, 0.0, 0.0, 0.0, 1.741808570176958E9, 0.0, 2025-03-12 14:42:50.176
204.0, 17419.36265461, -27621.3693763458, -42886.046217208655, -28422.76882204638, -25066.47557812638, 6465.9126360312275, -37654.21809604384, 14110.008074046145, 4526.518824877599, -13613.55347794932, -34756.96262800248, -5421.795597290468, -36702.145540970036, -19514.414014150385, -18180.283091102017, 7532.7613988830335, -0.13777754866704345, 0.963518740799278, -0.16173746494203806, 192.0, 0.0, 0.0, 0.0, 0.0, 0.0, 0.0, 0.0, 0.0, 0.0, 1.741808570176973E9, 0.0, 2025-03-12 14:42:50.176
206.0, 17417.038073186646, -27624.386861847266, -42897.93734525888, -28448.786252592356, -25077.13736023156, 6435.134283916269, -37665.37161652704, 14101.402652430852, 4524.37305740989, -13623.07532108728, -34777.28036371236, -5456.820780851935, -36719.53519815626, -19535.91639231639, -18196.868085487855, 7523.910108078731, -0.13777754866704345, 0.963518740799278, -0.16173746494203806, 192.0, 0.0, 0.0, 0.0, 0.0, 0.0, 0.0, 0.0, 0.0, 0.0, 1.741808570176992E9, 0.0, 2025-03-12 14:42:50.176
208.0, 17456.868881806004, -27618.106021655327, -42899.41256039293, -28414.878656253655, -25075.30451718623, 6474.13807799078, -37666.55625898317, 14101.804983831047, 4527.748170822641, -13619.722559418984, -34761.455328637996, -5427.718809571124, -36713.27670970878, -19525.612238122492, -18182.585320780912, 7529.386285470282, -0.13777754866704345, 0.963518740799278, -0.16173746494203806, 192.0, 0.0, 0.0, 0.0, 0.0, 0.0, 0.0, 0.0, 0.0, 0.0, 1.741808570177008E9, 0.0, 2025-03-12 14:42:50.177
210.0, 17446.36356191201, -27612.003995419025, -42899.524319115204, -28445.85817406871, -25076.15388347553, 6437.011830450515, -37665.55043048268, 14099.234533218687, 4532.1514644803365, -13619.074358829781, -34778.17443349057, -5455.904359329267, -36725.167837759, -19533.748273104226, -18191.83894298541, 7537.388209985282, -0.13488877433352173, 0.962759370399639, -0.16186873247101902, 192.0, 125.5, 112.0, 15.0, 8.0, 125.0, 120.0, 0.0, 0.0, 0.0, 1.741808570237119E9, 0.0, 2025-03-12 14:42:50.237
212.0, 17494.956254357847, -27605.589044760352, -42899.032580737185, -28408.28489163934, -25069.24719443884, 6480.620083882819, -37660.76715716924, 14104.531896654595, 4530.0951039904485, -13611.944152348537, -34759.30956117029, -5422.935536257689, -36706.03474450526, -19514.458717639296, -18173.152884620773, 7542.819683887921, -0.13488877433352173, 0.962759370399639, -0.16186873247101902, 192.0, 0.0, 0.0, 0.0, 0.0, 0.0, 0.0, 0.0, 0.0, 0.0, 1.741808570237143E9, 0.0, 2025-03-12 14:42:50.237
214.0, 17469.095286023057, -27602.191579603146, -42898.898470270455, -28445.88052581317, -25065.313287414705, 6433.971993204594, -37656.40856700046, 14106.834126333491, 4545.338993708968, -13599.31541673129, -34769.41254966409, -5441.0404492664875, -36710.92977654097, -19511.82121179357, -18171.722372975633, 7553.526169482014, -0.13488877433352173, 0.962759370399639, -0.16186873247101902, 192.0, 0.0, 0.0, 0.0, 0.0, 0.0, 0.0, 0.0, 0.0, 0.0, 1.741808570237158E9, 0.0, 2025-03-12 14:42:50.237
216.0, 17516.771556946227, -27610.95346342963, -42906.00632500724, -28403.456914836996, -25074.72337183039, 6493.181764266702, -37668.12088109504, 14101.112079752933, 4530.0951039904485, -13609.016073824892, -34761.07534898226, -5418.420483877717, -36713.58963413115, -19510.167182703877, -18165.106256616862, 7547.267681034527, -0.13488877433352173, 0.962759370399639, -0.16186873247101902, 192.0, 0.0, 0.0, 0.0, 0.0, 0.0, 0.0, 0.0, 0.0, 0.0, 1.741808570237173E9, 0.0, 2025-03-12 14:42:50.237
218.0, 17468.469437178308, -27613.769783230997, -42915.59522337857, -28457.615191652203, -25082.434723667473, 6448.590034078364, -37670.57957298512, 14091.567884870516, 4529.1563307233255, -13614.469899471987, -34774.955782289006, -5444.8849493128, -36729.749945372336, -19521.521868887172, -18179.12080039034, 7543.333774010393, -0.13488877433352173, 0.962759370399639, -0.16186873247101902, 192.0, 0.0, 0.0, 0.0, 0.0, 0.0, 0.0, 0.0, 0.0, 0.0, 1.741808570237203E9, 0.0, 2025-03-12 14:42:50.237
220.0, 17526.203993106366, -27615.535571042965, -42909.56025237564, -28411.637653307636, -25072.555252618225, 6490.477203187609, -37670.803090429676, 14097.98283552919, 4523.099007975938, -13621.331885019767, -34770.26191595339, -5431.965641017633, -36722.0162417908, -19523.801746821613, -18172.527035776024, 7541.277413520505, -0.13144438716676088, 0.9613796851998195, -0.1629343662355095, 192.0, 126.0, 0.0, 15.0, 0.0, 125.0, 112.0, 0.0, 0.0, 0.0, 1.741808570237217E9, 0.0, 2025-03-12 14:42:50.237
222.0, 17477.052507049146, -27592.781495187464, -42895.94804000235, -28459.760959119914, -25059.77005478979, 6423.7125424996075, -37654.17339255493, 14109.449280434763, 4538.700525605742, -13613.88875411615, -34770.15015723112, -5439.140550987787, -36721.09982026814, -19522.66180785439, -18172.795256709487, 7551.201588058661, -0.13144438716676088, 0.9613796851998195, -0.1629343662355095, 192.0, 0.0, 0.0, 0.0, 0.0, 0.0, 0.0, 0.0, 0.0, 0.0, 1.741808570237233E9, 0.0, 2025-03-12 14:42:50.237
224.0, 17534.94352518839, -27613.881541953273, -42899.56902260411, -28395.969080444465, -25058.49600535584, 6481.782374594495, -37655.60390420007, 14113.427890947807, 4545.048421031049, -13601.707053388007, -34752.291113411324, -5412.765492530524, -36705.632413105064, -19502.38877563343, -18160.702962959167, 7566.467829521636, -0.13144438716676088, 0.9613796851998195, -0.1629343662355095, 192.0, 0.0, 0.0, 0.0, 0.0, 0.0, 0.0, 0.0, 0.0, 0.0, 1.741808570297453E9, 0.0, 2025-03-12 14:42:50.297
226.0, 17472.693916880362, -27615.22264662059, -42912.51068264373, -28455.044741039845, -25070.543595617248, 6444.27614739849, -37663.33760778161, 14097.245227962165, 4532.106760991426, -13619.342579763244, -34775.24635496693, -5435.608975363848, -36722.910311569016, -19521.186592720343, -18176.371535822338, 7549.122875824318, -0.13144438716676088, 0.9613796851998195, -0.1629343662355095, 192.0, 0.0, 0.0, 0.0, 0.0, 0.0, 0.0, 0.0, 0.0, 0.0, 1.741808570297476E9, 0.0, 2025-03-12 14:42:50.297
228.0, 17536.776368233724, -27611.825181463384, -42905.53693837368, -28407.99431896142, -25060.35120014563, 6480.7094908606405, -37659.38134901301, 14103.771937343114, 4534.9677842817055, -13615.274562272378, -34765.366883917675, -5437.263004453541, -36713.85785506461, -19522.10301424301, -18176.41623931125, 7546.507721723047, -0.13144438716676088, 0.9613796851998195, -0.1629343662355095, 192.0, 0.0, 0.0, 0.0, 0.0, 0.0, 0.0, 0.0, 0.0, 0.0, 1.741808570297505E9, 0.0, 2025-03-12 14:42:50.297
230.0, 17479.712364639327, -27608.360661072813, -42913.225938466305, -28457.77165386339, -25067.92844151598, 6438.978783962582, -37663.516421737244, 14096.440565161773, 4538.499359905643, -13610.40188198112, -34764.942200773025, -5428.545824115971, -36717.34472719964, -19515.73276707325, -18177.936157934208, 7546.865349634332, -0.12972219358338044, 0.9606898425999097, -0.16446718311775477, 192.0, 126.0, 0.0, 15.0, 0.0, 125.0, 104.0, 0.0, 0.0, 0.0, 1.74180857029752E9, 0.0, 2025-03-12 14:42:50.297
232.0, 17543.52659505923, -27612.763954730508, -42908.84499655307, -28409.581292817747, -25063.167519946997, 6475.680348358196, -37661.75063392528, 14105.962408299734, 4531.905595291329, -13618.515565218398, -34769.50195664191, -5442.001574278066, -36723.64791913604, -19522.840621810035, -18184.708736504166, 7541.322117009416, -0.12972219358338044, 0.9606898425999097, -0.16446718311775477, 192.0, 0.0, 0.0, 0.0, 0.0, 0.0, 0.0, 0.0, 0.0, 0.0, 1.741808570297536E9, 0.0, 2025-03-12 14:42:50.297
234.0, 17470.83872209057, -27621.257617623523, -42924.84884558307, -28454.0165607949, -25079.417238166006, 6453.440362625166, -37674.26761082025, 14091.50082963715, 4528.016391756105, -13618.537916962852, -34770.57484037577, -5439.386420176795, -36725.65957613702, -19526.86393581199, -18184.6416812708, 7536.650602418256, -0.12972219358338044, 0.9606898425999097, -0.16446718311775477, 192.0, 0.0, 0.0, 0.0, 0.0, 0.0, 0.0, 0.0, 0.0, 0.0, 1.741808570297551E9, 0.0, 2025-03-12 14:42:50.297
236.0, 17523.36532156054, -27621.83876297936, -42911.68366809889, -28423.305263913306, -25062.184043190962, 6469.243045955068, -37664.94693338239, 14097.692262851271, 4523.0543044870265, -13628.216222312001, -34777.258011967904, -5458.631272152815, -36728.94528257195, -19529.076758513067, -18190.050803428985, 7533.722523894611, -0.12972219358338044, 0.9606898425999097, -0.16446718311775477, 192.0, 0.0, 0.0, 0.0, 0.0, 0.0, 0.0, 0.0, 0.0, 0.0, 1.741808570297566E9, 0.0, 2025-03-12 14:42:50.297
238.0, 17469.296451723152, -27624.65508278073, -42919.57383389161, -28453.837746839257, -25072.510549129314, 6448.590034078364, -37671.20542182987, 14091.83610580398, 4523.926022520784, -13624.371722265689, -34771.3571514317, -5443.722658601125, -36719.199921989435, -19521.365406675985, -18183.054707414474, 7532.604936671846, -0.12972219358338044, 0.9606898425999097, -0.16446718311775477, 192.0, 0.0, 0.0, 0.0, 0.0, 0.0, 0.0, 0.0, 0.0, 0.0, 1.741808570297581E9, 0.0, 2025-03-12 14:42:50.297
240.0, 17507.1826585749, -27630.600646805844, -42915.10348500055, -28420.53364760085, -25071.929403773476, 6463.297481929956, -37672.52417475273, 14091.858457548435, 4518.807473040518, -13634.65352471513, -34781.996581792424, -5464.93446408921, -36730.12992502808, -19530.239049224743, -18192.822419741442, 7527.754608125045, -0.13086109679169022, 0.9603449212999549, -0.1662335915588774, 192.0, 125.5, 112.0, 15.0, 0.0, 125.0, 96.0, 0.0, 0.0, 0.0, 1.741808570358093E9, 0.0, 2025-03-12 14:42:50.358
242.0, 17463.21677723131, -27616.09436465435, -42912.06364775463, -28445.05351126832, -25073.583432863168, 6455.8767027707945, -37667.18210782792, 14093.423079660306, 4510.023237469582, -13630.943135135549, -34775.581631133755, -5442.672126611725, -36731.0686982952, -19526.416900922883, -18184.529922548525, 7526.994648813564, -0.13086109679169022, 0.9603449212999549, -0.1662335915588774, 192.0, 0.0, 0.0, 0.0, 0.0, 0.0, 0.0, 0.0, 0.0, 0.0, 1.74180857035812E9, 0.0, 2025-03-12 14:42:50.358
244.0, 17505.32746378511, -27607.80186746143, -42896.08215046908, -28417.00207197691, -25059.8147582787, 6453.105086458336, -37655.0898140776, 14106.252980977653, 4528.552833623032, -13616.45920472851, -34772.921773543574, -5455.680841884714, -36723.29029122475, -19513.92227577237, -18178.89728294579, 7545.926576367209, -0.13086109679169022, 0.9603449212999549, -0.1662335915588774, 192.0, 0.0, 0.0, 0.0, 0.0, 0.0, 0.0, 0.0, 0.0, 0.0, 1.741808570358136E9, 0.0, 2025-03-12 14:42:50.358
246.0, 17479.55590242814, -27602.772724958984, -42902.85472903904, -28421.561827845795, -25070.275374683784, 6461.352880162344, -37659.87308739103, 14106.543553655572, 4530.832711557474, -13614.22403028298, -34755.01802623487, -5417.88404201079, -36713.34376494215, -19503.461659367284, -18171.25298634207, 7547.871178134821, -0.13086109679169022, 0.9603449212999549, -0.1662335915588774, 192.0, 0.0, 0.0, 0.0, 0.0, 0.0, 0.0, 0.0, 0.0, 0.0, 1.741808570358171E9, 0.0, 2025-03-12 14:42:50.358
248.0, 17500.052452093656, -27607.354832572324, -42894.852804524045, -28418.47728711096, -25064.709790314413, 6447.673612555696, -37654.30750302166, 14110.723329868715, 4536.174778482292, -13613.776995393873, -34766.79739556282, -5444.8849493128, -36726.57599765968, -19514.123441472464, -18179.478428301623, 7541.188006542684, -0.13086109679169022, 0.9603449212999549, -0.1662335915588774, 192.0, 0.0, 0.0, 0.0, 0.0, 0.0, 0.0, 0.0, 0.0, 0.0, 1.741808570358187E9, 0.0, 2025-03-12 14:42:50.358
250.0, 17480.919358839914, -27608.539475028454, -42903.68174358389, -28417.71732779948, -25067.90608977152, 6466.113801731325, -37659.64956994648, 14105.180097243798, 4532.687906347264, -13612.905277360116, -34757.744939058415, -5418.845167022368, -36717.81411383321, -19503.9533977453, -18164.346297305383, 7542.596166443368, -0.1294305483958451, 0.9561724606499775, -0.16711679577943872, 192.0, 126.0, 0.0, 14.5, 96.0, 125.0, 96.0, 0.0, 0.0, 0.0, 1.741808570358207E9, 0.0, 2025-03-12 14:42:50.358
252.0, 17487.200199031853, -27617.189600132657, -42906.453359896346, -28426.210990692496, -25069.604822350124, 6441.526882830487, -37662.60000021458, 14103.369605942918, 4542.500322163144, -13609.93249534756, -34771.49126189843, -5450.383478448806, -36723.804381347225, -19514.414014150385, -18174.873968943833, 7545.837169389388, -0.1294305483958451, 0.9561724606499775, -0.16711679577943872, 192.0, 0.0, 0.0, 0.0, 0.0, 0.0, 0.0, 0.0, 0.0, 0.0, 1.741808570358223E9, 0.0, 2025-03-12 14:42:50.358
254.0, 17485.635576919984, -27613.32274834189, -42904.48640638428, -28409.402478862106, -25069.135435716562, 6464.504476130543, -37664.05286360417, 14100.486230908184, 4530.251566201636, -13624.595239710241, -34765.94802927352, -5429.574004360915, -36722.50798016882, -19514.793993806124, -18175.812742210954, 7533.007268072041, -0.1294305483958451, 0.9561724606499775, -0.16711679577943872, 192.0, 0.0, 0.0, 0.0, 0.0, 0.0, 0.0, 0.0, 0.0, 0.0, 1.741808570358238E9, 0.0, 2025-03-12 14:42:50.358
0.0, 17479.511198939228, -27603.30916682591, -42890.382455632986, -28435.10698498571, -25055.925554743477, 6419.353952330823, -37651.06650007564, 14108.957542056745, 4538.588766883465, -13609.798384880827, -34769.34549443072, -5451.5457691604815, -36714.416648676, -19507.417918135874, -18182.764134736557, 7542.01502108753, -0.1294305483958451, 0.9561724606499775, -0.16711679577943872, 192.0, 0.0, 0.0, 0.0, 0.0, 0.0, 0.0, 0.0, 0.0, 0.0, 1.741808570418866E9, 0.0, 2025-03-12 14:42:50.418
2.0, 17494.643329935472, -27609.07591689538, -42895.903336513446, -28406.76497301638, -25059.546537345235, 6467.141981976269, -37658.10729957906, 14110.36570195743, 4538.745229094652, -13607.496155201932, -34749.854773265695, -5418.9122222557335, -36704.939509026946, -19500.846505266014, -18169.084867129906, 7539.936308853186, -0.1294305483958451, 0.9561724606499775, -0.16711679577943872, 192.0, 0.0, 0.0, 0.0, 0.0, 0.0, 0.0, 0.0, 0.0, 0.0, 1.741808570418888E9, 0.0, 2025-03-12 14:42:50.418
4.0, 17461.9203760529, -27616.69786175464, -42897.95969700333, -28448.741549103448, -25061.804063535223, 6421.902051198727, -37658.10729957906, 14105.224800732709, 4529.737476079164, -13616.436852984054, -34782.24245098144, -5455.211455251152, -36722.910311569016, -19517.900886285413, -18190.56489355146, 7533.566061683424, -0.13271527419792256, 0.9540862303249888, -0.16855839788971938, 192.0, 125.5, 96.0, 14.5, 96.0, 125.0, 88.0, 0.0, 0.0, 0.0, 1.741808570418903E9, 0.0, 2025-03-12 14:42:50.418
6.0, 17487.311957754133, -27624.856248480828, -42905.335772673585, -28412.174095174563, -25070.297726428238, 6478.116688503825, -37664.18697407091, 14093.98187327169, 4519.254507929624, -13616.749777406429, -34768.69729384152, -5430.088094483387, -36713.679041108975, -19508.28963616963, -18184.88755045981, 7525.050047045952, -0.13271527419792256, 0.9540862303249888, -0.16855839788971938, 192.0, 0.0, 0.0, 0.0, 0.0, 0.0, 0.0, 0.0, 0.0, 0.0, 1.741808570418956E9, 0.0, 2025-03-12 14:42:50.418
8.0, 17446.69883807884, -27619.715347256108, -42899.01022899273, -28456.564659662803, -25064.106293214118, 6422.907879699216, -37656.07329083363, 14095.300626194552, 4530.139807479359, -13612.748815148929, -34777.034494523345, -5456.776077363023, -36722.351517957635, -19517.72207232977, -18192.442440085702, 7529.341581981371, -0.13271527419792256, 0.9540862303249888, -0.16855839788971938, 192.0, 0.0, 0.0, 0.0, 0.0, 0.0, 0.0, 0.0, 0.0, 0.0, 1.741808570418971E9, 0.0, 2025-03-12 14:42:50.418
10.0, 17475.152608770444, -27631.94175147316, -42903.167653461416, -28412.39761261912, -25065.603860092626, 6473.244008212568, -37661.862392647556, 14094.607722116438, 4517.958106751216, -13628.484443245465, -34770.55248863131, -5442.426257422717, -36714.6178143761, -19518.01264500769, -18181.31127134696, 7525.765302868522, -0.13271527419792256, 0.9540862303249888, -0.16855839788971938, 192.0, 0.0, 0.0, 0.0, 0.0, 0.0, 0.0, 0.0, 0.0, 0.0, 1.741808570418986E9, 0.0, 2025-03-12 14:42:50.418
12.0, 17424.660018045906, -27620.43060307868, -42900.999534249255, -28458.82218585279, -25064.665086825502, 6420.762112231507, -37660.36482576905, 14091.679643592794, 4530.206862712725, -13627.098635089236, -34782.98005854846, -5463.995690822088, -36729.548779672245, -19524.405243921905, -18191.905998218775, 7530.570927926413, -0.13271527419792256, 0.9540862303249888, -0.16855839788971938, 192.0, 0.0, 0.0, 0.0, 0.0, 0.0, 0.0, 0.0, 0.0, 0.0, 1.741808570419005E9, 0.0, 2025-03-12 14:42:50.419
14.0, 17483.020422818714, -27629.438356094168, -42905.80515930714, -28406.519103827373, -25066.85555778212, 6478.6531303707525, -37666.399796771984, 14091.567884870516, 4523.27782193158, -13627.232745555968, -34767.3561891742, -5447.500103414071, -36722.26211097981, -19512.223543193762, -18183.881721959322, 7535.488311706581, -0.13235763709896128, 0.9550431151624945, -0.1692791989448597, 192.0, 125.5, 112.0, 14.5, 112.0, 125.0, 88.0, 0.0, 0.0, 0.0, 1.741808570477835E9, 0.0, 2025-03-12 14:42:50.477
16.0, 17431.007913471214, -27628.030196193482, -42905.268717440216, -28463.448996955038, -25071.05768573972, 6426.104179156325, -37663.15879382596, 14088.751565069148, 4525.200071954736, -13631.211356069012, -34775.20165147801, -5465.135629789309, -36735.002605319336, -19526.64041836744, -18196.75632676558, 7532.582584927391, -0.13235763709896128, 0.9550431151624945, -0.1692791989448597, 192.0, 0.0, 0.0, 0.0, 0.0, 0.0, 0.0, 0.0, 0.0, 0.0, 1.741808570477872E9, 0.0, 2025-03-12 14:42:50.477
18.0, 17492.095231067568, -27627.76197526002, -42904.10642672854, -28411.637653307636, -25073.359915418616, 6479.994235038071, -37664.00816011526, 14089.846800547457, 4526.898804533339, -13627.232745555968, -34766.17154671807, -5454.093868028387, -36726.55364591523, -19520.113708986486, -18192.59890229689, 7529.498044192558, -0.13235763709896128, 0.9550431151624945, -0.1692791989448597, 192.0, 0.0, 0.0, 0.0, 0.0, 0.0, 0.0, 0.0, 0.0, 0.0, 1.741808570477887E9, 0.0, 2025-03-12 14:42:50.477
20.0, 17436.97582924078, -27618.597760033343, -42904.50875812874, -28460.05153179783, -25070.521243872794, 6439.403467107233, -37660.45423274687, 14092.88663779338, 4529.84923480144, -13624.50583273242, -34764.62927635065, -5455.457324440161, -36728.006509304825, -19521.34305493153, -18191.905998218775, 7535.1083320508405, -0.13235763709896128, 0.9550431151624945, -0.1692791989448597, 192.0, 0.0, 0.0, 0.0, 0.0, 0.0, 0.0, 0.0, 0.0, 0.0, 1.741808570477907E9, 0.0, 2025-03-12 14:42:50.477
22.0, 17493.235170034786, -27627.89608572675, -42911.66131635443, -28413.42579286406, -25069.76128456131, 6479.077813515403, -37669.618447973546, 14091.992568015166, 4518.1816241957695, -13632.217184569501, -34764.71868332847, -5454.406792450762, -36733.169762274, -19520.71720608678, -18191.861294729864, 7529.341581981371, -0.13235763709896128, 0.9550431151624945, -0.1692791989448597, 192.0, 0.0, 0.0, 0.0, 0.0, 0.0, 0.0, 0.0, 0.0, 0.0, 1.741808570477921E9, 0.0, 2025-03-12 14:42:50.477
24.0, 17432.460776860808, -27615.915550698704, -42916.82456932361, -28466.667648156603, -25071.661182840013, 6429.836920480361, -37666.332741538616, 14088.282178435586, 4525.155368465826, -13628.46209150101, -34768.63023860815, -5459.79356286449, -36729.124096527594, -19525.075796255565, -18194.49880057559, 7526.882890091288, -0.13017881854948066, 0.9575215575812472, -0.16363959947242984, 192.0, 126.0, 0.0, 15.0, 0.0, 125.5, 8.0, 0.0, 0.0, 0.0, 1.741808570477937E9, 0.0, 2025-03-12 14:42:50.477
26.0, 17495.98443460279, -27616.921379199193, -42914.701153600356, -28422.43354587955, -25066.00619149282, 6462.09048772937, -37665.148099082486, 14095.591198872471, 4520.550909108032, -13631.189004324557, -34775.06754101128, -5463.9286355887225, -36733.12505878509, -19522.795918321124, -18198.432707599724, 7526.458206946637, -0.13017881854948066, 0.9575215575812472, -0.16363959947242984, 192.0, 0.0, 0.0, 0.0, 0.0, 0.0, 0.0, 0.0, 0.0, 0.0, 1.741808570477953E9, 0.0, 2025-03-12 14:42:50.477
28.0, 17444.2177944443, -27610.975815174083, -42914.49998790026, -28459.64920039764, -25069.113083972108, 6434.6872490271635, -37656.00623560027, 14095.16651572782, 4531.391505168856, -13619.11906231869, -34768.13850023014, -5447.835379580901, -36730.241683750355, -19512.134136215944, -18195.102297675883, 7533.4095994722375, -0.13017881854948066, 0.9575215575812472, -0.16363959947242984, 192.0, 0.0, 0.0, 0.0, 0.0, 0.0, 0.0, 0.0, 0.0, 0.0, 1.741808570477972E9, 0.0, 2025-03-12 14:42:50.477
30.0, 17499.873638138015, -27613.054527408425, -42901.33481041608, -28416.309167898795, -25059.948868745432, 6456.435496382177, -37650.395947741985, 14102.877867564901, 4538.320545950001, -13612.905277360116, -34765.14336647312, -5452.350431960873, -36725.614872648104, -19509.407223392394, -18188.374422594836, 7541.8585588763435, -0.13017881854948066, 0.9575215575812472, -0.16363959947242984, 192.0, 0.0, 0.0, 0.0, 0.0, 0.0, 0.0, 0.0, 0.0, 0.0, 1.741808570538183E9, 0.0, 2025-03-12 14:42:50.538
32.0, 17442.876689776982, -27613.456858808622, -42908.66618259742, -28451.647275882635, -25070.990630506352, 6440.409295607722, -37656.09564257808, 14093.154858726843, 4529.1563307233255, -13618.001475095925, -34765.14336647312, -5439.766399832535, -36727.96180581592, -19503.931046000846, -18183.479390559125, 7535.153035539751, -0.13017881854948066, 0.9575215575812472, -0.16363959947242984, 192.0, 0.0, 0.0, 0.0, 0.0, 0.0, 0.0, 0.0, 0.0, 0.0, 1.741808570538204E9, 0.0, 2025-03-12 14:42:50.538
34.0, 17492.341100256577, -27609.791172717953, -42898.25026968125, -28416.53268534335, -25062.787540291258, 6446.265452655012, -37649.50187796377, 14106.901181566856, 4540.354554695435, -13610.64775117013, -34765.0539594953, -5454.384440706306, -36721.54685515724, -19506.948531502312, -18184.306405103973, 7539.779846642, -0.12808940927474033, 0.9597607787906236, -0.1618197997362149, 192.0, 126.0, 8.0, 15.0, 8.0, 125.5, 0.0, 0.0, 0.0, 0.0, 1.741808570538231E9, 0.0, 2025-03-12 14:42:50.538
36.0, 17450.923317780893, -27609.165323873203, -42906.028676751695, -28436.269275697385, -25068.95662176092, 6443.762057276018, -37654.374558255025, 14100.173306485809, 4538.812284328018, -13608.189059280046, -34751.57585758875, -5430.691591583681, -36714.08137250917, -19504.33337740104, -18180.46190505766, 7538.885776863787, -0.12808940927474033, 0.9597607787906236, -0.1618197997362149, 192.0, 0.0, 0.0, 0.0, 0.0, 0.0, 0.0, 0.0, 0.0, 0.0, 1.741808570538247E9, 0.0, 2025-03-12 14:42:50.538
38.0, 17477.32072798261, -27615.04383266495, -42899.9266505154, -28428.557923860306, -25066.274412426283, 6443.806760764928, -37659.38134901301, 14098.69809135176, 4531.302098191035, -13619.297876274333, -34766.46211939599, -5455.703193629169, -36721.45744817942, -19520.560743875594, -18194.49880057559, 7527.44168370267, -0.12808940927474033, 0.9597607787906236, -0.1618197997362149, 192.0, 0.0, 0.0, 0.0, 0.0, 0.0, 0.0, 0.0, 0.0, 0.0, 1.741808570538267E9, 0.0, 2025-03-12 14:42:50.538
40.0, 17443.524890366185, -27614.015652420003, -42904.03937149517, -28434.16821171859, -25069.62717409458, 6450.13230444578, -37656.140346067, 14097.692262851271, 4533.313755192013, -13615.095748316735, -34751.37469188865, -5425.818911292424, -36719.24462547834, -19501.852333766503, -18181.154809135773, 7527.620497658312, -0.12808940927474033, 0.9597607787906236, -0.1618197997362149, 192.0, 0.0, 0.0, 0.0, 0.0, 0.0, 0.0, 0.0, 0.0, 0.0, 1.741808570538282E9, 0.0, 2025-03-12 14:42:50.538
42.0, 17456.98064052828, -27624.789193247463, -42907.570947119115, -28427.306226170807, -25070.364781661607, 6444.27614739849, -37661.48241299181, 14105.604780388448, 4533.358458680923, -13614.872230872183, -34768.4067211636, -5455.144400017786, -36727.42536394899, -19513.0058542497, -18192.442440085702, 7531.621459915813, -0.12808940927474033, 0.9597607787906236, -0.1618197997362149, 192.0, 0.0, 0.0, 0.0, 0.0, 0.0, 0.0, 0.0, 0.0, 0.0, 1.741808570538297E9, 0.0, 2025-03-12 14:42:50.538
44.0, 17442.988448499258, -27619.402422833733, -42906.810987807636, -28428.24499943793, -25072.06351424021, 6462.001080751548, -37660.5883432136, 14101.112079752933, 4526.585880110965, -13623.79057690985, -34763.86931703917, -5433.329097429407, -36726.12896277058, -19513.38583390544, -18190.07315517344, 7522.233727244584, -0.12904470463737017, 0.9598803893953118, -0.15790989986810744, 192.0, 125.5, 120.0, 15.0, 0.0, 125.5, 24.0, 0.0, 0.0, 0.0, 1.741808570599855E9, 0.0, 2025-03-12 14:42:50.599
46.0, 17445.760064811715, -27623.22457113559, -42901.558327860635, -28441.76780483339, -25070.185967705962, 6427.333525101367, -37661.66122694746, 14098.675739607304, 4543.215577985714, -13616.79448089534, -34765.098662984215, -5456.060821540454, -36724.60904414762, -19514.0563862391, -18195.88460873182, 7526.413503457726, -0.12904470463737017, 0.9598803893953118, -0.15790989986810744, 192.0, 0.0, 0.0, 0.0, 0.0, 0.0, 0.0, 0.0, 0.0, 0.0, 1.741808570599914E9, 0.0, 2025-03-12 14:42:50.599
48.0, 17440.842681031547, -27624.163344402714, -42909.649659353454, -28425.942769759033, -25080.0207352663, 6460.7493830620515, -37669.327875295625, 14092.752527326647, 4533.403162169834, -13624.751701921428, -34753.92279075656, -5433.664373596236, -36718.81994233369, -19514.168144961375, -18190.520190062547, 7518.322171964905, -0.12904470463737017, 0.9598803893953118, -0.15790989986810744, 192.0, 0.0, 0.0, 0.0, 0.0, 0.0, 0.0, 0.0, 0.0, 0.0, 1.741808570599929E9, 0.0, 2025-03-12 14:42:50.599
50.0, 17425.48703259075, -27627.493754326555, -42909.2249762088, -28451.803738093822, -25072.354086918127, 6422.863176210306, -37660.72245368033, 14096.418213417319, 4538.18643548327, -13622.918858876094, -34771.46891015398, -5465.9849960786105, -36731.09105003966, -19519.532563630648, -18208.915675749264, 7514.947058552153, -0.12904470463737017, 0.9598803893953118, -0.15790989986810744, 192.0, 0.0, 0.0, 0.0, 0.0, 0.0, 0.0, 0.0, 0.0, 0.0, 1.741808570599955E9, 0.0, 2025-03-12 14:42:50.599
52.0, 17429.35388438152, -27642.13414694478, -42922.90424381546, -28424.71342381399, -25075.48333114187, 6472.215827967623, -37669.99842762929, 14089.73504182518, 4527.256432444624, -13626.472786244487, -34764.22694495046, -5439.341716687884, -36723.60321564713, -19510.211886192785, -18193.940006964207, 7506.207526470128, -0.12904470463737017, 0.9598803893953118, -0.15790989986810744, 192.0, 0.0, 0.0, 0.0, 0.0, 0.0, 0.0, 0.0, 0.0, 0.0, 1.74180857059997E9, 0.0, 2025-03-12 14:42:50.599
54.0, 17393.948721164314, -27637.932018987183, -42919.953813547356, -28462.35376147673, -25074.946889274943, 6426.215937878602, -37667.49503225029, 14091.50082963715, 4528.776351067585, -13633.692399703552, -34782.845948081726, -5477.384385750817, -36735.58375067518, -19526.19338347833, -18206.97107398165, 7504.10646249133, -0.1325223523186851, 0.9599401946976559, -0.15995494993405374, 192.0, 125.5, 96.0, 15.0, 0.0, 125.0, 120.0, 0.0, 0.0, 0.0, 1.741808570599989E9, 0.0, 2025-03-12 14:42:50.599
56.0, 17424.30239013462, -27637.86496375382, -42920.93729030339, -28419.48311561145, -25076.10917998662, 6474.115726246325, -37669.08200610662, 14091.41142265933, 4525.669458588298, -13632.306591547322, -34771.06657875378, -5451.769286605035, -36725.32429997019, -19516.179801962353, -18193.247102886093, 7507.079244503885, -0.1325223523186851, 0.9599401946976559, -0.15995494993405374, 192.0, 0.0, 0.0, 0.0, 0.0, 0.0, 0.0, 0.0, 0.0, 0.0, 1.741808570600011E9, 0.0, 2025-03-12 14:42:50.600
58.0, 17389.187799595333, -27620.43060307868, -42906.6768773409, -28461.035008553867, -25063.256926924816, 6416.939963929649, -37653.748709410276, 14099.346291940963, 4538.61111862792, -13616.772129150884, -34778.375599190666, -5470.008310080566, -36726.464238937406, -19519.19728746382, -18201.494896590102, 7516.53403240848, -0.1325223523186851, 0.9599401946976559, -0.15995494993405374, 192.0, 0.0, 0.0, 0.0, 0.0, 0.0, 0.0, 0.0, 0.0, 0.0, 1.741808570600029E9, 0.0, 2025-03-12 14:42:50.600
60.0, 17436.59584958504, -27631.09238518386, -42908.42031340842, -28409.08955443973, -25063.43574088046, 6471.768793078518, -37658.286113534705, 14099.83803031898, 4539.885168061873, -13616.928591362072, -34760.136575715136, -5443.320327200929, -36705.99004101635, -19502.411127377884, -18182.473562058636, 7522.770169111511, -0.1325223523186851, 0.9599401946976559, -0.15995494993405374, 192.0, 0.0, 0.0, 0.0, 0.0, 0.0, 0.0, 0.0, 0.0, 0.0, 1.741808570666152E9, 0.0, 2025-03-12 14:42:50.666
62.0, 17370.88172088644, -27637.23911490907, -42920.356144947546, -28465.97474407849, -25077.070304998197, 6425.3665715893, -37667.42797701692, 14090.36089066993, 4526.787045811063, -13628.08211184527, -34785.84108183874, -5472.332891503917, -36734.80143961924, -19517.476203140763, -18202.7465942796, 7511.43783467267, -0.1325223523186851, 0.9599401946976559, -0.15995494993405374, 192.0, 0.0, 0.0, 0.0, 0.0, 0.0, 0.0, 0.0, 0.0, 0.0, 1.741808570666174E9, 0.0, 2025-03-12 14:42:50.666
64.0, 17423.92241047888, -27644.302266156945, -42913.24829021076, -28416.42092662107, -25069.76128456131, 6470.762964578029, -37662.82351765913, 14094.652425605349, 4520.4167986413, -13631.501928746931, -34775.49222415593, -5462.855751854868, -36725.39135520355, -19513.38583390544, -18202.098393690398, 7510.297895705449, -0.134, 0.9580000000000001, -0.166, 192.0, 125.5, 104.0, 14.5, 120.0, 125.0, 104.0, 0.0, 0.0, 0.0, 1.74180857066619E9, 0.0, 2025-03-12 14:42:50.666
66.0, 17362.656278926883, -27640.413062621723, -42911.124874487505, -28461.92907833208, -25070.923575272987, 6419.979801175571, -37659.269590290736, 14090.539704625573, 4532.106760991426, -13625.377550766178, -34780.09668351372, -5471.662339170259, -36722.619738891095, -19512.558819360594, -18202.165448923763, 7521.518471422014, -0.134, 0.9580000000000001, -0.166, 192.0, 0.0, 0.0, 0.0, 0.0, 0.0, 0.0, 0.0, 0.0, 0.0, 1.741808570666207E9, 0.0, 2025-03-12 14:42:50.666
68.0, 17421.575477311075, -27642.916458000716, -42903.74879881726, -28410.408307362595, -25062.228746679873, 6468.684252343685, -37660.00719785776, 14095.07710875, 4518.718066062697, -13634.899393904137, -34778.97909629096, -5463.950987333177, -36719.71401211191, -19514.72693857276, -18199.41618435576, 7513.740064351567, -0.134, 0.9580000000000001, -0.166, 192.0, 0.0, 0.0, 0.0, 0.0, 0.0, 0.0, 0.0, 0.0, 0.0, 1.741808570666222E9, 0.0, 2025-03-12 14:42:50.666
70.0, 17368.490084229717, -27645.598667335355, -42913.024772766206, -28466.377075478686, -25074.075171241187, 6423.779597732973, -37670.244296818295, 14083.87888477789, 4531.927947035783, -13625.2657920439, -34777.83915732374, -5463.74982163308, -36714.93073879847, -19509.854258281503, -18197.11395467686, 7515.885831819276, -0.134, 0.9580000000000001, -0.166, 192.0, 0.0, 0.0, 0.0, 0.0, 0.0, 0.0, 0.0, 0.0, 0.0, 1.74180857066625E9, 0.0, 2025-03-12 14:42:50.666
72.0, 17430.002084970725, -27649.80079529295, -42908.3756099195, -28415.973891731966, -25068.800159549734, 6467.566665120919, -37671.96538114135, 14083.744774311159, 4517.622830584387, -13640.084998617769, -34786.86926208368, -5473.472830471138, -36721.83742783516, -19523.33236018805, -18211.50847810608, 7500.329017678383, -0.134, 0.9580000000000001, -0.166, 192.0, 0.0, 0.0, 0.0, 0.0, 0.0, 0.0, 0.0, 0.0, 0.0, 1.741808570666265E9, 0.0, 2025-03-12 14:42:50.666
74.0, 17363.460941727273, -27639.630751565786, -42911.03546750969, -28460.833842853768, -25073.29286018525, 6428.60757453532, -37667.5397357392, 14080.146143453854, 4526.854101044429, -13634.228841570479, -34783.44944518202, -5466.007347823066, -36720.58573014566, -19521.946552031823, -18210.145021694305, 7503.972352024598, -0.132, 0.968, -0.16, 192.0, 125.5, 112.0, 15.0, 32.0, 125.5, 0.0, 0.0, 0.0, 0.0, 1.741808570717493E9, 0.0, 2025-03-12 14:42:50.717
76.0, 17418.088605176046, -27644.078748712393, -42899.9266505154, -28420.7571650454, -25060.887642012556, 6454.870874270306, -37660.45423274687, 14090.830277303492, 4528.776351067585, -13634.184138081568, -34774.374636933164, -5468.577798435426, -36722.82090459119, -19514.570476361572, -18209.362710638372, 7505.425215414192, -0.132, 0.968, -0.16, 192.0, 0.0, 0.0, 0.0, 0.0, 0.0, 0.0, 0.0, 0.0, 0.0, 1.741808570717524E9, 0.0, 2025-03-12 14:42:50.717
78.0, 17363.080962071534, -27639.496641099053, -42903.94996451736, -28462.44316845455, -25064.083941469664, 6426.12653090078, -37660.387177513505, 14091.031443003589, 4535.973612782194, -13633.446530514542, -34769.0549217528, -5460.911150087256, -36718.59642488914, -19519.86783979748, -18204.22180941365, 7513.561250395925, -0.132, 0.968, -0.16, 192.0, 0.0, 0.0, 0.0, 0.0, 0.0, 0.0, 0.0, 0.0, 0.0, 1.741808570717539E9, 0.0, 2025-03-12 14:42:50.717
80.0, 17419.027378443167, -27634.288684640967, -42890.874194011, -28416.711499298992, -25054.00330472032, 6446.9583567331265, -37651.35707275356, 14105.35891119944, 4543.483798919177, -13626.293972288844, -34761.61179084919, -5465.962644334155, -36715.2660149653, -19513.22937169425, -18200.93610297872, 7519.6185731433125, -0.132, 0.968, -0.16, 192.0, 0.0, 0.0, 0.0, 0.0, 0.0, 0.0, 0.0, 0.0, 0.0, 1.741808570717554E9, 0.0, 2025-03-12 14:42:50.717
82.0, 17359.81760738106, -27635.965065475117, -42907.9285750304, -28443.19831647853, -25069.269546183295, 6441.817455508406, -37661.21419205835, 14093.378376171397, 4540.980403540183, -13631.434873513565, -34760.51655537088, -5450.31642321544, -36720.093991767644, -19512.983502505245, -18189.067326672954, 7521.004381299542, -0.132, 0.968, -0.16, 192.0, 0.0, 0.0, 0.0, 0.0, 0.0, 0.0, 0.0, 0.0, 0.0, 1.741808570717573E9, 0.0, 2025-03-12 14:42:50.717
84.0, 17395.938026420838, -27644.83870802387, -42905.44753139586, -28421.33831040124, -25064.374514147585, 6453.105086458336, -37663.49406999279, 14091.947864526257, 4533.2690517031015, -13638.878004417182, -34775.20165147801, -5476.266798528051, -36732.78978261826, -19521.05248225361, -18205.093527447407, 7516.645791130757, -0.134, 0.964, -0.162, 192.0, 125.5, 104.0, 15.0, 16.0, 125.0, 120.0, 0.0, 0.0, 0.0, 1.741808570717588E9, 0.0, 2025-03-12 14:42:50.717
86.0, 17352.32977298853, -27631.4723648396, -42893.98108649029, -28442.170136233588, -25058.272487911283, 6437.414161850711, -37652.9887500988, 14093.154858726843, 4529.603365612432, -13643.929498664082, -34768.093796741225, -5461.782868121013, -36728.27473023829, -19520.71720608678, -18197.829210499433, 7513.449491673648, -0.134, 0.964, -0.162, 192.0, 0.0, 0.0, 0.0, 0.0, 0.0, 0.0, 0.0, 0.0, 0.0, 1.741808570717604E9, 0.0, 2025-03-12 14:42:50.717
88.0, 17382.750497192206, -27632.165268917714, -42886.20267941984, -28423.126449957665, -25048.080092439664, 6430.708638514118, -37645.34445349508, 14103.749585598658, 4551.910406578828, -13624.125853076679, -34763.44463389452, -5473.830458382423, -36712.896730053035, -19512.402357149407, -18188.88851271731, 7532.806102371944, -0.134, 0.964, -0.162, 192.0, 0.0, 0.0, 0.0, 0.0, 0.0, 0.0, 0.0, 0.0, 0.0, 1.741808570775979E9, 0.0, 2025-03-12 14:42:50.775
90.0, 17350.407522965375, -27640.256600410536, -42903.25706043924, -28431.173077961575, -25063.86042402511, 6445.1925689211575, -37658.777851912724, 14088.237474946676, 4541.427438429289, -13630.585507224263, -34756.94027625803, -5447.231882480608, -36715.154256243026, -19506.255627424198, -18185.535751049014, 7521.853747588843, -0.134, 0.964, -0.162, 192.0, 0.0, 0.0, 0.0, 0.0, 0.0, 0.0, 0.0, 0.0, 0.0, 1.741808570776E9, 0.0, 2025-03-12 14:42:50.776
92.0, 17366.657241184384, -27639.65310331024, -42895.09867371305, -28430.882505283655, -25059.166557689496, 6431.915632714705, -37657.034415845206, 14092.372547670908, 4534.565452881509, -13637.22397532749, -34778.53206140186, -5483.79933640949, -36730.6216634061, -19518.750252574715, -18205.65232105879, 7511.05785501693, -0.134, 0.964, -0.162, 192.0, 0.0, 0.0, 0.0, 0.0, 0.0, 0.0, 0.0, 0.0, 0.0, 1.741808570776027E9, 0.0, 2025-03-12 14:42:50.776
94.0, 17358.2976887581, -27644.525783601497, -42904.66522033992, -28424.445202880528, -25069.62717409458, 6465.555008119943, -37666.71272119436, 14092.908989537835, 4533.827845314485, -13634.586469481763, -34758.862526281184, -5452.9539290611665, -36713.813151575705, -19508.691967569826, -18194.051765686487, 7513.851823073844, -0.134, 0.964, -0.162, 192.0, 125.5, 104.0, 15.0, 16.0, 125.0, 120.0, 0.0, 0.0, 0.0, 1.741808570776043E9, 0.0, 2025-03-12 14:42:50.776
96.0, 17363.282127771632, -27629.527763071987, -42890.13658644397, -28434.0117495074, -25056.61845882159, 6437.101237428336, -37653.055805332166, 14105.493021666172, 4535.392467426356, -13635.122911348692, -34777.190956734536, -5486.861525399867, -36728.47589593838, -19518.683197341346, -18204.422975113746, 7514.969410296609, -0.134, 0.964, -0.162, 192.0, 0.0, 0.0, 0.0, 0.0, 0.0, 0.0, 0.0, 0.0, 0.0, 1.741808570776058E9, 0.0, 2025-03-12 14:42:50.776
98.0, 17366.612537695473, -27625.549152558942, -42895.29983941315, -28405.088592182234, -25060.53001410127, 6476.149734991758, -37655.559200711155, 14105.045986777066, 4543.170874496803, -13612.748815148929, -34750.614732577174, -5443.230920223108, -36713.23200621987, -19489.491819082716, -18182.518265547547, 7531.48734944908, -0.134, 0.964, -0.162, 192.0, 0.0, 0.0, 0.0, 0.0, 0.0, 0.0, 0.0, 0.0, 0.0, 1.741808570776078E9, 0.0, 2025-03-12 14:42:50.776
100.0, 17347.9935345642, -27629.907742727726, -42889.667199810414, -28438.19152572054, -25057.780749533267, 6427.110007656814, -37650.30654076416, 14104.55424839905, 4544.288461719569, -13617.308571017811, -34769.09962524172, -5475.395080494294, -36719.15521850052, -19503.640473322925, -18200.51141983407, 7526.100579035352, -0.134, 0.964, -0.162, 192.0, 0.0, 0.0, 0.0, 0.0, 0.0, 0.0, 0.0, 0.0, 0.0, 1.741808570776094E9, 0.0, 2025-03-12 14:42:50.776
102.0, 17360.86813937046, -27643.207030678637, -42901.04423773816, -28407.81550500578, -25068.71075257191, 6473.221656468112, -37659.2919420352, 14098.608684373938, 4529.4692551457, -13626.964524622505, -34759.01898849237, -5446.65073712477, -36721.63626213506, -19503.282845411642, -18194.31998661995, 7514.254154474039, -0.134, 0.964, -0.162, 192.0, 0.0, 0.0, 0.0, 0.0, 0.0, 0.0, 0.0, 0.0, 0.0, 1.741808570776109E9, 0.0, 2025-03-12 14:42:50.776
104.0, 17334.314266957554, -27630.46653633911, -42893.176423689896, -28434.369377418683, -25063.592203091648, 6428.831091979872, -37653.54754371018, 14104.911876310334, 4540.555720395532, -13624.215260054501, -34773.52527064386, -5472.578760692926, -36731.62749190658, -19513.207019949798, -18208.133364693327, 7518.903317320743, -0.134, 0.964, -0.16, 192.0, 125.5, 104.0, 15.0, 16.0, 125.5, 0.0, 0.0, 0.0, 0.0, 1.741808570834814E9, 0.0, 2025-03-12 14:42:50.834
106.0, 17369.2500435412, -27634.601609063342, -42901.15599646044, -28394.784437988335, -25068.464883382905, 6480.597732138363, -37660.96832286934, 14099.390995429874, 4539.751057595141, -13622.985914109458, -34755.442709379524, -5442.247443467074, -36721.1668755015, -19506.85912452449, -18201.293730890004, 7519.216241743117, -0.134, 0.964, -0.16, 192.0, 0.0, 0.0, 0.0, 0.0, 0.0, 0.0, 0.0, 0.0, 0.0, 1.741808570834833E9, 0.0, 2025-03-12 14:42:50.834
108.0, 17324.211278463757, -27629.773632260996, -42894.83045277959, -28444.606476379216, -25057.37841813307, 6428.920498957694, -37648.83132563011, 14096.50762039514, 4544.199054741747, -13627.702132189528, -34769.144328730625, -5472.712871159658, -36732.543913429254, -19514.257551939198, -18207.21694317066, 7519.417407443215, -0.134, 0.964, -0.16, 192.0, 0.0, 0.0, 0.0, 0.0, 0.0, 0.0, 0.0, 0.0, 0.0, 1.741808570834849E9, 0.0, 2025-03-12 14:42:50.834
110.0, 17370.702906930794, -27636.836783508872, -42887.87906025399, -28400.23826363543, -25051.879888997068, 6480.396566438266, -37651.26766577574, 14099.256884963143, 4539.594595383954, -13628.193870567546, -34745.20561041899, -5452.439838938694, -36717.50118941083, -19508.133173958442, -18187.234483627617, 7527.642849402768, -0.134, 0.964, -0.16, 192.0, 0.0, 0.0, 0.0, 0.0, 0.0, 0.0, 0.0, 0.0, 0.0, 1.741808570834864E9, 0.0, 2025-03-12 14:42:50.834
112.0, 17312.09663296898, -27633.662835796218, -42883.98985671876, -28452.83191833877, -25048.750644773325, 6428.339353601856, -37645.65737791746, 14097.22287621771, 4539.32637445049, -13628.707960690017, -34759.153098959105, -5473.428126982228, -36723.55851215822, -19515.9562845178, -18193.940006964207, 7529.810968614933, -0.134, 0.964, -0.16, 192.0, 0.0, 0.0, 0.0, 0.0, 0.0, 0.0, 0.0, 0.0, 0.0, 1.741808570834878E9, 0.0, 2025-03-12 14:42:50.834
114.0, 17361.67280217085, -27656.551022118452, -42893.95873474583, -28396.34906010021, -25058.49600535584, 6496.5568776794535, -37656.967360611845, 14096.50762039514, 4529.201034212236, -13634.98880088196, -34752.246409922416, -5461.067612298442, -36720.71984061239, -19511.038900737633, -18192.196570896696, 7527.911070336231, -0.132, 0.962, -0.162, 192.0, 125.5, 112.0, 15.0, 8.0, 125.0, 120.0, 0.0, 0.0, 0.0, 1.741808570834902E9, 0.0, 2025-03-12 14:42:50.834
116.0, 17291.868304236927, -27644.27991441249, -42890.29304865516, -28455.558831162314, -25056.216127421398, 6436.385981605767, -37651.379424498016, 14092.1266784819, 4529.044572001048, -13643.147187608147, -34769.34549443072, -5482.972321864644, -36737.573055931694, -19526.260438711695, -18207.55221933749, 7517.875137075799, -0.132, 0.962, -0.162, 192.0, 0.0, 0.0, 0.0, 0.0, 0.0, 0.0, 0.0, 0.0, 0.0, 1.741808570834918E9, 0.0, 2025-03-12 14:42:50.834
118.0, 17362.63392718243, -27650.784272048986, -42887.40967362043, -28398.42777233455, -25049.42119710698, 6481.916485061227, -37651.02179658673, 14097.602855873449, 4540.287499462068, -13625.757530421917, -34750.25710466589, -5459.2347692531075, -36713.34376494215, -19514.81634555058, -18193.6941377752, 7533.208433772139, -0.132, 0.962, -0.162, 192.0, 0.0, 0.0, 0.0, 0.0, 0.0, 0.0, 0.0, 0.0, 0.0, 1.741808570893611E9, 0.0, 2025-03-12 14:42:50.893
120.0, 17292.963539715238, -27641.351835888843, -42888.68372305438, -28456.385845707162, -25054.15976693151, 6433.055571681925, -37649.50187796377, 14085.868190034413, 4536.107723248926, -13636.352257293733, -34766.05978799579, -5471.7964496369905, -36728.69941338294, -19523.9582090328, -18208.803917026988, 7518.366875453816, -0.132, 0.962, -0.162, 192.0, 0.0, 0.0, 0.0, 0.0, 0.0, 0.0, 0.0, 0.0, 0.0, 1.741808570893638E9, 0.0, 2025-03-12 14:42:50.893
122.0, 17357.828302124537, -27656.23809769608, -42892.43881612287, -28402.227568891954, -25056.327886143674, 6477.356729192345, -37660.43188100241, 14086.896370279357, 4538.94639479475, -13634.005324125925, -34751.70996805548, -5460.687632642703, -36722.977366802384, -19508.200229191807, -18200.913751234264, 7520.959677810631, -0.132, 0.962, -0.162, 192.0, 0.0, 0.0, 0.0, 0.0, 0.0, 0.0, 0.0, 0.0, 0.0, 1.741808570893658E9, 0.0, 2025-03-12 14:42:50.893
124.0, 17284.626339033406, -27652.326542416402, -42896.931516758385, -28453.658932883613, -25062.944002502445, 6439.403467107233, -37660.16366006895, 14077.083954463478, 4531.793836569052, -13641.2696410739, -34760.38244490414, -5466.409679223261, -36732.29804424025, -19522.840621810035, -18211.866106017365, 7508.86738406031, -0.13, 0.962, -0.162, 192.0, 125.5, 120.0, 15.0, 8.0, 125.0, 120.0, 0.0, 0.0, 0.0, 1.741808570893674E9, 0.0, 2025-03-12 14:42:50.893
126.0, 17330.76033958916, -27658.98736226408, -42898.98787724828, -28409.84951375121, -25061.178214690473, 6478.586075137387, -37664.76811942674, 14081.017861487611, 4523.747208565141, -13640.666143973607, -34766.59622986272, -5470.477696714127, -36730.398145961546, -19524.472299155274, -18212.491954862115, 7504.374683424793, -0.13, 0.962, -0.162, 192.0, 0.0, 0.0, 0.0, 0.0, 0.0, 0.0, 0.0, 0.0, 0.0, 1.741808570893695E9, 0.0, 2025-03-12 14:42:50.893
128.0, 17275.573882529006, -27628.209010149123, -42888.10257769854, -28446.171098491086, -25048.795348262232, 6439.89520548525, -37646.484392462306, 14093.55719012704, 4534.699563348242, -13628.484443245465, -34763.84696529472, -5455.636138395803, -36725.19018950345, -19517.409147907394, -18211.016739728064, 7512.644828873257, -0.13, 0.962, -0.162, 192.0, 0.0, 0.0, 0.0, 0.0, 0.0, 0.0, 0.0, 0.0, 0.0, 1.74180857089371E9, 0.0, 2025-03-12 14:42:50.893
130.0, 17331.18502273381, -27643.00586497854, -42885.196850919354, -28398.316013612275, -25047.029560450264, 6470.718261089118, -37647.40081398497, 14106.632960633393, 4552.04451704556, -13609.530163947364, -34752.33581690023, -5456.4184494517385, -36717.92587255548, -19496.599673819503, -18202.45602160168, 7531.152073282251, -0.13, 0.962, -0.162, 192.0, 0.0, 0.0, 0.0, 0.0, 0.0, 0.0, 0.0, 0.0, 0.0, 1.741808570893725E9, 0.0, 2025-03-12 14:42:50.893
132.0, 17270.18711211528, -27647.833841780885, -42900.574851104604, -28439.018540265388, -25067.28024092677, 6461.621101095808, -37665.39396827149, 14087.991605757667, 4530.765656324107, -13634.139434592658, -34762.05882573829, -5450.1376092597975, -36734.46616345241, -19509.876610025956, -18209.385062382826, 7515.7964248414555, -0.13, 0.962, -0.162, 192.0, 0.0, 0.0, 0.0, 0.0, 0.0, 0.0, 0.0, 0.0, 0.0, 1.74180857089374E9, 0.0, 2025-03-12 14:42:50.893
134.0, 17314.018882992135, -27651.454824382643, -42895.456301624334, -28418.43258362205, -25059.568889089693, 6463.0963162298585, -37660.85656414706, 14094.07128024951, 4533.313755192013, -13630.160824079612, -34768.78670081934, -5469.024833324532, -36733.08035529618, -19516.51507812918, -18214.83888802992, 7515.662314374723, -0.136, 0.962, -0.16, 192.0, 125.5, 96.0, 15.0, 8.0, 125.5, 0.0, 0.0, 0.0, 0.0, 1.741808570954038E9, 0.0, 2025-03-12 14:42:50.954
136.0, 17279.284272108587, -27646.962123747126, -42903.39117090597, -28440.784328077356, -25067.839034538156, 6460.592920850864, -37663.00233161478, 14091.098498236955, 4526.362362666412, -13635.927574149082, -34761.88001178265, -5450.919920315733, -36731.56043667322, -19512.29059842713, -18207.306350148483, 7510.029674771986, -0.136, 0.962, -0.16, 192.0, 0.0, 0.0, 0.0, 0.0, 0.0, 0.0, 0.0, 0.0, 0.0, 1.741808570954094E9, 0.0, 2025-03-12 14:42:50.954
138.0, 17321.596124362484, -27646.13510920228, -42901.066589482616, -28425.272217425376, -25065.380342648074, 6463.319833674412, -37660.40952925796, 14093.177210471298, 4529.08927548996, -13636.151091593634, -34771.535965387346, -5479.865429385356, -36736.120192542105, -19519.62197060847, -18219.823327043454, 7512.6895323621675, -0.136, 0.962, -0.16, 192.0, 0.0, 0.0, 0.0, 0.0, 0.0, 0.0, 0.0, 0.0, 0.0, 1.74180857095411E9, 0.0, 2025-03-12 14:42:50.954
140.0, 17305.122888698923, -27637.86496375382, -42899.814891793125, -28427.887371526645, -25067.28024092677, 6477.312025703433, -37658.286113534705, 14097.245227962165, 4533.0902377474595, -13630.518451990898, -34760.85183153771, -5451.657527882759, -36722.44092493545, -19510.502458870706, -18206.45698385918, 7515.081169018886, -0.136, 0.962, -0.16, 192.0, 0.0, 0.0, 0.0, 0.0, 0.0, 0.0, 0.0, 0.0, 0.0, 1.741808570954125E9, 0.0, 2025-03-12 14:42:50.954
142.0, 17333.2413832237, -27644.19050743467, -42896.9762202473, -28425.138106958642, -25064.307458914216, 6466.896112787261, -37660.72245368033, 14100.93326579729, 4545.540159409065, -13621.622457697686, -34764.91984902857, -5476.289150272507, -36730.04051805026, -19513.43053739435, -18209.832097271934, 7530.325058737405, -0.136, 0.962, -0.16, 192.0, 0.0, 0.0, 0.0, 0.0, 0.0, 0.0, 0.0, 0.0, 0.0, 1.74180857095415E9, 0.0, 2025-03-12 14:42:50.954
144.0, 17340.975086805236, -27641.262428911024, -42895.43394987988, -28421.271255167874, -25063.34633390264, 6484.1740112512125, -37665.46102350486, 14093.490134893673, 4534.587804625965, -13639.526205006387, -34758.21432569198, -5454.138571517297, -36731.87336109559, -19521.611275864994, -18198.857390744375, 7525.944116824165, -0.134, 0.96, -0.164, 192.0, 125.5, 104.0, 15.0, 0.0, 125.0, 112.0, 0.0, 0.0, 0.0, 1.741808570954164E9, 0.0, 2025-03-12 14:42:50.954
146.0, 17366.90311037339, -27638.89314399876, -42889.91306899942, -28420.33248190075, -25059.27831641177, 6456.636662082275, -37661.90709613646, 14098.832201818492, 4554.190284513269, -13627.880946145171, -34759.5554303593, -5475.886818872312, -36730.28638723927, -19516.76094731819, -18197.31512037696, 7536.918823351721, -0.134, 0.96, -0.164, 192.0, 0.0, 0.0, 0.0, 0.0, 0.0, 0.0, 0.0, 0.0, 0.0, 1.741808570954181E9, 0.0, 2025-03-12 14:42:50.954
148.0, 17391.53473276314, -27635.51803058601, -42892.79644403415, -28399.970042701967, -25055.076188454175, 6484.755156607051, -37659.85073564658, 14096.284102950587, 4551.128095522892, -13631.121949091192, -34741.29405513931, -5442.001574278066, -36718.641128378054, -19506.590903591026, -18180.618367268846, 7541.702096665156, -0.134, 0.96, -0.164, 192.0, 0.0, 0.0, 0.0, 0.0, 0.0, 0.0, 0.0, 0.0, 0.0, 1.741808571022729E9, 0.0, 2025-03-12 14:42:51.022
150.0, 17393.144058363923, -27628.678396782685, -42893.4222928789, -28429.18377270505, -25056.909031499512, 6448.120647444803, -37662.35413102557, 14091.947864526257, 4560.158200282836, -13625.198736810535, -34756.04620647981, -5467.124935045831, -36723.4691051804, -19514.324607172563, -18188.419126083747, 7541.456227476147, -0.134, 0.96, -0.164, 192.0, 0.0, 0.0, 0.0, 0.0, 0.0, 0.0, 0.0, 0.0, 0.0, 1.74180857102275E9, 0.0, 2025-03-12 14:42:51.022
152.0, 17432.30431464962, -27631.494716584053, -42896.462130124826, -28400.48413282444, -25062.407560635515, 6493.338226477889, -37666.01981711624, 14089.667986591816, 4547.127133265392, -13626.673951944585, -34742.16577317307, -5438.291184698485, -36719.624605134086, -19506.85912452449, -18184.485219059614, 7535.153035539751, -0.134, 0.96, -0.164, 192.0, 0.0, 0.0, 0.0, 0.0, 0.0, 0.0, 0.0, 0.0, 0.0, 1.741808571022766E9, 0.0, 2025-03-12 14:42:51.022
154.0, 17417.820384242583, -27616.742565243552, -42885.554478830636, -28433.832935551756, -25052.48338609736, 6436.408333350222, -37653.27932277672, 14096.060585506033, 4560.113496793926, -13623.701169932028, -34751.665264566574, -5459.011251808554, -36726.397183704044, -19505.920351257366, -18185.669861515744, 7546.284204278494, -0.136, 0.96, -0.16, 192.0, 125.5, 96.0, 15.0, 0.0, 125.5, 0.0, 0.0, 0.0, 0.0, 1.74180857102278E9, 0.0, 2025-03-12 14:42:51.022
156.0, 17455.93010853888, -27637.552039331444, -42895.03161847968, -28388.90592919659, -25055.8137960212, 6488.979636309104, -37660.9906746138, 14093.668948849316, 4556.939549081272, -13613.821698882783, -34734.767345758366, -5421.661486823737, -36713.679041108975, -19493.246912151208, -18164.234538583107, 7551.7827334144995, -0.136, 0.96, -0.16, 192.0, 0.0, 0.0, 0.0, 0.0, 0.0, 0.0, 0.0, 0.0, 0.0, 1.741808571022796E9, 0.0, 2025-03-12 14:42:51.022
158.0, 17403.71643349128, -27633.93105672968, -42901.8265487941, -28442.34895018923, -25062.452264124426, 6439.582281062875, -37662.421186258936, 14090.584408114482, 4548.021203043604, -13632.4183502696, -34763.10935772769, -5457.580740163415, -36739.204733276936, -19512.29059842713, -18183.54644579249, 7536.918823351721, -0.136, 0.96, -0.16, 192.0, 0.0, 0.0, 0.0, 0.0, 0.0, 0.0, 0.0, 0.0, 0.0, 1.74180857102282E9, 0.0, 2025-03-12 14:42:51.022
160.0, 17464.490826665264, -27624.45391708063, -42887.499080598245, -28383.98854541642, -25048.258906395306, 6479.033110026492, -37651.40177624247, 14104.777765843603, 4559.018261315616, -13623.477652487476, -34744.42329936306, -5433.351449173862, -36721.70331736843, -19502.455830866795, -18168.056686884964, 7547.133570567796, -0.136, 0.96, -0.16, 192.0, 0.0, 0.0, 0.0, 0.0, 0.0, 0.0, 0.0, 0.0, 0.0, 1.741808571022835E9, 0.0, 2025-03-12 14:42:51.022
162.0, 17413.39473884043, -27620.94469320115, -42895.23278417978, -28433.005921006912, -25058.227784422375, 6436.676554283686, -37655.06746233314, 14097.960483784735, 4567.400165486356, -13614.581658194264, -34748.35720638719, -5443.275623712018, -36722.88795982456, -19496.19734241931, -18175.008079410563, 7557.1248003393175, -0.136, 0.96, -0.16, 192.0, 0.0, 0.0, 0.0, 0.0, 0.0, 0.0, 0.0, 0.0, 0.0, 1.74180857102285E9, 0.0, 2025-03-12 14:42:51.022
164.0, 17473.140951769466, -27629.03602469397, -42893.511699856725, -28386.313126839774, -25050.739950029845, 6490.387796209789, -37654.64277918849, 14102.810812331536, 4563.153334039847, -13619.968428607992, -34735.929636470035, -5431.518606128527, -36712.78497133076, -19496.33145288604, -18172.661146242757, 7555.403716016259, -0.13, 0.964, -0.158, 192.0, 125.5, 120.0, 15.0, 16.0, 125.5, 8.0, 0.0, 0.0, 0.0, 1.741808571073887E9, 0.0, 2025-03-12 14:42:51.073
166.0, 17409.34907309402, -27619.00009143354, -42891.65650506694, -28445.34408394624, -25050.20350816292, 6434.240214138057, -37655.11216582205, 14096.284102950587, 4567.4225172308115, -13624.952867621527, -34748.245447664915, -5447.678917369713, -36722.66444238001, -19512.759985060693, -18178.517303290046, 7555.8283991609105, -0.13, 0.964, -0.158, 192.0, 0.0, 0.0, 0.0, 0.0, 0.0, 0.0, 0.0, 0.0, 0.0, 1.741808571073938E9, 0.0, 2025-03-12 14:42:51.073
168.0, 17466.390724943965, -27626.845553737352, -42892.327057400595, -28387.9001006961, -25048.750644773325, 6481.715319361129, -37656.542677467194, 14099.592161129971, 4563.1980375287585, -13628.439739756554, -34739.48356383843, -5437.151245731264, -36716.00362253233, -19501.71822329977, -18174.203416610173, 7551.82743690341, -0.13, 0.964, -0.158, 192.0, 0.0, 0.0, 0.0, 0.0, 0.0, 0.0, 0.0, 0.0, 0.0, 1.741808571073953E9, 0.0, 2025-03-12 14:42:51.073
170.0, 17394.3063490756, -27630.4218328502, -42902.25123193875, -28450.842613082244, -25057.311362899705, 6435.111932171814, -37662.53294498121, 14086.35992841243, 4560.471124705211, -13629.467920001498, -34751.93348550004, -5444.437914423695, -36724.1173057696, -19512.603522849506, -18176.97503292263, 7542.327945509905, -0.13, 0.964, -0.158, 192.0, 0.0, 0.0, 0.0, 0.0, 0.0, 0.0, 0.0, 0.0, 0.0, 1.741808571073978E9, 0.0, 2025-03-12 14:42:51.073
172.0, 17457.98646902877, -27628.834858993872, -42897.982048747785, -28409.08955443973, -25046.738987772347, 6471.813496567428, -37660.18601181341, 14091.83610580398, 4559.934682838283, -13628.395036267644, -34751.464098866476, -5448.818856336935, -36718.641128378054, -19507.417918135874, -18177.39971606728, 7536.717657651622, -0.13, 0.964, -0.158, 192.0, 0.0, 0.0, 0.0, 0.0, 0.0, 0.0, 0.0, 0.0, 0.0, 1.741808571073993E9, 0.0, 2025-03-12 14:42:51.073
174.0, 17391.937064163336, -27633.75224277404, -42912.64479311047, -28461.191470765054, -25064.19570019194, 6445.170217176702, -37668.299695050686, 14081.286082421075, 4553.653842646342, -13640.800254440339, -34762.84113679423, -5452.46219068315, -36731.53808492876, -19513.944627516823, -18184.060535914963, 7531.599108171357, -0.124, 0.9580000000000001, -0.158, 192.0, 126.0, 16.0, 14.5, 120.0, 125.5, 8.0, 0.0, 0.0, 0.0, 1.741808571074008E9, 0.0, 2025-03-12 14:42:51.074
176.0, 17455.907756794426, -27627.76197526002, -42900.59720284906, -28412.419964363573, -25049.309438384706, 6482.519982161521, -37652.45230823187, 14096.954655284246, 4549.80934260003, -13638.162748594612, -34767.535003129844, -5459.815914608946, -36725.03372729227, -19513.67640658336, -18188.575588294934, 7534.214262272628, -0.124, 0.9580000000000001, -0.158, 192.0, 0.0, 0.0, 0.0, 0.0, 0.0, 0.0, 0.0, 0.0, 0.0, 1.741808571074026E9, 0.0, 2025-03-12 14:42:51.074
178.0, 17397.01091015469, -27623.157515902225, -42911.46015065434, -28452.228421238473, -25062.541671102248, 6460.65997608423, -37662.465889747844, 14087.410460401828, 4558.481819448688, -13630.876079902182, -34756.269723924364, -5441.062801010943, -36723.737326113864, -19503.059327967087, -18181.378326580325, 7546.507721723047, -0.124, 0.9580000000000001, -0.158, 192.0, 0.0, 0.0, 0.0, 0.0, 0.0, 0.0, 0.0, 0.0, 0.0, 1.741808571134282E9, 0.0, 2025-03-12 14:42:51.134
180.0, 17453.538471882162, -27632.813469506917, -42902.65356333894, -28420.891275512135, -25055.165595431998, 6476.395604180766, -37660.72245368033, 14094.853591305446, 4556.313700236524, -13629.445568257042, -34764.49516588392, -5453.490370928093, -36728.85587559413, -19506.188572190833, -18192.062460429963, 7542.238538532083, -0.124, 0.9580000000000001, -0.158, 192.0, 0.0, 0.0, 0.0, 0.0, 0.0, 0.0, 0.0, 0.0, 0.0, 1.741808571134315E9, 0.0, 2025-03-12 14:42:51.134
182.0, 17399.313139833586, -27631.829992750885, -42914.09765650006, -28456.25173524043, -25068.91191827201, 6462.492819129565, -37669.752558440276, 14083.16362895532, 4544.579034397488, -13635.838167171261, -34771.82653806526, -5440.83928356639, -36732.5215616848, -19512.335301916042, -18195.12464942034, 7528.961602325631, -0.124, 0.9580000000000001, -0.158, 192.0, 0.0, 0.0, 0.0, 0.0, 0.0, 0.0, 0.0, 0.0, 0.0, 1.741808571134329E9, 0.0, 2025-03-12 14:42:51.134
184.0, 17441.15560545392, -27620.408251334222, -42893.4222928789, -28425.875714525668, -25047.56600231719, 6455.161446948225, -37656.319160022635, 14100.352120441452, 4553.005642057138, -13628.931478134571, -34771.1559857316, -5456.150228518275, -36728.25237849383, -19508.401394891906, -18193.64943428629, 7531.7108668936335, -0.126, 0.962, -0.17, 192.0, 126.0, 8.0, 15.0, 8.0, 125.0, 88.0, 0.0, 0.0, 0.0, 1.741808571134344E9, 0.0, 2025-03-12 14:42:51.134
186.0, 17399.02256715567, -27615.312053598413, -42898.92082201491, -28435.82224080828, -25055.94790648793, 6455.273205670501, -37659.269590290736, 14095.971178528212, 4561.4993049501545, -13620.728387919473, -34750.413566877076, -5424.522510114016, -36728.16297151601, -19498.879551753947, -18180.998346924585, 7542.6855734211895, -0.126, 0.962, -0.17, 192.0, 0.0, 0.0, 0.0, 0.0, 0.0, 0.0, 0.0, 0.0, 0.0, 1.741808571134365E9, 0.0, 2025-03-12 14:42:51.134
188.0, 17436.34998039603, -27615.60262627633, -42889.01899922121, -28418.09730745522, -25045.86726973859, 6448.970013734104, -37652.49701172078, 14106.051815277555, 4562.974520084205, -13617.17446055108, -34751.28528491083, -5448.50593191456, -36727.2689017378, -19502.277016911154, -18189.000271439585, 7552.475637492614, -0.126, 0.962, -0.17, 192.0, 0.0, 0.0, 0.0, 0.0, 0.0, 0.0, 0.0, 0.0, 0.0, 1.74180857113438E9, 0.0, 2025-03-12 14:42:51.134
190.0, 17409.93021844986, -27610.70759424062, -42894.696342312855, -28419.214894677985, -25047.655409295014, 6464.996214508559, -37646.17146803993, 14101.089728008477, 4559.800572371551, -13616.45920472851, -34736.86840973716, -5424.164882202731, -36709.43220966247, -19498.544275587115, -18169.55425376347, 7556.811875916944, -0.126, 0.962, -0.17, 192.0, 0.0, 0.0, 0.0, 0.0, 0.0, 0.0, 0.0, 0.0, 0.0, 1.7418085711344E9, 0.0, 2025-03-12 14:42:51.134
192.0, 17421.486070333252, -27621.816411234908, -42894.65163882395, -28419.259598166896, -25049.80117676272, 6452.99332773606, -37653.16756405444, 14098.653387862849, 4560.828752616496, -13620.437815241554, -34750.5029738549, -5450.964623804644, -36729.3699657166, -19503.104031455998, -18184.41816382625, 7551.939195625687, -0.126, 0.962, -0.17, 192.0, 0.0, 0.0, 0.0, 0.0, 0.0, 0.0, 0.0, 0.0, 0.0, 1.741808571134415E9, 0.0, 2025-03-12 14:42:51.134
194.0, 17409.885514960948, -27620.94469320115, -42899.814891793125, -28418.320824899773, -25056.52905184377, 6473.825153568406, -37662.130613581015, 14094.585370371982, 4557.654804903842, -13619.633152441163, -34735.7508225144, -5423.717847313625, -36719.51284641181, -19495.86206625248, -18181.959471936163, 7546.9100531232425, -0.126, 0.964, -0.168, 192.0, 126.0, 8.0, 15.0, 16.0, 125.0, 96.0, 0.0, 0.0, 0.0, 1.741808571194424E9, 0.0, 2025-03-12 14:42:51.194
196.0, 17415.227581885767, -27616.966082688105, -42887.54378408716, -28433.989397762944, -25045.934324971953, 6436.006001950026, -37656.9897123563, 14095.255922705643, 4567.087241063981, -13620.50487047492, -34746.25614240839, -5452.842170338889, -36726.821866848695, -19504.646301823414, -18194.02941394203, 7537.723486152111, -0.126, 0.964, -0.168, 192.0, 0.0, 0.0, 0.0, 0.0, 0.0, 0.0, 0.0, 0.0, 0.0, 1.741808571194446E9, 0.0, 2025-03-12 14:42:51.194
198.0, 17417.082776675557, -27617.70369025513, -42889.64484806596, -28415.549208587316, -25048.05774069521, 6468.281920943489, -37659.67192169093, 14085.152934211843, 4558.168895026314, -13624.79640541034, -34732.867447479664, -5420.633306578792, -36715.31071845421, -19497.739612786725, -18178.40554456777, 7536.58354718489, -0.126, 0.964, -0.168, 192.0, 0.0, 0.0, 0.0, 0.0, 0.0, 0.0, 0.0, 0.0, 0.0, 1.741808571194461E9, 0.0, 2025-03-12 14:42:51.194
200.0, 17397.033261899145, -27625.482097325577, -42899.50196737075, -28444.15944149011, -25062.899299013534, 6442.0856764418695, -37669.73020669582, 14078.469762619707, 4555.643147902864, -13628.640905456652, -34753.408700634085, -5452.55159766097, -36727.246549993346, -19514.637531594937, -18193.358861608373, 7530.705038393145, -0.126, 0.964, -0.168, 192.0, 0.0, 0.0, 0.0, 0.0, 0.0, 0.0, 0.0, 0.0, 0.0, 1.741808571194476E9, 0.0, 2025-03-12 14:42:51.194
202.0, 17413.14886965142, -27630.153611916736, -42905.179310462394, -28412.1070399412, -25066.00619149282, 6487.504421175054, -37674.46877652035, 14080.906102765335, 4551.597482156454, -13633.290068303355, -34743.03749120683, -5423.78490254699, -36725.68192788147, -19502.925217500357, -18191.12368716284, 7527.084055791385, -0.126, 0.964, -0.168, 192.0, 0.0, 0.0, 0.0, 0.0, 0.0, 0.0, 0.0, 0.0, 0.0, 1.741808571194501E9, 0.0, 2025-03-12 14:42:51.194
204.0, 17388.49489551722, -27623.358681602323, -42895.612763835525, -28454.30713347282, -25048.57183081768, 6420.583298275865, -37660.00719785776, 14087.16459121282, 4560.113496793926, -13631.814853169306, -34758.61665709218, -5452.037507538499, -36726.263073237315, -19514.68223508385, -18200.913751234264, 7528.089884291874, -0.122, 0.96, -0.166, 192.0, 126.0, 24.0, 15.0, 0.0, 125.0, 104.0, 0.0, 0.0, 0.0, 1.741808571194517E9, 0.0, 2025-03-12 14:42:51.194
206.0, 17424.436500601354, -27628.74545201605, -42895.94804000235, -28400.05944967979, -25050.538784329747, 6471.254702956046, -37663.114090337054, 14088.17041971331, 4559.755868882641, -13630.294934546344, -34731.77221200135, -5420.990934490077, -36710.90742479652, -19505.562723346084, -18185.26753011555, 7533.476654705603, -0.122, 0.96, -0.166, 192.0, 0.0, 0.0, 0.0, 0.0, 0.0, 0.0, 0.0, 0.0, 0.0, 1.741808571194533E9, 0.0, 2025-03-12 14:42:51.194
208.0, 17384.940968148825, -27618.03896642196, -42893.645810323454, -28445.522897901883, -25045.28612438275, 6415.442397051143, -37656.7885466562, 14087.835143546481, 4566.95313059725, -13624.617591454697, -34745.00444471889, -5444.08028651241, -36720.29515746774, -19510.077775726055, -18196.286940132017, 7538.304631507949, -0.122, 0.96, -0.166, 192.0, 0.0, 0.0, 0.0, 0.0, 0.0, 0.0, 0.0, 0.0, 0.0, 1.741808571253959E9, 0.0, 2025-03-12 14:42:51.253
210.0, 17428.929201236868, -27629.930094472184, -42900.574851104604, -28400.57353980226, -25047.56600231719, 6473.668691357218, -37665.55043048268, 14083.45420163324, 4562.080450305993, -13627.635076956163, -34732.97920620194, -5424.030771735999, -36710.8627213076, -19507.082641969042, -18187.167428394252, 7532.247308760561, -0.122, 0.96, -0.166, 192.0, 0.0, 0.0, 0.0, 0.0, 0.0, 0.0, 0.0, 0.0, 0.0, 1.74180857125398E9, 0.0, 2025-03-12 14:42:51.253
212.0, 17374.234482554733, -27626.309111870425, -42898.004400492246, -28456.72112187399, -25046.224897649874, 6418.8398622083505, -37659.24723854628, 14081.733117310181, 4560.538179938577, -13633.670047959096, -34755.77798554635, -5451.724583116124, -36722.552683657734, -19515.464546139785, -18200.533771578524, 7527.329924980394, -0.122, 0.96, -0.166, 192.0, 0.0, 0.0, 0.0, 0.0, 0.0, 0.0, 0.0, 0.0, 0.0, 1.741808571254007E9, 0.0, 2025-03-12 14:42:51.254
214.0, 17428.504518092217, -27631.315902628412, -42893.176423689896, -28410.162438173586, -25038.066510923687, 6465.42089765321, -37659.7389769243, 14089.779745314092, 4555.553740925043, -13632.016018869403, -34743.19395341801, -5440.07932425491, -36702.838445048146, -19512.827040294058, -18189.17908539523, 7532.694343649668, -0.124, 0.966, -0.166, 192.0, 126.0, 16.0, 15.0, 24.0, 125.0, 104.0, 0.0, 0.0, 0.0, 1.741808571254024E9, 0.0, 2025-03-12 14:42:51.254
216.0, 17370.76996216416, -27627.672568282196, -42895.83628128008, -28464.38777022216, -25040.592258047138, 6414.056588894915, -37662.24237230329, 14087.589274357471, 4555.978424069694, -13633.513585747909, -34757.00733149139, -5453.400963950273, -36715.131904498565, -19515.375139161963, -18197.851562243886, 7531.040314559975, -0.124, 0.966, -0.166, 192.0, 0.0, 0.0, 0.0, 0.0, 0.0, 0.0, 0.0, 0.0, 0.0, 1.74180857125404E9, 0.0, 2025-03-12 14:42:51.254
218.0, 17432.237259416255, -27643.922286501205, -42901.31245867163, -28409.178961417554, -25043.453281337417, 6465.934987775682, -37669.97607588483, 14083.923588266802, 4555.66549964732, -13630.898431646638, -34745.07149995226, -5440.615766121837, -36705.3641921716, -19505.22744717925, -18189.51436156206, 7529.810968614933, -0.124, 0.966, -0.166, 192.0, 0.0, 0.0, 0.0, 0.0, 0.0, 0.0, 0.0, 0.0, 0.0, 1.741808571254055E9, 0.0, 2025-03-12 14:42:51.254
220.0, 17365.562005706073, -27631.338254372866, -42900.843072038064, -28467.785235379368, -25049.979990718366, 6421.253850609523, -37670.84779391859, 14071.83129451648, 4544.4225721863, -13644.309478319821, -34767.64676185212, -5456.351394218373, -36725.88309358157, -19523.77939507716, -18202.098393690398, 7511.326075950394, -0.124, 0.966, -0.166, 192.0, 0.0, 0.0, 0.0, 0.0, 0.0, 0.0, 0.0, 0.0, 0.0, 1.74180857125407E9, 0.0, 2025-03-12 14:42:51.254
222.0, 17430.82909951557, -27640.18954517717, -42897.73617955878, -28412.084688196745, -25044.593220304636, 6463.610406352331, -37669.93137239592, 14083.007166744133, 4555.441982202767, -13632.395998525144, -34749.4524418655, -5443.677955112214, -36714.12607599808, -19510.234237937242, -18190.654300529277, 7525.117102279318, -0.124, 0.966, -0.166, 192.0, 0.0, 0.0, 0.0, 0.0, 0.0, 0.0, 0.0, 0.0, 0.0, 1.741808571254085E9, 0.0, 2025-03-12 14:42:51.254
224.0, 17368.735953418727, -27628.94661771615, -42899.30080167065, -28466.421778967593, -25050.650543052023, 6419.800987219928, -37670.91484915195, 14072.88182650588, 4548.132961765881, -13642.878966674682, -34763.10935772769, -5451.344603460384, -36721.09982026814, -19521.164240975886, -18195.661091287267, 7517.428102186693, -0.13, 0.966, -0.16, 192.0, 125.5, 120.0, 15.0, 24.0, 125.5, 0.0, 0.0, 0.0, 0.0, 1.74180857131372E9, 0.0, 2025-03-12 14:42:51.313
226.0, 17436.059407718112, -27627.203181648634, -42886.515603842214, -28416.57738883226, -25038.938228957442, 6446.868949755305, -37664.81282291566, 14085.93524526778, 4560.471124705211, -13630.004361868425, -34752.089947711225, -5449.802333092968, -36710.48274165187, -19507.23910418023, -18188.59794003939, 7528.939250581176, -0.13, 0.966, -0.16, 192.0, 0.0, 0.0, 0.0, 0.0, 0.0, 0.0, 0.0, 0.0, 0.0, 1.741808571313741E9, 0.0, 2025-03-12 14:42:51.313
228.0, 17371.90990113138, -27634.37809161879, -42892.90820275643, -28452.608400894216, -25045.95667671641, 6425.388923333755, -37664.54460198219, 14083.677719077794, 4563.1980375287585, -13625.154033321624, -34747.57489533125, -5434.558443374449, -36705.87828229407, -19507.32851115805, -18184.21699812615, 7533.454302961148, -0.13, 0.966, -0.16, 192.0, 0.0, 0.0, 0.0, 0.0, 0.0, 0.0, 0.0, 0.0, 0.0, 1.741808571313756E9, 0.0, 2025-03-12 14:42:51.313
230.0, 17411.383081839453, -27653.801757550453, -42901.11129297153, -28426.94859825952, -25054.360932631607, 6456.457848126633, -37677.97800039983, 14071.160742182821, 4544.377868697389, -13640.263812573412, -34762.66232283859, -5455.859655840356, -36721.859779579616, -19521.141889231432, -18198.253893644083, 7523.328962722893, -0.13, 0.966, -0.16, 192.0, 0.0, 0.0, 0.0, 0.0, 0.0, 0.0, 0.0, 0.0, 0.0, 1.741808571313781E9, 0.0, 2025-03-12 14:42:51.313
232.0, 17365.29378477261, -27642.75999578953, -42904.32994417309, -28457.39167420765, -25057.356066388616, 6440.565757818909, -37676.323971310136, 14071.697184049748, 4539.058153517027, -13646.477597531986, -34761.812956549285, -5442.448609167172, -36723.379698202574, -19525.031092766654, -18207.619274570858, 7518.523337665002, -0.13, 0.966, -0.16, 192.0, 0.0, 0.0, 0.0, 0.0, 0.0, 0.0, 0.0, 0.0, 0.0, 1.741808571313796E9, 0.0, 2025-03-12 14:42:51.313
234.0, 17411.20426788381, -27643.13997544527, -42896.506833613734, -28432.804755306814, -25046.448415094426, 6440.744571774551, -37672.70298870838, 14080.213198687221, 4550.144618766859, -13639.928536406582, -34765.00925600639, -5457.781905863512, -36719.22227373389, -19516.29156068463, -18206.41228037027, 7527.620497658312, -0.132, 0.966, -0.16, 192.0, 125.5, 112.0, 15.0, 24.0, 125.5, 0.0, 0.0, 0.0, 0.0, 1.741808571313815E9, 0.0, 2025-03-12 14:42:51.313
236.0, 17368.557139463086, -27648.459690625634, -42907.77211281921, -28455.000037550933, -25056.082016954664, 6443.6726502981965, -37672.390064286, 14075.36287014042, 4542.030935529582, -13642.36487655221, -34761.34356991572, -5439.900510299267, -36712.85202656413, -19513.81051705009, -18191.637777285312, 7523.731294123089, -0.132, 0.966, -0.16, 192.0, 0.0, 0.0, 0.0, 0.0, 0.0, 0.0, 0.0, 0.0, 0.0, 1.741808571313831E9, 0.0, 2025-03-12 14:42:51.313
238.0, 17391.1547531074, -27639.921324243704, -42892.63998182297, -28444.24884846793, -25044.637923793547, 6436.385981605767, -37665.05869210466, 14081.062564976522, 4538.387601183367, -13649.472731288997, -34771.46891015398, -5470.298882758485, -36726.08425928167, -19523.9582090328, -18211.061443216975, 7515.483500419081, -0.132, 0.966, -0.16, 192.0, 0.0, 0.0, 0.0, 0.0, 0.0, 0.0, 0.0, 0.0, 0.0, 1.741808571373944E9, 0.0, 2025-03-12 14:42:51.373
240.0, 17367.931290618337, -27637.32852188689, -42892.9752579898, -28447.199278736032, -25042.335694114652, 6444.030278209481, -37664.164622326454, 14083.0742219775, 4547.641223387865, -13638.810949183817, -34750.704139555, -5434.849016052368, -36707.0629247502, -19512.022377493668, -18191.5930737964, 7519.462110932125, -0.132, 0.966, -0.16, 192.0, 0.0, 0.0, 0.0, 0.0, 0.0, 0.0, 0.0, 0.0, 0.0, 1.74180857137397E9, 0.0, 2025-03-12 14:42:51.373
242.0, 17382.57168323656, -27640.547173088453, -42894.18225219038, -28449.76972934839, -25043.788557504246, 6427.467635568099, -37669.90902065147, 14079.520294609107, 4559.755868882641, -13637.201623583034, -34757.052034980305, -5459.994728564588, -36713.79079983125, -19518.906714785902, -18197.35982386587, 7523.373666211804, -0.132, 0.966, -0.16, 192.0, 0.0, 0.0, 0.0, 0.0, 0.0, 0.0, 0.0, 0.0, 0.0, 1.741808571373986E9, 0.0, 2025-03-12 14:42:51.373
244.0, 17372.87102614296, -27636.926190486694, -42896.104502213544, -28443.891220556645, -25045.7108075274, 6445.125513687792, -37670.91484915195, 14077.128657952388, 4545.562511153521, -13643.683629475074, -34749.4524418655, -5433.954946274155, -36711.75679108582, -19518.86201129699, -18192.46479183016, 7511.05785501693, -0.14, 0.968, -0.16, 192.0, 125.5, 80.0, 15.0, 32.0, 125.5, 0.0, 0.0, 0.0, 0.0, 1.741808571374002E9, 0.0, 2025-03-12 14:42:51.374
246.0, 17375.329718033045, -27634.691016041164, -42885.44272010836, -28456.184680007063, -25035.898391711522, 6414.011885406004, -37663.248200803784, 14085.778783056592, 4556.358403725434, -13637.581603238774, -34755.88974426863, -5462.36401347685, -36716.3165469547, -19523.399415421416, -18193.560027308467, 7518.411578942726, -0.14, 0.968, -0.16, 192.0, 0.0, 0.0, 0.0, 0.0, 0.0, 0.0, 0.0, 0.0, 0.0, 1.741808571374041E9, 0.0, 2025-03-12 14:42:51.374
248.0, 17375.173255821857, -27643.318789400913, -42896.596240591556, -28433.47530764047, -25045.889621483046, 6458.469505127609, -37671.361884041056, 14083.342442910964, 4545.763676853619, -13645.56117600932, -34744.35624412969, -5437.084190497898, -36708.47108465089, -19515.688063584337, -18182.36180333636, 7513.717712607112, -0.14, 0.968, -0.16, 192.0, 0.0, 0.0, 0.0, 0.0, 0.0, 0.0, 0.0, 0.0, 0.0, 1.741808571374056E9, 0.0, 2025-03-12 14:42:51.374
250.0, 17354.587299178518, -27644.816356279418, -42891.701208555845, -28460.364456220206, -25045.53199357176, 6421.410312820711, -37670.870145663044, 14081.241378932165, 4550.0552117890375, -13646.589356254264, -34759.577782103755, -5465.493257700594, -36720.56337840121, -19522.10301424301, -18197.717451777156, 7519.886794076776, -0.14, 0.968, -0.16, 192.0, 0.0, 0.0, 0.0, 0.0, 0.0, 0.0, 0.0, 0.0, 0.0, 1.741808571374071E9, 0.0, 2025-03-12 14:42:51.374
252.0, 17386.550293749606, -27647.163289447224, -42888.68372305438, -28425.071051725277, -25041.486327825347, 6461.956377262638, -37666.533907238714, 14089.73504182518, 4546.56833965401, -13646.857577187728, -34742.32223538426, -5435.9889550195885, -36709.38750617355, -19512.312950171585, -18191.21309414066, 7515.6846661191785, -0.14, 0.968, -0.16, 192.0, 0.0, 0.0, 0.0, 0.0, 0.0, 0.0, 0.0, 0.0, 0.0, 1.741808571374091E9, 0.0, 2025-03-12 14:42:51.374
254.0, 17346.76418861916, -27648.504394114545, -42892.66233356742, -28459.716255631003, -25044.570868560182, 6420.493891298043, -37672.30065730818, 14084.325919666997, 4554.078525790993, -13642.253117829934, -34757.70023556951, -5461.514647187549, -36716.808285332714, -19514.48106938375, -18206.099355947896, 7517.517509164514, -0.136, 0.9580000000000001, -0.16, 192.0, 125.5, 96.0, 14.5, 120.0, 125.5, 0.0, 0.0, 0.0, 0.0, 1.741808571435762E9, 0.0, 2025-03-12 14:42:51.435
0.0, 17376.603767466997, -27649.040835981472, -42898.31732491461, -28418.030252221855, -25051.209336663407, 6478.206095481646, -37679.45321553388, 14080.794344043059, 4542.1873977407695, -13646.27643183189, -34745.74205228592, -5434.737257330091, -36716.69652661044, -19506.568551846573, -18201.87487624584, 7508.040369515464, -0.136, 0.9580000000000001, -0.16, 192.0, 0.0, 0.0, 0.0, 0.0, 0.0, 0.0, 0.0, 0.0, 0.0, 1.741808571435793E9, 0.0, 2025-03-12 14:42:51.435
2.0, 17332.637886123408, -27622.531667057476, -42881.709978784325, -28463.53840393286, -25041.843955736633, 6411.508490027009, -37664.92458163793, 14088.840972046968, 4554.056174046537, -13637.22397532749, -34760.181279204044, -5453.445667439183, -36717.3670789441, -19511.776508304658, -18213.900114762797, 7511.504889906037, -0.136, 0.9580000000000001, -0.16, 192.0, 0.0, 0.0, 0.0, 0.0, 0.0, 0.0, 0.0, 0.0, 0.0, 1.741808571435807E9, 0.0, 2025-03-12 14:42:51.435
4.0, 17389.232503084244, -27633.5734288184, -42878.15605141593, -28404.038060192834, -25040.61460979159, 6463.543351118965, -37665.416320015946, 14093.445431404762, 4562.594540428465, -13615.811004139305, -34730.65462477859, -5418.286373410985, -36697.20580544541, -19488.37423185995, -18191.21309414066, 7525.362971468327, -0.136, 0.9580000000000001, -0.16, 192.0, 0.0, 0.0, 0.0, 0.0, 0.0, 0.0, 0.0, 0.0, 0.0, 1.741808571435822E9, 0.0, 2025-03-12 14:42:51.435
6.0, 17336.34827570299, -27625.795021747952, -42877.88783048247, -28455.469424184495, -25042.04512143673, 6405.652332979719, -37666.35509328307, 14090.070317992011, 4570.283540521091, -13626.070454844292, -34742.299883639804, -5438.358239931851, -36708.5157881398, -19499.505400598693, -18199.17031516675, 7521.58552665538, -0.136, 0.9580000000000001, -0.16, 192.0, 0.0, 0.0, 0.0, 0.0, 0.0, 0.0, 0.0, 0.0, 0.0, 1.741808571435837E9, 0.0, 2025-03-12 14:42:51.435
8.0, 17386.550293749606, -27634.08751894087, -42874.2668478807, -28405.20035090451, -25037.641827779036, 6453.261548669523, -37670.64662821849, 14090.986739514678, 4560.2699590051125, -13632.84303341425, -34730.18523814502, -5426.712981070636, -36698.926889768474, -19497.650205808903, -18199.23737040012, 7518.836262087377, -0.134, 0.968, -0.162, 192.0, 125.5, 104.0, 15.0, 32.0, 125.0, 120.0, 0.0, 0.0, 0.0, 1.741808571435852E9, 0.0, 2025-03-12 14:42:51.435
10.0, 17310.129679456913, -27636.166231175215, -42876.68083628188, -28453.100139272232, -25041.642790036534, 6406.434644035655, -37669.193764828895, 14083.901236522346, 4563.734479395685, -13637.179271838579, -34744.42329936306, -5443.163864989742, -36704.89480553804, -19509.273112925664, -18200.98080646763, 7518.232764987084, -0.134, 0.968, -0.162, 192.0, 0.0, 0.0, 0.0, 0.0, 0.0, 0.0, 0.0, 0.0, 0.0, 1.741808571435868E9, 0.0, 2025-03-12 14:42:51.435
12.0, 17367.01486909567, -27653.019446494516, -42882.112310184515, -28397.75722000089, -25044.928496471464, 6458.603615594342, -37677.709779466364, 14087.522219124106, 4562.303967750546, -13632.641867714152, -34734.119145169156, -5433.574966618415, -36695.842349033635, -19498.700737798303, -18188.93321620622, 7521.294953977461, -0.134, 0.968, -0.162, 192.0, 0.0, 0.0, 0.0, 0.0, 0.0, 0.0, 0.0, 0.0, 0.0, 1.741808571494562E9, 0.0, 2025-03-12 14:42:51.494
14.0, 17299.333786885, -27641.55300158894, -42885.50977534173, -28454.798871850835, -25049.175327917976, 6419.979801175571, -37678.559145755666, 14079.36383239792, 4544.109647763926, -13645.672934731596, -34757.14144195813, -5447.701269114169, -36717.858817322114, -19512.268246682674, -18205.004120469584, 7512.264849217517, -0.134, 0.968, -0.162, 192.0, 0.0, 0.0, 0.0, 0.0, 0.0, 0.0, 0.0, 0.0, 0.0, 1.741808571494609E9, 0.0, 2025-03-12 14:42:51.494
16.0, 17378.704831445793, -27623.04575717995, -42859.96173142931, -28389.688240252526, -25032.14329864303, 6451.719278302107, -37667.02564561673, 14099.569809385517, 4568.003662586649, -13623.388245509655, -34732.8450957352, -5428.702286327158, -36695.663535078, -19490.318833627563, -18192.17421915224, 7538.841073374877, -0.134, 0.968, -0.162, 192.0, 0.0, 0.0, 0.0, 0.0, 0.0, 0.0, 0.0, 0.0, 0.0, 1.741808571494624E9, 0.0, 2025-03-12 14:42:51.494
18.0, 17310.777880046116, -27616.161419887714, -42861.25813260772, -28435.933999530556, -25040.927534213966, 6419.532766286465, -37670.087834607104, 14092.461954648728, 4576.899656879861, -13620.348408263733, -34722.451534563486, -5414.754797787046, -36694.07656122167, -19492.91163598438, -18186.854503971877, 7541.813855387432, -0.128, 0.966, -0.164, 192.0, 126.0, 0.0, 15.0, 24.0, 125.0, 112.0, 0.0, 0.0, 0.0, 1.741808571494656E9, 0.0, 2025-03-12 14:42:51.494
20.0, 17362.924499860346, -27635.294513141456, -42864.74500474275, -28402.42873459205, -25035.697226011423, 6444.924347987694, -37666.86918340554, 14090.606759858938, 4572.518714966621, -13620.214297797002, -34719.992842673404, -5420.49919611206, -36691.930793753956, -19493.53748482913, -18188.30736736147, 7540.718619909123, -0.128, 0.966, -0.164, 192.0, 0.0, 0.0, 0.0, 0.0, 0.0, 0.0, 0.0, 0.0, 0.0, 1.741808571494673E9, 0.0, 2025-03-12 14:42:51.494
22.0, 17295.71280428324, -27640.77069053301, -42878.15605141593, -28450.619095637692, -25038.71471151289, 6417.878737196772, -37662.51059323676, 14086.851666790446, 4554.123229279903, -13641.426103285088, -34735.9966917034, -5426.176539203709, -36708.04640150624, -19510.94949375981, -18195.68344303172, 7521.652581888746, -0.128, 0.966, -0.164, 192.0, 0.0, 0.0, 0.0, 0.0, 0.0, 0.0, 0.0, 0.0, 0.0, 1.741808571494692E9, 0.0, 2025-03-12 14:42:51.494
24.0, 17351.458054954775, -27637.820260264907, -42865.30379835413, -28410.229493406954, -25024.32018808367, 6431.490949570054, -37651.5358867092, 14099.681568107793, 4563.779182884596, -13632.194832825046, -34739.30474988279, -5437.061838753443, -36698.412799646, -19505.316854157074, -18191.16839065175, 7531.934384338187, -0.128, 0.966, -0.164, 192.0, 0.0, 0.0, 0.0, 0.0, 0.0, 0.0, 0.0, 0.0, 0.0, 1.741808571494707E9, 0.0, 2025-03-12 14:42:51.494
26.0, 17288.336728612987, -27646.604495835843, -42889.51073759922, -28441.09725249973, -25052.34927563063, 6434.6872490271635, -37675.7428259543, 14079.721460309203, 4556.850142103451, -13633.446530514542, -34735.43789809202, -5417.012323977033, -36703.68781133745, -19500.488877354728, -18195.012890698064, 7520.758512110533, -0.128, 0.966, -0.164, 192.0, 0.0, 0.0, 0.0, 0.0, 0.0, 0.0, 0.0, 0.0, 0.0, 1.741808571494722E9, 0.0, 2025-03-12 14:42:51.494
28.0, 17325.172403475335, -27640.681283555186, -42883.40871136293, -28426.278045925865, -25038.51354581279, 6429.635754780264, -37666.62331421654, 14091.813754059525, 4555.263168247124, -13639.41444628411, -34750.72649129945, -5445.443742924183, -36713.58963413115, -19512.44706063832, -18212.916638006765, 7514.209450985129, -0.13, 0.966, -0.166, 192.0, 125.5, 120.0, 15.0, 24.0, 125.0, 104.0, 0.0, 0.0, 0.0, 1.741808571554865E9, 0.0, 2025-03-12 14:42:51.554
30.0, 17276.780876729594, -27647.453862125145, -42898.07145572561, -28441.834860066756, -25052.259868652807, 6441.392772363755, -37675.87693642103, 14082.671890577305, 4542.589729140965, -13645.382362053677, -34751.50880235539, -5427.607050848848, -36715.80245683223, -19505.897999512912, -18208.17806818224, 7511.124910250296, -0.13, 0.966, -0.166, 192.0, 0.0, 0.0, 0.0, 0.0, 0.0, 0.0, 0.0, 0.0, 0.0, 1.741808571554891E9, 0.0, 2025-03-12 14:42:51.554
32.0, 17306.57575208852, -27640.56952483291, -42884.88392649698, -28429.474345382972, -25038.871173724077, 6434.664897282708, -37666.60096247208, 14094.250094205154, 4548.490589677166, -13641.515510262909, -34762.79643330532, -5452.104562771865, -36720.76454410131, -19510.591865848528, -18217.65520783129, 7515.10352076334, -0.13, 0.966, -0.166, 192.0, 0.0, 0.0, 0.0, 0.0, 0.0, 0.0, 0.0, 0.0, 0.0, 1.741808571554906E9, 0.0, 2025-03-12 14:42:51.554
34.0, 17291.197751903266, -27637.03794920897, -42884.92862998589, -28431.955389017512, -25039.631133035557, 6437.525920572987, -37666.31038979416, 14088.706861580236, 4556.760735125629, -13632.328943291777, -34739.77413651635, -5418.062855966432, -36703.68781133745, -19498.544275587115, -18204.959416980677, 7515.662314374723, -0.13, 0.966, -0.166, 192.0, 0.0, 0.0, 0.0, 0.0, 0.0, 0.0, 0.0, 0.0, 0.0, 1.741808571554942E9, 0.0, 2025-03-12 14:42:51.554
36.0, 17297.500943839663, -27647.677379569697, -42885.01803696371, -28435.75518557491, -25043.8109092487, 6417.878737196772, -37670.84779391859, 14080.570826598505, 4556.80543861454, -13635.257021815423, -34750.23475292144, -5445.667260368737, -36704.98421251586, -19508.75902280319, -18218.616332842867, 7513.382436440282, -0.13, 0.966, -0.166, 192.0, 0.0, 0.0, 0.0, 0.0, 0.0, 0.0, 0.0, 0.0, 0.0, 1.741808571554958E9, 0.0, 2025-03-12 14:42:51.554
38.0, 17290.996586203168, -27648.035007480983, -42885.50977534173, -28429.697862827525, -25044.347351115626, 6435.514263572009, -37673.530003253225, 14075.944015496258, 4549.518769922111, -13639.727370706483, -34742.70221503999, -5418.241669922075, -36702.23494794786, -19513.877572283458, -18218.07989097594, 7504.374683424793, -0.128, 0.966, -0.162, 192.0, 126.0, 0.0, 15.0, 24.0, 125.0, 120.0, 0.0, 0.0, 0.0, 1.741808571554973E9, 0.0, 2025-03-12 14:42:51.554
40.0, 17275.439772062276, -27651.81245229393, -42887.923763742896, -28449.702674115026, -25041.419272591982, 6407.775748702973, -37677.21804108835, 14074.245282917653, 4550.926929822795, -13646.455245787532, -34758.21432569198, -5448.349469703373, -36713.522578897784, -19522.013607265188, -18228.339341680927, 7503.279447946483, -0.128, 0.966, -0.162, 192.0, 0.0, 0.0, 0.0, 0.0, 0.0, 0.0, 0.0, 0.0, 0.0, 1.741808571554993E9, 0.0, 2025-03-12 14:42:51.554
42.0, 17282.145295398866, -27648.07971096989, -42888.907240498935, -28426.34510115923, -25041.687493525445, 6440.118722929803, -37672.390064286, 14077.866265519413, 4545.875435575895, -13647.751646965939, -34748.15604068709, -5420.409789134239, -36704.91715728249, -19506.501496613204, -18217.208172942184, 7501.558363623424, -0.128, 0.966, -0.162, 192.0, 0.0, 0.0, 0.0, 0.0, 0.0, 0.0, 0.0, 0.0, 0.0, 1.7418085716156E9, 0.0, 2025-03-12 14:42:51.615
44.0, 17262.31929806701, -27637.32852188689, -42878.08899618257, -28457.078749785276, -25036.993627189833, 6392.1295275842585, -37666.71272119436, 14084.527085367095, 4553.653842646342, -13644.13066436418, -34765.299828684314, -5444.862597568345, -36714.12607599808, -19519.24199095273, -18225.32185617946, 7508.7556253380335, -0.128, 0.966, -0.162, 192.0, 0.0, 0.0, 0.0, 0.0, 0.0, 0.0, 0.0, 0.0, 0.0, 1.741808571615647E9, 0.0, 2025-03-12 14:42:51.615
46.0, 17290.840123991984, -27635.36156837482, -42876.747891515246, -28421.919455757077, -25038.647656279525, 6435.536615316465, -37668.277343306225, 14087.522219124106, 4551.642185645364, -13634.98880088196, -34745.026796463346, -5412.989009975077, -36699.10570372411, -19502.85816226699, -18209.295655405003, 7515.259982974528, -0.128, 0.966, -0.162, 192.0, 0.0, 0.0, 0.0, 0.0, 0.0, 0.0, 0.0, 0.0, 0.0, 1.741808571615662E9, 0.0, 2025-03-12 14:42:51.615
48.0, 17247.053056604036, -27645.3751498908, -42879.65361829443, -28458.10693003022, -25040.547554558227, 6401.427853277666, -37669.55139274018, 14081.822524288002, 4551.396316456356, -13640.17440559559, -34762.707026327495, -5440.369896932829, -36706.951166027924, -19516.805650807102, -18217.409338642283, 7517.070474275408, -0.134, 0.964, -0.156, 192.0, 125.5, 104.0, 15.0, 16.0, 125.5, 16.0, 0.0, 0.0, 0.0, 1.741808571615677E9, 0.0, 2025-03-12 14:42:51.615
50.0, 17282.2794058656, -27647.69973131415, -42882.06760669561, -28418.119659199678, -25039.452319079915, 6447.137170688769, -37670.736035196314, 14080.88375102088, 4541.270976218102, -13645.158844609125, -34752.78285178934, -5420.476844367605, -36713.65668936452, -19514.592828106026, -18211.195553683705, 7511.7507590950445, -0.134, 0.964, -0.156, 192.0, 0.0, 0.0, 0.0, 0.0, 0.0, 0.0, 0.0, 0.0, 0.0, 1.741808571615694E9, 0.0, 2025-03-12 14:42:51.615
52.0, 17226.087120304957, -27651.18660344918, -42888.37079863201, -28457.794005607848, -25046.783691261255, 6398.432719520655, -37673.41824453095, 14080.615530087416, 4553.363269968423, -13637.335734049766, -34765.81391880679, -5440.459303910649, -36713.947262042435, -19517.543258374128, -18217.968132253663, 7519.842090587866, -0.134, 0.964, -0.156, 192.0, 0.0, 0.0, 0.0, 0.0, 0.0, 0.0, 0.0, 0.0, 0.0, 1.741808571615709E9, 0.0, 2025-03-12 14:42:51.615
54.0, 17272.399934816352, -27660.28376344249, -42892.30470565614, -28416.689147554538, -25047.074263939176, 6448.1877026781685, -37678.916773666955, 14075.78755328507, 4533.738438336663, -13652.020830156904, -34768.31731418578, -5429.685763083192, -36721.77037260179, -19520.87366829797, -18222.058501488984, 7504.397035169249, -0.134, 0.964, -0.156, 192.0, 0.0, 0.0, 0.0, 0.0, 0.0, 0.0, 0.0, 0.0, 0.0, 1.741808571615725E9, 0.0, 2025-03-12 14:42:51.615
56.0, 17220.253315002123, -27651.276010427002, -42896.01509523572, -28470.73566564747, -25047.498947083826, 6394.923495641172, -37679.07323587814, 14074.468800362207, 4543.99788904165, -13650.3220975783, -34772.988828776935, -5446.986013291599, -36722.776201102286, -19526.77452883417, -18230.28394344854, 7503.5923723688575, -0.134, 0.964, -0.156, 192.0, 0.0, 0.0, 0.0, 0.0, 0.0, 0.0, 0.0, 0.0, 0.0, 1.741808571615745E9, 0.0, 2025-03-12 14:42:51.615
58.0, 17280.915949453825, -27663.860042555338, -42900.083112726585, -28424.467554624982, -25048.907106984512, 6447.539502088965, -37688.773892971745, 14070.244320660153, 4540.6004238844425, -13653.071362146302, -34764.741035072926, -5435.586623619392, -36719.44579117844, -19523.689988099337, -18221.879687533343, 7497.825622299389, -0.134, 0.962, -0.164, 192.0, 125.5, 104.0, 15.0, 8.0, 125.0, 112.0, 0.0, 0.0, 0.0, 1.741808571675473E9, 0.0, 2025-03-12 14:42:51.675
60.0, 17224.231925515167, -27649.219649937113, -42894.852804524045, -28479.139921562662, -25046.560173816702, 6391.682492695152, -37682.29188707971, 14070.937224738267, 4546.61304314292, -13655.217129614011, -34774.73226484445, -5447.500103414071, -36724.02789879178, -19532.787148092648, -18230.127481237352, 7499.502003133536, -0.134, 0.962, -0.164, 192.0, 0.0, 0.0, 0.0, 0.0, 0.0, 0.0, 0.0, 0.0, 0.0, 1.741808571675522E9, 0.0, 2025-03-12 14:42:51.675
62.0, 17311.47078412423, -27653.71235057263, -42897.512662114226, -28420.354833645208, -25045.844917994134, 6449.3723451343, -37681.710741723866, 14077.463934119218, 4549.831694344484, -13650.187987111567, -34760.270686181866, -5432.770303818024, -36717.30002371073, -19521.588924120537, -18220.292713677016, 7511.147261994751, -0.134, 0.962, -0.164, 192.0, 0.0, 0.0, 0.0, 0.0, 0.0, 0.0, 0.0, 0.0, 0.0, 1.741808571675537E9, 0.0, 2025-03-12 14:42:51.675
64.0, 17265.828521946492, -27640.636580066275, -42896.462130124826, -28468.165215035107, -25048.929458728966, 6408.334542314356, -37678.26857307775, 14079.296777164553, 4551.597482156454, -13647.103446376736, -34760.53890711533, -5432.367972417828, -36724.54198891425, -19522.170069476375, -18220.35976891038, 7521.697285377656, -0.134, 0.962, -0.164, 192.0, 0.0, 0.0, 0.0, 0.0, 0.0, 0.0, 0.0, 0.0, 0.0, 1.741808571675553E9, 0.0, 2025-03-12 14:42:51.675
66.0, 17350.184005520823, -27644.972818490605, -42886.023865464194, -28413.492848097427, -25037.86534522359, 6444.723182287596, -37670.19959332938, 14092.372547670908, 4562.661595661831, -13635.435835771064, -34747.17256393106, -5423.069646724421, -36705.431247404966, -19489.491819082716, -18204.51238209157, 7537.8128931299325, -0.134, 0.962, -0.164, 192.0, 0.0, 0.0, 0.0, 0.0, 0.0, 0.0, 0.0, 0.0, 0.0, 1.741808571675572E9, 0.0, 2025-03-12 14:42:51.675
68.0, 17296.740984528184, -27644.257562668034, -42897.06562722512, -28457.21286025201, -25050.181156418465, 6411.17321386018, -37679.40851204497, 14077.910969008324, 4555.196113013758, -13638.676838717085, -34753.81103203428, -5422.309687412941, -36715.623642876584, -19514.972807761766, -18199.23737040012, 7538.282279763494, -0.13, 0.964, -0.162, 192.0, 125.5, 120.0, 15.0, 16.0, 125.0, 120.0, 0.0, 0.0, 0.0, 1.741808571675586E9, 0.0, 2025-03-12 14:42:51.675
70.0, 17371.90990113138, -27647.431510380688, -42895.478653368795, -28421.20419993451, -25039.027635935265, 6437.727086273085, -37675.22873583183, 14084.012995244622, 4553.676194390797, -13646.499949276442, -34760.337741415235, -5437.620632364826, -36718.909349311514, -19510.52481061516, -18205.674672803245, 7537.008230329541, -0.13, 0.964, -0.162, 192.0, 0.0, 0.0, 0.0, 0.0, 0.0, 0.0, 0.0, 0.0, 0.0, 1.741808571675603E9, 0.0, 2025-03-12 14:42:51.675
72.0, 17334.113101257455, -27628.253713638034, -42891.03065622219, -28455.692941629048, -25036.30072311172, 6413.430740050166, -37665.55043048268, 14086.426983645795, 4564.226217773702, -13634.3182485483, -34750.905305255095, -5417.392303632772, -36706.23591020536, -19499.840676765525, -18190.296672617995, 7541.702096665156, -0.13, 0.964, -0.162, 192.0, 0.0, 0.0, 0.0, 0.0, 0.0, 0.0, 0.0, 0.0, 0.0, 1.741808571734776E9, 0.0, 2025-03-12 14:42:51.734
74.0, 17398.687290988837, -27625.593856047853, -42882.0229032067, -28423.886409269144, -25028.90229569701, 6424.696019255641, -37661.10243333608, 14093.825411060503, 4568.987139342683, -13632.932440392071, -34751.01706397737, -5425.751856059058, -36705.58770961615, -19501.76292678868, -18185.8933789603, 7546.664183934234, -0.13, 0.964, -0.162, 192.0, 0.0, 0.0, 0.0, 0.0, 0.0, 0.0, 0.0, 0.0, 0.0, 1.741808571734809E9, 0.0, 2025-03-12 14:42:51.734
76.0, 17360.86813937046, -27628.27606538249, -42892.63998182297, -28453.368360205695, -25037.66417952349, 6415.017713906493, -37665.23750606031, 14087.902198779846, 4568.607159686942, -13633.692399703552, -34740.556447572286, -5406.574059316405, -36706.57118637219, -19498.365461631474, -18178.114971889852, 7546.217149045128, -0.13, 0.964, -0.162, 192.0, 0.0, 0.0, 0.0, 0.0, 0.0, 0.0, 0.0, 0.0, 0.0, 1.741808571734852E9, 0.0, 2025-03-12 14:42:51.734
78.0, 17405.124593391967, -27637.529687586986, -42894.40576963494, -28430.927208772566, -25035.496060311325, 6416.738798229551, -37668.433805517416, 14086.829315045992, 4569.52358120961, -13634.005324125925, -34753.699273312006, -5431.518606128527, -36707.2640904503, -19502.14290644442, -18187.592111538903, 7543.289070521483, -0.13, 0.962, -0.166, 192.0, 125.5, 120.0, 15.0, 8.0, 125.0, 104.0, 0.0, 0.0, 0.0, 1.741808571734876E9, 0.0, 2025-03-12 14:42:51.734
80.0, 17376.82728491155, -27619.111850155816, -42889.77895853269, -28442.371301933683, -25032.500926554316, 6418.236365108057, -37661.19184031389, 14083.0742219775, 4570.4176509878225, -13635.748760193439, -34743.88685749613, -5408.317495383918, -36711.153293985524, -19499.03601396513, -18182.384155080814, 7541.992669343075, -0.13, 0.962, -0.166, 192.0, 0.0, 0.0, 0.0, 0.0, 0.0, 0.0, 0.0, 0.0, 0.0, 1.741808571734902E9, 0.0, 2025-03-12 14:42:51.734
82.0, 17399.87193344497, -27636.345045130856, -42893.55640334564, -28430.413118650096, -25028.09763289662, 6417.275240096479, -37664.07521534863, 14085.488210378673, 4579.738328425686, -13626.383379266666, -34744.4009476186, -5422.577908346404, -36707.19703521694, -19494.297444140608, -18180.88658820231, 7552.54269272598, -0.13, 0.962, -0.166, 192.0, 0.0, 0.0, 0.0, 0.0, 0.0, 0.0, 0.0, 0.0, 0.0, 1.741808571734933E9, 0.0, 2025-03-12 14:42:51.734
84.0, 17375.128552332946, -27644.36932139031, -42906.810987807636, -28444.539421145848, -25040.61460979159, 6435.1566356607245, -37672.92650615293, 14077.799210286048, 4559.554703182543, -13645.762341709416, -34746.74788078641, -5408.11632968382, -36713.321413197686, -19497.963130231277, -18183.61350102586, 7537.119989051818, -0.13, 0.962, -0.166, 192.0, 0.0, 0.0, 0.0, 0.0, 0.0, 0.0, 0.0, 0.0, 0.0, 1.741808571734956E9, 0.0, 2025-03-12 14:42:51.734
86.0, 17389.858351928993, -27631.606475306333, -42891.47769111129, -28451.177889249077, -25023.67198749447, 6401.718425955585, -37655.24627628878, 14093.758355827136, 4563.756831140141, -13644.667106231107, -34766.21625020698, -5439.1629027322415, -36722.79855284674, -19508.691967569826, -18200.22084715615, 7539.399866986259, -0.13, 0.962, -0.166, 192.0, 0.0, 0.0, 0.0, 0.0, 0.0, 0.0, 0.0, 0.0, 0.0, 1.74180857173498E9, 0.0, 2025-03-12 14:42:51.734
88.0, 17380.761191935682, -27636.03212070848, -42902.40769414994, -28438.325636187274, -25031.29393235373, 6440.61046130782, -37659.56016296866, 14097.31228319553, 4564.04740381806, -13637.581603238774, -34746.25614240839, -5404.1153674263205, -36708.44873290643, -19487.90484522639, -18176.483294544614, 7547.692364179178, -0.128, 0.962, -0.166, 192.0, 126.0, 0.0, 15.0, 8.0, 125.0, 104.0, 0.0, 0.0, 0.0, 1.741808571794659E9, 0.0, 2025-03-12 14:42:51.794
90.0, 17373.51922673216, -27646.26921966901, -42902.117121472016, -28470.020409824898, -25025.415423561983, 6406.009960891004, -37659.9401426244, 14095.926475039301, 4562.572188684009, -13652.534920279375, -34767.5573548743, -5445.0861150128985, -36716.71887835489, -19503.908694256388, -18190.631948784823, 7538.528148952502, -0.128, 0.962, -0.166, 192.0, 0.0, 0.0, 0.0, 0.0, 0.0, 0.0, 0.0, 0.0, 0.0, 1.741808571794697E9, 0.0, 2025-03-12 14:42:51.794
92.0, 17387.44436352782, -27646.693902813662, -42900.373685404506, -28450.57439214878, -25021.213295604386, 6434.262565882513, -37653.256971032264, 14097.111117495433, 4552.960938568227, -13663.822551229305, -34759.98011350395, -5425.88596652579, -36711.51092189681, -19511.86591528248, -18182.764134736557, 7529.855672103843, -0.128, 0.962, -0.166, 192.0, 0.0, 0.0, 0.0, 0.0, 0.0, 0.0, 0.0, 0.0, 0.0, 1.741808571794721E9, 0.0, 2025-03-12 14:42:51.794
94.0, 17363.349183004997, -27647.431510380688, -42905.313420929124, -28476.368305250206, -25024.029615405754, 6398.723292198574, -37656.27445653373, 14092.953693026746, 4555.464333947222, -13659.75453373844, -34771.670075854076, -5451.143437760286, -36719.468142922895, -19516.09039498453, -18191.749536007588, 7534.370724483815, -0.128, 0.962, -0.166, 192.0, 0.0, 0.0, 0.0, 0.0, 0.0, 0.0, 0.0, 0.0, 0.0, 1.741808571794747E9, 0.0, 2025-03-12 14:42:51.794
96.0, 17391.44532578532, -27641.79887077795, -42903.25706043924, -28436.716310586493, -25021.146240371017, 6446.533673588476, -37655.5368489667, 14091.254960448143, 4548.334127465979, -13658.480484304488, -34761.58943910473, -5422.935536257689, -36716.40595393252, -19506.43444137984, -18182.07123065844, 7527.799311613955, -0.128, 0.962, -0.166, 192.0, 0.0, 0.0, 0.0, 0.0, 0.0, 0.0, 0.0, 0.0, 0.0, 1.741808571794772E9, 0.0, 2025-03-12 14:42:51.794
98.0, 17347.658258397372, -27642.00003647805, -42911.147226231966, -28475.965973850012, -25035.00432193331, 6404.780614945962, -37668.83613691761, 14081.129620209887, 4552.670365890309, -13654.948908680548, -34777.43682592354, -5448.774152848024, -36722.0162417908, -19511.552990860106, -18193.805896497477, 7527.48638719158, -0.13, 0.966, -0.162, 192.0, 125.5, 120.0, 15.0, 24.0, 125.0, 120.0, 0.0, 0.0, 0.0, 1.741808571794822E9, 0.0, 2025-03-12 14:42:51.794
100.0, 17391.53473276314, -27637.99907422055, -42902.8770807835, -28436.515144886394, -25032.94796144342, 6443.56089157592, -37663.672883948435, 14085.063527234022, 4547.261243732124, -13656.312365092323, -34768.652590352605, -5433.396152662773, -36716.16008474351, -19511.128307715455, -18190.900169718287, 7519.082131276386, -0.13, 0.966, -0.162, 192.0, 0.0, 0.0, 0.0, 0.0, 0.0, 0.0, 0.0, 0.0, 0.0, 1.741808571794849E9, 0.0, 2025-03-12 14:42:51.794
102.0, 17345.57954616303, -27636.210934664123, -42905.38047616249, -28483.140883820164, -25039.407615591004, 6393.001245618016, -37668.7914334287, 14078.425059130795, 4551.642185645364, -13657.429952315088, -34776.74392184543, -5450.517588915538, -36729.10174478313, -19517.163278718388, -18196.55516106548, 7519.283296976483, -0.13, 0.966, -0.162, 192.0, 0.0, 0.0, 0.0, 0.0, 0.0, 0.0, 0.0, 0.0, 0.0, 1.741808571854912E9, 0.0, 2025-03-12 14:42:51.854
104.0, 17407.337416093043, -27623.89512346925, -42886.11327244202, -28426.09923197022, -25026.86828695158, 6436.9224234726935, -37660.74480542479, 14088.125716224398, 4554.927892080294, -13649.875062689194, -34755.107433212695, -5419.761588545035, -36713.72374459788, -19506.47914486875, -18187.03331792752, 7519.417407443215, -0.13, 0.966, -0.162, 192.0, 0.0, 0.0, 0.0, 0.0, 0.0, 0.0, 0.0, 0.0, 0.0, 1.741808571854976E9, 0.0, 2025-03-12 14:42:51.854
106.0, 17344.48431068472, -27619.76005074502, -42887.14145268696, -28470.78036913638, -25031.316284098182, 6381.445393734622, -37662.063558347654, 14087.321053424008, 4573.85981963394, -13639.101521861736, -34753.54281110082, -5427.0706089819205, -36712.002660274826, -19501.494705855217, -18185.044012671, 7533.364895983326, -0.13, 0.966, -0.162, 192.0, 0.0, 0.0, 0.0, 0.0, 0.0, 0.0, 0.0, 0.0, 0.0, 1.741808571855001E9, 0.0, 2025-03-12 14:42:51.855
108.0, 17395.334529320542, -27627.203181648634, -42892.3717608895, -28416.398574876617, -25032.210353876395, 6440.185778163169, -37665.75159618278, 14092.618416859916, 4559.040613060071, -13643.549519008342, -34750.5029738549, -5419.895699011767, -36710.43803816295, -19504.601598334506, -18187.301538860982, 7529.810968614933, -0.132, 0.966, -0.164, 192.0, 125.5, 112.0, 15.0, 24.0, 125.0, 112.0, 0.0, 0.0, 0.0, 1.741808571855031E9, 0.0, 2025-03-12 14:42:51.855
110.0, 17333.0402175236, -27615.580274531876, -42889.08605445457, -28468.388732479663, -25033.551458543716, 6393.7165014405855, -37661.571819969635, 14085.555265612038, 4567.735441653185, -13636.352257293733, -34752.62638957815, -5425.729504314602, -36722.12800051308, -19500.935912243833, -18191.905998218775, 7533.499006450058, -0.132, 0.966, -0.164, 192.0, 0.0, 0.0, 0.0, 0.0, 0.0, 0.0, 0.0, 0.0, 0.0, 1.741808571855074E9, 0.0, 2025-03-12 14:42:51.855
112.0, 17406.242180614732, -27617.413117577213, -42874.423310091894, -28412.15174343011, -25018.7546037143, 6435.134283916269, -37651.69234892039, 14096.082937250489, 4573.613950444931, -13634.765283437406, -34733.292130624315, -5409.233916906585, -36708.69460209544, -19491.90580748389, -18182.250044614084, 7538.68461116369, -0.132, 0.966, -0.164, 192.0, 0.0, 0.0, 0.0, 0.0, 0.0, 0.0, 0.0, 0.0, 0.0, 1.741808571855092E9, 0.0, 2025-03-12 14:42:51.855
114.0, 17335.72242685824, -27625.14682115875, -42883.229897407284, -28462.82314811029, -25030.28810385324, 6397.248077064523, -37656.743843167285, 14090.249131947654, 4574.418613245322, -13637.022809627391, -34735.7508225144, -5407.892812239267, -36706.72764858337, -19491.123496427954, -18181.780657980522, 7541.679744920701, -0.132, 0.966, -0.164, 192.0, 0.0, 0.0, 0.0, 0.0, 0.0, 0.0, 0.0, 0.0, 0.0, 1.741808571855107E9, 0.0, 2025-03-12 14:42:51.855
116.0, 17390.551256007107, -27618.70951875562, -42869.394167589446, -28413.470496352973, -25015.89358042402, 6424.897184955738, -37649.94891285287, 14099.525105896606, 4574.865648134429, -13635.569946237798, -34736.64489229261, -5411.759664030035, -36706.8617590501, -19496.599673819503, -18185.915730704754, 7540.226881531105, -0.132, 0.966, -0.164, 192.0, 0.0, 0.0, 0.0, 0.0, 0.0, 0.0, 0.0, 0.0, 0.0, 1.741808571855122E9, 0.0, 2025-03-12 14:42:51.855
118.0, 17317.4386998938, -27636.970893975606, -42892.28235391168, -28454.82122359529, -25039.899353969024, 6407.418120791688, -37668.47850900632, 14085.957597012235, 4568.160124797836, -13633.960620637015, -34737.53896207082, -5403.109538925832, -36711.80149457473, -19494.208037162785, -18181.93712019171, 7543.490236221581, -0.134, 0.964, -0.164, 192.0, 125.5, 104.0, 15.0, 16.0, 125.0, 112.0, 0.0, 0.0, 0.0, 1.741808571914948E9, 0.0, 2025-03-12 14:42:51.914
120.0, 17373.407468009886, -27638.982550976583, -42884.43689160787, -28416.175057432065, -25029.639903264037, 6439.269356640501, -37660.49893623578, 14092.104326737444, 4559.532351438088, -13644.398885297644, -34746.94904648651, -5423.02494323551, -36719.08816326716, -19508.043766980623, -18192.576550552436, 7532.716695394122, -0.134, 0.964, -0.164, 192.0, 0.0, 0.0, 0.0, 0.0, 0.0, 0.0, 0.0, 0.0, 0.0, 1.741808571914993E9, 0.0, 2025-03-12 14:42:51.914
122.0, 17318.064548738545, -27640.65893181073, -42891.58944983357, -28457.905764330124, -25037.463013823395, 6415.397693562233, -37667.15975608346, 14082.135448710376, 4558.839447359973, -13649.450379544543, -34747.10550869769, -5412.296105896963, -36719.22227373389, -19500.377118632452, -18190.944873207198, 7527.911070336231, -0.134, 0.964, -0.164, 192.0, 0.0, 0.0, 0.0, 0.0, 0.0, 0.0, 0.0, 0.0, 0.0, 1.741808571915009E9, 0.0, 2025-03-12 14:42:51.915
124.0, 17364.15384580539, -27638.535516087475, -42877.373740359995, -28428.714386071493, -25023.850801450113, 6410.592068504342, -37657.727319923324, 14091.70199533725, 4562.773354384107, -13648.869234188705, -34750.83825002173, -5428.83639679389, -36722.418573191, -19505.316854157074, -18197.60569305488, 7530.861500604332, -0.134, 0.964, -0.164, 192.0, 0.0, 0.0, 0.0, 0.0, 0.0, 0.0, 0.0, 0.0, 0.0, 1.741808571915029E9, 0.0, 2025-03-12 14:42:51.915
126.0, 17327.318170943043, -27633.886353240774, -42880.61474330601, -28445.902877557623, -25025.19190611743, 6397.225725320069, -37652.3852529985, 14094.630073860893, 4572.138735310881, -13635.949925893538, -34739.438860349524, -5399.957942957633, -36706.8617590501, -19489.76004001618, -18180.08192540192, 7540.9197856092205, -0.134, 0.964, -0.164, 192.0, 0.0, 0.0, 0.0, 0.0, 0.0, 0.0, 0.0, 0.0, 0.0, 1.741808571915049E9, 0.0, 2025-03-12 14:42:51.915
128.0, 17375.910863388883, -27632.209972406625, -42871.80815599062, -28422.8582290242, -25018.486382780837, 6399.55030674342, -37650.12772680852, 14093.758355827136, 4583.024034860616, -13629.892603146149, -34746.32319764176, -5417.057027465943, -36704.447770648934, -19490.654109794392, -18185.60280628238, 7540.472750720114, -0.128, 0.9580000000000001, -0.17, 192.0, 126.0, 0.0, 14.5, 120.0, 125.0, 88.0, 0.0, 0.0, 0.0, 1.741808571915064E9, 0.0, 2025-03-12 14:42:51.915
130.0, 17336.72825535873, -27634.37809161879, -42889.68955155487, -28437.58802862025, -25040.972237702877, 6411.88846968275, -37670.42311077394, 14078.045079475056, 4574.887999878883, -13639.190928839556, -34740.690558039016, -5394.392358588262, -36707.93464278396, -19494.610368562982, -18185.178123137728, 7527.352276724849, -0.128, 0.9580000000000001, -0.17, 192.0, 0.0, 0.0, 0.0, 0.0, 0.0, 0.0, 0.0, 0.0, 0.0, 1.74180857191508E9, 0.0, 2025-03-12 14:42:51.915
132.0, 17365.360840005975, -27631.807641006428, -42881.48646133977, -28429.608455849702, -25040.301685369217, 6400.623190477275, -37666.77977642772, 14084.25886443363, 4581.347654026467, -13639.235632328468, -34753.18518318953, -5425.662449081236, -36721.70331736843, -19509.0048919922, -18201.45019310119, 7529.25217500355, -0.128, 0.9580000000000001, -0.17, 192.0, 0.0, 0.0, 0.0, 0.0, 0.0, 0.0, 0.0, 0.0, 0.0, 1.74180857197475E9, 0.0, 2025-03-12 14:42:51.974
134.0, 17348.61938340895, -27622.956350202126, -42886.06856895311, -28428.289702926842, -25044.52616507127, 6416.694094740641, -37668.54556423969, 14076.033422474078, 4569.568284698521, -13642.163710852112, -34739.5506190718, -5394.0794341658875, -36718.439962677956, -19494.498609840706, -18198.767983766556, 7524.446549945659, -0.128, 0.9580000000000001, -0.17, 192.0, 0.0, 0.0, 0.0, 0.0, 0.0, 0.0, 0.0, 0.0, 0.0, 1.741808571974771E9, 0.0, 2025-03-12 14:42:51.974
136.0, 17367.01486909567, -27623.246922880047, -42872.63517053547, -28424.04287148033, -25031.070414909176, 6391.235457806046, -37658.06259609015, 14091.389070914875, 4591.227125075713, -13627.299800789333, -34740.265874894365, -5407.199908161153, -36701.095008980636, -19491.637586550427, -18195.772850009544, 7543.44553273267, -0.128, 0.9580000000000001, -0.17, 192.0, 0.0, 0.0, 0.0, 0.0, 0.0, 0.0, 0.0, 0.0, 0.0, 1.741808571974786E9, 0.0, 2025-03-12 14:42:51.974
138.0, 17361.87396787095, -27625.213876392114, -42875.7197112703, -28413.20227541951, -25035.697226011423, 6418.951620930627, -37659.06842459064, 14088.997434258155, 4580.677101692808, -13634.69822820404, -34730.52051431185, -5376.77918395748, -36702.838445048146, -19481.936929456824, -18186.519227805045, 7538.7516663970555, -0.132, 0.96, -0.164, 192.0, 125.5, 112.0, 15.0, 0.0, 125.0, 112.0, 0.0, 0.0, 0.0, 1.741808571974801E9, 0.0, 2025-03-12 14:42:51.974
140.0, 17347.904127586382, -27633.193449162656, -42884.571002074605, -28433.564714618293, -25043.408577848506, 6397.963332887093, -37667.092700850095, 14083.722422566703, 4584.141622083381, -13636.575774738285, -34747.68665405353, -5410.351504129351, -36712.494398652845, -19493.15750517339, -18192.867123230353, 7536.9858785850865, -0.132, 0.96, -0.164, 192.0, 0.0, 0.0, 0.0, 0.0, 0.0, 0.0, 0.0, 0.0, 0.0, 1.741808571974817E9, 0.0, 2025-03-12 14:42:51.974
142.0, 17364.131494060934, -27623.805716491428, -42883.162842173915, -28407.971967216967, -25040.61460979159, 6433.435551337666, -37664.81282291566, 14084.370623155908, 4578.687796436286, -13633.737103192461, -34735.61671204767, -5383.976445672089, -36712.002660274826, -19492.933987728833, -18187.301538860982, 7534.303669250449, -0.132, 0.96, -0.164, 192.0, 0.0, 0.0, 0.0, 0.0, 0.0, 0.0, 0.0, 0.0, 0.0, 1.741808571974844E9, 0.0, 2025-03-12 14:42:51.974
144.0, 17347.032409552623, -27609.165323873203, -42870.62351353449, -28439.53263038786, -25030.399862575516, 6385.647521692219, -37655.17922105542, 14089.73504182518, 4585.594485472976, -13630.496100246442, -34746.636122064134, -5405.59058256037, -36713.88020680907, -19493.358670873484, -18200.064384944963, 7536.896471607265, -0.132, 0.96, -0.164, 192.0, 0.0, 0.0, 0.0, 0.0, 0.0, 0.0, 0.0, 0.0, 0.0, 1.741808571974859E9, 0.0, 2025-03-12 14:42:51.974
146.0, 17371.90990113138, -27618.37424258879, -42873.730406013776, -28397.66781302307, -25034.512583555294, 6432.65324028173, -37661.013026358254, 14087.231646446187, 4588.120232596425, -13625.243440299446, -34723.03267991933, -5373.471125778095, -36690.36617164209, -19476.95249044329, -18183.904073703776, 7540.852730375855, -0.132, 0.96, -0.164, 192.0, 0.0, 0.0, 0.0, 0.0, 0.0, 0.0, 0.0, 0.0, 0.0, 1.741808571974874E9, 0.0, 2025-03-12 14:42:51.974
148.0, 17333.66606636835, -27611.98164367457, -42867.82954547758, -28440.91843854409, -25033.082071910154, 6384.015844346982, -37658.911962379454, 14089.355062169441, 4586.980293629204, -13631.03254211337, -34738.34362487121, -5402.953076714644, -36709.409857918006, -19493.358670873484, -18200.08673668942, 7539.355163497349, -0.132, 0.9580000000000001, -0.162, 192.0, 125.5, 112.0, 14.5, 120.0, 125.0, 120.0, 0.0, 0.0, 0.0, 1.741808572035058E9, 0.0, 2025-03-12 14:42:52.035
150.0, 17379.53184599064, -27627.80667874893, -42871.830507735074, -28394.203292632497, -25040.61460979159, 6446.46661835511, -37670.937200896406, 14086.315224923519, 4577.413747002333, -13634.787635181861, -34724.57495028674, -5383.618817760804, -36703.97838401537, -19490.072964438554, -18192.285977874515, 7537.522320452013, -0.132, 0.9580000000000001, -0.162, 192.0, 0.0, 0.0, 0.0, 0.0, 0.0, 0.0, 0.0, 0.0, 0.0, 1.741808572035079E9, 0.0, 2025-03-12 14:42:52.035
152.0, 17332.548479145586, -27610.12644888478, -42862.129850641475, -28442.97479903398, -25031.986836431843, 6390.833126405851, -37657.25793328976, 14088.438640646773, 4585.370968028423, -13631.725446191484, -34738.36597661566, -5404.83062324889, -36705.74417182734, -19492.732822028735, -18198.11978317735, 7534.482483206092, -0.132, 0.9580000000000001, -0.162, 192.0, 0.0, 0.0, 0.0, 0.0, 0.0, 0.0, 0.0, 0.0, 0.0, 1.741808572035094E9, 0.0, 2025-03-12 14:42:52.035
154.0, 17380.045936113114, -27625.3703386033, -42876.5690775596, -28388.90592919659, -25042.983894703855, 6454.334432403378, -37672.5912299861, 14082.090745221467, 4585.639188961886, -13625.623419955185, -34720.283415351325, -5377.963826413611, -36692.57899434317, -19487.211941148274, -18185.938082449207, 7534.750704139556, -0.132, 0.9580000000000001, -0.162, 192.0, 0.0, 0.0, 0.0, 0.0, 0.0, 0.0, 0.0, 0.0, 0.0, 1.74180857203512E9, 0.0, 2025-03-12 14:42:52.035
156.0, 17310.889638768393, -27612.294568096946, -42877.798423504646, -28453.88245032817, -25044.52616507127, 6395.7728619304735, -37670.44546251839, 14073.284157906075, 4575.871476634918, -13639.101521861736, -34748.33485464274, -5402.528393569994, -36716.98709928836, -19497.76196453118, -18210.83792577242, 7517.5622126534245, -0.132, 0.9580000000000001, -0.162, 192.0, 0.0, 0.0, 0.0, 0.0, 0.0, 0.0, 0.0, 0.0, 0.0, 1.741808572035135E9, 0.0, 2025-03-12 14:42:52.035
158.0, 17366.90311037339, -27621.27996936798, -42874.82564149209, -28397.37724034515, -25043.207412148407, 6445.8407695103615, -37670.0431311182, 14079.095611464456, 4575.446793490266, -13632.641867714152, -34733.49329632441, -5382.881210193778, -36701.27382293628, -19482.42866783484, -18202.165448923763, 7520.959677810631, -0.13, 0.96, -0.156, 192.0, 125.5, 120.0, 15.0, 0.0, 125.5, 16.0, 0.0, 0.0, 0.0, 1.74180857203515E9, 0.0, 2025-03-12 14:42:52.035
160.0, 17297.009205461647, -27619.98356818957, -42879.43010084988, -28456.832880596266, -25044.05677843771, 6398.209202076102, -37668.45615726187, 14074.73702129567, 4576.072642335015, -13639.392094539655, -34748.200744176, -5399.935591213178, -36716.607119632616, -19490.8999789834, -18208.133364693327, 7517.942192309165, -0.13, 0.96, -0.156, 192.0, 0.0, 0.0, 0.0, 0.0, 0.0, 0.0, 0.0, 0.0, 0.0, 1.741808572035167E9, 0.0, 2025-03-12 14:42:52.035
162.0, 17351.52511018814, -27636.41210036422, -42881.15118517294, -28407.077897438754, -25039.497022568827, 6443.22561540909, -37664.38813977101, 14083.253035933143, 4564.941473596272, -13644.957678909026, -34746.16673543057, -5400.472033080106, -36713.58963413115, -19496.934949986335, -18200.01968145605, 7517.606916142335, -0.13, 0.96, -0.156, 192.0, 0.0, 0.0, 0.0, 0.0, 0.0, 0.0, 0.0, 0.0, 0.0, 1.741808572095989E9, 0.0, 2025-03-12 14:42:52.095
164.0, 17282.122943654413, -27636.210934664123, -42889.15310968794, -28466.8688138567, -25045.599048805125, 6389.849649649817, -37662.82351765913, 14078.067431219511, 4564.360328240434, -13649.405676055632, -34758.14727045861, -5412.2737541525075, -36718.39525918904, -19507.082641969042, -18203.528905335537, 7520.244421988061, -0.13, 0.96, -0.156, 192.0, 0.0, 0.0, 0.0, 0.0, 0.0, 0.0, 0.0, 0.0, 0.0, 1.741808572096032E9, 0.0, 2025-03-12 14:42:52.096
166.0, 17353.223842766743, -27636.79208001996, -42879.58656306107, -28413.20227541951, -25033.931438199455, 6420.829167464873, -37658.06259609015, 14089.131544724887, 4564.136810795881, -13648.422199299599, -34757.72258731396, -5414.1513006867535, -36714.05902076471, -19498.29840639811, -18198.544466322, 7520.982029555086, -0.13, 0.96, -0.156, 192.0, 0.0, 0.0, 0.0, 0.0, 0.0, 0.0, 0.0, 0.0, 0.0, 1.741808572096048E9, 0.0, 2025-03-12 14:42:52.096
168.0, 17289.09668792447, -27633.014635207015, -42882.31347588461, -28453.278953227873, -25039.072339424176, 6398.902106154216, -37662.8905728925, 14079.944977753757, 4570.484706221188, -13649.450379544543, -34755.68857856853, -5407.043445949966, -36720.093991767644, -19500.690043054827, -18198.767983766556, 7519.976201054597, -0.128, 0.9540000000000001, -0.164, 192.0, 126.0, 0.0, 14.5, 104.0, 125.0, 112.0, 0.0, 0.0, 0.0, 1.741808572096063E9, 0.0, 2025-03-12 14:42:52.096
170.0, 17344.841938596004, -27629.483059583075, -42869.70709201182, -28409.760106773392, -25024.610760761592, 6424.025466921981, -37652.49701172078, 14094.428908160795, 4573.971578356216, -13646.74581846545, -34752.62638957815, -5410.083283195888, -36705.45359914942, -19492.509304584182, -18194.521152320045, 7522.881927833788, -0.128, 0.9540000000000001, -0.164, 192.0, 0.0, 0.0, 0.0, 0.0, 0.0, 0.0, 0.0, 0.0, 0.0, 1.741808572096084E9, 0.0, 2025-03-12 14:42:52.096
172.0, 17278.74783024166, -27637.127356186793, -42881.8217375066, -28451.602572393727, -25038.446490579427, 6403.797138189929, -37663.98580837081, 14085.622320845405, 4572.026976588604, -13650.120931878202, -34751.464098866476, -5398.773300501502, -36712.44969516393, -19495.660900552382, -18194.923483720242, 7525.810006357433, -0.128, 0.9540000000000001, -0.164, 192.0, 0.0, 0.0, 0.0, 0.0, 0.0, 0.0, 0.0, 0.0, 0.0, 1.741808572096099E9, 0.0, 2025-03-12 14:42:52.096
174.0, 17325.082996497513, -27641.485946355577, -42876.63613279297, -28420.91362725659, -25033.551458543716, 6416.98466741856, -37658.59903795708, 14090.606759858938, 4568.070717820015, -13652.378458068188, -34761.231811193444, -5424.254289180552, -36721.18922724596, -19499.48304885424, -18202.45602160168, 7521.294953977461, -0.128, 0.9540000000000001, -0.164, 192.0, 0.0, 0.0, 0.0, 0.0, 0.0, 0.0, 0.0, 0.0, 0.0, 1.741808572096114E9, 0.0, 2025-03-12 14:42:52.096
176.0, 17283.195827388266, -27633.32755962939, -42879.944190972354, -28444.9641042905, -25039.318208613186, 6400.712597455096, -37661.013026358254, 14086.158762712332, 4574.798592901063, -13644.331830064277, -34750.63708432163, -5398.907410968234, -36708.62754686207, -19495.14681042991, -18195.661091287267, 7523.820701100911, -0.128, 0.9540000000000001, -0.164, 192.0, 0.0, 0.0, 0.0, 0.0, 0.0, 0.0, 0.0, 0.0, 0.0, 1.741808572096133E9, 0.0, 2025-03-12 14:42:52.096
178.0, 17322.467842396243, -27634.825126507894, -42873.730406013776, -28423.81935403578, -25035.00432193331, 6400.26556256599, -37661.303599036175, 14089.198599958254, 4577.391395257878, -13643.594222497251, -34759.19780244801, -5423.002591491055, -36713.321413197686, -19502.76875528917, -18204.154754180283, 7526.34644822436, -0.124, 0.968, -0.162, 192.0, 126.0, 16.0, 15.0, 32.0, 125.0, 120.0, 0.0, 0.0, 0.0, 1.741808572155609E9, 0.0, 2025-03-12 14:42:52.155
180.0, 17295.75750777215, -27631.69588228415, -42878.826603749585, -28438.25858095391, -25042.313342370195, 6399.438548021144, -37665.57278222714, 14076.88278876338, 4576.2291045462025, -13646.052914387335, -34752.380520389146, -5398.102748167843, -36703.79957005973, -19497.091412197522, -18202.433669857226, 7523.396017956259, -0.124, 0.968, -0.162, 192.0, 0.0, 0.0, 0.0, 0.0, 0.0, 0.0, 0.0, 0.0, 0.0, 1.741808572155632E9, 0.0, 2025-03-12 14:42:52.155
182.0, 17319.606819105964, -27631.070033439402, -42876.189097903865, -28423.841705780236, -25041.776900503268, 6396.286952052946, -37664.723415937835, 14083.409498144329, 4578.553685969554, -13641.962545152015, -34761.455328637996, -5416.274716410007, -36715.6683463655, -19502.56758958907, -18214.16833569626, 7528.20164301415, -0.124, 0.968, -0.162, 192.0, 0.0, 0.0, 0.0, 0.0, 0.0, 0.0, 0.0, 0.0, 0.0, 1.741808572155647E9, 0.0, 2025-03-12 14:42:52.155
184.0, 17300.227856663212, -27631.338254372866, -42876.7702432597, -28418.633749322147, -25042.04512143673, 6417.7222749855855, -37663.538773481705, 14085.667024334316, 4579.33599702549, -13638.65448697263, -34740.131764427635, -5386.3904340732615, -36708.44873290643, -19487.301348126097, -18203.17127742425, 7531.375590726804, -0.124, 0.968, -0.162, 192.0, 0.0, 0.0, 0.0, 0.0, 0.0, 0.0, 0.0, 0.0, 0.0, 1.741808572155662E9, 0.0, 2025-03-12 14:42:52.155
186.0, 17294.61756880493, -27635.294513141456, -42877.798423504646, -28430.0107872499, -25037.127737656563, 6396.018731119482, -37665.17045082694, 14083.409498144329, 4585.393319772878, -13637.760417194417, -34754.883915768136, -5418.219318177619, -36717.94822429994, -19493.783354018135, -18212.000216484095, 7529.140416281273, -0.124, 0.968, -0.162, 192.0, 0.0, 0.0, 0.0, 0.0, 0.0, 0.0, 0.0, 0.0, 0.0, 1.74180857215569E9, 0.0, 2025-03-12 14:42:52.155
188.0, 17285.967443700727, -27633.461670096123, -42881.285295639675, -28417.560865588293, -25032.94796144342, 6416.448225551632, -37661.638875203, 14082.426021388295, 4578.374872013912, -13640.777902695883, -34745.49618309691, -5392.760681243024, -36706.90646253902, -19490.765868516668, -18200.22084715615, 7525.117102279318, -0.122, 0.962, -0.164, 192.0, 126.0, 24.0, 15.0, 8.0, 125.0, 112.0, 0.0, 0.0, 0.0, 1.741808572155705E9, 0.0, 2025-03-12 14:42:52.155
190.0, 17261.98402190018, -27643.85523126784, -42886.470900353306, -28442.237191466953, -25042.71567377039, 6388.128565326759, -37669.37257878454, 14077.352175396942, 4571.33407251049, -13642.99072539696, -34768.83140430825, -5425.617745592326, -36722.59738714664, -19500.57828433255, -18212.402547884292, 7520.5573464104355, -0.122, 0.962, -0.164, 192.0, 0.0, 0.0, 0.0, 0.0, 0.0, 0.0, 0.0, 0.0, 0.0, 1.741808572155721E9, 0.0, 2025-03-12 14:42:52.155
192.0, 17278.926644197305, -27632.791117762463, -42876.92670547089, -28413.738717286436, -25037.440662078938, 6415.665914495697, -37661.638875203, 14084.325919666997, 4567.355461997445, -13655.239481358467, -34757.00733149139, -5401.477861580594, -36712.02501201928, -19503.796935534112, -18206.881667003832, 7513.181270740184, -0.122, 0.962, -0.164, 192.0, 0.0, 0.0, 0.0, 0.0, 0.0, 0.0, 0.0, 0.0, 0.0, 1.741808572214502E9, 0.0, 2025-03-12 14:42:52.214
194.0, 17255.814940430515, -27637.395577120256, -42871.20465889033, -28440.449051910527, -25032.47857480986, 6366.4026697162, -37658.219058301336, 14088.528047624595, 4584.588656972487, -13644.912975420115, -34764.56222111729, -5421.97441124611, -36720.42926793447, -19499.72891804325, -18213.833059529432, 7523.910108078731, -0.122, 0.962, -0.164, 192.0, 0.0, 0.0, 0.0, 0.0, 0.0, 0.0, 0.0, 0.0, 0.0, 1.74180857221452E9, 0.0, 2025-03-12 14:42:52.214
196.0, 17295.109307182945, -27642.245905667056, -42875.339731614564, -28402.540493314325, -25040.033464435754, 6410.390902804244, -37662.95762812586, 14085.555265612038, 4577.771374913618, -13647.014039398915, -34750.68178781054, -5396.2475533780525, -36704.91715728249, -19491.794048761614, -18202.25485590158, 7525.340619723871, -0.122, 0.962, -0.164, 192.0, 0.0, 0.0, 0.0, 0.0, 0.0, 0.0, 0.0, 0.0, 0.0, 1.741808572214543E9, 0.0, 2025-03-12 14:42:52.214
198.0, 17250.338763038966, -27638.870792254307, -42876.882001981976, -28442.81833682279, -25044.637923793547, 6370.895370351716, -37662.97997987032, 14079.140314953365, 4585.14745058387, -13649.22686209999, -34764.83044205075, -5424.008419991544, -36718.08233476667, -19504.132211700944, -18216.917600264263, 7528.939250581176, -0.126, 0.966, -0.164, 192.0, 126.0, 8.0, 15.0, 24.0, 125.0, 112.0, 0.0, 0.0, 0.0, 1.741808572214559E9, 0.0, 2025-03-12 14:42:52.214
200.0, 17285.207484389244, -27647.163289447224, -42876.85965023752, -28401.959347958487, -25045.017903449287, 6430.7533420030295, -37668.299695050686, 14079.967329498211, 4574.753889412152, -13653.764266224416, -34752.715796555975, -5406.998742461055, -36707.28644219475, -19503.61812157847, -18207.46281235967, 7523.485424934081, -0.126, 0.966, -0.164, 192.0, 0.0, 0.0, 0.0, 0.0, 0.0, 0.0, 0.0, 0.0, 0.0, 1.741808572214575E9, 0.0, 2025-03-12 14:42:52.214
202.0, 17233.329085508478, -27634.13222242978, -42868.58950478906, -28454.262429983908, -25036.032502178256, 6373.108193052793, -37658.39787225698, 14083.722422566703, 4578.844258647473, -13661.497969805952, -34763.64579959462, -5435.2289957081075, -36712.85202656413, -19512.737633316236, -18217.4987456201, 7518.702151620645, -0.126, 0.966, -0.164, 192.0, 0.0, 0.0, 0.0, 0.0, 0.0, 0.0, 0.0, 0.0, 0.0, 1.741808572214594E9, 0.0, 2025-03-12 14:42:52.214
204.0, 17295.109307182945, -27634.93688523017, -42860.25230410723, -28397.310185111786, -25025.77305147327, 6424.628964022275, -37651.580590198115, 14095.144163983365, 4582.733462182697, -13648.93628942207, -34742.07636619525, -5406.8199285054125, -36699.82095954668, -19493.693947040316, -18196.108126176372, 7533.5884134278795, -0.126, 0.966, -0.164, 192.0, 0.0, 0.0, 0.0, 0.0, 0.0, 0.0, 0.0, 0.0, 0.0, 1.741808572214609E9, 0.0, 2025-03-12 14:42:52.214
206.0, 17232.569126196995, -27635.495678841555, -42869.48357456727, -28446.282857213362, -25035.47370856687, 6387.212143804091, -37658.35316876807, 14087.36575691292, 4586.063872106537, -13648.84688244425, -34750.57002908827, -5414.620687320315, -36711.75679108582, -19498.343109887017, -18199.773812267045, 7533.923689594709, -0.126, 0.966, -0.164, 192.0, 0.0, 0.0, 0.0, 0.0, 0.0, 0.0, 0.0, 0.0, 0.0, 1.741808572214624E9, 0.0, 2025-03-12 14:42:52.214
208.0, 17298.57382757352, -27623.917475213704, -42856.363100572, -28394.89619671061, -25020.22981884835, 6428.138187901758, -37650.239485530794, 14093.490134893673, 4585.90740989535, -13643.616574241707, -34742.657511551086, -5406.082320938387, -36708.04640150624, -19493.492781340217, -18200.623178556347, 7528.492215692069, -0.132, 0.964, -0.162, 192.0, 125.5, 112.0, 15.0, 16.0, 125.0, 120.0, 0.0, 0.0, 0.0, 1.741808572274857E9, 0.0, 2025-03-12 14:42:52.274
210.0, 17228.23288777267, -27626.867905481806, -42863.38154833097, -28444.80764207931, -25029.751661986313, 6389.6708356941745, -37652.67582567642, 14089.891504036368, 4594.356369299456, -13639.548556750842, -34743.26100865138, -5408.250440150552, -36702.32435492568, -19490.944682472313, -18195.526980820534, 7533.230785516595, -0.132, 0.964, -0.162, 192.0, 0.0, 0.0, 0.0, 0.0, 0.0, 0.0, 0.0, 0.0, 0.0, 1.741808572274879E9, 0.0, 2025-03-12 14:42:52.274
212.0, 17293.120001926425, -27626.75614675953, -42857.659501750415, -28389.822350719256, -25023.94020842793, 6435.760132761018, -37651.98292159831, 14101.246190219665, 4586.935590140294, -13638.721542205996, -34736.24256089241, -5404.718864526613, -36705.498302638334, -19490.989385961224, -18193.291806375004, 7528.760436625534, -0.132, 0.964, -0.162, 192.0, 0.0, 0.0, 0.0, 0.0, 0.0, 0.0, 0.0, 0.0, 0.0, 1.741808572274895E9, 0.0, 2025-03-12 14:42:52.274
214.0, 17227.517631950097, -27614.283873353466, -42858.687681995354, -28436.82806930877, -25036.14426090053, 6397.225725320069, -37657.88378213451, 14095.099460494455, 4590.95890414225, -13635.03350437087, -34738.99182546041, -5398.236858634575, -36701.38558165856, -19491.19055166132, -18197.6951000327, 7530.548576181958, -0.132, 0.964, -0.162, 192.0, 0.0, 0.0, 0.0, 0.0, 0.0, 0.0, 0.0, 0.0, 0.0, 1.741808572274924E9, 0.0, 2025-03-12 14:42:52.274
216.0, 17294.103478682457, -27619.98356818957, -42847.7129754678, -28382.982716915933, -25024.700167739415, 6434.910766471716, -37650.50770646426, 14107.214105989231, 4599.430215290811, -13619.633152441163, -34726.54190379881, -5391.531335297983, -36698.45750313491, -19470.604595017983, -18193.247102886093, 7540.964489098131, -0.132, 0.964, -0.162, 192.0, 0.0, 0.0, 0.0, 0.0, 0.0, 0.0, 0.0, 0.0, 0.0, 1.741808572274939E9, 0.0, 2025-03-12 14:42:52.274
218.0, 17225.26010576011, -27630.89121948376, -42861.52635354118, -28436.82806930877, -25034.490231810836, 6405.31705681289, -37659.22488680183, 14092.059623248533, 4592.009436131649, -13629.669085701596, -34736.6001888037, -5399.712073768625, -36706.2135584609, -19477.10895265448, -18196.041070943007, 7532.627288416302, -0.132, 0.9580000000000001, -0.156, 192.0, 125.5, 112.0, 14.5, 120.0, 125.5, 16.0, 0.0, 0.0, 0.0, 1.741808572274961E9, 0.0, 2025-03-12 14:42:52.274
220.0, 17274.0763156505, -27637.79790852045, -42858.486516295256, -28403.52397007036, -25024.09667063912, 6422.662010510208, -37653.99457859929, 14098.631036118393, 4573.010453344637, -13647.483426032475, -34751.5535058443, -5419.873347267312, -36712.203825974924, -19499.840676765525, -18212.290789162016, 7517.58456439788, -0.132, 0.9580000000000001, -0.156, 192.0, 0.0, 0.0, 0.0, 0.0, 0.0, 0.0, 0.0, 0.0, 0.0, 1.741808572274977E9, 0.0, 2025-03-12 14:42:52.274
222.0, 17219.918038835294, -27633.662835796218, -42863.64976926443, -28428.9602552605, -25029.371682330573, 6407.8651556807945, -37648.76427039674, 14098.541629140573, 4574.709185923241, -13640.330867806777, -34744.043319707314, -5394.213544632619, -36706.90646253902, -19492.017566206167, -18202.567780323956, 7527.39698021376, -0.132, 0.9580000000000001, -0.156, 192.0, 0.0, 0.0, 0.0, 0.0, 0.0, 0.0, 0.0, 0.0, 0.0, 1.7418085723365E9, 0.0, 2025-03-12 14:42:52.336
224.0, 17273.18224587229, -27642.469423111612, -42858.12888838397, -28398.785400245837, -25027.538839285236, 6417.923440685683, -37653.2346192878, 14101.626169875404, 4577.011415602138, -13641.64962072964, -34748.55837208729, -5410.26209715153, -36711.75679108582, -19489.536522571627, -18211.08379496143, 7528.961602325631, -0.132, 0.9580000000000001, -0.156, 192.0, 0.0, 0.0, 0.0, 0.0, 0.0, 0.0, 0.0, 0.0, 0.0, 1.741808572336521E9, 0.0, 2025-03-12 14:42:52.336
226.0, 17218.50987893461, -27647.76678654752, -42865.32615009858, -28427.261522681896, -25036.90422021201, 6415.442397051143, -37661.95179962538, 14089.377413913897, 4573.613950444931, -13650.70207723404, -34743.283360395835, -5399.533259812983, -36700.06682873569, -19494.163333673874, -18211.664940317267, 7524.401846456748, -0.134, 0.9590000000000001, -0.158, 192.0, 125.5, 96.0, 15.0, 0.0, 125.5, 0.0, 0.0, 0.0, 0.0, 1.741808572336536E9, 0.0, 2025-03-12 14:42:52.336
228.0, 17257.93835615377, -27646.64919932475, -42856.16193487191, -28414.163400431087, -25023.09084213863, 6408.714521970096, -37654.82159314413, 14093.534838382584, 4571.445831232766, -13656.55823428133, -34756.426186135555, -5431.920937528723, -36716.71887835489, -19505.47331636826, -18220.717396821667, 7526.748779624556, -0.134, 0.9590000000000001, -0.158, 192.0, 0.0, 0.0, 0.0, 0.0, 0.0, 0.0, 0.0, 0.0, 0.0, 1.741808572336552E9, 0.0, 2025-03-12 14:42:52.336
230.0, 17222.421434214288, -27637.105004442335, -42858.687681995354, -28414.453973109004, -25026.711824740392, 6415.867080195794, -37651.9382181094, 14094.07128024951, 4575.200924301258, -13644.823568442294, -34740.64585455011, -5398.370969101306, -36704.06779099319, -19487.18958940382, -18205.898190247797, 7534.974221584109, -0.134, 0.9590000000000001, -0.158, 192.0, 0.0, 0.0, 0.0, 0.0, 0.0, 0.0, 0.0, 0.0, 0.0, 1.741808572336579E9, 0.0, 2025-03-12 14:42:52.336
232.0, 17235.810129143018, -27639.921324243704, -42856.22899010527, -28405.267406137875, -25021.883847938043, 6407.194603347136, -37648.294883763185, 14098.765146585125, 4581.2805987931015, -13635.167614837601, -34746.47965985294, -5410.507966340539, -36704.47012239339, -19488.37423185995, -18207.909847248775, 7542.618518187824, -0.134, 0.9590000000000001, -0.158, 192.0, 0.0, 0.0, 0.0, 0.0, 0.0, 0.0, 0.0, 0.0, 0.0, 1.741808572336595E9, 0.0, 2025-03-12 14:42:52.336
234.0, 17214.866544588393, -27651.924211016205, -42859.93937968485, -28410.184789918043, -25023.38141481655, 6422.84082446585, -37650.70887216436, 14092.059623248533, 4568.964787598227, -13651.350277823243, -34743.46217435148, -5392.805384731935, -36700.84913979163, -19493.023394706655, -18199.66205354477, 7529.6545064037455, -0.134, 0.9590000000000001, -0.158, 192.0, 0.0, 0.0, 0.0, 0.0, 0.0, 0.0, 0.0, 0.0, 0.0, 1.74180857233661E9, 0.0, 2025-03-12 14:42:52.336
236.0, 17221.4156057138, -27650.13607145978, -42858.44181280635, -28417.739679543934, -25021.637978749037, 6403.663027723197, -37645.74678489528, 14100.083899507988, 4581.213543559736, -13647.952812666037, -34751.97818898895, -5418.353428644351, -36706.325317183175, -19493.023394706655, -18201.31608263446, 7542.417352487726, -0.133, 0.9585000000000001, -0.16, 192.0, 125.5, 112.0, 14.5, 120.0, 125.0, 120.0, 0.0, 0.0, 0.0, 1.741808572336629E9, 0.0, 2025-03-12 14:42:52.336
238.0, 17217.36993996739, -27658.76384481953, -42873.08220542457, -28403.121638670164, -25036.501888811814, 6441.70569678613, -37659.00136935728, 14088.103364479945, 4572.451659733255, -13650.724428978496, -34740.44468885001, -5388.513849796516, -36704.514825882296, -19483.546255057605, -18201.964283223664, 7531.979087827098, -0.133, 0.9585000000000001, -0.16, 192.0, 0.0, 0.0, 0.0, 0.0, 0.0, 0.0, 0.0, 0.0, 0.0, 1.741808572395321E9, 0.0, 2025-03-12 14:42:52.395
240.0, 17193.788849567038, -27654.919344773218, -42867.80719373312, -28429.18377270505, -25030.7574904868, 6396.443414264133, -37652.11703206504, 14086.002300501144, 4570.775278899107, -13656.580586025786, -34765.88097404015, -5426.31064967044, -36724.13965751405, -19503.484011111737, -18222.41612940027, 7524.804177856944, -0.133, 0.9585000000000001, -0.16, 192.0, 0.0, 0.0, 0.0, 0.0, 0.0, 0.0, 0.0, 0.0, 0.0, 1.741808572395358E9, 0.0, 2025-03-12 14:42:52.395
242.0, 17207.937503807247, -27661.96014427664, -42879.69832178335, -28400.43942933553, -25039.206449890906, 6447.204225922135, -37663.42701475943, 14076.055774218534, 4561.722822394708, -13653.339583079765, -34745.78675577483, -5395.845221977856, -36711.868549808096, -19491.212903405776, -18205.31704489196, 7524.87123309031, -0.133, 0.9585000000000001, -0.16, 192.0, 0.0, 0.0, 0.0, 0.0, 0.0, 0.0, 0.0, 0.0, 0.0, 1.741808572395374E9, 0.0, 2025-03-12 14:42:52.395
244.0, 17170.140703933324, -27664.217670466624, -42879.38539736097, -28448.54038340335, -25040.748720258325, 6395.236420063547, -37668.61261947306, 14070.221968915697, 4556.738383381175, -13665.588339041275, -34772.51944214338, -5433.373800918317, -36730.398145961546, -19516.313912429086, -18228.0040655141, 7509.29206720496, -0.133, 0.9585000000000001, -0.16, 192.0, 0.0, 0.0, 0.0, 0.0, 0.0, 0.0, 0.0, 0.0, 0.0, 1.74180857239539E9, 0.0, 2025-03-12 14:42:52.395
246.0, 17216.051187044526, -27646.917420258218, -42867.13664139946, -28406.653214294103, -25035.85368822261, 6433.32379261539, -37662.10826183656, 14085.108230722934, 4562.661595661831, -13654.948908680548, -34749.094813954216, -5398.147451656753, -36712.58380563066, -19494.94564472981, -18214.61537058537, 7516.601087641846, -0.1315, 0.96025, -0.163, 192.0, 125.5, 120.0, 15.0, 8.0, 125.0, 104.0, 0.0, 0.0, 0.0, 1.741808572395405E9, 0.0, 2025-03-12 14:42:52.395
248.0, 17176.57800633645, -27645.062225468428, -42864.61089427601, -28439.68909259905, -25032.970313187878, 6391.280161294957, -37657.61556120105, 14082.493076621662, 4578.598389458464, -13644.376533553188, -34755.17448844606, -5414.844204764868, -36719.490494667356, -19491.168199916865, -18219.5998095989, 7524.513605179025, -0.1315, 0.96025, -0.163, 192.0, 0.0, 0.0, 0.0, 0.0, 0.0, 0.0, 0.0, 0.0, 0.0, 1.741808572395421E9, 0.0, 2025-03-12 14:42:52.395
250.0, 17224.164870281802, -27646.71625455812, -42859.67115875139, -28396.639632778126, -25025.23660960634, 6435.1566356607245, -37651.848811131575, 14082.448373132751, 4576.564380713032, -13646.924632421093, -34740.757613272384, -5394.7276347550915, -36701.60909910311, -19484.32856611354, -18209.09448970491, 7528.983954070086, -0.1315, 0.96025, -0.163, 192.0, 0.0, 0.0, 0.0, 0.0, 0.0, 0.0, 0.0, 0.0, 0.0, 1.741808572395437E9, 0.0, 2025-03-12 14:42:52.395
252.0, 17152.16990139126, -27651.85715578284, -42868.410690833414, -28445.20997347951, -25038.804118490712, 6386.4968879815215, -37659.42605250193, 14071.071335205, 4573.390433000378, -13651.171463867602, -34759.98011350395, -5415.514757098527, -36710.6168521186, -19495.77265927466, -18213.095451962407, 7527.1287592802955, -0.1315, 0.96025, -0.163, 192.0, 0.0, 0.0, 0.0, 0.0, 0.0, 0.0, 0.0, 0.0, 0.0, 1.74180857245569E9, 0.0, 2025-03-12 14:42:52.455
254.0, 17211.893762575837, -27648.459690625634, -42860.654635507424, -28386.916623940066, -25029.639903264037, 6437.503568828532, -37656.16269781145, 14086.047003990056, 4570.66352017683, -13650.120931878202, -34747.9995784759, -5398.840355734868, -36710.75096258533, -19497.583150575538, -18208.98273098263, 7525.742951124067, -0.1315, 0.96025, -0.163, 192.0, 0.0, 0.0, 0.0, 0.0, 0.0, 0.0, 0.0, 0.0, 0.0, 1.741808572455719E9, 0.0, 2025-03-12 14:42:52.455
0.0, 17160.82002649546, -27639.56369633242, -42859.78291747367, -28435.129336730166, -25032.94796144342, 6393.560039229398, -37657.57085771213, 14081.39784114335, 4576.787898157585, -13646.835225443272, -34753.74397680092, -5408.093977939365, -36717.97057604439, -19494.878589496446, -18214.79418454101, 7530.950907582153, -0.13175, 0.961125, -0.1615, 192.0, 125.5, 112.0, 15.0, 8.0, 125.5, 0.0, 0.0, 0.0, 0.0, 1.741808572455734E9, 0.0, 2025-03-12 14:42:52.455
2.0, 17246.628373459385, -27650.09136797087, -42859.0676616511, -28381.418094804063, -25027.874115452065, 6446.332507888378, -37658.64374144599, 14087.410460401828, 4585.795651173074, -13638.3192108058, -34731.59339804571, -5389.564381785915, -36694.657706577505, -19478.450057321796, -18192.107163918874, 7541.880910620798, -0.13175, 0.961125, -0.1615, 192.0, 0.0, 0.0, 0.0, 0.0, 0.0, 0.0, 0.0, 0.0, 0.0, 1.74180857245577E9, 0.0, 2025-03-12 14:42:52.455
4.0, 17199.667358358784, -27642.916458000716, -42867.89660071094, -28438.63856060965, -25037.28419986775, 6404.043007378938, -37659.828383902124, 14079.497942864651, 4579.00072085866, -13653.317231335312, -34749.18422093204, -5404.718864526613, -36712.42734341948, -19497.650205808903, -18201.763117523566, 7528.8274918588995, -0.13175, 0.961125, -0.1615, 192.0, 0.0, 0.0, 0.0, 0.0, 0.0, 0.0, 0.0, 0.0, 0.0, 1.741808572455786E9, 0.0, 2025-03-12 14:42:52.455
6.0, 17286.772106501117, -27641.95533298914, -42867.76249024421, -28384.323821583253, -25032.925609698967, 6439.157597918224, -37659.5378112242, 14088.304530180041, 4580.900619137361, -13650.210338856023, -34742.74691852891, -5401.656675536236, -36711.37681143008, -19494.655072051894, -18196.666919787756, 7535.153035539751, -0.13175, 0.961125, -0.1615, 192.0, 0.0, 0.0, 0.0, 0.0, 0.0, 0.0, 0.0, 0.0, 0.0, 1.741808572455807E9, 0.0, 2025-03-12 14:42:52.455
8.0, 17233.820823886494, -27625.5715043034, -42868.67891176688, -28427.440336637537, -25032.232705620852, 6393.828260162862, -37651.9382181094, 14088.393937157864, 4590.735386697696, -13642.543690507853, -34747.66430230907, -5397.0745679228985, -36710.57214862968, -19487.480162081738, -18195.012890698064, 7543.557291454947, -0.13175, 0.961125, -0.1615, 192.0, 0.0, 0.0, 0.0, 0.0, 0.0, 0.0, 0.0, 0.0, 0.0, 1.741808572455822E9, 0.0, 2025-03-12 14:42:52.455
10.0, 17330.737987844706, -27622.66577752421, -42854.91023718241, -28381.9992401599, -25015.737118212834, 6421.8349959653615, -37644.27156976123, 14101.089728008477, 4602.760625214652, -13628.573850223285, -34729.2464648779, -5385.764585228513, -36698.725724068376, -19471.31985084055, -18179.63489051281, 7563.249178320072, -0.13187500000000002, 0.9625625, -0.16275, 192.0, 125.5, 112.0, 15.0, 16.0, 125.0, 112.0, 0.0, 0.0, 0.0, 1.741808572455837E9, 0.0, 2025-03-12 14:42:52.455
12.0, 17278.524312797108, -27635.093347441358, -42871.09290016805, -28432.06714773979, -25030.936304442443, 6399.796175932429, -37652.273494276225, 14089.198599958254, 4594.378721043911, -13637.760417194417, -34733.78386900233, -5382.188306115664, -36695.12709321107, -19477.66774626586, -18176.907977689265, 7556.0072131165525, -0.13187500000000002, 0.9625625, -0.16275, 192.0, 0.0, 0.0, 0.0, 0.0, 0.0, 0.0, 0.0, 0.0, 0.0, 1.741808572516591E9, 0.0, 2025-03-12 14:42:52.516
14.0, 17346.741836874706, -27636.23328640858, -42870.377644345484, -28398.13719965663, -25024.56605727268, 6431.580356547875, -37654.06163383265, 14093.892466293868, 4590.042482619582, -13637.492196260953, -34738.96947371596, -5395.599352788849, -36699.619793846585, -19476.594862532005, -18179.389021323805, 7555.649585205268, -0.13187500000000002, 0.9625625, -0.16275, 192.0, 0.0, 0.0, 0.0, 0.0, 0.0, 0.0, 0.0, 0.0, 0.0, 1.741808572516612E9, 0.0, 2025-03-12 14:42:52.516
16.0, 17299.870228751926, -27626.17500140369, -42877.8207752491, -28437.073938497775, -25031.562153287192, 6413.944830172638, -37656.76619491175, 14086.471687134706, 4582.2193720602245, -13648.869234188705, -34741.942255728514, -5385.943399184156, -36707.77818057277, -19481.691060267814, -18181.668899258246, 7555.001384616064, -0.13187500000000002, 0.9625625, -0.16275, 192.0, 0.0, 0.0, 0.0, 0.0, 0.0, 0.0, 0.0, 0.0, 0.0, 1.741808572516626E9, 0.0, 2025-03-12 14:42:52.516
18.0, 17355.123741045445, -27635.51803058601, -42873.462185080316, -28404.19452240402, -25023.783746216744, 6419.9574494311155, -37657.25793328976, 14090.629111603394, 4592.992912887682, -13639.280335817379, -34742.34458712871, -5397.3651406008175, -36703.84427354864, -19478.584167788526, -18181.244216113595, 7564.992614387586, -0.13187500000000002, 0.9625625, -0.16275, 192.0, 0.0, 0.0, 0.0, 0.0, 0.0, 0.0, 0.0, 0.0, 0.0, 1.741808572516652E9, 0.0, 2025-03-12 14:42:52.516
20.0, 17316.1870022043, -27628.41017584922, -42877.8207752491, -28434.43643265205, -25021.28035083775, 6404.020655634482, -37654.01693034374, 14084.795306300559, 4586.846183162473, -13648.802178955339, -34740.93642722803, -5387.820945718401, -36699.66449733549, -19486.228464392243, -18178.383192823316, 7553.325003781915, -0.1279375, 0.96228125, -0.163375, 192.0, 126.0, 16.0, 15.0, 8.0, 125.0, 112.0, 0.0, 0.0, 0.0, 1.741808572516668E9, 0.0, 2025-03-12 14:42:52.516
22.0, 17363.080962071534, -27629.41600434971, -42869.14829840044, -28408.709574783992, -25014.597179245615, 6405.652332979719, -37643.757479638756, 14094.473611649706, 4594.803404188562, -13641.023771884891, -34741.808145261784, -5407.445777350161, -36700.13388396906, -19484.46267658027, -18175.522169533037, 7562.802143430966, -0.1279375, 0.96228125, -0.163375, 192.0, 0.0, 0.0, 0.0, 0.0, 0.0, 0.0, 0.0, 0.0, 0.0, 1.741808572516684E9, 0.0, 2025-03-12 14:42:52.516
24.0, 17324.61360986395, -27638.937847487672, -42879.7206735278, -28416.085650454243, -25024.856629950602, 6424.98659193356, -37647.71373840734, 14084.840009789468, 4587.986122129693, -13642.27546957439, -34735.88493298113, -5381.361291570818, -36697.943413012435, -19475.18670263132, -18161.77584669302, 7559.896416651776, -0.1279375, 0.96228125, -0.163375, 192.0, 0.0, 0.0, 0.0, 0.0, 0.0, 0.0, 0.0, 0.0, 0.0, 1.741808572516704E9, 0.0, 2025-03-12 14:42:52.516
26.0, 17336.124758258433, -27642.111795200326, -42877.239629893265, -28416.599740576716, -25028.29879859672, 6414.570679017387, -37651.11120356455, 14090.383242414386, 4588.47786050771, -13638.74389395045, -34749.27362790985, -5407.870460494812, -36712.15912248601, -19483.926234713344, -18174.270471843538, 7556.968338128131, -0.1279375, 0.96228125, -0.163375, 192.0, 0.0, 0.0, 0.0, 0.0, 0.0, 0.0, 0.0, 0.0, 0.0, 1.741808572575243E9, 0.0, 2025-03-12 14:42:52.575
28.0, 17320.634999350907, -27633.774594518494, -42880.68179853938, -28415.884484754144, -25027.024749162763, 6430.328658858378, -37645.79148838419, 14087.701033079748, 4582.644055204875, -13646.075266131791, -34738.522438826854, -5381.629512504282, -36709.163988729, -19482.80864749058, -18166.49206477309, 7558.085925350896, -0.1279375, 0.96228125, -0.163375, 192.0, 0.0, 0.0, 0.0, 0.0, 0.0, 0.0, 0.0, 0.0, 0.0, 1.741808572575298E9, 0.0, 2025-03-12 14:42:52.575
30.0, 17326.42410116483, -27626.197353148145, -42872.09872866854, -28427.708557571004, -25024.47665029486, 6399.684417210152, -37645.38915698399, 14094.048928505055, 4594.937514655294, -13634.944097393049, -34749.13951744312, -5406.708169783136, -36711.846198063635, -19480.171141644852, -18172.370573564836, 7569.753535956566, -0.12796875000000002, 0.962140625, -0.16268749999999998, 192.0, 126.0, 0.0, 15.0, 8.0, 125.0, 120.0, 0.0, 0.0, 0.0, 1.741808572575313E9, 0.0, 2025-03-12 14:42:52.575
32.0, 17327.22876396522, -27634.93688523017, -42885.35331313054, -28409.67069979557, -25036.05485392271, 6442.957394475627, -37660.34247402459, 14085.801134801048, 4575.759717912641, -13644.197719597545, -34745.809107519286, -5383.037672404966, -36703.57605261517, -19476.013717176167, -18173.711678232157, 7559.158809084751, -0.12796875000000002, 0.962140625, -0.16268749999999998, 192.0, 0.0, 0.0, 0.0, 0.0, 0.0, 0.0, 0.0, 0.0, 0.0, 1.741808572575329E9, 0.0, 2025-03-12 14:42:52.575
34.0, 17321.931400529313, -27634.221629407602, -42884.12396718549, -28436.9621797755, -25036.05485392271, 6405.451167279622, -37662.488241492305, 14080.59317834296, 4586.175630828814, -13641.582565496275, -34758.41549139208, -5416.274716410007, -36724.094954025146, -19486.921368470357, -18186.921559205242, 7556.297785794472, -0.12796875000000002, 0.962140625, -0.16268749999999998, 192.0, 0.0, 0.0, 0.0, 0.0, 0.0, 0.0, 0.0, 0.0, 0.0, 1.741808572575344E9, 0.0, 2025-03-12 14:42:52.575
36.0, 17347.61355490846, -27631.628827050787, -42880.19006016136, -28412.91170274159, -25025.080147395154, 6437.280051383978, -37656.65443618947, 14085.64467258986, 4587.650845962864, -13638.788597439361, -34737.74012777092, -5385.652826506237, -36703.93368052646, -19481.66870852336, -18175.298652088484, 7548.92171012422, -0.12796875000000002, 0.962140625, -0.16268749999999998, 192.0, 0.0, 0.0, 0.0, 0.0, 0.0, 0.0, 0.0, 0.0, 0.0, 1.741808572575359E9, 0.0, 2025-03-12 14:42:52.575
38.0, 17315.404691148364, -27635.60743756383, -42883.36400787401, -28448.205107236518, -25031.830374220655, 6390.184925816647, -37665.52807873822, 14074.848780017946, 4587.449680262766, -13641.828434685283, -34754.57099134576, -5413.3913413752725, -36715.04249752075, -19489.76004001618, -18186.049841171487, 7542.573814698913, -0.12796875000000002, 0.962140625, -0.16268749999999998, 192.0, 0.0, 0.0, 0.0, 0.0, 0.0, 0.0, 0.0, 0.0, 0.0, 1.741808572575374E9, 0.0, 2025-03-12 14:42:52.575
40.0, 17352.463883455264, -27620.967044945606, -42871.53993505716, -28407.48022883895, -25023.068490394176, 6427.042952423448, -37655.22392454433, 14082.515428366118, 4580.118308081425, -13644.220071342, -34739.26004639388, -5384.602294516837, -36705.94533752744, -19486.027298692145, -18181.423030069236, 7540.651564675756, -0.129984375, 0.9610703125, -0.16134375, 192.0, 125.5, 112.0, 15.0, 0.0, 125.5, 0.0, 0.0, 0.0, 0.0, 1.741808572575396E9, 0.0, 2025-03-12 14:42:52.575
42.0, 17313.549496358573, -27624.09628916935, -42874.55742055862, -28448.1157002587, -25026.041272406732, 6379.344329755822, -37655.02275884423, 14079.78851554257, 4598.782014701607, -13632.79832992534, -34739.68472953853, -5403.757739515036, -36702.07848573667, -19487.9495487153, -18176.46094280016, 7555.359012527349, -0.129984375, 0.9610703125, -0.16134375, 192.0, 0.0, 0.0, 0.0, 0.0, 0.0, 0.0, 0.0, 0.0, 0.0, 1.741808572635051E9, 0.0, 2025-03-12 14:42:52.635
44.0, 17360.309345759077, -27622.397556590746, -42875.406786847925, -28407.793153261326, -25028.879943952554, 6424.22663262208, -37659.5378112242, 14080.101439964945, 4582.353482526956, -13649.472731288997, -34734.38736610262, -5393.967675443611, -36700.75973281381, -19490.0506126941, -18177.17619862273, 7537.6340791742905, -0.129984375, 0.9610703125, -0.16134375, 192.0, 0.0, 0.0, 0.0, 0.0, 0.0, 0.0, 0.0, 0.0, 0.0, 1.741808572635071E9, 0.0, 2025-03-12 14:42:52.635
46.0, 17298.819696762526, -27626.08559442587, -42876.23380139277, -28452.00490379392, -25035.160784144497, 6376.192733787624, -37656.92265712293, 14080.123791709399, 4588.790784930085, -13644.667106231107, -34744.4009476186, -5409.233916906585, -36715.2660149653, -19494.58801681853, -18186.7427452496, 7545.703058922656, -0.129984375, 0.9610703125, -0.16134375, 192.0, 0.0, 0.0, 0.0, 0.0, 0.0, 0.0, 0.0, 0.0, 0.0, 1.741808572635098E9, 0.0, 2025-03-12 14:42:52.635
48.0, 17354.922575345347, -27629.572466560898, -42874.44566183635, -28395.633804277637, -25028.321150341173, 6429.121664657791, -37651.714700664845, 14085.376451656397, 4582.174668571314, -13646.343487065255, -34735.59436030321, -5389.430271319184, -36704.13484622656, -19488.553045815595, -18177.109143389363, 7552.229768303606, -0.129984375, 0.9610703125, -0.16134375, 192.0, 0.0, 0.0, 0.0, 0.0, 0.0, 0.0, 0.0, 0.0, 0.0, 1.741808572635112E9, 0.0, 2025-03-12 14:42:52.635
50.0, 17290.90717922535, -27620.60941703432, -42869.77414724519, -28449.52386015938, -25026.153031129008, 6374.851629120306, -37646.70790990686, 14084.012995244622, 4595.585715244498, -13644.622402742196, -34741.42816560604, -5405.478823838094, -36706.347668927636, -19491.704641783792, -18178.65141375678, 7556.118971838829, -0.12999218750000002, 0.96153515625, -0.16167187500000002, 192.0, 125.5, 120.0, 15.0, 8.0, 125.0, 120.0, 0.0, 0.0, 0.0, 1.741808572635131E9, 0.0, 2025-03-12 14:42:52.635
52.0, 17347.09946478599, -27630.600646805844, -42872.32224611309, -28393.510388554383, -25022.509696782792, 6429.144016402247, -37652.1840872984, 14090.092669736467, 4596.010398389149, -13645.292955075856, -34724.48554330892, -5393.230067876586, -36698.301040923725, -19484.797952747103, -18175.522169533037, 7558.130628839806, -0.12999218750000002, 0.96153515625, -0.16167187500000002, 192.0, 0.0, 0.0, 0.0, 0.0, 0.0, 0.0, 0.0, 0.0, 0.0, 1.741808572635148E9, 0.0, 2025-03-12 14:42:52.635
54.0, 17280.580673286997, -27627.717271771107, -42881.911144484424, -28449.14388050364, -25033.39499633253, 6390.095518838825, -37660.76715716924, 14078.447410875251, 4587.427328518311, -13655.977088925492, -34743.75274702939, -5404.428291848694, -36712.3155846972, -19495.52679008565, -18185.044012671, 7549.2569862910495, -0.12999218750000002, 0.96153515625, -0.16167187500000002, 192.0, 0.0, 0.0, 0.0, 0.0, 0.0, 0.0, 0.0, 0.0, 0.0, 1.741808572635162E9, 0.0, 2025-03-12 14:42:52.635
56.0, 17351.94979333279, -27624.14099265826, -42868.50009781124, -28396.438467078027, -25021.794440960224, 6421.566775031898, -37649.30071226367, 14085.778783056592, 4594.646941977375, -13643.482463774975, -34731.36988060115, -5395.040559177466, -36696.93758451195, -19480.439362578316, -18177.734992234113, 7550.598090958369, -0.12999218750000002, 0.96153515625, -0.16167187500000002, 192.0, 0.0, 0.0, 0.0, 0.0, 0.0, 0.0, 0.0, 0.0, 0.0, 1.74180857269545E9, 0.0, 2025-03-12 14:42:52.695
58.0, 17293.075298437514, -27612.719251241597, -42866.041405921154, -28440.516107143892, -25020.542743270726, 6382.5629809573875, -37642.97516858282, 14085.242341189665, 4592.925857654316, -13645.382362053677, -34738.43303184903, -5399.555611557438, -36702.480817136864, -19481.936929456824, -18175.96920442214, 7549.391096757781, -0.12999218750000002, 0.96153515625, -0.16167187500000002, 192.0, 0.0, 0.0, 0.0, 0.0, 0.0, 0.0, 0.0, 0.0, 0.0, 1.74180857269547E9, 0.0, 2025-03-12 14:42:52.695
60.0, 17351.77097937715, -27626.89025722626, -42863.739176242256, -28396.52787405585, -25016.541781013228, 6413.31898132789, -37646.77496514022, 14084.59414060046, 4600.726616469218, -13636.687533460563, -34728.3970985886, -5398.035692934477, -36694.858872277604, -19474.62790901994, -18168.570777007437, 7554.062611348941, -0.13199609375000002, 0.960767578125, -0.16083593750000003, 192.0, 125.5, 104.0, 15.0, 0.0, 125.5, 0.0, 0.0, 0.0, 0.0, 1.741808572695496E9, 0.0, 2025-03-12 14:42:52.695
62.0, 17279.686603508784, -27636.009768964028, -42884.571002074605, -28448.003941536423, -25038.267676623786, 6395.795213674929, -37667.092700850095, 14065.483399091174, 4589.237819819191, -13648.84688244425, -34742.05401445079, -5401.7684342585135, -36705.632413105064, -19484.887359724922, -18175.9915561666, 7539.377515241804, -0.13199609375000002, 0.960767578125, -0.16083593750000003, 192.0, 0.0, 0.0, 0.0, 0.0, 0.0, 0.0, 0.0, 0.0, 0.0, 1.741808572695512E9, 0.0, 2025-03-12 14:42:52.695
64.0, 17336.57179314754, -27630.66770203921, -42867.9189524554, -28408.798981761815, -25018.732251969846, 6413.386036561255, -37648.5854564411, 14081.442544632262, 4591.4953460091765, -13648.779827210883, -34747.66430230907, -5417.302896654952, -36702.50316888132, -19491.1011446835, -18181.959471936163, 7540.1598262977395, -0.13199609375000002, 0.960767578125, -0.16083593750000003, 192.0, 0.0, 0.0, 0.0, 0.0, 0.0, 0.0, 0.0, 0.0, 0.0, 1.741808572695526E9, 0.0, 2025-03-12 14:42:52.695
66.0, 17271.461161549232, -27629.505411327533, -42879.56421131661, -28439.934961788054, -25031.8080224762, 6403.707731212107, -37655.67095943343, 14077.530989352583, 4585.639188961886, -13650.411504556121, -34745.85381100819, -5399.01916969051, -36706.14650322754, -19475.61138577597, -18172.482332287113, 7547.334736267893, -0.13199609375000002, 0.960767578125, -0.16083593750000003, 192.0, 0.0, 0.0, 0.0, 0.0, 0.0, 0.0, 0.0, 0.0, 0.0, 1.741808572695545E9, 0.0, 2025-03-12 14:42:52.695
68.0, 17318.37747316092, -27631.04768169495, -42870.95878970132, -28406.742621271926, -25023.33671132764, 6410.636771993252, -37649.8371541306, 14083.677719077794, 4587.606142473954, -13643.41540854161, -34744.51270634088, -5415.782978031991, -36704.60423286012, -19481.445191078805, -18177.6902887452, 7555.783695671999, -0.13199609375000002, 0.960767578125, -0.16083593750000003, 192.0, 0.0, 0.0, 0.0, 0.0, 0.0, 0.0, 0.0, 0.0, 0.0, 1.74180857269556E9, 0.0, 2025-03-12 14:42:52.695
70.0, 17280.13363839789, -27627.85138223784, -42873.35042635804, -28424.646368580627, -25027.918818940976, 6412.916649927694, -37649.52422970822, 14080.54847485405, 4595.742177455685, -13634.407655526122, -34731.43693583452, -5393.051253920943, -36705.140674727045, -19470.80576071808, -18169.01781189654, 7560.477562007614, -0.127998046875, 0.9613837890625, -0.16341796875000003, 192.0, 126.0, 16.0, 15.0, 8.0, 125.0, 104.0, 0.0, 0.0, 0.0, 1.74180857269558E9, 0.0, 2025-03-12 14:42:52.695
72.0, 17311.560191102053, -27634.825126507894, -42875.406786847925, -28417.784383032846, -25027.315321840684, 6418.348123830334, -37654.21809604384, 14078.156838197332, 4589.282523308101, -13644.018905641904, -34747.79841277581, -5424.813082791935, -36715.489532409854, -19483.23333063523, -18185.26753011555, 7554.7778671715105, -0.127998046875, 0.9613837890625, -0.16341796875000003, 192.0, 0.0, 0.0, 0.0, 0.0, 0.0, 0.0, 0.0, 0.0, 0.0, 1.741808572756201E9, 0.0, 2025-03-12 14:42:52.756
74.0, 17294.23758914919, -27628.588989804866, -42872.09872866854, -28431.933037273055, -25022.24147584933, 6423.55608028842, -37650.530058208715, 14078.000375986145, 4586.913238395839, -13646.187024854067, -34739.79648826081, -5406.618762805315, -36707.39820091703, -19480.662880022872, -18177.153846878275, 7550.575739213913, -0.127998046875, 0.9613837890625, -0.16341796875000003, 192.0, 0.0, 0.0, 0.0, 0.0, 0.0, 0.0, 0.0, 0.0, 0.0, 1.741808572756221E9, 0.0, 2025-03-12 14:42:52.756
76.0, 17309.347368400977, -27631.829992750885, -42866.756661743726, -28423.595836591227, -25017.27938858025, 6408.088673125348, -37650.97709309782, 14084.750602811648, 4596.1892123447915, -13646.321135320799, -34745.60794181919, -5432.926766029211, -36706.16885497199, -19485.021470191656, -18182.60767252537, 7555.470771249626, -0.127998046875, 0.9613837890625, -0.16341796875000003, 192.0, 0.0, 0.0, 0.0, 0.0, 0.0, 0.0, 0.0, 0.0, 0.0, 1.741808572756237E9, 0.0, 2025-03-12 14:42:52.756
78.0, 17287.37560360141, -27639.988379477072, -42880.05594969463, -28420.53364760085, -25029.684606752948, 6429.792216991451, -37664.298732793184, 14077.352175396942, 4582.6887586937855, -13652.020830156904, -34736.89076148162, -5405.0541406934435, -36703.71016308191, -19476.796028232104, -18180.528960291023, 7548.117047323829, -0.127998046875, 0.9613837890625, -0.16341796875000003, 192.0, 0.0, 0.0, 0.0, 0.0, 0.0, 0.0, 0.0, 0.0, 0.0, 1.741808572756252E9, 0.0, 2025-03-12 14:42:52.756
80.0, 17287.017975690123, -27638.401405620745, -42871.74110075726, -28433.96704601849, -25024.32018808367, 6395.750510186018, -37653.882819877006, 14081.911931265824, 4588.187287829792, -13652.400809812643, -34754.41452913458, -5438.604109120859, -36714.75192484283, -19481.959281201278, -18192.04010868551, 7552.296823536972, -0.1269990234375, 0.96169189453125, -0.16370898437500003, 192.0, 126.0, 8.0, 15.0, 8.0, 125.0, 112.0, 0.0, 0.0, 0.0, 1.741808572756267E9, 0.0, 2025-03-12 14:42:52.756
82.0, 17292.404746103854, -27638.26729515401, -42873.84216473605, -28416.331519643252, -25024.677815994957, 6425.858309967317, -37653.41343324345, 14080.392012642862, 4587.852011662962, -13653.719562735507, -34738.23186614893, -5409.524489584504, -36704.380715415566, -19481.892225967913, -18181.400678324782, 7551.916843881231, -0.1269990234375, 0.96169189453125, -0.16370898437500003, 192.0, 0.0, 0.0, 0.0, 0.0, 0.0, 0.0, 0.0, 0.0, 0.0, 1.741808572756295E9, 0.0, 2025-03-12 14:42:52.756
84.0, 17275.730344740194, -27646.000998735548, -42881.73233052878, -28444.114738001197, -25029.23757186384, 6391.414271761689, -37656.9897123563, 14076.25693991863, 4588.187287829792, -13658.681650004584, -34757.52142161386, -5439.609937621348, -36718.79759058924, -19495.035051707633, -18198.477411088636, 7550.106352580351, -0.1269990234375, 0.96169189453125, -0.16370898437500003, 192.0, 0.0, 0.0, 0.0, 0.0, 0.0, 0.0, 0.0, 0.0, 0.0, 1.74180857275631E9, 0.0, 2025-03-12 14:42:52.756
86.0, 17291.555379814552, -27653.980571506094, -42889.600144577045, -28419.10313595571, -25039.653484780014, 6430.708638514118, -37668.21028807286, 14070.289024149064, 4577.838430146984, -13667.264719875422, -34753.29694191181, -5414.68774255368, -36714.48370390936, -19495.884417996935, -18193.560027308467, 7546.328907767404, -0.1269990234375, 0.96169189453125, -0.16370898437500003, 192.0, 0.0, 0.0, 0.0, 0.0, 0.0, 0.0, 0.0, 0.0, 0.0, 1.74180857281604E9, 0.0, 2025-03-12 14:42:52.816
88.0, 17270.880016193394, -27642.84940276735, -42879.43010084988, -28453.100139272232, -25028.030577663252, 6371.252998263001, -37653.70400592137, 14077.486285863673, 4582.331130782501, -13669.410487343132, -34767.758520574396, -5446.0248882800215, -36722.46327667991, -19501.33824364403, -18206.21111467017, 7545.144265311274, -0.1269990234375, 0.96169189453125, -0.16370898437500003, 192.0, 0.0, 0.0, 0.0, 0.0, 0.0, 0.0, 0.0, 0.0, 0.0, 1.741808572816072E9, 0.0, 2025-03-12 14:42:52.816
90.0, 17317.729272571716, -27643.98934173457, -42877.932533971376, -28404.820371248767, -25029.774013730766, 6420.762112231507, -37658.59903795708, 14081.68841382127, 4589.282523308101, -13661.095638405757, -34739.93059872754, -5406.864631994323, -36705.699468338426, -19488.217769648763, -18187.25683537207, 7550.799256658466, -0.12549951171875, 0.961845947265625, -0.16785449218750004, 192.0, 126.0, 16.0, 15.0, 8.0, 125.0, 80.0, 0.0, 0.0, 0.0, 1.741808572816088E9, 0.0, 2025-03-12 14:42:52.816
92.0, 17268.75660047014, -27625.638559536765, -42867.360158844014, -28449.59091539275, -25021.794440960224, 6371.901198852205, -37646.484392462306, 14089.377413913897, 4593.4846512656995, -13660.805065727838, -34749.988883732425, -5429.149321216264, -36712.74026784185, -19493.805705762592, -18197.024547699042, 7556.297785794472, -0.12549951171875, 0.961845947265625, -0.16785449218750004, 192.0, 0.0, 0.0, 0.0, 0.0, 0.0, 0.0, 0.0, 0.0, 0.0, 1.741808572816103E9, 0.0, 2025-03-12 14:42:52.816
94.0, 17309.36972014543, -27638.580219576386, -42873.68570252487, -28387.564824529272, -25029.326978841662, 6433.971993204594, -37656.63208444501, 14091.634940103882, 4595.831584433507, -13648.422199299599, -34724.686709009016, -5395.621704533303, -36701.81026480321, -19474.22557761974, -18174.583396265913, 7561.505742252558, -0.12549951171875, 0.961845947265625, -0.16785449218750004, 192.0, 0.0, 0.0, 0.0, 0.0, 0.0, 0.0, 0.0, 0.0, 0.0, 1.741808572816123E9, 0.0, 2025-03-12 14:42:52.816
96.0, 17260.84408293296, -27623.29162636896, -42864.74500474275, -28438.72796758747, -25028.209391618897, 6381.445393734622, -37651.222962286825, 14093.579541871493, 4593.261133821146, -13653.049010401846, -34748.33485464274, -5417.369951888318, -36715.355421943124, -19490.47529583875, -18185.088716159906, 7556.633061961301, -0.12549951171875, 0.961845947265625, -0.16785449218750004, 192.0, 0.0, 0.0, 0.0, 0.0, 0.0, 0.0, 0.0, 0.0, 0.0, 1.741808572816138E9, 0.0, 2025-03-12 14:42:52.816
98.0, 17321.95375227377, -27624.878600225282, -42856.94424592784, -28380.971059914955, -25015.84887693511, 6428.384057090767, -37641.94698833788, 14099.41334717433, 4601.307761825056, -13640.956716651526, -34723.993804930906, -5387.999759674044, -36694.30007866622, -19470.29167059561, -18168.660183985256, 7566.154905099262, -0.12549951171875, 0.961845947265625, -0.16785449218750004, 192.0, 0.0, 0.0, 0.0, 0.0, 0.0, 0.0, 0.0, 0.0, 0.0, 1.741808572816152E9, 0.0, 2025-03-12 14:42:52.816
100.0, 17245.26491704761, -27629.818335749907, -42869.21535363381, -28441.00784552191, -25027.38237707405, 6383.9711408580715, -37652.899343120975, 14085.59996910095, 4594.177555343814, -13655.395943569654, -34737.82953474874, -5405.210602904631, -36711.51092189681, -19490.587054561027, -18174.806913710465, 7556.92363463922, -0.125749755859375, 0.9629229736328124, -0.16592724609375004, 192.0, 126.0, 8.0, 15.0, 16.0, 125.0, 112.0, 0.0, 0.0, 0.0, 1.741808572816167E9, 0.0, 2025-03-12 14:42:52.816
102.0, 17307.08984221099, -27628.74545201605, -42865.08028090958, -28390.604661775193, -25016.653539735504, 6424.517205299999, -37646.059709317655, 14091.83610580398, 4588.231991318702, -13653.630155757684, -34735.25908413638, -5402.014303447521, -36697.89870952353, -19486.206112647786, -18172.05764914246, 7556.431896261203, -0.125749755859375, 0.9629229736328124, -0.16592724609375004, 192.0, 0.0, 0.0, 0.0, 0.0, 0.0, 0.0, 0.0, 0.0, 0.0, 1.741808572875277E9, 0.0, 2025-03-12 14:42:52.875
104.0, 17237.106530321424, -27632.545248573453, -42878.066644438106, -28444.293551956842, -25029.57284803067, 6386.608646703798, -37654.01693034374, 14079.699108564748, 4589.595447730476, -13652.89254819066, -34746.077328452746, -5408.518661084016, -36706.79470381674, -19489.17889466034, -18178.20437886767, 7553.995556115575, -0.125749755859375, 0.9629229736328124, -0.16592724609375004, 192.0, 0.0, 0.0, 0.0, 0.0, 0.0, 0.0, 0.0, 0.0, 0.0, 1.741808572875311E9, 0.0, 2025-03-12 14:42:52.875
106.0, 17299.51260084064, -27643.922286501205, -42875.02680719219, -28401.04292643582, -25022.755565971802, 6426.0594756674145, -37656.140346067, 14083.16362895532, 4584.834526161495, -13654.412466813621, -34743.95391272949, -5411.379684374295, -36708.225215461876, -19492.375194117452, -18183.83701847041, 7543.981974599597, -0.125749755859375, 0.9629229736328124, -0.16592724609375004, 192.0, 0.0, 0.0, 0.0, 0.0, 0.0, 0.0, 0.0, 0.0, 0.0, 1.741808572875326E9, 0.0, 2025-03-12 14:42:52.875
108.0, 17228.88108836187, -27629.438356094168, -42871.27171412369, -28455.849403840235, -25027.069452651675, 6383.099422824314, -37653.748709410276, 14080.347309153953, 4583.985159872193, -13660.223920372, -34751.77702328885, -5413.994838475566, -36711.48857015235, -19495.705604041294, -18192.330681363426, 7536.49414020707, -0.125749755859375, 0.9629229736328124, -0.16592724609375004, 192.0, 0.0, 0.0, 0.0, 0.0, 0.0, 0.0, 0.0, 0.0, 0.0, 1.741808572875341E9, 0.0, 2025-03-12 14:42:52.875
110.0, 17278.70312675275, -27644.704597557142, -42874.870344981, -28407.547284072316, -25030.265752108786, 6416.358818573812, -37658.2414100458, 14084.907065022835, 4585.974465128716, -13657.519359292908, -34743.842154007216, -5410.597373318359, -36708.001698017324, -19490.497647583205, -18186.49687606059, 7541.545634453969, -0.1278748779296875, 0.9594614868164062, -0.165963623046875, 192.0, 125.5, 120.0, 14.5, 112.0, 125.0, 104.0, 0.0, 0.0, 0.0, 1.74180857287536E9, 0.0, 2025-03-12 14:42:52.875
112.0, 17218.755748123618, -27640.23424866608, -42881.95584797333, -28453.01073229441, -25034.400824833017, 6385.647521692219, -37656.43091874492, 14083.655367333338, 4579.045424347571, -13668.359955353733, -34748.35720638719, -5411.089111696376, -36712.98613703086, -19500.198304676807, -18187.659166772268, 7533.722523894611, -0.1278748779296875, 0.9594614868164062, -0.165963623046875, 192.0, 0.0, 0.0, 0.0, 0.0, 0.0, 0.0, 0.0, 0.0, 0.0, 1.741808572875376E9, 0.0, 2025-03-12 14:42:52.875
114.0, 17267.393144058366, -27658.85325179735, -42883.43106310738, -28412.241150407932, -25032.411519576493, 6422.997286677038, -37662.51059323676, 14085.354099911941, 4570.641168432376, -13675.55721706834, -34760.270686181866, -5433.463207896139, -36723.60321564713, -19515.15162171741, -18198.253893644083, 7523.619535400812, -0.1278748779296875, 0.9594614868164062, -0.165963623046875, 192.0, 0.0, 0.0, 0.0, 0.0, 0.0, 0.0, 0.0, 0.0, 0.0, 1.741808572875391E9, 0.0, 2025-03-12 14:42:52.875
116.0, 17210.75382360862, -27633.52872532949, -42874.356254858525, -28448.33921770325, -25028.455260807903, 6400.6455422217305, -37652.1840872984, 14087.052832490544, 4578.374872013912, -13673.925539723105, -34752.26876166687, -5413.637210564281, -36714.19313123145, -19503.349900645007, -18191.97305345214, 7527.44168370267, -0.1278748779296875, 0.9594614868164062, -0.165963623046875, 192.0, 0.0, 0.0, 0.0, 0.0, 0.0, 0.0, 0.0, 0.0, 0.0, 1.741808572936568E9, 0.0, 2025-03-12 14:42:52.936
118.0, 17252.28336480658, -27646.4256818802, -42867.717786755304, -28412.39761261912, -25021.146240371017, 6407.485176025054, -37650.35124425307, 14095.45708840574, 4593.350540798967, -13660.46978956101, -34742.657511551086, -5424.634268836292, -36701.229119447366, -19493.38102261794, -18189.648472028788, 7548.586433957391, -0.1278748779296875, 0.9594614868164062, -0.165963623046875, 192.0, 0.0, 0.0, 0.0, 0.0, 0.0, 0.0, 0.0, 0.0, 0.0, 1.741808572936588E9, 0.0, 2025-03-12 14:42:52.936
120.0, 17206.998730540126, -27641.977684733592, -42868.209525133316, -28440.15847923261, -25026.533010784748, 6401.31609455539, -37650.99944484227, 14089.511524380629, 4578.933665625294, -13676.09365893527, -34747.03845346432, -5414.374818131307, -36704.850102049124, -19504.467487867772, -18191.7942394965, 7538.326983252405, -0.12793743896484375, 0.9587307434082031, -0.1639818115234375, 192.0, 126.0, 0.0, 14.5, 120.0, 125.0, 120.0, 0.0, 0.0, 0.0, 1.741808572936603E9, 0.0, 2025-03-12 14:42:52.936
122.0, 17239.56522221151, -27650.828975537894, -42868.94713270034, -28421.561827845795, -25029.72931024186, 6405.697036468629, -37655.24627628878, 14088.036309246578, 4581.772337171118, -13672.740897266973, -34756.33677915773, -5433.8208358074235, -36706.124151483076, -19505.76388904618, -18194.07411743094, 7537.991707085575, -0.12793743896484375, 0.9587307434082031, -0.1639818115234375, 192.0, 0.0, 0.0, 0.0, 0.0, 0.0, 0.0, 0.0, 0.0, 0.0, 1.741808572936619E9, 0.0, 2025-03-12 14:42:52.936
124.0, 17220.432128957764, -27638.71433004312, -42867.33780709956, -28427.932075015557, -25027.740004985335, 6407.619286491787, -37653.72635766582, 14086.158762712332, 4573.368081255922, -13674.305519378844, -34748.98305523194, -5410.30680064044, -36706.37002067209, -19503.551066345106, -18193.783544753023, 7528.782788369988, -0.12793743896484375, 0.9587307434082031, -0.1639818115234375, 192.0, 0.0, 0.0, 0.0, 0.0, 0.0, 0.0, 0.0, 0.0, 0.0, 1.741808572936634E9, 0.0, 2025-03-12 14:42:52.936
126.0, 17239.229946044677, -27648.504394114545, -42855.29021683815, -28417.404403377106, -25017.972292658367, 6391.481326995055, -37646.41733722894, 14093.780707571592, 4590.266000064135, -13663.84490297376, -34749.81006977679, -5423.36021940234, -36702.212596203404, -19490.028260949643, -18187.905035961277, 7543.177311799206, -0.12793743896484375, 0.9587307434082031, -0.1639818115234375, 192.0, 0.0, 0.0, 0.0, 0.0, 0.0, 0.0, 0.0, 0.0, 0.0, 1.741808572936666E9, 0.0, 2025-03-12 14:42:52.936
128.0, 17229.305771506522, -27643.94463824566, -42860.07349015158, -28407.659042794592, -25020.319225826173, 6413.386036561255, -37636.80608711315, 14102.520239653617, 4583.538124983087, -13667.175312897602, -34739.46121209398, -5394.884096966279, -36694.05420947722, -19480.439362578316, -18168.727239218624, 7541.411523987237, -0.12793743896484375, 0.9587307434082031, -0.1639818115234375, 192.0, 0.0, 0.0, 0.0, 0.0, 0.0, 0.0, 0.0, 0.0, 0.0, 1.741808572936681E9, 0.0, 2025-03-12 14:42:52.936
130.0, 17240.772216412093, -27639.384882376777, -42854.73142322677, -28413.112868441687, -25019.00047290331, 6397.538649742442, -37639.622406914525, 14102.922571053812, 4598.446738534777, -13658.525187793397, -34753.408700634085, -5419.046332722465, -36704.090142737645, -19490.81057200558, -18181.579492280423, 7547.938233368187, -0.1309687194824219, 0.9603653717041015, -0.16399090576171876, 192.0, 125.5, 104.0, 15.0, 8.0, 125.0, 112.0, 0.0, 0.0, 0.0, 1.741808572936696E9, 0.0, 2025-03-12 14:42:52.936
132.0, 17242.292135035055, -27637.70850154263, -42857.77126047269, -28392.90689145409, -25023.493173538827, 6437.74943801754, -37649.65834017496, 14095.188867472276, 4591.271828564623, -13656.021792414404, -34741.91990398406, -5382.523582282493, -36696.55760485621, -19469.777580473135, -18177.98086142312, 7547.334736267893, -0.1309687194824219, 0.9603653717041015, -0.16399090576171876, 192.0, 0.0, 0.0, 0.0, 0.0, 0.0, 0.0, 0.0, 0.0, 0.0, 1.741808572996902E9, 0.0, 2025-03-12 14:42:52.996
134.0, 17214.732434121663, -27642.13414694478, -42855.7148999828, -28421.114792956687, -25016.877057180056, 6386.720405426074, -37647.19964828487, 14091.433774403784, 4592.992912887682, -13657.094676148257, -34751.48645061093, -5416.721751299114, -36704.47012239339, -19480.059382922576, -18192.733012763623, 7549.927538624709, -0.1309687194824219, 0.9603653717041015, -0.16399090576171876, 192.0, 0.0, 0.0, 0.0, 0.0, 0.0, 0.0, 0.0, 0.0, 0.0, 1.741808572996924E9, 0.0, 2025-03-12 14:42:52.996
136.0, 17221.996751069637, -27651.678341827195, -42864.499135553735, -28393.152760643097, -25027.76235672979, 6436.631850794774, -37654.12868906602, 14086.829315045992, 4577.212581302236, -13671.489199577476, -34742.38929061762, -5397.141623156264, -36708.851064306626, -19493.649243551405, -18191.503666818582, 7535.734180895589, -0.1309687194824219, 0.9603653717041015, -0.16399090576171876, 192.0, 0.0, 0.0, 0.0, 0.0, 0.0, 0.0, 0.0, 0.0, 0.0, 1.741808572996939E9, 0.0, 2025-03-12 14:42:52.996
138.0, 17190.078459987457, -27644.23521092358, -42851.62453074748, -28429.988435505446, -25016.005339146297, 6383.747623413518, -37637.387232468995, 14095.814716317025, 4593.551706499065, -13667.08590591978, -34751.37469188865, -5418.375780388807, -36717.83646557766, -19503.282845411642, -18197.873913988344, 7535.555366939947, -0.1309687194824219, 0.9603653717041015, -0.16399090576171876, 192.0, 0.0, 0.0, 0.0, 0.0, 0.0, 0.0, 0.0, 0.0, 0.0, 1.741808572996965E9, 0.0, 2025-03-12 14:42:52.996
140.0, 17230.803338385027, -27647.990303992072, -42854.68671973786, -28380.792245959314, -25018.218161847373, 6432.362667603811, -37643.51161044975, 14095.390033172374, 4587.3826250294005, -13667.868216975716, -34729.13470615562, -5387.955056185134, -36704.33601192666, -19490.028260949643, -18179.970166679643, 7539.198701286162, -0.13148435974121095, 0.9611826858520507, -0.16299545288085937, 192.0, 125.5, 112.0, 15.0, 8.0, 125.0, 120.0, 0.0, 0.0, 0.0, 1.74180857299698E9, 0.0, 2025-03-12 14:42:52.996
142.0, 17193.67709084476, -27642.402367878243, -42854.17262961539, -28424.758127302903, -25021.325054326662, 6382.294760023923, -37645.67972966191, 14091.187905214776, 4599.586677501998, -13661.922652950605, -34745.20561041899, -5410.150338429254, -36710.92977654097, -19498.18664767583, -18191.995405196598, 7540.316288508927, -0.13148435974121095, 0.9611826858520507, -0.16299545288085937, 192.0, 0.0, 0.0, 0.0, 0.0, 0.0, 0.0, 0.0, 0.0, 0.0, 1.741808572996996E9, 0.0, 2025-03-12 14:42:52.996
144.0, 17235.474852976186, -27653.444129639167, -42859.760565729215, -28380.747542470403, -25021.012129904288, 6439.783446762973, -37649.36776749704, 14090.047966247555, 4586.466203506733, -13671.824475744304, -34737.29309288181, -5391.933666698178, -36707.532311383766, -19499.639511065427, -18189.469658073147, 7535.018925073019, -0.13148435974121095, 0.9611826858520507, -0.16299545288085937, 192.0, 0.0, 0.0, 0.0, 0.0, 0.0, 0.0, 0.0, 0.0, 0.0, 1.741808572997011E9, 0.0, 2025-03-12 14:42:52.997
146.0, 17183.73056456215, -27634.646312552253, -42849.65757723541, -28436.80571756431, -25012.160839099986, 6368.749602884007, -37635.46498244584, 14097.334634939985, 4597.507965267654, -13666.862388475227, -34746.52436334186, -5410.575021573904, -36707.19703521694, -19499.52775234315, -18196.018719198553, 7536.181215784695, -0.13148435974121095, 0.9611826858520507, -0.16299545288085937, 192.0, 0.0, 0.0, 0.0, 0.0, 0.0, 0.0, 0.0, 0.0, 0.0, 1.741808572997033E9, 0.0, 2025-03-12 14:42:52.997
148.0, 17240.056960589525, -27656.975705263103, -42864.7673564872, -28381.75337097089, -25021.9061996825, 6429.434589080166, -37649.81480238614, 14093.847762804959, 4591.4953460091765, -13668.47171407601, -34730.4981625674, -5392.6712742652035, -36701.40793340301, -19490.341185372017, -18188.821457483944, 7534.370724483815, -0.13148435974121095, 0.9611826858520507, -0.16299545288085937, 192.0, 0.0, 0.0, 0.0, 0.0, 0.0, 0.0, 0.0, 0.0, 0.0, 1.741808573056687E9, 0.0, 2025-03-12 14:42:53.056
150.0, 17164.68687828623, -27644.078748712393, -42861.12402214098, -28441.432528666563, -25018.084051380643, 6369.420155217666, -37643.042223816185, 14093.691300593771, 4591.0259593756155, -13671.444496088565, -34747.44078486452, -5412.027884963499, -36715.6683463655, -19501.315891899576, -18207.954550737686, 7529.162768025729, -0.1297421798706055, 0.9615913429260253, -0.1624977264404297, 192.0, 126.0, 0.0, 15.0, 8.0, 125.0, 120.0, 0.0, 0.0, 0.0, 1.741808573056707E9, 0.0, 2025-03-12 14:42:53.056
152.0, 17224.410739470808, -27658.76384481953, -42867.29310361065, -28387.989507673923, -25025.37072007307, 6424.047818666437, -37653.614598943546, 14092.081974992989, 4595.988046644694, -13663.442571573565, -34734.63323529163, -5399.957942957633, -36698.63631709055, -19489.38006036044, -18200.153791922785, 7537.991707085575, -0.1297421798706055, 0.9615913429260253, -0.1624977264404297, 192.0, 0.0, 0.0, 0.0, 0.0, 0.0, 0.0, 0.0, 0.0, 0.0, 1.741808573056723E9, 0.0, 2025-03-12 14:42:53.056
154.0, 17156.64025028232, -27640.793042277463, -42864.18621113136, -28441.276066455375, -25021.682682237948, 6377.511486710488, -37644.74095639479, 14092.953693026746, 4590.645979719875, -13672.18210365559, -34752.089947711225, -5411.849071007857, -36713.63433762006, -19507.350862902505, -18210.659111816778, 7528.134587780784, -0.1297421798706055, 0.9615913429260253, -0.1624977264404297, 192.0, 0.0, 0.0, 0.0, 0.0, 0.0, 0.0, 0.0, 0.0, 0.0, 1.741808573056748E9, 0.0, 2025-03-12 14:42:53.056
156.0, 17221.192088269247, -27659.076769241903, -42865.1696878874, -28383.697972738504, -25020.520391526272, 6424.740722744552, -37647.82549712962, 14100.709748352738, 4595.205735588758, -13659.285147104878, -34737.06957543726, -5400.583791802382, -36693.182491443455, -19483.166275401865, -18193.291806375004, 7542.6855734211895, -0.1297421798706055, 0.9615913429260253, -0.1624977264404297, 192.0, 0.0, 0.0, 0.0, 0.0, 0.0, 0.0, 0.0, 0.0, 0.0, 1.741808573056763E9, 0.0, 2025-03-12 14:42:53.056
158.0, 17141.552822774986, -27656.483966885087, -42873.48453682477, -28445.567601390794, -25031.740967242833, 6383.88173388025, -37658.86725889055, 14082.224855688199, 4572.272845777613, -13678.798220014362, -34756.850869280206, -5410.686780296181, -36721.859779579616, -19505.361557645985, -18212.916638006765, 7520.602049899346, -0.1297421798706055, 0.9615913429260253, -0.1624977264404297, 192.0, 0.0, 0.0, 0.0, 0.0, 0.0, 0.0, 0.0, 0.0, 0.0, 1.741808573056779E9, 0.0, 2025-03-12 14:42:53.056
160.0, 17206.708157862206, -27657.601554107852, -42857.234818605764, -28400.43942933553, -25016.13944961303, 6411.553193515921, -37646.059709317655, 14096.977007028701, 4578.106651080448, -13674.596092056763, -34749.18422093204, -5415.939440243178, -36713.34376494215, -19498.387813375928, -18208.17806818224, 7523.1948522561615, -0.13187108993530275, 0.9627956714630126, -0.16124886322021487, 192.0, 125.5, 104.0, 15.0, 16.0, 125.5, 0.0, 0.0, 0.0, 0.0, 1.741808573056797E9, 0.0, 2025-03-12 14:42:53.056
162.0, 17142.379837319833, -27643.542306845466, -42859.0676616511, -28436.604551864213, -25018.24051359183, 6388.039158348937, -37645.65737791746, 14095.054757005544, 4583.00168311616, -13670.081039676792, -34747.84311626472, -5399.2426871350635, -36712.56145388621, -19495.303272641097, -18201.584303567925, 7528.849843603354, -0.13187108993530275, 0.9627956714630126, -0.16124886322021487, 192.0, 0.0, 0.0, 0.0, 0.0, 0.0, 0.0, 0.0, 0.0, 0.0, 1.741808573118376E9, 0.0, 2025-03-12 14:42:53.118
164.0, 17198.482715902654, -27650.024312737503, -42854.15027787093, -28393.06335366528, -25010.462106521383, 6415.151824373224, -37646.66320641794, 14101.536762897584, 4584.074566850015, -13665.744801252462, -34744.468002851965, -5407.803405261446, -36711.53327364127, -19490.028260949643, -18198.857390744375, 7533.007268072041, -0.13187108993530275, 0.9627956714630126, -0.16124886322021487, 192.0, 0.0, 0.0, 0.0, 0.0, 0.0, 0.0, 0.0, 0.0, 0.0, 1.741808573118397E9, 0.0, 2025-03-12 14:42:53.118
166.0, 17144.860880954373, -27649.778443548497, -42862.755699486224, -28426.05452848131, -25025.884810195545, 6403.104234111815, -37655.64860768898, 14087.79044005757, 4576.340863268479, -13670.863350732727, -34742.12106968416, -5390.68196900868, -36716.71887835489, -19490.47529583875, -18198.767983766556, 7527.7769598694995, -0.13187108993530275, 0.9627956714630126, -0.16124886322021487, 192.0, 0.0, 0.0, 0.0, 0.0, 0.0, 0.0, 0.0, 0.0, 0.0, 1.741808573118413E9, 0.0, 2025-03-12 14:42:53.118
168.0, 17191.26310244359, -27640.815394021916, -42842.348556798526, -28394.695031010513, -25008.651615220504, 6405.048835879426, -37641.790526126686, 14103.950751298757, 4582.375834271412, -13666.638871030675, -34745.27266565236, -5405.098844182354, -36718.97640454488, -19488.463638837773, -18200.064384944963, 7532.0014395715525, -0.13187108993530275, 0.9627956714630126, -0.16124886322021487, 192.0, 0.0, 0.0, 0.0, 0.0, 0.0, 0.0, 0.0, 0.0, 0.0, 1.741808573118428E9, 0.0, 2025-03-12 14:42:53.118
170.0, 17151.365238590864, -27647.2750481695, -42856.40780406092, -28410.743583529424, -25022.28617933824, 6411.1508621157245, -37650.26183727525, 14093.668948849316, 4578.665444691831, -13665.789504741373, -34733.09096492422, -5378.835544447368, -36707.75582882832, -19478.85238872199, -18186.116896404852, 7537.231747774094, -0.13493554496765137, 0.9623978357315063, -0.15962443161010742, 192.0, 125.5, 88.0, 15.0, 8.0, 125.5, 8.0, 0.0, 0.0, 0.0, 1.741808573118454E9, 0.0, 2025-03-12 14:42:53.118
172.0, 17184.02113724007, -27649.778443548497, -42849.99285340224, -28394.0021269324, -25017.14527811352, 6407.351065558322, -37643.802183127664, 14100.463879163728, 4582.644055204875, -13664.783676240884, -34742.38929061762, -5406.21643140512, -36717.34472719964, -19489.29065338262, -18197.337472121417, 7536.650602418256, -0.13493554496765137, 0.9623978357315063, -0.15962443161010742, 192.0, 0.0, 0.0, 0.0, 0.0, 0.0, 0.0, 0.0, 0.0, 0.0, 1.74180857311847E9, 0.0, 2025-03-12 14:42:53.118
174.0, 17163.591642807918, -27641.240077166567, -42848.428231290374, -28402.42873459205, -25017.078222880154, 6417.252888352024, -37638.77304062522, 14105.001283288157, 4573.882171378395, -13667.063554175325, -34731.1463631566, -5382.992968916055, -36713.388468431054, -19484.507380069183, -18187.27918711653, 7536.203567529151, -0.13493554496765137, 0.9623978357315063, -0.15962443161010742, 192.0, 0.0, 0.0, 0.0, 0.0, 0.0, 0.0, 0.0, 0.0, 0.0, 1.741808573118486E9, 0.0, 2025-03-12 14:42:53.118
176.0, 17192.425393155267, -27645.553963846443, -42850.95397841382, -28399.99239444642, -25018.173458358462, 6411.441434793644, -37643.22103777183, 14105.224800732709, 4585.639188961886, -13655.194777869556, -34728.955892199985, -5402.461338336628, -36708.94047128445, -19479.14296139991, -18184.88755045981, 7551.335698525393, -0.13493554496765137, 0.9623978357315063, -0.15962443161010742, 192.0, 0.0, 0.0, 0.0, 0.0, 0.0, 0.0, 0.0, 0.0, 0.0, 1.741808573118505E9, 0.0, 2025-03-12 14:42:53.118
178.0, 17208.295131718533, -27637.23911490907, -42849.99285340224, -28395.924376955558, -25015.558304257193, 6428.004077435026, -37642.885761605, 14105.247152477164, 4583.4487180052665, -13660.581548283286, -34716.32715658273, -5380.355463070329, -36703.77721831527, -19480.70758351178, -18175.16454162175, 7551.738029925589, -0.13493554496765137, 0.9623978357315063, -0.15962443161010742, 192.0, 0.0, 0.0, 0.0, 0.0, 0.0, 0.0, 0.0, 0.0, 0.0, 1.741808573176756E9, 0.0, 2025-03-12 14:42:53.176
180.0, 17212.921942820783, -27646.783309791484, -42851.66923423639, -28405.312109626786, -25015.84887693511, 6393.73885318504, -37646.66320641794, 14098.78749832958, 4588.142584340881, -13661.542673294864, -34729.89466546711, -5406.708169783136, -36703.50899738181, -19477.824208477046, -18181.288919602506, 7553.6826316932, -0.1344677724838257, 0.9591989178657532, -0.15781221580505372, 192.0, 125.5, 104.0, 14.5, 112.0, 125.5, 16.0, 0.0, 0.0, 0.0, 1.74180857317679E9, 0.0, 2025-03-12 14:42:53.176
182.0, 17232.837347130462, -27664.485891400087, -42875.406786847925, -28394.627975777148, -25032.500926554316, 6429.546347802442, -37662.24237230329, 14086.717556323714, 4569.411822487334, -13671.75742051094, -34727.68184276603, -5386.703358495636, -36706.97351777238, -19484.48502832473, -18177.98086142312, 7541.322117009416, -0.1344677724838257, 0.9591989178657532, -0.15781221580505372, 192.0, 0.0, 0.0, 0.0, 0.0, 0.0, 0.0, 0.0, 0.0, 0.0, 1.741808573176807E9, 0.0, 2025-03-12 14:42:53.176
184.0, 17231.987980841157, -27663.547118132963, -42866.82371697709, -28432.1118512287, -25022.88967643853, 6382.294760023923, -37654.21809604384, 14087.87984703539, 4571.2446655326685, -13678.686461292084, -34754.9062675126, -5430.289260183485, -36718.08233476667, -19506.121516957464, -18197.53863782151, 7537.25409951855, -0.1344677724838257, 0.9591989178657532, -0.15781221580505372, 192.0, 0.0, 0.0, 0.0, 0.0, 0.0, 0.0, 0.0, 0.0, 0.0, 1.741808573176821E9, 0.0, 2025-03-12 14:42:53.176
186.0, 17282.726440754705, -27660.86490879833, -42861.571057030094, -28397.868978723167, -25020.90037118201, 6422.639658765753, -37652.3852529985, 14094.138335482876, 4568.2495317756575, -13681.435725860087, -34725.938406698515, -5395.9569807001335, -36696.758770556306, -19489.871798738455, -18176.103314888875, 7548.251157790561, -0.1344677724838257, 0.9591989178657532, -0.15781221580505372, 192.0, 0.0, 0.0, 0.0, 0.0, 0.0, 0.0, 0.0, 0.0, 0.0, 1.741808573176837E9, 0.0, 2025-03-12 14:42:53.176
188.0, 17262.229891089188, -27667.592783879376, -42864.61089427601, -28439.018540265388, -25016.742946713322, 6378.003225088504, -37650.26183727525, 14089.355062169441, 4583.381662771901, -13679.178199670101, -34737.42720334855, -5424.343696158373, -36703.71016308191, -19492.66576679537, -18179.74664923509, 7553.861445648843, -0.1344677724838257, 0.9591989178657532, -0.15781221580505372, 192.0, 0.0, 0.0, 0.0, 0.0, 0.0, 0.0, 0.0, 0.0, 0.0, 1.741808573176851E9, 0.0, 2025-03-12 14:42:53.176
190.0, 17306.799269533072, -27671.705504859154, -42859.96173142931, -28402.09345842522, -25006.48349600834, 6419.443359308643, -37642.908113349455, 14098.407518673841, 4567.400165486356, -13689.974092242015, -34731.41458409007, -5405.121195926809, -36701.27382293628, -19491.726993528246, -18166.06738162844, 7555.113143338341, -0.13523388624191285, 0.9585994589328766, -0.15890610790252685, 192.0, 125.5, 96.0, 14.5, 120.0, 125.5, 0.0, 0.0, 0.0, 0.0, 1.741808573176866E9, 0.0, 2025-03-12 14:42:53.176
192.0, 17268.309565581032, -27657.914478530227, -42855.49138253825, -28443.734758345458, -25007.51167625328, 6365.374489471256, -37638.4824679473, 14100.93326579729, 4577.972540613716, -13690.063499219836, -34740.64585455011, -5429.506949127549, -36704.06779099319, -19497.091412197522, -18162.625212982322, 7564.836152176399, -0.13523388624191285, 0.9585994589328766, -0.15890610790252685, 192.0, 0.0, 0.0, 0.0, 0.0, 0.0, 0.0, 0.0, 0.0, 0.0, 1.741808573236135E9, 0.0, 2025-03-12 14:42:53.236
194.0, 17327.072301754037, -27661.803682065452, -42858.03948140615, -28386.22371986195, -25005.879998908043, 6421.477368054077, -37639.24242725878, 14107.705844367249, 4588.701377952263, -13680.429897359598, -34714.136685626116, -5397.745120256558, -36685.49349135083, -19480.260548622675, -18149.281221542504, 7579.342434327893, -0.13523388624191285, 0.9585994589328766, -0.15890610790252685, 192.0, 0.0, 0.0, 0.0, 0.0, 0.0, 0.0, 0.0, 0.0, 0.0, 1.741808573236155E9, 0.0, 2025-03-12 14:42:53.236
196.0, 17267.259033591632, -27668.66566761323, -42869.50592631173, -28444.740586845946, -25016.988815902332, 6369.442506962122, -37649.30071226367, 14090.0256145031, 4582.576999971509, -13696.478449878508, -34737.002520203896, -5424.343696158373, -36711.60032887463, -19502.031147722144, -18172.8399601984, 7565.529056254513, -0.13523388624191285, 0.9585994589328766, -0.15890610790252685, 192.0, 0.0, 0.0, 0.0, 0.0, 0.0, 0.0, 0.0, 0.0, 0.0, 1.74180857323617E9, 0.0, 2025-03-12 14:42:53.236
198.0, 17324.3900924194, -27665.402312922757, -42862.57688553058, -28396.34906010021, -25006.52819949725, 6415.285934839957, -37646.17146803993, 14097.446393662261, 4582.375834271412, -13696.94783651207, -34729.17940964454, -5415.201832676153, -36703.50899738181, -19501.181781432842, -18169.39779155228, 7554.800218915966, -0.13523388624191285, 0.9585994589328766, -0.15890610790252685, 192.0, 0.0, 0.0, 0.0, 0.0, 0.0, 0.0, 0.0, 0.0, 0.0, 1.741808573236196E9, 0.0, 2025-03-12 14:42:53.236
200.0, 17267.817827203016, -27661.021371009516, -42869.751795500735, -28447.15457524712, -25014.48542052334, 6367.073222049859, -37646.41733722894, 14096.038233761577, 4581.839392404484, -13691.069327720325, -34738.14245917111, -5428.232899693597, -36705.96768927189, -19500.91356049938, -18176.103314888875, 7558.935291640198, -0.13161694312095643, 0.9612997294664383, -0.16245305395126342, 192.0, 126.0, 0.0, 15.0, 16.0, 125.0, 104.0, 0.0, 0.0, 0.0, 1.74180857323621E9, 0.0, 2025-03-12 14:42:53.236
202.0, 17331.1403192449, -27672.487815915087, -42869.595333289544, -28392.66102226508, -25012.518467011272, 6411.866117938294, -37647.870200618534, 14097.893428551368, 4577.324340024512, -13691.561066098342, -34734.610883547175, -5417.772283288513, -36702.16789271449, -19486.831961492535, -18176.505646289068, 7559.091753851385, -0.13161694312095643, 0.9612997294664383, -0.16245305395126342, 192.0, 0.0, 0.0, 0.0, 0.0, 0.0, 0.0, 0.0, 0.0, 0.0, 1.741808573236231E9, 0.0, 2025-03-12 14:42:53.236
204.0, 17256.12786485289, -27661.91544078773, -42872.411653090916, -28448.853307825724, -25016.497077524316, 6365.039213304426, -37646.08206106211, 14093.758355827136, 4578.799555158563, -13694.310330666343, -34745.00444471889, -5422.130873457298, -36708.985174773356, -19489.558874316084, -18183.45703881467, 7551.089829336385, -0.13161694312095643, 0.9612997294664383, -0.16245305395126342, 192.0, 0.0, 0.0, 0.0, 0.0, 0.0, 0.0, 0.0, 0.0, 0.0, 1.741808573236245E9, 0.0, 2025-03-12 14:42:53.236
206.0, 17323.116042985446, -27667.369266434824, -42867.87424896649, -28396.684336267037, -25012.026728633253, 6404.691207968141, -37649.747747152775, 14095.993530272668, 4578.352520269456, -13688.722394552517, -34737.02487194835, -5415.023018720511, -36707.733477083864, -19487.32369987055, -18177.489123045103, 7544.674878677712, -0.13161694312095643, 0.9612997294664383, -0.16245305395126342, 192.0, 0.0, 0.0, 0.0, 0.0, 0.0, 0.0, 0.0, 0.0, 0.0, 1.741808573236261E9, 0.0, 2025-03-12 14:42:53.236
208.0, 17256.709010208728, -27656.1263389738, -42865.415557076405, -28439.10794724321, -25018.396975803018, 6368.682547650641, -37649.747747152775, 14086.248169690154, 4579.067776092026, -13692.991577743482, -34740.131764427635, -5411.223222163108, -36712.40499167502, -19494.09627844051, -18182.40650682527, 7540.852730375855, -0.13161694312095643, 0.9612997294664383, -0.16245305395126342, 192.0, 0.0, 0.0, 0.0, 0.0, 0.0, 0.0, 0.0, 0.0, 0.0, 1.741808573296407E9, 0.0, 2025-03-12 14:42:53.296
210.0, 17316.030539993113, -27660.082597742392, -42868.410690833414, -28392.593967031717, -25019.62632174806, 6404.043007378938, -37662.197668814384, 14085.577617356494, 4581.660578448842, -13689.66116781964, -34738.79065976032, -5416.498233854561, -36707.532311383766, -19495.035051707633, -18187.368594094347, 7539.958660597642, -0.1288084715604782, 0.9606498647332191, -0.16322652697563172, 192.0, 126.0, 8.0, 15.0, 0.0, 125.0, 112.0, 0.0, 0.0, 0.0, 1.741808573296427E9, 0.0, 2025-03-12 14:42:53.296
212.0, 17261.782856200083, -27654.80758605094, -42873.931571713874, -28438.571505376283, -25027.47178405187, 6379.634902433741, -37666.06452060515, 14079.944977753757, 4583.828697661006, -13688.90120850816, -34737.56131381528, -5405.724693027102, -36708.158160228515, -19492.799877262103, -18192.688309274712, 7534.236614017083, -0.1288084715604782, 0.9606498647332191, -0.16322652697563172, 192.0, 0.0, 0.0, 0.0, 0.0, 0.0, 0.0, 0.0, 0.0, 0.0, 1.741808573296443E9, 0.0, 2025-03-12 14:42:53.296
214.0, 17326.37939767592, -27654.606420350843, -42856.94424592784, -28405.602682304703, -25011.84791467761, 6386.139260070237, -37651.62529368702, 14090.763222070125, 4585.303912795057, -13691.114031209236, -34737.22603764845, -5424.1872339471865, -36705.96768927189, -19499.259531409687, -18195.795201754, 7533.7001721501565, -0.1288084715604782, 0.9606498647332191, -0.16322652697563172, 192.0, 0.0, 0.0, 0.0, 0.0, 0.0, 0.0, 0.0, 0.0, 0.0, 1.741808573296471E9, 0.0, 2025-03-12 14:42:53.296
216.0, 17278.770181986118, -27644.726949301596, -42864.9685221873, -28439.48792689895, -25025.214257861884, 6369.040175561926, -37657.101471078575, 14086.158762712332, 4589.014302374638, -13685.056708461847, -34728.330043355236, -5402.193117403164, -36697.20580544541, -19495.77265927466, -18188.285015617017, 7536.896471607265, -0.1288084715604782, 0.9606498647332191, -0.16322652697563172, 192.0, 0.0, 0.0, 0.0, 0.0, 0.0, 0.0, 0.0, 0.0, 0.0, 1.741808573296486E9, 0.0, 2025-03-12 14:42:53.296
218.0, 17325.28416219761, -27648.012655736526, -42860.1181936405, -28410.877693996157, -25019.24634209232, 6378.897294866717, -37656.49797397828, 14094.898294794357, 4601.2407065916905, -13675.713679279528, -34729.46998232246, -5417.079379210399, -36691.32729665367, -19488.351880115497, -18193.761193008566, 7542.126779809807, -0.1288084715604782, 0.9606498647332191, -0.16322652697563172, 192.0, 0.0, 0.0, 0.0, 0.0, 0.0, 0.0, 0.0, 0.0, 0.0, 1.741808573296501E9, 0.0, 2025-03-12 14:42:53.296
220.0, 17279.55249304205, -27657.087463985383, -42875.42913859238, -28434.794060563334, -25036.27837136726, 6392.97889387356, -37669.41728227345, 14078.201541686243, 4582.308779038046, -13689.169429441623, -34734.25325563589, -5405.2329546490855, -36706.66059335001, -19497.225522664252, -18191.727184263134, 7531.599108171357, -0.1274042357802391, 0.9593249323666095, -0.16361326348781585, 192.0, 126.0, 8.0, 14.5, 120.0, 125.0, 112.0, 0.0, 0.0, 0.0, 1.74180857329652E9, 0.0, 2025-03-12 14:42:53.296
222.0, 17307.08984221099, -27648.14676620326, -42857.167763372396, -28425.629845336658, -25016.407670546494, 6376.885637865739, -37652.3852529985, 14088.416288902317, 4591.875325664917, -13683.872066005715, -34738.63419754913, -5436.950080031166, -36708.02404976178, -19500.555932588093, -18197.53863782151, 7533.4095994722375, -0.1274042357802391, 0.9593249323666095, -0.16361326348781585, 192.0, 0.0, 0.0, 0.0, 0.0, 0.0, 0.0, 0.0, 0.0, 0.0, 1.741808573356685E9, 0.0, 2025-03-12 14:42:53.356
224.0, 17279.41838257532, -27645.48690861308, -42863.00156867523, -28427.082708726255, -25022.91202818299, 6385.044024591926, -37653.189915798896, 14090.182076714287, 4597.5973722454755, -13680.362842126233, -34724.86552296466, -5403.444815092661, -36691.97549724287, -19490.363537116475, -18177.734992234113, 7543.11025656584, -0.1274042357802391, 0.9593249323666095, -0.16361326348781585, 192.0, 0.0, 0.0, 0.0, 0.0, 0.0, 0.0, 0.0, 0.0, 0.0, 1.74180857335672E9, 0.0, 2025-03-12 14:42:53.356
226.0, 17265.582652757486, -27669.604440880354, -42881.66527529541, -28437.230400708962, -25041.262810380795, 6379.679605922653, -37670.534869496216, 14077.352175396942, 4576.631435946398, -13700.94879876957, -34761.678846082556, -5448.014193536544, -36724.34082321415, -19511.731804815747, -18205.831135014432, 7527.821663358411, -0.1274042357802391, 0.9593249323666095, -0.16361326348781585, 192.0, 0.0, 0.0, 0.0, 0.0, 0.0, 0.0, 0.0, 0.0, 0.0, 1.741808573356735E9, 0.0, 2025-03-12 14:42:53.356
228.0, 17261.98402190018, -27661.46840589862, -42880.43592935037, -28434.637598352147, -25038.53589755725, 6396.376359030767, -37665.81865141614, 14079.989681242667, 4576.676139435308, -13698.311292923843, -34752.44757562251, -5424.343696158373, -36716.674174865984, -19496.8008395196, -18204.11005069137, 7521.429064444193, -0.1274042357802391, 0.9593249323666095, -0.16361326348781585, 192.0, 0.0, 0.0, 0.0, 0.0, 0.0, 0.0, 0.0, 0.0, 0.0, 1.74180857335675E9, 0.0, 2025-03-12 14:42:53.356
230.0, 17258.02776313159, -27645.308094657434, -42862.48747855276, -28446.707540358013, -25021.168592115475, 6351.672870120153, -37649.59128494159, 14094.004225016144, 4588.656674463353, -13690.532885853398, -34759.93541001504, -5445.108466757353, -36718.641128378054, -19500.91356049938, -18212.670768817756, 7531.152073282251, -0.13070211789011954, 0.9606624661833048, -0.16280663174390791, 192.0, 125.5, 104.0, 15.0, 8.0, 125.0, 120.0, 0.0, 0.0, 0.0, 1.741808573356765E9, 0.0, 2025-03-12 14:42:53.356
232.0, 17271.684678993784, -27655.99222850707, -42874.44566183635, -28424.04287148033, -25033.596162032627, 6396.376359030767, -37666.17627932743, 14086.65050109035, 4580.721805181719, -13689.258836419445, -34745.63029356364, -5412.11729194132, -36708.24756720633, -19491.391717361417, -18199.773812267045, 7532.783750627488, -0.13070211789011954, 0.9606624661833048, -0.16280663174390791, 192.0, 0.0, 0.0, 0.0, 0.0, 0.0, 0.0, 0.0, 0.0, 0.0, 1.741808573356781E9, 0.0, 2025-03-12 14:42:53.356
234.0, 17256.75371369764, -27643.765824290018, -42864.18621113136, -28454.038912539356, -25021.28035083775, 6350.957614297583, -37655.64860768898, 14090.36089066993, 4587.315569796035, -13686.911903251637, -34764.45046239501, -5445.779019091013, -36720.384564445565, -19500.04184246562, -18218.37046365386, 7527.5981459138575, -0.13070211789011954, 0.9606624661833048, -0.16280663174390791, 192.0, 0.0, 0.0, 0.0, 0.0, 0.0, 0.0, 0.0, 0.0, 0.0, 1.741808573356796E9, 0.0, 2025-03-12 14:42:53.356
236.0, 17282.569978543517, -27653.555888361443, -42884.01220846322, -28418.27612141086, -25033.640865521535, 6404.713559712596, -37668.65732296197, 14087.835143546481, 4586.421500017822, -13685.481391606498, -34744.80327901879, -5413.056065208443, -36706.43707590545, -19487.435458592827, -18205.853486758886, 7531.152073282251, -0.13070211789011954, 0.9606624661833048, -0.16280663174390791, 192.0, 0.0, 0.0, 0.0, 0.0, 0.0, 0.0, 0.0, 0.0, 0.0, 1.741808573356815E9, 0.0, 2025-03-12 14:42:53.356
238.0, 17236.771254154595, -27658.67443784171, -42879.22893514978, -28453.614229394705, -25026.398900318018, 6355.5620736553765, -37662.17531706993, 14090.629111603394, 4583.113441838436, -13687.09071720728, -34764.49516588392, -5444.192045234686, -36725.86074183712, -19499.19247617632, -18221.209135199682, 7529.319230236916, -0.13070211789011954, 0.9606624661833048, -0.16280663174390791, 192.0, 0.0, 0.0, 0.0, 0.0, 0.0, 0.0, 0.0, 0.0, 0.0, 1.741808573418359E9, 0.0, 2025-03-12 14:42:53.418
240.0, 17268.376620814397, -27673.314830459934, -42884.16867067441, -28406.519103827373, -25031.47274630937, 6407.284010324956, -37666.17627932743, 14088.460992391229, 4571.267017277124, -13691.225789931512, -34753.140479700625, -5420.7897687899795, -36716.1153812546, -19489.581226060538, -18212.648417073302, 7529.341581981371, -0.13135105894505977, 0.9603312330916524, -0.16040331587195394, 192.0, 125.5, 112.0, 15.0, 0.0, 125.5, 8.0, 0.0, 0.0, 0.0, 1.741808573418379E9, 0.0, 2025-03-12 14:42:53.418
242.0, 17215.201820755225, -27670.297344958468, -42887.7225980428, -28454.798871850835, -25035.18313588895, 6365.732117382541, -37667.20445957237, 14084.236512689176, 4571.110555065937, -13688.61063583024, -34777.258011967904, -5445.063763268443, -36730.532256428276, -19497.650205808903, -18224.8524695459, 7528.089884291874, -0.13135105894505977, 0.9603312330916524, -0.16040331587195394, 192.0, 0.0, 0.0, 0.0, 0.0, 0.0, 0.0, 0.0, 0.0, 0.0, 1.741808573418405E9, 0.0, 2025-03-12 14:42:53.418
244.0, 17266.61083300243, -27667.771597835017, -42882.335827629075, -28408.351946872706, -25027.516487540783, 6414.9059551842165, -37666.26568630525, 14089.22095170271, 4569.814153887529, -13677.211246158035, -34761.321218171266, -5419.940402500678, -36728.922930827495, -19485.021470191656, -18212.38019613984, 7533.186082027684, -0.13135105894505977, 0.9603312330916524, -0.16040331587195394, 192.0, 0.0, 0.0, 0.0, 0.0, 0.0, 0.0, 0.0, 0.0, 0.0, 1.741808573418421E9, 0.0, 2025-03-12 14:42:53.418
246.0, 17204.92001830578, -27660.194356464668, -42884.43689160787, -28461.459691698517, -25040.10051966912, 6366.961463327582, -37669.8419654181, 14083.0742219775, 4572.898694622361, -13680.832228759793, -34771.26774445388, -5442.068629511432, -36735.42728846399, -19496.62202556396, -18224.919524779263, 7521.362009210827, -0.13135105894505977, 0.9603312330916524, -0.16040331587195394, 192.0, 0.0, 0.0, 0.0, 0.0, 0.0, 0.0, 0.0, 0.0, 0.0, 1.74180857341844E9, 0.0, 2025-03-12 14:42:53.418
248.0, 17269.449504548254, -27658.4285686527, -42873.08220542457, -28402.562845058783, -25029.61755151958, 6416.761149974007, -37658.889610635, 14098.07224250701, 4571.28936902158, -13673.657318789641, -34751.84407852222, -5424.477806625105, -36718.439962677956, -19487.14488591491, -18210.41324262777, 7529.9450790816645, -0.13135105894505977, 0.9603312330916524, -0.16040331587195394, 192.0, 0.0, 0.0, 0.0, 0.0, 0.0, 0.0, 0.0, 0.0, 0.0, 1.741808573418454E9, 0.0, 2025-03-12 14:42:53.418
250.0, 17204.83061132796, -27657.355684918846, -42877.32903687108, -28460.185642264565, -25036.926571956465, 6374.695166909119, -37663.09173859259, 14088.840972046968, 4574.66448243433, -13673.70202227855, -34758.84017453673, -5434.357277674351, -36728.140619771555, -19499.19247617632, -18210.592056583413, 7531.867329104821, -0.1296755294725299, 0.9631656165458262, -0.16120165793597696, 192.0, 126.0, 0.0, 15.0, 24.0, 125.0, 120.0, 0.0, 0.0, 0.0, 1.74180857341847E9, 0.0, 2025-03-12 14:42:53.418
252.0, 17276.579711029495, -27651.4771761271, -42861.86162970801, -28409.04485095082, -25019.17928685895, 6412.581373760864, -37655.156869310966, 14095.859419805935, 4577.078470835504, -13675.221940901512, -34749.094813954216, -5430.669239839225, -36722.485628424365, -19485.110877169478, -18205.94289373671, 7534.460131461637, -0.1296755294725299, 0.9631656165458262, -0.16120165793597696, 192.0, 0.0, 0.0, 0.0, 0.0, 0.0, 0.0, 0.0, 0.0, 0.0, 1.74180857347718E9, 0.0, 2025-03-12 14:42:53.477
254.0, 17210.75382360862, -27641.28478065548, -42858.24064710625, -28457.704598630025, -25013.99368214532, 6362.7816871144405, -37650.373595997524, 14093.803059316047, 4584.163973827836, -13670.215150143524, -34748.245447664915, -5430.155149716753, -36717.54589289974, -19491.369365616963, -18199.03620470002, 7539.2210530306165, -0.1296755294725299, 0.9631656165458262, -0.16120165793597696, 192.0, 0.0, 0.0, 0.0, 0.0, 0.0, 0.0, 0.0, 0.0, 0.0, 1.741808573477201E9, 0.0, 2025-03-12 14:42:53.477
0.0, 17270.723553982207, -27649.845498781862, -42860.72169074079, -28402.316975869773, -25011.8032111887, 6404.534745756954, -37653.033453587705, 14101.782632086592, 4591.651808220364, -13657.98874592647, -34737.136630670626, -5418.666353066726, -36711.22034921889, -19473.66678400836, -18189.871989473344, 7542.573814698913, -0.1296755294725299, 0.9631656165458262, -0.16120165793597696, 192.0, 0.0, 0.0, 0.0, 0.0, 0.0, 0.0, 0.0, 0.0, 0.0, 1.741808573477215E9, 0.0, 2025-03-12 14:42:53.477
2.0, 17208.585704396453, -27637.127356186793, -42867.33780709956, -28453.569525905794, -25023.00143516081, 6375.946864598616, -37656.609732700555, 14096.485268650684, 4584.856877905951, -13664.247234373956, -34742.724566784455, -5415.559460587438, -36720.92100631249, -19480.70758351178, -18201.003158212086, 7532.426122716203, -0.1296755294725299, 0.9631656165458262, -0.16120165793597696, 192.0, 0.0, 0.0, 0.0, 0.0, 0.0, 0.0, 0.0, 0.0, 0.0, 1.741808573477241E9, 0.0, 2025-03-12 14:42:53.477
4.0, 17279.59719653096, -27636.456803853132, -42856.13958312745, -28404.70861252649, -25012.67492922246, 6402.925420156172, -37650.30654076416, 14106.342387955474, 4597.709130967753, -13653.473693546499, -34734.186200402524, -5412.944306486167, -36711.913253297, -19474.113818897466, -18196.912788976766, 7539.936308853186, -0.12683776473626496, 0.9625828082729131, -0.1596008289679885, 192.0, 126.0, 16.0, 15.0, 8.0, 125.5, 8.0, 0.0, 0.0, 0.0, 1.741808573477256E9, 0.0, 2025-03-12 14:42:53.477
6.0, 17219.15807952381, -27627.292588626457, -42862.06279540811, -28439.9126100436, -25022.33088282715, 6386.943922870627, -37654.75453791077, 14094.920646538812, 4594.1328518549035, -13658.3240220933, -34734.0967934247, -5398.818003990413, -36709.23104396237, -19475.879606709434, -18194.610559297867, 7535.1083320508405, -0.12683776473626496, 0.9625828082729131, -0.1596008289679885, 192.0, 0.0, 0.0, 0.0, 0.0, 0.0, 0.0, 0.0, 0.0, 0.0, 1.741808573477272E9, 0.0, 2025-03-12 14:42:53.477
8.0, 17278.94899594176, -27630.332425872377, -42850.84221969154, -28397.109019411688, -25020.22981884835, 6402.9924753895375, -37658.93431412391, 14097.289931451074, 4605.979276416216, -13651.327926078788, -34725.78194448733, -5399.823832490902, -36702.79374155924, -19469.8446357065, -18201.740765779112, 7539.10929430834, -0.12683776473626496, 0.9625828082729131, -0.1596008289679885, 192.0, 0.0, 0.0, 0.0, 0.0, 0.0, 0.0, 0.0, 0.0, 0.0, 1.741808573477291E9, 0.0, 2025-03-12 14:42:53.477
10.0, 17237.374751254887, -27620.60941703432, -42855.49138253825, -28421.71829005698, -25028.790536974735, 6389.73789092754, -37665.05869210466, 14089.98091101419, 4612.10365439697, -13650.411504556121, -34718.13764788362, -5376.06392813491, -36697.943413012435, -19467.788275216615, -18201.584303567925, 7532.560233182935, -0.12683776473626496, 0.9625828082729131, -0.1596008289679885, 192.0, 0.0, 0.0, 0.0, 0.0, 0.0, 0.0, 0.0, 0.0, 0.0, 1.741808573477305E9, 0.0, 2025-03-12 14:42:53.477
12.0, 17269.33774582598, -27619.245960622546, -42847.62356848998, -28407.591987561227, -25017.94994091391, 6388.910876382694, -37660.70010193588, 14089.355062169441, 4607.923878183828, -13652.221995857, -34722.92092119705, -5395.286428366474, -36711.89090155255, -19475.946661942802, -18210.27913216104, 7521.563174910924, -0.12683776473626496, 0.9625828082729131, -0.1596008289679885, 192.0, 0.0, 0.0, 0.0, 0.0, 0.0, 0.0, 0.0, 0.0, 0.0, 1.74180857353667E9, 0.0, 2025-03-12 14:42:53.536
14.0, 17222.93552433676, -27632.411138106723, -42863.00156867523, -28428.423813393572, -25031.539801542738, 6392.733024684551, -37670.668979962946, 14081.39784114335, 4605.5769450160205, -13651.886719690172, -34715.522493782344, -5372.286483321963, -36698.68102057946, -19472.437438063316, -18190.78841099601, 7521.563174910924, -0.12841888236813248, 0.9622914041364565, -0.15780041448399423, 192.0, 125.5, 120.0, 15.0, 8.0, 125.5, 16.0, 0.0, 0.0, 0.0, 1.741808573536689E9, 0.0, 2025-03-12 14:42:53.536
16.0, 17250.2717078056, -27637.90966724273, -42859.335882584564, -28423.349967402217, -25029.930475941954, 6391.54838222842, -37668.009122372765, 14085.287044678575, 4595.898639666872, -13664.515455307419, -34737.762479515375, -5409.055102950943, -36714.439000420454, -19487.726031270748, -18206.99342572611, 7512.398959684248, -0.12841888236813248, 0.9622914041364565, -0.15780041448399423, 192.0, 0.0, 0.0, 0.0, 0.0, 0.0, 0.0, 0.0, 0.0, 0.0, 1.741808573536706E9, 0.0, 2025-03-12 14:42:53.536
18.0, 17234.200803542233, -27621.212914134612, -42859.112365140005, -28426.278045925865, -25027.650598007513, 6397.225725320069, -37660.02954960222, 14091.210256959232, 4596.971523400727, -13660.313327349822, -34726.47484856544, -5387.999759674044, -36707.48760789485, -19475.946661942802, -18197.046899443496, 7515.237631230072, -0.12841888236813248, 0.9622914041364565, -0.15780041448399423, 192.0, 0.0, 0.0, 0.0, 0.0, 0.0, 0.0, 0.0, 0.0, 0.0, 1.741808573536721E9, 0.0, 2025-03-12 14:42:53.536
20.0, 17236.23481228767, -27636.56856257541, -42861.39224307445, -28424.154630202607, -25025.482478795348, 6386.094556581325, -37662.17531706993, 14097.044062262066, 4603.140604870392, -13656.84880695925, -34734.342662613715, -5409.233916906585, -36711.98030853037, -19481.109914911976, -18200.93610297872, 7527.844015102865, -0.12841888236813248, 0.9622914041364565, -0.15780041448399423, 192.0, 0.0, 0.0, 0.0, 0.0, 0.0, 0.0, 0.0, 0.0, 0.0, 1.741808573536736E9, 0.0, 2025-03-12 14:42:53.536
22.0, 17219.493355690644, -27624.632731036276, -42860.7663942297, -28421.472420867973, -25020.654501993, 6402.768957944984, -37655.3356832666, 14097.31228319553, 4589.170764585825, -13665.70009776355, -34727.614787532664, -5387.172745129197, -36709.32045094019, -19486.250816136697, -18194.342338364404, 7523.910108078731, -0.12841888236813248, 0.9622914041364565, -0.15780041448399423, 192.0, 0.0, 0.0, 0.0, 0.0, 0.0, 0.0, 0.0, 0.0, 0.0, 1.741808573536751E9, 0.0, 2025-03-12 14:42:53.536
24.0, 17218.532230679062, -27624.65508278073, -42856.743080227745, -28430.793098305836, -25019.514563025783, 6375.209257031591, -37653.01110184325, 14101.35794894194, 4604.2358403487015, -13657.60876627073, -34737.58366555973, -5410.686780296181, -36706.2135584609, -19482.13809515692, -18196.26458838756, 7537.365858240826, -0.13120944118406624, 0.9611457020682282, -0.1579002072419971, 192.0, 125.5, 104.0, 15.0, 0.0, 125.5, 8.0, 0.0, 0.0, 0.0, 1.741808573536775E9, 0.0, 2025-03-12 14:42:53.536
26.0, 17224.097815048437, -27627.829030493383, -42860.20760061832, -28417.404403377106, -25023.359063072094, 6405.250001579524, -37656.29680827818, 14096.731137839692, 4595.652770477864, -13663.75549599594, -34727.63713927712, -5384.177611372186, -36707.01822126129, -19481.75811550118, -18193.247102886093, 7530.928555837698, -0.13120944118406624, 0.9611457020682282, -0.1579002072419971, 192.0, 0.0, 0.0, 0.0, 0.0, 0.0, 0.0, 0.0, 0.0, 0.0, 1.74180857359739E9, 0.0, 2025-03-12 14:42:53.597
28.0, 17206.97637879567, -27631.13708867277, -42864.5661907871, -28445.746415346435, -25027.270618351773, 6368.324919739356, -37657.8390786456, 14094.473611649706, 4600.3019333245675, -13665.677746019095, -34744.91503774107, -5412.586678574882, -36716.29419521024, -19487.681327781836, -18209.541524594013, 7530.7273901376, -0.13120944118406624, 0.9611457020682282, -0.1579002072419971, 192.0, 0.0, 0.0, 0.0, 0.0, 0.0, 0.0, 0.0, 0.0, 0.0, 1.741808573597415E9, 0.0, 2025-03-12 14:42:53.597
30.0, 17234.580783197973, -27623.068108924403, -42856.49721103874, -28410.38595561814, -25018.441679291926, 6409.474481281577, -37652.51936346524, 14097.044062262066, 4600.5925060024865, -13663.93430995158, -34730.72168001195, -5382.367120071307, -36701.76556131429, -19479.791161989113, -18198.902094233286, 7529.58745117038, -0.13120944118406624, 0.9611457020682282, -0.1579002072419971, 192.0, 0.0, 0.0, 0.0, 0.0, 0.0, 0.0, 0.0, 0.0, 0.0, 1.741808573597445E9, 0.0, 2025-03-12 14:42:53.597
32.0, 17189.229093698155, -27625.638559536765, -42857.234818605764, -28446.48402291346, -25019.447507792414, 6367.430849961144, -37656.542677467194, 14094.473611649706, 4609.890831695894, -13660.693307005562, -34740.86937199466, -5402.394283103262, -36707.97934627287, -19481.80281899009, -18206.009948970073, 7530.928555837698, -0.13120944118406624, 0.9611457020682282, -0.1579002072419971, 192.0, 0.0, 0.0, 0.0, 0.0, 0.0, 0.0, 0.0, 0.0, 0.0, 1.741808573597461E9, 0.0, 2025-03-12 14:42:53.597
34.0, 17220.387425468853, -27638.155536431736, -42861.74987098573, -28399.679470024046, -25025.728347984357, 6421.209147120613, -37660.63304670251, 14091.16555347032, 4600.905430424861, -13660.246272116456, -34729.358223600175, -5377.53914326896, -36702.92785202597, -19478.27124336615, -18201.27137914555, 7527.955773825142, -0.12960472059203312, 0.960572851034114, -0.15795010362099854, 192.0, 126.0, 0.0, 15.0, 0.0, 125.5, 8.0, 0.0, 0.0, 0.0, 1.74180857359748E9, 0.0, 2025-03-12 14:42:53.597
36.0, 17163.88221548584, -27639.362530632323, -42866.44373732135, -28455.11179627321, -25032.299760854217, 6366.7155941385745, -37663.02468335923, 14077.910969008324, 4599.609029246453, -13666.638871030675, -34750.92765699955, -5412.206698919142, -36713.969613786896, -19495.705604041294, -18213.02839672904, 7518.366875453816, -0.12960472059203312, 0.960572851034114, -0.15795010362099854, 192.0, 0.0, 0.0, 0.0, 0.0, 0.0, 0.0, 0.0, 0.0, 0.0, 1.741808573597496E9, 0.0, 2025-03-12 14:42:53.597
38.0, 17221.192088269247, -27638.244943409558, -42861.571057030094, -28408.329595128253, -25021.414461304485, 6419.1304348862695, -37659.69427343539, 14083.744774311159, 4591.987084387193, -13671.623310044208, -34744.31154064078, -5398.59448654586, -36709.58867187365, -19487.122534170456, -18208.69215830471, 7514.880003318787, -0.12960472059203312, 0.960572851034114, -0.15795010362099854, 192.0, 0.0, 0.0, 0.0, 0.0, 0.0, 0.0, 0.0, 0.0, 0.0, 1.741808573597511E9, 0.0, 2025-03-12 14:42:53.597
40.0, 17165.11156143088, -27619.17890538918, -42851.780992958666, -28456.16232826261, -25010.976196643853, 6359.540684168421, -37641.790526126686, 14093.914818038324, 4608.907354939861, -13657.89933894865, -34749.430090121044, -5409.144509928765, -36709.25339570682, -19480.417010833862, -18205.138230936318, 7533.811930872433, -0.12960472059203312, 0.960572851034114, -0.15795010362099854, 192.0, 0.0, 0.0, 0.0, 0.0, 0.0, 0.0, 0.0, 0.0, 0.0, 1.741808573597526E9, 0.0, 2025-03-12 14:42:53.597
42.0, 17232.032684330068, -27645.397501635256, -42862.37571983048, -28394.449161821507, -25016.251208335307, 6421.857347709817, -37653.748709410276, 14094.74183258317, 4614.696456753785, -13654.256004602434, -34727.39127008811, -5386.792765473458, -36687.08046520716, -19464.837844948514, -18192.21892264115, 7542.953794354653, -0.12960472059203312, 0.960572851034114, -0.15795010362099854, 192.0, 0.0, 0.0, 0.0, 0.0, 0.0, 0.0, 0.0, 0.0, 0.0, 1.741808573658087E9, 0.0, 2025-03-12 14:42:53.658
44.0, 17158.11546541637, -27642.17885043369, -42865.34850184304, -28453.949505561533, -25018.57578975866, 6373.823448875362, -37649.25600877476, 14082.381317899386, 4601.508927525154, -13668.292900120367, -34751.37469188865, -5408.295143639462, -36715.10955275411, -19482.60748179048, -18211.08379496143, 7531.8226256159105, -0.12780236029601655, 0.9582864255170571, -0.15897505181049926, 192.0, 126.0, 8.0, 14.5, 112.0, 125.5, 0.0, 0.0, 0.0, 0.0, 1.741808573658106E9, 0.0, 2025-03-12 14:42:53.658
46.0, 17214.486564932653, -27649.063187725926, -42862.24160936375, -28404.440391593027, -25011.713804210878, 6417.588164518853, -37650.99944484227, 14086.047003990056, 4594.982218144205, -13665.074248918801, -34746.97139823096, -5399.577963301893, -36704.62658460457, -19478.360650343973, -18204.244161158105, 7534.437779717181, -0.12780236029601655, 0.9582864255170571, -0.15897505181049926, 192.0, 0.0, 0.0, 0.0, 0.0, 0.0, 0.0, 0.0, 0.0, 0.0, 1.741808573658133E9, 0.0, 2025-03-12 14:42:53.658
48.0, 17144.704418743186, -27640.50246959954, -42866.108461154516, -28458.330447474775, -25013.881923423043, 6373.4658209640775, -37651.714700664845, 14085.063527234022, 4598.938476912794, -13664.18017914059, -34754.12395645666, -5406.082320938387, -36710.72861084087, -19480.461714322773, -18211.262608917074, 7532.023791316008, -0.12780236029601655, 0.9582864255170571, -0.15897505181049926, 192.0, 0.0, 0.0, 0.0, 0.0, 0.0, 0.0, 0.0, 0.0, 0.0, 1.741808573658149E9, 0.0, 2025-03-12 14:42:53.658
50.0, 17212.050224787024, -27651.65599008274, -42859.738213984754, -28408.28489163934, -24998.90625463799, 6406.2781818244675, -37649.54658145268, 14090.942036025768, 4599.698436224275, -13667.018850686414, -34741.02583420585, -5408.250440150552, -36695.10474146661, -19478.71827825526, -18206.725204792645, 7535.1083320508405, -0.12780236029601655, 0.9582864255170571, -0.15897505181049926, 192.0, 0.0, 0.0, 0.0, 0.0, 0.0, 0.0, 0.0, 0.0, 0.0, 1.741808573658164E9, 0.0, 2025-03-12 14:42:53.658
52.0, 17131.80746219247, -27663.368304177322, -42880.950019472846, -28465.77357837839, -25022.554400271703, 6384.217010047079, -37666.73507293881, 14070.512541593616, 4580.47593599271, -13689.169429441623, -34756.292075668825, -5416.900565254756, -36713.50022715333, -19498.72308954276, -18219.17512645425, 7517.472805675603, -0.12780236029601655, 0.9582864255170571, -0.15897505181049926, 192.0, 0.0, 0.0, 0.0, 0.0, 0.0, 0.0, 0.0, 0.0, 0.0, 1.741808573658183E9, 0.0, 2025-03-12 14:42:53.658
54.0, 17191.64308209933, -27655.299324428957, -42865.50496405423, -28423.841705780236, -25005.768240185767, 6403.595972489831, -37653.27932277672, 14085.59996910095, 4583.091090093982, -13685.2802259064, -34756.96262800248, -5426.2435944370745, -36710.460389907406, -19493.828057507046, -18217.185821197727, 7517.383398697782, -0.12690118014800827, 0.9581432127585285, -0.16048752590524962, 192.0, 126.0, 8.0, 14.5, 120.0, 125.0, 120.0, 0.0, 0.0, 0.0, 1.741808573658198E9, 0.0, 2025-03-12 14:42:53.658
56.0, 17129.52758425803, -27654.651123839754, -42868.209525133316, -28457.39167420765, -25011.736155955336, 6377.556190199398, -37655.69331117789, 14081.21902718771, 4591.607104731454, -13683.156810183145, -34753.006369233895, -5409.256268651041, -36709.3651544291, -19487.32369987055, -18214.03422522953, 7523.552480167446, -0.12690118014800827, 0.9581432127585285, -0.16048752590524962, 192.0, 0.0, 0.0, 0.0, 0.0, 0.0, 0.0, 0.0, 0.0, 0.0, 1.741808573716983E9, 0.0, 2025-03-12 14:42:53.716
58.0, 17182.858846528394, -27650.694865071164, -42854.999644160234, -28418.074955710767, -24998.28040579324, 6395.236420063547, -37644.18216278341, 14094.98770177218, 4588.455508763255, -13675.333699623789, -34751.84407852222, -5419.783940289491, -36706.14650322754, -19489.402412104897, -18215.017701985562, 7527.7769598694995, -0.12690118014800827, 0.9581432127585285, -0.16048752590524962, 192.0, 0.0, 0.0, 0.0, 0.0, 0.0, 0.0, 0.0, 0.0, 0.0, 1.741808573717004E9, 0.0, 2025-03-12 14:42:53.717
60.0, 17119.022264364037, -27653.33237091689, -42873.55159205814, -28447.95923804751, -25017.27938858025, 6392.040120606437, -37660.5883432136, 14079.252073675641, 4587.539087240588, -13672.964414711525, -34749.094813954216, -5398.214506890119, -36702.57022411469, -19489.447115593804, -18205.94289373671, 7525.653544146246, -0.12690118014800827, 0.9581432127585285, -0.16048752590524962, 192.0, 0.0, 0.0, 0.0, 0.0, 0.0, 0.0, 0.0, 0.0, 0.0, 1.741808573717022E9, 0.0, 2025-03-12 14:42:53.717
62.0, 17167.01145970958, -27649.3761121483, -42864.3203215981, -28426.05452848131, -25004.650652963002, 6388.93322812715, -37653.659302432454, 14083.141277210865, 4586.555610484554, -13672.629138544697, -34766.417415907075, -5425.9306700147, -36711.64503236354, -19495.57149357456, -18223.17608871175, 7519.506814421036, -0.12690118014800827, 0.9581432127585285, -0.16048752590524962, 192.0, 0.0, 0.0, 0.0, 0.0, 0.0, 0.0, 0.0, 0.0, 0.0, 1.741808573717039E9, 0.0, 2025-03-12 14:42:53.717
64.0, 17137.01541865056, -27636.18858291967, -42863.76152798671, -28442.259543211407, -25009.657443720993, 6393.202411318113, -37654.21809604384, 14085.64467258986, 4585.974465128716, -13674.305519378844, -34754.749805301406, -5398.907410968234, -36705.52065438279, -19483.881531224433, -18210.614408327867, 7517.830433586888, -0.12945059007400414, 0.9580716063792643, -0.16224376295262483, 192.0, 125.5, 112.0, 14.5, 120.0, 125.0, 112.0, 0.0, 0.0, 0.0, 1.741808573717055E9, 0.0, 2025-03-12 14:42:53.717
66.0, 17176.376840636356, -27636.009768964028, -42854.26203659321, -28422.67941506856, -25007.981062886844, 6393.828260162862, -37652.31819776514, 14099.323940196507, 4606.426311305322, -13662.41439132862, -34744.91503774107, -5412.810196019434, -36697.183453700956, -19474.113818897466, -18208.22277167115, 7533.63311691679, -0.12945059007400414, 0.9580716063792643, -0.16224376295262483, 192.0, 0.0, 0.0, 0.0, 0.0, 0.0, 0.0, 0.0, 0.0, 0.0, 1.741808573717087E9, 0.0, 2025-03-12 14:42:53.717
68.0, 17161.244709640112, -27622.28579786847, -42856.00547266072, -28418.34317664423, -25016.430022290948, 6410.435606293155, -37660.655398446965, 14093.400727915852, 4605.308724082556, -13655.686516247573, -34728.28533986632, -5373.225256589086, -36697.40697114551, -19465.508397282174, -18205.294693147505, 7533.25313726105, -0.12945059007400414, 0.9580716063792643, -0.16224376295262483, 192.0, 0.0, 0.0, 0.0, 0.0, 0.0, 0.0, 0.0, 0.0, 0.0, 1.741808573717102E9, 0.0, 2025-03-12 14:42:53.717
70.0, 17163.837511996928, -27632.14291717326, -42859.894676195945, -28420.466592367484, -25015.178324601453, 6401.226687577569, -37656.07329083363, 14097.02171051761, 4609.555555529065, -13650.076228389291, -34736.846057992705, -5400.49438482456, -36705.96768927189, -19467.944737427802, -18213.855411273886, 7539.332811752894, -0.12945059007400414, 0.9580716063792643, -0.16224376295262483, 192.0, 0.0, 0.0, 0.0, 0.0, 0.0, 0.0, 0.0, 0.0, 0.0, 1.741808573717118E9, 0.0, 2025-03-12 14:42:53.717
72.0, 17153.95804094768, -27636.523859086497, -42862.53218204167, -28421.71829005698, -25013.09961236711, 6416.336466829356, -37651.222962286825, 14094.138335482876, 4594.982218144205, -13664.403696585143, -34733.716813768966, -5382.702396238136, -36701.81026480321, -19475.365516586964, -18204.467678602658, 7524.446549945659, -0.12945059007400414, 0.9580716063792643, -0.16224376295262483, 192.0, 0.0, 0.0, 0.0, 0.0, 0.0, 0.0, 0.0, 0.0, 0.0, 1.74180857377726E9, 0.0, 2025-03-12 14:42:53.777
74.0, 17138.803558206982, -27642.08944345587, -42859.93937968485, -28434.95052277452, -25006.885827408532, 6381.9147803681835, -37645.59032268409, 14101.782632086592, 4599.676084479819, -13663.554330295841, -34744.043319707314, -5412.765492530524, -36707.93464278396, -19482.652185279392, -18209.87680076084, 7526.569965668913, -0.1337252950370021, 0.9560358031896321, -0.1601218814763124, 192.0, 125.5, 88.0, 14.5, 104.0, 125.5, 8.0, 0.0, 0.0, 0.0, 1.74180857377728E9, 0.0, 2025-03-12 14:42:53.777
76.0, 17148.660677511773, -27650.024312737503, -42866.53314429917, -28414.275159153363, -25015.178324601453, 6418.07990289687, -37651.31236926465, 14091.053794748044, 4584.074566850015, -13670.75159201045, -34732.867447479664, -5384.82581196139, -36705.431247404966, -19477.600691032494, -18204.60178906939, 7520.982029555086, -0.1337252950370021, 0.9560358031896321, -0.1601218814763124, 192.0, 0.0, 0.0, 0.0, 0.0, 0.0, 0.0, 0.0, 0.0, 0.0, 1.741808573777296E9, 0.0, 2025-03-12 14:42:53.777
78.0, 17121.704473698675, -27652.527708116497, -42864.119155898, -28443.10890950071, -25016.832353691145, 6370.291873251424, -37652.139383809495, 14087.052832490544, 4591.428290775811, -13675.244292645966, -34745.74205228592, -5417.705228055147, -36713.321413197686, -19493.425726106852, -18218.236353187127, 7516.936363808676, -0.1337252950370021, 0.9560358031896321, -0.1601218814763124, 192.0, 0.0, 0.0, 0.0, 0.0, 0.0, 0.0, 0.0, 0.0, 0.0, 1.741808573777321E9, 0.0, 2025-03-12 14:42:53.777
80.0, 17151.879328713338, -27648.57144934791, -42862.30866459712, -28408.597816061716, -25013.9042751675, 6413.855423194817, -37651.82645938712, 14084.281216178086, 4586.063872106537, -13675.512513579431, -34726.02781367634, -5387.686835251669, -36702.97255551488, -19482.518074812662, -18208.04395771551, 7514.902355063243, -0.1337252950370021, 0.9560358031896321, -0.1601218814763124, 192.0, 0.0, 0.0, 0.0, 0.0, 0.0, 0.0, 0.0, 0.0, 0.0, 1.741808573777336E9, 0.0, 2025-03-12 14:42:53.777
82.0, 17108.76281365905, -27645.173984190704, -42862.420423319396, -28448.58508689226, -25012.18319084444, 6364.033384803937, -37649.770098897236, 14080.280253920586, 4594.557534999554, -13671.13157166619, -34740.80231676129, -5415.805329776446, -36709.65572710702, -19492.352842372995, -18211.910809506277, 7520.289125476972, -0.1337252950370021, 0.9560358031896321, -0.1601218814763124, 192.0, 0.0, 0.0, 0.0, 0.0, 0.0, 0.0, 0.0, 0.0, 0.0, 1.741808573777351E9, 0.0, 2025-03-12 14:42:53.777
84.0, 17142.49159604211, -27652.505356372043, -42861.1687256299, -28405.692089282526, -25008.539856498224, 6409.340370814845, -37649.12189830803, 14082.82835278849, 4584.789822672585, -13672.115048422223, -34730.87814222314, -5391.799556231446, -36705.09597123814, -19489.849446994, -18202.768946024054, 7516.9140120642205, -0.13386264751850105, 0.962017901594816, -0.1610609407381562, 192.0, 125.5, 104.0, 15.0, 32.0, 125.0, 120.0, 0.0, 0.0, 0.0, 1.741808573777367E9, 0.0, 2025-03-12 14:42:53.777
86.0, 17095.2847117525, -27649.666684826218, -42859.44764130684, -28445.835822324258, -25010.37269954356, 6362.245245247513, -37645.702081406365, 14079.922626009302, 4591.137718097892, -13669.969280954514, -34741.00348246139, -5414.285411153485, -36712.94143354195, -19499.61715932097, -18207.64162631531, 7523.686590634178, -0.13386264751850105, 0.962017901594816, -0.1610609407381562, 192.0, 0.0, 0.0, 0.0, 0.0, 0.0, 0.0, 0.0, 0.0, 0.0, 1.741808573838388E9, 0.0, 2025-03-12 14:42:53.838
88.0, 17140.30112508549, -27653.265315683522, -42858.866495951, -28393.823312976758, -25012.0043768888, 6421.633830265264, -37646.01500582874, 14084.817658045014, 4579.71597668123, -13678.351185125255, -34732.5992265462, -5400.382626102284, -36711.48857015235, -19492.844580751014, -18207.820440270956, 7522.859576089332, -0.13386264751850105, 0.962017901594816, -0.1610609407381562, 192.0, 0.0, 0.0, 0.0, 0.0, 0.0, 0.0, 0.0, 0.0, 0.0, 1.741808573838421E9, 0.0, 2025-03-12 14:42:53.838
90.0, 17074.27407196451, -27647.789138291973, -42862.64394076395, -28442.550115889328, -25017.56996125817, 6377.466783221577, -37645.076232561616, 14084.50473362264, 4592.970561143227, -13670.483371076987, -34740.131764427635, -5410.887945996278, -36712.695564352936, -19485.08852542502, -18213.341321151416, 7529.386285470282, -0.13386264751850105, 0.962017901594816, -0.1610609407381562, 192.0, 0.0, 0.0, 0.0, 0.0, 0.0, 0.0, 0.0, 0.0, 0.0, 1.741808573838436E9, 0.0, 2025-03-12 14:42:53.838
92.0, 17136.72484597264, -27653.175908705703, -42854.03851914866, -28388.414190818574, -25012.13848735553, 6418.906917441716, -37644.9868255838, 14089.98091101419, 4590.020130875127, -13672.740897266973, -34728.84413347771, -5396.828698733891, -36712.09206725265, -19481.825170734548, -18207.529867593035, 7531.666163404723, -0.13386264751850105, 0.962017901594816, -0.1610609407381562, 192.0, 0.0, 0.0, 0.0, 0.0, 0.0, 0.0, 0.0, 0.0, 0.0, 1.741808573838451E9, 0.0, 2025-03-12 14:42:53.838
94.0, 17066.205092216147, -27644.726949301596, -42847.66827197889, -28439.86790655469, -25007.779897186745, 6370.627149418253, -37638.95185458087, 14091.903161037346, 4594.937514655294, -13668.98580419848, -34737.31544462627, -5402.818966247913, -36709.767485829296, -19483.47919982424, -18209.787393783023, 7535.331849495394, -0.13493132375925054, 0.961008950797408, -0.16053047036907808, 192.0, 125.5, 96.0, 15.0, 0.0, 125.5, 0.0, 0.0, 0.0, 0.0, 1.74180857383847E9, 0.0, 2025-03-12 14:42:53.838
96.0, 17142.58100301993, -27647.833841780885, -42837.76644918519, -28381.060466892777, -24995.978176114342, 6420.158615131213, -37631.30755797715, 14104.487193165683, 4601.598334502975, -13660.51449304992, -34718.15999962807, -5388.200925374142, -36690.79085478674, -19471.453961307285, -18192.39773659679, 7545.63600368929, -0.13493132375925054, 0.961008950797408, -0.16053047036907808, 192.0, 0.0, 0.0, 0.0, 0.0, 0.0, 0.0, 0.0, 0.0, 0.0, 1.741808573838486E9, 0.0, 2025-03-12 14:42:53.838
98.0, 17066.09333349387, -27642.491774856066, -42852.116269125494, -28443.01950252289, -25013.211371089386, 6380.841896634329, -37644.15981103895, 14087.052832490544, 4584.454546505755, -13676.294824635366, -34735.12497366965, -5398.058044678932, -36710.16981722949, -19486.13905741442, -18203.88653324682, 7530.5932796708685, -0.13493132375925054, 0.961008950797408, -0.16053047036907808, 192.0, 0.0, 0.0, 0.0, 0.0, 0.0, 0.0, 0.0, 0.0, 0.0, 1.741808573838501E9, 0.0, 2025-03-12 14:42:53.838
100.0, 17137.01541865056, -27656.081635484894, -42853.12209762599, -28387.989507673923, -25015.155972856996, 6426.640621023253, -37649.99361634179, 14087.723384824203, 4594.445776277277, -13663.487275062476, -34720.9986711739, -5395.800518488946, -36701.45263689192, -19477.980670688234, -18198.79033551101, 7540.942137353675, -0.13493132375925054, 0.961008950797408, -0.16053047036907808, 192.0, 0.0, 0.0, 0.0, 0.0, 0.0, 0.0, 0.0, 0.0, 0.0, 1.74180857383852E9, 0.0, 2025-03-12 14:42:53.838
102.0, 17069.110818995337, -27643.251734167545, -42852.22802784777, -28444.9641042905, -25020.878019437554, 6390.319036283378, -37656.63208444501, 14073.172399183799, 4584.2757325501125, -13680.09462119277, -34737.18133415953, -5402.416634847717, -36713.969613786896, -19489.737688271725, -18217.163469453273, 7520.065608032419, -0.13493132375925054, 0.961008950797408, -0.16053047036907808, 192.0, 0.0, 0.0, 0.0, 0.0, 0.0, 0.0, 0.0, 0.0, 0.0, 1.741808573897776E9, 0.0, 2025-03-12 14:42:53.897
104.0, 17132.67918022623, -27654.584068606386, -42843.93553065485, -28397.33253685624, -25010.730327454847, 6412.514318527498, -37654.64277918849, 14082.984814999678, 4590.645979719875, -13669.61165304323, -34724.686709009016, -5402.930724970189, -36702.65963109251, -19488.016603948665, -18211.709643806178, 7523.708942378634, -0.13446566187962528, 0.961504475398704, -0.15826523518453905, 192.0, 125.5, 104.0, 15.0, 8.0, 125.5, 16.0, 0.0, 0.0, 0.0, 1.741808573897796E9, 0.0, 2025-03-12 14:42:53.897
106.0, 17077.358612699343, -27642.961161489628, -42853.68089123737, -28439.53263038786, -25020.587446759637, 6381.9147803681835, -37656.676787933924, 14071.875998005391, 4590.95890414225, -13675.221940901512, -34725.98311018743, -5391.978370187088, -36703.35253517062, -19495.52679008565, -18213.65424557379, 7519.238593487572, -0.13446566187962528, 0.961504475398704, -0.15826523518453905, 192.0, 0.0, 0.0, 0.0, 0.0, 0.0, 0.0, 0.0, 0.0, 0.0, 1.741808573897812E9, 0.0, 2025-03-12 14:42:53.897
108.0, 17137.283639584024, -27635.585085819377, -42838.012318374196, -28402.495789825418, -25008.71867045387, 6388.754414171507, -37643.9362935944, 14081.21902718771, 4605.666351993841, -13667.220016386513, -34727.01129043237, -5406.059969193932, -36699.44097989094, -19486.072002181056, -18215.352978152394, 7528.447512203159, -0.13446566187962528, 0.961504475398704, -0.15826523518453905, 192.0, 0.0, 0.0, 0.0, 0.0, 0.0, 0.0, 0.0, 0.0, 0.0, 1.741808573897827E9, 0.0, 2025-03-12 14:42:53.897
110.0, 17104.068947323438, -27623.001053691038, -42842.974405643276, -28424.847534280725, -25011.289121066227, 6375.544533198421, -37646.79731688468, 14081.666062076816, 4612.10365439697, -13658.771056982407, -34712.952043169986, -5382.1659543712085, -36689.04741871922, -19475.52197879815, -18202.52307683505, 7535.890643106776, -0.13446566187962528, 0.961504475398704, -0.15826523518453905, 192.0, 0.0, 0.0, 0.0, 0.0, 0.0, 0.0, 0.0, 0.0, 0.0, 1.741808573897852E9, 0.0, 2025-03-12 14:42:53.897
112.0, 17159.747142761607, -27627.650216537742, -42837.98996662974, -28407.43552535004, -25003.17543782895, 6379.478440222555, -37637.29782549117, 14083.409498144329, 4612.036599163604, -13662.101466906246, -34725.29020610931, -5408.496309339561, -36696.80347404521, -19483.702717268792, -18205.60761756988, 7537.991707085575, -0.13446566187962528, 0.961504475398704, -0.15826523518453905, 192.0, 0.0, 0.0, 0.0, 0.0, 0.0, 0.0, 0.0, 0.0, 0.0, 1.741808573897867E9, 0.0, 2025-03-12 14:42:53.897
114.0, 17143.475072798145, -27629.304245627434, -42845.1648765999, -28417.516162099382, -25010.640920477024, 6385.021672847471, -37643.601017427565, 14085.912893523324, 4615.9705061877385, -13658.346373837754, -34711.36506931366, -5381.9871404155665, -36677.960953469395, -19470.828112462536, -18185.60280628238, 7549.346393268871, -0.13, 0.96, -0.158, 192.0, 125.5, 120.0, 15.0, 0.0, 125.5, 8.0, 0.0, 0.0, 0.0, 1.741808573897883E9, 0.0, 2025-03-12 14:42:53.897
116.0, 17176.756820292096, -27633.70753928513, -42852.98798715926, -28419.9077987561, -25010.082126865644, 6379.7466611560185, -37648.16077329645, 14083.253035933143, 4607.923878183828, -13665.521283807908, -34735.19202890302, -5418.0852077108875, -36702.74903807033, -19489.536522571627, -18194.677614531232, 7539.131646052796, -0.13, 0.96, -0.158, 192.0, 0.0, 0.0, 0.0, 0.0, 0.0, 0.0, 0.0, 0.0, 0.0, 1.741808573957142E9, 0.0, 2025-03-12 14:42:53.957
118.0, 17188.513837875587, -27629.393652605257, -42848.27176907918, -28418.454935366506, -25002.482533750837, 6383.613512946787, -37637.49899119127, 14088.50569588014, 4612.081302652515, -13667.398830342154, -34718.98701417292, -5391.106652153332, -36685.64995356202, -19474.38203983093, -18171.70002123118, 7553.928500882209, -0.13, 0.96, -0.158, 192.0, 0.0, 0.0, 0.0, 0.0, 0.0, 0.0, 0.0, 0.0, 0.0, 1.741808573957168E9, 0.0, 2025-03-12 14:42:53.957
120.0, 17217.526402178573, -27629.61717004981, -42845.58955974455, -28418.320824899773, -24996.291100536717, 6364.525123181954, -37634.45915394535, 14095.010053516633, 4617.155148643869, -13659.195740127057, -34729.67114802255, -5413.190175675175, -36685.18056692846, -19474.650260764392, -18167.766114207043, 7562.891550408787, -0.13, 0.96, -0.158, 192.0, 0.0, 0.0, 0.0, 0.0, 0.0, 0.0, 0.0, 0.0, 0.0, 1.741808573957184E9, 0.0, 2025-03-12 14:42:53.957
122.0, 17226.198879027233, -27621.65994902372, -42851.66923423639, -28412.889350997135, -25001.32024303916, 6393.671797951674, -37638.92950283641, 14095.032405261089, 4603.1182531259365, -13668.158789653635, -34726.27368286534, -5384.892867194756, -36681.3584186266, -19469.978746173234, -18159.652430969767, 7558.01887011753, -0.13, 0.96, -0.158, 192.0, 0.0, 0.0, 0.0, 0.0, 0.0, 0.0, 0.0, 0.0, 0.0, 1.741808573957217E9, 0.0, 2025-03-12 14:42:53.957
124.0, 17232.79264364155, -27631.4723648396, -42861.347539585535, -28424.579313347258, -25008.070469864666, 6372.281178507946, -37643.55631393866, 14093.93716978278, 4614.29412535359, -13660.022754671903, -34732.15219165709, -5411.111463440831, -36687.460444862896, -19479.52294105565, -18167.050858384475, 7572.055765635463, -0.13, 0.966, -0.156, 192.0, 125.5, 120.0, 15.0, 24.0, 125.5, 16.0, 0.0, 0.0, 0.0, 1.741808573957231E9, 0.0, 2025-03-12 14:42:53.957
126.0, 17263.3251265675, -27624.811544991917, -42858.285350595164, -28403.94865321501, -25003.086030851133, 6403.305399811912, -37641.522305193226, 14092.21608545972, 4606.001628160671, -13665.61069078573, -34726.40779333208, -5387.060986406921, -36682.006619215805, -19464.971955415243, -18167.5873002514, 7560.745782941078, -0.13, 0.966, -0.156, 192.0, 0.0, 0.0, 0.0, 0.0, 0.0, 0.0, 0.0, 0.0, 0.0, 1.741808573957248E9, 0.0, 2025-03-12 14:42:53.957
128.0, 17245.309620536522, -27621.101155412336, -42853.25620809272, -28426.38980464814, -25000.001490116298, 6359.093649279314, -37636.202590012865, 14095.16651572782, 4618.093921910992, -13659.620423271708, -34732.53217131283, -5411.603201818848, -36693.3613053991, -19465.150769370888, -18171.297689830983, 7571.295806323983, -0.13, 0.966, -0.156, 192.0, 0.0, 0.0, 0.0, 0.0, 0.0, 0.0, 0.0, 0.0, 0.0, 1.741808573957263E9, 0.0, 2025-03-12 14:42:53.957
130.0, 17281.117115153924, -27631.494716584053, -42857.05600465012, -28393.644499021113, -25002.348423284107, 6397.449242764622, -37640.136497037, 14091.50082963715, 4620.619669034442, -13659.441609316065, -34710.96273791346, -5380.042538647955, -36677.69273253593, -19454.8913186659, -18157.908994902253, 7570.602902245868, -0.13, 0.966, -0.156, 192.0, 0.0, 0.0, 0.0, 0.0, 0.0, 0.0, 0.0, 0.0, 0.0, 1.741808573957279E9, 0.0, 2025-03-12 14:42:53.957
132.0, 17246.98600137067, -27627.449050837644, -42859.134716884466, -28434.235266951953, -25003.957748884888, 6352.9245678096495, -37641.61171217105, 14085.979948756689, 4619.636192278408, -13663.397868084654, -34727.43597357702, -5407.244611650063, -36697.652840334515, -19469.777580473135, -18172.92936717622, 7570.558198756958, -0.13, 0.966, -0.156, 192.0, 0.0, 0.0, 0.0, 0.0, 0.0, 0.0, 0.0, 0.0, 0.0, 1.741808574017016E9, 0.0, 2025-03-12 14:42:54.017
134.0, 17284.291062866578, -27634.288684640967, -42860.90050469643, -28391.409324575583, -25007.645786720015, 6408.535708014454, -37648.27253201873, 14088.438640646773, 4611.76837823014, -13669.18696989858, -34716.77419147184, -5389.005588174533, -36694.43418913295, -19468.23531010572, -18165.039201383497, 7563.807971931455, -0.126, 0.964, -0.156, 192.0, 126.0, 8.0, 15.0, 16.0, 125.5, 16.0, 0.0, 0.0, 0.0, 1.741808574017037E9, 0.0, 2025-03-12 14:42:54.017
136.0, 17239.721684422693, -27622.352853101835, -42851.646882491936, -28440.1137757437, -25004.04715586271, 6355.83029458884, -37639.264779003235, 14091.679643592794, 4624.464169080755, -13662.816722728816, -34728.933540455524, -5406.842280249868, -36695.75294205582, -19472.77271423015, -18168.034335140506, 7566.356070799359, -0.126, 0.964, -0.156, 192.0, 0.0, 0.0, 0.0, 0.0, 0.0, 0.0, 0.0, 0.0, 0.0, 1.741808574017053E9, 0.0, 2025-03-12 14:42:54.017
138.0, 17295.288121138587, -27627.80667874893, -42851.37866155847, -28390.649365264104, -25002.057850606187, 6404.64650447923, -37644.60684592806, 14092.394899415363, 4620.060875423059, -13665.2754146189, -34713.66729899255, -5385.898695695245, -36683.30302039421, -19472.169217129853, -18158.221919324627, 7567.7865824445, -0.126, 0.964, -0.156, 192.0, 0.0, 0.0, 0.0, 0.0, 0.0, 0.0, 0.0, 0.0, 0.0, 1.741808574017078E9, 0.0, 2025-03-12 14:42:54.017
140.0, 17231.87622211888, -27617.14489664375, -42851.37866155847, -28439.934961788054, -25002.52723723975, 6349.437695674622, -37642.97516858282, 14094.518315138617, 4620.038523678604, -13666.638871030675, -34728.41945033306, -5403.02013194801, -36689.85208151962, -19473.95735668628, -18171.051820641973, 7565.551407998969, -0.126, 0.964, -0.156, 192.0, 0.0, 0.0, 0.0, 0.0, 0.0, 0.0, 0.0, 0.0, 0.0, 1.741808574017093E9, 0.0, 2025-03-12 14:42:54.017
142.0, 17281.2288738762, -27627.829030493383, -42855.78195521617, -28386.268423350863, -25005.924702396955, 6404.802966690418, -37652.65347393197, 14086.538742368073, 4612.573041030531, -13664.828379729794, -34721.043374662804, -5385.585771272871, -36692.08725596515, -19468.41412406136, -18164.614518238846, 7561.148114341273, -0.126, 0.964, -0.156, 192.0, 0.0, 0.0, 0.0, 0.0, 0.0, 0.0, 0.0, 0.0, 0.0, 1.741808574017108E9, 0.0, 2025-03-12 14:42:54.017
144.0, 17222.84611735894, -27615.334405342866, -42853.14444937044, -28442.550115889328, -25002.907216895488, 6348.454218918589, -37650.15007855297, 14082.224855688199, 4616.730465499219, -13667.197664642057, -34728.73237475543, -5400.1814604021865, -36698.703372323915, -19476.84073172101, -18178.941986434696, 7552.766210170533, -0.124, 0.964, -0.164, 192.0, 126.0, 16.0, 15.0, 16.0, 125.0, 112.0, 0.0, 0.0, 0.0, 1.741808574017127E9, 0.0, 2025-03-12 14:42:54.017
146.0, 17287.867341979425, -27622.08463216837, -42847.936492912355, -28385.016725661368, -24994.413554002473, 6393.560039229398, -37647.40081398497, 14094.339501182974, 4625.402942347878, -13653.138417379669, -34710.2921855798, -5385.853992206335, -36683.77240702777, -19463.22851934773, -18170.06834388594, 7563.49504750908, -0.124, 0.964, -0.164, 192.0, 0.0, 0.0, 0.0, 0.0, 0.0, 0.0, 0.0, 0.0, 0.0, 1.741808574078511E9, 0.0, 2025-03-12 14:42:54.078
148.0, 17216.565277166996, -27607.935977928162, -42850.77516445818, -28436.358682675207, -24999.576806971647, 6353.326899209846, -37641.34349123758, 14088.88567553588, 4619.613840533953, -13658.659298260129, -34723.52441829734, -5384.401128816739, -36695.283555422255, -19464.591975759504, -18177.109143389363, 7562.958605642153, -0.124, 0.964, -0.164, 192.0, 0.0, 0.0, 0.0, 0.0, 0.0, 0.0, 0.0, 0.0, 0.0, 1.741808574078536E9, 0.0, 2025-03-12 14:42:54.078
150.0, 17279.641900019873, -27619.916512956206, -42853.41267030391, -28385.642574506113, -25001.52140873926, 6393.828260162862, -37647.89255236299, 14088.192771457765, 4616.909279454861, -13654.770094724905, -34721.78098222983, -5384.714053239114, -36691.729628053865, -19461.66389723586, -18174.963375921652, 7563.137419597795, -0.124, 0.964, -0.164, 192.0, 0.0, 0.0, 0.0, 0.0, 0.0, 0.0, 0.0, 0.0, 0.0, 1.741808574078551E9, 0.0, 2025-03-12 14:42:54.078
152.0, 17211.916114320295, -27614.552094286933, -42856.00547266072, -28440.829031566267, -25005.9023506525, 6353.461009676577, -37647.55727619616, 14084.92941676729, 4613.020075919638, -13658.07815290429, -34725.312557853766, -5385.295198594952, -36696.84817753413, -19468.123551383444, -18179.83605621291, 7556.8342276613985, -0.124, 0.964, -0.164, 192.0, 0.0, 0.0, 0.0, 0.0, 0.0, 0.0, 0.0, 0.0, 0.0, 1.741808574078565E9, 0.0, 2025-03-12 14:42:54.078
154.0, 17275.28330985109, -27613.300396597435, -42846.95301615632, -28396.818446733767, -25000.247359305307, 6377.489134966032, -37645.97030233983, 14092.908989537835, 4614.919974198338, -13658.3240220933, -34725.82664797624, -5396.828698733891, -36695.30590716671, -19468.682344994824, -18179.433724812716, 7556.409544516748, -0.126, 0.9580000000000001, -0.158, 192.0, 126.0, 8.0, 14.5, 120.0, 125.5, 8.0, 0.0, 0.0, 0.0, 1.741808574078591E9, 0.0, 2025-03-12 14:42:54.078
156.0, 17219.493355690644, -27607.377184316778, -42852.67506273688, -28427.19446744853, -25011.467935021872, 6361.954672569594, -37651.647645431476, 14085.59996910095, 4620.463206823255, -13649.673896989096, -34715.1425141266, -5378.388509558262, -36683.70535179441, -19465.150769370888, -18176.818570711443, 7559.158809084751, -0.126, 0.9580000000000001, -0.158, 192.0, 0.0, 0.0, 0.0, 0.0, 0.0, 0.0, 0.0, 0.0, 0.0, 1.741808574078607E9, 0.0, 2025-03-12 14:42:54.078
158.0, 17270.70120223775, -27614.574446031387, -42845.410745788904, -28394.404458332596, -24999.062716849177, 6373.734041897541, -37644.07040406113, 14100.463879163728, 4624.665334780852, -13651.909071434626, -34719.3446420842, -5393.721806254603, -36698.39044790154, -19466.268356593653, -18188.150905150284, 7556.16367532774, -0.126, 0.9580000000000001, -0.158, 192.0, 0.0, 0.0, 0.0, 0.0, 0.0, 0.0, 0.0, 0.0, 0.0, 1.741808574078622E9, 0.0, 2025-03-12 14:42:54.078
160.0, 17225.50597494912, -27614.999129176038, -42856.00547266072, -28419.617226078182, -25004.874170407555, 6368.011995316982, -37650.35124425307, 14089.98091101419, 4623.6595062803635, -13651.819664456805, -34710.94038616901, -5373.739346711558, -36694.031857732756, -19464.971955415243, -18177.310309089462, 7564.1655998427395, -0.126, 0.9580000000000001, -0.158, 192.0, 0.0, 0.0, 0.0, 0.0, 0.0, 0.0, 0.0, 0.0, 0.0, 1.741808574078642E9, 0.0, 2025-03-12 14:42:54.078
162.0, 17264.21919634571, -27612.026347163483, -42841.54389399814, -28395.410286833085, -24989.160894055476, 6368.727251139552, -37640.02473831472, 14101.849687319958, 4628.420427849344, -13646.70111497654, -34716.5953775162, -5398.683893523681, -36692.82486353217, -19464.18964435931, -18181.847713213887, 7565.149076598773, -0.126, 0.9580000000000001, -0.158, 192.0, 0.0, 0.0, 0.0, 0.0, 0.0, 0.0, 0.0, 0.0, 0.0, 1.741808574137568E9, 0.0, 2025-03-12 14:42:54.137
164.0, 17229.529288951075, -27605.432582549165, -42848.65174873493, -28409.134257928643, -24996.17934181444, 6368.861361606284, -37644.40568022796, 14096.239399461676, 4625.469997581244, -13652.356106323732, -34701.01621163085, -5369.87249492079, -36687.43809311844, -19461.08275188002, -18171.945890420186, 7563.11506785334, -0.128, 0.962, -0.154, 192.0, 126.0, 0.0, 15.0, 8.0, 125.5, 24.0, 0.0, 0.0, 0.0, 1.741808574137609E9, 0.0, 2025-03-12 14:42:54.137
166.0, 17253.400952029344, -27608.427716306178, -42841.94622539833, -28399.701821768504, -24990.747867911803, 6359.943015568616, -37642.01404357124, 14100.977969286201, 4630.990878461705, -13647.058742887824, -34713.0414501478, -5391.844259720357, -36697.29521242323, -19460.747475713193, -18182.272396358538, 7564.746745198578, -0.128, 0.962, -0.154, 192.0, 0.0, 0.0, 0.0, 0.0, 0.0, 0.0, 0.0, 0.0, 0.0, 1.741808574137637E9, 0.0, 2025-03-12 14:42:54.137
168.0, 17233.105568063926, -27616.519047799, -42854.932588926866, -28400.90881596909, -24999.219179060365, 6385.535762969943, -37647.69138666289, 14094.607722116438, 4621.044352179093, -13651.640850501162, -34706.96177565596, -5369.82779143188, -36684.241793661335, -19454.623097732438, -18173.845788698887, 7563.584454486901, -0.128, 0.962, -0.154, 192.0, 0.0, 0.0, 0.0, 0.0, 0.0, 0.0, 0.0, 0.0, 0.0, 1.741808574137652E9, 0.0, 2025-03-12 14:42:54.137
170.0, 17233.820823886494, -27626.33146361488, -42859.112365140005, -28411.794115518824, -24998.03453660423, 6365.195675515613, -37645.702081406365, 14093.244265704665, 4618.362142844456, -13660.425086072099, -34731.43693583452, -5403.556573814938, -36704.850102049124, -19470.29167059561, -18189.78258249552, 7559.739954440589, -0.128, 0.962, -0.154, 192.0, 0.0, 0.0, 0.0, 0.0, 0.0, 0.0, 0.0, 0.0, 0.0, 1.741808574137667E9, 0.0, 2025-03-12 14:42:54.137
172.0, 17227.897611605837, -27631.807641006428, -42866.756661743726, -28404.48509508194, -25005.343557041117, 6392.643617706731, -37652.429956487416, 14091.433774403784, 4608.795596217585, -13666.013022185925, -34724.73141249793, -5379.371986314295, -36703.196072959436, -19474.694964253304, -18187.301538860982, 7555.359012527349, -0.128, 0.962, -0.154, 192.0, 0.0, 0.0, 0.0, 0.0, 0.0, 0.0, 0.0, 0.0, 0.0, 1.741808574137686E9, 0.0, 2025-03-12 14:42:54.137
174.0, 17221.147384780335, -27625.45974558112, -42857.793612217145, -28418.991377233433, -25000.180304071942, 6354.757410854985, -37651.75940415375, 14092.372547670908, 4618.049218422082, -13665.968318697014, -34737.15898241508, -5411.826719263401, -36713.12024749759, -19474.158522386377, -18202.65718730178, 7561.8186666749325, -0.126, 0.96, -0.154, 192.0, 126.0, 8.0, 15.0, 0.0, 125.5, 24.0, 0.0, 0.0, 0.0, 1.741808574137701E9, 0.0, 2025-03-12 14:42:54.137
176.0, 17244.66141994732, -27628.924265971695, -42853.27855983717, -28387.43071406254, -24994.27944353574, 6391.12369908377, -37647.512572707245, 14094.495963394162, 4621.066703923548, -13656.960565681526, -34711.99091815841, -5371.794744943946, -36696.15527345601, -19459.51812976815, -18185.64750977129, 7566.132553354807, -0.126, 0.96, -0.154, 192.0, 0.0, 0.0, 0.0, 0.0, 0.0, 0.0, 0.0, 0.0, 0.0, 1.741808574197867E9, 0.0, 2025-03-12 14:42:54.197
178.0, 17216.989960311646, -27628.074899682393, -42847.35534755651, -28421.070089467776, -24988.669155677457, 6350.622338130754, -37642.50578194926, 14092.819582560014, 4624.553576058576, -13663.531978551386, -34730.81108698977, -5405.098844182354, -36706.90646253902, -19473.286804352618, -18192.442440085702, 7560.902245152265, -0.126, 0.96, -0.154, 192.0, 0.0, 0.0, 0.0, 0.0, 0.0, 0.0, 0.0, 0.0, 0.0, 1.741808574197889E9, 0.0, 2025-03-12 14:42:54.197
180.0, 17240.70516117873, -27631.405309606234, -42850.037556891155, -28378.557071513784, -24991.21725454536, 6401.181984088658, -37644.651549416965, 14097.178172728798, 4620.016171934149, -13663.174350640102, -34716.81889496075, -5381.0483671484435, -36685.73936053984, -19467.497702538694, -18180.50660854657, 7562.265701564039, -0.126, 0.96, -0.154, 192.0, 0.0, 0.0, 0.0, 0.0, 0.0, 0.0, 0.0, 0.0, 0.0, 1.741808574197904E9, 0.0, 2025-03-12 14:42:54.197
182.0, 17192.179523966257, -27635.406271863732, -42857.4136325614, -28425.138106958642, -24995.262920291774, 6357.529027167443, -37645.433860472906, 14089.556227869538, 4612.461282308255, -13675.244292645966, -34739.88589523863, -5414.173652431208, -36713.58963413115, -19475.723144498246, -18197.94096922171, 7557.057745105952, -0.126, 0.96, -0.154, 192.0, 0.0, 0.0, 0.0, 0.0, 0.0, 0.0, 0.0, 0.0, 0.0, 1.74180857419793E9, 0.0, 2025-03-12 14:42:54.197
184.0, 17249.891728149858, -27648.817318536916, -42852.07156563659, -28386.760161728882, -24986.456332976384, 6399.952638143616, -37640.672938903925, 14098.78749832958, 4611.969543930238, -13674.216112401024, -34724.70906075348, -5393.319474854407, -36695.37296240008, -19468.749400228193, -18188.441477828204, 7561.416335274736, -0.126, 0.9560000000000001, -0.15, 192.0, 126.0, 8.0, 14.5, 112.0, 125.5, 40.0, 0.0, 0.0, 0.0, 1.741808574197945E9, 0.0, 2025-03-12 14:42:54.197
186.0, 17194.97349202317, -27640.256600410536, -42849.45641153531, -28439.264409454398, -24984.958766097876, 6336.607794357275, -37635.86731384603, 14097.915780295823, 4611.321343341034, -13678.261778147433, -34743.19395341801, -5419.2027949336525, -36703.71016308191, -19476.95249044329, -18189.916692962255, 7563.807971931455, -0.126, 0.9560000000000001, -0.15, 192.0, 0.0, 0.0, 0.0, 0.0, 0.0, 0.0, 0.0, 0.0, 0.0, 1.741808574197961E9, 0.0, 2025-03-12 14:42:54.197
188.0, 17253.780931685083, -27647.18564119168, -42850.05990863561, -28386.581347773237, -24982.835350374622, 6385.602818203309, -37634.01211905624, 14106.498850166661, 4605.308724082556, -13671.578606555297, -34729.42527883354, -5395.1970213886525, -36686.72283729587, -19465.597804259993, -18174.829265454922, 7570.222922590127, -0.126, 0.9560000000000001, -0.15, 192.0, 0.0, 0.0, 0.0, 0.0, 0.0, 0.0, 0.0, 0.0, 0.0, 1.741808574197981E9, 0.0, 2025-03-12 14:42:54.197
190.0, 17195.889913545838, -27638.4237573652, -42849.34465281304, -28445.522897901883, -24986.56809169866, 6330.885747776717, -37637.230770257804, 14098.474573907206, 4607.700360739274, -13675.177237412601, -34745.54088658582, -5413.413693119728, -36696.490549622846, -19475.119647397954, -18184.93225394872, 7565.30553880996, -0.126, 0.9560000000000001, -0.15, 192.0, 0.0, 0.0, 0.0, 0.0, 0.0, 0.0, 0.0, 0.0, 0.0, 1.741808574197995E9, 0.0, 2025-03-12 14:42:54.197
192.0, 17258.765370698617, -27639.429585865688, -42846.260112078206, -28388.794170474313, -24985.249338775797, 6388.486193238044, -37637.27547374672, 14105.403614688352, 4613.712979997752, -13672.338565866778, -34727.21245613247, -5396.046387677955, -36682.74422678283, -19467.452999049783, -18175.83509395541, 7567.339547555393, -0.126, 0.9560000000000001, -0.15, 192.0, 0.0, 0.0, 0.0, 0.0, 0.0, 0.0, 0.0, 0.0, 0.0, 1.741808574259516E9, 0.0, 2025-03-12 14:42:54.259
194.0, 17188.335023919943, -27625.52680081449, -42846.19305684484, -28446.148746746632, -24990.27848127824, 6338.530044380432, -37637.387232468995, 14101.603818130949, 4615.925802698827, -13671.645661788663, -34735.77317425885, -5404.495347082061, -36691.19318618694, -19477.75715324368, -18186.563931293957, 7563.740916698089, -0.126, 0.9560000000000001, -0.154, 192.0, 126.0, 8.0, 14.5, 112.0, 125.5, 24.0, 0.0, 0.0, 0.0, 1.741808574259536E9, 0.0, 2025-03-12 14:42:54.259
196.0, 17255.814940430515, -27640.681283555186, -42853.65853949291, -28389.308260596787, -24996.98400461483, 6387.7932891599285, -37649.8371541306, 14100.30741695254, 4611.522509041132, -13671.377440855198, -34725.40196483159, -5396.471070822606, -36693.87539552157, -19469.643470006406, -18184.194646381697, 7560.4105067742485, -0.126, 0.9560000000000001, -0.154, 192.0, 0.0, 0.0, 0.0, 0.0, 0.0, 0.0, 0.0, 0.0, 0.0, 1.741808574259552E9, 0.0, 2025-03-12 14:42:54.259
198.0, 17192.179523966257, -27628.097251426847, -42851.088088880555, -28442.0136740224, -24996.0005278588, 6339.938204281117, -37642.483430204804, 14094.317149438519, 4611.366046829945, -13678.909978736638, -34737.80718300428, -5401.142585413764, -36701.74320956984, -19481.75811550118, -18194.565855808956, 7545.770114156022, -0.126, 0.9560000000000001, -0.154, 192.0, 0.0, 0.0, 0.0, 0.0, 0.0, 0.0, 0.0, 0.0, 0.0, 1.741808574259583E9, 0.0, 2025-03-12 14:42:54.259
200.0, 17255.166739841312, -27631.114736928314, -42848.89761792393, -28384.01089716088, -24989.36205975557, 6382.384167001745, -37643.98099708331, 14101.64852161986, 4622.273698124135, -13666.348298352756, -34721.02102291835, -5393.811213232424, -36689.53915709724, -19463.69790598129, -18183.077059158928, 7559.874064907321, -0.126, 0.9560000000000001, -0.154, 192.0, 0.0, 0.0, 0.0, 0.0, 0.0, 0.0, 0.0, 0.0, 0.0, 1.741808574259598E9, 0.0, 2025-03-12 14:42:54.259
202.0, 17191.240750699133, -27623.068108924403, -42850.90927492491, -28436.492793141937, -24995.106458080587, 6342.35219268229, -37644.42803197241, 14095.770012828114, 4618.652715522375, -13668.516417564919, -34727.36891834366, -5391.7325009980805, -36693.78598854375, -19474.314984597564, -18184.440515570703, 7550.978070614108, -0.126, 0.9560000000000001, -0.154, 192.0, 0.0, 0.0, 0.0, 0.0, 0.0, 0.0, 0.0, 0.0, 0.0, 1.741808574259612E9, 0.0, 2025-03-12 14:42:54.259
204.0, 17247.410684515322, -27628.209010149123, -42848.67410047938, -28389.487074552428, -24994.592367958114, 6378.427908233155, -37643.13163079401, 14095.568847128017, 4610.874308451928, -13673.52320832291, -34735.9966917034, -5404.987085460078, -36695.23885193335, -19477.354821843484, -18187.189780138706, 7547.088867078885, -0.126, 0.9560000000000001, -0.146, 192.0, 126.0, 8.0, 14.5, 112.0, 125.5, 56.0, 0.0, 0.0, 0.0, 1.741808574259632E9, 0.0, 2025-03-12 14:42:54.259
206.0, 17194.92878853426, -27615.2673501095, -42839.53223699716, -28422.321787157274, -24989.831446389133, 6350.532931152932, -37635.10735453455, 14102.430832675796, 4620.396151589889, -13663.956661696036, -34724.55259854229, -5385.943399184156, -36695.015334488795, -19461.79800770259, -18175.611576510855, 7564.724393454122, -0.126, 0.9560000000000001, -0.146, 192.0, 0.0, 0.0, 0.0, 0.0, 0.0, 0.0, 0.0, 0.0, 0.0, 1.741808574318385E9, 0.0, 2025-03-12 14:42:54.318
208.0, 17236.726550665684, -27631.628827050787, -42841.633300975955, -28386.603699517695, -24992.80422840169, 6372.8176203748735, -37645.79148838419, 14100.374472185908, 4621.022000434637, -13663.666089018117, -34722.89856945259, -5399.957942957633, -36683.41477911649, -19459.47342627924, -18178.964338179154, 7571.385213301804, -0.126, 0.9560000000000001, -0.146, 192.0, 0.0, 0.0, 0.0, 0.0, 0.0, 0.0, 0.0, 0.0, 0.0, 1.741808574318415E9, 0.0, 2025-03-12 14:42:54.318
210.0, 17189.92199777627, -27623.112812413314, -42837.07354510707, -28413.1575719306, -24996.246397047806, 6361.8429138473175, -37642.751651138264, 14092.59606511546, 4605.085206638004, -13679.55817932584, -34729.46998232246, -5386.546896284449, -36698.88218627956, -19470.26931885115, -18183.725259748135, 7564.120896353829, -0.126, 0.9560000000000001, -0.146, 192.0, 0.0, 0.0, 0.0, 0.0, 0.0, 0.0, 0.0, 0.0, 0.0, 1.74180857431843E9, 0.0, 2025-03-12 14:42:54.318
212.0, 17237.866489632903, -27617.65898676622, -42823.61779494498, -28387.386010573628, -24983.66236491947, 6358.0878207788255, -37632.760421366744, 14104.93422805479, 4632.510797084666, -13654.837149958272, -34717.6459095056, -5390.503155053038, -36682.02897096026, -19451.80677793107, -18178.159675378763, 7579.588303516902, -0.126, 0.9560000000000001, -0.146, 192.0, 0.0, 0.0, 0.0, 0.0, 0.0, 0.0, 0.0, 0.0, 0.0, 1.741808574318444E9, 0.0, 2025-03-12 14:42:54.318
214.0, 17198.303901947012, -27621.771707745997, -42841.6109492315, -28403.166342159075, -25004.695356451914, 6375.432774476144, -37655.02275884423, 14082.582483599483, 4614.24942186468, -13670.3269088658, -34718.85290370618, -5371.995910644044, -36689.31563965269, -19462.66972573635, -18183.099410903385, 7555.49312299408, -0.132, 0.9560000000000001, -0.15, 192.0, 125.5, 112.0, 14.5, 112.0, 125.5, 40.0, 0.0, 0.0, 0.0, 1.741808574318459E9, 0.0, 2025-03-12 14:42:54.318
216.0, 17220.96857082469, -27612.540437285956, -42828.80339965861, -28396.125542655653, -24990.926681867444, 6348.029535773938, -37643.28809300519, 14091.322015681508, 4630.63325055042, -13655.485350547475, -34721.19983687399, -5393.475937065594, -36686.94635474042, -19452.499682009184, -18191.16839065175, 7564.746745198578, -0.132, 0.9560000000000001, -0.15, 192.0, 0.0, 0.0, 0.0, 0.0, 0.0, 0.0, 0.0, 0.0, 0.0, 1.741808574318475E9, 0.0, 2025-03-12 14:42:54.318
218.0, 17210.239733486145, -27605.5666930159, -42828.73634442525, -28390.895234453114, -24989.764391155768, 6359.4959806795105, -37641.790526126686, 14093.691300593771, 4634.701268041285, -13648.153978366136, -34704.279566321326, -5359.903616893723, -36673.31179062269, -19441.770844670635, -18175.633928255313, 7570.1558673567615, -0.132, 0.9560000000000001, -0.15, 192.0, 0.0, 0.0, 0.0, 0.0, 0.0, 0.0, 0.0, 0.0, 0.0, 1.741808574318495E9, 0.0, 2025-03-12 14:42:54.318
220.0, 17209.07744277447, -27607.55599827242, -42830.52448398167, -28395.812618233278, -24993.810056902177, 6344.699125850097, -37644.27156976123, 14096.373509928408, 4634.321288385545, -13650.880891189683, -34723.90439795308, -5390.011416675022, -36686.52167159577, -19451.784426186612, -18188.664995272757, 7565.506704510058, -0.132, 0.9560000000000001, -0.15, 192.0, 0.0, 0.0, 0.0, 0.0, 0.0, 0.0, 0.0, 0.0, 0.0, 1.741808574318514E9, 0.0, 2025-03-12 14:42:54.318
222.0, 17210.239733486145, -27610.729945985073, -42833.09493459403, -28384.904966939088, -24993.295966779708, 6374.851629120306, -37649.68069191941, 14092.50665813764, 4634.477750596732, -13648.332792321777, -34704.50308376588, -5358.562512226405, -36675.41285460149, -19446.174138328333, -18176.662108500255, 7561.97512888612, -0.132, 0.9560000000000001, -0.15, 192.0, 0.0, 0.0, 0.0, 0.0, 0.0, 0.0, 0.0, 0.0, 0.0, 1.741808574378185E9, 0.0, 2025-03-12 14:42:54.378
224.0, 17197.096907746425, -27612.94276868615, -42830.36802177048, -28409.514237584382, -24987.70803066588, 6335.199634456591, -37644.76330813924, 14092.014919759622, 4637.048201209092, -13653.89837669115, -34724.86552296466, -5395.442890577661, -36690.388523386544, -19463.675554236837, -18188.55323655048, 7559.807009673955, -0.132, 0.96, -0.154, 192.0, 125.5, 112.0, 15.0, 0.0, 125.5, 24.0, 0.0, 0.0, 0.0, 1.741808574378204E9, 0.0, 2025-03-12 14:42:54.378
226.0, 17211.893762575837, -27619.08949841136, -42834.301928794615, -28381.842777948714, -24991.440771989917, 6373.845800619817, -37645.52326745073, 14090.78557381458, 4627.235785393213, -13659.307498849334, -34707.29705182279, -5368.464335020106, -36673.58001155615, -19461.8427111915, -18176.751515478078, 7558.220035817628, -0.132, 0.96, -0.154, 192.0, 0.0, 0.0, 0.0, 0.0, 0.0, 0.0, 0.0, 0.0, 0.0, 1.741808574378231E9, 0.0, 2025-03-12 14:42:54.378
228.0, 17177.15915169229, -27614.17211463119, -42831.23973980424, -28405.736792771437, -24991.105495823085, 6337.59127111331, -37643.37749998301, 14091.679643592794, 4633.58368081852, -13655.708867992029, -34719.3446420842, -5390.190230630664, -36681.872508749075, -19463.832016448025, -18190.07315517344, 7566.512533010547, -0.132, 0.96, -0.154, 192.0, 0.0, 0.0, 0.0, 0.0, 0.0, 0.0, 0.0, 0.0, 0.0, 1.741808574378246E9, 0.0, 2025-03-12 14:42:54.378
230.0, 17209.412718941297, -27618.530704799978, -42832.9608241273, -28372.164472599565, -24991.641937690012, 6381.758318156996, -37644.40568022796, 14088.326881924497, 4636.355297130978, -13661.296804105856, -34713.287319336814, -5362.719936695092, -36681.76075002679, -19447.89522265139, -18182.652376014277, 7552.430934003703, -0.132, 0.96, -0.154, 192.0, 0.0, 0.0, 0.0, 0.0, 0.0, 0.0, 0.0, 0.0, 0.0, 1.741808574378265E9, 0.0, 2025-03-12 14:42:54.378
232.0, 17164.038677697026, -27612.115754141305, -42825.67415543487, -28419.14783944462, -24985.13758005352, 6318.413474370655, -37636.269645246226, 14088.326881924497, 4644.737201301718, -13658.346373837754, -34721.82568571874, -5388.156221885231, -36694.27772692177, -19458.37819080093, -18189.044974928496, 7554.152018326762, -0.132, 0.96, -0.154, 192.0, 0.0, 0.0, 0.0, 0.0, 0.0, 0.0, 0.0, 0.0, 0.0, 1.741808574378279E9, 0.0, 2025-03-12 14:42:54.378
234.0, 17209.949160808224, -27617.100193154838, -42831.46325724879, -28376.52306276835, -24986.0987050651, 6368.861361606284, -37640.963511581846, 14094.428908160795, 4637.718753542752, -13655.373591825199, -34709.33106056822, -5364.977462885077, -36670.473119076865, -19452.544385498095, -18176.729163733624, 7550.799256658466, -0.132, 0.972, -0.154, 192.0, 125.5, 112.0, 15.0, 48.0, 125.5, 24.0, 0.0, 0.0, 0.0, 1.741808574378294E9, 0.0, 2025-03-12 14:42:54.378
236.0, 17156.43908458222, -27613.99330067555, -42834.07841135006, -28418.566694088782, -24994.32414702465, 6328.292945419901, -37644.584494183604, 14094.250094205154, 4641.071515211048, -13656.84880695925, -34726.89953171009, -5388.133870140776, -36687.77336928527, -19454.779559943625, -18190.855466229375, 7546.708887423145, -0.132, 0.972, -0.154, 192.0, 0.0, 0.0, 0.0, 0.0, 0.0, 0.0, 0.0, 0.0, 0.0, 1.741808574437509E9, 0.0, 2025-03-12 14:42:54.437
238.0, 17211.379672453364, -27608.561826772908, -42828.848103147524, -28359.982771871422, -24994.972347613853, 6386.0275013479595, -37651.20061054237, 14095.278274450098, 4633.58368081852, -13646.164673109613, -34713.68965073701, -5362.518770994994, -36677.22334590237, -19435.31119052305, -18185.200474882186, 7553.928500882209, -0.132, 0.972, -0.154, 192.0, 0.0, 0.0, 0.0, 0.0, 0.0, 0.0, 0.0, 0.0, 0.0, 1.741808574437529E9, 0.0, 2025-03-12 14:42:54.437
240.0, 17147.654849011284, -27599.17409410168, -42823.77425715617, -28414.63278706465, -24989.160894055476, 6330.237547187513, -37644.33862499459, 14098.921608796312, 4640.110390199469, -13642.65544923013, -34711.67799373603, -5371.1241926102875, -36683.817110516684, -19437.479309735216, -18193.202399397185, 7557.281262550505, -0.132, 0.972, -0.154, 192.0, 0.0, 0.0, 0.0, 0.0, 0.0, 0.0, 0.0, 0.0, 0.0, 1.741808574437544E9, 0.0, 2025-03-12 14:42:54.437
242.0, 17208.049262529526, -27611.825181463384, -42826.32235602407, -28363.514347495362, -24981.628356174035, 6376.4609547210885, -37643.15398253846, 14103.704882109749, 4640.088038455015, -13634.631172970674, -34700.5915284862, -5355.835599402857, -36665.578087041155, -19428.60566718646, -18179.165503879252, 7567.764230700044, -0.132, 0.972, -0.154, 192.0, 0.0, 0.0, 0.0, 0.0, 0.0, 0.0, 0.0, 0.0, 0.0, 1.741808574437569E9, 0.0, 2025-03-12 14:42:54.437
244.0, 17137.73067447313, -27609.187675617657, -42832.37967877146, -28423.43937438004, -24982.36596374106, 6324.359038395767, -37639.10831679205, 14096.082937250489, 4632.4660935957545, -13646.634059743174, -34722.20566537448, -5375.0580996344215, -36678.430340102954, -19443.201356315774, -18194.990538953607, 7555.291957293983, -0.126, 0.96, -0.158, 192.0, 126.0, 8.0, 15.0, 0.0, 125.5, 8.0, 0.0, 0.0, 0.0, 1.741808574437584E9, 0.0, 2025-03-12 14:42:54.437
246.0, 17191.732489077152, -27630.734757272574, -42839.73340269725, -28372.991487144413, -24984.779952142235, 6376.997396588015, -37641.857581360055, 14094.0265767606, 4619.300916111579, -13655.172426125102, -34724.91022645357, -5374.745175212047, -36679.436168603446, -19445.257716805663, -18193.515323819556, 7552.810913659444, -0.126, 0.96, -0.158, 192.0, 0.0, 0.0, 0.0, 0.0, 0.0, 0.0, 0.0, 0.0, 0.0, 1.7418085744376E9, 0.0, 2025-03-12 14:42:54.437
248.0, 17121.033921365015, -27621.682300768174, -42838.90638815241, -28426.635673837147, -24987.484513221327, 6330.483416376522, -37641.6340639155, 14093.154858726843, 4617.222203877235, -13659.486312804976, -34728.799429988794, -5379.6402072477595, -36683.14655818303, -19446.2411935617, -18194.968187209153, 7551.246291547573, -0.126, 0.96, -0.158, 192.0, 0.0, 0.0, 0.0, 0.0, 0.0, 0.0, 0.0, 0.0, 0.0, 1.741808574437619E9, 0.0, 2025-03-12 14:42:54.437
250.0, 17175.34866039141, -27628.23136189358, -42845.343690555535, -28379.22762384744, -24994.257091791285, 6375.544533198421, -37648.45134597437, 14092.50665813764, 4607.856822950462, -13665.543635552363, -34730.98990094542, -5384.423480561195, -36684.68882855044, -19448.454016262775, -18196.108126176372, 7542.797332143466, -0.126, 0.96, -0.158, 192.0, 0.0, 0.0, 0.0, 0.0, 0.0, 0.0, 0.0, 0.0, 0.0, 1.741808574437635E9, 0.0, 2025-03-12 14:42:54.437
252.0, 17109.925104370726, -27615.6696815097, -42841.074507364574, -28426.188638948042, -24993.608891202082, 6336.764256568463, -37644.53979069469, 14088.483344135684, 4605.107558382459, -13657.586414526275, -34735.01321494737, -5378.2320473470745, -36692.57899434317, -19454.980725643723, -18204.065347202464, 7536.918823351721, -0.126, 0.96, -0.158, 192.0, 0.0, 0.0, 0.0, 0.0, 0.0, 0.0, 0.0, 0.0, 0.0, 1.741808574497839E9, 0.0, 2025-03-12 14:42:54.497
254.0, 17173.31465164598, -27629.259542138523, -42845.23193183326, -28384.703801238993, -24995.978176114342, 6372.884675608239, -37654.083985577105, 14085.667024334316, 4606.582773516509, -13659.151036638146, -34730.96754920096, -5383.574114271893, -36690.45557861991, -19446.732931939714, -18206.16641118126, 7542.998497843564, -0.128, 0.966, -0.156, 192.0, 126.0, 0.0, 15.0, 24.0, 125.5, 16.0, 0.0, 0.0, 0.0, 1.741808574497859E9, 0.0, 2025-03-12 14:42:54.497
0.0, 17117.524697485533, -27611.93694018566, -42843.28733006565, -28423.52878135786, -24993.027745846244, 6347.269576462457, -37645.54561919518, 14083.208332444232, 4601.017189147137, -13664.94013845207, -34738.5000870824, -5374.789878700957, -36696.17762520047, -19457.79704544509, -18208.334530393426, 7536.449436718159, -0.128, 0.966, -0.156, 192.0, 0.0, 0.0, 0.0, 0.0, 0.0, 0.0, 0.0, 0.0, 0.0, 1.741808574497875E9, 0.0, 2025-03-12 14:42:54.497
2.0, 17167.68201204324, -27624.520972314, -42845.343690555535, -28386.961327428977, -24989.8985016225, 6360.077126035349, -37648.227828529816, 14098.27340820711, 4603.922915926328, -13657.675821504095, -34739.572970816254, -5384.468184050105, -36699.351572913125, -19454.80191168808, -18205.205286169683, 7544.943099611176, -0.128, 0.966, -0.156, 192.0, 0.0, 0.0, 0.0, 0.0, 0.0, 0.0, 0.0, 0.0, 0.0, 1.74180857449789E9, 0.0, 2025-03-12 14:42:54.497
4.0, 17110.349787515377, -27626.309111870425, -42856.452507549824, -28404.730964270948, -25006.438792519428, 6355.785591099929, -37657.28028503422, 14086.047003990056, 4593.90933441035, -13667.354126853244, -34739.81884000526, -5371.0124338880105, -36704.246604948836, -19460.65806873537, -18210.145021694305, 7538.438741974681, -0.128, 0.966, -0.156, 192.0, 0.0, 0.0, 0.0, 0.0, 0.0, 0.0, 0.0, 0.0, 0.0, 1.741808574497905E9, 0.0, 2025-03-12 14:42:54.497
6.0, 17141.128139630335, -27630.622998550298, -42849.79168770214, -28385.150836128098, -24999.71091743838, 6355.673832377653, -37658.219058301336, 14086.337576667975, 4599.296104824079, -13665.320118107811, -34742.791622017816, -5395.889925466768, -36712.24852946383, -19465.866025193456, -18217.74461480911, 7541.456227476147, -0.128, 0.966, -0.156, 192.0, 0.0, 0.0, 0.0, 0.0, 0.0, 0.0, 0.0, 0.0, 0.0, 1.74180857449792E9, 0.0, 2025-03-12 14:42:54.497
8.0, 17119.893982397793, -27612.853361708327, -42838.12407709647, -28401.91464446958, -24993.27361503525, 6351.8069805868845, -37646.64085467349, 14091.322015681508, 4606.023979905126, -13660.916824450116, -34723.94910144199, -5368.643148975748, -36691.59551758713, -19451.650315719882, -18200.22084715615, 7541.009192587041, -0.128, 0.96, -0.154, 192.0, 126.0, 0.0, 15.0, 0.0, 125.5, 24.0, 0.0, 0.0, 0.0, 1.741808574497945E9, 0.0, 2025-03-12 14:42:54.497
10.0, 17139.34000007391, -27619.08949841136, -42838.54876024112, -28398.58423454574, -24993.07244933515, 6344.006221771982, -37648.853677374565, 14090.45029764775, 4613.936497442305, -13657.340545337267, -34727.95006369949, -5385.54106778396, -36691.21553793139, -19453.21493783175, -18202.50072509059, 7543.356125754849, -0.128, 0.96, -0.154, 192.0, 0.0, 0.0, 0.0, 0.0, 0.0, 0.0, 0.0, 0.0, 0.0, 1.741808574558108E9, 0.0, 2025-03-12 14:42:54.558
12.0, 17123.470261510643, -27615.60262627633, -42843.80142018812, -28395.76791474437, -25004.0024523738, 6371.163591285181, -37657.50380247877, 14087.030480746089, 4606.895697938883, -13661.967356439514, -34721.602168274185, -5355.4556197471165, -36694.32243041068, -19454.26546982115, -18199.08090818893, 7533.29784074996, -0.128, 0.96, -0.154, 192.0, 0.0, 0.0, 0.0, 0.0, 0.0, 0.0, 0.0, 0.0, 0.0, 1.741808574558129E9, 0.0, 2025-03-12 14:42:54.558
14.0, 17127.359465045865, -27620.765879245508, -42840.023975375174, -28400.23826363543, -24995.665251691968, 6350.622338130754, -37652.51936346524, 14091.567884870516, 4612.304820097068, -13661.542673294864, -34735.90728472558, -5384.11055613882, -36705.297136938236, -19460.121626868444, -18208.93802749372, 7538.081114063396, -0.128, 0.96, -0.154, 192.0, 0.0, 0.0, 0.0, 0.0, 0.0, 0.0, 0.0, 0.0, 0.0, 1.741808574558155E9, 0.0, 2025-03-12 14:42:54.558
16.0, 17137.216584350655, -27616.675510010187, -42839.554588741616, -28381.90983318208, -24991.194902800908, 6382.875905379761, -37650.06067157515, 14092.17138197081, 4610.29316309609, -13661.006231427937, -34716.7965432163, -5352.482837734561, -36690.70144780892, -19453.438455276308, -18195.728146520632, 7542.663221676734, -0.128, 0.96, -0.154, 192.0, 0.0, 0.0, 0.0, 0.0, 0.0, 0.0, 0.0, 0.0, 0.0, 1.74180857455817E9, 0.0, 2025-03-12 14:42:54.558
18.0, 17120.76570043155, -27615.84849546534, -42827.97638511377, -28406.832028249744, -24986.344574254104, 6342.463951404567, -37645.8361918731, 14093.110155237933, 4614.24942186468, -13663.777847740395, -34732.42041259055, -5383.082375893877, -36701.11736072509, -19462.356801313974, -18198.902094233286, 7549.860483391343, -0.124, 0.962, -0.154, 192.0, 126.0, 16.0, 15.0, 8.0, 125.5, 24.0, 0.0, 0.0, 0.0, 1.741808574558189E9, 0.0, 2025-03-12 14:42:54.558
20.0, 17150.761741490573, -27611.422850063187, -42827.32818452456, -28374.80197844529, -24989.742039411314, 6377.109155310292, -37653.033453587705, 14093.356024426941, 4621.53609055711, -13651.84201620126, -34706.33592681121, -5342.044573073933, -36680.93373548195, -19439.870946391937, -18179.83605621291, 7556.051916605463, -0.124, 0.962, -0.154, 192.0, 0.0, 0.0, 0.0, 0.0, 0.0, 0.0, 0.0, 0.0, 0.0, 1.741808574558205E9, 0.0, 2025-03-12 14:42:54.558
22.0, 17106.661749680254, -27612.94276868615, -42830.256263048206, -28411.034156207344, -24992.42424874595, 6331.891576277206, -37659.22488680183, 14081.911931265824, 4616.551651543576, -13665.007193685437, -34734.81204924727, -5374.2981403229405, -36704.82775030467, -19462.625022247437, -18203.37244312435, 7540.003364086553, -0.124, 0.962, -0.154, 192.0, 0.0, 0.0, 0.0, 0.0, 0.0, 0.0, 0.0, 0.0, 0.0, 1.74180857455822E9, 0.0, 2025-03-12 14:42:54.558
24.0, 17143.58683152042, -27616.250826865537, -42831.95499562681, -28374.13142611163, -24991.954862112387, 6382.339463512834, -37660.70010193588, 14086.985777257178, 4614.987029431704, -13660.626251772197, -34713.779057714826, -5347.833674887857, -36684.040627961236, -19453.349048298485, -18190.050803428985, 7546.865349634332, -0.124, 0.962, -0.154, 192.0, 0.0, 0.0, 0.0, 0.0, 0.0, 0.0, 0.0, 0.0, 0.0, 1.741808574558235E9, 0.0, 2025-03-12 14:42:54.558
26.0, 17108.315778769946, -27606.393707560746, -42824.444809489825, -28419.840743522735, -24984.80230388669, 6323.82259652884, -37651.89351462049, 14095.747661083658, 4621.290221368101, -13656.021792414404, -34728.57591254424, -5375.303968823429, -36697.54108161224, -19454.488987265708, -18199.527943078036, 7553.481465993103, -0.124, 0.962, -0.154, 192.0, 0.0, 0.0, 0.0, 0.0, 0.0, 0.0, 0.0, 0.0, 0.0, 1.741808574618508E9, 0.0, 2025-03-12 14:42:54.618
28.0, 17175.371012135867, -27601.610434247308, -42820.13092280995, -28364.587231229216, -24976.28628924922, 6367.721422639063, -37641.32113949313, 14109.114004267933, 4633.538977329609, -13638.632135228174, -34701.329136053224, -5337.641279416237, -36673.53530806724, -19435.110024822956, -18173.242291598595, 7575.743803470588, -0.124, 0.962, -0.146, 192.0, 126.0, 16.0, 15.0, 8.0, 125.5, 56.0, 0.0, 0.0, 0.0, 1.741808574618528E9, 0.0, 2025-03-12 14:42:54.618
30.0, 17120.519831242542, -27603.398573803734, -42830.50213223721, -28408.66487129508, -24984.310565508673, 6330.528119865432, -37644.092755805585, 14105.045986777066, 4633.740143029707, -13649.517434777908, -34723.72558399744, -5361.53529423896, -36689.22623267487, -19449.14692034089, -18183.948777192687, 7573.195704602684, -0.124, 0.962, -0.146, 192.0, 0.0, 0.0, 0.0, 0.0, 0.0, 0.0, 0.0, 0.0, 0.0, 1.741808574618557E9, 0.0, 2025-03-12 14:42:54.618
32.0, 17202.2601607156, -27613.590969275352, -42833.65372820541, -28363.8943271511, -24980.063734062165, 6383.83703039134, -37645.81384012864, 14104.576600143506, 4626.945212715294, -13651.819664456805, -34713.086153636716, -5348.2360062880525, -36684.532366339256, -19444.18483307181, -18170.984765408608, 7575.430879048215, -0.124, 0.962, -0.146, 192.0, 0.0, 0.0, 0.0, 0.0, 0.0, 0.0, 0.0, 0.0, 0.0, 1.741808574618572E9, 0.0, 2025-03-12 14:42:54.618
34.0, 17158.227224138645, -27603.51033252601, -42833.56432122759, -28423.81935403578, -24979.12496079504, 6320.223965671536, -37640.65058715947, 14101.804983831047, 4634.231881407724, -13659.195740127057, -34732.88979922412, -5374.029919389477, -36692.556642598705, -19459.719295468247, -18176.148018377786, 7571.206399346162, -0.124, 0.962, -0.146, 192.0, 0.0, 0.0, 0.0, 0.0, 0.0, 0.0, 0.0, 0.0, 0.0, 1.741808574618588E9, 0.0, 2025-03-12 14:42:54.618
36.0, 17247.164815326312, -27605.3655273158, -42836.134771839956, -28366.800053930292, -24981.203673029384, 6369.800134873407, -37648.18312504091, 14100.240361719176, 4631.840244751006, -13651.149112123147, -34719.925787440035, -5357.780201170469, -36680.35259012611, -19442.977838871222, -18165.240367083596, 7580.772945973033, -0.124, 0.962, -0.146, 192.0, 0.0, 0.0, 0.0, 0.0, 0.0, 0.0, 0.0, 0.0, 0.0, 1.741808574618608E9, 0.0, 2025-03-12 14:42:54.618
38.0, 17196.046375757025, -27593.362640543302, -42839.77810618617, -28415.61626382068, -24987.350402754593, 6328.5611663533655, -37648.719566907836, 14097.289931451074, 4646.190064691314, -13642.253117829934, -34723.36795608616, -5364.77629718498, -36677.670380791475, -19443.22370806023, -18173.35405032087, 7581.711719240156, -0.124, 0.964, -0.15, 192.0, 126.0, 16.0, 15.0, 16.0, 125.5, 40.0, 0.0, 0.0, 0.0, 1.741808574618623E9, 0.0, 2025-03-12 14:42:54.618
40.0, 17262.051077133547, -27609.969986673594, -42843.175571343374, -28369.079931864733, -24989.80909464468, 6388.195620560125, -37659.56016296866, 14094.428908160795, 4635.796503519596, -13651.886719690172, -34726.497200309896, -5362.831695417368, -36689.3603431416, -19450.063341863555, -18172.16940786474, 7577.062556393452, -0.124, 0.964, -0.15, 192.0, 0.0, 0.0, 0.0, 0.0, 0.0, 0.0, 0.0, 0.0, 0.0, 1.741808574656783E9, 0.0, 2025-03-12 14:42:54.656
42.0, 17208.362186951897, -27599.285852823956, -42844.449620777326, -28426.926246515068, -24988.892673122013, 6340.586404870321, -37654.933351866406, 14094.540666883073, 4637.1599599313695, -13653.89837669115, -34727.123049154645, -5367.927893153178, -36690.79085478674, -19448.1410918404, -18171.387096808805, 7574.715623225645, -0.124, 0.964, -0.15, 192.0, 0.0, 0.0, 0.0, 0.0, 0.0, 0.0, 0.0, 0.0, 0.0, 1.741808574656802E9, 0.0, 2025-03-12 14:42:54.656
44.0, 17276.244434862667, -27610.595835518343, -42847.780030701164, -28373.729094711438, -24989.026783588743, 6376.483306465543, -37657.25793328976, 14101.380300686396, 4640.043334966103, -13645.494120775953, -34722.026851418836, -5368.307872808919, -36684.68882855044, -19436.629943445914, -18166.603823495367, 7577.263722093549, -0.124, 0.964, -0.15, 192.0, 0.0, 0.0, 0.0, 0.0, 0.0, 0.0, 0.0, 0.0, 0.0, 1.741808574656821E9, 0.0, 2025-03-12 14:42:54.656
46.0, 17210.150326508323, -27603.80090520393, -42853.63618774846, -28426.38980464814, -24991.686641178923, 6338.194768213602, -37655.02275884423, 14091.925512781801, 4631.303802884078, -13656.55823428133, -34735.19202890302, -5370.274826320985, -36699.64214559104, -19443.715446438247, -18174.35987882136, 7562.980957386609, -0.124, 0.964, -0.15, 192.0, 0.0, 0.0, 0.0, 0.0, 0.0, 0.0, 0.0, 0.0, 0.0, 1.741808574656837E9, 0.0, 2025-03-12 14:42:54.656
48.0, 17287.532065812597, -27605.879617438273, -42839.86751316399, -28383.653269249593, -24977.917966594454, 6359.384221957233, -37641.54465693768, 14113.1820217588, 4642.256157667179, -13644.331830064277, -34725.13374389813, -5372.912332166712, -36679.4585203479, -19429.61149568695, -18163.07224787143, 7574.827381947921, -0.122, 0.966, -0.148, 192.0, 126.0, 24.0, 15.0, 24.0, 125.5, 48.0, 0.0, 0.0, 0.0, 1.741808574712815E9, 0.0, 2025-03-12 14:42:54.712
50.0, 17241.35336176793, -27594.32376555488, -42843.66730972139, -28418.700804555516, -24980.242548017806, 6342.575710126843, -37640.382366226004, 14108.398748445363, 4640.400962877388, -13649.450379544543, -34721.62452001864, -5356.796724414436, -36674.250563889815, -19432.22664978822, -18160.8370734259, 7573.843905191888, -0.122, 0.966, -0.148, 192.0, 0.0, 0.0, 0.0, 0.0, 0.0, 0.0, 0.0, 0.0, 0.0, 1.741808574712837E9, 0.0, 2025-03-12 14:42:54.712
52.0, 17296.986853717193, -27602.862131936807, -42839.3087195526, -28389.017687918866, -24972.30767873617, 6350.890559064217, -37640.471773203826, 14118.389978216885, 4656.963605518771, -13638.27450731689, -34715.43308680452, -5370.990082143555, -36672.01538944428, -19426.32578925202, -18160.390038536792, 7585.8244402199325, -0.122, 0.966, -0.148, 192.0, 0.0, 0.0, 0.0, 0.0, 0.0, 0.0, 0.0, 0.0, 0.0, 1.741808574712865E9, 0.0, 2025-03-12 14:42:54.712
54.0, 17249.84702466095, -27604.203236604124, -42852.339786570046, -28417.180885932554, -24986.054001576187, 6352.611643387276, -37647.244351773785, 14103.190791987276, 4643.463151867766, -13647.394019054655, -34717.35533682768, -5355.835599402857, -36677.82684300266, -19442.039065604098, -18160.457093770157, 7573.575684258424, -0.122, 0.966, -0.148, 192.0, 0.0, 0.0, 0.0, 0.0, 0.0, 0.0, 0.0, 0.0, 0.0, 1.74180857471288E9, 0.0, 2025-03-12 14:42:54.712
56.0, 17280.021879675613, -27610.774649473984, -42848.04825163463, -28403.613377048183, -24978.0967805501, 6351.315242208868, -37649.72539540832, 14107.392919944874, 4643.06082046757, -13650.076228389291, -34730.87814222314, -5383.462355549616, -36681.26901164878, -19441.882603392914, -18168.481370029614, 7571.541675512991, -0.122, 0.966, -0.148, 192.0, 0.0, 0.0, 0.0, 0.0, 0.0, 0.0, 0.0, 0.0, 0.0, 1.741808574712895E9, 0.0, 2025-03-12 14:42:54.712
58.0, 17244.482605991674, -27613.523914041987, -42859.5146965402, -28419.77368828937, -24990.770219656257, 6368.1237540392585, -37656.140346067, 14097.446393662261, 4633.2260529072355, -13661.475618061499, -34726.45249682099, -5363.882227406768, -36680.889031993036, -19445.592992972495, -18167.520245018037, 7563.0480126199745, -0.126, 0.968, -0.148, 192.0, 126.0, 8.0, 15.0, 32.0, 125.5, 48.0, 0.0, 0.0, 0.0, 1.741808574712916E9, 0.0, 2025-03-12 14:42:54.712
60.0, 17252.193957828757, -27619.648292022743, -42857.52539128368, -28424.691072069538, -24991.351365012095, 6351.963442798072, -37656.743843167285, 14094.27244594961, 4622.29604986859, -13670.662185032628, -34747.060805208785, -5401.231992391586, -36699.68684907995, -19463.586147259015, -18184.127591148328, 7555.940157883187, -0.126, 0.968, -0.148, 192.0, 0.0, 0.0, 0.0, 0.0, 0.0, 0.0, 0.0, 0.0, 0.0, 1.741808574712932E9, 0.0, 2025-03-12 14:42:54.712
62.0, 17240.347533267442, -27614.865018709304, -42855.60314126052, -28424.780479047356, -24991.105495823085, 6362.289948736424, -37653.949875110375, 14094.652425605349, 4622.452512079777, -13665.65539427464, -34733.2474271354, -5372.152372855231, -36683.92886923896, -19457.595879744993, -18174.516341032548, 7558.622367217823, -0.126, 0.968, -0.148, 192.0, 0.0, 0.0, 0.0, 0.0, 0.0, 0.0, 0.0, 0.0, 0.0, 1.741808574712952E9, 0.0, 2025-03-12 14:42:54.712
64.0, 17238.13471056637, -27609.008861662016, -42843.42144053238, -28434.97287451898, -24979.12496079504, 6324.739018051508, -37643.86923836103, 14101.112079752933, 4629.314497627556, -13663.531978551386, -34745.18325867454, -5399.913239468723, -36690.053247219716, -19461.976821658234, -18185.669861515744, 7561.349280041371, -0.126, 0.968, -0.148, 192.0, 0.0, 0.0, 0.0, 0.0, 0.0, 0.0, 0.0, 0.0, 0.0, 1.741808574767342E9, 0.0, 2025-03-12 14:42:54.767
66.0, 17244.750826925138, -27622.66577752421, -42853.613836004, -28413.448144608516, -24983.46119921937, 6354.6233003882535, -37647.19964828487, 14103.570771643017, 4628.15220691588, -13663.93430995158, -34726.34073809871, -5367.994948386544, -36673.91528772298, -19450.465673263752, -18167.028506640017, 7564.679689965212, -0.126, 0.968, -0.148, 192.0, 0.0, 0.0, 0.0, 0.0, 0.0, 0.0, 0.0, 0.0, 0.0, 1.74180857476736E9, 0.0, 2025-03-12 14:42:54.767
68.0, 17223.82959411497, -27622.822239735397, -42859.55940002912, -28436.313979186296, -24991.396068501006, 6320.268669160446, -37655.559200711155, 14100.799155330558, 4622.2513463796795, -13669.544597809863, -34749.8994767546, -5405.59058256037, -36700.513863624794, -19459.339315812507, -18184.060535914963, 7559.315271295938, -0.122, 0.964, -0.154, 192.0, 126.0, 24.0, 15.0, 16.0, 125.5, 24.0, 0.0, 0.0, 0.0, 1.741808574767376E9, 0.0, 2025-03-12 14:42:54.767
70.0, 17249.77996942758, -27610.528780284978, -42856.72072848329, -28404.28392938184, -24989.451466733393, 6360.121829524259, -37652.698177420876, 14105.627132132904, 4621.245517879191, -13669.254025131944, -34734.610883547175, -5370.3642332988065, -36694.68005832196, -19450.443321519295, -18176.058611399963, 7561.0587073634515, -0.122, 0.964, -0.154, 192.0, 0.0, 0.0, 0.0, 0.0, 0.0, 0.0, 0.0, 0.0, 0.0, 1.741808574767392E9, 0.0, 2025-03-12 14:42:54.767
72.0, 17227.763501139107, -27608.494771539543, -42855.49138253825, -28436.87277279768, -24988.04330683271, 6320.559241838365, -37647.043186073686, 14106.476498422206, 4644.245462923702, -13656.424123814599, -34741.741090028416, -5389.966713186111, -36695.998811244826, -19452.61144073146, -18178.7408207346, 7568.837114433899, -0.122, 0.964, -0.154, 192.0, 0.0, 0.0, 0.0, 0.0, 0.0, 0.0, 0.0, 0.0, 0.0, 1.741808574767407E9, 0.0, 2025-03-12 14:42:54.767
74.0, 17251.970440384204, -27619.625940278285, -42857.34657732804, -28402.071106680767, -24985.71872540936, 6367.721422639063, -37652.11703206504, 14096.731137839692, 4624.10654116947, -13670.03633618788, -34738.61184580468, -5367.212637330608, -36695.708238566905, -19450.62213547494, -18176.662108500255, 7561.7069079526555, -0.122, 0.964, -0.154, 192.0, 0.0, 0.0, 0.0, 0.0, 0.0, 0.0, 0.0, 0.0, 0.0, 1.741808574767431E9, 0.0, 2025-03-12 14:42:54.767
76.0, 17218.398120212332, -27607.42188780569, -42853.25620809272, -28438.90678154311, -24988.870321377555, 6317.228831914525, -37652.94404660989, 14099.323940196507, 4636.735276786719, -13660.51449304992, -34737.11427892617, -5385.965750928611, -36693.49541586583, -19449.057513363066, -18183.41233532576, 7567.8089341889545, -0.122, 0.964, -0.154, 192.0, 0.0, 0.0, 0.0, 0.0, 0.0, 0.0, 0.0, 0.0, 0.0, 1.741808574767446E9, 0.0, 2025-03-12 14:42:54.767
78.0, 17282.972309943714, -27596.469533022588, -42849.054080135116, -28387.408362318085, -24983.23768177482, 6360.121829524259, -37653.86046813255, 14099.83803031898, 4669.726451602752, -13654.837149958272, -34723.25619736388, -5361.714108194603, -36681.40312211551, -19445.570641228038, -18180.417201568747, 7564.746745198578, -0.122, 0.966, -0.148, 192.0, 126.0, 24.0, 15.0, 24.0, 125.5, 48.0, 0.0, 0.0, 0.0, 1.74180857482957E9, 0.0, 2025-03-12 14:42:54.829
80.0, 17204.875314816873, -27608.338309328356, -42855.9160656829, -28443.645351367635, -24996.961652870377, 6318.413474370655, -37662.93527638141, 14086.002300501144, 4638.255195409679, -13662.235577372978, -34729.31352011127, -5385.004625917033, -36694.45654087741, -19450.0409901191, -18192.509495319067, 7557.325966039416, -0.122, 0.966, -0.148, 192.0, 0.0, 0.0, 0.0, 0.0, 0.0, 0.0, 0.0, 0.0, 0.0, 1.74180857482961E9, 0.0, 2025-03-12 14:42:54.829
82.0, 17256.530196253087, -27626.532629314977, -42851.89275168094, -28404.373336359662, -24993.34067026862, 6368.682547650641, -37662.15296532548, 14085.68937607877, 4623.324230113534, -13673.858484489738, -34725.55842704278, -5374.320492067396, -36687.88512800755, -19455.13718785491, -18185.535751049014, 7546.015983345031, -0.122, 0.966, -0.148, 192.0, 0.0, 0.0, 0.0, 0.0, 0.0, 0.0, 0.0, 0.0, 0.0, 1.741808574829626E9, 0.0, 2025-03-12 14:42:54.829
84.0, 17202.93071304926, -27608.114791883803, -42848.070603379085, -28456.654066640625, -24994.055926091187, 6311.305619633868, -37657.794375156685, 14082.671890577305, 4638.724582043241, -13661.65443201714, -34731.57104630125, -5382.009492160022, -36702.95020377042, -19476.10312415399, -18189.290844117506, 7548.698192679667, -0.122, 0.966, -0.148, 192.0, 0.0, 0.0, 0.0, 0.0, 0.0, 0.0, 0.0, 0.0, 0.0, 1.741808574829644E9, 0.0, 2025-03-12 14:42:54.829
86.0, 17264.308603323534, -27604.73967847105, -42844.04728937713, -28400.350022357707, -24986.411629487473, 6357.059640533882, -37656.00623560027, 14087.075184235, 4632.086113940014, -13664.64956577415, -34717.57885427223, -5364.485724507061, -36692.57899434317, -19451.38209478642, -18177.60088176738, 7550.285166535994, -0.122, 0.966, -0.148, 192.0, 0.0, 0.0, 0.0, 0.0, 0.0, 0.0, 0.0, 0.0, 0.0, 1.74180857482966E9, 0.0, 2025-03-12 14:42:54.829
88.0, 17199.086213002945, -27596.581291744864, -42843.57790274357, -28456.54230791835, -24983.170626541454, 6308.735169021508, -37653.59224719909, 14083.185980699776, 4632.399038362389, -13667.868216975716, -34724.463191564464, -5370.1854193431645, -36691.52846235377, -19454.131359354422, -18175.11983813284, 7550.463980491636, -0.126, 0.964, -0.15, 192.0, 126.0, 8.0, 15.0, 16.0, 125.5, 40.0, 0.0, 0.0, 0.0, 1.741808574829675E9, 0.0, 2025-03-12 14:42:54.829
90.0, 17269.404801059343, -27609.388841317756, -42836.15712358441, -28400.350022357707, -24973.00058281429, 6344.5873671278205, -37645.34445349508, 14100.50858265264, 4632.4660935957545, -13656.781751725883, -34718.22705486143, -5358.830733159868, -36678.519747080776, -19448.588126729504, -18164.525111261024, 7561.617500974835, -0.126, 0.964, -0.15, 192.0, 0.0, 0.0, 0.0, 0.0, 0.0, 0.0, 0.0, 0.0, 0.0, 1.741808574829691E9, 0.0, 2025-03-12 14:42:54.829
92.0, 17195.085250745447, -27595.32959405537, -42844.24845507723, -28445.142918246143, -24981.51659745176, 6302.7896049963965, -37648.18312504091, 14095.099460494455, 4606.158090371859, -13663.286109362378, -34718.51762753935, -5361.53529423896, -36695.998811244826, -19450.71154245276, -18170.314213074947, 7561.014003874541, -0.126, 0.964, -0.15, 192.0, 0.0, 0.0, 0.0, 0.0, 0.0, 0.0, 0.0, 0.0, 0.0, 1.741808574829706E9, 0.0, 2025-03-12 14:42:54.829
94.0, 17263.95097541225, -27606.75133547203, -42843.86847542149, -28396.28200486684, -24976.196882271397, 6342.620413615753, -37646.77496514022, 14104.509544910139, 4609.846128206984, -13657.474655803999, -34708.99578440139, -5358.137829081754, -36687.460444862896, -19439.379208013917, -18167.386134551303, 7571.07228887943, -0.126, 0.964, -0.15, 192.0, 0.0, 0.0, 0.0, 0.0, 0.0, 0.0, 0.0, 0.0, 0.0, 1.741808574888487E9, 0.0, 2025-03-12 14:42:54.888
96.0, 17195.040547256536, -27606.393707560746, -42851.44571679184, -28447.601610136226, -24980.57782418464, 6329.701105320586, -37647.62433142952, 14094.250094205154, 4598.2455728346795, -13665.230711129989, -34717.53415078332, -5355.1650470691975, -36698.97159325738, -19447.761112184657, -18170.805951452967, 7560.008175374052, -0.126, 0.964, -0.15, 192.0, 0.0, 0.0, 0.0, 0.0, 0.0, 0.0, 0.0, 0.0, 0.0, 1.741808574888507E9, 0.0, 2025-03-12 14:42:54.888
98.0, 17249.467045005207, -27608.964158173105, -42849.612873746504, -28412.665833552583, -24976.8450828606, 6354.243320732513, -37646.819668629134, 14097.468745406717, 4591.472994264722, -13674.193760656568, -34723.45736306398, -5372.152372855231, -36703.039610748245, -19456.791216944603, -18171.968242164643, 7552.0733060924185, -0.132, 0.9540000000000001, -0.154, 192.0, 125.5, 112.0, 14.5, 104.0, 125.5, 24.0, 0.0, 0.0, 0.0, 1.741808574888522E9, 0.0, 2025-03-12 14:42:54.888
100.0, 17194.034718756047, -27599.107038868315, -42855.37962381597, -28443.39948217863, -24984.109399808574, 6336.0713524903485, -37649.613636686045, 14095.45708840574, 4587.427328518311, -13672.405621100143, -34721.98214792993, -5360.663576205204, -36701.05030549173, -19448.588126729504, -18169.956585163665, 7554.219073560128, -0.132, 0.9540000000000001, -0.154, 192.0, 0.0, 0.0, 0.0, 0.0, 0.0, 0.0, 0.0, 0.0, 0.0, 1.741808574888549E9, 0.0, 2025-03-12 14:42:54.888
102.0, 17237.240640788157, -27602.88448368126, -42851.915103425396, -28407.502580583405, -24981.091914307108, 6357.26080623398, -37650.77592739772, 14096.261751206132, 4576.564380713032, -13675.736031023984, -34731.883970723626, -5375.259265334519, -36711.153293985524, -19450.51037675266, -18176.103314888875, 7554.1296665823065, -0.132, 0.9540000000000001, -0.154, 192.0, 0.0, 0.0, 0.0, 0.0, 0.0, 0.0, 0.0, 0.0, 0.0, 1.741808574888565E9, 0.0, 2025-03-12 14:42:54.888
104.0, 17193.83355305595, -27587.03709686245, -42846.684795222856, -28433.05062449582, -24976.107475293575, 6340.496997892499, -37644.76330813924, 14096.395861672863, 4578.710148180741, -13673.903187978649, -34723.94910144199, -5353.645128446237, -36711.19799747443, -19442.284934793108, -18161.64173622629, 7552.833265403899, -0.132, 0.9540000000000001, -0.154, 192.0, 0.0, 0.0, 0.0, 0.0, 0.0, 0.0, 0.0, 0.0, 0.0, 1.74180857488858E9, 0.0, 2025-03-12 14:42:54.888
106.0, 17228.769329639596, -27589.451085263623, -42842.14739109843, -28413.783420775348, -24969.558414168172, 6331.82452104384, -37637.54369468018, 14105.962408299734, 4589.4389855192885, -13657.832283715283, -34718.51762753935, -5368.352576297829, -36694.6130030886, -19433.478347477718, -18161.14999784827, 7568.770059200533, -0.132, 0.9540000000000001, -0.154, 192.0, 0.0, 0.0, 0.0, 0.0, 0.0, 0.0, 0.0, 0.0, 0.0, 1.741808574888599E9, 0.0, 2025-03-12 14:42:54.888
108.0, 17193.319462933476, -27603.063297636905, -42861.213429118805, -28424.62401683617, -24984.42232423095, 6343.782704327429, -37647.378462240515, 14099.636864618882, 4573.613950444931, -13674.305519378844, -34722.83151421923, -5355.209750558109, -36703.15136947052, -19438.686303935803, -18161.30646005946, 7558.398849773271, -0.14400000000000002, 0.9580000000000001, -0.154, 192.0, 125.5, 64.0, 14.5, 120.0, 125.5, 24.0, 0.0, 0.0, 0.0, 1.74180857494783E9, 0.0, 2025-03-12 14:42:54.947
110.0, 17205.612922383898, -27598.03415513446, -42850.43988829135, -28425.428679636563, -24970.07250429064, 6321.185090683114, -37634.63796790099, 14110.432757190796, 4576.452621990755, -13667.220016386513, -34738.14245917111, -5383.082375893877, -36712.02501201928, -19435.668818434337, -18167.900224673776, 7571.005233646064, -0.14400000000000002, 0.9580000000000001, -0.154, 192.0, 0.0, 0.0, 0.0, 0.0, 0.0, 0.0, 0.0, 0.0, 0.0, 1.741808574947851E9, 0.0, 2025-03-12 14:42:54.947
112.0, 17192.604207110908, -27596.067201622394, -42858.88884769545, -28416.353871387706, -24980.71193465137, 6344.5873671278205, -37638.8847993475, 14107.459975178239, 4577.749023169163, -13664.493103562965, -34729.02294743335, -5352.952224368122, -36708.33697418415, -19430.2373445317, -18162.893433915786, 7573.173352858228, -0.14400000000000002, 0.9580000000000001, -0.154, 192.0, 0.0, 0.0, 0.0, 0.0, 0.0, 0.0, 0.0, 0.0, 0.0, 1.741808574947866E9, 0.0, 2025-03-12 14:42:54.947
114.0, 17195.30876819, -27594.83785567735, -42862.398071574935, -28425.361624403195, -24981.38248698503, 6321.900346505684, -37642.32696799361, 14102.319073953518, 4585.303912795057, -13659.061629660324, -34743.775098773855, -5381.517753782005, -36723.42440169149, -19437.568716713038, -18179.12080039034, 7570.759364457055, -0.14400000000000002, 0.9580000000000001, -0.154, 192.0, 0.0, 0.0, 0.0, 0.0, 0.0, 0.0, 0.0, 0.0, 0.0, 1.741808574947881E9, 0.0, 2025-03-12 14:42:54.947
116.0, 17201.008463026104, -27595.262538822, -42856.5642662721, -28410.587121318236, -24976.912138093965, 6353.483361421033, -37636.828438857614, 14103.660178620838, 4576.385566757389, -13668.114086164724, -34737.449555093, -5352.661651690203, -36708.47108465089, -19435.0876730785, -18168.97310840763, 7569.64177723429, -0.14400000000000002, 0.9580000000000001, -0.154, 192.0, 0.0, 0.0, 0.0, 0.0, 0.0, 0.0, 0.0, 0.0, 0.0, 1.741808574947907E9, 0.0, 2025-03-12 14:42:54.947
118.0, 17189.229093698155, -27589.808713174905, -42846.327167311574, -28422.76882204638, -24972.732361880826, 6316.245355158491, -37629.94410156538, 14111.550344413561, 4620.82083473454, -13654.837149958272, -34739.03652894933, -5371.280654821474, -36709.58867187365, -19426.12462355192, -18174.203416610173, 7582.136402384806, -0.138, 0.96, -0.152, 192.0, 125.5, 88.0, 15.0, 0.0, 125.5, 32.0, 0.0, 0.0, 0.0, 1.741808574947922E9, 0.0, 2025-03-12 14:42:54.947
120.0, 17200.002634525616, -27593.250881821023, -42855.558437771615, -28398.09249616772, -24981.583652685127, 6363.049908047904, -37638.6836336474, 14105.895353066368, 4579.827735403506, -13660.246272116456, -34724.5973020312, -5347.274881276475, -36714.0143172758, -19428.51626020864, -18175.522169533037, 7570.848771434877, -0.138, 0.96, -0.152, 192.0, 0.0, 0.0, 0.0, 0.0, 0.0, 0.0, 0.0, 0.0, 0.0, 1.741808574947938E9, 0.0, 2025-03-12 14:42:54.947
122.0, 17168.844302754915, -27584.01961136098, -42845.85778067801, -28435.375205919172, -24975.45927470437, 6313.540794079398, -37630.70406087686, 14109.963370557234, 4595.317494311034, -13659.307498849334, -34730.74403175641, -5376.957997913122, -36718.93170105597, -19437.546364968584, -18185.40164058228, 7569.64177723429, -0.138, 0.96, -0.152, 192.0, 0.0, 0.0, 0.0, 0.0, 0.0, 0.0, 0.0, 0.0, 0.0, 1.741808574947957E9, 0.0, 2025-03-12 14:42:54.947
124.0, 17220.096852790935, -27603.420925548187, -42845.03076613316, -28393.309222854285, -24973.8946525925, 6358.601910901298, -37635.26381674574, 14110.768033357625, 4603.073549637026, -13653.853673202238, -34714.58372051522, -5343.72095390808, -36708.62754686207, -19424.783518884604, -18168.302556073973, 7572.5028005245695, -0.138, 0.96, -0.152, 192.0, 0.0, 0.0, 0.0, 0.0, 0.0, 0.0, 0.0, 0.0, 0.0, 1.741808575008632E9, 0.0, 2025-03-12 14:42:55.008
126.0, 17170.341869633423, -27597.520065011988, -42850.305777824615, -28438.8620780542, -24985.09287656461, 6309.606887055264, -37645.858543617556, 14095.88177155039, 4599.497270524177, -13667.890568720171, -34731.63810153462, -5372.353538555329, -36741.03757632227, -19437.546364968584, -18194.856428486877, 7560.969300385631, -0.138, 0.96, -0.152, 192.0, 0.0, 0.0, 0.0, 0.0, 0.0, 0.0, 0.0, 0.0, 0.0, 1.741808575008652E9, 0.0, 2025-03-12 14:42:55.008
128.0, 17226.288286005056, -27610.46172505161, -42844.38256554396, -28388.816522218767, -24986.009298087276, 6360.948844069105, -37644.60684592806, 14096.082937250489, 4601.128947869414, -13665.007193685437, -34712.81793270325, -5350.627642944771, -36727.023032548794, -19427.89041136389, -18182.92059694774, 7564.053841120463, -0.126, 0.96, -0.156, 192.0, 126.0, 8.0, 15.0, 0.0, 125.5, 16.0, 0.0, 0.0, 0.0, 1.741808575008678E9, 0.0, 2025-03-12 14:42:55.008
130.0, 17159.76949450606, -27600.69401272464, -42843.44379227684, -28444.695883357035, -24983.774123641746, 6308.399892854678, -37640.06944180363, 14094.160687227331, 4607.029808405615, -13666.817684986316, -34725.29020610931, -5374.096974622843, -36749.28537002628, -19439.42391150283, -18190.96722495165, 7559.851713162865, -0.126, 0.96, -0.156, 192.0, 0.0, 0.0, 0.0, 0.0, 0.0, 0.0, 0.0, 0.0, 0.0, 1.741808575008693E9, 0.0, 2025-03-12 14:42:55.008
132.0, 17219.381596968364, -27612.585140774863, -42846.37187080048, -28393.331574598742, -24981.069562562654, 6357.484323678533, -37645.009177328255, 14100.84385881947, 4595.920991411328, -13666.974147197503, -34717.131819383125, -5357.847256403835, -36748.346596759155, -19430.550268954074, -18183.702908003677, 7563.606806231357, -0.126, 0.96, -0.156, 192.0, 0.0, 0.0, 0.0, 0.0, 0.0, 0.0, 0.0, 0.0, 0.0, 1.741808575008708E9, 0.0, 2025-03-12 14:42:55.008
134.0, 17147.520738544554, -27619.55888504492, -42854.373795315485, -28444.33825544575, -24984.22115853085, 6312.602020812276, -37641.27643600421, 14097.871076806912, 4600.748968213674, -13666.683574519584, -34734.54382831381, -5373.135849611264, -36763.4787277554, -19443.84955690498, -18194.476448831138, 7569.842942934388, -0.126, 0.96, -0.156, 192.0, 0.0, 0.0, 0.0, 0.0, 0.0, 0.0, 0.0, 0.0, 0.0, 1.741808575008724E9, 0.0, 2025-03-12 14:42:55.008
136.0, 17198.438012413742, -27627.247885137545, -42849.32230106858, -28392.303394353796, -24977.26976600525, 6360.993547558016, -37638.8847993475, 14100.620341374915, 4586.600313973465, -13678.954682225549, -34736.93546497053, -5373.605236244826, -36758.2260678084, -19448.252850562676, -18195.951663965185, 7571.005233646064, -0.126, 0.96, -0.156, 192.0, 0.0, 0.0, 0.0, 0.0, 0.0, 0.0, 0.0, 0.0, 0.0, 1.741808575008738E9, 0.0, 2025-03-12 14:42:55.008
138.0, 17123.134985343815, -27630.019501450006, -42854.82083020459, -28450.35087470423, -24981.248376518295, 6320.5815935828205, -37638.90715109195, 14098.519277396117, 4586.488555251188, -13684.252045661457, -34749.094813954216, -5381.2271811040855, -36764.03752136678, -19448.632830218416, -18198.45505934418, 7569.0382801339965, -0.12, 0.96, -0.164, 192.0, 126.0, 32.0, 15.0, 0.0, 125.0, 112.0, 0.0, 0.0, 0.0, 1.741808575069331E9, 0.0, 2025-03-12 14:42:55.069
140.0, 17204.517686905587, -27642.491774856066, -42854.30674008212, -28402.540493314325, -24983.37179224155, 6367.028518560948, -37647.49022096279, 14098.184001229287, 4582.465241249232, -13685.839019517784, -34743.21630516247, -5380.40016655924, -36756.236762551875, -19441.212051059254, -18200.913751234264, 7560.119934096329, -0.12, 0.96, -0.164, 192.0, 0.0, 0.0, 0.0, 0.0, 0.0, 0.0, 0.0, 0.0, 0.0, 1.741808575069353E9, 0.0, 2025-03-12 14:42:55.069
142.0, 17136.210755850167, -27627.292588626457, -42852.697414481336, -28446.171098491086, -24984.80230388669, 6324.783721540418, -37646.01500582874, 14094.540666883073, 4592.009436131649, -13681.2792636489, -34750.905305255095, -5376.220390346097, -36768.15024234656, -19447.157615084365, -18206.23346641463, 7555.157846827251, -0.12, 0.96, -0.164, 192.0, 0.0, 0.0, 0.0, 0.0, 0.0, 0.0, 0.0, 0.0, 0.0, 1.741808575069368E9, 0.0, 2025-03-12 14:42:55.069
144.0, 17190.749012321117, -27629.70657702763, -42840.180437586365, -28393.510388554383, -24969.983097312823, 6350.01884103046, -37639.555351681156, 14100.977969286201, 4572.272845777613, -13677.479467091498, -34741.27170339486, -5374.991044401056, -36759.4777654979, -19435.75822541216, -18193.805896497477, 7555.649585205268, -0.12, 0.96, -0.164, 192.0, 0.0, 0.0, 0.0, 0.0, 0.0, 0.0, 0.0, 0.0, 0.0, 1.741808575069398E9, 0.0, 2025-03-12 14:42:55.069
146.0, 17123.492613255097, -27622.151687401736, -42850.68575748036, -28437.20804896451, -24982.701239907892, 6321.654477316675, -37644.852715117064, 14092.93134128229, 4576.542028968576, -13675.110182179234, -34735.370842858654, -5363.457544262117, -36751.18526830498, -19434.014789344645, -18185.289881860004, 7555.806047416455, -0.12, 0.96, -0.164, 192.0, 0.0, 0.0, 0.0, 0.0, 0.0, 0.0, 0.0, 0.0, 0.0, 1.741808575069412E9, 0.0, 2025-03-12 14:42:55.069
148.0, 17165.200968408702, -27629.527763071987, -42851.55747551411, -28406.273234638364, -24983.46119921937, 6343.313317693868, -37649.85950587506, 14093.668948849316, 4566.103764307948, -13681.882760749193, -34746.59141857522, -5377.203867102131, -36760.304780042745, -19450.33156279702, -18201.249027401092, 7542.417352487726, -0.13, 0.962, -0.164, 192.0, 125.5, 120.0, 15.0, 8.0, 125.0, 112.0, 0.0, 0.0, 0.0, 1.741808575069428E9, 0.0, 2025-03-12 14:42:55.069
150.0, 17101.833772877904, -27626.309111870425, -42863.739176242256, -28444.226496723473, -24998.503923237793, 6333.500901877988, -37657.90613387896, 14082.046041732556, 4563.622720673409, -13685.391984628677, -34750.39121513262, -5368.39727978674, -36756.34852127416, -19445.79415867259, -18201.964283223664, 7531.196776771161, -0.13, 0.962, -0.164, 192.0, 0.0, 0.0, 0.0, 0.0, 0.0, 0.0, 0.0, 0.0, 0.0, 1.741808575069447E9, 0.0, 2025-03-12 14:42:55.069
152.0, 17128.991142391103, -27648.37028364781, -42863.046272164145, -28420.57835108976, -24997.56514997067, 6360.278291735446, -37661.32595078063, 14084.59414060046, 4546.545987909554, -13690.935217253593, -34762.77408156086, -5391.665445764715, -36771.43594878149, -19454.310173310063, -18215.375329896848, 7521.9655063111195, -0.13, 0.962, -0.164, 192.0, 0.0, 0.0, 0.0, 0.0, 0.0, 0.0, 0.0, 0.0, 0.0, 1.741808575069463E9, 0.0, 2025-03-12 14:42:55.069
154.0, 17091.283749495, -27636.523859086497, -42852.00451040322, -28443.131261245166, -24987.596271943603, 6342.8215793158515, -37649.45717447486, 14086.963425512724, 4540.108685506426, -13698.244237690478, -34753.766328545375, -5372.375890299784, -36767.25617256834, -19450.42096977484, -18201.65135880129, 7523.775997612, -0.13, 0.962, -0.164, 192.0, 0.0, 0.0, 0.0, 0.0, 0.0, 0.0, 0.0, 0.0, 0.0, 1.741808575128196E9, 0.0, 2025-03-12 14:42:55.128
156.0, 17132.455662781675, -27640.23424866608, -42843.466144021295, -28426.009824992398, -24983.483550963825, 6330.148140209692, -37645.88089536201, 14091.947864526257, 4557.006604314638, -13685.839019517784, -34747.68665405353, -5381.115422381809, -36752.63813169458, -19435.37824575642, -18196.443402343204, 7536.784712884988, -0.13, 0.962, -0.164, 192.0, 0.0, 0.0, 0.0, 0.0, 0.0, 0.0, 0.0, 0.0, 0.0, 1.741808575128217E9, 0.0, 2025-03-12 14:42:55.128
158.0, 17110.036863093002, -27648.66085632573, -42858.084184895066, -28437.789194320347, -24999.733269182834, 6338.5970996137985, -37661.147136824984, 14084.92941676729, 4547.216540243214, -13695.159696955645, -34741.15994467258, -5356.841427903346, -36747.54193395876, -19437.591068457496, -18196.89043723231, 7529.498044192558, -0.13, 0.966, -0.168, 192.0, 125.5, 120.0, 15.0, 24.0, 125.0, 96.0, 0.0, 0.0, 0.0, 1.741808575128232E9, 0.0, 2025-03-12 14:42:55.128
160.0, 17118.10584284137, -27663.882394299795, -42861.45929830782, -28444.047682767832, -24997.341632526117, 6326.549509352388, -37660.18601181341, 14085.756431312137, 4533.939604036761, -13707.006121516959, -34770.686599098044, -5399.220335390608, -36768.79844293576, -19461.552138513583, -18220.337417165927, 7522.703113878145, -0.13, 0.966, -0.168, 192.0, 0.0, 0.0, 0.0, 0.0, 0.0, 0.0, 0.0, 0.0, 0.0, 1.741808575128258E9, 0.0, 2025-03-12 14:42:55.128
162.0, 17095.44117396369, -27672.532519403998, -42868.29893211114, -28443.95827579001, -25001.253187805796, 6351.427000931144, -37662.44353800339, 14081.442544632262, 4516.795816039541, -13715.611543132252, -34763.1540612166, -5379.573152014394, -36766.719730701414, -19460.635716990917, -18212.201382184194, 7520.3785324547935, -0.13, 0.966, -0.168, 192.0, 0.0, 0.0, 0.0, 0.0, 0.0, 0.0, 0.0, 0.0, 0.0, 1.741808575128273E9, 0.0, 2025-03-12 14:42:55.128
164.0, 17087.282787237502, -27682.4343421977, -42866.80136523263, -28462.957258577022, -24999.71091743838, 6319.374599382234, -37663.047035103686, 14079.587349842472, 4517.868699773396, -13724.216964747546, -34778.107378257206, -5417.995800733066, -36772.86646042662, -19467.14007462741, -18221.85733578889, 7515.7964248414555, -0.13, 0.966, -0.168, 192.0, 0.0, 0.0, 0.0, 0.0, 0.0, 0.0, 0.0, 0.0, 0.0, 1.741808575128289E9, 0.0, 2025-03-12 14:42:55.128
166.0, 17103.018415334038, -27683.998964309572, -42858.73238548427, -28443.690054856546, -24989.22794928884, 6339.8935007922055, -37651.714700664845, 14090.092669736467, 4511.766673537097, -13723.032322291414, -34762.863488538685, -5396.202849889141, -36760.014207364824, -19461.641545491406, -18208.379233882337, 7518.411578942726, -0.13, 0.966, -0.168, 192.0, 0.0, 0.0, 0.0, 0.0, 0.0, 0.0, 0.0, 0.0, 0.0, 1.741808575128309E9, 0.0, 2025-03-12 14:42:55.128
168.0, 17064.595766615363, -27707.378889009822, -42867.60602803303, -28470.40038948064, -24994.57001621366, 6307.237602143002, -37654.17339255493, 14087.633977846383, 4506.581068823465, -13733.917621841149, -34789.97615456297, -5425.818911292424, -36771.39124529258, -19469.509359539672, -18220.493879377114, 7519.193889998662, -0.14, 0.964, -0.168, 192.0, 125.5, 80.0, 15.0, 16.0, 125.0, 96.0, 0.0, 0.0, 0.0, 1.741808575187583E9, 0.0, 2025-03-12 14:42:55.187
170.0, 17085.360537214343, -27702.77442965203, -42862.688644252856, -28431.9106855286, -24985.584614942625, 6347.202521229091, -37647.13259305151, 14101.089728008477, 4490.644275026832, -13733.33647648531, -34782.220099236976, -5403.914201726223, -36763.6798934555, -19456.590051244504, -18210.212076927673, 7526.480558691092, -0.14, 0.964, -0.168, 192.0, 0.0, 0.0, 0.0, 0.0, 0.0, 0.0, 0.0, 0.0, 0.0, 1.741808575187604E9, 0.0, 2025-03-12 14:42:55.187
172.0, 17046.624964073297, -27715.090240846905, -42871.361121101516, -28456.519956173892, -24995.32997552514, 6318.0558464593705, -37655.849773389076, 14101.134431497389, 4494.354664606412, -13728.95553457207, -34798.38041047817, -5425.438931636683, -36765.71390220093, -19458.266432078653, -18214.883591518832, 7541.29976526496, -0.14, 0.964, -0.168, 192.0, 0.0, 0.0, 0.0, 0.0, 0.0, 0.0, 0.0, 0.0, 0.0, 1.741808575187629E9, 0.0, 2025-03-12 14:42:55.187
174.0, 17087.126325026315, -27717.99596762609, -42865.19203963185, -28414.319862642275, -24997.22987380384, 6370.090707551326, -37658.19670655688, 14104.30837921004, 4477.188524864737, -13733.962325330058, -34788.590346406745, -5403.891849981767, -36760.48359399839, -19453.729027954225, -18213.36367289587, 7533.5884134278795, -0.14, 0.964, -0.168, 192.0, 0.0, 0.0, 0.0, 0.0, 0.0, 0.0, 0.0, 0.0, 0.0, 1.741808575187644E9, 0.0, 2025-03-12 14:42:55.187
176.0, 17030.71052202112, -27719.180610082225, -42863.64976926443, -28455.514127673403, -25004.158914584987, 6325.923660507639, -37661.281247291714, 14097.55815238454, 4488.69967325922, -13721.914735068649, -34794.44650345403, -5415.335943142884, -36764.17163183351, -19455.33835355501, -18223.243143945117, 7540.360991997838, -0.14, 0.964, -0.168, 192.0, 0.0, 0.0, 0.0, 0.0, 0.0, 0.0, 0.0, 0.0, 0.0, 1.741808575187659E9, 0.0, 2025-03-12 14:42:55.187
178.0, 17075.14578999827, -27718.957092637673, -42866.91312395491, -28409.96127247349, -25001.297891294707, 6372.21412327458, -37663.35995952606, 14093.847762804959, 4487.22445812517, -13721.490051923998, -34787.00337255042, -5393.9229719547, -36757.98019861939, -19440.85442314797, -18221.36559741087, 7538.908128608243, -0.138, 0.96, -0.164, 192.0, 125.5, 88.0, 15.0, 0.0, 125.0, 112.0, 0.0, 0.0, 0.0, 1.741808575187673E9, 0.0, 2025-03-12 14:42:55.187
180.0, 17003.32963506337, -27743.67812200524, -42875.98793220377, -28470.10981680272, -25005.701184952402, 6307.282305631913, -37664.41049151546, 14081.867227776913, 4476.115641130882, -13739.371447488244, -34812.216140296005, -5425.573042103415, -36768.28435281329, -19458.98168790122, -18240.94572555372, 7519.7750353545, -0.138, 0.96, -0.164, 192.0, 0.0, 0.0, 0.0, 0.0, 0.0, 0.0, 0.0, 0.0, 0.0, 1.741808575187689E9, 0.0, 2025-03-12 14:42:55.187
182.0, 17062.606461358842, -27755.81511924447, -42870.19883038984, -28412.71053704149, -24998.570978471158, 6356.098515522303, -37657.6379129455, 14094.965350027724, 4469.946559661217, -13743.10418881228, -34804.527140203376, -5413.525451842004, -36760.573000976205, -19455.383057043917, -18230.149832981806, 7521.741988866567, -0.138, 0.96, -0.164, 192.0, 0.0, 0.0, 0.0, 0.0, 0.0, 0.0, 0.0, 0.0, 0.0, 1.741808575187707E9, 0.0, 2025-03-12 14:42:55.187
184.0, 16988.197504067124, -27737.665502746764, -42870.69056876786, -28465.505357444927, -25000.8508564056, 6303.4378055856005, -37654.799241399676, 14089.600931358449, 4472.829934695952, -13741.71838065605, -34815.144218819645, -5426.2435944370745, -36766.67502721251, -19459.160501856866, -18232.340303938425, 7525.675895890701, -0.138, 0.96, -0.164, 192.0, 0.0, 0.0, 0.0, 0.0, 0.0, 0.0, 0.0, 0.0, 0.0, 1.741808575247453E9, 0.0, 2025-03-12 14:42:55.247
186.0, 17056.81735954492, -27755.01045644408, -42865.37085358749, -28408.106077683697, -24993.31831852416, 6352.321070709357, -37652.564066954146, 14091.992568015166, 4461.966986890672, -13733.224717763034, -34797.2628232554, -5405.814100004924, -36755.0744718402, -19451.9408883978, -18221.633818344333, 7533.5884134278795, -0.138, 0.96, -0.164, 192.0, 0.0, 0.0, 0.0, 0.0, 0.0, 0.0, 0.0, 0.0, 0.0, 1.741808575247473E9, 0.0, 2025-03-12 14:42:55.247
188.0, 16981.5590359639, -27741.711168493173, -42864.18621113136, -28462.800796365835, -24995.19586505841, 6308.91398297715, -37647.13259305151, 14094.138335482876, 4463.375146791357, -13740.71255215556, -34806.13646580416, -5414.352466386851, -36764.03752136678, -19462.490911780707, -18224.98658001263, 7532.15790178274, -0.138, 0.962, -0.158, 192.0, 125.5, 88.0, 15.0, 8.0, 125.5, 8.0, 0.0, 0.0, 0.0, 1.741808575247498E9, 0.0, 2025-03-12 14:42:55.247
190.0, 17043.272202405, -27766.700418794208, -42867.80719373312, -28410.698880040512, -24997.14046682602, 6348.834198574329, -37652.83228788761, 14094.093631993966, 4465.722079959164, -13742.567746945351, -34799.766218634395, -5411.893774496767, -36758.38253001959, -19457.104141366977, -18222.393777655816, 7531.308535493438, -0.138, 0.962, -0.158, 192.0, 0.0, 0.0, 0.0, 0.0, 0.0, 0.0, 0.0, 0.0, 0.0, 1.741808575247514E9, 0.0, 2025-03-12 14:42:55.247
192.0, 16970.047887569417, -27770.947250240715, -42874.44566183635, -28461.86202309871, -25004.38243202954, 6303.013122440949, -37658.2414100458, 14081.30843416553, 4454.210931564681, -13752.62603195024, -34813.043154840845, -5416.341771643373, -36767.636152224084, -19473.286804352618, -18228.875783547854, 7525.742951124067, -0.138, 0.962, -0.158, 192.0, 0.0, 0.0, 0.0, 0.0, 0.0, 0.0, 0.0, 0.0, 0.0, 1.741808575247529E9, 0.0, 2025-03-12 14:42:55.247
194.0, 17034.353856367332, -27771.483692107642, -42862.48747855276, -28421.226551678963, -24988.98208009983, 6329.075256475837, -37644.226866272315, 14095.390033172374, 4459.21772232267, -13748.133331314724, -34809.04219258335, -5424.0754752249095, -36762.964637632926, -19463.27322283664, -18229.18870797023, 7531.912032593732, -0.138, 0.962, -0.158, 192.0, 0.0, 0.0, 0.0, 0.0, 0.0, 0.0, 0.0, 0.0, 0.0, 1.741808575247547E9, 0.0, 2025-03-12 14:42:55.247
196.0, 16960.324878731357, -27777.473959621664, -42878.64778979395, -28466.734703389968, -25003.398955273504, 6307.282305631913, -37652.51936346524, 14088.908027280335, 4446.2760622830465, -13754.548281973397, -34811.88086412917, -5419.2027949336525, -36760.05891085374, -19465.12841762643, -18225.56772536847, 7531.5320529379915, -0.138, 0.962, -0.158, 192.0, 0.0, 0.0, 0.0, 0.0, 0.0, 0.0, 0.0, 0.0, 0.0, 1.741808575247562E9, 0.0, 2025-03-12 14:42:55.247
198.0, 17012.829126456872, -27789.476846394165, -42878.96071421632, -28434.034101251855, -24998.749792426803, 6330.34930590979, -37654.95570361087, 14090.271483692108, 4439.21291103517, -13761.2985087989, -34828.622320726194, -5446.538978402493, -36766.51856500132, -19476.170179387354, -18238.88936506383, 7523.10544527834, -0.13, 0.962, -0.158, 192.0, 125.5, 120.0, 15.0, 8.0, 125.5, 8.0, 0.0, 0.0, 0.0, 1.741808575309085E9, 0.0, 2025-03-12 14:42:55.309
200.0, 16959.40845720869, -27788.91805278278, -42881.75468227323, -28468.120511546196, -25007.779897186745, 6315.194823169091, -37657.68261643441, 14083.811829544526, 4440.375201746846, -13758.325726786343, -34816.91000663162, -5428.635231093792, -36760.68475969848, -19468.883510694923, -18229.99337077062, 7524.7818261124885, -0.13, 0.962, -0.158, 192.0, 0.0, 0.0, 0.0, 0.0, 0.0, 0.0, 0.0, 0.0, 0.0, 1.741808575309107E9, 0.0, 2025-03-12 14:42:55.309
202.0, 17009.45401304412, -27780.3573346564, -42864.3203215981, -28434.59289486324, -24993.6982981799, 6322.570898839343, -37645.88089536201, 14100.486230908184, 4448.980623362139, -13752.29075578341, -34819.50280898843, -5445.9131295577445, -36755.85678289614, -19465.441342048805, -18228.22758295865, 7534.840111117377, -0.13, 0.962, -0.158, 192.0, 0.0, 0.0, 0.0, 0.0, 0.0, 0.0, 0.0, 0.0, 0.0, 1.741808575309122E9, 0.0, 2025-03-12 14:42:55.309
204.0, 16983.36952726478, -27771.103712451903, -42864.789708231656, -28452.00490379392, -24998.146295326507, 6320.469834860544, -37644.9868255838, 14101.380300686396, 4453.875655397851, -13743.283002767921, -34808.729268160976, -5411.446739607661, -36741.55166644474, -19455.13718785491, -18213.944818251708, 7539.6904396641785, -0.13, 0.962, -0.158, 192.0, 0.0, 0.0, 0.0, 0.0, 0.0, 0.0, 0.0, 0.0, 0.0, 1.741808575309147E9, 0.0, 2025-03-12 14:42:55.309
206.0, 17002.234399585057, -27774.21060493119, -42869.10359491153, -28439.420871665585, -24995.888769136523, 6326.884785519217, -37647.803145385165, 14101.98379778669, 4444.2197017931585, -13745.406418491177, -34825.157800335626, -5429.126969471809, -36749.44183223746, -19463.966126914755, -18226.037112002028, 7534.907166350743, -0.13, 0.962, -0.158, 192.0, 0.0, 0.0, 0.0, 0.0, 0.0, 0.0, 0.0, 0.0, 0.0, 1.741808575309162E9, 0.0, 2025-03-12 14:42:55.309
208.0, 16976.932224861648, -27755.993933200116, -42862.50983029721, -28444.87469731268, -24990.211426044872, 6335.803131556885, -37642.751651138264, 14106.185925744287, 4451.171094318759, -13740.041999821902, -34814.65248044163, -5400.382626102284, -36743.4739164679, -19453.147882598387, -18220.18095495474, 7534.594241928368, -0.132, 0.968, -0.158, 192.0, 125.5, 112.0, 15.0, 32.0, 125.5, 8.0, 0.0, 0.0, 0.0, 1.741808575309177E9, 0.0, 2025-03-12 14:42:55.309
210.0, 16996.35589079331, -27762.63240130334, -42853.09974588153, -28432.603589606715, -24981.18132128493, 6326.504805863477, -37630.458191687845, 14116.691245638282, 4458.904797900295, -13730.229584006023, -34809.08689607226, -5413.838376264379, -36741.95399784494, -19450.063341863555, -18214.36950139636, 7546.507721723047, -0.132, 0.968, -0.158, 192.0, 0.0, 0.0, 0.0, 0.0, 0.0, 0.0, 0.0, 0.0, 0.0, 1.741808575309197E9, 0.0, 2025-03-12 14:42:55.309
212.0, 16994.92537914817, -27754.474014577154, -42849.65757723541, -28417.739679543934, -24982.142446296508, 6356.702012622597, -37633.98976731179, 14113.003207803156, 4460.961158390183, -13727.927354327127, -34794.35709647621, -5383.3953003162505, -36728.67706163848, -19440.250926047676, -18200.779640767534, 7545.054858333452, -0.132, 0.968, -0.158, 192.0, 0.0, 0.0, 0.0, 0.0, 0.0, 0.0, 0.0, 0.0, 0.0, 1.741808575309212E9, 0.0, 2025-03-12 14:42:55.309
214.0, 16985.180018565658, -27764.465244348678, -42857.25717035022, -28434.30232218532, -24990.166722555965, 6337.434808902122, -37646.01500582874, 14103.973103043212, 4463.106925857893, -13742.366581245255, -34811.724401917985, -5417.191137932675, -36740.434079221974, -19459.339315812507, -18215.487088619124, 7537.455265218648, -0.132, 0.968, -0.158, 192.0, 0.0, 0.0, 0.0, 0.0, 0.0, 0.0, 0.0, 0.0, 0.0, 1.741808575367846E9, 0.0, 2025-03-12 14:42:55.367
216.0, 17006.749451965028, -27752.30589536499, -42859.09001339555, -28419.885447011646, -24990.122019067054, 6368.660195906186, -37642.99752032728, 14107.974065300712, 4457.876617655351, -13746.412246991666, -34801.17437853508, -5391.553687042438, -36737.64011116506, -19452.164405842355, -18211.039091472518, 7531.196776771161, -0.132, 0.968, -0.158, 192.0, 0.0, 0.0, 0.0, 0.0, 0.0, 0.0, 0.0, 0.0, 0.0, 1.741808575367864E9, 0.0, 2025-03-12 14:42:55.367
218.0, 16999.351024550324, -27740.325360336945, -42853.05504239262, -28447.199278736032, -24979.92962359543, 6324.895480262695, -37633.56508416714, 14113.517297925628, 4475.847420197418, -13736.91275559816, -34810.20448329503, -5421.527376357005, -36743.920951357, -19461.03804839111, -18211.642588572813, 7555.649585205268, -0.136, 0.966, -0.16, 192.0, 125.5, 96.0, 15.0, 24.0, 125.5, 0.0, 0.0, 0.0, 0.0, 1.741808575367879E9, 0.0, 2025-03-12 14:42:55.367
220.0, 17049.106007707836, -27738.939552180716, -42863.2697896087, -28416.733851043446, -24981.024859073743, 6367.721422639063, -37643.332796494105, 14103.436661176285, 4479.311940587991, -13736.219851520045, -34797.97807907797, -5400.293219124463, -36728.98998606086, -19452.298516309085, -18195.03524244252, 7553.615576459834, -0.136, 0.966, -0.16, 192.0, 0.0, 0.0, 0.0, 0.0, 0.0, 0.0, 0.0, 0.0, 0.0, 1.741808575367895E9, 0.0, 2025-03-12 14:42:55.367
222.0, 17030.241135387558, -27734.62566550084, -42871.11525191251, -28461.035008553867, -24991.776048156746, 6321.877994761228, -37651.647645431476, 14090.204428458743, 4483.938751690239, -13740.220813777545, -34815.52419847539, -5433.351449173862, -36742.15516354504, -19468.347068827996, -18210.301483905492, 7539.310460008438, -0.136, 0.966, -0.16, 192.0, 0.0, 0.0, 0.0, 0.0, 0.0, 0.0, 0.0, 0.0, 0.0, 1.74180857536791E9, 0.0, 2025-03-12 14:42:55.367
224.0, 17109.545124714987, -27710.57518846693, -42855.11140288251, -28416.890313254633, -24981.293080007206, 6355.7408876110185, -37643.42220347193, 14102.654350120349, 4500.344932120434, -13728.039113049403, -34790.93727957455, -5396.783995244979, -36729.72759362788, -19452.43262677582, -18194.36469010886, 7545.5018932225585, -0.136, 0.966, -0.16, 192.0, 0.0, 0.0, 0.0, 0.0, 0.0, 0.0, 0.0, 0.0, 0.0, 1.741808575367925E9, 0.0, 2025-03-12 14:42:55.367
226.0, 17096.022319319527, -27708.697641932686, -42852.94328367034, -28459.313924230806, -24982.9471090969, 6302.811956740851, -37643.77983138321, 14099.83803031898, 4529.4692551457, -13715.14215649869, -34792.74777087543, -5411.200870418653, -36722.79855284674, -19447.068208106542, -18196.465754087658, 7558.8235329179215, -0.136, 0.966, -0.16, 192.0, 0.0, 0.0, 0.0, 0.0, 0.0, 0.0, 0.0, 0.0, 0.0, 1.741808575367952E9, 0.0, 2025-03-12 14:42:55.367
228.0, 17154.650945025794, -27724.120345606847, -42866.51079255471, -28416.62209232117, -24998.66038544898, 6357.171399256158, -37661.370654269536, 14088.148067968854, 4515.0076764831165, -13727.48031943802, -34790.3114307298, -5394.839393477368, -36726.44188719295, -19457.93115591182, -18194.610559297867, 7549.547558968969, -0.132, 0.96, -0.156, 192.0, 125.5, 112.0, 15.0, 0.0, 125.5, 16.0, 0.0, 0.0, 0.0, 1.741808575428118E9, 0.0, 2025-03-12 14:42:55.428
230.0, 17108.740461914596, -27696.761810393553, -42862.08514715256, -28465.8182818673, -24998.459219748882, 6298.878049716717, -37652.85463963207, 14090.405594158841, 4527.926984778283, -13725.066331036847, -34802.98486983596, -5410.329152384896, -36736.969558831406, -19462.021525147145, -18207.954550737686, 7552.274471792516, -0.132, 0.96, -0.156, 192.0, 0.0, 0.0, 0.0, 0.0, 0.0, 0.0, 0.0, 0.0, 0.0, 1.741808575428138E9, 0.0, 2025-03-12 14:42:55.428
232.0, 17186.435125641245, -27692.358516735854, -42859.469993051294, -28410.09538294022, -24993.09480107961, 6355.293852721912, -37650.93238960891, 14097.133469239889, 4532.75496158063, -13716.19268848809, -34783.24827948192, -5388.11151839632, -36725.72663137038, -19448.208147073765, -18187.03331792752, 7559.181160829206, -0.132, 0.96, -0.156, 192.0, 0.0, 0.0, 0.0, 0.0, 0.0, 0.0, 0.0, 0.0, 0.0, 1.741808575428162E9, 0.0, 2025-03-12 14:42:55.428
234.0, 17128.544107502, -27678.32162121792, -42856.58661801656, -28468.321677246295, -24987.19394054341, 6296.9781514380165, -37644.53979069469, 14095.971178528212, 4548.110610021426, -13712.214077975044, -34789.10443652921, -5400.874364480301, -36735.695509397454, -19456.52299601114, -18196.532809321023, 7558.555311984457, -0.132, 0.96, -0.156, 192.0, 0.0, 0.0, 0.0, 0.0, 0.0, 0.0, 0.0, 0.0, 0.0, 1.741808575428177E9, 0.0, 2025-03-12 14:42:55.428
236.0, 17218.93456207926, -27662.071902998916, -42828.781047914155, -28405.62503404916, -24959.18720474091, 6325.811901785362, -37620.7798863387, 14118.479385194707, 4572.205790544247, -13696.344339411777, -34763.04230249432, -5384.892867194756, -36702.279651436766, -19436.60759170146, -18172.25881484256, 7578.7836407165105, -0.132, 0.96, -0.156, 192.0, 0.0, 0.0, 0.0, 0.0, 0.0, 0.0, 0.0, 0.0, 0.0, 1.7418085754282E9, 0.0, 2025-03-12 14:42:55.428
238.0, 17163.546939319007, -27665.826996067408, -42842.99675738773, -28450.797909593333, -24976.24158576031, 6293.781851980907, -37638.571874925125, 14103.83899257648, 4581.548819726565, -13692.94687425457, -34762.77408156086, -5377.360329313317, -36701.81026480321, -19440.9885336147, -18165.419181039237, 7579.633007005812, -0.128, 0.9580000000000001, -0.156, 192.0, 126.0, 0.0, 14.5, 120.0, 125.5, 16.0, 0.0, 0.0, 0.0, 1.741808575428215E9, 0.0, 2025-03-12 14:42:55.428
240.0, 17233.999637842135, -27666.00581002305, -42842.99675738773, -28401.48996132493, -24976.867434605057, 6344.699125850097, -37642.774002882725, 14100.866210563925, 4576.005587101649, -13704.815650560338, -34768.4067211636, -5380.221352603598, -36709.83454106266, -19452.633792475914, -18178.249082356582, 7566.825457432921, -0.128, 0.9580000000000001, -0.156, 192.0, 0.0, 0.0, 0.0, 0.0, 0.0, 0.0, 0.0, 0.0, 0.0, 1.741808575428231E9, 0.0, 2025-03-12 14:42:55.428
242.0, 17168.956061477194, -27653.868812783818, -42849.85874293551, -28444.9641042905, -24985.85283587609, 6319.709875549063, -37645.903247106464, 14096.909951795335, 4589.796613430573, -13695.360862655743, -34766.149194973616, -5370.63245423227, -36709.87924455157, -19447.179966828822, -18177.802047467478, 7575.699099981678, -0.128, 0.9580000000000001, -0.156, 192.0, 0.0, 0.0, 0.0, 0.0, 0.0, 0.0, 0.0, 0.0, 0.0, 1.741808575428247E9, 0.0, 2025-03-12 14:42:55.428
244.0, 17225.707140649218, -27668.24098446858, -42850.52929526917, -28410.363603873684, -24984.064696319663, 6355.182093999636, -37653.01110184325, 14096.351158183952, 4588.5002122521655, -13707.52021163943, -34773.055884010304, -5383.842335205357, -36714.50605565382, -19460.076923379533, -18192.88947497481, 7560.812838174444, -0.128, 0.9580000000000001, -0.156, 192.0, 0.0, 0.0, 0.0, 0.0, 0.0, 0.0, 0.0, 0.0, 0.0, 1.741808575489912E9, 0.0, 2025-03-12 14:42:55.489
246.0, 17161.602337551398, -27651.097196471357, -42853.457373792815, -28453.569525905794, -24986.031649831733, 6320.447483116089, -37650.463002975346, 14094.764184327625, 4590.355407041956, -13699.138307468691, -34775.24635496693, -5375.840410690357, -36707.44290440594, -19458.93698441231, -18197.248065143594, 7558.957643384653, -0.128, 0.9580000000000001, -0.156, 192.0, 0.0, 0.0, 0.0, 0.0, 0.0, 0.0, 0.0, 0.0, 0.0, 1.74180857548993E9, 0.0, 2025-03-12 14:42:55.489
248.0, 17213.436032943253, -27657.55685061894, -42851.915103425396, -28409.96127247349, -24976.375696227038, 6344.654422361186, -37640.22590401482, 14112.22089674722, 4589.57309598602, -13701.686406336596, -34782.39891319262, -5389.050291663443, -36714.95309054293, -19445.99532437269, -18199.304425633483, 7571.519323768535, -0.128, 0.962, -0.164, 192.0, 126.0, 0.0, 15.0, 8.0, 125.0, 112.0, 0.0, 0.0, 0.0, 1.741808575489955E9, 0.0, 2025-03-12 14:42:55.489
250.0, 17171.124180689356, -27651.94656276066, -42857.6147982615, -28435.062281496797, -24980.33195499563, 6342.083971748826, -37639.264779003235, 14114.657236892848, 4588.008473874149, -13700.56881911383, -34781.102512014215, -5376.220390346097, -36714.28253820926, -19439.356856269464, -18179.88075970182, 7586.115012897852, -0.128, 0.962, -0.164, 192.0, 0.0, 0.0, 0.0, 0.0, 0.0, 0.0, 0.0, 0.0, 0.0, 1.741808575489971E9, 0.0, 2025-03-12 14:42:55.489
252.0, 17220.342721979945, -27647.34210340287, -42848.987024901755, -28413.939882986535, -24971.03362930222, 6343.067448504859, -37641.991691826785, 14111.818565347025, 4596.256267578157, -13696.836077789794, -34785.729323116466, -5398.505079568038, -36709.72278234038, -19447.247022062187, -18184.194646381697, 7587.970207687642, -0.128, 0.962, -0.164, 192.0, 0.0, 0.0, 0.0, 0.0, 0.0, 0.0, 0.0, 0.0, 0.0, 1.741808575489986E9, 0.0, 2025-03-12 14:42:55.489
254.0, 17179.595491837918, -27645.352798146345, -42861.638112263456, -28435.039929752344, -24992.603062701593, 6343.402724671689, -37662.488241492305, 14088.438640646773, 4595.205735588758, -13698.423051646121, -34778.867337568685, -5372.577055999882, -36716.29419521024, -19450.488025008206, -18186.586283038414, 7562.69038470869, -0.128, 0.962, -0.164, 192.0, 0.0, 0.0, 0.0, 0.0, 0.0, 0.0, 0.0, 0.0, 0.0, 1.741808575490004E9, 0.0, 2025-03-12 14:42:55.490
0.0, 17213.436032943253, -27625.88442872577, -42841.67800446487, -28426.792136048334, -24975.682792148924, 6327.957669253072, -37644.74095639479, 14093.445431404762, 4607.901526439372, -13692.18691494309, -34784.0082387934, -5394.414710332717, -36713.1649509865, -19456.94767915579, -18198.209190155172, 7543.601994943857, -0.128, 0.962, -0.164, 192.0, 0.0, 0.0, 0.0, 0.0, 0.0, 0.0, 0.0, 0.0, 0.0, 1.741808575490021E9, 0.0, 2025-03-12 14:42:55.490
2.0, 17195.956968779203, -27618.351890844333, -42843.48849576575, -28427.82031629328, -24984.8470073756, 6336.585442612821, -37649.479526219315, 14082.761297555126, 4621.424331834833, -13678.351185125255, -34756.11326171318, -5354.896826135734, -36697.74224731234, -19437.009923101657, -18180.6407190133, 7543.06555307693, -0.13, 0.964, -0.16, 192.0, 125.5, 120.0, 15.0, 16.0, 125.5, 0.0, 0.0, 0.0, 0.0, 1.741808575548682E9, 0.0, 2025-03-12 14:42:55.548
4.0, 17210.530306164062, -27620.520010056498, -42836.04536486213, -28427.507391870906, -24975.638088660013, 6313.63020105722, -37645.702081406365, 14083.744774311159, 4632.913128484861, -13678.686461292084, -34766.707988584996, -5384.78110847248, -36702.480817136864, -19447.89522265139, -18190.900169718287, 7541.076247820408, -0.13, 0.964, -0.16, 192.0, 0.0, 0.0, 0.0, 0.0, 0.0, 0.0, 0.0, 0.0, 0.0, 1.741808575548702E9, 0.0, 2025-03-12 14:42:55.548
6.0, 17201.74607059313, -27612.22751286358, -42840.26984456419, -28419.170191189074, -24980.443713717905, 6341.391067670712, -37653.614598943546, 14081.30843416553, 4629.4709598387435, -13671.668013533117, -34750.23475292144, -5348.928910366168, -36698.03281999026, -19434.08184457801, -18185.915730704754, 7543.311422265938, -0.13, 0.964, -0.16, 192.0, 0.0, 0.0, 0.0, 0.0, 0.0, 0.0, 0.0, 0.0, 0.0, 1.741808575548717E9, 0.0, 2025-03-12 14:42:55.548
8.0, 17197.54394263553, -27609.50060004003, -42842.0132806317, -28435.375205919172, -24974.520501437248, 6313.384331868212, -37648.987787841295, 14088.416288902317, 4635.2824133971235, -13668.672879776106, -34766.775043818365, -5379.01435840301, -36707.0629247502, -19442.843728404492, -18198.477411088636, 7550.687497936189, -0.13, 0.964, -0.16, 192.0, 0.0, 0.0, 0.0, 0.0, 0.0, 0.0, 0.0, 0.0, 0.0, 1.741808575548732E9, 0.0, 2025-03-12 14:42:55.548
